accident_id,datetime,annee,mois,jour,heure,minute,departement,commune_insee,adresse,latitude,longitude,luminosite,agglomeration,intersection,meteo,collision,nb_vehicules,nb_usagers,nb_indemnes,nb_tues,nb_blesses_hosp,nb_blesses_legers,age_cond_1,age_cond_2,veh_type_cond_1,veh_type_cond_2,lum_code,agg_code,int_code,atm_code,col_code
201700000245,0017-07-08 13:05:00,17,7,8,13,5,20,684,8 hameau les vallées,49.89077,4.1196,Plein jour,Hors agglomération,Hors intersection,Normale,Deux véhicules - côté,,,,,,,,,,,1,1,1,1.0,3.0
201700000246,0017-07-11 16:23:00,17,7,11,16,23,20,684,,49.89602,4.1111,Plein jour,Hors agglomération,Intersection en X,Normale,Deux véhicules - côté,,,,,,,,,,,1,1,2,1.0,3.0
201700000247,0017-07-31 08:00:00,17,7,31,8,0,20,130,rue de verdun,49.87105,4.10241,Plein jour,Hors agglomération,Hors intersection,Normale,Sans collision,,,,,,,,,,,1,1,1,1.0,7.0
201700000248,0017-08-07 14:30:00,17,8,7,14,30,20,495,,49.96052,4.05437,Plein jour,En agglomération,Intersection en T,Normale,Deux véhicules - côté,,,,,,,,,,,1,2,3,1.0,3.0
201700000249,0017-08-13 03:45:00,17,8,13,3,45,20,20,HAMEAU DE BELLEVUE,,,Nuit sans éclairage public,En agglomération,Hors intersection,Temps couvert,Autre collision,,,,,,,,,,,3,2,1,8.0,6.0
201700000250,0017-10-13 17:15:00,17,10,13,17,15,20,381,place du pigeon blanc,49.95294,4.11317,Plein jour,En agglomération,Autre intersection,Normale,Trois véhicules et plus - collisions multiples,,,,,,,,,,,1,2,9,1.0,5.0
201700000251,0017-11-13 17:45:00,17,11,13,17,45,20,684,rue de la république,49.91829,4.13116,Nuit avec éclairage allumé,En agglomération,Hors intersection,Normale,Autre collision,,,,,,,,,,,5,2,1,1.0,6.0
201700000252,0017-11-22 16:00:00,17,11,22,16,0,20,381,avenue de verdun,49.9096,4.09055,Crépuscule ou aube,En agglomération,Intersection en X,Normale,Autre collision,,,,,,,,,,,2,2,2,1.0,6.0
201700000253,0017-02-03 17:00:00,17,2,3,17,0,600,169,route de Gisors,49.26407,1.75024,Plein jour,Hors agglomération,Hors intersection,Pluie légère,Deux véhicules - arrière,,,,,,,,,,,1,1,1,2.0,2.0
201700000254,0017-05-09 07:30:00,17,5,9,7,30,600,89,Intersection des CD 153,49.22262,1.88494,Plein jour,Hors agglomération,Intersection en X,Normale,Deux véhicules - frontale,,,,,,,,,,,1,1,2,1.0,1.0
201700000255,0017-07-01 16:20:00,17,7,1,16,20,600,614,1 Grande Rue,49.18554,1.83778,Plein jour,En agglomération,Hors intersection,Normale,Autre collision,,,,,,,,,,,1,2,1,1.0,6.0
201700000256,0017-08-22 11:55:00,17,8,22,11,55,600,211,D915 - rue camille pissa,49.31688,1.77451,Plein jour,En agglomération,Intersection en T,Temps éblouissant,Deux véhicules - arrière,,,,,,,,,,,1,2,3,7.0,2.0
201700000257,0017-11-09 18:30:00,17,11,9,18,30,600,420,Hérouval,49.22088,1.79852,Nuit sans éclairage public,Hors agglomération,Hors intersection,Pluie légère,Autre collision,,,,,,,,,,,3,1,1,2.0,6.0
201700000258,0017-11-03 06:15:00,17,11,3,6,15,600,90,d53,49.16719,1.88409,Crépuscule ou aube,Hors agglomération,Hors intersection,Normale,Deux véhicules - frontale,,,,,,,,,,,2,1,1,1.0,1.0
201700000259,0017-01-21 20:40:00,17,1,21,20,40,600,504,Route nationale 1,49.35259,2.17954,Nuit avec éclairage allumé,En agglomération,Hors intersection,Normale,Autre collision,,,,,,,,,,,5,2,1,1.0,6.0
201700000260,0017-01-26 18:45:00,17,1,26,18,45,600,65,,49.3233,2.22123,Nuit sans éclairage public,Hors agglomération,Intersection en X,Normale,Deux véhicules - frontale,,,,,,,,,,,3,1,2,1.0,1.0
201700000261,0017-02-04 19:20:00,17,2,4,19,20,600,462,RD 1001,49.31696,2.20268,Nuit sans éclairage public,Hors agglomération,Intersection en X,Pluie légère,Deux véhicules - côté,,,,,,,,,,,3,1,2,2.0,3.0
201700000262,0017-02-22 07:45:00,17,2,22,7,45,600,575,RD 46,49.28552,2.20763,Plein jour,Hors agglomération,Hors intersection,Normale,Trois véhicules et plus - collisions multiples,,,,,,,,,,,1,1,1,1.0,5.0
201700000263,0017-03-11 16:25:00,17,3,11,16,25,600,65,Rue des écoles,49.35183,2.22955,Plein jour,En agglomération,Intersection en T,Normale,Deux véhicules - côté,,,,,,,,,,,1,2,3,1.0,3.0
201700000264,0017-03-30 16:50:00,17,3,30,16,50,600,462,RD 1001,49.31692,2.20273,Plein jour,Hors agglomération,Hors intersection,Normale,Trois véhicules et plus - en chaîne,,,,,,,,,,,1,1,1,1.0,4.0
201700000265,0017-04-08 00:25:00,17,4,8,0,25,600,65,56 rue Robert BELLEIL,49.35147,2.225,Nuit sans éclairage public,En agglomération,Hors intersection,Normale,Autre collision,,,,,,,,,,,3,2,1,1.0,6.0
201700000266,0017-04-21 00:48:00,17,4,21,0,48,600,330,rd 125,49.28361,2.16923,Nuit sans éclairage public,Hors agglomération,Hors intersection,Normale,Autre collision,,,,,,,,,,,3,1,1,1.0,6.0
201700000267,0017-05-15 21:00:00,17,5,15,21,0,600,334,14 rue de la Grand Place,49.26921,2.23653,Crépuscule ou aube,En agglomération,Intersection en X,Normale,Autre collision,,,,,,,,,,,2,2,2,1.0,6.0
201700000268,0017-05-26 19:10:00,17,5,26,19,10,600,2,RD 1001,49.36614,2.16093,Plein jour,Hors agglomération,Autre intersection,Temps éblouissant,Deux véhicules - côté,,,,,,,,,,,1,1,9,7.0,3.0
201700000269,0017-07-18 06:30:00,17,7,18,6,30,600,462,rue de calais,49.3316,2.1994,Plein jour,En agglomération,Hors intersection,Normale,Autre collision,,,,,,,,,,,1,2,1,1.0,6.0
201700000270,0017-09-27 10:30:00,17,9,27,10,30,600,575,RUE DE LABOISSIERE - ROU,49.29459,2.18087,Plein jour,En agglomération,Hors intersection,Normale,Autre collision,,,,,,,,,,,1,2,1,1.0,6.0
201700000271,0017-10-08 20:20:00,17,10,8,20,20,600,462,Rue de PARIS,49.32159,2.20202,Nuit avec éclairage allumé,En agglomération,Hors intersection,Normale,Autre collision,,,,,,,,,,,5,2,1,1.0,6.0
201700000272,0017-11-01 09:10:00,17,11,1,9,10,600,620,D505,49.32119,2.16632,Plein jour,Hors agglomération,Hors intersection,Normale,Autre collision,,,,,,,,,,,1,1,1,1.0,6.0
201700000273,0017-11-01 17:50:00,17,11,1,17,50,600,135,ROUTE DÉPARTEMENTALE  44,49.30716,2.23834,Plein jour,Hors agglomération,Intersection en X,Normale,Deux véhicules - arrière,,,,,,,,,,,1,1,2,1.0,2.0
201700000274,0017-11-09 19:50:00,17,11,9,19,50,600,330,CD 46,49.29724,2.17365,Nuit sans éclairage public,Hors agglomération,Hors intersection,Pluie légère,Sans collision,,,,,,,,,,,3,1,1,2.0,7.0
201700000275,0017-07-14 21:20:00,17,7,14,21,20,600,134,D137,49.31816,2.43715,Crépuscule ou aube,Hors agglomération,Hors intersection,Temps éblouissant,Trois véhicules et plus - en chaîne,,,,,,,,,,,2,1,1,7.0,4.0
201700000276,0017-08-02 17:30:00,17,8,2,17,30,600,120,CD 137,49.32412,2.40103,Plein jour,Hors agglomération,Hors intersection,Normale,Deux véhicules - arrière,,,,,,,,,,,1,1,1,1.0,2.0
201700000277,0017-08-06 10:00:00,17,8,6,10,0,600,524,D 1016 PK 26,49.33387,2.43422,Plein jour,Hors agglomération,Hors intersection,Normale,Deux véhicules - arrière,,,,,,,,,,,1,1,1,1.0,2.0
201700000278,0017-09-16 19:15:00,17,9,16,19,15,600,409,RD 200,49.28714,2.47018,Crépuscule ou aube,Hors agglomération,Autre intersection,Temps couvert,Deux véhicules - côté,,,,,,,,,,,2,1,9,8.0,3.0
201700000279,0017-09-24 10:15:00,17,9,24,10,15,600,360,Avenue Louis  Aragon,49.33108,2.45674,Plein jour,En agglomération,Intersection en X,Normale,Autre collision,,,,,,,,,,,1,2,2,1.0,6.0
201700000280,0017-11-11 15:00:00,17,11,11,15,0,600,409,CD 200,49.28647,2.46877,Plein jour,Hors agglomération,Hors intersection,Pluie forte,Deux véhicules - côté,,,,,,,,,,,1,1,1,3.0,3.0
201700000281,0017-11-10 20:30:00,17,11,10,20,30,600,562,départementale 75,49.35682,2.54859,Nuit sans éclairage public,Hors agglomération,Hors intersection,Pluie légère,Autre collision,,,,,,,,,,,3,1,1,2.0,6.0
201700000282,0017-11-14 11:20:00,17,11,14,11,20,600,360,rue Victor Hugo,49.32838,2.46215,Plein jour,En agglomération,Hors intersection,Normale,Deux véhicules - arrière,,,,,,,,,,,1,2,1,1.0,2.0
201700000283,0017-05-05 08:40:00,17,5,5,8,40,600,439,Rue jean Corroyer,49.32063,2.32022,Plein jour,En agglomération,Hors intersection,Normale,Autre collision,,,,,,,,,,,1,2,1,1.0,6.0
201700000284,0017-05-20 09:05:00,17,5,20,9,5,600,116,ZAC du Bois noir,49.31342,2.33541,Plein jour,Hors agglomération,Autre intersection,Normale,Deux véhicules - côté,,,,,,,,,,,1,1,9,1.0,3.0
201700000285,0017-07-04 05:15:00,17,7,4,5,15,600,439,départementale 137,49.31651,2.29111,Crépuscule ou aube,Hors agglomération,Hors intersection,Normale,Autre collision,,,,,,,,,,,2,1,1,1.0,6.0
201700000286,0017-08-18 11:15:00,17,8,18,11,15,600,439,Rue fréderic guillaume,49.32467,2.31508,Plein jour,En agglomération,Hors intersection,Temps couvert,Sans collision,,,,,,,,,,,1,2,1,8.0,7.0
201700000287,0017-11-08 17:50:00,17,11,8,17,50,600,116,D 137,49.31584,2.36625,Nuit sans éclairage public,Hors agglomération,Autre intersection,Normale,Deux véhicules - arrière,,,,,,,,,,,3,1,9,1.0,2.0
201700000288,0017-11-16 17:55:00,17,11,16,17,55,600,439,D512E,49.32847,2.30347,Nuit sans éclairage public,Hors agglomération,Hors intersection,Normale,Deux véhicules - arrière,,,,,,,,,,,3,1,1,1.0,2.0
201700000289,0017-12-16 18:02:00,17,12,16,18,2,600,15,"Départementale 12, route",49.3206,2.32933,Nuit avec éclairage allumé,En agglomération,Giratoire,Normale,Deux véhicules - côté,,,,,,,,,,,5,2,6,1.0,3.0
201700000290,0017-01-04 18:09:00,17,1,4,18,9,600,338,D932A,49.34686,2.77671,Nuit sans éclairage public,Hors agglomération,Intersection en T,Pluie légère,Deux véhicules - frontale,,,,,,,,,,,3,1,3,2.0,1.0
201700000291,0017-01-25 08:30:00,17,1,25,8,30,600,326,RN 31,49.39829,2.73351,Crépuscule ou aube,Hors agglomération,Hors intersection,Normale,Trois véhicules et plus - collisions multiples,,,,,,,,,,,2,1,1,1.0,5.0
201700000292,0017-02-21 15:30:00,17,2,21,15,30,600,369,D13 SENS LONGUEIL SAINTE,49.34788,2.69996,Plein jour,Hors agglomération,Hors intersection,Normale,Autre collision,,,,,,,,,,,1,1,1,1.0,6.0
201700000293,0017-03-30 21:20:00,17,3,30,21,20,600,674,"50, ROUTE EUGENIE",49.39036,2.94253,Nuit avec éclairage allumé,En agglomération,Hors intersection,Normale,Deux véhicules - arrière,,,,,,,,,,,5,2,1,1.0,2.0
201700000294,0017-07-01 08:50:00,17,7,1,8,50,600,491,Route Départementale 973,49.35508,2.9741,Plein jour,Hors agglomération,Hors intersection,Pluie forte,Autre collision,,,,,,,,,,,1,1,1,3.0,6.0
201700000295,0017-09-16 16:00:00,17,9,16,16,0,600,338,862 rue Ferdinand MEUNIE,49.35934,2.78789,Plein jour,En agglomération,Intersection à plus de 4 branches,Pluie légère,Deux véhicules - côté,,,,,,,,,,,1,2,5,2.0,3.0
201700000296,0017-11-07 17:30:00,17,11,7,17,30,600,338,Rue Carnot,49.35675,2.78818,Crépuscule ou aube,En agglomération,Hors intersection,Normale,Autre collision,,,,,,,,,,,2,2,1,1.0,6.0
201700000297,0017-02-05 06:40:00,17,2,5,6,40,570,323,51 rue du Général Patton,49.40157,6.15919,Nuit avec éclairage allumé,En agglomération,Autre intersection,Normale,Deux véhicules - arrière,,,,,,,,,,,5,2,9,1.0,2.0
201700000298,0017-06-06 08:10:00,17,6,6,8,10,570,574,RD653,49.48694,6.19135,Plein jour,Hors agglomération,Intersection en Y,Pluie forte,Deux véhicules - arrière,,,,,,,,,,,1,1,4,3.0,2.0
201700000299,0017-08-05 18:45:00,17,8,5,18,45,570,214,RD62,49.44513,6.26126,Plein jour,Hors agglomération,Hors intersection,Normale,Deux véhicules - côté,,,,,,,,,,,1,1,1,1.0,3.0
201700000300,0017-08-10 10:55:00,17,8,10,10,55,570,574,RD653,49.47992,6.18947,Plein jour,Hors agglomération,Hors intersection,Normale,Trois véhicules et plus - collisions multiples,,,,,,,,,,,1,1,1,1.0,5.0
201700000301,0017-10-14 18:15:00,17,10,14,18,15,570,588,RD57,49.46561,6.23633,Plein jour,Hors agglomération,Hors intersection,Temps éblouissant,Deux véhicules - frontale,,,,,,,,,,,1,1,1,7.0,1.0
201700000302,0017-11-04 05:30:00,17,11,4,5,30,570,323,rue du général Patton,49.40053,6.16026,Nuit avec éclairage allumé,En agglomération,Hors intersection,Normale,Deux véhicules - côté,,,,,,,,,,,5,2,1,1.0,3.0
201700000303,0017-01-06 07:45:00,17,1,6,7,45,600,138,rd 1330,49.21387,2.60473,Nuit sans éclairage public,Hors agglomération,Hors intersection,Normale,Trois véhicules et plus - collisions multiples,,,,,,,,,,,3,1,1,1.0,5.0
201700000304,0017-04-20 17:00:00,17,4,20,17,0,600,612,RD 1330,49.20884,2.60854,Plein jour,Hors agglomération,Hors intersection,Normale,Sans collision,,,,,,,,,,,1,1,1,1.0,7.0
201700000305,0017-06-10 19:25:00,17,6,10,19,25,600,612,rue du Lion,49.20396,2.58041,Plein jour,En agglomération,Hors intersection,Normale,Deux véhicules - frontale,,,,,,,,,,,1,2,1,1.0,1.0
201700000306,0017-07-16 17:56:00,17,7,16,17,56,600,612,Rue Bellon,49.20565,2.58822,Plein jour,En agglomération,Hors intersection,Normale,Autre collision,,,,,,,,,,,1,2,1,1.0,6.0
201700000307,0017-07-14 23:55:00,17,7,14,23,55,600,612,rue vieille de paris,49.20212,2.5815,Nuit avec éclairage allumé,En agglomération,Intersection en X,Normale,Deux véhicules - côté,,,,,,,,,,,5,2,2,1.0,3.0
201700000308,0017-09-21 11:50:00,17,9,21,11,50,600,612,88 avenue de la Républiq,49.20501,2.58746,Plein jour,En agglomération,Hors intersection,Normale,Autre collision,,,,,,,,,,,1,2,1,1.0,6.0
201700000309,0017-11-19 13:30:00,17,11,19,13,30,600,612,Cours Thores Montmorency,49.20702,2.58881,Plein jour,En agglomération,Hors intersection,Normale,Autre collision,,,,,,,,,,,1,2,1,1.0,6.0
201700000310,0017-01-23 08:10:00,17,1,23,8,10,600,398,Route Départementale 4,49.16017,2.2753,Crépuscule ou aube,Hors agglomération,Hors intersection,Neige / grêle,Trois véhicules et plus - collisions multiples,,,,,,,,,,,2,1,1,4.0,5.0
201700000311,0017-02-24 20:45:00,17,2,24,20,45,600,212,D929,49.24151,2.30387,Nuit sans éclairage public,Hors agglomération,Hors intersection,Normale,Autre collision,,,,,,,,,,,3,1,1,1.0,6.0
201700000312,0017-03-28 16:18:00,17,3,28,16,18,600,139,rue de senlis,49.1668,2.26009,Plein jour,En agglomération,Hors intersection,Normale,Autre collision,,,,,,,,,,,1,2,1,1.0,6.0
201700000313,0017-04-29 19:30:00,17,4,29,19,30,600,517,Rue de l'Equipée,49.21637,2.23829,Plein jour,Hors agglomération,Hors intersection,Normale,Autre collision,,,,,,,,,,,1,1,1,1.0,6.0
201700000314,0017-05-20 12:21:00,17,5,20,12,21,600,139,Départementale 923,49.17957,2.2369,Plein jour,Hors agglomération,Hors intersection,Pluie légère,Deux véhicules - frontale,,,,,,,,,,,1,1,1,2.0,1.0
201700000315,0017-06-11 19:00:00,17,6,11,19,0,600,139,route de gisors,49.17669,2.22541,Plein jour,En agglomération,Hors intersection,Normale,Deux véhicules - frontale,,,,,,,,,,,1,2,1,1.0,1.0
201700000316,0017-06-25 05:30:00,17,6,25,5,30,600,60,RD 1001,49.19185,2.23314,Crépuscule ou aube,Hors agglomération,Hors intersection,Normale,Autre collision,,,,,,,,,,,2,1,1,1.0,6.0
201700000317,0017-06-24 15:10:00,17,6,24,15,10,600,450,ROUTE DÉPARTEMENTALE 92,49.22247,2.29778,Plein jour,Hors agglomération,Giratoire,Normale,Deux véhicules - côté,,,,,,,,,,,1,1,6,1.0,3.0
201700000318,0017-07-28 13:30:00,17,7,28,13,30,600,398,rue de la libération,49.17908,2.28603,Plein jour,En agglomération,Intersection en T,Temps couvert,Deux véhicules - côté,,,,,,,,,,,1,2,3,8.0,3.0
201700000319,0017-09-09 15:25:00,17,9,9,15,25,600,139,D1001,49.15639,2.24437,Plein jour,Hors agglomération,Hors intersection,Normale,Trois véhicules et plus - collisions multiples,,,,,,,,,,,1,1,1,1.0,5.0
201700000320,0017-09-18 18:38:00,17,9,18,18,38,600,450,rue de crouy,49.22357,2.29313,Plein jour,En agglomération,Intersection en T,Normale,Deux véhicules - côté,,,,,,,,,,,1,2,3,1.0,3.0
201700000321,0017-09-26 19:50:00,17,9,26,19,50,600,139,RD4E3,49.15349,2.24602,Nuit sans éclairage public,Hors agglomération,Hors intersection,Normale,Deux véhicules - frontale,,,,,,,,,,,3,1,1,1.0,1.0
201700000322,0017-09-18 16:30:00,17,9,18,16,30,600,139,d1001,49.17375,2.2314,Plein jour,Hors agglomération,Hors intersection,Normale,Trois véhicules et plus - en chaîne,,,,,,,,,,,1,1,1,1.0,4.0
201700000323,0017-10-01 09:50:00,17,10,1,9,50,600,139,Départementale 1001,49.1612,2.23653,Plein jour,Hors agglomération,Giratoire,Pluie légère,Sans collision,,,,,,,,,,,1,1,6,2.0,7.0
201700000324,0017-11-07 04:05:00,17,11,7,4,5,600,517,D1001,49.2197,2.23154,Nuit sans éclairage public,Hors agglomération,Hors intersection,Normale,Autre collision,,,,,,,,,,,3,1,1,1.0,6.0
201700000325,0017-02-19 19:15:00,17,2,19,19,15,600,589,Route de  gouvieux,49.22089,2.45457,Nuit avec éclairage allumé,En agglomération,Intersection en X,Normale,Deux véhicules - frontale,,,,,,,,,,,5,2,2,1.0,1.0
201700000326,0017-02-25 15:15:00,17,2,25,15,15,600,141,route de l'Aigle,49.18678,2.4731,Plein jour,En agglomération,Giratoire,Temps éblouissant,Autre collision,,,,,,,,,,,1,2,6,7.0,6.0
201700000327,0017-02-28 18:30:00,17,2,28,18,30,600,141,avenue du Général Lecler,49.18251,2.45842,Nuit avec éclairage allumé,En agglomération,Intersection en X,Normale,Deux véhicules - frontale,,,,,,,,,,,5,2,2,1.0,1.0
201700000328,0017-03-02 17:45:00,17,3,2,17,45,600,141,28 allée du vallois,49.20024,2.46325,Plein jour,En agglomération,Autre intersection,Normale,Autre collision,,,,,,,,,,,1,2,9,1.0,6.0
201700000329,0017-03-11 12:15:00,17,3,11,12,15,600,141,21 avenue du maréchal jo,49.19158,2.46415,Plein jour,En agglomération,Hors intersection,Normale,Autre collision,,,,,,,,,,,1,2,1,1.0,6.0
201700000330,0017-04-28 19:00:00,17,4,28,19,0,600,346,AVENUE DE LA PLAGE,49.16262,2.38714,Plein jour,En agglomération,Hors intersection,Normale,Deux véhicules - côté,,,,,,,,,,,1,2,1,1.0,3.0
201700000331,0017-05-07 03:20:00,17,5,7,3,20,600,282,RD 44,49.20622,2.46124,Nuit sans éclairage public,Hors agglomération,Giratoire,Pluie forte,Deux véhicules - frontale,,,,,,,,,,,3,1,6,3.0,1.0
201700000332,0017-06-01 08:00:00,17,6,1,8,0,600,175,RD 1330 sens SENLIS -CRE,49.24226,2.51139,Plein jour,Hors agglomération,Autre intersection,Normale,Deux véhicules - arrière,,,,,,,,,,,1,1,9,1.0,2.0
201700000333,0017-07-24 16:25:00,17,7,24,16,25,600,33,RD 138,49.1976,2.51078,Plein jour,Hors agglomération,Hors intersection,Temps couvert,Sans collision,,,,,,,,,,,1,1,1,8.0,7.0
201700000334,0017-07-03 14:45:00,17,7,3,14,45,600,282,D44,49.211,2.44454,Plein jour,Hors agglomération,Giratoire,Normale,Deux véhicules - côté,,,,,,,,,,,1,1,6,1.0,3.0
201700000335,0017-08-21 09:00:00,17,8,21,9,0,600,346,chemin du mont de po,49.16812,2.44533,Plein jour,En agglomération,Hors intersection,Normale,Deux véhicules - arrière,,,,,,,,,,,1,2,1,1.0,2.0
201700000336,0017-09-22 07:30:00,17,9,22,7,30,600,141,avenue du général lecler,49.18088,2.4573,Crépuscule ou aube,En agglomération,Intersection en T,Pluie légère,Deux véhicules - côté,,,,,,,,,,,2,2,3,2.0,3.0
201700000337,0017-11-07 10:42:00,17,11,7,10,42,600,141,69 rue du connétable,49.19435,2.47295,Plein jour,En agglomération,Hors intersection,Normale,Autre collision,,,,,,,,,,,1,2,1,1.0,6.0
201700000338,0017-11-18 17:40:00,17,11,18,17,40,600,589,rue des girondins,49.2336,2.46096,Crépuscule ou aube,Hors agglomération,Hors intersection,Normale,Autre collision,,,,,,,,,,,2,1,1,1.0,6.0
201700000339,0017-11-19 14:53:00,17,11,19,14,53,600,22,D1330,49.2355,2.53308,Plein jour,Hors agglomération,Hors intersection,Normale,Autre collision,,,,,,,,,,,1,1,1,1.0,6.0
201700000340,0017-11-22 10:05:00,17,11,22,10,5,600,346,Ruelle de la Tenure,49.15522,2.43898,Plein jour,En agglomération,Giratoire,Temps éblouissant,Autre collision,,,,,,,,,,,1,2,6,7.0,6.0
201700000341,0017-12-16 14:30:00,17,12,16,14,30,600,589,RD 44,49.2126,2.43153,Plein jour,Hors agglomération,Intersection en Y,Temps couvert,Deux véhicules - côté,,,,,,,,,,,1,1,4,8.0,3.0
201700000342,0017-12-30 16:30:00,17,12,30,16,30,600,589,RD 44,49.21165,2.43362,Plein jour,Hors agglomération,Hors intersection,Normale,Trois véhicules et plus - collisions multiples,,,,,,,,,,,1,1,1,1.0,5.0
201700000343,0017-02-05 22:09:00,17,2,5,22,9,600,341,Route départementale D9E,49.08528,2.76307,Nuit sans éclairage public,Hors agglomération,Hors intersection,Pluie légère,Sans collision,,,,,,,,,,,3,1,1,2.0,7.0
201700000344,0017-03-01 14:00:00,17,3,1,14,0,600,489,Route nationale 2,49.15878,2.84904,Plein jour,Hors agglomération,Hors intersection,Pluie légère,Trois véhicules et plus - collisions multiples,,,,,,,,,,,1,1,1,2.0,5.0
201700000345,0017-03-05 13:30:00,17,3,5,13,30,600,87,,49.16798,2.65776,Plein jour,Hors agglomération,Hors intersection,Pluie forte,Autre collision,,,,,,,,,,,1,1,1,3.0,6.0
201700000346,0017-03-05 15:00:00,17,3,5,15,0,600,79,Route Nationale 02,49.16524,2.85995,Plein jour,Hors agglomération,Hors intersection,Pluie forte,Trois véhicules et plus - collisions multiples,,,,,,,,,,,1,1,1,3.0,5.0
201700000347,0017-03-24 09:30:00,17,3,24,9,30,600,500,route  nationale 330,49.09269,2.74904,Plein jour,Hors agglomération,Hors intersection,Temps couvert,Deux véhicules - côté,,,,,,,,,,,1,1,1,8.0,3.0
201700000348,0017-04-12 16:10:00,17,4,12,16,10,600,79,5 Rue Jean Charron,49.16246,2.87396,Plein jour,En agglomération,Autre intersection,Normale,Deux véhicules - côté,,,,,,,,,,,1,2,9,1.0,3.0
201700000349,0017-04-22 10:00:00,17,4,22,10,0,600,489,"RN02, PK 13+75",49.15752,2.84636,Plein jour,Hors agglomération,Hors intersection,Normale,Trois véhicules et plus - collisions multiples,,,,,,,,,,,1,1,1,1.0,5.0
201700000350,0017-06-11 10:31:00,17,6,11,10,31,600,87,RD 134,49.18918,2.67183,Plein jour,Hors agglomération,Hors intersection,Normale,Sans collision,,,,,,,,,,,1,1,1,1.0,7.0
201700000351,0017-06-20 17:15:00,17,6,20,17,15,600,671,route de senlis,49.15867,2.76016,Plein jour,En agglomération,Hors intersection,Normale,Autre collision,,,,,,,,,,,1,2,1,1.0,6.0
201700000352,0017-07-26 19:15:00,17,7,26,19,15,600,341,D9E,49.0811,2.7731,Plein jour,En agglomération,Hors intersection,Pluie légère,Deux véhicules - côté,,,,,,,,,,,1,2,1,2.0,3.0
201700000353,0017-09-11 22:20:00,17,9,11,22,20,600,446,ROUTE NATIONALE 2,49.15223,2.83468,Nuit sans éclairage public,Hors agglomération,Hors intersection,Pluie légère,Deux véhicules - frontale,,,,,,,,,,,3,1,1,2.0,1.0
201700000354,0017-09-21 10:05:00,17,9,21,10,5,600,341,RN 330,49.08475,2.75723,Plein jour,Hors agglomération,Giratoire,Normale,Deux véhicules - côté,,,,,,,,,,,1,1,6,1.0,3.0
201700000355,0017-09-24 04:50:00,17,9,24,4,50,600,500,"13, avenue de la républi",49.10174,2.75882,Nuit avec éclairage allumé,En agglomération,Hors intersection,Normale,Autre collision,,,,,,,,,,,5,2,1,1.0,6.0
201700000356,0017-09-24 18:25:00,17,9,24,18,25,600,341,rue de Mareuil Intersect,49.08486,2.75711,Plein jour,Hors agglomération,Intersection en X,Normale,Deux véhicules - côté,,,,,,,,,,,1,1,2,1.0,3.0
201700000357,0017-11-22 17:40:00,17,11,22,17,40,600,241,Carrefour des  espionnes,49.14261,2.65265,Crépuscule ou aube,Hors agglomération,Intersection en X,Normale,Deux véhicules - côté,,,,,,,,,,,2,1,2,1.0,3.0
201700000358,0017-01-18 13:45:00,17,1,18,13,45,760,69,"110, RTE DE PARIS",49.3614,1.13005,Plein jour,En agglomération,Hors intersection,Normale,Trois véhicules et plus - collisions multiples,,,,,,,,,,,1,2,1,1.0,5.0
201700000359,0017-01-23 07:30:00,17,1,23,7,30,760,475,694 route de paris,49.39696,1.17995,Nuit avec éclairage allumé,En agglomération,Hors intersection,Normale,Trois véhicules et plus - en chaîne,,,,,,,,,,,5,2,1,1.0,4.0
201700000360,0017-05-14 07:00:00,17,5,14,7,0,760,69,68 route de paris - hame,49.36891,1.12881,Plein jour,En agglomération,Hors intersection,Normale,Deux véhicules - frontale,,,,,,,,,,,1,2,1,1.0,1.0
201700000361,0017-07-01 11:00:00,17,7,1,11,0,760,313,D 6015,49.3507,1.14495,Plein jour,Hors agglomération,Intersection en T,Pluie forte,Deux véhicules - frontale,,,,,,,,,,,1,1,3,3.0,1.0
201700000362,0017-07-06 07:15:00,17,7,6,7,15,760,464,intersection RD 13 RD 60,49.3851,1.25373,Plein jour,Hors agglomération,Intersection en X,Normale,Deux véhicules - côté,,,,,,,,,,,1,1,2,1.0,3.0
201700000363,0017-09-23 05:00:00,17,9,23,5,0,760,69,route de Paris,49.36852,1.12905,Nuit sans éclairage public,En agglomération,Hors intersection,Normale,Deux véhicules - frontale,,,,,,,,,,,3,2,1,1.0,1.0
201700000364,0017-10-06 17:30:00,17,10,6,17,30,760,313,258 route de paris,49.35393,1.12984,Plein jour,Hors agglomération,Hors intersection,Normale,Deux véhicules - côté,,,,,,,,,,,1,1,1,1.0,3.0