accident_id,datetime,annee,mois,jour,heure,minute,departement,commune_insee,adresse,latitude,longitude,luminosite,agglomeration,intersection,meteo,collision,nb_vehicules,nb_usagers,nb_indemnes,nb_tues,nb_blesses_hosp,nb_blesses_legers,age_cond_1,age_cond_2,veh_type_cond_1,veh_type_cond_2,lum_code,agg_code,int_code,atm_code,col_code
201700000487,0017-03-08 13:50:00,17,3,8,13,50,350,240,RD288 la barberais,48.10268,-1.78271,Plein jour,Hors agglomération,Hors intersection,Normale,Deux véhicules - frontale,,,,,,,,,,,1,1,1,1.0,1.0
201700000488,0017-03-10 16:35:00,17,3,10,16,35,350,76,RD 34,48.0594,-1.78831,Plein jour,Hors agglomération,Intersection en X,Normale,Deux véhicules - côté,,,,,,,,,,,1,1,2,1.0,3.0
201700000489,0017-04-29 23:45:00,17,4,29,23,45,350,240,"RN 24, le Plessis Saucou",48.10463,-1.74968,Nuit sans éclairage public,Hors agglomération,Hors intersection,Normale,Autre collision,,,,,,,,,,,3,1,1,1.0,6.0
201700000490,0017-05-27 19:50:00,17,5,27,19,50,350,196,D34,48.07558,-1.85514,Plein jour,En agglomération,Giratoire,Normale,Deux véhicules - côté,,,,,,,,,,,1,2,6,1.0,3.0
201700000491,0017-08-27 16:25:00,17,8,27,16,25,350,76,Les Evignés,48.0628,-1.78007,Plein jour,Hors agglomération,Hors intersection,Normale,Deux véhicules - côté,,,,,,,,,,,1,1,1,1.0,3.0
201700000492,0017-11-21 18:36:00,17,11,21,18,36,350,240,le plessis saucourt,48.10247,-1.75275,Nuit sans éclairage public,Hors agglomération,Hors intersection,Normale,Deux véhicules - arrière,,,,,,,,,,,3,1,1,1.0,2.0
201700000493,0017-12-19 08:20:00,17,12,19,8,20,350,76,Rue de la Croix Verte,48.05462,-1.79022,Plein jour,En agglomération,Intersection en T,Brouillard / fumée,Autre collision,,,,,,,,,,,1,2,3,5.0,6.0
201700000494,0017-02-08 05:00:00,17,2,8,5,0,350,326,avenue bertrand duguescl,48.33666,-1.54023,Nuit avec éclairage non allumé,En agglomération,Hors intersection,Pluie légère,Autre collision,,,,,,,,,,,4,2,1,2.0,6.0
201700000495,0017-08-30 13:15:00,17,8,30,13,15,350,355,Lieu dit le Gd Coudray,48.3277,-1.51465,Plein jour,Hors agglomération,Hors intersection,Pluie légère,Autre collision,,,,,,,,,,,1,1,1,2.0,6.0
201700000496,0017-09-03 14:00:00,17,9,3,14,0,350,261,la haute haye,48.33999,-1.45943,Plein jour,Hors agglomération,Hors intersection,Pluie légère,Deux véhicules - côté,,,,,,,,,,,1,1,1,2.0,3.0
201700000497,0017-01-08 02:50:00,17,1,8,2,50,350,236,Rue jean Vinouze,47.67264,-2.05939,Nuit sans éclairage public,En agglomération,Hors intersection,Pluie légère,Sans collision,,,,,,,,,,,3,2,1,2.0,7.0
201700000498,0017-04-06 17:20:00,17,4,6,17,20,350,236,quai surcouf,46.33979,2.59793,Plein jour,En agglomération,Intersection en X,Normale,Trois véhicules et plus - collisions multiples,,,,,,,,,,,1,2,2,1.0,5.0
201700000499,0017-07-06 22:30:00,17,7,6,22,30,350,285,RD177 la basse lande,47.75719,-1.94224,Nuit sans éclairage public,Hors agglomération,Hors intersection,Normale,Deux véhicules - côté,,,,,,,,,,,3,1,1,1.0,3.0
201700000500,0017-10-30 11:00:00,17,10,30,11,0,350,13,lieu dit Benette D873,47.72425,-2.10242,Plein jour,Hors agglomération,Hors intersection,Normale,Deux véhicules - arrière,,,,,,,,,,,1,1,1,1.0,2.0
201700000501,0017-12-15 19:45:00,17,12,15,19,45,350,236,rue lucien poulard,47.65026,-2.09069,Nuit avec éclairage allumé,En agglomération,Intersection en T,Normale,Deux véhicules - côté,,,,,,,,,,,5,2,3,1.0,3.0
201700000502,0017-01-01 02:15:00,17,1,1,2,15,350,126,"lieu-dit ""la Morinais""",47.98688,-1.77137,Nuit sans éclairage public,Hors agglomération,Hors intersection,Brouillard / fumée,Autre collision,,,,,,,,,,,3,1,1,5.0,6.0
201700000503,0017-02-27 18:40:00,17,2,27,18,40,350,139,CD 41 - Villiers,47.97487,-1.70236,Nuit sans éclairage public,Hors agglomération,Hors intersection,Pluie légère,Autre collision,,,,,,,,,,,3,1,1,2.0,6.0
201700000504,0017-05-30 19:55:00,17,5,30,19,55,350,123,LIEU DIT LA GREE,48.01142,-1.7914,Plein jour,Hors agglomération,Hors intersection,Normale,Autre collision,,,,,,,,,,,1,1,1,1.0,6.0
201700000505,0017-06-03 09:30:00,17,6,3,9,30,350,126,80 rue de redon,48.00192,-1.77531,Plein jour,En agglomération,Intersection en T,Normale,Autre collision,,,,,,,,,,,1,2,3,1.0,6.0
201700000506,0017-07-06 16:35:00,17,7,6,16,35,350,126,LA MENEHAIS,47.96825,-1.82276,Plein jour,Hors agglomération,Intersection en X,Normale,Deux véhicules - côté,,,,,,,,,,,1,1,2,1.0,3.0
201700000507,0017-07-06 20:35:00,17,7,6,20,35,350,126,LE BOEL,47.99145,-1.75843,Plein jour,Hors agglomération,Hors intersection,Normale,Sans collision,,,,,,,,,,,1,1,1,1.0,7.0
201700000508,0017-07-09 19:40:00,17,7,9,19,40,350,126,le Verger,47.99062,-1.77989,Plein jour,Hors agglomération,Hors intersection,Normale,Sans collision,,,,,,,,,,,1,1,1,1.0,7.0
201700000509,0017-08-16 20:15:00,17,8,16,20,15,350,126,route de Louvain - Pont,47.9958,-1.77721,Plein jour,Hors agglomération,Hors intersection,Normale,Deux véhicules - côté,,,,,,,,,,,1,1,1,1.0,3.0
201700000510,0017-08-21 07:15:00,17,8,21,7,15,350,126,KERMARIA,47.95095,-1.79121,Plein jour,Hors agglomération,Hors intersection,Normale,Autre collision,,,,,,,,,,,1,1,1,1.0,6.0
201700000511,0017-10-15 19:40:00,17,10,15,19,40,350,123,LE BOIS MARTIN,48.01229,-1.83684,Nuit sans éclairage public,Hors agglomération,Intersection en T,Normale,Sans collision,,,,,,,,,,,3,1,3,1.0,7.0
201700000512,0017-10-26 14:45:00,17,10,26,14,45,350,126,rue de fagues,47.95767,-1.79221,Plein jour,Hors agglomération,Intersection en X,Brouillard / fumée,Deux véhicules - côté,,,,,,,,,,,1,1,2,5.0,3.0
201700000513,0017-11-23 19:10:00,17,11,23,19,10,350,123,lieu dit Bolac,48.03269,-1.81114,Nuit sans éclairage public,Hors agglomération,Intersection en X,Pluie forte,Trois véhicules et plus - collisions multiples,,,,,,,,,,,3,1,2,3.0,5.0
201700000514,0017-12-21 19:30:00,17,12,21,19,30,350,312,La noe,47.92288,-1.7983,Nuit sans éclairage public,Hors agglomération,Hors intersection,Normale,Autre collision,,,,,,,,,,,3,1,1,1.0,6.0
201700000515,0017-11-29 15:00:00,17,11,29,15,0,350,127,Rond point entre la D62,47.9233,-1.86426,Plein jour,En agglomération,Giratoire,Neige / grêle,Deux véhicules - côté,,,,,,,,,,,1,2,6,4.0,3.0
201700000516,0017-03-25 18:35:00,17,3,25,18,35,350,228,Lieu-dit Cuplé,48.59622,-2.09498,Plein jour,Hors agglomération,Intersection en T,Normale,Deux véhicules - côté,,,,,,,,,,,1,1,3,1.0,3.0
201700000517,0017-07-07 21:10:00,17,7,7,21,10,350,287,RD 503  - LA RABINE -  I,48.61883,-2.10616,Plein jour,Hors agglomération,Intersection en X,Normale,Deux véhicules - côté,,,,,,,,,,,1,1,2,1.0,3.0
201700000518,0017-08-06 17:20:00,17,8,6,17,20,350,256,Boulevard du BECHAY,48.62565,-2.14023,Plein jour,En agglomération,Hors intersection,Normale,Sans collision,,,,,,,,,,,1,2,1,1.0,7.0
201700000519,0017-09-29 20:35:00,17,9,29,20,35,350,228,69 rue de Dinard,48.58282,-2.05817,Nuit avec éclairage allumé,En agglomération,Intersection en X,Pluie légère,Deux véhicules - frontale,,,,,,,,,,,5,2,2,2.0,1.0
201700000520,0017-10-30 18:20:00,17,10,30,18,20,350,287,intersection D168-D503,48.5962,-2.095,Nuit sans éclairage public,Hors agglomération,Intersection en T,Normale,Deux véhicules - côté,,,,,,,,,,,3,1,3,1.0,3.0
201700000521,0017-11-26 18:35:00,17,11,26,18,35,350,228,D 266,48.57169,-2.0699,Nuit sans éclairage public,Hors agglomération,Hors intersection,Pluie légère,Deux véhicules - frontale,,,,,,,,,,,3,1,1,2.0,1.0
201700000522,0017-01-24 17:30:00,17,1,24,17,30,350,2,La CLARLAIS,48.01801,-1.50643,Plein jour,Hors agglomération,Intersection en X,Normale,Deux véhicules - côté,,,,,,,,,,,1,1,2,1.0,3.0
201700000523,0017-03-22 11:40:00,17,3,22,11,40,350,220,La Mancelière D463/ D105,48.03297,-1.42663,Plein jour,Hors agglomération,Intersection en X,Normale,Deux véhicules - côté,,,,,,,,,,,1,1,2,1.0,3.0
201700000524,0017-05-17 09:00:00,17,5,17,9,0,350,333,le boulai,47.91171,-1.4466,Plein jour,Hors agglomération,Hors intersection,Normale,Autre collision,,,,,,,,,,,1,1,1,1.0,6.0
201700000525,0017-05-25 08:55:00,17,5,25,8,55,350,136,7 rue de la Paix,47.95873,-1.49779,Plein jour,En agglomération,Autre intersection,Normale,Autre collision,,,,,,,,,,,1,2,9,1.0,6.0
201700000526,0017-06-07 12:40:00,17,6,7,12,40,350,136,le pilier du milieu,47.94623,-1.51883,Plein jour,Hors agglomération,Hors intersection,Normale,Deux véhicules - arrière,,,,,,,,,,,1,1,1,1.0,2.0
201700000527,0017-06-29 08:45:00,17,6,29,8,45,350,136,Rue André de Villoutreys,47.96084,-1.50096,Plein jour,En agglomération,Intersection en T,Normale,Autre collision,,,,,,,,,,,1,2,3,1.0,6.0
201700000528,0017-08-10 00:50:00,17,8,10,0,50,350,220,Les Mottes,48.01949,-1.45799,Nuit sans éclairage public,Hors agglomération,Hors intersection,Pluie légère,Autre collision,,,,,,,,,,,3,1,1,2.0,6.0
201700000529,0017-09-02 16:00:00,17,9,2,16,0,350,335,rue jean-marie Hanet,47.85653,-1.47871,Plein jour,En agglomération,Intersection en Y,Normale,Deux véhicules - frontale,,,,,,,,,,,1,2,4,1.0,1.0
201700000530,0017-09-24 14:30:00,17,9,24,14,30,350,41,VOIE DE LA LIBERTE,47.94863,-1.56705,Plein jour,Hors agglomération,Intersection en X,Normale,Sans collision,,,,,,,,,,,1,1,2,1.0,7.0
201700000531,0017-10-28 16:45:00,17,10,28,16,45,350,108,La pillière,47.96176,-1.45517,Plein jour,Hors agglomération,Hors intersection,Normale,Deux véhicules - frontale,,,,,,,,,,,1,1,1,1.0,1.0
201700000532,0017-02-08 04:25:00,17,2,8,4,25,220,93,D14 LE PONT BILY,48.44477,-2.51092,Nuit sans éclairage public,Hors agglomération,Hors intersection,Normale,Deux véhicules - frontale,,,,,,,,,,,3,1,1,1.0,1.0
201700000533,0017-03-07 14:00:00,17,3,7,14,0,220,93,RUE DU VAL,48.46922,-2.51412,Plein jour,En agglomération,Hors intersection,Pluie légère,Autre collision,,,,,,,,,,,1,2,1,2.0,6.0
201700000534,0017-04-28 11:20:00,17,4,28,11,20,220,2,14 rue de la croix toubl,48.48781,-2.56045,Plein jour,En agglomération,Hors intersection,Normale,Sans collision,,,,,,,,,,,1,2,1,1.0,7.0
201700000535,0017-04-30 16:20:00,17,4,30,16,20,220,93,Le Jasmin,48.44687,-2.54934,Plein jour,Hors agglomération,Hors intersection,Temps couvert,Autre collision,,,,,,,,,,,1,1,1,8.0,6.0
201700000536,0017-05-15 13:35:00,17,5,15,13,35,220,93,Rue Mouexigné,48.45954,-2.514,Plein jour,En agglomération,Intersection en T,Normale,Deux véhicules - arrière,,,,,,,,,,,1,2,3,1.0,2.0
201700000537,0017-05-24 13:15:00,17,5,24,13,15,220,93,La ville es lan,48.4676,-2.54801,Plein jour,Hors agglomération,Hors intersection,Normale,Deux véhicules - arrière,,,,,,,,,,,1,1,1,1.0,2.0
201700000538,0017-07-11 17:00:00,17,7,11,17,0,220,93,Lieu dit kerdelec- Marou,48.43414,-2.5101,Plein jour,Hors agglomération,Hors intersection,Normale,Trois véhicules et plus - collisions multiples,,,,,,,,,,,1,1,1,1.0,5.0
201700000539,0017-07-27 08:45:00,17,7,27,8,45,220,246,rue Jamet,48.4776,-2.60427,Plein jour,Hors agglomération,Intersection en X,Normale,Deux véhicules - côté,,,,,,,,,,,1,1,2,1.0,3.0
201700000540,0017-08-06 16:20:00,17,8,6,16,20,220,93,"Rue Becquerel, Parc d Ac",48.45522,-2.50661,Plein jour,Hors agglomération,Hors intersection,Normale,Autre collision,,,,,,,,,,,1,1,1,1.0,6.0
201700000541,0017-10-09 14:20:00,17,10,9,14,20,220,98,"Lieu dit St Maudez, CD 7",48.42339,-2.56773,Plein jour,Hors agglomération,Hors intersection,Normale,Deux véhicules - côté,,,,,,,,,,,1,1,1,1.0,3.0
201700000542,0017-12-05 17:45:00,17,12,5,17,45,220,93,6 avenue Georges Clémenc,48.46466,-2.50609,Crépuscule ou aube,En agglomération,Hors intersection,Normale,Autre collision,,,,,,,,,,,2,2,1,1.0,6.0
201700000543,0017-03-04 10:50:00,17,3,4,10,50,220,136,Rue Bigrel,48.17648,-2.75746,Plein jour,En agglomération,Intersection en T,Temps éblouissant,Autre collision,,,,,,,,,,,1,2,3,7.0,6.0
201700000544,0017-04-26 13:15:00,17,4,26,13,15,220,136,la ville basse,48.17835,-2.77858,Plein jour,Hors agglomération,Intersection en X,Normale,Deux véhicules - côté,,,,,,,,,,,1,1,2,1.0,3.0
201700000545,0017-05-09 12:00:00,17,5,9,12,0,220,260,RD35 Lieu-dit Kergouilla,48.2324,-2.90771,Plein jour,Hors agglomération,Hors intersection,Normale,Deux véhicules - frontale,,,,,,,,,,,1,1,1,1.0,1.0
201700000546,0017-05-19 14:25:00,17,5,19,14,25,220,300,"Lieu dit Le Tourlanquin,",48.26822,-2.79079,Plein jour,Hors agglomération,Intersection en X,Neige / grêle,Deux véhicules - côté,,,,,,,,,,,1,1,2,4.0,3.0
201700000547,0017-06-05 23:00:00,17,6,5,23,0,220,136,Boulevard des Priteaux,48.17833,-2.74822,Nuit sans éclairage public,En agglomération,Intersection en X,Pluie forte,Deux véhicules - côté,,,,,,,,,,,3,2,2,3.0,3.0
201700000548,0017-06-07 22:00:00,17,6,7,22,0,220,136,boulevard de oenthièvre,48.18334,-2.75684,Crépuscule ou aube,En agglomération,Hors intersection,Normale,Deux véhicules - arrière,,,,,,,,,,,2,2,1,1.0,2.0
201700000549,0017-09-15 06:15:00,17,9,15,6,15,220,75,Les trois fontaines,48.14579,-2.85172,Nuit sans éclairage public,Hors agglomération,Hors intersection,Brouillard / fumée,Autre collision,,,,,,,,,,,3,1,1,5.0,6.0
201700000550,0017-01-21 16:40:00,17,1,21,16,40,220,233,"lieu dit ""le ruclé""",48.74604,-3.05833,Plein jour,Hors agglomération,Hors intersection,Autre,Autre collision,,,,,,,,,,,1,1,1,9.0,6.0
201700000551,0017-04-08 21:00:00,17,4,8,21,0,220,109,Le Gerbet,48.71749,-2.96497,Nuit sans éclairage public,Hors agglomération,Hors intersection,Normale,Sans collision,,,,,,,,,,,3,1,1,1.0,7.0
201700000552,0017-06-07 08:00:00,17,6,7,8,0,220,162,rue Gabriel Lebraz,48.77914,-3.06125,Crépuscule ou aube,En agglomération,Hors intersection,Pluie légère,Sans collision,,,,,,,,,,,2,2,1,2.0,7.0
201700000553,0017-08-06 16:00:00,17,8,6,16,0,220,162,rue commandant le connia,48.77379,-3.03121,Plein jour,En agglomération,Intersection en X,Normale,Deux véhicules - côté,,,,,,,,,,,1,2,2,1.0,3.0
201700000554,0017-09-23 06:55:00,17,9,23,6,55,220,162,rue Maurice NOGUES,48.77971,-3.05444,Nuit avec éclairage allumé,En agglomération,Hors intersection,Normale,Autre collision,,,,,,,,,,,5,2,1,1.0,6.0
201700000555,0017-10-26 15:15:00,17,10,26,15,15,220,233,cote du HOUEL,48.71561,-3.0856,Plein jour,Hors agglomération,Hors intersection,Normale,Deux véhicules - frontale,,,,,,,,,,,1,1,1,1.0,1.0
201700000556,0017-11-15 18:00:00,17,11,15,18,0,220,162,Avenue du Général DeGaul,48.77723,-3.04656,Nuit avec éclairage allumé,En agglomération,Hors intersection,Normale,Autre collision,,,,,,,,,,,5,2,1,1.0,6.0
201700000557,0017-12-02 21:10:00,17,12,2,21,10,220,233,route de frinaudour,48.73184,-3.1191,Nuit sans éclairage public,Hors agglomération,Hors intersection,Temps couvert,Autre collision,,,,,,,,,,,3,1,1,8.0,6.0
201700000558,0017-02-24 18:15:00,17,2,24,18,15,220,173,lieu-dit Mare Boudard,48.54529,-2.58149,Crépuscule ou aube,Hors agglomération,Intersection en X,Normale,Deux véhicules - côté,,,,,,,,,,,2,1,2,1.0,3.0
201700000559,0017-03-16 08:15:00,17,3,16,8,15,220,389,rue d'armorique,48.4782,-2.66741,Plein jour,En agglomération,Intersection en T,Brouillard / fumée,Trois véhicules et plus - en chaîne,,,,,,,,,,,1,2,3,5.0,4.0
201700000560,0017-03-16 12:30:00,17,3,16,12,30,220,54,rue de lormé,48.64808,-2.43102,Plein jour,Hors agglomération,Hors intersection,Brouillard / fumée,Autre collision,,,,,,,,,,,1,1,1,5.0,6.0
201700000561,0017-05-23 14:45:00,17,5,23,14,45,220,54,la moinerie,48.59802,-2.47166,Plein jour,Hors agglomération,Intersection en T,Normale,Deux véhicules - côté,,,,,,,,,,,1,1,3,1.0,3.0
201700000562,0017-05-25 18:30:00,17,5,25,18,30,220,186,D 786 l'hotel des landes,48.58188,-2.4993,Plein jour,Hors agglomération,Hors intersection,Normale,Deux véhicules - arrière,,,,,,,,,,,1,1,1,1.0,2.0
201700000563,0017-05-28 02:10:00,17,5,28,2,10,220,154,le pont rolland,48.52056,-2.61516,Nuit sans éclairage public,Hors agglomération,Hors intersection,Normale,Sans collision,,,,,,,,,,,3,1,1,1.0,7.0
201700000564,0017-06-26 17:45:00,17,6,26,17,45,220,54,RD 786,48.62011,-2.44262,Plein jour,Hors agglomération,Hors intersection,Temps éblouissant,Deux véhicules - frontale,,,,,,,,,,,1,1,1,7.0,1.0
201700000565,0017-07-05 00:15:00,17,7,5,0,15,220,186,rue du parc,48.5892,-2.55383,Nuit avec éclairage allumé,En agglomération,Hors intersection,Normale,Deux véhicules - frontale,,,,,,,,,,,5,2,1,1.0,1.0
201700000566,0017-07-12 10:10:00,17,7,12,10,10,220,173,le beau moelan,48.52268,-2.58935,Plein jour,Hors agglomération,Hors intersection,Pluie légère,Deux véhicules - frontale,,,,,,,,,,,1,1,1,2.0,1.0
201700000567,0017-07-12 18:41:00,17,7,12,18,41,220,186,rue du Cloitre,48.57898,-2.53421,Plein jour,En agglomération,Hors intersection,Normale,Sans collision,,,,,,,,,,,1,2,1,1.0,7.0
201700000568,0017-07-23 09:20:00,17,7,23,9,20,220,81,bon abri,48.52374,-2.65627,Plein jour,Hors agglomération,Intersection en T,Normale,Deux véhicules - côté,,,,,,,,,,,1,1,3,1.0,3.0
201700000569,0017-08-10 17:10:00,17,8,10,17,10,220,242,D786,48.61892,-2.42488,Plein jour,Hors agglomération,Hors intersection,Normale,Trois véhicules et plus - en chaîne,,,,,,,,,,,1,1,1,1.0,4.0
201700000570,0017-08-29 21:00:00,17,8,29,21,0,220,54,lieu dit pellouare,48.60579,-2.44984,Crépuscule ou aube,Hors agglomération,Hors intersection,Normale,Sans collision,,,,,,,,,,,2,1,1,1.0,7.0
201700000571,0017-11-05 17:40:00,17,11,5,17,40,220,273,"""beausoleil"" - D 786",48.55436,-2.53849,Crépuscule ou aube,Hors agglomération,Hors intersection,Temps couvert,Autre collision,,,,,,,,,,,2,1,1,8.0,6.0
201700000572,0017-11-18 15:35:00,17,11,18,15,35,220,389,rue louis guilloux,48.47808,-2.68315,Plein jour,Hors agglomération,Hors intersection,Normale,Sans collision,,,,,,,,,,,1,1,1,1.0,7.0
201700000573,0017-01-04 14:10:00,17,1,4,14,10,220,171,c36,48.42266,-2.82042,Plein jour,Hors agglomération,Hors intersection,Normale,Trois véhicules et plus - en chaîne,,,,,,,,,,,1,1,1,1.0,4.0
201700000574,0017-01-14 15:35:00,17,1,14,15,35,220,144,RUE DE LA BASSE VILLE,48.49804,-2.8375,Plein jour,En agglomération,Intersection en X,Normale,Deux véhicules - côté,,,,,,,,,,,1,2,2,1.0,3.0
201700000575,0017-03-10 23:45:00,17,3,10,23,45,220,176,Rue de la Ville Neuve,48.43921,-2.74712,Nuit sans éclairage public,En agglomération,Hors intersection,Normale,Autre collision,,,,,,,,,,,3,2,1,1.0,6.0
201700000576,0017-05-23 23:05:00,17,5,23,23,5,220,176,Rue des lilas,48.44915,-2.75126,Nuit avec éclairage non allumé,En agglomération,Hors intersection,Normale,Deux véhicules - frontale,,,,,,,,,,,4,2,1,1.0,1.0
201700000577,0017-06-23 18:30:00,17,6,23,18,30,220,171,Lieu dit Le Rillan,48.41625,-2.84364,Plein jour,Hors agglomération,Hors intersection,Normale,Trois véhicules et plus - collisions multiples,,,,,,,,,,,1,1,1,1.0,5.0
201700000578,0017-09-09 19:00:00,17,9,9,19,0,220,171,rue de sébastopol,48.40691,-2.82297,Plein jour,Hors agglomération,Intersection en T,Temps éblouissant,Deux véhicules - côté,,,,,,,,,,,1,1,3,7.0,3.0
201700000579,0017-10-28 09:20:00,17,10,28,9,20,220,171,la secouette,48.40132,-2.79053,Crépuscule ou aube,Hors agglomération,Intersection en T,Temps éblouissant,Deux véhicules - frontale,,,,,,,,,,,2,1,3,7.0,1.0
201700000580,0017-11-11 00:30:00,17,11,11,0,30,220,307,"D10 ""RUE DU CAMP DE PERA",48.45489,-2.80294,Nuit sans éclairage public,Hors agglomération,Hors intersection,Normale,Deux véhicules - frontale,,,,,,,,,,,3,1,1,1.0,1.0
201700000581,0017-12-02 11:40:00,17,12,2,11,40,220,171,Le hameau de la justice,48.40386,-2.82394,Plein jour,Hors agglomération,Hors intersection,Normale,Trois véhicules et plus - collisions multiples,,,,,,,,,,,1,1,1,1.0,5.0
201700000582,0017-12-28 11:50:00,17,12,28,11,50,220,291,lieu-dit La secouette,48.43343,-2.99498,Plein jour,Hors agglomération,Hors intersection,Normale,Deux véhicules - frontale,,,,,,,,,,,1,1,1,1.0,1.0
201700000583,0017-01-02 15:45:00,17,1,2,15,45,220,327,,48.49197,-2.02165,Plein jour,Hors agglomération,Intersection en T,Normale,Sans collision,,,,,,,,,,,1,1,3,1.0,7.0
201700000584,0017-02-03 12:30:00,17,2,3,12,30,220,259,la Croix Briand,48.46201,-2.09536,Plein jour,Hors agglomération,Hors intersection,Pluie légère,Autre collision,,,,,,,,,,,1,1,1,2.0,6.0
201700000585,0017-03-06 08:25:00,17,3,6,8,25,220,197,Route départementale 137,48.51534,-1.91243,Plein jour,Hors agglomération,Hors intersection,Vent fort / tempête,Autre collision,,,,,,,,,,,1,1,1,6.0,6.0
201700000586,0017-03-30 14:40:00,17,3,30,14,40,220,280,La croix du chêne,48.42582,-2.03725,Plein jour,Hors agglomération,Intersection en T,Normale,Deux véhicules - frontale,,,,,,,,,,,1,1,3,1.0,1.0
201700000587,0017-04-08 04:15:00,17,4,8,4,15,220,197,La Croix Fermale,48.52849,-1.93932,Nuit sans éclairage public,Hors agglomération,Hors intersection,Brouillard / fumée,Deux véhicules - frontale,,,,,,,,,,,3,1,1,5.0,1.0
201700000588,0017-04-11 09:30:00,17,4,11,9,30,220,208,LIEU DIT LE CLOS TIRARD,48.33784,-1.97227,Plein jour,Hors agglomération,Intersection en T,Normale,Deux véhicules - frontale,,,,,,,,,,,1,1,3,1.0,1.0
201700000589,0017-05-10 17:35:00,17,5,10,17,35,220,118,Route de Dol,48.46124,-2.01425,Plein jour,Hors agglomération,Intersection en X,Normale,Deux véhicules - frontale,,,,,,,,,,,1,1,2,1.0,1.0
201700000590,0017-05-25 21:40:00,17,5,25,21,40,220,56,20 rue des ronces,48.38445,-1.9809,Crépuscule ou aube,En agglomération,Hors intersection,Normale,Sans collision,,,,,,,,,,,2,2,1,1.0,7.0
201700000591,0017-07-03 18:18:00,17,7,3,18,18,220,123,route de calorguen,48.433,-2.04346,Plein jour,Hors agglomération,Intersection en T,Normale,Deux véhicules - frontale,,,,,,,,,,,1,1,3,1.0,1.0
201700000592,0017-07-24 15:20:00,17,7,24,15,20,220,213,lieu dit la lande du boi,48.54054,-2.00834,Plein jour,Hors agglomération,Hors intersection,Normale,Deux véhicules - côté,,,,,,,,,,,1,1,1,1.0,3.0
201700000593,0017-08-18 10:30:00,17,8,18,10,30,220,259,rue Cassepot,48.44763,-2.07407,Plein jour,En agglomération,Hors intersection,Normale,Autre collision,,,,,,,,,,,1,2,1,1.0,6.0
201700000594,0017-08-27 13:50:00,17,8,27,13,50,220,339,DÉPARTEMENTALE N°2-route,48.46931,-2.06016,Plein jour,Hors agglomération,Intersection en T,Normale,Deux véhicules - côté,,,,,,,,,,,1,1,3,1.0,3.0
201700000595,0017-10-05 18:50:00,17,10,5,18,50,220,259,Avenue de l'Aublette - D,48.44762,-2.08294,Plein jour,En agglomération,Hors intersection,Temps couvert,Deux véhicules - arrière,,,,,,,,,,,1,2,1,8.0,2.0
201700000596,0017-10-25 09:15:00,17,10,25,9,15,220,50,avenue rené cassin,48.45425,-2.06246,Plein jour,En agglomération,Giratoire,Brouillard / fumée,Deux véhicules - côté,,,,,,,,,,,1,2,6,5.0,3.0
201700000597,0017-10-30 16:50:00,17,10,30,16,50,220,50,Route de DINARD,48.46056,-2.04801,Plein jour,En agglomération,Hors intersection,Normale,Autre collision,,,,,,,,,,,1,2,1,1.0,6.0
201700000598,0017-11-05 17:10:00,17,11,5,17,10,220,213,lieu dit coutances,48.50502,-2.02265,Plein jour,Hors agglomération,Hors intersection,Pluie légère,Autre collision,,,,,,,,,,,1,1,1,2.0,6.0
201700000599,0017-11-10 19:00:00,17,11,10,19,0,220,50,18 rue de la Ferronnerie,48.45347,-2.04551,Nuit avec éclairage allumé,En agglomération,Hors intersection,Normale,Autre collision,,,,,,,,,,,5,2,1,1.0,6.0
201700000600,0017-11-11 15:30:00,17,11,11,15,30,220,8,20 route du calvaire,48.42396,-2.0964,Plein jour,Hors agglomération,Hors intersection,Pluie légère,Sans collision,,,,,,,,,,,1,1,1,2.0,7.0
201700000601,0017-12-02 11:55:00,17,12,2,11,55,220,259,''Le Bois Butte'',48.46207,-2.09638,Plein jour,Hors agglomération,Hors intersection,Normale,Autre collision,,,,,,,,,,,1,1,1,1.0,6.0
201700000602,0017-12-07 08:30:00,17,12,7,8,30,220,26,D 26 lieu dit la girauda,48.39466,-2.02495,Crépuscule ou aube,Hors agglomération,Hors intersection,Pluie légère,Deux véhicules - frontale,,,,,,,,,,,2,1,1,2.0,1.0
201700000603,0017-12-12 08:00:00,17,12,12,8,0,220,35,D 794- LIEU LA BUTTE,48.43856,-1.95421,Crépuscule ou aube,Hors agglomération,Hors intersection,Normale,Trois véhicules et plus - en chaîne,,,,,,,,,,,2,1,1,1.0,4.0
201700000604,0017-01-14 10:45:00,17,1,14,10,45,220,282,"CD  786, La Villeneuve",48.58584,-2.23876,Plein jour,Hors agglomération,Intersection en X,Temps éblouissant,Trois véhicules et plus - collisions multiples,,,,,,,,,,,1,1,2,7.0,5.0