accident_id,datetime,annee,mois,jour,heure,minute,departement,commune_insee,adresse,latitude,longitude,luminosite,agglomeration,intersection,meteo,collision,nb_vehicules,nb_usagers,nb_indemnes,nb_tues,nb_blesses_hosp,nb_blesses_legers,age_cond_1,age_cond_2,veh_type_cond_1,veh_type_cond_2,lum_code,agg_code,int_code,atm_code,col_code
201700000605,0017-02-02 14:20:00,17,2,2,14,20,220,143,Z.A. du chemin vert,48.59416,-2.28362,Plein jour,En agglomération,Hors intersection,Normale,Autre collision,,,,,,,,,,,1,2,1,1.0,6.0
201700000606,0017-05-15 07:26:00,17,5,15,7,26,220,77,Rue de l'école,48.53914,-2.43822,Plein jour,En agglomération,Intersection en T,Normale,Deux véhicules - côté,,,,,,,,,,,1,2,3,1.0,3.0
201700000607,0017-05-15 19:40:00,17,5,15,19,40,220,286,Haut Boulay - CD.768,48.52311,-2.38257,Plein jour,Hors agglomération,Intersection en X,Normale,Deux véhicules - côté,,,,,,,,,,,1,1,2,1.0,3.0
201700000608,0017-05-18 15:15:00,17,5,18,15,15,220,12,Surville,48.58193,-2.44153,Plein jour,Hors agglomération,Hors intersection,Normale,Autre collision,,,,,,,,,,,1,1,1,1.0,6.0
201700000609,0017-05-25 11:05:00,17,5,25,11,5,220,179,CD 34 Rue de Beau Soleil,48.65375,-2.37154,Plein jour,Hors agglomération,Hors intersection,Normale,Sans collision,,,,,,,,,,,1,1,1,1.0,7.0
201700000610,0017-07-02 17:55:00,17,7,2,17,55,220,143,"Beausoleil, RD13",48.59007,-2.30384,Plein jour,Hors agglomération,Hors intersection,Normale,Autre collision,,,,,,,,,,,1,1,1,1.0,6.0
201700000611,0017-07-17 11:45:00,17,7,17,11,45,220,143,rue du Docteur Jobert -,48.59088,-2.29834,Plein jour,Hors agglomération,Hors intersection,Normale,Trois véhicules et plus - en chaîne,,,,,,,,,,,1,1,1,1.0,4.0
201700000612,0017-07-22 09:45:00,17,7,22,9,45,220,282,Rue de la croix chauvel,48.57872,-2.24938,Plein jour,En agglomération,Intersection en T,Normale,Deux véhicules - côté,,,,,,,,,,,1,2,3,1.0,3.0
201700000613,0017-08-11 14:05:00,17,8,11,14,5,220,76,rue Le Flanchec,48.56094,-2.377,Plein jour,En agglomération,Intersection en X,Normale,Deux véhicules - côté,,,,,,,,,,,1,2,2,1.0,3.0
201700000614,0017-01-03 12:30:00,17,1,3,12,30,220,40,le bois de la roche,48.52448,-3.16959,Plein jour,Hors agglomération,Hors intersection,Normale,Deux véhicules - arrière,,,,,,,,,,,1,1,1,1.0,2.0
201700000615,0017-02-19 11:45:00,17,2,19,11,45,220,70,rond point du vally,48.56023,-3.14853,Plein jour,En agglomération,Intersection en T,Normale,Deux véhicules - côté,,,,,,,,,,,1,2,3,1.0,3.0
201700000616,0017-04-07 11:40:00,17,4,7,11,40,220,70,rue de l'yser,48.5686,-3.15879,Plein jour,En agglomération,Giratoire,Normale,Deux véhicules - côté,,,,,,,,,,,1,2,6,1.0,3.0
201700000617,0017-05-14 18:55:00,17,5,14,18,55,220,225,"rue du petit bois, rue L",48.54828,-3.13325,Plein jour,En agglomération,Intersection en T,Normale,Sans collision,,,,,,,,,,,1,2,3,1.0,7.0
201700000618,0017-06-01 18:30:00,17,6,1,18,30,220,70,rue de la trinité,48.5607,-3.14788,Plein jour,En agglomération,Hors intersection,Normale,Deux véhicules - arrière,,,,,,,,,,,1,2,1,1.0,2.0
201700000619,0017-06-20 18:10:00,17,6,20,18,10,220,156,lieu-dit sainte catherin,48.52931,-3.21513,Plein jour,Hors agglomération,Intersection en X,Normale,Deux véhicules - côté,,,,,,,,,,,1,1,2,1.0,3.0
201700000620,0017-07-17 15:35:00,17,7,17,15,35,220,156,sainte catherine,48.52928,-3.21508,Plein jour,Hors agglomération,Hors intersection,Normale,Autre collision,,,,,,,,,,,1,1,1,1.0,6.0
201700000621,0017-08-18 15:35:00,17,8,18,15,35,220,272,Kerhors,48.56688,-3.10434,Plein jour,Hors agglomération,Hors intersection,Normale,Deux véhicules - côté,,,,,,,,,,,1,1,1,1.0,3.0
201700000622,0017-09-14 16:55:00,17,9,14,16,55,220,272,LE COZEN,48.57249,-3.13517,Plein jour,Hors agglomération,Intersection en X,Pluie légère,Deux véhicules - côté,,,,,,,,,,,1,1,2,2.0,3.0
201700000623,0017-10-13 16:10:00,17,10,13,16,10,220,70,place du  champ au roy,48.56302,-3.14997,Plein jour,En agglomération,Place,Normale,Deux véhicules - côté,,,,,,,,,,,1,2,7,1.0,3.0
201700000624,0017-10-13 09:00:00,17,10,13,9,0,220,161,47 rue de l'armor,48.57155,-3.14694,Plein jour,En agglomération,Hors intersection,Pluie légère,Autre collision,,,,,,,,,,,1,2,1,2.0,6.0
201700000625,0017-11-08 15:15:00,17,11,8,15,15,220,67,Rue de callac,48.55008,-3.17091,Plein jour,En agglomération,Intersection en T,Normale,Deux véhicules - côté,,,,,,,,,,,1,2,3,1.0,3.0
201700000626,0017-11-10 18:50:00,17,11,10,18,50,220,272,rue de kherollo,48.56207,-3.12173,Nuit sans éclairage public,Hors agglomération,Intersection en T,Normale,Deux véhicules - arrière,,,,,,,,,,,3,1,3,1.0,2.0
201700000627,0017-11-18 00:50:00,17,11,18,0,50,220,70,rue du grand trotrieux,48.56178,-3.15301,Nuit avec éclairage allumé,En agglomération,Intersection en T,Normale,Autre collision,,,,,,,,,,,5,2,3,1.0,6.0
201700000628,0017-12-09 18:30:00,17,12,9,18,30,220,70,rue saint sebastien,48.56122,-3.15303,Nuit sans éclairage public,En agglomération,Hors intersection,Pluie légère,Deux véhicules - frontale,,,,,,,,,,,3,2,1,2.0,1.0
201700000629,0017-12-20 12:45:00,17,12,20,12,45,220,156,lieu dit ste catherine,48.52988,-3.21209,Plein jour,Hors agglomération,Hors intersection,Pluie légère,Deux véhicules - frontale,,,,,,,,,,,1,1,1,2.0,1.0
201700000630,0017-03-22 18:55:00,17,3,22,18,55,220,90,la croix blanche,48.77207,-3.36613,Plein jour,En agglomération,Giratoire,Pluie légère,Deux véhicules - côté,,,,,,,,,,,1,2,6,2.0,3.0
201700000631,0017-03-27 19:00:00,17,3,27,19,0,220,324,D788,48.78544,-3.44815,Plein jour,Hors agglomération,Hors intersection,Normale,Sans collision,,,,,,,,,,,1,1,1,1.0,7.0
201700000632,0017-05-25 18:00:00,17,5,25,18,0,220,363,rue de Port l'Epine,48.81471,-3.37515,Plein jour,En agglomération,Hors intersection,Normale,Autre collision,,,,,,,,,,,1,2,1,1.0,6.0
201700000633,0017-06-17 19:08:00,17,6,17,19,8,220,343,Corniche de Goas Treiz D,48.79167,-3.55328,Plein jour,Hors agglomération,Intersection en X,Temps éblouissant,Trois véhicules et plus - collisions multiples,,,,,,,,,,,1,1,2,7.0,5.0
201700000634,0017-06-16 18:38:00,17,6,16,18,38,220,168,81 rue Ernest RENAN,48.80285,-3.44322,Plein jour,En agglomération,Intersection en X,Normale,Autre collision,,,,,,,,,,,1,2,2,1.0,6.0
201700000635,0017-08-01 23:20:00,17,8,1,23,20,220,168,"D788 , INTERSECTION AVEN",48.8103,-3.46257,Nuit avec éclairage allumé,En agglomération,Intersection en X,Normale,Deux véhicules - côté,,,,,,,,,,,5,2,2,1.0,3.0
201700000636,0017-08-14 18:50:00,17,8,14,18,50,220,353,rue de poul palud,48.82321,-3.50301,Plein jour,En agglomération,Intersection en T,Normale,Deux véhicules - côté,,,,,,,,,,,1,2,3,1.0,3.0
201700000637,0017-08-18 10:00:00,17,8,18,10,0,220,168,rue de Kerabram,48.80646,-3.45952,Plein jour,En agglomération,Giratoire,Normale,Deux véhicules - côté,,,,,,,,,,,1,2,6,1.0,3.0
201700000638,0017-09-17 08:17:00,17,9,17,8,17,220,198,route de Coatrehouezan,48.79341,-3.52159,Plein jour,En agglomération,Hors intersection,Normale,Deux véhicules - frontale,,,,,,,,,,,1,2,1,1.0,1.0
201700000639,0017-11-27 18:30:00,17,11,27,18,30,220,134,route de perros,48.79489,-3.41367,Nuit avec éclairage allumé,En agglomération,Hors intersection,Pluie forte,Autre collision,,,,,,,,,,,5,2,1,3.0,6.0
201700000640,0017-12-18 08:45:00,17,12,18,8,45,220,90,kerhuel,48.7832,-3.36617,Plein jour,Hors agglomération,Hors intersection,Normale,Deux véhicules - frontale,,,,,,,,,,,1,1,1,1.0,1.0
201700000641,0017-02-02 16:30:00,17,2,2,16,30,290,46,rue Lammenais,48.09009,-4.32857,Plein jour,En agglomération,Intersection en X,Normale,Autre collision,,,,,,,,,,,1,2,2,1.0,6.0
201700000642,0017-02-07 10:50:00,17,2,7,10,50,290,46,Rue Louis Pasteur,48.09028,-4.33143,Plein jour,En agglomération,Intersection en T,Normale,Deux véhicules - côté,,,,,,,,,,,1,2,3,1.0,3.0
201700000643,0017-04-17 19:40:00,17,4,17,19,40,290,46,QUAI MARIE AGNÉS PERON,48.09595,-4.34127,Plein jour,En agglomération,Hors intersection,Normale,Autre collision,,,,,,,,,,,1,2,1,1.0,6.0
201700000644,0017-05-23 12:00:00,17,5,23,12,0,290,46,rue Jean Bart,48.09314,-4.32892,Plein jour,En agglomération,Intersection en X,Normale,Deux véhicules - côté,,,,,,,,,,,1,2,2,1.0,3.0
201700000645,0017-07-23 16:00:00,17,7,23,16,0,290,169,Ty Nevez,48.06847,-4.19598,Plein jour,Hors agglomération,Hors intersection,Pluie légère,Autre collision,,,,,,,,,,,1,1,1,2.0,6.0
201700000646,0017-09-10 10:45:00,17,9,10,10,45,290,46,7 rue de la République,48.07886,-4.33174,Plein jour,En agglomération,Autre intersection,Normale,Autre collision,,,,,,,,,,,1,2,9,1.0,6.0
201700000647,0017-09-11 17:30:00,17,9,11,17,30,290,169,Lieu dit PENHOAT,48.07762,-4.14552,Plein jour,Hors agglomération,Intersection en Y,Pluie légère,Deux véhicules - côté,,,,,,,,,,,1,1,4,2.0,3.0
201700000648,0017-10-04 12:20:00,17,10,4,12,20,290,46,34 rue jean jaurès,48.09151,-4.3274,Plein jour,En agglomération,Intersection en X,Normale,Deux véhicules - côté,,,,,,,,,,,1,2,2,1.0,3.0
201700000649,0017-10-27 18:30:00,17,10,27,18,30,290,224,LIEU-DIT LE GUILLY,48.05047,-4.32025,Crépuscule ou aube,Hors agglomération,Hors intersection,Normale,Autre collision,,,,,,,,,,,2,1,1,1.0,6.0
201700000650,0017-11-10 23:00:00,17,11,10,23,0,290,46,Route de Menez Peulven,48.07931,-4.31378,Nuit sans éclairage public,En agglomération,Hors intersection,Pluie légère,Autre collision,,,,,,,,,,,3,2,1,2.0,6.0
201700000651,0017-11-16 19:00:00,17,11,16,19,0,290,46,RUE DU CENTRE,48.09473,-4.32714,Nuit avec éclairage allumé,En agglomération,Hors intersection,Normale,Autre collision,,,,,,,,,,,5,2,1,1.0,6.0
201700000652,0017-02-06 19:45:00,17,2,6,19,45,290,58,Route de Beg-Meil,47.87669,-3.99877,Nuit sans éclairage public,Hors agglomération,Hors intersection,Pluie forte,Autre collision,,,,,,,,,,,3,1,1,3.0,6.0
201700000653,0017-02-17 16:20:00,17,2,17,16,20,290,57,moulin chef du bois - RD,47.91477,-3.94735,Plein jour,Hors agglomération,Hors intersection,Normale,Deux véhicules - côté,,,,,,,,,,,1,1,1,1.0,3.0
201700000654,0017-03-25 23:04:00,17,3,25,23,4,290,161,RD34,47.92426,-4.07223,Nuit sans éclairage public,Hors agglomération,Intersection en T,Normale,Deux véhicules - côté,,,,,,,,,,,3,1,3,1.0,3.0
201700000655,0017-05-01 15:30:00,17,5,1,15,30,290,57,lieu dit Pontérec,47.90575,-3.99294,Plein jour,Hors agglomération,Hors intersection,Normale,Deux véhicules - frontale,,,,,,,,,,,1,1,1,1.0,1.0
201700000656,0017-07-23 05:00:00,17,7,23,5,0,290,6,route du Perguet,47.88044,-4.0444,Nuit sans éclairage public,Hors agglomération,Intersection en T,Normale,Deux véhicules - frontale,,,,,,,,,,,3,1,3,1.0,1.0
201700000657,0017-08-16 18:25:00,17,8,16,18,25,290,32,D34 Pk 12 km,47.89732,-4.08526,Crépuscule ou aube,Hors agglomération,Hors intersection,Pluie légère,Trois véhicules et plus - collisions multiples,,,,,,,,,,,2,1,1,2.0,5.0
201700000658,0017-09-07 11:10:00,17,9,7,11,10,290,58,123 hent lesvern,47.87355,-4.0113,Plein jour,En agglomération,Hors intersection,Temps couvert,Autre collision,,,,,,,,,,,1,2,1,8.0,6.0
201700000659,0017-09-17 16:30:00,17,9,17,16,30,290,58,12 hent coat huella,47.87925,-4.02124,Plein jour,En agglomération,Hors intersection,Normale,Deux véhicules - frontale,,,,,,,,,,,1,2,1,1.0,1.0
201700000660,0017-10-25 18:15:00,17,10,25,18,15,290,57,Chemin des Poiriers,47.91419,-4.00061,Crépuscule ou aube,Hors agglomération,Intersection en X,Normale,Deux véhicules - côté,,,,,,,,,,,2,1,2,1.0,3.0
201700000661,0017-12-29 04:15:00,17,12,29,4,15,290,58,Hent Kerguil,47.85899,-4.0296,Nuit sans éclairage public,Hors agglomération,Intersection en T,Temps couvert,Autre collision,,,,,,,,,,,3,1,3,8.0,6.0
201700000662,0017-02-18 18:00:00,17,2,18,18,0,290,144,route de Landerneau,48.4489,-4.16258,Crépuscule ou aube,En agglomération,Intersection en X,Normale,Deux véhicules - côté,,,,,,,,,,,2,2,2,1.0,3.0
201700000663,0017-02-25 11:45:00,17,2,25,11,45,290,294,"D33 , Circuit des enclos",48.39115,-4.13288,Plein jour,Hors agglomération,Hors intersection,Normale,Autre collision,,,,,,,,,,,1,1,1,1.0,6.0
201700000664,0017-03-10 15:40:00,17,3,10,15,40,290,144,Le Rochel,48.43118,-4.13876,Plein jour,Hors agglomération,Intersection en T,Normale,Deux véhicules - côté,,,,,,,,,,,1,1,3,1.0,3.0
201700000665,0017-03-24 01:00:00,17,3,24,1,0,290,181,le forestic,48.46931,-4.22935,Nuit sans éclairage public,Hors agglomération,Hors intersection,Normale,Autre collision,,,,,,,,,,,3,1,1,1.0,6.0
201700000666,0017-03-27 07:15:00,17,3,27,7,15,290,103,rue aristide briand,48.45365,-4.26449,Nuit avec éclairage allumé,En agglomération,Hors intersection,Normale,Deux véhicules - côté,,,,,,,,,,,5,2,1,1.0,3.0
201700000667,0017-05-16 07:15:00,17,5,16,7,15,290,237,le pontois,48.46658,-4.20815,Plein jour,Hors agglomération,Intersection en X,Normale,Sans collision,,,,,,,,,,,1,1,2,1.0,7.0
201700000668,0017-06-25 03:30:00,17,6,25,3,30,290,237,Le Pontois,48.4639,-4.21781,Nuit sans éclairage public,Hors agglomération,Hors intersection,Normale,Autre collision,,,,,,,,,,,3,1,1,1.0,6.0
201700000669,0017-08-24 19:15:00,17,8,24,19,15,290,181,COAT LESPEL BIHAN,48.49298,-4.23861,Plein jour,Hors agglomération,Hors intersection,Normale,Sans collision,,,,,,,,,,,1,1,1,1.0,7.0
201700000670,0017-09-06 20:50:00,17,9,6,20,50,290,237,le  bas  bourg,48.47502,-4.20459,Crépuscule ou aube,En agglomération,Intersection en X,Normale,Deux véhicules - côté,,,,,,,,,,,2,2,2,1.0,3.0
201700000671,0017-10-13 15:31:00,17,10,13,15,31,290,180,RD 30 lieu-dit st antoin,48.43844,-4.10083,Plein jour,Hors agglomération,Hors intersection,Normale,Deux véhicules - frontale,,,,,,,,,,,1,1,1,1.0,1.0
201700000672,0017-11-03 18:15:00,17,11,3,18,15,290,103,530 route de kerlaran,48.44947,-4.27312,Nuit avec éclairage allumé,En agglomération,Giratoire,Pluie légère,Deux véhicules - côté,,,,,,,,,,,5,2,6,2.0,3.0
201700000673,0017-11-25 17:30:00,17,11,25,17,30,290,103,Rue de la Tour d'auvergn,48.4504,-4.24941,Nuit avec éclairage allumé,En agglomération,Hors intersection,Normale,Autre collision,,,,,,,,,,,5,2,1,1.0,6.0
201700000674,0017-01-08 23:30:00,17,1,8,23,30,290,248,Kervolant,48.61406,-4.36402,Nuit sans éclairage public,Hors agglomération,Hors intersection,Normale,Autre collision,,,,,,,,,,,3,1,1,1.0,6.0
201700000675,0017-01-20 16:50:00,17,1,20,16,50,290,124,rue des déportés,48.56222,-4.32601,Plein jour,En agglomération,Giratoire,Normale,Deux véhicules - côté,,,,,,,,,,,1,2,6,1.0,3.0
201700000676,0017-01-21 15:35:00,17,1,21,15,35,290,288,porleach,48.55918,-4.28972,Plein jour,Hors agglomération,Hors intersection,Normale,Autre collision,,,,,,,,,,,1,1,1,1.0,6.0
201700000677,0017-01-28 21:00:00,17,1,28,21,0,290,55,rue de la Croix Rouge,48.56503,-4.33555,Nuit avec éclairage allumé,En agglomération,Autre intersection,Pluie légère,Autre collision,,,,,,,,,,,5,2,9,2.0,6.0
201700000678,0017-02-23 18:00:00,17,2,23,18,0,290,55,corniguellou,48.57761,-4.36469,Plein jour,Hors agglomération,Intersection en X,Normale,Deux véhicules - côté,,,,,,,,,,,1,1,2,1.0,3.0
201700000679,0017-02-24 16:30:00,17,2,24,16,30,290,198,Rue de Lesneven,48.60069,-4.30527,Plein jour,En agglomération,Hors intersection,Normale,Autre collision,,,,,,,,,,,1,2,1,1.0,6.0
201700000680,0017-03-03 02:30:00,17,3,3,2,30,290,94,kernevez,48.59514,-4.35255,Nuit sans éclairage public,Hors agglomération,Hors intersection,Pluie légère,Autre collision,,,,,,,,,,,3,1,1,2.0,6.0
201700000681,0017-03-10 16:45:00,17,3,10,16,45,290,248,Lieu-dit le rest,48.61174,-4.3787,Plein jour,Hors agglomération,Intersection en X,Normale,Deux véhicules - arrière,,,,,,,,,,,1,1,2,1.0,2.0
201700000682,0017-08-22 16:45:00,17,8,22,16,45,290,124,Bd des Frères Lumiere,48.57584,-4.31844,Plein jour,En agglomération,Hors intersection,Normale,Autre collision,,,,,,,,,,,1,2,1,1.0,6.0
201700000683,0017-08-31 16:00:00,17,8,31,16,0,290,203,route du lividig,48.66517,-4.30489,Plein jour,Hors agglomération,Hors intersection,Normale,Deux véhicules - côté,,,,,,,,,,,1,1,1,1.0,3.0
201700000684,0017-09-02 17:30:00,17,9,2,17,30,290,91,couffon,48.637,-4.397,Plein jour,Hors agglomération,Intersection en T,Normale,Deux véhicules - côté,,,,,,,,,,,1,1,3,1.0,3.0
201700000685,0017-09-06 19:55:00,17,9,6,19,55,290,288,Lieu dit Quilifiry,48.54807,-4.28025,Plein jour,Hors agglomération,Hors intersection,Normale,Sans collision,,,,,,,,,,,1,1,1,1.0,7.0
201700000686,0017-10-29 17:45:00,17,10,29,17,45,290,179,pontic caro,48.52296,-4.31368,Plein jour,Hors agglomération,Hors intersection,Normale,Autre collision,,,,,,,,,,,1,1,1,1.0,6.0
201700000687,0017-12-02 19:23:00,17,12,2,19,23,290,179,"rue Roch Hellou, RD 770",48.53447,-4.31642,Nuit sans éclairage public,Hors agglomération,Hors intersection,Pluie forte,Deux véhicules - côté,,,,,,,,,,,3,1,1,3.0,3.0
201700000688,0017-12-12 18:40:00,17,12,12,18,40,290,248,lieu-dit Kerdroc,48.59935,-4.38592,Nuit sans éclairage public,Hors agglomération,Hors intersection,Pluie légère,Deux véhicules - frontale,,,,,,,,,,,3,1,1,2.0,1.0
201700000689,0017-01-01 14:15:00,17,1,1,14,15,290,209,Tariec,48.54427,-4.5003,Plein jour,Hors agglomération,Hors intersection,Normale,Deux véhicules - frontale,,,,,,,,,,,1,1,1,1.0,1.0
201700000690,0017-03-12 18:15:00,17,3,12,18,15,290,280,Intersection RD 887 et V,48.22962,-4.33684,Plein jour,Hors agglomération,Intersection en T,Normale,Deux véhicules - côté,,,,,,,,,,,1,1,3,1.0,3.0
201700000691,0017-03-25 17:00:00,17,3,25,17,0,290,42,cale du fret,48.28693,-4.50575,Plein jour,Hors agglomération,Hors intersection,Vent fort / tempête,Autre collision,,,,,,,,,,,1,1,1,6.0,6.0
201700000692,0017-04-02 16:15:00,17,4,2,16,15,290,22,02 quai du Styvel,48.27949,-4.60051,Plein jour,En agglomération,Hors intersection,Normale,Autre collision,,,,,,,,,,,1,2,1,1.0,6.0
201700000693,0017-05-01 18:00:00,17,5,1,18,0,290,42,boulevard de la PLage,48.22909,-4.50289,Plein jour,En agglomération,Hors intersection,Normale,Deux véhicules - arrière,,,,,,,,,,,1,2,1,1.0,2.0
201700000694,0017-05-22 16:25:00,17,5,22,16,25,290,42,Saint Fiacre,48.27957,-4.52892,Plein jour,Hors agglomération,Giratoire,Normale,Deux véhicules - côté,,,,,,,,,,,1,1,6,1.0,3.0
201700000695,0017-05-26 11:30:00,17,5,26,11,30,290,42,trez rouz,48.28905,-4.56587,Plein jour,Hors agglomération,Hors intersection,Normale,Deux véhicules - frontale,,,,,,,,,,,1,1,1,1.0,1.0
201700000696,0017-07-08 17:30:00,17,7,8,17,30,290,1,rue du roi gradlon,48.2399,-4.31414,Plein jour,En agglomération,Hors intersection,Normale,Autre collision,,,,,,,,,,,1,2,1,1.0,6.0
201700000697,0017-08-09 18:20:00,17,8,9,18,20,290,256,chemin des dunes,48.19413,-4.30233,Plein jour,En agglomération,Hors intersection,Pluie légère,Deux véhicules - côté,,,,,,,,,,,1,2,1,2.0,3.0
201700000698,0017-10-06 23:35:00,17,10,6,23,35,290,280,Kroas E Meno,48.22751,-4.32407,Nuit sans éclairage public,Hors agglomération,Hors intersection,Normale,Autre collision,,,,,,,,,,,3,1,1,1.0,6.0
201700000699,0017-10-13 18:40:00,17,10,13,18,40,290,104,les quatres chemins,48.26282,-4.33501,Crépuscule ou aube,Hors agglomération,Intersection en X,Brouillard / fumée,Trois véhicules et plus - collisions multiples,,,,,,,,,,,2,1,2,5.0,5.0
201700000700,0017-02-04 23:55:00,17,2,4,23,55,560,157,RD 778 pr34,47.78842,-2.72729,Nuit sans éclairage public,Hors agglomération,Hors intersection,Pluie forte,Deux véhicules - frontale,,,,,,,,,,,3,1,1,3.0,1.0
201700000701,0017-01-01 04:15:00,17,1,1,4,15,560,247,,47.65537,-2.57144,Nuit sans éclairage public,Hors agglomération,Hors intersection,Brouillard / fumée,Autre collision,,,,,,,,,,,3,1,1,5.0,6.0
201700000702,0017-01-16 16:40:00,17,1,16,16,40,560,23,RD120 TREAURAY,47.69181,-2.99392,Plein jour,Hors agglomération,Hors intersection,Pluie légère,Deux véhicules - frontale,,,,,,,,,,,1,1,1,2.0,1.0
201700000703,0017-01-22 08:25:00,17,1,22,8,25,560,23,le  cranic,47.71954,-3.06552,Crépuscule ou aube,Hors agglomération,Hors intersection,Normale,Sans collision,,,,,,,,,,,2,1,1,1.0,7.0
201700000704,0017-01-26 18:55:00,17,1,26,18,55,560,23,Lieu-dit Pont Christ,47.73779,-3.01669,Nuit sans éclairage public,Hors agglomération,Hors intersection,Normale,Sans collision,,,,,,,,,,,3,1,1,1.0,7.0
201700000705,0017-02-08 21:50:00,17,2,8,21,50,560,7,106 rue Abbé Ph Le Gall,47.67407,-3.00104,Nuit avec éclairage allumé,En agglomération,Hors intersection,Normale,Deux véhicules - côté,,,,,,,,,,,5,2,1,1.0,3.0
201700000706,0017-02-09 10:55:00,17,2,9,10,55,560,7,14 rue Abbé Philippe Le,47.67091,-2.99237,Plein jour,En agglomération,Hors intersection,Temps éblouissant,Autre collision,,,,,,,,,,,1,2,1,7.0,6.0
201700000707,0017-02-08 18:45:00,17,2,8,18,45,560,7,Rond point du Ballon,47.67044,-2.99035,Crépuscule ou aube,En agglomération,Giratoire,Normale,Deux véhicules - côté,,,,,,,,,,,2,2,6,1.0,3.0
201700000708,0017-03-24 10:00:00,17,3,24,10,0,560,7,10 rue du père éternel,47.66543,-2.98231,Plein jour,En agglomération,Hors intersection,Temps éblouissant,Deux véhicules - arrière,,,,,,,,,,,1,2,1,7.0,2.0
201700000709,0017-03-28 08:30:00,17,3,28,8,30,560,176,2 rue de la gare,47.67543,-2.95786,Plein jour,En agglomération,Hors intersection,Normale,Autre collision,,,,,,,,,,,1,2,1,1.0,6.0
201700000710,0017-04-07 14:10:00,17,4,7,14,10,560,23,LIEU-DIT KERIVALAN,47.69932,-3.00693,Plein jour,Hors agglomération,Intersection en T,Normale,Trois véhicules et plus - en chaîne,,,,,,,,,,,1,1,3,1.0,4.0
201700000711,0017-04-29 19:40:00,17,4,29,19,40,560,46,lieu dit bellevue,47.65691,-3.02158,Plein jour,Hors agglomération,Hors intersection,Normale,Deux véhicules - arrière,,,,,,,,,,,1,1,1,1.0,2.0
201700000712,0017-05-26 23:15:00,17,5,26,23,15,560,46,KERIZAN,47.61161,-2.97127,Nuit sans éclairage public,Hors agglomération,Hors intersection,Normale,Autre collision,,,,,,,,,,,3,1,1,1.0,6.0
201700000713,0017-06-13 14:36:00,17,6,13,14,36,560,7,143 avenue Abbé Philippe,47.67661,-3.00611,Plein jour,En agglomération,Hors intersection,Normale,Deux véhicules - arrière,,,,,,,,,,,1,2,1,1.0,2.0
201700000714,0017-06-19 09:40:00,17,6,19,9,40,560,263,D17,47.7036,-2.9384,Plein jour,Hors agglomération,Giratoire,Normale,Deux véhicules - côté,,,,,,,,,,,1,1,6,1.0,3.0
201700000715,0017-07-06 20:50:00,17,7,6,20,50,560,7,rue de la terre rouge,47.66752,-2.97162,Plein jour,En agglomération,Hors intersection,Normale,Autre collision,,,,,,,,,,,1,2,1,1.0,6.0
201700000716,0017-07-12 11:10:00,17,7,12,11,10,560,176,rue de kernanec,47.66482,-2.95656,Plein jour,En agglomération,Intersection en Y,Normale,Deux véhicules - frontale,,,,,,,,,,,1,2,4,1.0,1.0
201700000717,0017-07-18 14:10:00,17,7,18,14,10,560,7,rue de belgique,47.66459,-3.00604,Plein jour,En agglomération,Giratoire,Normale,Autre collision,,,,,,,,,,,1,2,6,1.0,6.0
201700000718,0017-07-30 00:01:00,17,7,30,0,1,560,263,RUE DU GÉNÉRAL DE GAULLE,47.70161,-2.95533,Nuit avec éclairage allumé,En agglomération,Intersection en T,Normale,Deux véhicules - côté,,,,,,,,,,,5,2,3,1.0,3.0
201700000719,0017-09-16 12:45:00,17,9,16,12,45,560,46,Rond point du Moustoir,47.66589,-3.02305,Plein jour,Hors agglomération,Giratoire,Temps couvert,Deux véhicules - côté,,,,,,,,,,,1,1,6,8.0,3.0
201700000720,0017-09-20 10:00:00,17,9,20,10,0,560,7,avenue Pierre Dugor,47.67287,-2.98268,Plein jour,En agglomération,Intersection en T,Normale,Deux véhicules - côté,,,,,,,,,,,1,2,3,1.0,3.0
201700000721,0017-10-03 09:45:00,17,10,3,9,45,560,176,place de l'église,47.67486,-2.95761,Plein jour,En agglomération,Giratoire,Normale,Autre collision,,,,,,,,,,,1,2,6,1.0,6.0
201700000722,0017-10-30 14:30:00,17,10,30,14,30,560,176,Lieu dit Pont Sal N165,47.67173,-2.92698,Plein jour,Hors agglomération,Hors intersection,Normale,Sans collision,,,,,,,,,,,1,1,1,1.0,7.0
201700000723,0017-11-25 20:00:00,17,11,25,20,0,560,7,avenue Kennedy,47.67066,-2.98833,Nuit avec éclairage allumé,En agglomération,Hors intersection,Normale,Autre collision,,,,,,,,,,,5,2,1,1.0,6.0
201700000724,0017-12-11 06:30:00,17,12,11,6,30,560,7,PK 64 GAUCHE,47.65891,-3.00389,Nuit sans éclairage public,Hors agglomération,Hors intersection,Vent fort / tempête,Sans collision,,,,,,,,,,,3,1,1,6.0,7.0
201700000725,0017-12-30 20:00:00,17,12,30,20,0,560,23,D19,47.72986,-3.02368,Nuit sans éclairage public,Hors agglomération,Hors intersection,Vent fort / tempête,Autre collision,,,,,,,,,,,3,1,1,6.0,6.0