accident_id,datetime,annee,mois,jour,heure,minute,departement,commune_insee,adresse,latitude,longitude,luminosite,agglomeration,intersection,meteo,collision,nb_vehicules,nb_usagers,nb_indemnes,nb_tues,nb_blesses_hosp,nb_blesses_legers,age_cond_1,age_cond_2,veh_type_cond_1,veh_type_cond_2,lum_code,agg_code,int_code,atm_code,col_code
201700000726,0017-05-24 18:00:00,17,5,24,18,0,560,241,anvorte,47.34236,-3.22832,Plein jour,Hors agglomération,Hors intersection,Normale,Deux véhicules - frontale,,,,,,,,,,,1,1,1,1.0,1.0
201700000727,0017-05-27 20:05:00,17,5,27,20,5,560,152,lieu dit port Guen,47.33373,-3.14804,Plein jour,Hors agglomération,Hors intersection,Normale,Deux véhicules - frontale,,,,,,,,,,,1,1,1,1.0,1.0
201700000728,0017-07-19 11:30:00,17,7,19,11,30,560,114,Port York,47.32027,-3.11904,Plein jour,Hors agglomération,Hors intersection,Normale,Sans collision,,,,,,,,,,,1,1,1,1.0,7.0
201700000729,0017-08-02 15:45:00,17,8,2,15,45,560,152,lieu ker pol léo,47.35246,-3.17758,Plein jour,Hors agglomération,Hors intersection,Normale,Autre collision,,,,,,,,,,,1,1,1,1.0,6.0
201700000730,0017-08-08 18:10:00,17,8,8,18,10,560,152,route de bordeneo,47.35592,-3.16858,Plein jour,Hors agglomération,Intersection en T,Normale,Deux véhicules - côté,,,,,,,,,,,1,1,3,1.0,3.0
201700000731,0017-08-20 05:43:00,17,8,20,5,43,560,152,route de bangor,47.33531,-3.16245,Nuit sans éclairage public,En agglomération,Hors intersection,Normale,Autre collision,,,,,,,,,,,3,2,1,1.0,6.0
201700000732,0017-08-20 02:45:00,17,8,20,2,45,560,152,ROUTE DE SAUZON,47.35925,-3.20213,Nuit sans éclairage public,Hors agglomération,Hors intersection,Normale,Deux véhicules - frontale,,,,,,,,,,,3,1,1,1.0,1.0
201700000733,0017-10-01 01:10:00,17,10,1,1,10,560,241,stang koret,47.36366,-3.21763,Nuit sans éclairage public,Hors agglomération,Hors intersection,Pluie forte,Trois véhicules et plus - collisions multiples,,,,,,,,,,,3,1,1,3.0,5.0
201700000734,0017-11-20 09:00:00,17,11,20,9,0,560,152,d 190 - PR 1+650,47.33288,-3.16415,Plein jour,Hors agglomération,Hors intersection,Normale,Autre collision,,,,,,,,,,,1,1,1,1.0,6.0
201700000735,0017-12-25 10:15:00,17,12,25,10,15,560,9,cd25,47.32752,-3.19334,Plein jour,Hors agglomération,Hors intersection,Vent fort / tempête,Autre collision,,,,,,,,,,,1,1,1,6.0,6.0
201700000736,0017-09-08 18:30:00,17,9,8,18,30,560,69,8 rue penher,47.63839,-3.45607,Plein jour,En agglomération,Hors intersection,Pluie légère,Autre collision,,,,,,,,,,,1,2,1,2.0,6.0
201700000737,0017-02-10 17:25:00,17,2,10,17,25,140,691,RN 158,49.1091,-0.31792,Plein jour,Hors agglomération,Hors intersection,Normale,Deux véhicules - côté,,,,,,,,,,,1,1,1,1.0,3.0
201700000738,0017-04-07 07:00:00,17,4,7,7,0,140,88,N158 SENS CAEN FALAISE,48.961,-0.22831,Crépuscule ou aube,Hors agglomération,Hors intersection,Normale,Sans collision,,,,,,,,,,,2,1,1,1.0,7.0
201700000739,0017-04-21 04:10:00,17,4,21,4,10,140,554,RN 158,49.0865,-0.30496,Nuit sans éclairage public,Hors agglomération,Hors intersection,Normale,Deux véhicules - arrière,,,,,,,,,,,3,1,1,1.0,2.0
201700000740,0017-04-26 08:15:00,17,4,26,8,15,140,691,RN 158,49.1105,-0.31875,Plein jour,Hors agglomération,Hors intersection,Neige / grêle,Deux véhicules - côté,,,,,,,,,,,1,1,1,4.0,3.0
201700000741,0017-06-22 08:40:00,17,6,22,8,40,140,160,158    PK 029+441,49.06972,-0.29512,Plein jour,Hors agglomération,Hors intersection,Normale,Deux véhicules - arrière,,,,,,,,,,,1,1,1,1.0,2.0
201700000742,0017-06-26 01:13:00,17,6,26,1,13,140,554,RN 158,49.07326,-0.29715,Nuit sans éclairage public,Hors agglomération,Hors intersection,Normale,Autre collision,,,,,,,,,,,3,1,1,1.0,6.0
201700000743,0017-03-24 20:30:00,17,3,24,20,30,140,562,RUE DU MARÉCHAL FOCH,49.3297,-0.39343,Nuit avec éclairage allumé,En agglomération,Hors intersection,Normale,Sans collision,,,,,,,,,,,5,2,1,1.0,7.0
201700000744,0017-03-31 18:15:00,17,3,31,18,15,140,228,,49.2956,-0.37652,Plein jour,En agglomération,Hors intersection,Normale,Autre collision,,,,,,,,,,,1,2,1,1.0,6.0
201700000745,0017-04-21 14:55:00,17,4,21,14,55,140,170,D 141,49.2645,-0.42113,Plein jour,Hors agglomération,Hors intersection,Normale,Deux véhicules - arrière,,,,,,,,,,,1,1,1,1.0,2.0
201700000746,0017-11-15 17:30:00,17,11,15,17,30,140,228,Avenue de la Basilique,49.29693,-0.37339,Crépuscule ou aube,En agglomération,Hors intersection,Normale,Autre collision,,,,,,,,,,,2,2,1,1.0,6.0
201700000747,0017-12-18 17:45:00,17,12,18,17,45,140,228,rue de l'église,49.29399,-0.37889,Nuit avec éclairage allumé,En agglomération,Hors intersection,Autre,Autre collision,,,,,,,,,,,5,2,1,9.0,6.0
201700000748,0017-02-03 08:45:00,17,2,3,8,45,140,76,RUE GABRIEL PERI,,,Plein jour,En agglomération,Hors intersection,Vent fort / tempête,Autre collision,,,,,,,,,,,1,2,1,6.0,6.0
201700000749,0017-03-07 12:30:00,17,3,7,12,30,140,76,D 515,49.2203,-0.31321,Plein jour,Hors agglomération,Hors intersection,Normale,Deux véhicules - arrière,,,,,,,,,,,1,1,1,1.0,2.0
201700000750,0017-04-15 11:10:00,17,4,15,11,10,140,488,ROUTE DE LION,49.2846,-0.26222,Plein jour,En agglomération,Hors intersection,Normale,Autre collision,,,,,,,,,,,1,2,1,1.0,6.0
201700000751,0017-05-29 06:48:00,17,5,29,6,48,140,60,RD514,49.2423,-0.2739,Plein jour,En agglomération,Hors intersection,Normale,Autre collision,,,,,,,,,,,1,2,1,1.0,6.0
201700000752,0017-07-07 07:35:00,17,7,7,7,35,140,407,cd220,49.25259,-0.3799,Plein jour,Hors agglomération,Hors intersection,Normale,Autre collision,,,,,,,,,,,1,1,1,1.0,6.0
201700000753,0017-08-04 15:05:00,17,8,4,15,5,140,488,20 boulevard maritime,49.28833,-0.25273,Plein jour,En agglomération,Intersection en T,Normale,Deux véhicules - côté,,,,,,,,,,,1,2,3,1.0,3.0
201700000754,0017-08-26 10:30:00,17,8,26,10,30,140,407,CD7,49.24105,-0.37193,Plein jour,Hors agglomération,Hors intersection,Normale,Deux véhicules - arrière,,,,,,,,,,,1,1,1,1.0,2.0
201700000755,0017-08-27 00:20:00,17,8,27,0,20,140,60,RD 514,49.24775,-0.28494,Nuit sans éclairage public,Hors agglomération,Hors intersection,Normale,Autre collision,,,,,,,,,,,3,1,1,1.0,6.0
201700000756,0017-10-11 07:35:00,17,10,11,7,35,140,488,rond point de la paix,49.2649,-0.2614,Crépuscule ou aube,En agglomération,Giratoire,Normale,Deux véhicules - côté,,,,,,,,,,,2,2,6,1.0,3.0
201700000757,0017-10-14 14:10:00,17,10,14,14,10,140,325,rue amiral wietzel,49.29558,-0.29677,Plein jour,En agglomération,Hors intersection,Normale,Deux véhicules - frontale,,,,,,,,,,,1,2,1,1.0,1.0
201700000758,0017-10-14 15:25:00,17,10,14,15,25,140,166,rue Suffolk Régiment,49.26356,-0.31088,Plein jour,Hors agglomération,Hors intersection,Temps éblouissant,Deux véhicules - frontale,,,,,,,,,,,1,1,1,7.0,1.0
201700000759,0017-11-28 08:00:00,17,11,28,8,0,140,365,D221,49.29924,-0.33259,Crépuscule ou aube,Hors agglomération,Hors intersection,Pluie légère,Trois véhicules et plus - collisions multiples,,,,,,,,,,,2,1,1,2.0,5.0
201700000760,0017-01-06 18:30:00,17,1,6,18,30,140,712,ROUTE DE ROUEN,49.1795,-0.18969,Nuit avec éclairage allumé,En agglomération,Hors intersection,Normale,Autre collision,,,,,,,,,,,5,2,1,1.0,6.0
201700000761,0017-01-23 10:30:00,17,1,23,10,30,140,530,,49.225,-0.26526,Plein jour,Hors agglomération,Hors intersection,Autre,Sans collision,,,,,,,,,,,1,1,1,9.0,7.0
201700000762,0017-03-27 06:30:00,17,3,27,6,30,140,712,ROUTE DE ROUEN,49.1826,-0.18028,Crépuscule ou aube,En agglomération,Hors intersection,Normale,Deux véhicules - côté,,,,,,,,,,,2,2,1,1.0,3.0
201700000763,0017-04-09 17:00:00,17,4,9,17,0,140,409,RUE DE VERSAILLES,49.2848,-0.20239,Plein jour,En agglomération,Intersection en X,Normale,Deux véhicules - arrière,,,,,,,,,,,1,2,2,1.0,2.0
201700000764,0017-04-11 14:30:00,17,4,11,14,30,140,328,"RD513, STE HONORINE LA C",,,Plein jour,Hors agglomération,Hors intersection,Normale,Deux véhicules - frontale,,,,,,,,,,,1,1,1,1.0,1.0
201700000765,0017-04-15 14:15:00,17,4,15,14,15,140,530,RD 223,49.2362,-0.2381,Plein jour,Hors agglomération,Intersection en X,Normale,Deux véhicules - côté,,,,,,,,,,,1,1,2,1.0,3.0
201700000766,0017-06-04 15:30:00,17,6,4,15,30,140,409,Avenue de CABOURG,49.28263,-0.1924,Plein jour,En agglomération,Hors intersection,Temps éblouissant,Sans collision,,,,,,,,,,,1,2,1,7.0,7.0
201700000767,0017-06-11 15:50:00,17,6,11,15,50,140,36,CD 225,49.16661,-0.21385,Plein jour,Hors agglomération,Hors intersection,Normale,Sans collision,,,,,,,,,,,1,1,1,1.0,7.0
201700000768,0017-07-09 12:00:00,17,7,9,12,0,140,724,D27,49.25606,-0.13404,Plein jour,Hors agglomération,Hors intersection,Normale,Autre collision,,,,,,,,,,,1,1,1,1.0,6.0
201700000769,0017-09-05 16:40:00,17,9,5,16,40,140,698,D37 C,49.20649,-0.22104,Plein jour,Hors agglomération,Intersection en X,Normale,Trois véhicules et plus - collisions multiples,,,,,,,,,,,1,1,2,1.0,5.0
201700000770,0017-11-05 03:00:00,17,11,5,3,0,140,306,CD223,49.26039,-0.20036,Nuit sans éclairage public,Hors agglomération,Hors intersection,Pluie légère,Deux véhicules - frontale,,,,,,,,,,,3,1,1,2.0,1.0
201700000771,0017-01-19 08:15:00,17,1,19,8,15,140,47,ROUTE DE SAINT LO,49.2665,-0.70982,Plein jour,Hors agglomération,Intersection en X,Normale,Deux véhicules - côté,,,,,,,,,,,1,1,2,1.0,3.0
201700000772,0017-02-10 18:15:00,17,2,10,18,15,140,47,AVENUE DU 06 JUIN,49.2783,-0.71904,Nuit avec éclairage allumé,En agglomération,Hors intersection,Pluie forte,Autre collision,,,,,,,,,,,5,2,1,3.0,6.0
201700000773,0017-02-21 14:05:00,17,2,21,14,5,140,47,RUE DU DOCTEUR RENÉ GUIL,49.2799,-0.70958,Plein jour,En agglomération,Hors intersection,Temps couvert,Autre collision,,,,,,,,,,,1,2,1,8.0,6.0
201700000774,0017-03-27 17:20:00,17,3,27,17,20,140,47,CD 572,49.2665,-0.70982,Plein jour,Hors agglomération,Intersection en X,Normale,Deux véhicules - côté,,,,,,,,,,,1,1,2,1.0,3.0
201700000775,0017-04-03 11:30:00,17,4,3,11,30,140,47,D5A - D5,49.2755,-0.71635,Plein jour,En agglomération,Intersection en X,Normale,Deux véhicules - côté,,,,,,,,,,,1,2,2,1.0,3.0
201700000776,0017-04-10 16:50:00,17,4,10,16,50,140,47,AVENUE CONSEIL,49.2774,-0.7125,Plein jour,En agglomération,Hors intersection,Normale,Deux véhicules - arrière,,,,,,,,,,,1,2,1,1.0,2.0
201700000777,0017-06-26 15:50:00,17,6,26,15,50,140,47,Rue d'Eterville,49.28084,-0.70648,Plein jour,En agglomération,Hors intersection,Temps éblouissant,Autre collision,,,,,,,,,,,1,2,1,7.0,6.0
201700000778,0017-07-08 23:45:00,17,7,8,23,45,140,732,D104,49.29719,-0.70304,Nuit sans éclairage public,Hors agglomération,Hors intersection,Normale,Sans collision,,,,,,,,,,,3,1,1,1.0,7.0
201700000779,0017-07-10 21:30:00,17,7,10,21,30,140,236,Lieu-dit Le Moulin de He,49.21657,-0.71145,Crépuscule ou aube,En agglomération,Autre intersection,Normale,Deux véhicules - frontale,,,,,,,,,,,2,2,9,1.0,1.0
201700000780,0017-09-29 14:50:00,17,9,29,14,50,140,47,boulevard du 6 juin,49.27768,-0.71798,Plein jour,En agglomération,Autre intersection,Temps couvert,Trois véhicules et plus - en chaîne,,,,,,,,,,,1,2,9,8.0,4.0
201700000781,0017-10-27 01:45:00,17,10,27,1,45,140,159,départementale 6,49.20183,-0.64605,Nuit sans éclairage public,Hors agglomération,Hors intersection,Brouillard / fumée,Deux véhicules - arrière,,,,,,,,,,,3,1,1,5.0,2.0
201700000782,0017-11-04 01:10:00,17,11,4,1,10,140,47,avenue Raymond Triboulet,49.28248,-0.71964,Nuit avec éclairage allumé,En agglomération,Giratoire,Normale,Autre collision,,,,,,,,,,,5,2,6,1.0,6.0
201700000783,0017-11-16 16:30:00,17,11,16,16,30,140,47,boulevard fabian ware,49.27359,-0.71295,Plein jour,En agglomération,Giratoire,Normale,Deux véhicules - côté,,,,,,,,,,,1,2,6,1.0,3.0
201700000784,0017-12-05 19:30:00,17,12,5,19,30,140,47,D572 boulevard Maréchal,49.27186,-0.70303,Nuit avec éclairage allumé,En agglomération,Giratoire,Normale,Deux véhicules - frontale,,,,,,,,,,,5,2,6,1.0,1.0
201700000785,0017-12-13 18:00:00,17,12,13,18,0,140,663,Boulevard Winston Church,,,Nuit avec éclairage allumé,En agglomération,Hors intersection,Pluie légère,Autre collision,,,,,,,,,,,5,2,1,2.0,6.0
201700000786,0017-03-03 22:10:00,17,3,3,22,10,140,720,RD6,48.9578,-0.29962,Nuit sans éclairage public,Hors agglomération,Hors intersection,Pluie légère,Autre collision,,,,,,,,,,,3,1,1,2.0,6.0
201700000787,0017-03-08 15:00:00,17,3,8,15,0,140,64,RD 271,48.9482,-0.08522,Plein jour,Hors agglomération,Hors intersection,Normale,Autre collision,,,,,,,,,,,1,1,1,1.0,6.0
201700000788,0017-03-26 14:30:00,17,3,26,14,30,140,452,VOIE COMMUNALE 112,48.9055,-0.10783,Plein jour,Hors agglomération,Hors intersection,Normale,Deux véhicules - frontale,,,,,,,,,,,1,1,1,1.0,1.0
201700000789,0017-04-05 18:10:00,17,4,5,18,10,140,720,D43- LE MARAIS,48.9521,-0.27912,Plein jour,En agglomération,Hors intersection,Normale,Sans collision,,,,,,,,,,,1,2,1,1.0,7.0
201700000790,0017-07-31 17:20:00,17,7,31,17,20,140,332,RD 69,48.86067,-0.17404,Plein jour,Hors agglomération,Hors intersection,Normale,Autre collision,,,,,,,,,,,1,1,1,1.0,6.0
201700000791,0017-08-06 21:45:00,17,8,6,21,45,140,240,route départementale 511,48.93789,-0.15486,Nuit sans éclairage public,Hors agglomération,Hors intersection,Normale,Autre collision,,,,,,,,,,,3,1,1,1.0,6.0
201700000792,0017-10-13 16:00:00,17,10,13,16,0,140,649,hameau de couvrigny,48.87305,-0.19726,Plein jour,Hors agglomération,Hors intersection,Normale,Autre collision,,,,,,,,,,,1,1,1,1.0,6.0
201700000793,0017-10-25 06:55:00,17,10,25,6,55,140,452,RD 39 B,48.9245,-0.07121,Nuit avec éclairage allumé,En agglomération,Intersection en T,Normale,Deux véhicules - côté,,,,,,,,,,,5,2,3,1.0,3.0
201700000794,0017-11-14 08:25:00,17,11,14,8,25,140,498,RD 63,48.88743,-0.10689,Plein jour,Hors agglomération,Hors intersection,Normale,Deux véhicules - arrière,,,,,,,,,,,1,1,1,1.0,2.0
201700000795,0017-11-16 09:50:00,17,11,16,9,50,140,332,RD69,48.85393,-0.17892,Plein jour,Hors agglomération,Giratoire,Normale,Sans collision,,,,,,,,,,,1,1,6,1.0,7.0
201700000796,0017-11-22 11:30:00,17,11,22,11,30,140,737,D511 Lieu dit le  dernie,48.92007,-0.18534,Plein jour,Hors agglomération,Intersection en T,Normale,Deux véhicules - arrière,,,,,,,,,,,1,1,3,1.0,2.0
201700000797,0017-01-04 16:15:00,17,1,4,16,15,140,127,ROUTE DÉPARTEMENTALE 295,,,Plein jour,Hors agglomération,Hors intersection,Normale,Trois véhicules et plus - collisions multiples,,,,,,,,,,,1,1,1,1.0,5.0
201700000798,0017-02-06 11:15:00,17,2,6,11,15,140,671,LA BESNARDIÈRE,48.857,-1.03523,Plein jour,Hors agglomération,Hors intersection,Normale,Sans collision,,,,,,,,,,,1,1,1,1.0,7.0
201700000799,0017-03-27 22:05:00,17,3,27,22,5,140,187,CHEMIN DE BORDEAUX,,,Nuit sans éclairage public,Hors agglomération,Hors intersection,Normale,Autre collision,,,,,,,,,,,3,1,1,1.0,6.0
201700000800,0017-05-25 17:35:00,17,5,25,17,35,140,762,19 rue des vaux,48.83543,-0.89368,Plein jour,En agglomération,Hors intersection,Normale,Deux véhicules - frontale,,,,,,,,,,,1,2,1,1.0,1.0
201700000801,0017-06-11 10:15:00,17,6,11,10,15,140,511,RD 185,48.92915,-0.97702,Plein jour,Hors agglomération,Intersection en Y,Normale,Sans collision,,,,,,,,,,,1,1,4,1.0,7.0
201700000802,0017-07-21 18:15:00,17,7,21,18,15,140,762,La sorrière du perret,48.88203,-0.85638,Plein jour,Hors agglomération,Hors intersection,Normale,Trois véhicules et plus - en chaîne,,,,,,,,,,,1,1,1,1.0,4.0
201700000803,0017-09-08 11:00:00,17,9,8,11,0,140,762,Rue Charles Tellier,48.85652,-0.87956,Plein jour,En agglomération,Intersection en T,Normale,Deux véhicules - côté,,,,,,,,,,,1,2,3,1.0,3.0
201700000804,0017-09-08 12:00:00,17,9,8,12,0,140,584,La  Morcellière,48.79305,-0.89433,Plein jour,Hors agglomération,Intersection en T,Pluie légère,Deux véhicules - frontale,,,,,,,,,,,1,1,3,2.0,1.0
201700000805,0017-10-13 20:00:00,17,10,13,20,0,140,417,les  vignes,48.84031,-0.98668,Crépuscule ou aube,Hors agglomération,Intersection en X,Normale,Deux véhicules - côté,,,,,,,,,,,2,1,2,1.0,3.0
201700000806,0017-11-13 08:00:00,17,11,13,8,0,140,762,place du 06 juin 1944,48.8384,-0.88906,Plein jour,En agglomération,Giratoire,Normale,Autre collision,,,,,,,,,,,1,2,6,1.0,6.0
201700000807,0017-11-18 13:45:00,17,11,18,13,45,140,762,12 rue de Caen,48.85008,-0.88207,Plein jour,En agglomération,Hors intersection,Normale,Deux véhicules - côté,,,,,,,,,,,1,2,1,1.0,3.0
201700000808,0017-06-20 16:55:00,17,6,20,16,55,500,99,"voie de la liberté, RD 9",49.29669,-1.25538,Plein jour,Hors agglomération,Hors intersection,Normale,Sans collision,,,,,,,,,,,1,1,1,1.0,7.0
201700000809,0017-07-08 16:20:00,17,7,8,16,20,500,631,Départementale 613,49.30865,-1.14055,Plein jour,Hors agglomération,Hors intersection,Temps éblouissant,Autre collision,,,,,,,,,,,1,1,1,7.0,6.0
201700000810,0017-07-10 14:45:00,17,7,10,14,45,500,445,le port,49.22809,-1.25446,Plein jour,Hors agglomération,Intersection en T,Normale,Deux véhicules - frontale,,,,,,,,,,,1,1,3,1.0,1.0
201700000811,0017-07-13 16:15:00,17,7,13,16,15,500,99,ROUTE DE ST COME,49.31265,-1.25778,Plein jour,Hors agglomération,Hors intersection,Normale,Deux véhicules - arrière,,,,,,,,,,,1,1,1,1.0,2.0
201700000812,0017-07-19 12:00:00,17,7,19,12,0,500,99,n° 3 Rue du Vieux lavoir,49.29915,-1.24551,Plein jour,En agglomération,Hors intersection,Normale,Deux véhicules - frontale,,,,,,,,,,,1,2,1,1.0,1.0
201700000813,0017-08-16 21:20:00,17,8,16,21,20,500,99,Rue de la Guinguette,49.30179,-1.2623,Crépuscule ou aube,En agglomération,Hors intersection,Normale,Sans collision,,,,,,,,,,,2,2,1,1.0,7.0
201700000814,0017-08-24 16:25:00,17,8,24,16,25,500,23,route d'auvers - CD 223,49.29597,-1.29524,Plein jour,Hors agglomération,Hors intersection,Normale,Deux véhicules - frontale,,,,,,,,,,,1,1,1,1.0,1.0
201700000815,0017-09-25 14:45:00,17,9,25,14,45,500,99,rue de la république,49.3043,-1.24531,Plein jour,En agglomération,Intersection en X,Normale,Autre collision,,,,,,,,,,,1,2,2,1.0,6.0
201700000816,0017-11-09 07:40:00,17,11,9,7,40,500,422,d971 route de CARENTAN,,,Crépuscule ou aube,Hors agglomération,Hors intersection,Normale,Deux véhicules - côté,,,,,,,,,,,2,1,1,1.0,3.0
201700000817,0017-01-18 15:35:00,17,1,18,15,35,500,202,lieu dit Le Bosq,49.01857,-0.99307,Plein jour,Hors agglomération,Intersection en T,Normale,Deux véhicules - côté,,,,,,,,,,,1,1,3,1.0,3.0
201700000818,0017-01-30 16:00:00,17,1,30,16,0,500,202,la lande d 974,49.0252,-0.9961,Plein jour,Hors agglomération,Intersection en X,Normale,Deux véhicules - côté,,,,,,,,,,,1,1,2,1.0,3.0
201700000819,0017-02-13 14:40:00,17,2,13,14,40,940,54,SUD/UNION,48.7294,2.36882,Plein jour,Hors agglomération,Intersection en Y,Normale,Deux véhicules - arrière,,,,,,,,,,,1,1,4,1.0,2.0
201700000820,0017-03-14 12:40:00,17,3,14,12,40,940,54,SEVILLE/SUD,48.7301,2.37073,Plein jour,Hors agglomération,Intersection en Y,Normale,Trois véhicules et plus - en chaîne,,,,,,,,,,,1,1,4,1.0,4.0
201700000821,0017-03-16 15:00:00,17,3,16,15,0,940,54,AV DE L'OUEST,,,Plein jour,Hors agglomération,Hors intersection,Normale,Deux véhicules - arrière,,,,,,,,,,,1,1,1,1.0,2.0
201700000822,0017-03-31 14:30:00,17,3,31,14,30,940,54,AV DE L'UNION,48.733,2.3717,Plein jour,Hors agglomération,Hors intersection,Normale,Autre collision,,,,,,,,,,,1,1,1,1.0,6.0
201700000823,0017-03-24 05:45:00,17,3,24,5,45,940,54,AV DE L'OUEST,48.7293,2.3596,Crépuscule ou aube,Hors agglomération,Hors intersection,Normale,Deux véhicules - côté,,,,,,,,,,,2,1,1,1.0,3.0
201700000824,0017-04-06 18:00:00,17,4,6,18,0,940,54,AV DE PARIS,48.7376,2.36495,Plein jour,Hors agglomération,Hors intersection,Normale,Deux véhicules - arrière,,,,,,,,,,,1,1,1,1.0,2.0
201700000825,0017-04-07 14:30:00,17,4,7,14,30,940,54,AV DE PARIS,48.7329,2.36713,Plein jour,Hors agglomération,Hors intersection,Normale,Deux véhicules - arrière,,,,,,,,,,,1,1,1,1.0,2.0
201700000826,0017-04-12 17:20:00,17,4,12,17,20,940,54,LINÉAIRE PRIVÉ OUEST,48.7277,2.36015,Plein jour,Hors agglomération,Hors intersection,Normale,Autre collision,,,,,,,,,,,1,1,1,1.0,6.0
201700000827,0017-04-25 04:50:00,17,4,25,4,50,940,54,AV SUD,48.7293,2.37049,Nuit avec éclairage allumé,Hors agglomération,Hors intersection,Normale,Autre collision,,,,,,,,,,,5,1,1,1.0,6.0
201700000828,0017-05-01 06:00:00,17,5,1,6,0,940,54,AV SUD,48.7283,2.36659,Crépuscule ou aube,Hors agglomération,Hors intersection,Normale,Autre collision,,,,,,,,,,,2,1,1,1.0,6.0
201700000829,0017-05-28 05:30:00,17,5,28,5,30,500,404,CD213 - la renardière,49.03969,-0.91565,Crépuscule ou aube,Hors agglomération,Hors intersection,Normale,Autre collision,,,,,,,,,,,2,1,1,1.0,6.0
201700000830,0017-05-16 08:00:00,17,5,16,8,0,940,54,R DU MUSÉE,48.7303,2.36801,Plein jour,Hors agglomération,Hors intersection,Normale,Deux véhicules - arrière,,,,,,,,,,,1,1,1,1.0,2.0
201700000831,0017-05-22 07:00:00,17,5,22,7,0,940,54,AV DE PARIS,48.7381,2.36458,Plein jour,En agglomération,Hors intersection,Normale,Trois véhicules et plus - collisions multiples,,,,,,,,,,,1,2,1,1.0,5.0
201700000832,0017-06-16 15:25:00,17,6,16,15,25,500,492,ld la POURIE,49.08747,-1.02248,Plein jour,Hors agglomération,Hors intersection,Normale,Sans collision,,,,,,,,,,,1,1,1,1.0,7.0
201700000833,0017-07-12 11:50:00,17,7,12,11,50,500,32,D972,49.11757,-1.03872,Plein jour,Hors agglomération,Hors intersection,Pluie légère,Trois véhicules et plus - collisions multiples,,,,,,,,,,,1,1,1,2.0,5.0
201700000834,0017-06-16 10:20:00,17,6,16,10,20,940,54,PARKING P0,48.7288,2.36023,Plein jour,Hors agglomération,Hors intersection,Normale,Autre collision,,,,,,,,,,,1,1,1,1.0,6.0
201700000835,0017-09-24 18:45:00,17,9,24,18,45,500,139,RN 174 - PK 8.8,49.03785,-1.00014,Crépuscule ou aube,Hors agglomération,Hors intersection,Pluie légère,Deux véhicules - côté,,,,,,,,,,,2,1,1,2.0,3.0
201700000836,0017-10-02 06:15:00,17,10,2,6,15,500,224,le saussey,48.98581,-0.95501,Nuit sans éclairage public,Hors agglomération,Intersection en X,Normale,Deux véhicules - côté,,,,,,,,,,,3,1,2,1.0,3.0
201700000837,0017-10-06 20:15:00,17,10,6,20,15,500,601,RD13 - Lieu-dit La Champ,49.03479,-0.99055,Nuit sans éclairage public,Hors agglomération,Hors intersection,Normale,Sans collision,,,,,,,,,,,3,1,1,1.0,7.0
201700000838,0017-10-26 06:50:00,17,10,26,6,50,500,556,RD 449 - lieu dit le ham,49.06463,-1.04758,Nuit sans éclairage public,Hors agglomération,Intersection en T,Brouillard / fumée,Autre collision,,,,,,,,,,,3,1,3,5.0,6.0
201700000839,0017-10-26 07:00:00,17,10,26,7,0,500,492,La Crespelière,49.0908,-1.00535,Crépuscule ou aube,Hors agglomération,Hors intersection,Brouillard / fumée,Autre collision,,,,,,,,,,,2,1,1,5.0,6.0
201700000840,0017-11-12 00:45:00,17,11,12,0,45,500,444,le bibaux - Saint sympho,49.01812,-0.91837,Nuit sans éclairage public,En agglomération,Hors intersection,Pluie légère,Autre collision,,,,,,,,,,,3,2,1,2.0,6.0
201700000841,0017-12-06 16:15:00,17,12,6,16,15,500,444,lieu dit LES FRESNES,49.03624,-0.93326,Plein jour,Hors agglomération,Hors intersection,Normale,Autre collision,,,,,,,,,,,1,1,1,1.0,6.0
201700000842,0017-12-09 06:40:00,17,12,9,6,40,500,139,route de STE SUZANNE,49.05257,-1.0401,Nuit avec éclairage allumé,En agglomération,Hors intersection,Autre,Autre collision,,,,,,,,,,,5,2,1,9.0,6.0
201700000843,0017-12-22 08:05:00,17,12,22,8,5,500,601,RN174,49.02637,-0.98838,Nuit sans éclairage public,Hors agglomération,Hors intersection,Pluie légère,Trois véhicules et plus - collisions multiples,,,,,,,,,,,3,1,1,2.0,5.0
201700000844,0017-08-31 13:00:00,17,8,31,13,0,940,54,Rue Jules Vedrine,,,Plein jour,Hors agglomération,Hors intersection,Normale,Deux véhicules - arrière,,,,,,,,,,,1,1,1,1.0,2.0
201700000845,0017-09-20 13:10:00,17,9,20,13,10,940,54,linaire priv sud face,,,Plein jour,Hors agglomération,Hors intersection,Normale,Autre collision,,,,,,,,,,,1,1,1,1.0,6.0
201700000846,0017-10-06 17:00:00,17,10,6,17,0,940,54,avenue de l'aéroport,,,Plein jour,Hors agglomération,Hors intersection,Normale,Trois véhicules et plus - collisions multiples,,,,,,,,,,,1,1,1,1.0,5.0
201700000847,0017-10-09 11:25:00,17,10,9,11,25,940,54,linaire public orly oue,,,Plein jour,Hors agglomération,Hors intersection,Normale,Autre collision,,,,,,,,,,,1,1,1,1.0,6.0