accident_id,datetime,annee,mois,jour,heure,minute,departement,commune_insee,adresse,latitude,longitude,luminosite,agglomeration,intersection,meteo,collision,nb_vehicules,nb_usagers,nb_indemnes,nb_tues,nb_blesses_hosp,nb_blesses_legers,age_cond_1,age_cond_2,veh_type_cond_1,veh_type_cond_2,lum_code,agg_code,int_code,atm_code,col_code
201700001088,0017-06-18 10:30:00,17,6,18,10,30,720,244,Le souchet,47.73241,-0.29989,Plein jour,Hors agglomération,Hors intersection,Normale,Autre collision,,,,,,,,,,,1,1,1,1.0,6.0
201700001089,0017-07-11 08:35:00,17,7,11,8,35,720,244,lieu dit malvoisine,47.76014,-0.36284,Plein jour,Hors agglomération,Hors intersection,Normale,Sans collision,,,,,,,,,,,1,1,1,1.0,7.0
201700001090,0017-08-07 12:50:00,17,8,7,12,50,720,264,avenue du général lecler,47.84896,-0.34971,Plein jour,En agglomération,Hors intersection,Normale,Trois véhicules et plus - collisions multiples,,,,,,,,,,,1,2,1,1.0,5.0
201700001091,0017-10-20 22:50:00,17,10,20,22,50,720,244,"lieu-dit ""la Bouteilleri",47.79018,-0.30482,Nuit sans éclairage public,Hors agglomération,Hors intersection,Normale,Sans collision,,,,,,,,,,,3,1,1,1.0,7.0
201700001092,0017-11-16 21:20:00,17,11,16,21,20,720,244,La roche,47.74705,-0.33683,Nuit sans éclairage public,Hors agglomération,Hors intersection,Normale,Autre collision,,,,,,,,,,,3,1,1,1.0,6.0
201700001093,0017-11-19 00:01:00,17,11,19,0,1,720,106,Route de Précigné CD 24,47.80557,-0.31601,Nuit sans éclairage public,Hors agglomération,Hors intersection,Brouillard / fumée,Autre collision,,,,,,,,,,,3,1,1,5.0,6.0
201700001094,0017-04-20 09:50:00,17,4,20,9,50,850,16,Les Trois Moulins - RD 5,46.6866,-1.62374,Plein jour,Hors agglomération,Hors intersection,Normale,Deux véhicules - côté,,,,,,,,,,,1,1,1,1.0,3.0
201700001095,0017-01-01 08:30:00,17,1,1,8,30,850,302,,46.97392,-0.9671,Crépuscule ou aube,Hors agglomération,Hors intersection,Brouillard / fumée,Trois véhicules et plus - collisions multiples,,,,,,,,,,,2,1,1,5.0,5.0
201700001096,0017-02-01 08:30:00,17,2,1,8,30,850,97,RD755,46.93427,-1.05624,Plein jour,Hors agglomération,Hors intersection,Pluie légère,Sans collision,,,,,,,,,,,1,1,1,2.0,7.0
201700001097,0017-06-20 23:50:00,17,6,20,23,50,850,293,,47.0121,-1.12375,Nuit sans éclairage public,Hors agglomération,Hors intersection,Normale,Autre collision,,,,,,,,,,,3,1,1,1.0,6.0
201700001098,0017-07-10 00:50:00,17,7,10,0,50,850,302,,46.95777,-0.98705,Nuit sans éclairage public,Hors agglomération,Hors intersection,Normale,Deux véhicules - côté,,,,,,,,,,,3,1,1,1.0,3.0
201700001099,0017-07-29 02:20:00,17,7,29,2,20,850,247,Rue de la Fontaine,46.97215,-1.04834,Nuit sans éclairage public,Hors agglomération,Hors intersection,Normale,Sans collision,,,,,,,,,,,3,1,1,1.0,7.0
201700001100,0017-08-01 20:50:00,17,8,1,20,50,850,48,rue du bocage,46.91909,-0.95931,Plein jour,En agglomération,Giratoire,Normale,Deux véhicules - côté,,,,,,,,,,,1,2,6,1.0,3.0
201700001101,0017-08-30 19:00:00,17,8,30,19,0,850,302,,46.94793,-0.98399,Crépuscule ou aube,Hors agglomération,Giratoire,Pluie légère,Sans collision,,,,,,,,,,,2,1,6,2.0,7.0
201700001102,0017-09-05 02:40:00,17,9,5,2,40,850,302,Rond-point le chat,46.95223,-1.00903,Nuit sans éclairage public,Hors agglomération,Giratoire,Pluie légère,Autre collision,,,,,,,,,,,3,1,6,2.0,6.0
201700001103,0017-09-15 11:45:00,17,9,15,11,45,850,48,le Pont de l'Epinay,46.92477,-0.99112,Plein jour,Hors agglomération,Hors intersection,Normale,Deux véhicules - côté,,,,,,,,,,,1,1,1,1.0,3.0
201700001104,0017-11-09 21:30:00,17,11,9,21,30,850,198,rue de la Loizière,46.99033,-1.03994,Nuit avec éclairage allumé,En agglomération,Hors intersection,Pluie légère,Autre collision,,,,,,,,,,,5,2,1,2.0,6.0
201700001105,0017-12-11 05:50:00,17,12,11,5,50,850,151,L'Yvonnière,47.01547,-0.99905,Nuit sans éclairage public,Hors agglomération,Hors intersection,Vent fort / tempête,Autre collision,,,,,,,,,,,3,1,1,6.0,6.0
201700001106,0017-12-14 12:15:00,17,12,14,12,15,850,302,Avenue du Champ Blanc,46.95858,-1.00327,Plein jour,En agglomération,Giratoire,Pluie légère,Deux véhicules - côté,,,,,,,,,,,1,2,6,2.0,3.0
201700001107,0017-12-26 16:20:00,17,12,26,16,20,850,48,LA CHAINELIERE,46.90484,-0.99149,Plein jour,Hors agglomération,Hors intersection,Pluie légère,Deux véhicules - frontale,,,,,,,,,,,1,1,1,2.0,1.0
201700001108,0017-12-27 18:15:00,17,12,27,18,15,850,238,59 rue du calvaire,46.95885,-0.89323,Nuit avec éclairage allumé,En agglomération,Hors intersection,Pluie légère,Deux véhicules - arrière,,,,,,,,,,,5,2,1,2.0,2.0
201700001109,0017-03-04 19:40:00,17,3,4,19,40,850,3,Route de la Roche,46.73603,-1.59769,Nuit avec éclairage allumé,En agglomération,Intersection en T,Pluie légère,Deux véhicules - côté,,,,,,,,,,,5,2,3,2.0,3.0
201700001110,0017-03-11 03:20:00,17,3,11,3,20,850,300,D948,46.71127,-1.52636,Nuit sans éclairage public,Hors agglomération,Hors intersection,Normale,Deux véhicules - arrière,,,,,,,,,,,3,1,1,1.0,2.0
201700001111,0017-04-18 18:45:00,17,4,18,18,45,850,178,le boucheau,46.74983,-1.45801,Plein jour,Hors agglomération,Intersection en X,Normale,Trois véhicules et plus - collisions multiples,,,,,,,,,,,1,1,2,1.0,5.0
201700001112,0017-07-07 23:00:00,17,7,7,23,0,850,3,La Robiniere,46.72363,-1.65716,Nuit sans éclairage public,Hors agglomération,Hors intersection,Normale,Deux véhicules - frontale,,,,,,,,,,,3,1,1,1.0,1.0
201700001113,0017-07-20 14:00:00,17,7,20,14,0,850,300,La Roussière,46.67858,-1.52404,Plein jour,Hors agglomération,Hors intersection,Normale,Autre collision,,,,,,,,,,,1,1,1,1.0,6.0
201700001114,0017-08-21 12:00:00,17,8,21,12,0,850,129,Rue Travot,46.83556,-1.49415,Plein jour,En agglomération,Hors intersection,Normale,Autre collision,,,,,,,,,,,1,2,1,1.0,6.0
201700001115,0017-09-21 14:45:00,17,9,21,14,45,850,3,,46.65736,-1.65736,Plein jour,Hors agglomération,Intersection en X,Normale,Autre collision,,,,,,,,,,,1,1,2,1.0,6.0
201700001116,0017-09-22 14:00:00,17,9,22,14,0,850,129,La Saulzaie,46.83075,-1.48106,Plein jour,Hors agglomération,Intersection en X,Normale,Deux véhicules - frontale,,,,,,,,,,,1,1,2,1.0,1.0
201700001117,0017-10-04 17:23:00,17,10,4,17,23,850,178,Rue des Rochettes,46.73458,-1.42197,Plein jour,En agglomération,Hors intersection,Temps éblouissant,Deux véhicules - côté,,,,,,,,,,,1,2,1,7.0,3.0
201700001118,0017-10-07 18:00:00,17,10,7,18,0,850,155,Allée des Treilles,46.72044,-1.4518,Plein jour,En agglomération,Intersection en X,Normale,Deux véhicules - côté,,,,,,,,,,,1,2,2,1.0,3.0
201700001119,0017-10-23 07:45:00,17,10,23,7,45,850,178,,46.75998,-1.51174,Crépuscule ou aube,Hors agglomération,Hors intersection,Normale,Trois véhicules et plus - en chaîne,,,,,,,,,,,2,1,1,1.0,4.0
201700001120,0017-11-07 17:00:00,17,11,7,17,0,850,178,L'Aubretière,46.76146,-1.47751,Crépuscule ou aube,Hors agglomération,Hors intersection,Normale,Autre collision,,,,,,,,,,,2,1,1,1.0,6.0
201700001121,0017-11-18 22:00:00,17,11,18,22,0,850,129,Rue des combattants AFN,46.84326,-1.50188,Nuit sans éclairage public,En agglomération,Hors intersection,Brouillard / fumée,Sans collision,,,,,,,,,,,3,2,1,5.0,7.0
201700001122,0017-11-21 16:50:00,17,11,21,16,50,850,178,BD DES DEUX MOULINS,46.77081,-1.50635,Plein jour,En agglomération,Hors intersection,Brouillard / fumée,Autre collision,,,,,,,,,,,1,2,1,5.0,6.0
201700001123,0017-11-22 13:15:00,17,11,22,13,15,850,155,Rue Principale,46.72201,-1.46359,Plein jour,En agglomération,Intersection en Y,Normale,Deux véhicules - côté,,,,,,,,,,,1,2,4,1.0,3.0
201700001124,0017-11-28 16:40:00,17,11,28,16,40,850,155,Le Poly,46.69891,-1.46182,Crépuscule ou aube,Hors agglomération,Hors intersection,Normale,Autre collision,,,,,,,,,,,2,1,1,1.0,6.0
201700001125,0017-12-09 09:00:00,17,12,9,9,0,850,300,PLACE DU Cdt DE MAUPEOU,46.69061,-1.51543,Plein jour,En agglomération,Giratoire,Normale,Deux véhicules - côté,,,,,,,,,,,1,2,6,1.0,3.0
201700001126,0017-01-23 17:30:00,17,1,23,17,30,850,92,Rue des Loges,46.46662,-0.80164,Plein jour,En agglomération,Intersection en X,Normale,Deux véhicules - côté,,,,,,,,,,,1,2,2,1.0,3.0
201700001127,0017-02-04 17:45:00,17,2,4,17,45,850,92,Bd Mal De L. deTassigny,46.47214,-0.79194,Crépuscule ou aube,En agglomération,Hors intersection,Pluie légère,Deux véhicules - frontale,,,,,,,,,,,2,2,1,2.0,1.0
201700001128,0017-02-04 19:45:00,17,2,4,19,45,850,299,D938TER,46.39112,-0.87482,Nuit sans éclairage public,Hors agglomération,Hors intersection,Pluie forte,Trois véhicules et plus - collisions multiples,,,,,,,,,,,3,1,1,3.0,5.0
201700001129,0017-04-28 13:00:00,17,4,28,13,0,850,92,route d'Auzay,46.46744,-0.84438,Plein jour,Hors agglomération,Intersection en X,Normale,Deux véhicules - côté,,,,,,,,,,,1,1,2,1.0,3.0
201700001130,0017-05-18 09:30:00,17,5,18,9,30,850,126,RUE DES FILASSES,46.48248,-0.84733,Plein jour,Hors agglomération,Intersection en X,Pluie légère,Deux véhicules - côté,,,,,,,,,,,1,1,2,2.0,3.0
201700001131,0017-06-06 17:45:00,17,6,6,17,45,850,92,Place de l'Ouillette,46.46394,-0.79218,Plein jour,En agglomération,Giratoire,Normale,Deux véhicules - côté,,,,,,,,,,,1,2,6,1.0,3.0
201700001132,0017-08-06 11:20:00,17,8,6,11,20,850,299,LA GRANDE BOBINE,46.39978,-0.87003,Plein jour,Hors agglomération,Hors intersection,Normale,Deux véhicules - arrière,,,,,,,,,,,1,1,1,1.0,2.0
201700001133,0017-11-13 16:35:00,17,11,13,16,35,850,92,Boulevard Hoche,46.46009,-0.79773,Plein jour,En agglomération,Hors intersection,Temps éblouissant,Autre collision,,,,,,,,,,,1,2,1,7.0,6.0
201700001134,0017-11-20 07:55:00,17,11,20,7,55,850,91,,46.42877,-0.83501,Crépuscule ou aube,Hors agglomération,Intersection en X,Brouillard / fumée,Deux véhicules - côté,,,,,,,,,,,2,1,2,5.0,3.0
201700001135,0017-11-21 00:30:00,17,11,21,0,30,850,126,,46.46644,-0.87678,Nuit sans éclairage public,Hors agglomération,Giratoire,Brouillard / fumée,Autre collision,,,,,,,,,,,3,1,6,5.0,6.0
201700001136,0017-11-24 20:45:00,17,11,24,20,45,850,121,LA HUTTE DU BOUIL,46.41547,-0.96715,Nuit avec éclairage allumé,Hors agglomération,Hors intersection,Pluie forte,Autre collision,,,,,,,,,,,5,1,1,3.0,6.0
201700001137,0017-11-27 18:20:00,17,11,27,18,20,850,92,Av du Général de Gaule,46.4623,-0.80458,Nuit avec éclairage allumé,En agglomération,Giratoire,Normale,Deux véhicules - frontale,,,,,,,,,,,5,2,6,1.0,1.0
201700001138,0017-12-16 11:05:00,17,12,16,11,5,850,92,boulevard du chail,46.46231,-0.80424,Plein jour,En agglomération,Hors intersection,Normale,Autre collision,,,,,,,,,,,1,2,1,1.0,6.0
201700001139,0017-11-29 14:00:00,17,11,29,14,0,850,113,Route de la Tonnelle,46.71679,-2.36122,Plein jour,Hors agglomération,Intersection en X,Normale,Deux véhicules - côté,,,,,,,,,,,1,1,2,1.0,3.0
201700001140,0017-08-11 13:00:00,17,8,11,13,0,850,112,CHEMIN DE GARNAUD,46.57526,-1.76601,Plein jour,Hors agglomération,Hors intersection,Normale,Deux véhicules - arrière,,,,,,,,,,,1,1,1,1.0,2.0
201700001141,0017-09-17 02:15:00,17,9,17,2,15,850,138,LES AIGREFEUILLES,46.64882,-1.66736,Nuit sans éclairage public,Hors agglomération,Hors intersection,Pluie légère,Autre collision,,,,,,,,,,,3,1,1,2.0,6.0
201700001142,0017-12-03 16:30:00,17,12,3,16,30,850,161,BELLEVUE,46.57152,-1.50909,Plein jour,En agglomération,Hors intersection,Normale,Autre collision,,,,,,,,,,,1,2,1,1.0,6.0
201700001143,0017-04-21 15:20:00,17,4,21,15,20,850,163,2A RUE DES SABLEAUX,47.00312,-2.23516,Plein jour,En agglomération,Hors intersection,Normale,Deux véhicules - côté,,,,,,,,,,,1,2,1,1.0,3.0
201700001144,0017-05-10 08:00:00,17,5,10,8,0,850,106,D948,46.97283,-2.23927,Plein jour,Hors agglomération,Hors intersection,Normale,Deux véhicules - frontale,,,,,,,,,,,1,1,1,1.0,1.0
201700001145,0017-06-19 17:15:00,17,6,19,17,15,850,163,route de Champourroux,46.99915,-2.26316,Plein jour,Hors agglomération,Hors intersection,Normale,Sans collision,,,,,,,,,,,1,1,1,1.0,7.0
201700001146,0017-01-20 18:30:00,17,1,20,18,30,850,71,LE MOULIN A VENT,46.77092,-1.82731,Nuit sans éclairage public,Hors agglomération,Hors intersection,Normale,Deux véhicules - arrière,,,,,,,,,,,3,1,1,1.0,2.0
201700001147,0017-02-27 07:40:00,17,2,27,7,40,850,226,rond point Marais salant,46.71802,-1.93982,Crépuscule ou aube,En agglomération,Giratoire,Pluie forte,Deux véhicules - côté,,,,,,,,,,,2,2,6,3.0,3.0
201700001148,0017-03-31 18:45:00,17,3,31,18,45,850,222,Rue de la Cornue,46.6884,-1.9174,Crépuscule ou aube,En agglomération,Intersection en X,Normale,Deux véhicules - côté,,,,,,,,,,,2,2,2,1.0,3.0
201700001149,0017-04-06 12:30:00,17,4,6,12,30,850,88,Chemin du Grand Fief,46.70588,-1.89453,Plein jour,Hors agglomération,Intersection en X,Normale,Deux véhicules - frontale,,,,,,,,,,,1,1,2,1.0,1.0
201700001150,0017-04-08 00:15:00,17,4,8,0,15,850,35,D12,46.65089,-1.87614,Nuit sans éclairage public,Hors agglomération,Hors intersection,Normale,Sans collision,,,,,,,,,,,3,1,1,1.0,7.0
201700001151,0017-05-23 18:30:00,17,5,23,18,30,850,88,LE ROC,46.7284,-1.8808,Plein jour,Hors agglomération,Hors intersection,Normale,Trois véhicules et plus - collisions multiples,,,,,,,,,,,1,1,1,1.0,5.0
201700001152,0017-06-01 21:30:00,17,6,1,21,30,850,189,Rue de l'Ile de Rié,46.74233,-1.91589,Crépuscule ou aube,En agglomération,Hors intersection,Normale,Deux véhicules - côté,,,,,,,,,,,2,2,1,1.0,3.0
201700001153,0017-06-09 16:40:00,17,6,9,16,40,850,70,rue du bocage,46.70441,-1.75734,Plein jour,En agglomération,Intersection en T,Normale,Deux véhicules - côté,,,,,,,,,,,1,2,3,1.0,3.0
201700001154,0017-06-21 18:45:00,17,6,21,18,45,850,35,Rue de la grande Sauzaie,46.66178,-1.90054,Plein jour,Hors agglomération,Hors intersection,Normale,Deux véhicules - côté,,,,,,,,,,,1,1,1,1.0,3.0
201700001155,0017-07-25 15:35:00,17,7,25,15,35,850,243,"Lieu dit ""LA DUPTIÈRE""",46.60927,-1.79271,Plein jour,Hors agglomération,Hors intersection,Normale,Deux véhicules - frontale,,,,,,,,,,,1,1,1,1.0,1.0
201700001156,0017-07-29 06:55:00,17,7,29,6,55,850,226,Route  St Jean de Monts,46.74684,-1.97649,Crépuscule ou aube,Hors agglomération,Hors intersection,Temps couvert,Deux véhicules - frontale,,,,,,,,,,,2,1,1,8.0,1.0
201700001157,0017-08-08 19:00:00,17,8,8,19,0,850,226,Avenue des Mimosas,46.72192,-1.97461,Plein jour,En agglomération,Hors intersection,Normale,Deux véhicules - arrière,,,,,,,,,,,1,2,1,1.0,2.0
201700001158,0017-08-18 19:00:00,17,8,18,19,0,850,35,29 avenue de l'océan,46.62238,-1.87269,Plein jour,En agglomération,Hors intersection,Normale,Deux véhicules - arrière,,,,,,,,,,,1,2,1,1.0,2.0
201700001159,0017-09-07 11:55:00,17,9,7,11,55,850,243,LES SALBUZETTES,46.61334,-1.82652,Plein jour,Hors agglomération,Intersection en X,Normale,Deux véhicules - côté,,,,,,,,,,,1,1,2,1.0,3.0
201700001160,0017-11-13 21:25:00,17,11,13,21,25,850,268,,46.70508,-1.86029,Nuit sans éclairage public,Hors agglomération,Intersection en X,Normale,Deux véhicules - côté,,,,,,,,,,,3,1,2,1.0,3.0
201700001161,0017-11-24 19:30:00,17,11,24,19,30,850,226,BEAULIEU,46.73813,-1.92713,Nuit sans éclairage public,Hors agglomération,Hors intersection,Normale,Deux véhicules - côté,,,,,,,,,,,3,1,1,1.0,3.0
201700001162,0017-12-31 16:00:00,17,12,31,16,0,850,226,37 avenue des mouettes,46.74996,-2.01898,Plein jour,En agglomération,Hors intersection,Pluie forte,Autre collision,,,,,,,,,,,1,2,1,3.0,6.0
201700001163,0017-05-16 10:40:00,17,5,16,10,40,330,29,avenue du sauternais,44.59534,-0.75257,Plein jour,Hors agglomération,Intersection en T,Normale,Deux véhicules - côté,,,,,,,,,,,1,1,3,1.0,3.0
201700001164,0017-07-15 18:45:00,17,7,15,18,45,330,498,RD 108 - PR 040+400,44.56053,-0.81701,Plein jour,Hors agglomération,Hors intersection,Normale,Deux véhicules - frontale,,,,,,,,,,,1,1,1,1.0,1.0
201700001165,0017-08-27 19:30:00,17,8,27,19,30,330,498,RD3 / Ch.Jacques,44.58103,-0.88497,Plein jour,Hors agglomération,Intersection en T,Normale,Deux véhicules - frontale,,,,,,,,,,,1,1,3,1.0,1.0
201700001166,0017-09-22 17:20:00,17,9,22,17,20,330,436,Route du Barp,44.5435,-0.68115,Plein jour,Hors agglomération,Hors intersection,Normale,Sans collision,,,,,,,,,,,1,1,1,1.0,7.0
201700001167,0017-09-29 20:40:00,17,9,29,20,40,330,436,RD651/RD110E6,44.52141,-0.62685,Nuit avec éclairage non allumé,Hors agglomération,Intersection en X,Normale,Deux véhicules - côté,,,,,,,,,,,4,1,2,1.0,3.0
201700001168,0017-11-14 16:15:00,17,11,14,16,15,330,29,Avenue du Médoc Départem,44.6311,-0.79402,Plein jour,Hors agglomération,Hors intersection,Normale,Deux véhicules - arrière,,,,,,,,,,,1,1,1,1.0,2.0
201700001169,0017-01-14 11:50:00,17,1,14,11,50,330,51,rue jean moulin,44.63544,-0.96348,Plein jour,En agglomération,Intersection en T,Normale,Autre collision,,,,,,,,,,,1,2,3,1.0,6.0
201700001170,0017-01-23 17:10:00,17,1,23,17,10,330,51,rue du taudin,44.6473,-0.96831,Plein jour,En agglomération,Hors intersection,Normale,Autre collision,,,,,,,,,,,1,2,1,1.0,6.0
201700001171,0017-01-28 17:00:00,17,1,28,17,0,330,284,D216 / A660,44.62898,-0.89989,Plein jour,Hors agglomération,Intersection à plus de 4 branches,Temps couvert,Deux véhicules - côté,,,,,,,,,,,1,1,5,8.0,3.0
201700001172,0017-02-16 13:10:00,17,2,16,13,10,330,284,PK14+100 RD 216,44.58473,-0.95048,Plein jour,Hors agglomération,Hors intersection,Normale,Deux véhicules - frontale,,,,,,,,,,,1,1,1,1.0,1.0
201700001173,0017-03-03 17:30:00,17,3,3,17,30,330,51,53 Av côte d'Argent,44.63579,-0.97284,Plein jour,En agglomération,Hors intersection,Normale,Deux véhicules - côté,,,,,,,,,,,1,2,1,1.0,3.0
201700001174,0017-04-09 01:15:00,17,4,9,1,15,330,19,rue cante alaoude,44.69074,-1.01539,Nuit avec éclairage allumé,En agglomération,Intersection en T,Normale,Sans collision,,,,,,,,,,,5,2,3,1.0,7.0
201700001175,0017-04-10 07:10:00,17,4,10,7,10,330,19,RD5E5,44.71806,-0.89408,Crépuscule ou aube,Hors agglomération,Hors intersection,Brouillard / fumée,Deux véhicules - frontale,,,,,,,,,,,2,1,1,5.0,1.0
201700001176,0017-04-13 08:00:00,17,4,13,8,0,330,51,R.Jaures/All.Louisianes,44.64189,-0.96875,Plein jour,En agglomération,Intersection en X,Normale,Deux véhicules - côté,,,,,,,,,,,1,2,2,1.0,3.0
201700001177,0017-05-18 16:40:00,17,5,18,16,40,330,284,RD5-PR57+580 REEL,44.67977,-0.84231,Plein jour,Hors agglomération,Hors intersection,Normale,Trois véhicules et plus - collisions multiples,,,,,,,,,,,1,1,1,1.0,5.0
201700001178,0017-05-20 11:45:00,17,5,20,11,45,330,51,RD1250,44.65369,-0.93313,Plein jour,Hors agglomération,Hors intersection,Normale,Deux véhicules - frontale,,,,,,,,,,,1,1,1,1.0,1.0
201700001179,0017-06-11 07:05:00,17,6,11,7,5,330,19,RD5 PK 48+348,44.74717,-0.91065,Plein jour,Hors agglomération,Hors intersection,Normale,Autre collision,,,,,,,,,,,1,1,1,1.0,6.0
201700001180,0017-07-17 16:45:00,17,7,17,16,45,330,284,route des Douils,44.63797,-0.8875,Plein jour,Hors agglomération,Hors intersection,Normale,Deux véhicules - côté,,,,,,,,,,,1,1,1,1.0,3.0
201700001181,0017-08-09 10:30:00,17,8,9,10,30,330,51,R.Prieuré de/R.Gaillards,44.64979,-0.98529,Plein jour,En agglomération,Intersection en X,Normale,Deux véhicules - côté,,,,,,,,,,,1,2,2,1.0,3.0
201700001182,0017-08-09 11:10:00,17,8,9,11,10,330,284,Avenue de la République,44.60572,-0.93789,Plein jour,En agglomération,Hors intersection,Temps couvert,Autre collision,,,,,,,,,,,1,2,1,8.0,6.0
201700001183,0017-10-19 14:10:00,17,10,19,14,10,330,555,Av. de la Côte d'Argent,44.6835,-0.87177,Plein jour,Hors agglomération,Hors intersection,Normale,Deux véhicules - arrière,,,,,,,,,,,1,1,1,1.0,2.0
201700001184,0017-10-19 18:30:00,17,10,19,18,30,330,51,allée des louisianes,44.64278,-0.96939,Plein jour,En agglomération,Hors intersection,Normale,Autre collision,,,,,,,,,,,1,2,1,1.0,6.0
201700001185,0017-12-05 17:10:00,17,12,5,17,10,330,284,29 route des Douils,44.63498,-0.8912,Plein jour,Hors agglomération,Hors intersection,Normale,Trois véhicules et plus - en chaîne,,,,,,,,,,,1,1,1,1.0,4.0
201700001186,0017-01-05 18:30:00,17,1,5,18,30,330,56,220 Av Gal de Gaulle,44.9292,-0.63516,Nuit avec éclairage allumé,En agglomération,Hors intersection,Normale,Autre collision,,,,,,,,,,,5,2,1,1.0,6.0
201700001187,0017-01-03 19:42:00,17,1,3,19,42,330,56,D209 (Av Labarde),44.92752,-0.56217,Nuit sans éclairage public,Hors agglomération,Hors intersection,Normale,Deux véhicules - frontale,,,,,,,,,,,3,1,1,1.0,1.0
201700001188,0017-01-10 19:15:00,17,1,10,19,15,330,56,Avenue du port du Roy,44.91101,-0.5917,Nuit sans éclairage public,Hors agglomération,Hors intersection,Normale,Autre collision,,,,,,,,,,,3,1,1,1.0,6.0
201700001189,0017-03-03 20:45:00,17,3,3,20,45,330,56,Av.PortduRoy/All.Flamand,44.91091,-0.59319,Nuit avec éclairage allumé,Hors agglomération,Intersection en T,Pluie forte,Autre collision,,,,,,,,,,,5,1,3,3.0,6.0
201700001190,0017-04-21 20:20:00,17,4,21,20,20,330,56,R.De Saint Exupery,44.92402,-0.60777,Nuit avec éclairage allumé,En agglomération,Hors intersection,Normale,Autre collision,,,,,,,,,,,5,2,1,1.0,6.0
201700001191,0017-04-27 15:30:00,17,4,27,15,30,330,312,AV. LABARDE EXD209,44.9689,-0.55441,Plein jour,Hors agglomération,Hors intersection,Normale,Deux véhicules - côté,,,,,,,,,,,1,1,1,1.0,3.0
201700001192,0017-06-20 09:00:00,17,6,20,9,0,330,519,EX RD1215,44.90219,-0.6851,Plein jour,Hors agglomération,Hors intersection,Normale,Deux véhicules - côté,,,,,,,,,,,1,1,1,1.0,3.0
201700001193,0017-07-01 22:20:00,17,7,1,22,20,330,56,Av.Gal De Gaulle/R.Linas,44.92089,-0.63573,Nuit avec éclairage allumé,En agglomération,Intersection en T,Normale,Deux véhicules - côté,,,,,,,,,,,5,2,3,1.0,3.0
201700001194,0017-07-03 12:30:00,17,7,3,12,30,330,519,118 avenue de la boétie,44.9042,-0.70031,Plein jour,En agglomération,Hors intersection,Normale,Autre collision,,,,,,,,,,,1,2,1,1.0,6.0
201700001195,0017-08-26 11:30:00,17,8,26,11,30,330,56,place de l'église,44.90994,-0.63504,Plein jour,En agglomération,Autre intersection,Normale,Deux véhicules - côté,,,,,,,,,,,1,2,9,1.0,3.0
201700001196,0017-09-07 18:00:00,17,9,7,18,0,330,56,Av.PortduRoy/R.collègeTe,44.91121,-0.61901,Plein jour,En agglomération,Intersection en T,Normale,Deux véhicules - côté,,,,,,,,,,,1,2,3,1.0,3.0
201700001197,0017-09-09 09:05:00,17,9,9,9,5,330,519,AV Dame blanch/R Lagorce,44.90794,-0.65901,Plein jour,En agglomération,Intersection en T,Pluie légère,Trois véhicules et plus - collisions multiples,,,,,,,,,,,1,2,3,2.0,5.0
201700001198,0017-10-05 08:00:00,17,10,5,8,0,330,519,EX D1215,44.90608,-0.70019,Plein jour,Hors agglomération,Hors intersection,Normale,Trois véhicules et plus - en chaîne,,,,,,,,,,,1,1,1,1.0,4.0
201700001199,0017-03-16 16:00:00,17,3,16,16,0,330,422,3256 avenue de bordeaux,44.81391,-0.7399,Plein jour,Hors agglomération,Hors intersection,Normale,Deux véhicules - frontale,,,,,,,,,,,1,1,1,1.0,1.0
201700001200,0017-03-18 19:30:00,17,3,18,19,30,330,422,RD211 E2,44.8181,-0.75292,Nuit sans éclairage public,Hors agglomération,Hors intersection,Normale,Deux véhicules - frontale,,,,,,,,,,,3,1,1,1.0,1.0
201700001201,0017-04-10 06:51:00,17,4,10,6,51,330,422,3738 AVENUE DE BORDEAUX,44.8141,-0.73523,Plein jour,Hors agglomération,Hors intersection,Normale,Deux véhicules - frontale,,,,,,,,,,,1,1,1,1.0,1.0
201700001202,0017-06-01 07:15:00,17,6,1,7,15,330,273,EX RD213 - PR 16.150,44.83462,-0.81068,Plein jour,Hors agglomération,Hors intersection,Brouillard / fumée,Deux véhicules - frontale,,,,,,,,,,,1,1,1,5.0,1.0
201700001203,0017-06-23 15:00:00,17,6,23,15,0,330,422,allée de peronette,44.80963,-0.74366,Plein jour,Hors agglomération,Hors intersection,Normale,Deux véhicules - arrière,,,,,,,,,,,1,1,1,1.0,2.0
201700001204,0017-11-01 10:00:00,17,11,1,10,0,330,273,EX RD 213,44.83387,-0.81735,Plein jour,Hors agglomération,Hors intersection,Normale,Deux véhicules - frontale,,,,,,,,,,,1,1,1,1.0,1.0
201700001205,0017-12-04 08:00:00,17,12,4,8,0,330,273,Av.J.Moulin ex RD211,44.82977,-0.77667,Plein jour,Hors agglomération,Hors intersection,Temps couvert,Trois véhicules et plus - collisions multiples,,,,,,,,,,,1,1,1,8.0,5.0
201700001206,0017-02-01 08:40:00,17,2,1,8,40,330,449,Av. du Thil,44.88865,-0.69719,Plein jour,En agglomération,Hors intersection,Normale,Autre collision,,,,,,,,,,,1,2,1,1.0,6.0