accident_id,datetime,annee,mois,jour,heure,minute,departement,commune_insee,adresse,latitude,longitude,luminosite,agglomeration,intersection,meteo,collision,nb_vehicules,nb_usagers,nb_indemnes,nb_tues,nb_blesses_hosp,nb_blesses_legers,age_cond_1,age_cond_2,veh_type_cond_1,veh_type_cond_2,lum_code,agg_code,int_code,atm_code,col_code
201700001326,0017-05-17 01:30:00,17,5,17,1,30,330,297,RD5 PR7+570 réel.,45.06323,-0.76336,Nuit sans éclairage public,Hors agglomération,Hors intersection,Normale,Autre collision,,,,,,,,,,,3,1,1,1.0,6.0
201700001327,0017-06-05 18:00:00,17,6,5,18,0,330,22,ROUTE DEPARTEMENTALE 208,45.02045,-0.73519,Plein jour,Hors agglomération,Hors intersection,Normale,Autre collision,,,,,,,,,,,1,1,1,1.0,6.0
201700001328,0017-06-15 12:30:00,17,6,15,12,30,330,297,Rte.BRULE/Rte.MAYNE,45.04954,-0.78003,Plein jour,Hors agglomération,Intersection en T,Normale,Deux véhicules - côté,,,,,,,,,,,1,1,3,1.0,3.0
201700001329,0017-07-02 16:05:00,17,7,2,16,5,330,146,RD 2,45.13662,-0.73264,Plein jour,Hors agglomération,Hors intersection,Normale,Deux véhicules - frontale,,,,,,,,,,,1,1,1,1.0,1.0
201700001330,0017-07-08 07:20:00,17,7,8,7,20,330,297,bouqueyran,45.04973,-0.79801,Crépuscule ou aube,En agglomération,Hors intersection,Pluie forte,Deux véhicules - frontale,,,,,,,,,,,2,2,1,3.0,1.0
201700001331,0017-07-24 09:00:00,17,7,24,9,0,330,22,RD 105 - route de Castel,45.02945,-0.77957,Plein jour,Hors agglomération,Hors intersection,Pluie légère,Autre collision,,,,,,,,,,,1,1,1,2.0,6.0
201700001332,0017-08-28 17:15:00,17,8,28,17,15,330,22,D208/Ch.de Gassiot,45.03192,-0.75354,Plein jour,Hors agglomération,Intersection en X,Normale,Deux véhicules - côté,,,,,,,,,,,1,1,2,1.0,3.0
201700001333,0017-09-20 12:25:00,17,9,20,12,25,330,104,RD 1215 E1,45.03495,-0.79224,Plein jour,Hors agglomération,Hors intersection,Normale,Trois véhicules et plus - collisions multiples,,,,,,,,,,,1,1,1,1.0,5.0
201700001334,0017-10-10 17:15:00,17,10,10,17,15,330,248,RD 1215,45.05581,-0.7962,Plein jour,Hors agglomération,Hors intersection,Normale,Deux véhicules - frontale,,,,,,,,,,,1,1,1,1.0,1.0
201700001335,0017-10-14 06:20:00,17,10,14,6,20,330,417,D104,44.99525,-0.9081,Nuit sans éclairage public,Hors agglomération,Hors intersection,Normale,Autre collision,,,,,,,,,,,3,1,1,1.0,6.0
201700001336,0017-01-23 21:30:00,17,1,23,21,30,330,91,RD2,45.02591,-0.64553,Nuit sans éclairage public,Hors agglomération,Hors intersection,Normale,Deux véhicules - frontale,,,,,,,,,,,3,1,1,1.0,1.0
201700001337,0017-02-10 17:00:00,17,2,10,17,0,330,322,RD2 / R.Musset,44.94563,-0.63145,Plein jour,En agglomération,Intersection en T,Normale,Deux véhicules - côté,,,,,,,,,,,1,2,3,1.0,3.0
201700001338,0017-02-17 07:23:00,17,2,17,7,23,330,256,route de bordeaux,44.98245,-0.62222,Crépuscule ou aube,Hors agglomération,Hors intersection,Brouillard / fumée,Deux véhicules - frontale,,,,,,,,,,,2,1,1,5.0,1.0
201700001339,0017-02-20 10:15:00,17,2,20,10,15,330,12,RD105E1 Av Ligondras,45.01288,-0.67976,Plein jour,Hors agglomération,Hors intersection,Normale,Deux véhicules - frontale,,,,,,,,,,,1,1,1,1.0,1.0
201700001340,0017-03-21 10:30:00,17,3,21,10,30,330,322,1701 Rte de Soulac,44.9509,-0.699,Plein jour,Hors agglomération,Hors intersection,Pluie légère,Deux véhicules - frontale,,,,,,,,,,,1,1,1,2.0,1.0
201700001341,0017-03-28 10:20:00,17,3,28,10,20,330,268,RD2,45.04781,-0.69012,Plein jour,Hors agglomération,Hors intersection,Normale,Deux véhicules - frontale,,,,,,,,,,,1,1,1,1.0,1.0
201700001342,0017-04-10 21:45:00,17,4,10,21,45,330,12,RD105E1,45.01199,-0.67968,Nuit sans éclairage public,En agglomération,Hors intersection,Normale,Sans collision,,,,,,,,,,,3,2,1,1.0,7.0
201700001343,0017-04-21 16:00:00,17,4,21,16,0,330,322,D2 / ch.Palus,44.94831,-0.63079,Plein jour,En agglomération,Giratoire,Normale,Deux véhicules - côté,,,,,,,,,,,1,2,6,1.0,3.0
201700001344,0017-05-06 16:20:00,17,5,6,16,20,330,322,ALLEE DE PETRUCAIL.,44.94742,-0.65017,Plein jour,En agglomération,Hors intersection,Normale,Sans collision,,,,,,,,,,,1,2,1,1.0,7.0
201700001345,0017-05-26 15:00:00,17,5,26,15,0,330,211,route des chateaux,45.015,-0.63936,Plein jour,En agglomération,Hors intersection,Normale,Deux véhicules - frontale,,,,,,,,,,,1,2,1,1.0,1.0
201700001346,0017-06-23 15:45:00,17,6,23,15,45,330,12,D1 / All du COMTE,44.97022,-0.7234,Plein jour,Hors agglomération,Intersection en X,Normale,Trois véhicules et plus - collisions multiples,,,,,,,,,,,1,1,2,1.0,5.0
201700001347,0017-07-29 15:15:00,17,7,29,15,15,330,256,50 chemin de Labarde,44.99249,-0.58507,Plein jour,Hors agglomération,Hors intersection,Normale,Deux véhicules - frontale,,,,,,,,,,,1,1,1,1.0,1.0
201700001348,0017-08-02 18:45:00,17,8,2,18,45,330,10,Route de Pauillac,45.06965,-0.7233,Plein jour,En agglomération,Giratoire,Normale,Sans collision,,,,,,,,,,,1,2,6,1.0,7.0
201700001349,0017-08-03 20:15:00,17,8,3,20,15,330,256,Avenue André Hertig.,44.98342,-0.61248,Crépuscule ou aube,En agglomération,Passage à niveau,Temps éblouissant,Deux véhicules - côté,,,,,,,,,,,2,2,8,7.0,3.0
201700001350,0017-08-25 17:15:00,17,8,25,17,15,330,256,17 route de pauillac,44.97599,-0.62382,Plein jour,En agglomération,Hors intersection,Normale,Deux véhicules - côté,,,,,,,,,,,1,2,1,1.0,3.0
201700001351,0017-09-15 23:15:00,17,9,15,23,15,330,256,Chemin Labarde,44.97995,-0.56338,Nuit sans éclairage public,Hors agglomération,Hors intersection,Normale,Autre collision,,,,,,,,,,,3,1,1,1.0,6.0
201700001352,0017-09-19 17:30:00,17,9,19,17,30,330,322,RD2 / Rue Giraudoux,44.94831,-0.63083,Plein jour,Hors agglomération,Giratoire,Normale,Deux véhicules - côté,,,,,,,,,,,1,1,6,1.0,3.0
201700001353,0017-10-05 21:10:00,17,10,5,21,10,330,322,route de Soulac - RD 1 P,44.94318,-0.69025,Nuit avec éclairage allumé,En agglomération,Hors intersection,Normale,Deux véhicules - frontale,,,,,,,,,,,5,2,1,1.0,1.0
201700001354,0017-11-05 16:30:00,17,11,5,16,30,330,268,33 route d'issan,45.03417,-0.67879,Plein jour,En agglomération,Hors intersection,Normale,Deux véhicules - frontale,,,,,,,,,,,1,2,1,1.0,1.0
201700001355,0017-02-05 08:50:00,17,2,5,8,50,330,207,RD242 / R.des Ecoles,44.91966,-0.35917,Plein jour,En agglomération,Giratoire,Normale,Deux véhicules - côté,,,,,,,,,,,1,2,6,1.0,3.0
201700001356,0017-06-06 13:30:00,17,6,6,13,30,330,15,Route de Jourdan,44.9041,-0.255,Plein jour,Hors agglomération,Hors intersection,Normale,Autre collision,,,,,,,,,,,1,1,1,1.0,6.0
201700001357,0017-06-10 06:40:00,17,6,10,6,40,330,243,RD1089 / RD244,44.92204,-0.22488,Crépuscule ou aube,En agglomération,Intersection en X,Normale,Deux véhicules - frontale,,,,,,,,,,,2,2,2,1.0,1.0
201700001358,0017-08-07 22:50:00,17,8,7,22,50,330,15,"lieu-dit ""les pelles"".",44.89617,-0.27239,Nuit sans éclairage public,Hors agglomération,Hors intersection,Normale,Sans collision,,,,,,,,,,,3,1,1,1.0,7.0
201700001359,0017-08-31 10:30:00,17,8,31,10,30,330,222,D1089/R.COMMANDERIE,44.95691,-0.18407,Plein jour,En agglomération,Intersection en X,Normale,Deux véhicules - côté,,,,,,,,,,,1,2,2,1.0,3.0
201700001360,0017-09-08 18:00:00,17,9,8,18,0,330,328,D1089 / Ch. Ormeaux,44.93227,-0.22145,Plein jour,Hors agglomération,Intersection en X,Normale,Deux véhicules - côté,,,,,,,,,,,1,1,2,1.0,3.0
201700001361,0017-09-27 19:50:00,17,9,27,19,50,330,243,118 Av.Mal Foch D910E4,44.92286,-0.24128,Crépuscule ou aube,En agglomération,Hors intersection,Normale,Trois véhicules et plus - collisions multiples,,,,,,,,,,,2,2,1,1.0,5.0
201700001362,0017-10-20 17:00:00,17,10,20,17,0,330,243,D910/All.CASTORS,44.93539,-0.23627,Plein jour,En agglomération,Intersection en T,Normale,Deux véhicules - côté,,,,,,,,,,,1,2,3,1.0,3.0
201700001363,0017-10-28 23:50:00,17,10,28,23,50,330,222,D1089/D121E3 Marchesseau,44.94279,-0.2055,Nuit sans éclairage public,Hors agglomération,Intersection en T,Normale,Deux véhicules - côté,,,,,,,,,,,3,1,3,1.0,3.0
201700001364,0017-11-18 15:00:00,17,11,18,15,0,330,243,RD910E4 / BD BEAUSEJOUR,44.92588,-0.23991,Plein jour,En agglomération,Intersection en T,Normale,Deux véhicules - frontale,,,,,,,,,,,1,2,3,1.0,1.0
201700001365,0017-11-16 06:35:00,17,11,16,6,35,330,243,RD 244 / RD 1089,44.92206,-0.22479,Crépuscule ou aube,En agglomération,Intersection à plus de 4 branches,Normale,Deux véhicules - côté,,,,,,,,,,,2,2,5,1.0,3.0
201700001366,0017-12-11 13:25:00,17,12,11,13,25,330,243,35 Allée Robert Boulin,44.91733,-0.24077,Plein jour,En agglomération,Giratoire,Pluie légère,Autre collision,,,,,,,,,,,1,2,6,2.0,6.0
201700001367,0017-01-02 07:00:00,17,1,2,7,0,330,181,Limit comm Belves de Cas,,,Nuit sans éclairage public,Hors agglomération,Hors intersection,Brouillard / fumée,Deux véhicules - frontale,,,,,,,,,,,3,1,1,5.0,1.0
201700001368,0017-02-13 17:50:00,17,2,13,17,50,330,362,D674 - lieu-dit Bel Air,45.01236,-0.16348,Plein jour,Hors agglomération,Hors intersection,Normale,Autre collision,,,,,,,,,,,1,1,1,1.0,6.0
201700001369,0017-04-07 20:00:00,17,4,7,20,0,330,387,R.Fayet / All.TOUZINAT,45.04974,-0.29913,Plein jour,En agglomération,Intersection en X,Normale,Deux véhicules - côté,,,,,,,,,,,1,2,2,1.0,3.0
201700001370,0017-06-29 07:45:00,17,6,29,7,45,330,362,voir code NATINF,45.01234,-0.16354,Plein jour,Hors agglomération,Hors intersection,Pluie forte,Deux véhicules - côté,,,,,,,,,,,1,1,1,3.0,3.0
201700001371,0017-08-22 17:15:00,17,8,22,17,15,330,393,Ch.moines/Ch. Treilles,44.99321,-0.14658,Plein jour,Hors agglomération,Intersection en X,Normale,Deux véhicules - côté,,,,,,,,,,,1,1,2,1.0,3.0
201700001372,0017-08-27 10:45:00,17,8,27,10,45,330,393,D910 / ch des Rossignols,44.96804,-0.22076,Plein jour,Hors agglomération,Intersection en X,Normale,Trois véhicules et plus - collisions multiples,,,,,,,,,,,1,1,2,1.0,5.0
201700001373,0017-09-01 23:45:00,17,9,1,23,45,330,393,Route de Savignac,44.98365,-0.22849,Nuit sans éclairage public,Hors agglomération,Hors intersection,Normale,Autre collision,,,,,,,,,,,3,1,1,1.0,6.0
201700001374,0017-09-19 08:45:00,17,9,19,8,45,330,362,D247E3 / VC Le Bourg,45.02457,-0.19396,Plein jour,En agglomération,Intersection en T,Normale,Deux véhicules - côté,,,,,,,,,,,1,2,3,1.0,3.0
201700001375,0017-11-10 07:15:00,17,11,10,7,15,330,393,RD1089,44.98492,-0.14202,Crépuscule ou aube,Hors agglomération,Hors intersection,Autre,Deux véhicules - côté,,,,,,,,,,,2,1,1,9.0,3.0
201700001376,0017-01-25 17:16:00,17,1,25,17,16,330,378,RD130 LD Le Sac,44.86691,0.24344,Plein jour,Hors agglomération,Hors intersection,Normale,Autre collision,,,,,,,,,,,1,1,1,1.0,6.0
201700001377,0017-04-06 12:25:00,17,4,6,12,25,330,360,RD141/RD141E1/RD141E2,44.79219,0.21939,Plein jour,Hors agglomération,Intersection en X,Normale,Deux véhicules - côté,,,,,,,,,,,1,1,2,1.0,3.0
201700001378,0017-07-30 14:00:00,17,7,30,14,0,330,369,"Lieu-dit "" Lartingaud""",44.81347,0.21791,Plein jour,Hors agglomération,Hors intersection,Normale,Sans collision,,,,,,,,,,,1,1,1,1.0,7.0
201700001379,0017-01-14 12:30:00,17,1,14,12,30,330,179,Ch Croix / Imp Caussaye,44.97812,-0.24874,Plein jour,En agglomération,Intersection en Y,Normale,Deux véhicules - côté,,,,,,,,,,,1,2,4,1.0,3.0
201700001380,0017-02-24 16:15:00,17,2,24,16,15,330,174,D670 / D670E4,44.9198,-0.27098,Plein jour,Hors agglomération,Intersection en Y,Normale,Deux véhicules - côté,,,,,,,,,,,1,1,4,1.0,3.0
201700001381,0017-03-11 17:45:00,17,3,11,17,45,330,219,RD670 / Rte Mouluire,44.97611,-0.39341,Plein jour,Hors agglomération,Intersection en X,Normale,Deux véhicules - côté,,,,,,,,,,,1,1,2,1.0,3.0
201700001382,0017-06-10 20:50:00,17,6,10,20,50,330,451,6 lieu dit naudin,44.92419,-0.30108,Plein jour,En agglomération,Hors intersection,Normale,Deux véhicules - frontale,,,,,,,,,,,1,2,1,1.0,1.0
201700001383,0017-06-11 18:30:00,17,6,11,18,30,330,317,Ch.BEL AIR/Ch.BAUDRIT.,45.02704,-0.31875,Plein jour,Hors agglomération,Intersection en Y,Temps éblouissant,Deux véhicules - frontale,,,,,,,,,,,1,1,4,7.0,1.0
201700001384,0017-06-25 14:25:00,17,6,25,14,25,330,179,route de Cavignac,45.00966,-0.29095,Plein jour,Hors agglomération,Hors intersection,Normale,Autre collision,,,,,,,,,,,1,1,1,1.0,6.0
201700001385,0017-07-11 19:30:00,17,7,11,19,30,330,179,rue abbé david,44.98804,-0.27651,Plein jour,Hors agglomération,Hors intersection,Normale,Sans collision,,,,,,,,,,,1,1,1,1.0,7.0
201700001386,0017-07-16 15:00:00,17,7,16,15,0,330,179,lieu-dit caillon,45.0053,-0.28436,Plein jour,Hors agglomération,Hors intersection,Normale,Sans collision,,,,,,,,,,,1,1,1,1.0,7.0
201700001387,0017-11-06 07:45:00,17,11,6,7,45,330,548,Route du petit bois,44.97979,-0.28925,Plein jour,Hors agglomération,Hors intersection,Normale,Autre collision,,,,,,,,,,,1,1,1,1.0,6.0
201700001388,0017-11-26 18:15:00,17,11,26,18,15,330,179,RD18/Rte de Libourne,44.98671,-0.26172,Nuit sans éclairage public,En agglomération,Giratoire,Normale,Deux véhicules - côté,,,,,,,,,,,3,2,6,1.0,3.0
201700001389,0017-12-01 07:05:00,17,12,1,7,5,330,174,RD670,44.92115,-0.26213,Nuit sans éclairage public,Hors agglomération,Hors intersection,Autre,Deux véhicules - frontale,,,,,,,,,,,3,1,1,9.0,1.0
201700001390,0017-12-12 07:50:00,17,12,12,7,50,330,174,RD670 / VC DAUGEY,44.92023,-0.257,Nuit sans éclairage public,Hors agglomération,Intersection en T,Normale,Deux véhicules - côté,,,,,,,,,,,3,1,3,1.0,3.0
201700001391,0017-02-11 00:30:00,17,2,11,0,30,240,497,sainte sabine en born,44.68804,0.75388,Nuit sans éclairage public,Hors agglomération,Hors intersection,Normale,Autre collision,,,,,,,,,,,3,1,1,1.0,6.0
201700001392,0017-03-26 13:25:00,17,3,26,13,25,240,68,"D29, PR 03+850",44.84115,0.86958,Plein jour,Hors agglomération,Hors intersection,Normale,Sans collision,,,,,,,,,,,1,1,1,1.0,7.0
201700001393,0017-08-21 06:50:00,17,8,21,6,50,240,68,route communal 5,44.81493,0.88577,Crépuscule ou aube,Hors agglomération,Hors intersection,Normale,Autre collision,,,,,,,,,,,2,1,1,1.0,6.0
201700001394,0017-11-09 11:52:00,17,11,9,11,52,240,68,la place,44.84666,0.8419,Plein jour,Hors agglomération,Hors intersection,Temps couvert,Autre collision,,,,,,,,,,,1,1,1,8.0,6.0
201700001395,0017-02-12 17:50:00,17,2,12,17,50,240,23,D 660 PK 016.000,44.83845,0.67712,Plein jour,Hors agglomération,Hors intersection,Temps couvert,Trois véhicules et plus - collisions multiples,,,,,,,,,,,1,1,1,8.0,5.0
201700001396,0017-05-24 19:30:00,17,5,24,19,30,240,558,Panoramic,44.88219,0.82602,Plein jour,Hors agglomération,Hors intersection,Temps éblouissant,Sans collision,,,,,,,,,,,1,1,1,7.0,7.0
201700001397,0017-06-06 12:20:00,17,6,6,12,20,240,240,a maisonnette,44.91278,0.88623,Plein jour,Hors agglomération,Hors intersection,Normale,Trois véhicules et plus - collisions multiples,,,,,,,,,,,1,1,1,1.0,5.0
201700001398,0017-08-08 19:00:00,17,8,8,19,0,240,361,la Rivière,44.8473,0.61153,Plein jour,Hors agglomération,Autre intersection,Normale,Trois véhicules et plus - collisions multiples,,,,,,,,,,,1,1,9,1.0,5.0
201700001399,0017-08-19 16:55:00,17,8,19,16,55,240,362,CD2,44.9529,0.80725,Plein jour,Hors agglomération,Hors intersection,Normale,Sans collision,,,,,,,,,,,1,1,1,1.0,7.0
201700001400,0017-09-24 16:50:00,17,9,24,16,50,240,240,BELLEVUE,44.90537,0.90944,Plein jour,Hors agglomération,Intersection en T,Normale,Sans collision,,,,,,,,,,,1,1,3,1.0,7.0
201700001401,0017-10-01 15:30:00,17,10,1,15,30,240,223,LES FLAMBATS,44.86495,0.77331,Plein jour,Hors agglomération,Hors intersection,Pluie légère,Sans collision,,,,,,,,,,,1,1,1,2.0,7.0
201700001402,0017-01-01 19:30:00,17,1,1,19,30,240,264,La Croix de Pierre,45.01307,0.11637,Plein jour,Hors agglomération,Hors intersection,Normale,Sans collision,,,,,,,,,,,1,1,1,1.0,7.0
201700001403,0017-08-16 15:50:00,17,8,16,15,50,400,209,Rue du Docteur LESCAT,43.5633,-1.44451,Plein jour,En agglomération,Intersection en T,Normale,Autre collision,,,,,,,,,,,1,2,3,1.0,6.0
201700001404,0017-11-29 16:14:00,17,11,29,16,14,400,322,RD41,44.02979,-1.18199,Plein jour,Hors agglomération,Hors intersection,Normale,Deux véhicules - côté,,,,,,,,,,,1,1,1,1.0,3.0
201700001405,0017-02-12 17:15:00,17,2,12,17,15,400,283,Route de Buglose,43.77444,-0.99654,Plein jour,Hors agglomération,Hors intersection,Normale,Deux véhicules - côté,,,,,,,,,,,1,1,1,1.0,3.0
201700001406,0017-04-09 06:45:00,17,4,9,6,45,400,283,"D27, route de Basta, Bug",43.76604,-1.00069,Nuit sans éclairage public,Hors agglomération,Hors intersection,Normale,Sans collision,,,,,,,,,,,3,1,1,1.0,7.0
201700001407,0017-05-01 18:15:00,17,5,1,18,15,400,314,D6,43.67278,-1.10265,Plein jour,Hors agglomération,Hors intersection,Pluie légère,Autre collision,,,,,,,,,,,1,1,1,2.0,6.0
201700001408,0017-06-14 16:49:00,17,6,14,16,49,400,123,DEPARTEMENTALE 947,43.8134,-1.08653,Plein jour,Hors agglomération,Intersection à plus de 4 branches,Normale,Deux véhicules - côté,,,,,,,,,,,1,1,5,1.0,3.0
201700001409,0017-06-23 06:55:00,17,6,23,6,55,400,35,1145 route du potier,43.63588,-1.044,Crépuscule ou aube,Hors agglomération,Hors intersection,Pluie légère,Deux véhicules - côté,,,,,,,,,,,2,1,1,2.0,3.0
201700001410,0017-02-26 20:45:00,17,2,26,20,45,400,184,avenue de la plage,44.21162,-1.26691,Nuit sans éclairage public,En agglomération,Intersection en T,Normale,Deux véhicules - côté,,,,,,,,,,,3,2,3,1.0,3.0
201700001411,0017-06-09 19:30:00,17,6,9,19,30,400,182,5 avenue du born,44.07814,-1.16311,Plein jour,En agglomération,Hors intersection,Normale,Deux véhicules - côté,,,,,,,,,,,1,2,1,1.0,3.0
201700001412,0017-08-19 19:45:00,17,8,19,19,45,400,184,22 AVENUE DE VIGON,44.20611,-1.2267,Plein jour,En agglomération,Hors intersection,Normale,Trois véhicules et plus - collisions multiples,,,,,,,,,,,1,2,1,1.0,5.0
201700001413,0017-11-24 12:00:00,17,11,24,12,0,400,278,D626,44.22269,-1.15559,Plein jour,En agglomération,Intersection en X,Normale,Deux véhicules - frontale,,,,,,,,,,,1,2,2,1.0,1.0
201700001414,0017-12-26 18:50:00,17,12,26,18,50,400,184,Avenue de la Plage,44.21072,-1.25562,Nuit avec éclairage allumé,En agglomération,Intersection en T,Pluie légère,Deux véhicules - côté,,,,,,,,,,,5,2,3,2.0,3.0
201700001415,0017-01-01 09:30:00,17,1,1,9,30,470,19,lieu-dit Causida,44.2445,0.70839,Plein jour,Hors agglomération,Hors intersection,Normale,Sans collision,,,,,,,,,,,1,1,1,1.0,7.0
201700001416,0017-01-20 19:05:00,17,1,20,19,5,470,157,lanarat,44.48865,0.14755,Nuit avec éclairage non allumé,Hors agglomération,Hors intersection,Normale,Autre collision,,,,,,,,,,,4,1,1,1.0,6.0
201700001417,0017-01-28 19:40:00,17,1,28,19,40,470,157,104 avenue condorcet,44.5195,0.17711,Nuit avec éclairage non allumé,En agglomération,Hors intersection,Normale,Sans collision,,,,,,,,,,,4,2,1,1.0,7.0
201700001418,0017-02-01 18:50:00,17,2,1,18,50,470,157,63 avenue Pierre Buffin,44.5035,0.17683,Nuit avec éclairage allumé,En agglomération,Hors intersection,Normale,Deux véhicules - arrière,,,,,,,,,,,5,2,1,1.0,2.0
201700001419,0017-02-02 08:00:00,17,2,2,8,0,470,24,avenue des lions,44.52727,0.14747,Crépuscule ou aube,Hors agglomération,Hors intersection,Normale,Autre collision,,,,,,,,,,,2,1,1,1.0,6.0
201700001420,0017-04-21 18:30:00,17,4,21,18,30,470,94,CD813,44.44873,0.24083,Plein jour,Hors agglomération,Intersection en X,Normale,Deux véhicules - arrière,,,,,,,,,,,1,1,2,1.0,2.0
201700001421,0017-05-13 23:15:00,17,5,13,23,15,470,157,D933,44.5031,0.14656,Nuit sans éclairage public,Hors agglomération,Hors intersection,Normale,Sans collision,,,,,,,,,,,3,1,1,1.0,7.0
201700001422,0017-05-16 20:05:00,17,5,16,20,5,470,157,20 route de Bordeaux,44.5116,0.13526,Plein jour,Hors agglomération,Giratoire,Temps éblouissant,Deux véhicules - frontale,,,,,,,,,,,1,1,6,7.0,1.0
201700001423,0017-06-14 07:25:00,17,6,14,7,25,470,94,MONTPLAISIR,44.4512,0.23863,Plein jour,Hors agglomération,Hors intersection,Normale,Trois véhicules et plus - en chaîne,,,,,,,,,,,1,1,1,1.0,4.0
201700001424,0017-07-14 19:00:00,17,7,14,19,0,470,157,LDT LANTHILLAC(AVMITTERA,44.5139,0.13028,Plein jour,Hors agglomération,Intersection en X,Temps éblouissant,Deux véhicules - côté,,,,,,,,,,,1,1,2,7.0,3.0
201700001425,0017-08-02 15:00:00,17,8,2,15,0,470,94,D813,44.4449,0.24411,Plein jour,Hors agglomération,Hors intersection,Normale,Deux véhicules - côté,,,,,,,,,,,1,1,1,1.0,3.0
201700001426,0017-09-16 18:30:00,17,9,16,18,30,470,168,D933,44.5898,0.34629,Plein jour,En agglomération,Hors intersection,Normale,Trois véhicules et plus - collisions multiples,,,,,,,,,,,1,2,1,1.0,5.0
201700001427,0017-11-17 15:00:00,17,11,17,15,0,470,157,AVENUE DELUNS MONTAUD,44.5051,0.16454,Plein jour,En agglomération,Hors intersection,Normale,Autre collision,,,,,,,,,,,1,2,1,1.0,6.0
201700001428,0017-12-12 18:30:00,17,12,12,18,30,470,157,AVENUE JEAN JAURES,44.5076,0.14438,Nuit avec éclairage allumé,En agglomération,Hors intersection,Pluie légère,Deux véhicules - côté,,,,,,,,,,,5,2,1,2.0,3.0
201700001429,0017-12-14 15:40:00,17,12,14,15,40,470,157,33 RUE JEAN MERMOZ,44.4989,0.18256,Plein jour,En agglomération,Hors intersection,Normale,Deux véhicules - frontale,,,,,,,,,,,1,2,1,1.0,1.0
201700001430,0017-01-01 00:45:00,17,1,1,0,45,470,203,lieu-dit magnac,44.372,0.8404,Nuit sans éclairage public,Hors agglomération,Hors intersection,Brouillard / fumée,Sans collision,,,,,,,,,,,3,1,1,5.0,7.0
201700001431,0017-01-07 10:45:00,17,1,7,10,45,640,230,AVENUE DES PYRENEES,43.22536,-0.38918,Plein jour,En agglomération,Hors intersection,Temps éblouissant,Autre collision,,,,,,,,,,,1,2,1,7.0,6.0
201700001432,0017-02-06 20:15:00,17,2,6,20,15,640,67,RD 938,43.25778,-0.28808,Nuit sans éclairage public,Hors agglomération,Hors intersection,Pluie légère,Deux véhicules - côté,,,,,,,,,,,3,1,1,2.0,3.0
201700001433,0017-02-16 13:09:00,17,2,16,13,9,640,230,RD 934,43.18623,-0.39297,Plein jour,Hors agglomération,Hors intersection,Normale,Deux véhicules - arrière,,,,,,,,,,,1,1,1,1.0,2.0
201700001434,0017-02-18 15:00:00,17,2,18,15,0,640,67,20 CHEMIN DE L'EGALITE,43.2489,-0.3025,Plein jour,En agglomération,Hors intersection,Normale,Autre collision,,,,,,,,,,,1,2,1,1.0,6.0
201700001435,0017-04-05 07:55:00,17,4,5,7,55,640,230,RN 134,43.25048,-0.38889,Plein jour,Hors agglomération,Hors intersection,Pluie légère,Autre collision,,,,,,,,,,,1,1,1,2.0,6.0
201700001436,0017-04-30 11:15:00,17,4,30,11,15,640,478,RD 217,43.28001,-0.44035,Plein jour,Hors agglomération,Hors intersection,Normale,Deux véhicules - frontale,,,,,,,,,,,1,1,1,1.0,1.0
201700001437,0017-05-30 10:47:00,17,5,30,10,47,640,230,RN 134,43.25135,-0.38904,Plein jour,Hors agglomération,Hors intersection,Pluie forte,Deux véhicules - arrière,,,,,,,,,,,1,1,1,3.0,2.0
201700001438,0017-06-29 16:24:00,17,6,29,16,24,640,219,chemin MILORD,43.22301,-0.54495,Plein jour,En agglomération,Hors intersection,Normale,Sans collision,,,,,,,,,,,1,2,1,1.0,7.0
201700001439,0017-07-05 10:25:00,17,7,5,10,25,640,230,PLACE DE LA MAIRIE,43.22952,-0.38677,Plein jour,En agglomération,Hors intersection,Normale,Autre collision,,,,,,,,,,,1,2,1,1.0,6.0
201700001440,0017-04-09 15:45:00,17,4,9,15,45,640,407,CHEMIN DE PAGADOY,43.44584,-1.38523,Plein jour,Hors agglomération,Hors intersection,Normale,Deux véhicules - frontale,,,,,,,,,,,1,1,1,1.0,1.0
201700001441,0017-09-13 16:40:00,17,9,13,16,40,640,304,RD 281,43.49262,-1.4246,Plein jour,Hors agglomération,Intersection en Y,Normale,Deux véhicules - frontale,,,,,,,,,,,1,1,4,1.0,1.0
201700001442,0017-02-13 14:50:00,17,2,13,14,50,640,422,croisement RN 936 et ave,43.20172,-0.63084,Plein jour,Hors agglomération,Intersection en T,Normale,Deux véhicules - côté,,,,,,,,,,,1,1,3,1.0,3.0
201700001443,0017-03-16 10:50:00,17,3,16,10,50,640,422,RUE ALFRED DE VIGNY,43.19207,-0.60918,Plein jour,En agglomération,Hors intersection,Normale,Autre collision,,,,,,,,,,,1,2,1,1.0,6.0
201700001444,0017-03-24 19:00:00,17,3,24,19,0,640,421,RD 920,43.15315,-0.50725,Crépuscule ou aube,En agglomération,Intersection en T,Normale,Deux véhicules - côté,,,,,,,,,,,2,2,3,1.0,3.0
201700001445,0017-06-06 14:30:00,17,6,6,14,30,640,126,AVENUE DU PIC D'ARLAS,43.18242,-0.60595,Plein jour,En agglomération,Hors intersection,Normale,Deux véhicules - côté,,,,,,,,,,,1,2,1,1.0,3.0