accident_id,datetime,annee,mois,jour,heure,minute,departement,commune_insee,adresse,latitude,longitude,luminosite,agglomeration,intersection,meteo,collision,nb_vehicules,nb_usagers,nb_indemnes,nb_tues,nb_blesses_hosp,nb_blesses_legers,age_cond_1,age_cond_2,veh_type_cond_1,veh_type_cond_2,lum_code,agg_code,int_code,atm_code,col_code
201700001446,0017-06-24 15:15:00,17,6,24,15,15,640,422,RUE LEON JOUHAUX,43.19903,-0.61247,Plein jour,En agglomération,Hors intersection,Normale,Deux véhicules - côté,,,,,,,,,,,1,2,1,1.0,3.0
201700001447,0017-08-12 06:20:00,17,8,12,6,20,640,64,RN 134,43.14298,-0.60268,Nuit sans éclairage public,Hors agglomération,Hors intersection,Normale,Deux véhicules - arrière,,,,,,,,,,,3,1,1,1.0,2.0
201700001448,0017-08-26 10:30:00,17,8,26,10,30,640,422,Avenue Loustaunau Lacau,43.19162,-0.62075,Plein jour,En agglomération,Autre intersection,Normale,Autre collision,,,,,,,,,,,1,2,9,1.0,6.0
201700001449,0017-10-18 18:18:00,17,10,18,18,18,640,241,ROUTE DE JOSBAIG,43.23888,-0.68828,Plein jour,En agglomération,Intersection en T,Pluie légère,Deux véhicules - côté,,,,,,,,,,,1,2,3,2.0,3.0
201700001450,0017-10-30 09:15:00,17,10,30,9,15,640,422,RUE JUSTICE,43.1924,-0.60681,Plein jour,En agglomération,Hors intersection,Normale,Autre collision,,,,,,,,,,,1,2,1,1.0,6.0
201700001451,0017-11-15 07:15:00,17,11,15,7,15,640,422,RUE CARREROT,43.18922,-0.61147,Crépuscule ou aube,En agglomération,Hors intersection,Normale,Autre collision,,,,,,,,,,,2,2,1,1.0,6.0
201700001452,0017-01-25 01:40:00,17,1,25,1,40,640,430,ROUTE DE BAYONNE,43.48944,-0.79704,Nuit sans éclairage public,Hors agglomération,Hors intersection,Normale,Autre collision,,,,,,,,,,,3,1,1,1.0,6.0
201700001453,0017-02-19 09:55:00,17,2,19,9,55,640,430,BOUL CHARLES DE GAULLE,43.48673,-0.75942,Plein jour,En agglomération,Intersection en T,Normale,Deux véhicules - côté,,,,,,,,,,,1,2,3,1.0,3.0
201700001454,0017-02-22 12:45:00,17,2,22,12,45,640,430,ROUTE DE BAYONNE,43.48944,-0.79668,Plein jour,En agglomération,Intersection en T,Normale,Deux véhicules - côté,,,,,,,,,,,1,2,3,1.0,3.0
201700001455,0017-07-04 14:30:00,17,7,4,14,30,640,430,AVENUE DU 8 MAI 1945,43.48983,-0.78573,Plein jour,En agglomération,Giratoire,Normale,Deux véhicules - côté,,,,,,,,,,,1,2,6,1.0,3.0
201700001456,0017-12-03 18:30:00,17,12,3,18,30,640,430,Avenue Henri IV,43.4928,-0.78121,Nuit avec éclairage allumé,En agglomération,Hors intersection,Normale,Autre collision,,,,,,,,,,,5,2,1,1.0,6.0
201700001457,0017-06-03 05:45:00,17,6,3,5,45,860,62,6 Rue des Philambins,46.64289,0.35973,Nuit avec éclairage allumé,En agglomération,Hors intersection,Normale,Autre collision,,,,,,,,,,,5,2,1,1.0,6.0
201700001458,0017-06-10 06:00:00,17,6,10,6,0,860,163,rd85,46.63589,0.42975,Crépuscule ou aube,Hors agglomération,Hors intersection,Normale,Sans collision,,,,,,,,,,,2,1,1,1.0,7.0
201700001459,0017-09-04 21:10:00,17,9,4,21,10,860,19,La Garde,,,Nuit sans éclairage public,Hors agglomération,Hors intersection,Normale,Autre collision,,,,,,,,,,,3,1,1,1.0,6.0
201700001460,0017-09-18 23:00:00,17,9,18,23,0,860,95,allée des peupliers,46.7064,0.40817,Nuit avec éclairage allumé,En agglomération,Hors intersection,Normale,Autre collision,,,,,,,,,,,5,2,1,1.0,6.0
201700001461,0017-10-02 08:20:00,17,10,2,8,20,860,163,"D 20, le grand Recoin",46.63257,0.4902,Plein jour,Hors agglomération,Autre intersection,Autre,Deux véhicules - frontale,,,,,,,,,,,1,1,9,9.0,1.0
201700001462,0017-10-04 06:00:00,17,10,4,6,0,860,62,rond point de l'Atlantiq,46.66839,0.36061,Nuit avec éclairage allumé,En agglomération,Giratoire,Normale,Deux véhicules - côté,,,,,,,,,,,5,2,6,1.0,3.0
201700001463,0017-11-04 16:10:00,17,11,4,16,10,860,146,route départementale 21,46.75235,0.39012,Plein jour,Hors agglomération,Hors intersection,Normale,Sans collision,,,,,,,,,,,1,1,1,1.0,7.0
201700001464,0017-02-05 01:45:00,17,2,5,1,45,860,137,avenue des GRILLEMONT,47.00713,0.07405,Nuit sans éclairage public,En agglomération,Intersection en T,Pluie légère,Sans collision,,,,,,,,,,,3,2,3,2.0,7.0
201700001465,0017-04-14 15:15:00,17,4,14,15,15,860,137,D61C PK 0 + 800,47.00874,0.10829,Plein jour,Hors agglomération,Hors intersection,Normale,Deux véhicules - côté,,,,,,,,,,,1,1,1,1.0,3.0
201700001466,0017-05-07 11:40:00,17,5,7,11,40,860,79,2 rue des petites croix,46.96786,0.13975,Plein jour,Hors agglomération,Hors intersection,Normale,Deux véhicules - côté,,,,,,,,,,,1,1,1,1.0,3.0
201700001467,0017-06-04 18:00:00,17,6,4,18,0,860,8,route de la grèves,46.94932,-0.007,Plein jour,Hors agglomération,Hors intersection,Normale,Sans collision,,,,,,,,,,,1,1,1,1.0,7.0
201700001468,0017-07-06 22:40:00,17,7,6,22,40,860,229,"RD 56, PR 1",47.06978,-0.05298,Nuit sans éclairage public,Hors agglomération,Intersection en X,Normale,Deux véhicules - côté,,,,,,,,,,,3,1,2,1.0,3.0
201700001469,0017-07-15 19:20:00,17,7,15,19,20,860,36,RD 347 - Lieu dit Moulin,47.03891,0.04429,Plein jour,Hors agglomération,Hors intersection,Normale,Deux véhicules - frontale,,,,,,,,,,,1,1,1,1.0,1.0
201700001470,0017-07-15 19:50:00,17,7,15,19,50,860,137,3 rue des Fontaines Blan,47.01335,0.07786,Crépuscule ou aube,En agglomération,Intersection en T,Normale,Autre collision,,,,,,,,,,,2,2,3,1.0,6.0
201700001471,0017-09-21 03:20:00,17,9,21,3,20,860,26,RD 759 PK4,47.08745,0.17369,Nuit sans éclairage public,Hors agglomération,Hors intersection,Normale,Autre collision,,,,,,,,,,,3,1,1,1.0,6.0
201700001472,0017-10-01 11:45:00,17,10,1,11,45,860,137,D61-D347 - Niré le dolen,47.01881,0.06877,Plein jour,Hors agglomération,Intersection en X,Normale,Deux véhicules - frontale,,,,,,,,,,,1,1,2,1.0,1.0
201700001473,0017-11-21 19:50:00,17,11,21,19,50,860,79,D14 PK20+400,46.96873,0.17853,Nuit sans éclairage public,Hors agglomération,Hors intersection,Normale,Sans collision,,,,,,,,,,,3,1,1,1.0,7.0
201700001474,0017-04-17 17:15:00,17,4,17,17,15,860,61,Lieu-dit Bernessac,46.13807,0.43893,Plein jour,Hors agglomération,Hors intersection,Normale,Autre collision,,,,,,,,,,,1,1,1,1.0,6.0
201700001475,0017-08-18 19:00:00,17,8,18,19,0,860,61,Départementale 148,46.14318,0.41784,Plein jour,Hors agglomération,Giratoire,Normale,Sans collision,,,,,,,,,,,1,1,6,1.0,7.0
201700001476,0017-10-26 14:30:00,17,10,26,14,30,860,104,La Croix Vinette,46.11189,0.32823,Plein jour,Hors agglomération,Intersection en X,Normale,Trois véhicules et plus - collisions multiples,,,,,,,,,,,1,1,2,1.0,5.0
201700001477,0017-03-31 20:00:00,17,3,31,20,0,160,78,670 rue de l'arêtier,45.68777,0.17879,Crépuscule ou aube,En agglomération,Hors intersection,Normale,Sans collision,,,,,,,,,,,2,2,1,1.0,7.0
201700001478,0017-04-17 11:20:00,17,4,17,11,20,160,61,La Grande garenne,45.73056,0.25209,Plein jour,Hors agglomération,Intersection en X,Normale,Deux véhicules - côté,,,,,,,,,,,1,1,2,1.0,3.0
201700001479,0017-06-02 20:45:00,17,6,2,20,45,160,78,,45.69451,0.18913,Plein jour,Hors agglomération,Hors intersection,Normale,Autre collision,,,,,,,,,,,1,1,1,1.0,6.0
201700001480,0017-06-20 15:15:00,17,6,20,15,15,160,78,Le Champ du Chêne,45.69977,0.14895,Plein jour,En agglomération,Hors intersection,Normale,Deux véhicules - frontale,,,,,,,,,,,1,2,1,1.0,1.0
201700001481,0017-06-26 16:30:00,17,6,26,16,30,160,26,route de vindelle,45.71382,0.14397,Plein jour,En agglomération,Hors intersection,Normale,Autre collision,,,,,,,,,,,1,2,1,1.0,6.0
201700001482,0017-07-12 20:30:00,17,7,12,20,30,160,61,Les Frottards,45.71866,0.25519,Plein jour,Hors agglomération,Hors intersection,Normale,Autre collision,,,,,,,,,,,1,1,1,1.0,6.0
201700001483,0017-07-19 01:00:00,17,7,19,1,0,160,78,rue des capucines,45.70434,0.16954,Nuit sans éclairage public,Hors agglomération,Hors intersection,Normale,Autre collision,,,,,,,,,,,3,1,1,1.0,6.0
201700001484,0017-10-17 12:00:00,17,10,17,12,0,160,78,RUE DES CORMIERS,45.70289,0.19166,Plein jour,Hors agglomération,Hors intersection,Normale,Deux véhicules - frontale,,,,,,,,,,,1,1,1,1.0,1.0
201700001485,0017-10-25 09:45:00,17,10,25,9,45,160,78,RN 10 - PK 43,45.7177,0.18365,Plein jour,Hors agglomération,Hors intersection,Normale,Autre collision,,,,,,,,,,,1,1,1,1.0,6.0
201700001486,0017-11-03 04:00:00,17,11,3,4,0,160,320,RD939,45.75998,0.00252,Nuit sans éclairage public,Hors agglomération,Hors intersection,Normale,Autre collision,,,,,,,,,,,3,1,1,1.0,6.0
201700001487,0017-03-07 16:45:00,17,3,7,16,45,160,193,La Combe a Rivet,45.73445,-0.39298,Plein jour,Hors agglomération,Hors intersection,Pluie légère,Sans collision,,,,,,,,,,,1,1,1,2.0,7.0
201700001488,0017-05-17 12:00:00,17,5,17,12,0,160,97,Lieu-dit Mongot,45.75288,-0.33928,Plein jour,Hors agglomération,Hors intersection,Normale,Deux véhicules - arrière,,,,,,,,,,,1,1,1,1.0,2.0
201700001489,0017-06-27 07:25:00,17,6,27,7,25,160,355,Canton Buhet,45.75979,-0.40119,Plein jour,Hors agglomération,Hors intersection,Normale,Deux véhicules - côté,,,,,,,,,,,1,1,1,1.0,3.0
201700001490,0017-10-16 16:33:00,17,10,16,16,33,160,18,Place Brémond d'Ars,45.64247,-0.3842,Plein jour,En agglomération,Place,Normale,Autre collision,,,,,,,,,,,1,2,7,1.0,6.0
201700001491,0017-11-12 12:34:00,17,11,12,12,34,160,152,La Pointe de l'Ormeau,45.65695,-0.36101,Plein jour,Hors agglomération,Intersection en X,Pluie légère,Deux véhicules - côté,,,,,,,,,,,1,1,2,2.0,3.0
201700001492,0017-01-19 07:50:00,17,1,19,7,50,160,320,RD 11- RD 19,45.76223,0.03542,Crépuscule ou aube,Hors agglomération,Intersection en X,Normale,Deux véhicules - côté,,,,,,,,,,,2,1,2,1.0,3.0
201700001493,0017-04-22 10:05:00,17,4,22,10,5,160,348,route de Vibrac,45.64593,0.0341,Plein jour,Hors agglomération,Hors intersection,Normale,Autre collision,,,,,,,,,,,1,1,1,1.0,6.0
201700001494,0017-04-27 13:00:00,17,4,27,13,0,160,320,,45.76231,0.03548,Plein jour,Hors agglomération,Intersection en X,Normale,Deux véhicules - côté,,,,,,,,,,,1,1,2,1.0,3.0
201700001495,0017-05-27 08:00:00,17,5,27,8,0,160,163,carrefour RN 141 - RD 41,45.67109,0.02138,Plein jour,Hors agglomération,Intersection en T,Normale,Deux véhicules - côté,,,,,,,,,,,1,1,3,1.0,3.0
201700001496,0017-12-02 10:45:00,17,12,2,10,45,160,388,50 route d'Angoulême,45.6451,0.06404,Plein jour,Hors agglomération,Hors intersection,Normale,Sans collision,,,,,,,,,,,1,1,1,1.0,7.0
201700001497,0017-12-31 20:00:00,17,12,31,20,0,170,369,Cours Vauban,46.20461,-1.36298,Nuit avec éclairage allumé,En agglomération,Autre intersection,Temps couvert,Autre collision,,,,,,,,,,,5,2,9,8.0,6.0
201700001498,0017-01-03 19:00:00,17,1,3,19,0,170,161,Route départementale 103,46.19216,-1.33823,Nuit sans éclairage public,Hors agglomération,Hors intersection,Normale,Autre collision,,,,,,,,,,,3,1,1,1.0,6.0
201700001499,0017-01-21 03:30:00,17,1,21,3,30,170,121,17 route d'ars,46.20244,-1.45232,Nuit sans éclairage public,Hors agglomération,Hors intersection,Autre,Autre collision,,,,,,,,,,,3,1,1,9.0,6.0
201700001500,0017-03-14 21:35:00,17,3,14,21,35,170,360,CD201E1,46.15972,-1.31848,Nuit sans éclairage public,Hors agglomération,Hors intersection,Normale,Autre collision,,,,,,,,,,,3,1,1,1.0,6.0
201700001501,0017-04-27 07:30:00,17,4,27,7,30,170,51,1bis rue de la glacière,46.18487,-1.39334,Plein jour,En agglomération,Intersection en Y,Normale,Deux véhicules - côté,,,,,,,,,,,1,2,4,1.0,3.0
201700001502,0017-05-03 08:30:00,17,5,3,8,30,170,297,D201,46.15249,-1.28041,Plein jour,Hors agglomération,Hors intersection,Normale,Trois véhicules et plus - collisions multiples,,,,,,,,,,,1,1,1,1.0,5.0
201700001503,0017-05-13 23:00:00,17,5,13,23,0,170,369,avenue philippsburg,46.19704,-1.35514,Nuit avec éclairage allumé,En agglomération,Giratoire,Normale,Deux véhicules - côté,,,,,,,,,,,5,2,6,1.0,3.0
201700001504,0017-05-21 17:05:00,17,5,21,17,5,170,121,D735,46.20027,-1.40413,Plein jour,Hors agglomération,Hors intersection,Normale,Trois véhicules et plus - collisions multiples,,,,,,,,,,,1,1,1,1.0,5.0
201700001505,0017-07-17 11:40:00,17,7,17,11,40,170,369,avenue charles de Gaulle,46.2002,-1.36249,Plein jour,En agglomération,Intersection en T,Normale,Deux véhicules - côté,,,,,,,,,,,1,2,3,1.0,3.0
201700001506,0017-07-19 22:05:00,17,7,19,22,5,170,369,RD735,46.19811,-1.35462,Nuit avec éclairage allumé,En agglomération,Giratoire,Normale,Deux véhicules - côté,,,,,,,,,,,5,2,6,1.0,3.0
201700001507,0017-07-28 10:00:00,17,7,28,10,0,170,360,7 rue adolphe faquet,46.15611,-1.3304,Plein jour,En agglomération,Intersection en X,Normale,Deux véhicules - côté,,,,,,,,,,,1,2,2,1.0,3.0
201700001508,0017-08-15 17:15:00,17,8,15,17,15,170,121,Route de goisil,46.19677,-1.42684,Plein jour,Hors agglomération,Hors intersection,Normale,Sans collision,,,,,,,,,,,1,1,1,1.0,7.0
201700001509,0017-08-17 09:45:00,17,8,17,9,45,170,360,rue chantecorps,46.15947,-1.33143,Plein jour,En agglomération,Hors intersection,Normale,Autre collision,,,,,,,,,,,1,2,1,1.0,6.0
201700001510,0017-09-18 22:10:00,17,9,18,22,10,170,297,154 avenue des dunes,46.15532,-1.26937,Nuit avec éclairage allumé,En agglomération,Hors intersection,Normale,Autre collision,,,,,,,,,,,5,2,1,1.0,6.0
201700001511,0017-03-03 21:35:00,17,3,3,21,35,170,74,La gare,45.21242,-0.36799,Nuit avec éclairage allumé,En agglomération,Passage à niveau,Pluie forte,Deux véhicules - côté,,,,,,,,,,,5,2,8,3.0,3.0
201700001512,0017-03-02 10:00:00,17,3,2,10,0,170,81,carrefour RD 730 / D 253,45.30963,-0.454,Plein jour,Hors agglomération,Intersection en T,Normale,Autre collision,,,,,,,,,,,1,1,3,1.0,6.0
201700001513,0017-03-21 18:30:00,17,3,21,18,30,170,305,lieu dit Les Lauriers,45.339,-0.45893,Plein jour,Hors agglomération,Hors intersection,Normale,Autre collision,,,,,,,,,,,1,1,1,1.0,6.0
201700001514,0017-04-29 19:35:00,17,4,29,19,35,170,305,"Lieu-dit ""Beauséjour""",45.35945,-0.46211,Plein jour,Hors agglomération,Hors intersection,Normale,Deux véhicules - frontale,,,,,,,,,,,1,1,1,1.0,1.0
201700001515,0017-05-21 06:45:00,17,5,21,6,45,170,243,"Lieu-dit ""L'Agriere""",45.24729,-0.28796,Crépuscule ou aube,Hors agglomération,Hors intersection,Normale,Autre collision,,,,,,,,,,,2,1,1,1.0,6.0
201700001516,0017-08-13 03:25:00,17,8,13,3,25,170,74,Chemin rural - Pas de Gu,45.16333,-0.37269,Nuit sans éclairage public,Hors agglomération,Passage à niveau,Normale,Sans collision,,,,,,,,,,,3,1,8,1.0,7.0
201700001517,0017-08-17 00:10:00,17,8,17,0,10,170,240,La petite trappe,45.29599,-0.41213,Nuit sans éclairage public,Hors agglomération,Hors intersection,Normale,Sans collision,,,,,,,,,,,3,1,1,1.0,7.0
201700001518,0017-09-02 02:30:00,17,9,2,2,30,170,454,"Lieu-dit ""Les Bouillards",45.36201,-0.43351,Nuit sans éclairage public,Hors agglomération,Hors intersection,Normale,Autre collision,,,,,,,,,,,3,1,1,1.0,6.0
201700001519,0017-01-13 15:30:00,17,1,13,15,30,170,351,départementale 728,45.80843,-1.06585,Plein jour,Hors agglomération,Hors intersection,Normale,Deux véhicules - frontale,,,,,,,,,,,1,1,1,1.0,1.0
201700001520,0017-04-08 17:35:00,17,4,8,17,35,170,219,CD  728,45.82297,-1.08678,Plein jour,Hors agglomération,Intersection en T,Normale,Trois véhicules et plus - collisions multiples,,,,,,,,,,,1,1,3,1.0,5.0
201700001521,0017-05-11 08:05:00,17,5,11,8,5,170,219,D3,45.83972,-1.0905,Crépuscule ou aube,Hors agglomération,Hors intersection,Pluie forte,Sans collision,,,,,,,,,,,2,1,1,3.0,7.0
201700001522,0017-05-25 15:00:00,17,5,25,15,0,170,58,rue de la pimpelière,45.84649,-1.15777,Plein jour,En agglomération,Autre intersection,Normale,Deux véhicules - frontale,,,,,,,,,,,1,2,9,1.0,1.0
201700001523,0017-05-25 14:15:00,17,5,25,14,15,170,219,départementale 728,45.82301,-1.08684,Plein jour,Hors agglomération,Intersection en X,Normale,Deux véhicules - côté,,,,,,,,,,,1,1,2,1.0,3.0
201700001524,0017-06-18 22:45:00,17,6,18,22,45,170,265,Carrefour D131 - D 118,45.7561,-0.98412,Crépuscule ou aube,Hors agglomération,Intersection en X,Normale,Deux véhicules - côté,,,,,,,,,,,2,1,2,1.0,3.0
201700001525,0017-06-24 14:45:00,17,6,24,14,45,170,189,D 123,45.83255,-1.0336,Plein jour,Hors agglomération,Hors intersection,Normale,Deux véhicules - arrière,,,,,,,,,,,1,1,1,1.0,2.0
201700001526,0017-06-24 15:55:00,17,6,24,15,55,170,219,D 728,45.83098,-1.11497,Plein jour,Hors agglomération,Intersection en X,Normale,Deux véhicules - côté,,,,,,,,,,,1,1,2,1.0,3.0
201700001527,0017-07-15 11:20:00,17,7,15,11,20,170,351,RD 728,45.79399,-1.03645,Plein jour,Hors agglomération,Intersection en X,Normale,Deux véhicules - arrière,,,,,,,,,,,1,1,2,1.0,2.0
201700001528,0017-07-24 12:45:00,17,7,24,12,45,170,351,D728 - rond point des 4,45.79902,-1.04715,Plein jour,Hors agglomération,Giratoire,Normale,Sans collision,,,,,,,,,,,1,1,6,1.0,7.0
201700001529,0017-08-21 00:05:00,17,8,21,0,5,170,219,D728,45.83038,-1.10365,Nuit sans éclairage public,Hors agglomération,Hors intersection,Normale,Autre collision,,,,,,,,,,,3,1,1,1.0,6.0
201700001530,0017-11-17 17:20:00,17,11,17,17,20,170,219,Rue des arums,45.84259,-1.11363,Plein jour,En agglomération,Intersection en X,Normale,Deux véhicules - côté,,,,,,,,,,,1,2,2,1.0,3.0
201700001531,0017-12-25 17:50:00,17,12,25,17,50,170,58,45 rue de la République,45.84122,-1.14101,Crépuscule ou aube,En agglomération,Intersection en T,Normale,Trois véhicules et plus - collisions multiples,,,,,,,,,,,2,2,3,1.0,5.0
201700001532,0017-12-30 23:51:00,17,12,30,23,51,170,219,"CD 728, lieu-dit ""Le bre",45.82961,-1.09795,Nuit sans éclairage public,En agglomération,Intersection en X,Normale,Deux véhicules - côté,,,,,,,,,,,3,2,2,1.0,3.0
201700001533,0017-05-06 04:00:00,17,5,6,4,0,170,83,AVENUE RENE CAILLE - D18,45.83114,-0.90515,Nuit avec éclairage non allumé,En agglomération,Hors intersection,Pluie légère,Autre collision,,,,,,,,,,,4,2,1,2.0,6.0
201700001534,0017-06-12 07:30:00,17,6,12,7,30,170,184,CD 733,45.76582,-0.9395,Plein jour,Hors agglomération,Hors intersection,Normale,Trois véhicules et plus - en chaîne,,,,,,,,,,,1,1,1,1.0,4.0
201700001535,0017-07-30 21:40:00,17,7,30,21,40,170,484,36 avenue de l'ile madam,45.94887,-1.08804,Nuit avec éclairage allumé,En agglomération,Hors intersection,Normale,Autre collision,,,,,,,,,,,5,2,1,1.0,6.0
201700001536,0017-08-02 15:00:00,17,8,2,15,0,170,348,33 rue Maurice Ponte,45.81909,-0.94707,Plein jour,En agglomération,Hors intersection,Normale,Deux véhicules - côté,,,,,,,,,,,1,2,1,1.0,3.0
201700001537,0017-08-07 22:30:00,17,8,7,22,30,170,375,63 rue du bourg,45.93557,-1.04899,Nuit sans éclairage public,En agglomération,Hors intersection,Pluie légère,Sans collision,,,,,,,,,,,3,2,1,2.0,7.0
201700001538,0017-08-27 10:40:00,17,8,27,10,40,170,329,rue de l'Europe,45.91711,-1.05431,Plein jour,En agglomération,Hors intersection,Normale,Autre collision,,,,,,,,,,,1,2,1,1.0,6.0
201700001539,0017-11-15 23:00:00,17,11,15,23,0,170,237,AVENUE GENERAL DE GAULLE,45.90366,-1.03742,Nuit avec éclairage allumé,En agglomération,Hors intersection,Normale,Autre collision,,,,,,,,,,,5,2,1,1.0,6.0
201700001540,0017-01-26 19:00:00,17,1,26,19,0,170,86,chemin bernadieres,45.74745,-0.54086,Nuit sans éclairage public,Hors agglomération,Intersection en X,Normale,Deux véhicules - côté,,,,,,,,,,,3,1,2,1.0,3.0
201700001541,0017-02-09 18:10:00,17,2,9,18,10,170,143,Route du chateau,45.822,-0.56379,Crépuscule ou aube,En agglomération,Hors intersection,Normale,Autre collision,,,,,,,,,,,2,2,1,1.0,6.0
201700001542,0017-02-09 18:20:00,17,2,9,18,20,170,462,RD 129,45.78736,-0.53476,Crépuscule ou aube,Hors agglomération,Hors intersection,Normale,Autre collision,,,,,,,,,,,2,1,1,1.0,6.0
201700001543,0017-03-15 13:56:00,17,3,15,13,56,170,148,1 route des Bourrons,45.79534,-0.70384,Plein jour,Hors agglomération,Intersection en T,Temps éblouissant,Deux véhicules - arrière,,,,,,,,,,,1,1,3,7.0,2.0
201700001544,0017-04-06 07:31:00,17,4,6,7,31,170,102,avenue de saintonge,45.70896,-0.6545,Crépuscule ou aube,Hors agglomération,Hors intersection,Normale,Autre collision,,,,,,,,,,,2,1,1,1.0,6.0
201700001545,0017-04-21 22:30:00,17,4,21,22,30,170,73,CD 114,45.78628,-0.63347,Nuit sans éclairage public,Hors agglomération,Intersection en X,Normale,Deux véhicules - côté,,,,,,,,,,,3,1,2,1.0,3.0
201700001546,0017-04-17 10:58:00,17,4,17,10,58,170,462,"Cd 129, lieu dit Gros Bo",45.78359,-0.54218,Plein jour,Hors agglomération,Hors intersection,Normale,Deux véhicules - frontale,,,,,,,,,,,1,1,1,1.0,1.0
201700001547,0017-05-11 04:45:00,17,5,11,4,45,170,164,D150 route de St Jean D',45.76526,-0.58385,Nuit avec éclairage allumé,En agglomération,Autre intersection,Pluie légère,Autre collision,,,,,,,,,,,5,2,9,2.0,6.0
201700001548,0017-05-22 07:15:00,17,5,22,7,15,170,148,RD 236,45.78719,-0.67107,Plein jour,En agglomération,Hors intersection,Normale,Deux véhicules - frontale,,,,,,,,,,,1,2,1,1.0,1.0
201700001549,0017-06-04 17:10:00,17,6,4,17,10,170,86,N141,45.74165,-0.55012,Plein jour,Hors agglomération,Hors intersection,Normale,Trois véhicules et plus - collisions multiples,,,,,,,,,,,1,1,1,1.0,5.0
201700001550,0017-08-04 12:20:00,17,8,4,12,20,170,164,RD150,45.76814,-0.58102,Plein jour,Hors agglomération,Hors intersection,Normale,Deux véhicules - frontale,,,,,,,,,,,1,1,1,1.0,1.0
201700001551,0017-08-29 08:00:00,17,8,29,8,0,170,444,intersection RD 129 et r,45.67067,-0.68528,Plein jour,Hors agglomération,Intersection en X,Normale,Deux véhicules - arrière,,,,,,,,,,,1,1,2,1.0,2.0
201700001552,0017-10-30 19:15:00,17,10,30,19,15,170,100,chez pichet,45.6901,-0.46819,Nuit sans éclairage public,Hors agglomération,Autre intersection,Normale,Deux véhicules - frontale,,,,,,,,,,,3,1,9,1.0,1.0
201700001553,0017-12-02 05:15:00,17,12,2,5,15,170,100,D24 chez LANDART,45.68496,-0.44823,Nuit sans éclairage public,Hors agglomération,Hors intersection,Brouillard / fumée,Sans collision,,,,,,,,,,,3,1,1,5.0,7.0
201700001554,0017-12-05 18:50:00,17,12,5,18,50,170,336,D 137,45.78481,-0.71432,Nuit sans éclairage public,Hors agglomération,Intersection en X,Brouillard / fumée,Trois véhicules et plus - collisions multiples,,,,,,,,,,,3,1,2,5.0,5.0
201700001555,0017-02-09 22:34:00,17,2,9,22,34,170,283,RD 132,45.57299,-0.59392,Nuit avec éclairage non allumé,Hors agglomération,Giratoire,Normale,Autre collision,,,,,,,,,,,4,1,6,1.0,6.0
201700001556,0017-03-07 19:00:00,17,3,7,19,0,170,39,RD137,45.51825,-0.56273,Nuit sans éclairage public,Hors agglomération,Hors intersection,Pluie légère,Autre collision,,,,,,,,,,,3,1,1,2.0,6.0
201700001557,0017-03-31 21:40:00,17,3,31,21,40,170,273,"avenue de Cognac, RD 732",45.62721,-0.45923,Nuit sans éclairage public,En agglomération,Hors intersection,Normale,Autre collision,,,,,,,,,,,3,2,1,1.0,6.0
201700001558,0017-05-23 17:15:00,17,5,23,17,15,170,354,intersection D 137 -D 23,45.62813,-0.57203,Plein jour,Hors agglomération,Intersection en T,Normale,Deux véhicules - côté,,,,,,,,,,,1,1,3,1.0,3.0
201700001559,0017-09-24 14:05:00,17,9,24,14,5,170,400,route de beillant,45.70569,-0.52958,Plein jour,Hors agglomération,Hors intersection,Normale,Autre collision,,,,,,,,,,,1,1,1,1.0,6.0
201700001560,0017-10-01 15:25:00,17,10,1,15,25,170,283,2 Rue de Jonzac,45.57885,-0.5376,Plein jour,En agglomération,Hors intersection,Pluie légère,Deux véhicules - côté,,,,,,,,,,,1,2,1,2.0,3.0
201700001561,0017-10-10 13:00:00,17,10,10,13,0,170,354,route de Marennes,45.60766,-0.59981,Plein jour,Hors agglomération,Hors intersection,Normale,Autre collision,,,,,,,,,,,1,1,1,1.0,6.0
201700001562,0017-01-21 16:45:00,17,1,21,16,45,170,228,"Route communale, Lieu di",45.63612,-0.93242,Plein jour,Hors agglomération,Intersection en X,Normale,Deux véhicules - côté,,,,,,,,,,,1,1,2,1.0,3.0
201700001563,0017-04-21 14:00:00,17,4,21,14,0,170,119,rue de l'ile,45.64567,-0.8633,Plein jour,Hors agglomération,Intersection en T,Normale,Deux véhicules - côté,,,,,,,,,,,1,1,3,1.0,3.0
201700001564,0017-05-29 15:30:00,17,5,29,15,30,170,97,les doux - D17,45.63716,-0.8802,Plein jour,Hors agglomération,Hors intersection,Normale,Autre collision,,,,,,,,,,,1,1,1,1.0,6.0
201700001565,0017-11-09 12:20:00,17,11,9,12,20,170,119,La Cabane,45.62653,-0.8382,Plein jour,Hors agglomération,Intersection en X,Normale,Deux véhicules - côté,,,,,,,,,,,1,1,2,1.0,3.0