accident_id,datetime,annee,mois,jour,heure,minute,departement,commune_insee,adresse,latitude,longitude,luminosite,agglomeration,intersection,meteo,collision,nb_vehicules,nb_usagers,nb_indemnes,nb_tues,nb_blesses_hosp,nb_blesses_legers,age_cond_1,age_cond_2,veh_type_cond_1,veh_type_cond_2,lum_code,agg_code,int_code,atm_code,col_code
201700001566,0017-01-03 07:25:00,17,1,3,7,25,790,246,17 ROUTE DE LA MOTHE,46.38055,-0.12636,Crépuscule ou aube,Hors agglomération,Hors intersection,Normale,Autre collision,,,,,,,,,,,2,1,1,1.0,6.0
201700001567,0017-12-29 14:15:00,17,12,29,14,15,790,270,PLACE DENFERT ROCHEREAU,46.41531,-0.19946,Plein jour,En agglomération,Hors intersection,Normale,Autre collision,,,,,,,,,,,1,2,1,1.0,6.0
201700001568,0017-01-30 15:30:00,17,1,30,15,30,790,302,,46.43454,-0.20439,Plein jour,Hors agglomération,Hors intersection,Pluie légère,Deux véhicules - frontale,,,,,,,,,,,1,1,1,2.0,1.0
201700001569,0017-02-23 20:00:00,17,2,23,20,0,790,302,"LD ""PERRE""",46.42273,-0.25852,Nuit sans éclairage public,Hors agglomération,Hors intersection,Pluie légère,Deux véhicules - arrière,,,,,,,,,,,3,1,1,2.0,2.0
201700001570,0017-03-02 04:23:00,17,3,2,4,23,790,270,AVENUE DE BLOSSAC,46.41735,-0.19382,Nuit avec éclairage allumé,En agglomération,Hors intersection,Brouillard / fumée,Autre collision,,,,,,,,,,,5,2,1,5.0,6.0
201700001571,0017-03-29 19:40:00,17,3,29,19,40,790,48,ROUTE DE CHERVEUX,46.36418,-0.30638,Crépuscule ou aube,Hors agglomération,Hors intersection,Normale,Deux véhicules - frontale,,,,,,,,,,,2,1,1,1.0,1.0
201700001572,0017-04-16 05:50:00,17,4,16,5,50,790,20,50 ROUTE DE CHAMPDENIERS,46.44142,-0.29122,Nuit sans éclairage public,En agglomération,Hors intersection,Normale,Deux véhicules - frontale,,,,,,,,,,,3,2,1,1.0,1.0
201700001573,0017-04-24 19:30:00,17,4,24,19,30,790,20,"LD "" SAINT-HILAIRE""",46.45091,-0.2771,Plein jour,En agglomération,Hors intersection,Normale,Deux véhicules - côté,,,,,,,,,,,1,2,1,1.0,3.0
201700001574,0017-05-02 13:30:00,17,5,2,13,30,790,319,,46.33709,-0.15449,Plein jour,Hors agglomération,Hors intersection,Normale,Deux véhicules - arrière,,,,,,,,,,,1,1,1,1.0,2.0
201700001575,0017-06-17 04:45:00,17,6,17,4,45,790,316,,46.42063,-0.08321,Nuit sans éclairage public,Hors agglomération,Hors intersection,Normale,Autre collision,,,,,,,,,,,3,1,1,1.0,6.0
201700001576,0017-07-27 18:15:00,17,7,27,18,15,790,20,5 ROUTE DE FONVERINE,46.42789,-0.30326,Plein jour,En agglomération,Hors intersection,Normale,Autre collision,,,,,,,,,,,1,2,1,1.0,6.0
201700001577,0017-10-07 08:10:00,17,10,7,8,10,790,246,D737,46.3839,-0.13396,Crépuscule ou aube,Hors agglomération,Hors intersection,Normale,Deux véhicules - frontale,,,,,,,,,,,2,1,1,1.0,1.0
201700001578,0017-11-28 17:55:00,17,11,28,17,55,790,302,,46.4359,-0.23786,Nuit sans éclairage public,Hors agglomération,Hors intersection,Brouillard / fumée,Deux véhicules - frontale,,,,,,,,,,,3,1,1,5.0,1.0
201700001579,0017-01-03 15:00:00,17,1,3,15,0,790,49,AVENUE D'ANGERS,46.84939,-0.48075,Plein jour,En agglomération,Passage à niveau,Normale,Autre collision,,,,,,,,,,,1,2,8,1.0,6.0
201700001580,0017-02-13 16:40:00,17,2,13,16,40,790,49,144 BD DE POITIERS,46.83447,-0.47181,Plein jour,En agglomération,Hors intersection,Normale,Autre collision,,,,,,,,,,,1,2,1,1.0,6.0
201700001581,0017-02-19 17:55:00,17,2,19,17,55,790,49,60 RUE DU PERE,46.83999,-0.50136,Plein jour,En agglomération,Hors intersection,Normale,Autre collision,,,,,,,,,,,1,2,1,1.0,6.0
201700001582,0017-02-25 15:30:00,17,2,25,15,30,790,116,,46.83513,-0.30093,Plein jour,Hors agglomération,Hors intersection,Normale,Sans collision,,,,,,,,,,,1,1,1,1.0,7.0
201700001583,0017-04-27 18:00:00,17,4,27,18,0,790,49,,46.8533,-0.5199,Plein jour,Hors agglomération,Hors intersection,Normale,Autre collision,,,,,,,,,,,1,1,1,1.0,6.0
201700001584,0017-07-12 14:50:00,17,7,12,14,50,790,49,,46.80599,-0.48578,Plein jour,Hors agglomération,Hors intersection,Normale,Deux véhicules - frontale,,,,,,,,,,,1,1,1,1.0,1.0
201700001585,0017-08-04 11:20:00,17,8,4,11,20,790,49,ROUTE DE NANTES,46.8235,-0.41548,Plein jour,En agglomération,Hors intersection,Normale,Deux véhicules - côté,,,,,,,,,,,1,2,1,1.0,3.0
201700001586,0017-08-20 19:50:00,17,8,20,19,50,790,49,,46.85116,-0.46328,Plein jour,En agglomération,Intersection en Y,Temps éblouissant,Deux véhicules - côté,,,,,,,,,,,1,2,4,7.0,3.0
201700001587,0017-09-20 08:05:00,17,9,20,8,5,790,49,36 RUE DE MALABRY,46.84114,-0.48529,Plein jour,En agglomération,Hors intersection,Normale,Autre collision,,,,,,,,,,,1,2,1,1.0,6.0
201700001588,0017-10-21 23:00:00,17,10,21,23,0,790,49,5 BOULEVARD ALEXANDRE 1E,46.8401,-0.49276,Nuit avec éclairage allumé,En agglomération,Intersection en X,Normale,Autre collision,,,,,,,,,,,5,2,2,1.0,6.0
201700001589,0017-11-14 12:25:00,17,11,14,12,25,790,49,16 RUE DES CAILLOUX,46.84501,-0.49307,Plein jour,En agglomération,Hors intersection,Temps éblouissant,Autre collision,,,,,,,,,,,1,2,1,7.0,6.0
201700001590,0017-11-25 09:55:00,17,11,25,9,55,790,49,24 BD DE LA REPUBLIQUE,46.83621,-0.48046,Plein jour,En agglomération,Intersection en X,Normale,Deux véhicules - arrière,,,,,,,,,,,1,2,2,1.0,2.0
201700001591,0017-07-14 18:20:00,17,7,14,18,20,870,190,LE PONTAUTY,45.9168,1.60952,Plein jour,Hors agglomération,Hors intersection,Normale,Sans collision,,,,,,,,,,,1,1,1,1.0,7.0
201700001592,0017-07-25 16:50:00,17,7,25,16,50,870,161,FACE AU N°18 RUE DE BEAU,45.8334,1.49026,Plein jour,En agglomération,Hors intersection,Normale,Deux véhicules - arrière,,,,,,,,,,,1,2,1,1.0,2.0
201700001593,0017-09-17 20:00:00,17,9,17,20,0,870,161,AVENUE DE CLERMONT,45.8448,1.49254,Nuit avec éclairage allumé,En agglomération,Hors intersection,Pluie forte,Autre collision,,,,,,,,,,,5,2,1,3.0,6.0
201700001594,0017-09-24 16:15:00,17,9,24,16,15,870,35,RIEU-PÉROUX,45.8366,1.60037,Plein jour,Hors agglomération,Hors intersection,Normale,Deux véhicules - côté,,,,,,,,,,,1,1,1,1.0,3.0
201700001595,0017-10-09 15:00:00,17,10,9,15,0,870,142,LA POMMERAIE,45.774,1.51627,Plein jour,Hors agglomération,Hors intersection,Normale,Deux véhicules - frontale,,,,,,,,,,,1,1,1,1.0,1.0
201700001596,0017-10-30 14:00:00,17,10,30,14,0,870,156,ROUTE DU CHATEAU D'EAU,45.8563,1.36101,Plein jour,Hors agglomération,Autre intersection,Normale,Deux véhicules - frontale,,,,,,,,,,,1,1,9,1.0,1.0
201700001597,0017-12-02 14:40:00,17,12,2,14,40,870,161,LA RONDE,45.8465,1.45701,Plein jour,Hors agglomération,Hors intersection,Neige / grêle,Autre collision,,,,,,,,,,,1,1,1,4.0,6.0
201700001598,0017-11-22 12:30:00,17,11,22,12,30,870,161,LA MALADRERIE,45.8402,1.49769,Plein jour,En agglomération,Hors intersection,Normale,Deux véhicules - frontale,,,,,,,,,,,1,2,1,1.0,1.0
201700001599,0017-01-01 02:15:00,17,1,1,2,15,870,154,,45.9086,0.95788,Nuit sans éclairage public,Hors agglomération,Hors intersection,Brouillard / fumée,Sans collision,,,,,,,,,,,3,1,1,5.0,7.0
201700001600,0017-01-02 02:00:00,17,1,2,2,0,870,30,RUE DES JONQUILLES,45.8774,0.87102,Nuit avec éclairage allumé,En agglomération,Hors intersection,Normale,Autre collision,,,,,,,,,,,5,2,1,1.0,6.0
201700001601,0017-01-31 17:00:00,17,1,31,17,0,190,38,Mulatet,45.2392,1.73504,Plein jour,En agglomération,Intersection en T,Normale,Deux véhicules - côté,,,,,,,,,,,1,2,3,1.0,3.0
201700001602,0017-03-23 16:10:00,17,3,23,16,10,190,207,RD 44 - PK 15+500,45.27489,1.64646,Plein jour,Hors agglomération,Hors intersection,Temps couvert,Autre collision,,,,,,,,,,,1,1,1,8.0,6.0
201700001603,0017-08-28 08:20:00,17,8,28,8,20,190,220,La Cireygeade,45.28981,1.88694,Plein jour,Hors agglomération,Hors intersection,Normale,Autre collision,,,,,,,,,,,1,1,1,1.0,6.0
201700001604,0017-05-16 18:30:00,17,5,16,18,30,230,115,Lespinasse,45.79427,2.27034,Plein jour,Hors agglomération,Hors intersection,Normale,Autre collision,,,,,,,,,,,1,1,1,1.0,6.0
201700001605,0017-06-20 15:35:00,17,6,20,15,35,230,67,ITINÉRAIRE MILITAIRE 31,45.71816,2.31453,Plein jour,Hors agglomération,Hors intersection,Autre,Autre collision,,,,,,,,,,,1,1,1,9.0,6.0
201700001606,0017-06-23 09:09:00,17,6,23,9,9,230,224,D996,45.7169,2.31283,Plein jour,Hors agglomération,Hors intersection,Brouillard / fumée,Autre collision,,,,,,,,,,,1,1,1,5.0,6.0
201700001607,0017-08-13 11:23:00,17,8,13,11,23,230,67,9 place de la bascule,45.70107,2.26382,Plein jour,En agglomération,Hors intersection,Normale,Autre collision,,,,,,,,,,,1,2,1,1.0,6.0
201700001608,0017-02-04 19:04:00,17,2,4,19,4,310,438,N224,43.64225,1.15961,Crépuscule ou aube,Hors agglomération,Hors intersection,Pluie forte,Deux véhicules - arrière,,,,,,,,,,,2,1,1,3.0,2.0
201700001609,0017-02-09 19:45:00,17,2,9,19,45,310,291,Route de la Salvetat,43.59119,1.2514,Nuit sans éclairage public,Hors agglomération,Hors intersection,Normale,Autre collision,,,,,,,,,,,3,1,1,1.0,6.0
201700001610,0017-07-04 12:00:00,17,7,4,12,0,310,417,108 avenue François Verd,43.62514,1.25624,Plein jour,Hors agglomération,Hors intersection,Normale,Sans collision,,,,,,,,,,,1,1,1,1.0,7.0
201700001611,0017-08-28 19:30:00,17,8,28,19,30,310,291,"RN124, à proximité de la",43.5821,1.21698,Plein jour,Hors agglomération,Hors intersection,Normale,Sans collision,,,,,,,,,,,1,1,1,1.0,7.0
201700001612,0017-09-15 08:00:00,17,9,15,8,0,310,438,N 224,43.63816,1.15359,Plein jour,Hors agglomération,Intersection en X,Normale,Sans collision,,,,,,,,,,,1,1,2,1.0,7.0
201700001613,0017-10-02 15:45:00,17,10,2,15,45,310,297,D24,43.65329,1.20023,Plein jour,Hors agglomération,Hors intersection,Pluie légère,Trois véhicules et plus - collisions multiples,,,,,,,,,,,1,1,1,2.0,5.0
201700001614,0017-11-06 08:30:00,17,11,6,8,30,310,297,N224,,,Plein jour,Hors agglomération,Hors intersection,Normale,Sans collision,,,,,,,,,,,1,1,1,1.0,7.0
201700001615,0017-11-28 07:00:00,17,11,28,7,0,310,417,Route Nationale 124,43.62599,1.25846,Crépuscule ou aube,En agglomération,Hors intersection,Normale,Trois véhicules et plus - en chaîne,,,,,,,,,,,2,2,1,1.0,4.0
201700001616,0017-01-20 19:40:00,17,1,20,19,40,310,458,RD 817,43.50743,1.36382,Nuit sans éclairage public,Hors agglomération,Hors intersection,Normale,Trois véhicules et plus - collisions multiples,,,,,,,,,,,3,1,1,1.0,5.0
201700001617,0017-03-01 07:40:00,17,3,1,7,40,310,458,route de Frouzins,43.50675,1.36027,Plein jour,En agglomération,Hors intersection,Normale,Deux véhicules - côté,,,,,,,,,,,1,2,1,1.0,3.0
201700001618,0017-03-10 19:00:00,17,3,10,19,0,310,420,2 rue de coulon,43.50987,1.38688,Crépuscule ou aube,En agglomération,Hors intersection,Normale,Deux véhicules - frontale,,,,,,,,,,,2,2,1,1.0,1.0
201700001619,0017-10-09 22:30:00,17,10,9,22,30,310,433,route d'Espagne,43.53456,1.40928,Nuit avec éclairage allumé,En agglomération,Intersection en X,Normale,Deux véhicules - côté,,,,,,,,,,,5,2,2,1.0,3.0
201700001620,0017-10-14 08:00:00,17,10,14,8,0,310,420,Avenue de Lacroix Falgar,43.49632,1.40615,Crépuscule ou aube,Hors agglomération,Hors intersection,Normale,Autre collision,,,,,,,,,,,2,1,1,1.0,6.0
201700001621,0017-11-25 20:30:00,17,11,25,20,30,310,433,boulevard de l'europe,43.53587,1.40189,Nuit avec éclairage non allumé,En agglomération,Hors intersection,Normale,Autre collision,,,,,,,,,,,4,2,1,1.0,6.0
201700001622,0017-01-05 19:30:00,17,1,5,19,30,310,395,boulevard Joffrery,43.48511,1.33961,Nuit avec éclairage allumé,En agglomération,Intersection en T,Normale,Deux véhicules - frontale,,,,,,,,,,,5,2,3,1.0,1.0
201700001623,0017-01-13 20:25:00,17,1,13,20,25,310,248,D4,43.45745,1.39598,Nuit sans éclairage public,Hors agglomération,Hors intersection,Normale,Trois véhicules et plus - collisions multiples,,,,,,,,,,,3,1,1,1.0,5.0
201700001624,0017-02-09 20:15:00,17,2,9,20,15,310,248,ROUTE DU PLANTAUREL,43.44425,1.38417,Nuit avec éclairage allumé,En agglomération,Hors intersection,Normale,Deux véhicules - frontale,,,,,,,,,,,5,2,1,1.0,1.0
201700001625,0017-03-18 16:00:00,17,3,18,16,0,310,248,2890 route du plantaurel,43.44919,1.38809,Plein jour,Hors agglomération,Hors intersection,Normale,Autre collision,,,,,,,,,,,1,1,1,1.0,6.0
201700001626,0017-03-24 11:05:00,17,3,24,11,5,310,165,480 chemin de tucaut,43.43485,1.3649,Plein jour,En agglomération,Intersection en X,Normale,Deux véhicules - côté,,,,,,,,,,,1,2,2,1.0,3.0
201700001627,0017-04-08 14:50:00,17,4,8,14,50,310,395,CD3 - ROUTE DE RIEUMES,43.4637,1.30664,Plein jour,Hors agglomération,Hors intersection,Normale,Trois véhicules et plus - collisions multiples,,,,,,,,,,,1,1,1,1.0,5.0
201700001628,0017-04-12 12:30:00,17,4,12,12,30,310,395,Croisement D3 - chemin d,43.46585,1.27016,Plein jour,Hors agglomération,Intersection en X,Normale,Deux véhicules - côté,,,,,,,,,,,1,1,2,1.0,3.0
201700001629,0017-06-14 09:10:00,17,6,14,9,10,310,395,18 Avenue Saint Germier,43.46204,1.32341,Plein jour,En agglomération,Hors intersection,Normale,Autre collision,,,,,,,,,,,1,2,1,1.0,6.0
201700001630,0017-08-18 16:30:00,17,8,18,16,30,310,165,chemin de Cantoperdric,43.41597,1.36196,Plein jour,En agglomération,Intersection en T,Normale,Deux véhicules - côté,,,,,,,,,,,1,2,3,1.0,3.0
201700001631,0017-09-05 08:25:00,17,9,5,8,25,310,165,route de Muret,43.428,1.35473,Plein jour,En agglomération,Giratoire,Temps éblouissant,Autre collision,,,,,,,,,,,1,2,6,7.0,6.0
201700001632,0017-09-28 16:15:00,17,9,28,16,15,310,395,45 RUE DE COUBEZENCE,43.4484,1.27461,Plein jour,Hors agglomération,Hors intersection,Normale,Deux véhicules - côté,,,,,,,,,,,1,1,1,1.0,3.0
201700001633,0017-10-14 14:20:00,17,10,14,14,20,310,395,rue du 18 juin 1940,43.4792,1.31878,Plein jour,Hors agglomération,Hors intersection,Normale,Autre collision,,,,,,,,,,,1,1,1,1.0,6.0
201700001634,0017-12-11 19:00:00,17,12,11,19,0,310,395,Avenue des Pyrénées,43.45735,1.30774,Nuit avec éclairage allumé,En agglomération,Giratoire,Normale,Autre collision,,,,,,,,,,,5,2,6,1.0,6.0
201700001635,0017-12-12 18:45:00,17,12,12,18,45,310,395,avenue d'europe,43.46891,1.33092,Nuit avec éclairage non allumé,En agglomération,Hors intersection,Normale,Autre collision,,,,,,,,,,,4,2,1,1.0,6.0
201700001636,0017-12-16 19:50:00,17,12,16,19,50,310,165,D19 - Bessou Roucade,43.45899,1.37287,Nuit sans éclairage public,En agglomération,Intersection en X,Normale,Trois véhicules et plus - collisions multiples,,,,,,,,,,,3,2,2,1.0,5.0
201700001637,0017-03-02 07:30:00,17,3,2,7,30,310,162,LE PRADELOT RD813,43.46911,1.55231,Crépuscule ou aube,En agglomération,Hors intersection,Normale,Autre collision,,,,,,,,,,,2,2,1,1.0,6.0
201700001638,0017-04-29 10:55:00,17,4,29,10,55,310,381,En Rouzaud rd 813,43.45497,1.5831,Plein jour,En agglomération,Intersection en T,Normale,Deux véhicules - côté,,,,,,,,,,,1,2,3,1.0,3.0
201700001639,0017-06-22 09:25:00,17,6,22,9,25,310,4,CD 16 route de TICAILLE,43.44385,1.6008,Plein jour,Hors agglomération,Hors intersection,Normale,Deux véhicules - frontale,,,,,,,,,,,1,1,1,1.0,1.0
201700001640,0017-06-22 23:25:00,17,6,22,23,25,310,366,Lieu-dit La Tour,43.46177,1.50758,Nuit sans éclairage public,Hors agglomération,Hors intersection,Normale,Trois véhicules et plus - collisions multiples,,,,,,,,,,,3,1,1,1.0,5.0
201700001641,0017-07-12 06:15:00,17,7,12,6,15,310,381,D813,43.46103,1.57221,Crépuscule ou aube,Hors agglomération,Hors intersection,Normale,Autre collision,,,,,,,,,,,2,1,1,1.0,6.0
201700001642,0017-07-21 20:45:00,17,7,21,20,45,310,161,rd 813,43.48785,1.52999,Crépuscule ou aube,Hors agglomération,Intersection en T,Normale,Deux véhicules - côté,,,,,,,,,,,2,1,3,1.0,3.0
201700001643,0017-11-01 11:50:00,17,11,1,11,50,310,48,D38,43.4602,1.61683,Plein jour,Hors agglomération,Hors intersection,Normale,Autre collision,,,,,,,,,,,1,1,1,1.0,6.0
201700001644,0017-11-23 08:40:00,17,11,23,8,40,310,366,route d'Espanes,43.45926,1.51137,Plein jour,Hors agglomération,Hors intersection,Normale,Sans collision,,,,,,,,,,,1,1,1,1.0,7.0
201700001645,0017-01-09 07:30:00,17,1,9,7,30,90,49,RD 21,42.94516,1.54068,Nuit sans éclairage public,Hors agglomération,Hors intersection,Neige / grêle,Autre collision,,,,,,,,,,,3,1,1,4.0,6.0
201700001646,0017-02-05 15:00:00,17,2,5,15,0,90,99,RD 117,42.97227,1.58283,Plein jour,Hors agglomération,Autre intersection,Normale,Deux véhicules - côté,,,,,,,,,,,1,1,9,1.0,3.0
201700001647,0017-04-09 10:15:00,17,4,9,10,15,90,108,RD 15,43.02327,1.32954,Plein jour,Hors agglomération,Hors intersection,Normale,Sans collision,,,,,,,,,,,1,1,1,1.0,7.0
201700001648,0017-11-01 12:05:00,17,11,1,12,5,90,269,lieu dit BAYAT,42.98428,1.54883,Plein jour,Hors agglomération,Hors intersection,Normale,Sans collision,,,,,,,,,,,1,1,1,1.0,7.0
201700001649,0017-11-23 19:30:00,17,11,23,19,30,90,292,d17,42.93115,1.40619,Nuit sans éclairage public,Hors agglomération,Hors intersection,Normale,Sans collision,,,,,,,,,,,3,1,1,1.0,7.0
201700001650,0017-01-12 14:05:00,17,1,12,14,5,90,160,51 avenue alsace Lorrain,42.94126,1.8553,Plein jour,En agglomération,Hors intersection,Normale,Deux véhicules - côté,,,,,,,,,,,1,2,1,1.0,3.0
201700001651,0017-01-29 18:45:00,17,1,29,18,45,90,3,RD117,42.91861,1.89351,Nuit sans éclairage public,Hors agglomération,Hors intersection,Normale,Sans collision,,,,,,,,,,,3,1,1,1.0,7.0
201700001652,0017-02-01 18:45:00,17,2,1,18,45,90,160,avenue Léon BLUM,42.92458,1.8374,Nuit avec éclairage allumé,Hors agglomération,Hors intersection,Normale,Deux véhicules - arrière,,,,,,,,,,,5,1,1,1.0,2.0
201700001653,0017-02-12 05:00:00,17,2,12,5,0,90,206,D909,42.84606,1.74506,Nuit sans éclairage public,En agglomération,Hors intersection,Normale,Autre collision,,,,,,,,,,,3,2,1,1.0,6.0
201700001654,0017-03-10 16:45:00,17,3,10,16,45,90,106,10 chemin des vignes,42.94776,1.85617,Plein jour,En agglomération,Hors intersection,Normale,Autre collision,,,,,,,,,,,1,2,1,1.0,6.0
201700001655,0017-03-31 17:10:00,17,3,31,17,10,90,160,rue du 11 novembre,42.93388,1.84927,Plein jour,En agglomération,Hors intersection,Normale,Autre collision,,,,,,,,,,,1,2,1,1.0,6.0
201700001656,0017-04-12 17:20:00,17,4,12,17,20,90,160,avenue du général de gau,42.92557,1.86399,Plein jour,En agglomération,Hors intersection,Normale,Deux véhicules - côté,,,,,,,,,,,1,2,1,1.0,3.0
201700001657,0017-04-16 18:00:00,17,4,16,18,0,90,250,D1 lieu-dit Le Carol,42.96245,1.74999,Plein jour,Hors agglomération,Hors intersection,Normale,Deux véhicules - côté,,,,,,,,,,,1,1,1,1.0,3.0
201700001658,0017-04-29 23:15:00,17,4,29,23,15,90,160,Avenue du Général De Gau,42.93,1.85542,Nuit avec éclairage allumé,En agglomération,Hors intersection,Normale,Autre collision,,,,,,,,,,,5,2,1,1.0,6.0
201700001659,0017-06-06 18:15:00,17,6,6,18,15,90,157,D625,42.95689,1.86265,Plein jour,Hors agglomération,Hors intersection,Normale,Trois véhicules et plus - collisions multiples,,,,,,,,,,,1,1,1,1.0,5.0
201700001660,0017-07-25 09:30:00,17,7,25,9,30,90,157,AVENUE DU 11 NOVEMBRE,42.96873,1.86596,Plein jour,En agglomération,Hors intersection,Normale,Trois véhicules et plus - collisions multiples,,,,,,,,,,,1,2,1,1.0,5.0
201700001661,0017-09-08 14:10:00,17,9,8,14,10,90,93,Lieux dit Catufet,42.93134,1.70703,Plein jour,Hors agglomération,Hors intersection,Normale,Deux véhicules - frontale,,,,,,,,,,,1,1,1,1.0,1.0
201700001662,0017-11-05 00:40:00,17,11,5,0,40,90,157,avenue du 11 novembre,42.97123,1.86662,Nuit avec éclairage allumé,En agglomération,Hors intersection,Pluie forte,Autre collision,,,,,,,,,,,5,2,1,3.0,6.0
201700001663,0017-01-20 18:15:00,17,1,20,18,15,90,306,RN 20,42.84543,1.60091,Nuit avec éclairage non allumé,En agglomération,Autre intersection,Normale,Autre collision,,,,,,,,,,,4,2,9,1.0,6.0
201700001664,0017-01-26 15:45:00,17,1,26,15,45,90,217,D 8 - PK 3 -  quartier S,42.81887,1.59117,Plein jour,Hors agglomération,Hors intersection,Normale,Deux véhicules - côté,,,,,,,,,,,1,1,1,1.0,3.0
201700001665,0017-02-13 18:50:00,17,2,13,18,50,90,210,route d'amplaing,42.90371,1.63729,Nuit avec éclairage non allumé,Hors agglomération,Hors intersection,Normale,Autre collision,,,,,,,,,,,4,1,1,1.0,6.0
201700001666,0017-02-21 19:15:00,17,2,21,19,15,90,236,RD 8 A route de Ferrière,42.92908,1.6219,Nuit sans éclairage public,Hors agglomération,Autre intersection,Normale,Autre collision,,,,,,,,,,,3,1,9,1.0,6.0
201700001667,0017-03-19 11:15:00,17,3,19,11,15,90,15,RN 20 PK50+700,42.86616,1.60486,Plein jour,Hors agglomération,Hors intersection,Normale,Trois véhicules et plus - en chaîne,,,,,,,,,,,1,1,1,1.0,4.0
201700001668,0017-04-01 00:50:00,17,4,1,0,50,90,321,RN 20,42.81174,1.63638,Nuit sans éclairage public,Hors agglomération,Hors intersection,Pluie légère,Sans collision,,,,,,,,,,,3,1,1,2.0,7.0
201700001669,0017-04-01 13:45:00,17,4,1,13,45,90,306,lieu dit BOULIE,42.85037,1.60804,Plein jour,En agglomération,Hors intersection,Normale,Autre collision,,,,,,,,,,,1,2,1,1.0,6.0
201700001670,0017-04-17 15:50:00,17,4,17,15,50,90,306,AVENUE PEYREVIDAL,42.847,1.60497,Plein jour,En agglomération,Hors intersection,Normale,Autre collision,,,,,,,,,,,1,2,1,1.0,6.0
201700001671,0017-04-18 16:30:00,17,4,18,16,30,90,303,Route de Saurat,42.8588,1.57679,Plein jour,En agglomération,Hors intersection,Normale,Autre collision,,,,,,,,,,,1,2,1,1.0,6.0
201700001672,0017-06-03 10:30:00,17,6,3,10,30,90,280,CD 618,42.88019,1.5165,Plein jour,Hors agglomération,Autre intersection,Normale,Autre collision,,,,,,,,,,,1,1,9,1.0,6.0
201700001673,0017-06-17 23:25:00,17,6,17,23,25,90,280,Lieu dit Matet de Maury,42.88713,1.49316,Nuit sans éclairage public,Hors agglomération,Hors intersection,Normale,Autre collision,,,,,,,,,,,3,1,1,1.0,6.0
201700001674,0017-06-18 19:15:00,17,6,18,19,15,90,15,Route Nationale 20,42.8663,1.60517,Plein jour,Hors agglomération,Hors intersection,Normale,Deux véhicules - arrière,,,,,,,,,,,1,1,1,1.0,2.0
201700001675,0017-09-21 07:00:00,17,9,21,7,0,90,188,RD 20 A - échangeur MERC,42.87495,1.62201,Crépuscule ou aube,Hors agglomération,Giratoire,Normale,Autre collision,,,,,,,,,,,2,1,6,1.0,6.0
201700001676,0017-03-21 19:20:00,17,3,21,19,20,90,314,CD119,43.07202,1.79854,Nuit sans éclairage public,Hors agglomération,Hors intersection,Pluie légère,Trois véhicules et plus - collisions multiples,,,,,,,,,,,3,1,1,2.0,5.0
201700001677,0017-06-26 08:00:00,17,6,26,8,0,90,260,RD 6A,43.12335,1.91352,Plein jour,Hors agglomération,Hors intersection,Normale,Trois véhicules et plus - collisions multiples,,,,,,,,,,,1,1,1,1.0,5.0
201700001678,0017-11-12 20:10:00,17,11,12,20,10,90,274,D625,43.03308,1.89702,Nuit avec éclairage allumé,Hors agglomération,Hors intersection,Pluie légère,Trois véhicules et plus - en chaîne,,,,,,,,,,,5,1,1,2.0,4.0
201700001679,0017-12-21 11:05:00,17,12,21,11,5,90,194,"30, avenue Gabriel Fauré",43.08859,1.87016,Plein jour,En agglomération,Hors intersection,Temps couvert,Sans collision,,,,,,,,,,,1,2,1,8.0,7.0
201700001680,0017-12-29 14:00:00,17,12,29,14,0,90,244,PK16 D119,43.07689,1.77298,Plein jour,Hors agglomération,Intersection en T,Pluie légère,Deux véhicules - côté,,,,,,,,,,,1,1,3,2.0,3.0
201700001681,0017-02-19 17:20:00,17,2,19,17,20,90,270,D 626A,43.16184,1.49853,Plein jour,Hors agglomération,Hors intersection,Normale,Autre collision,,,,,,,,,,,1,1,1,1.0,6.0
201700001682,0017-02-21 16:30:00,17,2,21,16,30,90,185,Chemin de Sourrouille RD,43.24727,1.68073,Plein jour,En agglomération,Hors intersection,Normale,Deux véhicules - côté,,,,,,,,,,,1,2,1,1.0,3.0
201700001683,0017-03-31 11:50:00,17,3,31,11,50,90,282,"RD 214, ldt la Pointe",43.23876,1.58441,Plein jour,Hors agglomération,Hors intersection,Normale,Deux véhicules - arrière,,,,,,,,,,,1,1,1,1.0,2.0
201700001684,0017-06-22 17:00:00,17,6,22,17,0,90,282,D62,43.23277,1.56347,Plein jour,Hors agglomération,Intersection en X,Normale,Deux véhicules - côté,,,,,,,,,,,1,1,2,1.0,3.0
201700001685,0017-08-14 21:00:00,17,8,14,21,0,90,282,rue gaston phoebus,43.22943,1.57719,Plein jour,En agglomération,Hors intersection,Normale,Deux véhicules - côté,,,,,,,,,,,1,2,1,1.0,3.0
201700001686,0017-09-14 16:00:00,17,9,14,16,0,90,282,Manaud - RD 820,43.21218,1.60798,Plein jour,Hors agglomération,Hors intersection,Normale,Trois véhicules et plus - collisions multiples,,,,,,,,,,,1,1,1,1.0,5.0
201700001687,0017-09-26 19:15:00,17,9,26,19,15,90,282,RD 27 PR 0+600 - route d,43.24202,1.56664,Plein jour,En agglomération,Hors intersection,Normale,Deux véhicules - côté,,,,,,,,,,,1,2,1,1.0,3.0