accident_id,datetime,annee,mois,jour,heure,minute,departement,commune_insee,adresse,latitude,longitude,luminosite,agglomeration,intersection,meteo,collision,nb_vehicules,nb_usagers,nb_indemnes,nb_tues,nb_blesses_hosp,nb_blesses_legers,age_cond_1,age_cond_2,veh_type_cond_1,veh_type_cond_2,lum_code,agg_code,int_code,atm_code,col_code
201700001809,0017-07-06 15:30:00,17,7,6,15,30,810,143,en saissac,43.53954,2.08907,Plein jour,Hors agglomération,Hors intersection,Normale,Sans collision,,,,,,,,,,,1,1,1,1.0,7.0
201700001810,0017-08-04 12:00:00,17,8,4,12,0,810,143,"RD 14, PK 64 hors agglom",43.53623,2.10711,Plein jour,Hors agglomération,Hors intersection,Normale,Autre collision,,,,,,,,,,,1,1,1,1.0,6.0
201700001811,0017-08-22 17:45:00,17,8,22,17,45,810,219,Rd 84 PK 12+800,43.58084,2.00911,Plein jour,Hors agglomération,Hors intersection,Normale,Deux véhicules - frontale,,,,,,,,,,,1,1,1,1.0,1.0
201700001812,0017-08-26 03:50:00,17,8,26,3,50,810,54,"En priou, intersection r",43.58074,2.12023,Nuit avec éclairage allumé,En agglomération,Intersection en Y,Normale,Autre collision,,,,,,,,,,,5,2,4,1.0,6.0
201700001813,0017-10-09 15:50:00,17,10,9,15,50,810,50,RN 126 PK 17+800,43.58288,1.824,Plein jour,Hors agglomération,Hors intersection,Normale,Deux véhicules - frontale,,,,,,,,,,,1,1,1,1.0,1.0
201700001814,0017-01-07 18:45:00,17,1,7,18,45,690,76,Route Départementale 306,45.8444,4.73381,Nuit avec éclairage allumé,Hors agglomération,Hors intersection,Normale,Deux véhicules - arrière,,,,,,,,,,,5,1,1,1.0,2.0
201700001815,0017-01-20 15:55:00,17,1,20,15,55,690,72,RN 489  PK 543.200,45.8335,4.74537,Plein jour,Hors agglomération,Hors intersection,Normale,Trois véhicules et plus - collisions multiples,,,,,,,,,,,1,1,1,1.0,5.0
201700001816,0017-01-24 17:40:00,17,1,24,17,40,690,72,RN6,,,Nuit avec éclairage allumé,Hors agglomération,Hors intersection,Normale,Deux véhicules - arrière,,,,,,,,,,,5,1,1,1.0,2.0
201700001817,0017-01-28 22:30:00,17,1,28,22,30,690,250,route de La Tour de Salv,,,Nuit avec éclairage allumé,En agglomération,Hors intersection,Pluie légère,Autre collision,,,,,,,,,,,5,2,1,2.0,6.0
201700001818,0017-02-03 14:07:00,17,2,3,14,7,690,72,RN 489,45.81439,4.74667,Plein jour,Hors agglomération,Hors intersection,Temps couvert,Trois véhicules et plus - en chaîne,,,,,,,,,,,1,1,1,8.0,4.0
201700001819,0017-02-10 17:05:00,17,2,10,17,5,690,250,87 Rue de la gare,45.8045,4.71669,Plein jour,En agglomération,Hors intersection,Normale,Deux véhicules - frontale,,,,,,,,,,,1,2,1,1.0,1.0
201700001820,0017-02-18 13:30:00,17,2,18,13,30,690,72,D 306,45.82644,4.75697,Plein jour,En agglomération,Giratoire,Normale,Deux véhicules - arrière,,,,,,,,,,,1,2,6,1.0,2.0
201700001821,0017-02-28 08:20:00,17,2,28,8,20,690,250,N489 PK 541.5,45.81867,4.72537,Plein jour,Hors agglomération,Hors intersection,Normale,Deux véhicules - côté,,,,,,,,,,,1,1,1,1.0,3.0
201700001822,0017-03-01 02:35:00,17,3,1,2,35,690,250,"PK 539+650, A 89",45.81995,4.70404,Nuit sans éclairage public,Hors agglomération,Autre intersection,Normale,Autre collision,,,,,,,,,,,3,1,9,1.0,6.0
201700001823,0017-03-21 16:30:00,17,3,21,16,30,690,127,Avenue Marcel Merieux,45.77535,4.7051,Plein jour,En agglomération,Hors intersection,Normale,Deux véhicules - frontale,,,,,,,,,,,1,2,1,1.0,1.0
201700001824,0017-04-11 10:30:00,17,4,11,10,30,690,250,RN 489 PK 542.9,45.831,4.7425,Plein jour,Hors agglomération,Hors intersection,Normale,Deux véhicules - côté,,,,,,,,,,,1,1,1,1.0,3.0
201700001825,0017-04-13 09:30:00,17,4,13,9,30,690,72,Intersection RN7 et chem,45.80281,4.73245,Plein jour,Hors agglomération,Intersection en T,Normale,Deux véhicules - côté,,,,,,,,,,,1,1,3,1.0,3.0
201700001826,0017-04-27 14:00:00,17,4,27,14,0,690,72,D489,45.82619,4.73848,Plein jour,Hors agglomération,Autre intersection,Normale,Deux véhicules - arrière,,,,,,,,,,,1,1,9,1.0,2.0
201700001827,0017-06-06 19:10:00,17,6,6,19,10,690,250,56 avenue de la poterie,45.82242,4.71612,Plein jour,En agglomération,Hors intersection,Normale,Autre collision,,,,,,,,,,,1,2,1,1.0,6.0
201700001828,0017-06-18 01:20:00,17,6,18,1,20,690,72,RN 489 PK 543+900,45.83445,4.74805,Nuit sans éclairage public,Hors agglomération,Hors intersection,Normale,Deux véhicules - frontale,,,,,,,,,,,3,1,1,1.0,1.0
201700001829,0017-06-25 13:30:00,17,6,25,13,30,690,72,RN6,45.81439,4.74667,Plein jour,Hors agglomération,Hors intersection,Normale,Autre collision,,,,,,,,,,,1,1,1,1.0,6.0
201700001830,0017-07-09 20:00:00,17,7,9,20,0,690,127,RD 7 - Route de Saint Be,45.79065,4.70846,Plein jour,En agglomération,Hors intersection,Normale,Deux véhicules - frontale,,,,,,,,,,,1,2,1,1.0,1.0
201700001831,0017-07-17 09:10:00,17,7,17,9,10,690,76,1456 route des bois,45.83371,4.71568,Plein jour,En agglomération,Hors intersection,Normale,Deux véhicules - arrière,,,,,,,,,,,1,2,1,1.0,2.0
201700001832,0017-07-24 08:10:00,17,7,24,8,10,690,127,1133 route de SAIN BEL,45.78456,4.71738,Plein jour,En agglomération,Giratoire,Pluie légère,Deux véhicules - arrière,,,,,,,,,,,1,2,6,2.0,2.0
201700001833,0017-07-29 19:15:00,17,7,29,19,15,690,250,d307 pk 539+200,45.81967,4.69805,Plein jour,Hors agglomération,Hors intersection,Normale,Deux véhicules - arrière,,,,,,,,,,,1,1,1,1.0,2.0
201700001834,0017-11-07 21:10:00,17,11,7,21,10,690,72,RD 307 PR 42+050,45.80846,4.73568,Nuit sans éclairage public,Hors agglomération,Hors intersection,Pluie légère,Deux véhicules - frontale,,,,,,,,,,,3,1,1,2.0,1.0
201700001835,0017-01-02 05:20:00,17,1,2,5,20,690,117,RD306,45.87657,4.7473,Nuit avec éclairage allumé,Hors agglomération,Hors intersection,Normale,Autre collision,,,,,,,,,,,5,1,1,1.0,6.0
201700001836,0017-01-29 17:45:00,17,1,29,17,45,690,116,RD 42 ROUTE DE BELLEVUE,45.84711,4.76565,Crépuscule ou aube,Hors agglomération,Hors intersection,Normale,Deux véhicules - frontale,,,,,,,,,,,2,1,1,1.0,1.0
201700001837,0017-02-25 15:45:00,17,2,25,15,45,690,116,ROUTE DU MONT VERDUN,45.84243,4.78451,Plein jour,Hors agglomération,Hors intersection,Normale,Deux véhicules - côté,,,,,,,,,,,1,1,1,1.0,3.0
201700001838,0017-04-08 18:30:00,17,4,8,18,30,690,116,25 route du Puy d'Or,45.81354,4.77654,Plein jour,En agglomération,Giratoire,Normale,Autre collision,,,,,,,,,,,1,2,6,1.0,6.0
201700001839,0017-04-09 05:30:00,17,4,9,5,30,690,191,route des crêtes,45.82774,4.81374,Crépuscule ou aube,Hors agglomération,Hors intersection,Normale,Autre collision,,,,,,,,,,,2,1,1,1.0,6.0
201700001840,0017-05-18 21:00:00,17,5,18,21,0,690,116,14 route de la chataigni,45.8354,4.77864,Crépuscule ou aube,En agglomération,Hors intersection,Normale,Deux véhicules - frontale,,,,,,,,,,,2,2,1,1.0,1.0
201700001841,0017-06-09 07:15:00,17,6,9,7,15,690,40,avenue de lanessan -,45.80011,4.78701,Plein jour,En agglomération,Intersection en X,Pluie légère,Trois véhicules et plus - collisions multiples,,,,,,,,,,,1,2,2,2.0,5.0
201700001842,0017-06-17 09:55:00,17,6,17,9,55,690,40,40 avenue LANESSAN,45.79455,4.79309,Plein jour,En agglomération,Hors intersection,Normale,Autre collision,,,,,,,,,,,1,2,1,1.0,6.0
201700001843,0017-06-19 18:10:00,17,6,19,18,10,690,194,Avenue PASTEUR,45.80305,4.8022,Plein jour,Hors agglomération,Hors intersection,Normale,Trois véhicules et plus - collisions multiples,,,,,,,,,,,1,1,1,1.0,5.0
201700001844,0017-06-19 18:00:00,17,6,19,18,0,690,117,route nationale 6,45.88402,4.74496,Plein jour,Hors agglomération,Hors intersection,Normale,Deux véhicules - arrière,,,,,,,,,,,1,1,1,1.0,2.0
201700001845,0017-06-20 14:20:00,17,6,20,14,20,690,55,89 RN6,45.87993,4.74612,Plein jour,Hors agglomération,Hors intersection,Normale,Deux véhicules - arrière,,,,,,,,,,,1,1,1,1.0,2.0
201700001846,0017-06-09 08:55:00,17,6,9,8,55,690,194,AVENUE PASTEUR,45.80632,4.80198,Plein jour,En agglomération,Autre intersection,Normale,Autre collision,,,,,,,,,,,1,2,9,1.0,6.0
201700001847,0017-06-28 18:55:00,17,6,28,18,55,690,116,60 chemin du Bois d'Ars,45.83684,4.77065,Plein jour,En agglomération,Hors intersection,Temps couvert,Autre collision,,,,,,,,,,,1,2,1,8.0,6.0
201700001848,0017-08-23 12:30:00,17,8,23,12,30,690,117,Intersection route de Li,45.85317,4.75873,Plein jour,Hors agglomération,Hors intersection,Normale,Deux véhicules - frontale,,,,,,,,,,,1,1,1,1.0,1.0
201700001849,0017-09-16 20:00:00,17,9,16,20,0,690,40,RD 306 croisement Avenue,45.79735,4.78492,Crépuscule ou aube,En agglomération,Hors intersection,Normale,Autre collision,,,,,,,,,,,2,2,1,1.0,6.0
201700001850,0017-09-23 16:00:00,17,9,23,16,0,690,49,40 route de montluzin,45.87235,4.76055,Plein jour,En agglomération,Hors intersection,Normale,Deux véhicules - arrière,,,,,,,,,,,1,2,1,1.0,2.0
201700001851,0017-09-24 02:30:00,17,9,24,2,30,690,59,ROUTE DE CHAZAY,45.86524,4.71482,Nuit sans éclairage public,Hors agglomération,Passage à niveau,Normale,Deux véhicules - côté,,,,,,,,,,,3,1,8,1.0,3.0
201700001852,0017-01-25 07:50:00,17,1,25,7,50,690,143,avenue carnot,45.8878,4.82979,Crépuscule ou aube,En agglomération,Hors intersection,Normale,Autre collision,,,,,,,,,,,2,2,1,1.0,6.0
201700001853,0017-01-27 15:15:00,17,1,27,15,15,690,143,avenue jean  christophe,45.87786,4.83818,Plein jour,En agglomération,Intersection en T,Normale,Deux véhicules - frontale,,,,,,,,,,,1,2,3,1.0,1.0
201700001854,0017-01-30 08:50:00,17,1,30,8,50,690,3,chemin des carrières,45.85455,4.83079,Plein jour,En agglomération,Intersection en T,Normale,Deux véhicules - côté,,,,,,,,,,,1,2,3,1.0,3.0
201700001855,0017-03-07 07:10:00,17,3,7,7,10,690,278,rue des jonchères,45.89753,4.82853,Plein jour,En agglomération,Hors intersection,Normale,Deux véhicules - côté,,,,,,,,,,,1,2,1,1.0,3.0
201700001856,0017-02-25 15:10:00,17,2,25,15,10,690,233,rue de la république,45.83629,4.82271,Plein jour,En agglomération,Hors intersection,Normale,Deux véhicules - côté,,,,,,,,,,,1,2,1,1.0,3.0
201700001857,0017-02-23 15:45:00,17,2,23,15,45,690,207,rue des cèdres,45.88004,4.80747,Plein jour,En agglomération,Autre intersection,Normale,Deux véhicules - côté,,,,,,,,,,,1,2,9,1.0,3.0
201700001858,0017-03-25 14:30:00,17,3,25,14,30,690,163,D87,45.93197,4.7659,Plein jour,Hors agglomération,Hors intersection,Autre,Deux véhicules - arrière,,,,,,,,,,,1,1,1,9.0,2.0
201700001859,0017-04-01 14:25:00,17,4,1,14,25,690,278,route de Trévoux,45.89959,4.81736,Plein jour,Hors agglomération,Giratoire,Pluie légère,Autre collision,,,,,,,,,,,1,1,6,2.0,6.0
201700001860,0017-04-07 09:30:00,17,4,7,9,30,690,3,quai Villevert,45.87885,4.82946,Plein jour,En agglomération,Hors intersection,Normale,Deux véhicules - arrière,,,,,,,,,,,1,2,1,1.0,2.0
201700001861,0017-04-09 19:05:00,17,4,9,19,5,690,3,route des monts d'or,45.87547,4.83178,Plein jour,En agglomération,Hors intersection,Normale,Deux véhicules - côté,,,,,,,,,,,1,2,1,1.0,3.0
201700001862,0017-04-17 08:50:00,17,4,17,8,50,690,143,quai du général de gaull,45.87164,4.83479,Plein jour,Hors agglomération,Hors intersection,Normale,Deux véhicules - arrière,,,,,,,,,,,1,1,1,1.0,2.0
201700001863,0017-04-21 09:30:00,17,4,21,9,30,690,143,route de lyon,45.87152,4.83971,Plein jour,En agglomération,Hors intersection,Normale,Deux véhicules - côté,,,,,,,,,,,1,2,1,1.0,3.0
201700001864,0017-04-21 16:20:00,17,4,21,16,20,690,3,Quai de Villevert,45.87804,4.8337,Plein jour,En agglomération,Hors intersection,Normale,Autre collision,,,,,,,,,,,1,2,1,1.0,6.0
201700001865,0017-04-22 17:30:00,17,4,22,17,30,690,71,1864 route des monts d'o,45.86887,4.81925,Plein jour,En agglomération,Autre intersection,Normale,Sans collision,,,,,,,,,,,1,2,9,1.0,7.0
201700001866,0017-04-29 17:45:00,17,4,29,17,45,690,85,155 route de LYON,45.8608,4.84108,Plein jour,Hors agglomération,Hors intersection,Normale,Deux véhicules - côté,,,,,,,,,,,1,1,1,1.0,3.0
201700001867,0017-05-09 08:00:00,17,5,9,8,0,690,143,39 rue pierre dugelay,45.875,4.84094,Plein jour,En agglomération,Hors intersection,Normale,Deux véhicules - frontale,,,,,,,,,,,1,2,1,1.0,1.0
201700001868,0017-05-17 14:40:00,17,5,17,14,40,690,68,route du Génie,45.84894,4.81101,Plein jour,Hors agglomération,Hors intersection,Normale,Sans collision,,,,,,,,,,,1,1,1,1.0,7.0
201700001869,0017-05-18 02:30:00,17,5,18,2,30,690,153,route départementale 73,45.85588,4.7928,Nuit sans éclairage public,Hors agglomération,Hors intersection,Normale,Sans collision,,,,,,,,,,,3,1,1,1.0,7.0
201700001870,0017-03-15 19:00:00,17,3,15,19,0,690,163,D87,45.93551,4.7745,Nuit sans éclairage public,Hors agglomération,Intersection en X,Normale,Sans collision,,,,,,,,,,,3,1,2,1.0,7.0
201700001871,0017-05-25 07:50:00,17,5,25,7,50,690,163,CD 51,45.91803,4.77257,Plein jour,Hors agglomération,Hors intersection,Normale,Deux véhicules - côté,,,,,,,,,,,1,1,1,1.0,3.0
201700001872,0017-05-30 23:00:00,17,5,30,23,0,690,163,D51 Lieu dit VISSIEUX,45.91856,4.76491,Nuit sans éclairage public,Hors agglomération,Hors intersection,Normale,Autre collision,,,,,,,,,,,3,1,1,1.0,6.0
201700001873,0017-06-08 13:45:00,17,6,8,13,45,690,207,avenue jacques brel,45.88936,4.80575,Plein jour,En agglomération,Giratoire,Normale,Deux véhicules - côté,,,,,,,,,,,1,2,6,1.0,3.0
201700001874,0017-06-12 10:35:00,17,6,12,10,35,690,278,RD433,45.89213,4.82475,Plein jour,Hors agglomération,Hors intersection,Normale,Trois véhicules et plus - collisions multiples,,,,,,,,,,,1,1,1,1.0,5.0
201700001875,0017-06-29 13:20:00,17,6,29,13,20,690,278,rond point de la Dombe,45.89075,4.82581,Plein jour,En agglomération,Giratoire,Normale,Deux véhicules - côté,,,,,,,,,,,1,2,6,1.0,3.0
201700001876,0017-07-02 11:00:00,17,7,2,11,0,690,71,RD 73,45.86056,4.81246,Plein jour,Hors agglomération,Hors intersection,Normale,Deux véhicules - frontale,,,,,,,,,,,1,1,1,1.0,1.0
201700001877,0017-07-08 18:50:00,17,7,8,18,50,690,143,30 route de Lyon allée 6,45.87084,4.84019,Crépuscule ou aube,En agglomération,Autre intersection,Normale,Autre collision,,,,,,,,,,,2,2,9,1.0,6.0
201700001878,0017-07-07 19:25:00,17,7,7,19,25,690,163,Avenue Louis Armand - RD,45.90943,4.79173,Plein jour,Hors agglomération,Hors intersection,Temps éblouissant,Deux véhicules - arrière,,,,,,,,,,,1,1,1,7.0,2.0
201700001879,0017-09-01 17:00:00,17,9,1,17,0,690,207,1 Avenue Jacques Brel,45.88931,4.80553,Plein jour,En agglomération,Giratoire,Normale,Autre collision,,,,,,,,,,,1,2,6,1.0,6.0
201700001880,0017-09-09 10:40:00,17,9,9,10,40,690,163,Route du grand Veissieux,45.92146,4.7549,Plein jour,En agglomération,Hors intersection,Normale,Deux véhicules - frontale,,,,,,,,,,,1,2,1,1.0,1.0
201700001881,0017-09-17 15:50:00,17,9,17,15,50,690,68,avenue du général de gau,45.84647,4.83162,Plein jour,En agglomération,Hors intersection,Pluie légère,Autre collision,,,,,,,,,,,1,2,1,2.0,6.0
201700001882,0017-09-23 10:00:00,17,9,23,10,0,690,3,Quai De Gaulle,45.86588,4.83434,Plein jour,En agglomération,Hors intersection,Normale,Autre collision,,,,,,,,,,,1,2,1,1.0,6.0
201700001883,0017-10-17 09:10:00,17,10,17,9,10,690,143,27 Rue Rey Loras,45.88426,4.8368,Plein jour,En agglomération,Hors intersection,Normale,Deux véhicules - frontale,,,,,,,,,,,1,2,1,1.0,1.0
201700001884,0017-10-14 14:10:00,17,10,14,14,10,690,143,PLACE DE VERDUN,45.87744,4.83843,Plein jour,En agglomération,Hors intersection,Normale,Autre collision,,,,,,,,,,,1,2,1,1.0,6.0
201700001885,0017-10-21 21:00:00,17,10,21,21,0,690,143,Route de Lyon,45.87152,4.83971,Nuit avec éclairage allumé,En agglomération,Hors intersection,Pluie légère,Deux véhicules - côté,,,,,,,,,,,5,2,1,2.0,3.0
201700001886,0017-11-14 17:45:00,17,11,14,17,45,690,143,"5, chemin du Gorgeat",45.86781,4.84223,Nuit avec éclairage allumé,En agglomération,Hors intersection,Pluie légère,Deux véhicules - frontale,,,,,,,,,,,5,2,1,2.0,1.0
201700001887,0017-12-03 21:00:00,17,12,3,21,0,690,278,392 rue du perron,45.89254,4.8348,Nuit avec éclairage allumé,En agglomération,Hors intersection,Normale,Autre collision,,,,,,,,,,,5,2,1,1.0,6.0
201700001888,0017-12-05 16:15:00,17,12,5,16,15,690,85,49 rue du buisson,45.86293,4.84934,Plein jour,En agglomération,Hors intersection,Normale,Sans collision,,,,,,,,,,,1,2,1,1.0,7.0
201700001889,0017-12-06 13:48:00,17,12,6,13,48,690,143,avenue Carnot,45.88179,4.8345,Plein jour,En agglomération,Hors intersection,Normale,Deux véhicules - arrière,,,,,,,,,,,1,2,1,1.0,2.0
201700001890,0017-12-13 17:30:00,17,12,13,17,30,690,143,6 rue PIERRE DUGELAY,45.875,4.84094,Nuit avec éclairage allumé,En agglomération,Passage à niveau,Pluie forte,Autre collision,,,,,,,,,,,5,2,8,3.0,6.0
201700001891,0017-12-15 12:30:00,17,12,15,12,30,690,284,route de Neuville,45.88124,4.85391,Plein jour,En agglomération,Hors intersection,Normale,Deux véhicules - frontale,,,,,,,,,,,1,2,1,1.0,1.0
201700001892,0017-02-08 07:45:00,17,2,8,7,45,690,204,"85, avenue général De Ga",45.68086,4.7876,Plein jour,En agglomération,Hors intersection,Normale,Autre collision,,,,,,,,,,,1,2,1,1.0,6.0
201700001893,0017-02-17 07:25:00,17,2,17,7,25,690,204,153 chemin de la Plumass,45.69842,4.76723,Plein jour,Hors agglomération,Hors intersection,Normale,Autre collision,,,,,,,,,,,1,1,1,1.0,6.0
201700001894,0017-03-28 20:30:00,17,3,28,20,30,690,43,ROUTE DEPARTEMENTALE 42,45.70883,4.74511,Nuit avec éclairage allumé,Hors agglomération,Hors intersection,Normale,Autre collision,,,,,,,,,,,5,1,1,1.0,6.0
201700001895,0017-05-02 22:15:00,17,5,2,22,15,690,204,164 route de charly,45.67504,4.79098,Nuit avec éclairage allumé,En agglomération,Hors intersection,Pluie légère,Deux véhicules - frontale,,,,,,,,,,,5,2,1,2.0,1.0
201700001896,0017-05-03 07:10:00,17,5,3,7,10,690,204,62 Route de Charly,45.68515,4.79309,Plein jour,En agglomération,Hors intersection,Normale,Autre collision,,,,,,,,,,,1,2,1,1.0,6.0
201700001897,0017-01-06 19:00:00,17,1,6,19,0,690,298,D149,45.64987,4.98895,Nuit sans éclairage public,Hors agglomération,Hors intersection,Normale,Deux véhicules - frontale,,,,,,,,,,,3,1,1,1.0,1.0
201700001898,0017-01-23 13:25:00,17,1,23,13,25,690,287,Collège Lachenal Rue du,45.68688,5.03487,Plein jour,En agglomération,Hors intersection,Normale,Autre collision,,,,,,,,,,,1,2,1,1.0,6.0
201700001899,0017-03-05 10:55:00,17,3,5,10,55,690,287,Avenue de Chandieu,45.68443,5.02529,Plein jour,En agglomération,Giratoire,Normale,Deux véhicules - frontale,,,,,,,,,,,1,2,6,1.0,1.0
201700001900,0017-03-12 22:45:00,17,3,12,22,45,690,287,89 RN6,45.71049,5.04249,Nuit avec éclairage non allumé,En agglomération,Hors intersection,Normale,Autre collision,,,,,,,,,,,4,2,1,1.0,6.0
201700001901,0017-04-06 17:55:00,17,4,6,17,55,690,287,93 RN6,45.69515,5.02249,Plein jour,En agglomération,Hors intersection,Normale,Deux véhicules - côté,,,,,,,,,,,1,2,1,1.0,3.0
201700001902,0017-07-10 19:30:00,17,7,10,19,30,690,288,RD154,45.68865,5.07012,Plein jour,Hors agglomération,Hors intersection,Pluie légère,Deux véhicules - arrière,,,,,,,,,,,1,1,1,2.0,2.0
201700001903,0017-08-11 19:20:00,17,8,11,19,20,690,289,Route d'heyrieux,45.66064,5.00063,Plein jour,Hors agglomération,Hors intersection,Normale,Deux véhicules - côté,,,,,,,,,,,1,1,1,1.0,3.0
201700001904,0017-09-10 10:00:00,17,9,10,10,0,690,288,chemin de montchat,45.68364,5.0608,Plein jour,Hors agglomération,Hors intersection,Normale,Autre collision,,,,,,,,,,,1,1,1,1.0,6.0
201700001905,0017-09-27 18:40:00,17,9,27,18,40,690,298,Intersection RD 149 rue,45.65206,4.98847,Plein jour,Hors agglomération,Hors intersection,Normale,Deux véhicules - frontale,,,,,,,,,,,1,1,1,1.0,1.0
201700001906,0017-01-11 20:45:00,17,1,11,20,45,690,273,35 chemin de grange blan,45.66451,4.90298,Nuit avec éclairage allumé,En agglomération,Hors intersection,Normale,Autre collision,,,,,,,,,,,5,2,1,1.0,6.0
201700001907,0017-01-06 15:00:00,17,1,6,15,0,690,273,rond point gabriel péri,45.67579,4.91727,Plein jour,En agglomération,Giratoire,Normale,Autre collision,,,,,,,,,,,1,2,6,1.0,6.0
201700001908,0017-02-10 16:19:00,17,2,10,16,19,690,273,avenue Montmartin,45.67433,4.92193,Crépuscule ou aube,Hors agglomération,Hors intersection,Normale,Trois véhicules et plus - collisions multiples,,,,,,,,,,,2,1,1,1.0,5.0
201700001909,0017-02-22 11:25:00,17,2,22,11,25,690,273,angle Avenue du Dauphiné,45.6883,4.91418,Plein jour,En agglomération,Hors intersection,Normale,Autre collision,,,,,,,,,,,1,2,1,1.0,6.0
201700001910,0017-03-13 20:00:00,17,3,13,20,0,690,281,D57,45.63253,4.90982,Nuit sans éclairage public,Hors agglomération,Hors intersection,Normale,Autre collision,,,,,,,,,,,3,1,1,1.0,6.0
201700001911,0017-08-22 05:30:00,17,8,22,5,30,690,273,Avenue Marcel Merieux,45.66935,4.92865,Crépuscule ou aube,En agglomération,Hors intersection,Normale,Autre collision,,,,,,,,,,,2,2,1,1.0,6.0
201700001912,0017-08-30 16:45:00,17,8,30,16,45,690,273,Place du costel,45.67109,4.8989,Plein jour,En agglomération,Place,Normale,Autre collision,,,,,,,,,,,1,2,7,1.0,6.0
201700001913,0017-09-05 19:10:00,17,9,5,19,10,690,273,Route de Marennes,45.65334,4.90624,Plein jour,En agglomération,Hors intersection,Normale,Deux véhicules - côté,,,,,,,,,,,1,2,1,1.0,3.0
201700001914,0017-10-14 01:10:00,17,10,14,1,10,690,273,Avenue Gabriel Perri,45.67278,4.91309,Nuit sans éclairage public,En agglomération,Hors intersection,Normale,Trois véhicules et plus - collisions multiples,,,,,,,,,,,3,2,1,1.0,5.0
201700001915,0017-12-13 18:50:00,17,12,13,18,50,690,273,Rue des collières,45.6841,4.93134,Nuit avec éclairage allumé,En agglomération,Hors intersection,Pluie légère,Deux véhicules - frontale,,,,,,,,,,,5,2,1,2.0,1.0
201700001916,0017-01-08 18:09:00,17,1,8,18,9,690,86,ROUTE NAPOLÉON,45.82944,4.64668,Nuit sans éclairage public,Hors agglomération,Hors intersection,Autre,Deux véhicules - côté,,,,,,,,,,,3,1,1,9.0,3.0
201700001917,0017-03-20 23:00:00,17,3,20,23,0,690,231,rte de sain bel - D24E2,45.79325,4.61099,Nuit avec éclairage allumé,En agglomération,Hors intersection,Normale,Deux véhicules - côté,,,,,,,,,,,5,2,1,1.0,3.0
201700001918,0017-03-26 07:00:00,17,3,26,7,0,690,112,route du Charpenay,45.81883,4.67929,Nuit sans éclairage public,Hors agglomération,Hors intersection,Normale,Sans collision,,,,,,,,,,,3,1,1,1.0,7.0
201700001919,0017-04-04 14:55:00,17,4,4,14,55,690,112,route nationale 7,45.8196,4.68982,Plein jour,Hors agglomération,Hors intersection,Normale,Deux véhicules - frontale,,,,,,,,,,,1,1,1,1.0,1.0
201700001920,0017-04-27 20:45:00,17,4,27,20,45,690,175,route du bois du maine,45.82225,4.588,Crépuscule ou aube,Hors agglomération,Hors intersection,Pluie légère,Deux véhicules - frontale,,,,,,,,,,,2,1,1,2.0,1.0
201700001921,0017-04-29 17:30:00,17,4,29,17,30,690,173,route de goutte martin,45.8706,4.55958,Plein jour,En agglomération,Hors intersection,Normale,Sans collision,,,,,,,,,,,1,2,1,1.0,7.0
201700001922,0017-05-14 05:40:00,17,5,14,5,40,690,175,D7,45.81617,4.56124,Crépuscule ou aube,Hors agglomération,Hors intersection,Normale,Sans collision,,,,,,,,,,,2,1,1,1.0,7.0
201700001923,0017-05-21 16:40:00,17,5,21,16,40,690,112,"Route Pollionnay, D70",45.79749,4.66328,Plein jour,En agglomération,Hors intersection,Normale,Deux véhicules - côté,,,,,,,,,,,1,2,1,1.0,3.0
201700001924,0017-06-23 14:30:00,17,6,23,14,30,690,175,422 route du bois du mai,45.82225,4.588,Plein jour,Hors agglomération,Hors intersection,Autre,Deux véhicules - frontale,,,,,,,,,,,1,1,1,9.0,1.0
201700001925,0017-06-28 16:45:00,17,6,28,16,45,690,32,route nationale 7,45.85892,4.57822,Plein jour,Hors agglomération,Hors intersection,Normale,Deux véhicules - frontale,,,,,,,,,,,1,1,1,1.0,1.0
201700001926,0017-07-06 11:50:00,17,7,6,11,50,690,21,Route départementale 24,45.77038,4.54791,Plein jour,Hors agglomération,Hors intersection,Normale,Deux véhicules - frontale,,,,,,,,,,,1,1,1,1.0,1.0
201700001927,0017-09-08 13:15:00,17,9,8,13,15,690,10,route nationale 7 - mont,45.83752,4.62174,Plein jour,En agglomération,Hors intersection,Normale,Deux véhicules - côté,,,,,,,,,,,1,2,1,1.0,3.0
201700001928,0017-09-14 18:50:00,17,9,14,18,50,690,57,D24 - Route du Col de la,45.76961,4.59785,Plein jour,Hors agglomération,Hors intersection,Normale,Autre collision,,,,,,,,,,,1,1,1,1.0,6.0
201700001929,0017-09-16 16:20:00,17,9,16,16,20,690,10,place sapéon,45.83662,4.61828,Plein jour,En agglomération,Hors intersection,Normale,Autre collision,,,,,,,,,,,1,2,1,1.0,6.0