accident_id,datetime,annee,mois,jour,heure,minute,departement,commune_insee,adresse,latitude,longitude,luminosite,agglomeration,intersection,meteo,collision,nb_vehicules,nb_usagers,nb_indemnes,nb_tues,nb_blesses_hosp,nb_blesses_legers,age_cond_1,age_cond_2,veh_type_cond_1,veh_type_cond_2,lum_code,agg_code,int_code,atm_code,col_code
201700001930,0017-10-12 17:45:00,17,10,12,17,45,690,32,route nationale 7,45.85385,4.57649,Plein jour,Hors agglomération,Hors intersection,Normale,Deux véhicules - frontale,,,,,,,,,,,1,1,1,1.0,1.0
201700001931,0017-12-26 18:00:00,17,12,26,18,0,690,32,2570 route de Paris,45.85756,4.56638,Nuit avec éclairage allumé,Hors agglomération,Hors intersection,Normale,Autre collision,,,,,,,,,,,5,1,1,1.0,6.0
201700001932,0017-12-27 08:40:00,17,12,27,8,40,690,10,35 rue Charles De Gaule,45.83574,4.61615,Plein jour,En agglomération,Hors intersection,Temps couvert,Autre collision,,,,,,,,,,,1,2,1,8.0,6.0
201700001933,0017-05-09 17:00:00,17,5,9,17,0,690,139,lieu-dit MONTCHANIN,45.79459,4.45004,Plein jour,Hors agglomération,Hors intersection,Normale,Deux véhicules - frontale,,,,,,,,,,,1,1,1,1.0,1.0
201700001934,0017-06-07 08:00:00,17,6,7,8,0,690,220,LA BREFATIERE - D4,45.71969,4.47338,Plein jour,Hors agglomération,Hors intersection,Temps couvert,Deux véhicules - frontale,,,,,,,,,,,1,1,1,8.0,1.0
201700001935,0017-09-29 16:00:00,17,9,29,16,0,690,38,lieu dit les granges,45.78129,4.39506,Plein jour,Hors agglomération,Hors intersection,Normale,Autre collision,,,,,,,,,,,1,1,1,1.0,6.0
201700001936,0017-01-12 08:05:00,17,1,12,8,5,690,238,avenue Emmanuel Clément,45.63554,4.45992,Crépuscule ou aube,En agglomération,Hors intersection,Normale,Autre collision,,,,,,,,,,,2,2,1,1.0,6.0
201700001937,0017-03-27 19:30:00,17,3,27,19,30,690,227,RD 311,45.65803,4.55868,Plein jour,Hors agglomération,Hors intersection,Normale,Deux véhicules - frontale,,,,,,,,,,,1,1,1,1.0,1.0
201700001938,0017-04-07 08:30:00,17,4,7,8,30,690,238,avenue de la libération,45.6355,4.45987,Plein jour,En agglomération,Hors intersection,Normale,Deux véhicules - côté,,,,,,,,,,,1,2,1,1.0,3.0
201700001939,0017-04-07 16:00:00,17,4,7,16,0,690,110,lieu-dit Grange RAMBERT,45.63854,4.4872,Plein jour,Hors agglomération,Hors intersection,Normale,Trois véhicules et plus - collisions multiples,,,,,,,,,,,1,1,1,1.0,5.0
201700001940,0017-07-21 15:50:00,17,7,21,15,50,690,78,D489,45.69063,4.50411,Plein jour,Hors agglomération,Hors intersection,Pluie légère,Autre collision,,,,,,,,,,,1,1,1,2.0,6.0
201700001941,0017-07-23 17:30:00,17,7,23,17,30,690,78,Route Départementale 489,45.69093,4.54089,Plein jour,Hors agglomération,Hors intersection,Normale,Deux véhicules - arrière,,,,,,,,,,,1,1,1,1.0,2.0
201700001942,0017-08-12 11:50:00,17,8,12,11,50,690,227,D34,45.66569,4.56037,Plein jour,Hors agglomération,Hors intersection,Normale,Sans collision,,,,,,,,,,,1,1,1,1.0,7.0
201700001943,0017-11-25 12:30:00,17,11,25,12,30,690,155,lieu dit chavannes,45.6524,4.47286,Plein jour,Hors agglomération,Autre intersection,Temps couvert,Autre collision,,,,,,,,,,,1,1,9,8.0,6.0
201700001944,0017-11-26 19:35:00,17,11,26,19,35,690,238,8 BOULEVARD DE LA BARDIÈ,45.62954,4.46041,Nuit avec éclairage allumé,En agglomération,Autre intersection,Normale,Autre collision,,,,,,,,,,,5,2,9,1.0,6.0
201700001945,0017-02-04 03:15:00,17,2,4,3,15,690,255,16 rue de Lyon,45.73545,4.66837,Nuit avec éclairage non allumé,En agglomération,Hors intersection,Pluie légère,Autre collision,,,,,,,,,,,4,2,1,2.0,6.0
201700001946,0017-03-28 19:10:00,17,3,28,19,10,690,249,"D311 pk 15,250",45.67628,4.6328,Plein jour,Hors agglomération,Hors intersection,Normale,Sans collision,,,,,,,,,,,1,1,1,1.0,7.0
201700001947,0017-04-09 11:55:00,17,4,9,11,55,690,249,Lieu-dit Le Plat,45.68528,4.63782,Plein jour,Hors agglomération,Hors intersection,Normale,Autre collision,,,,,,,,,,,1,1,1,1.0,6.0
201700001948,0017-04-21 14:35:00,17,4,21,14,35,690,28,Intersection montée de l,45.72201,4.69822,Plein jour,En agglomération,Giratoire,Normale,Deux véhicules - côté,,,,,,,,,,,1,2,6,1.0,3.0
201700001949,0017-06-14 17:50:00,17,6,14,17,50,690,28,voie antique,45.70938,4.70488,Plein jour,Hors agglomération,Hors intersection,Normale,Deux véhicules - côté,,,,,,,,,,,1,1,1,1.0,3.0
201700001950,0017-06-28 19:30:00,17,6,28,19,30,690,255,9 rue du pont pinay,45.72919,4.67423,Plein jour,Hors agglomération,Hors intersection,Pluie forte,Deux véhicules - côté,,,,,,,,,,,1,1,1,3.0,3.0
201700001951,0017-08-04 13:10:00,17,8,4,13,10,690,255,3 route de bordeaux,45.73752,4.68525,Plein jour,En agglomération,Hors intersection,Normale,Autre collision,,,,,,,,,,,1,2,1,1.0,6.0
201700001952,0017-08-06 11:33:00,17,8,6,11,33,690,28,191 route du Pont Chabro,45.73614,4.71385,Plein jour,En agglomération,Hors intersection,Normale,Trois véhicules et plus - collisions multiples,,,,,,,,,,,1,2,1,1.0,5.0
201700001953,0017-08-30 20:00:00,17,8,30,20,0,690,249,RD 311,45.66703,4.58431,Crépuscule ou aube,Hors agglomération,Hors intersection,Pluie légère,Deux véhicules - côté,,,,,,,,,,,2,1,1,2.0,3.0
201700001954,0017-11-11 12:00:00,17,11,11,12,0,690,154,Route du col de la luère,45.75596,4.63219,Plein jour,Hors agglomération,Hors intersection,Temps couvert,Sans collision,,,,,,,,,,,1,1,1,8.0,7.0
201700001955,0017-12-19 11:00:00,17,12,19,11,0,690,94,"Route de Vaugneray, PK 0",45.74493,4.69766,Plein jour,Hors agglomération,Hors intersection,Pluie légère,Sans collision,,,,,,,,,,,1,1,1,2.0,7.0
201700001956,0017-03-19 17:30:00,17,3,19,17,30,690,296,COTE DE CHANVRE,45.64044,4.83365,Plein jour,En agglomération,Hors intersection,Normale,Autre collision,,,,,,,,,,,1,2,1,1.0,6.0
201700001957,0017-03-24 10:35:00,17,3,24,10,35,690,294,2 route de Ternay,45.62893,4.82318,Plein jour,En agglomération,Hors intersection,Pluie légère,Autre collision,,,,,,,,,,,1,2,1,2.0,6.0
201700001958,0017-03-30 17:15:00,17,3,30,17,15,690,296,rue de la croix rouge,45.63946,4.84671,Plein jour,En agglomération,Hors intersection,Temps éblouissant,Autre collision,,,,,,,,,,,1,2,1,7.0,6.0
201700001959,0017-04-05 18:00:00,17,4,5,18,0,690,296,route de Feyzin,45.65266,4.84828,Plein jour,Hors agglomération,Hors intersection,Normale,Autre collision,,,,,,,,,,,1,1,1,1.0,6.0
201700001960,0017-04-16 05:55:00,17,4,16,5,55,690,291,AVENUE DES TILLEULS,45.63603,4.85619,Nuit avec éclairage allumé,En agglomération,Hors intersection,Normale,Deux véhicules - côté,,,,,,,,,,,5,2,1,1.0,3.0
201700001961,0017-05-06 05:20:00,17,5,6,5,20,690,296,CD36 - Rond Point de la,45.64601,4.83817,Crépuscule ou aube,Hors agglomération,Giratoire,Normale,Sans collision,,,,,,,,,,,2,1,6,1.0,7.0
201700001962,0017-07-02 16:15:00,17,7,2,16,15,690,291,Avenue de la Colombière,45.62697,4.85529,Plein jour,En agglomération,Hors intersection,Normale,Autre collision,,,,,,,,,,,1,2,1,1.0,6.0
201700001963,0017-07-16 18:00:00,17,7,16,18,0,690,291,rue Jean Odet,45.63023,4.85393,Plein jour,En agglomération,Hors intersection,Temps éblouissant,Autre collision,,,,,,,,,,,1,2,1,7.0,6.0
201700001964,0017-07-20 16:10:00,17,7,20,16,10,690,296,CD 312,45.64474,4.83064,Plein jour,Hors agglomération,Hors intersection,Normale,Sans collision,,,,,,,,,,,1,1,1,1.0,7.0
201700001965,0017-07-24 17:40:00,17,7,24,17,40,690,296,Départementale 36 - Inte,45.64312,4.81807,Plein jour,En agglomération,Hors intersection,Normale,Deux véhicules - côté,,,,,,,,,,,1,2,1,1.0,3.0
201700001966,0017-08-26 12:10:00,17,8,26,12,10,690,291,RN7,45.62642,4.8566,Plein jour,Hors agglomération,Hors intersection,Temps éblouissant,Deux véhicules - arrière,,,,,,,,,,,1,1,1,7.0,2.0
201700001967,0017-08-31 13:50:00,17,8,31,13,50,690,297,route neuve,45.60715,4.80765,Plein jour,En agglomération,Hors intersection,Temps couvert,Deux véhicules - côté,,,,,,,,,,,1,2,1,8.0,3.0
201700001968,0017-09-29 17:55:00,17,9,29,17,55,690,294,14 rue Maurice Petit,45.63094,4.8238,Plein jour,En agglomération,Hors intersection,Normale,Deux véhicules - côté,,,,,,,,,,,1,2,1,1.0,3.0
201700001969,0017-10-12 12:35:00,17,10,12,12,35,690,296,ROUTE DEPARTEMENTALE 36,45.64264,4.82691,Plein jour,Hors agglomération,Autre intersection,Normale,Autre collision,,,,,,,,,,,1,1,9,1.0,6.0
201700001970,0017-12-12 12:50:00,17,12,12,12,50,690,291,rue de la Croix-Rouge,45.63895,4.85291,Plein jour,En agglomération,Hors intersection,Normale,Deux véhicules - arrière,,,,,,,,,,,1,2,1,1.0,2.0
201700001971,0017-12-11 17:10:00,17,12,11,17,10,690,272,N7,45.58941,4.86133,Crépuscule ou aube,Hors agglomération,Hors intersection,Normale,Deux véhicules - côté,,,,,,,,,,,2,1,1,1.0,3.0
201700001972,0017-02-18 17:00:00,17,2,18,17,0,690,241,Intersection Route des F,45.64176,4.74116,Plein jour,Hors agglomération,Hors intersection,Normale,Deux véhicules - côté,,,,,,,,,,,1,1,1,1.0,3.0
201700001973,0017-04-14 15:30:00,17,4,14,15,30,690,179,CD 34,45.60387,4.69083,Plein jour,Hors agglomération,Intersection en T,Normale,Deux véhicules - côté,,,,,,,,,,,1,1,3,1.0,3.0
201700001974,0017-08-05 22:20:00,17,8,5,22,20,690,136,"ROUTE DE LYON, RD 386 in",45.62958,4.75813,Nuit avec éclairage allumé,Hors agglomération,Hors intersection,Normale,Deux véhicules - côté,,,,,,,,,,,5,1,1,1.0,3.0
201700001975,0017-08-25 18:15:00,17,8,25,18,15,690,141,rue patrin,45.61843,4.67021,Plein jour,En agglomération,Hors intersection,Normale,Autre collision,,,,,,,,,,,1,2,1,1.0,6.0
201700001976,0017-09-25 15:15:00,17,9,25,15,15,690,141,"Le logis neuf, D342",45.60429,4.68868,Plein jour,Hors agglomération,Hors intersection,Pluie légère,Deux véhicules - côté,,,,,,,,,,,1,1,1,2.0,3.0
201700001977,0017-11-04 16:55:00,17,11,4,16,55,690,228,départementale 2E - pk 2,45.56038,4.63949,Nuit sans éclairage public,Hors agglomération,Hors intersection,Pluie légère,Deux véhicules - frontale,,,,,,,,,,,3,1,1,2.0,1.0
201700001978,0017-03-26 00:30:00,17,3,26,0,30,690,61,route de celibéty,45.99551,4.61963,Nuit sans éclairage public,Hors agglomération,Hors intersection,Normale,Autre collision,,,,,,,,,,,3,1,1,1.0,6.0
201700001979,0017-04-29 16:15:00,17,4,29,16,15,690,167,D 504,46.00818,4.58855,Plein jour,Hors agglomération,Hors intersection,Normale,Deux véhicules - frontale,,,,,,,,,,,1,1,1,1.0,1.0
201700001980,0017-05-18 16:30:00,17,5,18,16,30,690,74,Route de Rivolet,45.99642,4.66324,Plein jour,Hors agglomération,Intersection en X,Normale,Deux véhicules - côté,,,,,,,,,,,1,1,2,1.0,3.0
201700001981,0017-06-27 18:00:00,17,6,27,18,0,690,151,LA Croix Collier,46.0651,4.5785,Plein jour,Hors agglomération,Hors intersection,Normale,Deux véhicules - côté,,,,,,,,,,,1,1,1,1.0,3.0
201700001982,0017-08-19 19:00:00,17,8,19,19,0,690,172,route du Pont Mathivet,46.05565,4.63681,Plein jour,Hors agglomération,Intersection en X,Normale,Deux véhicules - côté,,,,,,,,,,,1,1,2,1.0,3.0
201700001983,0017-08-21 15:50:00,17,8,21,15,50,690,105,Lieu dit Clos Gerbon,45.99715,4.64672,Plein jour,Hors agglomération,Intersection en X,Temps éblouissant,Deux véhicules - côté,,,,,,,,,,,1,1,2,7.0,3.0
201700001984,0017-02-19 15:15:00,17,2,19,15,15,690,20,D385,45.86759,4.66027,Plein jour,Hors agglomération,Hors intersection,Normale,Sans collision,,,,,,,,,,,1,1,1,1.0,7.0
201700001985,0017-02-24 13:50:00,17,2,24,13,50,690,140,Carrefour matérialisé pa,45.90208,4.67656,Plein jour,Hors agglomération,Intersection en X,Normale,Deux véhicules - côté,,,,,,,,,,,1,1,2,1.0,3.0
201700001986,0017-03-17 18:30:00,17,3,17,18,30,690,114,route de tarare,45.96268,4.66825,Plein jour,Hors agglomération,Autre intersection,Normale,Autre collision,,,,,,,,,,,1,1,9,1.0,6.0
201700001987,0017-03-27 08:05:00,17,3,27,8,5,690,9,RD306,45.92895,4.72652,Plein jour,Hors agglomération,Hors intersection,Normale,Deux véhicules - côté,,,,,,,,,,,1,1,1,1.0,3.0
201700001988,0017-04-24 18:10:00,17,4,24,18,10,690,140,810 route de Chazay,45.89163,4.70058,Plein jour,En agglomération,Hors intersection,Normale,Deux véhicules - côté,,,,,,,,,,,1,2,1,1.0,3.0
201700001989,0017-05-15 16:55:00,17,5,15,16,55,690,140,route de chazay,45.88935,4.70186,Plein jour,En agglomération,Hors intersection,Normale,Deux véhicules - côté,,,,,,,,,,,1,2,1,1.0,3.0
201700001990,0017-05-25 12:15:00,17,5,25,12,15,690,20,rue guillaume de varey,45.87014,4.67116,Plein jour,Hors agglomération,Intersection en T,Normale,Autre collision,,,,,,,,,,,1,1,3,1.0,6.0
201700001991,0017-06-02 10:00:00,17,6,2,10,0,690,47,route d'alix,45.89303,4.66544,Plein jour,En agglomération,Hors intersection,Normale,Deux véhicules - frontale,,,,,,,,,,,1,2,1,1.0,1.0
201700001992,0017-07-10 16:40:00,17,7,10,16,40,690,140,Départementale 100,45.89672,4.70483,Plein jour,En agglomération,Hors intersection,Pluie forte,Deux véhicules - côté,,,,,,,,,,,1,2,1,3.0,3.0
201700001993,0017-07-22 18:55:00,17,7,22,18,55,690,52,D30,45.87578,4.71095,Plein jour,En agglomération,Hors intersection,Pluie légère,Deux véhicules - frontale,,,,,,,,,,,1,2,1,2.0,1.0
201700001994,0017-07-26 15:30:00,17,7,26,15,30,690,52,route de marcilly,45.87354,4.71314,Plein jour,Hors agglomération,Hors intersection,Normale,Deux véhicules - frontale,,,,,,,,,,,1,1,1,1.0,1.0
201700001995,0017-08-21 10:10:00,17,8,21,10,10,690,121,D 596,45.85685,4.66918,Plein jour,En agglomération,Hors intersection,Temps éblouissant,Deux véhicules - côté,,,,,,,,,,,1,2,1,7.0,3.0
201700001996,0017-09-08 15:15:00,17,9,8,15,15,690,140,D100,45.89577,4.70576,Plein jour,En agglomération,Hors intersection,Normale,Autre collision,,,,,,,,,,,1,2,1,1.0,6.0
201700001997,0017-09-16 13:00:00,17,9,16,13,0,690,140,ROUTE DE LUCENAY,45.90227,4.70061,Plein jour,En agglomération,Hors intersection,Temps couvert,Deux véhicules - arrière,,,,,,,,,,,1,2,1,8.0,2.0
201700001998,0017-10-30 11:30:00,17,10,30,11,30,690,9,avenue de Brianne,45.93534,4.71563,Plein jour,En agglomération,Hors intersection,Normale,Autre collision,,,,,,,,,,,1,2,1,1.0,6.0
201700001999,0017-11-02 15:15:00,17,11,2,15,15,690,52,Route de Lozanne - CD 30,45.87415,4.70592,Plein jour,En agglomération,Hors intersection,Normale,Deux véhicules - côté,,,,,,,,,,,1,2,1,1.0,3.0
201700002000,0017-12-17 14:45:00,17,12,17,14,45,690,140,route de lucenay,45.90227,4.70061,Plein jour,En agglomération,Hors intersection,Pluie légère,Deux véhicules - frontale,,,,,,,,,,,1,2,1,2.0,1.0
201700002001,0017-12-23 11:45:00,17,12,23,11,45,690,121,route de lyon,45.85557,4.68748,Plein jour,En agglomération,Hors intersection,Temps couvert,Deux véhicules - côté,,,,,,,,,,,1,2,1,8.0,3.0
201700002002,0017-02-01 07:05:00,17,2,1,7,5,690,19,Route de Beaujeu,46.11295,4.72865,Nuit avec éclairage allumé,En agglomération,Hors intersection,Brouillard / fumée,Autre collision,,,,,,,,,,,5,2,1,5.0,6.0
201700002003,0017-02-17 23:15:00,17,2,17,23,15,690,77,"PK 001.250, CD 32",46.16572,4.78326,Nuit sans éclairage public,Hors agglomération,Hors intersection,Normale,Autre collision,,,,,,,,,,,3,1,1,1.0,6.0
201700002004,0017-03-11 11:15:00,17,3,11,11,15,690,197,Place du 8 mai 1945,46.06819,4.64974,Plein jour,En agglomération,Hors intersection,Normale,Autre collision,,,,,,,,,,,1,2,1,1.0,6.0
201700002005,0017-03-19 04:40:00,17,3,19,4,40,690,218,D337,46.11951,4.69182,Nuit sans éclairage public,Hors agglomération,Hors intersection,Pluie légère,Sans collision,,,,,,,,,,,3,1,1,2.0,7.0
201700002006,0017-04-10 07:55:00,17,4,10,7,55,690,19,"15, Boulevard Joseph Ros",46.10686,4.74464,Crépuscule ou aube,En agglomération,Hors intersection,Temps éblouissant,Autre collision,,,,,,,,,,,2,2,1,7.0,6.0
201700002007,0017-04-17 16:30:00,17,4,17,16,30,690,145,Départementale 62,46.09572,4.64205,Plein jour,En agglomération,Hors intersection,Normale,Deux véhicules - côté,,,,,,,,,,,1,2,1,1.0,3.0
201700002008,0017-05-28 19:00:00,17,5,28,19,0,690,19,Rue des Remparts,46.1068,4.75141,Plein jour,En agglomération,Giratoire,Normale,Deux véhicules - côté,,,,,,,,,,,1,2,6,1.0,3.0
201700002009,0017-06-27 17:55:00,17,6,27,17,55,690,206,Lieu dit PATURAL,46.04859,4.7213,Plein jour,En agglomération,Hors intersection,Normale,Autre collision,,,,,,,,,,,1,2,1,1.0,6.0
201700002010,0017-07-08 12:40:00,17,7,8,12,40,690,19,CD 19 - LA GRANGE BERCHE,46.10171,4.71909,Plein jour,Hors agglomération,Intersection en X,Normale,Deux véhicules - côté,,,,,,,,,,,1,1,2,1.0,3.0
201700002011,0017-07-22 18:00:00,17,7,22,18,0,690,19,cd306 lieu-dit Le Cheval,46.08042,4.72669,Plein jour,Hors agglomération,Hors intersection,Normale,Autre collision,,,,,,,,,,,1,1,1,1.0,6.0
201700002012,0017-08-12 19:15:00,17,8,12,19,15,690,206,D68,46.05748,4.73398,Plein jour,Hors agglomération,Hors intersection,Temps éblouissant,Deux véhicules - côté,,,,,,,,,,,1,1,1,7.0,3.0
201700002013,0017-09-25 16:20:00,17,9,25,16,20,690,206,Lieu dit LE CHEVALIER,46.08098,4.72754,Plein jour,Hors agglomération,Hors intersection,Pluie forte,Deux véhicules - frontale,,,,,,,,,,,1,1,1,3.0,1.0
201700002014,0017-09-27 17:35:00,17,9,27,17,35,690,45,La grange Boourbon,46.08676,4.68729,Plein jour,Hors agglomération,Hors intersection,Normale,Autre collision,,,,,,,,,,,1,1,1,1.0,6.0
201700002015,0017-10-31 14:50:00,17,10,31,14,50,690,242,Rond point de la command,46.11452,4.75216,Plein jour,En agglomération,Giratoire,Temps éblouissant,Deux véhicules - côté,,,,,,,,,,,1,2,6,7.0,3.0
201700002016,0017-11-09 06:00:00,17,11,9,6,0,690,211,LES BRANDES BRUYERES,46.14066,4.74183,Nuit sans éclairage public,Hors agglomération,Hors intersection,Temps couvert,Deux véhicules - frontale,,,,,,,,,,,3,1,1,8.0,1.0
201700002017,0017-11-17 18:55:00,17,11,17,18,55,690,211,rond point CD306 /CD29,46.12725,4.73867,Nuit avec éclairage allumé,En agglomération,Giratoire,Normale,Deux véhicules - côté,,,,,,,,,,,5,2,6,1.0,3.0
201700002018,0017-12-07 11:20:00,17,12,7,11,20,690,45,Lieu dit la Girardière,46.08015,4.69987,Plein jour,Hors agglomération,Hors intersection,Temps couvert,Sans collision,,,,,,,,,,,1,1,1,8.0,7.0
201700002019,0017-12-12 08:45:00,17,12,12,8,45,690,19,RD306 / PR9.230,46.10008,4.73156,Plein jour,Hors agglomération,Hors intersection,Pluie légère,Deux véhicules - côté,,,,,,,,,,,1,1,1,2.0,3.0
201700002020,0017-01-21 03:00:00,17,1,21,3,0,690,239,"Lieu dit "" La tracole """,45.90984,4.50895,Nuit sans éclairage public,Hors agglomération,Hors intersection,Normale,Deux véhicules - frontale,,,,,,,,,,,3,1,1,1.0,1.0
201700002021,0017-02-19 17:15:00,17,2,19,17,15,690,111,Cd 313,45.90484,4.56945,Plein jour,Hors agglomération,Hors intersection,Normale,Deux véhicules - frontale,,,,,,,,,,,1,1,1,1.0,1.0
201700002022,0017-02-23 10:20:00,17,2,23,10,20,690,90,D338 les Yabottes,45.92475,4.63148,Plein jour,Hors agglomération,Hors intersection,Normale,Deux véhicules - frontale,,,,,,,,,,,1,1,1,1.0,1.0
201700002023,0017-04-13 17:35:00,17,4,13,17,35,690,56,"lieu dit "" La roberde """,45.89464,4.62115,Plein jour,Hors agglomération,Hors intersection,Normale,Autre collision,,,,,,,,,,,1,1,1,1.0,6.0
201700002024,0017-04-30 17:50:00,17,4,30,17,50,690,39,rue Louis Bréchard,45.98462,4.50973,Plein jour,En agglomération,Hors intersection,Normale,Deux véhicules - côté,,,,,,,,,,,1,2,1,1.0,3.0
201700002025,0017-05-14 17:30:00,17,5,14,17,30,690,17,montée des carrières,45.91869,4.60889,Plein jour,En agglomération,Hors intersection,Normale,Autre collision,,,,,,,,,,,1,2,1,1.0,6.0
201700002026,0017-07-12 14:21:00,17,7,12,14,21,690,50,Lieu-dit le Moulin,45.88907,4.64353,Plein jour,Hors agglomération,Hors intersection,Normale,Deux véhicules - frontale,,,,,,,,,,,1,1,1,1.0,1.0
201700002027,0017-07-22 17:55:00,17,7,22,17,55,690,90,route d'anse,45.92684,4.65565,Plein jour,Hors agglomération,Hors intersection,Temps couvert,Deux véhicules - frontale,,,,,,,,,,,1,1,1,8.0,1.0
201700002028,0017-08-14 19:00:00,17,8,14,19,0,690,50,PK 43 RD 385,45.8822,4.63027,Plein jour,Hors agglomération,Hors intersection,Temps couvert,Deux véhicules - côté,,,,,,,,,,,1,1,1,8.0,3.0
201700002029,0017-10-18 08:35:00,17,10,18,8,35,690,56,rue des marais,45.88618,4.62339,Plein jour,En agglomération,Hors intersection,Temps éblouissant,Autre collision,,,,,,,,,,,1,2,1,7.0,6.0
201700002030,0017-11-05 05:50:00,17,11,5,5,50,690,90,D338,45.9246,4.63108,Nuit sans éclairage public,Hors agglomération,Hors intersection,Pluie légère,Deux véhicules - frontale,,,,,,,,,,,3,1,1,2.0,1.0
201700002031,0017-11-14 17:00:00,17,11,14,17,0,690,24,RUE JACQUES CORTAY,45.92573,4.58205,Nuit avec éclairage allumé,En agglomération,Hors intersection,Normale,Autre collision,,,,,,,,,,,5,2,1,1.0,6.0
201700002032,0017-01-27 03:50:00,17,1,27,3,50,690,147,le Marais,,,Nuit avec éclairage allumé,Hors agglomération,Hors intersection,Neige / grêle,Sans collision,,,,,,,,,,,5,1,1,4.0,7.0
201700002033,0017-02-23 19:30:00,17,2,23,19,30,690,147,le marais,45.87804,4.52504,Nuit sans éclairage public,Hors agglomération,Hors intersection,Normale,Deux véhicules - côté,,,,,,,,,,,3,1,1,1.0,3.0
201700002034,0017-02-24 18:15:00,17,2,24,18,15,690,223,510 route de séryvoux,45.89008,4.499,Crépuscule ou aube,Hors agglomération,Hors intersection,Normale,Deux véhicules - frontale,,,,,,,,,,,2,1,1,1.0,1.0
201700002035,0017-02-25 14:55:00,17,2,25,14,55,690,254,RD 313 chez Pirote,45.96547,4.41894,Plein jour,Hors agglomération,Hors intersection,Normale,Deux véhicules - côté,,,,,,,,,,,1,1,1,1.0,3.0
201700002036,0017-02-25 16:50:00,17,2,25,16,50,690,157,Chemin des longes,45.87695,4.49928,Plein jour,En agglomération,Hors intersection,Normale,Deux véhicules - frontale,,,,,,,,,,,1,2,1,1.0,1.0
201700002037,0017-03-11 09:30:00,17,3,11,9,30,690,243,RD 8,45.92087,4.41009,Plein jour,Hors agglomération,Hors intersection,Normale,Autre collision,,,,,,,,,,,1,1,1,1.0,6.0
201700002038,0017-03-31 10:15:00,17,3,31,10,15,690,243,19 rue montany,45.89614,4.4387,Plein jour,En agglomération,Place,Autre,Autre collision,,,,,,,,,,,1,2,7,9.0,6.0
201700002039,0017-04-03 08:00:00,17,4,3,8,0,690,234,RN7 / RD67,45.86704,4.54633,Plein jour,Hors agglomération,Intersection en X,Temps éblouissant,Deux véhicules - côté,,,,,,,,,,,1,1,2,7.0,3.0
201700002040,0017-04-07 19:30:00,17,4,7,19,30,690,8,Lieu dit le couvent,45.83848,4.5138,Plein jour,En agglomération,Hors intersection,Normale,Deux véhicules - côté,,,,,,,,,,,1,2,1,1.0,3.0
201700002041,0017-05-02 10:15:00,17,5,2,10,15,690,254,RD313,45.9671,4.41731,Plein jour,Hors agglomération,Hors intersection,Pluie légère,Sans collision,,,,,,,,,,,1,1,1,2.0,7.0
201700002042,0017-05-03 08:30:00,17,5,3,8,30,690,102,"Lieu dit ""challan""",45.87377,4.37662,Plein jour,Hors agglomération,Hors intersection,Temps couvert,Autre collision,,,,,,,,,,,1,1,1,8.0,6.0
201700002043,0017-05-18 06:45:00,17,5,18,6,45,690,254,D313,45.9713,4.40914,Crépuscule ou aube,Hors agglomération,Hors intersection,Normale,Sans collision,,,,,,,,,,,2,1,1,1.0,7.0
201700002044,0017-05-21 11:50:00,17,5,21,11,50,690,243,Lieu-dit Chaboud,45.91348,4.4227,Plein jour,En agglomération,Hors intersection,Normale,Autre collision,,,,,,,,,,,1,2,1,1.0,6.0
201700002045,0017-06-12 06:45:00,17,6,12,6,45,690,254,Chez pirotte,45.96547,4.41894,Plein jour,Hors agglomération,Hors intersection,Normale,Autre collision,,,,,,,,,,,1,1,1,1.0,6.0
201700002046,0017-06-22 12:40:00,17,6,22,12,40,690,1,Départementale 38,45.84336,4.39436,Plein jour,Hors agglomération,Hors intersection,Normale,Autre collision,,,,,,,,,,,1,1,1,1.0,6.0
201700002047,0017-07-01 09:45:00,17,7,1,9,45,690,200,zone industrielle du Mor,45.85407,4.4585,Plein jour,En agglomération,Hors intersection,Temps couvert,Autre collision,,,,,,,,,,,1,2,1,8.0,6.0
201700002048,0017-07-03 05:30:00,17,7,3,5,30,690,243,rue Boucher de Perthes,45.89267,4.44102,Crépuscule ou aube,En agglomération,Hors intersection,Normale,Autre collision,,,,,,,,,,,2,2,1,1.0,6.0
201700002049,0017-07-08 20:50:00,17,7,8,20,50,690,157,chemin des potences,45.8768,4.50317,Plein jour,En agglomération,Hors intersection,Normale,Autre collision,,,,,,,,,,,1,2,1,1.0,6.0
201700002050,0017-08-20 16:30:00,17,8,20,16,30,690,225,Lieu dit le pont,45.86471,4.41116,Plein jour,Hors agglomération,Hors intersection,Normale,Autre collision,,,,,,,,,,,1,1,1,1.0,6.0
201700002051,0017-08-29 20:30:00,17,8,29,20,30,690,243,Route nationale 7 - Aven,45.89064,4.44487,Nuit avec éclairage allumé,En agglomération,Hors intersection,Normale,Deux véhicules - côté,,,,,,,,,,,5,2,1,1.0,3.0