accident_id,datetime,annee,mois,jour,heure,minute,departement,commune_insee,adresse,latitude,longitude,luminosite,agglomeration,intersection,meteo,collision,nb_vehicules,nb_usagers,nb_indemnes,nb_tues,nb_blesses_hosp,nb_blesses_legers,age_cond_1,age_cond_2,veh_type_cond_1,veh_type_cond_2,lum_code,agg_code,int_code,atm_code,col_code
201700002052,0017-11-18 18:00:00,17,11,18,18,0,690,188,Pk 12+200,45.92532,4.45996,Nuit sans éclairage public,Hors agglomération,Hors intersection,Normale,Deux véhicules - côté,,,,,,,,,,,3,1,1,1.0,3.0
201700002053,0017-11-22 08:05:00,17,11,22,8,5,690,200,RD 27,45.85407,4.4585,Plein jour,En agglomération,Hors intersection,Normale,Autre collision,,,,,,,,,,,1,2,1,1.0,6.0
201700002054,0017-04-24 14:30:00,17,4,24,14,30,690,160,col des écharmeaux,46.16718,4.44152,Plein jour,Hors agglomération,Giratoire,Normale,Deux véhicules - côté,,,,,,,,,,,1,1,6,1.0,3.0
201700002055,0017-06-23 18:40:00,17,6,23,18,40,690,160,Le Bourg,46.14984,4.45762,Plein jour,En agglomération,Hors intersection,Normale,Autre collision,,,,,,,,,,,1,2,1,1.0,6.0
201700002056,0017-06-28 23:20:00,17,6,28,23,20,690,37,"lieu-dit ""le moulin blan",46.02664,4.49812,Nuit sans éclairage public,Hors agglomération,Hors intersection,Normale,Autre collision,,,,,,,,,,,3,1,1,1.0,6.0
201700002057,0017-09-10 02:00:00,17,9,10,2,0,690,229,Lieu-dit La Chassagne,46.0911,4.46056,Nuit sans éclairage public,Hors agglomération,Hors intersection,Brouillard / fumée,Autre collision,,,,,,,,,,,3,1,1,5.0,6.0
201700002058,0017-09-14 17:45:00,17,9,14,17,45,690,107,Croix de la Roue,46.04886,4.49013,Plein jour,Hors agglomération,Hors intersection,Normale,Deux véhicules - frontale,,,,,,,,,,,1,1,1,1.0,1.0
201700002059,0017-04-03 08:15:00,17,4,3,8,15,10,211,Route départementale 23,46.13305,5.20996,Plein jour,Hors agglomération,Hors intersection,Normale,Deux véhicules - frontale,,,,,,,,,,,1,1,1,1.0,1.0
201700002060,0017-05-07 15:15:00,17,5,7,15,15,10,405,RD 1083,46.11944,5.1551,Plein jour,Hors agglomération,Hors intersection,Temps couvert,Deux véhicules - frontale,,,,,,,,,,,1,1,1,8.0,1.0
201700002061,0017-06-10 09:55:00,17,6,10,9,55,10,301,rue des morelles / RD 10,46.24794,5.13758,Plein jour,Hors agglomération,Intersection en T,Normale,Deux véhicules - côté,,,,,,,,,,,1,1,3,1.0,3.0
201700002062,0017-08-15 20:15:00,17,8,15,20,15,10,259,route de Montracol,46.20841,5.11806,Nuit sans éclairage public,Hors agglomération,Hors intersection,Pluie légère,Autre collision,,,,,,,,,,,3,1,1,2.0,6.0
201700002063,0017-09-15 07:40:00,17,9,15,7,40,10,301,rue de la presle,46.24622,5.13802,Plein jour,Hors agglomération,Intersection en T,Normale,Deux véhicules - côté,,,,,,,,,,,1,1,3,1.0,3.0
201700002064,0017-11-18 09:45:00,17,11,18,9,45,10,211,RD 22,46.11634,5.20151,Plein jour,Hors agglomération,Hors intersection,Normale,Trois véhicules et plus - collisions multiples,,,,,,,,,,,1,1,1,1.0,5.0
201700002065,0017-04-22 16:35:00,17,4,22,16,35,10,185,Route départementale num,45.97468,5.59585,Plein jour,En agglomération,Intersection à plus de 4 branches,Normale,Deux véhicules - côté,,,,,,,,,,,1,2,5,1.0,3.0
201700002066,0017-08-03 20:25:00,17,8,3,20,25,10,60,intersection Rue de la F,46.0756,5.61439,Crépuscule ou aube,En agglomération,Intersection en Y,Normale,Deux véhicules - frontale,,,,,,,,,,,2,2,4,1.0,1.0
201700002067,0017-12-08 15:15:00,17,12,8,15,15,10,185,Col de la BERCHE - D8,45.9817,5.57827,Plein jour,Hors agglomération,Hors intersection,Neige / grêle,Trois véhicules et plus - collisions multiples,,,,,,,,,,,1,1,1,4.0,5.0
201700002068,0017-01-18 07:20:00,17,1,18,7,20,10,390,route départementale 20,45.81721,5.27854,Crépuscule ou aube,Hors agglomération,Hors intersection,Normale,Deux véhicules - frontale,,,,,,,,,,,2,1,1,1.0,1.0
201700002069,0017-03-05 15:30:00,17,3,5,15,30,10,431,route de LAGNIEU,45.92301,5.34636,Plein jour,Hors agglomération,Hors intersection,Temps couvert,Deux véhicules - frontale,,,,,,,,,,,1,1,1,8.0,1.0
201700002070,0017-06-07 21:05:00,17,6,7,21,5,10,390,Intersection D62/D84,45.82028,5.24396,Crépuscule ou aube,Hors agglomération,Intersection en X,Normale,Deux véhicules - côté,,,,,,,,,,,2,1,2,1.0,3.0
201700002071,0017-06-22 17:55:00,17,6,22,17,55,10,99,RD1084,45.90708,5.24194,Plein jour,Hors agglomération,Intersection en T,Normale,Deux véhicules - côté,,,,,,,,,,,1,1,3,1.0,3.0
201700002072,0017-07-14 22:55:00,17,7,14,22,55,10,213,RD1084 lieu dit les Rous,45.94463,5.31011,Nuit sans éclairage public,Hors agglomération,Hors intersection,Normale,Deux véhicules - arrière,,,,,,,,,,,3,1,1,1.0,2.0
201700002073,0017-09-13 18:45:00,17,9,13,18,45,10,213,rue de la vallière,45.92181,5.29925,Plein jour,En agglomération,Hors intersection,Normale,Autre collision,,,,,,,,,,,1,2,1,1.0,6.0
201700002074,0017-09-26 21:45:00,17,9,26,21,45,10,396,17 rue de l'industrie,45.84993,5.41629,Nuit avec éclairage allumé,En agglomération,Hors intersection,Normale,Deux véhicules - frontale,,,,,,,,,,,5,2,1,1.0,1.0
201700002075,0017-10-07 16:30:00,17,10,7,16,30,10,396,D 122 - PK 4 + 957,45.87004,5.38859,Plein jour,Hors agglomération,Hors intersection,Normale,Deux véhicules - frontale,,,,,,,,,,,1,1,1,1.0,1.0
201700002076,0017-10-10 14:30:00,17,10,10,14,30,10,47,D 124,45.85698,5.23407,Plein jour,Hors agglomération,Hors intersection,Normale,Deux véhicules - arrière,,,,,,,,,,,1,1,1,1.0,2.0
201700002077,0017-10-18 21:00:00,17,10,18,21,0,10,213,Carrefour Rd 40B et RD 1,45.93105,5.28731,Nuit sans éclairage public,Hors agglomération,Intersection en X,Normale,Deux véhicules - côté,,,,,,,,,,,3,1,2,1.0,3.0
201700002078,0017-11-13 13:15:00,17,11,13,13,15,10,213,D77,45.91925,5.29128,Plein jour,Hors agglomération,Hors intersection,Pluie forte,Deux véhicules - frontale,,,,,,,,,,,1,1,1,3.0,1.0
201700002079,0017-01-13 06:15:00,17,1,13,6,15,10,313,D35 Hameau les aglands,46.24809,6.06833,Nuit sans éclairage public,Hors agglomération,Hors intersection,Pluie légère,Autre collision,,,,,,,,,,,3,1,1,2.0,6.0
201700002080,0017-06-16 20:40:00,17,6,16,20,40,10,281,52 rue de GEX,46.27616,6.09278,Plein jour,En agglomération,Intersection en X,Normale,Deux véhicules - arrière,,,,,,,,,,,1,2,2,1.0,2.0
201700002081,0017-07-19 08:13:00,17,7,19,8,13,10,313,D 35,46.24809,6.06833,Plein jour,Hors agglomération,Hors intersection,Normale,Deux véhicules - côté,,,,,,,,,,,1,1,1,1.0,3.0
201700002082,0017-07-24 17:30:00,17,7,24,17,30,10,397,Route de Versonnex,46.3119,6.10386,Plein jour,Hors agglomération,Hors intersection,Normale,Deux véhicules - arrière,,,,,,,,,,,1,1,1,1.0,2.0
201700002083,0017-09-22 07:30:00,17,9,22,7,30,10,160,19 AVENUE DU JURA,46.2582,6.11308,Plein jour,En agglomération,Hors intersection,Normale,Deux véhicules - côté,,,,,,,,,,,1,2,1,1.0,3.0
201700002084,0017-12-14 08:15:00,17,12,14,8,15,10,313,D78,46.2707,6.07195,Crépuscule ou aube,Hors agglomération,Hors intersection,Pluie forte,Trois véhicules et plus - collisions multiples,,,,,,,,,,,2,1,1,3.0,5.0
201700002085,0017-06-07 19:30:00,17,6,7,19,30,10,43,chemin des Malettes,45.82184,4.99474,Plein jour,Hors agglomération,Giratoire,Normale,Deux véhicules - côté,,,,,,,,,,,1,1,6,1.0,3.0
201700002086,0017-06-18 18:45:00,17,6,18,18,45,10,249,714 grande rue,45.8228,4.94996,Plein jour,En agglomération,Hors intersection,Normale,Deux véhicules - frontale,,,,,,,,,,,1,2,1,1.0,1.0
201700002087,0017-07-23 03:00:00,17,7,23,3,0,10,418,294 route de beynost,45.49141,5.1541,Nuit avec éclairage allumé,En agglomération,Hors intersection,Normale,Autre collision,,,,,,,,,,,5,2,1,1.0,6.0
201700002088,0017-08-09 06:50:00,17,8,9,6,50,10,376,route de Genève,45.8299,4.97998,Crépuscule ou aube,En agglomération,Hors intersection,Temps éblouissant,Autre collision,,,,,,,,,,,2,2,1,7.0,6.0
201700002089,0017-08-13 07:30:00,17,8,13,7,30,10,376,montée de la paroche,45.83573,4.97637,Plein jour,En agglomération,Hors intersection,Normale,Autre collision,,,,,,,,,,,1,2,1,1.0,6.0
201700002090,0017-09-08 17:00:00,17,9,8,17,0,10,249,1130 grande rue,45.82457,4.95439,Plein jour,En agglomération,Hors intersection,Normale,Autre collision,,,,,,,,,,,1,2,1,1.0,6.0
201700002091,0017-09-23 11:35:00,17,9,23,11,35,10,249,cd1083 - LE ECHETS,45.85874,4.91063,Plein jour,Hors agglomération,Hors intersection,Normale,Deux véhicules - côté,,,,,,,,,,,1,1,1,1.0,3.0
201700002092,0017-09-27 03:00:00,17,9,27,3,0,10,249,RD 1084,45.82667,4.96811,Nuit avec éclairage allumé,En agglomération,Intersection en T,Normale,Autre collision,,,,,,,,,,,5,2,3,1.0,6.0
201700002093,0017-11-20 14:50:00,17,11,20,14,50,10,376,Route de genève,45.83012,4.98086,Plein jour,En agglomération,Hors intersection,Normale,Deux véhicules - côté,,,,,,,,,,,1,2,1,1.0,3.0
201700002094,0017-11-24 18:07:00,17,11,24,18,7,10,376,avenue de la gare,45.82736,4.9768,Nuit avec éclairage allumé,En agglomération,Passage à niveau,Pluie légère,Deux véhicules - côté,,,,,,,,,,,5,2,8,2.0,3.0
201700002095,0017-02-02 18:20:00,17,2,2,18,20,10,32,intersection Route du Da,45.84828,5.15773,Nuit sans éclairage public,Hors agglomération,Hors intersection,Normale,Deux véhicules - frontale,,,,,,,,,,,3,1,1,1.0,1.0
201700002096,0017-03-03 20:00:00,17,3,3,20,0,10,32,Intersection RD1084 et C,45.85892,5.13798,Nuit avec éclairage allumé,Hors agglomération,Intersection en T,Vent fort / tempête,Trois véhicules et plus - collisions multiples,,,,,,,,,,,5,1,3,6.0,5.0
201700002097,0017-04-21 18:15:00,17,4,21,18,15,10,49,D 61 A,45.83432,5.04652,Plein jour,Hors agglomération,Intersection en T,Normale,Deux véhicules - frontale,,,,,,,,,,,1,1,3,1.0,1.0
201700002098,0017-05-12 19:30:00,17,5,12,19,30,10,142,D22 - Route de Bourg,45.86136,5.07302,Plein jour,Hors agglomération,Hors intersection,Pluie légère,Deux véhicules - frontale,,,,,,,,,,,1,1,1,2.0,1.0
201700002099,0017-06-02 07:30:00,17,6,2,7,30,10,262,Intersection D2 /D 4,45.88473,5.03323,Plein jour,Hors agglomération,Intersection en T,Temps éblouissant,Deux véhicules - côté,,,,,,,,,,,1,1,3,7.0,3.0
201700002100,0017-06-29 21:25:00,17,6,29,21,25,10,27,Rue centrale,45.83379,5.09725,Nuit avec éclairage allumé,En agglomération,Intersection en X,Temps couvert,Deux véhicules - côté,,,,,,,,,,,5,2,2,8.0,3.0
201700002101,0017-07-14 21:30:00,17,7,14,21,30,10,297,RD22 PK 36+130,45.88515,5.07802,Crépuscule ou aube,Hors agglomération,Hors intersection,Normale,Sans collision,,,,,,,,,,,2,1,1,1.0,7.0
201700002102,0017-08-29 15:15:00,17,8,29,15,15,10,142,204 rue du pré loup,45.8454,5.07596,Plein jour,En agglomération,Hors intersection,Normale,Deux véhicules - côté,,,,,,,,,,,1,2,1,1.0,3.0
201700002103,0017-12-06 12:00:00,17,12,6,12,0,10,27,route de jons,45.83083,5.09678,Plein jour,Hors agglomération,Hors intersection,Normale,Autre collision,,,,,,,,,,,1,1,1,1.0,6.0
201700002104,0017-03-22 19:25:00,17,3,22,19,25,70,264,D201,44.33566,4.61072,Nuit sans éclairage public,Hors agglomération,Hors intersection,Pluie forte,Deux véhicules - frontale,,,,,,,,,,,3,1,1,3.0,1.0
201700002105,0017-05-03 09:30:00,17,5,3,9,30,70,42,15 rue  Brossolette,44.38302,4.61389,Plein jour,En agglomération,Hors intersection,Normale,Autre collision,,,,,,,,,,,1,2,1,1.0,6.0
201700002106,0017-06-02 15:35:00,17,6,2,15,35,70,133,D262,44.44539,4.58997,Plein jour,Hors agglomération,Intersection en T,Normale,Autre collision,,,,,,,,,,,1,1,3,1.0,6.0
201700002107,0017-08-06 05:50:00,17,8,6,5,50,70,42,départementale 4,44.38302,4.61389,Crépuscule ou aube,Hors agglomération,Hors intersection,Pluie légère,Autre collision,,,,,,,,,,,2,1,1,2.0,6.0
201700002108,0017-12-27 12:05:00,17,12,27,12,5,70,42,D4,44.403,4.60581,Plein jour,Hors agglomération,Hors intersection,Temps couvert,Deux véhicules - côté,,,,,,,,,,,1,1,1,8.0,3.0
201700002109,0017-01-22 18:30:00,17,1,22,18,30,70,247,RN102,44.5846,4.53275,Nuit sans éclairage public,Hors agglomération,Hors intersection,Pluie légère,Deux véhicules - frontale,,,,,,,,,,,3,1,1,2.0,1.0
201700002110,0017-02-18 04:20:00,17,2,18,4,20,70,272,CD 579,44.52198,4.39932,Nuit sans éclairage public,En agglomération,Hors intersection,Normale,Autre collision,,,,,,,,,,,3,2,1,1.0,6.0
201700002111,0017-02-19 15:30:00,17,2,19,15,30,70,273,CD558,44.49764,4.48674,Plein jour,Hors agglomération,Hors intersection,Temps éblouissant,Sans collision,,,,,,,,,,,1,1,1,7.0,7.0
201700002112,0017-03-09 17:15:00,17,3,9,17,15,70,287,RN 102,44.59982,4.57187,Plein jour,Hors agglomération,Hors intersection,Normale,Deux véhicules - frontale,,,,,,,,,,,1,1,1,1.0,1.0
201700002113,0017-04-20 15:30:00,17,4,20,15,30,70,341,faubourg saint jean,44.56106,4.50601,Plein jour,En agglomération,Hors intersection,Normale,Autre collision,,,,,,,,,,,1,2,1,1.0,6.0
201700002114,0017-06-18 13:30:00,17,6,18,13,30,70,241,RN 102 - Rond point,44.56292,4.47459,Plein jour,Hors agglomération,Giratoire,Normale,Autre collision,,,,,,,,,,,1,1,6,1.0,6.0
201700002115,0017-10-08 12:30:00,17,10,8,12,30,70,341,RN 102 - PK 25,44.54899,4.5035,Plein jour,Hors agglomération,Hors intersection,Normale,Deux véhicules - côté,,,,,,,,,,,1,1,1,1.0,3.0
201700002116,0017-04-23 07:10:00,17,4,23,7,10,70,25,RN 102,44.67084,4.15896,Plein jour,En agglomération,Hors intersection,Normale,Autre collision,,,,,,,,,,,1,2,1,1.0,6.0
201700002117,0017-07-02 15:25:00,17,7,2,15,25,70,127,RN102,44.65282,4.32018,Plein jour,En agglomération,Hors intersection,Normale,Autre collision,,,,,,,,,,,1,2,1,1.0,6.0
201700002118,0017-07-15 09:55:00,17,7,15,9,55,70,322,35 Avenue du Val d'Ardèc,44.67519,4.22218,Plein jour,En agglomération,Hors intersection,Normale,Autre collision,,,,,,,,,,,1,2,1,1.0,6.0
201700002119,0017-07-26 20:10:00,17,7,26,20,10,70,322,Route de MONTPEZAT,44.6749,4.2124,Crépuscule ou aube,Hors agglomération,Hors intersection,Normale,Autre collision,,,,,,,,,,,2,1,1,1.0,6.0
201700002120,0017-07-27 11:30:00,17,7,27,11,30,70,203,Le Village,44.7892,4.22567,Plein jour,En agglomération,Hors intersection,Normale,Sans collision,,,,,,,,,,,1,2,1,1.0,7.0
201700002121,0017-08-16 06:25:00,17,8,16,6,25,70,322,RN 102,44.67819,4.23476,Crépuscule ou aube,Hors agglomération,Hors intersection,Normale,Sans collision,,,,,,,,,,,2,1,1,1.0,7.0
201700002122,0017-09-29 18:40:00,17,9,29,18,40,70,182,RN 102,44.63297,4.30986,Plein jour,Hors agglomération,Hors intersection,Normale,Deux véhicules - arrière,,,,,,,,,,,1,1,1,1.0,2.0
201700002123,0017-10-10 01:40:00,17,10,10,1,40,70,322,"RN 102, pk 62.8 plus 30",44.6749,4.2124,Nuit sans éclairage public,Hors agglomération,Hors intersection,Normale,Autre collision,,,,,,,,,,,3,1,1,1.0,6.0
201700002124,0017-10-14 09:00:00,17,10,14,9,0,70,322,590 Avenue des platanes,44.67311,4.21234,Plein jour,En agglomération,Hors intersection,Normale,Deux véhicules - arrière,,,,,,,,,,,1,2,1,1.0,2.0
201700002125,0017-11-18 11:45:00,17,11,18,11,45,70,107,D19,44.62992,4.24723,Plein jour,Hors agglomération,Hors intersection,Normale,Trois véhicules et plus - collisions multiples,,,,,,,,,,,1,1,1,1.0,5.0
201700002126,0017-02-25 17:00:00,17,2,25,17,0,70,217,RD 534 PK 5+400,45.0451,4.74345,Plein jour,Hors agglomération,Hors intersection,Temps éblouissant,Deux véhicules - frontale,,,,,,,,,,,1,1,1,7.0,1.0
201700002127,0017-03-04 00:45:00,17,3,4,0,45,70,152,24 chemin des goules,45.0406,4.83173,Nuit avec éclairage allumé,En agglomération,Hors intersection,Normale,Autre collision,,,,,,,,,,,5,2,1,1.0,6.0
201700002128,0017-03-17 05:15:00,17,3,17,5,15,70,169,RD86,45.16655,4.80752,Nuit sans éclairage public,Hors agglomération,Hors intersection,Normale,Autre collision,,,,,,,,,,,3,1,1,1.0,6.0
201700002129,0017-03-19 17:40:00,17,3,19,17,40,70,140,Route de lyon (D1086),45.09891,4.81823,Plein jour,Hors agglomération,Giratoire,Normale,Sans collision,,,,,,,,,,,1,1,6,1.0,7.0
201700002130,0017-05-21 17:45:00,17,5,21,17,45,70,15,RD 86,45.13994,4.79581,Plein jour,En agglomération,Hors intersection,Normale,Autre collision,,,,,,,,,,,1,2,1,1.0,6.0
201700002131,0017-05-24 16:50:00,17,5,24,16,50,70,217,route départementale 534,45.0451,4.74345,Plein jour,Hors agglomération,Autre intersection,Normale,Deux véhicules - côté,,,,,,,,,,,1,1,9,1.0,3.0
201700002132,0017-06-13 13:40:00,17,6,13,13,40,70,324,chemin de champagne,45.04821,4.83354,Plein jour,En agglomération,Hors intersection,Normale,Deux véhicules - frontale,,,,,,,,,,,1,2,1,1.0,1.0
201700002133,0017-06-19 18:30:00,17,6,19,18,30,70,324,RUE TIERS,45.06563,4.83469,Plein jour,En agglomération,Hors intersection,Normale,Autre collision,,,,,,,,,,,1,2,1,1.0,6.0
201700002134,0017-06-22 11:15:00,17,6,22,11,15,70,324,route de Lyon,45.07389,4.81748,Plein jour,En agglomération,Hors intersection,Normale,Deux véhicules - arrière,,,,,,,,,,,1,2,1,1.0,2.0
201700002135,0017-07-06 17:14:00,17,7,6,17,14,70,68,Morfins,45.01104,4.7081,Plein jour,Hors agglomération,Hors intersection,Normale,Deux véhicules - côté,,,,,,,,,,,1,1,1,1.0,3.0
201700002136,0017-07-21 19:50:00,17,7,21,19,50,70,324,RD 534,45.05305,4.83734,Plein jour,Hors agglomération,Hors intersection,Normale,Deux véhicules - frontale,,,,,,,,,,,1,1,1,1.0,1.0
201700002137,0017-08-01 11:30:00,17,8,1,11,30,70,323,D279- PK8-200,44.89074,4.78648,Plein jour,Hors agglomération,Hors intersection,Normale,Sans collision,,,,,,,,,,,1,1,1,1.0,7.0
201700002138,0017-08-12 11:20:00,17,8,12,11,20,70,324,avenue Hélène de Tournon,45.05433,4.83891,Plein jour,En agglomération,Hors intersection,Normale,Deux véhicules - côté,,,,,,,,,,,1,2,1,1.0,3.0
201700002139,0017-09-05 07:50:00,17,9,5,7,50,70,324,ROUTE DE LAMASTRE,45.06864,4.81441,Plein jour,En agglomération,Autre intersection,Normale,Deux véhicules - arrière,,,,,,,,,,,1,2,9,1.0,2.0
201700002140,0017-10-07 14:45:00,17,10,7,14,45,70,323,RD 379,44.90199,4.79206,Plein jour,Hors agglomération,Hors intersection,Normale,Sans collision,,,,,,,,,,,1,1,1,1.0,7.0
201700002141,0017-11-27 07:15:00,17,11,27,7,15,70,152,cd219,45.03472,4.80976,Plein jour,Hors agglomération,Hors intersection,Autre,Autre collision,,,,,,,,,,,1,1,1,9.0,6.0
201700002142,0017-01-01 17:30:00,17,1,1,17,30,70,10,chemin de boucieu,,,Nuit sans éclairage public,En agglomération,Hors intersection,Normale,Deux véhicules - frontale,,,,,,,,,,,3,2,1,1.0,1.0
201700002143,0017-02-09 17:25:00,17,2,9,17,25,260,170,33 LA DIGEONNE,,,Crépuscule ou aube,Hors agglomération,Autre intersection,Pluie légère,Deux véhicules - côté,,,,,,,,,,,2,1,9,2.0,3.0
201700002144,0017-03-11 19:50:00,17,3,11,19,50,260,100,MORAT,,,Nuit sans éclairage public,Hors agglomération,Hors intersection,Normale,Autre collision,,,,,,,,,,,3,1,1,1.0,6.0
201700002145,0017-04-12 10:30:00,17,4,12,10,30,260,206,LIEU DIT JUANON,,,Plein jour,Hors agglomération,Hors intersection,Normale,Deux véhicules - arrière,,,,,,,,,,,1,1,1,1.0,2.0
201700002146,0017-05-02 13:00:00,17,5,2,13,0,260,37,ROUTE DE CREST,,,Plein jour,Hors agglomération,Intersection en Y,Temps couvert,Autre collision,,,,,,,,,,,1,1,4,8.0,6.0
201700002147,0017-05-09 16:45:00,17,5,9,16,45,260,170,PARKING PLACE DE LA POST,44.90065,4.95745,Plein jour,En agglomération,Hors intersection,Normale,Autre collision,,,,,,,,,,,1,2,1,1.0,6.0
201700002148,0017-05-30 18:00:00,17,5,30,18,0,260,64,AVENUE DE VALENCE,44.90237,5.00955,Plein jour,En agglomération,Intersection en X,Normale,Deux véhicules - côté,,,,,,,,,,,1,2,2,1.0,3.0
201700002149,0017-06-08 16:35:00,17,6,8,16,35,260,64,QUARTIER MOBOS,44.91591,5.00525,Plein jour,Hors agglomération,Intersection en X,Normale,Deux véhicules - côté,,,,,,,,,,,1,1,2,1.0,3.0
201700002150,0017-06-20 14:50:00,17,6,20,14,50,260,37,ROUTE DE VALENCE,,,Plein jour,En agglomération,Hors intersection,Normale,Sans collision,,,,,,,,,,,1,2,1,1.0,7.0
201700002151,0017-07-17 18:15:00,17,7,17,18,15,260,232,LES MATRAS,,,Plein jour,En agglomération,Intersection en X,Normale,Deux véhicules - côté,,,,,,,,,,,1,2,2,1.0,3.0
201700002152,0017-07-22 03:15:00,17,7,22,3,15,260,37,PLATEL,,,Nuit avec éclairage non allumé,Hors agglomération,Hors intersection,Normale,Deux véhicules - frontale,,,,,,,,,,,4,1,1,1.0,1.0
201700002153,0017-08-03 11:30:00,17,8,3,11,30,260,24,QUARTIER LES PERRETTES,44.87804,5.04196,Plein jour,Hors agglomération,Autre intersection,Normale,Sans collision,,,,,,,,,,,1,1,9,1.0,7.0
201700002154,0017-08-15 09:50:00,17,8,15,9,50,260,64,RTE DE COMBOVIN,,,Plein jour,Hors agglomération,Intersection en T,Normale,Sans collision,,,,,,,,,,,1,1,3,1.0,7.0
201700002155,0017-08-27 09:33:00,17,8,27,9,33,260,196,AV DE LA GARE,,,Plein jour,En agglomération,Intersection en T,Temps éblouissant,Deux véhicules - côté,,,,,,,,,,,1,2,3,7.0,3.0
201700002156,0017-08-31 15:45:00,17,8,31,15,45,260,206,LA CHARLOTTE,44.8244,4.99147,Plein jour,Hors agglomération,Intersection en X,Pluie forte,Deux véhicules - côté,,,,,,,,,,,1,1,2,3.0,3.0
201700002157,0017-10-17 16:30:00,17,10,17,16,30,260,232,CHAMP DE MARS,,,Plein jour,Hors agglomération,Intersection en X,Normale,Deux véhicules - côté,,,,,,,,,,,1,1,2,1.0,3.0
201700002158,0017-10-17 17:40:00,17,10,17,17,40,260,197,RUE DU CHAMP DES ORMES,44.93631,5.03156,Plein jour,En agglomération,Hors intersection,Normale,Autre collision,,,,,,,,,,,1,2,1,1.0,6.0
201700002159,0017-12-16 12:15:00,17,12,16,12,15,260,64,AVENUE DE ROMANS,44.90144,5.01861,Plein jour,En agglomération,Hors intersection,Pluie légère,Deux véhicules - arrière,,,,,,,,,,,1,2,1,2.0,2.0
201700002160,0017-12-30 17:40:00,17,12,30,17,40,260,64,ROUTE DE CHARPEY,,,Nuit avec éclairage allumé,Hors agglomération,Intersection en T,Normale,Deux véhicules - côté,,,,,,,,,,,5,1,3,1.0,3.0
201700002161,0017-07-28 18:00:00,17,7,28,18,0,260,364,D76   FERME BALENNE,,,Plein jour,Hors agglomération,Hors intersection,Normale,Sans collision,,,,,,,,,,,1,1,1,1.0,7.0
201700002162,0017-04-13 14:30:00,17,4,13,14,30,260,142,COL DE GRIMONE,,,Plein jour,Hors agglomération,Hors intersection,Normale,Sans collision,,,,,,,,,,,1,1,1,1.0,7.0
201700002163,0017-11-06 00:35:00,17,11,6,0,35,260,168,LES MEYRIES,,,Nuit sans éclairage public,Hors agglomération,Hors intersection,Neige / grêle,Sans collision,,,,,,,,,,,3,1,1,4.0,7.0
201700002164,0017-03-29 17:30:00,17,3,29,17,30,260,116,RD 93N,,,Plein jour,Hors agglomération,Intersection en X,Normale,Deux véhicules - côté,,,,,,,,,,,1,1,2,1.0,3.0
201700002165,0017-04-12 22:21:00,17,4,12,22,21,260,85,R N 7,,,Nuit sans éclairage public,Hors agglomération,Hors intersection,Normale,Sans collision,,,,,,,,,,,3,1,1,1.0,7.0
201700002166,0017-05-18 13:20:00,17,5,18,13,20,260,116,CHEMIN DU  MOULINAS,44.42726,4.71969,Plein jour,Hors agglomération,Hors intersection,Normale,Autre collision,,,,,,,,,,,1,1,1,1.0,6.0
201700002167,0017-06-08 18:10:00,17,6,8,18,10,260,169,RN7  RD126,44.48603,4.74876,Plein jour,Hors agglomération,Intersection en X,Normale,Trois véhicules et plus - collisions multiples,,,,,,,,,,,1,1,2,1.0,5.0
201700002168,0017-06-25 05:30:00,17,6,25,5,30,260,85,AV DE MONTELIMAR,,,Nuit sans éclairage public,Hors agglomération,Hors intersection,Normale,Autre collision,,,,,,,,,,,3,1,1,1.0,6.0
201700002169,0017-07-21 22:15:00,17,7,21,22,15,260,85,AV DE MONTELIMAR,,,Nuit sans éclairage public,Hors agglomération,Hors intersection,Normale,Deux véhicules - arrière,,,,,,,,,,,3,1,1,1.0,2.0
201700002170,0017-07-22 22:05:00,17,7,22,22,5,260,169,LES PLAINES,,,Nuit avec éclairage non allumé,Hors agglomération,Hors intersection,Normale,Deux véhicules - côté,,,,,,,,,,,4,1,1,1.0,3.0
201700002171,0017-09-02 05:20:00,17,9,2,5,20,260,85,ROUTE DES ILES,,,Nuit avec éclairage allumé,Hors agglomération,Autre intersection,Normale,Deux véhicules - frontale,,,,,,,,,,,5,1,9,1.0,1.0
201700002172,0017-09-12 12:20:00,17,9,12,12,20,260,169,CHEMIN DES RAZAS,,,Plein jour,Hors agglomération,Intersection en T,Normale,Deux véhicules - côté,,,,,,,,,,,1,1,3,1.0,3.0
201700002173,0017-09-14 21:00:00,17,9,14,21,0,260,85,AV DE MONTELIMAR,,,Nuit sans éclairage public,Hors agglomération,Hors intersection,Normale,Deux véhicules - arrière,,,,,,,,,,,3,1,1,1.0,2.0
201700002174,0017-10-07 16:27:00,17,10,7,16,27,260,169,RD 844,,,Plein jour,Hors agglomération,Hors intersection,Normale,Deux véhicules - frontale,,,,,,,,,,,1,1,1,1.0,1.0