accident_id,datetime,annee,mois,jour,heure,minute,departement,commune_insee,adresse,latitude,longitude,luminosite,agglomeration,intersection,meteo,collision,nb_vehicules,nb_usagers,nb_indemnes,nb_tues,nb_blesses_hosp,nb_blesses_legers,age_cond_1,age_cond_2,veh_type_cond_1,veh_type_cond_2,lum_code,agg_code,int_code,atm_code,col_code
201700002175,0017-07-09 14:30:00,17,7,9,14,30,260,138,LA RABASTE,44.3808,4.75437,Plein jour,Hors agglomération,Hors intersection,Normale,Sans collision,,,,,,,,,,,1,1,1,1.0,7.0
201700002176,0017-07-28 22:50:00,17,7,28,22,50,260,235,RN 7,,,Nuit sans éclairage public,Hors agglomération,Autre intersection,Normale,Autre collision,,,,,,,,,,,3,1,9,1.0,6.0
201700002177,0017-08-01 08:25:00,17,8,1,8,25,260,235,ZONE COMMERCIALE CROIX,44.36126,4.69395,Plein jour,Hors agglomération,Hors intersection,Normale,Deux véhicules - côté,,,,,,,,,,,1,1,1,1.0,3.0
201700002178,0017-08-10 05:43:00,17,8,10,5,43,260,324,D 458,,,Nuit sans éclairage public,Hors agglomération,Hors intersection,Normale,Autre collision,,,,,,,,,,,3,1,1,1.0,6.0
201700002179,0017-09-05 08:40:00,17,9,5,8,40,260,235,6 AV MARE LECLE HAUTECL,44.3791,4.7026,Plein jour,En agglomération,Hors intersection,Temps éblouissant,Autre collision,,,,,,,,,,,1,2,1,7.0,6.0
201700002180,0017-11-05 16:30:00,17,11,5,16,30,260,235,FBG FRERES MONTGOLFIERS,44.38953,4.71287,Plein jour,En agglomération,Autre intersection,Normale,Sans collision,,,,,,,,,,,1,2,9,1.0,7.0
201700002181,0017-11-08 06:06:00,17,11,8,6,6,260,138,LE PLAN,,,Nuit sans éclairage public,Hors agglomération,Hors intersection,Normale,Deux véhicules - frontale,,,,,,,,,,,3,1,1,1.0,1.0
201700002182,0017-11-19 16:10:00,17,11,19,16,10,260,138,106 BD DES MONTJARS,44.39676,4.75788,Plein jour,En agglomération,Intersection en Y,Temps éblouissant,Autre collision,,,,,,,,,,,1,2,4,7.0,6.0
201700002183,0017-11-24 22:00:00,17,11,24,22,0,260,235,"CD 59, croisement chemin",44.36103,4.68612,Nuit sans éclairage public,Hors agglomération,Intersection en X,Pluie légère,Trois véhicules et plus - collisions multiples,,,,,,,,,,,3,1,2,2.0,5.0
201700002184,0017-01-19 16:45:00,17,1,19,16,45,260,220,AVENUE DE VENTEROL,44.36007,5.13227,Plein jour,En agglomération,Hors intersection,Normale,Autre collision,,,,,,,,,,,1,2,1,1.0,6.0
201700002185,0017-02-13 08:40:00,17,2,13,8,40,260,226,RTE DU PEGUE,,,Plein jour,Hors agglomération,Intersection en X,Normale,Deux véhicules - côté,,,,,,,,,,,1,1,2,1.0,3.0
201700002186,0017-05-03 23:00:00,17,5,3,23,0,260,220,VAREMBON,44.37157,5.10873,Nuit sans éclairage public,Hors agglomération,Hors intersection,Normale,Sans collision,,,,,,,,,,,3,1,1,1.0,7.0
201700002187,0017-05-15 14:15:00,17,5,15,14,15,260,220,PLACE DE LA REPUBLIQUE,44.36108,5.13617,Plein jour,En agglomération,Hors intersection,Temps éblouissant,Autre collision,,,,,,,,,,,1,2,1,7.0,6.0
201700002188,0017-06-04 15:40:00,17,6,4,15,40,260,16,RD 94,,,Plein jour,Hors agglomération,Hors intersection,Normale,Autre collision,,,,,,,,,,,1,1,1,1.0,6.0
201700002189,0017-07-07 04:45:00,17,7,7,4,45,260,322,LA LONGUE VUE,,,Nuit sans éclairage public,Hors agglomération,Hors intersection,Normale,Autre collision,,,,,,,,,,,3,1,1,1.0,6.0
201700002190,0017-07-04 19:00:00,17,7,4,19,0,260,220,CHEMIN PIED DE VAUX,44.37371,5.12729,Plein jour,Hors agglomération,Hors intersection,Normale,Deux véhicules - frontale,,,,,,,,,,,1,1,1,1.0,1.0
201700002191,0017-07-31 09:00:00,17,7,31,9,0,260,220,RD 94,,,Plein jour,Hors agglomération,Hors intersection,Normale,Autre collision,,,,,,,,,,,1,1,1,1.0,6.0
201700002192,0017-10-03 17:30:00,17,10,3,17,30,260,285,RD 538,,,Plein jour,Hors agglomération,Hors intersection,Normale,Sans collision,,,,,,,,,,,1,1,1,1.0,7.0
201700002193,0017-12-07 20:30:00,17,12,7,20,30,260,192,BELOURE,,,Nuit sans éclairage public,Hors agglomération,Hors intersection,Normale,Autre collision,,,,,,,,,,,3,1,1,1.0,6.0
201700002194,0017-12-13 07:15:00,17,12,13,7,15,260,233,BARRAS,,,Nuit sans éclairage public,Hors agglomération,Hors intersection,Autre,Autre collision,,,,,,,,,,,3,1,1,9.0,6.0
201700002195,0017-12-28 08:40:00,17,12,28,8,40,260,233,LE PONTILLARD,,,Plein jour,Hors agglomération,Hors intersection,Normale,Autre collision,,,,,,,,,,,1,1,1,1.0,6.0
201700002196,0017-10-25 14:15:00,17,10,25,14,15,20,691,"117, POMPIDOU DE 113 A 1",49.85793,3.28954,Plein jour,En agglomération,Hors intersection,Normale,Autre collision,,,,,,,,,,,1,2,1,1.0,6.0
201700002197,0017-10-03 09:15:00,17,10,3,9,15,20,691,"/, LONGUEVILLE (PLACE)",49.84888,3.27975,Plein jour,En agglomération,Place,Normale,Deux véhicules - arrière,,,,,,,,,,,1,2,7,1.0,2.0
201700002198,0017-10-19 16:10:00,17,10,19,16,10,20,691,"58, MARTIN (BD HENRI)",49.84544,3.27,Plein jour,En agglomération,Intersection en T,Normale,Deux véhicules - côté,,,,,,,,,,,1,2,3,1.0,3.0
201700002199,0017-11-24 04:30:00,17,11,24,4,30,20,691,PARIS DE 189/212 A FIN (,49.83475,3.26396,Nuit avec éclairage allumé,En agglomération,Intersection en T,Normale,Deux véhicules - côté,,,,,,,,,,,5,2,3,1.0,3.0
201700002200,0017-01-11 18:30:00,17,1,11,18,30,20,340,"24, VERCRUYSSE (RUE JULE",49.82291,3.26893,Nuit avec éclairage allumé,En agglomération,Hors intersection,Normale,Autre collision,,,,,,,,,,,5,2,1,1.0,6.0
201700002201,0017-11-13 17:55:00,17,11,13,17,55,20,691,ROOSEVELT (BD),49.85329,3.29528,Nuit avec éclairage allumé,En agglomération,Hors intersection,Normale,Autre collision,,,,,,,,,,,5,2,1,1.0,6.0
201700002202,0017-01-20 09:25:00,17,1,20,9,25,20,691,"1, REPUBLIQUE DE 1 A 84/",49.85338,3.30017,Plein jour,En agglomération,Hors intersection,Neige / grêle,Autre collision,,,,,,,,,,,1,2,1,4.0,6.0
201700002203,0017-12-13 08:10:00,17,12,13,8,10,20,691,"168, GUISE (RUE DE)",49.84059,3.31018,Nuit avec éclairage allumé,En agglomération,Hors intersection,Pluie forte,Autre collision,,,,,,,,,,,5,2,1,3.0,6.0
201700002204,0017-03-25 05:05:00,17,3,25,5,5,20,691,R.D 1029 - VIADUC DE PIC,,,Nuit avec éclairage allumé,Hors agglomération,Hors intersection,Normale,Deux véhicules - frontale,,,,,,,,,,,5,1,1,1.0,1.0
201700002205,0017-12-28 06:40:00,17,12,28,6,40,20,371,":, Europe (Rue de l')",49.84115,3.32301,Nuit avec éclairage allumé,En agglomération,Intersection en T,Pluie légère,Autre collision,,,,,,,,,,,5,2,3,2.0,6.0
201700002206,0017-03-01 19:50:00,17,3,1,19,50,20,691,,49.83956,3.3002,Nuit avec éclairage allumé,En agglomération,Giratoire,Normale,Autre collision,,,,,,,,,,,5,2,6,1.0,6.0
201700002207,0017-04-03 16:40:00,17,4,3,16,40,20,659,,49.86285,3.32768,Plein jour,Hors agglomération,Hors intersection,Normale,Deux véhicules - côté,,,,,,,,,,,1,1,1,1.0,3.0
201700002208,0017-08-14 14:21:00,17,8,14,14,21,20,340,R.D 1029,49.82805,3.29616,Plein jour,Hors agglomération,Hors intersection,Normale,Trois véhicules et plus - collisions multiples,,,,,,,,,,,1,1,1,1.0,5.0
201700002209,0017-07-21 15:45:00,17,7,21,15,45,20,691,"7, ROOSEVELT (BD)",49.85276,3.28793,Plein jour,En agglomération,Hors intersection,Normale,Autre collision,,,,,,,,,,,1,2,1,1.0,6.0
201700002210,0017-08-07 16:00:00,17,8,7,16,0,20,691,DUMAS (RUE ALEXANDRE),49.84896,3.27028,Plein jour,En agglomération,Intersection en X,Normale,Deux véhicules - côté,,,,,,,,,,,1,2,2,1.0,3.0
201700002211,0017-10-07 14:30:00,17,10,7,14,30,20,691,VERDUN (BD DE),49.84478,3.27669,Plein jour,En agglomération,Hors intersection,Normale,Deux véhicules - côté,,,,,,,,,,,1,2,1,1.0,3.0
201700002212,0017-11-03 19:50:00,17,11,3,19,50,260,70,LES EYMEUX,,,Nuit sans éclairage public,Hors agglomération,Hors intersection,Normale,Autre collision,,,,,,,,,,,3,1,1,1.0,6.0
201700002213,0017-11-04 15:10:00,17,11,4,15,10,260,261,LA BERRE,,,Plein jour,Hors agglomération,Hors intersection,Normale,Sans collision,,,,,,,,,,,1,1,1,1.0,7.0
201700002214,0017-02-02 08:30:00,17,2,2,8,30,260,84,CHEMIN DE  BELLEVUE,45.01471,4.99897,Plein jour,Hors agglomération,Hors intersection,Normale,Deux véhicules - côté,,,,,,,,,,,1,1,1,1.0,3.0
201700002215,0017-03-07 17:40:00,17,3,7,17,40,260,4,BONLIEU,45.00761,5.01352,Plein jour,Hors agglomération,Hors intersection,Normale,Deux véhicules - côté,,,,,,,,,,,1,1,1,1.0,3.0
201700002216,0017-03-25 16:50:00,17,3,25,16,50,260,39,ECANCIERE,,,Plein jour,Hors agglomération,Hors intersection,Pluie légère,Trois véhicules et plus - collisions multiples,,,,,,,,,,,1,1,1,2.0,5.0
201700002217,0017-04-08 18:15:00,17,4,8,18,15,260,84,SAUT DES CHEVRES BAS,,,Plein jour,Hors agglomération,Autre intersection,Normale,Deux véhicules - frontale,,,,,,,,,,,1,1,9,1.0,1.0
201700002218,0017-04-16 18:55:00,17,4,16,18,55,260,39,ROUTE DE BARADON,,,Plein jour,Hors agglomération,Hors intersection,Normale,Autre collision,,,,,,,,,,,1,1,1,1.0,6.0
201700002219,0017-05-26 11:45:00,17,5,26,11,45,260,173,LES MARCIAUX,,,Plein jour,Hors agglomération,Hors intersection,Normale,Sans collision,,,,,,,,,,,1,1,1,1.0,7.0
201700002220,0017-06-29 04:45:00,17,6,29,4,45,260,84,FOUGERES OUEST,,,Crépuscule ou aube,Hors agglomération,Hors intersection,Normale,Autre collision,,,,,,,,,,,2,1,1,1.0,6.0
201700002221,0017-07-13 15:40:00,17,7,13,15,40,260,88,LES BERNARDS,,,Plein jour,Hors agglomération,Hors intersection,Normale,Deux véhicules - côté,,,,,,,,,,,1,1,1,1.0,3.0
201700002222,0017-07-28 17:25:00,17,7,28,17,25,260,88,RD 532,,,Plein jour,Hors agglomération,Autre intersection,Normale,Deux véhicules - arrière,,,,,,,,,,,1,1,9,1.0,2.0
201700002223,0017-07-31 22:20:00,17,7,31,22,20,260,88,LES MALOSSANNES,,,Nuit avec éclairage allumé,En agglomération,Hors intersection,Normale,Deux véhicules - côté,,,,,,,,,,,5,2,1,1.0,3.0
201700002224,0017-08-07 02:45:00,17,8,7,2,45,260,149,COMBE NOIRE,,,Nuit sans éclairage public,Hors agglomération,Hors intersection,Normale,Autre collision,,,,,,,,,,,3,1,1,1.0,6.0
201700002225,0017-07-31 11:30:00,17,7,31,11,30,260,39,RD 522,,,Plein jour,Hors agglomération,Hors intersection,Normale,Deux véhicules - frontale,,,,,,,,,,,1,1,1,1.0,1.0
201700002226,0017-09-14 11:30:00,17,9,14,11,30,260,313,RD 143,,,Plein jour,Hors agglomération,Intersection en X,Pluie légère,Deux véhicules - côté,,,,,,,,,,,1,1,2,2.0,3.0
201700002227,0017-09-11 13:05:00,17,9,11,13,5,260,88,RD 532C  BRETELLE ACCES,,,Plein jour,Hors agglomération,Autre intersection,Normale,Deux véhicules - côté,,,,,,,,,,,1,1,9,1.0,3.0
201700002228,0017-11-03 17:40:00,17,11,3,17,40,260,79,LES BUTAVANDS,,,Nuit sans éclairage public,Hors agglomération,Intersection en T,Normale,Deux véhicules - frontale,,,,,,,,,,,3,1,3,1.0,1.0
201700002229,0017-11-21 08:50:00,17,11,21,8,50,260,88,RUE DES MONTS DU MATIN,,,Crépuscule ou aube,En agglomération,Hors intersection,Normale,Autre collision,,,,,,,,,,,2,2,1,1.0,6.0
201700002230,0017-01-30 10:45:00,17,1,30,10,45,260,331,RTE DU PONT DE  MANNE,,,Plein jour,Hors agglomération,Hors intersection,Pluie légère,Deux véhicules - frontale,,,,,,,,,,,1,1,1,2.0,1.0
201700002231,0017-04-29 20:30:00,17,4,29,20,30,260,307,LES MARTOURETS,,,Nuit sans éclairage public,Hors agglomération,Hors intersection,Normale,Sans collision,,,,,,,,,,,3,1,1,1.0,7.0
201700002232,0017-06-23 16:50:00,17,6,23,16,50,260,311,LE CORNIER DES SERRES,,,Plein jour,Hors agglomération,Hors intersection,Normale,Autre collision,,,,,,,,,,,1,1,1,1.0,6.0
201700002233,0017-08-05 15:15:00,17,8,5,15,15,260,59,LENTE,,,Plein jour,Hors agglomération,Hors intersection,Normale,Sans collision,,,,,,,,,,,1,1,1,1.0,7.0
201700002234,0017-11-12 10:30:00,17,11,12,10,30,260,320,RD 532,,,Plein jour,Hors agglomération,Hors intersection,Pluie légère,Deux véhicules - frontale,,,,,,,,,,,1,1,1,2.0,1.0
201700002235,0017-11-22 07:45:00,17,11,22,7,45,260,311,RD 216,,,Plein jour,Hors agglomération,Hors intersection,Normale,Deux véhicules - frontale,,,,,,,,,,,1,1,1,1.0,1.0
201700002236,0017-02-09 17:30:00,17,2,9,17,30,260,271,LES FLOURIS,,,Crépuscule ou aube,Hors agglomération,Hors intersection,Pluie légère,Deux véhicules - arrière,,,,,,,,,,,2,1,1,2.0,2.0
201700002237,0017-03-04 14:30:00,17,3,4,14,30,260,119,RN7,,,Plein jour,En agglomération,Intersection en T,Pluie légère,Deux véhicules - frontale,,,,,,,,,,,1,2,3,2.0,1.0
201700002238,0017-03-09 10:00:00,17,3,9,10,0,260,38,VIGNES VIEILLES,,,Plein jour,Hors agglomération,Intersection en X,Normale,Deux véhicules - côté,,,,,,,,,,,1,1,2,1.0,3.0
201700002239,0017-03-10 20:10:00,17,3,10,20,10,260,271,RTE DE VALENCE,44.99499,4.86038,Nuit sans éclairage public,Hors agglomération,Hors intersection,Normale,Sans collision,,,,,,,,,,,3,1,1,1.0,7.0
201700002240,0017-04-14 18:50:00,17,4,14,18,50,260,179,QUARTIER LES CHASSIS,,,Plein jour,Hors agglomération,Hors intersection,Normale,Deux véhicules - arrière,,,,,,,,,,,1,1,1,1.0,2.0
201700002241,0017-04-29 10:00:00,17,4,29,10,0,260,347,AVENUE JEAN JAURES,,,Plein jour,En agglomération,Hors intersection,Normale,Autre collision,,,,,,,,,,,1,2,1,1.0,6.0
201700002242,0017-05-27 20:15:00,17,5,27,20,15,260,72,RD 109,45.14419,4.9068,Plein jour,Hors agglomération,Hors intersection,Normale,Deux véhicules - frontale,,,,,,,,,,,1,1,1,1.0,1.0
201700002243,0017-07-18 18:40:00,17,7,18,18,40,260,38,RD 67,,,Plein jour,Hors agglomération,Hors intersection,Normale,Deux véhicules - frontale,,,,,,,,,,,1,1,1,1.0,1.0
201700002244,0017-07-24 01:40:00,17,7,24,1,40,260,58,RD 268,,,Nuit sans éclairage public,Hors agglomération,Hors intersection,Autre,Autre collision,,,,,,,,,,,3,1,1,9.0,6.0
201700002245,0017-08-04 16:45:00,17,8,4,16,45,260,72,CHAMBRIERES,,,Plein jour,Hors agglomération,Hors intersection,Temps éblouissant,Deux véhicules - arrière,,,,,,,,,,,1,1,1,7.0,2.0
201700002246,0017-09-04 07:50:00,17,9,4,7,50,260,366,RTE DE VALENCE,,,Plein jour,Hors agglomération,Intersection en X,Normale,Deux véhicules - côté,,,,,,,,,,,1,1,2,1.0,3.0
201700002247,0017-09-09 09:45:00,17,9,9,9,45,260,38,RD 67,,,Plein jour,Hors agglomération,Hors intersection,Pluie légère,Deux véhicules - côté,,,,,,,,,,,1,1,1,2.0,3.0
201700002248,0017-09-09 22:55:00,17,9,9,22,55,260,347,AV PRESIDENT ROOSVELT,,,Nuit avec éclairage allumé,En agglomération,Hors intersection,Temps couvert,Deux véhicules - frontale,,,,,,,,,,,5,2,1,8.0,1.0
201700002249,0017-10-04 18:25:00,17,10,4,18,25,260,250,AV 45 IEME PARRALELLE,,,Plein jour,En agglomération,Hors intersection,Normale,Deux véhicules - arrière,,,,,,,,,,,1,2,1,1.0,2.0
201700002250,0017-11-05 14:36:00,17,11,5,14,36,260,38,LE PORT,,,Plein jour,Hors agglomération,Hors intersection,Normale,Deux véhicules - frontale,,,,,,,,,,,1,1,1,1.0,1.0
201700002251,0017-12-04 08:20:00,17,12,4,8,20,260,179,LES CHASSIS NORD,,,Plein jour,Hors agglomération,Hors intersection,Temps couvert,Deux véhicules - côté,,,,,,,,,,,1,1,1,8.0,3.0
201700002252,0017-12-10 18:25:00,17,12,10,18,25,260,347,AV JEAN JAURES,,,Nuit avec éclairage allumé,En agglomération,Hors intersection,Normale,Autre collision,,,,,,,,,,,5,2,1,1.0,6.0
201700002253,0017-12-29 21:45:00,17,12,29,21,45,260,347,RUE JULES NADI,,,Nuit avec éclairage allumé,En agglomération,Intersection en T,Pluie légère,Deux véhicules - côté,,,,,,,,,,,5,2,3,2.0,3.0
201700002254,0017-01-21 09:05:00,17,1,21,9,5,20,243,D1,49.39686,3.35445,Plein jour,En agglomération,Intersection en T,Normale,Deux véhicules - côté,,,,,,,,,,,1,2,3,1.0,3.0
201700002255,0017-02-02 15:10:00,17,2,2,15,10,20,722,"2, COLLEGE ( RUE DU )",49.38232,3.32755,Plein jour,En agglomération,Intersection en X,Normale,Autre collision,,,,,,,,,,,1,2,2,1.0,6.0
201700002256,0017-02-17 18:09:00,17,2,17,18,9,20,722,"14, BOUVINES (RUE DE )",49.38384,3.3378,Plein jour,En agglomération,Hors intersection,Normale,Trois véhicules et plus - en chaîne,,,,,,,,,,,1,2,1,1.0,4.0
201700002257,0017-04-21 19:50:00,17,4,21,19,50,20,722,1 rue ERNEST RINGUIER,49.38256,3.32994,Plein jour,En agglomération,Intersection en T,Normale,Autre collision,,,,,,,,,,,1,2,3,1.0,6.0
201700002258,0017-05-09 16:40:00,17,5,9,16,40,20,722,,49.38129,3.30833,Plein jour,En agglomération,Autre intersection,Normale,Autre collision,,,,,,,,,,,1,2,9,1.0,6.0
201700002259,0017-05-28 09:30:00,17,5,28,9,30,20,722,,49.37616,3.32953,Plein jour,En agglomération,Giratoire,Normale,Deux véhicules - frontale,,,,,,,,,,,1,2,6,1.0,1.0
201700002260,0017-06-01 21:05:00,17,6,1,21,5,20,722,,49.39023,3.32718,Crépuscule ou aube,En agglomération,Intersection en T,Normale,Autre collision,,,,,,,,,,,2,2,3,1.0,6.0
201700002261,0017-06-06 19:00:00,17,6,6,19,0,20,722,,49.38782,3.33559,Plein jour,En agglomération,Intersection en X,Normale,Autre collision,,,,,,,,,,,1,2,2,1.0,6.0
201700002262,0017-02-01 07:50:00,17,2,1,7,50,20,722,"1, VILLENEUVE ( RUE DE )",49.3732,3.34343,Crépuscule ou aube,En agglomération,Intersection en T,Brouillard / fumée,Autre collision,,,,,,,,,,,2,2,3,5.0,6.0
201700002263,0017-11-20 18:05:00,17,11,20,18,5,20,722,CD 1,49.35993,3.31549,Nuit sans éclairage public,En agglomération,Giratoire,Normale,Deux véhicules - arrière,,,,,,,,,,,3,2,6,1.0,2.0
201700002264,0017-01-30 20:00:00,17,1,30,20,0,380,309,av.PM. france - Coqueli,45.15833,5.75958,Nuit avec éclairage allumé,En agglomération,Intersection en X,Pluie légère,Deux véhicules - côté,,,,,,,,,,,5,2,2,2.0,3.0
201700002265,0017-03-28 18:15:00,17,3,28,18,15,380,309,26 avenue d EYBENS,45.15729,5.7568,Plein jour,En agglomération,Hors intersection,Normale,Deux véhicules - côté,,,,,,,,,,,1,2,1,1.0,3.0
201700002266,0017-04-19 08:45:00,17,4,19,8,45,380,158,Rue Pierre Mendes France,45.15241,5.74828,Plein jour,En agglomération,Intersection en X,Normale,Deux véhicules - côté,,,,,,,,,,,1,2,2,1.0,3.0
201700002267,0017-04-20 17:50:00,17,4,20,17,50,380,158,Avenue Jean Jaurès,45.15936,5.74515,Plein jour,En agglomération,Hors intersection,Normale,Deux véhicules - arrière,,,,,,,,,,,1,2,1,1.0,2.0
201700002268,0017-01-30 09:15:00,17,1,30,9,15,380,317,62 cours Saint André,45.1326,5.70039,Plein jour,En agglomération,Hors intersection,Normale,Sans collision,,,,,,,,,,,1,2,1,1.0,7.0
201700002269,0017-03-27 07:30:00,17,3,27,7,30,380,317,rue de comboire sud,45.14238,5.69045,Crépuscule ou aube,Hors agglomération,Hors intersection,Normale,Deux véhicules - frontale,,,,,,,,,,,2,1,1,1.0,1.0
201700002270,0017-09-19 06:45:00,17,9,19,6,45,380,111,rue de la libération,45.12064,5.69617,Crépuscule ou aube,En agglomération,Hors intersection,Normale,Deux véhicules - frontale,,,,,,,,,,,2,2,1,1.0,1.0
201700002271,0017-09-19 17:30:00,17,9,19,17,30,380,317,73 cours saint-André,45.1326,5.70039,Plein jour,En agglomération,Hors intersection,Temps couvert,Deux véhicules - arrière,,,,,,,,,,,1,2,1,8.0,2.0
201700002272,0017-02-04 15:45:00,17,2,4,15,45,380,382,17 avenue Général de Gau,45.23118,5.68106,Plein jour,En agglomération,Hors intersection,Normale,Autre collision,,,,,,,,,,,1,2,1,1.0,6.0
201700002273,0017-02-06 18:10:00,17,2,6,18,10,380,382,2 rue de l'Isère,45.22938,5.68273,Nuit sans éclairage public,En agglomération,Hors intersection,Pluie forte,Autre collision,,,,,,,,,,,3,2,1,3.0,6.0
201700002274,0017-02-16 08:45:00,17,2,16,8,45,380,382,2 rue des Brieux,45.23334,5.69213,Plein jour,En agglomération,Hors intersection,Normale,Deux véhicules - frontale,,,,,,,,,,,1,2,1,1.0,1.0
201700002275,0017-03-03 10:08:00,17,3,3,10,8,380,382,02 rue du Lac,45.23434,5.67054,Plein jour,En agglomération,Intersection en Y,Normale,Deux véhicules - frontale,,,,,,,,,,,1,2,4,1.0,1.0
201700002276,0017-04-05 18:05:00,17,4,5,18,5,380,382,rue casimir brenier,45.23707,5.68004,Plein jour,En agglomération,Intersection en T,Normale,Deux véhicules - côté,,,,,,,,,,,1,2,3,1.0,3.0
201700002277,0017-04-19 16:26:00,17,4,19,16,26,380,382,rue du lac,45.23424,5.671,Plein jour,En agglomération,Passage à niveau,Normale,Deux véhicules - côté,,,,,,,,,,,1,2,8,1.0,3.0
201700002278,0017-05-23 13:30:00,17,5,23,13,30,380,382,2 avenue général de Gaul,45.22981,5.68281,Plein jour,En agglomération,Hors intersection,Normale,Deux véhicules - côté,,,,,,,,,,,1,2,1,1.0,3.0
201700002279,0017-06-25 18:00:00,17,6,25,18,0,380,472,D512,45.29265,5.7675,Plein jour,En agglomération,Hors intersection,Normale,Deux véhicules - côté,,,,,,,,,,,1,2,1,1.0,3.0
201700002280,0017-07-06 13:30:00,17,7,6,13,30,380,382,1 rue des iles,45.23787,5.66325,Plein jour,En agglomération,Hors intersection,Normale,Autre collision,,,,,,,,,,,1,2,1,1.0,6.0
201700002281,0017-08-06 07:02:00,17,8,6,7,2,380,382,route de grenoble,45.22348,5.68823,Plein jour,Hors agglomération,Intersection en T,Normale,Deux véhicules - côté,,,,,,,,,,,1,1,3,1.0,3.0
201700002282,0017-09-16 12:40:00,17,9,16,12,40,380,382,5 rue de rochepleine,45.24025,5.68282,Plein jour,En agglomération,Hors intersection,Normale,Deux véhicules - arrière,,,,,,,,,,,1,2,1,1.0,2.0
201700002283,0017-08-23 07:50:00,17,8,23,7,50,380,382,74 rue moutonnées,45.22169,5.68202,Crépuscule ou aube,En agglomération,Hors intersection,Normale,Autre collision,,,,,,,,,,,2,2,1,1.0,6.0
201700002284,0017-01-18 08:30:00,17,1,18,8,30,380,405,D520,45.36099,5.67339,Plein jour,Hors agglomération,Hors intersection,Temps couvert,Sans collision,,,,,,,,,,,1,1,1,8.0,7.0
201700002285,0017-04-06 19:05:00,17,4,6,19,5,380,236,1440 ROUTE DE VILLETTE,45.41683,5.70399,Plein jour,Hors agglomération,Hors intersection,Normale,Autre collision,,,,,,,,,,,1,1,1,1.0,6.0
201700002286,0017-04-07 08:00:00,17,4,7,8,0,380,412,35 av cdt l'herminier,45.39571,5.73546,Plein jour,En agglomération,Intersection en T,Normale,Deux véhicules - côté,,,,,,,,,,,1,2,3,1.0,3.0
201700002287,0017-05-16 09:50:00,17,5,16,9,50,380,446,D 520C,45.4161,5.84935,Plein jour,En agglomération,Hors intersection,Normale,Autre collision,,,,,,,,,,,1,2,1,1.0,6.0
201700002288,0017-05-31 14:38:00,17,5,31,14,38,380,376,route de Berland,45.43744,5.77648,Plein jour,Hors agglomération,Hors intersection,Normale,Deux véhicules - côté,,,,,,,,,,,1,1,1,1.0,3.0
201700002289,0017-06-18 17:50:00,17,6,18,17,50,380,412,ROUTE DE FOURVOIRIE,45.3671,5.75062,Plein jour,Hors agglomération,Hors intersection,Normale,Autre collision,,,,,,,,,,,1,1,1,1.0,6.0
201700002290,0017-06-29 10:10:00,17,6,29,10,10,380,412,1230 avenue Victor HUGO,45.38845,5.72544,Plein jour,En agglomération,Hors intersection,Pluie légère,Autre collision,,,,,,,,,,,1,2,1,2.0,6.0
201700002291,0017-07-09 00:01:00,17,7,9,0,1,380,376,90 route du bourg,45.42917,5.77804,Nuit sans éclairage public,En agglomération,Hors intersection,Normale,Autre collision,,,,,,,,,,,3,2,1,1.0,6.0
201700002292,0017-08-26 13:30:00,17,8,26,13,30,380,446,le bourg,45.38549,5.85122,Plein jour,En agglomération,Hors intersection,Normale,Autre collision,,,,,,,,,,,1,2,1,1.0,6.0
201700002293,0017-02-09 19:00:00,17,2,9,19,0,380,281,Intersection Avenue Sain,45.24572,5.62995,Nuit avec éclairage allumé,En agglomération,Intersection en X,Pluie légère,Autre collision,,,,,,,,,,,5,2,2,2.0,6.0
201700002294,0017-02-15 18:00:00,17,2,15,18,0,380,153,D531,45.1868,5.62211,Crépuscule ou aube,Hors agglomération,Hors intersection,Normale,Deux véhicules - frontale,,,,,,,,,,,2,1,1,1.0,1.0
201700002295,0017-03-10 16:50:00,17,3,10,16,50,380,540,Route de Montaud,45.26395,5.58593,Plein jour,Hors agglomération,Hors intersection,Normale,Sans collision,,,,,,,,,,,1,1,1,1.0,7.0
201700002296,0017-03-21 08:20:00,17,3,21,8,20,380,540,1532,45.27428,5.61861,Plein jour,Hors agglomération,Hors intersection,Normale,Deux véhicules - arrière,,,,,,,,,,,1,1,1,1.0,2.0
201700002297,0017-04-23 16:30:00,17,4,23,16,30,380,540,Route de Montaud,45.26989,5.61777,Plein jour,En agglomération,Hors intersection,Normale,Deux véhicules - arrière,,,,,,,,,,,1,2,1,1.0,2.0
201700002298,0017-05-08 22:15:00,17,5,8,22,15,380,540,D1532 Ldt le Petit port,45.27919,5.61783,Nuit sans éclairage public,Hors agglomération,Hors intersection,Normale,Trois véhicules et plus - en chaîne,,,,,,,,,,,3,1,1,1.0,4.0
201700002299,0017-05-12 15:15:00,17,5,12,15,15,380,474,Rd 531,45.21866,5.64901,Plein jour,Hors agglomération,Autre intersection,Normale,Deux véhicules - côté,,,,,,,,,,,1,1,9,1.0,3.0
201700002300,0017-06-11 19:30:00,17,6,11,19,30,380,474,RD 531,45.20584,5.68253,Plein jour,En agglomération,Hors intersection,Normale,Deux véhicules - arrière,,,,,,,,,,,1,2,1,1.0,2.0
201700002301,0017-07-04 15:15:00,17,7,4,15,15,380,540,Route du Petit Port,45.28389,5.61399,Plein jour,Hors agglomération,Hors intersection,Normale,Deux véhicules - frontale,,,,,,,,,,,1,1,1,1.0,1.0