accident_id,datetime,annee,mois,jour,heure,minute,departement,commune_insee,adresse,latitude,longitude,luminosite,agglomeration,intersection,meteo,collision,nb_vehicules,nb_usagers,nb_indemnes,nb_tues,nb_blesses_hosp,nb_blesses_legers,age_cond_1,age_cond_2,veh_type_cond_1,veh_type_cond_2,lum_code,agg_code,int_code,atm_code,col_code
201700002302,0017-07-23 16:10:00,17,7,23,16,10,380,474,D6B ancienne route du ve,45.21555,5.65439,Plein jour,Hors agglomération,Hors intersection,Normale,Sans collision,,,,,,,,,,,1,1,1,1.0,7.0
201700002303,0017-08-13 17:00:00,17,8,13,17,0,380,474,Avenue de l'argentière,45.20413,5.68101,Plein jour,En agglomération,Hors intersection,Normale,Trois véhicules et plus - collisions multiples,,,,,,,,,,,1,2,1,1.0,5.0
201700002304,0017-10-05 09:15:00,17,10,5,9,15,380,474,Avenue de Valence,45.22875,5.65055,Plein jour,Hors agglomération,Hors intersection,Normale,Deux véhicules - côté,,,,,,,,,,,1,1,1,1.0,3.0
201700002305,0017-10-25 11:00:00,17,10,25,11,0,380,474,chemin de la digue,45.21939,5.66905,Plein jour,Hors agglomération,Hors intersection,Normale,Trois véhicules et plus - collisions multiples,,,,,,,,,,,1,1,1,1.0,5.0
201700002306,0017-01-23 12:15:00,17,1,23,12,15,380,545,Pl libération /d1075,45.05614,5.66746,Plein jour,En agglomération,Autre intersection,Normale,Autre collision,,,,,,,,,,,1,2,9,1.0,6.0
201700002307,0017-02-09 17:00:00,17,2,9,17,0,380,524,30 Avenue Joiliot Curie,45.08809,5.68344,Crépuscule ou aube,En agglomération,Hors intersection,Pluie légère,Autre collision,,,,,,,,,,,2,2,1,2.0,6.0
201700002308,0017-02-12 17:15:00,17,2,12,17,15,380,524,Route du pré du four,45.09871,5.63319,Plein jour,Hors agglomération,Hors intersection,Normale,Sans collision,,,,,,,,,,,1,1,1,1.0,7.0
201700002309,0017-05-08 12:15:00,17,5,8,12,15,380,524,RD1075,45.07254,5.6764,Plein jour,Hors agglomération,Hors intersection,Temps couvert,Trois véhicules et plus - en chaîne,,,,,,,,,,,1,1,1,8.0,4.0
201700002310,0017-05-09 09:15:00,17,5,9,9,15,380,545,Rue de la République,45.06391,5.67709,Plein jour,En agglomération,Hors intersection,Normale,Deux véhicules - côté,,,,,,,,,,,1,2,1,1.0,3.0
201700002311,0017-05-29 21:00:00,17,5,29,21,0,380,545,126 Route des Iles,45.06672,5.70007,Crépuscule ou aube,Hors agglomération,Hors intersection,Normale,Sans collision,,,,,,,,,,,2,1,1,1.0,7.0
201700002312,0017-06-09 02:50:00,17,6,9,2,50,380,545,Boulevard faidherbe,45.05981,5.66836,Nuit avec éclairage allumé,En agglomération,Hors intersection,Normale,Autre collision,,,,,,,,,,,5,2,1,1.0,6.0
201700002313,0017-06-10 10:35:00,17,6,10,10,35,380,545,RD1075 et Rue de la Croi,45.04125,5.67184,Plein jour,En agglomération,Intersection en T,Normale,Deux véhicules - côté,,,,,,,,,,,1,2,3,1.0,3.0
201700002314,0017-06-18 19:10:00,17,6,18,19,10,380,187,D8,45.00827,5.63251,Plein jour,Hors agglomération,Hors intersection,Normale,Sans collision,,,,,,,,,,,1,1,1,1.0,7.0
201700002315,0017-07-23 08:42:00,17,7,23,8,42,380,524,04 rue Victor HUGO,45.08388,5.68275,Plein jour,En agglomération,Hors intersection,Normale,Autre collision,,,,,,,,,,,1,2,1,1.0,6.0
201700002316,0017-08-17 09:45:00,17,8,17,9,45,380,545,avenue maréchal leclerc,45.04841,5.66844,Plein jour,En agglomération,Hors intersection,Normale,Autre collision,,,,,,,,,,,1,2,1,1.0,6.0
201700002317,0017-09-13 13:53:00,17,9,13,13,53,380,524,22 avenue de Provence,45.08437,5.68184,Plein jour,En agglomération,Hors intersection,Normale,Autre collision,,,,,,,,,,,1,2,1,1.0,6.0
201700002318,0017-09-15 07:00:00,17,9,15,7,0,380,545,Avenue Général de Gaulle,45.04052,5.66227,Crépuscule ou aube,Hors agglomération,Hors intersection,Normale,Autre collision,,,,,,,,,,,2,1,1,1.0,6.0
201700002319,0017-09-18 18:10:00,17,9,18,18,10,380,436,Rte Grenoble Imp Chambor,45.08513,5.66723,Plein jour,Hors agglomération,Intersection en X,Normale,Deux véhicules - côté,,,,,,,,,,,1,1,2,1.0,3.0
201700002320,0017-10-06 18:20:00,17,10,6,18,20,380,187,D8 - Hameau de St Barthé,44.99569,5.62727,Plein jour,Hors agglomération,Hors intersection,Vent fort / tempête,Deux véhicules - arrière,,,,,,,,,,,1,1,1,6.0,2.0
201700002321,0017-10-17 18:45:00,17,10,17,18,45,380,545,RD1075 - le poyet,45.03067,5.66463,Crépuscule ou aube,Hors agglomération,Intersection en T,Normale,Deux véhicules - côté,,,,,,,,,,,2,1,3,1.0,3.0
201700002322,0017-11-18 16:00:00,17,11,18,16,0,380,545,boulevard de la résistan,45.05098,5.67279,Plein jour,En agglomération,Hors intersection,Normale,Trois véhicules et plus - collisions multiples,,,,,,,,,,,1,2,1,1.0,5.0
201700002323,0017-01-07 11:15:00,17,1,7,11,15,380,205,croix de lichou,45.1446,5.60864,Plein jour,Hors agglomération,Hors intersection,Normale,Sans collision,,,,,,,,,,,1,1,1,1.0,7.0
201700002324,0017-02-18 22:30:00,17,2,18,22,30,380,205,D531,45.1064,5.56298,Nuit sans éclairage public,Hors agglomération,Hors intersection,Normale,Sans collision,,,,,,,,,,,3,1,1,1.0,7.0
201700002325,0017-03-15 18:15:00,17,3,15,18,15,380,225,DEPARTEMANTALE 106,45.12258,5.53062,Plein jour,Hors agglomération,Intersection en T,Normale,Deux véhicules - côté,,,,,,,,,,,1,1,3,1.0,3.0
201700002326,0017-04-24 06:55:00,17,4,24,6,55,380,205,lieu dit l'olette,45.14248,5.594,Crépuscule ou aube,Hors agglomération,Hors intersection,Normale,Autre collision,,,,,,,,,,,2,1,1,1.0,6.0
201700002327,0017-05-23 16:00:00,17,5,23,16,0,380,548,D531,45.08178,5.52122,Plein jour,Hors agglomération,Hors intersection,Normale,Deux véhicules - frontale,,,,,,,,,,,1,1,1,1.0,1.0
201700002328,0017-06-02 09:00:00,17,6,2,9,0,380,548,charpichon,45.07661,5.53701,Plein jour,Hors agglomération,Hors intersection,Normale,Autre collision,,,,,,,,,,,1,1,1,1.0,6.0
201700002329,0017-06-10 03:00:00,17,6,10,3,0,380,205,"les girards, vieille rou",45.09307,5.57908,Nuit sans éclairage public,Hors agglomération,Hors intersection,Normale,Autre collision,,,,,,,,,,,3,1,1,1.0,6.0
201700002330,0017-06-25 16:00:00,17,6,25,16,0,380,205,route de grenoble,45.1313,5.5816,Plein jour,Hors agglomération,Hors intersection,Normale,Autre collision,,,,,,,,,,,1,1,1,1.0,6.0
201700002331,0017-07-08 09:45:00,17,7,8,9,45,380,548,D531 Gorges de la Bourne,45.07485,5.49174,Plein jour,Hors agglomération,Hors intersection,Normale,Autre collision,,,,,,,,,,,1,1,1,1.0,6.0
201700002332,0017-07-11 18:45:00,17,7,11,18,45,380,205,COL DE LA CROIX PERRIN,45.12747,5.57612,Plein jour,Hors agglomération,Hors intersection,Normale,Deux véhicules - côté,,,,,,,,,,,1,1,1,1.0,3.0
201700002333,0017-08-16 14:50:00,17,8,16,14,50,380,548,LIEU DIT FENAT,45.07925,5.53454,Plein jour,Hors agglomération,Hors intersection,Normale,Deux véhicules - côté,,,,,,,,,,,1,1,1,1.0,3.0
201700002334,0017-10-08 11:40:00,17,10,8,11,40,380,548,charpichon,45.07324,5.54058,Plein jour,Hors agglomération,Hors intersection,Normale,Sans collision,,,,,,,,,,,1,1,1,1.0,7.0
201700002335,0017-01-05 15:40:00,17,1,5,15,40,20,212,"1, AULNES(RUE DES)",49.63776,3.2699,Plein jour,Hors agglomération,Hors intersection,Temps éblouissant,Deux véhicules - côté,,,,,,,,,,,1,1,1,7.0,3.0
201700002336,0017-01-11 20:50:00,17,1,11,20,50,20,59,D1032,49.64633,3.34323,Nuit sans éclairage public,Hors agglomération,Hors intersection,Normale,Deux véhicules - frontale,,,,,,,,,,,3,1,1,1.0,1.0
201700002337,0017-02-01 19:20:00,17,2,1,19,20,20,212,"1, CHAUNY(ROUTE DE )",49.65031,3.2796,Nuit avec éclairage allumé,En agglomération,Giratoire,Autre,Deux véhicules - côté,,,,,,,,,,,5,2,6,9.0,3.0
201700002338,0017-03-16 18:00:00,17,3,16,18,0,20,59,D1032,49.64681,3.35274,Plein jour,Hors agglomération,Intersection en X,Temps éblouissant,Deux véhicules - côté,,,,,,,,,,,1,1,2,7.0,3.0
201700002339,0017-03-26 16:20:00,17,3,26,16,20,20,738,"22, ESTOURNELLES DE CONS",49.65629,3.31445,Plein jour,En agglomération,Hors intersection,Normale,Autre collision,,,,,,,,,,,1,2,1,1.0,6.0
201700002340,0017-05-10 12:36:00,17,5,10,12,36,20,304,,49.6598,3.3795,Plein jour,En agglomération,Hors intersection,Normale,Sans collision,,,,,,,,,,,1,2,1,1.0,7.0
201700002341,0017-05-30 08:00:00,17,5,30,8,0,20,738,,49.66084,3.26382,Plein jour,Hors agglomération,Hors intersection,Normale,Autre collision,,,,,,,,,,,1,1,1,1.0,6.0
201700002342,0017-06-11 00:20:00,17,6,11,0,20,20,738,"1, HOCHE PROLONGEE",49.64542,3.2938,Nuit sans éclairage public,En agglomération,Hors intersection,Temps couvert,Autre collision,,,,,,,,,,,3,2,1,8.0,6.0
201700002343,0017-07-06 14:35:00,17,7,6,14,35,20,59,,49.65907,3.34609,Plein jour,En agglomération,Intersection en T,Normale,Autre collision,,,,,,,,,,,1,2,3,1.0,6.0
201700002344,0017-07-09 18:05:00,17,7,9,18,5,20,304,"22, GENERAL DE GAULLE",49.66083,3.36955,Plein jour,En agglomération,Intersection en T,Normale,Autre collision,,,,,,,,,,,1,2,3,1.0,6.0
201700002345,0017-07-17 14:45:00,17,7,17,14,45,20,59,D1032,,,Plein jour,Hors agglomération,Hors intersection,Normale,Deux véhicules - frontale,,,,,,,,,,,1,1,1,1.0,1.0
201700002346,0017-09-20 17:25:00,17,9,20,17,25,20,212,CHAUNY(ROUTE DE ),49.6444,3.26511,Plein jour,En agglomération,Intersection en X,Normale,Autre collision,,,,,,,,,,,1,2,2,1.0,6.0
201700002347,0017-09-26 17:55:00,17,9,26,17,55,20,212,"130, CHAUSSEE BRUNEHAUT",49.63151,3.28076,Plein jour,En agglomération,Hors intersection,Normale,Sans collision,,,,,,,,,,,1,2,1,1.0,7.0
201700002348,0017-10-16 06:55:00,17,10,16,6,55,20,16,D 1032,49.64814,3.367,Nuit sans éclairage public,Hors agglomération,Hors intersection,Normale,Deux véhicules - frontale,,,,,,,,,,,3,1,1,1.0,1.0
201700002349,0017-11-17 19:35:00,17,11,17,19,35,20,304,DUPUIS (AVENUE),49.66322,3.36056,Nuit avec éclairage allumé,En agglomération,Intersection en T,Temps couvert,Deux véhicules - côté,,,,,,,,,,,5,2,3,8.0,3.0
201700002350,0017-02-17 17:00:00,17,2,17,17,0,380,565,Route de l'Isère,45.2829,5.62397,Plein jour,Hors agglomération,Hors intersection,Normale,Deux véhicules - arrière,,,,,,,,,,,1,1,1,1.0,2.0
201700002351,0017-02-28 19:15:00,17,2,28,19,15,380,565,D 1075 / rue des carteux,45.28119,5.64617,Nuit avec éclairage allumé,En agglomération,Intersection en X,Normale,Deux véhicules - côté,,,,,,,,,,,5,2,2,1.0,3.0
201700002352,0017-03-06 15:45:00,17,3,6,15,45,380,565,Chemin de l'Ile du Pont,45.29492,5.62011,Plein jour,Hors agglomération,Hors intersection,Vent fort / tempête,Sans collision,,,,,,,,,,,1,1,1,6.0,7.0
201700002353,0017-03-11 18:45:00,17,3,11,18,45,380,170,rue de l'industrie,45.24669,5.66295,Nuit sans éclairage public,En agglomération,Hors intersection,Normale,Deux véhicules - arrière,,,,,,,,,,,3,2,1,1.0,2.0
201700002354,0017-03-16 16:25:00,17,3,16,16,25,380,565,Avenue de Juin 1940,45.29849,5.62823,Plein jour,Hors agglomération,Hors intersection,Normale,Deux véhicules - côté,,,,,,,,,,,1,1,1,1.0,3.0
201700002355,0017-03-28 11:45:00,17,3,28,11,45,380,312,D520A - route du col,45.32933,5.65835,Plein jour,En agglomération,Hors intersection,Normale,Autre collision,,,,,,,,,,,1,2,1,1.0,6.0
201700002356,0017-04-14 15:00:00,17,4,14,15,0,380,61,D1075,45.3352,5.62122,Plein jour,En agglomération,Hors intersection,Normale,Autre collision,,,,,,,,,,,1,2,1,1.0,6.0
201700002357,0017-04-22 19:15:00,17,4,22,19,15,380,170,chemin des allées,45.25781,5.66176,Plein jour,En agglomération,Hors intersection,Normale,Autre collision,,,,,,,,,,,1,2,1,1.0,6.0
201700002358,0017-04-28 01:37:00,17,4,28,1,37,380,565,RD.1075 Lieu-dit Les Bal,45.31265,5.62253,Nuit sans éclairage public,Hors agglomération,Hors intersection,Pluie forte,Autre collision,,,,,,,,,,,3,1,1,3.0,6.0
201700002359,0017-05-29 17:10:00,17,5,29,17,10,380,565,D1085,45.53154,5.60473,Plein jour,Hors agglomération,Hors intersection,Normale,Deux véhicules - arrière,,,,,,,,,,,1,1,1,1.0,2.0
201700002360,0017-07-14 11:00:00,17,7,14,11,0,380,312,route du col,45.32767,5.65686,Plein jour,Hors agglomération,Hors intersection,Normale,Trois véhicules et plus - en chaîne,,,,,,,,,,,1,1,1,1.0,4.0
201700002361,0017-08-02 04:30:00,17,8,2,4,30,380,565,route de l'isere,45.2829,5.62397,Nuit avec éclairage allumé,Hors agglomération,Giratoire,Normale,Autre collision,,,,,,,,,,,5,1,6,1.0,6.0
201700002362,0017-08-09 08:30:00,17,8,9,8,30,380,565,1 av honoré de blazac,45.29587,5.63772,Plein jour,En agglomération,Hors intersection,Normale,Autre collision,,,,,,,,,,,1,2,1,1.0,6.0
201700002363,0017-10-05 16:40:00,17,10,5,16,40,380,565,route de l'Isère,45.27355,5.62668,Plein jour,En agglomération,Hors intersection,Normale,Deux véhicules - arrière,,,,,,,,,,,1,2,1,1.0,2.0
201700002364,0017-11-12 16:50:00,17,11,12,16,50,380,565,Quai des Chartreux,45.30639,5.63665,Plein jour,Hors agglomération,Hors intersection,Pluie légère,Deux véhicules - frontale,,,,,,,,,,,1,1,1,2.0,1.0
201700002365,0017-01-09 19:45:00,17,1,9,19,45,380,528,avenue des vaulnaveys,45.10129,5.7978,Nuit sans éclairage public,Hors agglomération,Hors intersection,Normale,Autre collision,,,,,,,,,,,3,1,1,1.0,6.0
201700002366,0017-01-11 14:35:00,17,1,11,14,35,380,562,Rue général de gaulle,45.08054,5.77415,Plein jour,En agglomération,Intersection en T,Normale,Deux véhicules - côté,,,,,,,,,,,1,2,3,1.0,3.0
201700002367,0017-02-03 22:30:00,17,2,3,22,30,380,279,d101,45.05886,5.75297,Nuit sans éclairage public,Hors agglomération,Hors intersection,Pluie légère,Autre collision,,,,,,,,,,,3,1,1,2.0,6.0
201700002368,0017-02-26 16:20:00,17,2,26,16,20,380,478,RD1091,45.05407,5.81672,Plein jour,Hors agglomération,Hors intersection,Normale,Deux véhicules - frontale,,,,,,,,,,,1,1,1,1.0,1.0
201700002369,0017-03-17 14:15:00,17,3,17,14,15,380,478,RD 1091,45.05413,5.81596,Plein jour,Hors agglomération,Hors intersection,Autre,Deux véhicules - frontale,,,,,,,,,,,1,1,1,9.0,1.0
201700002370,0017-03-25 15:00:00,17,3,25,15,0,380,59,D5 - d112,45.13542,5.77149,Plein jour,En agglomération,Giratoire,Pluie forte,Deux véhicules - côté,,,,,,,,,,,1,2,6,3.0,3.0
201700002371,0017-04-05 19:00:00,17,4,5,19,0,380,277,RD529,45.32569,5.55155,Plein jour,Hors agglomération,Hors intersection,Normale,Deux véhicules - frontale,,,,,,,,,,,1,1,1,1.0,1.0
201700002372,0017-05-09 12:10:00,17,5,9,12,10,380,388,Montée des fraisses,45.02982,5.70452,Plein jour,En agglomération,Hors intersection,Normale,Deux véhicules - frontale,,,,,,,,,,,1,2,1,1.0,1.0
201700002373,0017-05-13 00:11:00,17,5,13,0,11,380,200,N85,45.10541,5.74831,Nuit avec éclairage allumé,Hors agglomération,Hors intersection,Temps couvert,Trois véhicules et plus - collisions multiples,,,,,,,,,,,5,1,1,8.0,5.0
201700002374,0017-05-29 11:15:00,17,5,29,11,15,380,402,cd 113,45.01228,5.76237,Plein jour,Hors agglomération,Hors intersection,Normale,Sans collision,,,,,,,,,,,1,1,1,1.0,7.0
201700002375,0017-06-15 20:00:00,17,6,15,20,0,380,562,314 avenue maurice thore,45.08154,5.77016,Crépuscule ou aube,En agglomération,Hors intersection,Normale,Sans collision,,,,,,,,,,,2,2,1,1.0,7.0
201700002376,0017-06-21 07:07:00,17,6,21,7,7,380,68,rond-point deS CARRIÈRES,45.10225,5.71401,Plein jour,Hors agglomération,Giratoire,Normale,Deux véhicules - côté,,,,,,,,,,,1,1,6,1.0,3.0
201700002377,0017-07-01 12:25:00,17,7,1,12,25,380,200,258 montée de l'hormet,45.10514,5.74558,Plein jour,En agglomération,Intersection en T,Normale,Deux véhicules - côté,,,,,,,,,,,1,2,3,1.0,3.0
201700002378,0017-07-09 13:55:00,17,7,9,13,55,380,71,CD529,,,Plein jour,En agglomération,Hors intersection,Normale,Autre collision,,,,,,,,,,,1,2,1,1.0,6.0
201700002379,0017-07-20 19:00:00,17,7,20,19,0,380,445,rd 1085 route Napoléon,45.04676,5.75832,Plein jour,Hors agglomération,Hors intersection,Temps couvert,Autre collision,,,,,,,,,,,1,1,1,8.0,6.0
201700002380,0017-07-25 19:15:00,17,7,25,19,15,380,68,D64,45.1283,5.72205,Plein jour,Hors agglomération,Hors intersection,Pluie légère,Sans collision,,,,,,,,,,,1,1,1,2.0,7.0
201700002381,0017-08-05 16:45:00,17,8,5,16,45,380,71,RD529,45.05788,5.71653,Plein jour,En agglomération,Hors intersection,Normale,Autre collision,,,,,,,,,,,1,2,1,1.0,6.0
201700002382,0017-08-06 15:49:00,17,8,6,15,49,380,562,route de jarrie,45.07232,5.7805,Plein jour,Hors agglomération,Giratoire,Normale,Deux véhicules - arrière,,,,,,,,,,,1,1,6,1.0,2.0
201700002383,0017-08-11 10:50:00,17,8,11,10,50,380,562,Avenue Maurice Thorez,45.08127,5.77138,Plein jour,En agglomération,Hors intersection,Normale,Deux véhicules - arrière,,,,,,,,,,,1,2,1,1.0,2.0
201700002384,0017-08-31 13:10:00,17,8,31,13,10,380,203,La prairie,45.02969,5.79231,Plein jour,Hors agglomération,Hors intersection,Pluie légère,Deux véhicules - frontale,,,,,,,,,,,1,1,1,2.0,1.0
201700002385,0017-09-06 16:00:00,17,9,6,16,0,380,562,route de Grenoble,45.0685,5.7622,Plein jour,Hors agglomération,Autre intersection,Normale,Deux véhicules - côté,,,,,,,,,,,1,1,9,1.0,3.0
201700002386,0017-09-08 08:00:00,17,9,8,8,0,380,200,534 montée de la creuse,45.09883,5.74163,Plein jour,En agglomération,Hors intersection,Normale,Deux véhicules - frontale,,,,,,,,,,,1,2,1,1.0,1.0
201700002387,0017-09-19 17:45:00,17,9,19,17,45,380,203,N85 - Montée de Laffrey,45.04908,5.75547,Plein jour,Hors agglomération,Hors intersection,Pluie légère,Deux véhicules - frontale,,,,,,,,,,,1,1,1,2.0,1.0
201700002388,0017-09-30 17:00:00,17,9,30,17,0,380,562,D1091,45.05871,5.76883,Plein jour,Hors agglomération,Hors intersection,Pluie forte,Deux véhicules - côté,,,,,,,,,,,1,1,1,3.0,3.0
201700002389,0017-10-05 14:21:00,17,10,5,14,21,380,200,14 rue Jules Ferry,45.08673,5.74151,Plein jour,En agglomération,Intersection en T,Normale,Deux véhicules - côté,,,,,,,,,,,1,2,3,1.0,3.0
201700002390,0017-10-11 16:00:00,17,10,11,16,0,380,562,rue Elsa TRIOLLET,45.07834,5.76953,Plein jour,En agglomération,Hors intersection,Normale,Sans collision,,,,,,,,,,,1,2,1,1.0,7.0
201700002391,0017-12-10 18:00:00,17,12,10,18,0,380,562,avenue Maurice Thorez,45.08116,5.77147,Nuit avec éclairage allumé,En agglomération,Hors intersection,Pluie forte,Autre collision,,,,,,,,,,,5,2,1,3.0,6.0
201700002392,0017-02-01 16:20:00,17,2,1,16,20,380,374,route de versin D 19,45.64249,5.33482,Plein jour,Hors agglomération,Hors intersection,Normale,Trois véhicules et plus - collisions multiples,,,,,,,,,,,1,1,1,1.0,5.0
201700002393,0017-03-25 14:10:00,17,3,25,14,10,380,223,65 rue du Dauphiné,45.57531,5.26833,Plein jour,En agglomération,Hors intersection,Normale,Autre collision,,,,,,,,,,,1,2,1,1.0,6.0
201700002394,0017-03-29 17:35:00,17,3,29,17,35,380,152,D 1085,45.4981,5.30074,Plein jour,En agglomération,Hors intersection,Normale,Trois véhicules et plus - collisions multiples,,,,,,,,,,,1,2,1,1.0,5.0
201700002395,0017-07-02 20:00:00,17,7,2,20,0,380,455,route du bugey,45.62721,5.28719,Plein jour,Hors agglomération,Hors intersection,Normale,Deux véhicules - frontale,,,,,,,,,,,1,1,1,1.0,1.0
201700002396,0017-07-08 14:35:00,17,7,8,14,35,380,276,D 1085,45.57641,5.30196,Plein jour,Hors agglomération,Intersection en T,Normale,Deux véhicules - arrière,,,,,,,,,,,1,1,3,1.0,2.0
201700002397,0017-08-04 20:45:00,17,8,4,20,45,380,374,route de versin,45.64268,5.33476,Crépuscule ou aube,Hors agglomération,Hors intersection,Normale,Autre collision,,,,,,,,,,,2,1,1,1.0,6.0
201700002398,0017-08-27 21:15:00,17,8,27,21,15,380,467,Sicard le bas,,,Nuit sans éclairage public,Hors agglomération,Hors intersection,Normale,Autre collision,,,,,,,,,,,3,1,1,1.0,6.0
201700002399,0017-09-03 19:30:00,17,9,3,19,30,380,152,route de flachères,45.49314,5.30025,Plein jour,En agglomération,Hors intersection,Normale,Deux véhicules - frontale,,,,,,,,,,,1,2,1,1.0,1.0
201700002400,0017-09-05 17:55:00,17,9,5,17,55,380,149,94 route de Lyon,45.72407,5.32738,Plein jour,En agglomération,Hors intersection,Normale,Deux véhicules - côté,,,,,,,,,,,1,2,1,1.0,3.0
201700002401,0017-09-06 07:42:00,17,9,6,7,42,380,455,route de saint de savin,45.6251,5.28745,Crépuscule ou aube,Hors agglomération,Intersection en T,Normale,Deux véhicules - côté,,,,,,,,,,,2,1,3,1.0,3.0
201700002402,0017-09-08 18:00:00,17,9,8,18,0,380,24,63 route du ferrand,45.50506,5.31075,Plein jour,En agglomération,Hors intersection,Normale,Sans collision,,,,,,,,,,,1,2,1,1.0,7.0
201700002403,0017-09-29 21:45:00,17,9,29,21,45,380,455,Route du bugey,45.637,5.29614,Nuit avec éclairage allumé,Hors agglomération,Hors intersection,Normale,Deux véhicules - côté,,,,,,,,,,,5,1,1,1.0,3.0
201700002404,0017-11-10 07:40:00,17,11,10,7,40,380,374,Route de chamont,45.66119,5.32502,Plein jour,En agglomération,Hors intersection,Normale,Autre collision,,,,,,,,,,,1,2,1,1.0,6.0
201700002405,0017-12-10 04:40:00,17,12,10,4,40,380,481,9 chemin de la thivolièr,45.56849,5.34438,Nuit sans éclairage public,Hors agglomération,Hors intersection,Temps couvert,Autre collision,,,,,,,,,,,3,1,1,8.0,6.0
201700002406,0017-01-12 19:00:00,17,1,12,19,0,380,494,sablonnieres,45.69019,5.38178,Nuit sans éclairage public,Hors agglomération,Intersection en Y,Pluie légère,Autre collision,,,,,,,,,,,3,1,4,2.0,6.0
201700002407,0017-01-19 23:55:00,17,1,19,23,55,380,260,"rue du Village, D18g",45.68709,5.26294,Nuit avec éclairage allumé,En agglomération,Hors intersection,Normale,Autre collision,,,,,,,,,,,5,2,1,1.0,6.0
201700002408,0017-02-23 00:30:00,17,2,23,0,30,380,138,rd 52,45.72943,5.25463,Nuit sans éclairage public,Hors agglomération,Hors intersection,Normale,Autre collision,,,,,,,,,,,3,1,1,1.0,6.0
201700002409,0017-02-25 14:05:00,17,2,25,14,5,380,494,rd 517 rte morestel/D244,45.68959,5.38314,Plein jour,Hors agglomération,Intersection en Y,Normale,Autre collision,,,,,,,,,,,1,1,4,1.0,6.0
201700002410,0017-04-01 20:15:00,17,4,1,20,15,380,494,Chemin de la Roche,45.70845,5.35277,Nuit sans éclairage public,Hors agglomération,Hors intersection,Pluie légère,Sans collision,,,,,,,,,,,3,1,1,2.0,7.0
201700002411,0017-05-06 20:45:00,17,5,6,20,45,380,138,D65,45.73471,5.25217,Crépuscule ou aube,Hors agglomération,Hors intersection,Pluie légère,Sans collision,,,,,,,,,,,2,1,1,2.0,7.0
201700002412,0017-05-09 15:00:00,17,5,9,15,0,380,138,Route départementale 75,45.72865,5.23132,Plein jour,Hors agglomération,Hors intersection,Normale,Autre collision,,,,,,,,,,,1,1,1,1.0,6.0
201700002413,0017-05-14 18:00:00,17,5,14,18,0,380,210,chemin de péroncel,45.76252,5.23313,Plein jour,Hors agglomération,Intersection en Y,Normale,Deux véhicules - frontale,,,,,,,,,,,1,1,4,1.0,1.0
201700002414,0017-05-19 20:40:00,17,5,19,20,40,380,109,RD 75/ RD 18,45.69772,5.208,Plein jour,Hors agglomération,Giratoire,Normale,Deux véhicules - côté,,,,,,,,,,,1,1,6,1.0,3.0
201700002415,0017-07-05 00:01:00,17,7,5,0,1,380,494,La sablonnières,45.70791,5.34955,Nuit avec éclairage allumé,En agglomération,Hors intersection,Normale,Autre collision,,,,,,,,,,,5,2,1,1.0,6.0
201700002416,0017-08-07 19:00:00,17,8,7,19,0,380,210,Route de la balme,45.75241,5.25285,Plein jour,Hors agglomération,Hors intersection,Normale,Deux véhicules - frontale,,,,,,,,,,,1,1,1,1.0,1.0
201700002417,0017-08-27 05:40:00,17,8,27,5,40,380,190,route départementale 65,45.78738,5.26941,Nuit sans éclairage public,Hors agglomération,Hors intersection,Normale,Autre collision,,,,,,,,,,,3,1,1,1.0,6.0
201700002418,0017-10-26 08:30:00,17,10,26,8,30,380,176,Route de La Verpillière,45.65207,5.17533,Plein jour,En agglomération,Intersection en T,Normale,Deux véhicules - frontale,,,,,,,,,,,1,2,3,1.0,1.0
201700002419,0017-11-29 14:30:00,17,11,29,14,30,380,535,D 65,45.778,5.26244,Plein jour,Hors agglomération,Hors intersection,Normale,Deux véhicules - frontale,,,,,,,,,,,1,1,1,1.0,1.0
201700002420,0017-12-20 07:25:00,17,12,20,7,25,380,138,Cours baron raverat,45.72456,5.24851,Crépuscule ou aube,En agglomération,Hors intersection,Normale,Autre collision,,,,,,,,,,,2,2,1,1.0,6.0
201700002421,0017-02-15 17:10:00,17,2,15,17,10,380,135,RD1075,45.7506,5.40411,Plein jour,Hors agglomération,Intersection en T,Normale,Deux véhicules - côté,,,,,,,,,,,1,1,3,1.0,3.0
201700002422,0017-02-17 19:05:00,17,2,17,19,5,380,247,GRANDE RUE,45.81646,5.40447,Nuit sans éclairage public,En agglomération,Autre intersection,Normale,Deux véhicules - côté,,,,,,,,,,,3,2,9,1.0,3.0
201700002423,0017-03-08 18:15:00,17,3,8,18,15,380,247,grande rue,45.81645,5.40447,Crépuscule ou aube,En agglomération,Intersection en X,Normale,Deux véhicules - arrière,,,,,,,,,,,2,2,2,1.0,2.0