accident_id,datetime,annee,mois,jour,heure,minute,departement,commune_insee,adresse,latitude,longitude,luminosite,agglomeration,intersection,meteo,collision,nb_vehicules,nb_usagers,nb_indemnes,nb_tues,nb_blesses_hosp,nb_blesses_legers,age_cond_1,age_cond_2,veh_type_cond_1,veh_type_cond_2,lum_code,agg_code,int_code,atm_code,col_code
201700002424,0017-05-05 13:15:00,17,5,5,13,15,380,247,route de champagne CD52,45.81412,5.39751,Plein jour,Hors agglomération,Intersection en X,Normale,Deux véhicules - frontale,,,,,,,,,,,1,1,2,1.0,1.0
201700002425,0017-12-10 09:50:00,17,12,10,9,50,380,26,Lieu dit Cache Nuit,45.82847,5.31624,Plein jour,Hors agglomération,Hors intersection,Pluie forte,Autre collision,,,,,,,,,,,1,1,1,3.0,6.0
201700002426,0017-06-04 20:48:00,17,6,4,20,48,380,509,200 rue rené du champ,45.56762,5.45031,Crépuscule ou aube,En agglomération,Hors intersection,Normale,Autre collision,,,,,,,,,,,2,2,1,1.0,6.0
201700002427,0017-12-27 18:15:00,17,12,27,18,15,440,35,RD49 intersection av,47.30306,-1.5604,Nuit sans éclairage public,Hors agglomération,Intersection en X,Normale,Deux véhicules - côté,,,,,,,,,,,3,1,2,1.0,3.0
201700002428,0017-01-04 10:50:00,17,1,4,10,50,440,35,CD 39 - rond point du Li,47.27634,-1.54796,Plein jour,Hors agglomération,Giratoire,Normale,Deux véhicules - côté,,,,,,,,,,,1,1,6,1.0,3.0
201700002429,0017-01-08 11:00:00,17,1,8,11,0,440,35,rue de beausoleil,47.30306,-1.5604,Plein jour,En agglomération,Hors intersection,Pluie légère,Deux véhicules - frontale,,,,,,,,,,,1,2,1,2.0,1.0
201700002430,0017-01-16 17:10:00,17,1,16,17,10,440,35,rue de Sucé,47.30222,-1.54809,Plein jour,En agglomération,Hors intersection,Pluie légère,Deux véhicules - côté,,,,,,,,,,,1,2,1,2.0,3.0
201700002431,0017-02-02 07:30:00,17,2,2,7,30,440,209,"RD 537 - Lieu-dit ""Ragon",47.27876,-1.59759,Nuit avec éclairage allumé,Hors agglomération,Hors intersection,Pluie légère,Autre collision,,,,,,,,,,,5,1,1,2.0,6.0
201700002432,0017-02-10 06:45:00,17,2,10,6,45,440,35,route de Nantes,47.27657,-1.57064,Nuit sans éclairage public,Hors agglomération,Hors intersection,Normale,Autre collision,,,,,,,,,,,3,1,1,1.0,6.0
201700002433,0017-04-27 10:10:00,17,4,27,10,10,440,35,rue de la vrière,47.28193,-1.56002,Plein jour,En agglomération,Giratoire,Temps éblouissant,Deux véhicules - côté,,,,,,,,,,,1,2,6,7.0,3.0
201700002434,0017-05-06 14:55:00,17,5,6,14,55,440,35,Route d'Orvault (D 75) -,47.28314,-1.5865,Plein jour,Hors agglomération,Intersection en X,Pluie légère,Deux véhicules - côté,,,,,,,,,,,1,1,2,2.0,3.0
201700002435,0017-06-02 10:10:00,17,6,2,10,10,440,35,Avenue Mendes France,47.2955,-1.55497,Plein jour,En agglomération,Giratoire,Normale,Deux véhicules - arrière,,,,,,,,,,,1,2,6,1.0,2.0
201700002436,0017-06-17 23:00:00,17,6,17,23,0,440,35,route de la jonelière,47.26138,-1.54273,Nuit sans éclairage public,Hors agglomération,Hors intersection,Normale,Sans collision,,,,,,,,,,,3,1,1,1.0,7.0
201700002437,0017-09-02 09:25:00,17,9,2,9,25,440,35,LA VRIÈRE,47.28169,-1.56096,Plein jour,En agglomération,Giratoire,Normale,Deux véhicules - arrière,,,,,,,,,,,1,2,6,1.0,2.0
201700002438,0017-09-05 18:15:00,17,9,5,18,15,440,66,Route de Treillières,47.3397,-1.61391,Plein jour,Hors agglomération,Hors intersection,Normale,Deux véhicules - arrière,,,,,,,,,,,1,1,1,1.0,2.0
201700002439,0017-11-03 06:45:00,17,11,3,6,45,440,66,la guerie,47.37535,-1.60446,Nuit sans éclairage public,Hors agglomération,Hors intersection,Normale,Autre collision,,,,,,,,,,,3,1,1,1.0,6.0
201700002440,0017-12-14 07:55:00,17,12,14,7,55,440,35,rue de Bretagne,47.28661,-1.54305,Crépuscule ou aube,En agglomération,Giratoire,Pluie légère,Autre collision,,,,,,,,,,,2,2,6,2.0,6.0
201700002441,0017-01-30 07:25:00,17,1,30,7,25,380,215,Rue des allobroges,45.58915,4.95104,Crépuscule ou aube,En agglomération,Autre intersection,Pluie légère,Autre collision,,,,,,,,,,,2,2,9,2.0,6.0
201700002442,0017-03-27 18:45:00,17,3,27,18,45,380,110,route nationale 7,45.58934,4.86093,Plein jour,Hors agglomération,Hors intersection,Normale,Deux véhicules - frontale,,,,,,,,,,,1,1,1,1.0,1.0
201700002443,0017-04-05 11:55:00,17,4,5,11,55,380,110,D123 / rte des serpaizia,45.57018,4.87858,Plein jour,Hors agglomération,Intersection en T,Normale,Autre collision,,,,,,,,,,,1,1,3,1.0,6.0
201700002444,0017-04-24 07:45:00,17,4,24,7,45,380,487,route de chasse,45.55968,4.82301,Crépuscule ou aube,Hors agglomération,Hors intersection,Normale,Deux véhicules - frontale,,,,,,,,,,,2,1,1,1.0,1.0
201700002445,0017-05-03 19:20:00,17,5,3,19,20,380,558,route de marennes,45.59175,4.91526,Plein jour,En agglomération,Hors intersection,Temps couvert,Trois véhicules et plus - collisions multiples,,,,,,,,,,,1,2,1,8.0,5.0
201700002446,0017-07-05 18:45:00,17,7,5,18,45,380,215,D36,45.58647,4.95466,Plein jour,En agglomération,Hors intersection,Normale,Deux véhicules - côté,,,,,,,,,,,1,2,1,1.0,3.0
201700002447,0017-10-11 07:20:00,17,10,11,7,20,380,215,CD36,45.58647,4.95466,Nuit sans éclairage public,Hors agglomération,Intersection en X,Brouillard / fumée,Deux véhicules - côté,,,,,,,,,,,3,1,2,5.0,3.0
201700002448,0017-12-09 04:45:00,17,12,9,4,45,380,484,ROUTE DE SEPTEME,45.55731,4.92169,Nuit sans éclairage public,Hors agglomération,Hors intersection,Autre,Autre collision,,,,,,,,,,,3,1,1,9.0,6.0
201700002449,0017-01-28 19:55:00,17,1,28,19,55,380,197,D517,45.75245,5.11411,Nuit sans éclairage public,Hors agglomération,Hors intersection,Pluie légère,Deux véhicules - frontale,,,,,,,,,,,3,1,1,2.0,1.0
201700002450,0017-05-31 14:30:00,17,5,31,14,30,380,507,route de Crémieu,45.75179,5.19578,Plein jour,En agglomération,Hors intersection,Normale,Autre collision,,,,,,,,,,,1,2,1,1.0,6.0
201700002451,0017-06-13 12:45:00,17,6,13,12,45,380,97,chemin des bruyeres,45.76166,5.15166,Plein jour,Hors agglomération,Hors intersection,Normale,Autre collision,,,,,,,,,,,1,1,1,1.0,6.0
201700002452,0017-07-23 11:40:00,17,7,23,11,40,380,197,route de crémieu,45.75161,5.08996,Plein jour,En agglomération,Hors intersection,Normale,Deux véhicules - arrière,,,,,,,,,,,1,2,1,1.0,2.0
201700002453,0017-07-24 16:05:00,17,7,24,16,5,380,97,Rue Joseph Mouraret,45.77127,5.18361,Plein jour,Hors agglomération,Hors intersection,Temps couvert,Autre collision,,,,,,,,,,,1,1,1,8.0,6.0
201700002454,0017-08-24 11:30:00,17,8,24,11,30,380,557,Rue du Marais,45.78589,5.07798,Plein jour,Hors agglomération,Hors intersection,Temps couvert,Deux véhicules - frontale,,,,,,,,,,,1,1,1,8.0,1.0
201700002455,0017-08-25 16:27:00,17,8,25,16,27,380,507,route de Crémieu,45.75179,5.19578,Plein jour,En agglomération,Hors intersection,Temps éblouissant,Deux véhicules - côté,,,,,,,,,,,1,2,1,7.0,3.0
201700002456,0017-12-09 19:10:00,17,12,9,19,10,380,507,route de crémieu,45.75179,5.19578,Nuit avec éclairage allumé,En agglomération,Autre intersection,Normale,Deux véhicules - côté,,,,,,,,,,,5,2,9,1.0,3.0
201700002457,0017-03-09 11:20:00,17,3,9,11,20,380,344,Rue Y. Farge/Ch gresille,45.37764,4.81068,Plein jour,En agglomération,Intersection en X,Normale,Deux véhicules - côté,,,,,,,,,,,1,2,2,1.0,3.0
201700002458,0017-03-17 17:15:00,17,3,17,17,15,380,468,Route d'Agnin D51,45.33622,4.83145,Plein jour,Hors agglomération,Hors intersection,Normale,Sans collision,,,,,,,,,,,1,1,1,1.0,7.0
201700002459,0017-04-15 05:46:00,17,4,15,5,46,380,468,Route Nationale 7,45.34,4.80333,Nuit sans éclairage public,En agglomération,Hors intersection,Normale,Autre collision,,,,,,,,,,,3,2,1,1.0,6.0
201700002460,0017-04-15 19:30:00,17,4,15,19,30,380,72,Nationale 7,45.31759,4.83136,Plein jour,En agglomération,Giratoire,Normale,Sans collision,,,,,,,,,,,1,2,6,1.0,7.0
201700002461,0017-04-28 11:15:00,17,4,28,11,15,380,298,Route de condrieu,45.37744,4.79343,Plein jour,En agglomération,Hors intersection,Normale,Deux véhicules - arrière,,,,,,,,,,,1,2,1,1.0,2.0
201700002462,0017-05-07 17:35:00,17,5,7,17,35,380,344,Route Nationale 7,45.40444,4.81043,Plein jour,Hors agglomération,Hors intersection,Temps couvert,Trois véhicules et plus - collisions multiples,,,,,,,,,,,1,1,1,8.0,5.0
201700002463,0017-05-17 13:30:00,17,5,17,13,30,380,72,route nationale 7,45.31113,4.80914,Plein jour,Hors agglomération,Hors intersection,Normale,Autre collision,,,,,,,,,,,1,1,1,1.0,6.0
201700002464,0017-05-22 22:40:00,17,5,22,22,40,380,72,Croisement RD 519 - Chem,45.32334,4.85648,Nuit sans éclairage public,Hors agglomération,Intersection en X,Normale,Deux véhicules - côté,,,,,,,,,,,3,1,2,1.0,3.0
201700002465,0017-06-15 07:37:00,17,6,15,7,37,380,344,Plateau de louze,45.38295,4.81691,Plein jour,Hors agglomération,Hors intersection,Normale,Deux véhicules - arrière,,,,,,,,,,,1,1,1,1.0,2.0
201700002466,0017-06-16 19:55:00,17,6,16,19,55,380,298,rue Jacques Prévert,45.37599,4.79993,Plein jour,En agglomération,Hors intersection,Normale,Autre collision,,,,,,,,,,,1,2,1,1.0,6.0
201700002467,0017-07-23 09:20:00,17,7,23,9,20,380,72,La Pipardière Route Nati,45.30344,4.81789,Plein jour,Hors agglomération,Hors intersection,Normale,Autre collision,,,,,,,,,,,1,1,1,1.0,6.0
201700002468,0017-08-01 07:05:00,17,8,1,7,5,380,344,chemin de la sanne,45.36722,4.83713,Plein jour,Hors agglomération,Intersection en X,Normale,Deux véhicules - côté,,,,,,,,,,,1,1,2,1.0,3.0
201700002469,0017-10-11 15:44:00,17,10,11,15,44,380,51,D519/D131,45.33088,4.90164,Plein jour,Hors agglomération,Intersection en T,Normale,Deux véhicules - côté,,,,,,,,,,,1,1,3,1.0,3.0
201700002470,0017-12-03 09:40:00,17,12,3,9,40,380,3,241 route de vienne,45.34548,4.85102,Plein jour,En agglomération,Autre intersection,Normale,Autre collision,,,,,,,,,,,1,2,9,1.0,6.0
201700002471,0017-12-08 06:20:00,17,12,8,6,20,380,298,avenue Jacques PREVERT,45.37129,4.8011,Nuit avec éclairage allumé,En agglomération,Intersection en X,Pluie légère,Deux véhicules - côté,,,,,,,,,,,5,2,2,2.0,3.0
201700002472,0017-01-12 05:50:00,17,1,12,5,50,380,475,route des Étraits,45.69471,5.14347,Nuit sans éclairage public,Hors agglomération,Hors intersection,Temps couvert,Autre collision,,,,,,,,,,,3,1,1,8.0,6.0
201700002473,0017-02-26 15:35:00,17,2,26,15,35,380,449,Montjay rue des pinsons,45.62943,5.09743,Plein jour,Hors agglomération,Hors intersection,Normale,Sans collision,,,,,,,,,,,1,1,1,1.0,7.0
201700002474,0017-04-23 23:00:00,17,4,23,23,0,380,449,D75,45.64035,5.09969,Nuit sans éclairage public,Hors agglomération,Hors intersection,Normale,Deux véhicules - frontale,,,,,,,,,,,3,1,1,1.0,1.0
201700002475,0017-06-23 12:30:00,17,6,23,12,30,380,449,route de VIENNE,45.62463,5.08729,Plein jour,Hors agglomération,Intersection en T,Temps éblouissant,Deux véhicules - arrière,,,,,,,,,,,1,1,3,7.0,2.0
201700002476,0017-09-08 15:50:00,17,9,8,15,50,380,449,route d'Heyrieux,45.63744,5.08496,Plein jour,Hors agglomération,Intersection en T,Normale,Autre collision,,,,,,,,,,,1,1,3,1.0,6.0
201700002477,0017-10-13 19:30:00,17,10,13,19,30,380,537,D125,45.64523,5.13108,Nuit avec éclairage allumé,Hors agglomération,Hors intersection,Normale,Sans collision,,,,,,,,,,,5,1,1,1.0,7.0
201700002478,0017-10-19 08:20:00,17,10,19,8,20,380,537,RD 1006,45.6452,5.14579,Crépuscule ou aube,Hors agglomération,Hors intersection,Normale,Deux véhicules - arrière,,,,,,,,,,,2,1,1,1.0,2.0
201700002479,0017-10-28 22:45:00,17,10,28,22,45,380,449,RD 1006,45.65079,5.12162,Nuit avec éclairage allumé,Hors agglomération,Hors intersection,Normale,Deux véhicules - arrière,,,,,,,,,,,5,1,1,1.0,2.0
201700002480,0017-10-30 18:30:00,17,10,30,18,30,380,475,route des étraits,45.69471,5.14347,Nuit sans éclairage public,Hors agglomération,Hors intersection,Normale,Deux véhicules - frontale,,,,,,,,,,,3,1,1,1.0,1.0
201700002481,0017-12-11 16:40:00,17,12,11,16,40,380,449,RD 124 - PR19 +400,45.65709,5.13388,Nuit sans éclairage public,Hors agglomération,Hors intersection,Pluie légère,Deux véhicules - frontale,,,,,,,,,,,3,1,1,2.0,1.0
201700002482,0017-03-15 15:10:00,17,3,15,15,10,420,94,lieu dit Bigny,45.74265,4.205,Plein jour,Hors agglomération,Hors intersection,Normale,Deux véhicules - frontale,,,,,,,,,,,1,1,1,1.0,1.0
201700002483,0017-05-18 20:32:00,17,5,18,20,32,420,202,Rd 1089 - PR 004+200,45.64595,4.34814,Crépuscule ou aube,Hors agglomération,Hors intersection,Normale,Deux véhicules - côté,,,,,,,,,,,2,1,1,1.0,3.0
201700002484,0017-07-21 08:10:00,17,7,21,8,10,420,22,RD 8,45.52292,4.21525,Plein jour,En agglomération,Giratoire,Normale,Sans collision,,,,,,,,,,,1,2,6,1.0,7.0
201700002485,0017-07-24 05:27:00,17,7,24,5,27,420,214,lieu-dit les Lyonnes,45.68971,4.27698,Nuit sans éclairage public,Hors agglomération,Hors intersection,Pluie légère,Autre collision,,,,,,,,,,,3,1,1,2.0,6.0
201700002486,0017-10-11 06:29:00,17,10,11,6,29,420,91,RD498 -,45.41971,4.0186,Nuit sans éclairage public,Hors agglomération,Hors intersection,Normale,Deux véhicules - frontale,,,,,,,,,,,3,1,1,1.0,1.0
201700002487,0017-10-14 15:00:00,17,10,14,15,0,420,304,d16 PK8+850,45.55722,4.20416,Plein jour,Hors agglomération,Hors intersection,Normale,Autre collision,,,,,,,,,,,1,1,1,1.0,6.0
201700002488,0017-11-15 17:38:00,17,11,15,17,38,420,147,4 rue de feurs,45.61143,4.06611,Nuit avec éclairage allumé,En agglomération,Hors intersection,Normale,Autre collision,,,,,,,,,,,5,2,1,1.0,6.0
201700002489,0017-02-13 17:35:00,17,2,13,17,35,420,147,avenue allard,45.60747,4.06008,Crépuscule ou aube,En agglomération,Hors intersection,Normale,Deux véhicules - arrière,,,,,,,,,,,2,2,1,1.0,2.0
201700002490,0017-02-22 16:00:00,17,2,22,16,0,420,12,lieu dit vinols,45.59876,4.03453,Plein jour,Hors agglomération,Hors intersection,Normale,Autre collision,,,,,,,,,,,1,1,1,1.0,6.0
201700002491,0017-03-12 05:30:00,17,3,12,5,30,420,46,les trois ponts,45.64117,4.05551,Crépuscule ou aube,Hors agglomération,Hors intersection,Normale,Sans collision,,,,,,,,,,,2,1,1,1.0,7.0
201700002492,0017-03-15 18:00:00,17,3,15,18,0,420,285,rue du 11 novembre,45.55386,4.12399,Plein jour,En agglomération,Hors intersection,Normale,Autre collision,,,,,,,,,,,1,2,1,1.0,6.0
201700002493,0017-03-18 14:50:00,17,3,18,14,50,420,147,D8,45.59732,4.07751,Plein jour,Hors agglomération,Hors intersection,Normale,Deux véhicules - arrière,,,,,,,,,,,1,1,1,1.0,2.0
201700002494,0017-03-24 12:00:00,17,3,24,12,0,420,299,route de lyon,45.60802,4.08819,Plein jour,En agglomération,Giratoire,Pluie légère,Deux véhicules - côté,,,,,,,,,,,1,2,6,2.0,3.0
201700002495,0017-03-24 22:55:00,17,3,24,22,55,420,147,24 chemin de Chézieux,45.59047,4.09382,Nuit sans éclairage public,Hors agglomération,Hors intersection,Normale,Autre collision,,,,,,,,,,,3,1,1,1.0,6.0
201700002496,0017-03-26 15:20:00,17,3,26,15,20,420,328,D496,45.57151,4.00612,Plein jour,Hors agglomération,Hors intersection,Normale,Deux véhicules - côté,,,,,,,,,,,1,1,1,1.0,3.0
201700002497,0017-03-28 12:35:00,17,3,28,12,35,420,285,rond point de LARZALIER,45.56168,4.11613,Plein jour,En agglomération,Giratoire,Normale,Deux véhicules - frontale,,,,,,,,,,,1,2,6,1.0,1.0
201700002498,0017-04-27 00:15:00,17,4,27,0,15,420,147,RD8 -,45.58006,4.10961,Nuit sans éclairage public,Hors agglomération,Hors intersection,Normale,Autre collision,,,,,,,,,,,3,1,1,1.0,6.0
201700002499,0017-04-27 22:00:00,17,4,27,22,0,420,147,rue des prélacroix,45.61099,4.05889,Nuit avec éclairage allumé,En agglomération,Hors intersection,Pluie légère,Autre collision,,,,,,,,,,,5,2,1,2.0,6.0
201700002500,0017-04-29 14:30:00,17,4,29,14,30,420,147,av de St-étienne,45.59732,4.07751,Plein jour,Hors agglomération,Hors intersection,Normale,Deux véhicules - frontale,,,,,,,,,,,1,1,1,1.0,1.0
201700002501,0017-05-13 12:25:00,17,5,13,12,25,420,151,D 110 - Lieu dit La Gout,45.6611,4.09611,Plein jour,Hors agglomération,Hors intersection,Pluie légère,Deux véhicules - frontale,,,,,,,,,,,1,1,1,2.0,1.0
201700002502,0017-05-17 06:45:00,17,5,17,6,45,420,299,Lieu-dit la BRUYERE,45.61019,4.09624,Plein jour,En agglomération,Giratoire,Normale,Deux véhicules - côté,,,,,,,,,,,1,2,6,1.0,3.0
201700002503,0017-05-20 04:00:00,17,5,20,4,0,420,285,D8,45.5666,4.13448,Nuit sans éclairage public,Hors agglomération,Hors intersection,Normale,Sans collision,,,,,,,,,,,3,1,1,1.0,7.0
201700002504,0017-05-20 10:30:00,17,5,20,10,30,420,299,rue de Lyon,45.60843,4.08986,Plein jour,En agglomération,Intersection en T,Normale,Deux véhicules - côté,,,,,,,,,,,1,2,3,1.0,3.0
201700002505,0017-05-22 17:50:00,17,5,22,17,50,420,147,18 chemin des plantées,45.60421,4.04865,Plein jour,En agglomération,Hors intersection,Normale,Sans collision,,,,,,,,,,,1,2,1,1.0,7.0
201700002506,0017-05-23 07:58:00,17,5,23,7,58,420,180,Lieu dit la cotille,45.58029,4.14877,Plein jour,Hors agglomération,Hors intersection,Temps éblouissant,Autre collision,,,,,,,,,,,1,1,1,7.0,6.0
201700002507,0017-06-24 11:20:00,17,6,24,11,20,420,299,lieu-dit Colombons,45.63981,4.09921,Plein jour,Hors agglomération,Intersection en T,Normale,Deux véhicules - frontale,,,,,,,,,,,1,1,3,1.0,1.0
201700002508,0017-06-26 17:20:00,17,6,26,17,20,420,147,Avenue Paul CEZANNE,45.61399,4.05772,Plein jour,En agglomération,Intersection en X,Normale,Deux véhicules - côté,,,,,,,,,,,1,2,2,1.0,3.0
201700002509,0017-07-05 17:00:00,17,7,5,17,0,420,299,RD 60,45.62359,4.07868,Plein jour,Hors agglomération,Intersection en Y,Normale,Deux véhicules - arrière,,,,,,,,,,,1,1,4,1.0,2.0
201700002510,0017-07-29 11:38:00,17,7,29,11,38,420,328,Les Bruyeres,45.57162,3.98199,Plein jour,Hors agglomération,Hors intersection,Temps éblouissant,Deux véhicules - arrière,,,,,,,,,,,1,1,1,7.0,2.0
201700002511,0017-07-31 13:25:00,17,7,31,13,25,420,147,avenue thermale,45.5967,4.07132,Plein jour,En agglomération,Intersection en T,Normale,Deux véhicules - côté,,,,,,,,,,,1,2,3,1.0,3.0
201700002512,0017-08-27 02:10:00,17,8,27,2,10,420,147,rue de la république,45.60615,4.0777,Nuit avec éclairage allumé,En agglomération,Hors intersection,Normale,Deux véhicules - côté,,,,,,,,,,,5,2,1,1.0,3.0
201700002513,0017-08-28 12:15:00,17,8,28,12,15,420,147,Boulevard Lacheze,45.60492,4.06576,Plein jour,En agglomération,Hors intersection,Normale,Autre collision,,,,,,,,,,,1,2,1,1.0,6.0
201700002514,0017-09-23 17:10:00,17,9,23,17,10,420,147,14 boulevard DUGUET,45.60983,4.06806,Plein jour,En agglomération,Intersection en T,Normale,Deux véhicules - côté,,,,,,,,,,,1,2,3,1.0,3.0
201700002515,0017-10-02 17:00:00,17,10,2,17,0,420,147,ROUTE DEPARTEMANTALE D8,45.59732,4.07751,Plein jour,En agglomération,Hors intersection,Normale,Deux véhicules - arrière,,,,,,,,,,,1,2,1,1.0,2.0
201700002516,0017-10-03 09:15:00,17,10,3,9,15,420,285,départementale 8,45.55605,4.15391,Plein jour,Hors agglomération,Intersection en X,Pluie légère,Deux véhicules - côté,,,,,,,,,,,1,1,2,2.0,3.0
201700002517,0017-10-13 21:35:00,17,10,13,21,35,420,299,Rue de Lyon,45.60734,4.08532,Nuit avec éclairage allumé,En agglomération,Intersection en T,Normale,Deux véhicules - frontale,,,,,,,,,,,5,2,3,1.0,1.0
201700002518,0017-10-16 16:05:00,17,10,16,16,5,420,299,rd 204,45.61062,4.08943,Plein jour,Hors agglomération,Hors intersection,Temps éblouissant,Deux véhicules - arrière,,,,,,,,,,,1,1,1,7.0,2.0
201700002519,0017-10-20 18:15:00,17,10,20,18,15,420,147,rue des arches,45.60837,4.064,Plein jour,En agglomération,Intersection en Y,Normale,Deux véhicules - frontale,,,,,,,,,,,1,2,4,1.0,1.0
201700002520,0017-11-03 17:13:00,17,11,3,17,13,420,299,D204,45.61063,4.09448,Plein jour,Hors agglomération,Autre intersection,Normale,Deux véhicules - frontale,,,,,,,,,,,1,1,9,1.0,1.0
201700002521,0017-11-10 18:05:00,17,11,10,18,5,420,299,D101,45.60019,4.09725,Nuit sans éclairage public,Hors agglomération,Intersection en T,Pluie légère,Deux véhicules - côté,,,,,,,,,,,3,1,3,2.0,3.0
201700002522,0017-12-17 05:00:00,17,12,17,5,0,420,147,Avenue de Saint Etienne,45.5925,4.0861,Nuit sans éclairage public,Hors agglomération,Hors intersection,Normale,Autre collision,,,,,,,,,,,3,1,1,1.0,6.0
201700002523,0017-01-21 15:55:00,17,1,21,15,55,420,304,route de la dévalla,45.54191,4.16948,Plein jour,Hors agglomération,Hors intersection,Normale,Deux véhicules - côté,,,,,,,,,,,1,1,1,1.0,3.0
201700002524,0017-02-18 16:50:00,17,2,18,16,50,420,5,avenue de st etienne,45.52572,4.27193,Plein jour,En agglomération,Hors intersection,Normale,Autre collision,,,,,,,,,,,1,2,1,1.0,6.0
201700002525,0017-04-17 19:20:00,17,4,17,19,20,420,304,Avenue Jean Moulin,45.54143,4.18229,Plein jour,En agglomération,Autre intersection,Temps couvert,Deux véhicules - côté,,,,,,,,,,,1,2,9,8.0,3.0
201700002526,0017-04-22 11:37:00,17,4,22,11,37,420,211,AVENUE PIERRE ZAKARIE,45.52977,4.24752,Plein jour,En agglomération,Intersection en X,Normale,Deux véhicules - frontale,,,,,,,,,,,1,2,2,1.0,1.0
201700002527,0017-04-22 19:30:00,17,4,22,19,30,420,211,03 rue de la becque,45.53373,4.23266,Plein jour,En agglomération,Hors intersection,Normale,Deux véhicules - côté,,,,,,,,,,,1,2,1,1.0,3.0
201700002528,0017-04-25 10:40:00,17,4,25,10,40,420,5,avenue du parc,45.52444,4.25722,Plein jour,En agglomération,Intersection en T,Pluie forte,Deux véhicules - côté,,,,,,,,,,,1,2,3,3.0,3.0
201700002529,0017-05-17 12:12:00,17,5,17,12,12,420,5,rue Lamartine,45.52825,4.26285,Plein jour,En agglomération,Hors intersection,Normale,Trois véhicules et plus - en chaîne,,,,,,,,,,,1,2,1,1.0,4.0
201700002530,0017-10-14 15:15:00,17,10,14,15,15,420,75,CD 108,45.57058,4.23155,Plein jour,Hors agglomération,Hors intersection,Normale,Autre collision,,,,,,,,,,,1,1,1,1.0,6.0
201700002531,0017-12-07 23:35:00,17,12,7,23,35,420,304,D8,45.54658,4.17132,Nuit sans éclairage public,Hors agglomération,Hors intersection,Autre,Deux véhicules - côté,,,,,,,,,,,3,1,1,9.0,3.0
201700002532,0017-09-10 17:50:00,17,9,10,17,50,420,214,D16,45.67752,4.31378,Plein jour,Hors agglomération,Hors intersection,Normale,Sans collision,,,,,,,,,,,1,1,1,1.0,7.0
201700002533,0017-09-10 18:00:00,17,9,10,18,0,420,251,D1082,45.67978,4.22888,Plein jour,Hors agglomération,Hors intersection,Normale,Deux véhicules - arrière,,,,,,,,,,,1,1,1,1.0,2.0
201700002534,0017-10-16 14:30:00,17,10,16,14,30,420,296,Lieu dit Le Pavillon,45.73216,4.28834,Plein jour,Hors agglomération,Intersection en X,Normale,Deux véhicules - frontale,,,,,,,,,,,1,1,2,1.0,1.0
201700002535,0017-10-29 17:06:00,17,10,29,17,6,420,175,départementale 10,45.80789,4.22193,Plein jour,Hors agglomération,Hors intersection,Pluie légère,Autre collision,,,,,,,,,,,1,1,1,2.0,6.0
201700002536,0017-11-02 16:17:00,17,11,2,16,17,420,94,Rue du palais,45.7445,4.22373,Plein jour,En agglomération,Intersection en T,Normale,Deux véhicules - arrière,,,,,,,,,,,1,2,3,1.0,2.0
201700002537,0017-11-25 01:25:00,17,11,25,1,25,420,165,D 60 - lieu-dit le roule,45.75939,4.31518,Nuit sans éclairage public,Hors agglomération,Hors intersection,Autre,Deux véhicules - frontale,,,,,,,,,,,3,1,1,9.0,1.0
201700002538,0017-12-15 10:30:00,17,12,15,10,30,420,65,660 Route de Cottance,45.77966,4.26257,Plein jour,Hors agglomération,Hors intersection,Normale,Autre collision,,,,,,,,,,,1,1,1,1.0,6.0
201700002539,0017-12-24 16:30:00,17,12,24,16,30,420,296,LD LE PAVILLON,45.73201,4.28887,Plein jour,Hors agglomération,Intersection à plus de 4 branches,Normale,Autre collision,,,,,,,,,,,1,1,5,1.0,6.0
201700002540,0017-12-29 07:50:00,17,12,29,7,50,420,251,"RN 1082,",45.6938,4.2279,Crépuscule ou aube,Hors agglomération,Hors intersection,Temps couvert,Deux véhicules - côté,,,,,,,,,,,2,1,1,8.0,3.0
201700002541,0017-02-15 22:10:00,17,2,15,22,10,420,168,rue des prairies,45.42179,4.67374,Nuit avec éclairage allumé,En agglomération,Hors intersection,Normale,Sans collision,,,,,,,,,,,5,2,1,1.0,7.0
201700002542,0017-03-26 16:30:00,17,3,26,16,30,420,168,Lieu dit le Priel,45.42369,4.63991,Plein jour,Hors agglomération,Hors intersection,Normale,Sans collision,,,,,,,,,,,1,1,1,1.0,7.0
201700002543,0017-04-16 16:30:00,17,4,16,16,30,420,168,Rd 63 Lieu dit Les Commu,45.41988,4.6251,Plein jour,Hors agglomération,Hors intersection,Normale,Autre collision,,,,,,,,,,,1,1,1,1.0,6.0
201700002544,0017-04-26 11:35:00,17,4,26,11,35,420,272,"RD 1086, Lieu-dit La Bas",45.38999,4.74536,Plein jour,Hors agglomération,Hors intersection,Normale,Autre collision,,,,,,,,,,,1,1,1,1.0,6.0