accident_id,datetime,annee,mois,jour,heure,minute,departement,commune_insee,adresse,latitude,longitude,luminosite,agglomeration,intersection,meteo,collision,nb_vehicules,nb_usagers,nb_indemnes,nb_tues,nb_blesses_hosp,nb_blesses_legers,age_cond_1,age_cond_2,veh_type_cond_1,veh_type_cond_2,lum_code,agg_code,int_code,atm_code,col_code
201700002545,0017-04-29 16:35:00,17,4,29,16,35,420,168,rue des Prairies,45.42254,4.67355,Plein jour,Hors agglomération,Hors intersection,Normale,Deux véhicules - arrière,,,,,,,,,,,1,1,1,1.0,2.0
201700002546,0017-05-02 14:15:00,17,5,2,14,15,420,56,Lieu dit Pont Chorie,45.4154,4.71559,Plein jour,Hors agglomération,Hors intersection,Pluie forte,Trois véhicules et plus - collisions multiples,,,,,,,,,,,1,1,1,3.0,5.0
201700002547,0017-05-17 20:00:00,17,5,17,20,0,420,64,RD19,45.46811,4.72108,Plein jour,Hors agglomération,Hors intersection,Normale,Sans collision,,,,,,,,,,,1,1,1,1.0,7.0
201700002548,0017-05-24 08:55:00,17,5,24,8,55,420,168,,45.41638,4.67484,Plein jour,En agglomération,Intersection en Y,Normale,Deux véhicules - côté,,,,,,,,,,,1,2,4,1.0,3.0
201700002549,0017-06-02 12:50:00,17,6,2,12,50,420,56,D7,45.41277,4.74235,Plein jour,Hors agglomération,Hors intersection,Normale,Trois véhicules et plus - en chaîne,,,,,,,,,,,1,1,1,1.0,4.0
201700002550,0017-07-10 22:00:00,17,7,10,22,0,420,56,D1086,45.40134,4.73699,Nuit avec éclairage allumé,Hors agglomération,Hors intersection,Pluie légère,Sans collision,,,,,,,,,,,5,1,1,2.0,7.0
201700002551,0017-07-29 19:35:00,17,7,29,19,35,420,132,RD 503,45.38334,4.73424,Plein jour,Hors agglomération,Hors intersection,Normale,Sans collision,,,,,,,,,,,1,1,1,1.0,7.0
201700002552,0017-09-09 14:30:00,17,9,9,14,30,420,272,RD 503 bis,45.38278,4.75413,Plein jour,Hors agglomération,Hors intersection,Temps couvert,Deux véhicules - frontale,,,,,,,,,,,1,1,1,8.0,1.0
201700002553,0017-09-10 14:30:00,17,9,10,14,30,420,56,RD 7,45.41445,4.71316,Plein jour,Hors agglomération,Hors intersection,Normale,Sans collision,,,,,,,,,,,1,1,1,1.0,7.0
201700002554,0017-10-10 08:15:00,17,10,10,8,15,420,56,D34 - le grand embuent,45.42554,4.69833,Plein jour,En agglomération,Hors intersection,Normale,Autre collision,,,,,,,,,,,1,2,1,1.0,6.0
201700002555,0017-10-12 07:30:00,17,10,12,7,30,420,327,D1086,45.45599,4.75464,Crépuscule ou aube,Hors agglomération,Hors intersection,Normale,Autre collision,,,,,,,,,,,2,1,1,1.0,6.0
201700002556,0017-10-16 07:20:00,17,10,16,7,20,420,201,rd503,45.3499,4.66246,Crépuscule ou aube,Hors agglomération,Hors intersection,Normale,Autre collision,,,,,,,,,,,2,1,1,1.0,6.0
201700002557,0017-10-28 20:25:00,17,10,28,20,25,420,56,RD 1086 - Lieu-dit Les P,45.41223,4.73646,Nuit avec éclairage allumé,En agglomération,Intersection en T,Normale,Deux véhicules - frontale,,,,,,,,,,,5,2,3,1.0,1.0
201700002558,0017-01-03 08:52:00,17,1,3,8,52,730,232,RD 902,45.58823,6.92696,Plein jour,Hors agglomération,Hors intersection,Normale,Trois véhicules et plus - collisions multiples,,,,,,,,,,,1,1,1,1.0,5.0
201700002559,0017-01-02 01:45:00,17,1,2,1,45,730,303,,45.77506,6.47669,Nuit sans éclairage public,Hors agglomération,Hors intersection,Normale,Sans collision,,,,,,,,,,,3,1,1,1.0,7.0
201700002560,0017-01-07 05:45:00,17,1,7,5,45,730,227,RD91A  PR 06+230,45.42993,6.62575,Nuit sans éclairage public,Hors agglomération,Hors intersection,Normale,Deux véhicules - frontale,,,,,,,,,,,3,1,1,1.0,1.0
201700002561,0017-04-18 12:21:00,17,4,18,12,21,730,15,D90,45.423,6.55587,Plein jour,Hors agglomération,Hors intersection,Normale,Sans collision,,,,,,,,,,,1,1,1,1.0,7.0
201700002562,0017-06-12 16:00:00,17,6,12,16,0,730,297,RD1090 PR17+650,45.63139,6.32814,Plein jour,Hors agglomération,Hors intersection,Normale,Trois véhicules et plus - collisions multiples,,,,,,,,,,,1,1,1,1.0,5.0
201700002563,0017-07-11 16:52:00,17,7,11,16,52,730,150,résidence pierre de sol.,45.50638,6.70861,Plein jour,En agglomération,Hors intersection,Normale,Autre collision,,,,,,,,,,,1,2,1,1.0,6.0
201700002564,0017-08-03 14:50:00,17,8,3,14,50,730,150,D221 Route accès station,45.54676,6.67147,Plein jour,Hors agglomération,Hors intersection,Normale,Deux véhicules - côté,,,,,,,,,,,1,1,1,1.0,3.0
201700002565,0017-08-16 17:30:00,17,8,16,17,30,730,303,rd 1212,45.77758,6.48609,Plein jour,Hors agglomération,Hors intersection,Normale,Deux véhicules - côté,,,,,,,,,,,1,1,1,1.0,3.0
201700002566,0017-08-30 13:53:00,17,8,30,13,53,730,303,D1508,45.76685,6.36624,Plein jour,Hors agglomération,Intersection en Y,Normale,Deux véhicules - frontale,,,,,,,,,,,1,1,4,1.0,1.0
201700002567,0017-03-27 14:00:00,17,3,27,14,0,730,328,Départementale 1201A,45.64811,5.89163,Plein jour,Hors agglomération,Hors intersection,Normale,Deux véhicules - côté,,,,,,,,,,,1,1,1,1.0,3.0
201700002568,0017-05-12 05:45:00,17,5,12,5,45,730,329,D1201 - Voie Rapide Urba,45.62381,5.88964,Crépuscule ou aube,Hors agglomération,Intersection en Y,Normale,Trois véhicules et plus - en chaîne,,,,,,,,,,,2,1,4,1.0,4.0
201700002569,0017-05-28 19:30:00,17,5,28,19,30,730,328,D1201,45.65774,5.8946,Plein jour,Hors agglomération,Hors intersection,Normale,Sans collision,,,,,,,,,,,1,1,1,1.0,7.0
201700002570,0017-06-09 14:45:00,17,6,9,14,45,730,329,RD1201,45.61623,5.884,Plein jour,En agglomération,Hors intersection,Normale,Autre collision,,,,,,,,,,,1,2,1,1.0,6.0
201700002571,0017-11-05 13:20:00,17,11,5,13,20,730,160,départementale 6E,45.54444,5.91497,Plein jour,Hors agglomération,Hors intersection,Pluie légère,Deux véhicules - frontale,,,,,,,,,,,1,1,1,2.0,1.0
201700002572,0017-12-09 02:30:00,17,12,9,2,30,730,329,RD 1201,45.63703,5.89231,Nuit avec éclairage non allumé,Hors agglomération,Hors intersection,Neige / grêle,Autre collision,,,,,,,,,,,4,1,1,4.0,6.0
201700002573,0017-12-13 14:10:00,17,12,13,14,10,730,328,RD 991,45.64278,5.91082,Plein jour,Hors agglomération,Giratoire,Normale,Deux véhicules - côté,,,,,,,,,,,1,1,6,1.0,3.0
201700002574,0017-01-26 22:40:00,17,1,26,22,40,730,243,PR 23+600,45.59362,6.0062,Nuit sans éclairage public,Hors agglomération,Hors intersection,Normale,Deux véhicules - frontale,,,,,,,,,,,3,1,1,1.0,1.0
201700002575,0017-05-25 18:20:00,17,5,25,18,20,730,243,D912,45.5842,5.98042,Plein jour,Hors agglomération,Hors intersection,Normale,Deux véhicules - côté,,,,,,,,,,,1,1,1,1.0,3.0
201700002576,0017-06-03 19:25:00,17,6,3,19,25,730,213,Rue des Belledonnes,45.55817,5.95834,Plein jour,En agglomération,Intersection en X,Normale,Deux véhicules - côté,,,,,,,,,,,1,2,2,1.0,3.0
201700002577,0017-06-10 16:30:00,17,6,10,16,30,730,98,intersection D912 D206A,45.62111,6.00814,Plein jour,Hors agglomération,Intersection en T,Normale,Deux véhicules - frontale,,,,,,,,,,,1,1,3,1.0,1.0
201700002578,0017-07-23 22:30:00,17,7,23,22,30,730,64,680 route de Saint baldo,45.54149,5.9689,Nuit sans éclairage public,Hors agglomération,Hors intersection,Normale,Autre collision,,,,,,,,,,,3,1,1,1.0,6.0
201700002579,0017-10-06 14:44:00,17,10,6,14,44,730,213,route d'Appremont,45.55362,5.95424,Plein jour,En agglomération,Passage à niveau,Normale,Deux véhicules - frontale,,,,,,,,,,,1,2,8,1.0,1.0
201700002580,0017-10-13 21:00:00,17,10,13,21,0,730,213,route d'Apremont,45.54833,5.95684,Nuit avec éclairage allumé,Hors agglomération,Intersection en T,Normale,Deux véhicules - côté,,,,,,,,,,,5,1,3,1.0,3.0
201700002581,0017-11-30 21:40:00,17,11,30,21,40,730,64,RD 1006,45.55185,5.98187,Nuit avec éclairage allumé,En agglomération,Hors intersection,Pluie légère,Deux véhicules - arrière,,,,,,,,,,,5,2,1,2.0,2.0
201700002582,0017-12-14 07:50:00,17,12,14,7,50,730,213,RD 1006 - Route de Chall,45.57103,5.95242,Crépuscule ou aube,En agglomération,Intersection en T,Pluie légère,Deux véhicules - côté,,,,,,,,,,,2,2,3,2.0,3.0
201700002583,0017-03-31 17:50:00,17,3,31,17,50,730,139,belleville,45.6617,6.17716,Plein jour,Hors agglomération,Intersection en X,Normale,Autre collision,,,,,,,,,,,1,1,2,1.0,6.0
201700002584,0017-06-09 10:45:00,17,6,9,10,45,730,50,RD914,45.68928,5.85413,Plein jour,Hors agglomération,Hors intersection,Normale,Deux véhicules - frontale,,,,,,,,,,,1,1,1,1.0,1.0
201700002585,0017-06-29 19:00:00,17,6,29,19,0,730,179,avenue René CASSIN,45.59039,5.88831,Plein jour,En agglomération,Intersection en T,Pluie forte,Autre collision,,,,,,,,,,,1,2,3,3.0,6.0
201700002586,0017-09-23 17:15:00,17,9,23,17,15,730,179,Route du Col de l'Epine,45.58265,5.8259,Plein jour,Hors agglomération,Hors intersection,Normale,Sans collision,,,,,,,,,,,1,1,1,1.0,7.0
201700002587,0017-12-27 04:00:00,17,12,27,4,0,730,50,Route du tunnel,45.68506,5.85173,Nuit avec éclairage allumé,Hors agglomération,Hors intersection,Pluie légère,Autre collision,,,,,,,,,,,5,1,1,2.0,6.0
201700002588,0017-02-16 17:00:00,17,2,16,17,0,730,89,D204,45.50634,6.11141,Plein jour,Hors agglomération,Hors intersection,Normale,Deux véhicules - frontale,,,,,,,,,,,1,1,1,1.0,1.0
201700002589,0017-04-07 20:09:00,17,4,7,20,9,730,75,rd 202,45.45169,6.05999,Plein jour,Hors agglomération,Hors intersection,Normale,Deux véhicules - frontale,,,,,,,,,,,1,1,1,1.0,1.0
201700002590,0017-05-07 11:30:00,17,5,7,11,30,730,68,RD1090,45.56398,6.2027,Plein jour,Hors agglomération,Hors intersection,Pluie légère,Autre collision,,,,,,,,,,,1,1,1,2.0,6.0
201700002591,0017-05-15 15:10:00,17,5,15,15,10,730,99,RD925,45.4478,6.09607,Plein jour,En agglomération,Intersection en T,Temps éblouissant,Deux véhicules - côté,,,,,,,,,,,1,2,3,7.0,3.0
201700002592,0017-08-20 09:50:00,17,8,20,9,50,730,215,avenue Maurice Franck,45.45171,6.11925,Plein jour,En agglomération,Intersection en X,Normale,Deux véhicules - côté,,,,,,,,,,,1,2,2,1.0,3.0
201700002593,0017-11-20 08:15:00,17,11,20,8,15,730,89,D 1006,45.53992,6.13416,Nuit sans éclairage public,Hors agglomération,Hors intersection,Brouillard / fumée,Autre collision,,,,,,,,,,,3,1,1,5.0,6.0
201700002594,0017-03-05 02:30:00,17,3,5,2,30,730,150,Les charmettes RD221,45.53504,6.67136,Nuit sans éclairage public,Hors agglomération,Hors intersection,Neige / grêle,Autre collision,,,,,,,,,,,3,1,1,4.0,6.0
201700002595,0017-04-10 14:40:00,17,4,10,14,40,730,142,RD 87,45.55377,6.75051,Plein jour,Hors agglomération,Hors intersection,Normale,Sans collision,,,,,,,,,,,1,1,1,1.0,7.0
201700002596,0017-04-12 07:15:00,17,4,12,7,15,730,6,Route départementale de,45.55893,6.65347,Plein jour,Hors agglomération,Hors intersection,Normale,Deux véhicules - frontale,,,,,,,,,,,1,1,1,1.0,1.0
201700002597,0017-04-23 00:30:00,17,4,23,0,30,730,150,RD 221 - montée de la pl,45.54432,6.66815,Nuit sans éclairage public,Hors agglomération,Hors intersection,Normale,Autre collision,,,,,,,,,,,3,1,1,1.0,6.0
201700002598,0017-06-23 17:15:00,17,6,23,17,15,730,93,RN 90,45.55957,6.6662,Plein jour,Hors agglomération,Hors intersection,Normale,Deux véhicules - frontale,,,,,,,,,,,1,1,1,1.0,1.0
201700002599,0017-06-25 14:00:00,17,6,25,14,0,730,38,RN90,45.56836,6.71415,Plein jour,Hors agglomération,Hors intersection,Normale,Sans collision,,,,,,,,,,,1,1,1,1.0,7.0
201700002600,0017-06-28 18:30:00,17,6,28,18,30,730,6,RN 90 - contournement fa,45.54232,6.61353,Plein jour,Hors agglomération,Hors intersection,Pluie légère,Trois véhicules et plus - collisions multiples,,,,,,,,,,,1,1,1,2.0,5.0
201700002601,0017-07-14 02:30:00,17,7,14,2,30,730,197,RD 226,45.54529,6.76,Nuit sans éclairage public,Hors agglomération,Hors intersection,Normale,Autre collision,,,,,,,,,,,3,1,1,1.0,6.0
201700002602,0017-08-08 08:40:00,17,8,8,8,40,730,38,RN 90 - PR 70+827,45.57335,6.72359,Plein jour,Hors agglomération,Hors intersection,Normale,Deux véhicules - frontale,,,,,,,,,,,1,1,1,1.0,1.0
201700002603,0017-05-07 13:00:00,17,5,7,13,0,730,211,D67,45.71713,6.46143,Plein jour,Hors agglomération,Hors intersection,Pluie légère,Autre collision,,,,,,,,,,,1,1,1,2.0,6.0
201700002604,0017-08-05 10:45:00,17,8,5,10,45,730,34,Route communale du col d,45.688,6.58675,Plein jour,Hors agglomération,Hors intersection,Normale,Deux véhicules - côté,,,,,,,,,,,1,1,1,1.0,3.0
201700002605,0017-09-23 13:45:00,17,9,23,13,45,730,34,Intersection D 70 et 925,45.7143,6.57777,Plein jour,Hors agglomération,Intersection en Y,Normale,Deux véhicules - côté,,,,,,,,,,,1,1,4,1.0,3.0
201700002606,0017-10-07 16:15:00,17,10,7,16,15,730,34,CD 925 - Route du Cormet,45.69124,6.68937,Plein jour,Hors agglomération,Hors intersection,Normale,Deux véhicules - frontale,,,,,,,,,,,1,1,1,1.0,1.0
201700002607,0017-11-27 13:40:00,17,11,27,13,40,730,211,route départementale 925,45.71546,6.46974,Plein jour,Hors agglomération,Hors intersection,Normale,Autre collision,,,,,,,,,,,1,1,1,1.0,6.0
201700002608,0017-01-21 10:00:00,17,1,21,10,0,730,54,avenue du maréchal,45.61184,6.76525,Plein jour,En agglomération,Giratoire,Normale,Autre collision,,,,,,,,,,,1,2,6,1.0,6.0
201700002609,0017-02-05 14:10:00,17,2,5,14,10,730,232,CD 902 - LA THUILE DE ST,45.56723,6.88935,Plein jour,Hors agglomération,Hors intersection,Neige / grêle,Autre collision,,,,,,,,,,,1,1,1,4.0,6.0
201700002610,0017-06-05 13:50:00,17,6,5,13,50,730,285,D 1090,45.6266,6.82052,Plein jour,Hors agglomération,Hors intersection,Normale,Deux véhicules - frontale,,,,,,,,,,,1,1,1,1.0,1.0
201700002611,0017-06-18 14:45:00,17,6,18,14,45,730,54,RD 902 croisement route,45.68519,6.7367,Plein jour,Hors agglomération,Intersection en T,Normale,Autre collision,,,,,,,,,,,1,1,3,1.0,6.0
201700002612,0017-07-01 11:20:00,17,7,1,11,20,730,176,D902,45.60768,6.84479,Plein jour,Hors agglomération,Hors intersection,Temps couvert,Trois véhicules et plus - collisions multiples,,,,,,,,,,,1,1,1,8.0,5.0
201700002613,0017-09-21 18:45:00,17,9,21,18,45,730,285,lieu dit Villard dessous,45.62398,6.80891,Crépuscule ou aube,Hors agglomération,Intersection en X,Normale,Deux véhicules - côté,,,,,,,,,,,2,1,2,1.0,3.0
201700002614,0017-01-13 18:15:00,17,1,13,18,15,730,3,RN 90 PK 47+900,45.49593,6.51564,Nuit sans éclairage public,Hors agglomération,Hors intersection,Neige / grêle,Sans collision,,,,,,,,,,,3,1,1,4.0,7.0
201700002615,0017-01-30 19:00:00,17,1,30,19,0,730,3,GRANDE RUE devant la Mai,45.50093,6.5096,Nuit avec éclairage allumé,En agglomération,Hors intersection,Pluie légère,Autre collision,,,,,,,,,,,5,2,1,2.0,6.0
201700002616,0017-03-06 19:40:00,17,3,6,19,40,730,3,Grande rue,45.50322,6.50727,Nuit avec éclairage allumé,En agglomération,Intersection en Y,Pluie forte,Autre collision,,,,,,,,,,,5,2,4,3.0,6.0
201700002617,0017-03-17 04:00:00,17,3,17,4,0,730,24,LE CORNET,45.45689,6.44274,Nuit sans éclairage public,En agglomération,Hors intersection,Normale,Autre collision,,,,,,,,,,,3,2,1,1.0,6.0
201700002618,0017-04-14 09:00:00,17,4,14,9,0,730,227,"Rue des Grangettes, en f",45.42704,6.64281,Plein jour,En agglomération,Hors intersection,Temps éblouissant,Deux véhicules - frontale,,,,,,,,,,,1,2,1,7.0,1.0
201700002619,0017-04-27 14:45:00,17,4,27,14,45,730,57,D0915,45.45152,6.56236,Plein jour,Hors agglomération,Hors intersection,Pluie légère,Deux véhicules - côté,,,,,,,,,,,1,1,1,2.0,3.0
201700002620,0017-05-18 08:40:00,17,5,18,8,40,730,181,Square de la Liberté,45.48507,6.53112,Plein jour,En agglomération,Place,Normale,Autre collision,,,,,,,,,,,1,2,7,1.0,6.0
201700002621,0017-07-30 07:00:00,17,7,30,7,0,730,112,RN90,45.54612,6.46667,Crépuscule ou aube,Hors agglomération,Hors intersection,Pluie légère,Autre collision,,,,,,,,,,,2,1,1,2.0,6.0
201700002622,0017-07-30 17:00:00,17,7,30,17,0,730,15,route du laitelet,45.37545,6.57192,Plein jour,En agglomération,Hors intersection,Autre,Autre collision,,,,,,,,,,,1,2,1,9.0,6.0
201700002623,0017-08-02 16:00:00,17,8,2,16,0,730,253,RN 90,45.4903,6.54943,Plein jour,Hors agglomération,Hors intersection,Normale,Autre collision,,,,,,,,,,,1,1,1,1.0,6.0
201700002624,0017-08-02 16:20:00,17,8,2,16,20,730,24,La Grange,45.48742,6.46656,Plein jour,Hors agglomération,Intersection en X,Normale,Deux véhicules - côté,,,,,,,,,,,1,1,2,1.0,3.0
201700002625,0017-08-06 16:00:00,17,8,6,16,0,730,227,rue de l'aiguille du fru,45.41283,6.64842,Plein jour,En agglomération,Hors intersection,Normale,Deux véhicules - frontale,,,,,,,,,,,1,2,1,1.0,1.0
201700002626,0017-08-23 11:30:00,17,8,23,11,30,730,3,D97,45.51205,6.48708,Plein jour,En agglomération,Hors intersection,Normale,Autre collision,,,,,,,,,,,1,2,1,1.0,6.0
201700002627,0017-09-12 06:30:00,17,9,12,6,30,730,284,RD 117,45.48051,6.5249,Crépuscule ou aube,Hors agglomération,Hors intersection,Pluie légère,Autre collision,,,,,,,,,,,2,1,1,2.0,6.0
201700002628,0017-09-26 18:25:00,17,9,26,18,25,730,187,D213,45.54788,6.46012,Plein jour,Hors agglomération,Hors intersection,Normale,Sans collision,,,,,,,,,,,1,1,1,1.0,7.0
201700002629,0017-10-06 06:45:00,17,10,6,6,45,730,198,D915,45.44699,6.58708,Nuit sans éclairage public,Hors agglomération,Hors intersection,Normale,Autre collision,,,,,,,,,,,3,1,1,1.0,6.0
201700002630,0017-10-17 16:40:00,17,10,17,16,40,730,112,RN 90,45.57393,6.46291,Plein jour,Hors agglomération,Autre intersection,Normale,Autre collision,,,,,,,,,,,1,1,9,1.0,6.0
201700002631,0017-11-25 07:48:00,17,11,25,7,48,730,284,avenue des thermes,45.46634,6.52693,Crépuscule ou aube,En agglomération,Hors intersection,Pluie légère,Autre collision,,,,,,,,,,,2,2,1,2.0,6.0
201700002632,0017-01-01 10:45:00,17,1,1,10,45,730,203,,45.31109,6.3412,Plein jour,Hors agglomération,Hors intersection,Normale,Deux véhicules - côté,,,,,,,,,,,1,1,1,1.0,3.0
201700002633,0017-01-08 00:35:00,17,1,8,0,35,730,261,avenue du temple,45.22048,6.46012,Nuit avec éclairage allumé,En agglomération,Giratoire,Normale,Autre collision,,,,,,,,,,,5,2,6,1.0,6.0
201700002634,0017-02-01 19:15:00,17,2,1,19,15,730,306,Giratoire D902 / Avenue,45.16424,6.42462,Nuit avec éclairage allumé,En agglomération,Giratoire,Normale,Autre collision,,,,,,,,,,,5,2,6,1.0,6.0
201700002635,0017-03-14 07:45:00,17,3,14,7,45,730,248,Rue Germain Sommeiller,45.27598,6.35459,Plein jour,En agglomération,Hors intersection,Normale,Autre collision,,,,,,,,,,,1,2,1,1.0,6.0
201700002636,0017-04-01 02:00:00,17,4,1,2,0,730,116,D78,45.25182,6.29065,Nuit sans éclairage public,Hors agglomération,Hors intersection,Normale,Sans collision,,,,,,,,,,,3,1,1,1.0,7.0
201700002637,0017-04-10 06:10:00,17,4,10,6,10,730,307,RD902,45.19627,6.4589,Crépuscule ou aube,Hors agglomération,Hors intersection,Normale,Autre collision,,,,,,,,,,,2,1,1,1.0,6.0
201700002638,0017-04-12 15:45:00,17,4,12,15,45,730,248,D110,45.254,6.32343,Plein jour,Hors agglomération,Intersection en T,Normale,Deux véhicules - frontale,,,,,,,,,,,1,1,3,1.0,1.0
201700002639,0017-06-08 16:15:00,17,6,8,16,15,730,116,lieu dit la brevière,45.22521,6.31029,Plein jour,Hors agglomération,Hors intersection,Normale,Sans collision,,,,,,,,,,,1,1,1,1.0,7.0
201700002640,0017-06-10 05:45:00,17,6,10,5,45,730,267,route de Pierre PARRAZ,45.2687,6.33219,Crépuscule ou aube,Hors agglomération,Intersection en Y,Normale,Autre collision,,,,,,,,,,,2,1,4,1.0,6.0
201700002641,0017-06-11 15:30:00,17,6,11,15,30,730,306,Choseaux ville,45.17303,6.43298,Plein jour,Hors agglomération,Intersection en X,Normale,Sans collision,,,,,,,,,,,1,1,2,1.0,7.0
201700002642,0017-06-19 07:45:00,17,6,19,7,45,730,256,D902 - Les petites seign,45.20347,6.4619,Plein jour,Hors agglomération,Hors intersection,Normale,Sans collision,,,,,,,,,,,1,1,1,1.0,7.0
201700002643,0017-06-24 11:00:00,17,6,24,11,0,730,256,RD 902,45.207,6.4595,Plein jour,Hors agglomération,Hors intersection,Normale,Sans collision,,,,,,,,,,,1,1,1,1.0,7.0
201700002644,0017-06-25 14:30:00,17,6,25,14,30,730,116,RD926,45.23144,6.31027,Plein jour,Hors agglomération,Hors intersection,Normale,Sans collision,,,,,,,,,,,1,1,1,1.0,7.0
201700002645,0017-08-03 13:20:00,17,8,3,13,20,730,306,Route départementale 902,45.09919,6.42894,Plein jour,Hors agglomération,Hors intersection,Normale,Autre collision,,,,,,,,,,,1,1,1,1.0,6.0
201700002646,0017-08-05 15:30:00,17,8,5,15,30,730,256,RD 902,45.20992,6.4695,Plein jour,Hors agglomération,Hors intersection,Temps éblouissant,Sans collision,,,,,,,,,,,1,1,1,7.0,7.0
201700002647,0017-09-21 16:00:00,17,9,21,16,0,730,13,lieu dit la saussaz,45.19686,6.33241,Plein jour,Hors agglomération,Hors intersection,Normale,Deux véhicules - côté,,,,,,,,,,,1,1,1,1.0,3.0
201700002648,0017-10-01 19:10:00,17,10,1,19,10,730,138,route de lérard à jarrie,45.28641,6.30491,Crépuscule ou aube,Hors agglomération,Hors intersection,Normale,Autre collision,,,,,,,,,,,2,1,1,1.0,6.0
201700002649,0017-11-15 17:35:00,17,11,15,17,35,730,258,RD1006,45.24215,6.4335,Nuit sans éclairage public,Hors agglomération,Intersection en T,Normale,Deux véhicules - côté,,,,,,,,,,,3,1,3,1.0,3.0
201700002650,0017-11-16 12:15:00,17,11,16,12,15,730,258,d219 - la villette,45.24146,6.45968,Plein jour,En agglomération,Intersection en Y,Normale,Autre collision,,,,,,,,,,,1,2,4,1.0,6.0
201700002651,0017-11-30 12:15:00,17,11,30,12,15,730,138,Plan du four,45.27841,6.31119,Plein jour,Hors agglomération,Hors intersection,Normale,Autre collision,,,,,,,,,,,1,1,1,1.0,6.0
201700002652,0017-12-29 09:25:00,17,12,29,9,25,730,248,41 rue de la libération,45.27783,6.34385,Plein jour,En agglomération,Intersection en T,Normale,Autre collision,,,,,,,,,,,1,2,3,1.0,6.0
201700002653,0017-04-17 17:25:00,17,4,17,17,25,730,23,RD215,45.22265,6.72399,Plein jour,Hors agglomération,Hors intersection,Normale,Sans collision,,,,,,,,,,,1,1,1,1.0,7.0
201700002654,0017-05-20 17:00:00,17,5,20,17,0,730,157,place sommeiller,45.19438,6.66,Plein jour,En agglomération,Hors intersection,Normale,Deux véhicules - côté,,,,,,,,,,,1,2,1,1.0,3.0
201700002655,0017-06-11 13:00:00,17,6,11,13,0,730,23,RD83,45.23598,6.76569,Plein jour,Hors agglomération,Hors intersection,Normale,Sans collision,,,,,,,,,,,1,1,1,1.0,7.0
201700002656,0017-07-05 09:45:00,17,7,5,9,45,730,23,RD1006,45.21672,6.75384,Plein jour,Hors agglomération,Hors intersection,Normale,Deux véhicules - côté,,,,,,,,,,,1,1,1,1.0,3.0
201700002657,0017-07-17 10:25:00,17,7,17,10,25,730,223,RD106,45.20488,6.62982,Plein jour,Hors agglomération,Hors intersection,Normale,Sans collision,,,,,,,,,,,1,1,1,1.0,7.0
201700002658,0017-07-29 12:00:00,17,7,29,12,0,740,290,CHEMIN RURAL DES GRANGES,46.02472,6.90861,Plein jour,Hors agglomération,Hors intersection,Normale,Sans collision,,,,,,,,,,,1,1,1,1.0,7.0
201700002659,0017-03-04 17:30:00,17,3,4,17,30,740,80,centre ville,45.89206,6.43133,Plein jour,En agglomération,Autre intersection,Neige / grêle,Autre collision,,,,,,,,,,,1,2,9,4.0,6.0
201700002660,0017-03-14 15:20:00,17,3,14,15,20,740,160,Col de la Croix Fry,45.87688,6.40516,Plein jour,Hors agglomération,Autre intersection,Normale,Autre collision,,,,,,,,,,,1,1,9,1.0,6.0
201700002661,0017-04-22 12:15:00,17,4,22,12,15,740,280,La Vacherie,45.89894,6.34357,Plein jour,Hors agglomération,Intersection en T,Normale,Deux véhicules - côté,,,,,,,,,,,1,1,3,1.0,3.0
201700002662,0017-05-28 10:50:00,17,5,28,10,50,740,136,Route vallée du bouchet,45.93432,6.4745,Plein jour,Hors agglomération,Hors intersection,Temps éblouissant,Autre collision,,,,,,,,,,,1,1,1,7.0,6.0
201700002663,0017-06-25 16:10:00,17,6,25,16,10,740,3,,45.89848,6.21687,Plein jour,Hors agglomération,Hors intersection,Normale,Autre collision,,,,,,,,,,,1,1,1,1.0,6.0
201700002664,0017-07-06 11:15:00,17,7,6,11,15,740,239,,45.93356,6.41529,Plein jour,Hors agglomération,Hors intersection,Normale,Deux véhicules - frontale,,,,,,,,,,,1,1,1,1.0,1.0
201700002665,0017-08-25 16:45:00,17,8,25,16,45,740,239,,45.92169,6.42892,Plein jour,Hors agglomération,Hors intersection,Normale,Deux véhicules - frontale,,,,,,,,,,,1,1,1,1.0,1.0
201700002666,0017-07-31 12:30:00,17,7,31,12,30,740,80,939 RTE COL DES ARAVIS,45.90606,6.42742,Plein jour,En agglomération,Hors intersection,Normale,Trois véhicules et plus - collisions multiples,,,,,,,,,,,1,2,1,1.0,5.0
201700002667,0017-07-31 21:43:00,17,7,31,21,43,740,280,route d'annecy,45.90606,6.42742,Nuit avec éclairage allumé,En agglomération,Giratoire,Normale,Deux véhicules - frontale,,,,,,,,,,,5,2,6,1.0,1.0
201700002668,0017-08-13 02:25:00,17,8,13,2,25,740,160,3180 route de l'aiguille,45.85522,6.39815,Nuit sans éclairage public,Hors agglomération,Hors intersection,Normale,Autre collision,,,,,,,,,,,3,1,1,1.0,6.0