accident_id,datetime,annee,mois,jour,heure,minute,departement,commune_insee,adresse,latitude,longitude,luminosite,agglomeration,intersection,meteo,collision,nb_vehicules,nb_usagers,nb_indemnes,nb_tues,nb_blesses_hosp,nb_blesses_legers,age_cond_1,age_cond_2,veh_type_cond_1,veh_type_cond_2,lum_code,agg_code,int_code,atm_code,col_code
201700003158,0017-08-24 14:50:00,17,8,24,14,50,670,67,RD 140,48.72465,7.7143,Plein jour,Hors agglomération,Hors intersection,Normale,Deux véhicules - côté,,,,,,,,,,,1,1,1,1.0,3.0
201700003159,0017-02-28 06:30:00,17,2,28,6,30,670,237,Route départementale 468,48.68268,7.84573,Crépuscule ou aube,Hors agglomération,Hors intersection,Normale,Deux véhicules - frontale,,,,,,,,,,,2,1,1,1.0,1.0
201700003160,0017-04-28 08:00:00,17,4,28,8,0,670,205,rue des métiers,48.67214,7.78138,Plein jour,En agglomération,Giratoire,Normale,Deux véhicules - côté,,,,,,,,,,,1,2,6,1.0,3.0
201700003161,0017-08-21 17:15:00,17,8,21,17,15,670,205,Route de La Wantzenau,48.69776,7.78633,Plein jour,En agglomération,Hors intersection,Normale,Deux véhicules - côté,,,,,,,,,,,1,2,1,1.0,3.0
201700003162,0017-10-26 21:45:00,17,10,26,21,45,670,529,RD 94,48.71685,7.83029,Nuit sans éclairage public,Hors agglomération,Hors intersection,Brouillard / fumée,Deux véhicules - frontale,,,,,,,,,,,3,1,1,5.0,1.0
201700003163,0017-02-27 09:00:00,17,2,27,9,0,670,118,Route de Wasselonne,48.58658,7.68309,Plein jour,En agglomération,Hors intersection,Normale,Deux véhicules - côté,,,,,,,,,,,1,2,1,1.0,3.0
201700003164,0017-04-16 16:25:00,17,4,16,16,25,670,226,D1004,48.60375,7.58758,Plein jour,En agglomération,Hors intersection,Normale,Sans collision,,,,,,,,,,,1,2,1,1.0,7.0
201700003165,0017-06-07 18:00:00,17,6,7,18,0,670,350,RD228,48.60823,7.63524,Plein jour,Hors agglomération,Hors intersection,Normale,Deux véhicules - frontale,,,,,,,,,,,1,1,1,1.0,1.0
201700003166,0017-06-13 13:35:00,17,6,13,13,35,670,118,Rue des tulipes,48.58309,7.68877,Plein jour,En agglomération,Hors intersection,Normale,Deux véhicules - côté,,,,,,,,,,,1,2,1,1.0,3.0
201700003167,0017-06-12 07:35:00,17,6,12,7,35,670,551,route d'Oberhausbergen,48.59109,7.67035,Plein jour,Hors agglomération,Hors intersection,Normale,Trois véhicules et plus - collisions multiples,,,,,,,,,,,1,1,1,1.0,5.0
201700003168,0017-06-26 14:20:00,17,6,26,14,20,670,118,Route de WASSELONNE,48.58658,7.68309,Plein jour,Hors agglomération,Hors intersection,Normale,Deux véhicules - côté,,,,,,,,,,,1,1,1,1.0,3.0
201700003169,0017-06-30 19:00:00,17,6,30,19,0,670,226,D1004,48.60368,7.58778,Plein jour,Hors agglomération,Hors intersection,Normale,Deux véhicules - frontale,,,,,,,,,,,1,1,1,1.0,1.0
201700003170,0017-09-01 14:00:00,17,9,1,14,0,670,350,77 rue du Général de Gau,48.58572,7.64686,Plein jour,En agglomération,Hors intersection,Normale,Autre collision,,,,,,,,,,,1,2,1,1.0,6.0
201700003171,0017-09-10 19:00:00,17,9,10,19,0,670,118,78 avenue du général De,48.58106,7.68577,Plein jour,En agglomération,Hors intersection,Normale,Autre collision,,,,,,,,,,,1,2,1,1.0,6.0
201700003172,0017-10-10 07:10:00,17,10,10,7,10,670,551,02 Route de Paris - RD 4,48.5929,7.66899,Nuit avec éclairage allumé,En agglomération,Hors intersection,Normale,Deux véhicules - côté,,,,,,,,,,,5,2,1,1.0,3.0
201700003173,0017-12-06 18:15:00,17,12,6,18,15,670,551,route de Paris,48.59221,7.67143,Nuit avec éclairage allumé,En agglomération,Hors intersection,Temps couvert,Deux véhicules - côté,,,,,,,,,,,5,2,1,8.0,3.0
201700003174,0017-02-27 15:45:00,17,2,27,15,45,670,125,CD1422,48.35693,7.4639,Plein jour,Hors agglomération,Hors intersection,Normale,Deux véhicules - côté,,,,,,,,,,,1,1,1,1.0,3.0
201700003175,0017-03-08 19:00:00,17,3,8,19,0,670,481,départementale 5,48.37482,7.50171,Nuit sans éclairage public,Hors agglomération,Hors intersection,Pluie légère,Deux véhicules - côté,,,,,,,,,,,3,1,1,2.0,3.0
201700003176,0017-03-18 09:35:00,17,3,18,9,35,670,155,route départementale 142,48.41119,7.47209,Plein jour,Hors agglomération,Hors intersection,Pluie légère,Autre collision,,,,,,,,,,,1,1,1,2.0,6.0
201700003177,0017-03-28 18:20:00,17,3,28,18,20,670,10,Route du Hohwald ( RD 42,48.39251,7.3672,Plein jour,Hors agglomération,Hors intersection,Normale,Autre collision,,,,,,,,,,,1,1,1,1.0,6.0
201700003178,0017-05-11 14:10:00,17,5,11,14,10,670,84,CD 1422,48.32125,7.45908,Plein jour,Hors agglomération,Hors intersection,Normale,Deux véhicules - côté,,,,,,,,,,,1,1,1,1.0,3.0
201700003179,0017-05-13 13:30:00,17,5,13,13,30,670,295,cd425,48.39119,7.4467,Plein jour,Hors agglomération,Hors intersection,Normale,Autre collision,,,,,,,,,,,1,1,1,1.0,6.0
201700003180,0017-05-27 11:25:00,17,5,27,11,25,670,10,rue de la commanderie,48.38597,7.41976,Plein jour,En agglomération,Hors intersection,Normale,Deux véhicules - frontale,,,,,,,,,,,1,2,1,1.0,1.0
201700003181,0017-09-29 08:05:00,17,9,29,8,5,670,125,CD 603,48.35571,7.46779,Plein jour,Hors agglomération,Hors intersection,Normale,Deux véhicules - côté,,,,,,,,,,,1,1,1,1.0,3.0
201700003182,0017-11-06 16:25:00,17,11,6,16,25,670,10,D62,48.38908,7.42491,Nuit sans éclairage public,Hors agglomération,Hors intersection,Normale,Autre collision,,,,,,,,,,,3,1,1,1.0,6.0
201700003183,0017-11-16 13:45:00,17,11,16,13,45,670,210,Auberge la ROTHLACH,48.42743,7.31469,Plein jour,Hors agglomération,Hors intersection,Normale,Autre collision,,,,,,,,,,,1,1,1,1.0,6.0
201700003184,0017-01-13 18:00:00,17,1,13,18,0,670,351,60 rue de la paix,48.97203,7.99222,Nuit avec éclairage allumé,En agglomération,Hors intersection,Normale,Autre collision,,,,,,,,,,,5,2,1,1.0,6.0
201700003185,0017-05-10 16:15:00,17,5,10,16,15,670,451,67160,48.98552,8.03205,Plein jour,Hors agglomération,Hors intersection,Normale,Sans collision,,,,,,,,,,,1,1,1,1.0,7.0
201700003186,0017-05-21 15:20:00,17,5,21,15,20,670,544,RD 3,49.0186,7.96202,Plein jour,Hors agglomération,Hors intersection,Normale,Sans collision,,,,,,,,,,,1,1,1,1.0,7.0
201700003187,0017-05-04 16:00:00,17,5,4,16,0,670,544,D3,49.02602,7.97092,Plein jour,Hors agglomération,Hors intersection,Normale,Sans collision,,,,,,,,,,,1,1,1,1.0,7.0
201700003188,0017-05-27 18:45:00,17,5,27,18,45,670,544,D3,49.02602,7.97092,Plein jour,Hors agglomération,Hors intersection,Normale,Sans collision,,,,,,,,,,,1,1,1,1.0,7.0
201700003189,0017-05-26 10:15:00,17,5,26,10,15,670,544,RD 3,49.0186,7.96202,Plein jour,Hors agglomération,Hors intersection,Normale,Sans collision,,,,,,,,,,,1,1,1,1.0,7.0
201700003190,0017-06-11 12:15:00,17,6,11,12,15,670,544,D3 PK25+380,49.02602,7.97092,Plein jour,Hors agglomération,Hors intersection,Normale,Deux véhicules - frontale,,,,,,,,,,,1,1,1,1.0,1.0
201700003191,0017-06-12 10:25:00,17,6,12,10,25,670,544,"D34, PR3",48.99426,7.9786,Plein jour,Hors agglomération,Hors intersection,Normale,Sans collision,,,,,,,,,,,1,1,1,1.0,7.0
201700003192,0017-06-16 16:55:00,17,6,16,16,55,670,479,rue du vignoble,49.01429,7.9321,Plein jour,Hors agglomération,Hors intersection,Normale,Deux véhicules - frontale,,,,,,,,,,,1,1,1,1.0,1.0
201700003193,0017-06-30 15:20:00,17,6,30,15,20,670,544,D3,49.02683,7.89122,Plein jour,Hors agglomération,Hors intersection,Normale,Autre collision,,,,,,,,,,,1,1,1,1.0,6.0
201700003194,0017-07-15 12:45:00,17,7,15,12,45,670,544,Parking Place du Tribuna,49.0186,7.96202,Plein jour,En agglomération,Autre intersection,Normale,Autre collision,,,,,,,,,,,1,2,9,1.0,6.0
201700003195,0017-08-05 15:40:00,17,8,5,15,40,670,74,rue du moulin,49.0012,7.89281,Plein jour,En agglomération,Hors intersection,Normale,Sans collision,,,,,,,,,,,1,2,1,1.0,7.0
201700003196,0017-08-17 04:30:00,17,8,17,4,30,670,544,route départementale 3 a,49.0312,7.95382,Nuit sans éclairage public,Hors agglomération,Hors intersection,Normale,Autre collision,,,,,,,,,,,3,1,1,1.0,6.0
201700003197,0017-08-17 14:10:00,17,8,17,14,10,670,544,CD 264,49.02237,7.94368,Plein jour,Hors agglomération,Hors intersection,Normale,Sans collision,,,,,,,,,,,1,1,1,1.0,7.0
201700003198,0017-02-22 17:50:00,17,2,22,17,50,670,455,CD 264,48.95074,7.91701,Nuit sans éclairage public,Hors agglomération,Hors intersection,Pluie légère,Deux véhicules - arrière,,,,,,,,,,,3,1,1,2.0,2.0
201700003199,0017-04-02 17:05:00,17,4,2,17,5,670,339,52 rue des Potiers,48.89927,7.89316,Plein jour,En agglomération,Hors intersection,Normale,Sans collision,,,,,,,,,,,1,2,1,1.0,7.0
201700003200,0017-05-11 17:00:00,17,5,11,17,0,670,474,rue docteur deutsch,48.93694,7.88418,Plein jour,En agglomération,Autre intersection,Pluie légère,Autre collision,,,,,,,,,,,1,2,9,2.0,6.0
201700003201,0017-08-18 13:50:00,17,8,18,13,50,670,474,intersection CD 170 et C,48.92919,7.88956,Plein jour,Hors agglomération,Hors intersection,Normale,Trois véhicules et plus - collisions multiples,,,,,,,,,,,1,1,1,1.0,5.0
201700003202,0017-08-17 17:17:00,17,8,17,17,17,670,474,43 RUE DU DOCTEUR DEUTSC,48.94006,7.88482,Plein jour,En agglomération,Hors intersection,Normale,Deux véhicules - arrière,,,,,,,,,,,1,2,1,1.0,2.0
201700003203,0017-08-27 11:00:00,17,8,27,11,0,670,404,161 rue de HATTEN,48.90246,7.95822,Plein jour,En agglomération,Hors intersection,Normale,Autre collision,,,,,,,,,,,1,2,1,1.0,6.0
201700003204,0017-09-26 09:00:00,17,9,26,9,0,670,339,72 rue de l'Industrie,48.89097,7.91809,Plein jour,En agglomération,Hors intersection,Normale,Deux véhicules - côté,,,,,,,,,,,1,2,1,1.0,3.0
201700003205,0017-09-29 19:40:00,17,9,29,19,40,670,184,rue principale,48.90172,7.97777,Nuit avec éclairage allumé,En agglomération,Autre intersection,Normale,Autre collision,,,,,,,,,,,5,2,9,1.0,6.0
201700003206,0017-10-27 20:50:00,17,10,27,20,50,670,487,CD 250,48.91024,7.83585,Nuit sans éclairage public,Hors agglomération,Hors intersection,Normale,Autre collision,,,,,,,,,,,3,1,1,1.0,6.0
201700003207,0017-02-25 14:30:00,17,2,25,14,30,670,303,RD 148 PR 2,48.89011,7.72634,Plein jour,Hors agglomération,Hors intersection,Normale,Autre collision,,,,,,,,,,,1,1,1,1.0,6.0
201700003208,0017-06-23 08:10:00,17,6,23,8,10,670,141,croisement D250  / D149,48.90454,7.70558,Plein jour,Hors agglomération,Hors intersection,Normale,Sans collision,,,,,,,,,,,1,1,1,1.0,7.0
201700003209,0017-06-26 17:05:00,17,6,26,17,5,670,379,1 route de MERKWILLER,48.94092,7.80888,Plein jour,En agglomération,Hors intersection,Normale,Autre collision,,,,,,,,,,,1,2,1,1.0,6.0
201700003210,0017-06-29 14:25:00,17,6,29,14,25,670,550,Rue de froeschwiller,48.93939,7.74236,Plein jour,En agglomération,Hors intersection,Normale,Autre collision,,,,,,,,,,,1,2,1,1.0,6.0
201700003211,0017-07-04 20:20:00,17,7,4,20,20,670,550,RD 27,48.93888,7.7433,Plein jour,En agglomération,Hors intersection,Normale,Deux véhicules - frontale,,,,,,,,,,,1,2,1,1.0,1.0
201700003212,0017-07-12 19:25:00,17,7,12,19,25,670,271,17 ROUTE DE MARIENBRONN,48.96512,7.84137,Plein jour,En agglomération,Hors intersection,Normale,Autre collision,,,,,,,,,,,1,2,1,1.0,6.0
201700003213,0017-08-06 12:00:00,17,8,6,12,0,670,259,"29, rue des montagnes",48.9708,7.73145,Plein jour,En agglomération,Hors intersection,Normale,Autre collision,,,,,,,,,,,1,2,1,1.0,6.0
201700003214,0017-08-19 18:00:00,17,8,19,18,0,670,303,d250,48.91043,7.74958,Plein jour,Hors agglomération,Hors intersection,Normale,Autre collision,,,,,,,,,,,1,1,1,1.0,6.0
201700003215,0017-01-04 16:35:00,17,1,4,16,35,680,226,26 rue De Lattre De  Tas,48.03945,7.14413,Plein jour,En agglomération,Intersection en T,Neige / grêle,Deux véhicules - arrière,,,,,,,,,,,1,2,3,4.0,2.0
201700003216,0017-01-04 17:15:00,17,1,4,17,15,680,223,,48.022,7.07666,Crépuscule ou aube,Hors agglomération,Intersection en T,Neige / grêle,Deux véhicules - côté,,,,,,,,,,,2,1,3,4.0,3.0
201700003217,0017-01-13 21:40:00,17,1,13,21,40,680,226,25 rue Alfred HARTMANN,48.04183,7.14336,Nuit avec éclairage allumé,En agglomération,Intersection en T,Neige / grêle,Autre collision,,,,,,,,,,,5,2,3,4.0,6.0
201700003218,0017-02-16 06:50:00,17,2,16,6,50,680,226,intersection rue d'eschb,48.03699,7.14017,Crépuscule ou aube,En agglomération,Intersection en Y,Normale,Autre collision,,,,,,,,,,,2,2,4,1.0,6.0
201700003219,0017-02-26 16:00:00,17,2,26,16,0,680,51,Route de Munster,48.02702,7.10011,Crépuscule ou aube,En agglomération,Intersection en T,Temps éblouissant,Deux véhicules - frontale,,,,,,,,,,,2,2,3,7.0,1.0
201700003220,0017-04-09 21:50:00,17,4,9,21,50,680,83,33 rue principale,48.02815,7.14591,Nuit avec éclairage allumé,En agglomération,Hors intersection,Normale,Autre collision,,,,,,,,,,,5,2,1,1.0,6.0
201700003221,0017-05-27 13:35:00,17,5,27,13,35,680,226,intersection Rue de la R,48.04099,7.13888,Plein jour,En agglomération,Intersection en X,Normale,Deux véhicules - arrière,,,,,,,,,,,1,2,2,1.0,2.0
201700003222,0017-06-02 10:10:00,17,6,2,10,10,680,329,CD 417,48.06062,7.04233,Plein jour,Hors agglomération,Hors intersection,Normale,Deux véhicules - frontale,,,,,,,,,,,1,1,1,1.0,1.0
201700003223,0017-06-06 12:40:00,17,6,6,12,40,680,226,Intersection rue du badi,48.03988,7.15081,Plein jour,En agglomération,Intersection en T,Normale,Deux véhicules - frontale,,,,,,,,,,,1,2,3,1.0,1.0
201700003224,0017-06-11 15:50:00,17,6,11,15,50,680,316,cd40,48.01322,7.19717,Plein jour,Hors agglomération,Hors intersection,Normale,Deux véhicules - frontale,,,,,,,,,,,1,1,1,1.0,1.0
201700003225,0017-07-07 13:30:00,17,7,7,13,30,680,226,31 rue du 9 ème zouaves,48.04295,7.1286,Plein jour,En agglomération,Hors intersection,Temps éblouissant,Trois véhicules et plus - collisions multiples,,,,,,,,,,,1,2,1,7.0,5.0
201700003226,0017-07-11 17:00:00,17,7,11,17,0,680,226,rue du muhlele,48.0421,7.16743,Plein jour,Hors agglomération,Hors intersection,Normale,Trois véhicules et plus - collisions multiples,,,,,,,,,,,1,1,1,1.0,5.0
201700003227,0017-07-13 00:05:00,17,7,13,0,5,680,204,CD10.6,48.0104,7.05358,Nuit sans éclairage public,Hors agglomération,Hors intersection,Pluie légère,Autre collision,,,,,,,,,,,3,1,1,2.0,6.0
201700003228,0017-07-16 16:15:00,17,7,16,16,15,680,317,route du Wettstein,48.08202,7.11049,Plein jour,Hors agglomération,Hors intersection,Normale,Deux véhicules - côté,,,,,,,,,,,1,1,1,1.0,3.0
201700003229,0017-07-16 16:45:00,17,7,16,16,45,680,329,CD 417,48.05499,7.06062,Plein jour,Hors agglomération,Hors intersection,Normale,Autre collision,,,,,,,,,,,1,1,1,1.0,6.0
201700003230,0017-09-03 20:00:00,17,9,3,20,0,680,193,Rte départementale 10,48.03041,7.10638,Nuit sans éclairage public,Hors agglomération,Hors intersection,Normale,Deux véhicules - arrière,,,,,,,,,,,3,1,1,1.0,2.0
201700003231,0017-09-28 09:45:00,17,9,28,9,45,680,226,12 rue du 9eme zouaves,48.04196,7.13148,Plein jour,En agglomération,Giratoire,Normale,Deux véhicules - côté,,,,,,,,,,,1,2,6,1.0,3.0
201700003232,0017-09-30 22:50:00,17,9,30,22,50,680,51,MUNSTER MOUTONS,48.02704,7.1001,Nuit avec éclairage allumé,En agglomération,Intersection en T,Pluie légère,Autre collision,,,,,,,,,,,5,2,3,2.0,6.0
201700003233,0017-12-06 15:00:00,17,12,6,15,0,680,193,96 rue principale,48.03608,7.11915,Plein jour,En agglomération,Intersection en Y,Temps éblouissant,Trois véhicules et plus - en chaîne,,,,,,,,,,,1,2,4,7.0,4.0
201700003234,0017-12-06 14:00:00,17,12,6,14,0,680,368,05 Route Nationale,48.04761,7.21081,Plein jour,En agglomération,Hors intersection,Normale,Autre collision,,,,,,,,,,,1,2,1,1.0,6.0
201700003235,0017-01-09 09:45:00,17,1,9,9,45,680,352,rue du général beaupuy,48.02932,7.55255,Plein jour,Hors agglomération,Hors intersection,Normale,Sans collision,,,,,,,,,,,1,1,1,1.0,7.0
201700003236,0017-01-10 13:45:00,17,1,10,13,45,680,36,50 rue principale,48.0417,7.53913,Plein jour,En agglomération,Hors intersection,Neige / grêle,Deux véhicules - côté,,,,,,,,,,,1,2,1,4.0,3.0
201700003237,0017-01-13 11:00:00,17,1,13,11,0,680,36,Rd 52,48.03794,7.55877,Plein jour,Hors agglomération,Hors intersection,Normale,Trois véhicules et plus - en chaîne,,,,,,,,,,,1,1,1,1.0,4.0
201700003238,0017-01-18 04:30:00,17,1,18,4,30,680,16,RD 18b,47.93093,7.53023,Nuit sans éclairage public,Hors agglomération,Hors intersection,Normale,Autre collision,,,,,,,,,,,3,1,1,1.0,6.0
201700003239,0017-01-23 03:30:00,17,1,23,3,30,680,379,Route départementale 415,48.02491,7.51598,Nuit sans éclairage public,Hors agglomération,Hors intersection,Normale,Autre collision,,,,,,,,,,,3,1,1,1.0,6.0
201700003240,0017-02-17 15:00:00,17,2,17,15,0,680,352,intersection RD120/ rue,48.01936,7.55224,Plein jour,En agglomération,Intersection en X,Normale,Deux véhicules - côté,,,,,,,,,,,1,2,2,1.0,3.0
201700003241,0017-03-08 15:50:00,17,3,8,15,50,680,231,Route départementale 468,48.01317,7.53315,Plein jour,Hors agglomération,Hors intersection,Vent fort / tempête,Deux véhicules - côté,,,,,,,,,,,1,1,1,6.0,3.0
201700003242,0017-04-12 17:30:00,17,4,12,17,30,680,36,Rue de la gravière,48.05198,7.51965,Plein jour,Hors agglomération,Intersection en T,Normale,Sans collision,,,,,,,,,,,1,1,3,1.0,7.0
201700003243,0017-05-10 23:30:00,17,5,10,23,30,680,352,route départementale 29,48.02733,7.54035,Nuit sans éclairage public,Hors agglomération,Hors intersection,Normale,Autre collision,,,,,,,,,,,3,1,1,1.0,6.0
201700003244,0017-07-27 15:14:00,17,7,27,15,14,680,231,2 rue de  bale,48.01626,7.53097,Plein jour,En agglomération,Intersection en X,Normale,Deux véhicules - côté,,,,,,,,,,,1,2,2,1.0,3.0
201700003245,0017-08-27 16:45:00,17,8,27,16,45,680,351,Rte Départementale 415,48.01978,7.57693,Plein jour,En agglomération,Hors intersection,Normale,Autre collision,,,,,,,,,,,1,2,1,1.0,6.0
201700003246,0017-09-16 17:00:00,17,9,16,17,0,680,352,Intersection allée des s,48.01692,7.53856,Plein jour,En agglomération,Intersection en T,Normale,Deux véhicules - côté,,,,,,,,,,,1,2,3,1.0,3.0
201700003247,0017-12-11 14:45:00,17,12,11,14,45,680,231,route départementale 468,48.01795,7.52819,Plein jour,Hors agglomération,Intersection en X,Temps couvert,Deux véhicules - côté,,,,,,,,,,,1,1,2,8.0,3.0
201700003248,0017-12-22 13:20:00,17,12,22,13,20,680,352,Route Départementale 52,48.02232,7.56608,Plein jour,Hors agglomération,Hors intersection,Normale,Deux véhicules - arrière,,,,,,,,,,,1,1,1,1.0,2.0
201700003249,0017-02-05 06:50:00,17,2,5,6,50,680,296,RD83,48.21797,7.40377,Crépuscule ou aube,Hors agglomération,Hors intersection,Temps couvert,Deux véhicules - arrière,,,,,,,,,,,2,1,1,8.0,2.0
201700003250,0017-02-18 00:15:00,17,2,18,0,15,680,28,RD 42,48.21359,7.33788,Nuit sans éclairage public,Hors agglomération,Hors intersection,Normale,Autre collision,,,,,,,,,,,3,1,1,1.0,6.0
201700003251,0017-03-27 19:30:00,17,3,27,19,30,680,296,RD1B1,48.23612,7.36151,Crépuscule ou aube,Hors agglomération,Hors intersection,Normale,Sans collision,,,,,,,,,,,2,1,1,1.0,7.0
201700003252,0017-04-09 09:30:00,17,4,9,9,30,680,28,RD42,48.22373,7.31399,Plein jour,Hors agglomération,Hors intersection,Normale,Trois véhicules et plus - collisions multiples,,,,,,,,,,,1,1,1,1.0,5.0
201700003253,0017-05-20 15:00:00,17,5,20,15,0,680,296,RD 48.1,48.24417,7.32357,Plein jour,Hors agglomération,Hors intersection,Normale,Autre collision,,,,,,,,,,,1,1,1,1.0,6.0
201700003254,0017-06-12 16:15:00,17,6,12,16,15,680,296,RD1BIS 1,48.23979,7.35957,Plein jour,Hors agglomération,Hors intersection,Normale,Sans collision,,,,,,,,,,,1,1,1,1.0,7.0
201700003255,0017-07-26 14:30:00,17,7,26,14,30,680,269,Rte départementale 416,48.1763,7.43283,Plein jour,Hors agglomération,Hors intersection,Normale,Autre collision,,,,,,,,,,,1,1,1,1.0,6.0
201700003256,0017-08-26 19:55:00,17,8,26,19,55,680,269,Rte départementale 106,48.18911,7.35028,Plein jour,Hors agglomération,Intersection en T,Normale,Deux véhicules - côté,,,,,,,,,,,1,1,3,1.0,3.0
201700003257,0017-09-24 16:00:00,17,9,24,16,0,680,296,Rte départementale 48 I,48.26055,7.29659,Plein jour,Hors agglomération,Hors intersection,Normale,Sans collision,,,,,,,,,,,1,1,1,1.0,7.0
201700003258,0017-10-06 05:20:00,17,10,6,5,20,680,296,Rte départementale 83,48.22287,7.40662,Nuit sans éclairage public,Hors agglomération,Hors intersection,Normale,Autre collision,,,,,,,,,,,3,1,1,1.0,6.0
201700003259,0017-12-02 16:30:00,17,12,2,16,30,680,269,Rte départementale 106,48.18889,7.36015,Crépuscule ou aube,Hors agglomération,Intersection en X,Normale,Deux véhicules - côté,,,,,,,,,,,2,1,2,1.0,3.0
201700003260,0017-02-22 17:50:00,17,2,22,17,50,680,298,83 rue St Louis,48.24495,7.18323,Plein jour,En agglomération,Intersection en T,Normale,Autre collision,,,,,,,,,,,1,2,3,1.0,6.0
201700003261,0017-03-04 13:35:00,17,3,4,13,35,680,185,RN 59 - PK 15 + 700,48.26646,7.30127,Plein jour,Hors agglomération,Hors intersection,Normale,Sans collision,,,,,,,,,,,1,1,1,1.0,7.0
201700003262,0017-03-13 11:45:00,17,3,13,11,45,680,298,56 rue Wilson,48.24772,7.18691,Plein jour,En agglomération,Hors intersection,Normale,Autre collision,,,,,,,,,,,1,2,1,1.0,6.0
201700003263,0017-04-25 16:40:00,17,4,25,16,40,680,298,49 rue Reber,48.28869,7.18946,Plein jour,En agglomération,Giratoire,Pluie légère,Deux véhicules - côté,,,,,,,,,,,1,2,6,2.0,3.0
201700003264,0017-05-05 17:05:00,17,5,5,17,5,680,298,113 rue Wilson,48.24701,7.18555,Plein jour,En agglomération,Hors intersection,Normale,Deux véhicules - arrière,,,,,,,,,,,1,2,1,1.0,2.0
201700003265,0017-05-21 11:30:00,17,5,21,11,30,680,283,Route forestière,48.2946,7.25438,Plein jour,Hors agglomération,Hors intersection,Normale,Autre collision,,,,,,,,,,,1,1,1,1.0,6.0
201700003266,0017-06-07 16:30:00,17,6,7,16,30,680,298,31 rue Reber,48.24873,7.18949,Plein jour,En agglomération,Giratoire,Normale,Deux véhicules - côté,,,,,,,,,,,1,2,6,1.0,3.0
201700003267,0017-06-11 16:15:00,17,6,11,16,15,680,283,RD 48.1,48.29457,7.25552,Plein jour,Hors agglomération,Hors intersection,Normale,Sans collision,,,,,,,,,,,1,1,1,1.0,7.0
201700003268,0017-08-06 16:45:00,17,8,6,16,45,680,298,D48,48.19872,7.12916,Plein jour,Hors agglomération,Hors intersection,Normale,Autre collision,,,,,,,,,,,1,1,1,1.0,6.0
201700003269,0017-08-15 17:05:00,17,8,15,17,5,680,283,Rte départementale 48.1,48.28565,7.2602,Plein jour,Hors agglomération,Hors intersection,Normale,Autre collision,,,,,,,,,,,1,1,1,1.0,6.0
201700003270,0017-10-01 18:10:00,17,10,1,18,10,680,298,Rte départementale 48,48.19492,7.1242,Plein jour,Hors agglomération,Hors intersection,Normale,Sans collision,,,,,,,,,,,1,1,1,1.0,7.0
201700003271,0017-10-05 15:35:00,17,10,5,15,35,680,298,Rte départementale 416,48.24566,7.21818,Plein jour,Hors agglomération,Hors intersection,Pluie légère,Deux véhicules - frontale,,,,,,,,,,,1,1,1,2.0,1.0
201700003272,0017-10-11 17:05:00,17,10,11,17,5,680,298,RD48,48.20117,7.12682,Plein jour,Hors agglomération,Hors intersection,Normale,Sans collision,,,,,,,,,,,1,1,1,1.0,7.0
201700003273,0017-10-24 04:35:00,17,10,24,4,35,680,185,Rte Nationale 59,48.26686,7.29939,Nuit sans éclairage public,Hors agglomération,Hors intersection,Temps couvert,Autre collision,,,,,,,,,,,3,1,1,8.0,6.0
201700003274,0017-11-28 12:30:00,17,11,28,12,30,680,283,82 ROUTE DE LA HINGRIE,48.28686,7.23692,Plein jour,Hors agglomération,Hors intersection,Pluie légère,Autre collision,,,,,,,,,,,1,1,1,2.0,6.0
201700003275,0017-01-01 17:00:00,17,1,1,17,0,680,374,,48.07595,7.25724,Plein jour,Hors agglomération,Intersection en T,Normale,Autre collision,,,,,,,,,,,1,1,3,1.0,6.0
201700003276,0017-01-01 20:00:00,17,1,1,20,0,680,289,RD20.4,47.8309,7.31457,Nuit avec éclairage allumé,En agglomération,Hors intersection,Autre,Trois véhicules et plus - collisions multiples,,,,,,,,,,,5,2,1,9.0,5.0
201700003277,0017-01-02 06:30:00,17,1,2,6,30,680,205,51 rue de la Gare,47.99359,7.34732,Nuit avec éclairage allumé,En agglomération,Hors intersection,Autre,Autre collision,,,,,,,,,,,5,2,1,9.0,6.0
201700003278,0017-01-02 08:00:00,17,1,2,8,0,680,235,,,,Plein jour,Hors agglomération,Hors intersection,Brouillard / fumée,Autre collision,,,,,,,,,,,1,1,1,5.0,6.0
201700003279,0017-01-17 15:45:00,17,1,17,15,45,680,318,RUE DE LA VALLÉE,47.96023,7.2406,Plein jour,En agglomération,Intersection en X,Normale,Autre collision,,,,,,,,,,,1,2,2,1.0,6.0
201700003280,0017-03-02 12:45:00,17,3,2,12,45,680,287,Route du Rhin,47.96137,7.30944,Plein jour,En agglomération,Autre intersection,Normale,Deux véhicules - frontale,,,,,,,,,,,1,2,9,1.0,1.0