accident_id,datetime,annee,mois,jour,heure,minute,departement,commune_insee,adresse,latitude,longitude,luminosite,agglomeration,intersection,meteo,collision,nb_vehicules,nb_usagers,nb_indemnes,nb_tues,nb_blesses_hosp,nb_blesses_legers,age_cond_1,age_cond_2,veh_type_cond_1,veh_type_cond_2,lum_code,agg_code,int_code,atm_code,col_code
201700003281,0017-03-23 04:50:00,17,3,23,4,50,680,287,départementale 83,47.94711,7.29536,Nuit sans éclairage public,Hors agglomération,Hors intersection,Normale,Sans collision,,,,,,,,,,,3,1,1,1.0,7.0
201700003282,0017-03-25 20:00:00,17,3,25,20,0,680,287,"20, rue THIEBAUT WALTER",47.95427,7.2986,Nuit avec éclairage allumé,En agglomération,Hors intersection,Normale,Autre collision,,,,,,,,,,,5,2,1,1.0,6.0
201700003283,0017-04-12 12:00:00,17,4,12,12,0,680,287,Route départementale 83,47.94498,7.28812,Plein jour,Hors agglomération,Intersection en Y,Normale,Autre collision,,,,,,,,,,,1,1,4,1.0,6.0
201700003284,0017-05-13 11:15:00,17,5,13,11,15,680,251,RD 40,48.00153,7.20476,Plein jour,Hors agglomération,Hors intersection,Normale,Deux véhicules - côté,,,,,,,,,,,1,1,1,1.0,3.0
201700003285,0017-06-27 03:00:00,17,6,27,3,0,680,318,20 rue des Vosges,47.97638,7.19406,Nuit avec éclairage allumé,En agglomération,Hors intersection,Normale,Autre collision,,,,,,,,,,,5,2,1,1.0,6.0
201700003286,0017-12-25 17:05:00,17,12,25,17,5,680,318,05 AVENUE NESSEL,47.9679,7.23032,Nuit sans éclairage public,En agglomération,Intersection en T,Normale,Autre collision,,,,,,,,,,,3,2,3,1.0,6.0
201700003287,0017-01-03 07:55:00,17,1,3,7,55,680,154,79 rue des Vosges,47.7789,7.3564,Crépuscule ou aube,En agglomération,Hors intersection,Neige / grêle,Autre collision,,,,,,,,,,,2,2,1,4.0,6.0
201700003288,0017-01-20 10:30:00,17,1,20,10,30,680,154,rue de meyenheim,47.7848,7.3531,Plein jour,En agglomération,Intersection en X,Normale,Deux véhicules - côté,,,,,,,,,,,1,2,2,1.0,3.0
201700003289,0017-01-31 12:05:00,17,1,31,12,5,680,154,2 rue de l'ilot,47.76982,7.38797,Plein jour,En agglomération,Intersection en X,Pluie légère,Deux véhicules - arrière,,,,,,,,,,,1,2,2,2.0,2.0
201700003290,0017-01-31 19:40:00,17,1,31,19,40,680,154,10 rue Pierre Curie,47.76935,7.36025,Nuit avec éclairage allumé,En agglomération,Intersection en X,Pluie forte,Autre collision,,,,,,,,,,,5,2,2,3.0,6.0
201700003291,0017-02-14 17:45:00,17,2,14,17,45,680,154,intersection entre la ru,47.79464,7.34907,Crépuscule ou aube,En agglomération,Giratoire,Normale,Deux véhicules - côté,,,,,,,,,,,2,2,6,1.0,3.0
201700003292,0017-02-28 14:15:00,17,2,28,14,15,680,154,14 rue de Hollande,47.76664,7.3781,Plein jour,En agglomération,Hors intersection,Pluie légère,Deux véhicules - arrière,,,,,,,,,,,1,2,1,2.0,2.0
201700003293,0017-02-28 19:20:00,17,2,28,19,20,680,154,77 RUE DES VOSGES,47.77907,7.34792,Nuit avec éclairage non allumé,En agglomération,Hors intersection,Pluie légère,Autre collision,,,,,,,,,,,4,2,1,2.0,6.0
201700003294,0017-03-25 07:40:00,17,3,25,7,40,680,154,45 rue de Sausheim,47.77399,7.36153,Crépuscule ou aube,En agglomération,Giratoire,Normale,Deux véhicules - côté,,,,,,,,,,,2,2,6,1.0,3.0
201700003295,0017-03-31 08:25:00,17,3,31,8,25,680,154,7 rue de Rixheim,47.77178,7.35627,Crépuscule ou aube,En agglomération,Hors intersection,Normale,Deux véhicules - côté,,,,,,,,,,,2,2,1,1.0,3.0
201700003296,0017-04-07 19:30:00,17,4,7,19,30,680,154,4 rue des Tulipes,47.7636,7.36387,Plein jour,En agglomération,Hors intersection,Normale,Autre collision,,,,,,,,,,,1,2,1,1.0,6.0
201700003297,0017-04-24 17:30:00,17,4,24,17,30,680,154,13 rue des tulipes,47.76508,7.366,Plein jour,En agglomération,Hors intersection,Normale,Deux véhicules - frontale,,,,,,,,,,,1,2,1,1.0,1.0
201700003298,0017-04-26 18:15:00,17,4,26,18,15,680,154,2 Place de la République,47.78132,7.34756,Crépuscule ou aube,En agglomération,Hors intersection,Pluie légère,Autre collision,,,,,,,,,,,2,2,1,2.0,6.0
201700003299,0017-06-19 16:05:00,17,6,19,16,5,680,154,FRIBOURG LONDRES,47.76819,7.38409,Plein jour,En agglomération,Intersection en X,Normale,Deux véhicules - frontale,,,,,,,,,,,1,2,2,1.0,1.0
201700003300,0017-07-16 10:15:00,17,7,16,10,15,680,154,57 rue de Toulouse/10 ru,47.76264,7.34899,Plein jour,En agglomération,Intersection en X,Normale,Deux véhicules - côté,,,,,,,,,,,1,2,2,1.0,3.0
201700003301,0017-07-19 05:15:00,17,7,19,5,15,680,154,13 rue de Sausheim,47.76543,7.35997,Crépuscule ou aube,En agglomération,Intersection en Y,Normale,Deux véhicules - côté,,,,,,,,,,,2,2,4,1.0,3.0
201700003302,0017-09-06 13:10:00,17,9,6,13,10,680,154,14 rue de Berne,47.77212,7.38647,Plein jour,En agglomération,Hors intersection,Normale,Deux véhicules - côté,,,,,,,,,,,1,2,1,1.0,3.0
201700003303,0017-09-29 11:15:00,17,9,29,11,15,680,154,rue de Sausheim/rue du P,47.77272,7.36125,Plein jour,En agglomération,Intersection en T,Normale,Trois véhicules et plus - collisions multiples,,,,,,,,,,,1,2,3,1.0,5.0
201700003304,0017-10-08 10:45:00,17,10,8,10,45,680,154,rue de Sausheim,47.7739,7.36142,Plein jour,En agglomération,Hors intersection,Pluie légère,Autre collision,,,,,,,,,,,1,2,1,2.0,6.0
201700003305,0017-11-25 15:15:00,17,11,25,15,15,680,154,rue des Vosges/rue de Bo,47.77929,7.34249,Plein jour,En agglomération,Intersection en X,Pluie forte,Deux véhicules - côté,,,,,,,,,,,1,2,2,3.0,3.0
201700003306,0017-11-24 18:15:00,17,11,24,18,15,680,154,rue des Vosges,47.7795,7.34546,Nuit avec éclairage allumé,En agglomération,Intersection en X,Pluie légère,Autre collision,,,,,,,,,,,5,2,2,2.0,6.0
201700003307,0017-01-03 14:30:00,17,1,3,14,30,680,72,30 rue du général De Gau,47.69301,7.40317,Plein jour,En agglomération,Intersection en T,Normale,Deux véhicules - arrière,,,,,,,,,,,1,2,3,1.0,2.0
201700003308,0017-02-20 20:00:00,17,2,20,20,0,680,21,9 rue du général de Gaul,47.63569,7.47573,Nuit avec éclairage allumé,En agglomération,Hors intersection,Pluie légère,Deux véhicules - côté,,,,,,,,,,,5,2,1,2.0,3.0
201700003309,0017-03-13 06:25:00,17,3,13,6,25,680,21,rue accès gravières,47.63551,7.49369,Crépuscule ou aube,Hors agglomération,Hors intersection,Normale,Sans collision,,,,,,,,,,,2,1,1,1.0,7.0
201700003310,0017-04-14 00:40:00,17,4,14,0,40,680,327,D21 - PK17 + 500,47.62951,7.42616,Nuit sans éclairage public,Hors agglomération,Hors intersection,Normale,Autre collision,,,,,,,,,,,3,1,1,1.0,6.0
201700003311,0017-04-26 12:20:00,17,4,26,12,20,680,301,RD 201 - PK 49,47.68284,7.42904,Plein jour,Hors agglomération,Hors intersection,Pluie légère,Deux véhicules - frontale,,,,,,,,,,,1,1,1,2.0,1.0
201700003312,0017-05-11 16:20:00,17,5,11,16,20,680,353,RD 19B,47.62938,7.34518,Plein jour,Hors agglomération,Autre intersection,Normale,Autre collision,,,,,,,,,,,1,1,9,1.0,6.0
201700003313,0017-06-19 16:05:00,17,6,19,16,5,680,72,CD 201,47.70828,7.42166,Plein jour,Hors agglomération,Hors intersection,Normale,Autre collision,,,,,,,,,,,1,1,1,1.0,6.0
201700003314,0017-06-26 22:50:00,17,6,26,22,50,680,198,intersection  rue de Clé,47.63217,7.39905,Nuit sans éclairage public,En agglomération,Intersection en Y,Normale,Autre collision,,,,,,,,,,,3,2,4,1.0,6.0
201700003315,0017-07-17 17:05:00,17,7,17,17,5,680,163,1 rue des acacias,47.65955,7.50509,Plein jour,En agglomération,Intersection en X,Normale,Deux véhicules - arrière,,,,,,,,,,,1,2,2,1.0,2.0
201700003316,0017-07-17 20:20:00,17,7,17,20,20,680,132,03 rue principale,47.6044,7.41459,Plein jour,En agglomération,Intersection en X,Normale,Deux véhicules - côté,,,,,,,,,,,1,2,2,1.0,3.0
201700003317,0017-08-14 18:20:00,17,8,14,18,20,680,163,07 rue des Vosges,47.68567,7.50179,Crépuscule ou aube,En agglomération,Intersection en T,Normale,Deux véhicules - côté,,,,,,,,,,,2,2,3,1.0,3.0
201700003318,0017-08-23 18:45:00,17,8,23,18,45,680,21,RTE DEPARTEMENTALE 66,47.62966,7.48896,Plein jour,Hors agglomération,Intersection en T,Normale,Autre collision,,,,,,,,,,,1,1,3,1.0,6.0
201700003319,0017-09-03 11:00:00,17,9,3,11,0,680,163,voie verte 13,47.69793,7.50548,Plein jour,Hors agglomération,Hors intersection,Normale,Sans collision,,,,,,,,,,,1,1,1,1.0,7.0
201700003320,0017-10-27 13:33:00,17,10,27,13,33,680,160,Rte Départementale 21,47.62109,7.43174,Plein jour,Hors agglomération,Hors intersection,Temps couvert,Autre collision,,,,,,,,,,,1,1,1,8.0,6.0
201700003321,0017-11-26 05:30:00,17,11,26,5,30,680,197,Rte départementale 21,47.63906,7.412,Nuit sans éclairage public,Hors agglomération,Hors intersection,Normale,Sans collision,,,,,,,,,,,3,1,1,1.0,7.0
201700003322,0017-12-01 08:30:00,17,12,1,8,30,680,174,Rte départementale 6 bis,47.68227,7.38451,Plein jour,Hors agglomération,Hors intersection,Temps couvert,Autre collision,,,,,,,,,,,1,1,1,8.0,6.0
201700003323,0017-02-02 17:13:00,17,2,2,17,13,680,334,22 Route d'Aspach,47.80256,7.11576,Plein jour,En agglomération,Hors intersection,Normale,Autre collision,,,,,,,,,,,1,2,1,1.0,6.0
201700003324,0017-02-09 13:58:00,17,2,9,13,58,680,372,Rue de la grande armée,47.84213,7.0722,Plein jour,En agglomération,Intersection en T,Normale,Trois véhicules et plus - en chaîne,,,,,,,,,,,1,2,3,1.0,4.0
201700003325,0017-02-14 14:55:00,17,2,14,14,55,680,334,42 Rue Jeanne d'Arc,47.80711,7.10985,Plein jour,En agglomération,Intersection en T,Temps éblouissant,Autre collision,,,,,,,,,,,1,2,3,7.0,6.0
201700003326,0017-02-22 19:45:00,17,2,22,19,45,680,334,Intersection rue de la 1,47.81062,7.1029,Nuit avec éclairage allumé,En agglomération,Intersection en X,Normale,Deux véhicules - côté,,,,,,,,,,,5,2,2,1.0,3.0
201700003327,0017-02-28 08:50:00,17,2,28,8,50,680,334,Place du Bungert,47.81128,7.10508,Plein jour,En agglomération,Place,Pluie légère,Autre collision,,,,,,,,,,,1,2,7,2.0,6.0
201700003328,0017-04-01 14:40:00,17,4,1,14,40,680,348,Carrefour RD35/RD36,47.79463,7.11424,Plein jour,Hors agglomération,Intersection en Y,Normale,Deux véhicules - frontale,,,,,,,,,,,1,1,4,1.0,1.0
201700003329,0017-04-09 18:00:00,17,4,9,18,0,680,334,53 rue Humberger,47.81226,7.09574,Plein jour,En agglomération,Hors intersection,Normale,Autre collision,,,,,,,,,,,1,2,1,1.0,6.0
201700003330,0017-04-08 14:50:00,17,4,8,14,50,680,106,Intersection D431-D13,47.87549,7.12739,Plein jour,Hors agglomération,Intersection en X,Normale,Deux véhicules - côté,,,,,,,,,,,1,1,2,1.0,3.0
201700003331,0017-07-08 08:55:00,17,7,8,8,55,680,40,03 Rue du Rhin,47.82882,7.07997,Plein jour,En agglomération,Intersection en T,Normale,Deux véhicules - côté,,,,,,,,,,,1,2,3,1.0,3.0
201700003332,0017-09-10 16:34:00,17,9,10,16,34,680,372,RTE départementale 431,47.85187,7.08008,Plein jour,Hors agglomération,Hors intersection,Normale,Deux véhicules - côté,,,,,,,,,,,1,1,1,1.0,3.0
201700003333,0017-11-13 12:55:00,17,11,13,12,55,680,372,32 rue de la grande armé,47.84174,7.07257,Plein jour,En agglomération,Hors intersection,Temps couvert,Deux véhicules - frontale,,,,,,,,,,,1,2,1,8.0,1.0
201700003334,0017-12-07 07:15:00,17,12,7,7,15,680,334,74 RN 66,47.81245,7.09589,Nuit avec éclairage allumé,En agglomération,Intersection en X,Normale,Deux véhicules - côté,,,,,,,,,,,5,2,2,1.0,3.0
201700003335,0017-12-13 14:00:00,17,12,13,14,0,680,348,"1, rue Gutenberg",47.80412,7.13546,Plein jour,En agglomération,Intersection en T,Pluie forte,Deux véhicules - côté,,,,,,,,,,,1,2,3,3.0,3.0
201700003336,0017-01-05 16:30:00,17,1,5,16,30,680,63,229 faubourg des Vosges,47.80801,7.13902,Plein jour,En agglomération,Hors intersection,Neige / grêle,Deux véhicules - frontale,,,,,,,,,,,1,2,1,4.0,1.0
201700003337,0017-01-12 12:00:00,17,1,12,12,0,680,63,01 faubourg de BELFORT (,47.8029,7.17613,Plein jour,En agglomération,Intersection en Y,Temps couvert,Deux véhicules - arrière,,,,,,,,,,,1,2,4,8.0,2.0
201700003338,0017-01-26 10:45:00,17,1,26,10,45,680,63,"13, rue de wittelsheim",47.80309,7.17826,Plein jour,En agglomération,Hors intersection,Normale,Deux véhicules - arrière,,,,,,,,,,,1,2,1,1.0,2.0
201700003339,0017-01-27 15:45:00,17,1,27,15,45,680,63,18 Avenue d'Alsace,47.79605,7.16286,Plein jour,En agglomération,Hors intersection,Normale,Deux véhicules - arrière,,,,,,,,,,,1,2,1,1.0,2.0
201700003340,0017-02-03 16:50:00,17,2,3,16,50,680,63,15 faubourg de Belfort,47.79968,7.17465,Plein jour,En agglomération,Hors intersection,Normale,Autre collision,,,,,,,,,,,1,2,1,1.0,6.0
201700003341,0017-02-18 16:00:00,17,2,18,16,0,680,342,RD431,47.82361,7.16347,Plein jour,Hors agglomération,Hors intersection,Normale,Autre collision,,,,,,,,,,,1,1,1,1.0,6.0
201700003342,0017-02-27 16:40:00,17,2,27,16,40,680,63,RN66,47.7899,7.17669,Plein jour,Hors agglomération,Intersection en Y,Normale,Deux véhicules - arrière,,,,,,,,,,,1,1,4,1.0,2.0
201700003343,0017-03-12 18:55:00,17,3,12,18,55,680,342,RD5,47.82266,7.1835,Crépuscule ou aube,Hors agglomération,Hors intersection,Normale,Deux véhicules - frontale,,,,,,,,,,,2,1,1,1.0,1.0
201700003344,0017-03-28 17:10:00,17,3,28,17,10,680,63,embranchement RD83/RN66,47.78898,7.17782,Plein jour,Hors agglomération,Intersection en X,Normale,Deux véhicules - arrière,,,,,,,,,,,1,1,2,1.0,2.0
201700003345,0017-04-14 18:35:00,17,4,14,18,35,680,359,RD431,47.8402,7.15042,Plein jour,Hors agglomération,Hors intersection,Normale,Sans collision,,,,,,,,,,,1,1,1,1.0,7.0
201700003346,0017-05-27 13:05:00,17,5,27,13,5,680,63,RN 66 - giratoire RN 66,47.79195,7.17009,Plein jour,Hors agglomération,Giratoire,Normale,Deux véhicules - côté,,,,,,,,,,,1,1,6,1.0,3.0
201700003347,0017-05-31 16:50:00,17,5,31,16,50,680,63,02 rue de WATTWILLER,47.81035,7.18157,Plein jour,En agglomération,Hors intersection,Normale,Autre collision,,,,,,,,,,,1,2,1,1.0,6.0
201700003348,0017-06-10 03:00:00,17,6,10,3,0,680,63,Route Nationale 66,47.77839,7.20379,Nuit sans éclairage public,Hors agglomération,Hors intersection,Normale,Autre collision,,,,,,,,,,,3,1,1,1.0,6.0
201700003349,0017-07-07 20:00:00,17,7,7,20,0,680,63,"PK30, RN66",47.78301,7.19232,Crépuscule ou aube,Hors agglomération,Hors intersection,Normale,Autre collision,,,,,,,,,,,2,1,1,1.0,6.0
201700003350,0017-07-09 19:15:00,17,7,9,19,15,680,63,05 rue de Soultz,47.81043,7.17881,Plein jour,En agglomération,Intersection en T,Pluie forte,Deux véhicules - frontale,,,,,,,,,,,1,2,3,3.0,1.0
201700003351,0017-09-30 00:40:00,17,9,30,0,40,680,342,Rte départementale 431,47.82918,7.16306,Nuit sans éclairage public,Hors agglomération,Hors intersection,Normale,Autre collision,,,,,,,,,,,3,1,1,1.0,6.0
201700003352,0017-11-14 15:30:00,17,11,14,15,30,680,63,Intersection rue Risler,47.81003,7.17242,Plein jour,En agglomération,Intersection en X,Normale,Autre collision,,,,,,,,,,,1,2,2,1.0,6.0
201700003353,0017-12-08 06:30:00,17,12,8,6,30,680,63,18 Rue de Schweighouse,47.80042,7.1793,Nuit avec éclairage allumé,En agglomération,Passage à niveau,Pluie légère,Deux véhicules - côté,,,,,,,,,,,5,2,8,2.0,3.0
201700003354,0017-01-29 05:30:00,17,1,29,5,30,680,89,46 Grand Rue,47.89531,6.98698,Nuit avec éclairage allumé,En agglomération,Hors intersection,Normale,Autre collision,,,,,,,,,,,5,2,1,1.0,6.0
201700003355,0017-02-17 07:30:00,17,2,17,7,30,680,292,RN 66,47.90253,7.06326,Crépuscule ou aube,Hors agglomération,Hors intersection,Pluie légère,Deux véhicules - côté,,,,,,,,,,,2,1,1,2.0,3.0
201700003356,0017-02-19 13:20:00,17,2,19,13,20,680,171,CD13 BIS,47.92064,6.97049,Plein jour,Hors agglomération,Intersection en Y,Normale,Trois véhicules et plus - collisions multiples,,,,,,,,,,,1,1,4,1.0,5.0
201700003357,0017-02-26 08:10:00,17,2,26,8,10,680,151,11 rue de la Gare,47.88406,6.99444,Plein jour,En agglomération,Intersection en T,Normale,Deux véhicules - côté,,,,,,,,,,,1,2,3,1.0,3.0
201700003358,0017-03-02 16:10:00,17,3,2,16,10,680,217,3 rue de Malmerspach,47.85909,7.04312,Plein jour,En agglomération,Hors intersection,Normale,Autre collision,,,,,,,,,,,1,2,1,1.0,6.0
201700003359,0017-03-10 08:00:00,17,3,10,8,0,680,89,97A Grand Rue,47.89865,6.98108,Plein jour,En agglomération,Hors intersection,Brouillard / fumée,Deux véhicules - arrière,,,,,,,,,,,1,2,1,5.0,2.0
201700003360,0017-03-13 12:00:00,17,3,13,12,0,680,171,grand rue - rue noire,47.92921,6.96555,Plein jour,En agglomération,Intersection en T,Normale,Deux véhicules - côté,,,,,,,,,,,1,2,3,1.0,3.0
201700003361,0017-03-26 15:20:00,17,3,26,15,20,680,292,"RN 66, contournement de",47.90253,7.06326,Plein jour,Hors agglomération,Hors intersection,Normale,Deux véhicules - frontale,,,,,,,,,,,1,1,1,1.0,1.0
201700003362,0017-05-14 11:00:00,17,5,14,11,0,680,89,cd13 bis,47.90058,6.97335,Plein jour,Hors agglomération,Intersection en T,Pluie légère,Deux véhicules - frontale,,,,,,,,,,,1,1,3,2.0,1.0
201700003363,0017-05-14 11:30:00,17,5,14,11,30,680,292,RN 66,47.90253,7.06326,Plein jour,Hors agglomération,Hors intersection,Pluie forte,Deux véhicules - frontale,,,,,,,,,,,1,1,1,3.0,1.0
201700003364,0017-05-21 19:25:00,17,5,21,19,25,680,292,1 Rue de l'Industrie,47.87552,7.02017,Plein jour,En agglomération,Hors intersection,Normale,Deux véhicules - côté,,,,,,,,,,,1,2,1,1.0,3.0
201700003365,0017-06-10 11:15:00,17,6,10,11,15,680,171,33 Grand Rue,47.92897,6.96705,Plein jour,En agglomération,Hors intersection,Normale,Deux véhicules - frontale,,,,,,,,,,,1,2,1,1.0,1.0
201700003366,0017-06-18 11:30:00,17,6,18,11,30,680,247,cd 13 bis,47.91911,6.97112,Plein jour,Hors agglomération,Hors intersection,Normale,Sans collision,,,,,,,,,,,1,1,1,1.0,7.0
201700003367,0017-07-29 00:01:00,17,7,29,0,1,680,151,34 Route Nationale,47.88713,7.00004,Nuit avec éclairage allumé,En agglomération,Giratoire,Normale,Autre collision,,,,,,,,,,,5,2,6,1.0,6.0
201700003368,0017-08-09 17:40:00,17,8,9,17,40,680,292,RN 66,47.86944,7.03576,Plein jour,Hors agglomération,Hors intersection,Normale,Deux véhicules - frontale,,,,,,,,,,,1,1,1,1.0,1.0
201700003369,0017-08-22 16:00:00,17,8,22,16,0,680,247,lieu dit werschmatt,47.91738,6.94885,Plein jour,Hors agglomération,Hors intersection,Normale,Autre collision,,,,,,,,,,,1,1,1,1.0,6.0
201700003370,0017-08-27 10:15:00,17,8,27,10,15,680,247,cd 27 - pk 13+700,47.93292,7.01055,Plein jour,Hors agglomération,Hors intersection,Normale,Deux véhicules - côté,,,,,,,,,,,1,1,1,1.0,3.0
201700003371,0017-09-04 16:55:00,17,9,4,16,55,680,344,RTE NATIONALE 66,47.87798,6.93471,Plein jour,Hors agglomération,Hors intersection,Normale,Sans collision,,,,,,,,,,,1,1,1,1.0,7.0
201700003372,0017-09-10 17:15:00,17,9,10,17,15,680,89,Rte départementale 430,47.92338,7.03428,Plein jour,Hors agglomération,Hors intersection,Normale,Sans collision,,,,,,,,,,,1,1,1,1.0,7.0
201700003373,0017-09-24 15:30:00,17,9,24,15,30,680,171,Rte départementale 27,47.74161,6.97593,Plein jour,Hors agglomération,Hors intersection,Normale,Sans collision,,,,,,,,,,,1,1,1,1.0,7.0
201700003374,0017-10-04 08:40:00,17,10,4,8,40,680,262,22 route nationale,47.883,7.00502,Plein jour,En agglomération,Hors intersection,Normale,Deux véhicules - côté,,,,,,,,,,,1,2,1,1.0,3.0
201700003375,0017-10-15 11:25:00,17,10,15,11,25,680,171,Rte départementale 27,47.94796,6.9639,Plein jour,Hors agglomération,Hors intersection,Normale,Sans collision,,,,,,,,,,,1,1,1,1.0,7.0
201700003376,0017-11-13 17:25:00,17,11,13,17,25,680,171,grand rue,47.92089,6.97043,Crépuscule ou aube,Hors agglomération,Hors intersection,Normale,Deux véhicules - frontale,,,,,,,,,,,2,1,1,1.0,1.0
201700003377,0017-12-08 18:45:00,17,12,8,18,45,680,247,Rte départementale 13 bi,47.91964,6.94572,Nuit sans éclairage public,Hors agglomération,Hors intersection,Neige / grêle,Autre collision,,,,,,,,,,,3,1,1,4.0,6.0
201700003378,0017-12-25 17:45:00,17,12,25,17,45,680,217,69 rue du général de Gau,47.86146,7.04788,Crépuscule ou aube,En agglomération,Hors intersection,Normale,Deux véhicules - frontale,,,,,,,,,,,2,2,1,1.0,1.0
201700003379,0017-02-19 19:40:00,17,2,19,19,40,510,250,D29,49.32207,3.68957,Nuit sans éclairage public,Hors agglomération,Hors intersection,Normale,Autre collision,,,,,,,,,,,3,1,1,1.0,6.0
201700003380,0017-03-10 07:20:00,17,3,10,7,20,510,250,D386,49.29588,3.68312,Crépuscule ou aube,Hors agglomération,Hors intersection,Brouillard / fumée,Deux véhicules - côté,,,,,,,,,,,2,1,1,5.0,3.0
201700003381,0017-04-22 11:30:00,17,4,22,11,30,510,448,D675,49.30129,3.8344,Plein jour,Hors agglomération,Hors intersection,Normale,Autre collision,,,,,,,,,,,1,1,1,1.0,6.0
201700003382,0017-09-03 18:00:00,17,9,3,18,0,510,464,D30,49.32587,3.76665,Plein jour,Hors agglomération,Hors intersection,Normale,Autre collision,,,,,,,,,,,1,1,1,1.0,6.0
201700003383,0017-09-12 06:30:00,17,9,12,6,30,510,308,ROUTE DE BRANSCOURT,49.28366,3.81817,Crépuscule ou aube,En agglomération,Hors intersection,Pluie légère,Deux véhicules - frontale,,,,,,,,,,,2,2,1,2.0,1.0
201700003384,0017-12-16 01:53:00,17,12,16,1,53,510,250,D386,49.2918,3.68272,Nuit sans éclairage public,Hors agglomération,Hors intersection,Normale,Deux véhicules - côté,,,,,,,,,,,3,1,1,1.0,3.0
201700003385,0017-01-03 16:10:00,17,1,3,16,10,80,491,autoroute A.34,49.72056,4.86349,Plein jour,Hors agglomération,Hors intersection,Temps couvert,Autre collision,,,,,,,,,,,1,1,1,8.0,6.0
201700003386,0017-01-03 17:15:00,17,1,3,17,15,80,142,"A34, PK 20+300 VERS CH-M",49.71645,4.87673,Nuit sans éclairage public,Hors agglomération,Hors intersection,Normale,Trois véhicules et plus - en chaîne,,,,,,,,,,,3,1,1,1.0,4.0
201700003387,0017-02-17 21:00:00,17,2,17,21,0,80,53,RD1043 pk: 010.140,49.68534,4.98508,Nuit sans éclairage public,Hors agglomération,Hors intersection,Temps couvert,Autre collision,,,,,,,,,,,3,1,1,8.0,6.0
201700003388,0017-02-20 15:00:00,17,2,20,15,0,80,491,autoroute A.34 PK 21.900,49.73807,4.85701,Plein jour,Hors agglomération,Hors intersection,Pluie légère,Deux véhicules - arrière,,,,,,,,,,,1,1,1,2.0,2.0
201700003389,0017-03-10 05:50:00,17,3,10,5,50,80,488,A34 PK 023.500,49.72546,4.83629,Nuit sans éclairage public,Hors agglomération,Hors intersection,Brouillard / fumée,Deux véhicules - arrière,,,,,,,,,,,3,1,1,5.0,2.0
201700003390,0017-06-09 08:00:00,17,6,9,8,0,80,488,A34 PK23.3,49.72741,4.82018,Plein jour,Hors agglomération,Hors intersection,Pluie forte,Trois véhicules et plus - collisions multiples,,,,,,,,,,,1,1,1,3.0,5.0
201700003391,0017-10-08 18:10:00,17,10,8,18,10,80,488,A.34 Pk 022+850,49.73176,4.8235,Plein jour,Hors agglomération,Hors intersection,Normale,Sans collision,,,,,,,,,,,1,1,1,1.0,7.0
201700003392,0017-11-08 16:25:00,17,11,8,16,25,80,488,PK 024.400  A34 sens SED,49.72741,4.82018,Crépuscule ou aube,Hors agglomération,Hors intersection,Pluie légère,Trois véhicules et plus - en chaîne,,,,,,,,,,,2,1,1,2.0,4.0
201700003393,0017-02-28 07:15:00,17,2,28,7,15,80,328,RD 22,49.81855,4.72415,Crépuscule ou aube,Hors agglomération,Hors intersection,Normale,Autre collision,,,,,,,,,,,2,1,1,1.0,6.0
201700003394,0017-06-25 18:00:00,17,6,25,18,0,80,81,rue de l'Avenir,49.84681,4.76913,Plein jour,En agglomération,Hors intersection,Normale,Sans collision,,,,,,,,,,,1,2,1,1.0,7.0
201700003395,0017-07-30 19:15:00,17,7,30,19,15,80,81,4 rue Jourdes,49.85611,4.73872,Plein jour,En agglomération,Hors intersection,Normale,Sans collision,,,,,,,,,,,1,2,1,1.0,7.0
201700003396,0017-09-01 19:55:00,17,9,1,19,55,80,81,Rue de la Promenade,49.8545,4.75912,Plein jour,En agglomération,Hors intersection,Normale,Sans collision,,,,,,,,,,,1,2,1,1.0,7.0
201700003397,0017-11-12 18:40:00,17,11,12,18,40,80,316,52-58 route départementa,49.81032,4.79462,Nuit avec éclairage allumé,En agglomération,Intersection en T,Pluie forte,Autre collision,,,,,,,,,,,5,2,3,3.0,6.0
201700003398,0017-12-12 06:55:00,17,12,12,6,55,80,81,38 rue victor Hugo,49.84495,4.77226,Nuit avec éclairage allumé,En agglomération,Hors intersection,Normale,Sans collision,,,,,,,,,,,5,2,1,1.0,7.0
201700003399,0017-01-02 12:30:00,17,1,2,12,30,100,206,,48.429,4.264,Plein jour,Hors agglomération,Hors intersection,Normale,Deux véhicules - frontale,,,,,,,,,,,1,1,1,1.0,1.0
201700003400,0017-01-01 07:30:00,17,1,1,7,30,100,96,,48.232,3.847,Crépuscule ou aube,Hors agglomération,Hors intersection,Brouillard / fumée,Sans collision,,,,,,,,,,,2,1,1,5.0,7.0