accident_id,datetime,annee,mois,jour,heure,minute,departement,commune_insee,adresse,latitude,longitude,luminosite,agglomeration,intersection,meteo,collision,nb_vehicules,nb_usagers,nb_indemnes,nb_tues,nb_blesses_hosp,nb_blesses_legers,age_cond_1,age_cond_2,veh_type_cond_1,veh_type_cond_2,lum_code,agg_code,int_code,atm_code,col_code
201700003525,0017-03-14 17:40:00,17,3,14,17,40,710,491,D982,46.41028,4.03486,Plein jour,En agglomération,Hors intersection,Normale,Autre collision,,,,,,,,,,,1,2,1,1.0,6.0
201700003526,0017-03-23 14:50:00,17,3,23,14,50,710,439,la fin,,,Plein jour,Hors agglomération,Hors intersection,Pluie forte,Deux véhicules - frontale,,,,,,,,,,,1,1,1,3.0,1.0
201700003527,0017-06-01 15:15:00,17,6,1,15,15,710,590,PK 1930 RN 79,46.46576,4.15337,Plein jour,Hors agglomération,Hors intersection,Normale,Trois véhicules et plus - en chaîne,,,,,,,,,,,1,1,1,1.0,4.0
201700003528,0017-07-15 19:05:00,17,7,15,19,5,710,331,Lieu dit Collange,46.40301,4.16578,Plein jour,Hors agglomération,Hors intersection,Normale,Sans collision,,,,,,,,,,,1,1,1,1.0,7.0
201700003529,0017-07-28 18:40:00,17,7,28,18,40,710,232,RCEA,46.43691,4.17196,Crépuscule ou aube,Hors agglomération,Hors intersection,Normale,Trois véhicules et plus - en chaîne,,,,,,,,,,,2,1,1,1.0,4.0
201700003530,0017-01-16 15:00:00,17,1,16,15,0,890,37,autoroute A6 - sens Lyon,47.91739,3.28802,Plein jour,Hors agglomération,Hors intersection,Normale,Deux véhicules - arrière,,,,,,,,,,,1,1,1,1.0,2.0
201700003531,0017-02-15 23:00:00,17,2,15,23,0,890,366,A6 - PK 130+650,47.92704,3.27113,Nuit sans éclairage public,Hors agglomération,Hors intersection,Normale,Deux véhicules - arrière,,,,,,,,,,,3,1,1,1.0,2.0
201700003532,0017-03-01 08:25:00,17,3,1,8,25,890,263,Autoroute A6 pk 153+670,47.85551,3.5484,Plein jour,Hors agglomération,Hors intersection,Normale,Deux véhicules - arrière,,,,,,,,,,,1,1,1,1.0,2.0
201700003533,0017-04-20 17:00:00,17,4,20,17,0,890,13,autoroute A6 - PK152+700,47.85974,3.53688,Plein jour,Hors agglomération,Hors intersection,Normale,Sans collision,,,,,,,,,,,1,1,1,1.0,7.0
201700003534,0017-05-20 15:00:00,17,5,20,15,0,890,438,A6- PK 166+700,47.79252,3.66714,Plein jour,Hors agglomération,Hors intersection,Normale,Autre collision,,,,,,,,,,,1,1,1,1.0,6.0
201700003535,0017-06-07 14:20:00,17,6,7,14,20,890,263,A6 pk 154+050,47.8552,3.55328,Plein jour,Hors agglomération,Hors intersection,Normale,Autre collision,,,,,,,,,,,1,1,1,1.0,6.0
201700003536,0017-06-24 07:00:00,17,6,24,7,0,890,13,A6 pk 152+400,47.86155,3.53349,Plein jour,Hors agglomération,Hors intersection,Normale,Autre collision,,,,,,,,,,,1,1,1,1.0,6.0
201700003537,0017-06-30 10:20:00,17,6,30,10,20,890,167,A6 - PK 144+400 - sens P,47.88216,3.4337,Plein jour,Hors agglomération,Hors intersection,Pluie légère,Deux véhicules - arrière,,,,,,,,,,,1,1,1,2.0,2.0
201700003538,0017-07-22 23:30:00,17,7,22,23,30,890,24,A6,47.83428,3.62051,Nuit sans éclairage public,Hors agglomération,Hors intersection,Normale,Deux véhicules - arrière,,,,,,,,,,,3,1,1,1.0,2.0
201700003539,0017-08-31 17:00:00,17,8,31,17,0,890,313,AUTOROUTE A6 - AIRE DE L,47.97218,3.20104,Plein jour,Hors agglomération,Hors intersection,Normale,Autre collision,,,,,,,,,,,1,1,1,1.0,6.0
201700003540,0017-09-30 01:05:00,17,9,30,1,5,890,388,autoroute A6 - PK 126.90,47.94843,3.23407,Nuit sans éclairage public,Hors agglomération,Hors intersection,Normale,Autre collision,,,,,,,,,,,3,1,1,1.0,6.0
201700003541,0017-10-11 17:00:00,17,10,11,17,0,890,108,A6 - PK 172+420 - SENS P,47.76481,3.72901,Plein jour,Hors agglomération,Hors intersection,Normale,Sans collision,,,,,,,,,,,1,1,1,1.0,7.0
201700003542,0017-01-13 04:10:00,17,1,13,4,10,890,255,a5,48.32406,3.22832,Nuit sans éclairage public,Hors agglomération,Hors intersection,Pluie légère,Autre collision,,,,,,,,,,,3,1,1,2.0,6.0
201700003543,0017-01-31 21:00:00,17,1,31,21,0,890,466,PK 013.350 - A 19,48.18559,3.18073,Nuit sans éclairage public,Hors agglomération,Hors intersection,Brouillard / fumée,Deux véhicules - côté,,,,,,,,,,,3,1,1,5.0,3.0
201700003544,0017-04-08 01:45:00,17,4,8,1,45,890,255,A5 PK 057+700 sens PARIS,48.31312,3.24176,Nuit sans éclairage public,Hors agglomération,Hors intersection,Normale,Autre collision,,,,,,,,,,,3,1,1,1.0,6.0
201700003545,0017-05-02 14:40:00,17,5,2,14,40,890,380,"Autoroute A6, PK 107+500",48.07609,3.06278,Plein jour,Hors agglomération,Hors intersection,Normale,Sans collision,,,,,,,,,,,1,1,1,1.0,7.0
201700003546,0017-05-14 16:40:00,17,5,14,16,40,890,111,A5,48.23621,3.44439,Plein jour,Hors agglomération,Hors intersection,Normale,Autre collision,,,,,,,,,,,1,1,1,1.0,6.0
201700003547,0017-06-17 23:50:00,17,6,17,23,50,890,380,AUTOROUTE A6,48.07236,3.07026,Nuit sans éclairage public,Hors agglomération,Hors intersection,Normale,Autre collision,,,,,,,,,,,3,1,1,1.0,6.0
201700003548,0017-07-04 03:50:00,17,7,4,3,50,890,399,A5,48.25161,3.33978,Nuit sans éclairage public,Hors agglomération,Hors intersection,Normale,Autre collision,,,,,,,,,,,3,1,1,1.0,6.0
201700003549,0017-07-18 11:45:00,17,7,18,11,45,890,350,A6,48.015,3.14551,Plein jour,Hors agglomération,Hors intersection,Normale,Deux véhicules - arrière,,,,,,,,,,,1,1,1,1.0,2.0
201700003550,0017-07-18 22:40:00,17,7,18,22,40,890,171,AUTOROUTE A5 - PK80+850,48.24441,3.50327,Nuit sans éclairage public,Hors agglomération,Hors intersection,Normale,Autre collision,,,,,,,,,,,3,1,1,1.0,6.0
201700003551,0017-08-18 06:00:00,17,8,18,6,0,890,298,A 19 PK 31+100,48.04807,3.11242,Nuit sans éclairage public,Hors agglomération,Autre intersection,Pluie légère,Autre collision,,,,,,,,,,,3,1,9,2.0,6.0
201700003552,0017-10-12 06:20:00,17,10,12,6,20,890,399,autoroute A5 Pk 068+350,48.24957,3.34266,Nuit sans éclairage public,Hors agglomération,Hors intersection,Normale,Trois véhicules et plus - en chaîne,,,,,,,,,,,3,1,1,1.0,4.0
201700003553,0017-10-13 23:20:00,17,10,13,23,20,890,172,a5,48.23496,3.42146,Nuit sans éclairage public,Hors agglomération,Hors intersection,Normale,Sans collision,,,,,,,,,,,3,1,1,1.0,7.0
201700003554,0017-10-26 22:30:00,17,10,26,22,30,890,171,A5,48.24357,3.49262,Nuit sans éclairage public,Hors agglomération,Hors intersection,Brouillard / fumée,Autre collision,,,,,,,,,,,3,1,1,5.0,6.0
201700003555,0017-11-09 21:40:00,17,11,9,21,40,890,136,A19,48.25367,3.2773,Nuit sans éclairage public,Hors agglomération,Hors intersection,Autre,Autre collision,,,,,,,,,,,3,1,1,9.0,6.0
201700003556,0017-02-19 02:15:00,17,2,19,2,15,890,83,départementale 48,47.83826,3.50018,Nuit sans éclairage public,Hors agglomération,Intersection en T,Brouillard / fumée,Autre collision,,,,,,,,,,,3,1,3,5.0,6.0
201700003557,0017-02-19 18:30:00,17,2,19,18,30,890,102,Rue de la source,47.74298,3.47198,Plein jour,En agglomération,Intersection en X,Normale,Deux véhicules - côté,,,,,,,,,,,1,2,2,1.0,3.0
201700003558,0017-03-31 20:30:00,17,3,31,20,30,890,438,20 rue de laborde,47.81276,3.62056,Nuit avec éclairage allumé,En agglomération,Intersection en X,Pluie légère,Deux véhicules - côté,,,,,,,,,,,5,2,2,2.0,3.0
201700003559,0017-05-07 15:45:00,17,5,7,15,45,890,295,20 ZA les Bréandes,47.81749,3.5589,Plein jour,Hors agglomération,Hors intersection,Normale,Autre collision,,,,,,,,,,,1,1,1,1.0,6.0
201700003560,0017-07-20 07:50:00,17,7,20,7,50,890,337,DÉPARTEMENTALE 62,47.75261,3.674,Plein jour,Hors agglomération,Hors intersection,Normale,Deux véhicules - arrière,,,,,,,,,,,1,1,1,1.0,2.0
201700003561,0017-07-25 12:12:00,17,7,25,12,12,890,102,Départementale 1,47.76026,3.51261,Plein jour,Hors agglomération,Hors intersection,Pluie légère,Deux véhicules - frontale,,,,,,,,,,,1,1,1,2.0,1.0
201700003562,0017-08-03 20:30:00,17,8,3,20,30,890,438,Rue des Trois Soleines,47.80536,3.65969,Plein jour,Hors agglomération,Hors intersection,Normale,Sans collision,,,,,,,,,,,1,1,1,1.0,7.0
201700003563,0017-07-12 11:05:00,17,7,12,11,5,890,83,carrefour D89/D48,47.8199,3.45246,Plein jour,Hors agglomération,Intersection en X,Normale,Deux véhicules - côté,,,,,,,,,,,1,1,2,1.0,3.0
201700003564,0017-10-23 19:30:00,17,10,23,19,30,890,13,route d'auxerre,47.87431,3.53244,Crépuscule ou aube,En agglomération,Hors intersection,Pluie légère,Trois véhicules et plus - en chaîne,,,,,,,,,,,2,2,1,2.0,4.0
201700003565,0017-11-28 10:00:00,17,11,28,10,0,890,263,D 606 pont de pierre,47.84089,3.55117,Plein jour,Hors agglomération,Hors intersection,Pluie légère,Deux véhicules - frontale,,,,,,,,,,,1,1,1,2.0,1.0
201700003566,0017-01-10 20:15:00,17,1,10,20,15,890,75,RD606,47.95913,3.44294,Nuit sans éclairage public,Hors agglomération,Hors intersection,Normale,Autre collision,,,,,,,,,,,3,1,1,1.0,6.0
201700003567,0017-05-27 10:30:00,17,5,27,10,30,890,206,25 RUE ROBERT PETIT,47.97449,3.39477,Plein jour,En agglomération,Intersection en T,Normale,Deux véhicules - côté,,,,,,,,,,,1,2,3,1.0,3.0
201700003568,0017-09-14 20:45:00,17,9,14,20,45,890,206,FAUBOURG DE PARIS (A HAU,47.98677,3.37614,Nuit avec éclairage allumé,En agglomération,Hors intersection,Normale,Sans collision,,,,,,,,,,,5,2,1,1.0,7.0
201700003569,0017-10-31 14:20:00,17,10,31,14,20,890,206,CD606,47.96754,3.39496,Plein jour,Hors agglomération,Hors intersection,Normale,Trois véhicules et plus - collisions multiples,,,,,,,,,,,1,1,1,1.0,5.0
201700003570,0017-11-29 06:00:00,17,11,29,6,0,890,452,D606,48.00963,3.31728,Nuit sans éclairage public,Hors agglomération,Hors intersection,Normale,Deux véhicules - frontale,,,,,,,,,,,3,1,1,1.0,1.0
201700003571,0017-01-17 19:30:00,17,1,17,19,30,890,99,35 Rue Victor Hugo,47.95527,3.54183,Nuit avec éclairage allumé,En agglomération,Hors intersection,Normale,Sans collision,,,,,,,,,,,5,2,1,1.0,7.0
201700003572,0017-03-24 16:20:00,17,3,24,16,20,890,257,route départementale 377,47.95468,3.50482,Crépuscule ou aube,Hors agglomération,Hors intersection,Normale,Trois véhicules et plus - collisions multiples,,,,,,,,,,,2,1,1,1.0,5.0
201700003573,0017-05-22 21:30:00,17,5,22,21,30,890,85,Intersec° D 377 et D606,47.93804,3.50118,Crépuscule ou aube,Hors agglomération,Giratoire,Normale,Sans collision,,,,,,,,,,,2,1,6,1.0,7.0
201700003574,0017-05-25 10:45:00,17,5,25,10,45,890,257,Avenue Jean Jaurès,47.96358,3.51009,Plein jour,En agglomération,Hors intersection,Normale,Deux véhicules - frontale,,,,,,,,,,,1,2,1,1.0,1.0
201700003575,0017-05-25 10:45:00,17,5,25,10,45,890,218,9 rue de la perriere,47.96657,3.4551,Plein jour,Hors agglomération,Intersection en T,Normale,Deux véhicules - côté,,,,,,,,,,,1,1,3,1.0,3.0
201700003576,0017-06-16 04:35:00,17,6,16,4,35,890,218,11 rue Emile TABARANT,47.96417,3.48568,Nuit avec éclairage allumé,En agglomération,Hors intersection,Normale,Autre collision,,,,,,,,,,,5,2,1,1.0,6.0
201700003577,0017-08-04 12:20:00,17,8,4,12,20,890,257,D 943 route de JOIGNY,47.97517,3.53119,Plein jour,Hors agglomération,Hors intersection,Normale,Deux véhicules - côté,,,,,,,,,,,1,1,1,1.0,3.0
201700003578,0017-09-13 15:30:00,17,9,13,15,30,890,29,D606,47.92384,3.51143,Plein jour,Hors agglomération,Hors intersection,Pluie légère,Autre collision,,,,,,,,,,,1,1,1,2.0,6.0
201700003579,0017-09-22 23:35:00,17,9,22,23,35,890,257,D377,47.9386,3.53226,Nuit sans éclairage public,Hors agglomération,Hors intersection,Brouillard / fumée,Autre collision,,,,,,,,,,,3,1,1,5.0,6.0
201700003580,0017-10-09 13:00:00,17,10,9,13,0,890,257,Intersection D943 / D77,47.96644,3.52712,Plein jour,En agglomération,Intersection en X,Normale,Deux véhicules - côté,,,,,,,,,,,1,2,2,1.0,3.0
201700003581,0017-12-21 17:00:00,17,12,21,17,0,890,257,intersection axe D377 -,47.95849,3.50406,Crépuscule ou aube,Hors agglomération,Intersection en T,Temps couvert,Deux véhicules - côté,,,,,,,,,,,2,1,3,8.0,3.0
201700003582,0017-01-16 13:30:00,17,1,16,13,30,250,48,127 grande rue,47.47945,6.7617,Plein jour,En agglomération,Hors intersection,Normale,Deux véhicules - frontale,,,,,,,,,,,1,2,1,1.0,1.0
201700003583,0017-04-25 21:45:00,17,4,25,21,45,250,632,D 126,47.47627,6.75151,Nuit sans éclairage public,Hors agglomération,Hors intersection,Pluie forte,Autre collision,,,,,,,,,,,3,1,1,3.0,6.0
201700003584,0017-06-16 14:05:00,17,6,16,14,5,250,632,53 rue de Dampierre,47.47627,6.75396,Plein jour,En agglomération,Hors intersection,Normale,Autre collision,,,,,,,,,,,1,2,1,1.0,6.0
201700003585,0017-06-24 11:00:00,17,6,24,11,0,250,43,05 Rue du Général de Gau,47.49451,6.77151,Plein jour,En agglomération,Hors intersection,Normale,Deux véhicules - frontale,,,,,,,,,,,1,2,1,1.0,1.0
201700003586,0017-07-20 06:30:00,17,7,20,6,30,250,48,127 grande rue,47.47945,6.76184,Crépuscule ou aube,En agglomération,Hors intersection,Normale,Autre collision,,,,,,,,,,,2,2,1,1.0,6.0
201700003587,0017-10-26 18:05:00,17,10,26,18,5,250,48,40 rue des Vergers,47.48352,6.72394,Plein jour,En agglomération,Hors intersection,Normale,Sans collision,,,,,,,,,,,1,2,1,1.0,7.0
201700003588,0017-11-22 11:05:00,17,11,22,11,5,250,48,1 rue Sous Roches,47.48302,6.74571,Plein jour,En agglomération,Intersection en T,Normale,Deux véhicules - côté,,,,,,,,,,,1,2,3,1.0,3.0
201700003589,0017-02-05 19:50:00,17,2,5,19,50,40,70,BARLES (ROUTE DE),44.1159,6.23342,Nuit sans éclairage public,Hors agglomération,Hors intersection,Temps couvert,Deux véhicules - frontale,,,,,,,,,,,3,1,1,8.0,1.0
201700003590,0017-03-27 15:40:00,17,3,27,15,40,40,70,RN 85 ( route ),,,Plein jour,Hors agglomération,Hors intersection,Normale,Trois véhicules et plus - en chaîne,,,,,,,,,,,1,1,1,1.0,4.0
201700003591,0017-03-31 09:40:00,17,3,31,9,40,40,70,"72-76, NOEL (AV. DU COL.",44.08089,6.19529,Plein jour,En agglomération,Hors intersection,Normale,Autre collision,,,,,,,,,,,1,2,1,1.0,6.0
201700003592,0017-04-04 09:50:00,17,4,4,9,50,40,70,Cond. heurté par son VL,44.07238,6.21217,Plein jour,Hors agglomération,Hors intersection,Normale,Autre collision,,,,,,,,,,,1,1,1,1.0,6.0
201700003593,0017-05-18 16:25:00,17,5,18,16,25,40,70,GAMBETTA (BD),44.0906,6.23103,Plein jour,En agglomération,Hors intersection,Normale,Autre collision,,,,,,,,,,,1,2,1,1.0,6.0
201700003594,0017-07-08 20:30:00,17,7,8,20,30,40,70,"01, BRET (BD MARTIN)",44.094,6.2363,Crépuscule ou aube,En agglomération,Giratoire,Normale,Autre collision,,,,,,,,,,,2,2,6,1.0,6.0
201700003595,0017-07-13 11:55:00,17,7,13,11,55,40,70,DEVANT L'ETAL DES 3 VAL,44.0861,6.21243,Plein jour,En agglomération,Hors intersection,Normale,Deux véhicules - côté,,,,,,,,,,,1,2,1,1.0,3.0
201700003596,0017-07-29 17:40:00,17,7,29,17,40,40,70,"2, HONNORAT (R. AND.)",44.09158,6.23289,Plein jour,En agglomération,Hors intersection,Normale,Deux véhicules - arrière,,,,,,,,,,,1,2,1,1.0,2.0
201700003597,0017-08-06 09:10:00,17,8,6,9,10,40,70,,44.0824,6.17446,Plein jour,En agglomération,Hors intersection,Pluie légère,Autre collision,,,,,,,,,,,1,2,1,2.0,6.0
201700003598,0017-09-04 17:00:00,17,9,4,17,0,40,70,av du col Noel,44.08145,6.19717,Plein jour,En agglomération,Intersection en T,Normale,Deux véhicules - côté,,,,,,,,,,,1,2,3,1.0,3.0
201700003599,0017-10-02 10:05:00,17,10,2,10,5,40,70,34 AV COLONEL NOEL,44.0836,6.2043,Plein jour,En agglomération,Hors intersection,Normale,Autre collision,,,,,,,,,,,1,2,1,1.0,6.0
201700003600,0017-02-02 08:55:00,17,2,2,8,55,390,481,,46.77023,5.93782,Plein jour,Hors agglomération,Hors intersection,Normale,Sans collision,,,,,,,,,,,1,1,1,1.0,7.0
201700003601,0017-02-25 11:15:00,17,2,25,11,15,390,120,,46.66849,5.91892,Plein jour,Hors agglomération,Hors intersection,Normale,Autre collision,,,,,,,,,,,1,1,1,1.0,6.0
201700003602,0017-04-12 18:30:00,17,4,12,18,30,390,183,,46.75166,5.83951,Plein jour,Hors agglomération,Hors intersection,Temps éblouissant,Sans collision,,,,,,,,,,,1,1,1,7.0,7.0
201700003603,0017-04-29 10:45:00,17,4,29,10,45,390,120,,46.65954,5.92972,Plein jour,Hors agglomération,Hors intersection,Normale,Deux véhicules - côté,,,,,,,,,,,1,1,1,1.0,3.0
201700003604,0017-05-11 16:30:00,17,5,11,16,30,390,183,,46.75156,5.8339,Plein jour,Hors agglomération,Hors intersection,Pluie légère,Deux véhicules - frontale,,,,,,,,,,,1,1,1,2.0,1.0
201700003605,0017-05-14 17:40:00,17,5,14,17,40,390,9,Rue Sourde/Rue Creux,46.85287,5.9327,Plein jour,En agglomération,Intersection en X,Normale,Deux véhicules - côté,,,,,,,,,,,1,2,2,1.0,3.0
201700003606,0017-07-30 15:05:00,17,7,30,15,5,390,153,,46.71362,5.92709,Plein jour,Hors agglomération,Hors intersection,Normale,Deux véhicules - frontale,,,,,,,,,,,1,1,1,1.0,1.0
201700003607,0017-08-07 11:00:00,17,8,7,11,0,390,97,Avenue Edouard HERRIOT,46.74915,5.90304,Plein jour,En agglomération,Hors intersection,Temps éblouissant,Autre collision,,,,,,,,,,,1,2,1,7.0,6.0
201700003608,0017-10-13 18:00:00,17,10,13,18,0,390,389,Chemin Sous le Puits,46.73462,5.88481,Plein jour,En agglomération,Hors intersection,Normale,Autre collision,,,,,,,,,,,1,2,1,1.0,6.0
201700003609,0017-10-21 22:30:00,17,10,21,22,30,390,9,,46.85409,5.90899,Nuit sans éclairage public,Hors agglomération,Hors intersection,Pluie légère,Autre collision,,,,,,,,,,,3,1,1,2.0,6.0
201700003610,0017-12-26 21:02:00,17,12,26,21,2,390,517,,46.73408,6.00195,Nuit sans éclairage public,Hors agglomération,Hors intersection,Autre,Autre collision,,,,,,,,,,,3,1,1,9.0,6.0
201700003611,0017-01-28 22:00:00,17,1,28,22,0,40,112,"2088, SAVELS (AV. DES)",43.8107,5.77121,Nuit sans éclairage public,Hors agglomération,Hors intersection,Normale,Deux véhicules - frontale,,,,,,,,,,,3,1,1,1.0,1.0
201700003612,0017-02-15 21:05:00,17,2,15,21,5,40,112,"1132, D 4096",43.8362,5.80246,Nuit avec éclairage allumé,En agglomération,Intersection en T,Normale,Deux véhicules - côté,,,,,,,,,,,5,2,3,1.0,3.0
201700003613,0017-02-22 19:10:00,17,2,22,19,10,40,124,"180, D 4096",43.7603,6.0804,Nuit avec éclairage allumé,En agglomération,Hors intersection,Normale,Sans collision,,,,,,,,,,,5,2,1,1.0,7.0
201700003614,0017-03-10 17:45:00,17,3,10,17,45,40,112,CHEMIN DEPARTEMENTAL 6,43.8324,5.7625,Plein jour,Hors agglomération,Intersection en T,Normale,Deux véhicules - côté,,,,,,,,,,,1,1,3,1.0,3.0
201700003615,0017-04-16 10:10:00,17,4,16,10,10,40,112,751 ALLÉE A. DAUDET,43.8273,5.78162,Plein jour,En agglomération,Hors intersection,Normale,Autre collision,,,,,,,,,,,1,2,1,1.0,6.0
201700003616,0017-04-22 11:00:00,17,4,22,11,0,40,112,"182, CHAR (RUE R.)",43.8305,5.78633,Plein jour,En agglomération,Intersection en T,Normale,Deux véhicules - côté,,,,,,,,,,,1,2,3,1.0,3.0
201700003617,0017-05-04 12:20:00,17,5,4,12,20,40,112,"310, MAJORAL ARNAUD (AV.",43.8306,5.78087,Plein jour,En agglomération,Hors intersection,Normale,Deux véhicules - arrière,,,,,,,,,,,1,2,1,1.0,2.0
201700003618,0017-05-08 16:00:00,17,5,8,16,0,40,112,AV F. MISTRAL,43.8215,5.78739,Plein jour,En agglomération,Autre intersection,Normale,Deux véhicules - côté,,,,,,,,,,,1,2,9,1.0,3.0
201700003619,0017-05-14 00:30:00,17,5,14,0,30,40,112,CH PIMARLET,43.8391,5.80232,Nuit sans éclairage public,En agglomération,Hors intersection,Temps couvert,Autre collision,,,,,,,,,,,3,2,1,8.0,6.0
201700003620,0017-06-10 13:00:00,17,6,10,13,0,40,112,VELO ELECTRIQUE,43.8421,5.78618,Plein jour,En agglomération,Hors intersection,Normale,Sans collision,,,,,,,,,,,1,2,1,1.0,7.0
201700003621,0017-06-12 21:15:00,17,6,12,21,15,40,112,"349, CHEMIN DEPARTEMENTA",43.8313,5.76183,Crépuscule ou aube,Hors agglomération,Hors intersection,Normale,Autre collision,,,,,,,,,,,2,1,1,1.0,6.0
201700003622,0017-06-12 12:05:00,17,6,12,12,5,40,112,"32, BRET (BD. M.)",43.8373,5.78097,Plein jour,En agglomération,Hors intersection,Normale,Autre collision,,,,,,,,,,,1,2,1,1.0,6.0
201700003623,0017-06-08 21:10:00,17,6,8,21,10,40,197,,43.8064,5.78014,Plein jour,Hors agglomération,Hors intersection,Normale,Deux véhicules - frontale,,,,,,,,,,,1,1,1,1.0,1.0
201700003624,0017-07-03 18:45:00,17,7,3,18,45,40,230,,43.8089,5.81459,Plein jour,Hors agglomération,Hors intersection,Normale,Deux véhicules - arrière,,,,,,,,,,,1,1,1,1.0,2.0
201700003625,0017-08-22 19:30:00,17,8,22,19,30,40,230,,43.8078,5.81694,Plein jour,Hors agglomération,Hors intersection,Normale,Autre collision,,,,,,,,,,,1,1,1,1.0,6.0
201700003626,0017-08-25 02:15:00,17,8,25,2,15,40,197,AV F MISTRAL,43.8113,5.78256,Nuit avec éclairage allumé,Hors agglomération,Giratoire,Normale,Autre collision,,,,,,,,,,,5,1,6,1.0,6.0
201700003627,0017-09-29 17:34:00,17,9,29,17,34,40,112,RP LA COLETTE AV JMOULIN,43.8272,5.78137,Plein jour,En agglomération,Giratoire,Normale,Deux véhicules - côté,,,,,,,,,,,1,2,6,1.0,3.0
201700003628,0017-10-17 23:35:00,17,10,17,23,35,40,112,,43.8397,5.77825,Nuit avec éclairage allumé,En agglomération,Hors intersection,Normale,Autre collision,,,,,,,,,,,5,2,1,1.0,6.0
201700003629,0017-10-20 17:30:00,17,10,20,17,30,40,112,,43.8287,5.78586,Plein jour,En agglomération,Intersection en T,Normale,Autre collision,,,,,,,,,,,1,2,3,1.0,6.0
201700003630,0017-11-27 11:10:00,17,11,27,11,10,40,112,16 AV JEAN GIONO,43.83,5.78516,Plein jour,En agglomération,Hors intersection,Normale,Autre collision,,,,,,,,,,,1,2,1,1.0,6.0
201700003631,0017-11-30 17:50:00,17,11,30,17,50,40,112,428 AV DE LA LIBERATION,43.819,5.79587,Nuit avec éclairage allumé,En agglomération,Hors intersection,Normale,Deux véhicules - côté,,,,,,,,,,,5,2,1,1.0,3.0
201700003632,0017-12-13 17:35:00,17,12,13,17,35,40,112,144 AV DU PERMIER MAI,43.8213,5.798,Crépuscule ou aube,En agglomération,Hors intersection,Normale,Autre collision,,,,,,,,,,,2,2,1,1.0,6.0
201700003633,0017-12-20 10:55:00,17,12,20,10,55,40,112,VC LE THOR - D907,43.8137,5.80379,Plein jour,Hors agglomération,Intersection en X,Normale,Deux véhicules - côté,,,,,,,,,,,1,1,2,1.0,3.0
201700003634,0017-12-23 18:20:00,17,12,23,18,20,40,112,AU NIVEAU RP GEOMETHANE,43.8433,5.8093,Nuit sans éclairage public,En agglomération,Hors intersection,Normale,Deux véhicules - frontale,,,,,,,,,,,3,2,1,1.0,1.0
201700003635,0017-12-28 15:10:00,17,12,28,15,10,40,112,,43.8305,5.78486,Plein jour,En agglomération,Giratoire,Normale,Autre collision,,,,,,,,,,,1,2,6,1.0,6.0
201700003636,0017-03-05 04:20:00,17,3,5,4,20,700,178,DEPARTEMENTALE 619,47.69632,6.5851,Nuit sans éclairage public,Hors agglomération,Hors intersection,Pluie légère,Sans collision,,,,,,,,,,,3,1,1,2.0,7.0
201700003637,0017-04-22 17:55:00,17,4,22,17,55,700,321,37 rue labarbe,47.66356,6.47871,Plein jour,En agglomération,Hors intersection,Normale,Deux véhicules - côté,,,,,,,,,,,1,2,1,1.0,3.0
201700003638,0017-05-17 19:00:00,17,5,17,19,0,700,46,D486,47.61996,6.43679,Plein jour,Hors agglomération,Intersection en X,Normale,Deux véhicules - côté,,,,,,,,,,,1,1,2,1.0,3.0
201700003639,0017-11-24 11:55:00,17,11,24,11,55,700,416,RN 19,47.66054,6.35741,Plein jour,Hors agglomération,Hors intersection,Normale,Deux véhicules - frontale,,,,,,,,,,,1,1,1,1.0,1.0
201700003640,0017-12-03 20:45:00,17,12,3,20,45,700,262,01 grande rue,47.67017,6.37946,Nuit sans éclairage public,En agglomération,Hors intersection,Normale,Deux véhicules - frontale,,,,,,,,,,,3,2,1,1.0,1.0
201700003641,0017-01-14 13:07:00,17,1,14,13,7,700,124,CD 67,47.37635,5.66311,Plein jour,Hors agglomération,Intersection en T,Normale,Deux véhicules - arrière,,,,,,,,,,,1,1,3,1.0,2.0
201700003642,0017-01-27 18:45:00,17,1,27,18,45,700,26,D70,47.46819,5.60301,Nuit sans éclairage public,Hors agglomération,Hors intersection,Normale,Autre collision,,,,,,,,,,,3,1,1,1.0,6.0
201700003643,0017-02-21 18:00:00,17,2,21,18,0,700,220,RD 70 - PK 0+300,47.39732,5.43859,Nuit sans éclairage public,Hors agglomération,Hors intersection,Temps couvert,Trois véhicules et plus - collisions multiples,,,,,,,,,,,3,1,1,8.0,5.0
201700003644,0017-03-21 13:45:00,17,3,21,13,45,700,505,D475 PK 08+920,47.37726,5.57881,Plein jour,Hors agglomération,Hors intersection,Pluie légère,Sans collision,,,,,,,,,,,1,1,1,2.0,7.0
201700003645,0017-03-30 14:30:00,17,3,30,14,30,700,132,RD67 PK 25.427,47.49425,5.56117,Plein jour,Hors agglomération,Hors intersection,Temps éblouissant,Autre collision,,,,,,,,,,,1,1,1,7.0,6.0
201700003646,0017-06-04 18:30:00,17,6,4,18,30,700,279,place de la République,47.4413,5.59154,Plein jour,En agglomération,Giratoire,Normale,Deux véhicules - côté,,,,,,,,,,,1,2,6,1.0,3.0