accident_id,datetime,annee,mois,jour,heure,minute,departement,commune_insee,adresse,latitude,longitude,luminosite,agglomeration,intersection,meteo,collision,nb_vehicules,nb_usagers,nb_indemnes,nb_tues,nb_blesses_hosp,nb_blesses_legers,age_cond_1,age_cond_2,veh_type_cond_1,veh_type_cond_2,lum_code,agg_code,int_code,atm_code,col_code
201700003647,0017-06-12 16:40:00,17,6,12,16,40,700,26,105 avenue Jean Jaurès,47.4681,5.58127,Plein jour,En agglomération,Intersection en T,Temps éblouissant,Deux véhicules - côté,,,,,,,,,,,1,2,3,7.0,3.0
201700003648,0017-08-13 17:10:00,17,8,13,17,10,700,523,CD 36,47.52893,5.53271,Plein jour,Hors agglomération,Hors intersection,Normale,Sans collision,,,,,,,,,,,1,1,1,1.0,7.0
201700003649,0017-09-29 17:00:00,17,9,29,17,0,700,279,37 avenue de la Libérati,47.43801,5.58939,Plein jour,En agglomération,Hors intersection,Normale,Deux véhicules - côté,,,,,,,,,,,1,2,1,1.0,3.0
201700003650,0017-01-29 00:30:00,17,1,29,0,30,260,332,A 7,,,Nuit sans éclairage public,Hors agglomération,Hors intersection,Pluie légère,Autre collision,,,,,,,,,,,3,1,1,2.0,6.0
201700003651,0017-02-07 16:55:00,17,2,7,16,55,260,332,LES BLACHES,,,Plein jour,Hors agglomération,Hors intersection,Normale,Deux véhicules - arrière,,,,,,,,,,,1,1,1,1.0,2.0
201700003652,0017-02-28 03:00:00,17,2,28,3,0,380,72,"autoroute A7, PK 26+200",45.3141,4.81189,Nuit sans éclairage public,Hors agglomération,Hors intersection,Pluie forte,Autre collision,,,,,,,,,,,3,1,1,3.0,6.0
201700003653,0017-03-11 02:45:00,17,3,11,2,45,260,295,MARNAS,,,Nuit sans éclairage public,Hors agglomération,Hors intersection,Normale,Deux véhicules - côté,,,,,,,,,,,3,1,1,1.0,3.0
201700003654,0017-03-17 21:45:00,17,3,17,21,45,380,19,Autoroute A7 - PK 013.80,45.42442,4.82639,Nuit sans éclairage public,Hors agglomération,Hors intersection,Normale,Deux véhicules - côté,,,,,,,,,,,3,1,1,1.0,3.0
201700003655,0017-05-09 15:00:00,17,5,9,15,0,380,468,RN7,45.33249,4.80527,Plein jour,Hors agglomération,Hors intersection,Normale,Deux véhicules - arrière,,,,,,,,,,,1,1,1,1.0,2.0
201700003656,0017-05-18 16:15:00,17,5,18,16,15,260,332,LES BLACHES,,,Plein jour,Hors agglomération,Hors intersection,Normale,Trois véhicules et plus - collisions multiples,,,,,,,,,,,1,1,1,1.0,5.0
201700003657,0017-05-26 19:40:00,17,5,26,19,40,260,2,A7,,,Plein jour,Hors agglomération,Hors intersection,Normale,Autre collision,,,,,,,,,,,1,1,1,1.0,6.0
201700003658,0017-06-05 18:25:00,17,6,5,18,25,380,336,sens Sud nord,45.47958,4.84401,Plein jour,Hors agglomération,Hors intersection,Normale,Deux véhicules - arrière,,,,,,,,,,,1,1,1,1.0,2.0
201700003659,0017-06-09 18:09:00,17,6,9,18,9,380,87,Avenue Frédéric Mistral,45.5751,4.8079,Plein jour,En agglomération,Autre intersection,Normale,Deux véhicules - côté,,,,,,,,,,,1,2,9,1.0,3.0
201700003660,0017-06-15 03:10:00,17,6,15,3,10,380,72,SUD/NORD,45.31759,4.83136,Nuit sans éclairage public,Hors agglomération,Autre intersection,Normale,Deux véhicules - arrière,,,,,,,,,,,3,1,9,1.0,2.0
201700003661,0017-07-05 05:30:00,17,7,5,5,30,260,2,A 7,,,Nuit sans éclairage public,Hors agglomération,Hors intersection,Normale,Deux véhicules - arrière,,,,,,,,,,,3,1,1,1.0,2.0
201700003662,0017-07-08 09:05:00,17,7,8,9,5,380,468,sens Sud-Nord,45.34888,4.80661,Plein jour,Hors agglomération,Hors intersection,Normale,Autre collision,,,,,,,,,,,1,1,1,1.0,6.0
201700003663,0017-07-19 18:00:00,17,7,19,18,0,380,19,Route des Grenouillères,45.42765,4.8096,Plein jour,En agglomération,Hors intersection,Normale,Deux véhicules - frontale,,,,,,,,,,,1,2,1,1.0,1.0
201700003664,0017-07-25 20:00:00,17,7,25,20,0,260,332,A 7,,,Plein jour,Hors agglomération,Hors intersection,Normale,Deux véhicules - arrière,,,,,,,,,,,1,1,1,1.0,2.0
201700003665,0017-08-19 15:23:00,17,8,19,15,23,380,344,sens sud-nord,45.38295,4.81691,Plein jour,Hors agglomération,Hors intersection,Normale,Deux véhicules - arrière,,,,,,,,,,,1,1,1,1.0,2.0
201700003666,0017-09-20 14:35:00,17,9,20,14,35,260,2,A 7,,,Plein jour,Hors agglomération,Hors intersection,Normale,Autre collision,,,,,,,,,,,1,1,1,1.0,6.0
201700003667,0017-10-20 15:42:00,17,10,20,15,42,260,41,A 7,,,Plein jour,Hors agglomération,Hors intersection,Normale,Trois véhicules et plus - collisions multiples,,,,,,,,,,,1,1,1,1.0,5.0
201700003668,0017-10-27 06:15:00,17,10,27,6,15,380,19,A7 sens N/S,45.42442,4.82639,Nuit sans éclairage public,Hors agglomération,Hors intersection,Normale,Deux véhicules - arrière,,,,,,,,,,,3,1,1,1.0,2.0
201700003669,0017-10-31 16:45:00,17,10,31,16,45,260,332,A7,,,Plein jour,Hors agglomération,Hors intersection,Normale,Autre collision,,,,,,,,,,,1,1,1,1.0,6.0
201700003670,0017-11-19 11:27:00,17,11,19,11,27,380,468,A7 PK 023.000 S/N,45.34213,4.80833,Plein jour,Hors agglomération,Hors intersection,Normale,Deux véhicules - côté,,,,,,,,,,,1,1,1,1.0,3.0
201700003671,0017-11-25 20:09:00,17,11,25,20,9,260,295,A 7,45.1625,4.87683,Nuit sans éclairage public,Hors agglomération,Hors intersection,Normale,Trois véhicules et plus - collisions multiples,,,,,,,,,,,3,1,1,1.0,5.0
201700003672,0017-11-26 16:10:00,17,11,26,16,10,260,295,A 7,45.1625,4.87683,Plein jour,Hors agglomération,Hors intersection,Normale,Deux véhicules - arrière,,,,,,,,,,,1,1,1,1.0,2.0
201700003673,0017-01-03 18:50:00,17,1,3,18,50,260,252,A7,,,Nuit sans éclairage public,Hors agglomération,Hors intersection,Normale,Autre collision,,,,,,,,,,,3,1,1,1.0,6.0
201700003674,0017-01-19 13:03:00,17,1,19,13,3,260,165,A7,,,Plein jour,Hors agglomération,Hors intersection,Normale,Trois véhicules et plus - collisions multiples,,,,,,,,,,,1,1,1,1.0,5.0
201700003675,0017-02-26 09:00:00,17,2,26,9,0,260,250,LES FLOURIS,,,Plein jour,Hors agglomération,Hors intersection,Normale,Autre collision,,,,,,,,,,,1,1,1,1.0,6.0
201700003676,0017-03-09 19:15:00,17,3,9,19,15,260,124,LES CAIRES SUD,,,Nuit sans éclairage public,Hors agglomération,Hors intersection,Normale,Deux véhicules - côté,,,,,,,,,,,3,1,1,1.0,3.0
201700003677,0017-04-21 18:15:00,17,4,21,18,15,260,165,A7,,,Plein jour,Hors agglomération,Hors intersection,Normale,Trois véhicules et plus - en chaîne,,,,,,,,,,,1,1,1,1.0,4.0
201700003678,0017-05-20 16:25:00,17,5,20,16,25,260,72,CHAMBRIERES,,,Plein jour,Hors agglomération,Hors intersection,Normale,Autre collision,,,,,,,,,,,1,1,1,1.0,6.0
201700003679,0017-06-10 11:40:00,17,6,10,11,40,260,362,A7,,,Plein jour,Hors agglomération,Hors intersection,Normale,Trois véhicules et plus - collisions multiples,,,,,,,,,,,1,1,1,1.0,5.0
201700003680,0017-08-09 11:30:00,17,8,9,11,30,260,58,A 7,,,Plein jour,Hors agglomération,Hors intersection,Normale,Autre collision,,,,,,,,,,,1,1,1,1.0,6.0
201700003681,0017-08-13 10:30:00,17,8,13,10,30,260,124,A 7,,,Plein jour,Hors agglomération,Hors intersection,Normale,Deux véhicules - côté,,,,,,,,,,,1,1,1,1.0,3.0
201700003682,0017-09-14 08:25:00,17,9,14,8,25,260,58,A7,,,Plein jour,Hors agglomération,Hors intersection,Normale,Deux véhicules - côté,,,,,,,,,,,1,1,1,1.0,3.0
201700003683,0017-02-10 11:45:00,17,2,10,11,45,130,95,3 Ch.  du Plan de Lorgue,43.54105,5.49673,Plein jour,Hors agglomération,Autre intersection,Normale,Deux véhicules - côté,,,,,,,,,,,1,1,9,1.0,3.0
201700003684,0017-03-27 15:20:00,17,3,27,15,20,130,109,409 Route Cézanne,43.52202,5.48434,Plein jour,En agglomération,Hors intersection,Normale,Deux véhicules - frontale,,,,,,,,,,,1,2,1,1.0,1.0
201700003685,0017-04-13 15:20:00,17,4,13,15,20,130,109,1092-1112 Av. Paul Julli,43.50882,5.49233,Plein jour,En agglomération,Hors intersection,Normale,Autre collision,,,,,,,,,,,1,2,1,1.0,6.0
201700003686,0017-10-16 18:00:00,17,10,16,18,0,130,1,route de  galice,43.52427,5.3789,Plein jour,En agglomération,Intersection en T,Normale,Deux véhicules - côté,,,,,,,,,,,1,2,3,1.0,3.0
201700003687,0017-01-14 09:55:00,17,1,14,9,55,130,41,D7***,43.45018,5.47412,Plein jour,Hors agglomération,Hors intersection,Normale,Deux véhicules - frontale,,,,,,,,,,,1,1,1,1.0,1.0
201700003688,0017-03-07 10:15:00,17,3,7,10,15,130,41,"RD7, Route de valabre",,,Plein jour,Hors agglomération,Hors intersection,Normale,Deux véhicules - frontale,,,,,,,,,,,1,1,1,1.0,1.0
201700003689,0017-03-19 16:35:00,17,3,19,16,35,130,41,D46A,43.45946,5.48933,Plein jour,Hors agglomération,Intersection en X,Normale,Deux véhicules - frontale,,,,,,,,,,,1,1,2,1.0,1.0
201700003690,0017-04-14 18:30:00,17,4,14,18,30,130,41,D46A,43.44574,5.52352,Plein jour,Hors agglomération,Intersection en T,Normale,Trois véhicules et plus - collisions multiples,,,,,,,,,,,1,1,3,1.0,5.0
201700003691,0017-04-17 16:30:00,17,4,17,16,30,130,60,RD6C / RD 58G,43.47055,5.50379,Plein jour,Hors agglomération,Intersection en X,Normale,Deux véhicules - côté,,,,,,,,,,,1,1,2,1.0,3.0
201700003692,0017-04-25 21:00:00,17,4,25,21,0,130,62,"6599, route du Géant",43.42289,5.48923,Nuit sans éclairage public,Hors agglomération,Hors intersection,Normale,Deux véhicules - arrière,,,,,,,,,,,3,1,1,1.0,2.0
201700003693,0017-05-06 22:00:00,17,5,6,22,0,130,60,Chemin de la Guiramande,,,Nuit avec éclairage allumé,En agglomération,Hors intersection,Normale,Autre collision,,,,,,,,,,,5,2,1,1.0,6.0
201700003694,0017-05-11 13:00:00,17,5,11,13,0,130,41,chemin Jean de Bouc,43.46438,5.48731,Plein jour,En agglomération,Hors intersection,Normale,Deux véhicules - arrière,,,,,,,,,,,1,2,1,1.0,2.0
201700003695,0017-05-16 22:45:00,17,5,16,22,45,130,41,chemin*du*Claou,43.4451,5.4866,Nuit avec éclairage allumé,En agglomération,Hors intersection,Normale,Autre collision,,,,,,,,,,,5,2,1,1.0,6.0
201700003696,0017-06-25 10:50:00,17,6,25,10,50,130,60,nationale 7,43.4908,5.50048,Plein jour,Hors agglomération,Hors intersection,Normale,Deux véhicules - côté,,,,,,,,,,,1,1,1,1.0,3.0
201700003697,0017-06-26 08:25:00,17,6,26,8,25,130,41,Bretelle de la plaine,43.45022,5.45156,Plein jour,Hors agglomération,Hors intersection,Normale,Autre collision,,,,,,,,,,,1,1,1,1.0,6.0
201700003698,0017-07-15 08:15:00,17,7,15,8,15,130,41,route de GARDANNE,43.44918,5.44919,Plein jour,En agglomération,Hors intersection,Normale,Autre collision,,,,,,,,,,,1,2,1,1.0,6.0
201700003699,0017-09-29 02:45:00,17,9,29,2,45,130,41,rond point yves morandat,43.45002,5.44843,Nuit avec éclairage allumé,En agglomération,Giratoire,Normale,Deux véhicules - frontale,,,,,,,,,,,5,2,6,1.0,1.0
201700003700,0017-10-09 09:45:00,17,10,9,9,45,130,62,D58,43.42696,5.47508,Crépuscule ou aube,Hors agglomération,Autre intersection,Normale,Deux véhicules - côté,,,,,,,,,,,2,1,9,1.0,3.0
201700003701,0017-10-21 22:35:00,17,10,21,22,35,130,41,BOULEVARD PONT DE PETON,43.4508,5.47664,Nuit avec éclairage allumé,En agglomération,Giratoire,Normale,Deux véhicules - arrière,,,,,,,,,,,5,2,6,1.0,2.0
201700003702,0017-01-17 14:55:00,17,1,17,14,55,130,59,R561,43.64479,5.49673,Plein jour,Hors agglomération,Hors intersection,Normale,Deux véhicules - frontale,,,,,,,,,,,1,1,1,1.0,1.0
201700003703,0017-01-25 06:45:00,17,1,25,6,45,130,74,D96 route de Saint paul,43.64627,5.59344,Nuit avec éclairage allumé,En agglomération,Hors intersection,Neige / grêle,Autre collision,,,,,,,,,,,5,2,1,4.0,6.0
201700003704,0017-01-26 09:10:00,17,1,26,9,10,130,59,RD96***,43.61232,5.50024,Plein jour,Hors agglomération,Hors intersection,Temps couvert,Autre collision,,,,,,,,,,,1,1,1,8.0,6.0
201700003705,0017-03-10 14:25:00,17,3,10,14,25,130,74,CD15***,43.64691,5.56043,Plein jour,Hors agglomération,Autre intersection,Normale,Autre collision,,,,,,,,,,,1,1,9,1.0,6.0
201700003706,0017-03-12 03:30:00,17,3,12,3,30,130,74,Chemin Départemental 96,,,Nuit sans éclairage public,Hors agglomération,Hors intersection,Normale,Autre collision,,,,,,,,,,,3,1,1,1.0,6.0
201700003707,0017-05-14 02:30:00,17,5,14,2,30,130,48,RD 96***,43.65898,5.63438,Nuit sans éclairage public,Hors agglomération,Hors intersection,Normale,Autre collision,,,,,,,,,,,3,1,1,1.0,6.0
201700003708,0017-06-06 23:00:00,17,6,6,23,0,130,48,1615 Chemin des Estrets,43.64536,5.61736,Nuit sans éclairage public,Hors agglomération,Hors intersection,Normale,Autre collision,,,,,,,,,,,3,1,1,1.0,6.0
201700003709,0017-07-24 23:40:00,17,7,24,23,40,130,74,2 Rue Aimé Bernard,43.64606,5.58214,Nuit avec éclairage allumé,En agglomération,Hors intersection,Normale,Deux véhicules - frontale,,,,,,,,,,,5,2,1,1.0,1.0
201700003710,0017-08-07 05:00:00,17,8,7,5,0,130,74,Départementale*96,43.64499,5.5631,Nuit sans éclairage public,Hors agglomération,Hors intersection,Normale,Autre collision,,,,,,,,,,,3,1,1,1.0,6.0
201700003711,0017-09-08 07:20:00,17,9,8,7,20,130,99,D952 - ZAC ROURABEAU,43.6918,5.725,Crépuscule ou aube,Hors agglomération,Autre intersection,Normale,Deux véhicules - côté,,,,,,,,,,,2,1,9,1.0,3.0
201700003712,0017-09-14 00:01:00,17,9,14,0,1,130,59,CD96 - La Grange,43.64311,5.54345,Nuit sans éclairage public,Hors agglomération,Hors intersection,Normale,Autre collision,,,,,,,,,,,3,1,1,1.0,6.0
201700003713,0017-10-11 03:45:00,17,10,11,3,45,130,59,Quartier Fontbelle,43.62205,5.4908,Nuit sans éclairage public,Hors agglomération,Hors intersection,Normale,Deux véhicules - frontale,,,,,,,,,,,3,1,1,1.0,1.0
201700003714,0017-12-08 08:30:00,17,12,8,8,30,130,48,71 BOULEVARD DE LA REPUB,43.63723,5.64032,Plein jour,En agglomération,Hors intersection,Pluie légère,Autre collision,,,,,,,,,,,1,2,1,2.0,6.0
201700003715,0017-04-19 14:00:00,17,4,19,14,0,130,107,1570 route de mimet,43.42947,5.45185,Plein jour,Hors agglomération,Hors intersection,Normale,Deux véhicules - arrière,,,,,,,,,,,1,1,1,1.0,2.0
201700003716,0017-06-26 10:15:00,17,6,26,10,15,130,15,CD6 PK 9 sens  GARDANNE,43.43088,5.41368,Plein jour,Hors agglomération,Intersection en T,Normale,Deux véhicules - arrière,,,,,,,,,,,1,1,3,1.0,2.0
201700003717,0017-09-02 23:00:00,17,9,2,23,0,130,107,CD6,43.43533,5.42527,Nuit sans éclairage public,Hors agglomération,Hors intersection,Normale,Autre collision,,,,,,,,,,,3,1,1,1.0,6.0
201700003718,0017-11-08 07:10:00,17,11,8,7,10,130,107,avenue Pauline de Simian,43.43636,5.42147,Crépuscule ou aube,En agglomération,Intersection en T,Normale,Autre collision,,,,,,,,,,,2,2,3,1.0,6.0
201700003719,0017-11-22 22:30:00,17,11,22,22,30,130,15,D8n - Quartier Violes,43.43775,5.39721,Nuit avec éclairage allumé,En agglomération,Giratoire,Normale,Deux véhicules - côté,,,,,,,,,,,5,2,6,1.0,3.0
201700003720,0017-04-17 18:00:00,17,4,17,18,0,130,110,26 Route de Gardanne,43.45884,5.65138,Plein jour,Hors agglomération,Hors intersection,Normale,Autre collision,,,,,,,,,,,1,1,1,1.0,6.0
201700003721,0017-06-17 18:40:00,17,6,17,18,40,130,72,CD 908,43.44675,5.65221,Plein jour,Hors agglomération,Hors intersection,Normale,Deux véhicules - arrière,,,,,,,,,,,1,1,1,1.0,2.0
201700003722,0017-11-09 20:30:00,17,11,9,20,30,130,72,RD 908,43.43363,5.62699,Nuit sans éclairage public,Hors agglomération,Hors intersection,Normale,Autre collision,,,,,,,,,,,3,1,1,1.0,6.0
201700003723,0017-02-27 16:00:00,17,2,27,16,0,130,4,Route de Fontvieille,43.69448,4.71451,Plein jour,Hors agglomération,Hors intersection,Pluie légère,Deux véhicules - frontale,,,,,,,,,,,1,1,1,2.0,1.0
201700003724,0017-03-19 23:45:00,17,3,19,23,45,130,4,572N,,,Nuit sans éclairage public,Hors agglomération,Hors intersection,Normale,Deux véhicules - côté,,,,,,,,,,,3,1,1,1.0,3.0
201700003725,0017-04-15 01:30:00,17,4,15,1,30,130,4,"87, ch. des Avergues",43.6779,4.5652,Nuit sans éclairage public,Hors agglomération,Hors intersection,Normale,Autre collision,,,,,,,,,,,3,1,1,1.0,6.0
201700003726,0017-06-17 12:30:00,17,6,17,12,30,130,4,départementale 572,43.68302,4.55863,Plein jour,Hors agglomération,Hors intersection,Normale,Autre collision,,,,,,,,,,,1,1,1,1.0,6.0
201700003727,0017-06-26 10:40:00,17,6,26,10,40,130,4,RD570 route des saintes,43.6273,4.53043,Plein jour,Hors agglomération,Hors intersection,Normale,Deux véhicules - arrière,,,,,,,,,,,1,1,1,1.0,2.0
201700003728,0017-07-02 23:30:00,17,7,2,23,30,130,4,Route des Saintes Maries,43.63981,4.55976,Nuit sans éclairage public,Hors agglomération,Hors intersection,Normale,Autre collision,,,,,,,,,,,3,1,1,1.0,6.0
201700003729,0017-08-14 17:50:00,17,8,14,17,50,130,4,Rd.570,43.62299,4.51402,Plein jour,Hors agglomération,Hors intersection,Normale,Deux véhicules - côté,,,,,,,,,,,1,1,1,1.0,3.0
201700003730,0017-11-05 10:30:00,17,11,5,10,30,130,4,D 453,43.63865,4.54297,Plein jour,Hors agglomération,Hors intersection,Pluie légère,Autre collision,,,,,,,,,,,1,1,1,2.0,6.0
201700003731,0017-11-15 08:30:00,17,11,15,8,30,130,4,RD 572,43.67935,4.50881,Plein jour,Hors agglomération,Hors intersection,Normale,Autre collision,,,,,,,,,,,1,1,1,1.0,6.0
201700003732,0017-11-15 07:00:00,17,11,15,7,0,130,4,D113,43.6399,4.72044,Nuit sans éclairage public,Hors agglomération,Hors intersection,Normale,Deux véhicules - arrière,,,,,,,,,,,3,1,1,1.0,2.0
201700003733,0017-12-24 14:30:00,17,12,24,14,30,130,4,Pont de Rousty,43.6273,4.53043,Plein jour,Hors agglomération,Hors intersection,Normale,Deux véhicules - frontale,,,,,,,,,,,1,1,1,1.0,1.0
201700003734,0017-01-21 22:15:00,17,1,21,22,15,130,66,D29 - route de Bournissa,43.84035,4.88389,Nuit sans éclairage public,Hors agglomération,Autre intersection,Normale,Sans collision,,,,,,,,,,,3,1,9,1.0,7.0
201700003735,0017-01-19 15:40:00,17,1,19,15,40,130,66,D28 / ROUTE DE CHATEAURE,43.88608,4.89158,Plein jour,Hors agglomération,Intersection en T,Normale,Trois véhicules et plus - collisions multiples,,,,,,,,,,,1,1,3,1.0,5.0
201700003736,0017-02-14 14:30:00,17,2,14,14,30,130,66,ROUTE DE BONPAS,43.87938,4.90794,Plein jour,En agglomération,Hors intersection,Normale,Deux véhicules - frontale,,,,,,,,,,,1,2,1,1.0,1.0
201700003737,0017-03-03 14:45:00,17,3,3,14,45,130,27,ch. saint gabriel,43.86485,4.83851,Plein jour,Hors agglomération,Intersection en X,Normale,Deux véhicules - côté,,,,,,,,,,,1,1,2,1.0,3.0
201700003738,0017-04-27 07:30:00,17,4,27,7,30,130,66,601 D7N,43.88109,4.91559,Plein jour,Hors agglomération,Intersection en X,Temps couvert,Trois véhicules et plus - collisions multiples,,,,,,,,,,,1,1,2,8.0,5.0
201700003739,0017-05-19 11:20:00,17,5,19,11,20,130,27,Boulevard Ernest Genevet,43.88529,4.86145,Plein jour,En agglomération,Hors intersection,Normale,Autre collision,,,,,,,,,,,1,2,1,1.0,6.0
201700003740,0017-05-21 10:45:00,17,5,21,10,45,130,27,chemin des amandiers*,43.87332,4.85279,Plein jour,En agglomération,Hors intersection,Normale,Sans collision,,,,,,,,,,,1,2,1,1.0,7.0
201700003741,0017-06-03 14:45:00,17,6,3,14,45,130,66,6154 Route de St-Rémy,,,Plein jour,Hors agglomération,Hors intersection,Normale,Deux véhicules - frontale,,,,,,,,,,,1,1,1,1.0,1.0
201700003742,0017-06-11 04:00:00,17,6,11,4,0,130,27,1383-1585 Route de Taras,,,Nuit sans éclairage public,Hors agglomération,Hors intersection,Normale,Deux véhicules - frontale,,,,,,,,,,,3,1,1,1.0,1.0
201700003743,0017-06-27 11:30:00,17,6,27,11,30,130,27,17 av roger salengro,43.88231,4.85211,Plein jour,En agglomération,Hors intersection,Normale,Deux véhicules - arrière,,,,,,,,,,,1,2,1,1.0,2.0
201700003744,0017-07-01 19:26:00,17,7,1,19,26,130,66,RD7N,43.85877,4.89947,Crépuscule ou aube,Hors agglomération,Hors intersection,Normale,Deux véhicules - arrière,,,,,,,,,,,2,1,1,1.0,2.0
201700003745,0017-07-03 10:50:00,17,7,3,10,50,130,27,ROUTE DE LA CRAU,,,Plein jour,Hors agglomération,Intersection en X,Normale,Deux véhicules - côté,,,,,,,,,,,1,1,2,1.0,3.0
201700003746,0017-07-12 13:20:00,17,7,12,13,20,130,27,3036 Chemin Roumieux,43.86203,4.8396,Plein jour,Hors agglomération,Intersection en X,Normale,Deux véhicules - côté,,,,,,,,,,,1,1,2,1.0,3.0
201700003747,0017-07-25 17:00:00,17,7,25,17,0,130,27,chemin des lonnes,43.88285,4.84385,Plein jour,Hors agglomération,Hors intersection,Normale,Autre collision,,,,,,,,,,,1,1,1,1.0,6.0
201700003748,0017-08-02 21:30:00,17,8,2,21,30,130,27,boulevard joliot curie,43.88285,4.86269,Nuit avec éclairage allumé,En agglomération,Giratoire,Normale,Deux véhicules - côté,,,,,,,,,,,5,2,6,1.0,3.0
201700003749,0017-09-05 16:15:00,17,9,5,16,15,130,66,D7 n,43.88109,4.91559,Plein jour,Hors agglomération,Intersection en X,Normale,Deux véhicules - arrière,,,,,,,,,,,1,1,2,1.0,2.0
201700003750,0017-09-19 19:50:00,17,9,19,19,50,130,27,1945 route de tarascon,43.87432,4.8245,Nuit sans éclairage public,Hors agglomération,Hors intersection,Normale,Autre collision,,,,,,,,,,,3,1,1,1.0,6.0
201700003751,0017-10-10 17:40:00,17,10,10,17,40,130,66,Route de  cabannes,43.87224,4.92169,Plein jour,Hors agglomération,Intersection en T,Temps éblouissant,Deux véhicules - côté,,,,,,,,,,,1,1,3,7.0,3.0
201700003752,0017-11-30 08:50:00,17,11,30,8,50,130,27,CHEMIN DE FONTANEL,43.89193,4.83857,Plein jour,En agglomération,Hors intersection,Temps éblouissant,Deux véhicules - arrière,,,,,,,,,,,1,2,1,7.0,2.0
201700003753,0017-12-21 18:30:00,17,12,21,18,30,130,66,Intersection RD30 / RD29,43.84336,4.89498,Nuit sans éclairage public,Hors agglomération,Intersection en X,Normale,Deux véhicules - côté,,,,,,,,,,,3,1,2,1.0,3.0
201700003754,0017-12-23 05:45:00,17,12,23,5,45,130,66,CD 28,,,Nuit sans éclairage public,Hors agglomération,Hors intersection,Normale,Deux véhicules - côté,,,,,,,,,,,3,1,1,1.0,3.0
201700003755,0017-12-29 22:15:00,17,12,29,22,15,130,66,1993 D7N,43.86289,4.91329,Nuit sans éclairage public,Hors agglomération,Hors intersection,Normale,Deux véhicules - arrière,,,,,,,,,,,3,1,1,1.0,2.0
201700003756,0017-01-06 17:00:00,17,1,6,17,0,130,96,D 38 C ***,43.55211,4.38654,Plein jour,Hors agglomération,Hors intersection,Normale,Autre collision,,,,,,,,,,,1,1,1,1.0,6.0
201700003757,0017-03-14 00:50:00,17,3,14,0,50,130,96,RD 38,43.48387,4.3873,Nuit sans éclairage public,Hors agglomération,Hors intersection,Normale,Autre collision,,,,,,,,,,,3,1,1,1.0,6.0
201700003758,0017-06-22 10:00:00,17,6,22,10,0,130,96,D570 * Route d'Arles,43.57993,4.43582,Plein jour,Hors agglomération,Hors intersection,Normale,Deux véhicules - côté,,,,,,,,,,,1,1,1,1.0,3.0
201700003759,0017-06-24 16:50:00,17,6,24,16,50,130,96,RD 85A,,,Plein jour,Hors agglomération,Hors intersection,Normale,Autre collision,,,,,,,,,,,1,1,1,1.0,6.0
201700003760,0017-07-21 08:40:00,17,7,21,8,40,130,96,D570,,,Plein jour,Hors agglomération,Hors intersection,Normale,Deux véhicules - frontale,,,,,,,,,,,1,1,1,1.0,1.0
201700003761,0017-08-22 18:55:00,17,8,22,18,55,130,96,D570 la palunette,43.46301,4.42008,Plein jour,Hors agglomération,Hors intersection,Normale,Deux véhicules - frontale,,,,,,,,,,,1,1,1,1.0,1.0
201700003762,0017-01-19 07:45:00,17,1,19,7,45,130,97,RD 113,,,Crépuscule ou aube,Hors agglomération,Hors intersection,Normale,Deux véhicules - frontale,,,,,,,,,,,2,1,1,1.0,1.0
201700003763,0017-02-20 19:00:00,17,2,20,19,0,130,97,D5 - route  du vallon,43.63811,4.9154,Crépuscule ou aube,Hors agglomération,Intersection en X,Normale,Trois véhicules et plus - collisions multiples,,,,,,,,,,,2,1,2,1.0,5.0
201700003764,0017-03-25 07:00:00,17,3,25,7,0,130,97,RN 568**,43.52021,4.84346,Crépuscule ou aube,Hors agglomération,Hors intersection,Pluie légère,Autre collision,,,,,,,,,,,2,1,1,2.0,6.0
201700003765,0017-05-04 20:00:00,17,5,4,20,0,130,97,Avenue  de céret,43.64436,4.82074,Plein jour,Hors agglomération,Giratoire,Normale,Deux véhicules - côté,,,,,,,,,,,1,1,6,1.0,3.0
201700003766,0017-07-13 09:00:00,17,7,13,9,0,130,97,D27 * Route de Maussane,43.66857,4.79768,Plein jour,Hors agglomération,Hors intersection,Normale,Trois véhicules et plus - collisions multiples,,,,,,,,,,,1,1,1,1.0,5.0
201700003767,0017-08-12 14:25:00,17,8,12,14,25,130,97,RD 113 pk 048.100,43.61579,4.80869,Plein jour,Hors agglomération,Hors intersection,Normale,Deux véhicules - arrière,,,,,,,,,,,1,1,1,1.0,2.0
201700003768,0017-09-01 08:35:00,17,9,1,8,35,130,97,Avenue Nostradamus - ron,43.63828,4.82348,Plein jour,En agglomération,Giratoire,Normale,Deux véhicules - côté,,,,,,,,,,,1,2,6,1.0,3.0
201700003769,0017-09-02 19:15:00,17,9,2,19,15,130,4,D35 MAS THIBERT,43.59058,4.6749,Plein jour,Hors agglomération,Hors intersection,Normale,Autre collision,,,,,,,,,,,1,1,1,1.0,6.0
201700003770,0017-12-05 17:10:00,17,12,5,17,10,130,4,Route des marais - Chemi,43.5883,4.72633,Crépuscule ou aube,Hors agglomération,Hors intersection,Normale,Autre collision,,,,,,,,,,,2,1,1,1.0,6.0