accident_id,datetime,annee,mois,jour,heure,minute,departement,commune_insee,adresse,latitude,longitude,luminosite,agglomeration,intersection,meteo,collision,nb_vehicules,nb_usagers,nb_indemnes,nb_tues,nb_blesses_hosp,nb_blesses_legers,age_cond_1,age_cond_2,veh_type_cond_1,veh_type_cond_2,lum_code,agg_code,int_code,atm_code,col_code
201700003771,0017-12-24 18:45:00,17,12,24,18,45,130,97,RN 113,43.63968,4.90549,Nuit sans éclairage public,Hors agglomération,Hors intersection,Normale,Autre collision,,,,,,,,,,,3,1,1,1.0,6.0
201700003772,0017-01-29 07:55:00,17,1,29,7,55,130,100,Voie aurélia,43.78015,4.87171,Crépuscule ou aube,Hors agglomération,Intersection en X,Normale,Deux véhicules - côté,,,,,,,,,,,2,1,2,1.0,3.0
201700003773,0017-03-04 01:40:00,17,3,4,1,40,130,100,20 Route de Tarascon,43.79721,4.79759,Nuit sans éclairage public,Hors agglomération,Hors intersection,Normale,Autre collision,,,,,,,,,,,3,1,1,1.0,6.0
201700003774,0017-04-26 19:30:00,17,4,26,19,30,130,100,190-404 Embr d'Eyragues,43.8018,4.82687,Plein jour,Hors agglomération,Hors intersection,Temps couvert,Trois véhicules et plus - collisions multiples,,,,,,,,,,,1,1,1,8.0,5.0
201700003775,0017-05-20 08:10:00,17,5,20,8,10,130,100,22 Route de Tarascon,,,Plein jour,Hors agglomération,Hors intersection,Normale,Autre collision,,,,,,,,,,,1,1,1,1.0,6.0
201700003776,0017-05-27 17:45:00,17,5,27,17,45,130,94,1 Av. de Saint-Rémy,43.78205,4.73466,Plein jour,En agglomération,Hors intersection,Normale,Deux véhicules - frontale,,,,,,,,,,,1,2,1,1.0,1.0
201700003777,0017-07-08 11:15:00,17,7,8,11,15,130,100,Chemin Jean Piquet,43.78889,4.86282,Plein jour,Hors agglomération,Intersection en T,Normale,Deux véhicules - côté,,,,,,,,,,,1,1,3,1.0,3.0
201700003778,0017-08-07 17:00:00,17,8,7,17,0,130,100,D99 A PK0,43.78901,4.83352,Plein jour,Hors agglomération,Intersection en Y,Normale,Sans collision,,,,,,,,,,,1,1,4,1.0,7.0
201700003779,0017-09-17 13:15:00,17,9,17,13,15,130,94,Avenue de Tarascon - RD,43.78793,4.71764,Plein jour,Hors agglomération,Intersection en T,Normale,Deux véhicules - côté,,,,,,,,,,,1,1,3,1.0,3.0
201700003780,0017-10-04 11:40:00,17,10,4,11,40,130,100,Bd Gambetta,43.79026,4.8334,Plein jour,En agglomération,Intersection en Y,Normale,Autre collision,,,,,,,,,,,1,2,4,1.0,6.0
201700003781,0017-10-11 13:40:00,17,10,11,13,40,130,100,59 Route de Noves,43.80253,4.86066,Nuit sans éclairage public,Hors agglomération,Hors intersection,Normale,Autre collision,,,,,,,,,,,3,1,1,1.0,6.0
201700003782,0017-11-30 19:00:00,17,11,30,19,0,130,100,1634 Route du rougadou,43.78908,4.8238,Nuit sans éclairage public,Hors agglomération,Hors intersection,Normale,Autre collision,,,,,,,,,,,3,1,1,1.0,6.0
201700003783,0017-02-12 19:30:00,17,2,12,19,30,130,4,D36,43.57303,4.66655,Nuit sans éclairage public,Hors agglomération,Hors intersection,Normale,Deux véhicules - frontale,,,,,,,,,,,3,1,1,1.0,1.0
201700003784,0017-10-06 14:10:00,17,10,6,14,10,130,39,D268,43.46241,4.83825,Plein jour,Hors agglomération,Hors intersection,Normale,Sans collision,,,,,,,,,,,1,1,1,1.0,7.0
201700003785,0017-07-25 16:15:00,17,7,25,16,15,130,42,RD8N Rond-Point du Douar,43.27762,5.6199,Plein jour,Hors agglomération,Giratoire,Normale,Trois véhicules et plus - en chaîne,,,,,,,,,,,1,1,6,1.0,4.0
201700003786,0017-09-03 17:50:00,17,9,3,17,50,130,42,D8N,43.27484,5.63364,Plein jour,Hors agglomération,Hors intersection,Normale,Deux véhicules - arrière,,,,,,,,,,,1,1,1,1.0,2.0
201700003787,0017-09-17 14:00:00,17,9,17,14,0,130,30,D8N,43.2758,5.70388,Plein jour,Hors agglomération,Hors intersection,Normale,Deux véhicules - frontale,,,,,,,,,,,1,1,1,1.0,1.0
201700003788,0017-09-24 18:40:00,17,9,24,18,40,130,30,Angle RD8N et impasse de,43.28261,5.71024,Plein jour,Hors agglomération,Hors intersection,Normale,Deux véhicules - côté,,,,,,,,,,,1,1,1,1.0,3.0
201700003789,0017-09-24 12:00:00,17,9,24,12,0,130,30,Route departementale 8,43.28261,5.71024,Plein jour,En agglomération,Autre intersection,Normale,Autre collision,,,,,,,,,,,1,2,9,1.0,6.0
201700003790,0017-10-21 16:15:00,17,10,21,16,15,130,42,"CD 2, PK 21.400",,,Plein jour,Hors agglomération,Hors intersection,Normale,Autre collision,,,,,,,,,,,1,1,1,1.0,6.0
201700003791,0017-02-28 08:40:00,17,2,28,8,40,130,23,724-814 Ch. de la Ciotat,43.22039,5.64218,Plein jour,En agglomération,Hors intersection,Normale,Deux véhicules - frontale,,,,,,,,,,,1,2,1,1.0,1.0
201700003792,0017-03-16 21:25:00,17,3,16,21,25,130,22,Route de la gineste,43.23028,5.52411,Nuit sans éclairage public,Hors agglomération,Hors intersection,Normale,Sans collision,,,,,,,,,,,3,1,1,1.0,7.0
201700003793,0017-04-17 18:35:00,17,4,17,18,35,130,22,RD 559,,,Plein jour,Hors agglomération,Autre intersection,Normale,Deux véhicules - arrière,,,,,,,,,,,1,1,9,1.0,2.0
201700003794,0017-04-26 18:10:00,17,4,26,18,10,130,22,route de la gineste - d5,43.23028,5.52411,Plein jour,Hors agglomération,Hors intersection,Autre,Autre collision,,,,,,,,,,,1,1,1,9.0,6.0
201700003795,0017-05-15 18:20:00,17,5,15,18,20,130,22,CD 559 route de la Gines,43.23024,5.52578,Plein jour,Hors agglomération,Hors intersection,Normale,Sans collision,,,,,,,,,,,1,1,1,1.0,7.0
201700003796,0017-05-25 19:40:00,17,5,25,19,40,130,22,Route pierre imbert,43.22295,5.57906,Plein jour,Hors agglomération,Hors intersection,Normale,Trois véhicules et plus - collisions multiples,,,,,,,,,,,1,1,1,1.0,5.0
201700003797,0017-05-26 18:40:00,17,5,26,18,40,130,22,31 D559,43.21923,5.54432,Plein jour,En agglomération,Hors intersection,Normale,Deux véhicules - côté,,,,,,,,,,,1,2,1,1.0,3.0
201700003798,0017-06-15 12:15:00,17,6,15,12,15,130,22,39 D559,43.22092,5.54384,Plein jour,Hors agglomération,Hors intersection,Normale,Deux véhicules - frontale,,,,,,,,,,,1,1,1,1.0,1.0
201700003799,0017-09-17 17:20:00,17,9,17,17,20,130,22,D559A - route du Pas d'O,43.23041,5.58654,Plein jour,Hors agglomération,Hors intersection,Normale,Trois véhicules et plus - collisions multiples,,,,,,,,,,,1,1,1,1.0,5.0
201700003800,0017-10-12 09:45:00,17,10,12,9,45,130,22,12 Av. des  Albizzi,43.23504,5.55613,Plein jour,En agglomération,Intersection en Y,Normale,Deux véhicules - arrière,,,,,,,,,,,1,2,4,1.0,2.0
201700003801,0017-09-24 03:30:00,17,9,24,3,30,130,119,Avenue René CASSIN,43.26049,5.57315,Nuit avec éclairage allumé,En agglomération,Hors intersection,Temps couvert,Deux véhicules - frontale,,,,,,,,,,,5,2,1,8.0,1.0
201700003802,0017-05-08 05:15:00,17,5,8,5,15,130,73,18 ch. de Pierresca,43.37434,5.5905,Nuit avec éclairage allumé,En agglomération,Autre intersection,Normale,Sans collision,,,,,,,,,,,5,2,9,1.0,7.0
201700003803,0017-06-09 11:20:00,17,6,9,11,20,130,20,21 Av du Village,43.39437,5.54441,Plein jour,En agglomération,Hors intersection,Normale,Trois véhicules et plus - collisions multiples,,,,,,,,,,,1,2,1,1.0,5.0
201700003804,0017-01-11 07:15:00,17,1,11,7,15,130,31,RD 96,,,Nuit avec éclairage allumé,En agglomération,Hors intersection,Autre,Autre collision,,,,,,,,,,,5,2,1,9.0,6.0
201700003805,0017-03-31 16:29:00,17,3,31,16,29,130,86,RN 96- rue sainte Anne,43.35273,5.60551,Plein jour,En agglomération,Hors intersection,Normale,Autre collision,,,,,,,,,,,1,2,1,1.0,6.0
201700003806,0017-04-01 11:15:00,17,4,1,11,15,130,7,rue saint pierre,43.37211,5.64572,Plein jour,En agglomération,Hors intersection,Temps couvert,Deux véhicules - arrière,,,,,,,,,,,1,2,1,8.0,2.0
201700003807,0017-04-05 20:30:00,17,4,5,20,30,130,86,chemin de l'âne bleu**,43.3471,5.6164,Nuit sans éclairage public,Hors agglomération,Hors intersection,Pluie légère,Sans collision,,,,,,,,,,,3,1,1,2.0,7.0
201700003808,0017-05-20 17:10:00,17,5,20,17,10,130,7,comptoir agricole D560,43.37001,5.65985,Plein jour,Hors agglomération,Hors intersection,Normale,Deux véhicules - arrière,,,,,,,,,,,1,1,1,1.0,2.0
201700003809,0017-05-23 06:45:00,17,5,23,6,45,130,86,Avenue des*alliés,43.34868,5.60361,Crépuscule ou aube,En agglomération,Hors intersection,Normale,Deux véhicules - côté,,,,,,,,,,,2,2,1,1.0,3.0
201700003810,0017-07-29 17:00:00,17,7,29,17,0,130,86,Route de St Vincent,,,Plein jour,Hors agglomération,Hors intersection,Normale,Autre collision,,,,,,,,,,,1,1,1,1.0,6.0
201700003811,0017-07-31 13:00:00,17,7,31,13,0,130,86,Av Général de Gaulle,43.32726,5.59715,Plein jour,En agglomération,Hors intersection,Normale,Autre collision,,,,,,,,,,,1,2,1,1.0,6.0
201700003812,0017-08-27 18:30:00,17,8,27,18,30,130,7,D2   MONTÉE DE LA SAINTE,43.3251,5.67473,Plein jour,Hors agglomération,Hors intersection,Normale,Deux véhicules - côté,,,,,,,,,,,1,1,1,1.0,3.0
201700003813,0017-08-27 06:25:00,17,8,27,6,25,130,16,RD.96 - Les Gisclans,43.39852,5.59279,Crépuscule ou aube,En agglomération,Giratoire,Normale,Autre collision,,,,,,,,,,,2,2,6,1.0,6.0
201700003814,0017-08-28 18:30:00,17,8,28,18,30,130,86,RD 43 D  face impasse de,43.33318,5.60645,Plein jour,Hors agglomération,Autre intersection,Normale,Deux véhicules - côté,,,,,,,,,,,1,1,9,1.0,3.0
201700003815,0017-09-03 10:10:00,17,9,3,10,10,130,31,Route Départementale 96,43.38388,5.60221,Plein jour,En agglomération,Hors intersection,Normale,Deux véhicules - arrière,,,,,,,,,,,1,2,1,1.0,2.0
201700003816,0017-11-10 10:40:00,17,11,10,10,40,130,7,RD 560,43.36916,5.63681,Plein jour,En agglomération,Hors intersection,Normale,Autre collision,,,,,,,,,,,1,2,1,1.0,6.0
201700003817,0017-12-10 04:20:00,17,12,10,4,20,130,7,322 chemin du Braou,43.36551,5.63799,Nuit sans éclairage public,En agglomération,Hors intersection,Normale,Sans collision,,,,,,,,,,,3,2,1,1.0,7.0
201700003818,0017-12-12 18:00:00,17,12,12,18,0,130,31,884 route des vignerons,43.38513,5.60157,Crépuscule ou aube,En agglomération,Hors intersection,Pluie légère,Autre collision,,,,,,,,,,,2,2,1,2.0,6.0
201700003819,0017-01-12 08:15:00,17,1,12,8,15,130,92,1-9*résidence les ferrag,43.54694,5.03862,Plein jour,En agglomération,Hors intersection,Normale,Deux véhicules - frontale,,,,,,,,,,,1,2,1,1.0,1.0
201700003820,0017-03-18 16:50:00,17,3,18,16,50,130,29,D 70,43.56081,5.06429,Plein jour,Hors agglomération,Hors intersection,Normale,Autre collision,,,,,,,,,,,1,1,1,1.0,6.0
201700003821,0017-03-24 18:00:00,17,3,24,18,0,130,92,1838 route de Grans**,43.56791,5.0394,Plein jour,Hors agglomération,Hors intersection,Normale,Deux véhicules - frontale,,,,,,,,,,,1,1,1,1.0,1.0
201700003822,0017-04-02 01:00:00,17,4,2,1,0,130,92,RD 10,43.52757,5.06895,Nuit sans éclairage public,Hors agglomération,Hors intersection,Normale,Autre collision,,,,,,,,,,,3,1,1,1.0,6.0
201700003823,0017-05-20 10:40:00,17,5,20,10,40,130,14,"RD113, Les*Renards",43.51344,5.20317,Plein jour,Hors agglomération,Hors intersection,Normale,Deux véhicules - côté,,,,,,,,,,,1,1,1,1.0,3.0
201700003824,0017-09-07 16:30:00,17,9,7,16,30,130,14,Route départementale 21,43.4901,5.15759,Plein jour,En agglomération,Intersection en T,Normale,Deux véhicules - arrière,,,,,,,,,,,1,2,3,1.0,2.0
201700003825,0017-11-22 08:50:00,17,11,22,8,50,130,14,route départementale 113,43.49058,5.1586,Plein jour,Hors agglomération,Hors intersection,Normale,Deux véhicules - côté,,,,,,,,,,,1,1,1,1.0,3.0
201700003826,0017-12-01 17:53:00,17,12,1,17,53,130,14,20 Boulevard Romain Rola,43.48747,5.16766,Nuit avec éclairage allumé,En agglomération,Intersection en T,Normale,Autre collision,,,,,,,,,,,5,2,3,1.0,6.0
201700003827,0017-12-17 10:00:00,17,12,17,10,0,130,14,Avenue de la Libération,43.48086,5.16932,Plein jour,En agglomération,Intersection en T,Normale,Autre collision,,,,,,,,,,,1,2,3,1.0,6.0
201700003828,0017-04-03 20:10:00,17,4,3,20,10,130,35,CD 17 - Route de Salon,43.68161,5.06475,Crépuscule ou aube,Hors agglomération,Hors intersection,Normale,Autre collision,,,,,,,,,,,2,1,1,1.0,6.0
201700003829,0017-05-12 16:00:00,17,5,12,16,0,130,35,687 Av de Saint-Roch,,,Plein jour,Hors agglomération,Intersection en T,Normale,Deux véhicules - côté,,,,,,,,,,,1,1,3,1.0,3.0
201700003830,0017-07-24 13:15:00,17,7,24,13,15,130,35,avenue de la gare,43.68721,5.03084,Plein jour,En agglomération,Hors intersection,Normale,Deux véhicules - arrière,,,,,,,,,,,1,2,1,1.0,2.0
201700003831,0017-12-28 17:40:00,17,12,28,17,40,130,35,D72*,43.70815,5.04408,Crépuscule ou aube,Hors agglomération,Hors intersection,Normale,Deux véhicules - frontale,,,,,,,,,,,2,1,1,1.0,1.0
201700003832,0017-02-05 05:50:00,17,2,5,5,50,130,35,Route de Miramas,43.65658,5.02063,Nuit sans éclairage public,Hors agglomération,Intersection en T,Temps couvert,Autre collision,,,,,,,,,,,3,1,3,8.0,6.0
201700003833,0017-02-17 20:15:00,17,2,17,20,15,130,105,RD7N - PK 21,,,Nuit sans éclairage public,Hors agglomération,Hors intersection,Normale,Autre collision,,,,,,,,,,,3,1,1,1.0,6.0
201700003834,0017-05-18 17:00:00,17,5,18,17,0,130,105,5 Av Gustave Donnât,43.74466,5.07769,Plein jour,En agglomération,Hors intersection,Normale,Autre collision,,,,,,,,,,,1,2,1,1.0,6.0
201700003835,0017-06-02 08:45:00,17,6,2,8,45,130,53,RD7N,43.72722,5.1596,Plein jour,Hors agglomération,Hors intersection,Normale,Deux véhicules - frontale,,,,,,,,,,,1,1,1,1.0,1.0
201700003836,0017-07-25 18:30:00,17,7,25,18,30,130,3,Carrefour du Défend,43.70914,5.1155,Plein jour,Hors agglomération,Hors intersection,Normale,Deux véhicules - côté,,,,,,,,,,,1,1,1,1.0,3.0
201700003837,0017-07-30 22:25:00,17,7,30,22,25,130,105,Avenue des Jardins,43.74362,5.08382,Nuit avec éclairage allumé,En agglomération,Intersection en T,Normale,Deux véhicules - côté,,,,,,,,,,,5,2,3,1.0,3.0
201700003838,0017-09-27 07:40:00,17,9,27,7,40,130,105,RD7 N,43.7477,5.07318,Plein jour,Hors agglomération,Intersection en Y,Normale,Deux véhicules - côté,,,,,,,,,,,1,1,4,1.0,3.0
201700003839,0017-12-17 06:00:00,17,12,17,6,0,130,35,Route de Miramas,,,Nuit sans éclairage public,Hors agglomération,Hors intersection,Normale,Autre collision,,,,,,,,,,,3,1,1,1.0,6.0
201700003840,0017-02-06 14:56:00,17,2,6,14,56,130,67,Av. de  la Victoire,43.79196,5.0394,Plein jour,En agglomération,Intersection en X,Normale,Autre collision,,,,,,,,,,,1,2,2,1.0,6.0
201700003841,0017-03-05 15:40:00,17,3,5,15,40,130,34,CD99,43.7866,4.94126,Plein jour,Hors agglomération,Intersection en X,Normale,Deux véhicules - côté,,,,,,,,,,,1,1,2,1.0,3.0
201700003842,0017-03-18 11:00:00,17,3,18,11,0,130,76,1054 route de Marseille,43.80078,5.00527,Plein jour,Hors agglomération,Intersection en X,Normale,Deux véhicules - côté,,,,,,,,,,,1,1,2,1.0,3.0
201700003843,0017-04-14 21:00:00,17,4,14,21,0,130,67,1261 Route de Cavaillon,43.80333,5.02669,Nuit sans éclairage public,Hors agglomération,Hors intersection,Normale,Autre collision,,,,,,,,,,,3,1,1,1.0,6.0
201700003844,0017-04-28 04:10:00,17,4,28,4,10,130,76,D26 ROUTE  DE CABANNES,43.82221,5.00616,Nuit sans éclairage public,Hors agglomération,Intersection en X,Normale,Deux véhicules - frontale,,,,,,,,,,,3,1,2,1.0,1.0
201700003845,0017-05-17 15:50:00,17,5,17,15,50,130,67,D 26,43.80435,5.02653,Plein jour,Hors agglomération,Intersection en T,Normale,Deux véhicules - côté,,,,,,,,,,,1,1,3,1.0,3.0
201700003846,0017-10-03 19:00:00,17,10,3,19,0,130,76,D73E,43.79579,4.98822,Crépuscule ou aube,Hors agglomération,Intersection en X,Normale,Deux véhicules - côté,,,,,,,,,,,2,1,2,1.0,3.0
201700003847,0017-12-04 18:45:00,17,12,4,18,45,130,116,ROUTE DE MOLLEGES,43.83759,4.92648,Nuit sans éclairage public,Hors agglomération,Intersection à plus de 4 branches,Normale,Deux véhicules - côté,,,,,,,,,,,3,1,5,1.0,3.0
201700003848,0017-03-10 20:59:00,17,3,10,20,59,130,81,21 D20C,43.50142,5.21175,Nuit sans éclairage public,Hors agglomération,Intersection en T,Normale,Autre collision,,,,,,,,,,,3,1,3,1.0,6.0
201700003849,0017-07-02 00:20:00,17,7,2,0,20,130,81,RD 21,,,Nuit sans éclairage public,Hors agglomération,Hors intersection,Normale,Autre collision,,,,,,,,,,,3,1,1,1.0,6.0
201700003850,0017-08-05 04:27:00,17,8,5,4,27,130,81,D 21,43.4929,5.22268,Nuit sans éclairage public,Hors agglomération,Hors intersection,Normale,Autre collision,,,,,,,,,,,3,1,1,1.0,6.0
201700003851,0017-09-16 20:00:00,17,9,16,20,0,130,81,Intersection sur bretell,43.50246,5.21403,Nuit sans éclairage public,Hors agglomération,Intersection en X,Normale,Deux véhicules - arrière,,,,,,,,,,,3,1,2,1.0,2.0
201700003852,0017-02-26 13:00:00,17,2,26,13,0,130,82,CD 543,,,Plein jour,Hors agglomération,Hors intersection,Normale,Autre collision,,,,,,,,,,,1,1,1,1.0,6.0
201700003853,0017-03-21 09:10:00,17,3,21,9,10,130,82,D543 **,43.65571,5.35557,Plein jour,Hors agglomération,Hors intersection,Normale,Autre collision,,,,,,,,,,,1,1,1,1.0,6.0
201700003854,0017-07-21 14:00:00,17,7,21,14,0,130,24,départementale D67,,,Plein jour,Hors agglomération,Hors intersection,Normale,Sans collision,,,,,,,,,,,1,1,1,1.0,7.0
201700003855,0017-07-23 19:15:00,17,7,23,19,15,130,24,D561C,43.71985,5.266,Plein jour,Hors agglomération,Hors intersection,Normale,Sans collision,,,,,,,,,,,1,1,1,1.0,7.0
201700003856,0017-08-09 08:40:00,17,8,9,8,40,130,93,Route départementale 561,43.69259,5.38968,Crépuscule ou aube,Hors agglomération,Hors intersection,Normale,Deux véhicules - côté,,,,,,,,,,,2,1,1,1.0,3.0
201700003857,0017-09-19 10:30:00,17,9,19,10,30,130,84,RD 561,43.71753,5.30168,Plein jour,Hors agglomération,Hors intersection,Normale,Trois véhicules et plus - en chaîne,,,,,,,,,,,1,1,1,1.0,4.0
201700003858,0017-11-16 23:55:00,17,11,16,23,55,130,50,Départementale D7N,43.67272,5.23886,Nuit sans éclairage public,Hors agglomération,Hors intersection,Normale,Sans collision,,,,,,,,,,,3,1,1,1.0,7.0
201700003859,0017-03-06 15:14:00,17,3,6,15,14,40,219,RD 908,44.1,6.56831,Plein jour,Hors agglomération,Hors intersection,Vent fort / tempête,Autre collision,,,,,,,,,,,1,1,1,6.0,6.0
201700003860,0017-04-21 16:55:00,17,4,21,16,55,40,143,Carrefour D4 - D907,43.88482,5.90843,Plein jour,Hors agglomération,Intersection à plus de 4 branches,Normale,Deux véhicules - côté,,,,,,,,,,,1,1,5,1.0,3.0
201700003861,0017-04-30 06:30:00,17,4,30,6,30,40,138,,43.9265,5.81725,Crépuscule ou aube,Hors agglomération,Hors intersection,Normale,Sans collision,,,,,,,,,,,2,1,1,1.0,7.0
201700003862,0017-05-03 15:30:00,17,5,3,15,30,40,143,AV ABDON MARTIN,43.9172,5.91884,Plein jour,En agglomération,Hors intersection,Normale,Deux véhicules - arrière,,,,,,,,,,,1,2,1,1.0,2.0
201700003863,0017-06-16 15:30:00,17,6,16,15,30,40,143,CHEMIN DES JONCS ET TRAV,43.9204,5.90662,Plein jour,Hors agglomération,Intersection en T,Normale,Deux véhicules - côté,,,,,,,,,,,1,1,3,1.0,3.0
201700003864,0017-06-20 07:50:00,17,6,20,7,50,40,242,CH DU MOULIN - LOT CADE,43.8942,5.87022,Plein jour,En agglomération,Place,Normale,Deux véhicules - côté,,,,,,,,,,,1,2,7,1.0,3.0
201700003865,0017-08-22 06:55:00,17,8,22,6,55,40,143,,43.9283,5.89056,Crépuscule ou aube,En agglomération,Intersection en X,Normale,Deux véhicules - côté,,,,,,,,,,,2,2,2,1.0,3.0
201700003866,0017-10-14 02:30:00,17,10,14,2,30,40,106,,43.9627,5.90107,Nuit sans éclairage public,Hors agglomération,Hors intersection,Normale,Autre collision,,,,,,,,,,,3,1,1,1.0,6.0
201700003867,0017-01-08 20:30:00,17,1,8,20,30,40,96,VL+CARAVANE,44.3853,6.78046,Nuit sans éclairage public,Hors agglomération,Hors intersection,Normale,Sans collision,,,,,,,,,,,3,1,1,1.0,7.0
201700003868,0017-02-21 21:15:00,17,2,21,21,15,40,226,"RD 902, LIEU-DIT LE PIED",44.3753,6.62664,Nuit sans éclairage public,Hors agglomération,Hors intersection,Normale,Deux véhicules - frontale,,,,,,,,,,,3,1,1,1.0,1.0
201700003869,0017-02-27 07:00:00,17,2,27,7,0,40,195,D9,44.3911,6.6174,Crépuscule ou aube,En agglomération,Hors intersection,Normale,Autre collision,,,,,,,,,,,2,2,1,1.0,6.0
201700003870,0017-04-14 15:45:00,17,4,14,15,45,40,96,D900,44.4189,6.73376,Plein jour,Hors agglomération,Hors intersection,Normale,Deux véhicules - frontale,,,,,,,,,,,1,1,1,1.0,1.0
201700003871,0017-04-24 06:30:00,17,4,24,6,30,40,120,,44.4715,6.80631,Crépuscule ou aube,Hors agglomération,Hors intersection,Normale,Autre collision,,,,,,,,,,,2,1,1,1.0,6.0
201700003872,0017-06-15 15:40:00,17,6,15,15,40,40,96,ROUTE DE LA BONETTE,44.343,6.78434,Plein jour,Hors agglomération,Hors intersection,Normale,Deux véhicules - frontale,,,,,,,,,,,1,1,1,1.0,1.0
201700003873,0017-06-13 22:00:00,17,6,13,22,0,40,86,CHEMIN DE BOUZOULIÈRES,44.4168,6.69476,Crépuscule ou aube,Hors agglomération,Hors intersection,Autre,Autre collision,,,,,,,,,,,2,1,1,9.0,6.0
201700003874,0017-06-18 18:30:00,17,6,18,18,30,40,120,,44.4766,6.77928,Plein jour,Hors agglomération,Hors intersection,Normale,Sans collision,,,,,,,,,,,1,1,1,1.0,7.0
201700003875,0017-06-20 11:00:00,17,6,20,11,0,40,226,,44.311,6.7361,Plein jour,Hors agglomération,Hors intersection,Normale,Sans collision,,,,,,,,,,,1,1,1,1.0,7.0
201700003876,0017-07-01 11:15:00,17,7,1,11,15,40,96,COL DE LA BONNETTE,44.36496,6.78854,Plein jour,Hors agglomération,Hors intersection,Normale,Deux véhicules - côté,,,,,,,,,,,1,1,1,1.0,3.0
201700003877,0017-07-16 00:20:00,17,7,16,0,20,40,73,ROUTE DU SAUZE,44.3725,6.68281,Nuit avec éclairage allumé,Hors agglomération,Hors intersection,Normale,Autre collision,,,,,,,,,,,5,1,1,1.0,6.0
201700003878,0017-08-10 20:00:00,17,8,10,20,0,40,62,D29,44.4665,6.72897,Crépuscule ou aube,Hors agglomération,Hors intersection,Normale,Sans collision,,,,,,,,,,,2,1,1,1.0,7.0
201700003879,0017-08-19 12:45:00,17,8,19,12,45,40,96,ROUTE DE LA BONNETTE,44.3642,6.78804,Plein jour,Hors agglomération,Hors intersection,Normale,Sans collision,,,,,,,,,,,1,1,1,1.0,7.0
201700003880,0017-08-19 18:30:00,17,8,19,18,30,40,120,,44.4796,6.75936,Plein jour,Hors agglomération,Hors intersection,Normale,Sans collision,,,,,,,,,,,1,1,1,1.0,7.0
201700003881,0017-09-10 12:45:00,17,9,10,12,45,40,96,ROUTE DE RESTEFOND,44.3708,6.78359,Plein jour,Hors agglomération,Hors intersection,Normale,Sans collision,,,,,,,,,,,1,1,1,1.0,7.0
201700003882,0017-09-12 10:45:00,17,9,12,10,45,40,62,LES GLEIZOLLES,44.4744,6.76551,Plein jour,Hors agglomération,Hors intersection,Normale,Deux véhicules - frontale,,,,,,,,,,,1,1,1,1.0,1.0
201700003883,0017-09-25 14:50:00,17,9,25,14,50,40,193,,44.4801,6.75843,Plein jour,Hors agglomération,Hors intersection,Normale,Deux véhicules - côté,,,,,,,,,,,1,1,1,1.0,3.0
201700003884,0017-12-04 18:40:00,17,12,4,18,40,40,86,,44.3916,6.67906,Nuit sans éclairage public,Hors agglomération,Hors intersection,Normale,Deux véhicules - arrière,,,,,,,,,,,3,1,1,1.0,2.0
201700003885,0017-01-22 16:00:00,17,1,22,16,0,40,69,RD 4085 - PR 102 - LIEU,43.8422,6.53917,Plein jour,Hors agglomération,Hors intersection,Pluie légère,Autre collision,,,,,,,,,,,1,1,1,2.0,6.0
201700003886,0017-03-11 14:45:00,17,3,11,14,45,40,39,D952,43.8389,6.4935,Plein jour,Hors agglomération,Hors intersection,Normale,Deux véhicules - frontale,,,,,,,,,,,1,1,1,1.0,1.0
201700003887,0017-03-30 16:20:00,17,3,30,16,20,40,171,RD952 - PR15+060,43.793,6.4211,Plein jour,Hors agglomération,Hors intersection,Normale,Deux véhicules - frontale,,,,,,,,,,,1,1,1,1.0,1.0
201700003888,0017-04-08 11:50:00,17,4,8,11,50,40,148,,43.8161,6.60623,Plein jour,Hors agglomération,Hors intersection,Normale,Deux véhicules - frontale,,,,,,,,,,,1,1,1,1.0,1.0
201700003889,0017-04-16 16:30:00,17,4,16,16,30,40,39,,43.8482,6.51045,Plein jour,En agglomération,Hors intersection,Normale,Sans collision,,,,,,,,,,,1,2,1,1.0,7.0
201700003890,0017-04-17 13:15:00,17,4,17,13,15,40,171,,43.7961,6.40951,Plein jour,Hors agglomération,Hors intersection,Normale,Sans collision,,,,,,,,,,,1,1,1,1.0,7.0
201700003891,0017-05-26 15:45:00,17,5,26,15,45,40,39,,43.8283,6.42597,Plein jour,Hors agglomération,Hors intersection,Normale,Deux véhicules - frontale,,,,,,,,,,,1,1,1,1.0,1.0
201700003892,0017-05-28 16:50:00,17,5,28,16,50,40,39,,43.8345,6.54875,Plein jour,Hors agglomération,Hors intersection,Normale,Sans collision,,,,,,,,,,,1,1,1,1.0,7.0
201700003893,0017-06-15 13:10:00,17,6,15,13,10,40,171,,43.8003,6.43817,Plein jour,Hors agglomération,Hors intersection,Normale,Autre collision,,,,,,,,,,,1,1,1,1.0,6.0
201700003894,0017-06-18 19:15:00,17,6,18,19,15,40,69,,43.876,6.53275,Plein jour,Hors agglomération,Hors intersection,Normale,Sans collision,,,,,,,,,,,1,1,1,1.0,7.0