accident_id,datetime,annee,mois,jour,heure,minute,departement,commune_insee,adresse,latitude,longitude,luminosite,agglomeration,intersection,meteo,collision,nb_vehicules,nb_usagers,nb_indemnes,nb_tues,nb_blesses_hosp,nb_blesses_legers,age_cond_1,age_cond_2,veh_type_cond_1,veh_type_cond_2,lum_code,agg_code,int_code,atm_code,col_code
201700004141,0017-03-02 17:40:00,17,3,2,17,40,830,35,106 route du Grand Valla,43.20747,5.77132,Plein jour,En agglomération,Hors intersection,Normale,Sans collision,,,,,,,,,,,1,2,1,1.0,7.0
201700004142,0017-04-16 16:45:00,17,4,16,16,45,830,35,Chemin des Faremberts,43.21241,5.78912,Plein jour,Hors agglomération,Hors intersection,Normale,Trois véhicules et plus - collisions multiples,,,,,,,,,,,1,1,1,1.0,5.0
201700004143,0017-06-14 18:35:00,17,6,14,18,35,830,127,D2,43.29032,5.86372,Plein jour,En agglomération,Hors intersection,Normale,Autre collision,,,,,,,,,,,1,2,1,1.0,6.0
201700004144,0017-06-25 12:40:00,17,6,25,12,40,830,127,,43.26178,5.80708,Plein jour,Hors agglomération,Hors intersection,Normale,Sans collision,,,,,,,,,,,1,1,1,1.0,7.0
201700004145,0017-07-12 14:45:00,17,7,12,14,45,830,16,,43.1824,5.82204,Plein jour,Hors agglomération,Autre intersection,Normale,Deux véhicules - frontale,,,,,,,,,,,1,1,9,1.0,1.0
201700004146,0017-07-12 21:00:00,17,7,12,21,0,830,35,"route des hauts du camp,",43.25212,5.77786,Plein jour,Hors agglomération,Hors intersection,Normale,Deux véhicules - frontale,,,,,,,,,,,1,1,1,1.0,1.0
201700004147,0017-07-21 15:27:00,17,7,21,15,27,830,16,rond point G. Pompidou,43.19581,5.80653,Plein jour,En agglomération,Giratoire,Normale,Autre collision,,,,,,,,,,,1,2,6,1.0,6.0
201700004148,0017-07-31 11:30:00,17,7,31,11,30,830,35,intersection DN8 - D402,43.24586,5.80606,Plein jour,Hors agglomération,Hors intersection,Normale,Deux véhicules - frontale,,,,,,,,,,,1,1,1,1.0,1.0
201700004149,0017-09-10 09:45:00,17,9,10,9,45,830,16,RDN8,43.19312,5.80989,Plein jour,Hors agglomération,Hors intersection,Normale,Sans collision,,,,,,,,,,,1,1,1,1.0,7.0
201700004150,0017-09-15 17:45:00,17,9,15,17,45,830,35,"DN8, route des hauts du",43.24582,5.79201,Plein jour,Hors agglomération,Hors intersection,Temps couvert,Deux véhicules - côté,,,,,,,,,,,1,1,1,8.0,3.0
201700004151,0017-09-28 19:00:00,17,9,28,19,0,830,16,Chemin fontaine de cinq,43.20023,5.81105,Plein jour,En agglomération,Hors intersection,Normale,Deux véhicules - côté,,,,,,,,,,,1,2,1,1.0,3.0
201700004152,0017-09-29 17:10:00,17,9,29,17,10,830,16,"RN8, PK 014.750",43.18184,5.82252,Plein jour,Hors agglomération,Hors intersection,Normale,Trois véhicules et plus - collisions multiples,,,,,,,,,,,1,1,1,1.0,5.0
201700004153,0017-10-25 17:20:00,17,10,25,17,20,830,16,Chemin de Pignet,43.19419,5.81633,Plein jour,En agglomération,Hors intersection,Normale,Sans collision,,,,,,,,,,,1,2,1,1.0,7.0
201700004154,0017-12-16 14:40:00,17,12,16,14,40,830,16,"DN8, quartier pas de pou",43.21336,5.81476,Plein jour,Hors agglomération,Hors intersection,Normale,Autre collision,,,,,,,,,,,1,1,1,1.0,6.0
201700004155,0017-12-23 18:30:00,17,12,23,18,30,830,127,CD2,43.28555,5.84697,Nuit sans éclairage public,Hors agglomération,Hors intersection,Normale,Autre collision,,,,,,,,,,,3,1,1,1.0,6.0
201700004156,0017-02-03 09:15:00,17,2,3,9,15,830,47,avenue du Général de Gau,43.14786,6.07562,Plein jour,En agglomération,Hors intersection,Normale,Autre collision,,,,,,,,,,,1,2,1,1.0,6.0
201700004157,0017-05-21 16:55:00,17,5,21,16,55,830,47,1400 chemin Long,43.13158,6.07029,Plein jour,Hors agglomération,Hors intersection,Normale,Deux véhicules - côté,,,,,,,,,,,1,1,1,1.0,3.0
201700004158,0017-12-03 05:00:00,17,12,3,5,0,830,47,chemin Long,43.1314,6.04537,Nuit sans éclairage public,Hors agglomération,Hors intersection,Normale,Autre collision,,,,,,,,,,,3,1,1,1.0,6.0
201700004159,0017-01-24 09:00:00,17,1,24,9,0,830,71,RD 98,43.15,6.28234,Plein jour,Hors agglomération,Hors intersection,Normale,Autre collision,,,,,,,,,,,1,1,1,1.0,6.0
201700004160,0017-08-20 13:30:00,17,8,20,13,30,830,71,Avenue du Gén de Gaulle,43.1286,6.24147,Plein jour,En agglomération,Hors intersection,Normale,Autre collision,,,,,,,,,,,1,2,1,1.0,6.0
201700004161,0017-09-01 13:00:00,17,9,1,13,0,830,71,avenue Albert Roux,43.13633,6.22989,Plein jour,En agglomération,Hors intersection,Normale,Deux véhicules - frontale,,,,,,,,,,,1,2,1,1.0,1.0
201700004162,0017-09-10 10:30:00,17,9,10,10,30,830,71,Avenue Marcel Pagnol,43.13594,6.23309,Plein jour,En agglomération,Hors intersection,Normale,Autre collision,,,,,,,,,,,1,2,1,1.0,6.0
201700004163,0017-11-14 08:05:00,17,11,14,8,5,830,71,D42A ROUTE DE PELLEGRIN,43.12943,6.27075,Plein jour,Hors agglomération,Hors intersection,Normale,Deux véhicules - côté,,,,,,,,,,,1,1,1,1.0,3.0
201700004164,0017-02-16 19:45:00,17,2,16,19,45,830,112,Boulevard des Lavandes,43.18225,5.68952,Nuit avec éclairage allumé,En agglomération,Hors intersection,Normale,Autre collision,,,,,,,,,,,5,2,1,1.0,6.0
201700004165,0017-02-28 13:20:00,17,2,28,13,20,830,112,Avenue des Lecques,43.18373,5.70057,Plein jour,En agglomération,Hors intersection,Normale,Deux véhicules - côté,,,,,,,,,,,1,2,1,1.0,3.0
201700004166,0017-03-02 16:00:00,17,3,2,16,0,830,112,Route de la Cadière,43.17436,5.7278,Plein jour,Hors agglomération,Hors intersection,Normale,Deux véhicules - frontale,,,,,,,,,,,1,1,1,1.0,1.0
201700004167,0017-05-28 17:40:00,17,5,28,17,40,830,112,route de port d'ALON,43.15653,5.71478,Plein jour,Hors agglomération,Hors intersection,Normale,Deux véhicules - frontale,,,,,,,,,,,1,1,1,1.0,1.0
201700004168,0017-06-06 22:40:00,17,6,6,22,40,830,112,Avenue de Tauroentum,43.17467,5.70082,Nuit avec éclairage allumé,En agglomération,Hors intersection,Normale,Deux véhicules - côté,,,,,,,,,,,5,2,1,1.0,3.0
201700004169,0017-07-14 14:30:00,17,7,14,14,30,830,112,ROUTE DE LA CIOTAT,43.18069,5.68055,Plein jour,Hors agglomération,Hors intersection,Normale,Deux véhicules - arrière,,,,,,,,,,,1,1,1,1.0,2.0
201700004170,0017-07-16 14:00:00,17,7,16,14,0,830,112,,43.17153,5.70563,Plein jour,Hors agglomération,Hors intersection,Normale,Sans collision,,,,,,,,,,,1,1,1,1.0,7.0
201700004171,0017-07-19 18:00:00,17,7,19,18,0,830,112,2300 chemin de saint Ant,43.19239,5.68072,Plein jour,En agglomération,Hors intersection,Normale,Sans collision,,,,,,,,,,,1,2,1,1.0,7.0
201700004172,0017-07-24 23:45:00,17,7,24,23,45,830,112,Rond point de Sorba,43.17153,5.70563,Nuit avec éclairage allumé,En agglomération,Giratoire,Normale,Autre collision,,,,,,,,,,,5,2,6,1.0,6.0
201700004173,0017-08-01 10:00:00,17,8,1,10,0,830,112,"247, bld des Lavandes",43.18197,5.68993,Plein jour,En agglomération,Hors intersection,Normale,Autre collision,,,,,,,,,,,1,2,1,1.0,6.0
201700004174,0017-08-04 15:00:00,17,8,4,15,0,830,112,CD 559 route de bandol,43.17153,5.70563,Plein jour,Hors agglomération,Hors intersection,Normale,Deux véhicules - côté,,,,,,,,,,,1,1,1,1.0,3.0
201700004175,0017-08-19 16:45:00,17,8,19,16,45,830,112,D87 route de tauroemtum,43.17922,5.70009,Plein jour,En agglomération,Hors intersection,Normale,Autre collision,,,,,,,,,,,1,2,1,1.0,6.0
201700004176,0017-08-25 10:30:00,17,8,25,10,30,830,112,avenue de tauroentum,43.17275,5.69792,Plein jour,En agglomération,Hors intersection,Normale,Autre collision,,,,,,,,,,,1,2,1,1.0,6.0
201700004177,0017-09-05 17:50:00,17,9,5,17,50,830,27,D559B,43.16735,5.76905,Plein jour,Hors agglomération,Hors intersection,Normale,Deux véhicules - arrière,,,,,,,,,,,1,1,1,1.0,2.0
201700004178,0017-10-11 17:20:00,17,10,11,17,20,830,27,chemin Saint Antoine,43.20275,5.72338,Plein jour,Hors agglomération,Hors intersection,Normale,Sans collision,,,,,,,,,,,1,1,1,1.0,7.0
201700004179,0017-10-23 08:30:00,17,10,23,8,30,830,112,D559,43.18208,5.69545,Plein jour,En agglomération,Hors intersection,Temps couvert,Autre collision,,,,,,,,,,,1,2,1,8.0,6.0
201700004180,0017-11-11 21:22:00,17,11,11,21,22,830,27,2420 route de La Cadière,43.18406,5.73819,Nuit sans éclairage public,Hors agglomération,Hors intersection,Normale,Autre collision,,,,,,,,,,,3,1,1,1.0,6.0
201700004181,0017-12-16 14:20:00,17,12,16,14,20,830,112,487 route de la Madrague,43.16838,5.69618,Plein jour,En agglomération,Hors intersection,Normale,Deux véhicules - frontale,,,,,,,,,,,1,2,1,1.0,1.0
201700004182,0017-01-21 17:15:00,17,1,21,17,15,840,141,place des petits ponts,43.97973,4.90616,Crépuscule ou aube,En agglomération,Hors intersection,Normale,Autre collision,,,,,,,,,,,2,2,1,1.0,6.0
201700004183,0017-04-19 17:10:00,17,4,19,17,10,840,119,place des cafés,43.95688,4.93085,Plein jour,En agglomération,Giratoire,Normale,Autre collision,,,,,,,,,,,1,2,6,1.0,6.0
201700004184,0017-04-26 09:50:00,17,4,26,9,50,840,119,route du Puy,43.95524,4.92958,Plein jour,En agglomération,Hors intersection,Normale,Autre collision,,,,,,,,,,,1,2,1,1.0,6.0
201700004185,0017-05-28 17:20:00,17,5,28,17,20,840,36,CD 6 carrefour route de,43.92747,4.94892,Plein jour,En agglomération,Intersection en T,Normale,Deux véhicules - frontale,,,,,,,,,,,1,2,3,1.0,1.0
201700004186,0017-06-13 16:30:00,17,6,13,16,30,840,34,D900 après le carrefour,43.8842,4.97566,Plein jour,Hors agglomération,Hors intersection,Temps éblouissant,Deux véhicules - frontale,,,,,,,,,,,1,1,1,7.0,1.0
201700004187,0017-06-20 17:10:00,17,6,20,17,10,840,141,route de morieres,43.96111,4.89917,Plein jour,Hors agglomération,Autre intersection,Normale,Deux véhicules - côté,,,,,,,,,,,1,1,9,1.0,3.0
201700004188,0017-06-24 00:48:00,17,6,24,0,48,840,141,avenue Vidier / D53 rout,43.97541,4.90216,Nuit avec éclairage allumé,En agglomération,Intersection en T,Normale,Deux véhicules - côté,,,,,,,,,,,5,2,3,1.0,3.0
201700004189,0017-07-13 18:20:00,17,7,13,18,20,840,81,73 RUE ARISTIDE BRIAND,43.93969,4.90327,Plein jour,En agglomération,Giratoire,Normale,Deux véhicules - côté,,,,,,,,,,,1,2,6,1.0,3.0
201700004190,0017-09-29 11:25:00,17,9,29,11,25,840,141,route du pont blanc,43.98084,4.88689,Plein jour,Hors agglomération,Hors intersection,Normale,Deux véhicules - arrière,,,,,,,,,,,1,1,1,1.0,2.0
201700004191,0017-10-20 00:40:00,17,10,20,0,40,840,141,route départementale 942,43.97227,4.90567,Nuit avec éclairage allumé,Hors agglomération,Hors intersection,Normale,Autre collision,,,,,,,,,,,5,1,1,1.0,6.0
201700004192,0017-10-20 09:09:00,17,10,20,9,9,840,141,260 Avenue de la Fonderi,43.98527,4.90157,Plein jour,En agglomération,Autre intersection,Normale,Autre collision,,,,,,,,,,,1,2,9,1.0,6.0
201700004193,0017-10-24 15:45:00,17,10,24,15,45,840,81,1001 RUE FOLARD,43.95273,4.90208,Plein jour,En agglomération,Autre intersection,Pluie légère,Autre collision,,,,,,,,,,,1,2,9,2.0,6.0
201700004194,0017-12-06 12:30:00,17,12,6,12,30,840,34,départementale 6,43.90376,4.94774,Plein jour,Hors agglomération,Intersection en T,Normale,Trois véhicules et plus - collisions multiples,,,,,,,,,,,1,1,3,1.0,5.0
201700004195,0017-01-23 15:00:00,17,1,23,15,0,840,54,route de Robion,43.9019,5.05478,Plein jour,Hors agglomération,Hors intersection,Normale,Deux véhicules - arrière,,,,,,,,,,,1,1,1,1.0,2.0
201700004196,0017-01-29 20:30:00,17,1,29,20,30,840,132,D900 PK7+950,43.88275,5.00675,Nuit sans éclairage public,Hors agglomération,Giratoire,Normale,Sans collision,,,,,,,,,,,3,1,6,1.0,7.0
201700004197,0017-02-11 17:25:00,17,2,11,17,25,840,54,CD 938 à hauteur du chem,43.94256,5.06052,Plein jour,Hors agglomération,Hors intersection,Normale,Deux véhicules - frontale,,,,,,,,,,,1,1,1,1.0,1.0
201700004198,0017-04-25 17:45:00,17,4,25,17,45,840,54,rd938 route de CAVAILLON,43.88615,5.04095,Plein jour,Hors agglomération,Hors intersection,Normale,Deux véhicules - côté,,,,,,,,,,,1,1,1,1.0,3.0
201700004199,0017-05-20 22:30:00,17,5,20,22,30,840,54,route de Fontaine de Vau,43.92038,5.08025,Nuit sans éclairage public,Hors agglomération,Hors intersection,Normale,Deux véhicules - frontale,,,,,,,,,,,3,1,1,1.0,1.0
201700004200,0017-05-23 10:00:00,17,5,23,10,0,840,54,589 avenue jean charmass,43.91736,5.06225,Plein jour,En agglomération,Hors intersection,Normale,Deux véhicules - arrière,,,,,,,,,,,1,2,1,1.0,2.0
201700004201,0017-05-24 10:30:00,17,5,24,10,30,840,54,route de monteux - D31,43.9191,5.02913,Plein jour,Hors agglomération,Intersection en T,Normale,Deux véhicules - côté,,,,,,,,,,,1,1,3,1.0,3.0
201700004202,0017-05-25 07:40:00,17,5,25,7,40,840,54,"1141, route de caumont",43.91201,5.03428,Plein jour,Hors agglomération,Hors intersection,Normale,Deux véhicules - frontale,,,,,,,,,,,1,1,1,1.0,1.0
201700004203,0017-06-09 21:45:00,17,6,9,21,45,840,54,route de Cavaillon,43.87778,5.0391,Nuit sans éclairage public,Hors agglomération,Hors intersection,Normale,Deux véhicules - frontale,,,,,,,,,,,3,1,1,1.0,1.0
201700004204,0017-06-15 10:15:00,17,6,15,10,15,840,54,D938,43.88314,5.04065,Plein jour,Hors agglomération,Hors intersection,Normale,Trois véhicules et plus - collisions multiples,,,,,,,,,,,1,1,1,1.0,5.0
201700004205,0017-08-20 05:45:00,17,8,20,5,45,840,54,route de caumont / chemi,43.90416,5.01833,Nuit sans éclairage public,Hors agglomération,Hors intersection,Normale,Autre collision,,,,,,,,,,,3,1,1,1.0,6.0
201700004206,0017-08-30 01:20:00,17,8,30,1,20,840,132,Chemin des Estourans,43.92913,4.99688,Nuit sans éclairage public,En agglomération,Hors intersection,Normale,Autre collision,,,,,,,,,,,3,2,1,1.0,6.0
201700004207,0017-10-04 19:30:00,17,10,4,19,30,840,132,D25 PR 3+900,43.89729,4.98759,Nuit sans éclairage public,Hors agglomération,Hors intersection,Normale,Autre collision,,,,,,,,,,,3,1,1,1.0,6.0
201700004208,0017-10-06 05:39:00,17,10,6,5,39,840,54,route de Caumont D25,43.91082,5.03199,Nuit sans éclairage public,Hors agglomération,Hors intersection,Normale,Autre collision,,,,,,,,,,,3,1,1,1.0,6.0
201700004209,0017-11-08 11:30:00,17,11,8,11,30,840,54,Avenue Jean Bouin,43.92227,5.04257,Plein jour,En agglomération,Hors intersection,Normale,Deux véhicules - arrière,,,,,,,,,,,1,2,1,1.0,2.0
201700004210,0017-12-09 19:30:00,17,12,9,19,30,840,132,route des vignères,43.91667,4.99637,Nuit sans éclairage public,Hors agglomération,Hors intersection,Normale,Deux véhicules - frontale,,,,,,,,,,,3,1,1,1.0,1.0
201700004211,0017-03-28 08:00:00,17,3,28,8,0,840,92,62 avenue François Lasco,43.96255,4.86325,Plein jour,En agglomération,Intersection en X,Normale,Deux véhicules - côté,,,,,,,,,,,1,2,2,1.0,3.0
201700004212,0017-04-18 09:50:00,17,4,18,9,50,840,92,Route de Védene,,,Plein jour,En agglomération,Hors intersection,Vent fort / tempête,Sans collision,,,,,,,,,,,1,2,1,6.0,7.0
201700004213,0017-04-23 18:05:00,17,4,23,18,5,840,92,29 avenue François LASCO,43.96276,4.86623,Plein jour,En agglomération,Intersection en T,Normale,Deux véhicules - côté,,,,,,,,,,,1,2,3,1.0,3.0
201700004214,0017-05-27 15:00:00,17,5,27,15,0,840,92,Rue de la petite Verdett,43.97752,4.859,Plein jour,Hors agglomération,Intersection en T,Normale,Deux véhicules - frontale,,,,,,,,,,,1,1,3,1.0,1.0
201700004215,0017-08-14 12:35:00,17,8,14,12,35,840,92,2 AVENUE DE LA REPUBLIQU,43.96151,4.85802,Plein jour,En agglomération,Hors intersection,Normale,Sans collision,,,,,,,,,,,1,2,1,1.0,7.0
201700004216,0017-09-15 07:55:00,17,9,15,7,55,840,92,avenue Guillaume de Farg,43.96127,4.86339,Plein jour,En agglomération,Hors intersection,Normale,Deux véhicules - côté,,,,,,,,,,,1,2,1,1.0,3.0
201700004217,0017-11-12 08:15:00,17,11,12,8,15,840,92,avenue charles de gaulle,43.95544,4.84189,Plein jour,En agglomération,Hors intersection,Normale,Autre collision,,,,,,,,,,,1,2,1,1.0,6.0
201700004218,0017-11-15 17:45:00,17,11,15,17,45,840,92,60 route de Carpentras,43.96547,4.86321,Nuit avec éclairage allumé,En agglomération,Intersection en T,Normale,Deux véhicules - arrière,,,,,,,,,,,5,2,3,1.0,2.0
201700004219,0017-11-20 12:40:00,17,11,20,12,40,840,92,Avenue Louis Pasteur,43.95363,4.85827,Plein jour,En agglomération,Intersection en T,Normale,Deux véhicules - côté,,,,,,,,,,,1,2,3,1.0,3.0
201700004220,0017-11-28 07:15:00,17,11,28,7,15,840,92,69 AVENUE CHARLES DE GAU,43.95597,4.84413,Crépuscule ou aube,En agglomération,Hors intersection,Normale,Deux véhicules - côté,,,,,,,,,,,2,2,1,1.0,3.0
201700004221,0017-12-18 14:50:00,17,12,18,14,50,840,92,avenue Théophile Delorme,43.96389,4.85829,Plein jour,En agglomération,Intersection en X,Normale,Trois véhicules et plus - collisions multiples,,,,,,,,,,,1,2,2,1.0,5.0
201700004222,0017-01-26 08:30:00,17,1,26,8,30,840,16,rd 192 route de chateaun,44.04712,4.87958,Plein jour,Hors agglomération,Hors intersection,Neige / grêle,Deux véhicules - frontale,,,,,,,,,,,1,1,1,4.0,1.0
201700004223,0017-02-02 07:25:00,17,2,2,7,25,840,129,route d'entraigues,44.00475,4.89255,Plein jour,En agglomération,Hors intersection,Normale,Deux véhicules - frontale,,,,,,,,,,,1,2,1,1.0,1.0
201700004224,0017-02-04 03:30:00,17,2,4,3,30,840,129,RD 225,44.00812,4.88491,Nuit avec éclairage allumé,Hors agglomération,Hors intersection,Normale,Autre collision,,,,,,,,,,,5,1,1,1.0,6.0
201700004225,0017-02-09 18:55:00,17,2,9,18,55,840,129,BD Salvador ALLENDE,44.00344,4.88155,Nuit avec éclairage allumé,En agglomération,Hors intersection,Normale,Autre collision,,,,,,,,,,,5,2,1,1.0,6.0
201700004226,0017-02-14 19:35:00,17,2,14,19,35,840,129,avenue du 08 mai 1945,44.00852,4.87271,Nuit avec éclairage allumé,En agglomération,Intersection en Y,Pluie légère,Autre collision,,,,,,,,,,,5,2,4,2.0,6.0
201700004227,0017-02-16 14:00:00,17,2,16,14,0,840,129,AVENUE GENTILLY,44.00485,4.87204,Plein jour,En agglomération,Hors intersection,Normale,Deux véhicules - côté,,,,,,,,,,,1,2,1,1.0,3.0
201700004228,0017-02-24 17:30:00,17,2,24,17,30,840,16,petite route de sorgues,44.03717,4.88932,Crépuscule ou aube,En agglomération,Hors intersection,Vent fort / tempête,Autre collision,,,,,,,,,,,2,2,1,6.0,6.0
201700004229,0017-03-06 08:40:00,17,3,6,8,40,840,129,avenue des frères lumièr,44.02591,4.88625,Plein jour,En agglomération,Hors intersection,Pluie légère,Deux véhicules - frontale,,,,,,,,,,,1,2,1,2.0,1.0
201700004230,0017-03-08 18:00:00,17,3,8,18,0,840,129,391 chemin des combes,44.01166,4.8665,Crépuscule ou aube,En agglomération,Hors intersection,Normale,Deux véhicules - côté,,,,,,,,,,,2,2,1,1.0,3.0
201700004231,0017-03-09 15:30:00,17,3,9,15,30,840,16,RD 907,44.05009,4.88868,Plein jour,Hors agglomération,Hors intersection,Vent fort / tempête,Trois véhicules et plus - en chaîne,,,,,,,,,,,1,1,1,6.0,4.0
201700004232,0017-03-10 00:30:00,17,3,10,0,30,840,129,route de vedene,43.99783,4.88229,Nuit avec éclairage allumé,En agglomération,Hors intersection,Normale,Autre collision,,,,,,,,,,,5,2,1,1.0,6.0
201700004233,0017-03-18 14:06:00,17,3,18,14,6,840,129,centre commercial AUCHAN,44.00812,4.88491,Plein jour,Hors agglomération,Hors intersection,Normale,Deux véhicules - côté,,,,,,,,,,,1,1,1,1.0,3.0
201700004234,0017-04-01 19:00:00,17,4,1,19,0,840,129,Avenue Marc Lepoutre / C,43.98971,4.88105,Plein jour,Hors agglomération,Hors intersection,Normale,Sans collision,,,,,,,,,,,1,1,1,1.0,7.0
201700004235,0017-04-02 21:30:00,17,4,2,21,30,840,129,Chemin des ramières,44.01734,4.87604,Nuit avec éclairage allumé,En agglomération,Hors intersection,Temps couvert,Deux véhicules - frontale,,,,,,,,,,,5,2,1,8.0,1.0
201700004236,0017-04-15 12:40:00,17,4,15,12,40,840,129,D907,43.9746,4.858,Plein jour,Hors agglomération,Intersection en X,Normale,Deux véhicules - côté,,,,,,,,,,,1,1,2,1.0,3.0
201700004237,0017-04-24 22:40:00,17,4,24,22,40,840,129,RD 907 face EURENCO,43.99248,4.86414,Nuit avec éclairage allumé,En agglomération,Intersection à plus de 4 branches,Normale,Deux véhicules - arrière,,,,,,,,,,,5,2,5,1.0,2.0
201700004238,0017-04-27 17:50:00,17,4,27,17,50,840,129,route d'entraigues,44.00762,4.87763,Plein jour,En agglomération,Hors intersection,Normale,Deux véhicules - côté,,,,,,,,,,,1,2,1,1.0,3.0
201700004239,0017-05-26 05:20:00,17,5,26,5,20,840,16,Route de Monteux,44.04183,4.89949,Crépuscule ou aube,Hors agglomération,Hors intersection,Normale,Autre collision,,,,,,,,,,,2,1,1,1.0,6.0
201700004240,0017-06-01 16:10:00,17,6,1,16,10,840,129,Rond point autoroute int,44.00812,4.88491,Plein jour,En agglomération,Giratoire,Pluie forte,Deux véhicules - côté,,,,,,,,,,,1,2,6,3.0,3.0
201700004241,0017-06-05 18:30:00,17,6,5,18,30,840,129,Petite route de Bédarrid,44.01892,4.87791,Plein jour,En agglomération,Hors intersection,Normale,Autre collision,,,,,,,,,,,1,2,1,1.0,6.0
201700004242,0017-06-12 06:30:00,17,6,12,6,30,840,16,Rue vacquerie,44.03973,4.89714,Plein jour,En agglomération,Intersection en Y,Normale,Deux véhicules - frontale,,,,,,,,,,,1,2,4,1.0,1.0
201700004243,0017-06-16 04:15:00,17,6,16,4,15,840,16,D907,44.04451,4.88916,Crépuscule ou aube,En agglomération,Intersection en X,Normale,Deux véhicules - côté,,,,,,,,,,,2,2,2,1.0,3.0
201700004244,0017-06-16 16:30:00,17,6,16,16,30,840,129,Rue des Daulands,43.993,4.88453,Plein jour,Hors agglomération,Hors intersection,Normale,Autre collision,,,,,,,,,,,1,1,1,1.0,6.0
201700004245,0017-06-30 05:45:00,17,6,30,5,45,840,129,rd 907,43.96111,4.89917,Crépuscule ou aube,En agglomération,Intersection en X,Normale,Autre collision,,,,,,,,,,,2,2,2,1.0,6.0
201700004246,0017-07-13 18:30:00,17,7,13,18,30,840,16,CHEMIN DES POUDRIES,44.04821,4.90078,Plein jour,Hors agglomération,Hors intersection,Normale,Deux véhicules - côté,,,,,,,,,,,1,1,1,1.0,3.0
201700004247,0017-07-15 09:00:00,17,7,15,9,0,840,16,D87,44.03168,4.92063,Plein jour,Hors agglomération,Hors intersection,Normale,Autre collision,,,,,,,,,,,1,1,1,1.0,6.0
201700004248,0017-07-26 14:00:00,17,7,26,14,0,840,16,chemin des poudries,44.04821,4.90078,Plein jour,En agglomération,Hors intersection,Normale,Autre collision,,,,,,,,,,,1,2,1,1.0,6.0
201700004249,0017-08-04 17:15:00,17,8,4,17,15,840,129,Rue Mireille,44.00406,4.87407,Plein jour,En agglomération,Intersection en Y,Normale,Deux véhicules - frontale,,,,,,,,,,,1,2,4,1.0,1.0
201700004250,0017-08-07 12:05:00,17,8,7,12,5,840,129,Boulevard Salvator Allen,44.00594,4.88713,Plein jour,En agglomération,Giratoire,Normale,Deux véhicules - arrière,,,,,,,,,,,1,2,6,1.0,2.0
201700004251,0017-09-17 05:25:00,17,9,17,5,25,840,129,850 chemin de la malauti,44.03138,4.8675,Nuit sans éclairage public,Hors agglomération,Hors intersection,Normale,Autre collision,,,,,,,,,,,3,1,1,1.0,6.0
201700004252,0017-10-04 08:25:00,17,10,4,8,25,840,129,135 Avenue Louis Pasteur,43.98493,4.8889,Plein jour,En agglomération,Hors intersection,Normale,Sans collision,,,,,,,,,,,1,2,1,1.0,7.0
201700004253,0017-10-08 22:14:00,17,10,8,22,14,840,16,Route de Monteux,44.03262,4.91338,Nuit sans éclairage public,Hors agglomération,Intersection en X,Normale,Sans collision,,,,,,,,,,,3,1,2,1.0,7.0
201700004254,0017-10-15 20:40:00,17,10,15,20,40,840,129,boulevard salvator Allen,44.01228,4.88584,Nuit avec éclairage non allumé,En agglomération,Hors intersection,Normale,Sans collision,,,,,,,,,,,4,2,1,1.0,7.0
201700004255,0017-10-16 16:30:00,17,10,16,16,30,840,129,AVENUE D'AVIGNON,43.99461,4.86531,Plein jour,En agglomération,Intersection en X,Normale,Trois véhicules et plus - en chaîne,,,,,,,,,,,1,2,2,1.0,4.0
201700004256,0017-10-18 16:20:00,17,10,18,16,20,840,16,Avenue des Verdeaux,44.04132,4.89295,Plein jour,En agglomération,Intersection en T,Normale,Deux véhicules - côté,,,,,,,,,,,1,2,3,1.0,3.0
201700004257,0017-10-31 17:15:00,17,10,31,17,15,840,129,AVENUE FRANCOIS MAURIAC,43.98456,4.88657,Crépuscule ou aube,Hors agglomération,Hors intersection,Normale,Deux véhicules - côté,,,,,,,,,,,2,1,1,1.0,3.0
201700004258,0017-12-10 10:45:00,17,12,10,10,45,840,129,rd 225,43.98484,4.89024,Plein jour,Hors agglomération,Giratoire,Pluie légère,Deux véhicules - côté,,,,,,,,,,,1,1,6,2.0,3.0
201700004259,0017-02-07 19:00:00,17,2,7,19,0,840,3,D900 / D201,43.88453,5.36004,Nuit avec éclairage allumé,Hors agglomération,Giratoire,Normale,Deux véhicules - côté,,,,,,,,,,,5,1,6,1.0,3.0
201700004260,0017-04-03 12:00:00,17,4,3,12,0,840,105,RD 900,43.86027,5.43791,Plein jour,Hors agglomération,Hors intersection,Normale,Autre collision,,,,,,,,,,,1,1,1,1.0,6.0
201700004261,0017-05-18 12:35:00,17,5,18,12,35,840,3,D231,43.88133,5.4257,Plein jour,Hors agglomération,Hors intersection,Normale,Autre collision,,,,,,,,,,,1,1,1,1.0,6.0