accident_id,datetime,annee,mois,jour,heure,minute,departement,commune_insee,adresse,latitude,longitude,luminosite,agglomeration,intersection,meteo,collision,nb_vehicules,nb_usagers,nb_indemnes,nb_tues,nb_blesses_hosp,nb_blesses_legers,age_cond_1,age_cond_2,veh_type_cond_1,veh_type_cond_2,lum_code,agg_code,int_code,atm_code,col_code
201700004262,0017-06-07 08:55:00,17,6,7,8,55,840,3,QUAI GENERAL LECLERC,43.87603,5.40003,Plein jour,En agglomération,Hors intersection,Normale,Autre collision,,,,,,,,,,,1,2,1,1.0,6.0
201700004263,0017-06-20 14:30:00,17,6,20,14,30,840,3,D 943,43.88537,5.38105,Plein jour,En agglomération,Intersection en T,Normale,Deux véhicules - frontale,,,,,,,,,,,1,2,3,1.0,1.0
201700004264,0017-06-21 07:15:00,17,6,21,7,15,840,145,D214,43.92867,5.42117,Plein jour,Hors agglomération,Intersection en Y,Normale,Autre collision,,,,,,,,,,,1,1,4,1.0,6.0
201700004265,0017-07-13 10:10:00,17,7,13,10,10,840,118,Cours de la liberté,43.9465,5.38761,Plein jour,En agglomération,Hors intersection,Normale,Autre collision,,,,,,,,,,,1,2,1,1.0,6.0
201700004266,0017-07-21 02:20:00,17,7,21,2,20,840,47,CD 101,43.89279,5.36651,Nuit avec éclairage allumé,En agglomération,Hors intersection,Normale,Autre collision,,,,,,,,,,,5,2,1,1.0,6.0
201700004267,0017-09-03 16:10:00,17,9,3,16,10,840,48,Départementale 30,43.94314,5.52467,Plein jour,Hors agglomération,Hors intersection,Normale,Autre collision,,,,,,,,,,,1,1,1,1.0,6.0
201700004268,0017-09-09 13:00:00,17,9,9,13,0,840,105,CD 900,43.86819,5.45542,Plein jour,Hors agglomération,Hors intersection,Pluie légère,Deux véhicules - frontale,,,,,,,,,,,1,1,1,2.0,1.0
201700004269,0017-07-19 22:40:00,17,7,19,22,40,840,3,D943 B,43.87623,5.37155,Nuit sans éclairage public,Hors agglomération,Hors intersection,Normale,Autre collision,,,,,,,,,,,3,1,1,1.0,6.0
201700004270,0017-11-08 11:30:00,17,11,8,11,30,840,3,avenue Jean Moulin,43.88103,5.3949,Plein jour,En agglomération,Intersection en T,Normale,Autre collision,,,,,,,,,,,1,2,3,1.0,6.0
201700004271,0017-11-18 14:55:00,17,11,18,14,55,840,118,D2,43.93046,5.34643,Plein jour,Hors agglomération,Intersection en T,Normale,Deux véhicules - côté,,,,,,,,,,,1,1,3,1.0,3.0
201700004272,0017-11-26 05:15:00,17,11,26,5,15,840,47,lieu dit les chênes,43.89297,5.34713,Nuit avec éclairage non allumé,En agglomération,Hors intersection,Normale,Autre collision,,,,,,,,,,,4,2,1,1.0,6.0
201700004273,0017-12-15 16:00:00,17,12,15,16,0,840,3,AVENUE DE LANÇON,43.88543,5.37461,Plein jour,En agglomération,Intersection en T,Normale,Autre collision,,,,,,,,,,,1,2,3,1.0,6.0
201700004274,0017-02-06 16:05:00,17,2,6,16,5,840,26,RD 973,43.72022,5.3918,Plein jour,Hors agglomération,Intersection en T,Normale,Deux véhicules - côté,,,,,,,,,,,1,1,3,1.0,3.0
201700004275,0017-02-07 20:40:00,17,2,7,20,40,840,65,Ancienne route de Puget,43.75147,5.30361,Nuit sans éclairage public,En agglomération,Hors intersection,Normale,Sans collision,,,,,,,,,,,3,2,1,1.0,7.0
201700004276,0017-05-05 01:45:00,17,5,5,1,45,840,26,RD 943,43.73007,5.38621,Nuit avec éclairage allumé,En agglomération,Giratoire,Normale,Autre collision,,,,,,,,,,,5,2,6,1.0,6.0
201700004277,0017-06-25 09:00:00,17,6,25,9,0,840,74,D32,43.74324,5.17771,Plein jour,Hors agglomération,Hors intersection,Normale,Deux véhicules - frontale,,,,,,,,,,,1,1,1,1.0,1.0
201700004278,0017-06-26 13:00:00,17,6,26,13,0,840,147,D973 A,43.71749,5.41736,Plein jour,Hors agglomération,Hors intersection,Temps couvert,Autre collision,,,,,,,,,,,1,1,1,8.0,6.0
201700004279,0017-07-09 11:30:00,17,7,9,11,30,840,26,chemin de lauris,43.74138,5.34513,Plein jour,Hors agglomération,Hors intersection,Pluie légère,Deux véhicules - frontale,,,,,,,,,,,1,1,1,2.0,1.0
201700004280,0017-07-22 21:50:00,17,7,22,21,50,840,26,RD 943 - Route de Marsei,43.73007,5.38621,Nuit sans éclairage public,Hors agglomération,Hors intersection,Normale,Deux véhicules - arrière,,,,,,,,,,,3,1,1,1.0,2.0
201700004281,0017-07-22 20:15:00,17,7,22,20,15,840,26,CD 943 - Route de Marsei,43.71144,5.36557,Crépuscule ou aube,Hors agglomération,Hors intersection,Normale,Deux véhicules - frontale,,,,,,,,,,,2,1,1,1.0,1.0
201700004282,0017-08-06 08:00:00,17,8,6,8,0,840,95,RD 118,43.74671,5.34015,Plein jour,Hors agglomération,Hors intersection,Pluie légère,Autre collision,,,,,,,,,,,1,1,1,2.0,6.0
201700004283,0017-09-05 15:00:00,17,9,5,15,0,840,26,CD 118,43.73677,5.36611,Plein jour,En agglomération,Hors intersection,Normale,Sans collision,,,,,,,,,,,1,2,1,1.0,7.0
201700004284,0017-09-16 10:29:00,17,9,16,10,29,840,65,"Chemin du plan, départem",43.74359,5.31364,Plein jour,Hors agglomération,Hors intersection,Normale,Deux véhicules - côté,,,,,,,,,,,1,1,1,1.0,3.0
201700004285,0017-09-23 01:00:00,17,9,23,1,0,840,74,D32 La Fabrique,43.75288,5.18081,Nuit sans éclairage public,Hors agglomération,Hors intersection,Normale,Sans collision,,,,,,,,,,,3,1,1,1.0,7.0
201700004286,0017-09-29 22:35:00,17,9,29,22,35,840,95,VC 973 - Le jas,43.74447,5.34004,Nuit sans éclairage public,Hors agglomération,Hors intersection,Normale,Sans collision,,,,,,,,,,,3,1,1,1.0,7.0
201700004287,0017-02-25 20:30:00,17,2,25,20,30,840,122,rue du Moulin,44.07877,4.96708,Nuit sans éclairage public,En agglomération,Hors intersection,Normale,Autre collision,,,,,,,,,,,3,2,1,1.0,6.0
201700004288,0017-03-02 18:40:00,17,3,2,18,40,840,49,D 7 - Route de Vaison,44.15748,5.01488,Crépuscule ou aube,Hors agglomération,Intersection en T,Normale,Deux véhicules - côté,,,,,,,,,,,2,1,3,1.0,3.0
201700004289,0017-03-31 17:50:00,17,3,31,17,50,840,67,D107 route de monteux,44.06474,5.00216,Plein jour,Hors agglomération,Intersection en T,Normale,Deux véhicules - côté,,,,,,,,,,,1,1,3,1.0,3.0
201700004290,0017-05-01 17:30:00,17,5,1,17,30,840,12,D7 - route de Vacqueyras,44.12022,5.01767,Plein jour,Hors agglomération,Hors intersection,Normale,Deux véhicules - frontale,,,,,,,,,,,1,1,1,1.0,1.0
201700004291,0017-05-28 15:45:00,17,5,28,15,45,840,122,D 52 route de vacqueyras,44.1143,4.97878,Plein jour,Hors agglomération,Hors intersection,Normale,Deux véhicules - frontale,,,,,,,,,,,1,1,1,1.0,1.0
201700004292,0017-05-24 17:45:00,17,5,24,17,45,840,12,route de carpentras,44.11629,5.01657,Plein jour,Hors agglomération,Intersection en T,Normale,Deux véhicules - côté,,,,,,,,,,,1,1,3,1.0,3.0
201700004293,0017-06-11 11:30:00,17,6,11,11,30,840,4,départementale 7,44.11407,5.01844,Plein jour,Hors agglomération,Hors intersection,Normale,Deux véhicules - frontale,,,,,,,,,,,1,1,1,1.0,1.0
201700004294,0017-07-01 18:15:00,17,7,1,18,15,840,67,866 AVENUE DE LA GARE,44.08406,5.0133,Plein jour,Hors agglomération,Hors intersection,Normale,Sans collision,,,,,,,,,,,1,1,1,1.0,7.0
201700004295,0017-10-27 07:45:00,17,10,27,7,45,840,4,avenue majoral jouve,44.09733,5.02541,Crépuscule ou aube,En agglomération,Hors intersection,Normale,Autre collision,,,,,,,,,,,2,2,1,1.0,6.0
201700004296,0017-11-30 17:50:00,17,11,30,17,50,840,4,"2734, AVENUE MAJORAL JOU",44.07461,5.04125,Nuit sans éclairage public,Hors agglomération,Intersection en T,Normale,Deux véhicules - côté,,,,,,,,,,,3,1,3,1.0,3.0
201700004297,0017-01-06 23:45:00,17,1,6,23,45,840,78,Le Pas d'Arles,44.24302,4.70714,Nuit sans éclairage public,En agglomération,Hors intersection,Vent fort / tempête,Autre collision,,,,,,,,,,,3,2,1,6.0,6.0
201700004298,0017-01-09 14:15:00,17,1,9,14,15,840,19,avenue Emile Lachaux - A,44.27752,4.75839,Plein jour,En agglomération,Giratoire,Normale,Trois véhicules et plus - en chaîne,,,,,,,,,,,1,2,6,1.0,4.0
201700004299,0017-01-14 11:00:00,17,1,14,11,0,840,63,MALATRAS,44.27544,4.66798,Plein jour,Hors agglomération,Autre intersection,Normale,Autre collision,,,,,,,,,,,1,1,9,1.0,6.0
201700004300,0017-01-16 14:50:00,17,1,16,14,50,840,63,N86,44.26135,4.66238,Plein jour,Hors agglomération,Hors intersection,Vent fort / tempête,Autre collision,,,,,,,,,,,1,1,1,6.0,6.0
201700004301,0017-02-15 07:45:00,17,2,15,7,45,840,64,Route Nationale 7,44.3128,4.68563,Plein jour,Hors agglomération,Hors intersection,Normale,Deux véhicules - frontale,,,,,,,,,,,1,1,1,1.0,1.0
201700004302,0017-03-02 16:30:00,17,3,2,16,30,840,19,Avenue Jean Giono,44.28297,4.75085,Plein jour,En agglomération,Giratoire,Normale,Deux véhicules - côté,,,,,,,,,,,1,2,6,1.0,3.0
201700004303,0017-05-01 17:00:00,17,5,1,17,0,840,78,D44,44.25374,4.68895,Plein jour,Hors agglomération,Hors intersection,Normale,Autre collision,,,,,,,,,,,1,1,1,1.0,6.0
201700004304,0017-05-21 11:15:00,17,5,21,11,15,840,78,D26,44.24381,4.72224,Plein jour,Hors agglomération,Hors intersection,Normale,Deux véhicules - frontale,,,,,,,,,,,1,1,1,1.0,1.0
201700004305,0017-06-15 10:00:00,17,6,15,10,0,840,19,Avenue Jean Moulin,44.29204,4.75347,Plein jour,En agglomération,Hors intersection,Normale,Deux véhicules - côté,,,,,,,,,,,1,2,1,1.0,3.0
201700004306,0017-06-20 08:45:00,17,6,20,8,45,840,19,ancienne route de St Pau,44.3107,4.75019,Plein jour,En agglomération,Intersection en T,Normale,Deux véhicules - côté,,,,,,,,,,,1,2,3,1.0,3.0
201700004307,0017-07-11 12:15:00,17,7,11,12,15,840,19,Avenue Emile Lachaux,44.27396,4.75895,Plein jour,Hors agglomération,Intersection en Y,Normale,Deux véhicules - arrière,,,,,,,,,,,1,1,4,1.0,2.0
201700004308,0017-07-21 04:30:00,17,7,21,4,30,840,78,Le passage d'ARLES,44.24644,4.70812,Nuit sans éclairage public,Hors agglomération,Hors intersection,Normale,Autre collision,,,,,,,,,,,3,1,1,1.0,6.0
201700004309,0017-09-03 08:45:00,17,9,3,8,45,840,63,D994,44.26428,4.67523,Plein jour,Hors agglomération,Hors intersection,Normale,Trois véhicules et plus - en chaîne,,,,,,,,,,,1,1,1,1.0,4.0
201700004310,0017-09-21 17:45:00,17,9,21,17,45,840,19,avenue Salvador ALLENDE,44.2885,4.75245,Plein jour,En agglomération,Intersection en X,Normale,Deux véhicules - côté,,,,,,,,,,,1,2,2,1.0,3.0
201700004311,0017-10-10 20:45:00,17,10,10,20,45,840,64,RN7,44.31265,4.68562,Nuit avec éclairage allumé,Hors agglomération,Hors intersection,Normale,Deux véhicules - arrière,,,,,,,,,,,5,1,1,1.0,2.0
201700004312,0017-10-30 15:25:00,17,10,30,15,25,840,78,RN7,44.23226,4.7121,Plein jour,Hors agglomération,Hors intersection,Normale,Trois véhicules et plus - collisions multiples,,,,,,,,,,,1,1,1,1.0,5.0
201700004313,0017-11-11 15:25:00,17,11,11,15,25,840,63,RN 86,44.27636,4.67519,Plein jour,Hors agglomération,Hors intersection,Normale,Autre collision,,,,,,,,,,,1,1,1,1.0,6.0
201700004314,0017-01-16 19:20:00,17,1,16,19,20,840,150,RD 976,44.32683,4.94406,Nuit sans éclairage public,Hors agglomération,Hors intersection,Neige / grêle,Sans collision,,,,,,,,,,,3,1,1,4.0,7.0
201700004315,0017-01-24 07:00:00,17,1,24,7,0,840,138,route de taulignan,44.38722,4.99055,Nuit avec éclairage allumé,En agglomération,Giratoire,Normale,Autre collision,,,,,,,,,,,5,2,6,1.0,6.0
201700004316,0017-03-18 02:45:00,17,3,18,2,45,840,97,D 142,44.35532,4.90808,Nuit sans éclairage public,Hors agglomération,Hors intersection,Normale,Autre collision,,,,,,,,,,,3,1,1,1.0,6.0
201700004317,0017-04-18 17:00:00,17,4,18,17,0,840,138,cours victor hugo,44.38653,4.99046,Plein jour,En agglomération,Hors intersection,Temps éblouissant,Autre collision,,,,,,,,,,,1,2,1,7.0,6.0
201700004318,0017-04-22 19:45:00,17,4,22,19,45,840,150,RD 20,44.30658,4.96876,Plein jour,Hors agglomération,Hors intersection,Normale,Trois véhicules et plus - collisions multiples,,,,,,,,,,,1,1,1,1.0,5.0
201700004319,0017-05-29 11:50:00,17,5,29,11,50,840,138,Route de Richerenches,44.37518,4.94334,Plein jour,Hors agglomération,Intersection en T,Normale,Deux véhicules - côté,,,,,,,,,,,1,1,3,1.0,3.0
201700004320,0017-09-20 10:50:00,17,9,20,10,50,840,138,1 route de saint pierre,44.38396,4.99374,Plein jour,En agglomération,Hors intersection,Normale,Autre collision,,,,,,,,,,,1,2,1,1.0,6.0
201700004321,0017-09-30 04:30:00,17,9,30,4,30,840,150,départementale 976,44.3318,4.94709,Nuit sans éclairage public,Hors agglomération,Hors intersection,Normale,Autre collision,,,,,,,,,,,3,1,1,1.0,6.0
201700004322,0017-10-29 10:00:00,17,10,29,10,0,840,150,D 976,44.33541,4.94718,Plein jour,Hors agglomération,Intersection en T,Normale,Deux véhicules - arrière,,,,,,,,,,,1,1,3,1.0,2.0
201700004323,0017-03-14 13:30:00,17,3,14,13,30,340,90,RD 65,43.65302,3.93636,Plein jour,En agglomération,Hors intersection,Normale,Autre collision,,,,,,,,,,,1,2,1,1.0,6.0
201700004324,0017-04-11 08:45:00,17,4,11,8,45,340,57,RD65,43.64758,3.91102,Plein jour,Hors agglomération,Hors intersection,Normale,Deux véhicules - côté,,,,,,,,,,,1,1,1,1.0,3.0
201700004325,0017-05-23 11:30:00,17,5,23,11,30,340,57,avenue André Ampère,43.6437,3.91549,Plein jour,En agglomération,Hors intersection,Normale,Deux véhicules - côté,,,,,,,,,,,1,2,1,1.0,3.0
201700004326,0017-06-05 09:30:00,17,6,5,9,30,340,57,Avenue Georges Freche,43.63761,3.91119,Plein jour,En agglomération,Giratoire,Normale,Deux véhicules - côté,,,,,,,,,,,1,2,6,1.0,3.0
201700004327,0017-06-11 23:30:00,17,6,11,23,30,340,57,Rond point de Paris,43.63119,3.90828,Nuit avec éclairage allumé,En agglomération,Giratoire,Normale,Sans collision,,,,,,,,,,,5,2,6,1.0,7.0
201700004328,0017-10-25 10:30:00,17,10,25,10,30,340,90,Chemin de doscares,43.63698,3.94028,Plein jour,En agglomération,Hors intersection,Normale,Autre collision,,,,,,,,,,,1,2,1,1.0,6.0
201700004329,0017-11-06 11:45:00,17,11,6,11,45,340,57,D65,43.64654,3.92993,Plein jour,En agglomération,Hors intersection,Normale,Deux véhicules - arrière,,,,,,,,,,,1,2,1,1.0,2.0
201700004330,0017-11-28 14:00:00,17,11,28,14,0,340,57,1001 avenue Marcel Dassa,43.62748,3.9128,Plein jour,En agglomération,Hors intersection,Normale,Deux véhicules - arrière,,,,,,,,,,,1,2,1,1.0,2.0
201700004331,0017-12-31 23:00:00,17,12,31,23,0,340,244,N113 - Rond point du LID,43.6651,4.03897,Nuit sans éclairage public,Hors agglomération,Giratoire,Normale,Autre collision,,,,,,,,,,,3,1,6,1.0,6.0
201700004332,0017-01-24 16:15:00,17,1,24,16,15,340,227,Route départementale 610,43.7414,4.05075,Plein jour,Hors agglomération,Hors intersection,Normale,Autre collision,,,,,,,,,,,1,1,1,1.0,6.0
201700004333,0017-01-26 06:35:00,17,1,26,6,35,340,58,rond point D610-D65-le l,43.66771,3.97509,Nuit sans éclairage public,Hors agglomération,Giratoire,Pluie légère,Sans collision,,,,,,,,,,,3,1,6,2.0,7.0
201700004334,0017-02-25 14:40:00,17,2,25,14,40,340,327,route de nimes croisemen,43.64394,3.95014,Plein jour,Hors agglomération,Hors intersection,Normale,Deux véhicules - côté,,,,,,,,,,,1,1,1,1.0,3.0
201700004335,0017-03-29 18:10:00,17,3,29,18,10,340,327,d 65,43.66265,3.97897,Plein jour,Hors agglomération,Hors intersection,Normale,Deux véhicules - côté,,,,,,,,,,,1,1,1,1.0,3.0
201700004336,0017-03-31 08:00:00,17,3,31,8,0,340,244,Rue des acacias,43.66297,4.03178,Plein jour,En agglomération,Hors intersection,Normale,Sans collision,,,,,,,,,,,1,2,1,1.0,7.0
201700004337,0017-03-31 20:35:00,17,3,31,20,35,340,244,D106,43.6726,4.02681,Nuit sans éclairage public,Hors agglomération,Hors intersection,Normale,Autre collision,,,,,,,,,,,3,1,1,1.0,6.0
201700004338,0017-04-06 10:30:00,17,4,6,10,30,340,33,CD 105 - route de SAINT,43.74504,4.08211,Plein jour,Hors agglomération,Hors intersection,Normale,Deux véhicules - arrière,,,,,,,,,,,1,1,1,1.0,2.0
201700004339,0017-05-10 17:30:00,17,5,10,17,30,340,327,RD 610 Route d'Ales,43.6607,3.9626,Plein jour,En agglomération,Hors intersection,Normale,Deux véhicules - côté,,,,,,,,,,,1,2,1,1.0,3.0
201700004340,0017-05-16 11:10:00,17,5,16,11,10,340,58,rd610,43.66803,3.97571,Plein jour,Hors agglomération,Giratoire,Normale,Deux véhicules - côté,,,,,,,,,,,1,1,6,1.0,3.0
201700004341,0017-05-19 17:30:00,17,5,19,17,30,340,58,D 610,43.67156,3.97978,Plein jour,Hors agglomération,Hors intersection,Normale,Deux véhicules - arrière,,,,,,,,,,,1,1,1,1.0,2.0
201700004342,0017-06-05 17:20:00,17,6,5,17,20,340,256,RD 610,43.70444,4.02522,Plein jour,Hors agglomération,Intersection en X,Normale,Deux véhicules - côté,,,,,,,,,,,1,1,2,1.0,3.0
201700004343,0017-06-30 18:50:00,17,6,30,18,50,340,327,rue de la cave coopérati,43.65364,3.97043,Plein jour,En agglomération,Hors intersection,Normale,Deux véhicules - arrière,,,,,,,,,,,1,2,1,1.0,2.0
201700004344,0017-07-07 07:00:00,17,7,7,7,0,340,256,RD 610,43.69723,4.03768,Plein jour,Hors agglomération,Hors intersection,Normale,Autre collision,,,,,,,,,,,1,1,1,1.0,6.0
201700004345,0017-07-22 10:30:00,17,7,22,10,30,340,256,CD54,43.69565,4.03784,Plein jour,Hors agglomération,Hors intersection,Normale,Autre collision,,,,,,,,,,,1,1,1,1.0,6.0
201700004346,0017-07-29 08:35:00,17,7,29,8,35,340,249,Route de Beaulieu,43.73552,3.99037,Plein jour,Hors agglomération,Hors intersection,Normale,Deux véhicules - côté,,,,,,,,,,,1,1,1,1.0,3.0
201700004347,0017-08-09 15:50:00,17,8,9,15,50,340,256,d54,43.69902,4.02032,Plein jour,Hors agglomération,Hors intersection,Normale,Autre collision,,,,,,,,,,,1,1,1,1.0,6.0
201700004348,0017-08-19 02:35:00,17,8,19,2,35,340,22,Rue du Colombiers,43.65809,4.01247,Nuit avec éclairage allumé,En agglomération,Hors intersection,Normale,Autre collision,,,,,,,,,,,5,2,1,1.0,6.0
201700004349,0017-10-31 21:39:00,17,10,31,21,39,340,227,D 171,43.71523,4.04654,Nuit sans éclairage public,Hors agglomération,Hors intersection,Normale,Autre collision,,,,,,,,,,,3,1,1,1.0,6.0
201700004350,0017-10-11 11:15:00,17,10,11,11,15,340,58,avenue de MONTPELLIER,43.67692,3.98377,Plein jour,En agglomération,Autre intersection,Normale,Autre collision,,,,,,,,,,,1,2,9,1.0,6.0
201700004351,0017-11-16 07:05:00,17,11,16,7,5,340,22,rue de Colombiers,43.65873,4.01534,Crépuscule ou aube,En agglomération,Autre intersection,Normale,Autre collision,,,,,,,,,,,2,2,9,1.0,6.0
201700004352,0017-11-22 19:15:00,17,11,22,19,15,340,58,RD 610,43.67778,3.9838,Nuit avec éclairage allumé,En agglomération,Autre intersection,Normale,Deux véhicules - côté,,,,,,,,,,,5,2,9,1.0,3.0
201700004353,0017-11-28 16:15:00,17,11,28,16,15,340,22,rond point philippe lamo,43.6547,4.00009,Plein jour,En agglomération,Giratoire,Normale,Deux véhicules - côté,,,,,,,,,,,1,2,6,1.0,3.0
201700004354,0017-02-25 12:15:00,17,2,25,12,15,340,344,avenue de lattre de tass,43.56127,4.07699,Plein jour,En agglomération,Hors intersection,Normale,Deux véhicules - côté,,,,,,,,,,,1,2,1,1.0,3.0
201700004355,0017-03-28 12:30:00,17,3,28,12,30,340,344,cd 62,43.5615,4.0366,Plein jour,Hors agglomération,Hors intersection,Normale,Autre collision,,,,,,,,,,,1,1,1,1.0,6.0
201700004356,0017-04-09 18:45:00,17,4,9,18,45,340,344,avenue de Montpellier,43.56264,4.08031,Plein jour,En agglomération,Hors intersection,Normale,Deux véhicules - côté,,,,,,,,,,,1,2,1,1.0,3.0
201700004357,0017-06-16 04:56:00,17,6,16,4,56,340,344,AVENUE ROBERT FAGES,43.56085,4.08181,Nuit avec éclairage allumé,En agglomération,Hors intersection,Normale,Deux véhicules - côté,,,,,,,,,,,5,2,1,1.0,3.0
201700004358,0017-07-04 15:30:00,17,7,4,15,30,340,344,rue jean bene,43.56157,4.08356,Plein jour,En agglomération,Hors intersection,Normale,Autre collision,,,,,,,,,,,1,2,1,1.0,6.0
201700004359,0017-07-04 18:20:00,17,7,4,18,20,340,344,Avenue du Maréchal de La,43.5613,4.07709,Plein jour,En agglomération,Hors intersection,Temps éblouissant,Deux véhicules - côté,,,,,,,,,,,1,2,1,7.0,3.0
201700004360,0017-08-09 09:15:00,17,8,9,9,15,340,344,quai Georges POMPIDOU,43.55968,4.08276,Plein jour,En agglomération,Hors intersection,Normale,Autre collision,,,,,,,,,,,1,2,1,1.0,6.0
201700004361,0017-10-08 12:20:00,17,10,8,12,20,340,344,AVENUE DE MELGUEIL,43.5597,4.08904,Plein jour,En agglomération,Hors intersection,Normale,Autre collision,,,,,,,,,,,1,2,1,1.0,6.0
201700004362,0017-10-21 06:25:00,17,10,21,6,25,340,344,D621E1C,43.57089,4.0787,Nuit sans éclairage public,En agglomération,Hors intersection,Normale,Trois véhicules et plus - collisions multiples,,,,,,,,,,,3,2,1,1.0,5.0
201700004363,0017-01-12 08:05:00,17,1,12,8,5,340,151,"route de la mer, D 61",43.61993,4.1172,Plein jour,Hors agglomération,Hors intersection,Normale,Trois véhicules et plus - collisions multiples,,,,,,,,,,,1,1,1,1.0,5.0
201700004364,0017-01-18 11:30:00,17,1,18,11,30,340,33,RD 34 - Route de Sommièr,43.76392,4.08594,Plein jour,Hors agglomération,Hors intersection,Normale,Deux véhicules - frontale,,,,,,,,,,,1,1,1,1.0,1.0
201700004365,0017-02-07 09:50:00,17,2,7,9,50,340,145,"355, Boulevard Sainte Cl",43.67252,4.14161,Plein jour,En agglomération,Hors intersection,Normale,Autre collision,,,,,,,,,,,1,2,1,1.0,6.0
201700004366,0017-02-13 00:35:00,17,2,13,0,35,340,151,RD34,43.66325,4.17028,Nuit sans éclairage public,Hors agglomération,Hors intersection,Normale,Sans collision,,,,,,,,,,,3,1,1,1.0,7.0
201700004367,0017-02-18 18:15:00,17,2,18,18,15,340,272,Route de LUNEL - RD 24,43.65721,4.1139,Crépuscule ou aube,Hors agglomération,Hors intersection,Normale,Deux véhicules - frontale,,,,,,,,,,,2,1,1,1.0,1.0
201700004368,0017-02-28 17:55:00,17,2,28,17,55,340,145,AVENUE DE LATTRE DE TASS,43.67722,4.12084,Plein jour,En agglomération,Hors intersection,Normale,Deux véhicules - côté,,,,,,,,,,,1,2,1,1.0,3.0
201700004369,0017-03-10 11:30:00,17,3,10,11,30,340,151,Ch Des Parties D24e6,43.67561,4.15681,Plein jour,Hors agglomération,Hors intersection,Normale,Autre collision,,,,,,,,,,,1,1,1,1.0,6.0
201700004370,0017-03-16 08:00:00,17,3,16,8,0,340,146,CD 54,43.69141,4.05779,Plein jour,Hors agglomération,Hors intersection,Normale,Sans collision,,,,,,,,,,,1,1,1,1.0,7.0
201700004371,0017-03-28 19:40:00,17,3,28,19,40,340,145,chemin des boeufs,43.68655,4.1231,Crépuscule ou aube,En agglomération,Giratoire,Normale,Autre collision,,,,,,,,,,,2,2,6,1.0,6.0
201700004372,0017-04-03 11:50:00,17,4,3,11,50,340,340,route de saturargues - D,43.73216,4.13701,Plein jour,En agglomération,Hors intersection,Normale,Sans collision,,,,,,,,,,,1,2,1,1.0,7.0
201700004373,0017-04-07 18:10:00,17,4,7,18,10,340,151,boulevard Emile Zola,43.66343,4.17861,Plein jour,En agglomération,Hors intersection,Normale,Autre collision,,,,,,,,,,,1,2,1,1.0,6.0
201700004374,0017-04-26 18:45:00,17,4,26,18,45,340,145,route de Restinclières,43.68294,4.11542,Plein jour,Hors agglomération,Hors intersection,Normale,Autre collision,,,,,,,,,,,1,1,1,1.0,6.0
201700004375,0017-05-16 10:10:00,17,5,16,10,10,340,151,rue de lattre de tassign,43.66317,4.16716,Plein jour,En agglomération,Hors intersection,Normale,Autre collision,,,,,,,,,,,1,2,1,1.0,6.0
201700004376,0017-05-21 19:45:00,17,5,21,19,45,340,145,D24E4 route mas desport,43.64969,4.13987,Plein jour,Hors agglomération,Hors intersection,Normale,Sans collision,,,,,,,,,,,1,1,1,1.0,7.0
201700004377,0017-05-22 00:15:00,17,5,22,0,15,340,33,D610,43.7509,4.06935,Nuit sans éclairage public,Hors agglomération,Hors intersection,Normale,Autre collision,,,,,,,,,,,3,1,1,1.0,6.0
201700004378,0017-07-03 20:30:00,17,7,3,20,30,340,146,D54 route de St Génies d,43.68585,4.07704,Crépuscule ou aube,Hors agglomération,Hors intersection,Normale,Sans collision,,,,,,,,,,,2,1,1,1.0,7.0
201700004379,0017-07-14 05:15:00,17,7,14,5,15,340,294,D 34,43.70815,4.11752,Crépuscule ou aube,Hors agglomération,Hors intersection,Normale,Deux véhicules - frontale,,,,,,,,,,,2,1,1,1.0,1.0
201700004380,0017-07-27 00:15:00,17,7,27,0,15,340,145,rd61,43.6665,4.14088,Nuit sans éclairage public,En agglomération,Hors intersection,Normale,Sans collision,,,,,,,,,,,3,2,1,1.0,7.0
201700004381,0017-08-19 16:00:00,17,8,19,16,0,340,272,D 110,43.65809,4.11294,Plein jour,Hors agglomération,Hors intersection,Normale,Deux véhicules - côté,,,,,,,,,,,1,1,1,1.0,3.0
201700004382,0017-08-22 09:05:00,17,8,22,9,5,340,145,"CD 61, route de la mer",43.66879,4.14355,Plein jour,Hors agglomération,Hors intersection,Normale,Deux véhicules - côté,,,,,,,,,,,1,1,1,1.0,3.0
201700004383,0017-09-11 13:40:00,17,9,11,13,40,340,151,11 BOULEVARD DE LA REPUB,43.66833,4.17504,Plein jour,En agglomération,Hors intersection,Normale,Autre collision,,,,,,,,,,,1,2,1,1.0,6.0
201700004384,0017-10-03 19:15:00,17,10,3,19,15,340,321,PK,43.66938,4.06883,Plein jour,Hors agglomération,Hors intersection,Normale,Autre collision,,,,,,,,,,,1,1,1,1.0,6.0