accident_id,datetime,annee,mois,jour,heure,minute,departement,commune_insee,adresse,latitude,longitude,luminosite,agglomeration,intersection,meteo,collision,nb_vehicules,nb_usagers,nb_indemnes,nb_tues,nb_blesses_hosp,nb_blesses_legers,age_cond_1,age_cond_2,veh_type_cond_1,veh_type_cond_2,lum_code,agg_code,int_code,atm_code,col_code
201700004385,0017-10-11 06:45:00,17,10,11,6,45,340,272,717 avenue de Lunel,43.66505,4.12066,Nuit sans éclairage public,En agglomération,Autre intersection,Normale,Deux véhicules - arrière,,,,,,,,,,,3,2,9,1.0,2.0
201700004386,0017-10-16 16:10:00,17,10,16,16,10,340,151,Mas de colombiers,43.64863,4.16692,Plein jour,Hors agglomération,Hors intersection,Normale,Deux véhicules - côté,,,,,,,,,,,1,1,1,1.0,3.0
201700004387,0017-10-22 11:25:00,17,10,22,11,25,340,145,route de la mer - RD 61,43.65979,4.138,Plein jour,Hors agglomération,Giratoire,Normale,Deux véhicules - arrière,,,,,,,,,,,1,1,6,1.0,2.0
201700004388,0017-10-29 00:25:00,17,10,29,0,25,340,151,"Route départementale 34,",43.65952,4.18069,Nuit sans éclairage public,Hors agglomération,Hors intersection,Normale,Autre collision,,,,,,,,,,,3,1,1,1.0,6.0
201700004389,0017-10-30 12:10:00,17,10,30,12,10,340,145,50 rue tivoli,43.67288,4.13129,Plein jour,En agglomération,Hors intersection,Normale,Autre collision,,,,,,,,,,,1,2,1,1.0,6.0
201700004390,0017-11-13 10:50:00,17,11,13,10,50,340,145,place de la république,43.67478,4.13211,Plein jour,En agglomération,Giratoire,Vent fort / tempête,Deux véhicules - côté,,,,,,,,,,,1,2,6,6.0,3.0
201700004391,0017-11-18 09:57:00,17,11,18,9,57,340,145,place du RICM,43.67658,4.12964,Plein jour,En agglomération,Intersection en T,Normale,Deux véhicules - côté,,,,,,,,,,,1,2,3,1.0,3.0
201700004392,0017-12-09 01:15:00,17,12,9,1,15,340,145,Avenue du Maréchal LECLE,43.68355,4.13351,Nuit sans éclairage public,En agglomération,Hors intersection,Normale,Autre collision,,,,,,,,,,,3,2,1,1.0,6.0
201700004393,0017-12-20 20:55:00,17,12,20,20,55,340,151,RD 34,43.65741,4.18189,Nuit sans éclairage public,Hors agglomération,Hors intersection,Normale,Autre collision,,,,,,,,,,,3,1,1,1.0,6.0
201700004394,0017-12-31 13:00:00,17,12,31,13,0,340,146,D171,43.69286,4.08016,Plein jour,Hors agglomération,Hors intersection,Normale,Deux véhicules - frontale,,,,,,,,,,,1,1,1,1.0,1.0
201700004395,0017-01-12 09:15:00,17,1,12,9,15,340,154,CD189,43.6152,3.97863,Plein jour,Hors agglomération,Hors intersection,Normale,Deux véhicules - côté,,,,,,,,,,,1,1,1,1.0,3.0
201700004396,0017-02-12 16:50:00,17,2,12,16,50,340,154,D24,43.62195,4.02196,Plein jour,Hors agglomération,Hors intersection,Temps couvert,Sans collision,,,,,,,,,,,1,1,1,8.0,7.0
201700004397,0017-03-22 21:00:00,17,3,22,21,0,340,154,Départementale 24,43.61933,3.97612,Nuit sans éclairage public,Hors agglomération,Hors intersection,Normale,Trois véhicules et plus - collisions multiples,,,,,,,,,,,3,1,1,1.0,5.0
201700004398,0017-06-28 18:35:00,17,6,28,18,35,340,127,CD24,43.64923,4.07343,Plein jour,En agglomération,Hors intersection,Pluie légère,Deux véhicules - côté,,,,,,,,,,,1,2,1,2.0,3.0
201700004399,0017-07-03 13:30:00,17,7,3,13,30,340,154,"avenue de la mer, Cd 172",43.60113,3.99379,Plein jour,Hors agglomération,Hors intersection,Normale,Deux véhicules - frontale,,,,,,,,,,,1,1,1,1.0,1.0
201700004400,0017-07-19 23:30:00,17,7,19,23,30,340,154,CD 189,43.627,4.00924,Nuit avec éclairage non allumé,Hors agglomération,Autre intersection,Normale,Autre collision,,,,,,,,,,,4,1,9,1.0,6.0
201700004401,0017-07-21 19:30:00,17,7,21,19,30,340,127,"Route de Mauguio, D24",43.64808,4.06909,Plein jour,En agglomération,Hors intersection,Normale,Deux véhicules - côté,,,,,,,,,,,1,2,1,1.0,3.0
201700004402,0017-07-28 18:00:00,17,7,28,18,0,340,154,D189,43.60401,3.96373,Plein jour,Hors agglomération,Hors intersection,Normale,Deux véhicules - côté,,,,,,,,,,,1,1,1,1.0,3.0
201700004403,0017-08-13 02:10:00,17,8,13,2,10,340,154,D 24,43.61824,3.98581,Nuit sans éclairage public,En agglomération,Hors intersection,Normale,Sans collision,,,,,,,,,,,3,2,1,1.0,7.0
201700004404,0017-08-24 16:50:00,17,8,24,16,50,340,176,D.24,43.62708,4.03275,Plein jour,Hors agglomération,Hors intersection,Normale,Trois véhicules et plus - collisions multiples,,,,,,,,,,,1,1,1,1.0,5.0
201700004405,0017-10-16 12:00:00,17,10,16,12,0,340,154,cd 189,43.62717,4.00959,Plein jour,En agglomération,Hors intersection,Normale,Deux véhicules - frontale,,,,,,,,,,,1,2,1,1.0,1.0
201700004406,0017-10-28 11:20:00,17,10,28,11,20,340,176,6 avenue du parc - Résie,43.64844,4.04364,Plein jour,En agglomération,Hors intersection,Normale,Autre collision,,,,,,,,,,,1,2,1,1.0,6.0
201700004407,0017-11-23 05:45:00,17,11,23,5,45,340,240,D.113,43.65393,3.9844,Nuit sans éclairage public,Hors agglomération,Autre intersection,Normale,Deux véhicules - côté,,,,,,,,,,,3,1,9,1.0,3.0
201700004408,0017-11-25 14:40:00,17,11,25,14,40,340,154,CD172,43.60398,3.99837,Plein jour,Hors agglomération,Hors intersection,Normale,Deux véhicules - frontale,,,,,,,,,,,1,1,1,1.0,1.0
201700004409,0017-12-16 01:15:00,17,12,16,1,15,340,240,D24E2,43.6361,3.9619,Nuit sans éclairage public,Hors agglomération,Hors intersection,Normale,Deux véhicules - frontale,,,,,,,,,,,3,1,1,1.0,1.0
201700004410,0017-01-08 16:20:00,17,1,8,16,20,340,314,RD17,43.74646,3.86002,Plein jour,Hors agglomération,Intersection en T,Normale,Deux véhicules - côté,,,,,,,,,,,1,1,3,1.0,3.0
201700004411,0017-02-09 00:30:00,17,2,9,0,30,340,110,D1 - Route de Sommières,43.77332,4.03423,Nuit sans éclairage public,Hors agglomération,Hors intersection,Normale,Autre collision,,,,,,,,,,,3,1,1,1.0,6.0
201700004412,0017-02-14 07:30:00,17,2,14,7,30,340,164,route de Teyran,43.74427,3.95945,Crépuscule ou aube,Hors agglomération,Hors intersection,Normale,Autre collision,,,,,,,,,,,2,1,1,1.0,6.0
201700004413,0017-04-15 05:40:00,17,4,15,5,40,340,276,RD 113E4,43.75708,3.85019,Nuit sans éclairage public,Hors agglomération,Hors intersection,Normale,Autre collision,,,,,,,,,,,3,1,1,1.0,6.0
201700004414,0017-07-13 17:40:00,17,7,13,17,40,340,276,37 Avenue Louis Cancel,43.76671,3.86684,Plein jour,En agglomération,Hors intersection,Normale,Deux véhicules - côté,,,,,,,,,,,1,2,1,1.0,3.0
201700004415,0017-12-26 13:30:00,17,12,26,13,30,340,322,D17,43.81402,3.88982,Plein jour,Hors agglomération,Hors intersection,Normale,Deux véhicules - côté,,,,,,,,,,,1,1,1,1.0,3.0
201700004416,0017-01-26 00:30:00,17,1,26,0,30,340,189,Avenue de Pépieux,43.2872,2.71483,Nuit sans éclairage public,En agglomération,Hors intersection,Normale,Deux véhicules - frontale,,,,,,,,,,,3,2,1,1.0,1.0
201700004417,0017-03-06 19:55:00,17,3,6,19,55,340,26,D168,43.30067,2.75252,Nuit sans éclairage public,Hors agglomération,Hors intersection,Vent fort / tempête,Sans collision,,,,,,,,,,,3,1,1,6.0,7.0
201700004418,0017-03-14 16:30:00,17,3,14,16,30,340,183,CD37 - PK17+485,43.29387,3.11467,Plein jour,Hors agglomération,Autre intersection,Normale,Deux véhicules - frontale,,,,,,,,,,,1,1,9,1.0,1.0
201700004419,0017-05-26 07:30:00,17,5,26,7,30,340,52,rue des vendanges,43.32928,3.04761,Plein jour,En agglomération,Hors intersection,Normale,Sans collision,,,,,,,,,,,1,2,1,1.0,7.0
201700004420,0017-06-02 12:15:00,17,6,2,12,15,340,226,D 37E3,43.35696,2.99508,Plein jour,Hors agglomération,Hors intersection,Normale,Autre collision,,,,,,,,,,,1,1,1,1.0,6.0
201700004421,0017-07-09 10:15:00,17,7,9,10,15,340,183,cd 609 carrefour de la j,43.29348,3.12713,Plein jour,En agglomération,Hors intersection,Normale,Deux véhicules - côté,,,,,,,,,,,1,2,1,1.0,3.0
201700004422,0017-07-13 10:30:00,17,7,13,10,30,340,52,cd 11,43.31748,3.01185,Plein jour,Hors agglomération,Hors intersection,Normale,Deux véhicules - frontale,,,,,,,,,,,1,1,1,1.0,1.0
201700004423,0017-07-30 04:25:00,17,7,30,4,25,340,52,RD 11,43.32564,3.03827,Nuit sans éclairage public,Hors agglomération,Hors intersection,Normale,Sans collision,,,,,,,,,,,3,1,1,1.0,7.0
201700004424,0017-08-08 17:30:00,17,8,8,17,30,340,183,CD609,43.28719,3.11018,Plein jour,Hors agglomération,Hors intersection,Normale,Autre collision,,,,,,,,,,,1,1,1,1.0,6.0
201700004425,0017-08-15 18:01:00,17,8,15,18,1,340,20,route de Minerve,43.32789,2.74174,Plein jour,Hors agglomération,Hors intersection,Normale,Deux véhicules - frontale,,,,,,,,,,,1,1,1,1.0,1.0
201700004426,0017-08-16 19:35:00,17,8,16,19,35,340,161,RD 11,43.32293,3.0913,Plein jour,Hors agglomération,Hors intersection,Normale,Sans collision,,,,,,,,,,,1,1,1,1.0,7.0
201700004427,0017-09-04 10:40:00,17,9,4,10,40,340,135,D14,43.28593,3.17959,Plein jour,Hors agglomération,Hors intersection,Normale,Deux véhicules - côté,,,,,,,,,,,1,1,1,1.0,3.0
201700004428,0017-09-05 07:00:00,17,9,5,7,0,340,52,route départementale 37,43.3453,3.00977,Plein jour,Hors agglomération,Hors intersection,Normale,Deux véhicules - frontale,,,,,,,,,,,1,1,1,1.0,1.0
201700004429,0017-09-14 17:30:00,17,9,14,17,30,340,92,Route départementale 36,43.37545,2.94154,Plein jour,Hors agglomération,Hors intersection,Normale,Autre collision,,,,,,,,,,,1,1,1,1.0,6.0
201700004430,0017-11-04 01:35:00,17,11,4,1,35,340,52,Route départementale 11,43.32201,3.04796,Nuit sans éclairage public,Hors agglomération,Hors intersection,Normale,Sans collision,,,,,,,,,,,3,1,1,1.0,7.0
201700004431,0017-11-06 17:50:00,17,11,6,17,50,340,135,Route de Nissan,43.27546,3.16363,Crépuscule ou aube,Hors agglomération,Hors intersection,Normale,Deux véhicules - frontale,,,,,,,,,,,2,1,1,1.0,1.0
201700004432,0017-11-27 14:45:00,17,11,27,14,45,340,81,CD 609,43.30839,3.16793,Plein jour,Hors agglomération,Giratoire,Normale,Deux véhicules - arrière,,,,,,,,,,,1,1,6,1.0,2.0
201700004433,0017-12-25 19:35:00,17,12,25,19,35,340,92,lieu dit seriege - CD 36,43.31871,2.95259,Nuit sans éclairage public,Hors agglomération,Hors intersection,Normale,Autre collision,,,,,,,,,,,3,1,1,1.0,6.0
201700004434,0017-01-23 18:00:00,17,1,23,18,0,340,189,Bd Gambetta d910/d10e3,43.28327,2.73143,Nuit avec éclairage allumé,En agglomération,Intersection en T,Normale,Deux véhicules - frontale,,,,,,,,,,,5,2,3,1.0,1.0
201700004435,0017-05-19 16:00:00,17,5,19,16,0,340,141,"D 52 - Lieu-dit ""la tuil",43.30333,2.64274,Plein jour,Hors agglomération,Intersection en X,Normale,Deux véhicules - arrière,,,,,,,,,,,1,1,2,1.0,2.0
201700004436,0017-07-01 18:05:00,17,7,1,18,5,340,190,RD 168 - PK17+500,43.28481,2.76128,Plein jour,Hors agglomération,Hors intersection,Normale,Sans collision,,,,,,,,,,,1,1,1,1.0,7.0
201700004437,0017-08-25 01:00:00,17,8,25,1,0,340,52,RD 16 - PK 4,43.31215,3.03177,Nuit sans éclairage public,Hors agglomération,Hors intersection,Normale,Autre collision,,,,,,,,,,,3,1,1,1.0,6.0
201700004438,0017-01-22 18:30:00,17,1,22,18,30,340,166,RD28,43.35793,3.37119,Nuit sans éclairage public,Hors agglomération,Hors intersection,Pluie légère,Autre collision,,,,,,,,,,,3,1,1,2.0,6.0
201700004439,0017-01-28 17:10:00,17,1,28,17,10,340,166,D 18,43.39855,3.34989,Plein jour,Hors agglomération,Hors intersection,Pluie légère,Deux véhicules - frontale,,,,,,,,,,,1,1,1,2.0,1.0
201700004440,0017-02-18 16:00:00,17,2,18,16,0,340,63,D13e5 (hauteur du Lieu d,43.49122,3.38645,Plein jour,Hors agglomération,Hors intersection,Normale,Sans collision,,,,,,,,,,,1,1,1,1.0,7.0
201700004441,0017-02-23 16:55:00,17,2,23,16,55,340,63,avenue des Mougères,43.50583,3.36597,Plein jour,En agglomération,Hors intersection,Normale,Deux véhicules - côté,,,,,,,,,,,1,2,1,1.0,3.0
201700004442,0017-03-02 14:20:00,17,3,2,14,20,340,162,D 613,43.47883,3.46421,Plein jour,Hors agglomération,Hors intersection,Normale,Deux véhicules - frontale,,,,,,,,,,,1,1,1,1.0,1.0
201700004443,0017-04-10 17:30:00,17,4,10,17,30,340,166,Route départementale 18,43.35249,3.36009,Plein jour,Hors agglomération,Hors intersection,Normale,Autre collision,,,,,,,,,,,1,1,1,1.0,6.0
201700004444,0017-05-16 16:00:00,17,5,16,16,0,340,289,D18 ROUTE DE MONTBLANC,43.39146,3.40369,Plein jour,Hors agglomération,Hors intersection,Normale,Sans collision,,,,,,,,,,,1,1,1,1.0,7.0
201700004445,0017-05-18 18:15:00,17,5,18,18,15,340,17,D32,43.46725,3.45248,Plein jour,Hors agglomération,Hors intersection,Normale,Autre collision,,,,,,,,,,,1,1,1,1.0,6.0
201700004446,0017-06-01 15:00:00,17,6,1,15,0,340,199,20 Avenue Maréchal Lecle,43.45969,3.4268,Plein jour,En agglomération,Hors intersection,Normale,Autre collision,,,,,,,,,,,1,2,1,1.0,6.0
201700004447,0017-06-16 20:00:00,17,6,16,20,0,340,289,D125E3,43.40187,3.4117,Plein jour,Hors agglomération,Hors intersection,Normale,Trois véhicules et plus - collisions multiples,,,,,,,,,,,1,1,1,1.0,5.0
201700004448,0017-07-08 10:35:00,17,7,8,10,35,340,199,RD 13 - PK 15+800,43.44198,3.41694,Plein jour,Hors agglomération,Hors intersection,Normale,Deux véhicules - frontale,,,,,,,,,,,1,1,1,1.0,1.0
201700004449,0017-07-30 14:30:00,17,7,30,14,30,340,162,D.613,43.47863,3.46219,Plein jour,Hors agglomération,Hors intersection,Normale,Deux véhicules - frontale,,,,,,,,,,,1,1,1,1.0,1.0
201700004450,0017-08-20 14:45:00,17,8,20,14,45,340,199,chemin de carrière Merca,43.45523,3.42916,Plein jour,Hors agglomération,Hors intersection,Normale,Autre collision,,,,,,,,,,,1,1,1,1.0,6.0
201700004451,0017-09-07 11:35:00,17,9,7,11,35,340,184,RD124,43.51637,3.42677,Plein jour,Hors agglomération,Intersection en X,Normale,Trois véhicules et plus - collisions multiples,,,,,,,,,,,1,1,2,1.0,5.0
201700004452,0017-10-03 05:25:00,17,10,3,5,25,340,325,D 125,43.42809,3.35589,Nuit sans éclairage public,Hors agglomération,Hors intersection,Normale,Sans collision,,,,,,,,,,,3,1,1,1.0,7.0
201700004453,0017-10-14 07:00:00,17,10,14,7,0,340,199,D13 E5,43.47411,3.40113,Nuit sans éclairage public,Hors agglomération,Hors intersection,Normale,Deux véhicules - arrière,,,,,,,,,,,3,1,1,1.0,2.0
201700004454,0017-05-08 14:35:00,17,5,8,14,35,340,324,cauquil,43.25388,3.28755,Plein jour,En agglomération,Hors intersection,Normale,Autre collision,,,,,,,,,,,1,2,1,1.0,6.0
201700004455,0017-05-21 07:50:00,17,5,21,7,50,340,209,D612,43.31401,3.35816,Plein jour,Hors agglomération,Hors intersection,Normale,Autre collision,,,,,,,,,,,1,1,1,1.0,6.0
201700004456,0017-05-17 10:40:00,17,5,17,10,40,340,299,150 avenue de la plage,43.27976,3.28199,Plein jour,En agglomération,Hors intersection,Normale,Deux véhicules - arrière,,,,,,,,,,,1,2,1,1.0,2.0
201700004457,0017-06-13 15:15:00,17,6,13,15,15,340,299,D37E11,43.28292,3.28452,Plein jour,En agglomération,Hors intersection,Normale,Sans collision,,,,,,,,,,,1,2,1,1.0,7.0
201700004458,0017-06-14 14:00:00,17,6,14,14,0,340,299,D3711,43.28197,3.29601,Plein jour,Hors agglomération,Hors intersection,Normale,Deux véhicules - côté,,,,,,,,,,,1,1,1,1.0,3.0
201700004459,0017-06-29 19:00:00,17,6,29,19,0,340,298,rue de la Gouronne,43.2963,3.24598,Plein jour,En agglomération,Autre intersection,Normale,Autre collision,,,,,,,,,,,1,2,9,1.0,6.0
201700004460,0017-07-12 17:55:00,17,7,12,17,55,340,299,avenue de la plage,43.27556,3.28393,Plein jour,En agglomération,Hors intersection,Normale,Deux véhicules - côté,,,,,,,,,,,1,2,1,1.0,3.0
201700004461,0017-07-15 11:40:00,17,7,15,11,40,340,299,Chemin de Portiragnes,43.28737,3.28973,Plein jour,Hors agglomération,Hors intersection,Normale,Autre collision,,,,,,,,,,,1,1,1,1.0,6.0
201700004462,0017-07-18 19:15:00,17,7,18,19,15,340,299,avenue giscard d'estaing,43.26881,3.27514,Crépuscule ou aube,En agglomération,Hors intersection,Normale,Deux véhicules - côté,,,,,,,,,,,2,2,1,1.0,3.0
201700004463,0017-08-12 00:08:00,17,8,12,0,8,340,329,CD 64 PK 14 + 060,43.28143,3.22114,Nuit sans éclairage public,Hors agglomération,Hors intersection,Normale,Deux véhicules - frontale,,,,,,,,,,,3,1,1,1.0,1.0
201700004464,0017-08-18 18:50:00,17,8,18,18,50,340,299,CD 64,43.27494,3.30033,Plein jour,Hors agglomération,Hors intersection,Normale,Deux véhicules - côté,,,,,,,,,,,1,1,1,1.0,3.0
201700004465,0017-09-11 08:10:00,17,9,11,8,10,340,299,D64,43.26949,3.28438,Plein jour,En agglomération,Giratoire,Normale,Deux véhicules - arrière,,,,,,,,,,,1,2,6,1.0,2.0
201700004466,0017-09-15 15:45:00,17,9,15,15,45,340,324,boulevard michelet,43.24477,3.29053,Plein jour,En agglomération,Hors intersection,Normale,Deux véhicules - côté,,,,,,,,,,,1,2,1,1.0,3.0
201700004467,0017-09-28 10:55:00,17,9,28,10,55,340,324,bd de la république,43.2464,3.29182,Plein jour,En agglomération,Hors intersection,Normale,Autre collision,,,,,,,,,,,1,2,1,1.0,6.0
201700004468,0017-09-27 14:30:00,17,9,27,14,30,340,209,rue pasteur,43.30455,3.33193,Plein jour,En agglomération,Hors intersection,Normale,Deux véhicules - côté,,,,,,,,,,,1,2,1,1.0,3.0
201700004469,0017-10-03 14:45:00,17,10,3,14,45,340,299,Allée des Pins,43.26956,3.32487,Plein jour,Hors agglomération,Hors intersection,Normale,Autre collision,,,,,,,,,,,1,1,1,1.0,6.0
201700004470,0017-11-28 07:40:00,17,11,28,7,40,340,209,N 612 PK 62,43.29517,3.3613,Plein jour,Hors agglomération,Hors intersection,Normale,Trois véhicules et plus - collisions multiples,,,,,,,,,,,1,1,1,1.0,5.0
201700004471,0017-12-04 16:20:00,17,12,4,16,20,340,299,rue mistral,43.27557,3.28247,Crépuscule ou aube,En agglomération,Hors intersection,Normale,Autre collision,,,,,,,,,,,2,2,1,1.0,6.0
201700004472,0017-02-04 10:00:00,17,2,4,10,0,340,23,avenue du port,43.4418,3.67926,Plein jour,En agglomération,Hors intersection,Normale,Autre collision,,,,,,,,,,,1,2,1,1.0,6.0
201700004473,0017-03-26 23:50:00,17,3,26,23,50,340,87,CD5,43.52942,3.69473,Nuit sans éclairage public,Hors agglomération,Hors intersection,Normale,Autre collision,,,,,,,,,,,3,1,1,1.0,6.0
201700004474,0017-04-21 02:20:00,17,4,21,2,20,340,88,Départementale 114,43.51314,3.77293,Nuit sans éclairage public,Hors agglomération,Hors intersection,Normale,Autre collision,,,,,,,,,,,3,1,1,1.0,6.0
201700004475,0017-04-21 10:50:00,17,4,21,10,50,340,87,Rue de la billière,43.55358,3.70908,Plein jour,En agglomération,Hors intersection,Normale,Deux véhicules - côté,,,,,,,,,,,1,2,1,1.0,3.0
201700004476,0017-04-29 12:50:00,17,4,29,12,50,340,88,D102 - Route de Murviel,43.56112,3.72894,Plein jour,En agglomération,Hors intersection,Normale,Deux véhicules - frontale,,,,,,,,,,,1,2,1,1.0,1.0
201700004477,0017-04-29 21:00:00,17,4,29,21,0,340,88,CD5,43.56803,3.7349,Nuit sans éclairage public,Hors agglomération,Hors intersection,Normale,Deux véhicules - côté,,,,,,,,,,,3,1,1,1.0,3.0
201700004478,0017-05-08 17:35:00,17,5,8,17,35,340,88,Rd 114 route dites de  l,43.56961,3.70699,Plein jour,Hors agglomération,Hors intersection,Normale,Deux véhicules - côté,,,,,,,,,,,1,1,1,1.0,3.0
201700004479,0017-05-09 20:10:00,17,5,9,20,10,340,23,route de sete,43.44337,3.69668,Crépuscule ou aube,En agglomération,Hors intersection,Normale,Autre collision,,,,,,,,,,,2,2,1,1.0,6.0
201700004480,0017-05-19 15:00:00,17,5,19,15,0,340,165,D5,43.51829,3.69209,Plein jour,Hors agglomération,Hors intersection,Normale,Deux véhicules - arrière,,,,,,,,,,,1,1,1,1.0,2.0
201700004481,0017-05-26 08:15:00,17,5,26,8,15,340,24,cd 600,43.46759,3.69105,Plein jour,Hors agglomération,Hors intersection,Normale,Deux véhicules - frontale,,,,,,,,,,,1,1,1,1.0,1.0
201700004482,0017-06-10 02:15:00,17,6,10,2,15,340,88,CD 5,43.562,3.72943,Nuit sans éclairage public,Hors agglomération,Hors intersection,Normale,Autre collision,,,,,,,,,,,3,1,1,1.0,6.0
201700004483,0017-06-16 10:10:00,17,6,16,10,10,340,23,avenue des Hesperides,43.44895,3.67919,Plein jour,En agglomération,Hors intersection,Normale,Deux véhicules - côté,,,,,,,,,,,1,2,1,1.0,3.0
201700004484,0017-06-18 01:50:00,17,6,18,1,50,340,165,RD 5,43.51539,3.68432,Nuit sans éclairage public,En agglomération,Hors intersection,Normale,Autre collision,,,,,,,,,,,3,2,1,1.0,6.0
201700004485,0017-06-27 16:10:00,17,6,27,16,10,340,165,D5,43.52878,3.69364,Plein jour,Hors agglomération,Hors intersection,Normale,Sans collision,,,,,,,,,,,1,1,1,1.0,7.0
201700004486,0017-08-01 14:45:00,17,8,1,14,45,340,113,D613,43.48408,3.69984,Plein jour,Hors agglomération,Hors intersection,Normale,Deux véhicules - frontale,,,,,,,,,,,1,1,1,1.0,1.0
201700004487,0017-08-17 18:15:00,17,8,17,18,15,340,88,D5 - PK 15,43.5515,3.72284,Plein jour,En agglomération,Hors intersection,Normale,Deux véhicules - côté,,,,,,,,,,,1,2,1,1.0,3.0
201700004488,0017-09-08 18:20:00,17,9,8,18,20,340,23,RD 2,43.44233,3.69766,Plein jour,Hors agglomération,Hors intersection,Temps éblouissant,Sans collision,,,,,,,,,,,1,1,1,7.0,7.0
201700004489,0017-09-28 09:20:00,17,9,28,9,20,340,23,Rue Maurice Clavel,43.44141,3.67739,Plein jour,En agglomération,Hors intersection,Temps éblouissant,Autre collision,,,,,,,,,,,1,2,1,7.0,6.0
201700004490,0017-10-15 20:00:00,17,10,15,20,0,340,113,avenue de montpellier,43.49928,3.71375,Nuit avec éclairage allumé,En agglomération,Intersection en X,Normale,Deux véhicules - côté,,,,,,,,,,,5,2,2,1.0,3.0
201700004491,0017-11-10 06:45:00,17,11,10,6,45,340,113,D613,43.50003,3.71454,Crépuscule ou aube,Hors agglomération,Hors intersection,Normale,Deux véhicules - arrière,,,,,,,,,,,2,1,1,1.0,2.0
201700004492,0017-12-01 23:00:00,17,12,1,23,0,340,88,D114,43.54686,3.73838,Nuit sans éclairage public,Hors agglomération,Hors intersection,Normale,Autre collision,,,,,,,,,,,3,1,1,1.0,6.0
201700004493,0017-03-24 17:45:00,17,3,24,17,45,340,213,D 613,43.47161,3.68059,Crépuscule ou aube,Hors agglomération,Hors intersection,Pluie forte,Deux véhicules - côté,,,,,,,,,,,2,1,1,3.0,3.0
201700004494,0017-06-10 14:25:00,17,6,10,14,25,340,341,CD 158E3,43.48929,3.60357,Plein jour,Hors agglomération,Hors intersection,Normale,Deux véhicules - côté,,,,,,,,,,,1,1,1,1.0,3.0
201700004495,0017-06-25 17:00:00,17,6,25,17,0,340,213,RD 613,43.472,3.68204,Plein jour,Hors agglomération,Hors intersection,Normale,Deux véhicules - côté,,,,,,,,,,,1,1,1,1.0,3.0
201700004496,0017-06-27 18:20:00,17,6,27,18,20,340,157,av de Pézénas,43.42932,3.60085,Plein jour,En agglomération,Hors intersection,Normale,Deux véhicules - côté,,,,,,,,,,,1,2,1,1.0,3.0
201700004497,0017-07-07 06:00:00,17,7,7,6,0,340,39,D613,43.4491,3.64528,Plein jour,Hors agglomération,Giratoire,Normale,Sans collision,,,,,,,,,,,1,1,6,1.0,7.0
201700004498,0017-07-12 21:00:00,17,7,12,21,0,340,213,RD.2,43.49193,3.66273,Crépuscule ou aube,Hors agglomération,Hors intersection,Autre,Deux véhicules - arrière,,,,,,,,,,,2,1,1,9.0,2.0
201700004499,0017-08-16 12:35:00,17,8,16,12,35,340,213,D 613,43.46861,3.67415,Plein jour,Hors agglomération,Hors intersection,Normale,Trois véhicules et plus - collisions multiples,,,,,,,,,,,1,1,1,1.0,5.0
201700004500,0017-09-19 10:20:00,17,9,19,10,20,340,157,avenue de MONTPELLIER,43.42948,3.60851,Plein jour,En agglomération,Hors intersection,Normale,Autre collision,,,,,,,,,,,1,2,1,1.0,6.0
201700004501,0017-10-22 10:10:00,17,10,22,10,10,340,213,RD 613- PK 47.832,43.48855,3.70332,Plein jour,Hors agglomération,Hors intersection,Normale,Autre collision,,,,,,,,,,,1,1,1,1.0,6.0
201700004502,0017-06-15 12:40:00,17,6,15,12,40,110,264,RD6113 - PK10+500,43.20522,2.88716,Plein jour,Hors agglomération,Hors intersection,Normale,Deux véhicules - frontale,,,,,,,,,,,1,1,1,1.0,1.0
201700004503,0017-01-02 17:30:00,17,1,2,17,30,110,280,boulevard du minervois,43.29728,2.68096,Crépuscule ou aube,En agglomération,Hors intersection,Normale,Deux véhicules - frontale,,,,,,,,,,,2,2,1,1.0,1.0
201700004504,0017-03-31 18:13:00,17,3,31,18,13,110,315,Chemin latéral - Le vign,43.28299,2.60134,Plein jour,En agglomération,Intersection en Y,Normale,Deux véhicules - frontale,,,,,,,,,,,1,2,4,1.0,1.0
201700004505,0017-05-07 23:45:00,17,5,7,23,45,110,396,D115,43.31319,2.58111,Nuit sans éclairage public,Hors agglomération,Hors intersection,Normale,Sans collision,,,,,,,,,,,3,1,1,1.0,7.0
201700004506,0017-05-22 14:40:00,17,5,22,14,40,110,81,carrefour de Salauze,43.31362,2.50164,Plein jour,Hors agglomération,Intersection en Y,Normale,Deux véhicules - frontale,,,,,,,,,,,1,1,4,1.0,1.0
201700004507,0017-05-24 18:35:00,17,5,24,18,35,110,22,RD206 pk 19k400,43.28679,2.63068,Crépuscule ou aube,Hors agglomération,Autre intersection,Normale,Deux véhicules - arrière,,,,,,,,,,,2,1,9,1.0,2.0