accident_id,datetime,annee,mois,jour,heure,minute,departement,commune_insee,adresse,latitude,longitude,luminosite,agglomeration,intersection,meteo,collision,nb_vehicules,nb_usagers,nb_indemnes,nb_tues,nb_blesses_hosp,nb_blesses_legers,age_cond_1,age_cond_2,veh_type_cond_1,veh_type_cond_2,lum_code,agg_code,int_code,atm_code,col_code
201700004754,0017-12-16 23:10:00,17,12,16,23,10,202,169,"Rue de la gare, Ponte Le",42.46454,9.20427,Nuit sans éclairage public,En agglomération,Hors intersection,Normale,Autre collision,,,,,,,,,,,3,2,1,1.0,6.0
201700004755,0017-01-08 17:30:00,17,1,8,17,30,202,87,N198 - Prunete,42.31922,9.54021,Nuit avec éclairage allumé,En agglomération,Hors intersection,Pluie forte,Trois véhicules et plus - en chaîne,,,,,,,,,,,5,2,1,3.0,4.0
201700004756,0017-02-13 07:40:00,17,2,13,7,40,202,307,RT10,42.40628,9.5314,Crépuscule ou aube,En agglomération,Hors intersection,Normale,Autre collision,,,,,,,,,,,2,2,1,1.0,6.0
201700004757,0017-03-11 16:55:00,17,3,11,16,55,202,313,Route de Moriani,42.37091,9.5298,Plein jour,En agglomération,Hors intersection,Normale,Deux véhicules - frontale,,,,,,,,,,,1,2,1,1.0,1.0
201700004758,0017-03-22 21:40:00,17,3,22,21,40,202,307,RT10,42.38388,9.53044,Nuit avec éclairage allumé,En agglomération,Hors intersection,Normale,Autre collision,,,,,,,,,,,5,2,1,1.0,6.0
201700004759,0017-04-09 13:00:00,17,4,9,13,0,202,307,Lieu dit A Madona,42.38543,9.52466,Plein jour,Hors agglomération,Intersection en T,Normale,Autre collision,,,,,,,,,,,1,1,3,1.0,6.0
201700004760,0017-04-14 03:15:00,17,4,14,3,15,202,307,RT10- U SCALU,42.38026,9.53013,Nuit avec éclairage allumé,En agglomération,Hors intersection,Normale,Autre collision,,,,,,,,,,,5,2,1,1.0,6.0
201700004761,0017-04-26 16:50:00,17,4,26,16,50,202,57,ld campitello,42.24737,9.54563,Plein jour,Hors agglomération,Autre intersection,Normale,Deux véhicules - côté,,,,,,,,,,,1,1,9,1.0,3.0
201700004762,0017-05-29 18:10:00,17,5,29,18,10,202,313,route du stade,42.36279,9.51364,Plein jour,En agglomération,Hors intersection,Normale,Autre collision,,,,,,,,,,,1,2,1,1.0,6.0
201700004763,0017-06-07 15:45:00,17,6,7,15,45,202,307,RT 10,42.39182,9.53054,Plein jour,En agglomération,Hors intersection,Normale,Trois véhicules et plus - en chaîne,,,,,,,,,,,1,2,1,1.0,4.0
201700004764,0017-07-04 08:40:00,17,7,4,8,40,202,307,Route du village,42.3818,9.52754,Plein jour,En agglomération,Intersection en T,Normale,Deux véhicules - côté,,,,,,,,,,,1,2,3,1.0,3.0
201700004765,0017-07-13 01:00:00,17,7,13,1,0,202,87,Lieu dit Pollona,42.32071,9.52723,Nuit avec éclairage allumé,Hors agglomération,Hors intersection,Normale,Autre collision,,,,,,,,,,,5,1,1,1.0,6.0
201700004766,0017-08-19 18:17:00,17,8,19,18,17,202,303,Parking Leclerc ALISTRO,42.2572,9.54584,Plein jour,En agglomération,Hors intersection,Normale,Autre collision,,,,,,,,,,,1,2,1,1.0,6.0
201700004767,0017-08-22 03:50:00,17,8,22,3,50,202,335,PADULONE,42.33798,9.53557,Nuit sans éclairage public,Hors agglomération,Hors intersection,Normale,Autre collision,,,,,,,,,,,3,1,1,1.0,6.0
201700004768,0017-10-07 11:35:00,17,10,7,11,35,202,87,Lieu dit Chebbia,42.30942,9.54254,Plein jour,Hors agglomération,Hors intersection,Normale,Deux véhicules - frontale,,,,,,,,,,,1,1,1,1.0,1.0
201700004769,0017-10-19 01:15:00,17,10,19,1,15,202,311,RT10 - VANGA DI L'ORU,42.35225,9.53582,Nuit avec éclairage allumé,Hors agglomération,Hors intersection,Normale,Autre collision,,,,,,,,,,,5,1,1,1.0,6.0
201700004770,0017-11-19 16:35:00,17,11,19,16,35,202,88,CD17,42.28742,9.47818,Plein jour,Hors agglomération,Hors intersection,Normale,Deux véhicules - frontale,,,,,,,,,,,1,1,1,1.0,1.0
201700004771,0017-01-25 16:55:00,17,1,25,16,55,50,23,MOULIN (RUE JEAN),44.89013,6.62815,Plein jour,En agglomération,Hors intersection,Temps couvert,Deux véhicules - arrière,,,,,,,,,,,1,2,1,8.0,2.0
201700004772,0017-02-23 16:05:00,17,2,23,16,5,50,23,SAVOIE (AVENUE DE),44.90933,6.62639,Plein jour,En agglomération,Intersection en Y,Normale,Deux véhicules - arrière,,,,,,,,,,,1,2,4,1.0,2.0
201700004773,0017-03-19 02:15:00,17,3,19,2,15,50,23,DAUPHINE (AVENUE DU),44.90267,6.63125,Nuit avec éclairage allumé,En agglomération,Intersection en Y,Normale,Deux véhicules - frontale,,,,,,,,,,,5,2,4,1.0,1.0
201700004774,0017-03-30 17:15:00,17,3,30,17,15,50,23,"42, REPUBLIQUE (AVENUE D",44.8986,6.64006,Plein jour,En agglomération,Intersection en T,Normale,Deux véhicules - côté,,,,,,,,,,,1,2,3,1.0,3.0
201700004775,0017-04-06 10:50:00,17,4,6,10,50,50,23,"5, SOIE (RUE DE LA)",44.89394,6.63526,Plein jour,En agglomération,Hors intersection,Normale,Autre collision,,,,,,,,,,,1,2,1,1.0,6.0
201700004776,0017-04-12 09:00:00,17,4,12,9,0,50,23,BARBOT (AVENUE DU GENERA,44.90274,6.63119,Plein jour,En agglomération,Intersection en Y,Normale,Deux véhicules - côté,,,,,,,,,,,1,2,4,1.0,3.0
201700004777,0017-05-13 15:06:00,17,5,13,15,6,50,23,"78, COUTELIERS (RUE DES)",44.88146,6.62338,Plein jour,En agglomération,Hors intersection,Normale,Deux véhicules - côté,,,,,,,,,,,1,2,1,1.0,3.0
201700004778,0017-06-02 14:25:00,17,6,2,14,25,50,23,"1, EMBRUN (RUE PORTE D')",44.89906,6.64158,Plein jour,En agglomération,Place,Normale,Autre collision,,,,,,,,,,,1,2,7,1.0,6.0
201700004779,0017-06-04 13:00:00,17,6,4,13,0,50,23,ITALIE (ROUTE D'),44.90282,6.65065,Plein jour,Hors agglomération,Hors intersection,Normale,Deux véhicules - frontale,,,,,,,,,,,1,1,1,1.0,1.0
201700004780,0017-06-12 08:30:00,17,6,12,8,30,50,23,"1, REPUBLIQUE (AVENUE DE",44.89662,6.63481,Plein jour,En agglomération,Hors intersection,Temps éblouissant,Autre collision,,,,,,,,,,,1,2,1,7.0,6.0
201700004781,0017-06-13 18:30:00,17,6,13,18,30,50,23,"08, ALPHAND (RUE)",44.8958,6.63544,Plein jour,En agglomération,Hors intersection,Normale,Autre collision,,,,,,,,,,,1,2,1,1.0,6.0
201700004782,0017-06-16 09:25:00,17,6,16,9,25,50,23,GAP (ROUTE DE   RN94),44.87343,6.61016,Plein jour,Hors agglomération,Hors intersection,Normale,Deux véhicules - arrière,,,,,,,,,,,1,1,1,1.0,2.0
201700004783,0017-06-24 14:25:00,17,6,24,14,25,50,23,"82E, IZOARD (AVENUE DU C",44.89265,6.6453,Plein jour,En agglomération,Hors intersection,Normale,Deux véhicules - frontale,,,,,,,,,,,1,2,1,1.0,1.0
201700004784,0017-06-23 10:45:00,17,6,23,10,45,50,23,"32A, TOUR (CHEMIN DE LA)",44.90202,6.63343,Plein jour,En agglomération,Intersection en T,Normale,Deux véhicules - frontale,,,,,,,,,,,1,2,3,1.0,1.0
201700004785,0017-07-14 09:50:00,17,7,14,9,50,50,23,"2, DAUPHINE (AVENUE DU)",44.90426,6.62851,Plein jour,En agglomération,Hors intersection,Normale,Autre collision,,,,,,,,,,,1,2,1,1.0,6.0
201700004786,0017-07-27 12:30:00,17,7,27,12,30,50,23,SAVOIE (AVENUE DE),44.91446,6.62307,Plein jour,En agglomération,Hors intersection,Normale,Deux véhicules - arrière,,,,,,,,,,,1,2,1,1.0,2.0
201700004787,0017-08-01 09:05:00,17,8,1,9,5,50,23,ITALIE (ROUTE D'),44.90971,6.66361,Plein jour,Hors agglomération,Intersection en T,Normale,Sans collision,,,,,,,,,,,1,1,3,1.0,7.0
201700004788,0017-08-02 20:20:00,17,8,2,20,20,50,23,"10, TOUR (CHEMIN DE LA)",44.90032,6.63785,Plein jour,En agglomération,Hors intersection,Normale,Autre collision,,,,,,,,,,,1,2,1,1.0,6.0
201700004789,0017-09-03 13:55:00,17,9,3,13,55,50,23,"29, 159ø RIA (AVENUE DU)",44.89754,6.63389,Plein jour,En agglomération,Hors intersection,Normale,Autre collision,,,,,,,,,,,1,2,1,1.0,6.0
201700004790,0017-09-10 12:00:00,17,9,10,12,0,50,23,"1, REPUBLIQUE (AVENUE DE",44.89641,6.63426,Plein jour,En agglomération,Hors intersection,Normale,Autre collision,,,,,,,,,,,1,2,1,1.0,6.0
201700004791,0017-09-16 08:45:00,17,9,16,8,45,50,23,MOULIN (RUE JEAN),44.89057,6.6286,Plein jour,En agglomération,Hors intersection,Normale,Deux véhicules - côté,,,,,,,,,,,1,2,1,1.0,3.0
201700004792,0017-09-26 14:25:00,17,9,26,14,25,50,23,MAISONS BLANCHES (RUE DE,44.88366,6.6271,Plein jour,En agglomération,Intersection en Y,Normale,Deux véhicules - côté,,,,,,,,,,,1,2,4,1.0,3.0
201700004793,0017-10-13 17:15:00,17,10,13,17,15,50,23,SYLVESTRE (RUE JOSEPH),44.88709,6.63365,Plein jour,En agglomération,Giratoire,Normale,Trois véhicules et plus - collisions multiples,,,,,,,,,,,1,2,6,1.0,5.0
201700004794,0017-10-26 16:50:00,17,10,26,16,50,50,23,SCHAPPE (PLACE DE LA),44.89554,6.63794,Plein jour,En agglomération,Place,Normale,Deux véhicules - côté,,,,,,,,,,,1,2,7,1.0,3.0
201700004795,0017-01-20 16:50:00,17,1,20,16,50,50,61,"3, JARDINS  ( RUE DES )",44.56437,6.08193,Plein jour,En agglomération,Hors intersection,Autre,Autre collision,,,,,,,,,,,1,2,1,9.0,6.0
201700004796,0017-01-30 10:30:00,17,1,30,10,30,50,61,GRENETTE (RUE ET  PLACE,44.55926,6.07771,Plein jour,En agglomération,Hors intersection,Normale,Deux véhicules - côté,,,,,,,,,,,1,2,1,1.0,3.0
201700004797,0017-02-13 16:25:00,17,2,13,16,25,50,61,GEORGES POMPIDOU ( BD),44.55926,6.08391,Plein jour,En agglomération,Hors intersection,Normale,Autre collision,,,,,,,,,,,1,2,1,1.0,6.0
201700004798,0017-02-22 11:05:00,17,2,22,11,5,50,61,EMILE DIDIER ( AV ),44.56475,6.09065,Plein jour,En agglomération,Hors intersection,Normale,Sans collision,,,,,,,,,,,1,2,1,1.0,7.0
201700004799,0017-03-22 10:20:00,17,3,22,10,20,50,61,D 45,44.52144,6.05798,Plein jour,En agglomération,Hors intersection,Normale,Autre collision,,,,,,,,,,,1,2,1,1.0,6.0
201700004800,0017-03-30 15:40:00,17,3,30,15,40,50,61,TURRELET ( CHEMIN DU ),44.55606,6.07111,Plein jour,En agglomération,Hors intersection,Normale,Deux véhicules - arrière,,,,,,,,,,,1,2,1,1.0,2.0
201700004801,0017-04-07 15:35:00,17,4,7,15,35,50,61,FOREST D'ENTRAIS ( RUE,44.56999,6.09103,Plein jour,En agglomération,Intersection en Y,Normale,Deux véhicules - côté,,,,,,,,,,,1,2,4,1.0,3.0
201700004802,0017-04-04 17:50:00,17,4,4,17,50,50,61,COMMANDANT DUMONT ( AVEN,44.56344,6.08386,Plein jour,En agglomération,Hors intersection,Normale,Autre collision,,,,,,,,,,,1,2,1,1.0,6.0
201700004803,0017-04-19 10:50:00,17,4,19,10,50,50,61,EMBRUN ( AVENUE D'),44.56819,6.09902,Plein jour,En agglomération,Hors intersection,Normale,Trois véhicules et plus - en chaîne,,,,,,,,,,,1,2,1,1.0,4.0
201700004804,0017-04-24 15:40:00,17,4,24,15,40,50,61,COMMANDANT DUMONT ( AVEN,44.56876,6.08327,Plein jour,En agglomération,Hors intersection,Normale,Deux véhicules - arrière,,,,,,,,,,,1,2,1,1.0,2.0
201700004805,0017-04-26 11:45:00,17,4,26,11,45,50,61,EYSSAGNIERES ( ROUTE DES,44.54204,6.05233,Plein jour,En agglomération,Place,Normale,Deux véhicules - côté,,,,,,,,,,,1,2,7,1.0,3.0
201700004806,0017-04-27 23:55:00,17,4,27,23,55,50,61,EMBRUN ( AVENUE D'),44.56916,6.10269,Nuit avec éclairage allumé,En agglomération,Hors intersection,Pluie légère,Deux véhicules - frontale,,,,,,,,,,,5,2,1,2.0,1.0
201700004807,0017-05-09 16:05:00,17,5,9,16,5,50,61,VEYNES ( AVENUE DE  ),44.55779,6.06877,Plein jour,En agglomération,Giratoire,Normale,Deux véhicules - côté,,,,,,,,,,,1,2,6,1.0,3.0
201700004808,0017-05-11 07:26:00,17,5,11,7,26,50,61,CLAIRIERE (CHEMIN DE),44.56644,6.05809,Plein jour,En agglomération,Intersection en X,Normale,Deux véhicules - côté,,,,,,,,,,,1,2,2,1.0,3.0
201700004809,0017-05-11 17:15:00,17,5,11,17,15,50,61,JEAN JAURES ( AVENUE ),44.55219,6.07137,Plein jour,En agglomération,Hors intersection,Pluie forte,Deux véhicules - côté,,,,,,,,,,,1,2,1,3.0,3.0
201700004810,0017-05-15 20:00:00,17,5,15,20,0,50,61,CHAMPSAURINS ( RUE DES),44.56737,6.08338,Plein jour,En agglomération,Intersection en T,Normale,Sans collision,,,,,,,,,,,1,2,3,1.0,7.0
201700004811,0017-05-16 09:37:00,17,5,16,9,37,50,61,MOLINES  ( ROUTE DE ),44.55832,6.09359,Plein jour,Hors agglomération,Hors intersection,Normale,Sans collision,,,,,,,,,,,1,1,1,1.0,7.0
201700004812,0017-05-22 14:45:00,17,5,22,14,45,50,61,EMILE DIDIER ( AV ),44.56476,6.09061,Plein jour,En agglomération,Place,Normale,Deux véhicules - côté,,,,,,,,,,,1,2,7,1.0,3.0
201700004813,0017-05-26 21:25:00,17,5,26,21,25,50,61,LUYE ( ROUTE DE LA ),44.52447,6.05955,Nuit sans éclairage public,En agglomération,Hors intersection,Normale,Sans collision,,,,,,,,,,,3,2,1,1.0,7.0
201700004814,0017-06-02 13:42:00,17,6,2,13,42,50,61,LUYE ( ROUTE DE LA ),44.51588,6.06566,Plein jour,Hors agglomération,Hors intersection,Normale,Sans collision,,,,,,,,,,,1,1,1,1.0,7.0
201700004815,0017-06-05 11:51:00,17,6,5,11,51,50,61,COMMANDANT DUMONT ( AVEN,44.53267,6.08382,Plein jour,En agglomération,Giratoire,Normale,Deux véhicules - côté,,,,,,,,,,,1,2,6,1.0,3.0
201700004816,0017-06-07 19:30:00,17,6,7,19,30,50,61,ST JEAN ( ROUTE DE ),44.53267,6.04278,Plein jour,En agglomération,Hors intersection,Normale,Autre collision,,,,,,,,,,,1,2,1,1.0,6.0
201700004817,0017-06-10 20:49:00,17,6,10,20,49,50,61,CHATELARD ( RUE DU ),44.56996,6.0988,Plein jour,En agglomération,Hors intersection,Normale,Autre collision,,,,,,,,,,,1,2,1,1.0,6.0
201700004818,0017-06-12 08:15:00,17,6,12,8,15,50,61,VEYNES ( ROUTE DE ),44.55755,6.05655,Plein jour,En agglomération,Hors intersection,Normale,Deux véhicules - arrière,,,,,,,,,,,1,2,1,1.0,2.0
201700004819,0017-06-12 17:00:00,17,6,12,17,0,50,61,D994,44.55763,6.05336,Plein jour,Hors agglomération,Intersection en T,Normale,Deux véhicules - côté,,,,,,,,,,,1,1,3,1.0,3.0
201700004820,0017-06-13 14:50:00,17,6,13,14,50,50,61,PROVENCE ( AVENUE DE ),44.5422,6.05916,Plein jour,En agglomération,Hors intersection,Normale,Deux véhicules - arrière,,,,,,,,,,,1,2,1,1.0,2.0
201700004821,0017-06-16 12:06:00,17,6,16,12,6,50,61,RN 85,44.57422,6.07463,Plein jour,Hors agglomération,Hors intersection,Normale,Sans collision,,,,,,,,,,,1,1,1,1.0,7.0
201700004822,0017-06-16 16:25:00,17,6,16,16,25,50,61,GRENETTE (RUE ET  PLACE,44.5596,6.0777,Plein jour,En agglomération,Hors intersection,Normale,Autre collision,,,,,,,,,,,1,2,1,1.0,6.0
201700004823,0017-06-24 17:45:00,17,6,24,17,45,50,61,VEYNES ( AVENUE DE  ),44.55779,6.06871,Plein jour,En agglomération,Giratoire,Normale,Trois véhicules et plus - collisions multiples,,,,,,,,,,,1,2,6,1.0,5.0
201700004824,0017-06-27 12:40:00,17,6,27,12,40,50,61,CHARLES AUROUZE ( RUE ),44.54527,6.07967,Plein jour,En agglomération,Hors intersection,Normale,Autre collision,,,,,,,,,,,1,2,1,1.0,6.0
201700004825,0017-07-01 02:00:00,17,7,1,2,0,50,61,D 45,44.50512,6.05674,Nuit avec éclairage allumé,En agglomération,Hors intersection,Pluie légère,Sans collision,,,,,,,,,,,5,2,1,2.0,7.0
201700004826,0017-07-05 13:40:00,17,7,5,13,40,50,61,PEUPLIERS ( RUE DES ),44.5694,6.06569,Plein jour,En agglomération,Hors intersection,Normale,Sans collision,,,,,,,,,,,1,2,1,1.0,7.0
201700004827,0017-07-07 00:25:00,17,7,7,0,25,50,61,RN 85,44.50938,6.04571,Nuit sans éclairage public,Hors agglomération,Giratoire,Normale,Sans collision,,,,,,,,,,,3,1,6,1.0,7.0
201700004828,0017-07-07 21:50:00,17,7,7,21,50,50,61,D994,44.54818,6.03805,Crépuscule ou aube,Hors agglomération,Hors intersection,Normale,Sans collision,,,,,,,,,,,2,1,1,1.0,7.0
201700004829,0017-07-10 13:48:00,17,7,10,13,48,50,61,ANCIENS COMBATTANTS D'AF,44.56187,6.07732,Plein jour,En agglomération,Hors intersection,Normale,Autre collision,,,,,,,,,,,1,2,1,1.0,6.0
201700004830,0017-07-11 14:04:00,17,7,11,14,4,50,61,ESPERANTO ( RUE DE L' ),44.54976,6.06518,Plein jour,En agglomération,Intersection en X,Normale,Deux véhicules - côté,,,,,,,,,,,1,2,2,1.0,3.0
201700004831,0017-07-11 16:18:00,17,7,11,16,18,50,61,JEAN JAURES ( AVENUE ),44.54783,6.066,Plein jour,En agglomération,Hors intersection,Normale,Autre collision,,,,,,,,,,,1,2,1,1.0,6.0
201700004832,0017-07-15 10:15:00,17,7,15,10,15,50,61,ALPHONSE DAUDET,44.54894,6.06653,Plein jour,En agglomération,Hors intersection,Normale,Autre collision,,,,,,,,,,,1,2,1,1.0,6.0
201700004833,0017-07-24 11:53:00,17,7,24,11,53,50,61,"52, GEORGES POMPIDOU ( B",44.55794,6.08227,Plein jour,En agglomération,Hors intersection,Normale,Autre collision,,,,,,,,,,,1,2,1,1.0,6.0
201700004834,0017-07-29 18:25:00,17,7,29,18,25,50,61,RN 94,44.5693,6.10355,Plein jour,En agglomération,Hors intersection,Normale,Deux véhicules - arrière,,,,,,,,,,,1,2,1,1.0,2.0
201700004835,0017-08-03 07:45:00,17,8,3,7,45,50,61,"31, JUSTICE ( ROUTE DE",44.56651,6.10616,Plein jour,En agglomération,Intersection en T,Normale,Deux véhicules - côté,,,,,,,,,,,1,2,3,1.0,3.0
201700004836,0017-08-08 16:20:00,17,8,8,16,20,50,61,PRE DE FOIRE ( RUE DU ),44.55507,6.0741,Plein jour,En agglomération,Intersection en T,Pluie légère,Deux véhicules - côté,,,,,,,,,,,1,2,3,2.0,3.0
201700004837,0017-08-08 19:20:00,17,8,8,19,20,50,61,RN 85,44.57291,6.082,Plein jour,En agglomération,Hors intersection,Pluie légère,Sans collision,,,,,,,,,,,1,2,1,2.0,7.0
201700004838,0017-08-15 23:04:00,17,8,15,23,4,50,61,D994,44.55067,6.02927,Nuit sans éclairage public,Hors agglomération,Hors intersection,Autre,Sans collision,,,,,,,,,,,3,1,1,9.0,7.0
201700004839,0017-08-08 18:05:00,17,8,8,18,5,50,61,JUSTICE ( ROUTE DE  LA ),44.56564,6.10228,Crépuscule ou aube,En agglomération,Hors intersection,Pluie forte,Deux véhicules - côté,,,,,,,,,,,2,2,1,3.0,3.0
201700004840,0017-08-17 17:50:00,17,8,17,17,50,50,61,LADOUCETTE ( COURS ),44.56191,6.0836,Plein jour,En agglomération,Hors intersection,Normale,Autre collision,,,,,,,,,,,1,2,1,1.0,6.0
201700004841,0017-08-26 12:41:00,17,8,26,12,41,50,61,"22, FAUVINS ( ROUTE  DES",44.56389,6.09988,Plein jour,En agglomération,Intersection en T,Normale,Deux véhicules - frontale,,,,,,,,,,,1,2,3,1.0,1.0
201700004842,0017-08-21 19:07:00,17,8,21,19,7,50,61,VEYNES ( AVENUE DE  ),44.55786,6.06876,Plein jour,En agglomération,Giratoire,Normale,Deux véhicules - côté,,,,,,,,,,,1,2,6,1.0,3.0
201700004843,0017-08-27 20:55:00,17,8,27,20,55,50,61,JEAN JAURES ( AVENUE ),44.54705,6.06502,Crépuscule ou aube,En agglomération,Hors intersection,Normale,Deux véhicules - arrière,,,,,,,,,,,2,2,1,1.0,2.0
201700004844,0017-08-29 10:53:00,17,8,29,10,53,50,61,GEORGES POMPIDOU ( BD),44.55638,6.07923,Plein jour,En agglomération,Hors intersection,Normale,Autre collision,,,,,,,,,,,1,2,1,1.0,6.0
201700004845,0017-08-29 13:50:00,17,8,29,13,50,50,61,EMILE DIDIER ( AV ),44.5648,6.0908,Plein jour,En agglomération,Hors intersection,Normale,Trois véhicules et plus - en chaîne,,,,,,,,,,,1,2,1,1.0,4.0
201700004846,0017-08-29 15:15:00,17,8,29,15,15,50,61,GEORGES POMPIDOU ( BD),44.56087,6.0845,Plein jour,En agglomération,Hors intersection,Normale,Deux véhicules - côté,,,,,,,,,,,1,2,1,1.0,3.0
201700004847,0017-09-01 18:55:00,17,9,1,18,55,50,61,VEYNES ( AVENUE DE  ),44.5578,6.06864,Plein jour,En agglomération,Giratoire,Temps éblouissant,Deux véhicules - côté,,,,,,,,,,,1,2,6,7.0,3.0
201700004848,0017-08-25 11:25:00,17,8,25,11,25,50,61,LADOUCETTE ( COURS ),44.56152,6.08263,Plein jour,En agglomération,Hors intersection,Normale,Autre collision,,,,,,,,,,,1,2,1,1.0,6.0
201700004849,0017-09-09 18:50:00,17,9,9,18,50,50,61,MARECHAL FOCH ( AVENUE D,44.5623,6.08475,Crépuscule ou aube,En agglomération,Autre intersection,Pluie légère,Deux véhicules - arrière,,,,,,,,,,,2,2,9,2.0,2.0
201700004850,0017-09-13 10:20:00,17,9,13,10,20,50,61,Champsaurins/CdT Dumont,44.56719,6.08344,Plein jour,En agglomération,Intersection en T,Normale,Autre collision,,,,,,,,,,,1,2,3,1.0,6.0
201700004851,0017-09-13 16:10:00,17,9,13,16,10,50,61,SAGNIERES ( RUE DES ),44.55096,6.0671,Plein jour,En agglomération,Hors intersection,Normale,Autre collision,,,,,,,,,,,1,2,1,1.0,6.0
201700004852,0017-09-14 18:00:00,17,9,14,18,0,50,61,FRANCOIS MITTERAND (AVEN,44.54431,6.0617,Plein jour,En agglomération,Hors intersection,Normale,Deux véhicules - côté,,,,,,,,,,,1,2,1,1.0,3.0
201700004853,0017-09-18 13:55:00,17,9,18,13,55,50,61,EYSSAGNIERES ( ROUTE DES,44.54579,6.05345,Plein jour,En agglomération,Hors intersection,Normale,Deux véhicules - frontale,,,,,,,,,,,1,2,1,1.0,1.0
201700004854,0017-09-27 15:10:00,17,9,27,15,10,50,61,VEYNES ( AVENUE DE  ),44.55776,6.06834,Plein jour,En agglomération,Hors intersection,Normale,Autre collision,,,,,,,,,,,1,2,1,1.0,6.0
201700004855,0017-09-29 18:15:00,17,9,29,18,15,50,61,SAGNIERES ( RUE DES ),44.54934,6.06357,Plein jour,En agglomération,Intersection en T,Normale,Deux véhicules - frontale,,,,,,,,,,,1,2,3,1.0,1.0
201700004856,0017-09-24 07:30:00,17,9,24,7,30,50,61,LIBERATION ( BD DE LA ),44.561,6.0788,Crépuscule ou aube,En agglomération,Hors intersection,Normale,Autre collision,,,,,,,,,,,2,2,1,1.0,6.0
201700004857,0017-10-03 22:30:00,17,10,3,22,30,50,61,ST JEAN ( ROUTE DE ),44.5376,6.05121,Nuit avec éclairage allumé,En agglomération,Giratoire,Normale,Deux véhicules - frontale,,,,,,,,,,,5,2,6,1.0,1.0
201700004858,0017-10-09 10:18:00,17,10,9,10,18,50,61,GEORGES POMPIDOU ( BD),44.55951,6.08417,Plein jour,En agglomération,Hors intersection,Normale,Autre collision,,,,,,,,,,,1,2,1,1.0,6.0
201700004859,0017-10-13 16:30:00,17,10,13,16,30,50,61,"1, GUILLAUME FAREL ( AVE",44.55914,6.07317,Plein jour,En agglomération,Autre intersection,Normale,Autre collision,,,,,,,,,,,1,2,9,1.0,6.0
201700004860,0017-10-14 05:30:00,17,10,14,5,30,50,61,RN 94,44.56965,6.10419,Nuit avec éclairage allumé,En agglomération,Hors intersection,Normale,Autre collision,,,,,,,,,,,5,2,1,1.0,6.0
201700004861,0017-10-14 09:40:00,17,10,14,9,40,50,61,FAURE DU  SERRE ( RUE ),44.56121,6.08184,Plein jour,En agglomération,Place,Normale,Autre collision,,,,,,,,,,,1,2,7,1.0,6.0
201700004862,0017-10-15 15:45:00,17,10,15,15,45,50,61,CAPITAINE DE BRESSON ( R,44.55929,6.08276,Plein jour,En agglomération,Hors intersection,Normale,Autre collision,,,,,,,,,,,1,2,1,1.0,6.0
201700004863,0017-10-15 20:20:00,17,10,15,20,20,50,61,EMILE DIDIER ( AV ),44.56706,6.09623,Nuit avec éclairage non allumé,En agglomération,Autre intersection,Normale,Deux véhicules - frontale,,,,,,,,,,,4,2,9,1.0,1.0
201700004864,0017-10-10 18:10:00,17,10,10,18,10,50,61,GUILLAUME FAREL ( AVENUE,44.55997,6.07538,Plein jour,En agglomération,Hors intersection,Normale,Deux véhicules - arrière,,,,,,,,,,,1,2,1,1.0,2.0
201700004865,0017-10-16 19:45:00,17,10,16,19,45,50,61,COMMANDANT DUMONT ( AVEN,44.56215,6.08424,Nuit avec éclairage allumé,En agglomération,Giratoire,Normale,Deux véhicules - arrière,,,,,,,,,,,5,2,6,1.0,2.0
201700004866,0017-10-17 17:50:00,17,10,17,17,50,50,61,GUILLAUME FAREL ( AVENUE,44.56006,6.07579,Plein jour,En agglomération,Hors intersection,Normale,Autre collision,,,,,,,,,,,1,2,1,1.0,6.0
201700004867,0017-10-19 14:10:00,17,10,19,14,10,50,61,RN 94,44.56906,6.10344,Plein jour,En agglomération,Hors intersection,Normale,Autre collision,,,,,,,,,,,1,2,1,1.0,6.0
201700004868,0017-10-21 14:00:00,17,10,21,14,0,50,61,LUYE ( ROUTE DE LA ),44.5431,6.0651,Plein jour,En agglomération,Giratoire,Normale,Deux véhicules - côté,,,,,,,,,,,1,2,6,1.0,3.0
201700004869,0017-10-23 16:15:00,17,10,23,16,15,50,61,JEAN JAURES ( AVENUE ),44.54671,6.06467,Plein jour,En agglomération,Hors intersection,Normale,Autre collision,,,,,,,,,,,1,2,1,1.0,6.0
201700004870,0017-10-25 17:25:00,17,10,25,17,25,50,61,LADOUCETTE ( COURS ),44.56147,6.0825,Plein jour,En agglomération,Hors intersection,Normale,Autre collision,,,,,,,,,,,1,2,1,1.0,6.0
201700004871,0017-10-31 13:40:00,17,10,31,13,40,50,61,COMMANDANT DUMONT ( AVEN,44.56379,6.08399,Plein jour,En agglomération,Giratoire,Normale,Deux véhicules - côté,,,,,,,,,,,1,2,6,1.0,3.0
201700004872,0017-11-02 16:15:00,17,11,2,16,15,50,61,RD944,44.61054,6.12649,Plein jour,Hors agglomération,Hors intersection,Normale,Sans collision,,,,,,,,,,,1,1,1,1.0,7.0
201700004873,0017-11-06 08:30:00,17,11,6,8,30,50,61,COMMANDANT DUMONT ( AVEN,44.56736,6.08343,Plein jour,En agglomération,Hors intersection,Temps couvert,Trois véhicules et plus - en chaîne,,,,,,,,,,,1,2,1,8.0,4.0
201700004874,0017-11-12 00:20:00,17,11,12,0,20,50,61,JEAN JAURES ( AVENUE ),44.55479,6.07499,Nuit avec éclairage allumé,En agglomération,Giratoire,Normale,Autre collision,,,,,,,,,,,5,2,6,1.0,6.0
201700004875,0017-11-04 12:45:00,17,11,4,12,45,50,61,EMILE DIDIER ( AV ),44.56584,6.09315,Plein jour,En agglomération,Hors intersection,Normale,Trois véhicules et plus - en chaîne,,,,,,,,,,,1,2,1,1.0,4.0
201700004876,0017-11-14 11:30:00,17,11,14,11,30,50,61,JEAN JAURES ( AVENUE ),44.55369,6.07316,Plein jour,En agglomération,Hors intersection,Normale,Trois véhicules et plus - en chaîne,,,,,,,,,,,1,2,1,1.0,4.0