accident_id,datetime,annee,mois,jour,heure,minute,departement,commune_insee,adresse,latitude,longitude,luminosite,agglomeration,intersection,meteo,collision,nb_vehicules,nb_usagers,nb_indemnes,nb_tues,nb_blesses_hosp,nb_blesses_legers,age_cond_1,age_cond_2,veh_type_cond_1,veh_type_cond_2,lum_code,agg_code,int_code,atm_code,col_code
201700004999,0017-02-15 04:00:00,17,2,15,4,0,780,569,"D116, ville lebrun",48.5286,1.96375,Nuit sans éclairage public,En agglomération,Hors intersection,Normale,Autre collision,,,,,,,,,,,3,2,1,1.0,6.0
201700005000,0017-04-23 20:30:00,17,4,23,20,30,780,87,Route départementale D98,48.61316,2.02427,Plein jour,Hors agglomération,Hors intersection,Normale,Sans collision,,,,,,,,,,,1,1,1,1.0,7.0
201700005001,0017-04-29 12:50:00,17,4,29,12,50,780,601,rn 10,48.59569,1.85024,Plein jour,Hors agglomération,Hors intersection,Normale,Deux véhicules - arrière,,,,,,,,,,,1,1,1,1.0,2.0
201700005002,0017-05-28 14:00:00,17,5,28,14,0,780,120,D149 PK10,48.63081,1.99743,Plein jour,Hors agglomération,Hors intersection,Normale,Sans collision,,,,,,,,,,,1,1,1,1.0,7.0
201700005003,0017-06-18 19:55:00,17,6,18,19,55,780,537,RD29,48.58162,1.9392,Plein jour,Hors agglomération,Hors intersection,Normale,Sans collision,,,,,,,,,,,1,1,1,1.0,7.0
201700005004,0017-07-09 18:55:00,17,7,9,18,55,780,601,8-13 bute boutareine,48.59569,1.85024,Plein jour,Hors agglomération,Hors intersection,Pluie légère,Autre collision,,,,,,,,,,,1,1,1,2.0,6.0
201700005005,0017-08-06 18:40:00,17,8,6,18,40,780,601,Ferme de Louareux,48.59153,1.90233,Plein jour,Hors agglomération,Hors intersection,Normale,Sans collision,,,,,,,,,,,1,1,1,1.0,7.0
201700005006,0017-10-04 13:40:00,17,10,4,13,40,780,87,route de bullion,48.62251,2.01539,Plein jour,Hors agglomération,Hors intersection,Temps éblouissant,Deux véhicules - côté,,,,,,,,,,,1,1,1,7.0,3.0
201700005007,0017-10-28 10:15:00,17,10,28,10,15,780,537,21 rue Charles de gaulle,48.57115,1.93721,Plein jour,En agglomération,Hors intersection,Normale,Deux véhicules - côté,,,,,,,,,,,1,2,1,1.0,3.0
201700005008,0017-12-14 17:00:00,17,12,14,17,0,780,164,D29 PK1+50,48.59957,1.92707,Crépuscule ou aube,Hors agglomération,Hors intersection,Pluie légère,Trois véhicules et plus - collisions multiples,,,,,,,,,,,2,1,1,2.0,5.0
201700005009,0017-12-25 12:10:00,17,12,25,12,10,780,537,7 ter r jean moulin,48.57141,1.93396,Plein jour,En agglomération,Hors intersection,Normale,Autre collision,,,,,,,,,,,1,2,1,1.0,6.0
201700005010,0017-01-16 15:45:00,17,1,16,15,45,910,659,Rue Claude Mouchel,48.58945,2.4502,Plein jour,En agglomération,Hors intersection,Normale,Autre collision,,,,,,,,,,,1,2,1,1.0,6.0
201700005011,0017-02-01 06:00:00,17,2,1,6,0,910,340,cote montauger,48.57935,2.43229,Nuit sans éclairage public,Hors agglomération,Hors intersection,Pluie légère,Autre collision,,,,,,,,,,,3,1,1,2.0,6.0
201700005012,0017-02-16 13:15:00,17,2,16,13,15,910,340,"rue de Paris, D153",48.57805,2.41429,Plein jour,Hors agglomération,Hors intersection,Pluie légère,Autre collision,,,,,,,,,,,1,1,1,2.0,6.0
201700005013,0017-03-22 15:40:00,17,3,22,15,40,910,386,RD 153,48.56162,2.44412,Plein jour,Hors agglomération,Giratoire,Normale,Deux véhicules - côté,,,,,,,,,,,1,1,6,1.0,3.0
201700005014,0017-04-09 07:00:00,17,4,9,7,0,910,179,avenue du coudray,48.56141,2.50874,Crépuscule ou aube,En agglomération,Hors intersection,Normale,Autre collision,,,,,,,,,,,2,2,1,1.0,6.0
201700005015,0017-04-21 14:55:00,17,4,21,14,55,910,468,avenue des roissy hauts,48.57044,2.46243,Plein jour,En agglomération,Hors intersection,Normale,Trois véhicules et plus - en chaîne,,,,,,,,,,,1,2,1,1.0,4.0
201700005016,0017-04-29 20:10:00,17,4,29,20,10,910,179,"277, boulevard John Kenn",48.57394,2.4771,Plein jour,En agglomération,Hors intersection,Normale,Autre collision,,,,,,,,,,,1,2,1,1.0,6.0
201700005017,0017-07-10 19:30:00,17,7,10,19,30,910,386,route de chevannes,48.55422,2.43704,Plein jour,En agglomération,Hors intersection,Pluie forte,Deux véhicules - frontale,,,,,,,,,,,1,2,1,3.0,1.0
201700005018,0017-02-03 00:01:00,17,2,3,0,1,910,180,RD 372,48.43627,2.47796,Nuit sans éclairage public,Hors agglomération,Hors intersection,Normale,Autre collision,,,,,,,,,,,3,1,1,1.0,6.0
201700005019,0017-07-02 20:00:00,17,7,2,20,0,910,180,D948,48.4278,2.46401,Plein jour,Hors agglomération,Hors intersection,Normale,Autre collision,,,,,,,,,,,1,1,1,1.0,6.0
201700005020,0017-10-10 18:10:00,17,10,10,18,10,910,405,Lieu dit la grange rouge,48.38179,2.43293,Plein jour,Hors agglomération,Hors intersection,Normale,Autre collision,,,,,,,,,,,1,1,1,1.0,6.0
201700005021,0017-11-21 22:15:00,17,11,21,22,15,910,195,RD 948,48.45716,2.47143,Nuit sans éclairage public,Hors agglomération,Hors intersection,Normale,Autre collision,,,,,,,,,,,3,1,1,1.0,6.0
201700005022,0017-12-24 10:50:00,17,12,24,10,50,910,405,RD372,48.4259,2.46881,Plein jour,Hors agglomération,Hors intersection,Pluie légère,Deux véhicules - côté,,,,,,,,,,,1,1,1,2.0,3.0
201700005023,0017-01-28 20:40:00,17,1,28,20,40,910,175,RD5,48.50752,1.97774,Nuit sans éclairage public,Hors agglomération,Hors intersection,Temps couvert,Deux véhicules - frontale,,,,,,,,,,,3,1,1,8.0,1.0
201700005024,0017-02-03 15:20:00,17,2,3,15,20,910,200,6 rue georges deniau,48.52566,2.01535,Plein jour,En agglomération,Hors intersection,Temps couvert,Sans collision,,,,,,,,,,,1,2,1,8.0,7.0
201700005025,0017-03-14 13:00:00,17,3,14,13,0,910,525,HAMEAU DE BEAUVAIS,48.53771,2.05027,Plein jour,Hors agglomération,Hors intersection,Normale,Sans collision,,,,,,,,,,,1,1,1,1.0,7.0
201700005026,0017-03-16 14:55:00,17,3,16,14,55,910,547,RD838,48.41574,1.96607,Plein jour,Hors agglomération,Hors intersection,Normale,Deux véhicules - arrière,,,,,,,,,,,1,1,1,1.0,2.0
201700005027,0017-04-08 12:00:00,17,4,8,12,0,910,525,08 rue des vignes,48.5351,2.05116,Plein jour,En agglomération,Hors intersection,Normale,Deux véhicules - côté,,,,,,,,,,,1,2,1,1.0,3.0
201700005028,0017-04-21 14:30:00,17,4,21,14,30,910,200,chemin du champs de cour,48.53443,1.99057,Plein jour,En agglomération,Hors intersection,Normale,Autre collision,,,,,,,,,,,1,2,1,1.0,6.0
201700005029,0017-05-15 13:15:00,17,5,15,13,15,910,547,12 bis rue du stade,48.42815,1.9659,Plein jour,En agglomération,Hors intersection,Normale,Deux véhicules - côté,,,,,,,,,,,1,2,1,1.0,3.0
201700005030,0017-05-17 10:15:00,17,5,17,10,15,910,145,D5,48.4749,1.93163,Plein jour,Hors agglomération,Autre intersection,Normale,Sans collision,,,,,,,,,,,1,1,9,1.0,7.0
201700005031,0017-05-21 19:00:00,17,5,21,19,0,910,145,RD 5 PK 9+500,48.44756,1.92441,Plein jour,Hors agglomération,Hors intersection,Normale,Deux véhicules - côté,,,,,,,,,,,1,1,1,1.0,3.0
201700005032,0017-05-23 10:50:00,17,5,23,10,50,910,200,Chemin du champs de cour,48.53465,1.99597,Plein jour,En agglomération,Hors intersection,Normale,Deux véhicules - côté,,,,,,,,,,,1,2,1,1.0,3.0
201700005033,0017-09-06 04:20:00,17,9,6,4,20,910,175,RD5 - PK 3+500,48.49464,1.96072,Nuit sans éclairage public,Hors agglomération,Hors intersection,Normale,Sans collision,,,,,,,,,,,3,1,1,1.0,7.0
201700005034,0017-09-17 19:10:00,17,9,17,19,10,910,175,RD5,48.49247,1.95953,Crépuscule ou aube,Hors agglomération,Hors intersection,Pluie légère,Autre collision,,,,,,,,,,,2,1,1,2.0,6.0
201700005035,0017-10-20 18:00:00,17,10,20,18,0,910,525,87 Avenue de Paris,48.53027,2.02735,Plein jour,En agglomération,Hors intersection,Temps éblouissant,Autre collision,,,,,,,,,,,1,2,1,7.0,6.0
201700005036,0017-01-28 04:00:00,17,1,28,4,0,910,226,RN20,48.50274,2.20067,Nuit sans éclairage public,Hors agglomération,Hors intersection,Pluie légère,Deux véhicules - arrière,,,,,,,,,,,3,1,1,2.0,2.0
201700005037,0017-02-22 10:35:00,17,2,22,10,35,910,318,15 rue d'auvers,48.51233,2.25503,Plein jour,En agglomération,Hors intersection,Normale,Deux véhicules - côté,,,,,,,,,,,1,2,1,1.0,3.0
201700005038,0017-03-07 16:50:00,17,3,7,16,50,910,226,Route Nationale 20,48.48866,2.19643,Plein jour,Hors agglomération,Hors intersection,Normale,Trois véhicules et plus - en chaîne,,,,,,,,,,,1,1,1,1.0,4.0
201700005039,0017-03-11 15:10:00,17,3,11,15,10,910,132,RD99 - SPA,48.5336,2.20943,Plein jour,Hors agglomération,Hors intersection,Normale,Deux véhicules - côté,,,,,,,,,,,1,1,1,1.0,3.0
201700005040,0017-05-01 16:35:00,17,5,1,16,35,910,330,rue Albert CAMUS,48.52539,2.29099,Plein jour,En agglomération,Hors intersection,Normale,Autre collision,,,,,,,,,,,1,2,1,1.0,6.0
201700005041,0017-06-25 05:15:00,17,6,25,5,15,910,38,CD 17 et rue des Bosquet,48.49065,2.21707,Crépuscule ou aube,En agglomération,Hors intersection,Normale,Autre collision,,,,,,,,,,,2,2,1,1.0,6.0
201700005042,0017-08-02 19:35:00,17,8,2,19,35,910,226,N20,48.50787,2.2012,Plein jour,Hors agglomération,Hors intersection,Normale,Deux véhicules - côté,,,,,,,,,,,1,1,1,1.0,3.0
201700005043,0017-08-11 09:40:00,17,8,11,9,40,910,38,Rue saint fiacre,48.4878,2.21212,Plein jour,En agglomération,Hors intersection,Normale,Trois véhicules et plus - en chaîne,,,,,,,,,,,1,2,1,1.0,4.0
201700005044,0017-10-13 08:00:00,17,10,13,8,0,910,330,rue Jacques CARTIER,48.53214,2.29253,Crépuscule ou aube,En agglomération,Hors intersection,Brouillard / fumée,Autre collision,,,,,,,,,,,2,2,1,5.0,6.0
201700005045,0017-10-19 14:39:00,17,10,19,14,39,910,671,5 rue des Hautes Bruyère,48.45384,2.25591,Plein jour,En agglomération,Hors intersection,Normale,Deux véhicules - côté,,,,,,,,,,,1,2,1,1.0,3.0
201700005046,0017-12-03 16:00:00,17,12,3,16,0,910,226,RN 20,48.5047,2.20045,Plein jour,Hors agglomération,Hors intersection,Pluie légère,Deux véhicules - arrière,,,,,,,,,,,1,1,1,2.0,2.0
201700005047,0017-01-12 13:35:00,17,1,12,13,35,910,80,RD191,48.47157,2.2867,Plein jour,Hors agglomération,Hors intersection,Pluie légère,Autre collision,,,,,,,,,,,1,1,1,2.0,6.0
201700005048,0017-01-14 09:30:00,17,1,14,9,30,910,232,rue de l'hotel de ville,48.482,2.34825,Plein jour,En agglomération,Hors intersection,Temps couvert,Autre collision,,,,,,,,,,,1,2,1,8.0,6.0
201700005049,0017-01-28 15:00:00,17,1,28,15,0,910,654,RD83,48.473,2.38987,Plein jour,Hors agglomération,Hors intersection,Normale,Autre collision,,,,,,,,,,,1,1,1,1.0,6.0
201700005050,0017-01-28 20:20:00,17,1,28,20,20,910,100,RD 837 PK 7 + 900,48.42022,2.2886,Nuit sans éclairage public,Hors agglomération,Hors intersection,Normale,Sans collision,,,,,,,,,,,3,1,1,1.0,7.0
201700005051,0017-03-23 08:40:00,17,3,23,8,40,910,129,RD 191,48.48078,2.32359,Plein jour,En agglomération,Hors intersection,Normale,Deux véhicules - arrière,,,,,,,,,,,1,2,1,1.0,2.0
201700005052,0017-03-26 15:25:00,17,3,26,15,25,910,129,prairie du moulin du gué,48.49103,2.35166,Plein jour,En agglomération,Hors intersection,Normale,Deux véhicules - frontale,,,,,,,,,,,1,2,1,1.0,1.0
201700005053,0017-03-27 16:35:00,17,3,27,16,35,910,47,RD191,48.49436,2.36574,Plein jour,Hors agglomération,Hors intersection,Normale,Deux véhicules - côté,,,,,,,,,,,1,1,1,1.0,3.0
201700005054,0017-03-29 07:45:00,17,3,29,7,45,910,654,Les Roches Hameau,48.47423,2.43093,Plein jour,Hors agglomération,Hors intersection,Temps éblouissant,Deux véhicules - arrière,,,,,,,,,,,1,1,1,7.0,2.0
201700005055,0017-04-04 13:30:00,17,4,4,13,30,910,129,41 avenue d'arpajon,48.49116,2.35155,Plein jour,En agglomération,Hors intersection,Normale,Deux véhicules - arrière,,,,,,,,,,,1,2,1,1.0,2.0
201700005056,0017-04-04 18:50:00,17,4,4,18,50,910,47,D831 -23 route de corbei,48.48716,2.35231,Plein jour,En agglomération,Intersection en Y,Normale,Sans collision,,,,,,,,,,,1,2,4,1.0,7.0
201700005057,0017-04-05 18:27:00,17,4,5,18,27,910,80,rue des vignes,48.47427,2.28599,Plein jour,En agglomération,Hors intersection,Normale,Deux véhicules - côté,,,,,,,,,,,1,2,1,1.0,3.0
201700005058,0017-04-20 16:25:00,17,4,20,16,25,910,129,Rue René Damiot,48.47809,2.32685,Plein jour,En agglomération,Hors intersection,Normale,Autre collision,,,,,,,,,,,1,2,1,1.0,6.0
201700005059,0017-05-09 15:30:00,17,5,9,15,30,910,232,10 rue saint firmin,48.48111,2.34857,Plein jour,En agglomération,Intersection en X,Normale,Deux véhicules - arrière,,,,,,,,,,,1,2,2,1.0,2.0
201700005060,0017-05-17 08:22:00,17,5,17,8,22,910,129,carrefour D191 - D449,48.48766,2.34339,Plein jour,En agglomération,Intersection en T,Temps éblouissant,Deux véhicules - côté,,,,,,,,,,,1,2,3,7.0,3.0
201700005061,0017-07-07 16:28:00,17,7,7,16,28,910,315,route de saint vrain,48.52681,2.34541,Plein jour,En agglomération,Hors intersection,Normale,Deux véhicules - frontale,,,,,,,,,,,1,2,1,1.0,1.0
201700005062,0017-12-17 15:20:00,17,12,17,15,20,910,129,RD449,48.49353,2.35127,Plein jour,En agglomération,Hors intersection,Normale,Deux véhicules - frontale,,,,,,,,,,,1,2,1,1.0,1.0
201700005063,0017-01-02 04:15:00,17,1,2,4,15,910,248,RD63,48.38162,2.2313,Nuit sans éclairage public,Hors agglomération,Hors intersection,Neige / grêle,Autre collision,,,,,,,,,,,3,1,1,4.0,6.0
201700005064,0017-01-02 13:30:00,17,1,2,13,30,910,399,RD63,48.35293,2.28045,Plein jour,Hors agglomération,Hors intersection,Neige / grêle,Autre collision,,,,,,,,,,,1,1,1,4.0,6.0
201700005065,0017-01-03 18:50:00,17,1,3,18,50,910,540,RD116,48.54313,2.09911,Nuit sans éclairage public,Hors agglomération,Hors intersection,Normale,Autre collision,,,,,,,,,,,3,1,1,1.0,6.0
201700005066,0017-02-02 06:10:00,17,2,2,6,10,910,568,rue de la rémarde,48.5765,2.12583,Nuit sans éclairage public,Hors agglomération,Hors intersection,Normale,Autre collision,,,,,,,,,,,3,1,1,1.0,6.0
201700005067,0017-02-18 18:00:00,17,2,18,18,0,910,662,RD148,48.51322,2.13346,Crépuscule ou aube,Hors agglomération,Hors intersection,Normale,Deux véhicules - frontale,,,,,,,,,,,2,1,1,1.0,1.0
201700005068,0017-02-18 15:51:00,17,2,18,15,51,910,540,route d'étampes,48.54823,2.12515,Plein jour,En agglomération,Intersection en T,Normale,Deux véhicules - frontale,,,,,,,,,,,1,2,3,1.0,1.0
201700005069,0017-02-21 08:45:00,17,2,21,8,45,910,568,RD132,48.56822,2.10504,Plein jour,Hors agglomération,Hors intersection,Normale,Autre collision,,,,,,,,,,,1,1,1,1.0,6.0
201700005070,0017-02-24 17:15:00,17,2,24,17,15,910,540,place Edmond Vian,48.5539,2.12521,Plein jour,En agglomération,Autre intersection,Normale,Autre collision,,,,,,,,,,,1,2,9,1.0,6.0
201700005071,0017-07-16 11:00:00,17,7,16,11,0,910,662,1 grande rue,48.51426,2.12371,Plein jour,En agglomération,Hors intersection,Normale,Sans collision,,,,,,,,,,,1,2,1,1.0,7.0
201700005072,0017-10-11 12:10:00,17,10,11,12,10,910,568,D27 - route du marais,48.57607,2.10574,Plein jour,Hors agglomération,Hors intersection,Normale,Autre collision,,,,,,,,,,,1,1,1,1.0,6.0
201700005073,0017-11-22 07:48:00,17,11,22,7,48,910,540,7 ROUTE DE PARIS,48.55444,2.13245,Crépuscule ou aube,En agglomération,Hors intersection,Normale,Autre collision,,,,,,,,,,,2,2,1,1.0,6.0
201700005074,0017-12-19 10:00:00,17,12,19,10,0,910,540,route de paris,48.55525,2.1334,Plein jour,En agglomération,Hors intersection,Normale,Deux véhicules - côté,,,,,,,,,,,1,2,1,1.0,3.0
201700005075,0017-01-19 07:50:00,17,1,19,7,50,910,661,RD118E,48.70333,2.25631,Nuit sans éclairage public,En agglomération,Hors intersection,Normale,Autre collision,,,,,,,,,,,3,2,1,1.0,6.0
201700005076,0017-02-23 12:46:00,17,2,23,12,46,910,661,avenue de la plesse,48.69656,2.24233,Plein jour,En agglomération,Hors intersection,Normale,Deux véhicules - arrière,,,,,,,,,,,1,2,1,1.0,2.0
201700005077,0017-08-02 06:55:00,17,8,2,6,55,910,661,avenue de la plesse,48.70405,2.25433,Crépuscule ou aube,En agglomération,Giratoire,Normale,Deux véhicules - côté,,,,,,,,,,,2,2,6,1.0,3.0
201700005078,0017-09-20 12:50:00,17,9,20,12,50,910,661,RD 118E - Rue de la Prai,48.69982,2.26614,Plein jour,En agglomération,Hors intersection,Normale,Autre collision,,,,,,,,,,,1,2,1,1.0,6.0
201700005079,0017-09-22 08:30:00,17,9,22,8,30,910,661,avenue de Québec,48.69009,2.21563,Plein jour,En agglomération,Autre intersection,Normale,Deux véhicules - côté,,,,,,,,,,,1,2,9,1.0,3.0
201700005080,0017-10-23 16:20:00,17,10,23,16,20,910,661,Rue Eugenie Cordeau,48.69988,2.24672,Plein jour,En agglomération,Intersection en T,Pluie légère,Deux véhicules - côté,,,,,,,,,,,1,2,3,2.0,3.0
201700005081,0017-11-06 09:40:00,17,11,6,9,40,910,661,avenue de la plesse,48.70211,2.2532,Plein jour,En agglomération,Hors intersection,Temps éblouissant,Autre collision,,,,,,,,,,,1,2,1,7.0,6.0
201700005082,0017-02-17 17:20:00,17,2,17,17,20,910,461,36 rue de la mairie,48.59398,2.2164,Plein jour,En agglomération,Hors intersection,Normale,Autre collision,,,,,,,,,,,1,2,1,1.0,6.0
201700005083,0017-04-28 22:50:00,17,4,28,22,50,910,41,route nationale 20,48.55751,2.24386,Nuit avec éclairage allumé,Hors agglomération,Autre intersection,Normale,Deux véhicules - arrière,,,,,,,,,,,5,1,9,1.0,2.0
201700005084,0017-06-17 21:20:00,17,6,17,21,20,910,41,RN20,48.55794,2.22425,Plein jour,Hors agglomération,Hors intersection,Normale,Deux véhicules - arrière,,,,,,,,,,,1,1,1,1.0,2.0
201700005085,0017-07-07 18:00:00,17,7,7,18,0,910,207,route de dourdan,48.57528,2.20159,Plein jour,Hors agglomération,Hors intersection,Temps éblouissant,Deux véhicules - côté,,,,,,,,,,,1,1,1,7.0,3.0
201700005086,0017-10-23 07:30:00,17,10,23,7,30,910,115,route du marais,48.5821,2.16778,Crépuscule ou aube,Hors agglomération,Hors intersection,Temps couvert,Deux véhicules - frontale,,,,,,,,,,,2,1,1,8.0,1.0
201700005087,0017-12-17 23:10:00,17,12,17,23,10,910,156,449,48.55846,2.26669,Nuit sans éclairage public,Hors agglomération,Giratoire,Pluie forte,Sans collision,,,,,,,,,,,3,1,6,3.0,7.0
201700005088,0017-12-21 23:00:00,17,12,21,23,0,910,292,Avenue Jacques Cartier D,48.56917,2.26549,Nuit avec éclairage allumé,En agglomération,Giratoire,Pluie légère,Sans collision,,,,,,,,,,,5,2,6,2.0,7.0
201700005089,0017-12-30 13:15:00,17,12,30,13,15,910,461,RD 116,48.59863,2.23395,Plein jour,En agglomération,Hors intersection,Temps couvert,Deux véhicules - côté,,,,,,,,,,,1,2,1,8.0,3.0
201700005090,0017-03-25 13:20:00,17,3,25,13,20,910,579,Route de Saint Vrain,48.53363,2.30513,Plein jour,En agglomération,Hors intersection,Temps éblouissant,Deux véhicules - côté,,,,,,,,,,,1,2,1,7.0,3.0
201700005091,0017-07-31 15:45:00,17,7,31,15,45,910,376,route de saint vrain,48.56084,2.30458,Plein jour,En agglomération,Giratoire,Normale,Deux véhicules - frontale,,,,,,,,,,,1,2,6,1.0,1.0
201700005092,0017-01-06 17:30:00,17,1,6,17,30,910,319,RD40,48.6549,2.14441,Nuit sans éclairage public,Hors agglomération,Hors intersection,Normale,Sans collision,,,,,,,,,,,3,1,1,1.0,7.0
201700005093,0017-01-28 11:15:00,17,1,28,11,15,910,338,route de chartres,48.67671,2.13221,Plein jour,Hors agglomération,Giratoire,Temps couvert,Trois véhicules et plus - collisions multiples,,,,,,,,,,,1,1,6,8.0,5.0
201700005094,0017-02-07 22:45:00,17,2,7,22,45,910,93,1 rue de Cernay,48.66875,2.05167,Nuit avec éclairage allumé,En agglomération,Hors intersection,Normale,Autre collision,,,,,,,,,,,5,2,1,1.0,6.0
201700005095,0017-02-12 18:56:00,17,2,12,18,56,910,338,RD988,48.65738,2.08033,Nuit sans éclairage public,Hors agglomération,Hors intersection,Normale,Deux véhicules - côté,,,,,,,,,,,3,1,1,1.0,3.0
201700005096,0017-02-21 12:35:00,17,2,21,12,35,910,111,RD131,48.64246,2.12162,Plein jour,Hors agglomération,Hors intersection,Normale,Autre collision,,,,,,,,,,,1,1,1,1.0,6.0
201700005097,0017-02-22 15:25:00,17,2,22,15,25,910,249,RD 838,48.61452,2.07461,Plein jour,Hors agglomération,Hors intersection,Temps couvert,Sans collision,,,,,,,,,,,1,1,1,8.0,7.0
201700005098,0017-03-08 17:20:00,17,3,8,17,20,910,338,D838/Route du Cormier,48.63469,2.06365,Plein jour,Hors agglomération,Intersection en X,Temps couvert,Deux véhicules - frontale,,,,,,,,,,,1,1,2,8.0,1.0
201700005099,0017-04-10 09:45:00,17,4,10,9,45,910,482,RD24,48.64815,2.0431,Plein jour,Hors agglomération,Intersection en T,Normale,Deux véhicules - côté,,,,,,,,,,,1,1,3,1.0,3.0
201700005100,0017-04-14 13:45:00,17,4,14,13,45,910,338,rond point des canaux,48.64167,2.0916,Plein jour,En agglomération,Giratoire,Normale,Deux véhicules - côté,,,,,,,,,,,1,2,6,1.0,3.0
201700005101,0017-04-14 19:50:00,17,4,14,19,50,910,111,Intersection rue des éco,48.62106,2.12557,Plein jour,En agglomération,Intersection en T,Normale,Deux véhicules - côté,,,,,,,,,,,1,2,3,1.0,3.0
201700005102,0017-04-17 10:50:00,17,4,17,10,50,910,111,ANGLE ROCADE RD97 - RUE,48.62201,2.13507,Plein jour,En agglomération,Intersection en T,Pluie légère,Deux véhicules - côté,,,,,,,,,,,1,2,3,2.0,3.0
201700005103,0017-04-27 11:30:00,17,4,27,11,30,910,338,Rue des cendrières,48.64199,2.0708,Plein jour,En agglomération,Intersection en T,Normale,Sans collision,,,,,,,,,,,1,2,3,1.0,7.0
201700005104,0017-04-30 11:30:00,17,4,30,11,30,910,93,D40,48.66907,2.04083,Plein jour,Hors agglomération,Hors intersection,Normale,Deux véhicules - côté,,,,,,,,,,,1,1,1,1.0,3.0
201700005105,0017-05-06 19:15:00,17,5,6,19,15,910,338,RD838,48.63478,2.06368,Plein jour,Hors agglomération,Intersection en X,Pluie forte,Autre collision,,,,,,,,,,,1,1,2,3.0,6.0
201700005106,0017-05-22 07:40:00,17,5,22,7,40,910,338,"rue de la citerne, CV2",48.64883,2.10467,Plein jour,En agglomération,Intersection en X,Normale,Deux véhicules - côté,,,,,,,,,,,1,2,2,1.0,3.0
201700005107,0017-06-12 03:50:00,17,6,12,3,50,910,243,37 R charles f. Dreyfus,48.6127,2.1674,Nuit sans éclairage public,En agglomération,Intersection en X,Normale,Deux véhicules - côté,,,,,,,,,,,3,2,2,1.0,3.0
201700005108,0017-07-09 00:01:00,17,7,9,0,1,910,338,rue de rambouillet,48.64442,2.06268,Nuit avec éclairage allumé,En agglomération,Hors intersection,Normale,Autre collision,,,,,,,,,,,5,2,1,1.0,6.0
201700005109,0017-07-18 08:45:00,17,7,18,8,45,910,338,2 rue de la croix,48.64799,2.10396,Plein jour,En agglomération,Hors intersection,Normale,Autre collision,,,,,,,,,,,1,2,1,1.0,6.0
201700005110,0017-09-29 14:40:00,17,9,29,14,40,910,249,RD 838 PK 22+152,48.62879,2.06666,Plein jour,Hors agglomération,Intersection en T,Normale,Deux véhicules - côté,,,,,,,,,,,1,1,3,1.0,3.0
201700005111,0017-10-13 07:50:00,17,10,13,7,50,910,338,RD 988,48.65466,2.07722,Plein jour,Hors agglomération,Intersection en T,Normale,Deux véhicules - côté,,,,,,,,,,,1,1,3,1.0,3.0
201700005112,0017-10-17 09:05:00,17,10,17,9,5,910,249,RD 152,48.63406,2.10947,Plein jour,Hors agglomération,Hors intersection,Normale,Trois véhicules et plus - collisions multiples,,,,,,,,,,,1,1,1,1.0,5.0
201700005113,0017-10-26 08:00:00,17,10,26,8,0,910,243,RD97,48.61143,2.17285,Crépuscule ou aube,En agglomération,Hors intersection,Brouillard / fumée,Deux véhicules - frontale,,,,,,,,,,,2,2,1,5.0,1.0
201700005114,0017-12-14 22:30:00,17,12,14,22,30,910,338,Rue d'Orsay,48.66134,2.09153,Nuit sans éclairage public,Hors agglomération,Intersection en T,Pluie légère,Trois véhicules et plus - collisions multiples,,,,,,,,,,,3,1,3,2.0,5.0
201700005115,0017-02-02 07:50:00,17,2,2,7,50,910,136,RN20,48.69872,2.2854,Crépuscule ou aube,Hors agglomération,Hors intersection,Normale,Deux véhicules - arrière,,,,,,,,,,,2,1,1,1.0,2.0
201700005116,0017-02-06 20:40:00,17,2,6,20,40,910,136,rond point Gutenberg,48.70742,2.25895,Nuit sans éclairage public,En agglomération,Giratoire,Normale,Deux véhicules - arrière,,,,,,,,,,,3,2,6,1.0,2.0
201700005117,0017-03-26 16:00:00,17,3,26,16,0,910,587,D118 route de Villejust,48.68465,2.24982,Plein jour,Hors agglomération,Hors intersection,Normale,Sans collision,,,,,,,,,,,1,1,1,1.0,7.0
201700005118,0017-04-05 13:10:00,17,4,5,13,10,910,587,N 20 SORTIE SAULX LES CH,48.68268,2.2845,Plein jour,Hors agglomération,Hors intersection,Normale,Trois véhicules et plus - collisions multiples,,,,,,,,,,,1,1,1,1.0,5.0
201700005119,0017-04-11 11:30:00,17,4,11,11,30,910,44,route de chasse,48.66819,2.28572,Plein jour,En agglomération,Giratoire,Normale,Deux véhicules - côté,,,,,,,,,,,1,2,6,1.0,3.0
201700005120,0017-05-04 11:50:00,17,5,4,11,50,910,587,Route Nationale 20,48.68332,2.26478,Plein jour,Hors agglomération,Hors intersection,Normale,Trois véhicules et plus - en chaîne,,,,,,,,,,,1,1,1,1.0,4.0