accident_id,datetime,annee,mois,jour,heure,minute,departement,commune_insee,adresse,latitude,longitude,luminosite,agglomeration,intersection,meteo,collision,nb_vehicules,nb_usagers,nb_indemnes,nb_tues,nb_blesses_hosp,nb_blesses_legers,age_cond_1,age_cond_2,veh_type_cond_1,veh_type_cond_2,lum_code,agg_code,int_code,atm_code,col_code
201700005121,0017-05-24 18:30:00,17,5,24,18,30,910,44,Chemin de Bellebats,48.66865,2.29646,Plein jour,Hors agglomération,Hors intersection,Normale,Autre collision,,,,,,,,,,,1,1,1,1.0,6.0
201700005122,0017-06-13 07:30:00,17,6,13,7,30,910,44,avenue de la division Le,48.67094,2.28016,Plein jour,Hors agglomération,Autre intersection,Normale,Deux véhicules - côté,,,,,,,,,,,1,1,9,1.0,3.0
201700005123,0017-06-27 11:19:00,17,6,27,11,19,910,44,RN 20,48.685,2.28556,Plein jour,Hors agglomération,Hors intersection,Normale,Autre collision,,,,,,,,,,,1,1,1,1.0,6.0
201700005124,0017-07-03 14:05:00,17,7,3,14,5,910,587,ROUTE DE CHAMPLAN,48.69589,2.27022,Plein jour,Hors agglomération,Hors intersection,Normale,Deux véhicules - frontale,,,,,,,,,,,1,1,1,1.0,1.0
201700005125,0017-10-02 09:05:00,17,10,2,9,5,910,587,Route nationale 20,48.68689,2.22971,Plein jour,Hors agglomération,Hors intersection,Normale,Trois véhicules et plus - en chaîne,,,,,,,,,,,1,1,1,1.0,4.0
201700005126,0017-12-01 08:00:00,17,12,1,8,0,910,136,D117 route de VERSAILLES,48.71131,2.26453,Nuit sans éclairage public,En agglomération,Hors intersection,Pluie légère,Autre collision,,,,,,,,,,,3,2,1,2.0,6.0
201700005127,0017-12-16 22:00:00,17,12,16,22,0,910,587,21 avenue salvador allen,48.69427,2.28163,Nuit avec éclairage allumé,En agglomération,Hors intersection,Temps couvert,Deux véhicules - côté,,,,,,,,,,,5,2,1,8.0,3.0
201700005128,0017-06-23 13:25:00,17,6,23,13,25,910,534,carrefour du Christ,48.73054,2.16356,Plein jour,Hors agglomération,Giratoire,Normale,Deux véhicules - côté,,,,,,,,,,,1,1,6,1.0,3.0
201700005129,0017-07-08 15:29:00,17,7,8,15,29,910,534,RD 36,48.72878,2.17549,Plein jour,En agglomération,Intersection en X,Normale,Deux véhicules - frontale,,,,,,,,,,,1,2,2,1.0,1.0
201700005130,0017-11-14 17:50:00,17,11,14,17,50,910,534,D446 - ROUTE D'ORSAY,48.73673,2.16411,Nuit avec éclairage allumé,Hors agglomération,Hors intersection,Normale,Deux véhicules - côté,,,,,,,,,,,5,1,1,1.0,3.0
201700005131,0017-11-26 11:45:00,17,11,26,11,45,910,635,rue de la grand fontaine,48.73361,2.20452,Plein jour,En agglomération,Intersection en T,Normale,Deux véhicules - arrière,,,,,,,,,,,1,2,3,1.0,2.0
201700005132,0017-01-12 09:30:00,17,1,12,9,30,950,12,R DES MOULINS,49.0989,1.6304,Plein jour,Hors agglomération,Hors intersection,Pluie légère,Deux véhicules - côté,,,,,,,,,,,1,1,1,2.0,3.0
201700005133,0017-06-23 20:30:00,17,6,23,20,30,950,523,RTE DES CRETES,49.0849,1.6304,Plein jour,Hors agglomération,Hors intersection,Normale,Autre collision,,,,,,,,,,,1,1,1,1.0,6.0
201700005134,0017-06-25 18:15:00,17,6,25,18,15,950,523,RTE DES CRETES,49.0868,1.6425,Plein jour,Hors agglomération,Hors intersection,Normale,Deux véhicules - frontale,,,,,,,,,,,1,1,1,1.0,1.0
201700005135,0017-07-27 19:55:00,17,7,27,19,55,950,309,RD 86,49.1433,1.7521,Plein jour,Hors agglomération,Hors intersection,Normale,Deux véhicules - frontale,,,,,,,,,,,1,1,1,1.0,1.0
201700005136,0017-09-20 20:30:00,17,9,20,20,30,950,8,RD 983,49.0739,1.7818,Nuit sans éclairage public,Hors agglomération,Hors intersection,Normale,Deux véhicules - frontale,,,,,,,,,,,3,1,1,1.0,1.0
201700005137,0017-09-21 14:45:00,17,9,21,14,45,950,355,RD 174,49.1577,1.8141,Plein jour,Hors agglomération,Hors intersection,Normale,Sans collision,,,,,,,,,,,1,1,1,1.0,7.0
201700005138,0017-10-20 07:20:00,17,10,20,7,20,950,309,RD 86,49.1434,1.7538,Crépuscule ou aube,Hors agglomération,Hors intersection,Normale,Trois véhicules et plus - collisions multiples,,,,,,,,,,,2,1,1,1.0,5.0
201700005139,0017-11-03 16:15:00,17,11,3,16,15,950,690,RD 205,49.0788,1.8148,Plein jour,Hors agglomération,Hors intersection,Normale,Autre collision,,,,,,,,,,,1,1,1,1.0,6.0
201700005140,0017-11-30 08:00:00,17,11,30,8,0,950,462,RD 86,49.1466,1.7187,Crépuscule ou aube,Hors agglomération,Hors intersection,Temps couvert,Autre collision,,,,,,,,,,,2,1,1,8.0,6.0
201700005141,0017-12-01 14:20:00,17,12,1,14,20,950,12,RD 37,49.1111,1.6486,Plein jour,Hors agglomération,Hors intersection,Temps éblouissant,Autre collision,,,,,,,,,,,1,1,1,7.0,6.0
201700005142,0017-12-01 22:50:00,17,12,1,22,50,950,355,RD 14,49.1455,1.8018,Nuit sans éclairage public,Hors agglomération,Hors intersection,Normale,Deux véhicules - arrière,,,,,,,,,,,3,1,1,1.0,2.0
201700005143,0017-01-24 08:10:00,17,1,24,8,10,950,102,RD 64,49.1419,2.0249,Crépuscule ou aube,Hors agglomération,Hors intersection,Normale,Autre collision,,,,,,,,,,,2,1,1,1.0,6.0
201700005144,0017-02-24 19:30:00,17,2,24,19,30,950,298,RD 22,49.1718,2.0484,Nuit sans éclairage public,Hors agglomération,Hors intersection,Normale,Deux véhicules - frontale,,,,,,,,,,,3,1,1,1.0,1.0
201700005145,0017-03-28 19:30:00,17,3,28,19,30,950,298,RUE DU COLOMBIER,49.1739,2.0699,Plein jour,Hors agglomération,Hors intersection,Normale,Autre collision,,,,,,,,,,,1,1,1,1.0,6.0
201700005146,0017-03-28 18:00:00,17,3,28,18,0,950,102,RD 64,49.1385,2.0061,Plein jour,Hors agglomération,Hors intersection,Normale,Autre collision,,,,,,,,,,,1,1,1,1.0,6.0
201700005147,0017-06-07 18:50:00,17,6,7,18,50,950,142,RUE DE GISORS,49.1601,1.9371,Plein jour,En agglomération,Intersection en T,Normale,Deux véhicules - côté,,,,,,,,,,,1,2,3,1.0,3.0
201700005148,0017-08-13 02:30:00,17,8,13,2,30,950,287,RUE DU BOIS QUERY,49.1376,2.0455,Nuit sans éclairage public,Hors agglomération,Hors intersection,Normale,Autre collision,,,,,,,,,,,3,1,1,1.0,6.0
201700005149,0017-08-23 09:40:00,17,8,23,9,40,950,142,RD 915,49.1566,1.9496,Plein jour,Hors agglomération,Hors intersection,Normale,Deux véhicules - côté,,,,,,,,,,,1,1,1,1.0,3.0
201700005150,0017-09-23 20:00:00,17,9,23,20,0,950,213,RTE DE BEAUVAIS,49.1114,2.0552,Nuit sans éclairage public,Hors agglomération,Hors intersection,Normale,Autre collision,,,,,,,,,,,3,1,1,1.0,6.0
201700005151,0017-01-01 19:45:00,17,1,1,19,45,950,308,RD 928,49.0949,2.1409,Nuit sans éclairage public,Hors agglomération,Hors intersection,Brouillard / fumée,Autre collision,,,,,,,,,,,3,1,1,5.0,6.0
201700005152,0017-03-20 17:30:00,17,3,20,17,30,950,39,RUE DE PARIS,49.0706,2.1778,Plein jour,En agglomération,Hors intersection,Normale,Sans collision,,,,,,,,,,,1,2,1,1.0,7.0
201700005153,0017-07-02 09:15:00,17,7,2,9,15,950,308,RD 927,49.0973,2.1225,Plein jour,Hors agglomération,Hors intersection,Pluie légère,Sans collision,,,,,,,,,,,1,1,1,2.0,7.0
201700005154,0017-10-14 22:30:00,17,10,14,22,30,950,39,RUE ROGER TAGLIANA,49.0679,2.1595,Nuit avec éclairage allumé,En agglomération,Hors intersection,Normale,Autre collision,,,,,,,,,,,5,2,1,1.0,6.0
201700005155,0017-03-11 15:40:00,17,3,11,15,40,950,535,RD 14,49.0635,1.9841,Plein jour,Hors agglomération,Hors intersection,Normale,Deux véhicules - arrière,,,,,,,,,,,1,1,1,1.0,2.0
201700005156,0017-05-04 09:00:00,17,5,4,9,0,950,169,RD 43,49.1192,1.8871,Plein jour,Hors agglomération,Hors intersection,Normale,Autre collision,,,,,,,,,,,1,1,1,1.0,6.0
201700005157,0017-05-07 18:25:00,17,5,7,18,25,950,2,RD 14,49.0715,1.9627,Plein jour,Hors agglomération,Hors intersection,Normale,Autre collision,,,,,,,,,,,1,1,1,1.0,6.0
201700005158,0017-05-17 15:40:00,17,5,17,15,40,950,40,RD 14,49.08867,1.86957,Plein jour,Hors agglomération,Hors intersection,Normale,Sans collision,,,,,,,,,,,1,1,1,1.0,7.0
201700005159,0017-05-27 19:22:00,17,5,27,19,22,950,40,RD 43,49.0967,1.8774,Crépuscule ou aube,Hors agglomération,Hors intersection,Normale,Sans collision,,,,,,,,,,,2,1,1,1.0,7.0
201700005160,0017-06-22 05:05:00,17,6,22,5,5,950,40,RD 14,49.1016,1.8931,Crépuscule ou aube,Hors agglomération,Hors intersection,Normale,Deux véhicules - arrière,,,,,,,,,,,2,1,1,1.0,2.0
201700005161,0017-09-25 12:00:00,17,9,25,12,0,950,170,RD 28,49.0414,1.9461,Plein jour,Hors agglomération,Hors intersection,Normale,Deux véhicules - frontale,,,,,,,,,,,1,1,1,1.0,1.0
201700005162,0017-10-15 10:45:00,17,10,15,10,45,950,295,RUE ST NICOLAS,49.1063,1.8477,Plein jour,En agglomération,Hors intersection,Normale,Deux véhicules - arrière,,,,,,,,,,,1,2,1,1.0,2.0
201700005163,0017-11-04 19:15:00,17,11,4,19,15,950,535,RD 28,49.0523,1.9574,Nuit sans éclairage public,Hors agglomération,Hors intersection,Pluie légère,Autre collision,,,,,,,,,,,3,1,1,2.0,6.0
201700005164,0017-11-11 08:45:00,17,11,11,8,45,950,2,RD 14,49.0711,1.9653,Plein jour,Hors agglomération,Hors intersection,Pluie légère,Autre collision,,,,,,,,,,,1,1,1,2.0,6.0
201700005165,0017-11-01 19:50:00,17,11,1,19,50,950,489,RUE DE PARIS,49.0199,2.3483,Nuit avec éclairage allumé,En agglomération,Hors intersection,Normale,Deux véhicules - côté,,,,,,,,,,,5,2,1,1.0,3.0
201700005166,0017-12-20 17:09:00,17,12,20,17,9,950,199,RD 301,49.0311,2.3465,Nuit sans éclairage public,Hors agglomération,Hors intersection,Pluie légère,Autre collision,,,,,,,,,,,3,1,1,2.0,6.0
201700005167,0017-12-20 23:00:00,17,12,20,23,0,950,489,RD301,49.0195,2.3515,Nuit sans éclairage public,Hors agglomération,Hors intersection,Pluie légère,Sans collision,,,,,,,,,,,3,1,1,2.0,7.0
201700005168,0017-03-25 16:45:00,17,3,25,16,45,950,351,RD 317,49.0264,2.4996,Plein jour,Hors agglomération,Hors intersection,Normale,Deux véhicules - arrière,,,,,,,,,,,1,1,1,1.0,2.0
201700005169,0017-05-24 08:02:00,17,5,24,8,2,950,641,RD 16,49.0637,2.5669,Plein jour,Hors agglomération,Hors intersection,Normale,Deux véhicules - côté,,,,,,,,,,,1,1,1,1.0,3.0
201700005170,0017-10-18 08:10:00,17,10,18,8,10,950,241,RUE ALBERT GALLE,49.0508,2.4454,Plein jour,Hors agglomération,Hors intersection,Normale,Deux véhicules - frontale,,,,,,,,,,,1,1,1,1.0,1.0
201700005171,0017-12-07 06:45:00,17,12,7,6,45,950,641,RD 16,49.0622,2.5681,Nuit sans éclairage public,Hors agglomération,Hors intersection,Normale,Deux véhicules - arrière,,,,,,,,,,,3,1,1,1.0,2.0
201700005172,0017-12-13 04:00:00,17,12,13,4,0,950,675,RUE DE L'ORMET,49.0586,2.5372,Nuit avec éclairage allumé,En agglomération,Hors intersection,Pluie légère,Autre collision,,,,,,,,,,,5,2,1,2.0,6.0
201700005173,0017-09-18 08:30:00,17,9,18,8,30,770,437,"RD 401, PK 16+500",49.03999,2.78338,Crépuscule ou aube,Hors agglomération,Hors intersection,Brouillard / fumée,Deux véhicules - frontale,,,,,,,,,,,2,1,1,5.0,1.0
201700005174,0017-03-23 12:50:00,17,3,23,12,50,770,175,RD 48,48.64985,2.68502,Plein jour,Hors agglomération,Hors intersection,Pluie légère,Sans collision,,,,,,,,,,,1,1,1,2.0,7.0
201700005175,0017-08-18 14:00:00,17,8,18,14,0,770,175,rd305,48.63752,2.62935,Plein jour,Hors agglomération,Intersection en T,Pluie forte,Autre collision,,,,,,,,,,,1,1,3,3.0,6.0
201700005176,0017-09-16 07:55:00,17,9,16,7,55,770,127,4 RUE JEAN JAURES,48.67097,2.69252,Plein jour,En agglomération,Intersection en X,Normale,Autre collision,,,,,,,,,,,1,2,2,1.0,6.0
201700005177,0017-09-27 16:15:00,17,9,27,16,15,770,457,PK 11+900,48.65913,2.74051,Plein jour,Hors agglomération,Hors intersection,Normale,Deux véhicules - frontale,,,,,,,,,,,1,1,1,1.0,1.0
201700005178,0017-01-17 15:55:00,17,1,17,15,55,770,100,RD 605,48.49522,2.80821,Plein jour,Hors agglomération,Hors intersection,Normale,Deux véhicules - frontale,,,,,,,,,,,1,1,1,1.0,1.0
201700005179,0017-03-22 17:10:00,17,3,22,17,10,770,295,CD 126 PK 6+549,48.55707,2.74536,Plein jour,Hors agglomération,Hors intersection,Normale,Deux véhicules - frontale,,,,,,,,,,,1,1,1,1.0,1.0
201700005180,0017-05-05 16:45:00,17,5,5,16,45,770,453,D408 X D126,48.54747,2.76575,Plein jour,Hors agglomération,Intersection en X,Normale,Deux véhicules - côté,,,,,,,,,,,1,1,2,1.0,3.0
201700005181,0017-05-21 07:00:00,17,5,21,7,0,770,453,D605,48.53442,2.71644,Plein jour,Hors agglomération,Hors intersection,Normale,Autre collision,,,,,,,,,,,1,1,1,1.0,6.0
201700005182,0017-05-22 18:00:00,17,5,22,18,0,770,295,D408 X ROUTE DES GRANGES,48.54716,2.73445,Plein jour,Hors agglomération,Intersection en Y,Normale,Deux véhicules - côté,,,,,,,,,,,1,1,4,1.0,3.0
201700005183,0017-07-22 17:03:00,17,7,22,17,3,770,453,Route départementale 605,48.52249,2.76451,Plein jour,Hors agglomération,Hors intersection,Pluie forte,Trois véhicules et plus - collisions multiples,,,,,,,,,,,1,1,1,3.0,5.0
201700005184,0017-09-07 15:55:00,17,9,7,15,55,770,453,RD408,48.54875,2.75532,Plein jour,Hors agglomération,Hors intersection,Temps couvert,Deux véhicules - frontale,,,,,,,,,,,1,1,1,8.0,1.0
201700005185,0017-09-24 20:55:00,17,9,24,20,55,770,354,RD605,48.47605,2.84511,Nuit sans éclairage public,Hors agglomération,Hors intersection,Normale,Deux véhicules - arrière,,,,,,,,,,,3,1,1,1.0,2.0
201700005186,0017-12-11 16:25:00,17,12,11,16,25,770,453,RD 605,48.53472,2.71447,Plein jour,Hors agglomération,Hors intersection,Vent fort / tempête,Deux véhicules - frontale,,,,,,,,,,,1,1,1,6.0,1.0
201700005187,0017-05-05 21:10:00,17,5,5,21,10,770,107,Départementale 144,48.67248,2.83849,Crépuscule ou aube,Hors agglomération,Hors intersection,Normale,Autre collision,,,,,,,,,,,2,1,1,1.0,6.0
201700005188,0017-05-16 07:45:00,17,5,16,7,45,770,145,RN 36,48.61148,2.74515,Plein jour,Hors agglomération,Hors intersection,Normale,Trois véhicules et plus - en chaîne,,,,,,,,,,,1,1,1,1.0,4.0
201700005189,0017-07-09 17:18:00,17,7,9,17,18,770,534,RN36,48.62041,2.75943,Plein jour,Hors agglomération,Hors intersection,Normale,Deux véhicules - frontale,,,,,,,,,,,1,1,1,1.0,1.0
201700005190,0017-07-31 13:15:00,17,7,31,13,15,770,107,RN36,48.67116,2.81219,Plein jour,Hors agglomération,Hors intersection,Normale,Deux véhicules - frontale,,,,,,,,,,,1,1,1,1.0,1.0
201700005191,0017-08-06 17:00:00,17,8,6,17,0,770,222,67 rue Clément Ader,48.63206,2.80039,Plein jour,En agglomération,Intersection en T,Normale,Deux véhicules - côté,,,,,,,,,,,1,2,3,1.0,3.0
201700005192,0017-09-02 21:20:00,17,9,2,21,20,770,107,RD 47,48.65217,2.83485,Nuit sans éclairage public,Hors agglomération,Intersection en X,Normale,Autre collision,,,,,,,,,,,3,1,2,1.0,6.0
201700005193,0017-12-01 15:19:00,17,12,1,15,19,770,352,Départementale 319 PK 14,48.64991,2.76935,Plein jour,Hors agglomération,Hors intersection,Temps couvert,Trois véhicules et plus - collisions multiples,,,,,,,,,,,1,1,1,8.0,5.0
201700005194,0017-01-27 23:00:00,17,1,27,23,0,770,191,pk 22 - D408,48.55535,2.92599,Nuit sans éclairage public,Hors agglomération,Hors intersection,Normale,Autre collision,,,,,,,,,,,3,1,1,1.0,6.0
201700005195,0017-03-10 18:10:00,17,3,10,18,10,770,317,D215 X AV.BRESSOY,48.6033,2.88221,Plein jour,Hors agglomération,Intersection en X,Normale,Trois véhicules et plus - collisions multiples,,,,,,,,,,,1,1,2,1.0,5.0
201700005196,0017-05-08 10:20:00,17,5,8,10,20,770,195,Intersection D57/D130,48.58562,2.76167,Plein jour,Hors agglomération,Intersection en Y,Normale,Deux véhicules - frontale,,,,,,,,,,,1,1,4,1.0,1.0
201700005197,0017-06-25 05:10:00,17,6,25,5,10,770,86,D408,48.54949,2.89005,Crépuscule ou aube,En agglomération,Hors intersection,Normale,Autre collision,,,,,,,,,,,2,2,1,1.0,6.0
201700005198,0017-08-12 17:00:00,17,8,12,17,0,770,191,D12 X D213,48.5005,2.91035,Crépuscule ou aube,Hors agglomération,Intersection en X,Pluie légère,Deux véhicules - côté,,,,,,,,,,,2,1,2,2.0,3.0
201700005199,0017-09-15 17:30:00,17,9,15,17,30,770,191,D12 X D213,48.50053,2.91041,Crépuscule ou aube,Hors agglomération,Intersection en X,Normale,Deux véhicules - côté,,,,,,,,,,,2,1,2,1.0,3.0
201700005200,0017-10-08 20:40:00,17,10,8,20,40,770,10,RD619 X VC PECQUEUX,48.6207,2.85371,Nuit sans éclairage public,Hors agglomération,Intersection en T,Pluie légère,Deux véhicules - frontale,,,,,,,,,,,3,1,3,2.0,1.0
201700005201,0017-10-12 07:50:00,17,10,12,7,50,770,211,D619 X D67 EST X VC,48.58115,2.96433,Plein jour,Hors agglomération,Intersection en X,Normale,Deux véhicules - côté,,,,,,,,,,,1,1,2,1.0,3.0
201700005202,0017-11-18 19:30:00,17,11,18,19,30,770,211,D619,48.57351,2.99679,Crépuscule ou aube,Hors agglomération,Hors intersection,Normale,Deux véhicules - arrière,,,,,,,,,,,2,1,1,1.0,2.0
201700005203,0017-11-21 11:50:00,17,11,21,11,50,770,317,"D619 55,RUE CH DE GAULLE",48.60694,2.89054,Plein jour,En agglomération,Intersection en Y,Normale,Autre collision,,,,,,,,,,,1,2,4,1.0,6.0
201700005204,0017-05-28 18:30:00,17,5,28,18,30,770,470,ROUTE NATIONE 4,48.73613,2.75601,Plein jour,Hors agglomération,Hors intersection,Normale,Deux véhicules - arrière,,,,,,,,,,,1,1,1,1.0,2.0
201700005205,0017-06-22 21:00:00,17,6,22,21,0,770,470,RN 4 - pk 14+500 - sens,48.73907,2.77814,Plein jour,Hors agglomération,Intersection en X,Normale,Autre collision,,,,,,,,,,,1,1,2,1.0,6.0
201700005206,0017-07-29 17:30:00,17,7,29,17,30,770,254,rue du noyers,48.69896,2.77021,Plein jour,En agglomération,Intersection en T,Normale,Deux véhicules - côté,,,,,,,,,,,1,2,3,1.0,3.0
201700005207,0017-09-13 02:00:00,17,9,13,2,0,770,470,RN4 - PK16,48.73342,2.78267,Nuit sans éclairage public,Hors agglomération,Hors intersection,Pluie légère,Autre collision,,,,,,,,,,,3,1,1,2.0,6.0
201700005208,0017-09-22 23:17:00,17,9,22,23,17,770,377,D10,48.7026,2.74888,Nuit sans éclairage public,Hors agglomération,Hors intersection,Brouillard / fumée,Sans collision,,,,,,,,,,,3,1,1,5.0,7.0
201700005209,0017-09-24 14:30:00,17,9,24,14,30,770,254,D32-58 R. GUSTAVE DELAGE,48.70455,2.76608,Plein jour,Hors agglomération,Hors intersection,Normale,Autre collision,,,,,,,,,,,1,1,1,1.0,6.0
201700005210,0017-10-06 15:45:00,17,10,6,15,45,770,470,nationale 4 PK 16,48.73907,2.77814,Plein jour,Hors agglomération,Hors intersection,Normale,Autre collision,,,,,,,,,,,1,1,1,1.0,6.0
201700005211,0017-12-10 19:45:00,17,12,10,19,45,770,470,RN 4 PK 15.600,48.7316,2.79119,Nuit sans éclairage public,Hors agglomération,Hors intersection,Pluie légère,Trois véhicules et plus - collisions multiples,,,,,,,,,,,3,1,1,2.0,5.0
201700005212,0017-02-03 20:00:00,17,2,3,20,0,770,47,D125,48.88716,2.91688,Nuit sans éclairage public,Hors agglomération,Hors intersection,Vent fort / tempête,Autre collision,,,,,,,,,,,3,1,1,6.0,6.0
201700005213,0017-02-21 18:40:00,17,2,21,18,40,770,49,rue de Vincelles,48.92222,2.92083,Nuit sans éclairage public,Hors agglomération,Hors intersection,Normale,Autre collision,,,,,,,,,,,3,1,1,1.0,6.0
201700005214,0017-03-15 06:50:00,17,3,15,6,50,770,142,Départementale 934,48.85884,2.91924,Crépuscule ou aube,En agglomération,Intersection en T,Normale,Deux véhicules - côté,,,,,,,,,,,2,2,3,1.0,3.0
201700005215,0017-03-20 12:25:00,17,3,20,12,25,770,142,D934,48.84166,2.95666,Plein jour,Hors agglomération,Hors intersection,Normale,Autre collision,,,,,,,,,,,1,1,1,1.0,6.0
201700005216,0017-03-26 14:30:00,17,3,26,14,30,770,413,route de Magny,48.87321,2.83043,Plein jour,Hors agglomération,Hors intersection,Normale,Sans collision,,,,,,,,,,,1,1,1,1.0,7.0
201700005217,0017-04-02 16:30:00,17,4,2,16,30,770,142,D934 - AV DE ENSOLEILLEE,48.86175,2.89062,Plein jour,Hors agglomération,Hors intersection,Normale,Deux véhicules - arrière,,,,,,,,,,,1,1,1,1.0,2.0
201700005218,0017-09-08 06:00:00,17,9,8,6,0,770,484,Route départementale 228,48.90088,2.93599,Nuit sans éclairage public,Hors agglomération,Hors intersection,Temps couvert,Trois véhicules et plus - collisions multiples,,,,,,,,,,,3,1,1,8.0,5.0
201700005219,0017-10-22 07:20:00,17,10,22,7,20,770,521,D406 - 30 COTE DAINVILLE,48.86276,2.86886,Nuit avec éclairage allumé,En agglomération,Hors intersection,Normale,Autre collision,,,,,,,,,,,5,2,1,1.0,6.0
201700005220,0017-10-27 17:20:00,17,10,27,17,20,770,521,RN 36,48.84157,2.87177,Plein jour,Hors agglomération,Hors intersection,Normale,Trois véhicules et plus - collisions multiples,,,,,,,,,,,1,1,1,1.0,5.0
201700005221,0017-11-21 07:35:00,17,11,21,7,35,770,49,D228E X D33 X VC,48.91217,2.92084,Crépuscule ou aube,Hors agglomération,Intersection en X,Brouillard / fumée,Deux véhicules - côté,,,,,,,,,,,2,1,2,5.0,3.0
201700005222,0017-12-31 15:30:00,17,12,31,15,30,770,440,D603,48.9518,3.0544,Plein jour,Hors agglomération,Hors intersection,Pluie légère,Deux véhicules - frontale,,,,,,,,,,,1,1,1,2.0,1.0
201700005223,0017-01-08 17:15:00,17,1,8,17,15,770,57,D407 X D31E X VC,48.92608,3.23818,Nuit avec éclairage allumé,En agglomération,Intersection en X,Brouillard / fumée,Deux véhicules - côté,,,,,,,,,,,5,2,2,5.0,3.0
201700005224,0017-03-20 19:45:00,17,3,20,19,45,770,415,D603 X VC CIMETIERE,48.95115,3.03055,Nuit sans éclairage public,Hors agglomération,Intersection en T,Normale,Deux véhicules - arrière,,,,,,,,,,,3,1,3,1.0,2.0
201700005225,0017-04-06 19:30:00,17,4,6,19,30,770,183,D603 X D402,48.94354,3.12093,Crépuscule ou aube,En agglomération,Intersection en T,Normale,Deux véhicules - arrière,,,,,,,,,,,2,2,3,1.0,2.0
201700005226,0017-04-18 16:20:00,17,4,18,16,20,770,401,D603 X D401 X VC,49.00832,3.16299,Plein jour,Hors agglomération,Intersection en X,Normale,Trois véhicules et plus - collisions multiples,,,,,,,,,,,1,1,2,1.0,5.0
201700005227,0017-07-16 11:20:00,17,7,16,11,20,770,265,D402,48.96917,3.16813,Plein jour,Hors agglomération,Intersection en T,Normale,Sans collision,,,,,,,,,,,1,1,3,1.0,7.0
201700005228,0017-08-15 23:45:00,17,8,15,23,45,770,401,RD603,49.00438,3.1604,Nuit sans éclairage public,Hors agglomération,Hors intersection,Normale,Autre collision,,,,,,,,,,,3,1,1,1.0,6.0
201700005229,0017-09-23 16:45:00,17,9,23,16,45,770,397,D70 hameaux de Montménar,48.94741,3.17869,Plein jour,Hors agglomération,Hors intersection,Normale,Sans collision,,,,,,,,,,,1,1,1,1.0,7.0
201700005230,0017-09-25 18:40:00,17,9,25,18,40,770,415,D19 HAMEAU LA NOUE,48.9297,2.99698,Crépuscule ou aube,Hors agglomération,Hors intersection,Normale,Autre collision,,,,,,,,,,,2,1,1,1.0,6.0
201700005231,0017-10-05 10:30:00,17,10,5,10,30,770,238,D402 X R.COUR DES NOBLES,48.92524,3.12964,Plein jour,En agglomération,Intersection en X,Temps éblouissant,Autre collision,,,,,,,,,,,1,2,2,7.0,6.0
201700005232,0017-10-05 07:00:00,17,10,5,7,0,770,361,Rue de Crécy - RD21,48.89823,3.03213,Crépuscule ou aube,Hors agglomération,Hors intersection,Normale,Deux véhicules - arrière,,,,,,,,,,,2,1,1,1.0,2.0
201700005233,0017-10-14 13:50:00,17,10,14,13,50,770,361,D44,48.89669,3.03675,Plein jour,Hors agglomération,Hors intersection,Temps éblouissant,Sans collision,,,,,,,,,,,1,1,1,7.0,7.0
201700005234,0017-10-13 21:15:00,17,10,13,21,15,770,415,CD 603,48.95154,3.04305,Nuit sans éclairage public,Hors agglomération,Hors intersection,Normale,Autre collision,,,,,,,,,,,3,1,1,1.0,6.0
201700005235,0017-10-23 16:30:00,17,10,23,16,30,770,238,D402 X D19,48.86871,3.09174,Plein jour,Hors agglomération,Intersection en X,Pluie légère,Deux véhicules - frontale,,,,,,,,,,,1,1,2,2.0,1.0
201700005236,0017-10-26 17:00:00,17,10,26,17,0,770,183,RUE BONDONS X ACCES CHAT,48.94836,3.14842,Plein jour,En agglomération,Hors intersection,Normale,Sans collision,,,,,,,,,,,1,2,1,1.0,7.0
201700005237,0017-10-27 20:00:00,17,10,27,20,0,770,183,rue de condé,48.94479,3.12964,Nuit avec éclairage allumé,En agglomération,Intersection en T,Normale,Autre collision,,,,,,,,,,,5,2,3,1.0,6.0
201700005238,0017-11-05 17:40:00,17,11,5,17,40,770,415,D603,48.95179,3.05207,Crépuscule ou aube,Hors agglomération,Autre intersection,Normale,Deux véhicules - côté,,,,,,,,,,,2,1,9,1.0,3.0
201700005239,0017-11-06 14:00:00,17,11,6,14,0,770,183,D603 X D402 (MEMORIAL),48.94326,3.12381,Plein jour,En agglomération,Giratoire,Normale,Sans collision,,,,,,,,,,,1,2,6,1.0,7.0
201700005240,0017-11-11 11:15:00,17,11,11,11,15,770,265,D402 / rue du 103 RI / r,48.97293,3.17766,Plein jour,Hors agglomération,Intersection en X,Pluie légère,Deux véhicules - côté,,,,,,,,,,,1,1,2,2.0,3.0
201700005241,0017-11-13 21:15:00,17,11,13,21,15,770,401,RD603,49.00181,3.15849,Nuit sans éclairage public,Hors agglomération,Intersection en T,Normale,Deux véhicules - arrière,,,,,,,,,,,3,1,3,1.0,2.0
201700005242,0017-11-29 08:30:00,17,11,29,8,30,770,24,D407,48.92362,3.25577,Crépuscule ou aube,Hors agglomération,Hors intersection,Brouillard / fumée,Sans collision,,,,,,,,,,,2,1,1,5.0,7.0