accident_id,datetime,annee,mois,jour,heure,minute,departement,commune_insee,adresse,latitude,longitude,luminosite,agglomeration,intersection,meteo,collision,nb_vehicules,nb_usagers,nb_indemnes,nb_tues,nb_blesses_hosp,nb_blesses_legers,age_cond_1,age_cond_2,veh_type_cond_1,veh_type_cond_2,lum_code,agg_code,int_code,atm_code,col_code
201700005486,0017-07-14 10:10:00,17,7,14,10,10,330,199,D652/All.Champs des Land,44.62927,-1.11026,Plein jour,En agglomération,Intersection en X,Temps éblouissant,Deux véhicules - côté,,,,,,,,,,,1,2,2,7.0,3.0
201700005487,0017-07-15 13:00:00,17,7,15,13,0,330,199,AL.Tulipes/D260/D652,44.62784,-1.11058,Plein jour,En agglomération,Intersection en X,Normale,Deux véhicules - côté,,,,,,,,,,,1,2,2,1.0,3.0
201700005488,0017-07-29 18:20:00,17,7,29,18,20,330,199,RD650  / RD652,44.6382,-1.11249,Plein jour,En agglomération,Giratoire,Normale,Deux véhicules - arrière,,,,,,,,,,,1,2,6,1.0,2.0
201700005489,0017-08-19 20:15:00,17,8,19,20,15,330,199,D650 / Av STE MARIE,44.63953,-1.11629,Crépuscule ou aube,En agglomération,Giratoire,Normale,Autre collision,,,,,,,,,,,2,2,6,1.0,6.0
201700005490,0017-08-27 01:00:00,17,8,27,1,0,330,199,Avenue de Césarée,44.61705,-1.07316,Nuit avec éclairage non allumé,En agglomération,Giratoire,Normale,Deux véhicules - côté,,,,,,,,,,,4,2,6,1.0,3.0
201700005491,0017-09-22 04:05:00,17,9,22,4,5,330,527,Route de Bordeaux,44.52759,-1.01766,Nuit sans éclairage public,Hors agglomération,Hors intersection,Normale,Autre collision,,,,,,,,,,,3,1,1,1.0,6.0
201700005492,0017-10-18 08:05:00,17,10,18,8,5,330,527,D260 / D650E1,44.62327,-1.02492,Crépuscule ou aube,En agglomération,Giratoire,Normale,Deux véhicules - côté,,,,,,,,,,,2,2,6,1.0,3.0
201700005493,0017-10-24 22:10:00,17,10,24,22,10,330,527,Av Côte d'argent/Av Gare,44.63558,-1.02174,Nuit avec éclairage allumé,En agglomération,Intersection en T,Normale,Autre collision,,,,,,,,,,,5,2,3,1.0,6.0
201700005494,0017-11-08 19:45:00,17,11,8,19,45,330,199,Rte.Sports/All.Malpont,44.61546,-1.06708,Nuit sans éclairage public,En agglomération,Intersection en T,Normale,Autre collision,,,,,,,,,,,3,2,3,1.0,6.0
201700005495,0017-11-18 15:35:00,17,11,18,15,35,330,199,D260 / D650E3,44.62243,-1.07343,Plein jour,En agglomération,Giratoire,Normale,Deux véhicules - côté,,,,,,,,,,,1,2,6,1.0,3.0
201700005496,0017-11-21 21:30:00,17,11,21,21,30,330,527,D 216  PK 16,44.57238,-0.96569,Nuit sans éclairage public,Hors agglomération,Hors intersection,Brouillard / fumée,Autre collision,,,,,,,,,,,3,1,1,5.0,6.0
201700005497,0017-12-02 02:00:00,17,12,2,2,0,330,199,route des lacs,44.62479,-1.10922,Nuit avec éclairage allumé,En agglomération,Hors intersection,Normale,Deux véhicules - frontale,,,,,,,,,,,5,2,1,1.0,1.0
201700005498,0017-12-23 05:10:00,17,12,23,5,10,330,199,D650/Al.Bireboussaou,44.64053,-1.04947,Nuit avec éclairage allumé,En agglomération,Intersection en X,Pluie légère,Deux véhicules - côté,,,,,,,,,,,5,2,2,2.0,3.0
201700005499,0017-01-06 23:41:00,17,1,6,23,41,60,155,"12, LIBERTE AV.DE LA",43.56317,7.06688,Nuit avec éclairage allumé,En agglomération,Autre intersection,Normale,Sans collision,,,,,,,,,,,5,2,9,1.0,7.0
201700005500,0017-01-12 13:30:00,17,1,12,13,30,60,4,"50, CHATAIGNIERS AV.DU",43.58092,7.11493,Plein jour,En agglomération,Hors intersection,Normale,Deux véhicules - côté,,,,,,,,,,,1,2,1,1.0,3.0
201700005501,0017-01-13 06:30:00,17,1,13,6,30,60,4,"1, REPUBLIQUE RUE DE LA",43.58037,7.12195,Nuit avec éclairage allumé,En agglomération,Hors intersection,Normale,Autre collision,,,,,,,,,,,5,2,1,1.0,6.0
201700005502,0017-01-13 19:00:00,17,1,13,19,0,60,4,"23, AUSSEL AV.NICOLAS",43.57732,7.10711,Nuit avec éclairage allumé,Hors agglomération,Autre intersection,Normale,Deux véhicules - frontale,,,,,,,,,,,5,1,9,1.0,1.0
201700005503,0017-01-16 23:30:00,17,1,16,23,30,60,4,"50, ONZE NOVEMBRE AV.DU",43.58931,7.12371,Nuit avec éclairage allumé,En agglomération,Hors intersection,Autre,Autre collision,,,,,,,,,,,5,2,1,9.0,6.0
201700005504,0017-01-23 18:10:00,17,1,23,18,10,60,155,"595, LIBERTE AV.DE LA",,,Crépuscule ou aube,Hors agglomération,Hors intersection,Normale,Trois véhicules et plus - collisions multiples,,,,,,,,,,,2,1,1,1.0,5.0
201700005505,0017-02-05 08:20:00,17,2,5,8,20,60,155,"52, LIBERTE AV.DE LA",,,Plein jour,En agglomération,Intersection en X,Pluie légère,Deux véhicules - frontale,,,,,,,,,,,1,2,2,2.0,1.0
201700005506,0017-02-05 10:15:00,17,2,5,10,15,60,155,"690, LIBERTE AV.DE LA",43.55809,7.06309,Plein jour,Hors agglomération,Hors intersection,Pluie forte,Deux véhicules - frontale,,,,,,,,,,,1,1,1,3.0,1.0
201700005507,0017-02-13 16:10:00,17,2,13,16,10,60,4,"1, ROCHAT AV.PHILIPPE",43.5854,7.11808,Plein jour,En agglomération,Intersection en X,Normale,Deux véhicules - côté,,,,,,,,,,,1,2,2,1.0,3.0
201700005508,0017-02-16 07:10:00,17,2,16,7,10,60,4,"35/37, ROCHAT AV.PHILIPP",,,Plein jour,En agglomération,Intersection en T,Normale,Deux véhicules - arrière,,,,,,,,,,,1,2,3,1.0,2.0
201700005509,0017-02-21 14:20:00,17,2,21,14,20,60,4,"63, ROCHAT AV.PHILIPPE",43.58724,7.11105,Plein jour,En agglomération,Hors intersection,Normale,Deux véhicules - côté,,,,,,,,,,,1,2,1,1.0,3.0
201700005510,0017-02-21 19:20:00,17,2,21,19,20,60,4,"54, CANNES(RN.7) AV.DE",43.57331,7.08676,Nuit avec éclairage allumé,En agglomération,Intersection en T,Normale,Deux véhicules - frontale,,,,,,,,,,,5,2,3,1.0,1.0
201700005511,0017-02-23 12:20:00,17,2,23,12,20,60,4,RD6007,43.58054,7.11564,Plein jour,En agglomération,Hors intersection,Normale,Deux véhicules - arrière,,,,,,,,,,,1,2,1,1.0,2.0
201700005512,0017-02-25 12:15:00,17,2,25,12,15,60,4,"1292, COMBES CH.DES",,,Plein jour,En agglomération,Giratoire,Normale,Deux véhicules - côté,,,,,,,,,,,1,2,6,1.0,3.0
201700005513,0017-03-03 16:30:00,17,3,3,16,30,60,155,"50, LIBERTE AV.DE LA",43.56658,7.07079,Plein jour,En agglomération,Hors intersection,Normale,Autre collision,,,,,,,,,,,1,2,1,1.0,6.0
201700005514,0017-03-03 18:00:00,17,3,3,18,0,60,4,"53, POINCARE BD RAYMOND",43.57197,7.10608,Plein jour,En agglomération,Hors intersection,Normale,Deux véhicules - côté,,,,,,,,,,,1,2,1,1.0,3.0
201700005515,0017-03-09 21:02:00,17,3,9,21,2,60,4,"60, BIJOU PLAGE BD",43.5743,7.09757,Nuit avec éclairage allumé,En agglomération,Hors intersection,Normale,Autre collision,,,,,,,,,,,5,2,1,1.0,6.0
201700005516,0017-03-08 18:50:00,17,3,8,18,50,60,4,"51, WILSON BD",43.57506,7.11705,Crépuscule ou aube,En agglomération,Hors intersection,Normale,Sans collision,,,,,,,,,,,2,2,1,1.0,7.0
201700005517,0017-03-18 02:45:00,17,3,18,2,45,60,4,"15, BAUDOIN BD EDOUARD",43.56447,7.11577,Nuit avec éclairage allumé,En agglomération,Hors intersection,Normale,Autre collision,,,,,,,,,,,5,2,1,1.0,6.0
201700005518,0017-03-19 01:15:00,17,3,19,1,15,60,4,BIOT (CD.4) RTE DE,43.61486,7.11957,Nuit sans éclairage public,En agglomération,Giratoire,Normale,Sans collision,,,,,,,,,,,3,2,6,1.0,7.0
201700005519,0017-03-28 13:25:00,17,3,28,13,25,60,4,GUILLAUMONT BD CHARLES,43.57691,7.10282,Plein jour,En agglomération,Intersection en T,Normale,Deux véhicules - côté,,,,,,,,,,,1,2,3,1.0,3.0
201700005520,0017-03-29 21:19:00,17,3,29,21,19,60,4,"1, VERDUN AV.DE",43.58384,7.12672,Nuit avec éclairage allumé,En agglomération,Hors intersection,Normale,Deux véhicules - frontale,,,,,,,,,,,5,2,1,1.0,1.0
201700005521,0017-03-30 11:45:00,17,3,30,11,45,60,4,"1, COUTELLIER CH.",43.60237,7.09177,Plein jour,En agglomération,Intersection en T,Normale,Autre collision,,,,,,,,,,,1,2,3,1.0,6.0
201700005522,0017-04-05 15:10:00,17,4,5,15,10,60,4,LITTORAL(BDM APRES BIJOU,43.5698,7.0844,Plein jour,Hors agglomération,Hors intersection,Normale,Deux véhicules - arrière,,,,,,,,,,,1,1,1,1.0,2.0
201700005523,0017-04-06 15:00:00,17,4,6,15,0,60,155,"1750, SAINT BERNARD CH.",43.59323,7.05646,Plein jour,En agglomération,Hors intersection,Normale,Deux véhicules - côté,,,,,,,,,,,1,2,1,1.0,3.0
201700005524,0017-04-07 15:53:00,17,4,7,15,53,60,155,"852, SAINT BERNARD CH.",43.58474,7.0553,Plein jour,En agglomération,Hors intersection,Normale,Autre collision,,,,,,,,,,,1,2,1,1.0,6.0
201700005525,0017-04-11 14:30:00,17,4,11,14,30,60,4,"53, NOVEMBRE 11 AVE",43.58952,7.12295,Plein jour,En agglomération,Hors intersection,Normale,Autre collision,,,,,,,,,,,1,2,1,1.0,6.0
201700005526,0017-04-11 20:45:00,17,4,11,20,45,60,4,RD6007,43.57766,7.10387,Nuit sans éclairage public,Hors agglomération,Autre intersection,Normale,Deux véhicules - arrière,,,,,,,,,,,3,1,9,1.0,2.0
201700005527,0017-04-12 13:20:00,17,4,12,13,20,60,4,VAUTRIN BD DU GENERAL,43.58761,7.11899,Plein jour,En agglomération,Hors intersection,Normale,Deux véhicules - côté,,,,,,,,,,,1,2,1,1.0,3.0
201700005528,0017-04-12 22:35:00,17,4,12,22,35,60,4,"1990, GRASSE RTE DE",43.5995,7.08644,Nuit avec éclairage allumé,En agglomération,Hors intersection,Normale,Autre collision,,,,,,,,,,,5,2,1,1.0,6.0
201700005529,0017-04-11 18:20:00,17,4,11,18,20,60,4,"1071, SQUARE FRANCOIS PI",43.59392,7.09542,Plein jour,En agglomération,Hors intersection,Normale,Autre collision,,,,,,,,,,,1,2,1,1.0,6.0
201700005530,0017-04-17 15:15:00,17,4,17,15,15,60,155,"74, LIBERTE AV.DE LA",43.56772,7.07196,Plein jour,En agglomération,Hors intersection,Normale,Autre collision,,,,,,,,,,,1,2,1,1.0,6.0
201700005531,0017-04-17 20:30:00,17,4,17,20,30,60,4,"7, ALBERT 1ER BD ET SQUA",43.57904,7.12245,Crépuscule ou aube,En agglomération,Hors intersection,Normale,Trois véhicules et plus - collisions multiples,,,,,,,,,,,2,2,1,1.0,5.0
201700005532,0017-04-18 13:41:00,17,4,18,13,41,60,4,"12, COURBET AV.AMIRAL",43.57137,7.10614,Plein jour,En agglomération,Intersection en T,Normale,Deux véhicules - frontale,,,,,,,,,,,1,2,3,1.0,1.0
201700005533,0017-04-20 17:50:00,17,4,20,17,50,60,4,"530, AMES DU PURGATOIRE",43.59006,7.09708,Plein jour,En agglomération,Hors intersection,Normale,Autre collision,,,,,,,,,,,1,2,1,1.0,6.0
201700005534,0017-04-23 18:40:00,17,4,23,18,40,60,4,"2, ESTEREL AV.DE L'",43.57061,7.11122,Plein jour,En agglomération,Hors intersection,Normale,Autre collision,,,,,,,,,,,1,2,1,1.0,6.0
201700005535,0017-04-24 11:20:00,17,4,24,11,20,60,4,"27, CHANCEL BD",43.57861,7.11756,Plein jour,En agglomération,Hors intersection,Normale,Deux véhicules - frontale,,,,,,,,,,,1,2,1,1.0,1.0
201700005536,0017-04-21 17:21:00,17,4,21,17,21,60,4,GUILLAUMONT BD CHARLES,43.56968,7.10675,Plein jour,En agglomération,Giratoire,Normale,Deux véhicules - côté,,,,,,,,,,,1,2,6,1.0,3.0
201700005537,0017-04-29 00:30:00,17,4,29,0,30,60,4,RD6107,43.58053,7.11578,Nuit avec éclairage allumé,En agglomération,Hors intersection,Normale,Autre collision,,,,,,,,,,,5,2,1,1.0,6.0
201700005538,0017-05-10 14:30:00,17,5,10,14,30,60,4,"1672, MAYMES CH.DE ST",43.5884,7.08502,Plein jour,En agglomération,Hors intersection,Normale,Deux véhicules - frontale,,,,,,,,,,,1,2,1,1.0,1.0
201700005539,0017-05-13 05:53:00,17,5,13,5,53,60,4,TROIS MOULINS RUE DES,,,Crépuscule ou aube,Hors agglomération,Giratoire,Normale,Deux véhicules - côté,,,,,,,,,,,2,1,6,1.0,3.0
201700005540,0017-05-19 08:30:00,17,5,19,8,30,60,4,"1, JAMES CLOSE RUE",43.58021,7.1255,Plein jour,En agglomération,Hors intersection,Normale,Autre collision,,,,,,,,,,,1,2,1,1.0,6.0
201700005541,0017-05-19 18:50:00,17,5,19,18,50,60,4,"1615, JUIN AV.MARECHAL",43.55073,7.11889,Plein jour,Hors agglomération,Hors intersection,Normale,Autre collision,,,,,,,,,,,1,1,1,1.0,6.0
201700005542,0017-05-25 22:10:00,17,5,25,22,10,60,4,"1, SAINT ROCH AV.",43.58309,7.12302,Nuit avec éclairage allumé,En agglomération,Hors intersection,Normale,Autre collision,,,,,,,,,,,5,2,1,1.0,6.0
201700005543,0017-05-27 09:50:00,17,5,27,9,50,60,4,"1205, CLAUDE CH.DE ST",43.60263,7.09255,Plein jour,En agglomération,Hors intersection,Normale,Autre collision,,,,,,,,,,,1,2,1,1.0,6.0
201700005544,0017-05-29 16:10:00,17,5,29,16,10,60,155,"28, MIMOSAS(VALLAURIS) A",43.57342,7.05263,Plein jour,En agglomération,Hors intersection,Normale,Deux véhicules - frontale,,,,,,,,,,,1,2,1,1.0,1.0
201700005545,0017-06-19 17:40:00,17,6,19,17,40,60,155,"2791, SAINT BERNARD CH.",43.5996,7.05813,Plein jour,Hors agglomération,Hors intersection,Normale,Deux véhicules - côté,,,,,,,,,,,1,1,1,1.0,3.0
201700005546,0017-06-27 07:35:00,17,6,27,7,35,60,4,NOVEMBRE 11 AVE,43.58942,7.12359,Plein jour,En agglomération,Hors intersection,Normale,Deux véhicules - côté,,,,,,,,,,,1,2,1,1.0,3.0
201700005547,0017-06-30 20:00:00,17,6,30,20,0,60,155,"624, CANNES RTE DE",43.56926,7.045,Plein jour,En agglomération,Hors intersection,Normale,Deux véhicules - arrière,,,,,,,,,,,1,2,1,1.0,2.0
201700005548,0017-07-01 19:20:00,17,7,1,19,20,60,155,RD6007,43.55986,7.06484,Plein jour,Hors agglomération,Hors intersection,Normale,Trois véhicules et plus - collisions multiples,,,,,,,,,,,1,1,1,1.0,5.0
201700005549,0017-07-06 11:45:00,17,7,6,11,45,60,4,"2625, SAINT CLAUDE CH.DE",43.60277,7.08793,Plein jour,En agglomération,Passage à niveau,Normale,Autre collision,,,,,,,,,,,1,2,8,1.0,6.0
201700005550,0017-07-08 01:32:00,17,7,8,1,32,60,4,"0, LECLERC BD MARECHAL",43.57483,7.12411,Nuit avec éclairage allumé,En agglomération,Intersection en Y,Normale,Deux véhicules - arrière,,,,,,,,,,,5,2,4,1.0,2.0
201700005551,0017-07-10 17:35:00,17,7,10,17,35,60,4,BIOT (CD.4) RTE DE,43.61254,7.12621,Plein jour,En agglomération,Giratoire,Normale,Deux véhicules - côté,,,,,,,,,,,1,2,6,1.0,3.0
201700005552,0017-07-15 14:15:00,17,7,15,14,15,60,4,"13, AUSSEL AV.NICOLAS",43.57764,7.10676,Plein jour,En agglomération,Hors intersection,Normale,Trois véhicules et plus - collisions multiples,,,,,,,,,,,1,2,1,1.0,5.0
201700005553,0017-07-17 22:47:00,17,7,17,22,47,60,4,"1260, NICE(RN.7) AV.ET R",43.61139,7.12613,Nuit avec éclairage allumé,En agglomération,Intersection en T,Normale,Deux véhicules - côté,,,,,,,,,,,5,2,3,1.0,3.0
201700005554,0017-07-21 18:50:00,17,7,21,18,50,60,4,GREC AV.JULES,43.5978,7.1134,Plein jour,En agglomération,Hors intersection,Normale,Autre collision,,,,,,,,,,,1,2,1,1.0,6.0
201700005555,0017-07-25 13:20:00,17,7,25,13,20,60,4,BORD DE MER RN.98 LA SIE,43.61184,7.12758,Plein jour,En agglomération,Hors intersection,Normale,Deux véhicules - arrière,,,,,,,,,,,1,2,1,1.0,2.0
201700005556,0017-07-25 19:20:00,17,7,25,19,20,60,4,BORD DE MER RN.98 LA SIE,43.60298,7.12552,Plein jour,En agglomération,Hors intersection,Normale,Deux véhicules - frontale,,,,,,,,,,,1,2,1,1.0,1.0
201700005557,0017-07-28 22:32:00,17,7,28,22,32,60,4,"1026, SAINT CLAUDE CH.DE",43.5969,7.10645,Nuit avec éclairage allumé,En agglomération,Hors intersection,Normale,Autre collision,,,,,,,,,,,5,2,1,1.0,6.0
201700005558,0017-07-29 06:00:00,17,7,29,6,0,60,4,"39, DUGOMMIER BD",43.58372,7.11894,Nuit avec éclairage allumé,En agglomération,Hors intersection,Normale,Autre collision,,,,,,,,,,,5,2,1,1.0,6.0
201700005559,0017-08-10 16:20:00,17,8,10,16,20,60,4,"1971, NICE(RN.7) AV.ET R",43.61,7.12,Plein jour,En agglomération,Hors intersection,Normale,Autre collision,,,,,,,,,,,1,2,1,1.0,6.0
201700005560,0017-08-13 00:05:00,17,8,13,0,5,60,4,NICE(RN.7) AV.ET RTE DE,43.61134,7.12611,Nuit avec éclairage allumé,En agglomération,Autre intersection,Normale,Deux véhicules - côté,,,,,,,,,,,5,2,9,1.0,3.0
201700005561,0017-09-02 18:20:00,17,9,2,18,20,60,4,"259, TERRIERS ALLEE- CH.",43.59619,7.08967,Plein jour,En agglomération,Giratoire,Pluie légère,Deux véhicules - côté,,,,,,,,,,,1,2,6,2.0,3.0
201700005562,0017-09-12 14:50:00,17,9,12,14,50,60,4,POINCARE BD RAYMOND,43.57192,7.10705,Plein jour,En agglomération,Intersection en X,Normale,Deux véhicules - côté,,,,,,,,,,,1,2,2,1.0,3.0
201700005563,0017-09-13 19:20:00,17,9,13,19,20,60,4,"28, COUGOULINS CH.ET AV.",43.6078,7.09193,Crépuscule ou aube,En agglomération,Hors intersection,Normale,Deux véhicules - frontale,,,,,,,,,,,2,2,1,1.0,1.0
201700005564,0017-09-09 22:10:00,17,9,9,22,10,60,4,"1, EUCALYPTUS AV.ET CH.D",43.57948,7.08937,Nuit sans éclairage public,En agglomération,Hors intersection,Pluie légère,Deux véhicules - côté,,,,,,,,,,,3,2,1,2.0,3.0
201700005565,0017-09-15 10:40:00,17,9,15,10,40,60,4,"118, POINCARE BD RAYMOND",43.57231,7.10264,Plein jour,En agglomération,Intersection en T,Normale,Autre collision,,,,,,,,,,,1,2,3,1.0,6.0
201700005566,0017-09-27 17:35:00,17,9,27,17,35,60,4,"91, WILSON BD",43.57134,7.11491,Plein jour,En agglomération,Hors intersection,Normale,Sans collision,,,,,,,,,,,1,2,1,1.0,7.0
201700005567,0017-10-03 19:00:00,17,10,3,19,0,60,4,REIBAUD AV.,,,Crépuscule ou aube,En agglomération,Hors intersection,Pluie légère,Autre collision,,,,,,,,,,,2,2,1,2.0,6.0
201700005568,0017-10-06 00:13:00,17,10,6,0,13,60,4,"101, GRASSE RTE DE",43.5913,7.10575,Nuit avec éclairage allumé,En agglomération,Intersection en X,Normale,Deux véhicules - côté,,,,,,,,,,,5,2,2,1.0,3.0
201700005569,0017-10-09 20:50:00,17,10,9,20,50,60,155,"69, CLEMENCEAU AV.GEORGE",43.57409,7.05788,Nuit avec éclairage allumé,En agglomération,Hors intersection,Normale,Autre collision,,,,,,,,,,,5,2,1,1.0,6.0
201700005570,0017-10-26 15:10:00,17,10,26,15,10,60,4,"20, CANNES(RN.7) AV.DE",43.5751,7.09465,Plein jour,En agglomération,Hors intersection,Normale,Deux véhicules - frontale,,,,,,,,,,,1,2,1,1.0,1.0
201700005571,0017-10-25 14:00:00,17,10,25,14,0,60,4,"29, NICE(RN.7) AV.ET RTE",43.59198,7.12084,Plein jour,En agglomération,Intersection en T,Normale,Deux véhicules - côté,,,,,,,,,,,1,2,3,1.0,3.0
201700005572,0017-11-10 09:06:00,17,11,10,9,6,60,4,"53, BADINE RTE DE LA",43.57823,7.10732,Plein jour,En agglomération,Hors intersection,Normale,Autre collision,,,,,,,,,,,1,2,1,1.0,6.0
201700005573,0017-11-26 13:38:00,17,11,26,13,38,60,4,"701, NICE(RN.7) AV.ET RT",43.6,7.12,Plein jour,En agglomération,Hors intersection,Normale,Deux véhicules - côté,,,,,,,,,,,1,2,1,1.0,3.0
201700005574,0017-12-01 11:50:00,17,12,1,11,50,60,4,"213, BACON BD DU ET BD G",43.5699,7.13399,Plein jour,En agglomération,Intersection en T,Normale,Deux véhicules - côté,,,,,,,,,,,1,2,3,1.0,3.0
201700005575,0017-12-03 21:25:00,17,12,3,21,25,60,4,"27, CANNES(RN.7) AV.DE",43.57505,7.09516,Nuit avec éclairage allumé,En agglomération,Hors intersection,Normale,Deux véhicules - côté,,,,,,,,,,,5,2,1,1.0,3.0
201700005576,0017-12-07 16:36:00,17,12,7,16,36,60,4,"77, POINCARE BD RAYMOND",43.572,7.102,Plein jour,En agglomération,Intersection en X,Normale,Deux véhicules - côté,,,,,,,,,,,1,2,2,1.0,3.0
201700005577,0017-12-30 03:15:00,17,12,30,3,15,60,4,NICE(RN.7) AV.ET RTE DE,43.58526,7.11837,Nuit avec éclairage allumé,En agglomération,Giratoire,Normale,Autre collision,,,,,,,,,,,5,2,6,1.0,6.0
201700005578,0017-01-02 09:50:00,17,1,2,9,50,60,123,"348, LECLERC GENERAL AVE",43.67449,7.18934,Plein jour,En agglomération,Hors intersection,Normale,Autre collision,,,,,,,,,,,1,2,1,1.0,6.0
201700005579,0017-01-03 09:32:00,17,1,3,9,32,60,123,"293, LECLERC GENERAL AVE",,,Plein jour,En agglomération,Hors intersection,Normale,Autre collision,,,,,,,,,,,1,2,1,1.0,6.0
201700005580,0017-01-05 12:00:00,17,1,5,12,0,60,123,RN202BIS,,,Plein jour,Hors agglomération,Hors intersection,Normale,Deux véhicules - arrière,,,,,,,,,,,1,1,1,1.0,2.0
201700005581,0017-01-05 16:00:00,17,1,5,16,0,60,27,"11, COMBES RUE DES",,,Plein jour,En agglomération,Hors intersection,Normale,Autre collision,,,,,,,,,,,1,2,1,1.0,6.0
201700005582,0017-01-09 08:20:00,17,1,9,8,20,60,123,POMPIDOU GEORGES BOULEVA,,,Plein jour,En agglomération,Hors intersection,Normale,Deux véhicules - côté,,,,,,,,,,,1,2,1,1.0,3.0
201700005583,0017-01-18 15:05:00,17,1,18,15,5,60,27,"32, NICE AVENUE DE (RN7)",,,Plein jour,En agglomération,Hors intersection,Normale,Deux véhicules - arrière,,,,,,,,,,,1,2,1,1.0,2.0
201700005584,0017-01-20 00:10:00,17,1,20,0,10,60,27,PLAGE BOULEVARD DE LA,,,Nuit avec éclairage non allumé,En agglomération,Hors intersection,Normale,Deux véhicules - côté,,,,,,,,,,,4,2,1,1.0,3.0
201700005585,0017-01-25 14:00:00,17,1,25,14,0,60,27,FRANCE ROUTE DE,,,Plein jour,En agglomération,Hors intersection,Normale,Deux véhicules - arrière,,,,,,,,,,,1,2,1,1.0,2.0
201700005586,0017-01-27 19:45:00,17,1,27,19,45,60,123,MOSCHETTI RUE,,,Nuit avec éclairage allumé,En agglomération,Hors intersection,Normale,Deux véhicules - frontale,,,,,,,,,,,5,2,1,1.0,1.0
201700005587,0017-01-30 10:45:00,17,1,30,10,45,60,27,"65, JUIN BOULEVARD MAREC",,,Plein jour,En agglomération,Hors intersection,Normale,Autre collision,,,,,,,,,,,1,2,1,1.0,6.0
201700005588,0017-01-31 17:45:00,17,1,31,17,45,60,123,"47, DE GAULLE GENERAL AV",,,Nuit avec éclairage allumé,En agglomération,Hors intersection,Normale,Autre collision,,,,,,,,,,,5,2,1,1.0,6.0
201700005589,0017-02-04 03:45:00,17,2,4,3,45,60,27,CANNES AVENUE DE (RN7),,,Nuit avec éclairage allumé,Hors agglomération,Hors intersection,Normale,Deux véhicules - côté,,,,,,,,,,,5,1,1,1.0,3.0
201700005590,0017-02-06 08:05:00,17,2,6,8,5,60,27,PAGNOL AVENUE MARCEL,,,Plein jour,En agglomération,Hors intersection,Normale,Deux véhicules - arrière,,,,,,,,,,,1,2,1,1.0,2.0
201700005591,0017-02-07 19:08:00,17,2,7,19,8,60,123,"959, CURIE PIERRE ET MAR",43.69122,7.18553,Nuit avec éclairage allumé,En agglomération,Hors intersection,Normale,Deux véhicules - côté,,,,,,,,,,,5,2,1,1.0,3.0
201700005592,0017-02-15 09:35:00,17,2,15,9,35,60,27,VERNE RUE JULES,,,Plein jour,En agglomération,Intersection en T,Normale,Autre collision,,,,,,,,,,,1,2,3,1.0,6.0
201700005593,0017-02-23 17:00:00,17,2,23,17,0,60,27,NICE AVENUE DE (RN7),,,Plein jour,En agglomération,Intersection en X,Normale,Deux véhicules - côté,,,,,,,,,,,1,2,2,1.0,3.0
201700005594,0017-02-28 22:35:00,17,2,28,22,35,60,123,VESPINS ROUTE DES,,,Nuit avec éclairage allumé,En agglomération,Hors intersection,Normale,Autre collision,,,,,,,,,,,5,2,1,1.0,6.0
201700005595,0017-03-02 09:15:00,17,3,2,9,15,60,123,"540, FAHNESTOCK G. CHEMI",,,Plein jour,En agglomération,Hors intersection,Normale,Deux véhicules - côté,,,,,,,,,,,1,2,1,1.0,3.0
201700005596,0017-03-02 17:48:00,17,3,2,17,48,60,123,VESPINS ROUTE DES,,,Plein jour,En agglomération,Hors intersection,Normale,Deux véhicules - côté,,,,,,,,,,,1,2,1,1.0,3.0
201700005597,0017-03-03 12:20:00,17,3,3,12,20,60,27,"113, NICE AVENUE DE (RN7",,,Plein jour,En agglomération,Hors intersection,Normale,Deux véhicules - arrière,,,,,,,,,,,1,2,1,1.0,2.0
201700005598,0017-03-03 13:31:00,17,3,3,13,31,60,27,PLAGE BOULEVARD DE LA,,,Plein jour,En agglomération,Hors intersection,Normale,Trois véhicules et plus - en chaîne,,,,,,,,,,,1,2,1,1.0,4.0
201700005599,0017-03-05 17:35:00,17,3,5,17,35,60,27,VENCE ROUTE DE,,,Crépuscule ou aube,En agglomération,Hors intersection,Normale,Deux véhicules - côté,,,,,,,,,,,2,2,1,1.0,3.0
201700005600,0017-03-06 11:00:00,17,3,6,11,0,60,27,"4, ECOLES RUE DES",,,Plein jour,En agglomération,Hors intersection,Normale,Autre collision,,,,,,,,,,,1,2,1,1.0,6.0
201700005601,0017-03-09 09:20:00,17,3,9,9,20,60,27,ALPES AVENUE DES,,,Plein jour,En agglomération,Giratoire,Normale,Autre collision,,,,,,,,,,,1,2,6,1.0,6.0
201700005602,0017-03-12 19:35:00,17,3,12,19,35,60,27,"124, ALPES AVENUE DES",,,Nuit avec éclairage allumé,En agglomération,Hors intersection,Normale,Autre collision,,,,,,,,,,,5,2,1,1.0,6.0
201700005603,0017-03-13 13:15:00,17,3,13,13,15,60,123,LECLERC GENERAL AVENUE,,,Plein jour,En agglomération,Intersection en T,Normale,Deux véhicules - frontale,,,,,,,,,,,1,2,3,1.0,1.0
201700005604,0017-03-16 10:25:00,17,3,16,10,25,60,27,BESSET AVENUE CYRILLE,,,Plein jour,En agglomération,Intersection en T,Normale,Deux véhicules - côté,,,,,,,,,,,1,2,3,1.0,3.0
201700005605,0017-03-22 09:45:00,17,3,22,9,45,60,27,GRASSE AVENUE DE,,,Plein jour,En agglomération,Hors intersection,Normale,Autre collision,,,,,,,,,,,1,2,1,1.0,6.0
201700005606,0017-03-27 17:20:00,17,3,27,17,20,60,123,POMPIDOU GEORGES BOULEVA,,,Plein jour,En agglomération,Hors intersection,Normale,Deux véhicules - côté,,,,,,,,,,,1,2,1,1.0,3.0
201700005607,0017-04-01 06:05:00,17,4,1,6,5,60,123,BORD DE MER RM 98,43.65842,7.18805,Nuit avec éclairage allumé,En agglomération,Hors intersection,Normale,Autre collision,,,,,,,,,,,5,2,1,1.0,6.0