accident_id,datetime,annee,mois,jour,heure,minute,departement,commune_insee,adresse,latitude,longitude,luminosite,agglomeration,intersection,meteo,collision,nb_vehicules,nb_usagers,nb_indemnes,nb_tues,nb_blesses_hosp,nb_blesses_legers,age_cond_1,age_cond_2,veh_type_cond_1,veh_type_cond_2,lum_code,agg_code,int_code,atm_code,col_code
201700005608,0017-04-04 18:30:00,17,4,4,18,30,60,123,"417, LECLERC GENERAL AVE",43.67322,7.19024,Plein jour,En agglomération,Hors intersection,Normale,Autre collision,,,,,,,,,,,1,2,1,1.0,6.0
201700005609,0017-04-07 00:22:00,17,4,7,0,22,60,27,"41, TUILIERES AVENUE DES",,,Nuit avec éclairage allumé,En agglomération,Hors intersection,Normale,Sans collision,,,,,,,,,,,5,2,1,1.0,7.0
201700005610,0017-04-07 10:40:00,17,4,7,10,40,60,123,POMPIDOU GEORGES BOULEVA,43.66697,7.19629,Plein jour,En agglomération,Hors intersection,Normale,Deux véhicules - frontale,,,,,,,,,,,1,2,1,1.0,1.0
201700005611,0017-04-07 10:35:00,17,4,7,10,35,60,123,OSSOLA JEAN BOULEVARD,43.66882,7.18933,Plein jour,En agglomération,Intersection en Y,Normale,Deux véhicules - côté,,,,,,,,,,,1,2,4,1.0,3.0
201700005612,0017-04-10 16:25:00,17,4,10,16,25,60,27,PROMENADE DE L HIPPODROM,43.64346,7.14441,Plein jour,Hors agglomération,Hors intersection,Normale,Autre collision,,,,,,,,,,,1,1,1,1.0,6.0
201700005613,0017-04-13 17:30:00,17,4,13,17,30,60,123,"166, BORD DE MER RN 98",43.6578,7.18415,Plein jour,En agglomération,Hors intersection,Normale,Deux véhicules - arrière,,,,,,,,,,,1,2,1,1.0,2.0
201700005614,0017-04-16 14:50:00,17,4,16,14,50,60,27,"5, PLAGE BOULEVARD DE LA",43.65162,7.1533,Plein jour,En agglomération,Hors intersection,Normale,Deux véhicules - arrière,,,,,,,,,,,1,2,1,1.0,2.0
201700005615,0017-04-17 15:30:00,17,4,17,15,30,60,27,"8, ST LAURENT CHEMIN DE",43.66495,7.17263,Plein jour,En agglomération,Hors intersection,Normale,Deux véhicules - frontale,,,,,,,,,,,1,2,1,1.0,1.0
201700005616,0017-04-19 00:40:00,17,4,19,0,40,60,27,"629, VENCE ROUTE DE",43.67683,7.14061,Nuit avec éclairage non allumé,Hors agglomération,Hors intersection,Normale,Autre collision,,,,,,,,,,,4,1,1,1.0,6.0
201700005617,0017-04-23 01:58:00,17,4,23,1,58,60,27,"136, ALPES AVENUE DES",43.66428,7.12771,Nuit avec éclairage allumé,En agglomération,Hors intersection,Normale,Deux véhicules - côté,,,,,,,,,,,5,2,1,1.0,3.0
201700005618,0017-04-26 08:15:00,17,4,26,8,15,60,123,"175, GARE ROUTE DE LA",43.66402,7.19924,Plein jour,En agglomération,Hors intersection,Pluie légère,Deux véhicules - côté,,,,,,,,,,,1,2,1,2.0,3.0
201700005619,0017-04-26 20:50:00,17,4,26,20,50,60,123,"417, 11 NOVEMBRE AVENUE",43.6717,7.19248,Crépuscule ou aube,En agglomération,Intersection en T,Pluie légère,Deux véhicules - côté,,,,,,,,,,,2,2,3,2.0,3.0
201700005620,0017-04-29 20:10:00,17,4,29,20,10,60,27,GAUDE AVENUE DE LA,43.67606,7.15016,Plein jour,Hors agglomération,Hors intersection,Normale,Deux véhicules - frontale,,,,,,,,,,,1,1,1,1.0,1.0
201700005621,0017-05-04 18:45:00,17,5,4,18,45,60,27,"54, NICE AVENUE DE (RN7)",43.6577,7.15882,Plein jour,En agglomération,Hors intersection,Normale,Deux véhicules - arrière,,,,,,,,,,,1,2,1,1.0,2.0
201700005622,0017-05-07 00:52:00,17,5,7,0,52,60,123,VAUBAN AVENUE,43.65772,7.18021,Nuit avec éclairage allumé,En agglomération,Hors intersection,Normale,Deux véhicules - frontale,,,,,,,,,,,5,2,1,1.0,1.0
201700005623,0017-05-09 10:00:00,17,5,9,10,0,60,27,"5, MARTIN RUE DU CHEVALI",43.66431,7.14991,Plein jour,En agglomération,Hors intersection,Normale,Autre collision,,,,,,,,,,,1,2,1,1.0,6.0
201700005624,0017-05-10 22:30:00,17,5,10,22,30,60,123,"201, PUGETS AVENUE DES",43.67745,7.18846,Nuit sans éclairage public,En agglomération,Hors intersection,Normale,Deux véhicules - côté,,,,,,,,,,,3,2,1,1.0,3.0
201700005625,0017-05-12 19:20:00,17,5,12,19,20,60,27,"11, CHEIRON AVENUE DU",43.67272,7.12368,Plein jour,En agglomération,Hors intersection,Normale,Deux véhicules - frontale,,,,,,,,,,,1,2,1,1.0,1.0
201700005626,0017-05-16 22:30:00,17,5,16,22,30,60,123,"1393, BARONNE ROUTE DE L",43.71217,7.17792,Nuit avec éclairage allumé,Hors agglomération,Hors intersection,Normale,Deux véhicules - frontale,,,,,,,,,,,5,1,1,1.0,1.0
201700005627,0017-05-22 08:25:00,17,5,22,8,25,60,27,"104, PLAGE BOULEVARD DE",43.65775,7.16989,Plein jour,En agglomération,Hors intersection,Normale,Deux véhicules - côté,,,,,,,,,,,1,2,1,1.0,3.0
201700005628,0017-05-23 16:30:00,17,5,23,16,30,60,27,"9010, BRECQ CHEMIN DU",43.67146,7.14921,Plein jour,En agglomération,Hors intersection,Normale,Deux véhicules - côté,,,,,,,,,,,1,2,1,1.0,3.0
201700005629,0017-05-24 12:55:00,17,5,24,12,55,60,123,"369, PROVENCE BOULEVARD",43.66859,7.18503,Plein jour,En agglomération,Hors intersection,Normale,Deux véhicules - frontale,,,,,,,,,,,1,2,1,1.0,1.0
201700005630,0017-05-25 12:30:00,17,5,25,12,30,60,123,"110, BARONNE ROUTE DE LA",43.70057,7.18122,Plein jour,En agglomération,Hors intersection,Normale,Deux véhicules - arrière,,,,,,,,,,,1,2,1,1.0,2.0
201700005631,0017-05-25 16:10:00,17,5,25,16,10,60,27,"9-11, KENNEDY BOULEVARD",43.65409,7.15161,Plein jour,En agglomération,Hors intersection,Normale,Autre collision,,,,,,,,,,,1,2,1,1.0,6.0
201700005632,0017-05-27 07:20:00,17,5,27,7,20,60,27,"8, DE GAULLE PLACE CHARL",43.66366,7.15085,Plein jour,En agglomération,Place,Normale,Autre collision,,,,,,,,,,,1,2,7,1.0,6.0
201700005633,0017-05-29 08:20:00,17,5,29,8,20,60,123,"1299, POMPIDOU GEORGES B",43.67946,7.19051,Plein jour,En agglomération,Hors intersection,Normale,Autre collision,,,,,,,,,,,1,2,1,1.0,6.0
201700005634,0017-05-31 20:52:00,17,5,31,20,52,60,123,"380, VESPINS ROUTE DES",43.66037,7.18187,Plein jour,En agglomération,Intersection en T,Normale,Deux véhicules - côté,,,,,,,,,,,1,2,3,1.0,3.0
201700005635,0017-06-03 00:20:00,17,6,3,0,20,60,27,"24, NICE AVENUE DE (RN7)",43.65624,7.15495,Nuit avec éclairage allumé,Hors agglomération,Hors intersection,Normale,Deux véhicules - frontale,,,,,,,,,,,5,1,1,1.0,1.0
201700005636,0017-06-04 20:35:00,17,6,4,20,35,60,27,"25, BESSET AVENUE CYRILL",43.66327,7.1547,Plein jour,En agglomération,Autre intersection,Normale,Deux véhicules - côté,,,,,,,,,,,1,2,9,1.0,3.0
201700005637,0017-06-09 08:10:00,17,6,9,8,10,60,123,"., DIGUE CHEMIN DE LA",43.6996,7.18148,Plein jour,En agglomération,Intersection en T,Normale,Deux véhicules - arrière,,,,,,,,,,,1,2,3,1.0,2.0
201700005638,0017-06-11 00:37:00,17,6,11,0,37,60,27,PLAGE BOULEVARD DE LA,43.65395,7.15716,Nuit avec éclairage allumé,En agglomération,Hors intersection,Normale,Autre collision,,,,,,,,,,,5,2,1,1.0,6.0
201700005639,0017-06-13 13:35:00,17,6,13,13,35,60,123,"199, VESPINS ROUTE DES",43.66025,7.17995,Plein jour,En agglomération,Autre intersection,Normale,Deux véhicules - arrière,,,,,,,,,,,1,2,9,1.0,2.0
201700005640,0017-06-16 11:05:00,17,6,16,11,5,60,123,"120, BORD DE MER RN 98",43.65657,7.17869,Plein jour,En agglomération,Hors intersection,Normale,Trois véhicules et plus - collisions multiples,,,,,,,,,,,1,2,1,1.0,5.0
201700005641,0017-06-16 15:00:00,17,6,16,15,0,60,123,"613, LIBERATION AVENUE D",43.67088,7.19005,Plein jour,En agglomération,Hors intersection,Normale,Autre collision,,,,,,,,,,,1,2,1,1.0,6.0
201700005642,0017-06-17 23:40:00,17,6,17,23,40,60,123,"131, VERDUN AVENUE DE",43.65863,7.19377,Nuit avec éclairage allumé,En agglomération,Hors intersection,Normale,Autre collision,,,,,,,,,,,5,2,1,1.0,6.0
201700005643,0017-06-20 18:05:00,17,6,20,18,5,60,27,"70, CAMPANETTE CHEMIN DE",43.67849,7.16371,Plein jour,Hors agglomération,Hors intersection,Normale,Deux véhicules - frontale,,,,,,,,,,,1,1,1,1.0,1.0
201700005644,0017-06-21 22:02:00,17,6,21,22,2,60,123,"293, LECLERC GENERAL AVE",43.6745,7.18926,Nuit avec éclairage allumé,En agglomération,Hors intersection,Normale,Autre collision,,,,,,,,,,,5,2,1,1.0,6.0
201700005645,0017-06-24 16:15:00,17,6,24,16,15,60,27,PLAGE BOULEVARD DE LA,,,Plein jour,En agglomération,Hors intersection,Normale,Deux véhicules - arrière,,,,,,,,,,,1,2,1,1.0,2.0
201700005646,0017-06-29 18:15:00,17,6,29,18,15,60,27,"08, PASQUALINI RUE J.P.",43.66047,7.14952,Plein jour,En agglomération,Hors intersection,Normale,Trois véhicules et plus - collisions multiples,,,,,,,,,,,1,2,1,1.0,5.0
201700005647,0017-06-30 10:00:00,17,6,30,10,0,60,27,"38, NICE AVENUE DE (RN7)",43.66056,7.17749,Plein jour,En agglomération,Hors intersection,Normale,Deux véhicules - côté,,,,,,,,,,,1,2,1,1.0,3.0
201700005648,0017-07-04 19:00:00,17,7,4,19,0,60,27,"17, MERCANTOUR AVENUE DU",43.67256,7.12637,Plein jour,En agglomération,Hors intersection,Normale,Deux véhicules - côté,,,,,,,,,,,1,2,1,1.0,3.0
201700005649,0017-07-05 17:30:00,17,7,5,17,30,60,123,"0, MAICON PROMENADE",43.66595,7.1967,Plein jour,En agglomération,Hors intersection,Normale,Autre collision,,,,,,,,,,,1,2,1,1.0,6.0
201700005650,0017-07-07 11:32:00,17,7,7,11,32,60,27,"124, NICE AVENUE DE (RN7",43.65955,7.16967,Plein jour,En agglomération,Intersection en X,Normale,Deux véhicules - frontale,,,,,,,,,,,1,2,2,1.0,1.0
201700005651,0017-07-07 13:05:00,17,7,7,13,5,60,123,BORD DE MER RN 98,43.66,7.19,Plein jour,En agglomération,Hors intersection,Normale,Deux véhicules - arrière,,,,,,,,,,,1,2,1,1.0,2.0
201700005652,0017-07-08 21:00:00,17,7,8,21,0,60,27,"99, NICE AVENUE DE (RN7)",43.65923,7.16658,Plein jour,En agglomération,Hors intersection,Normale,Deux véhicules - côté,,,,,,,,,,,1,2,1,1.0,3.0
201700005653,0017-07-12 03:57:00,17,7,12,3,57,60,27,PROMENADE DE L HIPPODROM,43.64381,7.1446,Nuit avec éclairage allumé,En agglomération,Hors intersection,Normale,Autre collision,,,,,,,,,,,5,2,1,1.0,6.0
201700005654,0017-07-13 20:00:00,17,7,13,20,0,60,123,"0, GARE ROUTE DE LA",43.6642,7.19981,Plein jour,En agglomération,Hors intersection,Normale,Deux véhicules - côté,,,,,,,,,,,1,2,1,1.0,3.0
201700005655,0017-07-14 18:53:00,17,7,14,18,53,60,27,"0, CANNES AVENUE DE (RN7",43.65311,7.14421,Plein jour,En agglomération,Autre intersection,Normale,Deux véhicules - arrière,,,,,,,,,,,1,2,9,1.0,2.0
201700005656,0017-07-16 17:06:00,17,7,16,17,6,60,123,"706, DE GAULLE GENERAL A",43.6677,7.19,Plein jour,En agglomération,Hors intersection,Normale,Deux véhicules - côté,,,,,,,,,,,1,2,1,1.0,3.0
201700005657,0017-07-17 08:52:00,17,7,17,8,52,60,123,"133, LECLERC GENERAL AVE",43.67322,7.19021,Plein jour,En agglomération,Hors intersection,Normale,Autre collision,,,,,,,,,,,1,2,1,1.0,6.0
201700005658,0017-07-19 22:50:00,17,7,19,22,50,60,123,"0, GERBAULT ALAIN PROMEN",43.65704,7.182,Nuit avec éclairage allumé,En agglomération,Hors intersection,Normale,Deux véhicules - côté,,,,,,,,,,,5,2,1,1.0,3.0
201700005659,0017-07-20 18:10:00,17,7,20,18,10,60,123,"172, SAUVAIGO PIERRE AVE",43.66149,7.17934,Plein jour,En agglomération,Autre intersection,Normale,Deux véhicules - côté,,,,,,,,,,,1,2,9,1.0,3.0
201700005660,0017-08-02 14:45:00,17,8,2,14,45,60,123,"113, BORD DE MER RN 98",43.65654,7.17532,Plein jour,En agglomération,Hors intersection,Normale,Deux véhicules - côté,,,,,,,,,,,1,2,1,1.0,3.0
201700005661,0017-08-04 06:40:00,17,8,4,6,40,60,27,"36, GARE AVENUE DE LA",43.65834,7.14819,Crépuscule ou aube,En agglomération,Hors intersection,Normale,Deux véhicules - arrière,,,,,,,,,,,2,2,1,1.0,2.0
201700005662,0017-08-07 23:00:00,17,8,7,23,0,60,123,"100, BORD DE MER RN 98",43.66213,7.19521,Nuit avec éclairage allumé,En agglomération,Hors intersection,Normale,Autre collision,,,,,,,,,,,5,2,1,1.0,6.0
201700005663,0017-08-09 08:00:00,17,8,9,8,0,60,123,"1, COUBERTIN PIERRE DE A",43.67205,7.19331,Plein jour,En agglomération,Autre intersection,Normale,Trois véhicules et plus - collisions multiples,,,,,,,,,,,1,2,9,1.0,5.0
201700005664,0017-08-09 18:22:00,17,8,9,18,22,60,27,"12, CANNES AVENUE DE (RN",43.65471,7.14997,Plein jour,En agglomération,Intersection en T,Normale,Trois véhicules et plus - collisions multiples,,,,,,,,,,,1,2,3,1.0,5.0
201700005665,0017-08-13 14:45:00,17,8,13,14,45,60,27,"84, VERDUN AVENUE DE",43.4001,7.083,Plein jour,En agglomération,Autre intersection,Normale,Deux véhicules - côté,,,,,,,,,,,1,2,9,1.0,3.0
201700005666,0017-08-19 12:45:00,17,8,19,12,45,60,123,"1009, BARONNE ROUTE DE L",43.70862,7.17788,Plein jour,Hors agglomération,Autre intersection,Normale,Deux véhicules - côté,,,,,,,,,,,1,1,9,1.0,3.0
201700005667,0017-08-24 09:20:00,17,8,24,9,20,60,27,"113, PLAGE BOULEVARD DE",43.656,7.173,Plein jour,En agglomération,Hors intersection,Normale,Deux véhicules - côté,,,,,,,,,,,1,2,1,1.0,3.0
201700005668,0017-09-01 22:10:00,17,9,1,22,10,60,123,"495, PAGNOL MARCEL BOULE",43.6665,7.1793,Nuit avec éclairage allumé,En agglomération,Intersection en T,Normale,Autre collision,,,,,,,,,,,5,2,3,1.0,6.0
201700005669,0017-09-04 19:20:00,17,9,4,19,20,60,27,"119, ALPES AVENUE DES",43.66683,7.12736,Plein jour,En agglomération,Hors intersection,Normale,Deux véhicules - frontale,,,,,,,,,,,1,2,1,1.0,1.0
201700005670,0017-09-06 07:55:00,17,9,6,7,55,60,27,"76, VAL FLEURI CHEMIN DU",43.66749,7.16753,Plein jour,En agglomération,Hors intersection,Normale,Deux véhicules - côté,,,,,,,,,,,1,2,1,1.0,3.0
201700005671,0017-09-07 10:30:00,17,9,7,10,30,60,27,"35, CHENES AVENUE DES",43.66062,7.16675,Plein jour,En agglomération,Intersection en X,Normale,Deux véhicules - frontale,,,,,,,,,,,1,2,2,1.0,1.0
201700005672,0017-09-08 09:00:00,17,9,8,9,0,60,27,"100, PLAGE BOULEVARD DE",43.65779,7.16944,Plein jour,En agglomération,Hors intersection,Normale,Autre collision,,,,,,,,,,,1,2,1,1.0,6.0
201700005673,0017-09-08 18:15:00,17,9,8,18,15,60,123,BORD DE MER RN 98,43.66219,7.19534,Plein jour,En agglomération,Hors intersection,Normale,Trois véhicules et plus - en chaîne,,,,,,,,,,,1,2,1,1.0,4.0
201700005674,0017-09-13 09:45:00,17,9,13,9,45,60,123,"358, MAGNOLIAS AVENUE DE",43.66306,7.18803,Plein jour,En agglomération,Hors intersection,Normale,Autre collision,,,,,,,,,,,1,2,1,1.0,6.0
201700005675,0017-09-22 21:00:00,17,9,22,21,0,60,27,"20, NICE AVENUE DE (RN7)",43.65622,7.15487,Nuit avec éclairage allumé,En agglomération,Intersection en T,Temps couvert,Deux véhicules - frontale,,,,,,,,,,,5,2,3,8.0,1.0
201700005676,0017-09-23 17:30:00,17,9,23,17,30,60,27,"95 Bis, PLAGE BOULEVARD",43.65769,7.16762,Plein jour,En agglomération,Hors intersection,Normale,Deux véhicules - côté,,,,,,,,,,,1,2,1,1.0,3.0
201700005677,0017-09-26 12:30:00,17,9,26,12,30,60,27,"10, POMPIDOU AVENUE GEOR",43.66309,7.15441,Plein jour,En agglomération,Autre intersection,Normale,Deux véhicules - côté,,,,,,,,,,,1,2,9,1.0,3.0
201700005678,0017-09-27 12:58:00,17,9,27,12,58,60,27,"84, GRASSE AVENUE DE",43.63932,7.13525,Plein jour,En agglomération,Hors intersection,Normale,Deux véhicules - arrière,,,,,,,,,,,1,2,1,1.0,2.0
201700005679,0017-09-29 07:25:00,17,9,29,7,25,60,123,"1, ROND POINT COUBERTIN",43.67201,7.19376,Plein jour,En agglomération,Autre intersection,Normale,Deux véhicules - côté,,,,,,,,,,,1,2,9,1.0,3.0
201700005680,0017-09-29 19:45:00,17,9,29,19,45,60,27,"14, CANNES AVENUE DE (RN",43.65447,7.14903,Crépuscule ou aube,En agglomération,Hors intersection,Normale,Trois véhicules et plus - collisions multiples,,,,,,,,,,,2,2,1,1.0,5.0
201700005681,0017-10-07 14:30:00,17,10,7,14,30,60,27,"1, DONAT AVENUE DOCTEUR",43.66075,7.14855,Plein jour,En agglomération,Autre intersection,Normale,Autre collision,,,,,,,,,,,1,2,9,1.0,6.0
201700005682,0017-10-14 10:00:00,17,10,14,10,0,60,27,"87, NICE AVENUE DE (RN7)",43.65918,7.16469,Plein jour,En agglomération,Autre intersection,Normale,Deux véhicules - côté,,,,,,,,,,,1,2,9,1.0,3.0
201700005683,0017-10-19 20:10:00,17,10,19,20,10,60,123,"932, VESPINS ROUTE DES",43.66047,7.1898,Nuit avec éclairage allumé,En agglomération,Hors intersection,Normale,Deux véhicules - côté,,,,,,,,,,,5,2,1,1.0,3.0
201700005684,0017-10-20 11:50:00,17,10,20,11,50,60,27,"26, RENOIR AVENUE AUGUST",43.66474,7.15172,Plein jour,En agglomération,Autre intersection,Normale,Deux véhicules - côté,,,,,,,,,,,1,2,9,1.0,3.0
201700005685,0017-10-27 19:30:00,17,10,27,19,30,60,27,"76, BESSET AVENUE CYRILL",43.65963,7.15801,Nuit avec éclairage allumé,En agglomération,Intersection en T,Normale,Trois véhicules et plus - collisions multiples,,,,,,,,,,,5,2,3,1.0,5.0
201700005686,0017-11-11 11:30:00,17,11,11,11,30,60,27,TUILIERES AVENUE DES,43.66527,7.15438,Plein jour,En agglomération,Hors intersection,Normale,Deux véhicules - arrière,,,,,,,,,,,1,2,1,1.0,2.0
201700005687,0017-11-18 10:50:00,17,11,18,10,50,60,123,"965, SAUVAIGO PIERRE AVE",43.66553,7.18678,Plein jour,En agglomération,Intersection en T,Normale,Autre collision,,,,,,,,,,,1,2,3,1.0,6.0
201700005688,0017-11-21 08:30:00,17,11,21,8,30,60,123,"100, POMPIDOU GEORGES BO",43.67847,7.19085,Plein jour,En agglomération,Hors intersection,Normale,Deux véhicules - côté,,,,,,,,,,,1,2,1,1.0,3.0
201700005689,0017-11-27 13:20:00,17,11,27,13,20,60,123,"1, MISTRAL FREDERIC AVEN",43.66026,7.1892,Plein jour,En agglomération,Intersection en T,Normale,Trois véhicules et plus - collisions multiples,,,,,,,,,,,1,2,3,1.0,5.0
201700005690,0017-11-30 11:30:00,17,11,30,11,30,60,27,"49, PLAGE BOULEVARD DE L",43.65597,7.16195,Plein jour,En agglomération,Hors intersection,Normale,Deux véhicules - arrière,,,,,,,,,,,1,2,1,1.0,2.0
201700005691,0017-12-05 08:30:00,17,12,5,8,30,60,27,"45, SANTOLINE RUE DE LA",43.66282,7.1295,Plein jour,En agglomération,Hors intersection,Normale,Deux véhicules - arrière,,,,,,,,,,,1,2,1,1.0,2.0
201700005692,0017-12-09 10:35:00,17,12,9,10,35,60,27,"33, VAL FLEURI CHEMIN DU",43.66322,7.17227,Plein jour,En agglomération,Hors intersection,Normale,Autre collision,,,,,,,,,,,1,2,1,1.0,6.0
201700005693,0017-12-12 14:24:00,17,12,12,14,24,60,123,"176, LECLERC GENERAL AVE",43.67323,7.19023,Plein jour,En agglomération,Hors intersection,Normale,Deux véhicules - arrière,,,,,,,,,,,1,2,1,1.0,2.0
201700005694,0017-12-12 17:30:00,17,12,12,17,30,60,27,"119, NICE AVENUE DE (RN7",43.65961,7.16958,Nuit avec éclairage allumé,En agglomération,Intersection en X,Normale,Autre collision,,,,,,,,,,,5,2,2,1.0,6.0
201700005695,0017-12-16 15:30:00,17,12,16,15,30,60,123,"865, VESPINS ROUTE DES",43.66001,7.18799,Plein jour,En agglomération,Intersection en T,Normale,Deux véhicules - frontale,,,,,,,,,,,1,2,3,1.0,1.0
201700005696,0017-12-17 17:10:00,17,12,17,17,10,60,123,COUBERTIN PIERRE DE AVEN,43.672,7.1933,Plein jour,En agglomération,Giratoire,Normale,Autre collision,,,,,,,,,,,1,2,6,1.0,6.0
201700005697,0017-12-21 19:04:00,17,12,21,19,4,60,27,"1, HOTEL DES POSTES AVEN",43.66253,7.15056,Nuit avec éclairage allumé,En agglomération,Hors intersection,Normale,Autre collision,,,,,,,,,,,5,2,1,1.0,6.0
201700005698,0017-12-22 13:33:00,17,12,22,13,33,60,123,"1, SURCOUF ROBERT AVENUE",43.65668,7.14882,Plein jour,En agglomération,Intersection en T,Normale,Deux véhicules - côté,,,,,,,,,,,1,2,3,1.0,3.0
201700005699,0017-12-26 12:10:00,17,12,26,12,10,60,27,"126, GAUDE AVENUE DE LA",43.6834,7.14898,Plein jour,Hors agglomération,Hors intersection,Pluie légère,Autre collision,,,,,,,,,,,1,1,1,2.0,6.0
201700005700,0017-12-27 19:20:00,17,12,27,19,20,60,27,"100, GRASSE AVENUE DE",43.6595,7.13401,Nuit avec éclairage allumé,En agglomération,Hors intersection,Normale,Deux véhicules - côté,,,,,,,,,,,5,2,1,1.0,3.0
201700005701,0017-12-31 12:00:00,17,12,31,12,0,60,123,"1819, BORD DE MER RN 98",43.6565,7.17861,Plein jour,En agglomération,Hors intersection,Normale,Deux véhicules - frontale,,,,,,,,,,,1,2,1,1.0,1.0
201700005702,0017-01-03 12:00:00,17,1,3,12,0,60,29,"84, PICAUD (AVENUE DR) B",43.59432,6.98576,Plein jour,En agglomération,Hors intersection,Normale,Autre collision,,,,,,,,,,,1,2,1,1.0,6.0
201700005703,0017-01-03 18:30:00,17,1,3,18,30,60,29,MIDI (BOULEVARD DU),43.54919,6.99386,Plein jour,En agglomération,Hors intersection,Normale,Autre collision,,,,,,,,,,,1,2,1,1.0,6.0
201700005704,0017-01-08 18:42:00,17,1,8,18,42,60,30,SADI CARNOT (BOULEVARD),43.57063,7.01635,Nuit avec éclairage allumé,En agglomération,Hors intersection,Normale,Deux véhicules - côté,,,,,,,,,,,5,2,1,1.0,3.0
201700005705,0017-01-12 12:48:00,17,1,12,12,48,60,30,"54, CANNES (RUE DE)",,,Plein jour,En agglomération,Hors intersection,Normale,Deux véhicules - frontale,,,,,,,,,,,1,2,1,1.0,1.0
201700005706,0017-01-20 15:17:00,17,1,20,15,17,60,29,"00, ANGLAIS (AVENUE DES)",43.56206,7.01922,Plein jour,En agglomération,Intersection en X,Normale,Deux véhicules - côté,,,,,,,,,,,1,2,2,1.0,3.0
201700005707,0017-01-24 12:30:00,17,1,24,12,30,60,29,"76, TONNER (AVENUE FRANC",43.54995,6.9748,Plein jour,En agglomération,Hors intersection,Normale,Autre collision,,,,,,,,,,,1,2,1,1.0,6.0
201700005708,0017-01-27 12:30:00,17,1,27,12,30,60,30,MERIMEE (RUE PROSPER),43.56976,7.01849,Plein jour,En agglomération,Hors intersection,Normale,Autre collision,,,,,,,,,,,1,2,1,1.0,6.0
201700005709,0017-02-05 02:45:00,17,2,5,2,45,60,29,CROISETTE (BOULEVARD DE),,,Nuit avec éclairage allumé,En agglomération,Hors intersection,Normale,Autre collision,,,,,,,,,,,5,2,1,1.0,6.0
201700005710,0017-02-06 12:40:00,17,2,6,12,40,60,29,PICAUD (AVENUE DR) BOCCA,43.55082,7.00333,Plein jour,En agglomération,Intersection en T,Normale,Deux véhicules - côté,,,,,,,,,,,1,2,3,1.0,3.0
201700005711,0017-02-16 13:06:00,17,2,16,13,6,60,30,SAUVAIGO (PLACE),43.56982,6.9951,Plein jour,En agglomération,Hors intersection,Normale,Deux véhicules - côté,,,,,,,,,,,1,2,1,1.0,3.0
201700005712,0017-02-15 12:05:00,17,2,15,12,5,60,29,MIDI (BOULEVARD DU),43.54784,6.98228,Plein jour,En agglomération,Hors intersection,Normale,Autre collision,,,,,,,,,,,1,2,1,1.0,6.0
201700005713,0017-03-02 11:00:00,17,3,2,11,0,60,29,"34, TONNER (AVENUE FRANC",,,Plein jour,En agglomération,Hors intersection,Normale,Autre collision,,,,,,,,,,,1,2,1,1.0,6.0
201700005714,0017-03-07 11:38:00,17,3,7,11,38,60,29,ANCIENS COMBATTANTS D'AF,43.55399,7.02296,Plein jour,En agglomération,Hors intersection,Normale,Deux véhicules - côté,,,,,,,,,,,1,2,1,1.0,3.0
201700005715,0017-03-08 08:50:00,17,3,8,8,50,60,30,"01, CAMPON (RUE",,,Plein jour,En agglomération,Hors intersection,Normale,Autre collision,,,,,,,,,,,1,2,1,1.0,6.0
201700005716,0017-03-10 16:00:00,17,3,10,16,0,60,29,"86, DELATTRE DE TASSIGNY",43.55518,7.01454,Plein jour,En agglomération,Hors intersection,Normale,Autre collision,,,,,,,,,,,1,2,1,1.0,6.0
201700005717,0017-03-13 16:00:00,17,3,13,16,0,60,29,"15, GRAS (RUE JEAN)",43.54944,6.97989,Plein jour,En agglomération,Hors intersection,Normale,Autre collision,,,,,,,,,,,1,2,1,1.0,6.0
201700005718,0017-03-16 08:52:00,17,3,16,8,52,60,29,"181, GRASSE (AVENUE DE)",43.55808,7.00663,Plein jour,En agglomération,Hors intersection,Normale,Deux véhicules - côté,,,,,,,,,,,1,2,1,1.0,3.0
201700005719,0017-03-17 07:44:00,17,3,17,7,44,60,29,MIDI (BOULEVARD DU),43.54757,6.9802,Plein jour,En agglomération,Hors intersection,Normale,Deux véhicules - côté,,,,,,,,,,,1,2,1,1.0,3.0
201700005720,0017-03-25 11:25:00,17,3,25,11,25,60,30,"28, MOULIN (BOULEVARD JE",,,Plein jour,En agglomération,Hors intersection,Normale,Trois véhicules et plus - collisions multiples,,,,,,,,,,,1,2,1,1.0,5.0
201700005721,0017-03-27 08:56:00,17,3,27,8,56,60,29,CARNOT (BOULEVARD),43.55507,7.01704,Plein jour,En agglomération,Hors intersection,Normale,Autre collision,,,,,,,,,,,1,2,1,1.0,6.0
201700005722,0017-03-29 13:50:00,17,3,29,13,50,60,30,"32, MOULIN (BOULEVARD JE",,,Plein jour,En agglomération,Hors intersection,Normale,Deux véhicules - côté,,,,,,,,,,,1,2,1,1.0,3.0
201700005723,0017-03-29 21:00:00,17,3,29,21,0,60,30,ECOLES (RUE DES),,,Crépuscule ou aube,En agglomération,Place,Normale,Deux véhicules - côté,,,,,,,,,,,2,2,7,1.0,3.0
201700005724,0017-04-03 09:16:00,17,4,3,9,16,60,29,"100, TONNER (AVENUE FRAN",43.54963,6.97551,Plein jour,En agglomération,Hors intersection,Normale,Autre collision,,,,,,,,,,,1,2,1,1.0,6.0
201700005725,0017-04-13 18:42:00,17,4,13,18,42,60,29,LYON (AVENUE DE),,,Plein jour,En agglomération,Hors intersection,Normale,Deux véhicules - côté,,,,,,,,,,,1,2,1,1.0,3.0
201700005726,0017-04-13 15:00:00,17,4,13,15,0,60,29,"233, LEADER (BOULEVARD)",43.56387,6.98935,Plein jour,En agglomération,Hors intersection,Normale,Deux véhicules - frontale,,,,,,,,,,,1,2,1,1.0,1.0