accident_id,datetime,annee,mois,jour,heure,minute,departement,commune_insee,adresse,latitude,longitude,luminosite,agglomeration,intersection,meteo,collision,nb_vehicules,nb_usagers,nb_indemnes,nb_tues,nb_blesses_hosp,nb_blesses_legers,age_cond_1,age_cond_2,veh_type_cond_1,veh_type_cond_2,lum_code,agg_code,int_code,atm_code,col_code
201700005727,0017-04-18 18:15:00,17,4,18,18,15,60,29,"76, JUIN (AVENUE MARECHA",43.54843,7.03967,Plein jour,En agglomération,Hors intersection,Normale,Deux véhicules - arrière,,,,,,,,,,,1,2,1,1.0,2.0
201700005728,0017-04-21 12:57:00,17,4,21,12,57,60,29,"28, MIDI (BOULEVARD DU)",43.54688,6.97615,Plein jour,En agglomération,Hors intersection,Normale,Deux véhicules - arrière,,,,,,,,,,,1,2,1,1.0,2.0
201700005729,0017-04-25 13:03:00,17,4,25,13,3,60,29,"209, GRASSE (AVENUE DE)",43.55983,7.00536,Plein jour,En agglomération,Hors intersection,Normale,Deux véhicules - côté,,,,,,,,,,,1,2,1,1.0,3.0
201700005730,0017-04-28 16:52:00,17,4,28,16,52,60,29,"8, boulevard du MIDI",43.54901,7.00459,Plein jour,En agglomération,Hors intersection,Normale,Deux véhicules - arrière,,,,,,,,,,,1,2,1,1.0,2.0
201700005731,0017-04-30 03:40:00,17,4,30,3,40,60,29,"8, VAUTRIN (BOULEVARD DU",43.55076,7.0305,Nuit avec éclairage allumé,En agglomération,Hors intersection,Normale,Autre collision,,,,,,,,,,,5,2,1,1.0,6.0
201700005732,0017-05-01 20:40:00,17,5,1,20,40,60,30,"78, SADI CARNOT (BOULEVA",43.57132,7.0163,Crépuscule ou aube,En agglomération,Hors intersection,Normale,Deux véhicules - côté,,,,,,,,,,,2,2,1,1.0,3.0
201700005733,0017-05-07 19:50:00,17,5,7,19,50,60,29,"00, POESIE (AVENUE PIERR",43.55138,6.96214,Plein jour,En agglomération,Hors intersection,Normale,Deux véhicules - côté,,,,,,,,,,,1,2,1,1.0,3.0
201700005734,0017-05-08 16:09:00,17,5,8,16,9,60,29,"261, JOURDAN (AVENUE MIC",43.57303,6.95318,Plein jour,En agglomération,Hors intersection,Normale,Deux véhicules - frontale,,,,,,,,,,,1,2,1,1.0,1.0
201700005735,0017-05-09 16:10:00,17,5,9,16,10,60,29,"21, ANTIBES (RUE D')",43.55246,7.01809,Plein jour,En agglomération,Hors intersection,Normale,Deux véhicules - côté,,,,,,,,,,,1,2,1,1.0,3.0
201700005736,0017-05-09 16:17:00,17,5,9,16,17,60,29,"12, OXFORD (BOULEVARD D'",43.56437,7.02353,Plein jour,En agglomération,Hors intersection,Normale,Deux véhicules - côté,,,,,,,,,,,1,2,1,1.0,3.0
201700005737,0017-05-11 17:35:00,17,5,11,17,35,60,29,"123, VALLAURIS (AVENUE D",43.56206,7.03783,Plein jour,En agglomération,Hors intersection,Normale,Sans collision,,,,,,,,,,,1,2,1,1.0,7.0
201700005738,0017-05-10 16:04:00,17,5,10,16,4,60,29,"23, PICAUD (AVENUE DR) B",43.55079,7.00219,Plein jour,En agglomération,Hors intersection,Normale,Deux véhicules - côté,,,,,,,,,,,1,2,1,1.0,3.0
201700005739,0017-05-12 15:20:00,17,5,12,15,20,60,29,"00, TONNER (AVENUE FRANC",43.5498,6.97879,Plein jour,En agglomération,Hors intersection,Normale,Autre collision,,,,,,,,,,,1,2,1,1.0,6.0
201700005740,0017-05-13 17:51:00,17,5,13,17,51,60,30,"12, MOULIERES (RUE DES)",43.57602,7.01506,Plein jour,En agglomération,Hors intersection,Normale,Autre collision,,,,,,,,,,,1,2,1,1.0,6.0
201700005741,0017-05-19 17:32:00,17,5,19,17,32,60,29,CROISETTE (BOULEVARD DE),43.54443,7.03534,Plein jour,Hors agglomération,Hors intersection,Normale,Deux véhicules - côté,,,,,,,,,,,1,1,1,1.0,3.0
201700005742,0017-05-19 19:40:00,17,5,19,19,40,60,29,"00, BACHAGA SAID BOUALAM",43.55403,7.02289,Plein jour,En agglomération,Hors intersection,Normale,Deux véhicules - côté,,,,,,,,,,,1,2,1,1.0,3.0
201700005743,0017-05-24 15:50:00,17,5,24,15,50,60,30,"12, ECOLES (RUE DES)",43.5713,7.00631,Plein jour,En agglomération,Hors intersection,Normale,Deux véhicules - côté,,,,,,,,,,,1,2,1,1.0,3.0
201700005744,0017-05-24 15:55:00,17,5,24,15,55,60,29,"21, CARNOT (BOULEVARD)",43.55654,7.01686,Plein jour,En agglomération,Hors intersection,Normale,Autre collision,,,,,,,,,,,1,2,1,1.0,6.0
201700005745,0017-05-26 00:01:00,17,5,26,0,1,60,29,REPUBLIQUE (BOULEVARD DE,43.5539,7.02507,Nuit avec éclairage allumé,En agglomération,Hors intersection,Normale,Deux véhicules - côté,,,,,,,,,,,5,2,1,1.0,3.0
201700005746,0017-05-19 18:54:00,17,5,19,18,54,60,29,ALEXANDRE III (BOULEVARD,43.54643,7.03776,Plein jour,En agglomération,Hors intersection,Normale,Autre collision,,,,,,,,,,,1,2,1,1.0,6.0
201700005747,0017-05-28 19:00:00,17,5,28,19,0,60,29,"79, CROISETTE (BOULEVARD",43.54677,7.03251,Plein jour,En agglomération,Hors intersection,Normale,Autre collision,,,,,,,,,,,1,2,1,1.0,6.0
201700005748,0017-06-03 15:04:00,17,6,3,15,4,60,29,"00, MIDI (BOULEVARD DU)",43.5492,6.99396,Plein jour,En agglomération,Hors intersection,Normale,Autre collision,,,,,,,,,,,1,2,1,1.0,6.0
201700005749,0017-06-02 11:40:00,17,6,2,11,40,60,29,"12, PICAUD (AVENUE DR) B",43.55077,7.00297,Plein jour,En agglomération,Hors intersection,Normale,Autre collision,,,,,,,,,,,1,2,1,1.0,6.0
201700005750,0017-06-08 07:30:00,17,6,8,7,30,60,29,"12, BORDE (AVENUE DE LA)",43.5671,6.96633,Plein jour,En agglomération,Hors intersection,Normale,Deux véhicules - côté,,,,,,,,,,,1,2,1,1.0,3.0
201700005751,0017-06-11 18:40:00,17,6,11,18,40,60,29,"33, ANTIBES (RUE D')",43.55254,7.0192,Plein jour,En agglomération,Hors intersection,Normale,Autre collision,,,,,,,,,,,1,2,1,1.0,6.0
201700005752,0017-06-12 20:25:00,17,6,12,20,25,60,30,"514, COLLINES (CHEMIN DE",43.58274,7.02093,Crépuscule ou aube,En agglomération,Hors intersection,Normale,Autre collision,,,,,,,,,,,2,2,1,1.0,6.0
201700005753,0017-06-16 23:50:00,17,6,16,23,50,60,29,MIDI (BOULEVARD DU),43.54912,6.99274,Nuit avec éclairage allumé,En agglomération,Hors intersection,Normale,Deux véhicules - côté,,,,,,,,,,,5,2,1,1.0,3.0
201700005754,0017-06-23 12:50:00,17,6,23,12,50,60,29,"22, MONTI (RUE MARIUS)",43.55662,7.00789,Plein jour,En agglomération,Hors intersection,Normale,Autre collision,,,,,,,,,,,1,2,1,1.0,6.0
201700005755,0017-06-23 12:30:00,17,6,23,12,30,60,30,"46, ROOSEVELT (AVENUE FR",43.57246,7.007,Plein jour,En agglomération,Hors intersection,Normale,Autre collision,,,,,,,,,,,1,2,1,1.0,6.0
201700005756,0017-06-24 09:00:00,17,6,24,9,0,60,29,"00, MIDI (BOULEVARD DU)",43.54339,6.96535,Plein jour,En agglomération,Hors intersection,Normale,Deux véhicules - côté,,,,,,,,,,,1,2,1,1.0,3.0
201700005757,0017-07-03 07:50:00,17,7,3,7,50,60,30,"41, JEANPIERRE (AVENUE M",43.57767,7.00589,Plein jour,En agglomération,Hors intersection,Normale,Deux véhicules - côté,,,,,,,,,,,1,2,1,1.0,3.0
201700005758,0017-07-05 00:06:00,17,7,5,0,6,60,29,SEMARD (AVENUE PIERRE),43.5489,6.97751,Nuit avec éclairage allumé,En agglomération,Hors intersection,Normale,Deux véhicules - côté,,,,,,,,,,,5,2,1,1.0,3.0
201700005759,0017-07-04 22:50:00,17,7,4,22,50,60,29,"64, CARNOT (BOULEVARD)",43.55646,7.01702,Nuit avec éclairage allumé,En agglomération,Hors intersection,Normale,Deux véhicules - côté,,,,,,,,,,,5,2,1,1.0,3.0
201700005760,0017-07-05 22:51:00,17,7,5,22,51,60,30,"24, AUBAREDE (AVENUE DE",43.5711,6.98256,Nuit sans éclairage public,En agglomération,Hors intersection,Normale,Deux véhicules - côté,,,,,,,,,,,3,2,1,1.0,3.0
201700005761,0017-07-06 23:15:00,17,7,6,23,15,60,29,BACHAGA SAID BOUALAM (AV,43.55206,7.00975,Nuit avec éclairage allumé,En agglomération,Hors intersection,Normale,Deux véhicules - arrière,,,,,,,,,,,5,2,1,1.0,2.0
201700005762,0017-07-10 09:40:00,17,7,10,9,40,60,29,"130, JUIN (AVENUE MARECH",,,Plein jour,En agglomération,Hors intersection,Normale,Trois véhicules et plus - en chaîne,,,,,,,,,,,1,2,1,1.0,4.0
201700005763,0017-07-12 11:22:00,17,7,12,11,22,60,30,"100, ROOSEVELT (AVENUE F",43.5775,6.99833,Plein jour,En agglomération,Hors intersection,Normale,Sans collision,,,,,,,,,,,1,2,1,1.0,7.0
201700005764,0017-07-15 16:45:00,17,7,15,16,45,60,29,"52, CROISETTE (BOULEVARD",,,Plein jour,En agglomération,Hors intersection,Normale,Autre collision,,,,,,,,,,,1,2,1,1.0,6.0
201700005765,0017-07-17 05:55:00,17,7,17,5,55,60,29,"20, MIDI (BOULEVARD DU)",43.54472,6.96861,Crépuscule ou aube,En agglomération,Hors intersection,Normale,Deux véhicules - frontale,,,,,,,,,,,2,2,1,1.0,1.0
201700005766,0017-07-22 18:00:00,17,7,22,18,0,60,29,TONNER (AVENUE FRANCIS),43.5504,6.95742,Plein jour,En agglomération,Hors intersection,Normale,Autre collision,,,,,,,,,,,1,2,1,1.0,6.0
201700005767,0017-07-26 07:40:00,17,7,26,7,40,60,30,BROUSSAILLES (AVENUE DES,43.56,7.00596,Plein jour,En agglomération,Hors intersection,Normale,Autre collision,,,,,,,,,,,1,2,1,1.0,6.0
201700005768,0017-07-26 10:00:00,17,7,26,10,0,60,29,MIDI (BOULEVARD DU),43.54757,6.97994,Plein jour,En agglomération,Hors intersection,Normale,Autre collision,,,,,,,,,,,1,2,1,1.0,6.0
201700005769,0017-07-27 14:36:00,17,7,27,14,36,60,29,PICAUD (AVENUE DU DOCTEU,43.55073,7.00065,Plein jour,En agglomération,Hors intersection,Normale,Deux véhicules - côté,,,,,,,,,,,1,2,1,1.0,3.0
201700005770,0017-07-30 20:10:00,17,7,30,20,10,60,30,"103, SADI CARNOT (BOULEV",43.57479,7.01637,Crépuscule ou aube,En agglomération,Hors intersection,Normale,Autre collision,,,,,,,,,,,2,2,1,1.0,6.0
201700005771,0017-08-11 09:25:00,17,8,11,9,25,60,30,"242, MOULIN (BOULEVARD J",43.56516,6.96511,Plein jour,En agglomération,Hors intersection,Normale,Deux véhicules - côté,,,,,,,,,,,1,2,1,1.0,3.0
201700005772,0017-08-12 18:50:00,17,8,12,18,50,60,29,"103, CROISETTE (BOULEVAR",43.54187,7.03458,Plein jour,En agglomération,Hors intersection,Normale,Autre collision,,,,,,,,,,,1,2,1,1.0,6.0
201700005773,0017-08-15 04:40:00,17,8,15,4,40,60,29,ST PIERRE (QUAI),43.55071,7.01205,Crépuscule ou aube,En agglomération,Hors intersection,Normale,Autre collision,,,,,,,,,,,2,2,1,1.0,6.0
201700005774,0017-08-19 09:20:00,17,8,19,9,20,60,29,"23, RIOU (BOULEVARD DU)",43.55707,7.0041,Plein jour,En agglomération,Hors intersection,Normale,Sans collision,,,,,,,,,,,1,2,1,1.0,7.0
201700005775,0017-08-21 18:40:00,17,8,21,18,40,60,29,BACHAGA SAID BOUALAM (AV,43.55316,7.01265,Plein jour,En agglomération,Hors intersection,Normale,Autre collision,,,,,,,,,,,1,2,1,1.0,6.0
201700005776,0017-08-25 02:45:00,17,8,25,2,45,60,29,BACHAGA SAID BOUALAM (AV,43.55315,7.01265,Nuit avec éclairage allumé,En agglomération,Hors intersection,Normale,Trois véhicules et plus - collisions multiples,,,,,,,,,,,5,2,1,1.0,5.0
201700005777,0017-08-27 00:45:00,17,8,27,0,45,60,29,"01, PICAUD (AVENUE DR) B",,,Nuit avec éclairage allumé,En agglomération,Hors intersection,Normale,Deux véhicules - frontale,,,,,,,,,,,5,2,1,1.0,1.0
201700005778,0017-09-07 02:22:00,17,9,7,2,22,60,29,CROISETTE (BOULEVARD DE),,,Nuit avec éclairage allumé,En agglomération,Hors intersection,Normale,Deux véhicules - côté,,,,,,,,,,,5,2,1,1.0,3.0
201700005779,0017-09-07 13:20:00,17,9,7,13,20,60,30,CARIMAI (RUE),43.575,6.98777,Plein jour,En agglomération,Hors intersection,Normale,Autre collision,,,,,,,,,,,1,2,1,1.0,6.0
201700005780,0017-09-07 12:00:00,17,9,7,12,0,60,29,"122, ANTIBES (RUE D')",43.55201,7.02655,Plein jour,En agglomération,Hors intersection,Normale,Autre collision,,,,,,,,,,,1,2,1,1.0,6.0
201700005781,0017-09-11 12:15:00,17,9,11,12,15,60,29,TONNER (AVENUE FRANCIS),43.54944,6.98138,Plein jour,En agglomération,Intersection en T,Normale,Autre collision,,,,,,,,,,,1,2,3,1.0,6.0
201700005782,0017-09-11 17:07:00,17,9,11,17,7,60,29,FAURE (RUE FELIX),,,Plein jour,En agglomération,Hors intersection,Normale,Autre collision,,,,,,,,,,,1,2,1,1.0,6.0
201700005783,0017-09-15 08:30:00,17,9,15,8,30,60,29,"26, CROISETTE (BOULEVARD",,,Plein jour,En agglomération,Hors intersection,Normale,Autre collision,,,,,,,,,,,1,2,1,1.0,6.0
201700005784,0017-09-19 05:08:00,17,9,19,5,8,60,30,"85, DOUMER (BOULEVARD PA",,,Nuit avec éclairage allumé,En agglomération,Intersection en T,Normale,Deux véhicules - côté,,,,,,,,,,,5,2,3,1.0,3.0
201700005785,0017-09-28 08:00:00,17,9,28,8,0,60,29,"02, PRADERIE (RUE DE LA)",43.5497,6.96491,Plein jour,En agglomération,Hors intersection,Normale,Deux véhicules - côté,,,,,,,,,,,1,2,1,1.0,3.0
201700005786,0017-09-29 19:53:00,17,9,29,19,53,60,30,"10, FOUR A CHAUX (BD DU)",43.57121,7.00173,Plein jour,En agglomération,Hors intersection,Normale,Autre collision,,,,,,,,,,,1,2,1,1.0,6.0
201700005787,0017-10-01 05:50:00,17,10,1,5,50,60,29,PICAUD (AVENUE DU DOCTEU,43.55081,7.0052,Nuit avec éclairage allumé,En agglomération,Hors intersection,Normale,Deux véhicules - frontale,,,,,,,,,,,5,2,1,1.0,1.0
201700005788,0017-10-11 13:15:00,17,10,11,13,15,60,29,"01, REPUBLIQUE (BOULEVAR",43.5625,7.02105,Plein jour,En agglomération,Hors intersection,Normale,Deux véhicules - côté,,,,,,,,,,,1,2,1,1.0,3.0
201700005789,0017-10-12 18:18:00,17,10,12,18,18,60,30,"63, CANNES (RUE DE)",43.57023,7.01916,Plein jour,En agglomération,Hors intersection,Normale,Autre collision,,,,,,,,,,,1,2,1,1.0,6.0
201700005790,0017-10-14 10:54:00,17,10,14,10,54,60,29,"50, PICAUD (AVENUE DR) B",43.55052,6.9937,Plein jour,En agglomération,Hors intersection,Normale,Deux véhicules - côté,,,,,,,,,,,1,2,1,1.0,3.0
201700005791,0017-10-14 12:54:00,17,10,14,12,54,60,29,BASTIDE ROUGE,43.55176,6.95631,Plein jour,En agglomération,Hors intersection,Normale,Autre collision,,,,,,,,,,,1,2,1,1.0,6.0
201700005792,0017-10-17 12:30:00,17,10,17,12,30,60,29,JAURES (RUE JEAN),43.55363,7.02044,Plein jour,En agglomération,Hors intersection,Normale,Autre collision,,,,,,,,,,,1,2,1,1.0,6.0
201700005793,0017-10-20 12:00:00,17,10,20,12,0,60,29,MIDI (BOULEVARD DU),43.55052,6.9937,Plein jour,En agglomération,Hors intersection,Normale,Deux véhicules - arrière,,,,,,,,,,,1,2,1,1.0,2.0
201700005794,0017-10-23 15:30:00,17,10,23,15,30,60,29,TRIPET (BOULEVARD EUGENE,43.55176,6.9937,Plein jour,En agglomération,Hors intersection,Normale,Autre collision,,,,,,,,,,,1,2,1,1.0,6.0
201700005795,0017-10-24 15:42:00,17,10,24,15,42,60,29,"00, SEMARD (AVENUE PIERR",43.54896,6.97746,Plein jour,En agglomération,Hors intersection,Normale,Autre collision,,,,,,,,,,,1,2,1,1.0,6.0
201700005796,0017-11-05 02:50:00,17,11,5,2,50,60,29,"00, BACHAGA SAID BOUALAM",43.5542,7.01975,Nuit avec éclairage allumé,En agglomération,Hors intersection,Pluie forte,Autre collision,,,,,,,,,,,5,2,1,3.0,6.0
201700005797,0017-11-06 12:50:00,17,11,6,12,50,60,30,SADI CARNOT (BOULEVARD),43.569,7.01629,Plein jour,En agglomération,Hors intersection,Normale,Autre collision,,,,,,,,,,,1,2,1,1.0,6.0
201700005798,0017-11-13 17:51:00,17,11,13,17,51,60,30,"600, POMPIDOU (AVENUE GE",43.56934,6.98416,Crépuscule ou aube,En agglomération,Hors intersection,Normale,Autre collision,,,,,,,,,,,2,2,1,1.0,6.0
201700005799,0017-11-17 18:30:00,17,11,17,18,30,60,29,ANGLAIS (AVENUE DES),43.56202,7.01747,Crépuscule ou aube,En agglomération,Hors intersection,Normale,Autre collision,,,,,,,,,,,2,2,1,1.0,6.0
201700005800,0017-11-18 17:16:00,17,11,18,17,16,60,30,"10, PINS (AVENUE DES)",43.55519,7.03961,Plein jour,En agglomération,Hors intersection,Normale,Deux véhicules - frontale,,,,,,,,,,,1,2,1,1.0,1.0
201700005801,0017-11-19 10:12:00,17,11,19,10,12,60,29,"00, MIDI (BOULEVARD DU)",43.54906,6.99142,Plein jour,En agglomération,Hors intersection,Normale,Deux véhicules - côté,,,,,,,,,,,1,2,1,1.0,3.0
201700005802,0017-11-24 06:35:00,17,11,24,6,35,60,29,"00, TONNER (AVENUE FRANC",43.54949,6.97759,Crépuscule ou aube,En agglomération,Hors intersection,Normale,Deux véhicules - côté,,,,,,,,,,,2,2,1,1.0,3.0
201700005803,0017-12-09 15:15:00,17,12,9,15,15,60,29,"73, CROISETTE (BOULEVARD",,,Plein jour,En agglomération,Hors intersection,Normale,Deux véhicules - côté,,,,,,,,,,,1,2,1,1.0,3.0
201700005804,0017-12-09 00:55:00,17,12,9,0,55,60,30,CAMPON (RUE,43.57272,7.01291,Nuit avec éclairage allumé,En agglomération,Hors intersection,Normale,Deux véhicules - côté,,,,,,,,,,,5,2,1,1.0,3.0
201700005805,0017-12-03 18:00:00,17,12,3,18,0,60,29,"121, BUISSONS ARDENTS",43.55861,6.96811,Crépuscule ou aube,En agglomération,Hors intersection,Normale,Deux véhicules - côté,,,,,,,,,,,2,2,1,1.0,3.0
201700005806,0017-12-09 15:18:00,17,12,9,15,18,60,29,BASTIE MARYSE,43.5529,6.9564,Plein jour,En agglomération,Hors intersection,Normale,Deux véhicules - côté,,,,,,,,,,,1,2,1,1.0,3.0
201700005807,0017-12-13 11:57:00,17,12,13,11,57,60,29,"28, DOZOL (AVENUE ANTHON",43.55105,6.97169,Plein jour,En agglomération,Hors intersection,Normale,Deux véhicules - côté,,,,,,,,,,,1,2,1,1.0,3.0
201700005808,0017-12-21 17:00:00,17,12,21,17,0,60,30,SADI CARNOT (BOULEVARD),43.57616,7.01838,Crépuscule ou aube,En agglomération,Hors intersection,Normale,Deux véhicules - côté,,,,,,,,,,,2,2,1,1.0,3.0
201700005809,0017-01-05 10:55:00,17,1,5,10,55,60,69,"34, RENOIR (AVENUE AUGUS",43.67991,6.95148,Plein jour,En agglomération,Hors intersection,Normale,Deux véhicules - frontale,,,,,,,,,,,1,2,1,1.0,1.0
201700005810,0017-01-05 12:00:00,17,1,5,12,0,60,69,"5, GAMBETTA (BOULEVARD E",,,Plein jour,En agglomération,Hors intersection,Normale,Autre collision,,,,,,,,,,,1,2,1,1.0,6.0
201700005811,0017-01-10 04:55:00,17,1,10,4,55,60,69,"X, Pntrante",,,Nuit sans éclairage public,En agglomération,Hors intersection,Normale,Deux véhicules - côté,,,,,,,,,,,3,2,1,1.0,3.0
201700005812,0017-01-10 16:45:00,17,1,10,16,45,60,69,"3, PAGNOL (BOULEVARD MAR",,,Plein jour,En agglomération,Hors intersection,Pluie légère,Autre collision,,,,,,,,,,,1,2,1,2.0,6.0
201700005813,0017-01-10 14:25:00,17,1,10,14,25,60,69,"x, CRESP (COURS HONORE)",,,Plein jour,En agglomération,Hors intersection,Normale,Deux véhicules - arrière,,,,,,,,,,,1,2,1,1.0,2.0
201700005814,0017-01-12 16:44:00,17,1,12,16,44,60,69,"15, CARNOT (BOULEVARD ET",,,Plein jour,En agglomération,Intersection en T,Normale,Deux véhicules - côté,,,,,,,,,,,1,2,3,1.0,3.0
201700005815,0017-01-13 12:40:00,17,1,13,12,40,60,69,"144, SEMARD (AVENUE PIER",43.65349,6.92502,Plein jour,En agglomération,Giratoire,Normale,Trois véhicules et plus - en chaîne,,,,,,,,,,,1,2,6,1.0,4.0
201700005816,0017-01-18 11:25:00,17,1,18,11,25,60,69,PAOUTE (ROUTE ET TRAVERS,43.64116,6.95689,Plein jour,En agglomération,Intersection en T,Normale,Deux véhicules - côté,,,,,,,,,,,1,2,3,1.0,3.0
201700005817,0017-01-18 17:30:00,17,1,18,17,30,60,69,"280, Route de PLASCASSIE",43.64259,6.96594,Nuit sans éclairage public,En agglomération,Hors intersection,Normale,Deux véhicules - frontale,,,,,,,,,,,3,2,1,1.0,1.0
201700005818,0017-01-20 16:40:00,17,1,20,16,40,60,69,"10, SAINTE MARGUERITE (C",43.64305,6.94924,Plein jour,En agglomération,Hors intersection,Normale,Autre collision,,,,,,,,,,,1,2,1,1.0,6.0
201700005819,0017-01-22 06:15:00,17,1,22,6,15,60,69,"65, DRAGUIGNAN (ROUTE DE",43.64266,6.0,Nuit avec éclairage allumé,En agglomération,Hors intersection,Pluie légère,Autre collision,,,,,,,,,,,5,2,1,2.0,6.0
201700005820,0017-01-23 18:45:00,17,1,23,18,45,60,69,"16, DUVAL (AVENUE MATHIA",43.65346,6.92111,Plein jour,En agglomération,Hors intersection,Normale,Deux véhicules - arrière,,,,,,,,,,,1,2,1,1.0,2.0
201700005821,0017-01-24 08:50:00,17,1,24,8,50,60,69,"102, CANNES (ROUTE DE)",,,Plein jour,En agglomération,Intersection en T,Normale,Deux véhicules - côté,,,,,,,,,,,1,2,3,1.0,3.0
201700005822,0017-01-25 13:30:00,17,1,25,13,30,60,69,"39-47, DUVAL (AVENUE MAT",43.65107,6.92208,Plein jour,En agglomération,Hors intersection,Normale,Autre collision,,,,,,,,,,,1,2,1,1.0,6.0
201700005823,0017-01-28 17:30:00,17,1,28,17,30,60,69,"259, PEGOMAS (ROUTE DE)",43.61,6.92,Nuit sans éclairage public,Hors agglomération,Hors intersection,Pluie légère,Autre collision,,,,,,,,,,,3,1,1,2.0,6.0
201700005824,0017-01-22 13:45:00,17,1,22,13,45,60,69,"222, DRAGUIGNAN (ROUTE D",,,Plein jour,En agglomération,Hors intersection,Normale,Autre collision,,,,,,,,,,,1,2,1,1.0,6.0
201700005825,0017-01-30 21:30:00,17,1,30,21,30,60,69,"987, ASPRES (CHEMIN D')",,,Nuit sans éclairage public,Hors agglomération,Hors intersection,Normale,Autre collision,,,,,,,,,,,3,1,1,1.0,6.0
201700005826,0017-01-30 17:15:00,17,1,30,17,15,60,69,"12, CANNES (ROUTE DE)  -",,,Plein jour,En agglomération,Hors intersection,Normale,Autre collision,,,,,,,,,,,1,2,1,1.0,6.0
201700005827,0017-02-03 22:15:00,17,2,3,22,15,60,69,"x, CAPUCINS (CHEMIN ET I",,,Nuit avec éclairage allumé,En agglomération,Hors intersection,Pluie légère,Sans collision,,,,,,,,,,,5,2,1,2.0,7.0
201700005828,0017-02-10 18:45:00,17,2,10,18,45,60,69,"103, CANNES (ROUTE DE)",,,Nuit avec éclairage allumé,En agglomération,Hors intersection,Normale,Autre collision,,,,,,,,,,,5,2,1,1.0,6.0
201700005829,0017-02-10 19:20:00,17,2,10,19,20,60,69,"57, SEMARD (AVENUE PIERR",,,Nuit avec éclairage allumé,En agglomération,Hors intersection,Normale,Deux véhicules - frontale,,,,,,,,,,,5,2,1,1.0,1.0
201700005830,0017-02-14 19:45:00,17,2,14,19,45,60,69,"400, VALBONNE (ROUTE)",43.64113,6.98697,Nuit avec éclairage allumé,En agglomération,Hors intersection,Normale,Deux véhicules - frontale,,,,,,,,,,,5,2,1,1.0,1.0
201700005831,0017-02-24 16:48:00,17,2,24,16,48,60,69,Rd point des Quatre Chem,43.65044,6.92216,Plein jour,En agglomération,Hors intersection,Normale,Deux véhicules - côté,,,,,,,,,,,1,2,1,1.0,3.0
201700005832,0017-02-27 20:30:00,17,2,27,20,30,60,69,"216, DRAGUIGNAN (ROUTE D",,,Nuit avec éclairage allumé,En agglomération,Hors intersection,Pluie légère,Deux véhicules - côté,,,,,,,,,,,5,2,1,2.0,3.0
201700005833,0017-02-28 10:40:00,17,2,28,10,40,60,69,"233, SAINT MATHIEU (ROUT",43.65978,6.9556,Plein jour,En agglomération,Hors intersection,Temps couvert,Deux véhicules - arrière,,,,,,,,,,,1,2,1,8.0,2.0
201700005834,0017-03-01 10:45:00,17,3,1,10,45,60,69,"56, POMPIDOU (AVENUE GEO",43.64,6.93,Plein jour,En agglomération,Hors intersection,Normale,Autre collision,,,,,,,,,,,1,2,1,1.0,6.0
201700005835,0017-03-01 16:20:00,17,3,1,16,20,60,69,"70, MARIGARDE (ROUTE DE",43.65367,6.93628,Plein jour,En agglomération,Hors intersection,Normale,Autre collision,,,,,,,,,,,1,2,1,1.0,6.0
201700005836,0017-03-02 09:15:00,17,3,2,9,15,60,69,"98, POMPIDOU (AVENUE GEO",,,Plein jour,En agglomération,Hors intersection,Normale,Autre collision,,,,,,,,,,,1,2,1,1.0,6.0
201700005837,0017-03-02 18:00:00,17,3,2,18,0,60,69,"2, SAINT EXUPERY (AVENUE",,,Crépuscule ou aube,En agglomération,Hors intersection,Normale,Deux véhicules - arrière,,,,,,,,,,,2,2,1,1.0,2.0
201700005838,0017-03-07 17:35:00,17,3,7,17,35,60,69,"49B, DE LATTRE DE TASSIG",43.64805,6.92721,Plein jour,En agglomération,Hors intersection,Normale,Deux véhicules - côté,,,,,,,,,,,1,2,1,1.0,3.0
201700005839,0017-03-08 11:10:00,17,3,8,11,10,60,69,"126, DRAGUIGNAN (ROUTE D",,,Plein jour,En agglomération,Hors intersection,Normale,Deux véhicules - frontale,,,,,,,,,,,1,2,1,1.0,1.0
201700005840,0017-03-09 12:35:00,17,3,9,12,35,60,69,"101, MISTRAL (AVENUE ET",,,Plein jour,En agglomération,Hors intersection,Normale,Sans collision,,,,,,,,,,,1,2,1,1.0,7.0
201700005841,0017-03-11 08:59:00,17,3,11,8,59,60,69,"01, PROVENCE (AVENUE DE)",43.65074,6.92252,Plein jour,En agglomération,Hors intersection,Normale,Autre collision,,,,,,,,,,,1,2,1,1.0,6.0
201700005842,0017-03-12 03:10:00,17,3,12,3,10,60,69,"01, DRAGUIGNAN (ROUTE DE",,,Nuit avec éclairage allumé,Hors agglomération,Hors intersection,Normale,Autre collision,,,,,,,,,,,5,1,1,1.0,6.0
201700005843,0017-03-17 09:00:00,17,3,17,9,0,60,69,"3, THIERS (AVENUE)",,,Plein jour,En agglomération,Hors intersection,Normale,Autre collision,,,,,,,,,,,1,2,1,1.0,6.0
201700005844,0017-03-22 07:54:00,17,3,22,7,54,60,69,"08, SAINTE ANNE (CHEMIN,",,,Plein jour,Hors agglomération,Hors intersection,Normale,Deux véhicules - frontale,,,,,,,,,,,1,1,1,1.0,1.0
201700005845,0017-03-23 17:35:00,17,3,23,17,35,60,69,"136, PASTEUR (BOULEVARD)",,,Plein jour,Hors agglomération,Hors intersection,Brouillard / fumée,Deux véhicules - frontale,,,,,,,,,,,1,1,1,5.0,1.0
201700005846,0017-03-29 15:00:00,17,3,29,15,0,60,69,"9, CARNOT (BOULEVARD ET",,,Plein jour,En agglomération,Hors intersection,Normale,Deux véhicules - côté,,,,,,,,,,,1,2,1,1.0,3.0
201700005847,0017-03-30 16:50:00,17,3,30,16,50,60,69,"38, SAINT EXUPERY (AVENU",43.66219,6.93424,Plein jour,En agglomération,Intersection en X,Normale,Deux véhicules - côté,,,,,,,,,,,1,2,2,1.0,3.0