accident_id,datetime,annee,mois,jour,heure,minute,departement,commune_insee,adresse,latitude,longitude,luminosite,agglomeration,intersection,meteo,collision,nb_vehicules,nb_usagers,nb_indemnes,nb_tues,nb_blesses_hosp,nb_blesses_legers,age_cond_1,age_cond_2,veh_type_cond_1,veh_type_cond_2,lum_code,agg_code,int_code,atm_code,col_code
201700005848,0017-04-02 18:00:00,17,4,2,18,0,60,69,"136, PASTEUR (BOULEVARD)",43.66641,6.90177,Plein jour,En agglomération,Hors intersection,Pluie légère,Sans collision,,,,,,,,,,,1,2,1,2.0,7.0
201700005849,0017-04-07 14:00:00,17,4,7,14,0,60,69,"89, SAINT EXUPERY (AVENU",43.66544,6.93883,Plein jour,En agglomération,Hors intersection,Normale,Deux véhicules - arrière,,,,,,,,,,,1,2,1,1.0,2.0
201700005850,0017-04-11 14:15:00,17,4,11,14,15,60,69,"x, PROVENCE (AVENUE DE)",43.65074,6.92257,Plein jour,En agglomération,Giratoire,Normale,Autre collision,,,,,,,,,,,1,2,6,1.0,6.0
201700005851,0017-04-12 11:10:00,17,4,12,11,10,60,69,CARNOT (BOULEVARD ET TRA,43.65642,6.92269,Plein jour,En agglomération,Giratoire,Normale,Deux véhicules - côté,,,,,,,,,,,1,2,6,1.0,3.0
201700005852,0017-04-13 13:50:00,17,4,13,13,50,60,69,"01, CARNOT (BOULEVARD ET",43.65642,6.92264,Plein jour,En agglomération,Hors intersection,Normale,Deux véhicules - côté,,,,,,,,,,,1,2,1,1.0,3.0
201700005853,0017-04-19 16:40:00,17,4,19,16,40,60,69,"96, CANNES (ROUTE DE)",43.63958,6.94926,Plein jour,En agglomération,Hors intersection,Normale,Trois véhicules et plus - collisions multiples,,,,,,,,,,,1,2,1,1.0,5.0
201700005854,0017-04-20 21:55:00,17,4,20,21,55,60,69,"62, SEMARD (AVENUE PIERR",43.6565,6.92778,Nuit avec éclairage allumé,En agglomération,Hors intersection,Normale,Autre collision,,,,,,,,,,,5,2,1,1.0,6.0
201700005855,0017-04-25 11:10:00,17,4,25,11,10,60,69,"69, SAINT EXUPERY (AVENU",43.66321,6.93713,Plein jour,En agglomération,Hors intersection,Normale,Autre collision,,,,,,,,,,,1,2,1,1.0,6.0
201700005856,0017-04-25 17:05:00,17,4,25,17,5,60,69,MISTRAL (AVENUE ET PLACE,43.64906,6.91917,Plein jour,En agglomération,Hors intersection,Normale,Deux véhicules - côté,,,,,,,,,,,1,2,1,1.0,3.0
201700005857,0017-04-27 08:30:00,17,4,27,8,30,60,69,"6 BAT A, BAUDOIN (AVENUE",43.65916,6.92095,Plein jour,En agglomération,Hors intersection,Pluie légère,Trois véhicules et plus - collisions multiples,,,,,,,,,,,1,2,1,2.0,5.0
201700005858,0017-04-29 22:00:00,17,4,29,22,0,60,69,"40, DRAGUIGNAN (ROUTE DE",43.64294,6.9085,Nuit avec éclairage allumé,Hors agglomération,Hors intersection,Normale,Deux véhicules - frontale,,,,,,,,,,,5,1,1,1.0,1.0
201700005859,0017-05-03 07:40:00,17,5,3,7,40,60,69,"51, CHENES (CHEMIN DES)",43.64079,6.91719,Plein jour,En agglomération,Hors intersection,Normale,Trois véhicules et plus - en chaîne,,,,,,,,,,,1,2,1,1.0,4.0
201700005860,0017-05-03 15:00:00,17,5,3,15,0,60,69,"25, ROUQUIER (BOULEVARD",43.64378,6.94178,Plein jour,En agglomération,Hors intersection,Normale,Deux véhicules - côté,,,,,,,,,,,1,2,1,1.0,3.0
201700005861,0017-05-03 16:00:00,17,5,3,16,0,60,69,"123, CANNES (ROUTE DE)",43.63735,6.95097,Plein jour,En agglomération,Hors intersection,Normale,Trois véhicules et plus - en chaîne,,,,,,,,,,,1,2,1,1.0,4.0
201700005862,0017-05-06 18:40:00,17,5,6,18,40,60,69,"96, POMPIDOU (AVENUE GEO",43.64579,6.93963,Plein jour,En agglomération,Hors intersection,Normale,Deux véhicules - côté,,,,,,,,,,,1,2,1,1.0,3.0
201700005863,0017-05-07 15:05:00,17,5,7,15,5,60,69,"19, SEMARD (AVENUE PIERR",43.65628,6.92673,Plein jour,En agglomération,Hors intersection,Normale,Deux véhicules - arrière,,,,,,,,,,,1,2,1,1.0,2.0
201700005864,0017-05-07 18:40:00,17,5,7,18,40,60,69,"76, DE LATTRE DE TASSIGN",43.64832,6.92926,Plein jour,En agglomération,Hors intersection,Normale,Sans collision,,,,,,,,,,,1,2,1,1.0,7.0
201700005865,0017-05-15 16:45:00,17,5,15,16,45,60,69,"30, PASTEUR (BOULEVARD)",43.65814,6.91259,Plein jour,En agglomération,Hors intersection,Normale,Autre collision,,,,,,,,,,,1,2,1,1.0,6.0
201700005866,0017-05-16 12:17:00,17,5,16,12,17,60,69,"35, MARIGARDE (ROUTE DE",43.65415,6.93049,Plein jour,En agglomération,Hors intersection,Normale,Autre collision,,,,,,,,,,,1,2,1,1.0,6.0
201700005867,0017-05-16 16:45:00,17,5,16,16,45,60,69,"265, BASSES RIBES (CHEMI",43.64605,6.91059,Plein jour,Hors agglomération,Hors intersection,Normale,Deux véhicules - arrière,,,,,,,,,,,1,1,1,1.0,2.0
201700005868,0017-05-18 13:30:00,17,5,18,13,30,60,69,"37, PLAN (ROUTE DU) -D30",43.65208,6.94768,Plein jour,En agglomération,Hors intersection,Normale,Deux véhicules - arrière,,,,,,,,,,,1,2,1,1.0,2.0
201700005869,0017-05-19 17:35:00,17,5,19,17,35,60,69,NAPOLEON (ROUTE),43.67088,6.91112,Plein jour,Hors agglomération,Hors intersection,Normale,Autre collision,,,,,,,,,,,1,1,1,1.0,6.0
201700005870,0017-05-23 08:20:00,17,5,23,8,20,60,69,"33, PEGOMAS (ROUTE DE)",43.64263,6.93796,Plein jour,En agglomération,Hors intersection,Normale,Autre collision,,,,,,,,,,,1,2,1,1.0,6.0
201700005871,0017-05-24 07:55:00,17,5,24,7,55,60,69,"33, MISTRAL (AVENUE ET P",43.64852,6.91869,Plein jour,En agglomération,Intersection en T,Normale,Deux véhicules - côté,,,,,,,,,,,1,2,3,1.0,3.0
201700005872,0017-05-26 18:55:00,17,5,26,18,55,60,69,RENOIR (AVENUE AUGUSTE),43.68158,6.96621,Plein jour,En agglomération,Hors intersection,Normale,Deux véhicules - côté,,,,,,,,,,,1,2,1,1.0,3.0
201700005873,0017-05-28 03:30:00,17,5,28,3,30,60,69,ROUQUIER (BOULEVARD EMMA,43.64471,6.94055,Nuit avec éclairage allumé,En agglomération,Hors intersection,Normale,Sans collision,,,,,,,,,,,5,2,1,1.0,7.0
201700005874,0017-05-30 17:00:00,17,5,30,17,0,60,69,"60, VICTOR HUGO  (BD)",43.6515,6.92029,Plein jour,En agglomération,Hors intersection,Normale,Deux véhicules - côté,,,,,,,,,,,1,2,1,1.0,3.0
201700005875,0017-06-01 07:45:00,17,6,1,7,45,60,69,"26, GRAND CHENE (CHEMIN",43.63711,6.92685,Plein jour,Hors agglomération,Hors intersection,Normale,Trois véhicules et plus - en chaîne,,,,,,,,,,,1,1,1,1.0,4.0
201700005876,0017-06-03 18:10:00,17,6,3,18,10,60,69,"108, CANNES (ROUTE DE)",43.63,6.94,Plein jour,En agglomération,Hors intersection,Normale,Trois véhicules et plus - collisions multiples,,,,,,,,,,,1,2,1,1.0,5.0
201700005877,0017-06-05 10:55:00,17,6,5,10,55,60,69,"287, CANNES (ROUTE DE)",43.62,6.96,Plein jour,En agglomération,Hors intersection,Normale,Deux véhicules - arrière,,,,,,,,,,,1,2,1,1.0,2.0
201700005878,0017-06-06 07:19:00,17,6,6,7,19,60,69,"61, VICTORIA (AVENUE ET",43.66458,6.93422,Plein jour,En agglomération,Hors intersection,Normale,Deux véhicules - arrière,,,,,,,,,,,1,2,1,1.0,2.0
201700005879,0017-06-08 18:26:00,17,6,8,18,26,60,69,"36, CHEVREFEUILLES (CHEM",43.63825,6.92287,Plein jour,En agglomération,Hors intersection,Normale,Sans collision,,,,,,,,,,,1,2,1,1.0,7.0
201700005880,0017-06-09 17:10:00,17,6,9,17,10,60,69,"62, MARIGARDE (ROUTE DE",43.65,6.93,Plein jour,En agglomération,Hors intersection,Normale,Deux véhicules - côté,,,,,,,,,,,1,2,1,1.0,3.0
201700005881,0017-06-10 14:45:00,17,6,10,14,45,60,69,ORME (CHEMIN DE L'),43.65,6.94,Plein jour,En agglomération,Hors intersection,Normale,Deux véhicules - arrière,,,,,,,,,,,1,2,1,1.0,2.0
201700005882,0017-06-12 12:45:00,17,6,12,12,45,60,69,"73, POISSONNIERS (CHEMIN",43.64976,6.94138,Plein jour,En agglomération,Hors intersection,Normale,Deux véhicules - frontale,,,,,,,,,,,1,2,1,1.0,1.0
201700005883,0017-06-12 16:45:00,17,6,12,16,45,60,69,"205, BASSES MOULIERES (C",43.62821,6.92762,Plein jour,En agglomération,Hors intersection,Normale,Sans collision,,,,,,,,,,,1,2,1,1.0,7.0
201700005884,0017-06-16 09:25:00,17,6,16,9,25,60,69,"7, JEU DE BALLON (BOULEV",43.65945,6.9223,Plein jour,En agglomération,Hors intersection,Normale,Autre collision,,,,,,,,,,,1,2,1,1.0,6.0
201700005885,0017-06-16 19:00:00,17,6,16,19,0,60,69,"6, DUVAL (AVENUE MATHIAS",43.65388,6.92111,Plein jour,En agglomération,Hors intersection,Normale,Sans collision,,,,,,,,,,,1,2,1,1.0,7.0
201700005886,0017-06-20 12:45:00,17,6,20,12,45,60,69,"76, DRAGUIGNAN (ROUTE DE",43.64296,6.90594,Plein jour,En agglomération,Hors intersection,Normale,Sans collision,,,,,,,,,,,1,2,1,1.0,7.0
201700005887,0017-06-20 13:29:00,17,6,20,13,29,60,69,"50, CANNES (ROUTE DE)  -",43.64181,6.94716,Plein jour,En agglomération,Hors intersection,Normale,Sans collision,,,,,,,,,,,1,2,1,1.0,7.0
201700005888,0017-06-21 10:02:00,17,6,21,10,2,60,69,"36, SAINT EXUPERY (AVENU",43.66,6.93,Plein jour,En agglomération,Intersection en X,Normale,Deux véhicules - côté,,,,,,,,,,,1,2,2,1.0,3.0
201700005889,0017-06-21 13:00:00,17,6,21,13,0,60,69,"103, PAOUTE (ROUTE ET TR",43.63444,6.9575,Plein jour,Hors agglomération,Hors intersection,Normale,Deux véhicules - côté,,,,,,,,,,,1,1,1,1.0,3.0
201700005890,0017-06-22 17:45:00,17,6,22,17,45,60,69,"0, AUTRANT (BOULEVARD DU",,,Plein jour,En agglomération,Intersection en X,Temps couvert,Sans collision,,,,,,,,,,,1,2,2,8.0,7.0
201700005891,0017-06-24 13:00:00,17,6,24,13,0,60,69,"145, PLAN (ROUTE DU) -D3",43.64395,6.95494,Plein jour,En agglomération,Hors intersection,Normale,Deux véhicules - arrière,,,,,,,,,,,1,2,1,1.0,2.0
201700005892,0017-06-26 18:30:00,17,6,26,18,30,60,69,"X, CARNOT (BOULEVARD ET",43.65441,6.921,Plein jour,En agglomération,Hors intersection,Temps couvert,Trois véhicules et plus - en chaîne,,,,,,,,,,,1,2,1,8.0,4.0
201700005893,0017-06-30 17:20:00,17,6,30,17,20,60,69,"61, DRAGUIGNAN (ROUTE DE",43.64265,6.90784,Plein jour,En agglomération,Hors intersection,Normale,Sans collision,,,,,,,,,,,1,2,1,1.0,7.0
201700005894,0017-07-02 04:35:00,17,7,2,4,35,60,69,"38, POMPIDOU (AVENUE GEO",43.64805,6.93615,Crépuscule ou aube,En agglomération,Hors intersection,Normale,Autre collision,,,,,,,,,,,2,2,1,1.0,6.0
201700005895,0017-07-03 06:30:00,17,7,3,6,30,60,69,PAROIRS (CHEMIN DES),43.65782,6.93359,Plein jour,En agglomération,Intersection en T,Normale,Deux véhicules - frontale,,,,,,,,,,,1,2,3,1.0,1.0
201700005896,0017-07-01 19:50:00,17,7,1,19,50,60,69,"96, POMPIDOU (AVENUE GEO",43.64539,6.9397,Plein jour,En agglomération,Hors intersection,Normale,Autre collision,,,,,,,,,,,1,2,1,1.0,6.0
201700005897,0017-07-06 09:30:00,17,7,6,9,30,60,69,"31, BAUDOIN (AVENUE YVES",43.657,6.918,Plein jour,En agglomération,Hors intersection,Normale,Sans collision,,,,,,,,,,,1,2,1,1.0,7.0
201700005898,0017-07-08 16:55:00,17,7,8,16,55,60,69,"85, CANNES (ROUTE DE)  -",43.64344,6.94636,Plein jour,En agglomération,Hors intersection,Normale,Sans collision,,,,,,,,,,,1,2,1,1.0,7.0
201700005899,0017-07-08 15:50:00,17,7,8,15,50,60,69,"59, CANNES (ROUTE DE)  -",43.64412,6.94699,Plein jour,En agglomération,Hors intersection,Normale,Deux véhicules - côté,,,,,,,,,,,1,2,1,1.0,3.0
201700005900,0017-07-10 15:20:00,17,7,10,15,20,60,69,"57, SEMARD (AVENUE PIERR",43.65621,6.9304,Plein jour,En agglomération,Hors intersection,Normale,Deux véhicules - côté,,,,,,,,,,,1,2,1,1.0,3.0
201700005901,0017-07-11 10:15:00,17,7,11,10,15,60,69,"x, PEGOMAS (ROUTE DE)",43.64278,6.93793,Plein jour,En agglomération,Hors intersection,Normale,Deux véhicules - arrière,,,,,,,,,,,1,2,1,1.0,2.0
201700005902,0017-07-15 17:47:00,17,7,15,17,47,60,69,"111, AURIBEAU (ROUTE D')",43.63,6.91,Plein jour,Hors agglomération,Hors intersection,Normale,Deux véhicules - frontale,,,,,,,,,,,1,1,1,1.0,1.0
201700005903,0017-07-16 07:30:00,17,7,16,7,30,60,69,"92, LIBERATION (AVENUE D",43.64386,6.91359,Plein jour,En agglomération,Hors intersection,Normale,Autre collision,,,,,,,,,,,1,2,1,1.0,6.0
201700005904,0017-07-17 08:35:00,17,7,17,8,35,60,69,Rd point des Quatre Chem,43.644,6.94,Plein jour,En agglomération,Hors intersection,Normale,Deux véhicules - arrière,,,,,,,,,,,1,2,1,1.0,2.0
201700005905,0017-07-18 14:40:00,17,7,18,14,40,60,69,"77, GRAND CHENE (CHEMIN",43.63735,6.93282,Plein jour,En agglomération,Hors intersection,Normale,Sans collision,,,,,,,,,,,1,2,1,1.0,7.0
201700005906,0017-07-18 17:40:00,17,7,18,17,40,60,69,"88, CANNES (ROUTE DE)  -",43.64089,6.94767,Plein jour,En agglomération,Hors intersection,Normale,Deux véhicules - côté,,,,,,,,,,,1,2,1,1.0,3.0
201700005907,0017-07-19 10:20:00,17,7,19,10,20,60,69,"x, CHENES (CHEMIN DES)",43.64083,6.91277,Plein jour,En agglomération,Intersection en T,Normale,Deux véhicules - côté,,,,,,,,,,,1,2,3,1.0,3.0
201700005908,0017-07-21 18:55:00,17,7,21,18,55,60,69,"9, VICTOR HUGO  (BD)",43.656,6.919,Plein jour,En agglomération,Intersection en T,Normale,Sans collision,,,,,,,,,,,1,2,3,1.0,7.0
201700005909,0017-07-23 18:45:00,17,7,23,18,45,60,69,"7, ESTRAMOUSSE (CHEMIN E",43.65919,6.90197,Plein jour,Hors agglomération,Hors intersection,Normale,Sans collision,,,,,,,,,,,1,1,1,1.0,7.0
201700005910,0017-07-26 08:00:00,17,7,26,8,0,60,69,"35, MARIGARDE (ROUTE DE",43.654,6.93084,Plein jour,En agglomération,Hors intersection,Normale,Deux véhicules - côté,,,,,,,,,,,1,2,1,1.0,3.0
201700005911,0017-07-28 13:50:00,17,7,28,13,50,60,69,"129, PAOUTE (ROUTE ET TR",43.63166,6.95778,Plein jour,En agglomération,Giratoire,Normale,Deux véhicules - côté,,,,,,,,,,,1,2,6,1.0,3.0
201700005912,0017-07-30 17:00:00,17,7,30,17,0,60,69,"10, LECLERC (BOULEVARD D",43.65062,6.92194,Plein jour,En agglomération,Giratoire,Normale,Deux véhicules - arrière,,,,,,,,,,,1,2,6,1.0,2.0
201700005913,0017-08-01 14:50:00,17,8,1,14,50,60,69,"20, CHENES (CHEMIN DES)",43.6408,6.9129,Plein jour,En agglomération,Hors intersection,Normale,Trois véhicules et plus - collisions multiples,,,,,,,,,,,1,2,1,1.0,5.0
201700005914,0017-08-02 13:00:00,17,8,2,13,0,60,69,"7, CAUVIN (AVENUE LOUIS)",43.64245,6.95843,Plein jour,En agglomération,Hors intersection,Normale,Sans collision,,,,,,,,,,,1,2,1,1.0,7.0
201700005915,0017-08-05 19:45:00,17,8,5,19,45,60,69,"95, DRAGUIGNAN (ROUTE DE",43.64317,6.90345,Plein jour,En agglomération,Hors intersection,Normale,Deux véhicules - frontale,,,,,,,,,,,1,2,1,1.0,1.0
201700005916,0017-08-07 09:06:00,17,8,7,9,6,60,69,"1, RASTIGNY (SQUARE)",43.6544,6.92114,Plein jour,En agglomération,Giratoire,Normale,Autre collision,,,,,,,,,,,1,2,6,1.0,6.0
201700005917,0017-08-15 06:00:00,17,8,15,6,0,60,69,"20, RAYBAUD (AVENUE FELI",43.63987,6.91153,Crépuscule ou aube,En agglomération,Hors intersection,Normale,Sans collision,,,,,,,,,,,2,2,1,1.0,7.0
201700005918,0017-08-26 12:20:00,17,8,26,12,20,60,69,"1, THIERS (AVENUE)",43.66129,6.92277,Plein jour,En agglomération,Hors intersection,Normale,Autre collision,,,,,,,,,,,1,2,1,1.0,6.0
201700005919,0017-08-30 17:20:00,17,8,30,17,20,60,69,"12, LECLERC (BOULEVARD D",43.6502,6.91985,Plein jour,En agglomération,Hors intersection,Normale,Autre collision,,,,,,,,,,,1,2,1,1.0,6.0
201700005920,0017-08-29 17:50:00,17,8,29,17,50,60,69,"32, VICTOR HUGO  (BD)",43.65438,6.91865,Plein jour,En agglomération,Hors intersection,Normale,Autre collision,,,,,,,,,,,1,2,1,1.0,6.0
201700005921,0017-09-11 17:00:00,17,9,11,17,0,60,69,"89, LIBERATION (AVENUE D",43.64416,6.91391,Plein jour,En agglomération,Hors intersection,Normale,Deux véhicules - côté,,,,,,,,,,,1,2,1,1.0,3.0
201700005922,0017-09-15 13:30:00,17,9,15,13,30,60,69,"1, RASTIGNY (SQUARE)",43.65436,6.92117,Plein jour,En agglomération,Autre intersection,Normale,Autre collision,,,,,,,,,,,1,2,9,1.0,6.0
201700005923,0017-09-17 09:45:00,17,9,17,9,45,60,69,"1, NAPOLEON (ROUTE)",43.67689,6.947,Plein jour,Hors agglomération,Hors intersection,Normale,Sans collision,,,,,,,,,,,1,1,1,1.0,7.0
201700005924,0017-09-18 14:30:00,17,9,18,14,30,60,69,"160, AURIBEAU (ROUTE D')",43.62741,6.91382,Plein jour,En agglomération,Hors intersection,Normale,Trois véhicules et plus - collisions multiples,,,,,,,,,,,1,2,1,1.0,5.0
201700005925,0017-09-20 17:00:00,17,9,20,17,0,60,69,"35, CASTORS (CHEMIN DES)",43.6397,6.93,Plein jour,En agglomération,Hors intersection,Normale,Deux véhicules - frontale,,,,,,,,,,,1,2,1,1.0,1.0
201700005926,0017-09-22 18:50:00,17,9,22,18,50,60,69,"160, SEMARD (AVENUE PIER",43.65285,6.9255,Crépuscule ou aube,En agglomération,Hors intersection,Normale,Deux véhicules - côté,,,,,,,,,,,2,2,1,1.0,3.0
201700005927,0017-09-24 19:10:00,17,9,24,19,10,60,69,SIDI BRAHIM (AVENUE),43.64938,6.93341,Crépuscule ou aube,En agglomération,Intersection en T,Normale,Deux véhicules - frontale,,,,,,,,,,,2,2,3,1.0,1.0
201700005928,0017-09-25 17:00:00,17,9,25,17,0,60,69,Sortie pntrante Grasse,43.63,6.94,Plein jour,En agglomération,Hors intersection,Normale,Deux véhicules - arrière,,,,,,,,,,,1,2,1,1.0,2.0
201700005929,0017-09-29 13:48:00,17,9,29,13,48,60,69,"160, CANNES (ROUTE DE)",43.63,6.95,Plein jour,En agglomération,Hors intersection,Normale,Deux véhicules - arrière,,,,,,,,,,,1,2,1,1.0,2.0
201700005930,0017-09-29 15:48:00,17,9,29,15,48,60,69,"4, CARRIERES (RUE ET CHE",43.66,6.92,Plein jour,En agglomération,Hors intersection,Normale,Autre collision,,,,,,,,,,,1,2,1,1.0,6.0
201700005931,0017-09-30 15:30:00,17,9,30,15,30,60,69,"39, BOBET (AVENUE LOUISO",43.62633,6.94017,Plein jour,En agglomération,Hors intersection,Normale,Deux véhicules - frontale,,,,,,,,,,,1,2,1,1.0,1.0
201700005932,0017-10-01 04:30:00,17,10,1,4,30,60,69,"259, PEGOMAS (ROUTE DE)",43.63138,6.93131,Nuit sans éclairage public,En agglomération,Hors intersection,Normale,Trois véhicules et plus - collisions multiples,,,,,,,,,,,3,2,1,1.0,5.0
201700005933,0017-10-02 07:05:00,17,10,2,7,5,60,69,"48, TASSIGNY (AVENUE DEL",43.64808,6.92711,Plein jour,En agglomération,Hors intersection,Normale,Sans collision,,,,,,,,,,,1,2,1,1.0,7.0
201700005934,0017-10-05 21:10:00,17,10,5,21,10,60,69,"39, PEGOMAS (ROUTE DE)",43.6422,6.93802,Nuit avec éclairage allumé,En agglomération,Hors intersection,Normale,Deux véhicules - frontale,,,,,,,,,,,5,2,1,1.0,1.0
201700005935,0017-10-06 10:40:00,17,10,6,10,40,60,69,SIDI BRAHIM (AVENUE),43.64597,6.9402,Plein jour,En agglomération,Hors intersection,Normale,Deux véhicules - côté,,,,,,,,,,,1,2,1,1.0,3.0
201700005936,0017-10-06 16:45:00,17,10,6,16,45,60,69,"82, PROVENCE (AVENUE DE)",43.6587,6.92891,Plein jour,En agglomération,Hors intersection,Normale,Deux véhicules - arrière,,,,,,,,,,,1,2,1,1.0,2.0
201700005937,0017-10-07 16:30:00,17,10,7,16,30,60,69,"36, PASTEUR (BOULEVARD)",43.65,6.91,Plein jour,Hors agglomération,Hors intersection,Normale,Sans collision,,,,,,,,,,,1,1,1,1.0,7.0
201700005938,0017-10-07 16:50:00,17,10,7,16,50,60,69,"23, PLASCASSIER (route d",43.65362,6.94646,Plein jour,En agglomération,Hors intersection,Normale,Autre collision,,,,,,,,,,,1,2,1,1.0,6.0
201700005939,0017-10-09 17:15:00,17,10,9,17,15,60,69,PEGOMAS (ROUTE DE),43.62293,6.92564,Plein jour,Hors agglomération,Hors intersection,Normale,Deux véhicules - côté,,,,,,,,,,,1,1,1,1.0,3.0
201700005940,0017-10-12 08:15:00,17,10,12,8,15,60,69,"35, MOUANS (ROUTE DE)",43.63637,6.97438,Plein jour,En agglomération,Hors intersection,Normale,Autre collision,,,,,,,,,,,1,2,1,1.0,6.0
201700005941,0017-10-17 07:45:00,17,10,17,7,45,60,69,SAINT EXUPERY (AVENUE AN,43.66213,6.93405,Plein jour,En agglomération,Intersection en T,Normale,Deux véhicules - côté,,,,,,,,,,,1,2,3,1.0,3.0
201700005942,0017-10-17 15:24:00,17,10,17,15,24,60,69,"49, CHENES (CHEMIN DES)",43.64079,6.91728,Plein jour,En agglomération,Hors intersection,Normale,Deux véhicules - arrière,,,,,,,,,,,1,2,1,1.0,2.0
201700005943,0017-10-17 23:55:00,17,10,17,23,55,60,69,"14bis, CLEMENCEAU (BOULE",43.65746,6.9161,Nuit avec éclairage allumé,En agglomération,Hors intersection,Normale,Autre collision,,,,,,,,,,,5,2,1,1.0,6.0
201700005944,0017-10-20 17:35:00,17,10,20,17,35,60,69,"103, LIBERATION (AVENUE",43.64267,6.91125,Plein jour,En agglomération,Hors intersection,Normale,Autre collision,,,,,,,,,,,1,2,1,1.0,6.0
201700005945,0017-10-20 17:50:00,17,10,20,17,50,60,69,"34, SAINT EXUPERY (AVENU",43.66,6.93,Plein jour,En agglomération,Hors intersection,Normale,Trois véhicules et plus - en chaîne,,,,,,,,,,,1,2,1,1.0,4.0
201700005946,0017-10-24 08:40:00,17,10,24,8,40,60,69,"123, CANNES (ROUTE DE)",43.63737,6.95099,Plein jour,En agglomération,Hors intersection,Normale,Deux véhicules - côté,,,,,,,,,,,1,2,1,1.0,3.0
201700005947,0017-10-27 17:00:00,17,10,27,17,0,60,69,"244, CANNES (ROUTE DE)",43.63034,6.9587,Plein jour,En agglomération,Hors intersection,Normale,Deux véhicules - arrière,,,,,,,,,,,1,2,1,1.0,2.0
201700005948,0017-10-28 11:30:00,17,10,28,11,30,60,69,"x, Pntrante",43.64194,6.93527,Plein jour,Hors agglomération,Hors intersection,Normale,Deux véhicules - frontale,,,,,,,,,,,1,1,1,1.0,1.0
201700005949,0017-10-28 20:00:00,17,10,28,20,0,60,69,"132, LIBERATION (AVENUE",43.64092,6.91048,Nuit avec éclairage allumé,En agglomération,Intersection en T,Normale,Deux véhicules - frontale,,,,,,,,,,,5,2,3,1.0,1.0
201700005950,0017-11-01 14:20:00,17,11,1,14,20,60,69,"114, RENOIR (AVENUE AUGU",43.6819,6.96054,Plein jour,En agglomération,Hors intersection,Normale,Sans collision,,,,,,,,,,,1,2,1,1.0,7.0
201700005951,0017-11-01 14:00:00,17,11,1,14,0,60,69,"188, DRAGUIGNAN (ROUTE D",43.6447,6.9011,Plein jour,Hors agglomération,Hors intersection,Normale,Deux véhicules - arrière,,,,,,,,,,,1,1,1,1.0,2.0
201700005952,0017-11-02 08:45:00,17,11,2,8,45,60,69,"x, CRESP (COURS HONORE)",43.65434,6.92099,Plein jour,En agglomération,Hors intersection,Normale,Deux véhicules - arrière,,,,,,,,,,,1,2,1,1.0,2.0
201700005953,0017-11-05 14:50:00,17,11,5,14,50,60,69,"26, PALAIS DE JUSTICE (R",43.65689,6.91944,Plein jour,En agglomération,Hors intersection,Normale,Autre collision,,,,,,,,,,,1,2,1,1.0,6.0
201700005954,0017-11-06 20:10:00,17,11,6,20,10,60,69,"x, LECLERC (BOULEVARD DU",43.65065,6.92166,Nuit avec éclairage allumé,En agglomération,Hors intersection,Pluie légère,Sans collision,,,,,,,,,,,5,2,1,2.0,7.0
201700005955,0017-11-06 22:00:00,17,11,6,22,0,60,69,"17, CARNOT (BOULEVARD ET",43.65535,6.9218,Nuit avec éclairage allumé,En agglomération,Hors intersection,Pluie légère,Autre collision,,,,,,,,,,,5,2,1,2.0,6.0
201700005956,0017-11-07 07:30:00,17,11,7,7,30,60,69,"x, AUTRANT (BOULEVARD DU",43.66222,6.93418,Plein jour,En agglomération,Hors intersection,Pluie légère,Deux véhicules - arrière,,,,,,,,,,,1,2,1,2.0,2.0
201700005957,0017-11-13 13:50:00,17,11,13,13,50,60,69,"9, CANTEPERDRIX (CHEMIN",43.64003,6.90941,Plein jour,En agglomération,Hors intersection,Normale,Deux véhicules - côté,,,,,,,,,,,1,2,1,1.0,3.0
201700005958,0017-11-14 11:55:00,17,11,14,11,55,60,69,"94, DE LATTRE DE TASSIGN",43.64909,6.93178,Plein jour,En agglomération,Intersection en X,Normale,Sans collision,,,,,,,,,,,1,2,2,1.0,7.0
201700005959,0017-11-14 13:35:00,17,11,14,13,35,60,69,"106, PAOUTE (ROUTE ET TR",43.63362,6.95794,Plein jour,En agglomération,Hors intersection,Normale,Deux véhicules - côté,,,,,,,,,,,1,2,1,1.0,3.0
201700005960,0017-11-15 15:15:00,17,11,15,15,15,60,69,"8, FRAGONARD (BOULEVARD",43.657,6.9233,Plein jour,En agglomération,Hors intersection,Normale,Deux véhicules - frontale,,,,,,,,,,,1,2,1,1.0,1.0
201700005961,0017-11-15 17:00:00,17,11,15,17,0,60,69,"X, ROUMEGONS (CHEMIN, RU",43.68032,6.96773,Crépuscule ou aube,En agglomération,Giratoire,Normale,Sans collision,,,,,,,,,,,2,2,6,1.0,7.0
201700005962,0017-11-15 17:20:00,17,11,15,17,20,60,69,"X, Pntrante",43.64118,6.93568,Crépuscule ou aube,Hors agglomération,Hors intersection,Normale,Sans collision,,,,,,,,,,,2,1,1,1.0,7.0
201700005963,0017-11-15 15:50:00,17,11,15,15,50,60,69,"x, FRAGONARD (BOULEVARD",43.65684,6.92211,Plein jour,En agglomération,Hors intersection,Temps éblouissant,Autre collision,,,,,,,,,,,1,2,1,7.0,6.0
201700005964,0017-11-17 06:05:00,17,11,17,6,5,60,69,"102, CANNES (ROUTE DE)",44.63944,6.94943,Nuit avec éclairage allumé,En agglomération,Intersection en Y,Normale,Deux véhicules - côté,,,,,,,,,,,5,2,4,1.0,3.0
201700005965,0017-11-17 16:40:00,17,11,17,16,40,60,69,"39, SIDI BRAHIM (AVENUE)",43.65019,6.92945,Plein jour,En agglomération,Hors intersection,Normale,Autre collision,,,,,,,,,,,1,2,1,1.0,6.0
201700005966,0017-11-21 21:20:00,17,11,21,21,20,60,69,"1, CHENES (CHEMIN DES)",43.64081,6.91159,Nuit avec éclairage allumé,En agglomération,Giratoire,Normale,Deux véhicules - côté,,,,,,,,,,,5,2,6,1.0,3.0
201700005967,0017-11-25 07:45:00,17,11,25,7,45,60,69,"136, PASTEUR (BOULEVARD)",43.66606,6.90232,Crépuscule ou aube,En agglomération,Hors intersection,Temps couvert,Autre collision,,,,,,,,,,,2,2,1,8.0,6.0