accident_id,datetime,annee,mois,jour,heure,minute,departement,commune_insee,adresse,latitude,longitude,luminosite,agglomeration,intersection,meteo,collision,nb_vehicules,nb_usagers,nb_indemnes,nb_tues,nb_blesses_hosp,nb_blesses_legers,age_cond_1,age_cond_2,veh_type_cond_1,veh_type_cond_2,lum_code,agg_code,int_code,atm_code,col_code
201700005968,0017-11-26 10:20:00,17,11,26,10,20,60,69,"22, CHENES (CHEMIN DES)",43.64075,6.91365,Plein jour,En agglomération,Hors intersection,Normale,Deux véhicules - côté,,,,,,,,,,,1,2,1,1.0,3.0
201700005969,0017-11-25 13:45:00,17,11,25,13,45,60,69,"x, LECLERC (BOULEVARD DU",43.65071,6.92185,Plein jour,En agglomération,Hors intersection,Normale,Deux véhicules - arrière,,,,,,,,,,,1,2,1,1.0,2.0
201700005970,0017-11-27 10:00:00,17,11,27,10,0,60,69,"6, GAMBETTA (BOULEVARD E",43.65,6.92,Plein jour,En agglomération,Hors intersection,Normale,Deux véhicules - côté,,,,,,,,,,,1,2,1,1.0,3.0
201700005971,0017-11-27 14:05:00,17,11,27,14,5,60,69,"127, PLAN (ROUTE DU) -D3",43.64514,6.95384,Plein jour,En agglomération,Hors intersection,Normale,Deux véhicules - côté,,,,,,,,,,,1,2,1,1.0,3.0
201700005972,0017-11-29 18:30:00,17,11,29,18,30,60,69,"x, Pntrante",43.6422,6.932,Nuit sans éclairage public,En agglomération,Hors intersection,Normale,Sans collision,,,,,,,,,,,3,2,1,1.0,7.0
201700005973,0017-11-30 12:25:00,17,11,30,12,25,60,69,"38, SAINT EXUPERY (AVENU",43.66215,6.93415,Plein jour,En agglomération,Intersection en T,Normale,Deux véhicules - côté,,,,,,,,,,,1,2,3,1.0,3.0
201700005974,0017-11-30 14:10:00,17,11,30,14,10,60,69,"15, JEU DE BALLON (BOULE",43.66,6.922,Plein jour,En agglomération,Hors intersection,Normale,Sans collision,,,,,,,,,,,1,2,1,1.0,7.0
201700005975,0017-12-01 07:40:00,17,12,1,7,40,60,69,"x, PEGOMAS (ROUTE DE)",43.63882,6.93376,Plein jour,En agglomération,Hors intersection,Normale,Deux véhicules - arrière,,,,,,,,,,,1,2,1,1.0,2.0
201700005976,0017-12-03 18:52:00,17,12,3,18,52,60,69,"13, ZILLER (AVENUE PIERR",43.672,6.9427,Nuit avec éclairage allumé,En agglomération,Hors intersection,Normale,Autre collision,,,,,,,,,,,5,2,1,1.0,6.0
201700005977,0017-12-09 16:50:00,17,12,9,16,50,60,69,"10, CAREMIL (AVENUE ETIE",43.66193,6.92527,Crépuscule ou aube,En agglomération,Hors intersection,Normale,Autre collision,,,,,,,,,,,2,2,1,1.0,6.0
201700005978,0017-12-10 12:00:00,17,12,10,12,0,60,69,"x, SEMARD (AVENUE PIERRE",43.65622,6.93013,Plein jour,En agglomération,Hors intersection,Pluie légère,Trois véhicules et plus - en chaîne,,,,,,,,,,,1,2,1,2.0,4.0
201700005979,0017-12-10 22:00:00,17,12,10,22,0,60,69,"89, DRAGUIGNAN (ROUTE DE",43.64318,6.90445,Nuit sans éclairage public,Hors agglomération,Hors intersection,Pluie forte,Autre collision,,,,,,,,,,,3,1,1,3.0,6.0
201700005980,0017-12-12 16:08:00,17,12,12,16,8,60,69,"82, SIDI BRAHIM (AVENUE)",43.648,6.93,Crépuscule ou aube,En agglomération,Hors intersection,Normale,Sans collision,,,,,,,,,,,2,2,1,1.0,7.0
201700005981,0017-12-13 15:00:00,17,12,13,15,0,60,69,"1, VICTOIRE DU HUIT MAI",43.65,6.944,Plein jour,En agglomération,Autre intersection,Normale,Deux véhicules - côté,,,,,,,,,,,1,2,9,1.0,3.0
201700005982,0017-12-17 13:45:00,17,12,17,13,45,60,69,"39, BAUDOIN (AVENUE YVES",43.65663,6.91652,Plein jour,En agglomération,Hors intersection,Normale,Autre collision,,,,,,,,,,,1,2,1,1.0,6.0
201700005983,0017-12-19 19:00:00,17,12,19,19,0,60,69,route de Plascassier,43.651,6.961,Nuit sans éclairage public,Hors agglomération,Hors intersection,Pluie légère,Autre collision,,,,,,,,,,,3,1,1,2.0,6.0
201700005984,0017-12-20 17:30:00,17,12,20,17,30,60,69,"31, MISTRAL (AVENUE ET P",43.64866,6.91905,Nuit avec éclairage allumé,En agglomération,Hors intersection,Normale,Autre collision,,,,,,,,,,,5,2,1,1.0,6.0
201700005985,0017-12-24 10:27:00,17,12,24,10,27,60,69,"30, SERVAN (AVENUE DU)",43.64315,6.97587,Plein jour,En agglomération,Hors intersection,Normale,Autre collision,,,,,,,,,,,1,2,1,1.0,6.0
201700005986,0017-12-27 11:15:00,17,12,27,11,15,60,69,"92, SEMARD - LA GARE (AV",43.65618,6.93016,Plein jour,En agglomération,Hors intersection,Normale,Autre collision,,,,,,,,,,,1,2,1,1.0,6.0
201700005987,0017-12-28 04:35:00,17,12,28,4,35,60,69,"11, CHARABOT (BOULEVARD",43.66231,6.92105,Nuit avec éclairage allumé,En agglomération,Hors intersection,Normale,Autre collision,,,,,,,,,,,5,2,1,1.0,6.0
201700005988,0017-01-12 12:20:00,17,1,12,12,20,60,83,"9, VICTORIA (Square)",43.779,7.50728,Plein jour,En agglomération,Hors intersection,Normale,Autre collision,,,,,,,,,,,1,2,1,1.0,6.0
201700005989,0017-01-15 16:25:00,17,1,15,16,25,60,83,"1, MADONE (AVENUE DE LA)",,,Plein jour,En agglomération,Intersection en T,Normale,Deux véhicules - côté,,,,,,,,,,,1,2,3,1.0,3.0
201700005990,0017-01-31 13:15:00,17,1,31,13,15,60,83,"1, REPUBLIQUE (RUE DE LA",43.77488,7.49981,Plein jour,En agglomération,Intersection en Y,Normale,Autre collision,,,,,,,,,,,1,2,4,1.0,6.0
201700005991,0017-02-11 01:00:00,17,2,11,1,0,60,83,"152, CAREI (VAL DU)",43.7948,7.49053,Nuit avec éclairage allumé,En agglomération,Giratoire,Normale,Autre collision,,,,,,,,,,,5,2,6,1.0,6.0
201700005992,0017-02-28 17:43:00,17,2,28,17,43,60,83,"218, CAREI (VAL DU)",,,Plein jour,En agglomération,Hors intersection,Normale,Deux véhicules - côté,,,,,,,,,,,1,2,1,1.0,3.0
201700005993,0017-03-03 09:14:00,17,3,3,9,14,60,83,"76, FRANCE (AVENUE PORTE",43.78444,7.51797,Plein jour,En agglomération,Hors intersection,Normale,Sans collision,,,,,,,,,,,1,2,1,1.0,7.0
201700005994,0017-03-09 18:25:00,17,3,9,18,25,60,104,"81, AZUR (AVENUE DE LA C",,,Crépuscule ou aube,En agglomération,Hors intersection,Normale,Deux véhicules - frontale,,,,,,,,,,,2,2,1,1.0,1.0
201700005995,0017-03-13 13:20:00,17,3,13,13,20,60,83,"848, SOLEIL (PROMENADE D",43.77087,7.49546,Plein jour,Hors agglomération,Hors intersection,Normale,Autre collision,,,,,,,,,,,1,1,1,1.0,6.0
201700005996,0017-03-19 10:25:00,17,3,19,10,25,60,83,"2, FAURE (AVENUE FELIX)",43.77336,7.49956,Plein jour,En agglomération,Intersection en X,Normale,Autre collision,,,,,,,,,,,1,2,2,1.0,6.0
201700005997,0017-03-21 18:10:00,17,3,21,18,10,60,83,OLIVERAIE (AVENUE DE L'),43.77653,7.48995,Plein jour,En agglomération,Hors intersection,Normale,Deux véhicules - frontale,,,,,,,,,,,1,2,1,1.0,1.0
201700005998,0017-03-27 13:59:00,17,3,27,13,59,60,83,"47, SOSPEL (AVENUE DE, N",43.77933,7.49364,Plein jour,En agglomération,Intersection en T,Normale,Deux véhicules - côté,,,,,,,,,,,1,2,3,1.0,3.0
201700005999,0017-03-27 19:36:00,17,3,27,19,36,60,83,"SOLEIL (PROMENADE DU, Nø",43.76735,7.48994,Plein jour,En agglomération,Hors intersection,Normale,Deux véhicules - arrière,,,,,,,,,,,1,2,1,1.0,2.0
201700006000,0017-03-30 09:30:00,17,3,30,9,30,60,83,BONAPARTE (QUAI),,,Plein jour,En agglomération,Giratoire,Normale,Autre collision,,,,,,,,,,,1,2,6,1.0,6.0
201700006001,0017-04-07 08:06:00,17,4,7,8,6,60,104,PROFONDEVILLE (AVENUE),43.76224,7.48156,Plein jour,En agglomération,Hors intersection,Normale,Autre collision,,,,,,,,,,,1,2,1,1.0,6.0
201700006002,0017-04-07 18:10:00,17,4,7,18,10,60,104,"63, CHURCHILL (AVENUE WI",43.7525,7.48708,Plein jour,En agglomération,Hors intersection,Normale,Deux véhicules - frontale,,,,,,,,,,,1,2,1,1.0,1.0
201700006003,0017-04-04 10:45:00,17,4,4,10,45,60,104,"485, TURBIE (ROUTE DE LA",43.76838,7.45109,Plein jour,Hors agglomération,Hors intersection,Normale,Deux véhicules - côté,,,,,,,,,,,1,1,1,1.0,3.0
201700006004,0017-04-12 22:00:00,17,4,12,22,0,60,104,PAIX (AVENUE DE LA),43.759,7.47752,Nuit avec éclairage allumé,En agglomération,Hors intersection,Normale,Sans collision,,,,,,,,,,,5,2,1,1.0,7.0
201700006005,0017-04-12 15:10:00,17,4,12,15,10,60,83,"7, CARNOT (AVENUE)",43.77123,7.49512,Plein jour,En agglomération,Intersection en T,Normale,Deux véhicules - côté,,,,,,,,,,,1,2,3,1.0,3.0
201700006006,0017-04-15 04:15:00,17,4,15,4,15,60,104,"91, AZUR (AVENUE DE LA C",43.7621,7.4626,Nuit avec éclairage allumé,En agglomération,Hors intersection,Normale,Deux véhicules - côté,,,,,,,,,,,5,2,1,1.0,3.0
201700006007,0017-04-19 15:39:00,17,4,19,15,39,60,104,GIOAN (ESPLANADE JEAN),43.76439,7.4869,Plein jour,En agglomération,Hors intersection,Normale,Autre collision,,,,,,,,,,,1,2,1,1.0,6.0
201700006008,0017-04-20 15:30:00,17,4,20,15,30,60,104,"1, GRACE (AVENUE PRINCES",43.75062,7.44017,Plein jour,En agglomération,Hors intersection,Normale,Autre collision,,,,,,,,,,,1,2,1,1.0,6.0
201700006009,0017-04-14 16:45:00,17,4,14,16,45,60,104,"1, TURBIE (ROUTE DE LA)",43.7685,7.4511,Plein jour,Hors agglomération,Hors intersection,Normale,Deux véhicules - frontale,,,,,,,,,,,1,1,1,1.0,1.0
201700006010,0017-04-15 13:10:00,17,4,15,13,10,60,104,"59, SCHUMANN (PROMENADE",43.76307,7.48545,Plein jour,En agglomération,Intersection en T,Normale,Deux véhicules - côté,,,,,,,,,,,1,2,3,1.0,3.0
201700006011,0017-04-26 15:33:00,17,4,26,15,33,60,12,"2, CENTRE (BRETELLE DU)",43.74098,7.41976,Plein jour,En agglomération,Hors intersection,Normale,Autre collision,,,,,,,,,,,1,2,1,1.0,6.0
201700006012,0017-05-05 21:45:00,17,5,5,21,45,60,83,MUNET (RUE DES SOEURS),43.77366,7.49175,Nuit avec éclairage allumé,En agglomération,Hors intersection,Pluie légère,Sans collision,,,,,,,,,,,5,2,1,2.0,7.0
201700006013,0017-05-03 07:55:00,17,5,3,7,55,60,104,"104, AZUR (AVENUE DE LA",43.76143,7.45413,Plein jour,En agglomération,Hors intersection,Normale,Deux véhicules - arrière,,,,,,,,,,,1,2,1,1.0,2.0
201700006014,0017-05-14 23:28:00,17,5,14,23,28,60,104,"86, AZUR (AVENUE DE LA C",43.7757,7.462,Nuit avec éclairage allumé,Hors agglomération,Hors intersection,Normale,Deux véhicules - frontale,,,,,,,,,,,5,1,1,1.0,1.0
201700006015,0017-05-16 19:05:00,17,5,16,19,5,60,83,"7, CARNOT (AVENUE)",43.77133,7.49538,Plein jour,En agglomération,Hors intersection,Normale,Deux véhicules - frontale,,,,,,,,,,,1,2,1,1.0,1.0
201700006016,0017-05-20 14:05:00,17,5,20,14,5,60,104,"2, MONLEON (AVENUE SYLVI",43.7548,7.4833,Plein jour,Hors agglomération,Hors intersection,Normale,Autre collision,,,,,,,,,,,1,1,1,1.0,6.0
201700006017,0017-05-28 18:45:00,17,5,28,18,45,60,104,MONLEON (AVENUE SYLVIO D,43.75316,7.48464,Plein jour,En agglomération,Hors intersection,Normale,Deux véhicules - frontale,,,,,,,,,,,1,2,1,1.0,1.0
201700006018,0017-05-23 19:17:00,17,5,23,19,17,60,104,"2, PRINCE RAINIER III (A",43.7543,7.4348,Plein jour,Hors agglomération,Hors intersection,Normale,Trois véhicules et plus - collisions multiples,,,,,,,,,,,1,1,1,1.0,5.0
201700006019,0017-05-26 17:31:00,17,5,26,17,31,60,104,CHEMINS (CARREFOUR DES 4,43.76033,7.45254,Plein jour,En agglomération,Giratoire,Normale,Deux véhicules - côté,,,,,,,,,,,1,2,6,1.0,3.0
201700006020,0017-06-10 13:18:00,17,6,10,13,18,60,83,"11, ASTRID (PROMENADE RE",43.78515,7.52665,Plein jour,Hors agglomération,Hors intersection,Normale,Trois véhicules et plus - collisions multiples,,,,,,,,,,,1,1,1,1.0,5.0
201700006021,0017-06-19 19:40:00,17,6,19,19,40,60,83,MONLEON (QUAI),43.77552,7.50851,Plein jour,En agglomération,Hors intersection,Normale,Autre collision,,,,,,,,,,,1,2,1,1.0,6.0
201700006022,0017-06-22 06:05:00,17,6,22,6,5,60,104,"20, MONLEON (AV. FRANCOI",43.76,7.48,Crépuscule ou aube,En agglomération,Giratoire,Normale,Deux véhicules - frontale,,,,,,,,,,,2,2,6,1.0,1.0
201700006023,0017-06-12 11:55:00,17,6,12,11,55,60,104,JEAN MOULIN (ROND POINT),43.76,7.48,Plein jour,En agglomération,Giratoire,Normale,Deux véhicules - côté,,,,,,,,,,,1,2,6,1.0,3.0
201700006024,0017-06-23 11:10:00,17,6,23,11,10,60,83,"4, GREVILLE (RUE HENRI)",43.77,7.49,Plein jour,En agglomération,Hors intersection,Normale,Deux véhicules - côté,,,,,,,,,,,1,2,1,1.0,3.0
201700006025,0017-06-25 17:45:00,17,6,25,17,45,60,83,"1780, SOLEIL (PROMENADE",43.77,7.508,Plein jour,En agglomération,Hors intersection,Normale,Deux véhicules - côté,,,,,,,,,,,1,2,1,1.0,3.0
201700006026,0017-07-05 07:30:00,17,7,5,7,30,60,83,"16, PARTOUNEAUX (RUE)",43.77,7.49,Plein jour,En agglomération,Intersection en T,Normale,Autre collision,,,,,,,,,,,1,2,3,1.0,6.0
201700006027,0017-07-05 09:20:00,17,7,5,9,20,60,12,PRINCE RAINIER III (AVEN,43.75263,7.4216,Plein jour,En agglomération,Intersection en Y,Normale,Deux véhicules - côté,,,,,,,,,,,1,2,4,1.0,3.0
201700006028,0017-07-06 20:05:00,17,7,6,20,5,60,104,MAUROIS (RUE ANDRE),43.76,7.45,Plein jour,Hors agglomération,Hors intersection,Normale,Autre collision,,,,,,,,,,,1,1,1,1.0,6.0
201700006029,0017-07-09 08:55:00,17,7,9,8,55,60,83,"17, REPUBLIQUE (RUE DE L",43.77566,7.50285,Plein jour,En agglomération,Intersection en X,Normale,Deux véhicules - côté,,,,,,,,,,,1,2,2,1.0,3.0
201700006030,0017-07-10 08:12:00,17,7,10,8,12,60,83,DELATTRE DE TASSIGNY (AL,43.78917,7.49276,Plein jour,En agglomération,Hors intersection,Normale,Autre collision,,,,,,,,,,,1,2,1,1.0,6.0
201700006031,0017-07-18 02:30:00,17,7,18,2,30,60,83,"5, VICTORIA (Square)",43.779,7.50703,Nuit avec éclairage allumé,En agglomération,Hors intersection,Normale,Deux véhicules - côté,,,,,,,,,,,5,2,1,1.0,3.0
201700006032,0017-07-18 07:22:00,17,7,18,7,22,60,12,"256, CORNICHE (GRANDE)",43.75236,7.41948,Plein jour,Hors agglomération,Hors intersection,Normale,Trois véhicules et plus - collisions multiples,,,,,,,,,,,1,1,1,1.0,5.0
201700006033,0017-07-19 18:30:00,17,7,19,18,30,60,83,"860, SOLEIL (PROMENADE D",43.77153,7.49667,Plein jour,En agglomération,Intersection en T,Normale,Deux véhicules - côté,,,,,,,,,,,1,2,3,1.0,3.0
201700006034,0017-07-01 10:20:00,17,7,1,10,20,60,83,"0,00, PONT DE L'UNION (R",43.766,7.48714,Plein jour,En agglomération,Giratoire,Normale,Deux véhicules - côté,,,,,,,,,,,1,2,6,1.0,3.0
201700006035,0017-07-31 17:15:00,17,7,31,17,15,60,83,"710, CIAPPES (ROUTES DES",43.77942,7.50055,Plein jour,En agglomération,Hors intersection,Normale,Sans collision,,,,,,,,,,,1,2,1,1.0,7.0
201700006036,0017-08-10 08:10:00,17,8,10,8,10,60,12,PRINCE RAINIER III (AVEN,43.7522,7.42644,Plein jour,En agglomération,Intersection en T,Normale,Deux véhicules - côté,,,,,,,,,,,1,2,3,1.0,3.0
201700006037,0017-08-15 06:35:00,17,8,15,6,35,60,12,"40, FOCH (AVENUE MARECHA",43.74318,7.42404,Crépuscule ou aube,En agglomération,Hors intersection,Normale,Autre collision,,,,,,,,,,,2,2,1,1.0,6.0
201700006038,0017-08-24 07:55:00,17,8,24,7,55,60,83,"11, PARTOUNEAUX (RUE)",43.77482,7.49662,Plein jour,En agglomération,Hors intersection,Normale,Autre collision,,,,,,,,,,,1,2,1,1.0,6.0
201700006039,0017-09-08 16:00:00,17,9,8,16,0,60,83,SOSPEL (ROUTE DE ),43.80587,7.48569,Plein jour,Hors agglomération,Autre intersection,Normale,Deux véhicules - côté,,,,,,,,,,,1,1,9,1.0,3.0
201700006040,0017-09-13 13:10:00,17,9,13,13,10,60,104,"75, PAIX (AVENUE DE LA)",43.75672,7.4791,Plein jour,En agglomération,Hors intersection,Normale,Deux véhicules - côté,,,,,,,,,,,1,2,1,1.0,3.0
201700006041,0017-09-17 11:50:00,17,9,17,11,50,60,104,JAURES (AVENUE JEAN),43.75727,7.44926,Plein jour,En agglomération,Hors intersection,Normale,Deux véhicules - côté,,,,,,,,,,,1,2,1,1.0,3.0
201700006042,0017-09-28 00:30:00,17,9,28,0,30,60,104,"43, VARAVILLA (AVENUE)",43.75434,7.44549,Nuit avec éclairage allumé,En agglomération,Hors intersection,Normale,Sans collision,,,,,,,,,,,5,2,1,1.0,7.0
201700006043,0017-09-26 12:45:00,17,9,26,12,45,60,104,"77, AZUR (AVENUE DE LA C",43.76159,7.4541,Plein jour,En agglomération,Hors intersection,Normale,Deux véhicules - côté,,,,,,,,,,,1,2,1,1.0,3.0
201700006044,0017-10-29 20:25:00,17,10,29,20,25,60,83,BONAPARTE (QUAI),43.77844,7.50733,Nuit avec éclairage allumé,En agglomération,Hors intersection,Normale,Autre collision,,,,,,,,,,,5,2,1,1.0,6.0
201700006045,0017-11-02 15:15:00,17,11,2,15,15,60,12,"3365, PRINCE RAINIER III",43.73665,7.41255,Plein jour,En agglomération,Intersection en Y,Normale,Deux véhicules - côté,,,,,,,,,,,1,2,4,1.0,3.0
201700006046,0017-10-30 19:05:00,17,10,30,19,5,60,83,"27, FRANCE (AVENUE PORTE",43.78239,7.51154,Nuit avec éclairage allumé,En agglomération,Hors intersection,Normale,Deux véhicules - côté,,,,,,,,,,,5,2,1,1.0,3.0
201700006047,0017-11-01 10:00:00,17,11,1,10,0,60,83,SOSPEL (ROUTE DE ),43.82076,7.48885,Plein jour,Hors agglomération,Hors intersection,Normale,Sans collision,,,,,,,,,,,1,1,1,1.0,7.0
201700006048,0017-11-19 12:00:00,17,11,19,12,0,60,104,"127, VERDUN (AVENUE DE,",43.76041,7.47078,Plein jour,En agglomération,Hors intersection,Normale,Autre collision,,,,,,,,,,,1,2,1,1.0,6.0
201700006049,0017-11-24 14:30:00,17,11,24,14,30,60,12,"55, CORNICHE (MOYENNE, N",43.74565,7.42549,Plein jour,En agglomération,Intersection en T,Normale,Deux véhicules - côté,,,,,,,,,,,1,2,3,1.0,3.0
201700006050,0017-12-06 08:35:00,17,12,6,8,35,60,104,AGERBOL (AVENUE D'),43.7564,7.43427,Plein jour,Hors agglomération,Intersection en T,Normale,Autre collision,,,,,,,,,,,1,1,3,1.0,6.0
201700006051,0017-12-15 16:25:00,17,12,15,16,25,60,12,"CORNICHE (MOYENNE, Nø 1",43.74561,7.42537,Plein jour,En agglomération,Hors intersection,Normale,Deux véhicules - côté,,,,,,,,,,,1,2,1,1.0,3.0
201700006052,0017-12-18 20:30:00,17,12,18,20,30,60,83,"28, OLIVERAIE (AVENUE DE",43.77746,7.48851,Nuit avec éclairage allumé,En agglomération,Hors intersection,Normale,Deux véhicules - frontale,,,,,,,,,,,5,2,1,1.0,1.0
201700006053,0017-12-25 21:19:00,17,12,25,21,19,60,83,"60, GORBIO (ROUTE DE)",,,Nuit avec éclairage allumé,En agglomération,Hors intersection,Pluie légère,Sans collision,,,,,,,,,,,5,2,1,2.0,7.0
201700006054,0017-01-01 22:30:00,17,1,1,22,30,60,88,"2, GROSSO (JUSQU'AU Nø 5",,,Nuit avec éclairage allumé,En agglomération,Hors intersection,Normale,Sans collision,,,,,,,,,,,5,2,1,1.0,7.0
201700006055,0017-01-02 16:35:00,17,1,2,16,35,60,88,"1, VERDI (R.)",,,Plein jour,En agglomération,Hors intersection,Normale,Autre collision,,,,,,,,,,,1,2,1,1.0,6.0
201700006056,0017-01-06 15:00:00,17,1,6,15,0,60,88,"131, SAINT-LAMBERT (AV.)",,,Plein jour,Hors agglomération,Hors intersection,Normale,Autre collision,,,,,,,,,,,1,1,1,1.0,6.0
201700006057,0017-01-06 17:30:00,17,1,6,17,30,60,88,"1, BARLA (TRAV.)",,,Nuit avec éclairage allumé,En agglomération,Hors intersection,Normale,Autre collision,,,,,,,,,,,5,2,1,1.0,6.0
201700006058,0017-01-08 11:39:00,17,1,8,11,39,60,88,"1, RIPERT (EMILE)",,,Plein jour,Hors agglomération,Hors intersection,Normale,Deux véhicules - côté,,,,,,,,,,,1,1,1,1.0,3.0
201700006059,0017-01-09 21:42:00,17,1,9,21,42,60,88,"0, VEROLA (AV. AUGUSTE)",,,Nuit avec éclairage allumé,En agglomération,Giratoire,Normale,Deux véhicules - côté,,,,,,,,,,,5,2,6,1.0,3.0
201700006060,0017-01-12 07:30:00,17,1,12,7,30,60,88,"112, SAINT-LAMBERT (AV.)",,,Crépuscule ou aube,En agglomération,Intersection en X,Normale,Autre collision,,,,,,,,,,,2,2,2,1.0,6.0
201700006061,0017-01-13 08:55:00,17,1,13,8,55,60,88,POMPIDOU (BD GEORGES),,,Plein jour,En agglomération,Hors intersection,Normale,Deux véhicules - arrière,,,,,,,,,,,1,2,1,1.0,2.0
201700006062,0017-01-14 11:35:00,17,1,14,11,35,60,88,"0, GRENOBLE (ROUTE DE)",,,Plein jour,Hors agglomération,Hors intersection,Normale,Trois véhicules et plus - en chaîne,,,,,,,,,,,1,1,1,1.0,4.0
201700006063,0017-01-16 11:15:00,17,1,16,11,15,60,88,BRAILLE (55 BD LOUIS),43.72276,7.2921,Plein jour,En agglomération,Intersection en T,Normale,Deux véhicules - arrière,,,,,,,,,,,1,2,3,1.0,2.0
201700006064,0017-01-16 15:20:00,17,1,16,15,20,60,88,"0, SAINT-AUGUSTIN (AV. D",,,Plein jour,En agglomération,Hors intersection,Normale,Deux véhicules - côté,,,,,,,,,,,1,2,1,1.0,3.0
201700006065,0017-01-17 13:20:00,17,1,17,13,20,60,88,"53, RAYNAUD (BD AUGUSTE)",,,Plein jour,En agglomération,Hors intersection,Normale,Deux véhicules - arrière,,,,,,,,,,,1,2,1,1.0,2.0
201700006066,0017-01-17 20:12:00,17,1,17,20,12,60,88,PARMENTIER (R. ET IMP.),,,Nuit avec éclairage allumé,En agglomération,Hors intersection,Normale,Autre collision,,,,,,,,,,,5,2,1,1.0,6.0
201700006067,0017-01-18 08:15:00,17,1,18,8,15,60,88,"362, OBSERVATOIRE (R. PR",,,Plein jour,En agglomération,Hors intersection,Normale,Autre collision,,,,,,,,,,,1,2,1,1.0,6.0
201700006068,0017-01-20 11:20:00,17,1,20,11,20,60,88,"98, SLAMA (RUE MAURICE)",,,Plein jour,En agglomération,Intersection en T,Normale,Deux véhicules - frontale,,,,,,,,,,,1,2,3,1.0,1.0
201700006069,0017-01-20 14:40:00,17,1,20,14,40,60,88,"153, TURIN (RTE DE)",,,Plein jour,Hors agglomération,Hors intersection,Normale,Deux véhicules - arrière,,,,,,,,,,,1,1,1,1.0,2.0
201700006070,0017-01-20 19:10:00,17,1,20,19,10,60,88,"0, GRINDA (AV. EDOUARD)",,,Nuit avec éclairage allumé,En agglomération,Hors intersection,Normale,Deux véhicules - côté,,,,,,,,,,,5,2,1,1.0,3.0
201700006071,0017-01-22 14:30:00,17,1,22,14,30,60,88,"6, BLANCON (RUE PIERRE)",43.70513,7.28781,Plein jour,En agglomération,Intersection en X,Normale,Deux véhicules - côté,,,,,,,,,,,1,2,2,1.0,3.0
201700006072,0017-01-22 19:00:00,17,1,22,19,0,60,88,"346, ANGLAIS (A PARTIR D",,,Nuit avec éclairage allumé,En agglomération,Hors intersection,Temps couvert,Deux véhicules - arrière,,,,,,,,,,,5,2,1,8.0,2.0
201700006073,0017-01-23 08:00:00,17,1,23,8,0,60,88,", LEPANTE (R. DE)",,,Plein jour,En agglomération,Intersection en T,Normale,Trois véhicules et plus - collisions multiples,,,,,,,,,,,1,2,3,1.0,5.0
201700006074,0017-01-23 23:34:00,17,1,23,23,34,60,88,"0, GUISOL (R. FRANCOIS)",43.70061,7.28424,Nuit avec éclairage allumé,En agglomération,Intersection en X,Normale,Deux véhicules - côté,,,,,,,,,,,5,2,2,1.0,3.0
201700006075,0017-01-24 12:35:00,17,1,24,12,35,60,88,"67, GORBELLA (BD DE)",,,Plein jour,En agglomération,Hors intersection,Normale,Deux véhicules - arrière,,,,,,,,,,,1,2,1,1.0,2.0
201700006076,0017-01-25 18:15:00,17,1,25,18,15,60,88,"77, VALROSE (AV. )",,,Crépuscule ou aube,En agglomération,Hors intersection,Normale,Autre collision,,,,,,,,,,,2,2,1,1.0,6.0
201700006077,0017-01-26 12:55:00,17,1,26,12,55,60,88,"105, ANGLAIS (DU Nø 45 A",,,Plein jour,En agglomération,Hors intersection,Normale,Deux véhicules - arrière,,,,,,,,,,,1,2,1,1.0,2.0
201700006078,0017-01-27 03:40:00,17,1,27,3,40,60,88,"390, MADELEINE (BD DE LA",,,Nuit avec éclairage allumé,En agglomération,Hors intersection,Normale,Autre collision,,,,,,,,,,,5,2,1,1.0,6.0
201700006079,0017-01-26 19:20:00,17,1,26,19,20,60,159,ALBERT 1ER (AVENUE),,,Nuit avec éclairage allumé,En agglomération,Hors intersection,Normale,Deux véhicules - frontale,,,,,,,,,,,5,2,1,1.0,1.0
201700006080,0017-01-27 07:50:00,17,1,27,7,50,60,88,"492, GRENOBLE (ROUTE DE)",43.71265,7.18738,Crépuscule ou aube,En agglomération,Hors intersection,Normale,Deux véhicules - arrière,,,,,,,,,,,2,2,1,1.0,2.0
201700006081,0017-01-27 09:00:00,17,1,27,9,0,60,88,"0, NAPOLEON III (BD)",,,Plein jour,En agglomération,Intersection en X,Normale,Deux véhicules - côté,,,,,,,,,,,1,2,2,1.0,3.0
201700006082,0017-01-27 11:45:00,17,1,27,11,45,60,88,"140, CESSOLE (BD DE) (A",43.72191,7.25091,Plein jour,En agglomération,Hors intersection,Normale,Autre collision,,,,,,,,,,,1,2,1,1.0,6.0
201700006083,0017-01-28 10:20:00,17,1,28,10,20,60,88,"53, CESSOLE (BD DE) (JUS",,,Plein jour,En agglomération,Hors intersection,Normale,Autre collision,,,,,,,,,,,1,2,1,1.0,6.0
201700006084,0017-01-29 18:10:00,17,1,29,18,10,60,88,"2, RAY (AV. DU)",,,Nuit avec éclairage allumé,En agglomération,Intersection en T,Normale,Trois véhicules et plus - collisions multiples,,,,,,,,,,,5,2,3,1.0,5.0
201700006085,0017-01-30 15:30:00,17,1,30,15,30,60,88,"43, CHATEAUNEUF (RUE)",,,Plein jour,Hors agglomération,Hors intersection,Normale,Autre collision,,,,,,,,,,,1,1,1,1.0,6.0
201700006086,0017-01-31 06:30:00,17,1,31,6,30,60,88,CESSOLE (BD DE) (JUSQU'A,,,Nuit avec éclairage allumé,En agglomération,Hors intersection,Normale,Deux véhicules - côté,,,,,,,,,,,5,2,1,1.0,3.0
201700006087,0017-01-31 07:35:00,17,1,31,7,35,60,88,"0, DESAMBROIS (AV.)",,,Plein jour,En agglomération,Hors intersection,Normale,Deux véhicules - côté,,,,,,,,,,,1,2,1,1.0,3.0
201700006088,0017-01-31 17:20:00,17,1,31,17,20,60,88,"48, VERANY (BD J.B.)",,,Plein jour,En agglomération,Intersection en X,Normale,Deux véhicules - côté,,,,,,,,,,,1,2,2,1.0,3.0