accident_id,datetime,annee,mois,jour,heure,minute,departement,commune_insee,adresse,latitude,longitude,luminosite,agglomeration,intersection,meteo,collision,nb_vehicules,nb_usagers,nb_indemnes,nb_tues,nb_blesses_hosp,nb_blesses_legers,age_cond_1,age_cond_2,veh_type_cond_1,veh_type_cond_2,lum_code,agg_code,int_code,atm_code,col_code
201700006211,0017-05-17 10:40:00,17,5,17,10,40,60,88,"0, QUINZIEME CORPS (AV.",43.7068,7.28043,Plein jour,Hors agglomération,Intersection en Y,Normale,Deux véhicules - côté,,,,,,,,,,,1,1,4,1.0,3.0
201700006212,0017-05-18 09:50:00,17,5,18,9,50,60,88,"0, MAICON (R. AUGUSTE)",43.66607,7.20834,Plein jour,En agglomération,Giratoire,Normale,Autre collision,,,,,,,,,,,1,2,6,1.0,6.0
201700006213,0017-05-20 22:21:00,17,5,20,22,21,60,88,"9, PASTORELLI (R.)",43.70219,7.27353,Nuit avec éclairage allumé,En agglomération,Hors intersection,Normale,Autre collision,,,,,,,,,,,5,2,1,1.0,6.0
201700006214,0017-05-22 08:00:00,17,5,22,8,0,60,88,RAIBERTI (R.),43.71077,7.26409,Plein jour,En agglomération,Hors intersection,Normale,Deux véhicules - frontale,,,,,,,,,,,1,2,1,1.0,1.0
201700006215,0017-05-23 04:30:00,17,5,23,4,30,60,88,"0, MERCANTOUR (BD)",43.75217,7.19316,Nuit avec éclairage allumé,En agglomération,Hors intersection,Normale,Autre collision,,,,,,,,,,,5,2,1,1.0,6.0
201700006216,0017-05-23 11:20:00,17,5,23,11,20,60,88,"0, CONQUE (CH. DE LA)",43.70505,7.24084,Plein jour,En agglomération,Hors intersection,Normale,Deux véhicules - arrière,,,,,,,,,,,1,2,1,1.0,2.0
201700006217,0017-05-23 21:15:00,17,5,23,21,15,60,88,"80, GRENOBLE (ROUTE DE)",43.67097,7.2075,Crépuscule ou aube,En agglomération,Hors intersection,Normale,Deux véhicules - frontale,,,,,,,,,,,2,2,1,1.0,1.0
201700006218,0017-05-25 00:01:00,17,5,25,0,1,60,88,"0, ANGLAIS (DU Nø 45 AU",43.6908,7.24584,Nuit avec éclairage allumé,En agglomération,Intersection en T,Normale,Deux véhicules - côté,,,,,,,,,,,5,2,3,1.0,3.0
201700006219,0017-05-26 12:15:00,17,5,26,12,15,60,88,"17, NOTRE-DAME (AV.)",43.70411,7.26841,Plein jour,En agglomération,Intersection en X,Normale,Autre collision,,,,,,,,,,,1,2,2,1.0,6.0
201700006220,0017-05-26 17:50:00,17,5,26,17,50,60,88,"35, GAMBETTA (JUSQU'AU N",43.69758,7.25618,Plein jour,En agglomération,Hors intersection,Normale,Deux véhicules - côté,,,,,,,,,,,1,2,1,1.0,3.0
201700006221,0017-05-26 23:29:00,17,5,26,23,29,60,88,"37, ANGLAIS (DU Nø 1 AU",43.69417,7.25769,Nuit avec éclairage allumé,En agglomération,Hors intersection,Normale,Deux véhicules - côté,,,,,,,,,,,5,2,1,1.0,3.0
201700006222,0017-05-27 20:30:00,17,5,27,20,30,60,159,"0, PRINCESSE GRACE DE MO",43.69724,7.3047,Crépuscule ou aube,En agglomération,Hors intersection,Normale,Deux véhicules - frontale,,,,,,,,,,,2,2,1,1.0,1.0
201700006223,0017-05-29 14:45:00,17,5,29,14,45,60,88,"4, FONTAINE DE LA VILLE",43.70077,7.2882,Plein jour,En agglomération,Hors intersection,Normale,Autre collision,,,,,,,,,,,1,2,1,1.0,6.0
201700006224,0017-05-30 13:20:00,17,5,30,13,20,60,88,PAULIANI (AV.),43.70419,7.27925,Plein jour,En agglomération,Hors intersection,Normale,Deux véhicules - côté,,,,,,,,,,,1,2,1,1.0,3.0
201700006225,0017-05-31 10:20:00,17,5,31,10,20,60,159,CORNE D OR (BOULEVARD DE,43.70986,7.31116,Plein jour,En agglomération,Hors intersection,Normale,Autre collision,,,,,,,,,,,1,2,1,1.0,6.0
201700006226,0017-05-31 12:30:00,17,5,31,12,30,60,88,"72, BAREL (BD VIRGILE)",43.71469,7.29287,Plein jour,En agglomération,Autre intersection,Normale,Autre collision,,,,,,,,,,,1,2,9,1.0,6.0
201700006227,0017-05-31 15:30:00,17,5,31,15,30,60,88,MAETERLINCK (BD M.),43.68821,7.29562,Plein jour,En agglomération,Hors intersection,Normale,Deux véhicules - côté,,,,,,,,,,,1,2,1,1.0,3.0
201700006228,0017-05-31 17:45:00,17,5,31,17,45,60,88,"63, rue Paul MONTEL",43.67782,7.20514,Plein jour,En agglomération,Hors intersection,Normale,Deux véhicules - côté,,,,,,,,,,,1,2,1,1.0,3.0
201700006229,0017-06-01 09:00:00,17,6,1,9,0,60,88,"0, DE GAULLE (PLACE GENE",43.71012,7.26233,Plein jour,En agglomération,Hors intersection,Normale,Autre collision,,,,,,,,,,,1,2,1,1.0,6.0
201700006230,0017-06-02 18:00:00,17,6,2,18,0,60,88,", GRENOUILLERES (AV. DES",43.66931,7.22005,Plein jour,Hors agglomération,Hors intersection,Normale,Autre collision,,,,,,,,,,,1,1,1,1.0,6.0
201700006231,0017-06-04 07:00:00,17,6,4,7,0,60,88,"02, BELLET (AV. DE)",43.69337,7.24344,Plein jour,En agglomération,Hors intersection,Normale,Autre collision,,,,,,,,,,,1,2,1,1.0,6.0
201700006232,0017-06-04 17:45:00,17,6,4,17,45,60,88,"0, COMBOUL (AV. RAYMOND)",43.71122,7.2655,Plein jour,En agglomération,Hors intersection,Normale,Deux véhicules - côté,,,,,,,,,,,1,2,1,1.0,3.0
201700006233,0017-06-07 01:19:00,17,6,7,1,19,60,88,MADELEINE (BD DE LA),43.7063,7.23248,Nuit avec éclairage allumé,En agglomération,Hors intersection,Normale,Deux véhicules - côté,,,,,,,,,,,5,2,1,1.0,3.0
201700006234,0017-06-07 07:20:00,17,6,7,7,20,60,88,"44, MATISSE (AV. HENRI)",43.67546,7.21238,Plein jour,En agglomération,Hors intersection,Normale,Deux véhicules - frontale,,,,,,,,,,,1,2,1,1.0,1.0
201700006235,0017-06-07 10:20:00,17,6,7,10,20,60,159,CONDAMINE (CHEMIN DE LA),43.71448,7.33182,Plein jour,Hors agglomération,Intersection en Y,Normale,Deux véhicules - côté,,,,,,,,,,,1,1,4,1.0,3.0
201700006236,0017-06-07 15:10:00,17,6,7,15,10,60,88,STE MARGUERITE (AV.) A P,43.69676,7.19946,Plein jour,En agglomération,Hors intersection,Normale,Deux véhicules - côté,,,,,,,,,,,1,2,1,1.0,3.0
201700006237,0017-06-07 19:00:00,17,6,7,19,0,60,88,"67, VEIL (AV. SIMONE)",43.7011,7.19721,Plein jour,En agglomération,Hors intersection,Normale,Deux véhicules - côté,,,,,,,,,,,1,2,1,1.0,3.0
201700006238,0017-06-08 10:30:00,17,6,8,10,30,60,88,"0, CESSOLE (BD DE) (A PA",43.7133,7.25502,Plein jour,En agglomération,Hors intersection,Normale,Deux véhicules - côté,,,,,,,,,,,1,2,1,1.0,3.0
201700006239,0017-06-09 08:45:00,17,6,9,8,45,60,88,"0, COTY (PONT RENE)",43.72309,7.288,Plein jour,En agglomération,Hors intersection,Normale,Autre collision,,,,,,,,,,,1,2,1,1.0,6.0
201700006240,0017-06-09 12:20:00,17,6,9,12,20,60,88,"243, ANGLAIS (DU Nø 114",43.68307,7.23786,Plein jour,En agglomération,Hors intersection,Normale,Deux véhicules - arrière,,,,,,,,,,,1,2,1,1.0,2.0
201700006241,0017-06-09 16:35:00,17,6,9,16,35,60,88,"142, GAMBETTA (A PARTIR",43.70939,7.25601,Plein jour,En agglomération,Hors intersection,Normale,Deux véhicules - frontale,,,,,,,,,,,1,2,1,1.0,1.0
201700006242,0017-06-10 17:00:00,17,6,10,17,0,60,88,ANGLAIS PLAGE (DU 265 AU,43.67679,7.22872,Plein jour,En agglomération,Hors intersection,Normale,Deux véhicules - côté,,,,,,,,,,,1,2,1,1.0,3.0
201700006243,0017-06-12 08:20:00,17,6,12,8,20,60,88,"0, NAPOLEON III (PONT)",43.66397,7.199,Plein jour,En agglomération,Hors intersection,Normale,Deux véhicules - côté,,,,,,,,,,,1,2,1,1.0,3.0
201700006244,0017-06-12 16:00:00,17,6,12,16,0,60,88,"20, LIEGEARD (AV. STEPHE",43.72053,7.2528,Plein jour,En agglomération,Hors intersection,Normale,Autre collision,,,,,,,,,,,1,2,1,1.0,6.0
201700006245,0017-06-13 20:00:00,17,6,13,20,0,60,159,"0, BELLAVISTA (AVENUE)",43.71323,7.32838,Plein jour,Hors agglomération,Hors intersection,Normale,Deux véhicules - frontale,,,,,,,,,,,1,1,1,1.0,1.0
201700006246,0017-06-14 08:45:00,17,6,14,8,45,60,88,"11, DUBOUCHAGE (BD)",43.70288,7.27274,Plein jour,En agglomération,Intersection en T,Normale,Deux véhicules - côté,,,,,,,,,,,1,2,3,1.0,3.0
201700006247,0017-06-14 13:00:00,17,6,14,13,0,60,88,ANGLAIS (DU N  1 AU N  4,43.69498,7.26385,Plein jour,En agglomération,Hors intersection,Normale,Deux véhicules - frontale,,,,,,,,,,,1,2,1,1.0,1.0
201700006248,0017-06-15 12:05:00,17,6,15,12,5,60,88,"0, CIMIEZ (BD) A PARTIR",43.72622,7.2721,Plein jour,En agglomération,Hors intersection,Normale,Deux véhicules - côté,,,,,,,,,,,1,2,1,1.0,3.0
201700006249,0017-06-15 13:45:00,17,6,15,13,45,60,88,"0, RAY (AV. DU)",43.72529,7.25649,Plein jour,En agglomération,Hors intersection,Normale,Autre collision,,,,,,,,,,,1,2,1,1.0,6.0
201700006250,0017-06-15 19:30:00,17,6,15,19,30,60,88,"0, ILE-DE-BEAUTE (PL. DE",43.69852,7.28454,Plein jour,En agglomération,Hors intersection,Normale,Autre collision,,,,,,,,,,,1,2,1,1.0,6.0
201700006251,0017-06-16 14:30:00,17,6,16,14,30,60,88,"150, ST LAMBERT A PARTIR",43.71852,7.26309,Plein jour,En agglomération,Hors intersection,Normale,Deux véhicules - frontale,,,,,,,,,,,1,2,1,1.0,1.0
201700006252,0017-06-16 22:05:00,17,6,16,22,5,60,88,"15, RAYBAUD JOSEPH",43.72329,7.28728,Nuit avec éclairage allumé,En agglomération,Intersection en T,Normale,Autre collision,,,,,,,,,,,5,2,3,1.0,6.0
201700006253,0017-06-17 01:55:00,17,6,17,1,55,60,88,"0, ETATS UNIS (QUAI DES)",43.69508,7.26948,Nuit avec éclairage allumé,En agglomération,Hors intersection,Normale,Autre collision,,,,,,,,,,,5,2,1,1.0,6.0
201700006254,0017-06-19 12:57:00,17,6,19,12,57,60,88,"18, VERNIER (R.)",43.70724,7.26057,Plein jour,En agglomération,Intersection en X,Normale,Deux véhicules - côté,,,,,,,,,,,1,2,2,1.0,3.0
201700006255,0017-06-20 05:30:00,17,6,20,5,30,60,88,"0, TURIN (RTE DE)",43.7116,7.2845,Crépuscule ou aube,En agglomération,Hors intersection,Normale,Autre collision,,,,,,,,,,,2,2,1,1.0,6.0
201700006256,0017-06-20 06:40:00,17,6,20,6,40,60,88,"0, REPUBLIQUE (AV. DE LA",43.7059,7.28301,Crépuscule ou aube,En agglomération,Intersection en X,Normale,Trois véhicules et plus - collisions multiples,,,,,,,,,,,2,2,2,1.0,5.0
201700006257,0017-06-21 16:15:00,17,6,21,16,15,60,88,"0, PHOCEENS (AV. DES)",43.69603,7.26558,Plein jour,En agglomération,Place,Temps couvert,Autre collision,,,,,,,,,,,1,2,7,8.0,6.0
201700006258,0017-06-21 19:50:00,17,6,21,19,50,60,88,"32, GAIRAUT (VIEUX CH.)",43.72754,7.2615,Plein jour,En agglomération,Hors intersection,Normale,Deux véhicules - côté,,,,,,,,,,,1,2,1,1.0,3.0
201700006259,0017-06-23 07:44:00,17,6,23,7,44,60,159,"0, ALBERT 1ER (AVENUE)",43.70793,7.31272,Plein jour,En agglomération,Intersection en T,Normale,Deux véhicules - côté,,,,,,,,,,,1,2,3,1.0,3.0
201700006260,0017-06-23 13:20:00,17,6,23,13,20,60,88,"11, DIGUE DES FRANCAIS (",43.6639,7.20051,Plein jour,En agglomération,Hors intersection,Normale,Autre collision,,,,,,,,,,,1,2,1,1.0,6.0
201700006261,0017-06-24 09:40:00,17,6,24,9,40,60,88,"21, ROASSAL (R. CLEMENT)",43.70812,7.26072,Plein jour,En agglomération,Intersection en T,Normale,Autre collision,,,,,,,,,,,1,2,3,1.0,6.0
201700006262,0017-06-25 17:45:00,17,6,25,17,45,60,88,CASSIN (BD RENE),43.66779,7.20922,Plein jour,En agglomération,Hors intersection,Normale,Deux véhicules - arrière,,,,,,,,,,,1,2,1,1.0,2.0
201700006263,0017-06-26 13:00:00,17,6,26,13,0,60,88,"0, SAINT-PHILIPPE (R.)",,,Plein jour,En agglomération,Intersection en X,Normale,Deux véhicules - côté,,,,,,,,,,,1,2,2,1.0,3.0
201700006264,0017-06-27 22:39:00,17,6,27,22,39,60,88,"155, ANGLAIS (DU Nø 114",43.68869,7.24145,Nuit avec éclairage allumé,En agglomération,Hors intersection,Normale,Autre collision,,,,,,,,,,,5,2,1,1.0,6.0
201700006265,0017-06-30 17:30:00,17,6,30,17,30,60,159,"0, LIBERATION (CARREFOUR",43.70262,7.3086,Plein jour,En agglomération,Hors intersection,Normale,Deux véhicules - côté,,,,,,,,,,,1,2,1,1.0,3.0
201700006266,0017-07-01 10:10:00,17,7,1,10,10,60,88,"0, BINET (RUE ALFRED)",43.70816,7.2598,Plein jour,En agglomération,Intersection en X,Normale,Deux véhicules - côté,,,,,,,,,,,1,2,2,1.0,3.0
201700006267,0017-07-01 12:05:00,17,7,1,12,5,60,88,"09, ANGLAIS (DU N? 1 AU",43.67612,7.23206,Plein jour,En agglomération,Hors intersection,Normale,Autre collision,,,,,,,,,,,1,2,1,1.0,6.0
201700006268,0017-07-01 19:30:00,17,7,1,19,30,60,88,"25, VAUBAN (R. MARECHAL)",43.71145,7.28793,Plein jour,En agglomération,Hors intersection,Normale,Autre collision,,,,,,,,,,,1,2,1,1.0,6.0
201700006269,0017-07-01 22:00:00,17,7,1,22,0,60,159,"25, BELLAVISTA (AVENUE)",43.70989,7.3181,Nuit avec éclairage allumé,En agglomération,Intersection en T,Normale,Deux véhicules - frontale,,,,,,,,,,,5,2,3,1.0,1.0
201700006270,0017-07-03 18:30:00,17,7,3,18,30,60,88,BESSET (AV.) (JUSQU'AU N,,,Plein jour,En agglomération,Hors intersection,Normale,Autre collision,,,,,,,,,,,1,2,1,1.0,6.0
201700006271,0017-07-03 19:10:00,17,7,3,19,10,60,88,"0, ECOLES (RUE DES)",43.7382,7.30707,Plein jour,En agglomération,Hors intersection,Normale,Deux véhicules - côté,,,,,,,,,,,1,2,1,1.0,3.0
201700006272,0017-07-05 08:30:00,17,7,5,8,30,60,88,"343, OBSERVATOIRE (R. PR",43.73633,7.29829,Plein jour,En agglomération,Hors intersection,Normale,Deux véhicules - côté,,,,,,,,,,,1,2,1,1.0,3.0
201700006273,0017-07-05 09:30:00,17,7,5,9,30,60,88,"55, BONAPARTE (RUE)",47.70045,7.28654,Plein jour,En agglomération,Hors intersection,Normale,Deux véhicules - côté,,,,,,,,,,,1,2,1,1.0,3.0
201700006274,0017-07-05 11:45:00,17,7,5,11,45,60,88,"30, VOIE ROMAINE (AV. DE",43.72466,7.28029,Plein jour,En agglomération,Hors intersection,Normale,Trois véhicules et plus - collisions multiples,,,,,,,,,,,1,2,1,1.0,5.0
201700006275,0017-07-05 04:15:00,17,7,5,4,15,60,159,"73, CORNE D OR (BOULEVAR",43.71021,7.31504,Nuit avec éclairage allumé,En agglomération,Hors intersection,Normale,Deux véhicules - frontale,,,,,,,,,,,5,2,1,1.0,1.0
201700006276,0017-07-06 01:00:00,17,7,6,1,0,60,88,MERCANTOUR (BD),43.67689,7.20121,Nuit avec éclairage allumé,En agglomération,Hors intersection,Normale,Deux véhicules - frontale,,,,,,,,,,,5,2,1,1.0,1.0
201700006277,0017-07-06 05:45:00,17,7,6,5,45,60,88,GEROME (PL. CDT),43.72539,7.2752,Crépuscule ou aube,En agglomération,Hors intersection,Normale,Autre collision,,,,,,,,,,,2,2,1,1.0,6.0
201700006278,0017-07-06 15:00:00,17,7,6,15,0,60,88,"0, VOIE RAPIDE",43.6979,7.2485,Plein jour,En agglomération,Hors intersection,Normale,Trois véhicules et plus - collisions multiples,,,,,,,,,,,1,2,1,1.0,5.0
201700006279,0017-07-06 16:25:00,17,7,6,16,25,60,88,CASSIN (BD RENE),43.66595,7.20448,Plein jour,En agglomération,Hors intersection,Normale,Deux véhicules - côté,,,,,,,,,,,1,2,1,1.0,3.0
201700006280,0017-07-06 16:30:00,17,7,6,16,30,60,88,"115, SAINT-PIERRE DE FER",43.71133,7.24559,Plein jour,En agglomération,Hors intersection,Normale,Deux véhicules - frontale,,,,,,,,,,,1,2,1,1.0,1.0
201700006281,0017-07-06 19:20:00,17,7,6,19,20,60,88,VEIL (AV. SIMONE),43.6974,7.19649,Plein jour,En agglomération,Intersection en X,Normale,Deux véhicules - côté,,,,,,,,,,,1,2,2,1.0,3.0
201700006282,0017-07-06 21:48:00,17,7,6,21,48,60,88,"0, VAUBAN (R. MARECHAL)",43.71183,7.29001,Nuit avec éclairage allumé,En agglomération,Intersection en X,Normale,Deux véhicules - côté,,,,,,,,,,,5,2,2,1.0,3.0
201700006283,0017-07-09 00:01:00,17,7,9,0,1,60,88,"0, GRACE DE MONACO (BD P",43.69245,7.30704,Nuit avec éclairage allumé,Hors agglomération,Hors intersection,Normale,Deux véhicules - côté,,,,,,,,,,,5,1,1,1.0,3.0
201700006284,0017-07-10 18:00:00,17,7,10,18,0,60,88,"165, NAPOLEON III (BD)",43.6775,7.21932,Plein jour,En agglomération,Hors intersection,Normale,Autre collision,,,,,,,,,,,1,2,1,1.0,6.0
201700006285,0017-07-11 11:15:00,17,7,11,11,15,60,88,"11, MAHONIAS (R. DES)",43.67561,7.20365,Plein jour,En agglomération,Hors intersection,Normale,Autre collision,,,,,,,,,,,1,2,1,1.0,6.0
201700006286,0017-07-11 17:50:00,17,7,11,17,50,60,88,MERCANTOUR (BD),43.67681,7.20138,Plein jour,En agglomération,Intersection en X,Normale,Deux véhicules - côté,,,,,,,,,,,1,2,2,1.0,3.0
201700006287,0017-07-12 07:10:00,17,7,12,7,10,60,88,"39, CIMIEZ (BD) A PARTIR",47.71431,7.27171,Plein jour,En agglomération,Hors intersection,Normale,Deux véhicules - côté,,,,,,,,,,,1,2,1,1.0,3.0
201700006288,0017-07-12 19:00:00,17,7,12,19,0,60,88,0  MERCANTOUR  (BD),43.67688,7.20147,Plein jour,En agglomération,Intersection en X,Normale,Deux véhicules - côté,,,,,,,,,,,1,2,2,1.0,3.0
201700006289,0017-07-12 19:50:00,17,7,12,19,50,60,88,"0, BEAUMONT (RUE)",43.70466,7.28266,Plein jour,En agglomération,Hors intersection,Normale,Autre collision,,,,,,,,,,,1,2,1,1.0,6.0
201700006290,0017-07-13 09:15:00,17,7,13,9,15,60,88,"54, RIQUIER (BD DE)",43.70512,7.29091,Plein jour,En agglomération,Intersection en X,Temps éblouissant,Deux véhicules - côté,,,,,,,,,,,1,2,2,7.0,3.0
201700006291,0017-07-13 09:05:00,17,7,13,9,5,60,88,TZAREWITCH (BD DU),43.70276,7.25154,Plein jour,En agglomération,Intersection en X,Normale,Deux véhicules - côté,,,,,,,,,,,1,2,2,1.0,3.0
201700006292,0017-07-13 18:10:00,17,7,13,18,10,60,88,"85, QUAI DES ETATS UNIS",43.69536,7.2733,Plein jour,En agglomération,Hors intersection,Normale,Autre collision,,,,,,,,,,,1,2,1,1.0,6.0
201700006293,0017-07-15 19:50:00,17,7,15,19,50,60,88,"43, DIABLES BLEUS (AV. D",43.70834,7.29255,Plein jour,En agglomération,Hors intersection,Temps éblouissant,Autre collision,,,,,,,,,,,1,2,1,7.0,6.0
201700006294,0017-07-16 05:30:00,17,7,16,5,30,60,88,GARIGLIANO (PONTS),43.73162,7.28634,Crépuscule ou aube,En agglomération,Hors intersection,Normale,Sans collision,,,,,,,,,,,2,2,1,1.0,7.0
201700006295,0017-07-16 23:20:00,17,7,16,23,20,60,88,"0, GRENOBLE (ROUTE DE)",43.6,7.2,Nuit avec éclairage allumé,En agglomération,Hors intersection,Normale,Deux véhicules - arrière,,,,,,,,,,,5,2,1,1.0,2.0
201700006296,0017-07-17 00:20:00,17,7,17,0,20,60,88,"0, LEPANTE (R. DE)",43.70532,7.26921,Nuit avec éclairage allumé,En agglomération,Intersection en X,Normale,Deux véhicules - côté,,,,,,,,,,,5,2,2,1.0,3.0
201700006297,0017-07-18 08:35:00,17,7,18,8,35,60,88,DIGUE DES FRANCAIS (TRAV,43.67633,7.20016,Plein jour,En agglomération,Hors intersection,Normale,Deux véhicules - arrière,,,,,,,,,,,1,2,1,1.0,2.0
201700006298,0017-07-18 13:25:00,17,7,18,13,25,60,88,"36, STALINGRAD (BD DE)",43.69672,7.28807,Plein jour,En agglomération,Hors intersection,Normale,Deux véhicules - côté,,,,,,,,,,,1,2,1,1.0,3.0
201700006299,0017-07-18 14:35:00,17,7,18,14,35,60,88,"29, DIABLES BLEUS (AV. D",43.7083,7.29076,Plein jour,En agglomération,Intersection en X,Normale,Autre collision,,,,,,,,,,,1,2,2,1.0,6.0
201700006300,0017-07-20 16:30:00,17,7,20,16,30,60,88,"20, AMARYLLIS (PL. DES)",43.67475,7.20468,Plein jour,En agglomération,Hors intersection,Temps couvert,Autre collision,,,,,,,,,,,1,2,1,8.0,6.0
201700006301,0017-07-22 08:45:00,17,7,22,8,45,60,88,"40, GAMBETTA (JUSQU'AU N",43.7,7.25634,Plein jour,En agglomération,Hors intersection,Normale,Autre collision,,,,,,,,,,,1,2,1,1.0,6.0
201700006302,0017-07-22 20:50:00,17,7,22,20,50,60,88,"0, MERCANTOUR (BD)",43.66754,7.20458,Plein jour,En agglomération,Hors intersection,Normale,Deux véhicules - arrière,,,,,,,,,,,1,2,1,1.0,2.0
201700006303,0017-07-24 19:45:00,17,7,24,19,45,60,88,"151, SAINT-ANTOINE (RTE",43.69661,7.2,Plein jour,En agglomération,Hors intersection,Normale,Autre collision,,,,,,,,,,,1,2,1,1.0,6.0
201700006304,0017-07-25 19:30:00,17,7,25,19,30,60,88,"0, POTIERS (R. DES)",43.6979,7.2522,Plein jour,En agglomération,Intersection en Y,Normale,Autre collision,,,,,,,,,,,1,2,4,1.0,6.0
201700006305,0017-07-26 09:20:00,17,7,26,9,20,60,88,"0, GARNIER (BD JOSEPH)",43.70998,7.26001,Plein jour,En agglomération,Intersection en X,Normale,Autre collision,,,,,,,,,,,1,2,2,1.0,6.0
201700006306,0017-07-28 13:00:00,17,7,28,13,0,60,88,"0, GARNIER (BD JOSEPH)",43.71012,7.25905,Plein jour,En agglomération,Intersection en X,Normale,Deux véhicules - côté,,,,,,,,,,,1,2,2,1.0,3.0
201700006307,0017-07-29 13:45:00,17,7,29,13,45,60,88,"37, MATISSE (AV. HENRI)",43.67515,7.21566,Plein jour,En agglomération,Autre intersection,Normale,Deux véhicules - frontale,,,,,,,,,,,1,2,9,1.0,1.0
201700006308,0017-07-29 19:00:00,17,7,29,19,0,60,88,"334, TERRON (CH. DE)",43.70032,7.20839,Plein jour,En agglomération,Hors intersection,Normale,Deux véhicules - frontale,,,,,,,,,,,1,2,1,1.0,1.0
201700006309,0017-07-30 18:15:00,17,7,30,18,15,60,88,"298, PENETRANTE DU PAILL",43.73054,7.28455,Plein jour,Hors agglomération,Hors intersection,Normale,Deux véhicules - côté,,,,,,,,,,,1,1,1,1.0,3.0
201700006310,0017-08-01 10:26:00,17,8,1,10,26,60,88,"0, VOIE RAPIDE",43.70831,7.27144,Plein jour,En agglomération,Hors intersection,Normale,Trois véhicules et plus - collisions multiples,,,,,,,,,,,1,2,1,1.0,5.0
201700006311,0017-08-01 12:00:00,17,8,1,12,0,60,88,"72, ASPREMONT (RTE D')",43.74332,7.25011,Plein jour,En agglomération,Hors intersection,Normale,Deux véhicules - frontale,,,,,,,,,,,1,2,1,1.0,1.0
201700006312,0017-08-01 17:35:00,17,8,1,17,35,60,88,"2, ARMEE DES ALPES (BD D",43.7057,7.29155,Plein jour,En agglomération,Intersection en T,Normale,Deux véhicules - arrière,,,,,,,,,,,1,2,3,1.0,2.0
201700006313,0017-08-02 10:26:00,17,8,2,10,26,60,88,"63, TURIN (RTE DE)",43.71314,7.28432,Plein jour,En agglomération,Intersection en X,Normale,Deux véhicules - côté,,,,,,,,,,,1,2,2,1.0,3.0
201700006314,0017-08-02 20:45:00,17,8,2,20,45,60,88,"204, PESSICART (JUSQU'AU",43.71658,7.24963,Crépuscule ou aube,En agglomération,Hors intersection,Normale,Deux véhicules - frontale,,,,,,,,,,,2,2,1,1.0,1.0
201700006315,0017-08-03 18:00:00,17,8,3,18,0,60,88,"0, COTY (PONT RENE)",43.72284,7.29021,Plein jour,En agglomération,Intersection en X,Normale,Autre collision,,,,,,,,,,,1,2,2,1.0,6.0
201700006316,0017-08-04 17:30:00,17,8,4,17,30,60,88,"06, BARLA (RUE)",43.70229,7.28147,Plein jour,En agglomération,Intersection en T,Normale,Deux véhicules - côté,,,,,,,,,,,1,2,3,1.0,3.0
201700006317,0017-08-04 16:30:00,17,8,4,16,30,60,88,MATISSE (AV. HENRI),43.67476,7.21137,Plein jour,En agglomération,Hors intersection,Normale,Deux véhicules - frontale,,,,,,,,,,,1,2,1,1.0,1.0
201700006318,0017-08-04 22:10:00,17,8,4,22,10,60,88,"24, LEPANTE (R. DE)",43.70533,7.2692,Nuit avec éclairage allumé,En agglomération,Intersection en X,Normale,Deux véhicules - côté,,,,,,,,,,,5,2,2,1.0,3.0
201700006319,0017-08-05 00:01:00,17,8,5,0,1,60,88,"446, BELLET (RTE DE)",43.72565,7.2163,Nuit sans éclairage public,En agglomération,Hors intersection,Normale,Autre collision,,,,,,,,,,,3,2,1,1.0,6.0
201700006320,0017-08-05 16:30:00,17,8,5,16,30,60,88,"69, QUAI DES ETATS UNIS",43.69506,7.344,Plein jour,En agglomération,Hors intersection,Normale,Autre collision,,,,,,,,,,,1,2,1,1.0,6.0
201700006321,0017-08-06 05:10:00,17,8,6,5,10,60,88,"355, ANGLAIS (A PARTIR D",43.67162,7.22482,Nuit avec éclairage allumé,En agglomération,Intersection en T,Temps couvert,Deux véhicules - côté,,,,,,,,,,,5,2,3,8.0,3.0
201700006322,0017-08-06 15:38:00,17,8,6,15,38,60,88,"65, ANGLAIS (DU N? 45 AU",43.69285,7.2519,Plein jour,En agglomération,Hors intersection,Normale,Trois véhicules et plus - collisions multiples,,,,,,,,,,,1,2,1,1.0,5.0
201700006323,0017-08-06 19:25:00,17,8,6,19,25,60,88,"60, MONTEL (BD PAUL)",43.67663,7.20616,Plein jour,En agglomération,Hors intersection,Normale,Deux véhicules - côté,,,,,,,,,,,1,2,1,1.0,3.0
201700006324,0017-08-09 00:30:00,17,8,9,0,30,60,88,"2, MAETERLINCK (BD M.)",43.68811,7.29589,Nuit avec éclairage allumé,En agglomération,Hors intersection,Normale,Autre collision,,,,,,,,,,,5,2,1,1.0,6.0
201700006325,0017-08-09 12:15:00,17,8,9,12,15,60,88,"61, DOMAINE PETIT PIOL (",43.70891,7.24964,Plein jour,En agglomération,Hors intersection,Normale,Deux véhicules - frontale,,,,,,,,,,,1,2,1,1.0,1.0
201700006326,0017-08-11 20:43:00,17,8,11,20,43,60,88,"141, LYAUTEY (AV. DU MAL",43.71947,7.28373,Nuit avec éclairage allumé,En agglomération,Intersection en T,Normale,Deux véhicules - frontale,,,,,,,,,,,5,2,3,1.0,1.0
201700006327,0017-08-12 12:10:00,17,8,12,12,10,60,88,"40, VEIL (AV. SIMONE)",43.67934,7.20448,Plein jour,En agglomération,Hors intersection,Normale,Deux véhicules - côté,,,,,,,,,,,1,2,1,1.0,3.0
201700006328,0017-08-13 08:00:00,17,8,13,8,0,60,88,ANGLAIS (DU N? 265 AU N?,,,Plein jour,En agglomération,Hors intersection,Normale,Autre collision,,,,,,,,,,,1,2,1,1.0,6.0
201700006329,0017-08-15 22:00:00,17,8,15,22,0,60,88,"31, LEPANTE (R. DE)",43.70641,7.26851,Nuit avec éclairage allumé,En agglomération,Intersection en X,Normale,Autre collision,,,,,,,,,,,5,2,2,1.0,6.0
201700006330,0017-08-18 19:20:00,17,8,18,19,20,60,88,VAUBAN (R. MARECHAL),43.71142,7.28831,Plein jour,En agglomération,Hors intersection,Normale,Autre collision,,,,,,,,,,,1,2,1,1.0,6.0