accident_id,datetime,annee,mois,jour,heure,minute,departement,commune_insee,adresse,latitude,longitude,luminosite,agglomeration,intersection,meteo,collision,nb_vehicules,nb_usagers,nb_indemnes,nb_tues,nb_blesses_hosp,nb_blesses_legers,age_cond_1,age_cond_2,veh_type_cond_1,veh_type_cond_2,lum_code,agg_code,int_code,atm_code,col_code
201700006331,0017-08-19 18:04:00,17,8,19,18,4,60,88,ANGLAIS PLAGE(  PARTIR D,43.67188,7.22506,Plein jour,En agglomération,Hors intersection,Normale,Autre collision,,,,,,,,,,,1,2,1,1.0,6.0
201700006332,0017-08-23 12:30:00,17,8,23,12,30,60,88,"134, PASTEUR (BD)",43.71208,7.27874,Plein jour,En agglomération,Hors intersection,Normale,Autre collision,,,,,,,,,,,1,2,1,1.0,6.0
201700006333,0017-08-23 15:00:00,17,8,23,15,0,60,88,"317, ANGLAIS (DU N? 265",43.68122,7.23166,Plein jour,En agglomération,Hors intersection,Normale,Deux véhicules - arrière,,,,,,,,,,,1,2,1,1.0,2.0
201700006334,0017-08-23 15:50:00,17,8,23,15,50,60,88,ANGLAIS (A PARTIR DU N?,,,Plein jour,En agglomération,Hors intersection,Normale,Deux véhicules - arrière,,,,,,,,,,,1,2,1,1.0,2.0
201700006335,0017-08-23 18:55:00,17,8,23,18,55,60,88,"111, JOLY (CORNICHE ANDR",43.70462,7.29971,Plein jour,En agglomération,Hors intersection,Normale,Trois véhicules et plus - collisions multiples,,,,,,,,,,,1,2,1,1.0,5.0
201700006336,0017-08-24 15:40:00,17,8,24,15,40,60,88,", GAMBETTA (A PARTIR DU",43.70675,7.25613,Plein jour,En agglomération,Hors intersection,Normale,Deux véhicules - côté,,,,,,,,,,,1,2,1,1.0,3.0
201700006337,0017-08-26 09:00:00,17,8,26,9,0,60,88,"59, SAINT-AUGUSTIN (AV.",43.67639,7.22513,Plein jour,En agglomération,Hors intersection,Normale,Deux véhicules - côté,,,,,,,,,,,1,2,1,1.0,3.0
201700006338,0017-08-29 02:36:00,17,8,29,2,36,60,88,"1, ANGLAIS (DU N? 1 AU N",43.69,7.26,Nuit avec éclairage allumé,En agglomération,Hors intersection,Normale,Deux véhicules - côté,,,,,,,,,,,5,2,1,1.0,3.0
201700006339,0017-08-29 16:10:00,17,8,29,16,10,60,88,"8, BESSET (AV.) (JUSQU'A",43.71508,7.26068,Plein jour,En agglomération,Hors intersection,Normale,Autre collision,,,,,,,,,,,1,2,1,1.0,6.0
201700006340,0017-08-29 17:00:00,17,8,29,17,0,60,88,DIABLES BLEUS (AV. DES),43.70835,7.28939,Plein jour,En agglomération,Hors intersection,Normale,Deux véhicules - côté,,,,,,,,,,,1,2,1,1.0,3.0
201700006341,0017-08-30 18:25:00,17,8,30,18,25,60,88,"06, GRINDA (AV. EDOUARD)",43.67349,7.22105,Plein jour,En agglomération,Hors intersection,Normale,Deux véhicules - arrière,,,,,,,,,,,1,2,1,1.0,2.0
201700006342,0017-08-30 22:53:00,17,8,30,22,53,60,88,"248, MERCANTOUR (BD)",48.68344,7.19862,Nuit avec éclairage allumé,En agglomération,Hors intersection,Normale,Deux véhicules - arrière,,,,,,,,,,,5,2,1,1.0,2.0
201700006343,0017-08-31 21:50:00,17,8,31,21,50,60,88,"168, SAINT-LAMBERT (AV.)",43.71984,7.26291,Nuit avec éclairage allumé,En agglomération,Intersection en X,Normale,Deux véhicules - côté,,,,,,,,,,,5,2,2,1.0,3.0
201700006344,0017-09-01 08:00:00,17,9,1,8,0,60,88,DE GAULLE (PLACE GENERAL,43.7107,7.2636,Plein jour,En agglomération,Hors intersection,Normale,Deux véhicules - côté,,,,,,,,,,,1,2,1,1.0,3.0
201700006345,0017-09-02 10:15:00,17,9,2,10,15,60,88,BORRIGLIONE (JUSQU'AU Nø,43.71333,7.26181,Plein jour,En agglomération,Hors intersection,Pluie légère,Autre collision,,,,,,,,,,,1,2,1,2.0,6.0
201700006346,0017-09-03 03:05:00,17,9,3,3,5,60,88,"61, ETATS UNIS (QUAI DES",43.69506,7.27568,Nuit avec éclairage allumé,En agglomération,Hors intersection,Normale,Trois véhicules et plus - collisions multiples,,,,,,,,,,,5,2,1,1.0,5.0
201700006347,0017-09-03 23:54:00,17,9,3,23,54,60,88,"11, ANGLAIS (DU N? 1 AU",43.69483,7.26358,Nuit avec éclairage allumé,En agglomération,Hors intersection,Normale,Autre collision,,,,,,,,,,,5,2,1,1.0,6.0
201700006348,0017-09-05 19:15:00,17,9,5,19,15,60,88,"21, VILLERMONT (AV.)",43.70987,7.26396,Plein jour,En agglomération,Hors intersection,Normale,Deux véhicules - côté,,,,,,,,,,,1,2,1,1.0,3.0
201700006349,0017-09-07 18:25:00,17,9,7,18,25,60,88,ARIANE (BD DE L'),43.73334,7.28912,Crépuscule ou aube,En agglomération,Intersection en X,Normale,Deux véhicules - côté,,,,,,,,,,,2,2,2,1.0,3.0
201700006350,0017-09-08 15:40:00,17,9,8,15,40,60,88,"1, LYAUTEY (AV. DU MAL)",43.71653,7.28133,Plein jour,En agglomération,Hors intersection,Normale,Autre collision,,,,,,,,,,,1,2,1,1.0,6.0
201700006351,0017-09-09 14:35:00,17,9,9,14,35,60,88,MERCANTOUR (BD),43.70765,7.18784,Plein jour,Hors agglomération,Hors intersection,Pluie forte,Trois véhicules et plus - en chaîne,,,,,,,,,,,1,1,1,3.0,4.0
201700006352,0017-09-11 10:10:00,17,9,11,10,10,60,159,"25, SADI CARNOT (AVENUE)",43.70279,7.31098,Plein jour,En agglomération,Intersection en X,Normale,Deux véhicules - côté,,,,,,,,,,,1,2,2,1.0,3.0
201700006353,0017-09-12 01:30:00,17,9,12,1,30,60,88,VOIE RAPIDE,43.68409,7.23263,Nuit avec éclairage allumé,En agglomération,Autre intersection,Normale,Autre collision,,,,,,,,,,,5,2,9,1.0,6.0
201700006354,0017-09-12 10:31:00,17,9,12,10,31,60,88,VOIE RAPIDE,43.67813,7.22665,Plein jour,En agglomération,Hors intersection,Normale,Deux véhicules - côté,,,,,,,,,,,1,2,1,1.0,3.0
201700006355,0017-09-12 14:45:00,17,9,12,14,45,60,88,"01, BRAILLE (BD LOUIS)",43.72273,7.29199,Plein jour,En agglomération,Hors intersection,Normale,Deux véhicules - côté,,,,,,,,,,,1,2,1,1.0,3.0
201700006356,0017-09-14 03:45:00,17,9,14,3,45,60,88,RD 6202,,,Nuit sans éclairage public,Hors agglomération,Hors intersection,Normale,Deux véhicules - côté,,,,,,,,,,,3,1,1,1.0,3.0
201700006357,0017-09-14 09:00:00,17,9,14,9,0,60,88,"14, MONASTERE (AV. DU)",43.7206,7.27555,Plein jour,En agglomération,Intersection en T,Temps éblouissant,Autre collision,,,,,,,,,,,1,2,3,7.0,6.0
201700006358,0017-09-14 11:00:00,17,9,14,11,0,60,88,"0000, GRENOBLE (ROUTE DE",,,Plein jour,En agglomération,Hors intersection,Normale,Deux véhicules - côté,,,,,,,,,,,1,2,1,1.0,3.0
201700006359,0017-09-16 17:30:00,17,9,16,17,30,60,88,"590, GRENOBLE (ROUTE DE)",43.7262,7.1857,Plein jour,Hors agglomération,Hors intersection,Normale,Deux véhicules - arrière,,,,,,,,,,,1,1,1,1.0,2.0
201700006360,0017-09-17 04:30:00,17,9,17,4,30,60,88,"91, TURIN (RTE DE)",43.71847,7.28477,Nuit avec éclairage allumé,En agglomération,Hors intersection,Normale,Autre collision,,,,,,,,,,,5,2,1,1.0,6.0
201700006361,0017-09-17 15:00:00,17,9,17,15,0,60,159,PRINCESSE GRACE DE MONAC,43.70144,7.30658,Plein jour,En agglomération,Hors intersection,Normale,Deux véhicules - côté,,,,,,,,,,,1,2,1,1.0,3.0
201700006362,0017-09-18 22:20:00,17,9,18,22,20,60,88,"28bis, TRACHEL (RUE)",43.7061,7.26059,Nuit avec éclairage allumé,En agglomération,Hors intersection,Normale,Deux véhicules - côté,,,,,,,,,,,5,2,1,1.0,3.0
201700006363,0017-09-19 11:20:00,17,9,19,11,20,60,88,"8, CLUVIER (RUE)",43.70206,7.25393,Plein jour,En agglomération,Hors intersection,Normale,Autre collision,,,,,,,,,,,1,2,1,1.0,6.0
201700006364,0017-09-20 08:30:00,17,9,20,8,30,60,88,"40, STE MARGUERITE (AV.)",43.67832,7.22039,Plein jour,En agglomération,Hors intersection,Normale,Autre collision,,,,,,,,,,,1,2,1,1.0,6.0
201700006365,0017-09-20 07:40:00,17,9,20,7,40,60,88,"11, SEMARD (BD PIERRE)",43.72028,7.29174,Crépuscule ou aube,En agglomération,Hors intersection,Normale,Deux véhicules - côté,,,,,,,,,,,2,2,1,1.0,3.0
201700006366,0017-09-21 17:35:00,17,9,21,17,35,60,88,"29, SAINT-AUGUSTIN (AV.",43.678,7.2282,Plein jour,En agglomération,Intersection en X,Normale,Sans collision,,,,,,,,,,,1,2,2,1.0,7.0
201700006367,0017-09-22 22:25:00,17,9,22,22,25,60,88,LYAUTEY (AV. DU MAL),43.71779,7.28484,Nuit avec éclairage non allumé,En agglomération,Intersection en T,Normale,Deux véhicules - côté,,,,,,,,,,,4,2,3,1.0,3.0
201700006368,0017-09-22 21:45:00,17,9,22,21,45,60,88,"638, MERCANTOUR (BD)",43.73103,7.18475,Nuit sans éclairage public,Hors agglomération,Hors intersection,Normale,Autre collision,,,,,,,,,,,3,1,1,1.0,6.0
201700006369,0017-09-24 09:30:00,17,9,24,9,30,60,88,"68, CARNOT (BD)",43.69633,7.29215,Plein jour,En agglomération,Intersection en T,Normale,Deux véhicules - côté,,,,,,,,,,,1,2,3,1.0,3.0
201700006370,0017-09-24 19:13:00,17,9,24,19,13,60,88,"0, VOIE RAPIDE",43.70848,7.26993,Nuit avec éclairage allumé,En agglomération,Hors intersection,Normale,Trois véhicules et plus - en chaîne,,,,,,,,,,,5,2,1,1.0,4.0
201700006371,0017-09-25 21:00:00,17,9,25,21,0,60,88,VOIE RAPIDE,,,Nuit avec éclairage allumé,En agglomération,Hors intersection,Normale,Deux véhicules - arrière,,,,,,,,,,,5,2,1,1.0,2.0
201700006372,0017-09-29 04:22:00,17,9,29,4,22,60,88,BARLA (RUE),43.70244,7.28101,Nuit avec éclairage allumé,En agglomération,Intersection en X,Normale,Deux véhicules - côté,,,,,,,,,,,5,2,2,1.0,3.0
201700006373,0017-09-30 03:17:00,17,9,30,3,17,60,88,ANGLAIS (DU Nø 265 AU Nø,43.67525,7.22757,Nuit avec éclairage allumé,En agglomération,Intersection en T,Normale,Deux véhicules - côté,,,,,,,,,,,5,2,3,1.0,3.0
201700006374,0017-10-02 06:25:00,17,10,2,6,25,60,88,"07, ARMEE DES ALPES (BD",43.70645,7.29185,Nuit avec éclairage allumé,En agglomération,Intersection en X,Normale,Trois véhicules et plus - collisions multiples,,,,,,,,,,,5,2,2,1.0,5.0
201700006375,0017-10-02 10:35:00,17,10,2,10,35,60,88,"532, MERCANTOUR (BD)",43.71667,7.18669,Plein jour,En agglomération,Hors intersection,Normale,Deux véhicules - arrière,,,,,,,,,,,1,2,1,1.0,2.0
201700006376,0017-10-03 12:45:00,17,10,3,12,45,60,88,"66, CIMIEZ (BD) A PARTIR",43.71378,7.27287,Plein jour,En agglomération,Hors intersection,Normale,Deux véhicules - frontale,,,,,,,,,,,1,2,1,1.0,1.0
201700006377,0017-10-05 08:50:00,17,10,5,8,50,60,88,"0, VOIE RAPIDE",43.69978,7.24919,Plein jour,En agglomération,Hors intersection,Normale,Deux véhicules - arrière,,,,,,,,,,,1,2,1,1.0,2.0
201700006378,0017-10-05 21:20:00,17,10,5,21,20,60,88,"333, ANGLAIS (DU Nø 265",43.67538,7.22789,Nuit avec éclairage allumé,En agglomération,Hors intersection,Normale,Deux véhicules - arrière,,,,,,,,,,,5,2,1,1.0,2.0
201700006379,0017-10-06 18:30:00,17,10,6,18,30,60,88,"8, CONGRES (RUE DU)",43.69606,7.26331,Crépuscule ou aube,En agglomération,Hors intersection,Normale,Autre collision,,,,,,,,,,,2,2,1,1.0,6.0
201700006380,0017-10-07 07:05:00,17,10,7,7,5,60,88,"0, ASSALIT (RUE)",43.70644,7.26852,Plein jour,En agglomération,Intersection en X,Normale,Deux véhicules - côté,,,,,,,,,,,1,2,2,1.0,3.0
201700006381,0017-10-07 09:40:00,17,10,7,9,40,60,88,"8, CARLONE (BD)",43.69375,7.24239,Plein jour,En agglomération,Hors intersection,Normale,Autre collision,,,,,,,,,,,1,2,1,1.0,6.0
201700006382,0017-10-07 19:20:00,17,10,7,19,20,60,88,"223, TURIN (RTE DE)",43.72348,7.29002,Nuit avec éclairage allumé,En agglomération,Hors intersection,Normale,Deux véhicules - arrière,,,,,,,,,,,5,2,1,1.0,2.0
201700006383,0017-10-07 21:50:00,17,10,7,21,50,60,88,VEIL (AV. SIMONE),43.68379,7.20292,Nuit avec éclairage allumé,En agglomération,Autre intersection,Normale,Deux véhicules - côté,,,,,,,,,,,5,2,9,1.0,3.0
201700006384,0017-10-08 23:30:00,17,10,8,23,30,60,88,"87, CESSOLE (BD DE) (JUS",47.71842,7.25241,Nuit avec éclairage allumé,En agglomération,Hors intersection,Normale,Autre collision,,,,,,,,,,,5,2,1,1.0,6.0
201700006385,0017-10-09 09:40:00,17,10,9,9,40,60,88,SMOLETT (R.),43.70247,7.28777,Plein jour,En agglomération,Hors intersection,Normale,Autre collision,,,,,,,,,,,1,2,1,1.0,6.0
201700006386,0017-10-10 19:45:00,17,10,10,19,45,60,88,"25, CIMIEZ (BD) A PARTIR",43.7089,7.2705,Nuit avec éclairage allumé,En agglomération,Hors intersection,Normale,Deux véhicules - côté,,,,,,,,,,,5,2,1,1.0,3.0
201700006387,0017-10-11 10:10:00,17,10,11,10,10,60,88,CORNIGLION MOLINIER (BD),43.66686,7.21632,Plein jour,En agglomération,Hors intersection,Normale,Deux véhicules - côté,,,,,,,,,,,1,2,1,1.0,3.0
201700006388,0017-10-12 06:10:00,17,10,12,6,10,60,88,"0, BAREL (BD VIRGILE)",43.71728,7.29258,Nuit avec éclairage allumé,En agglomération,Hors intersection,Normale,Deux véhicules - arrière,,,,,,,,,,,5,2,1,1.0,2.0
201700006389,0017-10-13 11:35:00,17,10,13,11,35,60,88,"52, DABRAY (RUE ET IMP.)",43.70869,7.25705,Plein jour,En agglomération,Hors intersection,Normale,Autre collision,,,,,,,,,,,1,2,1,1.0,6.0
201700006390,0017-10-13 17:50:00,17,10,13,17,50,60,88,"90, CREMAT (CH. DE)",,,Plein jour,En agglomération,Hors intersection,Normale,Deux véhicules - frontale,,,,,,,,,,,1,2,1,1.0,1.0
201700006391,0017-10-16 18:00:00,17,10,16,18,0,60,88,"3, CREMAT (CH. DE)",43.71167,7.19691,Plein jour,En agglomération,Hors intersection,Normale,Deux véhicules - frontale,,,,,,,,,,,1,2,1,1.0,1.0
201700006392,0017-10-17 13:20:00,17,10,17,13,20,60,88,"15, BANCO (AV.)",43.69817,7.29201,Plein jour,En agglomération,Hors intersection,Normale,Deux véhicules - frontale,,,,,,,,,,,1,2,1,1.0,1.0
201700006393,0017-10-18 13:00:00,17,10,18,13,0,60,88,"0, JOFFRE (R. MARECHAL)",43.69858,7.26447,Plein jour,En agglomération,Intersection en X,Normale,Deux véhicules - côté,,,,,,,,,,,1,2,2,1.0,3.0
201700006394,0017-10-20 08:25:00,17,10,20,8,25,60,88,"214, MERCANTOUR (BD)",43.67909,7.20025,Plein jour,En agglomération,Hors intersection,Normale,Autre collision,,,,,,,,,,,1,2,1,1.0,6.0
201700006395,0017-10-20 08:20:00,17,10,20,8,20,60,88,"18, JOLY (CORNICHE ANDRE",43.69953,7.2938,Plein jour,En agglomération,Hors intersection,Normale,Deux véhicules - côté,,,,,,,,,,,1,2,1,1.0,3.0
201700006396,0017-10-20 23:50:00,17,10,20,23,50,60,88,"326, TURIN (RTE DE)",43.75,7.23,Nuit avec éclairage allumé,En agglomération,Hors intersection,Normale,Deux véhicules - côté,,,,,,,,,,,5,2,1,1.0,3.0
201700006397,0017-10-23 08:50:00,17,10,23,8,50,60,88,"10, SORGENTINO (R.)",43.70959,7.29045,Plein jour,En agglomération,Hors intersection,Normale,Autre collision,,,,,,,,,,,1,2,1,1.0,6.0
201700006398,0017-10-24 07:40:00,17,10,24,7,40,60,88,"8, FALICON (BD COMTE DE)",43.72462,7.25596,Nuit sans éclairage public,En agglomération,Hors intersection,Normale,Deux véhicules - côté,,,,,,,,,,,3,2,1,1.0,3.0
201700006399,0017-10-24 10:50:00,17,10,24,10,50,60,88,"1, ANGLAIS (DU N? 1 AU N",43.69512,7.26829,Plein jour,En agglomération,Hors intersection,Normale,Deux véhicules - arrière,,,,,,,,,,,1,2,1,1.0,2.0
201700006400,0017-10-24 10:35:00,17,10,24,10,35,60,88,"35, LYAUTEY (AV. DU MAL)",43.71283,7.28263,Plein jour,En agglomération,Hors intersection,Normale,Autre collision,,,,,,,,,,,1,2,1,1.0,6.0
201700006401,0017-10-25 13:45:00,17,10,25,13,45,60,88,"217, ANGLAIS (DU N? 114",43.68569,7.23655,Plein jour,En agglomération,Hors intersection,Normale,Deux véhicules - côté,,,,,,,,,,,1,2,1,1.0,3.0
201700006402,0017-10-27 11:50:00,17,10,27,11,50,60,88,"2, MONASTERE (AV. DU)",,,Plein jour,En agglomération,Hors intersection,Normale,Deux véhicules - côté,,,,,,,,,,,1,2,1,1.0,3.0
201700006403,0017-10-27 21:20:00,17,10,27,21,20,60,88,"85, QUAI DES ETATS UNIS",43.69518,7.27367,Nuit avec éclairage allumé,En agglomération,Hors intersection,Normale,Deux véhicules - côté,,,,,,,,,,,5,2,1,1.0,3.0
201700006404,0017-10-28 20:25:00,17,10,28,20,25,60,88,"188, TURIN (RTE DE)",43.72473,7.28948,Nuit avec éclairage allumé,En agglomération,Hors intersection,Normale,Deux véhicules - arrière,,,,,,,,,,,5,2,1,1.0,2.0
201700006405,0017-10-31 06:15:00,17,10,31,6,15,60,88,"0, GARAUD (R. GUSTAVE)",43.70582,7.29164,Nuit avec éclairage allumé,En agglomération,Hors intersection,Normale,Autre collision,,,,,,,,,,,5,2,1,1.0,6.0
201700006406,0017-10-31 10:56:00,17,10,31,10,56,60,88,"16, CHEVALIERS DE MALTE",,,Plein jour,En agglomération,Hors intersection,Normale,Autre collision,,,,,,,,,,,1,2,1,1.0,6.0
201700006407,0017-11-01 09:55:00,17,11,1,9,55,60,88,MONZIE (R. ANATOLE DE),43.73696,7.29918,Plein jour,En agglomération,Hors intersection,Normale,Autre collision,,,,,,,,,,,1,2,1,1.0,6.0
201700006408,0017-11-01 16:15:00,17,11,1,16,15,60,88,"380 bis, GINESTIERE (CH.",43.70677,7.20944,Plein jour,En agglomération,Hors intersection,Normale,Deux véhicules - côté,,,,,,,,,,,1,2,1,1.0,3.0
201700006409,0017-11-02 10:45:00,17,11,2,10,45,60,88,"97, GINESTIERE (CH. DE L",43.70532,7.19982,Plein jour,En agglomération,Hors intersection,Normale,Deux véhicules - arrière,,,,,,,,,,,1,2,1,1.0,2.0
201700006410,0017-11-02 19:00:00,17,11,2,19,0,60,88,"0, DANTE (RUE)",43.69545,7.25289,Nuit avec éclairage allumé,En agglomération,Hors intersection,Normale,Deux véhicules - côté,,,,,,,,,,,5,2,1,1.0,3.0
201700006411,0017-11-04 04:47:00,17,11,4,4,47,60,88,"81, BAREL (BD VIRGILE)",43.71795,7.29184,Nuit avec éclairage allumé,En agglomération,Hors intersection,Normale,Sans collision,,,,,,,,,,,5,2,1,1.0,7.0
201700006412,0017-11-07 15:00:00,17,11,7,15,0,60,159,"30, ALBERT 1ER (AVENUE)",43.70711,7.31233,Plein jour,En agglomération,Hors intersection,Normale,Deux véhicules - frontale,,,,,,,,,,,1,2,1,1.0,1.0
201700006413,0017-11-09 15:50:00,17,11,9,15,50,60,88,DELOYE (RUE GUSTAVE),43.69961,7.26963,Plein jour,En agglomération,Intersection en T,Normale,Deux véhicules - côté,,,,,,,,,,,1,2,3,1.0,3.0
201700006414,0017-11-10 04:40:00,17,11,10,4,40,60,88,"31, ANGLAIS (DU N? 1 AU",43.69438,7.25946,Nuit avec éclairage allumé,En agglomération,Hors intersection,Normale,Deux véhicules - arrière,,,,,,,,,,,5,2,1,1.0,2.0
201700006415,0017-11-10 11:20:00,17,11,10,11,20,60,88,"0, THIERS (AV.)",43.70182,7.25644,Plein jour,En agglomération,Intersection en X,Normale,Deux véhicules - côté,,,,,,,,,,,1,2,2,1.0,3.0
201700006416,0017-11-10 21:40:00,17,11,10,21,40,60,88,BARLA (RUE),43.70207,7.28216,Nuit avec éclairage allumé,En agglomération,Hors intersection,Normale,Deux véhicules - côté,,,,,,,,,,,5,2,1,1.0,3.0
201700006417,0017-11-11 10:25:00,17,11,11,10,25,60,88,"9, GORBELLA (BD DE)",43.718,7.25689,Plein jour,En agglomération,Hors intersection,Normale,Autre collision,,,,,,,,,,,1,2,1,1.0,6.0
201700006418,0017-11-11 10:23:00,17,11,11,10,23,60,88,"18, COMBATTANTS D'AFN (R",43.70723,7.25981,Plein jour,En agglomération,Autre intersection,Normale,Deux véhicules - côté,,,,,,,,,,,1,2,9,1.0,3.0
201700006419,0017-11-11 12:00:00,17,11,11,12,0,60,88,"0, DE GAULLE (PLACE GENE",43.7102,7.26196,Plein jour,En agglomération,Hors intersection,Normale,Autre collision,,,,,,,,,,,1,2,1,1.0,6.0
201700006420,0017-11-12 16:05:00,17,11,12,16,5,60,88,"147, OBSERVATOIRE (R. PR",43.73042,7.29587,Plein jour,En agglomération,Hors intersection,Normale,Deux véhicules - frontale,,,,,,,,,,,1,2,1,1.0,1.0
201700006421,0017-11-15 09:00:00,17,11,15,9,0,60,88,ANGLAIS (DU N? 265 AU N?,43.67985,7.23079,Plein jour,En agglomération,Hors intersection,Normale,Deux véhicules - arrière,,,,,,,,,,,1,2,1,1.0,2.0
201700006422,0017-11-16 07:50:00,17,11,16,7,50,60,88,"0, RAYNAUD (BD AUGUSTE)",43.71618,7.25748,Plein jour,En agglomération,Intersection en T,Normale,Deux véhicules - côté,,,,,,,,,,,1,2,3,1.0,3.0
201700006423,0017-11-19 12:35:00,17,11,19,12,35,60,88,GRINDA (AV. EDOUARD),43.67212,7.21877,Plein jour,En agglomération,Intersection en T,Normale,Trois véhicules et plus - collisions multiples,,,,,,,,,,,1,2,3,1.0,5.0
201700006424,0017-11-20 19:50:00,17,11,20,19,50,60,88,"0, ROQUEBILLIERE (R. DE)",43.70993,7.28773,Nuit avec éclairage allumé,En agglomération,Intersection en T,Normale,Deux véhicules - côté,,,,,,,,,,,5,2,3,1.0,3.0
201700006425,0017-11-21 18:50:00,17,11,21,18,50,60,88,BLANQUI (PL. AUGUSTE),43.7052,7.29027,Nuit avec éclairage allumé,En agglomération,Hors intersection,Normale,Autre collision,,,,,,,,,,,5,2,1,1.0,6.0
201700006426,0017-11-22 13:00:00,17,11,22,13,0,60,88,"0000, GRENOBLE (ROUTE DE",43.67082,7.20966,Plein jour,En agglomération,Hors intersection,Normale,Deux véhicules - côté,,,,,,,,,,,1,2,1,1.0,3.0
201700006427,0017-11-23 08:25:00,17,11,23,8,25,60,88,"12, FAURE (AV. FELIX)",43.69796,7.27216,Plein jour,En agglomération,Hors intersection,Normale,Deux véhicules - arrière,,,,,,,,,,,1,2,1,1.0,2.0
201700006428,0017-11-23 12:30:00,17,11,23,12,30,60,88,"0, RAIBERTI (R.)",43.71065,7.26354,Plein jour,En agglomération,Hors intersection,Normale,Deux véhicules - côté,,,,,,,,,,,1,2,1,1.0,3.0
201700006429,0017-11-24 08:35:00,17,11,24,8,35,60,88,"0, VOIE RAPIDE",43.6797,7.22703,Plein jour,En agglomération,Hors intersection,Normale,Deux véhicules - côté,,,,,,,,,,,1,2,1,1.0,3.0
201700006430,0017-11-24 10:35:00,17,11,24,10,35,60,88,JOFFRE (R. MARECHAL),43.6989,7.2657,Plein jour,En agglomération,Hors intersection,Normale,Autre collision,,,,,,,,,,,1,2,1,1.0,6.0
201700006431,0017-11-24 11:20:00,17,11,24,11,20,60,88,"74, BAREL (BD VIRGILE)",43.7153,7.2929,Plein jour,En agglomération,Hors intersection,Normale,Autre collision,,,,,,,,,,,1,2,1,1.0,6.0
201700006432,0017-11-26 19:50:00,17,11,26,19,50,60,88,ASSALIT (RUE),43.70601,7.26301,Nuit avec éclairage allumé,En agglomération,Intersection en X,Normale,Deux véhicules - côté,,,,,,,,,,,5,2,2,1.0,3.0
201700006433,0017-11-27 15:30:00,17,11,27,15,30,60,88,"111, MADELEINE (BD DE LA",43.70107,7.23694,Plein jour,En agglomération,Hors intersection,Normale,Deux véhicules - côté,,,,,,,,,,,1,2,1,1.0,3.0
201700006434,0017-11-29 21:25:00,17,11,29,21,25,60,88,GIMELLE (R. CLAUDE),43.72297,7.25161,Nuit avec éclairage allumé,En agglomération,Intersection en X,Normale,Deux véhicules - côté,,,,,,,,,,,5,2,2,1.0,3.0
201700006435,0017-11-30 15:15:00,17,11,30,15,15,60,88,"0, VOIE RAPIDE",43.67502,7.22239,Plein jour,En agglomération,Hors intersection,Normale,Deux véhicules - côté,,,,,,,,,,,1,2,1,1.0,3.0
201700006436,0017-11-30 19:00:00,17,11,30,19,0,60,88,"61, ANGLAIS (DU N? 45 AU",43.69304,7.25246,Nuit avec éclairage allumé,En agglomération,Hors intersection,Normale,Deux véhicules - arrière,,,,,,,,,,,5,2,1,1.0,2.0
201700006437,0017-12-01 17:45:00,17,12,1,17,45,60,88,"113, JOLY (CORNICHE ANDR",43.70508,7.30024,Nuit avec éclairage allumé,En agglomération,Hors intersection,Normale,Autre collision,,,,,,,,,,,5,2,1,1.0,6.0
201700006438,0017-12-02 11:15:00,17,12,2,11,15,60,88,LYAUTEY (AV. DU MAL),43.70938,7.28228,Plein jour,En agglomération,Hors intersection,Normale,Deux véhicules - arrière,,,,,,,,,,,1,2,1,1.0,2.0
201700006439,0017-12-04 18:40:00,17,12,4,18,40,60,88,"40, GORBELLA (BD DE)",43.72108,7.25665,Nuit avec éclairage allumé,En agglomération,Hors intersection,Normale,Trois véhicules et plus - en chaîne,,,,,,,,,,,5,2,1,1.0,4.0
201700006440,0017-12-05 10:10:00,17,12,5,10,10,60,88,"270, TURIN (RTE DE)",43.73034,7.28274,Plein jour,En agglomération,Hors intersection,Normale,Autre collision,,,,,,,,,,,1,2,1,1.0,6.0
201700006441,0017-12-07 18:00:00,17,12,7,18,0,60,88,"139, MERCANTOUR (BD)",43.67271,7.202,Nuit avec éclairage non allumé,En agglomération,Hors intersection,Normale,Autre collision,,,,,,,,,,,4,2,1,1.0,6.0
201700006442,0017-12-08 13:25:00,17,12,8,13,25,60,88,"155, TURIN (RTE DE)",43.72502,7.29069,Plein jour,En agglomération,Hors intersection,Normale,Deux véhicules - côté,,,,,,,,,,,1,2,1,1.0,3.0
201700006443,0017-12-09 10:30:00,17,12,9,10,30,60,88,"67, BESSET (AV.) (A PART",43.71783,7.25444,Plein jour,En agglomération,Hors intersection,Normale,Deux véhicules - frontale,,,,,,,,,,,1,2,1,1.0,1.0
201700006444,0017-12-10 00:20:00,17,12,10,0,20,60,88,COMBOUL (AV. RAYMOND),43.7096,7.26524,Nuit avec éclairage allumé,En agglomération,Hors intersection,Normale,Deux véhicules - arrière,,,,,,,,,,,5,2,1,1.0,2.0
201700006445,0017-12-11 13:30:00,17,12,11,13,30,60,88,"221, ANGLAIS (DU N? 114",43.68519,7.2359,Plein jour,En agglomération,Intersection en X,Pluie forte,Trois véhicules et plus - collisions multiples,,,,,,,,,,,1,2,2,3.0,5.0
201700006446,0017-12-11 15:30:00,17,12,11,15,30,60,88,HOTEL DES POSTES (R.),43.69966,7.27187,Plein jour,En agglomération,Intersection en X,Pluie forte,Deux véhicules - côté,,,,,,,,,,,1,2,2,3.0,3.0
201700006447,0017-12-13 16:10:00,17,12,13,16,10,60,88,"884, MERCANTOUR (BD)",43.75642,7.19756,Plein jour,Hors agglomération,Hors intersection,Normale,Deux véhicules - côté,,,,,,,,,,,1,1,1,1.0,3.0
201700006448,0017-12-14 08:35:00,17,12,14,8,35,60,88,NAPOLEON III (BD),43.68311,7.22272,Plein jour,En agglomération,Intersection en X,Normale,Deux véhicules - côté,,,,,,,,,,,1,2,2,1.0,3.0