accident_id,datetime,annee,mois,jour,heure,minute,departement,commune_insee,adresse,latitude,longitude,luminosite,agglomeration,intersection,meteo,collision,nb_vehicules,nb_usagers,nb_indemnes,nb_tues,nb_blesses_hosp,nb_blesses_legers,age_cond_1,age_cond_2,veh_type_cond_1,veh_type_cond_2,lum_code,agg_code,int_code,atm_code,col_code
201700006571,0017-05-25 07:55:00,17,5,25,7,55,780,564,"Autoroute A10, PK 028+00",48.51497,1.90802,Plein jour,Hors agglomération,Hors intersection,Normale,Autre collision,,,,,,,,,,,1,1,1,1.0,6.0
201700006572,0017-05-25 13:45:00,17,5,25,13,45,780,564,Autoroute A10 SENS PARIS,48.51497,1.90802,Plein jour,Hors agglomération,Hors intersection,Normale,Sans collision,,,,,,,,,,,1,1,1,1.0,7.0
201700006573,0017-06-21 08:00:00,17,6,21,8,0,780,506,AUTOROUTE A 11 PK 033+30,48.52407,1.80459,Plein jour,Hors agglomération,Hors intersection,Normale,Autre collision,,,,,,,,,,,1,1,1,1.0,6.0
201700006574,0017-06-22 19:15:00,17,6,22,19,15,780,499,Autoroute A10,48.55385,1.93024,Plein jour,Hors agglomération,Hors intersection,Normale,Deux véhicules - arrière,,,,,,,,,,,1,1,1,1.0,2.0
201700006575,0017-07-08 19:20:00,17,7,8,19,20,780,506,A11 pk 36+200,48.51477,1.77948,Plein jour,Hors agglomération,Hors intersection,Normale,Deux véhicules - arrière,,,,,,,,,,,1,1,1,1.0,2.0
201700006576,0017-08-19 09:30:00,17,8,19,9,30,780,9,Autoroute A10 - PK 036.6,48.46693,1.91271,Plein jour,Hors agglomération,Hors intersection,Normale,Deux véhicules - arrière,,,,,,,,,,,1,1,1,1.0,2.0
201700006577,0017-09-10 07:40:00,17,9,10,7,40,910,319,station service LIMOURS-,48.63698,2.14865,Plein jour,Hors agglomération,Hors intersection,Temps couvert,Deux véhicules - arrière,,,,,,,,,,,1,1,1,8.0,2.0
201700006578,0017-09-24 07:00:00,17,9,24,7,0,910,249,A.10 - PK.11+850 en dire,48.62004,2.0831,Nuit sans éclairage public,Hors agglomération,Hors intersection,Normale,Autre collision,,,,,,,,,,,3,1,1,1.0,6.0
201700006579,0017-10-01 08:10:00,17,10,1,8,10,910,249,A10 PK 011+400 sens Pari,48.60352,2.07493,Plein jour,Hors agglomération,Hors intersection,Normale,Autre collision,,,,,,,,,,,1,1,1,1.0,6.0
201700006580,0017-10-05 21:10:00,17,10,5,21,10,910,111,autoroute A10 sens 2 PK,48.62032,2.13183,Nuit sans éclairage public,Hors agglomération,Hors intersection,Normale,Autre collision,,,,,,,,,,,3,1,1,1.0,6.0
201700006581,0017-10-01 14:55:00,17,10,1,14,55,780,3,A11,48.52616,1.83243,Plein jour,Hors agglomération,Hors intersection,Normale,Autre collision,,,,,,,,,,,1,1,1,1.0,6.0
201700006582,0017-09-27 20:49:00,17,9,27,20,49,910,319,autoroute A10 PK 003.500,48.65073,2.17097,Nuit sans éclairage public,Hors agglomération,Hors intersection,Normale,Deux véhicules - arrière,,,,,,,,,,,3,1,1,1.0,2.0
201700006583,0017-10-26 01:35:00,17,10,26,1,35,910,111,Autoroute A10 - PK 007+2,48.62032,2.13183,Nuit sans éclairage public,Hors agglomération,Hors intersection,Brouillard / fumée,Deux véhicules - arrière,,,,,,,,,,,3,1,1,5.0,2.0
201700006584,0017-10-30 07:00:00,17,10,30,7,0,780,506,Autoroute A11 PK 35.150,48.51872,1.79492,Nuit sans éclairage public,Hors agglomération,Hors intersection,Normale,Deux véhicules - arrière,,,,,,,,,,,3,1,1,1.0,2.0
201700006585,0017-11-13 16:45:00,17,11,13,16,45,910,17,autoroute A10,48.59591,2.05056,Plein jour,Hors agglomération,Hors intersection,Normale,Autre collision,,,,,,,,,,,1,1,1,1.0,6.0
201700006586,0017-11-27 07:30:00,17,11,27,7,30,780,506,Autoroute A11 PK035+000,48.51872,1.79492,Nuit sans éclairage public,Hors agglomération,Hors intersection,Normale,Trois véhicules et plus - en chaîne,,,,,,,,,,,3,1,1,1.0,4.0
201700006587,0017-02-01 14:40:00,17,2,1,14,40,690,97,rd 502,45.51653,4.71711,Plein jour,Hors agglomération,Hors intersection,Normale,Sans collision,,,,,,,,,,,1,1,1,1.0,7.0
201700006588,0017-02-21 16:05:00,17,2,21,16,5,690,64,19 montée du rozay,45.46872,4.77071,Plein jour,Hors agglomération,Autre intersection,Normale,Deux véhicules - côté,,,,,,,,,,,1,1,9,1.0,3.0
201700006589,0017-03-15 17:55:00,17,3,15,17,55,690,235,RD 502 Pont Delattre de,45.52842,4.87209,Plein jour,En agglomération,Hors intersection,Normale,Trois véhicules et plus - en chaîne,,,,,,,,,,,1,2,1,1.0,4.0
201700006590,0017-03-29 13:20:00,17,3,29,13,20,690,235,619 route de rive de gie,45.534,4.85548,Plein jour,En agglomération,Hors intersection,Normale,Autre collision,,,,,,,,,,,1,2,1,1.0,6.0
201700006591,0017-05-21 19:00:00,17,5,21,19,0,690,80,Carrefour de la Croix Ré,45.52233,4.74355,Plein jour,Hors agglomération,Intersection en X,Normale,Deux véhicules - côté,,,,,,,,,,,1,1,2,1.0,3.0
201700006592,0017-06-18 00:30:00,17,6,18,0,30,690,253,10 route de Lyon,45.48535,4.77733,Nuit sans éclairage public,Hors agglomération,Hors intersection,Normale,Sans collision,,,,,,,,,,,3,1,1,1.0,7.0
201700006593,0017-06-17 17:38:00,17,6,17,17,38,690,97,D28E,45.50693,4.7214,Plein jour,Hors agglomération,Hors intersection,Normale,Deux véhicules - frontale,,,,,,,,,,,1,1,1,1.0,1.0
201700006594,0017-07-12 09:45:00,17,7,12,9,45,690,7,30 boulevard des allées,45.48872,4.80889,Plein jour,En agglomération,Hors intersection,Normale,Autre collision,,,,,,,,,,,1,2,1,1.0,6.0
201700006595,0017-07-26 17:00:00,17,7,26,17,0,690,80,ROUTE DE SAINT ROMAIN EN,45.55246,4.71456,Plein jour,Hors agglomération,Hors intersection,Normale,Sans collision,,,,,,,,,,,1,1,1,1.0,7.0
201700006596,0017-07-28 11:15:00,17,7,28,11,15,690,253,route de lyon,45.4734,4.77844,Plein jour,Hors agglomération,Hors intersection,Normale,Trois véhicules et plus - collisions multiples,,,,,,,,,,,1,1,1,1.0,5.0
201700006597,0017-09-08 07:30:00,17,9,8,7,30,690,118,1654 route de Beaucaire,45.56202,4.80658,Plein jour,En agglomération,Hors intersection,Normale,Trois véhicules et plus - en chaîne,,,,,,,,,,,1,2,1,1.0,4.0
201700006598,0017-10-22 02:45:00,17,10,22,2,45,690,80,"RD 59 - PK 9,1",45.54871,4.75432,Nuit sans éclairage public,Hors agglomération,Hors intersection,Normale,Sans collision,,,,,,,,,,,3,1,1,1.0,7.0
201700006599,0017-11-23 15:45:00,17,11,23,15,45,690,7,RD386,45.48789,4.80393,Plein jour,Hors agglomération,Hors intersection,Normale,Deux véhicules - côté,,,,,,,,,,,1,1,1,1.0,3.0
201700006600,0017-12-05 07:30:00,17,12,5,7,30,690,235,rd 386 Pk 29,45.53186,4.86343,Crépuscule ou aube,En agglomération,Hors intersection,Normale,Autre collision,,,,,,,,,,,2,2,1,1.0,6.0
201700006601,0017-01-04 13:40:00,17,1,4,13,40,330,5,RD3 / RD3E8,44.73973,-1.094,Plein jour,En agglomération,Intersection en X,Brouillard / fumée,Autre collision,,,,,,,,,,,1,2,2,5.0,6.0
201700006602,0017-01-09 07:45:00,17,1,9,7,45,330,229,RD3,44.70065,-1.0255,Nuit sans éclairage public,Hors agglomération,Hors intersection,Pluie légère,Autre collision,,,,,,,,,,,3,1,1,2.0,6.0
201700006603,0017-01-20 15:25:00,17,1,20,15,25,330,229,AVENUE CHARLES DE GAULLE,44.72313,-1.06758,Plein jour,En agglomération,Hors intersection,Normale,Autre collision,,,,,,,,,,,1,2,1,1.0,6.0
201700006604,0017-02-13 17:30:00,17,2,13,17,30,330,5,Av Gascogne/Pis.Cyc 802,44.73202,-1.07764,Plein jour,En agglomération,Intersection en X,Pluie légère,Deux véhicules - côté,,,,,,,,,,,1,2,2,2.0,3.0
201700006605,0017-02-26 00:15:00,17,2,26,0,15,330,229,RD3E9,44.74188,-1.02609,Nuit sans éclairage public,Hors agglomération,Hors intersection,Normale,Sans collision,,,,,,,,,,,3,1,1,1.0,7.0
201700006606,0017-06-07 22:00:00,17,6,7,22,0,330,229,Route de la Sablière,44.70649,-1.02492,Nuit avec éclairage allumé,En agglomération,Hors intersection,Normale,Autre collision,,,,,,,,,,,5,2,1,1.0,6.0
201700006607,0017-06-24 15:30:00,17,6,24,15,30,330,229,boulevard charles de gau,44.71583,-1.06288,Plein jour,En agglomération,Hors intersection,Normale,Deux véhicules - frontale,,,,,,,,,,,1,2,1,1.0,1.0
201700006608,0017-07-15 03:30:00,17,7,15,3,30,330,5,D215,44.77321,-1.05495,Nuit sans éclairage public,Hors agglomération,Hors intersection,Normale,Sans collision,,,,,,,,,,,3,1,1,1.0,7.0
201700006609,0017-10-05 11:30:00,17,10,5,11,30,330,229,D106 / D3E9,44.77838,-1.01879,Plein jour,Hors agglomération,Giratoire,Normale,Autre collision,,,,,,,,,,,1,1,6,1.0,6.0
201700006610,0017-10-19 11:20:00,17,10,19,11,20,330,5,34 Bvd de la République,44.73342,-1.08174,Plein jour,En agglomération,Hors intersection,Normale,Deux véhicules - frontale,,,,,,,,,,,1,2,1,1.0,1.0
201700006611,0017-10-20 08:15:00,17,10,20,8,15,330,229,04 avenue Berthoud,44.71271,-1.05488,Plein jour,En agglomération,Hors intersection,Normale,Deux véhicules - frontale,,,,,,,,,,,1,2,1,1.0,1.0
201700006612,0017-07-03 17:40:00,17,7,3,17,40,600,142,rue de paris,49.11994,2.53292,Plein jour,En agglomération,Hors intersection,Normale,Deux véhicules - côté,,,,,,,,,,,1,2,1,1.0,3.0
201700006613,0017-09-22 11:25:00,17,9,22,11,25,600,494,D118,49.11741,2.56711,Plein jour,Hors agglomération,Hors intersection,Temps couvert,Deux véhicules - côté,,,,,,,,,,,1,1,1,8.0,3.0
201700006614,0017-04-26 11:20:00,17,4,26,11,20,510,545,A26,48.72055,4.21729,Plein jour,Hors agglomération,Hors intersection,Normale,Sans collision,,,,,,,,,,,1,1,1,1.0,7.0
201700006615,0017-05-15 19:53:00,17,5,15,19,53,510,147,A4,49.02715,4.51802,Plein jour,Hors agglomération,Hors intersection,Normale,Autre collision,,,,,,,,,,,1,1,1,1.0,6.0
201700006616,0017-07-24 00:05:00,17,7,24,0,5,510,545,A26,48.74291,4.22804,Nuit sans éclairage public,Hors agglomération,Hors intersection,Pluie légère,Trois véhicules et plus - collisions multiples,,,,,,,,,,,3,1,1,2.0,5.0
201700006617,0017-08-06 15:05:00,17,8,6,15,5,510,205,A4,49.03405,4.36529,Plein jour,Hors agglomération,Hors intersection,Normale,Deux véhicules - côté,,,,,,,,,,,1,1,1,1.0,3.0
201700006618,0017-08-11 05:55:00,17,8,11,5,55,510,545,A26,48.7185,4.21628,Crépuscule ou aube,Hors agglomération,Hors intersection,Brouillard / fumée,Deux véhicules - arrière,,,,,,,,,,,2,1,1,5.0,2.0
201700006619,0017-09-02 03:45:00,17,9,2,3,45,510,160,A26,48.92234,4.2832,Nuit sans éclairage public,Hors agglomération,Hors intersection,Normale,Autre collision,,,,,,,,,,,3,1,1,1.0,6.0
201700006620,0017-09-04 15:30:00,17,9,4,15,30,510,545,A26,48.75147,4.2308,Plein jour,Hors agglomération,Hors intersection,Normale,Autre collision,,,,,,,,,,,1,1,1,1.0,6.0
201700006621,0017-01-23 16:35:00,17,1,23,16,35,770,71,Autoroute A6 PK 82+600,48.1967,2.80816,Plein jour,Hors agglomération,Hors intersection,Normale,Autre collision,,,,,,,,,,,1,1,1,1.0,6.0
201700006622,0017-02-05 04:10:00,17,2,5,4,10,770,333,Autoroute A6 PK 74+400,48.26276,2.72268,Nuit sans éclairage public,Hors agglomération,Hors intersection,Pluie forte,Autre collision,,,,,,,,,,,3,1,1,3.0,6.0
201700006623,0017-02-10 22:30:00,17,2,10,22,30,770,333,"A6, Lyon vers Paris, PK7",48.26276,2.72268,Nuit sans éclairage public,Hors agglomération,Hors intersection,Normale,Deux véhicules - arrière,,,,,,,,,,,3,1,1,1.0,2.0
201700006624,0017-02-22 04:45:00,17,2,22,4,45,770,359,Autoroute A6 PK 43+500 s,48.48248,2.51406,Nuit sans éclairage public,Hors agglomération,Hors intersection,Normale,Deux véhicules - arrière,,,,,,,,,,,3,1,1,1.0,2.0
201700006625,0017-03-09 04:30:00,17,3,9,4,30,450,32,A6 sens de circulation L,48.14844,2.90251,Nuit sans éclairage public,Hors agglomération,Hors intersection,Pluie légère,Sans collision,,,,,,,,,,,3,1,1,2.0,7.0
201700006626,0017-03-28 06:30:00,17,3,28,6,30,770,185,Péage de Fleury en Bière,48.43704,2.5357,Nuit avec éclairage allumé,Hors agglomération,Hors intersection,Normale,Autre collision,,,,,,,,,,,5,1,1,1.0,6.0
201700006627,0017-03-29 16:30:00,17,3,29,16,30,770,6,A6 PK53+800,,,Plein jour,Hors agglomération,Hors intersection,Normale,Autre collision,,,,,,,,,,,1,1,1,1.0,6.0
201700006628,0017-05-26 20:40:00,17,5,26,20,40,770,339,A6 PK 56+300 sens Lyon/P,48.38335,2.55846,Plein jour,Hors agglomération,Hors intersection,Normale,Autre collision,,,,,,,,,,,1,1,1,1.0,6.0
201700006629,0017-06-23 15:50:00,17,6,23,15,50,770,407,Autoroute A6 sens Paris,48.5191,2.50479,Plein jour,Hors agglomération,Hors intersection,Normale,Sans collision,,,,,,,,,,,1,1,1,1.0,7.0
201700006630,0017-07-14 09:45:00,17,7,14,9,45,770,477,A6 PK 61+500 en directio,48.33941,2.59219,Plein jour,Hors agglomération,Hors intersection,Normale,Deux véhicules - arrière,,,,,,,,,,,1,1,1,1.0,2.0
201700006631,0017-08-01 14:20:00,17,8,1,14,20,770,370,A77 sens Paris-province,48.21988,2.76952,Plein jour,Hors agglomération,Intersection en Y,Normale,Autre collision,,,,,,,,,,,1,1,4,1.0,6.0
201700006632,0017-08-05 06:50:00,17,8,5,6,50,770,185,départementale RD 637 po,48.4643,2.55222,Plein jour,Hors agglomération,Hors intersection,Normale,Autre collision,,,,,,,,,,,1,1,1,1.0,6.0
201700006633,0017-08-09 16:12:00,17,8,9,16,12,770,333,Autoroute A6 SENS LYON V,48.26276,2.72268,Plein jour,Hors agglomération,Hors intersection,Pluie forte,Autre collision,,,,,,,,,,,1,1,1,3.0,6.0
201700006634,0017-08-11 07:40:00,17,8,11,7,40,770,168,Autoroute A6 PK 90+200 s,48.16317,2.87463,Plein jour,Hors agglomération,Hors intersection,Temps couvert,Autre collision,,,,,,,,,,,1,1,1,8.0,6.0
201700006635,0017-09-09 12:05:00,17,9,9,12,5,770,185,autoroute A6,48.43704,2.5357,Plein jour,Hors agglomération,Hors intersection,Normale,Sans collision,,,,,,,,,,,1,1,1,1.0,7.0
201700006636,0017-09-17 12:30:00,17,9,17,12,30,770,477,"autoroute A6, pk 61+000,",48.33915,2.59353,Plein jour,Hors agglomération,Hors intersection,Normale,Autre collision,,,,,,,,,,,1,1,1,1.0,6.0
201700006637,0017-10-14 17:00:00,17,10,14,17,0,770,71,Autoroute A6 PK81+856 se,48.20388,2.78888,Plein jour,Hors agglomération,Hors intersection,Normale,Sans collision,,,,,,,,,,,1,1,1,1.0,7.0
201700006638,0017-10-15 18:15:00,17,10,15,18,15,770,69,Rd 637,48.46737,2.61169,Plein jour,Hors agglomération,Intersection en X,Normale,Deux véhicules - côté,,,,,,,,,,,1,1,2,1.0,3.0
201700006639,0017-10-16 10:35:00,17,10,16,10,35,770,333,Autoroute A6 PK71+450 se,48.28222,2.70083,Plein jour,Hors agglomération,Hors intersection,Normale,Deux véhicules - côté,,,,,,,,,,,1,1,1,1.0,3.0
201700006640,0017-10-19 13:30:00,17,10,19,13,30,770,370,Autoroute A6 - PK 78+200,48.23666,2.75333,Plein jour,Hors agglomération,Hors intersection,Normale,Deux véhicules - arrière,,,,,,,,,,,1,1,1,1.0,2.0
201700006641,0017-10-25 05:10:00,17,10,25,5,10,770,185,"Autoroute A6, sens PARIS",48.43704,2.5357,Nuit avec éclairage allumé,Hors agglomération,Autre intersection,Pluie légère,Autre collision,,,,,,,,,,,5,1,9,2.0,6.0
201700006642,0017-10-30 02:03:00,17,10,30,2,3,770,65,RN37,48.47114,2.52433,Nuit sans éclairage public,Hors agglomération,Hors intersection,Temps couvert,Autre collision,,,,,,,,,,,3,1,1,8.0,6.0
201700006643,0017-11-05 01:20:00,17,11,5,1,20,770,65,Autoroute A6 PK47.050 se,48.45289,2.5253,Nuit sans éclairage public,Hors agglomération,Hors intersection,Pluie forte,Autre collision,,,,,,,,,,,3,1,1,3.0,6.0
201700006644,0017-11-06 13:50:00,17,11,6,13,50,770,435,autoroute A6 Pk 41+600 s,48.50016,2.51305,Plein jour,Hors agglomération,Hors intersection,Normale,Autre collision,,,,,,,,,,,1,1,1,1.0,6.0
201700006645,0017-12-14 14:55:00,17,12,14,14,55,770,216,Autoroute A6 PK 69+850 a,48.29841,2.66937,Plein jour,Hors agglomération,Hors intersection,Normale,Autre collision,,,,,,,,,,,1,1,1,1.0,6.0
201700006646,0017-12-19 20:20:00,17,12,19,20,20,770,69,D607 X VC3,48.45751,2.58809,Nuit sans éclairage public,Hors agglomération,Intersection en X,Normale,Deux véhicules - côté,,,,,,,,,,,3,1,2,1.0,3.0
201700006647,0017-12-20 17:32:00,17,12,20,17,32,770,333,"autoroute A6, PK 73930",48.26276,2.72268,Nuit sans éclairage public,Hors agglomération,Hors intersection,Pluie légère,Autre collision,,,,,,,,,,,3,1,1,2.0,6.0
201700006648,0017-12-25 07:40:00,17,12,25,7,40,770,520,"Autoroute A6, sens PARIS",48.31376,2.63543,Crépuscule ou aube,Hors agglomération,Hors intersection,Temps couvert,Deux véhicules - frontale,,,,,,,,,,,2,1,1,8.0,1.0
201700006649,0017-01-14 07:10:00,17,1,14,7,10,620,121,"autoroute A1, sens Lille",,,Nuit sans éclairage public,Hors agglomération,Hors intersection,Normale,Deux véhicules - arrière,,,,,,,,,,,3,1,1,1.0,2.0
201700006650,0017-02-16 21:30:00,17,2,16,21,30,620,873,"autoroute A1, sens Paris",,,Nuit sans éclairage public,Hors agglomération,Autre intersection,Normale,Sans collision,,,,,,,,,,,3,1,9,1.0,7.0
201700006651,0017-02-17 08:45:00,17,2,17,8,45,620,873,AUTOROUTE A1 PK 164,,,Plein jour,Hors agglomération,Hors intersection,Normale,Deux véhicules - arrière,,,,,,,,,,,1,1,1,1.0,2.0
201700006652,0017-03-01 21:10:00,17,3,1,21,10,620,326,A1,,,Nuit sans éclairage public,Hors agglomération,Hors intersection,Pluie légère,Autre collision,,,,,,,,,,,3,1,1,2.0,6.0
201700006653,0017-03-14 13:45:00,17,3,14,13,45,620,718,Autoroute A1 PK 170.254,50.30611,2.89172,Plein jour,Hors agglomération,Hors intersection,Normale,Autre collision,,,,,,,,,,,1,1,1,1.0,6.0
201700006654,0017-04-30 12:45:00,17,4,30,12,45,620,761,Autoroute A1,,,Plein jour,Hors agglomération,Hors intersection,Normale,Autre collision,,,,,,,,,,,1,1,1,1.0,6.0
201700006655,0017-05-11 15:10:00,17,5,11,15,10,620,594,Autoroute A1 sens LILLE,,,Plein jour,Hors agglomération,Hors intersection,Normale,Sans collision,,,,,,,,,,,1,1,1,1.0,7.0
201700006656,0017-06-11 13:20:00,17,6,11,13,20,620,476,A1,,,Plein jour,Hors agglomération,Hors intersection,Normale,Autre collision,,,,,,,,,,,1,1,1,1.0,6.0
201700006657,0017-07-23 17:50:00,17,7,23,17,50,620,355,Bretelle de sortie autor,50.33542,2.92693,Plein jour,Hors agglomération,Hors intersection,Normale,Autre collision,,,,,,,,,,,1,1,1,1.0,6.0
201700006658,0017-08-29 08:10:00,17,8,29,8,10,620,476,A1,50.35086,2.94732,Plein jour,Hors agglomération,Hors intersection,Normale,Autre collision,,,,,,,,,,,1,1,1,1.0,6.0
201700006659,0017-09-22 11:00:00,17,9,22,11,0,620,829,autoroute A1 sens PARIS,,,Plein jour,Hors agglomération,Hors intersection,Normale,Autre collision,,,,,,,,,,,1,1,1,1.0,6.0
201700006660,0017-09-18 14:00:00,17,9,18,14,0,620,384,A26,,,Plein jour,Hors agglomération,Hors intersection,Normale,Autre collision,,,,,,,,,,,1,1,1,1.0,6.0
201700006661,0017-10-20 17:00:00,17,10,20,17,0,620,80,"autoroute A1, sens Paris",,,Plein jour,Hors agglomération,Hors intersection,Normale,Trois véhicules et plus - collisions multiples,,,,,,,,,,,1,1,1,1.0,5.0
201700006662,0017-11-03 11:20:00,17,11,3,11,20,620,494,A2,,,Plein jour,Hors agglomération,Hors intersection,Normale,Sans collision,,,,,,,,,,,1,1,1,1.0,7.0
201700006663,0017-12-05 08:30:00,17,12,5,8,30,620,624,autoroute A1,,,Plein jour,Hors agglomération,Hors intersection,Temps couvert,Deux véhicules - arrière,,,,,,,,,,,1,1,1,8.0,2.0
201700006664,0017-12-18 13:20:00,17,12,18,13,20,620,427,A1,,,Plein jour,Hors agglomération,Hors intersection,Normale,Trois véhicules et plus - collisions multiples,,,,,,,,,,,1,1,1,1.0,5.0
201700006665,0017-01-01 10:40:00,17,1,1,10,40,800,300,A29 - 246+300,49.83588,2.95484,Plein jour,Hors agglomération,Hors intersection,Brouillard / fumée,Autre collision,,,,,,,,,,,1,1,1,5.0,6.0
201700006666,0017-01-05 06:15:00,17,1,5,6,15,800,101,AUTOROUTE A1,49.64673,2.76025,Nuit sans éclairage public,Hors agglomération,Hors intersection,Pluie légère,Deux véhicules - côté,,,,,,,,,,,3,1,1,2.0,3.0
201700006667,0017-02-01 00:40:00,17,2,1,0,40,800,34,A29,49.83784,2.99018,Nuit sans éclairage public,Hors agglomération,Hors intersection,Brouillard / fumée,Autre collision,,,,,,,,,,,3,1,1,5.0,6.0
201700006668,0017-03-01 20:30:00,17,3,1,20,30,800,101,A1 - 94+300,49.64435,2.75967,Nuit sans éclairage public,Hors agglomération,Hors intersection,Temps couvert,Autre collision,,,,,,,,,,,3,1,1,8.0,6.0
201700006669,0017-03-18 08:00:00,17,3,18,8,0,800,421,A1 - 118+300,49.76594,2.79564,Crépuscule ou aube,Hors agglomération,Hors intersection,Pluie légère,Autre collision,,,,,,,,,,,2,1,1,2.0,6.0
201700006670,0017-06-03 01:40:00,17,6,3,1,40,800,421,A1 - 108+100,49.76594,2.79564,Nuit sans éclairage public,Hors agglomération,Hors intersection,Normale,Deux véhicules - arrière,,,,,,,,,,,3,1,1,1.0,2.0
201700006671,0017-06-14 12:00:00,17,6,14,12,0,800,204,A1,50.00848,2.87694,Plein jour,Hors agglomération,Hors intersection,Normale,Deux véhicules - arrière,,,,,,,,,,,1,1,1,1.0,2.0
201700006672,0017-06-25 16:10:00,17,6,25,16,10,800,521,A1 pk 131+900,49.98104,2.86764,Plein jour,Hors agglomération,Hors intersection,Normale,Autre collision,,,,,,,,,,,1,1,1,1.0,6.0
201700006673,0017-06-27 16:00:00,17,6,27,16,0,800,685,A1,49.69578,2.77191,Plein jour,Hors agglomération,Hors intersection,Normale,Deux véhicules - arrière,,,,,,,,,,,1,1,1,1.0,2.0
201700006674,0017-07-20 00:30:00,17,7,20,0,30,800,447,A1 - 115+045,49.82053,2.82261,Nuit sans éclairage public,Hors agglomération,Hors intersection,Normale,Deux véhicules - arrière,,,,,,,,,,,3,1,1,1.0,2.0
201700006675,0017-07-25 00:40:00,17,7,25,0,40,800,421,A1,49.76594,2.79564,Nuit sans éclairage public,Hors agglomération,Hors intersection,Normale,Sans collision,,,,,,,,,,,3,1,1,1.0,7.0
201700006676,0017-08-12 14:25:00,17,8,12,14,25,800,313,A1,49.9196,2.85103,Plein jour,Hors agglomération,Hors intersection,Normale,Autre collision,,,,,,,,,,,1,1,1,1.0,6.0
201700006677,0017-09-08 12:48:00,17,9,8,12,48,800,90,A1,49.84812,2.83149,Plein jour,Hors agglomération,Hors intersection,Pluie forte,Trois véhicules et plus - collisions multiples,,,,,,,,,,,1,1,1,3.0,5.0
201700006678,0017-11-08 07:02:00,17,11,8,7,2,800,288,A1 - PK 121+700 - SENS L,49.87991,2.83725,Crépuscule ou aube,Hors agglomération,Hors intersection,Normale,Deux véhicules - arrière,,,,,,,,,,,2,1,1,1.0,2.0
201700006679,0017-12-08 09:10:00,17,12,8,9,10,800,313,A1,49.9196,2.85103,Plein jour,Hors agglomération,Hors intersection,Pluie légère,Sans collision,,,,,,,,,,,1,1,1,2.0,7.0
201700006680,0017-01-04 16:20:00,17,1,4,16,20,130,37,A7,,,Plein jour,Hors agglomération,Hors intersection,Normale,Deux véhicules - arrière,,,,,,,,,,,1,1,1,1.0,2.0
201700006681,0017-01-17 13:30:00,17,1,17,13,30,130,118,"Autoroute A.8, point kil",43.55216,5.24895,Plein jour,Hors agglomération,Hors intersection,Normale,Sans collision,,,,,,,,,,,1,1,1,1.0,7.0
201700006682,0017-01-30 10:14:00,17,1,30,10,14,130,51,A7 Pk 236.250 sens Marse,,,Plein jour,Hors agglomération,Hors intersection,Normale,Deux véhicules - arrière,,,,,,,,,,,1,1,1,1.0,2.0
201700006683,0017-02-05 13:10:00,17,2,5,13,10,130,67,AUTOROUTE A7,43.78102,5.0543,Plein jour,Hors agglomération,Hors intersection,Pluie légère,Deux véhicules - côté,,,,,,,,,,,1,1,1,2.0,3.0
201700006684,0017-02-17 16:35:00,17,2,17,16,35,130,51,"Autoroute A7, pk 242+310",43.58845,5.19589,Plein jour,Hors agglomération,Hors intersection,Normale,Deux véhicules - arrière,,,,,,,,,,,1,1,1,1.0,2.0
201700006685,0017-02-26 23:30:00,17,2,26,23,30,130,69,"A7, PK236.600 sens LYON",43.62464,5.13089,Nuit sans éclairage public,Hors agglomération,Hors intersection,Normale,Deux véhicules - arrière,,,,,,,,,,,3,1,1,1.0,2.0
201700006686,0017-03-09 09:20:00,17,3,9,9,20,130,18,"A7, PK 204.883, SENS Mar",,,Plein jour,Hors agglomération,Hors intersection,Normale,Autre collision,,,,,,,,,,,1,1,1,1.0,6.0
201700006687,0017-03-12 19:30:00,17,3,12,19,30,130,51,A7 - PK 242.000 - SENS S,,,Nuit sans éclairage public,Hors agglomération,Hors intersection,Normale,Trois véhicules et plus - collisions multiples,,,,,,,,,,,3,1,1,1.0,5.0
201700006688,0017-03-26 06:40:00,17,3,26,6,40,130,97,"Autoroute A54, sens ST M",,,Nuit sans éclairage public,Hors agglomération,Hors intersection,Normale,Trois véhicules et plus - collisions multiples,,,,,,,,,,,3,1,1,1.0,5.0
201700006689,0017-04-14 17:00:00,17,4,14,17,0,130,51,"A7, PK 235.400, sens LYO",,,Plein jour,Hors agglomération,Hors intersection,Normale,Trois véhicules et plus - en chaîne,,,,,,,,,,,1,1,1,1.0,4.0
201700006690,0017-04-24 00:50:00,17,4,24,0,50,130,105,Autoroute A7 sens Sud /,,,Nuit sans éclairage public,Hors agglomération,Hors intersection,Normale,Deux véhicules - arrière,,,,,,,,,,,3,1,1,1.0,2.0
201700006691,0017-05-06 02:30:00,17,5,6,2,30,130,49,Autoroute A7 sens Sud /,,,Nuit sans éclairage public,Hors agglomération,Hors intersection,Normale,Deux véhicules - arrière,,,,,,,,,,,3,1,1,1.0,2.0