accident_id,datetime,annee,mois,jour,heure,minute,departement,commune_insee,adresse,latitude,longitude,luminosite,agglomeration,intersection,meteo,collision,nb_vehicules,nb_usagers,nb_indemnes,nb_tues,nb_blesses_hosp,nb_blesses_legers,age_cond_1,age_cond_2,veh_type_cond_1,veh_type_cond_2,lum_code,agg_code,int_code,atm_code,col_code
201700007411,0017-09-07 08:33:00,17,9,7,8,33,60,85,autoroute A8 PK 164.400,43.58388,7.0122,Plein jour,Hors agglomération,Hors intersection,Normale,Trois véhicules et plus - en chaîne,,,,,,,,,,,1,1,1,1.0,4.0
201700007412,0017-09-17 22:20:00,17,9,17,22,20,60,123,Autoroute A8 sortie Sain,43.66612,7.18838,Nuit sans éclairage public,Hors agglomération,Hors intersection,Normale,Autre collision,,,,,,,,,,,3,1,1,1.0,6.0
201700007413,0017-09-20 07:45:00,17,9,20,7,45,60,79,A8,43.55784,6.9508,Plein jour,Hors agglomération,Autre intersection,Normale,Deux véhicules - côté,,,,,,,,,,,1,1,9,1.0,3.0
201700007414,0017-10-10 18:45:00,17,10,10,18,45,60,123,autoroute a 8 pk 184.500,43.70554,7.17464,Nuit sans éclairage public,Hors agglomération,Hors intersection,Normale,Trois véhicules et plus - en chaîne,,,,,,,,,,,3,1,1,1.0,4.0
201700007415,0017-10-13 05:00:00,17,10,13,5,0,60,161,A8 PK 178.000,43.6358,7.12739,Nuit avec éclairage allumé,Hors agglomération,Hors intersection,Normale,Deux véhicules - arrière,,,,,,,,,,,5,1,1,1.0,2.0
201700007416,0017-11-15 18:45:00,17,11,15,18,45,60,123,Autoroute A8 - PK 184.40,43.66612,7.18838,Nuit sans éclairage public,Hors agglomération,Hors intersection,Normale,Deux véhicules - arrière,,,,,,,,,,,3,1,1,1.0,2.0
201700007417,0017-11-25 14:00:00,17,11,25,14,0,60,79,"A8, PK 159.400",43.55754,6.95511,Plein jour,Hors agglomération,Hors intersection,Normale,Autre collision,,,,,,,,,,,1,1,1,1.0,6.0
201700007418,0017-12-14 11:15:00,17,12,14,11,15,830,1,A8,43.54324,6.81673,Plein jour,Hors agglomération,Hors intersection,Normale,Trois véhicules et plus - collisions multiples,,,,,,,,,,,1,1,1,1.0,5.0
201700007419,0017-12-20 10:40:00,17,12,20,10,40,830,61,A8 PK 138.350 NORD,43.49097,6.74149,Plein jour,Hors agglomération,Hors intersection,Temps couvert,Autre collision,,,,,,,,,,,1,1,1,8.0,6.0
201700007420,0017-12-28 12:25:00,17,12,28,12,25,60,85,AUTOROUTE - pk 165.000,43.58569,7.00374,Plein jour,Hors agglomération,Hors intersection,Normale,Sans collision,,,,,,,,,,,1,1,1,1.0,7.0
201700007421,0017-08-19 14:30:00,17,8,19,14,30,640,520,A64,43.3219,-0.26354,Plein jour,Hors agglomération,Autre intersection,Normale,Deux véhicules - arrière,,,,,,,,,,,1,1,9,1.0,2.0
201700007422,0017-09-09 08:30:00,17,9,9,8,30,640,430,A64,43.46966,-0.7497,Plein jour,Hors agglomération,Hors intersection,Pluie légère,Autre collision,,,,,,,,,,,1,1,1,2.0,6.0
201700007423,0017-10-09 15:00:00,17,10,9,15,0,640,430,RD 817,43.47798,-0.73994,Plein jour,Hors agglomération,Hors intersection,Normale,Deux véhicules - frontale,,,,,,,,,,,1,1,1,1.0,1.0
201700007424,0017-10-20 20:30:00,17,10,20,20,30,640,146,A 65,43.4389,-0.40108,Nuit sans éclairage public,Hors agglomération,Hors intersection,Normale,Trois véhicules et plus - collisions multiples,,,,,,,,,,,3,1,1,1.0,5.0
201700007425,0017-11-19 06:44:00,17,11,19,6,44,640,560,A 65,43.46177,-0.37601,Nuit sans éclairage public,Hors agglomération,Hors intersection,Brouillard / fumée,Autre collision,,,,,,,,,,,3,1,1,5.0,6.0
201700007426,0017-01-19 07:50:00,17,1,19,7,50,660,12,ANCIEN CHEMIN DE PEZILLA,42.69998,2.83577,Crépuscule ou aube,Hors agglomération,Hors intersection,Normale,Deux véhicules - frontale,,,,,,,,,,,2,1,1,1.0,1.0
201700007427,0017-06-30 07:25:00,17,6,30,7,25,660,136,d11,,,Plein jour,Hors agglomération,Hors intersection,Normale,Deux véhicules - côté,,,,,,,,,,,1,1,1,1.0,3.0
201700007428,0017-08-28 03:40:00,17,8,28,3,40,660,12,d1,,,Nuit sans éclairage public,Hors agglomération,Hors intersection,Normale,Autre collision,,,,,,,,,,,3,1,1,1.0,6.0
201700007429,0017-07-05 22:45:00,17,7,5,22,45,290,141,rue d'Huelgoat,48.31955,-3.85587,Nuit sans éclairage public,En agglomération,Hors intersection,Normale,Sans collision,,,,,,,,,,,3,2,1,1.0,7.0
201700007430,0017-12-31 19:40:00,17,12,31,19,40,630,430,PK 429+100 A89,,,Nuit sans éclairage public,Hors agglomération,Hors intersection,Normale,Deux véhicules - arrière,,,,,,,,,,,3,1,1,1.0,2.0
201700007431,0017-01-11 07:40:00,17,1,11,7,40,630,265,A.89,45.84979,3.42744,Nuit sans éclairage public,Hors agglomération,Hors intersection,Pluie légère,Deux véhicules - arrière,,,,,,,,,,,3,1,1,2.0,2.0
201700007432,0017-02-22 20:20:00,17,2,22,20,20,630,430,A89 - PK 431+110,45.86759,3.53549,Nuit sans éclairage public,Hors agglomération,Hors intersection,Normale,Deux véhicules - arrière,,,,,,,,,,,3,1,1,1.0,2.0
201700007433,0017-07-17 11:05:00,17,7,17,11,5,630,213,péage des Martres d'Arti,45.82809,3.2385,Plein jour,Hors agglomération,Hors intersection,Normale,Trois véhicules et plus - collisions multiples,,,,,,,,,,,1,1,1,1.0,5.0
201700007434,0017-11-14 18:30:00,17,11,14,18,30,630,200,A89 pk 405+675,45.82773,3.21544,Nuit sans éclairage public,Hors agglomération,Hors intersection,Normale,Trois véhicules et plus - collisions multiples,,,,,,,,,,,3,1,1,1.0,5.0
201700007435,0017-02-09 07:30:00,17,2,9,7,30,740,169,route de la colombière,46.05476,6.53446,Crépuscule ou aube,En agglomération,Hors intersection,Normale,Autre collision,,,,,,,,,,,2,2,1,1.0,6.0
201700007436,0017-02-27 14:25:00,17,2,27,14,25,740,81,allée des écoliers,46.06848,6.57219,Plein jour,En agglomération,Hors intersection,Normale,Autre collision,,,,,,,,,,,1,2,1,1.0,6.0
201700007437,0017-03-15 17:25:00,17,3,15,17,25,740,81,RUE DU DOCTEUR GALLET,46.07431,6.56599,Plein jour,En agglomération,Hors intersection,Normale,Autre collision,,,,,,,,,,,1,2,1,1.0,6.0
201700007438,0017-03-15 16:30:00,17,3,15,16,30,740,169,route du mont saxonnex,46.05556,6.51817,Plein jour,Hors agglomération,Hors intersection,Normale,Deux véhicules - côté,,,,,,,,,,,1,1,1,1.0,3.0
201700007439,0017-04-02 03:10:00,17,4,2,3,10,740,169,D4 - l'étoile,46.05559,6.52982,Nuit sans éclairage public,Hors agglomération,Hors intersection,Normale,Autre collision,,,,,,,,,,,3,1,1,1.0,6.0
201700007440,0017-04-29 07:20:00,17,4,29,7,20,740,81,avenue des glières,46.07831,6.56012,Plein jour,En agglomération,Intersection en T,Normale,Deux véhicules - côté,,,,,,,,,,,1,2,3,1.0,3.0
201700007441,0017-05-27 13:05:00,17,5,27,13,5,740,81,710 avenue des glières,46.07047,6.57112,Plein jour,En agglomération,Hors intersection,Normale,Autre collision,,,,,,,,,,,1,2,1,1.0,6.0
201700007442,0017-05-30 08:00:00,17,5,30,8,0,740,169,,46.06486,6.52633,Plein jour,Hors agglomération,Hors intersection,Normale,Autre collision,,,,,,,,,,,1,1,1,1.0,6.0
201700007443,0017-06-17 09:55:00,17,6,17,9,55,740,81,25 avenue de la sardagne,46.06754,6.56735,Plein jour,En agglomération,Hors intersection,Normale,Autre collision,,,,,,,,,,,1,2,1,1.0,6.0
201700007444,0017-06-23 17:30:00,17,6,23,17,30,740,169,,46.06486,6.52633,Plein jour,Hors agglomération,Hors intersection,Temps éblouissant,Deux véhicules - côté,,,,,,,,,,,1,1,1,7.0,3.0
201700007445,0017-07-02 00:25:00,17,7,2,0,25,740,169,lieu dit blanzy,46.05248,6.53101,Nuit sans éclairage public,Hors agglomération,Autre intersection,Normale,Autre collision,,,,,,,,,,,3,1,9,1.0,6.0
201700007446,0017-07-09 15:50:00,17,7,9,15,50,740,264,Avenue du Mont-Blanc,46.05652,6.56801,Plein jour,En agglomération,Hors intersection,Normale,Deux véhicules - côté,,,,,,,,,,,1,2,1,1.0,3.0
201700007447,0017-07-18 19:30:00,17,7,18,19,30,740,81,AV GEORGES CLEMENCEAU,46.06331,6.57931,Plein jour,En agglomération,Hors intersection,Normale,Autre collision,,,,,,,,,,,1,2,1,1.0,6.0
201700007448,0017-07-27 17:15:00,17,7,27,17,15,740,81,avenue du noiret,46.06792,6.57913,Plein jour,En agglomération,Intersection en T,Normale,Deux véhicules - côté,,,,,,,,,,,1,2,3,1.0,3.0
201700007449,0017-08-04 23:30:00,17,8,4,23,30,740,169,Avenue de France,46.07289,6.53243,Nuit avec éclairage non allumé,En agglomération,Hors intersection,Normale,Autre collision,,,,,,,,,,,4,2,1,1.0,6.0
201700007450,0017-08-29 22:35:00,17,8,29,22,35,740,196,,46.03307,6.57592,Nuit sans éclairage public,Hors agglomération,Hors intersection,Normale,Sans collision,,,,,,,,,,,3,1,1,1.0,7.0
201700007451,0017-09-04 09:30:00,17,9,4,9,30,740,81,21 rue Nicolas girod,46.06915,6.56771,Plein jour,En agglomération,Giratoire,Normale,Deux véhicules - côté,,,,,,,,,,,1,2,6,1.0,3.0
201700007452,0017-09-05 12:50:00,17,9,5,12,50,740,169,Route de  la colombière,46.05248,6.53101,Plein jour,En agglomération,Intersection en T,Normale,Deux véhicules - frontale,,,,,,,,,,,1,2,3,1.0,1.0
201700007453,0017-09-08 18:56:00,17,9,8,18,56,740,169,ROUTE DU MONT SAXONNEX,46.05556,6.51817,Crépuscule ou aube,Hors agglomération,Hors intersection,Normale,Sans collision,,,,,,,,,,,2,1,1,1.0,7.0
201700007454,0017-09-09 21:25:00,17,9,9,21,25,740,81,22 rue du bargy,46.06565,6.56261,Nuit avec éclairage allumé,En agglomération,Intersection en X,Temps couvert,Autre collision,,,,,,,,,,,5,2,2,8.0,6.0
201700007455,0017-10-02 07:50:00,17,10,2,7,50,740,264,Avenue de la libération,46.05748,6.5491,Plein jour,En agglomération,Hors intersection,Temps couvert,Autre collision,,,,,,,,,,,1,2,1,8.0,6.0
201700007456,0017-10-28 11:55:00,17,10,28,11,55,740,169,720 avenue du stade,46.06267,6.52769,Plein jour,En agglomération,Intersection en T,Normale,Deux véhicules - côté,,,,,,,,,,,1,2,3,1.0,3.0
201700007457,0017-10-29 19:15:00,17,10,29,19,15,740,264,Avenue de la Libération,46.05682,6.54464,Nuit avec éclairage allumé,En agglomération,Hors intersection,Normale,Autre collision,,,,,,,,,,,5,2,1,1.0,6.0
201700007458,0017-11-01 12:30:00,17,11,1,12,30,740,81,avenue de la Sardagne,46.07451,6.55414,Plein jour,En agglomération,Hors intersection,Normale,Autre collision,,,,,,,,,,,1,2,1,1.0,6.0
201700007459,0017-12-01 18:45:00,17,12,1,18,45,740,81,route de chamonix,46.05531,6.58126,Nuit avec éclairage allumé,En agglomération,Hors intersection,Normale,Trois véhicules et plus - en chaîne,,,,,,,,,,,5,2,1,1.0,4.0
201700007460,0017-11-24 17:15:00,17,11,24,17,15,740,264,RUE DU COLLÈGE,46.06674,6.54283,Crépuscule ou aube,En agglomération,Hors intersection,Normale,Deux véhicules - côté,,,,,,,,,,,2,2,1,1.0,3.0
201700007461,0017-12-13 08:00:00,17,12,13,8,0,740,81,rue du pont,46.06747,6.56003,Plein jour,En agglomération,Hors intersection,Normale,Autre collision,,,,,,,,,,,1,2,1,1.0,6.0
201700007462,0017-12-19 19:15:00,17,12,19,19,15,740,264,,46.06232,6.54773,Nuit sans éclairage public,Hors agglomération,Hors intersection,Normale,Autre collision,,,,,,,,,,,3,1,1,1.0,6.0
201700007463,0017-12-26 15:00:00,17,12,26,15,0,740,81,,46.05387,6.58288,Plein jour,Hors agglomération,Hors intersection,Normale,Deux véhicules - frontale,,,,,,,,,,,1,1,1,1.0,1.0
201700007464,0017-05-29 08:00:00,17,5,29,8,0,240,520,RD704,44.88288,1.20392,Plein jour,Hors agglomération,Hors intersection,Normale,Deux véhicules - frontale,,,,,,,,,,,1,1,1,1.0,1.0
201700007465,0017-02-15 10:10:00,17,2,15,10,10,720,93,LE MOULIN DE PLANCHETTE,48.13337,0.69115,Plein jour,Hors agglomération,Hors intersection,Normale,Deux véhicules - arrière,,,,,,,,,,,1,1,1,1.0,2.0
201700007466,0017-03-31 10:45:00,17,3,31,10,45,720,300,"A11 - PK 157,400",48.05453,0.36164,Plein jour,Hors agglomération,Hors intersection,Normale,Sans collision,,,,,,,,,,,1,1,1,1.0,7.0
201700007467,0017-04-07 14:35:00,17,4,7,14,35,720,300,A11 - PK 156.700 - SENS,48.05453,0.36164,Plein jour,Hors agglomération,Hors intersection,Temps éblouissant,Sans collision,,,,,,,,,,,1,1,1,7.0,7.0
201700007468,0017-05-15 04:15:00,17,5,15,4,15,720,80,autoroute A11 - point ki,48.13907,0.65254,Nuit sans éclairage public,Hors agglomération,Hors intersection,Normale,Deux véhicules - arrière,,,,,,,,,,,3,1,1,1.0,2.0
201700007469,0017-05-18 14:55:00,17,5,18,14,55,720,132,D97 lieu-dit L'arche,48.16476,0.62503,Plein jour,Hors agglomération,Hors intersection,Pluie forte,Deux véhicules - frontale,,,,,,,,,,,1,1,1,3.0,1.0
201700007470,0017-05-24 15:20:00,17,5,24,15,20,720,105,autoroute A11 pk 127+600,48.1643,0.72928,Plein jour,Hors agglomération,Hors intersection,Normale,Trois véhicules et plus - collisions multiples,,,,,,,,,,,1,1,1,1.0,5.0
201700007471,0017-06-12 14:15:00,17,6,12,14,15,720,31,A11-PK144.300-Sens PARIS,48.0882,0.50577,Plein jour,Hors agglomération,Hors intersection,Normale,Autre collision,,,,,,,,,,,1,1,1,1.0,6.0
201700007472,0017-07-05 02:05:00,17,7,5,2,5,720,93,A11,48.14856,0.68844,Nuit sans éclairage public,Hors agglomération,Hors intersection,Normale,Trois véhicules et plus - en chaîne,,,,,,,,,,,3,1,1,1.0,4.0
201700007473,0017-10-10 01:00:00,17,10,10,1,0,720,105,autoroute a 11 pk 127+60,48.16033,0.73534,Nuit sans éclairage public,Hors agglomération,Hors intersection,Normale,Deux véhicules - arrière,,,,,,,,,,,3,1,1,1.0,2.0
201700007474,0017-12-06 04:00:00,17,12,6,4,0,720,241,A11,48.06272,0.39643,Nuit sans éclairage public,Hors agglomération,Hors intersection,Normale,Deux véhicules - arrière,,,,,,,,,,,3,1,1,1.0,2.0
201700007475,0017-04-18 19:45:00,17,4,18,19,45,890,379,"PK 216+870, sens Lyon/Pa",47.5054,4.0885,Plein jour,Hors agglomération,Hors intersection,Temps éblouissant,Deux véhicules - arrière,,,,,,,,,,,1,1,1,7.0,2.0
201700007476,0017-05-22 12:10:00,17,5,22,12,10,890,208,Autoroute A6 PK 193+800,47.63511,3.90657,Plein jour,Hors agglomération,Hors intersection,Normale,Sans collision,,,,,,,,,,,1,1,1,1.0,7.0
201700007477,0017-05-24 18:12:00,17,5,24,18,12,890,341,Autoroute A6 - Point kil,47.70983,3.78857,Plein jour,Hors agglomération,Hors intersection,Normale,Sans collision,,,,,,,,,,,1,1,1,1.0,7.0
201700007478,0017-06-15 00:01:00,17,6,15,0,1,890,277,AUTOROUTE A6 - Point kil,47.65927,3.88659,Nuit sans éclairage public,Hors agglomération,Hors intersection,Normale,Deux véhicules - arrière,,,,,,,,,,,3,1,1,1.0,2.0
201700007479,0017-06-15 18:10:00,17,6,15,18,10,890,341,Autoroute A6 pk 181.400,47.70705,3.79428,Plein jour,Hors agglomération,Hors intersection,Normale,Sans collision,,,,,,,,,,,1,1,1,1.0,7.0
201700007480,0017-07-08 10:00:00,17,7,8,10,0,890,379,Autoroute A6,47.4982,4.11369,Plein jour,Hors agglomération,Autre intersection,Normale,Autre collision,,,,,,,,,,,1,1,9,1.0,6.0
201700007481,0017-08-13 22:15:00,17,8,13,22,15,890,235,A6 sens PARIS-LYON PK 21,47.50618,4.01171,Nuit sans éclairage public,Hors agglomération,Hors intersection,Normale,Deux véhicules - arrière,,,,,,,,,,,3,1,1,1.0,2.0
201700007482,0017-10-10 10:30:00,17,10,10,10,30,890,415,"autoroute A/6, PK 199+10",47.58751,3.91967,Plein jour,Hors agglomération,Hors intersection,Normale,Deux véhicules - arrière,,,,,,,,,,,1,1,1,1.0,2.0
201700007483,0017-11-13 19:00:00,17,11,13,19,0,890,341,Autoroute A6,47.70426,3.80065,Nuit sans éclairage public,Hors agglomération,Hors intersection,Pluie légère,Deux véhicules - arrière,,,,,,,,,,,3,1,1,2.0,2.0
201700007484,0017-12-09 02:35:00,17,12,9,2,35,890,333,A6,47.50449,4.0479,Nuit sans éclairage public,Hors agglomération,Hors intersection,Normale,Sans collision,,,,,,,,,,,3,1,1,1.0,7.0
201700007485,0017-03-11 04:23:00,17,3,11,4,23,850,298,RUE GEORGES CLEMENCEAU,46.60634,-1.76155,Nuit avec éclairage allumé,En agglomération,Intersection en T,Normale,Deux véhicules - frontale,,,,,,,,,,,5,2,3,1.0,1.0
201700007486,0017-04-05 15:25:00,17,4,5,15,25,850,234,rue Yves MONTANT et Simo,46.79568,-2.06086,Plein jour,En agglomération,Intersection en Y,Normale,Deux véhicules - arrière,,,,,,,,,,,1,2,4,1.0,2.0
201700007487,0017-06-12 07:45:00,17,6,12,7,45,850,15,L'IMONNIERE,46.82146,-1.54205,Plein jour,Hors agglomération,Hors intersection,Normale,Deux véhicules - frontale,,,,,,,,,,,1,1,1,1.0,1.0
201700007488,0017-08-28 12:32:00,17,8,28,12,32,850,3,LES QUATRE CHEMINS,46.71861,-1.67524,Plein jour,Hors agglomération,Hors intersection,Normale,Trois véhicules et plus - en chaîne,,,,,,,,,,,1,1,1,1.0,4.0
201700007489,0017-09-13 14:50:00,17,9,13,14,50,850,70,Buron,46.70491,-1.72511,Plein jour,Hors agglomération,Intersection en T,Normale,Deux véhicules - côté,,,,,,,,,,,1,1,3,1.0,3.0
201700007490,0017-10-17 09:02:00,17,10,17,9,2,850,260,,46.80908,-1.66829,Plein jour,Hors agglomération,Hors intersection,Normale,Autre collision,,,,,,,,,,,1,1,1,1.0,6.0
201700007491,0017-10-17 17:41:00,17,10,17,17,41,850,204,LA GIBERTIERE,46.80929,-1.74282,Plein jour,Hors agglomération,Hors intersection,Normale,Autre collision,,,,,,,,,,,1,1,1,1.0,6.0
201700007492,0017-11-09 17:10:00,17,11,9,17,10,850,100,LE POINT DU JOUR,46.69303,-1.88767,Plein jour,Hors agglomération,Intersection en T,Normale,Trois véhicules et plus - collisions multiples,,,,,,,,,,,1,1,3,1.0,5.0
201700007493,0017-12-01 16:30:00,17,12,1,16,30,850,222,Rue de la Bégaudière,46.68685,-1.90914,Plein jour,En agglomération,Intersection en Y,Normale,Deux véhicules - côté,,,,,,,,,,,1,2,4,1.0,3.0
201700007494,0017-12-15 18:21:00,17,12,15,18,21,850,226,LE BOIS JUCAUD,46.75092,-1.9486,Nuit sans éclairage public,Hors agglomération,Hors intersection,Normale,Trois véhicules et plus - collisions multiples,,,,,,,,,,,3,1,1,1.0,5.0
201700007495,0017-02-24 17:00:00,17,2,24,17,0,90,122,"1A, DE GAULLE (AVENUE DU",42.9613,1.60915,Plein jour,En agglomération,Hors intersection,Normale,Sans collision,,,,,,,,,,,1,2,1,1.0,7.0
201700007496,0017-06-07 16:06:00,17,6,7,16,6,90,122,20 (R.N.) TUNNEL,42.95632,1.62399,Plein jour,Hors agglomération,Hors intersection,Normale,Deux véhicules - frontale,,,,,,,,,,,1,1,1,1.0,1.0
201700007497,0017-06-26 11:30:00,17,6,26,11,30,90,122,ROQUEFIXADE (ROUTE DE),42.95298,1.62651,Plein jour,En agglomération,Intersection en T,Pluie légère,Deux véhicules - côté,,,,,,,,,,,1,2,3,2.0,3.0
201700007498,0017-06-11 09:24:00,17,6,11,9,24,90,122,BARCELONE (AVENUE DE),42.96203,1.61331,Plein jour,En agglomération,Hors intersection,Normale,Autre collision,,,,,,,,,,,1,2,1,1.0,6.0
201700007499,0017-08-05 19:15:00,17,8,5,19,15,90,122,D17,42.96051,1.58478,Plein jour,Hors agglomération,Hors intersection,Normale,Trois véhicules et plus - collisions multiples,,,,,,,,,,,1,1,1,1.0,5.0
201700007500,0017-08-27 19:30:00,17,8,27,19,30,90,122,"35, LECLERC (AVENUE DU G",42.97265,1.60792,Plein jour,En agglomération,Hors intersection,Pluie forte,Autre collision,,,,,,,,,,,1,2,1,3.0,6.0
201700007501,0017-09-28 08:47:00,17,9,28,8,47,90,122,"9, LERIDA (AVENUE DE)",42.964,1.602,Plein jour,En agglomération,Hors intersection,Temps éblouissant,Autre collision,,,,,,,,,,,1,2,1,7.0,6.0
201700007502,0017-10-30 16:30:00,17,10,30,16,30,90,122,"36, LECLERC (AVENUE DU G",42.9749,1.60806,Plein jour,En agglomération,Intersection en Y,Pluie légère,Trois véhicules et plus - en chaîne,,,,,,,,,,,1,2,4,2.0,4.0
201700007503,0017-11-27 13:00:00,17,11,27,13,0,90,122,ESPAGNE (ROUTE D'),42.95154,1.62438,Plein jour,En agglomération,Hors intersection,Normale,Deux véhicules - côté,,,,,,,,,,,1,2,1,1.0,3.0
201700007504,0017-03-26 06:34:00,17,3,26,6,34,380,253,"RD2091, PK 38",45.02714,6.07783,Nuit avec éclairage allumé,Hors agglomération,Hors intersection,Autre,Deux véhicules - frontale,,,,,,,,,,,5,1,1,9.0,1.0
201700007505,0017-08-21 12:40:00,17,8,21,12,40,380,253,route de secours,45.02462,6.13582,Plein jour,Hors agglomération,Hors intersection,Normale,Deux véhicules - frontale,,,,,,,,,,,1,1,1,1.0,1.0
201700007506,0017-01-22 06:20:00,17,1,22,6,20,90,225,"61, RIJOLE AVENUE DE LA",43.12544,1.62096,Nuit avec éclairage allumé,En agglomération,Hors intersection,Normale,Autre collision,,,,,,,,,,,5,2,1,1.0,6.0
201700007507,0017-02-03 12:30:00,17,2,3,12,30,90,225,ROUTE NATIONALE 20 (VOIE,43.12491,1.62882,Plein jour,Hors agglomération,Hors intersection,Pluie légère,Autre collision,,,,,,,,,,,1,1,1,2.0,6.0
201700007508,0017-03-19 07:50:00,17,3,19,7,50,90,225,"3, CHEMINOTS RUE DES",43.12316,1.61757,Plein jour,En agglomération,Hors intersection,Normale,Autre collision,,,,,,,,,,,1,2,1,1.0,6.0
201700007509,0017-04-13 10:10:00,17,4,13,10,10,90,225,"7, FREDERIC SOULIE RUE",43.11562,1.61517,Plein jour,En agglomération,Hors intersection,Normale,Autre collision,,,,,,,,,,,1,2,1,1.0,6.0
201700007510,0017-05-14 01:40:00,17,5,14,1,40,90,225,"47, RIJOLE AVENUE DE LA",43.12313,1.62084,Nuit avec éclairage allumé,En agglomération,Hors intersection,Normale,Autre collision,,,,,,,,,,,5,2,1,1.0,6.0
201700007511,0017-06-08 08:45:00,17,6,8,8,45,90,225,TOULOUSE ROUTE DE,43.13762,1.6065,Plein jour,En agglomération,Hors intersection,Normale,Deux véhicules - frontale,,,,,,,,,,,1,2,1,1.0,1.0
201700007512,0017-07-18 13:00:00,17,7,18,13,0,90,225,VICTOR HUGO RUE,43.11553,1.61421,Plein jour,En agglomération,Hors intersection,Normale,Autre collision,,,,,,,,,,,1,2,1,1.0,6.0
201700007513,0017-08-25 10:25:00,17,8,25,10,25,90,225,"1, IMPASSE DES TROIS PIG",43.11646,1.61036,Plein jour,En agglomération,Hors intersection,Normale,Autre collision,,,,,,,,,,,1,2,1,1.0,6.0
201700007514,0017-09-22 16:50:00,17,9,22,16,50,90,225,ROUTE NATIONALE 20 (VOIE,43.09772,1.63328,Plein jour,Hors agglomération,Hors intersection,Normale,Autre collision,,,,,,,,,,,1,1,1,1.0,6.0
201700007515,0017-10-06 11:15:00,17,10,6,11,15,90,225,VILLENEUVE ROUTE DE,43.14186,1.63241,Plein jour,Hors agglomération,Hors intersection,Normale,Autre collision,,,,,,,,,,,1,1,1,1.0,6.0
201700007516,0017-11-30 19:40:00,17,11,30,19,40,90,225,"69, CAPITAINE TOURNISSA",43.10567,1.62382,Nuit avec éclairage allumé,En agglomération,Intersection en Y,Normale,Deux véhicules - côté,,,,,,,,,,,5,2,4,1.0,3.0
201700007517,0017-01-31 17:15:00,17,1,31,17,15,310,254,l'occitane - rue pierre,43.53866,1.51553,Plein jour,En agglomération,Giratoire,Normale,Deux véhicules - côté,,,,,,,,,,,1,2,6,1.0,3.0
201700007518,0017-02-16 16:02:00,17,2,16,16,2,310,374,A61 - PK 257.200,43.43078,1.62717,Plein jour,Hors agglomération,Hors intersection,Normale,Deux véhicules - arrière,,,,,,,,,,,1,1,1,1.0,2.0
201700007519,0017-04-04 09:50:00,17,4,4,9,50,310,26,RD1 PR 64.456,43.5254,1.79183,Plein jour,Hors agglomération,Hors intersection,Normale,Autre collision,,,,,,,,,,,1,1,1,1.0,6.0
201700007520,0017-04-18 19:28:00,17,4,18,19,28,310,254,rd916,43.52926,1.5215,Plein jour,Hors agglomération,Hors intersection,Normale,Trois véhicules et plus - collisions multiples,,,,,,,,,,,1,1,1,1.0,5.0
201700007521,0017-05-15 15:50:00,17,5,15,15,50,310,33,D820 - chemin des bruzes,43.37984,1.44494,Plein jour,Hors agglomération,Intersection en T,Normale,Trois véhicules et plus - collisions multiples,,,,,,,,,,,1,1,3,1.0,5.0
201700007522,0017-06-14 22:55:00,17,6,14,22,55,310,254,RD916,43.52301,1.52582,Nuit sans éclairage public,Hors agglomération,Hors intersection,Normale,Deux véhicules - côté,,,,,,,,,,,3,1,1,1.0,3.0
201700007523,0017-06-17 03:30:00,17,6,17,3,30,310,37,A61 - pk 271.000,43.3643,1.7726,Nuit sans éclairage public,Hors agglomération,Hors intersection,Normale,Deux véhicules - arrière,,,,,,,,,,,3,1,1,1.0,2.0
201700007524,0017-06-23 12:15:00,17,6,23,12,15,90,225,gare de péage A66,43.15449,1.61596,Plein jour,Hors agglomération,Hors intersection,Temps couvert,Deux véhicules - côté,,,,,,,,,,,1,1,1,8.0,3.0
201700007525,0017-06-27 18:40:00,17,6,27,18,40,310,210,Autoroute A61 PK 262.734,43.40399,1.67989,Plein jour,Hors agglomération,Hors intersection,Pluie forte,Trois véhicules et plus - en chaîne,,,,,,,,,,,1,1,1,3.0,4.0
201700007526,0017-07-15 01:00:00,17,7,15,1,0,310,381,GARE DE PEAGE DE MONTGIS,43.46131,1.58298,Nuit avec éclairage allumé,Hors agglomération,Hors intersection,Normale,Deux véhicules - arrière,,,,,,,,,,,5,1,1,1.0,2.0
201700007527,0017-07-16 15:30:00,17,7,16,15,30,110,225,autoroute a61  pk 278+45,43.3225,1.86291,Plein jour,Hors agglomération,Hors intersection,Normale,Autre collision,,,,,,,,,,,1,1,1,1.0,6.0
201700007528,0017-08-12 08:40:00,17,8,12,8,40,110,225,A61 - pk 280.000,43.32424,1.85843,Plein jour,Hors agglomération,Hors intersection,Normale,Trois véhicules et plus - en chaîne,,,,,,,,,,,1,1,1,1.0,4.0
201700007529,0017-11-22 14:25:00,17,11,22,14,25,310,576,A66 PK 000.800,43.41314,1.65229,Plein jour,Hors agglomération,Hors intersection,Normale,Autre collision,,,,,,,,,,,1,1,1,1.0,6.0