accident_id,datetime,annee,mois,jour,heure,minute,departement,commune_insee,adresse,latitude,longitude,luminosite,agglomeration,intersection,meteo,collision,nb_vehicules,nb_usagers,nb_indemnes,nb_tues,nb_blesses_hosp,nb_blesses_legers,age_cond_1,age_cond_2,veh_type_cond_1,veh_type_cond_2,lum_code,agg_code,int_code,atm_code,col_code
201700007649,0017-12-06 05:45:00,17,12,6,5,45,60,85,RD 6185 pénétrante sens,43.58764,7.00351,Nuit sans éclairage public,Hors agglomération,Hors intersection,Normale,Autre collision,,,,,,,,,,,3,1,1,1.0,6.0
201700007650,0017-06-24 21:10:00,17,6,24,21,10,780,466,face au 2756 RN 13,48.93234,1.9682,Crépuscule ou aube,Hors agglomération,Hors intersection,Normale,Autre collision,,,,,,,,,,,2,1,1,1.0,6.0
201700007651,0017-01-04 07:10:00,17,1,4,7,10,330,122,RD1250 ilôt en TPC,44.76752,-0.72044,Crépuscule ou aube,Hors agglomération,Hors intersection,Normale,Autre collision,,,,,,,,,,,2,1,1,1.0,6.0
201700007652,0017-02-07 13:30:00,17,2,7,13,30,330,122,Av salvador allende,44.77606,-0.68782,Plein jour,En agglomération,Hors intersection,Normale,Deux véhicules - côté,,,,,,,,,,,1,2,1,1.0,3.0
201700007653,0017-02-09 06:58:00,17,2,9,6,58,330,122,Domaine des 03 lagunes,44.68598,-0.72024,Nuit sans éclairage public,Hors agglomération,Autre intersection,Brouillard / fumée,Deux véhicules - côté,,,,,,,,,,,3,1,9,5.0,3.0
201700007654,0017-02-23 10:15:00,17,2,23,10,15,330,90,Av Guitayne/bret A63,44.75994,-0.67884,Plein jour,Hors agglomération,Intersection en Y,Normale,Deux véhicules - côté,,,,,,,,,,,1,1,4,1.0,3.0
201700007655,0017-03-11 15:30:00,17,3,11,15,30,330,90,RD214E3 / bret n°25 A63,44.76557,-0.67247,Plein jour,Hors agglomération,Intersection en X,Normale,Deux véhicules - côté,,,,,,,,,,,1,1,2,1.0,3.0
201700007656,0017-03-22 22:30:00,17,3,22,22,30,330,122,RD1010,44.69834,-0.70841,Nuit sans éclairage public,Hors agglomération,Hors intersection,Pluie légère,Autre collision,,,,,,,,,,,3,1,1,2.0,6.0
201700007657,0017-04-23 13:00:00,17,4,23,13,0,330,122,54-64 avenue Jean MOULIN,44.76565,-0.69282,Plein jour,En agglomération,Hors intersection,Normale,Autre collision,,,,,,,,,,,1,2,1,1.0,6.0
201700007658,0017-05-18 07:45:00,17,5,18,7,45,330,122,Chemin salvador allende,44.75912,-0.68711,Plein jour,Hors agglomération,Hors intersection,Pluie forte,Trois véhicules et plus - en chaîne,,,,,,,,,,,1,1,1,3.0,4.0
201700007659,0017-06-02 16:50:00,17,6,2,16,50,330,122,RD1250 / Ch.D'AUGUSTE,44.76845,-0.71878,Plein jour,Hors agglomération,Intersection en T,Normale,Deux véhicules - côté,,,,,,,,,,,1,1,3,1.0,3.0
201700007660,0017-07-23 17:20:00,17,7,23,17,20,330,90,Ch.deLEOGNAN/R.des Lilas,44.74812,-0.64025,Plein jour,En agglomération,Intersection en T,Normale,Deux véhicules - frontale,,,,,,,,,,,1,2,3,1.0,1.0
201700007661,0017-07-26 13:10:00,17,7,26,13,10,330,90,RD214E10 / Av.Guitayne,44.7598,-0.67998,Plein jour,Hors agglomération,Intersection en X,Pluie légère,Deux véhicules - côté,,,,,,,,,,,1,1,2,2.0,3.0
201700007662,0017-07-29 20:30:00,17,7,29,20,30,330,122,Chemin du Rucher,44.76229,-0.69502,Crépuscule ou aube,En agglomération,Hors intersection,Normale,Autre collision,,,,,,,,,,,2,2,1,1.0,6.0
201700007663,0017-08-23 22:15:00,17,8,23,22,15,330,122,Ch.forest Parc Ribeyrot,44.73238,-0.67432,Nuit sans éclairage public,En agglomération,Hors intersection,Normale,Sans collision,,,,,,,,,,,3,2,1,1.0,7.0
201700007664,0017-09-01 19:40:00,17,9,1,19,40,330,122,D1010,44.68792,-0.71829,Plein jour,Hors agglomération,Hors intersection,Normale,Autre collision,,,,,,,,,,,1,1,1,1.0,6.0
201700007665,0017-09-14 12:55:00,17,9,14,12,55,330,122,Av.Amasse/Av.Chenaie,44.75015,-0.67666,Plein jour,En agglomération,Intersection en Y,Normale,Sans collision,,,,,,,,,,,1,2,4,1.0,7.0
201700007666,0017-10-12 17:28:00,17,10,12,17,28,330,90,Avenue de guytaine,44.76323,-0.66985,Plein jour,Hors agglomération,Hors intersection,Normale,Deux véhicules - côté,,,,,,,,,,,1,1,1,1.0,3.0
201700007667,0017-10-17 22:20:00,17,10,17,22,20,330,122,D211/A63 échangeur 24,44.71856,-0.73949,Nuit sans éclairage public,Hors agglomération,Intersection en T,Normale,Deux véhicules - côté,,,,,,,,,,,3,1,3,1.0,3.0
201700007668,0017-10-24 09:30:00,17,10,24,9,30,330,122,Rte d'Illac/Ch Cr d'Hins,44.73037,-0.7565,Plein jour,Hors agglomération,Intersection en T,Normale,Deux véhicules - arrière,,,,,,,,,,,1,1,3,1.0,2.0
201700007669,0017-11-08 19:45:00,17,11,8,19,45,330,90,AV.Guitayne/D214E10,44.75983,-0.67993,Nuit sans éclairage public,Hors agglomération,Intersection en X,Pluie légère,Deux véhicules - côté,,,,,,,,,,,3,1,2,2.0,3.0
201700007670,0017-06-17 16:40:00,17,6,17,16,40,660,195,Avenue Jean Jaures,42.6817,2.7955,Plein jour,En agglomération,Giratoire,Normale,Deux véhicules - arrière,,,,,,,,,,,1,2,6,1.0,2.0
201700007671,0017-06-26 14:00:00,17,6,26,14,0,660,195,CD 37,42.67619,2.78527,Plein jour,Hors agglomération,Hors intersection,Normale,Deux véhicules - frontale,,,,,,,,,,,1,1,1,1.0,1.0
201700007672,0017-07-29 08:30:00,17,7,29,8,30,660,195,D37,,,Plein jour,Hors agglomération,Hors intersection,Normale,Sans collision,,,,,,,,,,,1,1,1,1.0,7.0
201700007673,0017-08-03 19:20:00,17,8,3,19,20,660,108,D916 SORTIE MILLAS - EN,42.69154,2.69838,Plein jour,Hors agglomération,Hors intersection,Normale,Sans collision,,,,,,,,,,,1,1,1,1.0,7.0
201700007674,0017-09-26 19:00:00,17,9,26,19,0,660,140,Inter D1 Rout d estagel,42.70057,2.76317,Plein jour,Hors agglomération,Intersection en T,Normale,Deux véhicules - côté,,,,,,,,,,,1,1,3,1.0,3.0
201700007675,0017-11-27 21:10:00,17,11,27,21,10,660,58,PR 18,,,Nuit sans éclairage public,Hors agglomération,Intersection en T,Normale,Deux véhicules - côté,,,,,,,,,,,3,1,3,1.0,3.0
201700007676,0017-12-05 18:02:00,17,12,5,18,2,660,213,13 rue Gustave Eiffel,42.66328,2.81785,Nuit avec éclairage allumé,En agglomération,Hors intersection,Normale,Deux véhicules - côté,,,,,,,,,,,5,2,1,1.0,3.0
201700007677,0017-12-04 07:00:00,17,12,4,7,0,660,195,avenue victor hugo,42.68145,2.79133,Crépuscule ou aube,En agglomération,Intersection en T,Normale,Autre collision,,,,,,,,,,,2,2,3,1.0,6.0
201700007678,0017-12-16 10:10:00,17,12,16,10,10,660,213,CD 612 A  PK 4 +1100,,,Plein jour,Hors agglomération,Hors intersection,Vent fort / tempête,Deux véhicules - frontale,,,,,,,,,,,1,1,1,6.0,1.0
201700007679,0017-05-15 07:15:00,17,5,15,7,15,670,60,Autoroute A35 PK 422.300,48.4223,7.4872,Plein jour,Hors agglomération,Hors intersection,Normale,Deux véhicules - arrière,,,,,,,,,,,1,1,1,1.0,2.0
201700007680,0017-06-28 11:10:00,17,6,28,11,10,670,164,Autoroute A35 PK 420.800,48.43117,7.49495,Plein jour,Hors agglomération,Hors intersection,Normale,Sans collision,,,,,,,,,,,1,1,1,1.0,7.0
201700007681,0017-07-25 23:40:00,17,7,25,23,40,670,445,A 35 PK 41.100,48.29095,7.44275,Nuit sans éclairage public,Hors agglomération,Hors intersection,Normale,Deux véhicules - arrière,,,,,,,,,,,3,1,1,1.0,2.0
201700007682,0017-08-07 06:30:00,17,8,7,6,30,670,329,A 35 PK 17.550,48.44942,7.51883,Plein jour,Hors agglomération,Autre intersection,Normale,Trois véhicules et plus - en chaîne,,,,,,,,,,,1,1,9,1.0,4.0
201700007683,0017-09-14 08:45:00,17,9,14,8,45,670,112,A 352 PK 003.700,48.52429,7.56992,Plein jour,Hors agglomération,Hors intersection,Pluie légère,Deux véhicules - côté,,,,,,,,,,,1,1,1,2.0,3.0
201700007684,0017-12-23 07:15:00,17,12,23,7,15,670,411,RD 500,48.49882,7.46541,Nuit sans éclairage public,Hors agglomération,Hors intersection,Normale,Autre collision,,,,,,,,,,,3,1,1,1.0,6.0
201700007685,0017-01-02 15:15:00,17,1,2,15,15,790,290,,46.39964,-0.62388,Plein jour,Hors agglomération,Hors intersection,Normale,Deux véhicules - côté,,,,,,,,,,,1,1,1,1.0,3.0
201700007686,0017-01-03 18:00:00,17,1,3,18,0,790,355,,46.31369,-0.35094,Nuit avec éclairage non allumé,Hors agglomération,Hors intersection,Normale,Deux véhicules - arrière,,,,,,,,,,,4,1,1,1.0,2.0
201700007687,0017-01-19 09:31:00,17,1,19,9,31,790,3,,46.28078,-0.39861,Plein jour,Hors agglomération,Hors intersection,Normale,Deux véhicules - arrière,,,,,,,,,,,1,1,1,1.0,2.0
201700007688,0017-04-03 23:30:00,17,4,3,23,30,790,284,,46.42363,-0.4581,Nuit sans éclairage public,Hors agglomération,Hors intersection,Normale,Autre collision,,,,,,,,,,,3,1,1,1.0,6.0
201700007689,0017-05-15 08:50:00,17,5,15,8,50,790,48,,46.34699,-0.30671,Plein jour,Hors agglomération,Autre intersection,Normale,Sans collision,,,,,,,,,,,1,1,9,1.0,7.0
201700007690,0017-06-03 11:00:00,17,6,3,11,0,790,351,,46.42867,-0.52451,Plein jour,Hors agglomération,Hors intersection,Normale,Sans collision,,,,,,,,,,,1,1,1,1.0,7.0
201700007691,0017-07-02 02:45:00,17,7,2,2,45,790,189,,46.40588,-0.15007,Nuit sans éclairage public,Hors agglomération,Hors intersection,Normale,Autre collision,,,,,,,,,,,3,1,1,1.0,6.0
201700007692,0017-08-11 14:05:00,17,8,11,14,5,790,31,,46.19362,-0.4861,Plein jour,Hors agglomération,Hors intersection,Normale,Autre collision,,,,,,,,,,,1,1,1,1.0,6.0
201700007693,0017-08-14 14:50:00,17,8,14,14,50,790,351,,46.42827,-0.50719,Plein jour,Hors agglomération,Hors intersection,Normale,Deux véhicules - côté,,,,,,,,,,,1,1,1,1.0,3.0
201700007694,0017-09-03 01:00:00,17,9,3,1,0,790,351,,46.42376,-0.54683,Nuit sans éclairage public,Hors agglomération,Hors intersection,Normale,Deux véhicules - arrière,,,,,,,,,,,3,1,1,1.0,2.0
201700007695,0017-11-22 20:00:00,17,11,22,20,0,790,256,,46.45105,-0.02201,Nuit sans éclairage public,Hors agglomération,Hors intersection,Normale,Deux véhicules - arrière,,,,,,,,,,,3,1,1,1.0,2.0
201700007696,0017-12-08 16:49:00,17,12,8,16,49,790,48,"LD ""PONT DE VAU""",46.37226,-0.28515,Plein jour,Hors agglomération,Hors intersection,Temps couvert,Deux véhicules - côté,,,,,,,,,,,1,1,1,8.0,3.0
201700007697,0017-03-24 11:50:00,17,3,24,11,50,170,50,A10,45.48638,-0.61647,Plein jour,Hors agglomération,Hors intersection,Normale,Deux véhicules - arrière,,,,,,,,,,,1,1,1,1.0,2.0
201700007698,0017-03-28 17:55:00,17,3,28,17,55,330,123,A10 pk 518.700,45.08076,-0.46892,Plein jour,Hors agglomération,Hors intersection,Normale,Deux véhicules - arrière,,,,,,,,,,,1,1,1,1.0,2.0
201700007699,0017-03-31 04:00:00,17,3,31,4,0,330,382,A10 Pk 515.200,45.10834,-0.48308,Nuit sans éclairage public,Hors agglomération,Hors intersection,Normale,Deux véhicules - arrière,,,,,,,,,,,3,1,1,1.0,2.0
201700007700,0017-06-06 20:54:00,17,6,6,20,54,170,236,A10 - PK 484+600,45.35017,-0.5807,Crépuscule ou aube,Hors agglomération,Hors intersection,Normale,Autre collision,,,,,,,,,,,2,1,1,1.0,6.0
201700007701,0017-08-06 14:45:00,17,8,6,14,45,330,351,A10-PK 53+070 réel,45.21338,-0.50578,Plein jour,Hors agglomération,Hors intersection,Normale,Deux véhicules - arrière,,,,,,,,,,,1,1,1,1.0,2.0
201700007702,0017-09-28 09:20:00,17,9,28,9,20,170,52,AUTOROUTE A10 - PK 491+2,45.31444,-0.559,Plein jour,Hors agglomération,Hors intersection,Normale,Deux véhicules - arrière,,,,,,,,,,,1,1,1,1.0,2.0
201700007703,0017-11-05 13:32:00,17,11,5,13,32,330,321,PR 524+300,45.03232,-0.44079,Plein jour,Hors agglomération,Hors intersection,Pluie légère,Autre collision,,,,,,,,,,,1,1,1,2.0,6.0
201700007704,0017-12-12 19:43:00,17,12,12,19,43,350,360,D88 PR003+750 VERS ARGEN,48.09468,-1.18888,Nuit sans éclairage public,Hors agglomération,Hors intersection,Normale,Autre collision,,,,,,,,,,,3,1,1,1.0,6.0
201700007705,0017-01-09 07:45:00,17,1,9,7,45,740,67,Route des creuses,45.87907,6.03214,Crépuscule ou aube,Hors agglomération,Hors intersection,Temps couvert,Deux véhicules - frontale,,,,,,,,,,,2,1,1,8.0,1.0
201700007706,0017-03-25 16:15:00,17,3,25,16,15,740,186,route de MARCELLAZ,45.86644,6.03315,Plein jour,Hors agglomération,Hors intersection,Temps couvert,Deux véhicules - frontale,,,,,,,,,,,1,1,1,8.0,1.0
201700007707,0017-06-20 06:30:00,17,6,20,6,30,740,268,,45.86646,6.07117,Plein jour,En agglomération,Intersection en X,Temps éblouissant,Deux véhicules - côté,,,,,,,,,,,1,2,2,7.0,3.0
201700007708,0017-08-07 21:35:00,17,8,7,21,35,740,268,12 av d'Aix les bains,45.89252,6.11079,Crépuscule ou aube,En agglomération,Intersection en X,Normale,Deux véhicules - arrière,,,,,,,,,,,2,2,2,1.0,2.0
201700007709,0017-11-02 17:25:00,17,11,2,17,25,740,268,1101 AV D'AIX LES BAINS,45.84123,6.0584,Crépuscule ou aube,En agglomération,Intersection en T,Normale,Deux véhicules - côté,,,,,,,,,,,2,2,3,1.0,3.0
201700007710,0017-04-09 16:49:00,17,4,9,16,49,10,99,A42 - PK 033+400,45.91356,5.24984,Plein jour,Hors agglomération,Hors intersection,Normale,Sans collision,,,,,,,,,,,1,1,1,1.0,7.0
201700007711,0017-04-13 11:00:00,17,4,13,11,0,10,7,autoroute A42 - sens Gen,46.03646,5.31967,Plein jour,Hors agglomération,Hors intersection,Normale,Sans collision,,,,,,,,,,,1,1,1,1.0,7.0
201700007712,0017-06-04 03:15:00,17,6,4,3,15,10,290,A42 - PK 025+700 SENS GE,45.86363,5.18253,Nuit sans éclairage public,Hors agglomération,Hors intersection,Autre,Autre collision,,,,,,,,,,,3,1,1,9.0,6.0
201700007713,0017-06-21 06:51:00,17,6,21,6,51,10,90,d90,46.03414,5.21044,Plein jour,Hors agglomération,Hors intersection,Temps éblouissant,Deux véhicules - arrière,,,,,,,,,,,1,1,1,7.0,2.0
201700007714,0017-06-26 04:00:00,17,6,26,4,0,10,43,autoroute A.42 - PK 10+0,45.81904,4.98911,Nuit avec éclairage allumé,Hors agglomération,Autre intersection,Normale,Sans collision,,,,,,,,,,,5,1,9,1.0,7.0
201700007715,0017-08-11 09:18:00,17,8,11,9,18,10,32,A42 pk 22+400,45.86417,5.14481,Plein jour,Hors agglomération,Hors intersection,Pluie forte,Autre collision,,,,,,,,,,,1,1,1,3.0,6.0
201700007716,0017-09-29 15:00:00,17,9,29,15,0,10,290,,45.87464,5.19508,Plein jour,Hors agglomération,Hors intersection,Normale,Deux véhicules - côté,,,,,,,,,,,1,1,1,1.0,3.0
201700007717,0017-10-01 22:00:00,17,10,1,22,0,690,280,autoroute A432 - sens A4,45.79868,5.074,Nuit sans éclairage public,Hors agglomération,Hors intersection,Normale,Sans collision,,,,,,,,,,,3,1,1,1.0,7.0
201700007718,0017-12-19 15:10:00,17,12,19,15,10,10,47,D 124  PR 002+250,45.84389,5.25136,Plein jour,Hors agglomération,Hors intersection,Normale,Autre collision,,,,,,,,,,,1,1,1,1.0,6.0
201700007719,0017-04-18 15:30:00,17,4,18,15,30,370,229,,47.58688,1.01896,Plein jour,Hors agglomération,Hors intersection,Normale,Sans collision,,,,,,,,,,,1,1,1,1.0,7.0
201700007720,0017-04-21 15:39:00,17,4,21,15,39,370,273,RD 751,47.3921,0.77456,Plein jour,Hors agglomération,Hors intersection,Normale,Deux véhicules - frontale,,,,,,,,,,,1,1,1,1.0,1.0
201700007721,0017-04-28 17:48:00,17,4,28,17,48,370,153,RD 910,47.49213,0.77757,Plein jour,Hors agglomération,Hors intersection,Normale,Trois véhicules et plus - collisions multiples,,,,,,,,,,,1,1,1,1.0,5.0
201700007722,0017-05-18 06:25:00,17,5,18,6,25,370,153,,47.48948,0.77441,Plein jour,Hors agglomération,Hors intersection,Normale,Deux véhicules - frontale,,,,,,,,,,,1,1,1,1.0,1.0
201700007723,0017-06-06 14:40:00,17,6,6,14,40,370,185,RD952,47.43156,1.0099,Plein jour,Hors agglomération,Hors intersection,Normale,Deux véhicules - côté,,,,,,,,,,,1,1,1,1.0,3.0
201700007724,0017-09-29 11:45:00,17,9,29,11,45,370,156,,47.37839,0.79341,Plein jour,Hors agglomération,Hors intersection,Normale,Deux véhicules - frontale,,,,,,,,,,,1,1,1,1.0,1.0
201700007725,0017-02-03 08:45:00,17,2,3,8,45,420,279,boulevard pasteur,45.50472,4.26459,Plein jour,En agglomération,Hors intersection,Normale,Autre collision,,,,,,,,,,,1,2,1,1.0,6.0
201700007726,0017-03-01 18:05:00,17,3,1,18,5,420,42,lieu dit notre dame de g,45.46067,4.22741,Plein jour,Hors agglomération,Hors intersection,Normale,Deux véhicules - frontale,,,,,,,,,,,1,1,1,1.0,1.0
201700007727,0017-04-03 07:00:00,17,4,3,7,0,420,279,Route de  St Come,45.51028,4.23849,Crépuscule ou aube,En agglomération,Giratoire,Normale,Deux véhicules - côté,,,,,,,,,,,2,2,6,1.0,3.0
201700007728,0017-06-06 15:45:00,17,6,6,15,45,420,256,Rue du 08 mai 1945,45.49805,4.17009,Plein jour,En agglomération,Hors intersection,Normale,Autre collision,,,,,,,,,,,1,2,1,1.0,6.0
201700007729,0017-07-05 09:30:00,17,7,5,9,30,420,279,Rue Grégoire GRANGE,45.50186,4.25425,Plein jour,En agglomération,Intersection en T,Temps éblouissant,Deux véhicules - côté,,,,,,,,,,,1,2,3,7.0,3.0
201700007730,0017-07-15 11:20:00,17,7,15,11,20,420,42,RD108,45.45281,4.23009,Plein jour,Hors agglomération,Hors intersection,Normale,Sans collision,,,,,,,,,,,1,1,1,1.0,7.0
201700007731,0017-08-06 19:30:00,17,8,6,19,30,420,256,D 498,45.49475,4.16341,Plein jour,Hors agglomération,Hors intersection,Normale,Sans collision,,,,,,,,,,,1,1,1,1.0,7.0
201700007732,0017-08-06 07:45:00,17,8,6,7,45,420,256,rue Carles de Mazenod,45.49865,4.16831,Plein jour,En agglomération,Hors intersection,Normale,Autre collision,,,,,,,,,,,1,2,1,1.0,6.0
201700007733,0017-10-07 14:15:00,17,10,7,14,15,420,279,route de saint marcellin,45.49839,4.22363,Plein jour,En agglomération,Autre intersection,Normale,Deux véhicules - côté,,,,,,,,,,,1,2,9,1.0,3.0
201700007734,0017-03-15 20:30:00,17,3,15,20,30,910,159,RD74,48.52789,2.45796,Nuit sans éclairage public,Hors agglomération,Hors intersection,Normale,Sans collision,,,,,,,,,,,3,1,1,1.0,7.0
201700007735,0017-03-19 17:30:00,17,3,19,17,30,910,45,RD191,48.50813,2.37562,Plein jour,Hors agglomération,Hors intersection,Normale,Autre collision,,,,,,,,,,,1,1,1,1.0,6.0
201700007736,0017-03-28 14:15:00,17,3,28,14,15,910,37,RD74,48.52665,2.48706,Plein jour,Hors agglomération,Hors intersection,Normale,Autre collision,,,,,,,,,,,1,1,1,1.0,6.0
201700007737,0017-04-14 09:00:00,17,4,14,9,0,910,244,RD191,48.54455,2.4024,Plein jour,Hors agglomération,Giratoire,Normale,Deux véhicules - côté,,,,,,,,,,,1,1,6,1.0,3.0
201700007738,0017-04-17 10:20:00,17,4,17,10,20,910,649,D26,48.56131,2.35203,Plein jour,Hors agglomération,Giratoire,Normale,Sans collision,,,,,,,,,,,1,1,6,1.0,7.0
201700007739,0017-04-22 23:00:00,17,4,22,23,0,910,441,RD948,48.50969,2.48493,Nuit sans éclairage public,Hors agglomération,Hors intersection,Normale,Sans collision,,,,,,,,,,,3,1,1,1.0,7.0
201700007740,0017-07-17 06:55:00,17,7,17,6,55,910,135,D75,48.52432,2.45845,Plein jour,Hors agglomération,Hors intersection,Normale,Deux véhicules - côté,,,,,,,,,,,1,1,1,1.0,3.0
201700007741,0017-11-17 16:55:00,17,11,17,16,55,910,244,RD191,48.54393,2.40124,Crépuscule ou aube,Hors agglomération,Hors intersection,Temps couvert,Deux véhicules - côté,,,,,,,,,,,2,1,1,8.0,3.0
201700007742,0017-01-02 07:15:00,17,1,2,7,15,60,152,route du Parc,43.61754,7.03615,Plein jour,En agglomération,Hors intersection,Normale,Sans collision,,,,,,,,,,,1,2,1,1.0,7.0
201700007743,0017-01-05 08:30:00,17,1,5,8,30,60,18,route des clausonnes,43.62304,7.09848,Plein jour,En agglomération,Hors intersection,Temps couvert,Sans collision,,,,,,,,,,,1,2,1,8.0,7.0
201700007744,0017-01-14 11:30:00,17,1,14,11,30,60,152,route de la Valmasque,43.6045,7.05146,Plein jour,Hors agglomération,Giratoire,Normale,Deux véhicules - côté,,,,,,,,,,,1,1,6,1.0,3.0
201700007745,0017-01-17 09:00:00,17,1,17,9,0,60,18,chemin de la Romaine,43.61687,7.11133,Plein jour,Hors agglomération,Hors intersection,Normale,Deux véhicules - côté,,,,,,,,,,,1,1,1,1.0,3.0
201700007746,0017-01-21 03:00:00,17,1,21,3,0,60,152,2541-2615 route de Biot,43.64246,7.03569,Nuit avec éclairage non allumé,En agglomération,Hors intersection,Normale,Sans collision,,,,,,,,,,,4,2,1,1.0,7.0
201700007747,0017-03-06 11:50:00,17,3,6,11,50,60,18,780 route de la mer,43.62309,7.10489,Plein jour,En agglomération,Autre intersection,Normale,Deux véhicules - côté,,,,,,,,,,,1,2,9,1.0,3.0
201700007748,0017-03-17 14:00:00,17,3,17,14,0,60,152,1104 route d'antibes,43.62357,7.0131,Plein jour,En agglomération,Hors intersection,Normale,Deux véhicules - frontale,,,,,,,,,,,1,2,1,1.0,1.0
201700007749,0017-04-03 04:50:00,17,4,3,4,50,60,18,route des dolines,43.62456,7.05716,Nuit avec éclairage allumé,En agglomération,Giratoire,Temps couvert,Autre collision,,,,,,,,,,,5,2,6,8.0,6.0
201700007750,0017-04-06 18:15:00,17,4,6,18,15,60,152,route d'Antibes,43.6235,7.00833,Plein jour,En agglomération,Autre intersection,Normale,Deux véhicules - arrière,,,,,,,,,,,1,2,9,1.0,2.0
201700007751,0017-04-10 18:20:00,17,4,10,18,20,60,152,chemin de peyniblou,43.62371,7.00718,Plein jour,En agglomération,Intersection en X,Normale,Deux véhicules - côté,,,,,,,,,,,1,2,2,1.0,3.0
201700007752,0017-04-11 17:15:00,17,4,11,17,15,60,152,route du parc,43.61849,7.03313,Plein jour,Hors agglomération,Autre intersection,Normale,Deux véhicules - arrière,,,,,,,,,,,1,1,9,1.0,2.0
201700007753,0017-04-16 12:00:00,17,4,16,12,0,60,152,517 route de Nice,43.64381,7.01443,Plein jour,En agglomération,Intersection en X,Normale,Sans collision,,,,,,,,,,,1,2,2,1.0,7.0
201700007754,0017-04-25 15:00:00,17,4,25,15,0,60,152,boulevard Carnot,43.64248,7.0101,Plein jour,En agglomération,Intersection en T,Normale,Autre collision,,,,,,,,,,,1,2,3,1.0,6.0
201700007755,0017-04-30 01:30:00,17,4,30,1,30,60,152,route de Cannes,43.62534,6.99895,Nuit avec éclairage allumé,En agglomération,Hors intersection,Normale,Autre collision,,,,,,,,,,,5,2,1,1.0,6.0
201700007756,0017-05-11 16:35:00,17,5,11,16,35,60,152,chemin du darbousson,43.64516,7.04964,Plein jour,En agglomération,Hors intersection,Normale,Autre collision,,,,,,,,,,,1,2,1,1.0,6.0
201700007757,0017-06-02 12:00:00,17,6,2,12,0,60,152,route du parc,43.6125,7.04745,Plein jour,Hors agglomération,Hors intersection,Normale,Sans collision,,,,,,,,,,,1,1,1,1.0,7.0
201700007758,0017-06-10 10:25:00,17,6,10,10,25,60,18,74 chemin des prés,43.6179,7.11379,Plein jour,En agglomération,Hors intersection,Normale,Autre collision,,,,,,,,,,,1,2,1,1.0,6.0
201700007759,0017-06-27 08:40:00,17,6,27,8,40,60,152,avenue Maurice Donat ( R,43.61261,7.02802,Plein jour,Hors agglomération,Hors intersection,Normale,Sans collision,,,,,,,,,,,1,1,1,1.0,7.0
201700007760,0017-07-02 23:45:00,17,7,2,23,45,60,18,3550 route des dolines,43.62087,7.062,Nuit avec éclairage allumé,En agglomération,Hors intersection,Normale,Autre collision,,,,,,,,,,,5,2,1,1.0,6.0
201700007761,0017-07-03 14:15:00,17,7,3,14,15,60,152,248 Chemin de la Veyrièr,43.64133,7.03313,Plein jour,Hors agglomération,Hors intersection,Normale,Deux véhicules - arrière,,,,,,,,,,,1,1,1,1.0,2.0
201700007762,0017-07-05 19:21:00,17,7,5,19,21,60,152,route des macarrons- D60,43.63655,7.04695,Plein jour,Hors agglomération,Hors intersection,Normale,Sans collision,,,,,,,,,,,1,1,1,1.0,7.0
201700007763,0017-07-25 14:30:00,17,7,25,14,30,60,152,route du parc,43.61848,7.03313,Plein jour,Hors agglomération,Hors intersection,Normale,Autre collision,,,,,,,,,,,1,1,1,1.0,6.0
201700007764,0017-08-09 15:45:00,17,8,9,15,45,60,152,route de la Valmasque,43.60692,7.05638,Plein jour,Hors agglomération,Intersection en X,Normale,Deux véhicules - arrière,,,,,,,,,,,1,1,2,1.0,2.0
201700007765,0017-08-16 11:37:00,17,8,16,11,37,60,18,ROUTE DE LA MER,43.62486,7.10205,Plein jour,En agglomération,Intersection en Y,Normale,Deux véhicules - côté,,,,,,,,,,,1,2,4,1.0,3.0
201700007766,0017-08-24 08:20:00,17,8,24,8,20,60,152,1265 Route de Biot,43.64238,7.03512,Plein jour,En agglomération,Giratoire,Normale,Deux véhicules - côté,,,,,,,,,,,1,2,6,1.0,3.0
201700007767,0017-09-14 12:50:00,17,9,14,12,50,60,18,5 chemin des Combes,43.62593,7.10291,Plein jour,En agglomération,Hors intersection,Normale,Deux véhicules - frontale,,,,,,,,,,,1,2,1,1.0,1.0
201700007768,0017-09-17 00:15:00,17,9,17,0,15,60,152,avenue St Roch,43.63968,7.00553,Nuit avec éclairage allumé,En agglomération,Hors intersection,Normale,Autre collision,,,,,,,,,,,5,2,1,1.0,6.0
201700007769,0017-09-16 18:45:00,17,9,16,18,45,60,152,CHEMIN DES TROIS MOULINS,43.60491,7.06062,Plein jour,Hors agglomération,Intersection en Y,Normale,Deux véhicules - côté,,,,,,,,,,,1,1,4,1.0,3.0
201700007770,0017-09-20 09:00:00,17,9,20,9,0,60,152,route du parc,43.60898,7.05402,Plein jour,Hors agglomération,Hors intersection,Normale,Deux véhicules - côté,,,,,,,,,,,1,1,1,1.0,3.0
201700007771,0017-10-07 08:45:00,17,10,7,8,45,60,18,ROUTE DES CLAUSONNES,43.62364,7.08777,Plein jour,En agglomération,Hors intersection,Normale,Deux véhicules - frontale,,,,,,,,,,,1,2,1,1.0,1.0