accident_id,datetime,annee,mois,jour,heure,minute,departement,commune_insee,adresse,latitude,longitude,luminosite,agglomeration,intersection,meteo,collision,nb_vehicules,nb_usagers,nb_indemnes,nb_tues,nb_blesses_hosp,nb_blesses_legers,age_cond_1,age_cond_2,veh_type_cond_1,veh_type_cond_2,lum_code,agg_code,int_code,atm_code,col_code
201700007772,0017-10-14 20:30:00,17,10,14,20,30,60,152,1104 route d'Antibes,43.62359,7.01292,Nuit avec éclairage allumé,En agglomération,Hors intersection,Normale,Deux véhicules - frontale,,,,,,,,,,,5,2,1,1.0,1.0
201700007773,0017-10-25 12:30:00,17,10,25,12,30,60,18,route des lucioles,43.61651,7.0684,Plein jour,En agglomération,Autre intersection,Normale,Deux véhicules - arrière,,,,,,,,,,,1,2,9,1.0,2.0
201700007774,0017-11-07 08:20:00,17,11,7,8,20,60,152,Avenue Maurice Donat,43.61448,7.03473,Plein jour,Hors agglomération,Hors intersection,Temps couvert,Autre collision,,,,,,,,,,,1,1,1,8.0,6.0
201700007775,0017-11-10 21:30:00,17,11,10,21,30,60,18,route des colles,43.6152,7.07987,Nuit avec éclairage allumé,En agglomération,Hors intersection,Normale,Deux véhicules - frontale,,,,,,,,,,,5,2,1,1.0,1.0
201700007776,0017-11-28 18:30:00,17,11,28,18,30,60,152,313 route de Cannes,43.63742,7.00433,Nuit avec éclairage allumé,Hors agglomération,Hors intersection,Normale,Deux véhicules - côté,,,,,,,,,,,5,1,1,1.0,3.0
201700007777,0017-12-20 15:35:00,17,12,20,15,35,60,152,route du parc,43.6114,7.04883,Plein jour,Hors agglomération,Hors intersection,Normale,Autre collision,,,,,,,,,,,1,1,1,1.0,6.0
201700007778,0017-01-09 08:30:00,17,1,9,8,30,690,244,rue Joliot Curie,45.75175,4.77033,Plein jour,En agglomération,Hors intersection,Normale,Deux véhicules - côté,,,,,,,,,,,1,2,1,1.0,3.0
201700007779,0017-03-13 23:05:00,17,3,13,23,5,690,244,avenue francois Mermet,45.75851,4.76406,Nuit avec éclairage allumé,En agglomération,Hors intersection,Normale,Autre collision,,,,,,,,,,,5,2,1,1.0,6.0
201700007780,0017-04-13 17:55:00,17,4,13,17,55,690,244,170 avenue CHARLES DE GA,45.75503,4.77102,Plein jour,En agglomération,Hors intersection,Normale,Autre collision,,,,,,,,,,,1,2,1,1.0,6.0
201700007781,0017-05-12 08:55:00,17,5,12,8,55,690,244,route de SAIN BEL,45.76975,4.74212,Plein jour,Hors agglomération,Hors intersection,Pluie légère,Deux véhicules - côté,,,,,,,,,,,1,1,1,2.0,3.0
201700007782,0017-06-19 21:50:00,17,6,19,21,50,690,244,Avenue Charles de Gaulle,45.75816,4.7748,Crépuscule ou aube,En agglomération,Hors intersection,Normale,Deux véhicules - frontale,,,,,,,,,,,2,2,1,1.0,1.0
201700007783,0017-06-27 15:33:00,17,6,27,15,33,690,244,1 rue MONTRIBLOUD,45.76913,4.79077,Plein jour,En agglomération,Hors intersection,Normale,Autre collision,,,,,,,,,,,1,2,1,1.0,6.0
201700007784,0017-07-26 16:30:00,17,7,26,16,30,690,244,Avenue Victor Hugo,45.77323,4.79218,Plein jour,En agglomération,Hors intersection,Normale,Trois véhicules et plus - collisions multiples,,,,,,,,,,,1,2,1,1.0,5.0
201700007785,0017-09-08 18:45:00,17,9,8,18,45,690,244,AVENUE DE LA RÉPUBLIQUE,45.76391,4.77794,Plein jour,En agglomération,Hors intersection,Normale,Deux véhicules - côté,,,,,,,,,,,1,2,1,1.0,3.0
201700007786,0017-11-09 23:35:00,17,11,9,23,35,690,244,186 avenue Charles de Ga,45.7531,4.76875,Nuit avec éclairage allumé,En agglomération,Hors intersection,Normale,Autre collision,,,,,,,,,,,5,2,1,1.0,6.0
201700007787,0017-11-13 09:20:00,17,11,13,9,20,690,244,rue joliot curie,45.75231,4.77137,Plein jour,En agglomération,Hors intersection,Pluie légère,Autre collision,,,,,,,,,,,1,2,1,2.0,6.0
201700007788,0017-11-16 13:10:00,17,11,16,13,10,690,244,59 avenue de la Républiq,45.76382,4.77758,Plein jour,En agglomération,Hors intersection,Normale,Deux véhicules - côté,,,,,,,,,,,1,2,1,1.0,3.0
201700007789,0017-09-14 10:55:00,17,9,14,10,55,340,255,ROUTE DE COMBAILLAUX - D,43.68348,3.79545,Plein jour,Hors agglomération,Hors intersection,Normale,Deux véhicules - côté,,,,,,,,,,,1,1,1,1.0,3.0
201700007790,0017-02-15 21:30:00,17,2,15,21,30,10,304,A42 PK050.500,46.05361,5.32735,Nuit sans éclairage public,Hors agglomération,Hors intersection,Normale,Trois véhicules et plus - collisions multiples,,,,,,,,,,,3,1,1,1.0,5.0
201700007791,0017-03-27 07:35:00,17,3,27,7,35,10,445,pk 131.600 sens Bourg /d,46.35314,5.28747,Plein jour,Hors agglomération,Hors intersection,Normale,Autre collision,,,,,,,,,,,1,1,1,1.0,6.0
201700007792,0017-04-18 19:53:00,17,4,18,19,53,10,24,"autoroute A40, PK 177.00",46.2619,5.16673,Crépuscule ou aube,Hors agglomération,Hors intersection,Normale,Sans collision,,,,,,,,,,,2,1,1,1.0,7.0
201700007793,0017-05-19 15:30:00,17,5,19,15,30,10,451,A40 - PK 166+800 - sens,46.2346,5.27976,Plein jour,Hors agglomération,Hors intersection,Temps couvert,Deux véhicules - arrière,,,,,,,,,,,1,1,1,8.0,2.0
201700007794,0017-06-07 22:58:00,17,6,7,22,58,10,320,"D1079, PK 003.478",46.29901,4.88085,Nuit avec éclairage non allumé,En agglomération,Hors intersection,Normale,Deux véhicules - côté,,,,,,,,,,,4,2,1,1.0,3.0
201700007795,0017-07-11 16:30:00,17,7,11,16,30,10,304,A42 - PK 051.103,46.0556,5.32787,Plein jour,Hors agglomération,Hors intersection,Normale,Autre collision,,,,,,,,,,,1,1,1,1.0,6.0
201700007796,0017-07-25 20:10:00,17,7,25,20,10,10,38,A39,46.30422,5.255,Plein jour,Hors agglomération,Hors intersection,Pluie forte,Autre collision,,,,,,,,,,,1,1,1,3.0,6.0
201700007797,0017-08-06 11:50:00,17,8,6,11,50,10,29,A39 - PK 126.200,46.41688,5.27672,Plein jour,Hors agglomération,Hors intersection,Normale,Sans collision,,,,,,,,,,,1,1,1,1.0,7.0
201700007798,0017-08-14 07:40:00,17,8,14,7,40,10,195,A-40 PR 162+400,46.2148,5.31242,Plein jour,Hors agglomération,Hors intersection,Normale,Deux véhicules - arrière,,,,,,,,,,,1,1,1,1.0,2.0
201700007799,0017-08-28 17:20:00,17,8,28,17,20,10,38,aire de marmont A39,46.32242,5.26944,Plein jour,Hors agglomération,Giratoire,Normale,Autre collision,,,,,,,,,,,1,1,6,1.0,6.0
201700007800,0017-09-05 10:10:00,17,9,5,10,10,10,175,RD933,46.40958,4.9254,Plein jour,Hors agglomération,Hors intersection,Normale,Deux véhicules - frontale,,,,,,,,,,,1,1,1,1.0,1.0
201700007801,0017-11-06 06:00:00,17,11,6,6,0,10,195,autoroute A40 aire de BO,46.21075,5.29483,Nuit avec éclairage allumé,Hors agglomération,Hors intersection,Normale,Sans collision,,,,,,,,,,,5,1,1,1.0,7.0
201700007802,0017-11-07 07:45:00,17,11,7,7,45,10,389,Départementale 936 - PR,46.08315,4.91006,Crépuscule ou aube,Hors agglomération,Hors intersection,Normale,Trois véhicules et plus - collisions multiples,,,,,,,,,,,2,1,1,1.0,5.0
201700007803,0017-11-12 17:20:00,17,11,12,17,20,10,195,A 40 PK 165+500,46.21849,5.29148,Crépuscule ou aube,Hors agglomération,Hors intersection,Pluie forte,Autre collision,,,,,,,,,,,2,1,1,3.0,6.0
201700007804,0017-11-20 14:30:00,17,11,20,14,30,10,254,Autouroute A40,46.16708,5.30059,Plein jour,Hors agglomération,Hors intersection,Normale,Deux véhicules - arrière,,,,,,,,,,,1,1,1,1.0,2.0
201700007805,0017-11-20 19:45:00,17,11,20,19,45,10,451,Autoroute A 40 PK 174.00,46.25072,5.22307,Nuit sans éclairage public,Hors agglomération,Hors intersection,Brouillard / fumée,Sans collision,,,,,,,,,,,3,1,1,5.0,7.0
201700007806,0017-12-08 19:15:00,17,12,8,19,15,10,1,route départementale D7,46.13477,4.92515,Nuit sans éclairage public,Hors agglomération,Intersection en X,Normale,Deux véhicules - côté,,,,,,,,,,,3,1,2,1.0,3.0
201700007807,0017-12-09 13:30:00,17,12,9,13,30,10,451,A-40 PK 170+064,46.25072,5.22307,Plein jour,Hors agglomération,Hors intersection,Normale,Autre collision,,,,,,,,,,,1,1,1,1.0,6.0
201700007808,0017-12-14 07:26:00,17,12,14,7,26,10,343,Autoroute A40,46.27917,4.98222,Crépuscule ou aube,Hors agglomération,Autre intersection,Pluie légère,Sans collision,,,,,,,,,,,2,1,9,2.0,7.0
201700007809,0017-11-07 08:45:00,17,11,7,8,45,770,270,D15 Pk 036+700,48.84702,2.99029,Plein jour,Hors agglomération,Hors intersection,Normale,Sans collision,,,,,,,,,,,1,1,1,1.0,7.0
201700007810,0017-12-07 09:23:00,17,12,7,9,23,770,192,avenue du duc d'Epernon,48.70259,2.87332,Plein jour,En agglomération,Intersection en T,Temps couvert,Autre collision,,,,,,,,,,,1,2,3,8.0,6.0
201700007811,0017-01-30 06:25:00,17,1,30,6,25,780,152,D30,48.85448,1.96672,Nuit sans éclairage public,Hors agglomération,Hors intersection,Pluie légère,Deux véhicules - frontale,,,,,,,,,,,3,1,1,2.0,1.0
201700007812,0017-02-25 17:20:00,17,2,25,17,20,780,152,RUE DES CLAYES,48.84347,1.98718,Plein jour,En agglomération,Hors intersection,Normale,Deux véhicules - côté,,,,,,,,,,,1,2,1,1.0,3.0
201700007813,0017-03-21 08:20:00,17,3,21,8,20,780,233,PK 20+950 RD 307,48.87907,1.98483,Plein jour,En agglomération,Hors intersection,Normale,Deux véhicules - côté,,,,,,,,,,,1,2,1,1.0,3.0
201700007814,0017-04-11 14:20:00,17,4,11,14,20,780,571,CD98,48.86038,2.03106,Plein jour,Hors agglomération,Hors intersection,Temps éblouissant,Deux véhicules - arrière,,,,,,,,,,,1,1,1,7.0,2.0
201700007815,0017-05-30 13:40:00,17,5,30,13,40,780,43,D7,48.82546,2.08416,Plein jour,Hors agglomération,Hors intersection,Normale,Deux véhicules - frontale,,,,,,,,,,,1,1,1,1.0,1.0
201700007816,0017-06-04 10:30:00,17,6,4,10,30,780,43,CD 307,48.8369,2.08047,Plein jour,Hors agglomération,Hors intersection,Normale,Autre collision,,,,,,,,,,,1,1,1,1.0,6.0
201700007817,0017-06-24 20:35:00,17,6,24,20,35,780,43,Intersection Rue de Maul,48.84125,2.075,Plein jour,En agglomération,Intersection en T,Temps éblouissant,Deux véhicules - frontale,,,,,,,,,,,1,2,3,7.0,1.0
201700007818,0017-08-21 16:15:00,17,8,21,16,15,780,233,CD30,48.8826,1.97593,Plein jour,Hors agglomération,Hors intersection,Normale,Deux véhicules - côté,,,,,,,,,,,1,1,1,1.0,3.0
201700007819,0017-09-17 10:15:00,17,9,17,10,15,780,43,D7,48.83444,2.08483,Plein jour,Hors agglomération,Hors intersection,Normale,Autre collision,,,,,,,,,,,1,1,1,1.0,6.0
201700007820,0017-11-23 09:15:00,17,11,23,9,15,780,571,CD98 (carrefour chemin f,48.86226,2.01687,Plein jour,Hors agglomération,Hors intersection,Normale,Autre collision,,,,,,,,,,,1,1,1,1.0,6.0
201700007821,0017-01-15 10:33:00,17,1,15,10,33,130,112,1155 Avenue Jean*Pallet,43.52615,5.24292,Plein jour,Hors agglomération,Hors intersection,Normale,Autre collision,,,,,,,,,,,1,1,1,1.0,6.0
201700007822,0017-03-14 17:26:00,17,3,14,17,26,130,112,avenue de Lombardie,43.53137,5.24816,Plein jour,En agglomération,Intersection en X,Normale,Deux véhicules - côté,,,,,,,,,,,1,2,2,1.0,3.0
201700007823,0017-04-01 20:30:00,17,4,1,20,30,130,37,22 av. général de gaulle,43.54987,5.20484,Nuit avec éclairage allumé,En agglomération,Hors intersection,Pluie légère,Deux véhicules - côté,,,,,,,,,,,5,2,1,2.0,3.0
201700007824,0017-06-26 08:30:00,17,6,26,8,30,130,37,7 Av des Vignons,43.55103,5.19168,Plein jour,En agglomération,Hors intersection,Normale,Autre collision,,,,,,,,,,,1,2,1,1.0,6.0
201700007825,0017-08-06 12:05:00,17,8,6,12,5,130,37,Avenue des platanes,43.54724,5.19358,Plein jour,En agglomération,Giratoire,Normale,Deux véhicules - côté,,,,,,,,,,,1,2,6,1.0,3.0
201700007826,0017-11-10 20:20:00,17,11,10,20,20,130,112,D20,43.51944,5.23266,Nuit sans éclairage public,Hors agglomération,Intersection en T,Normale,Trois véhicules et plus - collisions multiples,,,,,,,,,,,3,1,3,1.0,5.0
201700007827,0017-07-08 23:50:00,17,7,8,23,50,950,42,RD 9,49.0678,2.2897,Nuit sans éclairage public,Hors agglomération,Hors intersection,Normale,Autre collision,,,,,,,,,,,3,1,1,1.0,6.0
201700007828,0017-07-16 10:35:00,17,7,16,10,35,950,42,RD3,49.0579,2.2814,Plein jour,Hors agglomération,Hors intersection,Normale,Sans collision,,,,,,,,,,,1,1,1,1.0,7.0
201700007829,0017-08-07 17:00:00,17,8,7,17,0,950,42,RD 3,49.0564,2.2891,Plein jour,Hors agglomération,Hors intersection,Normale,Autre collision,,,,,,,,,,,1,1,1,1.0,6.0
201700007830,0017-10-15 09:35:00,17,10,15,9,35,950,430,RN 1,49.0674,2.3279,Plein jour,Hors agglomération,Hors intersection,Temps éblouissant,Autre collision,,,,,,,,,,,1,1,1,7.0,6.0
201700007831,0017-02-19 00:30:00,17,2,19,0,30,350,275,RN 12 - PK G73+200,48.15959,-1.83461,Nuit sans éclairage public,Hors agglomération,Hors intersection,Normale,Autre collision,,,,,,,,,,,3,1,1,1.0,6.0
201700007832,0017-03-05 07:30:00,17,3,5,7,30,350,275,RN12 PK73+200,48.15957,-1.83403,Crépuscule ou aube,Hors agglomération,Hors intersection,Pluie légère,Autre collision,,,,,,,,,,,2,1,1,2.0,6.0
201700007833,0017-03-07 18:30:00,17,3,7,18,30,350,189,RD 137,48.14635,-1.69868,Nuit sans éclairage public,Hors agglomération,Hors intersection,Pluie légère,Autre collision,,,,,,,,,,,3,1,1,2.0,6.0
201700007834,0017-03-13 08:05:00,17,3,13,8,5,350,210,La Penardière,48.13531,-1.78251,Plein jour,Hors agglomération,Hors intersection,Normale,Deux véhicules - arrière,,,,,,,,,,,1,1,1,1.0,2.0
201700007835,0017-03-24 17:45:00,17,3,24,17,45,350,210,RN12,48.14697,-1.78813,Plein jour,Hors agglomération,Hors intersection,Normale,Trois véhicules et plus - en chaîne,,,,,,,,,,,1,1,1,1.0,4.0
201700007836,0017-04-02 14:20:00,17,4,2,14,20,350,210,La Haute Rabine,48.17185,-1.78836,Plein jour,Hors agglomération,Hors intersection,Normale,Deux véhicules - arrière,,,,,,,,,,,1,1,1,1.0,2.0
201700007837,0017-04-28 07:45:00,17,4,28,7,45,350,353,la belle Epine,48.12807,-1.74781,Plein jour,Hors agglomération,Hors intersection,Normale,Trois véhicules et plus - en chaîne,,,,,,,,,,,1,1,1,1.0,4.0
201700007838,0017-04-30 10:30:00,17,4,30,10,30,350,131,Rue de Cintré,48.12309,-1.82241,Plein jour,En agglomération,Passage à niveau,Pluie légère,Sans collision,,,,,,,,,,,1,2,8,2.0,7.0
201700007839,0017-06-08 14:10:00,17,6,8,14,10,350,131,Rond point du Vieux Four,48.11414,-1.82546,Plein jour,Hors agglomération,Giratoire,Normale,Autre collision,,,,,,,,,,,1,1,6,1.0,6.0
201700007840,0017-06-11 10:44:00,17,6,11,10,44,350,353,RN 12,48.12707,-1.7416,Plein jour,Hors agglomération,Hors intersection,Normale,Deux véhicules - arrière,,,,,,,,,,,1,1,1,1.0,2.0
201700007841,0017-06-18 18:55:00,17,6,18,18,55,350,189,RD 137,48.15505,-1.70272,Plein jour,Hors agglomération,Hors intersection,Normale,Autre collision,,,,,,,,,,,1,1,1,1.0,6.0
201700007842,0017-06-27 12:45:00,17,6,27,12,45,350,189,29 rue de la Marébaudièr,48.15132,-1.70967,Plein jour,En agglomération,Hors intersection,Pluie légère,Deux véhicules - côté,,,,,,,,,,,1,2,1,2.0,3.0
201700007843,0017-07-09 07:00:00,17,7,9,7,0,350,275,lieu dit la haute fresna,48.163,-1.87162,Plein jour,Hors agglomération,Hors intersection,Normale,Autre collision,,,,,,,,,,,1,1,1,1.0,6.0
201700007844,0017-07-18 17:20:00,17,7,18,17,20,350,353,rue de Pont-Lagot,48.12202,-1.73501,Plein jour,Hors agglomération,Intersection en T,Normale,Deux véhicules - côté,,,,,,,,,,,1,1,3,1.0,3.0
201700007845,0017-08-27 14:05:00,17,8,27,14,5,350,275,Route Nationale 12 - PK,48.17049,-1.88945,Plein jour,Hors agglomération,Hors intersection,Normale,Sans collision,,,,,,,,,,,1,1,1,1.0,7.0
201700007846,0017-10-01 09:35:00,17,10,1,9,35,350,353,Le champ Fleury,48.12578,-1.74243,Plein jour,Hors agglomération,Hors intersection,Normale,Sans collision,,,,,,,,,,,1,1,1,1.0,7.0
201700007847,0017-11-14 12:10:00,17,11,14,12,10,350,353,route de lorient,48.10516,-1.73499,Plein jour,En agglomération,Intersection en T,Normale,Deux véhicules - côté,,,,,,,,,,,1,2,3,1.0,3.0
201700007848,0017-11-18 13:55:00,17,11,18,13,55,350,131,Ron-pt  des Mares Noires,48.12896,-1.82813,Plein jour,Hors agglomération,Giratoire,Normale,Deux véhicules - côté,,,,,,,,,,,1,1,6,1.0,3.0
201700007849,0017-12-01 11:38:00,17,12,1,11,38,350,59,5 rue de la mairie,48.17748,-1.73349,Plein jour,En agglomération,Intersection en T,Temps éblouissant,Autre collision,,,,,,,,,,,1,2,3,7.0,6.0
201700007850,0017-12-22 19:20:00,17,12,22,19,20,350,131,Lieu dit Le petit Clos,48.11603,-1.81666,Nuit sans éclairage public,Hors agglomération,Intersection en X,Normale,Trois véhicules et plus - collisions multiples,,,,,,,,,,,3,1,2,1.0,5.0
201700007851,0017-03-24 19:25:00,17,3,24,19,25,420,209,A 89,45.86774,4.283,Nuit sans éclairage public,Hors agglomération,Hors intersection,Temps couvert,Autre collision,,,,,,,,,,,3,1,1,8.0,6.0
201700007852,0017-04-01 11:05:00,17,4,1,11,5,420,324,A 72,45.56063,4.24185,Plein jour,Hors agglomération,Autre intersection,Normale,Trois véhicules et plus - en chaîne,,,,,,,,,,,1,1,9,1.0,4.0
201700007853,0017-04-29 19:45:00,17,4,29,19,45,420,155,Autoroute A 89 point kil,45.81185,4.12735,Plein jour,Hors agglomération,Hors intersection,Normale,Autre collision,,,,,,,,,,,1,1,1,1.0,6.0
201700007854,0017-07-13 16:00:00,17,7,13,16,0,420,155,Autoroute 89,45.82451,4.13262,Plein jour,Hors agglomération,Hors intersection,Normale,Autre collision,,,,,,,,,,,1,1,1,1.0,6.0
201700007855,0017-08-13 16:50:00,17,8,13,16,50,420,38,Autoroute 72,45.63556,4.19313,Plein jour,Hors agglomération,Hors intersection,Normale,Deux véhicules - arrière,,,,,,,,,,,1,1,1,1.0,2.0
201700007856,0017-08-26 14:40:00,17,8,26,14,40,420,38,A72 PK 107+400,45.6419,4.18743,Plein jour,Hors agglomération,Hors intersection,Normale,Autre collision,,,,,,,,,,,1,1,1,1.0,6.0
201700007857,0017-07-19 09:20:00,17,7,19,9,20,420,243,"autoroute A89, P.K 475.0",45.86206,3.99738,Plein jour,Hors agglomération,Hors intersection,Normale,Deux véhicules - arrière,,,,,,,,,,,1,1,1,1.0,2.0
201700007858,0017-11-09 10:50:00,17,11,9,10,50,420,155,A72 pk 086.500,45.80313,4.1249,Plein jour,Hors agglomération,Hors intersection,Temps couvert,Deux véhicules - arrière,,,,,,,,,,,1,1,1,8.0,2.0
201700007859,0017-01-01 17:00:00,17,1,1,17,0,880,123,,48.09612,5.64151,Nuit sans éclairage public,Hors agglomération,Hors intersection,Pluie légère,Sans collision,,,,,,,,,,,3,1,1,2.0,7.0
201700007860,0017-04-27 18:00:00,17,4,27,18,0,880,13,autoroute A.31 pk 198+30,48.39555,5.88119,Plein jour,Hors agglomération,Hors intersection,Neige / grêle,Trois véhicules et plus - collisions multiples,,,,,,,,,,,1,1,1,4.0,5.0
201700007861,0017-01-30 19:30:00,17,1,30,19,30,380,553,boulevard de villefontai,45.60826,5.15639,Nuit sans éclairage public,En agglomération,Hors intersection,Pluie légère,Autre collision,,,,,,,,,,,3,2,1,2.0,6.0
201700007862,0017-06-16 16:55:00,17,6,16,16,55,380,553,241 rue Serge Mauroit,45.61239,5.15507,Plein jour,En agglomération,Hors intersection,Normale,Autre collision,,,,,,,,,,,1,2,1,1.0,6.0
201700007863,0017-06-29 13:04:00,17,6,29,13,4,380,553,rue du midi - avenue de,45.61775,5.15939,Plein jour,En agglomération,Intersection en X,Pluie forte,Deux véhicules - côté,,,,,,,,,,,1,2,2,3.0,3.0
201700007864,0017-07-03 13:05:00,17,7,3,13,5,380,339,route d'artas,45.55055,5.1382,Plein jour,Hors agglomération,Intersection en T,Normale,Deux véhicules - côté,,,,,,,,,,,1,1,3,1.0,3.0
201700007865,0017-08-24 15:30:00,17,8,24,15,30,380,553,Rue du bret,45.62217,5.14618,Plein jour,En agglomération,Intersection en X,Normale,Deux véhicules - côté,,,,,,,,,,,1,2,2,1.0,3.0
201700007866,0017-11-29 18:30:00,17,11,29,18,30,380,144,CD 36,45.58812,5.08905,Nuit sans éclairage public,Hors agglomération,Hors intersection,Normale,Autre collision,,,,,,,,,,,3,1,1,1.0,6.0
201700007867,0017-12-31 10:30:00,17,12,31,10,30,380,553,Rue du midi,45.61775,5.15939,Plein jour,En agglomération,Hors intersection,Autre,Autre collision,,,,,,,,,,,1,2,1,9.0,6.0
201700007868,0017-05-01 18:30:00,17,5,1,18,30,130,99,Autoroute A.51 - bretell,,,Plein jour,Hors agglomération,Hors intersection,Normale,Deux véhicules - arrière,,,,,,,,,,,1,1,1,1.0,2.0
201700007869,0017-09-19 10:00:00,17,9,19,10,0,130,99,A51 - Bretelle de sortie,43.70383,5.72833,Plein jour,Hors agglomération,Hors intersection,Normale,Sans collision,,,,,,,,,,,1,1,1,1.0,7.0
201700007870,0017-09-27 08:25:00,17,9,27,8,25,130,113,A51,43.59262,5.48305,Plein jour,Hors agglomération,Hors intersection,Normale,Sans collision,,,,,,,,,,,1,1,1,1.0,7.0
201700007871,0017-11-18 23:50:00,17,11,18,23,50,130,59,RD .96 - P.K.46+200,,,Nuit sans éclairage public,Hors agglomération,Intersection en X,Normale,Autre collision,,,,,,,,,,,3,1,2,1.0,6.0
201700007872,0017-12-26 16:40:00,17,12,26,16,40,130,99,Autoroute,,,Plein jour,Hors agglomération,Hors intersection,Temps couvert,Sans collision,,,,,,,,,,,1,1,1,8.0,7.0
201700007873,0017-01-16 08:15:00,17,1,16,8,15,180,141,A71 - PK 191+400 - Sens,47.15739,2.18327,Crépuscule ou aube,Hors agglomération,Hors intersection,Normale,Autre collision,,,,,,,,,,,2,1,1,1.0,6.0
201700007874,0017-04-05 11:10:00,17,4,5,11,10,180,141,A 71,47.14194,2.18605,Plein jour,Hors agglomération,Hors intersection,Normale,Autre collision,,,,,,,,,,,1,1,1,1.0,6.0
201700007875,0017-07-11 01:17:00,17,7,11,1,17,180,140,A20 - PK 015+000,47.15727,1.98207,Nuit sans éclairage public,Hors agglomération,Hors intersection,Normale,Deux véhicules - arrière,,,,,,,,,,,3,1,1,1.0,2.0
201700007876,0017-09-03 16:43:00,17,9,3,16,43,180,279,A20,47.20961,2.04007,Plein jour,Hors agglomération,Hors intersection,Normale,Deux véhicules - arrière,,,,,,,,,,,1,1,1,1.0,2.0
201700007877,0017-10-24 07:50:00,17,10,24,7,50,180,138,"A71, PK 201.060, sens 1",47.0854,2.26132,Nuit sans éclairage public,Hors agglomération,Hors intersection,Pluie légère,Trois véhicules et plus - collisions multiples,,,,,,,,,,,3,1,1,2.0,5.0
201700007878,0017-10-25 05:15:00,17,10,25,5,15,180,190,"A71, PK 193.400, Sens 2",47.12671,2.19007,Nuit sans éclairage public,Hors agglomération,Hors intersection,Normale,Sans collision,,,,,,,,,,,3,1,1,1.0,7.0
201700007879,0017-11-07 15:35:00,17,11,7,15,35,180,190,"A71 - PK 193.750, sens 2",47.12671,2.19007,Plein jour,Hors agglomération,Hors intersection,Normale,Deux véhicules - arrière,,,,,,,,,,,1,1,1,1.0,2.0
201700007880,0017-11-09 15:20:00,17,11,9,15,20,180,103,A20 - Bretelle accès n°0,47.10677,1.88189,Plein jour,Hors agglomération,Autre intersection,Temps couvert,Sans collision,,,,,,,,,,,1,1,9,8.0,7.0
201700007881,0017-04-17 14:00:00,17,4,17,14,0,340,337,D185E4,43.55248,3.84635,Plein jour,Hors agglomération,Hors intersection,Normale,Deux véhicules - frontale,,,,,,,,,,,1,1,1,1.0,1.0
201700007882,0017-06-10 17:40:00,17,6,10,17,40,340,333,chemin des Cresses,43.47161,3.79524,Plein jour,Hors agglomération,Hors intersection,Normale,Deux véhicules - côté,,,,,,,,,,,1,1,1,1.0,3.0
201700007883,0017-06-15 11:00:00,17,6,15,11,0,340,337,route départementale 612,43.5537,3.84146,Plein jour,Hors agglomération,Hors intersection,Normale,Sans collision,,,,,,,,,,,1,1,1,1.0,7.0
201700007884,0017-07-17 11:45:00,17,7,17,11,45,340,337,avenue de la Gare,43.53512,3.8594,Plein jour,En agglomération,Hors intersection,Normale,Autre collision,,,,,,,,,,,1,2,1,1.0,6.0
201700007885,0017-08-16 18:55:00,17,8,16,18,55,340,159,RD116,43.51671,3.82226,Plein jour,Hors agglomération,Hors intersection,Normale,Sans collision,,,,,,,,,,,1,1,1,1.0,7.0
201700007886,0017-08-15 15:00:00,17,8,15,15,0,340,337,chemin vicinal lieu dit,43.52559,3.85814,Plein jour,En agglomération,Hors intersection,Normale,Autre collision,,,,,,,,,,,1,2,1,1.0,6.0
201700007887,0017-08-27 16:15:00,17,8,27,16,15,340,337,"RE 185, au niveau de la",43.53944,3.8879,Plein jour,Hors agglomération,Hors intersection,Normale,Deux véhicules - arrière,,,,,,,,,,,1,1,1,1.0,2.0
201700007888,0017-09-02 12:15:00,17,9,2,12,15,340,333,"D114-E4, à 1 030 m au su",43.47163,3.78196,Plein jour,Hors agglomération,Hors intersection,Normale,Deux véhicules - arrière,,,,,,,,,,,1,1,1,1.0,2.0
201700007889,0017-09-29 09:00:00,17,9,29,9,0,340,337,avenue de Palavas,43.53356,3.86442,Plein jour,En agglomération,Hors intersection,Normale,Autre collision,,,,,,,,,,,1,2,1,1.0,6.0
201700007890,0017-11-12 01:45:00,17,11,12,1,45,340,159,"RD 116, PK 13 +85",43.50619,3.80788,Nuit sans éclairage public,Hors agglomération,Hors intersection,Normale,Autre collision,,,,,,,,,,,3,1,1,1.0,6.0
201700007891,0017-12-31 14:15:00,17,12,31,14,15,10,228,A40 sortie n°8,46.13791,5.52962,Plein jour,Hors agglomération,Hors intersection,Normale,Sans collision,,,,,,,,,,,1,1,1,1.0,7.0
201700007892,0017-01-24 16:30:00,17,1,24,16,30,10,273,Autoroute A40 pk 142.300,46.08398,5.36676,Plein jour,Hors agglomération,Hors intersection,Normale,Sans collision,,,,,,,,,,,1,1,1,1.0,7.0
201700007893,0017-01-29 04:30:00,17,1,29,4,30,10,373,,46.12758,5.5714,Nuit sans éclairage public,Hors agglomération,Hors intersection,Pluie légère,Autre collision,,,,,,,,,,,3,1,1,2.0,6.0