accident_id,datetime,annee,mois,jour,heure,minute,departement,commune_insee,adresse,latitude,longitude,luminosite,agglomeration,intersection,meteo,collision,nb_vehicules,nb_usagers,nb_indemnes,nb_tues,nb_blesses_hosp,nb_blesses_legers,age_cond_1,age_cond_2,veh_type_cond_1,veh_type_cond_2,lum_code,agg_code,int_code,atm_code,col_code
201700007894,0017-05-10 12:30:00,17,5,10,12,30,10,283,A404 - PK 018+300,46.26772,5.64404,Plein jour,Hors agglomération,Hors intersection,Normale,Sans collision,,,,,,,,,,,1,1,1,1.0,7.0
201700007895,0017-05-21 05:45:00,17,5,21,5,45,10,273,A40 pk 139+650,46.08398,5.36676,Crépuscule ou aube,Hors agglomération,Hors intersection,Normale,Autre collision,,,,,,,,,,,2,1,1,1.0,6.0
201700007896,0017-06-14 18:45:00,17,6,14,18,45,10,67,A40,46.1143,5.48947,Plein jour,Hors agglomération,Hors intersection,Normale,Deux véhicules - arrière,,,,,,,,,,,1,1,1,1.0,2.0
201700007897,0017-06-22 11:16:00,17,6,22,11,16,10,67,A40,46.11474,5.49039,Plein jour,Hors agglomération,Hors intersection,Normale,Trois véhicules et plus - collisions multiples,,,,,,,,,,,1,1,1,1.0,5.0
201700007898,0017-07-21 11:48:00,17,7,21,11,48,10,274,A40,46.15113,5.64142,Plein jour,Hors agglomération,Hors intersection,Normale,Autre collision,,,,,,,,,,,1,1,1,1.0,6.0
201700007899,0017-11-15 18:05:00,17,11,15,18,5,10,373,"Point routier 53+700, Rd",46.12769,5.5561,Plein jour,Hors agglomération,Hors intersection,Normale,Sans collision,,,,,,,,,,,1,1,1,1.0,7.0
201700007900,0017-11-19 07:20:00,17,11,19,7,20,10,373,A40 point kilométrique 1,46.12758,5.5714,Crépuscule ou aube,Hors agglomération,Hors intersection,Pluie légère,Autre collision,,,,,,,,,,,2,1,1,2.0,6.0
201700007901,0017-11-20 03:35:00,17,11,20,3,35,10,87,"A40, PK 111.660",46.16926,5.69055,Nuit sans éclairage public,Hors agglomération,Hors intersection,Normale,Sans collision,,,,,,,,,,,3,1,1,1.0,7.0
201700007902,0017-11-11 08:30:00,17,11,11,8,30,10,67,autoroute A40,46.1215,5.49542,Plein jour,Hors agglomération,Hors intersection,Normale,Autre collision,,,,,,,,,,,1,1,1,1.0,6.0
201700007903,0017-11-21 15:20:00,17,11,21,15,20,10,181,A 404 PK 012.550,46.22647,5.61259,Plein jour,Hors agglomération,Hors intersection,Normale,Autre collision,,,,,,,,,,,1,1,1,1.0,6.0
201700007904,0017-11-26 19:40:00,17,11,26,19,40,10,87,A40,46.16829,5.67546,Nuit sans éclairage public,Hors agglomération,Hors intersection,Pluie légère,Autre collision,,,,,,,,,,,3,1,1,2.0,6.0
201700007905,0017-11-26 20:25:00,17,11,26,20,25,10,87,A40,46.16829,5.67546,Nuit sans éclairage public,Hors agglomération,Hors intersection,Autre,Deux véhicules - côté,,,,,,,,,,,3,1,1,9.0,3.0
201700007906,0017-12-03 09:10:00,17,12,3,9,10,10,303,A 40 PK 136+800,46.08914,5.41633,Plein jour,Hors agglomération,Hors intersection,Normale,Autre collision,,,,,,,,,,,1,1,1,1.0,6.0
201700007907,0017-12-03 22:25:00,17,12,3,22,25,10,303,A40,46.09451,5.41689,Nuit sans éclairage public,Hors agglomération,Hors intersection,Autre,Trois véhicules et plus - en chaîne,,,,,,,,,,,3,1,1,9.0,4.0
201700007908,0017-12-27 11:15:00,17,12,27,11,15,130,44,RD16 avenue appollon GAV,43.61252,5.06814,Plein jour,Hors agglomération,Hors intersection,Normale,Sans collision,,,,,,,,,,,1,1,1,1.0,7.0
201700007909,0017-01-27 22:30:00,17,1,27,22,30,130,69,Route de Lançon,43.62034,5.14312,Nuit sans éclairage public,Hors agglomération,Hors intersection,Normale,Deux véhicules - frontale,,,,,,,,,,,3,1,1,1.0,1.0
201700007910,0017-02-09 17:20:00,17,2,9,17,20,130,44,**RD16,43.5962,5.04301,Plein jour,Hors agglomération,Hors intersection,Normale,Autre collision,,,,,,,,,,,1,1,1,1.0,6.0
201700007911,0017-02-23 16:45:00,17,2,23,16,45,130,9,Route de Saint-Cannat,43.61961,5.23413,Plein jour,Hors agglomération,Hors intersection,Normale,Deux véhicules - côté,,,,,,,,,,,1,1,1,1.0,3.0
201700007912,0017-03-04 05:00:00,17,3,4,5,0,130,51,D113 col du télégraphe**,43.56151,5.16148,Nuit sans éclairage public,Hors agglomération,Hors intersection,Pluie légère,Deux véhicules - arrière,,,,,,,,,,,3,1,1,2.0,2.0
201700007913,0017-04-10 06:30:00,17,4,10,6,30,130,69,Rond point RD15/RD572,43.62626,5.15066,Crépuscule ou aube,Hors agglomération,Giratoire,Normale,Deux véhicules - côté,,,,,,,,,,,2,1,6,1.0,3.0
201700007914,0017-04-16 18:42:00,17,4,16,18,42,130,69,45 Allée de Craponne,43.63233,5.14298,Plein jour,En agglomération,Hors intersection,Normale,Autre collision,,,,,,,,,,,1,2,1,1.0,6.0
201700007915,0017-06-01 08:00:00,17,6,1,8,0,130,44,D69,43.62795,5.05767,Plein jour,Hors agglomération,Intersection en X,Normale,Deux véhicules - côté,,,,,,,,,,,1,1,2,1.0,3.0
201700007916,0017-08-01 09:45:00,17,8,1,9,45,130,69,D572,43.62653,5.14843,Plein jour,Hors agglomération,Giratoire,Normale,Deux véhicules - côté,,,,,,,,,,,1,1,6,1.0,3.0
201700007917,0017-08-05 08:35:00,17,8,5,8,35,130,69,CD 572A - ALLÉE DE CRAPO,43.63232,5.14309,Plein jour,En agglomération,Intersection en T,Temps éblouissant,Deux véhicules - côté,,,,,,,,,,,1,2,3,7.0,3.0
201700007918,0017-08-14 02:45:00,17,8,14,2,45,130,69,D22,43.64945,5.18051,Nuit sans éclairage public,Hors agglomération,Hors intersection,Normale,Autre collision,,,,,,,,,,,3,1,1,1.0,6.0
201700007919,0017-08-21 18:15:00,17,8,21,18,15,130,29,D 70 D,43.58544,5.04975,Plein jour,Hors agglomération,Hors intersection,Normale,Deux véhicules - côté,,,,,,,,,,,1,1,1,1.0,3.0
201700007920,0017-09-30 16:00:00,17,9,30,16,0,130,44,2 Place Jean Jaurès,43.60766,5.06304,Plein jour,En agglomération,Intersection en T,Pluie légère,Autre collision,,,,,,,,,,,1,2,3,2.0,6.0
201700007921,0017-10-02 07:50:00,17,10,2,7,50,130,51,D19 route de Coudoux,,,Plein jour,Hors agglomération,Hors intersection,Temps couvert,Sans collision,,,,,,,,,,,1,1,1,8.0,7.0
201700007922,0017-10-11 08:00:00,17,10,11,8,0,130,51,chemin voie aurélienne -,43.61196,5.14808,Plein jour,Hors agglomération,Intersection en T,Normale,Autre collision,,,,,,,,,,,1,1,3,1.0,6.0
201700007923,0017-10-21 13:00:00,17,10,21,13,0,130,44,Ch. d'Istres À Maltemort,43.62014,5.07235,Plein jour,Hors agglomération,Hors intersection,Normale,Deux véhicules - côté,,,,,,,,,,,1,1,1,1.0,3.0
201700007924,0017-10-24 18:00:00,17,10,24,18,0,130,9,CARREFOUR DES 4 TERMES,43.59216,5.25421,Plein jour,Hors agglomération,Intersection en X,Normale,Deux véhicules - côté,,,,,,,,,,,1,1,2,1.0,3.0
201700007925,0017-11-06 01:09:00,17,11,6,1,9,130,44,RD 569,43.62198,5.01569,Nuit sans éclairage public,Hors agglomération,Hors intersection,Vent fort / tempête,Sans collision,,,,,,,,,,,3,1,1,6.0,7.0
201700007926,0017-11-15 20:00:00,17,11,15,20,0,130,103,D113,43.64017,5.04691,Nuit sans éclairage public,Hors agglomération,Hors intersection,Normale,Trois véhicules et plus - collisions multiples,,,,,,,,,,,3,1,1,1.0,5.0
201700007927,0017-11-19 20:00:00,17,11,19,20,0,130,44,D69,43.61855,5.0351,Nuit sans éclairage public,Hors agglomération,Hors intersection,Normale,Deux véhicules - frontale,,,,,,,,,,,3,1,1,1.0,1.0
201700007928,0017-11-19 16:00:00,17,11,19,16,0,130,51,D 19,43.56838,5.13022,Plein jour,Hors agglomération,Hors intersection,Normale,Sans collision,,,,,,,,,,,1,1,1,1.0,7.0
201700007929,0017-12-02 07:25:00,17,12,2,7,25,130,51,RD 19,43.58449,5.1852,Nuit sans éclairage public,Hors agglomération,Hors intersection,Neige / grêle,Autre collision,,,,,,,,,,,3,1,1,4.0,6.0
201700007930,0017-12-07 17:30:00,17,12,7,17,30,130,51,RD 113,,,Nuit sans éclairage public,Hors agglomération,Hors intersection,Normale,Deux véhicules - arrière,,,,,,,,,,,3,1,1,1.0,2.0
201700007931,0017-12-09 22:30:00,17,12,9,22,30,130,51,Av du Général Leclerc,43.59489,5.1295,Nuit avec éclairage allumé,En agglomération,Intersection en T,Normale,Deux véhicules - frontale,,,,,,,,,,,5,2,3,1.0,1.0
201700007932,0017-04-09 04:00:00,17,4,9,4,0,30,270,A71 - PK 318.120,46.32966,2.96895,Nuit sans éclairage public,Hors agglomération,Hors intersection,Normale,Deux véhicules - arrière,,,,,,,,,,,3,1,1,1.0,2.0
201700007933,0017-06-25 15:15:00,17,6,25,15,15,30,277,"A71, sens PARIS-CLERMONT",46.28438,3.04665,Plein jour,Hors agglomération,Hors intersection,Normale,Sans collision,,,,,,,,,,,1,1,1,1.0,7.0
201700007934,0017-07-07 12:05:00,17,7,7,12,5,30,75,"A71, PK 333+700",46.20886,3.09746,Plein jour,Hors agglomération,Autre intersection,Normale,Sans collision,,,,,,,,,,,1,1,9,1.0,7.0
201700007935,0017-08-19 11:30:00,17,8,19,11,30,30,118,AUTOROUTE A71 PK 348 +05,46.11192,3.13325,Plein jour,Hors agglomération,Hors intersection,Normale,Deux véhicules - arrière,,,,,,,,,,,1,1,1,1.0,2.0
201700007936,0017-11-07 18:08:00,17,11,7,18,8,30,118,"A71, PK349+350",46.09441,3.13689,Nuit sans éclairage public,Hors agglomération,Hors intersection,Normale,Deux véhicules - arrière,,,,,,,,,,,3,1,1,1.0,2.0
201700007937,0017-12-23 07:40:00,17,12,23,7,40,30,277,AUTOROUTE A71 PK 326+720,46.28438,3.04665,Nuit sans éclairage public,Hors agglomération,Hors intersection,Temps couvert,Deux véhicules - arrière,,,,,,,,,,,3,1,1,8.0,2.0
201700007938,0017-06-08 14:15:00,17,6,8,14,15,630,113,A71 PK384+460,45.7916,3.14621,Plein jour,Hors agglomération,Hors intersection,Normale,Trois véhicules et plus - en chaîne,,,,,,,,,,,1,1,1,1.0,4.0
201700007939,0017-07-16 14:38:00,17,7,16,14,38,630,300,Autroute A.71 PK 375+300,45.89427,3.13258,Plein jour,Hors agglomération,Hors intersection,Normale,Sans collision,,,,,,,,,,,1,1,1,1.0,7.0
201700007940,0017-10-29 20:05:00,17,10,29,20,5,630,113,B710A de A71 vers Cl nor,45.80651,3.15352,Nuit sans éclairage public,Hors agglomération,Hors intersection,Normale,Autre collision,,,,,,,,,,,3,1,1,1.0,6.0
201700007941,0017-11-02 19:00:00,17,11,2,19,0,630,113,Autoroute A71,,,Nuit sans éclairage public,Hors agglomération,Hors intersection,Normale,Trois véhicules et plus - collisions multiples,,,,,,,,,,,3,1,1,1.0,5.0
201700007942,0017-02-15 14:30:00,17,2,15,14,30,60,84,"258, avenue de Cannes",43.61815,6.97242,Plein jour,En agglomération,Giratoire,Normale,Deux véhicules - côté,,,,,,,,,,,1,2,6,1.0,3.0
201700007943,0017-09-18 15:20:00,17,9,18,15,20,60,84,324 AVENUE DE CANNES,43.61769,6.9728,Plein jour,En agglomération,Hors intersection,Temps couvert,Autre collision,,,,,,,,,,,1,2,1,8.0,6.0
201700007944,0017-01-08 04:00:00,17,1,8,4,0,490,323,Autoroute A11,47.51831,-0.43063,Nuit sans éclairage public,Hors agglomération,Hors intersection,Pluie légère,Autre collision,,,,,,,,,,,3,1,1,2.0,6.0
201700007945,0017-02-09 21:05:00,17,2,9,21,5,490,19,AUTOROUTE A11 -  PK 248.,47.5186,-0.37571,Nuit sans éclairage public,Hors agglomération,Hors intersection,Normale,Deux véhicules - arrière,,,,,,,,,,,3,1,1,1.0,2.0
201700007946,0017-07-28 11:10:00,17,7,28,11,10,490,19,autoroute A11,47.5186,-0.37571,Plein jour,Hors agglomération,Hors intersection,Normale,Trois véhicules et plus - en chaîne,,,,,,,,,,,1,1,1,1.0,4.0
201700007947,0017-09-22 11:58:00,17,9,22,11,58,490,19,A11 PK 248+200,47.52454,-0.36593,Plein jour,Hors agglomération,Hors intersection,Normale,Deux véhicules - arrière,,,,,,,,,,,1,1,1,1.0,2.0
201700007948,0017-02-14 13:30:00,17,2,14,13,30,400,36,A63,43.64221,-1.37726,Plein jour,Hors agglomération,Hors intersection,Normale,Trois véhicules et plus - en chaîne,,,,,,,,,,,1,1,1,1.0,4.0
201700007949,0017-03-06 23:30:00,17,3,6,23,30,400,261,Autoroute A63,43.70048,-1.22853,Nuit sans éclairage public,Hors agglomération,Hors intersection,Temps couvert,Sans collision,,,,,,,,,,,3,1,1,8.0,7.0
201700007950,0017-07-05 22:30:00,17,7,5,22,30,400,133,autoroute A.63,43.58448,-1.42071,Nuit sans éclairage public,Hors agglomération,Hors intersection,Normale,Deux véhicules - arrière,,,,,,,,,,,3,1,1,1.0,2.0
201700007951,0017-03-20 01:15:00,17,3,20,1,15,400,152,autoroute A63 PR 107+900,43.9699,-1.08305,Nuit sans éclairage public,Hors agglomération,Hors intersection,Normale,Trois véhicules et plus - collisions multiples,,,,,,,,,,,3,1,1,1.0,5.0
201700007952,0017-06-11 09:00:00,17,6,11,9,0,400,134,PR.76+187 - A.63,44.20046,-0.93118,Plein jour,Hors agglomération,Hors intersection,Normale,Sans collision,,,,,,,,,,,1,1,1,1.0,7.0
201700007953,0017-07-31 16:40:00,17,7,31,16,40,400,210,Autoroute A63 PR 91+200,44.0743,-1.00536,Plein jour,Hors agglomération,Hors intersection,Normale,Deux véhicules - côté,,,,,,,,,,,1,1,1,1.0,3.0
201700007954,0017-11-10 15:50:00,17,11,10,15,50,400,295,Autoroute A 63 barrière,44.37729,-0.84067,Plein jour,Hors agglomération,Hors intersection,Normale,Autre collision,,,,,,,,,,,1,1,1,1.0,6.0
201700007955,0017-11-17 11:40:00,17,11,17,11,40,100,387,"86, EDOUARD HERRIOT (RUE",48.2744,4.07986,Plein jour,En agglomération,Hors intersection,Normale,Autre collision,,,,,,,,,,,1,2,1,1.0,6.0
201700007956,0017-12-01 08:03:00,17,12,1,8,3,100,387,TRAVERSOT (RUE),48.30977,4.05611,Plein jour,En agglomération,Hors intersection,Autre,Deux véhicules - côté,,,,,,,,,,,1,2,1,9.0,3.0
201700007957,0017-12-08 18:12:00,17,12,8,18,12,100,387,"15, GENERAL CHARLES DELE",48.28857,4.07366,Nuit avec éclairage non allumé,En agglomération,Hors intersection,Autre,Autre collision,,,,,,,,,,,4,2,1,9.0,6.0
201700007958,0017-12-14 18:09:00,17,12,14,18,9,100,387,18 bd du 14 juillet,48.29417,4.07796,Nuit avec éclairage allumé,En agglomération,Hors intersection,Normale,Autre collision,,,,,,,,,,,5,2,1,1.0,6.0
201700007959,0017-12-09 19:04:00,17,12,9,19,4,100,387,PASTEUR (RUE),48.30128,4.06418,Nuit avec éclairage allumé,En agglomération,Intersection en T,Normale,Deux véhicules - côté,,,,,,,,,,,5,2,3,1.0,3.0
201700007960,0017-01-13 19:28:00,17,1,13,19,28,100,387,GAMBETTA (RUE),48.29973,4.07314,Nuit avec éclairage allumé,En agglomération,Hors intersection,Pluie légère,Autre collision,,,,,,,,,,,5,2,1,2.0,6.0
201700007961,0017-12-13 17:50:00,17,12,13,17,50,100,333,VICTOR HUGO (RUE),48.28383,4.0689,Crépuscule ou aube,En agglomération,Intersection en T,Normale,Deux véhicules - côté,,,,,,,,,,,2,2,3,1.0,3.0
201700007962,0017-02-09 15:13:00,17,2,9,15,13,100,387,PLANCHE DES PRES (RUE),48.2959,4.09537,Plein jour,En agglomération,Hors intersection,Temps couvert,Deux véhicules - arrière,,,,,,,,,,,1,2,1,8.0,2.0
201700007963,0017-12-05 06:55:00,17,12,5,6,55,100,81,CD60,48.31029,4.00779,Nuit sans éclairage public,Hors agglomération,Hors intersection,Normale,Autre collision,,,,,,,,,,,3,1,1,1.0,6.0
201700007964,0017-02-01 14:04:00,17,2,1,14,4,100,387,EDOUARD HERRIOT (RUE),48.2808,4.07177,Plein jour,En agglomération,Intersection en T,Normale,Deux véhicules - côté,,,,,,,,,,,1,2,3,1.0,3.0
201700007965,0017-12-02 07:40:00,17,12,2,7,40,100,387,PREMIER MAI (RUE DU),48.3053,4.0923,Crépuscule ou aube,En agglomération,Autre intersection,Autre,Autre collision,,,,,,,,,,,2,2,9,9.0,6.0
201700007966,0017-02-16 18:46:00,17,2,16,18,46,100,387,"176, CHOMEDEY DE MAISONN",48.3137,4.06466,Nuit avec éclairage allumé,En agglomération,Hors intersection,Temps couvert,Autre collision,,,,,,,,,,,5,2,1,8.0,6.0
201700007967,0017-12-15 15:33:00,17,12,15,15,33,100,387,TOUR (RUE DE LA),48.30245,4.07612,Plein jour,En agglomération,Autre intersection,Normale,Autre collision,,,,,,,,,,,1,2,9,1.0,6.0
201700007968,0017-02-18 17:55:00,17,2,18,17,55,100,333,ROCADE OUEST (RD 610),48.27,4.045,Crépuscule ou aube,Hors agglomération,Hors intersection,Normale,Autre collision,,,,,,,,,,,2,1,1,1.0,6.0
201700007969,0017-12-21 18:32:00,17,12,21,18,32,100,357,ROCADE EST (RD 610),48.28029,4.1266,Nuit sans éclairage public,Hors agglomération,Hors intersection,Pluie légère,Trois véhicules et plus - en chaîne,,,,,,,,,,,3,1,1,2.0,4.0
201700007970,0017-03-06 12:12:00,17,3,6,12,12,100,81,FRERES MICHELIN (RUE DES,48.31444,4.02669,Plein jour,En agglomération,Intersection en X,Pluie forte,Deux véhicules - côté,,,,,,,,,,,1,2,2,3.0,3.0
201700007971,0017-12-16 13:48:00,17,12,16,13,48,100,343,DIJON (RUE DE),48.27111,4.0866,Plein jour,En agglomération,Hors intersection,Autre,Deux véhicules - arrière,,,,,,,,,,,1,2,1,9.0,2.0
201700007972,0017-03-13 15:42:00,17,3,13,15,42,100,387,"6, DANTON (RUE)",48.30231,4.07599,Plein jour,En agglomération,Hors intersection,Normale,Deux véhicules - côté,,,,,,,,,,,1,2,1,1.0,3.0
201700007973,0017-12-22 17:05:00,17,12,22,17,5,100,357,ROCADE EST (RD 610),48.29348,4.14475,Nuit sans éclairage public,Hors agglomération,Hors intersection,Pluie légère,Deux véhicules - frontale,,,,,,,,,,,3,1,1,2.0,1.0
201700007974,0017-03-04 13:46:00,17,3,4,13,46,100,387,WOOD ET WEST (RUE),48.29486,4.0818,Plein jour,En agglomération,Giratoire,Normale,Deux véhicules - côté,,,,,,,,,,,1,2,6,1.0,3.0
201700007975,0017-12-21 15:40:00,17,12,21,15,40,100,81,JEAN MOULIN (RUE),48.30754,4.03327,Plein jour,En agglomération,Intersection en T,Normale,Deux véhicules - côté,,,,,,,,,,,1,2,3,1.0,3.0
201700007976,0017-03-28 07:30:00,17,3,28,7,30,100,387,VICTOR HUGO (RUE),48.29345,4.06873,Plein jour,En agglomération,Intersection en T,Normale,Deux véhicules - côté,,,,,,,,,,,1,2,3,1.0,3.0
201700007977,0017-03-29 16:36:00,17,3,29,16,36,100,343,VOLTAIRE (RUE),48.27314,4.10306,Plein jour,En agglomération,Hors intersection,Normale,Deux véhicules - frontale,,,,,,,,,,,1,2,1,1.0,1.0
201700007978,0017-01-21 10:30:00,17,1,21,10,30,100,362,"53, GENERAL GALLIENI (RU",48.2941,4.05768,Plein jour,En agglomération,Hors intersection,Normale,Autre collision,,,,,,,,,,,1,2,1,1.0,6.0
201700007979,0017-03-31 20:58:00,17,3,31,20,58,100,387,DAMPIERRE (QUAI),48.2995,4.0768,Nuit avec éclairage allumé,En agglomération,Intersection en T,Normale,Deux véhicules - côté,,,,,,,,,,,5,2,3,1.0,3.0
201700007980,0017-04-08 14:42:00,17,4,8,14,42,100,333,CHARLES DE REFUGE (RUE),48.28233,4.05424,Plein jour,En agglomération,Hors intersection,Normale,Deux véhicules - côté,,,,,,,,,,,1,2,1,1.0,3.0
201700007981,0017-04-30 11:49:00,17,4,30,11,49,100,387,ROBERT GALLEY (RUE),48.28998,4.0678,Plein jour,En agglomération,Giratoire,Normale,Deux véhicules - côté,,,,,,,,,,,1,2,6,1.0,3.0
201700007982,0017-05-12 13:51:00,17,5,12,13,51,100,357,Prolongement Bd POMPIDOU,48.30759,4.10318,Plein jour,Hors agglomération,Hors intersection,Normale,Deux véhicules - frontale,,,,,,,,,,,1,1,1,1.0,1.0
201700007983,0017-05-30 09:47:00,17,5,30,9,47,100,333,CHARLES DE REFUGE (RUE),48.28001,4.05002,Plein jour,En agglomération,Giratoire,Normale,Sans collision,,,,,,,,,,,1,2,6,1.0,7.0
201700007984,0017-05-24 20:57:00,17,5,24,20,57,100,343,DIJON (RUE DE),48.26902,4.088,Crépuscule ou aube,En agglomération,Intersection en X,Normale,Deux véhicules - arrière,,,,,,,,,,,2,2,2,1.0,2.0
201700007985,0017-05-29 17:08:00,17,5,29,17,8,100,387,VOULDY (CHAUSSEE DU),48.29504,4.08075,Plein jour,En agglomération,Hors intersection,Normale,Autre collision,,,,,,,,,,,1,2,1,1.0,6.0
201700007986,0017-05-23 09:56:00,17,5,23,9,56,100,387,GENERAL DE GAULLE (RUE D,48.29717,4.06939,Plein jour,En agglomération,Hors intersection,Normale,Autre collision,,,,,,,,,,,1,2,1,1.0,6.0
201700007987,0017-05-19 18:57:00,17,5,19,18,57,100,387,"1, VOULDY (CHAUSSEE DU)",48.29459,4.08258,Plein jour,En agglomération,Hors intersection,Pluie légère,Trois véhicules et plus - en chaîne,,,,,,,,,,,1,2,1,2.0,4.0
201700007988,0017-02-19 18:25:00,17,2,19,18,25,100,387,ST DOMINIQUE (MAIL),48.29486,4.0818,Crépuscule ou aube,En agglomération,Intersection en T,Normale,Trois véhicules et plus - collisions multiples,,,,,,,,,,,2,2,3,1.0,5.0
201700007989,0017-06-07 22:20:00,17,6,7,22,20,100,333,AUXERRE (ROUTE),48.27408,4.0583,Nuit avec éclairage allumé,En agglomération,Intersection en X,Normale,Deux véhicules - côté,,,,,,,,,,,5,2,2,1.0,3.0
201700007990,0017-06-07 18:55:00,17,6,7,18,55,100,387,"93, MAJOR GENERAL VANIER",48.30713,4.06984,Plein jour,En agglomération,Hors intersection,Normale,Autre collision,,,,,,,,,,,1,2,1,1.0,6.0
201700007991,0017-06-14 12:54:00,17,6,14,12,54,100,333,JULES DIDIER (RUE),48.28715,4.06688,Plein jour,En agglomération,Hors intersection,Normale,Deux véhicules - côté,,,,,,,,,,,1,2,1,1.0,3.0
201700007992,0017-06-10 18:38:00,17,6,10,18,38,100,357,ROUTE DE BOURANTON (D147,48.29692,4.13338,Plein jour,En agglomération,Hors intersection,Normale,Deux véhicules - côté,,,,,,,,,,,1,2,1,1.0,3.0
201700007993,0017-04-22 13:10:00,17,4,22,13,10,100,343,"111, MICHEL BAROIN (RUE)",48.28073,4.0951,Plein jour,En agglomération,Hors intersection,Normale,Autre collision,,,,,,,,,,,1,2,1,1.0,6.0
201700007994,0017-04-09 13:30:00,17,4,9,13,30,100,387,DAMPIERRE (QUAI),48.2998,4.07632,Plein jour,En agglomération,Hors intersection,Normale,Deux véhicules - frontale,,,,,,,,,,,1,2,1,1.0,1.0
201700007995,0017-06-23 08:45:00,17,6,23,8,45,100,81,PENETRANTE NORD,48.31639,4.06207,Plein jour,Hors agglomération,Hors intersection,Normale,Trois véhicules et plus - collisions multiples,,,,,,,,,,,1,1,1,1.0,5.0
201700007996,0017-06-08 12:25:00,17,6,8,12,25,100,387,"73, JULES GUESDE (RUE)",48.28528,4.08279,Plein jour,En agglomération,Hors intersection,Normale,Autre collision,,,,,,,,,,,1,2,1,1.0,6.0
201700007997,0017-06-27 11:34:00,17,6,27,11,34,100,387,"125, ROBERT SCHUMANN (RU",48.30632,4.09428,Plein jour,En agglomération,Hors intersection,Normale,Deux véhicules - arrière,,,,,,,,,,,1,2,1,1.0,2.0
201700007998,0017-06-17 14:06:00,17,6,17,14,6,100,387,GEORGES POMPIDOU (RUE),48.28662,4.07751,Plein jour,En agglomération,Intersection en X,Normale,Deux véhicules - côté,,,,,,,,,,,1,2,2,1.0,3.0
201700007999,0017-07-04 14:34:00,17,7,4,14,34,100,387,ST DOMINIQUE (MAIL),48.29474,4.08262,Plein jour,En agglomération,Intersection en X,Normale,Deux véhicules - côté,,,,,,,,,,,1,2,2,1.0,3.0
201700008000,0017-07-03 13:40:00,17,7,3,13,40,100,333,NOTRE DAME DES PRES (RUE,48.28851,4.04537,Plein jour,En agglomération,Hors intersection,Normale,Deux véhicules - côté,,,,,,,,,,,1,2,1,1.0,3.0
201700008001,0017-07-01 11:21:00,17,7,1,11,21,100,333,CHARLES DE REFUGE (RUE),48.28274,4.0533,Plein jour,En agglomération,Hors intersection,Normale,Autre collision,,,,,,,,,,,1,2,1,1.0,6.0
201700008002,0017-08-07 23:21:00,17,8,7,23,21,100,387,HENRI BARBUSSE (RUE),48.29919,4.08668,Nuit avec éclairage allumé,En agglomération,Hors intersection,Pluie légère,Sans collision,,,,,,,,,,,5,2,1,2.0,7.0
201700008003,0017-07-18 09:11:00,17,7,18,9,11,100,81,"16, ROGER SALENGRO (NATI",48.31222,4.04952,Plein jour,En agglomération,Hors intersection,Normale,Autre collision,,,,,,,,,,,1,2,1,1.0,6.0
201700008004,0017-08-08 07:50:00,17,8,8,7,50,100,387,VICTOR HUGO (RUE),48.29343,4.06874,Plein jour,En agglomération,Intersection en T,Pluie légère,Deux véhicules - côté,,,,,,,,,,,1,2,3,2.0,3.0
201700008005,0017-07-20 12:09:00,17,7,20,12,9,100,387,EDOUARD HERRIOT (RUE),48.2774,4.07601,Plein jour,En agglomération,Hors intersection,Temps couvert,Deux véhicules - frontale,,,,,,,,,,,1,2,1,8.0,1.0
201700008006,0017-07-18 18:40:00,17,7,18,18,40,100,362,"139, GENERAL GALLIENI (R",48.29286,4.04627,Plein jour,En agglomération,Hors intersection,Normale,Autre collision,,,,,,,,,,,1,2,1,1.0,6.0
201700008007,0017-08-27 14:11:00,17,8,27,14,11,100,387,GENERAL LECLERC (RUE DU),48.30823,4.05617,Plein jour,En agglomération,Intersection en X,Normale,Deux véhicules - côté,,,,,,,,,,,1,2,2,1.0,3.0
201700008008,0017-08-11 13:21:00,17,8,11,13,21,100,81,JEAN BAPTISTE COLBERT (R,48.31329,4.02381,Plein jour,En agglomération,Intersection en T,Normale,Deux véhicules - côté,,,,,,,,,,,1,2,3,1.0,3.0
201700008009,0017-08-10 23:15:00,17,8,10,23,15,100,387,GEORGES POMPIDOU (RUE),48.29673,4.09504,Nuit avec éclairage allumé,En agglomération,Hors intersection,Normale,Sans collision,,,,,,,,,,,5,2,1,1.0,7.0
201700008010,0017-08-08 11:41:00,17,8,8,11,41,100,333,AUXERRE (ROUTE),48.27851,4.06644,Plein jour,En agglomération,Intersection en X,Normale,Deux véhicules - côté,,,,,,,,,,,1,2,2,1.0,3.0
201700008011,0017-08-16 13:54:00,17,8,16,13,54,100,387,MARECHAL DE LATTRE DE TA,48.30408,4.09654,Plein jour,En agglomération,Hors intersection,Normale,Autre collision,,,,,,,,,,,1,2,1,1.0,6.0
201700008012,0017-06-09 09:50:00,17,6,9,9,50,100,362,VOLTA (RUE),48.29613,4.05574,Plein jour,En agglomération,Hors intersection,Normale,Autre collision,,,,,,,,,,,1,2,1,1.0,6.0
201700008013,0017-09-19 23:00:00,17,9,19,23,0,100,81,"6, DANTON (RUE)",48.32033,4.05266,Nuit avec éclairage allumé,En agglomération,Hors intersection,Normale,Autre collision,,,,,,,,,,,5,2,1,1.0,6.0