accident_id,datetime,annee,mois,jour,heure,minute,departement,commune_insee,adresse,latitude,longitude,luminosite,agglomeration,intersection,meteo,collision,nb_vehicules,nb_usagers,nb_indemnes,nb_tues,nb_blesses_hosp,nb_blesses_legers,age_cond_1,age_cond_2,veh_type_cond_1,veh_type_cond_2,lum_code,agg_code,int_code,atm_code,col_code
201700008376,0017-12-29 19:35:00,17,12,29,19,35,110,262,ESCOUTE (QUAI DE L'),43.18502,2.99933,Nuit avec éclairage allumé,En agglomération,Intersection en X,Normale,Deux véhicules - côté,,,,,,,,,,,5,2,2,1.0,3.0
201700008377,0017-01-07 12:35:00,17,1,7,12,35,600,453,A16 pk  59+100,49.32021,2.08604,Plein jour,Hors agglomération,Hors intersection,Neige / grêle,Autre collision,,,,,,,,,,,1,1,1,4.0,6.0
201700008378,0017-02-26 23:40:00,17,2,26,23,40,600,395,Autoroute A16,49.23082,2.10623,Nuit sans éclairage public,Hors agglomération,Hors intersection,Normale,Autre collision,,,,,,,,,,,3,1,1,1.0,6.0
201700008379,0017-04-10 14:15:00,17,4,10,14,15,600,570,A 16,49.26262,2.09369,Plein jour,Hors agglomération,Hors intersection,Normale,Autre collision,,,,,,,,,,,1,1,1,1.0,6.0
201700008380,0017-04-23 15:40:00,17,4,23,15,40,600,692,A16 PK 96+100,49.63845,2.21259,Plein jour,Hors agglomération,Hors intersection,Normale,Deux véhicules - arrière,,,,,,,,,,,1,1,1,1.0,2.0
201700008381,0017-05-07 10:00:00,17,5,7,10,0,600,480,Autoroute A16 PK 080.000,49.49858,2.17109,Plein jour,Hors agglomération,Hors intersection,Pluie légère,Deux véhicules - arrière,,,,,,,,,,,1,1,1,2.0,2.0
201700008382,0017-07-05 07:50:00,17,7,5,7,50,600,9,Autoroute A16,49.39431,2.11991,Plein jour,Hors agglomération,Autre intersection,Normale,Deux véhicules - arrière,,,,,,,,,,,1,1,9,1.0,2.0
201700008383,0017-08-13 19:20:00,17,8,13,19,20,600,299,Autoroute A16- Rond poin,49.61648,2.20917,Plein jour,Hors agglomération,Hors intersection,Normale,Autre collision,,,,,,,,,,,1,1,1,1.0,6.0
201700008384,0017-08-24 11:00:00,17,8,24,11,0,600,9,A16,49.39431,2.11991,Plein jour,Hors agglomération,Hors intersection,Normale,Autre collision,,,,,,,,,,,1,1,1,1.0,6.0
201700008385,0017-11-10 03:56:00,17,11,10,3,56,600,82,A.16  - Pk 99+600,49.68272,2.23771,Nuit sans éclairage public,Hors agglomération,Hors intersection,Pluie légère,Deux véhicules - frontale,,,,,,,,,,,3,1,1,2.0,1.0
201700008386,0017-03-10 17:30:00,17,3,10,17,30,130,91,RD7N ***,43.62621,5.29194,Plein jour,Hors agglomération,Hors intersection,Normale,Deux véhicules - arrière,,,,,,,,,,,1,1,1,1.0,2.0
201700008387,0017-05-15 11:45:00,17,5,15,11,45,130,50,Avenue Léo Lagrange*,43.64901,5.26537,Plein jour,En agglomération,Passage à niveau,Temps éblouissant,Autre collision,,,,,,,,,,,1,2,8,7.0,6.0
201700008388,0017-06-04 20:45:00,17,6,4,20,45,130,50,Route de la Roque d'Anth,43.69007,5.28182,Plein jour,Hors agglomération,Hors intersection,Normale,Deux véhicules - frontale,,,,,,,,,,,1,1,1,1.0,1.0
201700008389,0017-06-09 06:00:00,17,6,9,6,0,130,82,départementale 66 D,,,Plein jour,Hors agglomération,Hors intersection,Normale,Autre collision,,,,,,,,,,,1,1,1,1.0,6.0
201700008390,0017-07-05 19:45:00,17,7,5,19,45,130,50,2001/2003 route de Coudo,43.62148,5.2621,Plein jour,Hors agglomération,Hors intersection,Normale,Sans collision,,,,,,,,,,,1,1,1,1.0,7.0
201700008391,0017-07-17 08:20:00,17,7,17,8,20,130,50,17 Route de Rognes,43.65409,5.27303,Plein jour,Hors agglomération,Hors intersection,Temps éblouissant,Deux véhicules - arrière,,,,,,,,,,,1,1,1,7.0,2.0
201700008392,0017-10-25 07:45:00,17,10,25,7,45,130,50,Route de Pelissanne,43.65177,5.2457,Crépuscule ou aube,Hors agglomération,Hors intersection,Normale,Trois véhicules et plus - en chaîne,,,,,,,,,,,2,1,1,1.0,4.0
201700008393,0017-11-12 17:30:00,17,11,12,17,30,130,91,Route d'Eguilles,43.60753,5.31008,Plein jour,Hors agglomération,Hors intersection,Normale,Autre collision,,,,,,,,,,,1,1,1,1.0,6.0
201700008394,0017-01-09 13:00:00,17,1,9,13,0,300,36,RN 113,43.78041,4.29298,Plein jour,Hors agglomération,Hors intersection,Normale,Deux véhicules - arrière,,,,,,,,,,,1,1,1,1.0,2.0
201700008395,0017-02-10 13:40:00,17,2,10,13,40,300,344,RN 113,43.73964,4.24324,Plein jour,Hors agglomération,Hors intersection,Normale,Trois véhicules et plus - collisions multiples,,,,,,,,,,,1,1,1,1.0,5.0
201700008396,0017-02-17 07:30:00,17,2,17,7,30,300,169,RN 113,43.78404,4.31282,Crépuscule ou aube,Hors agglomération,Hors intersection,Brouillard / fumée,Deux véhicules - côté,,,,,,,,,,,2,1,1,5.0,3.0
201700008397,0017-02-27 10:15:00,17,2,27,10,15,300,36,Chemin des Capitelles,43.77173,4.27833,Plein jour,Hors agglomération,Hors intersection,Temps couvert,Sans collision,,,,,,,,,,,1,1,1,8.0,7.0
201700008398,0017-05-07 23:30:00,17,5,7,23,30,300,344,Rn 113- Rond point d'Hér,43.73511,4.23561,Nuit sans éclairage public,Hors agglomération,Hors intersection,Normale,Deux véhicules - frontale,,,,,,,,,,,3,1,1,1.0,1.0
201700008399,0017-06-10 08:40:00,17,6,10,8,40,300,36,RN 113,43.77988,4.29217,Plein jour,En agglomération,Hors intersection,Normale,Deux véhicules - frontale,,,,,,,,,,,1,2,1,1.0,1.0
201700008400,0017-06-18 20:00:00,17,6,18,20,0,300,33,chemin des vergers du pl,43.73339,4.29665,Crépuscule ou aube,Hors agglomération,Intersection en T,Temps éblouissant,Deux véhicules - frontale,,,,,,,,,,,2,1,3,7.0,1.0
201700008401,0017-06-22 02:30:00,17,6,22,2,30,300,169,route de nimes,43.79944,4.3162,Nuit avec éclairage allumé,En agglomération,Giratoire,Normale,Sans collision,,,,,,,,,,,5,2,6,1.0,7.0
201700008402,0017-06-23 15:15:00,17,6,23,15,15,300,169,N 113,43.78336,4.29876,Plein jour,Hors agglomération,Intersection en X,Normale,Deux véhicules - frontale,,,,,,,,,,,1,1,2,1.0,1.0
201700008403,0017-09-05 14:30:00,17,9,5,14,30,300,169,chemin sous fond dame,,,Plein jour,Hors agglomération,Hors intersection,Normale,Deux véhicules - frontale,,,,,,,,,,,1,1,1,1.0,1.0
201700008404,0017-09-25 09:22:00,17,9,25,9,22,300,344,cd 139,43.73085,4.23827,Plein jour,Hors agglomération,Hors intersection,Normale,Autre collision,,,,,,,,,,,1,1,1,1.0,6.0
201700008405,0017-10-20 17:55:00,17,10,20,17,55,300,333,RD 135,43.73787,4.28495,Plein jour,Hors agglomération,Intersection en T,Normale,Deux véhicules - frontale,,,,,,,,,,,1,1,3,1.0,1.0
201700008406,0017-11-20 14:00:00,17,11,20,14,0,300,344,CD 1,43.74242,4.20988,Plein jour,Hors agglomération,Hors intersection,Normale,Deux véhicules - frontale,,,,,,,,,,,1,1,1,1.0,1.0
201700008407,0017-01-14 00:40:00,17,1,14,0,40,310,107,A64 PK 252+950,43.3091,1.19903,Nuit sans éclairage public,Hors agglomération,Hors intersection,Temps couvert,Deux véhicules - arrière,,,,,,,,,,,3,1,1,8.0,2.0
201700008408,0017-02-08 11:00:00,17,2,8,11,0,310,181,A.64,43.40953,1.29451,Plein jour,Hors agglomération,Hors intersection,Pluie forte,Trois véhicules et plus - en chaîne,,,,,,,,,,,1,1,1,3.0,4.0
201700008409,0017-04-22 01:15:00,17,4,22,1,15,310,476,A 64,43.27495,1.13929,Nuit sans éclairage public,Hors agglomération,Hors intersection,Normale,Autre collision,,,,,,,,,,,3,1,1,1.0,6.0
201700008410,0017-08-03 18:15:00,17,8,3,18,15,310,104,A64,43.34081,1.25362,Plein jour,Hors agglomération,Hors intersection,Normale,Deux véhicules - arrière,,,,,,,,,,,1,1,1,1.0,2.0
201700008411,0017-08-23 15:19:00,17,8,23,15,19,310,458,A64 PK 278+300,43.50615,1.35295,Plein jour,Hors agglomération,Hors intersection,Normale,Deux véhicules - arrière,,,,,,,,,,,1,1,1,1.0,2.0
201700008412,0017-10-15 15:20:00,17,10,15,15,20,310,458,A64 PK: 000.225 dans le,43.51667,1.37796,Plein jour,Hors agglomération,Hors intersection,Normale,Autre collision,,,,,,,,,,,1,1,1,1.0,6.0
201700008413,0017-11-14 15:45:00,17,11,14,15,45,310,157,30 bis rue du pré Vicina,43.53832,1.34054,Plein jour,En agglomération,Intersection en T,Normale,Deux véhicules - côté,,,,,,,,,,,1,2,3,1.0,3.0
201700008414,0017-11-21 08:15:00,17,11,21,8,15,310,395,A 64 PK 273+585,43.47256,1.31835,Plein jour,Hors agglomération,Hors intersection,Normale,Deux véhicules - arrière,,,,,,,,,,,1,1,1,1.0,2.0
201700008415,0017-11-29 08:20:00,17,11,29,8,20,310,458,A.64 - PK 001+100 - sens,43.5073,1.35427,Plein jour,Hors agglomération,Hors intersection,Normale,Sans collision,,,,,,,,,,,1,1,1,1.0,7.0
201700008416,0017-12-04 08:35:00,17,12,4,8,35,310,157,Avenue du Général Bares,43.5364,1.36484,Plein jour,En agglomération,Hors intersection,Normale,Deux véhicules - arrière,,,,,,,,,,,1,2,1,1.0,2.0
201700008417,0017-03-21 08:15:00,17,3,21,8,15,760,494,A 29 -  Pk 039+370,49.56929,0.39334,Plein jour,Hors agglomération,Hors intersection,Normale,Deux véhicules - frontale,,,,,,,,,,,1,1,1,1.0,1.0
201700008418,0017-06-13 07:36:00,17,6,13,7,36,760,533,A29 - PK 25.200 ( Pont m,49.49921,0.27361,Plein jour,Hors agglomération,Hors intersection,Normale,Trois véhicules et plus - collisions multiples,,,,,,,,,,,1,1,1,1.0,5.0
201700008419,0017-07-08 16:45:00,17,7,8,16,45,760,533,PK 3+100 Bretelle pont d,49.49261,0.26464,Plein jour,Hors agglomération,Hors intersection,Normale,Autre collision,,,,,,,,,,,1,1,1,1.0,6.0
201700008420,0017-07-25 14:00:00,17,7,25,14,0,760,239,A 29 - PK 30,49.52224,0.30498,Plein jour,Hors agglomération,Hors intersection,Normale,Autre collision,,,,,,,,,,,1,1,1,1.0,6.0
201700008421,0017-08-14 11:45:00,17,8,14,11,45,760,489,N 1029,49.50133,0.28641,Plein jour,Hors agglomération,Hors intersection,Normale,Autre collision,,,,,,,,,,,1,1,1,1.0,6.0
201700008422,0017-11-04 12:15:00,17,11,4,12,15,760,657,A 131  - PK 25,49.46807,0.34642,Plein jour,Hors agglomération,Hors intersection,Pluie forte,Sans collision,,,,,,,,,,,1,1,1,3.0,7.0
201700008423,0017-04-05 16:30:00,17,4,5,16,30,310,537,"A64, PK 210+500",43.12621,0.80512,Plein jour,Hors agglomération,Hors intersection,Normale,Autre collision,,,,,,,,,,,1,1,1,1.0,6.0
201700008424,0017-04-21 08:45:00,17,4,21,8,45,310,83,Route départementale 23,43.23399,0.87401,Plein jour,Hors agglomération,Hors intersection,Normale,Autre collision,,,,,,,,,,,1,1,1,1.0,6.0
201700008425,0017-11-20 15:05:00,17,11,20,15,5,310,124,"A64,  PK 212.600, sens T",43.12983,0.85224,Plein jour,Hors agglomération,Hors intersection,Normale,Autre collision,,,,,,,,,,,1,1,1,1.0,6.0
201700008426,0017-04-24 12:15:00,17,4,24,12,15,490,125,D960 PR14+210,47.18051,-0.27842,Plein jour,Hors agglomération,Hors intersection,Temps éblouissant,Deux véhicules - frontale,,,,,,,,,,,1,1,1,7.0,1.0
201700008427,0017-08-11 15:15:00,17,8,11,15,15,490,215,"RD 347, PR 02+400",47.12843,-0.12467,Plein jour,Hors agglomération,Hors intersection,Normale,Deux véhicules - côté,,,,,,,,,,,1,1,1,1.0,3.0
201700008428,0017-10-04 14:00:00,17,10,4,14,0,490,180,RD938,47.4207,-0.10776,Plein jour,Hors agglomération,Intersection en T,Autre,Deux véhicules - côté,,,,,,,,,,,1,1,3,9.0,3.0
201700008429,0017-10-11 15:49:00,17,10,11,15,49,490,368,D767,47.36186,0.0293,Plein jour,Hors agglomération,Hors intersection,Temps éblouissant,Deux véhicules - frontale,,,,,,,,,,,1,1,1,7.0,1.0
201700008430,0017-11-04 18:42:00,17,11,4,18,42,490,234,rue des moulins,47.43792,0.1569,Nuit avec éclairage allumé,En agglomération,Intersection en T,Pluie légère,Autre collision,,,,,,,,,,,5,2,3,2.0,6.0
201700008431,0017-11-29 14:50:00,17,11,29,14,50,490,52,D959,47.60595,0.22204,Plein jour,Hors agglomération,Hors intersection,Normale,Deux véhicules - frontale,,,,,,,,,,,1,1,1,1.0,1.0
201700008432,0017-12-14 14:55:00,17,12,14,14,55,490,138,A85,47.47632,-0.19997,Plein jour,Hors agglomération,Hors intersection,Temps couvert,Deux véhicules - arrière,,,,,,,,,,,1,1,1,8.0,2.0
201700008433,0017-12-22 07:55:00,17,12,22,7,55,490,123,"RD 347, PK 16+400",47.22338,-0.12372,Crépuscule ou aube,Hors agglomération,Hors intersection,Normale,Autre collision,,,,,,,,,,,2,1,1,1.0,6.0
201700008434,0017-12-23 13:40:00,17,12,23,13,40,490,280,autoroute A 85,47.49537,-0.22074,Plein jour,Hors agglomération,Hors intersection,Normale,Autre collision,,,,,,,,,,,1,1,1,1.0,6.0
201700008435,0017-12-23 17:36:00,17,12,23,17,36,490,49,A85,47.43078,-0.15676,Nuit sans éclairage public,Hors agglomération,Hors intersection,Normale,Autre collision,,,,,,,,,,,3,1,1,1.0,6.0
201700008436,0017-06-15 16:20:00,17,6,15,16,20,10,194,avenue jean monet,45.98466,4.75596,Plein jour,En agglomération,Hors intersection,Normale,Autre collision,,,,,,,,,,,1,2,1,1.0,6.0
201700008437,0017-07-17 06:40:00,17,7,17,6,40,10,443,"D904, PK 26+837",45.99238,5.04853,Plein jour,Hors agglomération,Hors intersection,Normale,Deux véhicules - frontale,,,,,,,,,,,1,1,1,1.0,1.0
201700008438,0017-11-13 20:25:00,17,11,13,20,25,10,443,route de Lyon,,,Nuit avec éclairage allumé,En agglomération,Hors intersection,Pluie forte,Deux véhicules - côté,,,,,,,,,,,5,2,1,3.0,3.0
201700008439,0017-01-07 09:15:00,17,1,7,9,15,800,160,A29 - 197+600,49.8522,2.3516,Plein jour,Hors agglomération,Hors intersection,Autre,Autre collision,,,,,,,,,,,1,1,1,9.0,6.0
201700008440,0017-01-07 09:50:00,17,1,7,9,50,800,799,A29 - 210+300,49.85399,2.51311,Plein jour,Hors agglomération,Hors intersection,Autre,Autre collision,,,,,,,,,,,1,1,1,9.0,6.0
201700008441,0017-01-24 21:20:00,17,1,24,21,20,800,261,A29 - 191+600,49.85787,2.277,Nuit sans éclairage public,Hors agglomération,Hors intersection,Brouillard / fumée,Deux véhicules - arrière,,,,,,,,,,,3,1,1,5.0,2.0
201700008442,0017-01-28 21:30:00,17,1,28,21,30,800,485,A16 - 111+380,49.76751,2.23249,Nuit sans éclairage public,Hors agglomération,Hors intersection,Normale,Autre collision,,,,,,,,,,,3,1,1,1.0,6.0
201700008443,0017-03-27 16:38:00,17,3,27,16,38,800,159,A29 - 208+600,49.85708,2.49308,Plein jour,Hors agglomération,Hors intersection,Normale,Deux véhicules - côté,,,,,,,,,,,1,1,1,1.0,3.0
201700008444,0017-05-25 12:55:00,17,5,25,12,55,800,793,A16 - 141+800,50.00902,2.16303,Plein jour,Hors agglomération,Hors intersection,Normale,Autre collision,,,,,,,,,,,1,1,1,1.0,6.0
201700008445,0017-06-02 11:25:00,17,6,2,11,25,800,100,A16 - 145+100,50.01251,2.12622,Plein jour,Hors agglomération,Hors intersection,Normale,Deux véhicules - arrière,,,,,,,,,,,1,1,1,1.0,2.0
201700008446,0017-08-14 08:10:00,17,8,14,8,10,800,159,A29,49.85898,2.47917,Plein jour,Hors agglomération,Hors intersection,Normale,Deux véhicules - arrière,,,,,,,,,,,1,1,1,1.0,2.0
201700008447,0017-09-14 23:39:00,17,9,14,23,39,800,632,A16,49.8813,2.2208,Nuit sans éclairage public,Hors agglomération,Hors intersection,Pluie légère,Autre collision,,,,,,,,,,,3,1,1,2.0,6.0
201700008448,0017-10-06 16:40:00,17,10,6,16,40,800,724,autoroute A29,49.87161,2.19483,Plein jour,Hors agglomération,Hors intersection,Normale,Deux véhicules - arrière,,,,,,,,,,,1,1,1,1.0,2.0
201700008449,0017-01-06 08:35:00,17,1,6,8,35,710,177,A39,46.48961,5.31186,Plein jour,Hors agglomération,Hors intersection,Normale,Deux véhicules - arrière,,,,,,,,,,,1,1,1,1.0,2.0
201700008450,0017-02-18 19:50:00,17,2,18,19,50,390,180,,46.52796,5.45825,Nuit sans éclairage public,Hors agglomération,Hors intersection,Normale,Deux véhicules - côté,,,,,,,,,,,3,1,1,1.0,3.0
201700008451,0017-03-06 15:20:00,17,3,6,15,20,710,27,,,,Plein jour,Hors agglomération,Hors intersection,Vent fort / tempête,Autre collision,,,,,,,,,,,1,1,1,6.0,6.0
201700008452,0017-03-30 16:44:00,17,3,30,16,44,390,177,,46.69563,5.66258,Plein jour,Hors agglomération,Hors intersection,Normale,Deux véhicules - côté,,,,,,,,,,,1,1,1,1.0,3.0
201700008453,0017-05-23 11:30:00,17,5,23,11,30,390,489,chemin de Saugeot,46.82497,5.63822,Plein jour,Hors agglomération,Hors intersection,Normale,Sans collision,,,,,,,,,,,1,1,1,1.0,7.0
201700008454,0017-06-22 07:05:00,17,6,22,7,5,390,508,,46.8167,5.53746,Plein jour,Hors agglomération,Hors intersection,Normale,Autre collision,,,,,,,,,,,1,1,1,1.0,6.0
201700008455,0017-07-03 08:30:00,17,7,3,8,30,390,423,,46.52535,5.62776,Plein jour,Hors agglomération,Hors intersection,Normale,Deux véhicules - frontale,,,,,,,,,,,1,1,1,1.0,1.0
201700008456,0017-07-15 06:45:00,17,7,15,6,45,710,300,Autoroute A39 -  Pk 106.,46.54271,5.32921,Crépuscule ou aube,Hors agglomération,Hors intersection,Normale,Autre collision,,,,,,,,,,,2,1,1,1.0,6.0
201700008457,0017-10-11 18:30:00,17,10,11,18,30,390,431,,46.59636,5.62936,Plein jour,En agglomération,Intersection en Y,Normale,Deux véhicules - côté,,,,,,,,,,,1,2,4,1.0,3.0
201700008458,0017-10-19 12:20:00,17,10,19,12,20,710,300,autoroute A39,46.53046,5.31698,Plein jour,Hors agglomération,Hors intersection,Normale,Sans collision,,,,,,,,,,,1,1,1,1.0,7.0
201700008459,0017-10-20 19:45:00,17,10,20,19,45,710,506,A39,46.63608,5.39353,Nuit sans éclairage public,Hors agglomération,Hors intersection,Normale,Sans collision,,,,,,,,,,,3,1,1,1.0,7.0
201700008460,0017-11-02 05:30:00,17,11,2,5,30,390,471,,46.72498,5.50572,Nuit sans éclairage public,Hors agglomération,Hors intersection,Normale,Autre collision,,,,,,,,,,,3,1,1,1.0,6.0
201700008461,0017-11-27 14:30:00,17,11,27,14,30,710,300,autoroute A39,46.5377,5.32563,Plein jour,Hors agglomération,Hors intersection,Normale,Deux véhicules - arrière,,,,,,,,,,,1,1,1,1.0,2.0
201700008462,0017-05-06 20:00:00,17,5,6,20,0,120,13,"22, TOULOUSE-LAUTREC (AV",44.5468,2.25079,Plein jour,Hors agglomération,Hors intersection,Pluie légère,Deux véhicules - frontale,,,,,,,,,,,1,1,1,2.0,1.0
201700008463,0017-05-16 15:01:00,17,5,16,15,1,120,89,RD 840 - PR 38+0380,44.5609,2.25466,Plein jour,En agglomération,Giratoire,Normale,Deux véhicules - arrière,,,,,,,,,,,1,2,6,1.0,2.0
201700008464,0017-05-17 18:50:00,17,5,17,18,50,120,83,RUE 19 MARS 1962,44.5251,2.27473,Plein jour,En agglomération,Intersection en X,Normale,Deux véhicules - frontale,,,,,,,,,,,1,2,2,1.0,1.0
201700008465,0017-05-30 18:05:00,17,5,30,18,5,120,89,20 AVENUE L?ON BLUM,44.5631,2.24294,Plein jour,En agglomération,Hors intersection,Normale,Deux véhicules - arrière,,,,,,,,,,,1,2,1,1.0,2.0
201700008466,0017-06-13 12:20:00,17,6,13,12,20,120,100,"21, MOULIN (RUE JEAN)",44.5339,2.32008,Plein jour,En agglomération,Hors intersection,Normale,Deux véhicules - frontale,,,,,,,,,,,1,2,1,1.0,1.0
201700008467,0017-06-09 11:55:00,17,6,9,11,55,120,89,RD 840 - PR 36+400,44.5577,2.27697,Plein jour,Hors agglomération,Intersection en X,Normale,Deux véhicules - côté,,,,,,,,,,,1,1,2,1.0,3.0
201700008468,0017-06-20 18:35:00,17,6,20,18,35,120,100,"16, MONTPLAISIR (RUE DE)",44.5386,2.31455,Plein jour,En agglomération,Hors intersection,Normale,Deux véhicules - frontale,,,,,,,,,,,1,2,1,1.0,1.0
201700008469,0017-09-04 10:30:00,17,9,4,10,30,120,89,JOUHAUX LEON (AVENUE),44.5671,2.25152,Plein jour,En agglomération,Hors intersection,Normale,Deux véhicules - côté,,,,,,,,,,,1,2,1,1.0,3.0
201700008470,0017-08-27 19:30:00,17,8,27,19,30,120,89,20 RUE MIRAMONT,44.5547,2.25244,Plein jour,En agglomération,Hors intersection,Normale,Deux véhicules - frontale,,,,,,,,,,,1,2,1,1.0,1.0
201700008471,0017-12-03 17:30:00,17,12,3,17,30,120,89,RD 963 - PR 9+0512,44.5938,2.25057,Crépuscule ou aube,Hors agglomération,Intersection en Y,Normale,Deux véhicules - arrière,,,,,,,,,,,2,1,4,1.0,2.0
201700008472,0017-03-10 20:00:00,17,3,10,20,0,120,145,SOULOBRES (BOULEVAR  DE),,,Nuit avec éclairage allumé,En agglomération,Intersection en X,Normale,Deux véhicules - côté,,,,,,,,,,,5,2,2,1.0,3.0
201700008473,0017-04-02 18:30:00,17,4,2,18,30,120,145,"15, JAURES JEAN (AVENUE)",44.1036,3.07989,Plein jour,En agglomération,Place,Normale,Deux véhicules - côté,,,,,,,,,,,1,2,7,1.0,3.0
201700008474,0017-04-04 12:10:00,17,4,4,12,10,120,145,13 AVENUE CH DE GAULLE,44.1079,3.07366,Plein jour,En agglomération,Intersection en T,Normale,Deux véhicules - côté,,,,,,,,,,,1,2,3,1.0,3.0
201700008475,0017-04-28 17:35:00,17,4,28,17,35,120,145,"45, RICHARD (BOULEVARD)",44.0949,3.07719,Plein jour,En agglomération,Hors intersection,Normale,Autre collision,,,,,,,,,,,1,2,1,1.0,6.0
201700008476,0017-06-09 11:05:00,17,6,9,11,5,120,145,SAINT-MARTIN,,,Plein jour,Hors agglomération,Hors intersection,Normale,Autre collision,,,,,,,,,,,1,1,1,1.0,6.0
201700008477,0017-06-30 18:45:00,17,6,30,18,45,120,145,LILAS,,,Plein jour,En agglomération,Intersection en T,Temps couvert,Deux véhicules - côté,,,,,,,,,,,1,2,3,8.0,3.0
201700008478,0017-08-24 15:15:00,17,8,24,15,15,120,145,MARTEL EDOUARD ALFRED (A,,,Plein jour,En agglomération,Passage à niveau,Normale,Deux véhicules - côté,,,,,,,,,,,1,2,8,1.0,3.0
201700008479,0017-09-20 16:53:00,17,9,20,16,53,120,145,PEYRE (ROUTE DE),44.0888,3.06035,Plein jour,En agglomération,Intersection en Y,Normale,Deux véhicules - côté,,,,,,,,,,,1,2,4,1.0,3.0
201700008480,0017-12-25 17:25:00,17,12,25,17,25,120,145,16 RUE MONTPLAISIR,44.1018,3.07318,Crépuscule ou aube,En agglomération,Hors intersection,Normale,Deux véhicules - côté,,,,,,,,,,,2,2,1,1.0,3.0
201700008481,0017-01-25 06:45:00,17,1,25,6,45,120,176,"158, ROSIERS (AVENUE DES",,,Nuit avec éclairage allumé,En agglomération,Intersection en T,Normale,Autre collision,,,,,,,,,,,5,2,3,1.0,6.0
201700008482,0017-01-25 08:15:00,17,1,25,8,15,120,176,CHATEAU (ROUTE DU),,,Crépuscule ou aube,Hors agglomération,Hors intersection,Pluie légère,Deux véhicules - frontale,,,,,,,,,,,2,1,1,2.0,1.0
201700008483,0017-02-16 16:05:00,17,2,16,16,5,120,176,RD 840 PR 5+0033,44.379,2.5361,Plein jour,Hors agglomération,Intersection en X,Normale,Autre collision,,,,,,,,,,,1,1,2,1.0,6.0
201700008484,0017-03-17 09:00:00,17,3,17,9,0,120,202,"25, PARIS (AVENUE DE)",,,Plein jour,En agglomération,Hors intersection,Normale,Trois véhicules et plus - en chaîne,,,,,,,,,,,1,2,1,1.0,4.0
201700008485,0017-04-04 12:45:00,17,4,4,12,45,120,176,RN 88 - PR 42+0560,44.3733,2.63528,Plein jour,Hors agglomération,Hors intersection,Normale,Autre collision,,,,,,,,,,,1,1,1,1.0,6.0
201700008486,0017-04-23 16:20:00,17,4,23,16,20,120,202,FOIRAIL (ESPLANADE DU) -,,,Plein jour,En agglomération,Hors intersection,Normale,Autre collision,,,,,,,,,,,1,2,1,1.0,6.0
201700008487,0017-05-05 15:55:00,17,5,5,15,55,120,202,AUTERNE (CHEMIN DE L'),,,Plein jour,En agglomération,Hors intersection,Normale,Sans collision,,,,,,,,,,,1,2,1,1.0,7.0
201700008488,0017-05-17 09:15:00,17,5,17,9,15,120,202,SAINT CYRICE (RUE),44.3528,2.57771,Plein jour,En agglomération,Intersection en Y,Normale,Autre collision,,,,,,,,,,,1,2,4,1.0,6.0
201700008489,0017-05-21 18:20:00,17,5,21,18,20,120,146,RANDEYNES (LIEU DIT),44.3289,2.58478,Plein jour,Hors agglomération,Hors intersection,Normale,Deux véhicules - frontale,,,,,,,,,,,1,1,1,1.0,1.0
201700008490,0017-05-29 11:05:00,17,5,29,11,5,120,202,DECAZEVILLE (AVENUE DE),,,Plein jour,En agglomération,Hors intersection,Normale,Deux véhicules - côté,,,,,,,,,,,1,2,1,1.0,3.0
201700008491,0017-06-05 15:00:00,17,6,5,15,0,120,202,RN88,,,Plein jour,Hors agglomération,Hors intersection,Normale,Deux véhicules - côté,,,,,,,,,,,1,1,1,1.0,3.0
201700008492,0017-06-13 16:30:00,17,6,13,16,30,120,202,DECAZEVILLE (AVENUE DE),,,Plein jour,Hors agglomération,Hors intersection,Normale,Autre collision,,,,,,,,,,,1,1,1,1.0,6.0
201700008493,0017-07-22 18:05:00,17,7,22,18,5,120,202,"56, PARIS (AVENUE DE)",,,Plein jour,En agglomération,Hors intersection,Normale,Autre collision,,,,,,,,,,,1,2,1,1.0,6.0
201700008494,0017-08-21 15:10:00,17,8,21,15,10,120,176,RN 88,,,Plein jour,Hors agglomération,Hors intersection,Temps éblouissant,Deux véhicules - arrière,,,,,,,,,,,1,1,1,7.0,2.0
201700008495,0017-10-13 00:02:00,17,10,13,0,2,120,176,VABRE (AVENUE DE),44.3712,2.56833,Nuit sans éclairage public,Hors agglomération,Giratoire,Normale,Autre collision,,,,,,,,,,,3,1,6,1.0,6.0
201700008496,0017-10-21 00:50:00,17,10,21,0,50,120,176,RD 224,44.3726,2.61679,Nuit sans éclairage public,Hors agglomération,Hors intersection,Brouillard / fumée,Sans collision,,,,,,,,,,,3,1,1,5.0,7.0
201700008497,0017-10-25 20:05:00,17,10,25,20,5,120,174,RN88 (ROCADE),,,Nuit avec éclairage allumé,Hors agglomération,Hors intersection,Normale,Deux véhicules - côté,,,,,,,,,,,5,1,1,1.0,3.0
201700008498,0017-11-16 08:00:00,17,11,16,8,0,120,176,RD 840,,,Crépuscule ou aube,Hors agglomération,Hors intersection,Normale,Trois véhicules et plus - collisions multiples,,,,,,,,,,,2,1,1,1.0,5.0