accident_id,datetime,annee,mois,jour,heure,minute,departement,commune_insee,adresse,latitude,longitude,luminosite,agglomeration,intersection,meteo,collision,nb_vehicules,nb_usagers,nb_indemnes,nb_tues,nb_blesses_hosp,nb_blesses_legers,age_cond_1,age_cond_2,veh_type_cond_1,veh_type_cond_2,lum_code,agg_code,int_code,atm_code,col_code
201700008499,0017-12-19 20:20:00,17,12,19,20,20,120,176,ESPALION (ROUTE D'),,,Nuit avec éclairage allumé,En agglomération,Hors intersection,Normale,Deux véhicules - côté,,,,,,,,,,,5,2,1,1.0,3.0
201700008500,0017-12-20 18:15:00,17,12,20,18,15,120,202,VABRE (AVENUE DE),,,Crépuscule ou aube,En agglomération,Hors intersection,Normale,Autre collision,,,,,,,,,,,2,2,1,1.0,6.0
201700008501,0017-05-04 12:04:00,17,5,4,12,4,460,240,RD 840,44.80162,1.66961,Plein jour,Hors agglomération,Hors intersection,Normale,Deux véhicules - arrière,,,,,,,,,,,1,1,1,1.0,2.0
201700008502,0017-04-13 18:45:00,17,4,13,18,45,380,524,"A51, brettelle de sortie",45.0765,5.67927,Plein jour,Hors agglomération,Hors intersection,Normale,Sans collision,,,,,,,,,,,1,1,1,1.0,7.0
201700008503,0017-06-07 15:10:00,17,6,7,15,10,380,329,rn85,44.83917,5.87534,Plein jour,Hors agglomération,Autre intersection,Normale,Deux véhicules - côté,,,,,,,,,,,1,1,9,1.0,3.0
201700008504,0017-06-12 11:50:00,17,6,12,11,50,380,524,a51,45.09113,5.6693,Plein jour,Hors agglomération,Hors intersection,Normale,Sans collision,,,,,,,,,,,1,1,1,1.0,7.0
201700008505,0017-10-19 09:05:00,17,10,19,9,5,380,52,rd1091 - pk 30+600,45.07116,6.01881,Plein jour,Hors agglomération,Autre intersection,Normale,Deux véhicules - arrière,,,,,,,,,,,1,1,9,1.0,2.0
201700008506,0017-04-09 14:28:00,17,4,9,14,28,450,61,,48.06213,2.7671,Plein jour,Hors agglomération,Hors intersection,Normale,Autre collision,,,,,,,,,,,1,1,1,1.0,6.0
201700008507,0017-06-02 01:05:00,17,6,2,1,5,450,36,"autoroute A-77, PK 51+90",47.79097,2.70627,Nuit sans éclairage public,Hors agglomération,Hors intersection,Normale,Sans collision,,,,,,,,,,,3,1,1,1.0,7.0
201700008508,0017-02-10 19:10:00,17,2,10,19,10,240,289,l'hirondelle,44.85324,0.07927,Nuit sans éclairage public,Hors agglomération,Hors intersection,Normale,Deux véhicules - frontale,,,,,,,,,,,3,1,1,1.0,1.0
201700008509,0017-03-05 21:30:00,17,3,5,21,30,240,189,la vergne,44.88168,0.20223,Nuit sans éclairage public,Hors agglomération,Hors intersection,Pluie légère,Sans collision,,,,,,,,,,,3,1,1,2.0,7.0
201700008510,0017-03-08 18:20:00,17,3,8,18,20,240,370,Champ de Mars,44.84597,0.14549,Plein jour,Hors agglomération,Autre intersection,Normale,Deux véhicules - côté,,,,,,,,,,,1,1,9,1.0,3.0
201700008511,0017-03-14 08:50:00,17,3,14,8,50,240,226,route de bergerac,44.85161,0.02676,Plein jour,En agglomération,Intersection en T,Normale,Trois véhicules et plus - en chaîne,,,,,,,,,,,1,2,3,1.0,4.0
201700008512,0017-05-11 11:40:00,17,5,11,11,40,240,494,RD708,44.93921,0.18403,Plein jour,Hors agglomération,Hors intersection,Normale,Deux véhicules - frontale,,,,,,,,,,,1,1,1,1.0,1.0
201700008513,0017-09-11 08:10:00,17,9,11,8,10,240,335,la ressaudie,44.85238,0.2096,Plein jour,Hors agglomération,Hors intersection,Temps couvert,Deux véhicules - côté,,,,,,,,,,,1,1,1,8.0,3.0
201700008514,0017-09-23 17:45:00,17,9,23,17,45,240,584,le chauffour,44.95058,0.05974,Plein jour,Hors agglomération,Hors intersection,Normale,Autre collision,,,,,,,,,,,1,1,1,1.0,6.0
201700008515,0017-09-25 17:35:00,17,9,25,17,35,240,335,RD936E2 -Zone de Mézière,44.84348,0.20432,Plein jour,En agglomération,Hors intersection,Temps éblouissant,Autre collision,,,,,,,,,,,1,2,1,7.0,6.0
201700008516,0017-12-12 12:35:00,17,12,12,12,35,240,289,81 avenue du périgord,44.85283,0.06386,Plein jour,En agglomération,Autre intersection,Temps éblouissant,Autre collision,,,,,,,,,,,1,2,9,7.0,6.0
201700008517,0017-01-25 18:25:00,17,1,25,18,25,240,538,D710,44.81967,0.9918,Crépuscule ou aube,Hors agglomération,Hors intersection,Normale,Deux véhicules - arrière,,,,,,,,,,,2,1,1,1.0,2.0
201700008518,0017-03-20 08:20:00,17,3,20,8,20,240,538,D710,44.81437,0.99597,Plein jour,Hors agglomération,Hors intersection,Temps couvert,Sans collision,,,,,,,,,,,1,1,1,8.0,7.0
201700008519,0017-04-08 20:00:00,17,4,8,20,0,240,35,rue de Pelevade,44.7747,1.00638,Plein jour,En agglomération,Hors intersection,Normale,Sans collision,,,,,,,,,,,1,2,1,1.0,7.0
201700008520,0017-07-07 18:07:00,17,7,7,18,7,240,35,les crouzette,44.77008,1.01598,Plein jour,Hors agglomération,Hors intersection,Normale,Autre collision,,,,,,,,,,,1,1,1,1.0,6.0
201700008521,0017-08-01 16:55:00,17,8,1,16,55,240,39,le poteau,44.67146,1.14558,Plein jour,Hors agglomération,Hors intersection,Normale,Autre collision,,,,,,,,,,,1,1,1,1.0,6.0
201700008522,0017-01-31 10:08:00,17,1,31,10,8,530,240,RD 150,47.82153,-1.04648,Plein jour,Hors agglomération,Hors intersection,Pluie légère,Deux véhicules - côté,,,,,,,,,,,1,1,1,2.0,3.0
201700008523,0017-11-07 07:01:00,17,11,7,7,1,530,77,"RD771, PR019.655",47.91643,-0.9228,Nuit sans éclairage public,Hors agglomération,Hors intersection,Normale,Deux véhicules - arrière,,,,,,,,,,,3,1,1,1.0,2.0
201700008524,0017-11-23 07:26:00,17,11,23,7,26,530,101,RN 162 - PR 012.835,47.8561,-0.69268,Nuit sans éclairage public,Hors agglomération,Hors intersection,Temps couvert,Deux véhicules - arrière,,,,,,,,,,,3,1,1,8.0,2.0
201700008525,0017-12-17 23:05:00,17,12,17,23,5,530,84,boulevard okeampton,47.8435,-0.94714,Nuit avec éclairage allumé,En agglomération,Hors intersection,Normale,Deux véhicules - frontale,,,,,,,,,,,5,2,1,1.0,1.0
201700008526,0017-03-27 10:05:00,17,3,27,10,5,100,379,Autoroute A.26 - PK 363.,48.52391,4.1683,Plein jour,Hors agglomération,Hors intersection,Normale,Sans collision,,,,,,,,,,,1,1,1,1.0,7.0
201700008527,0017-04-27 02:40:00,17,4,27,2,40,100,426,Autoroute A5 PK183+480 s,48.11246,4.7797,Nuit sans éclairage public,Hors agglomération,Hors intersection,Normale,Deux véhicules - arrière,,,,,,,,,,,3,1,1,1.0,2.0
201700008528,0017-06-17 19:00:00,17,6,17,19,0,100,95,PK 357+200,48.56258,4.17543,Plein jour,Hors agglomération,Hors intersection,Normale,Sans collision,,,,,,,,,,,1,1,1,1.0,7.0
201700008529,0017-08-19 21:00:00,17,8,19,21,0,100,426,Autoroute A5,48.11556,4.76479,Crépuscule ou aube,Hors agglomération,Hors intersection,Normale,Deux véhicules - arrière,,,,,,,,,,,2,1,1,1.0,2.0
201700008530,0017-09-05 09:20:00,17,9,5,9,20,100,379,Autoroute A 26 - PK 363+,48.52391,4.1683,Plein jour,Hors agglomération,Hors intersection,Normale,Sans collision,,,,,,,,,,,1,1,1,1.0,7.0
201700008531,0017-01-12 05:10:00,17,1,12,5,10,130,1,GARDANNE (ROUTE DE ),43.48862,5.40898,Nuit avec éclairage non allumé,Hors agglomération,Intersection en Y,Temps couvert,Deux véhicules - frontale,,,,,,,,,,,4,1,4,8.0,1.0
201700008532,0017-01-16 06:50:00,17,1,16,6,50,130,1,"15, EUROPE (AV)",43.52353,5.4377,Nuit avec éclairage allumé,En agglomération,Hors intersection,Normale,Sans collision,,,,,,,,,,,5,2,1,1.0,7.0
201700008533,0017-01-19 18:50:00,17,1,19,18,50,130,1,RD9,,,Nuit sans éclairage public,Hors agglomération,Hors intersection,Normale,Trois véhicules et plus - en chaîne,,,,,,,,,,,3,1,1,1.0,4.0
201700008534,0017-01-31 14:40:00,17,1,31,14,40,130,1,ST JEROME ??,,,Plein jour,En agglomération,Hors intersection,Normale,Sans collision,,,,,,,,,,,1,2,1,1.0,7.0
201700008535,0017-02-01 15:45:00,17,2,1,15,45,130,1,?? Bd du Roi René,,,Plein jour,En agglomération,Intersection en T,Normale,Autre collision,,,,,,,,,,,1,2,3,1.0,6.0
201700008536,0017-02-03 22:45:00,17,2,3,22,45,130,1,4655 Route d'Avignon,43.5766,5.38528,Nuit sans éclairage public,Hors agglomération,Hors intersection,Normale,Trois véhicules et plus - collisions multiples,,,,,,,,,,,3,1,1,1.0,5.0
201700008537,0017-02-03 07:30:00,17,2,3,7,30,130,1,"03, VAL ST ANDRE (AV DU)",43.51782,5.46567,Crépuscule ou aube,En agglomération,Hors intersection,Normale,Autre collision,,,,,,,,,,,2,2,1,1.0,6.0
201700008538,0017-02-08 20:15:00,17,2,8,20,15,130,1,RD 9,,,Nuit sans éclairage public,Hors agglomération,Intersection en Y,Normale,Trois véhicules et plus - en chaîne,,,,,,,,,,,3,1,4,1.0,4.0
201700008539,0017-02-21 00:01:00,17,2,21,0,1,130,1,ST EXUPERY (RUE),,,Nuit avec éclairage allumé,En agglomération,Hors intersection,Normale,Deux véhicules - côté,,,,,,,,,,,5,2,1,1.0,3.0
201700008540,0017-02-22 08:55:00,17,2,22,8,55,130,1,LEDOUX CLAUDE NICOLAS (R,,,Plein jour,Hors agglomération,Hors intersection,Normale,Deux véhicules - côté,,,,,,,,,,,1,1,1,1.0,3.0
201700008541,0017-02-24 12:20:00,17,2,24,12,20,130,1,RD9,43.50628,5.40807,Plein jour,Hors agglomération,Hors intersection,Normale,Deux véhicules - côté,,,,,,,,,,,1,1,1,1.0,3.0
201700008542,0017-03-01 08:05:00,17,3,1,8,5,130,1,"36, PIGONNET (AV DU)",43.51731,5.43796,Plein jour,En agglomération,Hors intersection,Normale,Autre collision,,,,,,,,,,,1,2,1,1.0,6.0
201700008543,0017-03-01 19:25:00,17,3,1,19,25,130,1,"., SISTERON (RTE DE )",43.56179,5.46266,Nuit avec éclairage allumé,Hors agglomération,Intersection en X,Normale,Deux véhicules - côté,,,,,,,,,,,5,1,2,1.0,3.0
201700008544,0017-03-02 00:20:00,17,3,2,0,20,130,1,BONAPARTE NAPOLEON(AV),43.52713,5.44361,Nuit avec éclairage allumé,En agglomération,Hors intersection,Normale,Deux véhicules - côté,,,,,,,,,,,5,2,1,1.0,3.0
201700008545,0017-03-03 12:03:00,17,3,3,12,3,130,1,RD9,,,Plein jour,Hors agglomération,Hors intersection,Normale,Autre collision,,,,,,,,,,,1,1,1,1.0,6.0
201700008546,0017-03-04 14:00:00,17,3,4,14,0,130,1,RN 296,,,Plein jour,Hors agglomération,Hors intersection,Pluie légère,Autre collision,,,,,,,,,,,1,1,1,2.0,6.0
201700008547,0017-03-04 20:30:00,17,3,4,20,30,130,1,"380, LOQUI (ROUTE DE)",43.50957,5.38416,Nuit sans éclairage public,Hors agglomération,Hors intersection,Normale,Deux véhicules - frontale,,,,,,,,,,,3,1,1,1.0,1.0
201700008548,0017-03-09 07:08:00,17,3,9,7,8,130,1,"?, ch. de la GANTESE",,,Plein jour,Hors agglomération,Hors intersection,Normale,Sans collision,,,,,,,,,,,1,1,1,1.0,7.0
201700008549,0017-03-10 00:15:00,17,3,10,0,15,130,1,BROSSOLETTE PIERRE (AV),43.51303,5.44251,Nuit avec éclairage allumé,En agglomération,Giratoire,Normale,Autre collision,,,,,,,,,,,5,2,6,1.0,6.0
201700008550,0017-02-26 17:45:00,17,2,26,17,45,130,1,BERRE (ROUTE DE),,,Plein jour,En agglomération,Hors intersection,Normale,Deux véhicules - arrière,,,,,,,,,,,1,2,1,1.0,2.0
201700008551,0017-03-29 21:30:00,17,3,29,21,30,130,1,"1035, BERRE (ROUTE DE)",43.53552,5.4066,Nuit avec éclairage allumé,En agglomération,Hors intersection,Normale,Autre collision,,,,,,,,,,,5,2,1,1.0,6.0
201700008552,0017-03-30 13:40:00,17,3,30,13,40,130,1,COSTE JEAN PAUL???,,,Plein jour,En agglomération,Hors intersection,Normale,Deux véhicules - côté,,,,,,,,,,,1,2,1,1.0,3.0
201700008553,0017-04-01 16:00:00,17,4,1,16,0,130,1,Route du Jas de Marroc,43.45744,5.30681,Plein jour,Hors agglomération,Hors intersection,Pluie forte,Autre collision,,,,,,,,,,,1,1,1,3.0,6.0
201700008554,0017-04-08 00:15:00,17,4,8,0,15,130,1,GARDANNE (ROUTE DE ),,,Nuit sans éclairage public,En agglomération,Hors intersection,Normale,Autre collision,,,,,,,,,,,3,2,1,1.0,6.0
201700008555,0017-04-08 09:25:00,17,4,8,9,25,130,1,"3221-3273 D7N,",43.56842,5.39872,Plein jour,Hors agglomération,Hors intersection,Normale,Autre collision,,,,,,,,,,,1,1,1,1.0,6.0
201700008556,0017-04-09 06:20:00,17,4,9,6,20,130,1,2610 Route d'Avignon,43.56476,5.40487,Crépuscule ou aube,Hors agglomération,Giratoire,Normale,Sans collision,,,,,,,,,,,2,1,6,1.0,7.0
201700008557,0017-04-14 19:20:00,17,4,14,19,20,130,1,GARE (PL DE LA),43.52395,5.44657,Plein jour,En agglomération,Intersection en T,Normale,Autre collision,,,,,,,,,,,1,2,3,1.0,6.0
201700008558,0017-04-15 00:05:00,17,4,15,0,5,130,1,"1720, R.N 7",43.51249,5.47794,Nuit sans éclairage public,En agglomération,Hors intersection,Normale,Sans collision,,,,,,,,,,,3,2,1,1.0,7.0
201700008559,0017-04-19 17:40:00,17,4,19,17,40,130,1,"4181, GALICE (RTE)",43.52508,5.38823,Plein jour,Hors agglomération,Hors intersection,Normale,Deux véhicules - frontale,,,,,,,,,,,1,1,1,1.0,1.0
201700008560,0017-04-23 12:55:00,17,4,23,12,55,130,1,"1, BREMOND ABBE (RUE)",43.52094,5.43425,Plein jour,En agglomération,Intersection en T,Normale,Deux véhicules - côté,,,,,,,,,,,1,2,3,1.0,3.0
201700008561,0017-05-12 10:45:00,17,5,12,10,45,130,1,", RD 7",,,Plein jour,Hors agglomération,Autre intersection,Normale,Deux véhicules - arrière,,,,,,,,,,,1,1,9,1.0,2.0
201700008562,0017-05-12 21:00:00,17,5,12,21,0,130,1,"32, MOLLE*(RUE DE LA)",43.53087,5.44027,Crépuscule ou aube,En agglomération,Intersection en X,Normale,Deux véhicules - côté,,,,,,,,,,,2,2,2,1.0,3.0
201700008563,0017-05-19 19:40:00,17,5,19,19,40,130,1,DEPORTES DE LA RESISTANC,43.52477,5.46038,Plein jour,En agglomération,Hors intersection,Normale,Autre collision,,,,,,,,,,,1,2,1,1.0,6.0
201700008564,0017-05-21 02:00:00,17,5,21,2,0,130,1,R.N 7,,,Nuit sans éclairage public,Hors agglomération,Hors intersection,Normale,Deux véhicules - frontale,,,,,,,,,,,3,1,1,1.0,1.0
201700008565,0017-05-27 20:15:00,17,5,27,20,15,130,1,MONNET JEAN (AV),43.53327,5.41744,Plein jour,En agglomération,Hors intersection,Normale,Autre collision,,,,,,,,,,,1,2,1,1.0,6.0
201700008566,0017-05-30 07:45:00,17,5,30,7,45,130,1,"1415, RD 7",43.5581,5.41584,Plein jour,Hors agglomération,Hors intersection,Normale,Deux véhicules - côté,,,,,,,,,,,1,1,1,1.0,3.0
201700008567,0017-06-05 23:00:00,17,6,5,23,0,130,1,131 Av Fortuné Ferrini,43.50949,5.44099,Nuit avec éclairage allumé,En agglomération,Hors intersection,Normale,Deux véhicules - côté,,,,,,,,,,,5,2,1,1.0,3.0
201700008568,0017-06-06 18:45:00,17,6,6,18,45,130,1,Route de Puyricard,43.56178,5.43108,Plein jour,Hors agglomération,Hors intersection,Normale,Trois véhicules et plus - collisions multiples,,,,,,,,,,,1,1,1,1.0,5.0
201700008569,0017-06-08 12:00:00,17,6,8,12,0,130,1,"10, BERTHELOT MARCELIN (",43.49093,5.37051,Plein jour,En agglomération,Intersection en T,Normale,Deux véhicules - côté,,,,,,,,,,,1,2,3,1.0,3.0
201700008570,0017-06-02 15:10:00,17,6,2,15,10,130,1,RN 296,,,Plein jour,Hors agglomération,Hors intersection,Normale,Trois véhicules et plus - en chaîne,,,,,,,,,,,1,1,1,1.0,4.0
201700008571,0017-06-07 16:55:00,17,6,7,16,55,130,1,RD9,43.50625,5.40956,Plein jour,Hors agglomération,Hors intersection,Normale,Deux véhicules - côté,,,,,,,,,,,1,1,1,1.0,3.0
201700008572,0017-07-01 15:20:00,17,7,1,15,20,130,1,"540, PUYRICARD (RTE)",43.55782,5.43417,Plein jour,Hors agglomération,Giratoire,Normale,Deux véhicules - côté,,,,,,,,,,,1,1,6,1.0,3.0
201700008573,0017-06-29 07:15:00,17,6,29,7,15,130,1,"18, GALICE (RTE)",43.52825,5.43216,Plein jour,En agglomération,Hors intersection,Normale,Autre collision,,,,,,,,,,,1,2,1,1.0,6.0
201700008574,0017-07-04 09:45:00,17,7,4,9,45,130,1,"1, PICASSO PABLO (AV)",43.46791,5.35093,Plein jour,Hors agglomération,Hors intersection,Normale,Deux véhicules - frontale,,,,,,,,,,,1,1,1,1.0,1.0
201700008575,0017-07-05 13:50:00,17,7,5,13,50,130,1,"380, LOQUI (ROUTE DE)",43.50947,5.38414,Plein jour,Hors agglomération,Hors intersection,Normale,Deux véhicules - frontale,,,,,,,,,,,1,1,1,1.0,1.0
201700008576,0017-07-11 02:25:00,17,7,11,2,25,130,1,"2135, ANCIEN CHEMIN D'AV",,,Nuit sans éclairage public,Hors agglomération,Hors intersection,Normale,Autre collision,,,,,,,,,,,3,1,1,1.0,6.0
201700008577,0017-07-08 10:10:00,17,7,8,10,10,130,1,PETIT MOULIN (RTE DU),43.50298,5.34788,Plein jour,Hors agglomération,Intersection en X,Normale,Deux véhicules - frontale,,,,,,,,,,,1,1,2,1.0,1.0
201700008578,0017-06-16 12:30:00,17,6,16,12,30,130,1,"., GARDANNE (ROUTE DE )",43.49666,5.40355,Plein jour,Hors agglomération,Hors intersection,Normale,Deux véhicules - côté,,,,,,,,,,,1,1,1,1.0,3.0
201700008579,0017-07-21 04:50:00,17,7,21,4,50,130,1,"69, CARNOT (BD)",43.5293,5.45375,Nuit avec éclairage allumé,En agglomération,Autre intersection,Normale,Deux véhicules - arrière,,,,,,,,,,,5,2,9,1.0,2.0
201700008580,0017-07-23 01:25:00,17,7,23,1,25,130,1,ROSE (CH DE LA),43.55898,5.44276,Nuit avec éclairage allumé,Hors agglomération,Intersection en X,Normale,Deux véhicules - côté,,,,,,,,,,,5,1,2,1.0,3.0
201700008581,0017-07-23 10:40:00,17,7,23,10,40,130,1,"1, GALICE (RTE DE)",43.52838,5.42802,Plein jour,En agglomération,Hors intersection,Normale,Deux véhicules - frontale,,,,,,,,,,,1,2,1,1.0,1.0
201700008582,0017-07-23 20:45:00,17,7,23,20,45,130,1,"421, MONNET JEAN (AV)",43.53202,5.42276,Plein jour,En agglomération,Hors intersection,Normale,Deux véhicules - côté,,,,,,,,,,,1,2,1,1.0,3.0
201700008583,0017-07-27 10:30:00,17,7,27,10,30,130,1,99 Av Guillaume du Vair,43.50809,5.40644,Plein jour,En agglomération,Intersection en X,Normale,Deux véhicules - frontale,,,,,,,,,,,1,2,2,1.0,1.0
201700008584,0017-07-28 16:10:00,17,7,28,16,10,130,1,64 Av Philippe Solari,43.54312,5.44081,Plein jour,En agglomération,Hors intersection,Normale,Deux véhicules - côté,,,,,,,,,,,1,2,1,1.0,3.0
201700008585,0017-08-03 11:30:00,17,8,3,11,30,130,1,"505, BOUENHOURE HAUT (CH",43.53845,5.43057,Plein jour,Hors agglomération,Hors intersection,Normale,Deux véhicules - côté,,,,,,,,,,,1,1,1,1.0,3.0
201700008586,0017-08-09 13:00:00,17,8,9,13,0,130,1,PREMIERE DIV FRANCAISE L,,,Plein jour,Hors agglomération,Hors intersection,Normale,Autre collision,,,,,,,,,,,1,1,1,1.0,6.0
201700008587,0017-08-10 05:00:00,17,8,10,5,0,130,1,DE LATTRE DE TASSIGNY (A,43.53034,5.43835,Nuit avec éclairage allumé,En agglomération,Intersection en T,Normale,Autre collision,,,,,,,,,,,5,2,3,1.0,6.0
201700008588,0017-08-10 19:30:00,17,8,10,19,30,130,1,"925, SERRE (CH DU)",48.86272,2.28759,Plein jour,En agglomération,Hors intersection,Normale,Deux véhicules - côté,,,,,,,,,,,1,2,1,1.0,3.0
201700008589,0017-08-12 10:25:00,17,8,12,10,25,130,1,,,,Plein jour,Hors agglomération,Hors intersection,Normale,Deux véhicules - côté,,,,,,,,,,,1,1,1,1.0,3.0
201700008590,0017-08-12 19:45:00,17,8,12,19,45,130,1,"2, COQ D'ARGENT (BD DU)",43.52136,5.42155,Crépuscule ou aube,En agglomération,Hors intersection,Temps éblouissant,Autre collision,,,,,,,,,,,2,2,1,7.0,6.0
201700008591,0017-08-18 09:45:00,17,8,18,9,45,130,1,DEPORTES DE LA RESISTANC,43.52,5.46,Plein jour,En agglomération,Hors intersection,Normale,Deux véhicules - frontale,,,,,,,,,,,1,2,1,1.0,1.0
201700008592,0017-08-09 13:50:00,17,8,9,13,50,130,1,RN 296**,43.56142,5.45535,Plein jour,Hors agglomération,Intersection en Y,Normale,Autre collision,,,,,,,,,,,1,1,4,1.0,6.0
201700008593,0017-08-24 18:40:00,17,8,24,18,40,130,1,"., VAIR GUILLAUME DU (RU",43.50439,5.39408,Plein jour,Hors agglomération,Hors intersection,Normale,Autre collision,,,,,,,,,,,1,1,1,1.0,6.0
201700008594,0017-09-04 20:50:00,17,9,4,20,50,130,1,Rond-Point Georges Couto,43.50578,5.41197,Nuit sans éclairage public,Hors agglomération,Giratoire,Normale,Deux véhicules - côté,,,,,,,,,,,3,1,6,1.0,3.0
201700008595,0017-09-05 00:01:00,17,9,5,0,1,130,1,RN 296,43.53683,5.4318,Nuit sans éclairage public,Hors agglomération,Hors intersection,Normale,Sans collision,,,,,,,,,,,3,1,1,1.0,7.0
201700008596,0017-09-05 20:20:00,17,9,5,20,20,130,1,RD 543,43.53564,5.34842,Nuit sans éclairage public,En agglomération,Hors intersection,Normale,Autre collision,,,,,,,,,,,3,2,1,1.0,6.0
201700008597,0017-09-12 10:10:00,17,9,12,10,10,130,1,"., GARDANNE (ROUTE DE )",43.48944,5.40746,Plein jour,En agglomération,Hors intersection,Normale,Deux véhicules - frontale,,,,,,,,,,,1,2,1,1.0,1.0
201700008598,0017-09-14 17:10:00,17,9,14,17,10,130,1,"3185, EGUILLES (RTE D')",,,Plein jour,Hors agglomération,Autre intersection,Normale,Deux véhicules - arrière,,,,,,,,,,,1,1,9,1.0,2.0
201700008599,0017-09-26 16:10:00,17,9,26,16,10,130,1,"32, ROI RENE (BD DU)",43.52346,5.44981,Plein jour,En agglomération,Hors intersection,Normale,Deux véhicules - arrière,,,,,,,,,,,1,2,1,1.0,2.0
201700008600,0017-09-30 03:15:00,17,9,30,3,15,130,1,124 Av Henri Mouret,43.52294,5.43713,Nuit avec éclairage allumé,En agglomération,Hors intersection,Normale,Autre collision,,,,,,,,,,,5,2,1,1.0,6.0
201700008601,0017-10-08 05:20:00,17,10,8,5,20,130,1,ENFANT (RTE DE L'),43.49702,5.37707,Nuit sans éclairage public,Hors agglomération,Hors intersection,Normale,Autre collision,,,,,,,,,,,3,1,1,1.0,6.0
201700008602,0017-10-03 13:00:00,17,10,3,13,0,130,1,LIBERATION (PL DE LA ),43.48525,5.41864,Plein jour,En agglomération,Hors intersection,Normale,Deux véhicules - côté,,,,,,,,,,,1,2,1,1.0,3.0
201700008603,0017-10-13 12:00:00,17,10,13,12,0,130,1,"1662, PINCHINATS (ROUTE",43.55201,5.46461,Plein jour,Hors agglomération,Hors intersection,Normale,Deux véhicules - frontale,,,,,,,,,,,1,1,1,1.0,1.0
201700008604,0017-10-17 09:00:00,17,10,17,9,0,130,1,BALTARD VICTOR (RUE),43.48532,5.38428,Plein jour,En agglomération,Hors intersection,Normale,Deux véhicules - côté,,,,,,,,,,,1,2,1,1.0,3.0
201700008605,0017-10-25 17:55:00,17,10,25,17,55,130,1,EUROPE (AV ),,,Plein jour,En agglomération,Hors intersection,Normale,Deux véhicules - arrière,,,,,,,,,,,1,2,1,1.0,2.0
201700008606,0017-11-01 11:00:00,17,11,1,11,0,130,1,"28, EUROPE (AV )",43.52413,5.43502,Plein jour,En agglomération,Hors intersection,Normale,Autre collision,,,,,,,,,,,1,2,1,1.0,6.0
201700008607,0017-11-03 10:30:00,17,11,3,10,30,130,1,MONNET JEAN (AV),43.53213,5.41823,Plein jour,En agglomération,Giratoire,Normale,Deux véhicules - côté,,,,,,,,,,,1,2,6,1.0,3.0
201700008608,0017-11-04 13:00:00,17,11,4,13,0,130,1,"12, CIBLE (AV DE LA)",43.51273,5.46086,Plein jour,En agglomération,Hors intersection,Normale,Deux véhicules - côté,,,,,,,,,,,1,2,1,1.0,3.0
201700008609,0017-11-07 06:50:00,17,11,7,6,50,130,1,"3130, PETIT MOULIN (RTE",43.51653,5.31497,Nuit sans éclairage public,Hors agglomération,Hors intersection,Normale,Deux véhicules - arrière,,,,,,,,,,,3,1,1,1.0,2.0
201700008610,0017-11-05 03:40:00,17,11,5,3,40,130,1,FERRY JULES (AV),43.51548,5.45296,Nuit avec éclairage allumé,En agglomération,Hors intersection,Pluie forte,Autre collision,,,,,,,,,,,5,2,1,3.0,6.0
201700008611,0017-11-08 12:15:00,17,11,8,12,15,130,1,"1, ST CANADET (ROUTE) D.",43.59884,5.46394,Plein jour,Hors agglomération,Intersection en X,Normale,Deux véhicules - côté,,,,,,,,,,,1,1,2,1.0,3.0
201700008612,0017-11-09 10:00:00,17,11,9,10,0,130,1,"63, CARNOT (BD)",43.529,5.45388,Plein jour,En agglomération,Hors intersection,Normale,Deux véhicules - arrière,,,,,,,,,,,1,2,1,1.0,2.0
201700008613,0017-11-09 17:15:00,17,11,9,17,15,130,1,"., JORET JEAN.MICHEL (PL",43.52479,5.43909,Crépuscule ou aube,En agglomération,Place,Normale,Autre collision,,,,,,,,,,,2,2,7,1.0,6.0
201700008614,0017-11-17 20:30:00,17,11,17,20,30,130,1,"1175, VAIR GUILLAUME DU",43.50568,5.39415,Nuit avec éclairage allumé,En agglomération,Hors intersection,Normale,Sans collision,,,,,,,,,,,5,2,1,1.0,7.0
201700008615,0017-11-23 18:00:00,17,11,23,18,0,130,1,"0, MAURIAT HENRI (AV)",43.51444,5.46448,Crépuscule ou aube,En agglomération,Hors intersection,Normale,Deux véhicules - arrière,,,,,,,,,,,2,2,1,1.0,2.0
201700008616,0017-10-04 06:00:00,17,10,4,6,0,130,1,BERRE (ROUTE DE),43.54087,5.37498,Nuit sans éclairage public,Hors agglomération,Hors intersection,Normale,Autre collision,,,,,,,,,,,3,1,1,1.0,6.0
201700008617,0017-11-27 07:50:00,17,11,27,7,50,130,1,"8, ISAAC JULES (AV)",43.53372,5.45108,Plein jour,En agglomération,Hors intersection,Normale,Autre collision,,,,,,,,,,,1,2,1,1.0,6.0
201700008618,0017-11-27 12:35:00,17,11,27,12,35,130,1,PETIT BARTHELEMY (AV DU),43.51924,5.43627,Plein jour,En agglomération,Autre intersection,Normale,Deux véhicules - arrière,,,,,,,,,,,1,2,9,1.0,2.0
201700008619,0017-11-28 17:40:00,17,11,28,17,40,130,1,"25, GALICE (RTE DE)",43.52827,5.43102,Nuit sans éclairage public,En agglomération,Hors intersection,Normale,Autre collision,,,,,,,,,,,3,2,1,1.0,6.0
201700008620,0017-12-01 22:30:00,17,12,1,22,30,130,1,"., R.N 296",43.529,5.427,Nuit avec éclairage non allumé,Hors agglomération,Autre intersection,Normale,Sans collision,,,,,,,,,,,4,1,9,1.0,7.0
201700008621,0017-12-02 17:47:00,17,12,2,17,47,130,1,MAURIAT HENRI (AV),43.51424,5.46261,Nuit avec éclairage allumé,En agglomération,Hors intersection,Temps couvert,Autre collision,,,,,,,,,,,5,2,1,8.0,6.0