accident_id,datetime,annee,mois,jour,heure,minute,departement,commune_insee,adresse,latitude,longitude,luminosite,agglomeration,intersection,meteo,collision,nb_vehicules,nb_usagers,nb_indemnes,nb_tues,nb_blesses_hosp,nb_blesses_legers,age_cond_1,age_cond_2,veh_type_cond_1,veh_type_cond_2,lum_code,agg_code,int_code,atm_code,col_code
201700008622,0017-12-02 23:00:00,17,12,2,23,0,130,1,"3865, GRAND ST JEAN (CH",43.598,5.378,Nuit sans éclairage public,Hors agglomération,Hors intersection,Normale,Autre collision,,,,,,,,,,,3,1,1,1.0,6.0
201700008623,0017-12-02 09:10:00,17,12,2,9,10,130,1,COURONNADE (CHEMIN DE LA,43.51471,5.35529,Plein jour,Hors agglomération,Hors intersection,Neige / grêle,Autre collision,,,,,,,,,,,1,1,1,4.0,6.0
201700008624,0017-12-03 23:30:00,17,12,3,23,30,130,1,"0550, RN 296",43.5505,5.4327,Nuit sans éclairage public,En agglomération,Hors intersection,Normale,Sans collision,,,,,,,,,,,3,2,1,1.0,7.0
201700008625,0017-12-06 13:10:00,17,12,6,13,10,130,1,1-23 Av. Henri Mauriat,43.51405,5.4614,Plein jour,En agglomération,Intersection en X,Normale,Deux véhicules - côté,,,,,,,,,,,1,2,2,1.0,3.0
201700008626,0017-12-10 17:50:00,17,12,10,17,50,130,1,"01, ALLUMETTES (RUE DES)",43.52439,5.43971,Nuit avec éclairage allumé,En agglomération,Intersection en T,Pluie légère,Deux véhicules - côté,,,,,,,,,,,5,2,3,2.0,3.0
201700008627,0017-12-13 07:55:00,17,12,13,7,55,130,1,", CAPUS ALFRED (RUE)",43.53481,5.4346,Crépuscule ou aube,En agglomération,Giratoire,Autre,Deux véhicules - arrière,,,,,,,,,,,2,2,6,9.0,2.0
201700008628,0017-12-12 19:50:00,17,12,12,19,50,130,1,"., GUIGOU ALBERT (CH)",43.49939,5.38387,Nuit sans éclairage public,Hors agglomération,Intersection en Y,Normale,Deux véhicules - frontale,,,,,,,,,,,3,1,4,1.0,1.0
201700008629,0017-12-17 06:00:00,17,12,17,6,0,130,1,1100 route d'Avignon,43.55634,5.41875,Nuit avec éclairage allumé,Hors agglomération,Intersection en T,Normale,Deux véhicules - côté,,,,,,,,,,,5,1,3,1.0,3.0
201700008630,0017-12-17 12:30:00,17,12,17,12,30,130,1,RN 296,43.53327,5.43025,Plein jour,Hors agglomération,Hors intersection,Normale,Deux véhicules - arrière,,,,,,,,,,,1,1,1,1.0,2.0
201700008631,0017-12-22 10:34:00,17,12,22,10,34,130,1,55 Av de la 1ère Divisio,43.55012,5.42889,Plein jour,En agglomération,Hors intersection,Normale,Autre collision,,,,,,,,,,,1,2,1,1.0,6.0
201700008632,0017-12-24 09:25:00,17,12,24,9,25,130,1,6-8 Allée des Amandiers,43.53207,5.41158,Plein jour,En agglomération,Hors intersection,Normale,Autre collision,,,,,,,,,,,1,2,1,1.0,6.0
201700008633,0017-12-22 11:30:00,17,12,22,11,30,130,1,51 Avenue de l'Europe,43.52487,5.42901,Plein jour,En agglomération,Hors intersection,Normale,Autre collision,,,,,,,,,,,1,2,1,1.0,6.0
201700008634,0017-12-31 13:30:00,17,12,31,13,30,130,1,"785, VALCROS (RTE DE)",43.51739,5.41265,Plein jour,Hors agglomération,Hors intersection,Temps couvert,Deux véhicules - frontale,,,,,,,,,,,1,1,1,8.0,1.0
201700008635,0017-01-17 19:30:00,17,1,17,19,30,130,4,RTE D EYGUIERES,,,Nuit sans éclairage public,Hors agglomération,Intersection en T,Normale,Deux véhicules - côté,,,,,,,,,,,3,1,3,1.0,3.0
201700008636,0017-11-21 08:00:00,17,11,21,8,0,130,4,DRA DES JONQUETS,43.68293,4.6506,Nuit sans éclairage public,Hors agglomération,Intersection en T,Normale,Sans collision,,,,,,,,,,,3,1,3,1.0,7.0
201700008637,0017-01-18 16:45:00,17,1,18,16,45,130,4,"3, BD GEORGES CLEMENCEAU",43.67513,4.62644,Plein jour,En agglomération,Hors intersection,Normale,Autre collision,,,,,,,,,,,1,2,1,1.0,6.0
201700008638,0017-02-03 19:00:00,17,2,3,19,0,130,4,MTE VAUBAN ??,,,Nuit avec éclairage allumé,En agglomération,Hors intersection,Normale,Autre collision,,,,,,,,,,,5,2,1,1.0,6.0
201700008639,0017-06-07 08:05:00,17,6,7,8,5,130,4,"137 bis, AV STALINGRAD",43.69694,4.64159,Plein jour,En agglomération,Place,Normale,Autre collision,,,,,,,,,,,1,2,7,1.0,6.0
201700008640,0017-06-25 20:40:00,17,6,25,20,40,130,4,RTE N113 MARSEILLE A BOR,,,Crépuscule ou aube,Hors agglomération,Autre intersection,Normale,Autre collision,,,,,,,,,,,2,1,9,1.0,6.0
201700008641,0017-07-30 06:30:00,17,7,30,6,30,130,4,RTE DE TARASCON,43.71587,4.64393,Crépuscule ou aube,Hors agglomération,Hors intersection,Normale,Autre collision,,,,,,,,,,,2,1,1,1.0,6.0
201700008642,0017-08-29 21:30:00,17,8,29,21,30,130,4,"843, RTE D EYGUIERES",43.66321,4.68956,Nuit sans éclairage public,Hors agglomération,Hors intersection,Normale,Autre collision,,,,,,,,,,,3,1,1,1.0,6.0
201700008643,0017-08-26 13:45:00,17,8,26,13,45,130,4,"04 bis, RUE DE LA VERRER",,,Plein jour,En agglomération,Intersection en X,Normale,Deux véhicules - côté,,,,,,,,,,,1,2,2,1.0,3.0
201700008644,0017-10-03 11:40:00,17,10,3,11,40,130,4,"74, AV STALINGRAD*",43.68789,4.63578,Plein jour,En agglomération,Intersection en X,Normale,Deux véhicules - côté,,,,,,,,,,,1,2,2,1.0,3.0
201700008645,0017-10-07 13:15:00,17,10,7,13,15,130,4,97 Av du Président Allen,43.66972,4.61923,Plein jour,En agglomération,Hors intersection,Normale,Deux véhicules - côté,,,,,,,,,,,1,2,1,1.0,3.0
201700008646,0017-10-25 09:45:00,17,10,25,9,45,130,4,"1, BD DES LICES",43.67518,4.63096,Plein jour,En agglomération,Hors intersection,Normale,Autre collision,,,,,,,,,,,1,2,1,1.0,6.0
201700008647,0017-11-15 10:40:00,17,11,15,10,40,130,4,"02, RUE DE LA REPUBLIQUE",43.67717,4.62438,Plein jour,En agglomération,Place,Normale,Deux véhicules - arrière,,,,,,,,,,,1,2,7,1.0,2.0
201700008648,0017-11-23 01:00:00,17,11,23,1,0,130,4,RTE N113 MARSEILLE A BOR,43.658,4.646,Nuit sans éclairage public,Hors agglomération,Hors intersection,Normale,Sans collision,,,,,,,,,,,3,1,1,1.0,7.0
201700008649,0017-12-01 12:30:00,17,12,1,12,30,130,4,CHE DE LA FORTUNE,43.68196,4.63459,Plein jour,En agglomération,Intersection en T,Normale,Deux véhicules - arrière,,,,,,,,,,,1,2,3,1.0,2.0
201700008650,0017-11-24 17:40:00,17,11,24,17,40,130,4,CHE DES MARTELLIERES,43.65849,4.64727,Nuit sans éclairage public,Hors agglomération,Hors intersection,Normale,Autre collision,,,,,,,,,,,3,1,1,1.0,6.0
201700008651,0017-12-18 12:15:00,17,12,18,12,15,130,4,RTE N570 AVIGNON STES MA,43.68989,4.64373,Plein jour,En agglomération,Giratoire,Pluie légère,Deux véhicules - arrière,,,,,,,,,,,1,2,6,2.0,2.0
201700008652,0017-01-11 15:00:00,17,1,11,15,0,130,5,"10, COMBES (BOULEVARD EM",43.28941,5.56752,Plein jour,En agglomération,Hors intersection,Normale,Autre collision,,,,,,,,,,,1,2,1,1.0,6.0
201700008653,0017-01-11 08:05:00,17,1,11,8,5,130,5,PASSONS (CHEMIN DES ),43.2915,5.58406,Plein jour,En agglomération,Intersection en T,Autre,Autre collision,,,,,,,,,,,1,2,3,9.0,6.0
201700008654,0017-01-14 11:20:00,17,1,14,11,20,130,70,ROUSSEAU (BOULEVARD JEAN,43.27712,5.52201,Plein jour,En agglomération,Hors intersection,Normale,Autre collision,,,,,,,,,,,1,2,1,1.0,6.0
201700008655,0017-01-16 16:20:00,17,1,16,16,20,130,70,GARE (BOULEVARD DE LA),43.28193,5.51501,Plein jour,En agglomération,Intersection en X,Normale,Deux véhicules - côté,,,,,,,,,,,1,2,2,1.0,3.0
201700008656,0017-01-17 13:20:00,17,1,17,13,20,130,5,"1000, GEMENOS (ROUTE DE",43.29766,5.58809,Plein jour,En agglomération,Hors intersection,Normale,Deux véhicules - côté,,,,,,,,,,,1,2,1,1.0,3.0
201700008657,0017-01-18 17:40:00,17,1,18,17,40,130,5,2 SALENGRO(AVENUE ROGER),43.29645,5.56864,Crépuscule ou aube,En agglomération,Hors intersection,Normale,Trois véhicules et plus - collisions multiples,,,,,,,,,,,2,2,1,1.0,5.0
201700008658,0017-01-19 15:15:00,17,1,19,15,15,130,5,40 D8N,43.28326,5.53535,Plein jour,En agglomération,Hors intersection,Normale,Sans collision,,,,,,,,,,,1,2,1,1.0,7.0
201700008659,0017-01-22 15:20:00,17,1,22,15,20,130,5,SALENGRO *AVENUE ROGER*,43.30158,5.57085,Plein jour,En agglomération,Hors intersection,Normale,Deux véhicules - côté,,,,,,,,,,,1,2,1,1.0,3.0
201700008660,0017-01-26 10:05:00,17,1,26,10,5,130,5,"., GEMENOS (ROUTE DE CD2",43.29434,5.55735,Plein jour,En agglomération,Intersection en T,Pluie légère,Deux véhicules - côté,,,,,,,,,,,1,2,3,2.0,3.0
201700008661,0017-02-04 03:45:00,17,2,4,3,45,130,5,"1, GEMENOS (ROUTE DE CD2",43.28859,5.54764,Nuit avec éclairage allumé,En agglomération,Giratoire,Pluie légère,Autre collision,,,,,,,,,,,5,2,6,2.0,6.0
201700008662,0017-02-12 16:00:00,17,2,12,16,0,130,5,SALENGRO (AVENUE ROG,43.30177,5.57096,Plein jour,En agglomération,Hors intersection,Normale,Deux véhicules - arrière,,,,,,,,,,,1,2,1,1.0,2.0
201700008663,0017-02-14 22:00:00,17,2,14,22,0,130,5,"1, EOURES (ROUTE D')",,,Nuit avec éclairage allumé,Hors agglomération,Hors intersection,Normale,Deux véhicules - côté,,,,,,,,,,,5,1,1,1.0,3.0
201700008664,0017-02-16 09:15:00,17,2,16,9,15,130,70,"323, VOLTAIRE (BOULEVARD",43.28265,5.52996,Plein jour,En agglomération,Hors intersection,Normale,Deux véhicules - côté,,,,,,,,,,,1,2,1,1.0,3.0
201700008665,0017-02-24 21:10:00,17,2,24,21,10,130,5,24 D8N,43.28321,5.53313,Nuit avec éclairage allumé,En agglomération,Intersection en X,Normale,Deux véhicules - côté,,,,,,,,,,,5,2,2,1.0,3.0
201700008666,0017-03-09 09:00:00,17,3,9,9,0,130,5,"530, CEINTURE DE CAMPS M",43.29597,5.58365,Plein jour,Hors agglomération,Hors intersection,Normale,Deux véhicules - frontale,,,,,,,,,,,1,1,1,1.0,1.0
201700008667,0017-03-09 11:50:00,17,3,9,11,50,130,70,GARE (BOULEVARD DE LA),43.28501,5.51415,Plein jour,En agglomération,Hors intersection,Normale,Deux véhicules - arrière,,,,,,,,,,,1,2,1,1.0,2.0
201700008668,0017-03-09 13:00:00,17,3,9,13,0,130,5,"125, DOUARD (AVENUE DU)",43.28614,5.60018,Plein jour,En agglomération,Hors intersection,Normale,Deux véhicules - côté,,,,,,,,,,,1,2,1,1.0,3.0
201700008669,0017-03-15 13:05:00,17,3,15,13,5,130,5,CD 2 (CAMP MAJOR),43.288,5.54465,Plein jour,En agglomération,Hors intersection,Normale,Deux véhicules - côté,,,,,,,,,,,1,2,1,1.0,3.0
201700008670,0017-03-27 12:00:00,17,3,27,12,0,130,5,??Av des Goums,,,Plein jour,En agglomération,Hors intersection,Normale,Autre collision,,,,,,,,,,,1,2,1,1.0,6.0
201700008671,0017-03-18 09:00:00,17,3,18,9,0,130,70,?? Boulevard Voltaire,,,Plein jour,Hors agglomération,Hors intersection,Normale,Autre collision,,,,,,,,,,,1,1,1,1.0,6.0
201700008672,0017-04-03 14:05:00,17,4,3,14,5,130,5,770 Chemin de St Pierre,43.2995,5.59096,Plein jour,Hors agglomération,Hors intersection,Normale,Trois véhicules et plus - en chaîne,,,,,,,,,,,1,1,1,1.0,4.0
201700008673,0017-04-09 17:45:00,17,4,9,17,45,130,5,2 Avenue des Surs Gasti,43.29281,5.56277,Plein jour,Hors agglomération,Giratoire,Normale,Deux véhicules - arrière,,,,,,,,,,,1,1,6,1.0,2.0
201700008674,0017-04-19 15:05:00,17,4,19,15,5,130,5,"1085, EOURES (ROUTE D')",43.30208,5.55895,Plein jour,En agglomération,Hors intersection,Normale,Sans collision,,,,,,,,,,,1,2,1,1.0,7.0
201700008675,0017-04-24 08:05:00,17,4,24,8,5,130,5,BARTHELEMY (RUE DU DR),43.2958,5.56657,Plein jour,En agglomération,Intersection en T,Normale,Autre collision,,,,,,,,,,,1,2,3,1.0,6.0
201700008676,0017-04-22 12:05:00,17,4,22,12,5,130,5,"1, BAUMONE (AVENUE DE LA",43.29513,5.59464,Plein jour,Hors agglomération,Hors intersection,Normale,Autre collision,,,,,,,,,,,1,1,1,1.0,6.0
201700008677,0017-04-24 17:15:00,17,4,24,17,15,130,5,LAGUNAS (AVENUE SIMON),43.29406,5.56377,Plein jour,En agglomération,Intersection en T,Normale,Deux véhicules - frontale,,,,,,,,,,,1,2,3,1.0,1.0
201700008678,0017-05-10 16:45:00,17,5,10,16,45,130,5,Chemin de l'Avelanède,43.28769,5.58718,Plein jour,En agglomération,Intersection en X,Normale,Deux véhicules - côté,,,,,,,,,,,1,2,2,1.0,3.0
201700008679,0017-05-11 11:10:00,17,5,11,11,10,130,5,2350 Route Nationale 396,43.30876,5.60799,Plein jour,Hors agglomération,Intersection en X,Normale,Deux véhicules - côté,,,,,,,,,,,1,1,2,1.0,3.0
201700008680,0017-05-14 11:10:00,17,5,14,11,10,130,5,3127-3139 D96,43.32581,5.59397,Plein jour,En agglomération,Intersection en T,Normale,Deux véhicules - côté,,,,,,,,,,,1,2,3,1.0,3.0
201700008681,0017-05-14 17:20:00,17,5,14,17,20,130,70,12 Bd Claude Antonetti,43.28685,5.51405,Plein jour,En agglomération,Giratoire,Normale,Deux véhicules - côté,,,,,,,,,,,1,2,6,1.0,3.0
201700008682,0017-05-18 08:00:00,17,5,18,8,0,130,5,1135 Route Nationale 396,43.31514,5.60075,Plein jour,Hors agglomération,Intersection en T,Normale,Deux véhicules - arrière,,,,,,,,,,,1,1,3,1.0,2.0
201700008683,0017-05-23 17:30:00,17,5,23,17,30,130,5,18B Av Roger Salengro,43.29785,5.56911,Plein jour,En agglomération,Hors intersection,Normale,Deux véhicules - arrière,,,,,,,,,,,1,2,1,1.0,2.0
201700008684,0017-05-28 11:20:00,17,5,28,11,20,130,5,"Route de la Légion,",43.29445,5.55774,Plein jour,En agglomération,Hors intersection,Normale,Sans collision,,,,,,,,,,,1,2,1,1.0,7.0
201700008685,0017-06-01 13:50:00,17,6,1,13,50,130,5,840 Route de la Ciotat,43.27898,5.58698,Plein jour,Hors agglomération,Hors intersection,Normale,Sans collision,,,,,,,,,,,1,1,1,1.0,7.0
201700008686,0017-06-09 12:50:00,17,6,9,12,50,130,5,"1, RN 396 (ROUTE NATIONA",43.31978,5.59441,Plein jour,Hors agglomération,Hors intersection,Normale,Deux véhicules - côté,,,,,,,,,,,1,1,1,1.0,3.0
201700008687,0017-06-10 05:30:00,17,6,10,5,30,130,5,"1375, RN 96 (ROUTE NATIO",43.31761,5.5826,Crépuscule ou aube,En agglomération,Hors intersection,Normale,Autre collision,,,,,,,,,,,2,2,1,1.0,6.0
201700008688,0017-06-17 11:15:00,17,6,17,11,15,130,5,BOYER (AVENUE ANTIDE),43.29493,5.56111,Plein jour,En agglomération,Hors intersection,Normale,Deux véhicules - côté,,,,,,,,,,,1,2,1,1.0,3.0
201700008689,0017-06-21 15:10:00,17,6,21,15,10,130,5,"2865, RN 96 (ROUTE NATIO",43.32364,5.59026,Plein jour,Hors agglomération,Hors intersection,Normale,Deux véhicules - arrière,,,,,,,,,,,1,1,1,1.0,2.0
201700008690,0017-06-27 13:50:00,17,6,27,13,50,130,5,"1, BEAUDINARD (ROUTE DE)",43.29752,5.57379,Plein jour,En agglomération,Intersection en T,Normale,Deux véhicules - arrière,,,,,,,,,,,1,2,3,1.0,2.0
201700008691,0017-06-29 12:45:00,17,6,29,12,45,130,5,10 Av Jeanne d'Arc,43.2948,5.56702,Plein jour,En agglomération,Hors intersection,Normale,Deux véhicules - côté,,,,,,,,,,,1,2,1,1.0,3.0
201700008692,0017-07-04 12:00:00,17,7,4,12,0,130,5,"410, RN 8",43.28682,5.58831,Plein jour,En agglomération,Hors intersection,Normale,Deux véhicules - côté,,,,,,,,,,,1,2,1,1.0,3.0
201700008693,0017-07-06 14:10:00,17,7,6,14,10,130,5,RD 43 C,43.30512,5.59216,Plein jour,Hors agglomération,Intersection en T,Normale,Deux véhicules - côté,,,,,,,,,,,1,1,3,1.0,3.0
201700008694,0017-08-09 21:00:00,17,8,9,21,0,130,70,"236, VOLTAIRE (BOULEVARD",43.28149,5.52274,Crépuscule ou aube,En agglomération,Intersection en T,Normale,Autre collision,,,,,,,,,,,2,2,3,1.0,6.0
201700008695,0017-08-09 20:10:00,17,8,9,20,10,130,5,RD 559 A (ROUTE DE LA BE,43.27294,5.59007,Plein jour,Hors agglomération,Hors intersection,Normale,Deux véhicules - arrière,,,,,,,,,,,1,1,1,1.0,2.0
201700008696,0017-08-14 14:45:00,17,8,14,14,45,130,5,"1, ARC (AVENUE JEANNE D'",43.29573,5.56664,Plein jour,En agglomération,Intersection en T,Normale,Autre collision,,,,,,,,,,,1,2,3,1.0,6.0
201700008697,0017-08-18 16:35:00,17,8,18,16,35,130,5,BARTHELEMY (RUE DU DR),43.29577,5.56659,Plein jour,En agglomération,Hors intersection,Normale,Deux véhicules - frontale,,,,,,,,,,,1,2,1,1.0,1.0
201700008698,0017-09-06 18:30:00,17,9,6,18,30,130,5,"1, AMITIE (AVENUE DE L')",43.28295,5.54601,Plein jour,En agglomération,Hors intersection,Normale,Deux véhicules - frontale,,,,,,,,,,,1,2,1,1.0,1.0
201700008699,0017-09-14 09:25:00,17,9,14,9,25,130,5,"993, SAINT JEAN DE GARGU",43.30477,5.60245,Plein jour,En agglomération,Hors intersection,Normale,Deux véhicules - côté,,,,,,,,,,,1,2,1,1.0,3.0
201700008700,0017-09-22 10:45:00,17,9,22,10,45,130,5,"1, SALENGRO (AVENUE ROGE",43.2964,5.56862,Plein jour,En agglomération,Giratoire,Normale,Deux véhicules - côté,,,,,,,,,,,1,2,6,1.0,3.0
201700008701,0017-09-22 16:15:00,17,9,22,16,15,130,5,"1375, RN 96 (ROUTE NATIO",43.31437,5.57894,Plein jour,Hors agglomération,Hors intersection,Normale,Deux véhicules - arrière,,,,,,,,,,,1,1,1,1.0,2.0
201700008702,0017-09-23 09:05:00,17,9,23,9,5,130,5,"2345, RD96",43.32086,5.58679,Plein jour,Hors agglomération,Hors intersection,Normale,Deux véhicules - frontale,,,,,,,,,,,1,1,1,1.0,1.0
201700008703,0017-09-23 17:40:00,17,9,23,17,40,130,5,"1, SALENGRO (AVENUE ROGE",43.30116,5.57036,Plein jour,En agglomération,Hors intersection,Normale,Deux véhicules - arrière,,,,,,,,,,,1,2,1,1.0,2.0
201700008704,0017-09-27 19:50:00,17,9,27,19,50,130,5,CD 2 (CAMP MAJOR),43.28804,5.54479,Nuit avec éclairage allumé,En agglomération,Hors intersection,Normale,Deux véhicules - côté,,,,,,,,,,,5,2,1,1.0,3.0
201700008705,0017-09-27 10:30:00,17,9,27,10,30,130,5,SALENGRO (AVENUE ROGER),43.30228,5.57129,Plein jour,En agglomération,Hors intersection,Normale,Deux véhicules - côté,,,,,,,,,,,1,2,1,1.0,3.0
201700008706,0017-10-03 08:35:00,17,10,3,8,35,130,5,SOLLANS (CHEMIN DES),43.30547,5.57256,Plein jour,En agglomération,Intersection en X,Normale,Trois véhicules et plus - collisions multiples,,,,,,,,,,,1,2,2,1.0,5.0
201700008707,0017-10-04 07:50:00,17,10,4,7,50,130,70,"152, VOLTAIRE (BOULEVARD",43.28137,5.51673,Plein jour,En agglomération,Hors intersection,Normale,Trois véhicules et plus - en chaîne,,,,,,,,,,,1,2,1,1.0,4.0
201700008708,0017-10-13 17:30:00,17,10,13,17,30,130,5,1 Av des Caniers,43.28436,5.59399,Plein jour,En agglomération,Hors intersection,Normale,Deux véhicules - arrière,,,,,,,,,,,1,2,1,1.0,2.0
201700008709,0017-10-16 23:56:00,17,10,16,23,56,130,5,"1, GASTINE (AVENUE DES S",43.29128,5.5641,Nuit avec éclairage allumé,En agglomération,Autre intersection,Normale,Autre collision,,,,,,,,,,,5,2,9,1.0,6.0
201700008710,0017-10-20 12:39:00,17,10,20,12,39,130,5,SALENGRO (AVENUE ROGER),43.30153,5.57079,Plein jour,En agglomération,Hors intersection,Normale,Autre collision,,,,,,,,,,,1,2,1,1.0,6.0
201700008711,0017-10-30 12:00:00,17,10,30,12,0,130,5,"708, RN 8",43.28528,5.59074,Plein jour,Hors agglomération,Hors intersection,Normale,Deux véhicules - côté,,,,,,,,,,,1,1,1,1.0,3.0
201700008712,0017-10-19 15:10:00,17,10,19,15,10,130,5,701 Chemin des Craux,43.30386,5.60653,Plein jour,Hors agglomération,Hors intersection,Normale,Deux véhicules - côté,,,,,,,,,,,1,1,1,1.0,3.0
201700008713,0017-11-03 18:00:00,17,11,3,18,0,130,70,"236, VOLTAIRE (BOULEVARD",43.28151,5.52272,Nuit avec éclairage allumé,En agglomération,Intersection en Y,Normale,Deux véhicules - côté,,,,,,,,,,,5,2,4,1.0,3.0
201700008714,0017-11-04 21:00:00,17,11,4,21,0,130,5,"1, SOLLANS (CHEMIN DES)",43.30731,5.57354,Nuit avec éclairage allumé,Hors agglomération,Autre intersection,Normale,Deux véhicules - côté,,,,,,,,,,,5,1,9,1.0,3.0
201700008715,0017-11-05 09:20:00,17,11,5,9,20,130,5,"1, VERDUN (AVENUE DE",43.28733,5.58254,Plein jour,En agglomération,Giratoire,Normale,Deux véhicules - arrière,,,,,,,,,,,1,2,6,1.0,2.0
201700008716,0017-11-10 08:45:00,17,11,10,8,45,130,5,1 Ch de St Michel,43.29309,5.57136,Plein jour,En agglomération,Place,Temps éblouissant,Deux véhicules - arrière,,,,,,,,,,,1,2,7,7.0,2.0
201700008717,0017-11-16 17:30:00,17,11,16,17,30,130,5,"14100, SAINT PIERRE (CHE",43.30922,5.59275,Nuit avec éclairage allumé,Hors agglomération,Intersection en T,Normale,Deux véhicules - côté,,,,,,,,,,,5,1,3,1.0,3.0
201700008718,0017-11-21 09:30:00,17,11,21,9,30,130,70,"1, GARE (BOULEVARD DE",43.28207,5.51502,Plein jour,Hors agglomération,Autre intersection,Temps éblouissant,Autre collision,,,,,,,,,,,1,1,9,7.0,6.0
201700008719,0017-11-22 07:20:00,17,11,22,7,20,130,5,"1, CIOTAT (RTE DE LA R",43.28781,5.57883,Nuit avec éclairage allumé,En agglomération,Hors intersection,Normale,Autre collision,,,,,,,,,,,5,2,1,1.0,6.0
201700008720,0017-11-19 17:35:00,17,11,19,17,35,130,5,", SALENGRO (AVENUE ROGER",43.30057,5.56971,Crépuscule ou aube,En agglomération,Intersection en X,Normale,Deux véhicules - côté,,,,,,,,,,,2,2,2,1.0,3.0
201700008721,0017-11-25 13:00:00,17,11,25,13,0,130,5,"1221, RD 43 C",43.3073,5.5923,Plein jour,Hors agglomération,Hors intersection,Temps couvert,Trois véhicules et plus - collisions multiples,,,,,,,,,,,1,1,1,8.0,5.0
201700008722,0017-11-27 10:30:00,17,11,27,10,30,130,5,"1, FOCH (COURS MARECHAL)",43.29302,5.5676,Plein jour,En agglomération,Hors intersection,Normale,Autre collision,,,,,,,,,,,1,2,1,1.0,6.0
201700008723,0017-12-05 21:30:00,17,12,5,21,30,130,5,"86, REPUBLIQUE (RUE DE L",43.28986,5.57163,Nuit avec éclairage allumé,En agglomération,Hors intersection,Normale,Deux véhicules - côté,,,,,,,,,,,5,2,1,1.0,3.0
201700008724,0017-12-06 18:55:00,17,12,6,18,55,130,5,CD 2 (CAMP MAJOR),43.28803,5.53934,Nuit avec éclairage allumé,Hors agglomération,Hors intersection,Normale,Deux véhicules - frontale,,,,,,,,,,,5,1,1,1.0,1.0
201700008725,0017-12-07 20:10:00,17,12,7,20,10,130,5,Route de la Ciotat,43.27588,5.59048,Nuit sans éclairage public,Hors agglomération,Hors intersection,Pluie légère,Deux véhicules - côté,,,,,,,,,,,3,1,1,2.0,3.0
201700008726,0017-12-11 17:00:00,17,12,11,17,0,130,5,"1, MERLANCON (CHEMIN DU)",43.28483,5.5817,Nuit avec éclairage allumé,En agglomération,Hors intersection,Pluie légère,Autre collision,,,,,,,,,,,5,2,1,2.0,6.0
201700008727,0017-12-13 10:30:00,17,12,13,10,30,130,5,EOURES (ROUTE D'),43.30864,5.54798,Plein jour,Hors agglomération,Hors intersection,Normale,Deux véhicules - frontale,,,,,,,,,,,1,1,1,1.0,1.0
201700008728,0017-11-30 23:40:00,17,11,30,23,40,130,5,CD 2 (CAMP MAJOR),43.29439,5.55792,Nuit avec éclairage allumé,En agglomération,Hors intersection,Normale,Deux véhicules - arrière,,,,,,,,,,,5,2,1,1.0,2.0
201700008729,0017-12-25 15:05:00,17,12,25,15,5,130,70,"1, VOLTAIRE (BOULEVARD)",43.28264,5.52998,Plein jour,En agglomération,Intersection en X,Temps couvert,Deux véhicules - arrière,,,,,,,,,,,1,2,2,8.0,2.0
201700008730,0017-12-24 12:05:00,17,12,24,12,5,130,5,"0, FENESTRELLES (CHEMIN",43.27987,5.56519,Plein jour,Hors agglomération,Intersection en T,Normale,Deux véhicules - côté,,,,,,,,,,,1,1,3,1.0,3.0
201700008731,0017-01-03 08:50:00,17,1,3,8,50,130,28,"372, DULAC (AVENUE GUILL",43.18907,5.60885,Plein jour,En agglomération,Intersection en T,Normale,Deux véhicules - frontale,,,,,,,,,,,1,2,3,1.0,1.0
201700008732,0017-01-04 08:00:00,17,1,4,8,0,130,28,"NS, BODIN (AVENUE EMILE)",43.19459,5.60058,Crépuscule ou aube,En agglomération,Intersection en X,Normale,Deux véhicules - arrière,,,,,,,,,,,2,2,2,1.0,2.0
201700008733,0017-01-04 13:45:00,17,1,4,13,45,130,28,GUERIN (BOULEVARD),43.17518,5.60524,Plein jour,En agglomération,Intersection en Y,Normale,Sans collision,,,,,,,,,,,1,2,4,1.0,7.0
201700008734,0017-01-11 19:50:00,17,1,11,19,50,130,28,"1361, DULAC (AVENUE GUIL",43.19683,5.6132,Nuit sans éclairage public,En agglomération,Hors intersection,Normale,Deux véhicules - côté,,,,,,,,,,,3,2,1,1.0,3.0
201700008735,0017-01-20 07:40:00,17,1,20,7,40,130,28,SUBILIA (AVENUE ERNEST ),43.18302,5.61265,Crépuscule ou aube,En agglomération,Intersection en X,Normale,Deux véhicules - frontale,,,,,,,,,,,2,2,2,1.0,1.0
201700008736,0017-01-30 11:50:00,17,1,30,11,50,130,28,"1022, GASSION *AVENUE FE",43.18538,5.60754,Plein jour,En agglomération,Hors intersection,Normale,Deux véhicules - côté,,,,,,,,,,,1,2,1,1.0,3.0
201700008737,0017-02-03 17:00:00,17,2,3,17,0,130,28,PUITS DE BRUNET (CHEMIN,43.18684,5.60057,Plein jour,En agglomération,Hors intersection,Pluie légère,Sans collision,,,,,,,,,,,1,2,1,2.0,7.0
201700008738,0017-02-14 15:45:00,17,2,14,15,45,130,28,"815, DULAC (AVENUE GUILL",43.19296,5.60946,Plein jour,En agglomération,Hors intersection,Normale,Deux véhicules - frontale,,,,,,,,,,,1,2,1,1.0,1.0
201700008739,0017-02-17 13:50:00,17,2,17,13,50,130,28,CYTHARISTA (AVENUE),43.19271,5.63505,Plein jour,En agglomération,Intersection en X,Normale,Deux véhicules - côté,,,,,,,,,,,1,2,2,1.0,3.0
201700008740,0017-02-17 15:00:00,17,2,17,15,0,130,28,"28, AUBANEL (AVENUE THEO",43.19005,5.62463,Plein jour,En agglomération,Hors intersection,Normale,Sans collision,,,,,,,,,,,1,2,1,1.0,7.0
201700008741,0017-02-18 11:30:00,17,2,18,11,30,130,28,"103, PUITS DE BRUNET (CH",43.18707,5.60044,Plein jour,En agglomération,Hors intersection,Normale,Deux véhicules - côté,,,,,,,,,,,1,2,1,1.0,3.0