accident_id,datetime,annee,mois,jour,heure,minute,departement,commune_insee,adresse,latitude,longitude,luminosite,agglomeration,intersection,meteo,collision,nb_vehicules,nb_usagers,nb_indemnes,nb_tues,nb_blesses_hosp,nb_blesses_legers,age_cond_1,age_cond_2,veh_type_cond_1,veh_type_cond_2,lum_code,agg_code,int_code,atm_code,col_code
201700008742,0017-02-18 13:55:00,17,2,18,13,55,130,28,SUBILIA (AVENUE ERNEST ),43.18515,5.60855,Plein jour,En agglomération,Hors intersection,Normale,Deux véhicules - côté,,,,,,,,,,,1,2,1,1.0,3.0
201700008743,0017-02-23 07:30:00,17,2,23,7,30,130,28,Rond Point DULAC/ROVARCH,43.19246,5.60955,Plein jour,En agglomération,Giratoire,Normale,Deux véhicules - côté,,,,,,,,,,,1,2,6,1.0,3.0
201700008744,0017-03-10 22:10:00,17,3,10,22,10,130,28,AVENUE FERNAND GASSION,43.18418,5.60647,Nuit avec éclairage allumé,En agglomération,Intersection en T,Normale,Deux véhicules - arrière,,,,,,,,,,,5,2,3,1.0,2.0
201700008745,0017-03-11 16:05:00,17,3,11,16,5,130,28,886-948 Av Guillaume Dul,43.19364,5.61035,Plein jour,En agglomération,Hors intersection,Normale,Trois véhicules et plus - collisions multiples,,,,,,,,,,,1,2,1,1.0,5.0
201700008746,0017-03-15 17:30:00,17,3,15,17,30,130,28,661 Av Roumanille,43.19673,5.62075,Plein jour,En agglomération,Hors intersection,Normale,Deux véhicules - frontale,,,,,,,,,,,1,2,1,1.0,1.0
201700008747,0017-03-20 09:40:00,17,3,20,9,40,130,28,Av Pierre Rovarch,43.1923,5.60961,Plein jour,En agglomération,Hors intersection,Normale,Deux véhicules - arrière,,,,,,,,,,,1,2,1,1.0,2.0
201700008748,0017-03-20 17:15:00,17,3,20,17,15,130,28,39 Avenue Louis Crozet,43.17817,5.60094,Plein jour,En agglomération,Intersection en T,Normale,Deux véhicules - côté,,,,,,,,,,,1,2,3,1.0,3.0
201700008749,0017-03-27 17:30:00,17,3,27,17,30,130,28,SAINT JEAN  (AVENUE DE),43.18903,5.6278,Plein jour,En agglomération,Giratoire,Normale,Deux véhicules - côté,,,,,,,,,,,1,2,6,1.0,3.0
201700008750,0017-03-28 16:40:00,17,3,28,16,40,130,28,SUBILIA (AVENUE ERNEST ),43.18592,5.60758,Plein jour,En agglomération,Intersection en X,Normale,Sans collision,,,,,,,,,,,1,2,2,1.0,7.0
201700008751,0017-04-06 17:40:00,17,4,6,17,40,130,28,485 D559,43.18935,5.64698,Plein jour,En agglomération,Hors intersection,Normale,Deux véhicules - côté,,,,,,,,,,,1,2,1,1.0,3.0
201700008752,0017-04-07 16:45:00,17,4,7,16,45,130,28,Rond Point DULAC/ROVARCH,43.19242,5.60885,Plein jour,En agglomération,Giratoire,Normale,Deux véhicules - arrière,,,,,,,,,,,1,2,6,1.0,2.0
201700008753,0017-04-08 15:00:00,17,4,8,15,0,130,28,Av Joseph Roumanille,43.20893,5.62811,Plein jour,En agglomération,Hors intersection,Normale,Deux véhicules - arrière,,,,,,,,,,,1,2,1,1.0,2.0
201700008754,0017-04-11 18:30:00,17,4,11,18,30,130,28,BODIN  (AVENUE EMILE),43.18574,5.60778,Plein jour,En agglomération,Intersection en X,Normale,Sans collision,,,,,,,,,,,1,2,2,1.0,7.0
201700008755,0017-04-16 12:00:00,17,4,16,12,0,130,28,"2333, BODIN (AVENUE EMIL",,,Plein jour,Hors agglomération,Hors intersection,Normale,Deux véhicules - frontale,,,,,,,,,,,1,1,1,1.0,1.0
201700008756,0017-04-16 16:15:00,17,4,16,16,15,130,28,"99, KENNEDY (AVENUE PRES",43.17928,5.60191,Plein jour,En agglomération,Hors intersection,Normale,Deux véhicules - côté,,,,,,,,,,,1,2,1,1.0,3.0
201700008757,0017-04-29 08:15:00,17,4,29,8,15,130,28,FONTSAINTE (AVENUE DE),43.19076,5.64079,Plein jour,En agglomération,Intersection en Y,Normale,Deux véhicules - côté,,,,,,,,,,,1,2,4,1.0,3.0
201700008758,0017-05-08 22:45:00,17,5,8,22,45,130,28,4 Av. Président Wilson,43.18186,5.61406,Nuit avec éclairage allumé,En agglomération,Hors intersection,Normale,Deux véhicules - côté,,,,,,,,,,,5,2,1,1.0,3.0
201700008759,0017-05-03 16:30:00,17,5,3,16,30,130,28,MIREILLE (avenue),,,Plein jour,En agglomération,Hors intersection,Normale,Autre collision,,,,,,,,,,,1,2,1,1.0,6.0
201700008760,0017-05-07 09:00:00,17,5,7,9,0,130,28,CD 559 (CHEMIN DEPARTEME,43.18079,5.67181,Plein jour,Hors agglomération,Intersection en T,Normale,Deux véhicules - côté,,,,,,,,,,,1,1,3,1.0,3.0
201700008761,0017-05-13 11:30:00,17,5,13,11,30,130,28,"336, PAIX (AVENUE DE LA)",43.18171,5.60952,Plein jour,En agglomération,Hors intersection,Normale,Deux véhicules - frontale,,,,,,,,,,,1,2,1,1.0,1.0
201700008762,0017-05-15 17:20:00,17,5,15,17,20,130,28,20 Av. de Fontsainte,43.19045,5.63784,Plein jour,En agglomération,Hors intersection,Normale,Deux véhicules - côté,,,,,,,,,,,1,2,1,1.0,3.0
201700008763,0017-05-24 19:30:00,17,5,24,19,30,130,28,ROVARCH (AVENUE PIERRE),43.18985,5.62623,Plein jour,En agglomération,Hors intersection,Normale,Deux véhicules - arrière,,,,,,,,,,,1,2,1,1.0,2.0
201700008764,0017-05-28 14:25:00,17,5,28,14,25,130,28,BODIN (AVENUE EMILE),43.1946,5.59918,Plein jour,Hors agglomération,Hors intersection,Normale,Deux véhicules - arrière,,,,,,,,,,,1,1,1,1.0,2.0
201700008765,0017-05-31 13:50:00,17,5,31,13,50,130,28,Rond Point DULAC/ROVARCH,43.19246,5.60896,Plein jour,En agglomération,Giratoire,Normale,Trois véhicules et plus - en chaîne,,,,,,,,,,,1,2,6,1.0,4.0
201700008766,0017-06-02 19:00:00,17,6,2,19,0,130,28,FONTSAINTE (AVENUE DE),43.18963,5.64951,Plein jour,Hors agglomération,Hors intersection,Normale,Deux véhicules - arrière,,,,,,,,,,,1,1,1,1.0,2.0
201700008767,0017-06-13 22:00:00,17,6,13,22,0,130,28,MICHELET (BOULEVARD JULE,43.17656,5.6026,Nuit avec éclairage allumé,En agglomération,Hors intersection,Normale,Deux véhicules - frontale,,,,,,,,,,,5,2,1,1.0,1.0
201700008768,0017-06-21 09:15:00,17,6,21,9,15,130,28,76 Av Emile Ripert,43.18963,5.61686,Plein jour,En agglomération,Hors intersection,Normale,Deux véhicules - côté,,,,,,,,,,,1,2,1,1.0,3.0
201700008769,0017-06-22 23:15:00,17,6,22,23,15,130,28,BODIN (AVENUE EMILE),43.19438,5.59988,Nuit sans éclairage public,En agglomération,Intersection en X,Normale,Deux véhicules - côté,,,,,,,,,,,3,2,2,1.0,3.0
201700008770,0017-06-24 16:15:00,17,6,24,16,15,130,28,"1022, GASSION AVENUE FE",43.18575,5.60775,Plein jour,En agglomération,Intersection en X,Normale,Deux véhicules - côté,,,,,,,,,,,1,2,2,1.0,3.0
201700008771,0017-07-03 12:00:00,17,7,3,12,0,130,28,2244-2982 Av Emile Bodin,43.20388,5.58831,Plein jour,Hors agglomération,Hors intersection,Normale,Trois véhicules et plus - en chaîne,,,,,,,,,,,1,1,1,1.0,4.0
201700008772,0017-07-07 09:45:00,17,7,7,9,45,130,28,"174, LAVAUX (BOULEVARD D",43.19129,5.62774,Plein jour,En agglomération,Hors intersection,Normale,Deux véhicules - côté,,,,,,,,,,,1,2,1,1.0,3.0
201700008773,0017-07-14 02:00:00,17,7,14,2,0,130,28,"414, GASSION (AVENUE FER",43.18476,5.60704,Nuit avec éclairage allumé,En agglomération,Hors intersection,Normale,Deux véhicules - arrière,,,,,,,,,,,5,2,1,1.0,2.0
201700008774,0017-07-15 00:45:00,17,7,15,0,45,130,28,AVENUE DE  LA GARE,43.19821,5.63279,Nuit avec éclairage allumé,En agglomération,Intersection en T,Normale,Deux véhicules - côté,,,,,,,,,,,5,2,3,1.0,3.0
201700008775,0017-07-14 22:20:00,17,7,14,22,20,130,28,ROOSEVELT (AVENUE FRANKL,43.18571,5.62044,Nuit avec éclairage allumé,En agglomération,Hors intersection,Normale,Deux véhicules - arrière,,,,,,,,,,,5,2,1,1.0,2.0
201700008776,0017-07-15 21:00:00,17,7,15,21,0,130,28,"151, ROOSEVELT (AVENUE F",43.18383,5.6168,Plein jour,En agglomération,Hors intersection,Normale,Trois véhicules et plus - collisions multiples,,,,,,,,,,,1,2,1,1.0,5.0
201700008777,0017-07-12 17:00:00,17,7,12,17,0,130,28,SERPOLET (AVENUE DU),43.20024,5.59425,Plein jour,En agglomération,Giratoire,Normale,Deux véhicules - arrière,,,,,,,,,,,1,2,6,1.0,2.0
201700008778,0017-07-18 14:25:00,17,7,18,14,25,130,28,Rond-point de la locomot,43.19183,5.60501,Plein jour,En agglomération,Giratoire,Normale,Deux véhicules - arrière,,,,,,,,,,,1,2,6,1.0,2.0
201700008779,0017-07-24 18:40:00,17,7,24,18,40,130,28,Bd Anatole France,43.17673,5.61076,Plein jour,En agglomération,Intersection en T,Normale,Sans collision,,,,,,,,,,,1,2,3,1.0,7.0
201700008780,0017-08-03 07:52:00,17,8,3,7,52,130,28,"1225, AVENUE MIREILLE",43.18957,5.62887,Plein jour,En agglomération,Hors intersection,Normale,Autre collision,,,,,,,,,,,1,2,1,1.0,6.0
201700008781,0017-08-07 14:30:00,17,8,7,14,30,130,28,FONTSAINTE (AVENUE DE),43.18927,5.63462,Plein jour,En agglomération,Hors intersection,Normale,Trois véhicules et plus - en chaîne,,,,,,,,,,,1,2,1,1.0,4.0
201700008782,0017-08-14 15:50:00,17,8,14,15,50,130,28,BELLON (AVENUE ANDRE),43.18887,5.62876,Plein jour,En agglomération,Intersection en T,Normale,Deux véhicules - côté,,,,,,,,,,,1,2,3,1.0,3.0
201700008783,0017-08-30 22:20:00,17,8,30,22,20,130,28,"339, WILSON (AVENUE PRES",43.18112,5.61306,Nuit avec éclairage allumé,En agglomération,Hors intersection,Normale,Deux véhicules - côté,,,,,,,,,,,5,2,1,1.0,3.0
201700008784,0017-08-28 20:00:00,17,8,28,20,0,130,28,SEVERIERS (CHEMIN DES),43.19899,5.61666,Plein jour,En agglomération,Giratoire,Normale,Deux véhicules - arrière,,,,,,,,,,,1,2,6,1.0,2.0
201700008785,0017-09-03 15:40:00,17,9,3,15,40,130,28,GASSION (AVENUE FERNAND,43.18414,5.60649,Plein jour,En agglomération,Autre intersection,Normale,Deux véhicules - arrière,,,,,,,,,,,1,2,9,1.0,2.0
201700008786,0017-09-03 18:30:00,17,9,3,18,30,130,28,BODIN (AVENUE EMILE),43.20239,5.58909,Plein jour,Hors agglomération,Hors intersection,Normale,Deux véhicules - côté,,,,,,,,,,,1,1,1,1.0,3.0
201700008787,0017-09-01 16:00:00,17,9,1,16,0,130,28,"751, BODIN (AVENUE EMILE",43.19145,5.60232,Plein jour,En agglomération,Hors intersection,Normale,Deux véhicules - côté,,,,,,,,,,,1,2,1,1.0,3.0
201700008788,0017-09-27 20:30:00,17,9,27,20,30,130,28,BODIN (AVENUE EMILE),43.1861,5.60746,Nuit avec éclairage allumé,En agglomération,Intersection en X,Normale,Deux véhicules - côté,,,,,,,,,,,5,2,2,1.0,3.0
201700008789,0017-10-18 20:10:00,17,10,18,20,10,130,28,CYTHARISTA (AVENUE),43.19821,5.6328,Nuit avec éclairage allumé,En agglomération,Intersection en X,Normale,Deux véhicules - côté,,,,,,,,,,,5,2,2,1.0,3.0
201700008790,0017-10-20 17:50:00,17,10,20,17,50,130,28,"NS, CYTHARISTA (AVENUE)",43.19273,5.63504,Plein jour,En agglomération,Intersection en X,Normale,Deux véhicules - côté,,,,,,,,,,,1,2,2,1.0,3.0
201700008791,0017-10-28 10:45:00,17,10,28,10,45,130,28,Av Guillaume Dulac,43.19512,5.61182,Plein jour,En agglomération,Hors intersection,Normale,Autre collision,,,,,,,,,,,1,2,1,1.0,6.0
201700008792,0017-10-30 17:00:00,17,10,30,17,0,130,28,26 Av Jules Ferry,43.18354,5.6019,Plein jour,En agglomération,Hors intersection,Normale,Deux véhicules - côté,,,,,,,,,,,1,2,1,1.0,3.0
201700008793,0017-11-18 14:00:00,17,11,18,14,0,130,28,"152, MIREILLE (IMPASSE)",43.18993,5.63616,Plein jour,En agglomération,Hors intersection,Normale,Deux véhicules - arrière,,,,,,,,,,,1,2,1,1.0,2.0
201700008794,0017-12-12 14:30:00,17,12,12,14,30,130,28,3933 Ch du Puits de Brun,43.18961,5.60343,Plein jour,En agglomération,Hors intersection,Normale,Autre collision,,,,,,,,,,,1,2,1,1.0,6.0
201700008795,0017-12-25 18:30:00,17,12,25,18,30,130,63,9 Bd Théodore Aubanel,43.58818,4.99767,Nuit avec éclairage allumé,En agglomération,Hors intersection,Normale,Autre collision,,,,,,,,,,,5,2,1,1.0,6.0
201700008796,0017-12-31 16:00:00,17,12,31,16,0,130,47,FOS (ROUTE DE) - RN 569,43.48942,4.96995,Plein jour,Hors agglomération,Hors intersection,Normale,Sans collision,,,,,,,,,,,1,1,1,1.0,7.0
201700008797,0017-02-03 02:50:00,17,2,3,2,50,130,47,RD 569,,,Nuit sans éclairage public,Hors agglomération,Hors intersection,Normale,Autre collision,,,,,,,,,,,3,1,1,1.0,6.0
201700008798,0017-04-19 07:00:00,17,4,19,7,0,130,47,RN 569,,,Plein jour,Hors agglomération,Hors intersection,Normale,Deux véhicules - frontale,,,,,,,,,,,1,1,1,1.0,1.0
201700008799,0017-06-14 16:50:00,17,6,14,16,50,130,47,"1256, SAINT CHAMAS ROUTE",,,Plein jour,Hors agglomération,Hors intersection,Normale,Deux véhicules - frontale,,,,,,,,,,,1,1,1,1.0,1.0
201700008800,0017-07-02 04:50:00,17,7,2,4,50,130,47,RD 5,,,Nuit sans éclairage public,Hors agglomération,Hors intersection,Normale,Autre collision,,,,,,,,,,,3,1,1,1.0,6.0
201700008801,0017-06-17 21:00:00,17,6,17,21,0,130,63,ANCIENS COMBATTANTS AVEN,,,Crépuscule ou aube,En agglomération,Hors intersection,Normale,Trois véhicules et plus - collisions multiples,,,,,,,,,,,2,2,1,1.0,5.0
201700008802,0017-06-14 17:00:00,17,6,14,17,0,130,47,94 Route de St Chamas,43.5518,5.01146,Plein jour,Hors agglomération,Hors intersection,Normale,Deux véhicules - frontale,,,,,,,,,,,1,1,1,1.0,1.0
201700008803,0017-08-17 22:35:00,17,8,17,22,35,130,47,D.5,43.59951,4.93555,Nuit sans éclairage public,Hors agglomération,Intersection en X,Normale,Deux véhicules - côté,,,,,,,,,,,3,1,2,1.0,3.0
201700008804,0017-08-14 05:25:00,17,8,14,5,25,130,47,RN 1569,43.59296,4.96589,Nuit sans éclairage public,Hors agglomération,Hors intersection,Normale,Deux véhicules - frontale,,,,,,,,,,,3,1,1,1.0,1.0
201700008805,0017-05-01 14:00:00,17,5,1,14,0,130,63,RN 1569 LA TRANSHUMANCE,43.57522,4.983,Plein jour,Hors agglomération,Hors intersection,Normale,Deux véhicules - frontale,,,,,,,,,,,1,1,1,1.0,1.0
201700008806,0017-05-17 08:10:00,17,5,17,8,10,130,63,CALAMEAU CHEMIN DE,43.58308,4.99468,Plein jour,En agglomération,Intersection en T,Normale,Deux véhicules - côté,,,,,,,,,,,1,2,3,1.0,3.0
201700008807,0017-05-23 11:00:00,17,5,23,11,0,130,47,RN 1569,43.59884,4.99317,Plein jour,Hors agglomération,Hors intersection,Normale,Trois véhicules et plus - en chaîne,,,,,,,,,,,1,1,1,1.0,4.0
201700008808,0017-11-05 10:00:00,17,11,5,10,0,130,47,"1101, CD16 (LE DELA)",43.3347,5.058,Plein jour,Hors agglomération,Hors intersection,Pluie légère,Trois véhicules et plus - collisions multiples,,,,,,,,,,,1,1,1,2.0,5.0
201700008809,0017-01-03 18:00:00,17,1,3,18,0,130,43,"02, RICAUD  AVENUE JULES",43.39528,5.23038,Crépuscule ou aube,En agglomération,Hors intersection,Normale,Deux véhicules - arrière,,,,,,,,,,,2,2,1,1.0,2.0
201700008810,0017-01-16 15:30:00,17,1,16,15,30,130,54,JAURES  AVE JEAN,43.41561,5.21511,Plein jour,En agglomération,Hors intersection,Normale,Autre collision,,,,,,,,,,,1,2,1,1.0,6.0
201700008811,0017-02-03 10:00:00,17,2,3,10,0,130,54,CD9,43.40151,5.20087,Plein jour,En agglomération,Hors intersection,Temps couvert,Deux véhicules - frontale,,,,,,,,,,,1,2,1,8.0,1.0
201700008812,0017-02-10 13:25:00,17,2,10,13,25,130,54,SAINT EXUPERY  ???,,,Plein jour,En agglomération,Hors intersection,Normale,Deux véhicules - frontale,,,,,,,,,,,1,2,1,1.0,1.0
201700008813,0017-02-10 17:40:00,17,2,10,17,40,130,43,"1, PRES  AVENUE DES",43.38679,5.22224,Plein jour,En agglomération,Autre intersection,Normale,Deux véhicules - arrière,,,,,,,,,,,1,2,9,1.0,2.0
201700008814,0017-02-14 19:20:00,17,2,14,19,20,130,54,ADER 5RUE CLEMENT),43.42419,5.21353,Nuit avec éclairage allumé,En agglomération,Hors intersection,Normale,Deux véhicules - côté,,,,,,,,,,,5,2,1,1.0,3.0
201700008815,0017-02-15 16:45:00,17,2,15,16,45,130,102,6 Rue Maurice Nogues,43.42046,5.23367,Plein jour,En agglomération,Hors intersection,Normale,Deux véhicules - arrière,,,,,,,,,,,1,2,1,1.0,2.0
201700008816,0017-02-17 14:58:00,17,2,17,14,58,130,54,MARTIGUES  RTE DE,,,Plein jour,Hors agglomération,Hors intersection,Normale,Trois véhicules et plus - en chaîne,,,,,,,,,,,1,1,1,1.0,4.0
201700008817,0017-02-24 17:20:00,17,2,24,17,20,130,54,49 Avenue Marius Ruinat,43.41477,5.20739,Plein jour,En agglomération,Intersection en X,Normale,Deux véhicules - côté,,,,,,,,,,,1,2,2,1.0,3.0
201700008818,0017-03-01 17:30:00,17,3,1,17,30,130,43,MITTERAND  AV. FRANCOIS,,,Plein jour,Hors agglomération,Hors intersection,Normale,Deux véhicules - arrière,,,,,,,,,,,1,1,1,1.0,2.0
201700008819,0017-03-03 15:30:00,17,3,3,15,30,130,43,RICAUD  AVENUE JULES,43.395,5.23064,Plein jour,En agglomération,Intersection en X,Normale,Deux véhicules - côté,,,,,,,,,,,1,2,2,1.0,3.0
201700008820,0017-03-06 07:00:00,17,3,6,7,0,130,43,"1362, FRANCOIS MITTERAND",43.39781,5.25535,Crépuscule ou aube,En agglomération,Hors intersection,Pluie légère,Trois véhicules et plus - collisions multiples,,,,,,,,,,,2,2,1,2.0,5.0
201700008821,0017-03-14 12:50:00,17,3,14,12,50,130,54,"3, COMBATTANT A.F.N.",43.41133,5.21901,Plein jour,En agglomération,Hors intersection,Normale,Deux véhicules - côté,,,,,,,,,,,1,2,1,1.0,3.0
201700008822,0017-03-19 05:40:00,17,3,19,5,40,130,54,Avenue du 8 Mai 1945,43.41121,5.21088,Nuit avec éclairage allumé,En agglomération,Giratoire,Normale,Deux véhicules - côté,,,,,,,,,,,5,2,6,1.0,3.0
201700008823,0017-03-25 18:30:00,17,3,25,18,30,130,54,Av du Général de Gaulle,,,Plein jour,En agglomération,Hors intersection,Normale,Trois véhicules et plus - en chaîne,,,,,,,,,,,1,2,1,1.0,4.0
201700008824,0017-03-27 09:45:00,17,3,27,9,45,130,54,CD9,,,Plein jour,En agglomération,Hors intersection,Normale,Deux véhicules - frontale,,,,,,,,,,,1,2,1,1.0,1.0
201700008825,0017-03-29 11:30:00,17,3,29,11,30,130,54,Marius Ruinat,,,Plein jour,En agglomération,Hors intersection,Normale,Deux véhicules - arrière,,,,,,,,,,,1,2,1,1.0,2.0
201700008826,0017-03-29 12:40:00,17,3,29,12,40,130,102,"99, RAUMARTIN  AVENUE DU",43.4127,5.25317,Plein jour,En agglomération,Hors intersection,Normale,Deux véhicules - frontale,,,,,,,,,,,1,2,1,1.0,1.0
201700008827,0017-03-31 18:00:00,17,3,31,18,0,130,43,"493, MITTERAND  AV. FRAN",43.3965,5.24502,Plein jour,En agglomération,Hors intersection,Normale,Trois véhicules et plus - en chaîne,,,,,,,,,,,1,2,1,1.0,4.0
201700008828,0017-01-01 05:31:00,17,1,1,5,31,130,55,"235, LIBERATION (BOULEVA",43.30278,5.39661,Nuit avec éclairage allumé,En agglomération,Intersection en X,Normale,Autre collision,,,,,,,,,,,5,2,2,1.0,6.0
201700008829,0017-01-01 05:30:00,17,1,1,5,30,130,55,"200, SAINTE MARGUERITE (",43.26481,5.40936,Nuit avec éclairage allumé,En agglomération,Intersection en X,Normale,Deux véhicules - côté,,,,,,,,,,,5,2,2,1.0,3.0
201700008830,0017-01-01 13:00:00,17,1,1,13,0,130,55,"92, COMTESSE (BOULEVARD*",43.31768,5.44733,Plein jour,En agglomération,Hors intersection,Normale,Trois véhicules et plus - collisions multiples,,,,,,,,,,,1,2,1,1.0,5.0
201700008831,0017-01-01 23:10:00,17,1,1,23,10,130,55,"83, LIBERATION (BOULEVAR",43.30044,5.38943,Nuit avec éclairage allumé,En agglomération,Hors intersection,Normale,Sans collision,,,,,,,,,,,5,2,1,1.0,7.0
201700008832,0017-01-02 10:40:00,17,1,2,10,40,130,55,"349, PRADO (AVENUE DU) *",43.2702,5.3882,Plein jour,Hors agglomération,Hors intersection,Normale,Autre collision,,,,,,,,,,,1,1,1,1.0,6.0
201700008833,0017-01-03 09:50:00,17,1,3,9,50,130,55,"163, LUMINY (AVENUE DE)",43.23487,5.43798,Plein jour,En agglomération,Hors intersection,Normale,Deux véhicules - côté,,,,,,,,,,,1,2,1,1.0,3.0
201700008834,0017-01-03 10:20:00,17,1,3,10,20,130,55,"172, AYGALADES (AVENUE D",43.34583,5.36615,Plein jour,En agglomération,Intersection en T,Normale,Autre collision,,,,,,,,,,,1,2,3,1.0,6.0
201700008835,0017-01-03 11:21:00,17,1,3,11,21,130,55,"126, SAINT LOUP (BOULEVA",43.28296,5.43277,Plein jour,En agglomération,Hors intersection,Normale,Autre collision,,,,,,,,,,,1,2,1,1.0,6.0
201700008836,0017-01-03 10:15:00,17,1,3,10,15,130,55,"122, Louis VILLECROZE (B",43.32234,5.39229,Plein jour,Hors agglomération,Hors intersection,Normale,Deux véhicules - côté,,,,,,,,,,,1,1,1,1.0,3.0
201700008837,0017-01-03 21:10:00,17,1,3,21,10,130,55,JEAN PAUL SARTRE µAVENUE,43.32779,5.42727,Nuit avec éclairage allumé,En agglomération,Hors intersection,Normale,Trois véhicules et plus - collisions multiples,,,,,,,,,,,5,2,1,1.0,5.0
201700008838,0017-01-04 08:40:00,17,1,4,8,40,130,55,"401, TALABOT (AVENUE)",43.26988,5.37134,Plein jour,En agglomération,Hors intersection,Normale,Deux véhicules - arrière,,,,,,,,,,,1,2,1,1.0,2.0
201700008839,0017-01-04 16:05:00,17,1,4,16,5,130,55,SALVADOR ALLENDE (RUE),43.32988,5.40193,Plein jour,En agglomération,Hors intersection,Normale,Trois véhicules et plus - en chaîne,,,,,,,,,,,1,2,1,1.0,4.0
201700008840,0017-01-01 05:30:00,17,1,1,5,30,130,55,"50, MADRAGUE VILLE (CHEM",43.32419,5.36276,Nuit avec éclairage allumé,En agglomération,Hors intersection,Normale,Autre collision,,,,,,,,,,,5,2,1,1.0,6.0
201700008841,0017-01-05 13:40:00,17,1,5,13,40,130,55,"51, FRAIS VALLON (AVENUE",43.32384,5.43696,Plein jour,En agglomération,Hors intersection,Normale,Autre collision,,,,,,,,,,,1,2,1,1.0,6.0
201700008842,0017-01-05 17:30:00,17,1,5,17,30,130,55,"00, PEINTRES ROUX (AVENU",43.2983,5.4788,Nuit avec éclairage allumé,En agglomération,Hors intersection,Normale,Deux véhicules - arrière,,,,,,,,,,,5,2,1,1.0,2.0
201700008843,0017-01-05 12:05:00,17,1,5,12,5,130,55,"171, SAINT PIERRE (RUE)",43.29217,5.39532,Plein jour,En agglomération,Hors intersection,Normale,Sans collision,,,,,,,,,,,1,2,1,1.0,7.0
201700008844,0017-01-06 11:10:00,17,1,6,11,10,130,55,AVE FLORIAN,43.2819,5.42748,Plein jour,En agglomération,Hors intersection,Normale,Deux véhicules - côté,,,,,,,,,,,1,2,1,1.0,3.0
201700008845,0017-01-06 14:16:00,17,1,6,14,16,130,55,"1, LEON LACHAMP (ROUTE)",43.24545,5.42892,Plein jour,En agglomération,Hors intersection,Normale,Deux véhicules - arrière,,,,,,,,,,,1,2,1,1.0,2.0
201700008846,0017-01-06 16:50:00,17,1,6,16,50,130,55,"00, LEON LACHAMP (ROUTE)",43.24982,5.44641,Plein jour,Hors agglomération,Hors intersection,Normale,Sans collision,,,,,,,,,,,1,1,1,1.0,7.0
201700008847,0017-01-07 05:30:00,17,1,7,5,30,130,55,MERIME*,43.32823,5.39787,Nuit avec éclairage allumé,En agglomération,Giratoire,Normale,Autre collision,,,,,,,,,,,5,2,6,1.0,6.0
201700008848,0017-12-26 03:30:00,17,12,26,3,30,130,55,"9, GARIBALDI (BOULEVARD)",43.29693,5.3812,Nuit avec éclairage allumé,En agglomération,Intersection en T,Pluie légère,Deux véhicules - côté,,,,,,,,,,,5,2,3,2.0,3.0
201700008849,0017-01-07 05:30:00,17,1,7,5,30,130,55,"00, BERNEX (RUE)    IMPA",43.30064,5.38836,Nuit avec éclairage non allumé,En agglomération,Intersection en T,Normale,Deux véhicules - côté,,,,,,,,,,,4,2,3,1.0,3.0
201700008850,0017-01-07 16:35:00,17,1,7,16,35,130,55,"6, POMPIDOU (PROMENADE)",43.26767,5.37197,Plein jour,En agglomération,Intersection en T,Normale,Deux véhicules - côté,,,,,,,,,,,1,2,3,1.0,3.0
201700008851,0017-01-07 16:15:00,17,1,7,16,15,130,55,"58, SAINT MENET (MONTEE)",43.2936,5.49363,Plein jour,En agglomération,Hors intersection,Normale,Deux véhicules - arrière,,,,,,,,,,,1,2,1,1.0,2.0
201700008852,0017-01-07 12:45:00,17,1,7,12,45,130,55,"70, GRAND (RUE)",43.33662,5.45211,Plein jour,En agglomération,Hors intersection,Normale,Deux véhicules - frontale,,,,,,,,,,,1,2,1,1.0,1.0
201700008853,0017-01-08 11:00:00,17,1,8,11,0,130,55,"26, SIMON BOLIVAR (BOULE",43.34266,5.37793,Plein jour,En agglomération,Hors intersection,Normale,Deux véhicules - côté,,,,,,,,,,,1,2,1,1.0,3.0
201700008854,0017-01-08 21:50:00,17,1,8,21,50,130,55,"1, GAROUTTE (BOULEVARD)",43.30451,5.41301,Nuit avec éclairage allumé,En agglomération,Hors intersection,Normale,Deux véhicules - côté,,,,,,,,,,,5,2,1,1.0,3.0
201700008855,0017-01-01 15:40:00,17,1,1,15,40,130,55,"10, DEVILLIERS (RUE)",43.29882,5.39088,Plein jour,En agglomération,Hors intersection,Normale,Autre collision,,,,,,,,,,,1,2,1,1.0,6.0
201700008856,0017-01-04 08:20:00,17,1,4,8,20,130,55,"00, CORSE (AVENUE DE LA)",43.28932,5.36314,Plein jour,En agglomération,Hors intersection,Normale,Deux véhicules - frontale,,,,,,,,,,,1,2,1,1.0,1.0
201700008857,0017-01-09 09:00:00,17,1,9,9,0,130,55,"00, GAFFAREL RUE",43.34913,5.35821,Plein jour,En agglomération,Intersection en X,Normale,Deux véhicules - arrière,,,,,,,,,,,1,2,2,1.0,2.0
201700008858,0017-01-09 14:45:00,17,1,9,14,45,130,2,JEAN GIONO (AVENUE),43.33267,5.48391,Plein jour,En agglomération,Hors intersection,Normale,Sans collision,,,,,,,,,,,1,2,1,1.0,7.0
201700008859,0017-01-09 14:30:00,17,1,9,14,30,130,55,"58, JEAN LOMBARD (AVENUE",43.28891,5.43034,Plein jour,En agglomération,Intersection en T,Normale,Autre collision,,,,,,,,,,,1,2,3,1.0,6.0
201700008860,0017-01-10 08:30:00,17,1,10,8,30,130,55,186Bl SAINTE MARGUERITE,43.26503,5.40909,Plein jour,En agglomération,Hors intersection,Normale,Deux véhicules - arrière,,,,,,,,,,,1,2,1,1.0,2.0