accident_id,datetime,annee,mois,jour,heure,minute,departement,commune_insee,adresse,latitude,longitude,luminosite,agglomeration,intersection,meteo,collision,nb_vehicules,nb_usagers,nb_indemnes,nb_tues,nb_blesses_hosp,nb_blesses_legers,age_cond_1,age_cond_2,veh_type_cond_1,veh_type_cond_2,lum_code,agg_code,int_code,atm_code,col_code
201700008861,0017-01-10 12:00:00,17,1,10,12,0,130,55,"317, CORNICHE KENNEDY",43.27466,5.36063,Plein jour,En agglomération,Hors intersection,Pluie légère,Deux véhicules - côté,,,,,,,,,,,1,2,1,2.0,3.0
201700008862,0017-01-10 17:30:00,17,1,10,17,30,130,55,"00, LEONARD COMBE (BOULE",43.24705,5.4308,Nuit avec éclairage allumé,En agglomération,Hors intersection,Pluie légère,Deux véhicules - arrière,,,,,,,,,,,5,2,1,2.0,2.0
201700008863,0017-01-10 13:00:00,17,1,10,13,0,130,55,"105bis, ROME (RUE DE)",43.29082,5.38107,Plein jour,En agglomération,Intersection en X,Pluie légère,Autre collision,,,,,,,,,,,1,2,2,2.0,6.0
201700008864,0017-01-10 22:30:00,17,1,10,22,30,130,55,"06, SAINTE BARBE (RUE)",43.30041,5.37448,Nuit avec éclairage allumé,En agglomération,Hors intersection,Normale,Autre collision,,,,,,,,,,,5,2,1,1.0,6.0
201700008865,0017-01-11 03:30:00,17,1,11,3,30,130,55,"00, COMMANDANT ROLLAND",43.26596,5.37297,Nuit avec éclairage allumé,En agglomération,Intersection en T,Normale,Deux véhicules - côté,,,,,,,,,,,5,2,3,1.0,3.0
201700008866,0017-01-09 21:00:00,17,1,9,21,0,130,55,"25, SAINT BAZILE (RUE)",43.29999,5.38363,Nuit avec éclairage allumé,En agglomération,Hors intersection,Normale,Autre collision,,,,,,,,,,,5,2,1,1.0,6.0
201700008867,0017-01-11 08:00:00,17,1,11,8,0,130,55,"79, REDON (BOULEVARD DU)",43.25416,5.42082,Plein jour,En agglomération,Intersection en T,Normale,Deux véhicules - frontale,,,,,,,,,,,1,2,3,1.0,1.0
201700008868,0017-01-11 19:15:00,17,1,11,19,15,130,55,"38, MAZARADE (BOULEVARD)",43.31502,5.4298,Nuit avec éclairage allumé,En agglomération,Intersection en T,Normale,Deux véhicules - côté,,,,,,,,,,,5,2,3,1.0,3.0
201700008869,0017-01-12 09:35:00,17,1,12,9,35,130,55,"20, ROY D'ESPAGNE (CHEMI",43.24274,5.39681,Plein jour,En agglomération,Hors intersection,Normale,Deux véhicules - arrière,,,,,,,,,,,1,2,1,1.0,2.0
201700008870,0017-01-12 10:35:00,17,1,12,10,35,130,2,"685, GENERAL MONTSABERT",43.35578,5.48687,Plein jour,En agglomération,Hors intersection,Normale,Autre collision,,,,,,,,,,,1,2,1,1.0,6.0
201700008871,0017-01-11 16:30:00,17,1,11,16,30,130,55,"119, PARADIS (RUE)",43.2885,5.37886,Plein jour,Hors agglomération,Hors intersection,Normale,Autre collision,,,,,,,,,,,1,1,1,1.0,6.0
201700008872,0017-01-12 13:00:00,17,1,12,13,0,130,55,"00, DE FORESTA (ROND-POI",43.3657,5.35472,Plein jour,En agglomération,Hors intersection,Normale,Deux véhicules - côté,,,,,,,,,,,1,2,1,1.0,3.0
201700008873,0017-01-12 16:10:00,17,1,12,16,10,130,55,"00, Georges CHARPAK (rue",43.34429,5.44335,Plein jour,En agglomération,Intersection en X,Normale,Deux véhicules - côté,,,,,,,,,,,1,2,2,1.0,3.0
201700008874,0017-01-12 17:35:00,17,1,12,17,35,130,55,"167, SAINT LOUP (BOULEVA",43.28463,5.43716,Crépuscule ou aube,En agglomération,Hors intersection,Normale,Deux véhicules - côté,,,,,,,,,,,2,2,1,1.0,3.0
201700008875,0017-01-12 19:35:00,17,1,12,19,35,130,55,"39, MONTREDON (AVENUE DE",43.24414,5.37141,Nuit avec éclairage allumé,En agglomération,Intersection en T,Normale,Deux véhicules - côté,,,,,,,,,,,5,2,3,1.0,3.0
201700008876,0017-01-12 20:40:00,17,1,12,20,40,130,55,"261, CAPELETTE (AVENUE D",43.27927,5.4116,Nuit avec éclairage allumé,En agglomération,Intersection en T,Normale,Deux véhicules - côté,,,,,,,,,,,5,2,3,1.0,3.0
201700008877,0017-01-12 21:00:00,17,1,12,21,0,130,55,"1, MICHELET (BOULEVARD)",43.27225,5.3914,Nuit avec éclairage allumé,En agglomération,Hors intersection,Normale,Autre collision,,,,,,,,,,,5,2,1,1.0,6.0
201700008878,0017-01-13 06:48:00,17,1,13,6,48,130,55,"71, AUGUSTIN AUBERT *RUE",43.26595,5.40329,Nuit avec éclairage allumé,En agglomération,Hors intersection,Normale,Deux véhicules - côté,,,,,,,,,,,5,2,1,1.0,3.0
201700008879,0017-01-13 09:15:00,17,1,13,9,15,130,55,"74, MAZARGUES (AVENUE DE",43.26771,5.38923,Plein jour,En agglomération,Hors intersection,Normale,Deux véhicules - côté,,,,,,,,,,,1,2,1,1.0,3.0
201700008880,0017-01-13 10:45:00,17,1,13,10,45,130,55,"5, LAZER (BOULEVARD)",43.2809,5.40137,Plein jour,En agglomération,Intersection en T,Normale,Deux véhicules - arrière,,,,,,,,,,,1,2,3,1.0,2.0
201700008881,0017-01-02 19:45:00,17,1,2,19,45,130,55,"142, VISTE (AVENUE DE LA",43.36729,5.35729,Nuit avec éclairage allumé,En agglomération,Autre intersection,Normale,Deux véhicules - côté,,,,,,,,,,,5,2,9,1.0,3.0
201700008882,0017-01-10 10:38:00,17,1,10,10,38,130,55,"60, BAILLE (BOULEVARD)",43.28719,5.38872,Plein jour,En agglomération,Hors intersection,Normale,Trois véhicules et plus - collisions multiples,,,,,,,,,,,1,2,1,1.0,5.0
201700008883,0017-01-13 12:34:00,17,1,13,12,34,130,55,"130, SAINTE MARGUERITE *",43.26725,5.40791,Plein jour,En agglomération,Hors intersection,Normale,Deux véhicules - côté,,,,,,,,,,,1,2,1,1.0,3.0
201700008884,0017-01-13 12:45:00,17,1,13,12,45,130,55,SAINTE MARTHE (AVENUE DE,43.31727,5.38994,Plein jour,En agglomération,Intersection à plus de 4 branches,Normale,Deux véhicules - côté,,,,,,,,,,,1,2,5,1.0,3.0
201700008885,0017-01-13 16:30:00,17,1,13,16,30,130,55,"156, FRAIS VALLON *AVENU",43.32467,5.43513,Plein jour,En agglomération,Hors intersection,Normale,Autre collision,,,,,,,,,,,1,2,1,1.0,6.0
201700008886,0017-01-13 13:00:00,17,1,13,13,0,130,55,"108, ROGER SALENGRO**",43.31394,5.37096,Plein jour,En agglomération,Hors intersection,Normale,Autre collision,,,,,,,,,,,1,2,1,1.0,6.0
201700008887,0017-01-13 22:00:00,17,1,13,22,0,130,55,"23, BD MAURICE*BOURDET",43.30313,5.37908,Nuit avec éclairage allumé,En agglomération,Hors intersection,Normale,Deux véhicules - côté,,,,,,,,,,,5,2,1,1.0,3.0
201700008888,0017-01-14 02:30:00,17,1,14,2,30,130,55,"23, BLANCARDE *BOULEVARD",43.30273,5.39819,Nuit avec éclairage allumé,En agglomération,Intersection en T,Normale,Deux véhicules - côté,,,,,,,,,,,5,2,3,1.0,3.0
201700008889,0017-01-14 10:45:00,17,1,14,10,45,130,55,110-118 Av des Olives,43.32705,5.43694,Plein jour,En agglomération,Hors intersection,Normale,Deux véhicules - frontale,,,,,,,,,,,1,2,1,1.0,1.0
201700008890,0017-01-13 18:15:00,17,1,13,18,15,130,55,"03, SAINT THYS *AVENUE)",43.28115,5.43963,Nuit avec éclairage allumé,En agglomération,Hors intersection,Vent fort / tempête,Autre collision,,,,,,,,,,,5,2,1,6.0,6.0
201700008891,0017-01-04 07:50:00,17,1,4,7,50,130,55,"70, GOUFFE (COURS)",43.28518,5.39107,Plein jour,En agglomération,Hors intersection,Normale,Deux véhicules - côté,,,,,,,,,,,1,2,1,1.0,3.0
201700008892,0017-01-14 16:00:00,17,1,14,16,0,130,55,"53, FRANOIS MIGNET *AVE",43.33211,5.42915,Plein jour,En agglomération,Hors intersection,Normale,Autre collision,,,,,,,,,,,1,2,1,1.0,6.0
201700008893,0017-01-15 02:20:00,17,1,15,2,20,130,55,"198, BRETEUIL (RUE)",43.28136,5.37852,Nuit avec éclairage allumé,En agglomération,Intersection en T,Normale,Deux véhicules - côté,,,,,,,,,,,5,2,3,1.0,3.0
201700008894,0017-01-15 02:20:00,17,1,15,2,20,130,55,"78, RTE D' ALLAUCH",43.30922,5.50049,Nuit avec éclairage allumé,En agglomération,Hors intersection,Normale,Autre collision,,,,,,,,,,,5,2,1,1.0,6.0
201700008895,0017-01-14 18:30:00,17,1,14,18,30,130,55,"82, CAMILLE PELLETAN *AV",43.30709,5.37374,Nuit avec éclairage allumé,En agglomération,Hors intersection,Normale,Autre collision,,,,,,,,,,,5,2,1,1.0,6.0
201700008896,0017-01-15 12:20:00,17,1,15,12,20,130,55,"108, LE CHATELIER",43.34689,5.36776,Plein jour,En agglomération,Hors intersection,Normale,Deux véhicules - frontale,,,,,,,,,,,1,2,1,1.0,1.0
201700008897,0017-01-12 12:00:00,17,1,12,12,0,130,55,"69, JEAN JAURES (PLACE)",43.2947,5.38568,Plein jour,En agglomération,Hors intersection,Normale,Autre collision,,,,,,,,,,,1,2,1,1.0,6.0
201700008898,0017-01-15 13:50:00,17,1,15,13,50,130,55,"324, SAINT ANTOINE *AVEN",43.3767,5.35635,Plein jour,En agglomération,Hors intersection,Normale,Deux véhicules - côté,,,,,,,,,,,1,2,1,1.0,3.0
201700008899,0017-01-15 14:30:00,17,1,15,14,30,130,55,"454, LYON *RUE DE)",43.34123,5.36062,Plein jour,En agglomération,Hors intersection,Normale,Autre collision,,,,,,,,,,,1,2,1,1.0,6.0
201700008900,0017-01-15 17:45:00,17,1,15,17,45,130,55,"48, SAINT FERREOL *RUE)",43.29363,5.37822,Nuit avec éclairage allumé,En agglomération,Hors intersection,Normale,Autre collision,,,,,,,,,,,5,2,1,1.0,6.0
201700008901,0017-01-15 18:30:00,17,1,15,18,30,130,55,"FACE AU 39, SCHLOESING *",43.27384,5.40032,Crépuscule ou aube,En agglomération,Hors intersection,Normale,Deux véhicules - côté,,,,,,,,,,,2,2,1,1.0,3.0
201700008902,0017-01-15 22:00:00,17,1,15,22,0,130,55,LE CHATELIER,43.34886,5.37251,Nuit avec éclairage allumé,En agglomération,Hors intersection,Normale,Sans collision,,,,,,,,,,,5,2,1,1.0,7.0
201700008903,0017-01-16 08:00:00,17,1,16,8,0,130,55,"18, CAMOINS (AVENUE DES)",43.30656,5.50997,Plein jour,En agglomération,Hors intersection,Normale,Autre collision,,,,,,,,,,,1,2,1,1.0,6.0
201700008904,0017-01-16 08:10:00,17,1,16,8,10,130,55,"13, JEAN RAMEAU *RUE*",43.30664,5.41822,Plein jour,En agglomération,Hors intersection,Normale,Autre collision,,,,,,,,,,,1,2,1,1.0,6.0
201700008905,0017-01-16 09:00:00,17,1,16,9,0,130,55,JONCS (BOULEVARD DES,43.24729,5.38256,Plein jour,En agglomération,Intersection en X,Normale,Autre collision,,,,,,,,,,,1,2,2,1.0,6.0
201700008906,0017-01-16 09:00:00,17,1,16,9,0,130,55,"194, PAUL CLAUDEL *BOULE",43.26798,5.41767,Plein jour,En agglomération,Hors intersection,Normale,Deux véhicules - côté,,,,,,,,,,,1,2,1,1.0,3.0
201700008907,0017-01-15 21:00:00,17,1,15,21,0,130,55,"78, ARENC *QUAI D')",43.3098,5.36865,Nuit avec éclairage allumé,En agglomération,Hors intersection,Normale,Deux véhicules - côté,,,,,,,,,,,5,2,1,1.0,3.0
201700008908,0017-01-03 18:35:00,17,1,3,18,35,130,55,"75, CORNICHE KENNEDY",43.28932,5.35481,Plein jour,En agglomération,Hors intersection,Normale,Trois véhicules et plus - en chaîne,,,,,,,,,,,1,2,1,1.0,4.0
201700008909,0017-01-16 13:15:00,17,1,16,13,15,130,55,"128, SAINT LOUP (BOULEVA",43.28332,5.43364,Plein jour,En agglomération,Hors intersection,Normale,Deux véhicules - côté,,,,,,,,,,,1,2,1,1.0,3.0
201700008910,0017-01-11 09:40:00,17,1,11,9,40,130,55,"1, BELGES (QUAI DES)",43.29508,5.37449,Plein jour,En agglomération,Hors intersection,Normale,Autre collision,,,,,,,,,,,1,2,1,1.0,6.0
201700008911,0017-01-16 16:20:00,17,1,16,16,20,130,55,"118, MARECHAL JUIN (BOUL",43.30747,5.40178,Crépuscule ou aube,En agglomération,Hors intersection,Normale,Sans collision,,,,,,,,,,,2,2,1,1.0,7.0
201700008912,0017-01-16 18:50:00,17,1,16,18,50,130,55,"39, MARECHAL FOCH (AVENU",43.30253,5.3969,Nuit avec éclairage allumé,En agglomération,Hors intersection,Normale,Autre collision,,,,,,,,,,,5,2,1,1.0,6.0
201700008913,0017-01-16 17:50:00,17,1,16,17,50,130,55,"529, MADRAGUE VILLE (RUE",43.34658,5.35502,Crépuscule ou aube,En agglomération,Hors intersection,Normale,Autre collision,,,,,,,,,,,2,2,1,1.0,6.0
201700008914,0017-01-16 23:20:00,17,1,16,23,20,130,55,**LUMINY (AVENUE DE),43.23568,5.43604,Nuit avec éclairage allumé,En agglomération,Hors intersection,Normale,Autre collision,,,,,,,,,,,5,2,1,1.0,6.0
201700008915,0017-01-17 07:15:00,17,1,17,7,15,130,55,"00, JULIEN (COURS) Nø1",43.2956,5.38257,Nuit avec éclairage allumé,En agglomération,Intersection en X,Normale,Deux véhicules - côté,,,,,,,,,,,5,2,2,1.0,3.0
201700008916,0017-01-17 08:00:00,17,1,17,8,0,130,55,"2, NOEL COLL (AVENUE)",43.28478,5.44245,Plein jour,En agglomération,Intersection en T,Normale,Deux véhicules - côté,,,,,,,,,,,1,2,3,1.0,3.0
201700008917,0017-01-17 10:20:00,17,1,17,10,20,130,55,"185, PEINTRES ROUX (AVEN",43.30019,5.47717,Plein jour,En agglomération,Hors intersection,Normale,Deux véhicules - arrière,,,,,,,,,,,1,2,1,1.0,2.0
201700008918,0017-01-12 12:00:00,17,1,12,12,0,130,55,"3, CORINTHE (AVENUE DE)",43.28437,5.39055,Plein jour,En agglomération,Hors intersection,Normale,Deux véhicules - côté,,,,,,,,,,,1,2,1,1.0,3.0
201700008919,0017-01-17 13:30:00,17,1,17,13,30,130,55,"2, LeON MEISSEREL (RUE)",43.30461,5.41852,Plein jour,Hors agglomération,Hors intersection,Normale,Autre collision,,,,,,,,,,,1,1,1,1.0,6.0
201700008920,0017-01-17 12:45:00,17,1,17,12,45,130,55,ALBERT EINSTEIN *RUE*,43.33331,5.43074,Plein jour,En agglomération,Intersection en X,Normale,Deux véhicules - côté,,,,,,,,,,,1,2,2,1.0,3.0
201700008921,0017-01-17 21:30:00,17,1,17,21,30,130,55,"31, MAILLANE (BOULEVARD",43.27775,5.3953,Nuit avec éclairage allumé,En agglomération,Hors intersection,Normale,Sans collision,,,,,,,,,,,5,2,1,1.0,7.0
201700008922,0017-01-17 22:20:00,17,1,17,22,20,130,55,"00, RODOCANACHI (BOULEVA",43.27459,5.38682,Nuit avec éclairage allumé,En agglomération,Intersection en T,Normale,Deux véhicules - côté,,,,,,,,,,,5,2,3,1.0,3.0
201700008923,0017-01-04 17:45:00,17,1,4,17,45,130,55,"11-17 , CHAUVELIN",43.28754,5.39012,Nuit avec éclairage allumé,En agglomération,Hors intersection,Normale,Autre collision,,,,,,,,,,,5,2,1,1.0,6.0
201700008924,0017-01-04 17:40:00,17,1,4,17,40,130,55,"00, ROUET (RUE DU)",43.28417,5.38559,Nuit avec éclairage allumé,En agglomération,Hors intersection,Normale,Deux véhicules - côté,,,,,,,,,,,5,2,1,1.0,3.0
201700008925,0017-01-18 18:30:00,17,1,18,18,30,130,2,"602, 7 RMENT DE TIRAILLE",43.33809,5.474,Nuit avec éclairage allumé,En agglomération,Intersection en X,Normale,Deux véhicules - côté,,,,,,,,,,,5,2,2,1.0,3.0
201700008926,0017-01-19 07:40:00,17,1,19,7,40,130,55,"40, AUPHAN (RUE)",43.3169,5.37673,Crépuscule ou aube,En agglomération,Hors intersection,Normale,Autre collision,,,,,,,,,,,2,2,1,1.0,6.0
201700008927,0017-01-19 07:50:00,17,1,19,7,50,130,55,"79, ROSE (AVENUE DE LA)",43.32645,5.42147,Plein jour,En agglomération,Intersection en X,Normale,Deux véhicules - frontale,,,,,,,,,,,1,2,2,1.0,1.0
201700008928,0017-01-19 09:45:00,17,1,19,9,45,130,55,RABATAU (BOULEVARD),43.28224,5.39955,Plein jour,En agglomération,Hors intersection,Normale,Deux véhicules - côté,,,,,,,,,,,1,2,1,1.0,3.0
201700008929,0017-01-19 14:55:00,17,1,19,14,55,130,55,"42, LOUIS MAZAUDIER (RUE",43.31204,5.41906,Plein jour,En agglomération,Intersection en X,Normale,Deux véhicules - côté,,,,,,,,,,,1,2,2,1.0,3.0
201700008930,0017-01-19 20:25:00,17,1,19,20,25,130,55,"102, JULES CANTINI",43.28164,5.39157,Nuit avec éclairage allumé,En agglomération,Hors intersection,Normale,Autre collision,,,,,,,,,,,5,2,1,1.0,6.0
201700008931,0017-01-20 08:15:00,17,1,20,8,15,130,55,"2, HAIFA*(AVENUE)",43.25377,5.39378,Plein jour,En agglomération,Hors intersection,Normale,Autre collision,,,,,,,,,,,1,2,1,1.0,6.0
201700008932,0017-01-20 08:30:00,17,1,20,8,30,130,55,"32, SABLIERE (ROUTE)",43.29333,5.47973,Plein jour,En agglomération,Hors intersection,Normale,Autre collision,,,,,,,,,,,1,2,1,1.0,6.0
201700008933,0017-01-20 09:10:00,17,1,20,9,10,130,55,"FACE 55, OLIVES (AVENUE",43.32842,5.43334,Plein jour,En agglomération,Hors intersection,Normale,Autre collision,,,,,,,,,,,1,2,1,1.0,6.0
201700008934,0017-01-20 09:50:00,17,1,20,9,50,130,55,"1, SAINT ANTOINE (AVENUE",43.3657,5.35682,Plein jour,En agglomération,Intersection en T,Normale,Autre collision,,,,,,,,,,,1,2,3,1.0,6.0
201700008935,0017-01-20 13:10:00,17,1,20,13,10,130,55,"495, PRADO*(AVENUE DU)",43.26555,5.38056,Plein jour,En agglomération,Hors intersection,Normale,Deux véhicules - côté,,,,,,,,,,,1,2,1,1.0,3.0
201700008936,0017-01-20 16:20:00,17,1,20,16,20,130,55,"35, STRASBOURG (BOULEVAR",43.30786,5.37634,Plein jour,En agglomération,Autre intersection,Normale,Deux véhicules - côté,,,,,,,,,,,1,2,9,1.0,3.0
201700008937,0017-01-20 17:45:00,17,1,20,17,45,130,55,"280, MICHELET (BOULEVARD",43.25953,5.39863,Nuit avec éclairage non allumé,En agglomération,Hors intersection,Normale,Deux véhicules - arrière,,,,,,,,,,,4,2,1,1.0,2.0
201700008938,0017-01-20 19:50:00,17,1,20,19,50,130,55,"1, MAURIAC (RUE)",43.27921,5.41711,Nuit avec éclairage allumé,En agglomération,Hors intersection,Pluie légère,Autre collision,,,,,,,,,,,5,2,1,2.0,6.0
201700008939,0017-01-20 20:30:00,17,1,20,20,30,130,55,"84, PARIS (BOULEVARD DE)",43.30907,5.37065,Nuit avec éclairage allumé,Hors agglomération,Hors intersection,Normale,Deux véhicules - côté,,,,,,,,,,,5,1,1,1.0,3.0
201700008940,0017-01-20 15:30:00,17,1,20,15,30,130,75,"7, JEAN-BAPTISTE MICHEL",43.34095,5.45737,Plein jour,En agglomération,Intersection en Y,Normale,Deux véhicules - côté,,,,,,,,,,,1,2,4,1.0,3.0
201700008941,0017-01-21 09:50:00,17,1,21,9,50,130,55,"00, BUREL (BOULEVARD ET",43.31481,5.38779,Plein jour,En agglomération,Place,Normale,Autre collision,,,,,,,,,,,1,2,7,1.0,6.0
201700008942,0017-01-21 15:35:00,17,1,21,15,35,130,55,JEAN PAUL SARTRE (AVENUE,43.32428,5.42107,Plein jour,Hors agglomération,Hors intersection,Normale,Deux véhicules - arrière,,,,,,,,,,,1,1,1,1.0,2.0
201700008943,0017-01-21 19:00:00,17,1,21,19,0,130,55,"1, CAP PINEDE *Avenue)",43.32756,5.36155,Nuit sans éclairage public,En agglomération,Hors intersection,Normale,Sans collision,,,,,,,,,,,3,2,1,1.0,7.0
201700008944,0017-01-22 13:55:00,17,1,22,13,55,130,55,"30, SCHLOESING *BOULEVAR",43.27312,5.40062,Plein jour,En agglomération,Hors intersection,Normale,Autre collision,,,,,,,,,,,1,2,1,1.0,6.0
201700008945,0017-01-22 13:35:00,17,1,22,13,35,130,55,"100, LOUBON*(RUE)",43.31254,5.38193,Plein jour,En agglomération,Hors intersection,Normale,Deux véhicules - côté,,,,,,,,,,,1,2,1,1.0,3.0
201700008946,0017-01-10 19:50:00,17,1,10,19,50,130,55,"0, MARECHAL FOCH (AVENUE",43.29893,5.40227,Crépuscule ou aube,En agglomération,Hors intersection,Normale,Deux véhicules - côté,,,,,,,,,,,2,2,1,1.0,3.0
201700008947,0017-01-04 13:55:00,17,1,4,13,55,130,55,"71, TOULON (AVENUE DE)",43.28501,5.38952,Plein jour,En agglomération,Hors intersection,Normale,Autre collision,,,,,,,,,,,1,2,1,1.0,6.0
201700008948,0017-01-22 19:30:00,17,1,22,19,30,130,55,"44, JEAN JAURES *PLACE*",43.2942,5.38572,Nuit avec éclairage allumé,En agglomération,Hors intersection,Pluie légère,Autre collision,,,,,,,,,,,5,2,1,2.0,6.0
201700008949,0017-01-23 08:00:00,17,1,23,8,0,130,55,"213, CHARTREUX *AVENUE D",43.31085,5.40073,Plein jour,En agglomération,Hors intersection,Pluie légère,Deux véhicules - côté,,,,,,,,,,,1,2,1,2.0,3.0
201700008950,0017-11-30 12:15:00,17,11,30,12,15,130,55,LODI (RUE DE),43.28913,5.38744,Plein jour,En agglomération,Intersection en X,Normale,Deux véhicules - côté,,,,,,,,,,,1,2,2,1.0,3.0
201700008951,0017-01-23 13:50:00,17,1,23,13,50,130,55,BERTHE SYLVA (RUE),43.3262,5.42072,Plein jour,En agglomération,Giratoire,Normale,Deux véhicules - arrière,,,,,,,,,,,1,2,6,1.0,2.0
201700008952,0017-01-23 14:50:00,17,1,23,14,50,130,55,"250, MADRAGUE VILLE *RUE",43.33272,5.35881,Plein jour,En agglomération,Hors intersection,Normale,Deux véhicules - arrière,,,,,,,,,,,1,2,1,1.0,2.0
201700008953,0017-01-23 19:35:00,17,1,23,19,35,130,55,CAPELETTE (AVENUE DE LA),43.28365,5.39969,Crépuscule ou aube,En agglomération,Intersection en T,Normale,Deux véhicules - côté,,,,,,,,,,,2,2,3,1.0,3.0
201700008954,0017-01-23 12:00:00,17,1,23,12,0,130,55,"00, ST JOSEPH A STE MART",43.33999,5.38819,Plein jour,En agglomération,Intersection en Y,Normale,Deux véhicules - côté,,,,,,,,,,,1,2,4,1.0,3.0
201700008955,0017-01-23 10:35:00,17,1,23,10,35,130,55,"204, BAILLE (BOULEVARD)",43.28914,5.39599,Plein jour,En agglomération,Hors intersection,Pluie légère,Deux véhicules - côté,,,,,,,,,,,1,2,1,2.0,3.0
201700008956,0017-01-24 07:35:00,17,1,24,7,35,130,55,"62, CALLELONGUE (RUE)",43.25639,5.39011,Crépuscule ou aube,En agglomération,Intersection en T,Normale,Deux véhicules - côté,,,,,,,,,,,2,2,3,1.0,3.0
201700008957,0017-01-24 09:25:00,17,1,24,9,25,130,55,"76, DAMES (BOULEVARD DES",43.30257,5.36907,Plein jour,Hors agglomération,Intersection en X,Normale,Autre collision,,,,,,,,,,,1,1,2,1.0,6.0
201700008958,0017-01-24 08:30:00,17,1,24,8,30,130,55,SALVADOR ALLENDE (RUE),43.32995,5.39331,Plein jour,En agglomération,Hors intersection,Normale,Sans collision,,,,,,,,,,,1,2,1,1.0,7.0
201700008959,0017-01-24 10:30:00,17,1,24,10,30,130,55,"101, VAUBAN *BOULEVARD",43.28267,5.37422,Plein jour,En agglomération,Hors intersection,Normale,Autre collision,,,,,,,,,,,1,2,1,1.0,6.0
201700008960,0017-01-24 10:45:00,17,1,24,10,45,130,55,"18, SAINT MENET (MONTEE)",43.28945,5.49627,Plein jour,En agglomération,Hors intersection,Normale,Deux véhicules - arrière,,,,,,,,,,,1,2,1,1.0,2.0
201700008961,0017-01-24 08:50:00,17,1,24,8,50,130,55,"1, FRDRIC MISTRAL (AVE",43.32345,5.44926,Plein jour,En agglomération,Hors intersection,Normale,Deux véhicules - côté,,,,,,,,,,,1,2,1,1.0,3.0
201700008962,0017-01-24 17:30:00,17,1,24,17,30,130,55,"28, CAMILLE PELLETAN *AV",43.30344,5.37391,Plein jour,En agglomération,Hors intersection,Normale,Autre collision,,,,,,,,,,,1,2,1,1.0,6.0
201700008963,0017-01-24 17:15:00,17,1,24,17,15,130,55,"16, CONDORCET *RUE)",43.35633,5.34444,Crépuscule ou aube,En agglomération,Hors intersection,Normale,Deux véhicules - arrière,,,,,,,,,,,2,2,1,1.0,2.0
201700008964,0017-01-24 16:43:00,17,1,24,16,43,130,55,"200, VALBARELLE BOULEVA",43.2886,5.45479,Plein jour,En agglomération,Intersection en T,Normale,Deux véhicules - frontale,,,,,,,,,,,1,2,3,1.0,1.0
201700008965,0017-01-24 17:00:00,17,1,24,17,0,130,55,"36, AVE FLORIAN",43.28386,5.42718,Plein jour,En agglomération,Hors intersection,Normale,Deux véhicules - côté,,,,,,,,,,,1,2,1,1.0,3.0
201700008966,0017-01-24 18:15:00,17,1,24,18,15,130,55,SAINT ANTOINE A SAINT JO,43.36989,5.36082,Nuit avec éclairage allumé,En agglomération,Hors intersection,Normale,Trois véhicules et plus - collisions multiples,,,,,,,,,,,5,2,1,1.0,5.0
201700008967,0017-01-24 17:45:00,17,1,24,17,45,130,55,"276, PRADO (AVENUE DU)",43.27398,5.39039,Nuit avec éclairage allumé,En agglomération,Hors intersection,Normale,Deux véhicules - côté,,,,,,,,,,,5,2,1,1.0,3.0
201700008968,0017-01-24 21:40:00,17,1,24,21,40,130,55,"20, LOUIS REGE (RUE)",43.28135,5.39052,Nuit avec éclairage allumé,En agglomération,Hors intersection,Normale,Autre collision,,,,,,,,,,,5,2,1,1.0,6.0
201700008969,0017-01-24 18:40:00,17,1,24,18,40,130,55,"751, MAZARGUES *AVENUE D",43.24864,5.39805,Nuit avec éclairage allumé,En agglomération,Hors intersection,Normale,Deux véhicules - côté,,,,,,,,,,,5,2,1,1.0,3.0
201700008970,0017-01-23 18:30:00,17,1,23,18,30,130,55,"3, CROIX ROUGE (AVENUE)",43.33241,5.43502,Nuit avec éclairage allumé,En agglomération,Hors intersection,Normale,Trois véhicules et plus - collisions multiples,,,,,,,,,,,5,2,1,1.0,5.0
201700008971,0017-01-13 16:10:00,17,1,13,16,10,130,55,TROIS FRERES *RUE D,43.29339,5.3865,Plein jour,En agglomération,Intersection en X,Normale,Deux véhicules - côté,,,,,,,,,,,1,2,2,1.0,3.0
201700008972,0017-01-21 10:00:00,17,1,21,10,0,130,55,"28, LACEDEMONE *RUE",43.28258,5.37699,Plein jour,En agglomération,Hors intersection,Normale,Autre collision,,,,,,,,,,,1,2,1,1.0,6.0
201700008973,0017-01-25 15:20:00,17,1,25,15,20,130,55,"132, CHARTREUX  AVENUE D",43.30719,5.39986,Plein jour,En agglomération,Hors intersection,Pluie légère,Autre collision,,,,,,,,,,,1,2,1,2.0,6.0
201700008974,0017-01-25 16:45:00,17,1,25,16,45,130,55,"53, CAPITAINE GEZE",43.33123,5.37371,Crépuscule ou aube,En agglomération,Hors intersection,Normale,Deux véhicules - côté,,,,,,,,,,,2,2,1,1.0,3.0
201700008975,0017-01-19 09:50:00,17,1,19,9,50,130,55,"41, CORSE *AVENUE DE LA*",43.28916,5.36267,Plein jour,En agglomération,Hors intersection,Normale,Deux véhicules - côté,,,,,,,,,,,1,2,1,1.0,3.0
201700008976,0017-01-26 07:30:00,17,1,26,7,30,130,55,"78, COROT *AVENUE)",43.32281,5.40647,Crépuscule ou aube,En agglomération,Hors intersection,Pluie légère,Autre collision,,,,,,,,,,,2,2,1,2.0,6.0
201700008977,0017-01-26 07:43:00,17,1,26,7,43,130,55,"200, VALBARELLE (BOULEVA",43.28858,5.45466,Plein jour,En agglomération,Hors intersection,Pluie légère,Deux véhicules - frontale,,,,,,,,,,,1,2,1,2.0,1.0