accident_id,datetime,annee,mois,jour,heure,minute,departement,commune_insee,adresse,latitude,longitude,luminosite,agglomeration,intersection,meteo,collision,nb_vehicules,nb_usagers,nb_indemnes,nb_tues,nb_blesses_hosp,nb_blesses_legers,age_cond_1,age_cond_2,veh_type_cond_1,veh_type_cond_2,lum_code,agg_code,int_code,atm_code,col_code
201700008978,0017-01-25 07:45:00,17,1,25,7,45,130,55,"50, MADRAGUE VILLE (RUE)",43.3216,5.36492,Plein jour,En agglomération,Hors intersection,Normale,Deux véhicules - frontale,,,,,,,,,,,1,2,1,1.0,1.0
201700008979,0017-01-26 08:45:00,17,1,26,8,45,130,55,"158, SAINTE MARGUERITE (",43.26597,5.40851,Plein jour,En agglomération,Hors intersection,Pluie légère,Deux véhicules - côté,,,,,,,,,,,1,2,1,2.0,3.0
201700008980,0017-01-26 17:18:00,17,1,26,17,18,130,75,"103, FREDERIC MISTRAL (A",43.35106,5.4717,Nuit avec éclairage allumé,Hors agglomération,Hors intersection,Pluie forte,Autre collision,,,,,,,,,,,5,1,1,3.0,6.0
201700008981,0017-01-26 18:00:00,17,1,26,18,0,130,55,"41, CHATEAU GOMBERT CHEM",43.33576,5.42078,Nuit avec éclairage allumé,En agglomération,Hors intersection,Pluie légère,Autre collision,,,,,,,,,,,5,2,1,2.0,6.0
201700008982,0017-01-27 14:20:00,17,1,27,14,20,130,55,LYON (RUE DE),43.34148,5.36035,Plein jour,En agglomération,Intersection en T,Normale,Autre collision,,,,,,,,,,,1,2,3,1.0,6.0
201700008983,0017-01-23 12:00:00,17,1,23,12,0,130,55,"2, CHARLES LIVON (BOULEV",43.29178,5.35651,Plein jour,En agglomération,Intersection en T,Normale,Deux véhicules - côté,,,,,,,,,,,1,2,3,1.0,3.0
201700008984,0017-01-28 12:30:00,17,1,28,12,30,130,55,"79, BESSONS (CHEMIN DES)",43.34628,5.39198,Plein jour,En agglomération,Hors intersection,Normale,Autre collision,,,,,,,,,,,1,2,1,1.0,6.0
201700008985,0017-01-28 15:00:00,17,1,28,15,0,130,55,LA MARTINE (TRAVERSE),43.30163,5.4596,Plein jour,En agglomération,Hors intersection,Normale,Autre collision,,,,,,,,,,,1,2,1,1.0,6.0
201700008986,0017-01-28 18:15:00,17,1,28,18,15,130,55,"7, LIEUTAUD (COURS)",43.29514,5.38177,Crépuscule ou aube,En agglomération,Hors intersection,Normale,Autre collision,,,,,,,,,,,2,2,1,1.0,6.0
201700008987,0017-01-28 18:40:00,17,1,28,18,40,130,55,67 Boulevard Camille Fla,43.30598,5.39356,Nuit avec éclairage allumé,En agglomération,Autre intersection,Normale,Autre collision,,,,,,,,,,,5,2,9,1.0,6.0
201700008988,0017-01-28 21:30:00,17,1,28,21,30,130,106,"97, 8 MAI 1945 (AVENUE D",43.39325,5.36449,Nuit avec éclairage allumé,En agglomération,Hors intersection,Normale,Autre collision,,,,,,,,,,,5,2,1,1.0,6.0
201700008989,0017-11-07 18:20:00,17,11,7,18,20,130,55,"279, Corniche John Fitzg",43.2701,5.36488,Nuit avec éclairage allumé,En agglomération,Hors intersection,Normale,Autre collision,,,,,,,,,,,5,2,1,1.0,6.0
201700008990,0017-01-29 21:20:00,17,1,29,21,20,130,55,"00, PLOMBIERES (BOULEVAR",43.31848,5.37956,Nuit avec éclairage allumé,En agglomération,Intersection en X,Normale,Deux véhicules - côté,,,,,,,,,,,5,2,2,1.0,3.0
201700008991,0017-01-30 08:00:00,17,1,30,8,0,130,55,CHARLES LIVON86-88,43.29201,5.35847,Plein jour,En agglomération,Hors intersection,Normale,Deux véhicules - arrière,,,,,,,,,,,1,2,1,1.0,2.0
201700008992,0017-01-30 06:55:00,17,1,30,6,55,130,55,"50, MAURIAC (RUE)",43.27594,5.41743,Nuit avec éclairage allumé,En agglomération,Intersection en X,Normale,Autre collision,,,,,,,,,,,5,2,2,1.0,6.0
201700008993,0017-01-30 13:10:00,17,1,30,13,10,130,55,"00, WILLIAM BOOTH (AVENU",43.29342,5.43982,Plein jour,En agglomération,Intersection en T,Normale,Deux véhicules - côté,,,,,,,,,,,1,2,3,1.0,3.0
201700008994,0017-01-30 15:30:00,17,1,30,15,30,130,55,"366, POILUS*(AVENUE DES)",43.31589,5.46128,Plein jour,En agglomération,Hors intersection,Normale,Deux véhicules - côté,,,,,,,,,,,1,2,1,1.0,3.0
201700008995,0017-01-30 16:40:00,17,1,30,16,40,130,55,"00, RAIBAUD (RUE)",43.28028,5.39919,Crépuscule ou aube,En agglomération,Hors intersection,Normale,Autre collision,,,,,,,,,,,2,2,1,1.0,6.0
201700008996,0017-01-30 19:15:00,17,1,30,19,15,130,55,"32, SABLIERE (ROUTE DE L",43.2937,5.47992,Nuit avec éclairage allumé,En agglomération,Hors intersection,Normale,Autre collision,,,,,,,,,,,5,2,1,1.0,6.0
201700008997,0017-01-30 21:00:00,17,1,30,21,0,130,55,"39, CORSE (AVENUE DE LA)",43.28919,5.36284,Nuit avec éclairage allumé,En agglomération,Hors intersection,Normale,Autre collision,,,,,,,,,,,5,2,1,1.0,6.0
201700008998,0017-01-30 20:57:00,17,1,30,20,57,130,55,"2, VALBARELLE (BOULEVARD",43.28583,5.4426,Nuit avec éclairage allumé,En agglomération,Intersection en X,Normale,Deux véhicules - côté,,,,,,,,,,,5,2,2,1.0,3.0
201700008999,0017-01-31 08:45:00,17,1,31,8,45,130,55,"71, CAMILLE PELLETAN",43.3058,5.37324,Plein jour,En agglomération,Hors intersection,Normale,Sans collision,,,,,,,,,,,1,2,1,1.0,7.0
201700009000,0017-01-12 14:15:00,17,1,12,14,15,130,2,PROVENCE (AVENUE DE),43.32728,5.48223,Plein jour,En agglomération,Intersection en T,Normale,Autre collision,,,,,,,,,,,1,2,3,1.0,6.0
201700009001,0017-01-31 15:00:00,17,1,31,15,0,130,55,"22, JEAN MOULIN (BOULEVA",43.2904,5.39983,Plein jour,En agglomération,Intersection en T,Normale,Deux véhicules - arrière,,,,,,,,,,,1,2,3,1.0,2.0
201700009002,0017-01-31 17:00:00,17,1,31,17,0,130,55,"114, CORDERIE *BOULEVARD",43.28997,5.36712,Plein jour,En agglomération,Hors intersection,Normale,Autre collision,,,,,,,,,,,1,2,1,1.0,6.0
201700009003,0017-01-31 18:00:00,17,1,31,18,0,130,55,"00, CARGO RHIN FIDELI (R",43.32699,5.35824,Nuit avec éclairage allumé,Hors agglomération,Hors intersection,Normale,Deux véhicules - côté,,,,,,,,,,,5,1,1,1.0,3.0
201700009004,0017-01-31 21:40:00,17,1,31,21,40,130,55,"225, LYON *RUE DE*",43.33299,5.36421,Nuit avec éclairage allumé,En agglomération,Hors intersection,Normale,Sans collision,,,,,,,,,,,5,2,1,1.0,7.0
201700009005,0017-02-01 07:30:00,17,2,1,7,30,130,55,ARENC (QUAI D'),43.31119,5.36736,Plein jour,En agglomération,Hors intersection,Normale,Sans collision,,,,,,,,,,,1,2,1,1.0,7.0
201700009006,0017-02-01 07:00:00,17,2,1,7,0,130,55,168 Av. de Saint-Julien,43.30752,5.42484,Plein jour,En agglomération,Intersection en X,Normale,Deux véhicules - côté,,,,,,,,,,,1,2,2,1.0,3.0
201700009007,0017-02-01 06:15:00,17,2,1,6,15,130,55,ALEX ANSALDI RUE,43.33576,5.39875,Nuit avec éclairage allumé,En agglomération,Intersection en T,Normale,Deux véhicules - frontale,,,,,,,,,,,5,2,3,1.0,1.0
201700009008,0017-02-01 13:40:00,17,2,1,13,40,130,55,"69, BAILLE (BOULEVARD)",43.28733,5.38907,Plein jour,En agglomération,Intersection en X,Normale,Deux véhicules - arrière,,,,,,,,,,,1,2,2,1.0,2.0
201700009009,0017-02-01 14:10:00,17,2,1,14,10,130,55,"30, BARA  (BOULEVARD)",43.35145,5.44057,Plein jour,En agglomération,Intersection en T,Normale,Trois véhicules et plus - collisions multiples,,,,,,,,,,,1,2,3,1.0,5.0
201700009010,0017-02-01 17:00:00,17,2,1,17,0,130,55,LUMINY *AVENUE DE),43.24555,5.43741,Plein jour,En agglomération,Hors intersection,Normale,Deux véhicules - côté,,,,,,,,,,,1,2,1,1.0,3.0
201700009011,0017-02-01 16:00:00,17,2,1,16,0,130,55,"33, RAYMOND TEISSERE*",43.27332,5.39895,Plein jour,En agglomération,Hors intersection,Normale,Deux véhicules - côté,,,,,,,,,,,1,2,1,1.0,3.0
201700009012,0017-02-01 13:06:00,17,2,1,13,6,130,55,"33, BOSPHORE (BOULEVARD",43.37071,5.36384,Plein jour,En agglomération,Hors intersection,Normale,Autre collision,,,,,,,,,,,1,2,1,1.0,6.0
201700009013,0017-02-01 17:30:00,17,2,1,17,30,130,55,SAINT JEAN DU DESERT,43.29771,5.43545,Plein jour,En agglomération,Hors intersection,Normale,Deux véhicules - côté,,,,,,,,,,,1,2,1,1.0,3.0
201700009014,0017-02-01 19:45:00,17,2,1,19,45,130,55,"215, MENDES FRANCE (AVEN",43.25067,5.37545,Nuit avec éclairage allumé,En agglomération,Hors intersection,Normale,Deux véhicules - côté,,,,,,,,,,,5,2,1,1.0,3.0
201700009015,0017-02-02 09:50:00,17,2,2,9,50,130,55,"485,*PRADO (AVENUE DU)",43.26589,5.38106,Plein jour,En agglomération,Hors intersection,Normale,Deux véhicules - côté,,,,,,,,,,,1,2,1,1.0,3.0
201700009016,0017-02-02 07:55:00,17,2,2,7,55,130,55,"35, 24 AVRIL 15 (AVENUE",43.3078,5.42844,Crépuscule ou aube,En agglomération,Hors intersection,Normale,Deux véhicules - côté,,,,,,,,,,,2,2,1,1.0,3.0
201700009017,0017-02-02 19:30:00,17,2,2,19,30,130,55,"06, FORTUN CHAILLAN (RU",43.36389,5.35817,Nuit avec éclairage allumé,En agglomération,Hors intersection,Normale,Deux véhicules - frontale,,,,,,,,,,,5,2,1,1.0,1.0
201700009018,0017-02-02 21:18:00,17,2,2,21,18,130,55,"17, JOSEPH AIGUIER*(CHEM",43.25775,5.40358,Nuit avec éclairage allumé,En agglomération,Hors intersection,Normale,Deux véhicules - arrière,,,,,,,,,,,5,2,1,1.0,2.0
201700009019,0017-02-02 22:00:00,17,2,2,22,0,130,55,"00, ATHENES (BOULEVARD D",43.29985,5.38074,Nuit avec éclairage allumé,En agglomération,Hors intersection,Pluie légère,Deux véhicules - côté,,,,,,,,,,,5,2,1,2.0,3.0
201700009020,0017-02-02 22:10:00,17,2,2,22,10,130,55,"231, MENDES FRANCE",43.24994,5.37536,Nuit avec éclairage allumé,En agglomération,Hors intersection,Pluie légère,Deux véhicules - arrière,,,,,,,,,,,5,2,1,2.0,2.0
201700009021,0017-02-03 00:01:00,17,2,3,0,1,130,55,"22, JEAN MOULIN *BOULEVA",43.28642,5.39915,Nuit avec éclairage allumé,Hors agglomération,Hors intersection,Pluie légère,Deux véhicules - arrière,,,,,,,,,,,5,1,1,2.0,2.0
201700009022,0017-02-02 23:30:00,17,2,2,23,30,130,55,"10, JEAN MOULIN *BOULEVA",43.28993,5.40008,Nuit avec éclairage allumé,En agglomération,Hors intersection,Pluie légère,Deux véhicules - arrière,,,,,,,,,,,5,2,1,2.0,2.0
201700009023,0017-02-03 07:40:00,17,2,3,7,40,130,55,"20, ATHENES *BOULEVARD D",43.30027,5.3807,Plein jour,En agglomération,Intersection en X,Normale,Deux véhicules - côté,,,,,,,,,,,1,2,2,1.0,3.0
201700009024,0017-02-03 15:45:00,17,2,3,15,45,130,55,"503, SAINT PIERRE*(RUE)",43.29102,5.41777,Plein jour,En agglomération,Hors intersection,Pluie légère,Autre collision,,,,,,,,,,,1,2,1,2.0,6.0
201700009025,0017-02-02 19:00:00,17,2,2,19,0,130,55,"31, VAUBAN*(BOULEVARD)",43.28469,5.37651,Crépuscule ou aube,En agglomération,Hors intersection,Normale,Sans collision,,,,,,,,,,,2,2,1,1.0,7.0
201700009026,0017-02-02 12:58:00,17,2,2,12,58,130,55,"54, LYON*(RUE DE)",43.32516,5.36699,Plein jour,En agglomération,Hors intersection,Normale,Deux véhicules - côté,,,,,,,,,,,1,2,1,1.0,3.0
201700009027,0017-02-01 12:20:00,17,2,1,12,20,130,55,"112, HAMBOURG *BOULEVARD",43.25001,5.38933,Plein jour,En agglomération,Hors intersection,Normale,Autre collision,,,,,,,,,,,1,2,1,1.0,6.0
201700009028,0017-02-04 13:34:00,17,2,4,13,34,130,55,"2, SABLIER *BOULEVARD DU",43.25383,5.38204,Plein jour,En agglomération,Hors intersection,Normale,Deux véhicules - côté,,,,,,,,,,,1,2,1,1.0,3.0
201700009029,0017-02-04 17:35:00,17,2,4,17,35,130,55,CAPITAINE GEZE (BOUL,43.32881,5.36573,Crépuscule ou aube,En agglomération,Giratoire,Normale,Deux véhicules - côté,,,,,,,,,,,2,2,6,1.0,3.0
201700009030,0017-02-04 17:30:00,17,2,4,17,30,130,55,"35, MARCEL ACHILLE (BOUL",43.27894,5.42624,Plein jour,En agglomération,Hors intersection,Normale,Deux véhicules - côté,,,,,,,,,,,1,2,1,1.0,3.0
201700009031,0017-02-04 23:15:00,17,2,4,23,15,130,55,"79, LODI (RUE DE)",43.28913,5.38744,Nuit avec éclairage allumé,En agglomération,Intersection en T,Pluie légère,Deux véhicules - frontale,,,,,,,,,,,5,2,3,2.0,1.0
201700009032,0017-02-05 02:10:00,17,2,5,2,10,130,55,"31, VOLTAIRE    IMPAIRS",43.30348,5.38593,Nuit avec éclairage allumé,En agglomération,Intersection en X,Pluie légère,Deux véhicules - côté,,,,,,,,,,,5,2,2,2.0,3.0
201700009033,0017-02-03 16:50:00,17,2,3,16,50,130,55,"20, HAITI (AVENUE D')",43.29726,5.40729,Plein jour,En agglomération,Intersection en T,Pluie légère,Deux véhicules - côté,,,,,,,,,,,1,2,3,2.0,3.0
201700009034,0017-02-04 20:00:00,17,2,4,20,0,130,55,"20, COMMANDANT THOLLON",43.36892,5.35412,Nuit avec éclairage allumé,En agglomération,Hors intersection,Normale,Autre collision,,,,,,,,,,,5,2,1,1.0,6.0
201700009035,0017-02-05 14:20:00,17,2,5,14,20,130,55,"00, GUSTAVE GANAY (BOULE",43.26669,5.40288,Plein jour,En agglomération,Intersection en T,Pluie légère,Deux véhicules - côté,,,,,,,,,,,1,2,3,2.0,3.0
201700009036,0017-02-06 10:50:00,17,2,6,10,50,130,55,CHEMIN DU MERLAN A L,43.33055,5.40973,Plein jour,En agglomération,Hors intersection,Normale,Deux véhicules - côté,,,,,,,,,,,1,2,1,1.0,3.0
201700009037,0017-02-03 12:20:00,17,2,3,12,20,130,55,"48, PEINTRES ROUX (AVENU",43.30355,5.47305,Plein jour,En agglomération,Hors intersection,Normale,Trois véhicules et plus - en chaîne,,,,,,,,,,,1,2,1,1.0,4.0
201700009038,0017-02-06 16:30:00,17,2,6,16,30,130,55,"148, LA MARTINE (TRAVERS",43.30025,5.47529,Plein jour,En agglomération,Hors intersection,Vent fort / tempête,Deux véhicules - côté,,,,,,,,,,,1,2,1,6.0,3.0
201700009039,0017-02-06 16:30:00,17,2,6,16,30,130,55,"30, VALDONNE (AVENUE DE)",43.3272,5.4181,Plein jour,Hors agglomération,Hors intersection,Normale,Autre collision,,,,,,,,,,,1,1,1,1.0,6.0
201700009040,0017-02-06 21:10:00,17,2,6,21,10,130,55,"27, CORDERIE BOULEVARD",43.29041,5.36997,Nuit avec éclairage allumé,En agglomération,Hors intersection,Normale,Trois véhicules et plus - collisions multiples,,,,,,,,,,,5,2,1,1.0,5.0
201700009041,0017-02-07 07:50:00,17,2,7,7,50,130,55,"00, ALBERT EINSTEIN (RUE",43.33361,5.43115,Plein jour,En agglomération,Hors intersection,Normale,Autre collision,,,,,,,,,,,1,2,1,1.0,6.0
201700009042,0017-02-07 07:20:00,17,2,7,7,20,130,55,"11, METRO (BOULEVARD DU)",43.33419,5.42884,Crépuscule ou aube,En agglomération,Hors intersection,Normale,Autre collision,,,,,,,,,,,2,2,1,1.0,6.0
201700009043,0017-02-07 12:00:00,17,2,7,12,0,130,55,"149, DANIEL CASANOVA",43.32644,5.37475,Plein jour,En agglomération,Intersection en T,Normale,Deux véhicules - côté,,,,,,,,,,,1,2,3,1.0,3.0
201700009044,0017-02-07 14:30:00,17,2,7,14,30,130,55,"79, CAPELETTE *AVENUE DE",43.28102,5.40628,Plein jour,En agglomération,Hors intersection,Normale,Autre collision,,,,,,,,,,,1,2,1,1.0,6.0
201700009045,0017-02-07 17:00:00,17,2,7,17,0,130,55,"1, ATHENES (BOULEVARD D'",43.29926,5.38087,Plein jour,En agglomération,Intersection en T,Normale,Deux véhicules - côté,,,,,,,,,,,1,2,3,1.0,3.0
201700009046,0017-02-08 05:08:00,17,2,8,5,8,130,55,"377, LYON*(RUE DE)",43.33943,5.36182,Nuit avec éclairage allumé,En agglomération,Hors intersection,Normale,Deux véhicules - frontale,,,,,,,,,,,5,2,1,1.0,1.0
201700009047,0017-02-08 09:05:00,17,2,8,9,5,130,55,GNRAL LECLERC*(RUE),43.30447,5.37635,Plein jour,En agglomération,Hors intersection,Normale,Deux véhicules - côté,,,,,,,,,,,1,2,1,1.0,3.0
201700009048,0017-02-08 13:11:00,17,2,8,13,11,130,55,"15, RODOCANACHI (BOULEVA",43.27488,5.38871,Plein jour,En agglomération,Autre intersection,Autre,Autre collision,,,,,,,,,,,1,2,9,9.0,6.0
201700009049,0017-02-08 12:30:00,17,2,8,12,30,130,55,"33, PIERRE PUGET",43.29019,5.3752,Plein jour,Hors agglomération,Hors intersection,Normale,Deux véhicules - frontale,,,,,,,,,,,1,1,1,1.0,1.0
201700009050,0017-02-08 12:20:00,17,2,8,12,20,130,55,"69, CORSE (AVENUE DE LA)",43.28911,5.36207,Plein jour,En agglomération,Intersection en X,Pluie légère,Deux véhicules - frontale,,,,,,,,,,,1,2,2,2.0,1.0
201700009051,0017-02-08 21:30:00,17,2,8,21,30,130,55,"00, MICHELET BOULEVARD",43.27037,5.39247,Nuit avec éclairage non allumé,Hors agglomération,Intersection en T,Temps couvert,Deux véhicules - côté,,,,,,,,,,,4,1,3,8.0,3.0
201700009052,0017-02-08 03:00:00,17,2,8,3,0,130,55,"8, JEANNE D'ARC (BOULEVA",43.29412,5.39903,Nuit avec éclairage allumé,En agglomération,Hors intersection,Pluie légère,Sans collision,,,,,,,,,,,5,2,1,2.0,7.0
201700009053,0017-02-08 22:50:00,17,2,8,22,50,130,55,SABLIERE (ROUTE DE LA),43.29199,5.47909,Nuit avec éclairage allumé,En agglomération,Hors intersection,Pluie légère,Autre collision,,,,,,,,,,,5,2,1,2.0,6.0
201700009054,0017-01-30 01:00:00,17,1,30,1,0,130,55,"01, SAINT LOUIS (COURS)",43.29566,5.37827,Nuit avec éclairage allumé,En agglomération,Hors intersection,Normale,Sans collision,,,,,,,,,,,5,2,1,1.0,7.0
201700009055,0017-02-06 16:45:00,17,2,6,16,45,130,55,"49, CAPITAINE GALINAT",43.28618,5.39872,Plein jour,En agglomération,Hors intersection,Normale,Deux véhicules - arrière,,,,,,,,,,,1,2,1,1.0,2.0
201700009056,0017-02-08 08:00:00,17,2,8,8,0,130,55,311 Boulevard Paul Claud,43.27084,5.42489,Plein jour,En agglomération,Hors intersection,Normale,Trois véhicules et plus - collisions multiples,,,,,,,,,,,1,2,1,1.0,5.0
201700009057,0017-02-09 21:20:00,17,2,9,21,20,130,55,"3, PIERRE PUGET*(COURS)",43.2904,5.3771,Nuit sans éclairage public,En agglomération,Hors intersection,Pluie légère,Deux véhicules - côté,,,,,,,,,,,3,2,1,2.0,3.0
201700009058,0017-02-09 22:05:00,17,2,9,22,5,130,55,"15A, ANTOINE MAILLE *RUE",43.28659,5.39276,Nuit avec éclairage allumé,En agglomération,Hors intersection,Pluie légère,Sans collision,,,,,,,,,,,5,2,1,2.0,7.0
201700009059,0017-02-10 00:08:00,17,2,10,0,8,130,55,"17, PIERRE BROSSOLETTE (",43.30664,5.40069,Nuit avec éclairage allumé,En agglomération,Intersection en X,Normale,Deux véhicules - frontale,,,,,,,,,,,5,2,2,1.0,1.0
201700009060,0017-02-02 15:00:00,17,2,2,15,0,130,55,"14, STANISLAS TORRENTS (",43.28779,5.37823,Plein jour,En agglomération,Intersection en X,Normale,Deux véhicules - côté,,,,,,,,,,,1,2,2,1.0,3.0
201700009061,0017-02-09 16:30:00,17,2,9,16,30,130,55,"226, PRADO*(AVENUE DU)",43.2758,5.38977,Plein jour,En agglomération,Hors intersection,Normale,Autre collision,,,,,,,,,,,1,2,1,1.0,6.0
201700009062,0017-02-10 07:20:00,17,2,10,7,20,130,55,"108, JULES CANTINI (AVEN",43.28131,5.39214,Plein jour,En agglomération,Hors intersection,Normale,Deux véhicules - côté,,,,,,,,,,,1,2,1,1.0,3.0
201700009063,0017-02-10 13:15:00,17,2,10,13,15,130,55,"24, SAINT PIERRE (RUE)",43.2935,5.38814,Plein jour,En agglomération,Hors intersection,Normale,Autre collision,,,,,,,,,,,1,2,1,1.0,6.0
201700009064,0017-02-10 18:20:00,17,2,10,18,20,130,55,"145, JEANNE D'ARC (BOULE",43.29265,5.4087,Crépuscule ou aube,En agglomération,Place,Normale,Autre collision,,,,,,,,,,,2,2,7,1.0,6.0
201700009065,0017-02-10 22:25:00,17,2,10,22,25,130,55,"12, BAILLE (BOULEVARD)",43.28639,5.38578,Nuit avec éclairage allumé,En agglomération,Intersection en X,Normale,Deux véhicules - côté,,,,,,,,,,,5,2,2,1.0,3.0
201700009066,0017-02-10 22:45:00,17,2,10,22,45,130,55,"56, LIEUTAUD (COURS)",43.29303,5.38244,Nuit avec éclairage allumé,En agglomération,Hors intersection,Normale,Deux véhicules - arrière,,,,,,,,,,,5,2,1,1.0,2.0
201700009067,0017-02-11 10:35:00,17,2,11,10,35,130,2,"00, ETIENNE CUCCA-CD908",43.36982,5.52918,Plein jour,Hors agglomération,Hors intersection,Temps couvert,Trois véhicules et plus - collisions multiples,,,,,,,,,,,1,1,1,8.0,5.0
201700009068,0017-02-12 16:15:00,17,2,12,16,15,130,55,ORANGE (RUE D'),43.31318,5.38626,Plein jour,En agglomération,Intersection à plus de 4 branches,Normale,Deux véhicules - frontale,,,,,,,,,,,1,2,5,1.0,1.0
201700009069,0017-02-12 17:00:00,17,2,12,17,0,130,55,"360, SAINT ANTOINE (AVEN",43.37881,5.35695,Plein jour,En agglomération,Hors intersection,Normale,Deux véhicules - côté,,,,,,,,,,,1,2,1,1.0,3.0
201700009070,0017-02-09 20:45:00,17,2,9,20,45,130,55,"44, JEAN JAURES*(PLACE)",43.29421,5.38572,Nuit avec éclairage allumé,En agglomération,Hors intersection,Normale,Autre collision,,,,,,,,,,,5,2,1,1.0,6.0
201700009071,0017-02-12 22:30:00,17,2,12,22,30,130,55,"35, SCHLOESING *BOULEVAR",43.27408,5.40017,Nuit avec éclairage allumé,En agglomération,Hors intersection,Normale,Deux véhicules - côté,,,,,,,,,,,5,2,1,1.0,3.0
201700009072,0017-02-13 12:00:00,17,2,13,12,0,130,55,"6, PRADO (AVENUE DU)",43.28536,5.384,Plein jour,En agglomération,Hors intersection,Normale,Autre collision,,,,,,,,,,,1,2,1,1.0,6.0
201700009073,0017-02-13 14:45:00,17,2,13,14,45,130,55,"245, MADRAGUE VILLE (che",43.33307,5.35864,Plein jour,Hors agglomération,Intersection en X,Normale,Deux véhicules - côté,,,,,,,,,,,1,1,2,1.0,3.0
201700009074,0017-02-13 16:40:00,17,2,13,16,40,130,55,"62, GRAND (RUE)",43.33602,5.45156,Plein jour,En agglomération,Hors intersection,Normale,Deux véhicules - arrière,,,,,,,,,,,1,2,1,1.0,2.0
201700009075,0017-02-13 18:50:00,17,2,13,18,50,130,55,"21, AVIATEUR LE BRIX *",43.2621,5.40423,Nuit avec éclairage allumé,En agglomération,Hors intersection,Vent fort / tempête,Deux véhicules - arrière,,,,,,,,,,,5,2,1,6.0,2.0
201700009076,0017-02-12 19:45:00,17,2,12,19,45,130,55,"30, SAINT JUST *AVENUE D",43.31356,5.40253,Nuit avec éclairage allumé,En agglomération,Hors intersection,Normale,Deux véhicules - côté,,,,,,,,,,,5,2,1,1.0,3.0
201700009077,0017-02-13 14:20:00,17,2,13,14,20,130,55,"36, HENRI BARNIER (BOULE",43.37313,5.35246,Plein jour,En agglomération,Hors intersection,Normale,Deux véhicules - arrière,,,,,,,,,,,1,2,1,1.0,2.0
201700009078,0017-02-14 11:05:00,17,2,14,11,5,130,55,"22, HENRI REVOIL (RUE)",43.24634,5.40405,Plein jour,En agglomération,Hors intersection,Normale,Deux véhicules - arrière,,,,,,,,,,,1,2,1,1.0,2.0
201700009079,0017-02-14 13:40:00,17,2,14,13,40,130,55,"6, BOUGE *BOULEVARD",43.32259,5.41259,Plein jour,En agglomération,Hors intersection,Normale,Autre collision,,,,,,,,,,,1,2,1,1.0,6.0
201700009080,0017-02-14 18:00:00,17,2,14,18,0,130,55,"329, MICHELET *BOULEVARD",43.25755,5.4,Crépuscule ou aube,En agglomération,Hors intersection,Normale,Autre collision,,,,,,,,,,,2,2,1,1.0,6.0
201700009081,0017-02-12 19:15:00,17,2,12,19,15,130,55,"00, CAILLOLS (AVENUE DES",43.3039,5.42522,Nuit avec éclairage allumé,En agglomération,Hors intersection,Normale,Deux véhicules - côté,,,,,,,,,,,5,2,1,1.0,3.0
201700009082,0017-02-15 11:50:00,17,2,15,11,50,130,55,"149, ESTAQUE PLAGE",43.35974,5.3162,Plein jour,En agglomération,Hors intersection,Normale,Deux véhicules - frontale,,,,,,,,,,,1,2,1,1.0,1.0
201700009083,0017-02-16 18:50:00,17,2,16,18,50,130,55,SAINT ANTOINE A SAIN,43.37378,5.35582,Plein jour,Hors agglomération,Hors intersection,Normale,Deux véhicules - côté,,,,,,,,,,,1,1,1,1.0,3.0
201700009084,0017-02-13 21:15:00,17,2,13,21,15,130,55,"00, SAINT LOUP (BOULEVAR",43.28256,5.43136,Nuit avec éclairage allumé,En agglomération,Intersection en T,Normale,Deux véhicules - côté,,,,,,,,,,,5,2,3,1.0,3.0
201700009085,0017-02-17 09:00:00,17,2,17,9,0,130,55,RASONGLES*(rue),43.26948,5.39191,Plein jour,En agglomération,Hors intersection,Normale,Autre collision,,,,,,,,,,,1,2,1,1.0,6.0
201700009086,0017-02-17 17:35:00,17,2,17,17,35,130,55,SAINTE (RUE),43.29241,5.37493,Plein jour,En agglomération,Intersection en X,Normale,Trois véhicules et plus - collisions multiples,,,,,,,,,,,1,2,2,1.0,5.0
201700009087,0017-02-17 17:45:00,17,2,17,17,45,130,55,"84, WILLIAM BOOTH",43.29441,5.44243,Crépuscule ou aube,En agglomération,Hors intersection,Normale,Deux véhicules - côté,,,,,,,,,,,2,2,1,1.0,3.0
201700009088,0017-02-17 22:15:00,17,2,17,22,15,130,55,"288, AVENUE MONTOLIVET",43.31594,5.41545,Nuit avec éclairage allumé,En agglomération,Hors intersection,Normale,Autre collision,,,,,,,,,,,5,2,1,1.0,6.0
201700009089,0017-02-18 20:00:00,17,2,18,20,0,130,55,4 Rue des Gardians,43.33374,5.39631,Nuit avec éclairage allumé,En agglomération,Hors intersection,Normale,Autre collision,,,,,,,,,,,5,2,1,1.0,6.0
201700009090,0017-02-13 19:00:00,17,2,13,19,0,130,55,"264, Bld BAILLE",43.28995,5.39894,Nuit avec éclairage allumé,En agglomération,Hors intersection,Normale,Deux véhicules - arrière,,,,,,,,,,,5,2,1,1.0,2.0
201700009091,0017-01-02 14:20:00,17,1,2,14,20,130,55,"110, BAILLE (BOULEVARD)",43.28787,5.39111,Plein jour,En agglomération,Hors intersection,Normale,Deux véhicules - frontale,,,,,,,,,,,1,2,1,1.0,1.0
201700009092,0017-02-19 17:15:00,17,2,19,17,15,130,55,17-21 Prom. du Grand Lar,43.24167,5.36413,Plein jour,En agglomération,Hors intersection,Normale,Deux véhicules - arrière,,,,,,,,,,,1,2,1,1.0,2.0
201700009093,0017-02-18 19:15:00,17,2,18,19,15,130,55,"90, SAINTE MARTHE (AVENU",43.32354,5.38914,Nuit avec éclairage non allumé,En agglomération,Intersection en T,Normale,Deux véhicules - côté,,,,,,,,,,,4,2,3,1.0,3.0
201700009094,0017-02-19 18:00:00,17,2,19,18,0,130,55,"37, ENDOUME (RUE D')",43.28986,5.36629,Crépuscule ou aube,En agglomération,Intersection en X,Normale,Autre collision,,,,,,,,,,,2,2,2,1.0,6.0