accident_id,datetime,annee,mois,jour,heure,minute,departement,commune_insee,adresse,latitude,longitude,luminosite,agglomeration,intersection,meteo,collision,nb_vehicules,nb_usagers,nb_indemnes,nb_tues,nb_blesses_hosp,nb_blesses_legers,age_cond_1,age_cond_2,veh_type_cond_1,veh_type_cond_2,lum_code,agg_code,int_code,atm_code,col_code
201700009095,0017-02-20 06:20:00,17,2,20,6,20,130,55,"201, SAINTE MARGUERITE",43.26481,5.4094,Nuit avec éclairage allumé,En agglomération,Hors intersection,Normale,Deux véhicules - frontale,,,,,,,,,,,5,2,1,1.0,1.0
201700009096,0017-02-20 08:30:00,17,2,20,8,30,130,55,"19, SAINT MENET (AVENUE",43.28946,5.49624,Plein jour,En agglomération,Hors intersection,Temps éblouissant,Deux véhicules - arrière,,,,,,,,,,,1,2,1,7.0,2.0
201700009097,0017-02-20 11:30:00,17,2,20,11,30,130,55,"100, PONT DE VIVAUX *BOU",43.281,5.4223,Plein jour,Hors agglomération,Hors intersection,Normale,Deux véhicules - frontale,,,,,,,,,,,1,1,1,1.0,1.0
201700009098,0017-02-20 19:00:00,17,2,20,19,0,130,55,"166, CLOT BEY*(AVENUE)",43.25582,5.38231,Nuit avec éclairage allumé,En agglomération,Hors intersection,Normale,Deux véhicules - côté,,,,,,,,,,,5,2,1,1.0,3.0
201700009099,0017-01-16 12:30:00,17,1,16,12,30,130,55,"23, NEUF (BOULEVARD)",43.33256,5.43241,Plein jour,En agglomération,Hors intersection,Normale,Autre collision,,,,,,,,,,,1,2,1,1.0,6.0
201700009100,0017-02-03 10:00:00,17,2,3,10,0,130,55,"27,*BELGES (QUAI DES)",43.29483,5.37453,Plein jour,Hors agglomération,Hors intersection,Normale,Deux véhicules - arrière,,,,,,,,,,,1,1,1,1.0,2.0
201700009101,0017-02-18 14:00:00,17,2,18,14,0,130,55,"105, LE CHATELIER",43.34723,5.36883,Plein jour,En agglomération,Hors intersection,Normale,Deux véhicules - frontale,,,,,,,,,,,1,2,1,1.0,1.0
201700009102,0017-02-21 10:05:00,17,2,21,10,5,130,55,LOUVAIN (BOULEVARD ),43.27631,5.39464,Plein jour,En agglomération,Intersection en T,Normale,Deux véhicules - côté,,,,,,,,,,,1,2,3,1.0,3.0
201700009103,0017-02-21 12:10:00,17,2,21,12,10,130,55,"2-6, BARASSE",43.28543,5.48007,Plein jour,En agglomération,Hors intersection,Normale,Deux véhicules - côté,,,,,,,,,,,1,2,1,1.0,3.0
201700009104,0017-02-09 15:30:00,17,2,9,15,30,130,55,"02, MARCEAU (PLACE)",,,Plein jour,Hors agglomération,Place,Normale,Autre collision,,,,,,,,,,,1,1,7,1.0,6.0
201700009105,0017-02-21 16:05:00,17,2,21,16,5,130,55,"25, PASTEUR (AVENUE)",43.29063,5.35923,Plein jour,En agglomération,Hors intersection,Normale,Autre collision,,,,,,,,,,,1,2,1,1.0,6.0
201700009106,0017-02-17 09:50:00,17,2,17,9,50,130,55,"78, SAKAKINI (BOULEVARD)",43.29477,5.40095,Plein jour,En agglomération,Hors intersection,Normale,Deux véhicules - arrière,,,,,,,,,,,1,2,1,1.0,2.0
201700009107,0017-02-21 15:30:00,17,2,21,15,30,130,55,47 Av de la Corse,43.28911,5.36207,Plein jour,En agglomération,Intersection en X,Normale,Deux véhicules - côté,,,,,,,,,,,1,2,2,1.0,3.0
201700009108,0017-02-11 08:25:00,17,2,11,8,25,130,55,"65, EDMOND ROSTAND (RUE)",43.28418,5.38206,Plein jour,En agglomération,Intersection en X,Normale,Deux véhicules - côté,,,,,,,,,,,1,2,2,1.0,3.0
201700009109,0017-02-21 17:25:00,17,2,21,17,25,130,55,"540, PRADO *AVENUE DU",43.26483,5.3793,Plein jour,En agglomération,Hors intersection,Normale,Deux véhicules - côté,,,,,,,,,,,1,2,1,1.0,3.0
201700009110,0017-02-21 17:30:00,17,2,21,17,30,130,55,"509, PRADO *AVENUE DU",43.26512,5.37988,Plein jour,En agglomération,Hors intersection,Normale,Deux véhicules - côté,,,,,,,,,,,1,2,1,1.0,3.0
201700009111,0017-02-21 20:45:00,17,2,21,20,45,130,55,SCHLOESING (BOULEVARD),43.27097,5.4021,Nuit avec éclairage allumé,En agglomération,Hors intersection,Normale,Deux véhicules - arrière,,,,,,,,,,,5,2,1,1.0,2.0
201700009112,0017-02-21 22:10:00,17,2,21,22,10,130,55,"33, CAPELETTE *AVENUE DE",43.2837,5.4007,Nuit avec éclairage allumé,En agglomération,Hors intersection,Normale,Deux véhicules - côté,,,,,,,,,,,5,2,1,1.0,3.0
201700009113,0017-02-22 03:40:00,17,2,22,3,40,130,55,"49, JEAN MOULIN (BOULEVA",43.28652,5.39957,Nuit avec éclairage allumé,En agglomération,Hors intersection,Normale,Autre collision,,,,,,,,,,,5,2,1,1.0,6.0
201700009114,0017-02-22 08:14:00,17,2,22,8,14,130,55,"49, SAINT PIERRE (RUE)",43.29318,5.38903,Plein jour,En agglomération,Hors intersection,Normale,Autre collision,,,,,,,,,,,1,2,1,1.0,6.0
201700009115,0017-02-22 07:05:00,17,2,22,7,5,130,55,"79, RUE DE LA MAURELLE",43.32248,5.44023,Crépuscule ou aube,En agglomération,Hors intersection,Normale,Deux véhicules - côté,,,,,,,,,,,2,2,1,1.0,3.0
201700009116,0017-02-22 11:25:00,17,2,22,11,25,130,75,"130, FREDERIC MISTRAL",43.35175,5.47355,Plein jour,En agglomération,Hors intersection,Normale,Autre collision,,,,,,,,,,,1,2,1,1.0,6.0
201700009117,0017-02-22 19:10:00,17,2,22,19,10,130,55,"44, av  DESAUTEL",43.25483,5.40717,Crépuscule ou aube,En agglomération,Intersection en T,Normale,Deux véhicules - frontale,,,,,,,,,,,2,2,3,1.0,1.0
201700009118,0017-02-22 21:30:00,17,2,22,21,30,130,55,"18, FERNAND PAURIOL",43.28863,5.39105,Nuit avec éclairage allumé,En agglomération,Intersection en T,Normale,Deux véhicules - côté,,,,,,,,,,,5,2,3,1.0,3.0
201700009119,0017-02-23 06:15:00,17,2,23,6,15,130,55,FLORIAN ( ROND POINT),43.28514,5.42591,Nuit avec éclairage allumé,En agglomération,Hors intersection,Normale,Deux véhicules - côté,,,,,,,,,,,5,2,1,1.0,3.0
201700009120,0017-02-23 08:30:00,17,2,23,8,30,130,55,"300, PRADO *AVENUE DU",43.27323,5.39086,Plein jour,En agglomération,Hors intersection,Normale,Deux véhicules - arrière,,,,,,,,,,,1,2,1,1.0,2.0
201700009121,0017-01-17 18:40:00,17,1,17,18,40,130,55,"196, CHARTREUX (AVENUE D",43.31086,5.4009,Crépuscule ou aube,En agglomération,Hors intersection,Normale,Autre collision,,,,,,,,,,,2,2,1,1.0,6.0
201700009122,0017-02-23 12:50:00,17,2,23,12,50,130,55,"253, SAINT PIERRE (RUE)",43.29231,5.4015,Plein jour,En agglomération,Intersection en X,Normale,Autre collision,,,,,,,,,,,1,2,2,1.0,6.0
201700009123,0017-02-23 19:00:00,17,2,23,19,0,130,55,CASSIN*(RUE),43.31554,5.37313,Crépuscule ou aube,En agglomération,Hors intersection,Normale,Autre collision,,,,,,,,,,,2,2,1,1.0,6.0
201700009124,0017-02-23 20:30:00,17,2,23,20,30,130,55,"61, RABATAU (BOULEVARD)",43.27539,5.39589,Nuit avec éclairage allumé,En agglomération,Intersection en X,Normale,Deux véhicules - frontale,,,,,,,,,,,5,2,2,1.0,1.0
201700009125,0017-02-24 00:20:00,17,2,24,0,20,130,55,"151, JONQUILLES *CHEMIN",43.32401,5.43721,Nuit avec éclairage allumé,En agglomération,Hors intersection,Normale,Deux véhicules - frontale,,,,,,,,,,,5,2,1,1.0,1.0
201700009126,0017-02-24 08:30:00,17,2,24,8,30,130,55,"29, neuve Ste Catherine",43.29193,5.36833,Plein jour,En agglomération,Intersection en X,Normale,Deux véhicules - côté,,,,,,,,,,,1,2,2,1.0,3.0
201700009127,0017-02-24 09:20:00,17,2,24,9,20,130,55,"2, JOLIETTE PLACE DE LA",43.30508,5.36655,Plein jour,En agglomération,Hors intersection,Normale,Deux véhicules - frontale,,,,,,,,,,,1,2,1,1.0,1.0
201700009128,0017-01-26 16:30:00,17,1,26,16,30,130,55,ROUX PROLON (BOULEVA,43.30957,5.40845,Plein jour,En agglomération,Intersection en X,Pluie forte,Autre collision,,,,,,,,,,,1,2,2,3.0,6.0
201700009129,0017-02-24 17:00:00,17,2,24,17,0,130,55,BASSINS DE RADOUB (B,43.32654,5.35865,Plein jour,En agglomération,Hors intersection,Normale,Deux véhicules - arrière,,,,,,,,,,,1,2,1,1.0,2.0
201700009130,0017-01-28 06:00:00,17,1,28,6,0,130,55,"44, CORDERIE (BOULEVARD",43.29047,5.37036,Plein jour,Hors agglomération,Intersection en X,Normale,Deux véhicules - côté,,,,,,,,,,,1,1,2,1.0,3.0
201700009131,0017-02-24 16:45:00,17,2,24,16,45,130,55,"130, PAUL CLAUDEL",43.26827,5.41356,Plein jour,En agglomération,Intersection en T,Normale,Deux véhicules - côté,,,,,,,,,,,1,2,3,1.0,3.0
201700009132,0017-02-24 19:57:00,17,2,24,19,57,130,55,"113, av. CAPELETTE",43.28157,5.40461,Nuit avec éclairage allumé,En agglomération,Hors intersection,Normale,Deux véhicules - côté,,,,,,,,,,,5,2,1,1.0,3.0
201700009133,0017-02-24 20:50:00,17,2,24,20,50,130,55,"108, VALBARELLE (BOULEVA",43.28775,5.4487,Nuit avec éclairage allumé,En agglomération,Hors intersection,Normale,Autre collision,,,,,,,,,,,5,2,1,1.0,6.0
201700009134,0017-02-24 10:30:00,17,2,24,10,30,130,55,"20, RUISSEAU MI",43.35117,5.35263,Plein jour,En agglomération,Hors intersection,Normale,Deux véhicules - arrière,,,,,,,,,,,1,2,1,1.0,2.0
201700009135,0017-02-25 10:10:00,17,2,25,10,10,130,55,"20, ROY D'ESPAGNE (CHEMI",43.2423,5.39697,Plein jour,En agglomération,Hors intersection,Normale,Deux véhicules - côté,,,,,,,,,,,1,2,1,1.0,3.0
201700009136,0017-02-25 12:15:00,17,2,25,12,15,130,55,"64, PINEDE*(RUE DE LA)",43.29225,5.4283,Plein jour,Hors agglomération,Hors intersection,Normale,Autre collision,,,,,,,,,,,1,1,1,1.0,6.0
201700009137,0017-02-21 12:30:00,17,2,21,12,30,130,55,"00, SAINT MENET (MONTEE)",43.29303,5.49507,Plein jour,En agglomération,Intersection en X,Normale,Deux véhicules - frontale,,,,,,,,,,,1,2,2,1.0,1.0
201700009138,0017-02-24 14:35:00,17,2,24,14,35,130,55,"1, POUNCHE *CHEMIN DE LA",43.32554,5.45047,Plein jour,En agglomération,Hors intersection,Normale,Deux véhicules - côté,,,,,,,,,,,1,2,1,1.0,3.0
201700009139,0017-02-25 17:40:00,17,2,25,17,40,130,55,SAINT ANTOINE*(AVENUE DE,43.37606,5.3561,Plein jour,En agglomération,Hors intersection,Normale,Autre collision,,,,,,,,,,,1,2,1,1.0,6.0
201700009140,0017-02-26 11:20:00,17,2,26,11,20,130,55,"155, ROUET (RUE DU)",43.27832,5.39236,Plein jour,En agglomération,Hors intersection,Normale,Autre collision,,,,,,,,,,,1,2,1,1.0,6.0
201700009141,0017-02-26 16:45:00,17,2,26,16,45,130,55,"213, SAINTE MARTHE *AVEN",43.33105,5.38907,Plein jour,En agglomération,Hors intersection,Normale,Deux véhicules - côté,,,,,,,,,,,1,2,1,1.0,3.0
201700009142,0017-02-27 13:10:00,17,2,27,13,10,130,55,"45, ACIERIES (BOULEVARD",43.27773,5.40333,Plein jour,En agglomération,Hors intersection,Normale,Deux véhicules - frontale,,,,,,,,,,,1,2,1,1.0,1.0
201700009143,0017-02-27 17:45:00,17,2,27,17,45,130,55,"425, ROMAIN ROLLAND",43.26938,5.40499,Plein jour,En agglomération,Hors intersection,Pluie légère,Deux véhicules - côté,,,,,,,,,,,1,2,1,2.0,3.0
201700009144,0017-02-27 18:30:00,17,2,27,18,30,130,55,"368, HENRI BARNIER",43.3608,5.34256,Nuit avec éclairage allumé,En agglomération,Hors intersection,Pluie légère,Deux véhicules - frontale,,,,,,,,,,,5,2,1,2.0,1.0
201700009145,0017-02-27 17:20:00,17,2,27,17,20,130,55,"153, MARTINE (TRAVERSE L",43.30005,5.47576,Plein jour,En agglomération,Hors intersection,Pluie légère,Deux véhicules - côté,,,,,,,,,,,1,2,1,2.0,3.0
201700009146,0017-02-27 22:15:00,17,2,27,22,15,130,55,"102, LIBERATION (BOULEVA",43.30108,5.39133,Nuit avec éclairage allumé,En agglomération,Hors intersection,Temps couvert,Deux véhicules - côté,,,,,,,,,,,5,2,1,8.0,3.0
201700009147,0017-02-27 21:50:00,17,2,27,21,50,130,55,"114, CAPELETTE",43.28116,5.40579,Nuit avec éclairage allumé,En agglomération,Hors intersection,Pluie légère,Deux véhicules - arrière,,,,,,,,,,,5,2,1,2.0,2.0
201700009148,0017-02-28 08:20:00,17,2,28,8,20,130,55,MOUSSES (IMPASSE DES),43.2654,5.37625,Plein jour,En agglomération,Hors intersection,Normale,Autre collision,,,,,,,,,,,1,2,1,1.0,6.0
201700009149,0017-02-28 17:05:00,17,2,28,17,5,130,55,"169, LYON (RUE DE)",43.3305,5.3651,Crépuscule ou aube,En agglomération,Hors intersection,Pluie forte,Trois véhicules et plus - en chaîne,,,,,,,,,,,2,2,1,3.0,4.0
201700009150,0017-02-28 19:00:00,17,2,28,19,0,130,55,"90, PRADO (AVENUE DU)",43.28201,5.38594,Nuit avec éclairage allumé,En agglomération,Autre intersection,Normale,Autre collision,,,,,,,,,,,5,2,9,1.0,6.0
201700009151,0017-02-28 20:30:00,17,2,28,20,30,130,55,"165,*CORNICHE KENNEDY",43.28589,5.35096,Nuit avec éclairage allumé,En agglomération,Intersection en Y,Normale,Deux véhicules - côté,,,,,,,,,,,5,2,4,1.0,3.0
201700009152,0017-03-01 11:50:00,17,3,1,11,50,130,55,"141, RABATAU (BOULEVARD)",43.27946,5.3993,Plein jour,En agglomération,Hors intersection,Normale,Deux véhicules - frontale,,,,,,,,,,,1,2,1,1.0,1.0
201700009153,0017-02-28 14:50:00,17,2,28,14,50,130,55,"15, BOURDET (MAURICE)",43.30272,5.37951,Plein jour,En agglomération,Hors intersection,Normale,Deux véhicules - côté,,,,,,,,,,,1,2,1,1.0,3.0
201700009154,0017-03-01 12:40:00,17,3,1,12,40,130,55,BOURRELY*(CHEMIN DES),43.38181,5.36352,Plein jour,En agglomération,Hors intersection,Normale,Deux véhicules - côté,,,,,,,,,,,1,2,1,1.0,3.0
201700009155,0017-03-01 14:00:00,17,3,1,14,0,130,55,"232, SAINT LOUP (BOULEVA",43.28486,5.43915,Plein jour,En agglomération,Hors intersection,Normale,Deux véhicules - côté,,,,,,,,,,,1,2,1,1.0,3.0
201700009156,0017-03-01 17:10:00,17,3,1,17,10,130,55,"27, FRANCOISE DUPARC",43.30163,5.4005,Plein jour,En agglomération,Hors intersection,Normale,Deux véhicules - arrière,,,,,,,,,,,1,2,1,1.0,2.0
201700009157,0017-03-01 17:05:00,17,3,1,17,5,130,55,"12, ESPERANDIEU (RUE)",43.30252,5.39404,Plein jour,En agglomération,Intersection en X,Normale,Deux véhicules - côté,,,,,,,,,,,1,2,2,1.0,3.0
201700009158,0017-03-02 06:40:00,17,3,2,6,40,130,55,"166, PLOMBIERES (BOULEVA",43.31897,5.37918,Nuit avec éclairage allumé,En agglomération,Intersection en T,Normale,Autre collision,,,,,,,,,,,5,2,3,1.0,6.0
201700009159,0017-03-02 14:40:00,17,3,2,14,40,130,55,"503, SAINT PIERRE*(RUE)",43.29102,5.41778,Plein jour,En agglomération,Hors intersection,Normale,Autre collision,,,,,,,,,,,1,2,1,1.0,6.0
201700009160,0017-03-02 15:56:00,17,3,2,15,56,130,55,"254, L ARMEE D AFRIQUE (",43.28628,5.41746,Plein jour,Hors agglomération,Hors intersection,Normale,Autre collision,,,,,,,,,,,1,1,1,1.0,6.0
201700009161,0017-03-02 18:30:00,17,3,2,18,30,130,55,"130, MONTRE (TRAVERSE DE",43.29382,5.47418,Crépuscule ou aube,Hors agglomération,Intersection en T,Normale,Deux véhicules - côté,,,,,,,,,,,2,1,3,1.0,3.0
201700009162,0017-03-02 20:20:00,17,3,2,20,20,130,55,SCHLOESING (BOULEVARD),43.27024,5.40271,Nuit avec éclairage allumé,En agglomération,Intersection en T,Normale,Deux véhicules - frontale,,,,,,,,,,,5,2,3,1.0,1.0
201700009163,0017-03-02 21:00:00,17,3,2,21,0,130,55,"18, POMME (BOULEVARD DE",43.29163,5.44448,Nuit avec éclairage allumé,En agglomération,Hors intersection,Normale,Deux véhicules - arrière,,,,,,,,,,,5,2,1,1.0,2.0
201700009164,0017-03-03 01:10:00,17,3,3,1,10,130,55,38 Avenue Désiré Bianco,43.28863,5.42552,Nuit avec éclairage allumé,En agglomération,Intersection en Y,Normale,Trois véhicules et plus - collisions multiples,,,,,,,,,,,5,2,4,1.0,5.0
201700009165,0017-03-02 14:25:00,17,3,2,14,25,130,55,SAINT LOUP (BOULEVARD DE,43.28526,5.4408,Plein jour,En agglomération,Hors intersection,Normale,Deux véhicules - arrière,,,,,,,,,,,1,2,1,1.0,2.0
201700009166,0017-02-23 11:30:00,17,2,23,11,30,130,55,"34, JEAN ROQUE",43.29547,5.382,Plein jour,En agglomération,Hors intersection,Normale,Autre collision,,,,,,,,,,,1,2,1,1.0,6.0
201700009167,0017-03-03 13:25:00,17,3,3,13,25,130,55,"634, MAZARGUES (AVENUE D",43.25012,5.39595,Plein jour,En agglomération,Intersection en T,Normale,Deux véhicules - côté,,,,,,,,,,,1,2,3,1.0,3.0
201700009168,0017-03-03 11:30:00,17,3,3,11,30,130,55,"00, AVENUE RAIMU",43.33136,5.39841,Plein jour,Hors agglomération,Autre intersection,Normale,Autre collision,,,,,,,,,,,1,1,9,1.0,6.0
201700009169,0017-03-03 15:15:00,17,3,3,15,15,130,55,"199, CAPELETTE*(AVENUE D",43.28031,5.40864,Plein jour,En agglomération,Hors intersection,Normale,Deux véhicules - arrière,,,,,,,,,,,1,2,1,1.0,2.0
201700009170,0017-03-03 17:00:00,17,3,3,17,0,130,55,"694, MAZARGUES (AVENUE D",43.24913,5.39694,Plein jour,En agglomération,Hors intersection,Normale,Autre collision,,,,,,,,,,,1,2,1,1.0,6.0
201700009171,0017-03-03 15:40:00,17,3,3,15,40,130,55,"36, PERIER (BOULEVARD)",43.27949,5.38492,Plein jour,En agglomération,Intersection en T,Normale,Deux véhicules - côté,,,,,,,,,,,1,2,3,1.0,3.0
201700009172,0017-03-04 11:35:00,17,3,4,11,35,130,55,"59, EUGENE PIERRE",43.29637,5.39079,Plein jour,En agglomération,Intersection en X,Pluie légère,Deux véhicules - côté,,,,,,,,,,,1,2,2,2.0,3.0
201700009173,0017-03-04 10:10:00,17,3,4,10,10,130,2,ETIENNE CUCCA-CD908 (AVE,43.36929,5.50529,Plein jour,Hors agglomération,Hors intersection,Pluie forte,Autre collision,,,,,,,,,,,1,1,1,3.0,6.0
201700009174,0017-03-04 12:00:00,17,3,4,12,0,130,55,"450, MADRAGUE VILLE",43.3421,5.35239,Plein jour,En agglomération,Hors intersection,Vent fort / tempête,Autre collision,,,,,,,,,,,1,2,1,6.0,6.0
201700009175,0017-03-04 13:15:00,17,3,4,13,15,130,55,"197, PONT DE VIVAUX (BOU",43.28163,5.42751,Plein jour,En agglomération,Intersection en X,Pluie légère,Deux véhicules - côté,,,,,,,,,,,1,2,2,2.0,3.0
201700009176,0017-03-04 18:00:00,17,3,4,18,0,130,55,"434, NATIONAL (BOULEVARD",43.31473,5.37126,Crépuscule ou aube,En agglomération,Hors intersection,Normale,Autre collision,,,,,,,,,,,2,2,1,1.0,6.0
201700009177,0017-03-04 20:40:00,17,3,4,20,40,130,55,"4, ANDRE BARDON (rue)",43.282,5.42696,Nuit avec éclairage allumé,En agglomération,Hors intersection,Pluie légère,Deux véhicules - arrière,,,,,,,,,,,5,2,1,2.0,2.0
201700009178,0017-03-05 02:55:00,17,3,5,2,55,130,55,"11, LIBERTE (BOULEVARD D",43.30081,5.38164,Nuit avec éclairage allumé,En agglomération,Intersection en X,Normale,Deux véhicules - côté,,,,,,,,,,,5,2,2,1.0,3.0
201700009179,0017-03-05 11:00:00,17,3,5,11,0,130,55,"21, ROSIERS *TRAVERSE D",43.32359,5.38665,Plein jour,En agglomération,Intersection en T,Normale,Autre collision,,,,,,,,,,,1,2,3,1.0,6.0
201700009180,0017-03-05 13:30:00,17,3,5,13,30,130,55,"399, PARADIS (RUE)",43.27512,5.38448,Plein jour,En agglomération,Hors intersection,Normale,Autre collision,,,,,,,,,,,1,2,1,1.0,6.0
201700009181,0017-01-14 12:00:00,17,1,14,12,0,130,55,35 Av de Saint-Louis,43.34387,5.35947,Plein jour,En agglomération,Hors intersection,Normale,Deux véhicules - arrière,,,,,,,,,,,1,2,1,1.0,2.0
201700009182,0017-02-28 09:30:00,17,2,28,9,30,130,55,"26, av.  CHUTES LAVIE",43.3105,5.39636,Plein jour,En agglomération,Hors intersection,Normale,Deux véhicules - côté,,,,,,,,,,,1,2,1,1.0,3.0
201700009183,0017-03-05 16:15:00,17,3,5,16,15,130,55,188-192 Col de la Ginest,43.2426,5.45277,Plein jour,Hors agglomération,Hors intersection,Pluie légère,Sans collision,,,,,,,,,,,1,1,1,2.0,7.0
201700009184,0017-03-03 14:30:00,17,3,3,14,30,130,55,"16, FORT DU SANCTUAIRE",43.28314,5.37359,Plein jour,En agglomération,Hors intersection,Normale,Deux véhicules - frontale,,,,,,,,,,,1,2,1,1.0,1.0
201700009185,0017-03-06 08:55:00,17,3,6,8,55,130,55,"64, CHARLES KADDOUZ (RUE",43.31144,5.42832,Plein jour,En agglomération,Giratoire,Pluie légère,Sans collision,,,,,,,,,,,1,2,6,2.0,7.0
201700009186,0017-03-06 09:10:00,17,3,6,9,10,130,55,"30, MICHELET*(BOULEVARD)",43.27064,5.39212,Plein jour,En agglomération,Hors intersection,Pluie légère,Autre collision,,,,,,,,,,,1,2,1,2.0,6.0
201700009187,0017-03-06 09:45:00,17,3,6,9,45,130,55,"1, BRAVET*(RUE)",43.29005,5.39872,Plein jour,En agglomération,Hors intersection,Pluie légère,Autre collision,,,,,,,,,,,1,2,1,2.0,6.0
201700009188,0017-03-02 13:50:00,17,3,2,13,50,130,55,"95,*FERRARI (RUE)",43.29325,5.39132,Plein jour,En agglomération,Passage à niveau,Normale,Deux véhicules - frontale,,,,,,,,,,,1,2,8,1.0,1.0
201700009189,0017-03-06 19:00:00,17,3,6,19,0,130,55,"163, HENRI BARNIER (BOUL",43.36885,5.34502,Nuit avec éclairage allumé,En agglomération,Hors intersection,Vent fort / tempête,Deux véhicules - arrière,,,,,,,,,,,5,2,1,6.0,2.0
201700009190,0017-03-06 21:20:00,17,3,6,21,20,130,55,"139, MADRAGUE VILLE",43.32693,5.36059,Nuit avec éclairage allumé,En agglomération,Hors intersection,Normale,Autre collision,,,,,,,,,,,5,2,1,1.0,6.0
201700009191,0017-03-02 18:45:00,17,3,2,18,45,130,55,151 Chemin de la Colline,43.25258,5.41993,Nuit avec éclairage allumé,En agglomération,Hors intersection,Normale,Deux véhicules - frontale,,,,,,,,,,,5,2,1,1.0,1.0
201700009192,0017-03-06 11:57:00,17,3,6,11,57,130,55,"133, BAILLE$*(BOULEVARD)",43.28823,5.39227,Plein jour,En agglomération,Hors intersection,Pluie légère,Deux véhicules - arrière,,,,,,,,,,,1,2,1,2.0,2.0
201700009193,0017-03-06 10:30:00,17,3,6,10,30,130,55,"60, REPUBLIQUE (RUE DE L",43.30471,5.36732,Plein jour,En agglomération,Intersection en Y,Temps couvert,Deux véhicules - côté,,,,,,,,,,,1,2,4,8.0,3.0
201700009194,0017-03-07 08:36:00,17,3,7,8,36,130,55,"130, PARADIS (RUE)",43.288,5.37906,Plein jour,En agglomération,Intersection en T,Normale,Deux véhicules - côté,,,,,,,,,,,1,2,3,1.0,3.0
201700009195,0017-03-06 17:00:00,17,3,6,17,0,130,55,1 Av. Félicien François,43.25229,5.39462,Plein jour,En agglomération,Hors intersection,Vent fort / tempête,Deux véhicules - côté,,,,,,,,,,,1,2,1,6.0,3.0
201700009196,0017-03-07 12:23:00,17,3,7,12,23,130,55,"3, RABATAU (BOULEVARD)",43.27306,5.39211,Plein jour,En agglomération,Hors intersection,Normale,Trois véhicules et plus - collisions multiples,,,,,,,,,,,1,2,1,1.0,5.0
201700009197,0017-03-07 21:35:00,17,3,7,21,35,130,55,"197, PONT DE VIVAUX BOU",43.28162,5.42749,Nuit avec éclairage allumé,En agglomération,Intersection en T,Normale,Deux véhicules - côté,,,,,,,,,,,5,2,3,1.0,3.0
201700009198,0017-03-08 10:15:00,17,3,8,10,15,130,55,"22, CORDERIE",43.29065,5.37103,Plein jour,En agglomération,Intersection en T,Normale,Deux véhicules - frontale,,,,,,,,,,,1,2,3,1.0,1.0
201700009199,0017-03-08 15:15:00,17,3,8,15,15,130,55,"310, L ARMEE D AFRIQUE (",43.28589,5.4194,Plein jour,En agglomération,Hors intersection,Normale,Deux véhicules - côté,,,,,,,,,,,1,2,1,1.0,3.0
201700009200,0017-03-08 16:15:00,17,3,8,16,15,130,55,"37, MORGIOU*(chemin de )",43.24481,5.40545,Plein jour,Hors agglomération,Hors intersection,Normale,Sans collision,,,,,,,,,,,1,1,1,1.0,7.0
201700009201,0017-03-08 21:25:00,17,3,8,21,25,130,55,RABATAU  (BOULEVARD),43.27933,5.3993,Nuit avec éclairage allumé,En agglomération,Intersection en X,Normale,Deux véhicules - côté,,,,,,,,,,,5,2,2,1.0,3.0
201700009202,0017-03-09 07:40:00,17,3,9,7,40,130,55,"19, CHATEAU*GOMBERT CHEM",43.33509,5.42063,Plein jour,En agglomération,Hors intersection,Normale,Deux véhicules - côté,,,,,,,,,,,1,2,1,1.0,3.0
201700009203,0017-03-09 08:30:00,17,3,9,8,30,130,55,"4, VIENNE* (AVENUE DE)",43.28563,5.44266,Plein jour,En agglomération,Hors intersection,Normale,Trois véhicules et plus - en chaîne,,,,,,,,,,,1,2,1,1.0,4.0
201700009204,0017-03-09 08:45:00,17,3,9,8,45,130,55,"171, PAUL CLAUDEL *BOULE",43.26814,5.41609,Plein jour,En agglomération,Hors intersection,Normale,Deux véhicules - côté,,,,,,,,,,,1,2,1,1.0,3.0
201700009205,0017-03-08 21:30:00,17,3,8,21,30,130,55,"24, GARIBALDI *BOULEVARD",43.29648,5.38126,Nuit avec éclairage allumé,En agglomération,Hors intersection,Normale,Deux véhicules - arrière,,,,,,,,,,,5,2,1,1.0,2.0
201700009206,0017-03-10 07:00:00,17,3,10,7,0,130,55,71 Boulevard d'Annam,43.36133,5.32869,Plein jour,En agglomération,Hors intersection,Normale,Autre collision,,,,,,,,,,,1,2,1,1.0,6.0
201700009207,0017-03-10 09:25:00,17,3,10,9,25,130,55,"156, RABATAU (BOULEVARD)",43.28026,5.39937,Plein jour,En agglomération,Hors intersection,Normale,Deux véhicules - côté,,,,,,,,,,,1,2,1,1.0,3.0
201700009208,0017-03-10 07:20:00,17,3,10,7,20,130,55,PAUL LANGEVIN (RUE),43.34299,5.43214,Plein jour,En agglomération,Intersection en T,Normale,Deux véhicules - côté,,,,,,,,,,,1,2,3,1.0,3.0
201700009209,0017-03-10 10:00:00,17,3,10,10,0,130,55,Petite Ourse,43.34148,5.37313,Plein jour,En agglomération,Intersection en T,Normale,Deux véhicules - côté,,,,,,,,,,,1,2,3,1.0,3.0
201700009210,0017-03-10 11:20:00,17,3,10,11,20,130,55,"2, MAURIAC (RUE)",43.27921,5.41699,Plein jour,En agglomération,Hors intersection,Normale,Deux véhicules - arrière,,,,,,,,,,,1,2,1,1.0,2.0
201700009211,0017-03-10 13:40:00,17,3,10,13,40,130,55,"1, MATHIEU STILATTI *RUE",43.30857,5.37744,Plein jour,En agglomération,Hors intersection,Normale,Deux véhicules - arrière,,,,,,,,,,,1,2,1,1.0,2.0