accident_id,datetime,annee,mois,jour,heure,minute,departement,commune_insee,adresse,latitude,longitude,luminosite,agglomeration,intersection,meteo,collision,nb_vehicules,nb_usagers,nb_indemnes,nb_tues,nb_blesses_hosp,nb_blesses_legers,age_cond_1,age_cond_2,veh_type_cond_1,veh_type_cond_2,lum_code,agg_code,int_code,atm_code,col_code
201700009331,0017-03-29 14:10:00,17,3,29,14,10,130,55,"48-52, Bd SAINT JEAN",43.27938,5.40856,Plein jour,En agglomération,Hors intersection,Normale,Autre collision,,,,,,,,,,,1,2,1,1.0,6.0
201700009332,0017-03-29 12:45:00,17,3,29,12,45,130,55,"271, av. de la  VISTE",43.36379,5.35713,Plein jour,En agglomération,Hors intersection,Normale,Trois véhicules et plus - en chaîne,,,,,,,,,,,1,2,1,1.0,4.0
201700009333,0017-03-29 15:50:00,17,3,29,15,50,130,55,BARA (BOULEVARD),43.35061,5.44268,Plein jour,En agglomération,Intersection en T,Normale,Deux véhicules - côté,,,,,,,,,,,1,2,3,1.0,3.0
201700009334,0017-03-29 17:50:00,17,3,29,17,50,130,106,8 MAI 1945 (AVENUE DU),43.40236,5.37033,Plein jour,En agglomération,Hors intersection,Normale,Deux véhicules - frontale,,,,,,,,,,,1,2,1,1.0,1.0
201700009335,0017-03-29 18:00:00,17,3,29,18,0,130,55,"106, MORETTI",43.32374,5.38769,Plein jour,En agglomération,Hors intersection,Normale,Deux véhicules - frontale,,,,,,,,,,,1,2,1,1.0,1.0
201700009336,0017-03-29 18:45:00,17,3,29,18,45,130,55,"308, PEINTRES ROUX",43.30055,5.4769,Crépuscule ou aube,En agglomération,Hors intersection,Normale,Deux véhicules - côté,,,,,,,,,,,2,2,1,1.0,3.0
201700009337,0017-03-29 22:30:00,17,3,29,22,30,130,55,"9, SAINT ANTOINE (AVENUE",43.36634,5.35679,Nuit avec éclairage allumé,En agglomération,Intersection en T,Normale,Deux véhicules - frontale,,,,,,,,,,,5,2,3,1.0,1.0
201700009338,0017-03-20 10:00:00,17,3,20,10,0,130,55,"2, BARRAL PROLONGE (Bd)",43.26394,5.39106,Plein jour,En agglomération,Intersection en T,Normale,Deux véhicules - côté,,,,,,,,,,,1,2,3,1.0,3.0
201700009339,0017-03-30 08:00:00,17,3,30,8,0,130,55,GLACIERE (BOULEVARD,43.31635,5.38809,Plein jour,En agglomération,Intersection en T,Normale,Deux véhicules - frontale,,,,,,,,,,,1,2,3,1.0,1.0
201700009340,0017-03-30 11:55:00,17,3,30,11,55,130,55,"138, Bd  BLANCARDE",43.30357,5.4058,Plein jour,En agglomération,Hors intersection,Normale,Autre collision,,,,,,,,,,,1,2,1,1.0,6.0
201700009341,0017-03-30 14:00:00,17,3,30,14,0,130,55,"175, SAINT*PIERRE (RUE)",43.29219,5.3956,Plein jour,En agglomération,Hors intersection,Normale,Autre collision,,,,,,,,,,,1,2,1,1.0,6.0
201700009342,0017-03-30 16:00:00,17,3,30,16,0,130,55,"40, bd Charles Nédelec",43.30324,5.37895,Plein jour,En agglomération,Intersection en X,Normale,Deux véhicules - côté,,,,,,,,,,,1,2,2,1.0,3.0
201700009343,0017-03-30 17:00:00,17,3,30,17,0,130,55,"55, LIEUTAUD*(COURS)",43.29113,5.38312,Plein jour,En agglomération,Hors intersection,Normale,Autre collision,,,,,,,,,,,1,2,1,1.0,6.0
201700009344,0017-03-30 17:20:00,17,3,30,17,20,130,55,"112, WILLIAM BOOTH (AVEN",43.29573,5.44655,Plein jour,Hors agglomération,Hors intersection,Normale,Deux véhicules - arrière,,,,,,,,,,,1,1,1,1.0,2.0
201700009345,0017-03-30 22:00:00,17,3,30,22,0,130,55,SAINT JUST (AVENUE D,43.3156,5.40372,Nuit avec éclairage allumé,En agglomération,Intersection en T,Normale,Deux véhicules - côté,,,,,,,,,,,5,2,3,1.0,3.0
201700009346,0017-03-30 22:00:00,17,3,30,22,0,130,55,"34, CHARLES LIVON (BOULE",43.29224,5.36213,Nuit avec éclairage allumé,En agglomération,Hors intersection,Normale,Deux véhicules - côté,,,,,,,,,,,5,2,1,1.0,3.0
201700009347,0017-03-31 03:40:00,17,3,31,3,40,130,55,CANEBIERE,43.29642,5.37786,Nuit avec éclairage allumé,En agglomération,Intersection en X,Normale,Deux véhicules - arrière,,,,,,,,,,,5,2,2,1.0,2.0
201700009348,0017-03-30 19:45:00,17,3,30,19,45,130,55,"59, CHARLES SUSINI *TRAV",43.3356,5.41838,Plein jour,En agglomération,Hors intersection,Normale,Sans collision,,,,,,,,,,,1,2,1,1.0,7.0
201700009349,0017-03-31 15:40:00,17,3,31,15,40,130,55,"23, WILLIAM BOOTH",43.29298,5.43797,Plein jour,En agglomération,Hors intersection,Normale,Deux véhicules - côté,,,,,,,,,,,1,2,1,1.0,3.0
201700009350,0017-03-31 15:40:00,17,3,31,15,40,130,55,"175, CLOT BEY (AVENUE)",43.255,5.38215,Plein jour,En agglomération,Hors intersection,Normale,Deux véhicules - côté,,,,,,,,,,,1,2,1,1.0,3.0
201700009351,0017-03-31 17:45:00,17,3,31,17,45,130,55,"218, BAILLE*(BOULEVARD)",43.28932,5.39661,Plein jour,En agglomération,Hors intersection,Normale,Deux véhicules - côté,,,,,,,,,,,1,2,1,1.0,3.0
201700009352,0017-03-31 17:50:00,17,3,31,17,50,130,55,"25, GASSENDI*(BOULEVARD)",43.30384,5.42028,Plein jour,En agglomération,Intersection en T,Normale,Deux véhicules - côté,,,,,,,,,,,1,2,3,1.0,3.0
201700009353,0017-03-31 21:40:00,17,3,31,21,40,130,55,110 Route de la Valentin,43.28923,5.47015,Nuit avec éclairage allumé,En agglomération,Intersection en T,Normale,Deux véhicules - frontale,,,,,,,,,,,5,2,3,1.0,1.0
201700009354,0017-03-31 22:45:00,17,3,31,22,45,130,55,"54, PARIS (BOULEVARD DE)",43.30776,5.37144,Nuit avec éclairage allumé,En agglomération,Hors intersection,Normale,Deux véhicules - arrière,,,,,,,,,,,5,2,1,1.0,2.0
201700009355,0017-04-01 13:20:00,17,4,1,13,20,130,55,"13b, LA PUGETTE (BOULEVA",43.2687,5.40148,Plein jour,En agglomération,Hors intersection,Pluie forte,Deux véhicules - côté,,,,,,,,,,,1,2,1,3.0,3.0
201700009356,0017-03-23 09:15:00,17,3,23,9,15,130,55,"2, ANDRE*AUNE (BOULEVARD",43.28942,5.37158,Plein jour,En agglomération,Intersection en Y,Normale,Autre collision,,,,,,,,,,,1,2,4,1.0,6.0
201700009357,0017-02-28 12:45:00,17,2,28,12,45,130,55,"44, bd CORDERIE",43.29051,5.37026,Plein jour,En agglomération,Hors intersection,Normale,Deux véhicules - côté,,,,,,,,,,,1,2,1,1.0,3.0
201700009358,0017-04-02 16:10:00,17,4,2,16,10,130,55,"7, AYGALADES",43.33086,5.36634,Plein jour,En agglomération,Hors intersection,Pluie légère,Autre collision,,,,,,,,,,,1,2,1,2.0,6.0
201700009359,0017-04-02 21:22:00,17,4,2,21,22,130,55,"161, CHAVE (BOULEVARD)",43.29563,5.39596,Nuit avec éclairage allumé,En agglomération,Hors intersection,Pluie légère,Sans collision,,,,,,,,,,,5,2,1,2.0,7.0
201700009360,0017-03-31 18:10:00,17,3,31,18,10,130,55,"105, Maréchal de Lattre",43.24553,5.4126,Plein jour,En agglomération,Hors intersection,Normale,Trois véhicules et plus - en chaîne,,,,,,,,,,,1,2,1,1.0,4.0
201700009361,0017-04-03 14:36:00,17,4,3,14,36,130,55,DOCTEUR SIM. SEDAN,43.29439,5.39792,Plein jour,En agglomération,Giratoire,Normale,Autre collision,,,,,,,,,,,1,2,6,1.0,6.0
201700009362,0017-04-03 16:50:00,17,4,3,16,50,130,55,"547, MIREILLE LAUZE (Bd)",43.28876,5.43645,Plein jour,En agglomération,Hors intersection,Normale,Deux véhicules - côté,,,,,,,,,,,1,2,1,1.0,3.0
201700009363,0017-04-03 15:45:00,17,4,3,15,45,130,55,Alexandre Fleming,43.31629,5.40018,Plein jour,En agglomération,Hors intersection,Normale,Deux véhicules - côté,,,,,,,,,,,1,2,1,1.0,3.0
201700009364,0017-04-03 17:20:00,17,4,3,17,20,130,55,"430, MARCHAL DE LATTRE",43.245,5.42485,Plein jour,En agglomération,Hors intersection,Normale,Deux véhicules - côté,,,,,,,,,,,1,2,1,1.0,3.0
201700009365,0017-04-03 17:15:00,17,4,3,17,15,130,55,"00, JEAN MOULIN (BOULEVA",43.29228,5.40092,Plein jour,En agglomération,Intersection en X,Normale,Deux véhicules - arrière,,,,,,,,,,,1,2,2,1.0,2.0
201700009366,0017-04-03 15:50:00,17,4,3,15,50,130,55,"23, BIZET (chemin de)",43.36536,5.32937,Plein jour,En agglomération,Hors intersection,Normale,Deux véhicules - côté,,,,,,,,,,,1,2,1,1.0,3.0
201700009367,0017-04-03 21:00:00,17,4,3,21,0,130,55,"68, CAPITAINE GEZE",43.33144,5.37556,Nuit avec éclairage allumé,En agglomération,Hors intersection,Normale,Trois véhicules et plus - collisions multiples,,,,,,,,,,,5,2,1,1.0,5.0
201700009368,0017-04-04 03:29:00,17,4,4,3,29,130,55,FONDERE (RUE),43.30188,5.39955,Nuit avec éclairage allumé,En agglomération,Intersection en X,Normale,Deux véhicules - côté,,,,,,,,,,,5,2,2,1.0,3.0
201700009369,0017-03-25 11:00:00,17,3,25,11,0,130,55,"01, Bd de la LIBERATION",43.29921,5.38576,Plein jour,En agglomération,Hors intersection,Normale,Deux véhicules - arrière,,,,,,,,,,,1,2,1,1.0,2.0
201700009370,0017-04-04 09:30:00,17,4,4,9,30,130,55,94 Rue de Lyon,43.32644,5.36656,Plein jour,En agglomération,Hors intersection,Normale,Deux véhicules - frontale,,,,,,,,,,,1,2,1,1.0,1.0
201700009371,0017-03-06 19:40:00,17,3,6,19,40,130,55,"14, BENEDIT*(RUE)",43.30657,5.39294,Nuit avec éclairage allumé,En agglomération,Hors intersection,Normale,Autre collision,,,,,,,,,,,5,2,1,1.0,6.0
201700009372,0017-04-04 15:45:00,17,4,4,15,45,130,55,"282, POILUS (AVENUE DES)",43.31643,5.46092,Plein jour,En agglomération,Hors intersection,Normale,Deux véhicules - côté,,,,,,,,,,,1,2,1,1.0,3.0
201700009373,0017-04-04 22:45:00,17,4,4,22,45,130,55,"89, SAINT LOUIS",43.34579,5.35925,Nuit avec éclairage allumé,En agglomération,Hors intersection,Normale,Deux véhicules - arrière,,,,,,,,,,,5,2,1,1.0,2.0
201700009374,0017-04-05 08:27:00,17,4,5,8,27,130,55,"150, SAINT LOUP (BOULEVA",43.28355,5.43429,Plein jour,En agglomération,Hors intersection,Normale,Autre collision,,,,,,,,,,,1,2,1,1.0,6.0
201700009375,0017-02-15 08:35:00,17,2,15,8,35,130,55,PIERRE ROCHE (RUE),43.3094,5.40294,Plein jour,En agglomération,Intersection en X,Normale,Deux véhicules - arrière,,,,,,,,,,,1,2,2,1.0,2.0
201700009376,0017-04-05 15:15:00,17,4,5,15,15,130,55,"107, DRAGON (RUE)",43.28691,5.37438,Plein jour,En agglomération,Hors intersection,Normale,Sans collision,,,,,,,,,,,1,2,1,1.0,7.0
201700009377,0017-04-05 16:30:00,17,4,5,16,30,130,55,Rond-Point Marcel Proven,43.35323,5.33748,Plein jour,En agglomération,Giratoire,Pluie forte,Deux véhicules - côté,,,,,,,,,,,1,2,6,3.0,3.0
201700009378,0017-04-05 17:15:00,17,4,5,17,15,130,55,299 Avenue des Caillols,43.30326,5.44979,Plein jour,En agglomération,Intersection en X,Pluie forte,Deux véhicules - côté,,,,,,,,,,,1,2,2,3.0,3.0
201700009379,0017-04-05 19:35:00,17,4,5,19,35,130,55,"48, SAINT LOUIS (AVENUE",43.34333,5.3596,Crépuscule ou aube,En agglomération,Hors intersection,Normale,Autre collision,,,,,,,,,,,2,2,1,1.0,6.0
201700009380,0017-04-05 22:08:00,17,4,5,22,8,130,55,"62, CANEBIERE    30 A 68",43.29727,5.38013,Nuit avec éclairage allumé,En agglomération,Intersection en X,Normale,Deux véhicules - côté,,,,,,,,,,,5,2,2,1.0,3.0
201700009381,0017-04-05 21:45:00,17,4,5,21,45,130,55,"166, PLOMBIERES (BOULEVA",43.31928,5.37897,Nuit avec éclairage allumé,En agglomération,Hors intersection,Normale,Sans collision,,,,,,,,,,,5,2,1,1.0,7.0
201700009382,0017-04-05 22:15:00,17,4,5,22,15,130,55,95-97 Ch. des Bourrely,43.38269,5.3642,Nuit avec éclairage allumé,En agglomération,Hors intersection,Normale,Autre collision,,,,,,,,,,,5,2,1,1.0,6.0
201700009383,0017-04-05 22:30:00,17,4,5,22,30,130,55,"33, DUNKERQUE  (BOULEVAR",43.30855,5.36805,Nuit avec éclairage allumé,En agglomération,Hors intersection,Normale,Autre collision,,,,,,,,,,,5,2,1,1.0,6.0
201700009384,0017-04-06 11:45:00,17,4,6,11,45,130,55,"106, DANIEL CASANOVA",43.32553,5.37413,Plein jour,En agglomération,Hors intersection,Normale,Deux véhicules - côté,,,,,,,,,,,1,2,1,1.0,3.0
201700009385,0017-04-06 15:30:00,17,4,6,15,30,130,55,"138, MIREILLE LAUZE (BOU",43.28321,5.41182,Plein jour,En agglomération,Intersection en X,Normale,Deux véhicules - frontale,,,,,,,,,,,1,2,2,1.0,1.0
201700009386,0017-04-06 15:30:00,17,4,6,15,30,130,55,ORANGE (RUE D'),43.31293,5.38628,Plein jour,En agglomération,Hors intersection,Normale,Autre collision,,,,,,,,,,,1,2,1,1.0,6.0
201700009387,0017-04-06 15:30:00,17,4,6,15,30,130,55,"63, JEAN MOULIN (BOULEVA",43.2855,5.39881,Plein jour,En agglomération,Hors intersection,Normale,Trois véhicules et plus - en chaîne,,,,,,,,,,,1,2,1,1.0,4.0
201700009388,0017-04-06 15:30:00,17,4,6,15,30,130,55,"166, PLOMBIERES (BOULEVA",43.3191,5.37909,Plein jour,En agglomération,Hors intersection,Normale,Deux véhicules - côté,,,,,,,,,,,1,2,1,1.0,3.0
201700009389,0017-04-06 18:45:00,17,4,6,18,45,130,55,93 Notre Dame des Grâces,43.33713,5.40909,Plein jour,En agglomération,Hors intersection,Normale,Autre collision,,,,,,,,,,,1,2,1,1.0,6.0
201700009390,0017-04-06 16:30:00,17,4,6,16,30,130,55,"148, TROIS LUCS A LA VAL",43.30544,5.4724,Plein jour,En agglomération,Hors intersection,Normale,Deux véhicules - côté,,,,,,,,,,,1,2,1,1.0,3.0
201700009391,0017-04-06 17:30:00,17,4,6,17,30,130,55,4 Passage de la Carmagno,43.33628,5.4382,Plein jour,En agglomération,Hors intersection,Normale,Deux véhicules - côté,,,,,,,,,,,1,2,1,1.0,3.0
201700009392,0017-04-06 21:30:00,17,4,6,21,30,130,55,"267, SAINT PIERRE (RUE)",43.29211,5.40224,Nuit avec éclairage allumé,En agglomération,Hors intersection,Normale,Autre collision,,,,,,,,,,,5,2,1,1.0,6.0
201700009393,0017-04-07 02:35:00,17,4,7,2,35,130,55,"2, MAURIAC (RUE)",43.27923,5.41698,Nuit avec éclairage allumé,En agglomération,Intersection en T,Normale,Sans collision,,,,,,,,,,,5,2,3,1.0,7.0
201700009394,0017-03-17 20:05:00,17,3,17,20,5,130,55,"205, RABATAU (BOULEVARD)",43.2822,5.39944,Nuit avec éclairage allumé,En agglomération,Hors intersection,Normale,Autre collision,,,,,,,,,,,5,2,1,1.0,6.0
201700009395,0017-03-08 18:15:00,17,3,8,18,15,130,55,MIRABEAU (BOULEVARD),43.31354,5.36726,Nuit avec éclairage allumé,Hors agglomération,Intersection en T,Normale,Deux véhicules - côté,,,,,,,,,,,5,1,3,1.0,3.0
201700009396,0017-04-06 18:00:00,17,4,6,18,0,130,55,"31, NEUF*(BOULEVARD)",43.33314,5.43221,Crépuscule ou aube,En agglomération,Hors intersection,Normale,Deux véhicules - frontale,,,,,,,,,,,2,2,1,1.0,1.0
201700009397,0017-04-07 17:00:00,17,4,7,17,0,130,55,"142, DANIEL CASANOVA",43.32715,5.37499,Plein jour,En agglomération,Hors intersection,Normale,Deux véhicules - arrière,,,,,,,,,,,1,2,1,1.0,2.0
201700009398,0017-04-07 21:33:00,17,4,7,21,33,130,55,26 Boulevard Longchamp,43.30114,5.3879,Nuit avec éclairage allumé,En agglomération,Intersection en X,Normale,Autre collision,,,,,,,,,,,5,2,2,1.0,6.0
201700009399,0017-04-08 11:30:00,17,4,8,11,30,130,55,"2, CESAR BOY (AVENUE)",43.29694,5.48376,Plein jour,En agglomération,Hors intersection,Normale,Autre collision,,,,,,,,,,,1,2,1,1.0,6.0
201700009400,0017-04-08 14:45:00,17,4,8,14,45,130,55,"12, BAILLE (BOULEVARD)",43.28639,5.38578,Plein jour,Hors agglomération,Intersection en X,Normale,Trois véhicules et plus - collisions multiples,,,,,,,,,,,1,1,2,1.0,5.0
201700009401,0017-04-08 22:30:00,17,4,8,22,30,130,55,ORANGE (RUE D'),43.31319,5.38627,Nuit avec éclairage allumé,En agglomération,Intersection à plus de 4 branches,Normale,Deux véhicules - frontale,,,,,,,,,,,5,2,5,1.0,1.0
201700009402,0017-04-08 23:30:00,17,4,8,23,30,130,55,130 Av. Roger Salengro,43.31519,5.37015,Nuit avec éclairage allumé,En agglomération,Hors intersection,Normale,Deux véhicules - côté,,,,,,,,,,,5,2,1,1.0,3.0
201700009403,0017-04-09 01:29:00,17,4,9,1,29,130,55,"181, CORNICHE*KENNEDY",43.28466,5.34984,Nuit avec éclairage allumé,En agglomération,Hors intersection,Normale,Deux véhicules - frontale,,,,,,,,,,,5,2,1,1.0,1.0
201700009404,0017-04-09 03:15:00,17,4,9,3,15,130,55,"31, SAINT LOUP (BOULEVAR",43.28219,5.42998,Nuit avec éclairage allumé,En agglomération,Hors intersection,Normale,Autre collision,,,,,,,,,,,5,2,1,1.0,6.0
201700009405,0017-04-09 03:50:00,17,4,9,3,50,130,55,"63, JEAN MOULIN (BOULEVA",43.28551,5.39881,Nuit avec éclairage allumé,En agglomération,Hors intersection,Normale,Deux véhicules - arrière,,,,,,,,,,,5,2,1,1.0,2.0
201700009406,0017-04-09 05:45:00,17,4,9,5,45,130,55,"36, bd JEAN MOULIN",43.28751,5.40027,Nuit avec éclairage allumé,En agglomération,Hors intersection,Normale,Autre collision,,,,,,,,,,,5,2,1,1.0,6.0
201700009407,0017-04-09 12:30:00,17,4,9,12,30,130,55,"20, BERNEX (bd)",43.24785,5.38388,Plein jour,En agglomération,Intersection en X,Normale,Deux véhicules - côté,,,,,,,,,,,1,2,2,1.0,3.0
201700009408,0017-04-09 14:20:00,17,4,9,14,20,130,55,"1, AV. RAIMU",43.32845,5.39785,Plein jour,En agglomération,Hors intersection,Normale,Autre collision,,,,,,,,,,,1,2,1,1.0,6.0
201700009409,0017-04-09 22:00:00,17,4,9,22,0,130,55,137 Rue Alphonse Daudet,43.32213,5.4124,Nuit avec éclairage allumé,En agglomération,Intersection en Y,Normale,Deux véhicules - côté,,,,,,,,,,,5,2,4,1.0,3.0
201700009410,0017-04-09 22:15:00,17,4,9,22,15,130,55,3 Boulevard Baille,43.28645,5.3855,Nuit avec éclairage allumé,En agglomération,Intersection en X,Normale,Autre collision,,,,,,,,,,,5,2,2,1.0,6.0
201700009411,0017-04-09 23:45:00,17,4,9,23,45,130,55,"95, CORSE*(AVENUE DE LA)",43.28909,5.35807,Nuit avec éclairage allumé,En agglomération,Hors intersection,Normale,Deux véhicules - côté,,,,,,,,,,,5,2,1,1.0,3.0
201700009412,0017-04-10 09:20:00,17,4,10,9,20,130,55,"37, GASTON FLOTT* (RUE)",43.29603,5.42494,Plein jour,En agglomération,Hors intersection,Normale,Deux véhicules - côté,,,,,,,,,,,1,2,1,1.0,3.0
201700009413,0017-04-10 10:30:00,17,4,10,10,30,130,55,"298, POILUS (AVENUE DES)",43.31553,5.46158,Plein jour,En agglomération,Hors intersection,Normale,Deux véhicules - arrière,,,,,,,,,,,1,2,1,1.0,2.0
201700009414,0017-04-10 10:40:00,17,4,10,10,40,130,55,7-9 Rue de l'Abbé Féraud,43.28576,5.39111,Plein jour,En agglomération,Autre intersection,Normale,Deux véhicules - côté,,,,,,,,,,,1,2,9,1.0,3.0
201700009415,0017-04-10 09:00:00,17,4,10,9,0,130,55,"80, CALLELONGUE*(RUE)",43.25571,5.39043,Plein jour,En agglomération,Hors intersection,Normale,Deux véhicules - côté,,,,,,,,,,,1,2,1,1.0,3.0
201700009416,0017-04-10 13:10:00,17,4,10,13,10,130,55,"27, Allée Léon Gambetta",43.29913,5.38256,Plein jour,En agglomération,Hors intersection,Normale,Autre collision,,,,,,,,,,,1,2,1,1.0,6.0
201700009417,0017-04-10 13:45:00,17,4,10,13,45,130,55,"40, DUNKERQUE",43.30679,5.36774,Plein jour,En agglomération,Hors intersection,Normale,Deux véhicules - côté,,,,,,,,,,,1,2,1,1.0,3.0
201700009418,0017-04-10 18:35:00,17,4,10,18,35,130,55,"94, PRADO (AVENUE DU)",43.28166,5.38614,Plein jour,En agglomération,Hors intersection,Normale,Deux véhicules - côté,,,,,,,,,,,1,2,1,1.0,3.0
201700009419,0017-04-10 13:30:00,17,4,10,13,30,130,55,335 Av. Prosper Mérimée,43.32839,5.39802,Plein jour,En agglomération,Hors intersection,Normale,Deux véhicules - arrière,,,,,,,,,,,1,2,1,1.0,2.0
201700009420,0017-04-07 12:30:00,17,4,7,12,30,130,55,"2, LIEUTAUD (COURS)",43.29602,5.38148,Plein jour,En agglomération,Hors intersection,Normale,Autre collision,,,,,,,,,,,1,2,1,1.0,6.0
201700009421,0017-04-02 09:00:00,17,4,2,9,0,130,55,"1, RIVE NEUVE (QUAI DE)",43.29398,5.37372,Plein jour,En agglomération,Hors intersection,Pluie légère,Deux véhicules - arrière,,,,,,,,,,,1,2,1,2.0,2.0
201700009422,0017-04-11 09:45:00,17,4,11,9,45,130,55,plage de l'Estaque,43.35814,5.28843,Plein jour,En agglomération,Hors intersection,Normale,Trois véhicules et plus - collisions multiples,,,,,,,,,,,1,2,1,1.0,5.0
201700009423,0017-04-12 05:30:00,17,4,12,5,30,130,75,2-10 Av. Georges Pompido,43.34068,5.46661,Plein jour,Hors agglomération,Intersection en T,Normale,Deux véhicules - frontale,,,,,,,,,,,1,1,3,1.0,1.0
201700009424,0017-04-05 15:30:00,17,4,5,15,30,130,55,"1, PRADO (AVENUE DU)",43.31005,5.36869,Plein jour,En agglomération,Hors intersection,Normale,Trois véhicules et plus - en chaîne,,,,,,,,,,,1,2,1,1.0,4.0
201700009425,0017-04-12 13:38:00,17,4,12,13,38,130,55,"104, RUFFI (RUE DE)",43.31404,5.36987,Plein jour,En agglomération,Hors intersection,Normale,Autre collision,,,,,,,,,,,1,2,1,1.0,6.0
201700009426,0017-04-12 17:15:00,17,4,12,17,15,130,55,Boulevard d'Athènes,43.29978,5.38085,Plein jour,En agglomération,Hors intersection,Normale,Deux véhicules - côté,,,,,,,,,,,1,2,1,1.0,3.0
201700009427,0017-04-12 18:45:00,17,4,12,18,45,130,55,"22, SAINT JEAN (AVENUE)",43.29628,5.36569,Plein jour,En agglomération,Hors intersection,Normale,Deux véhicules - arrière,,,,,,,,,,,1,2,1,1.0,2.0
201700009428,0017-04-12 19:47:00,17,4,12,19,47,130,55,Traverse des Faienciers,43.29475,5.43336,Plein jour,En agglomération,Giratoire,Normale,Deux véhicules - côté,,,,,,,,,,,1,2,6,1.0,3.0
201700009429,0017-04-12 21:30:00,17,4,12,21,30,130,55,"127, ENDOUME (RUE D')",43.28633,5.36314,Nuit avec éclairage allumé,En agglomération,Hors intersection,Normale,Sans collision,,,,,,,,,,,5,2,1,1.0,7.0
201700009430,0017-04-13 00:01:00,17,4,13,0,1,130,55,"5, BUREL*(BOULEVARD)",43.31595,5.38871,Nuit avec éclairage allumé,En agglomération,Hors intersection,Normale,Deux véhicules - frontale,,,,,,,,,,,5,2,1,1.0,1.0
201700009431,0017-04-13 03:00:00,17,4,13,3,0,130,55,"04, ERNEST DELIBES (PLAC",43.27908,5.38286,Nuit avec éclairage allumé,En agglomération,Intersection en X,Normale,Deux véhicules - côté,,,,,,,,,,,5,2,2,1.0,3.0
201700009432,0017-04-13 12:30:00,17,4,13,12,30,130,55,"60, GILLIBERT",43.26411,5.40538,Plein jour,Hors agglomération,Hors intersection,Normale,Deux véhicules - frontale,,,,,,,,,,,1,1,1,1.0,1.0
201700009433,0017-04-13 17:15:00,17,4,13,17,15,130,55,WRESINKI (rond point),43.33026,5.41013,Plein jour,En agglomération,Hors intersection,Normale,Deux véhicules - côté,,,,,,,,,,,1,2,1,1.0,3.0
201700009434,0017-04-13 18:10:00,17,4,13,18,10,130,55,"42, LA BONNAUDE (CHEMIN",43.25619,5.40474,Plein jour,En agglomération,Hors intersection,Normale,Deux véhicules - arrière,,,,,,,,,,,1,2,1,1.0,2.0
201700009435,0017-04-13 16:45:00,17,4,13,16,45,130,55,"13, REDON (BOULEVARD DU)",43.25623,5.41993,Plein jour,En agglomération,Hors intersection,Normale,Autre collision,,,,,,,,,,,1,2,1,1.0,6.0
201700009436,0017-04-13 18:15:00,17,4,13,18,15,130,55,"120, COMMANDANT*ROLLAND",43.26949,5.38141,Plein jour,En agglomération,Hors intersection,Normale,Deux véhicules - côté,,,,,,,,,,,1,2,1,1.0,3.0
201700009437,0017-04-14 11:25:00,17,4,14,11,25,130,55,"19, BELGES (QUAI DES)",43.29511,5.37437,Plein jour,En agglomération,Hors intersection,Normale,Autre collision,,,,,,,,,,,1,2,1,1.0,6.0
201700009438,0017-04-14 11:30:00,17,4,14,11,30,130,55,"129, (AVENUE DE LA) ROSE",43.32816,5.42519,Plein jour,En agglomération,Hors intersection,Normale,Deux véhicules - côté,,,,,,,,,,,1,2,1,1.0,3.0
201700009439,0017-04-14 13:20:00,17,4,14,13,20,130,55,"523, MAZARGUES (AVENUE D",43.25517,5.39408,Plein jour,En agglomération,Hors intersection,Normale,Deux véhicules - côté,,,,,,,,,,,1,2,1,1.0,3.0
201700009440,0017-04-14 19:00:00,17,4,14,19,0,130,55,32 Route de la Sablière,43.29308,5.47967,Plein jour,En agglomération,Autre intersection,Normale,Deux véhicules - côté,,,,,,,,,,,1,2,9,1.0,3.0
201700009441,0017-04-14 19:30:00,17,4,14,19,30,130,55,"91, ST JOSEPH A STE MART",43.34357,5.38532,Plein jour,En agglomération,Hors intersection,Normale,Deux véhicules - arrière,,,,,,,,,,,1,2,1,1.0,2.0
201700009442,0017-04-14 17:30:00,17,4,14,17,30,130,55,"26, LIEUTAUD *COURS",43.29446,5.38194,Plein jour,En agglomération,Hors intersection,Normale,Autre collision,,,,,,,,,,,1,2,1,1.0,6.0
201700009443,0017-04-14 22:00:00,17,4,14,22,0,130,55,Bd Ferdinand de Lesseps,43.32087,5.37479,Nuit avec éclairage allumé,En agglomération,Hors intersection,Normale,Deux véhicules - côté,,,,,,,,,,,5,2,1,1.0,3.0
201700009444,0017-04-15 00:45:00,17,4,15,0,45,130,55,"33, Maréchal Juin",43.31167,5.40363,Nuit avec éclairage allumé,En agglomération,Hors intersection,Normale,Autre collision,,,,,,,,,,,5,2,1,1.0,6.0
201700009445,0017-04-14 23:50:00,17,4,14,23,50,130,55,"141, BASSINS DE RADOUB (",43.32529,5.35964,Nuit avec éclairage allumé,En agglomération,Hors intersection,Normale,Deux véhicules - arrière,,,,,,,,,,,5,2,1,1.0,2.0
201700009446,0017-04-15 00:46:00,17,4,15,0,46,130,55,"00, COL DE LA GINESTE D5",43.2398,5.45221,Nuit sans éclairage public,Hors agglomération,Hors intersection,Normale,Deux véhicules - frontale,,,,,,,,,,,3,1,1,1.0,1.0
201700009447,0017-04-15 10:50:00,17,4,15,10,50,130,55,"59, MADRAGUE DE*MONTREDO",43.2368,5.36284,Plein jour,En agglomération,Hors intersection,Normale,Deux véhicules - côté,,,,,,,,,,,1,2,1,1.0,3.0
201700009448,0017-04-15 12:30:00,17,4,15,12,30,130,55,"327, MICHELET (BOULEVARD",43.25788,5.39962,Plein jour,En agglomération,Hors intersection,Normale,Deux véhicules - arrière,,,,,,,,,,,1,2,1,1.0,2.0