accident_id,datetime,annee,mois,jour,heure,minute,departement,commune_insee,adresse,latitude,longitude,luminosite,agglomeration,intersection,meteo,collision,nb_vehicules,nb_usagers,nb_indemnes,nb_tues,nb_blesses_hosp,nb_blesses_legers,age_cond_1,age_cond_2,veh_type_cond_1,veh_type_cond_2,lum_code,agg_code,int_code,atm_code,col_code
201700009449,0017-04-15 15:50:00,17,4,15,15,50,130,55,30 Rue de la Boiseraie,43.29499,5.42298,Plein jour,En agglomération,Intersection en T,Normale,Deux véhicules - côté,,,,,,,,,,,1,2,3,1.0,3.0
201700009450,0017-04-15 22:50:00,17,4,15,22,50,130,55,164 Bd de  Plombières,43.31894,5.37917,Nuit avec éclairage allumé,En agglomération,Intersection en X,Normale,Trois véhicules et plus - collisions multiples,,,,,,,,,,,5,2,2,1.0,5.0
201700009451,0017-04-16 10:30:00,17,4,16,10,30,130,55,Rue du Progrès,43.29711,5.39146,Plein jour,En agglomération,Intersection en X,Normale,Deux véhicules - côté,,,,,,,,,,,1,2,2,1.0,3.0
201700009452,0017-04-16 22:10:00,17,4,16,22,10,130,55,"00, JULES CANTINI (AVENU",43.28155,5.39168,Nuit avec éclairage allumé,En agglomération,Intersection en T,Normale,Deux véhicules - frontale,,,,,,,,,,,5,2,3,1.0,1.0
201700009453,0017-04-16 20:30:00,17,4,16,20,30,130,2,5 Chemin la Calèche,43.35336,5.48792,Crépuscule ou aube,En agglomération,Giratoire,Normale,Autre collision,,,,,,,,,,,2,2,6,1.0,6.0
201700009454,0017-04-13 13:00:00,17,4,13,13,0,130,55,Cargo Rhin Fidelity,43.32696,5.35668,Plein jour,En agglomération,Intersection en X,Normale,Deux véhicules - côté,,,,,,,,,,,1,2,2,1.0,3.0
201700009455,0017-04-17 11:23:00,17,4,17,11,23,130,55,"00, CHANTERAC (RUE DE)",43.31194,5.36691,Plein jour,Hors agglomération,Hors intersection,Normale,Autre collision,,,,,,,,,,,1,1,1,1.0,6.0
201700009456,0017-04-17 13:40:00,17,4,17,13,40,130,55,"96,Rue de l'Évêché",43.3015,5.36706,Plein jour,En agglomération,Hors intersection,Normale,Deux véhicules - arrière,,,,,,,,,,,1,2,1,1.0,2.0
201700009457,0017-04-17 16:10:00,17,4,17,16,10,130,55,"13, ENCO DE BOT (ROUTE)",43.31363,5.46581,Plein jour,En agglomération,Passage à niveau,Normale,Autre collision,,,,,,,,,,,1,2,8,1.0,6.0
201700009458,0017-04-18 07:20:00,17,4,18,7,20,130,55,Bd de la Blancarde,43.30347,5.40533,Plein jour,En agglomération,Intersection en T,Normale,Deux véhicules - côté,,,,,,,,,,,1,2,3,1.0,3.0
201700009459,0017-04-18 09:00:00,17,4,18,9,0,130,55,ROMAIN ROLLAND *BOUL,43.27721,5.41995,Plein jour,En agglomération,Intersection en Y,Normale,Autre collision,,,,,,,,,,,1,2,4,1.0,6.0
201700009460,0017-04-18 09:00:00,17,4,18,9,0,130,75,"149, FREDERIC  MISTRAL",43.35188,5.47592,Plein jour,En agglomération,Intersection en X,Normale,Trois véhicules et plus - en chaîne,,,,,,,,,,,1,2,2,1.0,4.0
201700009461,0017-04-18 08:35:00,17,4,18,8,35,130,55,2 Rue Papere,43.29725,5.38012,Plein jour,En agglomération,Hors intersection,Normale,Deux véhicules - arrière,,,,,,,,,,,1,2,1,1.0,2.0
201700009462,0017-04-17 11:45:00,17,4,17,11,45,130,55,103 POMPIDOU (PROMENADE),43.26229,5.37456,Plein jour,En agglomération,Hors intersection,Normale,Autre collision,,,,,,,,,,,1,2,1,1.0,6.0
201700009463,0017-04-18 16:00:00,17,4,18,16,0,130,55,"110, ALPHONSE DAUDET (RU",43.32062,5.40996,Plein jour,En agglomération,Intersection en T,Normale,Deux véhicules - frontale,,,,,,,,,,,1,2,3,1.0,1.0
201700009464,0017-04-18 13:50:00,17,4,18,13,50,130,55,ESCADRILLE NORMANDIE NIE,43.33342,5.41012,Plein jour,En agglomération,Intersection en T,Normale,Deux véhicules - côté,,,,,,,,,,,1,2,3,1.0,3.0
201700009465,0017-04-18 17:55:00,17,4,18,17,55,130,55,"00, FRERES CUBBEDU (RUE",43.31674,5.38241,Plein jour,En agglomération,Intersection en T,Normale,Deux véhicules - côté,,,,,,,,,,,1,2,3,1.0,3.0
201700009466,0017-04-18 16:50:00,17,4,18,16,50,130,75,"00, FRDRIC  CHEVILLON",43.3456,5.46152,Plein jour,En agglomération,Intersection en X,Normale,Autre collision,,,,,,,,,,,1,2,2,1.0,6.0
201700009467,0017-04-13 14:50:00,17,4,13,14,50,130,55,"1, LOUIS BOTINELLY*(RUE)",43.30324,5.40435,Plein jour,En agglomération,Hors intersection,Normale,Deux véhicules - arrière,,,,,,,,,,,1,2,1,1.0,2.0
201700009468,0017-04-19 07:50:00,17,4,19,7,50,130,55,"01, LAMBERTS (CHEMIN DES",43.29559,5.45229,Plein jour,En agglomération,Hors intersection,Normale,Deux véhicules - côté,,,,,,,,,,,1,2,1,1.0,3.0
201700009469,0017-04-19 10:15:00,17,4,19,10,15,130,55,5 Rue d'Anthoine,43.31646,5.36837,Plein jour,En agglomération,Intersection en X,Normale,Deux véhicules - côté,,,,,,,,,,,1,2,2,1.0,3.0
201700009470,0017-04-06 15:00:00,17,4,6,15,0,130,55,"81, SAINT SUFFREN (RUE)",43.28766,5.3795,Plein jour,En agglomération,Hors intersection,Normale,Autre collision,,,,,,,,,,,1,2,1,1.0,6.0
201700009471,0017-03-14 08:50:00,17,3,14,8,50,130,55,"21, NAVARIN (RUE)",43.28996,5.38836,Plein jour,En agglomération,Intersection en X,Normale,Deux véhicules - côté,,,,,,,,,,,1,2,2,1.0,3.0
201700009472,0017-03-30 15:25:00,17,3,30,15,25,130,55,"2, GEORGE (RUE)",43.29843,5.39755,Plein jour,En agglomération,Hors intersection,Normale,Autre collision,,,,,,,,,,,1,2,1,1.0,6.0
201700009473,0017-04-19 21:00:00,17,4,19,21,0,130,55,"475, PRADO*(AVENUE DU)",43.26618,5.38153,Crépuscule ou aube,En agglomération,Hors intersection,Normale,Autre collision,,,,,,,,,,,2,2,1,1.0,6.0
201700009474,0017-04-19 11:30:00,17,4,19,11,30,130,55,"36, SAINT MARCEL",43.28872,5.45833,Plein jour,En agglomération,Intersection en T,Normale,Deux véhicules - côté,,,,,,,,,,,1,2,3,1.0,3.0
201700009475,0017-02-09 15:55:00,17,2,9,15,55,130,55,"77, CHARTREUX (AVENUE DE",43.30582,5.39945,Plein jour,En agglomération,Hors intersection,Pluie légère,Sans collision,,,,,,,,,,,1,2,1,2.0,7.0
201700009476,0017-04-16 19:30:00,17,4,16,19,30,130,55,8bis Av Jean Bouin,43.2672,5.40318,Plein jour,En agglomération,Hors intersection,Normale,Sans collision,,,,,,,,,,,1,2,1,1.0,7.0
201700009477,0017-04-15 19:30:00,17,4,15,19,30,130,55,"59, DAMES",43.30324,5.36589,Plein jour,En agglomération,Intersection en X,Normale,Deux véhicules - arrière,,,,,,,,,,,1,2,2,1.0,2.0
201700009478,0017-04-20 07:50:00,17,4,20,7,50,130,55,"46, DANIEL CASANOVA",43.32262,5.37461,Plein jour,En agglomération,Hors intersection,Normale,Deux véhicules - arrière,,,,,,,,,,,1,2,1,1.0,2.0
201700009479,0017-04-20 09:45:00,17,4,20,9,45,130,55,28 Bd Simon Bolivar,43.34265,5.37793,Plein jour,En agglomération,Hors intersection,Normale,Deux véhicules - côté,,,,,,,,,,,1,2,1,1.0,3.0
201700009480,0017-04-20 14:40:00,17,4,20,14,40,130,55,BARQUIERE (AVENUE DE LA),43.24552,5.39816,Plein jour,En agglomération,Intersection en X,Normale,Deux véhicules - côté,,,,,,,,,,,1,2,2,1.0,3.0
201700009481,0017-04-20 17:35:00,17,4,20,17,35,130,55,19 Avenue du Prado,43.26251,5.37574,Plein jour,En agglomération,Hors intersection,Normale,Autre collision,,,,,,,,,,,1,2,1,1.0,6.0
201700009482,0017-04-20 22:05:00,17,4,20,22,5,130,55,"438, PARADIS (RUE)",43.27539,5.38436,Nuit avec éclairage allumé,En agglomération,Hors intersection,Normale,Deux véhicules - frontale,,,,,,,,,,,5,2,1,1.0,1.0
201700009483,0017-04-21 05:40:00,17,4,21,5,40,130,75,1 Traverse du Jarret,43.33942,5.45507,Nuit avec éclairage allumé,En agglomération,Hors intersection,Normale,Autre collision,,,,,,,,,,,5,2,1,1.0,6.0
201700009484,0017-04-21 07:15:00,17,4,21,7,15,130,55,"156, JEAN LOMBARD (AVENU",43.28932,5.43774,Plein jour,En agglomération,Hors intersection,Normale,Deux véhicules - arrière,,,,,,,,,,,1,2,1,1.0,2.0
201700009485,0017-04-21 08:50:00,17,4,21,8,50,130,55,2 Grand Rue,43.3345,5.44895,Plein jour,En agglomération,Hors intersection,Normale,Deux véhicules - arrière,,,,,,,,,,,1,2,1,1.0,2.0
201700009486,0017-04-20 18:45:00,17,4,20,18,45,130,55,"101, CLOT BEY (AVENUE)",43.25863,5.3841,Plein jour,En agglomération,Hors intersection,Normale,Deux véhicules - côté,,,,,,,,,,,1,2,1,1.0,3.0
201700009487,0017-04-21 15:00:00,17,4,21,15,0,130,55,"115, CONDORCET*(RUE)",43.35769,5.33883,Plein jour,En agglomération,Hors intersection,Normale,Autre collision,,,,,,,,,,,1,2,1,1.0,6.0
201700009488,0017-04-21 18:10:00,17,4,21,18,10,130,55,"00, ESTAQUE PLAGE",43.35851,5.31858,Plein jour,Hors agglomération,Hors intersection,Normale,Deux véhicules - frontale,,,,,,,,,,,1,1,1,1.0,1.0
201700009489,0017-04-21 19:00:00,17,4,21,19,0,130,55,11 Av de Saint-Louis,43.34253,5.35968,Plein jour,En agglomération,Intersection en X,Normale,Deux véhicules - côté,,,,,,,,,,,1,2,2,1.0,3.0
201700009490,0017-04-18 18:05:00,17,4,18,18,5,130,55,Bd Mirabeau,43.31377,5.36803,Plein jour,En agglomération,Intersection en T,Normale,Deux véhicules - frontale,,,,,,,,,,,1,2,3,1.0,1.0
201700009491,0017-04-22 08:00:00,17,4,22,8,0,130,55,"12, LOUIS FRANGIN (RUE)",43.29497,5.40669,Plein jour,En agglomération,Hors intersection,Normale,Autre collision,,,,,,,,,,,1,2,1,1.0,6.0
201700009492,0017-04-13 09:00:00,17,4,13,9,0,130,55,"161, LIBERATION *BOULEVA",43.30102,5.39127,Plein jour,En agglomération,Hors intersection,Normale,Sans collision,,,,,,,,,,,1,2,1,1.0,7.0
201700009493,0017-04-22 10:00:00,17,4,22,10,0,130,55,"00, SAINTE MARTHE (AVENU",43.32185,5.38936,Plein jour,En agglomération,Intersection en T,Normale,Autre collision,,,,,,,,,,,1,2,3,1.0,6.0
201700009494,0017-04-22 19:15:00,17,4,22,19,15,130,55,"44, BAIGNOIR *RUE DU)",43.29993,5.37742,Crépuscule ou aube,En agglomération,Hors intersection,Normale,Autre collision,,,,,,,,,,,2,2,1,1.0,6.0
201700009495,0017-04-22 21:05:00,17,4,22,21,5,130,55,JEAN PAUL SARTRE (AVENUE,43.32911,5.43084,Nuit avec éclairage allumé,En agglomération,Intersection en T,Normale,Deux véhicules - côté,,,,,,,,,,,5,2,3,1.0,3.0
201700009496,0017-04-22 22:20:00,17,4,22,22,20,130,55,St Antoine à St Joseph,43.36809,5.36259,Nuit avec éclairage allumé,En agglomération,Intersection en X,Normale,Deux véhicules - côté,,,,,,,,,,,5,2,2,1.0,3.0
201700009497,0017-04-23 15:50:00,17,4,23,15,50,130,55,"218, CAILLOLS (AVENUE DE",43.30341,5.44186,Plein jour,En agglomération,Hors intersection,Normale,Deux véhicules - arrière,,,,,,,,,,,1,2,1,1.0,2.0
201700009498,0017-04-23 16:00:00,17,4,23,16,0,130,55,12 Av Millie Mathys,43.36532,5.34839,Plein jour,Hors agglomération,Hors intersection,Normale,Deux véhicules - côté,,,,,,,,,,,1,1,1,1.0,3.0
201700009499,0017-04-23 18:00:00,17,4,23,18,0,130,55,"50, ROCHES (AVENUE DES)",43.28032,5.36578,Plein jour,En agglomération,Hors intersection,Normale,Trois véhicules et plus - en chaîne,,,,,,,,,,,1,2,1,1.0,4.0
201700009500,0017-04-23 18:00:00,17,4,23,18,0,130,55,"923, WILLIAM BOOTH *AVEN",43.29618,5.44781,Plein jour,En agglomération,Hors intersection,Normale,Deux véhicules - côté,,,,,,,,,,,1,2,1,1.0,3.0
201700009501,0017-04-23 19:00:00,17,4,23,19,0,130,55,EDMOND ROSTAND (RUE),43.28526,5.38159,Crépuscule ou aube,En agglomération,Intersection en X,Normale,Deux véhicules - frontale,,,,,,,,,,,2,2,2,1.0,1.0
201700009502,0017-04-23 23:50:00,17,4,23,23,50,130,55,"49, DAMES (BOULEVARD DES",43.30289,5.36752,Nuit avec éclairage allumé,En agglomération,Intersection en X,Normale,Deux véhicules - côté,,,,,,,,,,,5,2,2,1.0,3.0
201700009503,0017-04-24 06:00:00,17,4,24,6,0,130,55,"00, GIBBES (CHEMIN DE)",43.32121,5.38036,Crépuscule ou aube,En agglomération,Hors intersection,Normale,Deux véhicules - côté,,,,,,,,,,,2,2,1,1.0,3.0
201700009504,0017-04-24 08:20:00,17,4,24,8,20,130,55,"46, CAPITAINE GEZE (BOUL",43.33066,5.37167,Plein jour,En agglomération,Hors intersection,Normale,Deux véhicules - arrière,,,,,,,,,,,1,2,1,1.0,2.0
201700009505,0017-04-24 06:00:00,17,4,24,6,0,130,55,18 Montée de Robien,43.28988,5.48482,Crépuscule ou aube,Hors agglomération,Hors intersection,Normale,Sans collision,,,,,,,,,,,2,1,1,1.0,7.0
201700009506,0017-04-24 11:50:00,17,4,24,11,50,130,55,"41, TIMONE (AVENUE DE LA",43.28564,5.40159,Plein jour,En agglomération,Intersection en T,Normale,Autre collision,,,,,,,,,,,1,2,3,1.0,6.0
201700009507,0017-04-24 12:40:00,17,4,24,12,40,130,55,116 Avenue André Zénatti,43.24586,5.39462,Plein jour,En agglomération,Hors intersection,Normale,Deux véhicules - côté,,,,,,,,,,,1,2,1,1.0,3.0
201700009508,0017-04-24 19:40:00,17,4,24,19,40,130,55,"11, JEAN BALLARD*(COURS)",43.29294,5.37471,Plein jour,En agglomération,Hors intersection,Normale,Deux véhicules - côté,,,,,,,,,,,1,2,1,1.0,3.0
201700009509,0017-04-21 19:00:00,17,4,21,19,0,130,55,"20, ROUGUIERE (ALLE DE",43.29588,5.45829,Plein jour,En agglomération,Hors intersection,Normale,Deux véhicules - côté,,,,,,,,,,,1,2,1,1.0,3.0
201700009510,0017-04-25 08:15:00,17,4,25,8,15,130,55,"82, LE CHATELIER",43.34633,5.36637,Plein jour,En agglomération,Hors intersection,Temps éblouissant,Autre collision,,,,,,,,,,,1,2,1,7.0,6.0
201700009511,0017-04-07 16:00:00,17,4,7,16,0,130,55,Théodore Thurner,43.29229,5.38348,Plein jour,En agglomération,Intersection en X,Normale,Deux véhicules - côté,,,,,,,,,,,1,2,2,1.0,3.0
201700009512,0017-04-25 12:40:00,17,4,25,12,40,130,55,"22, JEAN MOULIN *BOULEVA",43.29169,5.40027,Plein jour,En agglomération,Hors intersection,Normale,Deux véhicules - arrière,,,,,,,,,,,1,2,1,1.0,2.0
201700009513,0017-04-25 14:30:00,17,4,25,14,30,130,2,"23, MILLE ECUS (TRAVERSE",43.33715,5.47166,Plein jour,En agglomération,Hors intersection,Normale,Sans collision,,,,,,,,,,,1,2,1,1.0,7.0
201700009514,0017-04-25 17:30:00,17,4,25,17,30,130,55,"26, JOSEPH AIGUIER*(CHEM",43.25685,5.40403,Plein jour,Hors agglomération,Hors intersection,Normale,Trois véhicules et plus - en chaîne,,,,,,,,,,,1,1,1,1.0,4.0
201700009515,0017-04-25 21:00:00,17,4,25,21,0,130,55,"3, LAZARET (QUAI DU)",43.30583,5.36551,Nuit avec éclairage allumé,En agglomération,Hors intersection,Normale,Deux véhicules - arrière,,,,,,,,,,,5,2,1,1.0,2.0
201700009516,0017-04-26 07:20:00,17,4,26,7,20,130,55,2 Rue du Chantier,43.29285,5.36868,Plein jour,En agglomération,Intersection en T,Pluie légère,Autre collision,,,,,,,,,,,1,2,3,2.0,6.0
201700009517,0017-04-26 13:50:00,17,4,26,13,50,130,55,"412, MICHELET (BOULEVARD",43.25387,5.40182,Plein jour,En agglomération,Hors intersection,Normale,Deux véhicules - arrière,,,,,,,,,,,1,2,1,1.0,2.0
201700009518,0017-04-27 09:30:00,17,4,27,9,30,130,55,"80, SAINT JEROME (AVENUE",43.33296,5.42005,Plein jour,En agglomération,Hors intersection,Normale,Sans collision,,,,,,,,,,,1,2,1,1.0,7.0
201700009519,0017-04-27 16:00:00,17,4,27,16,0,130,55,"35, CORSE*(AVENUE DE LA)",43.28928,5.36333,Plein jour,En agglomération,Hors intersection,Normale,Sans collision,,,,,,,,,,,1,2,1,1.0,7.0
201700009520,0017-04-27 19:30:00,17,4,27,19,30,130,55,"125, ENDOUME (RUE D')",43.28637,5.36323,Plein jour,En agglomération,Hors intersection,Normale,Deux véhicules - arrière,,,,,,,,,,,1,2,1,1.0,2.0
201700009521,0017-04-28 13:30:00,17,4,28,13,30,130,55,"97, VALBARELLE",43.28754,5.44801,Plein jour,En agglomération,Hors intersection,Normale,Deux véhicules - côté,,,,,,,,,,,1,2,1,1.0,3.0
201700009522,0017-04-28 13:00:00,17,4,28,13,0,130,55,"18, GUSTAVE GANAY *BOULE",43.26595,5.40024,Plein jour,En agglomération,Intersection en T,Normale,Deux véhicules - côté,,,,,,,,,,,1,2,3,1.0,3.0
201700009523,0017-04-28 14:36:00,17,4,28,14,36,130,55,"51, PRADO*(AVENUE DU)",43.2833,5.38527,Plein jour,En agglomération,Hors intersection,Normale,Deux véhicules - côté,,,,,,,,,,,1,2,1,1.0,3.0
201700009524,0017-04-28 23:35:00,17,4,28,23,35,130,55,"27, CORSE*(AVENUE DE LA)",43.28941,5.36396,Nuit avec éclairage allumé,En agglomération,Intersection en T,Normale,Deux véhicules - côté,,,,,,,,,,,5,2,3,1.0,3.0
201700009525,0017-04-29 04:45:00,17,4,29,4,45,130,55,"337, CORNICHE*KENNEDY",43.27292,5.36296,Nuit avec éclairage allumé,En agglomération,Hors intersection,Normale,Autre collision,,,,,,,,,,,5,2,1,1.0,6.0
201700009526,0017-04-29 05:40:00,17,4,29,5,40,130,55,"00, DOCTEUR JEAN FIOLLE",43.28474,5.38182,Nuit avec éclairage allumé,En agglomération,Intersection en X,Normale,Deux véhicules - côté,,,,,,,,,,,5,2,2,1.0,3.0
201700009527,0017-04-29 10:15:00,17,4,29,10,15,130,55,"17,*CASSIN (RUE)",43.316,5.37323,Plein jour,En agglomération,Hors intersection,Normale,Autre collision,,,,,,,,,,,1,2,1,1.0,6.0
201700009528,0017-04-24 18:00:00,17,4,24,18,0,130,55,"40, VOLTAIRE",43.30244,5.38395,Plein jour,En agglomération,Hors intersection,Normale,Sans collision,,,,,,,,,,,1,2,1,1.0,7.0
201700009529,0017-04-29 12:00:00,17,4,29,12,0,130,55,"12, ROUX*(RUE DE)",43.31022,5.40732,Plein jour,En agglomération,Hors intersection,Normale,Deux véhicules - côté,,,,,,,,,,,1,2,1,1.0,3.0
201700009530,0017-04-29 14:20:00,17,4,29,14,20,130,55,"46, LODI (RUE DE)",43.2901,5.38661,Plein jour,En agglomération,Hors intersection,Normale,Autre collision,,,,,,,,,,,1,2,1,1.0,6.0
201700009531,0017-04-29 21:40:00,17,4,29,21,40,130,55,"148, MENDES FRANCE",43.2541,5.37608,Nuit avec éclairage allumé,En agglomération,Hors intersection,Normale,Deux véhicules - arrière,,,,,,,,,,,5,2,1,1.0,2.0
201700009532,0017-04-30 08:40:00,17,4,30,8,40,130,55,136 Chemin du Littoral,43.33645,5.35319,Plein jour,En agglomération,Hors intersection,Normale,Autre collision,,,,,,,,,,,1,2,1,1.0,6.0
201700009533,0017-04-30 13:15:00,17,4,30,13,15,130,55,"36, SAINT MARCEL (BOULEV",43.2887,5.45793,Plein jour,En agglomération,Hors intersection,Normale,Deux véhicules - arrière,,,,,,,,,,,1,2,1,1.0,2.0
201700009534,0017-04-30 22:15:00,17,4,30,22,15,130,55,"77, PIERRE DOIZE* (RUE)",43.27873,5.42823,Nuit avec éclairage allumé,En agglomération,Hors intersection,Pluie légère,Deux véhicules - côté,,,,,,,,,,,5,2,1,2.0,3.0
201700009535,0017-04-30 20:50:00,17,4,30,20,50,130,55,37 Av de Saint-Just,43.31401,5.40275,Crépuscule ou aube,Hors agglomération,Intersection en X,Normale,Deux véhicules - côté,,,,,,,,,,,2,1,2,1.0,3.0
201700009536,0017-05-01 09:50:00,17,5,1,9,50,130,55,FLORIAN ( ROND POINT,43.28506,5.42525,Plein jour,En agglomération,Intersection en T,Normale,Deux véhicules - côté,,,,,,,,,,,1,2,3,1.0,3.0
201700009537,0017-05-01 11:00:00,17,5,1,11,0,130,55,"120, SAINT LOUP (BOULEVA",43.2829,5.43245,Plein jour,Hors agglomération,Hors intersection,Normale,Autre collision,,,,,,,,,,,1,1,1,1.0,6.0
201700009538,0017-05-01 15:00:00,17,5,1,15,0,130,55,36 Boulevard National,43.30347,5.38597,Plein jour,En agglomération,Intersection en T,Normale,Deux véhicules - arrière,,,,,,,,,,,1,2,3,1.0,2.0
201700009539,0017-05-01 23:50:00,17,5,1,23,50,130,55,"81, WILLIAM BOOTH (AVENU",43.29446,5.44266,Nuit avec éclairage allumé,En agglomération,Hors intersection,Normale,Autre collision,,,,,,,,,,,5,2,1,1.0,6.0
201700009540,0017-05-02 07:55:00,17,5,2,7,55,130,55,487 Rue Jean Queillau,43.34022,5.38677,Plein jour,En agglomération,Hors intersection,Normale,Deux véhicules - frontale,,,,,,,,,,,1,2,1,1.0,1.0
201700009541,0017-05-02 09:45:00,17,5,2,9,45,130,55,22 Bd Jean Moulin,43.29101,5.39999,Plein jour,Hors agglomération,Hors intersection,Normale,Deux véhicules - frontale,,,,,,,,,,,1,1,1,1.0,1.0
201700009542,0017-04-27 15:15:00,17,4,27,15,15,130,55,"109, CHEMIN DU LITTORAL",43.33505,5.35464,Plein jour,En agglomération,Hors intersection,Normale,Deux véhicules - frontale,,,,,,,,,,,1,2,1,1.0,1.0
201700009543,0017-05-02 14:20:00,17,5,2,14,20,130,55,"32, PORT (QUAI DU)",43.29633,5.37225,Plein jour,En agglomération,Hors intersection,Normale,Sans collision,,,,,,,,,,,1,2,1,1.0,7.0
201700009544,0017-05-02 19:25:00,17,5,2,19,25,130,55,"81,*MARTEGAUX (CHEMIN)",43.32462,5.44497,Plein jour,En agglomération,Hors intersection,Normale,Sans collision,,,,,,,,,,,1,2,1,1.0,7.0
201700009545,0017-05-02 18:50:00,17,5,2,18,50,130,55,"29, CHEVALIER ROZE (RUE",43.29775,5.37209,Plein jour,En agglomération,Intersection en X,Normale,Deux véhicules - côté,,,,,,,,,,,1,2,2,1.0,3.0
201700009546,0017-05-03 07:10:00,17,5,3,7,10,130,55,2 Rue Nègre,43.28997,5.39884,Plein jour,Hors agglomération,Intersection en X,Normale,Autre collision,,,,,,,,,,,1,1,2,1.0,6.0
201700009547,0017-05-03 09:00:00,17,5,3,9,0,130,55,2 Allée Marcel Soulat,43.32341,5.3893,Plein jour,En agglomération,Intersection en T,Normale,Deux véhicules - côté,,,,,,,,,,,1,2,3,1.0,3.0
201700009548,0017-05-03 11:50:00,17,5,3,11,50,130,55,102 Rue Roger Brun,43.28503,5.39441,Plein jour,En agglomération,Passage à niveau,Normale,Autre collision,,,,,,,,,,,1,2,8,1.0,6.0
201700009549,0017-04-19 17:00:00,17,4,19,17,0,130,55,"136, MENDES FRANCE (AVEN",43.25561,5.37643,Plein jour,En agglomération,Hors intersection,Normale,Autre collision,,,,,,,,,,,1,2,1,1.0,6.0
201700009550,0017-04-26 09:15:00,17,4,26,9,15,130,55,ALBE (RUE),43.31371,5.40627,Plein jour,En agglomération,Intersection en T,Normale,Deux véhicules - côté,,,,,,,,,,,1,2,3,1.0,3.0
201700009551,0017-04-19 08:40:00,17,4,19,8,40,130,55,HENRI BARBUSSE (RUE),43.29699,5.37422,Plein jour,En agglomération,Intersection en T,Normale,Autre collision,,,,,,,,,,,1,2,3,1.0,6.0
201700009552,0017-05-03 09:45:00,17,5,3,9,45,130,55,LOUIS REGIS (RUE),43.28911,5.49701,Plein jour,En agglomération,Intersection en X,Normale,Deux véhicules - arrière,,,,,,,,,,,1,2,2,1.0,2.0
201700009553,0017-04-28 12:00:00,17,4,28,12,0,130,55,"7, NOTRE DAME (BOULEVARD",43.29009,5.37252,Plein jour,En agglomération,Intersection en X,Normale,Sans collision,,,,,,,,,,,1,2,2,1.0,7.0
201700009554,0017-05-03 13:25:00,17,5,3,13,25,130,55,"2, Général FERRIE (PLACE",43.27759,5.39898,Plein jour,En agglomération,Autre intersection,Normale,Deux véhicules - frontale,,,,,,,,,,,1,2,9,1.0,1.0
201700009555,0017-05-03 13:30:00,17,5,3,13,30,130,55,21 Av Colgate,43.23421,5.40917,Plein jour,En agglomération,Hors intersection,Normale,Trois véhicules et plus - collisions multiples,,,,,,,,,,,1,2,1,1.0,5.0
201700009556,0017-05-02 12:35:00,17,5,2,12,35,130,55,34 Rue Fort Notre Dame,43.29169,5.37182,Plein jour,En agglomération,Intersection en X,Pluie légère,Autre collision,,,,,,,,,,,1,2,2,2.0,6.0
201700009557,0017-05-03 18:30:00,17,5,3,18,30,130,55,27-39 Av Louis Malosse,43.29995,5.45031,Crépuscule ou aube,En agglomération,Hors intersection,Normale,Autre collision,,,,,,,,,,,2,2,1,1.0,6.0
201700009558,0017-05-02 23:45:00,17,5,2,23,45,130,55,"130, MORGIOU*(chemin de",43.23969,5.40751,Nuit avec éclairage allumé,En agglomération,Hors intersection,Normale,Autre collision,,,,,,,,,,,5,2,1,1.0,6.0
201700009559,0017-05-03 21:25:00,17,5,3,21,25,130,55,VALBARELLE (BOULEVAR,43.28837,5.45158,Nuit avec éclairage allumé,En agglomération,Intersection en T,Normale,Deux véhicules - côté,,,,,,,,,,,5,2,3,1.0,3.0
201700009560,0017-05-04 12:25:00,17,5,4,12,25,130,55,"35, ALEXANDRE DUMAS (RUE",43.26354,5.38925,Plein jour,En agglomération,Hors intersection,Normale,Trois véhicules et plus - collisions multiples,,,,,,,,,,,1,2,1,1.0,5.0
201700009561,0017-04-26 17:55:00,17,4,26,17,55,130,55,"55, VAUBAN (BOULEVARD)",43.28394,5.37567,Plein jour,En agglomération,Intersection en Y,Normale,Sans collision,,,,,,,,,,,1,2,4,1.0,7.0
201700009562,0017-04-26 19:50:00,17,4,26,19,50,130,55,"59, LODI*(RUE DE)",43.28989,5.38684,Crépuscule ou aube,Hors agglomération,Intersection en T,Normale,Deux véhicules - côté,,,,,,,,,,,2,1,3,1.0,3.0
201700009563,0017-05-04 16:30:00,17,5,4,16,30,130,55,26 Avenue du Prado,43.28427,5.38463,Plein jour,En agglomération,Hors intersection,Normale,Autre collision,,,,,,,,,,,1,2,1,1.0,6.0
201700009564,0017-05-05 06:40:00,17,5,5,6,40,130,55,128 Bd Romain Rolland,43.27731,5.41998,Plein jour,En agglomération,Hors intersection,Normale,Deux véhicules - arrière,,,,,,,,,,,1,2,1,1.0,2.0
201700009565,0017-05-05 16:40:00,17,5,5,16,40,130,55,"57, ROMAIN ROLLAND (BOUL",43.27861,5.42442,Plein jour,En agglomération,Hors intersection,Normale,Autre collision,,,,,,,,,,,1,2,1,1.0,6.0
201700009566,0017-05-05 18:00:00,17,5,5,18,0,130,55,"352, MICHELET (BOULEVARD",43.25724,5.39992,Plein jour,En agglomération,Hors intersection,Normale,Autre collision,,,,,,,,,,,1,2,1,1.0,6.0
201700009567,0017-05-05 17:45:00,17,5,5,17,45,130,55,"1, BOISSELOT (RUE)",43.31917,5.38511,Plein jour,En agglomération,Hors intersection,Normale,Trois véhicules et plus - en chaîne,,,,,,,,,,,1,2,1,1.0,4.0
201700009568,0017-05-05 18:30:00,17,5,5,18,30,130,55,Avenue Jean Paul Sartre,43.32483,5.42202,Plein jour,Hors agglomération,Hors intersection,Normale,Deux véhicules - côté,,,,,,,,,,,1,1,1,1.0,3.0