accident_id,datetime,annee,mois,jour,heure,minute,departement,commune_insee,adresse,latitude,longitude,luminosite,agglomeration,intersection,meteo,collision,nb_vehicules,nb_usagers,nb_indemnes,nb_tues,nb_blesses_hosp,nb_blesses_legers,age_cond_1,age_cond_2,veh_type_cond_1,veh_type_cond_2,lum_code,agg_code,int_code,atm_code,col_code
201700009569,0017-05-06 00:14:00,17,5,6,0,14,130,55,161 Rue Breteuil,43.28482,5.37805,Nuit avec éclairage allumé,En agglomération,Hors intersection,Normale,Autre collision,,,,,,,,,,,5,2,1,1.0,6.0
201700009570,0017-05-06 01:10:00,17,5,6,1,10,130,55,"55, DAMES (BOULEVARD DES",43.30313,5.36645,Nuit avec éclairage allumé,En agglomération,Intersection en X,Normale,Deux véhicules - côté,,,,,,,,,,,5,2,2,1.0,3.0
201700009571,0017-04-14 18:45:00,17,4,14,18,45,130,55,Jean-Gaspard Vence,43.31512,5.36621,Plein jour,En agglomération,Hors intersection,Normale,Autre collision,,,,,,,,,,,1,2,1,1.0,6.0
201700009572,0017-05-06 06:20:00,17,5,6,6,20,130,55,FRANOISE DUPARC (BO,43.30701,5.40123,Plein jour,En agglomération,Hors intersection,Normale,Autre collision,,,,,,,,,,,1,2,1,1.0,6.0
201700009573,0017-05-06 11:45:00,17,5,6,11,45,130,75,"36, PAUL SIRVENT (AVE)",43.34356,5.4666,Plein jour,En agglomération,Hors intersection,Pluie forte,Autre collision,,,,,,,,,,,1,2,1,3.0,6.0
201700009574,0017-05-06 17:45:00,17,5,6,17,45,130,55,4982 Quai de la Joliette,43.30459,5.36514,Plein jour,En agglomération,Hors intersection,Normale,Autre collision,,,,,,,,,,,1,2,1,1.0,6.0
201700009575,0017-05-07 01:12:00,17,5,7,1,12,130,55,13 Rue Villeneuve,43.30031,5.38235,Nuit avec éclairage allumé,En agglomération,Intersection en X,Normale,Deux véhicules - côté,,,,,,,,,,,5,2,2,1.0,3.0
201700009576,0017-05-07 16:45:00,17,5,7,16,45,130,55,"200, PARIS (BOULEVARD DE",43.31377,5.36803,Plein jour,En agglomération,Intersection en X,Normale,Deux véhicules - côté,,,,,,,,,,,1,2,2,1.0,3.0
201700009577,0017-05-07 16:20:00,17,5,7,16,20,130,55,70 Rue Albe,43.31176,5.40511,Plein jour,En agglomération,Hors intersection,Normale,Autre collision,,,,,,,,,,,1,2,1,1.0,6.0
201700009578,0017-05-07 19:00:00,17,5,7,19,0,130,55,1 Bd Léon,43.26572,5.3982,Plein jour,En agglomération,Intersection en T,Normale,Deux véhicules - frontale,,,,,,,,,,,1,2,3,1.0,1.0
201700009579,0017-04-26 13:45:00,17,4,26,13,45,130,55,"75, CORNICHE*KENNEDY",43.28924,5.35471,Plein jour,En agglomération,Hors intersection,Pluie légère,Deux véhicules - arrière,,,,,,,,,,,1,2,1,2.0,2.0
201700009580,0017-05-05 13:25:00,17,5,5,13,25,130,55,"329, MICHELET (BOULEVARD",43.25756,5.3998,Plein jour,En agglomération,Hors intersection,Normale,Trois véhicules et plus - collisions multiples,,,,,,,,,,,1,2,1,1.0,5.0
201700009581,0017-04-06 14:00:00,17,4,6,14,0,130,55,22 Rue Charras,43.29023,5.35745,Plein jour,En agglomération,Intersection en X,Normale,Deux véhicules - côté,,,,,,,,,,,1,2,2,1.0,3.0
201700009582,0017-04-24 13:33:00,17,4,24,13,33,130,55,"2, ALEX. FLEMING (BOULE",43.31576,5.4011,Plein jour,En agglomération,Hors intersection,Normale,Deux véhicules - arrière,,,,,,,,,,,1,2,1,1.0,2.0
201700009583,0017-05-07 08:30:00,17,5,7,8,30,130,55,15 Chemin des Bourrely,43.37556,5.35809,Plein jour,En agglomération,Hors intersection,Normale,Deux véhicules - frontale,,,,,,,,,,,1,2,1,1.0,1.0
201700009584,0017-05-09 11:30:00,17,5,9,11,30,130,55,"120, RABATAU*(BOULEVARD)",43.27816,5.39925,Plein jour,En agglomération,Hors intersection,Normale,Trois véhicules et plus - collisions multiples,,,,,,,,,,,1,2,1,1.0,5.0
201700009585,0017-05-09 11:36:00,17,5,9,11,36,130,55,Rue Raymonde Martin,43.33018,5.40975,Plein jour,En agglomération,Giratoire,Normale,Deux véhicules - côté,,,,,,,,,,,1,2,6,1.0,3.0
201700009586,0017-05-09 12:10:00,17,5,9,12,10,130,55,"50, BOUYALA D'ARNAUD",43.29756,5.44079,Plein jour,En agglomération,Hors intersection,Normale,Autre collision,,,,,,,,,,,1,2,1,1.0,6.0
201700009587,0017-05-09 11:40:00,17,5,9,11,40,130,55,2 Imp. Jules Arnaud,43.30736,5.4039,Plein jour,En agglomération,Hors intersection,Normale,Autre collision,,,,,,,,,,,1,2,1,1.0,6.0
201700009588,0017-05-09 15:55:00,17,5,9,15,55,130,55,"71, SAINT PAUL (AVENUE)",43.32957,5.40355,Plein jour,En agglomération,Intersection en T,Normale,Deux véhicules - côté,,,,,,,,,,,1,2,3,1.0,3.0
201700009589,0017-05-09 16:15:00,17,5,9,16,15,130,55,172 Bd Baille,43.28865,5.39415,Plein jour,En agglomération,Hors intersection,Normale,Deux véhicules - arrière,,,,,,,,,,,1,2,1,1.0,2.0
201700009590,0017-05-09 17:00:00,17,5,9,17,0,130,2,ALLAUCH A PICHAURIS,43.36754,5.52478,Plein jour,Hors agglomération,Hors intersection,Normale,Deux véhicules - frontale,,,,,,,,,,,1,1,1,1.0,1.0
201700009591,0017-05-09 17:40:00,17,5,9,17,40,130,55,52 Av Jules Cantini,43.28346,5.38828,Plein jour,En agglomération,Hors intersection,Normale,Autre collision,,,,,,,,,,,1,2,1,1.0,6.0
201700009592,0017-05-09 22:45:00,17,5,9,22,45,130,55,180 Av. de St Menet,43.28758,5.50902,Nuit avec éclairage allumé,En agglomération,Hors intersection,Normale,Deux véhicules - côté,,,,,,,,,,,5,2,1,1.0,3.0
201700009593,0017-04-28 17:30:00,17,4,28,17,30,130,55,"161,*CORNICHE KENNEDY",43.28614,5.35117,Plein jour,En agglomération,Hors intersection,Normale,Trois véhicules et plus - en chaîne,,,,,,,,,,,1,2,1,1.0,4.0
201700009594,0017-05-02 10:20:00,17,5,2,10,20,130,55,90 Rue Saint-Pierre,43.29248,5.39174,Plein jour,En agglomération,Hors intersection,Normale,Deux véhicules - côté,,,,,,,,,,,1,2,1,1.0,3.0
201700009595,0017-05-10 05:00:00,17,5,10,5,0,130,55,"2, VALBARELLE (BOULEVARD",43.28583,5.44256,Crépuscule ou aube,En agglomération,Hors intersection,Normale,Deux véhicules - côté,,,,,,,,,,,2,2,1,1.0,3.0
201700009596,0017-05-10 08:20:00,17,5,10,8,20,130,55,MAURIAC (RUE),43.26914,5.42494,Plein jour,En agglomération,Hors intersection,Normale,Deux véhicules - côté,,,,,,,,,,,1,2,1,1.0,3.0
201700009597,0017-05-10 14:05:00,17,5,10,14,5,130,55,"2, SAINT ANTOINE A SAINT",43.3496,5.37524,Plein jour,En agglomération,Intersection en T,Normale,Deux véhicules - côté,,,,,,,,,,,1,2,3,1.0,3.0
201700009598,0017-05-10 14:30:00,17,5,10,14,30,130,55,?  Rue Capitaine Galinat,43.28622,5.39874,Plein jour,En agglomération,Hors intersection,Normale,Autre collision,,,,,,,,,,,1,2,1,1.0,6.0
201700009599,0017-05-11 10:26:00,17,5,11,10,26,130,75,Mail du Général de Gaull,43.34681,5.46589,Plein jour,En agglomération,Giratoire,Normale,Autre collision,,,,,,,,,,,1,2,6,1.0,6.0
201700009600,0017-05-10 19:20:00,17,5,10,19,20,130,55,186 Bd Chave,43.29561,5.39685,Plein jour,En agglomération,Hors intersection,Normale,Autre collision,,,,,,,,,,,1,2,1,1.0,6.0
201700009601,0017-05-11 17:27:00,17,5,11,17,27,130,55,"190, BRETEUIL (RUE)",43.28157,5.3787,Plein jour,En agglomération,Hors intersection,Normale,Deux véhicules - côté,,,,,,,,,,,1,2,1,1.0,3.0
201700009602,0017-05-11 18:20:00,17,5,11,18,20,130,55,26-28 Bd Baudelaire,43.29431,5.40902,Plein jour,En agglomération,Hors intersection,Normale,Autre collision,,,,,,,,,,,1,2,1,1.0,6.0
201700009603,0017-05-11 17:00:00,17,5,11,17,0,130,55,"2, MAZARGUES (ROND-POINT",43.2506,5.40346,Plein jour,En agglomération,Giratoire,Normale,Deux véhicules - côté,,,,,,,,,,,1,2,6,1.0,3.0
201700009604,0017-05-11 23:20:00,17,5,11,23,20,130,55,"99, POMPIDOU (PROMENADE)",43.26194,5.37484,Nuit avec éclairage allumé,En agglomération,Hors intersection,Normale,Autre collision,,,,,,,,,,,5,2,1,1.0,6.0
201700009605,0017-05-11 23:15:00,17,5,11,23,15,130,2,"850, ETIENNE CUCCA-CD908",43.36362,5.49608,Nuit avec éclairage allumé,En agglomération,Hors intersection,Normale,Autre collision,,,,,,,,,,,5,2,1,1.0,6.0
201700009606,0017-05-12 00:10:00,17,5,12,0,10,130,55,192 Col de la Gineste,43.23986,5.45587,Nuit sans éclairage public,Hors agglomération,Hors intersection,Normale,Deux véhicules - frontale,,,,,,,,,,,3,1,1,1.0,1.0
201700009607,0017-05-12 00:06:00,17,5,12,0,6,130,55,047 Rue Cap Dessemond,43.28918,5.35455,Nuit avec éclairage allumé,En agglomération,Intersection en T,Normale,Deux véhicules - arrière,,,,,,,,,,,5,2,3,1.0,2.0
201700009608,0017-05-12 07:50:00,17,5,12,7,50,130,55,324 Av de Montolivet,43.31762,5.4174,Plein jour,En agglomération,Hors intersection,Normale,Deux véhicules - arrière,,,,,,,,,,,1,2,1,1.0,2.0
201700009609,0017-05-12 11:15:00,17,5,12,11,15,130,55,"32, route de laSABLIERE",43.29435,5.4809,Plein jour,En agglomération,Hors intersection,Normale,Deux véhicules - arrière,,,,,,,,,,,1,2,1,1.0,2.0
201700009610,0017-05-03 15:30:00,17,5,3,15,30,130,55,22b Av. du Prado,43.28438,5.38425,Plein jour,En agglomération,Hors intersection,Normale,Sans collision,,,,,,,,,,,1,2,1,1.0,7.0
201700009611,0017-05-12 13:20:00,17,5,12,13,20,130,55,"12, LIEUTAUD (COURS)",43.29529,5.38171,Plein jour,En agglomération,Hors intersection,Normale,Deux véhicules - arrière,,,,,,,,,,,1,2,1,1.0,2.0
201700009612,0017-05-12 19:30:00,17,5,12,19,30,130,55,"355, MICHELET (BOULEVARD",43.25606,5.4006,Plein jour,En agglomération,Hors intersection,Normale,Deux véhicules - arrière,,,,,,,,,,,1,2,1,1.0,2.0
201700009613,0017-05-13 04:00:00,17,5,13,4,0,130,55,1 Bd Dugommier,43.29762,5.38102,Nuit avec éclairage allumé,En agglomération,Intersection en X,Normale,Deux véhicules - côté,,,,,,,,,,,5,2,2,1.0,3.0
201700009614,0017-05-13 04:07:00,17,5,13,4,7,130,55,196 Av des Chartreux,43.31115,5.40098,Plein jour,Hors agglomération,Hors intersection,Normale,Autre collision,,,,,,,,,,,1,1,1,1.0,6.0
201700009615,0017-05-13 08:35:00,17,5,13,8,35,130,55,137-147 Bd Romain Rollan,43.27668,5.41875,Plein jour,En agglomération,Hors intersection,Normale,Deux véhicules - côté,,,,,,,,,,,1,2,1,1.0,3.0
201700009616,0017-05-13 08:45:00,17,5,13,8,45,130,55,"25/27, CORSE (AVENUE DE",43.28946,5.36403,Plein jour,En agglomération,Hors intersection,Normale,Deux véhicules - côté,,,,,,,,,,,1,2,1,1.0,3.0
201700009617,0017-05-13 12:00:00,17,5,13,12,0,130,55,"79, STRASBOURG (BOULEVAR",43.30893,5.37824,Plein jour,En agglomération,Hors intersection,Normale,Trois véhicules et plus - collisions multiples,,,,,,,,,,,1,2,1,1.0,5.0
201700009618,0017-05-09 10:30:00,17,5,9,10,30,130,55,"13, BELSUNCE (COURS)",43.29791,5.37682,Plein jour,En agglomération,Hors intersection,Normale,Deux véhicules - côté,,,,,,,,,,,1,2,1,1.0,3.0
201700009619,0017-05-13 12:45:00,17,5,13,12,45,130,55,13-15 Av.de Lattre de Ta,43.24994,5.40451,Plein jour,En agglomération,Hors intersection,Normale,Deux véhicules - côté,,,,,,,,,,,1,2,1,1.0,3.0
201700009620,0017-05-13 11:50:00,17,5,13,11,50,130,55,Av. de Saint-Just,43.31401,5.40282,Plein jour,Hors agglomération,Intersection en T,Normale,Deux véhicules - côté,,,,,,,,,,,1,1,3,1.0,3.0
201700009621,0017-05-13 11:26:00,17,5,13,11,26,130,55,"55, EMMANUEL ALLARD (RUE",43.29003,5.44104,Plein jour,En agglomération,Intersection en T,Normale,Deux véhicules - côté,,,,,,,,,,,1,2,3,1.0,3.0
201700009622,0017-05-13 18:40:00,17,5,13,18,40,130,55,2-7 Place Sébastopol,43.29869,5.39764,Plein jour,En agglomération,Hors intersection,Normale,Autre collision,,,,,,,,,,,1,2,1,1.0,6.0
201700009623,0017-05-13 22:00:00,17,5,13,22,0,130,55,"29, POMPIDOU (PROMENADE)",43.26609,5.37283,Nuit avec éclairage allumé,En agglomération,Autre intersection,Normale,Deux véhicules - côté,,,,,,,,,,,5,2,9,1.0,3.0
201700009624,0017-04-20 16:00:00,17,4,20,16,0,130,55,"15, BLANCARDE *BOULEVARD",43.30271,5.39777,Plein jour,En agglomération,Hors intersection,Normale,Autre collision,,,,,,,,,,,1,2,1,1.0,6.0
201700009625,0017-05-14 09:55:00,17,5,14,9,55,130,55,"105, ROGER SALENGRO (AVE",43.31453,5.37052,Plein jour,En agglomération,Intersection en X,Normale,Deux véhicules - côté,,,,,,,,,,,1,2,2,1.0,3.0
201700009626,0017-05-15 07:45:00,17,5,15,7,45,130,55,76 Bd Gillibert,43.26387,5.40436,Plein jour,En agglomération,Intersection en T,Normale,Deux véhicules - côté,,,,,,,,,,,1,2,3,1.0,3.0
201700009627,0017-05-15 11:45:00,17,5,15,11,45,130,55,13-25 Rue Sainte-Barbe,43.30129,5.37398,Plein jour,En agglomération,Place,Normale,Autre collision,,,,,,,,,,,1,2,7,1.0,6.0
201700009628,0017-05-15 14:20:00,17,5,15,14,20,130,55,519 Chemin du Littoral,43.35447,5.33344,Plein jour,En agglomération,Hors intersection,Normale,Deux véhicules - côté,,,,,,,,,,,1,2,1,1.0,3.0
201700009629,0017-05-15 12:50:00,17,5,15,12,50,130,2,"750, GENERAL MONTSABERT",43.35596,5.48677,Plein jour,En agglomération,Giratoire,Normale,Deux véhicules - côté,,,,,,,,,,,1,2,6,1.0,3.0
201700009630,0017-05-15 16:00:00,17,5,15,16,0,130,55,12-26 Bd Lavéran,43.32539,5.41442,Plein jour,En agglomération,Hors intersection,Normale,Autre collision,,,,,,,,,,,1,2,1,1.0,6.0
201700009631,0017-05-15 17:00:00,17,5,15,17,0,130,55,"02, FLORALIA (Rue)",43.24161,5.39388,Plein jour,En agglomération,Hors intersection,Normale,Deux véhicules - côté,,,,,,,,,,,1,2,1,1.0,3.0
201700009632,0017-05-15 18:12:00,17,5,15,18,12,130,55,"138, GASTON FLOTTE (RUE)",43.2989,5.42975,Plein jour,En agglomération,Intersection en T,Normale,Sans collision,,,,,,,,,,,1,2,3,1.0,7.0
201700009633,0017-05-15 23:45:00,17,5,15,23,45,130,55,"93, VALBARELLE*(BOULEVAR",43.28775,5.44897,Nuit avec éclairage allumé,En agglomération,Hors intersection,Normale,Deux véhicules - côté,,,,,,,,,,,5,2,1,1.0,3.0
201700009634,0017-05-16 04:40:00,17,5,16,4,40,130,55,"00, DAMES (BOULEVARD DES",43.30309,5.36664,Nuit avec éclairage non allumé,En agglomération,Intersection en T,Normale,Deux véhicules - côté,,,,,,,,,,,4,2,3,1.0,3.0
201700009635,0017-05-16 08:40:00,17,5,16,8,40,130,55,"98, PRADO (AVENUE DU)",43.28135,5.38631,Plein jour,En agglomération,Hors intersection,Normale,Deux véhicules - côté,,,,,,,,,,,1,2,1,1.0,3.0
201700009636,0017-05-16 17:45:00,17,5,16,17,45,130,55,"80, JULES CANTINI (AVENU",43.2822,5.39051,Plein jour,Hors agglomération,Hors intersection,Normale,Autre collision,,,,,,,,,,,1,1,1,1.0,6.0
201700009637,0017-05-12 11:45:00,17,5,12,11,45,130,55,"225, Chem du Roucas Blan",43.28096,5.36891,Plein jour,En agglomération,Hors intersection,Normale,Autre collision,,,,,,,,,,,1,2,1,1.0,6.0
201700009638,0017-05-10 19:30:00,17,5,10,19,30,130,55,8 Bd de la Liberté,43.30078,5.38146,Plein jour,En agglomération,Hors intersection,Normale,Deux véhicules - arrière,,,,,,,,,,,1,2,1,1.0,2.0
201700009639,0017-05-17 08:50:00,17,5,17,8,50,130,55,"42, 24 AVRIL 15 (AVENUE",43.30786,5.4299,Plein jour,En agglomération,Hors intersection,Normale,Deux véhicules - côté,,,,,,,,,,,1,2,1,1.0,3.0
201700009640,0017-05-17 09:10:00,17,5,17,9,10,130,55,39 Av de Luminy,43.24293,5.43817,Plein jour,Hors agglomération,Hors intersection,Normale,Deux véhicules - côté,,,,,,,,,,,1,1,1,1.0,3.0
201700009641,0017-05-17 14:00:00,17,5,17,14,0,130,55,"38, VISTE (AVENUE DE LA)",43.35561,5.35732,Plein jour,En agglomération,Hors intersection,Normale,Deux véhicules - frontale,,,,,,,,,,,1,2,1,1.0,1.0
201700009642,0017-05-16 19:30:00,17,5,16,19,30,130,106,"20, 8 MAI 1945 (AVENUE D",43.38811,5.3601,Plein jour,En agglomération,Hors intersection,Normale,Deux véhicules - côté,,,,,,,,,,,1,2,1,1.0,3.0
201700009643,0017-05-17 16:50:00,17,5,17,16,50,130,55,"10, REPUBLIQUE (RUE DE L",43.29694,5.37366,Plein jour,En agglomération,Intersection en X,Normale,Deux véhicules - côté,,,,,,,,,,,1,2,2,1.0,3.0
201700009644,0017-05-17 15:30:00,17,5,17,15,30,130,55,MAZENODE (AVENUE),43.28987,5.42635,Plein jour,En agglomération,Intersection en X,Normale,Trois véhicules et plus - collisions multiples,,,,,,,,,,,1,2,2,1.0,5.0
201700009645,0017-05-17 13:15:00,17,5,17,13,15,130,55,"404, MAZARGUES (AVENUE D",43.25795,5.39435,Plein jour,En agglomération,Hors intersection,Normale,Deux véhicules - côté,,,,,,,,,,,1,2,1,1.0,3.0
201700009646,0017-05-17 17:15:00,17,5,17,17,15,130,55,10 Bd Gillet,43.31286,5.41288,Plein jour,En agglomération,Hors intersection,Normale,Autre collision,,,,,,,,,,,1,2,1,1.0,6.0
201700009647,0017-04-12 11:10:00,17,4,12,11,10,130,55,NEUVE SAINT (RUE),43.29213,5.36898,Plein jour,En agglomération,Intersection en X,Normale,Deux véhicules - côté,,,,,,,,,,,1,2,2,1.0,3.0
201700009648,0017-05-08 12:20:00,17,5,8,12,20,130,55,"19, BELGES (QUAI DES)",43.29531,5.37432,Plein jour,En agglomération,Intersection en T,Normale,Autre collision,,,,,,,,,,,1,2,3,1.0,6.0
201700009649,0017-05-18 08:55:00,17,5,18,8,55,130,55,49 Av Alexandre Dumas,43.26315,5.38865,Plein jour,En agglomération,Hors intersection,Normale,Deux véhicules - arrière,,,,,,,,,,,1,2,1,1.0,2.0
201700009650,0017-05-13 13:45:00,17,5,13,13,45,130,55,10 Av Pasteur,43.2917,5.35899,Plein jour,En agglomération,Hors intersection,Normale,Autre collision,,,,,,,,,,,1,2,1,1.0,6.0
201700009651,0017-05-18 11:25:00,17,5,18,11,25,130,55,ROVE (ROUTE DU),43.358,5.2877,Plein jour,Hors agglomération,Hors intersection,Normale,Deux véhicules - côté,,,,,,,,,,,1,1,1,1.0,3.0
201700009652,0017-05-18 13:50:00,17,5,18,13,50,130,55,"431, (RUE) SAINT PIERRE",43.2917,5.41316,Plein jour,En agglomération,Hors intersection,Normale,Deux véhicules - côté,,,,,,,,,,,1,2,1,1.0,3.0
201700009653,0017-05-18 15:50:00,17,5,18,15,50,130,55,"42,Bd  DUNKERQUE",43.30841,5.36821,Plein jour,Hors agglomération,Hors intersection,Normale,Autre collision,,,,,,,,,,,1,1,1,1.0,6.0
201700009654,0017-05-18 19:00:00,17,5,18,19,0,130,55,"158, PEINTRES ROUX (AVEN",43.30024,5.4771,Plein jour,En agglomération,Giratoire,Normale,Deux véhicules - côté,,,,,,,,,,,1,2,6,1.0,3.0
201700009655,0017-05-18 17:50:00,17,5,18,17,50,130,55,"20, CHARLES NEDELEC (BOU",43.30261,5.37755,Plein jour,En agglomération,Hors intersection,Normale,Deux véhicules - côté,,,,,,,,,,,1,2,1,1.0,3.0
201700009656,0017-05-18 21:30:00,17,5,18,21,30,130,55,"8, PALAMA (CHEMIN DE)",43.35257,5.43779,Nuit avec éclairage allumé,En agglomération,Hors intersection,Normale,Deux véhicules - frontale,,,,,,,,,,,5,2,1,1.0,1.0
201700009657,0017-05-19 05:50:00,17,5,19,5,50,130,55,"63, VALBARELLE (CHEMIN D",43.28877,5.45948,Crépuscule ou aube,En agglomération,Hors intersection,Pluie légère,Autre collision,,,,,,,,,,,2,2,1,2.0,6.0
201700009658,0017-05-03 19:10:00,17,5,3,19,10,130,55,IENA (RUE D'),43.28588,5.39002,Plein jour,En agglomération,Intersection en X,Normale,Deux véhicules - côté,,,,,,,,,,,1,2,2,1.0,3.0
201700009659,0017-05-19 07:50:00,17,5,19,7,50,130,55,"161, ROMAIN ROLLAND (BOU",43.27625,5.41797,Plein jour,En agglomération,Intersection en T,Normale,Autre collision,,,,,,,,,,,1,2,3,1.0,6.0
201700009660,0017-05-19 07:45:00,17,5,19,7,45,130,55,"136, SAINT PIERRE*(RUE)",43.29218,5.39553,Plein jour,En agglomération,Hors intersection,Pluie légère,Sans collision,,,,,,,,,,,1,2,1,2.0,7.0
201700009661,0017-05-19 12:00:00,17,5,19,12,0,130,55,136 Av. de la Capelette,43.28089,5.40687,Plein jour,En agglomération,Hors intersection,Normale,Deux véhicules - côté,,,,,,,,,,,1,2,1,1.0,3.0
201700009662,0017-05-19 13:20:00,17,5,19,13,20,130,55,"84, LIBERATION (BOULEVAR",43.30069,5.3903,Plein jour,En agglomération,Hors intersection,Normale,Sans collision,,,,,,,,,,,1,2,1,1.0,7.0
201700009663,0017-05-19 17:55:00,17,5,19,17,55,130,55,150 Bd de Pont de Vivaux,43.28157,5.42564,Plein jour,En agglomération,Intersection en T,Normale,Deux véhicules - côté,,,,,,,,,,,1,2,3,1.0,3.0
201700009664,0017-05-19 21:00:00,17,5,19,21,0,130,55,"52, (RUE)*NEGRESKO",43.26919,5.38872,Nuit avec éclairage allumé,En agglomération,Hors intersection,Normale,Deux véhicules - côté,,,,,,,,,,,5,2,1,1.0,3.0
201700009665,0017-05-19 19:30:00,17,5,19,19,30,130,55,"65, MERIMEE",43.32782,5.39687,Plein jour,En agglomération,Hors intersection,Normale,Autre collision,,,,,,,,,,,1,2,1,1.0,6.0
201700009666,0017-05-20 15:00:00,17,5,20,15,0,130,55,"24, ANGELETTE (BOULEVARD",43.35679,5.3688,Plein jour,En agglomération,Hors intersection,Normale,Autre collision,,,,,,,,,,,1,2,1,1.0,6.0
201700009667,0017-05-20 17:00:00,17,5,20,17,0,130,55,24-34 Rue des Mousses,43.26538,5.37688,Plein jour,En agglomération,Hors intersection,Normale,Autre collision,,,,,,,,,,,1,2,1,1.0,6.0
201700009668,0017-05-20 20:00:00,17,5,20,20,0,130,55,"3, KLEBER (RUE)",43.30674,5.37411,Plein jour,En agglomération,Intersection en T,Normale,Deux véhicules - côté,,,,,,,,,,,1,2,3,1.0,3.0
201700009669,0017-05-21 13:55:00,17,5,21,13,55,130,55,11 Place Castellane,43.286,5.38399,Plein jour,En agglomération,Giratoire,Normale,Deux véhicules - côté,,,,,,,,,,,1,2,6,1.0,3.0
201700009670,0017-05-16 09:00:00,17,5,16,9,0,130,55,67 Bd Camille Flammarion,43.30601,5.39354,Plein jour,En agglomération,Place,Normale,Deux véhicules - côté,,,,,,,,,,,1,2,7,1.0,3.0
201700009671,0017-05-22 05:30:00,17,5,22,5,30,130,55,78 Bd Ste-Marguerite,43.26831,5.40574,Crépuscule ou aube,En agglomération,Hors intersection,Normale,Autre collision,,,,,,,,,,,2,2,1,1.0,6.0
201700009672,0017-05-19 13:30:00,17,5,19,13,30,130,55,"119, ch. SAINTE MARTHE",43.32479,5.38835,Plein jour,En agglomération,Hors intersection,Normale,Deux véhicules - côté,,,,,,,,,,,1,2,1,1.0,3.0
201700009673,0017-05-22 08:15:00,17,5,22,8,15,130,55,"38, REPUBLIQUE",43.29881,5.37209,Plein jour,En agglomération,Hors intersection,Normale,Autre collision,,,,,,,,,,,1,2,1,1.0,6.0
201700009674,0017-05-22 14:18:00,17,5,22,14,18,130,55,428-430 Bd National,43.31484,5.37169,Plein jour,En agglomération,Hors intersection,Normale,Autre collision,,,,,,,,,,,1,2,1,1.0,6.0
201700009675,0017-05-22 16:35:00,17,5,22,16,35,130,55,"10, PIERRE CHEVALIER *av",43.29508,5.42418,Plein jour,En agglomération,Hors intersection,Normale,Sans collision,,,,,,,,,,,1,2,1,1.0,7.0
201700009676,0017-05-23 22:30:00,17,5,23,22,30,130,55,"54, Bd, PAUL ARENE",43.31824,5.38321,Nuit avec éclairage allumé,En agglomération,Hors intersection,Normale,Deux véhicules - frontale,,,,,,,,,,,5,2,1,1.0,1.0
201700009677,0017-05-22 07:15:00,17,5,22,7,15,130,55,87 Bd Alphonse Allais,43.34124,5.38038,Crépuscule ou aube,En agglomération,Intersection en T,Normale,Deux véhicules - côté,,,,,,,,,,,2,2,3,1.0,3.0
201700009678,0017-05-23 07:10:00,17,5,23,7,10,130,55,123 Av. de Hambourg,43.2493,5.39031,Plein jour,En agglomération,Hors intersection,Normale,Autre collision,,,,,,,,,,,1,2,1,1.0,6.0
201700009679,0017-05-23 12:30:00,17,5,23,12,30,130,55,"08, VERDILLON (RUE)",43.2764,5.42157,Plein jour,En agglomération,Hors intersection,Normale,Deux véhicules - frontale,,,,,,,,,,,1,2,1,1.0,1.0
201700009680,0017-05-23 13:50:00,17,5,23,13,50,130,55,88 Cours Lieutaud,43.29188,5.38277,Plein jour,En agglomération,Hors intersection,Normale,Deux véhicules - arrière,,,,,,,,,,,1,2,1,1.0,2.0
201700009681,0017-05-22 11:25:00,17,5,22,11,25,130,55,"143, FRANOISE DUPARC (B",43.30806,5.40211,Plein jour,En agglomération,Hors intersection,Normale,Deux véhicules - arrière,,,,,,,,,,,1,2,1,1.0,2.0
201700009682,0017-05-23 16:00:00,17,5,23,16,0,130,55,"246, BAILLE (BOULEVARD)",43.2898,5.39816,Plein jour,En agglomération,Intersection en T,Normale,Deux véhicules - arrière,,,,,,,,,,,1,2,3,1.0,2.0
201700009683,0017-05-24 07:25:00,17,5,24,7,25,130,55,"31, TERRUSSE (RUE)",43.29627,5.38881,Plein jour,En agglomération,Intersection en X,Normale,Deux véhicules - côté,,,,,,,,,,,1,2,2,1.0,3.0
201700009684,0017-05-24 08:10:00,17,5,24,8,10,130,55,63 Rue Félix Pyat,43.31469,5.37553,Plein jour,En agglomération,Intersection en T,Normale,Deux véhicules - côté,,,,,,,,,,,1,2,3,1.0,3.0
201700009685,0017-05-24 10:50:00,17,5,24,10,50,130,55,"3, PORTUGAL (RUE DU)",43.28136,5.40447,Plein jour,En agglomération,Hors intersection,Normale,Autre collision,,,,,,,,,,,1,2,1,1.0,6.0
201700009686,0017-05-24 12:25:00,17,5,24,12,25,130,55,DUNKERQUE  (BOULEVAR,43.30765,5.36799,Plein jour,En agglomération,Intersection en Y,Normale,Deux véhicules - côté,,,,,,,,,,,1,2,4,1.0,3.0
201700009687,0017-05-24 13:45:00,17,5,24,13,45,130,55,158 Av. des Peintres Rou,43.30022,5.47685,Plein jour,En agglomération,Giratoire,Normale,Deux véhicules - côté,,,,,,,,,,,1,2,6,1.0,3.0
201700009688,0017-05-18 09:00:00,17,5,18,9,0,130,55,98 Rue de Lyon,43.32658,5.3665,Plein jour,En agglomération,Hors intersection,Normale,Autre collision,,,,,,,,,,,1,2,1,1.0,6.0
201700009689,0017-05-24 15:45:00,17,5,24,15,45,130,55,"00, LITTORAL (CHEMIN DU)",43.32713,5.35791,Plein jour,Hors agglomération,Hors intersection,Normale,Sans collision,,,,,,,,,,,1,1,1,1.0,7.0