accident_id,datetime,annee,mois,jour,heure,minute,departement,commune_insee,adresse,latitude,longitude,luminosite,agglomeration,intersection,meteo,collision,nb_vehicules,nb_usagers,nb_indemnes,nb_tues,nb_blesses_hosp,nb_blesses_legers,age_cond_1,age_cond_2,veh_type_cond_1,veh_type_cond_2,lum_code,agg_code,int_code,atm_code,col_code
201700010048,0017-07-17 15:50:00,17,7,17,15,50,130,55,"243, OLIVES (AVENUE DES)",43.32353,5.44538,Plein jour,En agglomération,Hors intersection,Normale,Deux véhicules - côté,,,,,,,,,,,1,2,1,1.0,3.0
201700010049,0017-07-17 17:45:00,17,7,17,17,45,130,55,"95, Corniche John Fitzg",43.28862,5.35354,Plein jour,En agglomération,Hors intersection,Normale,Deux véhicules - arrière,,,,,,,,,,,1,2,1,1.0,2.0
201700010050,0017-07-17 18:20:00,17,7,17,18,20,130,55,53 Bd Gémy,43.32021,5.41501,Plein jour,En agglomération,Hors intersection,Normale,Autre collision,,,,,,,,,,,1,2,1,1.0,6.0
201700010051,0017-07-17 15:10:00,17,7,17,15,10,130,55,Av. Charles Camoins,43.33169,5.41063,Plein jour,En agglomération,Hors intersection,Normale,Autre collision,,,,,,,,,,,1,2,1,1.0,6.0
201700010052,0017-07-17 18:30:00,17,7,17,18,30,130,55,parc de stationnement,43.29326,5.47862,Plein jour,En agglomération,Hors intersection,Normale,Deux véhicules - côté,,,,,,,,,,,1,2,1,1.0,3.0
201700010053,0017-07-18 00:30:00,17,7,18,0,30,130,55,"231, MENDES FRANCE (AVEN",43.24997,5.3753,Nuit avec éclairage allumé,En agglomération,Hors intersection,Normale,Autre collision,,,,,,,,,,,5,2,1,1.0,6.0
201700010054,0017-07-18 15:10:00,17,7,18,15,10,130,55,"300, CAPELETTE (AVENUE D",43.2794,5.41504,Plein jour,En agglomération,Hors intersection,Normale,Deux véhicules - arrière,,,,,,,,,,,1,2,1,1.0,2.0
201700010055,0017-07-18 16:00:00,17,7,18,16,0,130,55,MIMET (CHEMIN DE),43.37885,5.35761,Plein jour,En agglomération,Giratoire,Normale,Deux véhicules - côté,,,,,,,,,,,1,2,6,1.0,3.0
201700010056,0017-07-18 18:00:00,17,7,18,18,0,130,55,"93, PIERRE PUGET (COURS)",43.28987,5.37163,Plein jour,En agglomération,Intersection en T,Normale,Deux véhicules - côté,,,,,,,,,,,1,2,3,1.0,3.0
201700010057,0017-07-19 10:40:00,17,7,19,10,40,130,55,"44, EMMANUEL ALLARD (RUE",43.28983,5.43991,Plein jour,En agglomération,Hors intersection,Normale,Autre collision,,,,,,,,,,,1,2,1,1.0,6.0
201700010058,0017-07-18 19:30:00,17,7,18,19,30,130,55,"327, PRADO (AVENUE DU)",43.27113,5.38918,Plein jour,En agglomération,Hors intersection,Normale,Sans collision,,,,,,,,,,,1,2,1,1.0,7.0
201700010059,0017-07-10 15:30:00,17,7,10,15,30,130,55,"138, DOCTEUR CAUVIN (RUE",43.29832,5.41676,Plein jour,En agglomération,Intersection en Y,Normale,Deux véhicules - côté,,,,,,,,,,,1,2,4,1.0,3.0
201700010060,0017-07-19 16:00:00,17,7,19,16,0,130,55,29 Rue Saint-Bruno,43.30761,5.40274,Plein jour,En agglomération,Intersection en T,Normale,Autre collision,,,,,,,,,,,1,2,3,1.0,6.0
201700010061,0017-07-19 18:40:00,17,7,19,18,40,130,55,"79, STRASBOURG (BOULEVAR",43.30903,5.37841,Plein jour,En agglomération,Intersection en X,Normale,Deux véhicules - côté,,,,,,,,,,,1,2,2,1.0,3.0
201700010062,0017-07-19 18:10:00,17,7,19,18,10,130,55,222 Rue Albert Einstein,43.3405,5.4428,Plein jour,En agglomération,Hors intersection,Normale,Deux véhicules - côté,,,,,,,,,,,1,2,1,1.0,3.0
201700010063,0017-07-19 20:00:00,17,7,19,20,0,130,55,240-254 Av. des Poilus,43.31783,5.46005,Plein jour,En agglomération,Hors intersection,Normale,Autre collision,,,,,,,,,,,1,2,1,1.0,6.0
201700010064,0017-07-19 18:55:00,17,7,19,18,55,130,55,GOUFFONNE (TRAVERSE DE L,43.24746,5.4114,Plein jour,En agglomération,Hors intersection,Normale,Deux véhicules - arrière,,,,,,,,,,,1,2,1,1.0,2.0
201700010065,0017-07-19 19:18:00,17,7,19,19,18,130,55,80-86 Rue Albe*,43.31335,5.40593,Plein jour,En agglomération,Hors intersection,Normale,Autre collision,,,,,,,,,,,1,2,1,1.0,6.0
201700010066,0017-07-20 07:15:00,17,7,20,7,15,130,55,"10, VALENTINE (ROUTE DE",43.28951,5.46541,Plein jour,En agglomération,Hors intersection,Normale,Deux véhicules - côté,,,,,,,,,,,1,2,1,1.0,3.0
201700010067,0017-07-20 14:00:00,17,7,20,14,0,130,55,"36, MERLAN (AVENUE)",43.33529,5.4075,Plein jour,En agglomération,Hors intersection,Normale,Autre collision,,,,,,,,,,,1,2,1,1.0,6.0
201700010068,0017-07-20 16:45:00,17,7,20,16,45,130,55,36 Av des Chartreux,43.30391,5.39807,Plein jour,En agglomération,Hors intersection,Pluie légère,Deux véhicules - côté,,,,,,,,,,,1,2,1,2.0,3.0
201700010069,0017-07-20 17:10:00,17,7,20,17,10,130,55,"94, ANDRE ZENATTI (AVENU",43.24589,5.39074,Plein jour,En agglomération,Intersection en T,Normale,Deux véhicules - frontale,,,,,,,,,,,1,2,3,1.0,1.0
201700010070,0017-07-20 19:50:00,17,7,20,19,50,130,55,"262, SAINTE MARGUERITE (",43.26281,5.41216,Plein jour,En agglomération,Hors intersection,Normale,Autre collision,,,,,,,,,,,1,2,1,1.0,6.0
201700010071,0017-07-20 11:10:00,17,7,20,11,10,130,55,"79, JEANNE D'ARC (BOULEV",43.29323,5.40504,Plein jour,En agglomération,Intersection en T,Normale,Deux véhicules - côté,,,,,,,,,,,1,2,3,1.0,3.0
201700010072,0017-07-21 16:30:00,17,7,21,16,30,130,2,"00, ETIENNE CUCCA-CD908",43.36852,5.51491,Plein jour,Hors agglomération,Hors intersection,Normale,Autre collision,,,,,,,,,,,1,1,1,1.0,6.0
201700010073,0017-07-21 22:00:00,17,7,21,22,0,130,55,399  JFK,43.26934,5.36716,Nuit avec éclairage non allumé,En agglomération,Place,Normale,Autre collision,,,,,,,,,,,4,2,7,1.0,6.0
201700010074,0017-07-23 05:50:00,17,7,23,5,50,130,55,1 Bd Schloesing,43.27676,5.39916,Nuit avec éclairage allumé,En agglomération,Hors intersection,Normale,Autre collision,,,,,,,,,,,5,2,1,1.0,6.0
201700010075,0017-07-23 10:15:00,17,7,23,10,15,130,55,"71, CHARLES SUSINI (TRAV",43.33635,5.41801,Plein jour,En agglomération,Hors intersection,Normale,Sans collision,,,,,,,,,,,1,2,1,1.0,7.0
201700010076,0017-07-23 20:50:00,17,7,23,20,50,130,55,"22, LIBERTE (BOULEVARD D",43.30088,5.38218,Crépuscule ou aube,En agglomération,Hors intersection,Normale,Deux véhicules - côté,,,,,,,,,,,2,2,1,1.0,3.0
201700010077,0017-07-10 17:41:00,17,7,10,17,41,130,55,125 Av. du Merlan,43.34242,5.40808,Plein jour,En agglomération,Hors intersection,Normale,Autre collision,,,,,,,,,,,1,2,1,1.0,6.0
201700010078,0017-07-24 07:15:00,17,7,24,7,15,130,55,"55, DAMES (BOULEVARD DES",43.30309,5.36663,Plein jour,En agglomération,Intersection en X,Normale,Deux véhicules - côté,,,,,,,,,,,1,2,2,1.0,3.0
201700010079,0017-03-15 12:01:00,17,3,15,12,1,130,55,"200, Corniche John Fitzg",43.26893,5.36913,Plein jour,En agglomération,Hors intersection,Normale,Sans collision,,,,,,,,,,,1,2,1,1.0,7.0
201700010080,0017-07-24 15:50:00,17,7,24,15,50,130,55,"164, PLOMBIERES (BOULEVA",43.31866,5.37956,Plein jour,En agglomération,Hors intersection,Normale,Sans collision,,,,,,,,,,,1,2,1,1.0,7.0
201700010081,0017-07-24 19:25:00,17,7,24,19,25,130,55,38 Bd Baptiste Bonnet,43.25677,5.39107,Plein jour,En agglomération,Hors intersection,Normale,Sans collision,,,,,,,,,,,1,2,1,1.0,7.0
201700010082,0017-07-24 21:40:00,17,7,24,21,40,130,55,"43, MONTREDON (AVENUE DE",43.24396,5.37103,Crépuscule ou aube,En agglomération,Hors intersection,Normale,Deux véhicules - côté,,,,,,,,,,,2,2,1,1.0,3.0
201700010083,0017-07-24 21:40:00,17,7,24,21,40,130,55,"5, JOBIN (RUE)",43.31039,5.38947,Crépuscule ou aube,En agglomération,Hors intersection,Normale,Deux véhicules - frontale,,,,,,,,,,,2,2,1,1.0,1.0
201700010084,0017-07-24 23:45:00,17,7,24,23,45,130,55,"17, AUGUSTIN ROUX (RUE)",43.35036,5.36202,Nuit avec éclairage allumé,En agglomération,Hors intersection,Normale,Deux véhicules - côté,,,,,,,,,,,5,2,1,1.0,3.0
201700010085,0017-07-25 06:45:00,17,7,25,6,45,130,55,MARCHAL JUIN (BOULEVARD,43.3138,5.40592,Plein jour,En agglomération,Hors intersection,Normale,Autre collision,,,,,,,,,,,1,2,1,1.0,6.0
201700010086,0017-07-24 19:00:00,17,7,24,19,0,130,55,"00, PARADIS (RUE)",43.28799,5.37902,Plein jour,En agglomération,Intersection en X,Normale,Deux véhicules - côté,,,,,,,,,,,1,2,2,1.0,3.0
201700010087,0017-07-25 15:00:00,17,7,25,15,0,130,55,"181, Corniche John Fitzg",43.28464,5.3498,Plein jour,En agglomération,Hors intersection,Normale,Trois véhicules et plus - collisions multiples,,,,,,,,,,,1,2,1,1.0,5.0
201700010088,0017-07-25 17:50:00,17,7,25,17,50,130,55,"58, CHARLES LIVON (BOULE",43.29203,5.35907,Plein jour,En agglomération,Hors intersection,Vent fort / tempête,Sans collision,,,,,,,,,,,1,2,1,6.0,7.0
201700010089,0017-07-25 18:20:00,17,7,25,18,20,130,55,Place du Général Ferrié,43.27756,5.39931,Plein jour,En agglomération,Place,Normale,Deux véhicules - arrière,,,,,,,,,,,1,2,7,1.0,2.0
201700010090,0017-07-25 20:05:00,17,7,25,20,5,130,55,"18, BASSINS DE RADOUB (B",43.32049,5.36238,Crépuscule ou aube,En agglomération,Hors intersection,Normale,Deux véhicules - côté,,,,,,,,,,,2,2,1,1.0,3.0
201700010091,0017-07-25 21:15:00,17,7,25,21,15,130,55,"12, JULES ISAAC (RUE)",43.25728,5.39746,Nuit avec éclairage allumé,En agglomération,Intersection en T,Normale,Deux véhicules - arrière,,,,,,,,,,,5,2,3,1.0,2.0
201700010092,0017-07-26 01:30:00,17,7,26,1,30,130,55,"5, BRIANCON (BOULEVARD)",43.31671,5.36913,Nuit sans éclairage public,En agglomération,Intersection en X,Normale,Deux véhicules - côté,,,,,,,,,,,3,2,2,1.0,3.0
201700010093,0017-07-26 13:20:00,17,7,26,13,20,130,55,1 Place Bernard Cadenat,43.31237,5.38638,Plein jour,En agglomération,Hors intersection,Normale,Autre collision,,,,,,,,,,,1,2,1,1.0,6.0
201700010094,0017-07-26 15:05:00,17,7,26,15,5,130,55,"00, BRETEUIL (RUE)",43.28899,5.37637,Plein jour,En agglomération,Intersection en X,Normale,Deux véhicules - côté,,,,,,,,,,,1,2,2,1.0,3.0
201700010095,0017-07-26 16:00:00,17,7,26,16,0,130,55,Bd de Boigne,43.28857,5.45949,Plein jour,En agglomération,Hors intersection,Normale,Autre collision,,,,,,,,,,,1,2,1,1.0,6.0
201700010096,0017-07-26 16:50:00,17,7,26,16,50,130,55,rue de Lyon,43.32868,5.36581,Plein jour,En agglomération,Giratoire,Normale,Deux véhicules - côté,,,,,,,,,,,1,2,6,1.0,3.0
201700010097,0017-07-27 00:30:00,17,7,27,0,30,130,55,Bd Schloesing,43.27359,5.40048,Nuit avec éclairage allumé,En agglomération,Hors intersection,Normale,Autre collision,,,,,,,,,,,5,2,1,1.0,6.0
201700010098,0017-07-27 02:00:00,17,7,27,2,0,130,55,Rue Albert Cohen,43.36132,5.33722,Nuit avec éclairage allumé,En agglomération,Intersection en T,Normale,Deux véhicules - côté,,,,,,,,,,,5,2,3,1.0,3.0
201700010099,0017-07-23 19:30:00,17,7,23,19,30,130,55,35 Bd du Maréchal Juin,43.31143,5.40354,Plein jour,En agglomération,Hors intersection,Normale,Deux véhicules - côté,,,,,,,,,,,1,2,1,1.0,3.0
201700010100,0017-07-27 16:00:00,17,7,27,16,0,130,55,2 Bd de l'Huveaune,43.27168,5.40557,Plein jour,En agglomération,Hors intersection,Normale,Autre collision,,,,,,,,,,,1,2,1,1.0,6.0
201700010101,0017-07-27 17:30:00,17,7,27,17,30,130,55,"41, ROLAND DORGELES (BOU",43.34733,5.3781,Plein jour,En agglomération,Hors intersection,Normale,Deux véhicules - côté,,,,,,,,,,,1,2,1,1.0,3.0
201700010102,0017-07-28 01:00:00,17,7,28,1,0,130,55,63 Bd Jean Moulin,43.28456,5.39866,Nuit sans éclairage public,En agglomération,Hors intersection,Normale,Autre collision,,,,,,,,,,,3,2,1,1.0,6.0
201700010103,0017-07-28 14:10:00,17,7,28,14,10,130,55,"390, PRADO (AVENUE DU)",43.26941,5.38648,Plein jour,En agglomération,Hors intersection,Normale,Deux véhicules - arrière,,,,,,,,,,,1,2,1,1.0,2.0
201700010104,0017-07-28 14:30:00,17,7,28,14,30,130,55,"74, LODI (RUE DE)",43.28926,5.38734,Plein jour,En agglomération,Hors intersection,Normale,Autre collision,,,,,,,,,,,1,2,1,1.0,6.0
201700010105,0017-07-28 20:40:00,17,7,28,20,40,130,55,2 Bd de la Valbarelle,43.28584,5.44256,Crépuscule ou aube,En agglomération,Intersection en T,Normale,Deux véhicules - côté,,,,,,,,,,,2,2,3,1.0,3.0
201700010106,0017-07-28 22:20:00,17,7,28,22,20,130,55,"38, AVIATEUR LE BRIX (RU",43.26039,5.40311,Nuit avec éclairage allumé,En agglomération,Hors intersection,Normale,Autre collision,,,,,,,,,,,5,2,1,1.0,6.0
201700010107,0017-07-28 20:45:00,17,7,28,20,45,130,55,"44, BD FERDINAND DE LESS",43.32083,5.37473,Plein jour,En agglomération,Intersection en X,Normale,Autre collision,,,,,,,,,,,1,2,2,1.0,6.0
201700010108,0017-07-29 00:10:00,17,7,29,0,10,130,55,"00, BASSINS DE RADOUB (B",43.23133,5.36291,Nuit avec éclairage allumé,En agglomération,Hors intersection,Normale,Sans collision,,,,,,,,,,,5,2,1,1.0,7.0
201700010109,0017-07-29 13:00:00,17,7,29,13,0,130,55,"2, DUGUESCLIN (RUE)",43.29847,5.38549,Plein jour,En agglomération,Hors intersection,Normale,Autre collision,,,,,,,,,,,1,2,1,1.0,6.0
201700010110,0017-07-29 14:30:00,17,7,29,14,30,130,55,"378, SAINT ANTOINE (AVEN",43.37975,5.35724,Plein jour,En agglomération,Hors intersection,Normale,Autre collision,,,,,,,,,,,1,2,1,1.0,6.0
201700010111,0017-07-29 16:00:00,17,7,29,16,0,130,55,"42, ROMAIN ROLLAND (BOUL",43.28015,5.42543,Plein jour,En agglomération,Hors intersection,Normale,Deux véhicules - frontale,,,,,,,,,,,1,2,1,1.0,1.0
201700010112,0017-07-29 19:30:00,17,7,29,19,30,130,55,163 Av. de Luminy,43.23914,5.43681,Plein jour,En agglomération,Hors intersection,Normale,Autre collision,,,,,,,,,,,1,2,1,1.0,6.0
201700010113,0017-07-30 07:00:00,17,7,30,7,0,130,55,"245, Corniche John Fitzg",43.28135,5.35146,Plein jour,En agglomération,Hors intersection,Normale,Autre collision,,,,,,,,,,,1,2,1,1.0,6.0
201700010114,0017-07-30 15:45:00,17,7,30,15,45,130,55,"1, MARSEILLAISES (PLACE",43.30159,5.38168,Plein jour,En agglomération,Intersection en X,Normale,Deux véhicules - côté,,,,,,,,,,,1,2,2,1.0,3.0
201700010115,0017-07-30 18:30:00,17,7,30,18,30,130,55,"137, POMME (BOULEVARD DE",43.293,5.45608,Plein jour,En agglomération,Hors intersection,Normale,Trois véhicules et plus - en chaîne,,,,,,,,,,,1,2,1,1.0,4.0
201700010116,0017-07-30 17:00:00,17,7,30,17,0,130,55,138 Av. P Mendès France,43.25526,5.37619,Plein jour,En agglomération,Hors intersection,Normale,Autre collision,,,,,,,,,,,1,2,1,1.0,6.0
201700010117,0017-07-30 17:45:00,17,7,30,17,45,130,55,"07, NICE (BOULEVARD DE)",43.24232,5.37216,Plein jour,En agglomération,Hors intersection,Normale,Deux véhicules - arrière,,,,,,,,,,,1,2,1,1.0,2.0
201700010118,0017-07-31 01:30:00,17,7,31,1,30,130,55,"2, ARENC (QUAI D')",43.31263,5.36675,Nuit avec éclairage allumé,En agglomération,Hors intersection,Normale,Deux véhicules - côté,,,,,,,,,,,5,2,1,1.0,3.0
201700010119,0017-07-28 19:00:00,17,7,28,19,0,130,55,"2, STRASBOURG (PLACE)",43.3064,5.37361,Plein jour,En agglomération,Place,Normale,Autre collision,,,,,,,,,,,1,2,7,1.0,6.0
201700010120,0017-07-31 09:30:00,17,7,31,9,30,130,55,113 Av Pierre Mendès Fra,43.2577,5.37639,Plein jour,En agglomération,Hors intersection,Normale,Autre collision,,,,,,,,,,,1,2,1,1.0,6.0
201700010121,0017-07-31 10:50:00,17,7,31,10,50,130,55,"55, STRASBOURG (BOULEVAR",43.30842,5.37733,Plein jour,En agglomération,Hors intersection,Normale,Sans collision,,,,,,,,,,,1,2,1,1.0,7.0
201700010122,0017-04-15 12:50:00,17,4,15,12,50,130,55,5 Rue Neuve Ste-Catherin,43.29236,5.3707,Plein jour,En agglomération,Hors intersection,Normale,Deux véhicules - côté,,,,,,,,,,,1,2,1,1.0,3.0
201700010123,0017-07-31 12:50:00,17,7,31,12,50,130,55,"29, BELGES (QUAI DES)",43.29467,5.37446,Plein jour,En agglomération,Passage à niveau,Normale,Deux véhicules - côté,,,,,,,,,,,1,2,8,1.0,3.0
201700010124,0017-07-31 14:45:00,17,7,31,14,45,130,55,"146, LYON (RUE DE)",43.32805,5.36595,Plein jour,En agglomération,Hors intersection,Normale,Autre collision,,,,,,,,,,,1,2,1,1.0,6.0
201700010125,0017-07-31 17:55:00,17,7,31,17,55,130,55,OLIVES (AVENUE DES),43.32663,5.43792,Plein jour,En agglomération,Hors intersection,Normale,Deux véhicules - arrière,,,,,,,,,,,1,2,1,1.0,2.0
201700010126,0017-07-31 15:58:00,17,7,31,15,58,130,55,53-57 Av A. Ansaldi,43.33212,5.40416,Plein jour,En agglomération,Intersection en X,Normale,Deux véhicules - côté,,,,,,,,,,,1,2,2,1.0,3.0
201700010127,0017-07-31 21:15:00,17,7,31,21,15,130,55,"43, TURCAT MERY ALLE (A",43.28101,5.38914,Nuit avec éclairage allumé,En agglomération,Hors intersection,Normale,Autre collision,,,,,,,,,,,5,2,1,1.0,6.0
201700010128,0017-07-23 15:40:00,17,7,23,15,40,130,55,"384, LYON (RUE DE)",43.33878,5.36234,Plein jour,En agglomération,Hors intersection,Normale,Deux véhicules - frontale,,,,,,,,,,,1,2,1,1.0,1.0
201700010129,0017-08-01 15:20:00,17,8,1,15,20,130,55,"108, REPUBLIQUE (RUE DE",43.30374,5.36806,Plein jour,En agglomération,Hors intersection,Normale,Autre collision,,,,,,,,,,,1,2,1,1.0,6.0
201700010130,0017-08-01 22:45:00,17,8,1,22,45,130,55,"43, BRETEUIL (RUE)",43.39062,5.37568,Nuit avec éclairage allumé,En agglomération,Intersection en T,Normale,Deux véhicules - côté,,,,,,,,,,,5,2,3,1.0,3.0
201700010131,0017-08-02 13:20:00,17,8,2,13,20,130,55,SAINT ANTOINE A SAINT JO,43.35307,5.37214,Plein jour,En agglomération,Hors intersection,Normale,Deux véhicules - arrière,,,,,,,,,,,1,2,1,1.0,2.0
201700010132,0017-08-02 16:20:00,17,8,2,16,20,130,55,"19, PASTEUR (AVENUE)",43.29087,5.35913,Plein jour,En agglomération,Hors intersection,Normale,Deux véhicules - côté,,,,,,,,,,,1,2,1,1.0,3.0
201700010133,0017-08-02 22:30:00,17,8,2,22,30,130,55,"00, FRANOISE DUPARC (BO",43.30297,5.40059,Nuit avec éclairage allumé,En agglomération,Intersection en X,Normale,Deux véhicules - côté,,,,,,,,,,,5,2,2,1.0,3.0
201700010134,0017-08-02 19:20:00,17,8,2,19,20,130,55,"0, JOLIETTE (QUAI DE LA)",43.30264,5.36368,Plein jour,En agglomération,Hors intersection,Normale,Autre collision,,,,,,,,,,,1,2,1,1.0,6.0
201700010135,0017-08-03 11:00:00,17,8,3,11,0,130,55,"141, RABATAU (BOULEVARD)",43.27915,5.39933,Plein jour,En agglomération,Hors intersection,Normale,Deux véhicules - arrière,,,,,,,,,,,1,2,1,1.0,2.0
201700010136,0017-08-03 05:55:00,17,8,3,5,55,130,55,"118, BARASSE",43.2862,5.48387,Crépuscule ou aube,En agglomération,Hors intersection,Normale,Deux véhicules - côté,,,,,,,,,,,2,2,1,1.0,3.0
201700010137,0017-08-02 19:15:00,17,8,2,19,15,130,55,ROMAIN ROLLAND (BOULEVAR,43.27341,5.41308,Plein jour,En agglomération,Hors intersection,Normale,Trois véhicules et plus - collisions multiples,,,,,,,,,,,1,2,1,1.0,5.0
201700010138,0017-08-03 13:55:00,17,8,3,13,55,130,2,"142, CLEMENT, JULES BART",43.33153,5.4648,Plein jour,En agglomération,Hors intersection,Normale,Deux véhicules - côté,,,,,,,,,,,1,2,1,1.0,3.0
201700010139,0017-08-03 15:10:00,17,8,3,15,10,130,55,LAZARET (QUAI DU),43.30511,5.36531,Plein jour,En agglomération,Hors intersection,Normale,Autre collision,,,,,,,,,,,1,2,1,1.0,6.0
201700010140,0017-08-04 02:21:00,17,8,4,2,21,130,55,"150, LIEUTAUD (COURS)",43.28823,5.38451,Nuit avec éclairage allumé,En agglomération,Intersection en X,Normale,Deux véhicules - côté,,,,,,,,,,,5,2,2,1.0,3.0
201700010141,0017-08-03 18:30:00,17,8,3,18,30,130,55,"36, FLORIAN (AVENUE)",43.28379,5.4268,Plein jour,En agglomération,Hors intersection,Normale,Deux véhicules - arrière,,,,,,,,,,,1,2,1,1.0,2.0
201700010142,0017-08-04 11:55:00,17,8,4,11,55,130,55,"70, SAINTE MARGUERITE (B",43.2684,5.4053,Plein jour,En agglomération,Intersection en T,Normale,Deux véhicules - arrière,,,,,,,,,,,1,2,3,1.0,2.0
201700010143,0017-08-03 18:30:00,17,8,3,18,30,130,55,"1, PADOUANE (BD DE LA )",43.3531,5.3717,Plein jour,En agglomération,Hors intersection,Normale,Deux véhicules - côté,,,,,,,,,,,1,2,1,1.0,3.0
201700010144,0017-08-04 15:30:00,17,8,4,15,30,130,55,"154, PARADIS (RUE)",43.28561,5.38007,Plein jour,En agglomération,Hors intersection,Normale,Autre collision,,,,,,,,,,,1,2,1,1.0,6.0
201700010145,0017-08-05 07:30:00,17,8,5,7,30,130,55,"181, MONTOLIVET (AVENUE",43.31238,5.41152,Plein jour,En agglomération,Intersection en T,Normale,Deux véhicules - côté,,,,,,,,,,,1,2,3,1.0,3.0
201700010146,0017-08-05 12:00:00,17,8,5,12,0,130,55,"142, MENDES FRANCE (AVEN",43.25569,5.37665,Plein jour,En agglomération,Hors intersection,Normale,Autre collision,,,,,,,,,,,1,2,1,1.0,6.0
201700010147,0017-08-05 13:00:00,17,8,5,13,0,130,55,SAINT MARCEL (BOULEVARD,43.28874,5.45834,Plein jour,En agglomération,Intersection en T,Normale,Deux véhicules - côté,,,,,,,,,,,1,2,3,1.0,3.0
201700010148,0017-08-05 13:25:00,17,8,5,13,25,130,55,"00, JOLIETTE (PLACE DE L",43.3051,5.36632,Plein jour,En agglomération,Hors intersection,Normale,Autre collision,,,,,,,,,,,1,2,1,1.0,6.0
201700010149,0017-08-05 19:20:00,17,8,5,19,20,130,55,"42, ROMAIN ROLLAND (BOUL",43.28013,5.42548,Plein jour,En agglomération,Hors intersection,Normale,Deux véhicules - côté,,,,,,,,,,,1,2,1,1.0,3.0
201700010150,0017-08-05 19:40:00,17,8,5,19,40,130,55,"365, MAZARGUES (AVENUE D",43.25927,5.39422,Plein jour,En agglomération,Hors intersection,Normale,Autre collision,,,,,,,,,,,1,2,1,1.0,6.0
201700010151,0017-08-06 01:40:00,17,8,6,1,40,130,55,"00, MICHELET (BOULEVARD)",43.26445,5.39631,Nuit avec éclairage allumé,En agglomération,Intersection en T,Pluie forte,Deux véhicules - côté,,,,,,,,,,,5,2,3,3.0,3.0
201700010152,0017-08-06 02:00:00,17,8,6,2,0,130,55,"99, CAPELETTE (AVENUE DE",43.2819,5.40739,Nuit avec éclairage allumé,En agglomération,Hors intersection,Normale,Deux véhicules - côté,,,,,,,,,,,5,2,1,1.0,3.0
201700010153,0017-08-05 16:45:00,17,8,5,16,45,130,55,"00, ALBERT COHEN (RUE)",43.36141,5.3372,Plein jour,En agglomération,Intersection en X,Normale,Deux véhicules - frontale,,,,,,,,,,,1,2,2,1.0,1.0
201700010154,0017-08-06 14:20:00,17,8,6,14,20,130,55,"51, POMPIDOU (PROMENADE)",43.26505,5.37362,Plein jour,En agglomération,Hors intersection,Normale,Autre collision,,,,,,,,,,,1,2,1,1.0,6.0
201700010155,0017-08-06 17:25:00,17,8,6,17,25,130,55,VALENTINE (ROUTE DE LA),43.29043,5.4632,Plein jour,En agglomération,Intersection en T,Normale,Deux véhicules - côté,,,,,,,,,,,1,2,3,1.0,3.0
201700010156,0017-08-06 22:30:00,17,8,6,22,30,130,55,"68, GOUFFE (COURS)",43.28537,5.38966,Nuit avec éclairage allumé,En agglomération,Hors intersection,Normale,Deux véhicules - côté,,,,,,,,,,,5,2,1,1.0,3.0
201700010157,0017-08-07 03:05:00,17,8,7,3,5,130,55,"141, NATIONAL (BOULEVARD",43.30762,5.3816,Nuit avec éclairage allumé,En agglomération,Hors intersection,Normale,Deux véhicules - côté,,,,,,,,,,,5,2,1,1.0,3.0
201700010158,0017-08-07 08:15:00,17,8,7,8,15,130,55,"157, MONTREDON (AVENUE D",43.23999,5.36685,Plein jour,En agglomération,Hors intersection,Normale,Autre collision,,,,,,,,,,,1,2,1,1.0,6.0
201700010159,0017-08-07 07:15:00,17,8,7,7,15,130,55,RAY GRASSI (Alle),43.27067,5.39344,Plein jour,En agglomération,Hors intersection,Normale,Autre collision,,,,,,,,,,,1,2,1,1.0,6.0
201700010160,0017-08-07 13:15:00,17,8,7,13,15,130,55,"18, GNRAL LECLERC (RUE",43.30452,5.3761,Plein jour,En agglomération,Intersection en X,Normale,Autre collision,,,,,,,,,,,1,2,2,1.0,6.0
201700010161,0017-08-07 15:50:00,17,8,7,15,50,130,55,"00, RIBASSIERE (TRAVERSE",43.32477,5.45692,Plein jour,En agglomération,Intersection en T,Normale,Autre collision,,,,,,,,,,,1,2,3,1.0,6.0
201700010162,0017-08-08 00:30:00,17,8,8,0,30,130,55,"90, GOUFFE (COURS)",43.2852,5.39086,Nuit avec éclairage allumé,En agglomération,Intersection en X,Normale,Deux véhicules - côté,,,,,,,,,,,5,2,2,1.0,3.0
201700010163,0017-08-08 06:30:00,17,8,8,6,30,130,55,"203, PIERRE DOIZE  (RUE)",43.27237,5.42835,Crépuscule ou aube,En agglomération,Giratoire,Normale,Deux véhicules - arrière,,,,,,,,,,,2,2,6,1.0,2.0
201700010164,0017-08-08 11:40:00,17,8,8,11,40,130,55,"00, TOULON (AVENUE DE)",43.28591,5.38493,Plein jour,En agglomération,Intersection en T,Normale,Autre collision,,,,,,,,,,,1,2,3,1.0,6.0
201700010165,0017-08-08 13:00:00,17,8,8,13,0,130,55,"34, EMILE DUCLAUX (RUE)",43.29679,5.40398,Plein jour,En agglomération,Intersection en T,Normale,Deux véhicules - côté,,,,,,,,,,,1,2,3,1.0,3.0
201700010166,0017-08-08 13:30:00,17,8,8,13,30,130,55,"118, SAINT MARCEL (BOULE",43.28636,5.46297,Plein jour,En agglomération,Hors intersection,Normale,Deux véhicules - arrière,,,,,,,,,,,1,2,1,1.0,2.0
201700010167,0017-08-08 14:00:00,17,8,8,14,0,130,55,"00, LITTORAL (CHEMIN DU)",43.33977,5.34884,Plein jour,Hors agglomération,Hors intersection,Normale,Sans collision,,,,,,,,,,,1,1,1,1.0,7.0