accident_id,datetime,annee,mois,jour,heure,minute,departement,commune_insee,adresse,latitude,longitude,luminosite,agglomeration,intersection,meteo,collision,nb_vehicules,nb_usagers,nb_indemnes,nb_tues,nb_blesses_hosp,nb_blesses_legers,age_cond_1,age_cond_2,veh_type_cond_1,veh_type_cond_2,lum_code,agg_code,int_code,atm_code,col_code
201700010286,0017-08-30 14:45:00,17,8,30,14,45,130,55,"00, ALEX ANSALDI (RUE)",43.33089,5.40417,Plein jour,En agglomération,Autre intersection,Normale,Autre collision,,,,,,,,,,,1,2,9,1.0,6.0
201700010287,0017-08-30 21:15:00,17,8,30,21,15,130,55,"169, PRADO (AVENUE DU)",43.27822,5.38848,Nuit avec éclairage allumé,En agglomération,Hors intersection,Normale,Autre collision,,,,,,,,,,,5,2,1,1.0,6.0
201700010288,0017-08-31 07:20:00,17,8,31,7,20,130,55,"137, CHEMIN DU MERLAN A",43.33092,5.40691,Plein jour,En agglomération,Hors intersection,Pluie légère,Trois véhicules et plus - collisions multiples,,,,,,,,,,,1,2,1,2.0,5.0
201700010289,0017-08-31 08:30:00,17,8,31,8,30,130,2,"12, JEAN GIONO (AVENUE)",43.33388,5.48136,Plein jour,En agglomération,Hors intersection,Pluie légère,Autre collision,,,,,,,,,,,1,2,1,2.0,6.0
201700010290,0017-08-31 12:30:00,17,8,31,12,30,130,2,"00, ETIENNE CUCCA-CD908",43.36844,5.51448,Plein jour,Hors agglomération,Hors intersection,Pluie légère,Deux véhicules - frontale,,,,,,,,,,,1,1,1,2.0,1.0
201700010291,0017-08-31 14:55:00,17,8,31,14,55,130,55,"116, SAINT LOUP (BOULEVA",43.28282,5.43239,Plein jour,En agglomération,Hors intersection,Normale,Deux véhicules - côté,,,,,,,,,,,1,2,1,1.0,3.0
201700010292,0017-08-31 17:25:00,17,8,31,17,25,130,55,"138, BAILLE (BOULEVARD)",43.28812,5.39241,Crépuscule ou aube,En agglomération,Hors intersection,Temps couvert,Deux véhicules - arrière,,,,,,,,,,,2,2,1,8.0,2.0
201700010293,0017-08-31 18:10:00,17,8,31,18,10,130,55,"30, ITALIE (RUE D')",43.28925,5.38253,Plein jour,En agglomération,Hors intersection,Pluie légère,Sans collision,,,,,,,,,,,1,2,1,2.0,7.0
201700010294,0017-08-31 16:00:00,17,8,31,16,0,130,55,"107, ROSE (AVENUE DE LA)",43.32721,5.42351,Plein jour,En agglomération,Hors intersection,Normale,Deux véhicules - côté,,,,,,,,,,,1,2,1,1.0,3.0
201700010295,0017-08-31 22:30:00,17,8,31,22,30,130,55,"323, PRADO (AVENUE DU)",43.27466,5.38892,Nuit avec éclairage allumé,En agglomération,Giratoire,Normale,Deux véhicules - côté,,,,,,,,,,,5,2,6,1.0,3.0
201700010296,0017-09-01 00:10:00,17,9,1,0,10,130,55,"14, PASTEUR (AVENUE)",43.29146,5.35903,Nuit avec éclairage allumé,En agglomération,Intersection en T,Normale,Deux véhicules - côté,,,,,,,,,,,5,2,3,1.0,3.0
201700010297,0017-09-01 09:30:00,17,9,1,9,30,130,55,"31, PRADO (AVENUE DU)",43.28402,5.38516,Plein jour,En agglomération,Hors intersection,Normale,Autre collision,,,,,,,,,,,1,2,1,1.0,6.0
201700010298,0017-09-01 08:10:00,17,9,1,8,10,130,55,"161, BOISSON (BOULEVARD)",43.29681,5.40399,Plein jour,En agglomération,Intersection en T,Normale,Deux véhicules - côté,,,,,,,,,,,1,2,3,1.0,3.0
201700010299,0017-09-01 13:20:00,17,9,1,13,20,130,55,"36, ROCHES (AVENUE DES)",43.28064,5.36648,Plein jour,En agglomération,Hors intersection,Normale,Autre collision,,,,,,,,,,,1,2,1,1.0,6.0
201700010300,0017-09-01 13:50:00,17,9,1,13,50,130,55,"00, ALEXIS CARREL (RUE)",43.31102,5.40216,Plein jour,En agglomération,Intersection en T,Normale,Autre collision,,,,,,,,,,,1,2,3,1.0,6.0
201700010301,0017-09-01 13:45:00,17,9,1,13,45,130,55,"00, BENEDIT (RUE)",43.30896,5.39146,Plein jour,En agglomération,Intersection en T,Normale,Deux véhicules - frontale,,,,,,,,,,,1,2,3,1.0,1.0
201700010302,0017-09-01 22:05:00,17,9,1,22,5,130,55,"36, BANON (BOULEVARD)",43.31,5.4037,Nuit avec éclairage allumé,En agglomération,Hors intersection,Normale,Autre collision,,,,,,,,,,,5,2,1,1.0,6.0
201700010303,0017-09-01 22:00:00,17,9,1,22,0,130,55,"409, LYON (RUE DE)",43.3267,5.3665,Nuit avec éclairage allumé,En agglomération,Hors intersection,Normale,Deux véhicules - arrière,,,,,,,,,,,5,2,1,1.0,2.0
201700010304,0017-09-02 04:40:00,17,9,2,4,40,130,55,"231, MENDES FRANCE (AVEN",43.24984,5.37513,Nuit avec éclairage allumé,En agglomération,Hors intersection,Vent fort / tempête,Autre collision,,,,,,,,,,,5,2,1,6.0,6.0
201700010305,0017-09-02 16:00:00,17,9,2,16,0,130,55,"112, PEINTRES ROUX (AVEN",43.30375,5.47275,Plein jour,En agglomération,Hors intersection,Normale,Deux véhicules - arrière,,,,,,,,,,,1,2,1,1.0,2.0
201700010306,0017-09-02 21:00:00,17,9,2,21,0,130,55,"195, SAINT LOUIS (AVENUE",43.35015,5.35872,Nuit avec éclairage allumé,En agglomération,Hors intersection,Normale,Deux véhicules - côté,,,,,,,,,,,5,2,1,1.0,3.0
201700010307,0017-09-02 21:05:00,17,9,2,21,5,130,55,"110, PARANGON (TRAVERSE)",43.23799,5.38184,Nuit avec éclairage allumé,En agglomération,Hors intersection,Normale,Autre collision,,,,,,,,,,,5,2,1,1.0,6.0
201700010308,0017-09-03 06:00:00,17,9,3,6,0,130,55,"489, LYON (RUE DE)",43.34078,5.36087,Nuit avec éclairage allumé,En agglomération,Hors intersection,Normale,Deux véhicules - frontale,,,,,,,,,,,5,2,1,1.0,1.0
201700010309,0017-09-03 16:00:00,17,9,3,16,0,130,55,"19, ITALIE (RUE D')",43.29015,5.38197,Plein jour,En agglomération,Intersection en T,Normale,Deux véhicules - côté,,,,,,,,,,,1,2,3,1.0,3.0
201700010310,0017-09-03 18:00:00,17,9,3,18,0,130,55,"88, CAMILLE PELLETAN (AV",43.30308,5.374,Plein jour,En agglomération,Hors intersection,Normale,Autre collision,,,,,,,,,,,1,2,1,1.0,6.0
201700010311,0017-09-03 23:00:00,17,9,3,23,0,130,55,"49, JEAN MERMOZ (RUE)",43.27593,5.38689,Nuit avec éclairage non allumé,En agglomération,Intersection en X,Normale,Deux véhicules - frontale,,,,,,,,,,,4,2,2,1.0,1.0
201700010312,0017-09-04 00:25:00,17,9,4,0,25,130,55,"00, PRADO (AVENUE DU)",43.26974,5.38685,Nuit avec éclairage allumé,En agglomération,Hors intersection,Normale,Deux véhicules - côté,,,,,,,,,,,5,2,1,1.0,3.0
201700010313,0017-09-03 21:30:00,17,9,3,21,30,130,55,"352, SAINT ANTOINE A SAI",43.36685,5.36311,Nuit avec éclairage allumé,En agglomération,Hors intersection,Normale,Autre collision,,,,,,,,,,,5,2,1,1.0,6.0
201700010314,0017-09-04 05:23:00,17,9,4,5,23,130,55,"00, CASSIN (RUE)",43.31644,5.37331,Nuit avec éclairage allumé,En agglomération,Hors intersection,Normale,Autre collision,,,,,,,,,,,5,2,1,1.0,6.0
201700010315,0017-09-04 06:25:00,17,9,4,6,25,130,55,"00, MIRABEAU (BOULEVARD)",43.31498,5.37044,Plein jour,En agglomération,Hors intersection,Normale,Deux véhicules - côté,,,,,,,,,,,1,2,1,1.0,3.0
201700010316,0017-09-04 10:10:00,17,9,4,10,10,130,55,"1, MONTE CRISTO (RUE)",43.29884,5.39138,Plein jour,En agglomération,Hors intersection,Normale,Sans collision,,,,,,,,,,,1,2,1,1.0,7.0
201700010317,0017-09-04 11:00:00,17,9,4,11,0,130,55,"348, ROMAIN ROLLAND (BOU",43.2706,5.40752,Plein jour,En agglomération,Intersection en T,Normale,Deux véhicules - frontale,,,,,,,,,,,1,2,3,1.0,1.0
201700010318,0017-09-04 16:25:00,17,9,4,16,25,130,55,"76, REPUBLIQUE (RUE DE L",43.30178,5.36975,Plein jour,En agglomération,Hors intersection,Normale,Autre collision,,,,,,,,,,,1,2,1,1.0,6.0
201700010319,0017-09-04 16:45:00,17,9,4,16,45,130,55,"00, MARIUS DIOULOUFET (R",43.33365,5.43794,Plein jour,En agglomération,Hors intersection,Normale,Autre collision,,,,,,,,,,,1,2,1,1.0,6.0
201700010320,0017-09-04 16:00:00,17,9,4,16,0,130,55,"299, MAZARGUES (AVENUE D",43.26579,5.39359,Plein jour,En agglomération,Hors intersection,Normale,Deux véhicules - côté,,,,,,,,,,,1,2,1,1.0,3.0
201700010321,0017-09-04 17:00:00,17,9,4,17,0,130,55,HENRI BARNIER (BOULEVARD,43.37008,5.3346,Plein jour,En agglomération,Hors intersection,Normale,Trois véhicules et plus - en chaîne,,,,,,,,,,,1,2,1,1.0,4.0
201700010322,0017-09-04 20:45:00,17,9,4,20,45,130,55,"01, LOUBON (RUE)",43.31257,5.38189,Nuit avec éclairage allumé,En agglomération,Intersection en T,Normale,Autre collision,,,,,,,,,,,5,2,3,1.0,6.0
201700010323,0017-09-04 12:00:00,17,9,4,12,0,130,55,MENDES FRANCE (AVENUE),43.24797,5.37482,Plein jour,En agglomération,Hors intersection,Normale,Autre collision,,,,,,,,,,,1,2,1,1.0,6.0
201700010324,0017-08-21 18:55:00,17,8,21,18,55,130,55,MORETTI (BOULEVARD),43.32359,5.38906,Plein jour,En agglomération,Intersection en T,Normale,Deux véhicules - côté,,,,,,,,,,,1,2,3,1.0,3.0
201700010325,0017-08-31 14:30:00,17,8,31,14,30,130,55,"85, PIERRE PUGET (COURS)",43.28988,5.37229,Plein jour,En agglomération,Hors intersection,Normale,Deux véhicules - arrière,,,,,,,,,,,1,2,1,1.0,2.0
201700010326,0017-09-05 09:45:00,17,9,5,9,45,130,2,"00, JEAN GIONO (AVENUE)",43.33186,5.48613,Plein jour,En agglomération,Hors intersection,Normale,Autre collision,,,,,,,,,,,1,2,1,1.0,6.0
201700010327,0017-09-05 11:15:00,17,9,5,11,15,130,55,"1, VITALIS (RUE)",43.2929,5.3929,Plein jour,En agglomération,Intersection en X,Normale,Autre collision,,,,,,,,,,,1,2,2,1.0,6.0
201700010328,0017-09-05 09:10:00,17,9,5,9,10,130,55,"572, LITTORAL (CHEMIN DU",43.35422,5.3327,Plein jour,En agglomération,Hors intersection,Normale,Deux véhicules - arrière,,,,,,,,,,,1,2,1,1.0,2.0
201700010329,0017-09-05 08:30:00,17,9,5,8,30,130,106,"48, BEDOULE (CHEMIN DE L",43.38649,5.35216,Plein jour,En agglomération,Hors intersection,Normale,Trois véhicules et plus - en chaîne,,,,,,,,,,,1,2,1,1.0,4.0
201700010330,0017-09-05 17:00:00,17,9,5,17,0,130,55,"21, CAPITAINE GEZE (BOUL",43.32958,5.36698,Plein jour,En agglomération,Giratoire,Normale,Deux véhicules - arrière,,,,,,,,,,,1,2,6,1.0,2.0
201700010331,0017-09-05 14:15:00,17,9,5,14,15,130,55,"236, MONTOLIVET (AVENUE",43.31392,5.41355,Plein jour,En agglomération,Intersection en T,Normale,Deux véhicules - frontale,,,,,,,,,,,1,2,3,1.0,1.0
201700010332,0017-09-06 06:50:00,17,9,6,6,50,130,55,CAPITAINE DESSEMOND (RUE,43.289,5.35427,Plein jour,En agglomération,Hors intersection,Normale,Trois véhicules et plus - collisions multiples,,,,,,,,,,,1,2,1,1.0,5.0
201700010333,0017-09-06 05:00:00,17,9,6,5,0,130,55,"00, PLOMBIERES (BOULEVAR",43.31895,5.37898,Nuit avec éclairage allumé,En agglomération,Hors intersection,Normale,Autre collision,,,,,,,,,,,5,2,1,1.0,6.0
201700010334,0017-09-06 09:00:00,17,9,6,9,0,130,106,NELSON MANDELA (AVENUE),43.41053,5.37155,Plein jour,En agglomération,Hors intersection,Normale,Autre collision,,,,,,,,,,,1,2,1,1.0,6.0
201700010335,0017-09-06 11:35:00,17,9,6,11,35,130,55,PIERRE SEMARD (AVENUE),43.30295,5.38476,Plein jour,En agglomération,Hors intersection,Normale,Deux véhicules - côté,,,,,,,,,,,1,2,1,1.0,3.0
201700010336,0017-08-31 09:00:00,17,8,31,9,0,130,55,"201, MICHELET (BOULEVARD",43.262,5.396,Plein jour,En agglomération,Hors intersection,Pluie légère,Sans collision,,,,,,,,,,,1,2,1,2.0,7.0
201700010337,0017-09-07 07:25:00,17,9,7,7,25,130,55,"269, HENRI BARNIER (BOUL",43.36509,5.34261,Plein jour,En agglomération,Autre intersection,Normale,Deux véhicules - côté,,,,,,,,,,,1,2,9,1.0,3.0
201700010338,0017-09-07 12:10:00,17,9,7,12,10,130,55,"00, ALBERT EINSTEIN (RUE",43.33522,5.4332,Plein jour,En agglomération,Autre intersection,Normale,Deux véhicules - arrière,,,,,,,,,,,1,2,9,1.0,2.0
201700010339,0017-09-07 09:50:00,17,9,7,9,50,130,55,"00, SAINTE MARTHE (AVENU",43.32349,5.38907,Plein jour,En agglomération,Hors intersection,Normale,Autre collision,,,,,,,,,,,1,2,1,1.0,6.0
201700010340,0017-09-07 17:00:00,17,9,7,17,0,130,55,"00, PEINTRES ROUX (AVENU",43.30654,5.46917,Plein jour,En agglomération,Hors intersection,Normale,Deux véhicules - arrière,,,,,,,,,,,1,2,1,1.0,2.0
201700010341,0017-09-07 18:20:00,17,9,7,18,20,130,55,"00, MONUMENT (PLACE DU)",43.30121,5.51056,Plein jour,En agglomération,Hors intersection,Normale,Deux véhicules - arrière,,,,,,,,,,,1,2,1,1.0,2.0
201700010342,0017-09-07 17:05:00,17,9,7,17,5,130,55,"2, CAILLOLS (AVENUE DES)",43.30404,5.42263,Plein jour,En agglomération,Hors intersection,Normale,Autre collision,,,,,,,,,,,1,2,1,1.0,6.0
201700010343,0017-09-07 17:40:00,17,9,7,17,40,130,55,"14, ROUX DE BRI (RUE)",43.28974,5.37509,Plein jour,En agglomération,Hors intersection,Normale,Autre collision,,,,,,,,,,,1,2,1,1.0,6.0
201700010344,0017-09-07 17:30:00,17,9,7,17,30,130,55,"175, NOTRE DAME DE CONSO",43.33903,5.42836,Plein jour,En agglomération,Hors intersection,Normale,Autre collision,,,,,,,,,,,1,2,1,1.0,6.0
201700010345,0017-09-08 08:30:00,17,9,8,8,30,130,55,58 Av André Zénatti,43.24656,5.38617,Plein jour,En agglomération,Hors intersection,Normale,Deux véhicules - côté,,,,,,,,,,,1,2,1,1.0,3.0
201700010346,0017-09-08 13:10:00,17,9,8,13,10,130,55,"118, Louis VILLECROZE (B",43.32212,5.39218,Plein jour,En agglomération,Hors intersection,Normale,Autre collision,,,,,,,,,,,1,2,1,1.0,6.0
201700010347,0017-09-08 13:30:00,17,9,8,13,30,130,55,"126, VISTE (AVENUE DE LA",43.35985,5.35757,Plein jour,En agglomération,Hors intersection,Normale,Autre collision,,,,,,,,,,,1,2,1,1.0,6.0
201700010348,0017-09-08 13:50:00,17,9,8,13,50,130,55,"139, BRETEUIL (RUE)",43.28596,5.37756,Plein jour,En agglomération,Intersection en T,Normale,Deux véhicules - côté,,,,,,,,,,,1,2,3,1.0,3.0
201700010349,0017-09-08 13:45:00,17,9,8,13,45,130,55,"97, PEINTRES ROUX (AVENU",43.30517,5.47101,Plein jour,En agglomération,Hors intersection,Normale,Deux véhicules - arrière,,,,,,,,,,,1,2,1,1.0,2.0
201700010350,0017-09-08 17:10:00,17,9,8,17,10,130,55,"31, LON GAMBETTA (ALLEE",43.29907,5.38281,Plein jour,En agglomération,Hors intersection,Normale,Deux véhicules - arrière,,,,,,,,,,,1,2,1,1.0,2.0
201700010351,0017-09-08 20:00:00,17,9,8,20,0,130,55,"4, ARENC (QUAI D')",43.31327,5.36599,Nuit avec éclairage allumé,En agglomération,Hors intersection,Normale,Deux véhicules - côté,,,,,,,,,,,5,2,1,1.0,3.0
201700010352,0017-09-09 09:18:00,17,9,9,9,18,130,55,"287, MADRAGUE VILLE (che",43.33399,5.35818,Plein jour,En agglomération,Hors intersection,Normale,Deux véhicules - côté,,,,,,,,,,,1,2,1,1.0,3.0
201700010353,0017-09-09 11:15:00,17,9,9,11,15,130,55,"49, BD FERDINAND DE LESS",43.32105,5.37559,Plein jour,En agglomération,Hors intersection,Pluie légère,Trois véhicules et plus - collisions multiples,,,,,,,,,,,1,2,1,2.0,5.0
201700010354,0017-09-09 15:10:00,17,9,9,15,10,130,55,"14, SEBASTOPOL (PLACE)",43.2986,5.39721,Plein jour,En agglomération,Place,Normale,Sans collision,,,,,,,,,,,1,2,7,1.0,7.0
201700010355,0017-09-01 05:30:00,17,9,1,5,30,130,55,"193, CHARTREUX (AVENUE D",43.30904,5.40047,Crépuscule ou aube,En agglomération,Hors intersection,Normale,Sans collision,,,,,,,,,,,2,2,1,1.0,7.0
201700010356,0017-09-10 10:00:00,17,9,10,10,0,130,55,"00, TURBINE (RUE DE LA)",43.27698,5.37769,Plein jour,En agglomération,Intersection en Y,Normale,Autre collision,,,,,,,,,,,1,2,4,1.0,6.0
201700010357,0017-09-10 10:30:00,17,9,10,10,30,130,55,"114, BARRY (BOULEVARD)",43.3202,5.4149,Plein jour,En agglomération,Intersection en X,Normale,Deux véhicules - côté,,,,,,,,,,,1,2,2,1.0,3.0
201700010358,0017-09-10 21:00:00,17,9,10,21,0,130,55,"188, PRADO (contre alle",43.27862,5.38746,Nuit avec éclairage allumé,En agglomération,Intersection en X,Normale,Deux véhicules - côté,,,,,,,,,,,5,2,2,1.0,3.0
201700010359,0017-09-11 10:10:00,17,9,11,10,10,130,55,NOTRE DAME (PLACE),43.29234,5.38347,Plein jour,En agglomération,Intersection en X,Normale,Deux véhicules - côté,,,,,,,,,,,1,2,2,1.0,3.0
201700010360,0017-09-11 13:15:00,17,9,11,13,15,130,55,"33, CLOT BEY (AVENUE)",43.2612,5.38742,Plein jour,En agglomération,Hors intersection,Normale,Deux véhicules - arrière,,,,,,,,,,,1,2,1,1.0,2.0
201700010361,0017-09-11 16:20:00,17,9,11,16,20,130,55,"126, LYON (RUE DE)",43.32736,5.36626,Plein jour,En agglomération,Hors intersection,Normale,Autre collision,,,,,,,,,,,1,2,1,1.0,6.0
201700010362,0017-09-11 20:00:00,17,9,11,20,0,130,55,"51, CONCORDE (BOULEVARD",43.24893,5.40181,Crépuscule ou aube,En agglomération,Intersection à plus de 4 branches,Normale,Deux véhicules - côté,,,,,,,,,,,2,2,5,1.0,3.0
201700010363,0017-09-12 08:30:00,17,9,12,8,30,130,55,"18, BERNARD CADENAT (PLA",43.31185,5.38775,Plein jour,En agglomération,Hors intersection,Normale,Deux véhicules - frontale,,,,,,,,,,,1,2,1,1.0,1.0
201700010364,0017-09-12 08:45:00,17,9,12,8,45,130,55,SAINT JULIEN (AVENUE,43.30579,5.41851,Plein jour,En agglomération,Intersection en X,Normale,Autre collision,,,,,,,,,,,1,2,2,1.0,6.0
201700010365,0017-09-12 08:45:00,17,9,12,8,45,130,55,"1, COL DE LA GINESTE D55",43.23989,5.45586,Plein jour,Hors agglomération,Hors intersection,Normale,Deux véhicules - arrière,,,,,,,,,,,1,1,1,1.0,2.0
201700010366,0017-09-12 10:30:00,17,9,12,10,30,130,55,"59, LON LACHAMP (ROUTE)",43.24628,5.43109,Plein jour,En agglomération,Hors intersection,Normale,Deux véhicules - côté,,,,,,,,,,,1,2,1,1.0,3.0
201700010367,0017-09-06 19:30:00,17,9,6,19,30,130,55,"00, SAINT ANTOINE A SAIN",43.34918,5.37527,Plein jour,En agglomération,Intersection en Y,Normale,Deux véhicules - frontale,,,,,,,,,,,1,2,4,1.0,1.0
201700010368,0017-09-12 17:00:00,17,9,12,17,0,130,55,"150, PAUL CLAUDEL (BOULE",43.26812,5.41558,Plein jour,En agglomération,Hors intersection,Normale,Deux véhicules - côté,,,,,,,,,,,1,2,1,1.0,3.0
201700010369,0017-09-12 16:05:00,17,9,12,16,5,130,55,"00, AVENUE RAIMU",43.33382,5.39888,Plein jour,En agglomération,Hors intersection,Normale,Autre collision,,,,,,,,,,,1,2,1,1.0,6.0
201700010370,0017-09-12 17:00:00,17,9,12,17,0,130,55,"358, SAINT ANTOINE (AVEN",43.3788,5.357,Plein jour,En agglomération,Hors intersection,Normale,Trois véhicules et plus - collisions multiples,,,,,,,,,,,1,2,1,1.0,5.0
201700010371,0017-09-12 18:15:00,17,9,12,18,15,130,55,"00, ALEX. FLEMING (BOULE",43.31506,5.40307,Plein jour,En agglomération,Hors intersection,Normale,Deux véhicules - arrière,,,,,,,,,,,1,2,1,1.0,2.0
201700010372,0017-09-12 16:15:00,17,9,12,16,15,130,55,"158, LE CHATELIER",43.34867,5.37153,Plein jour,En agglomération,Hors intersection,Normale,Deux véhicules - côté,,,,,,,,,,,1,2,1,1.0,3.0
201700010373,0017-09-12 20:45:00,17,9,12,20,45,130,55,"400, LITTORAL (CHEMIN DU",43.34775,5.34413,Crépuscule ou aube,En agglomération,Hors intersection,Normale,Deux véhicules - côté,,,,,,,,,,,2,2,1,1.0,3.0
201700010374,0017-09-12 23:45:00,17,9,12,23,45,130,55,"289, SAINT MARCEL (BOULE",43.28629,5.47188,Nuit avec éclairage allumé,En agglomération,Hors intersection,Normale,Deux véhicules - arrière,,,,,,,,,,,5,2,1,1.0,2.0
201700010375,0017-09-11 20:10:00,17,9,11,20,10,130,55,"37, CONDORCET (RUE)",43.3566,5.34346,Nuit avec éclairage allumé,En agglomération,Hors intersection,Normale,Deux véhicules - frontale,,,,,,,,,,,5,2,1,1.0,1.0
201700010376,0017-09-13 14:45:00,17,9,13,14,45,130,55,"111, CORSE (AVENUE DE LA",43.29063,5.36001,Plein jour,En agglomération,Hors intersection,Normale,Deux véhicules - côté,,,,,,,,,,,1,2,1,1.0,3.0
201700010377,0017-09-13 14:30:00,17,9,13,14,30,130,55,"2, QUEIREL (Bd)",43.28293,5.43291,Plein jour,En agglomération,Hors intersection,Normale,Deux véhicules - côté,,,,,,,,,,,1,2,1,1.0,3.0
201700010378,0017-09-13 16:40:00,17,9,13,16,40,130,55,"4, BORROMEES (AVENUE DES",43.30108,5.43191,Plein jour,En agglomération,Hors intersection,Normale,Deux véhicules - frontale,,,,,,,,,,,1,2,1,1.0,1.0
201700010379,0017-09-13 17:30:00,17,9,13,17,30,130,55,ROGER SALENGRO (AVENUE),43.31895,5.37119,Plein jour,En agglomération,Hors intersection,Normale,Autre collision,,,,,,,,,,,1,2,1,1.0,6.0
201700010380,0017-09-13 18:40:00,17,9,13,18,40,130,55,"178, Corniche John Fitzg",43.27593,5.36231,Plein jour,En agglomération,Hors intersection,Normale,Deux véhicules - côté,,,,,,,,,,,1,2,1,1.0,3.0
201700010381,0017-09-13 19:45:00,17,9,13,19,45,130,55,"00, LIBERATION (BOULEVAR",43.2991,5.3854,Nuit avec éclairage allumé,En agglomération,Hors intersection,Normale,Deux véhicules - côté,,,,,,,,,,,5,2,1,1.0,3.0
201700010382,0017-09-14 08:35:00,17,9,14,8,35,130,55,88 Av. de Mazargues,43.26743,5.3894,Plein jour,En agglomération,Hors intersection,Normale,Deux véhicules - côté,,,,,,,,,,,1,2,1,1.0,3.0
201700010383,0017-09-14 15:15:00,17,9,14,15,15,130,55,"4, ARENC (QUAI D')",43.31258,5.36679,Plein jour,En agglomération,Hors intersection,Normale,Autre collision,,,,,,,,,,,1,2,1,1.0,6.0
201700010384,0017-09-14 16:15:00,17,9,14,16,15,130,55,"41, AUGUSTE BLANQUI (RUE",43.29226,5.38743,Plein jour,En agglomération,Intersection en T,Normale,Deux véhicules - côté,,,,,,,,,,,1,2,3,1.0,3.0
201700010385,0017-09-14 17:45:00,17,9,14,17,45,130,55,"05, VITON (AVENUE)",43.25837,5.40974,Plein jour,En agglomération,Hors intersection,Normale,Autre collision,,,,,,,,,,,1,2,1,1.0,6.0
201700010386,0017-09-15 00:55:00,17,9,15,0,55,130,55,"329, Corniche John Fitzg",43.27346,5.36281,Nuit avec éclairage allumé,En agglomération,Hors intersection,Normale,Sans collision,,,,,,,,,,,5,2,1,1.0,7.0
201700010387,0017-09-15 07:50:00,17,9,15,7,50,130,55,"43, GAROUTTE (BOULEVARD)",43.30785,5.41557,Plein jour,En agglomération,Hors intersection,Normale,Deux véhicules - arrière,,,,,,,,,,,1,2,1,1.0,2.0
201700010388,0017-09-15 08:10:00,17,9,15,8,10,130,55,"00, NICOLAS APPERT (RUE)",43.33974,5.41378,Plein jour,En agglomération,Intersection en T,Normale,Deux véhicules - frontale,,,,,,,,,,,1,2,3,1.0,1.0
201700010389,0017-09-15 16:30:00,17,9,15,16,30,130,55,"81, GOUMIERS (AVENUE DES",43.24672,5.37962,Plein jour,En agglomération,Hors intersection,Pluie légère,Autre collision,,,,,,,,,,,1,2,1,2.0,6.0
201700010390,0017-09-15 13:00:00,17,9,15,13,0,130,55,RIVE NEUVE (QUAI DE),43.29398,5.37385,Plein jour,En agglomération,Hors intersection,Normale,Autre collision,,,,,,,,,,,1,2,1,1.0,6.0
201700010391,0017-09-13 17:15:00,17,9,13,17,15,130,55,"00, BD FERDINAND DE LESS",43.31979,5.36992,Plein jour,En agglomération,Hors intersection,Normale,Deux véhicules - côté,,,,,,,,,,,1,2,1,1.0,3.0
201700010392,0017-09-14 17:45:00,17,9,14,17,45,130,55,"00, MYOSOTIS (RUE DES)",43.2923,5.44148,Plein jour,En agglomération,Hors intersection,Normale,Deux véhicules - côté,,,,,,,,,,,1,2,1,1.0,3.0
201700010393,0017-09-15 17:40:00,17,9,15,17,40,130,55,"35, SCHLOESING (BOULEVAR",43.27409,5.40021,Plein jour,En agglomération,Hors intersection,Pluie légère,Autre collision,,,,,,,,,,,1,2,1,2.0,6.0
201700010394,0017-09-15 17:45:00,17,9,15,17,45,130,55,"65, GRAND (RUE)",43.33665,5.45187,Plein jour,En agglomération,Hors intersection,Pluie légère,Deux véhicules - frontale,,,,,,,,,,,1,2,1,2.0,1.0
201700010395,0017-09-15 20:30:00,17,9,15,20,30,130,55,"32, BENEDIT (RUE)",43.3074,5.3924,Nuit avec éclairage allumé,En agglomération,Hors intersection,Pluie légère,Deux véhicules - côté,,,,,,,,,,,5,2,1,2.0,3.0
201700010396,0017-09-16 11:30:00,17,9,16,11,30,130,55,"282, POILUS (AVENUE DES)",43.31643,5.46093,Plein jour,En agglomération,Hors intersection,Normale,Deux véhicules - arrière,,,,,,,,,,,1,2,1,1.0,2.0
201700010397,0017-09-16 20:00:00,17,9,16,20,0,130,55,"2, ARENC (QUAI D')",43.31324,5.36627,Crépuscule ou aube,En agglomération,Intersection en T,Normale,Deux véhicules - côté,,,,,,,,,,,2,2,3,1.0,3.0
201700010398,0017-09-17 02:45:00,17,9,17,2,45,130,55,"229, LIBERATION (BOULEVA",43.30251,5.3958,Nuit avec éclairage allumé,En agglomération,Intersection en T,Normale,Trois véhicules et plus - collisions multiples,,,,,,,,,,,5,2,3,1.0,5.0
201700010399,0017-09-17 05:30:00,17,9,17,5,30,130,55,"427, MIREILLE LAUZE (Bd)",43.28631,5.42984,Nuit avec éclairage allumé,En agglomération,Hors intersection,Normale,Autre collision,,,,,,,,,,,5,2,1,1.0,6.0
201700010400,0017-09-17 10:20:00,17,9,17,10,20,130,55,"00, AVIATEUR LE BRIX (RU",43.2628,5.40458,Plein jour,En agglomération,Giratoire,Normale,Deux véhicules - côté,,,,,,,,,,,1,2,6,1.0,3.0
201700010401,0017-09-16 19:20:00,17,9,16,19,20,130,55,"50, MERIMEE",43.3296,5.40252,Crépuscule ou aube,En agglomération,Hors intersection,Normale,Deux véhicules - frontale,,,,,,,,,,,2,2,1,1.0,1.0
201700010402,0017-09-17 12:50:00,17,9,17,12,50,130,55,"148, MADRAGUE VILLE (che",43.32761,5.36024,Plein jour,En agglomération,Hors intersection,Normale,Deux véhicules - arrière,,,,,,,,,,,1,2,1,1.0,2.0
201700010403,0017-09-17 17:00:00,17,9,17,17,0,130,55,"02, PARIS (BOULEVARD DE)",43.30511,5.37217,Plein jour,En agglomération,Hors intersection,Normale,Deux véhicules - arrière,,,,,,,,,,,1,2,1,1.0,2.0