accident_id,datetime,annee,mois,jour,heure,minute,departement,commune_insee,adresse,latitude,longitude,luminosite,agglomeration,intersection,meteo,collision,nb_vehicules,nb_usagers,nb_indemnes,nb_tues,nb_blesses_hosp,nb_blesses_legers,age_cond_1,age_cond_2,veh_type_cond_1,veh_type_cond_2,lum_code,agg_code,int_code,atm_code,col_code
201700010522,0017-10-03 17:00:00,17,10,3,17,0,130,55,"2, ARENC (QUAI D')",43.31554,5.36516,Plein jour,En agglomération,Intersection en T,Normale,Deux véhicules - côté,,,,,,,,,,,1,2,3,1.0,3.0
201700010523,0017-07-20 22:40:00,17,7,20,22,40,130,55,MARCHAL JUIN (BOULEVARD,43.31378,5.40591,Nuit avec éclairage allumé,En agglomération,Autre intersection,Normale,Deux véhicules - côté,,,,,,,,,,,5,2,9,1.0,3.0
201700010524,0017-10-03 20:55:00,17,10,3,20,55,130,55,"21, DOCTEUR HECKEL (RUE",43.28908,5.44138,Nuit avec éclairage allumé,En agglomération,Hors intersection,Normale,Deux véhicules - côté,,,,,,,,,,,5,2,1,1.0,3.0
201700010525,0017-10-03 20:45:00,17,10,3,20,45,130,55,route Léon Lachamp,43.2468,5.4498,Nuit sans éclairage public,En agglomération,Hors intersection,Normale,Autre collision,,,,,,,,,,,3,2,1,1.0,6.0
201700010526,0017-10-04 06:30:00,17,10,4,6,30,130,55,MIREILLE LAUZE (BOULEVAR,43.28484,5.42537,Nuit avec éclairage allumé,En agglomération,Hors intersection,Normale,Deux véhicules - arrière,,,,,,,,,,,5,2,1,1.0,2.0
201700010527,0017-10-04 11:30:00,17,10,4,11,30,130,55,55 Bd des Dames,43.30309,5.36661,Plein jour,En agglomération,Intersection en X,Normale,Deux véhicules - côté,,,,,,,,,,,1,2,2,1.0,3.0
201700010528,0017-10-04 12:10:00,17,10,4,12,10,130,55,GARE (AVENUE DE LA),43.35766,5.36607,Plein jour,En agglomération,Hors intersection,Normale,Deux véhicules - arrière,,,,,,,,,,,1,2,1,1.0,2.0
201700010529,0017-10-04 13:50:00,17,10,4,13,50,130,55,"132, PIERRE DOIZE  (RUE)",43.27565,5.4262,Plein jour,En agglomération,Hors intersection,Normale,Deux véhicules - frontale,,,,,,,,,,,1,2,1,1.0,1.0
201700010530,0017-10-04 16:00:00,17,10,4,16,0,130,55,"22, PASTEUR (AVENUE)",43.29071,5.35915,Plein jour,En agglomération,Hors intersection,Normale,Autre collision,,,,,,,,,,,1,2,1,1.0,6.0
201700010531,0017-10-04 17:45:00,17,10,4,17,45,130,55,"28, FERNAND NEGRO (BOULE",43.31297,5.40943,Plein jour,Hors agglomération,Hors intersection,Normale,Autre collision,,,,,,,,,,,1,1,1,1.0,6.0
201700010532,0017-10-04 21:30:00,17,10,4,21,30,130,55,"00, SABLIERE (ROUTE DE L",43.29517,5.48141,Nuit avec éclairage allumé,En agglomération,Giratoire,Normale,Autre collision,,,,,,,,,,,5,2,6,1.0,6.0
201700010533,0017-10-05 02:10:00,17,10,5,2,10,130,55,PORT (QUAI DU),43.29587,5.36763,Nuit avec éclairage allumé,En agglomération,Hors intersection,Autre,Deux véhicules - côté,,,,,,,,,,,5,2,1,9.0,3.0
201700010534,0017-09-30 16:20:00,17,9,30,16,20,130,55,"34, JEAN MOULIN (BOULEVA",43.29052,5.39999,Plein jour,En agglomération,Hors intersection,Normale,Deux véhicules - arrière,,,,,,,,,,,1,2,1,1.0,2.0
201700010535,0017-10-05 07:45:00,17,10,5,7,45,130,55,"435, SAINT PIERRE (RUE)",43.29167,5.41256,Crépuscule ou aube,En agglomération,Hors intersection,Normale,Deux véhicules - côté,,,,,,,,,,,2,2,1,1.0,3.0
201700010536,0017-10-05 08:15:00,17,10,5,8,15,130,55,"22, BD FERDINAND DE LESS",43.32008,5.37182,Plein jour,En agglomération,Hors intersection,Normale,Deux véhicules - arrière,,,,,,,,,,,1,2,1,1.0,2.0
201700010537,0017-10-05 16:36:00,17,10,5,16,36,130,55,"7, BD FERDINAND DE LESSE",43.3196,5.36928,Plein jour,En agglomération,Place,Normale,Deux véhicules - côté,,,,,,,,,,,1,2,7,1.0,3.0
201700010538,0017-10-05 17:45:00,17,10,5,17,45,130,55,"138, ROMAIN ROLLAND (BOU",43.27696,5.41934,Crépuscule ou aube,En agglomération,Hors intersection,Normale,Deux véhicules - arrière,,,,,,,,,,,2,2,1,1.0,2.0
201700010539,0017-10-05 20:50:00,17,10,5,20,50,130,55,"24, SAINT ANTOINE (AVENU",43.36781,5.35659,Nuit avec éclairage allumé,En agglomération,Hors intersection,Normale,Deux véhicules - côté,,,,,,,,,,,5,2,1,1.0,3.0
201700010540,0017-10-05 20:05:00,17,10,5,20,5,130,55,128 Bd Paul Claudel,43.26833,5.41312,Nuit avec éclairage allumé,En agglomération,Hors intersection,Normale,Deux véhicules - côté,,,,,,,,,,,5,2,1,1.0,3.0
201700010541,0017-10-06 03:20:00,17,10,6,3,20,130,55,"104, RUFFI (RUE DE)",43.31428,5.3697,Nuit avec éclairage allumé,En agglomération,Intersection en X,Normale,Autre collision,,,,,,,,,,,5,2,2,1.0,6.0
201700010542,0017-09-12 17:00:00,17,9,12,17,0,130,55,"39, SAKAKINI (BOULEVARD)",43.29712,5.40071,Plein jour,En agglomération,Autre intersection,Normale,Trois véhicules et plus - en chaîne,,,,,,,,,,,1,2,9,1.0,4.0
201700010543,0017-10-06 08:25:00,17,10,6,8,25,130,55,81 Av de la Capelette,43.28242,5.40289,Plein jour,En agglomération,Hors intersection,Normale,Autre collision,,,,,,,,,,,1,2,1,1.0,6.0
201700010544,0017-10-06 08:40:00,17,10,6,8,40,130,55,CHANTE PERDRIX*(tvse),43.27414,5.43499,Plein jour,En agglomération,Intersection en T,Normale,Deux véhicules - côté,,,,,,,,,,,1,2,3,1.0,3.0
201700010545,0017-10-06 10:30:00,17,10,6,10,30,130,55,30 Bd Schloesing,43.2728,5.40084,Plein jour,En agglomération,Hors intersection,Normale,Deux véhicules - côté,,,,,,,,,,,1,2,1,1.0,3.0
201700010546,0017-10-06 12:15:00,17,10,6,12,15,130,55,24 Rue Albert Einstein,43.33372,5.43124,Plein jour,En agglomération,Hors intersection,Normale,Trois véhicules et plus - collisions multiples,,,,,,,,,,,1,2,1,1.0,5.0
201700010547,0017-10-06 12:10:00,17,10,6,12,10,130,55,7 Bd Dugommier,43.29801,5.38097,Plein jour,En agglomération,Hors intersection,Normale,Deux véhicules - côté,,,,,,,,,,,1,2,1,1.0,3.0
201700010548,0017-10-06 11:00:00,17,10,6,11,0,130,55,"00, LITTORAL (CHEMIN DU)",43.33053,5.35493,Plein jour,En agglomération,Hors intersection,Normale,Deux véhicules - arrière,,,,,,,,,,,1,2,1,1.0,2.0
201700010549,0017-10-06 12:26:00,17,10,6,12,26,130,55,113 Bd de Sainte-Marguer,43.26793,5.4074,Plein jour,En agglomération,Hors intersection,Normale,Deux véhicules - arrière,,,,,,,,,,,1,2,1,1.0,2.0
201700010550,0017-10-06 12:15:00,17,10,6,12,15,130,55,"62, ESTAQUE PLAGE",43.36061,5.31391,Plein jour,En agglomération,Hors intersection,Normale,Autre collision,,,,,,,,,,,1,2,1,1.0,6.0
201700010551,0017-10-06 16:20:00,17,10,6,16,20,130,55,"10, MAISON BLAN (BOULEVA",43.32867,5.37492,Plein jour,En agglomération,Hors intersection,Normale,Autre collision,,,,,,,,,,,1,2,1,1.0,6.0
201700010552,0017-10-06 17:15:00,17,10,6,17,15,130,55,1 Rue Belle de Mai,43.30786,5.38167,Plein jour,En agglomération,Hors intersection,Normale,Autre collision,,,,,,,,,,,1,2,1,1.0,6.0
201700010553,0017-10-06 17:15:00,17,10,6,17,15,130,55,21 Av de la Gare,43.36316,5.32512,Plein jour,En agglomération,Hors intersection,Vent fort / tempête,Deux véhicules - frontale,,,,,,,,,,,1,2,1,6.0,1.0
201700010554,0017-10-06 19:30:00,17,10,6,19,30,130,55,25 Rue Jeanne Jugan,43.3099,5.39886,Nuit avec éclairage allumé,En agglomération,Hors intersection,Normale,Autre collision,,,,,,,,,,,5,2,1,1.0,6.0
201700010555,0017-10-07 14:30:00,17,10,7,14,30,130,75,"45, PAUL SIRVENT (AVE)",43.3433,5.46775,Plein jour,En agglomération,Hors intersection,Normale,Trois véhicules et plus - en chaîne,,,,,,,,,,,1,2,1,1.0,4.0
201700010556,0017-10-07 20:15:00,17,10,7,20,15,130,55,"00, SAINT PIERRE (RUE)",43.29131,5.41697,Nuit avec éclairage allumé,En agglomération,Intersection en T,Normale,Autre collision,,,,,,,,,,,5,2,3,1.0,6.0
201700010557,0017-10-07 23:35:00,17,10,7,23,35,130,55,"149, PRADO (AVENUE DU)",43.27889,5.3877,Nuit avec éclairage allumé,En agglomération,Hors intersection,Normale,Trois véhicules et plus - en chaîne,,,,,,,,,,,5,2,1,1.0,4.0
201700010558,0017-10-08 04:02:00,17,10,8,4,2,130,55,"221, PARADIS (RUE)",43.28315,5.38113,Nuit avec éclairage allumé,En agglomération,Hors intersection,Normale,Autre collision,,,,,,,,,,,5,2,1,1.0,6.0
201700010559,0017-10-03 17:30:00,17,10,3,17,30,130,55,"30, DOCTEUR JEAN FIOLLE",43.28474,5.38183,Plein jour,En agglomération,Intersection en X,Normale,Autre collision,,,,,,,,,,,1,2,2,1.0,6.0
201700010560,0017-10-07 12:35:00,17,10,7,12,35,130,55,"46, RIVE NEUVE (QUAI DE)",43.29241,5.36597,Plein jour,En agglomération,Hors intersection,Normale,Autre collision,,,,,,,,,,,1,2,1,1.0,6.0
201700010561,0017-10-07 10:40:00,17,10,7,10,40,130,55,"16, GASTON BERGER  (RUE)",43.27053,5.41439,Plein jour,En agglomération,Hors intersection,Normale,Autre collision,,,,,,,,,,,1,2,1,1.0,6.0
201700010562,0017-10-08 18:45:00,17,10,8,18,45,130,55,Rue Edouard Crémieux,43.31716,5.37285,Plein jour,En agglomération,Hors intersection,Normale,Deux véhicules - frontale,,,,,,,,,,,1,2,1,1.0,1.0
201700010563,0017-10-08 21:00:00,17,10,8,21,0,130,55,"15, COLBERT (RUE)    IMP",43.29928,5.37413,Nuit avec éclairage non allumé,En agglomération,Intersection en X,Normale,Deux véhicules - côté,,,,,,,,,,,4,2,2,1.0,3.0
201700010564,0017-10-08 22:00:00,17,10,8,22,0,130,55,"302, Bd SAINT MARCEL",43.28624,5.473,Nuit avec éclairage allumé,En agglomération,Hors intersection,Normale,Autre collision,,,,,,,,,,,5,2,1,1.0,6.0
201700010565,0017-10-08 23:40:00,17,10,8,23,40,130,55,"1, BLANCARDE (BOULEVARD)",43.30277,5.39665,Nuit avec éclairage allumé,En agglomération,Intersection en X,Normale,Deux véhicules - côté,,,,,,,,,,,5,2,2,1.0,3.0
201700010566,0017-10-09 06:30:00,17,10,9,6,30,130,55,"2, BASSINS DE RADOUB (BO",43.32588,5.35657,Nuit avec éclairage allumé,En agglomération,Hors intersection,Normale,Deux véhicules - arrière,,,,,,,,,,,5,2,1,1.0,2.0
201700010567,0017-10-09 08:20:00,17,10,9,8,20,130,55,224 Bd Chave,43.29568,5.39932,Plein jour,En agglomération,Intersection en T,Normale,Autre collision,,,,,,,,,,,1,2,3,1.0,6.0
201700010568,0017-10-09 11:15:00,17,10,9,11,15,130,55,"00, MAZARGUES (ROND-POIN",43.25058,5.40366,Plein jour,En agglomération,Place,Normale,Deux véhicules - côté,,,,,,,,,,,1,2,7,1.0,3.0
201700010569,0017-10-09 16:00:00,17,10,9,16,0,130,55,"45, pointe rouge (ave)",43.24748,5.37419,Plein jour,En agglomération,Hors intersection,Normale,Trois véhicules et plus - en chaîne,,,,,,,,,,,1,2,1,1.0,4.0
201700010570,0017-10-09 16:15:00,17,10,9,16,15,130,55,196 Bd de Saint-Marcel,43.28702,5.46663,Plein jour,En agglomération,Intersection en T,Normale,Deux véhicules - arrière,,,,,,,,,,,1,2,3,1.0,2.0
201700010571,0017-10-09 17:05:00,17,10,9,17,5,130,55,100 Bd de la Corderie,43.29015,5.36801,Plein jour,En agglomération,Hors intersection,Normale,Autre collision,,,,,,,,,,,1,2,1,1.0,6.0
201700010572,0017-10-10 06:30:00,17,10,10,6,30,130,55,"118, ROGER SALENGRO (AVE",43.31453,5.37051,Nuit avec éclairage allumé,En agglomération,Intersection en T,Normale,Autre collision,,,,,,,,,,,5,2,3,1.0,6.0
201700010573,0017-10-10 11:00:00,17,10,10,11,0,130,55,"385, MICHELET (BOULEVARD",43.25452,5.40176,Plein jour,En agglomération,Intersection en T,Normale,Deux véhicules - arrière,,,,,,,,,,,1,2,3,1.0,2.0
201700010574,0017-10-10 16:50:00,17,10,10,16,50,130,55,"5, MILLIERE (BOULEVARD D",43.28834,5.46288,Plein jour,En agglomération,Hors intersection,Normale,Deux véhicules - côté,,,,,,,,,,,1,2,1,1.0,3.0
201700010575,0017-10-10 17:10:00,17,10,10,17,10,130,55,"44, SAINT BARNABE (AVENU",43.30414,5.41145,Plein jour,En agglomération,Hors intersection,Normale,Trois véhicules et plus - en chaîne,,,,,,,,,,,1,2,1,1.0,4.0
201700010576,0017-10-10 19:40:00,17,10,10,19,40,130,55,"00, JOSEPH AIGUIER (CHEM",43.2598,5.40225,Nuit avec éclairage allumé,En agglomération,Intersection en T,Normale,Deux véhicules - côté,,,,,,,,,,,5,2,3,1.0,3.0
201700010577,0017-10-10 19:35:00,17,10,10,19,35,130,75,"79, FRDRIC CHEVILLON (",43.34747,5.46375,Nuit avec éclairage allumé,En agglomération,Intersection en X,Normale,Deux véhicules - côté,,,,,,,,,,,5,2,2,1.0,3.0
201700010578,0017-10-10 23:30:00,17,10,10,23,30,130,55,"82, MICHELET (BOULEVARD)",43.26787,5.39392,Nuit avec éclairage non allumé,En agglomération,Hors intersection,Normale,Autre collision,,,,,,,,,,,4,2,1,1.0,6.0
201700010579,0017-10-10 23:45:00,17,10,10,23,45,130,55,"36, CHARLES LIVON (BOULE",43.2922,5.36031,Nuit avec éclairage allumé,En agglomération,Hors intersection,Normale,Deux véhicules - côté,,,,,,,,,,,5,2,1,1.0,3.0
201700010580,0017-10-03 08:20:00,17,10,3,8,20,130,55,"100, LIEUTAUD (COURS)",43.29121,5.38303,Plein jour,En agglomération,Intersection en X,Normale,Deux véhicules - côté,,,,,,,,,,,1,2,2,1.0,3.0
201700010581,0017-10-11 09:10:00,17,10,11,9,10,130,55,"00, JOLIETTE (PLACE DE L",43.30475,5.36575,Plein jour,En agglomération,Place,Normale,Autre collision,,,,,,,,,,,1,2,7,1.0,6.0
201700010582,0017-10-11 10:00:00,17,10,11,10,0,130,55,Boulevard Oddo,43.32868,5.36342,Plein jour,En agglomération,Hors intersection,Normale,Autre collision,,,,,,,,,,,1,2,1,1.0,6.0
201700010583,0017-10-11 10:45:00,17,10,11,10,45,130,55,Av Alexandre Ansaldi,43.33213,5.40416,Plein jour,En agglomération,Intersection en X,Normale,Deux véhicules - côté,,,,,,,,,,,1,2,2,1.0,3.0
201700010584,0017-09-30 19:30:00,17,9,30,19,30,130,55,"27, GRIGNAN (RUE)     12",43.29232,5.37779,Nuit avec éclairage allumé,En agglomération,Hors intersection,Pluie légère,Sans collision,,,,,,,,,,,5,2,1,2.0,7.0
201700010585,0017-10-06 10:20:00,17,10,6,10,20,130,55,"145, BAILLE (BOULEVARD)",43.28855,5.39359,Plein jour,En agglomération,Hors intersection,Normale,Deux véhicules - côté,,,,,,,,,,,1,2,1,1.0,3.0
201700010586,0017-10-11 13:30:00,17,10,11,13,30,130,55,43 Rue Condorcet,43.35675,5.34288,Plein jour,En agglomération,Hors intersection,Normale,Deux véhicules - côté,,,,,,,,,,,1,2,1,1.0,3.0
201700010587,0017-09-16 11:35:00,17,9,16,11,35,130,55,"43, CORSE (AVENUE DE LA)",43.28908,5.36248,Plein jour,En agglomération,Hors intersection,Normale,Deux véhicules - côté,,,,,,,,,,,1,2,1,1.0,3.0
201700010588,0017-10-08 11:53:00,17,10,8,11,53,130,55,"307, ROMAIN ROLLAND (BOU",43.27221,5.41073,Plein jour,En agglomération,Hors intersection,Normale,Deux véhicules - côté,,,,,,,,,,,1,2,1,1.0,3.0
201700010589,0017-10-09 18:50:00,17,10,9,18,50,130,55,71 Bd Charles Livon,43.2922,5.36032,Plein jour,En agglomération,Hors intersection,Normale,Deux véhicules - arrière,,,,,,,,,,,1,2,1,1.0,2.0
201700010590,0017-10-09 14:30:00,17,10,9,14,30,130,55,"69, JEAN MARTIN (RUE)",43.29212,5.40395,Plein jour,En agglomération,Hors intersection,Normale,Autre collision,,,,,,,,,,,1,2,1,1.0,6.0
201700010591,0017-10-11 18:30:00,17,10,11,18,30,130,55,"156, SAINTE MARTHE (chem",43.3271,5.38766,Plein jour,En agglomération,Hors intersection,Normale,Deux véhicules - arrière,,,,,,,,,,,1,2,1,1.0,2.0
201700010592,0017-09-23 17:30:00,17,9,23,17,30,130,55,"40, SAINT BAZILE (RUE)",43.30091,5.38292,Plein jour,En agglomération,Intersection en X,Normale,Deux véhicules - côté,,,,,,,,,,,1,2,2,1.0,3.0
201700010593,0017-10-11 21:10:00,17,10,11,21,10,130,55,"144, MIRABEAU (BOULEVARD",43.31405,5.36893,Nuit sans éclairage public,En agglomération,Intersection en X,Normale,Deux véhicules - côté,,,,,,,,,,,3,2,2,1.0,3.0
201700010594,0017-10-11 20:05:00,17,10,11,20,5,130,55,SAINT PIERRE (RUE),43.29246,5.40131,Nuit avec éclairage allumé,En agglomération,Giratoire,Normale,Sans collision,,,,,,,,,,,5,2,6,1.0,7.0
201700010595,0017-10-12 06:40:00,17,10,12,6,40,130,55,"151, MICHELET (BOULEVARD",43.26497,5.39555,Nuit avec éclairage allumé,En agglomération,Hors intersection,Normale,Deux véhicules - arrière,,,,,,,,,,,5,2,1,1.0,2.0
201700010596,0017-10-12 18:25:00,17,10,12,18,25,130,55,"1, CARAVELLE (RUE)",43.31846,5.3725,Plein jour,En agglomération,Hors intersection,Normale,Deux véhicules - frontale,,,,,,,,,,,1,2,1,1.0,1.0
201700010597,0017-10-12 17:00:00,17,10,12,17,0,130,55,"100, LIBERATION (BOULEVA",43.30108,5.39129,Plein jour,En agglomération,Hors intersection,Normale,Autre collision,,,,,,,,,,,1,2,1,1.0,6.0
201700010598,0017-10-12 17:10:00,17,10,12,17,10,130,55,"33, REINE ELISABETH (RUE",43.29691,5.37429,Plein jour,En agglomération,Hors intersection,Normale,Deux véhicules - côté,,,,,,,,,,,1,2,1,1.0,3.0
201700010599,0017-07-26 19:45:00,17,7,26,19,45,130,55,"22, VOLTAIRE    PAIRS (B",43.30219,5.38339,Crépuscule ou aube,En agglomération,Hors intersection,Normale,Autre collision,,,,,,,,,,,2,2,1,1.0,6.0
201700010600,0017-10-13 01:40:00,17,10,13,1,40,130,55,"91, PLOMBIERES (BOULEVAR",43.31674,5.38241,Nuit sans éclairage public,En agglomération,Intersection en X,Normale,Deux véhicules - côté,,,,,,,,,,,3,2,2,1.0,3.0
201700010601,0017-10-13 02:00:00,17,10,13,2,0,130,55,"186, CHARTREUX (AVENUE D",43.30417,5.39832,Nuit avec éclairage allumé,En agglomération,Hors intersection,Normale,Deux véhicules - arrière,,,,,,,,,,,5,2,1,1.0,2.0
201700010602,0017-10-13 13:35:00,17,10,13,13,35,130,55,75 Boulevard Gilly,43.28334,5.39851,Plein jour,En agglomération,Giratoire,Normale,Deux véhicules - côté,,,,,,,,,,,1,2,6,1.0,3.0
201700010603,0017-10-13 18:00:00,17,10,13,18,0,130,55,29 Av Alexandre Fleming,43.31499,5.4032,Plein jour,En agglomération,Hors intersection,Normale,Trois véhicules et plus - collisions multiples,,,,,,,,,,,1,2,1,1.0,5.0
201700010604,0017-10-13 21:22:00,17,10,13,21,22,130,55,Av. de Saint Menet,43.2897,5.4814,Nuit avec éclairage allumé,En agglomération,Giratoire,Normale,Autre collision,,,,,,,,,,,5,2,6,1.0,6.0
201700010605,0017-10-13 20:24:00,17,10,13,20,24,130,55,17 Place Louis Bonnefon,43.25421,5.38173,Nuit avec éclairage allumé,En agglomération,Hors intersection,Normale,Deux véhicules - arrière,,,,,,,,,,,5,2,1,1.0,2.0
201700010606,0017-10-13 21:15:00,17,10,13,21,15,130,55,CORSE (AVENUE DE LA),43.28935,5.35761,Nuit avec éclairage allumé,En agglomération,Intersection en X,Normale,Trois véhicules et plus - collisions multiples,,,,,,,,,,,5,2,2,1.0,5.0
201700010607,0017-10-14 02:05:00,17,10,14,2,5,130,55,39 Chemin des Goudes,43.22334,5.3463,Nuit avec éclairage allumé,En agglomération,Hors intersection,Normale,Autre collision,,,,,,,,,,,5,2,1,1.0,6.0
201700010608,0017-10-14 02:35:00,17,10,14,2,35,130,55,"00, SALVADOR ALLENDE (RU",43.33004,5.3958,Nuit avec éclairage non allumé,En agglomération,Hors intersection,Normale,Autre collision,,,,,,,,,,,4,2,1,1.0,6.0
201700010609,0017-10-14 02:45:00,17,10,14,2,45,130,55,"18, GARIBALDI (BOULEVARD",43.29675,5.38126,Nuit avec éclairage allumé,En agglomération,Hors intersection,Normale,Autre collision,,,,,,,,,,,5,2,1,1.0,6.0
201700010610,0017-10-14 05:05:00,17,10,14,5,5,130,55,54 Bd de la Millière,43.28333,5.49593,Nuit avec éclairage allumé,En agglomération,Hors intersection,Normale,Deux véhicules - côté,,,,,,,,,,,5,2,1,1.0,3.0
201700010611,0017-10-14 13:50:00,17,10,14,13,50,130,55,"30, MARCHAL JUIN (BOULE",43.31077,5.40348,Plein jour,En agglomération,Hors intersection,Normale,Autre collision,,,,,,,,,,,1,2,1,1.0,6.0
201700010612,0017-10-14 17:30:00,17,10,14,17,30,130,55,148 Cours Lieutaud,43.28827,5.38452,Plein jour,En agglomération,Intersection en X,Normale,Deux véhicules - côté,,,,,,,,,,,1,2,2,1.0,3.0
201700010613,0017-10-14 20:15:00,17,10,14,20,15,130,55,15-19 Bd Rabatau,43.27326,5.39246,Nuit avec éclairage allumé,En agglomération,Hors intersection,Normale,Autre collision,,,,,,,,,,,5,2,1,1.0,6.0
201700010614,0017-10-15 00:55:00,17,10,15,0,55,130,55,"4, LIEUTAUD (COURS)",43.29585,5.38153,Nuit avec éclairage allumé,En agglomération,Hors intersection,Normale,Deux véhicules - arrière,,,,,,,,,,,5,2,1,1.0,2.0
201700010615,0017-10-15 07:20:00,17,10,15,7,20,130,55,"101, MICHELET (BOULEVARD",43.26744,5.39422,Nuit avec éclairage allumé,En agglomération,Hors intersection,Normale,Deux véhicules - arrière,,,,,,,,,,,5,2,1,1.0,2.0
201700010616,0017-10-15 05:40:00,17,10,15,5,40,130,55,"98, BRETEUIL (RUE)",43.28676,5.37725,Nuit avec éclairage allumé,En agglomération,Hors intersection,Normale,Autre collision,,,,,,,,,,,5,2,1,1.0,6.0
201700010617,0017-10-15 14:10:00,17,10,15,14,10,130,55,63 Av André Roussin,43.36006,5.33849,Plein jour,En agglomération,Giratoire,Normale,Sans collision,,,,,,,,,,,1,2,6,1.0,7.0
201700010618,0017-10-15 13:00:00,17,10,15,13,0,130,55,"17, AVIATEUR LE BRIX (RU",43.2626,5.40464,Plein jour,En agglomération,Giratoire,Normale,Deux véhicules - arrière,,,,,,,,,,,1,2,6,1.0,2.0
201700010619,0017-10-15 18:15:00,17,10,15,18,15,130,55,3 Rue Paul Langevin,43.3387,5.43268,Plein jour,En agglomération,Hors intersection,Normale,Autre collision,,,,,,,,,,,1,2,1,1.0,6.0
201700010620,0017-10-15 18:00:00,17,10,15,18,0,130,55,LITTORAL (CHEMIN DU),43.34665,5.34473,Plein jour,En agglomération,Hors intersection,Normale,Autre collision,,,,,,,,,,,1,2,1,1.0,6.0
201700010621,0017-10-16 15:00:00,17,10,16,15,0,130,55,"00, LOUIS ASTRUC (RUE)",43.29467,5.39574,Plein jour,En agglomération,Intersection en X,Normale,Autre collision,,,,,,,,,,,1,2,2,1.0,6.0
201700010622,0017-10-16 16:15:00,17,10,16,16,15,130,55,2 Av Elleon,43.28566,5.44203,Plein jour,En agglomération,Intersection en T,Normale,Autre collision,,,,,,,,,,,1,2,3,1.0,6.0
201700010623,0017-10-16 16:20:00,17,10,16,16,20,130,55,GAY LUSSAC (BOULEVARD),43.33156,5.37468,Plein jour,En agglomération,Hors intersection,Normale,Deux véhicules - arrière,,,,,,,,,,,1,2,1,1.0,2.0
201700010624,0017-10-16 17:00:00,17,10,16,17,0,130,55,"00, CLAUDE MONET (avenue",43.31726,5.39002,Plein jour,En agglomération,Intersection en T,Normale,Deux véhicules - côté,,,,,,,,,,,1,2,3,1.0,3.0
201700010625,0017-10-17 14:40:00,17,10,17,14,40,130,55,Corniche John Fitzgrald,43.28665,5.35157,Plein jour,En agglomération,Hors intersection,Normale,Trois véhicules et plus - en chaîne,,,,,,,,,,,1,2,1,1.0,4.0
201700010626,0017-10-16 18:30:00,17,10,16,18,30,130,2,ETIENNE CUCCA-CD908,43.35987,5.49404,Nuit sans éclairage public,En agglomération,Hors intersection,Normale,Sans collision,,,,,,,,,,,3,2,1,1.0,7.0
201700010627,0017-10-17 15:00:00,17,10,17,15,0,130,55,25 Bd Henri Barnier,43.37343,5.35443,Plein jour,En agglomération,Hors intersection,Normale,Trois véhicules et plus - collisions multiples,,,,,,,,,,,1,2,1,1.0,5.0
201700010628,0017-10-17 17:45:00,17,10,17,17,45,130,2,"16, 7 RMENT DE TIRAILLEU",43.33854,5.47958,Plein jour,En agglomération,Hors intersection,Temps éblouissant,Autre collision,,,,,,,,,,,1,2,1,7.0,6.0
201700010629,0017-10-17 18:22:00,17,10,17,18,22,130,55,9 Av Viton,43.26075,5.40652,Plein jour,En agglomération,Place,Normale,Deux véhicules - côté,,,,,,,,,,,1,2,7,1.0,3.0
201700010630,0017-10-18 08:25:00,17,10,18,8,25,130,55,"3, ALPH. MOUTTE (RUE)",43.32028,5.40932,Plein jour,En agglomération,Hors intersection,Normale,Autre collision,,,,,,,,,,,1,2,1,1.0,6.0
201700010631,0017-10-18 09:40:00,17,10,18,9,40,130,55,"71, SAINT JEROME (AVENUE",43.33083,5.41924,Plein jour,En agglomération,Intersection en T,Normale,Deux véhicules - côté,,,,,,,,,,,1,2,3,1.0,3.0
201700010632,0017-10-18 14:30:00,17,10,18,14,30,130,106,"140, NELSON MANDELA (AVE",43.41062,5.37235,Plein jour,En agglomération,Intersection en X,Normale,Deux véhicules - côté,,,,,,,,,,,1,2,2,1.0,3.0
201700010633,0017-10-18 18:40:00,17,10,18,18,40,130,55,"67, ANEMONES (chemin des",,,Crépuscule ou aube,En agglomération,Hors intersection,Normale,Sans collision,,,,,,,,,,,2,2,1,1.0,7.0
201700010634,0017-10-18 22:30:00,17,10,18,22,30,130,55,"397, PARADIS (RUE)",43.27539,5.38436,Nuit avec éclairage allumé,En agglomération,Intersection en X,Normale,Deux véhicules - côté,,,,,,,,,,,5,2,2,1.0,3.0
201700010635,0017-10-06 15:01:00,17,10,6,15,1,130,55,"00, DUGOMMIER (BOULEVARD",43.29895,5.38084,Plein jour,En agglomération,Hors intersection,Normale,Autre collision,,,,,,,,,,,1,2,1,1.0,6.0
201700010636,0017-10-19 12:30:00,17,10,19,12,30,130,55,95 Av de St-Antoine,43.37055,5.3562,Plein jour,En agglomération,Hors intersection,Normale,Autre collision,,,,,,,,,,,1,2,1,1.0,6.0
201700010637,0017-10-19 10:00:00,17,10,19,10,0,130,55,"94, SAINTE MARTHE (AVENU",43.32295,5.3894,Plein jour,En agglomération,Intersection en T,Normale,Autre collision,,,,,,,,,,,1,2,3,1.0,6.0
201700010638,0017-10-19 13:15:00,17,10,19,13,15,130,55,"38-40, RIVE NEUVE (QUAI",43.29253,5.36701,Plein jour,En agglomération,Hors intersection,Normale,Deux véhicules - côté,,,,,,,,,,,1,2,1,1.0,3.0
201700010639,0017-09-02 19:30:00,17,9,2,19,30,130,55,"214, SAINTE MARTHE (chem",43.3309,5.38894,Plein jour,En agglomération,Hors intersection,Normale,Autre collision,,,,,,,,,,,1,2,1,1.0,6.0