accident_id,datetime,annee,mois,jour,heure,minute,departement,commune_insee,adresse,latitude,longitude,luminosite,agglomeration,intersection,meteo,collision,nb_vehicules,nb_usagers,nb_indemnes,nb_tues,nb_blesses_hosp,nb_blesses_legers,age_cond_1,age_cond_2,veh_type_cond_1,veh_type_cond_2,lum_code,agg_code,int_code,atm_code,col_code
201700010873,0017-11-25 12:30:00,17,11,25,12,30,130,55,"12, AUGUSTIN ROUX (RUE)",43.3489,5.36308,Plein jour,En agglomération,Hors intersection,Normale,Deux véhicules - côté,,,,,,,,,,,1,2,1,1.0,3.0
201700010874,0017-11-25 13:45:00,17,11,25,13,45,130,55,"23, PASSET (CHEMIN DU)",43.36028,5.33295,Plein jour,En agglomération,Hors intersection,Normale,Autre collision,,,,,,,,,,,1,2,1,1.0,6.0
201700010875,0017-11-25 11:50:00,17,11,25,11,50,130,55,"00, ESCADRILLE NORMANDIE",43.33072,5.41029,Plein jour,En agglomération,Hors intersection,Normale,Deux véhicules - côté,,,,,,,,,,,1,2,1,1.0,3.0
201700010876,0017-11-25 15:30:00,17,11,25,15,30,130,55,"25, CAPELETTE (AVENUE DE",43.28369,5.40074,Plein jour,En agglomération,Intersection en T,Normale,Deux véhicules - côté,,,,,,,,,,,1,2,3,1.0,3.0
201700010877,0017-11-25 18:30:00,17,11,25,18,30,130,55,"36, CHARLES LIVON (BOULE",43.29485,5.36544,Nuit avec éclairage allumé,En agglomération,Hors intersection,Normale,Deux véhicules - côté,,,,,,,,,,,5,2,1,1.0,3.0
201700010878,0017-11-26 00:40:00,17,11,26,0,40,130,55,"52, PARADIS (RUE)",43.2922,5.37729,Nuit avec éclairage allumé,En agglomération,Intersection en X,Normale,Deux véhicules - côté,,,,,,,,,,,5,2,2,1.0,3.0
201700010879,0017-11-26 03:06:00,17,11,26,3,6,130,55,"1, RAY GRASSI (Alle)",43.27101,5.39664,Nuit avec éclairage allumé,En agglomération,Hors intersection,Normale,Sans collision,,,,,,,,,,,5,2,1,1.0,7.0
201700010880,0017-11-26 06:00:00,17,11,26,6,0,130,55,"68, LAZER (BOULEVARD)",43.27787,5.40562,Nuit avec éclairage allumé,En agglomération,Hors intersection,Normale,Deux véhicules - frontale,,,,,,,,,,,5,2,1,1.0,1.0
201700010881,0017-11-26 18:00:00,17,11,26,18,0,130,55,"20, MONTRE (TRAVERSE DE",43.29293,5.47372,Nuit avec éclairage allumé,En agglomération,Hors intersection,Normale,Autre collision,,,,,,,,,,,5,2,1,1.0,6.0
201700010882,0017-11-26 19:00:00,17,11,26,19,0,130,55,"83, FRANOISE DUPARC (BO",43.306,5.40076,Nuit avec éclairage non allumé,En agglomération,Hors intersection,Normale,Deux véhicules - arrière,,,,,,,,,,,4,2,1,1.0,2.0
201700010883,0017-11-27 04:45:00,17,11,27,4,45,130,55,"129, ROSE (AVENUE DE LA)",43.3281,5.4249,Nuit avec éclairage allumé,En agglomération,Hors intersection,Normale,Deux véhicules - frontale,,,,,,,,,,,5,2,1,1.0,1.0
201700010884,0017-11-27 12:10:00,17,11,27,12,10,130,55,"148, FLIX PYAT (RUE)",43.31829,5.37504,Plein jour,En agglomération,Hors intersection,Normale,Autre collision,,,,,,,,,,,1,2,1,1.0,6.0
201700010885,0017-11-27 11:45:00,17,11,27,11,45,130,55,"00, VERNE (BOULEVARD)",43.25881,5.39332,Plein jour,En agglomération,Intersection en X,Normale,Deux véhicules - côté,,,,,,,,,,,1,2,2,1.0,3.0
201700010886,0017-11-27 12:50:00,17,11,27,12,50,130,55,"2, HENRI FIOCCA (RUE)",43.297,5.3739,Plein jour,En agglomération,Intersection en T,Normale,Autre collision,,,,,,,,,,,1,2,3,1.0,6.0
201700010887,0017-11-27 15:40:00,17,11,27,15,40,130,55,"00, JAUBERT (RUE)",43.2978,5.39322,Plein jour,En agglomération,Hors intersection,Normale,Autre collision,,,,,,,,,,,1,2,1,1.0,6.0
201700010888,0017-11-27 18:30:00,17,11,27,18,30,130,55,"378, MAZARGUES (AVENUE D",43.25884,5.39804,Nuit avec éclairage non allumé,En agglomération,Intersection en T,Normale,Deux véhicules - côté,,,,,,,,,,,4,2,3,1.0,3.0
201700010889,0017-11-27 17:30:00,17,11,27,17,30,130,55,"49, ENDOUME (RUE D')",43.28886,5.36657,Crépuscule ou aube,En agglomération,Hors intersection,Normale,Autre collision,,,,,,,,,,,2,2,1,1.0,6.0
201700010890,0017-11-27 17:00:00,17,11,27,17,0,130,55,"40, PINEDE (RUE DE LA)",43.29137,5.42795,Plein jour,En agglomération,Hors intersection,Normale,Autre collision,,,,,,,,,,,1,2,1,1.0,6.0
201700010891,0017-11-27 21:30:00,17,11,27,21,30,130,55,"51, SAINT LOUP (BOULEVAR",43.28239,5.43047,Nuit avec éclairage allumé,En agglomération,Hors intersection,Normale,Sans collision,,,,,,,,,,,5,2,1,1.0,7.0
201700010892,0017-11-27 21:45:00,17,11,27,21,45,130,55,"51, SAINT LOUP (BOULEVAR",43.28239,5.43047,Nuit avec éclairage allumé,En agglomération,Hors intersection,Normale,Sans collision,,,,,,,,,,,5,2,1,1.0,7.0
201700010893,0017-11-23 05:00:00,17,11,23,5,0,130,55,"00, ATHENES (BOULEVARD D",43.30064,5.38074,Nuit avec éclairage allumé,En agglomération,Intersection en X,Pluie légère,Sans collision,,,,,,,,,,,5,2,2,2.0,7.0
201700010894,0017-11-27 21:50:00,17,11,27,21,50,130,55,"61, BAILLE (BOULEVARD)",43.28727,5.38839,Nuit avec éclairage allumé,En agglomération,Hors intersection,Normale,Deux véhicules - côté,,,,,,,,,,,5,2,1,1.0,3.0
201700010895,0017-11-13 18:00:00,17,11,13,18,0,130,55,"194, CHARLES KADDOUZ (RU",43.31661,5.43601,Nuit avec éclairage allumé,En agglomération,Intersection en T,Normale,Trois véhicules et plus - collisions multiples,,,,,,,,,,,5,2,3,1.0,5.0
201700010896,0017-11-27 06:20:00,17,11,27,6,20,130,55,"480, PRADO (AVENUE DU)",43.26661,5.38207,Nuit avec éclairage allumé,En agglomération,Hors intersection,Normale,Deux véhicules - arrière,,,,,,,,,,,5,2,1,1.0,2.0
201700010897,0017-11-28 12:45:00,17,11,28,12,45,130,55,"02, PARC BORELY (AVENUE)",43.26319,5.37829,Plein jour,En agglomération,Hors intersection,Normale,Deux véhicules - arrière,,,,,,,,,,,1,2,1,1.0,2.0
201700010898,0017-11-28 13:10:00,17,11,28,13,10,130,55,"24, CHEMIN DU MERLAN A L",43.32895,5.41709,Plein jour,En agglomération,Hors intersection,Normale,Deux véhicules - côté,,,,,,,,,,,1,2,1,1.0,3.0
201700010899,0017-11-28 14:27:00,17,11,28,14,27,130,55,"1, PAUL PEYTRAL (BOULEV",43.2901,5.37887,Plein jour,En agglomération,Hors intersection,Normale,Autre collision,,,,,,,,,,,1,2,1,1.0,6.0
201700010900,0017-11-28 17:00:00,17,11,28,17,0,130,55,"251 A, DANIEL CASANOVA (",43.33064,5.3765,Plein jour,En agglomération,Hors intersection,Normale,Autre collision,,,,,,,,,,,1,2,1,1.0,6.0
201700010901,0017-11-28 17:48:00,17,11,28,17,48,130,55,"4, ARENC (QUAI D')",43.31374,5.36559,Nuit avec éclairage allumé,En agglomération,Hors intersection,Normale,Deux véhicules - côté,,,,,,,,,,,5,2,1,1.0,3.0
201700010902,0017-11-28 19:00:00,17,11,28,19,0,130,55,PARADIS (RUE),43.27508,5.38453,Nuit avec éclairage allumé,En agglomération,Hors intersection,Normale,Sans collision,,,,,,,,,,,5,2,1,1.0,7.0
201700010903,0017-11-28 11:55:00,17,11,28,11,55,130,55,"00, CANEBIERE    30 A 68",43.2976,5.381,Plein jour,En agglomération,Intersection en X,Normale,Trois véhicules et plus - collisions multiples,,,,,,,,,,,1,2,2,1.0,5.0
201700010904,0017-11-29 09:00:00,17,11,29,9,0,130,55,"60, PANOUSE (AVENUE DE L",43.25712,5.42317,Plein jour,En agglomération,Hors intersection,Normale,Autre collision,,,,,,,,,,,1,2,1,1.0,6.0
201700010905,0017-11-29 09:35:00,17,11,29,9,35,130,55,"41, PERIER (BOULEVARD",43.2794,5.38456,Plein jour,En agglomération,Hors intersection,Normale,Deux véhicules - arrière,,,,,,,,,,,1,2,1,1.0,2.0
201700010906,0017-11-29 11:45:00,17,11,29,11,45,130,55,"00, BARA (BOULEVARD)",43.34792,5.44752,Plein jour,En agglomération,Intersection en T,Normale,Deux véhicules - côté,,,,,,,,,,,1,2,3,1.0,3.0
201700010907,0017-11-29 12:00:00,17,11,29,12,0,130,55,"39, MAZARGUES (AVENUE DE",43.26895,5.38842,Plein jour,En agglomération,Hors intersection,Normale,Sans collision,,,,,,,,,,,1,2,1,1.0,7.0
201700010908,0017-11-29 17:45:00,17,11,29,17,45,130,55,"89, CLOT BEY (AVENUE)",43.25895,5.38524,Nuit avec éclairage allumé,En agglomération,Hors intersection,Normale,Deux véhicules - arrière,,,,,,,,,,,5,2,1,1.0,2.0
201700010909,0017-11-29 20:10:00,17,11,29,20,10,130,55,"00, VALENTINE (ROUTE DE",43.29056,5.46295,Nuit sans éclairage public,En agglomération,Intersection en T,Normale,Deux véhicules - frontale,,,,,,,,,,,3,2,3,1.0,1.0
201700010910,0017-11-30 01:20:00,17,11,30,1,20,130,55,"00, LIBERATION (BOULEVAR",43.30122,5.39198,Nuit avec éclairage allumé,En agglomération,Intersection en X,Normale,Autre collision,,,,,,,,,,,5,2,2,1.0,6.0
201700010911,0017-11-30 11:25:00,17,11,30,11,25,130,55,"23, PAUL COXE (RUE)",43.34692,5.37812,Plein jour,En agglomération,Hors intersection,Normale,Deux véhicules - côté,,,,,,,,,,,1,2,1,1.0,3.0
201700010912,0017-11-30 11:35:00,17,11,30,11,35,130,55,"26, JEAN MOULIN (BOULEVA",43.28534,5.39887,Plein jour,En agglomération,Hors intersection,Normale,Deux véhicules - côté,,,,,,,,,,,1,2,1,1.0,3.0
201700010913,0017-11-30 14:30:00,17,11,30,14,30,130,55,"378, MAZARGUES (AVENUE D",43.25878,5.39408,Plein jour,En agglomération,Hors intersection,Normale,Deux véhicules - côté,,,,,,,,,,,1,2,1,1.0,3.0
201700010914,0017-11-30 14:05:00,17,11,30,14,5,130,55,"62, SAINT LOUP (BOULEVAR",43.28215,5.42992,Plein jour,En agglomération,Hors intersection,Normale,Deux véhicules - arrière,,,,,,,,,,,1,2,1,1.0,2.0
201700010915,0017-11-30 15:00:00,17,11,30,15,0,130,55,"1, PIERRE DRAMARD (BOULE",43.37922,5.3578,Plein jour,En agglomération,Hors intersection,Normale,Autre collision,,,,,,,,,,,1,2,1,1.0,6.0
201700010916,0017-11-30 17:15:00,17,11,30,17,15,130,55,"21, POILUS (AVENUE DES)",43.32557,5.4511,Plein jour,En agglomération,Hors intersection,Normale,Deux véhicules - frontale,,,,,,,,,,,1,2,1,1.0,1.0
201700010917,0017-11-30 23:30:00,17,11,30,23,30,130,55,"80, LON LACHAMP (ROUTE)",43.24795,5.43639,Nuit avec éclairage allumé,En agglomération,Hors intersection,Normale,Deux véhicules - frontale,,,,,,,,,,,5,2,1,1.0,1.0
201700010918,0017-12-01 00:30:00,17,12,1,0,30,130,55,"5, ABB FERAUD (RUE)",43.28548,5.39096,Nuit avec éclairage allumé,En agglomération,Intersection en X,Normale,Deux véhicules - côté,,,,,,,,,,,5,2,2,1.0,3.0
201700010919,0017-12-01 06:00:00,17,12,1,6,0,130,55,"1, JEAN MOULIN (BOULEVAR",43.28955,5.39988,Nuit avec éclairage allumé,En agglomération,Hors intersection,Normale,Trois véhicules et plus - en chaîne,,,,,,,,,,,5,2,1,1.0,4.0
201700010920,0017-12-01 05:22:00,17,12,1,5,22,130,55,"36, SAINT MARCEL (BOULEV",43.28871,5.45833,Nuit avec éclairage allumé,En agglomération,Intersection en T,Normale,Autre collision,,,,,,,,,,,5,2,3,1.0,6.0
201700010921,0017-12-01 07:50:00,17,12,1,7,50,130,55,"2, ODETTE JASSE (rue)",43.34292,5.37196,Crépuscule ou aube,En agglomération,Hors intersection,Pluie légère,Sans collision,,,,,,,,,,,2,2,1,2.0,7.0
201700010922,0017-12-01 08:00:00,17,12,1,8,0,130,2,"00, ETIENNE CUCCA-CD908",43.36185,5.49381,Crépuscule ou aube,En agglomération,Hors intersection,Neige / grêle,Autre collision,,,,,,,,,,,2,2,1,4.0,6.0
201700010923,0017-12-01 10:20:00,17,12,1,10,20,130,55,"40, MICHELET (BOULEVARD)",43.27023,5.39249,Plein jour,En agglomération,Hors intersection,Normale,Autre collision,,,,,,,,,,,1,2,1,1.0,6.0
201700010924,0017-12-01 11:30:00,17,12,1,11,30,130,55,"164, LIEUTAUD (COURS)",43.28743,5.3849,Plein jour,En agglomération,Intersection en X,Normale,Deux véhicules - côté,,,,,,,,,,,1,2,2,1.0,3.0
201700010925,0017-12-01 09:00:00,17,12,1,9,0,130,55,MICHELET (BOULEVARD),43.25876,5.39881,Plein jour,En agglomération,Hors intersection,Normale,Sans collision,,,,,,,,,,,1,2,1,1.0,7.0
201700010926,0017-12-01 09:03:00,17,12,1,9,3,130,55,"112, WILLIAM BOOTH (AVEN",43.29531,5.44556,Plein jour,En agglomération,Hors intersection,Pluie légère,Deux véhicules - côté,,,,,,,,,,,1,2,1,2.0,3.0
201700010927,0017-12-01 11:00:00,17,12,1,11,0,130,55,"00, LA MARTINE (TRAVERSE",43.30165,5.45946,Plein jour,En agglomération,Hors intersection,Normale,Autre collision,,,,,,,,,,,1,2,1,1.0,6.0
201700010928,0017-12-01 17:30:00,17,12,1,17,30,130,55,"245 bis, MICHELET (BOULE",43.26133,5.39767,Nuit avec éclairage allumé,En agglomération,Hors intersection,Normale,Autre collision,,,,,,,,,,,5,2,1,1.0,6.0
201700010929,0017-12-01 17:30:00,17,12,1,17,30,130,55,"00, CASSIS (ANCIEN CHEMI",43.26206,5.41666,Crépuscule ou aube,En agglomération,Intersection en Y,Normale,Sans collision,,,,,,,,,,,2,2,4,1.0,7.0
201700010930,0017-12-01 18:15:00,17,12,1,18,15,130,55,"30, BD FERDINAND DE LESS",43.32032,5.37288,Nuit avec éclairage allumé,En agglomération,Hors intersection,Normale,Deux véhicules - côté,,,,,,,,,,,5,2,1,1.0,3.0
201700010931,0017-12-02 10:50:00,17,12,2,10,50,130,55,"00, CESAR BOY (AVENUE)",43.2954,5.48175,Plein jour,En agglomération,Hors intersection,Neige / grêle,Deux véhicules - côté,,,,,,,,,,,1,2,1,4.0,3.0
201700010932,0017-12-02 12:10:00,17,12,2,12,10,130,55,SABLIERE (ROUTE DE L,43.2933,5.47891,Plein jour,En agglomération,Hors intersection,Pluie légère,Deux véhicules - côté,,,,,,,,,,,1,2,1,2.0,3.0
201700010933,0017-12-03 06:10:00,17,12,3,6,10,130,55,"00, JEAN PAUL SARTRE (AV",43.32076,5.41638,Crépuscule ou aube,En agglomération,Hors intersection,Normale,Deux véhicules - arrière,,,,,,,,,,,2,2,1,1.0,2.0
201700010934,0017-12-03 12:30:00,17,12,3,12,30,130,55,"00, Georges BRAQUE (aven",43.33384,5.40006,Plein jour,En agglomération,Hors intersection,Normale,Autre collision,,,,,,,,,,,1,2,1,1.0,6.0
201700010935,0017-12-03 17:40:00,17,12,3,17,40,130,55,"00, CORSE (AVENUE DE LA)",43.28926,5.3577,Nuit avec éclairage allumé,En agglomération,Intersection en X,Normale,Deux véhicules - côté,,,,,,,,,,,5,2,2,1.0,3.0
201700010936,0017-12-04 05:15:00,17,12,4,5,15,130,55,"1, BONNEFOY (RUE)",43.27954,5.39949,Nuit avec éclairage allumé,En agglomération,Hors intersection,Normale,Sans collision,,,,,,,,,,,5,2,1,1.0,7.0
201700010937,0017-12-04 07:55:00,17,12,4,7,55,130,55,"00, BOIS LUZY (AVENUE DE",43.31081,5.42189,Plein jour,En agglomération,Intersection en X,Normale,Deux véhicules - côté,,,,,,,,,,,1,2,2,1.0,3.0
201700010938,0017-12-04 12:20:00,17,12,4,12,20,130,55,SCHLOESING (BOULEVARD),43.27359,5.40048,Plein jour,En agglomération,Hors intersection,Normale,Autre collision,,,,,,,,,,,1,2,1,1.0,6.0
201700010939,0017-12-04 18:25:00,17,12,4,18,25,130,55,"71, CAPELETTE (AVENUE DE",43.28269,5.4025,Nuit avec éclairage allumé,En agglomération,Hors intersection,Normale,Deux véhicules - arrière,,,,,,,,,,,5,2,1,1.0,2.0
201700010940,0017-12-04 20:45:00,17,12,4,20,45,130,55,"430, PARADIS (RUE)",43.27527,5.38435,Nuit avec éclairage allumé,En agglomération,Hors intersection,Normale,Deux véhicules - frontale,,,,,,,,,,,5,2,1,1.0,1.0
201700010941,0017-12-05 07:30:00,17,12,5,7,30,130,55,avenue de Toulon,43.28488,5.39058,Plein jour,En agglomération,Intersection en T,Normale,Deux véhicules - arrière,,,,,,,,,,,1,2,3,1.0,2.0
201700010942,0017-12-05 07:10:00,17,12,5,7,10,130,2,"1, ETIENNE CUCCA-CD908 (",43.37117,5.53519,Crépuscule ou aube,Hors agglomération,Hors intersection,Autre,Autre collision,,,,,,,,,,,2,1,1,9.0,6.0
201700010943,0017-12-04 18:20:00,17,12,4,18,20,130,55,"256, PAUL CLAUDEL (BOULE",43.26947,5.42128,Nuit avec éclairage allumé,En agglomération,Hors intersection,Normale,Deux véhicules - côté,,,,,,,,,,,5,2,1,1.0,3.0
201700010944,0017-12-05 14:30:00,17,12,5,14,30,130,55,"35, GRIVES (CHEMIN DES)",43.35308,5.41761,Plein jour,En agglomération,Hors intersection,Normale,Deux véhicules - frontale,,,,,,,,,,,1,2,1,1.0,1.0
201700010945,0017-12-05 17:00:00,17,12,5,17,0,130,55,"52, ROMAIN ROLLAND (BOUL",43.2797,5.4244,Plein jour,En agglomération,Hors intersection,Normale,Autre collision,,,,,,,,,,,1,2,1,1.0,6.0
201700010946,0017-12-06 08:10:00,17,12,6,8,10,130,55,"35, JEAN RAMEAU (RUE)",43.30763,5.41825,Plein jour,En agglomération,Hors intersection,Autre,Deux véhicules - arrière,,,,,,,,,,,1,2,1,9.0,2.0
201700010947,0017-12-06 12:30:00,17,12,6,12,30,130,55,"165, CAMOINS (AVENUE DES",43.3004,5.50299,Plein jour,En agglomération,Hors intersection,Normale,Deux véhicules - arrière,,,,,,,,,,,1,2,1,1.0,2.0
201700010948,0017-12-06 15:15:00,17,12,6,15,15,130,55,"2, ELLEON (AVENUE)",43.2856,5.44206,Plein jour,En agglomération,Hors intersection,Normale,Autre collision,,,,,,,,,,,1,2,1,1.0,6.0
201700010949,0017-12-06 17:25:00,17,12,6,17,25,130,55,"244, MORGIOU (chemin de",43.23361,5.41153,Nuit avec éclairage allumé,En agglomération,Hors intersection,Normale,Sans collision,,,,,,,,,,,5,2,1,1.0,7.0
201700010950,0017-12-06 19:15:00,17,12,6,19,15,130,55,32 Bd Schloesing,43.27139,5.40181,Nuit avec éclairage allumé,En agglomération,Hors intersection,Normale,Deux véhicules - côté,,,,,,,,,,,5,2,1,1.0,3.0
201700010951,0017-12-06 11:25:00,17,12,6,11,25,130,55,321 Av Saint-Antoine,43.37766,5.35649,Plein jour,En agglomération,Hors intersection,Normale,Deux véhicules - côté,,,,,,,,,,,1,2,1,1.0,3.0
201700010952,0017-12-07 08:45:00,17,12,7,8,45,130,55,"156, VALENTINE (ROUTE DE",43.29005,5.47602,Plein jour,En agglomération,Hors intersection,Normale,Sans collision,,,,,,,,,,,1,2,1,1.0,7.0
201700010953,0017-12-07 12:00:00,17,12,7,12,0,130,55,CALLELONGUE (RUE),43.2584,5.3891,Plein jour,En agglomération,Hors intersection,Normale,Deux véhicules - côté,,,,,,,,,,,1,2,1,1.0,3.0
201700010954,0017-12-07 19:30:00,17,12,7,19,30,130,55,"128, CHARLES KADDOUZ (RU",43.31416,5.43245,Nuit avec éclairage allumé,En agglomération,Hors intersection,Normale,Autre collision,,,,,,,,,,,5,2,1,1.0,6.0
201700010955,0017-12-08 00:01:00,17,12,8,0,1,130,55,"82, BORDE (RUE)",43.27953,5.39345,Nuit avec éclairage allumé,En agglomération,Intersection en X,Normale,Deux véhicules - côté,,,,,,,,,,,5,2,2,1.0,3.0
201700010956,0017-12-08 07:50:00,17,12,8,7,50,130,55,654 Chemin du Littoral,43.35872,5.32574,Plein jour,En agglomération,Hors intersection,Pluie légère,Trois véhicules et plus - collisions multiples,,,,,,,,,,,1,2,1,2.0,5.0
201700010957,0017-12-08 09:15:00,17,12,8,9,15,130,55,112 Bd de Saint-Loup,43.28276,5.43218,Plein jour,En agglomération,Hors intersection,Pluie légère,Trois véhicules et plus - en chaîne,,,,,,,,,,,1,2,1,2.0,4.0
201700010958,0017-12-08 11:15:00,17,12,8,11,15,130,55,27 Bd Charles Moretti,43.32554,5.38041,Plein jour,En agglomération,Hors intersection,Pluie légère,Trois véhicules et plus - collisions multiples,,,,,,,,,,,1,2,1,2.0,5.0
201700010959,0017-12-08 11:40:00,17,12,8,11,40,130,55,"31, PRADO (AVENUE DU)",43.28407,5.38481,Plein jour,En agglomération,Hors intersection,Pluie légère,Autre collision,,,,,,,,,,,1,2,1,2.0,6.0
201700010960,0017-12-08 13:45:00,17,12,8,13,45,130,55,"134, MICHELET (BOULEVARD",43.26574,5.39513,Plein jour,En agglomération,Hors intersection,Normale,Deux véhicules - arrière,,,,,,,,,,,1,2,1,1.0,2.0
201700010961,0017-12-08 17:50:00,17,12,8,17,50,130,55,"220, OLIVES (AVENUE DES)",43.32457,5.44248,Nuit avec éclairage allumé,En agglomération,Hors intersection,Normale,Autre collision,,,,,,,,,,,5,2,1,1.0,6.0
201700010962,0017-12-08 17:45:00,17,12,8,17,45,130,55,1 Rue de Forbin,43.30642,5.37309,Plein jour,En agglomération,Hors intersection,Normale,Autre collision,,,,,,,,,,,1,2,1,1.0,6.0
201700010963,0017-12-08 19:30:00,17,12,8,19,30,130,55,"401, Corniche John Fitzg",43.26811,5.37139,Nuit avec éclairage allumé,En agglomération,Hors intersection,Normale,Deux véhicules - côté,,,,,,,,,,,5,2,1,1.0,3.0
201700010964,0017-12-09 07:50:00,17,12,9,7,50,130,55,61 Av Camille Pelletan,43.30553,5.37315,Plein jour,En agglomération,Hors intersection,Normale,Sans collision,,,,,,,,,,,1,2,1,1.0,7.0
201700010965,0017-12-09 09:50:00,17,12,9,9,50,130,75,"67, LOUIS PASTEUR (AVE)",43.35651,5.46659,Plein jour,En agglomération,Intersection en T,Normale,Deux véhicules - côté,,,,,,,,,,,1,2,3,1.0,3.0
201700010966,0017-12-05 07:20:00,17,12,5,7,20,130,55,"96, PALAMA (CHEMIN DE)",43.35821,5.44096,Plein jour,En agglomération,Hors intersection,Normale,Deux véhicules - côté,,,,,,,,,,,1,2,1,1.0,3.0
201700010967,0017-12-09 14:30:00,17,12,9,14,30,130,55,"109, SAINT JEROME (AVENU",43.33242,5.41973,Plein jour,En agglomération,Hors intersection,Normale,Autre collision,,,,,,,,,,,1,2,1,1.0,6.0
201700010968,0017-12-09 17:15:00,17,12,9,17,15,130,55,"30, SAKAKINI (BOULEVARD)",43.29707,5.40032,Nuit avec éclairage allumé,En agglomération,Hors intersection,Normale,Deux véhicules - côté,,,,,,,,,,,5,2,1,1.0,3.0
201700010969,0017-12-09 17:00:00,17,12,9,17,0,130,55,Rue Breteuil,43.28751,5.37697,Plein jour,En agglomération,Intersection en X,Normale,Deux véhicules - côté,,,,,,,,,,,1,2,2,1.0,3.0
201700010970,0017-12-09 12:30:00,17,12,9,12,30,130,55,"32, FRANOIS MIGNET (AVE",43.33071,5.42772,Plein jour,En agglomération,Hors intersection,Normale,Autre collision,,,,,,,,,,,1,2,1,1.0,6.0
201700010971,0017-12-09 18:46:00,17,12,9,18,46,130,55,98 Cours Lieutaud,43.29122,5.38302,Nuit avec éclairage allumé,En agglomération,Intersection en T,Normale,Deux véhicules - arrière,,,,,,,,,,,5,2,3,1.0,2.0
201700010972,0017-12-09 23:40:00,17,12,9,23,40,130,55,"128, CAMOINS (AVENUE DES",43.30506,5.51212,Nuit avec éclairage allumé,En agglomération,Hors intersection,Normale,Deux véhicules - arrière,,,,,,,,,,,5,2,1,1.0,2.0
201700010973,0017-12-10 08:40:00,17,12,10,8,40,130,55,"67, SAINT BARNABE (AVENU",43.3043,5.41336,Plein jour,En agglomération,Hors intersection,Pluie légère,Deux véhicules - côté,,,,,,,,,,,1,2,1,2.0,3.0
201700010974,0017-12-05 17:45:00,17,12,5,17,45,130,55,"260, ALBERT EINSTEIN (RU",43.33507,5.43304,Nuit avec éclairage allumé,En agglomération,Hors intersection,Normale,Deux véhicules - arrière,,,,,,,,,,,5,2,1,1.0,2.0
201700010975,0017-12-11 12:15:00,17,12,11,12,15,130,55,"81, WILLIAM BOOTH (AVENU",43.29603,5.44354,Plein jour,En agglomération,Autre intersection,Pluie légère,Deux véhicules - côté,,,,,,,,,,,1,2,9,2.0,3.0
201700010976,0017-12-11 14:10:00,17,12,11,14,10,130,55,"33, SAINT SAVOURNIN",43.29858,5.38802,Plein jour,En agglomération,Hors intersection,Pluie forte,Autre collision,,,,,,,,,,,1,2,1,3.0,6.0
201700010977,0017-12-11 15:00:00,17,12,11,15,0,130,55,260 Av Mazargues,43.26262,5.3931,Plein jour,En agglomération,Hors intersection,Pluie légère,Autre collision,,,,,,,,,,,1,2,1,2.0,6.0
201700010978,0017-12-11 16:45:00,17,12,11,16,45,130,55,"12, JEAN LOMBARD (AVENUE",43.28924,5.42746,Plein jour,En agglomération,Intersection en T,Pluie légère,Deux véhicules - côté,,,,,,,,,,,1,2,3,2.0,3.0
201700010979,0017-12-11 16:00:00,17,12,11,16,0,130,55,117 Traverse de la Montr,43.29739,5.47827,Plein jour,En agglomération,Hors intersection,Pluie légère,Deux véhicules - arrière,,,,,,,,,,,1,2,1,2.0,2.0
201700010980,0017-12-11 16:45:00,17,12,11,16,45,130,55,"345, PARADIS (RUE)",43.27823,5.38321,Plein jour,En agglomération,Hors intersection,Pluie légère,Deux véhicules - côté,,,,,,,,,,,1,2,1,2.0,3.0
201700010981,0017-12-11 16:50:00,17,12,11,16,50,130,55,20 Bd Bernex,43.24787,5.38387,Plein jour,En agglomération,Intersection en X,Temps couvert,Deux véhicules - côté,,,,,,,,,,,1,2,2,8.0,3.0
201700010982,0017-12-11 19:30:00,17,12,11,19,30,130,55,"68, MAURIAC (RUE)",43.27408,5.41903,Nuit avec éclairage allumé,En agglomération,Hors intersection,Normale,Deux véhicules - frontale,,,,,,,,,,,5,2,1,1.0,1.0
201700010983,0017-12-12 08:30:00,17,12,12,8,30,130,55,31 Traverse de la Martin,43.30145,5.45769,Plein jour,En agglomération,Intersection en T,Normale,Deux véhicules - arrière,,,,,,,,,,,1,2,3,1.0,2.0
201700010984,0017-12-06 17:20:00,17,12,6,17,20,130,55,"04, CORDERIE (PLACE DE L",43.2907,5.37151,Plein jour,En agglomération,Hors intersection,Normale,Deux véhicules - arrière,,,,,,,,,,,1,2,1,1.0,2.0
201700010985,0017-12-12 08:30:00,17,12,12,8,30,130,55,74-78 Av du 24 Avril ...,43.30799,5.43208,Plein jour,En agglomération,Intersection en T,Normale,Deux véhicules - côté,,,,,,,,,,,1,2,3,1.0,3.0
201700010986,0017-12-12 09:15:00,17,12,12,9,15,130,55,83 Rue de Lodi,43.28883,5.38772,Plein jour,En agglomération,Hors intersection,Normale,Autre collision,,,,,,,,,,,1,2,1,1.0,6.0
201700010987,0017-12-12 14:00:00,17,12,12,14,0,130,55,Avenue Saint-Paul,43.32643,5.41007,Plein jour,En agglomération,Hors intersection,Normale,Deux véhicules - côté,,,,,,,,,,,1,2,1,1.0,3.0
201700010988,0017-12-12 15:45:00,17,12,12,15,45,130,55,8 Cours F. Roosevelt,43.29903,5.38564,Plein jour,En agglomération,Hors intersection,Normale,Autre collision,,,,,,,,,,,1,2,1,1.0,6.0