accident_id,datetime,annee,mois,jour,heure,minute,departement,commune_insee,adresse,latitude,longitude,luminosite,agglomeration,intersection,meteo,collision,nb_vehicules,nb_usagers,nb_indemnes,nb_tues,nb_blesses_hosp,nb_blesses_legers,age_cond_1,age_cond_2,veh_type_cond_1,veh_type_cond_2,lum_code,agg_code,int_code,atm_code,col_code
201700011107,0017-03-22 11:35:00,17,3,22,11,35,130,56,TURCAN FRANCIS Av,43.4198,5.0543,Plein jour,En agglomération,Hors intersection,Normale,Deux véhicules - arrière,,,,,,,,,,,1,2,1,1.0,2.0
201700011108,0017-04-25 08:00:00,17,4,25,8,0,130,26,RN 568 CLM,43.3929,5.15055,Plein jour,En agglomération,Hors intersection,Normale,Deux véhicules - arrière,,,,,,,,,,,1,2,1,1.0,2.0
201700011109,0017-04-03 08:03:00,17,4,3,8,3,130,39,90 N568,43.48411,4.88959,Plein jour,Hors agglomération,Hors intersection,Normale,Deux véhicules - arrière,,,,,,,,,,,1,1,1,1.0,2.0
201700011110,0017-04-05 11:05:00,17,4,5,11,5,130,77,RN 568,43.4224,4.97666,Plein jour,Hors agglomération,Hors intersection,Normale,Deux véhicules - côté,,,,,,,,,,,1,1,1,1.0,3.0
201700011111,0017-06-29 15:32:00,17,6,29,15,32,130,56,PORT DE BOUC ROUTE DE,43.4104,5.0312,Plein jour,En agglomération,Hors intersection,Normale,Deux véhicules - côté,,,,,,,,,,,1,2,1,1.0,3.0
201700011112,0017-07-15 02:40:00,17,7,15,2,40,130,56,TURCAN FRANCIS,43.4161,5.05663,Nuit avec éclairage allumé,En agglomération,Hors intersection,Normale,Deux véhicules - arrière,,,,,,,,,,,5,2,1,1.0,2.0
201700011113,0017-05-06 00:05:00,17,5,6,0,5,130,39,Chemin du Plan d'Arenc,43.4555,4.94396,Nuit avec éclairage allumé,En agglomération,Hors intersection,Pluie légère,Autre collision,,,,,,,,,,,5,2,1,2.0,6.0
201700011114,0017-06-26 12:00:00,17,6,26,12,0,130,77,RN 568**,43.41342,4.99815,Plein jour,Hors agglomération,Hors intersection,Normale,Deux véhicules - arrière,,,,,,,,,,,1,1,1,1.0,2.0
201700011115,0017-06-27 06:48:00,17,6,27,6,48,130,39,MICOCOULIERS (Chemin des,43.46031,4.9437,Crépuscule ou aube,En agglomération,Hors intersection,Normale,Autre collision,,,,,,,,,,,2,2,1,1.0,6.0
201700011116,0017-06-11 16:50:00,17,6,11,16,50,130,77,THOREZ MAURICE (avenue),43.41344,4.98567,Plein jour,En agglomération,Autre intersection,Normale,Autre collision,,,,,,,,,,,1,2,9,1.0,6.0
201700011117,0017-06-15 07:55:00,17,6,15,7,55,130,39,RN 568,43.4863,4.88657,Plein jour,Hors agglomération,Giratoire,Normale,Deux véhicules - arrière,,,,,,,,,,,1,1,6,1.0,2.0
201700011118,0017-07-05 18:45:00,17,7,5,18,45,130,39,MENDES FRANCE PIERRE (Av,43.44101,4.94701,Plein jour,En agglomération,Hors intersection,Normale,Deux véhicules - côté,,,,,,,,,,,1,2,1,1.0,3.0
201700011119,0017-07-24 15:50:00,17,7,24,15,50,130,56,3 Ancienne Route de Mars,43.39903,5.06468,Plein jour,En agglomération,Hors intersection,Normale,Autre collision,,,,,,,,,,,1,2,1,1.0,6.0
201700011120,0017-07-10 09:15:00,17,7,10,9,15,130,77,BOUC ANTOINE (rue),43.4069,4.9854,Plein jour,En agglomération,Hors intersection,Normale,Autre collision,,,,,,,,,,,1,2,1,1.0,6.0
201700011121,0017-09-26 00:40:00,17,9,26,0,40,130,39,RN   568,43.46124,4.92006,Nuit sans éclairage public,Hors agglomération,Giratoire,Normale,Sans collision,,,,,,,,,,,3,1,6,1.0,7.0
201700011122,0017-08-11 18:50:00,17,8,11,18,50,130,26,38 Bd Henri d'Attilio,43.38625,5.15339,Plein jour,En agglomération,Hors intersection,Normale,Deux véhicules - côté,,,,,,,,,,,1,2,1,1.0,3.0
201700011123,0017-11-07 23:15:00,17,11,7,23,15,130,56,RD 49,43.37374,5.06332,Nuit sans éclairage public,Hors agglomération,Hors intersection,Normale,Deux véhicules - frontale,,,,,,,,,,,3,1,1,1.0,1.0
201700011124,0017-09-04 14:35:00,17,9,4,14,35,130,39,ROUTE NATIONALE 569,43.4695,4.9397,Plein jour,Hors agglomération,Hors intersection,Normale,Deux véhicules - arrière,,,,,,,,,,,1,1,1,1.0,2.0
201700011125,0017-09-09 10:30:00,17,9,9,10,30,130,26,COTTE EMILE (avenue),43.39737,5.11359,Plein jour,En agglomération,Hors intersection,Normale,Deux véhicules - arrière,,,,,,,,,,,1,2,1,1.0,2.0
201700011126,0017-09-18 16:04:00,17,9,18,16,4,130,56,MARITIME BOULEVARD,43.40387,5.02413,Plein jour,Hors agglomération,Hors intersection,Pluie légère,Deux véhicules - frontale,,,,,,,,,,,1,1,1,2.0,1.0
201700011127,0017-09-23 04:50:00,17,9,23,4,50,130,77,SEMARD PIERRE (bld),43.40871,5.00168,Nuit avec éclairage allumé,En agglomération,Hors intersection,Normale,Autre collision,,,,,,,,,,,5,2,1,1.0,6.0
201700011128,0017-09-20 08:15:00,17,9,20,8,15,130,39,RN 546,43.43595,4.92555,Crépuscule ou aube,Hors agglomération,Hors intersection,Normale,Trois véhicules et plus - collisions multiples,,,,,,,,,,,2,1,1,1.0,5.0
201700011129,0017-09-18 18:00:00,17,9,18,18,0,130,39,RN 268 (PR 7.100),43.48444,4.87652,Crépuscule ou aube,Hors agglomération,Hors intersection,Normale,Trois véhicules et plus - en chaîne,,,,,,,,,,,2,1,1,1.0,4.0
201700011130,0017-09-28 19:38:00,17,9,28,19,38,130,56,NOTRE DAME BOULEVARD,43.41281,5.05068,Nuit avec éclairage allumé,En agglomération,Hors intersection,Pluie légère,Autre collision,,,,,,,,,,,5,2,1,2.0,6.0
201700011131,0017-09-25 18:03:00,17,9,25,18,3,130,39,Route du Quai Minéralier,43.42612,4.85287,Crépuscule ou aube,Hors agglomération,Hors intersection,Normale,Autre collision,,,,,,,,,,,2,1,1,1.0,6.0
201700011132,0017-09-07 19:30:00,17,9,7,19,30,130,26,CHATEAU LAUGIER (avenue,43.3887,5.14758,Plein jour,En agglomération,Hors intersection,Normale,Autre collision,,,,,,,,,,,1,2,1,1.0,6.0
201700011133,0017-12-08 11:10:00,17,12,8,11,10,130,56,8 Ch de Réveilla,43.4187,5.024,Plein jour,En agglomération,Hors intersection,Temps couvert,Deux véhicules - frontale,,,,,,,,,,,1,2,1,8.0,1.0
201700011134,0017-11-15 06:00:00,17,11,15,6,0,130,39,RN 568,43.47664,4.89919,Nuit sans éclairage public,Hors agglomération,Hors intersection,Normale,Autre collision,,,,,,,,,,,3,1,1,1.0,6.0
201700011135,0017-03-08 13:10:00,17,3,8,13,10,130,103,Bd DU ROY RENE,,,Plein jour,En agglomération,Hors intersection,Normale,Autre collision,,,,,,,,,,,1,2,1,1.0,6.0
201700011136,0017-05-19 19:40:00,17,5,19,19,40,130,103,"1688, AVENUE CHABAN DELM",43.64049,5.05795,Plein jour,Hors agglomération,Hors intersection,Normale,Deux véhicules - frontale,,,,,,,,,,,1,1,1,1.0,1.0
201700011137,0017-07-13 18:45:00,17,7,13,18,45,130,103,Av Jean Moulin,,,Plein jour,Hors agglomération,Autre intersection,Normale,Deux véhicules - arrière,,,,,,,,,,,1,1,9,1.0,2.0
201700011138,0017-07-20 19:20:00,17,7,20,19,20,130,103,CHEMIN GRANDE CARRAIRE,43.66879,5.07623,Plein jour,Hors agglomération,Intersection en T,Normale,Deux véhicules - côté,,,,,,,,,,,1,1,3,1.0,3.0
201700011139,0017-08-04 02:25:00,17,8,4,2,25,130,103,", RN 113",,,Nuit sans éclairage public,Hors agglomération,Hors intersection,Normale,Autre collision,,,,,,,,,,,3,1,1,1.0,6.0
201700011140,0017-09-02 11:30:00,17,9,2,11,30,130,103,AVENUE GUYNEMER -GEORGES,43.62867,5.10317,Plein jour,En agglomération,Hors intersection,Normale,Deux véhicules - côté,,,,,,,,,,,1,2,1,1.0,3.0
201700011141,0017-09-04 18:55:00,17,9,4,18,55,130,103,"134, BOULEVARD DANTON",43.63927,5.08708,Plein jour,En agglomération,Hors intersection,Normale,Autre collision,,,,,,,,,,,1,2,1,1.0,6.0
201700011142,0017-10-04 06:30:00,17,10,4,6,30,130,103,RD 569,43.64616,5.01982,Nuit sans éclairage public,Hors agglomération,Hors intersection,Temps couvert,Sans collision,,,,,,,,,,,3,1,1,8.0,7.0
201700011143,0017-11-07 07:35:00,17,11,7,7,35,130,103,"129, AVENUE FABRE -JULIE",43.64035,5.10277,Plein jour,En agglomération,Hors intersection,Normale,Autre collision,,,,,,,,,,,1,2,1,1.0,6.0
201700011144,0017-11-10 22:30:00,17,11,10,22,30,130,103,AVENUE CHABAN DELMAS -JA,43.64043,5.05353,Nuit avec éclairage allumé,En agglomération,Intersection en T,Normale,Deux véhicules - frontale,,,,,,,,,,,5,2,3,1.0,1.0
201700011145,0017-11-25 14:50:00,17,11,25,14,50,130,103,AVENUE MOULIN -JEAN- RN,43.6621,5.09579,Plein jour,Hors agglomération,Hors intersection,Normale,Deux véhicules - frontale,,,,,,,,,,,1,1,1,1.0,1.0
201700011146,0017-01-05 23:00:00,17,1,5,23,0,130,108,VALLABREGUES ( RD 81 ROU,43.81975,4.65179,Nuit sans éclairage public,En agglomération,Hors intersection,Normale,Autre collision,,,,,,,,,,,3,2,1,1.0,6.0
201700011147,0017-12-23 14:15:00,17,12,23,14,15,300,32,SAINT GILLES ROUTE DE,43.80148,4.61454,Plein jour,En agglomération,Intersection en X,Normale,Deux véhicules - côté,,,,,,,,,,,1,2,2,1.0,3.0
201700011148,0017-01-19 21:00:00,17,1,19,21,0,130,108,RD 970 ROUTE D'AVIGNON,43.82403,4.69411,Nuit sans éclairage public,Hors agglomération,Hors intersection,Normale,Deux véhicules - frontale,,,,,,,,,,,3,1,1,1.0,1.0
201700011149,0017-12-24 19:30:00,17,12,24,19,30,130,108,CD 35 ROUTE DE BOULBON,,,Nuit sans éclairage public,Hors agglomération,Intersection en X,Normale,Deux véhicules - côté,,,,,,,,,,,3,1,2,1.0,3.0
201700011150,0017-03-22 20:30:00,17,3,22,20,30,130,108,RD 570 N ROUTE D ARLES,43.76851,4.6911,Crépuscule ou aube,Hors agglomération,Giratoire,Normale,Sans collision,,,,,,,,,,,2,1,6,1.0,7.0
201700011151,0017-03-22 15:25:00,17,3,22,15,25,130,108,2101 Rue des  Cayades,43.80459,4.69731,Plein jour,Hors agglomération,Intersection en T,Normale,Deux véhicules - côté,,,,,,,,,,,1,1,3,1.0,3.0
201700011152,0017-05-12 19:00:00,17,5,12,19,0,130,108,VICTOR HUGO (BOULEVARD),43.8027,4.6581,Plein jour,En agglomération,Hors intersection,Normale,Autre collision,,,,,,,,,,,1,2,1,1.0,6.0
201700011153,0017-06-07 11:49:00,17,6,7,11,49,130,108,RD 99 ROUTE DE  SAINT RE,43.7883,4.685,Plein jour,Hors agglomération,Intersection en T,Normale,Deux véhicules - côté,,,,,,,,,,,1,1,3,1.0,3.0
201700011154,0017-06-15 17:55:00,17,6,15,17,55,130,108,D33 ROUTE DE FONTVEILLE,43.76746,4.69353,Plein jour,Hors agglomération,Hors intersection,Normale,Sans collision,,,,,,,,,,,1,1,1,1.0,7.0
201700011155,0017-06-19 12:30:00,17,6,19,12,30,130,108,RD 570 N route d'Arles,43.74518,4.67631,Plein jour,Hors agglomération,Hors intersection,Normale,Deux véhicules - frontale,,,,,,,,,,,1,1,1,1.0,1.0
201700011156,0017-06-21 08:30:00,17,6,21,8,30,300,32,COMPS ROUTE DE,43.83359,4.61996,Plein jour,Hors agglomération,Hors intersection,Normale,Sans collision,,,,,,,,,,,1,1,1,1.0,7.0
201700011157,0017-07-24 13:20:00,17,7,24,13,20,130,108,"15, FABRE D'EGLANTINE (R",43.8059,4.6639,Plein jour,En agglomération,Hors intersection,Normale,Autre collision,,,,,,,,,,,1,2,1,1.0,6.0
201700011158,0017-07-28 11:35:00,17,7,28,11,35,300,32,BVD MARECHAL FOCH,43.80686,4.6382,Plein jour,En agglomération,Giratoire,Normale,Autre collision,,,,,,,,,,,1,2,6,1.0,6.0
201700011159,0017-08-07 08:25:00,17,8,7,8,25,130,108,RADOUBS (CHEMIN DES),43.7901,4.6592,Plein jour,Hors agglomération,Autre intersection,Normale,Deux véhicules - côté,,,,,,,,,,,1,1,9,1.0,3.0
201700011160,0017-09-09 21:05:00,17,9,9,21,5,300,32,DEPARTEMENTALE 90,43.8086,4.61058,Nuit sans éclairage public,Hors agglomération,Hors intersection,Normale,Deux véhicules - frontale,,,,,,,,,,,3,1,1,1.0,1.0
201700011161,0017-09-19 13:10:00,17,9,19,13,10,300,32,"22, RUE DE LA REDOUTE",43.81047,4.63991,Plein jour,En agglomération,Hors intersection,Normale,Autre collision,,,,,,,,,,,1,2,1,1.0,6.0
201700011162,0017-10-08 16:35:00,17,10,8,16,35,300,32,FARCIENNES AVENUE DE,43.81259,4.62877,Plein jour,En agglomération,Intersection en T,Normale,Deux véhicules - côté,,,,,,,,,,,1,2,3,1.0,3.0
201700011163,0017-10-20 17:00:00,17,10,20,17,0,300,32,RD 90,43.81371,4.61101,Plein jour,Hors agglomération,Intersection en T,Normale,Deux véhicules - côté,,,,,,,,,,,1,1,3,1.0,3.0
201700011164,0017-11-03 18:20:00,17,11,3,18,20,300,32,"3 Bis, LIBERTE QUAI DE",43.80472,4.64702,Nuit avec éclairage allumé,En agglomération,Hors intersection,Normale,Autre collision,,,,,,,,,,,5,2,1,1.0,6.0
201700011165,0017-11-12 11:45:00,17,11,12,11,45,300,32,NIMES ROUTE DE CD 999,43.82267,4.5986,Plein jour,Hors agglomération,Hors intersection,Normale,Deux véhicules - frontale,,,,,,,,,,,1,1,1,1.0,1.0
201700011166,0017-01-04 17:30:00,17,1,4,17,30,130,19,D9,,,Crépuscule ou aube,Hors agglomération,Hors intersection,Normale,Trois véhicules et plus - en chaîne,,,,,,,,,,,2,1,1,1.0,4.0
201700011167,0017-01-06 18:05:00,17,1,6,18,5,130,117,"14, SALYENS ( AVENUE DES",43.44241,5.25267,Nuit avec éclairage allumé,En agglomération,Hors intersection,Normale,Autre collision,,,,,,,,,,,5,2,1,1.0,6.0
201700011168,0017-01-10 11:00:00,17,1,10,11,0,130,117,108 D20,43.44897,5.2304,Plein jour,Hors agglomération,Hors intersection,Pluie légère,Deux véhicules - arrière,,,,,,,,,,,1,1,1,2.0,2.0
201700011169,0017-01-11 08:45:00,17,1,11,8,45,130,71,MITTERRAND (AVENUE FRANC,43.38346,5.34488,Plein jour,En agglomération,Intersection en T,Normale,Deux véhicules - côté,,,,,,,,,,,1,2,3,1.0,3.0
201700011170,0017-01-17 09:00:00,17,1,17,9,0,130,117,SEDS * ROUTE DE LA ),43.42988,5.2728,Plein jour,En agglomération,Hors intersection,Normale,Deux véhicules - frontale,,,,,,,,,,,1,2,1,1.0,1.0
201700011171,0017-01-17 18:50:00,17,1,17,18,50,130,19,DOMAINE DU LAC BLEU,43.45672,5.32966,Nuit sans éclairage public,Hors agglomération,Hors intersection,Normale,Trois véhicules et plus - collisions multiples,,,,,,,,,,,3,1,1,1.0,5.0
201700011172,0017-01-19 08:30:00,17,1,19,8,30,130,117,"34, EUROPE * AVENUE DE L",43.43568,5.24205,Plein jour,En agglomération,Hors intersection,Normale,Trois véhicules et plus - collisions multiples,,,,,,,,,,,1,2,1,1.0,5.0
201700011173,0017-01-19 16:45:00,17,1,19,16,45,130,71,PENNES AUX PINS ( CHEMIN,43.41328,5.35755,Plein jour,En agglomération,Hors intersection,Normale,Deux véhicules - arrière,,,,,,,,,,,1,2,1,1.0,2.0
201700011174,0017-01-21 16:00:00,17,1,21,16,0,130,117,"4-6 , BASTIDE BLANCHE",43.43048,5.2644,Plein jour,En agglomération,Hors intersection,Normale,Deux véhicules - côté,,,,,,,,,,,1,2,1,1.0,3.0
201700011175,0017-01-22 15:00:00,17,1,22,15,0,130,71,645 Route de Calas,43.41811,5.36709,Plein jour,En agglomération,Hors intersection,Normale,Deux véhicules - côté,,,,,,,,,,,1,2,1,1.0,3.0
201700011176,0017-01-23 17:15:00,17,1,23,17,15,130,117,51 Boulevard de l'Europe,43.42846,5.24955,Crépuscule ou aube,En agglomération,Intersection en X,Temps couvert,Deux véhicules - côté,,,,,,,,,,,2,2,2,8.0,3.0
201700011177,0017-01-25 20:00:00,17,1,25,20,0,130,19,DOMAINE DU LAC BLEU,43.45694,5.32968,Nuit sans éclairage public,Hors agglomération,Hors intersection,Normale,Sans collision,,,,,,,,,,,3,1,1,1.0,7.0
201700011178,0017-01-26 17:30:00,17,1,26,17,30,130,117,GUIGOU (BOULEVARD PAUL ),43.43895,5.25441,Crépuscule ou aube,En agglomération,Hors intersection,Neige / grêle,Deux véhicules - côté,,,,,,,,,,,2,2,1,4.0,3.0
201700011179,0017-01-27 02:00:00,17,1,27,2,0,130,71,ROUTE NATIONALE 368 (PLA,,,Nuit avec éclairage allumé,En agglomération,Hors intersection,Normale,Autre collision,,,,,,,,,,,5,2,1,1.0,6.0
201700011180,0017-01-22 23:10:00,17,1,22,23,10,130,117,CD 9 ESTROUBLANS,43.427,5.2532,Nuit sans éclairage public,Hors agglomération,Hors intersection,Pluie légère,Deux véhicules - arrière,,,,,,,,,,,3,1,1,2.0,2.0
201700011181,0017-01-28 17:20:00,17,1,28,17,20,130,71,VERSAILLES (ROND POINT D,43.40926,5.32465,Crépuscule ou aube,En agglomération,Giratoire,Normale,Deux véhicules - arrière,,,,,,,,,,,2,2,6,1.0,2.0
201700011182,0017-01-29 11:00:00,17,1,29,11,0,130,117,RHIN DANUBE???,,,Plein jour,En agglomération,Hors intersection,Normale,Deux véhicules - frontale,,,,,,,,,,,1,2,1,1.0,1.0
201700011183,0017-01-29 03:35:00,17,1,29,3,35,130,117,RD113 face pompiers,43.44328,5.24169,Nuit sans éclairage public,Hors agglomération,Hors intersection,Autre,Sans collision,,,,,,,,,,,3,1,1,9.0,7.0
201700011184,0017-02-05 15:20:00,17,2,5,15,20,130,117,CHEMIN DEPARTEMENTAL CD,43.42479,5.23653,Plein jour,Hors agglomération,Hors intersection,Temps couvert,Autre collision,,,,,,,,,,,1,1,1,8.0,6.0
201700011185,0017-02-05 14:30:00,17,2,5,14,30,130,117,ROUTE NATIONALE 113 - CA,43.44059,5.24834,Plein jour,Hors agglomération,Hors intersection,Normale,Autre collision,,,,,,,,,,,1,1,1,1.0,6.0
201700011186,0017-02-09 18:00:00,17,2,9,18,0,130,71,MITTERRAND (AVENUE FRANC,43.37653,5.35328,Crépuscule ou aube,En agglomération,Hors intersection,Pluie légère,Deux véhicules - côté,,,,,,,,,,,2,2,1,2.0,3.0
201700011187,0017-02-14 18:15:00,17,2,14,18,15,130,71,METRO (MAGASIN) - RN 368,43.40878,5.32015,Crépuscule ou aube,En agglomération,Hors intersection,Normale,Deux véhicules - frontale,,,,,,,,,,,2,2,1,1.0,1.0
201700011188,0017-02-15 13:00:00,17,2,15,13,0,130,117,"?, av. DROITS DE L'HOMME",,,Plein jour,En agglomération,Hors intersection,Normale,Deux véhicules - arrière,,,,,,,,,,,1,2,1,1.0,2.0
201700011189,0017-02-15 23:00:00,17,2,15,23,0,130,71,ROUTE NATIONALE 113 - CA,43.40855,5.32637,Nuit sans éclairage public,Hors agglomération,Hors intersection,Normale,Autre collision,,,,,,,,,,,3,1,1,1.0,6.0
201700011190,0017-02-16 10:40:00,17,2,16,10,40,130,117,"?, rue d' ATHENES",,,Plein jour,En agglomération,Hors intersection,Normale,Deux véhicules - côté,,,,,,,,,,,1,2,1,1.0,3.0
201700011191,0017-02-17 02:50:00,17,2,17,2,50,130,117,CUGNOT ( AVENUE JOSEPH ),,,Nuit sans éclairage public,Hors agglomération,Hors intersection,Normale,Trois véhicules et plus - collisions multiples,,,,,,,,,,,3,1,1,1.0,5.0
201700011192,0017-02-20 18:20:00,17,2,20,18,20,130,117,l'anjoly face TOTAL,43.41954,5.27092,Nuit sans éclairage public,Hors agglomération,Hors intersection,Normale,Trois véhicules et plus - en chaîne,,,,,,,,,,,3,1,1,1.0,4.0
201700011193,0017-02-21 14:20:00,17,2,21,14,20,130,117,"???, av. SALYENS",,,Plein jour,En agglomération,Hors intersection,Normale,Trois véhicules et plus - en chaîne,,,,,,,,,,,1,2,1,1.0,4.0
201700011194,0017-02-22 06:40:00,17,2,22,6,40,130,117,"41, EUROPE ( AVENUE DE L",43.43268,5.24649,Plein jour,En agglomération,Hors intersection,Normale,Autre collision,,,,,,,,,,,1,2,1,1.0,6.0
201700011195,0017-02-22 15:25:00,17,2,22,15,25,130,117,Route de Rognac,43.47064,5.23141,Plein jour,En agglomération,Giratoire,Normale,Deux véhicules - côté,,,,,,,,,,,1,2,6,1.0,3.0
201700011196,0017-02-24 15:30:00,17,2,24,15,30,130,117,SALYENS ( AVENUE DES ),43.44237,5.2527,Plein jour,En agglomération,Hors intersection,Normale,Autre collision,,,,,,,,,,,1,2,1,1.0,6.0
201700011197,0017-02-26 14:30:00,17,2,26,14,30,130,19,"5110, CD6",43.42191,5.36809,Plein jour,Hors agglomération,Hors intersection,Normale,Deux véhicules - arrière,,,,,,,,,,,1,1,1,1.0,2.0
201700011198,0017-02-27 08:00:00,17,2,27,8,0,130,117,D55F,43.46849,5.2334,Plein jour,En agglomération,Hors intersection,Normale,Deux véhicules - côté,,,,,,,,,,,1,2,1,1.0,3.0
201700011199,0017-02-28 11:00:00,17,2,28,11,0,130,71,125 Av François Mitterra,43.38183,5.34645,Plein jour,En agglomération,Hors intersection,Normale,Deux véhicules - côté,,,,,,,,,,,1,2,1,1.0,3.0
201700011200,0017-03-03 13:30:00,17,3,3,13,30,130,117,PADOVANI ( AVE ),43.42997,5.24913,Plein jour,En agglomération,Hors intersection,Normale,Deux véhicules - côté,,,,,,,,,,,1,2,1,1.0,3.0
201700011201,0017-03-05 02:00:00,17,3,5,2,0,130,117,STADIUM (CD9),43.4435,5.29692,Nuit sans éclairage public,Hors agglomération,Hors intersection,Normale,Deux véhicules - arrière,,,,,,,,,,,3,1,1,1.0,2.0
201700011202,0017-03-04 20:15:00,17,3,4,20,15,130,117,CHEMIN DEPARTEMENTAL 9 (,43.42834,5.27138,Nuit sans éclairage public,En agglomération,Hors intersection,Normale,Autre collision,,,,,,,,,,,3,2,1,1.0,6.0
201700011203,0017-03-05 17:00:00,17,3,5,17,0,130,19,D543,,,Plein jour,Hors agglomération,Hors intersection,Normale,Autre collision,,,,,,,,,,,1,1,1,1.0,6.0
201700011204,0017-03-05 18:15:00,17,3,5,18,15,130,117,STADIUM (RD 9),43.44921,5.29755,Crépuscule ou aube,Hors agglomération,Hors intersection,Normale,Autre collision,,,,,,,,,,,2,1,1,1.0,6.0
201700011205,0017-03-06 10:00:00,17,3,6,10,0,130,117,Rue René Seyssaud,,,Plein jour,En agglomération,Hors intersection,Pluie légère,Deux véhicules - côté,,,,,,,,,,,1,2,1,2.0,3.0
201700011206,0017-03-11 02:15:00,17,3,11,2,15,130,71,RD 113 - RENARDIERE,43.41279,5.302,Nuit sans éclairage public,Hors agglomération,Hors intersection,Normale,Deux véhicules - arrière,,,,,,,,,,,3,1,1,1.0,2.0
201700011207,0017-03-11 08:30:00,17,3,11,8,30,130,117,PROVENCE ( PLACE DE ),43.44734,5.249,Plein jour,En agglomération,Place,Normale,Deux véhicules - frontale,,,,,,,,,,,1,2,7,1.0,1.0
201700011208,0017-03-10 19:50:00,17,3,10,19,50,130,117,"42, Padovani",43.43614,5.25826,Plein jour,Hors agglomération,Hors intersection,Normale,Autre collision,,,,,,,,,,,1,1,1,1.0,6.0
201700011209,0017-03-11 18:45:00,17,3,11,18,45,130,71,TOTAL (RN 113 - LE TUNNE,43.41116,5.31215,Crépuscule ou aube,Hors agglomération,Hors intersection,Normale,Deux véhicules - côté,,,,,,,,,,,2,1,1,1.0,3.0
201700011210,0017-03-12 04:50:00,17,3,12,4,50,130,71,ROUTE NATIONALE 113 - VI,43.41116,5.31228,Nuit avec éclairage allumé,Hors agglomération,Hors intersection,Normale,Autre collision,,,,,,,,,,,5,1,1,1.0,6.0
201700011211,0017-03-13 13:35:00,17,3,13,13,35,130,117,RD9/RD113 échangeur,43.42764,5.25898,Plein jour,En agglomération,Hors intersection,Normale,Trois véhicules et plus - en chaîne,,,,,,,,,,,1,2,1,1.0,4.0
201700011212,0017-03-15 11:15:00,17,3,15,11,15,130,71,TOTAL (RN 113 - LE TUNNE,43.41119,5.31227,Plein jour,En agglomération,Hors intersection,Normale,Deux véhicules - côté,,,,,,,,,,,1,2,1,1.0,3.0
201700011213,0017-03-17 12:45:00,17,3,17,12,45,130,117,PADOVANI ( AVE ),43.43624,5.25811,Plein jour,En agglomération,Intersection en T,Normale,Deux véhicules - arrière,,,,,,,,,,,1,2,3,1.0,2.0
201700011214,0017-03-20 20:30:00,17,3,20,20,30,130,71,ROUTE NATIONALE 113 - GA,43.39155,5.34381,Nuit avec éclairage allumé,En agglomération,Hors intersection,Normale,Autre collision,,,,,,,,,,,5,2,1,1.0,6.0
201700011215,0017-03-24 12:45:00,17,3,24,12,45,130,117,LONDRES (AVENUE DE),43.42473,5.23563,Plein jour,En agglomération,Intersection en X,Normale,Deux véhicules - côté,,,,,,,,,,,1,2,2,1.0,3.0
201700011216,0017-03-29 07:50:00,17,3,29,7,50,130,71,RD113 Av MITTERRAND,43.38873,5.34503,Plein jour,En agglomération,Hors intersection,Normale,Deux véhicules - arrière,,,,,,,,,,,1,2,1,1.0,2.0
201700011217,0017-03-30 08:00:00,17,3,30,8,0,130,19,D8,43.44486,5.37239,Plein jour,Hors agglomération,Intersection en T,Normale,Trois véhicules et plus - collisions multiples,,,,,,,,,,,1,1,3,1.0,5.0
201700011218,0017-03-31 21:30:00,17,3,31,21,30,130,71,2725 D368,43.40578,5.28473,Nuit avec éclairage allumé,Hors agglomération,Hors intersection,Normale,Autre collision,,,,,,,,,,,5,1,1,1.0,6.0
201700011219,0017-04-03 07:45:00,17,4,3,7,45,130,117,Rond-point Monte Cristo,43.47061,5.2314,Plein jour,Hors agglomération,Giratoire,Normale,Autre collision,,,,,,,,,,,1,1,6,1.0,6.0
201700011220,0017-04-03 19:50:00,17,4,3,19,50,130,54,17 Chemin du Couvent,43.4172,5.22314,Plein jour,En agglomération,Intersection en T,Normale,Trois véhicules et plus - en chaîne,,,,,,,,,,,1,2,3,1.0,4.0
201700011221,0017-04-04 12:15:00,17,4,4,12,15,130,71,ROUTE NATIONALE 368 (PLA,43.40339,5.27775,Plein jour,Hors agglomération,Hors intersection,Normale,Deux véhicules - arrière,,,,,,,,,,,1,1,1,1.0,2.0
201700011222,0017-04-05 08:20:00,17,4,5,8,20,130,117,ROUTE NATIONALE 113 - CA,,,Plein jour,Hors agglomération,Intersection en T,Normale,Deux véhicules - côté,,,,,,,,,,,1,1,3,1.0,3.0
201700011223,0017-03-31 17:55:00,17,3,31,17,55,130,54,FIGUERES (RUE DES ),43.41563,5.21065,Plein jour,En agglomération,Intersection en X,Normale,Deux véhicules - côté,,,,,,,,,,,1,2,2,1.0,3.0
201700011224,0017-04-05 17:10:00,17,4,5,17,10,130,54,6 Chem du Couvent,43.4172,5.22314,Plein jour,En agglomération,Intersection en T,Pluie forte,Deux véhicules - arrière,,,,,,,,,,,1,2,3,3.0,2.0
201700011225,0017-04-05 20:00:00,17,4,5,20,0,130,19,D543,43.43092,5.36726,Crépuscule ou aube,Hors agglomération,Hors intersection,Temps couvert,Sans collision,,,,,,,,,,,2,1,1,8.0,7.0
201700011226,0017-04-11 13:00:00,17,4,11,13,0,130,102,Bd de la Libération,43.41625,5.26528,Plein jour,Hors agglomération,Hors intersection,Normale,Deux véhicules - côté,,,,,,,,,,,1,1,1,1.0,3.0
201700011227,0017-04-05 18:00:00,17,4,5,18,0,130,117,ROUCAS ( CORNICHE DU ),43.46678,5.23718,Plein jour,En agglomération,Hors intersection,Pluie forte,Deux véhicules - côté,,,,,,,,,,,1,2,1,3.0,3.0