accident_id,datetime,annee,mois,jour,heure,minute,departement,commune_insee,adresse,latitude,longitude,luminosite,agglomeration,intersection,meteo,collision,nb_vehicules,nb_usagers,nb_indemnes,nb_tues,nb_blesses_hosp,nb_blesses_legers,age_cond_1,age_cond_2,veh_type_cond_1,veh_type_cond_2,lum_code,agg_code,int_code,atm_code,col_code
201700011228,0017-04-12 07:30:00,17,4,12,7,30,130,43,2 D368,43.39517,5.21946,Plein jour,Hors agglomération,Giratoire,Normale,Trois véhicules et plus - en chaîne,,,,,,,,,,,1,1,6,1.0,4.0
201700011229,0017-04-12 08:25:00,17,4,12,8,25,130,43,Av. Lino Ventura,43.39487,5.20698,Plein jour,Hors agglomération,Intersection en X,Normale,Deux véhicules - côté,,,,,,,,,,,1,1,2,1.0,3.0
201700011230,0017-04-13 17:30:00,17,4,13,17,30,130,117,ROUTE NATIONALE 113 - CA,43.47061,5.23139,Plein jour,Hors agglomération,Giratoire,Normale,Deux véhicules - arrière,,,,,,,,,,,1,1,6,1.0,2.0
201700011231,0017-04-14 09:15:00,17,4,14,9,15,130,117,ALTADIS (BD DE L'EUROPE),,,Plein jour,Hors agglomération,Hors intersection,Normale,Deux véhicules - arrière,,,,,,,,,,,1,1,1,1.0,2.0
201700011232,0017-04-14 10:00:00,17,4,14,10,0,130,54,115 Route de la Plage,43.4357,5.19946,Plein jour,En agglomération,Hors intersection,Normale,Sans collision,,,,,,,,,,,1,2,1,1.0,7.0
201700011233,0017-04-17 19:30:00,17,4,17,19,30,130,71,"842, D 543",43.41672,5.36663,Plein jour,En agglomération,Hors intersection,Normale,Deux véhicules - côté,,,,,,,,,,,1,2,1,1.0,3.0
201700011234,0017-04-18 15:10:00,17,4,18,15,10,130,43,Av. François Mitterrand,43.39774,5.25485,Plein jour,Hors agglomération,Hors intersection,Normale,Deux véhicules - côté,,,,,,,,,,,1,1,1,1.0,3.0
201700011235,0017-04-19 18:00:00,17,4,19,18,0,130,71,ROUTE NATIONALE 113 - AG,43.41536,5.29692,Plein jour,Hors agglomération,Intersection en T,Normale,Deux véhicules - côté,,,,,,,,,,,1,1,3,1.0,3.0
201700011236,0017-04-20 08:50:00,17,4,20,8,50,130,19,D9,43.46257,5.33696,Plein jour,Hors agglomération,Hors intersection,Normale,Trois véhicules et plus - en chaîne,,,,,,,,,,,1,1,1,1.0,4.0
201700011237,0017-04-21 13:40:00,17,4,21,13,40,130,81,574 D113,43.47681,5.22775,Plein jour,Hors agglomération,Hors intersection,Normale,Deux véhicules - côté,,,,,,,,,,,1,1,1,1.0,3.0
201700011238,0017-04-21 17:00:00,17,4,21,17,0,130,117,ROUTE NATIONALE 113 - CA,43.43347,5.25664,Plein jour,Hors agglomération,Hors intersection,Normale,Trois véhicules et plus - en chaîne,,,,,,,,,,,1,1,1,1.0,4.0
201700011239,0017-04-22 13:00:00,17,4,22,13,0,130,102,JACQUES PREVERT (AV ),43.41605,5.23144,Plein jour,En agglomération,Intersection en T,Normale,Deux véhicules - côté,,,,,,,,,,,1,2,3,1.0,3.0
201700011240,0017-04-23 17:38:00,17,4,23,17,38,130,71,ROUTE NATIONALE 368 (PLA,43.40339,5.27771,Plein jour,Hors agglomération,Intersection en X,Normale,Deux véhicules - arrière,,,,,,,,,,,1,1,2,1.0,2.0
201700011241,0017-04-24 16:25:00,17,4,24,16,25,130,117,STADIUM (CD9),43.44441,5.2978,Plein jour,Hors agglomération,Hors intersection,Normale,Sans collision,,,,,,,,,,,1,1,1,1.0,7.0
201700011242,0017-04-24 17:50:00,17,4,24,17,50,130,117,INDOCHINE( ROND POINT),43.44385,5.24593,Plein jour,En agglomération,Giratoire,Normale,Deux véhicules - arrière,,,,,,,,,,,1,2,6,1.0,2.0
201700011243,0017-04-25 12:55:00,17,4,25,12,55,130,19,D60,43.45557,5.38566,Plein jour,Hors agglomération,Hors intersection,Normale,Deux véhicules - frontale,,,,,,,,,,,1,1,1,1.0,1.0
201700011244,0017-04-26 14:25:00,17,4,26,14,25,130,19,D543,43.42902,5.36752,Plein jour,Hors agglomération,Hors intersection,Pluie légère,Sans collision,,,,,,,,,,,1,1,1,2.0,7.0
201700011245,0017-04-29 23:20:00,17,4,29,23,20,130,117,"1, CD 9 ESTROUBLANS",43.43856,5.28537,Nuit sans éclairage public,Hors agglomération,Hors intersection,Normale,Deux véhicules - arrière,,,,,,,,,,,3,1,1,1.0,2.0
201700011246,0017-05-02 10:45:00,17,5,2,10,45,130,54,12 Av. Sainte-Anne,43.41277,5.21748,Plein jour,En agglomération,Hors intersection,Normale,Deux véhicules - arrière,,,,,,,,,,,1,2,1,1.0,2.0
201700011247,0017-05-02 11:30:00,17,5,2,11,30,130,43,"0, PRES (AV DES )",43.38706,5.22222,Plein jour,En agglomération,Hors intersection,Pluie légère,Autre collision,,,,,,,,,,,1,2,1,2.0,6.0
201700011248,0017-05-03 08:00:00,17,5,3,8,0,130,43,ROVE (AV DU ),43.3828,5.22067,Plein jour,En agglomération,Hors intersection,Normale,Trois véhicules et plus - en chaîne,,,,,,,,,,,1,2,1,1.0,4.0
201700011249,0017-05-03 11:50:00,17,5,3,11,50,130,117,34 Bd de l'Europe,43.43502,5.2423,Plein jour,En agglomération,Hors intersection,Normale,Deux véhicules - arrière,,,,,,,,,,,1,2,1,1.0,2.0
201700011250,0017-05-04 05:40:00,17,5,4,5,40,130,117,SALYENS ( AVENUE DES ),43.44407,5.25166,Nuit avec éclairage allumé,En agglomération,Intersection en X,Normale,Deux véhicules - côté,,,,,,,,,,,5,2,2,1.0,3.0
201700011251,0017-05-04 08:10:00,17,5,4,8,10,130,117,LONDRES (AVENUE DE),43.4272,5.23538,Plein jour,En agglomération,Intersection en X,Pluie légère,Trois véhicules et plus - collisions multiples,,,,,,,,,,,1,2,2,2.0,5.0
201700011252,0017-05-04 11:00:00,17,5,4,11,0,130,102,MARECHAL JUIN (AV ),43.42136,5.22908,Plein jour,En agglomération,Intersection en T,Normale,Deux véhicules - côté,,,,,,,,,,,1,2,3,1.0,3.0
201700011253,0017-05-05 07:15:00,17,5,5,7,15,130,102,"0, D 9",43.42352,5.23206,Plein jour,Hors agglomération,Hors intersection,Normale,Trois véhicules et plus - en chaîne,,,,,,,,,,,1,1,1,1.0,4.0
201700011254,0017-05-05 13:40:00,17,5,5,13,40,130,117,"83, EUROPE ( AVENUE DE L",43.42159,5.26823,Plein jour,Hors agglomération,Hors intersection,Normale,Autre collision,,,,,,,,,,,1,1,1,1.0,6.0
201700011255,0017-05-05 23:00:00,17,5,5,23,0,130,71,"234, FRANCOIS MITTERAND",43.39822,5.34217,Nuit avec éclairage allumé,En agglomération,Hors intersection,Normale,Deux véhicules - arrière,,,,,,,,,,,5,2,1,1.0,2.0
201700011256,0017-05-08 21:15:00,17,5,8,21,15,130,19,645 Route de Calas,43.41571,5.36747,Nuit avec éclairage allumé,Hors agglomération,Hors intersection,Normale,Sans collision,,,,,,,,,,,5,1,1,1.0,7.0
201700011257,0017-05-09 10:30:00,17,5,9,10,30,130,43,D 368,43.40058,5.26601,Plein jour,Hors agglomération,Hors intersection,Normale,Deux véhicules - côté,,,,,,,,,,,1,1,1,1.0,3.0
201700011258,0017-05-09 16:25:00,17,5,9,16,25,130,71,RD  113,43.41549,5.29645,Plein jour,Hors agglomération,Intersection en X,Normale,Deux véhicules - côté,,,,,,,,,,,1,1,2,1.0,3.0
201700011259,0017-05-10 12:45:00,17,5,10,12,45,130,117,7631 D9,43.42528,5.24887,Plein jour,Hors agglomération,Hors intersection,Temps couvert,Deux véhicules - côté,,,,,,,,,,,1,1,1,8.0,3.0
201700011260,0017-05-15 08:00:00,17,5,15,8,0,130,117,19 Av Jean E Constant,43.44018,5.25682,Plein jour,En agglomération,Hors intersection,Normale,Deux véhicules - côté,,,,,,,,,,,1,2,1,1.0,3.0
201700011261,0017-05-16 12:25:00,17,5,16,12,25,130,117,Av. des Droits de l'Homm,43.4307,5.26695,Plein jour,En agglomération,Autre intersection,Normale,Autre collision,,,,,,,,,,,1,2,9,1.0,6.0
201700011262,0017-05-16 17:00:00,17,5,16,17,0,130,71,ROUTE NATIONALE 113 - RE,43.41122,5.30566,Plein jour,En agglomération,Hors intersection,Normale,Deux véhicules - arrière,,,,,,,,,,,1,2,1,1.0,2.0
201700011263,0017-05-22 13:15:00,17,5,22,13,15,130,71,1 Av du Capitaine P Brut,43.39945,5.33315,Plein jour,En agglomération,Giratoire,Normale,Deux véhicules - arrière,,,,,,,,,,,1,2,6,1.0,2.0
201700011264,0017-05-20 11:10:00,17,5,20,11,10,130,71,CD 6,43.41416,5.34698,Plein jour,Hors agglomération,Hors intersection,Normale,Trois véhicules et plus - en chaîne,,,,,,,,,,,1,1,1,1.0,4.0
201700011265,0017-05-28 05:20:00,17,5,28,5,20,130,71,RD 60A,43.4112,5.31232,Nuit avec éclairage allumé,En agglomération,Intersection en Y,Normale,Autre collision,,,,,,,,,,,5,2,4,1.0,6.0
201700011266,0017-06-02 16:30:00,17,6,2,16,30,130,71,D113,43.41674,5.29253,Plein jour,Hors agglomération,Hors intersection,Normale,Deux véhicules - frontale,,,,,,,,,,,1,1,1,1.0,1.0
201700011267,0017-06-04 18:00:00,17,6,4,18,0,130,117,28-30 Av Denis Padovani,43.43788,5.25638,Plein jour,En agglomération,Intersection en T,Normale,Deux véhicules - côté,,,,,,,,,,,1,2,3,1.0,3.0
201700011268,0017-06-06 20:00:00,17,6,6,20,0,130,117,Bd Alfred Casile,43.44527,5.24478,Plein jour,En agglomération,Intersection en T,Normale,Autre collision,,,,,,,,,,,1,2,3,1.0,6.0
201700011269,0017-06-04 10:40:00,17,6,4,10,40,130,117,229 Av Rhin Danube,43.42481,5.27182,Plein jour,En agglomération,Hors intersection,Normale,Autre collision,,,,,,,,,,,1,2,1,1.0,6.0
201700011270,0017-06-08 16:10:00,17,6,8,16,10,130,71,ROUTE NATIONALE 113 - AG,43.41656,5.27848,Plein jour,Hors agglomération,Hors intersection,Normale,Trois véhicules et plus - en chaîne,,,,,,,,,,,1,1,1,1.0,4.0
201700011271,0017-06-09 10:30:00,17,6,9,10,30,130,71,1513 D113,43.41094,5.30809,Plein jour,En agglomération,Hors intersection,Normale,Deux véhicules - arrière,,,,,,,,,,,1,2,1,1.0,2.0
201700011272,0017-06-09 16:30:00,17,6,9,16,30,130,117,54 Bd de l'Europe,43.4277,5.24967,Plein jour,En agglomération,Hors intersection,Normale,Deux véhicules - arrière,,,,,,,,,,,1,2,1,1.0,2.0
201700011273,0017-06-13 09:00:00,17,6,13,9,0,130,71,VAL SEC ( CHEMIN DE ),43.379,5.34484,Plein jour,En agglomération,Hors intersection,Normale,Deux véhicules - côté,,,,,,,,,,,1,2,1,1.0,3.0
201700011274,0017-06-12 18:15:00,17,6,12,18,15,130,117,SALYENS ( AVENUE DES ),43.44605,5.24965,Plein jour,En agglomération,Intersection en T,Normale,Trois véhicules et plus - collisions multiples,,,,,,,,,,,1,2,3,1.0,5.0
201700011275,0017-06-13 16:50:00,17,6,13,16,50,130,117,207-285 Av Jean Monnet,43.4261,5.28012,Plein jour,En agglomération,Hors intersection,Normale,Autre collision,,,,,,,,,,,1,2,1,1.0,6.0
201700011276,0017-06-13 17:50:00,17,6,13,17,50,130,117,ROUTE NATIONALE 113 - CA,43.47303,5.22928,Plein jour,Hors agglomération,Hors intersection,Normale,Deux véhicules - côté,,,,,,,,,,,1,1,1,1.0,3.0
201700011277,0017-06-17 13:50:00,17,6,17,13,50,130,19,Rue Albert Manoukian,43.4202,5.35935,Plein jour,En agglomération,Giratoire,Normale,Deux véhicules - côté,,,,,,,,,,,1,2,6,1.0,3.0
201700011278,0017-06-17 18:00:00,17,6,17,18,0,130,19,route des Pennes à Garda,43.42491,5.38156,Plein jour,Hors agglomération,Hors intersection,Normale,Deux véhicules - arrière,,,,,,,,,,,1,1,1,1.0,2.0
201700011279,0017-06-18 01:35:00,17,6,18,1,35,130,71,"140, MITTERRAND (AVENUE",43.38542,5.34555,Nuit sans éclairage public,En agglomération,Intersection en X,Normale,Deux véhicules - côté,,,,,,,,,,,3,2,2,1.0,3.0
201700011280,0017-06-21 17:20:00,17,6,21,17,20,130,71,"356, REBUTY (CHEMIN DE)",43.3948,5.2742,Plein jour,Hors agglomération,Hors intersection,Normale,Autre collision,,,,,,,,,,,1,1,1,1.0,6.0
201700011281,0017-06-24 22:30:00,17,6,24,22,30,130,71,3341-3459 D368,43.40333,5.2774,Nuit sans éclairage public,Hors agglomération,Hors intersection,Normale,Autre collision,,,,,,,,,,,3,1,1,1.0,6.0
201700011282,0017-06-26 10:05:00,17,6,26,10,5,130,117,64 Av Denis Padovani,43.43408,5.26128,Plein jour,En agglomération,Hors intersection,Normale,Autre collision,,,,,,,,,,,1,2,1,1.0,6.0
201700011283,0017-06-26 21:15:00,17,6,26,21,15,130,117,SALYENS ( AVENUE DES ),43.44408,5.25168,Plein jour,En agglomération,Intersection en X,Normale,Autre collision,,,,,,,,,,,1,2,2,1.0,6.0
201700011284,0017-06-30 19:45:00,17,6,30,19,45,130,102,"38, JEAN MOULIN (BD )",43.41096,5.25204,Plein jour,En agglomération,Hors intersection,Normale,Trois véhicules et plus - en chaîne,,,,,,,,,,,1,2,1,1.0,4.0
201700011285,0017-07-01 07:10:00,17,7,1,7,10,130,117,"1, D 55F",43.46857,5.23439,Crépuscule ou aube,En agglomération,Intersection en X,Normale,Deux véhicules - côté,,,,,,,,,,,2,2,2,1.0,3.0
201700011286,0017-07-02 06:50:00,17,7,2,6,50,130,117,2 Av de Rome,43.42791,5.25623,Crépuscule ou aube,En agglomération,Hors intersection,Normale,Autre collision,,,,,,,,,,,2,2,1,1.0,6.0
201700011287,0017-07-03 21:50:00,17,7,3,21,50,130,19,CD6,43.42182,5.3674,Nuit sans éclairage public,Hors agglomération,Giratoire,Normale,Deux véhicules - frontale,,,,,,,,,,,3,1,6,1.0,1.0
201700011288,0017-07-05 18:15:00,17,7,5,18,15,130,102,GLACIERE (RUE DE LA ),43.41879,5.24514,Plein jour,En agglomération,Giratoire,Normale,Deux véhicules - côté,,,,,,,,,,,1,2,6,1.0,3.0
201700011289,0017-07-07 19:30:00,17,7,7,19,30,130,19,ROUTE D'APT,43.42833,5.36983,Crépuscule ou aube,Hors agglomération,Hors intersection,Temps éblouissant,Deux véhicules - frontale,,,,,,,,,,,2,1,1,7.0,1.0
201700011290,0017-07-09 20:10:00,17,7,9,20,10,130,117,PADOVANI ( AVE ),43.4393,5.25566,Plein jour,En agglomération,Intersection en X,Normale,Deux véhicules - frontale,,,,,,,,,,,1,2,2,1.0,1.0
201700011291,0017-07-11 17:05:00,17,7,11,17,5,130,71,ROUTE NATIONALE 113 - MO,43.40658,5.33037,Plein jour,Hors agglomération,Hors intersection,Normale,Deux véhicules - côté,,,,,,,,,,,1,1,1,1.0,3.0
201700011292,0017-07-18 21:50:00,17,7,18,21,50,130,117,CD 9 ESTROUBLANS,43.4274,5.255,Nuit avec éclairage allumé,Hors agglomération,Hors intersection,Normale,Trois véhicules et plus - collisions multiples,,,,,,,,,,,5,1,1,1.0,5.0
201700011293,0017-07-21 12:20:00,17,7,21,12,20,130,19,AVENUE MARCEL MATTEODA,43.45582,5.38463,Plein jour,Hors agglomération,Hors intersection,Normale,Deux véhicules - frontale,,,,,,,,,,,1,1,1,1.0,1.0
201700011294,0017-07-29 13:00:00,17,7,29,13,0,130,71,"129, MITTERRAND (AVENUE",43.38206,5.34631,Plein jour,En agglomération,Intersection en X,Normale,Deux véhicules - frontale,,,,,,,,,,,1,2,2,1.0,1.0
201700011295,0017-07-29 17:10:00,17,7,29,17,10,130,117,"2, GLACIERE ( RUE DE LA",43.42323,5.24108,Plein jour,En agglomération,Intersection en X,Normale,Deux véhicules - côté,,,,,,,,,,,1,2,2,1.0,3.0
201700011296,0017-08-01 22:15:00,17,8,1,22,15,130,43,GEORGES POMPIDOU (AV ),43.38713,5.21531,Nuit sans éclairage public,Hors agglomération,Hors intersection,Normale,Deux véhicules - frontale,,,,,,,,,,,3,1,1,1.0,1.0
201700011297,0017-08-05 09:15:00,17,8,5,9,15,130,43,FERNANDEL (AV ),43.39486,5.22231,Plein jour,Hors agglomération,Hors intersection,Normale,Sans collision,,,,,,,,,,,1,1,1,1.0,7.0
201700011298,0017-08-17 13:20:00,17,8,17,13,20,130,19,CHEMIN DE LA GRANDE CAMP,43.42102,5.36239,Plein jour,Hors agglomération,Hors intersection,Normale,Trois véhicules et plus - en chaîne,,,,,,,,,,,1,1,1,1.0,4.0
201700011299,0017-08-17 18:15:00,17,8,17,18,15,130,19,CD6,43.42031,5.36691,Plein jour,En agglomération,Giratoire,Normale,Autre collision,,,,,,,,,,,1,2,6,1.0,6.0
201700011300,0017-08-25 13:50:00,17,8,25,13,50,130,117,CD 9 ESTROUBLANS,43.42768,5.26238,Plein jour,Hors agglomération,Hors intersection,Normale,Deux véhicules - arrière,,,,,,,,,,,1,1,1,1.0,2.0
201700011301,0017-08-27 12:50:00,17,8,27,12,50,130,19,D543,43.47202,5.35488,Plein jour,En agglomération,Hors intersection,Normale,Autre collision,,,,,,,,,,,1,2,1,1.0,6.0
201700011302,0017-08-28 21:45:00,17,8,28,21,45,130,54,"20, FIGUERES (RUE DES )",43.42111,5.20775,Nuit avec éclairage non allumé,En agglomération,Intersection en X,Normale,Deux véhicules - côté,,,,,,,,,,,4,2,2,1.0,3.0
201700011303,0017-08-28 19:45:00,17,8,28,19,45,130,117,BAOU (QUARTIER DU PONT D,43.46,5.2328,Plein jour,En agglomération,Hors intersection,Normale,Sans collision,,,,,,,,,,,1,2,1,1.0,7.0
201700011304,0017-09-02 13:00:00,17,9,2,13,0,130,117,ROUCAS ( CORNICHE DU ),43.4685,5.23338,Plein jour,Hors agglomération,Intersection en T,Normale,Deux véhicules - côté,,,,,,,,,,,1,1,3,1.0,3.0
201700011305,0017-09-06 23:50:00,17,9,6,23,50,130,117,5342 Av Victor Gelu,43.44455,5.24619,Nuit avec éclairage allumé,En agglomération,Giratoire,Normale,Autre collision,,,,,,,,,,,5,2,6,1.0,6.0
201700011306,0017-09-07 16:10:00,17,9,7,16,10,130,71,VERSAILLES (ROND POINT D,43.40976,5.32506,Plein jour,Hors agglomération,Giratoire,Normale,Trois véhicules et plus - collisions multiples,,,,,,,,,,,1,1,6,1.0,5.0
201700011307,0017-09-09 17:30:00,17,9,9,17,30,130,117,LONDRES (AVENUE DE),43.42721,5.23543,Plein jour,En agglomération,Autre intersection,Pluie légère,Deux véhicules - côté,,,,,,,,,,,1,2,9,2.0,3.0
201700011308,0017-09-11 07:35:00,17,9,11,7,35,130,117,RABIN ( AVENUE YITZHAK ),43.45012,5.24546,Plein jour,En agglomération,Hors intersection,Normale,Autre collision,,,,,,,,,,,1,2,1,1.0,6.0
201700011309,0017-09-12 16:15:00,17,9,12,16,15,130,71,ROUTE NATIONALE 113 - AG,43.41727,5.28767,Plein jour,Hors agglomération,Hors intersection,Normale,Deux véhicules - arrière,,,,,,,,,,,1,1,1,1.0,2.0
201700011310,0017-09-15 13:15:00,17,9,15,13,15,130,71,ROUTE NATIONALE 368 (PLA,43.40262,5.27533,Plein jour,Hors agglomération,Autre intersection,Normale,Deux véhicules - côté,,,,,,,,,,,1,1,9,1.0,3.0
201700011311,0017-09-19 09:55:00,17,9,19,9,55,130,71,ROUTE NATIONALE 113 - RE,43.41,5.30054,Plein jour,En agglomération,Hors intersection,Normale,Deux véhicules - côté,,,,,,,,,,,1,2,1,1.0,3.0
201700011312,0017-10-01 11:50:00,17,10,1,11,50,130,117,STADIUM (CD9),43.42731,5.26704,Crépuscule ou aube,Hors agglomération,Intersection en Y,Pluie légère,Autre collision,,,,,,,,,,,2,1,4,2.0,6.0
201700011313,0017-09-23 07:15:00,17,9,23,7,15,130,117,LONDRES (AVENUE DE),43.42718,5.23538,Crépuscule ou aube,En agglomération,Intersection en T,Normale,Deux véhicules - côté,,,,,,,,,,,2,2,3,1.0,3.0
201700011314,0017-10-02 19:40:00,17,10,2,19,40,130,19,"1, D543",43.45236,5.35889,Nuit avec éclairage allumé,Hors agglomération,Hors intersection,Normale,Deux véhicules - côté,,,,,,,,,,,5,1,1,1.0,3.0
201700011315,0017-10-05 07:57:00,17,10,5,7,57,130,71,"30, MONOD (LYCEE JACQUES",43.39842,5.33558,Crépuscule ou aube,En agglomération,Hors intersection,Normale,Autre collision,,,,,,,,,,,2,2,1,1.0,6.0
201700011316,0017-10-16 07:45:00,17,10,16,7,45,130,54,"20bis, SAINT PIERRE (CHE",43.41359,5.21145,Plein jour,En agglomération,Hors intersection,Normale,Deux véhicules - côté,,,,,,,,,,,1,2,1,1.0,3.0
201700011317,0017-10-19 07:40:00,17,10,19,7,40,130,117,"1, VIENNE (RUE DE)",43.4324,5.24909,Crépuscule ou aube,En agglomération,Hors intersection,Temps couvert,Autre collision,,,,,,,,,,,2,2,1,8.0,6.0
201700011318,0017-10-20 22:00:00,17,10,20,22,0,130,54,"80, COMBATTANTS D'EXTREM",43.40228,5.22353,Nuit avec éclairage allumé,En agglomération,Intersection en T,Normale,Deux véhicules - frontale,,,,,,,,,,,5,2,3,1.0,1.0
201700011319,0017-10-28 14:10:00,17,10,28,14,10,130,71,TOTAL (RN 113 - LE TUNNE,43.41095,5.30984,Plein jour,En agglomération,Hors intersection,Normale,Deux véhicules - côté,,,,,,,,,,,1,2,1,1.0,3.0
201700011320,0017-10-29 23:30:00,17,10,29,23,30,130,71,METRO (MAGASIN) - RN 368,43.40849,5.31834,Nuit avec éclairage allumé,En agglomération,Hors intersection,Normale,Sans collision,,,,,,,,,,,5,2,1,1.0,7.0
201700011321,0017-10-31 19:50:00,17,10,31,19,50,130,54,DEPARTEMENTALE 48 (ROUTE,43.4029,5.21647,Nuit sans éclairage public,Hors agglomération,Intersection en X,Normale,Deux véhicules - frontale,,,,,,,,,,,3,1,2,1.0,1.0
201700011322,0017-11-01 16:15:00,17,11,1,16,15,130,71,ROUTE NATIONALE 368 (VIL,43.40898,5.32156,Plein jour,En agglomération,Autre intersection,Normale,Autre collision,,,,,,,,,,,1,2,9,1.0,6.0
201700011323,0017-11-05 00:01:00,17,11,5,0,1,130,117,"25, GELU  ( AVENUE VICTO",43.44558,5.247,Nuit avec éclairage allumé,En agglomération,Hors intersection,Pluie forte,Autre collision,,,,,,,,,,,5,2,1,3.0,6.0
201700011324,0017-11-05 14:30:00,17,11,5,14,30,130,43,POUSARAQUE (AV DE LA ),43.38655,5.2223,Plein jour,En agglomération,Intersection en X,Vent fort / tempête,Deux véhicules - côté,,,,,,,,,,,1,2,2,6.0,3.0
201700011325,0017-11-03 18:30:00,17,11,3,18,30,130,54,", EUROPE (AV DE L')",43.41616,5.22776,Nuit avec éclairage allumé,En agglomération,Hors intersection,Normale,Autre collision,,,,,,,,,,,5,2,1,1.0,6.0
201700011326,0017-11-14 15:00:00,17,11,14,15,0,130,19,"1, ROUTE DE PONT DE BOUC",43.43303,5.33819,Plein jour,Hors agglomération,Hors intersection,Normale,Deux véhicules - arrière,,,,,,,,,,,1,1,1,1.0,2.0
201700011327,0017-11-18 10:15:00,17,11,18,10,15,130,117,ROUTE NATIONALE 113-L'AN,43.41979,5.27144,Plein jour,Hors agglomération,Hors intersection,Normale,Deux véhicules - côté,,,,,,,,,,,1,1,1,1.0,3.0
201700011328,0017-11-18 17:00:00,17,11,18,17,0,130,71,PENNES AUX PINS ( CHEMIN,43.41333,5.35831,Crépuscule ou aube,En agglomération,Intersection en X,Normale,Deux véhicules - côté,,,,,,,,,,,2,2,2,1.0,3.0
201700011329,0017-11-18 21:40:00,17,11,18,21,40,130,102,D 9,43.42366,5.23199,Nuit sans éclairage public,Hors agglomération,Giratoire,Normale,Deux véhicules - côté,,,,,,,,,,,3,1,6,1.0,3.0
201700011330,0017-11-21 17:30:00,17,11,21,17,30,130,71,ROUTE NATIONALE 113 - MO,43.40715,5.32995,Nuit avec éclairage allumé,Hors agglomération,Hors intersection,Normale,Deux véhicules - côté,,,,,,,,,,,5,1,1,1.0,3.0
201700011331,0017-11-26 14:45:00,17,11,26,14,45,130,71,CD 6,43.41451,5.3495,Plein jour,En agglomération,Hors intersection,Normale,Trois véhicules et plus - en chaîne,,,,,,,,,,,1,2,1,1.0,4.0
201700011332,0017-11-27 14:00:00,17,11,27,14,0,130,19,D60 A,43.43,5.34,Plein jour,En agglomération,Hors intersection,Normale,Deux véhicules - arrière,,,,,,,,,,,1,2,1,1.0,2.0
201700011333,0017-11-16 14:30:00,17,11,16,14,30,130,54,MARECHAL JUIN (AV DU ),43.42031,5.2268,Plein jour,En agglomération,Hors intersection,Normale,Deux véhicules - arrière,,,,,,,,,,,1,2,1,1.0,2.0
201700011334,0017-11-28 19:30:00,17,11,28,19,30,130,117,GELU  ( AVENUE VICTOR ),43.44,5.24,Nuit avec éclairage allumé,En agglomération,Hors intersection,Normale,Autre collision,,,,,,,,,,,5,2,1,1.0,6.0
201700011335,0017-12-01 09:00:00,17,12,1,9,0,130,43,N 368,43.39492,5.21863,Plein jour,Hors agglomération,Hors intersection,Normale,Trois véhicules et plus - en chaîne,,,,,,,,,,,1,1,1,1.0,4.0
201700011336,0017-12-11 09:10:00,17,12,11,9,10,130,71,MITTERRAND (AVENUE FRANC,43.38296,5.34535,Plein jour,En agglomération,Hors intersection,Pluie forte,Autre collision,,,,,,,,,,,1,2,1,3.0,6.0
201700011337,0017-12-15 17:00:00,17,12,15,17,0,130,102,25 Bd Georges Deloustal,43.41976,5.22999,Nuit avec éclairage allumé,En agglomération,Hors intersection,Normale,Trois véhicules et plus - collisions multiples,,,,,,,,,,,5,2,1,1.0,5.0
201700011338,0017-12-12 02:00:00,17,12,12,2,0,130,71,VERSAILLES (ROND POINT D,43.4092,5.32549,Nuit avec éclairage allumé,Hors agglomération,Hors intersection,Temps couvert,Autre collision,,,,,,,,,,,5,1,1,8.0,6.0
201700011339,0017-12-20 15:40:00,17,12,20,15,40,130,71,"1, ROUTE NATIONALE 368 (",43.40887,5.32069,Plein jour,Hors agglomération,Hors intersection,Normale,Deux véhicules - côté,,,,,,,,,,,1,1,1,1.0,3.0
201700011340,0017-12-21 08:20:00,17,12,21,8,20,130,117,CD20 E,43.43969,5.234,Plein jour,Hors agglomération,Hors intersection,Temps couvert,Deux véhicules - arrière,,,,,,,,,,,1,1,1,8.0,2.0
201700011341,0017-12-21 18:30:00,17,12,21,18,30,130,71,10-18 Ch de la Pourranqu,43.41309,5.30194,Nuit avec éclairage allumé,En agglomération,Autre intersection,Normale,Autre collision,,,,,,,,,,,5,2,9,1.0,6.0
201700011342,0017-12-26 18:30:00,17,12,26,18,30,130,117,8 MAI 1945 (AVENUE),43.42334,5.27349,Nuit avec éclairage allumé,En agglomération,Intersection en T,Normale,Deux véhicules - arrière,,,,,,,,,,,5,2,3,1.0,2.0
201700011343,0017-02-03 01:00:00,17,2,3,1,0,700,18,D474,47.43837,5.64262,Nuit sans éclairage public,Hors agglomération,Hors intersection,Pluie forte,Sans collision,,,,,,,,,,,3,1,1,3.0,7.0
201700011344,0017-01-09 19:40:00,17,1,9,19,40,680,266,A 35 PK 85+600 sens S N,47.90352,7.36875,Nuit sans éclairage public,Hors agglomération,Hors intersection,Temps couvert,Deux véhicules - arrière,,,,,,,,,,,3,1,1,8.0,2.0
201700011345,0017-01-15 00:37:00,17,1,15,0,37,680,66,Autoroute A35 - Sens MUL,48.08079,7.38458,Nuit sans éclairage public,Hors agglomération,Hors intersection,Temps couvert,Deux véhicules - arrière,,,,,,,,,,,3,1,1,8.0,2.0
201700011346,0017-01-28 23:50:00,17,1,28,23,50,680,22,autoroute A35,47.80838,7.39243,Nuit sans éclairage public,Hors agglomération,Hors intersection,Normale,Deux véhicules - arrière,,,,,,,,,,,3,1,1,1.0,2.0