accident_id,datetime,annee,mois,jour,heure,minute,departement,commune_insee,adresse,latitude,longitude,luminosite,agglomeration,intersection,meteo,collision,nb_vehicules,nb_usagers,nb_indemnes,nb_tues,nb_blesses_hosp,nb_blesses_legers,age_cond_1,age_cond_2,veh_type_cond_1,veh_type_cond_2,lum_code,agg_code,int_code,atm_code,col_code
201700011587,0017-04-20 16:55:00,17,4,20,16,55,80,122,RD46DA/RD46DB,50.11678,4.78923,Plein jour,Hors agglomération,Intersection en T,Normale,Trois véhicules et plus - collisions multiples,,,,,,,,,,,1,1,3,1.0,5.0
201700011588,0017-06-10 18:00:00,17,6,10,18,0,80,190,"RD 949, route de Philipp",50.14178,4.80998,Plein jour,Hors agglomération,Hors intersection,Normale,Deux véhicules - frontale,,,,,,,,,,,1,1,1,1.0,1.0
201700011589,0017-06-17 02:50:00,17,6,17,2,50,80,226,RD 8051,50.09641,4.73546,Nuit sans éclairage public,Hors agglomération,Hors intersection,Normale,Autre collision,,,,,,,,,,,3,1,1,1.0,6.0
201700011590,0017-07-18 15:15:00,17,7,18,15,15,80,190,RD949,50.13619,4.82679,Plein jour,Hors agglomération,Hors intersection,Normale,Deux véhicules - côté,,,,,,,,,,,1,1,1,1.0,3.0
201700011591,0017-11-22 16:20:00,17,11,22,16,20,80,190,rue du Luxembourg,50.13403,4.83571,Plein jour,En agglomération,Intersection en Y,Normale,Autre collision,,,,,,,,,,,1,2,4,1.0,6.0
201700011592,0017-12-05 19:45:00,17,12,5,19,45,80,190,rue massembre,50.14808,4.85763,Nuit avec éclairage allumé,En agglomération,Intersection en Y,Normale,Autre collision,,,,,,,,,,,5,2,4,1.0,6.0
201700011593,0017-12-12 11:00:00,17,12,12,11,0,80,190,73 rue oger,50.13187,4.8352,Plein jour,En agglomération,Autre intersection,Normale,Autre collision,,,,,,,,,,,1,2,9,1.0,6.0
201700011594,0017-08-30 06:15:00,17,8,30,6,15,80,254,RD 978,49.76456,4.34284,Crépuscule ou aube,Hors agglomération,Hors intersection,Pluie légère,Autre collision,,,,,,,,,,,2,1,1,2.0,6.0
201700011595,0017-10-22 11:30:00,17,10,22,11,30,80,367,route de la petite chape,49.94422,4.51756,Plein jour,En agglomération,Autre intersection,Pluie légère,Autre collision,,,,,,,,,,,1,2,9,2.0,6.0
201700011596,0017-01-29 20:10:00,17,1,29,20,10,80,34,D27,49.60875,5.01966,Nuit sans éclairage public,Hors agglomération,Hors intersection,Normale,Autre collision,,,,,,,,,,,3,1,1,1.0,6.0
201700011597,0017-02-24 20:45:00,17,2,24,20,45,80,311,Rue du faubourg Sainte G,49.6034,5.07123,Nuit avec éclairage allumé,En agglomération,Hors intersection,Normale,Trois véhicules et plus - collisions multiples,,,,,,,,,,,5,2,1,1.0,5.0
201700011598,0017-05-20 23:00:00,17,5,20,23,0,80,67,CARREFOUR RD 52 - RD 53,49.61739,5.18778,Nuit sans éclairage public,Hors agglomération,Intersection en T,Normale,Autre collision,,,,,,,,,,,3,1,3,1.0,6.0
201700011599,0017-05-20 03:50:00,17,5,20,3,50,80,281,lieu-dit La Malchée,49.66087,5.19564,Nuit sans éclairage public,En agglomération,Hors intersection,Normale,Autre collision,,,,,,,,,,,3,2,1,1.0,6.0
201700011600,0017-02-13 07:00:00,17,2,13,7,0,80,170,Place de l'Eglise,49.74832,4.94771,Crépuscule ou aube,En agglomération,Hors intersection,Temps couvert,Autre collision,,,,,,,,,,,2,2,1,8.0,6.0
201700011601,0017-03-06 17:25:00,17,3,6,17,25,80,263,route départementale 33,49.73797,4.78243,Plein jour,Hors agglomération,Autre intersection,Normale,Deux véhicules - côté,,,,,,,,,,,1,1,9,1.0,3.0
201700011602,0017-05-14 00:10:00,17,5,14,0,10,80,76,RD 951,49.70427,4.70613,Nuit sans éclairage public,Hors agglomération,Hors intersection,Pluie légère,Sans collision,,,,,,,,,,,3,1,1,2.0,7.0
201700011603,0017-05-16 16:20:00,17,5,16,16,20,80,235,voie communale la mal ca,49.75688,4.8282,Plein jour,Hors agglomération,Hors intersection,Normale,Sans collision,,,,,,,,,,,1,1,1,1.0,7.0
201700011604,0017-08-07 20:50:00,17,8,7,20,50,80,263,Route départementale 5,49.7443,4.79641,Plein jour,Hors agglomération,Hors intersection,Normale,Sans collision,,,,,,,,,,,1,1,1,1.0,7.0
201700011605,0017-09-22 13:04:00,17,9,22,13,4,80,283,départemental 987,49.62695,4.61384,Plein jour,Hors agglomération,Hors intersection,Normale,Sans collision,,,,,,,,,,,1,1,1,1.0,7.0
201700011606,0017-10-14 20:15:00,17,10,14,20,15,80,491,RD5,49.73501,4.87711,Nuit sans éclairage public,Hors agglomération,Hors intersection,Normale,Deux véhicules - côté,,,,,,,,,,,3,1,1,1.0,3.0
201700011607,0017-10-18 12:00:00,17,10,18,12,0,80,491,39 rue victor HUGO,49.73844,4.85923,Plein jour,En agglomération,Hors intersection,Normale,Sans collision,,,,,,,,,,,1,2,1,1.0,7.0
201700011608,0017-12-02 14:45:00,17,12,2,14,45,80,96,D764,49.7081,4.76819,Plein jour,Hors agglomération,Hors intersection,Normale,Deux véhicules - arrière,,,,,,,,,,,1,1,1,1.0,2.0
201700011609,0017-12-23 09:00:00,17,12,23,9,0,80,483,RD59 - 8 GRANDE RUE,49.75358,4.78665,Plein jour,En agglomération,Hors intersection,Pluie légère,Deux véhicules - frontale,,,,,,,,,,,1,2,1,2.0,1.0
201700011610,0017-03-10 19:20:00,17,3,10,19,20,80,193,route départementale 21,49.50393,4.51484,Nuit sans éclairage public,Hors agglomération,Hors intersection,Normale,Deux véhicules - frontale,,,,,,,,,,,3,1,1,1.0,1.0
201700011611,0017-03-17 13:30:00,17,3,17,13,30,80,410,Intersection RD977-C2,49.34469,4.56349,Plein jour,Hors agglomération,Intersection en X,Normale,Deux véhicules - côté,,,,,,,,,,,1,1,2,1.0,3.0
201700011612,0017-05-09 09:45:00,17,5,9,9,45,80,135,RD 947,49.40789,4.80374,Plein jour,Hors agglomération,Hors intersection,Normale,Deux véhicules - frontale,,,,,,,,,,,1,1,1,1.0,1.0
201700011613,0017-05-25 06:45:00,17,5,25,6,45,80,303,RD 982,49.3261,4.71213,Plein jour,Hors agglomération,Hors intersection,Normale,Deux véhicules - frontale,,,,,,,,,,,1,1,1,1.0,1.0
201700011614,0017-07-01 14:45:00,17,7,1,14,45,80,490,D983,49.41683,4.6881,Plein jour,Hors agglomération,Hors intersection,Temps couvert,Deux véhicules - arrière,,,,,,,,,,,1,1,1,8.0,2.0
201700011615,0017-10-02 17:05:00,17,10,2,17,5,80,45,RD 977 - PK 14+200 - Lie,49.42109,4.73685,Plein jour,Hors agglomération,Hors intersection,Temps couvert,Deux véhicules - frontale,,,,,,,,,,,1,1,1,8.0,1.0
201700011616,0017-12-08 21:00:00,17,12,8,21,0,80,493,Route Départementale 983,49.43296,4.67299,Nuit sans éclairage public,Hors agglomération,Hors intersection,Normale,Trois véhicules et plus - collisions multiples,,,,,,,,,,,3,1,1,1.0,5.0
201700011617,0017-03-21 21:15:00,17,3,21,21,15,80,116,rd 977    PK 25+100,49.50791,4.7712,Nuit sans éclairage public,Hors agglomération,Hors intersection,Normale,Autre collision,,,,,,,,,,,3,1,1,1.0,6.0
201700011618,0017-04-09 17:50:00,17,4,9,17,50,80,198,Intersection RD 946 - ro,49.34325,4.84746,Plein jour,Hors agglomération,Intersection en X,Temps éblouissant,Deux véhicules - côté,,,,,,,,,,,1,1,2,7.0,3.0
201700011619,0017-06-03 15:00:00,17,6,3,15,0,80,383,RD946  PK 81+249,49.33319,4.94047,Plein jour,Hors agglomération,Intersection en Y,Normale,Deux véhicules - frontale,,,,,,,,,,,1,1,4,1.0,1.0
201700011620,0017-09-01 00:50:00,17,9,1,0,50,80,383,D55,49.34008,4.9517,Nuit sans éclairage public,Hors agglomération,Hors intersection,Pluie légère,Sans collision,,,,,,,,,,,3,1,1,2.0,7.0
201700011621,0017-12-09 09:30:00,17,12,9,9,30,80,85,PK 029.500,49.47376,4.86495,Plein jour,Hors agglomération,Hors intersection,Autre,Sans collision,,,,,,,,,,,1,1,1,9.0,7.0
201700011622,0017-02-24 22:50:00,17,2,24,22,50,520,8,rd 674,48.22807,5.28934,Nuit sans éclairage public,Hors agglomération,Hors intersection,Normale,Autre collision,,,,,,,,,,,3,1,1,1.0,6.0
201700011623,0017-06-22 17:20:00,17,6,22,17,20,520,8,rd 674,48.24087,5.29303,Plein jour,Hors agglomération,Hors intersection,Temps éblouissant,Autre collision,,,,,,,,,,,1,1,1,7.0,6.0
201700011624,0017-07-18 15:25:00,17,7,18,15,25,520,423,Carrefour D67A et D25,48.26138,5.32899,Plein jour,Hors agglomération,Intersection en X,Normale,Deux véhicules - côté,,,,,,,,,,,1,1,2,1.0,3.0
201700011625,0017-11-24 18:00:00,17,11,24,18,0,520,420,RD25 - PK002.900,48.28439,5.33411,Nuit sans éclairage public,Hors agglomération,Hors intersection,Pluie légère,Deux véhicules - frontale,,,,,,,,,,,3,1,1,2.0,1.0
201700011626,0017-01-04 14:50:00,17,1,4,14,50,520,58,CD 44,48.19164,5.12436,Plein jour,Hors agglomération,Hors intersection,Pluie forte,Deux véhicules - côté,,,,,,,,,,,1,1,1,3.0,3.0
201700011627,0017-02-26 14:00:00,17,2,26,14,0,520,506,RD 102,48.11759,4.91742,Plein jour,Hors agglomération,Hors intersection,Normale,Autre collision,,,,,,,,,,,1,1,1,1.0,6.0
201700011628,0017-05-28 16:15:00,17,5,28,16,15,520,472,Départementale 44,48.19831,5.02527,Plein jour,Hors agglomération,Hors intersection,Normale,Autre collision,,,,,,,,,,,1,1,1,1.0,6.0
201700011629,0017-06-16 21:30:00,17,6,16,21,30,520,140,CD2 - PRATZ,48.24716,4.91586,Crépuscule ou aube,Hors agglomération,Hors intersection,Normale,Autre collision,,,,,,,,,,,2,1,1,1.0,6.0
201700011630,0017-06-24 14:55:00,17,6,24,14,55,520,253,départementale 40,48.19176,5.00661,Plein jour,Hors agglomération,Hors intersection,Normale,Deux véhicules - côté,,,,,,,,,,,1,1,1,1.0,3.0
201700011631,0017-06-24 16:35:00,17,6,24,16,35,520,31,CD201,48.14239,4.93539,Plein jour,Hors agglomération,Hors intersection,Normale,Sans collision,,,,,,,,,,,1,1,1,1.0,7.0
201700011632,0017-08-28 17:20:00,17,8,28,17,20,520,211,rue du général Leclerc,48.29932,5.14062,Plein jour,En agglomération,Hors intersection,Normale,Autre collision,,,,,,,,,,,1,2,1,1.0,6.0
201700011633,0017-09-29 13:25:00,17,9,29,13,25,520,58,rue des Dardets,48.19801,5.16538,Plein jour,En agglomération,Hors intersection,Normale,Deux véhicules - frontale,,,,,,,,,,,1,2,1,1.0,1.0
201700011634,0017-06-28 02:30:00,17,6,28,2,30,520,185,D5,47.90783,5.84295,Nuit sans éclairage public,Hors agglomération,Hors intersection,Pluie forte,Autre collision,,,,,,,,,,,3,1,1,3.0,6.0
201700011635,0017-11-13 21:25:00,17,11,13,21,25,520,332,RD74,47.97822,5.48457,Nuit sans éclairage public,Hors agglomération,Hors intersection,Normale,Deux véhicules - frontale,,,,,,,,,,,3,1,1,1.0,1.0
201700011636,0017-01-25 15:45:00,17,1,25,15,45,520,354,route dép. 51,47.80149,5.36656,Plein jour,Hors agglomération,Hors intersection,Temps couvert,Sans collision,,,,,,,,,,,1,1,1,8.0,7.0
201700011637,0017-05-11 20:20:00,17,5,11,20,20,520,388,D460,47.8236,5.67487,Crépuscule ou aube,Hors agglomération,Hors intersection,Pluie légère,Autre collision,,,,,,,,,,,2,1,1,2.0,6.0
201700011638,0017-05-12 19:30:00,17,5,12,19,30,520,390,D34,47.82277,5.73022,Plein jour,Hors agglomération,Hors intersection,Normale,Sans collision,,,,,,,,,,,1,1,1,1.0,7.0
201700011639,0017-06-16 17:50:00,17,6,16,17,50,520,155,départementale 51,47.84237,5.44636,Plein jour,Hors agglomération,Hors intersection,Normale,Deux véhicules - frontale,,,,,,,,,,,1,1,1,1.0,1.0
201700011640,0017-08-24 18:10:00,17,8,24,18,10,520,197,rue du chemin neuf,47.77605,5.5975,Plein jour,En agglomération,Hors intersection,Normale,Autre collision,,,,,,,,,,,1,2,1,1.0,6.0
201700011641,0017-11-19 17:00:00,17,11,19,17,0,520,83,RN19,47.81414,5.50914,Crépuscule ou aube,Hors agglomération,Hors intersection,Normale,Deux véhicules - côté,,,,,,,,,,,2,1,1,1.0,3.0
201700011642,0017-01-03 00:25:00,17,1,3,0,25,140,333,"799, CD513",49.4213,0.20664,Nuit sans éclairage public,Hors agglomération,Hors intersection,Autre,Autre collision,,,,,,,,,,,3,1,1,9.0,6.0
201700011643,0017-01-22 12:20:00,17,1,22,12,20,140,243,CD 62,49.3968,0.20332,Plein jour,Hors agglomération,Hors intersection,Normale,Autre collision,,,,,,,,,,,1,1,1,1.0,6.0
201700011644,0017-02-20 08:00:00,17,2,20,8,0,140,243,CROIX ROUGE (COTE DE LA),49.4145,0.2232,Plein jour,Hors agglomération,Intersection en Y,Normale,Sans collision,,,,,,,,,,,1,1,4,1.0,7.0
201700011645,0017-03-09 06:45:00,17,3,9,6,45,140,333,SAINT LEONARD (RUE),49.4177,0.23726,Nuit avec éclairage allumé,En agglomération,Intersection en X,Normale,Deux véhicules - côté,,,,,,,,,,,5,2,2,1.0,3.0
201700011646,0017-03-22 14:10:00,17,3,22,14,10,140,333,CD 580,49.412,0.26541,Plein jour,Hors agglomération,Giratoire,Normale,Deux véhicules - frontale,,,,,,,,,,,1,1,6,1.0,1.0
201700011647,0017-04-05 22:10:00,17,4,5,22,10,140,333,"20, LEPAULMIER (QUAI)",49.4187,0.23693,Crépuscule ou aube,En agglomération,Hors intersection,Normale,Autre collision,,,,,,,,,,,2,2,1,1.0,6.0
201700011648,0017-04-08 13:35:00,17,4,8,13,35,140,243,VAL DES MOULINEAUX (CHEM,,,Plein jour,En agglomération,Intersection en X,Normale,Sans collision,,,,,,,,,,,1,2,2,1.0,7.0
201700011649,0017-04-11 09:45:00,17,4,11,9,45,140,1,"445, LA HOUSSAYE",,,Plein jour,En agglomération,Hors intersection,Normale,Deux véhicules - arrière,,,,,,,,,,,1,2,1,1.0,2.0
201700011650,0017-04-19 16:21:00,17,4,19,16,21,140,333,CHARLES V (BOULEVARD),,,Plein jour,En agglomération,Hors intersection,Normale,Autre collision,,,,,,,,,,,1,2,1,1.0,6.0
201700011651,0017-04-22 09:15:00,17,4,22,9,15,140,304,CD 144,,,Plein jour,Hors agglomération,Hors intersection,Normale,Autre collision,,,,,,,,,,,1,1,1,1.0,6.0
201700011652,0017-04-23 01:15:00,17,4,23,1,15,140,333,"1, JEAN DE VIENNE (COURS",49.4145,0.24616,Nuit avec éclairage allumé,En agglomération,Hors intersection,Normale,Sans collision,,,,,,,,,,,5,2,1,1.0,7.0
201700011653,0017-04-29 09:45:00,17,4,29,9,45,140,333,"1, NORMAND (AVENUE AUGUS",49.4169,0.25779,Plein jour,Hors agglomération,Hors intersection,Normale,Deux véhicules - côté,,,,,,,,,,,1,1,1,1.0,3.0
201700011654,0017-06-12 07:47:00,17,6,12,7,47,140,333,CANTELOUP (AVENUE DU),49.407,0.24487,Plein jour,En agglomération,Autre intersection,Normale,Deux véhicules - frontale,,,,,,,,,,,1,2,9,1.0,1.0
201700011655,0017-06-26 12:40:00,17,6,26,12,40,140,333,SOREL (PLACE ALBERT),49.41684,0.23063,Plein jour,En agglomération,Place,Normale,Sans collision,,,,,,,,,,,1,2,7,1.0,7.0
201700011656,0017-06-26 16:48:00,17,6,26,16,48,140,333,"01, BUQUET (CHEMIN DU)",49.40361,0.23944,Plein jour,En agglomération,Hors intersection,Normale,Sans collision,,,,,,,,,,,1,2,1,1.0,7.0
201700011657,0017-08-14 16:40:00,17,8,14,16,40,140,536,ANGLAIS (ROND POINT DES),49.41047,0.25954,Plein jour,Hors agglomération,Giratoire,Normale,Sans collision,,,,,,,,,,,1,1,6,1.0,7.0
201700011658,0017-08-21 08:05:00,17,8,21,8,5,140,1,"1880, CD 140",49.38805,0.27606,Plein jour,Hors agglomération,Hors intersection,Temps couvert,Autre collision,,,,,,,,,,,1,1,1,8.0,6.0
201700011659,0017-08-29 02:00:00,17,8,29,2,0,140,333,"540, CD513",49.4227,0.20935,Nuit sans éclairage public,Hors agglomération,Hors intersection,Normale,Sans collision,,,,,,,,,,,3,1,1,1.0,7.0
201700011660,0017-09-03 03:45:00,17,9,3,3,45,140,304,CD 289,49.39612,0.22424,Nuit sans éclairage public,Hors agglomération,Hors intersection,Normale,Autre collision,,,,,,,,,,,3,1,1,1.0,6.0
201700011661,0017-09-14 20:15:00,17,9,14,20,15,140,243,"1, HONFLEUR (COTE DE)",49.39993,0.21821,Nuit sans éclairage public,Hors agglomération,Hors intersection,Pluie forte,Sans collision,,,,,,,,,,,3,1,1,3.0,7.0
201700011662,0017-09-16 21:50:00,17,9,16,21,50,140,333,"1, JEAN DE VIENNE (COURS",49.41579,0.24375,Nuit avec éclairage allumé,En agglomération,Hors intersection,Normale,Sans collision,,,,,,,,,,,5,2,1,1.0,7.0
201700011663,0017-09-21 17:40:00,17,9,21,17,40,140,304,CD 579,49.37391,0.22958,Plein jour,Hors agglomération,Hors intersection,Normale,Trois véhicules et plus - collisions multiples,,,,,,,,,,,1,1,1,1.0,5.0
201700011664,0017-09-28 11:00:00,17,9,28,11,0,140,1,CD 140,49.6281,0.27571,Plein jour,Hors agglomération,Intersection en X,Normale,Deux véhicules - côté,,,,,,,,,,,1,1,2,1.0,3.0
201700011665,0017-10-02 14:05:00,17,10,2,14,5,140,536,MONTSAINT (CHARRIERE),49.40772,0.25164,Plein jour,En agglomération,Hors intersection,Normale,Deux véhicules - arrière,,,,,,,,,,,1,2,1,1.0,2.0
201700011666,0017-10-12 19:00:00,17,10,12,19,0,140,333,"78, SAINT LEONARD (RUE)",49.41762,0.23679,Crépuscule ou aube,En agglomération,Hors intersection,Normale,Autre collision,,,,,,,,,,,2,2,1,1.0,6.0
201700011667,0017-10-29 16:20:00,17,10,29,16,20,140,333,"4, PUITS (RUE DU)",49.42082,0.23187,Plein jour,En agglomération,Hors intersection,Normale,Autre collision,,,,,,,,,,,1,2,1,1.0,6.0
201700011668,0017-01-26 12:15:00,17,1,26,12,15,520,170,C4,47.68925,5.35267,Plein jour,Hors agglomération,Intersection en Y,Normale,Deux véhicules - frontale,,,,,,,,,,,1,1,4,1.0,1.0
201700011669,0017-06-19 10:35:00,17,6,19,10,35,520,509,12 bis rue de l'abbaye,47.66284,5.27997,Plein jour,En agglomération,Hors intersection,Normale,Autre collision,,,,,,,,,,,1,2,1,1.0,6.0
201700011670,0017-07-16 13:50:00,17,7,16,13,50,520,529,RD974,47.7272,5.31127,Plein jour,Hors agglomération,Hors intersection,Normale,Autre collision,,,,,,,,,,,1,1,1,1.0,6.0
201700011671,0017-08-28 19:10:00,17,8,28,19,10,520,529,D974,47.73969,5.30478,Plein jour,Hors agglomération,Intersection en X,Normale,Deux véhicules - côté,,,,,,,,,,,1,1,2,1.0,3.0
201700011672,0017-09-17 00:25:00,17,9,17,0,25,520,113,CD 67,47.72839,5.36746,Nuit sans éclairage public,Hors agglomération,Hors intersection,Normale,Sans collision,,,,,,,,,,,3,1,1,1.0,7.0
201700011673,0017-10-03 09:20:00,17,10,3,9,20,520,27,CD 141d - PK 29+100,47.76768,5.18804,Plein jour,Hors agglomération,Hors intersection,Pluie légère,Deux véhicules - frontale,,,,,,,,,,,1,1,1,2.0,1.0
201700011674,0017-03-12 06:40:00,17,3,12,6,40,520,440,"Route Nationale 67, PK 4",48.36283,5.14433,Crépuscule ou aube,Hors agglomération,Hors intersection,Normale,Sans collision,,,,,,,,,,,2,1,1,1.0,7.0
201700011675,0017-03-25 03:10:00,17,3,25,3,10,520,230,Parking RN 67 - PK 44.60,48.33069,5.13302,Nuit sans éclairage public,Hors agglomération,Autre intersection,Normale,Autre collision,,,,,,,,,,,3,1,9,1.0,6.0
201700011676,0017-05-02 12:20:00,17,5,2,12,20,520,429,"carrefour RN67/D176, PK",48.60538,5.02649,Plein jour,Hors agglomération,Intersection en X,Normale,Deux véhicules - frontale,,,,,,,,,,,1,1,2,1.0,1.0
201700011677,0017-05-29 18:40:00,17,5,29,18,40,520,203,D152,48.55811,5.13702,Plein jour,Hors agglomération,Hors intersection,Normale,Deux véhicules - frontale,,,,,,,,,,,1,1,1,1.0,1.0
201700011678,0017-05-31 17:00:00,17,5,31,17,0,520,346,Route Nationale 67,48.37627,5.15665,Plein jour,Hors agglomération,Intersection en T,Normale,Trois véhicules et plus - en chaîne,,,,,,,,,,,1,1,3,1.0,4.0
201700011679,0017-09-23 18:45:00,17,9,23,18,45,520,212,"pk 36,2 RN67",48.39572,5.15223,Plein jour,Hors agglomération,Hors intersection,Normale,Deux véhicules - côté,,,,,,,,,,,1,1,1,1.0,3.0
201700011680,0017-10-01 04:30:00,17,10,1,4,30,520,177,RD 67 A,48.32838,5.19274,Nuit sans éclairage public,Hors agglomération,Hors intersection,Brouillard / fumée,Sans collision,,,,,,,,,,,3,1,1,5.0,7.0
201700011681,0017-10-08 16:30:00,17,10,8,16,30,520,231,rd 4 - pk 21+300,48.45141,5.04872,Plein jour,Hors agglomération,Hors intersection,Temps couvert,Sans collision,,,,,,,,,,,1,1,1,8.0,7.0
201700011682,0017-10-26 18:00:00,17,10,26,18,0,520,194,RD 335,48.56899,5.04345,Plein jour,Hors agglomération,Hors intersection,Normale,Autre collision,,,,,,,,,,,1,1,1,1.0,6.0
201700011683,0017-12-15 16:00:00,17,12,15,16,0,520,414,RN 67,48.52523,5.0896,Crépuscule ou aube,Hors agglomération,Autre intersection,Pluie forte,Autre collision,,,,,,,,,,,2,1,9,3.0,6.0
201700011684,0017-07-06 21:45:00,17,7,6,21,45,520,543,d4 - pk 09,48.49231,4.88152,Crépuscule ou aube,Hors agglomération,Hors intersection,Normale,Sans collision,,,,,,,,,,,2,1,1,1.0,7.0
201700011685,0017-08-17 17:45:00,17,8,17,17,45,520,550,Rue du maréchal de Lattr,48.49679,4.93719,Plein jour,En agglomération,Autre intersection,Normale,Deux véhicules - côté,,,,,,,,,,,1,2,9,1.0,3.0
201700011686,0017-09-01 15:25:00,17,9,1,15,25,520,300,Grande rue,48.51277,5.00842,Plein jour,En agglomération,Intersection en T,Normale,Deux véhicules - frontale,,,,,,,,,,,1,2,3,1.0,1.0
201700011687,0017-09-20 10:50:00,17,9,20,10,50,520,550,1 rue Mauljean,48.4973,4.94942,Plein jour,En agglomération,Hors intersection,Normale,Autre collision,,,,,,,,,,,1,2,1,1.0,6.0
201700011688,0017-10-05 19:00:00,17,10,5,19,0,520,543,D4,48.49313,4.86788,Nuit sans éclairage public,Hors agglomération,Intersection en X,Pluie forte,Deux véhicules - côté,,,,,,,,,,,3,1,2,3.0,3.0
201700011689,0017-10-26 23:10:00,17,10,26,23,10,520,543,D4 - lieu,48.4925,4.88105,Nuit sans éclairage public,Hors agglomération,Hors intersection,Brouillard / fumée,Autre collision,,,,,,,,,,,3,1,1,5.0,6.0
201700011690,0017-11-17 07:45:00,17,11,17,7,45,520,550,rue des martyrs de la ré,48.49779,4.95042,Crépuscule ou aube,En agglomération,Intersection en X,Temps couvert,Deux véhicules - frontale,,,,,,,,,,,2,2,2,8.0,1.0
201700011691,0017-12-20 15:20:00,17,12,20,15,20,520,39,départementale 13,48.39248,4.96965,Plein jour,Hors agglomération,Hors intersection,Temps couvert,Deux véhicules - arrière,,,,,,,,,,,1,1,1,8.0,2.0
201700011692,0017-01-20 10:40:00,17,1,20,10,40,480,111,Les Salses,44.53973,3.60866,Plein jour,Hors agglomération,Hors intersection,Normale,Deux véhicules - côté,,,,,,,,,,,1,1,1,1.0,3.0
201700011693,0017-06-29 14:19:00,17,6,29,14,19,480,16,RN 88 PK 59.250,44.4759,3.441,Plein jour,Hors agglomération,Hors intersection,Pluie légère,Sans collision,,,,,,,,,,,1,1,1,2.0,7.0
201700011694,0017-07-03 17:00:00,17,7,3,17,0,480,57,D59 PK4+500,44.67445,3.49399,Plein jour,Hors agglomération,Hors intersection,Normale,Sans collision,,,,,,,,,,,1,1,1,1.0,7.0
201700011695,0017-07-10 15:45:00,17,7,10,15,45,480,53,RD 901 PK 25+980,44.48839,3.80066,Plein jour,Hors agglomération,Hors intersection,Normale,Deux véhicules - frontale,,,,,,,,,,,1,1,1,1.0,1.0
201700011696,0017-09-26 14:30:00,17,9,26,14,30,480,16,CD986,44.47839,3.44748,Plein jour,Hors agglomération,Hors intersection,Normale,Sans collision,,,,,,,,,,,1,1,1,1.0,7.0
201700011697,0017-10-11 07:30:00,17,10,11,7,30,480,42,RD 806 Lieu-dit << Baraq,44.57085,3.49246,Crépuscule ou aube,Hors agglomération,Hors intersection,Normale,Autre collision,,,,,,,,,,,2,1,1,1.0,6.0
201700011698,0017-11-28 16:50:00,17,11,28,16,50,480,16,N106,44.47898,3.46274,Crépuscule ou aube,Hors agglomération,Hors intersection,Pluie légère,Sans collision,,,,,,,,,,,2,1,1,2.0,7.0
201700011699,0017-05-18 17:00:00,17,5,18,17,0,480,43,place DU GUESCLIN,44.64079,3.67524,Plein jour,En agglomération,Place,Normale,Autre collision,,,,,,,,,,,1,2,7,1.0,6.0
201700011700,0017-05-26 18:30:00,17,5,26,18,30,480,139,Chemin communal - Ligeac,44.80385,3.74963,Plein jour,Hors agglomération,Hors intersection,Normale,Sans collision,,,,,,,,,,,1,1,1,1.0,7.0
201700011701,0017-05-27 11:30:00,17,5,27,11,30,480,70,route de Laval Atger,44.80318,3.66121,Plein jour,Hors agglomération,Hors intersection,Normale,Deux véhicules - frontale,,,,,,,,,,,1,1,1,1.0,1.0
201700011702,0017-06-10 16:50:00,17,6,10,16,50,480,184,Lieu-dit DONALDES,44.84781,3.60091,Plein jour,Hors agglomération,Hors intersection,Normale,Sans collision,,,,,,,,,,,1,1,1,1.0,7.0
201700011703,0017-07-29 08:30:00,17,7,29,8,30,480,80,avenue Jules Conturie,44.72603,3.85499,Plein jour,En agglomération,Hors intersection,Normale,Autre collision,,,,,,,,,,,1,2,1,1.0,6.0
201700011704,0017-08-15 08:55:00,17,8,15,8,55,480,80,1 avenue Foch,44.72703,3.85621,Plein jour,En agglomération,Hors intersection,Normale,Autre collision,,,,,,,,,,,1,2,1,1.0,6.0
201700011705,0017-05-26 11:45:00,17,5,26,11,45,480,115,RD9 - PK7+800,44.19345,3.68597,Plein jour,Hors agglomération,Hors intersection,Normale,Autre collision,,,,,,,,,,,1,1,1,1.0,6.0
201700011706,0017-07-14 17:15:00,17,7,14,17,15,480,75,RN 106,44.39139,3.56311,Plein jour,Hors agglomération,Hors intersection,Normale,Sans collision,,,,,,,,,,,1,1,1,1.0,7.0
201700011707,0017-08-04 15:30:00,17,8,4,15,30,480,75,route départementale 31,44.38845,3.52221,Plein jour,Hors agglomération,Hors intersection,Normale,Deux véhicules - frontale,,,,,,,,,,,1,1,1,1.0,1.0
201700011708,0017-08-22 13:30:00,17,8,22,13,30,480,61,N106,44.34348,3.58273,Plein jour,Hors agglomération,Hors intersection,Normale,Deux véhicules - côté,,,,,,,,,,,1,1,1,1.0,3.0
201700011709,0017-09-20 16:20:00,17,9,20,16,20,480,75,route départementale 907,44.36242,3.56249,Plein jour,Hors agglomération,Hors intersection,Normale,Sans collision,,,,,,,,,,,1,1,1,1.0,7.0