accident_id,datetime,annee,mois,jour,heure,minute,departement,commune_insee,adresse,latitude,longitude,luminosite,agglomeration,intersection,meteo,collision,nb_vehicules,nb_usagers,nb_indemnes,nb_tues,nb_blesses_hosp,nb_blesses_legers,age_cond_1,age_cond_2,veh_type_cond_1,veh_type_cond_2,lum_code,agg_code,int_code,atm_code,col_code
201700011710,0017-10-14 09:00:00,17,10,14,9,0,480,28,Route de Malbosc,44.35913,3.60906,Plein jour,Hors agglomération,Hors intersection,Normale,Deux véhicules - frontale,,,,,,,,,,,1,1,1,1.0,1.0
201700011711,0017-10-14 13:20:00,17,10,14,13,20,480,75,RN106 - PK54+920,44.38682,3.55914,Plein jour,Hors agglomération,Hors intersection,Normale,Autre collision,,,,,,,,,,,1,1,1,1.0,6.0
201700011712,0017-10-28 09:43:00,17,10,28,9,43,480,186,lieu dit pierrefort,44.31712,3.68804,Plein jour,Hors agglomération,Hors intersection,Normale,Autre collision,,,,,,,,,,,1,1,1,1.0,6.0
201700011713,0017-11-19 14:45:00,17,11,19,14,45,480,22,D998 PK 28+100,44.35418,3.6322,Plein jour,Hors agglomération,Hors intersection,Temps éblouissant,Deux véhicules - côté,,,,,,,,,,,1,1,1,7.0,3.0
201700011714,0017-04-28 18:15:00,17,4,28,18,15,480,136,RN 106 sens FLORAC LE CO,44.29438,3.77712,Plein jour,Hors agglomération,Hors intersection,Normale,Sans collision,,,,,,,,,,,1,1,1,1.0,7.0
201700011715,0017-05-07 15:50:00,17,5,7,15,50,480,69,"CD 18, cabrillac",44.16715,3.54712,Plein jour,Hors agglomération,Hors intersection,Normale,Sans collision,,,,,,,,,,,1,1,1,1.0,7.0
201700011716,0017-07-23 19:55:00,17,7,23,19,55,480,96,PK 44+575 - RD 986,44.19293,3.41106,Crépuscule ou aube,Hors agglomération,Hors intersection,Normale,Sans collision,,,,,,,,,,,2,1,1,1.0,7.0
201700011717,0017-08-12 05:20:00,17,8,12,5,20,480,74,LA PARADE,44.24435,3.3407,Nuit sans éclairage public,En agglomération,Hors intersection,Normale,Sans collision,,,,,,,,,,,3,2,1,1.0,7.0
201700011718,0017-08-12 19:15:00,17,8,12,19,15,480,94,D 32 - PK 26.961 KM,44.29546,3.16211,Plein jour,Hors agglomération,Hors intersection,Normale,Autre collision,,,,,,,,,,,1,1,1,1.0,6.0
201700011719,0017-10-07 05:45:00,17,10,7,5,45,480,96,Pont de la  Brèze - D57,44.17924,3.43166,Nuit avec éclairage allumé,En agglomération,Intersection en Y,Normale,Autre collision,,,,,,,,,,,5,2,4,1.0,6.0
201700011720,0017-05-29 12:30:00,17,5,29,12,30,480,168,Lieu dit Pomeyrols,44.60618,3.27271,Plein jour,Hors agglomération,Hors intersection,Normale,Autre collision,,,,,,,,,,,1,1,1,1.0,6.0
201700011721,0017-06-28 18:20:00,17,6,28,18,20,480,92,lieu dit le GRENIER,44.56639,3.29793,Plein jour,Hors agglomération,Hors intersection,Pluie forte,Deux véhicules - frontale,,,,,,,,,,,1,1,1,3.0,1.0
201700011722,0017-08-22 07:10:00,17,8,22,7,10,480,49,RD 809,44.53421,3.27264,Crépuscule ou aube,Hors agglomération,Hors intersection,Normale,Autre collision,,,,,,,,,,,2,1,1,1.0,6.0
201700011723,0017-09-03 20:00:00,17,9,3,20,0,480,39,le villard,44.48163,3.30746,Plein jour,Hors agglomération,Hors intersection,Normale,Autre collision,,,,,,,,,,,1,1,1,1.0,6.0
201700011724,0017-11-16 13:45:00,17,11,16,13,45,480,92,place du gévaudan,44.55763,3.28811,Plein jour,En agglomération,Giratoire,Temps éblouissant,Autre collision,,,,,,,,,,,1,2,6,7.0,6.0
201700011725,0017-12-07 21:17:00,17,12,7,21,17,480,17,Lieu-dit le ségala,44.4423,3.18487,Nuit sans éclairage public,Hors agglomération,Hors intersection,Pluie légère,Sans collision,,,,,,,,,,,3,1,1,2.0,7.0
201700011726,0017-12-21 17:45:00,17,12,21,17,45,480,92,"parking, place des Corde",44.55132,3.29271,Nuit sans éclairage public,En agglomération,Hors intersection,Normale,Autre collision,,,,,,,,,,,3,2,1,1.0,6.0
201700011727,0017-12-28 17:00:00,17,12,28,17,0,480,92,RD 809,44.54259,3.28505,Plein jour,En agglomération,Hors intersection,Temps couvert,Autre collision,,,,,,,,,,,1,2,1,8.0,6.0
201700011728,0017-04-09 12:00:00,17,4,9,12,0,480,91,D900,44.6457,3.10686,Plein jour,Hors agglomération,Hors intersection,Normale,Sans collision,,,,,,,,,,,1,1,1,1.0,7.0
201700011729,0017-07-19 14:25:00,17,7,19,14,25,480,104,D987,44.66319,3.05164,Plein jour,Hors agglomération,Hors intersection,Normale,Sans collision,,,,,,,,,,,1,1,1,1.0,7.0
201700011730,0017-08-11 15:30:00,17,8,11,15,30,480,190,Le Bourg,44.82171,3.18891,Plein jour,En agglomération,Hors intersection,Temps couvert,Autre collision,,,,,,,,,,,1,2,1,8.0,6.0
201700011731,0017-05-24 13:50:00,17,5,24,13,50,480,60,D 10 - PK 9+670 sens cro,44.73901,3.20993,Plein jour,Hors agglomération,Hors intersection,Normale,Sans collision,,,,,,,,,,,1,1,1,1.0,7.0
201700011732,0017-06-02 07:20:00,17,6,2,7,20,480,183,D3 - La Randèche,44.6516,3.27463,Plein jour,Hors agglomération,Hors intersection,Normale,Autre collision,,,,,,,,,,,1,1,1,1.0,6.0
201700011733,0017-08-14 11:20:00,17,8,14,11,20,480,63,Pont de Basile (centrale,44.77663,3.34792,Plein jour,Hors agglomération,Hors intersection,Normale,Autre collision,,,,,,,,,,,1,1,1,1.0,6.0
201700011734,0017-08-22 18:10:00,17,8,22,18,10,480,128,"Lieu-dit ""CHASSIGNOLES""",44.79193,3.30071,Plein jour,Hors agglomération,Hors intersection,Normale,Deux véhicules - frontale,,,,,,,,,,,1,1,1,1.0,1.0
201700011735,0017-12-30 15:25:00,17,12,30,15,25,300,122,D 907 ancienne route d'A,43.88874,4.24372,Plein jour,Hors agglomération,Hors intersection,Normale,Trois véhicules et plus - collisions multiples,,,,,,,,,,,1,1,1,1.0,5.0
201700011736,0017-01-03 06:05:00,17,1,3,6,5,300,88,D999 - PK 44+800,43.85915,4.12199,Nuit sans éclairage public,Hors agglomération,Hors intersection,Normale,Trois véhicules et plus - collisions multiples,,,,,,,,,,,3,1,1,1.0,5.0
201700011737,0017-01-08 17:00:00,17,1,8,17,0,300,61,intersection RD936 et RD,43.95148,4.24737,Plein jour,Hors agglomération,Intersection en T,Normale,Deux véhicules - côté,,,,,,,,,,,1,1,3,1.0,3.0
201700011738,0017-01-12 18:15:00,17,1,12,18,15,300,102,RD 22,43.9319,4.28388,Nuit sans éclairage public,Hors agglomération,Intersection en Y,Normale,Deux véhicules - côté,,,,,,,,,,,3,1,4,1.0,3.0
201700011739,0017-03-12 17:00:00,17,3,12,17,0,300,122,RD22,43.91145,4.22826,Plein jour,Hors agglomération,Hors intersection,Normale,Deux véhicules - côté,,,,,,,,,,,1,1,1,1.0,3.0
201700011740,0017-06-08 11:40:00,17,6,8,11,40,300,184,route du pont de fer,43.98167,4.23442,Plein jour,En agglomération,Hors intersection,Normale,Deux véhicules - frontale,,,,,,,,,,,1,2,1,1.0,1.0
201700011741,0017-06-09 20:21:00,17,6,9,20,21,300,184,chemin des cigales,43.98396,4.22702,Crépuscule ou aube,En agglomération,Intersection en T,Normale,Deux véhicules - frontale,,,,,,,,,,,2,2,3,1.0,1.0
201700011742,0017-06-20 17:00:00,17,6,20,17,0,300,112,218 Avenue de la gare,43.90784,4.2049,Plein jour,En agglomération,Hors intersection,Normale,Autre collision,,,,,,,,,,,1,2,1,1.0,6.0
201700011743,0017-06-23 17:25:00,17,6,23,17,25,300,88,D999 - PK 44+655,43.85938,4.12373,Plein jour,Hors agglomération,Hors intersection,Normale,Autre collision,,,,,,,,,,,1,1,1,1.0,6.0
201700011744,0017-06-25 15:18:00,17,6,25,15,18,300,228,d 979,43.93457,4.38503,Plein jour,Hors agglomération,Hors intersection,Normale,Autre collision,,,,,,,,,,,1,1,1,1.0,6.0
201700011745,0017-08-10 14:50:00,17,8,10,14,50,300,228,RD979,43.93087,4.38789,Plein jour,Hors agglomération,Hors intersection,Normale,Deux véhicules - frontale,,,,,,,,,,,1,1,1,1.0,1.0
201700011746,0017-08-15 12:00:00,17,8,15,12,0,300,349,RD6110 - PR 11+040,43.85948,4.09757,Plein jour,Hors agglomération,Hors intersection,Normale,Deux véhicules - frontale,,,,,,,,,,,1,1,1,1.0,1.0
201700011747,0017-10-13 17:40:00,17,10,13,17,40,300,241,Grand  Rue,43.96924,4.27959,Plein jour,En agglomération,Intersection en T,Normale,Deux véhicules - côté,,,,,,,,,,,1,2,3,1.0,3.0
201700011748,0017-10-19 07:30:00,17,10,19,7,30,300,281,D.22,43.8822,4.19104,Crépuscule ou aube,Hors agglomération,Hors intersection,Pluie légère,Trois véhicules et plus - collisions multiples,,,,,,,,,,,2,1,1,2.0,5.0
201700011749,0017-05-04 02:30:00,17,5,4,2,30,300,330,83 route de NIMES,44.0383,4.00017,Nuit sans éclairage public,En agglomération,Hors intersection,Normale,Autre collision,,,,,,,,,,,3,2,1,1.0,6.0
201700011750,0017-06-26 18:45:00,17,6,26,18,45,300,269,avenu de la resistance,44.10243,3.88316,Crépuscule ou aube,En agglomération,Intersection en T,Pluie légère,Deux véhicules - frontale,,,,,,,,,,,2,2,3,2.0,1.0
201700011751,0017-06-30 08:00:00,17,6,30,8,0,300,42,1027 route de ribaute,44.04839,4.03204,Plein jour,Hors agglomération,Hors intersection,Normale,Autre collision,,,,,,,,,,,1,1,1,1.0,6.0
201700011752,0017-07-15 17:11:00,17,7,15,17,11,300,168,lieu dit les plans,44.12547,3.91774,Plein jour,Hors agglomération,Intersection en T,Normale,Deux véhicules - côté,,,,,,,,,,,1,1,3,1.0,3.0
201700011753,0017-07-31 09:15:00,17,7,31,9,15,300,10,11 rue pélico,44.0518,3.98778,Plein jour,En agglomération,Hors intersection,Normale,Autre collision,,,,,,,,,,,1,2,1,1.0,6.0
201700011754,0017-09-11 15:25:00,17,9,11,15,25,300,10,D907,44.0601,3.98208,Plein jour,Hors agglomération,Hors intersection,Normale,Deux véhicules - frontale,,,,,,,,,,,1,1,1,1.0,1.0
201700011755,0017-10-15 16:45:00,17,10,15,16,45,300,10,d907,44.05915,3.97792,Plein jour,En agglomération,Hors intersection,Temps éblouissant,Deux véhicules - frontale,,,,,,,,,,,1,2,1,7.0,1.0
201700011756,0017-12-15 09:45:00,17,12,15,9,45,300,10,D 907,44.05971,3.98421,Plein jour,En agglomération,Hors intersection,Normale,Deux véhicules - côté,,,,,,,,,,,1,2,1,1.0,3.0
201700011757,0017-03-18 20:00:00,17,3,18,20,0,300,294,130 route de saint priva,44.13927,4.12631,Nuit avec éclairage allumé,En agglomération,Hors intersection,Normale,Autre collision,,,,,,,,,,,5,2,1,1.0,6.0
201700011758,0017-04-11 16:15:00,17,4,11,16,15,300,223,voie communale du mas ch,44.18956,4.18811,Plein jour,Hors agglomération,Hors intersection,Normale,Sans collision,,,,,,,,,,,1,1,1,1.0,7.0
201700011759,0017-05-29 10:55:00,17,5,29,10,55,300,284,Route de villefort,44.16579,4.08387,Plein jour,En agglomération,Hors intersection,Normale,Trois véhicules et plus - en chaîne,,,,,,,,,,,1,2,1,1.0,4.0
201700011760,0017-06-08 10:00:00,17,6,8,10,0,300,270,Départementale 50,,,Plein jour,Hors agglomération,Hors intersection,Normale,Sans collision,,,,,,,,,,,1,1,1,1.0,7.0
201700011761,0017-06-23 19:30:00,17,6,23,19,30,300,77,route départementale 160,44.1545,4.03367,Plein jour,Hors agglomération,Hors intersection,Normale,Deux véhicules - frontale,,,,,,,,,,,1,1,1,1.0,1.0
201700011762,0017-09-11 16:00:00,17,9,11,16,0,300,294,RD6,44.13048,4.12218,Plein jour,En agglomération,Giratoire,Normale,Autre collision,,,,,,,,,,,1,2,6,1.0,6.0
201700011763,0017-11-22 01:22:00,17,11,22,1,22,300,284,655 avenue marcel paul,44.15342,4.08502,Nuit sans éclairage public,En agglomération,Giratoire,Normale,Autre collision,,,,,,,,,,,3,2,6,1.0,6.0
201700011764,0017-12-12 23:00:00,17,12,12,23,0,300,284,218 route de Drulhes,44.16629,4.077,Nuit avec éclairage allumé,En agglomération,Hors intersection,Normale,Autre collision,,,,,,,,,,,5,2,1,1.0,6.0
201700011765,0017-12-13 17:35:00,17,12,13,17,35,300,294,route départementale n°0,44.12957,4.13116,Crépuscule ou aube,En agglomération,Hors intersection,Normale,Trois véhicules et plus - collisions multiples,,,,,,,,,,,2,2,1,1.0,5.0
201700011766,0017-01-19 11:45:00,17,1,19,11,45,300,152,rue parenove,44.22822,4.16418,Plein jour,En agglomération,Intersection en T,Normale,Deux véhicules - côté,,,,,,,,,,,1,2,3,1.0,3.0
201700011767,0017-02-10 22:45:00,17,2,10,22,45,300,8,D 37 - PR 14+450,44.21633,4.24382,Nuit sans éclairage public,Hors agglomération,Autre intersection,Pluie légère,Sans collision,,,,,,,,,,,3,1,9,2.0,7.0
201700011768,0017-04-11 12:05:00,17,4,11,12,5,300,29,Route départementale 979,44.30976,4.34607,Plein jour,Hors agglomération,Hors intersection,Normale,Deux véhicules - côté,,,,,,,,,,,1,1,1,1.0,3.0
201700011769,0017-04-15 14:30:00,17,4,15,14,30,300,152,Départementale 59,44.22695,4.15957,Plein jour,Hors agglomération,Hors intersection,Normale,Deux véhicules - frontale,,,,,,,,,,,1,1,1,1.0,1.0
201700011770,0017-04-16 20:45:00,17,4,16,20,45,300,45,RD 51,44.31074,4.07529,Crépuscule ou aube,Hors agglomération,Hors intersection,Normale,Deux véhicules - frontale,,,,,,,,,,,2,1,1,1.0,1.0
201700011771,0017-05-19 15:25:00,17,5,19,15,25,300,29,RD 901,44.30464,4.32804,Plein jour,Hors agglomération,Hors intersection,Normale,Autre collision,,,,,,,,,,,1,1,1,1.0,6.0
201700011772,0017-07-13 14:45:00,17,7,13,14,45,300,268,RD59,44.23035,4.14816,Plein jour,Hors agglomération,Hors intersection,Normale,Deux véhicules - frontale,,,,,,,,,,,1,1,1,1.0,1.0
201700011773,0017-08-31 11:00:00,17,8,31,11,0,300,37,RUE DEPARCIEUX,44.29495,4.09028,Plein jour,En agglomération,Hors intersection,Normale,Deux véhicules - frontale,,,,,,,,,,,1,2,1,1.0,1.0
201700011774,0017-08-31 19:00:00,17,8,31,19,0,300,152,D59,44.22695,4.15963,Plein jour,Hors agglomération,Hors intersection,Temps couvert,Deux véhicules - frontale,,,,,,,,,,,1,1,1,8.0,1.0
201700011775,0017-10-08 00:20:00,17,10,8,0,20,300,167,RD  51,44.27459,4.15184,Nuit sans éclairage public,Hors agglomération,Intersection en Y,Normale,Deux véhicules - côté,,,,,,,,,,,3,1,4,1.0,3.0
201700011776,0017-10-22 13:45:00,17,10,22,13,45,300,152,D 132,44.22134,4.1741,Plein jour,Hors agglomération,Hors intersection,Normale,Autre collision,,,,,,,,,,,1,1,1,1.0,6.0
201700011777,0017-11-06 16:30:00,17,11,6,16,30,300,167,D51,44.27125,4.18362,Plein jour,Hors agglomération,Hors intersection,Temps éblouissant,Deux véhicules - frontale,,,,,,,,,,,1,1,1,7.0,1.0
201700011778,0017-12-14 23:45:00,17,12,14,23,45,300,237,plauzolles,44.27249,4.18907,Nuit sans éclairage public,Hors agglomération,Hors intersection,Normale,Sans collision,,,,,,,,,,,3,1,1,1.0,7.0
201700011779,0017-04-15 22:20:00,17,4,15,22,20,300,53,CD 7,43.99615,4.22061,Nuit sans éclairage public,Hors agglomération,Hors intersection,Normale,Autre collision,,,,,,,,,,,3,1,1,1.0,6.0
201700011780,0017-04-20 13:15:00,17,4,20,13,15,300,259,Carrefour RD 936 et Chem,44.07704,4.11582,Plein jour,Hors agglomération,Intersection en X,Normale,Deux véhicules - côté,,,,,,,,,,,1,1,2,1.0,3.0
201700011781,0017-06-15 11:35:00,17,6,15,11,35,300,2,"RD 907, PK 20+200",43.95904,4.13223,Plein jour,Hors agglomération,Hors intersection,Normale,Autre collision,,,,,,,,,,,1,1,1,1.0,6.0
201700011782,0017-06-27 10:25:00,17,6,27,10,25,300,146,départementale   6110,,,Plein jour,Hors agglomération,Intersection en T,Normale,Deux véhicules - arrière,,,,,,,,,,,1,1,3,1.0,2.0
201700011783,0017-07-22 19:45:00,17,7,22,19,45,300,68,RD982,44.02268,4.09579,Plein jour,Hors agglomération,Hors intersection,Normale,Autre collision,,,,,,,,,,,1,1,1,1.0,6.0
201700011784,0017-08-13 09:30:00,17,8,13,9,30,300,109,Route du docteur Perrier,44.0711,4.23027,Plein jour,Hors agglomération,Hors intersection,Normale,Sans collision,,,,,,,,,,,1,1,1,1.0,7.0
201700011785,0017-09-03 19:00:00,17,9,3,19,0,300,46,route nationale 106,44.01182,4.16558,Plein jour,Hors agglomération,Hors intersection,Normale,Sans collision,,,,,,,,,,,1,1,1,1.0,7.0
201700011786,0017-09-13 18:25:00,17,9,13,18,25,300,160,ROUTE DE NERS - RD 982,44.00569,4.1318,Crépuscule ou aube,En agglomération,Intersection en X,Temps éblouissant,Deux véhicules - côté,,,,,,,,,,,2,2,2,7.0,3.0
201700011787,0017-09-30 06:45:00,17,9,30,6,45,300,188,RD 18 - LIMITE DE COMUNE,44.01964,4.17866,Crépuscule ou aube,Hors agglomération,Hors intersection,Normale,Autre collision,,,,,,,,,,,2,1,1,1.0,6.0
201700011788,0017-11-10 21:10:00,17,11,10,21,10,300,259,RD 936,44.07525,4.11746,Nuit sans éclairage public,Hors agglomération,Hors intersection,Normale,Deux véhicules - côté,,,,,,,,,,,3,1,1,1.0,3.0
201700011789,0017-11-16 18:20:00,17,11,16,18,20,300,46,RN106,43.99674,4.18785,Nuit sans éclairage public,Hors agglomération,Hors intersection,Normale,Autre collision,,,,,,,,,,,3,1,1,1.0,6.0
201700011790,0017-12-12 22:00:00,17,12,12,22,0,300,147,RD 982 - PR 19 + 575,44.01997,4.05001,Nuit sans éclairage public,Hors agglomération,Hors intersection,Autre,Autre collision,,,,,,,,,,,3,1,1,9.0,6.0
201700011791,0017-01-10 10:13:00,17,1,10,10,13,300,336,RD2 - PK 1+450,43.85334,4.61736,Plein jour,Hors agglomération,Hors intersection,Pluie légère,Trois véhicules et plus - collisions multiples,,,,,,,,,,,1,1,1,2.0,5.0
201700011792,0017-02-18 09:50:00,17,2,18,9,50,300,73,rd 19,43.95177,4.55591,Plein jour,Hors agglomération,Hors intersection,Normale,Autre collision,,,,,,,,,,,1,1,1,1.0,6.0
201700011793,0017-03-17 20:05:00,17,3,17,20,5,300,116,N100,43.94956,4.63445,Nuit sans éclairage public,Hors agglomération,Hors intersection,Normale,Deux véhicules - frontale,,,,,,,,,,,3,1,1,1.0,1.0
201700011794,0017-03-26 07:00:00,17,3,26,7,0,300,73,rd 6086 pk 37.2,43.97528,4.57673,Crépuscule ou aube,Hors agglomération,Hors intersection,Normale,Autre collision,,,,,,,,,,,2,1,1,1.0,6.0
201700011795,0017-07-17 07:30:00,17,7,17,7,30,300,73,RD6086,43.96996,4.57446,Crépuscule ou aube,Hors agglomération,Hors intersection,Normale,Deux véhicules - frontale,,,,,,,,,,,2,1,1,1.0,1.0
201700011796,0017-07-20 08:25:00,17,7,20,8,25,300,116,Echangeur REMOULINS-FOUR,43.93983,4.59689,Plein jour,Hors agglomération,Giratoire,Normale,Autre collision,,,,,,,,,,,1,1,6,1.0,6.0
201700011797,0017-07-30 21:30:00,17,7,30,21,30,300,179,intersection D986L / D50,43.87042,4.58422,Nuit avec éclairage allumé,Hors agglomération,Intersection en X,Normale,Deux véhicules - côté,,,,,,,,,,,5,1,2,1.0,3.0
201700011798,0017-08-01 12:00:00,17,8,1,12,0,300,212,RD6086,43.9508,4.5677,Plein jour,Hors agglomération,Hors intersection,Normale,Autre collision,,,,,,,,,,,1,1,1,1.0,6.0
201700011799,0017-07-27 16:00:00,17,7,27,16,0,300,12,RD 2,43.90417,4.70616,Plein jour,Hors agglomération,Hors intersection,Normale,Deux véhicules - côté,,,,,,,,,,,1,1,1,1.0,3.0
201700011800,0017-08-09 12:15:00,17,8,9,12,15,300,336,RD 2,43.86125,4.61853,Plein jour,Hors agglomération,Hors intersection,Normale,Deux véhicules - frontale,,,,,,,,,,,1,1,1,1.0,1.0
201700011801,0017-08-23 18:30:00,17,8,23,18,30,300,317,Départementale 205,43.90805,4.54769,Plein jour,Hors agglomération,Hors intersection,Normale,Sans collision,,,,,,,,,,,1,1,1,1.0,7.0
201700011802,0017-09-10 16:50:00,17,9,10,16,50,300,212,RD 6086,43.93448,4.55696,Plein jour,En agglomération,Intersection en T,Normale,Deux véhicules - frontale,,,,,,,,,,,1,2,3,1.0,1.0
201700011803,0017-09-25 06:45:00,17,9,25,6,45,300,103,717 route de Domazan,43.96063,4.66015,Crépuscule ou aube,Hors agglomération,Intersection en Y,Normale,Deux véhicules - côté,,,,,,,,,,,2,1,4,1.0,3.0
201700011804,0017-10-17 13:50:00,17,10,17,13,50,300,179,"651, route de Beaucaire",43.86536,4.58814,Plein jour,Hors agglomération,Hors intersection,Normale,Autre collision,,,,,,,,,,,1,1,1,1.0,6.0
201700011805,0017-11-06 07:15:00,17,11,6,7,15,300,73,RD6086,43.98278,4.57555,Crépuscule ou aube,Hors agglomération,Hors intersection,Normale,Deux véhicules - frontale,,,,,,,,,,,2,1,1,1.0,1.0
201700011806,0017-12-06 18:45:00,17,12,6,18,45,300,107,RN 100,43.94574,4.62635,Nuit sans éclairage public,Hors agglomération,Hors intersection,Normale,Deux véhicules - arrière,,,,,,,,,,,3,1,1,1.0,2.0
201700011807,0017-12-16 19:30:00,17,12,16,19,30,300,212,D6100,43.93932,4.57919,Nuit sans éclairage public,Hors agglomération,Intersection en T,Normale,Deux véhicules - arrière,,,,,,,,,,,3,1,3,1.0,2.0
201700011808,0017-02-03 20:30:00,17,2,3,20,30,300,229,D999 - LE REY,43.99897,3.66801,Nuit avec éclairage allumé,En agglomération,Hors intersection,Pluie légère,Autre collision,,,,,,,,,,,5,2,1,2.0,6.0
201700011809,0017-03-26 15:30:00,17,3,26,15,30,300,229,CD 986,44.04452,3.68038,Plein jour,Hors agglomération,Hors intersection,Normale,Deux véhicules - frontale,,,,,,,,,,,1,1,1,1.0,1.0
201700011810,0017-04-14 10:30:00,17,4,14,10,30,300,350,rue de la calade,43.99172,3.60704,Plein jour,En agglomération,Intersection en X,Normale,Autre collision,,,,,,,,,,,1,2,2,1.0,6.0
201700011811,0017-05-24 19:24:00,17,5,24,19,24,300,339,RD 986,44.08689,3.60422,Plein jour,Hors agglomération,Hors intersection,Normale,Sans collision,,,,,,,,,,,1,1,1,1.0,7.0
201700011812,0017-05-26 11:40:00,17,5,26,11,40,300,219,CD 158,43.88427,3.542,Plein jour,Hors agglomération,Hors intersection,Normale,Deux véhicules - côté,,,,,,,,,,,1,1,1,1.0,3.0
201700011813,0017-08-01 11:15:00,17,8,1,11,15,300,350,route neuve,43.99024,3.60038,Plein jour,En agglomération,Hors intersection,Normale,Deux véhicules - frontale,,,,,,,,,,,1,2,1,1.0,1.0
201700011814,0017-09-10 16:40:00,17,9,10,16,40,300,9,D999,43.96906,3.44809,Nuit sans éclairage public,Hors agglomération,Autre intersection,Normale,Autre collision,,,,,,,,,,,3,1,9,1.0,6.0
201700011815,0017-09-30 20:05:00,17,9,30,20,5,300,229,lieu dit le Prats,44.00405,3.67498,Nuit sans éclairage public,Hors agglomération,Hors intersection,Normale,Autre collision,,,,,,,,,,,3,1,1,1.0,6.0
201700011816,0017-10-15 15:00:00,17,10,15,15,0,300,339,D 986,44.09229,3.56619,Plein jour,Hors agglomération,Hors intersection,Normale,Sans collision,,,,,,,,,,,1,1,1,1.0,7.0
201700011817,0017-12-22 15:30:00,17,12,22,15,30,300,272,départementale 999,43.97125,3.69023,Plein jour,Hors agglomération,Hors intersection,Temps couvert,Trois véhicules et plus - en chaîne,,,,,,,,,,,1,1,1,8.0,4.0
201700011818,0017-06-11 18:30:00,17,6,11,18,30,300,172,Route de Lasalle - Route,43.99533,3.85131,Plein jour,Hors agglomération,Hors intersection,Normale,Autre collision,,,,,,,,,,,1,1,1,1.0,6.0
201700011819,0017-01-15 12:10:00,17,1,15,12,10,300,208,D27,43.93449,4.05924,Plein jour,Hors agglomération,Hors intersection,Vent fort / tempête,Autre collision,,,,,,,,,,,1,1,1,6.0,6.0
201700011820,0017-03-18 11:05:00,17,3,18,11,5,300,311,RD 999 - 37 route de Qui,43.93663,3.96029,Plein jour,En agglomération,Hors intersection,Normale,Deux véhicules - côté,,,,,,,,,,,1,2,1,1.0,3.0
201700011821,0017-04-26 16:45:00,17,4,26,16,45,300,121,D35,43.84263,4.02817,Plein jour,Hors agglomération,Hors intersection,Pluie légère,Deux véhicules - frontale,,,,,,,,,,,1,1,1,2.0,1.0
201700011822,0017-10-02 07:55:00,17,10,2,7,55,300,121,"Lieu-dit ""Bois Noir",43.84368,4.02135,Crépuscule ou aube,Hors agglomération,Hors intersection,Temps couvert,Deux véhicules - côté,,,,,,,,,,,2,1,1,8.0,3.0
201700011823,0017-11-13 23:20:00,17,11,13,23,20,300,54,RD118 PR 3,43.85739,3.97171,Nuit sans éclairage public,Hors agglomération,Hors intersection,Normale,Autre collision,,,,,,,,,,,3,1,1,1.0,6.0
201700011824,0017-12-01 10:25:00,17,12,1,10,25,300,121,RD  35,43.85297,4.01743,Plein jour,Hors agglomération,Intersection en Y,Normale,Trois véhicules et plus - collisions multiples,,,,,,,,,,,1,1,4,1.0,5.0
201700011825,0017-01-19 15:30:00,17,1,19,15,30,300,33,RD 139,43.71533,4.27463,Plein jour,En agglomération,Hors intersection,Normale,Deux véhicules - arrière,,,,,,,,,,,1,2,1,1.0,2.0
201700011826,0017-01-30 15:40:00,17,1,30,15,40,300,4,N 113,43.70752,4.19332,Plein jour,Hors agglomération,Hors intersection,Temps couvert,Autre collision,,,,,,,,,,,1,1,1,8.0,6.0
201700011827,0017-05-26 14:10:00,17,5,26,14,10,300,6,Chemin du Rhony,43.69114,4.21396,Plein jour,Hors agglomération,Hors intersection,Normale,Deux véhicules - frontale,,,,,,,,,,,1,1,1,1.0,1.0
201700011828,0017-06-27 03:26:00,17,6,27,3,26,300,341,Avenue robert goudron,43.70464,4.2691,Nuit sans éclairage public,En agglomération,Hors intersection,Normale,Sans collision,,,,,,,,,,,3,2,1,1.0,7.0
201700011829,0017-06-30 18:55:00,17,6,30,18,55,300,59,Route Départementale 979,43.70898,4.21506,Plein jour,Hors agglomération,Hors intersection,Normale,Deux véhicules - frontale,,,,,,,,,,,1,1,1,1.0,1.0
201700011830,0017-07-08 04:15:00,17,7,8,4,15,300,4,route nationale 113,43.71226,4.19808,Nuit sans éclairage public,Hors agglomération,Hors intersection,Normale,Autre collision,,,,,,,,,,,3,1,1,1.0,6.0
201700011831,0017-09-07 11:15:00,17,9,7,11,15,300,33,place de la fontaine,43.71971,4.32355,Plein jour,En agglomération,Hors intersection,Normale,Sans collision,,,,,,,,,,,1,2,1,1.0,7.0