accident_id,datetime,annee,mois,jour,heure,minute,departement,commune_insee,adresse,latitude,longitude,luminosite,agglomeration,intersection,meteo,collision,nb_vehicules,nb_usagers,nb_indemnes,nb_tues,nb_blesses_hosp,nb_blesses_legers,age_cond_1,age_cond_2,veh_type_cond_1,veh_type_cond_2,lum_code,agg_code,int_code,atm_code,col_code
201700011832,0017-09-29 08:55:00,17,9,29,8,55,300,341,rue fernand granon,43.69086,4.27402,Plein jour,En agglomération,Intersection en X,Normale,Deux véhicules - côté,,,,,,,,,,,1,2,2,1.0,3.0
201700011833,0017-10-12 11:45:00,17,10,12,11,45,300,341,Départementale 6575,,,Plein jour,En agglomération,Giratoire,Normale,Deux véhicules - côté,,,,,,,,,,,1,2,6,1.0,3.0
201700011834,0017-11-10 01:35:00,17,11,10,1,35,300,341,RD 779 - Hameau de Galli,43.61462,4.32594,Nuit sans éclairage public,Hors agglomération,Hors intersection,Normale,Deux véhicules - frontale,,,,,,,,,,,3,1,1,1.0,1.0
201700011835,0017-12-02 19:15:00,17,12,2,19,15,300,341,RD 58 - Sylvereal -,43.54779,4.34716,Nuit sans éclairage public,Hors agglomération,Hors intersection,Vent fort / tempête,Sans collision,,,,,,,,,,,3,1,1,6.0,7.0
201700011836,0017-12-24 12:30:00,17,12,24,12,30,300,83,RN 113,43.72415,4.21405,Plein jour,Hors agglomération,Intersection en X,Normale,Deux véhicules - côté,,,,,,,,,,,1,1,2,1.0,3.0
201700011837,0017-01-26 13:35:00,17,1,26,13,35,300,62,Départementale 1,43.76621,4.20115,Plein jour,Hors agglomération,Hors intersection,Pluie forte,Deux véhicules - frontale,,,,,,,,,,,1,1,1,3.0,1.0
201700011838,0017-02-05 18:00:00,17,2,5,18,0,300,18,route d'Aspères,43.80832,4.04699,Nuit sans éclairage public,En agglomération,Intersection en T,Normale,Deux véhicules - côté,,,,,,,,,,,3,2,3,1.0,3.0
201700011839,0017-02-05 18:35:00,17,2,5,18,35,300,249,RD 40,43.80838,4.22322,Nuit sans éclairage public,Hors agglomération,Intersection en T,Normale,Deux véhicules - frontale,,,,,,,,,,,3,1,3,1.0,1.0
201700011840,0017-02-13 21:40:00,17,2,13,21,40,300,138,chemin du coin du loup,43.79869,4.24753,Nuit avec éclairage allumé,En agglomération,Hors intersection,Pluie légère,Deux véhicules - frontale,,,,,,,,,,,5,2,1,2.0,1.0
201700011841,0017-02-27 13:50:00,17,2,27,13,50,300,23,10 rue de la république,43.79034,4.12531,Plein jour,En agglomération,Hors intersection,Normale,Deux véhicules - frontale,,,,,,,,,,,1,2,1,1.0,1.0
201700011842,0017-03-07 21:30:00,17,3,7,21,30,300,62,D40,43.77949,4.19466,Nuit sans éclairage public,Hors agglomération,Hors intersection,Normale,Deux véhicules - arrière,,,,,,,,,,,3,1,1,1.0,2.0
201700011843,0017-04-06 11:30:00,17,4,6,11,30,300,321,parking place des Aires,43.78186,4.08586,Plein jour,En agglomération,Place,Normale,Autre collision,,,,,,,,,,,1,2,7,1.0,6.0
201700011844,0017-05-06 13:30:00,17,5,6,13,30,300,352,D6110,43.80172,4.08657,Plein jour,Hors agglomération,Hors intersection,Normale,Autre collision,,,,,,,,,,,1,1,1,1.0,6.0
201700011845,0017-05-19 16:00:00,17,5,19,16,0,300,352,AVENUE DU MAS DE GUIRAUD,43.79106,4.09532,Plein jour,En agglomération,Intersection en T,Normale,Trois véhicules et plus - en chaîne,,,,,,,,,,,1,2,3,1.0,4.0
201700011846,0017-05-28 09:45:00,17,5,28,9,45,300,62,RD 1,43.77472,4.19825,Plein jour,Hors agglomération,Hors intersection,Normale,Autre collision,,,,,,,,,,,1,1,1,1.0,6.0
201700011847,0017-06-17 09:45:00,17,6,17,9,45,300,91,RD 40,43.7754,4.17127,Plein jour,Hors agglomération,Hors intersection,Normale,Trois véhicules et plus - collisions multiples,,,,,,,,,,,1,1,1,1.0,5.0
201700011848,0017-06-26 13:50:00,17,6,26,13,50,300,321,D6110,43.77183,4.08486,Plein jour,Hors agglomération,Hors intersection,Normale,Deux véhicules - frontale,,,,,,,,,,,1,1,1,1.0,1.0
201700011849,0017-07-02 02:30:00,17,7,2,2,30,300,321,RD35 route de salinelles,43.79056,4.08033,Nuit sans éclairage public,Hors agglomération,Hors intersection,Normale,Autre collision,,,,,,,,,,,3,1,1,1.0,6.0
201700011850,0017-07-27 01:45:00,17,7,27,1,45,300,136,RD 12 - PR 9+600,43.75389,4.11509,Nuit sans éclairage public,Hors agglomération,Autre intersection,Normale,Autre collision,,,,,,,,,,,3,1,9,1.0,6.0
201700011851,0017-08-24 23:00:00,17,8,24,23,0,300,75,RD 40 route de Sommières,43.82228,4.26441,Nuit sans éclairage public,En agglomération,Giratoire,Normale,Autre collision,,,,,,,,,,,3,2,6,1.0,6.0
201700011852,0017-09-29 17:45:00,17,9,29,17,45,300,82,route de langlade,43.82033,4.23154,Plein jour,En agglomération,Hors intersection,Normale,Autre collision,,,,,,,,,,,1,2,1,1.0,6.0
201700011853,0017-11-04 09:30:00,17,11,4,9,30,300,75,avenue du chemin neuf,43.824,4.26321,Plein jour,En agglomération,Giratoire,Normale,Autre collision,,,,,,,,,,,1,2,6,1.0,6.0
201700011854,0017-10-28 09:50:00,17,10,28,9,50,300,306,D 35,43.79369,4.0762,Plein jour,Hors agglomération,Hors intersection,Normale,Autre collision,,,,,,,,,,,1,1,1,1.0,6.0
201700011855,0017-12-19 23:00:00,17,12,19,23,0,300,82,RD1,43.85292,4.21681,Nuit sans éclairage public,Hors agglomération,Hors intersection,Normale,Sans collision,,,,,,,,,,,3,1,1,1.0,7.0
201700011856,0017-12-27 10:30:00,17,12,27,10,30,300,91,RD40,43.7751,4.17628,Plein jour,Hors agglomération,Hors intersection,Normale,Autre collision,,,,,,,,,,,1,1,1,1.0,6.0
201700011857,0017-01-14 23:00:00,17,1,14,23,0,300,133,RD62A,43.55278,4.14303,Nuit sans éclairage public,Hors agglomération,Hors intersection,Normale,Autre collision,,,,,,,,,,,3,1,1,1.0,6.0
201700011858,0017-01-19 14:45:00,17,1,19,14,45,300,276,RD 979 - PK 80.600,43.63865,4.1931,Plein jour,Hors agglomération,Hors intersection,Normale,Trois véhicules et plus - collisions multiples,,,,,,,,,,,1,1,1,1.0,5.0
201700011859,0017-04-11 16:00:00,17,4,11,16,0,300,3,ROUTE DÉPARTEMENTALE 979,43.56064,4.18468,Plein jour,Hors agglomération,Hors intersection,Normale,Deux véhicules - frontale,,,,,,,,,,,1,1,1,1.0,1.0
201700011860,0017-04-15 06:35:00,17,4,15,6,35,300,133,d62 rond point du petit,43.56596,4.12369,Crépuscule ou aube,Hors agglomération,Giratoire,Normale,Autre collision,,,,,,,,,,,2,1,6,1.0,6.0
201700011861,0017-04-25 16:30:00,17,4,25,16,30,300,3,place de verdun,43.5702,4.19064,Plein jour,En agglomération,Intersection en T,Normale,Autre collision,,,,,,,,,,,1,2,3,1.0,6.0
201700011862,0017-07-05 09:15:00,17,7,5,9,15,300,133,RD62B rond point du pont,43.53996,4.14349,Plein jour,En agglomération,Giratoire,Temps éblouissant,Deux véhicules - côté,,,,,,,,,,,1,2,6,7.0,3.0
201700011863,0017-07-10 14:35:00,17,7,10,14,35,300,3,RD 58,,,Plein jour,Hors agglomération,Hors intersection,Normale,Autre collision,,,,,,,,,,,1,1,1,1.0,6.0
201700011864,0017-07-12 10:00:00,17,7,12,10,0,300,133,D62 - rond point du mole,43.56,4.15322,Plein jour,Hors agglomération,Giratoire,Normale,Deux véhicules - côté,,,,,,,,,,,1,1,6,1.0,3.0
201700011865,0017-07-30 13:00:00,17,7,30,13,0,300,133,D62B,43.54642,4.13959,Plein jour,Hors agglomération,Hors intersection,Vent fort / tempête,Deux véhicules - arrière,,,,,,,,,,,1,1,1,6.0,2.0
201700011866,0017-09-23 14:45:00,17,9,23,14,45,300,3,1 rue Frédéric MISTRAL,43.56839,4.19492,Plein jour,En agglomération,Autre intersection,Normale,Autre collision,,,,,,,,,,,1,2,9,1.0,6.0
201700011867,0017-10-08 00:45:00,17,10,8,0,45,300,3,RD 46,43.58893,4.21021,Nuit sans éclairage public,Hors agglomération,Hors intersection,Normale,Deux véhicules - arrière,,,,,,,,,,,3,1,1,1.0,2.0
201700011868,0017-10-10 17:00:00,17,10,10,17,0,300,3,rue roger salengro,43.56527,4.19326,Plein jour,En agglomération,Hors intersection,Normale,Deux véhicules - frontale,,,,,,,,,,,1,2,1,1.0,1.0
201700011869,0017-10-19 08:00:00,17,10,19,8,0,300,276,jonction entre chemin de,43.63763,4.19432,Crépuscule ou aube,En agglomération,Hors intersection,Temps couvert,Autre collision,,,,,,,,,,,2,2,1,8.0,6.0
201700011870,0017-02-09 08:10:00,17,2,9,8,10,370,50,RUE DES BUISSONS,47.34239,0.70748,Plein jour,En agglomération,Hors intersection,Normale,Autre collision,,,,,,,,,,,1,2,1,1.0,6.0
201700011871,0017-02-13 09:00:00,17,2,13,9,0,370,50,,47.33259,0.69769,Plein jour,Hors agglomération,Hors intersection,Normale,Autre collision,,,,,,,,,,,1,1,1,1.0,6.0
201700011872,0017-02-17 07:45:00,17,2,17,7,45,370,243,,47.34651,0.55808,Crépuscule ou aube,Hors agglomération,Hors intersection,Brouillard / fumée,Deux véhicules - frontale,,,,,,,,,,,2,1,1,5.0,1.0
201700011873,0017-02-24 10:00:00,17,2,24,10,0,370,50,avenue du grand sud,47.34436,0.70208,Plein jour,En agglomération,Hors intersection,Normale,Trois véhicules et plus - en chaîne,,,,,,,,,,,1,2,1,1.0,4.0
201700011874,0017-03-07 18:10:00,17,3,7,18,10,370,50,36 AVENUE DE BORDEAUX,47.34933,0.70078,Plein jour,En agglomération,Hors intersection,Pluie légère,Sans collision,,,,,,,,,,,1,2,1,2.0,7.0
201700011875,0017-04-07 15:20:00,17,4,7,15,20,370,50,RUE CHARLES COULOMB,47.33094,0.70245,Plein jour,En agglomération,Intersection en T,Normale,Trois véhicules et plus - collisions multiples,,,,,,,,,,,1,2,3,1.0,5.0
201700011876,0017-04-08 11:40:00,17,4,8,11,40,370,50,ROUTE DE BORDEAUX,47.34911,0.70085,Plein jour,En agglomération,Intersection en X,Normale,Deux véhicules - côté,,,,,,,,,,,1,2,2,1.0,3.0
201700011877,0017-04-11 17:45:00,17,4,11,17,45,370,99,LE BOIS DE ???,47.27856,0.53717,Plein jour,Hors agglomération,Hors intersection,Temps éblouissant,Deux véhicules - arrière,,,,,,,,,,,1,1,1,7.0,2.0
201700011878,0017-04-15 15:40:00,17,4,15,15,40,370,50,route de Joué,47.33811,0.69832,Plein jour,En agglomération,Intersection en T,Normale,Autre collision,,,,,,,,,,,1,2,3,1.0,6.0
201700011879,0017-04-26 19:00:00,17,4,26,19,0,370,18,,47.31943,0.59716,Plein jour,Hors agglomération,Hors intersection,Normale,Deux véhicules - arrière,,,,,,,,,,,1,1,1,1.0,2.0
201700011880,0017-06-02 22:30:00,17,6,2,22,30,370,50,AV PROFESSEUR ALEXANDRE,47.33217,0.68435,Nuit avec éclairage allumé,En agglomération,Giratoire,Normale,Autre collision,,,,,,,,,,,5,2,6,1.0,6.0
201700011881,0017-06-06 18:00:00,17,6,6,18,0,370,50,AVENUE  GRAND SUD,47.34878,0.70098,Plein jour,En agglomération,Hors intersection,Normale,Trois véhicules et plus - collisions multiples,,,,,,,,,,,1,2,1,1.0,5.0
201700011882,0017-07-06 21:40:00,17,7,6,21,40,370,18,RP DU GAL DE GAULLE,47.33444,0.61261,Plein jour,En agglomération,Giratoire,Normale,Deux véhicules - côté,,,,,,,,,,,1,2,6,1.0,3.0
201700011883,0017-08-31 08:40:00,17,8,31,8,40,370,50,Maréchal DE LATTRE,47.33671,0.69144,Plein jour,En agglomération,Giratoire,Normale,Deux véhicules - arrière,,,,,,,,,,,1,2,6,1.0,2.0
201700011884,0017-10-02 20:30:00,17,10,2,20,30,370,50,ALLEE DES TILLEULS,47.33928,0.71912,Nuit avec éclairage allumé,En agglomération,Hors intersection,Pluie légère,Deux véhicules - frontale,,,,,,,,,,,5,2,1,2.0,1.0
201700011885,0017-10-03 20:00:00,17,10,3,20,0,370,99,LIEU DIT LE BOIS TIREAU,47.29325,0.53726,Nuit sans éclairage public,Hors agglomération,Intersection en X,Normale,Autre collision,,,,,,,,,,,3,1,2,1.0,6.0
201700011886,0017-11-12 11:40:00,17,11,12,11,40,370,18,33 route de Savonnières,47.35834,0.60103,Plein jour,Hors agglomération,Intersection en T,Pluie légère,Autre collision,,,,,,,,,,,1,1,3,2.0,6.0
201700011887,0017-11-23 13:36:00,17,11,23,13,36,370,50,RUE PHILIPPE MAUPAS,47.33774,0.70102,Plein jour,En agglomération,Hors intersection,Pluie légère,Autre collision,,,,,,,,,,,1,2,1,2.0,6.0
201700011888,0017-12-12 07:30:00,17,12,12,7,30,370,50,AVENUE DE LA BRANCHOIRE,47.34508,0.7193,Crépuscule ou aube,En agglomération,Intersection en X,Normale,Autre collision,,,,,,,,,,,2,2,2,1.0,6.0
201700011889,0017-01-17 09:33:00,17,1,17,9,33,370,249,Le Mortier Brosset,47.50517,0.47954,Plein jour,Hors agglomération,Hors intersection,Normale,Sans collision,,,,,,,,,,,1,1,1,1.0,7.0
201700011890,0017-02-05 17:40:00,17,2,5,17,40,370,21,,47.5688,0.6723,Crépuscule ou aube,Hors agglomération,Hors intersection,Neige / grêle,Deux véhicules - frontale,,,,,,,,,,,2,1,1,4.0,1.0
201700011891,0017-02-08 20:05:00,17,2,8,20,5,370,170,LIEU DIT VALENTINAY,47.62473,0.59255,Nuit sans éclairage public,Hors agglomération,Hors intersection,Normale,Autre collision,,,,,,,,,,,3,1,1,1.0,6.0
201700011892,0017-02-16 08:05:00,17,2,16,8,5,370,59,LA  MAISON DU JARDINIER,47.47117,0.61695,Crépuscule ou aube,Hors agglomération,Hors intersection,Temps couvert,Sans collision,,,,,,,,,,,2,1,1,8.0,7.0
201700011893,0017-03-01 07:30:00,17,3,1,7,30,370,21,L'ARCHE,47.54207,0.69114,Crépuscule ou aube,Hors agglomération,Hors intersection,Pluie légère,Sans collision,,,,,,,,,,,2,1,1,2.0,7.0
201700011894,0017-03-19 10:00:00,17,3,19,10,0,370,149,LA MORINERIE,47.63691,0.69128,Plein jour,Hors agglomération,Hors intersection,Normale,Sans collision,,,,,,,,,,,1,1,1,1.0,7.0
201700011895,0017-03-31 19:00:00,17,3,31,19,0,370,167,ROUTE DE PERNAY,47.53134,0.53158,Plein jour,Hors agglomération,Hors intersection,Normale,Sans collision,,,,,,,,,,,1,1,1,1.0,7.0
201700011896,0017-04-18 13:00:00,17,4,18,13,0,370,170,LA CHEVALERIE,47.62577,0.57472,Plein jour,Hors agglomération,Hors intersection,Normale,Sans collision,,,,,,,,,,,1,1,1,1.0,7.0
201700011897,0017-04-25 14:30:00,17,4,25,14,30,370,249,LE PETIT  SOUPER,47.54474,0.47106,Plein jour,Hors agglomération,Hors intersection,Normale,Deux véhicules - frontale,,,,,,,,,,,1,1,1,1.0,1.0
201700011898,0017-05-05 07:15:00,17,5,5,7,15,370,54,FACE MAGASIN SUPER U,47.47035,0.69485,Crépuscule ou aube,En agglomération,Intersection en X,Normale,Deux véhicules - côté,,,,,,,,,,,2,2,2,1.0,3.0
201700011899,0017-05-18 15:20:00,17,5,18,15,20,370,167,RUE DE PARIS,47.5495,0.55716,Plein jour,En agglomération,Hors intersection,Pluie légère,Deux véhicules - arrière,,,,,,,,,,,1,2,1,2.0,2.0
201700011900,0017-06-25 08:30:00,17,6,25,8,30,370,151,RD 938,47.45138,0.62956,Plein jour,Hors agglomération,Hors intersection,Normale,Deux véhicules - frontale,,,,,,,,,,,1,1,1,1.0,1.0
201700011901,0017-07-16 21:15:00,17,7,16,21,15,370,204,lieu dit la HOUSSAYE,47.52895,0.67467,Plein jour,Hors agglomération,Intersection en X,Normale,Deux véhicules - frontale,,,,,,,,,,,1,1,2,1.0,1.0
201700011902,0017-07-24 15:10:00,17,7,24,15,10,370,170,TOUCHE RONDE,47.59886,0.54395,Plein jour,Hors agglomération,Hors intersection,Normale,Sans collision,,,,,,,,,,,1,1,1,1.0,7.0
201700011903,0017-04-30 20:00:00,17,4,30,20,0,370,21,D766/D29,47.57733,0.67076,Nuit sans éclairage public,Hors agglomération,Giratoire,Normale,Autre collision,,,,,,,,,,,3,1,6,1.0,6.0
201700011904,0017-10-14 16:35:00,17,10,14,16,35,370,204,Château de Fontaine,47.52858,0.64054,Plein jour,Hors agglomération,Hors intersection,Normale,Autre collision,,,,,,,,,,,1,1,1,1.0,6.0
201700011905,0017-10-25 17:45:00,17,10,25,17,45,370,214,,47.4291,0.64096,Plein jour,Hors agglomération,Hors intersection,Normale,Autre collision,,,,,,,,,,,1,1,1,1.0,6.0
201700011906,0017-10-27 08:55:00,17,10,27,8,55,370,204,CARREFOUR D48 - C5,47.54241,0.63923,Crépuscule ou aube,Hors agglomération,Intersection en X,Brouillard / fumée,Deux véhicules - côté,,,,,,,,,,,2,1,2,5.0,3.0
201700011907,0017-10-30 07:08:00,17,10,30,7,8,370,245,"lieu dit ""la coix",47.51804,0.5856,Crépuscule ou aube,Hors agglomération,Hors intersection,Normale,Sans collision,,,,,,,,,,,2,1,1,1.0,7.0
201700011908,0017-10-29 11:50:00,17,10,29,11,50,370,101,MES ACIS,47.69066,0.62976,Plein jour,Hors agglomération,Hors intersection,Pluie légère,Autre collision,,,,,,,,,,,1,1,1,2.0,6.0
201700011909,0017-11-10 08:05:00,17,11,10,8,5,370,21,LIEU DIT LA DAUSSERRERIE,47.58297,0.64416,Plein jour,Hors agglomération,Hors intersection,Temps couvert,Deux véhicules - côté,,,,,,,,,,,1,1,1,8.0,3.0
201700011910,0017-12-06 15:00:00,17,12,6,15,0,370,207,LIEU DIT LA COMMUNE,47.62176,0.38237,Plein jour,Hors agglomération,Hors intersection,Normale,Sans collision,,,,,,,,,,,1,1,1,1.0,7.0
201700011911,0017-12-25 19:00:00,17,12,25,19,0,370,245,D959,47.47023,0.55384,Nuit sans éclairage public,Hors agglomération,Hors intersection,Normale,Deux véhicules - arrière,,,,,,,,,,,3,1,1,1.0,2.0
201700011912,0017-01-05 09:55:00,17,1,5,9,55,370,251,LA CROIX CHAUDRON,47.53478,0.41959,Plein jour,Hors agglomération,Hors intersection,Temps couvert,Autre collision,,,,,,,,,,,1,1,1,8.0,6.0
201700011913,0017-01-14 18:00:00,17,1,14,18,0,370,217,96 QUAI DE LA LOIRE,47.36586,0.50592,Nuit avec éclairage allumé,En agglomération,Hors intersection,Normale,Sans collision,,,,,,,,,,,5,2,1,1.0,7.0
201700011914,0017-01-18 15:19:00,17,1,18,15,19,370,109,99 Av du Gal de GAULLE,47.40341,0.62594,Plein jour,En agglomération,Hors intersection,Normale,Deux véhicules - frontale,,,,,,,,,,,1,2,1,1.0,1.0
201700011915,0017-01-20 10:00:00,17,1,20,10,0,370,81,LA GIBAUDIERE,47.47595,0.36986,Plein jour,Hors agglomération,Autre intersection,Temps éblouissant,Autre collision,,,,,,,,,,,1,1,9,7.0,6.0
201700011916,0017-01-27 06:30:00,17,1,27,6,30,370,279,la pilatrière,47.57574,0.34648,Nuit sans éclairage public,Hors agglomération,Hors intersection,Normale,Autre collision,,,,,,,,,,,3,1,1,1.0,6.0
201700011917,0017-02-11 18:15:00,17,2,11,18,15,370,198,LES MAISONS NEUVES,47.45066,0.24391,Crépuscule ou aube,Hors agglomération,Hors intersection,Normale,Autre collision,,,,,,,,,,,2,1,1,1.0,6.0
201700011918,0017-02-18 16:00:00,17,2,18,16,0,370,217,26 QUAI DE LA LOIRE,47.36586,0.50592,Plein jour,En agglomération,Hors intersection,Normale,Autre collision,,,,,,,,,,,1,2,1,1.0,6.0
201700011919,0017-03-16 13:40:00,17,3,16,13,40,370,139,6 VALLEE DE VAUGAREAU,47.39486,0.53181,Plein jour,En agglomération,Hors intersection,Normale,Deux véhicules - frontale,,,,,,,,,,,1,2,1,1.0,1.0
201700011920,0017-03-22 18:55:00,17,3,22,18,55,370,84,,,,Crépuscule ou aube,En agglomération,Hors intersection,Normale,Autre collision,,,,,,,,,,,2,2,1,1.0,6.0
201700011921,0017-03-24 19:45:00,17,3,24,19,45,370,237,RUE DE LA VALLEE,47.43576,0.58861,Nuit sans éclairage public,En agglomération,Hors intersection,Normale,Deux véhicules - arrière,,,,,,,,,,,3,2,1,1.0,2.0
201700011922,0017-03-28 14:00:00,17,3,28,14,0,370,198,D65,47.44777,0.23685,Plein jour,Hors agglomération,Hors intersection,Normale,Sans collision,,,,,,,,,,,1,1,1,1.0,7.0
201700011923,0017-04-07 16:30:00,17,4,7,16,30,370,182,RD 3,47.45338,0.51759,Plein jour,Hors agglomération,Hors intersection,Temps éblouissant,Sans collision,,,,,,,,,,,1,1,1,7.0,7.0
201700011924,0017-05-04 14:00:00,17,5,4,14,0,370,109,QUAI DES BATELIERS,47.38299,0.5824,Plein jour,Hors agglomération,Hors intersection,Normale,Deux véhicules - arrière,,,,,,,,,,,1,1,1,1.0,2.0
201700011925,0017-05-14 04:50:00,17,5,14,4,50,370,81,,47.41318,0.39951,Nuit sans éclairage public,Hors agglomération,Hors intersection,Normale,Autre collision,,,,,,,,,,,3,1,1,1.0,6.0
201700011926,0017-06-03 19:00:00,17,6,3,19,0,370,182,départementale 3,47.43676,0.52497,Plein jour,Hors agglomération,Hors intersection,Pluie légère,Autre collision,,,,,,,,,,,1,1,1,2.0,6.0
201700011927,0017-06-10 02:50:00,17,6,10,2,50,370,217,,47.39062,0.52505,Nuit sans éclairage public,Hors agglomération,Hors intersection,Normale,Autre collision,,,,,,,,,,,3,1,1,1.0,6.0
201700011928,0017-06-10 12:00:00,17,6,10,12,0,370,84,L'épinière,47.56593,0.35914,Plein jour,Hors agglomération,Hors intersection,Normale,Deux véhicules - côté,,,,,,,,,,,1,1,1,1.0,3.0
201700011929,0017-07-05 17:35:00,17,7,5,17,35,370,109,RD 37 - PK 15 + 700,47.39645,0.64753,Plein jour,Hors agglomération,Hors intersection,Normale,Autre collision,,,,,,,,,,,1,1,1,1.0,6.0
201700011930,0017-07-17 08:55:00,17,7,17,8,55,370,109,,47.41271,0.60306,Plein jour,Hors agglomération,Intersection en T,Normale,Deux véhicules - côté,,,,,,,,,,,1,1,3,1.0,3.0
201700011931,0017-08-14 17:50:00,17,8,14,17,50,370,109,RD 3,47.41218,0.5829,Plein jour,Hors agglomération,Hors intersection,Normale,Sans collision,,,,,,,,,,,1,1,1,1.0,7.0
201700011932,0017-08-22 11:50:00,17,8,22,11,50,370,217,les grandes maisons,47.39285,0.52444,Plein jour,Hors agglomération,Hors intersection,Normale,Deux véhicules - côté,,,,,,,,,,,1,1,1,1.0,3.0
201700011933,0017-08-22 17:25:00,17,8,22,17,25,370,81,RD49,47.43412,0.35912,Plein jour,Hors agglomération,Hors intersection,Normale,Autre collision,,,,,,,,,,,1,1,1,1.0,6.0
201700011934,0017-08-30 17:25:00,17,8,30,17,25,370,13,D70,47.39311,0.30021,Plein jour,Hors agglomération,Hors intersection,Pluie légère,Autre collision,,,,,,,,,,,1,1,1,2.0,6.0
201700011935,0017-09-11 18:15:00,17,9,11,18,15,370,81,LEIEU DIT  LA PAUMERAIE,47.4431,0.37599,Plein jour,Hors agglomération,Hors intersection,Normale,Sans collision,,,,,,,,,,,1,1,1,1.0,7.0
201700011936,0017-10-13 10:40:00,17,10,13,10,40,370,109,,47.40052,0.64668,Plein jour,Hors agglomération,Hors intersection,Normale,Autre collision,,,,,,,,,,,1,1,1,1.0,6.0
201700011937,0017-11-24 07:40:00,17,11,24,7,40,370,109,ROUTE DES TROIS MARIES,47.40381,0.64075,Crépuscule ou aube,En agglomération,Hors intersection,Normale,Autre collision,,,,,,,,,,,2,2,1,1.0,6.0
201700011938,0017-11-25 16:00:00,17,11,25,16,0,370,139,PORTE DE LUYNES,47.37759,0.56096,Plein jour,Hors agglomération,Hors intersection,Normale,Deux véhicules - frontale,,,,,,,,,,,1,1,1,1.0,1.0
201700011939,0017-01-03 18:20:00,17,1,3,18,20,370,79,Rue de Bléré,47.32149,1.04438,Nuit sans éclairage public,En agglomération,Intersection en T,Normale,Trois véhicules et plus - collisions multiples,,,,,,,,,,,3,2,3,1.0,5.0
201700011940,0017-01-05 08:00:00,17,1,5,8,0,370,8,D45,47.30004,0.89784,Crépuscule ou aube,Hors agglomération,Hors intersection,Autre,Deux véhicules - côté,,,,,,,,,,,2,1,1,9.0,3.0
201700011941,0017-03-03 21:30:00,17,3,3,21,30,370,225,,47.35215,0.91824,Nuit sans éclairage public,Hors agglomération,Intersection en T,Normale,Deux véhicules - frontale,,,,,,,,,,,3,1,3,1.0,1.0
201700011942,0017-03-23 12:30:00,17,3,23,12,30,370,79,LIEU DIT LES TOUCHES,47.36177,1.038,Plein jour,Hors agglomération,Hors intersection,Pluie légère,Autre collision,,,,,,,,,,,1,1,1,2.0,6.0
201700011943,0017-04-15 03:45:00,17,4,15,3,45,370,273,ILE DE LA METAIRIE,47.3921,0.77456,Nuit sans éclairage public,Hors agglomération,Giratoire,Normale,Autre collision,,,,,,,,,,,3,1,6,1.0,6.0
201700011944,0017-04-16 01:15:00,17,4,16,1,15,370,27,4 RUE DE CULAISON,47.32207,0.99963,Nuit avec éclairage allumé,En agglomération,Hors intersection,Normale,Deux véhicules - arrière,,,,,,,,,,,5,2,1,1.0,2.0
201700011945,0017-05-01 01:20:00,17,5,1,1,20,370,156,LES AUJOUX,47.36484,0.85555,Nuit avec éclairage allumé,Hors agglomération,Giratoire,Normale,Autre collision,,,,,,,,,,,5,1,6,1.0,6.0
201700011946,0017-05-15 01:10:00,17,5,15,1,10,370,15,,47.3346,0.84525,Nuit sans éclairage public,Hors agglomération,Hors intersection,Normale,Autre collision,,,,,,,,,,,3,1,1,1.0,6.0
201700011947,0017-05-16 19:20:00,17,5,16,19,20,370,104,,47.29267,0.79054,Plein jour,En agglomération,Hors intersection,Normale,Autre collision,,,,,,,,,,,1,2,1,1.0,6.0
201700011948,0017-06-17 22:35:00,17,6,17,22,35,370,267,Chemin des Acacias,47.35427,0.82349,Nuit avec éclairage allumé,En agglomération,Hors intersection,Normale,Deux véhicules - côté,,,,,,,,,,,5,2,1,1.0,3.0
201700011949,0017-06-19 10:05:00,17,6,19,10,5,370,270,CD46 / CD 96,47.42725,0.84756,Plein jour,Hors agglomération,Hors intersection,Temps éblouissant,Deux véhicules - côté,,,,,,,,,,,1,1,1,7.0,3.0
201700011950,0017-06-22 04:33:00,17,6,22,4,33,370,273,LA MAITAIRIE,47.40273,0.77081,Nuit sans éclairage public,Hors agglomération,Hors intersection,Normale,Autre collision,,,,,,,,,,,3,1,1,1.0,6.0
201700011951,0017-06-29 18:00:00,17,6,29,18,0,370,281,La FRILLIERE,47.3957,0.82871,Plein jour,Hors agglomération,Hors intersection,Normale,Trois véhicules et plus - collisions multiples,,,,,,,,,,,1,1,1,1.0,5.0
201700011952,0017-07-01 19:30:00,17,7,1,19,30,370,156,CD  751,47.37879,0.84299,Plein jour,Hors agglomération,Intersection en T,Normale,Deux véhicules - frontale,,,,,,,,,,,1,1,3,1.0,1.0
201700011953,0017-08-10 17:30:00,17,8,10,17,30,370,156,SUR LE PONT,47.40223,0.79879,Plein jour,Hors agglomération,Hors intersection,Pluie forte,Trois véhicules et plus - en chaîne,,,,,,,,,,,1,1,1,3.0,4.0
201700011954,0017-10-06 07:40:00,17,10,6,7,40,370,273,RD 142,47.38367,0.78445,Plein jour,Hors agglomération,Giratoire,Normale,Deux véhicules - côté,,,,,,,,,,,1,1,6,1.0,3.0