accident_id,datetime,annee,mois,jour,heure,minute,departement,commune_insee,adresse,latitude,longitude,luminosite,agglomeration,intersection,meteo,collision,nb_vehicules,nb_usagers,nb_indemnes,nb_tues,nb_blesses_hosp,nb_blesses_legers,age_cond_1,age_cond_2,veh_type_cond_1,veh_type_cond_2,lum_code,agg_code,int_code,atm_code,col_code
201700011955,0017-10-26 17:50:00,17,10,26,17,50,370,273,AVENUE JEANNE D ARC,47.39821,0.75847,Plein jour,En agglomération,Intersection en T,Normale,Deux véhicules - arrière,,,,,,,,,,,1,2,3,1.0,2.0
201700011956,0017-11-14 19:50:00,17,11,14,19,50,370,156,ROUTE DE CONNEUIL,47.39341,0.79599,Nuit sans éclairage public,Hors agglomération,Hors intersection,Normale,Deux véhicules - frontale,,,,,,,,,,,3,1,1,1.0,1.0
201700011957,0017-12-06 07:40:00,17,12,6,7,40,370,156,,47.37083,0.81886,Crépuscule ou aube,Hors agglomération,Hors intersection,Normale,Deux véhicules - frontale,,,,,,,,,,,2,1,1,1.0,1.0
201700011958,0017-12-13 12:28:00,17,12,13,12,28,370,267,ROUTE DE BLERE,47.35431,0.8235,Plein jour,En agglomération,Hors intersection,Pluie légère,Deux véhicules - côté,,,,,,,,,,,1,2,1,2.0,3.0
201700011959,0017-12-23 01:15:00,17,12,23,1,15,370,156,,47.39708,0.89217,Nuit sans éclairage public,Hors agglomération,Hors intersection,Brouillard / fumée,Sans collision,,,,,,,,,,,3,1,1,5.0,7.0
201700011960,0017-01-02 14:20:00,17,1,2,14,20,370,281,LES BAS CLOSEAUX,47.44387,0.81085,Plein jour,Hors agglomération,Hors intersection,Temps couvert,Autre collision,,,,,,,,,,,1,1,1,8.0,6.0
201700011961,0017-01-28 20:15:00,17,1,28,20,15,370,63,AVENUE DU MAINE,47.58844,0.90454,Nuit sans éclairage public,En agglomération,Hors intersection,Normale,Autre collision,,,,,,,,,,,3,2,1,1.0,6.0
201700011962,0017-02-03 13:20:00,17,2,3,13,20,370,169,LA MENAGERIE,47.62003,0.92958,Plein jour,Hors agglomération,Hors intersection,Pluie légère,Deux véhicules - côté,,,,,,,,,,,1,1,1,2.0,3.0
201700011963,0017-02-28 18:20:00,17,2,28,18,20,370,194,,47.48086,0.88386,Crépuscule ou aube,Hors agglomération,Hors intersection,Normale,Deux véhicules - frontale,,,,,,,,,,,2,1,1,1.0,1.0
201700011964,0017-03-23 20:00:00,17,3,23,20,0,370,153,RD 910,47.49886,0.7867,Nuit sans éclairage public,Hors agglomération,Hors intersection,Normale,Deux véhicules - côté,,,,,,,,,,,3,1,1,1.0,3.0
201700011965,0017-01-12 17:40:00,17,1,12,17,40,140,366,"11, DOCTEUR PAUL OUVRY (",49.141,0.23138,Nuit avec éclairage allumé,En agglomération,Hors intersection,Pluie légère,Deux véhicules - arrière,,,,,,,,,,,5,2,1,2.0,2.0
201700011966,0017-01-14 12:40:00,17,1,14,12,40,140,574,D.613 ( SAINT DESIR),49.138,0.18552,Plein jour,Hors agglomération,Hors intersection,Pluie légère,Deux véhicules - côté,,,,,,,,,,,1,1,1,2.0,3.0
201700011967,0017-01-24 12:40:00,17,1,24,12,40,140,366,"31, GENERAL LECLERC (RUE",49.1531,0.22342,Plein jour,En agglomération,Hors intersection,Normale,Autre collision,,,,,,,,,,,1,2,1,1.0,6.0
201700011968,0017-01-25 06:55:00,17,1,25,6,55,140,574,DIVES (D.45 ROUTE DE),49.1539,0.19935,Crépuscule ou aube,Hors agglomération,Hors intersection,Brouillard / fumée,Sans collision,,,,,,,,,,,2,1,1,5.0,7.0
201700011969,0017-12-22 11:45:00,17,12,22,11,45,140,366,"48, PARIS (RUE DE)",49.14558,2.4152,Plein jour,En agglomération,Hors intersection,Pluie légère,Autre collision,,,,,,,,,,,1,2,1,2.0,6.0
201700011970,0017-01-31 17:40:00,17,1,31,17,40,140,487,CD 48,49.173,0.21284,Plein jour,Hors agglomération,Hors intersection,Temps couvert,Sans collision,,,,,,,,,,,1,1,1,8.0,7.0
201700011971,0017-02-02 10:45:00,17,2,2,10,45,140,366,"0, ROND-POINT DES DROITS",49.144,0.2212,Plein jour,En agglomération,Giratoire,Temps couvert,Deux véhicules - côté,,,,,,,,,,,1,2,6,8.0,3.0
201700011972,0017-02-15 11:10:00,17,2,15,11,10,140,574,DIVES (D.45 ROUTE DE),49.1599,0.19274,Plein jour,Hors agglomération,Intersection en X,Normale,Deux véhicules - côté,,,,,,,,,,,1,1,2,1.0,3.0
201700011973,0017-02-28 14:00:00,17,2,28,14,0,140,487,QUATRE ROUTES (LES),49.1802,0.20918,Plein jour,Hors agglomération,Hors intersection,Normale,Deux véhicules - arrière,,,,,,,,,,,1,1,1,1.0,2.0
201700011974,0017-03-04 18:45:00,17,3,4,18,45,140,366,"95, HENRY CHERON (RUE)",49.1451,0.22356,Nuit avec éclairage non allumé,En agglomération,Hors intersection,Pluie légère,Deux véhicules - côté,,,,,,,,,,,4,2,1,2.0,3.0
201700011975,0017-03-11 14:10:00,17,3,11,14,10,140,326,"1055, EDOUARD BRANLY (RU",49.1468,0.26857,Plein jour,En agglomération,Hors intersection,Normale,Deux véhicules - frontale,,,,,,,,,,,1,2,1,1.0,1.0
201700011976,0017-03-14 12:30:00,17,3,14,12,30,140,69,"165, RUE D'ORIVAL",49.1306,0.24609,Plein jour,En agglomération,Intersection en T,Normale,Deux véhicules - côté,,,,,,,,,,,1,2,3,1.0,3.0
201700011977,0017-03-27 18:30:00,17,3,27,18,30,140,366,"2, CAROLINE DUCHEMIN (RU",49.1431,0.22391,Plein jour,En agglomération,Intersection en X,Normale,Autre collision,,,,,,,,,,,1,2,2,1.0,6.0
201700011978,0017-04-07 12:40:00,17,4,7,12,40,140,366,"66, ROGER AINI (RUE)",49.1442,0.2536,Plein jour,En agglomération,Giratoire,Normale,Deux véhicules - côté,,,,,,,,,,,1,2,6,1.0,3.0
201700011979,0017-04-09 10:55:00,17,4,9,10,55,140,366,"1, DOCTEUR DEGRENNE (RUE",49.1461,0.22428,Plein jour,En agglomération,Hors intersection,Normale,Autre collision,,,,,,,,,,,1,2,1,1.0,6.0
201700011980,0017-04-11 17:20:00,17,4,11,17,20,140,366,"26, SAINTE ANNE (BOULEVA",49.1432,0.22683,Plein jour,En agglomération,Giratoire,Normale,Deux véhicules - côté,,,,,,,,,,,1,2,6,1.0,3.0
201700011981,0017-04-18 18:20:00,17,4,18,18,20,140,366,"0, MANERBE (CHEMIN DE",49.1632,0.20672,Plein jour,Hors agglomération,Hors intersection,Normale,Deux véhicules - frontale,,,,,,,,,,,1,1,1,1.0,1.0
201700011982,0017-04-29 13:55:00,17,4,29,13,55,140,366,PARKING LECLERC LISIEUX,49.1439,0.26701,Plein jour,Hors agglomération,Hors intersection,Normale,Deux véhicules - côté,,,,,,,,,,,1,1,1,1.0,3.0
201700011983,0017-04-29 17:15:00,17,4,29,17,15,140,366,"13, VICTOR HUGO (AVENUE)",49.1454,0.22842,Plein jour,En agglomération,Hors intersection,Normale,Autre collision,,,,,,,,,,,1,2,1,1.0,6.0
201700011984,0017-05-03 15:30:00,17,5,3,15,30,140,69,"0, SAP (ROUTE DU)",49.12196,2.50535,Plein jour,Hors agglomération,Hors intersection,Normale,Trois véhicules et plus - en chaîne,,,,,,,,,,,1,1,1,1.0,4.0
201700011985,0017-05-04 13:05:00,17,5,4,13,5,140,366,"157, ESPERANCE (POLE D'A",,,Plein jour,Hors agglomération,Intersection en T,Normale,Deux véhicules - côté,,,,,,,,,,,1,1,3,1.0,3.0
201700011986,0017-05-06 13:00:00,17,5,6,13,0,140,366,AUGUSTIN FRESNEL,49.14433,0.27599,Plein jour,En agglomération,Hors intersection,Pluie légère,Sans collision,,,,,,,,,,,1,2,1,2.0,7.0
201700011987,0017-05-07 00:30:00,17,5,7,0,30,140,574,DIVES (D.45 route de),,,Nuit sans éclairage public,Hors agglomération,Intersection en X,Pluie légère,Deux véhicules - côté,,,,,,,,,,,3,1,2,2.0,3.0
201700011988,0017-05-22 09:00:00,17,5,22,9,0,140,366,"77, GUIZOT (RUE)",49.14557,2.12431,Plein jour,En agglomération,Hors intersection,Normale,Sans collision,,,,,,,,,,,1,2,1,1.0,7.0
201700011989,0017-05-23 13:20:00,17,5,23,13,20,140,366,"46, PAUL BANASTON (RUE)",49.15072,2.22299,Plein jour,Hors agglomération,Hors intersection,Normale,Autre collision,,,,,,,,,,,1,1,1,1.0,6.0
201700011990,0017-05-24 08:40:00,17,5,24,8,40,140,487,"0, R.D 579",49.19048,2.28346,Plein jour,Hors agglomération,Hors intersection,Normale,Deux véhicules - arrière,,,,,,,,,,,1,1,1,1.0,2.0
201700011991,0017-05-31 10:30:00,17,5,31,10,30,140,366,"1, FRANCOIS MITTERRAND (",49.14584,2.25028,Plein jour,En agglomération,Hors intersection,Normale,Autre collision,,,,,,,,,,,1,2,1,1.0,6.0
201700011992,0017-06-09 12:15:00,17,6,9,12,15,140,69,"165, Rue d'Orival",49.13059,2.46759,Plein jour,En agglomération,Hors intersection,Normale,Deux véhicules - arrière,,,,,,,,,,,1,2,1,1.0,2.0
201700011993,0017-06-13 16:40:00,17,6,13,16,40,140,366,D.613 ( LISIEUX),49.13052,1.8615,Plein jour,Hors agglomération,Hors intersection,Normale,Autre collision,,,,,,,,,,,1,1,1,1.0,6.0
201700011994,0017-06-27 16:25:00,17,6,27,16,25,140,366,"7, JEAN FRANCOIS MILLET",49.14291,2.48073,Plein jour,En agglomération,Hors intersection,Pluie forte,Autre collision,,,,,,,,,,,1,2,1,3.0,6.0
201700011995,0017-06-29 14:30:00,17,6,29,14,30,140,366,"42, HENRY CHERON (RUE)",49.14587,2.25882,Plein jour,En agglomération,Hors intersection,Normale,Autre collision,,,,,,,,,,,1,2,1,1.0,6.0
201700011996,0017-07-01 11:10:00,17,7,1,11,10,140,366,"1, WINSTON CHURCHILL (BO",49.14596,2.48033,Plein jour,En agglomération,Hors intersection,Pluie légère,Autre collision,,,,,,,,,,,1,2,1,2.0,6.0
201700011997,0017-07-01 22:15:00,17,7,1,22,15,140,69,"116, ORBEC (ROUTE D')",49.13064,2.58671,Nuit avec éclairage allumé,En agglomération,Hors intersection,Normale,Autre collision,,,,,,,,,,,5,2,1,1.0,6.0
201700011998,0017-07-07 16:05:00,17,7,7,16,5,140,574,D. 159,49.15247,1.72068,Plein jour,Hors agglomération,Intersection en T,Normale,Deux véhicules - frontale,,,,,,,,,,,1,1,3,1.0,1.0
201700011999,0017-07-24 10:30:00,17,7,24,10,30,140,366,"30, JEANNE D'ARC (BOULEV",49.14401,2.30506,Plein jour,En agglomération,Hors intersection,Pluie légère,Autre collision,,,,,,,,,,,1,2,1,2.0,6.0
201700012000,0017-07-24 12:15:00,17,7,24,12,15,140,366,EDOUARD BRANLY (RUE),49.14922,2.56268,Plein jour,En agglomération,Intersection en T,Temps couvert,Deux véhicules - côté,,,,,,,,,,,1,2,3,8.0,3.0
201700012001,0017-07-24 21:15:00,17,7,24,21,15,140,366,"574, EDOUARD BRANLY (RUE",49.14624,2.62606,Plein jour,En agglomération,Hors intersection,Normale,Autre collision,,,,,,,,,,,1,2,1,1.0,6.0
201700012002,0017-07-26 17:50:00,17,7,26,17,50,140,366,"9006, THILLAYE (VOIE COM",49.14945,2.52106,Plein jour,En agglomération,Hors intersection,Temps couvert,Deux véhicules - frontale,,,,,,,,,,,1,2,1,8.0,1.0
201700012003,0017-07-27 13:55:00,17,7,27,13,55,140,366,ESPERANCE (CARREFOUR DE,49.14444,2.62605,Plein jour,En agglomération,Giratoire,Normale,Deux véhicules - côté,,,,,,,,,,,1,2,6,1.0,3.0
201700012004,0017-07-27 19:40:00,17,7,27,19,40,140,574,"1240, DIVES (D.45 route",49.17892,1.79534,Plein jour,Hors agglomération,Hors intersection,Normale,Sans collision,,,,,,,,,,,1,1,1,1.0,7.0
201700012005,0017-08-28 19:45:00,17,8,28,19,45,140,366,"37, ORBEC (ROUTE D')",49.14071,0.23136,Plein jour,En agglomération,Hors intersection,Normale,Sans collision,,,,,,,,,,,1,2,1,1.0,7.0
201700012006,0017-08-30 14:05:00,17,8,30,14,5,140,366,RD 406,49.15625,0.23464,Plein jour,Hors agglomération,Hors intersection,Pluie légère,Autre collision,,,,,,,,,,,1,1,1,2.0,6.0
201700012007,0017-08-30 17:40:00,17,8,30,17,40,140,366,"38, CARMEL (RUE DU)",49.14308,0.22882,Plein jour,En agglomération,Hors intersection,Pluie légère,Autre collision,,,,,,,,,,,1,2,1,2.0,6.0
201700012008,0017-09-01 16:40:00,17,9,1,16,40,140,366,D.613 ( LISIEUX),49.12835,1.89313,Plein jour,Hors agglomération,Hors intersection,Normale,Sans collision,,,,,,,,,,,1,1,1,1.0,7.0
201700012009,0017-09-01 17:15:00,17,9,1,17,15,140,366,"106, FOURNET (RUE)",49.13365,2.26271,Plein jour,En agglomération,Hors intersection,Normale,Sans collision,,,,,,,,,,,1,2,1,1.0,7.0
201700012010,0017-09-08 17:55:00,17,9,8,17,55,140,366,"21, HENRY CHERON (RUE)",49.1461,2.27685,Plein jour,En agglomération,Hors intersection,Pluie légère,Sans collision,,,,,,,,,,,1,2,1,2.0,7.0
201700012011,0017-09-08 19:45:00,17,9,8,19,45,140,366,"0, PARIS (ROUTE DE)",49.14691,2.43448,Crépuscule ou aube,En agglomération,Hors intersection,Pluie légère,Sans collision,,,,,,,,,,,2,2,1,2.0,7.0
201700012012,0017-09-11 19:05:00,17,9,11,19,5,140,366,"8, ALENCON (RUE D')",49.14255,2.27272,Plein jour,En agglomération,Intersection en Y,Normale,Deux véhicules - côté,,,,,,,,,,,1,2,4,1.0,3.0
201700012013,0017-09-14 14:15:00,17,9,14,14,15,140,366,"00, PAVEMENTS (RUE DES)",49.14056,0.23197,Plein jour,En agglomération,Intersection en T,Pluie légère,Deux véhicules - côté,,,,,,,,,,,1,2,3,2.0,3.0
201700012014,0017-09-21 06:35:00,17,9,21,6,35,140,487,CD 48,49.17705,2.10235,Nuit sans éclairage public,Hors agglomération,Hors intersection,Normale,Sans collision,,,,,,,,,,,3,1,1,1.0,7.0
201700012015,0017-09-27 17:45:00,17,9,27,17,45,140,366,"8, JEANNE D'ARC (BOULEVA",49.14603,2.29427,Plein jour,En agglomération,Hors intersection,Normale,Sans collision,,,,,,,,,,,1,2,1,1.0,7.0
201700012016,0017-10-12 23:40:00,17,10,12,23,40,140,366,"17, DOCTEUR PAUL OUVRY (",49.14241,2.30673,Nuit avec éclairage allumé,En agglomération,Hors intersection,Normale,Sans collision,,,,,,,,,,,5,2,1,1.0,7.0
201700012017,0017-10-15 17:20:00,17,10,15,17,20,140,366,"16, SIX JUIN (AVENUE DU)",49.14337,2.18519,Plein jour,En agglomération,Giratoire,Normale,Deux véhicules - arrière,,,,,,,,,,,1,2,6,1.0,2.0
201700012018,0017-10-20 13:45:00,17,10,20,13,45,140,366,"1, SAINTE THERESE (AVENU",49.14345,2.29303,Plein jour,En agglomération,Giratoire,Normale,Autre collision,,,,,,,,,,,1,2,6,1.0,6.0
201700012019,0017-10-23 17:30:00,17,10,23,17,30,140,366,PARIS (ROUTE DE),49.14852,2.5197,Plein jour,En agglomération,Hors intersection,Pluie légère,Sans collision,,,,,,,,,,,1,2,1,2.0,7.0
201700012020,0017-10-26 14:25:00,17,10,26,14,25,140,366,RD 406,49.14842,2.55079,Plein jour,En agglomération,Intersection en T,Normale,Deux véhicules - côté,,,,,,,,,,,1,2,3,1.0,3.0
201700012021,0017-11-01 01:00:00,17,11,1,1,0,140,366,"56, ROGER AINI (RUE)",49.14412,0.2524,Nuit avec éclairage allumé,En agglomération,Hors intersection,Normale,Autre collision,,,,,,,,,,,5,2,1,1.0,6.0
201700012022,0017-11-03 10:55:00,17,11,3,10,55,140,366,"71, GALOTERIE (CHEMIN RU",49.14437,0.26547,Plein jour,Hors agglomération,Hors intersection,Normale,Deux véhicules - côté,,,,,,,,,,,1,1,1,1.0,3.0
201700012023,0017-11-09 21:15:00,17,11,9,21,15,140,366,"6, SAINTE ANNE (BOULEVAR",49.14356,2.2877,Nuit avec éclairage allumé,En agglomération,Giratoire,Pluie légère,Autre collision,,,,,,,,,,,5,2,6,2.0,6.0
201700012024,0017-12-02 13:55:00,17,12,2,13,55,140,366,"9, JEANNE D'ARC (BOULEVA",49.14506,2.30131,Plein jour,En agglomération,Hors intersection,Normale,Deux véhicules - côté,,,,,,,,,,,1,2,1,1.0,3.0
201700012025,0017-12-09 04:40:00,17,12,9,4,40,140,366,"0, RD 406",49.16398,2.24772,Nuit sans éclairage public,Hors agglomération,Hors intersection,Neige / grêle,Autre collision,,,,,,,,,,,3,1,1,4.0,6.0
201700012026,0017-12-09 05:40:00,17,12,9,5,40,140,366,"0, JEAN XXIII (AVENUE)",49.13987,2.57272,Nuit sans éclairage public,En agglomération,Hors intersection,Neige / grêle,Autre collision,,,,,,,,,,,3,2,1,4.0,6.0
201700012027,0017-12-15 17:50:00,17,12,15,17,50,140,487,R.D 579,49.17439,2.26278,Nuit sans éclairage public,Hors agglomération,Hors intersection,Temps couvert,Deux véhicules - frontale,,,,,,,,,,,3,1,1,8.0,1.0
201700012028,0017-12-16 16:40:00,17,12,16,16,40,140,366,"11, REMPARTS (QUAI DES)",49.14597,2.21795,Plein jour,En agglomération,Hors intersection,Pluie légère,Autre collision,,,,,,,,,,,1,2,1,2.0,6.0
201700012029,0017-01-11 09:50:00,17,1,11,9,50,370,74,RUE DE LA HURTAUDERIE,47.24517,0.14986,Plein jour,En agglomération,Hors intersection,Pluie légère,Deux véhicules - frontale,,,,,,,,,,,1,2,1,2.0,1.0
201700012030,0017-02-07 20:30:00,17,2,7,20,30,370,22,ROUTE DU PRIEURE,47.21225,0.20505,Nuit sans éclairage public,Hors agglomération,Hors intersection,Normale,Autre collision,,,,,,,,,,,3,1,1,1.0,6.0
201700012031,0017-02-20 10:15:00,17,2,20,10,15,370,202,,47.14378,0.1934,Plein jour,Hors agglomération,Hors intersection,Pluie légère,Deux véhicules - côté,,,,,,,,,,,1,1,1,2.0,3.0
201700012032,0017-03-25 23:05:00,17,3,25,23,5,370,220,RUE DE LA CHAUSSEE,47.18553,0.11198,Nuit avec éclairage non allumé,En agglomération,Hors intersection,Normale,Deux véhicules - frontale,,,,,,,,,,,4,2,1,1.0,1.0
201700012033,0017-04-07 20:50:00,17,4,7,20,50,370,74,LA GRAVIERE,47.25021,0.11964,Crépuscule ou aube,Hors agglomération,Hors intersection,Normale,Sans collision,,,,,,,,,,,2,1,1,1.0,7.0
201700012034,0017-04-16 13:45:00,17,4,16,13,45,370,22,RUE DU PARC,47.20158,0.18434,Plein jour,En agglomération,Intersection en X,Normale,Deux véhicules - côté,,,,,,,,,,,1,2,2,1.0,3.0
201700012035,0017-05-21 17:15:00,17,5,21,17,15,370,228,intersection RD 35/RD 63,47.29853,0.12174,Plein jour,En agglomération,Hors intersection,Normale,Deux véhicules - côté,,,,,,,,,,,1,2,1,1.0,3.0
201700012036,0017-05-24 19:55:00,17,5,24,19,55,370,31,Rue de chaumetton,47.28519,0.17334,Plein jour,En agglomération,Hors intersection,Temps éblouissant,Deux véhicules - côté,,,,,,,,,,,1,2,1,7.0,3.0
201700012037,0017-06-17 22:20:00,17,6,17,22,20,370,202,RUE DU HAUT CLOS,47.1484,0.20098,Nuit sans éclairage public,Hors agglomération,Hors intersection,Normale,Autre collision,,,,,,,,,,,3,1,1,1.0,6.0
201700012038,0017-06-28 09:15:00,17,6,28,9,15,370,31,Intersection rue des Ges,47.28936,0.16603,Plein jour,En agglomération,Hors intersection,Pluie légère,Deux véhicules - côté,,,,,,,,,,,1,2,1,2.0,3.0
201700012039,0017-07-23 03:45:00,17,7,23,3,45,370,72,RUE DE  L ANCIEN PORT,47.16897,0.21984,Nuit sans éclairage public,En agglomération,Hors intersection,Normale,Autre collision,,,,,,,,,,,3,2,1,1.0,6.0
201700012040,0017-07-22 11:10:00,17,7,22,11,10,370,242,rue des caillis,47.22152,0.15175,Plein jour,Hors agglomération,Intersection en X,Normale,Deux véhicules - côté,,,,,,,,,,,1,1,2,1.0,3.0
201700012041,0017-07-24 14:00:00,17,7,24,14,0,370,74,RUE DE LA MOTTE,47.24793,0.12591,Plein jour,Hors agglomération,Intersection en X,Normale,Deux véhicules - côté,,,,,,,,,,,1,1,2,1.0,3.0
201700012042,0017-08-26 04:25:00,17,8,26,4,25,370,72,QUAI CHARLES VII,47.16758,0.22813,Nuit avec éclairage allumé,En agglomération,Hors intersection,Normale,Sans collision,,,,,,,,,,,5,2,1,1.0,7.0
201700012043,0017-10-17 16:30:00,17,10,17,16,30,370,118,RUE DES PERRES .,47.23382,0.25335,Plein jour,Hors agglomération,Hors intersection,Normale,Autre collision,,,,,,,,,,,1,1,1,1.0,6.0
201700012044,0017-11-10 21:50:00,17,11,10,21,50,370,72,RD 751,47.17204,0.24507,Nuit sans éclairage public,Hors agglomération,Hors intersection,Normale,Sans collision,,,,,,,,,,,3,1,1,1.0,7.0
201700012045,0017-12-21 19:30:00,17,12,21,19,30,370,58,D952,47.24196,0.16331,Nuit sans éclairage public,En agglomération,Hors intersection,Temps couvert,Autre collision,,,,,,,,,,,3,2,1,8.0,6.0
201700012046,0017-02-07 15:30:00,17,2,7,15,30,370,38,LA CHAPELLE TABOUREAU,47.30532,0.38478,Plein jour,Hors agglomération,Hors intersection,Normale,Autre collision,,,,,,,,,,,1,1,1,1.0,6.0
201700012047,0017-04-21 19:30:00,17,4,21,19,30,370,264,LES FOUCHAULTS,47.30891,0.44605,Plein jour,Hors agglomération,Hors intersection,Temps éblouissant,Deux véhicules - frontale,,,,,,,,,,,1,1,1,7.0,1.0
201700012048,0017-12-09 16:48:00,17,12,9,16,48,370,12,LE PARC AU LOUP,47.2095,0.43335,Crépuscule ou aube,Hors agglomération,Hors intersection,Temps couvert,Sans collision,,,,,,,,,,,2,1,1,8.0,7.0
201700012049,0017-12-14 15:50:00,17,12,14,15,50,370,271,RUE DE LA REBARDIERE,47.22249,0.49365,Plein jour,En agglomération,Hors intersection,Pluie légère,Autre collision,,,,,,,,,,,1,2,1,2.0,6.0
201700012050,0017-01-08 15:45:00,17,1,8,15,45,370,216,D910,47.16748,0.65187,Plein jour,Hors agglomération,Hors intersection,Brouillard / fumée,Deux véhicules - frontale,,,,,,,,,,,1,1,1,5.0,1.0
201700012051,0017-03-11 01:42:00,17,3,11,1,42,370,226,RUE  SAINT MICHEL,47.11511,0.61936,Nuit avec éclairage allumé,En agglomération,Hors intersection,Normale,Autre collision,,,,,,,,,,,5,2,1,1.0,6.0
201700012052,0017-03-23 10:50:00,17,3,23,10,50,370,216,LA BILETTE,47.15907,0.57696,Plein jour,Hors agglomération,Intersection en X,Temps couvert,Deux véhicules - côté,,,,,,,,,,,1,1,2,8.0,3.0
201700012053,0017-04-18 17:15:00,17,4,18,17,15,370,216,20 RUE LOUIS PERROTIN,47.14676,0.54141,Plein jour,En agglomération,Hors intersection,Normale,Autre collision,,,,,,,,,,,1,2,1,1.0,6.0
201700012054,0017-04-29 09:00:00,17,4,29,9,0,370,226,LIEU DIT BOMMIER,47.07757,0.59774,Plein jour,Hors agglomération,Hors intersection,Temps éblouissant,Deux véhicules - arrière,,,,,,,,,,,1,1,1,7.0,2.0
201700012055,0017-06-30 11:30:00,17,6,30,11,30,370,71,LIEU DIT LES PALTEAU,47.06701,0.44349,Plein jour,Hors agglomération,Hors intersection,Pluie légère,Autre collision,,,,,,,,,,,1,1,1,2.0,6.0
201700012056,0017-07-12 09:15:00,17,7,12,9,15,370,212,,47.15906,0.6476,Plein jour,Hors agglomération,Intersection en X,Normale,Deux véhicules - côté,,,,,,,,,,,1,1,2,1.0,3.0
201700012057,0017-07-30 00:20:00,17,7,30,0,20,370,12,,47.21177,0.45852,Nuit sans éclairage public,Hors agglomération,Hors intersection,Normale,Deux véhicules - frontale,,,,,,,,,,,3,1,1,1.0,1.0
201700012058,0017-08-01 07:40:00,17,8,1,7,40,370,180,Lieu dit La planche,47.11111,0.4582,Plein jour,Hors agglomération,Intersection en T,Normale,Deux véhicules - côté,,,,,,,,,,,1,1,3,1.0,3.0
201700012059,0017-09-06 18:10:00,17,9,6,18,10,370,216,,47.16407,0.54471,Plein jour,Hors agglomération,Hors intersection,Normale,Autre collision,,,,,,,,,,,1,1,1,1.0,6.0
201700012060,0017-10-26 18:20:00,17,10,26,18,20,370,226,LE PETIT BOIS,47.09662,0.60674,Crépuscule ou aube,En agglomération,Giratoire,Normale,Deux véhicules - arrière,,,,,,,,,,,2,2,6,1.0,2.0
201700012061,0017-11-05 15:15:00,17,11,5,15,15,370,142,LE PEROU,47.03945,0.58141,Plein jour,Hors agglomération,Hors intersection,Normale,Deux véhicules - frontale,,,,,,,,,,,1,1,1,1.0,1.0
201700012062,0017-11-12 18:45:00,17,11,12,18,45,370,148,,46.97559,0.45381,Nuit sans éclairage public,En agglomération,Hors intersection,Normale,Autre collision,,,,,,,,,,,3,2,1,1.0,6.0
201700012063,0017-11-18 07:00:00,17,11,18,7,0,370,216,D57,47.1287,0.54341,Crépuscule ou aube,Hors agglomération,Hors intersection,Normale,Autre collision,,,,,,,,,,,2,1,1,1.0,6.0
201700012064,0017-11-22 14:45:00,17,11,22,14,45,370,119,,47.13081,0.42594,Plein jour,Hors agglomération,Hors intersection,Normale,Deux véhicules - arrière,,,,,,,,,,,1,1,1,1.0,2.0
201700012065,0017-11-27 18:50:00,17,11,27,18,50,370,212,,47.14203,0.64447,Nuit sans éclairage public,Hors agglomération,Hors intersection,Normale,Deux véhicules - arrière,,,,,,,,,,,3,1,1,1.0,2.0
201700012066,0017-01-05 10:45:00,17,1,5,10,45,370,177,La rocherie,47.21772,1.24525,Plein jour,Hors agglomération,Hors intersection,Normale,Autre collision,,,,,,,,,,,1,1,1,1.0,6.0
201700012067,0017-02-03 14:30:00,17,2,3,14,30,370,49,LES SANGUIERS,47.18117,0.95903,Plein jour,Hors agglomération,Intersection en X,Vent fort / tempête,Deux véhicules - côté,,,,,,,,,,,1,1,2,6.0,3.0
201700012068,0017-02-13 08:45:00,17,2,13,8,45,370,46,10 RUE ALFRED DE VIGNY,47.26097,1.18317,Plein jour,En agglomération,Hors intersection,Normale,Autre collision,,,,,,,,,,,1,2,1,1.0,6.0
201700012069,0017-02-21 14:45:00,17,2,21,14,45,370,111,LA FOSSE AUX  VACHES,47.21271,1.14128,Plein jour,Hors agglomération,Hors intersection,Temps couvert,Autre collision,,,,,,,,,,,1,1,1,8.0,6.0
201700012070,0017-04-16 15:20:00,17,4,16,15,20,370,127,ARPENTIGNY,47.23573,1.09415,Plein jour,Hors agglomération,Hors intersection,Normale,Sans collision,,,,,,,,,,,1,1,1,1.0,7.0
201700012071,0017-05-28 10:30:00,17,5,28,10,30,370,173,RUE GEORGES SAND,47.13376,1.30151,Plein jour,En agglomération,Hors intersection,Temps éblouissant,Deux véhicules - côté,,,,,,,,,,,1,2,1,7.0,3.0
201700012072,0017-06-24 05:30:00,17,6,24,5,30,370,16,LA BERGERESSE,47.19537,0.92129,Crépuscule ou aube,Hors agglomération,Hors intersection,Normale,Trois véhicules et plus - collisions multiples,,,,,,,,,,,2,1,1,1.0,5.0
201700012073,0017-06-30 10:30:00,17,6,30,10,30,370,222,,47.08184,1.03841,Plein jour,Hors agglomération,Autre intersection,Pluie légère,Trois véhicules et plus - en chaîne,,,,,,,,,,,1,1,9,2.0,4.0
201700012074,0017-07-03 09:30:00,17,7,3,9,30,370,265,MOULIN DE ST SENOCH,47.06521,0.91911,Plein jour,Hors agglomération,Hors intersection,Pluie légère,Deux véhicules - frontale,,,,,,,,,,,1,1,1,2.0,1.0
201700012075,0017-08-12 10:25:00,17,8,12,10,25,370,277,,47.13508,1.2362,Plein jour,Hors agglomération,Hors intersection,Normale,Deux véhicules - côté,,,,,,,,,,,1,1,1,1.0,3.0
201700012076,0017-08-16 17:30:00,17,8,16,17,30,370,173,lieu dit la péchaudière,47.08993,1.27192,Plein jour,Hors agglomération,Hors intersection,Normale,Deux véhicules - côté,,,,,,,,,,,1,1,1,1.0,3.0