accident_id,datetime,annee,mois,jour,heure,minute,departement,commune_insee,adresse,latitude,longitude,luminosite,agglomeration,intersection,meteo,collision,nb_vehicules,nb_usagers,nb_indemnes,nb_tues,nb_blesses_hosp,nb_blesses_legers,age_cond_1,age_cond_2,veh_type_cond_1,veh_type_cond_2,lum_code,agg_code,int_code,atm_code,col_code
201700012077,0017-09-09 10:55:00,17,9,9,10,55,370,39,RD 943,47.03963,1.07994,Plein jour,Hors agglomération,Hors intersection,Normale,Deux véhicules - frontale,,,,,,,,,,,1,1,1,1.0,1.0
201700012078,0017-10-13 19:45:00,17,10,13,19,45,370,269,,47.03622,1.03387,Nuit sans éclairage public,Hors agglomération,Intersection en X,Normale,Deux véhicules - côté,,,,,,,,,,,3,1,2,1.0,3.0
201700012079,0017-10-23 11:10:00,17,10,23,11,10,370,234,ROUTE DU MAGE,47.20385,1.02573,Plein jour,Hors agglomération,Hors intersection,Normale,Autre collision,,,,,,,,,,,1,1,1,1.0,6.0
201700012080,0017-11-24 14:45:00,17,11,24,14,45,370,269,,47.0599,1.04322,Plein jour,Hors agglomération,Hors intersection,Pluie légère,Deux véhicules - frontale,,,,,,,,,,,1,1,1,2.0,1.0
201700012081,0017-12-02 14:20:00,17,12,2,14,20,370,192,LES GUERRIERS,47.20604,0.90633,Plein jour,Hors agglomération,Intersection en X,Normale,Deux véhicules - côté,,,,,,,,,,,1,1,2,1.0,3.0
201700012082,0017-12-05 19:45:00,17,12,5,19,45,370,133,LIEU DIT LE RIEN DU BOIS,47.09033,1.23617,Nuit sans éclairage public,Hors agglomération,Hors intersection,Normale,Sans collision,,,,,,,,,,,3,1,1,1.0,7.0
201700012083,0017-12-29 18:46:00,17,12,29,18,46,370,49,L EPERON,47.15045,0.99976,Nuit sans éclairage public,Hors agglomération,Passage à niveau,Normale,Deux véhicules - côté,,,,,,,,,,,3,1,8,1.0,3.0
201700012084,0017-01-27 16:05:00,17,1,27,16,5,370,115,9 rue du Clos de Paulmy,46.97597,0.69758,Plein jour,En agglomération,Hors intersection,Normale,Autre collision,,,,,,,,,,,1,2,1,1.0,6.0
201700012085,0017-02-14 20:30:00,17,2,14,20,30,370,130,la Cometière,47.04823,0.79638,Nuit avec éclairage non allumé,Hors agglomération,Giratoire,Normale,Autre collision,,,,,,,,,,,4,1,6,1.0,6.0
201700012086,0017-05-25 19:15:00,17,5,25,19,15,370,143,LIEU-DIT LA TOUCHE,47.14248,0.80058,Plein jour,Hors agglomération,Hors intersection,Temps éblouissant,Deux véhicules - côté,,,,,,,,,,,1,1,1,7.0,3.0
201700012087,0017-06-26 14:30:00,17,6,26,14,30,370,130,LE POIRET,47.02056,0.84404,Plein jour,Hors agglomération,Hors intersection,Normale,Deux véhicules - frontale,,,,,,,,,,,1,1,1,1.0,1.0
201700012088,0017-07-15 19:54:00,17,7,15,19,54,370,103,,47.03165,0.90418,Plein jour,En agglomération,Hors intersection,Normale,Autre collision,,,,,,,,,,,1,2,1,1.0,6.0
201700012089,0017-07-17 18:45:00,17,7,17,18,45,370,1,5 RUE DE RIVES,46.94246,0.71007,Plein jour,Hors agglomération,Hors intersection,Normale,Deux véhicules - frontale,,,,,,,,,,,1,1,1,1.0,1.0
201700012090,0017-08-05 18:15:00,17,8,5,18,15,370,78,NOIR DES  GUEUX,47.05787,0.86514,Plein jour,Hors agglomération,Intersection en T,Normale,Autre collision,,,,,,,,,,,1,1,3,1.0,6.0
201700012091,0017-10-21 18:00:00,17,10,21,18,0,370,143,LIEU DIT BESNIER,47.12215,0.7921,Plein jour,Hors agglomération,Hors intersection,Normale,Deux véhicules - côté,,,,,,,,,,,1,1,1,1.0,3.0
201700012092,0017-11-18 15:35:00,17,11,18,15,35,370,98,,47.05754,0.61621,Plein jour,Hors agglomération,Hors intersection,Normale,Sans collision,,,,,,,,,,,1,1,1,1.0,7.0
201700012093,0017-11-24 16:26:00,17,11,24,16,26,370,130,3 PL DU GAL LECLERC,47.04249,0.81907,Plein jour,En agglomération,Place,Normale,Autre collision,,,,,,,,,,,1,2,7,1.0,6.0
201700012094,0017-10-19 23:30:00,17,10,19,23,30,370,218,D59,46.96878,1.02769,Nuit avec éclairage allumé,En agglomération,Hors intersection,Normale,Autre collision,,,,,,,,,,,5,2,1,1.0,6.0
201700012095,0017-01-08 22:00:00,17,1,8,22,0,370,250,LA COUPERIE/VILLEPERDU,47.21949,0.66407,Nuit sans éclairage public,Hors agglomération,Hors intersection,Pluie légère,Sans collision,,,,,,,,,,,3,1,1,2.0,7.0
201700012096,0017-02-15 10:40:00,17,2,15,10,40,370,104,ALLEE DE LA CH?,47.2929,0.7809,Plein jour,Hors agglomération,Hors intersection,Normale,Deux véhicules - côté,,,,,,,,,,,1,1,1,1.0,3.0
201700012097,0017-03-15 12:05:00,17,3,15,12,5,370,154,17 RUE DE LA BAFAUDERIE,47.28423,0.7076,Plein jour,En agglomération,Hors intersection,Normale,Autre collision,,,,,,,,,,,1,2,1,1.0,6.0
201700012098,0017-04-01 19:00:00,17,4,1,19,0,370,159,LA GAGNERAIE,47.27181,0.65889,Plein jour,Hors agglomération,Hors intersection,Normale,Sans collision,,,,,,,,,,,1,1,1,1.0,7.0
201700012099,0017-05-13 14:25:00,17,5,13,14,25,370,266,1 IMPASSE DE  PALMERAIE,47.30635,0.69861,Plein jour,En agglomération,Hors intersection,Normale,Autre collision,,,,,,,,,,,1,2,1,1.0,6.0
201700012100,0017-07-17 10:55:00,17,7,17,10,55,370,83,,47.25324,0.84691,Plein jour,Hors agglomération,Hors intersection,Normale,Autre collision,,,,,,,,,,,1,1,1,1.0,6.0
201700012101,0017-08-03 01:15:00,17,8,3,1,15,370,211,LES  HARDELES,47.22473,0.78549,Nuit sans éclairage public,Hors agglomération,Hors intersection,Normale,Sans collision,,,,,,,,,,,3,1,1,1.0,7.0
201700012102,0017-08-29 19:00:00,17,8,29,19,0,370,83,LA CROIX D AVON,47.26309,0.83604,Plein jour,En agglomération,Hors intersection,Normale,Autre collision,,,,,,,,,,,1,2,1,1.0,6.0
201700012103,0017-10-06 19:00:00,17,10,6,19,0,370,266,allée de la robinetterie,47.2943,0.72202,Plein jour,En agglomération,Hors intersection,Normale,Autre collision,,,,,,,,,,,1,2,1,1.0,6.0
201700012104,0017-10-19 08:40:00,17,10,19,8,40,370,104,,47.29267,0.79054,Plein jour,Hors agglomération,Hors intersection,Normale,Trois véhicules et plus - en chaîne,,,,,,,,,,,1,1,1,1.0,4.0
201700012105,0017-11-11 06:30:00,17,11,11,6,30,370,250,LES CHAMPS MEUNIER,47.1977,0.66836,Nuit sans éclairage public,Hors agglomération,Hors intersection,Pluie forte,Autre collision,,,,,,,,,,,3,1,1,3.0,6.0
201700012106,0017-12-11 05:55:00,17,12,11,5,55,370,250,,47.22986,0.6877,Nuit sans éclairage public,Hors agglomération,Hors intersection,Vent fort / tempête,Deux véhicules - frontale,,,,,,,,,,,3,1,1,6.0,1.0
201700012107,0017-12-14 17:15:00,17,12,14,17,15,370,83,4 RUE NATIONALE,47.26923,0.83501,Nuit avec éclairage allumé,En agglomération,Hors intersection,Pluie forte,Autre collision,,,,,,,,,,,5,2,1,3.0,6.0
201700012108,0017-12-16 11:00:00,17,12,16,11,0,370,266,RUE NATIONALE,47.2867,0.73663,Plein jour,En agglomération,Autre intersection,Normale,Autre collision,,,,,,,,,,,1,2,9,1.0,6.0
201700012109,0017-12-10 10:45:00,17,12,10,10,45,870,64,LIEU DIT COUEGNIAS,45.7398,1.72502,Plein jour,Hors agglomération,Autre intersection,Pluie forte,Deux véhicules - côté,,,,,,,,,,,1,1,9,3.0,3.0
201700012110,0017-09-26 16:45:00,17,9,26,16,45,870,174,CHALEIX,45.7347,1.45997,Plein jour,Hors agglomération,Hors intersection,Normale,Trois véhicules et plus - collisions multiples,,,,,,,,,,,1,1,1,1.0,5.0
201700012111,0017-10-15 12:00:00,17,10,15,12,0,870,174,LAUZELLE,45.7636,1.4974,Plein jour,Hors agglomération,Hors intersection,Normale,Deux véhicules - frontale,,,,,,,,,,,1,1,1,1.0,1.0
201700012112,0017-11-28 09:00:00,17,11,28,9,0,870,192,LIEU-DIT GRAVATAUD,45.7572,1.26219,Plein jour,Hors agglomération,Hors intersection,Normale,Autre collision,,,,,,,,,,,1,1,1,1.0,6.0
201700012113,0017-02-02 19:40:00,17,2,2,19,40,870,116,RD 675 PK 26 + 670,46.1429,1.06,Nuit sans éclairage public,Hors agglomération,Intersection en T,Pluie légère,Deux véhicules - côté,,,,,,,,,,,3,1,3,2.0,3.0
201700012114,0017-02-08 07:40:00,17,2,8,7,40,870,116,RD 675 PK 25 + 120,46.1564,1.0624,Crépuscule ou aube,Hors agglomération,Hors intersection,Pluie légère,Deux véhicules - arrière,,,,,,,,,,,2,1,1,2.0,2.0
201700012115,0017-02-16 11:20:00,17,2,16,11,20,870,55,LIEU DIT LE PETIT CHAUMO,46.234,0.93516,Plein jour,Hors agglomération,Hors intersection,Normale,Deux véhicules - frontale,,,,,,,,,,,1,1,1,1.0,1.0
201700012116,0017-03-04 03:11:00,17,3,4,3,11,870,116,RN147 - PK43+550,46.1272,1.00363,Nuit sans éclairage public,Hors agglomération,Hors intersection,Pluie forte,Sans collision,,,,,,,,,,,3,1,1,3.0,7.0
201700012117,0017-04-29 13:00:00,17,4,29,13,0,870,116,"LIEU-DIT ""LE CLUZEAU"" -",46.1448,1.06155,Plein jour,Hors agglomération,Hors intersection,Normale,Deux véhicules - frontale,,,,,,,,,,,1,1,1,1.0,1.0
201700012118,0017-08-06 11:50:00,17,8,6,11,50,870,139,RN147 49 + 410,46.1662,0.95488,Plein jour,En agglomération,Intersection en X,Normale,Deux véhicules - côté,,,,,,,,,,,1,2,2,1.0,3.0
201700012119,0017-08-09 17:49:00,17,8,9,17,49,870,103,RN147,45.9853,1.15685,Plein jour,Hors agglomération,Hors intersection,Pluie légère,Deux véhicules - frontale,,,,,,,,,,,1,1,1,2.0,1.0
201700012120,0017-08-23 12:00:00,17,8,23,12,0,870,116,RN147,46.1381,1.05422,Plein jour,Hors agglomération,Hors intersection,Normale,Deux véhicules - arrière,,,,,,,,,,,1,1,1,1.0,2.0
201700012121,0017-09-13 05:20:00,17,9,13,5,20,870,116,D951,46.125,0.97464,Nuit sans éclairage public,Hors agglomération,Hors intersection,Pluie légère,Deux véhicules - frontale,,,,,,,,,,,3,1,1,2.0,1.0
201700012122,0017-09-20 13:58:00,17,9,20,13,58,870,28,RN 147 PK 56+800,46.2266,0.9012,Plein jour,Hors agglomération,Hors intersection,Normale,Sans collision,,,,,,,,,,,1,1,1,1.0,7.0
201700012123,0017-10-29 04:20:00,17,10,29,4,20,870,116,ROUTE NATIONALE 147,46.1289,1.02282,Nuit sans éclairage public,Hors agglomération,Hors intersection,Normale,Deux véhicules - frontale,,,,,,,,,,,3,1,1,1.0,1.0
201700012124,0017-11-05 15:10:00,17,11,5,15,10,870,116,RN 147,46.1286,1.03218,Plein jour,Hors agglomération,Hors intersection,Normale,Trois véhicules et plus - collisions multiples,,,,,,,,,,,1,1,1,1.0,5.0
201700012125,0017-01-17 07:30:00,17,1,17,7,30,870,180,RN145,46.1993,1.31423,Crépuscule ou aube,Hors agglomération,Hors intersection,Normale,Deux véhicules - frontale,,,,,,,,,,,2,1,1,1.0,1.0
201700012126,0017-02-03 15:30:00,17,2,3,15,30,870,47,NÉPOULAS,45.9728,1.31944,Plein jour,Hors agglomération,Autre intersection,Neige / grêle,Autre collision,,,,,,,,,,,1,1,9,4.0,6.0
201700012127,0017-05-29 14:15:00,17,5,29,14,15,870,67,ARS,46.1473,1.45836,Plein jour,Hors agglomération,Hors intersection,Normale,Deux véhicules - frontale,,,,,,,,,,,1,1,1,1.0,1.0
201700012128,0017-06-21 12:15:00,17,6,21,12,15,870,173,D 44 A,46.0526,1.26255,Plein jour,Hors agglomération,Hors intersection,Normale,Deux véhicules - frontale,,,,,,,,,,,1,1,1,1.0,1.0
201700012129,0017-06-28 13:50:00,17,6,28,13,50,870,121,VILLARD,46.1534,1.2009,Plein jour,Hors agglomération,Hors intersection,Normale,Deux véhicules - côté,,,,,,,,,,,1,1,1,1.0,3.0
201700012130,0017-08-12 19:45:00,17,8,12,19,45,870,180,LE MONTEIL,46.1966,1.27456,Plein jour,Hors agglomération,Hors intersection,Normale,Deux véhicules - arrière,,,,,,,,,,,1,1,1,1.0,2.0
201700012131,0017-06-30 14:30:00,17,6,30,14,30,870,182,LE PONT DU PIEGUT,46.3012,1.38321,Plein jour,Hors agglomération,Hors intersection,Pluie légère,Autre collision,,,,,,,,,,,1,1,1,2.0,6.0
201700012132,0017-07-29 15:30:00,17,7,29,15,30,870,89,BEL AIR,46.1839,1.18114,Plein jour,Hors agglomération,Hors intersection,Normale,Trois véhicules et plus - collisions multiples,,,,,,,,,,,1,1,1,1.0,5.0
201700012133,0017-12-21 23:25:00,17,12,21,23,25,870,61,RN 145,46.1694,1.14619,Nuit sans éclairage public,Hors agglomération,Hors intersection,Normale,Deux véhicules - côté,,,,,,,,,,,3,1,1,1.0,3.0
201700012134,0017-02-10 09:30:00,17,2,10,9,30,870,185,LES PRADES,45.8774,1.00414,Plein jour,Hors agglomération,Hors intersection,Normale,Sans collision,,,,,,,,,,,1,1,1,1.0,7.0
201700012135,0017-02-16 15:20:00,17,2,16,15,20,870,110,RD 101 ROUTE DE MASSEMPY,45.916,0.9704,Plein jour,Hors agglomération,Hors intersection,Normale,Autre collision,,,,,,,,,,,1,1,1,1.0,6.0
201700012136,0017-02-22 19:00:00,17,2,22,19,0,870,140,"RD 941 - LIEU DIT ""LE BO",45.9024,0.99038,Nuit sans éclairage public,Hors agglomération,Hors intersection,Normale,Sans collision,,,,,,,,,,,3,1,1,1.0,7.0
201700012137,0017-05-04 07:25:00,17,5,4,7,25,870,185,17 RUE ALLUAUD,45.8778,1.01384,Plein jour,En agglomération,Hors intersection,Normale,Deux véhicules - frontale,,,,,,,,,,,1,2,1,1.0,1.0
201700012138,0017-05-30 13:00:00,17,5,30,13,0,870,126,D 10,45.8204,0.87691,Plein jour,Hors agglomération,Hors intersection,Temps couvert,Deux véhicules - frontale,,,,,,,,,,,1,1,1,8.0,1.0
201700012139,0017-06-14 22:30:00,17,6,14,22,30,870,126,LA LEGERIE,45.8205,0.81184,Nuit sans éclairage public,Hors agglomération,Hors intersection,Normale,Autre collision,,,,,,,,,,,3,1,1,1.0,6.0
201700012140,0017-06-29 11:00:00,17,6,29,11,0,870,154,CHEMIN DES GOUTTES,45.8958,0.90698,Plein jour,En agglomération,Hors intersection,Normale,Autre collision,,,,,,,,,,,1,2,1,1.0,6.0
201700012141,0017-09-13 18:15:00,17,9,13,18,15,870,154,LIEU-DIT VIROLAS,45.8761,0.89081,Plein jour,Hors agglomération,Hors intersection,Pluie légère,Deux véhicules - côté,,,,,,,,,,,1,1,1,2.0,3.0
201700012142,0017-10-03 11:20:00,17,10,3,11,20,870,154,BOULEVARD MARCEL CACHIN,45.8855,0.90189,Plein jour,En agglomération,Hors intersection,Temps couvert,Autre collision,,,,,,,,,,,1,2,1,8.0,6.0
201700012143,0017-10-25 13:30:00,17,10,25,13,30,870,78,LA CHAUVIE,45.9568,0.95352,Plein jour,Hors agglomération,Hors intersection,Normale,Deux véhicules - arrière,,,,,,,,,,,1,1,1,1.0,2.0
201700012144,0017-11-21 11:30:00,17,11,21,11,30,870,154,RUE AUGUSTIN FRESNEL,45.9009,0.93339,Plein jour,En agglomération,Autre intersection,Normale,Deux véhicules - arrière,,,,,,,,,,,1,2,9,1.0,2.0
201700012145,0017-01-11 14:40:00,17,1,11,14,40,870,168,LA COUADE,45.7234,0.77779,Plein jour,Hors agglomération,Hors intersection,Pluie légère,Sans collision,,,,,,,,,,,1,1,1,2.0,7.0
201700012146,0017-03-13 18:45:00,17,3,13,18,45,870,27,RD20,45.6159,1.03399,Crépuscule ou aube,Hors agglomération,Hors intersection,Normale,Autre collision,,,,,,,,,,,2,1,1,1.0,6.0
201700012147,0017-04-24 18:00:00,17,4,24,18,0,870,32,"AVENUE JEAN JAURÈS, RN21",45.6566,0.98264,Plein jour,En agglomération,Hors intersection,Normale,Trois véhicules et plus - en chaîne,,,,,,,,,,,1,2,1,1.0,4.0
201700012148,0017-05-23 16:20:00,17,5,23,16,20,870,66,LIEU-DIT MONTROSIER,45.7226,1.1002,Plein jour,Hors agglomération,Hors intersection,Normale,Deux véhicules - côté,,,,,,,,,,,1,1,1,1.0,3.0
201700012149,0017-06-19 19:30:00,17,6,19,19,30,870,27,LE CLUZEAU,45.6325,1.01123,Crépuscule ou aube,Hors agglomération,Hors intersection,Normale,Sans collision,,,,,,,,,,,2,1,1,1.0,7.0
201700012150,0017-09-17 15:00:00,17,9,17,15,0,870,91,LES DOGNONS,45.7127,0.72408,Plein jour,Hors agglomération,Intersection en T,Pluie légère,Deux véhicules - côté,,,,,,,,,,,1,1,3,2.0,3.0
201700012151,0017-11-13 06:30:00,17,11,13,6,30,870,111,LA COTE,45.7208,0.86347,Nuit sans éclairage public,Hors agglomération,Hors intersection,Normale,Deux véhicules - frontale,,,,,,,,,,,3,1,1,1.0,1.0
201700012152,0017-11-25 14:30:00,17,11,25,14,30,870,204,LIEU-DIT LE MAS,45.7862,0.71936,Plein jour,Hors agglomération,Hors intersection,Normale,Autre collision,,,,,,,,,,,1,1,1,1.0,6.0
201700012153,0017-12-08 17:20:00,17,12,8,17,20,870,36,LA HAUTE BARRIERE,45.6995,0.94896,Crépuscule ou aube,Hors agglomération,Hors intersection,Normale,Deux véhicules - frontale,,,,,,,,,,,2,1,1,1.0,1.0
201700012154,0017-12-13 18:55:00,17,12,13,18,55,870,32,37 AV.F. MITTEERRAND,45.6521,0.98085,Nuit avec éclairage allumé,En agglomération,Hors intersection,Pluie légère,Autre collision,,,,,,,,,,,5,2,1,2.0,6.0
201700012155,0017-01-27 08:30:00,17,1,27,8,30,870,31,LE MOULIN DE BETOUR,45.5436,1.13871,Plein jour,Hors agglomération,Hors intersection,Autre,Sans collision,,,,,,,,,,,1,1,1,9.0,7.0
201700012156,0017-03-12 08:45:00,17,3,12,8,45,870,176,RD 118 CHEZ MASSET,45.6471,1.2733,Plein jour,Hors agglomération,Hors intersection,Pluie légère,Autre collision,,,,,,,,,,,1,1,1,2.0,6.0
201700012157,0017-04-10 09:45:00,17,4,10,9,45,870,187,ROUTE D'ARFEUILLE,45.5287,1.20866,Plein jour,Hors agglomération,Hors intersection,Normale,Deux véhicules - arrière,,,,,,,,,,,1,1,1,1.0,2.0
201700012158,0017-04-29 19:10:00,17,4,29,19,10,870,77,LA JAUSSONIE,45.6715,1.26057,Plein jour,Hors agglomération,Hors intersection,Normale,Deux véhicules - côté,,,,,,,,,,,1,1,1,1.0,3.0
201700012159,0017-04-30 23:50:00,17,4,30,23,50,870,96,LA TRAVERSE,45.6053,1.22961,Nuit sans éclairage public,Hors agglomération,Hors intersection,Pluie légère,Sans collision,,,,,,,,,,,3,1,1,2.0,7.0
201700012160,0017-06-08 19:10:00,17,6,8,19,10,870,187,ROUTE DE LIMOGES,45.5283,1.209,Plein jour,En agglomération,Autre intersection,Normale,Deux véhicules - côté,,,,,,,,,,,1,2,9,1.0,3.0
201700012161,0017-06-10 18:00:00,17,6,10,18,0,870,187,AVENUE DU GÉNÉRAL CHARLE,45.5235,1.20997,Plein jour,En agglomération,Hors intersection,Temps éblouissant,Autre collision,,,,,,,,,,,1,2,1,7.0,6.0
201700012162,0017-06-12 07:10:00,17,6,12,7,10,870,106,LA PLAINE,45.684,1.22597,Plein jour,Hors agglomération,Intersection en X,Normale,Trois véhicules et plus - en chaîne,,,,,,,,,,,1,1,2,1.0,4.0
201700012163,0017-10-14 11:20:00,17,10,14,11,20,870,187,LIEU DIT TEULET,45.5194,1.17217,Plein jour,Hors agglomération,Hors intersection,Normale,Autre collision,,,,,,,,,,,1,1,1,1.0,6.0
201700012164,0017-10-07 22:00:00,17,10,7,22,0,870,187,LIEU-DIT PIERRE BRUNE,45.5176,1.18998,Nuit avec éclairage allumé,Hors agglomération,Hors intersection,Normale,Autre collision,,,,,,,,,,,5,1,1,1.0,6.0
201700012165,0017-11-04 15:00:00,17,11,4,15,0,870,127,LA TRAVERSE,45.6094,1.22683,Plein jour,Hors agglomération,Autre intersection,Normale,Deux véhicules - arrière,,,,,,,,,,,1,1,9,1.0,2.0
201700012166,0017-09-19 14:05:00,17,9,19,14,5,230,30,RUE EMILE DE GIRARDIN,45.95159,1.75778,Plein jour,En agglomération,Giratoire,Temps couvert,Deux véhicules - arrière,,,,,,,,,,,1,2,6,8.0,2.0
201700012167,0017-09-23 20:45:00,17,9,23,20,45,230,197,8 rue de la garenne,45.99342,1.9707,Nuit avec éclairage allumé,En agglomération,Hors intersection,Normale,Autre collision,,,,,,,,,,,5,2,1,1.0,6.0
201700012168,0017-12-23 22:40:00,17,12,23,22,40,230,168,Villejaleix,46.05136,1.87712,Nuit sans éclairage public,Hors agglomération,Hors intersection,Normale,Sans collision,,,,,,,,,,,3,1,1,1.0,7.0
201700012169,0017-06-01 08:35:00,17,6,1,8,35,230,112,route départementale D95,46.3873,1.79288,Plein jour,Hors agglomération,Hors intersection,Normale,Sans collision,,,,,,,,,,,1,1,1,1.0,7.0
201700012170,0017-06-13 13:20:00,17,6,13,13,20,230,102,RD 990 lieu dit Les Boue,46.22581,2.05458,Plein jour,Hors agglomération,Hors intersection,Normale,Sans collision,,,,,,,,,,,1,1,1,1.0,7.0
201700012171,0017-07-23 01:00:00,17,7,23,1,0,230,31,intersection D997 et rue,46.34769,2.22765,Nuit avec éclairage allumé,En agglomération,Intersection en T,Normale,Deux véhicules - côté,,,,,,,,,,,5,2,3,1.0,3.0
201700012172,0017-08-04 18:30:00,17,8,4,18,30,230,89,D15,46.35366,1.99163,Plein jour,Hors agglomération,Hors intersection,Normale,Deux véhicules - frontale,,,,,,,,,,,1,1,1,1.0,1.0
201700012173,0017-08-06 02:30:00,17,8,6,2,30,230,213,Lieu dit Coussières,46.40566,2.18897,Nuit sans éclairage public,Hors agglomération,Hors intersection,Normale,Autre collision,,,,,,,,,,,3,1,1,1.0,6.0
201700012174,0017-10-22 20:45:00,17,10,22,20,45,230,146,Lieu dit Les Guérins,46.39775,2.1024,Nuit sans éclairage public,Hors agglomération,Hors intersection,Normale,Deux véhicules - frontale,,,,,,,,,,,3,1,1,1.0,1.0
201700012175,0017-11-08 15:10:00,17,11,8,15,10,230,89,voie communale 3,46.34522,1.99589,Plein jour,Hors agglomération,Hors intersection,Pluie légère,Deux véhicules - frontale,,,,,,,,,,,1,1,1,2.0,1.0
201700012176,0017-11-10 21:50:00,17,11,10,21,50,230,25,Départementale 15,46.32837,1.94539,Nuit sans éclairage public,Hors agglomération,Hors intersection,Pluie légère,Sans collision,,,,,,,,,,,3,1,1,2.0,7.0
201700012177,0017-01-20 14:00:00,17,1,20,14,0,230,106,Lieu-dit Montplaisir,46.24525,2.38408,Plein jour,Hors agglomération,Hors intersection,Normale,Autre collision,,,,,,,,,,,1,1,1,1.0,6.0
201700012178,0017-03-11 21:00:00,17,3,11,21,0,230,76,rue des fossés,46.1749,2.48869,Nuit avec éclairage allumé,En agglomération,Hors intersection,Normale,Autre collision,,,,,,,,,,,5,2,1,1.0,6.0
201700012179,0017-04-21 03:45:00,17,4,21,3,45,230,255,"02, LES VÉTIZONS",46.24933,2.24367,Nuit sans éclairage public,Hors agglomération,Hors intersection,Normale,Autre collision,,,,,,,,,,,3,1,1,1.0,6.0
201700012180,0017-04-30 00:20:00,17,4,30,0,20,230,23,"lieu-dit ""Le puy Rougier",46.22518,2.08445,Nuit sans éclairage public,Hors agglomération,Hors intersection,Normale,Autre collision,,,,,,,,,,,3,1,1,1.0,6.0
201700012181,0017-06-21 14:20:00,17,6,21,14,20,230,45,Saint sornin,46.18831,2.39491,Plein jour,Hors agglomération,Hors intersection,Normale,Autre collision,,,,,,,,,,,1,1,1,1.0,6.0
201700012182,0017-08-19 14:35:00,17,8,19,14,35,230,149,RN 145 - PR 70,46.19922,2.14274,Plein jour,Hors agglomération,Hors intersection,Normale,Deux véhicules - côté,,,,,,,,,,,1,1,1,1.0,3.0
201700012183,0017-08-27 11:30:00,17,8,27,11,30,230,83,RD 996,46.09556,2.49789,Plein jour,Hors agglomération,Hors intersection,Normale,Sans collision,,,,,,,,,,,1,1,1,1.0,7.0
201700012184,0017-06-21 21:00:00,17,6,21,21,0,230,8,chemin de la cote verte,45.94955,2.16794,Crépuscule ou aube,Hors agglomération,Hors intersection,Normale,Autre collision,,,,,,,,,,,2,1,1,1.0,6.0
201700012185,0017-07-27 23:20:00,17,7,27,23,20,230,185,La ville du bois,46.13846,2.19784,Nuit sans éclairage public,Hors agglomération,Hors intersection,Normale,Autre collision,,,,,,,,,,,3,1,1,1.0,6.0
201700012186,0017-07-30 14:30:00,17,7,30,14,30,230,8,CD 941 et CD 982,45.93993,2.1452,Plein jour,Hors agglomération,Intersection à plus de 4 branches,Normale,Deux véhicules - côté,,,,,,,,,,,1,1,5,1.0,3.0
201700012187,0017-08-02 17:15:00,17,8,2,17,15,230,24,rue de la chaumière,45.9534,2.13606,Plein jour,En agglomération,Hors intersection,Normale,Sans collision,,,,,,,,,,,1,2,1,1.0,7.0
201700012188,0017-08-25 18:00:00,17,8,25,18,0,230,179,lieu-dit Montépioux,45.97056,2.22697,Plein jour,Hors agglomération,Intersection en Y,Normale,Deux véhicules - frontale,,,,,,,,,,,1,1,4,1.0,1.0
201700012189,0017-07-16 11:05:00,17,7,16,11,5,230,13,"""Le pont du Cher""",46.01707,2.52022,Plein jour,Hors agglomération,Hors intersection,Normale,Sans collision,,,,,,,,,,,1,1,1,1.0,7.0
201700012190,0017-08-12 21:35:00,17,8,12,21,35,230,13,Ancien chemin d'Auzances,46.0242,2.51559,Crépuscule ou aube,Hors agglomération,Hors intersection,Normale,Sans collision,,,,,,,,,,,2,1,1,1.0,7.0
201700012191,0017-08-26 11:45:00,17,8,26,11,45,230,226,Lieu-dit Arfeuillole,45.86505,2.34341,Plein jour,Hors agglomération,Hors intersection,Normale,Deux véhicules - frontale,,,,,,,,,,,1,1,1,1.0,1.0
201700012192,0017-09-15 13:10:00,17,9,15,13,10,230,164,la combe,46.06815,2.49978,Plein jour,Hors agglomération,Hors intersection,Temps couvert,Autre collision,,,,,,,,,,,1,1,1,8.0,6.0
201700012193,0017-01-14 16:15:00,17,1,14,16,15,170,396,D115,46.22324,-0.87817,Plein jour,Hors agglomération,Intersection en T,Normale,Deux véhicules - côté,,,,,,,,,,,1,1,3,1.0,3.0
201700012194,0017-01-15 06:30:00,17,1,15,6,30,170,8,D112,46.24671,-1.01971,Crépuscule ou aube,En agglomération,Hors intersection,Normale,Autre collision,,,,,,,,,,,2,2,1,1.0,6.0
201700012195,0017-05-13 16:50:00,17,5,13,16,50,170,127,rue de marans,46.24723,-0.8173,Plein jour,En agglomération,Intersection en T,Normale,Deux véhicules - côté,,,,,,,,,,,1,2,3,1.0,3.0
201700012196,0017-05-23 18:20:00,17,5,23,18,20,170,127,Rue de marans,46.24606,-0.81393,Plein jour,En agglomération,Intersection en X,Normale,Deux véhicules - côté,,,,,,,,,,,1,2,2,1.0,3.0
201700012197,0017-06-01 17:45:00,17,6,1,17,45,170,41,RD 116,46.21862,-0.80895,Plein jour,Hors agglomération,Hors intersection,Normale,Deux véhicules - frontale,,,,,,,,,,,1,1,1,1.0,1.0
201700012198,0017-07-16 00:10:00,17,7,16,0,10,170,91,D105,46.25989,-1.10872,Nuit sans éclairage public,Hors agglomération,Hors intersection,Normale,Sans collision,,,,,,,,,,,3,1,1,1.0,7.0