accident_id,datetime,annee,mois,jour,heure,minute,departement,commune_insee,adresse,latitude,longitude,luminosite,agglomeration,intersection,meteo,collision,nb_vehicules,nb_usagers,nb_indemnes,nb_tues,nb_blesses_hosp,nb_blesses_legers,age_cond_1,age_cond_2,veh_type_cond_1,veh_type_cond_2,lum_code,agg_code,int_code,atm_code,col_code
201700012199,0017-08-14 04:55:00,17,8,14,4,55,170,127,RD 116 route de la ronde,46.25348,-0.81786,Nuit sans éclairage public,Hors agglomération,Hors intersection,Normale,Autre collision,,,,,,,,,,,3,1,1,1.0,6.0
201700012200,0017-08-31 21:13:00,17,8,31,21,13,170,218,lieu-dit l'aventure,46.33806,-0.99817,Nuit sans éclairage public,Hors agglomération,Hors intersection,Normale,Autre collision,,,,,,,,,,,3,1,1,1.0,6.0
201700012201,0017-09-08 18:40:00,17,9,8,18,40,170,186,6 Rue du moulin David,46.18953,-0.86366,Plein jour,En agglomération,Hors intersection,Normale,Deux véhicules - frontale,,,,,,,,,,,1,2,1,1.0,1.0
201700012202,0017-09-10 18:00:00,17,9,10,18,0,170,8,D 137,46.28276,-0.99492,Plein jour,Hors agglomération,Hors intersection,Temps couvert,Autre collision,,,,,,,,,,,1,1,1,8.0,6.0
201700012203,0017-09-23 23:10:00,17,9,23,23,10,170,218,D938 ter,46.32379,-0.97808,Nuit sans éclairage public,Hors agglomération,Hors intersection,Normale,Deux véhicules - frontale,,,,,,,,,,,3,1,1,1.0,1.0
201700012204,0017-10-22 09:30:00,17,10,22,9,30,170,218,Rue Jean BARBIER,46.30604,-1.00569,Plein jour,En agglomération,Giratoire,Normale,Deux véhicules - côté,,,,,,,,,,,1,2,6,1.0,3.0
201700012205,0017-11-08 08:30:00,17,11,8,8,30,170,322,la repentie,46.2575,-0.84095,Plein jour,Hors agglomération,Hors intersection,Normale,Sans collision,,,,,,,,,,,1,1,1,1.0,7.0
201700012206,0017-01-22 19:45:00,17,1,22,19,45,170,403,D19,45.4109,-0.45072,Nuit sans éclairage public,Hors agglomération,Hors intersection,Normale,Sans collision,,,,,,,,,,,3,1,1,1.0,7.0
201700012207,0017-02-26 13:35:00,17,2,26,13,35,170,197,rue Félix Faure,45.44747,-0.43489,Plein jour,En agglomération,Intersection en X,Pluie légère,Deux véhicules - côté,,,,,,,,,,,1,2,2,2.0,3.0
201700012208,0017-02-27 07:30:00,17,2,27,7,30,170,316,Canton de Bordeau,45.44464,-0.28965,Crépuscule ou aube,Hors agglomération,Intersection en X,Normale,Deux véhicules - arrière,,,,,,,,,,,2,1,2,1.0,2.0
201700012209,0017-03-18 20:00:00,17,3,18,20,0,170,270,ROUSSILLON - RD134,45.41614,-0.41641,Nuit sans éclairage public,Hors agglomération,Hors intersection,Normale,Deux véhicules - frontale,,,,,,,,,,,3,1,1,1.0,1.0
201700012210,0017-04-24 18:50:00,17,4,24,18,50,170,108,"CD 142, ld ""La Cayenne""",45.50686,-0.45475,Plein jour,Hors agglomération,Intersection en X,Normale,Deux véhicules - côté,,,,,,,,,,,1,1,2,1.0,3.0
201700012211,0017-06-15 17:30:00,17,6,15,17,30,170,270,route de JONZAC,45.41485,-0.41579,Plein jour,Hors agglomération,Intersection en T,Normale,Deux véhicules - côté,,,,,,,,,,,1,1,3,1.0,3.0
201700012212,0017-07-15 06:40:00,17,7,15,6,40,170,363,L'endouille,45.46546,-0.44527,Plein jour,Hors agglomération,Hors intersection,Normale,Autre collision,,,,,,,,,,,1,1,1,1.0,6.0
201700012213,0017-08-13 08:45:00,17,8,13,8,45,170,106,LE MOULIN DU PAS,45.57149,-0.30989,Plein jour,Hors agglomération,Hors intersection,Temps couvert,Autre collision,,,,,,,,,,,1,1,1,8.0,6.0
201700012214,0017-09-30 22:45:00,17,9,30,22,45,170,20,Chez giraud,45.50661,-0.3013,Nuit sans éclairage public,Hors agglomération,Autre intersection,Normale,Autre collision,,,,,,,,,,,3,1,9,1.0,6.0
201700012215,0017-10-12 20:30:00,17,10,12,20,30,170,108,le grand Blanchard,45.48559,-0.44507,Nuit sans éclairage public,En agglomération,Intersection en T,Normale,Deux véhicules - frontale,,,,,,,,,,,3,2,3,1.0,1.0
201700012216,0017-11-13 15:25:00,17,11,13,15,25,170,197,avenue des poilus,45.44174,-0.43584,Plein jour,En agglomération,Autre intersection,Normale,Deux véhicules - côté,,,,,,,,,,,1,2,9,1.0,3.0
201700012217,0017-12-06 09:00:00,17,12,6,9,0,170,204,Chez cosson,45.36261,-0.32452,Plein jour,Hors agglomération,Hors intersection,Autre,Autre collision,,,,,,,,,,,1,1,1,9.0,6.0
201700012218,0017-04-04 15:20:00,17,4,4,15,20,170,317,D730,45.41739,-0.62559,Plein jour,Hors agglomération,Hors intersection,Normale,Deux véhicules - frontale,,,,,,,,,,,1,1,1,1.0,1.0
201700012219,0017-04-25 06:30:00,17,4,25,6,30,170,263,Pont de la Blaude,45.41719,-0.56434,Crépuscule ou aube,Hors agglomération,Hors intersection,Normale,Autre collision,,,,,,,,,,,2,1,1,1.0,6.0
201700012220,0017-05-17 18:00:00,17,5,17,18,0,170,68,RD 144,45.50649,-0.73266,Plein jour,Hors agglomération,Intersection en X,Pluie légère,Deux véhicules - frontale,,,,,,,,,,,1,1,2,2.0,1.0
201700012221,0017-07-04 19:40:00,17,7,4,19,40,170,430,avenue de l'océan,45.3538,-0.51504,Crépuscule ou aube,En agglomération,Intersection en X,Temps éblouissant,Deux véhicules - côté,,,,,,,,,,,2,2,2,7.0,3.0
201700012222,0017-08-06 01:45:00,17,8,6,1,45,170,331,3 route de jonzac,45.47862,-0.56943,Nuit avec éclairage allumé,En agglomération,Intersection en T,Normale,Autre collision,,,,,,,,,,,5,2,3,1.0,6.0
201700012223,0017-08-21 07:45:00,17,8,21,7,45,170,332,lieu dit Péracot,45.49639,-0.48389,Plein jour,Hors agglomération,Hors intersection,Temps éblouissant,Deux véhicules - frontale,,,,,,,,,,,1,1,1,7.0,1.0
201700012224,0017-09-01 15:00:00,17,9,1,15,0,170,423,la petite lande,45.39844,-0.59609,Plein jour,Hors agglomération,Hors intersection,Normale,Autre collision,,,,,,,,,,,1,1,1,1.0,6.0
201700012225,0017-10-15 18:00:00,17,10,15,18,0,170,331,RD 2 - route du Luth,45.47691,-0.58595,Plein jour,Hors agglomération,Hors intersection,Normale,Deux véhicules - frontale,,,,,,,,,,,1,1,1,1.0,1.0
201700012226,0017-11-09 08:15:00,17,11,9,8,15,170,84,lieu dit Charrassier,45.50356,-0.63355,Plein jour,Hors agglomération,Intersection en T,Normale,Sans collision,,,,,,,,,,,1,1,3,1.0,7.0
201700012227,0017-01-03 08:30:00,17,1,3,8,30,170,260,lieu dit BERTEAU,45.25107,-0.20436,Plein jour,Hors agglomération,Hors intersection,Autre,Sans collision,,,,,,,,,,,1,1,1,9.0,7.0
201700012228,0017-04-22 17:50:00,17,4,22,17,50,170,365,ardeuil,45.20913,-0.18806,Plein jour,Hors agglomération,Intersection en T,Normale,Deux véhicules - côté,,,,,,,,,,,1,1,3,1.0,3.0
201700012229,0017-05-10 06:45:00,17,5,10,6,45,170,365,1 route de libourne,45.20974,-0.18824,Crépuscule ou aube,Hors agglomération,Intersection en Y,Normale,Trois véhicules et plus - collisions multiples,,,,,,,,,,,2,1,4,1.0,5.0
201700012230,0017-10-27 18:05:00,17,10,27,18,5,170,167,Voie communale n°2,45.19165,-0.15691,Plein jour,Hors agglomération,Intersection en X,Normale,Deux véhicules - côté,,,,,,,,,,,1,1,2,1.0,3.0
201700012231,0017-12-12 07:50:00,17,12,12,7,50,170,365,"lieu dit ""Turpin""",45.22456,-0.20601,Nuit sans éclairage public,Hors agglomération,Hors intersection,Brouillard / fumée,Trois véhicules et plus - collisions multiples,,,,,,,,,,,3,1,1,5.0,5.0
201700012232,0017-02-06 17:15:00,17,2,6,17,15,170,174,D211,46.0468,-0.79302,Crépuscule ou aube,Hors agglomération,Hors intersection,Pluie légère,Autre collision,,,,,,,,,,,2,1,1,2.0,6.0
201700012233,0017-02-12 10:45:00,17,2,12,10,45,170,174,D 211 - Lieu-dit Linée,46.04837,-0.79307,Plein jour,Hors agglomération,Hors intersection,Normale,Autre collision,,,,,,,,,,,1,1,1,1.0,6.0
201700012234,0017-02-13 16:00:00,17,2,13,16,0,170,205,D 214,45.99087,-0.92115,Plein jour,Hors agglomération,Hors intersection,Pluie légère,Deux véhicules - frontale,,,,,,,,,,,1,1,1,2.0,1.0
201700012235,0017-03-07 16:10:00,17,3,7,16,10,170,253,D911,46.00689,-0.87646,Plein jour,Hors agglomération,Hors intersection,Pluie légère,Deux véhicules - frontale,,,,,,,,,,,1,1,1,2.0,1.0
201700012236,0017-03-16 07:00:00,17,3,16,7,0,170,353,route de l'océan,45.99277,-1.03533,Crépuscule ou aube,Hors agglomération,Hors intersection,Normale,Autre collision,,,,,,,,,,,2,1,1,1.0,6.0
201700012237,0017-03-19 11:35:00,17,3,19,11,35,170,253,CD911 - ILE D'ALBE,46.00689,-0.87646,Plein jour,Hors agglomération,Hors intersection,Normale,Sans collision,,,,,,,,,,,1,1,1,1.0,7.0
201700012238,0017-07-30 15:15:00,17,7,30,15,15,170,75,D124,45.91249,-0.83273,Plein jour,Hors agglomération,Hors intersection,Normale,Autre collision,,,,,,,,,,,1,1,1,1.0,6.0
201700012239,0017-08-04 14:30:00,17,8,4,14,30,170,253,Lieu-dit la pavillon - l,45.98658,-0.8742,Plein jour,Hors agglomération,Hors intersection,Normale,Autre collision,,,,,,,,,,,1,1,1,1.0,6.0
201700012240,0017-07-23 16:15:00,17,7,23,16,15,170,168,116 rue Aristide BRIAND,45.98649,-1.09007,Plein jour,Hors agglomération,Hors intersection,Normale,Autre collision,,,,,,,,,,,1,1,1,1.0,6.0
201700012241,0017-08-18 17:25:00,17,8,18,17,25,170,394,CD111,46.11373,-0.6912,Plein jour,Hors agglomération,Intersection en T,Normale,Deux véhicules - côté,,,,,,,,,,,1,1,3,1.0,3.0
201700012242,0017-09-13 01:00:00,17,9,13,1,0,170,253,RD 911 - L'Ile d'Albe,46.0158,-0.85409,Nuit sans éclairage public,Hors agglomération,Hors intersection,Pluie légère,Deux véhicules - arrière,,,,,,,,,,,3,1,1,2.0,2.0
201700012243,0017-11-04 19:15:00,17,11,4,19,15,170,253,RD 911,45.98648,-0.90164,Nuit sans éclairage public,Hors agglomération,Intersection en X,Temps couvert,Autre collision,,,,,,,,,,,3,1,2,8.0,6.0
201700012244,0017-12-30 17:20:00,17,12,30,17,20,170,253,"D 911, LIUE DIT 'ILE D'A",46.01234,-0.86009,Crépuscule ou aube,Hors agglomération,Hors intersection,Normale,Deux véhicules - frontale,,,,,,,,,,,2,1,1,1.0,1.0
201700012245,0017-02-20 07:55:00,17,2,20,7,55,170,21,Rue de l'atlantique,45.75009,-1.15695,Plein jour,En agglomération,Hors intersection,Normale,Autre collision,,,,,,,,,,,1,2,1,1.0,6.0
201700012246,0017-03-17 17:20:00,17,3,17,17,20,170,452,boulevard Joffre,45.76142,-1.14168,Plein jour,En agglomération,Intersection en T,Normale,Deux véhicules - côté,,,,,,,,,,,1,2,3,1.0,3.0
201700012247,0017-04-22 20:00:00,17,4,22,20,0,170,155,73 rue CHARLES HERVÉ,45.73112,-1.09701,Plein jour,En agglomération,Hors intersection,Normale,Autre collision,,,,,,,,,,,1,2,1,1.0,6.0
201700012248,0017-05-16 07:45:00,17,5,16,7,45,170,409,D 733 - PK 26+500,45.67819,-0.99846,Plein jour,Hors agglomération,Hors intersection,Normale,Sans collision,,,,,,,,,,,1,1,1,1.0,7.0
201700012249,0017-06-07 20:25:00,17,6,7,20,25,170,452,D 728 E,45.7898,-1.15289,Plein jour,Hors agglomération,Hors intersection,Normale,Autre collision,,,,,,,,,,,1,1,1,1.0,6.0
201700012250,0017-07-03 12:00:00,17,7,3,12,0,170,64,cd 14 route du margarin,45.70925,-1.06348,Plein jour,Hors agglomération,Hors intersection,Normale,Deux véhicules - frontale,,,,,,,,,,,1,1,1,1.0,1.0
201700012251,0017-07-06 14:00:00,17,7,6,14,0,170,225,rue des carrières,45.72921,-1.14172,Plein jour,En agglomération,Hors intersection,Normale,Deux véhicules - frontale,,,,,,,,,,,1,2,1,1.0,1.0
201700012252,0017-07-09 16:50:00,17,7,9,16,50,170,452,l'embellie,45.78725,-1.21548,Plein jour,Hors agglomération,Hors intersection,Normale,Sans collision,,,,,,,,,,,1,1,1,1.0,7.0
201700012253,0017-08-02 07:20:00,17,8,2,7,20,170,452,LES BRASSONS,45.76096,-1.13796,Plein jour,En agglomération,Intersection en X,Normale,Deux véhicules - frontale,,,,,,,,,,,1,2,2,1.0,1.0
201700012254,0017-08-06 13:55:00,17,8,6,13,55,170,225,avenue de royan,45.6814,-1.15774,Plein jour,En agglomération,Hors intersection,Normale,Deux véhicules - côté,,,,,,,,,,,1,2,1,1.0,3.0
201700012255,0017-08-09 23:20:00,17,8,9,23,20,170,21,route départementale 141,45.73581,-1.12925,Nuit sans éclairage public,Hors agglomération,Hors intersection,Pluie légère,Autre collision,,,,,,,,,,,3,1,1,2.0,6.0
201700012256,0017-10-10 07:30:00,17,10,10,7,30,170,64,route de royan,45.66606,-1.05579,Crépuscule ou aube,Hors agglomération,Hors intersection,Pluie légère,Deux véhicules - côté,,,,,,,,,,,2,1,1,2.0,3.0
201700012257,0017-10-19 13:20:00,17,10,19,13,20,170,64,"D140 E2, lieu-dit Taupig",45.66802,-1.05502,Plein jour,Hors agglomération,Hors intersection,Normale,Autre collision,,,,,,,,,,,1,1,1,1.0,6.0
201700012258,0017-11-13 02:00:00,17,11,13,2,0,170,452,BOULEVARD PASTEUR,45.77409,-1.14306,Nuit avec éclairage non allumé,En agglomération,Hors intersection,Normale,Autre collision,,,,,,,,,,,4,2,1,1.0,6.0
201700012259,0017-12-14 10:40:00,17,12,14,10,40,170,452,Rue jean Hay,45.77667,-1.14529,Plein jour,En agglomération,Intersection en T,Normale,Deux véhicules - frontale,,,,,,,,,,,1,2,3,1.0,1.0
201700012260,0017-12-20 17:00:00,17,12,20,17,0,170,64,CD 14,45.70834,-1.06213,Plein jour,Hors agglomération,Hors intersection,Normale,Trois véhicules et plus - collisions multiples,,,,,,,,,,,1,1,1,1.0,5.0
201700012261,0017-01-22 00:25:00,17,1,22,0,25,170,140,D734,45.91112,-1.26592,Nuit avec éclairage non allumé,En agglomération,Giratoire,Normale,Autre collision,,,,,,,,,,,4,2,6,1.0,6.0
201700012262,0017-04-19 15:15:00,17,4,19,15,15,170,385,23 route des allées,45.94031,-1.30304,Plein jour,En agglomération,Intersection en T,Normale,Deux véhicules - côté,,,,,,,,,,,1,2,3,1.0,3.0
201700012263,0017-05-04 00:15:00,17,5,4,0,15,170,93,RD 26 viaduc d'Oléron,45.8564,-1.18567,Nuit avec éclairage allumé,Hors agglomération,Hors intersection,Normale,Deux véhicules - arrière,,,,,,,,,,,5,1,1,1.0,2.0
201700012264,0017-06-03 17:10:00,17,6,3,17,10,170,411,avenue du port,45.84509,-1.20942,Plein jour,En agglomération,Giratoire,Normale,Deux véhicules - côté,,,,,,,,,,,1,2,6,1.0,3.0
201700012265,0017-06-16 16:20:00,17,6,16,16,20,170,385,D 273 ROUTE DE SAINT SAI,45.9602,-1.31935,Plein jour,Hors agglomération,Hors intersection,Normale,Autre collision,,,,,,,,,,,1,1,1,1.0,6.0
201700012266,0017-07-09 16:25:00,17,7,9,16,25,170,337,734,45.9781,-1.35439,Plein jour,En agglomération,Autre intersection,Normale,Autre collision,,,,,,,,,,,1,2,9,1.0,6.0
201700012267,0017-07-22 16:15:00,17,7,22,16,15,170,93,route des ancienne salin,45.86599,-1.22166,Plein jour,Hors agglomération,Hors intersection,Normale,Deux véhicules - côté,,,,,,,,,,,1,1,1,1.0,3.0
201700012268,0017-08-02 15:50:00,17,8,2,15,50,170,140,Intersection D26/D126,45.89737,-1.24843,Plein jour,Hors agglomération,Intersection en T,Normale,Deux véhicules - côté,,,,,,,,,,,1,1,3,1.0,3.0
201700012269,0017-08-06 22:05:00,17,8,6,22,5,170,486,D 273 E,46.0015,-1.36105,Nuit sans éclairage public,Hors agglomération,Hors intersection,Normale,Sans collision,,,,,,,,,,,3,1,1,1.0,7.0
201700012270,0017-08-11 10:10:00,17,8,11,10,10,170,140,RD 734,45.91662,-1.27429,Plein jour,Hors agglomération,Intersection en T,Normale,Deux véhicules - côté,,,,,,,,,,,1,1,3,1.0,3.0
201700012271,0017-08-10 08:40:00,17,8,10,8,40,170,93,RD26 / rue de l'ancienne,45.88131,-1.22256,Plein jour,Hors agglomération,Intersection en X,Normale,Deux véhicules - côté,,,,,,,,,,,1,1,2,1.0,3.0
201700012272,0017-08-13 14:45:00,17,8,13,14,45,170,486,D734,46.00737,-1.36904,Plein jour,Hors agglomération,Intersection en T,Normale,Deux véhicules - côté,,,,,,,,,,,1,1,3,1.0,3.0
201700012273,0017-08-15 18:50:00,17,8,15,18,50,170,337,271 Route de la boulinie,45.95943,-1.36539,Plein jour,Hors agglomération,Autre intersection,Normale,Autre collision,,,,,,,,,,,1,1,9,1.0,6.0
201700012274,0017-08-16 02:30:00,17,8,16,2,30,170,385,rue de l'étang,45.95263,-1.35047,Nuit sans éclairage public,Hors agglomération,Hors intersection,Normale,Autre collision,,,,,,,,,,,3,1,1,1.0,6.0
201700012275,0017-09-02 16:45:00,17,9,2,16,45,170,385,route de mouleron,45.9311,-1.3029,Plein jour,Hors agglomération,Hors intersection,Normale,Deux véhicules - côté,,,,,,,,,,,1,1,1,1.0,3.0
201700012276,0017-09-06 15:30:00,17,9,6,15,30,170,385,Intersection rue Franck,45.94578,-1.30895,Plein jour,En agglomération,Intersection en X,Normale,Sans collision,,,,,,,,,,,1,2,2,1.0,7.0
201700012277,0017-01-06 16:10:00,17,1,6,16,10,170,107,route de rochefort,46.05325,-0.93336,Plein jour,En agglomération,Hors intersection,Normale,Autre collision,,,,,,,,,,,1,2,1,1.0,6.0
201700012278,0017-01-12 09:15:00,17,1,12,9,15,170,434,D209,46.11363,-0.73629,Plein jour,Hors agglomération,Hors intersection,Pluie légère,Autre collision,,,,,,,,,,,1,1,1,2.0,6.0
201700012279,0017-02-11 05:45:00,17,2,11,5,45,170,359,99 rue Aunis Saintonge,46.10011,-0.67453,Nuit avec éclairage allumé,En agglomération,Hors intersection,Normale,Autre collision,,,,,,,,,,,5,2,1,1.0,6.0
201700012280,0017-02-28 06:45:00,17,2,28,6,45,170,447,D5,46.08911,-0.93913,Nuit sans éclairage public,Hors agglomération,Hors intersection,Pluie forte,Autre collision,,,,,,,,,,,3,1,1,3.0,6.0
201700012281,0017-03-10 15:50:00,17,3,10,15,50,170,203,RD 112,46.06498,-0.85334,Plein jour,Hors agglomération,Hors intersection,Normale,Autre collision,,,,,,,,,,,1,1,1,1.0,6.0
201700012282,0017-03-12 17:30:00,17,3,12,17,30,170,394,route de SURGERES - CHAB,46.11563,-0.67872,Plein jour,En agglomération,Hors intersection,Pluie légère,Autre collision,,,,,,,,,,,1,2,1,2.0,6.0
201700012283,0017-03-11 18:55:00,17,3,11,18,55,170,359,RD115,46.10141,-0.66455,Plein jour,Hors agglomération,Hors intersection,Normale,Deux véhicules - côté,,,,,,,,,,,1,1,1,1.0,3.0
201700012284,0017-03-20 10:45:00,17,3,20,10,45,170,447,"RD5, Fief Girard",46.09615,-0.94159,Plein jour,Hors agglomération,Hors intersection,Normale,Deux véhicules - arrière,,,,,,,,,,,1,1,1,1.0,2.0
201700012285,0017-03-26 11:50:00,17,3,26,11,50,170,434,rue Amiral Courbet,46.11292,-0.74748,Plein jour,En agglomération,Intersection en X,Normale,Deux véhicules - arrière,,,,,,,,,,,1,2,2,1.0,2.0
201700012286,0017-04-10 16:05:00,17,4,10,16,5,170,434,rue du beurre,46.11356,-0.7489,Plein jour,En agglomération,Hors intersection,Normale,Autre collision,,,,,,,,,,,1,2,1,1.0,6.0
201700012287,0017-04-13 18:15:00,17,4,13,18,15,170,359,RN 939,46.09636,-0.72486,Plein jour,Hors agglomération,Autre intersection,Normale,Deux véhicules - côté,,,,,,,,,,,1,1,9,1.0,3.0
201700012288,0017-04-13 13:10:00,17,4,13,13,10,170,434,place de l'europe,46.10669,-0.75203,Plein jour,En agglomération,Hors intersection,Normale,Autre collision,,,,,,,,,,,1,2,1,1.0,6.0
201700012289,0017-05-27 12:15:00,17,5,27,12,15,170,480,Carrefour D108-D117,46.14355,-0.85629,Plein jour,Hors agglomération,Intersection en X,Temps éblouissant,Deux véhicules - côté,,,,,,,,,,,1,1,2,7.0,3.0
201700012290,0017-06-01 20:55:00,17,6,1,20,55,170,221,D120,46.1332,-0.58387,Plein jour,Hors agglomération,Hors intersection,Normale,Autre collision,,,,,,,,,,,1,1,1,1.0,6.0
201700012291,0017-06-09 17:35:00,17,6,9,17,35,170,340,départementale 911  -  P,46.07784,-0.78155,Plein jour,Hors agglomération,Hors intersection,Normale,Deux véhicules - côté,,,,,,,,,,,1,1,1,1.0,3.0
201700012292,0017-06-22 05:15:00,17,6,22,5,15,170,293,RD 115 pk 18.850,46.12519,-0.77198,Crépuscule ou aube,Hors agglomération,Hors intersection,Normale,Autre collision,,,,,,,,,,,2,1,1,1.0,6.0
201700012293,0017-07-02 11:00:00,17,7,2,11,0,170,434,Avenue du général de gau,46.10653,-0.74803,Plein jour,En agglomération,Hors intersection,Normale,Deux véhicules - côté,,,,,,,,,,,1,2,1,1.0,3.0
201700012294,0017-08-22 11:15:00,17,8,22,11,15,170,394,D118,46.13275,-0.66668,Plein jour,Hors agglomération,Intersection en X,Normale,Deux véhicules - côté,,,,,,,,,,,1,1,2,1.0,3.0
201700012295,0017-09-21 08:30:00,17,9,21,8,30,170,434,PARKING DU magasin U EXP,46.10568,-0.75156,Plein jour,En agglomération,Autre intersection,Normale,Autre collision,,,,,,,,,,,1,2,9,1.0,6.0
201700012296,0017-09-22 17:45:00,17,9,22,17,45,170,340,D911 - lieu dit Brette-,46.05566,-0.80893,Plein jour,Hors agglomération,Autre intersection,Normale,Trois véhicules et plus - collisions multiples,,,,,,,,,,,1,1,9,1.0,5.0
201700012297,0017-09-29 17:20:00,17,9,29,17,20,170,293,CD 115,46.13407,-0.78642,Plein jour,Hors agglomération,Intersection en Y,Normale,Sans collision,,,,,,,,,,,1,1,4,1.0,7.0
201700012298,0017-09-29 20:30:00,17,9,29,20,30,170,482,CD 115,46.13466,-0.78834,Crépuscule ou aube,Hors agglomération,Hors intersection,Normale,Autre collision,,,,,,,,,,,2,1,1,1.0,6.0
201700012299,0017-10-27 08:05:00,17,10,27,8,5,170,166,D939/ RUE DE LA MAISONNE,46.09957,-0.89462,Crépuscule ou aube,Hors agglomération,Intersection en X,Normale,Deux véhicules - arrière,,,,,,,,,,,2,1,2,1.0,2.0
201700012300,0017-11-02 18:45:00,17,11,2,18,45,170,480,RUE DE LA ROCHELLE,46.14182,-0.90299,Crépuscule ou aube,En agglomération,Intersection en Y,Normale,Deux véhicules - côté,,,,,,,,,,,2,2,4,1.0,3.0
201700012301,0017-11-04 11:40:00,17,11,4,11,40,170,166,D939,46.10115,-0.87178,Plein jour,Hors agglomération,Intersection en Y,Normale,Deux véhicules - arrière,,,,,,,,,,,1,1,4,1.0,2.0
201700012302,0017-11-10 15:15:00,17,11,10,15,15,170,434,RD209 - PK N°11,46.12904,-0.6958,Plein jour,Hors agglomération,Hors intersection,Normale,Sans collision,,,,,,,,,,,1,1,1,1.0,7.0
201700012303,0017-11-20 18:10:00,17,11,20,18,10,170,340,D911,46.06342,-0.79623,Nuit sans éclairage public,Hors agglomération,Hors intersection,Normale,Deux véhicules - côté,,,,,,,,,,,3,1,1,1.0,3.0
201700012304,0017-11-22 16:45:00,17,11,22,16,45,170,3,D113,46.12379,-0.92685,Crépuscule ou aube,Hors agglomération,Hors intersection,Normale,Deux véhicules - arrière,,,,,,,,,,,2,1,1,1.0,2.0
201700012305,0017-11-24 16:45:00,17,11,24,16,45,170,434,RD114,46.09459,-0.75319,Plein jour,Hors agglomération,Intersection en X,Temps couvert,Deux véhicules - côté,,,,,,,,,,,1,1,2,8.0,3.0
201700012306,0017-12-16 08:30:00,17,12,16,8,30,170,3,Avenue des marronniers,46.11599,-0.93633,Plein jour,En agglomération,Hors intersection,Normale,Deux véhicules - frontale,,,,,,,,,,,1,2,1,1.0,1.0
201700012307,0017-02-10 13:50:00,17,2,10,13,50,170,347,intersection rue Laurent,45.94342,-0.51407,Plein jour,En agglomération,Intersection en X,Normale,Deux véhicules - côté,,,,,,,,,,,1,2,2,1.0,3.0
201700012308,0017-03-30 18:30:00,17,3,30,18,30,170,226,202 ch de la princesse,45.93348,-0.53362,Plein jour,En agglomération,Hors intersection,Normale,Autre collision,,,,,,,,,,,1,2,1,1.0,6.0
201700012309,0017-04-12 16:15:00,17,4,12,16,15,170,344,D731 - D230,45.85062,-0.51715,Plein jour,Hors agglomération,Intersection en T,Normale,Deux véhicules - frontale,,,,,,,,,,,1,1,3,1.0,1.0
201700012310,0017-05-10 13:00:00,17,5,10,13,0,170,22,rue du maronnier,45.90956,-0.53667,Plein jour,Hors agglomération,Hors intersection,Pluie forte,Deux véhicules - frontale,,,,,,,,,,,1,1,1,3.0,1.0
201700012311,0017-06-18 00:20:00,17,6,18,0,20,170,440,"Lieu-dit "" Les Granges""",45.94345,-0.53931,Nuit avec éclairage allumé,En agglomération,Intersection en X,Normale,Deux véhicules - côté,,,,,,,,,,,5,2,2,1.0,3.0
201700012312,0017-07-24 20:20:00,17,7,24,20,20,170,22,La Laigne,45.89886,-0.53066,Plein jour,Hors agglomération,Hors intersection,Normale,Autre collision,,,,,,,,,,,1,1,1,1.0,6.0
201700012313,0017-08-13 17:20:00,17,8,13,17,20,170,17,"D739E , lieu-dit PORT L'",45.95616,-0.69649,Plein jour,Hors agglomération,Hors intersection,Normale,Autre collision,,,,,,,,,,,1,1,1,1.0,6.0
201700012314,0017-08-31 16:20:00,17,8,31,16,20,170,347,02 ALLÉE D'AUSSY,45.94287,-0.51534,Plein jour,En agglomération,Hors intersection,Normale,Deux véhicules - arrière,,,,,,,,,,,1,2,1,1.0,2.0
201700012315,0017-09-07 22:30:00,17,9,7,22,30,170,448,20 route de Rochefort,45.96647,-0.71237,Nuit avec éclairage allumé,En agglomération,Hors intersection,Normale,Autre collision,,,,,,,,,,,5,2,1,1.0,6.0
201700012316,0017-12-27 19:00:00,17,12,27,19,0,170,347,avenue de Gaulle,45.93981,-0.51141,Nuit avec éclairage allumé,En agglomération,Intersection en X,Normale,Deux véhicules - côté,,,,,,,,,,,5,2,2,1.0,3.0
201700012317,0017-01-09 16:30:00,17,1,9,16,30,170,177,D131,45.93673,-0.24754,Plein jour,Hors agglomération,Hors intersection,Pluie légère,Autre collision,,,,,,,,,,,1,1,1,2.0,6.0
201700012318,0017-02-18 17:15:00,17,2,18,17,15,170,43,D115 PK 27.600,46.09921,-0.65243,Plein jour,Hors agglomération,Hors intersection,Normale,Sans collision,,,,,,,,,,,1,1,1,1.0,7.0
201700012319,0017-03-19 11:15:00,17,3,19,11,15,170,177,rue du logis,45.93015,-0.24589,Plein jour,En agglomération,Hors intersection,Normale,Autre collision,,,,,,,,,,,1,2,1,1.0,6.0
201700012320,0017-03-21 10:35:00,17,3,21,10,35,170,24,25 rue des carmes,46.02199,-0.3499,Plein jour,En agglomération,Hors intersection,Pluie légère,Autre collision,,,,,,,,,,,1,2,1,2.0,6.0