accident_id,datetime,annee,mois,jour,heure,minute,departement,commune_insee,adresse,latitude,longitude,luminosite,agglomeration,intersection,meteo,collision,nb_vehicules,nb_usagers,nb_indemnes,nb_tues,nb_blesses_hosp,nb_blesses_legers,age_cond_1,age_cond_2,veh_type_cond_1,veh_type_cond_2,lum_code,agg_code,int_code,atm_code,col_code
201700012321,0017-05-21 11:15:00,17,5,21,11,15,170,384,CD 127,46.03163,-0.44423,Plein jour,Hors agglomération,Intersection en Y,Normale,Autre collision,,,,,,,,,,,1,1,4,1.0,6.0
201700012322,0017-08-05 05:20:00,17,8,5,5,20,170,478,départementale 129,46.0426,-0.21655,Crépuscule ou aube,Hors agglomération,Hors intersection,Normale,Sans collision,,,,,,,,,,,2,1,1,1.0,7.0
201700012323,0017-09-01 18:20:00,17,9,1,18,20,170,473,départementale 133,45.99925,-0.29564,Plein jour,Hors agglomération,Hors intersection,Pluie légère,Autre collision,,,,,,,,,,,1,1,1,2.0,6.0
201700012324,0017-12-31 04:00:00,17,12,31,4,0,170,383,CD 129,45.97307,-0.39668,Nuit sans éclairage public,Hors agglomération,Hors intersection,Normale,Autre collision,,,,,,,,,,,3,1,1,1.0,6.0
201700012325,0017-01-16 13:00:00,17,1,16,13,0,170,23,Intersection D134 et D22,45.8424,-0.39745,Plein jour,En agglomération,Intersection en T,Normale,Deux véhicules - côté,,,,,,,,,,,1,2,3,1.0,3.0
201700012326,0017-04-07 18:45:00,17,4,7,18,45,170,314,"6, route de la Valée",45.76285,-0.49796,Plein jour,En agglomération,Hors intersection,Normale,Autre collision,,,,,,,,,,,1,2,1,1.0,6.0
201700012327,0017-04-13 12:55:00,17,4,13,12,55,170,224,rue Jean Moulin,45.86442,-0.31697,Plein jour,En agglomération,Intersection en X,Normale,Deux véhicules - côté,,,,,,,,,,,1,2,2,1.0,3.0
201700012328,0017-05-12 13:30:00,17,5,12,13,30,170,48,D 124,45.87219,-0.36047,Plein jour,Hors agglomération,Hors intersection,Normale,Sans collision,,,,,,,,,,,1,1,1,1.0,7.0
201700012329,0017-05-13 00:30:00,17,5,13,0,30,170,188,CD 739,45.87132,-0.24822,Nuit sans éclairage public,Hors agglomération,Hors intersection,Normale,Autre collision,,,,,,,,,,,3,1,1,1.0,6.0
201700012330,0017-05-24 10:05:00,17,5,24,10,5,170,224,Maxime BOURDEAU,45.87579,-0.30941,Plein jour,En agglomération,Hors intersection,Normale,Deux véhicules - frontale,,,,,,,,,,,1,2,1,1.0,1.0
201700012331,0017-08-29 18:40:00,17,8,29,18,40,170,72,"14, rue de la République",45.77511,-0.41907,Plein jour,En agglomération,Hors intersection,Normale,Autre collision,,,,,,,,,,,1,2,1,1.0,6.0
201700012332,0017-10-10 07:40:00,17,10,10,7,40,170,377,rue des Sablières,45.87225,-0.17311,Nuit avec éclairage non allumé,Hors agglomération,Hors intersection,Normale,Autre collision,,,,,,,,,,,4,1,1,1.0,6.0
201700012333,0017-07-09 05:50:00,17,7,9,5,50,280,147,,48.5398,1.24253,Crépuscule ou aube,En agglomération,Hors intersection,Normale,Autre collision,,,,,,,,,,,2,2,1,1.0,6.0
201700012334,0017-07-20 07:30:00,17,7,20,7,30,280,386,RD23,48.56116,1.25221,Plein jour,Hors agglomération,Hors intersection,Normale,Autre collision,,,,,,,,,,,1,1,1,1.0,6.0
201700012335,0017-08-26 21:15:00,17,8,26,21,15,280,393,RN154 PK71+700,48.63266,1.4113,Nuit sans éclairage public,Hors agglomération,Hors intersection,Normale,Deux véhicules - frontale,,,,,,,,,,,3,1,1,1.0,1.0
201700012336,0017-12-14 22:15:00,17,12,14,22,15,280,116,RD 920,48.45144,1.23151,Nuit sans éclairage public,Hors agglomération,Hors intersection,Pluie légère,Autre collision,,,,,,,,,,,3,1,1,2.0,6.0
201700012337,0017-12-15 11:15:00,17,12,15,11,15,280,386,"PK 65+970, D23",48.54836,1.24576,Plein jour,Hors agglomération,Hors intersection,Vent fort / tempête,Deux véhicules - frontale,,,,,,,,,,,1,1,1,6.0,1.0
201700012338,0017-12-25 17:45:00,17,12,25,17,45,280,339,rd23,48.43103,1.23404,Nuit sans éclairage public,Hors agglomération,Hors intersection,Normale,Autre collision,,,,,,,,,,,3,1,1,1.0,6.0
201700012339,0017-02-13 17:15:00,17,2,13,17,15,280,195,rue de l'aqueduc,48.56681,1.6066,Plein jour,En agglomération,Hors intersection,Normale,Deux véhicules - côté,,,,,,,,,,,1,2,1,1.0,3.0
201700012340,0017-02-18 16:00:00,17,2,18,16,0,280,421,carrefour D939/D7-1,48.39732,1.71079,Plein jour,Hors agglomération,Intersection en X,Normale,Deux véhicules - côté,,,,,,,,,,,1,1,2,1.0,3.0
201700012341,0017-02-24 19:15:00,17,2,24,19,15,280,317,croisement RD7-1 et RD2,48.43133,1.74416,Nuit sans éclairage public,Hors agglomération,Intersection en X,Normale,Deux véhicules - côté,,,,,,,,,,,3,1,2,1.0,3.0
201700012342,0017-02-24 11:50:00,17,2,24,11,50,280,140,Avenue de l'Europe,48.59224,1.68494,Plein jour,En agglomération,Hors intersection,Temps éblouissant,Deux véhicules - frontale,,,,,,,,,,,1,2,1,7.0,1.0
201700012343,0017-03-09 20:10:00,17,3,9,20,10,280,195,D116 Saint mamers,48.57627,1.60334,Nuit sans éclairage public,Hors agglomération,Hors intersection,Normale,Deux véhicules - frontale,,,,,,,,,,,3,1,1,1.0,1.0
201700012344,0017-04-03 15:06:00,17,4,3,15,6,280,285,RD 122.7 lieu dit CHERVI,48.46417,1.70251,Plein jour,En agglomération,Intersection en X,Normale,Autre collision,,,,,,,,,,,1,2,2,1.0,6.0
201700012345,0017-04-09 23:55:00,17,4,9,23,55,280,201,RD906,48.52874,1.53523,Nuit sans éclairage public,Hors agglomération,Hors intersection,Normale,Autre collision,,,,,,,,,,,3,1,1,1.0,6.0
201700012346,0017-04-10 23:15:00,17,4,10,23,15,280,294,AVENUE DES ACACIAS,48.39388,1.95832,Nuit avec éclairage allumé,En agglomération,Hors intersection,Normale,Autre collision,,,,,,,,,,,5,2,1,1.0,6.0
201700012347,0017-06-04 18:00:00,17,6,4,18,0,280,15,chemin communal,48.51863,1.76289,Plein jour,Hors agglomération,Hors intersection,Normale,Autre collision,,,,,,,,,,,1,1,1,1.0,6.0
201700012348,0017-06-22 07:15:00,17,6,22,7,15,280,140,rond Point d'Amberg,48.60398,1.67258,Plein jour,En agglomération,Giratoire,Normale,Deux véhicules - frontale,,,,,,,,,,,1,2,6,1.0,1.0
201700012349,0017-07-05 08:00:00,17,7,5,8,0,280,23,Rue de l'église,48.54077,1.64033,Crépuscule ou aube,En agglomération,Giratoire,Normale,Deux véhicules - côté,,,,,,,,,,,2,2,6,1.0,3.0
201700012350,0017-08-11 16:15:00,17,8,11,16,15,280,39,39 rue d'aligre,48.43562,1.71876,Plein jour,En agglomération,Hors intersection,Normale,Deux véhicules - côté,,,,,,,,,,,1,2,1,1.0,3.0
201700012351,0017-08-17 05:22:00,17,8,17,5,22,280,15,RD 19,48.46514,1.75509,Nuit sans éclairage public,Hors agglomération,Hors intersection,Normale,Deux véhicules - côté,,,,,,,,,,,3,1,1,1.0,3.0
201700012352,0017-09-24 00:40:00,17,9,24,0,40,280,425,PK croissant 6+500,48.49859,1.70906,Nuit sans éclairage public,Hors agglomération,Hors intersection,Normale,Autre collision,,,,,,,,,,,3,1,1,1.0,6.0
201700012353,0017-11-18 19:45:00,17,11,18,19,45,280,249,"D18, La Grairie",48.5683,1.59303,Nuit sans éclairage public,Hors agglomération,Intersection en Y,Normale,Autre collision,,,,,,,,,,,3,1,4,1.0,6.0
201700012354,0017-11-30 06:45:00,17,11,30,6,45,280,227,route de Gallardon (D18),48.58365,1.58968,Nuit avec éclairage allumé,En agglomération,Intersection en T,Normale,Autre collision,,,,,,,,,,,5,2,3,1.0,6.0
201700012355,0017-12-07 17:45:00,17,12,7,17,45,280,84,RD906,48.57153,1.56432,Nuit sans éclairage public,Hors agglomération,Hors intersection,Pluie légère,Trois véhicules et plus - collisions multiples,,,,,,,,,,,3,1,1,2.0,5.0
201700012356,0017-08-20 17:15:00,17,8,20,17,15,280,311,N254,48.20669,1.84257,Plein jour,Hors agglomération,Intersection en Y,Normale,Autre collision,,,,,,,,,,,1,1,4,1.0,6.0
201700012357,0017-09-21 07:28:00,17,9,21,7,28,280,383,Intersection RD 29 - RD,48.34565,1.55985,Plein jour,En agglomération,Intersection en T,Normale,Deux véhicules - côté,,,,,,,,,,,1,2,3,1.0,3.0
201700012358,0017-10-08 20:15:00,17,10,8,20,15,280,25,RD 2020 - PK 2.5,48.27363,1.97549,Nuit sans éclairage public,Hors agglomération,Hors intersection,Normale,Trois véhicules et plus - collisions multiples,,,,,,,,,,,3,1,1,1.0,5.0
201700012359,0017-01-14 18:55:00,17,1,14,18,55,280,157,D153.4,48.16524,1.65699,Nuit sans éclairage public,Hors agglomération,Autre intersection,Pluie légère,Sans collision,,,,,,,,,,,3,1,9,2.0,7.0
201700012360,0017-01-26 17:15:00,17,1,26,17,15,280,277,D14 2,48.18483,1.53063,Plein jour,Hors agglomération,Intersection en X,Normale,Deux véhicules - côté,,,,,,,,,,,1,1,2,1.0,3.0
201700012361,0017-01-28 16:55:00,17,1,28,16,55,280,51,52 rue de la résistance,48.17872,1.38101,Plein jour,En agglomération,Hors intersection,Normale,Autre collision,,,,,,,,,,,1,2,1,1.0,6.0
201700012362,0017-02-03 07:45:00,17,2,3,7,45,280,418,D27,48.1377,1.49228,Crépuscule ou aube,Hors agglomération,Intersection en X,Normale,Deux véhicules - côté,,,,,,,,,,,2,1,2,1.0,3.0
201700012363,0017-02-10 07:20:00,17,2,10,7,20,280,287,Route Départementale 927,48.15128,1.71452,Crépuscule ou aube,Hors agglomération,Hors intersection,Normale,Trois véhicules et plus - en chaîne,,,,,,,,,,,2,1,1,1.0,4.0
201700012364,0017-02-20 19:10:00,17,2,20,19,10,280,305,D14.2,48.1857,1.49873,Nuit sans éclairage public,Hors agglomération,Intersection en X,Pluie légère,Deux véhicules - frontale,,,,,,,,,,,3,1,2,2.0,1.0
201700012365,0017-04-06 17:00:00,17,4,6,17,0,280,51,4 rue de la résistance,48.18112,1.38606,Plein jour,En agglomération,Hors intersection,Normale,Autre collision,,,,,,,,,,,1,2,1,1.0,6.0
201700012366,0017-04-30 18:25:00,17,4,30,18,25,280,259,Nationale 10,48.23128,1.4119,Crépuscule ou aube,Hors agglomération,Hors intersection,Pluie légère,Trois véhicules et plus - collisions multiples,,,,,,,,,,,2,1,1,2.0,5.0
201700012367,0017-05-13 10:45:00,17,5,13,10,45,280,419,Nationale 10,48.2675,1.41514,Plein jour,Hors agglomération,Hors intersection,Normale,Deux véhicules - frontale,,,,,,,,,,,1,1,1,1.0,1.0
201700012368,0017-06-25 22:15:00,17,6,25,22,15,280,370,RD28,48.24902,1.31147,Nuit sans éclairage public,Hors agglomération,Hors intersection,Normale,Deux véhicules - frontale,,,,,,,,,,,3,1,1,1.0,1.0
201700012369,0017-01-20 20:35:00,17,1,20,20,35,280,405,RN 12 sens ST REMY SUR A,48.7464,1.27888,Nuit sans éclairage public,Hors agglomération,Hors intersection,Normale,Autre collision,,,,,,,,,,,3,1,1,1.0,6.0
201700012370,0017-01-25 23:10:00,17,1,25,23,10,280,348,17 RUE DES CAVES,48.75768,1.21116,Nuit avec éclairage allumé,En agglomération,Hors intersection,Normale,Autre collision,,,,,,,,,,,5,2,1,1.0,6.0
201700012371,0017-03-14 18:35:00,17,3,14,18,35,280,359,28380,48.75475,1.25256,Plein jour,Hors agglomération,Hors intersection,Pluie légère,Deux véhicules - arrière,,,,,,,,,,,1,1,1,2.0,2.0
201700012372,0017-04-28 19:45:00,17,4,28,19,45,280,239,Route départementale 309,48.68055,1.37441,Plein jour,Hors agglomération,Hors intersection,Normale,Deux véhicules - côté,,,,,,,,,,,1,1,1,1.0,3.0
201700012373,0017-06-21 13:05:00,17,6,21,13,5,280,405,Route Nationale 12,48.75045,1.26291,Plein jour,Hors agglomération,Hors intersection,Normale,Trois véhicules et plus - collisions multiples,,,,,,,,,,,1,1,1,1.0,5.0
201700012374,0017-06-23 14:25:00,17,6,23,14,25,280,3,D4,48.71565,1.28522,Plein jour,Hors agglomération,Hors intersection,Temps éblouissant,Trois véhicules et plus - collisions multiples,,,,,,,,,,,1,1,1,7.0,5.0
201700012375,0017-07-02 19:20:00,17,7,2,19,20,280,359,Rue de Verdun - Contre a,48.76343,1.24162,Plein jour,En agglomération,Hors intersection,Normale,Autre collision,,,,,,,,,,,1,2,1,1.0,6.0
201700012376,0017-07-16 11:20:00,17,7,16,11,20,280,3,route de Brezolles,48.72274,1.29985,Plein jour,En agglomération,Intersection en X,Normale,Deux véhicules - côté,,,,,,,,,,,1,2,2,1.0,3.0
201700012377,0017-05-15 10:54:00,17,5,15,10,54,280,373,RUE DU VIEUX FOURNEAU,48.55957,1.04553,Plein jour,En agglomération,Intersection en Y,Normale,Deux véhicules - frontale,,,,,,,,,,,1,2,4,1.0,1.0
201700012378,0017-05-18 14:15:00,17,5,18,14,15,280,46,RD 117.7 PK2.200,48.69565,0.8994,Plein jour,En agglomération,Hors intersection,Pluie forte,Deux véhicules - frontale,,,,,,,,,,,1,2,1,3.0,1.0
201700012379,0017-07-17 01:00:00,17,7,17,1,0,280,130,RD 24,48.53777,1.1483,Nuit sans éclairage public,Hors agglomération,Hors intersection,Normale,Autre collision,,,,,,,,,,,3,1,1,1.0,6.0
201700012380,0017-07-31 13:57:00,17,7,31,13,57,280,226,"RD 939, PK  75+000",48.13475,1.07878,Plein jour,Hors agglomération,Hors intersection,Normale,Sans collision,,,,,,,,,,,1,1,1,1.0,7.0
201700012381,0017-08-29 05:50:00,17,8,29,5,50,280,226,D939 PK 73+100,48.61432,1.16321,Nuit sans éclairage public,Hors agglomération,Hors intersection,Normale,Deux véhicules - frontale,,,,,,,,,,,3,1,1,1.0,1.0
201700012382,0017-09-14 07:15:00,17,9,14,7,15,280,206,Départementale 4,48.7028,1.16054,Crépuscule ou aube,Hors agglomération,Hors intersection,Pluie légère,Deux véhicules - côté,,,,,,,,,,,2,1,1,2.0,3.0
201700012383,0017-09-20 16:40:00,17,9,20,16,40,280,346,RD 117,48.71108,1.10797,Plein jour,Hors agglomération,Hors intersection,Normale,Sans collision,,,,,,,,,,,1,1,1,1.0,7.0
201700012384,0017-10-13 13:10:00,17,10,13,13,10,280,206,D134.1,48.69573,1.18964,Plein jour,Hors agglomération,Hors intersection,Normale,Autre collision,,,,,,,,,,,1,1,1,1.0,6.0
201700012385,0017-12-07 08:00:00,17,12,7,8,0,280,149,49 rue des bruyéres,48.61471,0.8863,Crépuscule ou aube,En agglomération,Hors intersection,Brouillard / fumée,Autre collision,,,,,,,,,,,2,2,1,5.0,6.0
201700012386,0017-04-16 05:45:00,17,4,16,5,45,280,78,LES CINQ CHENES,48.10822,0.86993,Nuit sans éclairage public,Hors agglomération,Hors intersection,Normale,Deux véhicules - frontale,,,,,,,,,,,3,1,1,1.0,1.0
201700012387,0017-04-24 11:30:00,17,4,24,11,30,280,236,Avenue de Paris,48.33349,0.83367,Plein jour,En agglomération,Hors intersection,Normale,Autre collision,,,,,,,,,,,1,2,1,1.0,6.0
201700012388,0017-07-05 16:50:00,17,7,5,16,50,280,63,lieu dit saint gilles,48.32006,0.94959,Plein jour,Hors agglomération,Intersection en T,Normale,Deux véhicules - frontale,,,,,,,,,,,1,1,3,1.0,1.0
201700012389,0017-07-15 19:10:00,17,7,15,19,10,280,80,"D13, PK 16.000",48.17579,0.95811,Plein jour,Hors agglomération,Hors intersection,Normale,Autre collision,,,,,,,,,,,1,1,1,1.0,6.0
201700012390,0017-08-25 05:30:00,17,8,25,5,30,280,273,la petite bonnelière - D,48.21394,1.00879,Nuit sans éclairage public,Hors agglomération,Hors intersection,Normale,Sans collision,,,,,,,,,,,3,1,1,1.0,7.0
201700012391,0017-10-30 13:25:00,17,10,30,13,25,280,280,31 rue des bouchers,48.31269,0.82072,Plein jour,En agglomération,Intersection en T,Normale,Deux véhicules - frontale,,,,,,,,,,,1,2,3,1.0,1.0
201700012392,0017-11-05 06:58:00,17,11,5,6,58,280,72,Lieu-dit la Flaudière,48.30955,0.89249,Nuit sans éclairage public,Hors agglomération,Intersection en Y,Normale,Autre collision,,,,,,,,,,,3,1,4,1.0,6.0
201700012393,0017-01-26 08:25:00,17,1,26,8,25,280,240,SAINT JEAN DES MURGERS,48.49146,0.97261,Plein jour,Hors agglomération,Intersection en X,Normale,Deux véhicules - côté,,,,,,,,,,,1,1,2,1.0,3.0
201700012394,0017-02-14 19:00:00,17,2,14,19,0,280,354,D 920,48.48375,1.05653,Crépuscule ou aube,Hors agglomération,Hors intersection,Normale,Autre collision,,,,,,,,,,,2,1,1,1.0,6.0
201700012395,0017-02-26 17:50:00,17,2,26,17,50,280,109,D128-5,48.35065,1.17035,Plein jour,Hors agglomération,Hors intersection,Temps couvert,Autre collision,,,,,,,,,,,1,1,1,8.0,6.0
201700012396,0017-03-02 21:30:00,17,3,2,21,30,280,166,INTERSECTION D923/D128,48.42471,1.13359,Nuit sans éclairage public,Hors agglomération,Intersection en X,Normale,Deux véhicules - côté,,,,,,,,,,,3,1,2,1.0,3.0
201700012397,0017-07-15 23:50:00,17,7,15,23,50,280,156,RD 2,48.50466,0.98791,Nuit sans éclairage public,Hors agglomération,Hors intersection,Normale,Deux véhicules - côté,,,,,,,,,,,3,1,1,1.0,3.0
201700012398,0017-08-25 09:10:00,17,8,25,9,10,280,156,ROUTE DEPARTEMENTALE 2,48.49436,0.9902,Plein jour,Hors agglomération,Hors intersection,Normale,Sans collision,,,,,,,,,,,1,1,1,1.0,7.0
201700012399,0017-09-01 19:40:00,17,9,1,19,40,280,166,D923 PK 28 + 800,48.42247,1.12449,Plein jour,Hors agglomération,Hors intersection,Normale,Sans collision,,,,,,,,,,,1,1,1,1.0,7.0
201700012400,0017-09-23 13:40:00,17,9,23,13,40,280,109,D346.1,48.36789,1.15866,Plein jour,Hors agglomération,Hors intersection,Normale,Autre collision,,,,,,,,,,,1,1,1,1.0,6.0
201700012401,0017-10-06 09:30:00,17,10,6,9,30,280,214,rue de la gare,48.47175,1.01391,Plein jour,En agglomération,Hors intersection,Normale,Autre collision,,,,,,,,,,,1,2,1,1.0,6.0
201700012402,0017-12-08 21:38:00,17,12,8,21,38,280,71,D15 pk 15+400,48.39655,1.0739,Nuit sans éclairage public,Hors agglomération,Hors intersection,Neige / grêle,Autre collision,,,,,,,,,,,3,1,1,4.0,6.0
201700012403,0017-12-08 23:00:00,17,12,8,23,0,280,214,D25,48.46136,0.99933,Nuit sans éclairage public,Hors agglomération,Hors intersection,Autre,Autre collision,,,,,,,,,,,3,1,1,9.0,6.0
201700012404,0017-01-11 18:35:00,17,1,11,18,35,270,198,route de verneuil,48.86558,1.06995,Nuit avec éclairage allumé,En agglomération,Hors intersection,Normale,Autre collision,,,,,,,,,,,5,2,1,1.0,6.0
201700012405,0017-02-23 16:45:00,17,2,23,16,45,270,423,Intersection 1 rue Georg,48.77076,1.33082,Plein jour,En agglomération,Intersection en T,Normale,Deux véhicules - côté,,,,,,,,,,,1,2,3,1.0,3.0
201700012406,0017-03-28 13:45:00,17,3,28,13,45,270,543,D143,48.79355,1.36139,Plein jour,Hors agglomération,Hors intersection,Normale,Deux véhicules - frontale,,,,,,,,,,,1,1,1,1.0,1.0
201700012407,0017-04-11 22:00:00,17,4,11,22,0,270,390,rond point D45/D6154,48.83403,1.19949,Nuit sans éclairage public,Hors agglomération,Giratoire,Normale,Deux véhicules - frontale,,,,,,,,,,,3,1,6,1.0,1.0
201700012408,0017-04-23 14:15:00,17,4,23,14,15,270,181,Chemin vicinal n°19 d'IL,48.81296,1.25865,Plein jour,Hors agglomération,Autre intersection,Temps éblouissant,Autre collision,,,,,,,,,,,1,1,9,7.0,6.0
201700012409,0017-06-14 08:00:00,17,6,14,8,0,270,198,23 route d'Authenay - Li,48.87079,1.07713,Plein jour,Hors agglomération,Hors intersection,Normale,Autre collision,,,,,,,,,,,1,1,1,1.0,6.0
201700012410,0017-06-15 16:40:00,17,6,15,16,40,270,166,carrefour les quatre rou,48.82384,1.00783,Plein jour,Hors agglomération,Intersection à plus de 4 branches,Normale,Deux véhicules - côté,,,,,,,,,,,1,1,5,1.0,3.0
201700012411,0017-07-07 20:00:00,17,7,7,20,0,270,166,carrefour des quatre rou,48.82371,1.00777,Plein jour,Hors agglomération,Autre intersection,Normale,Deux véhicules - côté,,,,,,,,,,,1,1,9,1.0,3.0
201700012412,0017-07-08 14:50:00,17,7,8,14,50,270,350,LE BRÉMIEN,48.82052,1.29007,Plein jour,Hors agglomération,Intersection en X,Normale,Deux véhicules - côté,,,,,,,,,,,1,1,2,1.0,3.0
201700012413,0017-07-21 11:30:00,17,7,21,11,30,270,390,RD 6154,48.81421,1.19279,Plein jour,Hors agglomération,Hors intersection,Normale,Sans collision,,,,,,,,,,,1,1,1,1.0,7.0
201700012414,0017-08-20 16:00:00,17,8,20,16,0,270,491,Intersection D49 D51,48.8237,1.0079,Plein jour,Hors agglomération,Intersection en X,Normale,Deux véhicules - côté,,,,,,,,,,,1,1,2,1.0,3.0
201700012415,0017-09-21 07:45:00,17,9,21,7,45,270,423,rd 50,48.7754,1.3368,Plein jour,Hors agglomération,Intersection en T,Normale,Deux véhicules - côté,,,,,,,,,,,1,1,3,1.0,3.0
201700012416,0017-01-12 14:55:00,17,1,12,14,55,270,383,RD 926 - PR 6+500,48.744,0.84272,Plein jour,Hors agglomération,Intersection en X,Pluie forte,Deux véhicules - côté,,,,,,,,,,,1,1,2,3.0,3.0
201700012417,0017-01-25 14:30:00,17,1,25,14,30,270,481,RN 12 - PK31,48.71389,0.8563,Plein jour,Hors agglomération,Hors intersection,Normale,Deux véhicules - frontale,,,,,,,,,,,1,1,1,1.0,1.0
201700012418,0017-01-30 06:15:00,17,1,30,6,15,270,679,RN12 - Rue de la Ferte V,48.73268,0.92816,Nuit avec éclairage allumé,En agglomération,Intersection en X,Pluie légère,Deux véhicules - côté,,,,,,,,,,,5,2,2,2.0,3.0
201700012419,0017-02-10 12:05:00,17,2,10,12,5,270,679,Rue Félix BRARD,48.74926,0.92987,Plein jour,En agglomération,Hors intersection,Normale,Deux véhicules - arrière,,,,,,,,,,,1,2,1,1.0,2.0
201700012420,0017-04-26 13:10:00,17,4,26,13,10,270,643,carrefour rd60 c44,48.76903,1.05451,Plein jour,Hors agglomération,Intersection en X,Normale,Deux véhicules - côté,,,,,,,,,,,1,1,2,1.0,3.0
201700012421,0017-05-04 09:10:00,17,5,4,9,10,270,108,LIEU DIT DU CHEVAL NOIR,48.74603,0.81837,Plein jour,Hors agglomération,Intersection en X,Temps couvert,Deux véhicules - côté,,,,,,,,,,,1,1,2,8.0,3.0
201700012422,0017-05-09 12:35:00,17,5,9,12,35,270,19,Route nationale 12 route,48.68254,0.80389,Plein jour,Hors agglomération,Autre intersection,Normale,Trois véhicules et plus - collisions multiples,,,,,,,,,,,1,1,9,1.0,5.0
201700012423,0017-05-16 00:05:00,17,5,16,0,5,270,19,RN 12 PR 35+660,48.6853,0.80964,Nuit sans éclairage public,En agglomération,Hors intersection,Normale,Autre collision,,,,,,,,,,,3,2,1,1.0,6.0
201700012424,0017-05-30 21:20:00,17,5,30,21,20,270,112,RD 840 11 + 800,48.86976,0.86937,Crépuscule ou aube,Hors agglomération,Giratoire,Normale,Autre collision,,,,,,,,,,,2,1,6,1.0,6.0
201700012425,0017-06-01 14:05:00,17,6,1,14,5,270,225,départementale 55,48.87878,0.9939,Plein jour,Hors agglomération,Hors intersection,Normale,Sans collision,,,,,,,,,,,1,1,1,1.0,7.0
201700012426,0017-06-24 01:00:00,17,6,24,1,0,270,112,"88, rue de la tuilerie",48.83939,0.90972,Nuit avec éclairage allumé,En agglomération,Hors intersection,Normale,Autre collision,,,,,,,,,,,5,2,1,1.0,6.0
201700012427,0017-07-15 07:00:00,17,7,15,7,0,270,69,lieu dit le crétil D141,48.81802,0.74575,Crépuscule ou aube,Hors agglomération,Hors intersection,Normale,Autre collision,,,,,,,,,,,2,1,1,1.0,6.0
201700012428,0017-07-15 15:40:00,17,7,15,15,40,270,578,D840,48.80094,0.92199,Plein jour,Hors agglomération,Intersection en X,Normale,Deux véhicules - frontale,,,,,,,,,,,1,1,2,1.0,1.0
201700012429,0017-09-08 19:10:00,17,9,8,19,10,270,508,RD 21,48.8379,0.6888,Crépuscule ou aube,Hors agglomération,Hors intersection,Pluie légère,Sans collision,,,,,,,,,,,2,1,1,2.0,7.0
201700012430,0017-11-09 07:55:00,17,11,9,7,55,270,36,Route de PISEUX,48.74744,0.9773,Plein jour,Hors agglomération,Intersection en X,Normale,Deux véhicules - côté,,,,,,,,,,,1,1,2,1.0,3.0
201700012431,0017-11-01 19:15:00,17,11,1,19,15,270,108,RD 926,48.74693,0.8074,Nuit sans éclairage public,Hors agglomération,Hors intersection,Normale,Deux véhicules - arrière,,,,,,,,,,,3,1,1,1.0,2.0
201700012432,0017-11-19 12:55:00,17,11,19,12,55,270,291,RD 21,48.71739,0.77554,Plein jour,Hors agglomération,Hors intersection,Normale,Autre collision,,,,,,,,,,,1,1,1,1.0,6.0
201700012433,0017-12-02 03:35:00,17,12,2,3,35,270,679,Rue henri 1er BEAUCLERC,48.74087,0.93792,Nuit avec éclairage allumé,En agglomération,Hors intersection,Normale,Autre collision,,,,,,,,,,,5,2,1,1.0,6.0
201700012434,0017-12-23 11:28:00,17,12,23,11,28,270,491,Intersection D51 - D49,48.82373,1.0079,Plein jour,Hors agglomération,Intersection en X,Normale,Deux véhicules - côté,,,,,,,,,,,1,1,2,1.0,3.0
201700012435,0017-12-30 23:45:00,17,12,30,23,45,270,679,Route Nationale 12,48.7253,0.89719,Nuit sans éclairage public,Hors agglomération,Hors intersection,Pluie légère,Deux véhicules - arrière,,,,,,,,,,,3,1,1,2.0,2.0
201700012436,0017-02-09 06:30:00,17,2,9,6,30,270,129,Départementale 131,49.07864,0.55903,Nuit sans éclairage public,Hors agglomération,Hors intersection,Normale,Deux véhicules - frontale,,,,,,,,,,,3,1,1,1.0,1.0
201700012437,0017-03-04 20:40:00,17,3,4,20,40,270,629,1 rue de Lieurey,49.09737,1.45765,Nuit avec éclairage allumé,En agglomération,Hors intersection,Pluie légère,Autre collision,,,,,,,,,,,5,2,1,2.0,6.0
201700012438,0017-03-20 20:05:00,17,3,20,20,5,270,56,avenue de l'europe,49.08252,0.58857,Nuit sans éclairage public,En agglomération,Intersection en X,Normale,Autre collision,,,,,,,,,,,3,2,2,1.0,6.0
201700012439,0017-04-03 07:30:00,17,4,3,7,30,270,455,21 route de cormeilles,49.17137,0.40764,Crépuscule ou aube,Hors agglomération,Hors intersection,Brouillard / fumée,Sans collision,,,,,,,,,,,2,1,1,5.0,7.0
201700012440,0017-04-12 14:10:00,17,4,12,14,10,270,252,D613 PK79+200,49.14592,0.46858,Plein jour,Hors agglomération,Hors intersection,Normale,Deux véhicules - côté,,,,,,,,,,,1,1,1,1.0,3.0