accident_id,datetime,annee,mois,jour,heure,minute,departement,commune_insee,adresse,latitude,longitude,luminosite,agglomeration,intersection,meteo,collision,nb_vehicules,nb_usagers,nb_indemnes,nb_tues,nb_blesses_hosp,nb_blesses_legers,age_cond_1,age_cond_2,veh_type_cond_1,veh_type_cond_2,lum_code,agg_code,int_code,atm_code,col_code
201700012441,0017-04-16 01:15:00,17,4,16,1,15,270,627,6 Rue de la mairie,49.1541,0.53815,Nuit avec éclairage allumé,En agglomération,Place,Normale,Sans collision,,,,,,,,,,,5,2,7,1.0,7.0
201700012442,0017-04-23 06:10:00,17,4,23,6,10,270,56,Route départementale 438,49.09868,0.56302,Crépuscule ou aube,Hors agglomération,Hors intersection,Brouillard / fumée,Deux véhicules - arrière,,,,,,,,,,,2,1,1,5.0,2.0
201700012443,0017-04-24 09:45:00,17,4,24,9,45,270,129,CD 131,49.08003,0.56788,Plein jour,Hors agglomération,Hors intersection,Normale,Autre collision,,,,,,,,,,,1,1,1,1.0,6.0
201700012444,0017-07-21 20:40:00,17,7,21,20,40,270,455,rd 36 - LA HEROUDIERE,49.1696,0.41712,Plein jour,Hors agglomération,Hors intersection,Normale,Deux véhicules - côté,,,,,,,,,,,1,1,1,1.0,3.0
201700012445,0017-07-30 17:29:00,17,7,30,17,29,270,455,Route de Moyaux,49.1751,0.4041,Plein jour,Hors agglomération,Intersection en X,Normale,Deux véhicules - côté,,,,,,,,,,,1,1,2,1.0,3.0
201700012446,0017-08-14 12:00:00,17,8,14,12,0,270,552,la haute folie,49.02218,0.4622,Plein jour,Hors agglomération,Hors intersection,Normale,Sans collision,,,,,,,,,,,1,1,1,1.0,7.0
201700012447,0017-08-18 14:40:00,17,8,18,14,40,270,208,31 route RD613,49.1486,0.5038,Plein jour,En agglomération,Hors intersection,Temps éblouissant,Autre collision,,,,,,,,,,,1,2,1,7.0,6.0
201700012448,0017-08-29 10:10:00,17,8,29,10,10,270,600,Intersection RD 438 / RD,49.0548,0.5694,Plein jour,Hors agglomération,Intersection en X,Normale,Deux véhicules - arrière,,,,,,,,,,,1,1,2,1.0,2.0
201700012449,0017-09-13 12:00:00,17,9,13,12,0,270,514,la roussière,49.00252,0.48864,Plein jour,Hors agglomération,Hors intersection,Normale,Deux véhicules - frontale,,,,,,,,,,,1,1,1,1.0,1.0
201700012450,0017-09-15 07:00:00,17,9,15,7,0,270,455,route de thiberville RD,49.1732,0.4112,Crépuscule ou aube,Hors agglomération,Hors intersection,Pluie forte,Sans collision,,,,,,,,,,,2,1,1,3.0,7.0
201700012451,0017-09-19 14:00:00,17,9,19,14,0,270,56,41 boulevard Dubus,49.08772,0.60028,Plein jour,En agglomération,Hors intersection,Normale,Autre collision,,,,,,,,,,,1,2,1,1.0,6.0
201700012452,0017-09-21 13:15:00,17,9,21,13,15,270,398,D133,49.09669,0.62464,Plein jour,En agglomération,Hors intersection,Normale,Deux véhicules - côté,,,,,,,,,,,1,2,1,1.0,3.0
201700012453,0017-10-20 20:10:00,17,10,20,20,10,270,56,Intersection boulevard D,49.0873,0.59502,Nuit avec éclairage allumé,En agglomération,Autre intersection,Normale,Deux véhicules - côté,,,,,,,,,,,5,2,9,1.0,3.0
201700012454,0017-09-25 13:40:00,17,9,25,13,40,270,179,Route des Chesnots,49.14022,0.54207,Plein jour,Hors agglomération,Hors intersection,Normale,Deux véhicules - côté,,,,,,,,,,,1,1,1,1.0,3.0
201700012455,0017-09-27 18:20:00,17,9,27,18,20,270,295,Départementale 22,49.02308,0.53032,Plein jour,Hors agglomération,Hors intersection,Normale,Autre collision,,,,,,,,,,,1,1,1,1.0,6.0
201700012456,0017-10-08 20:25:00,17,10,8,20,25,270,117,18 route de montreuil l',48.99842,0.52594,Crépuscule ou aube,Hors agglomération,Hors intersection,Pluie légère,Sans collision,,,,,,,,,,,2,1,1,2.0,7.0
201700012457,0017-10-16 11:45:00,17,10,16,11,45,270,629,rue de 40 sous,49.13741,0.45721,Plein jour,En agglomération,Hors intersection,Normale,Deux véhicules - côté,,,,,,,,,,,1,2,1,1.0,3.0
201700012458,0017-11-26 06:33:00,17,11,26,6,33,270,56,rue Lucien Querey,49.07756,0.59183,Nuit avec éclairage allumé,En agglomération,Hors intersection,Pluie légère,Autre collision,,,,,,,,,,,5,2,1,2.0,6.0
201700012459,0017-01-01 17:30:00,17,1,1,17,30,270,210,,49.1315,0.81696,Nuit sans éclairage public,Hors agglomération,Hors intersection,Brouillard / fumée,Trois véhicules et plus - collisions multiples,,,,,,,,,,,3,1,1,5.0,5.0
201700012460,0017-01-20 15:50:00,17,1,20,15,50,270,444,D140 - PK 29+600,48.99753,0.74897,Plein jour,Hors agglomération,Hors intersection,Normale,Deux véhicules - frontale,,,,,,,,,,,1,1,1,1.0,1.0
201700012461,0017-02-14 20:40:00,17,2,14,20,40,270,622,D133 / D24,49.10903,0.7259,Nuit sans éclairage public,En agglomération,Intersection en Y,Normale,Deux véhicules - côté,,,,,,,,,,,3,2,4,1.0,3.0
201700012462,0017-02-16 12:20:00,17,2,16,12,20,270,210,Départementale 613,49.12983,0.81686,Plein jour,Hors agglomération,Hors intersection,Normale,Deux véhicules - frontale,,,,,,,,,,,1,1,1,1.0,1.0
201700012463,0017-04-22 09:50:00,17,4,22,9,50,270,210,RD 613,49.13063,0.81329,Plein jour,Hors agglomération,Intersection en X,Normale,Deux véhicules - côté,,,,,,,,,,,1,1,2,1.0,3.0
201700012464,0017-05-06 11:40:00,17,5,6,11,40,270,125,D137,49.17688,0.76361,Plein jour,Hors agglomération,Intersection en X,Pluie légère,Autre collision,,,,,,,,,,,1,1,2,2.0,6.0
201700012465,0017-06-04 09:35:00,17,6,4,9,35,270,356,3 route de la bassonnièr,49.02713,0.61588,Plein jour,En agglomération,Hors intersection,Normale,Autre collision,,,,,,,,,,,1,2,1,1.0,6.0
201700012466,0017-07-09 17:25:00,17,7,9,17,25,270,50,RD 23,49.0993,0.7552,Plein jour,Hors agglomération,Hors intersection,Normale,Autre collision,,,,,,,,,,,1,1,1,1.0,6.0
201700012467,0017-09-07 19:25:00,17,9,7,19,25,270,516,RD 833 PK 77 + 50,49.042,0.62178,Plein jour,Hors agglomération,Hors intersection,Normale,Sans collision,,,,,,,,,,,1,1,1,1.0,7.0
201700012468,0017-09-26 14:05:00,17,9,26,14,5,270,109,D133 PK 20+320,49.10118,0.8213,Plein jour,Hors agglomération,Hors intersection,Normale,Sans collision,,,,,,,,,,,1,1,1,1.0,7.0
201700012469,0017-11-26 18:55:00,17,11,26,18,55,270,131,D438 - PK 33+820,49.14682,0.66212,Nuit sans éclairage public,Hors agglomération,Intersection en X,Pluie légère,Deux véhicules - côté,,,,,,,,,,,3,1,2,2.0,3.0
201700012470,0017-12-13 18:45:00,17,12,13,18,45,270,290,intersection RD 24 et 25,49.13001,0.79233,Nuit sans éclairage public,En agglomération,Intersection en X,Pluie forte,Deux véhicules - côté,,,,,,,,,,,3,2,2,3.0,3.0
201700012471,0017-12-31 16:27:00,17,12,31,16,27,270,373,RD 321 PK 39,49.41992,1.47906,Plein jour,Hors agglomération,Hors intersection,Pluie forte,Autre collision,,,,,,,,,,,1,1,1,3.0,6.0
201700012472,0017-01-05 15:45:00,17,1,5,15,45,270,453,rue de bois Meigle,49.4102,1.34673,Plein jour,En agglomération,Hors intersection,Temps éblouissant,Autre collision,,,,,,,,,,,1,2,1,7.0,6.0
201700012473,0017-03-17 08:00:00,17,3,17,8,0,270,488,"Lieu-dit ""Le clos à l'éc",49.37644,1.32766,Plein jour,Hors agglomération,Hors intersection,Normale,Autre collision,,,,,,,,,,,1,1,1,1.0,6.0
201700012474,0017-04-16 19:05:00,17,4,16,19,5,270,453,D1,49.39046,1.37499,Plein jour,Hors agglomération,Hors intersection,Normale,Autre collision,,,,,,,,,,,1,1,1,1.0,6.0
201700012475,0017-04-24 00:01:00,17,4,24,0,1,270,214,D20,49.30765,1.40573,Nuit sans éclairage public,Hors agglomération,Hors intersection,Normale,Autre collision,,,,,,,,,,,3,1,1,1.0,6.0
201700012476,0017-06-17 17:30:00,17,6,17,17,30,270,13,10 rue de la cote de la,49.30232,1.26514,Plein jour,Hors agglomération,Hors intersection,Normale,Deux véhicules - frontale,,,,,,,,,,,1,1,1,1.0,1.0
201700012477,0017-07-08 10:00:00,17,7,8,10,0,270,470,8 grande rue,49.33112,1.28025,Plein jour,En agglomération,Hors intersection,Normale,Autre collision,,,,,,,,,,,1,2,1,1.0,6.0
201700012478,0017-07-21 08:55:00,17,7,21,8,55,270,453,Hameau de tannebrune,49.38737,1.37575,Plein jour,Hors agglomération,Hors intersection,Normale,Deux véhicules - côté,,,,,,,,,,,1,1,1,1.0,3.0
201700012479,0017-09-12 18:15:00,17,9,12,18,15,270,407,chemin communal 19,49.32278,1.46543,Plein jour,Hors agglomération,Hors intersection,Temps couvert,Deux véhicules - frontale,,,,,,,,,,,1,1,1,8.0,1.0
201700012480,0017-10-06 17:00:00,17,10,6,17,0,270,214,Route de Paris - CD 6014,49.3089,1.43459,Plein jour,En agglomération,Hors intersection,Normale,Deux véhicules - frontale,,,,,,,,,,,1,2,1,1.0,1.0
201700012481,0017-01-07 09:30:00,17,1,7,9,30,270,67,83 route de gisors,49.29485,1.70333,Plein jour,En agglomération,Hors intersection,Temps couvert,Autre collision,,,,,,,,,,,1,2,1,8.0,6.0
201700012482,0017-01-17 12:20:00,17,1,17,12,20,270,690,d6,49.24816,1.61128,Plein jour,Hors agglomération,Intersection en X,Temps éblouissant,Deux véhicules - côté,,,,,,,,,,,1,1,2,7.0,3.0
201700012483,0017-02-19 10:35:00,17,2,19,10,35,270,284,2 rue de paris,49.27873,1.77667,Plein jour,En agglomération,Hors intersection,Normale,Sans collision,,,,,,,,,,,1,2,1,1.0,7.0
201700012484,0017-02-19 20:30:00,17,2,19,20,30,270,26,cd 6014,49.23045,1.62222,Nuit sans éclairage public,Hors agglomération,Intersection en X,Normale,Deux véhicules - côté,,,,,,,,,,,3,1,2,1.0,3.0
201700012485,0017-02-25 17:10:00,17,2,25,17,10,270,284,Faubourg de Cappeville,49.28152,1.78256,Plein jour,En agglomération,Intersection en T,Normale,Autre collision,,,,,,,,,,,1,2,3,1.0,6.0
201700012486,0017-03-01 03:40:00,17,3,1,3,40,270,59,RD 14Bis,49.30011,1.65302,Nuit sans éclairage public,Hors agglomération,Hors intersection,Normale,Autre collision,,,,,,,,,,,3,1,1,1.0,6.0
201700012487,0017-02-28 18:30:00,17,2,28,18,30,270,284,Intersection CD 14 bis e,49.27371,1.77553,Crépuscule ou aube,En agglomération,Intersection en T,Normale,Trois véhicules et plus - en chaîne,,,,,,,,,,,2,2,3,1.0,4.0
201700012488,0017-06-14 09:30:00,17,6,14,9,30,270,226,7 rue turgot,49.3076,1.60995,Plein jour,En agglomération,Hors intersection,Normale,Autre collision,,,,,,,,,,,1,2,1,1.0,6.0
201700012489,0017-07-09 18:30:00,17,7,9,18,30,270,490,RD 6014,49.2643,1.5416,Plein jour,Hors agglomération,Hors intersection,Normale,Deux véhicules - arrière,,,,,,,,,,,1,1,1,1.0,2.0
201700012490,0017-07-14 17:15:00,17,7,14,17,15,270,480,4 Rue du bout de bas,49.34163,1.53359,Plein jour,En agglomération,Hors intersection,Normale,Sans collision,,,,,,,,,,,1,2,1,1.0,7.0
201700012491,0017-08-24 18:30:00,17,8,24,18,30,270,632,RD 14 Bis,49.3111,1.5327,Plein jour,Hors agglomération,Hors intersection,Normale,Deux véhicules - arrière,,,,,,,,,,,1,1,1,1.0,2.0
201700012492,0017-09-06 19:00:00,17,9,6,19,0,270,690,D7 route de sainte marie,49.24967,1.57874,Plein jour,Hors agglomération,Hors intersection,Normale,Sans collision,,,,,,,,,,,1,1,1,1.0,7.0
201700012493,0017-09-12 20:30:00,17,9,12,20,30,270,304,28 rue de la vallée,49.221,1.681,Nuit avec éclairage allumé,En agglomération,Hors intersection,Pluie légère,Deux véhicules - frontale,,,,,,,,,,,5,2,1,2.0,1.0
201700012494,0017-10-15 16:30:00,17,10,15,16,30,270,377,RD 6,49.38263,1.51879,Plein jour,Hors agglomération,Hors intersection,Normale,Sans collision,,,,,,,,,,,1,1,1,1.0,7.0
201700012495,0017-10-13 22:30:00,17,10,13,22,30,270,226,RD3,49.31837,1.63341,Nuit sans éclairage public,Hors agglomération,Intersection en X,Normale,Deux véhicules - côté,,,,,,,,,,,3,1,2,1.0,3.0
201700012496,0017-10-21 15:50:00,17,10,21,15,50,270,682,RD 181,49.2387,1.64121,Plein jour,Hors agglomération,Intersection en Y,Normale,Sans collision,,,,,,,,,,,1,1,4,1.0,7.0
201700012497,0017-10-28 15:55:00,17,10,28,15,55,270,633,RD 6014,49.2394,1.6009,Plein jour,Hors agglomération,Hors intersection,Normale,Trois véhicules et plus - collisions multiples,,,,,,,,,,,1,1,1,1.0,5.0
201700012498,0017-11-13 09:15:00,17,11,13,9,15,270,26,Départementale 6014,49.2173,1.6535,Plein jour,Hors agglomération,Hors intersection,Normale,Autre collision,,,,,,,,,,,1,1,1,1.0,6.0
201700012499,0017-11-22 18:30:00,17,11,22,18,30,270,284,02 rue du général lecler,49.27923,1.77797,Nuit avec éclairage allumé,En agglomération,Intersection en T,Normale,Deux véhicules - frontale,,,,,,,,,,,5,2,3,1.0,1.0
201700012500,0017-03-04 06:40:00,17,3,4,6,40,270,210,RD613,49.12127,0.85489,Nuit sans éclairage public,Hors agglomération,Hors intersection,Pluie légère,Autre collision,,,,,,,,,,,3,1,1,2.0,6.0
201700012501,0017-04-06 21:30:00,17,4,6,21,30,270,282,D613,49.04894,1.06359,Nuit sans éclairage public,Hors agglomération,Intersection en X,Normale,Deux véhicules - frontale,,,,,,,,,,,3,1,2,1.0,1.0
201700012502,0017-04-30 20:20:00,17,4,30,20,20,270,595,08 promenade des aviateu,49.24382,0.91524,Nuit sans éclairage public,En agglomération,Hors intersection,Pluie légère,Autre collision,,,,,,,,,,,3,2,1,2.0,6.0
201700012503,0017-05-03 07:45:00,17,5,3,7,45,270,11,intersection RD 85 et RD,49.22042,0.91619,Plein jour,Hors agglomération,Intersection en X,Normale,Autre collision,,,,,,,,,,,1,1,2,1.0,6.0
201700012504,0017-05-23 19:35:00,17,5,23,19,35,270,57,ROUTE DÉPARTEMENTALE 60,49.06915,1.02928,Plein jour,Hors agglomération,Intersection en X,Normale,Deux véhicules - côté,,,,,,,,,,,1,1,2,1.0,3.0
201700012505,0017-06-08 17:40:00,17,6,8,17,40,270,638,D85,49.24583,0.9199,Plein jour,Hors agglomération,Hors intersection,Normale,Sans collision,,,,,,,,,,,1,1,1,1.0,7.0
201700012506,0017-08-19 10:45:00,17,8,19,10,45,270,428,18 avenue Pierre MENDES,49.1496,0.9177,Plein jour,En agglomération,Hors intersection,Normale,Deux véhicules - côté,,,,,,,,,,,1,2,1,1.0,3.0
201700012507,0017-09-06 15:15:00,17,9,6,15,15,270,638,D629,49.2622,0.925,Plein jour,Hors agglomération,Hors intersection,Normale,Autre collision,,,,,,,,,,,1,1,1,1.0,6.0
201700012508,0017-09-07 20:45:00,17,9,7,20,45,270,638,35 rue de l'oison,49.2608,0.9416,Crépuscule ou aube,En agglomération,Hors intersection,Normale,Autre collision,,,,,,,,,,,2,2,1,1.0,6.0
201700012509,0017-09-21 15:40:00,17,9,21,15,40,270,545,intercection RD 86 et co,49.24439,0.99087,Plein jour,Hors agglomération,Intersection en X,Normale,Deux véhicules - arrière,,,,,,,,,,,1,1,2,1.0,2.0
201700012510,0017-10-07 23:35:00,17,10,7,23,35,270,215,route départementale 133,49.1617,1.008,Nuit sans éclairage public,Hors agglomération,Hors intersection,Pluie légère,Autre collision,,,,,,,,,,,3,1,1,2.0,6.0
201700012511,0017-10-10 20:00:00,17,10,10,20,0,270,524,rd613,49.1059,0.9234,Nuit sans éclairage public,Hors agglomération,Hors intersection,Normale,Deux véhicules - arrière,,,,,,,,,,,3,1,1,1.0,2.0
201700012512,0017-10-18 13:30:00,17,10,18,13,30,270,534,départementale 60,49.2518,1.0424,Plein jour,Hors agglomération,Autre intersection,Normale,Autre collision,,,,,,,,,,,1,1,9,1.0,6.0
201700012513,0017-10-28 08:20:00,17,10,28,8,20,270,302,Route départementale 26,49.2215,0.826,Crépuscule ou aube,Hors agglomération,Hors intersection,Normale,Deux véhicules - côté,,,,,,,,,,,2,1,1,1.0,3.0
201700012514,0017-12-15 23:15:00,17,12,15,23,15,270,572,RD80,49.2218,0.88168,Nuit sans éclairage public,Hors agglomération,Intersection en X,Pluie légère,Deux véhicules - côté,,,,,,,,,,,3,1,2,2.0,3.0
201700012515,0017-03-12 21:35:00,17,3,12,21,35,270,263,route Josapha,49.3837,0.57104,Nuit sans éclairage public,Hors agglomération,Autre intersection,Normale,Autre collision,,,,,,,,,,,3,1,9,1.0,6.0
201700012516,0017-03-25 16:10:00,17,3,25,16,10,270,107,RD90,49.38729,0.63808,Plein jour,Hors agglomération,Hors intersection,Normale,Autre collision,,,,,,,,,,,1,1,1,1.0,6.0
201700012517,0017-03-27 19:00:00,17,3,27,19,0,270,107,CD 90 pk 19+950,49.39007,0.64403,Plein jour,Hors agglomération,Hors intersection,Normale,Sans collision,,,,,,,,,,,1,1,1,1.0,7.0
201700012518,0017-04-16 21:45:00,17,4,16,21,45,270,656,Route des Etangs,49.36448,0.469,Nuit sans éclairage public,Hors agglomération,Hors intersection,Normale,Autre collision,,,,,,,,,,,3,1,1,1.0,6.0
201700012519,0017-07-24 13:10:00,17,7,24,13,10,270,100,Rue du village,49.3589,0.37643,Plein jour,Hors agglomération,Hors intersection,Temps couvert,Deux véhicules - frontale,,,,,,,,,,,1,1,1,8.0,1.0
201700012520,0017-08-04 12:30:00,17,8,4,12,30,270,563,route de Quillebeuf,49.3677,0.52049,Plein jour,Hors agglomération,Hors intersection,Normale,Trois véhicules et plus - collisions multiples,,,,,,,,,,,1,1,1,1.0,5.0
201700012521,0017-08-27 04:00:00,17,8,27,4,0,270,646,route du moulin du bois,49.3398,0.3868,Nuit sans éclairage public,En agglomération,Hors intersection,Normale,Sans collision,,,,,,,,,,,3,2,1,1.0,7.0
201700012522,0017-12-25 17:30:00,17,12,25,17,30,270,549,RD 810,49.33988,0.52566,Nuit avec éclairage allumé,Hors agglomération,Hors intersection,Normale,Deux véhicules - côté,,,,,,,,,,,5,1,1,1.0,3.0
201700012523,0017-01-11 20:30:00,17,1,11,20,30,270,91,RD 675,49.35922,0.86407,Nuit sans éclairage public,Hors agglomération,Hors intersection,Normale,Deux véhicules - frontale,,,,,,,,,,,3,1,1,1.0,1.0
201700012524,0017-02-17 16:05:00,17,2,17,16,5,270,85,334 rue de crescy,49.32019,0.80712,Plein jour,En agglomération,Hors intersection,Normale,Deux véhicules - côté,,,,,,,,,,,1,2,1,1.0,3.0
201700012525,0017-03-07 19:45:00,17,3,7,19,45,270,497,"Route département 144, P",49.36985,0.75862,Nuit sans éclairage public,Hors agglomération,Hors intersection,Normale,Deux véhicules - frontale,,,,,,,,,,,3,1,1,1.0,1.0
201700012526,0017-03-18 00:35:00,17,3,18,0,35,270,316,8 rue du moulin de pierr,49.39532,0.78558,Nuit sans éclairage public,En agglomération,Hors intersection,Pluie légère,Autre collision,,,,,,,,,,,3,2,1,2.0,6.0
201700012527,0017-04-07 22:35:00,17,4,7,22,35,270,105,2190 route de rouen,49.3135,0.89235,Nuit avec éclairage allumé,Hors agglomération,Hors intersection,Normale,Autre collision,,,,,,,,,,,5,1,1,1.0,6.0
201700012528,0017-04-10 20:04:00,17,4,10,20,4,270,84,RD 313,49.30818,0.85377,Plein jour,Hors agglomération,Hors intersection,Normale,Autre collision,,,,,,,,,,,1,1,1,1.0,6.0
201700012529,0017-05-28 21:30:00,17,5,28,21,30,270,102,rue de bourg achard rue,49.3635,0.78536,Crépuscule ou aube,En agglomération,Intersection en X,Normale,Deux véhicules - côté,,,,,,,,,,,2,2,2,1.0,3.0
201700012530,0017-06-21 10:45:00,17,6,21,10,45,270,105,intersection rue de la q,49.28901,0.88976,Plein jour,Hors agglomération,Intersection en X,Normale,Deux véhicules - côté,,,,,,,,,,,1,1,2,1.0,3.0
201700012531,0017-07-05 18:00:00,17,7,5,18,0,270,39,LA MARE FOULON,49.37436,0.85126,Plein jour,Hors agglomération,Intersection en T,Normale,Deux véhicules - côté,,,,,,,,,,,1,1,3,1.0,3.0
201700012532,0017-11-17 21:12:00,17,11,17,21,12,270,105,"RD 438, route de Rouen",49.31022,0.88803,Nuit sans éclairage public,En agglomération,Intersection en Y,Normale,Deux véhicules - côté,,,,,,,,,,,3,2,4,1.0,3.0
201700012533,0017-12-02 18:20:00,17,12,2,18,20,270,500,Rue du Docteur Collignon,49.37615,0.72946,Nuit avec éclairage allumé,En agglomération,Hors intersection,Temps couvert,Autre collision,,,,,,,,,,,5,2,1,8.0,6.0
201700012534,0017-05-05 23:00:00,17,5,5,23,0,270,434,D834,49.22613,0.49046,Nuit sans éclairage public,Hors agglomération,Hors intersection,Normale,Deux véhicules - arrière,,,,,,,,,,,3,1,1,1.0,2.0
201700012535,0017-06-24 23:00:00,17,6,24,23,0,270,367,CD137,49.23946,0.52765,Nuit sans éclairage public,Hors agglomération,Hors intersection,Normale,Autre collision,,,,,,,,,,,3,1,1,1.0,6.0
201700012536,0017-07-06 08:15:00,17,7,6,8,15,270,218,RD 139,49.28941,0.44928,Plein jour,Hors agglomération,Hors intersection,Normale,Deux véhicules - arrière,,,,,,,,,,,1,1,1,1.0,2.0
201700012537,0017-07-22 16:35:00,17,7,22,16,35,270,594,Rue de la forge,49.26848,0.60175,Plein jour,En agglomération,Hors intersection,Pluie légère,Deux véhicules - frontale,,,,,,,,,,,1,2,1,2.0,1.0
201700012538,0017-10-29 11:20:00,17,10,29,11,20,270,542,RD29 - cote maridor,49.2345,0.58797,Plein jour,Hors agglomération,Hors intersection,Pluie forte,Deux véhicules - frontale,,,,,,,,,,,1,1,1,3.0,1.0
201700012539,0017-11-09 18:45:00,17,11,9,18,45,270,349,Départementale 88,49.3116,0.6993,Nuit sans éclairage public,Hors agglomération,Hors intersection,Pluie légère,Autre collision,,,,,,,,,,,3,1,1,2.0,6.0
201700012540,0017-04-06 11:00:00,17,4,6,11,0,850,46,D748,46.66604,-1.29689,Plein jour,Hors agglomération,Hors intersection,Normale,Deux véhicules - arrière,,,,,,,,,,,1,1,1,1.0,2.0
201700012541,0017-04-07 07:34:00,17,4,7,7,34,850,73,RD7,46.5096,-1.16077,Plein jour,Hors agglomération,Intersection en X,Normale,Deux véhicules - côté,,,,,,,,,,,1,1,2,1.0,3.0
201700012542,0017-05-23 22:30:00,17,5,23,22,30,850,73,,46.5096,-1.16074,Nuit sans éclairage public,Hors agglomération,Intersection en X,Normale,Deux véhicules - côté,,,,,,,,,,,3,1,2,1.0,3.0
201700012543,0017-06-05 11:20:00,17,6,5,11,20,850,135,Rue du Marchiou,46.53594,-1.22322,Plein jour,En agglomération,Hors intersection,Normale,Deux véhicules - frontale,,,,,,,,,,,1,2,1,1.0,1.0
201700012544,0017-07-11 10:45:00,17,7,11,10,45,850,46,D948,46.66459,-1.28893,Plein jour,Hors agglomération,Hors intersection,Normale,Deux véhicules - arrière,,,,,,,,,,,1,1,1,1.0,2.0
201700012545,0017-07-16 07:20:00,17,7,16,7,20,850,46,LA LIMOUZINIERE,46.62755,-1.31958,Crépuscule ou aube,Hors agglomération,Hors intersection,Normale,Autre collision,,,,,,,,,,,2,1,1,1.0,6.0
201700012546,0017-07-27 23:10:00,17,7,27,23,10,850,135,Rue de la Boulaye,46.53314,-1.2164,Nuit avec éclairage allumé,En agglomération,Hors intersection,Normale,Autre collision,,,,,,,,,,,5,2,1,1.0,6.0
201700012547,0017-08-03 23:00:00,17,8,3,23,0,850,171,D60,46.49575,-1.24623,Nuit sans éclairage public,Hors agglomération,Intersection en X,Normale,Deux véhicules - côté,,,,,,,,,,,3,1,2,1.0,3.0
201700012548,0017-08-17 02:30:00,17,8,17,2,30,850,69,PONT RAVAUD,46.6368,-1.4384,Nuit sans éclairage public,Hors agglomération,Hors intersection,Normale,Autre collision,,,,,,,,,,,3,1,1,1.0,6.0
201700012549,0017-10-02 15:15:00,17,10,2,15,15,850,8,RUE GRAND,46.60239,-1.4526,Plein jour,En agglomération,Hors intersection,Normale,Deux véhicules - frontale,,,,,,,,,,,1,2,1,1.0,1.0
201700012550,0017-10-04 18:00:00,17,10,4,18,0,850,69,LA LANDRONNIERE,46.65426,-1.48515,Plein jour,Hors agglomération,Hors intersection,Temps éblouissant,Sans collision,,,,,,,,,,,1,1,1,7.0,7.0
201700012551,0017-10-15 15:00:00,17,10,15,15,0,850,135,,46.54389,-1.24215,Plein jour,Hors agglomération,Intersection en X,Normale,Deux véhicules - frontale,,,,,,,,,,,1,1,2,1.0,1.0
201700012552,0017-10-26 23:10:00,17,10,26,23,10,850,36,La Touche,46.50328,-1.26669,Nuit sans éclairage public,Hors agglomération,Hors intersection,Brouillard / fumée,Autre collision,,,,,,,,,,,3,1,1,5.0,6.0
201700012553,0017-11-05 17:15:00,17,11,5,17,15,850,291,Le Grand Poiron,46.60682,-1.27207,Plein jour,Hors agglomération,Hors intersection,Temps éblouissant,Sans collision,,,,,,,,,,,1,1,1,7.0,7.0
201700012554,0017-01-05 06:20:00,17,1,5,6,20,850,89,RUE NATIONALE,46.71503,-1.31229,Nuit avec éclairage allumé,En agglomération,Hors intersection,Temps couvert,Autre collision,,,,,,,,,,,5,2,1,8.0,6.0
201700012555,0017-01-09 09:15:00,17,1,9,9,15,850,51,Av de Lattre de Tassigny,46.68516,-1.04953,Plein jour,En agglomération,Autre intersection,Pluie légère,Autre collision,,,,,,,,,,,1,2,9,2.0,6.0
201700012556,0017-02-14 18:00:00,17,2,14,18,0,850,84,lieu-dit Le puy Bertrand,46.78994,-1.18671,Crépuscule ou aube,Hors agglomération,Intersection en T,Normale,Deux véhicules - côté,,,,,,,,,,,2,1,3,1.0,3.0
201700012557,0017-03-16 12:40:00,17,3,16,12,40,850,282,LE FIEF DU CHAMP BLANC,46.72463,-1.00459,Plein jour,Hors agglomération,Hors intersection,Normale,Deux véhicules - arrière,,,,,,,,,,,1,1,1,1.0,2.0
201700012558,0017-03-17 16:35:00,17,3,17,16,35,850,220,37 rue Louis Marchegay,46.72246,-1.02443,Plein jour,En agglomération,Hors intersection,Normale,Deux véhicules - côté,,,,,,,,,,,1,2,1,1.0,3.0
201700012559,0017-04-06 14:35:00,17,4,6,14,35,850,212,rue Nationale,46.79885,-1.1518,Plein jour,En agglomération,Hors intersection,Normale,Deux véhicules - côté,,,,,,,,,,,1,2,1,1.0,3.0
201700012560,0017-04-29 06:15:00,17,4,29,6,15,850,81,d763,46.73745,-1.43092,Nuit avec éclairage allumé,Hors agglomération,Hors intersection,Normale,Autre collision,,,,,,,,,,,5,1,1,1.0,6.0
201700012561,0017-05-24 11:20:00,17,5,24,11,20,850,51,lieu dit sébastopol,46.7103,-1.02794,Plein jour,Hors agglomération,Hors intersection,Normale,Deux véhicules - côté,,,,,,,,,,,1,1,1,1.0,3.0