accident_id,datetime,annee,mois,jour,heure,minute,departement,commune_insee,adresse,latitude,longitude,luminosite,agglomeration,intersection,meteo,collision,nb_vehicules,nb_usagers,nb_indemnes,nb_tues,nb_blesses_hosp,nb_blesses_legers,age_cond_1,age_cond_2,veh_type_cond_1,veh_type_cond_2,lum_code,agg_code,int_code,atm_code,col_code
201700012562,0017-06-03 23:50:00,17,6,3,23,50,850,165,La Guérinière,46.76933,-1.10923,Nuit sans éclairage public,Hors agglomération,Hors intersection,Normale,Sans collision,,,,,,,,,,,3,1,1,1.0,7.0
201700012563,0017-08-06 09:50:00,17,8,6,9,50,850,84,Avenue de la Promenade,46.77505,-1.23216,Plein jour,En agglomération,Giratoire,Normale,Deux véhicules - côté,,,,,,,,,,,1,2,6,1.0,3.0
201700012564,0017-09-16 08:30:00,17,9,16,8,30,850,220,MONTSIRON,46.72914,-1.044,Plein jour,Hors agglomération,Hors intersection,Brouillard / fumée,Sans collision,,,,,,,,,,,1,1,1,5.0,7.0
201700012565,0017-09-28 13:00:00,17,9,28,13,0,850,51,960 BIS,46.70195,-1.03926,Plein jour,En agglomération,Hors intersection,Normale,Deux véhicules - côté,,,,,,,,,,,1,2,1,1.0,3.0
201700012566,0017-10-02 20:00:00,17,10,2,20,0,850,81,LES LANDES ROCHETTE,46.74316,-1.41242,Nuit sans éclairage public,Hors agglomération,Intersection en X,Normale,Deux véhicules - frontale,,,,,,,,,,,3,1,2,1.0,1.0
201700012567,0017-11-13 17:00:00,17,11,13,17,0,850,89,Le Bois Imbert,46.70353,-1.33694,Plein jour,Hors agglomération,Intersection en T,Normale,Trois véhicules et plus - collisions multiples,,,,,,,,,,,1,1,3,1.0,5.0
201700012568,0017-11-22 07:00:00,17,11,22,7,0,850,282,7 rue de Chavagnes,46.70392,-0.97954,Nuit sans éclairage public,En agglomération,Hors intersection,Brouillard / fumée,Autre collision,,,,,,,,,,,3,2,1,5.0,6.0
201700012569,0017-12-15 20:20:00,17,12,15,20,20,850,84,les  noues,46.77805,-1.24914,Nuit sans éclairage public,Hors agglomération,Intersection en T,Normale,Deux véhicules - frontale,,,,,,,,,,,3,1,3,1.0,1.0
201700012570,0017-01-12 07:55:00,17,1,12,7,55,850,107,D 23 - LD La Tuilerie,46.96425,-1.27298,Nuit sans éclairage public,Hors agglomération,Intersection en X,Pluie légère,Deux véhicules - côté,,,,,,,,,,,3,1,2,2.0,3.0
201700012571,0017-02-06 12:30:00,17,2,6,12,30,850,146,place du champ de foire,46.97782,-1.31275,Plein jour,En agglomération,Hors intersection,Normale,Deux véhicules - frontale,,,,,,,,,,,1,2,1,1.0,1.0
201700012572,0017-02-16 16:25:00,17,2,16,16,25,850,27,RUE DE LAVOISIER,46.97002,-1.32482,Plein jour,En agglomération,Hors intersection,Normale,Autre collision,,,,,,,,,,,1,2,1,1.0,6.0
201700012573,0017-03-01 07:30:00,17,3,1,7,30,850,146,RUE SAINT JOSEPH,46.97888,-1.30265,Crépuscule ou aube,En agglomération,Giratoire,Pluie forte,Deux véhicules - côté,,,,,,,,,,,2,2,6,3.0,3.0
201700012574,0017-04-24 07:05:00,17,4,24,7,5,850,27,,46.95144,-1.34763,Crépuscule ou aube,Hors agglomération,Intersection en T,Temps éblouissant,Deux véhicules - côté,,,,,,,,,,,2,1,3,7.0,3.0
201700012575,0017-05-04 12:10:00,17,5,4,12,10,850,217,lieu-dit ''Le verger'',46.92454,-1.30708,Plein jour,Hors agglomération,Hors intersection,Temps éblouissant,Deux véhicules - côté,,,,,,,,,,,1,1,1,7.0,3.0
201700012576,0017-07-21 12:15:00,17,7,21,12,15,850,39,Intersection carrefour D,47.00724,-1.1852,Plein jour,Hors agglomération,Intersection en T,Normale,Deux véhicules - frontale,,,,,,,,,,,1,1,3,1.0,1.0
201700012577,0017-08-15 07:15:00,17,8,15,7,15,850,262,La Favrie,46.96976,-1.51696,Plein jour,Hors agglomération,Hors intersection,Normale,Trois véhicules et plus - collisions multiples,,,,,,,,,,,1,1,1,1.0,5.0
201700012578,0017-09-15 17:10:00,17,9,15,17,10,850,27,29 rue du sacré coeur,46.95991,-1.34201,Plein jour,En agglomération,Hors intersection,Normale,Autre collision,,,,,,,,,,,1,2,1,1.0,6.0
201700012579,0017-10-26 06:15:00,17,10,26,6,15,850,190,La Naulière,46.92534,-1.49798,Nuit sans éclairage public,Hors agglomération,Hors intersection,Brouillard / fumée,Autre collision,,,,,,,,,,,3,1,1,5.0,6.0
201700012580,0017-10-31 19:15:00,17,10,31,19,15,850,295,,46.9801,-1.21505,Nuit sans éclairage public,Hors agglomération,Hors intersection,Normale,Sans collision,,,,,,,,,,,3,1,1,1.0,7.0
201700012581,0017-11-03 19:45:00,17,11,3,19,45,850,25,LES BORGNIÈRES,46.97179,-1.20639,Nuit sans éclairage public,Hors agglomération,Hors intersection,Pluie légère,Autre collision,,,,,,,,,,,3,1,1,2.0,6.0
201700012582,0017-12-09 19:30:00,17,12,9,19,30,850,108,LA BANNERIE,46.93622,-1.35778,Nuit sans éclairage public,Hors agglomération,Hors intersection,Pluie forte,Trois véhicules et plus - collisions multiples,,,,,,,,,,,3,1,1,3.0,5.0
201700012583,0017-03-02 10:40:00,17,3,2,10,40,850,104,"rd 46, pk3+700",46.34902,-1.32763,Plein jour,Hors agglomération,Hors intersection,Normale,Deux véhicules - arrière,,,,,,,,,,,1,1,1,1.0,2.0
201700012584,0017-03-28 15:00:00,17,3,28,15,0,850,1,Rue du Pont Neuf,46.33719,-1.31177,Plein jour,En agglomération,Intersection en X,Normale,Deux véhicules - côté,,,,,,,,,,,1,2,2,1.0,3.0
201700012585,0017-08-03 15:56:00,17,8,3,15,56,850,105,Rue des Grises,46.36906,-0.91836,Plein jour,En agglomération,Intersection en T,Normale,Deux véhicules - côté,,,,,,,,,,,1,2,3,1.0,3.0
201700012586,0017-08-09 14:00:00,17,8,9,14,0,850,185,RUE DU CLOS DES VIGNES,46.37618,-1.078,Plein jour,En agglomération,Intersection en T,Normale,Deux véhicules - côté,,,,,,,,,,,1,2,3,1.0,3.0
201700012587,0017-08-17 11:40:00,17,8,17,11,40,850,128,D949,46.46844,-1.15435,Plein jour,Hors agglomération,Hors intersection,Normale,Autre collision,,,,,,,,,,,1,1,1,1.0,6.0
201700012588,0017-08-22 07:55:00,17,8,22,7,55,850,128,Av de Lattre de Tassigny,46.45832,-1.14716,Plein jour,En agglomération,Hors intersection,Normale,Deux véhicules - arrière,,,,,,,,,,,1,2,1,1.0,2.0
201700012589,0017-08-25 17:25:00,17,8,25,17,25,850,149,LE CHÂTEAU  MUSSET,46.4248,-1.09491,Plein jour,Hors agglomération,Hors intersection,Normale,Trois véhicules et plus - collisions multiples,,,,,,,,,,,1,1,1,1.0,5.0
201700012590,0017-09-01 20:30:00,17,9,1,20,30,850,49,D50,46.40494,-1.13743,Crépuscule ou aube,Hors agglomération,Hors intersection,Normale,Sans collision,,,,,,,,,,,2,1,1,1.0,7.0
201700012591,0017-11-08 19:05:00,17,11,8,19,5,850,233,route de la rochelle,46.52338,-1.08296,Nuit avec éclairage allumé,En agglomération,Intersection en X,Normale,Autre collision,,,,,,,,,,,5,2,2,1.0,6.0
201700012592,0017-11-14 11:54:00,17,11,14,11,54,850,128,,46.48448,-1.18535,Plein jour,Hors agglomération,Intersection en X,Normale,Trois véhicules et plus - en chaîne,,,,,,,,,,,1,1,2,1.0,4.0
201700012593,0017-12-19 08:35:00,17,12,19,8,35,850,128,68 Bd du P. De Gaulle,46.45588,-1.17391,Crépuscule ou aube,En agglomération,Hors intersection,Normale,Autre collision,,,,,,,,,,,2,2,1,1.0,6.0
201700012594,0017-01-26 17:45:00,17,1,26,17,45,850,303,LE PONT AUX CHEVRES,46.35326,-0.84178,Plein jour,En agglomération,Giratoire,Normale,Deux véhicules - côté,,,,,,,,,,,1,2,6,1.0,3.0
201700012595,0017-03-25 17:00:00,17,3,25,17,0,850,28,D.104 - La Tuilerie,46.37909,-0.66041,Plein jour,Hors agglomération,Hors intersection,Normale,Autre collision,,,,,,,,,,,1,1,1,1.0,6.0
201700012596,0017-04-09 17:45:00,17,4,9,17,45,850,265,route des bas marais,46.39159,-0.74486,Plein jour,Hors agglomération,Hors intersection,Normale,Autre collision,,,,,,,,,,,1,1,1,1.0,6.0
201700012597,0017-04-26 19:05:00,17,4,26,19,5,850,244,Puy Sec,46.43459,-0.77499,Plein jour,Hors agglomération,Intersection en X,Normale,Deux véhicules - côté,,,,,,,,,,,1,1,2,1.0,3.0
201700012598,0017-06-05 20:40:00,17,6,5,20,40,850,306,ZA du Désert,46.43875,-0.69873,Crépuscule ou aube,Hors agglomération,Intersection en X,Normale,Deux véhicules - côté,,,,,,,,,,,2,1,2,1.0,3.0
201700012599,0017-06-16 16:15:00,17,6,16,16,15,850,20,20 rue des Pictons,46.34496,-0.64634,Plein jour,En agglomération,Hors intersection,Normale,Deux véhicules - frontale,,,,,,,,,,,1,2,1,1.0,1.0
201700012600,0017-07-11 09:13:00,17,7,11,9,13,850,303,Marais de Cargouilleau,46.38351,-0.87311,Plein jour,Hors agglomération,Hors intersection,Normale,Deux véhicules - côté,,,,,,,,,,,1,1,1,1.0,3.0
201700012601,0017-09-02 17:40:00,17,9,2,17,40,850,227,,46.50575,-0.64756,Plein jour,Hors agglomération,Hors intersection,Normale,Sans collision,,,,,,,,,,,1,1,1,1.0,7.0
201700012602,0017-09-04 07:45:00,17,9,4,7,45,850,227,,46.44863,-0.63264,Crépuscule ou aube,Hors agglomération,Hors intersection,Pluie légère,Deux véhicules - côté,,,,,,,,,,,2,1,1,2.0,3.0
201700012603,0017-09-27 08:57:00,17,9,27,8,57,850,168,15RUE GEORGES CLEMENCEAU,46.39975,-0.66406,Plein jour,En agglomération,Hors intersection,Temps éblouissant,Autre collision,,,,,,,,,,,1,2,1,7.0,6.0
201700012604,0017-11-02 18:25:00,17,11,2,18,25,850,244,D148,46.43713,-0.74268,Nuit sans éclairage public,Hors agglomération,Intersection en X,Normale,Deux véhicules - côté,,,,,,,,,,,3,1,2,1.0,3.0
201700012605,0017-11-11 16:25:00,17,11,11,16,25,850,227,Le Lion d'Or,46.49212,-0.66921,Plein jour,Hors agglomération,Hors intersection,Pluie légère,Sans collision,,,,,,,,,,,1,1,1,2.0,7.0
201700012606,0017-02-02 15:00:00,17,2,2,15,0,850,90,La Dortière Basse,46.8394,-0.84908,Plein jour,Hors agglomération,Hors intersection,Pluie légère,Autre collision,,,,,,,,,,,1,1,1,2.0,6.0
201700012607,0017-03-03 19:20:00,17,3,3,19,20,850,187,La Chabosse,46.70882,-0.82133,Nuit sans éclairage public,Hors agglomération,Hors intersection,Normale,Deux véhicules - arrière,,,,,,,,,,,3,1,1,1.0,2.0
201700012608,0017-03-22 16:15:00,17,3,22,16,15,850,182,,46.78353,-0.82799,Plein jour,En agglomération,Giratoire,Pluie légère,Deux véhicules - côté,,,,,,,,,,,1,2,6,2.0,3.0
201700012609,0017-05-22 08:00:00,17,5,22,8,0,850,90,LA BRETONNIERE,46.81342,-0.85398,Plein jour,Hors agglomération,Hors intersection,Normale,Autre collision,,,,,,,,,,,1,1,1,1.0,6.0
201700012610,0017-05-25 18:25:00,17,5,25,18,25,850,67,Chemin de la Chapelle,46.66438,-0.78559,Plein jour,En agglomération,Hors intersection,Normale,Sans collision,,,,,,,,,,,1,2,1,1.0,7.0
201700012611,0017-05-28 17:50:00,17,5,28,17,50,850,145,Bourdin,46.70027,-0.9585,Plein jour,Hors agglomération,Intersection en T,Normale,Deux véhicules - côté,,,,,,,,,,,1,1,3,1.0,3.0
201700012612,0017-06-04 17:30:00,17,6,4,17,30,850,289,Le Tail,46.64695,-0.69806,Plein jour,Hors agglomération,Hors intersection,Normale,Autre collision,,,,,,,,,,,1,1,1,1.0,6.0
201700012613,0017-06-29 16:30:00,17,6,29,16,30,850,5,LA LEVRAUDIERE,46.63627,-0.75807,Plein jour,Hors agglomération,Autre intersection,Pluie légère,Autre collision,,,,,,,,,,,1,1,9,2.0,6.0
201700012614,0017-07-26 16:35:00,17,7,26,16,35,850,14,La Muette,46.68021,-0.96996,Plein jour,Hors agglomération,Hors intersection,Normale,Sans collision,,,,,,,,,,,1,1,1,1.0,7.0
201700012615,0017-08-04 16:30:00,17,8,4,16,30,850,31,La Rousselière Darot,46.80762,-0.93192,Plein jour,Hors agglomération,Hors intersection,Temps couvert,Sans collision,,,,,,,,,,,1,1,1,8.0,7.0
201700012616,0017-09-23 02:30:00,17,9,23,2,30,850,264,Le Bordage,46.7064,-0.67209,Nuit sans éclairage public,Hors agglomération,Hors intersection,Normale,Sans collision,,,,,,,,,,,3,1,1,1.0,7.0
201700012617,0017-11-03 14:30:00,17,11,3,14,30,850,264,27 rue des Plochères,46.6903,-0.70612,Plein jour,En agglomération,Hors intersection,Normale,Deux véhicules - côté,,,,,,,,,,,1,2,1,1.0,3.0
201700012618,0017-12-05 03:45:00,17,12,5,3,45,850,257,,46.86413,-0.89019,Nuit sans éclairage public,Hors agglomération,Hors intersection,Normale,Autre collision,,,,,,,,,,,3,1,1,1.0,6.0
201700012619,0017-12-06 23:30:00,17,12,6,23,30,850,14,LE PALIRON,46.67894,-0.90875,Nuit sans éclairage public,Hors agglomération,Hors intersection,Brouillard / fumée,Autre collision,,,,,,,,,,,3,1,1,5.0,6.0
201700012620,0017-01-13 09:45:00,17,1,13,9,45,850,47,Rte de St Jean de Monts,46.84267,-1.89148,Plein jour,En agglomération,Hors intersection,Normale,Autre collision,,,,,,,,,,,1,2,1,1.0,6.0
201700012621,0017-01-29 06:30:00,17,1,29,6,30,850,204,la Joséphine,46.8169,-1.76785,Nuit sans éclairage public,Hors agglomération,Intersection en X,Normale,Deux véhicules - côté,,,,,,,,,,,3,1,2,1.0,3.0
201700012622,0017-03-03 16:20:00,17,3,3,16,20,850,47,RUE DE LA PETITE VOIE,46.8359,-1.87503,Plein jour,En agglomération,Intersection en T,Normale,Trois véhicules et plus - collisions multiples,,,,,,,,,,,1,2,3,1.0,5.0
201700012623,0017-03-14 18:00:00,17,3,14,18,0,850,47,route de St Jean de Mont,46.83863,-1.9027,Plein jour,En agglomération,Intersection en T,Normale,Deux véhicules - côté,,,,,,,,,,,1,2,3,1.0,3.0
201700012624,0017-03-14 17:00:00,17,3,14,17,0,850,96,19 rue de NANTES,46.89384,-1.83184,Plein jour,En agglomération,Hors intersection,Normale,Deux véhicules - frontale,,,,,,,,,,,1,2,1,1.0,1.0
201700012625,0017-04-23 11:45:00,17,4,23,11,45,850,47,rue des marzelles,46.84223,-1.87362,Plein jour,En agglomération,Intersection en X,Normale,Trois véhicules et plus - collisions multiples,,,,,,,,,,,1,2,2,1.0,5.0
201700012626,0017-05-20 17:30:00,17,5,20,17,30,850,204,RUE DE LA MAIRIE,46.82377,-1.76136,Plein jour,En agglomération,Intersection en T,Normale,Deux véhicules - côté,,,,,,,,,,,1,2,3,1.0,3.0
201700012627,0017-06-03 17:30:00,17,6,3,17,30,850,24,La Guarguinière,46.93648,-1.83944,Plein jour,Hors agglomération,Hors intersection,Normale,Deux véhicules - frontale,,,,,,,,,,,1,1,1,1.0,1.0
201700012628,0017-07-27 11:15:00,17,7,27,11,15,850,130,LA BONDE,46.76834,-1.67099,Plein jour,Hors agglomération,Hors intersection,Normale,Autre collision,,,,,,,,,,,1,1,1,1.0,6.0
201700012629,0017-08-16 11:15:00,17,8,16,11,15,850,24,LA FRANDIERE,46.9535,-1.9382,Plein jour,Hors agglomération,Hors intersection,Temps éblouissant,Deux véhicules - côté,,,,,,,,,,,1,1,1,7.0,3.0
201700012630,0017-08-27 15:00:00,17,8,27,15,0,850,86,La gaudetière,46.8774,-1.72257,Plein jour,Hors agglomération,Hors intersection,Normale,Deux véhicules - frontale,,,,,,,,,,,1,1,1,1.0,1.0
201700012631,0017-09-16 12:00:00,17,9,16,12,0,850,47,Rte de Commequiers,46.82437,-1.85618,Plein jour,En agglomération,Intersection en X,Normale,Deux véhicules - côté,,,,,,,,,,,1,2,2,1.0,3.0
201700012632,0017-10-12 08:35:00,17,10,12,8,35,850,96,LA ROMAZIERE,46.86338,-1.86477,Crépuscule ou aube,Hors agglomération,Giratoire,Normale,Deux véhicules - côté,,,,,,,,,,,2,1,6,1.0,3.0
201700012633,0017-11-01 20:30:00,17,11,1,20,30,850,280,LA CHUSSONNIERE,46.85078,-1.95723,Nuit sans éclairage public,Hors agglomération,Hors intersection,Brouillard / fumée,Trois véhicules et plus - collisions multiples,,,,,,,,,,,3,1,1,5.0,5.0
201700012634,0017-11-20 13:15:00,17,11,20,13,15,850,260,Rue des Ormeaux,46.79649,-1.66265,Plein jour,En agglomération,Hors intersection,Normale,Autre collision,,,,,,,,,,,1,2,1,1.0,6.0
201700012635,0017-02-04 03:00:00,17,2,4,3,0,850,277,D747 - D73,46.53534,-1.43859,Nuit sans éclairage public,Hors agglomération,Intersection en X,Pluie forte,Deux véhicules - côté,,,,,,,,,,,3,1,2,3.0,3.0
201700012636,0017-02-17 17:45:00,17,2,17,17,45,850,114,Route de Madoreau,46.4112,-1.59503,Plein jour,En agglomération,Intersection en X,Normale,Deux véhicules - côté,,,,,,,,,,,1,2,2,1.0,3.0
201700012637,0017-04-02 16:30:00,17,4,2,16,30,850,288,Rue des halles,46.46873,-1.61818,Plein jour,En agglomération,Hors intersection,Normale,Deux véhicules - frontale,,,,,,,,,,,1,2,1,1.0,1.0
201700012638,0017-04-11 11:30:00,17,4,11,11,30,850,294,rue du bottereau,46.35009,-1.43162,Plein jour,En agglomération,Hors intersection,Normale,Sans collision,,,,,,,,,,,1,2,1,1.0,7.0
201700012639,0017-04-24 13:25:00,17,4,24,13,25,850,294,Route de l'Huître - D105,46.35309,-1.43236,Plein jour,En agglomération,Intersection en T,Normale,Deux véhicules - côté,,,,,,,,,,,1,2,3,1.0,3.0
201700012640,0017-04-29 16:30:00,17,4,29,16,30,850,288,rue de cayola,46.45625,-1.71204,Plein jour,En agglomération,Hors intersection,Normale,Trois véhicules et plus - collisions multiples,,,,,,,,,,,1,2,1,1.0,5.0
201700012641,0017-05-06 08:50:00,17,5,6,8,50,850,156,D747 - pk 20+480,46.49164,-1.44456,Plein jour,Hors agglomération,Hors intersection,Normale,Deux véhicules - frontale,,,,,,,,,,,1,1,1,1.0,1.0
201700012642,0017-05-12 12:10:00,17,5,12,12,10,850,201,La Bergerie,46.42915,-1.34415,Plein jour,Hors agglomération,Intersection en T,Normale,Deux véhicules - côté,,,,,,,,,,,1,1,3,1.0,3.0
201700012643,0017-06-02 18:00:00,17,6,2,18,0,850,127,,46.43112,-1.48263,Plein jour,Hors agglomération,Hors intersection,Normale,Autre collision,,,,,,,,,,,1,1,1,1.0,6.0
201700012644,0017-06-08 15:30:00,17,6,8,15,30,850,22,LA LEVRAUDIERE,46.46061,-1.4191,Plein jour,Hors agglomération,Intersection en X,Normale,Deux véhicules - côté,,,,,,,,,,,1,1,2,1.0,3.0
201700012645,0017-06-14 10:40:00,17,6,14,10,40,850,200,RUE LEONE MARGAUX,46.51557,-1.48844,Plein jour,En agglomération,Hors intersection,Normale,Autre collision,,,,,,,,,,,1,2,1,1.0,6.0
201700012646,0017-06-17 05:30:00,17,6,17,5,30,850,288,Rue du Gué,46.47043,-1.61758,Crépuscule ou aube,En agglomération,Hors intersection,Normale,Autre collision,,,,,,,,,,,2,2,1,1.0,6.0
201700012647,0017-06-18 19:10:00,17,6,18,19,10,850,156,,46.49498,-1.4448,Plein jour,Hors agglomération,Hors intersection,Normale,Deux véhicules - côté,,,,,,,,,,,1,1,1,1.0,3.0
201700012648,0017-07-10 00:10:00,17,7,10,0,10,850,288,LA GRANDE GAUDINIERE,46.46851,-1.57715,Nuit sans éclairage public,Hors agglomération,Hors intersection,Pluie légère,Deux véhicules - frontale,,,,,,,,,,,3,1,1,2.0,1.0
201700012649,0017-07-19 09:30:00,17,7,19,9,30,850,277,La Bergerie,46.52407,-1.40997,Plein jour,Hors agglomération,Intersection en X,Normale,Deux véhicules - côté,,,,,,,,,,,1,1,2,1.0,3.0
201700012650,0017-07-27 12:40:00,17,7,27,12,40,850,294,Rond-point du Forcin,46.35425,-1.42481,Plein jour,En agglomération,Giratoire,Normale,Deux véhicules - côté,,,,,,,,,,,1,2,6,1.0,3.0
201700012651,0017-07-29 09:50:00,17,7,29,9,50,850,294,PONT DE LA TRANCHE,46.35742,-1.42307,Plein jour,Hors agglomération,Intersection en X,Temps couvert,Autre collision,,,,,,,,,,,1,1,2,8.0,6.0
201700012652,0017-08-06 18:00:00,17,8,6,18,0,850,288,Avenue de l'atlantique,46.4636,-1.65235,Plein jour,En agglomération,Intersection en X,Normale,Autre collision,,,,,,,,,,,1,2,2,1.0,6.0
201700012653,0017-08-27 12:30:00,17,8,27,12,30,850,288,,46.50197,-1.57623,Plein jour,Hors agglomération,Hors intersection,Normale,Trois véhicules et plus - collisions multiples,,,,,,,,,,,1,1,1,1.0,5.0
201700012654,0017-09-22 16:30:00,17,9,22,16,30,850,103,,46.54582,-1.59886,Plein jour,Hors agglomération,Hors intersection,Normale,Autre collision,,,,,,,,,,,1,1,1,1.0,6.0
201700012655,0017-09-26 18:05:00,17,9,26,18,5,850,103,La Rivoire,46.54639,-1.59713,Plein jour,Hors agglomération,Intersection en T,Normale,Deux véhicules - côté,,,,,,,,,,,1,1,3,1.0,3.0
201700012656,0017-11-10 22:10:00,17,11,10,22,10,850,50,rue de l'hôtel de ville,46.51296,-1.34004,Nuit avec éclairage allumé,En agglomération,Hors intersection,Normale,Autre collision,,,,,,,,,,,5,2,1,1.0,6.0
201700012657,0017-11-10 18:45:00,17,11,10,18,45,850,156,RUE DE LA GARENNE,46.49883,-1.4261,Nuit avec éclairage allumé,En agglomération,Intersection en T,Normale,Deux véhicules - côté,,,,,,,,,,,5,2,3,1.0,3.0
201700012658,0017-11-11 10:10:00,17,11,11,10,10,850,10,,46.4637,-1.4624,Plein jour,Hors agglomération,Hors intersection,Pluie légère,Autre collision,,,,,,,,,,,1,1,1,2.0,6.0
201700012659,0017-12-23 16:55:00,17,12,23,16,55,850,201,62 rue de l'océan,46.42246,-1.36292,Crépuscule ou aube,En agglomération,Hors intersection,Normale,Autre collision,,,,,,,,,,,2,2,1,1.0,6.0
201700012660,0017-02-05 05:50:00,17,2,5,5,50,850,273,route de Beauvoir,46.89252,-1.97966,Nuit sans éclairage public,Hors agglomération,Autre intersection,Pluie légère,Autre collision,,,,,,,,,,,3,1,9,2.0,6.0
201700012661,0017-03-17 18:15:00,17,3,17,18,15,850,221,Rue Bonne Brise,46.90379,-2.01323,Plein jour,En agglomération,Hors intersection,Normale,Trois véhicules et plus - en chaîne,,,,,,,,,,,1,2,1,1.0,4.0
201700012662,0017-03-26 18:29:00,17,3,26,18,29,850,234,Rue de la plage,46.79183,-2.0634,Plein jour,En agglomération,Intersection en X,Normale,Deux véhicules - côté,,,,,,,,,,,1,2,2,1.0,3.0
201700012663,0017-04-14 15:20:00,17,4,14,15,20,850,29,lieu dit le Tortet,46.94897,-2.0229,Plein jour,Hors agglomération,Intersection en X,Normale,Autre collision,,,,,,,,,,,1,1,2,1.0,6.0
201700012664,0017-04-16 19:00:00,17,4,16,19,0,850,221,LA MAISON NEUVE,46.90682,-1.95658,Plein jour,Hors agglomération,Hors intersection,Normale,Sans collision,,,,,,,,,,,1,1,1,1.0,7.0
201700012665,0017-06-13 03:40:00,17,6,13,3,40,850,12,La chaussée,46.85605,-2.06027,Nuit sans éclairage public,Hors agglomération,Hors intersection,Normale,Deux véhicules - arrière,,,,,,,,,,,3,1,1,1.0,2.0
201700012666,0017-06-17 17:50:00,17,6,17,17,50,850,221,LA RAGUENERIE,46.93041,-1.97723,Plein jour,Hors agglomération,Hors intersection,Normale,Sans collision,,,,,,,,,,,1,1,1,1.0,7.0
201700012667,0017-07-16 12:20:00,17,7,16,12,20,850,12,D38 Bis,46.88296,-2.12222,Plein jour,Hors agglomération,Hors intersection,Normale,Deux véhicules - arrière,,,,,,,,,,,1,1,1,1.0,2.0
201700012668,0017-07-25 18:07:00,17,7,25,18,7,850,18,la case du dely,46.87814,-2.05853,Plein jour,Hors agglomération,Intersection en X,Normale,Deux véhicules - frontale,,,,,,,,,,,1,1,2,1.0,1.0
201700012669,0017-08-06 00:20:00,17,8,6,0,20,850,234,Route de la Gorlière,46.8208,-2.04341,Nuit sans éclairage public,Hors agglomération,Hors intersection,Normale,Autre collision,,,,,,,,,,,3,1,1,1.0,6.0
201700012670,0017-08-22 20:10:00,17,8,22,20,10,850,172,rond point RD753/RD205,46.83217,-1.92042,Crépuscule ou aube,Hors agglomération,Giratoire,Normale,Deux véhicules - côté,,,,,,,,,,,2,1,6,1.0,3.0
201700012671,0017-08-25 13:00:00,17,8,25,13,0,850,234,RUE NOTRE-DAME-DE-MONTS,46.79666,-2.06999,Plein jour,Hors agglomération,Intersection en X,Normale,Trois véhicules et plus - en chaîne,,,,,,,,,,,1,1,2,1.0,4.0
201700012672,0017-08-30 10:10:00,17,8,30,10,10,850,164,Rue de la barre,46.83763,-2.12644,Plein jour,En agglomération,Intersection en T,Temps couvert,Deux véhicules - arrière,,,,,,,,,,,1,2,3,8.0,2.0
201700012673,0017-09-01 16:15:00,17,9,1,16,15,850,29,,46.97749,-1.98636,Plein jour,Hors agglomération,Hors intersection,Normale,Deux véhicules - frontale,,,,,,,,,,,1,1,1,1.0,1.0
201700012674,0017-09-18 08:30:00,17,9,18,8,30,850,234,rue des artisans,46.79645,-2.0552,Plein jour,En agglomération,Intersection en Y,Normale,Deux véhicules - frontale,,,,,,,,,,,1,2,4,1.0,1.0
201700012675,0017-09-23 16:40:00,17,9,23,16,40,850,234,ROUTE DU MAILLEAU,46.78254,-2.00774,Plein jour,Hors agglomération,Hors intersection,Normale,Deux véhicules - arrière,,,,,,,,,,,1,1,1,1.0,2.0
201700012676,0017-09-23 22:25:00,17,9,23,22,25,850,284,route du soullandeau,46.79119,-1.89278,Nuit sans éclairage public,En agglomération,Hors intersection,Normale,Sans collision,,,,,,,,,,,3,2,1,1.0,7.0
201700012677,0017-09-30 15:45:00,17,9,30,15,45,850,273,Rue de la Croix Mission,46.88096,-2.00799,Plein jour,En agglomération,Giratoire,Normale,Deux véhicules - frontale,,,,,,,,,,,1,2,6,1.0,1.0
201700012678,0017-10-13 08:00:00,17,10,13,8,0,850,284,,46.79107,-1.88198,Plein jour,Hors agglomération,Intersection en X,Brouillard / fumée,Deux véhicules - arrière,,,,,,,,,,,1,1,2,5.0,2.0
201700012679,0017-10-30 18:15:00,17,10,30,18,15,850,18,La Case Du Dely,46.87816,-2.05854,Crépuscule ou aube,Hors agglomération,Intersection en X,Normale,Deux véhicules - côté,,,,,,,,,,,2,1,2,1.0,3.0
201700012680,0017-12-09 07:40:00,17,12,9,7,40,850,273,,46.89205,-2.00538,Nuit sans éclairage public,Hors agglomération,Hors intersection,Normale,Autre collision,,,,,,,,,,,3,1,1,1.0,6.0
201700012681,0017-04-25 11:45:00,17,4,25,11,45,40,47,LA FRAICHE,44.0927,6.15113,Plein jour,En agglomération,Hors intersection,Normale,Sans collision,,,,,,,,,,,1,2,1,1.0,7.0
201700012682,0017-05-12 14:15:00,17,5,12,14,15,40,21,,44.1021,6.11294,Plein jour,En agglomération,Hors intersection,Normale,Autre collision,,,,,,,,,,,1,2,1,1.0,6.0
201700012683,0017-05-16 07:45:00,17,5,16,7,45,40,110,,44.0461,6.13549,Plein jour,Hors agglomération,Hors intersection,Normale,Deux véhicules - arrière,,,,,,,,,,,1,1,1,1.0,2.0