accident_id,datetime,annee,mois,jour,heure,minute,departement,commune_insee,adresse,latitude,longitude,luminosite,agglomeration,intersection,meteo,collision,nb_vehicules,nb_usagers,nb_indemnes,nb_tues,nb_blesses_hosp,nb_blesses_legers,age_cond_1,age_cond_2,veh_type_cond_1,veh_type_cond_2,lum_code,agg_code,int_code,atm_code,col_code
201700012684,0017-05-27 19:50:00,17,5,27,19,50,40,47,,44.1001,6.15538,Plein jour,Hors agglomération,Hors intersection,Normale,Sans collision,,,,,,,,,,,1,1,1,1.0,7.0
201700012685,0017-05-31 00:45:00,17,5,31,0,45,40,22,La Farrage,43.9428,6.38637,Nuit sans éclairage public,En agglomération,Hors intersection,Normale,Autre collision,,,,,,,,,,,3,2,1,1.0,6.0
201700012686,0017-06-10 12:25:00,17,6,10,12,25,40,70,,44.176,6.25709,Plein jour,Hors agglomération,Hors intersection,Normale,Autre collision,,,,,,,,,,,1,1,1,1.0,6.0
201700012687,0017-07-09 16:35:00,17,7,9,16,35,40,72,,44.1351,6.32598,Plein jour,Hors agglomération,Hors intersection,Normale,Deux véhicules - frontale,,,,,,,,,,,1,1,1,1.0,1.0
201700012688,0017-07-19 07:15:00,17,7,19,7,15,40,110,,44.0498,6.14634,Plein jour,Hors agglomération,Intersection en T,Normale,Trois véhicules et plus - en chaîne,,,,,,,,,,,1,1,3,1.0,4.0
201700012689,0017-07-24 05:00:00,17,7,24,5,0,40,24,HAMEAU LE RELAIS,44.1909,6.36621,Nuit sans éclairage public,Hors agglomération,Hors intersection,Normale,Deux véhicules - arrière,,,,,,,,,,,3,1,1,1.0,2.0
201700012690,0017-08-17 15:45:00,17,8,17,15,45,40,21,,44.114,6.11888,Plein jour,Hors agglomération,Hors intersection,Normale,Deux véhicules - frontale,,,,,,,,,,,1,1,1,1.0,1.0
201700012691,0017-08-31 15:55:00,17,8,31,15,55,40,24,COL DU LABOURET,44.24,6.36057,Plein jour,Hors agglomération,Hors intersection,Pluie légère,Sans collision,,,,,,,,,,,1,1,1,2.0,7.0
201700012692,0017-10-06 14:10:00,17,10,6,14,10,40,36,CD 900 COL DE L'HOURME,44.1687,6.33485,Plein jour,Hors agglomération,Hors intersection,Normale,Deux véhicules - côté,,,,,,,,,,,1,1,1,1.0,3.0
201700012693,0017-10-28 15:25:00,17,10,28,15,25,40,24,,44.1797,6.35759,Plein jour,Hors agglomération,Hors intersection,Normale,Sans collision,,,,,,,,,,,1,1,1,1.0,7.0
201700012694,0017-11-26 23:00:00,17,11,26,23,0,40,110,QUARTIER LE MOULIN,44.0494,6.14419,Nuit sans éclairage public,Hors agglomération,Hors intersection,Normale,Autre collision,,,,,,,,,,,3,1,1,1.0,6.0
201700012695,0017-12-21 18:15:00,17,12,21,18,15,40,113,,44.1311,6.28478,Nuit avec éclairage allumé,Hors agglomération,Hors intersection,Normale,Deux véhicules - frontale,,,,,,,,,,,5,1,1,1.0,1.0
201700012696,0017-01-08 15:09:00,17,1,8,15,9,40,189,RD 952 - PK 72+900,43.7748,5.95785,Plein jour,Hors agglomération,Hors intersection,Normale,Autre collision,,,,,,,,,,,1,1,1,1.0,6.0
201700012697,0017-02-28 07:45:00,17,2,28,7,45,40,230,"CD-6, LES ANGELVINS",43.8269,5.94223,Plein jour,Hors agglomération,Hors intersection,Pluie légère,Sans collision,,,,,,,,,,,1,1,1,2.0,7.0
201700012698,0017-03-11 01:00:00,17,3,11,1,0,40,94,LIEU DIT LE ROUSSET,43.7825,5.82194,Nuit sans éclairage public,Hors agglomération,Hors intersection,Normale,Trois véhicules et plus - collisions multiples,,,,,,,,,,,3,1,1,1.0,5.0
201700012699,0017-04-27 05:50:00,17,4,27,5,50,40,230,,43.8169,5.93282,Nuit sans éclairage public,Hors agglomération,Hors intersection,Temps couvert,Deux véhicules - frontale,,,,,,,,,,,3,1,1,8.0,1.0
201700012700,0017-04-30 11:30:00,17,4,30,11,30,40,230,"LIEU DIT ""ANGELVIN""",43.822,5.93685,Plein jour,Hors agglomération,Hors intersection,Normale,Deux véhicules - frontale,,,,,,,,,,,1,1,1,1.0,1.0
201700012701,0017-05-10 09:45:00,17,5,10,9,45,40,94,,43.7578,5.80594,Plein jour,Hors agglomération,Hors intersection,Normale,Trois véhicules et plus - en chaîne,,,,,,,,,,,1,1,1,1.0,4.0
201700012702,0017-06-10 11:35:00,17,6,10,11,35,40,230,AV FRÉDÉRIC MISTRAL,43.8375,5.98678,Plein jour,En agglomération,Hors intersection,Normale,Autre collision,,,,,,,,,,,1,2,1,1.0,6.0
201700012703,0017-06-17 19:20:00,17,6,17,19,20,40,230,,43.8422,5.98487,Plein jour,Hors agglomération,Hors intersection,Normale,Sans collision,,,,,,,,,,,1,1,1,1.0,7.0
201700012704,0017-08-13 00:40:00,17,8,13,0,40,40,94,,43.7413,5.87712,Nuit sans éclairage public,Hors agglomération,Hors intersection,Normale,Deux véhicules - frontale,,,,,,,,,,,3,1,1,1.0,1.0
201700012705,0017-10-22 19:50:00,17,10,22,19,50,40,94,,43.7886,5.82527,Nuit sans éclairage public,Hors agglomération,Hors intersection,Vent fort / tempête,Deux véhicules - arrière,,,,,,,,,,,3,1,1,6.0,2.0
201700012706,0017-11-01 20:15:00,17,11,1,20,15,40,230,LIEU DIT LE BARS,43.8622,5.89281,Nuit sans éclairage public,Hors agglomération,Hors intersection,Normale,Autre collision,,,,,,,,,,,3,1,1,1.0,6.0
201700012707,0017-11-11 05:40:00,17,11,11,5,40,40,94,,43.7914,5.82754,Nuit sans éclairage public,Hors agglomération,Hors intersection,Normale,Autre collision,,,,,,,,,,,3,1,1,1.0,6.0
201700012708,0017-11-10 14:25:00,17,11,10,14,25,40,94,CHEMIN DES COLLINES,43.7629,5.89488,Plein jour,En agglomération,Place,Normale,Autre collision,,,,,,,,,,,1,2,7,1.0,6.0
201700012709,0017-11-16 16:40:00,17,11,16,16,40,40,230,,43.8286,5.94439,Crépuscule ou aube,Hors agglomération,Hors intersection,Normale,Deux véhicules - côté,,,,,,,,,,,2,1,1,1.0,3.0
201700012710,0017-04-04 13:20:00,17,4,4,13,20,40,244,LIEU DIT LES FILLIÈRES,44.1146,5.99519,Plein jour,Hors agglomération,Hors intersection,Normale,Autre collision,,,,,,,,,,,1,1,1,1.0,6.0
201700012711,0017-04-11 19:09:00,17,4,11,19,9,40,149,,44.0443,5.95477,Crépuscule ou aube,Hors agglomération,Intersection en X,Normale,Deux véhicules - côté,,,,,,,,,,,2,1,2,1.0,3.0
201700012712,0017-05-16 11:30:00,17,5,16,11,30,40,244,AVENUE GÉNÉRAL DE GAULLE,44.1001,6.00988,Plein jour,En agglomération,Intersection en T,Normale,Deux véhicules - côté,,,,,,,,,,,1,2,3,1.0,3.0
201700012713,0017-06-06 17:10:00,17,6,6,17,10,40,116,BD DES TILLEULS,44.0304,5.97632,Plein jour,En agglomération,Hors intersection,Normale,Autre collision,,,,,,,,,,,1,2,1,1.0,6.0
201700012714,0017-06-19 21:50:00,17,6,19,21,50,40,79,AVENUE JEAN JAURES,44.092,6.00894,Nuit avec éclairage allumé,En agglomération,Hors intersection,Normale,Autre collision,,,,,,,,,,,5,2,1,1.0,6.0
201700012715,0017-07-12 14:59:00,17,7,12,14,59,40,108,RN 85,44.0523,6.02239,Plein jour,Hors agglomération,Hors intersection,Normale,Trois véhicules et plus - collisions multiples,,,,,,,,,,,1,1,1,1.0,5.0
201700012716,0017-07-13 17:15:00,17,7,13,17,15,40,149,,44.0429,5.95625,Plein jour,Hors agglomération,Intersection en T,Normale,Deux véhicules - côté,,,,,,,,,,,1,1,3,1.0,3.0
201700012717,0017-07-16 04:15:00,17,7,16,4,15,40,145,,44.1396,5.9594,Nuit avec éclairage non allumé,En agglomération,Hors intersection,Normale,Autre collision,,,,,,,,,,,4,2,1,1.0,6.0
201700012718,0017-08-07 10:20:00,17,8,7,10,20,40,116,LIEU DIT LA ROBERTE,44.035,5.98803,Plein jour,Hors agglomération,Hors intersection,Normale,Deux véhicules - arrière,,,,,,,,,,,1,1,1,1.0,2.0
201700012719,0017-08-09 15:00:00,17,8,9,15,0,40,116,,44.0352,5.98838,Plein jour,Hors agglomération,Intersection en T,Normale,Deux véhicules - arrière,,,,,,,,,,,1,1,3,1.0,2.0
201700012720,0017-08-09 18:45:00,17,8,9,18,45,40,127,,44.0716,5.98838,Plein jour,En agglomération,Intersection en T,Normale,Deux véhicules - côté,,,,,,,,,,,1,2,3,1.0,3.0
201700012721,0017-08-12 02:38:00,17,8,12,2,38,40,53,,44.0891,5.94351,Nuit avec éclairage allumé,En agglomération,Hors intersection,Normale,Autre collision,,,,,,,,,,,5,2,1,1.0,6.0
201700012722,0017-11-23 18:55:00,17,11,23,18,55,40,116,,44.0466,6.02013,Nuit sans éclairage public,Hors agglomération,Hors intersection,Normale,Deux véhicules - frontale,,,,,,,,,,,3,1,1,1.0,1.0
201700012723,0017-12-02 04:50:00,17,12,2,4,50,40,244,,44.1003,6.0098,Nuit avec éclairage allumé,En agglomération,Hors intersection,Neige / grêle,Autre collision,,,,,,,,,,,5,2,1,4.0,6.0
201700012724,0017-12-10 13:50:00,17,12,10,13,50,40,108,,44.0427,6.00673,Plein jour,Hors agglomération,Hors intersection,Pluie légère,Autre collision,,,,,,,,,,,1,1,1,2.0,6.0
201700012725,0017-03-11 00:10:00,17,3,11,0,10,40,55,RN 85,43.9768,6.31168,Nuit avec éclairage allumé,Hors agglomération,Hors intersection,Normale,Autre collision,,,,,,,,,,,5,1,1,1.0,6.0
201700012726,0017-06-08 14:10:00,17,6,8,14,10,40,31,,43.91,6.13876,Plein jour,Hors agglomération,Hors intersection,Normale,Deux véhicules - frontale,,,,,,,,,,,1,1,1,1.0,1.0
201700012727,0017-06-10 16:15:00,17,6,10,16,15,40,204,,43.9126,6.41394,Plein jour,Hors agglomération,Hors intersection,Normale,Sans collision,,,,,,,,,,,1,1,1,1.0,7.0
201700012728,0017-06-29 17:50:00,17,6,29,17,50,40,84,,43.9372,6.16101,Plein jour,Hors agglomération,Hors intersection,Normale,Trois véhicules et plus - en chaîne,,,,,,,,,,,1,1,1,1.0,4.0
201700012729,0017-07-04 16:20:00,17,7,4,16,20,40,55,,43.9707,6.31155,Plein jour,Hors agglomération,Hors intersection,Normale,Trois véhicules et plus - collisions multiples,,,,,,,,,,,1,1,1,1.0,5.0
201700012730,0017-07-21 17:30:00,17,7,21,17,30,40,84,,43.9314,6.15305,Plein jour,Hors agglomération,Hors intersection,Normale,Deux véhicules - frontale,,,,,,,,,,,1,1,1,1.0,1.0
201700012731,0017-09-01 10:00:00,17,9,1,10,0,40,28,,44.0049,6.20019,Plein jour,Hors agglomération,Hors intersection,Normale,Deux véhicules - frontale,,,,,,,,,,,1,1,1,1.0,1.0
201700012732,0017-11-10 23:30:00,17,11,10,23,30,40,59,,44.0062,6.38186,Nuit sans éclairage public,Hors agglomération,Hors intersection,Normale,Autre collision,,,,,,,,,,,3,1,1,1.0,6.0
201700012733,0017-11-20 00:01:00,17,11,20,0,1,40,84,,43.9401,6.16463,Nuit sans éclairage public,Hors agglomération,Hors intersection,Normale,Autre collision,,,,,,,,,,,3,1,1,1.0,6.0
201700012734,0017-04-05 13:25:00,17,4,5,13,25,40,76,,43.952,6.84057,Plein jour,Hors agglomération,Hors intersection,Normale,Autre collision,,,,,,,,,,,1,1,1,1.0,6.0
201700012735,0017-04-16 14:30:00,17,4,16,14,30,40,183,,43.9147,6.56207,Plein jour,Hors agglomération,Hors intersection,Normale,Autre collision,,,,,,,,,,,1,1,1,1.0,6.0
201700012736,0017-04-28 19:25:00,17,4,28,19,25,40,76,D4202,43.9661,6.77823,Plein jour,Hors agglomération,Hors intersection,Pluie légère,Autre collision,,,,,,,,,,,1,1,1,2.0,6.0
201700012737,0017-05-30 15:55:00,17,5,30,15,55,40,76,,43.9617,6.7862,Plein jour,Hors agglomération,Intersection en T,Normale,Deux véhicules - arrière,,,,,,,,,,,1,1,3,1.0,2.0
201700012738,0017-06-13 17:00:00,17,6,13,17,0,40,236,LIEU-DIT LA BRÈCHE,43.9137,6.57057,Plein jour,Hors agglomération,Hors intersection,Temps éblouissant,Autre collision,,,,,,,,,,,1,1,1,7.0,6.0
201700012739,0017-08-13 03:55:00,17,8,13,3,55,40,76,,43.954,6.857,Nuit sans éclairage public,Hors agglomération,Hors intersection,Normale,Autre collision,,,,,,,,,,,3,1,1,1.0,6.0
201700012740,0017-05-21 17:00:00,17,5,21,17,0,40,133,,43.9619,6.46698,Plein jour,Hors agglomération,Hors intersection,Normale,Sans collision,,,,,,,,,,,1,1,1,1.0,7.0
201700012741,0017-06-29 19:15:00,17,6,29,19,15,40,133,,43.9653,6.4498,Plein jour,Hors agglomération,Hors intersection,Normale,Autre collision,,,,,,,,,,,1,1,1,1.0,6.0
201700012742,0017-08-11 14:30:00,17,8,11,14,30,40,173,,43.9451,6.51547,Plein jour,Hors agglomération,Intersection en T,Normale,Deux véhicules - côté,,,,,,,,,,,1,1,3,1.0,3.0
201700012743,0017-08-14 18:00:00,17,8,14,18,0,40,136,,44.0122,6.55957,Plein jour,Hors agglomération,Hors intersection,Normale,Deux véhicules - frontale,,,,,,,,,,,1,1,1,1.0,1.0
201700012744,0017-08-19 17:17:00,17,8,19,17,17,40,6,LIEU DIT LA BAUMEL,44.2808,6.57394,Plein jour,Hors agglomération,Hors intersection,Normale,Autre collision,,,,,,,,,,,1,1,1,1.0,6.0
201700012745,0017-08-27 15:15:00,17,8,27,15,15,40,22,,43.9621,6.43676,Plein jour,Hors agglomération,Hors intersection,Normale,Deux véhicules - côté,,,,,,,,,,,1,1,1,1.0,3.0
201700012746,0017-03-01 19:00:00,17,3,1,19,0,40,166,ALLÉE LOUIS GARDIOL,43.8178,6.09073,Nuit avec éclairage allumé,En agglomération,Hors intersection,Normale,Autre collision,,,,,,,,,,,5,2,1,1.0,6.0
201700012747,0017-05-08 15:00:00,17,5,8,15,0,40,4,,43.7828,6.01051,Plein jour,En agglomération,Hors intersection,Normale,Autre collision,,,,,,,,,,,1,2,1,1.0,6.0
201700012748,0017-05-14 16:45:00,17,5,14,16,45,40,135,,43.807,6.23475,Plein jour,Hors agglomération,Hors intersection,Normale,Sans collision,,,,,,,,,,,1,1,1,1.0,7.0
201700012749,0017-05-21 15:57:00,17,5,21,15,57,40,166,,43.8031,6.11936,Plein jour,Hors agglomération,Hors intersection,Normale,Autre collision,,,,,,,,,,,1,1,1,1.0,6.0
201700012750,0017-06-24 14:30:00,17,6,24,14,30,40,124,,43.7658,6.09571,Plein jour,Hors agglomération,Intersection en X,Normale,Deux véhicules - frontale,,,,,,,,,,,1,1,2,1.0,1.0
201700012751,0017-06-28 15:10:00,17,6,28,15,10,40,176,,43.7601,6.14775,Plein jour,En agglomération,Hors intersection,Normale,Trois véhicules et plus - en chaîne,,,,,,,,,,,1,2,1,1.0,4.0
201700012752,0017-07-03 22:45:00,17,7,3,22,45,40,124,,43.7849,6.1415,Nuit sans éclairage public,Hors agglomération,Intersection en T,Normale,Autre collision,,,,,,,,,,,3,1,3,1.0,6.0
201700012753,0017-08-12 03:00:00,17,8,12,3,0,40,166,,43.8108,6.07146,Nuit sans éclairage public,Hors agglomération,Hors intersection,Normale,Autre collision,,,,,,,,,,,3,1,1,1.0,6.0
201700012754,0017-09-05 08:55:00,17,9,5,8,55,40,158,,43.709,6.0368,Plein jour,En agglomération,Hors intersection,Normale,Autre collision,,,,,,,,,,,1,2,1,1.0,6.0
201700012755,0017-09-28 15:05:00,17,9,28,15,5,40,135,,43.8073,6.2546,Plein jour,Hors agglomération,Hors intersection,Normale,Sans collision,,,,,,,,,,,1,1,1,1.0,7.0
201700012756,0017-10-08 16:05:00,17,10,8,16,5,40,166,,43.8071,6.11191,Plein jour,Hors agglomération,Hors intersection,Normale,Deux véhicules - côté,,,,,,,,,,,1,1,1,1.0,3.0
201700012757,0017-10-08 11:50:00,17,10,8,11,50,40,124,,43.7479,6.0999,Plein jour,Hors agglomération,Hors intersection,Normale,Sans collision,,,,,,,,,,,1,1,1,1.0,7.0
201700012758,0017-10-16 17:15:00,17,10,16,17,15,40,166,,43.8114,6.0723,Crépuscule ou aube,Hors agglomération,Hors intersection,Temps éblouissant,Deux véhicules - côté,,,,,,,,,,,2,1,1,7.0,3.0
201700012759,0017-12-24 01:45:00,17,12,24,1,45,40,166,ROUTE DE MONTAGNAC,43.805,6.10123,Nuit sans éclairage public,Hors agglomération,Hors intersection,Normale,Sans collision,,,,,,,,,,,3,1,1,1.0,7.0
201700012760,0017-02-04 16:30:00,17,2,4,16,30,40,104,LIEU DIT DES ORMEAUX,43.9694,5.73447,Plein jour,Hors agglomération,Hors intersection,Normale,Autre collision,,,,,,,,,,,1,1,1,1.0,6.0
201700012761,0017-02-25 10:30:00,17,2,25,10,30,40,111,D4100 - PK 21+80,43.9218,5.75685,Plein jour,Hors agglomération,Hors intersection,Normale,Deux véhicules - frontale,,,,,,,,,,,1,1,1,1.0,1.0
201700012762,0017-03-04 08:50:00,17,3,4,8,50,40,88,LA FARE - D12,43.9558,5.8141,Plein jour,Hors agglomération,Hors intersection,Pluie légère,Autre collision,,,,,,,,,,,1,1,1,2.0,6.0
201700012763,0017-03-10 18:45:00,17,3,10,18,45,40,88,,43.9447,5.77252,Crépuscule ou aube,Hors agglomération,Hors intersection,Normale,Deux véhicules - frontale,,,,,,,,,,,2,1,1,1.0,1.0
201700012764,0017-03-29 10:00:00,17,3,29,10,0,40,241,VOIE COMMUNALE,43.8578,5.70316,Plein jour,Hors agglomération,Hors intersection,Normale,Sans collision,,,,,,,,,,,1,1,1,1.0,7.0
201700012765,0017-05-14 01:00:00,17,5,14,1,0,40,241,CARREFOUR DES GRANONS,43.8643,5.67973,Nuit sans éclairage public,Hors agglomération,Intersection en X,Normale,Deux véhicules - côté,,,,,,,,,,,3,1,2,1.0,3.0
201700012766,0017-06-03 19:10:00,17,6,3,19,10,40,206,,43.9885,5.85444,Plein jour,Hors agglomération,Hors intersection,Normale,Deux véhicules - côté,,,,,,,,,,,1,1,1,1.0,3.0
201700012767,0017-06-25 19:25:00,17,6,25,19,25,40,88,,43.9425,5.79537,Plein jour,Hors agglomération,Hors intersection,Temps éblouissant,Deux véhicules - frontale,,,,,,,,,,,1,1,1,7.0,1.0
201700012768,0017-07-20 09:00:00,17,7,20,9,0,40,104,,43.9904,5.73679,Plein jour,Hors agglomération,Intersection en T,Pluie légère,Autre collision,,,,,,,,,,,1,1,3,2.0,6.0
201700012769,0017-07-25 11:30:00,17,7,25,11,30,40,192,,43.8908,5.71832,Plein jour,Hors agglomération,Hors intersection,Normale,Deux véhicules - frontale,,,,,,,,,,,1,1,1,1.0,1.0
201700012770,0017-08-02 14:20:00,17,8,2,14,20,40,88,AV DE LA RÉPUBLIQUE,43.958,5.77742,Plein jour,En agglomération,Hors intersection,Normale,Sans collision,,,,,,,,,,,1,2,1,1.0,7.0
201700012771,0017-08-20 11:30:00,17,8,20,11,30,40,241,RD4100 LES GRANONS,43.8643,5.67973,Plein jour,Hors agglomération,Intersection en X,Normale,Deux véhicules - côté,,,,,,,,,,,1,1,2,1.0,3.0
201700012772,0017-09-10 01:00:00,17,9,10,1,0,40,138,,43.9375,5.84318,Nuit sans éclairage public,Hors agglomération,Hors intersection,Brouillard / fumée,Sans collision,,,,,,,,,,,3,1,1,5.0,7.0
201700012773,0017-11-18 15:00:00,17,11,18,15,0,40,190,,43.8949,5.73361,Plein jour,Hors agglomération,Hors intersection,Normale,Sans collision,,,,,,,,,,,1,1,1,1.0,7.0
201700012774,0017-11-19 15:00:00,17,11,19,15,0,40,45,,43.8592,5.63328,Plein jour,Hors agglomération,Hors intersection,Normale,Sans collision,,,,,,,,,,,1,1,1,1.0,7.0
201700012775,0017-01-13 09:00:00,17,1,13,9,0,40,18,LA COMBE,44.0145,5.64649,Plein jour,Hors agglomération,Hors intersection,Autre,Sans collision,,,,,,,,,,,1,1,1,9.0,7.0
201700012776,0017-07-09 17:00:00,17,7,9,17,0,40,208,LES BLAQUES,43.991,5.56486,Plein jour,Hors agglomération,Hors intersection,Normale,Autre collision,,,,,,,,,,,1,1,1,1.0,6.0
201700012777,0017-07-25 09:14:00,17,7,25,9,14,40,178,LIEU DIT GORGE DU RAT,44.0469,5.80074,Plein jour,Hors agglomération,Hors intersection,Normale,Autre collision,,,,,,,,,,,1,1,1,1.0,6.0
201700012778,0017-05-20 09:18:00,17,5,20,9,18,40,75,,44.1733,5.94807,Plein jour,Hors agglomération,Giratoire,Normale,Deux véhicules - frontale,,,,,,,,,,,1,1,6,1.0,1.0
201700012779,0017-07-08 20:30:00,17,7,8,20,30,40,139,,44.1224,5.82652,Crépuscule ou aube,Hors agglomération,Hors intersection,Normale,Autre collision,,,,,,,,,,,2,1,1,1.0,6.0
201700012780,0017-07-31 14:50:00,17,7,31,14,50,40,209,AV DE LA LIBÉRATION,44.1934,5.94402,Plein jour,En agglomération,Hors intersection,Normale,Autre collision,,,,,,,,,,,1,2,1,1.0,6.0
201700012781,0017-07-15 22:00:00,17,7,15,22,0,40,209,,44.2077,5.93163,Nuit sans éclairage public,Hors agglomération,Hors intersection,Normale,Autre collision,,,,,,,,,,,3,1,1,1.0,6.0
201700012782,0017-07-22 18:40:00,17,7,22,18,40,40,209,ROUTE DE GAP RD 4085 INT,44.2075,5.93187,Plein jour,Hors agglomération,Intersection en T,Normale,Deux véhicules - côté,,,,,,,,,,,1,1,3,1.0,3.0
201700012783,0017-09-24 13:48:00,17,9,24,13,48,40,209,GARE ROUTIÈRE,44.195,5.94292,Plein jour,En agglomération,Hors intersection,Normale,Autre collision,,,,,,,,,,,1,2,1,1.0,6.0
201700012784,0017-09-26 17:30:00,17,9,26,17,30,40,123,LIEU DIT MAUGRACH,44.259,5.86579,Plein jour,Hors agglomération,Hors intersection,Normale,Deux véhicules - arrière,,,,,,,,,,,1,1,1,1.0,2.0
201700012785,0017-10-22 01:05:00,17,10,22,1,5,40,16,,44.2385,6.12552,Nuit sans éclairage public,Hors agglomération,Hors intersection,Autre,Autre collision,,,,,,,,,,,3,1,1,9.0,6.0
201700012786,0017-06-08 07:50:00,17,6,8,7,50,40,37,,44.3824,6.07664,Plein jour,Hors agglomération,Hors intersection,Normale,Deux véhicules - frontale,,,,,,,,,,,1,1,1,1.0,1.0
201700012787,0017-08-15 11:10:00,17,8,15,11,10,40,134,,,,Plein jour,Hors agglomération,Hors intersection,Normale,Deux véhicules - arrière,,,,,,,,,,,1,1,1,1.0,2.0
201700012788,0017-01-03 17:35:00,17,1,3,17,35,240,115,D 939 E3 / D 939,45.24858,0.68399,Crépuscule ou aube,Hors agglomération,Intersection en T,Normale,Deux véhicules - côté,,,,,,,,,,,2,1,3,1.0,3.0
201700012789,0017-01-08 16:30:00,17,1,8,16,30,240,44,D45E PK 22+750 LE BOURG,45.18134,0.90741,Plein jour,En agglomération,Hors intersection,Normale,Autre collision,,,,,,,,,,,1,2,1,1.0,6.0
201700012790,0017-01-21 12:35:00,17,1,21,12,35,240,190,les Quatre Routes,44.98229,0.66173,Plein jour,Hors agglomération,Intersection en T,Normale,Deux véhicules - côté,,,,,,,,,,,1,1,3,1.0,3.0
201700012791,0017-01-27 08:30:00,17,1,27,8,30,240,571,Les mésanges,45.0279,0.67441,Plein jour,Hors agglomération,Hors intersection,Normale,Sans collision,,,,,,,,,,,1,1,1,1.0,7.0
201700012792,0017-02-21 18:05:00,17,2,21,18,5,240,115,LIEU DIT MESPLIER BAS,45.26733,0.67624,Crépuscule ou aube,Hors agglomération,Hors intersection,Pluie légère,Deux véhicules - frontale,,,,,,,,,,,2,1,1,2.0,1.0
201700012793,0017-02-22 16:50:00,17,2,22,16,50,240,220,Bontemps,45.03305,0.87325,Plein jour,Hors agglomération,Hors intersection,Normale,Deux véhicules - frontale,,,,,,,,,,,1,1,1,1.0,1.0
201700012794,0017-03-11 15:30:00,17,3,11,15,30,240,571,Route de Grun-Bordas,45.02056,0.688,Plein jour,Hors agglomération,Hors intersection,Normale,Sans collision,,,,,,,,,,,1,1,1,1.0,7.0
201700012795,0017-03-13 20:15:00,17,3,13,20,15,240,571,Chemin communal lieu dit,45.05382,0.71574,Nuit sans éclairage public,Hors agglomération,Hors intersection,Normale,Autre collision,,,,,,,,,,,3,1,1,1.0,6.0
201700012796,0017-03-15 16:45:00,17,3,15,16,45,240,220,l'abyme,45.04871,0.83126,Plein jour,Hors agglomération,Hors intersection,Normale,Autre collision,,,,,,,,,,,1,1,1,1.0,6.0
201700012797,0017-04-23 20:00:00,17,4,23,20,0,240,146,RN 21 PK 75+300,45.0647,0.68224,Plein jour,Hors agglomération,Hors intersection,Normale,Sans collision,,,,,,,,,,,1,1,1,1.0,7.0
201700012798,0017-05-04 17:50:00,17,5,4,17,50,240,115,Le Godet,45.24511,0.7161,Plein jour,Hors agglomération,Hors intersection,Normale,Autre collision,,,,,,,,,,,1,1,1,1.0,6.0
201700012799,0017-05-05 13:35:00,17,5,5,13,35,240,258,Route de Puygauthier,45.09048,0.79222,Plein jour,Hors agglomération,Hors intersection,Normale,Deux véhicules - frontale,,,,,,,,,,,1,1,1,1.0,1.0
201700012800,0017-05-10 06:40:00,17,5,10,6,40,240,571,LA FRAYSSE,45.05055,0.72388,Plein jour,Hors agglomération,Hors intersection,Normale,Autre collision,,,,,,,,,,,1,1,1,1.0,6.0
201700012801,0017-06-26 14:15:00,17,6,26,14,15,240,115,D939 PK 11.700,45.25743,0.68224,Plein jour,Hors agglomération,Hors intersection,Temps couvert,Autre collision,,,,,,,,,,,1,1,1,8.0,6.0
201700012802,0017-07-06 12:10:00,17,7,6,12,10,240,98,Intersection D3 rue de l,45.22294,0.71093,Plein jour,Hors agglomération,Intersection en T,Normale,Deux véhicules - côté,,,,,,,,,,,1,1,3,1.0,3.0
201700012803,0017-07-10 12:00:00,17,7,10,12,0,240,156,les versannes,45.08163,0.86282,Plein jour,Hors agglomération,Hors intersection,Temps couvert,Trois véhicules et plus - collisions multiples,,,,,,,,,,,1,1,1,8.0,5.0
201700012804,0017-07-14 04:30:00,17,7,14,4,30,240,65,lauzellie,45.06834,0.75518,Nuit sans éclairage public,Hors agglomération,Hors intersection,Normale,Deux véhicules - frontale,,,,,,,,,,,3,1,1,1.0,1.0
201700012805,0017-08-07 21:00:00,17,8,7,21,0,240,220,La clarétie,45.05709,0.83216,Plein jour,Hors agglomération,Hors intersection,Normale,Autre collision,,,,,,,,,,,1,1,1,1.0,6.0
201700012806,0017-10-15 16:35:00,17,10,15,16,35,240,459,les martres,45.01525,0.65775,Plein jour,Hors agglomération,Hors intersection,Normale,Sans collision,,,,,,,,,,,1,1,1,1.0,7.0
201700012807,0017-11-09 18:00:00,17,11,9,18,0,240,42,D939,45.28762,0.6711,Crépuscule ou aube,Hors agglomération,Hors intersection,Normale,Autre collision,,,,,,,,,,,2,1,1,1.0,6.0
201700012808,0017-11-21 20:00:00,17,11,21,20,0,240,190,les garrigats,44.99457,0.67547,Nuit sans éclairage public,Hors agglomération,Hors intersection,Brouillard / fumée,Autre collision,,,,,,,,,,,3,1,1,5.0,6.0
201700012809,0017-11-22 17:20:00,17,11,22,17,20,240,571,Pont Romieux,45.01987,0.6911,Crépuscule ou aube,Hors agglomération,Hors intersection,Normale,Autre collision,,,,,,,,,,,2,1,1,1.0,6.0
201700012810,0017-12-25 21:00:00,17,12,25,21,0,240,98,La grange,45.21806,0.73772,Nuit sans éclairage public,En agglomération,Hors intersection,Normale,Deux véhicules - frontale,,,,,,,,,,,3,2,1,1.0,1.0
201700012811,0017-12-26 07:50:00,17,12,26,7,50,240,146,Pissot,45.0586,0.66085,Nuit sans éclairage public,Hors agglomération,Hors intersection,Normale,Autre collision,,,,,,,,,,,3,1,1,1.0,6.0