accident_id,datetime,annee,mois,jour,heure,minute,departement,commune_insee,adresse,latitude,longitude,luminosite,agglomeration,intersection,meteo,collision,nb_vehicules,nb_usagers,nb_indemnes,nb_tues,nb_blesses_hosp,nb_blesses_legers,age_cond_1,age_cond_2,veh_type_cond_1,veh_type_cond_2,lum_code,agg_code,int_code,atm_code,col_code
201700012812,0017-01-24 04:00:00,17,1,24,4,0,240,25,La mazière,45.10227,1.02247,Nuit sans éclairage public,Hors agglomération,Hors intersection,Normale,Autre collision,,,,,,,,,,,3,1,1,1.0,6.0
201700012813,0017-03-14 17:30:00,17,3,14,17,30,240,417,lieu dit les condamines,45.36071,0.99817,Plein jour,Hors agglomération,Hors intersection,Normale,Sans collision,,,,,,,,,,,1,1,1,1.0,7.0
201700012814,0017-04-09 11:55:00,17,4,9,11,55,240,550,route de l'étang,45.13589,1.07017,Plein jour,Hors agglomération,Hors intersection,Normale,Deux véhicules - frontale,,,,,,,,,,,1,1,1,1.0,1.0
201700012815,0017-06-21 13:00:00,17,6,21,13,0,240,513,70 Avenue de l'Isle,45.25281,0.89827,Plein jour,Hors agglomération,Hors intersection,Normale,Autre collision,,,,,,,,,,,1,1,1,1.0,6.0
201700012816,0017-06-25 12:25:00,17,6,25,12,25,240,4,la Croix de Peyre,45.16031,1.01866,Plein jour,Hors agglomération,Hors intersection,Normale,Sans collision,,,,,,,,,,,1,1,1,1.0,7.0
201700012817,0017-07-05 18:30:00,17,7,5,18,30,240,11,Avenue de Limoges,45.2194,0.83776,Plein jour,Hors agglomération,Hors intersection,Temps éblouissant,Deux véhicules - arrière,,,,,,,,,,,1,1,1,7.0,2.0
201700012818,0017-07-10 10:59:00,17,7,10,10,59,240,550,39 avenue de la libérati,45.14132,1.06798,Plein jour,En agglomération,Hors intersection,Temps couvert,Autre collision,,,,,,,,,,,1,2,1,8.0,6.0
201700012819,0017-07-14 10:45:00,17,7,14,10,45,240,448,CD 705 - PK : 7+250,45.32803,1.03994,Plein jour,Hors agglomération,Hors intersection,Normale,Deux véhicules - frontale,,,,,,,,,,,1,1,1,1.0,1.0
201700012820,0017-08-28 05:15:00,17,8,28,5,15,240,11,LAURIÈRE,45.22232,0.8513,Nuit sans éclairage public,Hors agglomération,Hors intersection,Normale,Deux véhicules - côté,,,,,,,,,,,3,1,1,1.0,3.0
201700012821,0017-10-12 10:30:00,17,10,12,10,30,240,417,Maison Rouge,45.34432,0.98112,Plein jour,Hors agglomération,Intersection en T,Temps éblouissant,Deux véhicules - côté,,,,,,,,,,,1,1,3,7.0,3.0
201700012822,0017-12-19 23:40:00,17,12,19,23,40,240,521,RN21,45.24874,0.86556,Nuit sans éclairage public,Hors agglomération,Hors intersection,Normale,Deux véhicules - frontale,,,,,,,,,,,3,1,1,1.0,1.0
201700012823,0017-01-14 16:05:00,17,1,14,16,5,240,340,rue du stade,44.85979,0.39243,Plein jour,Hors agglomération,Intersection en T,Normale,Deux véhicules - frontale,,,,,,,,,,,1,1,3,1.0,1.0
201700012824,0017-02-26 17:45:00,17,2,26,17,45,240,426,Le trou de la mour,45.04619,0.50155,Nuit sans éclairage public,Hors agglomération,Hors intersection,Pluie légère,Autre collision,,,,,,,,,,,3,1,1,2.0,6.0
201700012825,0017-03-21 18:00:00,17,3,21,18,0,240,191,MAINE LEVA,44.9536,0.29532,Plein jour,Hors agglomération,Hors intersection,Temps couvert,Sans collision,,,,,,,,,,,1,1,1,8.0,7.0
201700012826,0017-06-09 16:00:00,17,6,9,16,0,240,222,Route de Bosset,44.87807,0.37235,Plein jour,Hors agglomération,Hors intersection,Normale,Deux véhicules - frontale,,,,,,,,,,,1,1,1,1.0,1.0
201700012827,0017-06-25 12:45:00,17,6,25,12,45,240,340,peymilou,44.87689,0.42255,Plein jour,Hors agglomération,Hors intersection,Normale,Sans collision,,,,,,,,,,,1,1,1,1.0,7.0
201700012828,0017-07-27 21:00:00,17,7,27,21,0,240,413,Laubanie,44.9062,0.37377,Plein jour,Hors agglomération,Hors intersection,Pluie légère,Sans collision,,,,,,,,,,,1,1,1,2.0,7.0
201700012829,0017-08-11 16:30:00,17,8,11,16,30,240,340,route de Cantemerle,44.88498,0.39998,Plein jour,Hors agglomération,Intersection en X,Normale,Deux véhicules - côté,,,,,,,,,,,1,1,2,1.0,3.0
201700012830,0017-08-31 06:00:00,17,8,31,6,0,240,197,D709,44.91701,0.44358,Nuit avec éclairage allumé,Hors agglomération,Intersection en T,Normale,Deux véhicules - côté,,,,,,,,,,,5,1,3,1.0,3.0
201700012831,0017-09-10 22:00:00,17,9,10,22,0,240,234,"Lieu-dit ""Tresseroux"" -",44.97041,0.40393,Nuit sans éclairage public,Hors agglomération,Hors intersection,Pluie légère,Trois véhicules et plus - collisions multiples,,,,,,,,,,,3,1,1,2.0,5.0
201700012832,0017-09-27 19:05:00,17,9,27,19,5,240,259,LE VIEUX PUIT,44.9268,0.48219,Plein jour,En agglomération,Intersection en T,Normale,Deux véhicules - frontale,,,,,,,,,,,1,2,3,1.0,1.0
201700012833,0017-09-30 21:50:00,17,9,30,21,50,240,487,Les feroux,44.86188,0.32734,Nuit sans éclairage public,Hors agglomération,Hors intersection,Normale,Sans collision,,,,,,,,,,,3,1,1,1.0,7.0
201700012834,0017-10-06 12:45:00,17,10,6,12,45,240,224,La fourtonie,44.8957,0.55502,Plein jour,Hors agglomération,Hors intersection,Normale,Trois véhicules et plus - collisions multiples,,,,,,,,,,,1,1,1,1.0,5.0
201700012835,0017-11-02 14:30:00,17,11,2,14,30,240,259,Le Paradis,44.95506,0.47995,Plein jour,Hors agglomération,Intersection en T,Normale,Deux véhicules - côté,,,,,,,,,,,1,1,3,1.0,3.0
201700012836,0017-11-14 08:30:00,17,11,14,8,30,240,487,les masseries,44.863,0.31307,Plein jour,Hors agglomération,Intersection en X,Temps éblouissant,Deux véhicules - frontale,,,,,,,,,,,1,1,2,7.0,1.0
201700012837,0017-12-02 13:40:00,17,12,2,13,40,240,472,D14E2,44.80397,0.5526,Plein jour,Hors agglomération,Hors intersection,Normale,Sans collision,,,,,,,,,,,1,1,1,1.0,7.0
201700012838,0017-02-19 14:33:00,17,2,19,14,33,240,163,lieu-dit Lavergne - CD92,45.60859,0.60873,Plein jour,Hors agglomération,Hors intersection,Normale,Autre collision,,,,,,,,,,,1,1,1,1.0,6.0
201700012839,0017-04-13 10:45:00,17,4,13,10,45,240,498,Route du Grand Etang,45.54599,0.81853,Plein jour,En agglomération,Hors intersection,Normale,Autre collision,,,,,,,,,,,1,2,1,1.0,6.0
201700012840,0017-04-14 19:30:00,17,4,14,19,30,240,528,La Pouyade,45.46165,0.66588,Crépuscule ou aube,Hors agglomération,Hors intersection,Normale,Sans collision,,,,,,,,,,,2,1,1,1.0,7.0
201700012841,0017-07-28 18:20:00,17,7,28,18,20,240,311,route de piégut,45.54396,0.67046,Plein jour,En agglomération,Hors intersection,Normale,Sans collision,,,,,,,,,,,1,2,1,1.0,7.0
201700012842,0017-08-01 00:45:00,17,8,1,0,45,240,16,Lacour,45.58166,0.70218,Nuit sans éclairage public,Hors agglomération,Hors intersection,Normale,Sans collision,,,,,,,,,,,3,1,1,1.0,7.0
201700012843,0017-08-02 01:00:00,17,8,2,1,0,240,479,Le Queroi,45.49634,0.74059,Nuit avec éclairage non allumé,Hors agglomération,Hors intersection,Normale,Autre collision,,,,,,,,,,,4,1,1,1.0,6.0
201700012844,0017-08-15 18:55:00,17,8,15,18,55,240,451,D 675,45.52171,0.65963,Plein jour,Hors agglomération,Hors intersection,Temps couvert,Deux véhicules - frontale,,,,,,,,,,,1,1,1,8.0,1.0
201700012845,0017-10-09 17:40:00,17,10,9,17,40,240,479,Lajaunie,45.5092,0.80541,Plein jour,Hors agglomération,Hors intersection,Normale,Autre collision,,,,,,,,,,,1,1,1,1.0,6.0
201700012846,0017-10-13 12:25:00,17,10,13,12,25,240,565,LE GRAND MOULIN,45.58931,0.51905,Plein jour,Hors agglomération,Hors intersection,Normale,Autre collision,,,,,,,,,,,1,1,1,1.0,6.0
201700012847,0017-10-17 11:30:00,17,10,17,11,30,240,328,CD 675,45.62287,0.70124,Plein jour,En agglomération,Intersection en X,Temps éblouissant,Deux véhicules - côté,,,,,,,,,,,1,2,2,7.0,3.0
201700012848,0017-01-05 19:15:00,17,1,5,19,15,240,64,le pont des roches,45.36441,0.68137,Nuit avec éclairage allumé,Hors agglomération,Intersection en T,Normale,Deux véhicules - arrière,,,,,,,,,,,5,1,3,1.0,2.0
201700012849,0017-04-11 18:54:00,17,4,11,18,54,240,55,la basse VALADE,45.28869,0.57121,Plein jour,Hors agglomération,Intersection en T,Normale,Deux véhicules - côté,,,,,,,,,,,1,1,3,1.0,3.0
201700012850,0017-04-23 17:50:00,17,4,23,17,50,240,64,D675,45.3849,0.64535,Plein jour,Hors agglomération,Autre intersection,Normale,Deux véhicules - arrière,,,,,,,,,,,1,1,9,1.0,2.0
201700012851,0017-05-08 14:50:00,17,5,8,14,50,240,55,brouillas,45.32369,0.59406,Plein jour,Hors agglomération,Hors intersection,Normale,Sans collision,,,,,,,,,,,1,1,1,1.0,7.0
201700012852,0017-10-26 09:54:00,17,10,26,9,54,240,353,route de PERIGUEUX,45.48591,0.38272,Plein jour,En agglomération,Hors intersection,Normale,Autre collision,,,,,,,,,,,1,2,1,1.0,6.0
201700012853,0017-10-26 10:56:00,17,10,26,10,56,240,391,le moulin de la Forge,45.40757,0.58318,Plein jour,Hors agglomération,Hors intersection,Normale,Autre collision,,,,,,,,,,,1,1,1,1.0,6.0
201700012854,0017-11-07 12:55:00,17,11,7,12,55,240,561,le bost de sarrazignac,45.3237,0.64694,Plein jour,Hors agglomération,Hors intersection,Normale,Deux véhicules - frontale,,,,,,,,,,,1,1,1,1.0,1.0
201700012855,0017-01-21 19:15:00,17,1,21,19,15,240,453,voie communale n°4,45.43594,0.85444,Nuit sans éclairage public,Hors agglomération,Hors intersection,Normale,Autre collision,,,,,,,,,,,3,1,1,1.0,6.0
201700012856,0017-02-06 15:45:00,17,2,6,15,45,240,227,rue du limousin,45.39746,1.14122,Plein jour,En agglomération,Hors intersection,Normale,Autre collision,,,,,,,,,,,1,2,1,1.0,6.0
201700012857,0017-03-05 17:45:00,17,3,5,17,45,240,489,LA MEYNARDIE,45.5415,1.02518,Crépuscule ou aube,Hors agglomération,Hors intersection,Pluie légère,Autre collision,,,,,,,,,,,2,1,1,2.0,6.0
201700012858,0017-04-29 18:15:00,17,4,29,18,15,240,453,cd707,45.4315,0.82906,Plein jour,Hors agglomération,Hors intersection,Normale,Deux véhicules - côté,,,,,,,,,,,1,1,1,1.0,3.0
201700012859,0017-05-02 08:20:00,17,5,2,8,20,240,551,L'HOMME MORT,45.43943,0.93247,Plein jour,Hors agglomération,Hors intersection,Pluie légère,Deux véhicules - côté,,,,,,,,,,,1,1,1,2.0,3.0
201700012860,0017-06-09 00:40:00,17,6,9,0,40,240,227,La Basse Merlie,45.36603,1.12687,Nuit sans éclairage public,Hors agglomération,Hors intersection,Pluie légère,Deux véhicules - frontale,,,,,,,,,,,3,1,1,2.0,1.0
201700012861,0017-07-25 14:30:00,17,7,25,14,30,240,171,les chatignolles,45.39582,0.90757,Plein jour,Hors agglomération,Hors intersection,Normale,Autre collision,,,,,,,,,,,1,1,1,1.0,6.0
201700012862,0017-08-01 14:15:00,17,8,1,14,15,240,425,La Picarette,45.41248,0.83659,Plein jour,Hors agglomération,Hors intersection,Normale,Trois véhicules et plus - en chaîne,,,,,,,,,,,1,1,1,1.0,4.0
201700012863,0017-08-20 00:01:00,17,8,20,0,1,240,481,la roche,45.48388,0.99632,Nuit sans éclairage public,Hors agglomération,Hors intersection,Normale,Autre collision,,,,,,,,,,,3,1,1,1.0,6.0
201700012864,0017-09-25 17:10:00,17,9,25,17,10,240,95,le jarrisou,45.48691,0.94119,Plein jour,Hors agglomération,Hors intersection,Pluie forte,Trois véhicules et plus - collisions multiples,,,,,,,,,,,1,1,1,3.0,5.0
201700012865,0017-10-04 15:15:00,17,10,4,15,15,240,269,RUE DU LAVOIR,45.55074,0.90341,Plein jour,En agglomération,Hors intersection,Normale,Autre collision,,,,,,,,,,,1,2,1,1.0,6.0
201700012866,0017-01-13 02:00:00,17,1,13,2,0,240,199,Gaillard,45.44172,0.3978,Nuit sans éclairage public,Hors agglomération,Hors intersection,Normale,Autre collision,,,,,,,,,,,3,1,1,1.0,6.0
201700012867,0017-01-28 23:30:00,17,1,28,23,30,240,352,Rue Amiral Augey Dufress,45.24892,0.3369,Nuit avec éclairage allumé,En agglomération,Hors intersection,Pluie légère,Sans collision,,,,,,,,,,,5,2,1,2.0,7.0
201700012868,0017-04-22 18:00:00,17,4,22,18,0,240,553,30 rue Arnaud Daniel,45.2537,0.49188,Plein jour,En agglomération,Hors intersection,Normale,Deux véhicules - côté,,,,,,,,,,,1,2,1,1.0,3.0
201700012869,0017-04-24 16:35:00,17,4,24,16,35,240,564,le pauly,45.24204,0.28589,Plein jour,Hors agglomération,Hors intersection,Normale,Sans collision,,,,,,,,,,,1,1,1,1.0,7.0
201700012870,0017-05-14 05:35:00,17,5,14,5,35,240,564,RD 708,45.20884,0.28275,Crépuscule ou aube,Hors agglomération,Hors intersection,Normale,Sans collision,,,,,,,,,,,2,1,1,1.0,7.0
201700012871,0017-05-22 11:55:00,17,5,22,11,55,240,553,d710,45.24754,0.46816,Plein jour,Hors agglomération,Hors intersection,Normale,Autre collision,,,,,,,,,,,1,1,1,1.0,6.0
201700012872,0017-08-19 09:40:00,17,8,19,9,40,240,482,CD.100 PK.22+900,45.314,0.2776,Plein jour,Hors agglomération,Intersection en X,Normale,Deux véhicules - frontale,,,,,,,,,,,1,1,2,1.0,1.0
201700012873,0017-09-11 06:50:00,17,9,11,6,50,240,38,Lambodie,45.30547,0.36152,Plein jour,Hors agglomération,Hors intersection,Pluie légère,Deux véhicules - côté,,,,,,,,,,,1,1,1,2.0,3.0
201700012874,0017-10-08 17:20:00,17,10,8,17,20,240,564,Lieu dit Javerdhat,45.20824,0.28262,Plein jour,Hors agglomération,Hors intersection,Normale,Sans collision,,,,,,,,,,,1,1,1,1.0,7.0
201700012875,0017-10-26 12:50:00,17,10,26,12,50,240,243,La monerie,45.27991,0.5378,Plein jour,Hors agglomération,Hors intersection,Normale,Deux véhicules - frontale,,,,,,,,,,,1,1,1,1.0,1.0
201700012876,0017-11-10 21:30:00,17,11,10,21,30,240,199,LES BOIS DE SOULET,45.4385,0.37889,Nuit sans éclairage public,Hors agglomération,Hors intersection,Pluie légère,Autre collision,,,,,,,,,,,3,1,1,2.0,6.0
201700012877,0017-03-17 11:22:00,17,3,17,11,22,240,216,D 708,45.16284,0.25406,Plein jour,Hors agglomération,Hors intersection,Normale,Sans collision,,,,,,,,,,,1,1,1,1.0,7.0
201700012878,0017-03-23 07:15:00,17,3,23,7,15,240,354,Balan sud,45.15772,0.0035,Crépuscule ou aube,Hors agglomération,Hors intersection,Temps couvert,Autre collision,,,,,,,,,,,2,1,1,8.0,6.0
201700012879,0017-04-16 17:15:00,17,4,16,17,15,240,159,route de st barthélémy d,45.1151,0.22683,Plein jour,Hors agglomération,Hors intersection,Normale,Sans collision,,,,,,,,,,,1,1,1,1.0,7.0
201700012880,0017-05-14 08:55:00,17,5,14,8,55,240,490,LE TERME ROUGE,45.21609,0.19589,Plein jour,Hors agglomération,Hors intersection,Normale,Deux véhicules - frontale,,,,,,,,,,,1,1,1,1.0,1.0
201700012881,0017-06-06 14:50:00,17,6,6,14,50,240,376,11 rue Ludovic Trarieux,45.20117,0.13674,Plein jour,En agglomération,Hors intersection,Normale,Deux véhicules - côté,,,,,,,,,,,1,2,1,1.0,3.0
201700012882,0017-06-13 13:00:00,17,6,13,13,0,240,354,Avenue d'aquitaine,45.15271,0.00805,Plein jour,En agglomération,Hors intersection,Normale,Deux véhicules - arrière,,,,,,,,,,,1,2,1,1.0,2.0
201700012883,0017-09-13 17:25:00,17,9,13,17,25,240,354,le petit rousseau,45.13948,0.04723,Plein jour,Hors agglomération,Hors intersection,Pluie légère,Deux véhicules - côté,,,,,,,,,,,1,1,1,2.0,3.0
201700012884,0017-09-29 16:40:00,17,9,29,16,40,240,354,le passage,45.15773,0.0028,Plein jour,Hors agglomération,Hors intersection,Normale,Autre collision,,,,,,,,,,,1,1,1,1.0,6.0
201700012885,0017-09-18 08:40:00,17,9,18,8,40,240,216,rd 708,45.14813,0.25538,Crépuscule ou aube,Hors agglomération,Hors intersection,Brouillard / fumée,Autre collision,,,,,,,,,,,2,1,1,5.0,6.0
201700012886,0017-11-19 18:45:00,17,11,19,18,45,240,178,La Croix des Cigales,45.23169,0.26335,Nuit sans éclairage public,Hors agglomération,Intersection en X,Normale,Deux véhicules - côté,,,,,,,,,,,3,1,2,1.0,3.0
201700012887,0017-04-17 14:30:00,17,4,17,14,30,240,587,montfort,44.8437,1.26067,Plein jour,Hors agglomération,Hors intersection,Normale,Deux véhicules - côté,,,,,,,,,,,1,1,1,1.0,3.0
201700012888,0017-04-30 02:00:00,17,4,30,2,0,240,252,Borne 120,44.9574,1.23177,Nuit sans éclairage public,Hors agglomération,Hors intersection,Normale,Deux véhicules - frontale,,,,,,,,,,,3,1,1,1.0,1.0
201700012889,0017-05-09 20:20:00,17,5,9,20,20,240,516,route de borrèze,44.96435,1.37046,Plein jour,Hors agglomération,Hors intersection,Normale,Autre collision,,,,,,,,,,,1,1,1,1.0,6.0
201700012890,0017-06-20 11:00:00,17,6,20,11,0,240,520,17 rue Général de Gaulle,44.89292,1.21272,Plein jour,En agglomération,Hors intersection,Normale,Autre collision,,,,,,,,,,,1,2,1,1.0,6.0
201700012891,0017-08-19 10:00:00,17,8,19,10,0,240,516,le landre,44.96032,1.33709,Plein jour,Hors agglomération,Intersection en T,Normale,Deux véhicules - frontale,,,,,,,,,,,1,1,3,1.0,1.0
201700012892,0017-09-08 15:50:00,17,9,8,15,50,240,520,route du bugue,44.88082,1.19625,Plein jour,Hors agglomération,Hors intersection,Normale,Sans collision,,,,,,,,,,,1,1,1,1.0,7.0
201700012893,0017-10-12 22:45:00,17,10,12,22,45,240,520,Le Bras de l'Homme,44.90254,1.2527,Nuit sans éclairage public,Hors agglomération,Hors intersection,Normale,Autre collision,,,,,,,,,,,3,1,1,1.0,6.0
201700012894,0017-11-06 07:40:00,17,11,6,7,40,240,520,Avenue Joséphine BAKER,44.87112,1.20814,Plein jour,En agglomération,Intersection en T,Normale,Deux véhicules - côté,,,,,,,,,,,1,2,3,1.0,3.0
201700012895,0017-01-03 10:00:00,17,1,3,10,0,240,356,Lieu-dit Touvent,45.05309,0.97758,Plein jour,En agglomération,Hors intersection,Normale,Autre collision,,,,,,,,,,,1,2,1,1.0,6.0
201700012896,0017-03-24 21:00:00,17,3,24,21,0,240,268,Intersection RD48 RD 35,44.89433,1.04913,Nuit sans éclairage public,Hors agglomération,Intersection en X,Normale,Deux véhicules - côté,,,,,,,,,,,3,1,2,1.0,3.0
201700012897,0017-04-14 17:30:00,17,4,14,17,30,240,172,27 avenue de la forge,44.9356,1.0197,Plein jour,En agglomération,Hors intersection,Normale,Deux véhicules - arrière,,,,,,,,,,,1,2,1,1.0,2.0
201700012898,0017-04-21 11:25:00,17,4,21,11,25,240,87,Les cauffours,44.853,1.07521,Plein jour,Hors agglomération,Intersection en T,Normale,Trois véhicules et plus - collisions multiples,,,,,,,,,,,1,1,3,1.0,5.0
201700012899,0017-04-21 15:50:00,17,4,21,15,50,240,510,Tiradou,44.8366,1.11491,Plein jour,Hors agglomération,Hors intersection,Normale,Deux véhicules - frontale,,,,,,,,,,,1,1,1,1.0,1.0
201700012900,0017-04-28 13:50:00,17,4,28,13,50,240,388,CD 31 E1,44.8787,0.90428,Plein jour,Hors agglomération,Hors intersection,Normale,Deux véhicules - frontale,,,,,,,,,,,1,1,1,1.0,1.0
201700012901,0017-05-25 15:00:00,17,5,25,15,0,240,261,LE COLOMBIER,45.00609,0.93751,Plein jour,Hors agglomération,Hors intersection,Normale,Sans collision,,,,,,,,,,,1,1,1,1.0,7.0
201700012902,0017-05-24 19:50:00,17,5,24,19,50,240,87,le moulin de la roque,44.88455,1.0719,Plein jour,Hors agglomération,Hors intersection,Normale,Deux véhicules - frontale,,,,,,,,,,,1,1,1,1.0,1.0
201700012903,0017-05-31 12:05:00,17,5,31,12,5,240,356,D6 - ROUTE DES TUILIERES,45.05235,0.96316,Plein jour,En agglomération,Hors intersection,Normale,Autre collision,,,,,,,,,,,1,2,1,1.0,6.0
201700012904,0017-06-30 17:20:00,17,6,30,17,20,240,172,"route de sarlat, sireuil",44.92624,1.08054,Plein jour,Hors agglomération,Hors intersection,Pluie forte,Sans collision,,,,,,,,,,,1,1,1,3.0,7.0
201700012905,0017-07-20 10:30:00,17,7,20,10,30,240,356,Route des Tuillières,45.05726,0.94413,Plein jour,En agglomération,Hors intersection,Normale,Sans collision,,,,,,,,,,,1,2,1,1.0,7.0
201700012906,0017-08-19 14:35:00,17,8,19,14,35,240,87,RD703,44.86477,1.04894,Plein jour,Hors agglomération,Intersection en X,Normale,Deux véhicules - frontale,,,,,,,,,,,1,1,2,1.0,1.0
201700012907,0017-08-26 10:15:00,17,8,26,10,15,240,510,Combejolie,44.83561,1.10177,Plein jour,Hors agglomération,Hors intersection,Normale,Sans collision,,,,,,,,,,,1,1,1,1.0,7.0
201700012908,0017-12-08 08:25:00,17,12,8,8,25,240,388,D51,44.86501,0.89921,Plein jour,Hors agglomération,Hors intersection,Normale,Autre collision,,,,,,,,,,,1,1,1,1.0,6.0
201700012909,0017-03-19 17:50:00,17,3,19,17,50,240,291,rue général FOY,45.0678,1.15878,Plein jour,En agglomération,Intersection en X,Normale,Deux véhicules - côté,,,,,,,,,,,1,2,2,1.0,3.0
201700012910,0017-03-24 10:40:00,17,3,24,10,40,240,547,Charpenet,45.13728,1.2677,Plein jour,Hors agglomération,Intersection en X,Normale,Deux véhicules - frontale,,,,,,,,,,,1,1,2,1.0,1.0
201700012911,0017-04-01 12:20:00,17,4,1,12,20,240,130,pont de coly,45.10449,1.25912,Plein jour,Hors agglomération,Hors intersection,Normale,Autre collision,,,,,,,,,,,1,1,1,1.0,6.0
201700012912,0017-04-05 07:40:00,17,4,5,7,40,240,364,la tour,45.06026,1.27492,Crépuscule ou aube,Hors agglomération,Hors intersection,Brouillard / fumée,Sans collision,,,,,,,,,,,2,1,1,5.0,7.0
201700012913,0017-04-13 12:00:00,17,4,13,12,0,240,14,les granges,45.09094,1.17819,Plein jour,Hors agglomération,Intersection en X,Normale,Deux véhicules - côté,,,,,,,,,,,1,1,2,1.0,3.0
201700012914,0017-05-21 15:10:00,17,5,21,15,10,240,117,Sagournat,45.09217,1.38294,Plein jour,Hors agglomération,Hors intersection,Normale,Autre collision,,,,,,,,,,,1,1,1,1.0,6.0
201700012915,0017-07-04 18:35:00,17,7,4,18,35,240,547,AV VICTOR HUGO,45.13093,1.28847,Plein jour,En agglomération,Hors intersection,Normale,Autre collision,,,,,,,,,,,1,2,1,1.0,6.0
201700012916,0017-08-04 11:15:00,17,8,4,11,15,240,229,avenue georges haupinot,45.12839,1.22624,Plein jour,En agglomération,Hors intersection,Normale,Autre collision,,,,,,,,,,,1,2,1,1.0,6.0
201700012917,0017-08-30 09:40:00,17,8,30,9,40,240,18,aygueparse,45.10383,1.12822,Plein jour,Hors agglomération,Hors intersection,Normale,Autre collision,,,,,,,,,,,1,1,1,1.0,6.0
201700012918,0017-09-07 14:05:00,17,9,7,14,5,240,117,d60,45.09591,1.3937,Plein jour,Hors agglomération,Hors intersection,Normale,Deux véhicules - frontale,,,,,,,,,,,1,1,1,1.0,1.0
201700012919,0017-11-23 20:00:00,17,11,23,20,0,240,547,RD6089,45.12776,1.34022,Nuit sans éclairage public,Hors agglomération,Intersection en X,Normale,Autre collision,,,,,,,,,,,3,1,2,1.0,6.0
201700012920,0017-02-08 17:40:00,17,2,8,17,40,400,320,CD 651,43.9147,-0.53612,Plein jour,Hors agglomération,Intersection en X,Normale,Deux véhicules - côté,,,,,,,,,,,1,1,2,1.0,3.0
201700012921,0017-02-17 17:45:00,17,2,17,17,45,400,250,rond-point des pompiers,43.91658,-0.45244,Plein jour,Hors agglomération,Giratoire,Normale,Deux véhicules - côté,,,,,,,,,,,1,1,6,1.0,3.0
201700012922,0017-02-25 02:30:00,17,2,25,2,30,400,250,rond point du Calloy CD,43.94186,-0.40754,Nuit sans éclairage public,Hors agglomération,Giratoire,Normale,Deux véhicules - côté,,,,,,,,,,,3,1,6,1.0,3.0
201700012923,0017-03-11 19:35:00,17,3,11,19,35,400,250,CD 932,43.92907,-0.43054,Nuit sans éclairage public,Hors agglomération,Hors intersection,Normale,Deux véhicules - arrière,,,,,,,,,,,3,1,1,1.0,2.0
201700012924,0017-04-09 21:45:00,17,4,9,21,45,400,105,d 834,44.0491,-0.6554,Nuit sans éclairage public,Hors agglomération,Hors intersection,Normale,Sans collision,,,,,,,,,,,3,1,1,1.0,7.0
201700012925,0017-05-10 12:25:00,17,5,10,12,25,400,135,CD 626 PK 36+550,44.09408,-0.50875,Plein jour,Hors agglomération,Hors intersection,Pluie forte,Sans collision,,,,,,,,,,,1,1,1,3.0,7.0
201700012926,0017-07-07 14:30:00,17,7,7,14,30,400,105,D834,44.03256,-0.64352,Plein jour,Hors agglomération,Hors intersection,Normale,Trois véhicules et plus - collisions multiples,,,,,,,,,,,1,1,1,1.0,5.0
201700012927,0017-07-09 13:10:00,17,7,9,13,10,400,164,d932 - Lieu-dit LES AGRE,44.12208,-0.29073,Plein jour,Hors agglomération,Autre intersection,Normale,Deux véhicules - frontale,,,,,,,,,,,1,1,9,1.0,1.0
201700012928,0017-11-20 14:45:00,17,11,20,14,45,400,288,CD 932,44.00517,-0.35819,Plein jour,Hors agglomération,Hors intersection,Normale,Autre collision,,,,,,,,,,,1,1,1,1.0,6.0
201700012929,0017-12-11 07:20:00,17,12,11,7,20,400,234,D932,43.99866,-0.36497,Nuit sans éclairage public,Hors agglomération,Hors intersection,Pluie légère,Deux véhicules - arrière,,,,,,,,,,,3,1,1,2.0,2.0
201700012930,0017-05-04 16:00:00,17,5,4,16,0,400,51,CD 1,43.88926,-0.40368,Plein jour,Hors agglomération,Hors intersection,Normale,Trois véhicules et plus - collisions multiples,,,,,,,,,,,1,1,1,1.0,5.0
201700012931,0017-05-29 16:15:00,17,5,29,16,15,400,259,CD 934,43.81296,-0.29658,Plein jour,Hors agglomération,Intersection en X,Normale,Deux véhicules - côté,,,,,,,,,,,1,1,2,1.0,3.0
201700012932,0017-06-06 16:00:00,17,6,6,16,0,400,158,lit dit lapeyrade,44.06383,-0.05777,Plein jour,Hors agglomération,Hors intersection,Normale,Autre collision,,,,,,,,,,,1,1,1,1.0,6.0
201700012933,0017-06-14 14:00:00,17,6,14,14,0,400,267,PK 22 + 800 - cd 933,43.0983,-0.18579,Plein jour,Hors agglomération,Hors intersection,Normale,Autre collision,,,,,,,,,,,1,1,1,1.0,6.0
201700012934,0017-06-21 08:15:00,17,6,21,8,15,400,331,avenue des Pyrénées,43.8845,-0.30603,Plein jour,En agglomération,Intersection en X,Normale,Deux véhicules - côté,,,,,,,,,,,1,2,2,1.0,3.0