accident_id,datetime,annee,mois,jour,heure,minute,departement,commune_insee,adresse,latitude,longitude,luminosite,agglomeration,intersection,meteo,collision,nb_vehicules,nb_usagers,nb_indemnes,nb_tues,nb_blesses_hosp,nb_blesses_legers,age_cond_1,age_cond_2,veh_type_cond_1,veh_type_cond_2,lum_code,agg_code,int_code,atm_code,col_code
201700013178,0017-01-17 11:10:00,17,1,17,11,10,530,185,rue du champs de foire,48.45747,-0.19952,Plein jour,En agglomération,Hors intersection,Temps éblouissant,Autre collision,,,,,,,,,,,1,2,1,7.0,6.0
201700013179,0017-05-01 16:10:00,17,5,1,16,10,530,80,"RD 176, 83 rue de la che",48.48411,-0.29606,Plein jour,En agglomération,Hors intersection,Pluie forte,Sans collision,,,,,,,,,,,1,2,1,3.0,7.0
201700013180,0017-07-09 19:40:00,17,7,9,19,40,530,185,la poitevinière,48.44867,-0.23325,Plein jour,Hors agglomération,Hors intersection,Normale,Autre collision,,,,,,,,,,,1,1,1,1.0,6.0
201700013181,0017-07-25 00:01:00,17,7,25,0,1,530,246,D505,48.3801,-0.08889,Nuit sans éclairage public,Hors agglomération,Hors intersection,Normale,Autre collision,,,,,,,,,,,3,1,1,1.0,6.0
201700013182,0017-08-01 16:10:00,17,8,1,16,10,530,121,le roc,48.42446,-0.33643,Plein jour,Hors agglomération,Hors intersection,Normale,Autre collision,,,,,,,,,,,1,1,1,1.0,6.0
201700013183,0017-09-12 15:10:00,17,9,12,15,10,530,185,rue de Caen,48.46105,-0.19824,Plein jour,En agglomération,Intersection en Y,Normale,Deux véhicules - côté,,,,,,,,,,,1,2,4,1.0,3.0
201700013184,0017-09-15 08:45:00,17,9,15,8,45,530,83,La Loirie,48.30812,-0.29481,Plein jour,Hors agglomération,Hors intersection,Temps éblouissant,Autre collision,,,,,,,,,,,1,1,1,7.0,6.0
201700013185,0017-10-05 21:05:00,17,10,5,21,5,530,133,D525 PK 3.900 Trévannièr,48.52302,-0.16543,Nuit sans éclairage public,Hors agglomération,Hors intersection,Normale,Deux véhicules - frontale,,,,,,,,,,,3,1,1,1.0,1.0
201700013186,0017-12-15 16:20:00,17,12,15,16,20,530,106,La Garenne,48.36884,-0.16994,Plein jour,Hors agglomération,Hors intersection,Normale,Autre collision,,,,,,,,,,,1,1,1,1.0,6.0
201700013187,0017-01-05 17:35:00,17,1,5,17,35,70,349,Rue Louis Pasteur,44.80177,4.78047,Crépuscule ou aube,En agglomération,Hors intersection,Temps couvert,Deux véhicules - côté,,,,,,,,,,,2,2,1,8.0,3.0
201700013188,0017-03-13 16:30:00,17,3,13,16,30,70,240,quartier Chateaurouge,44.84029,4.81568,Plein jour,Hors agglomération,Hors intersection,Normale,Deux véhicules - côté,,,,,,,,,,,1,1,1,1.0,3.0
201700013189,0017-04-07 12:00:00,17,4,7,12,0,70,288,RD 104,44.71159,4.53859,Plein jour,Hors agglomération,Hors intersection,Normale,Deux véhicules - côté,,,,,,,,,,,1,1,1,1.0,3.0
201700013190,0017-04-30 15:15:00,17,4,30,15,15,70,288,D104 - PK 23 +150,44.72377,4.51482,Plein jour,Hors agglomération,Hors intersection,Pluie forte,Deux véhicules - côté,,,,,,,,,,,1,1,1,3.0,3.0
201700013191,0017-05-08 19:20:00,17,5,8,19,20,70,349,D86F,44.79889,4.78571,Crépuscule ou aube,En agglomération,Hors intersection,Temps éblouissant,Deux véhicules - frontale,,,,,,,,,,,2,2,1,7.0,1.0
201700013192,0017-05-20 15:40:00,17,5,20,15,40,70,27,RD86,44.81524,4.80415,Plein jour,Hors agglomération,Hors intersection,Normale,Deux véhicules - côté,,,,,,,,,,,1,1,1,1.0,3.0
201700013193,0017-05-21 15:00:00,17,5,21,15,0,70,237,Lieu dit Prahy,44.81822,4.70729,Plein jour,Hors agglomération,Hors intersection,Normale,Trois véhicules et plus - collisions multiples,,,,,,,,,,,1,1,1,1.0,5.0
201700013194,0017-05-23 21:05:00,17,5,23,21,5,70,349,Pont du Rhône RD86F,44.80043,4.7838,Crépuscule ou aube,En agglomération,Autre intersection,Normale,Trois véhicules et plus - collisions multiples,,,,,,,,,,,2,2,9,1.0,5.0
201700013195,0017-05-26 10:33:00,17,5,26,10,33,70,179,RD260,44.7401,4.48205,Plein jour,Hors agglomération,Hors intersection,Normale,Deux véhicules - côté,,,,,,,,,,,1,1,1,1.0,3.0
201700013196,0017-05-28 01:05:00,17,5,28,1,5,70,237,RD 120 - pk 10,44.83827,4.6845,Nuit sans éclairage public,Hors agglomération,Hors intersection,Normale,Deux véhicules - côté,,,,,,,,,,,3,1,1,1.0,3.0
201700013197,0017-06-14 09:00:00,17,6,14,9,0,70,22,Route départementale 86,44.70444,4.76424,Plein jour,Hors agglomération,Hors intersection,Normale,Trois véhicules et plus - collisions multiples,,,,,,,,,,,1,1,1,1.0,5.0
201700013198,0017-06-18 06:00:00,17,6,18,6,0,70,260,Route départementale 2,44.69514,4.70967,Plein jour,Hors agglomération,Hors intersection,Normale,Sans collision,,,,,,,,,,,1,1,1,1.0,7.0
201700013199,0017-06-30 10:30:00,17,6,30,10,30,70,55,rd 86 - avenue de proven,44.86701,4.83825,Plein jour,Hors agglomération,Autre intersection,Normale,Deux véhicules - arrière,,,,,,,,,,,1,1,9,1.0,2.0
201700013200,0017-07-15 10:05:00,17,7,15,10,5,70,66,RD2,44.70903,4.67494,Plein jour,Hors agglomération,Hors intersection,Normale,Deux véhicules - côté,,,,,,,,,,,1,1,1,1.0,3.0
201700013201,0017-09-10 22:20:00,17,9,10,22,20,70,198,D104,44.76137,4.72275,Nuit sans éclairage public,Hors agglomération,Hors intersection,Normale,Autre collision,,,,,,,,,,,3,1,1,1.0,6.0
201700013202,0017-09-27 18:20:00,17,9,27,18,20,70,22,Route départementale 86,44.71643,4.75898,Plein jour,Hors agglomération,Hors intersection,Normale,Deux véhicules - côté,,,,,,,,,,,1,1,1,1.0,3.0
201700013203,0017-11-11 19:30:00,17,11,11,19,30,70,349,avenue du 11 novembre,44.81246,4.7897,Nuit avec éclairage allumé,En agglomération,Hors intersection,Normale,Sans collision,,,,,,,,,,,5,2,1,1.0,7.0
201700013204,0017-11-19 19:03:00,17,11,19,19,3,70,349,quai anatole france   -,44.79549,4.77855,Nuit avec éclairage allumé,En agglomération,Hors intersection,Normale,Autre collision,,,,,,,,,,,5,2,1,1.0,6.0
201700013205,0017-12-02 10:00:00,17,12,2,10,0,70,288,Col de l'Escrinet - D104,44.71854,4.49298,Plein jour,Hors agglomération,Hors intersection,Normale,Trois véhicules et plus - collisions multiples,,,,,,,,,,,1,1,1,1.0,5.0
201700013206,0017-12-05 21:45:00,17,12,5,21,45,70,66,pont de cleve,44.70885,4.6831,Nuit sans éclairage public,Hors agglomération,Hors intersection,Normale,Deux véhicules - frontale,,,,,,,,,,,3,1,1,1.0,1.0
201700013207,0017-12-09 11:00:00,17,12,9,11,0,70,261,Le village,44.82324,4.7457,Plein jour,En agglomération,Hors intersection,Normale,Autre collision,,,,,,,,,,,1,2,1,1.0,6.0
201700013208,0017-12-15 18:05:00,17,12,15,18,5,70,27,RD-86,44.82581,4.80835,Nuit sans éclairage public,Hors agglomération,Hors intersection,Temps couvert,Deux véhicules - frontale,,,,,,,,,,,3,1,1,8.0,1.0
201700013209,0017-12-19 12:45:00,17,12,19,12,45,70,240,Quartier Chateaurouge RD,44.83882,4.81563,Plein jour,Hors agglomération,Hors intersection,Normale,Trois véhicules et plus - collisions multiples,,,,,,,,,,,1,1,1,1.0,5.0
201700013210,0017-01-18 09:15:00,17,1,18,9,15,70,346,Avenue Lamarque,44.48619,4.68374,Plein jour,En agglomération,Hors intersection,Normale,Deux véhicules - côté,,,,,,,,,,,1,2,1,1.0,3.0
201700013211,0017-02-07 07:50:00,17,2,7,7,50,70,76,PK  90+850 - RD 86,44.63443,4.74563,Plein jour,Hors agglomération,Hors intersection,Normale,Deux véhicules - frontale,,,,,,,,,,,1,1,1,1.0,1.0
201700013212,0017-02-17 08:50:00,17,2,17,8,50,70,302,RD 322 Lieu-dit TRACIEU,44.65768,4.70742,Plein jour,Hors agglomération,Hors intersection,Brouillard / fumée,Deux véhicules - frontale,,,,,,,,,,,1,1,1,5.0,1.0
201700013213,0017-04-11 19:00:00,17,4,11,19,0,70,319,RD 86,44.54348,4.66658,Plein jour,Hors agglomération,Hors intersection,Normale,Deux véhicules - frontale,,,,,,,,,,,1,1,1,1.0,1.0
201700013214,0017-04-11 17:40:00,17,4,11,17,40,70,270,Quartier l'inférieur,44.62689,4.6736,Plein jour,En agglomération,Hors intersection,Temps éblouissant,Deux véhicules - côté,,,,,,,,,,,1,2,1,7.0,3.0
201700013215,0017-05-09 19:20:00,17,5,9,19,20,70,346,faubourg des sautelles,44.48763,4.67439,Plein jour,En agglomération,Hors intersection,Normale,Deux véhicules - frontale,,,,,,,,,,,1,2,1,1.0,1.0
201700013216,0017-05-22 17:00:00,17,5,22,17,0,70,319,avenue du 11 novembre 19,44.55027,4.68844,Plein jour,En agglomération,Hors intersection,Normale,Autre collision,,,,,,,,,,,1,2,1,1.0,6.0
201700013217,0017-05-31 11:20:00,17,5,31,11,20,70,20,Les Combes,44.5634,4.64589,Plein jour,Hors agglomération,Hors intersection,Normale,Deux véhicules - côté,,,,,,,,,,,1,1,1,1.0,3.0
201700013218,0017-06-01 10:00:00,17,6,1,10,0,70,302,chemin du pont de Jastie,44.65369,4.69583,Plein jour,Hors agglomération,Hors intersection,Normale,Sans collision,,,,,,,,,,,1,1,1,1.0,7.0
201700013219,0017-06-24 18:15:00,17,6,24,18,15,70,346,D107 - quartier saint al,44.49593,4.65393,Plein jour,En agglomération,Hors intersection,Normale,Deux véhicules - côté,,,,,,,,,,,1,2,1,1.0,3.0
201700013220,0017-07-17 14:45:00,17,7,17,14,45,70,319,RN102,44.55047,4.66062,Plein jour,Hors agglomération,Hors intersection,Normale,Deux véhicules - frontale,,,,,,,,,,,1,1,1,1.0,1.0
201700013221,0017-07-16 16:25:00,17,7,16,16,25,70,157,RD 86,44.6076,4.72238,Plein jour,En agglomération,Hors intersection,Normale,Deux véhicules - côté,,,,,,,,,,,1,2,1,1.0,3.0
201700013222,0017-09-29 07:50:00,17,9,29,7,50,70,191,RD86,44.59503,4.71337,Crépuscule ou aube,Hors agglomération,Hors intersection,Normale,Deux véhicules - côté,,,,,,,,,,,2,1,1,1.0,3.0
201700013223,0017-10-09 14:55:00,17,10,9,14,55,70,300,RD 107,44.50871,4.62718,Plein jour,Hors agglomération,Hors intersection,Normale,Autre collision,,,,,,,,,,,1,1,1,1.0,6.0
201700013224,0017-11-02 23:10:00,17,11,2,23,10,70,191,Avenue de Meysse,44.59118,4.70957,Nuit avec éclairage allumé,Hors agglomération,Hors intersection,Normale,Deux véhicules - côté,,,,,,,,,,,5,1,1,1.0,3.0
201700013225,0017-11-26 15:20:00,17,11,26,15,20,70,332,Lieu dit CHAUSSAY,44.50124,4.57914,Plein jour,Hors agglomération,Hors intersection,Normale,Deux véhicules - côté,,,,,,,,,,,1,1,1,1.0,3.0
201700013226,0017-11-19 14:30:00,17,11,19,14,30,70,300,RD107,44.51155,4.62761,Plein jour,Hors agglomération,Hors intersection,Normale,Deux véhicules - arrière,,,,,,,,,,,1,1,1,1.0,2.0
201700013227,0017-12-16 13:40:00,17,12,16,13,40,70,76,lieu-dit Bouillerie,44.6658,4.7686,Plein jour,Hors agglomération,Hors intersection,Normale,Deux véhicules - frontale,,,,,,,,,,,1,1,1,1.0,1.0
201700013228,0017-12-28 15:15:00,17,12,28,15,15,70,20,RN102 KM11,44.56765,4.60584,Plein jour,Hors agglomération,Hors intersection,Normale,Sans collision,,,,,,,,,,,1,1,1,1.0,7.0
201700013229,0017-01-14 12:00:00,17,1,14,12,0,70,233,D261,44.79102,4.53979,Plein jour,Hors agglomération,Hors intersection,Neige / grêle,Sans collision,,,,,,,,,,,1,1,1,4.0,7.0
201700013230,0017-01-16 10:25:00,17,1,16,10,25,70,184,"Lieu dit ""Les roches""",44.77667,4.60982,Plein jour,Hors agglomération,Hors intersection,Neige / grêle,Autre collision,,,,,,,,,,,1,1,1,4.0,6.0
201700013231,0017-02-03 09:00:00,17,2,3,9,0,70,295,RD 120,44.86274,4.56641,Plein jour,Hors agglomération,Hors intersection,Temps couvert,Autre collision,,,,,,,,,,,1,1,1,8.0,6.0
201700013232,0017-02-09 18:40:00,17,2,9,18,40,70,278,Lieu dit L'auriol,44.8472,4.62306,Nuit sans éclairage public,Hors agglomération,Hors intersection,Normale,Autre collision,,,,,,,,,,,3,1,1,1.0,6.0
201700013233,0017-04-02 21:45:00,17,4,2,21,45,70,167,Lieu-dit La Pimpie,44.81324,4.63864,Nuit sans éclairage public,Hors agglomération,Hors intersection,Normale,Autre collision,,,,,,,,,,,3,1,1,1.0,6.0
201700013234,0017-04-16 14:20:00,17,4,16,14,20,70,295,Lieu dit Le moulinon,44.81826,4.59668,Plein jour,En agglomération,Hors intersection,Normale,Sans collision,,,,,,,,,,,1,2,1,1.0,7.0
201700013235,0017-04-22 16:44:00,17,4,22,16,44,70,83,départementale 231,44.83824,4.6476,Plein jour,Hors agglomération,Hors intersection,Normale,Autre collision,,,,,,,,,,,1,1,1,1.0,6.0
201700013236,0017-05-17 15:30:00,17,5,17,15,30,70,295,Lieu-dit Charansol,44.82765,4.57434,Plein jour,Hors agglomération,Hors intersection,Normale,Autre collision,,,,,,,,,,,1,1,1,1.0,6.0
201700013237,0017-05-25 15:45:00,17,5,25,15,45,70,253,D122,44.76902,4.41789,Plein jour,Hors agglomération,Hors intersection,Normale,Sans collision,,,,,,,,,,,1,1,1,1.0,7.0
201700013238,0017-06-07 14:30:00,17,6,7,14,30,70,96,lieu dit gratte loup,44.82944,4.51271,Plein jour,Hors agglomération,Hors intersection,Normale,Sans collision,,,,,,,,,,,1,1,1,1.0,7.0
201700013239,0017-06-11 21:11:00,17,6,11,21,11,70,96,Moulancher,44.85075,4.53616,Crépuscule ou aube,Hors agglomération,Hors intersection,Normale,Autre collision,,,,,,,,,,,2,1,1,1.0,6.0
201700013240,0017-06-21 12:15:00,17,6,21,12,15,70,303,Hameau Les Balanges,44.79177,4.63797,Plein jour,Hors agglomération,Hors intersection,Normale,Sans collision,,,,,,,,,,,1,1,1,1.0,7.0
201700013241,0017-06-29 11:50:00,17,6,29,11,50,70,295,RD 102 - Route de Saint,44.83558,4.55438,Plein jour,Hors agglomération,Hors intersection,Pluie légère,Deux véhicules - arrière,,,,,,,,,,,1,1,1,2.0,2.0
201700013242,0017-07-09 06:05:00,17,7,9,6,5,70,253,Route départementale 261,44.76793,4.44839,Crépuscule ou aube,Hors agglomération,Hors intersection,Pluie légère,Autre collision,,,,,,,,,,,2,1,1,2.0,6.0
201700013243,0017-09-05 09:30:00,17,9,5,9,30,70,83,Le Monteil,44.82502,4.66195,Plein jour,Hors agglomération,Hors intersection,Normale,Autre collision,,,,,,,,,,,1,1,1,1.0,6.0
201700013244,0017-09-11 10:45:00,17,9,11,10,45,70,233,Lieu-dit Le Crouzet,44.81176,4.53221,Plein jour,Hors agglomération,Hors intersection,Normale,Autre collision,,,,,,,,,,,1,1,1,1.0,6.0
201700013245,0017-09-26 11:00:00,17,9,26,11,0,70,295,Les verchères,44.83596,4.57735,Plein jour,Hors agglomération,Hors intersection,Normale,Deux véhicules - arrière,,,,,,,,,,,1,1,1,1.0,2.0
201700013246,0017-10-02 20:00:00,17,10,2,20,0,70,295,RD 120,44.8222,4.56375,Nuit sans éclairage public,Hors agglomération,Hors intersection,Normale,Autre collision,,,,,,,,,,,3,1,1,1.0,6.0
201700013247,0017-10-15 14:50:00,17,10,15,14,50,70,295,D120,44.8373,4.57764,Plein jour,Hors agglomération,Hors intersection,Normale,Sans collision,,,,,,,,,,,1,1,1,1.0,7.0
201700013248,0017-10-27 11:30:00,17,10,27,11,30,70,30,Chervil,44.87758,4.53297,Plein jour,Hors agglomération,Hors intersection,Normale,Autre collision,,,,,,,,,,,1,1,1,1.0,6.0
201700013249,0017-01-20 11:25:00,17,1,20,11,25,70,199,route de chapias,44.49275,4.26155,Plein jour,Hors agglomération,Hors intersection,Normale,Autre collision,,,,,,,,,,,1,1,1,1.0,6.0
201700013250,0017-02-16 18:25:00,17,2,16,18,25,70,343,cd104 rond point de lana,44.53752,4.34594,Nuit sans éclairage public,Hors agglomération,Hors intersection,Normale,Autre collision,,,,,,,,,,,3,1,1,1.0,6.0
201700013251,0017-03-03 15:30:00,17,3,3,15,30,70,134,D 104,44.50126,4.29344,Plein jour,En agglomération,Hors intersection,Normale,Deux véhicules - côté,,,,,,,,,,,1,2,1,1.0,3.0
201700013252,0017-03-05 02:10:00,17,3,5,2,10,70,110,D 104  PR 68.300,44.47073,4.24739,Nuit sans éclairage public,Hors agglomération,Hors intersection,Temps couvert,Autre collision,,,,,,,,,,,3,1,1,8.0,6.0
201700013253,0017-03-15 19:45:00,17,3,15,19,45,70,134,D104,44.50126,4.29344,Nuit sans éclairage public,Hors agglomération,Hors intersection,Normale,Autre collision,,,,,,,,,,,3,1,1,1.0,6.0
201700013254,0017-04-15 11:15:00,17,4,15,11,15,70,199,CD104,44.48712,4.27008,Plein jour,En agglomération,Hors intersection,Normale,Deux véhicules - côté,,,,,,,,,,,1,2,1,1.0,3.0
201700013255,0017-04-11 15:50:00,17,4,11,15,50,70,199,104,44.49275,4.26155,Plein jour,En agglomération,Hors intersection,Normale,Autre collision,,,,,,,,,,,1,2,1,1.0,6.0
201700013256,0017-04-29 19:25:00,17,4,29,19,25,70,58,Les Fourniols,44.55197,4.28958,Plein jour,Hors agglomération,Hors intersection,Normale,Autre collision,,,,,,,,,,,1,1,1,1.0,6.0
201700013257,0017-05-21 17:50:00,17,5,21,17,50,70,327,D 104,44.52224,4.33792,Plein jour,Hors agglomération,Hors intersection,Temps éblouissant,Autre collision,,,,,,,,,,,1,1,1,7.0,6.0
201700013258,0017-05-26 08:00:00,17,5,26,8,0,70,343,CD 104,44.54611,4.3333,Plein jour,Hors agglomération,Hors intersection,Normale,Autre collision,,,,,,,,,,,1,1,1,1.0,6.0
201700013259,0017-06-03 05:45:00,17,6,3,5,45,70,117,Notre Dame D246,44.44617,4.24117,Crépuscule ou aube,Hors agglomération,Hors intersection,Normale,Autre collision,,,,,,,,,,,2,1,1,1.0,6.0
201700013260,0017-07-04 15:35:00,17,7,4,15,35,70,327,Route de Morte Mérie,44.518,4.32665,Plein jour,En agglomération,Hors intersection,Normale,Deux véhicules - frontale,,,,,,,,,,,1,2,1,1.0,1.0
201700013261,0017-07-13 17:55:00,17,7,13,17,55,70,117,RD 104,44.4718,4.19006,Plein jour,Hors agglomération,Hors intersection,Normale,Autre collision,,,,,,,,,,,1,1,1,1.0,6.0
201700013262,0017-08-29 12:50:00,17,8,29,12,50,70,117,59 route de joyeuse,44.4718,4.19006,Plein jour,En agglomération,Hors intersection,Normale,Deux véhicules - côté,,,,,,,,,,,1,2,1,1.0,3.0
201700013263,0017-09-05 10:35:00,17,9,5,10,35,70,162,D212,44.52223,4.29413,Plein jour,Hors agglomération,Hors intersection,Normale,Trois véhicules et plus - collisions multiples,,,,,,,,,,,1,1,1,1.0,5.0
201700013264,0017-10-19 15:00:00,17,10,19,15,0,70,58,503 - Le brugis Bas,44.55817,4.29952,Plein jour,Hors agglomération,Hors intersection,Normale,Autre collision,,,,,,,,,,,1,1,1,1.0,6.0
201700013265,0017-11-18 02:00:00,17,11,18,2,0,70,199,D104,44.4802,4.2491,Nuit sans éclairage public,Hors agglomération,Hors intersection,Normale,Sans collision,,,,,,,,,,,3,1,1,1.0,7.0
201700013266,0017-12-10 20:15:00,17,12,10,20,15,70,327,Départementale 104,44.52064,4.3314,Nuit sans éclairage public,Hors agglomération,Hors intersection,Pluie forte,Sans collision,,,,,,,,,,,3,1,1,3.0,7.0
201700013267,0017-12-30 21:15:00,17,12,30,21,15,70,343,D104,44.52422,4.3385,Nuit sans éclairage public,Hors agglomération,Hors intersection,Brouillard / fumée,Autre collision,,,,,,,,,,,3,1,1,5.0,6.0
201700013268,0017-04-08 16:45:00,17,4,8,16,45,70,230,CD 104,44.71524,4.48699,Plein jour,Hors agglomération,Hors intersection,Normale,Deux véhicules - côté,,,,,,,,,,,1,1,1,1.0,3.0
201700013269,0017-04-12 19:15:00,17,4,12,19,15,70,210,D257 - PR 5+700,44.68688,4.39541,Crépuscule ou aube,Hors agglomération,Hors intersection,Normale,Sans collision,,,,,,,,,,,2,1,1,1.0,7.0
201700013270,0017-05-02 14:30:00,17,5,2,14,30,70,230,les gras,44.70744,4.48868,Plein jour,Hors agglomération,Hors intersection,Normale,Autre collision,,,,,,,,,,,1,1,1,1.0,6.0
201700013271,0017-05-06 19:30:00,17,5,6,19,30,70,158,RD 578,44.78711,4.34621,Plein jour,Hors agglomération,Hors intersection,Normale,Deux véhicules - frontale,,,,,,,,,,,1,1,1,1.0,1.0
201700013272,0017-05-14 04:00:00,17,5,14,4,0,70,122,Route d'Aubenas,44.56971,4.36815,Nuit avec éclairage allumé,Hors agglomération,Hors intersection,Normale,Autre collision,,,,,,,,,,,5,1,1,1.0,6.0
201700013273,0017-09-07 08:30:00,17,9,7,8,30,70,296,128 route de lachapelle,44.57095,4.38382,Plein jour,Hors agglomération,Hors intersection,Normale,Autre collision,,,,,,,,,,,1,1,1,1.0,6.0
201700013274,0017-10-14 16:30:00,17,10,14,16,30,70,158,D 122 - PR 31+890,44.80619,4.34161,Plein jour,Hors agglomération,Hors intersection,Normale,Deux véhicules - frontale,,,,,,,,,,,1,1,1,1.0,1.0
201700013275,0017-11-01 01:13:00,17,11,1,1,13,70,122,cd 104 - déviation de La,44.54469,4.35607,Nuit sans éclairage public,Hors agglomération,Hors intersection,Normale,Autre collision,,,,,,,,,,,3,1,1,1.0,6.0
201700013276,0017-02-02 10:15:00,17,2,2,10,15,70,153,Route Nationale 102 - Li,44.66467,4.10109,Plein jour,Hors agglomération,Hors intersection,Pluie légère,Sans collision,,,,,,,,,,,1,1,1,2.0,7.0
201700013277,0017-06-06 23:25:00,17,6,6,23,25,70,18,Lieu-dit La Chavade,44.6948,4.02902,Nuit sans éclairage public,Hors agglomération,Hors intersection,Normale,Sans collision,,,,,,,,,,,3,1,1,1.0,7.0
201700013278,0017-06-18 18:45:00,17,6,18,18,45,70,130,PK 86 + 950 - RN 102,44.73388,4.00297,Plein jour,Hors agglomération,Hors intersection,Normale,Deux véhicules - côté,,,,,,,,,,,1,1,1,1.0,3.0
201700013279,0017-08-20 11:30:00,17,8,20,11,30,70,18,Route nationale 102 PKR,44.69647,4.0259,Plein jour,Hors agglomération,Hors intersection,Normale,Deux véhicules - côté,,,,,,,,,,,1,1,1,1.0,3.0
201700013280,0017-01-14 13:55:00,17,1,14,13,55,70,334,5 route des Cévennes,44.40769,4.11512,Plein jour,En agglomération,Hors intersection,Normale,Deux véhicules - frontale,,,,,,,,,,,1,2,1,1.0,1.0
201700013281,0017-01-19 09:30:00,17,1,19,9,30,70,24,Cheyres,44.35857,4.18648,Plein jour,Hors agglomération,Hors intersection,Autre,Sans collision,,,,,,,,,,,1,1,1,9.0,7.0
201700013282,0017-04-21 07:40:00,17,4,21,7,40,70,334,chemin du Bas Gras,44.39199,4.14339,Plein jour,Hors agglomération,Hors intersection,Normale,Deux véhicules - frontale,,,,,,,,,,,1,1,1,1.0,1.0
201700013283,0017-06-17 15:00:00,17,6,17,15,0,70,17,la molette,44.41747,4.16195,Plein jour,Hors agglomération,Hors intersection,Normale,Trois véhicules et plus - en chaîne,,,,,,,,,,,1,1,1,1.0,4.0
201700013284,0017-06-20 14:20:00,17,6,20,14,20,70,211,Combe de Bourdaric,44.31555,4.21221,Plein jour,En agglomération,Hors intersection,Normale,Autre collision,,,,,,,,,,,1,2,1,1.0,6.0
201700013285,0017-07-09 17:00:00,17,7,9,17,0,70,31,Lieu-dit les tournaires,44.40203,4.21846,Plein jour,En agglomération,Hors intersection,Normale,Deux véhicules - côté,,,,,,,,,,,1,2,1,1.0,3.0
201700013286,0017-09-15 17:10:00,17,9,15,17,10,70,334,Avenue Charles de Gaulle,44.39221,4.11472,Plein jour,En agglomération,Hors intersection,Normale,Autre collision,,,,,,,,,,,1,2,1,1.0,6.0
201700013287,0017-09-20 20:00:00,17,9,20,20,0,70,28,D 225,44.34181,4.22156,Nuit sans éclairage public,Hors agglomération,Hors intersection,Normale,Deux véhicules - frontale,,,,,,,,,,,3,1,1,1.0,1.0
201700013288,0017-01-07 18:35:00,17,1,7,18,35,70,126,RD 4,44.40192,4.45656,Nuit sans éclairage public,Hors agglomération,Hors intersection,Normale,Deux véhicules - frontale,,,,,,,,,,,3,1,1,1.0,1.0
201700013289,0017-01-11 15:00:00,17,1,11,15,0,70,183,"D579, lieu dit la beauri",44.47686,4.37021,Plein jour,Hors agglomération,Hors intersection,Normale,Autre collision,,,,,,,,,,,1,1,1,1.0,6.0
201700013290,0017-02-19 12:51:00,17,2,19,12,51,70,291,D 290 - Route touristiqu,44.36349,4.47813,Plein jour,Hors agglomération,Hors intersection,Normale,Sans collision,,,,,,,,,,,1,1,1,1.0,7.0
201700013291,0017-03-18 00:10:00,17,3,18,0,10,70,168,Intersection D317 et D41,44.30842,4.42962,Nuit sans éclairage public,En agglomération,Hors intersection,Normale,Autre collision,,,,,,,,,,,3,2,1,1.0,6.0
201700013292,0017-05-18 18:45:00,17,5,18,18,45,70,291,Lieu dit Les Martinades,44.41148,4.51413,Plein jour,Hors agglomération,Hors intersection,Normale,Sans collision,,,,,,,,,,,1,1,1,1.0,7.0
201700013293,0017-06-03 14:20:00,17,6,3,14,20,70,330,"Tunnel des grottes, RD 2",44.38593,4.40865,Plein jour,Hors agglomération,Hors intersection,Normale,Deux véhicules - arrière,,,,,,,,,,,1,1,1,1.0,2.0
201700013294,0017-06-07 12:45:00,17,6,7,12,45,70,330,Intersection Vieille rou,44.4166,4.40059,Plein jour,En agglomération,Hors intersection,Normale,Deux véhicules - côté,,,,,,,,,,,1,2,1,1.0,3.0
201700013295,0017-06-10 09:35:00,17,6,10,9,35,70,126,D4 - lieu dit ruisseau d,44.40452,4.46857,Plein jour,Hors agglomération,Hors intersection,Normale,Deux véhicules - frontale,,,,,,,,,,,1,1,1,1.0,1.0
201700013296,0017-07-07 20:55:00,17,7,7,20,55,70,330,les mazes,44.41114,4.35845,Plein jour,En agglomération,Hors intersection,Normale,Autre collision,,,,,,,,,,,1,2,1,1.0,6.0
201700013297,0017-08-14 14:00:00,17,8,14,14,0,70,291,belvédère de la Maladriè,44.37776,4.49608,Plein jour,Hors agglomération,Hors intersection,Temps éblouissant,Trois véhicules et plus - collisions multiples,,,,,,,,,,,1,1,1,7.0,5.0
201700013298,0017-08-17 16:30:00,17,8,17,16,30,70,201,BOULEVARD DE L'EUROPE UN,44.45357,4.34531,Plein jour,En agglomération,Hors intersection,Normale,Deux véhicules - arrière,,,,,,,,,,,1,2,1,1.0,2.0
201700013299,0017-09-08 02:00:00,17,9,8,2,0,70,126,Lieu dit Tabias,44.41941,4.41232,Nuit sans éclairage public,En agglomération,Hors intersection,Normale,Autre collision,,,,,,,,,,,3,2,1,1.0,6.0
201700013300,0017-09-20 15:45:00,17,9,20,15,45,70,291,D4,44.39765,4.48157,Plein jour,Hors agglomération,Hors intersection,Normale,Deux véhicules - côté,,,,,,,,,,,1,1,1,1.0,3.0