accident_id,datetime,annee,mois,jour,heure,minute,departement,commune_insee,adresse,latitude,longitude,luminosite,agglomeration,intersection,meteo,collision,nb_vehicules,nb_usagers,nb_indemnes,nb_tues,nb_blesses_hosp,nb_blesses_legers,age_cond_1,age_cond_2,veh_type_cond_1,veh_type_cond_2,lum_code,agg_code,int_code,atm_code,col_code
201700013301,0017-10-31 16:30:00,17,10,31,16,30,70,201,boulevard Europe Unie,44.4576,4.34378,Plein jour,En agglomération,Hors intersection,Normale,Autre collision,,,,,,,,,,,1,2,1,1.0,6.0
201700013302,0017-12-28 16:37:00,17,12,28,16,37,70,101,Départementale 111,44.40945,4.29564,Plein jour,En agglomération,Hors intersection,Normale,Deux véhicules - frontale,,,,,,,,,,,1,2,1,1.0,1.0
201700013303,0017-02-04 05:00:00,17,2,4,5,0,70,337,Route de davezieux,45.23961,4.71242,Nuit avec éclairage allumé,En agglomération,Hors intersection,Pluie forte,Autre collision,,,,,,,,,,,5,2,1,3.0,6.0
201700013304,0017-02-08 16:30:00,17,2,8,16,30,70,10,D121,45.2355,4.63379,Plein jour,Hors agglomération,Hors intersection,Normale,Trois véhicules et plus - en chaîne,,,,,,,,,,,1,1,1,1.0,4.0
201700013305,0017-03-16 07:00:00,17,3,16,7,0,70,10,avenue jean jaurès,45.24328,4.66856,Plein jour,En agglomération,Hors intersection,Normale,Deux véhicules - arrière,,,,,,,,,,,1,2,1,1.0,2.0
201700013306,0017-03-28 14:52:00,17,3,28,14,52,70,265,Route départementale 306,45.29632,4.6422,Plein jour,Hors agglomération,Hors intersection,Normale,Autre collision,,,,,,,,,,,1,1,1,1.0,6.0
201700013307,0017-06-17 23:30:00,17,6,17,23,30,70,342,RD121 LA VIGNERONDE,45.23665,4.61475,Nuit sans éclairage public,Hors agglomération,Hors intersection,Normale,Autre collision,,,,,,,,,,,3,1,1,1.0,6.0
201700013308,0017-04-06 16:30:00,17,4,6,16,30,70,10,CHEMIN RIBOULON,45.23511,4.67415,Plein jour,En agglomération,Hors intersection,Normale,Trois véhicules et plus - collisions multiples,,,,,,,,,,,1,2,1,1.0,5.0
201700013309,0017-04-09 16:50:00,17,4,9,16,50,70,265,D306,45.29596,4.64203,Plein jour,Hors agglomération,Hors intersection,Normale,Deux véhicules - frontale,,,,,,,,,,,1,1,1,1.0,1.0
201700013310,0017-04-29 08:20:00,17,4,29,8,20,70,10,5 Rue Sadi Carnot,45.24175,4.67232,Plein jour,En agglomération,Hors intersection,Normale,Autre collision,,,,,,,,,,,1,2,1,1.0,6.0
201700013311,0017-05-16 18:50:00,17,5,16,18,50,70,234,LES BARGES,45.24925,4.77218,Plein jour,En agglomération,Hors intersection,Normale,Sans collision,,,,,,,,,,,1,2,1,1.0,7.0
201700013312,0017-05-28 17:10:00,17,5,28,17,10,70,41,RD 820,45.26296,4.62056,Plein jour,Hors agglomération,Hors intersection,Normale,Deux véhicules - arrière,,,,,,,,,,,1,1,1,1.0,2.0
201700013313,0017-07-23 20:35:00,17,7,23,20,35,70,313,RD820,45.30997,4.75327,Plein jour,Hors agglomération,Hors intersection,Normale,Deux véhicules - frontale,,,,,,,,,,,1,1,1,1.0,1.0
201700013314,0017-09-01 15:10:00,17,9,1,15,10,70,89,la remise,45.30812,4.74073,Plein jour,Hors agglomération,Hors intersection,Normale,Deux véhicules - frontale,,,,,,,,,,,1,1,1,1.0,1.0
201700013315,0017-09-06 07:50:00,17,9,6,7,50,70,10,32 avenue Daniel Mercier,45.24052,4.68091,Plein jour,En agglomération,Hors intersection,Normale,Deux véhicules - côté,,,,,,,,,,,1,2,1,1.0,3.0
201700013316,0017-10-01 01:05:00,17,10,1,1,5,70,41,D820,45.2715,4.67202,Nuit sans éclairage public,En agglomération,Hors intersection,Temps couvert,Deux véhicules - côté,,,,,,,,,,,3,2,1,8.0,3.0
201700013317,0017-10-04 13:25:00,17,10,4,13,25,70,10,Rue Saint Michel,45.24187,4.66882,Plein jour,En agglomération,Intersection en X,Normale,Deux véhicules - côté,,,,,,,,,,,1,2,2,1.0,3.0
201700013318,0017-10-30 21:10:00,17,10,30,21,10,70,234,D82,45.24375,4.78768,Nuit sans éclairage public,Hors agglomération,Hors intersection,Normale,Deux véhicules - frontale,,,,,,,,,,,3,1,1,1.0,1.0
201700013319,0017-11-12 09:30:00,17,11,12,9,30,70,78,D121 ROUTE DE LYON,45.25477,4.68624,Plein jour,En agglomération,Hors intersection,Normale,Deux véhicules - côté,,,,,,,,,,,1,2,1,1.0,3.0
201700013320,0017-11-25 10:50:00,17,11,25,10,50,70,41,D820,45.27143,4.66228,Plein jour,En agglomération,Hors intersection,Normale,Deux véhicules - arrière,,,,,,,,,,,1,2,1,1.0,2.0
201700013321,0017-11-29 12:25:00,17,11,29,12,25,70,10,avenue de la gare,45.24608,4.67541,Plein jour,En agglomération,Hors intersection,Normale,Deux véhicules - côté,,,,,,,,,,,1,2,1,1.0,3.0
201700013322,0017-12-02 11:18:00,17,12,2,11,18,70,10,route de VILLEVOCANCE,45.24126,4.65169,Plein jour,Hors agglomération,Hors intersection,Normale,Trois véhicules et plus - collisions multiples,,,,,,,,,,,1,1,1,1.0,5.0
201700013323,0017-12-18 06:50:00,17,12,18,6,50,70,265,rue de Chalamas,45.28642,4.63116,Nuit avec éclairage allumé,En agglomération,Hors intersection,Neige / grêle,Autre collision,,,,,,,,,,,5,2,1,4.0,6.0
201700013324,0017-01-10 07:45:00,17,1,10,7,45,70,129,D534,44.99538,4.60191,Crépuscule ou aube,Hors agglomération,Hors intersection,Neige / grêle,Autre collision,,,,,,,,,,,2,1,1,4.0,6.0
201700013325,0017-01-17 18:45:00,17,1,17,18,45,70,338,D 21,44.89648,4.6451,Nuit sans éclairage public,Hors agglomération,Hors intersection,Neige / grêle,Autre collision,,,,,,,,,,,3,1,1,4.0,6.0
201700013326,0017-03-11 15:23:00,17,3,11,15,23,70,35,Les rioux,44.91012,4.70234,Plein jour,Hors agglomération,Hors intersection,Normale,Sans collision,,,,,,,,,,,1,1,1,1.0,7.0
201700013327,0017-03-16 19:45:00,17,3,16,19,45,70,7,Le village,44.94492,4.7283,Nuit avec éclairage allumé,En agglomération,Hors intersection,Normale,Deux véhicules - frontale,,,,,,,,,,,5,2,1,1.0,1.0
201700013328,0017-06-11 17:00:00,17,6,11,17,0,70,73,CD 534 PK 24+ 100,45.0136,4.65053,Plein jour,Hors agglomération,Hors intersection,Normale,Deux véhicules - côté,,,,,,,,,,,1,1,1,1.0,3.0
201700013329,0017-06-23 03:00:00,17,6,23,3,0,70,129,lieu dit plaisir D2,44.97207,4.59678,Nuit sans éclairage public,Hors agglomération,Hors intersection,Normale,Deux véhicules - arrière,,,,,,,,,,,3,1,1,1.0,2.0
201700013330,0017-06-25 11:16:00,17,6,25,11,16,70,216,RD 533,44.955,4.6726,Plein jour,Hors agglomération,Hors intersection,Normale,Autre collision,,,,,,,,,,,1,1,1,1.0,6.0
201700013331,0017-08-11 19:45:00,17,8,11,19,45,70,73,RD534,45.01052,4.63643,Crépuscule ou aube,Hors agglomération,Hors intersection,Normale,Autre collision,,,,,,,,,,,2,1,1,1.0,6.0
201700013332,0017-08-18 10:45:00,17,8,18,10,45,70,85,Route d'Arlebosc,45.03288,4.62156,Plein jour,Hors agglomération,Hors intersection,Normale,Deux véhicules - côté,,,,,,,,,,,1,1,1,1.0,3.0
201700013333,0017-08-26 15:45:00,17,8,26,15,45,70,7,RD533 - 250 mètres du PR,44.94839,4.71781,Plein jour,Hors agglomération,Hors intersection,Normale,Deux véhicules - arrière,,,,,,,,,,,1,1,1,1.0,2.0
201700013334,0017-10-15 08:40:00,17,10,15,8,40,70,35,lieu-dit Royer  D332,44.93345,4.67859,Plein jour,Hors agglomération,Hors intersection,Normale,Deux véhicules - frontale,,,,,,,,,,,1,1,1,1.0,1.0
201700013335,0017-10-28 16:00:00,17,10,28,16,0,70,85,D578,45.02055,4.62079,Plein jour,Hors agglomération,Hors intersection,Normale,Autre collision,,,,,,,,,,,1,1,1,1.0,6.0
201700013336,0017-11-18 00:45:00,17,11,18,0,45,70,338,le moulin du noyer,44.91393,4.6078,Nuit sans éclairage public,Hors agglomération,Hors intersection,Brouillard / fumée,Autre collision,,,,,,,,,,,3,1,1,5.0,6.0
201700013337,0017-01-23 12:00:00,17,1,23,12,0,70,269,RD 120 - LIEU-DIT CHAMPC,44.94274,4.36592,Plein jour,En agglomération,Hors intersection,Normale,Deux véhicules - frontale,,,,,,,,,,,1,2,1,1.0,1.0
201700013338,0017-02-28 08:00:00,17,2,28,8,0,70,204,D21,44.94176,4.47119,Crépuscule ou aube,Hors agglomération,Hors intersection,Temps couvert,Sans collision,,,,,,,,,,,2,1,1,8.0,7.0
201700013339,0017-04-09 17:00:00,17,4,9,17,0,70,222,La Couarde,44.9174,4.45104,Plein jour,Hors agglomération,Hors intersection,Normale,Sans collision,,,,,,,,,,,1,1,1,1.0,7.0
201700013340,0017-04-20 13:25:00,17,4,20,13,25,70,204,Route départementale 120,44.99359,4.38292,Plein jour,Hors agglomération,Hors intersection,Normale,Sans collision,,,,,,,,,,,1,1,1,1.0,7.0
201700013341,0017-05-25 16:00:00,17,5,25,16,0,70,204,Route départementale 9,45.02111,4.40752,Plein jour,Hors agglomération,Hors intersection,Normale,Sans collision,,,,,,,,,,,1,1,1,1.0,7.0
201700013342,0017-06-05 14:45:00,17,6,5,14,45,70,212,route départementale 9,45.12975,4.4213,Plein jour,Hors agglomération,Hors intersection,Normale,Deux véhicules - frontale,,,,,,,,,,,1,1,1,1.0,1.0
201700013343,0017-06-16 08:25:00,17,6,16,8,25,70,150,Les Lèches,44.89032,4.38766,Plein jour,Hors agglomération,Hors intersection,Normale,Autre collision,,,,,,,,,,,1,1,1,1.0,6.0
201700013344,0017-06-17 22:50:00,17,6,17,22,50,70,212,le village,45.12068,4.40931,Nuit avec éclairage allumé,En agglomération,Hors intersection,Normale,Sans collision,,,,,,,,,,,5,2,1,1.0,7.0
201700013345,0017-06-18 23:15:00,17,6,18,23,15,70,12,LA GARE,44.89953,4.3237,Nuit avec éclairage allumé,En agglomération,Hors intersection,Normale,Autre collision,,,,,,,,,,,5,2,1,1.0,6.0
201700013346,0017-06-24 16:30:00,17,6,24,16,30,70,204,Le serre de réal,45.00991,4.41868,Plein jour,En agglomération,Hors intersection,Normale,Autre collision,,,,,,,,,,,1,2,1,1.0,6.0
201700013347,0017-07-05 13:30:00,17,7,5,13,30,70,64,D204 - PK,44.89425,4.43104,Plein jour,Hors agglomération,Hors intersection,Normale,Sans collision,,,,,,,,,,,1,1,1,1.0,7.0
201700013348,0017-07-06 15:30:00,17,7,6,15,30,70,12,ISSAS,44.9056,4.3273,Plein jour,En agglomération,Hors intersection,Normale,Deux véhicules - arrière,,,,,,,,,,,1,2,1,1.0,2.0
201700013349,0017-07-08 18:00:00,17,7,8,18,0,70,267,entree du lac,44.85987,4.25032,Plein jour,Hors agglomération,Autre intersection,Normale,Sans collision,,,,,,,,,,,1,1,9,1.0,7.0
201700013350,0017-07-09 10:55:00,17,7,9,10,55,70,249,La Croix de Jean Grand,45.0543,4.49005,Plein jour,Hors agglomération,Hors intersection,Normale,Sans collision,,,,,,,,,,,1,1,1,1.0,7.0
201700013351,0017-08-07 13:20:00,17,8,7,13,20,70,108,PONT DU POIVRE,44.91692,4.41038,Plein jour,Hors agglomération,Hors intersection,Normale,Deux véhicules - frontale,,,,,,,,,,,1,1,1,1.0,1.0
201700013352,0017-08-25 18:45:00,17,8,25,18,45,70,165,D 578,44.93062,4.4814,Plein jour,Hors agglomération,Hors intersection,Normale,Sans collision,,,,,,,,,,,1,1,1,1.0,7.0
201700013353,0017-08-26 15:00:00,17,8,26,15,0,70,37,RD 378,44.88827,4.20972,Plein jour,Hors agglomération,Hors intersection,Normale,Sans collision,,,,,,,,,,,1,1,1,1.0,7.0
201700013354,0017-09-01 15:10:00,17,9,1,15,10,70,123,le village,44.9476,4.33115,Plein jour,En agglomération,Hors intersection,Normale,Autre collision,,,,,,,,,,,1,2,1,1.0,6.0
201700013355,0017-09-11 17:05:00,17,9,11,17,5,70,222,RD 578,44.9264,4.45394,Plein jour,Hors agglomération,Hors intersection,Temps couvert,Autre collision,,,,,,,,,,,1,1,1,8.0,6.0
201700013356,0017-09-16 12:15:00,17,9,16,12,15,70,212,Départementale 9 Lieu di,45.09458,4.40232,Plein jour,Hors agglomération,Hors intersection,Normale,Sans collision,,,,,,,,,,,1,1,1,1.0,7.0
201700013357,0017-10-13 00:30:00,17,10,13,0,30,70,204,Lieu dit le vialette,45.02137,4.3847,Nuit sans éclairage public,Hors agglomération,Hors intersection,Normale,Autre collision,,,,,,,,,,,3,1,1,1.0,6.0
201700013358,0017-11-03 12:00:00,17,11,3,12,0,70,1,Mairie,44.87886,4.37994,Plein jour,En agglomération,Hors intersection,Normale,Deux véhicules - frontale,,,,,,,,,,,1,2,1,1.0,1.0
201700013359,0017-12-06 20:20:00,17,12,6,20,20,70,64,Route Départementale 578,44.9022,4.42147,Nuit sans éclairage public,Hors agglomération,Hors intersection,Pluie légère,Sans collision,,,,,,,,,,,3,1,1,2.0,7.0
201700013360,0017-12-12 12:10:00,17,12,12,12,10,70,108,D120 - PR 52+950,44.92293,4.40169,Plein jour,Hors agglomération,Hors intersection,Normale,Deux véhicules - frontale,,,,,,,,,,,1,1,1,1.0,1.0
201700013361,0017-03-18 20:20:00,17,3,18,20,20,70,84,route du pavé,45.15189,4.75185,Nuit sans éclairage public,Hors agglomération,Hors intersection,Normale,Sans collision,,,,,,,,,,,3,1,1,1.0,7.0
201700013362,0017-03-28 15:40:00,17,3,28,15,40,70,185,D115,45.1525,4.64028,Plein jour,Hors agglomération,Hors intersection,Normale,Autre collision,,,,,,,,,,,1,1,1,1.0,6.0
201700013363,0017-07-01 22:30:00,17,7,1,22,30,70,13,lieu dit chamas D221,45.17823,4.72658,Nuit avec éclairage allumé,En agglomération,Hors intersection,Normale,Deux véhicules - arrière,,,,,,,,,,,5,2,1,1.0,2.0
201700013364,0017-07-03 10:40:00,17,7,3,10,40,70,301,D578,45.10424,4.70291,Plein jour,Hors agglomération,Hors intersection,Normale,Autre collision,,,,,,,,,,,1,1,1,1.0,6.0
201700013365,0017-09-08 01:00:00,17,9,8,1,0,70,205,départementale 578,45.18619,4.63114,Nuit avec éclairage allumé,En agglomération,Hors intersection,Normale,Autre collision,,,,,,,,,,,5,2,1,1.0,6.0
201700013366,0017-10-01 11:30:00,17,10,1,11,30,70,188,route de st romain d'ay,45.18728,4.68284,Plein jour,En agglomération,Giratoire,Normale,Autre collision,,,,,,,,,,,1,2,6,1.0,6.0
201700013367,0017-10-26 21:05:00,17,10,26,21,5,70,309,rue de la bergère,45.15273,4.61959,Nuit avec éclairage allumé,En agglomération,Hors intersection,Normale,Autre collision,,,,,,,,,,,5,2,1,1.0,6.0
201700013368,0017-12-20 16:44:00,17,12,20,16,44,70,205,chemin de la Chomotte,45.19875,4.62304,Crépuscule ou aube,Hors agglomération,Hors intersection,Pluie légère,Deux véhicules - frontale,,,,,,,,,,,2,1,1,2.0,1.0
201700013369,0017-03-29 17:10:00,17,3,29,17,10,160,287,route de la vallée noire,45.59198,0.05342,Plein jour,Hors agglomération,Hors intersection,Normale,Sans collision,,,,,,,,,,,1,1,1,1.0,7.0
201700013370,0017-07-07 20:50:00,17,7,7,20,50,160,287,La Combe à Guillot,45.60157,0.07573,Plein jour,Hors agglomération,Hors intersection,Normale,Sans collision,,,,,,,,,,,1,1,1,1.0,7.0
201700013371,0017-08-04 03:00:00,17,8,4,3,0,160,125,,45.49205,0.35291,Nuit sans éclairage public,Hors agglomération,Hors intersection,Normale,Sans collision,,,,,,,,,,,3,1,1,1.0,7.0
201700013372,0017-08-14 18:40:00,17,8,14,18,40,160,394,,45.42088,0.24267,Plein jour,Hors agglomération,Hors intersection,Normale,Autre collision,,,,,,,,,,,1,1,1,1.0,6.0
201700013373,0017-10-26 13:45:00,17,10,26,13,45,160,236,Les Girauds,45.57086,0.08456,Plein jour,Hors agglomération,Intersection en Y,Normale,Deux véhicules - frontale,,,,,,,,,,,1,1,4,1.0,1.0
201700013374,0017-10-28 13:45:00,17,10,28,13,45,160,47,D16,45.48816,0.2884,Plein jour,Hors agglomération,Hors intersection,Temps éblouissant,Sans collision,,,,,,,,,,,1,1,1,7.0,7.0
201700013375,0017-12-20 11:20:00,17,12,20,11,20,160,418,,45.57367,0.16501,Plein jour,Hors agglomération,Hors intersection,Normale,Trois véhicules et plus - collisions multiples,,,,,,,,,,,1,1,1,1.0,5.0
201700013376,0017-01-13 14:20:00,17,1,13,14,20,160,328,Chez Mestraud,45.36303,0.10547,Plein jour,Hors agglomération,Hors intersection,Normale,Sans collision,,,,,,,,,,,1,1,1,1.0,7.0
201700013377,0017-05-13 17:00:00,17,5,13,17,0,160,170,Côte du Sellerie,45.36876,0.14363,Plein jour,Hors agglomération,Hors intersection,Normale,Autre collision,,,,,,,,,,,1,1,1,1.0,6.0
201700013378,0017-06-11 01:30:00,17,6,11,1,30,160,350,Hameau de Haut Claire,45.29986,0.22868,Nuit sans éclairage public,Hors agglomération,Intersection en T,Normale,Autre collision,,,,,,,,,,,3,1,3,1.0,6.0
201700013379,0017-07-31 03:40:00,17,7,31,3,40,160,49,Le Petit Monjat,45.23108,0.14198,Nuit sans éclairage public,Hors agglomération,Hors intersection,Normale,Sans collision,,,,,,,,,,,3,1,1,1.0,7.0
201700013380,0017-10-22 19:10:00,17,10,22,19,10,160,314,Le Petit Perry,45.40783,0.1205,Nuit sans éclairage public,Hors agglomération,Hors intersection,Normale,Sans collision,,,,,,,,,,,3,1,1,1.0,7.0
201700013381,0017-12-12 18:30:00,17,12,12,18,30,160,424,Le Maine Blanc,45.26224,0.00361,Nuit sans éclairage public,Hors agglomération,Intersection en Y,Normale,Deux véhicules - côté,,,,,,,,,,,3,1,4,1.0,3.0
201700013382,0017-02-19 17:45:00,17,2,19,17,45,160,223,lieu-dit le Châtenet,45.7026,0.50698,Plein jour,Hors agglomération,Hors intersection,Normale,Autre collision,,,,,,,,,,,1,1,1,1.0,6.0
201700013383,0017-03-22 18:30:00,17,3,22,18,30,160,280,RN 141,45.75462,0.38601,Plein jour,Hors agglomération,Hors intersection,Pluie légère,Deux véhicules - côté,,,,,,,,,,,1,1,1,2.0,3.0
201700013384,0017-06-10 19:23:00,17,6,10,19,23,160,353,Rochebertier,45.69031,0.42349,Plein jour,Hors agglomération,Intersection à plus de 4 branches,Normale,Autre collision,,,,,,,,,,,1,1,5,1.0,6.0
201700013385,0017-06-26 14:10:00,17,6,26,14,10,160,323,Ld le Bois du Poteau,45.63498,0.43043,Plein jour,Hors agglomération,Hors intersection,Temps couvert,Autre collision,,,,,,,,,,,1,1,1,8.0,6.0
201700013386,0017-12-01 11:30:00,17,12,1,11,30,160,3,les granges d'agris,45.78236,0.33145,Plein jour,En agglomération,Giratoire,Normale,Sans collision,,,,,,,,,,,1,2,6,1.0,7.0
201700013387,0017-12-19 16:15:00,17,12,19,16,15,160,223,3 rue de chez Briquet,45.66348,0.49694,Plein jour,En agglomération,Hors intersection,Normale,Autre collision,,,,,,,,,,,1,2,1,1.0,6.0
201700013388,0017-01-24 17:15:00,17,1,24,17,15,160,405,Le Maine Guerin,45.51166,-0.10974,Crépuscule ou aube,Hors agglomération,Hors intersection,Normale,Trois véhicules et plus - en chaîne,,,,,,,,,,,2,1,1,1.0,4.0
201700013389,0017-01-26 08:20:00,17,1,26,8,20,160,342,,45.54838,-0.30702,Crépuscule ou aube,Hors agglomération,Hors intersection,Normale,Deux véhicules - frontale,,,,,,,,,,,2,1,1,1.0,1.0
201700013390,0017-06-07 17:00:00,17,6,7,17,0,160,99,La Font Guyonnet,45.37744,-0.10624,Plein jour,Hors agglomération,Hors intersection,Normale,Autre collision,,,,,,,,,,,1,1,1,1.0,6.0
201700013391,0017-06-30 18:15:00,17,6,30,18,15,160,405,Lieu dit Ormeau,45.52098,-0.09852,Plein jour,Hors agglomération,Hors intersection,Pluie forte,Autre collision,,,,,,,,,,,1,1,1,3.0,6.0
201700013392,0017-07-11 17:30:00,17,7,11,17,30,160,28,LIEU-DIT LA FOUCAUDERIE,45.50869,-0.17378,Plein jour,Hors agglomération,Hors intersection,Normale,Deux véhicules - côté,,,,,,,,,,,1,1,1,1.0,3.0
201700013393,0017-07-26 19:40:00,17,7,26,19,40,160,384,lIEU-DIT la gare,45.3879,-0.22242,Plein jour,Hors agglomération,Intersection en T,Pluie légère,Deux véhicules - côté,,,,,,,,,,,1,1,3,2.0,3.0
201700013394,0017-08-01 17:20:00,17,8,1,17,20,160,28,40 boulevard Chanzy,45.47155,-0.15221,Plein jour,En agglomération,Giratoire,Normale,Deux véhicules - côté,,,,,,,,,,,1,2,6,1.0,3.0
201700013395,0017-08-10 12:40:00,17,8,10,12,40,160,276,,45.43884,-0.15319,Plein jour,Hors agglomération,Hors intersection,Temps couvert,Deux véhicules - frontale,,,,,,,,,,,1,1,1,8.0,1.0
201700013396,0017-08-25 10:20:00,17,8,25,10,20,160,28,Le Maine Merle,45.48945,-0.13018,Plein jour,Hors agglomération,Hors intersection,Normale,Deux véhicules - arrière,,,,,,,,,,,1,1,1,1.0,2.0
201700013397,0017-08-25 23:35:00,17,8,25,23,35,160,405,Le Maine Guerin,45.51483,-0.10668,Nuit sans éclairage public,Hors agglomération,Hors intersection,Normale,Autre collision,,,,,,,,,,,3,1,1,1.0,6.0
201700013398,0017-10-20 17:05:00,17,10,20,17,5,160,28,1 BIS AVENUE DE L'EUROPE,45.47759,-0.14985,Plein jour,En agglomération,Hors intersection,Normale,Deux véhicules - côté,,,,,,,,,,,1,2,1,1.0,3.0
201700013399,0017-11-13 08:35:00,17,11,13,8,35,160,224,Chez Robert,45.4523,-0.19962,Plein jour,Hors agglomération,Hors intersection,Normale,Deux véhicules - frontale,,,,,,,,,,,1,1,1,1.0,1.0
201700013400,0017-11-19 17:45:00,17,11,19,17,45,160,30,,45.49736,-0.23786,Crépuscule ou aube,Hors agglomération,Intersection en T,Normale,Autre collision,,,,,,,,,,,2,1,3,1.0,6.0
201700013401,0017-11-25 15:38:00,17,11,25,15,38,160,405,,45.52192,-0.094,Plein jour,Hors agglomération,Hors intersection,Normale,Deux véhicules - arrière,,,,,,,,,,,1,1,1,1.0,2.0
201700013402,0017-11-30 16:40:00,17,11,30,16,40,160,405,PR 78,45.5185,-0.10225,Plein jour,Hors agglomération,Hors intersection,Normale,Deux véhicules - arrière,,,,,,,,,,,1,1,1,1.0,2.0
201700013403,0017-12-10 12:25:00,17,12,10,12,25,160,384,,45.35275,-0.19871,Plein jour,Hors agglomération,Hors intersection,Pluie forte,Autre collision,,,,,,,,,,,1,1,1,3.0,6.0
201700013404,0017-12-29 21:30:00,17,12,29,21,30,160,28,le Buis,45.48474,-0.13938,Nuit avec éclairage allumé,En agglomération,Hors intersection,Normale,Autre collision,,,,,,,,,,,5,2,1,1.0,6.0
201700013405,0017-04-12 23:10:00,17,4,12,23,10,160,207,34 Rue Taillefer,45.84421,0.04443,Nuit avec éclairage allumé,En agglomération,Hors intersection,Normale,Autre collision,,,,,,,,,,,5,2,1,1.0,6.0
201700013406,0017-07-12 12:14:00,17,7,12,12,14,160,167,Place de Saintes,45.68739,-0.17577,Plein jour,En agglomération,Intersection en T,Normale,Deux véhicules - côté,,,,,,,,,,,1,2,3,1.0,3.0
201700013407,0017-08-01 21:45:00,17,8,1,21,45,160,88,15 Route de Nanclars,45.69188,-0.19969,Nuit sans éclairage public,Hors agglomération,Hors intersection,Normale,Deux véhicules - côté,,,,,,,,,,,3,1,1,1.0,3.0
201700013408,0017-09-03 03:30:00,17,9,3,3,30,160,145,RUE D'ANGOULEME,45.69299,-0.11566,Nuit sans éclairage public,Hors agglomération,Hors intersection,Normale,Autre collision,,,,,,,,,,,3,1,1,1.0,6.0
201700013409,0017-10-20 07:55:00,17,10,20,7,55,160,165,,45.75296,-0.21462,Crépuscule ou aube,Hors agglomération,Intersection en T,Normale,Deux véhicules - frontale,,,,,,,,,,,2,1,3,1.0,1.0
201700013410,0017-11-11 15:45:00,17,11,11,15,45,160,286,Fougeard,45.78648,-0.11055,Plein jour,Hors agglomération,Hors intersection,Pluie légère,Deux véhicules - côté,,,,,,,,,,,1,1,1,2.0,3.0
201700013411,0017-12-04 20:38:00,17,12,4,20,38,160,156,,45.82879,-0.01801,Nuit sans éclairage public,Hors agglomération,Intersection en T,Normale,Autre collision,,,,,,,,,,,3,1,3,1.0,6.0
201700013412,0017-01-19 16:40:00,17,1,19,16,40,160,9,l'Allemandie,45.86299,0.53143,Crépuscule ou aube,Hors agglomération,Hors intersection,Normale,Autre collision,,,,,,,,,,,2,1,1,1.0,6.0
201700013413,0017-02-15 18:45:00,17,2,15,18,45,160,106,avenue du 08 mai 1945,46.02181,0.65681,Nuit avec éclairage allumé,En agglomération,Autre intersection,Normale,Deux véhicules - côté,,,,,,,,,,,5,2,9,1.0,3.0
201700013414,0017-04-06 03:19:00,17,4,6,3,19,160,134,Lieu dit Maison Neuve,45.87181,0.65384,Nuit avec éclairage non allumé,Hors agglomération,Hors intersection,Normale,Deux véhicules - frontale,,,,,,,,,,,4,1,1,1.0,1.0
201700013415,0017-05-01 10:30:00,17,5,1,10,30,160,128,carrefour D30/D169,46.06305,0.5374,Plein jour,En agglomération,Intersection en T,Pluie forte,Deux véhicules - frontale,,,,,,,,,,,1,2,3,3.0,1.0
201700013416,0017-05-22 00:16:00,17,5,22,0,16,160,1,Chaumont,46.06924,0.72201,Nuit sans éclairage public,Hors agglomération,Hors intersection,Normale,Autre collision,,,,,,,,,,,3,1,1,1.0,6.0
201700013417,0017-06-10 06:20:00,17,6,10,6,20,160,106,Pont du petit Negrat,46.03734,0.67128,Crépuscule ou aube,Hors agglomération,Hors intersection,Normale,Sans collision,,,,,,,,,,,2,1,1,1.0,7.0
201700013418,0017-06-11 17:10:00,17,6,11,17,10,160,306,les Recloux,45.99832,0.85781,Plein jour,Hors agglomération,Intersection en T,Normale,Autre collision,,,,,,,,,,,1,1,3,1.0,6.0
201700013419,0017-08-08 17:40:00,17,8,8,17,40,160,71,le grand Mathias,45.9118,0.75075,Plein jour,Hors agglomération,Hors intersection,Normale,Autre collision,,,,,,,,,,,1,1,1,1.0,6.0
201700013420,0017-11-17 23:45:00,17,11,17,23,45,160,1,Ld Vernet,46.07673,0.70201,Nuit sans éclairage public,Hors agglomération,Hors intersection,Normale,Autre collision,,,,,,,,,,,3,1,1,1.0,6.0
201700013421,0017-11-20 06:15:00,17,11,20,6,15,160,181,la Grange Bardonnier,46.06322,0.69027,Nuit sans éclairage public,Hors agglomération,Hors intersection,Brouillard / fumée,Autre collision,,,,,,,,,,,3,1,1,5.0,6.0
201700013422,0017-12-22 11:07:00,17,12,22,11,7,160,65,LD Les Champs,46.07785,0.79254,Plein jour,Hors agglomération,Hors intersection,Pluie légère,Autre collision,,,,,,,,,,,1,1,1,2.0,6.0
201700013423,0017-12-24 22:45:00,17,12,24,22,45,160,64,La Romegere,45.95523,0.8436,Nuit sans éclairage public,Hors agglomération,Hors intersection,Normale,Autre collision,,,,,,,,,,,3,1,1,1.0,6.0