accident_id,datetime,annee,mois,jour,heure,minute,departement,commune_insee,adresse,latitude,longitude,luminosite,agglomeration,intersection,meteo,collision,nb_vehicules,nb_usagers,nb_indemnes,nb_tues,nb_blesses_hosp,nb_blesses_legers,age_cond_1,age_cond_2,veh_type_cond_1,veh_type_cond_2,lum_code,agg_code,int_code,atm_code,col_code
201700013547,0017-04-29 20:30:00,17,4,29,20,30,100,261,RD 671 PK 2+700,47.9861,4.48587,Plein jour,Hors agglomération,Hors intersection,Normale,Autre collision,,,,,,,,,,,1,1,1,1.0,6.0
201700013548,0017-05-20 18:45:00,17,5,20,18,45,100,70,D 167 PK 5 350,48.07351,4.42243,Plein jour,Hors agglomération,Hors intersection,Normale,Deux véhicules - arrière,,,,,,,,,,,1,1,1,1.0,2.0
201700013549,0017-05-28 18:00:00,17,5,28,18,0,100,418,RD 443 PK 38.800,48.08911,4.30786,Plein jour,En agglomération,Hors intersection,Normale,Deux véhicules - côté,,,,,,,,,,,1,2,1,1.0,3.0
201700013550,0017-06-04 21:08:00,17,6,4,21,8,100,418,D443,48.0796,4.25552,Plein jour,Hors agglomération,Hors intersection,Normale,Sans collision,,,,,,,,,,,1,1,1,1.0,7.0
201700013551,0017-06-15 19:00:00,17,6,15,19,0,100,232,RD 671 - PK 18+600,48.09575,4.38015,Plein jour,Hors agglomération,Hors intersection,Normale,Autre collision,,,,,,,,,,,1,1,1,1.0,6.0
201700013552,0017-06-18 11:30:00,17,6,18,11,30,100,187,RD67,48.07766,4.42863,Plein jour,Hors agglomération,Hors intersection,Normale,Sans collision,,,,,,,,,,,1,1,1,1.0,7.0
201700013553,0017-06-20 09:00:00,17,6,20,9,0,100,232,rue de la motte,48.09669,4.3866,Plein jour,En agglomération,Hors intersection,Normale,Deux véhicules - côté,,,,,,,,,,,1,2,1,1.0,3.0
201700013554,0017-07-23 10:05:00,17,7,23,10,5,100,213,RD 443,48.18076,4.43593,Plein jour,Hors agglomération,Intersection en T,Normale,Deux véhicules - côté,,,,,,,,,,,1,1,3,1.0,3.0
201700013555,0017-08-25 03:30:00,17,8,25,3,30,100,34,RD 671,48.12579,4.35588,Nuit sans éclairage public,Hors agglomération,Hors intersection,Normale,Autre collision,,,,,,,,,,,3,1,1,1.0,6.0
201700013556,0017-09-01 14:45:00,17,9,1,14,45,100,262,RD 671,48.04356,4.39583,Plein jour,Hors agglomération,Hors intersection,Pluie légère,Autre collision,,,,,,,,,,,1,1,1,2.0,6.0
201700013557,0017-09-07 06:30:00,17,9,7,6,30,100,55,RD671,48.12778,4.34942,Nuit sans éclairage public,Hors agglomération,Hors intersection,Normale,Autre collision,,,,,,,,,,,3,1,1,1.0,6.0
201700013558,0017-09-29 19:00:00,17,9,29,19,0,100,181,croisement RD 81 - RD 93,48.11962,4.23395,Crépuscule ou aube,Hors agglomération,Intersection en X,Normale,Deux véhicules - côté,,,,,,,,,,,2,1,2,1.0,3.0
201700013559,0017-10-22 15:45:00,17,10,22,15,45,100,34,rue des Maquisards,48.1063,4.3746,Plein jour,En agglomération,Hors intersection,Normale,Autre collision,,,,,,,,,,,1,2,1,1.0,6.0
201700013560,0017-11-18 19:00:00,17,11,18,19,0,100,158,RD671,48.14656,4.2689,Nuit sans éclairage public,Hors agglomération,Hors intersection,Normale,Deux véhicules - côté,,,,,,,,,,,3,1,1,1.0,3.0
201700013561,0017-01-31 23:35:00,17,1,31,23,35,100,193,64 av Général Patton,48.42823,4.41216,Nuit avec éclairage allumé,En agglomération,Hors intersection,Brouillard / fumée,Autre collision,,,,,,,,,,,5,2,1,5.0,6.0
201700013562,0017-02-15 21:20:00,17,2,15,21,20,100,73,Rue Nicolas Hyppolite La,48.45221,4.42252,Nuit sans éclairage public,Hors agglomération,Hors intersection,Normale,Autre collision,,,,,,,,,,,3,1,1,1.0,6.0
201700013563,0017-02-23 13:10:00,17,2,23,13,10,100,345,route principale,48.41964,4.52931,Plein jour,En agglomération,Hors intersection,Vent fort / tempête,Deux véhicules - arrière,,,,,,,,,,,1,2,1,6.0,2.0
201700013564,0017-03-30 21:00:00,17,3,30,21,0,100,345,D6 PK 03+400,48.41766,4.53486,Nuit sans éclairage public,Hors agglomération,Hors intersection,Normale,Autre collision,,,,,,,,,,,3,1,1,1.0,6.0
201700013565,0017-05-20 13:40:00,17,5,20,13,40,100,123,RD 46,48.33674,4.53382,Plein jour,Hors agglomération,Hors intersection,Normale,Sans collision,,,,,,,,,,,1,1,1,1.0,7.0
201700013566,0017-05-26 17:59:00,17,5,26,17,59,100,389,RD 396,48.31573,4.54465,Plein jour,Hors agglomération,Hors intersection,Normale,Autre collision,,,,,,,,,,,1,1,1,1.0,6.0
201700013567,0017-09-06 13:43:00,17,9,6,13,43,100,64,D396,48.40005,4.5267,Plein jour,En agglomération,Hors intersection,Normale,Deux véhicules - côté,,,,,,,,,,,1,2,1,1.0,3.0
201700013568,0017-11-25 02:00:00,17,11,25,2,0,100,403,Route Départementale 18,48.31322,4.67961,Nuit sans éclairage public,Hors agglomération,Hors intersection,Pluie légère,Autre collision,,,,,,,,,,,3,1,1,2.0,6.0
201700013569,0017-02-14 08:20:00,17,2,14,8,20,100,268,rue de l'étape au vin,48.49336,3.50167,Plein jour,En agglomération,Hors intersection,Normale,Autre collision,,,,,,,,,,,1,2,1,1.0,6.0
201700013570,0017-02-17 15:58:00,17,2,17,15,58,100,268,Départementale 619,48.49084,3.52101,Plein jour,Hors agglomération,Hors intersection,Normale,Trois véhicules et plus - collisions multiples,,,,,,,,,,,1,1,1,1.0,5.0
201700013571,0017-05-26 22:20:00,17,5,26,22,20,100,367,RUE SAINT PARRES,48.53351,3.52505,Nuit sans éclairage public,Hors agglomération,Hors intersection,Normale,Autre collision,,,,,,,,,,,3,1,1,1.0,6.0
201700013572,0017-07-09 10:30:00,17,7,9,10,30,100,145,Rue Saint Martin,48.33147,3.73961,Plein jour,En agglomération,Hors intersection,Normale,Deux véhicules - côté,,,,,,,,,,,1,2,1,1.0,3.0
201700013573,0017-10-13 20:00:00,17,10,13,20,0,100,231,D619 PK 001+200,48.50973,3.43162,Nuit sans éclairage public,Hors agglomération,Intersection en X,Normale,Deux véhicules - côté,,,,,,,,,,,3,1,2,1.0,3.0
201700013574,0017-10-11 14:15:00,17,10,11,14,15,100,268,22 route de bray,48.48661,3.49236,Plein jour,En agglomération,Autre intersection,Normale,Deux véhicules - frontale,,,,,,,,,,,1,2,9,1.0,1.0
201700013575,0017-10-20 23:00:00,17,10,20,23,0,100,268,avenue Beauregard,48.50166,3.49691,Nuit avec éclairage allumé,En agglomération,Hors intersection,Normale,Autre collision,,,,,,,,,,,5,2,1,1.0,6.0
201700013576,0017-11-04 03:30:00,17,11,4,3,30,100,254,D 97B,48.57104,3.51732,Nuit avec éclairage allumé,En agglomération,Hors intersection,Normale,Autre collision,,,,,,,,,,,5,2,1,1.0,6.0
201700013577,0017-11-03 18:15:00,17,11,3,18,15,100,308,cd 153,48.36717,3.78262,Nuit sans éclairage public,Hors agglomération,Hors intersection,Normale,Sans collision,,,,,,,,,,,3,1,1,1.0,7.0
201700013578,0017-11-20 16:58:00,17,11,20,16,58,100,268,place de la halle,48.49245,3.49713,Plein jour,En agglomération,Hors intersection,Normale,Autre collision,,,,,,,,,,,1,2,1,1.0,6.0
201700013579,0017-12-03 18:55:00,17,12,3,18,55,100,259,Route de BRAY,48.46412,3.43247,Nuit sans éclairage public,Hors agglomération,Intersection en X,Temps couvert,Trois véhicules et plus - collisions multiples,,,,,,,,,,,3,1,2,8.0,5.0
201700013580,0017-12-11 08:00:00,17,12,11,8,0,100,224,route de saint martin de,48.42487,3.69351,Plein jour,Hors agglomération,Hors intersection,Normale,Deux véhicules - arrière,,,,,,,,,,,1,1,1,1.0,2.0
201700013581,0017-12-15 14:00:00,17,12,15,14,0,100,420,8 avenue de la gare,48.58831,3.55954,Plein jour,En agglomération,Giratoire,Normale,Autre collision,,,,,,,,,,,1,2,6,1.0,6.0
201700013582,0017-12-29 08:25:00,17,12,29,8,25,100,153,D68,48.4605,3.50149,Plein jour,Hors agglomération,Hors intersection,Autre,Sans collision,,,,,,,,,,,1,1,1,9.0,7.0
201700013583,0017-01-14 22:35:00,17,1,14,22,35,100,151,RD 619 - PK 44,48.42222,3.91976,Nuit avec éclairage allumé,En agglomération,Hors intersection,Normale,Deux véhicules - frontale,,,,,,,,,,,5,2,1,1.0,1.0
201700013584,0017-02-07 17:25:00,17,2,7,17,25,100,166,Route départementale 31,48.47175,4.03192,Crépuscule ou aube,Hors agglomération,Hors intersection,Pluie légère,Deux véhicules - arrière,,,,,,,,,,,2,1,1,2.0,2.0
201700013585,0017-02-26 20:15:00,17,2,26,20,15,100,323,rue du docteur Roux,48.50336,3.73222,Nuit avec éclairage allumé,En agglomération,Intersection en T,Normale,Autre collision,,,,,,,,,,,5,2,3,1.0,6.0
201700013586,0017-03-30 22:10:00,17,3,30,22,10,100,271,rue de la République,48.45955,3.77058,Nuit avec éclairage non allumé,En agglomération,Hors intersection,Normale,Sans collision,,,,,,,,,,,4,2,1,1.0,7.0
201700013587,0017-04-01 05:00:00,17,4,1,5,0,100,220,rue des écoles,48.5092,3.78599,Nuit avec éclairage allumé,En agglomération,Hors intersection,Pluie légère,Autre collision,,,,,,,,,,,5,2,1,2.0,6.0
201700013588,0017-04-11 19:45:00,17,4,11,19,45,100,323,Place des Martyrs de la,48.52009,3.72648,Plein jour,En agglomération,Giratoire,Normale,Deux véhicules - côté,,,,,,,,,,,1,2,6,1.0,3.0
201700013589,0017-04-30 05:30:00,17,4,30,5,30,100,132,RD 78,48.49243,3.92659,Crépuscule ou aube,Hors agglomération,Hors intersection,Normale,Autre collision,,,,,,,,,,,2,1,1,1.0,6.0
201700013590,0017-05-02 12:05:00,17,5,2,12,5,100,275,rue des tilleuls,48.43452,3.73636,Plein jour,En agglomération,Hors intersection,Normale,Autre collision,,,,,,,,,,,1,2,1,1.0,6.0
201700013591,0017-05-04 10:00:00,17,5,4,10,0,100,323,05 rue voltaire selliere,48.51995,3.7257,Plein jour,En agglomération,Hors intersection,Normale,Autre collision,,,,,,,,,,,1,2,1,1.0,6.0
201700013592,0017-05-08 18:15:00,17,5,8,18,15,100,164,chemin de halage,48.47615,3.66754,Plein jour,Hors agglomération,Hors intersection,Pluie légère,Sans collision,,,,,,,,,,,1,1,1,2.0,7.0
201700013593,0017-05-18 18:20:00,17,5,18,18,20,100,114,53 rue des Faverolles,48.51671,3.64883,Plein jour,En agglomération,Autre intersection,Normale,Deux véhicules - côté,,,,,,,,,,,1,2,9,1.0,3.0
201700013594,0017-06-11 15:45:00,17,6,11,15,45,100,220,11 rue jules ferry,48.50906,3.78611,Plein jour,En agglomération,Hors intersection,Normale,Autre collision,,,,,,,,,,,1,2,1,1.0,6.0
201700013595,0017-06-13 22:55:00,17,6,13,22,55,100,323,194 rue Gornet BOIVIN,48.51176,3.74478,Nuit avec éclairage allumé,En agglomération,Hors intersection,Normale,Autre collision,,,,,,,,,,,5,2,1,1.0,6.0
201700013596,0017-07-08 17:00:00,17,7,8,17,0,100,275,Rue Hubert Linard,48.43463,3.72761,Plein jour,En agglomération,Intersection en X,Normale,Deux véhicules - côté,,,,,,,,,,,1,2,2,1.0,3.0
201700013597,0017-10-05 18:20:00,17,10,5,18,20,100,323,rue gambetta,48.51726,3.72277,Crépuscule ou aube,En agglomération,Giratoire,Pluie légère,Sans collision,,,,,,,,,,,2,2,6,2.0,7.0
201700013598,0017-10-30 10:50:00,17,10,30,10,50,100,220,49 rue Joliot Curie,48.51326,3.79876,Plein jour,En agglomération,Intersection en X,Normale,Deux véhicules - côté,,,,,,,,,,,1,2,2,1.0,3.0
201700013599,0017-10-31 08:30:00,17,10,31,8,30,100,151,D 619,48.42431,3.91817,Plein jour,En agglomération,Hors intersection,Brouillard / fumée,Deux véhicules - arrière,,,,,,,,,,,1,2,1,5.0,2.0
201700013600,0017-11-05 12:05:00,17,11,5,12,5,100,89,d 20,48.49906,3.8628,Plein jour,Hors agglomération,Hors intersection,Normale,Autre collision,,,,,,,,,,,1,1,1,1.0,6.0
201700013601,0017-11-13 10:00:00,17,11,13,10,0,100,323,37 rue Aristide Briand,48.50834,3.73821,Plein jour,En agglomération,Intersection en T,Normale,Deux véhicules - côté,,,,,,,,,,,1,2,3,1.0,3.0
201700013602,0017-11-13 10:30:00,17,11,13,10,30,100,323,Avenue Diderot,48.5093,3.71643,Plein jour,En agglomération,Hors intersection,Normale,Autre collision,,,,,,,,,,,1,2,1,1.0,6.0
201700013603,0017-11-18 00:01:00,17,11,18,0,1,100,233,RD373,48.50211,3.88587,Nuit sans éclairage public,Hors agglomération,Hors intersection,Brouillard / fumée,Autre collision,,,,,,,,,,,3,1,1,5.0,6.0
201700013604,0017-12-08 18:55:00,17,12,8,18,55,100,368,route départementale 619,48.40982,3.93494,Nuit sans éclairage public,Hors agglomération,Hors intersection,Normale,Deux véhicules - arrière,,,,,,,,,,,3,1,1,1.0,2.0
201700013605,0017-12-14 10:15:00,17,12,14,10,15,100,323,Val Thibault,48.51961,3.71495,Plein jour,En agglomération,Hors intersection,Normale,Autre collision,,,,,,,,,,,1,2,1,1.0,6.0
201700013606,0017-01-22 08:35:00,17,1,22,8,35,430,111,NIVEAU CIMETIERE,44.8418,3.82267,Plein jour,Hors agglomération,Hors intersection,Temps couvert,Autre collision,,,,,,,,,,,1,1,1,8.0,6.0
201700013607,0017-05-18 15:35:00,17,5,18,15,35,430,241,,44.9682,3.90372,Plein jour,Hors agglomération,Hors intersection,Normale,Autre collision,,,,,,,,,,,1,1,1,1.0,6.0
201700013608,0017-06-05 15:10:00,17,6,5,15,10,430,18,,45.0186,3.79232,Plein jour,Hors agglomération,Intersection en X,Normale,Deux véhicules - côté,,,,,,,,,,,1,1,2,1.0,3.0
201700013609,0017-06-08 11:45:00,17,6,8,11,45,430,241,,44.9691,3.90488,Plein jour,Hors agglomération,Hors intersection,Normale,Autre collision,,,,,,,,,,,1,1,1,1.0,6.0
201700013610,0017-06-10 17:05:00,17,6,10,17,5,430,154,LA PIERRE PLANTEE,44.7818,3.8888,Plein jour,Hors agglomération,Intersection en T,Temps éblouissant,Deux véhicules - côté,,,,,,,,,,,1,1,3,7.0,3.0
201700013611,0017-06-14 16:30:00,17,6,14,16,30,430,221,,44.9816,3.67511,Plein jour,Hors agglomération,Hors intersection,Normale,Autre collision,,,,,,,,,,,1,1,1,1.0,6.0
201700013612,0017-07-07 15:45:00,17,7,7,15,45,430,241,VERS BIZAC,44.9549,3.844,Plein jour,Hors agglomération,Hors intersection,Normale,Deux véhicules - frontale,,,,,,,,,,,1,1,1,1.0,1.0
201700013613,0017-08-02 17:10:00,17,8,2,17,10,430,241,VERS LA CARRIERE,44.9675,3.90274,Plein jour,Hors agglomération,Hors intersection,Normale,Autre collision,,,,,,,,,,,1,1,1,1.0,6.0
201700013614,0017-08-12 13:30:00,17,8,12,13,30,430,19,N88 PR 89+200,44.8347,3.86143,Plein jour,Hors agglomération,Hors intersection,Normale,Trois véhicules et plus - collisions multiples,,,,,,,,,,,1,1,1,1.0,5.0
201700013615,0017-10-30 16:00:00,17,10,30,16,0,430,174,,44.995,3.8188,Plein jour,Hors agglomération,Intersection en X,Normale,Deux véhicules - frontale,,,,,,,,,,,1,1,2,1.0,1.0
201700013616,0017-10-31 16:05:00,17,10,31,16,5,430,174,NAVES,44.973,3.80217,Plein jour,Hors agglomération,Hors intersection,Normale,Autre collision,,,,,,,,,,,1,1,1,1.0,6.0
201700013617,0017-02-18 13:45:00,17,2,18,13,45,430,190,LE VILLARD,,,Plein jour,Hors agglomération,Hors intersection,Normale,Autre collision,,,,,,,,,,,1,1,1,1.0,6.0
201700013618,0017-04-23 18:45:00,17,4,23,18,45,430,194,LIEU-DIT RABEYRINES,45.078,4.03583,Crépuscule ou aube,Hors agglomération,Hors intersection,Normale,Deux véhicules - côté,,,,,,,,,,,2,1,1,1.0,3.0
201700013619,0017-06-24 15:30:00,17,6,24,15,30,430,10,LIEU DIT FAURE,,,Plein jour,Hors agglomération,Hors intersection,Normale,Deux véhicules - côté,,,,,,,,,,,1,1,1,1.0,3.0
201700013620,0017-06-26 17:30:00,17,6,26,17,30,430,150,ROUTE DE SAINT JULIEN CH,45.0955,4.05786,Plein jour,En agglomération,Hors intersection,Normale,Autre collision,,,,,,,,,,,1,2,1,1.0,6.0
201700013621,0017-07-18 08:50:00,17,7,18,8,50,430,10,,44.9969,3.96376,Plein jour,Hors agglomération,Hors intersection,Normale,Autre collision,,,,,,,,,,,1,1,1,1.0,6.0
201700013622,0017-08-05 05:10:00,17,8,5,5,10,430,92,ROUTE DU PUY,44.9859,4.22663,Nuit avec éclairage non allumé,En agglomération,Hors intersection,Normale,Autre collision,,,,,,,,,,,4,2,1,1.0,6.0
201700013623,0017-09-02 15:00:00,17,9,2,15,0,430,10,LA TERRASSE,44.9791,3.95461,Plein jour,En agglomération,Intersection en T,Pluie légère,Deux véhicules - arrière,,,,,,,,,,,1,2,3,2.0,2.0
201700013624,0017-09-23 18:25:00,17,9,23,18,25,430,194,,45.0864,4.05077,Plein jour,Hors agglomération,Hors intersection,Normale,Deux véhicules - côté,,,,,,,,,,,1,1,1,1.0,3.0
201700013625,0017-10-04 17:00:00,17,10,4,17,0,430,194,CELLIER,45.0644,4.02803,Plein jour,Hors agglomération,Hors intersection,Normale,Deux véhicules - frontale,,,,,,,,,,,1,1,1,1.0,1.0
201700013626,0017-12-16 23:45:00,17,12,16,23,45,430,157,PLAINE DE GENDRIAC,45.0287,3.93237,Nuit sans éclairage public,Hors agglomération,Hors intersection,Neige / grêle,Autre collision,,,,,,,,,,,3,1,1,4.0,6.0
201700013627,0017-02-19 15:40:00,17,2,19,15,40,430,230,LIEU DIT LE SERVILLE,45.1616,3.92809,Plein jour,Hors agglomération,Hors intersection,Normale,Autre collision,,,,,,,,,,,1,1,1,1.0,6.0
201700013628,0017-03-12 16:30:00,17,3,12,16,30,430,230,ROUTE DU CIMETIERE,,,Plein jour,Hors agglomération,Hors intersection,Pluie légère,Deux véhicules - frontale,,,,,,,,,,,1,1,1,2.0,1.0
201700013629,0017-03-19 22:00:00,17,3,19,22,0,430,216,D 906,45.1208,3.82096,Nuit sans éclairage public,Hors agglomération,Hors intersection,Normale,Autre collision,,,,,,,,,,,3,1,1,1.0,6.0
201700013630,0017-03-21 08:50:00,17,3,21,8,50,430,216,23 RUE RUESSIUM,45.1363,3.81383,Plein jour,En agglomération,Hors intersection,Normale,Autre collision,,,,,,,,,,,1,2,1,1.0,6.0
201700013631,0017-03-25 15:00:00,17,3,25,15,0,430,229,LOTISSEMENT ZAPADRIE,,,Plein jour,En agglomération,Hors intersection,Normale,Autre collision,,,,,,,,,,,1,2,1,1.0,6.0
201700013632,0017-05-16 15:25:00,17,5,16,15,25,430,26,CARREF VC DES GAZELLES,45.2145,3.81806,Plein jour,Hors agglomération,Intersection en T,Normale,Deux véhicules - arrière,,,,,,,,,,,1,1,3,1.0,2.0
201700013633,0017-05-05 18:00:00,17,5,5,18,0,430,267,LIEU-DIT BRIGOLS,45.1748,3.90124,Plein jour,Hors agglomération,Hors intersection,Normale,Deux véhicules - frontale,,,,,,,,,,,1,1,1,1.0,1.0
201700013634,0017-06-14 11:45:00,17,6,14,11,45,430,61,VIRAGE SAINT SIMON,45.107,3.89648,Plein jour,Hors agglomération,Hors intersection,Normale,Autre collision,,,,,,,,,,,1,1,1,1.0,6.0
201700013635,0017-06-21 18:05:00,17,6,21,18,5,430,152,BILHAC - CHANCEAUX,45.0832,3.85761,Plein jour,Hors agglomération,Hors intersection,Normale,Trois véhicules et plus - collisions multiples,,,,,,,,,,,1,1,1,1.0,5.0
201700013636,0017-07-08 19:30:00,17,7,8,19,30,430,230,PONT DE MARGEAIX,45.1531,3.92385,Plein jour,Hors agglomération,Hors intersection,Normale,Autre collision,,,,,,,,,,,1,1,1,1.0,6.0
201700013637,0017-07-15 14:45:00,17,7,15,14,45,430,216,PIERRE BRUNE,45.1356,3.79079,Plein jour,Hors agglomération,Hors intersection,Normale,Sans collision,,,,,,,,,,,1,1,1,1.0,7.0
201700013638,0017-07-21 17:15:00,17,7,21,17,15,430,36,LIEU-DIT LA CHAZOTTE,45.0972,3.79277,Plein jour,Hors agglomération,Hors intersection,Pluie forte,Deux véhicules - frontale,,,,,,,,,,,1,1,1,3.0,1.0
201700013639,0017-08-05 18:05:00,17,8,5,18,5,430,197,,45.0723,3.69585,Plein jour,Hors agglomération,Intersection en Y,Normale,Deux véhicules - frontale,,,,,,,,,,,1,1,4,1.0,1.0
201700013640,0017-08-28 14:25:00,17,8,28,14,25,430,152,PLAINE DE BLEU,45.0779,3.83723,Plein jour,Hors agglomération,Intersection en X,Normale,Deux véhicules - côté,,,,,,,,,,,1,1,2,1.0,3.0
201700013641,0017-08-31 17:50:00,17,8,31,17,50,430,62,,45.0666,3.77213,Plein jour,Hors agglomération,Hors intersection,Pluie légère,Autre collision,,,,,,,,,,,1,1,1,2.0,6.0
201700013642,0017-09-05 21:00:00,17,9,5,21,0,430,30,,45.1053,3.84399,Nuit avec éclairage allumé,En agglomération,Hors intersection,Normale,Autre collision,,,,,,,,,,,5,2,1,1.0,6.0
201700013643,0017-09-27 18:45:00,17,9,27,18,45,430,30,LES AUBARDDS,,,Crépuscule ou aube,En agglomération,Hors intersection,Normale,Sans collision,,,,,,,,,,,2,2,1,1.0,7.0
201700013644,0017-10-10 14:30:00,17,10,10,14,30,430,124,,45.1027,3.77283,Plein jour,Hors agglomération,Hors intersection,Normale,Autre collision,,,,,,,,,,,1,1,1,1.0,6.0
201700013645,0017-10-28 20:00:00,17,10,28,20,0,430,164,,45.2364,3.94754,Nuit sans éclairage public,Hors agglomération,Hors intersection,Normale,Autre collision,,,,,,,,,,,3,1,1,1.0,6.0
201700013646,0017-12-11 14:10:00,17,12,11,14,10,430,267,LE CHAMBON DE VOREY,45.2029,3.94364,Plein jour,Hors agglomération,Hors intersection,Pluie légère,Autre collision,,,,,,,,,,,1,1,1,2.0,6.0
201700013647,0017-12-15 08:00:00,17,12,15,8,0,430,140,PONT SUR LA LOIRE,45.0564,3.91452,Plein jour,Hors agglomération,Hors intersection,Normale,Deux véhicules - frontale,,,,,,,,,,,1,1,1,1.0,1.0
201700013648,0017-05-17 10:50:00,17,5,17,10,50,430,60,LIEU-DIT LA PENIDE,45.0273,3.54388,Plein jour,Hors agglomération,Hors intersection,Normale,Deux véhicules - frontale,,,,,,,,,,,1,1,1,1.0,1.0
201700013649,0017-07-25 13:55:00,17,7,25,13,55,430,234,LE PINET,,,Plein jour,Hors agglomération,Hors intersection,Temps couvert,Deux véhicules - frontale,,,,,,,,,,,1,1,1,8.0,1.0
201700013650,0017-09-14 06:35:00,17,9,14,6,35,430,60,VERS LA PENIDE,45.0235,3.5426,Crépuscule ou aube,Hors agglomération,Hors intersection,Temps couvert,Deux véhicules - côté,,,,,,,,,,,2,1,1,8.0,3.0
201700013651,0017-09-21 20:00:00,17,9,21,20,0,430,202,LE MONTEIL,,,Crépuscule ou aube,Hors agglomération,Hors intersection,Normale,Deux véhicules - frontale,,,,,,,,,,,2,1,1,1.0,1.0
201700013652,0017-10-26 10:25:00,17,10,26,10,25,430,112,2 BD CHARLES DE GAULLE,,,Plein jour,En agglomération,Hors intersection,Normale,Autre collision,,,,,,,,,,,1,2,1,1.0,6.0
201700013653,0017-11-11 11:20:00,17,11,11,11,20,430,245,,44.8664,3.58638,Plein jour,Hors agglomération,Hors intersection,Temps couvert,Autre collision,,,,,,,,,,,1,1,1,8.0,6.0
201700013654,0017-01-28 11:50:00,17,1,28,11,50,430,185,RUE PASTEUR,,,Plein jour,En agglomération,Hors intersection,Pluie légère,Autre collision,,,,,,,,,,,1,2,1,2.0,6.0
201700013655,0017-02-04 18:30:00,17,2,4,18,30,430,17,LIEU-DIT FOURET,45.3598,3.37947,Crépuscule ou aube,Hors agglomération,Hors intersection,Normale,Autre collision,,,,,,,,,,,2,1,1,1.0,6.0
201700013656,0017-02-14 19:00:00,17,2,14,19,0,430,261,RD16,45.4049,3.34048,Nuit sans éclairage public,Hors agglomération,Hors intersection,Normale,Autre collision,,,,,,,,,,,3,1,1,1.0,6.0
201700013657,0017-07-09 14:45:00,17,7,9,14,45,430,99,LOTISSEMENT LE PARC,45.3911,3.30614,Plein jour,Hors agglomération,Hors intersection,Normale,Autre collision,,,,,,,,,,,1,1,1,1.0,6.0
201700013658,0017-07-22 13:00:00,17,7,22,13,0,430,120,ECHANGEUR DE LEMPDES,45.3775,3.28387,Plein jour,Hors agglomération,Hors intersection,Normale,Autre collision,,,,,,,,,,,1,1,1,1.0,6.0
201700013659,0017-12-05 15:15:00,17,12,5,15,15,430,185,RUE ROBERT SCHUMANN,45.4114,3.30676,Plein jour,Hors agglomération,Hors intersection,Normale,Autre collision,,,,,,,,,,,1,1,1,1.0,6.0
201700013660,0017-02-13 11:45:00,17,2,13,11,45,430,7,CARREFOUR DE BIGOUROUX,45.0381,4.17303,Plein jour,Hors agglomération,Intersection en X,Normale,Trois véhicules et plus - collisions multiples,,,,,,,,,,,1,1,2,1.0,5.0
201700013661,0017-04-09 14:15:00,17,4,9,14,15,430,162,ROUTE ARTITES,,,Plein jour,Hors agglomération,Hors intersection,Normale,Autre collision,,,,,,,,,,,1,1,1,1.0,6.0
201700013662,0017-05-21 06:30:00,17,5,21,6,30,430,268,43 AV DU 8 MI 1945,45.1517,4.13062,Crépuscule ou aube,En agglomération,Hors intersection,Normale,Autre collision,,,,,,,,,,,2,2,1,1.0,6.0
201700013663,0017-05-27 18:10:00,17,5,27,18,10,430,7,LIEU-DIT COMBEVIEILLE,45.0746,4.13661,Plein jour,Hors agglomération,Hors intersection,Normale,Deux véhicules - côté,,,,,,,,,,,1,1,1,1.0,3.0
201700013664,0017-06-02 18:30:00,17,6,2,18,30,430,268,,45.1379,4.10151,Plein jour,Hors agglomération,Hors intersection,Pluie forte,Trois véhicules et plus - collisions multiples,,,,,,,,,,,1,1,1,3.0,5.0
201700013665,0017-06-19 09:15:00,17,6,19,9,15,430,24,MAZEAU,45.1701,4.06365,Plein jour,Hors agglomération,Hors intersection,Temps éblouissant,Deux véhicules - frontale,,,,,,,,,,,1,1,1,7.0,1.0
201700013666,0017-06-25 18:40:00,17,6,25,18,40,430,25,LA PARA,45.2395,4.07291,Plein jour,Hors agglomération,Hors intersection,Normale,Deux véhicules - frontale,,,,,,,,,,,1,1,1,1.0,1.0
201700013667,0017-07-07 18:30:00,17,7,7,18,30,430,268,,45.12,4.15189,Plein jour,Hors agglomération,Hors intersection,Normale,Autre collision,,,,,,,,,,,1,1,1,1.0,6.0
201700013668,0017-07-19 16:20:00,17,7,19,16,20,430,162,LIEU-DIT LINGOUSTRE,45.2276,4.00913,Plein jour,Hors agglomération,Hors intersection,Normale,Autre collision,,,,,,,,,,,1,1,1,1.0,6.0
201700013669,0017-07-19 21:25:00,17,7,19,21,25,430,102,NOLHAC,45.1712,4.18761,Crépuscule ou aube,Hors agglomération,Hors intersection,Pluie légère,Sans collision,,,,,,,,,,,2,1,1,2.0,7.0
201700013670,0017-08-03 11:30:00,17,8,3,11,30,430,268,LA COULEYRE,45.1474,4.09417,Plein jour,Hors agglomération,Hors intersection,Normale,Deux véhicules - frontale,,,,,,,,,,,1,1,1,1.0,1.0