accident_id,datetime,annee,mois,jour,heure,minute,departement,commune_insee,adresse,latitude,longitude,luminosite,agglomeration,intersection,meteo,collision,nb_vehicules,nb_usagers,nb_indemnes,nb_tues,nb_blesses_hosp,nb_blesses_legers,age_cond_1,age_cond_2,veh_type_cond_1,veh_type_cond_2,lum_code,agg_code,int_code,atm_code,col_code
201700013671,0017-08-17 11:10:00,17,8,17,11,10,430,268,ROUTE DE RETOURNAC,45.1441,4.11496,Plein jour,En agglomération,Hors intersection,Normale,Autre collision,,,,,,,,,,,1,2,1,1.0,6.0
201700013672,0017-08-27 18:10:00,17,8,27,18,10,430,25,PIROLLES,,,Plein jour,Hors agglomération,Intersection en X,Normale,Deux véhicules - côté,,,,,,,,,,,1,1,2,1.0,3.0
201700013673,0017-09-06 18:10:00,17,9,6,18,10,430,268,ROUTE DES SABLONS,45.1731,4.08821,Plein jour,Hors agglomération,Hors intersection,Normale,Deux véhicules - côté,,,,,,,,,,,1,1,1,1.0,3.0
201700013674,0017-09-09 16:40:00,17,9,9,16,40,430,25,,45.2796,4.11134,Plein jour,Hors agglomération,Hors intersection,Pluie légère,Trois véhicules et plus - collisions multiples,,,,,,,,,,,1,1,1,2.0,5.0
201700013675,0017-09-14 12:50:00,17,9,14,12,50,430,24,LA GARAY,45.1701,4.06808,Plein jour,Hors agglomération,Hors intersection,Pluie légère,Autre collision,,,,,,,,,,,1,1,1,2.0,6.0
201700013676,0017-09-24 13:45:00,17,9,24,13,45,430,28,MESSINHAC,45.1408,4.07212,Plein jour,En agglomération,Intersection en Y,Normale,Deux véhicules - côté,,,,,,,,,,,1,2,4,1.0,3.0
201700013677,0017-10-08 00:20:00,17,10,8,0,20,430,102,LE MAS,45.1895,4.18977,Nuit sans éclairage public,Hors agglomération,Hors intersection,Normale,Autre collision,,,,,,,,,,,3,1,1,1.0,6.0
201700013678,0017-12-18 13:40:00,17,12,18,13,40,430,162,ORCIER,45.2181,4.02196,Plein jour,Hors agglomération,Intersection en Y,Normale,Trois véhicules et plus - collisions multiples,,,,,,,,,,,1,1,4,1.0,5.0
201700013679,0017-03-12 15:30:00,17,3,12,15,30,430,12,ROND POINT DES GIRARDS,45.3877,4.22854,Plein jour,Hors agglomération,Hors intersection,Pluie forte,Deux véhicules - côté,,,,,,,,,,,1,1,1,3.0,3.0
201700013680,0017-04-25 12:45:00,17,4,25,12,45,430,137,,45.2758,4.18323,Plein jour,Hors agglomération,Hors intersection,Pluie légère,Trois véhicules et plus - collisions multiples,,,,,,,,,,,1,1,1,2.0,5.0
201700013681,0017-04-24 16:15:00,17,4,24,16,15,430,12,AV DE FIRMINY,45.3695,4.20397,Plein jour,En agglomération,Giratoire,Normale,Deux véhicules - côté,,,,,,,,,,,1,2,6,1.0,3.0
201700013682,0017-06-25 02:00:00,17,6,25,2,0,430,20,LES SALLES,45.2983,4.12857,Nuit avec éclairage non allumé,Hors agglomération,Hors intersection,Normale,Autre collision,,,,,,,,,,,4,1,1,1.0,6.0
201700013683,0017-07-05 14:55:00,17,7,5,14,55,430,12,PLACE DES PERROTS,,,Plein jour,En agglomération,Intersection en T,Normale,Deux véhicules - côté,,,,,,,,,,,1,2,3,1.0,3.0
201700013684,0017-07-20 18:30:00,17,7,20,18,30,430,137,CORDU,,,Plein jour,Hors agglomération,Intersection en T,Normale,Deux véhicules - côté,,,,,,,,,,,1,1,3,1.0,3.0
201700013685,0017-08-22 10:30:00,17,8,22,10,30,430,137,AV DE LA LIBERATION,,,Plein jour,En agglomération,Hors intersection,Temps éblouissant,Autre collision,,,,,,,,,,,1,2,1,7.0,6.0
201700013686,0017-09-22 12:20:00,17,9,22,12,20,430,20,,45.3278,4.13699,Plein jour,Hors agglomération,Hors intersection,Normale,Deux véhicules - frontale,,,,,,,,,,,1,1,1,1.0,1.0
201700013687,0017-12-25 14:00:00,17,12,25,14,0,430,12,ROUTE DE FIRMINY,45.3772,4.21767,Plein jour,Hors agglomération,Intersection en T,Normale,Deux véhicules - côté,,,,,,,,,,,1,1,3,1.0,3.0
201700013688,0017-01-06 13:30:00,17,1,6,13,30,430,184,RN 88,45.3672,4.26294,Plein jour,Hors agglomération,Hors intersection,Normale,Autre collision,,,,,,,,,,,1,1,1,1.0,6.0
201700013689,0017-02-21 14:10:00,17,2,21,14,10,430,224,BOUCHEROLLES,45.2576,4.20189,Plein jour,Hors agglomération,Hors intersection,Normale,Deux véhicules - côté,,,,,,,,,,,1,1,1,1.0,3.0
201700013690,0017-04-09 13:35:00,17,4,9,13,35,430,224,LE ROUARD,45.2319,4.20945,Plein jour,Hors agglomération,Autre intersection,Normale,Deux véhicules - côté,,,,,,,,,,,1,1,9,1.0,3.0
201700013691,0017-04-30 14:30:00,17,4,30,14,30,430,153,RUE DES ECOLES,,,Plein jour,En agglomération,Hors intersection,Normale,Autre collision,,,,,,,,,,,1,2,1,1.0,6.0
201700013692,0017-05-07 17:45:00,17,5,7,17,45,430,213,LES PINATELLES,45.2369,4.27846,Plein jour,Hors agglomération,Hors intersection,Pluie forte,Autre collision,,,,,,,,,,,1,1,1,3.0,6.0
201700013693,0017-07-14 01:10:00,17,7,14,1,10,430,224,LA MACHAVELLE,45.2741,4.24837,Nuit sans éclairage public,Hors agglomération,Hors intersection,Normale,Autre collision,,,,,,,,,,,3,1,1,1.0,6.0
201700013694,0017-07-28 22:50:00,17,7,28,22,50,430,205,,45.3583,4.31009,Nuit avec éclairage non allumé,Hors agglomération,Hors intersection,Normale,Deux véhicules - côté,,,,,,,,,,,4,1,1,1.0,3.0
201700013695,0017-09-27 16:30:00,17,9,27,16,30,430,184,,45.3555,4.253,Plein jour,Hors agglomération,Hors intersection,Normale,Sans collision,,,,,,,,,,,1,1,1,1.0,7.0
201700013696,0017-11-17 22:45:00,17,11,17,22,45,430,224,AV LAFAYETTE,,,Nuit avec éclairage allumé,En agglomération,Hors intersection,Normale,Deux véhicules - côté,,,,,,,,,,,5,2,1,1.0,3.0
201700013697,0017-12-20 10:00:00,17,12,20,10,0,430,177,,45.3165,4.29475,Plein jour,Hors agglomération,Intersection en X,Brouillard / fumée,Deux véhicules - côté,,,,,,,,,,,1,1,2,5.0,3.0
201700013698,0017-02-01 12:40:00,17,2,1,12,40,430,87,LIEU-DIT LA PAILLE,45.2014,4.31768,Plein jour,Hors agglomération,Hors intersection,Normale,Autre collision,,,,,,,,,,,1,1,1,1.0,6.0
201700013699,0017-03-09 08:00:00,17,3,9,8,0,430,244,LIEU DIT LA COMBE,45.1409,4.29474,Plein jour,Hors agglomération,Hors intersection,Normale,Sans collision,,,,,,,,,,,1,1,1,1.0,7.0
201700013700,0017-03-24 14:00:00,17,3,24,14,0,430,87,RUE DE L EGLISE,45.2208,4.33577,Plein jour,En agglomération,Hors intersection,Pluie légère,Autre collision,,,,,,,,,,,1,2,1,2.0,6.0
201700013701,0017-03-23 11:15:00,17,3,23,11,15,430,244,LES SALETTES,45.1219,4.28843,Plein jour,Hors agglomération,Hors intersection,Neige / grêle,Autre collision,,,,,,,,,,,1,1,1,4.0,6.0
201700013702,0017-04-21 13:00:00,17,4,21,13,0,430,159,CARREF LA REMISE,45.1752,4.29384,Plein jour,Hors agglomération,Intersection en X,Normale,Deux véhicules - côté,,,,,,,,,,,1,1,2,1.0,3.0
201700013703,0017-07-13 16:10:00,17,7,13,16,10,430,87,GOURNIER,45.2283,4.35074,Plein jour,Hors agglomération,Hors intersection,Normale,Autre collision,,,,,,,,,,,1,1,1,1.0,6.0
201700013704,0017-07-25 14:15:00,17,7,25,14,15,430,223,LIEU-DIT LA FABRIQUE,45.2439,4.35805,Plein jour,Hors agglomération,Hors intersection,Pluie légère,Deux véhicules - frontale,,,,,,,,,,,1,1,1,2.0,1.0
201700013705,0017-10-03 12:10:00,17,10,3,12,10,430,87,,45.221,4.34714,Plein jour,En agglomération,Hors intersection,Pluie légère,Autre collision,,,,,,,,,,,1,2,1,2.0,6.0
201700013706,0017-10-11 18:00:00,17,10,11,18,0,430,114,LA CHAMBERTIERE,45.1659,4.2274,Crépuscule ou aube,Hors agglomération,Intersection en X,Normale,Deux véhicules - côté,,,,,,,,,,,2,1,2,1.0,3.0
201700013707,0017-11-05 11:15:00,17,11,5,11,15,430,163,LE MORT,45.2373,4.35835,Plein jour,Hors agglomération,Hors intersection,Pluie légère,Autre collision,,,,,,,,,,,1,1,1,2.0,6.0
201700013708,0017-12-19 19:45:00,17,12,19,19,45,430,51,LA BRUYERE,45.0805,4.32194,Nuit sans éclairage public,Hors agglomération,Hors intersection,Neige / grêle,Deux véhicules - côté,,,,,,,,,,,3,1,1,4.0,3.0
201700013709,0017-01-28 05:15:00,17,1,28,5,15,180,110,D920,47.21315,2.94897,Nuit sans éclairage public,Hors agglomération,Hors intersection,Pluie légère,Autre collision,,,,,,,,,,,3,1,1,2.0,6.0
201700013710,0017-02-16 00:15:00,17,2,16,0,15,180,118,22 PORT CONSCIENCE,47.06203,3.01911,Nuit sans éclairage public,En agglomération,Hors intersection,Normale,Autre collision,,,,,,,,,,,3,2,1,1.0,6.0
201700013711,0017-03-03 14:15:00,17,3,3,14,15,180,139,route des roulletins,47.06309,3.00404,Plein jour,Hors agglomération,Hors intersection,Normale,Sans collision,,,,,,,,,,,1,1,1,1.0,7.0
201700013712,0017-03-25 21:20:00,17,3,25,21,20,180,75,Route de jouet,47.0276,3.03089,Nuit avec éclairage allumé,En agglomération,Giratoire,Normale,Autre collision,,,,,,,,,,,5,2,6,1.0,6.0
201700013713,0017-04-20 18:50:00,17,4,20,18,50,180,247,Route d'Osmoy,47.04967,2.56032,Plein jour,Hors agglomération,Hors intersection,Normale,Autre collision,,,,,,,,,,,1,1,1,1.0,6.0
201700013714,0017-05-16 07:30:00,17,5,16,7,30,180,118,rue des Genièvres,47.05617,2.98228,Plein jour,En agglomération,Hors intersection,Normale,Sans collision,,,,,,,,,,,1,2,1,1.0,7.0
201700013715,0017-06-22 06:50:00,17,6,22,6,50,180,247,RD 976 - PK 41 +  600,47.03826,2.54079,Plein jour,Hors agglomération,Hors intersection,Normale,Autre collision,,,,,,,,,,,1,1,1,1.0,6.0
201700013716,0017-06-27 15:40:00,17,6,27,15,40,180,27,RD 976,47.01001,2.73199,Plein jour,Hors agglomération,Hors intersection,Normale,Deux véhicules - frontale,,,,,,,,,,,1,1,1,1.0,1.0
201700013717,0017-07-21 11:30:00,17,7,21,11,30,180,118,219 CITES HEYMAN,47.06127,3.01609,Plein jour,En agglomération,Hors intersection,Normale,Deux véhicules - frontale,,,,,,,,,,,1,2,1,1.0,1.0
201700013718,0017-08-08 19:00:00,17,8,8,19,0,180,239,D43,47.04796,2.75898,Plein jour,Hors agglomération,Hors intersection,Normale,Autre collision,,,,,,,,,,,1,1,1,1.0,6.0
201700013719,0017-09-23 16:30:00,17,9,23,16,30,180,61,Lieu-dit l'Ourosse,47.13912,2.76975,Plein jour,Hors agglomération,Hors intersection,Normale,Deux véhicules - côté,,,,,,,,,,,1,1,1,1.0,3.0
201700013720,0017-10-26 18:00:00,17,10,26,18,0,180,220,D45,47.11818,3.00864,Crépuscule ou aube,Hors agglomération,Hors intersection,Normale,Autre collision,,,,,,,,,,,2,1,1,1.0,6.0
201700013721,0017-10-27 00:01:00,17,10,27,0,1,180,247,rue de la métairie,47.04288,2.56078,Nuit sans éclairage public,En agglomération,Hors intersection,Normale,Autre collision,,,,,,,,,,,3,2,1,1.0,6.0
201700013722,0017-11-02 00:45:00,17,11,2,0,45,180,154,27 route de Nérondes,47.04117,2.86284,Nuit sans éclairage public,Hors agglomération,Hors intersection,Normale,Sans collision,,,,,,,,,,,3,1,1,1.0,7.0
201700013723,0017-11-07 17:45:00,17,11,7,17,45,180,120,D53,47.12944,2.93039,Nuit sans éclairage public,Hors agglomération,Hors intersection,Normale,Trois véhicules et plus - collisions multiples,,,,,,,,,,,3,1,1,1.0,5.0
201700013724,0017-11-30 17:30:00,17,11,30,17,30,180,174,RD 976 intersection D46,47.05952,2.50941,Nuit sans éclairage public,Hors agglomération,Intersection en X,Autre,Deux véhicules - côté,,,,,,,,,,,3,1,2,9.0,3.0
201700013725,0017-12-16 00:02:00,17,12,16,0,2,180,239,D102,47.02425,2.767,Nuit sans éclairage public,Hors agglomération,Hors intersection,Pluie légère,Autre collision,,,,,,,,,,,3,1,1,2.0,6.0
201700013726,0017-12-16 19:10:00,17,12,16,19,10,180,265,route du Chautay,46.98802,3.00237,Nuit sans éclairage public,Hors agglomération,Hors intersection,Normale,Autre collision,,,,,,,,,,,3,1,1,1.0,6.0
201700013727,0017-12-26 11:30:00,17,12,26,11,30,180,18,Le Grand Aubilly,47.02012,2.69129,Plein jour,Hors agglomération,Hors intersection,Normale,Sans collision,,,,,,,,,,,1,1,1,1.0,7.0
201700013728,0017-01-02 08:15:00,17,1,2,8,15,180,97,,,,Plein jour,Hors agglomération,Hors intersection,Autre,Deux véhicules - frontale,,,,,,,,,,,1,1,1,9.0,1.0
201700013729,0017-01-28 23:45:00,17,1,28,23,45,180,35,RN 151 PK45+000,47.12932,2.63155,Nuit sans éclairage public,Hors agglomération,Hors intersection,Autre,Autre collision,,,,,,,,,,,3,1,1,9.0,6.0
201700013730,0017-03-01 23:00:00,17,3,1,23,0,180,223,D68 route de l'étang,47.19967,2.39189,Nuit sans éclairage public,Hors agglomération,Hors intersection,Pluie forte,Autre collision,,,,,,,,,,,3,1,1,3.0,6.0
201700013731,0017-04-03 12:15:00,17,4,3,12,15,180,179,44 rue de la mairie,47.17448,2.44217,Plein jour,En agglomération,Hors intersection,Normale,Sans collision,,,,,,,,,,,1,2,1,1.0,7.0
201700013732,0017-04-10 17:05:00,17,4,10,17,5,180,211,25 Route de Charlay,47.18626,2.4173,Plein jour,En agglomération,Hors intersection,Normale,Autre collision,,,,,,,,,,,1,2,1,1.0,6.0
201700013733,0017-04-20 17:15:00,17,4,20,17,15,180,156,"RD 59 Lieu-dit ""Les Roul",47.23524,2.61657,Plein jour,Hors agglomération,Hors intersection,Normale,Autre collision,,,,,,,,,,,1,1,1,1.0,6.0
201700013734,0017-04-27 09:20:00,17,4,27,9,20,180,151,RD 59,47.22758,2.64161,Plein jour,Hors agglomération,Hors intersection,Temps couvert,Sans collision,,,,,,,,,,,1,1,1,8.0,7.0
201700013735,0017-05-23 14:30:00,17,5,23,14,30,180,253,Lieu dit Dalué,47.17409,2.49167,Plein jour,Hors agglomération,Hors intersection,Temps éblouissant,Autre collision,,,,,,,,,,,1,1,1,7.0,6.0
201700013736,0017-06-18 17:00:00,17,6,18,17,0,180,109,RD 11,47.2986,2.53698,Plein jour,Hors agglomération,Hors intersection,Normale,Sans collision,,,,,,,,,,,1,1,1,1.0,7.0
201700013737,0017-06-15 07:30:00,17,6,15,7,30,180,151,la reculée,47.22224,2.7263,Plein jour,Hors agglomération,Hors intersection,Normale,Autre collision,,,,,,,,,,,1,1,1,1.0,6.0
201700013738,0017-07-05 22:30:00,17,7,5,22,30,180,235,rue des bouvreuils,47.13359,2.54257,Nuit avec éclairage allumé,En agglomération,Hors intersection,Normale,Autre collision,,,,,,,,,,,5,2,1,1.0,6.0
201700013739,0017-07-22 09:50:00,17,7,22,9,50,180,1,route départementale 20,47.28243,2.46001,Plein jour,Hors agglomération,Hors intersection,Normale,Autre collision,,,,,,,,,,,1,1,1,1.0,6.0
201700013740,0017-08-20 16:40:00,17,8,20,16,40,180,97,RD 11,47.14375,2.43537,Plein jour,En agglomération,Hors intersection,Normale,Sans collision,,,,,,,,,,,1,2,1,1.0,7.0
201700013741,0017-08-22 19:45:00,17,8,22,19,45,180,156,LE MOULIN DE LA CROIX,47.24391,2.59732,Plein jour,Hors agglomération,Intersection en T,Normale,Deux véhicules - côté,,,,,,,,,,,1,1,3,1.0,3.0
201700013742,0017-09-18 20:45:00,17,9,18,20,45,180,145,Lieu dit Montouraine,47.20966,2.49783,Nuit sans éclairage public,Hors agglomération,Hors intersection,Normale,Sans collision,,,,,,,,,,,3,1,1,1.0,7.0
201700013743,0017-09-20 17:45:00,17,9,20,17,45,180,206,La Croix Blanche,47.14697,2.35699,Plein jour,Hors agglomération,Intersection en T,Normale,Trois véhicules et plus - collisions multiples,,,,,,,,,,,1,1,3,1.0,5.0
201700013744,0017-10-01 22:25:00,17,10,1,22,25,180,226,lieu dit le grand marais,47.13148,2.47021,Nuit sans éclairage public,Hors agglomération,Hors intersection,Pluie légère,Autre collision,,,,,,,,,,,3,1,1,2.0,6.0
201700013745,0017-11-14 12:15:00,17,11,14,12,15,180,97,intersection route de Bo,47.14237,2.435,Plein jour,Hors agglomération,Intersection en T,Normale,Deux véhicules - frontale,,,,,,,,,,,1,1,3,1.0,1.0
201700013746,0017-11-28 18:55:00,17,11,28,18,55,180,179,Route de Bourges,47.16598,2.44715,Nuit sans éclairage public,Hors agglomération,Hors intersection,Pluie légère,Trois véhicules et plus - collisions multiples,,,,,,,,,,,3,1,1,2.0,5.0
201700013747,0017-12-02 16:50:00,17,12,2,16,50,180,271,route de Pigny,47.16161,2.40299,Plein jour,Hors agglomération,Hors intersection,Temps couvert,Deux véhicules - côté,,,,,,,,,,,1,1,1,8.0,3.0
201700013748,0017-12-24 07:50:00,17,12,24,7,50,180,3,Route départementale 46,47.19303,2.57247,Nuit sans éclairage public,Hors agglomération,Hors intersection,Pluie légère,Deux véhicules - frontale,,,,,,,,,,,3,1,1,2.0,1.0
201700013749,0017-03-26 07:20:00,17,3,26,7,20,180,38,30 avenue de St Amand,46.76599,2.43469,Crépuscule ou aube,En agglomération,Hors intersection,Normale,Autre collision,,,,,,,,,,,2,2,1,1.0,6.0
201700013750,0017-03-29 18:20:00,17,3,29,18,20,180,38,6 Route d'Allichamps,46.76913,2.42942,Plein jour,En agglomération,Hors intersection,Normale,Autre collision,,,,,,,,,,,1,2,1,1.0,6.0
201700013751,0017-04-09 03:05:00,17,4,9,3,5,180,76,"carrefour D1 / D101, lie",46.68475,2.58993,Nuit sans éclairage public,Hors agglomération,Intersection en T,Normale,Sans collision,,,,,,,,,,,3,1,3,1.0,7.0
201700013752,0017-05-22 23:45:00,17,5,22,23,45,180,29,30 route de vernais,46.74752,2.77466,Nuit sans éclairage public,Hors agglomération,Hors intersection,Normale,Autre collision,,,,,,,,,,,3,1,1,1.0,6.0
201700013753,0017-08-25 11:15:00,17,8,25,11,15,180,197,le petit marçais,46.71609,2.54196,Plein jour,Hors agglomération,Hors intersection,Normale,Autre collision,,,,,,,,,,,1,1,1,1.0,6.0
201700013754,0017-08-25 21:15:00,17,8,25,21,15,180,38,d 35,46.7758,2.43204,Crépuscule ou aube,Hors agglomération,Hors intersection,Normale,Autre collision,,,,,,,,,,,2,1,1,1.0,6.0
201700013755,0017-09-16 16:30:00,17,9,16,16,30,180,42,Route de Meillant,46.76869,2.44668,Plein jour,En agglomération,Hors intersection,Pluie légère,Deux véhicules - frontale,,,,,,,,,,,1,2,1,2.0,1.0
201700013756,0017-09-27 17:55:00,17,9,27,17,55,180,197,5 Allée de la Vigne du P,46.72923,2.49567,Plein jour,En agglomération,Hors intersection,Temps éblouissant,Autre collision,,,,,,,,,,,1,2,1,7.0,6.0
201700013757,0017-01-15 09:40:00,17,1,15,9,40,180,57,"""le pointon""",46.55461,2.18695,Plein jour,Hors agglomération,Intersection en X,Pluie légère,Deux véhicules - côté,,,,,,,,,,,1,1,2,2.0,3.0
201700013758,0017-02-14 01:00:00,17,2,14,1,0,180,199,RD 14,46.84385,2.20812,Nuit sans éclairage public,Hors agglomération,Hors intersection,Pluie légère,Autre collision,,,,,,,,,,,3,1,1,2.0,6.0
201700013759,0017-03-01 20:40:00,17,3,1,20,40,180,65,10 rue des écoles,46.82197,2.1195,Nuit avec éclairage allumé,En agglomération,Hors intersection,Pluie légère,Deux véhicules - frontale,,,,,,,,,,,5,2,1,2.0,1.0
201700013760,0017-05-26 17:00:00,17,5,26,17,0,180,266,Route de Prévert,46.71055,2.20643,Plein jour,Hors agglomération,Hors intersection,Normale,Trois véhicules et plus - collisions multiples,,,,,,,,,,,1,1,1,1.0,5.0
201700013761,0017-07-04 10:00:00,17,7,4,10,0,180,127,La Chelouze,46.77326,2.22745,Plein jour,Hors agglomération,Hors intersection,Normale,Sans collision,,,,,,,,,,,1,1,1,1.0,7.0
201700013762,0017-08-18 11:20:00,17,8,18,11,20,180,57,lieu dit dargout,46.55128,2.22128,Plein jour,Hors agglomération,Hors intersection,Pluie légère,Deux véhicules - frontale,,,,,,,,,,,1,1,1,2.0,1.0
201700013763,0017-12-19 18:40:00,17,12,19,18,40,180,199,RD14,46.84366,2.2121,Nuit sans éclairage public,Hors agglomération,Hors intersection,Normale,Trois véhicules et plus - collisions multiples,,,,,,,,,,,3,1,1,1.0,5.0
201700013764,0017-12-22 13:30:00,17,12,22,13,30,180,153,voie communale de La Cou,46.74166,2.35601,Plein jour,Hors agglomération,Hors intersection,Pluie légère,Sans collision,,,,,,,,,,,1,1,1,2.0,7.0
201700013765,0017-02-21 12:00:00,17,2,21,12,0,180,201,,46.98014,2.27727,Plein jour,En agglomération,Intersection en T,Temps couvert,Deux véhicules - frontale,,,,,,,,,,,1,2,3,8.0,1.0
201700013766,0017-02-23 17:45:00,17,2,23,17,45,180,6,RD 2076,46.96366,2.55243,Plein jour,Hors agglomération,Intersection en X,Normale,Deux véhicules - arrière,,,,,,,,,,,1,1,2,1.0,2.0
201700013767,0017-03-09 07:00:00,17,3,9,7,0,180,8,RD 73 - PR 8+970,,,Crépuscule ou aube,Hors agglomération,Hors intersection,Normale,Deux véhicules - frontale,,,,,,,,,,,2,1,1,1.0,1.0
201700013768,0017-04-19 17:00:00,17,4,19,17,0,180,87,28 rue de l'ermitage,46.88798,2.5746,Plein jour,En agglomération,Intersection en T,Normale,Deux véhicules - frontale,,,,,,,,,,,1,2,3,1.0,1.0
201700013769,0017-04-20 09:30:00,17,4,20,9,30,180,40,SUR RD 2076 AU NIVEAU IN,46.92797,2.61203,Plein jour,Hors agglomération,Intersection en X,Normale,Deux véhicules - côté,,,,,,,,,,,1,1,2,1.0,3.0
201700013770,0017-04-28 20:15:00,17,4,28,20,15,180,121,Route départementale 207,46.91744,2.67131,Plein jour,Hors agglomération,Hors intersection,Temps couvert,Sans collision,,,,,,,,,,,1,1,1,8.0,7.0
201700013771,0017-05-13 19:00:00,17,5,13,19,0,180,58,rue des promenades,46.85866,2.31457,Plein jour,En agglomération,Place,Normale,Deux véhicules - côté,,,,,,,,,,,1,2,7,1.0,3.0
201700013772,0017-06-27 07:25:00,17,6,27,7,25,180,177,Route Départementale 10,46.86496,2.55648,Plein jour,Hors agglomération,Intersection en T,Normale,Autre collision,,,,,,,,,,,1,1,3,1.0,6.0
201700013773,0017-06-28 15:15:00,17,6,28,15,15,180,268,Le relais - D2144 - PK 2,46.81999,2.42516,Plein jour,Hors agglomération,Hors intersection,Normale,Autre collision,,,,,,,,,,,1,1,1,1.0,6.0
201700013774,0017-09-23 19:05:00,17,9,23,19,5,180,180,Chemin des vallées froid,47.00343,2.4449,Crépuscule ou aube,Hors agglomération,Hors intersection,Normale,Deux véhicules - frontale,,,,,,,,,,,2,1,1,1.0,1.0
201700013775,0017-12-19 17:30:00,17,12,19,17,30,180,177,RD 10 - PR 16+085,46.85138,2.55576,Nuit sans éclairage public,Hors agglomération,Intersection en X,Normale,Deux véhicules - côté,,,,,,,,,,,3,1,2,1.0,3.0
201700013776,0017-02-19 19:00:00,17,2,19,19,0,180,31,D2076 - les baudonneries,46.89485,2.73863,Nuit sans éclairage public,Hors agglomération,Intersection en T,Normale,Deux véhicules - arrière,,,,,,,,,,,3,1,3,1.0,2.0
201700013777,0017-04-02 14:00:00,17,4,2,14,0,180,175,Grande Rue,46.9306,2.78346,Plein jour,En agglomération,Hors intersection,Normale,Autre collision,,,,,,,,,,,1,2,1,1.0,6.0
201700013778,0017-04-03 13:50:00,17,4,3,13,50,180,275,LIEU-DIT LA MONTE A PEIN,46.84514,2.86908,Plein jour,Hors agglomération,Hors intersection,Normale,Trois véhicules et plus - en chaîne,,,,,,,,,,,1,1,1,1.0,4.0
201700013779,0017-04-19 21:30:00,17,4,19,21,30,180,101,"D15, route de Germigny l",46.92018,2.8989,Nuit sans éclairage public,Hors agglomération,Hors intersection,Normale,Autre collision,,,,,,,,,,,3,1,1,1.0,6.0
201700013780,0017-04-21 08:00:00,17,4,21,8,0,180,106,La Garenne,46.87263,2.93987,Plein jour,En agglomération,Hors intersection,Normale,Deux véhicules - côté,,,,,,,,,,,1,2,1,1.0,3.0
201700013781,0017-05-25 18:25:00,17,5,25,18,25,180,155,le rivage,46.81655,3.03747,Plein jour,Hors agglomération,Intersection en T,Normale,Deux véhicules - côté,,,,,,,,,,,1,1,3,1.0,3.0
201700013782,0017-05-26 15:52:00,17,5,26,15,52,180,31,RD 2076 lieux dit les ca,46.89485,2.73863,Plein jour,Hors agglomération,Hors intersection,Temps éblouissant,Deux véhicules - arrière,,,,,,,,,,,1,1,1,7.0,2.0
201700013783,0017-06-30 11:20:00,17,6,30,11,20,180,82,Départementale 45,46.96506,3.05033,Plein jour,Hors agglomération,Hors intersection,Pluie légère,Deux véhicules - frontale,,,,,,,,,,,1,1,1,2.0,1.0
201700013784,0017-07-21 13:15:00,17,7,21,13,15,180,160,Bois Clair,46.98389,2.8598,Plein jour,Hors agglomération,Hors intersection,Normale,Deux véhicules - côté,,,,,,,,,,,1,1,1,1.0,3.0
201700013785,0017-08-02 20:10:00,17,8,2,20,10,180,101,78,46.91511,2.88319,Plein jour,Hors agglomération,Hors intersection,Temps éblouissant,Sans collision,,,,,,,,,,,1,1,1,7.0,7.0
201700013786,0017-08-12 18:35:00,17,8,12,18,35,180,275,RD 2076 PK 12+800,46.84023,2.8931,Plein jour,Hors agglomération,Hors intersection,Normale,Deux véhicules - frontale,,,,,,,,,,,1,1,1,1.0,1.0
201700013787,0017-09-08 20:00:00,17,9,8,20,0,180,62,RD 50 - Route de Tortero,46.98906,2.96836,Nuit sans éclairage public,Hors agglomération,Hors intersection,Normale,Deux véhicules - frontale,,,,,,,,,,,3,1,1,1.0,1.0
201700013788,0017-09-24 00:50:00,17,9,24,0,50,180,242,Lieu-dit Les Vernes,46.8223,2.94746,Nuit sans éclairage public,Hors agglomération,Hors intersection,Normale,Autre collision,,,,,,,,,,,3,1,1,1.0,6.0
201700013789,0017-09-21 08:30:00,17,9,21,8,30,180,82,"RD 976, PK 2+600",46.97159,3.03715,Plein jour,Hors agglomération,Hors intersection,Normale,Trois véhicules et plus - collisions multiples,,,,,,,,,,,1,1,1,1.0,5.0
201700013790,0017-11-09 18:26:00,17,11,9,18,26,180,108,D916 Pk 11.000,46.94386,2.94505,Nuit sans éclairage public,Hors agglomération,Hors intersection,Normale,Autre collision,,,,,,,,,,,3,1,1,1.0,6.0
201700013791,0017-01-26 05:10:00,17,1,26,5,10,180,15,Rue Eugène Casella,47.47961,2.42833,Nuit avec éclairage allumé,En agglomération,Intersection en T,Normale,Deux véhicules - frontale,,,,,,,,,,,5,2,3,1.0,1.0
201700013792,0017-02-26 12:25:00,17,2,26,12,25,180,159,RD944,47.36822,2.15945,Plein jour,Hors agglomération,Hors intersection,Normale,Deux véhicules - frontale,,,,,,,,,,,1,1,1,1.0,1.0
201700013793,0017-03-02 07:15:00,17,3,2,7,15,180,165,Lieu dit les 4 vents,47.32733,2.23879,Crépuscule ou aube,Hors agglomération,Hors intersection,Pluie légère,Autre collision,,,,,,,,,,,2,1,1,2.0,6.0