accident_id,datetime,annee,mois,jour,heure,minute,departement,commune_insee,adresse,latitude,longitude,luminosite,agglomeration,intersection,meteo,collision,nb_vehicules,nb_usagers,nb_indemnes,nb_tues,nb_blesses_hosp,nb_blesses_legers,age_cond_1,age_cond_2,veh_type_cond_1,veh_type_cond_2,lum_code,agg_code,int_code,atm_code,col_code
201700013794,0017-03-04 09:05:00,17,3,4,9,5,180,11,RD 940,47.53453,2.44655,Plein jour,Hors agglomération,Hors intersection,Pluie forte,Trois véhicules et plus - collisions multiples,,,,,,,,,,,1,1,1,3.0,5.0
201700013795,0017-03-27 12:45:00,17,3,27,12,45,180,159,LA NARDIÈRE,47.33211,2.2307,Plein jour,Hors agglomération,Hors intersection,Normale,Autre collision,,,,,,,,,,,1,1,1,1.0,6.0
201700013796,0017-04-25 11:55:00,17,4,25,11,55,180,47,RD940,47.33801,2.431,Plein jour,Hors agglomération,Hors intersection,Pluie légère,Autre collision,,,,,,,,,,,1,1,1,2.0,6.0
201700013797,0017-05-20 20:00:00,17,5,20,20,0,180,115,D12 Lieu dit Le Colombie,47.34691,2.48008,Plein jour,Hors agglomération,Hors intersection,Normale,Sans collision,,,,,,,,,,,1,1,1,1.0,7.0
201700013798,0017-06-11 16:05:00,17,6,11,16,5,180,227,RD 923,47.52545,2.38446,Plein jour,Hors agglomération,Intersection en X,Temps éblouissant,Deux véhicules - côté,,,,,,,,,,,1,1,2,7.0,3.0
201700013799,0017-06-13 14:30:00,17,6,13,14,30,180,115,RD 926 - PK 29 + 250,47.37601,2.49638,Plein jour,Hors agglomération,Hors intersection,Normale,Sans collision,,,,,,,,,,,1,1,1,1.0,7.0
201700013800,0017-06-24 12:00:00,17,6,24,12,0,180,15,RD 923,47.48615,2.42101,Plein jour,Hors agglomération,Hors intersection,Normale,Deux véhicules - arrière,,,,,,,,,,,1,1,1,1.0,2.0
201700013801,0017-10-10 20:20:00,17,10,10,20,20,180,170,RD 89 Les Naudins,47.45759,2.50827,Nuit sans éclairage public,Hors agglomération,Hors intersection,Pluie légère,Autre collision,,,,,,,,,,,3,1,1,2.0,6.0
201700013802,0017-11-20 20:40:00,17,11,20,20,40,180,37,RD 923,47.56416,2.25802,Nuit avec éclairage allumé,En agglomération,Hors intersection,Normale,Autre collision,,,,,,,,,,,5,2,1,1.0,6.0
201700013803,0017-12-24 19:15:00,17,12,24,19,15,180,115,PR 21+400 RD 12,47.36066,2.51883,Crépuscule ou aube,Hors agglomération,Hors intersection,Pluie légère,Deux véhicules - frontale,,,,,,,,,,,2,1,1,2.0,1.0
201700013804,0017-02-23 17:30:00,17,2,23,17,30,180,5,D20,47.17537,2.24593,Crépuscule ou aube,Hors agglomération,Intersection en X,Pluie légère,Deux véhicules - côté,,,,,,,,,,,2,1,2,2.0,3.0
201700013805,0017-02-27 17:00:00,17,2,27,17,0,180,44,RD 20,47.11096,2.10517,Plein jour,Hors agglomération,Hors intersection,Vent fort / tempête,Sans collision,,,,,,,,,,,1,1,1,6.0,7.0
201700013806,0017-03-16 14:30:00,17,3,16,14,30,180,281,lieu dit le Croulas,47.19039,2.18131,Plein jour,Hors agglomération,Intersection en T,Normale,Trois véhicules et plus - collisions multiples,,,,,,,,,,,1,1,3,1.0,5.0
201700013807,0017-03-23 13:30:00,17,3,23,13,30,180,141,intersection rue Paul Be,47.14432,2.20718,Plein jour,En agglomération,Intersection en X,Pluie légère,Autre collision,,,,,,,,,,,1,2,2,2.0,6.0
201700013808,0017-04-22 18:10:00,17,4,22,18,10,180,134,33 route de Vierzon,47.13047,2.05646,Plein jour,En agglomération,Hors intersection,Normale,Deux véhicules - côté,,,,,,,,,,,1,2,1,1.0,3.0
201700013809,0017-05-20 11:10:00,17,5,20,11,10,180,148,Avenue de bel air,47.19058,2.05616,Plein jour,Hors agglomération,Hors intersection,Normale,Deux véhicules - côté,,,,,,,,,,,1,1,1,1.0,3.0
201700013810,0017-06-07 17:30:00,17,6,7,17,30,180,138,rue des ponts,47.10359,2.28428,Plein jour,En agglomération,Intersection en T,Normale,Deux véhicules - frontale,,,,,,,,,,,1,2,3,1.0,1.0
201700013811,0017-06-11 19:10:00,17,6,11,19,10,180,96,7 rue Joliot Curie,47.17703,2.16664,Plein jour,En agglomération,Hors intersection,Temps éblouissant,Sans collision,,,,,,,,,,,1,2,1,7.0,7.0
201700013812,0017-07-05 21:20:00,17,7,5,21,20,180,140,Rue Maréchal Foch,47.15355,1.9937,Crépuscule ou aube,En agglomération,Hors intersection,Normale,Autre collision,,,,,,,,,,,2,2,1,1.0,6.0
201700013813,0017-07-12 10:35:00,17,7,12,10,35,180,138,Intersection de la RD23,47.08413,2.27632,Plein jour,Hors agglomération,Intersection en T,Normale,Deux véhicules - côté,,,,,,,,,,,1,1,3,1.0,3.0
201700013814,0017-07-15 19:05:00,17,7,15,19,5,180,141,n°13 place du 14 juillet,47.1457,2.21975,Plein jour,En agglomération,Hors intersection,Normale,Autre collision,,,,,,,,,,,1,2,1,1.0,6.0
201700013815,0017-10-18 15:00:00,17,10,18,15,0,180,28,RD  2076 PK 69+300,47.13293,2.29695,Plein jour,Hors agglomération,Intersection en T,Normale,Trois véhicules et plus - collisions multiples,,,,,,,,,,,1,1,3,1.0,5.0
201700013816,0017-10-27 07:15:00,17,10,27,7,15,180,281,RD 2076,47.21136,2.13808,Nuit avec éclairage allumé,Hors agglomération,Intersection en T,Brouillard / fumée,Trois véhicules et plus - collisions multiples,,,,,,,,,,,5,1,3,5.0,5.0
201700013817,0017-12-02 22:50:00,17,12,2,22,50,180,150,Petites Quarterees,47.24135,2.00721,Nuit sans éclairage public,Hors agglomération,Hors intersection,Normale,Autre collision,,,,,,,,,,,3,1,1,1.0,6.0
201700013818,0017-04-09 17:30:00,17,4,9,17,30,730,85,D991b - Route de la Cham,45.79833,5.86241,Plein jour,Hors agglomération,Hors intersection,Normale,Deux véhicules - arrière,,,,,,,,,,,1,1,1,1.0,2.0
201700013819,0017-04-24 17:25:00,17,4,24,17,25,730,59,,45.7185,5.88654,Plein jour,En agglomération,Intersection en T,Temps éblouissant,Deux véhicules - frontale,,,,,,,,,,,1,2,3,7.0,1.0
201700013820,0017-05-12 01:00:00,17,5,12,1,0,730,103,route du revard,45.66725,5.93868,Nuit sans éclairage public,Hors agglomération,Intersection en X,Normale,Sans collision,,,,,,,,,,,3,1,2,1.0,7.0
201700013821,0017-05-27 22:00:00,17,5,27,22,0,730,128,route de l'albanais,45.71156,5.91457,Nuit sans éclairage public,Hors agglomération,Hors intersection,Normale,Deux véhicules - arrière,,,,,,,,,,,3,1,1,1.0,2.0
201700013822,0017-05-28 18:00:00,17,5,28,18,0,730,59,route de paris,45.73333,5.89009,Plein jour,Hors agglomération,Hors intersection,Normale,Sans collision,,,,,,,,,,,1,1,1,1.0,7.0
201700013823,0017-06-03 15:26:00,17,6,3,15,26,730,59,CD 991 - les oliviers,45.75527,5.87808,Plein jour,Hors agglomération,Hors intersection,Pluie légère,Deux véhicules - frontale,,,,,,,,,,,1,1,1,2.0,1.0
201700013824,0017-08-05 15:30:00,17,8,5,15,30,730,164,rd 913,45.70471,5.99778,Plein jour,Hors agglomération,Hors intersection,Normale,Autre collision,,,,,,,,,,,1,1,1,1.0,6.0
201700013825,0017-08-11 11:00:00,17,8,11,11,0,730,128,Route de l'albanais,45.72632,5.92071,Plein jour,En agglomération,Giratoire,Pluie légère,Sans collision,,,,,,,,,,,1,2,6,2.0,7.0
201700013826,0017-08-07 18:00:00,17,8,7,18,0,730,108,route des Bauges,45.73532,5.96578,Plein jour,Hors agglomération,Intersection en T,Normale,Autre collision,,,,,,,,,,,1,1,3,1.0,6.0
201700013827,0017-08-21 15:00:00,17,8,21,15,0,730,59,Boulevard Gaston Mollex,45.73276,5.8893,Plein jour,Hors agglomération,Intersection en T,Normale,Deux véhicules - côté,,,,,,,,,,,1,1,3,1.0,3.0
201700013828,0017-09-04 22:55:00,17,9,4,22,55,730,300,Bd JEAN CHARCOT,45.68346,5.89466,Nuit sans éclairage public,En agglomération,Giratoire,Normale,Autre collision,,,,,,,,,,,3,2,6,1.0,6.0
201700013829,0017-09-10 11:00:00,17,9,10,11,0,730,128,rond-point sortie A41,45.71754,5.92243,Plein jour,Hors agglomération,Giratoire,Normale,Deux véhicules - côté,,,,,,,,,,,1,1,6,1.0,3.0
201700013830,0017-09-22 17:05:00,17,9,22,17,5,730,128,route du revard,45.72142,5.93716,Plein jour,Hors agglomération,Hors intersection,Normale,Deux véhicules - côté,,,,,,,,,,,1,1,1,1.0,3.0
201700013831,0017-11-19 05:00:00,17,11,19,5,0,730,43,route des combes,45.77126,5.91283,Nuit sans éclairage public,Hors agglomération,Hors intersection,Normale,Autre collision,,,,,,,,,,,3,1,1,1.0,6.0
201700013832,0017-11-21 03:00:00,17,11,21,3,0,730,300,boulevard charcot,45.67101,5.89347,Nuit sans éclairage public,Hors agglomération,Hors intersection,Normale,Autre collision,,,,,,,,,,,3,1,1,1.0,6.0
201700013833,0017-10-14 18:25:00,17,10,14,18,25,730,236,lieu dit le truison,45.60829,5.64531,Plein jour,Hors agglomération,Hors intersection,Normale,Trois véhicules et plus - en chaîne,,,,,,,,,,,1,1,1,1.0,4.0
201700013834,0017-10-27 14:00:00,17,10,27,14,0,730,229,D1006,45.45664,5.80221,Plein jour,Hors agglomération,Hors intersection,Normale,Deux véhicules - frontale,,,,,,,,,,,1,1,1,1.0,1.0
201700013835,0017-12-15 06:50:00,17,12,15,6,50,730,282,route de chartreuse - ch,45.50254,5.84522,Nuit sans éclairage public,En agglomération,Hors intersection,Temps couvert,Autre collision,,,,,,,,,,,3,2,1,8.0,6.0
201700013836,0017-02-01 13:00:00,17,2,1,13,0,730,270,RD 201,45.57012,6.16864,Plein jour,Hors agglomération,Hors intersection,Autre,Autre collision,,,,,,,,,,,1,1,1,9.0,6.0
201700013837,0017-01-24 18:00:00,17,1,24,18,0,730,96,RD 1006,45.51814,6.09869,Nuit avec éclairage allumé,Hors agglomération,Hors intersection,Normale,Autre collision,,,,,,,,,,,5,1,1,1.0,6.0
201700013838,0017-03-30 13:15:00,17,3,30,13,15,730,151,RD 1090,45.49879,6.00041,Plein jour,En agglomération,Giratoire,Normale,Deux véhicules - côté,,,,,,,,,,,1,2,6,1.0,3.0
201700013839,0017-03-31 13:55:00,17,3,31,13,55,730,171,avenue de Savoie,45.50063,6.04943,Plein jour,En agglomération,Intersection en T,Normale,Deux véhicules - côté,,,,,,,,,,,1,2,3,1.0,3.0
201700013840,0017-07-12 11:10:00,17,7,12,11,10,730,151,RD1090,45.50508,6.00249,Plein jour,Hors agglomération,Intersection en X,Normale,Deux véhicules - frontale,,,,,,,,,,,1,1,2,1.0,1.0
201700013841,0017-08-09 15:30:00,17,8,9,15,30,730,151,RD 1090,45.49693,6.00135,Plein jour,En agglomération,Hors intersection,Normale,Trois véhicules et plus - collisions multiples,,,,,,,,,,,1,2,1,1.0,5.0
201700013842,0017-11-17 18:45:00,17,11,17,18,45,730,118,D1006,45.50576,6.03119,Nuit sans éclairage public,Hors agglomération,Hors intersection,Normale,Deux véhicules - frontale,,,,,,,,,,,3,1,1,1.0,1.0
201700013843,0017-03-30 11:40:00,17,3,30,11,40,730,123,Lieu dit les Mortines RD,45.86807,6.488,Plein jour,Hors agglomération,Hors intersection,Normale,Deux véhicules - côté,,,,,,,,,,,1,1,1,1.0,3.0
201700013844,0017-04-07 16:30:00,17,4,7,16,30,730,241,Le Villard CD 925,45.6019,6.30388,Plein jour,Hors agglomération,Hors intersection,Normale,Deux véhicules - côté,,,,,,,,,,,1,1,1,1.0,3.0
201700013845,0017-04-11 14:35:00,17,4,11,14,35,730,124,355 Avenue Georges POMPI,45.65565,6.36031,Plein jour,En agglomération,Hors intersection,Normale,Deux véhicules - côté,,,,,,,,,,,1,2,1,1.0,3.0
201700013846,0017-04-13 14:45:00,17,4,13,14,45,730,241,Route CD925,45.59779,6.29455,Plein jour,Hors agglomération,Hors intersection,Normale,Deux véhicules - arrière,,,,,,,,,,,1,1,1,1.0,2.0
201700013847,0017-04-15 12:00:00,17,4,15,12,0,730,186,D 218,45.81659,6.52362,Plein jour,Hors agglomération,Hors intersection,Normale,Autre collision,,,,,,,,,,,1,1,1,1.0,6.0
201700013848,0017-05-06 04:00:00,17,5,6,4,0,730,114,D 1212,45.82356,6.53481,Nuit sans éclairage public,Hors agglomération,Hors intersection,Normale,Autre collision,,,,,,,,,,,3,1,1,1.0,6.0
201700013849,0017-05-19 11:30:00,17,5,19,11,30,730,186,Lieu dit les Favrays,45.8046,6.54195,Plein jour,Hors agglomération,Intersection en Y,Pluie légère,Autre collision,,,,,,,,,,,1,1,4,2.0,6.0
201700013850,0017-05-29 08:50:00,17,5,29,8,50,730,268,D 66,45.60117,6.44035,Plein jour,Hors agglomération,Hors intersection,Normale,Deux véhicules - côté,,,,,,,,,,,1,1,1,1.0,3.0
201700013851,0017-05-30 17:00:00,17,5,30,17,0,730,188,RD 925,45.62016,6.33965,Plein jour,Hors agglomération,Hors intersection,Normale,Deux véhicules - frontale,,,,,,,,,,,1,1,1,1.0,1.0
201700013852,0017-06-18 15:15:00,17,6,18,15,15,730,308,RD 925,45.68797,6.40514,Plein jour,Hors agglomération,Hors intersection,Normale,Sans collision,,,,,,,,,,,1,1,1,1.0,7.0
201700013853,0017-07-09 02:30:00,17,7,9,2,30,730,188,LE PORT - RD925,45.63258,6.34637,Nuit sans éclairage public,Hors agglomération,Hors intersection,Normale,Autre collision,,,,,,,,,,,3,1,1,1.0,6.0
201700013854,0017-08-14 15:00:00,17,8,14,15,0,730,114,Lieu dit Le Jorat,45.83081,6.55238,Plein jour,Hors agglomération,Intersection en Y,Normale,Deux véhicules - frontale,,,,,,,,,,,1,1,4,1.0,1.0
201700013855,0017-08-19 13:45:00,17,8,19,13,45,730,153,route de balmes,45.73225,6.41361,Plein jour,Hors agglomération,Hors intersection,Temps éblouissant,Sans collision,,,,,,,,,,,1,1,1,7.0,7.0
201700013856,0017-08-30 16:30:00,17,8,30,16,30,730,308,RD 925,45.68976,6.41136,Plein jour,Hors agglomération,Hors intersection,Normale,Deux véhicules - côté,,,,,,,,,,,1,1,1,1.0,3.0
201700013857,0017-10-11 05:00:00,17,10,11,5,0,730,121,RD 1090,45.626,6.31944,Nuit sans éclairage public,En agglomération,Hors intersection,Brouillard / fumée,Deux véhicules - frontale,,,,,,,,,,,3,2,1,5.0,1.0
201700013858,0017-10-12 20:20:00,17,10,12,20,20,730,303,D 1212 Lieu dit Moulin R,45.76198,6.4741,Nuit sans éclairage public,Hors agglomération,Hors intersection,Normale,Deux véhicules - frontale,,,,,,,,,,,3,1,1,1.0,1.0
201700013859,0017-11-26 03:45:00,17,11,26,3,45,730,303,D 1212,45.7927,6.48654,Nuit sans éclairage public,Hors agglomération,Hors intersection,Pluie légère,Autre collision,,,,,,,,,,,3,1,1,2.0,6.0
201700013860,0017-12-16 01:40:00,17,12,16,1,40,730,124,route de tamié,45.66617,6.35611,Nuit sans éclairage public,En agglomération,Hors intersection,Neige / grêle,Autre collision,,,,,,,,,,,3,2,1,4.0,6.0
201700013861,0017-04-29 18:50:00,17,4,29,18,50,730,7,Chemin de la Carrière,45.56217,6.24785,Plein jour,En agglomération,Hors intersection,Normale,Autre collision,,,,,,,,,,,1,2,1,1.0,6.0
201700013862,0017-05-31 14:45:00,17,5,31,14,45,730,272,RD 207,45.46324,6.28925,Plein jour,Hors agglomération,Intersection en Y,Normale,Deux véhicules - côté,,,,,,,,,,,1,1,4,1.0,3.0
201700013863,0017-07-01 01:50:00,17,7,1,1,50,730,7,,45.56924,6.25682,Nuit sans éclairage public,Hors agglomération,Hors intersection,Pluie légère,Deux véhicules - arrière,,,,,,,,,,,3,1,1,2.0,2.0
201700013864,0017-07-09 09:50:00,17,7,9,9,50,730,2,grande rue,45.54208,6.30496,Plein jour,En agglomération,Hors intersection,Normale,Autre collision,,,,,,,,,,,1,2,1,1.0,6.0
201700013865,0017-08-30 17:40:00,17,8,30,17,40,730,235,route départementale 213,45.41421,6.3549,Plein jour,Hors agglomération,Hors intersection,Normale,Autre collision,,,,,,,,,,,1,1,1,1.0,6.0
201700013866,0017-10-12 18:30:00,17,10,12,18,30,730,2,grande rue,45.54411,6.29998,Plein jour,En agglomération,Hors intersection,Normale,Autre collision,,,,,,,,,,,1,2,1,1.0,6.0
201700013867,0017-12-15 17:45:00,17,12,15,17,45,730,67,"grande rue,",45.36018,6.29939,Nuit avec éclairage allumé,En agglomération,Hors intersection,Pluie légère,Autre collision,,,,,,,,,,,5,2,1,2.0,6.0
201700013868,0017-02-04 02:30:00,17,2,4,2,30,640,549,2145 ROUTE DE L'AÉROPORT,43.38542,-0.41268,Nuit avec éclairage allumé,Hors agglomération,Hors intersection,Pluie forte,Autre collision,,,,,,,,,,,5,1,1,3.0,6.0
201700013869,0017-04-06 02:40:00,17,4,6,2,40,640,519,RD 834,43.35763,-0.38011,Nuit avec éclairage allumé,Hors agglomération,Giratoire,Normale,Autre collision,,,,,,,,,,,5,1,6,1.0,6.0
201700013870,0017-04-11 13:00:00,17,4,11,13,0,640,448,RD 945,43.37118,-0.45063,Plein jour,Hors agglomération,Hors intersection,Normale,Autre collision,,,,,,,,,,,1,1,1,1.0,6.0
201700013871,0017-06-12 17:30:00,17,6,12,17,30,640,387,ROUTE D'AUBIN,43.45434,-0.43848,Plein jour,En agglomération,Hors intersection,Normale,Deux véhicules - frontale,,,,,,,,,,,1,2,1,1.0,1.0
201700013872,0017-08-23 18:50:00,17,8,23,18,50,640,37,RD 2,43.33209,-0.49038,Plein jour,Hors agglomération,Intersection en X,Normale,Deux véhicules - côté,,,,,,,,,,,1,1,2,1.0,3.0
201700013873,0017-10-07 20:30:00,17,10,7,20,30,640,448,RD 945,43.36319,-0.44557,Nuit sans éclairage public,Hors agglomération,Intersection en T,Normale,Deux véhicules - côté,,,,,,,,,,,3,1,3,1.0,3.0
201700013874,0017-12-06 18:20:00,17,12,6,18,20,640,519,CHEMIN DE DEVEZES,43.37055,-0.37619,Nuit avec éclairage allumé,En agglomération,Hors intersection,Normale,Sans collision,,,,,,,,,,,5,2,1,1.0,7.0
201700013875,0017-01-15 18:30:00,17,1,15,18,30,640,405,CD943,43.33791,-0.25329,Nuit sans éclairage public,Hors agglomération,Hors intersection,Pluie forte,Deux véhicules - frontale,,,,,,,,,,,3,1,1,3.0,1.0
201700013876,0017-03-15 20:30:00,17,3,15,20,30,640,518,RD 38,43.30657,-0.27565,Nuit sans éclairage public,Hors agglomération,Hors intersection,Normale,Trois véhicules et plus - en chaîne,,,,,,,,,,,3,1,1,1.0,4.0
201700013877,0017-03-28 17:20:00,17,3,28,17,20,640,419,CHEMIN DE LIMENDOUS,43.27222,-0.20675,Plein jour,Hors agglomération,Hors intersection,Normale,Autre collision,,,,,,,,,,,1,1,1,1.0,6.0
201700013878,0017-04-14 03:21:00,17,4,14,3,21,640,152,RD 222,43.34421,-0.32184,Nuit sans éclairage public,Hors agglomération,Hors intersection,Normale,Autre collision,,,,,,,,,,,3,1,1,1.0,6.0
201700013879,0017-04-23 11:15:00,17,4,23,11,15,640,216,CHEMIN DE LARRECQ,43.25338,-0.17701,Plein jour,Hors agglomération,Hors intersection,Normale,Deux véhicules - côté,,,,,,,,,,,1,1,1,1.0,3.0
201700013880,0017-05-16 22:30:00,17,5,16,22,30,640,405,D 943,43.32805,-0.28862,Nuit avec éclairage allumé,Hors agglomération,Hors intersection,Normale,Autre collision,,,,,,,,,,,5,1,1,1.0,6.0
201700013881,0017-06-02 12:40:00,17,6,2,12,40,640,212,RUE JOSEPH DE MARTHE,43.3052,-0.18512,Plein jour,En agglomération,Hors intersection,Normale,Deux véhicules - côté,,,,,,,,,,,1,2,1,1.0,3.0
201700013882,0017-06-14 07:45:00,17,6,14,7,45,640,159,RD 13,43.52662,-0.15461,Plein jour,En agglomération,Hors intersection,Normale,Deux véhicules - frontale,,,,,,,,,,,1,2,1,1.0,1.0
201700013883,0017-06-24 03:15:00,17,6,24,3,15,640,174,CAMI DE LAS HOUNDETTE,43.40756,-0.03442,Nuit sans éclairage public,Hors agglomération,Hors intersection,Pluie légère,Autre collision,,,,,,,,,,,3,1,1,2.0,6.0
201700013884,0017-09-30 09:00:00,17,9,30,9,0,640,238,RD 817,43.24636,-0.04006,Plein jour,Hors agglomération,Hors intersection,Pluie forte,Autre collision,,,,,,,,,,,1,1,1,3.0,6.0
201700013885,0017-10-09 07:50:00,17,10,9,7,50,640,329,RD 817,43.29435,-0.28904,Crépuscule ou aube,En agglomération,Intersection en X,Normale,Deux véhicules - frontale,,,,,,,,,,,2,2,2,1.0,1.0
201700013886,0017-10-11 19:40:00,17,10,11,19,40,640,216,RD 817,43.26013,-0.17138,Crépuscule ou aube,Hors agglomération,Hors intersection,Normale,Deux véhicules - côté,,,,,,,,,,,2,1,1,1.0,3.0
201700013887,0017-10-18 11:10:00,17,10,18,11,10,640,405,ROND POINT DU 11 NOVEMBR,43.35069,-0.25724,Plein jour,Hors agglomération,Giratoire,Temps éblouissant,Deux véhicules - frontale,,,,,,,,,,,1,1,6,7.0,1.0
201700013888,0017-02-07 07:25:00,17,2,7,7,25,640,119,RD 938,43.21768,-0.24664,Nuit sans éclairage public,Hors agglomération,Hors intersection,Pluie forte,Autre collision,,,,,,,,,,,3,1,1,3.0,6.0
201700013889,0017-03-27 17:30:00,17,3,27,17,30,640,400,IMPASSE SEGALAS,43.12623,-0.20268,Plein jour,En agglomération,Hors intersection,Normale,Sans collision,,,,,,,,,,,1,2,1,1.0,7.0
201700013890,0017-04-08 22:00:00,17,4,8,22,0,640,138,RD 937,43.25368,-0.28352,Nuit sans éclairage public,Hors agglomération,Hors intersection,Normale,Deux véhicules - frontale,,,,,,,,,,,3,1,1,1.0,1.0
201700013891,0017-04-29 21:25:00,17,4,29,21,25,640,386,RUE DES USINES,43.18582,-0.25332,Nuit sans éclairage public,En agglomération,Hors intersection,Normale,Autre collision,,,,,,,,,,,3,2,1,1.0,6.0
201700013892,0017-07-24 06:00:00,17,7,24,6,0,640,453,RD 936,43.18528,-0.13441,Crépuscule ou aube,Hors agglomération,Hors intersection,Pluie légère,Autre collision,,,,,,,,,,,2,1,1,2.0,6.0
201700013893,0017-07-28 07:25:00,17,7,28,7,25,640,292,RD 938,43.18395,-0.15524,Plein jour,Hors agglomération,Hors intersection,Normale,Sans collision,,,,,,,,,,,1,1,1,1.0,7.0
201700013894,0017-08-22 13:20:00,17,8,22,13,20,640,138,RD 938,43.24538,-0.26931,Plein jour,Hors agglomération,Hors intersection,Normale,Sans collision,,,,,,,,,,,1,1,1,1.0,7.0
201700013895,0017-09-26 07:45:00,17,9,26,7,45,640,386,RD 145,43.1941,-0.24791,Plein jour,Hors agglomération,Hors intersection,Normale,Deux véhicules - côté,,,,,,,,,,,1,1,1,1.0,3.0
201700013896,0017-09-30 14:50:00,17,9,30,14,50,640,109,RUE DES PYRENEES,43.18624,-0.23996,Plein jour,En agglomération,Giratoire,Pluie légère,Sans collision,,,,,,,,,,,1,2,6,2.0,7.0
201700013897,0017-10-12 23:30:00,17,10,12,23,30,640,453,RUE DE BARBANEGRE,43.1821,-0.12172,Nuit avec éclairage non allumé,En agglomération,Intersection en X,Normale,Deux véhicules - côté,,,,,,,,,,,4,2,2,1.0,3.0
201700013898,0017-11-21 13:15:00,17,11,21,13,15,640,417,14 RUE CLEMENCEAU,43.17892,-0.26173,Plein jour,En agglomération,Hors intersection,Normale,Autre collision,,,,,,,,,,,1,2,1,1.0,6.0
201700013899,0017-01-15 18:30:00,17,1,15,18,30,640,405,RD 39,43.43207,-0.31089,Nuit sans éclairage public,Hors agglomération,Hors intersection,Pluie forte,Autre collision,,,,,,,,,,,3,1,1,3.0,6.0
201700013900,0017-03-02 22:30:00,17,3,2,22,30,640,70,RD 834,43.44661,-0.32506,Nuit sans éclairage public,Hors agglomération,Intersection en T,Normale,Autre collision,,,,,,,,,,,3,1,3,1.0,6.0
201700013901,0017-04-08 19:34:00,17,4,8,19,34,640,536,RD 944,43.472,-0.34351,Crépuscule ou aube,En agglomération,Hors intersection,Normale,Deux véhicules - côté,,,,,,,,,,,2,2,1,1.0,3.0
201700013902,0017-05-07 14:20:00,17,5,7,14,20,640,415,40 CHEMIN RANQUOLE,43.42179,-0.34743,Plein jour,En agglomération,Hors intersection,Normale,Deux véhicules - frontale,,,,,,,,,,,1,2,1,1.0,1.0
201700013903,0017-07-05 09:35:00,17,7,5,9,35,640,233,AVENUE GEORGES PHESANS,43.55913,-0.27403,Plein jour,En agglomération,Hors intersection,Temps éblouissant,Autre collision,,,,,,,,,,,1,2,1,7.0,6.0
201700013904,0017-08-16 17:30:00,17,8,16,17,30,640,406,RD 946,43.49324,-0.57393,Plein jour,Hors agglomération,Hors intersection,Normale,Autre collision,,,,,,,,,,,1,1,1,1.0,6.0
201700013905,0017-11-03 17:15:00,17,11,3,17,15,640,455,RD 130,43.57969,-0.16735,Plein jour,Hors agglomération,Intersection en X,Normale,Deux véhicules - côté,,,,,,,,,,,1,1,2,1.0,3.0
201700013906,0017-03-12 14:05:00,17,3,12,14,5,640,256,lieu dit '' TOKI ONA '',43.40699,-1.3117,Plein jour,Hors agglomération,Intersection en X,Pluie forte,Deux véhicules - côté,,,,,,,,,,,1,1,2,3.0,3.0
201700013907,0017-04-25 11:45:00,17,4,25,11,45,640,123,ROUTE DE ST PALAIS,43.48157,-1.14395,Plein jour,En agglomération,Autre intersection,Temps couvert,Autre collision,,,,,,,,,,,1,2,9,8.0,6.0
201700013908,0017-06-27 11:00:00,17,6,27,11,0,640,134,Chemin intxaurmendi,43.36604,-1.27241,Plein jour,Hors agglomération,Hors intersection,Normale,Sans collision,,,,,,,,,,,1,1,1,1.0,7.0
201700013909,0017-07-20 16:00:00,17,7,20,16,0,640,289,Route de Pessarou,43.42507,-1.25329,Plein jour,En agglomération,Autre intersection,Normale,Sans collision,,,,,,,,,,,1,2,9,1.0,7.0
201700013910,0017-07-27 19:55:00,17,7,27,19,55,640,256,RD22 ROUTE DE CAMBO,43.38256,-1.31988,Plein jour,Hors agglomération,Hors intersection,Normale,Deux véhicules - frontale,,,,,,,,,,,1,1,1,1.0,1.0
201700013911,0017-08-26 12:30:00,17,8,26,12,30,640,546,Route d'urcuit,43.48979,-1.30187,Plein jour,Hors agglomération,Hors intersection,Normale,Deux véhicules - frontale,,,,,,,,,,,1,1,1,1.0,1.0
201700013912,0017-09-06 10:25:00,17,9,6,10,25,640,161,RD 19,43.5031,-1.11667,Plein jour,Hors agglomération,Hors intersection,Pluie légère,Autre collision,,,,,,,,,,,1,1,1,2.0,6.0
201700013913,0017-11-05 07:25:00,17,11,5,7,25,640,256,RD 10 QUARTIER URCURAY,43.36662,-1.36295,Crépuscule ou aube,En agglomération,Hors intersection,Pluie légère,Deux véhicules - frontale,,,,,,,,,,,2,2,1,2.0,1.0
201700013914,0017-12-01 17:30:00,17,12,1,17,30,640,256,rue Jean Lissar,43.38358,-1.30655,Plein jour,En agglomération,Hors intersection,Pluie légère,Autre collision,,,,,,,,,,,1,2,1,2.0,6.0
201700013915,0017-12-07 06:55:00,17,12,7,6,55,640,123,Route de Guiche,43.48977,-1.15946,Nuit sans éclairage public,Hors agglomération,Hors intersection,Autre,Autre collision,,,,,,,,,,,3,1,1,9.0,6.0