accident_id,datetime,annee,mois,jour,heure,minute,departement,commune_insee,adresse,latitude,longitude,luminosite,agglomeration,intersection,meteo,collision,nb_vehicules,nb_usagers,nb_indemnes,nb_tues,nb_blesses_hosp,nb_blesses_legers,age_cond_1,age_cond_2,veh_type_cond_1,veh_type_cond_2,lum_code,agg_code,int_code,atm_code,col_code
201700014159,0017-03-14 15:00:00,17,3,14,15,0,600,188,RN 31,49.40362,2.99961,Plein jour,En agglomération,Hors intersection,Normale,Deux véhicules - côté,,,,,,,,,,,1,2,1,1.0,3.0
201700014160,0017-03-30 14:45:00,17,3,30,14,45,600,492,rue Ceszlaw Barski,49.51153,2.94466,Plein jour,Hors agglomération,Hors intersection,Temps éblouissant,Autre collision,,,,,,,,,,,1,1,1,7.0,6.0
201700014161,0017-04-02 18:45:00,17,4,2,18,45,600,636,rue kébémer,49.48187,2.87727,Plein jour,En agglomération,Hors intersection,Normale,Sans collision,,,,,,,,,,,1,2,1,1.0,7.0
201700014162,0017-04-12 14:05:00,17,4,12,14,5,600,188,rue du pont chevalier,49.39618,3.0043,Plein jour,En agglomération,Giratoire,Normale,Deux véhicules - côté,,,,,,,,,,,1,2,6,1.0,3.0
201700014163,0017-05-13 22:00:00,17,5,13,22,0,600,151,CD 130,49.44931,2.90712,Nuit sans éclairage public,Hors agglomération,Hors intersection,Normale,Autre collision,,,,,,,,,,,3,1,1,1.0,6.0
201700014164,0017-06-13 08:10:00,17,6,13,8,10,600,537,D1032,49.51849,2.9254,Plein jour,Hors agglomération,Hors intersection,Normale,Deux véhicules - côté,,,,,,,,,,,1,1,1,1.0,3.0
201700014165,0017-06-27 16:15:00,17,6,27,16,15,600,119,1096 RUE NATIONALE,49.49753,2.89793,Plein jour,En agglomération,Hors intersection,Normale,Autre collision,,,,,,,,,,,1,2,1,1.0,6.0
201700014166,0017-07-09 15:00:00,17,7,9,15,0,600,537,rue du chateau,49.52577,2.93107,Plein jour,Hors agglomération,Hors intersection,Normale,Autre collision,,,,,,,,,,,1,1,1,1.0,6.0
201700014167,0017-08-13 00:55:00,17,8,13,0,55,600,273,RD 1032,49.47301,2.83454,Nuit sans éclairage public,Hors agglomération,Hors intersection,Normale,Autre collision,,,,,,,,,,,3,1,1,1.0,6.0
201700014168,0017-08-22 14:20:00,17,8,22,14,20,600,156,66 rue de la République,49.44253,2.86178,Plein jour,En agglomération,Intersection en X,Normale,Deux véhicules - frontale,,,,,,,,,,,1,2,2,1.0,1.0
201700014169,0017-09-03 09:15:00,17,9,3,9,15,600,647,chemin de foret,49.39946,2.96592,Plein jour,Hors agglomération,Hors intersection,Normale,Autre collision,,,,,,,,,,,1,1,1,1.0,6.0
201700014170,0017-09-16 17:20:00,17,9,16,17,20,600,492,ruelle mélique,49.51565,2.95401,Plein jour,En agglomération,Hors intersection,Normale,Deux véhicules - frontale,,,,,,,,,,,1,2,1,1.0,1.0
201700014171,0017-10-06 17:20:00,17,10,6,17,20,600,537,rue de Paris,49.50966,2.92227,Plein jour,En agglomération,Intersection en T,Temps éblouissant,Deux véhicules - frontale,,,,,,,,,,,1,2,3,7.0,1.0
201700014172,0017-11-04 19:15:00,17,11,4,19,15,600,150,D599,49.54295,2.98251,Nuit sans éclairage public,Hors agglomération,Hors intersection,Pluie légère,Autre collision,,,,,,,,,,,3,1,1,2.0,6.0
201700014173,0017-12-22 20:45:00,17,12,22,20,45,600,156,249 rue de la république,49.43067,2.83664,Nuit avec éclairage allumé,En agglomération,Hors intersection,Pluie légère,Autre collision,,,,,,,,,,,5,2,1,2.0,6.0
201700014174,0017-01-06 10:10:00,17,1,6,10,10,600,471,Boulevard Carnot,49.57831,2.99485,Plein jour,En agglomération,Hors intersection,Normale,Autre collision,,,,,,,,,,,1,2,1,1.0,6.0
201700014175,0017-01-12 17:35:00,17,1,12,17,35,600,189,rue de la ramée,49.53048,3.09792,Nuit avec éclairage allumé,En agglomération,Hors intersection,Pluie forte,Autre collision,,,,,,,,,,,5,2,1,3.0,6.0
201700014176,0017-02-01 14:45:00,17,2,1,14,45,600,471,305 Rue de Chauny,49.57979,3.01528,Plein jour,En agglomération,Hors intersection,Temps couvert,Autre collision,,,,,,,,,,,1,2,1,8.0,6.0
201700014177,0017-02-03 14:05:00,17,2,3,14,5,600,471,boulevard Ernest Noël,49.579,3.00619,Plein jour,En agglomération,Hors intersection,Normale,Autre collision,,,,,,,,,,,1,2,1,1.0,6.0
201700014178,0017-03-02 09:30:00,17,3,2,9,30,600,471,Boulevard Sarazin,49.57876,3.00484,Plein jour,En agglomération,Hors intersection,Normale,Autre collision,,,,,,,,,,,1,2,1,1.0,6.0
201700014179,0017-03-25 18:30:00,17,3,25,18,30,600,471,20 RUE MARCEAU,49.57596,2.99964,Plein jour,En agglomération,Hors intersection,Normale,Autre collision,,,,,,,,,,,1,2,1,1.0,6.0
201700014180,0017-04-13 00:01:00,17,4,13,0,1,600,471,132 Rue Franklin,49.57492,3.00869,Nuit sans éclairage public,En agglomération,Intersection en T,Normale,Autre collision,,,,,,,,,,,3,2,3,1.0,6.0
201700014181,0017-04-30 16:55:00,17,4,30,16,55,600,471,D932,49.56828,2.98165,Plein jour,Hors agglomération,Hors intersection,Normale,Autre collision,,,,,,,,,,,1,1,1,1.0,6.0
201700014182,0017-05-07 08:40:00,17,5,7,8,40,600,381,Lieu-dit Le Pavé,49.66271,2.8635,Plein jour,En agglomération,Intersection en X,Pluie légère,Deux véhicules - côté,,,,,,,,,,,1,2,2,2.0,3.0
201700014183,0017-05-12 16:45:00,17,5,12,16,45,600,471,boulevard carnot,49.5781,2.99506,Plein jour,En agglomération,Autre intersection,Pluie légère,Deux véhicules - frontale,,,,,,,,,,,1,2,9,2.0,1.0
201700014184,0017-05-17 01:00:00,17,5,17,1,0,600,488,D1032,49.5613,2.96852,Nuit sans éclairage public,Hors agglomération,Hors intersection,Normale,Autre collision,,,,,,,,,,,3,1,1,1.0,6.0
201700014185,0017-06-20 18:15:00,17,6,20,18,15,600,21,Départementale 575,49.58802,3.12112,Plein jour,Hors agglomération,Hors intersection,Normale,Deux véhicules - frontale,,,,,,,,,,,1,1,1,1.0,1.0
201700014186,0017-08-22 19:00:00,17,8,22,19,0,600,350,Rue de la croix  Saint,49.59263,2.84699,Plein jour,Hors agglomération,Intersection en X,Normale,Deux véhicules - côté,,,,,,,,,,,1,1,2,1.0,3.0
201700014187,0017-09-02 16:45:00,17,9,2,16,45,600,126,Chemin de foret,49.54964,2.89326,Plein jour,Hors agglomération,Hors intersection,Normale,Deux véhicules - frontale,,,,,,,,,,,1,1,1,1.0,1.0
201700014188,0017-09-12 07:45:00,17,9,12,7,45,600,506,rue du mont renaud,49.56732,2.98707,Plein jour,En agglomération,Hors intersection,Pluie légère,Deux véhicules - frontale,,,,,,,,,,,1,2,1,2.0,1.0
201700014189,0017-09-18 02:30:00,17,9,18,2,30,600,507,D934,49.54695,3.05844,Nuit sans éclairage public,Hors agglomération,Hors intersection,Brouillard / fumée,Sans collision,,,,,,,,,,,3,1,1,5.0,7.0
201700014190,0017-12-06 02:10:00,17,12,6,2,10,600,488,D 1032,49.56455,2.96999,Nuit sans éclairage public,Hors agglomération,Hors intersection,Normale,Deux véhicules - frontale,,,,,,,,,,,3,1,1,1.0,1.0
201700014191,0017-01-16 03:40:00,17,1,16,3,40,600,318,CD 20 - PK 35,49.3276,2.64605,Nuit sans éclairage public,Hors agglomération,Hors intersection,Pluie légère,Autre collision,,,,,,,,,,,3,1,1,2.0,6.0
201700014192,0017-03-04 01:00:00,17,3,4,1,0,600,408,intersection RD 122 - RD,49.48016,2.74908,Nuit sans éclairage public,Hors agglomération,Intersection en X,Pluie légère,Autre collision,,,,,,,,,,,3,1,2,2.0,6.0
201700014193,0017-05-27 16:45:00,17,5,27,16,45,600,318,Face à la mairei / rue d,49.34379,2.64126,Plein jour,En agglomération,Hors intersection,Normale,Autre collision,,,,,,,,,,,1,2,1,1.0,6.0
201700014194,0017-08-29 01:15:00,17,8,29,1,15,600,318,Départementale CD 200,49.32324,2.66,Nuit sans éclairage public,Hors agglomération,Hors intersection,Normale,Sans collision,,,,,,,,,,,3,1,1,1.0,7.0
201700014195,0017-09-24 15:50:00,17,9,24,15,50,600,408,D935,49.47453,2.75376,Plein jour,Hors agglomération,Hors intersection,Normale,Sans collision,,,,,,,,,,,1,1,1,1.0,7.0
201700014196,0017-09-30 22:00:00,17,9,30,22,0,600,531,D 36,49.43279,2.67043,Nuit sans éclairage public,Hors agglomération,Hors intersection,Normale,Autre collision,,,,,,,,,,,3,1,1,1.0,6.0
201700014197,0017-10-03 11:15:00,17,10,3,11,15,600,533,Rue des écoles,49.54024,2.74528,Plein jour,En agglomération,Intersection en T,Normale,Autre collision,,,,,,,,,,,1,2,3,1.0,6.0
201700014198,0017-11-01 09:15:00,17,11,1,9,15,600,24,Nationale 1031,49.4013,2.69567,Plein jour,Hors agglomération,Autre intersection,Normale,Deux véhicules - côté,,,,,,,,,,,1,1,9,1.0,3.0
201700014199,0017-11-05 01:45:00,17,11,5,1,45,600,149,Lieu-Dit Le Quesnoy,49.33019,2.6714,Nuit sans éclairage public,Hors agglomération,Hors intersection,Pluie légère,Sans collision,,,,,,,,,,,3,1,1,2.0,7.0
201700014200,0017-11-07 08:00:00,17,11,7,8,0,600,337,D80,49.43708,2.76146,Crépuscule ou aube,Hors agglomération,Hors intersection,Temps éblouissant,Deux véhicules - frontale,,,,,,,,,,,2,1,1,7.0,1.0
201700014201,0017-04-20 18:20:00,17,4,20,18,20,600,600,RD123,49.3081,2.75206,Plein jour,En agglomération,Hors intersection,Normale,Sans collision,,,,,,,,,,,1,2,1,1.0,7.0
201700014202,0017-05-06 13:09:00,17,5,6,13,9,600,509,rue du 8 mai 1945,49.29233,2.60213,Plein jour,En agglomération,Intersection en T,Pluie légère,Deux véhicules - frontale,,,,,,,,,,,1,2,3,2.0,1.0
201700014203,0017-05-06 16:55:00,17,5,6,16,55,600,509,41 rue de la République,49.30546,2.60427,Plein jour,En agglomération,Hors intersection,Pluie légère,Autre collision,,,,,,,,,,,1,2,1,2.0,6.0
201700014204,0017-05-12 08:50:00,17,5,12,8,50,600,560,grande rue,49.23358,2.72772,Plein jour,En agglomération,Hors intersection,Normale,Deux véhicules - côté,,,,,,,,,,,1,2,1,1.0,3.0
201700014205,0017-06-05 17:00:00,17,6,5,17,0,600,560,Intersection D100 - D113,49.2353,2.72834,Plein jour,Hors agglomération,Intersection en Y,Normale,Deux véhicules - côté,,,,,,,,,,,1,1,4,1.0,3.0
201700014206,0017-06-15 15:50:00,17,6,15,15,50,600,509,76 Rue Charles Lescot,49.29994,2.60542,Plein jour,En agglomération,Hors intersection,Normale,Autre collision,,,,,,,,,,,1,2,1,1.0,6.0
201700014207,0017-08-28 12:44:00,17,8,28,12,44,600,238,RD 1017,49.26215,2.59244,Plein jour,Hors agglomération,Hors intersection,Normale,Deux véhicules - côté,,,,,,,,,,,1,1,1,1.0,3.0
201700014208,0017-08-30 16:00:00,17,8,30,16,0,600,667,Départementale 123,49.30981,2.72704,Plein jour,Hors agglomération,Hors intersection,Normale,Deux véhicules - frontale,,,,,,,,,,,1,1,1,1.0,1.0
201700014209,0017-09-11 17:00:00,17,9,11,17,0,600,66,D332,49.28168,2.8776,Plein jour,En agglomération,Hors intersection,Pluie légère,Autre collision,,,,,,,,,,,1,2,1,2.0,6.0
201700014210,0017-09-16 01:47:00,17,9,16,1,47,600,66,PLACE DE L'ÉGLISE,49.28465,2.87778,Nuit sans éclairage public,En agglomération,Hors intersection,Normale,Autre collision,,,,,,,,,,,3,2,1,1.0,6.0
201700014211,0017-11-02 20:00:00,17,11,2,20,0,600,509,avenue d'auvelais,49.31091,2.60584,Nuit avec éclairage allumé,En agglomération,Hors intersection,Normale,Deux véhicules - frontale,,,,,,,,,,,5,2,1,1.0,1.0
201700014212,0017-11-19 13:30:00,17,11,19,13,30,600,509,Chemin de l'halage,49.30309,2.5929,Plein jour,En agglomération,Hors intersection,Normale,Autre collision,,,,,,,,,,,1,2,1,1.0,6.0
201700014213,0017-01-09 01:20:00,17,1,9,1,20,90,283,RD 719,42.73192,1.80787,Nuit sans éclairage public,Hors agglomération,Hors intersection,Brouillard / fumée,Autre collision,,,,,,,,,,,3,1,1,5.0,6.0
201700014214,0017-01-12 07:50:00,17,1,12,7,50,90,32,6er bazerques - RD 222,42.70847,1.83408,Crépuscule ou aube,En agglomération,Hors intersection,Normale,Autre collision,,,,,,,,,,,2,2,1,1.0,6.0
201700014215,0017-01-19 09:40:00,17,1,19,9,40,90,326,RN 20 - PK 67,42.77046,1.73293,Plein jour,Hors agglomération,Hors intersection,Normale,Autre collision,,,,,,,,,,,1,1,1,1.0,6.0
201700014216,0017-02-19 21:50:00,17,2,19,21,50,90,326,La Remise,42.77181,1.71538,Nuit avec éclairage allumé,En agglomération,Hors intersection,Normale,Autre collision,,,,,,,,,,,5,2,1,1.0,6.0
201700014217,0017-03-18 11:10:00,17,3,18,11,10,90,189,RN20 - PR 84+800,42.68329,1.82696,Plein jour,Hors agglomération,Hors intersection,Normale,Sans collision,,,,,,,,,,,1,1,1,1.0,7.0
201700014218,0017-03-18 19:15:00,17,3,18,19,15,90,283,RN20 PK 77+300,42.7291,1.81743,Nuit sans éclairage public,Hors agglomération,Hors intersection,Normale,Autre collision,,,,,,,,,,,3,1,1,1.0,6.0
201700014219,0017-03-28 17:10:00,17,3,28,17,10,90,53,D20 - PK 24+105,42.7683,1.79258,Plein jour,Hors agglomération,Hors intersection,Normale,Autre collision,,,,,,,,,,,1,1,1,1.0,6.0
201700014220,0017-04-20 08:55:00,17,4,20,8,55,90,32,lieu dit la calmeraie,42.72265,1.84912,Plein jour,Hors agglomération,Hors intersection,Normale,Deux véhicules - côté,,,,,,,,,,,1,1,1,1.0,3.0
201700014221,0017-06-01 18:30:00,17,6,1,18,30,90,32,D613 - pk 17+800,42.72259,1.84195,Plein jour,Hors agglomération,Hors intersection,Normale,Deux véhicules - frontale,,,,,,,,,,,1,1,1,1.0,1.0
201700014222,0017-08-01 02:00:00,17,8,1,2,0,90,283,RN2020,42.7272,1.82916,Nuit avec éclairage allumé,Hors agglomération,Hors intersection,Normale,Trois véhicules et plus - collisions multiples,,,,,,,,,,,5,1,1,1.0,5.0
201700014223,0017-09-02 16:50:00,17,9,2,16,50,90,318,,42.75118,1.77208,Plein jour,Hors agglomération,Hors intersection,Normale,Autre collision,,,,,,,,,,,1,1,1,1.0,6.0
201700014224,0017-12-12 10:50:00,17,12,12,10,50,90,189,RN 20 PK 85,42.68185,1.82837,Plein jour,Hors agglomération,Hors intersection,Neige / grêle,Deux véhicules - frontale,,,,,,,,,,,1,1,1,4.0,1.0
201700014225,0017-12-13 15:30:00,17,12,13,15,30,90,228,PK 75+100 RN20,42.73528,1.79166,Plein jour,Hors agglomération,Hors intersection,Normale,Deux véhicules - frontale,,,,,,,,,,,1,1,1,1.0,1.0
201700014226,0017-12-18 14:30:00,17,12,18,14,30,90,139,Intersection RN320 et RN,42.5752,1.79278,Plein jour,Hors agglomération,Hors intersection,Neige / grêle,Autre collision,,,,,,,,,,,1,1,1,4.0,6.0
201700014227,0017-12-23 17:20:00,17,12,23,17,20,90,32,Route National 20 PK 84+,42.68681,1.82343,Plein jour,Hors agglomération,Hors intersection,Autre,Deux véhicules - frontale,,,,,,,,,,,1,1,1,9.0,1.0
201700014228,0017-12-23 16:15:00,17,12,23,16,15,90,32,avenue docteur gomma,42.71684,1.84049,Plein jour,En agglomération,Hors intersection,Normale,Autre collision,,,,,,,,,,,1,2,1,1.0,6.0
201700014229,0017-01-01 07:00:00,17,1,1,7,0,90,264,,43.03203,1.61899,Nuit sans éclairage public,Hors agglomération,Hors intersection,Normale,Autre collision,,,,,,,,,,,3,1,1,1.0,6.0
201700014230,0017-01-21 00:10:00,17,1,21,0,10,90,81,d11,43.13941,1.68825,Nuit sans éclairage public,Hors agglomération,Hors intersection,Normale,Sans collision,,,,,,,,,,,3,1,1,1.0,7.0
201700014231,0017-01-22 18:30:00,17,1,22,18,30,90,312,CD 119,43.09313,1.68919,Nuit sans éclairage public,Hors agglomération,Hors intersection,Pluie légère,Trois véhicules et plus - collisions multiples,,,,,,,,,,,3,1,1,2.0,5.0
201700014232,0017-01-31 13:45:00,17,1,31,13,45,90,312,D119,43.09244,1.68116,Plein jour,Hors agglomération,Hors intersection,Normale,Deux véhicules - frontale,,,,,,,,,,,1,1,1,1.0,1.0
201700014233,0017-02-19 11:30:00,17,2,19,11,30,90,339,D29,43.16418,1.63598,Plein jour,Hors agglomération,Hors intersection,Normale,Sans collision,,,,,,,,,,,1,1,1,1.0,7.0
201700014234,0017-03-06 14:25:00,17,3,6,14,25,90,265,70 Avenue des Pyrénées,43.08465,1.62874,Plein jour,En agglomération,Hors intersection,Vent fort / tempête,Autre collision,,,,,,,,,,,1,2,1,6.0,6.0
201700014235,0017-05-07 05:00:00,17,5,7,5,0,90,238,CD 119,43.09351,1.7164,Nuit avec éclairage allumé,Hors agglomération,Hors intersection,Normale,Autre collision,,,,,,,,,,,5,1,1,1.0,6.0
201700014236,0017-06-12 01:30:00,17,6,12,1,30,90,137,route départementale 13,43.02357,1.66378,Nuit sans éclairage public,Hors agglomération,Hors intersection,Normale,Autre collision,,,,,,,,,,,3,1,1,1.0,6.0
201700014237,0017-08-24 01:00:00,17,8,24,1,0,90,332,10 avenue de la Halte,43.08051,1.63931,Nuit avec éclairage allumé,En agglomération,Hors intersection,Normale,Autre collision,,,,,,,,,,,5,2,1,1.0,6.0
201700014238,0017-09-01 16:50:00,17,9,1,16,50,90,324,Route du courbas,43.05626,1.64536,Plein jour,En agglomération,Hors intersection,Normale,Autre collision,,,,,,,,,,,1,2,1,1.0,6.0
201700014239,0017-09-27 14:00:00,17,9,27,14,0,90,312,RD 29,43.10096,1.6544,Plein jour,Hors agglomération,Hors intersection,Normale,Sans collision,,,,,,,,,,,1,1,1,1.0,7.0
201700014240,0017-10-20 11:50:00,17,10,20,11,50,90,324,D12,43.06405,1.63862,Plein jour,Hors agglomération,Hors intersection,Normale,Deux véhicules - côté,,,,,,,,,,,1,1,1,1.0,3.0
201700014241,0017-11-02 18:15:00,17,11,2,18,15,90,264,RN20,43.03133,1.61868,Nuit sans éclairage public,Hors agglomération,Hors intersection,Normale,Autre collision,,,,,,,,,,,3,1,1,1.0,6.0
201700014242,0017-11-29 15:20:00,17,11,29,15,20,90,264,D 624,43.03387,1.62045,Plein jour,Hors agglomération,Hors intersection,Pluie forte,Sans collision,,,,,,,,,,,1,1,1,3.0,7.0
201700014243,0017-02-26 03:30:00,17,2,26,3,30,90,299,D3,42.90535,1.21154,Nuit sans éclairage public,Hors agglomération,Hors intersection,Normale,Autre collision,,,,,,,,,,,3,1,1,1.0,6.0
201700014244,0017-04-23 18:25:00,17,4,23,18,25,90,223,RD 3,42.8851,1.21502,Plein jour,Hors agglomération,Hors intersection,Normale,Deux véhicules - frontale,,,,,,,,,,,1,1,1,1.0,1.0
201700014245,0017-05-28 15:30:00,17,5,28,15,30,90,29,Lieu-dit coumebières,42.79395,1.37524,Plein jour,Hors agglomération,Hors intersection,Normale,Sans collision,,,,,,,,,,,1,1,1,1.0,7.0
201700014246,0017-09-15 14:30:00,17,9,15,14,30,90,148,cd 134,43.03763,1.01338,Plein jour,Hors agglomération,Hors intersection,Normale,Autre collision,,,,,,,,,,,1,1,1,1.0,6.0
201700014247,0017-01-03 11:40:00,17,1,3,11,40,830,12,6 PLACE MARTIN FERDINAND,43.55906,6.0042,Plein jour,En agglomération,Place,Normale,Autre collision,,,,,,,,,,,1,2,7,1.0,6.0
201700014248,0017-04-13 16:45:00,17,4,13,16,45,830,39,RD 554,43.50846,6.01846,Plein jour,En agglomération,Hors intersection,Normale,Deux véhicules - frontale,,,,,,,,,,,1,2,1,1.0,1.0
201700014249,0017-05-12 12:45:00,17,5,12,12,45,830,12,RD 554,43.55242,5.98768,Plein jour,Hors agglomération,Hors intersection,Normale,Autre collision,,,,,,,,,,,1,1,1,1.0,6.0
201700014250,0017-05-21 17:05:00,17,5,21,17,5,830,135,1026 rte de fox amphoux,43.59333,6.04868,Plein jour,Hors agglomération,Hors intersection,Normale,Sans collision,,,,,,,,,,,1,1,1,1.0,7.0
201700014251,0017-06-02 19:30:00,17,6,2,19,30,830,95,RD 554,43.5508,6.06266,Crépuscule ou aube,Hors agglomération,Hors intersection,Normale,Autre collision,,,,,,,,,,,2,1,1,1.0,6.0
201700014252,0017-06-03 05:50:00,17,6,3,5,50,830,12,RD 560,43.55242,5.98768,Crépuscule ou aube,Hors agglomération,Hors intersection,Normale,Autre collision,,,,,,,,,,,2,1,1,1.0,6.0
201700014253,0017-06-07 11:55:00,17,6,7,11,55,830,32,ROUTE DÉPARTEMENTALE 45,43.47163,6.17563,Plein jour,Hors agglomération,Hors intersection,Normale,Autre collision,,,,,,,,,,,1,1,1,1.0,6.0
201700014254,0017-06-09 11:45:00,17,6,9,11,45,830,32,Route de Cabasse D13,43.46379,6.21154,Plein jour,En agglomération,Hors intersection,Normale,Sans collision,,,,,,,,,,,1,2,1,1.0,7.0
201700014255,0017-06-21 06:00:00,17,6,21,6,0,830,25,ROUTE DÉPARTEMENTALE 35,43.52754,5.93703,Plein jour,Hors agglomération,Hors intersection,Normale,Autre collision,,,,,,,,,,,1,1,1,1.0,6.0
201700014256,0017-06-23 18:34:00,17,6,23,18,34,830,12,ancienne route de varage,43.56845,5.99599,Plein jour,Hors agglomération,Hors intersection,Normale,Autre collision,,,,,,,,,,,1,1,1,1.0,6.0
201700014257,0017-07-09 13:10:00,17,7,9,13,10,830,84,,43.64841,6.06125,Plein jour,Hors agglomération,Hors intersection,Normale,Autre collision,,,,,,,,,,,1,1,1,1.0,6.0
201700014258,0017-07-26 19:20:00,17,7,26,19,20,830,51,RD31,43.50524,6.22959,Crépuscule ou aube,Hors agglomération,Hors intersection,Normale,Deux véhicules - frontale,,,,,,,,,,,2,1,1,1.0,1.0
201700014259,0017-08-05 23:45:00,17,8,5,23,45,830,83,RD 22,43.48108,6.12509,Nuit sans éclairage public,Hors agglomération,Hors intersection,Normale,Autre collision,,,,,,,,,,,3,1,1,1.0,6.0
201700014260,0017-09-01 13:09:00,17,9,1,13,9,830,136,intersection département,43.48587,6.2161,Plein jour,Hors agglomération,Autre intersection,Normale,Deux véhicules - côté,,,,,,,,,,,1,1,9,1.0,3.0
201700014261,0017-10-11 16:30:00,17,10,11,16,30,830,12,RD 554,43.55242,5.98768,Plein jour,Hors agglomération,Hors intersection,Normale,Deux véhicules - côté,,,,,,,,,,,1,1,1,1.0,3.0
201700014262,0017-11-01 17:00:00,17,11,1,17,0,830,32,Route de Cabasse - D13,43.46379,6.21154,Plein jour,Hors agglomération,Hors intersection,Normale,Sans collision,,,,,,,,,,,1,1,1,1.0,7.0
201700014263,0017-11-12 11:20:00,17,11,12,11,20,830,95,"RD560, quartier rognette",43.55577,6.1007,Plein jour,Hors agglomération,Hors intersection,Normale,Sans collision,,,,,,,,,,,1,1,1,1.0,7.0
201700014264,0017-11-25 07:00:00,17,11,25,7,0,830,60,D60,43.597,6.10439,Crépuscule ou aube,Hors agglomération,Hors intersection,Normale,Autre collision,,,,,,,,,,,2,1,1,1.0,6.0
201700014265,0017-11-29 15:30:00,17,11,29,15,30,830,60,RD 13,,,Plein jour,Hors agglomération,Hors intersection,Normale,Autre collision,,,,,,,,,,,1,1,1,1.0,6.0
201700014266,0017-12-06 17:40:00,17,12,6,17,40,830,32,RD562 PR10+600,43.47027,6.17104,Nuit sans éclairage public,En agglomération,Hors intersection,Normale,Deux véhicules - frontale,,,,,,,,,,,3,2,1,1.0,1.0
201700014267,0017-12-27 14:30:00,17,12,27,14,30,830,25,avenue de Saint-Maximin,43.52727,5.94464,Plein jour,En agglomération,Hors intersection,Pluie légère,Deux véhicules - frontale,,,,,,,,,,,1,2,1,2.0,1.0
201700014268,0017-07-08 17:20:00,17,7,8,17,20,830,7,route de moissac,43.63321,6.21422,Plein jour,Hors agglomération,Hors intersection,Normale,Deux véhicules - côté,,,,,,,,,,,1,1,1,1.0,3.0
201700014269,0017-07-19 15:50:00,17,7,19,15,50,830,7,route de fox amphoux,43.62211,6.20089,Plein jour,Hors agglomération,Hors intersection,Normale,Deux véhicules - arrière,,,,,,,,,,,1,1,1,1.0,2.0
201700014270,0017-08-27 12:25:00,17,8,27,12,25,830,2,RD19,43.77512,6.24124,Plein jour,Hors agglomération,Hors intersection,Normale,Deux véhicules - côté,,,,,,,,,,,1,1,1,1.0,3.0
201700014271,0017-09-16 19:00:00,17,9,16,19,0,830,149,RD560 PK66,43.55745,6.28435,Plein jour,Hors agglomération,Hors intersection,Normale,Deux véhicules - arrière,,,,,,,,,,,1,1,1,1.0,2.0
201700014272,0017-09-18 18:30:00,17,9,18,18,30,830,121,"route de salernes, RD560",43.57081,6.2421,Plein jour,Hors agglomération,Hors intersection,Normale,Autre collision,,,,,,,,,,,1,1,1,1.0,6.0
201700014273,0017-11-01 19:30:00,17,11,1,19,30,830,121,Route de Sillans,43.57152,6.22044,Nuit sans éclairage public,Hors agglomération,Hors intersection,Normale,Deux véhicules - frontale,,,,,,,,,,,3,1,1,1.0,1.0
201700014274,0017-11-18 16:45:00,17,11,18,16,45,830,149,RD560,43.55745,6.28435,Plein jour,Hors agglomération,Hors intersection,Normale,Sans collision,,,,,,,,,,,1,1,1,1.0,7.0
201700014275,0017-02-26 15:00:00,17,2,26,15,0,830,82,D955,43.63493,6.48247,Plein jour,Hors agglomération,Hors intersection,Normale,Sans collision,,,,,,,,,,,1,1,1,1.0,7.0
201700014276,0017-05-05 13:25:00,17,5,5,13,25,830,82,RD 955 PK 32+150,43.63639,6.47853,Plein jour,Hors agglomération,Autre intersection,Normale,Deux véhicules - côté,,,,,,,,,,,1,1,9,1.0,3.0
201700014277,0017-05-16 19:20:00,17,5,16,19,20,830,82,D955,43.63493,6.48247,Crépuscule ou aube,Hors agglomération,Hors intersection,Normale,Sans collision,,,,,,,,,,,2,1,1,1.0,7.0
201700014278,0017-06-07 22:15:00,17,6,7,22,15,830,44,RD 955,43.71582,6.50288,Nuit sans éclairage public,Hors agglomération,Hors intersection,Normale,Autre collision,,,,,,,,,,,3,1,1,1.0,6.0
201700014279,0017-07-01 20:00:00,17,7,1,20,0,830,56,Chemin Sainte Catherine,43.55518,6.51676,Crépuscule ou aube,Hors agglomération,Hors intersection,Normale,Deux véhicules - frontale,,,,,,,,,,,2,1,1,1.0,1.0
201700014280,0017-07-14 03:00:00,17,7,14,3,0,830,56,,43.55589,6.51633,Nuit avec éclairage allumé,En agglomération,Hors intersection,Normale,Sans collision,,,,,,,,,,,5,2,1,1.0,7.0
201700014281,0017-07-25 15:00:00,17,7,25,15,0,830,28,D562,43.57157,6.53433,Plein jour,Hors agglomération,Hors intersection,Normale,Deux véhicules - côté,,,,,,,,,,,1,1,1,1.0,3.0
201700014282,0017-08-08 18:00:00,17,8,8,18,0,830,28,RD 562,43.5655,6.57363,Plein jour,Hors agglomération,Hors intersection,Normale,Autre collision,,,,,,,,,,,1,1,1,1.0,6.0