accident_id,datetime,annee,mois,jour,heure,minute,departement,commune_insee,adresse,latitude,longitude,luminosite,agglomeration,intersection,meteo,collision,nb_vehicules,nb_usagers,nb_indemnes,nb_tues,nb_blesses_hosp,nb_blesses_legers,age_cond_1,age_cond_2,veh_type_cond_1,veh_type_cond_2,lum_code,agg_code,int_code,atm_code,col_code
201700014283,0017-12-31 01:40:00,17,12,31,1,40,830,109,Clos Simon,43.72498,6.62656,Nuit sans éclairage public,En agglomération,Hors intersection,Normale,Autre collision,,,,,,,,,,,3,2,1,1.0,6.0
201700014284,0017-01-07 13:00:00,17,1,7,13,0,900,93,44 rue de Valdoie,47.68449,6.83919,Plein jour,En agglomération,Hors intersection,Normale,Deux véhicules - côté,,,,,,,,,,,1,2,1,1.0,3.0
201700014285,0017-06-08 14:00:00,17,6,8,14,0,900,7,RN 1019,47.59645,6.80493,Plein jour,Hors agglomération,Hors intersection,Normale,Deux véhicules - frontale,,,,,,,,,,,1,1,1,1.0,1.0
201700014286,0017-06-05 16:30:00,17,6,5,16,30,900,87,74 avenue du Général de,47.67376,6.92682,Plein jour,En agglomération,Hors intersection,Normale,Deux véhicules - frontale,,,,,,,,,,,1,2,1,1.0,1.0
201700014287,0017-06-13 12:25:00,17,6,13,12,25,900,15,RN 1019,47.59715,6.84117,Plein jour,Hors agglomération,Hors intersection,Temps éblouissant,Trois véhicules et plus - en chaîne,,,,,,,,,,,1,1,1,7.0,4.0
201700014288,0017-08-15 16:10:00,17,8,15,16,10,900,93,Départementale 5,47.67895,6.84312,Plein jour,Hors agglomération,Hors intersection,Normale,Deux véhicules - frontale,,,,,,,,,,,1,1,1,1.0,1.0
201700014289,0017-10-14 16:00:00,17,10,14,16,0,900,104,Intersection RD13  RD47,47.6203,6.8952,Plein jour,Hors agglomération,Hors intersection,Normale,Deux véhicules - frontale,,,,,,,,,,,1,1,1,1.0,1.0
201700014290,0017-10-27 23:55:00,17,10,27,23,55,900,97,D 437,47.57896,6.85977,Nuit sans éclairage public,Hors agglomération,Hors intersection,Normale,Autre collision,,,,,,,,,,,3,1,1,1.0,6.0
201700014291,0017-11-10 15:30:00,17,11,10,15,30,900,7,Route Nationale N1019,47.59947,6.8137,Plein jour,Hors agglomération,Hors intersection,Pluie légère,Deux véhicules - frontale,,,,,,,,,,,1,1,1,2.0,1.0
201700014292,0017-11-22 14:30:00,17,11,22,14,30,900,11,cd437,47.58157,6.85915,Plein jour,Hors agglomération,Hors intersection,Normale,Deux véhicules - frontale,,,,,,,,,,,1,1,1,1.0,1.0
201700014293,0017-12-12 21:15:00,17,12,12,21,15,900,42,rue du Salbert,47.67548,6.80459,Nuit sans éclairage public,En agglomération,Hors intersection,Normale,Sans collision,,,,,,,,,,,3,2,1,1.0,7.0
201700014294,0017-01-04 15:50:00,17,1,4,15,50,900,33,RD 463,47.50495,6.97626,Plein jour,Hors agglomération,Hors intersection,Neige / grêle,Deux véhicules - côté,,,,,,,,,,,1,1,1,4.0,3.0
201700014295,0017-03-21 13:31:00,17,3,21,13,31,900,25,intersection D3 - D34,47.58884,7.03435,Plein jour,Hors agglomération,Intersection en T,Pluie légère,Autre collision,,,,,,,,,,,1,1,3,2.0,6.0
201700014296,0017-06-20 16:30:00,17,6,20,16,30,900,81,ROUTE DE LEPUIX-NEUF D13,47.52153,7.1088,Plein jour,Hors agglomération,Hors intersection,Normale,Autre collision,,,,,,,,,,,1,1,1,1.0,6.0
201700014297,0017-08-10 11:20:00,17,8,10,11,20,900,33,7 Faubourg de Belfort,47.51526,7.00101,Plein jour,En agglomération,Hors intersection,Temps couvert,Sans collision,,,,,,,,,,,1,2,1,8.0,7.0
201700014298,0017-09-19 11:55:00,17,9,19,11,55,900,56,rue d'Alsace,47.53358,7.00674,Plein jour,En agglomération,Hors intersection,Normale,Deux véhicules - côté,,,,,,,,,,,1,2,1,1.0,3.0
201700014299,0017-12-24 23:00:00,17,12,24,23,0,900,33,"5, rue de la paix",47.50641,6.99635,Nuit avec éclairage allumé,En agglomération,Hors intersection,Normale,Autre collision,,,,,,,,,,,5,2,1,1.0,6.0
201700014300,0017-01-19 16:25:00,17,1,19,16,25,900,41,46 grande rue,47.71194,6.92465,Plein jour,En agglomération,Hors intersection,Normale,Autre collision,,,,,,,,,,,1,2,1,1.0,6.0
201700014301,0017-05-27 11:10:00,17,5,27,11,10,900,65,D465,47.78514,6.83365,Plein jour,Hors agglomération,Hors intersection,Normale,Deux véhicules - côté,,,,,,,,,,,1,1,1,1.0,3.0
201700014302,0017-05-28 10:10:00,17,5,28,10,10,900,78,rue du Château d'Eau,47.72369,7.00321,Plein jour,En agglomération,Hors intersection,Normale,Deux véhicules - côté,,,,,,,,,,,1,2,1,1.0,3.0
201700014303,0017-06-05 17:00:00,17,6,5,17,0,900,67,Route Départementale 83,47.68577,6.95293,Plein jour,Hors agglomération,Giratoire,Normale,Deux véhicules - côté,,,,,,,,,,,1,1,6,1.0,3.0
201700014304,0017-07-15 21:02:00,17,7,15,21,2,900,41,36 rue des bois sarclés,47.71616,6.93022,Crépuscule ou aube,En agglomération,Hors intersection,Normale,Autre collision,,,,,,,,,,,2,2,1,1.0,6.0
201700014305,0017-08-28 16:15:00,17,8,28,16,15,900,41,RUE DE GIROMAGNY,47.72287,6.91803,Plein jour,En agglomération,Hors intersection,Normale,Sans collision,,,,,,,,,,,1,2,1,1.0,7.0
201700014306,0017-10-07 16:30:00,17,10,7,16,30,900,65,lieu-dit étang des rosea,47.80121,6.83391,Plein jour,Hors agglomération,Hors intersection,Normale,Sans collision,,,,,,,,,,,1,1,1,1.0,7.0
201700014307,0017-11-19 18:30:00,17,11,19,18,30,900,5,"Lieu dit ""Le trou de l'e",47.74195,6.79896,Nuit sans éclairage public,Hors agglomération,Hors intersection,Brouillard / fumée,Deux véhicules - frontale,,,,,,,,,,,3,1,1,5.0,1.0
201700014308,0017-01-09 20:05:00,17,1,9,20,5,900,31,Face au n°44 de la rue d,47.62105,6.9984,Nuit sans éclairage public,En agglomération,Hors intersection,Normale,Autre collision,,,,,,,,,,,3,2,1,1.0,6.0
201700014309,0017-02-07 10:05:00,17,2,7,10,5,900,53,"03, rue de Boron",47.53687,6.9814,Plein jour,En agglomération,Hors intersection,Normale,Autre collision,,,,,,,,,,,1,2,1,1.0,6.0
201700014310,0017-04-14 19:50:00,17,4,14,19,50,900,18,8 rue du moulin,47.57772,6.9741,Plein jour,En agglomération,Hors intersection,Normale,Deux véhicules - frontale,,,,,,,,,,,1,2,1,1.0,1.0
201700014311,0017-04-20 18:55:00,17,4,20,18,55,900,53,16 rue du Général Lecler,47.53913,6.96886,Plein jour,En agglomération,Hors intersection,Normale,Deux véhicules - côté,,,,,,,,,,,1,2,1,1.0,3.0
201700014312,0017-09-05 20:45:00,17,9,5,20,45,900,17,RN 1019,47.57222,6.91256,Nuit sans éclairage public,Hors agglomération,Hors intersection,Normale,Deux véhicules - frontale,,,,,,,,,,,3,1,1,1.0,1.0
201700014313,0017-12-07 07:45:00,17,12,7,7,45,900,71,rue Georges Helminger,47.61144,6.99785,Crépuscule ou aube,En agglomération,Hors intersection,Normale,Deux véhicules - frontale,,,,,,,,,,,2,2,1,1.0,1.0
201700014314,0017-12-27 13:50:00,17,12,27,13,50,900,14,D36,47.55629,7.00498,Plein jour,Hors agglomération,Hors intersection,Normale,Autre collision,,,,,,,,,,,1,1,1,1.0,6.0
201700014315,0017-01-28 10:50:00,17,1,28,10,50,500,239,la croix de pirou,49.11687,-1.16752,Plein jour,Hors agglomération,Intersection en X,Normale,Deux véhicules - côté,,,,,,,,,,,1,1,2,1.0,3.0
201700014316,0017-04-07 17:25:00,17,4,7,17,25,500,46,D 972,49.13326,-0.98099,Plein jour,Hors agglomération,Hors intersection,Normale,Deux véhicules - côté,,,,,,,,,,,1,1,1,1.0,3.0
201700014317,0017-04-11 06:30:00,17,4,11,6,30,500,119,lieu dit le hommet D8,49.18962,-1.20107,Crépuscule ou aube,Hors agglomération,Hors intersection,Brouillard / fumée,Autre collision,,,,,,,,,,,2,1,1,5.0,6.0
201700014318,0017-06-20 17:00:00,17,6,20,17,0,500,123,hotel calin,49.14965,-1.22755,Plein jour,Hors agglomération,Intersection en X,Normale,Autre collision,,,,,,,,,,,1,1,2,1.0,6.0
201700014319,0017-06-26 17:10:00,17,6,26,17,10,500,292,saint  benoit,49.09137,-1.23834,Plein jour,Hors agglomération,Intersection en T,Normale,Deux véhicules - arrière,,,,,,,,,,,1,1,3,1.0,2.0
201700014320,0017-07-01 08:05:00,17,7,1,8,5,500,321,CD 6,49.13727,-1.08311,Plein jour,Hors agglomération,Hors intersection,Normale,Autre collision,,,,,,,,,,,1,1,1,1.0,6.0
201700014321,0017-07-31 18:00:00,17,7,31,18,0,500,248,La Terrerie,49.18325,-1.17926,Plein jour,Hors agglomération,Hors intersection,Normale,Deux véhicules - côté,,,,,,,,,,,1,1,1,1.0,3.0
201700014322,0017-09-09 09:50:00,17,9,9,9,50,500,297,La Cote du Poirier,49.15518,-1.10893,Plein jour,Hors agglomération,Hors intersection,Normale,Sans collision,,,,,,,,,,,1,1,1,1.0,7.0
201700014323,0017-09-23 15:40:00,17,9,23,15,40,500,239,l'hotel glinel,49.12614,-1.17537,Plein jour,Hors agglomération,Intersection en T,Normale,Deux véhicules - côté,,,,,,,,,,,1,1,3,1.0,3.0
201700014324,0017-10-27 20:00:00,17,10,27,20,0,500,239,CD77,49.12624,-1.18003,Nuit sans éclairage public,Hors agglomération,Hors intersection,Normale,Deux véhicules - côté,,,,,,,,,,,3,1,1,1.0,3.0
201700014325,0017-10-29 19:45:00,17,10,29,19,45,500,502,RN 174,49.10414,-1.11726,Nuit sans éclairage public,En agglomération,Hors intersection,Normale,Deux véhicules - arrière,,,,,,,,,,,3,2,1,1.0,2.0
201700014326,0017-12-16 21:15:00,17,12,16,21,15,500,455,Route départementale 6,49.19302,-1.0416,Nuit sans éclairage public,Hors agglomération,Hors intersection,Pluie légère,Sans collision,,,,,,,,,,,3,1,1,2.0,7.0
201700014327,0017-12-17 02:15:00,17,12,17,2,15,500,46,RD 972,49.1471,-0.94958,Nuit sans éclairage public,Hors agglomération,Hors intersection,Normale,Deux véhicules - arrière,,,,,,,,,,,3,1,1,1.0,2.0
201700014328,0017-12-29 08:30:00,17,12,29,8,30,500,455,Rue du moulin,49.19189,-1.0304,Nuit sans éclairage public,En agglomération,Hors intersection,Vent fort / tempête,Autre collision,,,,,,,,,,,3,2,1,6.0,6.0
201700014329,0017-01-24 15:50:00,17,1,24,15,50,500,167,le moy,48.70084,-1.48466,Plein jour,Hors agglomération,Hors intersection,Normale,Autre collision,,,,,,,,,,,1,1,1,1.0,6.0
201700014330,0017-02-04 14:00:00,17,2,4,14,0,500,247,Le village Duval,48.81358,-1.40558,Plein jour,En agglomération,Intersection en T,Normale,Deux véhicules - arrière,,,,,,,,,,,1,2,3,1.0,2.0
201700014331,0017-03-11 15:10:00,17,3,11,15,10,500,355,lieu dit la baderie,48.75095,-1.4041,Plein jour,Hors agglomération,Hors intersection,Normale,Deux véhicules - côté,,,,,,,,,,,1,1,1,1.0,3.0
201700014332,0017-04-09 19:35:00,17,4,9,19,35,500,188,D924 - Le repas,48.83531,-1.40505,Plein jour,En agglomération,Hors intersection,Normale,Deux véhicules - frontale,,,,,,,,,,,1,2,1,1.0,1.0
201700014333,0017-06-04 17:30:00,17,6,4,17,30,500,117,Route départ 911,48.73405,-1.5431,Plein jour,Hors agglomération,Intersection en T,Normale,Deux véhicules - côté,,,,,,,,,,,1,1,3,1.0,3.0
201700014334,0017-07-07 19:35:00,17,7,7,19,35,500,493,Lieu dit la cote d'aze,48.8367,-1.46835,Plein jour,Hors agglomération,Intersection en T,Temps éblouissant,Deux véhicules - arrière,,,,,,,,,,,1,1,3,7.0,2.0
201700014335,0017-07-13 22:45:00,17,7,13,22,45,500,102,Route de la Plage,48.76004,-1.56797,Nuit avec éclairage allumé,En agglomération,Hors intersection,Normale,Sans collision,,,,,,,,,,,5,2,1,1.0,7.0
201700014336,0017-08-24 09:30:00,17,8,24,9,30,500,541,les cotes d'aze,48.8372,-1.51762,Plein jour,Hors agglomération,Hors intersection,Normale,Deux véhicules - frontale,,,,,,,,,,,1,1,1,1.0,1.0
201700014337,0017-09-22 18:20:00,17,9,22,18,20,500,27,La Croix St  Gratien,48.69931,-1.43393,Plein jour,Hors agglomération,Intersection en X,Normale,Autre collision,,,,,,,,,,,1,1,2,1.0,6.0
201700014338,0017-10-25 11:16:00,17,10,25,11,16,500,361,CARREFOUR DU GRIPPON,48.77529,-1.36816,Plein jour,Hors agglomération,Intersection en X,Brouillard / fumée,Deux véhicules - frontale,,,,,,,,,,,1,1,2,5.0,1.0
201700014339,0017-11-04 23:40:00,17,11,4,23,40,500,27,RD41 - Les Portes,48.72325,-1.42465,Nuit sans éclairage public,Hors agglomération,Hors intersection,Pluie légère,Deux véhicules - frontale,,,,,,,,,,,3,1,1,2.0,1.0
201700014340,0017-12-24 15:15:00,17,12,24,15,15,500,66,Avenue de la Tanguière,48.77075,-1.56972,Plein jour,En agglomération,Autre intersection,Temps couvert,Autre collision,,,,,,,,,,,1,2,9,8.0,6.0
201700014341,0017-01-25 15:00:00,17,1,25,15,0,500,130,carrefour RD 81 / RD 999,48.79148,-1.19597,Plein jour,Hors agglomération,Intersection en X,Normale,Deux véhicules - côté,,,,,,,,,,,1,1,2,1.0,3.0
201700014342,0017-02-26 18:24:00,17,2,26,18,24,500,453,Le village de Guériant,48.83255,-1.20446,Plein jour,Hors agglomération,Intersection en T,Normale,Deux véhicules - côté,,,,,,,,,,,1,1,3,1.0,3.0
201700014343,0017-03-15 07:20:00,17,3,15,7,20,500,597,la lande,48.72458,-1.27565,Plein jour,Hors agglomération,Intersection en T,Pluie légère,Deux véhicules - côté,,,,,,,,,,,1,1,3,2.0,3.0
201700014344,0017-04-07 20:20:00,17,4,7,20,20,500,639,route du Moulin Fleury,48.85341,-1.22253,Plein jour,En agglomération,Hors intersection,Normale,Autre collision,,,,,,,,,,,1,2,1,1.0,6.0
201700014345,0017-05-02 07:30:00,17,5,2,7,30,500,542,D33- LE NY AU JAN,48.74655,-1.05958,Plein jour,Hors agglomération,Hors intersection,Brouillard / fumée,Autre collision,,,,,,,,,,,1,1,1,5.0,6.0
201700014346,0017-06-16 18:50:00,17,6,16,18,50,500,597,LA MEHEUDIE,48.70734,-1.28283,Plein jour,Hors agglomération,Intersection en T,Normale,Deux véhicules - côté,,,,,,,,,,,1,1,3,1.0,3.0
201700014347,0017-08-06 04:45:00,17,8,6,4,45,500,262,"34, le bourg",48.81635,-1.29016,Nuit avec éclairage non allumé,En agglomération,Hors intersection,Normale,Autre collision,,,,,,,,,,,4,2,1,1.0,6.0
201700014348,0017-10-13 10:00:00,17,10,13,10,0,500,121,"D33 Lieu dit ""L'aulneire",48.81198,-1.17407,Plein jour,Hors agglomération,Hors intersection,Normale,Autre collision,,,,,,,,,,,1,1,1,1.0,6.0
201700014349,0017-11-04 20:15:00,17,11,4,20,15,500,453,route des étangs,48.83253,-1.20218,Nuit sans éclairage public,Hors agglomération,Hors intersection,Pluie légère,Trois véhicules et plus - collisions multiples,,,,,,,,,,,3,1,1,2.0,5.0
201700014350,0017-12-03 14:05:00,17,12,3,14,5,500,121,RD 33,48.8103,-1.15718,Plein jour,Hors agglomération,Hors intersection,Pluie légère,Autre collision,,,,,,,,,,,1,1,1,2.0,6.0
201700014351,0017-01-30 09:15:00,17,1,30,9,15,500,260,Les monts,48.67705,-1.06025,Plein jour,Hors agglomération,Hors intersection,Brouillard / fumée,Autre collision,,,,,,,,,,,1,1,1,5.0,6.0
201700014352,0017-05-26 11:10:00,17,5,26,11,10,500,43,D 33C,48.69755,-0.98215,Plein jour,Hors agglomération,Hors intersection,Normale,Sans collision,,,,,,,,,,,1,1,1,1.0,7.0
201700014353,0017-06-16 18:20:00,17,6,16,18,20,500,450,La Cervelière,48.68443,-0.96112,Plein jour,Hors agglomération,Intersection en T,Normale,Deux véhicules - côté,,,,,,,,,,,1,1,3,1.0,3.0
201700014354,0017-08-08 09:30:00,17,8,8,9,30,500,582,avenue du maréchal foch,48.72403,-0.92389,Plein jour,En agglomération,Intersection en X,Pluie forte,Autre collision,,,,,,,,,,,1,2,2,3.0,6.0
201700014355,0017-08-15 05:00:00,17,8,15,5,0,500,260,la bruyere chenue,48.67472,-1.02533,Nuit sans éclairage public,Hors agglomération,Hors intersection,Normale,Autre collision,,,,,,,,,,,3,1,1,1.0,6.0
201700014356,0017-08-21 12:30:00,17,8,21,12,30,500,200,Rue de la Carrière,48.66381,-0.83501,Plein jour,Hors agglomération,Hors intersection,Normale,Autre collision,,,,,,,,,,,1,1,1,1.0,6.0
201700014357,0017-01-14 10:10:00,17,1,14,10,10,500,410,RD975,48.54692,-1.50216,Plein jour,En agglomération,Intersection en T,Normale,Deux véhicules - côté,,,,,,,,,,,1,2,3,1.0,3.0
201700014358,0017-01-23 18:45:00,17,1,23,18,45,500,42,D 275,48.61516,-1.49624,Nuit sans éclairage public,Hors agglomération,Hors intersection,Normale,Autre collision,,,,,,,,,,,3,1,1,1.0,6.0
201700014359,0017-03-02 10:55:00,17,3,2,10,55,500,253,Le Pont Landais - D275,48.61514,-1.46843,Plein jour,Hors agglomération,Hors intersection,Normale,Deux véhicules - frontale,,,,,,,,,,,1,1,1,1.0,1.0
201700014360,0017-03-15 01:45:00,17,3,15,1,45,500,589,brée,48.57519,-1.45377,Nuit sans éclairage public,Hors agglomération,Hors intersection,Normale,Autre collision,,,,,,,,,,,3,1,1,1.0,6.0
201700014361,0017-03-27 22:05:00,17,3,27,22,5,500,410,la caserne  (ARDEVON),48.61633,-1.51067,Nuit sans éclairage public,En agglomération,Intersection en T,Normale,Autre collision,,,,,,,,,,,3,2,3,1.0,6.0
201700014362,0017-04-16 06:45:00,17,4,16,6,45,500,259,le bas de la lande,48.58656,-1.34716,Crépuscule ou aube,Hors agglomération,Hors intersection,Normale,Sans collision,,,,,,,,,,,2,1,1,1.0,7.0
201700014363,0017-06-01 11:45:00,17,6,1,11,45,500,487,La   Croisette,48.54079,-1.33463,Plein jour,Hors agglomération,Intersection en Y,Normale,Autre collision,,,,,,,,,,,1,1,4,1.0,6.0
201700014364,0017-06-02 08:40:00,17,6,2,8,40,500,168,rue du docteur tison,48.61809,-1.28546,Plein jour,En agglomération,Giratoire,Normale,Deux véhicules - côté,,,,,,,,,,,1,2,6,1.0,3.0
201700014365,0017-06-08 14:50:00,17,6,8,14,50,500,448,D43,48.57372,-1.29275,Plein jour,Hors agglomération,Hors intersection,Normale,Sans collision,,,,,,,,,,,1,1,1,1.0,7.0
201700014366,0017-06-16 16:00:00,17,6,16,16,0,500,410,RN 175,48.55871,-1.45903,Plein jour,Hors agglomération,Autre intersection,Normale,Deux véhicules - côté,,,,,,,,,,,1,1,9,1.0,3.0
201700014367,0017-06-25 04:45:00,17,6,25,4,45,500,154,La bretonnière,48.54487,-1.39684,Nuit sans éclairage public,Hors agglomération,Hors intersection,Pluie légère,Autre collision,,,,,,,,,,,3,1,1,2.0,6.0
201700014368,0017-06-30 08:30:00,17,6,30,8,30,500,574,RN 175 - D.107,48.59463,-1.41042,Plein jour,Hors agglomération,Intersection en X,Pluie légère,Deux véhicules - côté,,,,,,,,,,,1,1,2,2.0,3.0
201700014369,0017-07-02 12:15:00,17,7,2,12,15,500,448,Les basses,48.53422,-1.2722,Plein jour,Hors agglomération,Hors intersection,Pluie légère,Deux véhicules - côté,,,,,,,,,,,1,1,1,2.0,3.0
201700014370,0017-07-06 10:30:00,17,7,6,10,30,500,290,lieu dit  PABRE,48.65108,-1.22321,Plein jour,Hors agglomération,Intersection en X,Normale,Deux véhicules - côté,,,,,,,,,,,1,1,2,1.0,3.0
201700014371,0017-07-17 02:40:00,17,7,17,2,40,500,443,la croisade,48.51454,-1.45446,Nuit sans éclairage public,Hors agglomération,Hors intersection,Normale,Sans collision,,,,,,,,,,,3,1,1,1.0,7.0
201700014372,0017-09-06 16:00:00,17,9,6,16,0,500,410,RN 175,48.55871,-1.45903,Plein jour,Hors agglomération,Hors intersection,Normale,Deux véhicules - arrière,,,,,,,,,,,1,1,1,1.0,2.0
201700014373,0017-09-09 00:45:00,17,9,9,0,45,500,229,lieu dit YVRANDE,48.54375,-1.24981,Nuit sans éclairage public,Hors agglomération,Autre intersection,Temps couvert,Sans collision,,,,,,,,,,,3,1,9,8.0,7.0
201700014374,0017-09-15 23:00:00,17,9,15,23,0,500,410,lieu-dit la grève - cd 9,48.57619,-1.51966,Nuit sans éclairage public,Hors agglomération,Hors intersection,Normale,Autre collision,,,,,,,,,,,3,1,1,1.0,6.0
201700014375,0017-10-19 14:20:00,17,10,19,14,20,500,589,Route de Noyant CD 200/R,48.58546,-1.42395,Plein jour,Hors agglomération,Intersection en X,Normale,Deux véhicules - côté,,,,,,,,,,,1,1,2,1.0,3.0
201700014376,0017-10-28 23:10:00,17,10,28,23,10,500,154,LA BASSE,48.56171,-1.38004,Nuit sans éclairage public,Hors agglomération,Hors intersection,Pluie légère,Autre collision,,,,,,,,,,,3,1,1,2.0,6.0
201700014377,0017-12-02 14:30:00,17,12,2,14,30,500,443,Le Pont du Roy,48.50203,-1.46021,Plein jour,En agglomération,Hors intersection,Normale,Deux véhicules - frontale,,,,,,,,,,,1,2,1,1.0,1.0
201700014378,0017-12-08 11:30:00,17,12,8,11,30,500,487,126 rue de la libération,48.5228,-1.32368,Plein jour,En agglomération,Hors intersection,Normale,Deux véhicules - frontale,,,,,,,,,,,1,2,1,1.0,1.0
201700014379,0017-12-24 12:00:00,17,12,24,12,0,500,410,rue de beau seuil les pa,48.55355,-1.43446,Plein jour,Hors agglomération,Intersection en X,Pluie légère,Deux véhicules - côté,,,,,,,,,,,1,1,2,2.0,3.0
201700014380,0017-02-12 12:30:00,17,2,12,12,30,500,391,Le Pointon,48.60275,-1.05587,Plein jour,Hors agglomération,Intersection en T,Normale,Deux véhicules - côté,,,,,,,,,,,1,1,3,1.0,3.0
201700014381,0017-02-16 19:00:00,17,2,16,19,0,500,484,rue de mortain,48.57981,-1.09238,Nuit avec éclairage allumé,En agglomération,Hors intersection,Normale,Autre collision,,,,,,,,,,,5,2,1,1.0,6.0
201700014382,0017-04-01 17:30:00,17,4,1,17,30,500,484,17 rue du gué,48.57679,-1.09482,Plein jour,En agglomération,Hors intersection,Pluie légère,Deux véhicules - frontale,,,,,,,,,,,1,2,1,2.0,1.0
201700014383,0017-04-09 15:00:00,17,4,9,15,0,500,274,Lieu dit tournebride,48.52149,-1.08838,Plein jour,Hors agglomération,Intersection en X,Temps éblouissant,Autre collision,,,,,,,,,,,1,1,2,7.0,6.0
201700014384,0017-04-15 17:45:00,17,4,15,17,45,500,256,la  mandière,48.62517,-1.12618,Plein jour,Hors agglomération,Intersection en T,Normale,Sans collision,,,,,,,,,,,1,1,3,1.0,7.0
201700014385,0017-05-31 15:30:00,17,5,31,15,30,500,256,La haute DALIAIS,48.59804,-1.19273,Plein jour,Hors agglomération,Hors intersection,Temps éblouissant,Deux véhicules - côté,,,,,,,,,,,1,1,1,7.0,3.0
201700014386,0017-06-17 05:00:00,17,6,17,5,0,500,484,rue du gué,48.57667,-1.09463,Crépuscule ou aube,En agglomération,Hors intersection,Normale,Autre collision,,,,,,,,,,,2,2,1,1.0,6.0
201700014387,0017-06-21 19:30:00,17,6,21,19,30,500,515,Rue du  jardin,48.54559,-1.17412,Plein jour,En agglomération,Intersection en X,Normale,Deux véhicules - côté,,,,,,,,,,,1,2,2,1.0,3.0
201700014388,0017-06-26 08:05:00,17,6,26,8,5,500,484,rue sainte blaise,48.5763,-1.09193,Plein jour,En agglomération,Hors intersection,Normale,Autre collision,,,,,,,,,,,1,2,1,1.0,6.0
201700014389,0017-08-11 18:45:00,17,8,11,18,45,500,515,route départementale 85,48.55085,-1.18257,Plein jour,Hors agglomération,Hors intersection,Normale,Deux véhicules - côté,,,,,,,,,,,1,1,1,1.0,3.0
201700014390,0017-08-13 04:00:00,17,8,13,4,0,500,391,Le pont de la Broche,48.59205,-1.11536,Nuit sans éclairage public,Hors agglomération,Hors intersection,Normale,Autre collision,,,,,,,,,,,3,1,1,1.0,6.0
201700014391,0017-08-15 13:10:00,17,8,15,13,10,500,256,le bourg des biards,48.58239,-1.19037,Plein jour,Hors agglomération,Hors intersection,Normale,Autre collision,,,,,,,,,,,1,1,1,1.0,6.0
201700014392,0017-08-29 13:20:00,17,8,29,13,20,500,591,RD 976,48.5341,-0.8617,Plein jour,Hors agglomération,Hors intersection,Normale,Sans collision,,,,,,,,,,,1,1,1,1.0,7.0
201700014393,0017-09-21 23:40:00,17,9,21,23,40,500,391,RD 999 Pont de l'ancien,48.60084,-1.11731,Nuit sans éclairage public,Hors agglomération,Hors intersection,Pluie légère,Autre collision,,,,,,,,,,,3,1,1,2.0,6.0
201700014394,0017-09-27 14:30:00,17,9,27,14,30,500,484,rue de la république - D,48.57761,-1.0944,Plein jour,En agglomération,Hors intersection,Normale,Deux véhicules - frontale,,,,,,,,,,,1,2,1,1.0,1.0
201700014395,0017-01-29 18:00:00,17,1,29,18,0,500,613,Rue DONCANVILLE,49.64055,-1.29664,Nuit avec éclairage allumé,En agglomération,Hors intersection,Pluie légère,Autre collision,,,,,,,,,,,5,2,1,2.0,6.0
201700014396,0017-03-08 16:10:00,17,3,8,16,10,500,335,RD 115 - L a Rue,49.56449,-1.4164,Plein jour,Hors agglomération,Hors intersection,Pluie légère,Autre collision,,,,,,,,,,,1,1,1,2.0,6.0
201700014397,0017-03-13 09:45:00,17,3,13,9,45,500,270,la marmionnerie,49.49147,-1.46175,Plein jour,Hors agglomération,Hors intersection,Normale,Sans collision,,,,,,,,,,,1,1,1,1.0,7.0
201700014398,0017-05-06 10:50:00,17,5,6,10,50,500,162,le douet picot,49.64202,-1.52991,Plein jour,Hors agglomération,Hors intersection,Pluie forte,Deux véhicules - côté,,,,,,,,,,,1,1,1,3.0,3.0
201700014399,0017-05-22 16:20:00,17,5,22,16,20,500,596,Les valettes,49.65572,-1.41623,Plein jour,Hors agglomération,Hors intersection,Normale,Deux véhicules - côté,,,,,,,,,,,1,1,1,1.0,3.0
201700014400,0017-05-27 12:45:00,17,5,27,12,45,500,615,intersection de  bellevu,49.51816,-1.49292,Plein jour,Hors agglomération,Intersection en X,Normale,Deux véhicules - côté,,,,,,,,,,,1,1,2,1.0,3.0
201700014401,0017-06-16 16:45:00,17,6,16,16,45,500,615,rue de poterie,49.51248,-1.46835,Plein jour,En agglomération,Hors intersection,Normale,Autre collision,,,,,,,,,,,1,2,1,1.0,6.0
201700014402,0017-06-24 20:20:00,17,6,24,20,20,500,648,Route de la Brique,49.50829,-1.51901,Plein jour,Hors agglomération,Hors intersection,Pluie légère,Autre collision,,,,,,,,,,,1,1,1,2.0,6.0
201700014403,0017-07-01 00:05:00,17,7,1,0,5,500,375,Rd 116 l'église,49.69162,-1.33925,Nuit sans éclairage public,En agglomération,Hors intersection,Normale,Autre collision,,,,,,,,,,,3,2,1,1.0,6.0
201700014404,0017-07-15 19:15:00,17,7,15,19,15,500,209,Les écrivains,49.64368,-1.47562,Plein jour,Hors agglomération,Intersection en T,Normale,Sans collision,,,,,,,,,,,1,1,3,1.0,7.0