accident_id,datetime,annee,mois,jour,heure,minute,departement,commune_insee,adresse,latitude,longitude,luminosite,agglomeration,intersection,meteo,collision,nb_vehicules,nb_usagers,nb_indemnes,nb_tues,nb_blesses_hosp,nb_blesses_legers,age_cond_1,age_cond_2,veh_type_cond_1,veh_type_cond_2,lum_code,agg_code,int_code,atm_code,col_code
201700014405,0017-08-10 13:30:00,17,8,10,13,30,500,615,Villaut-duchesnoy,49.50994,-1.46966,Plein jour,En agglomération,Giratoire,Normale,Autre collision,,,,,,,,,,,1,2,6,1.0,6.0
201700014406,0017-08-13 09:30:00,17,8,13,9,30,500,615,rue barbey d'aurevilly,49.5053,-1.4704,Plein jour,En agglomération,Intersection en Y,Normale,Deux véhicules - frontale,,,,,,,,,,,1,2,4,1.0,1.0
201700014407,0017-08-13 12:20:00,17,8,13,12,20,500,615,avenue du quesnay,49.50052,-1.46944,Plein jour,En agglomération,Intersection en T,Normale,Deux véhicules - côté,,,,,,,,,,,1,2,3,1.0,3.0
201700014408,0017-09-01 09:00:00,17,9,1,9,0,500,13,RD 10 - Rue cavée,49.63317,-1.28119,Plein jour,Hors agglomération,Hors intersection,Pluie légère,Deux véhicules - frontale,,,,,,,,,,,1,1,1,2.0,1.0
201700014409,0017-09-20 18:30:00,17,9,20,18,30,500,615,Place du Château,49.50893,-1.47211,Plein jour,En agglomération,Hors intersection,Normale,Autre collision,,,,,,,,,,,1,2,1,1.0,6.0
201700014410,0017-10-21 20:55:00,17,10,21,20,55,500,648,carrefour des vergées,49.49617,-1.51461,Nuit sans éclairage public,Hors agglomération,Intersection en X,Pluie forte,Deux véhicules - frontale,,,,,,,,,,,3,1,2,3.0,1.0
201700014411,0017-10-26 05:00:00,17,10,26,5,0,500,593,AXE RD.225 - BREVOLLES,49.58774,-1.36077,Nuit sans éclairage public,Hors agglomération,Hors intersection,Brouillard / fumée,Autre collision,,,,,,,,,,,3,1,1,5.0,6.0
201700014412,0017-12-09 15:00:00,17,12,9,15,0,500,305,Route de la Saire RD 87,49.60091,-1.52888,Plein jour,Hors agglomération,Hors intersection,Normale,Autre collision,,,,,,,,,,,1,1,1,1.0,6.0
201700014413,0017-12-17 07:00:00,17,12,17,7,0,500,87,Routes des breuils,49.56669,-1.5924,Nuit sans éclairage public,Hors agglomération,Hors intersection,Normale,Autre collision,,,,,,,,,,,3,1,1,1.0,6.0
201700014414,0017-01-22 16:15:00,17,1,22,16,15,500,285,RD 126 - LE GRAND CHEMIN,49.46017,-1.54434,Plein jour,Hors agglomération,Hors intersection,Normale,Autre collision,,,,,,,,,,,1,1,1,1.0,6.0
201700014415,0017-01-23 09:10:00,17,1,23,9,10,500,83,16 village de l'église,49.53163,-1.7184,Plein jour,En agglomération,Hors intersection,Autre,Autre collision,,,,,,,,,,,1,2,1,9.0,6.0
201700014416,0017-01-25 14:00:00,17,1,25,14,0,500,503,VAREVILLE,49.32136,-1.67028,Plein jour,Hors agglomération,Intersection en Y,Normale,Deux véhicules - côté,,,,,,,,,,,1,1,4,1.0,3.0
201700014417,0017-01-29 08:30:00,17,1,29,8,30,500,425,RD 62,49.52205,-1.65559,Plein jour,Hors agglomération,Hors intersection,Pluie légère,Autre collision,,,,,,,,,,,1,1,1,2.0,6.0
201700014418,0017-02-26 05:45:00,17,2,26,5,45,500,580,le manoir D 650,49.54728,-1.75783,Nuit sans éclairage public,Hors agglomération,Hors intersection,Pluie légère,Sans collision,,,,,,,,,,,3,1,1,2.0,7.0
201700014419,0017-04-16 18:25:00,17,4,16,18,25,500,412,Rue Hellouin,49.33522,-1.69746,Plein jour,En agglomération,Hors intersection,Normale,Deux véhicules - côté,,,,,,,,,,,1,2,1,1.0,3.0
201700014420,0017-04-23 17:05:00,17,4,23,17,5,500,480,RD 650,49.49708,-1.79958,Plein jour,Hors agglomération,Hors intersection,Normale,Autre collision,,,,,,,,,,,1,1,1,1.0,6.0
201700014421,0017-05-13 19:10:00,17,5,13,19,10,500,402,rond point de la fosse,49.50656,-1.80369,Plein jour,Hors agglomération,Giratoire,Normale,Sans collision,,,,,,,,,,,1,1,6,1.0,7.0
201700014422,0017-05-19 10:47:00,17,5,19,10,47,500,31,RD 902,49.39693,-1.74914,Plein jour,Hors agglomération,Hors intersection,Normale,Autre collision,,,,,,,,,,,1,1,1,1.0,6.0
201700014423,0017-05-20 19:12:00,17,5,20,19,12,500,435,le grand hameau,49.49929,-1.60313,Plein jour,En agglomération,Intersection en T,Normale,Autre collision,,,,,,,,,,,1,2,3,1.0,6.0
201700014424,0017-06-08 14:50:00,17,6,8,14,50,500,183,Hameau ferrière,49.40978,-1.65269,Plein jour,Hors agglomération,Hors intersection,Normale,Sans collision,,,,,,,,,,,1,1,1,1.0,7.0
201700014425,0017-06-21 13:25:00,17,6,21,13,25,500,369,Hameau Es Maitres,49.49394,-1.54622,Plein jour,En agglomération,Hors intersection,Normale,Autre collision,,,,,,,,,,,1,2,1,1.0,6.0
201700014426,0017-07-02 08:50:00,17,7,2,8,50,500,402,route de cherbourg,49.51658,-1.79912,Plein jour,Hors agglomération,Giratoire,Normale,Deux véhicules - côté,,,,,,,,,,,1,1,6,1.0,3.0
201700014427,0017-07-02 12:45:00,17,7,2,12,45,500,82,route de Portbail - D 50,49.46136,-1.63606,Plein jour,Hors agglomération,Hors intersection,Normale,Deux véhicules - côté,,,,,,,,,,,1,1,1,1.0,3.0
201700014428,0017-07-22 22:14:00,17,7,22,22,14,500,222,Les Vieilles Maisons,49.50722,-1.73303,Nuit sans éclairage public,Hors agglomération,Hors intersection,Pluie forte,Autre collision,,,,,,,,,,,3,1,1,3.0,6.0
201700014429,0017-08-22 00:20:00,17,8,22,0,20,500,412,Les sourcins D324,49.35823,-1.70768,Nuit sans éclairage public,Hors agglomération,Hors intersection,Normale,Autre collision,,,,,,,,,,,3,1,1,1.0,6.0
201700014430,0017-08-24 19:00:00,17,8,24,19,0,500,579,Carrefour Pillet,49.51589,-1.6263,Plein jour,Hors agglomération,Intersection en X,Normale,Deux véhicules - frontale,,,,,,,,,,,1,1,2,1.0,1.0
201700014431,0017-09-06 19:40:00,17,9,6,19,40,500,82,Intersection rue  Maréch,49.4698,-1.62728,Crépuscule ou aube,En agglomération,Intersection en T,Normale,Autre collision,,,,,,,,,,,2,2,3,1.0,6.0
201700014432,0017-09-15 14:15:00,17,9,15,14,15,500,401,12 route des isles,49.47345,-1.78917,Plein jour,Hors agglomération,Hors intersection,Normale,Autre collision,,,,,,,,,,,1,1,1,1.0,6.0
201700014433,0017-09-20 14:15:00,17,9,20,14,15,500,577,D 902,49.41941,-1.71849,Plein jour,Hors agglomération,Hors intersection,Normale,Deux véhicules - arrière,,,,,,,,,,,1,1,1,1.0,2.0
201700014434,0017-09-24 00:55:00,17,9,24,0,55,500,412,D 650,49.36193,-1.69807,Nuit sans éclairage public,Hors agglomération,Hors intersection,Normale,Sans collision,,,,,,,,,,,3,1,1,1.0,7.0
201700014435,0017-12-11 02:30:00,17,12,11,2,30,500,412,rond point de la picoder,49.36084,-1.69635,Nuit sans éclairage public,Hors agglomération,Giratoire,Pluie légère,Autre collision,,,,,,,,,,,3,1,6,2.0,6.0
201700014436,0017-02-05 23:20:00,17,2,5,23,20,500,523,rue des combattants d'AF,49.40782,-1.32139,Nuit avec éclairage allumé,En agglomération,Hors intersection,Normale,Autre collision,,,,,,,,,,,5,2,1,1.0,6.0
201700014437,0017-02-06 10:30:00,17,2,6,10,30,500,341,12 rue de l'abbaye,49.4903,-1.37587,Plein jour,En agglomération,Hors intersection,Normale,Sans collision,,,,,,,,,,,1,2,1,1.0,7.0
201700014438,0017-02-08 18:00:00,17,2,8,18,0,500,153,rue de la croix chevalie,49.33803,-1.39016,Crépuscule ou aube,Hors agglomération,Intersection en X,Normale,Deux véhicules - frontale,,,,,,,,,,,2,1,2,1.0,1.0
201700014439,0017-02-21 16:55:00,17,2,21,16,55,500,523,RD 67 à hauteur du carre,49.40648,-1.34688,Plein jour,Hors agglomération,Intersection en T,Normale,Deux véhicules - frontale,,,,,,,,,,,1,1,3,1.0,1.0
201700014440,0017-05-15 00:01:00,17,5,15,0,1,500,400,LA VIENVILLE,49.36375,-1.38249,Nuit sans éclairage public,Hors agglomération,Hors intersection,Normale,Autre collision,,,,,,,,,,,3,1,1,1.0,6.0
201700014441,0017-06-10 11:15:00,17,6,10,11,15,500,103,Rue de la Libération,49.38094,-1.30478,Plein jour,Hors agglomération,Hors intersection,Normale,Deux véhicules - côté,,,,,,,,,,,1,1,1,1.0,3.0
201700014442,0017-06-13 19:05:00,17,6,13,19,5,500,400,Rue d'Utah Beach,49.3793,-1.4192,Plein jour,En agglomération,Intersection en T,Normale,Autre collision,,,,,,,,,,,1,2,3,1.0,6.0
201700014443,0017-06-21 00:30:00,17,6,21,0,30,500,153,route du haras de bellev,49.34072,-1.39435,Nuit sans éclairage public,En agglomération,Hors intersection,Normale,Autre collision,,,,,,,,,,,3,2,1,1.0,6.0
201700014444,0017-06-26 12:30:00,17,6,26,12,30,500,551,Route du gravier - D215,49.3974,-1.55968,Plein jour,Hors agglomération,Hors intersection,Normale,Deux véhicules - frontale,,,,,,,,,,,1,1,1,1.0,1.0
201700014445,0017-07-08 14:45:00,17,7,8,14,45,500,169,DÉPARTEMENTALE 974,49.47215,-1.36592,Plein jour,Hors agglomération,Hors intersection,Normale,Deux véhicules - côté,,,,,,,,,,,1,1,1,1.0,3.0
201700014446,0017-07-09 05:45:00,17,7,9,5,45,500,421,route de montebourg,49.51101,-1.30374,Crépuscule ou aube,Hors agglomération,Hors intersection,Normale,Autre collision,,,,,,,,,,,2,1,1,1.0,6.0
201700014447,0017-08-14 23:15:00,17,8,14,23,15,500,333,Le clos verdier,49.35677,-1.43258,Nuit sans éclairage public,Hors agglomération,Hors intersection,Normale,Autre collision,,,,,,,,,,,3,1,1,1.0,6.0
201700014448,0017-09-16 14:50:00,17,9,16,14,50,500,523,D 974 rue de fauville,49.3975,-1.30981,Plein jour,Hors agglomération,Hors intersection,Normale,Autre collision,,,,,,,,,,,1,1,1,1.0,6.0
201700014449,0017-11-02 11:00:00,17,11,2,11,0,500,551,43 route d'aureville,49.40535,-1.53187,Plein jour,En agglomération,Hors intersection,Normale,Autre collision,,,,,,,,,,,1,2,1,1.0,6.0
201700014450,0017-11-22 17:15:00,17,11,22,17,15,500,387,5 rue pierre devouassoud,49.42236,-1.44936,Crépuscule ou aube,Hors agglomération,Intersection en T,Normale,Deux véhicules - côté,,,,,,,,,,,2,1,3,1.0,3.0
201700014451,0017-12-24 09:40:00,17,12,24,9,40,500,138,LE BOURG RD2,49.4592,-1.49105,Plein jour,En agglomération,Hors intersection,Pluie légère,Sans collision,,,,,,,,,,,1,2,1,2.0,7.0
201700014452,0017-03-08 19:50:00,17,3,8,19,50,500,111,Lieu dit hotel au clerc,49.03881,-1.29498,Nuit sans éclairage public,Hors agglomération,Hors intersection,Pluie légère,Autre collision,,,,,,,,,,,3,1,1,2.0,6.0
201700014453,0017-03-17 19:34:00,17,3,17,19,34,500,93,lieu-dit la vieille foss,49.0873,-1.26837,Crépuscule ou aube,Hors agglomération,Hors intersection,Normale,Deux véhicules - arrière,,,,,,,,,,,2,1,1,1.0,2.0
201700014454,0017-04-03 22:45:00,17,4,3,22,45,500,603,rue de l'amiral,49.04797,-1.53927,Nuit avec éclairage allumé,En agglomération,Hors intersection,Normale,Sans collision,,,,,,,,,,,5,2,1,1.0,7.0
201700014455,0017-04-13 17:45:00,17,4,13,17,45,500,44,D972,49.07107,-1.3667,Plein jour,Hors agglomération,Hors intersection,Normale,Deux véhicules - frontale,,,,,,,,,,,1,1,1,1.0,1.0
201700014456,0017-04-27 21:40:00,17,4,27,21,40,500,219,rue d'Argouges,49.07237,-1.51199,Nuit sans éclairage public,Hors agglomération,Hors intersection,Normale,Sans collision,,,,,,,,,,,3,1,1,1.0,7.0
201700014457,0017-06-15 20:15:00,17,6,15,20,15,500,350,le grand clos,49.00517,-1.32863,Plein jour,Hors agglomération,Hors intersection,Normale,Sans collision,,,,,,,,,,,1,1,1,1.0,7.0
201700014458,0017-06-16 18:35:00,17,6,16,18,35,500,437,départementale 58,48.98515,-1.33183,Plein jour,En agglomération,Giratoire,Normale,Deux véhicules - côté,,,,,,,,,,,1,2,6,1.0,3.0
201700014459,0017-06-25 08:10:00,17,6,25,8,10,500,279,le  bourg,49.09619,-1.30237,Plein jour,En agglomération,Intersection en T,Normale,Sans collision,,,,,,,,,,,1,2,3,1.0,7.0
201700014460,0017-06-28 17:15:00,17,6,28,17,15,500,437,lieu-dit ardenne,48.98536,-1.35047,Plein jour,Hors agglomération,Hors intersection,Normale,Deux véhicules - côté,,,,,,,,,,,1,1,1,1.0,3.0
201700014461,0017-07-13 19:15:00,17,7,13,19,15,500,94,Les Métairies,49.09032,-1.33016,Plein jour,En agglomération,Hors intersection,Normale,Autre collision,,,,,,,,,,,1,2,1,1.0,6.0
201700014462,0017-07-31 05:00:00,17,7,31,5,0,500,624,Village Le Pelley,49.07791,-1.4782,Nuit avec éclairage non allumé,En agglomération,Hors intersection,Normale,Autre collision,,,,,,,,,,,4,2,1,1.0,6.0
201700014463,0017-08-21 21:40:00,17,8,21,21,40,500,58,RD 650,49.08538,-1.59692,Nuit sans éclairage public,Hors agglomération,Hors intersection,Normale,Sans collision,,,,,,,,,,,3,1,1,1.0,7.0
201700014464,0017-09-19 21:00:00,17,9,19,21,0,500,279,"lieu-dit ""le gourbin""",49.08077,-1.29877,Nuit sans éclairage public,Hors agglomération,Hors intersection,Normale,Autre collision,,,,,,,,,,,3,1,1,1.0,6.0
201700014465,0017-11-10 14:28:00,17,11,10,14,28,500,145,D972 La Hastonière,49.06604,-1.39084,Plein jour,Hors agglomération,Intersection en T,Normale,Trois véhicules et plus - collisions multiples,,,,,,,,,,,1,1,3,1.0,5.0
201700014466,0017-12-07 17:28:00,17,12,7,17,28,500,279,D972,49.07899,-1.30892,Crépuscule ou aube,Hors agglomération,Hors intersection,Temps couvert,Deux véhicules - côté,,,,,,,,,,,2,1,1,8.0,3.0
201700014467,0017-12-11 08:00:00,17,12,11,8,0,500,464,"Lieu dit ""l'abbaye""",49.00815,-1.39033,Nuit sans éclairage public,Hors agglomération,Hors intersection,Vent fort / tempête,Deux véhicules - frontale,,,,,,,,,,,3,1,1,6.0,1.0
201700014468,0017-01-25 13:00:00,17,1,25,13,0,500,626,le pavé d'airou D33,48.89513,-1.38315,Plein jour,Hors agglomération,Hors intersection,Autre,Autre collision,,,,,,,,,,,1,1,1,9.0,6.0
201700014469,0017-03-15 16:30:00,17,3,15,16,30,500,85,rue du village de l'isle,48.91823,-1.53289,Plein jour,Hors agglomération,Hors intersection,Normale,Deux véhicules - frontale,,,,,,,,,,,1,1,1,1.0,1.0
201700014470,0017-06-09 11:50:00,17,6,9,11,50,500,76,route de coutances - rd,48.89632,-1.52803,Plein jour,Hors agglomération,Hors intersection,Normale,Deux véhicules - côté,,,,,,,,,,,1,1,1,1.0,3.0
201700014471,0017-07-07 12:25:00,17,7,7,12,25,500,109,7 place du marché,48.91679,-1.43525,Plein jour,En agglomération,Hors intersection,Normale,Autre collision,,,,,,,,,,,1,2,1,1.0,6.0
201700014472,0017-07-13 12:00:00,17,7,13,12,0,500,365,"RD 298 et RD 143, rue de",48.93267,-1.47011,Plein jour,Hors agglomération,Intersection en X,Normale,Deux véhicules - côté,,,,,,,,,,,1,1,2,1.0,3.0
201700014473,0017-07-18 17:00:00,17,7,18,17,0,500,349,CD 73,48.9912,-1.54613,Plein jour,Hors agglomération,Hors intersection,Normale,Sans collision,,,,,,,,,,,1,1,1,1.0,7.0
201700014474,0017-08-03 17:45:00,17,8,3,17,45,500,419,rue de la  libération,48.97579,-1.48598,Plein jour,Hors agglomération,Intersection en X,Normale,Deux véhicules - côté,,,,,,,,,,,1,1,2,1.0,3.0
201700014475,0017-08-10 12:20:00,17,8,10,12,20,500,109,Place du marché,48.91691,-1.43498,Plein jour,En agglomération,Hors intersection,Temps couvert,Autre collision,,,,,,,,,,,1,2,1,8.0,6.0
201700014476,0017-08-15 18:00:00,17,8,15,18,0,500,605,les domaines,48.97344,-1.40762,Plein jour,Hors agglomération,Hors intersection,Normale,Deux véhicules - arrière,,,,,,,,,,,1,1,1,1.0,2.0
201700014477,0017-09-08 18:23:00,17,9,8,18,23,500,605,Lieu dit Maison Neuve,48.96141,-1.39018,Plein jour,Hors agglomération,Hors intersection,Pluie forte,Autre collision,,,,,,,,,,,1,1,1,3.0,6.0
201700014478,0017-09-23 18:00:00,17,9,23,18,0,500,231,route de bréhal,48.97031,-1.53644,Plein jour,Hors agglomération,Intersection en T,Normale,Autre collision,,,,,,,,,,,1,1,3,1.0,6.0
201700014479,0017-11-29 13:40:00,17,11,29,13,40,500,277,rue l'aumône,48.85492,-1.54989,Plein jour,En agglomération,Intersection en X,Normale,Deux véhicules - côté,,,,,,,,,,,1,2,2,1.0,3.0
201700014480,0017-12-02 18:36:00,17,12,2,18,36,500,85,Route de la bretonnière,48.92376,-1.52968,Nuit sans éclairage public,Hors agglomération,Hors intersection,Normale,Autre collision,,,,,,,,,,,3,1,1,1.0,6.0
201700014481,0017-12-05 15:30:00,17,12,5,15,30,500,419,rue de la sienne - RD 35,48.96731,-1.44726,Plein jour,Hors agglomération,Hors intersection,Normale,Autre collision,,,,,,,,,,,1,1,1,1.0,6.0
201700014482,0017-01-08 13:35:00,17,1,8,13,35,500,364,D68,49.13791,-1.47092,Plein jour,Hors agglomération,Hors intersection,Temps couvert,Autre collision,,,,,,,,,,,1,1,1,8.0,6.0
201700014483,0017-01-27 16:40:00,17,1,27,16,40,500,403,D2 - ROUTE DE COUTANCES,49.17807,-1.51911,Plein jour,Hors agglomération,Hors intersection,Normale,Autre collision,,,,,,,,,,,1,1,1,1.0,6.0
201700014484,0017-01-29 16:45:00,17,1,29,16,45,500,481,rue,49.23741,-1.5972,Plein jour,Hors agglomération,Intersection en X,Pluie légère,Deux véhicules - côté,,,,,,,,,,,1,1,2,2.0,3.0
201700014485,0017-02-12 21:45:00,17,2,12,21,45,500,273,58 route de la haye du p,49.29304,-1.51592,Nuit sans éclairage public,Hors agglomération,Hors intersection,Normale,Autre collision,,,,,,,,,,,3,1,1,1.0,6.0
201700014486,0017-02-08 18:00:00,17,2,8,18,0,500,629,04 route de periers,49.2284,-1.4715,Plein jour,Hors agglomération,Hors intersection,Normale,Autre collision,,,,,,,,,,,1,1,1,1.0,6.0
201700014487,0017-03-10 13:15:00,17,3,10,13,15,500,273,la gauterie,49.29778,-1.48957,Plein jour,Hors agglomération,Hors intersection,Normale,Deux véhicules - côté,,,,,,,,,,,1,1,1,1.0,3.0
201700014488,0017-03-30 16:10:00,17,3,30,16,10,500,510,RD 900 LIEU DIT ROCHEFOR,49.18105,-1.37939,Plein jour,Hors agglomération,Hors intersection,Normale,Deux véhicules - arrière,,,,,,,,,,,1,1,1,1.0,2.0
201700014489,0017-04-05 04:00:00,17,4,5,4,0,500,586,D650,49.27851,-1.65689,Nuit sans éclairage public,Hors agglomération,Hors intersection,Normale,Sans collision,,,,,,,,,,,3,1,1,1.0,7.0
201700014490,0017-04-13 17:20:00,17,4,13,17,20,500,622,D971,49.16373,-1.41102,Plein jour,Hors agglomération,Hors intersection,Normale,Sans collision,,,,,,,,,,,1,1,1,1.0,7.0
201700014491,0017-05-03 01:30:00,17,5,3,1,30,500,394,D900,49.18736,-1.4146,Nuit sans éclairage public,Hors agglomération,Giratoire,Normale,Autre collision,,,,,,,,,,,3,1,6,1.0,6.0
201700014492,0017-05-10 09:40:00,17,5,10,9,40,500,236,D903 - Rue du général Le,49.29123,-1.54617,Plein jour,En agglomération,Hors intersection,Normale,Autre collision,,,,,,,,,,,1,2,1,1.0,6.0
201700014493,0017-05-14 16:15:00,17,5,14,16,15,500,550,D53,49.12757,-1.40149,Plein jour,Hors agglomération,Hors intersection,Normale,Sans collision,,,,,,,,,,,1,1,1,1.0,7.0
201700014494,0017-05-27 21:30:00,17,5,27,21,30,500,267,D900,49.2115,-1.5188,Crépuscule ou aube,Hors agglomération,Hors intersection,Normale,Autre collision,,,,,,,,,,,2,1,1,1.0,6.0
201700014495,0017-06-02 14:35:00,17,6,2,14,35,500,364,D68/D53,49.1221,-1.48872,Plein jour,Hors agglomération,Intersection en X,Normale,Deux véhicules - frontale,,,,,,,,,,,1,1,2,1.0,1.0
201700014496,0017-06-28 15:30:00,17,6,28,15,30,500,182,22 rue du Manoir,49.16955,-1.47494,Plein jour,Hors agglomération,Hors intersection,Temps couvert,Deux véhicules - côté,,,,,,,,,,,1,1,1,8.0,3.0
201700014497,0017-06-29 12:25:00,17,6,29,12,25,500,550,la vallée,49.14899,-1.41235,Plein jour,Hors agglomération,Intersection en X,Normale,Autre collision,,,,,,,,,,,1,1,2,1.0,6.0
201700014498,0017-07-21 13:00:00,17,7,21,13,0,500,16,D69,49.32492,-1.34556,Plein jour,Hors agglomération,Hors intersection,Normale,Autre collision,,,,,,,,,,,1,1,1,1.0,6.0
201700014499,0017-08-01 19:20:00,17,8,1,19,20,500,14,RD  650 / RD 74,49.12897,-1.59026,Plein jour,Hors agglomération,Intersection en X,Normale,Deux véhicules - côté,,,,,,,,,,,1,1,2,1.0,3.0
201700014500,0017-08-05 03:15:00,17,8,5,3,15,500,198,D 393,49.12165,-1.54771,Nuit sans éclairage public,Hors agglomération,Intersection en T,Normale,Autre collision,,,,,,,,,,,3,1,3,1.0,6.0
201700014501,0017-08-06 18:30:00,17,8,6,18,30,500,36,D903,49.31064,-1.36559,Plein jour,Hors agglomération,Hors intersection,Normale,Trois véhicules et plus - collisions multiples,,,,,,,,,,,1,1,1,1.0,5.0
201700014502,0017-08-21 20:15:00,17,8,21,20,15,500,151,D 650,49.21203,-1.57317,Crépuscule ou aube,Hors agglomération,Intersection en X,Normale,Deux véhicules - côté,,,,,,,,,,,2,1,2,1.0,3.0
201700014503,0017-08-23 14:40:00,17,8,23,14,40,500,166,village de l'adriennerie,49.34264,-1.52722,Plein jour,Hors agglomération,Hors intersection,Normale,Autre collision,,,,,,,,,,,1,1,1,1.0,6.0
201700014504,0017-09-21 18:50:00,17,9,21,18,50,500,308,village camplain,49.12622,-1.35405,Plein jour,Hors agglomération,Intersection en X,Pluie légère,Deux véhicules - côté,,,,,,,,,,,1,1,2,2.0,3.0
201700014505,0017-09-27 19:24:00,17,9,27,19,24,500,394,Le hutrel,49.20328,-1.42663,Crépuscule ou aube,Hors agglomération,Hors intersection,Pluie légère,Deux véhicules - côté,,,,,,,,,,,2,1,1,2.0,3.0
201700014506,0017-09-30 15:00:00,17,9,30,15,0,500,510,Le village de l'église,49.16585,-1.34974,Plein jour,En agglomération,Intersection en T,Normale,Autre collision,,,,,,,,,,,1,2,3,1.0,6.0
201700014507,0017-10-01 15:25:00,17,10,1,15,25,500,160,RD 650 et RD 137,49.30926,-1.67837,Plein jour,Hors agglomération,Intersection en X,Pluie légère,Trois véhicules et plus - collisions multiples,,,,,,,,,,,1,1,2,2.0,5.0
201700014508,0017-10-27 04:30:00,17,10,27,4,30,500,151,D650,49.19242,-1.57976,Nuit sans éclairage public,Hors agglomération,Hors intersection,Normale,Sans collision,,,,,,,,,,,3,1,1,1.0,7.0
201700014509,0017-01-27 01:00:00,17,1,27,1,0,50,37,lieudit mon ami pierrot,44.48205,6.03602,Nuit sans éclairage public,Hors agglomération,Hors intersection,Pluie légère,Sans collision,,,,,,,,,,,3,1,1,2.0,7.0
201700014510,0017-04-09 19:00:00,17,4,9,19,0,50,168,le villard,44.49784,5.99065,Plein jour,Hors agglomération,Hors intersection,Temps couvert,Sans collision,,,,,,,,,,,1,1,1,8.0,7.0
201700014511,0017-07-01 18:55:00,17,7,1,18,55,50,162,D19,44.42062,5.99373,Plein jour,Hors agglomération,Intersection en Y,Temps éblouissant,Deux véhicules - frontale,,,,,,,,,,,1,1,4,7.0,1.0
201700014512,0017-08-20 16:30:00,17,8,20,16,30,50,176,RD 900 B,44.47436,6.12393,Plein jour,Hors agglomération,Hors intersection,Normale,Deux véhicules - frontale,,,,,,,,,,,1,1,1,1.0,1.0
201700014513,0017-11-18 01:00:00,17,11,18,1,0,50,170,RN85PK 52+050,44.44304,6.0314,Nuit avec éclairage allumé,Hors agglomération,Hors intersection,Normale,Autre collision,,,,,,,,,,,5,1,1,1.0,6.0
201700014514,0017-01-08 08:15:00,17,1,8,8,15,50,54,LA BONETTE,44.66546,6.08192,Plein jour,Hors agglomération,Autre intersection,Normale,Autre collision,,,,,,,,,,,1,1,9,1.0,6.0
201700014515,0017-01-16 11:50:00,17,1,16,11,50,50,72,Les Bonnettes,44.65854,6.08471,Plein jour,Hors agglomération,Hors intersection,Normale,Deux véhicules - frontale,,,,,,,,,,,1,1,1,1.0,1.0
201700014516,0017-02-05 13:30:00,17,2,5,13,30,50,56,D13,44.62512,6.15137,Plein jour,Hors agglomération,Hors intersection,Neige / grêle,Autre collision,,,,,,,,,,,1,1,1,4.0,6.0
201700014517,0017-03-05 00:30:00,17,3,5,0,30,50,32,pont de corbières,44.6886,6.26339,Nuit sans éclairage public,Hors agglomération,Hors intersection,Neige / grêle,Autre collision,,,,,,,,,,,3,1,1,4.0,6.0
201700014518,0017-03-16 12:35:00,17,3,16,12,35,50,72,RN85,44.64775,6.08634,Plein jour,Hors agglomération,Autre intersection,Normale,Deux véhicules - frontale,,,,,,,,,,,1,1,9,1.0,1.0
201700014519,0017-04-22 11:40:00,17,4,22,11,40,50,145,D944 lieu dit la garenne,44.65781,6.20669,Plein jour,Hors agglomération,Hors intersection,Normale,Deux véhicules - côté,,,,,,,,,,,1,1,1,1.0,3.0
201700014520,0017-05-16 09:20:00,17,5,16,9,20,50,95,RN 85,44.72293,6.01465,Plein jour,Hors agglomération,Hors intersection,Normale,Sans collision,,,,,,,,,,,1,1,1,1.0,7.0
201700014521,0017-06-09 14:15:00,17,6,9,14,15,50,144,"le village, l'allée",44.77387,6.03466,Plein jour,En agglomération,Intersection en Y,Normale,Sans collision,,,,,,,,,,,1,2,4,1.0,7.0
201700014522,0017-07-23 06:00:00,17,7,23,6,0,50,54,LES BARRAQUES,44.67225,6.0749,Crépuscule ou aube,Hors agglomération,Hors intersection,Normale,Autre collision,,,,,,,,,,,2,1,1,1.0,6.0
201700014523,0017-07-27 18:30:00,17,7,27,18,30,50,40,Route Nationale 94,44.54985,6.26257,Plein jour,Hors agglomération,Hors intersection,Normale,Trois véhicules et plus - collisions multiples,,,,,,,,,,,1,1,1,1.0,5.0
201700014524,0017-08-05 09:30:00,17,8,5,9,30,50,39,RN 85 - Lieu-dit L'hôpit,44.76569,6.01334,Plein jour,Hors agglomération,Intersection en T,Normale,Autre collision,,,,,,,,,,,1,1,3,1.0,6.0
201700014525,0017-08-19 11:30:00,17,8,19,11,30,50,9,N85,44.8054,5.95526,Plein jour,Hors agglomération,Hors intersection,Normale,Sans collision,,,,,,,,,,,1,1,1,1.0,7.0
201700014526,0017-10-28 16:05:00,17,10,28,16,5,50,9,RN85,44.79934,5.97025,Plein jour,Hors agglomération,Hors intersection,Normale,Sans collision,,,,,,,,,,,1,1,1,1.0,7.0