accident_id,datetime,annee,mois,jour,heure,minute,departement,commune_insee,adresse,latitude,longitude,luminosite,agglomeration,intersection,meteo,collision,nb_vehicules,nb_usagers,nb_indemnes,nb_tues,nb_blesses_hosp,nb_blesses_legers,age_cond_1,age_cond_2,veh_type_cond_1,veh_type_cond_2,lum_code,agg_code,int_code,atm_code,col_code
201700014892,0017-07-04 16:40:00,17,7,4,16,40,720,158,D302  - N°3 rue du bois,48.05329,0.64589,Plein jour,En agglomération,Hors intersection,Normale,Autre collision,,,,,,,,,,,1,2,1,1.0,6.0
201700014893,0017-08-20 00:30:00,17,8,20,0,30,720,269,Le Crottier RD 13,47.91807,0.74257,Nuit sans éclairage public,Hors agglomération,Hors intersection,Normale,Autre collision,,,,,,,,,,,3,1,1,1.0,6.0
201700014894,0017-08-25 05:00:00,17,8,25,5,0,720,118,lieu-dit Briffolet,48.05647,0.5551,Nuit sans éclairage public,Hors agglomération,Hors intersection,Normale,Sans collision,,,,,,,,,,,3,1,1,1.0,7.0
201700014895,0017-08-29 21:15:00,17,8,29,21,15,720,373,D302- lieu dit la bellon,48.05809,0.7213,Nuit sans éclairage public,Hors agglomération,Hors intersection,Normale,Autre collision,,,,,,,,,,,3,1,1,1.0,6.0
201700014896,0017-09-21 14:20:00,17,9,21,14,20,720,94,"Départementale 74, lieu-",47.98532,0.63293,Plein jour,Hors agglomération,Hors intersection,Normale,Autre collision,,,,,,,,,,,1,1,1,1.0,6.0
201700014897,0017-09-30 19:45:00,17,9,30,19,45,720,35,bellevue,47.83201,0.72905,Crépuscule ou aube,En agglomération,Hors intersection,Normale,Deux véhicules - frontale,,,,,,,,,,,2,2,1,1.0,1.0
201700014898,0017-10-02 16:50:00,17,10,2,16,50,720,373,5 rue de La rivière,48.05949,0.73642,Plein jour,En agglomération,Hors intersection,Pluie légère,Autre collision,,,,,,,,,,,1,2,1,2.0,6.0
201700014899,0017-11-21 07:20:00,17,11,21,7,20,720,269,lieu dit le chemin,47.91738,0.76188,Nuit sans éclairage public,Hors agglomération,Hors intersection,Pluie légère,Autre collision,,,,,,,,,,,3,1,1,2.0,6.0
201700014900,0017-12-20 08:00:00,17,12,20,8,0,720,87,Départementale 1,47.97208,0.72758,Crépuscule ou aube,Hors agglomération,Hors intersection,Brouillard / fumée,Autre collision,,,,,,,,,,,2,1,1,5.0,6.0
201700014901,0017-01-23 08:00:00,17,1,23,8,0,720,122,le gril,48.07046,0.53214,Plein jour,Hors agglomération,Hors intersection,Normale,Trois véhicules et plus - collisions multiples,,,,,,,,,,,1,1,1,1.0,5.0
201700014902,0017-01-28 15:00:00,17,1,28,15,0,720,241,3 allées des pins,48.03795,0.40654,Plein jour,En agglomération,Hors intersection,Normale,Sans collision,,,,,,,,,,,1,2,1,1.0,7.0
201700014903,0017-01-30 16:30:00,17,1,30,16,30,720,241,la pécardière,48.03434,0.40712,Plein jour,Hors agglomération,Intersection en T,Pluie légère,Trois véhicules et plus - collisions multiples,,,,,,,,,,,1,1,3,2.0,5.0
201700014904,0017-01-31 13:00:00,17,1,31,13,0,720,358,la cote blanche,48.03568,0.49543,Plein jour,Hors agglomération,Hors intersection,Pluie légère,Sans collision,,,,,,,,,,,1,1,1,2.0,7.0
201700014905,0017-02-09 17:15:00,17,2,9,17,15,720,54,D145B,48.01917,0.33592,Plein jour,En agglomération,Hors intersection,Normale,Autre collision,,,,,,,,,,,1,2,1,1.0,6.0
201700014906,0017-03-20 17:47:00,17,3,20,17,47,720,358,LE GLAND,48.05045,0.51674,Plein jour,Hors agglomération,Hors intersection,Normale,Deux véhicules - frontale,,,,,,,,,,,1,1,1,1.0,1.0
201700014907,0017-03-25 17:40:00,17,3,25,17,40,720,46,Lieu dit la bradière,47.99704,0.44118,Plein jour,Hors agglomération,Hors intersection,Normale,Trois véhicules et plus - en chaîne,,,,,,,,,,,1,1,1,1.0,4.0
201700014908,0017-03-28 16:25:00,17,3,28,16,25,720,363,La Foussard,48.11028,0.52322,Plein jour,En agglomération,Hors intersection,Normale,Deux véhicules - côté,,,,,,,,,,,1,2,1,1.0,3.0
201700014909,0017-04-03 22:30:00,17,4,3,22,30,720,341,lieu dit la roche,48.01802,0.46349,Nuit sans éclairage public,Hors agglomération,Hors intersection,Normale,Autre collision,,,,,,,,,,,3,1,1,1.0,6.0
201700014910,0017-04-17 17:05:00,17,4,17,17,5,720,54,RD323,48.02004,0.34137,Plein jour,Hors agglomération,Hors intersection,Normale,Deux véhicules - arrière,,,,,,,,,,,1,1,1,1.0,2.0
201700014911,0017-05-10 14:20:00,17,5,10,14,20,720,386,3 avenue  guy bourriat,48.01215,0.26675,Plein jour,En agglomération,Hors intersection,Normale,Deux véhicules - côté,,,,,,,,,,,1,2,1,1.0,3.0
201700014912,0017-05-18 09:10:00,17,5,18,9,10,720,386,D20 bis,48.04906,0.29366,Plein jour,Hors agglomération,Autre intersection,Pluie légère,Deux véhicules - arrière,,,,,,,,,,,1,1,9,2.0,2.0
201700014913,0017-06-01 11:00:00,17,6,1,11,0,720,300,RD 91 - la chesnaie,48.04859,0.37062,Plein jour,Hors agglomération,Hors intersection,Normale,Autre collision,,,,,,,,,,,1,1,1,1.0,6.0
201700014914,0017-06-04 06:40:00,17,6,4,6,40,720,386,D314 - route de PARIS,48.01017,0.30276,Crépuscule ou aube,Hors agglomération,Hors intersection,Normale,Deux véhicules - frontale,,,,,,,,,,,2,1,1,1.0,1.0
201700014915,0017-06-07 20:30:00,17,6,7,20,30,720,386,Rue de Bener,48.00253,0.24793,Plein jour,Hors agglomération,Giratoire,Normale,Sans collision,,,,,,,,,,,1,1,6,1.0,7.0
201700014916,0017-06-21 14:30:00,17,6,21,14,30,720,341,"Lieu-dit ""La pelouse""",48.02246,0.44117,Plein jour,Hors agglomération,Hors intersection,Normale,Deux véhicules - côté,,,,,,,,,,,1,1,1,1.0,3.0
201700014917,0017-07-18 10:15:00,17,7,18,10,15,720,300,rue des chataigners - RD,48.02826,0.3804,Plein jour,En agglomération,Hors intersection,Temps éblouissant,Trois véhicules et plus - collisions multiples,,,,,,,,,,,1,2,1,7.0,5.0
201700014918,0017-07-19 15:00:00,17,7,19,15,0,720,341,Lieu dit La roche,48.01817,0.46447,Plein jour,Hors agglomération,Hors intersection,Normale,Deux véhicules - frontale,,,,,,,,,,,1,1,1,1.0,1.0
201700014919,0017-07-21 00:01:00,17,7,21,0,1,720,241,lieu dit saussay,48.06441,0.3866,Nuit sans éclairage public,Hors agglomération,Hors intersection,Normale,Sans collision,,,,,,,,,,,3,1,1,1.0,7.0
201700014920,0017-07-21 20:50:00,17,7,21,20,50,720,300,allée des chataigniers,48.02862,0.38127,Plein jour,En agglomération,Hors intersection,Normale,Autre collision,,,,,,,,,,,1,2,1,1.0,6.0
201700014921,0017-08-05 22:45:00,17,8,5,22,45,720,165,10 Rue de Montfort,48.07753,0.41839,Nuit avec éclairage non allumé,En agglomération,Hors intersection,Normale,Trois véhicules et plus - en chaîne,,,,,,,,,,,4,2,1,1.0,4.0
201700014922,0017-08-24 02:50:00,17,8,24,2,50,720,358,Le grand pontfouri,48.01033,0.54763,Nuit sans éclairage public,Hors agglomération,Hors intersection,Normale,Autre collision,,,,,,,,,,,3,1,1,1.0,6.0
201700014923,0017-09-05 17:45:00,17,9,5,17,45,720,54,D145,48.01978,0.33752,Plein jour,Hors agglomération,Hors intersection,Normale,Deux véhicules - frontale,,,,,,,,,,,1,1,1,1.0,1.0
201700014924,0017-11-29 11:30:00,17,11,29,11,30,720,172,Intersection route de la,48.06995,0.59151,Plein jour,Hors agglomération,Hors intersection,Normale,Deux véhicules - côté,,,,,,,,,,,1,1,1,1.0,3.0
201700014925,0017-12-02 16:20:00,17,12,2,16,20,720,386,Route de réveillon - lie,48.01842,0.28644,Plein jour,Hors agglomération,Hors intersection,Normale,Sans collision,,,,,,,,,,,1,1,1,1.0,7.0
201700014926,0017-12-24 20:10:00,17,12,24,20,10,720,90,D323,48.03872,0.4419,Nuit sans éclairage public,Hors agglomération,Hors intersection,Pluie légère,Sans collision,,,,,,,,,,,3,1,1,2.0,7.0
201700014927,0017-12-26 14:50:00,17,12,26,14,50,720,90,rue du petit train,48.05898,0.49214,Plein jour,En agglomération,Hors intersection,Normale,Deux véhicules - côté,,,,,,,,,,,1,2,1,1.0,3.0
201700014928,0017-02-04 14:40:00,17,2,4,14,40,720,211,LIEU DIT LA COUPERIE,48.22735,-0.13986,Plein jour,Hors agglomération,Hors intersection,Normale,Deux véhicules - frontale,,,,,,,,,,,1,1,1,1.0,1.0
201700014929,0017-02-10 18:25:00,17,2,10,18,25,720,256,5 rue des rosiers,48.13845,-0.11418,Nuit avec éclairage allumé,En agglomération,Hors intersection,Normale,Autre collision,,,,,,,,,,,5,2,1,1.0,6.0
201700014930,0017-02-21 14:45:00,17,2,21,14,45,720,218,LE PETIT ETANG,48.08319,-0.19801,Plein jour,Hors agglomération,Hors intersection,Normale,Deux véhicules - frontale,,,,,,,,,,,1,1,1,1.0,1.0
201700014931,0017-03-02 19:15:00,17,3,2,19,15,720,229,champsoreau,48.12705,-0.20822,Nuit sans éclairage public,Hors agglomération,Hors intersection,Normale,Autre collision,,,,,,,,,,,3,1,1,1.0,6.0
201700014932,0017-04-27 22:00:00,17,4,27,22,0,720,1,RD 304 - LD La chartrie,48.08124,0.10543,Nuit sans éclairage public,Hors agglomération,Hors intersection,Normale,Deux véhicules - frontale,,,,,,,,,,,3,1,1,1.0,1.0
201700014933,0017-05-16 17:20:00,17,5,16,17,20,720,89,D 21 PK 24+820,48.10248,-0.02793,Plein jour,Hors agglomération,Hors intersection,Normale,Deux véhicules - côté,,,,,,,,,,,1,1,1,1.0,3.0
201700014934,0017-05-21 08:30:00,17,5,21,8,30,720,320,CD 338,48.06779,0.16889,Plein jour,Hors agglomération,Giratoire,Normale,Deux véhicules - arrière,,,,,,,,,,,1,1,6,1.0,2.0
201700014935,0017-06-22 06:30:00,17,6,22,6,30,720,1,route de Sillé-le-Guilla,48.07948,0.11123,Plein jour,En agglomération,Hors intersection,Normale,Autre collision,,,,,,,,,,,1,2,1,1.0,6.0
201700014936,0017-07-05 20:03:00,17,7,5,20,3,720,234,Le val de pierre,48.19371,-0.01336,Plein jour,Hors agglomération,Hors intersection,Normale,Autre collision,,,,,,,,,,,1,1,1,1.0,6.0
201700014937,0017-07-08 17:25:00,17,7,8,17,25,720,256,RD304,48.14981,-0.06376,Plein jour,Hors agglomération,Hors intersection,Normale,Deux véhicules - côté,,,,,,,,,,,1,1,1,1.0,3.0
201700014938,0017-08-02 20:30:00,17,8,2,20,30,720,315,Lieu dit la belle Etoile,48.18317,-0.09213,Plein jour,Hors agglomération,Hors intersection,Normale,Sans collision,,,,,,,,,,,1,1,1,1.0,7.0
201700014939,0017-08-03 23:15:00,17,8,3,23,15,720,334,Carrefour D5 et la grand,48.20581,-0.14429,Nuit sans éclairage public,Hors agglomération,Hors intersection,Normale,Deux véhicules - côté,,,,,,,,,,,3,1,1,1.0,3.0
201700014940,0017-08-14 21:55:00,17,8,14,21,55,720,198,le petit pin,48.05282,0.14539,Nuit sans éclairage public,Hors agglomération,Hors intersection,Normale,Autre collision,,,,,,,,,,,3,1,1,1.0,6.0
201700014941,0017-09-27 12:35:00,17,9,27,12,35,720,1,D 304 carrefour route de,48.0782,0.11543,Plein jour,En agglomération,Hors intersection,Normale,Deux véhicules - arrière,,,,,,,,,,,1,2,1,1.0,2.0
201700014942,0017-10-17 16:50:00,17,10,17,16,50,720,351,la loge du bray,48.10315,-0.10272,Plein jour,Hors agglomération,Autre intersection,Normale,Deux véhicules - côté,,,,,,,,,,,1,1,9,1.0,3.0
201700014943,0017-10-22 13:30:00,17,10,22,13,30,720,315,LES TROIS CHEMINEES,48.18177,-0.10295,Plein jour,Hors agglomération,Intersection en X,Pluie légère,Deux véhicules - côté,,,,,,,,,,,1,1,2,2.0,3.0
201700014944,0017-11-25 10:30:00,17,11,25,10,30,720,89,CD 21 MORTRE,48.11014,-0.02472,Plein jour,Hors agglomération,Hors intersection,Normale,Sans collision,,,,,,,,,,,1,1,1,1.0,7.0
201700014945,0017-12-08 15:05:00,17,12,8,15,5,720,229,D38 bis,48.10593,-0.19484,Plein jour,Hors agglomération,Intersection en X,Normale,Deux véhicules - côté,,,,,,,,,,,1,1,2,1.0,3.0
201700014946,0017-03-24 00:05:00,17,3,24,0,5,720,143,rue de l'hotel de ville,47.86675,0.46339,Nuit avec éclairage allumé,En agglomération,Hors intersection,Normale,Autre collision,,,,,,,,,,,5,2,1,1.0,6.0
201700014947,0017-03-30 19:20:00,17,3,30,19,20,720,52,32 rue de vaugermain,47.74191,0.50585,Plein jour,Hors agglomération,Hors intersection,Normale,Autre collision,,,,,,,,,,,1,1,1,1.0,6.0
201700014948,0017-04-19 19:45:00,17,4,19,19,45,720,143,Départementale 13 croise,47.85972,0.44629,Plein jour,Hors agglomération,Hors intersection,Normale,Deux véhicules - frontale,,,,,,,,,,,1,1,1,1.0,1.0
201700014949,0017-04-20 17:40:00,17,4,20,17,40,720,143,Niveau du lieu dit la fl,47.86989,0.46805,Plein jour,En agglomération,Hors intersection,Normale,Deux véhicules - côté,,,,,,,,,,,1,2,1,1.0,3.0
201700014950,0017-05-05 01:10:00,17,5,5,1,10,720,376,La follière,47.86925,0.49678,Nuit sans éclairage public,Hors agglomération,Hors intersection,Normale,Autre collision,,,,,,,,,,,3,1,1,1.0,6.0
201700014951,0017-05-14 02:00:00,17,5,14,2,0,720,71,23 rue Laurentine proust,47.68751,0.42195,Nuit avec éclairage allumé,En agglomération,Hors intersection,Normale,Sans collision,,,,,,,,,,,5,2,1,1.0,7.0
201700014952,0017-06-04 20:00:00,17,6,4,20,0,720,210,lieu dit le petit gout,47.86131,0.59031,Plein jour,Hors agglomération,Hors intersection,Normale,Autre collision,,,,,,,,,,,1,1,1,1.0,6.0
201700014953,0017-06-04 19:20:00,17,6,4,19,20,720,248,lieu-dit Charlieu,47.84626,0.42713,Plein jour,Hors agglomération,Hors intersection,Normale,Deux véhicules - frontale,,,,,,,,,,,1,1,1,1.0,1.0
201700014954,0017-06-17 18:05:00,17,6,17,18,5,720,71,Avenue jean jaures,47.69442,0.41786,Plein jour,En agglomération,Hors intersection,Temps éblouissant,Deux véhicules - côté,,,,,,,,,,,1,2,1,7.0,3.0
201700014955,0017-07-12 15:45:00,17,7,12,15,45,720,71,rue du val de loir,47.6837,0.4176,Plein jour,En agglomération,Hors intersection,Normale,Deux véhicules - côté,,,,,,,,,,,1,2,1,1.0,3.0
201700014956,0017-07-25 10:05:00,17,7,25,10,5,720,384,rue nationale,47.68651,0.43829,Plein jour,En agglomération,Hors intersection,Temps couvert,Deux véhicules - arrière,,,,,,,,,,,1,2,1,8.0,2.0
201700014957,0017-08-02 02:00:00,17,8,2,2,0,720,28,"RD 338, PK 014.000",47.75737,0.38339,Nuit sans éclairage public,Hors agglomération,Hors intersection,Normale,Autre collision,,,,,,,,,,,3,1,1,1.0,6.0
201700014958,0017-08-09 15:50:00,17,8,9,15,50,720,71,LA GRANDE PESNIÈRE,47.71398,0.43383,Plein jour,Hors agglomération,Hors intersection,Normale,Autre collision,,,,,,,,,,,1,1,1,1.0,6.0
201700014959,0017-09-21 20:30:00,17,9,21,20,30,720,143,Lieu dit Le chêne,47.89637,0.44106,Nuit sans éclairage public,Hors agglomération,Hors intersection,Normale,Autre collision,,,,,,,,,,,3,1,1,1.0,6.0
201700014960,0017-09-22 10:10:00,17,9,22,10,10,720,248,D13,47.83748,0.43279,Plein jour,Hors agglomération,Hors intersection,Normale,Sans collision,,,,,,,,,,,1,1,1,1.0,7.0
201700014961,0017-10-12 07:40:00,17,10,12,7,40,720,221,Le prieuré,47.6509,0.39966,Crépuscule ou aube,Hors agglomération,Hors intersection,Normale,Deux véhicules - frontale,,,,,,,,,,,2,1,1,1.0,1.0
201700014962,0017-10-27 20:00:00,17,10,27,20,0,720,314,3-1 rue du calvaire,47.80533,0.52325,Nuit avec éclairage allumé,En agglomération,Hors intersection,Brouillard / fumée,Deux véhicules - côté,,,,,,,,,,,5,2,1,5.0,3.0
201700014963,0017-11-25 07:50:00,17,11,25,7,50,720,183,La basse pointe,47.73076,0.53776,Plein jour,Hors agglomération,Hors intersection,Normale,Sans collision,,,,,,,,,,,1,1,1,1.0,7.0
201700014964,0017-01-28 10:15:00,17,1,28,10,15,720,195,Les Bayles-Courcelles,47.80876,-0.04211,Plein jour,Hors agglomération,Hors intersection,Normale,Autre collision,,,,,,,,,,,1,1,1,1.0,6.0
201700014965,0017-02-06 16:20:00,17,2,6,16,20,720,21,La Morillonniere,47.86722,-0.19407,Plein jour,Hors agglomération,Hors intersection,Pluie légère,Autre collision,,,,,,,,,,,1,1,1,2.0,6.0
201700014966,0017-02-13 16:20:00,17,2,13,16,20,720,22,point du jour - RD306,47.76507,-0.19107,Plein jour,Hors agglomération,Hors intersection,Normale,Deux véhicules - côté,,,,,,,,,,,1,1,1,1.0,3.0
201700014967,0017-03-26 12:30:00,17,3,26,12,30,720,179,Lieu dit la Croix du cha,47.80211,-0.11016,Plein jour,Hors agglomération,Hors intersection,Normale,Sans collision,,,,,,,,,,,1,1,1,1.0,7.0
201700014968,0017-03-30 04:00:00,17,3,30,4,0,720,179,1 bis rue Henri AGUESSE,47.81575,-0.08187,Nuit sans éclairage public,En agglomération,Hors intersection,Normale,Autre collision,,,,,,,,,,,3,2,1,1.0,6.0
201700014969,0017-04-27 02:45:00,17,4,27,2,45,720,223,LD LES POMMIERS,47.85916,-0.10005,Nuit sans éclairage public,Hors agglomération,Hors intersection,Brouillard / fumée,Sans collision,,,,,,,,,,,3,1,1,5.0,7.0
201700014970,0017-05-20 23:15:00,17,5,20,23,15,720,59,route du plan d'eau,47.91688,-0.16865,Nuit sans éclairage public,En agglomération,Hors intersection,Normale,Deux véhicules - frontale,,,,,,,,,,,3,2,1,1.0,1.0
201700014971,0017-07-30 20:20:00,17,7,30,20,20,720,347,lieu-dit la Richardière,47.87928,-0.14942,Crépuscule ou aube,Hors agglomération,Hors intersection,Normale,Deux véhicules - côté,,,,,,,,,,,2,1,1,1.0,3.0
201700014972,0017-08-27 06:10:00,17,8,27,6,10,720,59,RD79,47.91984,-0.15718,Crépuscule ou aube,Hors agglomération,Hors intersection,Normale,Sans collision,,,,,,,,,,,2,1,1,1.0,7.0
201700014973,0017-09-01 00:25:00,17,9,1,0,25,720,239,Départementale 4,47.91635,-0.27148,Nuit sans éclairage public,Hors agglomération,Hors intersection,Normale,Autre collision,,,,,,,,,,,3,1,1,1.0,6.0
201700014974,0017-09-21 13:45:00,17,9,21,13,45,720,184,lieu-dit la boussinière,47.98187,-0.19828,Plein jour,Hors agglomération,Hors intersection,Normale,Deux véhicules - frontale,,,,,,,,,,,1,1,1,1.0,1.0
201700014975,0017-10-13 20:45:00,17,10,13,20,45,720,59,La Brebionnière,47.89652,-0.14771,Nuit sans éclairage public,Hors agglomération,Hors intersection,Normale,Autre collision,,,,,,,,,,,3,1,1,1.0,6.0
201700014976,0017-11-06 21:20:00,17,11,6,21,20,720,50,D21,47.97437,-0.22624,Nuit avec éclairage allumé,En agglomération,Hors intersection,Brouillard / fumée,Autre collision,,,,,,,,,,,5,2,1,5.0,6.0
201700014977,0017-12-17 18:00:00,17,12,17,18,0,720,19,lieu dit la noe biseul,47.94987,-0.2862,Nuit sans éclairage public,Hors agglomération,Hors intersection,Temps couvert,Deux véhicules - frontale,,,,,,,,,,,3,1,1,8.0,1.0
201700014978,0017-04-06 17:20:00,17,4,6,17,20,720,98,PK 29+200 croissant à pr,47.69184,0.19546,Plein jour,Hors agglomération,Hors intersection,Normale,Trois véhicules et plus - collisions multiples,,,,,,,,,,,1,1,1,1.0,5.0
201700014979,0017-04-23 11:50:00,17,4,23,11,50,720,182,27 rue du champ de foire,47.74359,0.13529,Plein jour,En agglomération,Hors intersection,Normale,Deux véhicules - côté,,,,,,,,,,,1,2,1,1.0,3.0
201700014980,0017-05-19 15:30:00,17,5,19,15,30,720,175,D214,47.69354,0.12889,Plein jour,Hors agglomération,Hors intersection,Normale,Deux véhicules - côté,,,,,,,,,,,1,1,1,1.0,3.0
201700014981,0017-05-22 07:30:00,17,5,22,7,30,720,160,Hameau de Bellevue,47.70289,0.37243,Plein jour,Hors agglomération,Hors intersection,Normale,Deux véhicules - côté,,,,,,,,,,,1,1,1,1.0,3.0
201700014982,0017-06-16 21:00:00,17,6,16,21,0,720,252,LIEU-DIT LA SERVINIÈRE,47.79545,0.13852,Plein jour,Hors agglomération,Hors intersection,Temps éblouissant,Deux véhicules - frontale,,,,,,,,,,,1,1,1,7.0,1.0
201700014983,0017-07-10 17:35:00,17,7,10,17,35,720,135,"Lieu Dit ""La Belle entre",47.78505,0.03654,Plein jour,Hors agglomération,Hors intersection,Normale,Deux véhicules - frontale,,,,,,,,,,,1,1,1,1.0,1.0
201700014984,0017-07-15 19:40:00,17,7,15,19,40,720,243,La Goutelle,47.75354,0.21472,Plein jour,Hors agglomération,Hors intersection,Normale,Deux véhicules - côté,,,,,,,,,,,1,1,1,1.0,3.0
201700014985,0017-08-08 15:10:00,17,8,8,15,10,720,176,lieu-dit la gannetière i,47.65918,0.11272,Plein jour,Hors agglomération,Intersection en T,Normale,Deux véhicules - frontale,,,,,,,,,,,1,1,3,1.0,1.0
201700014986,0017-08-14 16:45:00,17,8,14,16,45,720,77,"Lieu dit ""FORGEAIS""",47.5762,0.35851,Plein jour,Hors agglomération,Hors intersection,Normale,Deux véhicules - frontale,,,,,,,,,,,1,1,1,1.0,1.0
201700014987,0017-08-14 10:05:00,17,8,14,10,5,720,154,LES AULNES,47.68926,-0.06464,Plein jour,Hors agglomération,Hors intersection,Normale,Deux véhicules - côté,,,,,,,,,,,1,1,1,1.0,3.0
201700014988,0017-10-13 11:50:00,17,10,13,11,50,720,77,RD 141,47.62062,0.32573,Plein jour,Hors agglomération,Hors intersection,Normale,Deux véhicules - côté,,,,,,,,,,,1,1,1,1.0,3.0
201700014989,0017-10-29 11:40:00,17,10,29,11,40,720,191,D13,47.77099,0.33386,Plein jour,Hors agglomération,Hors intersection,Pluie légère,Sans collision,,,,,,,,,,,1,1,1,2.0,7.0
201700014990,0017-02-20 05:45:00,17,2,20,5,45,720,276,D85,48.2701,0.46062,Nuit sans éclairage public,Hors agglomération,Hors intersection,Pluie légère,Autre collision,,,,,,,,,,,3,1,1,2.0,6.0
201700014991,0017-04-05 22:20:00,17,4,5,22,20,720,276,D2,48.27736,0.44275,Nuit sans éclairage public,Hors agglomération,Hors intersection,Normale,Deux véhicules - côté,,,,,,,,,,,3,1,1,1.0,3.0
201700014992,0017-04-11 23:35:00,17,4,11,23,35,720,374,D116,48.36988,0.28421,Nuit sans éclairage public,Hors agglomération,Hors intersection,Normale,Autre collision,,,,,,,,,,,3,1,1,1.0,6.0
201700014993,0017-04-17 09:30:00,17,4,17,9,30,720,196,La Boulière,48.18995,0.31307,Plein jour,Hors agglomération,Hors intersection,Normale,Autre collision,,,,,,,,,,,1,1,1,1.0,6.0
201700014994,0017-04-18 22:00:00,17,4,18,22,0,720,112,le grand mé fossé,48.24827,0.2763,Nuit sans éclairage public,Hors agglomération,Hors intersection,Normale,Deux véhicules - frontale,,,,,,,,,,,3,1,1,1.0,1.0
201700014995,0017-04-26 04:55:00,17,4,26,4,55,720,39,D301,48.18073,0.41085,Crépuscule ou aube,Hors agglomération,Hors intersection,Normale,Deux véhicules - arrière,,,,,,,,,,,2,1,1,1.0,2.0
201700014996,0017-04-29 18:55:00,17,4,29,18,55,720,104,D300,48.28171,0.27868,Plein jour,Hors agglomération,Hors intersection,Normale,Deux véhicules - arrière,,,,,,,,,,,1,1,1,1.0,2.0
201700014997,0017-05-05 20:55:00,17,5,5,20,55,720,259,le guemancais,48.24978,0.44629,Plein jour,Hors agglomération,Hors intersection,Normale,Deux véhicules - frontale,,,,,,,,,,,1,1,1,1.0,1.0
201700014998,0017-05-13 19:35:00,17,5,13,19,35,720,276,avenue de l'europe,48.27406,0.44802,Plein jour,En agglomération,Intersection en X,Normale,Deux véhicules - côté,,,,,,,,,,,1,2,2,1.0,3.0
201700014999,0017-05-14 16:40:00,17,5,14,16,40,720,317,rue de la barricade,48.34733,0.25145,Plein jour,Hors agglomération,Hors intersection,Normale,Deux véhicules - arrière,,,,,,,,,,,1,1,1,1.0,2.0
201700015000,0017-06-06 19:30:00,17,6,6,19,30,720,180,boulevard de l'europe,48.36014,0.36792,Plein jour,En agglomération,Intersection en T,Pluie légère,Deux véhicules - côté,,,,,,,,,,,1,2,3,2.0,3.0
201700015001,0017-06-20 07:00:00,17,6,20,7,0,720,189,80 Rue de Mamers,48.25555,0.31786,Plein jour,En agglomération,Hors intersection,Normale,Deux véhicules - côté,,,,,,,,,,,1,2,1,1.0,3.0
201700015002,0017-06-24 10:15:00,17,6,24,10,15,720,39,CD 19,48.19053,0.41832,Plein jour,Hors agglomération,Hors intersection,Normale,Sans collision,,,,,,,,,,,1,1,1,1.0,7.0
201700015003,0017-07-10 17:55:00,17,7,10,17,55,720,295,D 311 PK 5.210,48.35963,0.30351,Plein jour,Hors agglomération,Hors intersection,Normale,Trois véhicules et plus - collisions multiples,,,,,,,,,,,1,1,1,1.0,5.0
201700015004,0017-07-12 23:55:00,17,7,12,23,55,720,116,Lieu dit la cour,48.23528,0.29586,Nuit sans éclairage public,Hors agglomération,Hors intersection,Normale,Sans collision,,,,,,,,,,,3,1,1,1.0,7.0
201700015005,0017-07-20 13:25:00,17,7,20,13,25,720,104,"CD 26, PK 13.500",48.289,0.25854,Plein jour,Hors agglomération,Hors intersection,Pluie légère,Deux véhicules - frontale,,,,,,,,,,,1,1,1,2.0,1.0
201700015006,0017-07-23 21:05:00,17,7,23,21,5,720,39,1 rue gallièni,48.17436,0.42672,Plein jour,En agglomération,Hors intersection,Pluie légère,Autre collision,,,,,,,,,,,1,2,1,2.0,6.0
201700015007,0017-07-28 15:25:00,17,7,28,15,25,720,189,Rue de Bonnétable,48.25082,0.31446,Plein jour,En agglomération,Hors intersection,Normale,Deux véhicules - côté,,,,,,,,,,,1,2,1,1.0,3.0
201700015008,0017-09-25 09:30:00,17,9,25,9,30,720,180,RUE DU FORT,48.35056,0.375,Plein jour,En agglomération,Hors intersection,Normale,Autre collision,,,,,,,,,,,1,2,1,1.0,6.0
201700015009,0017-10-20 08:50:00,17,10,20,8,50,720,112,19 rue de la Libération,48.24843,0.25682,Plein jour,En agglomération,Hors intersection,Normale,Autre collision,,,,,,,,,,,1,2,1,1.0,6.0
201700015010,0017-10-28 10:50:00,17,10,28,10,50,720,194,CD 27,48.23588,0.21834,Plein jour,Hors agglomération,Hors intersection,Normale,Autre collision,,,,,,,,,,,1,1,1,1.0,6.0
201700015011,0017-11-04 14:50:00,17,11,4,14,50,720,112,la plaine,48.24314,0.25163,Plein jour,Hors agglomération,Hors intersection,Pluie forte,Autre collision,,,,,,,,,,,1,1,1,3.0,6.0
201700015012,0017-11-30 16:45:00,17,11,30,16,45,720,180,D311,48.35577,0.38352,Plein jour,Hors agglomération,Hors intersection,Normale,Autre collision,,,,,,,,,,,1,1,1,1.0,6.0