accident_id,datetime,annee,mois,jour,heure,minute,departement,commune_insee,adresse,latitude,longitude,luminosite,agglomeration,intersection,meteo,collision,nb_vehicules,nb_usagers,nb_indemnes,nb_tues,nb_blesses_hosp,nb_blesses_legers,age_cond_1,age_cond_2,veh_type_cond_1,veh_type_cond_2,lum_code,agg_code,int_code,atm_code,col_code
201700015138,0017-10-01 06:00:00,17,10,1,6,0,140,220,AUMONE (CHEMIN DE L'),49.34517,0.07684,Nuit sans éclairage public,En agglomération,Hors intersection,Pluie légère,Autre collision,,,,,,,,,,,3,2,1,2.0,6.0
201700015139,0017-08-14 19:10:00,17,8,14,19,10,140,557,VALLEE (Rue de la),49.33596,0.09183,Plein jour,En agglomération,Intersection en X,Normale,Sans collision,,,,,,,,,,,1,2,2,1.0,7.0
201700015140,0017-08-28 12:45:00,17,8,28,12,45,140,715,"146, FERNAND MOUREAUX (B",49.36494,0.08247,Plein jour,En agglomération,Hors intersection,Normale,Sans collision,,,,,,,,,,,1,2,1,1.0,7.0
201700015141,0017-09-01 13:05:00,17,9,1,13,5,140,220,GAMBETTA (RUE),49.36068,0.07783,Plein jour,En agglomération,Intersection en X,Pluie légère,Deux véhicules - côté,,,,,,,,,,,1,2,2,2.0,3.0
201700015142,0017-09-08 10:35:00,17,9,8,10,35,140,715,"2, HAUTPOUL (BOULEVARD)",49.36416,0.08465,Plein jour,En agglomération,Hors intersection,Normale,Sans collision,,,,,,,,,,,1,2,1,1.0,7.0
201700015143,0017-12-11 07:00:00,17,12,11,7,0,140,557,MARE (VOIE COMMUNALE DE,49.33679,0.08218,Nuit avec éclairage allumé,Hors agglomération,Hors intersection,Pluie forte,Autre collision,,,,,,,,,,,5,1,1,3.0,6.0
201700015144,0017-10-13 22:50:00,17,10,13,22,50,140,79,VILLERS (ROUTE DE),49.31166,0.02399,Nuit avec éclairage non allumé,Hors agglomération,Hors intersection,Normale,Autre collision,,,,,,,,,,,4,1,1,1.0,6.0
201700015145,0017-10-17 17:35:00,17,10,17,17,35,140,701,CD 278,49.34998,0.0543,Plein jour,Hors agglomération,Hors intersection,Normale,Autre collision,,,,,,,,,,,1,1,1,1.0,6.0
201700015146,0017-10-15 11:31:00,17,10,15,11,31,140,715,NOTRE DAME (PLACE),49.36501,0.08398,Plein jour,En agglomération,Hors intersection,Normale,Deux véhicules - côté,,,,,,,,,,,1,2,1,1.0,3.0
201700015147,0017-11-02 17:50:00,17,11,2,17,50,140,699,R.D. 74,49.37453,0.12839,Plein jour,Hors agglomération,Hors intersection,Normale,Autre collision,,,,,,,,,,,1,1,1,1.0,6.0
201700015148,0017-10-10 11:20:00,17,10,10,11,20,140,715,AGUESSEAU (RUE D'),49.36122,0.09036,Plein jour,En agglomération,Hors intersection,Normale,Trois véhicules et plus - en chaîne,,,,,,,,,,,1,2,1,1.0,4.0
201700015149,0017-11-02 21:45:00,17,11,2,21,45,140,59,LITTORAL (AVENUE DU),49.34703,0.046,Nuit avec éclairage allumé,En agglomération,Hors intersection,Normale,Autre collision,,,,,,,,,,,5,2,1,1.0,6.0
201700015150,0017-11-18 10:00:00,17,11,18,10,0,140,79,PRIEURE (RUE DU),49.33818,0.08879,Plein jour,En agglomération,Hors intersection,Pluie légère,Autre collision,,,,,,,,,,,1,2,1,2.0,6.0
201700015151,0017-11-10 12:40:00,17,11,10,12,40,140,220,FOSSORIER (RUE),49.35845,0.07571,Plein jour,En agglomération,Intersection en T,Normale,Deux véhicules - côté,,,,,,,,,,,1,2,3,1.0,3.0
201700015152,0017-11-17 16:05:00,17,11,17,16,5,140,699,MESANGE (RUE DE LA),49.35254,0.09633,Plein jour,En agglomération,Intersection en T,Normale,Deux véhicules - côté,,,,,,,,,,,1,2,3,1.0,3.0
201700015153,0017-12-05 08:12:00,17,12,5,8,12,140,79,SAINTE ADELE (RUE),49.3398,0.0309,Crépuscule ou aube,En agglomération,Intersection en T,Normale,Deux véhicules - arrière,,,,,,,,,,,2,2,3,1.0,2.0
201700015154,0017-12-06 10:09:00,17,12,6,10,9,140,699,CD 677,49.34937,0.09494,Plein jour,Hors agglomération,Hors intersection,Normale,Deux véhicules - frontale,,,,,,,,,,,1,1,1,1.0,1.0
201700015155,0017-03-11 09:20:00,17,3,11,9,20,660,24,rond point du casino,42.51401,2.82995,Plein jour,En agglomération,Giratoire,Normale,Deux véhicules - côté,,,,,,,,,,,1,2,6,1.0,3.0
201700015156,0017-03-11 14:50:00,17,3,11,14,50,660,137,66 avenue de France,42.46354,2.8633,Plein jour,En agglomération,Hors intersection,Normale,Autre collision,,,,,,,,,,,1,2,1,1.0,6.0
201700015157,0017-05-28 11:45:00,17,5,28,11,45,660,63,route départementale 900,,,Plein jour,Hors agglomération,Hors intersection,Normale,Deux véhicules - frontale,,,,,,,,,,,1,1,1,1.0,1.0
201700015158,0017-06-10 09:25:00,17,6,10,9,25,660,178,RD115,,,Plein jour,Hors agglomération,Hors intersection,Normale,Deux véhicules - frontale,,,,,,,,,,,1,1,1,1.0,1.0
201700015159,0017-06-18 08:15:00,17,6,18,8,15,660,15,D 900 et D 40 A,42.55438,2.85889,Plein jour,Hors agglomération,Hors intersection,Normale,Deux véhicules - côté,,,,,,,,,,,1,1,1,1.0,3.0
201700015160,0017-07-29 22:30:00,17,7,29,22,30,660,24,Avenue du Général DE GAU,42.52546,2.83344,Nuit avec éclairage allumé,En agglomération,Hors intersection,Normale,Trois véhicules et plus - en chaîne,,,,,,,,,,,5,2,1,1.0,4.0
201700015161,0017-09-28 13:35:00,17,9,28,13,35,660,137,D900 Pr 52 + 382,,,Plein jour,Hors agglomération,Hors intersection,Normale,Deux véhicules - frontale,,,,,,,,,,,1,1,1,1.0,1.0
201700015162,0017-10-22 08:15:00,17,10,22,8,15,660,15,RD900,42.56312,2.85188,Plein jour,Hors agglomération,Hors intersection,Normale,Autre collision,,,,,,,,,,,1,1,1,1.0,6.0
201700015163,0017-11-14 16:05:00,17,11,14,16,5,660,137,D900 Pr 51+800,,,Plein jour,Hors agglomération,Hors intersection,Normale,Deux véhicules - frontale,,,,,,,,,,,1,1,1,1.0,1.0
201700015164,0017-12-23 03:30:00,17,12,23,3,30,660,196,chemin de la grande Gaba,42.54058,2.94856,Nuit sans éclairage public,Hors agglomération,Hors intersection,Normale,Sans collision,,,,,,,,,,,3,1,1,1.0,7.0
201700015165,0017-03-05 09:10:00,17,3,5,9,10,660,148,D914,,,Plein jour,Hors agglomération,Hors intersection,Normale,Sans collision,,,,,,,,,,,1,1,1,1.0,7.0
201700015166,0017-07-04 17:00:00,17,7,4,17,0,660,48,D914,42.44793,3.16396,Plein jour,Hors agglomération,Hors intersection,Normale,Deux véhicules - côté,,,,,,,,,,,1,1,1,1.0,3.0
201700015167,0017-07-23 11:00:00,17,7,23,11,0,660,53,Route de Collioure -D114,42.52328,3.09767,Plein jour,Hors agglomération,Hors intersection,Normale,Deux véhicules - frontale,,,,,,,,,,,1,1,1,1.0,1.0
201700015168,0017-09-02 15:15:00,17,9,2,15,15,660,48,,,,Plein jour,Hors agglomération,Hors intersection,Normale,Autre collision,,,,,,,,,,,1,1,1,1.0,6.0
201700015169,0017-10-04 14:00:00,17,10,4,14,0,660,148,RD 914 - PK 32.260 - lie,,,Plein jour,Hors agglomération,Intersection en T,Temps éblouissant,Deux véhicules - arrière,,,,,,,,,,,1,1,3,7.0,2.0
201700015170,0017-10-06 20:35:00,17,10,6,20,35,660,48,D914,42.43545,3.15836,Nuit sans éclairage public,Hors agglomération,Hors intersection,Normale,Deux véhicules - frontale,,,,,,,,,,,3,1,1,1.0,1.0
201700015171,0017-04-08 08:52:00,17,4,8,8,52,660,36,RN 116 - PK 59+620 - Rav,,,Plein jour,Hors agglomération,Hors intersection,Normale,Autre collision,,,,,,,,,,,1,1,1,1.0,6.0
201700015172,0017-07-28 16:30:00,17,7,28,16,30,660,125,RN 116,42.55066,2.26705,Plein jour,Hors agglomération,Intersection en Y,Normale,Deux véhicules - côté,,,,,,,,,,,1,1,4,1.0,3.0
201700015173,0017-08-05 13:15:00,17,8,5,13,15,660,193,RN116 -,42.56906,2.3278,Plein jour,Hors agglomération,Hors intersection,Normale,Deux véhicules - frontale,,,,,,,,,,,1,1,1,1.0,1.0
201700015174,0017-09-01 18:10:00,17,9,1,18,10,660,85,"RN116, PR50+0020",42.58113,2.35209,Plein jour,Hors agglomération,Hors intersection,Normale,Deux véhicules - côté,,,,,,,,,,,1,1,1,1.0,3.0
201700015175,0017-09-29 16:00:00,17,9,29,16,0,660,149,plaine saint martin,42.62057,2.41586,Plein jour,En agglomération,Hors intersection,Normale,Autre collision,,,,,,,,,,,1,2,1,1.0,6.0
201700015176,0017-11-27 17:25:00,17,11,27,17,25,660,149,RN-116,42.62341,2.43397,Plein jour,En agglomération,Hors intersection,Normale,Deux véhicules - côté,,,,,,,,,,,1,2,1,1.0,3.0
201700015177,0017-12-06 17:50:00,17,12,6,17,50,660,95,RN.20,42.47124,1.88165,Crépuscule ou aube,Hors agglomération,Hors intersection,Normale,Trois véhicules et plus - collisions multiples,,,,,,,,,,,2,1,1,1.0,5.0
201700015178,0017-12-07 18:13:00,17,12,7,18,13,660,25,Départemental 70,,,Nuit sans éclairage public,Hors agglomération,Hors intersection,Normale,Trois véhicules et plus - en chaîne,,,,,,,,,,,3,1,1,1.0,4.0
201700015179,0017-01-24 09:29:00,17,1,24,9,29,660,4,D32,,,Plein jour,Hors agglomération,Hors intersection,Normale,Deux véhicules - côté,,,,,,,,,,,1,1,1,1.0,3.0
201700015180,0017-06-18 12:45:00,17,6,18,12,45,660,98,D 118,,,Plein jour,Hors agglomération,Hors intersection,Normale,Trois véhicules et plus - collisions multiples,,,,,,,,,,,1,1,1,1.0,5.0
201700015181,0017-07-21 20:55:00,17,7,21,20,55,660,4,CD 32,42.55401,2.07555,Crépuscule ou aube,Hors agglomération,Hors intersection,Temps couvert,Sans collision,,,,,,,,,,,2,1,1,8.0,7.0
201700015182,0017-11-15 20:45:00,17,11,15,20,45,660,192,RN 116,42.50625,2.16102,Nuit sans éclairage public,Hors agglomération,Hors intersection,Normale,Autre collision,,,,,,,,,,,3,1,1,1.0,6.0
201700015183,0017-04-17 17:30:00,17,4,17,17,30,660,107,RD 117,42.81708,2.61913,Plein jour,Hors agglomération,Hors intersection,Normale,Sans collision,,,,,,,,,,,1,1,1,1.0,7.0
201700015184,0017-09-22 14:05:00,17,9,22,14,5,660,42,RD 17,,,Plein jour,Hors agglomération,Hors intersection,Normale,Deux véhicules - côté,,,,,,,,,,,1,1,1,1.0,3.0
201700015185,0017-12-26 11:45:00,17,12,26,11,45,660,71,avenue du Docteur Torrei,42.77279,2.69813,Plein jour,Hors agglomération,Intersection en T,Normale,Deux véhicules - côté,,,,,,,,,,,1,1,3,1.0,3.0
201700015186,0017-02-04 15:45:00,17,2,4,15,45,580,95,boulevard voltaire,46.8284,3.45871,Plein jour,En agglomération,Hors intersection,Normale,Autre collision,,,,,,,,,,,1,2,1,1.0,6.0
201700015187,0017-03-10 17:50:00,17,3,10,17,50,580,95,CD 136 - route de Champv,46.83756,3.47912,Crépuscule ou aube,Hors agglomération,Hors intersection,Normale,Trois véhicules et plus - en chaîne,,,,,,,,,,,2,1,1,1.0,4.0
201700015188,0017-05-19 06:20:00,17,5,19,6,20,580,306,RD 981,46.86363,3.58149,Plein jour,Hors agglomération,Hors intersection,Pluie forte,Autre collision,,,,,,,,,,,1,1,1,3.0,6.0
201700015189,0017-05-17 22:00:00,17,5,17,22,0,580,95,Allée marcel merle,46.83321,3.45799,Nuit avec éclairage allumé,En agglomération,Hors intersection,Temps couvert,Sans collision,,,,,,,,,,,5,2,1,8.0,7.0
201700015190,0017-06-18 11:00:00,17,6,18,11,0,580,46,route de vandenesse,46.86505,3.6759,Plein jour,Hors agglomération,Hors intersection,Normale,Sans collision,,,,,,,,,,,1,1,1,1.0,7.0
201700015191,0017-07-14 04:30:00,17,7,14,4,30,580,118,Les Cours Garnet,46.82306,3.70457,Nuit avec éclairage non allumé,Hors agglomération,Hors intersection,Normale,Sans collision,,,,,,,,,,,4,1,1,1.0,7.0
201700015192,0017-07-15 11:25:00,17,7,15,11,25,580,245,intersection d 30 /d979,46.74553,3.65126,Plein jour,Hors agglomération,Hors intersection,Normale,Deux véhicules - côté,,,,,,,,,,,1,1,1,1.0,3.0
201700015193,0017-10-23 10:45:00,17,10,23,10,45,580,118,les cours garnets,46.82196,3.70789,Plein jour,Hors agglomération,Hors intersection,Normale,Deux véhicules - côté,,,,,,,,,,,1,1,1,1.0,3.0
201700015194,0017-10-30 08:45:00,17,10,30,8,45,580,118,RD 981 - Place POUYAT,46.81494,3.71968,Plein jour,En agglomération,Hors intersection,Normale,Deux véhicules - frontale,,,,,,,,,,,1,2,1,1.0,1.0
201700015195,0017-10-31 17:10:00,17,10,31,17,10,580,290,route de vandenesse - D3,46.871,3.69328,Plein jour,Hors agglomération,Hors intersection,Normale,Deux véhicules - côté,,,,,,,,,,,1,1,1,1.0,3.0
201700015196,0017-11-08 13:45:00,17,11,8,13,45,580,306,D981,46.84474,3.59286,Plein jour,Hors agglomération,Hors intersection,Normale,Sans collision,,,,,,,,,,,1,1,1,1.0,7.0
201700015197,0017-11-09 19:10:00,17,11,9,19,10,580,55,Lieu-dit Chateau de marc,46.83257,3.54372,Nuit sans éclairage public,Hors agglomération,Hors intersection,Temps couvert,Autre collision,,,,,,,,,,,3,1,1,8.0,6.0
201700015198,0017-03-05 07:30:00,17,3,5,7,30,580,144,D978A,46.78002,3.08217,Crépuscule ou aube,Hors agglomération,Autre intersection,Normale,Autre collision,,,,,,,,,,,2,1,9,1.0,6.0
201700015199,0017-04-23 15:00:00,17,4,23,15,0,580,144,D22 - PK 0+600,46.75653,3.05918,Plein jour,Hors agglomération,Hors intersection,Normale,Sans collision,,,,,,,,,,,1,1,1,1.0,7.0
201700015200,0017-06-04 06:30:00,17,6,4,6,30,580,104,CD22- PK24,46.7171,3.33747,Crépuscule ou aube,Hors agglomération,Hors intersection,Normale,Autre collision,,,,,,,,,,,2,1,1,1.0,6.0
201700015201,0017-06-11 20:00:00,17,6,11,20,0,580,192,PK:D13-D978A,46.76264,3.29201,Plein jour,Hors agglomération,Intersection en X,Normale,Deux véhicules - côté,,,,,,,,,,,1,1,2,1.0,3.0
201700015202,0017-07-14 04:30:00,17,7,14,4,30,580,264,lieu dit les vignot,46.79744,3.14482,Crépuscule ou aube,Hors agglomération,Hors intersection,Normale,Autre collision,,,,,,,,,,,2,1,1,1.0,6.0
201700015203,0017-07-18 08:55:00,17,7,18,8,55,580,146,"RD 29, PK 12+500",46.698,3.50245,Plein jour,Hors agglomération,Autre intersection,Normale,Autre collision,,,,,,,,,,,1,1,9,1.0,6.0
201700015204,0017-07-29 17:30:00,17,7,29,17,30,580,264,RD 978 A,46.79234,3.14781,Plein jour,Hors agglomération,Hors intersection,Normale,Sans collision,,,,,,,,,,,1,1,1,1.0,7.0
201700015205,0017-08-07 11:10:00,17,8,7,11,10,580,104,lieu dit les petits fill,46.71714,3.37599,Plein jour,Hors agglomération,Hors intersection,Temps éblouissant,Deux véhicules - frontale,,,,,,,,,,,1,1,1,7.0,1.0
201700015206,0017-08-30 13:55:00,17,8,30,13,55,580,152,nationale 7,46.8769,3.15702,Plein jour,Hors agglomération,Hors intersection,Normale,Autre collision,,,,,,,,,,,1,1,1,1.0,6.0
201700015207,0017-01-03 18:45:00,17,1,3,18,45,580,231,lieu dit Les Queudres,47.15862,3.21642,Nuit avec éclairage allumé,Hors agglomération,Hors intersection,Normale,Autre collision,,,,,,,,,,,5,1,1,1.0,6.0
201700015208,0017-03-08 14:55:00,17,3,8,14,55,580,303,Rue Louis Bodin,47.01294,3.14582,Plein jour,En agglomération,Giratoire,Pluie forte,Deux véhicules - arrière,,,,,,,,,,,1,2,6,3.0,2.0
201700015209,0017-03-25 04:15:00,17,3,25,4,15,580,207,La Fontaine BOUTOT,47.09251,3.16837,Nuit sans éclairage public,En agglomération,Hors intersection,Normale,Autre collision,,,,,,,,,,,3,2,1,1.0,6.0
201700015210,0017-05-05 08:50:00,17,5,5,8,50,580,131,04 rue Alfred Massé,47.08821,3.19618,Plein jour,En agglomération,Hors intersection,Normale,Autre collision,,,,,,,,,,,1,2,1,1.0,6.0
201700015211,0017-05-05 18:45:00,17,5,5,18,45,580,303,11 rue François Rabelais,47.01398,3.16129,Plein jour,En agglomération,Hors intersection,Normale,Deux véhicules - côté,,,,,,,,,,,1,2,1,1.0,3.0
201700015212,0017-05-31 07:30:00,17,5,31,7,30,580,207,RD 117,47.09699,3.18689,Plein jour,Hors agglomération,Hors intersection,Normale,Deux véhicules - frontale,,,,,,,,,,,1,1,1,1.0,1.0
201700015213,0017-06-16 04:15:00,17,6,16,4,15,580,303,rue du colonel RIMAILHO,47.00313,3.13897,Nuit avec éclairage allumé,En agglomération,Hors intersection,Normale,Deux véhicules - frontale,,,,,,,,,,,5,2,1,1.0,1.0
201700015214,0017-06-12 08:10:00,17,6,12,8,10,580,88,lieu dit forgeneuve,47.01796,3.20799,Plein jour,Hors agglomération,Hors intersection,Normale,Deux véhicules - côté,,,,,,,,,,,1,1,1,1.0,3.0
201700015215,0017-06-23 12:25:00,17,6,23,12,25,580,303,Route de Fourchambault,47.01206,3.12222,Plein jour,Hors agglomération,Hors intersection,Normale,Sans collision,,,,,,,,,,,1,1,1,1.0,7.0
201700015216,0017-06-23 11:55:00,17,6,23,11,55,580,303,route de Fourchambault,47.01031,3.12805,Plein jour,En agglomération,Hors intersection,Normale,Deux véhicules - côté,,,,,,,,,,,1,2,1,1.0,3.0
201700015217,0017-08-29 21:30:00,17,8,29,21,30,580,131,16 Avenue des gondelins,47.09541,3.19843,Nuit avec éclairage allumé,En agglomération,Hors intersection,Pluie légère,Sans collision,,,,,,,,,,,5,2,1,2.0,7.0
201700015218,0017-10-20 10:20:00,17,10,20,10,20,580,300,74 route de demeurs,47.07503,3.19626,Plein jour,En agglomération,Hors intersection,Pluie légère,Deux véhicules - frontale,,,,,,,,,,,1,2,1,2.0,1.0
201700015219,0017-10-27 13:30:00,17,10,27,13,30,580,300,D 148 - route du bois de,47.03929,3.18913,Plein jour,En agglomération,Hors intersection,Normale,Autre collision,,,,,,,,,,,1,2,1,1.0,6.0
201700015220,0017-01-21 09:45:00,17,1,21,9,45,580,232,31 rue de la badelle,47.00483,3.39833,Plein jour,En agglomération,Hors intersection,Normale,Autre collision,,,,,,,,,,,1,2,1,1.0,6.0
201700015221,0017-02-12 22:10:00,17,2,12,22,10,580,134,Le petit moulin,46.94156,3.27987,Nuit sans éclairage public,Hors agglomération,Hors intersection,Normale,Sans collision,,,,,,,,,,,3,1,1,1.0,7.0
201700015222,0017-02-22 07:30:00,17,2,22,7,30,580,273,départementale 981,46.95522,3.25356,Crépuscule ou aube,Hors agglomération,Hors intersection,Normale,Deux véhicules - frontale,,,,,,,,,,,2,1,1,1.0,1.0
201700015223,0017-04-15 00:10:00,17,4,15,0,10,580,134,Rue Paul Vaillant Coutur,46.9274,3.26265,Nuit avec éclairage allumé,En agglomération,Intersection en X,Normale,Deux véhicules - côté,,,,,,,,,,,5,2,2,1.0,3.0
201700015224,0017-09-05 18:00:00,17,9,5,18,0,580,278,route départementale PK,46.95124,3.19829,Plein jour,Hors agglomération,Hors intersection,Normale,Deux véhicules - côté,,,,,,,,,,,1,1,1,1.0,3.0
201700015225,0017-09-19 12:55:00,17,9,19,12,55,580,31,Intersection C10 et rout,47.00963,3.48105,Plein jour,Hors agglomération,Intersection en T,Normale,Trois véhicules et plus - collisions multiples,,,,,,,,,,,1,1,3,1.0,5.0
201700015226,0017-10-11 15:15:00,17,10,11,15,15,580,232,RD978 / RD104,47.003,3.36762,Plein jour,Hors agglomération,Intersection en T,Normale,Deux véhicules - côté,,,,,,,,,,,1,1,3,1.0,3.0
201700015227,0017-10-18 18:15:00,17,10,18,18,15,580,278,route de Lyon,46.96297,3.15723,Plein jour,En agglomération,Intersection en T,Normale,Deux véhicules - côté,,,,,,,,,,,1,2,3,1.0,3.0
201700015228,0017-11-21 13:50:00,17,11,21,13,50,580,278,D 13 - PK 5+200,46.94766,3.20038,Plein jour,Hors agglomération,Hors intersection,Normale,Deux véhicules - côté,,,,,,,,,,,1,1,1,1.0,3.0
201700015229,0017-06-03 10:00:00,17,6,3,10,0,580,309,"Lieu dit ""chez Jacloix""",46.95964,3.98321,Plein jour,Hors agglomération,Hors intersection,Normale,Autre collision,,,,,,,,,,,1,1,1,1.0,6.0
201700015230,0017-06-20 14:45:00,17,6,20,14,45,580,63,La Détorbe,47.03785,3.94005,Plein jour,Hors agglomération,Hors intersection,Normale,Sans collision,,,,,,,,,,,1,1,1,1.0,7.0
201700015231,0017-07-12 17:10:00,17,7,12,17,10,580,262,le bourg,47.06828,3.80341,Plein jour,En agglomération,Hors intersection,Normale,Autre collision,,,,,,,,,,,1,2,1,1.0,6.0
201700015232,0017-08-08 20:25:00,17,8,8,20,25,580,268,Lieu-dit Fontaine Moinea,46.74532,3.80972,Crépuscule ou aube,Hors agglomération,Hors intersection,Normale,Autre collision,,,,,,,,,,,2,1,1,1.0,6.0
201700015233,0017-09-20 16:15:00,17,9,20,16,15,580,140,lieu-dit Le Charbonnet,46.90924,4.00117,Plein jour,Hors agglomération,Hors intersection,Normale,Sans collision,,,,,,,,,,,1,1,1,1.0,7.0
201700015234,0017-10-05 19:15:00,17,10,5,19,15,580,221,CD 981,46.82982,3.79325,Crépuscule ou aube,Hors agglomération,Hors intersection,Normale,Sans collision,,,,,,,,,,,2,1,1,1.0,7.0
201700015235,0017-11-26 12:30:00,17,11,26,12,30,580,62,route de lormes,47.06517,3.9294,Plein jour,En agglomération,Hors intersection,Brouillard / fumée,Autre collision,,,,,,,,,,,1,2,1,5.0,6.0
201700015236,0017-01-26 11:15:00,17,1,26,11,15,580,185,les suisses,47.18402,4.08607,Plein jour,Hors agglomération,Hors intersection,Autre,Sans collision,,,,,,,,,,,1,1,1,9.0,7.0
201700015237,0017-03-16 15:40:00,17,3,16,15,40,580,37,Le bourg,47.26189,3.93382,Plein jour,En agglomération,Hors intersection,Normale,Autre collision,,,,,,,,,,,1,2,1,1.0,6.0
201700015238,0017-03-23 09:45:00,17,3,23,9,45,580,83,6 bis avenue du champ de,47.25529,3.68393,Plein jour,En agglomération,Hors intersection,Normale,Autre collision,,,,,,,,,,,1,2,1,1.0,6.0
201700015239,0017-03-25 05:30:00,17,3,25,5,30,580,80,D958 lieu dit Bailly,47.18443,3.64857,Nuit sans éclairage public,Hors agglomération,Hors intersection,Normale,Autre collision,,,,,,,,,,,3,1,1,1.0,6.0
201700015240,0017-04-03 13:00:00,17,4,3,13,0,580,145,Narvau,47.27407,3.80062,Plein jour,Hors agglomération,Hors intersection,Normale,Sans collision,,,,,,,,,,,1,1,1,1.0,7.0
201700015241,0017-05-19 18:00:00,17,5,19,18,0,580,75,RD 977Bis PK 28+050,47.25526,3.65932,Plein jour,Hors agglomération,Hors intersection,Normale,Deux véhicules - côté,,,,,,,,,,,1,1,1,1.0,3.0
201700015242,0017-05-26 11:00:00,17,5,26,11,0,580,205,lieu dit LES POUTIÈRES,47.18633,3.93247,Plein jour,Hors agglomération,Hors intersection,Normale,Sans collision,,,,,,,,,,,1,1,1,1.0,7.0
201700015243,0017-06-07 13:17:00,17,6,7,13,17,580,180,Les SETTONS,47.19763,4.05511,Plein jour,En agglomération,Hors intersection,Normale,Sans collision,,,,,,,,,,,1,2,1,1.0,7.0
201700015244,0017-06-25 11:17:00,17,6,25,11,17,580,145,route d'Avallon - Rd 944,47.29791,3.82326,Plein jour,En agglomération,Hors intersection,Normale,Sans collision,,,,,,,,,,,1,2,1,1.0,7.0
201700015245,0017-07-11 18:45:00,17,7,11,18,45,580,132,lieu-dit Mouches,47.22857,3.57953,Plein jour,Hors agglomération,Hors intersection,Normale,Sans collision,,,,,,,,,,,1,1,1,1.0,7.0
201700015246,0017-07-22 16:00:00,17,7,22,16,0,580,210,RD 37,47.12708,4.00406,Plein jour,Hors agglomération,Hors intersection,Normale,Autre collision,,,,,,,,,,,1,1,1,1.0,6.0
201700015247,0017-07-27 07:00:00,17,7,27,7,0,580,83,"Cd 985, Route de Clamecy",47.25967,3.68168,Crépuscule ou aube,Hors agglomération,Hors intersection,Temps couvert,Autre collision,,,,,,,,,,,2,1,1,8.0,6.0
201700015248,0017-07-27 21:40:00,17,7,27,21,40,580,106,lieu dit le PARC,47.26989,4.02933,Nuit avec éclairage non allumé,En agglomération,Hors intersection,Normale,Autre collision,,,,,,,,,,,4,2,1,1.0,6.0
201700015249,0017-08-05 16:00:00,17,8,5,16,0,580,75,COURCELANGES,47.2862,3.66984,Plein jour,Hors agglomération,Hors intersection,Normale,Deux véhicules - frontale,,,,,,,,,,,1,1,1,1.0,1.0
201700015250,0017-02-24 23:00:00,17,2,24,23,0,580,267,RD 38,47.10177,3.51909,Nuit sans éclairage public,Hors agglomération,Hors intersection,Normale,Autre collision,,,,,,,,,,,3,1,1,1.0,6.0
201700015251,0017-04-07 17:30:00,17,4,7,17,30,580,65,rue de la boulaine,47.04125,3.65461,Plein jour,En agglomération,Hors intersection,Normale,Deux véhicules - côté,,,,,,,,,,,1,2,1,1.0,3.0
201700015252,0017-04-09 13:00:00,17,4,9,13,0,580,24,"impasse champ tournet, b",47.16406,3.6151,Plein jour,Hors agglomération,Hors intersection,Normale,Sans collision,,,,,,,,,,,1,1,1,1.0,7.0
201700015253,0017-06-19 12:00:00,17,6,19,12,0,580,132,la trouillière,47.23968,3.58061,Plein jour,Hors agglomération,Hors intersection,Normale,Deux véhicules - frontale,,,,,,,,,,,1,1,1,1.0,1.0
201700015254,0017-07-01 15:35:00,17,7,1,15,35,580,4,"Lieu dit jusseau, RD 978",47.13132,3.58941,Plein jour,Hors agglomération,Hors intersection,Pluie légère,Deux véhicules - frontale,,,,,,,,,,,1,1,1,2.0,1.0
201700015255,0017-08-02 17:45:00,17,8,2,17,45,580,92,Ménetreuil,47.13808,3.51292,Plein jour,Hors agglomération,Hors intersection,Normale,Deux véhicules - frontale,,,,,,,,,,,1,1,1,1.0,1.0
201700015256,0017-12-02 11:30:00,17,12,2,11,30,580,65,D 945 PK 29+750,47.05191,3.6546,Plein jour,Hors agglomération,Hors intersection,Normale,Deux véhicules - frontale,,,,,,,,,,,1,1,1,1.0,1.0
201700015257,0017-01-07 10:15:00,17,1,7,10,15,580,215,face au 33 rue Waldeck R,47.28343,2.95615,Plein jour,En agglomération,Hors intersection,Normale,Autre collision,,,,,,,,,,,1,2,1,1.0,6.0
201700015258,0017-01-12 17:05:00,17,1,12,17,5,580,67,"Lieu-dit ""Le Mambor"" - P",47.10957,3.09424,Nuit avec éclairage allumé,Hors agglomération,Hors intersection,Pluie légère,Deux véhicules - côté,,,,,,,,,,,5,1,1,2.0,3.0
201700015259,0017-03-29 19:45:00,17,3,29,19,45,580,256,D163 - Moques,47.37091,2.97614,Plein jour,Hors agglomération,Hors intersection,Normale,Sans collision,,,,,,,,,,,1,1,1,1.0,7.0
201700015260,0017-04-28 15:00:00,17,4,28,15,0,580,67,D907,47.10085,3.07498,Plein jour,Hors agglomération,Hors intersection,Normale,Deux véhicules - côté,,,,,,,,,,,1,1,1,1.0,3.0