accident_id,datetime,annee,mois,jour,heure,minute,departement,commune_insee,adresse,latitude,longitude,luminosite,agglomeration,intersection,meteo,collision,nb_vehicules,nb_usagers,nb_indemnes,nb_tues,nb_blesses_hosp,nb_blesses_legers,age_cond_1,age_cond_2,veh_type_cond_1,veh_type_cond_2,lum_code,agg_code,int_code,atm_code,col_code
201700015261,0017-07-01 04:45:00,17,7,1,4,45,580,67,D907 lieu-dit champs des,47.1002,3.07649,Nuit sans éclairage public,Hors agglomération,Hors intersection,Pluie légère,Autre collision,,,,,,,,,,,3,1,1,2.0,6.0
201700015262,0017-07-07 20:45:00,17,7,7,20,45,580,189,12 Grande Rue,47.2362,3.06918,Plein jour,En agglomération,Hors intersection,Normale,Autre collision,,,,,,,,,,,1,2,1,1.0,6.0
201700015263,0017-10-24 13:15:00,17,10,24,13,15,580,67,Route Départemental 907,47.13314,3.11036,Plein jour,Hors agglomération,Hors intersection,Pluie légère,Autre collision,,,,,,,,,,,1,1,1,2.0,6.0
201700015264,0017-12-10 19:00:00,17,12,10,19,0,580,218,D2,47.18107,3.31546,Nuit sans éclairage public,Hors agglomération,Hors intersection,Pluie légère,Autre collision,,,,,,,,,,,3,1,1,2.0,6.0
201700015265,0017-02-19 20:50:00,17,2,19,20,50,580,11,Intersection D199/D951,47.46658,3.5653,Nuit avec éclairage allumé,En agglomération,Hors intersection,Normale,Autre collision,,,,,,,,,,,5,2,1,1.0,6.0
201700015266,0017-03-31 12:45:00,17,3,31,12,45,580,79,rue JEAN JAURES,47.46113,3.51947,Plein jour,En agglomération,Hors intersection,Normale,Autre collision,,,,,,,,,,,1,2,1,1.0,6.0
201700015267,0017-04-18 11:30:00,17,4,18,11,30,580,58,rue du bourg,47.39426,3.34417,Plein jour,En agglomération,Hors intersection,Normale,Deux véhicules - frontale,,,,,,,,,,,1,2,1,1.0,1.0
201700015268,0017-06-18 07:00:00,17,6,18,7,0,580,98,Rue de la gare,47.31836,3.64237,Crépuscule ou aube,En agglomération,Hors intersection,Normale,Autre collision,,,,,,,,,,,2,2,1,1.0,6.0
201700015269,0017-06-30 16:50:00,17,6,30,16,50,580,304,N 151,47.34948,3.36962,Plein jour,Hors agglomération,Autre intersection,Pluie légère,Deux véhicules - arrière,,,,,,,,,,,1,1,9,2.0,2.0
201700015270,0017-09-17 18:30:00,17,9,17,18,30,580,5,Route de Creux - Saligny,47.39308,3.55243,Plein jour,Hors agglomération,Hors intersection,Normale,Autre collision,,,,,,,,,,,1,1,1,1.0,6.0
201700015271,0017-10-21 23:15:00,17,10,21,23,15,580,32,D957,47.4758,3.39072,Nuit sans éclairage public,Hors agglomération,Hors intersection,Normale,Autre collision,,,,,,,,,,,3,1,1,1.0,6.0
201700015272,0017-11-10 21:35:00,17,11,10,21,35,580,39,route buissonnière,47.42019,3.60568,Nuit sans éclairage public,Hors agglomération,Hors intersection,Normale,Sans collision,,,,,,,,,,,3,1,1,1.0,7.0
201700015273,0017-02-01 07:55:00,17,2,1,7,55,260,166,AV CHARLES DE GAULLE,,,Plein jour,En agglomération,Hors intersection,Normale,Autre collision,,,,,,,,,,,1,2,1,1.0,6.0
201700015274,0017-02-17 15:15:00,17,2,17,15,15,260,166,GARE DE LORIOL,,,Plein jour,En agglomération,Hors intersection,Normale,Deux véhicules - frontale,,,,,,,,,,,1,2,1,1.0,1.0
201700015275,0017-02-22 12:00:00,17,2,22,12,0,260,124,QUARTIER LE CHEZ,,,Plein jour,Hors agglomération,Hors intersection,Normale,Deux véhicules - frontale,,,,,,,,,,,1,1,1,1.0,1.0
201700015276,0017-02-25 22:30:00,17,2,25,22,30,260,166,BD FREDERIC MISTRAL,,,Nuit avec éclairage allumé,En agglomération,Hors intersection,Normale,Autre collision,,,,,,,,,,,5,2,1,1.0,6.0
201700015277,0017-03-05 12:45:00,17,3,5,12,45,260,124,LOTISSEMENT JARDIN DIANE,44.8396,4.88795,Plein jour,En agglomération,Hors intersection,Pluie forte,Sans collision,,,,,,,,,,,1,2,1,3.0,7.0
201700015278,0017-04-09 06:45:00,17,4,9,6,45,260,166,D104N,,,Plein jour,En agglomération,Hors intersection,Normale,Sans collision,,,,,,,,,,,1,2,1,1.0,7.0
201700015279,0017-04-12 14:50:00,17,4,12,14,50,260,42,LES FIERATTES,,,Plein jour,Hors agglomération,Hors intersection,Normale,Autre collision,,,,,,,,,,,1,1,1,1.0,6.0
201700015280,0017-04-23 06:45:00,17,4,23,6,45,260,165,RN 7,,,Plein jour,En agglomération,Hors intersection,Normale,Autre collision,,,,,,,,,,,1,2,1,1.0,6.0
201700015281,0017-05-03 17:20:00,17,5,3,17,20,260,144,LES COTES,,,Plein jour,Hors agglomération,Hors intersection,Normale,Autre collision,,,,,,,,,,,1,1,1,1.0,6.0
201700015282,0017-06-13 23:13:00,17,6,13,23,13,260,252,RN 7,,,Nuit sans éclairage public,Hors agglomération,Hors intersection,Normale,Autre collision,,,,,,,,,,,3,1,1,1.0,6.0
201700015283,0017-06-23 15:00:00,17,6,23,15,0,260,6,ROUTE ALLEX,,,Plein jour,Hors agglomération,Intersection en T,Normale,Deux véhicules - côté,,,,,,,,,,,1,1,3,1.0,3.0
201700015284,0017-07-02 17:45:00,17,7,2,17,45,260,165,LA LAUZE,,,Plein jour,Hors agglomération,Hors intersection,Normale,Autre collision,,,,,,,,,,,1,1,1,1.0,6.0
201700015285,0017-08-20 23:30:00,17,8,20,23,30,260,165,RTE DE LA VOULTE,,,Nuit sans éclairage public,Hors agglomération,Hors intersection,Normale,Autre collision,,,,,,,,,,,3,1,1,1.0,6.0
201700015286,0017-09-25 17:20:00,17,9,25,17,20,260,166,RTE DE LYON,,,Plein jour,Hors agglomération,Hors intersection,Normale,Deux véhicules - côté,,,,,,,,,,,1,1,1,1.0,3.0
201700015287,0017-10-11 07:15:00,17,10,11,7,15,260,208,RTE ALLEX,44.79545,4.93599,Nuit sans éclairage public,Hors agglomération,Autre intersection,Normale,Trois véhicules et plus - collisions multiples,,,,,,,,,,,3,1,9,1.0,5.0
201700015288,0017-10-14 23:25:00,17,10,14,23,25,260,337,LES ILES,,,Nuit sans éclairage public,Hors agglomération,Hors intersection,Normale,Autre collision,,,,,,,,,,,3,1,1,1.0,6.0
201700015289,0017-10-20 07:45:00,17,10,20,7,45,260,166,RN 7,,,Plein jour,En agglomération,Hors intersection,Pluie légère,Sans collision,,,,,,,,,,,1,2,1,2.0,7.0
201700015290,0017-11-05 06:30:00,17,11,5,6,30,260,42,LAMBRUCHET,,,Nuit sans éclairage public,Hors agglomération,Hors intersection,Pluie forte,Deux véhicules - frontale,,,,,,,,,,,3,1,1,3.0,1.0
201700015291,0017-11-07 16:00:00,17,11,7,16,0,260,165,25 RUE GERBAULT,44.80069,4.81913,Plein jour,En agglomération,Hors intersection,Normale,Sans collision,,,,,,,,,,,1,2,1,1.0,7.0
201700015292,0017-11-29 15:29:00,17,11,29,15,29,260,124,RN 7,,,Plein jour,Hors agglomération,Hors intersection,Normale,Trois véhicules et plus - collisions multiples,,,,,,,,,,,1,1,1,1.0,5.0
201700015293,0017-12-08 07:35:00,17,12,8,7,35,260,6,RD 125,,,Nuit sans éclairage public,Hors agglomération,Intersection en X,Pluie légère,Deux véhicules - côté,,,,,,,,,,,3,1,2,2.0,3.0
201700015294,0017-02-19 05:00:00,17,2,19,5,0,260,289,PLANCHELIEU,,,Nuit sans éclairage public,Hors agglomération,Hors intersection,Normale,Deux véhicules - frontale,,,,,,,,,,,3,1,1,1.0,1.0
201700015295,0017-04-03 14:15:00,17,4,3,14,15,260,183,NICHON,,,Plein jour,Hors agglomération,Hors intersection,Normale,Deux véhicules - côté,,,,,,,,,,,1,1,1,1.0,3.0
201700015296,0017-08-19 15:15:00,17,8,19,15,15,260,20,VARCY,,,Plein jour,Hors agglomération,Hors intersection,Normale,Deux véhicules - frontale,,,,,,,,,,,1,1,1,1.0,1.0
201700015297,0017-08-31 11:40:00,17,8,31,11,40,260,289,LA CHAUX,,,Plein jour,Hors agglomération,Hors intersection,Autre,Deux véhicules - frontale,,,,,,,,,,,1,1,1,9.0,1.0
201700015298,0017-09-05 11:00:00,17,9,5,11,0,260,125,LIEU DIT SEIGNEUR DIEU,,,Plein jour,Hors agglomération,Autre intersection,Normale,Autre collision,,,,,,,,,,,1,1,9,1.0,6.0
201700015299,0017-12-12 22:30:00,17,12,12,22,30,260,277,RD 113,,,Nuit sans éclairage public,Hors agglomération,Hors intersection,Normale,Sans collision,,,,,,,,,,,3,1,1,1.0,7.0
201700015300,0017-12-12 19:15:00,17,12,12,19,15,260,65,ST LAURENT,,,Nuit sans éclairage public,Hors agglomération,Hors intersection,Normale,Sans collision,,,,,,,,,,,3,1,1,1.0,7.0
201700015301,0017-01-17 07:50:00,17,1,17,7,50,260,86,QUARTIER MAUPAS,,,Crépuscule ou aube,Hors agglomération,Hors intersection,Neige / grêle,Autre collision,,,,,,,,,,,2,1,1,4.0,6.0
201700015302,0017-04-01 10:45:00,17,4,1,10,45,260,204,HERMITON,,,Plein jour,Hors agglomération,Autre intersection,Temps couvert,Deux véhicules - côté,,,,,,,,,,,1,1,9,8.0,3.0
201700015303,0017-04-23 15:30:00,17,4,23,15,30,260,69,TUNNEL COL DU ROUSSET,,,Plein jour,Hors agglomération,Hors intersection,Normale,Deux véhicules - côté,,,,,,,,,,,1,1,1,1.0,3.0
201700015304,0017-05-06 22:50:00,17,5,6,22,50,260,86,RUE DE LA GARE,,,Nuit sans éclairage public,En agglomération,Hors intersection,Normale,Autre collision,,,,,,,,,,,3,2,1,1.0,6.0
201700015305,0017-05-12 18:40:00,17,5,12,18,40,260,299,LIEU DIT CLEF,,,Plein jour,Hors agglomération,Autre intersection,Temps couvert,Autre collision,,,,,,,,,,,1,1,9,8.0,6.0
201700015306,0017-05-28 15:15:00,17,5,28,15,15,260,69,RD 538,,,Plein jour,Hors agglomération,Hors intersection,Normale,Sans collision,,,,,,,,,,,1,1,1,1.0,7.0
201700015307,0017-06-10 05:08:00,17,6,10,5,8,260,113,AVENUE DE LA CLAIRETTE,,,Nuit avec éclairage allumé,En agglomération,Giratoire,Normale,Autre collision,,,,,,,,,,,5,2,6,1.0,6.0
201700015308,0017-06-25 15:10:00,17,6,25,15,10,260,167,LE CLAPS,,,Plein jour,Hors agglomération,Hors intersection,Normale,Deux véhicules - frontale,,,,,,,,,,,1,1,1,1.0,1.0
201700015309,0017-07-11 12:20:00,17,7,11,12,20,260,205,RD 93,,,Plein jour,Hors agglomération,Hors intersection,Normale,Trois véhicules et plus - collisions multiples,,,,,,,,,,,1,1,1,1.0,5.0
201700015310,0017-07-29 10:00:00,17,7,29,10,0,260,113,PLACE DU MAZEL,44.7534,5.37108,Plein jour,En agglomération,Place,Normale,Autre collision,,,,,,,,,,,1,2,7,1.0,6.0
201700015311,0017-08-16 16:30:00,17,8,16,16,30,260,113,CHEMIN DE JUSTIN,44.73665,5.36182,Plein jour,Hors agglomération,Hors intersection,Normale,Autre collision,,,,,,,,,,,1,1,1,1.0,6.0
201700015312,0017-08-19 20:20:00,17,8,19,20,20,260,178,RD 69,,,Nuit sans éclairage public,Hors agglomération,Hors intersection,Normale,Deux véhicules - frontale,,,,,,,,,,,3,1,1,1.0,1.0
201700015313,0017-09-07 13:50:00,17,9,7,13,50,260,299,CLEF,,,Plein jour,Hors agglomération,Hors intersection,Normale,Deux véhicules - frontale,,,,,,,,,,,1,1,1,1.0,1.0
201700015314,0017-09-24 16:30:00,17,9,24,16,30,260,248,RD 93,,,Plein jour,Hors agglomération,Hors intersection,Normale,Sans collision,,,,,,,,,,,1,1,1,1.0,7.0
201700015315,0017-10-04 10:35:00,17,10,4,10,35,260,113,AVENUE SADI CARNOT,,,Plein jour,En agglomération,Hors intersection,Normale,Autre collision,,,,,,,,,,,1,2,1,1.0,6.0
201700015316,0017-02-04 12:55:00,17,2,4,12,55,260,106,RD 107,,,Plein jour,Hors agglomération,Intersection en T,Normale,Deux véhicules - côté,,,,,,,,,,,1,1,3,1.0,3.0
201700015317,0017-02-12 18:45:00,17,2,12,18,45,260,157,380 CHEMIN PAZIN,44.5971,4.85233,Crépuscule ou aube,Hors agglomération,Hors intersection,Normale,Sans collision,,,,,,,,,,,2,1,1,1.0,7.0
201700015318,0017-04-09 03:00:00,17,4,9,3,0,260,106,RN 7,,,Nuit avec éclairage allumé,En agglomération,Hors intersection,Normale,Autre collision,,,,,,,,,,,5,2,1,1.0,6.0
201700015319,0017-09-10 11:40:00,17,9,10,11,40,260,5,LA BEGUE,,,Plein jour,Hors agglomération,Giratoire,Normale,Deux véhicules - côté,,,,,,,,,,,1,1,6,1.0,3.0
201700015320,0017-12-15 18:03:00,17,12,15,18,3,260,338,RD 606,,,Nuit avec éclairage allumé,Hors agglomération,Intersection en T,Pluie légère,Deux véhicules - côté,,,,,,,,,,,5,1,3,2.0,3.0
201700015321,0017-12-28 06:30:00,17,12,28,6,30,260,106,LES CHATAIGNIERS,,,Nuit sans éclairage public,Hors agglomération,Hors intersection,Normale,Autre collision,,,,,,,,,,,3,1,1,1.0,6.0
201700015322,0017-05-26 13:05:00,17,5,26,13,5,260,56,D538,,,Plein jour,Hors agglomération,Hors intersection,Normale,Deux véhicules - côté,,,,,,,,,,,1,1,1,1.0,3.0
201700015323,0017-06-03 18:00:00,17,6,3,18,0,260,101,MOURAI ET BONGA,,,Plein jour,Hors agglomération,Hors intersection,Normale,Autre collision,,,,,,,,,,,1,1,1,1.0,6.0
201700015324,0017-06-18 00:10:00,17,6,18,0,10,260,276,D538,,,Nuit sans éclairage public,Hors agglomération,Hors intersection,Normale,Autre collision,,,,,,,,,,,3,1,1,1.0,6.0
201700015325,0017-08-09 10:15:00,17,8,9,10,15,260,336,LA TOUR,,,Plein jour,Hors agglomération,Hors intersection,Normale,Autre collision,,,,,,,,,,,1,1,1,1.0,6.0
201700015326,0017-10-01 21:10:00,17,10,1,21,10,260,336,RTE DE BOURDEAUX,,,Nuit sans éclairage public,Hors agglomération,Hors intersection,Normale,Sans collision,,,,,,,,,,,3,1,1,1.0,7.0
201700015327,0017-03-30 19:15:00,17,3,30,19,15,260,324,CHEMIN DES MINES,44.36274,4.77966,Plein jour,En agglomération,Hors intersection,Normale,Autre collision,,,,,,,,,,,1,2,1,1.0,6.0
201700015328,0017-04-02 08:45:00,17,4,2,8,45,260,324,PARKING INTERMARCHE,44.34439,4.75329,Plein jour,En agglomération,Autre intersection,Pluie légère,Autre collision,,,,,,,,,,,1,2,9,2.0,6.0
201700015329,0017-06-09 11:15:00,17,6,9,11,15,260,357,53 AV DES ALPES,,,Plein jour,En agglomération,Hors intersection,Normale,Sans collision,,,,,,,,,,,1,2,1,1.0,7.0
201700015330,0017-06-20 17:55:00,17,6,20,17,55,260,138,LE PLAN,44.39435,4.73707,Plein jour,Hors agglomération,Intersection en T,Normale,Deux véhicules - côté,,,,,,,,,,,1,1,3,1.0,3.0
201700015331,0017-07-15 14:15:00,17,7,15,14,15,260,33,LE GAS DU ROSSIGNOL,,,Plein jour,Hors agglomération,Hors intersection,Normale,Deux véhicules - frontale,,,,,,,,,,,1,1,1,1.0,1.0
201700015332,0017-08-09 21:40:00,17,8,9,21,40,260,326,ST MAURICE,,,Nuit sans éclairage public,Hors agglomération,Intersection en T,Pluie légère,Deux véhicules - côté,,,,,,,,,,,3,1,3,2.0,3.0
201700015333,0017-08-17 02:30:00,17,8,17,2,30,260,345,D94,,,Nuit sans éclairage public,Hors agglomération,Hors intersection,Normale,Autre collision,,,,,,,,,,,3,1,1,1.0,6.0
201700015334,0017-08-28 23:20:00,17,8,28,23,20,260,324,CHEMIN DE VENTEROL,44.36155,4.7813,Nuit sans éclairage public,Hors agglomération,Hors intersection,Normale,Autre collision,,,,,,,,,,,3,1,1,1.0,6.0
201700015335,0017-10-12 19:50:00,17,10,12,19,50,260,342,LES PATRAS,,,Nuit sans éclairage public,Hors agglomération,Intersection en T,Normale,Deux véhicules - côté,,,,,,,,,,,3,1,3,1.0,3.0
201700015336,0017-10-16 13:20:00,17,10,16,13,20,260,324,LA ROBINE,,,Plein jour,Hors agglomération,Giratoire,Normale,Deux véhicules - côté,,,,,,,,,,,1,1,6,1.0,3.0
201700015337,0017-10-26 15:15:00,17,10,26,15,15,260,345,RD 94,,,Plein jour,En agglomération,Hors intersection,Normale,Autre collision,,,,,,,,,,,1,2,1,1.0,6.0
201700015338,0017-12-09 19:30:00,17,12,9,19,30,260,357,AV DES ALPES,,,Nuit sans éclairage public,Hors agglomération,Autre intersection,Normale,Deux véhicules - côté,,,,,,,,,,,3,1,9,1.0,3.0
201700015339,0017-07-14 18:00:00,17,7,14,18,0,260,306,RD 64,,,Plein jour,Hors agglomération,Intersection en T,Normale,Deux véhicules - côté,,,,,,,,,,,1,1,3,1.0,3.0
201700015340,0017-04-13 15:45:00,17,4,13,15,45,260,135,LE VILLAGE,,,Plein jour,En agglomération,Intersection en X,Normale,Deux véhicules - côté,,,,,,,,,,,1,2,2,1.0,3.0
201700015341,0017-05-16 17:45:00,17,5,16,17,45,260,188,RD 40,44.21898,5.22825,Plein jour,Hors agglomération,Hors intersection,Temps éblouissant,Autre collision,,,,,,,,,,,1,1,1,7.0,6.0
201700015342,0017-07-17 14:30:00,17,7,17,14,30,260,292,RD 65,,,Plein jour,Hors agglomération,Hors intersection,Normale,Deux véhicules - frontale,,,,,,,,,,,1,1,1,1.0,1.0
201700015343,0017-08-16 03:50:00,17,8,16,3,50,260,22,RD 542,,,Nuit sans éclairage public,Hors agglomération,Hors intersection,Normale,Sans collision,,,,,,,,,,,3,1,1,1.0,7.0
201700015344,0017-09-12 17:05:00,17,9,12,17,5,260,193,PIQUET,,,Plein jour,Hors agglomération,Hors intersection,Normale,Autre collision,,,,,,,,,,,1,1,1,1.0,6.0
201700015345,0017-09-18 14:20:00,17,9,18,14,20,260,188,RD 40,,,Plein jour,Hors agglomération,Hors intersection,Normale,Sans collision,,,,,,,,,,,1,1,1,1.0,7.0
201700015346,0017-10-03 12:45:00,17,10,3,12,45,260,63,ST MARTIN ET DURIERE,,,Plein jour,Hors agglomération,Hors intersection,Normale,Sans collision,,,,,,,,,,,1,1,1,1.0,7.0
201700015347,0017-11-11 12:30:00,17,11,11,12,30,260,126,RD 542,,,Plein jour,Hors agglomération,Hors intersection,Normale,Autre collision,,,,,,,,,,,1,1,1,1.0,6.0
201700015348,0017-01-20 16:00:00,17,1,20,16,0,260,162,IMPASSE CHAMP RAYMOND,,,Plein jour,Hors agglomération,Autre intersection,Normale,Autre collision,,,,,,,,,,,1,1,9,1.0,6.0
201700015349,0017-01-26 21:10:00,17,1,26,21,10,260,330,D1,,,Nuit sans éclairage public,Hors agglomération,Hors intersection,Neige / grêle,Autre collision,,,,,,,,,,,3,1,1,4.0,6.0
201700015350,0017-03-26 19:00:00,17,3,26,19,0,260,172,RUE DES SOURCES,,,Crépuscule ou aube,En agglomération,Hors intersection,Normale,Deux véhicules - frontale,,,,,,,,,,,2,2,1,1.0,1.0
201700015351,0017-04-16 17:50:00,17,4,16,17,50,260,330,BARATHON,,,Plein jour,Hors agglomération,Hors intersection,Normale,Sans collision,,,,,,,,,,,1,1,1,1.0,7.0
201700015352,0017-04-22 16:00:00,17,4,22,16,0,260,330,LES ABONDONS,,,Plein jour,Hors agglomération,Hors intersection,Temps éblouissant,Deux véhicules - côté,,,,,,,,,,,1,1,1,7.0,3.0
201700015353,0017-05-29 16:00:00,17,5,29,16,0,260,83,LES DOYATS,,,Plein jour,Hors agglomération,Intersection en T,Normale,Deux véhicules - arrière,,,,,,,,,,,1,1,3,1.0,2.0
201700015354,0017-06-21 18:00:00,17,6,21,18,0,260,330,GRANDES EPINES BENITES,,,Plein jour,En agglomération,Hors intersection,Normale,Deux véhicules - frontale,,,,,,,,,,,1,2,1,1.0,1.0
201700015355,0017-06-26 00:20:00,17,6,26,0,20,260,118,LES EYGUIERES,,,Nuit sans éclairage public,Hors agglomération,Hors intersection,Normale,Sans collision,,,,,,,,,,,3,1,1,1.0,7.0
201700015356,0017-06-27 09:00:00,17,6,27,9,0,260,155,RTE DE BEAUREPAIRE,,,Plein jour,Hors agglomération,Intersection en T,Normale,Deux véhicules - côté,,,,,,,,,,,1,1,3,1.0,3.0
201700015357,0017-07-12 11:50:00,17,7,12,11,50,260,118,bois rond,,,Plein jour,Hors agglomération,Hors intersection,Normale,Deux véhicules - côté,,,,,,,,,,,1,1,1,1.0,3.0
201700015358,0017-10-10 15:15:00,17,10,10,15,15,260,162,RD 538,,,Plein jour,En agglomération,Hors intersection,Normale,Autre collision,,,,,,,,,,,1,2,1,1.0,6.0
201700015359,0017-12-11 12:45:00,17,12,11,12,45,260,330,RTE ANNEYRON,,,Plein jour,Hors agglomération,Hors intersection,Pluie forte,Deux véhicules - frontale,,,,,,,,,,,1,1,1,3.0,1.0
201700015360,0017-03-02 09:15:00,17,3,2,9,15,700,433,04 rue Jean POIREY,47.6171,6.17448,Plein jour,En agglomération,Hors intersection,Pluie légère,Deux véhicules - côté,,,,,,,,,,,1,2,1,2.0,3.0
201700015361,0017-05-07 01:25:00,17,5,7,1,25,700,563,D76,47.56642,6.2311,Nuit sans éclairage public,Hors agglomération,Hors intersection,Pluie forte,Autre collision,,,,,,,,,,,3,1,1,3.0,6.0
201700015362,0017-05-14 04:00:00,17,5,14,4,0,700,278,RN 19,47.67729,6.08971,Nuit sans éclairage public,Hors agglomération,Hors intersection,Pluie légère,Sans collision,,,,,,,,,,,3,1,1,2.0,7.0
201700015363,0017-06-07 16:05:00,17,6,7,16,5,700,134,Carrefour RD 13 et RD 10,47.62754,6.07183,Plein jour,Hors agglomération,Intersection en T,Normale,Deux véhicules - frontale,,,,,,,,,,,1,1,3,1.0,1.0
201700015364,0017-07-26 17:30:00,17,7,26,17,30,700,428,Rue gustave courtois,47.6499,6.13319,Plein jour,En agglomération,Hors intersection,Normale,Deux véhicules - arrière,,,,,,,,,,,1,2,1,1.0,2.0
201700015365,0017-07-07 21:00:00,17,7,7,21,0,700,390,CD13,47.61823,6.26237,Plein jour,Hors agglomération,Hors intersection,Temps couvert,Sans collision,,,,,,,,,,,1,1,1,8.0,7.0
201700015366,0017-08-14 18:05:00,17,8,14,18,5,700,199,RN19,47.63473,6.24722,Plein jour,Hors agglomération,Hors intersection,Normale,Sans collision,,,,,,,,,,,1,1,1,1.0,7.0
201700015367,0017-08-28 16:00:00,17,8,28,16,0,700,199,Nationale 19,47.62486,6.20861,Plein jour,Hors agglomération,Intersection en T,Normale,Deux véhicules - arrière,,,,,,,,,,,1,1,3,1.0,2.0
201700015368,0017-10-15 01:32:00,17,10,15,1,32,700,162,RN 19,47.62563,6.21516,Nuit sans éclairage public,Hors agglomération,Hors intersection,Normale,Trois véhicules et plus - collisions multiples,,,,,,,,,,,3,1,1,1.0,5.0
201700015369,0017-03-21 20:00:00,17,3,21,20,0,700,153,RN 19 PK 8.350,47.74291,5.77586,Nuit sans éclairage public,Hors agglomération,Intersection en T,Pluie forte,Deux véhicules - côté,,,,,,,,,,,3,1,3,3.0,3.0
201700015370,0017-04-14 19:45:00,17,4,14,19,45,700,291,CD 417 PK 2.000,47.9389,5.92746,Plein jour,Hors agglomération,Hors intersection,Normale,Sans collision,,,,,,,,,,,1,1,1,1.0,7.0
201700015371,0017-06-02 11:40:00,17,6,2,11,40,700,236,Chemin du tram,47.75164,6.0784,Plein jour,Hors agglomération,Hors intersection,Temps éblouissant,Autre collision,,,,,,,,,,,1,1,1,7.0,6.0
201700015372,0017-06-21 18:15:00,17,6,21,18,15,700,572,D44,47.81658,5.77214,Plein jour,Hors agglomération,Hors intersection,Normale,Sans collision,,,,,,,,,,,1,1,1,1.0,7.0
201700015373,0017-07-03 14:09:00,17,7,3,14,9,700,476,route départementale 153,47.86883,6.01264,Plein jour,Hors agglomération,Hors intersection,Normale,Sans collision,,,,,,,,,,,1,1,1,1.0,7.0
201700015374,0017-09-24 01:15:00,17,9,24,1,15,700,373,Route de Villers vaudey,47.68702,5.78674,Nuit sans éclairage public,En agglomération,Hors intersection,Normale,Autre collision,,,,,,,,,,,3,2,1,1.0,6.0
201700015375,0017-10-22 00:30:00,17,10,22,0,30,700,576,route départementale 44,47.9337,6.00262,Nuit sans éclairage public,Hors agglomération,Hors intersection,Normale,Autre collision,,,,,,,,,,,3,1,1,1.0,6.0
201700015376,0017-02-14 14:15:00,17,2,14,14,15,700,439,35 Rue d'AROZ,47.58484,6.01292,Plein jour,En agglomération,Hors intersection,Normale,Autre collision,,,,,,,,,,,1,2,1,1.0,6.0
201700015377,0017-05-05 16:30:00,17,5,5,16,30,700,138,,47.64163,5.99403,Plein jour,Hors agglomération,Intersection en T,Normale,Deux véhicules - côté,,,,,,,,,,,1,1,3,1.0,3.0
201700015378,0017-05-20 08:40:00,17,5,20,8,40,700,138,Intersection D3 et Grand,47.64518,5.97798,Plein jour,En agglomération,Giratoire,Normale,Deux véhicules - côté,,,,,,,,,,,1,2,6,1.0,3.0
201700015379,0017-06-21 14:35:00,17,6,21,14,35,700,175,RD  70,47.67895,5.85626,Plein jour,Hors agglomération,Intersection en X,Normale,Deux véhicules - côté,,,,,,,,,,,1,1,2,1.0,3.0
201700015380,0017-07-10 18:35:00,17,7,10,18,35,700,267,PK 15+071,47.80831,5.98251,Plein jour,Hors agglomération,Hors intersection,Pluie forte,Autre collision,,,,,,,,,,,1,1,1,3.0,6.0
201700015381,0017-07-31 11:55:00,17,7,31,11,55,700,324,7 rue des bannes,47.52307,6.03449,Plein jour,En agglomération,Hors intersection,Normale,Sans collision,,,,,,,,,,,1,2,1,1.0,7.0
201700015382,0017-09-03 17:20:00,17,9,3,17,20,700,275,RD474,47.52482,6.01014,Plein jour,Hors agglomération,Intersection en T,Normale,Deux véhicules - côté,,,,,,,,,,,1,1,3,1.0,3.0
201700015383,0017-11-02 09:30:00,17,11,2,9,30,700,387,rd 13,47.56723,5.93313,Plein jour,Hors agglomération,Hors intersection,Normale,Deux véhicules - côté,,,,,,,,,,,1,1,1,1.0,3.0
201700015384,0017-11-04 01:00:00,17,11,4,1,0,700,324,route de Levrecey,47.54231,6.05662,Nuit sans éclairage public,Hors agglomération,Hors intersection,Normale,Autre collision,,,,,,,,,,,3,1,1,1.0,6.0
201700015385,0017-12-09 05:30:00,17,12,9,5,30,700,272,route de Vesoul,47.72106,5.84504,Crépuscule ou aube,En agglomération,Hors intersection,Pluie légère,Deux véhicules - arrière,,,,,,,,,,,2,2,1,2.0,2.0
201700015386,0017-01-05 08:00:00,17,1,5,8,0,700,85,RD 367,47.36722,5.99543,Plein jour,Hors agglomération,Hors intersection,Neige / grêle,Deux véhicules - frontale,,,,,,,,,,,1,1,1,4.0,1.0
201700015387,0017-01-17 12:15:00,17,1,17,12,15,700,407,RN 57 PK 77+400,47.3653,6.02406,Plein jour,Hors agglomération,Hors intersection,Normale,Deux véhicules - frontale,,,,,,,,,,,1,1,1,1.0,1.0
201700015388,0017-01-22 07:00:00,17,1,22,7,0,700,243,RD26,47.49296,6.22371,Nuit sans éclairage public,Hors agglomération,Hors intersection,Normale,Autre collision,,,,,,,,,,,3,1,1,1.0,6.0
201700015389,0017-05-21 10:30:00,17,5,21,10,30,700,456,Route de la combe aux oi,47.45558,6.1289,Plein jour,Hors agglomération,Hors intersection,Normale,Sans collision,,,,,,,,,,,1,1,1,1.0,7.0
201700015390,0017-07-12 15:30:00,17,7,12,15,30,700,208,route nationale 57 pk 57,47.52175,6.1268,Plein jour,Hors agglomération,Hors intersection,Normale,Deux véhicules - frontale,,,,,,,,,,,1,1,1,1.0,1.0