accident_id,datetime,annee,mois,jour,heure,minute,departement,commune_insee,adresse,latitude,longitude,luminosite,agglomeration,intersection,meteo,collision,nb_vehicules,nb_usagers,nb_indemnes,nb_tues,nb_blesses_hosp,nb_blesses_legers,age_cond_1,age_cond_2,veh_type_cond_1,veh_type_cond_2,lum_code,agg_code,int_code,atm_code,col_code
201700015391,0017-07-22 12:15:00,17,7,22,12,15,700,197,Lieu-dit Les Bégoulots,47.55113,6.23488,Plein jour,Hors agglomération,Intersection en T,Normale,Deux véhicules - côté,,,,,,,,,,,1,1,3,1.0,3.0
201700015392,0017-08-18 15:15:00,17,8,18,15,15,700,325,D 474  PK 34+854,47.49771,5.9781,Plein jour,Hors agglomération,Hors intersection,Normale,Deux véhicules - frontale,,,,,,,,,,,1,1,1,1.0,1.0
201700015393,0017-09-23 21:45:00,17,9,23,21,45,700,383,route nationale 57,47.41319,6.06937,Nuit sans éclairage public,Hors agglomération,Hors intersection,Normale,Deux véhicules - frontale,,,,,,,,,,,3,1,1,1.0,1.0
201700015394,0017-03-31 11:40:00,17,3,31,11,40,700,122,intersection RD460 - RD5,47.66599,5.55044,Plein jour,Hors agglomération,Intersection en X,Normale,Deux véhicules - côté,,,,,,,,,,,1,1,2,1.0,3.0
201700015395,0017-04-07 14:15:00,17,4,7,14,15,700,122,"RD 460, Frettes",47.65312,5.54269,Plein jour,Hors agglomération,Hors intersection,Normale,Autre collision,,,,,,,,,,,1,1,1,1.0,6.0
201700015396,0017-06-05 14:45:00,17,6,5,14,45,700,481,Carrefour D36 / D 172,47.55277,5.7255,Plein jour,Hors agglomération,Intersection en T,Normale,Deux véhicules - frontale,,,,,,,,,,,1,1,3,1.0,1.0
201700015397,0017-07-24 00:44:00,17,7,24,0,44,700,122,RD 67,47.58219,5.54136,Nuit sans éclairage public,Hors agglomération,Hors intersection,Normale,Deux véhicules - frontale,,,,,,,,,,,3,1,1,1.0,1.0
201700015398,0017-09-17 20:00:00,17,9,17,20,0,700,122,20 rue Pasteur,47.61587,5.51681,Nuit avec éclairage allumé,En agglomération,Hors intersection,Pluie légère,Autre collision,,,,,,,,,,,5,2,1,2.0,6.0
201700015399,0017-10-08 16:40:00,17,10,8,16,40,700,299,49 rue de l'europe,47.62437,5.78467,Plein jour,En agglomération,Hors intersection,Temps couvert,Autre collision,,,,,,,,,,,1,2,1,8.0,6.0
201700015400,0017-10-30 15:05:00,17,10,30,15,5,700,463,RD 23 / CHEMIN DE REMEMB,47.51069,5.84167,Plein jour,Hors agglomération,Intersection en T,Normale,Deux véhicules - côté,,,,,,,,,,,1,1,3,1.0,3.0
201700015401,0017-12-19 18:05:00,17,12,19,18,5,700,257,RD 3,47.48942,5.93815,Nuit sans éclairage public,Hors agglomération,Hors intersection,Brouillard / fumée,Sans collision,,,,,,,,,,,3,1,1,5.0,7.0
201700015402,0017-03-13 19:45:00,17,3,13,19,45,700,527,CD 474 - P.K. 28+488,47.46738,5.91919,Nuit sans éclairage public,Hors agglomération,Hors intersection,Normale,Deux véhicules - frontale,,,,,,,,,,,3,1,1,1.0,1.0
201700015403,0017-06-05 19:30:00,17,6,5,19,30,700,129,RD 23 - pk 7.760,47.47408,5.81133,Plein jour,Hors agglomération,Intersection en Y,Normale,Deux véhicules - côté,,,,,,,,,,,1,1,4,1.0,3.0
201700015404,0017-06-13 12:05:00,17,6,13,12,5,700,410,Route de Chambornay les,47.32234,5.88218,Plein jour,Hors agglomération,Hors intersection,Normale,Sans collision,,,,,,,,,,,1,1,1,1.0,7.0
201700015405,0017-06-29 21:00:00,17,6,29,21,0,700,374,D 12,47.31365,5.66764,Plein jour,Hors agglomération,Hors intersection,Normale,Trois véhicules et plus - collisions multiples,,,,,,,,,,,1,1,1,1.0,5.0
201700015406,0017-08-12 16:10:00,17,8,12,16,10,700,152,Intersection D12 / Grand,47.38279,5.77663,Plein jour,Hors agglomération,Intersection en X,Temps couvert,Deux véhicules - côté,,,,,,,,,,,1,1,2,8.0,3.0
201700015407,0017-09-29 14:15:00,17,9,29,14,15,700,510,RD 475,47.33896,5.56932,Plein jour,Hors agglomération,Hors intersection,Temps éblouissant,Deux véhicules - frontale,,,,,,,,,,,1,1,1,7.0,1.0
201700015408,0017-11-27 19:00:00,17,11,27,19,0,700,45,D227,47.32922,5.76491,Nuit sans éclairage public,Hors agglomération,Hors intersection,Normale,Autre collision,,,,,,,,,,,3,1,1,1.0,6.0
201700015409,0017-12-05 20:30:00,17,12,5,20,30,700,152,RD 474,47.39703,5.75397,Nuit sans éclairage public,Hors agglomération,Hors intersection,Normale,Deux véhicules - arrière,,,,,,,,,,,3,1,1,1.0,2.0
201700015410,0017-02-04 10:12:00,17,2,4,10,12,700,451,RD 619,47.69919,6.60696,Plein jour,En agglomération,Intersection en X,Pluie légère,Deux véhicules - côté,,,,,,,,,,,1,2,2,2.0,3.0
201700015411,0017-03-22 21:30:00,17,3,22,21,30,700,63,"8 lieu-dit ""le radon""",47.763,6.61449,Nuit avec éclairage allumé,En agglomération,Hors intersection,Normale,Autre collision,,,,,,,,,,,5,2,1,1.0,6.0
201700015412,0017-03-30 18:30:00,17,3,30,18,30,700,413,RD 4 - PK : 36.500 - lie,47.70519,6.72196,Plein jour,Hors agglomération,Hors intersection,Normale,Autre collision,,,,,,,,,,,1,1,1,1.0,6.0
201700015413,0017-04-13 18:08:00,17,4,13,18,8,700,248,intersection RD619 / D16,47.66271,6.73717,Plein jour,En agglomération,Intersection en X,Normale,Deux véhicules - côté,,,,,,,,,,,1,2,2,1.0,3.0
201700015414,0017-04-13 17:38:00,17,4,13,17,38,700,339,lieu-dit le bas de la go,47.74416,6.53298,Plein jour,Hors agglomération,Hors intersection,Normale,Sans collision,,,,,,,,,,,1,1,1,1.0,7.0
201700015415,0017-06-11 15:55:00,17,6,11,15,55,700,413,D4 - PK 040,47.7249,6.75617,Plein jour,Hors agglomération,Hors intersection,Normale,Sans collision,,,,,,,,,,,1,1,1,1.0,7.0
201700015416,0017-07-10 19:20:00,17,7,10,19,20,700,339,route de Lure,47.74345,6.55642,Plein jour,Hors agglomération,Intersection en X,Pluie légère,Deux véhicules - frontale,,,,,,,,,,,1,1,2,2.0,1.0
201700015417,0017-07-23 16:00:00,17,7,23,16,0,700,413,Lieu dit le noirmouchot,47.69234,6.73658,Plein jour,Hors agglomération,Intersection en X,Normale,Deux véhicules - frontale,,,,,,,,,,,1,1,2,1.0,1.0
201700015418,0017-08-17 14:59:00,17,8,17,14,59,700,413,col de la chevestray,47.75147,6.72643,Plein jour,Hors agglomération,Hors intersection,Normale,Deux véhicules - frontale,,,,,,,,,,,1,1,1,1.0,1.0
201700015419,0017-10-12 12:55:00,17,10,12,12,55,700,413,RD 16 lieu dit le rapois,47.74097,6.72835,Plein jour,En agglomération,Hors intersection,Normale,Autre collision,,,,,,,,,,,1,2,1,1.0,6.0
201700015420,0017-11-11 03:20:00,17,11,11,3,20,700,413,Lieu dit LA RUE - AXE D,47.73099,6.73058,Nuit sans éclairage public,En agglomération,Hors intersection,Normale,Autre collision,,,,,,,,,,,3,2,1,1.0,6.0
201700015421,0017-11-19 15:50:00,17,11,19,15,50,700,120,Le Grand Crochet - Avenu,47.68624,6.68622,Plein jour,Hors agglomération,Hors intersection,Pluie légère,Trois véhicules et plus - collisions multiples,,,,,,,,,,,1,1,1,2.0,5.0
201700015422,0017-02-02 22:45:00,17,2,2,22,45,700,216,route de St-Sauveur,47.79528,6.42743,Nuit avec éclairage allumé,En agglomération,Hors intersection,Normale,Autre collision,,,,,,,,,,,5,2,1,1.0,6.0
201700015423,0017-02-12 22:00:00,17,2,12,22,0,700,103,Départementale 18,47.81355,6.47086,Nuit sans éclairage public,Hors agglomération,Hors intersection,Brouillard / fumée,Autre collision,,,,,,,,,,,3,1,1,5.0,6.0
201700015424,0017-03-25 08:30:00,17,3,25,8,30,700,128,RN 57,47.77419,6.36412,Plein jour,Hors agglomération,Hors intersection,Temps éblouissant,Deux véhicules - frontale,,,,,,,,,,,1,1,1,7.0,1.0
201700015425,0017-04-10 17:45:00,17,4,10,17,45,700,435,Les Forges,47.86461,6.44021,Plein jour,Hors agglomération,Hors intersection,Normale,Sans collision,,,,,,,,,,,1,1,1,1.0,7.0
201700015426,0017-04-27 11:51:00,17,4,27,11,51,700,311,CD 6 au niveau du centre,47.80714,6.34767,Plein jour,Hors agglomération,Hors intersection,Normale,Trois véhicules et plus - collisions multiples,,,,,,,,,,,1,1,1,1.0,5.0
201700015427,0017-05-21 19:45:00,17,5,21,19,45,700,98,RN57,47.75562,6.33616,Plein jour,Hors agglomération,Hors intersection,Normale,Deux véhicules - côté,,,,,,,,,,,1,1,1,1.0,3.0
201700015428,0017-06-17 11:40:00,17,6,17,11,40,700,155,intersection rue du Vill,47.73824,6.40307,Plein jour,En agglomération,Intersection en T,Normale,Deux véhicules - côté,,,,,,,,,,,1,2,3,1.0,3.0
201700015429,0017-07-15 18:00:00,17,7,15,18,0,700,227,Route départementale 315,47.81558,6.61448,Plein jour,Hors agglomération,Hors intersection,Temps éblouissant,Autre collision,,,,,,,,,,,1,1,1,7.0,6.0
201700015430,0017-08-15 11:20:00,17,8,15,11,20,700,93,RD 6,47.8036,6.33614,Plein jour,En agglomération,Hors intersection,Normale,Autre collision,,,,,,,,,,,1,2,1,1.0,6.0
201700015431,0017-09-29 16:45:00,17,9,29,16,45,700,473,rue Edouard Herriot,47.80787,6.38339,Plein jour,En agglomération,Giratoire,Pluie légère,Autre collision,,,,,,,,,,,1,2,6,2.0,6.0
201700015432,0017-01-10 08:00:00,17,1,10,8,0,700,240,CD 64,47.86901,6.35267,Plein jour,Hors agglomération,Hors intersection,Neige / grêle,Deux véhicules - frontale,,,,,,,,,,,1,1,1,4.0,1.0
201700015433,0017-04-10 22:45:00,17,4,10,22,45,700,13,RD 434,47.97528,6.16171,Nuit sans éclairage public,Hors agglomération,Hors intersection,Normale,Sans collision,,,,,,,,,,,3,1,1,1.0,7.0
201700015434,0017-08-28 18:40:00,17,8,28,18,40,700,245,RN 57,47.88267,6.38483,Plein jour,Hors agglomération,Intersection en X,Normale,Deux véhicules - côté,,,,,,,,,,,1,1,2,1.0,3.0
201700015435,0017-10-13 14:55:00,17,10,13,14,55,700,419,D434,47.956,6.12715,Plein jour,Hors agglomération,Intersection en T,Normale,Deux véhicules - frontale,,,,,,,,,,,1,1,3,1.0,1.0
201700015436,0017-12-04 09:00:00,17,12,4,9,0,700,323,417,47.91074,6.15253,Plein jour,Hors agglomération,Hors intersection,Pluie légère,Deux véhicules - frontale,,,,,,,,,,,1,1,1,2.0,1.0
201700015437,0017-03-28 17:30:00,17,3,28,17,30,700,64,RN 19,47.63446,6.63954,Plein jour,Hors agglomération,Hors intersection,Normale,Autre collision,,,,,,,,,,,1,1,1,1.0,6.0
201700015438,0017-04-04 17:50:00,17,4,4,17,50,700,149,D16,47.63038,6.71771,Plein jour,Hors agglomération,Hors intersection,Normale,Deux véhicules - frontale,,,,,,,,,,,1,1,1,1.0,1.0
201700015439,0017-07-31 10:15:00,17,7,31,10,15,700,477,25 grande rue,47.56499,6.63425,Plein jour,En agglomération,Hors intersection,Normale,Autre collision,,,,,,,,,,,1,2,1,1.0,6.0
201700015440,0017-08-27 00:50:00,17,8,27,0,50,700,312,RN19,47.60344,6.71682,Nuit sans éclairage public,Hors agglomération,Hors intersection,Normale,Autre collision,,,,,,,,,,,3,1,1,1.0,6.0
201700015441,0017-09-09 12:30:00,17,9,9,12,30,700,484,RD 93,47.55707,6.57739,Plein jour,Hors agglomération,Hors intersection,Normale,Deux véhicules - frontale,,,,,,,,,,,1,1,1,1.0,1.0
201700015442,0017-10-05 15:21:00,17,10,5,15,21,700,506,D 683,47.55981,6.71167,Plein jour,Hors agglomération,Hors intersection,Normale,Deux véhicules - frontale,,,,,,,,,,,1,1,1,1.0,1.0
201700015443,0017-10-20 15:00:00,17,10,20,15,0,700,561,carrefour D9 et rue du 1,47.54313,6.43084,Plein jour,Hors agglomération,Intersection en X,Normale,Deux véhicules - frontale,,,,,,,,,,,1,1,2,1.0,1.0
201700015444,0017-01-16 16:26:00,17,1,16,16,26,640,421,RN 134,43.16675,-0.5187,Plein jour,Hors agglomération,Hors intersection,Pluie légère,Deux véhicules - frontale,,,,,,,,,,,1,1,1,2.0,1.0
201700015445,0017-01-13 16:55:00,17,1,13,16,55,850,21,LA HAUTE HANTRIE,47.02375,-1.26852,Plein jour,Hors agglomération,Intersection en X,Normale,Deux véhicules - côté,,,,,,,,,,,1,1,2,1.0,3.0
201700015446,0017-02-10 11:10:00,17,2,10,11,10,850,51,Rd949BIS,46.67762,-1.07498,Plein jour,Hors agglomération,Hors intersection,Normale,Deux véhicules - côté,,,,,,,,,,,1,1,1,1.0,3.0
201700015447,0017-02-14 10:25:00,17,2,14,10,25,850,208,LE BOIS,46.8101,-1.37129,Plein jour,Hors agglomération,Hors intersection,Brouillard / fumée,Deux véhicules - arrière,,,,,,,,,,,1,1,1,5.0,2.0
201700015448,0017-02-14 09:13:00,17,2,14,9,13,850,191,A 87- PK 112+200,46.67263,-1.3465,Plein jour,Hors agglomération,Hors intersection,Brouillard / fumée,Autre collision,,,,,,,,,,,1,1,1,5.0,6.0
201700015449,0017-03-27 15:17:00,17,3,27,15,17,850,109,RD 755 BIS PK 007.020,46.85699,-0.9773,Plein jour,Hors agglomération,Hors intersection,Normale,Deux véhicules - frontale,,,,,,,,,,,1,1,1,1.0,1.0
201700015450,0017-04-21 05:41:00,17,4,21,5,41,850,27,A83,46.95243,-1.35474,Nuit sans éclairage public,Hors agglomération,Hors intersection,Normale,Autre collision,,,,,,,,,,,3,1,1,1.0,6.0
201700015451,0017-05-15 17:08:00,17,5,15,17,8,850,51,BD  THOMAS VOECKLER,46.69714,-1.04158,Plein jour,En agglomération,Hors intersection,Normale,Deux véhicules - frontale,,,,,,,,,,,1,2,1,1.0,1.0
201700015452,0017-05-25 12:30:00,17,5,25,12,30,850,46,,46.6968,-1.30359,Plein jour,Hors agglomération,Hors intersection,Normale,Deux véhicules - arrière,,,,,,,,,,,1,1,1,1.0,2.0
201700015453,0017-09-19 13:14:00,17,9,19,13,14,850,107,LES LOGES,46.96482,-1.29444,Plein jour,Hors agglomération,Hors intersection,Normale,Deux véhicules - frontale,,,,,,,,,,,1,1,1,1.0,1.0
201700015454,0017-04-23 20:00:00,17,4,23,20,0,10,321,D979,46.16188,5.3558,Crépuscule ou aube,Hors agglomération,Hors intersection,Normale,Deux véhicules - frontale,,,,,,,,,,,2,1,1,1.0,1.0
201700015455,0017-05-25 12:00:00,17,5,25,12,0,10,184,route de Nantua,46.16135,5.42958,Plein jour,En agglomération,Hors intersection,Normale,Deux véhicules - arrière,,,,,,,,,,,1,2,1,1.0,2.0
201700015456,0017-06-19 18:30:00,17,6,19,18,30,10,72,rue Jean IV,46.17895,5.32211,Plein jour,En agglomération,Intersection en T,Normale,Deux véhicules - côté,,,,,,,,,,,1,2,3,1.0,3.0
201700015457,0017-06-26 16:15:00,17,6,26,16,15,10,426,ZA Lucinges - treffort,46.28531,5.34176,Plein jour,Hors agglomération,Intersection en X,Normale,Deux véhicules - côté,,,,,,,,,,,1,1,2,1.0,3.0
201700015458,0017-07-20 19:45:00,17,7,20,19,45,10,408,RD 98,46.23021,5.40349,Plein jour,En agglomération,Hors intersection,Normale,Deux véhicules - côté,,,,,,,,,,,1,2,1,1.0,3.0
201700015459,0017-08-05 10:10:00,17,8,5,10,10,10,95,Dhuys,46.25283,5.41336,Plein jour,Hors agglomération,Intersection en T,Normale,Deux véhicules - frontale,,,,,,,,,,,1,1,3,1.0,1.0
201700015460,0017-08-04 17:55:00,17,8,4,17,55,10,195,D936,46.21176,5.31678,Plein jour,Hors agglomération,Hors intersection,Normale,Deux véhicules - frontale,,,,,,,,,,,1,1,1,1.0,1.0
201700015461,0017-08-27 00:05:00,17,8,27,0,5,10,72,départementale 979,46.1856,5.30049,Nuit sans éclairage public,Hors agglomération,Intersection en T,Normale,Deux véhicules - côté,,,,,,,,,,,3,1,3,1.0,3.0
201700015462,0017-09-03 17:25:00,17,9,3,17,25,10,254,D 23,46.1743,5.2872,Plein jour,Hors agglomération,Hors intersection,Normale,Deux véhicules - arrière,,,,,,,,,,,1,1,1,1.0,2.0
201700015463,0017-09-28 17:40:00,17,9,28,17,40,10,447,16+450,46.21155,5.41017,Plein jour,Hors agglomération,Hors intersection,Normale,Autre collision,,,,,,,,,,,1,1,1,1.0,6.0
201700015464,0017-10-15 15:15:00,17,10,15,15,15,10,125,11 Place Charles BLETEL,46.25547,5.49482,Plein jour,En agglomération,Hors intersection,Normale,Deux véhicules - arrière,,,,,,,,,,,1,2,1,1.0,2.0
201700015465,0017-12-06 18:00:00,17,12,6,18,0,10,254,route du Revermont,46.1743,5.2872,Nuit sans éclairage public,Hors agglomération,Hors intersection,Normale,Deux véhicules - côté,,,,,,,,,,,3,1,1,1.0,3.0
201700015466,0017-12-07 08:35:00,17,12,7,8,35,10,150,rue de la fruitière D81,46.21736,5.36814,Plein jour,En agglomération,Hors intersection,Normale,Autre collision,,,,,,,,,,,1,2,1,1.0,6.0
201700015467,0017-04-10 15:30:00,17,4,10,15,30,10,457,route départementale n°8,46.19521,4.994,Plein jour,En agglomération,Hors intersection,Temps éblouissant,Autre collision,,,,,,,,,,,1,2,1,7.0,6.0
201700015468,0017-04-14 11:50:00,17,4,14,11,50,10,272,D936,46.14372,4.98172,Plein jour,Hors agglomération,Hors intersection,Normale,Autre collision,,,,,,,,,,,1,1,1,1.0,6.0
201700015469,0017-04-27 10:35:00,17,4,27,10,35,10,457,Avenue de la Gare,46.22719,4.99289,Plein jour,En agglomération,Intersection en T,Normale,Deux véhicules - frontale,,,,,,,,,,,1,2,3,1.0,1.0
201700015470,0017-05-19 18:01:00,17,5,19,18,1,10,272,lieu-dit BOUTIRE SUR LA,46.16791,5.03275,Plein jour,Hors agglomération,Hors intersection,Temps couvert,Deux véhicules - frontale,,,,,,,,,,,1,1,1,8.0,1.0
201700015471,0017-05-30 10:07:00,17,5,30,10,7,10,93,AVENUE DE LA POSTE,46.11849,4.9601,Plein jour,En agglomération,Giratoire,Normale,Autre collision,,,,,,,,,,,1,2,6,1.0,6.0
201700015472,0017-06-25 23:05:00,17,6,25,23,5,10,28,lieu dit bunaz,46.11375,4.89546,Nuit sans éclairage public,Hors agglomération,Hors intersection,Normale,Autre collision,,,,,,,,,,,3,1,1,1.0,6.0
201700015473,0017-09-28 15:48:00,17,9,28,15,48,10,93,VERNAY,46.12885,4.95521,Plein jour,Hors agglomération,Hors intersection,Normale,Deux véhicules - côté,,,,,,,,,,,1,1,1,1.0,3.0
201700015474,0017-10-07 12:05:00,17,10,7,12,5,10,28,Les Bagés,46.12074,4.91668,Plein jour,Hors agglomération,Intersection en T,Normale,Deux véhicules - côté,,,,,,,,,,,1,1,3,1.0,3.0
201700015475,0017-11-21 07:14:00,17,11,21,7,14,10,319,1375 lieu dit chanterell,46.10866,4.94142,Crépuscule ou aube,Hors agglomération,Hors intersection,Normale,Autre collision,,,,,,,,,,,2,1,1,1.0,6.0
201700015476,0017-12-04 17:51:00,17,12,4,17,51,10,93,D936- lieu-dit GFRAND PU,46.13677,4.97289,Nuit sans éclairage public,Hors agglomération,Hors intersection,Normale,Deux véhicules - côté,,,,,,,,,,,3,1,1,1.0,3.0
201700015477,0017-12-21 11:45:00,17,12,21,11,45,10,28,chemin départemental 66,46.10767,4.90398,Plein jour,Hors agglomération,Hors intersection,Pluie légère,Sans collision,,,,,,,,,,,1,1,1,2.0,7.0
201700015478,0017-01-29 19:00:00,17,1,29,19,0,10,115,Route de Macon,46.25235,5.09624,Nuit avec éclairage allumé,Hors agglomération,Intersection en X,Normale,Deux véhicules - côté,,,,,,,,,,,5,1,2,1.0,3.0
201700015479,0017-02-04 04:25:00,17,2,4,4,25,10,230,RD 975,46.43763,5.09255,Nuit sans éclairage public,Hors agglomération,Hors intersection,Normale,Autre collision,,,,,,,,,,,3,1,1,1.0,6.0
201700015480,0017-03-02 23:00:00,17,3,2,23,0,10,163,1801 route de Montrevel,46.36086,5.15647,Nuit sans éclairage public,Hors agglomération,Hors intersection,Normale,Autre collision,,,,,,,,,,,3,1,1,1.0,6.0
201700015481,0017-03-03 08:30:00,17,3,3,8,30,10,364,Cd 80,46.40162,5.0437,Plein jour,Hors agglomération,Hors intersection,Normale,Sans collision,,,,,,,,,,,1,1,1,1.0,7.0
201700015482,0017-03-03 07:00:00,17,3,3,7,0,10,232,lieu dit peyssole,46.32687,5.2479,Crépuscule ou aube,Hors agglomération,Hors intersection,Normale,Sans collision,,,,,,,,,,,2,1,1,1.0,7.0
201700015483,0017-03-19 12:45:00,17,3,19,12,45,10,139,D97,46.4686,5.15753,Plein jour,Hors agglomération,Hors intersection,Normale,Sans collision,,,,,,,,,,,1,1,1,1.0,7.0
201700015484,0017-03-25 14:30:00,17,3,25,14,30,10,266,Route du Sougey,46.34188,5.11852,Plein jour,Hors agglomération,Hors intersection,Normale,Trois véhicules et plus - collisions multiples,,,,,,,,,,,1,1,1,1.0,5.0
201700015485,0017-04-09 06:18:00,17,4,9,6,18,10,140,lieu dit Rattiez,46.26063,5.10041,Crépuscule ou aube,En agglomération,Hors intersection,Normale,Autre collision,,,,,,,,,,,2,2,1,1.0,6.0
201700015486,0017-04-07 04:20:00,17,4,7,4,20,10,388,route de Servignat,46.44853,5.07707,Nuit sans éclairage public,Hors agglomération,Hors intersection,Normale,Sans collision,,,,,,,,,,,3,1,1,1.0,7.0
201700015487,0017-06-29 07:45:00,17,6,29,7,45,10,154,D28,46.33807,5.24486,Plein jour,Hors agglomération,Hors intersection,Pluie légère,Autre collision,,,,,,,,,,,1,1,1,2.0,6.0
201700015488,0017-07-19 09:20:00,17,7,19,9,20,10,432,D52,46.34921,5.34987,Plein jour,Hors agglomération,Hors intersection,Normale,Sans collision,,,,,,,,,,,1,1,1,1.0,7.0
201700015489,0017-08-21 11:00:00,17,8,21,11,0,10,38,RD28,46.33409,5.29299,Plein jour,Hors agglomération,Intersection en T,Normale,Deux véhicules - frontale,,,,,,,,,,,1,1,3,1.0,1.0
201700015490,0017-08-26 10:50:00,17,8,26,10,50,10,147,"""Le villard""",46.4018,5.2914,Plein jour,En agglomération,Hors intersection,Normale,Sans collision,,,,,,,,,,,1,2,1,1.0,7.0
201700015491,0017-09-19 20:20:00,17,9,19,20,20,10,367,ROUTE DE ST JEAN,46.40004,5.10382,Nuit sans éclairage public,Hors agglomération,Hors intersection,Autre,Autre collision,,,,,,,,,,,3,1,1,9.0,6.0
201700015492,0017-09-30 11:45:00,17,9,30,11,45,10,437,D58B,46.47969,5.02382,Plein jour,Hors agglomération,Hors intersection,Pluie légère,Deux véhicules - frontale,,,,,,,,,,,1,1,1,2.0,1.0
201700015493,0017-10-04 21:53:00,17,10,4,21,53,10,232,RD 996,46.31447,5.23903,Nuit sans éclairage public,Hors agglomération,Hors intersection,Normale,Sans collision,,,,,,,,,,,3,1,1,1.0,7.0
201700015494,0017-11-13 07:45:00,17,11,13,7,45,10,364,Les blotonnées,46.36905,5.06573,Plein jour,Hors agglomération,Hors intersection,Pluie légère,Autre collision,,,,,,,,,,,1,1,1,2.0,6.0
201700015495,0017-11-15 18:45:00,17,11,15,18,45,10,266,Avenue de MACON,46.33344,5.11622,Nuit avec éclairage allumé,En agglomération,Hors intersection,Normale,Autre collision,,,,,,,,,,,5,2,1,1.0,6.0
201700015496,0017-11-18 05:00:00,17,11,18,5,0,10,266,ROUTE DE MARSONNAS RD 28,46.32492,5.11247,Nuit sans éclairage public,Hors agglomération,Hors intersection,Normale,Autre collision,,,,,,,,,,,3,1,1,1.0,6.0
201700015497,0017-11-26 10:20:00,17,11,26,10,20,10,38,RD28A,46.31673,5.29464,Plein jour,Hors agglomération,Hors intersection,Pluie légère,Deux véhicules - frontale,,,,,,,,,,,1,1,1,2.0,1.0
201700015498,0017-11-29 18:45:00,17,11,29,18,45,10,229,D975,46.32353,5.13703,Nuit sans éclairage public,Hors agglomération,Hors intersection,Neige / grêle,Trois véhicules et plus - collisions multiples,,,,,,,,,,,3,1,1,4.0,5.0
201700015499,0017-12-01 10:50:00,17,12,1,10,50,10,163,route de saint amour,46.37404,5.18156,Plein jour,Hors agglomération,Intersection en X,Normale,Autre collision,,,,,,,,,,,1,1,2,1.0,6.0
201700015500,0017-12-18 10:10:00,17,12,18,10,10,10,163,Route des fontanettes,46.37857,5.18456,Plein jour,En agglomération,Hors intersection,Neige / grêle,Sans collision,,,,,,,,,,,1,2,1,4.0,7.0
201700015501,0017-01-16 17:30:00,17,1,16,17,30,10,320,route de Pont de Veyle,46.29435,4.86869,Nuit avec éclairage allumé,En agglomération,Intersection en T,Normale,Deux véhicules - arrière,,,,,,,,,,,5,2,3,1.0,2.0
201700015502,0017-01-17 18:15:00,17,1,17,18,15,10,306,Place Bellecour,46.26134,4.88735,Nuit avec éclairage allumé,En agglomération,Hors intersection,Normale,Autre collision,,,,,,,,,,,5,2,1,1.0,6.0
201700015503,0017-04-07 18:05:00,17,4,7,18,5,10,102,D58 PK 7+100,46.38759,4.94661,Plein jour,Hors agglomération,Intersection en X,Normale,Deux véhicules - côté,,,,,,,,,,,1,1,2,1.0,3.0
201700015504,0017-04-12 15:45:00,17,4,12,15,45,10,332,RD28,46.29535,4.91783,Plein jour,Hors agglomération,Intersection en X,Normale,Deux véhicules - côté,,,,,,,,,,,1,1,2,1.0,3.0
201700015505,0017-04-29 11:15:00,17,4,29,11,15,10,332,Lieu dit La Croisée - RD,46.28909,4.91387,Plein jour,En agglomération,Hors intersection,Normale,Deux véhicules - frontale,,,,,,,,,,,1,2,1,1.0,1.0
201700015506,0017-04-29 13:10:00,17,4,29,13,10,10,370,"Croisement D879 et D51,",46.302,4.83611,Plein jour,En agglomération,Giratoire,Normale,Deux véhicules - côté,,,,,,,,,,,1,2,6,1.0,3.0
201700015507,0017-05-14 18:55:00,17,5,14,18,55,10,175,intersection D 933 et ch,46.41356,4.95055,Plein jour,Hors agglomération,Intersection en X,Normale,Deux véhicules - côté,,,,,,,,,,,1,1,2,1.0,3.0
201700015508,0017-05-24 08:15:00,17,5,24,8,15,10,159,pont de la loeze,46.35243,4.88313,Plein jour,Hors agglomération,Autre intersection,Normale,Deux véhicules - frontale,,,,,,,,,,,1,1,9,1.0,1.0
201700015509,0017-06-01 17:00:00,17,6,1,17,0,10,305,Route de Fleurville,46.43396,4.93612,Plein jour,En agglomération,Hors intersection,Normale,Autre collision,,,,,,,,,,,1,2,1,1.0,6.0
201700015510,0017-08-15 10:47:00,17,8,15,10,47,10,123,RD51A,46.24183,4.81964,Plein jour,Hors agglomération,Hors intersection,Normale,Deux véhicules - côté,,,,,,,,,,,1,1,1,1.0,3.0
201700015511,0017-08-18 16:00:00,17,8,18,16,0,10,123,rue de la farge,46.23716,4.82745,Plein jour,En agglomération,Intersection en X,Normale,Deux véhicules - côté,,,,,,,,,,,1,2,2,1.0,3.0
201700015512,0017-08-29 11:30:00,17,8,29,11,30,10,323,rue du biolay,46.42838,4.92259,Plein jour,En agglomération,Intersection en X,Normale,Deux véhicules - côté,,,,,,,,,,,1,2,2,1.0,3.0