accident_id,datetime,annee,mois,jour,heure,minute,departement,commune_insee,adresse,latitude,longitude,luminosite,agglomeration,intersection,meteo,collision,nb_vehicules,nb_usagers,nb_indemnes,nb_tues,nb_blesses_hosp,nb_blesses_legers,age_cond_1,age_cond_2,veh_type_cond_1,veh_type_cond_2,lum_code,agg_code,int_code,atm_code,col_code
201700015513,0017-09-05 11:18:00,17,9,5,11,18,10,25,Lieu dit Onjard,46.35371,4.94182,Plein jour,En agglomération,Hors intersection,Normale,Deux véhicules - côté,,,,,,,,,,,1,2,1,1.0,3.0
201700015514,0017-09-13 20:45:00,17,9,13,20,45,10,320,392 route de Bourg,46.30069,4.87472,Nuit avec éclairage allumé,En agglomération,Hors intersection,Normale,Deux véhicules - côté,,,,,,,,,,,5,2,1,1.0,3.0
201700015515,0017-10-04 07:50:00,17,10,4,7,50,10,284,"Grande rue, D933, PK 15",46.38839,4.9149,Plein jour,En agglomération,Hors intersection,Normale,Deux véhicules - frontale,,,,,,,,,,,1,2,1,1.0,1.0
201700015516,0017-10-25 17:55:00,17,10,25,17,55,10,352,lieu dit corcelle,46.38602,5.01096,Plein jour,Hors agglomération,Hors intersection,Normale,Deux véhicules - côté,,,,,,,,,,,1,1,1,1.0,3.0
201700015517,0017-10-27 19:30:00,17,10,27,19,30,10,305,Rue du Moulin,46.43306,4.93696,Nuit sans éclairage public,En agglomération,Hors intersection,Normale,Autre collision,,,,,,,,,,,3,2,1,1.0,6.0
201700015518,0017-12-09 13:20:00,17,12,9,13,20,10,337,RD933,46.44911,4.94783,Plein jour,Hors agglomération,Intersection en T,Normale,Deux véhicules - arrière,,,,,,,,,,,1,1,3,1.0,2.0
201700015519,0017-01-18 10:45:00,17,1,18,10,45,10,34,73 Grande Rue,45.7588,5.68976,Plein jour,En agglomération,Hors intersection,Normale,Autre collision,,,,,,,,,,,1,2,1,1.0,6.0
201700015520,0017-05-19 20:45:00,17,5,19,20,45,10,61,route de la commanderie,45.71377,5.68624,Crépuscule ou aube,Hors agglomération,Hors intersection,Normale,Deux véhicules - frontale,,,,,,,,,,,2,1,1,1.0,1.0
201700015521,0017-05-24 20:00:00,17,5,24,20,0,10,58,CHEMIN DE LA PLAINE,45.64131,5.61672,Plein jour,En agglomération,Hors intersection,Normale,Deux véhicules - côté,,,,,,,,,,,1,2,1,1.0,3.0
201700015522,0017-09-08 08:25:00,17,9,8,8,25,10,34,rue francis picabia,45.74203,5.67326,Crépuscule ou aube,En agglomération,Hors intersection,Normale,Autre collision,,,,,,,,,,,2,2,1,1.0,6.0
201700015523,0017-09-17 07:05:00,17,9,17,7,5,10,133,RD992,45.77291,5.76008,Plein jour,Hors agglomération,Hors intersection,Normale,Sans collision,,,,,,,,,,,1,1,1,1.0,7.0
201700015524,0017-10-02 10:40:00,17,10,2,10,40,10,182,D19,45.71826,5.54126,Plein jour,Hors agglomération,Hors intersection,Pluie légère,Sans collision,,,,,,,,,,,1,1,1,2.0,7.0
201700015525,0017-10-05 06:52:00,17,10,5,6,52,10,98,D32C,45.7777,5.68808,Nuit avec éclairage allumé,Hors agglomération,Intersection en T,Brouillard / fumée,Deux véhicules - côté,,,,,,,,,,,5,1,3,5.0,3.0
201700015526,0017-10-07 13:45:00,17,10,7,13,45,10,34,Avenue Baudin,45.75904,5.69046,Plein jour,En agglomération,Hors intersection,Normale,Deux véhicules - côté,,,,,,,,,,,1,2,1,1.0,3.0
201700015527,0017-10-15 17:50:00,17,10,15,17,50,10,310,D10,45.67621,5.64568,Crépuscule ou aube,Hors agglomération,Hors intersection,Normale,Deux véhicules - côté,,,,,,,,,,,2,1,1,1.0,3.0
201700015528,0017-11-18 05:15:00,17,11,18,5,15,10,182,,,,Nuit avec éclairage allumé,En agglomération,Hors intersection,Normale,Autre collision,,,,,,,,,,,5,2,1,1.0,6.0
201700015529,0017-11-17 18:26:00,17,11,17,18,26,10,454,RD1504,45.70869,5.72305,Nuit sans éclairage public,Hors agglomération,Hors intersection,Normale,Deux véhicules - arrière,,,,,,,,,,,3,1,1,1.0,2.0
201700015530,0017-11-22 22:55:00,17,11,22,22,55,10,34,D1504,45.74796,5.70796,Nuit sans éclairage public,Hors agglomération,Hors intersection,Normale,Autre collision,,,,,,,,,,,3,1,1,1.0,6.0
201700015531,0017-12-16 19:15:00,17,12,16,19,15,10,239,Le lac de bart - CD 992,45.75993,5.73907,Nuit sans éclairage public,Hors agglomération,Hors intersection,Temps couvert,Deux véhicules - frontale,,,,,,,,,,,3,1,1,8.0,1.0
201700015532,0017-01-09 13:30:00,17,1,9,13,30,10,36,D8,45.90771,5.6374,Plein jour,Hors agglomération,Autre intersection,Brouillard / fumée,Autre collision,,,,,,,,,,,1,1,9,5.0,6.0
201700015533,0017-01-25 08:15:00,17,1,25,8,15,10,138,cd992 pk37,45.83372,5.7916,Plein jour,Hors agglomération,Hors intersection,Normale,Deux véhicules - arrière,,,,,,,,,,,1,1,1,1.0,2.0
201700015534,0017-02-04 19:30:00,17,2,4,19,30,10,118,grande rue - Lieu dit SI,45.98333,5.80092,Nuit sans éclairage public,En agglomération,Hors intersection,Normale,Autre collision,,,,,,,,,,,3,2,1,1.0,6.0
201700015535,0017-03-10 14:55:00,17,3,10,14,55,10,118,rue du pont  neuf,45.94674,5.81935,Plein jour,Hors agglomération,Intersection en T,Normale,Trois véhicules et plus - collisions multiples,,,,,,,,,,,1,1,3,1.0,5.0
201700015536,0017-03-19 21:40:00,17,3,19,21,40,10,22,67 cote d'Yon,45.87673,5.69249,Nuit avec éclairage allumé,En agglomération,Hors intersection,Normale,Autre collision,,,,,,,,,,,5,2,1,1.0,6.0
201700015537,0017-04-14 18:15:00,17,4,14,18,15,10,138,avenue Antonin Poncet,45.84808,5.78079,Plein jour,En agglomération,Hors intersection,Temps éblouissant,Autre collision,,,,,,,,,,,1,2,1,7.0,6.0
201700015538,0017-05-05 15:35:00,17,5,5,15,35,10,66,RD 1504,45.86319,5.53765,Plein jour,Hors agglomération,Hors intersection,Normale,Sans collision,,,,,,,,,,,1,1,1,1.0,7.0
201700015539,0017-05-07 15:24:00,17,5,7,15,24,10,66,rd 1504,45.86319,5.53765,Plein jour,Hors agglomération,Hors intersection,Normale,Trois véhicules et plus - collisions multiples,,,,,,,,,,,1,1,1,1.0,5.0
201700015540,0017-06-10 11:30:00,17,6,10,11,30,10,66,chemin le BERNARD,45.84973,5.55308,Plein jour,Hors agglomération,Hors intersection,Normale,Sans collision,,,,,,,,,,,1,1,1,1.0,7.0
201700015541,0017-06-16 17:45:00,17,6,16,17,45,10,118,RD 123 lieu dit larnin,45.94476,5.78867,Plein jour,Hors agglomération,Hors intersection,Normale,Sans collision,,,,,,,,,,,1,1,1,1.0,7.0
201700015542,0017-07-16 17:45:00,17,7,16,17,45,10,407,,45.95864,5.83232,Plein jour,En agglomération,Hors intersection,Normale,Autre collision,,,,,,,,,,,1,2,1,1.0,6.0
201700015543,0017-08-03 12:45:00,17,8,3,12,45,10,118,RD992,45.94242,5.81429,Plein jour,Hors agglomération,Intersection en T,Normale,Deux véhicules - côté,,,,,,,,,,,1,1,3,1.0,3.0
201700015544,0017-08-08 06:30:00,17,8,8,6,30,10,133,CD 992 - PK 31,45.80122,5.77179,Crépuscule ou aube,Hors agglomération,Hors intersection,Pluie forte,Deux véhicules - frontale,,,,,,,,,,,2,1,1,3.0,1.0
201700015545,0017-09-10 04:30:00,17,9,10,4,30,10,407,RD992,45.9498,5.8274,Nuit sans éclairage public,Hors agglomération,Hors intersection,Pluie légère,Autre collision,,,,,,,,,,,3,1,1,2.0,6.0
201700015546,0017-09-11 08:45:00,17,9,11,8,45,10,133,CD992,45.79436,5.7706,Plein jour,Hors agglomération,Hors intersection,Normale,Autre collision,,,,,,,,,,,1,1,1,1.0,6.0
201700015547,0017-02-10 22:20:00,17,2,10,22,20,10,265,rue de Landeyron,46.18147,5.57942,Nuit avec éclairage allumé,En agglomération,Hors intersection,Normale,Autre collision,,,,,,,,,,,5,2,1,1.0,6.0
201700015548,0017-03-04 11:00:00,17,3,4,11,0,10,269,rue painlevé,46.15193,5.60698,Plein jour,En agglomération,Hors intersection,Pluie forte,Autre collision,,,,,,,,,,,1,2,1,3.0,6.0
201700015549,0017-03-08 08:40:00,17,3,8,8,40,10,240,,46.25639,5.53924,Plein jour,Hors agglomération,Hors intersection,Normale,Sans collision,,,,,,,,,,,1,1,1,1.0,7.0
201700015550,0017-05-03 16:50:00,17,5,3,16,50,10,267,Chemin de Tréboyant,46.18038,5.52039,Plein jour,En agglomération,Intersection en T,Normale,Deux véhicules - frontale,,,,,,,,,,,1,2,3,1.0,1.0
201700015551,0017-05-11 16:30:00,17,5,11,16,30,10,204,"D1084, lieu dit moulin d",46.16792,5.68673,Plein jour,Hors agglomération,Hors intersection,Pluie forte,Deux véhicules - côté,,,,,,,,,,,1,1,1,3.0,3.0
201700015552,0017-05-27 21:20:00,17,5,27,21,20,10,373,58 Grande Rue,46.13764,5.55225,Crépuscule ou aube,En agglomération,Hors intersection,Normale,Autre collision,,,,,,,,,,,2,2,1,1.0,6.0
201700015553,0017-06-02 13:36:00,17,6,2,13,36,10,170,d18,46.19169,5.54325,Plein jour,En agglomération,Hors intersection,Normale,Deux véhicules - frontale,,,,,,,,,,,1,2,1,1.0,1.0
201700015554,0017-06-24 13:15:00,17,6,24,13,15,10,51,D91,46.21331,5.47461,Plein jour,Hors agglomération,Hors intersection,Normale,Sans collision,,,,,,,,,,,1,1,1,1.0,7.0
201700015555,0017-07-08 01:40:00,17,7,8,1,40,10,265,rue du Jura,46.17876,5.58101,Nuit avec éclairage allumé,En agglomération,Hors intersection,Normale,Sans collision,,,,,,,,,,,5,2,1,1.0,7.0
201700015556,0017-07-22 09:00:00,17,7,22,9,0,10,204,lieu dit pierre blanche.,46.1553,5.71924,Plein jour,En agglomération,Intersection en X,Normale,Deux véhicules - côté,,,,,,,,,,,1,2,2,1.0,3.0
201700015557,0017-08-01 19:00:00,17,8,1,19,0,10,269,RD1084 PK71,46.16119,5.59955,Plein jour,Hors agglomération,Hors intersection,Normale,Trois véhicules et plus - collisions multiples,,,,,,,,,,,1,1,1,1.0,5.0
201700015558,0017-08-27 10:47:00,17,8,27,10,47,10,274,D1084,46.15658,5.6527,Plein jour,Hors agglomération,Intersection en T,Normale,Deux véhicules - frontale,,,,,,,,,,,1,1,3,1.0,1.0
201700015559,0017-10-17 01:50:00,17,10,17,1,50,10,204,le burlandier,46.16763,5.71574,Nuit sans éclairage public,Hors agglomération,Hors intersection,Normale,Deux véhicules - frontale,,,,,,,,,,,3,1,1,1.0,1.0
201700015560,0017-02-06 07:45:00,17,2,6,7,45,10,422,RD 1075,46.13178,5.29007,Crépuscule ou aube,Hors agglomération,Hors intersection,Pluie légère,Deux véhicules - frontale,,,,,,,,,,,2,1,1,2.0,1.0
201700015561,0017-03-02 07:00:00,17,3,2,7,0,10,273,route de Neuville hameau,46.55652,5.23107,Crépuscule ou aube,En agglomération,Hors intersection,Pluie légère,Autre collision,,,,,,,,,,,2,2,1,2.0,6.0
201700015562,0017-03-29 22:45:00,17,3,29,22,45,10,374,20 chemin du PELOUX,46.08927,5.31529,Nuit sans éclairage public,Hors agglomération,Hors intersection,Normale,Deux véhicules - frontale,,,,,,,,,,,3,1,1,1.0,1.0
201700015563,0017-03-31 19:30:00,17,3,31,19,30,10,314,CD90,46.02408,5.28044,Crépuscule ou aube,Hors agglomération,Hors intersection,Normale,Deux véhicules - côté,,,,,,,,,,,2,1,1,1.0,3.0
201700015564,0017-05-20 21:10:00,17,5,20,21,10,10,197,Rue de Boisserolles,46.14731,5.33229,Nuit avec éclairage allumé,En agglomération,Hors intersection,Normale,Sans collision,,,,,,,,,,,5,2,1,1.0,7.0
201700015565,0017-05-25 10:00:00,17,5,25,10,0,10,68,D1084 - Restaurant le Pa,46.08385,5.47641,Plein jour,Hors agglomération,Hors intersection,Normale,Deux véhicules - frontale,,,,,,,,,,,1,1,1,1.0,1.0
201700015566,0017-05-30 17:20:00,17,5,30,17,20,10,363,Route départementale 12,46.03266,5.36745,Plein jour,En agglomération,Hors intersection,Normale,Deux véhicules - frontale,,,,,,,,,,,1,2,1,1.0,1.0
201700015567,0017-06-03 13:00:00,17,6,3,13,0,10,304,CD 984,46.04714,5.31989,Plein jour,Hors agglomération,Hors intersection,Temps éblouissant,Autre collision,,,,,,,,,,,1,1,1,7.0,6.0
201700015568,0017-06-17 14:45:00,17,6,17,14,45,10,304,D1075 - D984,46.04902,5.33575,Plein jour,En agglomération,Intersection en X,Normale,Deux véhicules - côté,,,,,,,,,,,1,2,2,1.0,3.0
201700015569,0017-06-30 17:15:00,17,6,30,17,15,10,69,Départementale 64,46.1278,5.24664,Plein jour,Hors agglomération,Hors intersection,Pluie légère,Autre collision,,,,,,,,,,,1,1,1,2.0,6.0
201700015570,0017-07-13 19:05:00,17,7,13,19,5,10,145,22,46.06481,5.21694,Plein jour,Hors agglomération,Hors intersection,Normale,Trois véhicules et plus - collisions multiples,,,,,,,,,,,1,1,1,1.0,5.0
201700015571,0017-07-25 11:05:00,17,7,25,11,5,10,363,intersection D1084 et D1,46.03861,5.35269,Plein jour,Hors agglomération,Intersection en X,Pluie forte,Deux véhicules - côté,,,,,,,,,,,1,1,2,3.0,3.0
201700015572,0017-08-17 17:45:00,17,8,17,17,45,10,304,"route de Bourg,",46.05691,5.3329,Plein jour,En agglomération,Hors intersection,Normale,Deux véhicules - côté,,,,,,,,,,,1,2,1,1.0,3.0
201700015573,0017-09-21 18:15:00,17,9,21,18,15,10,304,Route de Geneve - OUSSIA,46.05514,5.35435,Plein jour,En agglomération,Hors intersection,Normale,Autre collision,,,,,,,,,,,1,2,1,1.0,6.0
201700015574,0017-10-16 17:45:00,17,10,16,17,45,10,7,Route départementale 36,46.01319,5.33154,Plein jour,Hors agglomération,Hors intersection,Normale,Deux véhicules - arrière,,,,,,,,,,,1,1,1,1.0,2.0
201700015575,0017-10-22 05:00:00,17,10,22,5,0,10,304,17 route de Bourg - RD 1,46.05696,5.33268,Nuit sans éclairage public,En agglomération,Hors intersection,Temps couvert,Autre collision,,,,,,,,,,,3,2,1,8.0,6.0
201700015576,0017-11-13 19:10:00,17,11,13,19,10,10,363,Route d'Hauteville,46.02956,5.39137,Nuit avec éclairage allumé,En agglomération,Hors intersection,Normale,Deux véhicules - frontale,,,,,,,,,,,5,2,1,1.0,1.0
201700015577,0017-11-19 22:05:00,17,11,19,22,5,10,430,rue de la Magdeleine,46.04626,5.31202,Nuit sans éclairage public,Hors agglomération,Hors intersection,Temps couvert,Autre collision,,,,,,,,,,,3,1,1,8.0,6.0
201700015578,0017-12-13 05:45:00,17,12,13,5,45,10,363,Croisement D12 - D1084,46.03877,5.35263,Nuit sans éclairage public,Hors agglomération,Intersection en X,Brouillard / fumée,Deux véhicules - côté,,,,,,,,,,,3,1,2,5.0,3.0
201700015579,0017-12-21 06:55:00,17,12,21,6,55,10,145,Route Départementale 17,46.06481,5.21694,Nuit avec éclairage allumé,En agglomération,Hors intersection,Normale,Autre collision,,,,,,,,,,,5,2,1,1.0,6.0
201700015580,0017-01-29 18:00:00,17,1,29,18,0,10,188,D66A,46.1852,4.88096,Crépuscule ou aube,Hors agglomération,Intersection en T,Normale,Deux véhicules - côté,,,,,,,,,,,2,1,3,1.0,3.0
201700015581,0017-04-24 07:30:00,17,4,24,7,30,10,252,Rd 933,46.15374,4.81548,Plein jour,Hors agglomération,Hors intersection,Normale,Trois véhicules et plus - collisions multiples,,,,,,,,,,,1,1,1,1.0,5.0
201700015582,0017-05-21 08:25:00,17,5,21,8,25,10,263,avenue du Thiollet,46.07487,4.76996,Plein jour,En agglomération,Intersection en X,Normale,Deux véhicules - côté,,,,,,,,,,,1,2,2,1.0,3.0
201700015583,0017-06-18 19:05:00,17,6,18,19,5,10,446,RD 66,46.03128,4.89697,Plein jour,Hors agglomération,Hors intersection,Normale,Deux véhicules - côté,,,,,,,,,,,1,1,1,1.0,3.0
201700015584,0017-07-06 15:15:00,17,7,6,15,15,10,183,ROUTE DE LA CROISÉE,46.10231,4.77321,Plein jour,En agglomération,Giratoire,Normale,Deux véhicules - côté,,,,,,,,,,,1,2,6,1.0,3.0
201700015585,0017-07-25 17:30:00,17,7,25,17,30,10,263,52 Rue de Lyon,46.07953,4.75899,Plein jour,En agglomération,Hors intersection,Normale,Autre collision,,,,,,,,,,,1,2,1,1.0,6.0
201700015586,0017-07-31 08:45:00,17,7,31,8,45,10,263,D933,46.06791,4.77147,Plein jour,Hors agglomération,Hors intersection,Normale,Deux véhicules - arrière,,,,,,,,,,,1,1,1,1.0,2.0
201700015587,0017-08-19 14:20:00,17,8,19,14,20,10,351,chemin de St-Martin,46.15254,4.84578,Plein jour,En agglomération,Hors intersection,Normale,Sans collision,,,,,,,,,,,1,2,1,1.0,7.0
201700015588,0017-09-17 23:30:00,17,9,17,23,30,10,165,lieu dit petit collonges,46.06379,4.80316,Nuit sans éclairage public,En agglomération,Hors intersection,Normale,Autre collision,,,,,,,,,,,3,2,1,1.0,6.0
201700015589,0017-09-19 22:50:00,17,9,19,22,50,10,263,rond point du pecheur -,46.08776,4.75913,Nuit avec éclairage allumé,En agglomération,Giratoire,Normale,Autre collision,,,,,,,,,,,5,2,6,1.0,6.0
201700015590,0017-11-07 19:45:00,17,11,7,19,45,10,348,Route des Brocatières,46.18476,4.83324,Nuit sans éclairage public,Hors agglomération,Hors intersection,Pluie légère,Deux véhicules - frontale,,,,,,,,,,,3,1,1,2.0,1.0
201700015591,0017-02-09 04:40:00,17,2,9,4,40,150,140,D922,44.95065,2.41633,Nuit sans éclairage public,Hors agglomération,Hors intersection,Autre,Sans collision,,,,,,,,,,,3,1,1,9.0,7.0
201700015592,0017-05-01 20:30:00,17,5,1,20,30,150,191,Le Poux,45.05594,2.34642,Nuit sans éclairage public,Hors agglomération,Hors intersection,Pluie légère,Deux véhicules - frontale,,,,,,,,,,,3,1,1,2.0,1.0
201700015593,0017-06-14 14:30:00,17,6,14,14,30,150,221,Lieu dit le Pas du Laure,44.88485,2.31248,Plein jour,Hors agglomération,Hors intersection,Pluie légère,Deux véhicules - frontale,,,,,,,,,,,1,1,1,2.0,1.0
201700015594,0017-06-18 16:45:00,17,6,18,16,45,150,267,RD 120,44.93236,2.35799,Plein jour,Hors agglomération,Hors intersection,Normale,Trois véhicules et plus - collisions multiples,,,,,,,,,,,1,1,1,1.0,5.0
201700015595,0017-06-27 21:30:00,17,6,27,21,30,150,267,intersection N122 et D44,44.89148,2.39238,Nuit sans éclairage public,Hors agglomération,Hors intersection,Pluie forte,Sans collision,,,,,,,,,,,3,1,1,3.0,7.0
201700015596,0017-08-06 09:40:00,17,8,6,9,40,150,228,Lieu dit la remise basse,44.95843,2.13285,Plein jour,Hors agglomération,Hors intersection,Normale,Autre collision,,,,,,,,,,,1,1,1,1.0,6.0
201700015597,0017-08-07 16:00:00,17,8,7,16,0,150,233,Le quiers RD52,44.97267,2.34992,Plein jour,Hors agglomération,Hors intersection,Normale,Deux véhicules - côté,,,,,,,,,,,1,1,1,1.0,3.0
201700015598,0017-09-08 16:42:00,17,9,8,16,42,150,94,D120,44.98265,2.21027,Plein jour,Hors agglomération,Hors intersection,Normale,Trois véhicules et plus - collisions multiples,,,,,,,,,,,1,1,1,1.0,5.0
201700015599,0017-09-29 20:20:00,17,9,29,20,20,150,72,lieu-dit Lusclade,45.00219,2.35656,Nuit sans éclairage public,Hors agglomération,Hors intersection,Normale,Autre collision,,,,,,,,,,,3,1,1,1.0,6.0
201700015600,0017-10-01 16:23:00,17,10,1,16,23,150,88,D18 pk 12+250,44.92211,2.27169,Plein jour,Hors agglomération,Hors intersection,Pluie légère,Sans collision,,,,,,,,,,,1,1,1,2.0,7.0
201700015601,0017-10-19 16:50:00,17,10,19,16,50,150,175,"PK 13,750 CD 922",45.04853,2.42255,Plein jour,Hors agglomération,Hors intersection,Pluie légère,Sans collision,,,,,,,,,,,1,1,1,2.0,7.0
201700015602,0017-04-20 08:55:00,17,4,20,8,55,150,122,place de l'Europe,44.71275,2.19872,Plein jour,En agglomération,Place,Normale,Autre collision,,,,,,,,,,,1,2,7,1.0,6.0
201700015603,0017-07-09 14:30:00,17,7,9,14,30,150,157,NATIONALE 122 PK 13,44.77551,2.18913,Plein jour,Hors agglomération,Hors intersection,Normale,Deux véhicules - frontale,,,,,,,,,,,1,1,1,1.0,1.0
201700015604,0017-07-15 00:30:00,17,7,15,0,30,150,150,lieu dit les trois croix,44.88847,2.22998,Nuit sans éclairage public,Hors agglomération,Hors intersection,Normale,Autre collision,,,,,,,,,,,3,1,1,1.0,6.0
201700015605,0017-07-20 10:10:00,17,7,20,10,10,150,163,Cazolat,44.83139,2.37647,Plein jour,Hors agglomération,Hors intersection,Pluie légère,Sans collision,,,,,,,,,,,1,1,1,2.0,7.0
201700015606,0017-08-10 20:38:00,17,8,10,20,38,150,184,La croix de Darse,44.71016,2.22647,Nuit sans éclairage public,Hors agglomération,Hors intersection,Pluie légère,Autre collision,,,,,,,,,,,3,1,1,2.0,6.0
201700015607,0017-10-11 13:56:00,17,10,11,13,56,150,157,RN 122,44.75907,2.18823,Plein jour,Hors agglomération,Hors intersection,Normale,Deux véhicules - arrière,,,,,,,,,,,1,1,1,1.0,2.0
201700015608,0017-11-06 15:55:00,17,11,6,15,55,150,196,PR 029+0088,44.84822,2.30631,Plein jour,Hors agglomération,Hors intersection,Normale,Trois véhicules et plus - collisions multiples,,,,,,,,,,,1,1,1,1.0,5.0
201700015609,0017-02-01 07:30:00,17,2,1,7,30,150,90,D 601,44.78559,2.44677,Crépuscule ou aube,Hors agglomération,Hors intersection,Normale,Autre collision,,,,,,,,,,,2,1,1,1.0,6.0
201700015610,0017-05-11 21:45:00,17,5,11,21,45,150,90,La roumegade,44.78434,2.44457,Nuit sans éclairage public,Hors agglomération,Hors intersection,Pluie légère,Sans collision,,,,,,,,,,,3,1,1,2.0,7.0
201700015611,0017-06-06 07:20:00,17,6,6,7,20,150,90,RD 920 - PR 12+300,44.78154,2.45646,Crépuscule ou aube,Hors agglomération,Hors intersection,Temps couvert,Autre collision,,,,,,,,,,,2,1,1,8.0,6.0
201700015612,0017-08-10 11:38:00,17,8,10,11,38,150,134,Chemin du Puy de l'Arbre,44.71257,2.50235,Plein jour,En agglomération,Hors intersection,Pluie légère,Autre collision,,,,,,,,,,,1,2,1,2.0,6.0
201700015613,0017-11-19 02:00:00,17,11,19,2,0,150,90,n° 13 Rue Louis Maffre,44.78828,2.4595,Nuit avec éclairage allumé,En agglomération,Hors intersection,Normale,Autre collision,,,,,,,,,,,5,2,1,1.0,6.0
201700015614,0017-01-20 09:30:00,17,1,20,9,30,150,255,Rue Pierre Marty,44.89436,2.51784,Plein jour,En agglomération,Hors intersection,Autre,Autre collision,,,,,,,,,,,1,2,1,9.0,6.0
201700015615,0017-04-20 19:35:00,17,4,20,19,35,150,258,Avenue Emile Duclos,44.97369,2.61607,Plein jour,En agglomération,Hors intersection,Normale,Deux véhicules - côté,,,,,,,,,,,1,2,1,1.0,3.0
201700015616,0017-05-26 10:20:00,17,5,26,10,20,150,154,Route Nationale 122 PK 6,44.95217,2.57585,Plein jour,Hors agglomération,Hors intersection,Normale,Deux véhicules - côté,,,,,,,,,,,1,1,1,1.0,3.0
201700015617,0017-06-21 13:20:00,17,6,21,13,20,150,154,lieu dit cabanes PK 65 +,44.95562,2.58621,Plein jour,Hors agglomération,Hors intersection,Normale,Autre collision,,,,,,,,,,,1,1,1,1.0,6.0
201700015618,0017-07-01 18:05:00,17,7,1,18,5,150,236,SALILHES,45.00776,2.62774,Plein jour,Hors agglomération,Hors intersection,Temps couvert,Sans collision,,,,,,,,,,,1,1,1,8.0,7.0
201700015619,0017-07-02 13:15:00,17,7,2,13,15,150,236,RN 122 - LIEU-DIT SALHIL,45.00776,2.62774,Plein jour,Hors agglomération,Hors intersection,Normale,Sans collision,,,,,,,,,,,1,1,1,1.0,7.0
201700015620,0017-07-22 21:50:00,17,7,22,21,50,150,258,RN 122,44.98947,2.63163,Nuit sans éclairage public,Hors agglomération,Hors intersection,Normale,Autre collision,,,,,,,,,,,3,1,1,1.0,6.0
201700015621,0017-09-18 07:52:00,17,9,18,7,52,150,192,RN 122 PK 085+150,45.07174,2.72237,Plein jour,Hors agglomération,Hors intersection,Temps couvert,Deux véhicules - frontale,,,,,,,,,,,1,1,1,8.0,1.0
201700015622,0017-09-22 09:45:00,17,9,22,9,45,150,236,"RN 122, PK 72+500",45.01963,2.66719,Plein jour,Hors agglomération,Hors intersection,Normale,Sans collision,,,,,,,,,,,1,1,1,1.0,7.0
201700015623,0017-09-24 17:40:00,17,9,24,17,40,150,85,"lieu-dit ""Lestrade""",44.87209,2.53752,Plein jour,Hors agglomération,Hors intersection,Normale,Sans collision,,,,,,,,,,,1,1,1,1.0,7.0
201700015624,0017-10-10 16:30:00,17,10,10,16,30,150,258,RUE MURAT SISTRIERES,44.97894,2.62747,Plein jour,En agglomération,Intersection en X,Normale,Deux véhicules - côté,,,,,,,,,,,1,2,2,1.0,3.0
201700015625,0017-10-10 17:30:00,17,10,10,17,30,150,154,LE BOURG - RN 122,44.95217,2.57585,Plein jour,En agglomération,Hors intersection,Normale,Autre collision,,,,,,,,,,,1,2,1,1.0,6.0
201700015626,0017-12-22 06:05:00,17,12,22,6,5,150,154,Route nationale 122,44.95217,2.57585,Nuit sans éclairage public,Hors agglomération,Hors intersection,Brouillard / fumée,Autre collision,,,,,,,,,,,3,1,1,5.0,6.0
201700015627,0017-06-02 19:05:00,17,6,2,19,5,150,79,D922 PK 54.500     décro,45.26707,2.36196,Plein jour,Hors agglomération,Hors intersection,Normale,Sans collision,,,,,,,,,,,1,1,1,1.0,7.0
201700015628,0017-06-16 18:05:00,17,6,16,18,5,150,36,D 682,45.25557,2.28757,Plein jour,Hors agglomération,Autre intersection,Normale,Deux véhicules - côté,,,,,,,,,,,1,1,9,1.0,3.0
201700015629,0017-06-25 12:30:00,17,6,25,12,30,150,79,la salterie,45.2526,2.38347,Plein jour,Hors agglomération,Hors intersection,Temps éblouissant,Autre collision,,,,,,,,,,,1,1,1,7.0,6.0
201700015630,0017-07-17 11:05:00,17,7,17,11,5,150,261,chez le forgeron,45.23281,2.35606,Plein jour,Hors agglomération,Hors intersection,Normale,Autre collision,,,,,,,,,,,1,1,1,1.0,6.0
201700015631,0017-07-26 11:20:00,17,7,26,11,20,150,153,Rue de la croix neuve,45.13517,2.22528,Plein jour,En agglomération,Autre intersection,Normale,Deux véhicules - côté,,,,,,,,,,,1,2,9,1.0,3.0
201700015632,0017-08-20 19:15:00,17,8,20,19,15,150,261,Sion Haut,45.21247,2.37455,Plein jour,Hors agglomération,Hors intersection,Normale,Deux véhicules - frontale,,,,,,,,,,,1,1,1,1.0,1.0
201700015633,0017-11-19 14:10:00,17,11,19,14,10,150,3,le Beix,45.16166,2.362,Plein jour,Hors agglomération,Hors intersection,Normale,Autre collision,,,,,,,,,,,1,1,1,1.0,6.0
201700015634,0017-04-08 21:00:00,17,4,8,21,0,150,185,Départementale 3 PK 12,45.34447,2.61944,Nuit sans éclairage public,Hors agglomération,Hors intersection,Normale,Autre collision,,,,,,,,,,,3,1,1,1.0,6.0