accident_id,datetime,annee,mois,jour,heure,minute,departement,commune_insee,adresse,latitude,longitude,luminosite,agglomeration,intersection,meteo,collision,nb_vehicules,nb_usagers,nb_indemnes,nb_tues,nb_blesses_hosp,nb_blesses_legers,age_cond_1,age_cond_2,veh_type_cond_1,veh_type_cond_2,lum_code,agg_code,int_code,atm_code,col_code
201700015757,0017-11-03 23:55:00,17,11,3,23,55,30,93,"Lieu des les ""bourses"",",46.16313,3.45995,Nuit sans éclairage public,En agglomération,Hors intersection,Normale,Deux véhicules - arrière,,,,,,,,,,,3,2,1,1.0,2.0
201700015758,0017-11-05 15:00:00,17,11,5,15,0,30,264,60 avenue de Vichy,46.06976,3.46401,Plein jour,En agglomération,Hors intersection,Normale,Autre collision,,,,,,,,,,,1,2,1,1.0,6.0
201700015759,0017-01-08 07:00:00,17,1,8,7,0,30,118,Route départementale 998,46.11077,3.12983,Nuit sans éclairage public,Hors agglomération,Hors intersection,Brouillard / fumée,Autre collision,,,,,,,,,,,3,1,1,5.0,6.0
201700015760,0017-04-20 14:05:00,17,4,20,14,5,30,118,avenue Saint-James,46.08577,3.1999,Plein jour,En agglomération,Autre intersection,Normale,Deux véhicules - arrière,,,,,,,,,,,1,2,9,1.0,2.0
201700015761,0017-05-01 19:20:00,17,5,1,19,20,30,109,D 36,46.12819,3.26431,Plein jour,Hors agglomération,Hors intersection,Normale,Autre collision,,,,,,,,,,,1,1,1,1.0,6.0
201700015762,0017-05-08 11:20:00,17,5,8,11,20,30,109,D.27. PK 18+500,46.13999,3.25664,Plein jour,Hors agglomération,Hors intersection,Pluie légère,Deux véhicules - arrière,,,,,,,,,,,1,1,1,2.0,2.0
201700015763,0017-05-17 17:15:00,17,5,17,17,15,30,118,avenue pierre MENDES FRA,46.09973,3.21235,Plein jour,En agglomération,Hors intersection,Normale,Deux véhicules - arrière,,,,,,,,,,,1,2,1,1.0,2.0
201700015764,0017-08-15 14:10:00,17,8,15,14,10,30,80,croisement RD 2209 et RD,46.10786,3.30021,Plein jour,Hors agglomération,Intersection en X,Normale,Deux véhicules - côté,,,,,,,,,,,1,1,2,1.0,3.0
201700015765,0017-08-19 07:35:00,17,8,19,7,35,30,268,PK 49 + 100 RD 2009,46.13871,3.21387,Plein jour,Hors agglomération,Hors intersection,Normale,Deux véhicules - frontale,,,,,,,,,,,1,1,1,1.0,1.0
201700015766,0017-10-05 17:45:00,17,10,5,17,45,30,182,PK 4+850 RD 2209,46.10346,3.2606,Plein jour,Hors agglomération,Intersection en X,Normale,Deux véhicules - côté,,,,,,,,,,,1,1,2,1.0,3.0
201700015767,0017-10-14 22:05:00,17,10,14,22,5,30,118,rue de la rejauniere,46.10019,3.21489,Nuit avec éclairage allumé,En agglomération,Hors intersection,Normale,Sans collision,,,,,,,,,,,5,2,1,1.0,7.0
201700015768,0017-10-19 07:30:00,17,10,19,7,30,30,118,Rue de la malterie,46.09941,3.19593,Crépuscule ou aube,En agglomération,Hors intersection,Normale,Autre collision,,,,,,,,,,,2,2,1,1.0,6.0
201700015769,0017-11-08 11:25:00,17,11,8,11,25,30,311,RD43,46.14931,3.09029,Plein jour,Hors agglomération,Hors intersection,Pluie légère,Deux véhicules - frontale,,,,,,,,,,,1,1,1,2.0,1.0
201700015770,0017-11-29 17:05:00,17,11,29,17,5,30,220,ldt rochefort,46.15053,3.14067,Nuit sans éclairage public,Hors agglomération,Hors intersection,Autre,Sans collision,,,,,,,,,,,3,1,1,9.0,7.0
201700015771,0017-12-12 14:50:00,17,12,12,14,50,30,78,RD 915 PK 10+700,46.12191,2.97084,Plein jour,Hors agglomération,Hors intersection,Normale,Autre collision,,,,,,,,,,,1,1,1,1.0,6.0
201700015772,0017-02-18 15:20:00,17,2,18,15,20,30,14,rue de Genève,46.33628,3.98351,Plein jour,En agglomération,Hors intersection,Normale,Sans collision,,,,,,,,,,,1,2,1,1.0,7.0
201700015773,0017-03-14 17:25:00,17,3,14,17,25,30,105,les fegeards,46.21668,3.72762,Plein jour,Hors agglomération,Hors intersection,Normale,Autre collision,,,,,,,,,,,1,1,1,1.0,6.0
201700015774,0017-03-17 11:55:00,17,3,17,11,55,30,257,gratebine,46.25062,3.65342,Plein jour,Hors agglomération,Hors intersection,Normale,Deux véhicules - frontale,,,,,,,,,,,1,1,1,1.0,1.0
201700015775,0017-03-22 10:30:00,17,3,22,10,30,30,138,Rond-point de Bellevue,46.24725,3.61682,Plein jour,Hors agglomération,Giratoire,Normale,Deux véhicules - côté,,,,,,,,,,,1,1,6,1.0,3.0
201700015776,0017-04-22 16:30:00,17,4,22,16,30,30,223,CD 208 PK 14,46.15993,3.56111,Plein jour,Hors agglomération,Hors intersection,Normale,Sans collision,,,,,,,,,,,1,1,1,1.0,7.0
201700015777,0017-05-25 12:15:00,17,5,25,12,15,30,291,pertuis bardin,46.33331,3.58074,Plein jour,Hors agglomération,Hors intersection,Normale,Autre collision,,,,,,,,,,,1,1,1,1.0,6.0
201700015778,0017-06-01 14:15:00,17,6,1,14,15,30,230,Route de La Bruyère,46.14914,3.52319,Plein jour,Hors agglomération,Intersection en T,Normale,Deux véhicules - frontale,,,,,,,,,,,1,1,3,1.0,1.0
201700015779,0017-06-20 20:10:00,17,6,20,20,10,30,138,RN 7,46.27268,3.6455,Crépuscule ou aube,Hors agglomération,Hors intersection,Normale,Sans collision,,,,,,,,,,,2,1,1,1.0,7.0
201700015780,0017-07-10 06:50:00,17,7,10,6,50,30,105,RN7,46.21701,3.70533,Plein jour,Hors agglomération,Hors intersection,Temps couvert,Autre collision,,,,,,,,,,,1,1,1,8.0,6.0
201700015781,0017-07-30 15:00:00,17,7,30,15,0,30,274,Peublanc,46.36662,3.63489,Plein jour,Hors agglomération,Hors intersection,Normale,Sans collision,,,,,,,,,,,1,1,1,1.0,7.0
201700015782,0017-08-05 16:05:00,17,8,5,16,5,30,181,Rue sainte-barbe,46.35431,3.69154,Plein jour,En agglomération,Hors intersection,Normale,Deux véhicules - frontale,,,,,,,,,,,1,2,1,1.0,1.0
201700015783,0017-08-10 18:10:00,17,8,10,18,10,30,63,départementale 169 pk 6.,46.42911,3.97408,Plein jour,Hors agglomération,Hors intersection,Pluie légère,Deux véhicules - frontale,,,,,,,,,,,1,1,1,2.0,1.0
201700015784,0017-08-14 16:30:00,17,8,14,16,30,30,138,le jeu,46.2974,3.65009,Plein jour,Hors agglomération,Hors intersection,Normale,Sans collision,,,,,,,,,,,1,1,1,1.0,7.0
201700015785,0017-09-23 15:30:00,17,9,23,15,30,30,138,place du champs de foire,46.24992,3.63971,Plein jour,En agglomération,Place,Normale,Autre collision,,,,,,,,,,,1,2,7,1.0,6.0
201700015786,0017-10-07 15:35:00,17,10,7,15,35,30,230,Lieu dit les landes,46.19364,3.53187,Plein jour,Hors agglomération,Intersection en X,Normale,Deux véhicules - côté,,,,,,,,,,,1,1,2,1.0,3.0
201700015787,0017-12-05 11:57:00,17,12,5,11,57,30,138,RN 7,46.27268,3.6455,Plein jour,Hors agglomération,Hors intersection,Normale,Deux véhicules - côté,,,,,,,,,,,1,1,1,1.0,3.0
201700015788,0017-01-03 13:45:00,17,1,3,13,45,30,59,"Départementale 987, PK 5",46.27746,3.22953,Plein jour,Hors agglomération,Hors intersection,Temps couvert,Autre collision,,,,,,,,,,,1,1,1,8.0,6.0
201700015789,0017-01-17 14:45:00,17,1,17,14,45,30,267,Départementale 2009,46.34037,3.28652,Plein jour,Hors agglomération,Hors intersection,Normale,Deux véhicules - côté,,,,,,,,,,,1,1,1,1.0,3.0
201700015790,0017-01-23 20:10:00,17,1,23,20,10,30,115,D36,46.3061,3.14894,Nuit sans éclairage public,Hors agglomération,Hors intersection,Normale,Sans collision,,,,,,,,,,,3,1,1,1.0,7.0
201700015791,0017-02-19 14:50:00,17,2,19,14,50,30,18,lieu-dit le Chambon,46.24324,3.27228,Plein jour,En agglomération,Hors intersection,Normale,Autre collision,,,,,,,,,,,1,2,1,1.0,6.0
201700015792,0017-03-02 22:45:00,17,3,2,22,45,30,319,DR 46,46.32293,3.08589,Nuit sans éclairage public,Hors agglomération,Intersection en X,Normale,Deux véhicules - côté,,,,,,,,,,,3,1,2,1.0,3.0
201700015793,0017-03-09 18:45:00,17,3,9,18,45,30,254,Boulevard Ledru Rollin,46.3093,3.2894,Crépuscule ou aube,En agglomération,Hors intersection,Normale,Trois véhicules et plus - en chaîne,,,,,,,,,,,2,2,1,1.0,4.0
201700015794,0017-04-22 15:00:00,17,4,22,15,0,30,204,Route départementale 46,46.32033,3.35821,Plein jour,Hors agglomération,Intersection en T,Normale,Deux véhicules - côté,,,,,,,,,,,1,1,3,1.0,3.0
201700015795,0017-07-14 15:30:00,17,7,14,15,30,30,49,Route communale reliant,46.31086,3.19948,Plein jour,Hors agglomération,Hors intersection,Normale,Sans collision,,,,,,,,,,,1,1,1,1.0,7.0
201700015796,0017-07-24 12:10:00,17,7,24,12,10,30,59,RD 987 PR 7+750,46.27178,3.21808,Plein jour,Hors agglomération,Hors intersection,Normale,Sans collision,,,,,,,,,,,1,1,1,1.0,7.0
201700015797,0017-08-08 14:45:00,17,8,8,14,45,30,254,lieu-dit les noix,46.2844,3.32361,Plein jour,Hors agglomération,Hors intersection,Normale,Deux véhicules - côté,,,,,,,,,,,1,1,1,1.0,3.0
201700015798,0017-09-14 11:35:00,17,9,14,11,35,30,115,lieu-dit blanzat,46.26271,3.20168,Plein jour,Hors agglomération,Intersection en T,Normale,Deux véhicules - côté,,,,,,,,,,,1,1,3,1.0,3.0
201700015799,0017-09-25 15:00:00,17,9,25,15,0,30,254,Place de Strasbourg ( in,46.30938,3.28733,Plein jour,En agglomération,Hors intersection,Normale,Autre collision,,,,,,,,,,,1,2,1,1.0,6.0
201700015800,0017-11-01 17:15:00,17,11,1,17,15,30,75,lieu dit la feuillée,46.21597,3.12074,Plein jour,Hors agglomération,Hors intersection,Normale,Autre collision,,,,,,,,,,,1,1,1,1.0,6.0
201700015801,0017-01-04 18:55:00,17,1,4,18,55,840,50,D2,43.89768,5.19027,Nuit sans éclairage public,Hors agglomération,Hors intersection,Normale,Deux véhicules - frontale,,,,,,,,,,,3,1,1,1.0,1.0
201700015802,0017-01-09 22:15:00,17,1,9,22,15,840,102,RD 4,43.90136,5.2921,Nuit sans éclairage public,Hors agglomération,Hors intersection,Pluie légère,Sans collision,,,,,,,,,,,3,1,1,2.0,7.0
201700015803,0017-02-18 11:10:00,17,2,18,11,10,840,50,D104,43.88877,5.22537,Plein jour,Hors agglomération,Intersection en T,Normale,Deux véhicules - frontale,,,,,,,,,,,1,1,3,1.0,1.0
201700015804,0017-03-10 15:35:00,17,3,10,15,35,840,20,RD 943,43.82324,5.31653,Plein jour,Hors agglomération,Hors intersection,Normale,Deux véhicules - arrière,,,,,,,,,,,1,1,1,1.0,2.0
201700015805,0017-03-26 11:15:00,17,3,26,11,15,840,20,d943 pk 45,43.82046,5.34834,Plein jour,Hors agglomération,Hors intersection,Normale,Deux véhicules - frontale,,,,,,,,,,,1,1,1,1.0,1.0
201700015806,0017-04-16 00:01:00,17,4,16,0,1,840,51,D900,43.8578,5.24165,Nuit sans éclairage public,Hors agglomération,Hors intersection,Normale,Autre collision,,,,,,,,,,,3,1,1,1.0,6.0
201700015807,0017-07-16 15:50:00,17,7,16,15,50,840,85,D4 - la briquette,43.97331,5.23924,Plein jour,Hors agglomération,Hors intersection,Normale,Deux véhicules - frontale,,,,,,,,,,,1,1,1,1.0,1.0
201700015808,0017-08-06 20:30:00,17,8,6,20,30,840,50,Route de Murs,43.92305,5.20397,Plein jour,Hors agglomération,Hors intersection,Normale,Autre collision,,,,,,,,,,,1,1,1,1.0,6.0
201700015809,0017-09-02 16:30:00,17,9,2,16,30,840,50,CD 15 BEL AIR,43.9084,5.19815,Plein jour,En agglomération,Hors intersection,Normale,Deux véhicules - côté,,,,,,,,,,,1,2,1,1.0,3.0
201700015810,0017-10-01 17:00:00,17,10,1,17,0,840,20,départementale 136 lieu,43.82324,5.31653,Plein jour,Hors agglomération,Hors intersection,Normale,Deux véhicules - arrière,,,,,,,,,,,1,1,1,1.0,2.0
201700015811,0017-01-15 17:30:00,17,1,15,17,30,840,89,vc de st marc quartier v,43.68946,5.47185,Crépuscule ou aube,Hors agglomération,Hors intersection,Normale,Sans collision,,,,,,,,,,,2,1,1,1.0,7.0
201700015812,0017-01-19 19:35:00,17,1,19,19,35,840,89,avenue du 8 mai 1945,43.68644,5.5022,Nuit avec éclairage allumé,En agglomération,Hors intersection,Normale,Autre collision,,,,,,,,,,,5,2,1,1.0,6.0
201700015813,0017-03-03 18:45:00,17,3,3,18,45,840,10,D 973,43.70016,5.57287,Nuit avec éclairage non allumé,Hors agglomération,Hors intersection,Normale,Deux véhicules - côté,,,,,,,,,,,4,1,1,1.0,3.0
201700015814,0017-03-24 16:30:00,17,3,24,16,30,840,133,Route de la tour d'aigue,43.71549,5.53113,Plein jour,Hors agglomération,Intersection en X,Temps couvert,Deux véhicules - arrière,,,,,,,,,,,1,1,2,8.0,2.0
201700015815,0017-04-12 19:15:00,17,4,12,19,15,840,89,Parking de La Dévalade,43.69534,5.50069,Plein jour,En agglomération,Autre intersection,Temps éblouissant,Autre collision,,,,,,,,,,,1,2,9,7.0,6.0
201700015816,0017-04-26 17:55:00,17,4,26,17,55,840,14,D996,43.7181,5.71987,Crépuscule ou aube,Hors agglomération,Hors intersection,Pluie légère,Deux véhicules - frontale,,,,,,,,,,,2,1,1,2.0,1.0
201700015817,0017-04-30 02:00:00,17,4,30,2,0,840,151,D42,43.78997,5.60578,Nuit sans éclairage public,Hors agglomération,Hors intersection,Normale,Autre collision,,,,,,,,,,,3,1,1,1.0,6.0
201700015818,0017-05-24 12:15:00,17,5,24,12,15,840,89,avenue de Verdun,43.69746,5.51634,Plein jour,En agglomération,Autre intersection,Normale,Trois véhicules et plus - collisions multiples,,,,,,,,,,,1,2,9,1.0,5.0
201700015819,0017-05-31 12:05:00,17,5,31,12,5,840,89,route de villelaure,43.68331,5.5351,Plein jour,En agglomération,Hors intersection,Normale,Deux véhicules - frontale,,,,,,,,,,,1,2,1,1.0,1.0
201700015820,0017-06-26 19:25:00,17,6,26,19,25,840,90,"D42, à proximité de l'in",43.78167,5.5596,Plein jour,Hors agglomération,Hors intersection,Normale,Autre collision,,,,,,,,,,,1,1,1,1.0,6.0
201700015821,0017-08-04 10:25:00,17,8,4,10,25,840,133,bld de la republique,43.73342,5.55485,Plein jour,En agglomération,Hors intersection,Normale,Autre collision,,,,,,,,,,,1,2,1,1.0,6.0
201700015822,0017-08-11 09:45:00,17,8,11,9,45,840,89,cours de la République,43.6893,5.49974,Plein jour,En agglomération,Intersection en X,Normale,Autre collision,,,,,,,,,,,1,2,2,1.0,6.0
201700015823,0017-12-11 17:45:00,17,12,11,17,45,840,89,boulevard jean guigue,43.68331,5.5351,Crépuscule ou aube,En agglomération,Hors intersection,Pluie légère,Autre collision,,,,,,,,,,,2,2,1,2.0,6.0
201700015824,0017-12-16 17:45:00,17,12,16,17,45,840,89,D973,43.69174,5.49932,Nuit sans éclairage public,Hors agglomération,Hors intersection,Normale,Deux véhicules - côté,,,,,,,,,,,3,1,1,1.0,3.0
201700015825,0017-12-20 20:35:00,17,12,20,20,35,840,133,boulevard saint-roch,43.72233,5.54422,Nuit avec éclairage allumé,En agglomération,Hors intersection,Normale,Autre collision,,,,,,,,,,,5,2,1,1.0,6.0
201700015826,0017-12-21 14:30:00,17,12,21,14,30,840,151,D33,43.80814,5.5923,Plein jour,Hors agglomération,Hors intersection,Temps éblouissant,Deux véhicules - frontale,,,,,,,,,,,1,1,1,7.0,1.0
201700015827,0017-01-01 11:45:00,17,1,1,11,45,840,123,,,,Plein jour,Hors agglomération,Hors intersection,Normale,Deux véhicules - côté,,,,,,,,,,,1,1,1,1.0,3.0
201700015828,0017-03-11 09:40:00,17,3,11,9,40,840,82,2814A LA VENUE DE BEDOIN,44.08637,5.17849,Plein jour,Hors agglomération,Hors intersection,Normale,Autre collision,,,,,,,,,,,1,1,1,1.0,6.0
201700015829,0017-04-11 12:00:00,17,4,11,12,0,840,17,R974 au niveau des 7 vir,44.14323,5.28063,Plein jour,Hors agglomération,Hors intersection,Normale,Sans collision,,,,,,,,,,,1,1,1,1.0,7.0
201700015830,0017-04-23 05:30:00,17,4,23,5,30,840,17,630 route du mont ventou,44.12468,5.25356,Crépuscule ou aube,Hors agglomération,Hors intersection,Normale,Autre collision,,,,,,,,,,,2,1,1,1.0,6.0
201700015831,0017-05-21 18:30:00,17,5,21,18,30,840,41,D974 pont de crillon,44.10359,5.15044,Plein jour,Hors agglomération,Intersection en T,Normale,Deux véhicules - côté,,,,,,,,,,,1,1,3,1.0,3.0
201700015832,0017-06-08 14:00:00,17,6,8,14,0,840,17,D974 Route du Mont Vento,44.1225,5.24976,Plein jour,Hors agglomération,Hors intersection,Normale,Sans collision,,,,,,,,,,,1,1,1,1.0,7.0
201700015833,0017-06-13 11:00:00,17,6,13,11,0,840,148,gorge de la nesque D942,44.06838,5.3068,Plein jour,Hors agglomération,Hors intersection,Normale,Autre collision,,,,,,,,,,,1,1,1,1.0,6.0
201700015834,0017-06-22 13:15:00,17,6,22,13,15,840,17,D974,44.16154,5.30063,Plein jour,Hors agglomération,Hors intersection,Normale,Sans collision,,,,,,,,,,,1,1,1,1.0,7.0
201700015835,0017-06-30 18:40:00,17,6,30,18,40,840,17,CD 974,44.12008,5.20943,Plein jour,Hors agglomération,Hors intersection,Normale,Autre collision,,,,,,,,,,,1,1,1,1.0,6.0
201700015836,0017-08-02 19:20:00,17,8,2,19,20,840,17,d 974,44.12894,5.28568,Plein jour,Hors agglomération,Hors intersection,Normale,Deux véhicules - frontale,,,,,,,,,,,1,1,1,1.0,1.0
201700015837,0017-08-25 18:35:00,17,8,25,18,35,840,123,d30,44.08769,5.41618,Plein jour,Hors agglomération,Hors intersection,Normale,Deux véhicules - frontale,,,,,,,,,,,1,1,1,1.0,1.0
201700015838,0017-08-26 15:55:00,17,8,26,15,55,840,41,426 route des sables,44.10472,5.15327,Plein jour,Hors agglomération,Hors intersection,Normale,Deux véhicules - côté,,,,,,,,,,,1,1,1,1.0,3.0
201700015839,0017-08-26 17:45:00,17,8,26,17,45,840,72,chemin du Picuey,44.05453,5.1216,Plein jour,En agglomération,Hors intersection,Normale,Deux véhicules - frontale,,,,,,,,,,,1,2,1,1.0,1.0
201700015840,0017-09-02 14:40:00,17,9,2,14,40,840,17,d974,44.12852,5.28408,Plein jour,Hors agglomération,Hors intersection,Normale,Sans collision,,,,,,,,,,,1,1,1,1.0,7.0
201700015841,0017-09-26 00:45:00,17,9,26,0,45,840,41,ROUTE DE BÉDOIN,44.10343,5.14866,Nuit sans éclairage public,Hors agglomération,Hors intersection,Pluie légère,Deux véhicules - frontale,,,,,,,,,,,3,1,1,2.0,1.0
201700015842,0017-09-17 18:14:00,17,9,17,18,14,840,17,le pavillon de rolland C,44.12491,5.26668,Plein jour,Hors agglomération,Hors intersection,Normale,Autre collision,,,,,,,,,,,1,1,1,1.0,6.0
201700015843,0017-10-15 08:00:00,17,10,15,8,0,840,123,D1,44.09001,5.36862,Crépuscule ou aube,Hors agglomération,Hors intersection,Brouillard / fumée,Deux véhicules - arrière,,,,,,,,,,,2,1,1,5.0,2.0
201700015844,0017-10-22 19:00:00,17,10,22,19,0,840,148,cd 942 rte de Mormoiron,44.07107,5.28244,Nuit sans éclairage public,Hors agglomération,Hors intersection,Normale,Autre collision,,,,,,,,,,,3,1,1,1.0,6.0
201700015845,0017-12-08 17:30:00,17,12,8,17,30,840,30,route départementale D13,44.08736,5.09404,Crépuscule ou aube,Hors agglomération,Hors intersection,Normale,Deux véhicules - frontale,,,,,,,,,,,2,1,1,1.0,1.0
201700015846,0017-01-26 08:00:00,17,1,26,8,0,20,787,N2 - PR 71 +900,49.64051,3.68367,Plein jour,Hors agglomération,Intersection en T,Normale,Deux véhicules - côté,,,,,,,,,,,1,1,3,1.0,3.0
201700015847,0017-08-28 12:10:00,17,8,28,12,10,20,468,8 rue des moulins,49.74063,3.76787,Plein jour,En agglomération,Hors intersection,Normale,Deux véhicules - frontale,,,,,,,,,,,1,2,1,1.0,1.0
201700015848,0017-09-07 01:45:00,17,9,7,1,45,20,638,3 Rue de Crecy,49.68041,3.52031,Nuit sans éclairage public,En agglomération,Hors intersection,Normale,Autre collision,,,,,,,,,,,3,2,1,1.0,6.0
201700015849,0017-10-06 17:40:00,17,10,6,17,40,20,497,Rue du pont des Morennes,49.54375,3.57655,Plein jour,En agglomération,Passage à niveau,Normale,Autre collision,,,,,,,,,,,1,2,8,1.0,6.0
201700015850,0017-01-17 18:15:00,17,1,17,18,15,20,173,24 rue Gambetta,49.61507,3.2204,Nuit avec éclairage allumé,En agglomération,Hors intersection,Normale,Deux véhicules - frontale,,,,,,,,,,,5,2,1,1.0,1.0
201700015851,0017-03-14 16:30:00,17,3,14,16,30,20,41,21 Av de la Republique,49.59529,3.23092,Plein jour,En agglomération,Hors intersection,Normale,Autre collision,,,,,,,,,,,1,2,1,1.0,6.0
201700015852,0017-05-04 14:00:00,17,5,4,14,0,20,566,Route d'Abbecourt,49.6073,3.18918,Plein jour,En agglomération,Intersection en T,Normale,Deux véhicules - frontale,,,,,,,,,,,1,2,3,1.0,1.0
201700015853,0017-07-04 21:05:00,17,7,4,21,5,20,820,Rond point du ZAC les Te,,,Crépuscule ou aube,Hors agglomération,Giratoire,Normale,Deux véhicules - côté,,,,,,,,,,,2,1,6,1.0,3.0
201700015854,0017-09-11 07:40:00,17,9,11,7,40,20,173,Place Bouzier,49.61468,3.21608,Plein jour,En agglomération,Hors intersection,Normale,Sans collision,,,,,,,,,,,1,2,1,1.0,7.0
201700015855,0017-10-23 13:15:00,17,10,23,13,15,20,746,rue du général Leclerc,49.68705,3.3579,Plein jour,En agglomération,Intersection en T,Pluie légère,Deux véhicules - côté,,,,,,,,,,,1,2,3,2.0,3.0
201700015856,0017-11-01 18:40:00,17,11,1,18,40,20,336,rue les francs bois du r,49.67701,3.25685,Nuit sans éclairage public,Hors agglomération,Hors intersection,Normale,Deux véhicules - frontale,,,,,,,,,,,3,1,1,1.0,1.0
201700015857,0017-02-01 18:20:00,17,2,1,18,20,20,750,CD561 - PK 1+500,49.53181,3.23482,Nuit sans éclairage public,Hors agglomération,Hors intersection,Pluie légère,Deux véhicules - frontale,,,,,,,,,,,3,1,1,2.0,1.0
201700015858,0017-06-20 12:15:00,17,6,20,12,15,20,140,Route de Noyon,49.52337,3.14333,Plein jour,Hors agglomération,Hors intersection,Normale,Deux véhicules - frontale,,,,,,,,,,,1,1,1,1.0,1.0
201700015859,0017-08-12 19:35:00,17,8,12,19,35,20,602,rue de la Vendée,49.48197,3.46098,Plein jour,Hors agglomération,Hors intersection,Normale,Autre collision,,,,,,,,,,,1,1,1,1.0,6.0
201700015860,0017-08-29 14:10:00,17,8,29,14,10,20,602,,,,Plein jour,Hors agglomération,Hors intersection,Normale,Deux véhicules - frontale,,,,,,,,,,,1,1,1,1.0,1.0
201700015861,0017-09-06 17:35:00,17,9,6,17,35,20,159,rue louis langlet,49.54769,3.24949,Plein jour,En agglomération,Hors intersection,Normale,Deux véhicules - frontale,,,,,,,,,,,1,2,1,1.0,1.0
201700015862,0017-10-07 19:55:00,17,10,7,19,55,20,602,"D551, PK 0+900",49.48696,3.43525,Nuit sans éclairage public,Hors agglomération,Hors intersection,Pluie légère,Deux véhicules - frontale,,,,,,,,,,,3,1,1,2.0,1.0
201700015863,0017-01-31 06:30:00,17,1,31,6,30,20,215,RD1044,49.44603,3.84483,Nuit sans éclairage public,Hors agglomération,Hors intersection,Brouillard / fumée,Trois véhicules et plus - collisions multiples,,,,,,,,,,,3,1,1,5.0,5.0
201700015864,0017-02-17 06:30:00,17,2,17,6,30,20,215,D 1044 PK 088+134,49.47065,3.8138,Nuit sans éclairage public,Hors agglomération,Hors intersection,Normale,Trois véhicules et plus - collisions multiples,,,,,,,,,,,3,1,1,1.0,5.0
201700015865,0017-05-31 12:56:00,17,5,31,12,56,20,150,,49.45921,3.66777,Plein jour,Hors agglomération,Intersection en T,Normale,Deux véhicules - frontale,,,,,,,,,,,1,1,3,1.0,1.0
201700015866,0017-06-07 22:25:00,17,6,7,22,25,20,211,16 rue de guignicourt,49.42555,3.95889,Nuit sans éclairage public,En agglomération,Hors intersection,Normale,Autre collision,,,,,,,,,,,3,2,1,1.0,6.0
201700015867,0017-06-11 11:45:00,17,6,11,11,45,20,656,,49.38204,3.83926,Plein jour,Hors agglomération,Hors intersection,Normale,Deux véhicules - arrière,,,,,,,,,,,1,1,1,1.0,2.0
201700015868,0017-08-08 02:22:00,17,8,8,2,22,20,215,28 Bis rue de LAON,,,Nuit sans éclairage public,En agglomération,Hors intersection,Normale,Autre collision,,,,,,,,,,,3,2,1,1.0,6.0
201700015869,0017-08-29 17:50:00,17,8,29,17,50,20,360,,49.43644,3.96562,Plein jour,En agglomération,Intersection en X,Normale,Deux véhicules - côté,,,,,,,,,,,1,2,2,1.0,3.0
201700015870,0017-10-18 21:50:00,17,10,18,21,50,20,73,face au 14 rue du colone,49.39636,3.90301,Nuit avec éclairage non allumé,En agglomération,Hors intersection,Normale,Deux véhicules - frontale,,,,,,,,,,,4,2,1,1.0,1.0
201700015871,0017-01-25 16:45:00,17,1,25,16,45,20,389,02 rue du plessier,49.08379,3.52916,Plein jour,En agglomération,Hors intersection,Temps couvert,Autre collision,,,,,,,,,,,1,2,1,8.0,6.0
201700015872,0017-02-13 18:40:00,17,2,13,18,40,20,85,hameau de bézuet,,,Nuit avec éclairage allumé,En agglomération,Hors intersection,Normale,Deux véhicules - frontale,,,,,,,,,,,5,2,1,1.0,1.0
201700015873,0017-04-25 11:10:00,17,4,25,11,10,20,290,2 rue roosevelt,49.02964,3.37491,Plein jour,En agglomération,Hors intersection,Normale,Autre collision,,,,,,,,,,,1,2,1,1.0,6.0
201700015874,0017-06-11 19:30:00,17,6,11,19,30,20,328,,49.04521,3.48122,Plein jour,Hors agglomération,Hors intersection,Temps éblouissant,Sans collision,,,,,,,,,,,1,1,1,7.0,7.0
201700015875,0017-06-23 08:00:00,17,6,23,8,0,20,524,Chemin Vert,49.06636,3.4807,Plein jour,Hors agglomération,Hors intersection,Normale,Autre collision,,,,,,,,,,,1,1,1,1.0,6.0
201700015876,0017-07-06 12:45:00,17,7,6,12,45,20,187,,49.03962,3.41774,Plein jour,En agglomération,Hors intersection,Normale,Deux véhicules - frontale,,,,,,,,,,,1,2,1,1.0,1.0
201700015877,0017-07-30 01:55:00,17,7,30,1,55,20,94,,49.02576,3.46825,Nuit sans éclairage public,Hors agglomération,Intersection en Y,Normale,Autre collision,,,,,,,,,,,3,1,4,1.0,6.0
201700015878,0017-08-14 15:35:00,17,8,14,15,35,20,645,rue saint blaise,49.05864,3.55994,Plein jour,En agglomération,Intersection en T,Normale,Autre collision,,,,,,,,,,,1,2,3,1.0,6.0
201700015879,0017-09-05 07:37:00,17,9,5,7,37,20,85,Départementale D1,49.1042,3.39843,Plein jour,Hors agglomération,Intersection en X,Normale,Deux véhicules - côté,,,,,,,,,,,1,1,2,1.0,3.0