accident_id,datetime,annee,mois,jour,heure,minute,departement,commune_insee,adresse,latitude,longitude,luminosite,agglomeration,intersection,meteo,collision,nb_vehicules,nb_usagers,nb_indemnes,nb_tues,nb_blesses_hosp,nb_blesses_legers,age_cond_1,age_cond_2,veh_type_cond_1,veh_type_cond_2,lum_code,agg_code,int_code,atm_code,col_code
201700016124,0017-06-22 00:40:00,17,6,22,0,40,380,517,avenue de la gare,45.29958,5.48582,Nuit avec éclairage allumé,En agglomération,Autre intersection,Normale,Autre collision,,,,,,,,,,,5,2,9,1.0,6.0
201700016125,0017-07-05 15:58:00,17,7,5,15,58,380,450,Route de Grenoble,45.29195,5.58622,Plein jour,Hors agglomération,Hors intersection,Normale,Trois véhicules et plus - collisions multiples,,,,,,,,,,,1,1,1,1.0,5.0
201700016126,0017-07-07 08:00:00,17,7,7,8,0,380,500,Route de GRENOBLE,45.16556,5.36385,Plein jour,Hors agglomération,Hors intersection,Normale,Sans collision,,,,,,,,,,,1,1,1,1.0,7.0
201700016127,0017-08-14 14:10:00,17,8,14,14,10,380,345,ROUTE DE GRENOBLE,45.19894,5.4501,Plein jour,Hors agglomération,Hors intersection,Normale,Autre collision,,,,,,,,,,,1,1,1,1.0,6.0
201700016128,0017-09-07 13:20:00,17,9,7,13,20,380,74,D1092,45.24427,5.45156,Plein jour,Hors agglomération,Hors intersection,Temps couvert,Deux véhicules - arrière,,,,,,,,,,,1,1,1,8.0,2.0
201700016129,0017-09-16 06:30:00,17,9,16,6,30,380,500,route de Grenoble,45.16831,5.36659,Crépuscule ou aube,Hors agglomération,Hors intersection,Normale,Autre collision,,,,,,,,,,,2,1,1,1.0,6.0
201700016130,0017-10-05 07:20:00,17,10,5,7,20,380,517,Route de Saint Quentin,45.29015,5.51713,Crépuscule ou aube,Hors agglomération,Hors intersection,Brouillard / fumée,Deux véhicules - côté,,,,,,,,,,,2,1,1,5.0,3.0
201700016131,0017-12-05 00:30:00,17,12,5,0,30,380,517,1626 ROUTE DÉPARTEMANTAL,45.27537,5.47713,Nuit sans éclairage public,Hors agglomération,Hors intersection,Normale,Sans collision,,,,,,,,,,,3,1,1,1.0,7.0
201700016132,0017-01-04 18:30:00,17,1,4,18,30,380,130,intersection département,45.39264,5.23934,Nuit sans éclairage public,Hors agglomération,Intersection en X,Normale,Deux véhicules - côté,,,,,,,,,,,3,1,2,1.0,3.0
201700016133,0017-01-11 11:40:00,17,1,11,11,40,380,34,"62, avenue jean jaurès",45.33137,5.05701,Plein jour,En agglomération,Intersection en T,Normale,Deux véhicules - côté,,,,,,,,,,,1,2,3,1.0,3.0
201700016134,0017-01-17 14:30:00,17,1,17,14,30,380,291,rte beaurep/ch truchaud,45.36176,5.12918,Plein jour,Hors agglomération,Intersection en X,Normale,Deux véhicules - frontale,,,,,,,,,,,1,1,2,1.0,1.0
201700016135,0017-02-07 17:00:00,17,2,7,17,0,380,130,RD518 A / RD 73,45.39274,5.23885,Crépuscule ou aube,Hors agglomération,Intersection en X,Pluie légère,Trois véhicules et plus - collisions multiples,,,,,,,,,,,2,1,2,2.0,5.0
201700016136,0017-03-05 12:15:00,17,3,5,12,15,380,134,route des Grands Bois,45.42551,5.01819,Plein jour,Hors agglomération,Hors intersection,Temps couvert,Autre collision,,,,,,,,,,,1,1,1,8.0,6.0
201700016137,0017-03-16 20:15:00,17,3,16,20,15,380,324,Route de Champier / RD 5,45.41061,5.03228,Nuit sans éclairage public,Hors agglomération,Hors intersection,Normale,Autre collision,,,,,,,,,,,3,1,1,1.0,6.0
201700016138,0017-03-31 20:45:00,17,3,31,20,45,380,130,route de la gare - D71,45.36455,5.2641,Nuit sans éclairage public,Hors agglomération,Hors intersection,Normale,Autre collision,,,,,,,,,,,3,1,1,1.0,6.0
201700016139,0017-04-10 13:30:00,17,4,10,13,30,380,34,rue Victor Hugo/D135A,45.33984,5.05259,Plein jour,En agglomération,Intersection en X,Normale,Autre collision,,,,,,,,,,,1,2,2,1.0,6.0
201700016140,0017-06-09 18:20:00,17,6,9,18,20,380,335,250 route des écoliers,45.3779,5.0378,Plein jour,En agglomération,Hors intersection,Normale,Autre collision,,,,,,,,,,,1,2,1,1.0,6.0
201700016141,0017-07-08 15:00:00,17,7,8,15,0,380,324,D538,45.40752,5.01724,Plein jour,Hors agglomération,Hors intersection,Normale,Autre collision,,,,,,,,,,,1,1,1,1.0,6.0
201700016142,0017-07-08 09:45:00,17,7,8,9,45,380,34,route de pact,45.34133,5.04108,Plein jour,Hors agglomération,Intersection en T,Normale,Deux véhicules - côté,,,,,,,,,,,1,1,3,1.0,3.0
201700016143,0017-07-20 14:15:00,17,7,20,14,15,380,69,route napoléon,45.46001,5.28664,Plein jour,Hors agglomération,Hors intersection,Normale,Deux véhicules - côté,,,,,,,,,,,1,1,1,1.0,3.0
201700016144,0017-07-21 19:00:00,17,7,21,19,0,380,34,D519,45.33568,5.04054,Plein jour,Hors agglomération,Hors intersection,Temps couvert,Deux véhicules - frontale,,,,,,,,,,,1,1,1,8.0,1.0
201700016145,0017-07-23 02:20:00,17,7,23,2,20,380,130,1010 route de champier l,45.40628,5.27191,Nuit sans éclairage public,Hors agglomération,Hors intersection,Normale,Autre collision,,,,,,,,,,,3,1,1,1.0,6.0
201700016146,0017-07-30 15:40:00,17,7,30,15,40,380,34,,45.32345,5.05315,Plein jour,En agglomération,Hors intersection,Normale,Sans collision,,,,,,,,,,,1,2,1,1.0,7.0
201700016147,0017-08-02 21:20:00,17,8,2,21,20,380,473,114 chemin du videau,45.36898,5.2145,Nuit sans éclairage public,En agglomération,Hors intersection,Normale,Autre collision,,,,,,,,,,,3,2,1,1.0,6.0
201700016148,0017-09-12 06:50:00,17,9,12,6,50,380,259,D37,45.44108,4.98077,Crépuscule ou aube,Hors agglomération,Intersection en X,Normale,Deux véhicules - côté,,,,,,,,,,,2,1,2,1.0,3.0
201700016149,0017-09-12 15:56:00,17,9,12,15,56,380,34,Route de Jarcieu,45.3317,5.03355,Plein jour,En agglomération,Intersection en T,Normale,Deux véhicules - côté,,,,,,,,,,,1,2,3,1.0,3.0
201700016150,0017-09-22 16:40:00,17,9,22,16,40,380,363,route de Beaurepaire,45.34608,5.0779,Plein jour,En agglomération,Intersection en X,Normale,Deux véhicules - côté,,,,,,,,,,,1,2,2,1.0,3.0
201700016151,0017-09-23 19:00:00,17,9,23,19,0,380,134,RD 538 PK 14+180,45.44045,5.0183,Crépuscule ou aube,Hors agglomération,Hors intersection,Normale,Autre collision,,,,,,,,,,,2,1,1,1.0,6.0
201700016152,0017-09-30 21:00:00,17,9,30,21,0,380,34,intersection RD 538 - RD,45.32374,5.0536,Nuit avec éclairage non allumé,Hors agglomération,Giratoire,Pluie légère,Autre collision,,,,,,,,,,,4,1,6,2.0,6.0
201700016153,0017-10-12 20:25:00,17,10,12,20,25,380,363,84 route de grenoble,45.34629,5.08226,Nuit sans éclairage public,En agglomération,Hors intersection,Normale,Sans collision,,,,,,,,,,,3,2,1,1.0,7.0
201700016154,0017-10-25 16:15:00,17,10,25,16,15,380,69,RD 502,45.46587,5.28596,Plein jour,Hors agglomération,Hors intersection,Normale,Autre collision,,,,,,,,,,,1,1,1,1.0,6.0
201700016155,0017-10-25 19:15:00,17,10,25,19,15,380,198,D519,45.34044,4.94923,Nuit sans éclairage public,Hors agglomération,Intersection en X,Normale,Deux véhicules - côté,,,,,,,,,,,3,1,2,1.0,3.0
201700016156,0017-11-06 15:50:00,17,11,6,15,50,380,35,Chemin de Cul de Boeuf,45.52311,5.07728,Plein jour,Hors agglomération,Intersection en X,Normale,Deux véhicules - côté,,,,,,,,,,,1,1,2,1.0,3.0
201700016157,0017-02-08 07:45:00,17,2,8,7,45,380,480,petits potaches/imp subt,45.552,4.98328,Plein jour,Hors agglomération,Intersection en Y,Normale,Deux véhicules - frontale,,,,,,,,,,,1,1,4,1.0,1.0
201700016158,0017-02-12 15:00:00,17,2,12,15,0,380,184,Chemin sous les vignes,45.66375,5.08538,Plein jour,En agglomération,Hors intersection,Normale,Autre collision,,,,,,,,,,,1,2,1,1.0,6.0
201700016159,0017-03-01 18:30:00,17,3,1,18,30,380,94,Rte Alpes / imp moulin,45.48673,5.20463,Nuit avec éclairage allumé,En agglomération,Intersection en T,Pluie légère,Autre collision,,,,,,,,,,,5,2,3,2.0,6.0
201700016160,0017-03-13 14:20:00,17,3,13,14,20,380,408,route de valencin,45.59421,5.00269,Plein jour,Hors agglomération,Hors intersection,Normale,Autre collision,,,,,,,,,,,1,1,1,1.0,6.0
201700016161,0017-03-20 15:35:00,17,3,20,15,35,380,389,22 avenue du Stade,45.55525,5.08428,Plein jour,En agglomération,Hors intersection,Normale,Autre collision,,,,,,,,,,,1,2,1,1.0,6.0
201700016162,0017-03-30 15:30:00,17,3,30,15,30,380,555,RD 41 PK 21+500,45.42721,5.1073,Plein jour,Hors agglomération,Intersection en Y,Normale,Sans collision,,,,,,,,,,,1,1,4,1.0,7.0
201700016163,0017-04-05 16:00:00,17,4,5,16,0,380,555,D518,45.46528,5.15508,Plein jour,Hors agglomération,Hors intersection,Normale,Deux véhicules - frontale,,,,,,,,,,,1,1,1,1.0,1.0
201700016164,0017-04-05 19:10:00,17,4,5,19,10,380,189,place Jules Ferry,45.63088,5.05826,Plein jour,En agglomération,Place,Normale,Autre collision,,,,,,,,,,,1,2,7,1.0,6.0
201700016165,0017-04-09 16:30:00,17,4,9,16,30,380,94,D502 route de St Jean,45.49579,5.18624,Plein jour,Hors agglomération,Hors intersection,Normale,Deux véhicules - frontale,,,,,,,,,,,1,1,1,1.0,1.0
201700016166,0017-04-15 11:00:00,17,4,15,11,0,380,480,route de la Rosière - D7,45.55732,4.9562,Plein jour,Hors agglomération,Hors intersection,Normale,Sans collision,,,,,,,,,,,1,1,1,1.0,7.0
201700016167,0017-04-16 18:10:00,17,4,16,18,10,380,358,Montée du Village,45.49244,5.23631,Plein jour,En agglomération,Hors intersection,Normale,Deux véhicules - frontale,,,,,,,,,,,1,2,1,1.0,1.0
201700016168,0017-04-28 18:25:00,17,4,28,18,25,380,399,RD126 PK 2+500,45.51577,5.14767,Plein jour,Hors agglomération,Hors intersection,Normale,Autre collision,,,,,,,,,,,1,1,1,1.0,6.0
201700016169,0017-05-03 18:20:00,17,5,3,18,20,380,399,D518,45.50399,5.11491,Plein jour,Hors agglomération,Hors intersection,Pluie forte,Deux véhicules - frontale,,,,,,,,,,,1,1,1,3.0,1.0
201700016170,0017-05-05 07:55:00,17,5,5,7,55,380,351,VC 4,45.54119,5.22653,Plein jour,Hors agglomération,Hors intersection,Temps éblouissant,Deux véhicules - frontale,,,,,,,,,,,1,1,1,7.0,1.0
201700016171,0017-05-24 20:20:00,17,5,24,20,20,380,399,CD518,45.49324,5.14247,Crépuscule ou aube,En agglomération,Intersection en X,Normale,Deux véhicules - côté,,,,,,,,,,,2,2,2,1.0,3.0
201700016172,0017-05-30 10:45:00,17,5,30,10,45,380,389,chemin des grenouilles,45.55337,5.13137,Plein jour,Hors agglomération,Intersection en X,Normale,Deux véhicules - côté,,,,,,,,,,,1,1,2,1.0,3.0
201700016173,0017-05-31 13:30:00,17,5,31,13,30,380,389,Route Départementale 75,45.59255,5.06875,Plein jour,Hors agglomération,Hors intersection,Normale,Sans collision,,,,,,,,,,,1,1,1,1.0,7.0
201700016174,0017-06-09 18:15:00,17,6,9,18,15,380,346,D 502,45.49996,5.10022,Plein jour,Hors agglomération,Hors intersection,Normale,Deux véhicules - frontale,,,,,,,,,,,1,1,1,1.0,1.0
201700016175,0017-06-17 21:10:00,17,6,17,21,10,380,449,D1006,45.65557,5.11229,Crépuscule ou aube,En agglomération,Hors intersection,Normale,Deux véhicules - arrière,,,,,,,,,,,2,2,1,1.0,2.0
201700016176,0017-06-19 11:30:00,17,6,19,11,30,380,15,1770 route du revollet,45.53812,5.14536,Plein jour,Hors agglomération,Hors intersection,Vent fort / tempête,Autre collision,,,,,,,,,,,1,1,1,6.0,6.0
201700016177,0017-08-11 12:08:00,17,8,11,12,8,380,519,1053 Route de Lyon,45.61223,5.01467,Plein jour,En agglomération,Intersection en T,Normale,Deux véhicules - côté,,,,,,,,,,,1,2,3,1.0,3.0
201700016178,0017-09-07 05:30:00,17,9,7,5,30,380,449,RD 518,45.62648,5.08056,Nuit sans éclairage public,Hors agglomération,Hors intersection,Normale,Deux véhicules - côté,,,,,,,,,,,3,1,1,1.0,3.0
201700016179,0017-09-17 19:00:00,17,9,17,19,0,380,15,Rue des Guinières,45.53501,5.16393,Plein jour,En agglomération,Hors intersection,Normale,Autre collision,,,,,,,,,,,1,2,1,1.0,6.0
201700016180,0017-09-29 11:10:00,17,9,29,11,10,380,184,D1006,45.66412,5.09505,Plein jour,Hors agglomération,Intersection en T,Normale,Deux véhicules - côté,,,,,,,,,,,1,1,3,1.0,3.0
201700016181,0017-10-13 01:45:00,17,10,13,1,45,380,184,RD 53A,45.65751,5.05782,Nuit sans éclairage public,Hors agglomération,Hors intersection,Normale,Autre collision,,,,,,,,,,,3,1,1,1.0,6.0
201700016182,0017-10-13 15:05:00,17,10,13,15,5,380,389,D518,45.54959,5.09488,Plein jour,Hors agglomération,Hors intersection,Normale,Deux véhicules - frontale,,,,,,,,,,,1,1,1,1.0,1.0
201700016183,0017-10-15 13:40:00,17,10,15,13,40,380,189,Carrefour D53A Rue Alber,45.63638,5.06125,Plein jour,En agglomération,Intersection en X,Normale,Deux véhicules - côté,,,,,,,,,,,1,2,2,1.0,3.0
201700016184,0017-10-22 17:00:00,17,10,22,17,0,380,389,lieu dit  lafayette,45.59646,5.05965,Plein jour,Hors agglomération,Giratoire,Normale,Autre collision,,,,,,,,,,,1,1,6,1.0,6.0
201700016185,0017-10-29 10:45:00,17,10,29,10,45,380,555,2395 hameau de pont roug,45.46321,5.12919,Plein jour,Hors agglomération,Hors intersection,Normale,Autre collision,,,,,,,,,,,1,1,1,1.0,6.0
201700016186,0017-11-02 08:05:00,17,11,2,8,5,380,288,D 75 route du Péage,45.57279,5.02542,Plein jour,Hors agglomération,Autre intersection,Normale,Deux véhicules - côté,,,,,,,,,,,1,1,9,1.0,3.0
201700016187,0017-11-25 12:45:00,17,11,25,12,45,380,189,CD53A,45.64406,5.05926,Plein jour,Hors agglomération,Hors intersection,Normale,Deux véhicules - frontale,,,,,,,,,,,1,1,1,1.0,1.0
201700016188,0017-12-18 07:00:00,17,12,18,7,0,380,189,route de valencin - RD53,45.627,5.06159,Nuit sans éclairage public,En agglomération,Hors intersection,Neige / grêle,Autre collision,,,,,,,,,,,3,2,1,4.0,6.0
201700016189,0017-12-18 08:45:00,17,12,18,8,45,380,480,1528 route de la roziere,45.56146,4.98002,Crépuscule ou aube,Hors agglomération,Hors intersection,Neige / grêle,Autre collision,,,,,,,,,,,2,1,1,4.0,6.0
201700016190,0017-01-07 16:35:00,17,1,7,16,35,310,490,09 chemin de la marque,43.73957,1.35992,Plein jour,En agglomération,Hors intersection,Normale,Autre collision,,,,,,,,,,,1,2,1,1.0,6.0
201700016191,0017-03-22 15:25:00,17,3,22,15,25,310,516,26 chemin du canet,43.73499,1.40191,Plein jour,Hors agglomération,Hors intersection,Normale,Deux véhicules - frontale,,,,,,,,,,,1,1,1,1.0,1.0
201700016192,0017-03-29 17:10:00,17,3,29,17,10,310,230,25 rue Rayssac,43.71843,1.42539,Plein jour,En agglomération,Hors intersection,Normale,Deux véhicules - frontale,,,,,,,,,,,1,2,1,1.0,1.0
201700016193,0017-05-03 19:40:00,17,5,3,19,40,310,182,intersection rue du remp,43.69721,1.39976,Plein jour,Hors agglomération,Intersection en T,Normale,Deux véhicules - côté,,,,,,,,,,,1,1,3,1.0,3.0
201700016194,0017-05-04 11:00:00,17,5,4,11,0,310,182,163 route de paris,43.69685,1.39953,Plein jour,Hors agglomération,Hors intersection,Normale,Deux véhicules - frontale,,,,,,,,,,,1,1,1,1.0,1.0
201700016195,0017-06-23 20:50:00,17,6,23,20,50,310,182,169 route de Paris,43.69915,1.39813,Plein jour,En agglomération,Hors intersection,Temps couvert,Deux véhicules - côté,,,,,,,,,,,1,2,1,8.0,3.0
201700016196,0017-09-26 22:40:00,17,9,26,22,40,310,182,121 route de paris,43.68746,1.40512,Nuit avec éclairage allumé,En agglomération,Hors intersection,Normale,Deux véhicules - côté,,,,,,,,,,,5,2,1,1.0,3.0
201700016197,0017-09-29 08:00:00,17,9,29,8,0,310,490,58 RD 820,43.74064,1.37142,Plein jour,En agglomération,Hors intersection,Normale,Deux véhicules - arrière,,,,,,,,,,,1,2,1,1.0,2.0
201700016198,0017-10-14 07:30:00,17,10,14,7,30,310,182,105 route de paris,43.68746,1.40512,Crépuscule ou aube,En agglomération,Hors intersection,Normale,Trois véhicules et plus - collisions multiples,,,,,,,,,,,2,2,1,1.0,5.0
201700016199,0017-11-24 16:40:00,17,11,24,16,40,310,136,D 20 route de Labastide,43.74664,1.43621,Plein jour,Hors agglomération,Hors intersection,Normale,Deux véhicules - côté,,,,,,,,,,,1,1,1,1.0,3.0
201700016200,0017-11-11 19:20:00,17,11,11,19,20,310,182,route de PARIS,43.68418,1.40628,Nuit avec éclairage allumé,En agglomération,Hors intersection,Normale,Deux véhicules - arrière,,,,,,,,,,,5,2,1,1.0,2.0
201700016201,0017-01-25 18:55:00,17,1,25,18,55,310,118,"CD 45 - 42, Route de Mon",43.77704,1.36034,Nuit avec éclairage allumé,En agglomération,Hors intersection,Normale,Autre collision,,,,,,,,,,,5,2,1,1.0,6.0
201700016202,0017-08-06 17:50:00,17,8,6,17,50,310,583,route de navidals,43.83053,1.4957,Plein jour,Hors agglomération,Hors intersection,Normale,Sans collision,,,,,,,,,,,1,1,1,1.0,7.0
201700016203,0017-09-22 10:00:00,17,9,22,10,0,310,584,RUE PIERRE MARCHET,43.86124,1.50331,Plein jour,En agglomération,Intersection à plus de 4 branches,Normale,Autre collision,,,,,,,,,,,1,2,5,1.0,6.0
201700016204,0017-12-07 10:30:00,17,12,7,10,30,310,587,RD 14,43.77778,1.4464,Plein jour,Hors agglomération,Hors intersection,Normale,Deux véhicules - frontale,,,,,,,,,,,1,1,1,1.0,1.0
201700016205,0017-02-04 04:49:00,17,2,4,4,49,310,94,lieu dit plantier rouge,43.76121,1.63571,Nuit sans éclairage public,Hors agglomération,Hors intersection,Pluie légère,Autre collision,,,,,,,,,,,3,1,1,2.0,6.0
201700016206,0017-05-03 11:55:00,17,5,3,11,55,310,561,Rue du pic du midi,43.65724,1.48296,Plein jour,En agglomération,Autre intersection,Normale,Autre collision,,,,,,,,,,,1,2,9,1.0,6.0
201700016207,0017-05-05 19:15:00,17,5,5,19,15,310,383,SAINT MARTIN,43.77333,1.51215,Plein jour,Hors agglomération,Hors intersection,Normale,Deux véhicules - frontale,,,,,,,,,,,1,1,1,1.0,1.0
201700016208,0017-05-06 16:50:00,17,5,6,16,50,310,94,RD.888,43.75198,1.61687,Plein jour,Hors agglomération,Intersection en T,Pluie légère,Deux véhicules - côté,,,,,,,,,,,1,1,3,2.0,3.0
201700016209,0017-05-13 05:13:00,17,5,13,5,13,310,462,19 chemin de pesquies,43.66137,1.53233,Nuit avec éclairage non allumé,En agglomération,Hors intersection,Pluie légère,Autre collision,,,,,,,,,,,4,2,1,2.0,6.0
201700016210,0017-05-16 15:20:00,17,5,16,15,20,310,358,1564 route d'albi,43.7222,1.58576,Plein jour,En agglomération,Hors intersection,Normale,Deux véhicules - frontale,,,,,,,,,,,1,2,1,1.0,1.0
201700016211,0017-06-20 20:00:00,17,6,20,20,0,310,561,D888,43.66367,1.50211,Plein jour,En agglomération,Hors intersection,Normale,Deux véhicules - côté,,,,,,,,,,,1,2,1,1.0,3.0
201700016212,0017-07-26 12:30:00,17,7,26,12,30,310,358,RD888 PK 9+200,43.71986,1.5798,Plein jour,En agglomération,Hors intersection,Normale,Deux véhicules - côté,,,,,,,,,,,1,2,1,1.0,3.0
201700016213,0017-09-13 14:05:00,17,9,13,14,5,310,117,Route d'Albi CD 888,43.68192,1.54036,Plein jour,Hors agglomération,Intersection en X,Normale,Trois véhicules et plus - en chaîne,,,,,,,,,,,1,1,2,1.0,4.0
201700016214,0017-10-08 14:15:00,17,10,8,14,15,310,561,23 Avenue de TOULOUSE,43.64998,1.47186,Plein jour,En agglomération,Hors intersection,Normale,Deux véhicules - frontale,,,,,,,,,,,1,2,1,1.0,1.0
201700016215,0017-10-29 04:00:00,17,10,29,4,0,310,49,335 route de montjoire,43.74269,1.52113,Nuit sans éclairage public,En agglomération,Hors intersection,Normale,Autre collision,,,,,,,,,,,3,2,1,1.0,6.0
201700016216,0017-11-10 07:10:00,17,11,10,7,10,310,117,D20,43.6991,1.5458,Crépuscule ou aube,Hors agglomération,Hors intersection,Brouillard / fumée,Deux véhicules - frontale,,,,,,,,,,,2,1,1,5.0,1.0
201700016217,0017-11-26 18:45:00,17,11,26,18,45,310,489,route du coussac,43.70336,1.6139,Nuit sans éclairage public,En agglomération,Hors intersection,Normale,Autre collision,,,,,,,,,,,3,2,1,1.0,6.0
201700016218,0017-01-12 14:13:00,17,1,12,14,13,310,341,D17,43.72263,1.24643,Plein jour,Hors agglomération,Hors intersection,Pluie légère,Autre collision,,,,,,,,,,,1,1,1,2.0,6.0
201700016219,0017-03-01 19:55:00,17,3,1,19,55,310,341,D17,43.7281,1.25074,Nuit sans éclairage public,Hors agglomération,Hors intersection,Normale,Autre collision,,,,,,,,,,,3,1,1,1.0,6.0
201700016220,0017-03-03 16:45:00,17,3,3,16,45,310,592,route de st paul,43.72889,1.23786,Plein jour,Hors agglomération,Intersection en X,Normale,Deux véhicules - côté,,,,,,,,,,,1,1,2,1.0,3.0
201700016221,0017-05-09 14:00:00,17,5,9,14,0,310,341,D2,43.71097,1.33852,Plein jour,Hors agglomération,Hors intersection,Normale,Trois véhicules et plus - collisions multiples,,,,,,,,,,,1,1,1,1.0,5.0
201700016222,0017-06-07 22:30:00,17,6,7,22,30,310,98,intersection avenue raym,43.72867,1.04992,Nuit avec éclairage allumé,En agglomération,Intersection en X,Normale,Deux véhicules - côté,,,,,,,,,,,5,2,2,1.0,3.0
201700016223,0017-06-11 12:25:00,17,6,11,12,25,310,356,route de Montaigut,43.69289,1.23016,Plein jour,Hors agglomération,Hors intersection,Normale,Deux véhicules - frontale,,,,,,,,,,,1,1,1,1.0,1.0
201700016224,0017-07-23 13:50:00,17,7,23,13,50,310,232,route de merville,43.75081,1.28581,Plein jour,Hors agglomération,Hors intersection,Normale,Sans collision,,,,,,,,,,,1,1,1,1.0,7.0
201700016225,0017-07-26 17:45:00,17,7,26,17,45,310,553,RD1,43.71687,1.16237,Plein jour,Hors agglomération,Intersection en X,Normale,Deux véhicules - arrière,,,,,,,,,,,1,1,2,1.0,2.0
201700016226,0017-08-02 08:50:00,17,8,2,8,50,310,160,2933 route de toulouse,43.67667,1.27088,Plein jour,Hors agglomération,Hors intersection,Normale,Deux véhicules - côté,,,,,,,,,,,1,1,1,1.0,3.0
201700016227,0017-08-08 07:00:00,17,8,8,7,0,310,232,route de launac,43.76541,1.25525,Plein jour,Hors agglomération,Hors intersection,Normale,Deux véhicules - arrière,,,,,,,,,,,1,1,1,1.0,2.0
201700016228,0017-08-15 12:45:00,17,8,15,12,45,310,553,RD1,43.71716,1.16201,Plein jour,Hors agglomération,Intersection en X,Normale,Deux véhicules - côté,,,,,,,,,,,1,1,2,1.0,3.0
201700016229,0017-08-31 10:45:00,17,8,31,10,45,310,90,Lieu-dit Tillos,43.75535,1.0259,Plein jour,Hors agglomération,Hors intersection,Temps couvert,Sans collision,,,,,,,,,,,1,1,1,8.0,7.0
201700016230,0017-10-07 11:25:00,17,10,7,11,25,310,232,Allée Alsace Lorraine,43.76925,1.29229,Plein jour,En agglomération,Intersection en T,Normale,Autre collision,,,,,,,,,,,1,2,3,1.0,6.0
201700016231,0017-10-17 13:00:00,17,10,17,13,0,310,232,d20,43.76308,1.3366,Plein jour,Hors agglomération,Hors intersection,Normale,Deux véhicules - frontale,,,,,,,,,,,1,1,1,1.0,1.0
201700016232,0017-11-20 10:00:00,17,11,20,10,0,310,341,route départementale 17,43.72203,1.29562,Plein jour,Hors agglomération,Hors intersection,Temps couvert,Autre collision,,,,,,,,,,,1,1,1,8.0,6.0
201700016233,0017-03-11 07:30:00,17,3,11,7,30,310,206,RD 25,43.26636,1.47888,Plein jour,Hors agglomération,Hors intersection,Normale,Autre collision,,,,,,,,,,,1,1,1,1.0,6.0
201700016234,0017-03-23 06:15:00,17,3,23,6,15,310,345,RD820 - LDT VIVIES,43.39356,1.43026,Nuit sans éclairage public,Hors agglomération,Hors intersection,Pluie légère,Autre collision,,,,,,,,,,,3,1,1,2.0,6.0
201700016235,0017-03-30 17:22:00,17,3,30,17,22,310,345,PN 17,43.37798,1.4392,Plein jour,En agglomération,Passage à niveau,Normale,Autre collision,,,,,,,,,,,1,2,8,1.0,6.0
201700016236,0017-04-09 17:25:00,17,4,9,17,25,310,264,D622,43.3345,1.39017,Plein jour,Hors agglomération,Hors intersection,Normale,Sans collision,,,,,,,,,,,1,1,1,1.0,7.0
201700016237,0017-04-10 14:40:00,17,4,10,14,40,310,345,D12,43.35678,1.42511,Plein jour,Hors agglomération,Hors intersection,Normale,Autre collision,,,,,,,,,,,1,1,1,1.0,6.0
201700016238,0017-05-02 08:35:00,17,5,2,8,35,310,231,Lieu-dit Bouscas - D28F,43.30461,1.42672,Plein jour,Hors agglomération,Hors intersection,Pluie légère,Autre collision,,,,,,,,,,,1,1,1,2.0,6.0
201700016239,0017-05-02 09:40:00,17,5,2,9,40,310,574,967 ROUTE DE TOULOUSE,43.43893,1.42515,Plein jour,En agglomération,Hors intersection,Pluie légère,Deux véhicules - côté,,,,,,,,,,,1,2,1,2.0,3.0
201700016240,0017-05-13 16:10:00,17,5,13,16,10,310,345,D12,43.38369,1.41549,Plein jour,Hors agglomération,Hors intersection,Normale,Autre collision,,,,,,,,,,,1,1,1,1.0,6.0
201700016241,0017-08-25 07:30:00,17,8,25,7,30,310,345,Intersection RD 820 - RD,43.40059,1.42853,Plein jour,Hors agglomération,Intersection en T,Normale,Deux véhicules - frontale,,,,,,,,,,,1,1,3,1.0,1.0
201700016242,0017-08-30 18:10:00,17,8,30,18,10,310,33,"d820 , face au 1530",43.33738,1.48029,Plein jour,Hors agglomération,Hors intersection,Normale,Trois véhicules et plus - collisions multiples,,,,,,,,,,,1,1,1,1.0,5.0
201700016243,0017-09-20 20:45:00,17,9,20,20,45,310,33,d48,43.35433,1.4701,Nuit avec éclairage allumé,En agglomération,Autre intersection,Normale,Deux véhicules - côté,,,,,,,,,,,5,2,9,1.0,3.0
201700016244,0017-11-10 07:05:00,17,11,10,7,5,310,145,d820,43.31422,1.5086,Crépuscule ou aube,En agglomération,Hors intersection,Normale,Trois véhicules et plus - collisions multiples,,,,,,,,,,,2,2,1,1.0,5.0