accident_id,datetime,annee,mois,jour,heure,minute,departement,commune_insee,adresse,latitude,longitude,luminosite,agglomeration,intersection,meteo,collision,nb_vehicules,nb_usagers,nb_indemnes,nb_tues,nb_blesses_hosp,nb_blesses_legers,age_cond_1,age_cond_2,veh_type_cond_1,veh_type_cond_2,lum_code,agg_code,int_code,atm_code,col_code
201700016245,0017-11-22 04:15:00,17,11,22,4,15,310,33,321 route de Toulouse,43.36465,1.45594,Nuit sans éclairage public,Hors agglomération,Hors intersection,Normale,Autre collision,,,,,,,,,,,3,1,1,1.0,6.0
201700016246,0017-11-24 17:00:00,17,11,24,17,0,310,145,rd 820,43.29835,1.52891,Plein jour,Hors agglomération,Intersection en X,Normale,Autre collision,,,,,,,,,,,1,1,2,1.0,6.0
201700016247,0017-12-01 02:15:00,17,12,1,2,15,310,33,D35,43.36297,1.47598,Nuit sans éclairage public,Hors agglomération,Hors intersection,Pluie légère,Autre collision,,,,,,,,,,,3,1,1,2.0,6.0
201700016248,0017-01-05 17:40:00,17,1,5,17,40,310,492,RD 25,43.2533,1.15632,Crépuscule ou aube,Hors agglomération,Hors intersection,Normale,Autre collision,,,,,,,,,,,2,1,1,1.0,6.0
201700016249,0017-01-10 21:20:00,17,1,10,21,20,310,361,CD622,43.33896,1.28092,Nuit sans éclairage public,Hors agglomération,Hors intersection,Pluie légère,Autre collision,,,,,,,,,,,3,1,1,2.0,6.0
201700016250,0017-02-09 07:00:00,17,2,9,7,0,310,225,D40a,43.21619,1.17476,Nuit sans éclairage public,Hors agglomération,Hors intersection,Temps couvert,Autre collision,,,,,,,,,,,3,1,1,8.0,6.0
201700016251,0017-02-16 16:15:00,17,2,16,16,15,310,517,Route de l'Océan,43.33021,1.32155,Plein jour,En agglomération,Hors intersection,Normale,Sans collision,,,,,,,,,,,1,2,1,1.0,7.0
201700016252,0017-02-22 12:30:00,17,2,22,12,30,310,111,D25,43.2282,1.33468,Plein jour,Hors agglomération,Hors intersection,Normale,Deux véhicules - arrière,,,,,,,,,,,1,1,1,1.0,2.0
201700016253,0017-03-01 18:20:00,17,3,1,18,20,310,107,avenue Vincent Auriol,43.30483,1.22761,Plein jour,En agglomération,Intersection en X,Temps éblouissant,Deux véhicules - côté,,,,,,,,,,,1,2,2,7.0,3.0
201700016254,0017-03-16 16:35:00,17,3,16,16,35,310,107,sainte Quitterie,43.2868,1.24537,Plein jour,Hors agglomération,Intersection en X,Normale,Deux véhicules - côté,,,,,,,,,,,1,1,2,1.0,3.0
201700016255,0017-03-26 07:30:00,17,3,26,7,30,310,312,D 25,43.24988,1.25344,Plein jour,Hors agglomération,Hors intersection,Normale,Autre collision,,,,,,,,,,,1,1,1,1.0,6.0
201700016256,0017-04-08 15:50:00,17,4,8,15,50,310,334,route de saint Sulpice s,43.36813,1.32073,Plein jour,Hors agglomération,Hors intersection,Normale,Sans collision,,,,,,,,,,,1,1,1,1.0,7.0
201700016257,0017-05-04 11:25:00,17,5,4,11,25,310,326,D919,43.22768,1.37811,Plein jour,Hors agglomération,Hors intersection,Normale,Autre collision,,,,,,,,,,,1,1,1,1.0,6.0
201700016258,0017-05-12 17:10:00,17,5,12,17,10,310,107,Avenue Vincent Auriol,43.30559,1.22444,Plein jour,En agglomération,Intersection en T,Normale,Deux véhicules - côté,,,,,,,,,,,1,2,3,1.0,3.0
201700016259,0017-05-15 08:20:00,17,5,15,8,20,310,492,D10,43.24104,1.14932,Plein jour,Hors agglomération,Hors intersection,Normale,Sans collision,,,,,,,,,,,1,1,1,1.0,7.0
201700016260,0017-05-23 15:25:00,17,5,23,15,25,310,474,D40,43.19509,1.13524,Plein jour,Hors agglomération,Hors intersection,Normale,Autre collision,,,,,,,,,,,1,1,1,1.0,6.0
201700016261,0017-05-27 01:55:00,17,5,27,1,55,310,365,RD 74,43.12783,1.26614,Nuit sans éclairage public,En agglomération,Hors intersection,Normale,Autre collision,,,,,,,,,,,3,2,1,1.0,6.0
201700016262,0017-07-16 16:20:00,17,7,16,16,20,310,320,RD 48,43.32059,1.28701,Plein jour,Hors agglomération,Hors intersection,Normale,Sans collision,,,,,,,,,,,1,1,1,1.0,7.0
201700016263,0017-07-30 11:30:00,17,7,30,11,30,310,361,D4,43.34663,1.3242,Plein jour,Hors agglomération,Hors intersection,Normale,Sans collision,,,,,,,,,,,1,1,1,1.0,7.0
201700016264,0017-08-23 13:40:00,17,8,23,13,40,310,107,D239,43.32003,1.21577,Plein jour,Hors agglomération,Hors intersection,Normale,Autre collision,,,,,,,,,,,1,1,1,1.0,6.0
201700016265,0017-09-17 02:25:00,17,9,17,2,25,310,399,Route de toulouse,43.3499,1.26927,Nuit avec éclairage allumé,En agglomération,Hors intersection,Normale,Autre collision,,,,,,,,,,,5,2,1,1.0,6.0
201700016266,0017-10-01 19:10:00,17,10,1,19,10,310,399,rue des Treilles,43.34616,1.25377,Nuit avec éclairage allumé,En agglomération,Hors intersection,Pluie légère,Sans collision,,,,,,,,,,,5,2,1,2.0,7.0
201700016267,0017-10-03 06:50:00,17,10,3,6,50,310,399,ROUTE DE LONGAGES,43.35575,1.26971,Crépuscule ou aube,Hors agglomération,Hors intersection,Normale,Deux véhicules - arrière,,,,,,,,,,,2,1,1,1.0,2.0
201700016268,0017-10-21 07:30:00,17,10,21,7,30,310,71,D15,43.34601,1.14071,Plein jour,Hors agglomération,Hors intersection,Normale,Autre collision,,,,,,,,,,,1,1,1,1.0,6.0
201700016269,0017-10-24 17:30:00,17,10,24,17,30,310,52,D43,43.38559,1.32149,Plein jour,Hors agglomération,Hors intersection,Normale,Sans collision,,,,,,,,,,,1,1,1,1.0,7.0
201700016270,0017-03-21 18:05:00,17,3,21,18,5,310,135,6 rue louis blanc,43.20697,1.08726,Plein jour,En agglomération,Intersection en T,Normale,Autre collision,,,,,,,,,,,1,2,3,1.0,6.0
201700016271,0017-05-08 16:30:00,17,5,8,16,30,310,261,D626B ROUTE DE CARBONNE,43.30193,1.1681,Plein jour,Hors agglomération,Hors intersection,Normale,Autre collision,,,,,,,,,,,1,1,1,1.0,6.0
201700016272,0017-08-13 14:00:00,17,8,13,14,0,310,349,impasse de la tuilerie,43.26043,1.02441,Plein jour,Hors agglomération,Hors intersection,Normale,Sans collision,,,,,,,,,,,1,1,1,1.0,7.0
201700016273,0017-08-22 13:35:00,17,8,22,13,35,310,261,voie romaine de quérilha,43.30411,1.17081,Plein jour,Hors agglomération,Hors intersection,Normale,Autre collision,,,,,,,,,,,1,1,1,1.0,6.0
201700016274,0017-09-20 18:30:00,17,9,20,18,30,310,135,12 boulevard de la gare,43.2121,1.08167,Plein jour,En agglomération,Hors intersection,Normale,Autre collision,,,,,,,,,,,1,2,1,1.0,6.0
201700016275,0017-11-15 18:00:00,17,11,15,18,0,310,324,avenue des pyrénées,43.19375,0.99803,Nuit avec éclairage allumé,En agglomération,Hors intersection,Normale,Deux véhicules - côté,,,,,,,,,,,5,2,1,1.0,3.0
201700016276,0017-12-10 06:50:00,17,12,10,6,50,310,406,Chemin de mauvezin,43.20701,1.05681,Nuit sans éclairage public,Hors agglomération,Hors intersection,Pluie légère,Sans collision,,,,,,,,,,,3,1,1,2.0,7.0
201700016277,0017-12-19 19:45:00,17,12,19,19,45,310,406,rue du château,43.20242,1.06909,Nuit avec éclairage allumé,En agglomération,Hors intersection,Normale,Trois véhicules et plus - collisions multiples,,,,,,,,,,,5,2,1,1.0,5.0
201700016278,0017-02-09 15:30:00,17,2,9,15,30,310,187,13 Bis chemin du Vigné,43.54536,1.22929,Plein jour,En agglomération,Intersection en T,Normale,Autre collision,,,,,,,,,,,1,2,3,1.0,6.0
201700016279,0017-02-22 13:45:00,17,2,22,13,45,310,424,boulevard Pierre et Mari,43.59126,1.29316,Plein jour,Hors agglomération,Hors intersection,Normale,Sans collision,,,,,,,,,,,1,1,1,1.0,7.0
201700016280,0017-03-02 13:50:00,17,3,2,13,50,310,188,carrefour des CD 37/65 e,43.55668,1.18,Plein jour,Hors agglomération,Giratoire,Normale,Deux véhicules - côté,,,,,,,,,,,1,1,6,1.0,3.0
201700016281,0017-03-07 10:00:00,17,3,7,10,0,310,424,D42 Route de Frouzins,43.54069,1.29999,Plein jour,Hors agglomération,Hors intersection,Pluie légère,Deux véhicules - côté,,,,,,,,,,,1,1,1,2.0,3.0
201700016282,0017-04-08 00:15:00,17,4,8,0,15,310,166,carrefour D58/D19,43.52451,1.08765,Nuit sans éclairage public,Hors agglomération,Intersection en X,Normale,Deux véhicules - côté,,,,,,,,,,,3,1,2,1.0,3.0
201700016283,0017-05-27 16:20:00,17,5,27,16,20,310,499,route de Toulouse,43.51704,1.18039,Plein jour,En agglomération,Intersection en T,Normale,Deux véhicules - frontale,,,,,,,,,,,1,2,3,1.0,1.0
201700016284,0017-06-03 19:50:00,17,6,3,19,50,310,187,Route de Seysses,43.53107,1.24485,Plein jour,Hors agglomération,Hors intersection,Normale,Autre collision,,,,,,,,,,,1,1,1,1.0,6.0
201700016285,0017-06-23 18:10:00,17,6,23,18,10,310,526,Avenue de Gascogne,43.57548,1.25133,Plein jour,En agglomération,Hors intersection,Normale,Trois véhicules et plus - collisions multiples,,,,,,,,,,,1,2,1,1.0,5.0
201700016286,0017-09-23 05:50:00,17,9,23,5,50,310,499,route de Muret,43.51444,1.20354,Nuit sans éclairage public,En agglomération,Hors intersection,Normale,Sans collision,,,,,,,,,,,3,2,1,1.0,7.0
201700016287,0017-10-13 05:40:00,17,10,13,5,40,310,187,Route de Bragot,43.54939,1.24253,Nuit avec éclairage allumé,En agglomération,Intersection en T,Normale,Deux véhicules - côté,,,,,,,,,,,5,2,3,1.0,3.0
201700016288,0017-11-11 12:14:00,17,11,11,12,14,310,188,55 route de Bonrepos,43.54566,1.1879,Plein jour,En agglomération,Hors intersection,Normale,Autre collision,,,,,,,,,,,1,2,1,1.0,6.0
201700016289,0017-01-25 18:30:00,17,1,25,18,30,310,390,2 avenue de ST-GAUDENS,43.08425,0.57108,Nuit avec éclairage allumé,En agglomération,Hors intersection,Pluie légère,Autre collision,,,,,,,,,,,5,2,1,2.0,6.0
201700016290,0017-02-26 13:30:00,17,2,26,13,30,310,255,D825,43.0362,0.59315,Plein jour,En agglomération,Hors intersection,Normale,Autre collision,,,,,,,,,,,1,2,1,1.0,6.0
201700016291,0017-03-04 06:50:00,17,3,4,6,50,310,390,chemin de la cote rouge,43.0918,0.54527,Crépuscule ou aube,En agglomération,Hors intersection,Pluie légère,Autre collision,,,,,,,,,,,2,2,1,2.0,6.0
201700016292,0017-03-15 21:15:00,17,3,15,21,15,310,390,34 avenue de Saint-Gaude,43.08673,0.57491,Nuit avec éclairage allumé,En agglomération,Giratoire,Normale,Autre collision,,,,,,,,,,,5,2,6,1.0,6.0
201700016293,0017-03-26 15:42:00,17,3,26,15,42,310,585,chemin de la graviere D2,43.10603,0.68778,Plein jour,Hors agglomération,Intersection en T,Normale,Deux véhicules - côté,,,,,,,,,,,1,1,3,1.0,3.0
201700016294,0017-03-27 07:55:00,17,3,27,7,55,310,255,RN 125,43.03689,0.60614,Plein jour,Hors agglomération,Intersection en X,Normale,Deux véhicules - côté,,,,,,,,,,,1,1,2,1.0,3.0
201700016295,0017-03-29 11:20:00,17,3,29,11,20,310,390,Place Marcadieu,43.08552,0.56685,Plein jour,En agglomération,Hors intersection,Normale,Autre collision,,,,,,,,,,,1,2,1,1.0,6.0
201700016296,0017-04-08 11:15:00,17,4,8,11,15,310,539,RD34b,43.14783,0.5473,Plein jour,En agglomération,Hors intersection,Normale,Sans collision,,,,,,,,,,,1,2,1,1.0,7.0
201700016297,0017-04-29 02:15:00,17,4,29,2,15,310,556,quartier la mude,43.10608,0.55508,Nuit avec éclairage allumé,Hors agglomération,Hors intersection,Normale,Sans collision,,,,,,,,,,,5,1,1,1.0,7.0
201700016298,0017-05-02 11:15:00,17,5,2,11,15,310,224,avenue de luchon,43.06058,0.59057,Plein jour,En agglomération,Hors intersection,Pluie forte,Autre collision,,,,,,,,,,,1,2,1,3.0,6.0
201700016299,0017-05-10 13:20:00,17,5,10,13,20,310,536,D5 Lieu dit St Martin,43.1627,0.74921,Plein jour,Hors agglomération,Hors intersection,Normale,Autre collision,,,,,,,,,,,1,1,1,1.0,6.0
201700016300,0017-06-04 18:27:00,17,6,4,18,27,650,175,route du port de balès,42.92065,0.49495,Plein jour,Hors agglomération,Hors intersection,Pluie forte,Sans collision,,,,,,,,,,,1,1,1,3.0,7.0
201700016301,0017-06-29 14:50:00,17,6,29,14,50,310,308,"Intersection D33C-N 125,",43.0118,0.61701,Plein jour,Hors agglomération,Intersection en T,Normale,Deux véhicules - côté,,,,,,,,,,,1,1,3,1.0,3.0
201700016302,0017-07-02 21:00:00,17,7,2,21,0,650,158,rue de la gleyse,42.94483,0.56126,Crépuscule ou aube,En agglomération,Hors intersection,Normale,Autre collision,,,,,,,,,,,2,2,1,1.0,6.0
201700016303,0017-08-12 18:30:00,17,8,12,18,30,310,31,D 817,43.09503,0.58927,Plein jour,En agglomération,Hors intersection,Normale,Deux véhicules - arrière,,,,,,,,,,,1,2,1,1.0,2.0
201700016304,0017-08-24 20:40:00,17,8,24,20,40,310,247,18 avenue du maréchal FO,43.08186,0.67432,Crépuscule ou aube,En agglomération,Hors intersection,Normale,Autre collision,,,,,,,,,,,2,2,1,1.0,6.0
201700016305,0017-08-24 14:30:00,17,8,24,14,30,310,13,rue de cendé,43.07216,0.63892,Plein jour,En agglomération,Intersection à plus de 4 branches,Normale,Deux véhicules - côté,,,,,,,,,,,1,2,5,1.0,3.0
201700016306,0017-10-21 04:40:00,17,10,21,4,40,650,305,CD 22,42.94999,0.56742,Nuit sans éclairage public,Hors agglomération,Hors intersection,Normale,Autre collision,,,,,,,,,,,3,1,1,1.0,6.0
201700016307,0017-10-29 02:15:00,17,10,29,2,15,310,323,D34 route de Pointis,43.08006,0.63108,Nuit avec éclairage allumé,Hors agglomération,Hors intersection,Normale,Autre collision,,,,,,,,,,,5,1,1,1.0,6.0
201700016308,0017-12-04 08:30:00,17,12,4,8,30,310,390,Avenue de Tarbes,43.08537,0.56259,Plein jour,En agglomération,Hors intersection,Normale,Autre collision,,,,,,,,,,,1,2,1,1.0,6.0
201700016309,0017-12-21 15:40:00,17,12,21,15,40,310,247,R 8,43.08861,0.66923,Plein jour,Hors agglomération,Hors intersection,Normale,Trois véhicules et plus - collisions multiples,,,,,,,,,,,1,1,1,1.0,5.0
201700016310,0017-12-27 17:00:00,17,12,27,17,0,310,405,nationale 125,42.97845,0.64354,Crépuscule ou aube,Hors agglomération,Hors intersection,Pluie forte,Deux véhicules - frontale,,,,,,,,,,,2,1,1,3.0,1.0
201700016311,0017-04-13 14:50:00,17,4,13,14,50,310,177,RN 125,42.92472,0.68083,Plein jour,Hors agglomération,Hors intersection,Normale,Deux véhicules - côté,,,,,,,,,,,1,1,1,1.0,3.0
201700016312,0017-04-18 13:50:00,17,4,18,13,50,310,190,RN 125,42.85452,0.73707,Plein jour,Hors agglomération,Hors intersection,Normale,Deux véhicules - frontale,,,,,,,,,,,1,1,1,1.0,1.0
201700016313,0017-06-08 10:10:00,17,6,8,10,10,310,17,RN 125,42.88299,0.71571,Plein jour,En agglomération,Hors intersection,Normale,Deux véhicules - côté,,,,,,,,,,,1,2,1,1.0,3.0
201700016314,0017-08-21 22:30:00,17,8,21,22,30,310,133,le village,42.8074,0.53134,Nuit sans éclairage public,En agglomération,Hors intersection,Normale,Autre collision,,,,,,,,,,,3,2,1,1.0,6.0
201700016315,0017-09-03 16:25:00,17,9,3,16,25,310,142,Départementale 125 - PK,42.85202,0.60263,Plein jour,Hors agglomération,Hors intersection,Normale,Autre collision,,,,,,,,,,,1,1,1,1.0,6.0
201700016316,0017-03-19 04:40:00,17,3,19,4,40,310,276,D633,43.19727,0.60783,Nuit sans éclairage public,Hors agglomération,Hors intersection,Normale,Autre collision,,,,,,,,,,,3,1,1,1.0,6.0
201700016317,0017-03-23 15:50:00,17,3,23,15,50,310,301,D3,43.28629,0.80978,Plein jour,Hors agglomération,Hors intersection,Normale,Autre collision,,,,,,,,,,,1,1,1,1.0,6.0
201700016318,0017-04-09 13:25:00,17,4,9,13,25,310,28,Avenue de Boulogne,43.21779,0.88043,Plein jour,En agglomération,Place,Normale,Sans collision,,,,,,,,,,,1,2,7,1.0,7.0
201700016319,0017-04-29 16:00:00,17,4,29,16,0,310,8,RD81,43.36034,0.82249,Plein jour,Hors agglomération,Hors intersection,Normale,Autre collision,,,,,,,,,,,1,1,1,1.0,6.0
201700016320,0017-05-17 09:05:00,17,5,17,9,5,310,80,,43.29049,0.65062,Plein jour,En agglomération,Hors intersection,Normale,Autre collision,,,,,,,,,,,1,2,1,1.0,6.0
201700016321,0017-06-30 22:50:00,17,6,30,22,50,310,412,RD632 - PR49 + 62,43.31619,0.68304,Nuit sans éclairage public,Hors agglomération,Hors intersection,Pluie légère,Autre collision,,,,,,,,,,,3,1,1,2.0,6.0
201700016322,0017-09-26 23:30:00,17,9,26,23,30,310,28,RD635,43.22269,0.86947,Nuit sans éclairage public,Hors agglomération,Hors intersection,Normale,Autre collision,,,,,,,,,,,3,1,1,1.0,6.0
201700016323,0017-10-30 15:10:00,17,10,30,15,10,310,276,Quartier Berdots,43.20368,0.617,Plein jour,Hors agglomération,Hors intersection,Normale,Autre collision,,,,,,,,,,,1,1,1,1.0,6.0
201700016324,0017-12-09 08:05:00,17,12,9,8,5,310,28,lieu dit le Moulin du Po,43.22146,0.85363,Plein jour,Hors agglomération,Hors intersection,Normale,Autre collision,,,,,,,,,,,1,1,1,1.0,6.0
201700016325,0017-01-08 21:30:00,17,1,8,21,30,310,237,RD 117,43.07529,0.96135,Nuit sans éclairage public,Hors agglomération,Hors intersection,Pluie légère,Autre collision,,,,,,,,,,,3,1,1,2.0,6.0
201700016326,0017-01-12 08:00:00,17,1,12,8,0,310,544,route d'ASPET,42.98968,0.79114,Plein jour,Hors agglomération,Hors intersection,Normale,Autre collision,,,,,,,,,,,1,1,1,1.0,6.0
201700016327,0017-03-02 19:30:00,17,3,2,19,30,310,550,route départementale 88,43.05127,0.78274,Plein jour,Hors agglomération,Hors intersection,Normale,Autre collision,,,,,,,,,,,1,1,1,1.0,6.0
201700016328,0017-05-07 10:25:00,17,5,7,10,25,310,110,"lieu-dit ""houchet""",43.13896,0.98601,Plein jour,Hors agglomération,Hors intersection,Normale,Deux véhicules - frontale,,,,,,,,,,,1,1,1,1.0,1.0
201700016329,0017-05-21 07:56:00,17,5,21,7,56,310,523,RD 117,43.1021,0.9495,Plein jour,En agglomération,Hors intersection,Normale,Trois véhicules et plus - collisions multiples,,,,,,,,,,,1,2,1,1.0,5.0
201700016330,0017-06-05 16:00:00,17,6,5,16,0,310,131,Col des ares - D 618,42.99098,0.69395,Plein jour,Hors agglomération,Hors intersection,Normale,Autre collision,,,,,,,,,,,1,1,1,1.0,6.0
201700016331,0017-06-18 12:30:00,17,6,18,12,30,310,336,Rue du stade,43.13293,0.97392,Plein jour,En agglomération,Hors intersection,Normale,Autre collision,,,,,,,,,,,1,2,1,1.0,6.0
201700016332,0017-07-08 09:45:00,17,7,8,9,45,310,315,18 avenue tolosane,43.08357,0.95233,Plein jour,En agglomération,Hors intersection,Normale,Autre collision,,,,,,,,,,,1,2,1,1.0,6.0
201700016333,0017-09-16 15:45:00,17,9,16,15,45,310,110,RD 69,43.10865,0.96958,Plein jour,Hors agglomération,Hors intersection,Normale,Deux véhicules - frontale,,,,,,,,,,,1,1,1,1.0,1.0
201700016334,0017-09-23 22:30:00,17,9,23,22,30,310,114,PONT DE PRADES,43.04312,0.92743,Nuit avec éclairage allumé,En agglomération,Intersection en Y,Normale,Sans collision,,,,,,,,,,,5,2,4,1.0,7.0
201700016335,0017-10-03 07:50:00,17,10,3,7,50,310,523,Boulevard des salins,43.10404,0.95477,Plein jour,En agglomération,Hors intersection,Temps couvert,Deux véhicules - côté,,,,,,,,,,,1,2,1,8.0,3.0
201700016336,0017-10-11 16:50:00,17,10,11,16,50,310,544,Couledoux,42.93679,0.76564,Plein jour,Hors agglomération,Hors intersection,Normale,Deux véhicules - côté,,,,,,,,,,,1,1,1,1.0,3.0
201700016337,0017-10-27 16:20:00,17,10,27,16,20,310,237,D 117,43.06349,0.97141,Plein jour,Hors agglomération,Hors intersection,Normale,Autre collision,,,,,,,,,,,1,1,1,1.0,6.0
201700016338,0017-02-16 23:00:00,17,2,16,23,0,310,374,D 11,43.38878,1.62835,Nuit sans éclairage public,Hors agglomération,Hors intersection,Normale,Autre collision,,,,,,,,,,,3,1,1,1.0,6.0
201700016339,0017-03-25 08:10:00,17,3,25,8,10,310,54,lieu dit gabalda,43.35103,1.74283,Plein jour,Hors agglomération,Hors intersection,Pluie forte,Autre collision,,,,,,,,,,,1,1,1,3.0,6.0
201700016340,0017-04-06 09:00:00,17,4,6,9,0,310,210,PR 41.800 - CROISEMENT R,43.37847,1.6827,Plein jour,Hors agglomération,Intersection en Y,Normale,Deux véhicules - arrière,,,,,,,,,,,1,1,4,1.0,2.0
201700016341,0017-04-07 09:45:00,17,4,7,9,45,310,2,"D11 lieu dit ""Les Calmet",43.33443,1.60605,Plein jour,Hors agglomération,Intersection en T,Normale,Deux véhicules - côté,,,,,,,,,,,1,1,3,1.0,3.0
201700016342,0017-04-11 08:45:00,17,4,11,8,45,310,374,D16,43.41746,1.63947,Plein jour,Hors agglomération,Intersection en T,Normale,Deux véhicules - côté,,,,,,,,,,,1,1,3,1.0,3.0
201700016343,0017-05-01 19:00:00,17,5,1,19,0,310,100,lieu dit Cussol,43.27974,1.6387,Plein jour,Hors agglomération,Hors intersection,Normale,Sans collision,,,,,,,,,,,1,1,1,1.0,7.0
201700016344,0017-05-27 13:50:00,17,5,27,13,50,310,99,Rd16,43.319,1.69754,Plein jour,Hors agglomération,Hors intersection,Normale,Deux véhicules - côté,,,,,,,,,,,1,1,1,1.0,3.0
201700016345,0017-06-25 09:00:00,17,6,25,9,0,310,582,23 route de TOULOUSE,43.40991,1.70564,Plein jour,En agglomération,Intersection en X,Normale,Deux véhicules - arrière,,,,,,,,,,,1,2,2,1.0,2.0
201700016346,0017-07-14 17:28:00,17,7,14,17,28,310,37,Départementale D813,43.37371,1.76295,Plein jour,Hors agglomération,Hors intersection,Normale,Deux véhicules - arrière,,,,,,,,,,,1,1,1,1.0,2.0
201700016347,0017-09-12 12:30:00,17,9,12,12,30,310,576,RD 16,43.40366,1.66735,Plein jour,Hors agglomération,Hors intersection,Normale,Autre collision,,,,,,,,,,,1,1,1,1.0,6.0
201700016348,0017-10-29 16:20:00,17,10,29,16,20,310,582,intersection D622 D72c,43.41278,1.73791,Plein jour,Hors agglomération,Intersection en T,Normale,Deux véhicules - côté,,,,,,,,,,,1,1,3,1.0,3.0
201700016349,0017-12-04 19:15:00,17,12,4,19,15,310,137,D25,43.45725,1.74231,Nuit sans éclairage public,Hors agglomération,Hors intersection,Normale,Deux véhicules - frontale,,,,,,,,,,,3,1,1,1.0,1.0
201700016350,0017-12-18 18:50:00,17,12,18,18,50,310,377,lieu dit sabatery D25,43.42341,1.72043,Nuit sans éclairage public,Hors agglomération,Hors intersection,Pluie légère,Autre collision,,,,,,,,,,,3,1,1,2.0,6.0
201700016351,0017-12-19 07:44:00,17,12,19,7,44,310,589,D813,43.43137,1.67195,Crépuscule ou aube,Hors agglomération,Hors intersection,Autre,Sans collision,,,,,,,,,,,2,1,1,9.0,7.0
201700016352,0017-01-02 09:30:00,17,1,2,9,30,310,451,10 chemin des vignes,43.44756,1.99667,Plein jour,En agglomération,Intersection en T,Brouillard / fumée,Deux véhicules - côté,,,,,,,,,,,1,2,3,5.0,3.0
201700016353,0017-01-29 11:58:00,17,1,29,11,58,310,451,chemin du chateaU - d622,43.48511,2.02821,Plein jour,Hors agglomération,Intersection en X,Normale,Trois véhicules et plus - collisions multiples,,,,,,,,,,,1,1,2,1.0,5.0
201700016354,0017-03-23 10:10:00,17,3,23,10,10,310,451,Avenue de Castelnaudary,43.45547,1.99803,Plein jour,En agglomération,Hors intersection,Pluie légère,Autre collision,,,,,,,,,,,1,2,1,2.0,6.0
201700016355,0017-04-13 20:10:00,17,4,13,20,10,310,106,D59,43.51441,1.7904,Nuit sans éclairage public,Hors agglomération,Hors intersection,Normale,Autre collision,,,,,,,,,,,3,1,1,1.0,6.0
201700016356,0017-04-17 10:05:00,17,4,17,10,5,310,478,D43 route des casses lie,43.44146,1.90164,Plein jour,Hors agglomération,Hors intersection,Normale,Deux véhicules - frontale,,,,,,,,,,,1,1,1,1.0,1.0
201700016357,0017-04-22 14:26:00,17,4,22,14,26,310,451,route de vaudreuille,43.44453,1.9887,Plein jour,En agglomération,Hors intersection,Normale,Autre collision,,,,,,,,,,,1,2,1,1.0,6.0
201700016358,0017-05-15 15:00:00,17,5,15,15,0,310,527,Lieu-dit Le GENIEVRE,43.54029,1.80501,Plein jour,Hors agglomération,Hors intersection,Normale,Autre collision,,,,,,,,,,,1,1,1,1.0,6.0
201700016359,0017-06-11 19:40:00,17,6,11,19,40,310,571,départementale D11,43.58887,1.76799,Plein jour,Hors agglomération,Hors intersection,Normale,Deux véhicules - côté,,,,,,,,,,,1,1,1,1.0,3.0
201700016360,0017-06-12 14:00:00,17,6,12,14,0,310,451,En Geysse,43.49886,2.04564,Plein jour,Hors agglomération,Hors intersection,Normale,Deux véhicules - arrière,,,,,,,,,,,1,1,1,1.0,2.0
201700016361,0017-06-25 13:30:00,17,6,25,13,30,310,451,Route de Vauré,43.46416,1.99592,Plein jour,En agglomération,Giratoire,Normale,Autre collision,,,,,,,,,,,1,2,6,1.0,6.0
201700016362,0017-07-06 14:15:00,17,7,6,14,15,310,97,"Lieu-dit ""Bois Crémant""",43.52166,1.86916,Plein jour,Hors agglomération,Hors intersection,Normale,Deux véhicules - frontale,,,,,,,,,,,1,1,1,1.0,1.0
201700016363,0017-09-18 07:20:00,17,9,18,7,20,310,304,D 826 - Ecurie du Bousqu,43.58113,1.7855,Nuit sans éclairage public,Hors agglomération,Hors intersection,Pluie légère,Deux véhicules - côté,,,,,,,,,,,3,1,1,2.0,3.0
201700016364,0017-10-04 17:20:00,17,10,4,17,20,310,451,rue eugene delacroix-Rou,43.46262,1.99769,Plein jour,En agglomération,Hors intersection,Normale,Deux véhicules - côté,,,,,,,,,,,1,2,1,1.0,3.0
201700016365,0017-12-09 20:30:00,17,12,9,20,30,310,451,Avenue de Castres,43.46114,2.00572,Nuit avec éclairage allumé,En agglomération,Giratoire,Normale,Autre collision,,,,,,,,,,,5,2,6,1.0,6.0
201700016366,0017-12-15 19:24:00,17,12,15,19,24,310,325,DEPARTEMENTALE 11,43.55847,1.75287,Nuit sans éclairage public,Hors agglomération,Hors intersection,Pluie légère,Autre collision,,,,,,,,,,,3,1,1,2.0,6.0
201700016367,0017-12-16 06:49:00,17,12,16,6,49,310,451,10 Avenue Roquefort,43.45672,2.00851,Nuit avec éclairage allumé,En agglomération,Hors intersection,Normale,Autre collision,,,,,,,,,,,5,2,1,1.0,6.0
201700016368,0017-01-03 19:00:00,17,1,3,19,0,290,145,Rue de la forge,48.05189,-4.42698,Nuit sans éclairage public,En agglomération,Hors intersection,Normale,Sans collision,,,,,,,,,,,3,2,1,1.0,7.0