accident_id,datetime,annee,mois,jour,heure,minute,departement,commune_insee,adresse,latitude,longitude,luminosite,agglomeration,intersection,meteo,collision,nb_vehicules,nb_usagers,nb_indemnes,nb_tues,nb_blesses_hosp,nb_blesses_legers,age_cond_1,age_cond_2,veh_type_cond_1,veh_type_cond_2,lum_code,agg_code,int_code,atm_code,col_code
201700016369,0017-01-18 10:50:00,17,1,18,10,50,290,216,Route de Ploneis,47.98867,-4.18802,Plein jour,Hors agglomération,Intersection en X,Normale,Deux véhicules - côté,,,,,,,,,,,1,1,2,1.0,3.0
201700016370,0017-03-04 03:00:00,17,3,4,3,0,290,218,Kergadel,48.05376,-4.4895,Nuit sans éclairage public,Hors agglomération,Autre intersection,Pluie légère,Autre collision,,,,,,,,,,,3,1,9,2.0,6.0
201700016371,0017-03-25 17:00:00,17,3,25,17,0,290,167,12 rue de Kerharo,47.98206,-4.27246,Plein jour,En agglomération,Intersection en T,Normale,Deux véhicules - côté,,,,,,,,,,,1,2,3,1.0,3.0
201700016372,0017-04-09 16:30:00,17,4,9,16,30,290,215,Porzembréval,47.9708,-4.43536,Plein jour,Hors agglomération,Intersection en T,Temps éblouissant,Deux véhicules - côté,,,,,,,,,,,1,1,3,7.0,3.0
201700016373,0017-04-13 18:25:00,17,4,13,18,25,290,216,116 route de quimper,47.97786,-4.15829,Plein jour,Hors agglomération,Hors intersection,Normale,Deux véhicules - côté,,,,,,,,,,,1,1,1,1.0,3.0
201700016374,0017-04-19 17:15:00,17,4,19,17,15,290,215,D784,47.99403,-4.40345,Plein jour,Hors agglomération,Intersection en X,Normale,Deux véhicules - arrière,,,,,,,,,,,1,1,2,1.0,2.0
201700016375,0017-04-15 02:45:00,17,4,15,2,45,290,143,LANDIDUI,48.03625,-4.47789,Nuit avec éclairage non allumé,Hors agglomération,Hors intersection,Normale,Autre collision,,,,,,,,,,,4,1,1,1.0,6.0
201700016376,0017-05-10 16:35:00,17,5,10,16,35,290,218,Lanéon,48.04179,-4.50269,Plein jour,Hors agglomération,Autre intersection,Normale,Trois véhicules et plus - en chaîne,,,,,,,,,,,1,1,9,1.0,4.0
201700016377,0017-05-26 09:55:00,17,5,26,9,55,290,173,Route de gourlizon,48.01888,-4.21969,Plein jour,Hors agglomération,Intersection en T,Normale,Deux véhicules - frontale,,,,,,,,,,,1,1,3,1.0,1.0
201700016378,0017-06-07 14:30:00,17,6,7,14,30,290,216,les quatre chemins,47.99303,-4.22961,Plein jour,Hors agglomération,Intersection en X,Normale,Deux véhicules - arrière,,,,,,,,,,,1,1,2,1.0,2.0
201700016379,0017-07-05 16:45:00,17,7,5,16,45,290,216,l'enfer,48.00169,-4.17593,Plein jour,Hors agglomération,Hors intersection,Normale,Sans collision,,,,,,,,,,,1,1,1,1.0,7.0
201700016380,0017-07-05 05:30:00,17,7,5,5,30,290,28,kerfraval,48.05461,-4.65426,Crépuscule ou aube,Hors agglomération,Intersection en X,Normale,Deux véhicules - frontale,,,,,,,,,,,2,1,2,1.0,1.0
201700016381,0017-07-06 13:05:00,17,7,6,13,5,290,197,Route de L'océan,48.00457,-4.49808,Plein jour,Hors agglomération,Intersection en Y,Normale,Sans collision,,,,,,,,,,,1,1,4,1.0,7.0
201700016382,0017-07-26 18:00:00,17,7,26,18,0,290,167,kerdaniel,47.97647,-4.23324,Plein jour,Hors agglomération,Hors intersection,Pluie légère,Deux véhicules - frontale,,,,,,,,,,,1,1,1,2.0,1.0
201700016383,0017-08-25 14:15:00,17,8,25,14,15,290,3,RUE VICTOR HUGO,48.02295,-4.53908,Plein jour,En agglomération,Hors intersection,Normale,Autre collision,,,,,,,,,,,1,2,1,1.0,6.0
201700016384,0017-08-29 13:20:00,17,8,29,13,20,290,216,D56/ Kermaduit,47.96852,-4.18148,Plein jour,Hors agglomération,Giratoire,Normale,Deux véhicules - côté,,,,,,,,,,,1,1,6,1.0,3.0
201700016385,0017-09-03 12:20:00,17,9,3,12,20,290,173,le Paradis,47.99889,-4.19465,Plein jour,Hors agglomération,Giratoire,Pluie forte,Deux véhicules - côté,,,,,,,,,,,1,1,6,3.0,3.0
201700016386,0017-09-17 13:05:00,17,9,17,13,5,290,173,Beg an Duchen,48.00634,-4.17444,Plein jour,Hors agglomération,Hors intersection,Normale,Autre collision,,,,,,,,,,,1,1,1,1.0,6.0
201700016387,0017-10-15 00:45:00,17,10,15,0,45,290,108,Poul Ar Marquis,47.99803,-4.37028,Nuit sans éclairage public,Hors agglomération,Hors intersection,Normale,Autre collision,,,,,,,,,,,3,1,1,1.0,6.0
201700016388,0017-11-03 11:08:00,17,11,3,11,8,290,216,Route du cidre en Cornou,47.95071,-4.19177,Plein jour,Hors agglomération,Hors intersection,Normale,Deux véhicules - arrière,,,,,,,,,,,1,1,1,1.0,2.0
201700016389,0017-12-10 18:00:00,17,12,10,18,0,290,3,Quai Pelletan,48.02064,-4.53661,Nuit avec éclairage allumé,En agglomération,Hors intersection,Pluie légère,Autre collision,,,,,,,,,,,5,2,1,2.0,6.0
201700016390,0017-01-06 19:00:00,17,1,6,19,0,290,171,rue louis méhu,47.84039,-4.28507,Nuit avec éclairage allumé,En agglomération,Intersection en T,Normale,Deux véhicules - frontale,,,,,,,,,,,5,2,3,1.0,1.0
201700016391,0017-01-22 17:30:00,17,1,22,17,30,290,135,rue de glevian,47.82817,-4.17191,Crépuscule ou aube,En agglomération,Hors intersection,Normale,Deux véhicules - côté,,,,,,,,,,,2,2,1,1.0,3.0
201700016392,0017-03-23 12:45:00,17,3,23,12,45,290,220,Rue Jean Moulin,47.8642,-4.23352,Plein jour,En agglomération,Hors intersection,Normale,Autre collision,,,,,,,,,,,1,2,1,1.0,6.0
201700016393,0017-03-21 12:10:00,17,3,21,12,10,290,72,avenue de la République,47.81012,-4.28192,Plein jour,Hors agglomération,Intersection en T,Normale,Deux véhicules - côté,,,,,,,,,,,1,1,3,1.0,3.0
201700016394,0017-05-07 20:00:00,17,5,7,20,0,290,174,Pennalen,47.91986,-4.25868,Plein jour,Hors agglomération,Hors intersection,Normale,Sans collision,,,,,,,,,,,1,1,1,1.0,7.0
201700016395,0017-05-09 23:20:00,17,5,9,23,20,290,158,Rue de la Corniche,47.79692,-4.35643,Nuit avec éclairage allumé,En agglomération,Hors intersection,Normale,Deux véhicules - frontale,,,,,,,,,,,5,2,1,1.0,1.0
201700016396,0017-05-27 11:20:00,17,5,27,11,20,290,135,LIEU-DIT KERAZAN,47.84122,-4.19665,Plein jour,Hors agglomération,Autre intersection,Normale,Deux véhicules - arrière,,,,,,,,,,,1,1,9,1.0,2.0
201700016397,0017-06-16 20:10:00,17,6,16,20,10,290,171,Penfrat,47.846,-4.26544,Plein jour,Hors agglomération,Hors intersection,Normale,Deux véhicules - frontale,,,,,,,,,,,1,1,1,1.0,1.0
201700016398,0017-06-20 19:00:00,17,6,20,19,0,290,37,TY RHU,47.87197,-4.16549,Plein jour,Hors agglomération,Intersection en X,Normale,Deux véhicules - arrière,,,,,,,,,,,1,1,2,1.0,2.0
201700016399,0017-06-25 05:30:00,17,6,25,5,30,290,37,Lieu dit Treveon Vihan,47.92305,-4.18468,Nuit sans éclairage public,En agglomération,Hors intersection,Normale,Sans collision,,,,,,,,,,,3,2,1,1.0,7.0
201700016400,0017-07-01 09:30:00,17,7,1,9,30,290,37,route de Bénodet,47.87858,-4.13776,Plein jour,Hors agglomération,Hors intersection,Normale,Deux véhicules - arrière,,,,,,,,,,,1,1,1,1.0,2.0
201700016401,0017-07-11 22:15:00,17,7,11,22,15,290,170,PENHOAD BRAZ,47.96368,-4.14522,Nuit avec éclairage non allumé,Hors agglomération,Intersection en T,Pluie légère,Deux véhicules - côté,,,,,,,,,,,4,1,3,2.0,3.0
201700016402,0017-07-14 04:15:00,17,7,14,4,15,290,252,rue du Cap Sizun - D57,47.86595,-4.28052,Nuit avec éclairage allumé,En agglomération,Hors intersection,Normale,Autre collision,,,,,,,,,,,5,2,1,1.0,6.0
201700016403,0017-07-18 17:50:00,17,7,18,17,50,290,158,Avenue de SKIBBERREEN,47.81365,-4.33781,Plein jour,En agglomération,Hors intersection,Normale,Deux véhicules - arrière,,,,,,,,,,,1,2,1,1.0,2.0
201700016404,0017-07-16 14:45:00,17,7,16,14,45,290,37,lieu dit le lannou,47.88427,-4.16872,Plein jour,Hors agglomération,Giratoire,Normale,Deux véhicules - arrière,,,,,,,,,,,1,1,6,1.0,2.0
201700016405,0017-07-27 14:20:00,17,7,27,14,20,290,158,lestriguioux,47.82494,-4.3106,Plein jour,Hors agglomération,Intersection en X,Normale,Deux véhicules - arrière,,,,,,,,,,,1,1,2,1.0,2.0
201700016406,0017-07-29 16:20:00,17,7,29,16,20,290,292,Kermadec,47.8877,-4.34554,Plein jour,Hors agglomération,Hors intersection,Normale,Deux véhicules - côté,,,,,,,,,,,1,1,1,1.0,3.0
201700016407,0017-08-17 20:30:00,17,8,17,20,30,290,165,route de Lesconil,47.81838,-4.22972,Plein jour,En agglomération,Giratoire,Normale,Deux véhicules - côté,,,,,,,,,,,1,2,6,1.0,3.0
201700016408,0017-08-21 07:30:00,17,8,21,7,30,290,220,za kerouan vian,47.85526,-4.24265,Plein jour,En agglomération,Giratoire,Brouillard / fumée,Autre collision,,,,,,,,,,,1,2,6,5.0,6.0
201700016409,0017-09-07 23:00:00,17,9,7,23,0,290,37,Kergano,47.88776,-4.17122,Nuit sans éclairage public,Hors agglomération,Hors intersection,Pluie légère,Autre collision,,,,,,,,,,,3,1,1,2.0,6.0
201700016410,0017-10-03 08:00:00,17,10,3,8,0,290,174,Rue Henri LAUTREDOU,47.89433,-4.29157,Crépuscule ou aube,En agglomération,Hors intersection,Normale,Autre collision,,,,,,,,,,,2,2,1,1.0,6.0
201700016411,0017-10-14 14:10:00,17,10,14,14,10,290,37,CD 44,47.87795,-4.13473,Plein jour,Hors agglomération,Giratoire,Normale,Deux véhicules - côté,,,,,,,,,,,1,1,6,1.0,3.0
201700016412,0017-10-18 19:40:00,17,10,18,19,40,290,174,lieu dit TACHEN AR GROAS,47.88415,-4.29385,Nuit sans éclairage public,Hors agglomération,Hors intersection,Normale,Deux véhicules - frontale,,,,,,,,,,,3,1,1,1.0,1.0
201700016413,0017-10-29 01:15:00,17,10,29,1,15,290,158,rue de Kerigou,47.81656,-4.30477,Nuit sans éclairage public,En agglomération,Autre intersection,Normale,Autre collision,,,,,,,,,,,3,2,9,1.0,6.0
201700016414,0017-11-01 04:00:00,17,11,1,4,0,290,174,Kerganet,47.87044,-4.24621,Nuit avec éclairage allumé,Hors agglomération,Hors intersection,Normale,Deux véhicules - frontale,,,,,,,,,,,5,1,1,1.0,1.0
201700016415,0017-11-13 07:40:00,17,11,13,7,40,290,220,Rond-Point de Saint Jean,47.86256,-4.24577,Nuit sans éclairage public,Hors agglomération,Giratoire,Normale,Deux véhicules - côté,,,,,,,,,,,3,1,6,1.0,3.0
201700016416,0017-11-20 19:50:00,17,11,20,19,50,290,165,D 53 La barrière rouge,47.82129,-4.25958,Nuit sans éclairage public,Hors agglomération,Hors intersection,Normale,Deux véhicules - frontale,,,,,,,,,,,3,1,1,1.0,1.0
201700016417,0017-11-19 18:20:00,17,11,19,18,20,290,284,Gleut Ru,47.82121,-4.26069,Nuit sans éclairage public,Hors agglomération,Intersection en T,Normale,Deux véhicules - côté,,,,,,,,,,,3,1,3,1.0,3.0
201700016418,0017-11-26 21:15:00,17,11,26,21,15,290,171,"Lieu dit ""Lesplomeur""",47.82932,-4.28333,Nuit sans éclairage public,Hors agglomération,Hors intersection,Pluie légère,Autre collision,,,,,,,,,,,3,1,1,2.0,6.0
201700016419,0017-11-29 08:15:00,17,11,29,8,15,290,158,Route de Kerscaven,47.81508,-4.32324,Crépuscule ou aube,Hors agglomération,Intersection en X,Normale,Deux véhicules - côté,,,,,,,,,,,2,1,2,1.0,3.0
201700016420,0017-11-30 04:15:00,17,11,30,4,15,290,165,Lieu-dit Kerberien,47.82222,-4.24854,Nuit sans éclairage public,Hors agglomération,Hors intersection,Normale,Trois véhicules et plus - collisions multiples,,,,,,,,,,,3,1,1,1.0,5.0
201700016421,0017-12-08 16:34:00,17,12,8,16,34,290,72,1 Rue du Moulin,47.80524,-4.28012,Plein jour,En agglomération,Autre intersection,Normale,Autre collision,,,,,,,,,,,1,2,9,1.0,6.0
201700016422,0017-01-28 05:10:00,17,1,28,5,10,290,75,Le Cerf,48.43486,-4.36469,Nuit sans éclairage public,Hors agglomération,Hors intersection,Temps couvert,Autre collision,,,,,,,,,,,3,1,1,8.0,6.0
201700016423,0017-01-29 11:25:00,17,1,29,11,25,290,61,rond point,48.45698,-4.46059,Plein jour,En agglomération,Giratoire,Pluie forte,Deux véhicules - arrière,,,,,,,,,,,1,2,6,3.0,2.0
201700016424,0017-02-10 08:50:00,17,2,10,8,50,290,75,boulevard Michel Briand,48.42272,-4.42182,Plein jour,Hors agglomération,Hors intersection,Normale,Deux véhicules - arrière,,,,,,,,,,,1,1,1,1.0,2.0
201700016425,0017-03-10 21:00:00,17,3,10,21,0,290,235,CD 67,48.41255,-4.38661,Nuit sans éclairage public,Hors agglomération,Hors intersection,Normale,Deux véhicules - côté,,,,,,,,,,,3,1,1,1.0,3.0
201700016426,0017-03-15 13:45:00,17,3,15,13,45,290,235,Rue Jules Ferry,48.39708,-4.41957,Plein jour,En agglomération,Hors intersection,Normale,Trois véhicules et plus - en chaîne,,,,,,,,,,,1,2,1,1.0,4.0
201700016427,0017-03-17 09:10:00,17,3,17,9,10,290,235,Rue de la mairie,48.40737,-4.39403,Plein jour,En agglomération,Intersection en T,Temps éblouissant,Autre collision,,,,,,,,,,,1,2,3,7.0,6.0
201700016428,0017-04-14 01:25:00,17,4,14,1,25,290,235,bretelle accès rond  poi,48.39875,-4.4095,Nuit avec éclairage allumé,En agglomération,Giratoire,Normale,Autre collision,,,,,,,,,,,5,2,6,1.0,6.0
201700016429,0017-05-03 23:00:00,17,5,3,23,0,290,75,RN 265,48.42987,-4.43884,Nuit sans éclairage public,Hors agglomération,Hors intersection,Normale,Autre collision,,,,,,,,,,,3,1,1,1.0,6.0
201700016430,0017-06-04 16:25:00,17,6,4,16,25,290,75,"Lieu Dit ""Chapelle Croix",48.41146,-4.37369,Plein jour,Hors agglomération,Intersection en X,Normale,Deux véhicules - côté,,,,,,,,,,,1,1,2,1.0,3.0
201700016431,0017-06-13 19:45:00,17,6,13,19,45,290,75,boulevard Coataudon,48.41456,-4.43862,Plein jour,En agglomération,Hors intersection,Normale,Deux véhicules - côté,,,,,,,,,,,1,2,1,1.0,3.0
201700016432,0017-06-30 09:20:00,17,6,30,9,20,290,75,Rue Andrée Chédid,48.43985,-4.39597,Plein jour,En agglomération,Hors intersection,Pluie légère,Deux véhicules - frontale,,,,,,,,,,,1,2,1,2.0,1.0
201700016433,0017-10-30 07:50:00,17,10,30,7,50,290,75,lieu dit kéradrien,48.41977,-4.4432,Plein jour,En agglomération,Hors intersection,Normale,Autre collision,,,,,,,,,,,1,2,1,1.0,6.0
201700016434,0017-12-05 09:00:00,17,12,5,9,0,290,75,32 rue de brest,48.43358,-4.4027,Plein jour,En agglomération,Hors intersection,Normale,Trois véhicules et plus - collisions multiples,,,,,,,,,,,1,2,1,1.0,5.0
201700016435,0017-12-24 06:10:00,17,12,24,6,10,290,56,D712 lieu dit Pont Mesgr,48.43492,-4.34121,Nuit sans éclairage public,Hors agglomération,Hors intersection,Normale,Autre collision,,,,,,,,,,,3,1,1,1.0,6.0
201700016436,0017-01-17 14:47:00,17,1,17,14,47,290,195,lieu-dit le leuré,48.61383,-4.4599,Plein jour,Hors agglomération,Hors intersection,Normale,Deux véhicules - frontale,,,,,,,,,,,1,1,1,1.0,1.0
201700016437,0017-01-28 06:50:00,17,1,28,6,50,290,15,36 rue Saint Yves,48.49729,-4.50924,Nuit avec éclairage allumé,En agglomération,Hors intersection,Normale,Autre collision,,,,,,,,,,,5,2,1,1.0,6.0
201700016438,0017-02-04 14:05:00,17,2,4,14,5,290,160,Trois frères le Roy,48.49815,-4.42763,Plein jour,En agglomération,Giratoire,Normale,Sans collision,,,,,,,,,,,1,2,6,1.0,7.0
201700016439,0017-02-05 10:30:00,17,2,5,10,30,290,160,rue waltenhofen,48.49896,-4.43088,Plein jour,En agglomération,Intersection en T,Pluie forte,Deux véhicules - côté,,,,,,,,,,,1,2,3,3.0,3.0
201700016440,0017-02-07 08:50:00,17,2,7,8,50,290,117,audren de kerdrel,48.56563,-4.51701,Plein jour,En agglomération,Hors intersection,Normale,Autre collision,,,,,,,,,,,1,2,1,1.0,6.0
201700016441,0017-02-14 22:45:00,17,2,14,22,45,290,160,lieu-dit Traon Braz,48.48843,-4.40733,Nuit sans éclairage public,Hors agglomération,Intersection en T,Normale,Autre collision,,,,,,,,,,,3,1,3,1.0,6.0
201700016442,0017-03-16 10:35:00,17,3,16,10,35,290,15,les trois curés,48.47745,-4.52788,Plein jour,Hors agglomération,Intersection en X,Normale,Deux véhicules - côté,,,,,,,,,,,1,1,2,1.0,3.0
201700016443,0017-03-19 03:30:00,17,3,19,3,30,290,15,Kerdaniel,48.49324,-4.49535,Nuit sans éclairage public,Hors agglomération,Hors intersection,Normale,Autre collision,,,,,,,,,,,3,1,1,1.0,6.0
201700016444,0017-04-09 06:15:00,17,4,9,6,15,290,101,Lieu-dit Bel Air,48.58574,-4.55453,Crépuscule ou aube,Hors agglomération,Hors intersection,Normale,Autre collision,,,,,,,,,,,2,1,1,1.0,6.0
201700016445,0017-04-14 09:00:00,17,4,14,9,0,290,160,LE LEUHAN,48.48767,-4.37854,Plein jour,Hors agglomération,Intersection en T,Normale,Deux véhicules - côté,,,,,,,,,,,1,1,3,1.0,3.0
201700016446,0017-05-05 13:55:00,17,5,5,13,55,290,209,Kéraliou Bras,48.52354,-4.46466,Plein jour,Hors agglomération,Hors intersection,Normale,Autre collision,,,,,,,,,,,1,1,1,1.0,6.0
201700016447,0017-05-30 07:33:00,17,5,30,7,33,290,195,lieu-dit Kroaz Hir,48.61127,-4.53509,Plein jour,Hors agglomération,Intersection en T,Normale,Deux véhicules - côté,,,,,,,,,,,1,1,3,1.0,3.0
201700016448,0017-06-07 15:10:00,17,6,7,15,10,290,160,rue maréchal leclerc,48.50328,-4.42554,Plein jour,En agglomération,Autre intersection,Normale,Deux véhicules - côté,,,,,,,,,,,1,2,9,1.0,3.0
201700016449,0017-06-20 13:00:00,17,6,20,13,0,290,15,rue notre dame,48.49935,-4.50534,Plein jour,En agglomération,Intersection en X,Normale,Autre collision,,,,,,,,,,,1,2,2,1.0,6.0
201700016450,0017-06-27 16:30:00,17,6,27,16,30,290,160,LE HEUNT - CD 788,48.46915,-4.45062,Plein jour,Hors agglomération,Hors intersection,Normale,Deux véhicules - côté,,,,,,,,,,,1,1,1,1.0,3.0
201700016451,0017-07-04 22:54:00,17,7,4,22,54,290,160,rue 3 frères le roy,48.49815,-4.42763,Nuit avec éclairage allumé,En agglomération,Intersection en T,Normale,Deux véhicules - frontale,,,,,,,,,,,5,2,3,1.0,1.0
201700016452,0017-07-11 14:49:00,17,7,11,14,49,290,77,route du curnic,48.63467,-4.41134,Plein jour,En agglomération,Hors intersection,Pluie légère,Autre collision,,,,,,,,,,,1,2,1,2.0,6.0
201700016453,0017-07-13 15:00:00,17,7,13,15,0,290,15,Croas Leu,48.49863,-4.49663,Plein jour,Hors agglomération,Hors intersection,Normale,Trois véhicules et plus - collisions multiples,,,,,,,,,,,1,1,1,1.0,5.0
201700016454,0017-07-26 14:29:00,17,7,26,14,29,290,15,Route Croas Hent Coatane,48.48504,-4.48262,Plein jour,Hors agglomération,Hors intersection,Pluie légère,Autre collision,,,,,,,,,,,1,1,1,2.0,6.0
201700016455,0017-08-04 00:45:00,17,8,4,0,45,290,117,Fontaine Rouge,48.55866,-4.50525,Nuit sans éclairage public,Hors agglomération,Hors intersection,Normale,Deux véhicules - arrière,,,,,,,,,,,3,1,1,1.0,2.0
201700016456,0017-08-05 13:55:00,17,8,5,13,55,290,209,pont de chatel,48.55197,-4.50741,Plein jour,Hors agglomération,Intersection en T,Normale,Deux véhicules - frontale,,,,,,,,,,,1,1,3,1.0,1.0
201700016457,0017-09-25 22:30:00,17,9,25,22,30,290,209,D13 - Lieu Tariec,48.54495,-4.50442,Nuit sans éclairage public,Hors agglomération,Hors intersection,Brouillard / fumée,Sans collision,,,,,,,,,,,3,1,1,5.0,7.0
201700016458,0017-10-03 18:15:00,17,10,3,18,15,290,93,kerscao,48.59105,-4.41238,Plein jour,Hors agglomération,Intersection en T,Normale,Deux véhicules - côté,,,,,,,,,,,1,1,3,1.0,3.0
201700016459,0017-10-09 17:10:00,17,10,9,17,10,290,160,Prat Ar Groas,48.51515,-4.40748,Plein jour,Hors agglomération,Autre intersection,Normale,Deux véhicules - côté,,,,,,,,,,,1,1,9,1.0,3.0
201700016460,0017-11-24 18:00:00,17,11,24,18,0,290,160,ZI Callac,48.51122,-4.41422,Nuit sans éclairage public,Hors agglomération,Hors intersection,Temps couvert,Deux véhicules - arrière,,,,,,,,,,,3,1,1,8.0,2.0
201700016461,0017-12-17 12:10:00,17,12,17,12,10,290,117,rue du docteur morvan,48.57092,-4.52304,Plein jour,En agglomération,Giratoire,Normale,Deux véhicules - côté,,,,,,,,,,,1,2,6,1.0,3.0
201700016462,0017-01-27 14:30:00,17,1,27,14,30,290,40,rue de kerandiou,48.3549,-4.7577,Plein jour,En agglomération,Intersection en T,Normale,Autre collision,,,,,,,,,,,1,2,3,1.0,6.0
201700016463,0017-01-25 09:45:00,17,1,25,9,45,290,130,lieu dit KERVEZEON,48.3903,-4.68056,Plein jour,Hors agglomération,Hors intersection,Normale,Deux véhicules - arrière,,,,,,,,,,,1,1,1,1.0,2.0
201700016464,0017-02-03 14:50:00,17,2,3,14,50,290,190,rue de st mathieu,48.34033,-4.7203,Plein jour,Hors agglomération,Hors intersection,Normale,Deux véhicules - frontale,,,,,,,,,,,1,1,1,1.0,1.0
201700016465,0017-02-08 10:35:00,17,2,8,10,35,290,130,route du conquet,48.36372,-4.67103,Plein jour,En agglomération,Intersection en X,Normale,Deux véhicules - côté,,,,,,,,,,,1,2,2,1.0,3.0
201700016466,0017-02-15 16:00:00,17,2,15,16,0,290,11,rue de Kerguillo,48.41395,-4.52662,Plein jour,En agglomération,Giratoire,Normale,Sans collision,,,,,,,,,,,1,2,6,1.0,7.0
201700016467,0017-03-04 10:24:00,17,3,4,10,24,290,201,Ker Ar Groas Nevez,48.40485,-4.66311,Plein jour,Hors agglomération,Hors intersection,Pluie forte,Autre collision,,,,,,,,,,,1,1,1,3.0,6.0
201700016468,0017-03-13 17:45:00,17,3,13,17,45,290,212,rue de coatuelen,48.37552,-4.56396,Plein jour,Hors agglomération,Hors intersection,Temps éblouissant,Autre collision,,,,,,,,,,,1,1,1,7.0,6.0
201700016469,0017-04-06 23:09:00,17,4,6,23,9,290,190,lieu dit kerzadou,48.36187,-4.68991,Nuit sans éclairage public,Hors agglomération,Intersection en X,Normale,Deux véhicules - côté,,,,,,,,,,,3,1,2,1.0,3.0
201700016470,0017-04-17 18:50:00,17,4,17,18,50,290,212,rue de la trinite,48.38141,-4.61539,Plein jour,En agglomération,Hors intersection,Normale,Deux véhicules - arrière,,,,,,,,,,,1,2,1,1.0,2.0
201700016471,0017-04-27 13:15:00,17,4,27,13,15,290,212,route de toulbroc'h,48.34609,-4.62284,Plein jour,Hors agglomération,Hors intersection,Normale,Autre collision,,,,,,,,,,,1,1,1,1.0,6.0
201700016472,0017-05-02 07:45:00,17,5,2,7,45,290,11,rue François Drogou,48.41792,-4.52436,Plein jour,En agglomération,Intersection en X,Normale,Deux véhicules - côté,,,,,,,,,,,1,2,2,1.0,3.0
201700016473,0017-06-14 15:15:00,17,6,14,15,15,290,69,rond point de Kerebars,48.42551,-4.57021,Plein jour,En agglomération,Giratoire,Normale,Sans collision,,,,,,,,,,,1,2,6,1.0,7.0
201700016474,0017-06-28 16:00:00,17,6,28,16,0,290,212,Route du minou,48.34627,-4.61151,Plein jour,Hors agglomération,Hors intersection,Normale,Sans collision,,,,,,,,,,,1,1,1,1.0,7.0
201700016475,0017-06-30 13:40:00,17,6,30,13,40,290,212,D789,48.36399,-4.59156,Plein jour,Hors agglomération,Intersection en X,Pluie forte,Deux véhicules - côté,,,,,,,,,,,1,1,2,3.0,3.0
201700016476,0017-07-06 17:25:00,17,7,6,17,25,290,69,rue charles berthelot,48.42645,-4.55602,Plein jour,En agglomération,Hors intersection,Normale,Autre collision,,,,,,,,,,,1,2,1,1.0,6.0
201700016477,0017-08-05 10:30:00,17,8,5,10,30,290,69,Rond point de la gare,48.4291,-4.56206,Plein jour,En agglomération,Giratoire,Temps éblouissant,Deux véhicules - frontale,,,,,,,,,,,1,2,6,7.0,1.0
201700016478,0017-08-27 19:00:00,17,8,27,19,0,290,177,rue de rubrini,48.42168,-4.68639,Plein jour,Hors agglomération,Hors intersection,Normale,Deux véhicules - frontale,,,,,,,,,,,1,1,1,1.0,1.0
201700016479,0017-09-15 07:20:00,17,9,15,7,20,290,190,route du CONQUET,48.3537,-4.72229,Crépuscule ou aube,Hors agglomération,Hors intersection,Normale,Deux véhicules - arrière,,,,,,,,,,,2,1,1,1.0,2.0
201700016480,0017-09-24 05:55:00,17,9,24,5,55,290,212,19 bis rue de penhuel,48.38368,-4.61075,Nuit sans éclairage public,En agglomération,Hors intersection,Normale,Autre collision,,,,,,,,,,,3,2,1,1.0,6.0
201700016481,0017-11-06 08:30:00,17,11,6,8,30,290,69,Rue des Ecoles,48.42107,-4.5587,Plein jour,En agglomération,Intersection en X,Normale,Autre collision,,,,,,,,,,,1,2,2,1.0,6.0
201700016482,0017-11-17 07:50:00,17,11,17,7,50,290,69,LIEU DIT MENHIR,48.40552,-4.56568,Crépuscule ou aube,Hors agglomération,Hors intersection,Normale,Deux véhicules - frontale,,,,,,,,,,,2,1,1,1.0,1.0
201700016483,0017-01-08 19:45:00,17,1,8,19,45,290,260,rue de L'étain,48.4349,-4.61827,Nuit avec éclairage allumé,En agglomération,Giratoire,Normale,Autre collision,,,,,,,,,,,5,2,6,1.0,6.0
201700016484,0017-01-11 14:30:00,17,1,11,14,30,290,260,Rue de l'étain - RD105,48.43521,-4.6185,Plein jour,En agglomération,Giratoire,Pluie légère,Trois véhicules et plus - en chaîne,,,,,,,,,,,1,2,6,2.0,4.0
201700016485,0017-01-22 02:00:00,17,1,22,2,0,290,208,chapelle St ROCH,48.49672,-4.69454,Nuit sans éclairage public,Hors agglomération,Hors intersection,Normale,Autre collision,,,,,,,,,,,3,1,1,1.0,6.0
201700016486,0017-01-22 06:50:00,17,1,22,6,50,290,119,liliouarn,48.48118,-4.66802,Nuit sans éclairage public,Hors agglomération,Hors intersection,Normale,Deux véhicules - frontale,,,,,,,,,,,3,1,1,1.0,1.0
201700016487,0017-01-25 07:30:00,17,1,25,7,30,290,208,kerguen,48.48692,-4.67052,Nuit sans éclairage public,Hors agglomération,Hors intersection,Autre,Autre collision,,,,,,,,,,,3,1,1,9.0,6.0
201700016488,0017-02-05 05:45:00,17,2,5,5,45,290,260,rue de l'étain,48.4349,-4.61827,Nuit avec éclairage allumé,En agglomération,Hors intersection,Pluie forte,Trois véhicules et plus - collisions multiples,,,,,,,,,,,5,2,1,3.0,5.0