accident_id,datetime,annee,mois,jour,heure,minute,departement,commune_insee,adresse,latitude,longitude,luminosite,agglomeration,intersection,meteo,collision,nb_vehicules,nb_usagers,nb_indemnes,nb_tues,nb_blesses_hosp,nb_blesses_legers,age_cond_1,age_cond_2,veh_type_cond_1,veh_type_cond_2,lum_code,agg_code,int_code,atm_code,col_code
201700016731,0017-06-20 11:10:00,17,6,20,11,10,350,12,bel air,47.83076,-1.64204,Plein jour,Hors agglomération,Hors intersection,Normale,Autre collision,,,,,,,,,,,1,1,1,1.0,6.0
201700016732,0017-07-04 17:25:00,17,7,4,17,25,350,231,,47.89761,-1.70125,Plein jour,Hors agglomération,Hors intersection,Normale,Deux véhicules - frontale,,,,,,,,,,,1,1,1,1.0,1.0
201700016733,0017-07-06 00:30:00,17,7,6,0,30,350,321,les pérettes,47.91308,-1.59175,Nuit sans éclairage public,Hors agglomération,Hors intersection,Normale,Deux véhicules - frontale,,,,,,,,,,,3,1,1,1.0,1.0
201700016734,0017-08-07 16:00:00,17,8,7,16,0,350,202,départementale n°52,47.79998,-1.74542,Plein jour,Hors agglomération,Hors intersection,Normale,Deux véhicules - frontale,,,,,,,,,,,1,1,1,1.0,1.0
201700016735,0017-08-12 12:40:00,17,8,12,12,40,350,202,la croix blanche,47.80495,-1.74536,Plein jour,Hors agglomération,Intersection en X,Pluie légère,Deux véhicules - côté,,,,,,,,,,,1,1,2,2.0,3.0
201700016736,0017-09-03 15:52:00,17,9,3,15,52,350,322,,47.89898,-1.60752,Plein jour,Hors agglomération,Intersection en X,Pluie légère,Deux véhicules - côté,,,,,,,,,,,1,1,2,2.0,3.0
201700016737,0017-10-13 20:30:00,17,10,13,20,30,350,322,"9 Bel Air, D777",47.90017,-1.60653,Nuit sans éclairage public,En agglomération,Hors intersection,Normale,Deux véhicules - frontale,,,,,,,,,,,3,2,1,1.0,1.0
201700016738,0017-11-06 01:00:00,17,11,6,1,0,350,12,la filouzais,47.82815,-1.70854,Nuit sans éclairage public,Hors agglomération,Hors intersection,Temps couvert,Autre collision,,,,,,,,,,,3,1,1,8.0,6.0
201700016739,0017-12-15 23:30:00,17,12,15,23,30,350,202,Le Bas Noyal,47.77405,-1.77337,Nuit sans éclairage public,Hors agglomération,Hors intersection,Normale,Deux véhicules - frontale,,,,,,,,,,,3,1,1,1.0,1.0
201700016740,0017-07-03 11:10:00,17,7,3,11,10,350,132,le fedeuil RD4,48.57435,-1.80092,Plein jour,Hors agglomération,Hors intersection,Normale,Deux véhicules - arrière,,,,,,,,,,,1,1,1,1.0,2.0
201700016741,0017-07-24 22:00:00,17,7,24,22,0,350,132,Carrefour des Cancales -,48.5945,-1.7909,Nuit sans éclairage public,Hors agglomération,Intersection en X,Normale,Deux véhicules - frontale,,,,,,,,,,,3,1,2,1.0,1.0
201700016742,0017-07-29 08:30:00,17,7,29,8,30,350,263,Lieu dit La Secouette,48.66767,-1.94419,Plein jour,Hors agglomération,Hors intersection,Normale,Autre collision,,,,,,,,,,,1,1,1,1.0,6.0
201700016743,0017-08-05 16:15:00,17,8,5,16,15,350,263,Anse Duguesclin,48.68834,-1.90655,Plein jour,Hors agglomération,Hors intersection,Normale,Autre collision,,,,,,,,,,,1,1,1,1.0,6.0
201700016744,0017-09-03 04:15:00,17,9,3,4,15,350,299,la pahorie,48.64447,-1.88418,Nuit sans éclairage public,Hors agglomération,Hors intersection,Normale,Autre collision,,,,,,,,,,,3,1,1,1.0,6.0
201700016745,0017-11-05 11:15:00,17,11,5,11,15,350,224,,48.54361,-1.87925,Plein jour,Hors agglomération,Hors intersection,Neige / grêle,Sans collision,,,,,,,,,,,1,1,1,4.0,7.0
201700016746,0017-12-03 21:28:00,17,12,3,21,28,350,306,D76,48.59027,-1.90443,Nuit sans éclairage public,Hors agglomération,Hors intersection,Brouillard / fumée,Deux véhicules - frontale,,,,,,,,,,,3,1,1,5.0,1.0
201700016747,0017-12-08 10:15:00,17,12,8,10,15,350,179,rue des châtaigniers,48.52074,-1.90473,Plein jour,Hors agglomération,Hors intersection,Temps éblouissant,Autre collision,,,,,,,,,,,1,1,1,7.0,6.0
201700016748,0017-12-22 08:40:00,17,12,22,8,40,350,255,51 RUE DU BORD DE MER,48.62098,-1.85289,Crépuscule ou aube,En agglomération,Hors intersection,Pluie légère,Trois véhicules et plus - collisions multiples,,,,,,,,,,,2,2,1,2.0,5.0
201700016749,0017-01-05 09:40:00,17,1,5,9,40,350,222,rue des Prunus,48.53249,-1.56166,Plein jour,En agglomération,Hors intersection,Normale,Deux véhicules - frontale,,,,,,,,,,,1,2,1,1.0,1.0
201700016750,0017-01-06 10:40:00,17,1,6,10,40,350,95,"Parking Intermarché, rue",48.55186,-1.7507,Plein jour,En agglomération,Autre intersection,Temps éblouissant,Autre collision,,,,,,,,,,,1,2,9,7.0,6.0
201700016751,0017-05-02 05:20:00,17,5,2,5,20,350,10,PK 13+250,48.55763,-1.70313,Nuit sans éclairage public,Hors agglomération,Hors intersection,Neige / grêle,Deux véhicules - frontale,,,,,,,,,,,3,1,1,4.0,1.0
201700016752,0017-05-13 10:15:00,17,5,13,10,15,350,246,Lieu-dit la petite riviè,48.55976,-1.80547,Plein jour,Hors agglomération,Intersection en X,Normale,Deux véhicules - côté,,,,,,,,,,,1,1,2,1.0,3.0
201700016753,0017-06-24 16:20:00,17,6,24,16,20,350,186,LA VILLE BOUTIER,48.57674,-1.77256,Plein jour,Hors agglomération,Hors intersection,Normale,Sans collision,,,,,,,,,,,1,1,1,1.0,7.0
201700016754,0017-07-14 13:00:00,17,7,14,13,0,350,222,MONT ROUAULT,48.55306,-1.56566,Plein jour,Hors agglomération,Hors intersection,Normale,Sans collision,,,,,,,,,,,1,1,1,1.0,7.0
201700016755,0017-08-07 12:20:00,17,8,7,12,20,350,95,5 Rue des ponts,48.5489,-1.75813,Plein jour,En agglomération,Hors intersection,Normale,Autre collision,,,,,,,,,,,1,2,1,1.0,6.0
201700016756,0017-08-10 16:35:00,17,8,10,16,35,350,222,L'Aune,48.53866,-1.54459,Plein jour,Hors agglomération,Intersection en T,Normale,Trois véhicules et plus - en chaîne,,,,,,,,,,,1,1,3,1.0,4.0
201700016757,0017-08-18 19:10:00,17,8,18,19,10,350,339,D 155,48.49513,-1.5976,Plein jour,En agglomération,Hors intersection,Normale,Autre collision,,,,,,,,,,,1,2,1,1.0,6.0
201700016758,0017-09-09 23:15:00,17,9,9,23,15,350,9,la mazurais,48.50011,-1.76466,Nuit sans éclairage public,Hors agglomération,Hors intersection,Pluie légère,Sans collision,,,,,,,,,,,3,1,1,2.0,7.0
201700016759,0017-09-13 01:30:00,17,9,13,1,30,350,248,D576,48.54806,-1.58857,Nuit sans éclairage public,Hors agglomération,Hors intersection,Pluie légère,Autre collision,,,,,,,,,,,3,1,1,2.0,6.0
201700016760,0017-09-30 08:30:00,17,9,30,8,30,350,259,D80 PK3,48.57566,-1.68914,Plein jour,Hors agglomération,Hors intersection,Normale,Autre collision,,,,,,,,,,,1,1,1,1.0,6.0
201700016761,0017-09-30 20:05:00,17,9,30,20,5,350,259,RN 176,48.564,-1.61428,Crépuscule ou aube,Hors agglomération,Hors intersection,Pluie légère,Deux véhicules - frontale,,,,,,,,,,,2,1,1,2.0,1.0
201700016762,0017-11-13 18:00:00,17,11,13,18,0,350,95,place toulier,48.54958,-1.75659,Crépuscule ou aube,En agglomération,Giratoire,Normale,Deux véhicules - côté,,,,,,,,,,,2,2,6,1.0,3.0
201700016763,0017-12-07 08:25:00,17,12,7,8,25,350,95,Boulevard Demeniac,48.55042,-1.74888,Crépuscule ou aube,En agglomération,Hors intersection,Pluie légère,Autre collision,,,,,,,,,,,2,2,1,2.0,6.0
201700016764,0017-12-12 17:30:00,17,12,12,17,30,350,95,boulevard de Normandie,48.55104,-1.73902,Nuit avec éclairage allumé,En agglomération,Intersection en T,Normale,Autre collision,,,,,,,,,,,5,2,3,1.0,6.0
201700016765,0017-01-15 03:00:00,17,1,15,3,0,350,217,lieu dit la guillotière,48.02277,-1.08951,Nuit sans éclairage public,Hors agglomération,Hors intersection,Pluie forte,Autre collision,,,,,,,,,,,3,1,1,3.0,6.0
201700016766,0017-02-27 07:40:00,17,2,27,7,40,350,360,70 boulevard des rochers,48.10948,-1.19865,Crépuscule ou aube,En agglomération,Hors intersection,Pluie forte,Autre collision,,,,,,,,,,,2,2,1,3.0,6.0
201700016767,0017-03-03 10:00:00,17,3,3,10,0,350,61,Route départementale 34,48.13381,-1.10067,Plein jour,Hors agglomération,Intersection en X,Normale,Deux véhicules - côté,,,,,,,,,,,1,1,2,1.0,3.0
201700016768,0017-03-24 07:15:00,17,3,24,7,15,350,109,RN157 - PK 13.700,48.07205,-1.22177,Plein jour,Hors agglomération,Hors intersection,Normale,Autre collision,,,,,,,,,,,1,1,1,1.0,6.0
201700016769,0017-03-31 21:15:00,17,3,31,21,15,350,166,La Fontenelle RD106,48.14908,-1.34725,Nuit sans éclairage public,Hors agglomération,Hors intersection,Pluie forte,Deux véhicules - frontale,,,,,,,,,,,3,1,1,3.0,1.0
201700016770,0017-04-03 16:30:00,17,4,3,16,30,350,300,La Grimaudière,48.17754,-1.09598,Plein jour,Hors agglomération,Hors intersection,Normale,Deux véhicules - frontale,,,,,,,,,,,1,1,1,1.0,1.0
201700016771,0017-04-12 12:15:00,17,4,12,12,15,350,15,La Haute Vougerie,48.17622,-1.16741,Plein jour,Hors agglomération,Hors intersection,Normale,Deux véhicules - frontale,,,,,,,,,,,1,1,1,1.0,1.0
201700016772,0017-04-14 23:40:00,17,4,14,23,40,350,347,la grande haie d'izé,48.17432,-1.29599,Nuit avec éclairage non allumé,En agglomération,Intersection en X,Normale,Deux véhicules - côté,,,,,,,,,,,4,2,2,1.0,3.0
201700016773,0017-05-10 11:50:00,17,5,10,11,50,350,183,D111,48.07754,-1.10788,Plein jour,Hors agglomération,Intersection en T,Normale,Deux véhicules - côté,,,,,,,,,,,1,1,3,1.0,3.0
201700016774,0017-06-16 19:15:00,17,6,16,19,15,350,15,le rocher,48.19158,-1.18243,Plein jour,Hors agglomération,Hors intersection,Normale,Sans collision,,,,,,,,,,,1,1,1,1.0,7.0
201700016775,0017-08-18 13:45:00,17,8,18,13,45,350,192,RD24 PK 11+800,48.24029,-1.2121,Plein jour,Hors agglomération,Hors intersection,Normale,Autre collision,,,,,,,,,,,1,1,1,1.0,6.0
201700016776,0017-08-23 18:50:00,17,8,23,18,50,350,38,Intersection RD111 et ru,48.1022,-1.06316,Plein jour,Hors agglomération,Intersection en T,Normale,Deux véhicules - côté,,,,,,,,,,,1,1,3,1.0,3.0
201700016777,0017-09-01 23:10:00,17,9,1,23,10,350,194,Route de la Robiquette,48.1344,-1.25182,Nuit sans éclairage public,Hors agglomération,Hors intersection,Normale,Autre collision,,,,,,,,,,,3,1,1,1.0,6.0
201700016778,0017-09-19 18:00:00,17,9,19,18,0,350,360,Rue Louis Giroux,48.11695,-1.21136,Plein jour,En agglomération,Intersection en T,Normale,Deux véhicules - côté,,,,,,,,,,,1,2,3,1.0,3.0
201700016779,0017-09-23 15:35:00,17,9,23,15,35,350,229,La Tousserie,48.12338,-1.2614,Plein jour,Hors agglomération,Intersection en X,Temps éblouissant,Deux véhicules - côté,,,,,,,,,,,1,1,2,7.0,3.0
201700016780,0017-10-21 16:45:00,17,10,21,16,45,350,105,"lieu dit ""La Huperie"" RD",48.09156,-1.10098,Plein jour,Hors agglomération,Hors intersection,Temps éblouissant,Deux véhicules - arrière,,,,,,,,,,,1,1,1,7.0,2.0
201700016781,0017-11-17 18:30:00,17,11,17,18,30,350,360,intersection D 179 et ro,48.14182,-1.21819,Nuit sans éclairage public,Hors agglomération,Intersection en T,Normale,Deux véhicules - arrière,,,,,,,,,,,3,1,3,1.0,2.0
201700016782,0017-11-27 10:50:00,17,11,27,10,50,350,360,Avenue d'Helmstedt,48.11141,-1.2051,Plein jour,En agglomération,Giratoire,Normale,Autre collision,,,,,,,,,,,1,2,6,1.0,6.0
201700016783,0017-12-05 11:15:00,17,12,5,11,15,350,360,boulevard du 70ème RI,48.12111,-1.20981,Plein jour,En agglomération,Hors intersection,Temps couvert,Autre collision,,,,,,,,,,,1,2,1,8.0,6.0
201700016784,0017-02-27 19:30:00,17,2,27,19,30,350,99,"PK 36+870, CD 463",48.06689,-1.56516,Nuit sans éclairage public,Hors agglomération,Hors intersection,Pluie légère,Deux véhicules - côté,,,,,,,,,,,3,1,1,2.0,3.0
201700016785,0017-03-23 17:05:00,17,3,23,17,5,350,207,le puit gautier,48.12476,-1.53188,Plein jour,Hors agglomération,Hors intersection,Normale,Autre collision,,,,,,,,,,,1,1,1,1.0,6.0
201700016786,0017-04-01 11:05:00,17,4,1,11,5,350,207,Le Puits gauthier,48.12622,-1.53237,Plein jour,Hors agglomération,Hors intersection,Normale,Deux véhicules - frontale,,,,,,,,,,,1,1,1,1.0,1.0
201700016787,0017-07-21 07:30:00,17,7,21,7,30,350,69,Veneffles,48.03324,-1.50391,Plein jour,Hors agglomération,Intersection en X,Normale,Deux véhicules - côté,,,,,,,,,,,1,1,2,1.0,3.0
201700016788,0017-08-07 15:55:00,17,8,7,15,55,350,161,LA GAUDINAIS,48.04009,-1.35345,Plein jour,Hors agglomération,Intersection en T,Normale,Deux véhicules - côté,,,,,,,,,,,1,1,3,1.0,3.0
201700016789,0017-08-08 14:15:00,17,8,8,14,15,350,327,"L'olivet, entre le pont",48.10371,-1.4637,Plein jour,Hors agglomération,Hors intersection,Normale,Sans collision,,,,,,,,,,,1,1,1,1.0,7.0
201700016790,0017-09-10 22:10:00,17,9,10,22,10,350,327,D101,48.10425,-1.46508,Nuit sans éclairage public,Hors agglomération,Intersection en X,Pluie légère,Deux véhicules - côté,,,,,,,,,,,3,1,2,2.0,3.0
201700016791,0017-10-02 15:20:00,17,10,2,15,20,350,207,nationale 157 PK 37 + 40,48.10809,-1.5232,Plein jour,Hors agglomération,Hors intersection,Normale,Deux véhicules - côté,,,,,,,,,,,1,1,1,1.0,3.0
201700016792,0017-12-16 00:01:00,17,12,16,0,1,350,204,d34 - l'éclosel,48.04466,-1.56285,Nuit sans éclairage public,Hors agglomération,Intersection en X,Pluie légère,Autre collision,,,,,,,,,,,3,1,2,2.0,6.0
201700016793,0017-12-27 18:30:00,17,12,27,18,30,350,69,carrefour rue de la made,48.04806,-1.50265,Nuit avec éclairage allumé,En agglomération,Intersection en T,Pluie légère,Deux véhicules - côté,,,,,,,,,,,5,2,3,2.0,3.0
201700016794,0017-01-20 11:20:00,17,1,20,11,20,440,45,3 rue des quatre vents,47.29034,-1.87818,Plein jour,En agglomération,Hors intersection,Autre,Deux véhicules - côté,,,,,,,,,,,1,2,1,9.0,3.0
201700016795,0017-02-24 13:00:00,17,2,24,13,0,440,194,Rue de Nantes,47.26114,-1.66516,Plein jour,En agglomération,Giratoire,Normale,Deux véhicules - côté,,,,,,,,,,,1,2,6,1.0,3.0
201700016796,0017-03-20 18:15:00,17,3,20,18,15,440,158,"La lande Cognue, RD 17",47.26135,-1.76123,Plein jour,Hors agglomération,Hors intersection,Normale,Deux véhicules - arrière,,,,,,,,,,,1,1,1,1.0,2.0
201700016797,0017-04-15 22:05:00,17,4,15,22,5,440,45,la gaudinière,47.28087,-1.83762,Nuit sans éclairage public,Hors agglomération,Hors intersection,Pluie légère,Sans collision,,,,,,,,,,,3,1,1,2.0,7.0
201700016798,0017-05-09 18:40:00,17,5,9,18,40,440,217,LES CINQ CHEMINS,47.31571,-1.68929,Plein jour,Hors agglomération,Intersection en X,Temps éblouissant,Deux véhicules - côté,,,,,,,,,,,1,1,2,7.0,3.0
201700016799,0017-08-06 15:55:00,17,8,6,15,55,440,194,la petite noé,47.27353,-1.66711,Plein jour,Hors agglomération,Hors intersection,Autre,Sans collision,,,,,,,,,,,1,1,1,9.0,7.0
201700016800,0017-08-17 19:05:00,17,8,17,19,5,440,217,La Pineliere,47.32841,-1.72884,Crépuscule ou aube,Hors agglomération,Hors intersection,Pluie légère,Deux véhicules - côté,,,,,,,,,,,2,1,1,2.0,3.0
201700016801,0017-08-30 10:50:00,17,8,30,10,50,440,194,chemin vicinal du breil,47.28654,-1.69744,Plein jour,Hors agglomération,Hors intersection,Temps couvert,Autre collision,,,,,,,,,,,1,1,1,8.0,6.0
201700016802,0017-09-21 10:05:00,17,9,21,10,5,440,45,les landes de chatillon,47.30149,-1.78572,Plein jour,Hors agglomération,Hors intersection,Normale,Sans collision,,,,,,,,,,,1,1,1,1.0,7.0
201700016803,0017-11-16 02:00:00,17,11,16,2,0,440,158,"La Jubinais, RD 17",47.25607,-1.75501,Nuit sans éclairage public,Hors agglomération,Hors intersection,Normale,Autre collision,,,,,,,,,,,3,1,1,1.0,6.0
201700016804,0017-01-05 08:20:00,17,1,5,8,20,440,3,BOULEVARD BAD BRUCKENAU,47.37328,-1.17904,Crépuscule ou aube,En agglomération,Hors intersection,Normale,Autre collision,,,,,,,,,,,2,2,1,1.0,6.0
201700016805,0017-01-24 04:20:00,17,1,24,4,20,440,4,CHATEAU DE VAIR - RD723,47.38658,-1.09602,Nuit sans éclairage public,Hors agglomération,Hors intersection,Normale,Autre collision,,,,,,,,,,,3,1,1,1.0,6.0
201700016806,0017-05-08 00:20:00,17,5,8,0,20,440,34,La Vianderie,47.45188,-1.01389,Nuit sans éclairage public,Hors agglomération,Hors intersection,Normale,Deux véhicules - côté,,,,,,,,,,,3,1,1,1.0,3.0
201700016807,0017-08-06 17:50:00,17,8,6,17,50,440,11,le tremble,47.50071,-1.02882,Plein jour,Hors agglomération,Hors intersection,Normale,Autre collision,,,,,,,,,,,1,1,1,1.0,6.0
201700016808,0017-10-30 20:05:00,17,10,30,20,5,440,160,LA POMMERAYE,47.36593,-1.22522,Nuit sans éclairage public,Hors agglomération,Hors intersection,Normale,Trois véhicules et plus - collisions multiples,,,,,,,,,,,3,1,1,1.0,5.0
201700016809,0017-10-17 17:45:00,17,10,17,17,45,440,3,CARREFOUR DE LA DAVRAYS,47.36466,-1.18893,Plein jour,En agglomération,Giratoire,Normale,Deux véhicules - arrière,,,,,,,,,,,1,2,6,1.0,2.0
201700016810,0017-11-25 16:40:00,17,11,25,16,40,440,96,lieu-dit le tacon,47.41704,-1.24815,Plein jour,Hors agglomération,Hors intersection,Temps éblouissant,Autre collision,,,,,,,,,,,1,1,1,7.0,6.0
201700016811,0017-02-03 00:05:00,17,2,3,0,5,440,28,la joie,47.33972,-1.35021,Nuit sans éclairage public,Hors agglomération,Hors intersection,Normale,Deux véhicules - frontale,,,,,,,,,,,3,1,1,1.0,1.0
201700016812,0017-07-05 18:40:00,17,7,5,18,40,440,77,Le Passage de la Musse,47.52238,-1.39602,Plein jour,Hors agglomération,Intersection en T,Temps éblouissant,Deux véhicules - côté,,,,,,,,,,,1,1,3,7.0,3.0
201700016813,0017-10-10 17:25:00,17,10,10,17,25,440,115,Le Tertre,47.35176,-1.29967,Plein jour,Hors agglomération,Intersection en T,Normale,Deux véhicules - frontale,,,,,,,,,,,1,1,3,1.0,1.0
201700016814,0017-10-26 19:45:00,17,10,26,19,45,440,107,La croix Jourdon,47.43304,-1.35695,Nuit sans éclairage public,Hors agglomération,Intersection en X,Brouillard / fumée,Deux véhicules - côté,,,,,,,,,,,3,1,2,5.0,3.0
201700016815,0017-11-20 05:10:00,17,11,20,5,10,440,202,D14,47.46943,-1.27152,Nuit sans éclairage public,Hors agglomération,Hors intersection,Brouillard / fumée,Deux véhicules - arrière,,,,,,,,,,,3,1,1,5.0,2.0
201700016816,0017-03-02 17:15:00,17,3,2,17,15,440,153,Lieu-dit Saint Georges,47.7088,-1.42202,Plein jour,Hors agglomération,Hors intersection,Normale,Autre collision,,,,,,,,,,,1,1,1,1.0,6.0
201700016817,0017-03-10 20:30:00,17,3,10,20,30,440,95,L'épinay,47.57645,-1.39249,Nuit sans éclairage public,Hors agglomération,Hors intersection,Normale,Autre collision,,,,,,,,,,,3,1,1,1.0,6.0
201700016818,0017-03-30 11:15:00,17,3,30,11,15,440,99,d.178 L'étang Neuf,47.65681,-1.37869,Plein jour,Hors agglomération,Hors intersection,Normale,Trois véhicules et plus - collisions multiples,,,,,,,,,,,1,1,1,1.0,5.0
201700016819,0017-04-14 13:55:00,17,4,14,13,55,440,36,route de juigne,47.71536,-1.36307,Plein jour,En agglomération,Giratoire,Normale,Sans collision,,,,,,,,,,,1,2,6,1.0,7.0
201700016820,0017-06-02 21:30:00,17,6,2,21,30,440,153,la petite souchais,47.70433,-1.48788,Plein jour,Hors agglomération,Hors intersection,Normale,Autre collision,,,,,,,,,,,1,1,1,1.0,6.0
201700016821,0017-07-02 01:30:00,17,7,2,1,30,440,218,la croix du roti,47.77508,-1.26724,Nuit sans éclairage public,Hors agglomération,Hors intersection,Normale,Autre collision,,,,,,,,,,,3,1,1,1.0,6.0
201700016822,0017-07-11 07:30:00,17,7,11,7,30,440,170,Le Haut Mortiers,47.66209,-1.24911,Crépuscule ou aube,Hors agglomération,Hors intersection,Normale,Autre collision,,,,,,,,,,,2,1,1,1.0,6.0
201700016823,0017-08-13 02:45:00,17,8,13,2,45,440,99,la haulais,47.6179,-1.42114,Nuit sans éclairage public,Hors agglomération,Hors intersection,Normale,Autre collision,,,,,,,,,,,3,1,1,1.0,6.0
201700016824,0017-08-23 19:10:00,17,8,23,19,10,440,36,Avenue Général PATTON,47.70375,-1.39556,Plein jour,En agglomération,Hors intersection,Normale,Autre collision,,,,,,,,,,,1,2,1,1.0,6.0
201700016825,0017-10-25 14:15:00,17,10,25,14,15,440,95,RD 178,47.56065,-1.39013,Plein jour,Hors agglomération,Hors intersection,Normale,Deux véhicules - frontale,,,,,,,,,,,1,1,1,1.0,1.0
201700016826,0017-11-05 18:45:00,17,11,5,18,45,440,200,Lieu-dit BRUTZ,47.8294,-1.4808,Nuit sans éclairage public,Hors agglomération,Hors intersection,Pluie forte,Autre collision,,,,,,,,,,,3,1,1,3.0,6.0
201700016827,0017-11-17 07:45:00,17,11,17,7,45,440,170,RD163,47.63889,-1.22497,Crépuscule ou aube,Hors agglomération,Hors intersection,Brouillard / fumée,Trois véhicules et plus - collisions multiples,,,,,,,,,,,2,1,1,5.0,5.0
201700016828,0017-01-05 19:55:00,17,1,5,19,55,440,62,rue de la croix rouge,47.51927,-1.74283,Nuit sans éclairage public,Hors agglomération,Hors intersection,Normale,Autre collision,,,,,,,,,,,3,1,1,1.0,6.0
201700016829,0017-01-08 07:20:00,17,1,8,7,20,440,123,RD 130 Triguel,47.6982,-1.78673,Nuit sans éclairage public,Hors agglomération,Hors intersection,Normale,Autre collision,,,,,,,,,,,3,1,1,1.0,6.0
201700016830,0017-02-26 05:30:00,17,2,26,5,30,440,23,Lieu-dit Le Verger,47.40142,-1.83945,Nuit sans éclairage public,Hors agglomération,Hors intersection,Normale,Autre collision,,,,,,,,,,,3,1,1,1.0,6.0
201700016831,0017-02-28 20:40:00,17,2,28,20,40,440,56,Lt La Ferrais du tillon,47.39051,-1.79276,Nuit sans éclairage public,Hors agglomération,Hors intersection,Pluie légère,Sans collision,,,,,,,,,,,3,1,1,2.0,7.0
201700016832,0017-04-03 21:00:00,17,4,3,21,0,440,67,La Butte des Minières,47.60265,-1.84512,Nuit sans éclairage public,Hors agglomération,Hors intersection,Normale,Deux véhicules - frontale,,,,,,,,,,,3,1,1,1.0,1.0
201700016833,0017-04-07 09:55:00,17,4,7,9,55,440,15,4 rue de Nantes,47.47582,-1.76075,Plein jour,En agglomération,Hors intersection,Normale,Autre collision,,,,,,,,,,,1,2,1,1.0,6.0
201700016834,0017-04-23 20:30:00,17,4,23,20,30,440,67,BEL AIR,47.66054,-1.86114,Plein jour,Hors agglomération,Hors intersection,Normale,Autre collision,,,,,,,,,,,1,1,1,1.0,6.0
201700016835,0017-05-04 18:30:00,17,5,4,18,30,440,62,L EMION,47.50208,-1.75214,Plein jour,Hors agglomération,Hors intersection,Normale,Deux véhicules - côté,,,,,,,,,,,1,1,1,1.0,3.0
201700016836,0017-05-06 17:57:00,17,5,6,17,57,440,67,D125 PK 23,47.6233,-1.82223,Plein jour,Hors agglomération,Hors intersection,Normale,Autre collision,,,,,,,,,,,1,1,1,1.0,6.0
201700016837,0017-05-13 17:15:00,17,5,13,17,15,440,15,L'Arche du Fouan,47.40973,-1.7354,Plein jour,Hors agglomération,Intersection en X,Normale,Autre collision,,,,,,,,,,,1,1,2,1.0,6.0
201700016838,0017-05-26 06:50:00,17,5,26,6,50,440,67,22 L'épinais,47.62516,-1.88794,Plein jour,Hors agglomération,Autre intersection,Normale,Autre collision,,,,,,,,,,,1,1,9,1.0,6.0
201700016839,0017-06-10 22:40:00,17,6,10,22,40,440,123,Lieu dit La Bertinerie,47.67427,-1.76978,Nuit sans éclairage public,Hors agglomération,Hors intersection,Normale,Deux véhicules - frontale,,,,,,,,,,,3,1,1,1.0,1.0
201700016840,0017-06-14 15:40:00,17,6,14,15,40,440,23,BELLEVUE,47.41569,-1.83725,Plein jour,Hors agglomération,Intersection en T,Normale,Deux véhicules - côté,,,,,,,,,,,1,1,3,1.0,3.0
201700016841,0017-06-16 18:55:00,17,6,16,18,55,440,23,Saint Eloi,47.41715,-1.89392,Plein jour,En agglomération,Intersection en X,Normale,Deux véhicules - côté,,,,,,,,,,,1,2,2,1.0,3.0
201700016842,0017-06-17 01:30:00,17,6,17,1,30,440,128,Le Saint des Bois,47.58062,-1.9249,Nuit sans éclairage public,Hors agglomération,Hors intersection,Normale,Autre collision,,,,,,,,,,,3,1,1,1.0,6.0
201700016843,0017-06-19 18:30:00,17,6,19,18,30,440,56,La rétentais,47.43715,-1.78227,Plein jour,Hors agglomération,Hors intersection,Temps éblouissant,Deux véhicules - frontale,,,,,,,,,,,1,1,1,7.0,1.0
201700016844,0017-06-19 19:00:00,17,6,19,19,0,440,56,La Porte du Gué Guéraud,47.40931,-1.76002,Plein jour,Hors agglomération,Hors intersection,Temps éblouissant,Sans collision,,,,,,,,,,,1,1,1,7.0,7.0
201700016845,0017-07-19 18:15:00,17,7,19,18,15,440,56,La Ridelais,47.41646,-1.82693,Plein jour,Hors agglomération,Hors intersection,Normale,Trois véhicules et plus - en chaîne,,,,,,,,,,,1,1,1,1.0,4.0
201700016846,0017-07-21 22:20:00,17,7,21,22,20,440,67,place Simon,47.62834,-1.83311,Nuit avec éclairage allumé,En agglomération,Giratoire,Pluie légère,Deux véhicules - côté,,,,,,,,,,,5,2,6,2.0,3.0
201700016847,0017-09-17 19:30:00,17,9,17,19,30,440,23,La haute CAVELAIS,47.43541,-1.85453,Crépuscule ou aube,En agglomération,Hors intersection,Pluie légère,Sans collision,,,,,,,,,,,2,2,1,2.0,7.0
201700016848,0017-10-16 09:05:00,17,10,16,9,5,440,67,la croix - besle sur vil,47.66354,-1.86255,Plein jour,Hors agglomération,Hors intersection,Pluie légère,Autre collision,,,,,,,,,,,1,1,1,2.0,6.0
201700016849,0017-10-27 19:00:00,17,10,27,19,0,440,7,carrefour des quatre rou,47.64028,-2.01216,Nuit sans éclairage public,Hors agglomération,Intersection en X,Normale,Trois véhicules et plus - collisions multiples,,,,,,,,,,,3,1,2,1.0,5.0