accident_id,datetime,annee,mois,jour,heure,minute,departement,commune_insee,adresse,latitude,longitude,luminosite,agglomeration,intersection,meteo,collision,nb_vehicules,nb_usagers,nb_indemnes,nb_tues,nb_blesses_hosp,nb_blesses_legers,age_cond_1,age_cond_2,veh_type_cond_1,veh_type_cond_2,lum_code,agg_code,int_code,atm_code,col_code
201700017829,0017-10-10 11:35:00,17,10,10,11,35,460,29,66 avenue de la républiq,44.92379,1.84353,Plein jour,En agglomération,Hors intersection,Normale,Autre collision,,,,,,,,,,,1,2,1,1.0,6.0
201700017830,0017-01-21 15:15:00,17,1,21,15,15,460,219,LAS COMBES,44.64395,1.37876,Plein jour,Hors agglomération,Hors intersection,Normale,Autre collision,,,,,,,,,,,1,1,1,1.0,6.0
201700017831,0017-05-14 14:51:00,17,5,14,14,51,460,334,VC Le Moulin de Thieres,44.74394,1.45114,Plein jour,Hors agglomération,Hors intersection,Normale,Deux véhicules - frontale,,,,,,,,,,,1,1,1,1.0,1.0
201700017832,0017-05-19 17:00:00,17,5,19,17,0,460,334,D 801,44.74233,1.43439,Plein jour,Hors agglomération,Hors intersection,Pluie légère,Deux véhicules - côté,,,,,,,,,,,1,1,1,2.0,3.0
201700017833,0017-06-05 06:25:00,17,6,5,6,25,460,216,D47,44.7514,1.33967,Crépuscule ou aube,Hors agglomération,Hors intersection,Normale,Sans collision,,,,,,,,,,,2,1,1,1.0,7.0
201700017834,0017-07-08 05:30:00,17,7,8,5,30,460,334,"D801, le moulin de ritou",44.74356,1.46539,Nuit sans éclairage public,Hors agglomération,Hors intersection,Pluie légère,Autre collision,,,,,,,,,,,3,1,1,2.0,6.0
201700017835,0017-08-17 22:30:00,17,8,17,22,30,460,127,LD LES COUSTOUS - D39,44.71427,1.32508,Nuit sans éclairage public,Hors agglomération,Hors intersection,Normale,Sans collision,,,,,,,,,,,3,1,1,1.0,7.0
201700017836,0017-08-27 10:30:00,17,8,27,10,30,460,297,D673,44.66565,1.23257,Plein jour,Hors agglomération,Hors intersection,Normale,Deux véhicules - arrière,,,,,,,,,,,1,1,1,1.0,2.0
201700017837,0017-09-11 10:00:00,17,9,11,10,0,460,169,lieu-dit LABARDE,44.7084,1.32933,Plein jour,Hors agglomération,Hors intersection,Pluie légère,Autre collision,,,,,,,,,,,1,1,1,2.0,6.0
201700017838,0017-11-02 18:20:00,17,11,2,18,20,460,127,route de FUMEL D 673,44.71992,1.36708,Nuit avec éclairage allumé,En agglomération,Hors intersection,Normale,Autre collision,,,,,,,,,,,5,2,1,1.0,6.0
201700017839,0017-05-29 07:10:00,17,5,29,7,10,460,59,RD 807,44.7125,1.63983,Plein jour,Hors agglomération,Hors intersection,Normale,Deux véhicules - frontale,,,,,,,,,,,1,1,1,1.0,1.0
201700017840,0017-09-04 18:02:00,17,9,4,18,2,460,204,Départementale 802 PK0+2,44.69799,1.58724,Plein jour,Hors agglomération,Hors intersection,Normale,Deux véhicules - frontale,,,,,,,,,,,1,1,1,1.0,1.0
201700017841,0017-10-03 12:15:00,17,10,3,12,15,460,128,D14,44.76745,1.72265,Plein jour,Hors agglomération,Hors intersection,Pluie légère,Autre collision,,,,,,,,,,,1,1,1,2.0,6.0
201700017842,0017-01-22 06:30:00,17,1,22,6,30,460,83,cd 820,45.02702,1.51621,Crépuscule ou aube,Hors agglomération,Hors intersection,Normale,Autre collision,,,,,,,,,,,2,1,1,1.0,6.0
201700017843,0017-02-15 17:45:00,17,2,15,17,45,460,86,lieu dit Malastrège,44.96349,1.56421,Plein jour,Hors agglomération,Hors intersection,Normale,Autre collision,,,,,,,,,,,1,1,1,1.0,6.0
201700017844,0017-04-05 14:50:00,17,4,5,14,50,460,232,La Sudrie,45.00373,1.63128,Plein jour,Hors agglomération,Intersection en T,Normale,Deux véhicules - côté,,,,,,,,,,,1,1,3,1.0,3.0
201700017845,0017-04-25 16:40:00,17,4,25,16,40,460,153,La montade,44.84563,1.45867,Plein jour,Hors agglomération,Hors intersection,Pluie forte,Deux véhicules - côté,,,,,,,,,,,1,1,1,3.0,3.0
201700017846,0017-06-18 10:48:00,17,6,18,10,48,460,84,départementale 114,44.88962,1.59263,Plein jour,Hors agglomération,Intersection en T,Normale,Deux véhicules - côté,,,,,,,,,,,1,1,3,1.0,3.0
201700017847,0017-07-07 15:00:00,17,7,7,15,0,460,185,La croix Mathieu,44.94136,1.60067,Plein jour,Hors agglomération,Intersection en X,Normale,Deux véhicules - côté,,,,,,,,,,,1,1,2,1.0,3.0
201700017848,0017-09-16 16:00:00,17,9,16,16,0,460,106,Pont MIRET,44.92679,1.67059,Plein jour,Hors agglomération,Hors intersection,Pluie forte,Autre collision,,,,,,,,,,,1,1,1,3.0,6.0
201700017849,0017-10-07 18:30:00,17,10,7,18,30,460,65,intersection route dépar,45.00012,1.65145,Crépuscule ou aube,Hors agglomération,Intersection en Y,Normale,Deux véhicules - frontale,,,,,,,,,,,2,1,4,1.0,1.0
201700017850,0017-11-15 07:25:00,17,11,15,7,25,460,185,D803 rue cap de ville,44.93823,1.61653,Nuit avec éclairage allumé,En agglomération,Intersection en T,Brouillard / fumée,Deux véhicules - côté,,,,,,,,,,,5,2,3,5.0,3.0
201700017851,0017-12-17 16:15:00,17,12,17,16,15,460,208,CD 840 - PK 67+600,44.8873,1.61984,Plein jour,Hors agglomération,Hors intersection,Normale,Deux véhicules - frontale,,,,,,,,,,,1,1,1,1.0,1.0
201700017852,0017-02-17 21:20:00,17,2,17,21,20,420,23,Rue de la république,45.29672,4.55921,Nuit avec éclairage allumé,En agglomération,Intersection en T,Normale,Deux véhicules - côté,,,,,,,,,,,5,2,3,1.0,3.0
201700017853,0017-02-28 11:20:00,17,2,28,11,20,420,23,"RD 503 - Lieu dit ""Les C",45.30872,4.58118,Plein jour,Hors agglomération,Hors intersection,Normale,Deux véhicules - frontale,,,,,,,,,,,1,1,1,1.0,1.0
201700017854,0017-03-18 15:40:00,17,3,18,15,40,420,115,Route départementale 12,45.32925,4.34842,Plein jour,Hors agglomération,Hors intersection,Normale,Deux véhicules - frontale,,,,,,,,,,,1,1,1,1.0,1.0
201700017855,0017-04-01 07:30:00,17,4,1,7,30,420,172,BICETRE,45.3764,4.44208,Crépuscule ou aube,En agglomération,Hors intersection,Pluie forte,Sans collision,,,,,,,,,,,2,2,1,3.0,7.0
201700017856,0017-05-06 20:30:00,17,5,6,20,30,420,329,PK 88 + 500 RD 1082,45.57646,4.32223,Crépuscule ou aube,Hors agglomération,Hors intersection,Normale,Autre collision,,,,,,,,,,,2,1,1,1.0,6.0
201700017857,0017-05-28 17:20:00,17,5,28,17,20,420,329,D1082,45.31689,4.51215,Plein jour,Hors agglomération,Hors intersection,Normale,Deux véhicules - frontale,,,,,,,,,,,1,1,1,1.0,1.0
201700017858,0017-06-10 23:50:00,17,6,10,23,50,420,67,LES HERBAUDES,45.36089,4.57467,Nuit sans éclairage public,Hors agglomération,Hors intersection,Normale,Sans collision,,,,,,,,,,,3,1,1,1.0,7.0
201700017859,0017-09-03 17:30:00,17,9,3,17,30,420,280,LIEU DIT PRELAGER,45.31476,4.46353,Plein jour,Hors agglomération,Hors intersection,Normale,Autre collision,,,,,,,,,,,1,1,1,1.0,6.0
201700017860,0017-09-29 16:35:00,17,9,29,16,35,420,23,boulevard jean louis ric,45.29966,4.57837,Plein jour,En agglomération,Hors intersection,Normale,Deux véhicules - côté,,,,,,,,,,,1,2,1,1.0,3.0
201700017861,0017-09-30 19:38:00,17,9,30,19,38,420,23,lieu dit Chaberts,45.29947,4.56836,Nuit sans éclairage public,Hors agglomération,Hors intersection,Normale,Sans collision,,,,,,,,,,,3,1,1,1.0,7.0
201700017862,0017-10-27 10:00:00,17,10,27,10,0,420,329,D1082,45.31458,4.53786,Plein jour,Hors agglomération,Hors intersection,Normale,Autre collision,,,,,,,,,,,1,1,1,1.0,6.0
201700017863,0017-12-09 02:30:00,17,12,9,2,30,420,23,D 1082,45.28978,4.59828,Nuit sans éclairage public,En agglomération,Hors intersection,Neige / grêle,Deux véhicules - frontale,,,,,,,,,,,3,2,1,4.0,1.0
201700017864,0017-02-10 16:35:00,17,2,10,16,35,420,97,"lieu dit ""Les Avets""",45.48749,4.32248,Plein jour,Hors agglomération,Hors intersection,Temps couvert,Deux véhicules - frontale,,,,,,,,,,,1,1,1,8.0,1.0
201700017865,0017-02-10 10:10:00,17,2,10,10,10,420,302,12 rue Du Briançon,45.48562,4.45186,Plein jour,En agglomération,Hors intersection,Normale,Sans collision,,,,,,,,,,,1,2,1,1.0,7.0
201700017866,0017-02-14 08:20:00,17,2,14,8,20,420,302,Avenue Anthony Barrallon,45.48856,4.44996,Plein jour,En agglomération,Giratoire,Temps couvert,Autre collision,,,,,,,,,,,1,2,6,8.0,6.0
201700017867,0017-02-26 11:35:00,17,2,26,11,35,420,92,Carrefour de Ratarieux,45.48187,4.34975,Plein jour,Hors agglomération,Autre intersection,Normale,Deux véhicules - arrière,,,,,,,,,,,1,1,9,1.0,2.0
201700017868,0017-03-04 12:40:00,17,3,4,12,40,420,302,rue de la vaure,45.48257,4.44091,Plein jour,En agglomération,Hors intersection,Pluie légère,Deux véhicules - côté,,,,,,,,,,,1,2,1,2.0,3.0
201700017869,0017-03-25 07:50:00,17,3,25,7,50,420,302,Rue de la Vaure,45.4803,4.45192,Plein jour,En agglomération,Hors intersection,Brouillard / fumée,Deux véhicules - frontale,,,,,,,,,,,1,2,1,5.0,1.0
201700017870,0017-04-08 09:30:00,17,4,8,9,30,420,234,Intersection RD 54 et li,45.53848,4.35857,Plein jour,Hors agglomération,Intersection en X,Temps éblouissant,Deux véhicules - côté,,,,,,,,,,,1,1,2,7.0,3.0
201700017871,0017-04-13 08:30:00,17,4,13,8,30,420,208,Intersection D23 et Chem,45.51948,4.44782,Plein jour,Hors agglomération,Intersection en Y,Normale,Deux véhicules - côté,,,,,,,,,,,1,1,4,1.0,3.0
201700017872,0017-05-02 18:35:00,17,5,2,18,35,420,208,rue de la mairie,45.54448,4.48582,Plein jour,En agglomération,Intersection en Y,Normale,Autre collision,,,,,,,,,,,1,2,4,1.0,6.0
201700017873,0017-07-01 11:00:00,17,7,1,11,0,420,96,Rue du Fontanésium,45.5479,4.43902,Plein jour,En agglomération,Hors intersection,Temps couvert,Autre collision,,,,,,,,,,,1,2,1,8.0,6.0
201700017874,0017-07-03 19:45:00,17,7,3,19,45,420,208,D23 la Cordonnière,45.53536,4.47692,Plein jour,Hors agglomération,Hors intersection,Normale,Deux véhicules - frontale,,,,,,,,,,,1,1,1,1.0,1.0
201700017875,0017-07-05 18:50:00,17,7,5,18,50,420,97,rd 1082,45.49351,4.32199,Plein jour,Hors agglomération,Hors intersection,Normale,Deux véhicules - frontale,,,,,,,,,,,1,1,1,1.0,1.0
201700017876,0017-07-07 13:50:00,17,7,7,13,50,420,97,La Gouyonniére,45.51931,4.28823,Plein jour,Hors agglomération,Hors intersection,Normale,Trois véhicules et plus - en chaîne,,,,,,,,,,,1,1,1,1.0,4.0
201700017877,0017-07-07 18:20:00,17,7,7,18,20,420,302,avenue anthony barralon,45.48395,4.4485,Plein jour,En agglomération,Intersection en X,Normale,Trois véhicules et plus - collisions multiples,,,,,,,,,,,1,2,2,1.0,5.0
201700017878,0017-07-19 13:05:00,17,7,19,13,5,420,208,lieu-dit Le Petit Fayol,45.55808,4.46658,Plein jour,Hors agglomération,Hors intersection,Normale,Autre collision,,,,,,,,,,,1,1,1,1.0,6.0
201700017879,0017-09-13 19:05:00,17,9,13,19,5,420,97,La Rejaillere,45.50614,4.30214,Plein jour,Hors agglomération,Hors intersection,Normale,Sans collision,,,,,,,,,,,1,1,1,1.0,7.0
201700017880,0017-09-17 20:15:00,17,9,17,20,15,420,208,RUE DE BEL,45.54546,4.48705,Nuit avec éclairage allumé,En agglomération,Hors intersection,Normale,Deux véhicules - côté,,,,,,,,,,,5,2,1,1.0,3.0
201700017881,0017-10-04 22:00:00,17,10,4,22,0,420,234,chez le Roux  11,45.5383,4.38946,Nuit sans éclairage public,Hors agglomération,Hors intersection,Normale,Sans collision,,,,,,,,,,,3,1,1,1.0,7.0
201700017882,0017-01-06 18:47:00,17,1,6,18,47,420,291,Lieu dit perrier,45.80761,3.89945,Nuit sans éclairage public,Hors agglomération,Hors intersection,Autre,Autre collision,,,,,,,,,,,3,1,1,9.0,6.0
201700017883,0017-01-28 16:30:00,17,1,28,16,30,420,219,lieu dit JULLIEU,45.73383,4.1022,Plein jour,En agglomération,Hors intersection,Normale,Sans collision,,,,,,,,,,,1,2,1,1.0,7.0
201700017884,0017-02-18 14:15:00,17,2,18,14,15,420,219,le pont de font,45.72309,4.09335,Plein jour,Hors agglomération,Hors intersection,Normale,Deux véhicules - arrière,,,,,,,,,,,1,1,1,1.0,2.0
201700017885,0017-03-18 01:45:00,17,3,18,1,45,420,2,Lieu-dit Chez Julien,45.78345,3.92519,Nuit sans éclairage public,Hors agglomération,Hors intersection,Normale,Autre collision,,,,,,,,,,,3,1,1,1.0,6.0
201700017886,0017-04-10 17:45:00,17,4,10,17,45,420,150,"lieu dit ""la caillade""",45.71735,4.06914,Plein jour,En agglomération,Hors intersection,Normale,Autre collision,,,,,,,,,,,1,2,1,1.0,6.0
201700017887,0017-04-10 20:00:00,17,4,10,20,0,420,221,LA BOIRIE,45.79964,4.08416,Plein jour,Hors agglomération,Hors intersection,Normale,Autre collision,,,,,,,,,,,1,1,1,1.0,6.0
201700017888,0017-04-16 18:05:00,17,4,16,18,5,420,30,lieu-dit Albieux,45.79392,3.99203,Plein jour,Hors agglomération,Hors intersection,Normale,Sans collision,,,,,,,,,,,1,1,1,1.0,7.0
201700017889,0017-04-18 17:15:00,17,4,18,17,15,420,159,lieu-dit Chanet,45.80837,3.73438,Plein jour,Hors agglomération,Intersection en X,Normale,Deux véhicules - côté,,,,,,,,,,,1,1,2,1.0,3.0
201700017890,0017-04-19 16:30:00,17,4,19,16,30,420,245,La Vialle,45.83523,3.81141,Plein jour,Hors agglomération,Hors intersection,Normale,Sans collision,,,,,,,,,,,1,1,1,1.0,7.0
201700017891,0017-04-21 18:15:00,17,4,21,18,15,420,278,le bourg,45.80404,3.81204,Plein jour,En agglomération,Hors intersection,Normale,Autre collision,,,,,,,,,,,1,2,1,1.0,6.0
201700017892,0017-05-11 22:15:00,17,5,11,22,15,420,159,route de Lyon,45.81068,3.77405,Nuit avec éclairage allumé,Hors agglomération,Hors intersection,Brouillard / fumée,Autre collision,,,,,,,,,,,5,1,1,5.0,6.0
201700017893,0017-05-20 19:35:00,17,5,20,19,35,420,159,le bourg,45.81035,3.77533,Plein jour,En agglomération,Hors intersection,Normale,Autre collision,,,,,,,,,,,1,2,1,1.0,6.0
201700017894,0017-05-25 15:30:00,17,5,25,15,30,420,195,La Beaume,45.71934,3.96926,Plein jour,Hors agglomération,Hors intersection,Normale,Autre collision,,,,,,,,,,,1,1,1,1.0,6.0
201700017895,0017-05-27 11:57:00,17,5,27,11,57,420,19,7 rue de Lyon,45.74047,4.00782,Plein jour,En agglomération,Intersection en T,Normale,Autre collision,,,,,,,,,,,1,2,3,1.0,6.0
201700017896,0017-05-28 17:30:00,17,5,28,17,30,420,295,D53,45.84305,3.79423,Plein jour,Hors agglomération,Intersection en T,Normale,Deux véhicules - arrière,,,,,,,,,,,1,1,3,1.0,2.0
201700017897,0017-06-04 15:30:00,17,6,4,15,30,420,39,"lieu dit ""les bois""",45.68355,3.82539,Plein jour,Hors agglomération,Hors intersection,Normale,Sans collision,,,,,,,,,,,1,1,1,1.0,7.0
201700017898,0017-06-04 14:40:00,17,6,4,14,40,420,295,Lieu-dit la combelle,45.84935,3.79859,Plein jour,En agglomération,Hors intersection,Normale,Sans collision,,,,,,,,,,,1,2,1,1.0,7.0
201700017899,0017-06-17 17:20:00,17,6,17,17,20,420,136,Jomard,45.71412,4.01396,Plein jour,Hors agglomération,Hors intersection,Normale,Deux véhicules - côté,,,,,,,,,,,1,1,1,1.0,3.0
201700017900,0017-06-18 18:10:00,17,6,18,18,10,420,205,Rue du Moulin,45.64098,3.92695,Plein jour,Hors agglomération,Hors intersection,Normale,Sans collision,,,,,,,,,,,1,1,1,1.0,7.0
201700017901,0017-07-05 18:00:00,17,7,5,18,0,420,195,chemin du miolin,45.73903,3.96029,Plein jour,Hors agglomération,Hors intersection,Normale,Sans collision,,,,,,,,,,,1,1,1,1.0,7.0
201700017902,0017-07-30 13:25:00,17,7,30,13,25,420,159,RD101,45.784,3.73796,Plein jour,Hors agglomération,Hors intersection,Normale,Autre collision,,,,,,,,,,,1,1,1,1.0,6.0
201700017903,0017-08-02 17:30:00,17,8,2,17,30,420,19,D8 - Boulevard Pasteur,45.75002,4.0086,Plein jour,En agglomération,Intersection en T,Normale,Deux véhicules - frontale,,,,,,,,,,,1,2,3,1.0,1.0
201700017904,0017-09-03 15:56:00,17,9,3,15,56,420,136,RD8,45.71172,4.03249,Plein jour,Hors agglomération,Intersection en X,Normale,Deux véhicules - frontale,,,,,,,,,,,1,1,2,1.0,1.0
201700017905,0017-09-03 14:13:00,17,9,3,14,13,420,109,Le bourg rue du centre,45.77287,3.9355,Plein jour,En agglomération,Hors intersection,Normale,Sans collision,,,,,,,,,,,1,2,1,1.0,7.0
201700017906,0017-09-15 09:00:00,17,9,15,9,0,420,195,Route de Saint-Just,45.73366,3.96864,Plein jour,En agglomération,Hors intersection,Normale,Sans collision,,,,,,,,,,,1,2,1,1.0,7.0
201700017907,0017-09-26 18:30:00,17,9,26,18,30,420,119,LARDY,45.75362,3.97161,Plein jour,En agglomération,Hors intersection,Pluie légère,Sans collision,,,,,,,,,,,1,2,1,2.0,7.0
201700017908,0017-10-22 03:35:00,17,10,22,3,35,420,30,le bourg,45.7962,4.03407,Nuit avec éclairage allumé,En agglomération,Hors intersection,Normale,Autre collision,,,,,,,,,,,5,2,1,1.0,6.0
201700017909,0017-10-30 17:00:00,17,10,30,17,0,420,134,250 route de Sainte Anne,45.69011,4.02693,Plein jour,En agglomération,Hors intersection,Normale,Autre collision,,,,,,,,,,,1,2,1,1.0,6.0
201700017910,0017-12-31 18:00:00,17,12,31,18,0,420,219,maison blanche,45.73837,4.09358,Nuit sans éclairage public,Hors agglomération,Hors intersection,Normale,Deux véhicules - frontale,,,,,,,,,,,3,1,1,1.0,1.0
201700017911,0017-03-19 12:15:00,17,3,19,12,15,420,296,le pavillon de salt,45.73201,4.28887,Plein jour,Hors agglomération,Hors intersection,Normale,Deux véhicules - côté,,,,,,,,,,,1,1,1,1.0,3.0
201700017912,0017-04-09 16:38:00,17,4,9,16,38,420,94,Chemin de thélois,45.74434,4.23777,Plein jour,En agglomération,Hors intersection,Normale,Sans collision,,,,,,,,,,,1,2,1,1.0,7.0
201700017913,0017-05-22 08:15:00,17,5,22,8,15,420,66,LD LE MARAIS,45.7378,4.17856,Plein jour,Hors agglomération,Intersection en T,Normale,Deux véhicules - frontale,,,,,,,,,,,1,1,3,1.0,1.0
201700017914,0017-07-09 13:30:00,17,7,9,13,30,420,175,LD LA BURY,45.7847,4.21876,Plein jour,Hors agglomération,Hors intersection,Normale,Sans collision,,,,,,,,,,,1,1,1,1.0,7.0
201700017915,0017-07-12 16:00:00,17,7,12,16,0,420,94,Route de saint etienne R,45.71201,4.22642,Plein jour,Hors agglomération,Hors intersection,Normale,Autre collision,,,,,,,,,,,1,1,1,1.0,6.0
201700017916,0017-03-10 19:15:00,17,3,10,19,15,420,21,DEPARTEMENTALE 102,45.50844,4.11399,Nuit sans éclairage public,Hors agglomération,Hors intersection,Normale,Trois véhicules et plus - collisions multiples,,,,,,,,,,,3,1,1,1.0,5.0
201700017917,0017-04-09 16:00:00,17,4,9,16,0,420,312,Départementale 3,45.41008,4.1028,Plein jour,Hors agglomération,Intersection en T,Normale,Sans collision,,,,,,,,,,,1,1,3,1.0,7.0
201700017918,0017-04-15 18:15:00,17,4,15,18,15,420,318,CD 498,45.3892,3.93979,Plein jour,Hors agglomération,Hors intersection,Normale,Sans collision,,,,,,,,,,,1,1,1,1.0,7.0
201700017919,0017-04-28 15:15:00,17,4,28,15,15,420,262,Lieu dit Gourgois,45.40827,4.20031,Plein jour,Hors agglomération,Intersection en T,Normale,Deux véhicules - frontale,,,,,,,,,,,1,1,3,1.0,1.0
201700017920,0017-05-12 11:25:00,17,5,12,11,25,420,140,RD5,45.4725,4.04893,Plein jour,Hors agglomération,Hors intersection,Normale,Sans collision,,,,,,,,,,,1,1,1,1.0,7.0
201700017921,0017-06-03 19:05:00,17,6,3,19,5,420,228,RD5,45.55769,4.09539,Plein jour,Hors agglomération,Hors intersection,Pluie légère,Deux véhicules - frontale,,,,,,,,,,,1,1,1,2.0,1.0
201700017922,0017-07-22 18:05:00,17,7,22,18,5,420,126,RD 498,45.44494,4.07531,Plein jour,Hors agglomération,Hors intersection,Normale,Autre collision,,,,,,,,,,,1,1,1,1.0,6.0
201700017923,0017-08-03 21:05:00,17,8,3,21,5,420,6,JOSSY,45.37467,4.00391,Crépuscule ou aube,En agglomération,Intersection en X,Normale,Autre collision,,,,,,,,,,,2,2,2,1.0,6.0
201700017924,0017-08-09 17:30:00,17,8,9,17,30,420,262,lieu dit Prunerie,45.41288,4.18117,Plein jour,Hors agglomération,Hors intersection,Normale,Deux véhicules - frontale,,,,,,,,,,,1,1,1,1.0,1.0
201700017925,0017-09-09 16:45:00,17,9,9,16,45,420,91,RD44,45.43032,4.00589,Plein jour,Hors agglomération,Hors intersection,Pluie légère,Autre collision,,,,,,,,,,,1,1,1,2.0,6.0
201700017926,0017-10-05 11:25:00,17,10,5,11,25,420,126,Lieu-dit FILS,45.46625,4.09061,Plein jour,Hors agglomération,Intersection en Y,Normale,Autre collision,,,,,,,,,,,1,1,4,1.0,6.0
201700017927,0017-10-13 08:50:00,17,10,13,8,50,420,228,INTERSECTION D107-1 ; D1,45.5609,4.09748,Crépuscule ou aube,En agglomération,Intersection en T,Temps éblouissant,Deux véhicules - frontale,,,,,,,,,,,2,2,3,7.0,1.0
201700017928,0017-10-13 16:50:00,17,10,13,16,50,420,6,RD 44,45.36945,3.99402,Plein jour,Hors agglomération,Hors intersection,Normale,Sans collision,,,,,,,,,,,1,1,1,1.0,7.0
201700017929,0017-10-22 16:15:00,17,10,22,16,15,420,107,RD496,45.54507,3.95862,Plein jour,Hors agglomération,Hors intersection,Pluie forte,Sans collision,,,,,,,,,,,1,1,1,3.0,7.0
201700017930,0017-12-25 02:15:00,17,12,25,2,15,420,204,Départementale 498,45.43795,4.07022,Nuit sans éclairage public,Hors agglomération,Hors intersection,Autre,Deux véhicules - frontale,,,,,,,,,,,3,1,1,9.0,1.0
201700017931,0017-12-27 17:45:00,17,12,27,17,45,420,318,lieu-dit Salette,45.38877,3.95401,Nuit sans éclairage public,Hors agglomération,Hors intersection,Neige / grêle,Sans collision,,,,,,,,,,,3,1,1,4.0,7.0
201700017932,0017-02-18 14:40:00,17,2,18,14,40,420,149,Rond point de la Petite,45.63573,4.24048,Plein jour,En agglomération,Giratoire,Temps éblouissant,Deux véhicules - côté,,,,,,,,,,,1,2,6,7.0,3.0
201700017933,0017-05-08 14:45:00,17,5,8,14,45,420,43,CD 10,45.56595,4.31695,Plein jour,Hors agglomération,Hors intersection,Normale,Autre collision,,,,,,,,,,,1,1,1,1.0,6.0
201700017934,0017-05-17 17:50:00,17,5,17,17,50,420,323,rue de la Sonde,45.56968,4.29321,Plein jour,En agglomération,Passage à niveau,Normale,Deux véhicules - côté,,,,,,,,,,,1,2,8,1.0,3.0
201700017935,0017-07-14 04:15:00,17,7,14,4,15,420,38,RD 496,45.63407,4.19209,Nuit sans éclairage public,Hors agglomération,Hors intersection,Normale,Sans collision,,,,,,,,,,,3,1,1,1.0,7.0
201700017936,0017-09-12 11:45:00,17,9,12,11,45,420,323,avenue du 08 mai 1945,45.5494,4.28196,Plein jour,En agglomération,Hors intersection,Normale,Deux véhicules - arrière,,,,,,,,,,,1,2,1,1.0,2.0
201700017937,0017-12-12 07:30:00,17,12,12,7,30,420,323,68 avenue d'Andrézieux,45.55361,4.28254,Nuit avec éclairage non allumé,En agglomération,Hors intersection,Temps couvert,Autre collision,,,,,,,,,,,4,2,1,8.0,6.0
201700017938,0017-04-09 01:30:00,17,4,9,1,30,420,118,le bourg,45.95624,4.21848,Nuit avec éclairage allumé,En agglomération,Hors intersection,Normale,Sans collision,,,,,,,,,,,5,2,1,1.0,7.0
201700017939,0017-04-27 20:30:00,17,4,27,20,30,420,178,D27,46.00028,4.17598,Nuit sans éclairage public,Hors agglomération,Hors intersection,Pluie légère,Autre collision,,,,,,,,,,,3,1,1,2.0,6.0
201700017940,0017-06-17 12:00:00,17,6,17,12,0,420,171,D56,45.86763,4.13112,Plein jour,Hors agglomération,Hors intersection,Normale,Sans collision,,,,,,,,,,,1,1,1,1.0,7.0
201700017941,0017-07-02 18:45:00,17,7,2,18,45,420,145,Lieu dit la tombée,45.99985,4.24128,Plein jour,En agglomération,Intersection en Y,Temps couvert,Deux véhicules - côté,,,,,,,,,,,1,2,4,8.0,3.0
201700017942,0017-08-18 14:50:00,17,8,18,14,50,420,11,Carrefour D10 chemin du,45.81386,4.21091,Plein jour,En agglomération,Intersection en X,Normale,Autre collision,,,,,,,,,,,1,2,2,1.0,6.0
201700017943,0017-08-29 11:20:00,17,8,29,11,20,420,289,lieu dit Chatain,45.94197,4.25098,Plein jour,Hors agglomération,Hors intersection,Normale,Deux véhicules - côté,,,,,,,,,,,1,1,1,1.0,3.0
201700017944,0017-09-01 23:30:00,17,9,1,23,30,420,212,Lieu dit La Croix,45.94706,4.09351,Nuit sans éclairage public,Hors agglomération,Hors intersection,Normale,Autre collision,,,,,,,,,,,3,1,1,1.0,6.0
201700017945,0017-09-16 14:40:00,17,9,16,14,40,420,212,RN7/RN82,45.96573,4.13595,Plein jour,En agglomération,Giratoire,Pluie légère,Sans collision,,,,,,,,,,,1,2,6,2.0,7.0
201700017946,0017-10-11 10:05:00,17,10,11,10,5,420,11,Rue du 11 novembre,45.8189,4.18365,Plein jour,En agglomération,Hors intersection,Normale,Autre collision,,,,,,,,,,,1,2,1,1.0,6.0
201700017947,0017-10-12 10:30:00,17,10,12,10,30,420,181,le cret garin,46.01186,4.20391,Plein jour,Hors agglomération,Hors intersection,Normale,Sans collision,,,,,,,,,,,1,1,1,1.0,7.0
201700017948,0017-10-15 13:00:00,17,10,15,13,0,420,334,RUE Jacques Vergnier,45.85162,4.35787,Plein jour,En agglomération,Hors intersection,Normale,Deux véhicules - arrière,,,,,,,,,,,1,2,1,1.0,2.0
201700017949,0017-12-12 16:45:00,17,12,12,16,45,420,77,lieu dit l'habit,45.90438,4.2088,Crépuscule ou aube,Hors agglomération,Hors intersection,Normale,Deux véhicules - frontale,,,,,,,,,,,2,1,1,1.0,1.0
201700017950,0017-01-12 11:15:00,17,1,12,11,15,420,131,Lieu dit Chez Deal,46.18289,4.23898,Plein jour,Hors agglomération,Hors intersection,Pluie légère,Deux véhicules - frontale,,,,,,,,,,,1,1,1,2.0,1.0
201700017951,0017-02-25 15:00:00,17,2,25,15,0,420,86,385 ROUTE DE LA BUCHE,46.15131,4.30582,Plein jour,Hors agglomération,Hors intersection,Normale,Autre collision,,,,,,,,,,,1,1,1,1.0,6.0