accident_id,datetime,annee,mois,jour,heure,minute,departement,commune_insee,adresse,latitude,longitude,luminosite,agglomeration,intersection,meteo,collision,nb_vehicules,nb_usagers,nb_indemnes,nb_tues,nb_blesses_hosp,nb_blesses_legers,age_cond_1,age_cond_2,veh_type_cond_1,veh_type_cond_2,lum_code,agg_code,int_code,atm_code,col_code
201700018197,0017-01-02 13:00:00,17,1,2,13,0,490,277,La pouillaie,47.67835,-0.89815,Plein jour,Hors agglomération,Intersection en T,Brouillard / fumée,Autre collision,,,,,,,,,,,1,1,3,5.0,6.0
201700018198,0017-03-13 17:20:00,17,3,13,17,20,490,144,RD 165 - lieu dit les bl,47.53495,-1.07229,Plein jour,Hors agglomération,Hors intersection,Normale,Autre collision,,,,,,,,,,,1,1,1,1.0,6.0
201700018199,0017-05-01 02:00:00,17,5,1,2,0,490,64,la veuvraie,47.70006,-0.68866,Nuit sans éclairage public,Hors agglomération,Hors intersection,Normale,Autre collision,,,,,,,,,,,3,1,1,1.0,6.0
201700018200,0017-05-21 17:30:00,17,5,21,17,30,490,309,RD6,47.68923,-1.14142,Plein jour,Hors agglomération,Hors intersection,Normale,Sans collision,,,,,,,,,,,1,1,1,1.0,7.0
201700018201,0017-06-01 10:45:00,17,6,1,10,45,490,248,Avenue du Général de Gau,47.74039,-1.17247,Plein jour,En agglomération,Hors intersection,Normale,Deux véhicules - frontale,,,,,,,,,,,1,2,1,1.0,1.0
201700018202,0017-05-31 08:05:00,17,5,31,8,5,490,178,RD 923,47.62618,-0.96445,Plein jour,Hors agglomération,Hors intersection,Normale,Deux véhicules - frontale,,,,,,,,,,,1,1,1,1.0,1.0
201700018203,0017-07-04 20:15:00,17,7,4,20,15,490,331,rue ernest renan,47.6926,-0.89232,Plein jour,Hors agglomération,Hors intersection,Normale,Sans collision,,,,,,,,,,,1,1,1,1.0,7.0
201700018204,0017-07-15 15:30:00,17,7,15,15,30,490,248,D775 - PK58,47.7705,-1.22771,Plein jour,Hors agglomération,Hors intersection,Normale,Deux véhicules - arrière,,,,,,,,,,,1,1,1,1.0,2.0
201700018205,0017-07-18 18:50:00,17,7,18,18,50,490,305,rue du prieuré,47.70599,-0.74215,Plein jour,En agglomération,Hors intersection,Normale,Autre collision,,,,,,,,,,,1,2,1,1.0,6.0
201700018206,0017-09-04 01:20:00,17,9,4,1,20,490,61,RD6,47.62386,-1.04055,Nuit sans éclairage public,Hors agglomération,Hors intersection,Normale,Autre collision,,,,,,,,,,,3,1,1,1.0,6.0
201700018207,0017-09-11 13:35:00,17,9,11,13,35,490,305,D 216,47.7145,-0.72611,Plein jour,Hors agglomération,Hors intersection,Normale,Autre collision,,,,,,,,,,,1,1,1,1.0,6.0
201700018208,0017-10-04 07:45:00,17,10,4,7,45,490,331,Rue des Hauts de Saint J,47.68275,-0.87619,Plein jour,En agglomération,Intersection en T,Normale,Deux véhicules - côté,,,,,,,,,,,1,2,3,1.0,3.0
201700018209,0017-10-10 15:35:00,17,10,10,15,35,490,54,rue de bretagne,47.56148,-1.04116,Plein jour,En agglomération,Intersection en X,Normale,Deux véhicules - côté,,,,,,,,,,,1,2,2,1.0,3.0
201700018210,0017-10-13 16:20:00,17,10,13,16,20,490,187,D961,47.63687,-0.85308,Plein jour,Hors agglomération,Hors intersection,Normale,Autre collision,,,,,,,,,,,1,1,1,1.0,6.0
201700018211,0017-10-15 11:45:00,17,10,15,11,45,490,56,D 109,47.72204,-1.21776,Plein jour,Hors agglomération,Intersection en Y,Normale,Sans collision,,,,,,,,,,,1,1,4,1.0,7.0
201700018212,0017-10-26 07:45:00,17,10,26,7,45,490,158,rue d'anjou,47.74496,-0.88896,Nuit sans éclairage public,En agglomération,Intersection en T,Brouillard / fumée,Deux véhicules - côté,,,,,,,,,,,3,2,3,5.0,3.0
201700018213,0017-12-02 15:15:00,17,12,2,15,15,490,54,Rue du collège - Rue de,47.55991,-1.03936,Plein jour,En agglomération,Intersection en X,Normale,Deux véhicules - côté,,,,,,,,,,,1,2,2,1.0,3.0
201700018214,0017-12-10 07:30:00,17,12,10,7,30,490,103,"rue de bretagne, BEL AIR",47.7112,-0.99088,Nuit avec éclairage allumé,En agglomération,Intersection en X,Pluie forte,Deux véhicules - côté,,,,,,,,,,,5,2,2,3.0,3.0
201700018215,0017-02-19 15:30:00,17,2,19,15,30,490,330,le trou noir,47.64914,-0.62359,Plein jour,Hors agglomération,Hors intersection,Normale,Sans collision,,,,,,,,,,,1,1,1,1.0,7.0
201700018216,0017-03-01 20:15:00,17,3,1,20,15,490,176,carrefour D 184 - VC 2,47.63166,-0.76917,Nuit sans éclairage public,Hors agglomération,Intersection en X,Normale,Deux véhicules - côté,,,,,,,,,,,3,1,2,1.0,3.0
201700018217,0017-05-04 22:30:00,17,5,4,22,30,490,294,Lieu dit la monerie,47.48146,-0.68991,Nuit sans éclairage public,Hors agglomération,Hors intersection,Normale,Autre collision,,,,,,,,,,,3,1,1,1.0,6.0
201700018218,0017-07-17 23:30:00,17,7,17,23,30,490,183,"""La névorie""",47.49511,-0.88876,Nuit sans éclairage public,Hors agglomération,Hors intersection,Normale,Sans collision,,,,,,,,,,,3,1,1,1.0,7.0
201700018219,0017-08-31 19:45:00,17,8,31,19,45,490,64,La cormerie,47.67114,-0.70358,Plein jour,Hors agglomération,Hors intersection,Normale,Deux véhicules - frontale,,,,,,,,,,,1,1,1,1.0,1.0
201700018220,0017-09-04 16:35:00,17,9,4,16,35,490,294,RD 56,47.48699,-0.66229,Plein jour,Hors agglomération,Giratoire,Normale,Autre collision,,,,,,,,,,,1,1,6,1.0,6.0
201700018221,0017-09-23 11:00:00,17,9,23,11,0,490,183,"lieu dit l'aunay, D101",47.52086,-0.89772,Plein jour,Hors agglomération,Hors intersection,Normale,Deux véhicules - côté,,,,,,,,,,,1,1,1,1.0,3.0
201700018222,0017-10-03 00:25:00,17,10,3,0,25,490,26,CD 961,47.52664,-0.80501,Nuit sans éclairage public,Hors agglomération,Intersection en X,Pluie légère,Deux véhicules - côté,,,,,,,,,,,3,1,2,2.0,3.0
201700018223,0017-10-10 13:00:00,17,10,10,13,0,490,26,D963,47.50004,-0.7856,Plein jour,Hors agglomération,Hors intersection,Normale,Deux véhicules - frontale,,,,,,,,,,,1,1,1,1.0,1.0
201700018224,0017-11-15 21:15:00,17,11,15,21,15,490,249,D961,47.55575,-0.81184,Nuit sans éclairage public,Hors agglomération,Hors intersection,Normale,Autre collision,,,,,,,,,,,3,1,1,1.0,6.0
201700018225,0017-01-09 12:00:00,17,1,9,12,0,490,132,le pont des boires,47.66777,-0.47418,Plein jour,Hors agglomération,Hors intersection,Normale,Deux véhicules - frontale,,,,,,,,,,,1,1,1,1.0,1.0
201700018226,0017-02-02 07:55:00,17,2,2,7,55,490,216,route de tierce,47.60912,-0.40622,Crépuscule ou aube,En agglomération,Hors intersection,Pluie forte,Sans collision,,,,,,,,,,,2,2,1,3.0,7.0
201700018227,0017-02-24 19:00:00,17,2,24,19,0,490,65,Rue du stade,47.66168,-0.57344,Nuit avec éclairage allumé,En agglomération,Hors intersection,Normale,Sans collision,,,,,,,,,,,5,2,1,1.0,7.0
201700018228,0017-03-13 16:40:00,17,3,13,16,40,490,132,gare - CD 89,47.65252,-0.45963,Plein jour,Hors agglomération,Hors intersection,Normale,Deux véhicules - frontale,,,,,,,,,,,1,1,1,1.0,1.0
201700018229,0017-05-22 17:11:00,17,5,22,17,11,490,170,La Gouvaudière,47.63869,-0.49333,Plein jour,Hors agglomération,Hors intersection,Normale,Deux véhicules - côté,,,,,,,,,,,1,1,1,1.0,3.0
201700018230,0017-06-22 17:40:00,17,6,22,17,40,490,205,1 rue du soleil levant,47.75795,-0.48929,Plein jour,En agglomération,Hors intersection,Normale,Autre collision,,,,,,,,,,,1,2,1,1.0,6.0
201700018231,0017-07-05 12:30:00,17,7,5,12,30,490,80,20 rue des moulins,47.6803,-0.48796,Plein jour,En agglomération,Hors intersection,Normale,Autre collision,,,,,,,,,,,1,2,1,1.0,6.0
201700018232,0017-07-17 21:45:00,17,7,17,21,45,490,96,les grandes vallées,47.72262,-0.58779,Nuit sans éclairage public,Hors agglomération,Autre intersection,Normale,Deux véhicules - côté,,,,,,,,,,,3,1,9,1.0,3.0
201700018233,0017-07-26 20:10:00,17,7,26,20,10,490,170,rue des noirettes,47.65538,-0.50194,Plein jour,En agglomération,Hors intersection,Normale,Deux véhicules - côté,,,,,,,,,,,1,2,1,1.0,3.0
201700018234,0017-08-25 03:30:00,17,8,25,3,30,490,80,route de Juvardeil,47.67479,-0.49593,Nuit avec éclairage allumé,En agglomération,Hors intersection,Normale,Sans collision,,,,,,,,,,,5,2,1,1.0,7.0
201700018235,0017-09-01 09:00:00,17,9,1,9,0,490,170,rd 308,47.65802,-0.51405,Plein jour,Hors agglomération,Hors intersection,Normale,Sans collision,,,,,,,,,,,1,1,1,1.0,7.0
201700018236,0017-09-24 14:00:00,17,9,24,14,0,490,347,rond-point de l'Europe,47.61441,-0.47312,Plein jour,En agglomération,Giratoire,Normale,Sans collision,,,,,,,,,,,1,2,6,1.0,7.0
201700018237,0017-09-29 13:30:00,17,9,29,13,30,490,65,rue normandie niemen,47.66068,-0.56974,Plein jour,En agglomération,Intersection en X,Normale,Deux véhicules - côté,,,,,,,,,,,1,2,2,1.0,3.0
201700018238,0017-10-27 20:15:00,17,10,27,20,15,490,90,d74,47.62286,-0.50171,Nuit sans éclairage public,En agglomération,Hors intersection,Normale,Sans collision,,,,,,,,,,,3,2,1,1.0,7.0
201700018239,0017-11-10 22:05:00,17,11,10,22,5,490,339,Route départementale D 1,47.58749,-0.5536,Nuit sans éclairage public,Hors agglomération,Hors intersection,Temps couvert,Deux véhicules - frontale,,,,,,,,,,,3,1,1,8.0,1.0
201700018240,0017-11-18 08:00:00,17,11,18,8,0,490,347,RD 74,47.61847,-0.49023,Crépuscule ou aube,Hors agglomération,Hors intersection,Brouillard / fumée,Autre collision,,,,,,,,,,,2,1,1,5.0,6.0
201700018241,0017-04-16 09:50:00,17,4,16,9,50,550,291,97 rue du générale de Ga,48.68173,5.32533,Plein jour,En agglomération,Autre intersection,Normale,Deux véhicules - côté,,,,,,,,,,,1,2,9,1.0,3.0
201700018242,0017-04-19 07:10:00,17,4,19,7,10,550,79,26 Rue de Bar le Duc,48.71028,5.0938,Crépuscule ou aube,En agglomération,Hors intersection,Normale,Autre collision,,,,,,,,,,,2,2,1,1.0,6.0
201700018243,0017-04-16 22:00:00,17,4,16,22,0,550,300,RD 127,48.63927,5.32875,Nuit sans éclairage public,Hors agglomération,Hors intersection,Normale,Autre collision,,,,,,,,,,,3,1,1,1.0,6.0
201700018244,0017-05-25 13:45:00,17,5,25,13,45,550,291,Rue du  Gal De Gaulle,48.68734,5.32379,Plein jour,En agglomération,Intersection en T,Normale,Deux véhicules - côté,,,,,,,,,,,1,2,3,1.0,3.0
201700018245,0017-05-26 13:50:00,17,5,26,13,50,550,296,rue Henri Chevalier,48.71799,5.04459,Plein jour,En agglomération,Hors intersection,Normale,Deux véhicules - côté,,,,,,,,,,,1,2,1,1.0,3.0
201700018246,0017-07-29 19:20:00,17,7,29,19,20,550,358,Route départementale 156,48.67845,5.39041,Plein jour,Hors agglomération,Hors intersection,Normale,Sans collision,,,,,,,,,,,1,1,1,1.0,7.0
201700018247,0017-09-08 12:00:00,17,9,8,12,0,550,466,RD 120,48.74119,5.32695,Plein jour,Hors agglomération,Hors intersection,Normale,Autre collision,,,,,,,,,,,1,1,1,1.0,6.0
201700018248,0017-09-26 06:35:00,17,9,26,6,35,550,291,RN4,48.694,5.32983,Nuit sans éclairage public,Hors agglomération,Hors intersection,Pluie légère,Deux véhicules - arrière,,,,,,,,,,,3,1,1,2.0,2.0
201700018249,0017-10-08 13:30:00,17,10,8,13,30,550,335,RD 9,48.63849,5.19567,Plein jour,Hors agglomération,Hors intersection,Pluie légère,Deux véhicules - frontale,,,,,,,,,,,1,1,1,2.0,1.0
201700018250,0017-10-03 16:30:00,17,10,3,16,30,550,132,rue de cousancelles,48.61295,5.08194,Plein jour,En agglomération,Hors intersection,Normale,Autre collision,,,,,,,,,,,1,2,1,1.0,6.0
201700018251,0017-11-14 20:30:00,17,11,14,20,30,550,373,RD 169 A,48.6688,5.21901,Nuit sans éclairage public,Hors agglomération,Hors intersection,Temps couvert,Autre collision,,,,,,,,,,,3,1,1,8.0,6.0
201700018252,0017-11-24 19:30:00,17,11,24,19,30,550,501,"RN4, PK 17",48.64645,5.1788,Nuit sans éclairage public,Hors agglomération,Hors intersection,Pluie forte,Sans collision,,,,,,,,,,,3,1,1,3.0,7.0
201700018253,0017-02-12 22:45:00,17,2,12,22,45,550,530,RD 162,48.9276,5.61662,Nuit sans éclairage public,Hors agglomération,Hors intersection,Normale,Autre collision,,,,,,,,,,,3,1,1,1.0,6.0
201700018254,0017-05-14 16:25:00,17,5,14,16,25,550,521,RD 964,49.01111,5.45703,Plein jour,Hors agglomération,Hors intersection,Normale,Deux véhicules - arrière,,,,,,,,,,,1,1,1,1.0,2.0
201700018255,0017-05-31 17:25:00,17,5,31,17,25,550,463,avenue du Général de Gau,48.89503,5.53317,Plein jour,En agglomération,Hors intersection,Normale,Deux véhicules - côté,,,,,,,,,,,1,2,1,1.0,3.0
201700018256,0017-06-29 16:15:00,17,6,29,16,15,550,463,7 rue des écoles,48.8911,5.5402,Plein jour,En agglomération,Hors intersection,Normale,Autre collision,,,,,,,,,,,1,2,1,1.0,6.0
201700018257,0017-07-19 14:00:00,17,7,19,14,0,550,463,Place Maurice Claudin,48.89459,5.53692,Plein jour,En agglomération,Giratoire,Normale,Deux véhicules - côté,,,,,,,,,,,1,2,6,1.0,3.0
201700018258,0017-08-08 04:31:00,17,8,8,4,31,550,46,RD 904 - PK 22,48.97396,5.79749,Nuit sans éclairage public,Hors agglomération,Hors intersection,Normale,Sans collision,,,,,,,,,,,3,1,1,1.0,7.0
201700018259,0017-08-19 11:20:00,17,8,19,11,20,550,463,Rue du général Pershing,48.89318,5.54192,Plein jour,En agglomération,Hors intersection,Normale,Autre collision,,,,,,,,,,,1,2,1,1.0,6.0
201700018260,0017-03-16 04:50:00,17,3,16,4,50,550,573,RD 964 PK 28 + 965,48.70678,5.61231,Nuit sans éclairage public,Hors agglomération,Hors intersection,Brouillard / fumée,Autre collision,,,,,,,,,,,3,1,1,5.0,6.0
201700018261,0017-04-20 17:30:00,17,4,20,17,30,550,97,Lieu-dit petit chalaines,48.59836,5.68491,Plein jour,En agglomération,Hors intersection,Normale,Autre collision,,,,,,,,,,,1,2,1,1.0,6.0
201700018262,0017-05-31 08:30:00,17,5,31,8,30,550,215,RD 966,48.49954,5.53103,Plein jour,Hors agglomération,Hors intersection,Normale,Sans collision,,,,,,,,,,,1,1,1,1.0,7.0
201700018263,0017-06-24 18:40:00,17,6,24,18,40,550,573,RN4,48.68569,5.65619,Plein jour,Hors agglomération,Hors intersection,Normale,Autre collision,,,,,,,,,,,1,1,1,1.0,6.0
201700018264,0017-10-08 14:00:00,17,10,8,14,0,550,328,Rue des Jeunes Vaux,48.53889,5.66549,Plein jour,En agglomération,Hors intersection,Temps couvert,Sans collision,,,,,,,,,,,1,2,1,8.0,7.0
201700018265,0017-12-29 06:10:00,17,12,29,6,10,550,334,RN4 PK 42+150,48.70527,5.50115,Nuit sans éclairage public,Hors agglomération,Hors intersection,Normale,Autre collision,,,,,,,,,,,3,1,1,1.0,6.0
201700018266,0017-07-05 17:30:00,17,7,5,17,30,550,73,rd 964,49.19348,5.37623,Plein jour,Hors agglomération,Hors intersection,Normale,Deux véhicules - côté,,,,,,,,,,,1,1,1,1.0,3.0
201700018267,0017-11-06 13:50:00,17,11,6,13,50,550,154,CD964,49.07969,5.42412,Plein jour,Hors agglomération,Hors intersection,Normale,Deux véhicules - frontale,,,,,,,,,,,1,1,1,1.0,1.0
201700018268,0017-11-24 16:50:00,17,11,24,16,50,550,523,RD 905 PK 001.200,49.23242,5.36594,Nuit sans éclairage public,Hors agglomération,Hors intersection,Pluie légère,Trois véhicules et plus - collisions multiples,,,,,,,,,,,3,1,1,2.0,5.0
201700018269,0017-09-02 01:12:00,17,9,2,1,12,550,117,RUE DU VARINOT,49.102,5.08982,Nuit avec éclairage allumé,En agglomération,Hors intersection,Brouillard / fumée,Autre collision,,,,,,,,,,,5,2,1,5.0,6.0
201700018270,0017-07-08 12:25:00,17,7,8,12,25,550,365,croisement RD 102 et RD,49.39443,5.26785,Plein jour,Hors agglomération,Intersection en Y,Normale,Deux véhicules - arrière,,,,,,,,,,,1,1,4,1.0,2.0
201700018271,0017-01-09 07:40:00,17,1,9,7,40,550,557,RD 908 PK 9 plus 800,49.13025,5.63216,Crépuscule ou aube,Hors agglomération,Hors intersection,Autre,Sans collision,,,,,,,,,,,2,1,1,9.0,7.0
201700018272,0017-01-25 16:50:00,17,1,25,16,50,550,445,RD618 intersection RD66,49.39809,5.62425,Plein jour,Hors agglomération,Intersection en X,Normale,Deux véhicules - côté,,,,,,,,,,,1,1,2,1.0,3.0
201700018273,0017-02-19 16:50:00,17,2,19,16,50,550,443,20 grande rue,49.22109,5.68969,Plein jour,En agglomération,Hors intersection,Normale,Autre collision,,,,,,,,,,,1,2,1,1.0,6.0
201700018274,0017-03-14 17:30:00,17,3,14,17,30,550,181,RD65 - PK 2+500,49.2182,5.60987,Plein jour,Hors agglomération,Hors intersection,Normale,Deux véhicules - arrière,,,,,,,,,,,1,1,1,1.0,2.0
201700018275,0017-03-31 13:14:00,17,3,31,13,14,550,458,rue main BUZY,49.16728,5.72591,Plein jour,Hors agglomération,Passage à niveau,Normale,Deux véhicules - côté,,,,,,,,,,,1,1,8,1.0,3.0
201700018276,0017-05-19 17:50:00,17,5,19,17,50,550,399,RD153 / RD 167,49.11749,5.71013,Plein jour,En agglomération,Intersection en T,Normale,Autre collision,,,,,,,,,,,1,2,3,1.0,6.0
201700018277,0017-06-23 09:50:00,17,6,23,9,50,550,201,D603 PK48,49.20956,5.58868,Plein jour,Hors agglomération,Hors intersection,Normale,Autre collision,,,,,,,,,,,1,1,1,1.0,6.0
201700018278,0017-08-09 18:40:00,17,8,9,18,40,550,461,rue de la chaussée,49.39433,5.52899,Plein jour,En agglomération,Hors intersection,Normale,Autre collision,,,,,,,,,,,1,2,1,1.0,6.0
201700018279,0017-09-12 16:00:00,17,9,12,16,0,550,13,RD 618,49.40598,5.62104,Plein jour,Hors agglomération,Hors intersection,Pluie légère,Autre collision,,,,,,,,,,,1,1,1,2.0,6.0
201700018280,0017-10-23 07:45:00,17,10,23,7,45,550,53,RD16 - PK 15,49.33556,5.55223,Plein jour,Hors agglomération,Hors intersection,Pluie légère,Deux véhicules - frontale,,,,,,,,,,,1,1,1,2.0,1.0
201700018281,0017-11-25 13:30:00,17,11,25,13,30,550,243,D113B,49.05214,5.64717,Plein jour,Hors agglomération,Hors intersection,Normale,Autre collision,,,,,,,,,,,1,1,1,1.0,6.0
201700018282,0017-01-02 12:10:00,17,1,2,12,10,610,156,matignion,48.54225,0.23015,Plein jour,Hors agglomération,Hors intersection,Brouillard / fumée,Autre collision,,,,,,,,,,,1,1,1,5.0,6.0
201700018283,0017-01-15 14:20:00,17,1,15,14,20,610,464,"Cd 214 ""l'archer""",48.59275,0.20509,Plein jour,Hors agglomération,Hors intersection,Vent fort / tempête,Sans collision,,,,,,,,,,,1,1,1,6.0,7.0
201700018284,0017-02-18 13:30:00,17,2,18,13,30,610,464,Bretelle d'accès RD438 m,48.69966,0.16531,Plein jour,Hors agglomération,Intersection en Y,Normale,Deux véhicules - arrière,,,,,,,,,,,1,1,4,1.0,2.0
201700018285,0017-03-01 20:20:00,17,3,1,20,20,610,240,La Roche,48.62626,0.13505,Nuit sans éclairage public,Hors agglomération,Intersection en T,Pluie légère,Autre collision,,,,,,,,,,,3,1,3,2.0,6.0
201700018286,0017-03-21 07:20:00,17,3,21,7,20,610,240,bourg,48.63667,0.1418,Plein jour,En agglomération,Intersection en X,Normale,Deux véhicules - côté,,,,,,,,,,,1,2,2,1.0,3.0
201700018287,0017-04-22 09:15:00,17,4,22,9,15,610,415,Beauvenel,48.51281,0.33975,Plein jour,Hors agglomération,Hors intersection,Normale,Autre collision,,,,,,,,,,,1,1,1,1.0,6.0
201700018288,0017-04-22 10:47:00,17,4,22,10,47,610,403,l'aunai géru,48.57441,0.03168,Plein jour,Hors agglomération,Hors intersection,Normale,Sans collision,,,,,,,,,,,1,1,1,1.0,7.0
201700018289,0017-05-08 19:40:00,17,5,8,19,40,610,164,"D908, PK 6+500",48.58168,0.0933,Plein jour,Hors agglomération,Hors intersection,Normale,Autre collision,,,,,,,,,,,1,1,1,1.0,6.0
201700018290,0017-06-01 06:45:00,17,6,1,6,45,610,133,CD4 PK-19,48.62109,0.3463,Plein jour,Hors agglomération,Intersection en X,Normale,Deux véhicules - côté,,,,,,,,,,,1,1,2,1.0,3.0
201700018291,0017-06-08 17:20:00,17,6,8,17,20,610,294,Grande Rue,48.63972,0.07759,Plein jour,En agglomération,Hors intersection,Normale,Deux véhicules - arrière,,,,,,,,,,,1,2,1,1.0,2.0
201700018292,0017-06-15 17:20:00,17,6,15,17,20,610,156,"RD 42, PK 10+400",48.54815,0.23245,Plein jour,Hors agglomération,Hors intersection,Normale,Sans collision,,,,,,,,,,,1,1,1,1.0,7.0
201700018293,0017-06-18 18:30:00,17,6,18,18,30,610,301,CD 438 - PK 17.500,48.55331,0.17197,Plein jour,Hors agglomération,Intersection en T,Normale,Deux véhicules - côté,,,,,,,,,,,1,1,3,1.0,3.0
201700018294,0017-06-26 20:41:00,17,6,26,20,41,610,464,PN 77 - lieu dit le peti,48.60895,0.16292,Plein jour,En agglomération,Passage à niveau,Normale,Autre collision,,,,,,,,,,,1,2,8,1.0,6.0
201700018295,0017-07-08 15:05:00,17,7,8,15,5,610,202,Le Gué saint vaast,48.46902,0.19461,Plein jour,En agglomération,Hors intersection,Normale,Deux véhicules - côté,,,,,,,,,,,1,2,1,1.0,3.0
201700018296,0017-07-15 01:30:00,17,7,15,1,30,610,215,Rue de la Vallée,48.55098,0.37893,Nuit avec éclairage non allumé,En agglomération,Intersection en Y,Normale,Autre collision,,,,,,,,,,,4,2,4,1.0,6.0
201700018297,0017-07-19 12:30:00,17,7,19,12,30,610,511,D219-757,48.6824,-0.01516,Plein jour,Hors agglomération,Intersection en X,Normale,Deux véhicules - côté,,,,,,,,,,,1,1,2,1.0,3.0
201700018298,0017-07-19 19:45:00,17,7,19,19,45,610,294,LA PETITE MORTREE,48.64441,0.06381,Plein jour,En agglomération,Intersection en X,Normale,Deux véhicules - côté,,,,,,,,,,,1,2,2,1.0,3.0
201700018299,0017-07-23 02:30:00,17,7,23,2,30,610,360,LIEU DIT VAL MARTIN,48.62153,0.44061,Nuit sans éclairage public,Hors agglomération,Hors intersection,Normale,Autre collision,,,,,,,,,,,3,1,1,1.0,6.0
201700018300,0017-08-26 19:00:00,17,8,26,19,0,610,68,CD 31,48.53867,0.21178,Plein jour,Hors agglomération,Intersection en X,Normale,Deux véhicules - frontale,,,,,,,,,,,1,1,2,1.0,1.0
201700018301,0017-09-16 18:00:00,17,9,16,18,0,610,261,Route nationale 12,48.47922,0.2443,Plein jour,Hors agglomération,Hors intersection,Pluie légère,Autre collision,,,,,,,,,,,1,1,1,2.0,6.0
201700018302,0017-09-18 11:30:00,17,9,18,11,30,610,15,Carrefour D227 et D738,48.59295,0.22891,Plein jour,Hors agglomération,Intersection en X,Normale,Deux véhicules - côté,,,,,,,,,,,1,1,2,1.0,3.0
201700018303,0017-10-20 08:05:00,17,10,20,8,5,610,15,"Les osiers, CD 227 PK 5+",48.59036,0.24918,Crépuscule ou aube,Hors agglomération,Hors intersection,Normale,Autre collision,,,,,,,,,,,2,1,1,1.0,6.0
201700018304,0017-02-04 23:30:00,17,2,4,23,30,610,474,CD926 -,48.74905,0.04186,Nuit sans éclairage public,Hors agglomération,Hors intersection,Normale,Autre collision,,,,,,,,,,,3,1,1,1.0,6.0
201700018305,0017-02-07 10:00:00,17,2,7,10,0,610,339,crevecoeur,48.7591,-0.23428,Plein jour,Hors agglomération,Hors intersection,Normale,Autre collision,,,,,,,,,,,1,1,1,1.0,6.0
201700018306,0017-04-19 15:00:00,17,4,19,15,0,610,444,Le bourg,48.84329,-0.37897,Plein jour,En agglomération,Intersection en T,Normale,Deux véhicules - côté,,,,,,,,,,,1,2,3,1.0,3.0
201700018307,0017-05-09 13:55:00,17,5,9,13,55,610,496,RD 113 PK 9+550,48.75598,0.004,Plein jour,En agglomération,Hors intersection,Normale,Deux véhicules - côté,,,,,,,,,,,1,2,1,1.0,3.0
201700018308,0017-05-27 17:45:00,17,5,27,17,45,610,302,Lieu dit la motte,48.84388,0.07154,Plein jour,En agglomération,Hors intersection,Normale,Sans collision,,,,,,,,,,,1,2,1,1.0,7.0
201700018309,0017-06-25 12:00:00,17,6,25,12,0,610,479,lieu dit mengné,48.70472,-0.06492,Plein jour,Hors agglomération,Hors intersection,Normale,Deux véhicules - frontale,,,,,,,,,,,1,1,1,1.0,1.0
201700018310,0017-06-27 12:05:00,17,6,27,12,5,610,494,centre ville,48.84298,0.03339,Plein jour,En agglomération,Intersection en X,Normale,Autre collision,,,,,,,,,,,1,2,2,1.0,6.0
201700018311,0017-08-07 14:30:00,17,8,7,14,30,610,170,C5/CD219,48.69517,-0.04354,Plein jour,Hors agglomération,Intersection en T,Normale,Deux véhicules - côté,,,,,,,,,,,1,1,3,1.0,3.0
201700018312,0017-09-06 00:15:00,17,9,6,0,15,610,265,le bouillon,48.74066,-0.29552,Nuit sans éclairage public,Hors agglomération,Hors intersection,Normale,Autre collision,,,,,,,,,,,3,1,1,1.0,6.0
201700018313,0017-09-13 07:00:00,17,9,13,7,0,610,496,route de paris,48.74904,0.009,Nuit avec éclairage allumé,Hors agglomération,Giratoire,Normale,Autre collision,,,,,,,,,,,5,1,6,1.0,6.0
201700018314,0017-10-01 02:45:00,17,10,1,2,45,610,298,C4 le marais,48.75873,-0.071,Nuit sans éclairage public,En agglomération,Intersection en T,Normale,Autre collision,,,,,,,,,,,3,2,3,1.0,6.0
201700018315,0017-10-20 13:20:00,17,10,20,13,20,610,494,72 rue de la République,48.84421,0.03091,Plein jour,En agglomération,Hors intersection,Normale,Autre collision,,,,,,,,,,,1,2,1,1.0,6.0
201700018316,0017-11-23 18:00:00,17,11,23,18,0,610,505,la plumette,48.81173,0.01355,Nuit sans éclairage public,Hors agglomération,Hors intersection,Normale,Sans collision,,,,,,,,,,,3,1,1,1.0,7.0
201700018317,0017-11-25 23:30:00,17,11,25,23,30,610,314,crelu,48.81029,-0.06429,Nuit sans éclairage public,Hors agglomération,Hors intersection,Normale,Autre collision,,,,,,,,,,,3,1,1,1.0,6.0
201700018318,0017-11-28 17:00:00,17,11,28,17,0,610,153,RD 924,48.71358,-0.09825,Plein jour,Hors agglomération,Hors intersection,Normale,Autre collision,,,,,,,,,,,1,1,1,1.0,6.0
201700018319,0017-12-13 21:30:00,17,12,13,21,30,610,354,Cd909 (PK 38 +200),48.78195,-0.2482,Nuit sans éclairage public,Hors agglomération,Hors intersection,Pluie forte,Autre collision,,,,,,,,,,,3,1,1,3.0,6.0