accident_id,datetime,annee,mois,jour,heure,minute,departement,commune_insee,adresse,latitude,longitude,luminosite,agglomeration,intersection,meteo,collision,nb_vehicules,nb_usagers,nb_indemnes,nb_tues,nb_blesses_hosp,nb_blesses_legers,age_cond_1,age_cond_2,veh_type_cond_1,veh_type_cond_2,lum_code,agg_code,int_code,atm_code,col_code
201700018320,0017-03-18 15:30:00,17,3,18,15,30,610,508,Lieu dit les Maris,48.92363,0.22329,Plein jour,Hors agglomération,Hors intersection,Normale,Deux véhicules - côté,,,,,,,,,,,1,1,1,1.0,3.0
201700018321,0017-03-19 06:15:00,17,3,19,6,15,610,198,le vau benard,48.89426,0.20043,Nuit sans éclairage public,Hors agglomération,Hors intersection,Normale,Autre collision,,,,,,,,,,,3,1,1,1.0,6.0
201700018322,0017-04-22 19:05:00,17,4,22,19,5,610,449,RD 26,48.8151,0.1909,Plein jour,Hors agglomération,Hors intersection,Normale,Autre collision,,,,,,,,,,,1,1,1,1.0,6.0
201700018323,0017-05-28 02:25:00,17,5,28,2,25,610,157,"Lieu dit ""Les Fangées""",48.75748,0.19937,Nuit sans éclairage public,Hors agglomération,Hors intersection,Normale,Autre collision,,,,,,,,,,,3,1,1,1.0,6.0
201700018324,0017-06-23 11:35:00,17,6,23,11,35,610,508,Boulevard Dentu,48.93028,0.19562,Plein jour,En agglomération,Hors intersection,Normale,Sans collision,,,,,,,,,,,1,2,1,1.0,7.0
201700018325,0017-08-09 15:34:00,17,8,9,15,34,610,103,La pépinière,48.85127,0.35722,Plein jour,Hors agglomération,Hors intersection,Pluie légère,Autre collision,,,,,,,,,,,1,1,1,2.0,6.0
201700018326,0017-12-29 13:45:00,17,12,29,13,45,610,138,Le bouillonnay,48.74989,0.27303,Plein jour,Hors agglomération,Hors intersection,Neige / grêle,Autre collision,,,,,,,,,,,1,1,1,4.0,6.0
201700018327,0017-01-08 08:45:00,17,1,8,8,45,610,163,"""La Prise""",48.64521,-0.48733,Plein jour,Hors agglomération,Hors intersection,Temps couvert,Autre collision,,,,,,,,,,,1,1,1,8.0,6.0
201700018328,0017-01-21 19:00:00,17,1,21,19,0,610,102,RD962 PK 28.000,48.66997,-0.59129,Nuit sans éclairage public,Hors agglomération,Hors intersection,Normale,Autre collision,,,,,,,,,,,3,1,1,1.0,6.0
201700018329,0017-01-25 08:45:00,17,1,25,8,45,610,102,la grande ganterie,48.6965,-0.57467,Crépuscule ou aube,Hors agglomération,Hors intersection,Brouillard / fumée,Deux véhicules - frontale,,,,,,,,,,,2,1,1,5.0,1.0
201700018330,0017-04-27 19:55:00,17,4,27,19,55,610,278,L'etre au SECQ,48.72942,-0.5009,Plein jour,Hors agglomération,Intersection en X,Normale,Deux véhicules - côté,,,,,,,,,,,1,1,2,1.0,3.0
201700018331,0017-05-26 15:00:00,17,5,26,15,0,610,145,La halte de saint front,48.58518,-0.63429,Plein jour,En agglomération,Intersection en T,Normale,Deux véhicules - côté,,,,,,,,,,,1,2,3,1.0,3.0
201700018332,0017-06-12 04:20:00,17,6,12,4,20,610,278,l'oiselière,48.72923,-0.50737,Nuit sans éclairage public,Hors agglomération,Hors intersection,Normale,Autre collision,,,,,,,,,,,3,1,1,1.0,6.0
201700018333,0017-07-18 17:15:00,17,7,18,17,15,610,232,l'Epine Orbière,48.66936,-0.65781,Plein jour,En agglomération,Intersection en X,Normale,Deux véhicules - côté,,,,,,,,,,,1,2,2,1.0,3.0
201700018334,0017-07-20 17:23:00,17,7,20,17,23,610,163,Quartier Morin,48.66073,-0.51829,Plein jour,En agglomération,Hors intersection,Normale,Deux véhicules - frontale,,,,,,,,,,,1,2,1,1.0,1.0
201700018335,0017-08-07 18:00:00,17,8,7,18,0,610,248,le bas jallet,48.48888,-0.79822,Plein jour,Hors agglomération,Hors intersection,Normale,Sans collision,,,,,,,,,,,1,1,1,1.0,7.0
201700018336,0017-10-06 10:30:00,17,10,6,10,30,610,387,villages beaudet,48.50744,-0.7421,Plein jour,Hors agglomération,Hors intersection,Normale,Autre collision,,,,,,,,,,,1,1,1,1.0,6.0
201700018337,0017-11-03 11:05:00,17,11,3,11,5,610,163,PLACE BURON,48.66138,-0.51811,Plein jour,En agglomération,Place,Normale,Autre collision,,,,,,,,,,,1,2,7,1.0,6.0
201700018338,0017-11-19 05:30:00,17,11,19,5,30,610,387,La gouttière,48.49191,-0.70477,Nuit sans éclairage public,Hors agglomération,Hors intersection,Pluie légère,Autre collision,,,,,,,,,,,3,1,1,2.0,6.0
201700018339,0017-12-21 20:30:00,17,12,21,20,30,610,145,''L'Oisellière'',48.57035,-0.58708,Nuit sans éclairage public,Hors agglomération,Hors intersection,Pluie légère,Deux véhicules - arrière,,,,,,,,,,,3,1,1,2.0,2.0
201700018340,0017-12-25 16:15:00,17,12,25,16,15,610,146,le bourg - rd 52,48.63163,-0.55196,Plein jour,En agglomération,Hors intersection,Normale,Autre collision,,,,,,,,,,,1,2,1,1.0,6.0
201700018341,0017-02-27 18:20:00,17,2,27,18,20,610,486,RD 225,48.74185,-0.69798,Crépuscule ou aube,Hors agglomération,Intersection en X,Pluie légère,Deux véhicules - côté,,,,,,,,,,,2,1,2,2.0,3.0
201700018342,0017-04-14 19:20:00,17,4,14,19,20,610,70,le verger RD 806,48.81146,-0.60954,Plein jour,Hors agglomération,Intersection en T,Normale,Deux véhicules - côté,,,,,,,,,,,1,1,3,1.0,3.0
201700018343,0017-05-28 18:00:00,17,5,28,18,0,610,443,la croix des landes,48.73756,-0.62076,Plein jour,Hors agglomération,Hors intersection,Normale,Sans collision,,,,,,,,,,,1,1,1,1.0,7.0
201700018344,0017-06-15 22:40:00,17,6,15,22,40,610,223,rue du Maréchal Ferrand,48.69452,-0.68341,Nuit avec éclairage non allumé,En agglomération,Intersection en T,Normale,Deux véhicules - côté,,,,,,,,,,,4,2,3,1.0,3.0
201700018345,0017-06-24 23:45:00,17,6,24,23,45,610,443,CD368E,48.73572,-0.63275,Nuit sans éclairage public,Hors agglomération,Hors intersection,Normale,Sans collision,,,,,,,,,,,3,1,1,1.0,7.0
201700018346,0017-07-03 09:50:00,17,7,3,9,50,610,445,Route de Tinchebray - RD,48.80884,-0.65233,Plein jour,En agglomération,Hors intersection,Normale,Autre collision,,,,,,,,,,,1,2,1,1.0,6.0
201700018347,0017-07-06 11:20:00,17,7,6,11,20,610,69,les Planches,48.86574,-0.43424,Plein jour,Hors agglomération,Hors intersection,Temps éblouissant,Sans collision,,,,,,,,,,,1,1,1,7.0,7.0
201700018348,0017-07-12 08:00:00,17,7,12,8,0,610,31,La Besnadière RD 22,48.67598,-0.71515,Plein jour,Hors agglomération,Hors intersection,Pluie légère,Sans collision,,,,,,,,,,,1,1,1,2.0,7.0
201700018349,0017-07-14 18:30:00,17,7,14,18,30,610,222,lieu dit le val,48.76317,-0.63651,Plein jour,Hors agglomération,Hors intersection,Normale,Autre collision,,,,,,,,,,,1,1,1,1.0,6.0
201700018350,0017-08-16 12:00:00,17,8,16,12,0,610,70,le bisson,48.80573,-0.59298,Plein jour,Hors agglomération,Hors intersection,Normale,Autre collision,,,,,,,,,,,1,1,1,1.0,6.0
201700018351,0017-08-18 18:20:00,17,8,18,18,20,610,30,Lieu-dit La Fouillée,48.77568,-0.60144,Plein jour,Hors agglomération,Intersection en T,Normale,Deux véhicules - côté,,,,,,,,,,,1,1,3,1.0,3.0
201700018352,0017-08-24 07:20:00,17,8,24,7,20,610,70,la perriere,48.80211,-0.5994,Crépuscule ou aube,Hors agglomération,Hors intersection,Normale,Autre collision,,,,,,,,,,,2,1,1,1.0,6.0
201700018353,0017-09-17 12:45:00,17,9,17,12,45,610,313,Moulin de TAILLEBOIS - R,48.79975,-0.41289,Plein jour,Hors agglomération,Hors intersection,Normale,Autre collision,,,,,,,,,,,1,1,1,1.0,6.0
201700018354,0017-10-01 15:40:00,17,10,1,15,40,610,222,Le noyer,48.75567,-0.62191,Plein jour,Hors agglomération,Hors intersection,Temps couvert,Deux véhicules - frontale,,,,,,,,,,,1,1,1,8.0,1.0
201700018355,0017-10-03 17:55:00,17,10,3,17,55,610,221,les quatre vents,48.7436,-0.47298,Plein jour,Hors agglomération,Hors intersection,Normale,Autre collision,,,,,,,,,,,1,1,1,1.0,6.0
201700018356,0017-11-09 08:50:00,17,11,9,8,50,610,70,pont de vere,48.80087,-0.56336,Plein jour,Hors agglomération,Hors intersection,Normale,Deux véhicules - arrière,,,,,,,,,,,1,1,1,1.0,2.0
201700018357,0017-11-28 11:00:00,17,11,28,11,0,610,486,rue robinson,48.76581,-0.73245,Plein jour,En agglomération,Intersection en T,Temps éblouissant,Autre collision,,,,,,,,,,,1,2,3,7.0,6.0
201700018358,0017-12-03 11:10:00,17,12,3,11,10,610,223,Carrefour Bondel,48.69707,-0.6713,Plein jour,Hors agglomération,Intersection en X,Brouillard / fumée,Autre collision,,,,,,,,,,,1,1,2,5.0,6.0
201700018359,0017-01-30 08:50:00,17,1,30,8,50,610,332,lieu dit le chenay,48.70518,-0.3399,Plein jour,Hors agglomération,Hors intersection,Brouillard / fumée,Deux véhicules - frontale,,,,,,,,,,,1,1,1,5.0,1.0
201700018360,0017-02-10 20:30:00,17,2,10,20,30,610,168,,48.59509,-0.34996,Nuit avec éclairage allumé,En agglomération,Hors intersection,Normale,Deux véhicules - frontale,,,,,,,,,,,5,2,1,1.0,1.0
201700018361,0017-03-18 05:15:00,17,3,18,5,15,610,211,RD976 PK13,48.54591,-0.50247,Nuit sans éclairage public,Hors agglomération,Hors intersection,Normale,Autre collision,,,,,,,,,,,3,1,1,1.0,6.0
201700018362,0017-04-13 14:05:00,17,4,13,14,5,610,135,65 Rue d'Alencon,48.51299,-0.41092,Plein jour,En agglomération,Hors intersection,Normale,Deux véhicules - côté,,,,,,,,,,,1,2,1,1.0,3.0
201700018363,0017-06-04 14:10:00,17,6,4,14,10,610,135,départementale 916,48.52764,-0.40822,Plein jour,Hors agglomération,Intersection en Y,Normale,Trois véhicules et plus - collisions multiples,,,,,,,,,,,1,1,4,1.0,5.0
201700018364,0017-06-06 16:15:00,17,6,6,16,15,610,135,D916,48.52764,-0.40822,Plein jour,Hors agglomération,Intersection en Y,Normale,Deux véhicules - frontale,,,,,,,,,,,1,1,4,1.0,1.0
201700018365,0017-06-22 12:15:00,17,6,22,12,15,610,243,Lannerie,48.54929,-0.31944,Plein jour,Hors agglomération,Intersection en Y,Normale,Sans collision,,,,,,,,,,,1,1,4,1.0,7.0
201700018366,0017-08-02 15:00:00,17,8,2,15,0,610,439,BEL AIR,48.52133,-0.3268,Plein jour,Hors agglomération,Intersection en T,Normale,Deux véhicules - frontale,,,,,,,,,,,1,1,3,1.0,1.0
201700018367,0017-08-12 05:30:00,17,8,12,5,30,610,200,La Reinière,48.51417,-0.42237,Nuit avec éclairage allumé,Hors agglomération,Hors intersection,Normale,Autre collision,,,,,,,,,,,5,1,1,1.0,6.0
201700018368,0017-08-16 14:35:00,17,8,16,14,35,610,380,la peccattiere,48.5209,-0.55278,Plein jour,Hors agglomération,Hors intersection,Normale,Deux véhicules - côté,,,,,,,,,,,1,1,1,1.0,3.0
201700018369,0017-08-26 17:00:00,17,8,26,17,0,610,63,la conetière,48.70986,-0.39021,Plein jour,Hors agglomération,Hors intersection,Normale,Autre collision,,,,,,,,,,,1,1,1,1.0,6.0
201700018370,0017-07-13 19:00:00,17,7,13,19,0,610,211,Valmy,48.5518,-0.52119,Plein jour,Hors agglomération,Hors intersection,Temps éblouissant,Deux véhicules - arrière,,,,,,,,,,,1,1,1,7.0,2.0
201700018371,0017-10-11 15:35:00,17,10,11,15,35,610,168,Rue soeur Marie Boitier,48.60215,-0.34453,Plein jour,En agglomération,Hors intersection,Normale,Deux véhicules - côté,,,,,,,,,,,1,2,1,1.0,3.0
201700018372,0017-10-21 10:45:00,17,10,21,10,45,610,200,1 le bois Nardoux,48.52153,-0.45235,Plein jour,Hors agglomération,Hors intersection,Normale,Deux véhicules - frontale,,,,,,,,,,,1,1,1,1.0,1.0
201700018373,0017-12-01 09:40:00,17,12,1,9,40,610,96,La  Saucère,48.54175,-0.47162,Plein jour,Hors agglomération,Intersection en X,Temps éblouissant,Autre collision,,,,,,,,,,,1,1,2,7.0,6.0
201700018374,0017-01-03 18:20:00,17,1,3,18,20,610,48,RN 12,48.51818,0.45985,Nuit sans éclairage public,Hors agglomération,Hors intersection,Brouillard / fumée,Sans collision,,,,,,,,,,,3,1,1,5.0,7.0
201700018375,0017-01-05 13:20:00,17,1,5,13,20,610,329,RD 938,48.44075,0.54663,Plein jour,En agglomération,Hors intersection,Normale,Deux véhicules - frontale,,,,,,,,,,,1,2,1,1.0,1.0
201700018376,0017-01-09 09:25:00,17,1,9,9,25,610,327,la brosse,48.45465,0.4008,Plein jour,Hors agglomération,Hors intersection,Brouillard / fumée,Deux véhicules - frontale,,,,,,,,,,,1,1,1,5.0,1.0
201700018377,0017-01-18 22:50:00,17,1,18,22,50,610,277,lieu dit l'hotel au loye,48.50892,0.43344,Nuit sans éclairage public,Hors agglomération,Hors intersection,Normale,Autre collision,,,,,,,,,,,3,1,1,1.0,6.0
201700018378,0017-01-22 12:10:00,17,1,22,12,10,610,404,Ligni,48.55993,0.53531,Plein jour,Hors agglomération,Hors intersection,Normale,Autre collision,,,,,,,,,,,1,1,1,1.0,6.0
201700018379,0017-03-27 13:15:00,17,3,27,13,15,610,255,rd 5,48.43746,0.61266,Plein jour,Hors agglomération,Hors intersection,Normale,Autre collision,,,,,,,,,,,1,1,1,1.0,6.0
201700018380,0017-03-28 18:03:00,17,3,28,18,3,610,476,La grouas,48.38133,0.41157,Plein jour,Hors agglomération,Hors intersection,Normale,Sans collision,,,,,,,,,,,1,1,1,1.0,7.0
201700018381,0017-03-30 19:20:00,17,3,30,19,20,610,475,RD32,48.6298,0.51236,Plein jour,Hors agglomération,Hors intersection,Normale,Autre collision,,,,,,,,,,,1,1,1,1.0,6.0
201700018382,0017-07-05 17:10:00,17,7,5,17,10,610,154,RD 938,48.43093,0.54748,Plein jour,Hors agglomération,Hors intersection,Normale,Deux véhicules - frontale,,,,,,,,,,,1,1,1,1.0,1.0
201700018383,0017-08-01 10:35:00,17,8,1,10,35,610,450,La pilière,48.48221,0.41503,Plein jour,Hors agglomération,Hors intersection,Normale,Sans collision,,,,,,,,,,,1,1,1,1.0,7.0
201700018384,0017-08-01 14:45:00,17,8,1,14,45,610,293,route de rémalard,48.50943,0.55777,Plein jour,En agglomération,Hors intersection,Normale,Deux véhicules - côté,,,,,,,,,,,1,2,1,1.0,3.0
201700018385,0017-08-02 23:30:00,17,8,2,23,30,610,411,Les Tuffeaux,48.45713,0.47175,Nuit sans éclairage public,Hors agglomération,Hors intersection,Normale,Deux véhicules - frontale,,,,,,,,,,,3,1,1,1.0,1.0
201700018386,0017-08-29 17:55:00,17,8,29,17,55,610,438,lieu dit le paradis,48.60102,0.47788,Plein jour,Hors agglomération,Intersection en X,Normale,Deux véhicules - côté,,,,,,,,,,,1,1,2,1.0,3.0
201700018387,0017-09-02 11:40:00,17,9,2,11,40,610,293,place de la république,48.52101,0.54456,Plein jour,En agglomération,Hors intersection,Normale,Autre collision,,,,,,,,,,,1,2,1,1.0,6.0
201700018388,0017-09-22 09:30:00,17,9,22,9,30,610,129,lieu dit HOMMERAY,48.46794,0.61541,Plein jour,Hors agglomération,Hors intersection,Normale,Autre collision,,,,,,,,,,,1,1,1,1.0,6.0
201700018389,0017-10-22 01:00:00,17,10,22,1,0,610,329,le bourg,48.4446,0.54725,Nuit avec éclairage non allumé,En agglomération,Autre intersection,Normale,Autre collision,,,,,,,,,,,4,2,9,1.0,6.0
201700018390,0017-10-31 15:30:00,17,10,31,15,30,610,329,lieu dit les Alliotières,48.45676,0.54706,Plein jour,Hors agglomération,Hors intersection,Normale,Deux véhicules - frontale,,,,,,,,,,,1,1,1,1.0,1.0
201700018391,0017-11-15 10:20:00,17,11,15,10,20,610,293,60 faubourg St Eloi,48.52345,0.53931,Plein jour,En agglomération,Hors intersection,Normale,Autre collision,,,,,,,,,,,1,2,1,1.0,6.0
201700018392,0017-01-30 07:30:00,17,1,30,7,30,610,214,avenue du maréchal DELAT,48.76421,0.62388,Nuit avec éclairage allumé,En agglomération,Intersection en X,Pluie légère,Deux véhicules - côté,,,,,,,,,,,5,2,2,2.0,3.0
201700018393,0017-01-21 19:30:00,17,1,21,19,30,610,214,D 13,48.77642,0.57955,Nuit sans éclairage public,Hors agglomération,Hors intersection,Normale,Autre collision,,,,,,,,,,,3,1,1,1.0,6.0
201700018394,0017-02-09 13:40:00,17,2,9,13,40,610,456,D926B,48.76215,0.65195,Plein jour,En agglomération,Hors intersection,Normale,Deux véhicules - côté,,,,,,,,,,,1,2,1,1.0,3.0
201700018395,0017-02-26 19:10:00,17,2,26,19,10,610,297,D32,48.6427,0.48943,Nuit sans éclairage public,Hors agglomération,Hors intersection,Normale,Autre collision,,,,,,,,,,,3,1,1,1.0,6.0
201700018396,0017-04-11 17:10:00,17,4,11,17,10,610,456,D918,48.76113,0.64845,Plein jour,En agglomération,Hors intersection,Normale,Deux véhicules - côté,,,,,,,,,,,1,2,1,1.0,3.0
201700018397,0017-04-15 17:50:00,17,4,15,17,50,610,406,D926,48.73214,0.50736,Plein jour,Hors agglomération,Giratoire,Pluie légère,Sans collision,,,,,,,,,,,1,1,6,2.0,7.0
201700018398,0017-04-04 17:15:00,17,4,4,17,15,610,456,"La Dérourbe, RD 926",48.76015,0.669,Plein jour,Hors agglomération,Hors intersection,Normale,Deux véhicules - arrière,,,,,,,,,,,1,1,1,1.0,2.0
201700018399,0017-04-16 12:10:00,17,4,16,12,10,610,282,PR 62 RD 438,48.89294,0.40115,Plein jour,Hors agglomération,Hors intersection,Normale,Sans collision,,,,,,,,,,,1,1,1,1.0,7.0
201700018400,0017-04-29 19:25:00,17,4,29,19,25,610,422,D28,48.6912,0.61073,Plein jour,Hors agglomération,Hors intersection,Normale,Deux véhicules - arrière,,,,,,,,,,,1,1,1,1.0,2.0
201700018401,0017-05-19 10:10:00,17,5,19,10,10,610,191,Le Boulay Filleul Nord,48.84195,0.6055,Plein jour,Hors agglomération,Hors intersection,Normale,Deux véhicules - côté,,,,,,,,,,,1,1,1,1.0,3.0
201700018402,0017-06-01 10:45:00,17,6,1,10,45,610,214,rue du docteur royer,48.76298,0.62854,Plein jour,En agglomération,Giratoire,Normale,Autre collision,,,,,,,,,,,1,2,6,1.0,6.0
201700018403,0017-06-21 04:50:00,17,6,21,4,50,610,423,D 930,48.79703,0.68269,Crépuscule ou aube,Hors agglomération,Hors intersection,Normale,Deux véhicules - arrière,,,,,,,,,,,2,1,1,1.0,2.0
201700018404,0017-06-21 12:15:00,17,6,21,12,15,610,423,Le Ménil,48.77965,0.69199,Plein jour,Hors agglomération,Hors intersection,Normale,Autre collision,,,,,,,,,,,1,1,1,1.0,6.0
201700018405,0017-09-17 08:00:00,17,9,17,8,0,610,100,D930,48.7191,0.61878,Plein jour,Hors agglomération,Hors intersection,Normale,Sans collision,,,,,,,,,,,1,1,1,1.0,7.0
201700018406,0017-10-19 02:00:00,17,10,19,2,0,610,488,D13,48.79646,0.42375,Nuit sans éclairage public,Hors agglomération,Hors intersection,Normale,Autre collision,,,,,,,,,,,3,1,1,1.0,6.0
201700018407,0017-10-20 19:45:00,17,10,20,19,45,610,214,La Beslière,48.73996,0.61933,Nuit sans éclairage public,Hors agglomération,Hors intersection,Normale,Deux véhicules - côté,,,,,,,,,,,3,1,1,1.0,3.0
201700018408,0017-10-22 00:40:00,17,10,22,0,40,610,214,16 quai   Catel,48.76599,0.62752,Nuit avec éclairage allumé,En agglomération,Intersection en T,Normale,Autre collision,,,,,,,,,,,5,2,3,1.0,6.0
201700018409,0017-11-09 00:45:00,17,11,9,0,45,610,432,d926,48.75694,0.69996,Nuit sans éclairage public,Hors agglomération,Hors intersection,Pluie légère,Autre collision,,,,,,,,,,,3,1,1,2.0,6.0
201700018410,0017-11-27 22:54:00,17,11,27,22,54,610,282,lieu dit le vallet,48.89578,0.3789,Nuit sans éclairage public,Hors agglomération,Hors intersection,Pluie forte,Deux véhicules - frontale,,,,,,,,,,,3,1,1,3.0,1.0
201700018411,0017-12-22 15:00:00,17,12,22,15,0,610,214,48 rue du docteur blaizo,48.75283,0.6366,Plein jour,En agglomération,Intersection en X,Pluie légère,Deux véhicules - côté,,,,,,,,,,,1,2,2,2.0,3.0
201700018412,0017-01-10 19:55:00,17,1,10,19,55,610,405,RD 11 - PK 9+080,48.33275,0.73939,Nuit sans éclairage public,Hors agglomération,Hors intersection,Pluie légère,Autre collision,,,,,,,,,,,3,1,1,2.0,6.0
201700018413,0017-03-23 20:30:00,17,3,23,20,30,610,359,GENETET,48.30548,0.7146,Nuit sans éclairage public,Hors agglomération,Hors intersection,Normale,Autre collision,,,,,,,,,,,3,1,1,1.0,6.0
201700018414,0017-04-12 21:15:00,17,4,12,21,15,610,394,Le moulin saint laurent,48.24684,0.61882,Nuit sans éclairage public,Hors agglomération,Hors intersection,Normale,Sans collision,,,,,,,,,,,3,1,1,1.0,7.0
201700018415,0017-04-18 17:00:00,17,4,18,17,0,610,394,Le Pressoir,48.25831,0.60851,Plein jour,Hors agglomération,Hors intersection,Normale,Autre collision,,,,,,,,,,,1,1,1,1.0,6.0
201700018416,0017-05-01 18:45:00,17,5,1,18,45,610,79,31 rue Edouard Fournier,48.22396,0.7518,Plein jour,En agglomération,Hors intersection,Normale,Autre collision,,,,,,,,,,,1,2,1,1.0,6.0
201700018417,0017-05-27 15:20:00,17,5,27,15,20,610,426,le nouveau monde,48.37644,0.55192,Plein jour,En agglomération,Hors intersection,Normale,Autre collision,,,,,,,,,,,1,2,1,1.0,6.0
201700018418,0017-06-01 18:30:00,17,6,1,18,30,610,79,Les Jouvetteries,48.23934,0.75246,Plein jour,Hors agglomération,Intersection en Y,Normale,Deux véhicules - frontale,,,,,,,,,,,1,1,4,1.0,1.0
201700018419,0017-06-16 12:00:00,17,6,16,12,0,610,43,Route de Nogent,48.34527,0.74605,Plein jour,En agglomération,Intersection en X,Normale,Deux véhicules - côté,,,,,,,,,,,1,2,2,1.0,3.0
201700018420,0017-08-04 15:45:00,17,8,4,15,45,610,43,D625,48.35286,0.74389,Plein jour,En agglomération,Intersection en T,Normale,Deux véhicules - côté,,,,,,,,,,,1,2,3,1.0,3.0
201700018421,0017-08-25 01:11:00,17,8,25,1,11,610,246,,48.26855,0.77095,Nuit sans éclairage public,Hors agglomération,Hors intersection,Normale,Deux véhicules - arrière,,,,,,,,,,,3,1,1,1.0,2.0
201700018422,0017-08-26 19:10:00,17,8,26,19,10,610,484,Lieu dit Durbois,48.26481,0.64913,Plein jour,Hors agglomération,Hors intersection,Normale,Sans collision,,,,,,,,,,,1,1,1,1.0,7.0
201700018423,0017-10-04 17:24:00,17,10,4,17,24,610,426,D955,48.36387,0.56158,Crépuscule ou aube,Hors agglomération,Intersection en X,Temps éblouissant,Deux véhicules - côté,,,,,,,,,,,2,1,2,7.0,3.0
201700018424,0017-10-26 14:45:00,17,10,26,14,45,610,196,3 route de mamers,48.3751,0.52586,Plein jour,En agglomération,Hors intersection,Normale,Deux véhicules - frontale,,,,,,,,,,,1,2,1,1.0,1.0
201700018425,0017-11-01 17:15:00,17,11,1,17,15,610,246,"lieu dit ""La Barassinièr",48.249,0.7038,Crépuscule ou aube,Hors agglomération,Hors intersection,Normale,Autre collision,,,,,,,,,,,2,1,1,1.0,6.0
201700018426,0017-12-23 11:15:00,17,12,23,11,15,610,426,RD 955,48.3639,0.56163,Plein jour,Hors agglomération,Intersection en X,Brouillard / fumée,Trois véhicules et plus - collisions multiples,,,,,,,,,,,1,1,2,5.0,5.0
201700018427,0017-12-30 21:50:00,17,12,30,21,50,610,501,La Branchardière,48.40053,0.76677,Nuit sans éclairage public,Hors agglomération,Hors intersection,Normale,Autre collision,,,,,,,,,,,3,1,1,1.0,6.0
201700018428,0017-12-27 18:00:00,17,12,27,18,0,610,299,RD45 la brosette,48.63502,0.8088,Nuit sans éclairage public,Hors agglomération,Hors intersection,Neige / grêle,Deux véhicules - frontale,,,,,,,,,,,3,1,1,4.0,1.0
201700018429,0017-01-19 10:10:00,17,1,19,10,10,610,491,RN 12 - lieu-dit La coup,48.5893,0.67803,Plein jour,Hors agglomération,Hors intersection,Normale,Deux véhicules - arrière,,,,,,,,,,,1,1,1,1.0,2.0
201700018430,0017-02-28 21:10:00,17,2,28,21,10,610,345,D10,48.4314,0.74984,Nuit sans éclairage public,Hors agglomération,Hors intersection,Vent fort / tempête,Autre collision,,,,,,,,,,,3,1,1,6.0,6.0
201700018431,0017-03-01 17:19:00,17,3,1,17,19,610,343,route de bresollettes,48.64167,0.66054,Plein jour,En agglomération,Hors intersection,Pluie forte,Autre collision,,,,,,,,,,,1,2,1,3.0,6.0
201700018432,0017-03-14 17:52:00,17,3,14,17,52,610,300,La bertinière,48.45604,0.82165,Plein jour,Hors agglomération,Hors intersection,Temps éblouissant,Deux véhicules - frontale,,,,,,,,,,,1,1,1,7.0,1.0
201700018433,0017-03-25 17:15:00,17,3,25,17,15,610,147,"RD 10, Lieu-dit ""La Tuil",48.42396,0.80054,Plein jour,En agglomération,Hors intersection,Normale,Deux véhicules - arrière,,,,,,,,,,,1,2,1,1.0,2.0
201700018434,0017-04-13 11:00:00,17,4,13,11,0,610,61,La Dourdannerie,48.44119,0.89221,Plein jour,Hors agglomération,Hors intersection,Normale,Deux véhicules - côté,,,,,,,,,,,1,1,1,1.0,3.0
201700018435,0017-05-21 01:15:00,17,5,21,1,15,610,230,La Réhardière,48.53743,0.74625,Nuit sans éclairage public,Hors agglomération,Hors intersection,Normale,Autre collision,,,,,,,,,,,3,1,1,1.0,6.0
201700018436,0017-05-22 08:00:00,17,5,22,8,0,610,116,La rapouillère - D 918,48.36476,0.85949,Plein jour,Hors agglomération,Hors intersection,Normale,Autre collision,,,,,,,,,,,1,1,1,1.0,6.0
201700018437,0017-05-22 16:15:00,17,5,22,16,15,610,343,Route de Sainte-Anne,48.64986,0.67353,Plein jour,En agglomération,Hors intersection,Normale,Deux véhicules - côté,,,,,,,,,,,1,2,1,1.0,3.0
201700018438,0017-06-20 20:20:00,17,6,20,20,20,610,226,Intersection RD32 et RD9,48.59995,0.58659,Plein jour,Hors agglomération,Intersection en X,Normale,Deux véhicules - côté,,,,,,,,,,,1,1,2,1.0,3.0
201700018439,0017-06-26 01:15:00,17,6,26,1,15,610,46,Lieu dit Mauque souri,48.49997,0.7483,Nuit sans éclairage public,Hors agglomération,Hors intersection,Normale,Autre collision,,,,,,,,,,,3,1,1,1.0,6.0
201700018440,0017-06-30 04:30:00,17,6,30,4,30,610,241,D613,48.47999,0.9191,Nuit sans éclairage public,Hors agglomération,Hors intersection,Pluie légère,Autre collision,,,,,,,,,,,3,1,1,2.0,6.0
201700018441,0017-10-01 23:20:00,17,10,1,23,20,610,395,la hoberdière,48.41079,0.85355,Nuit sans éclairage public,Hors agglomération,Hors intersection,Pluie légère,Autre collision,,,,,,,,,,,3,1,1,2.0,6.0