accident_id,datetime,annee,mois,jour,heure,minute,departement,commune_insee,adresse,latitude,longitude,luminosite,agglomeration,intersection,meteo,collision,nb_vehicules,nb_usagers,nb_indemnes,nb_tues,nb_blesses_hosp,nb_blesses_legers,age_cond_1,age_cond_2,veh_type_cond_1,veh_type_cond_2,lum_code,agg_code,int_code,atm_code,col_code
201700018442,0017-10-16 21:25:00,17,10,16,21,25,610,128,la cochardière,48.44722,0.68158,Nuit sans éclairage public,Hors agglomération,Hors intersection,Normale,Autre collision,,,,,,,,,,,3,1,1,1.0,6.0
201700018443,0017-10-26 20:35:00,17,10,26,20,35,610,116,"RD 203, lieu-dit Le Jarr",48.37576,0.86468,Nuit sans éclairage public,Hors agglomération,Hors intersection,Brouillard / fumée,Autre collision,,,,,,,,,,,3,1,1,5.0,6.0
201700018444,0017-11-16 14:00:00,17,11,16,14,0,610,458,route départementale 291,48.52196,0.69509,Plein jour,Hors agglomération,Hors intersection,Normale,Deux véhicules - frontale,,,,,,,,,,,1,1,1,1.0,1.0
201700018445,0017-01-05 14:40:00,17,1,5,14,40,760,711,R DU 8 MAI 1945,50.05792,1.3702,Plein jour,En agglomération,Intersection en Y,Normale,Deux véhicules - frontale,,,,,,,,,,,1,2,4,1.0,1.0
201700018446,0017-02-28 21:10:00,17,2,28,21,10,760,255,départementale,50.02846,1.42495,Nuit sans éclairage public,Hors agglomération,Hors intersection,Pluie forte,Autre collision,,,,,,,,,,,3,1,1,3.0,6.0
201700018447,0017-04-13 18:20:00,17,4,13,18,20,760,618,10 rue de la Bascule,49.95353,1.23341,Plein jour,En agglomération,Hors intersection,Normale,Sans collision,,,,,,,,,,,1,2,1,1.0,7.0
201700018448,0017-04-16 08:20:00,17,4,16,8,20,760,438,CD 126,49.97971,1.4773,Plein jour,Hors agglomération,Hors intersection,Normale,Autre collision,,,,,,,,,,,1,1,1,1.0,6.0
201700018449,0017-07-05 17:20:00,17,7,5,17,20,760,618,D113,49.95747,1.21482,Plein jour,Hors agglomération,Hors intersection,Temps éblouissant,Deux véhicules - frontale,,,,,,,,,,,1,1,1,7.0,1.0
201700018450,0017-07-07 11:53:00,17,7,7,11,53,800,533,RUE ANDRE DUMONT,50.07058,1.39229,Plein jour,En agglomération,Giratoire,Normale,Deux véhicules - côté,,,,,,,,,,,1,2,6,1.0,3.0
201700018451,0017-07-08 15:30:00,17,7,8,15,30,760,255,36 route de MERS,50.0586,1.41754,Plein jour,En agglomération,Hors intersection,Normale,Autre collision,,,,,,,,,,,1,2,1,1.0,6.0
201700018452,0017-08-13 21:30:00,17,8,13,21,30,760,192,8 rte touristique,50.04555,1.33162,Crépuscule ou aube,En agglomération,Hors intersection,Normale,Autre collision,,,,,,,,,,,2,2,1,1.0,6.0
201700018453,0017-08-16 16:30:00,17,8,16,16,30,760,711,place de la batterie,50.06297,1.36941,Plein jour,En agglomération,Place,Normale,Autre collision,,,,,,,,,,,1,2,7,1.0,6.0
201700018454,0017-11-14 09:35:00,17,11,14,9,35,760,255,rue de Dieppe,50.04304,1.41944,Plein jour,En agglomération,Hors intersection,Normale,Autre collision,,,,,,,,,,,1,2,1,1.0,6.0
201700018455,0017-11-18 12:30:00,17,11,18,12,30,760,711,34 avenue des canadiens,50.05817,1.38328,Plein jour,En agglomération,Hors intersection,Normale,Autre collision,,,,,,,,,,,1,2,1,1.0,6.0
201700018456,0017-12-02 13:35:00,17,12,2,13,35,760,671,D16 - ROUTE DE LA VALLÉE,49.95955,1.4172,Plein jour,Hors agglomération,Hors intersection,Pluie légère,Sans collision,,,,,,,,,,,1,1,1,2.0,7.0
201700018457,0017-01-17 15:45:00,17,1,17,15,45,630,40,Carrefour RD997 / RD997B,45.74068,3.33318,Plein jour,Hors agglomération,Intersection en Y,Normale,Autre collision,,,,,,,,,,,1,1,4,1.0,6.0
201700018458,0017-02-28 13:00:00,17,2,28,13,0,630,434,D225,45.69185,3.59306,Plein jour,Hors agglomération,Hors intersection,Normale,Sans collision,,,,,,,,,,,1,1,1,1.0,7.0
201700018459,0017-04-10 12:15:00,17,4,10,12,15,630,453,avenue Jacques Duclos -,45.78593,3.28787,Plein jour,En agglomération,Intersection en Y,Normale,Autre collision,,,,,,,,,,,1,2,4,1.0,6.0
201700018460,0017-04-02 06:10:00,17,4,2,6,10,630,155,La rochette,45.67448,3.44269,Crépuscule ou aube,Hors agglomération,Hors intersection,Normale,Autre collision,,,,,,,,,,,2,1,1,1.0,6.0
201700018461,0017-04-14 16:00:00,17,4,14,16,0,630,273,route de Billom,45.72732,3.2371,Plein jour,En agglomération,Intersection en Y,Normale,Sans collision,,,,,,,,,,,1,2,4,1.0,7.0
201700018462,0017-05-23 16:00:00,17,5,23,16,0,630,368,D229,45.6879,3.28863,Plein jour,Hors agglomération,Hors intersection,Normale,Sans collision,,,,,,,,,,,1,1,1,1.0,7.0
201700018463,0017-07-26 08:15:00,17,7,26,8,15,630,40,Place de la Halle,45.72335,3.34008,Plein jour,En agglomération,Place,Normale,Autre collision,,,,,,,,,,,1,2,7,1.0,6.0
201700018464,0017-08-07 18:55:00,17,8,7,18,55,630,229,d10/ d104,45.78016,3.3509,Plein jour,Hors agglomération,Intersection en X,Normale,Deux véhicules - côté,,,,,,,,,,,1,1,2,1.0,3.0
201700018465,0017-08-12 22:35:00,17,8,12,22,35,630,49,6 route de Chignat,45.77818,3.31506,Crépuscule ou aube,En agglomération,Hors intersection,Normale,Autre collision,,,,,,,,,,,2,2,1,1.0,6.0
201700018466,0017-09-07 08:20:00,17,9,7,8,20,630,154,PK 5 + 100 sur la D997,45.74828,3.32376,Plein jour,Hors agglomération,Hors intersection,Normale,Deux véhicules - côté,,,,,,,,,,,1,1,1,1.0,3.0
201700018467,0017-01-05 12:30:00,17,1,5,12,30,630,306,D1,45.70854,3.21936,Plein jour,Hors agglomération,Hors intersection,Normale,Autre collision,,,,,,,,,,,1,1,1,1.0,6.0
201700018468,0017-03-20 16:25:00,17,3,20,16,25,630,282,RD 3 PK 19 + 100,45.62014,3.1481,Plein jour,Hors agglomération,Hors intersection,Normale,Autre collision,,,,,,,,,,,1,1,1,1.0,6.0
201700018469,0017-04-08 18:45:00,17,4,8,18,45,630,407,RD 5 - PK 20+900,45.63122,2.89203,Plein jour,Hors agglomération,Hors intersection,Normale,Sans collision,,,,,,,,,,,1,1,1,1.0,7.0
201700018470,0017-04-29 21:00:00,17,4,29,21,0,630,350,PK 13+400 - RD 212,45.72478,3.27834,Crépuscule ou aube,Hors agglomération,Intersection en X,Normale,Deux véhicules - côté,,,,,,,,,,,2,1,2,1.0,3.0
201700018471,0017-05-07 20:30:00,17,5,7,20,30,630,457,Route départementale 225,45.64354,3.24267,Crépuscule ou aube,En agglomération,Hors intersection,Normale,Sans collision,,,,,,,,,,,2,2,1,1.0,7.0
201700018472,0017-05-13 14:10:00,17,5,13,14,10,630,282,D978,45.63106,3.15534,Plein jour,Hors agglomération,Hors intersection,Pluie légère,Sans collision,,,,,,,,,,,1,1,1,2.0,7.0
201700018473,0017-05-10 11:45:00,17,5,10,11,45,630,84,route de varennes,45.70595,3.05658,Plein jour,Hors agglomération,Hors intersection,Normale,Deux véhicules - frontale,,,,,,,,,,,1,1,1,1.0,1.0
201700018474,0017-05-19 17:15:00,17,5,19,17,15,630,205,cd 225,45.60174,3.36704,Plein jour,Hors agglomération,Hors intersection,Normale,Autre collision,,,,,,,,,,,1,1,1,1.0,6.0
201700018475,0017-08-03 07:30:00,17,8,3,7,30,630,26,D213,45.6699,3.00508,Plein jour,En agglomération,Intersection en T,Normale,Deux véhicules - côté,,,,,,,,,,,1,2,3,1.0,3.0
201700018476,0017-08-22 12:55:00,17,8,22,12,55,630,126,rue neuve,45.68647,3.12538,Plein jour,En agglomération,Intersection en Y,Normale,Autre collision,,,,,,,,,,,1,2,4,1.0,6.0
201700018477,0017-09-16 18:00:00,17,9,16,18,0,630,282,D978 PK17,45.6053,3.15244,Plein jour,Hors agglomération,Hors intersection,Normale,Deux véhicules - frontale,,,,,,,,,,,1,1,1,1.0,1.0
201700018478,0017-10-11 17:35:00,17,10,11,17,35,630,26,PK 78+650 - RD 2089,45.68309,2.95555,Plein jour,Hors agglomération,Hors intersection,Normale,Trois véhicules et plus - collisions multiples,,,,,,,,,,,1,1,1,1.0,5.0
201700018479,0017-10-15 02:05:00,17,10,15,2,5,630,26,rue de la vallée,45.67099,2.99996,Nuit avec éclairage allumé,En agglomération,Hors intersection,Normale,Autre collision,,,,,,,,,,,5,2,1,1.0,6.0
201700018480,0017-10-26 13:55:00,17,10,26,13,55,630,302,CD 978,45.71999,3.15519,Plein jour,Hors agglomération,Hors intersection,Normale,Trois véhicules et plus - en chaîne,,,,,,,,,,,1,1,1,1.0,4.0
201700018481,0017-10-29 17:15:00,17,10,29,17,15,630,315,Place darteyre,45.66941,3.10726,Plein jour,En agglomération,Hors intersection,Normale,Autre collision,,,,,,,,,,,1,2,1,1.0,6.0
201700018482,0017-11-04 13:35:00,17,11,4,13,35,630,214,"D8, pk 13.500",,,Plein jour,En agglomération,Hors intersection,Normale,Deux véhicules - frontale,,,,,,,,,,,1,2,1,1.0,1.0
201700018483,0017-12-08 16:15:00,17,12,8,16,15,630,126,RD 213,,,Plein jour,Hors agglomération,Hors intersection,Normale,Trois véhicules et plus - collisions multiples,,,,,,,,,,,1,1,1,1.0,5.0
201700018484,0017-12-11 18:35:00,17,12,11,18,35,630,26,"D90, route des puits d'a",,,Nuit sans éclairage public,En agglomération,Hors intersection,Pluie légère,Deux véhicules - côté,,,,,,,,,,,3,2,1,2.0,3.0
201700018485,0017-02-05 19:20:00,17,2,5,19,20,630,3,10 rue Blaise Pascal,45.54791,3.74533,Nuit avec éclairage allumé,En agglomération,Hors intersection,Normale,Autre collision,,,,,,,,,,,5,2,1,1.0,6.0
201700018486,0017-02-19 14:15:00,17,2,19,14,15,630,10,chem le long du ruisseau,45.42072,3.72302,Plein jour,En agglomération,Hors intersection,Normale,Autre collision,,,,,,,,,,,1,2,1,1.0,6.0
201700018487,0017-02-20 17:00:00,17,2,20,17,0,630,341,route du puy,45.5324,3.7279,Plein jour,Hors agglomération,Giratoire,Normale,Deux véhicules - côté,,,,,,,,,,,1,1,6,1.0,3.0
201700018488,0017-02-21 14:00:00,17,2,21,14,0,630,179,Rabousse (ld),45.61033,3.74434,Plein jour,En agglomération,Hors intersection,Normale,Sans collision,,,,,,,,,,,1,2,1,1.0,7.0
201700018489,0017-03-03 23:45:00,17,3,3,23,45,630,179,RD 66,45.62127,3.7447,Nuit sans éclairage public,Hors agglomération,Hors intersection,Vent fort / tempête,Sans collision,,,,,,,,,,,3,1,1,6.0,7.0
201700018490,0017-03-13 13:15:00,17,3,13,13,15,630,139,Le Besset,45.37105,3.76938,Plein jour,Hors agglomération,Hors intersection,Normale,Sans collision,,,,,,,,,,,1,1,1,1.0,7.0
201700018491,0017-04-21 15:20:00,17,4,21,15,20,630,3,1 place saint jean,45.55056,3.73992,Plein jour,En agglomération,Intersection en X,Normale,Autre collision,,,,,,,,,,,1,2,2,1.0,6.0
201700018492,0017-06-02 07:05:00,17,6,2,7,5,630,211,LES QUATRE ROUTES,45.46071,3.7252,Plein jour,Hors agglomération,Intersection en X,Normale,Deux véhicules - frontale,,,,,,,,,,,1,1,2,1.0,1.0
201700018493,0017-06-05 05:00:00,17,6,5,5,0,630,3,lieu-dit Fournet,45.56263,3.75723,Crépuscule ou aube,Hors agglomération,Hors intersection,Normale,Autre collision,,,,,,,,,,,2,1,1,1.0,6.0
201700018494,0017-06-18 22:00:00,17,6,18,22,0,630,10,Lieu-dit Vivic,45.41215,3.76991,Nuit sans éclairage public,Hors agglomération,Hors intersection,Normale,Autre collision,,,,,,,,,,,3,1,1,1.0,6.0
201700018495,0017-06-19 09:50:00,17,6,19,9,50,630,3,LA MURETTE,45.52466,3.75294,Plein jour,Hors agglomération,Intersection en X,Normale,Deux véhicules - côté,,,,,,,,,,,1,1,2,1.0,3.0
201700018496,0017-07-08 11:30:00,17,7,8,11,30,630,3,Lieu-dit Morel De Haut,45.55083,3.79346,Plein jour,Hors agglomération,Autre intersection,Normale,Deux véhicules - arrière,,,,,,,,,,,1,1,9,1.0,2.0
201700018497,0017-07-14 17:30:00,17,7,14,17,30,630,139,Intersection CD 202 - CD,45.38852,3.74329,Plein jour,Hors agglomération,Intersection en Y,Normale,Deux véhicules - arrière,,,,,,,,,,,1,1,4,1.0,2.0
201700018498,0017-07-15 15:30:00,17,7,15,15,30,630,3,route départementale 996,,,Plein jour,Hors agglomération,Hors intersection,Normale,Sans collision,,,,,,,,,,,1,1,1,1.0,7.0
201700018499,0017-08-16 07:40:00,17,8,16,7,40,630,341,Les Roches,45.5535,3.67652,Plein jour,Hors agglomération,Hors intersection,Normale,Autre collision,,,,,,,,,,,1,1,1,1.0,6.0
201700018500,0017-09-23 15:00:00,17,9,23,15,0,630,10,906/av gare/faucon,45.41242,3.72497,Plein jour,En agglomération,Intersection en X,Normale,Deux véhicules - côté,,,,,,,,,,,1,2,2,1.0,3.0
201700018501,0017-09-26 08:00:00,17,9,26,8,0,630,412,Lieu dit Le Marais,45.37715,3.87322,Plein jour,Hors agglomération,Hors intersection,Pluie légère,Autre collision,,,,,,,,,,,1,1,1,2.0,6.0
201700018502,0017-10-14 10:20:00,17,10,14,10,20,630,3,Boisseyre,45.54361,3.70853,Plein jour,Hors agglomération,Hors intersection,Normale,Autre collision,,,,,,,,,,,1,1,1,1.0,6.0
201700018503,0017-12-10 18:30:00,17,12,10,18,30,630,341,CD 906,45.51589,3.72739,Nuit sans éclairage public,Hors agglomération,Hors intersection,Temps couvert,Deux véhicules - arrière,,,,,,,,,,,3,1,1,8.0,2.0
201700018504,0017-05-24 16:20:00,17,5,24,16,20,630,207,D906,45.64632,3.66627,Plein jour,Hors agglomération,Hors intersection,Normale,Trois véhicules et plus - collisions multiples,,,,,,,,,,,1,1,1,1.0,5.0
201700018505,0017-07-04 14:10:00,17,7,4,14,10,630,258,RD 906 - PK 47+900,45.67688,3.63778,Plein jour,Hors agglomération,Hors intersection,Normale,Sans collision,,,,,,,,,,,1,1,1,1.0,7.0
201700018506,0017-07-08 16:40:00,17,7,8,16,40,630,207,La Paterie,45.64734,3.69939,Plein jour,En agglomération,Hors intersection,Normale,Autre collision,,,,,,,,,,,1,2,1,1.0,6.0
201700018507,0017-07-14 11:30:00,17,7,14,11,30,630,86,d 65 PK 16-200,45.63005,3.62881,Plein jour,Hors agglomération,Hors intersection,Normale,Sans collision,,,,,,,,,,,1,1,1,1.0,7.0
201700018508,0017-02-07 07:45:00,17,2,7,7,45,630,178,27  boulevard  pasteur,45.5501,3.2482,Crépuscule ou aube,En agglomération,Hors intersection,Pluie légère,Autre collision,,,,,,,,,,,2,2,1,2.0,6.0
201700018509,0017-03-20 07:15:00,17,3,20,7,15,630,121,debut pont allier,45.61356,3.21091,Plein jour,En agglomération,Hors intersection,Normale,Deux véhicules - frontale,,,,,,,,,,,1,2,1,1.0,1.0
201700018510,0017-04-02 04:25:00,17,4,2,4,25,630,178,route de perrier,45.54354,3.23799,Nuit avec éclairage allumé,En agglomération,Intersection en T,Normale,Autre collision,,,,,,,,,,,5,2,3,1.0,6.0
201700018511,0017-04-15 11:30:00,17,4,15,11,30,630,54,Les Vignauds,45.504,3.25426,Plein jour,Hors agglomération,Hors intersection,Normale,Deux véhicules - frontale,,,,,,,,,,,1,1,1,1.0,1.0
201700018512,0017-04-24 17:35:00,17,4,24,17,35,630,330,D26/D620,45.55349,3.14169,Plein jour,En agglomération,Intersection en T,Normale,Deux véhicules - côté,,,,,,,,,,,1,2,3,1.0,3.0
201700018513,0017-05-24 08:35:00,17,5,24,8,35,630,261,"route d'Issoire, Lieu-di",45.56246,3.29199,Plein jour,En agglomération,Intersection en T,Normale,Deux véhicules - côté,,,,,,,,,,,1,2,3,1.0,3.0
201700018514,0017-06-09 09:50:00,17,6,9,9,50,630,222,Route de Besse,45.55063,3.17034,Plein jour,Hors agglomération,Hors intersection,Temps éblouissant,Deux véhicules - arrière,,,,,,,,,,,1,1,1,7.0,2.0
201700018515,0017-07-02 08:00:00,17,7,2,8,0,630,111,RD28 - PR 015+800,,,Plein jour,Hors agglomération,Hors intersection,Temps couvert,Deux véhicules - frontale,,,,,,,,,,,1,1,1,8.0,1.0
201700018516,0017-06-16 12:45:00,17,6,16,12,45,630,178,rue george besse / av Pi,45.55173,3.26082,Plein jour,En agglomération,Intersection en X,Normale,Deux véhicules - côté,,,,,,,,,,,1,2,2,1.0,3.0
201700018517,0017-07-11 18:15:00,17,7,11,18,15,630,422,Intersection D32/D717,45.52477,3.21854,Plein jour,Hors agglomération,Intersection en X,Normale,Deux véhicules - côté,,,,,,,,,,,1,1,2,1.0,3.0
201700018518,0017-07-15 17:30:00,17,7,15,17,30,630,342,D26 - PR9,45.54583,3.08066,Plein jour,Hors agglomération,Hors intersection,Normale,Sans collision,,,,,,,,,,,1,1,1,1.0,7.0
201700018519,0017-09-23 11:57:00,17,9,23,11,57,630,380,D150,45.58773,2.99329,Plein jour,En agglomération,Hors intersection,Normale,Deux véhicules - frontale,,,,,,,,,,,1,2,1,1.0,1.0
201700018520,0017-09-27 17:45:00,17,9,27,17,45,630,250,cd 996 PK 53+100,45.60415,3.18125,Plein jour,Hors agglomération,Hors intersection,Normale,Autre collision,,,,,,,,,,,1,1,1,1.0,6.0
201700018521,0017-10-04 07:45:00,17,10,4,7,45,630,178,7 boulevard pasteur,45.54656,3.24495,Crépuscule ou aube,En agglomération,Hors intersection,Normale,Autre collision,,,,,,,,,,,2,2,1,1.0,6.0
201700018522,0017-10-07 11:30:00,17,10,7,11,30,630,178,rue de Bizaleix/ mermoz,45.54628,3.2237,Plein jour,En agglomération,Hors intersection,Normale,Deux véhicules - côté,,,,,,,,,,,1,2,1,1.0,3.0
201700018523,0017-12-07 12:30:00,17,12,7,12,30,630,109,D26,45.55093,3.14936,Plein jour,Hors agglomération,Intersection en T,Normale,Deux véhicules - côté,,,,,,,,,,,1,1,3,1.0,3.0
201700018524,0017-12-12 19:15:00,17,12,12,19,15,630,178,7 et 9 boulevard pasteur,45.54679,3.24534,Nuit avec éclairage allumé,En agglomération,Intersection en T,Normale,Deux véhicules - côté,,,,,,,,,,,5,2,3,1.0,3.0
201700018525,0017-12-14 17:00:00,17,12,14,17,0,630,54,lieu- dit couze,45.48613,3.25438,Crépuscule ou aube,Hors agglomération,Hors intersection,Autre,Deux véhicules - frontale,,,,,,,,,,,2,1,1,9.0,1.0
201700018526,0017-12-14 15:15:00,17,12,14,15,15,630,178,584 route de Perrier,45.54352,3.23082,Plein jour,En agglomération,Hors intersection,Pluie légère,Autre collision,,,,,,,,,,,1,2,1,2.0,6.0
201700018527,0017-02-13 09:00:00,17,2,13,9,0,630,448,D999 Pk 18+500,45.47519,3.45998,Plein jour,Hors agglomération,Hors intersection,Vent fort / tempête,Autre collision,,,,,,,,,,,1,1,1,6.0,6.0
201700018528,0017-09-20 17:30:00,17,9,20,17,30,630,340,pk 3+780,45.50705,3.38421,Plein jour,Hors agglomération,Hors intersection,Temps éblouissant,Deux véhicules - frontale,,,,,,,,,,,1,1,1,7.0,1.0
201700018529,0017-11-04 10:30:00,17,11,4,10,30,630,182,rue du stade,45.42874,3.33991,Plein jour,En agglomération,Hors intersection,Normale,Sans collision,,,,,,,,,,,1,2,1,1.0,7.0
201700018530,0017-11-30 19:15:00,17,11,30,19,15,630,22,PK 21+200,,,Nuit sans éclairage public,Hors agglomération,Hors intersection,Pluie légère,Deux véhicules - frontale,,,,,,,,,,,3,1,1,2.0,1.0
201700018531,0017-01-20 17:09:00,17,1,20,17,9,630,242,CD 909,45.41531,3.26031,Nuit sans éclairage public,Hors agglomération,Hors intersection,Normale,Autre collision,,,,,,,,,,,3,1,1,1.0,6.0
201700018532,0017-03-19 16:15:00,17,3,19,16,15,630,9,RD 714 - PK 01.050,45.39716,3.13383,Plein jour,Hors agglomération,Hors intersection,Normale,Deux véhicules - frontale,,,,,,,,,,,1,1,1,1.0,1.0
201700018533,0017-12-06 14:20:00,17,12,6,14,20,630,352,11 ter route d'Ardes,45.45659,3.23729,Plein jour,En agglomération,Hors intersection,Temps éblouissant,Autre collision,,,,,,,,,,,1,2,1,7.0,6.0
201700018534,0017-01-30 06:00:00,17,1,30,6,0,630,426,lieu dit pont vieux,45.5352,2.6214,Nuit sans éclairage public,Hors agglomération,Hors intersection,Pluie légère,Sans collision,,,,,,,,,,,3,1,1,2.0,7.0
201700018535,0017-03-11 17:20:00,17,3,11,17,20,630,336,le pommier,45.477,2.73387,Plein jour,Hors agglomération,Hors intersection,Normale,Deux véhicules - frontale,,,,,,,,,,,1,1,1,1.0,1.0
201700018536,0017-03-26 11:50:00,17,3,26,11,50,630,397,rue les Ludines,45.61001,2.69261,Plein jour,En agglomération,Hors intersection,Normale,Sans collision,,,,,,,,,,,1,2,1,1.0,7.0
201700018537,0017-05-03 09:20:00,17,5,3,9,20,630,236,"Départementale 130 ""La S",45.58647,2.79414,Plein jour,Hors agglomération,Intersection en T,Normale,Sans collision,,,,,,,,,,,1,1,3,1.0,7.0
201700018538,0017-05-18 08:15:00,17,5,18,8,15,630,397,RD 996,45.60324,2.70445,Plein jour,Hors agglomération,Hors intersection,Pluie légère,Deux véhicules - frontale,,,,,,,,,,,1,1,1,2.0,1.0
201700018539,0017-05-27 13:20:00,17,5,27,13,20,630,236,Pied du SANCY,45.54213,2.81412,Plein jour,Hors agglomération,Hors intersection,Temps éblouissant,Deux véhicules - côté,,,,,,,,,,,1,1,1,7.0,3.0
201700018540,0017-06-05 12:00:00,17,6,5,12,0,630,236,ROUTE DEPARTEMENTALE 983,45.59081,2.82456,Plein jour,Hors agglomération,Hors intersection,Normale,Deux véhicules - frontale,,,,,,,,,,,1,1,1,1.0,1.0
201700018541,0017-07-29 16:15:00,17,7,29,16,15,630,236,D996,45.59468,2.83387,Plein jour,Hors agglomération,Hors intersection,Normale,Sans collision,,,,,,,,,,,1,1,1,1.0,7.0
201700018542,0017-08-08 08:15:00,17,8,8,8,15,630,48,CD 987,45.6719,2.56772,Plein jour,Hors agglomération,Hors intersection,Pluie légère,Deux véhicules - côté,,,,,,,,,,,1,1,1,2.0,3.0
201700018543,0017-08-13 20:30:00,17,8,13,20,30,630,397,D219,45.61525,2.71576,Crépuscule ou aube,Hors agglomération,Hors intersection,Normale,Sans collision,,,,,,,,,,,2,1,1,1.0,7.0
201700018544,0017-08-26 14:05:00,17,8,26,14,5,630,236,RD 996 - cascade du saut,45.58271,2.81648,Plein jour,Hors agglomération,Hors intersection,Normale,Autre collision,,,,,,,,,,,1,1,1,1.0,6.0
201700018545,0017-09-04 20:55:00,17,9,4,20,55,630,421,RD 73,45.5618,2.54843,Nuit sans éclairage public,Hors agglomération,Hors intersection,Normale,Autre collision,,,,,,,,,,,3,1,1,1.0,6.0
201700018546,0017-10-27 14:15:00,17,10,27,14,15,630,397,rd 996,45.60795,2.69686,Plein jour,Hors agglomération,Hors intersection,Normale,Deux véhicules - frontale,,,,,,,,,,,1,1,1,1.0,1.0
201700018547,0017-12-31 11:25:00,17,12,31,11,25,630,295,place des Sports,46.01856,3.355,Plein jour,En agglomération,Intersection en T,Normale,Deux véhicules - côté,,,,,,,,,,,1,2,3,1.0,3.0
201700018548,0017-01-11 12:40:00,17,1,11,12,40,630,322,RD 427a  1100m du RD de,45.84423,3.1786,Plein jour,Hors agglomération,Hors intersection,Normale,Deux véhicules - frontale,,,,,,,,,,,1,1,1,1.0,1.0
201700018549,0017-02-14 11:40:00,17,2,14,11,40,630,387,D59 PR 6+500,46.01811,3.42434,Plein jour,Hors agglomération,Hors intersection,Normale,Deux véhicules - frontale,,,,,,,,,,,1,1,1,1.0,1.0
201700018550,0017-03-26 05:50:00,17,3,26,5,50,630,322,CD 426 - PK 1+500,45.8545,3.17781,Nuit sans éclairage public,Hors agglomération,Hors intersection,Normale,Autre collision,,,,,,,,,,,3,1,1,1.0,6.0
201700018551,0017-03-21 17:00:00,17,3,21,17,0,630,387,D59,46.00975,3.46287,Plein jour,Hors agglomération,Hors intersection,Pluie forte,Autre collision,,,,,,,,,,,1,1,1,3.0,6.0
201700018552,0017-04-17 04:20:00,17,4,17,4,20,630,372,D224 + 400,45.90246,3.293,Nuit sans éclairage public,Hors agglomération,Hors intersection,Normale,Sans collision,,,,,,,,,,,3,1,1,1.0,7.0
201700018553,0017-06-24 19:35:00,17,6,24,19,35,630,295,croisement D59 3+902 et,46.01726,3.37286,Plein jour,Hors agglomération,Intersection en T,Normale,Sans collision,,,,,,,,,,,1,1,3,1.0,7.0
201700018554,0017-10-06 06:30:00,17,10,6,6,30,630,295,CD 1093 - PK 8 + 200 - J,45.99584,3.35175,Nuit sans éclairage public,Hors agglomération,Hors intersection,Temps couvert,Deux véhicules - frontale,,,,,,,,,,,3,1,1,8.0,1.0
201700018555,0017-10-15 07:10:00,17,10,15,7,10,630,400,RD434/rue des réunies,46.04236,3.36379,Crépuscule ou aube,Hors agglomération,Intersection en T,Normale,Deux véhicules - côté,,,,,,,,,,,2,1,3,1.0,3.0
201700018556,0017-10-17 19:35:00,17,10,17,19,35,630,322,CD210 PK 09 + 550,45.85642,3.18098,Nuit sans éclairage public,Hors agglomération,Intersection en Y,Normale,Trois véhicules et plus - collisions multiples,,,,,,,,,,,3,1,4,1.0,5.0
201700018557,0017-11-15 16:40:00,17,11,15,16,40,630,322,15 rue du Stade,45.85389,3.17844,Crépuscule ou aube,En agglomération,Hors intersection,Normale,Autre collision,,,,,,,,,,,2,2,1,1.0,6.0
201700018558,0017-03-03 21:35:00,17,3,3,21,35,630,85,RD 62,45.8927,2.85568,Nuit sans éclairage public,Hors agglomération,Hors intersection,Normale,Autre collision,,,,,,,,,,,3,1,1,1.0,6.0
201700018559,0017-03-21 06:45:00,17,3,21,6,45,630,115,Le Montaurier,45.83947,2.63915,Nuit sans éclairage public,Hors agglomération,Hors intersection,Normale,Sans collision,,,,,,,,,,,3,1,1,1.0,7.0
201700018560,0017-04-18 11:54:00,17,4,18,11,54,630,170,BALLOT,45.85201,2.69164,Plein jour,Hors agglomération,Hors intersection,Normale,Deux véhicules - frontale,,,,,,,,,,,1,1,1,1.0,1.0
201700018561,0017-04-18 18:20:00,17,4,18,18,20,630,170,RD 941/581,45.8374,2.7301,Plein jour,Hors agglomération,Intersection en X,Normale,Deux véhicules - côté,,,,,,,,,,,1,1,2,1.0,3.0
201700018562,0017-05-26 20:00:00,17,5,26,20,0,630,85,La garde,45.88864,2.81719,Crépuscule ou aube,Hors agglomération,Hors intersection,Normale,Autre collision,,,,,,,,,,,2,1,1,1.0,6.0
201700018563,0017-08-09 11:55:00,17,8,9,11,55,630,165,Avenue de l'industrie,45.80071,2.4705,Plein jour,Hors agglomération,Intersection en T,Normale,Autre collision,,,,,,,,,,,1,1,3,1.0,6.0
201700018564,0017-08-31 19:45:00,17,8,31,19,45,630,381,Route départementale 943,45.86085,2.96637,Crépuscule ou aube,Hors agglomération,Hors intersection,Normale,Autre collision,,,,,,,,,,,2,1,1,1.0,6.0
201700018565,0017-09-06 16:15:00,17,9,6,16,15,630,381,Le vauriat,45.86187,2.91725,Plein jour,Hors agglomération,Hors intersection,Normale,Deux véhicules - frontale,,,,,,,,,,,1,1,1,1.0,1.0