accident_id,datetime,annee,mois,jour,heure,minute,departement,commune_insee,adresse,latitude,longitude,luminosite,agglomeration,intersection,meteo,collision,nb_vehicules,nb_usagers,nb_indemnes,nb_tues,nb_blesses_hosp,nb_blesses_legers,age_cond_1,age_cond_2,veh_type_cond_1,veh_type_cond_2,lum_code,agg_code,int_code,atm_code,col_code
201700018566,0017-09-29 12:52:00,17,9,29,12,52,630,283,RD 206,45.87138,2.6725,Plein jour,Hors agglomération,Hors intersection,Normale,Sans collision,,,,,,,,,,,1,1,1,1.0,7.0
201700018567,0017-11-11 06:30:00,17,11,11,6,30,630,165,CD98/jeandaleix,45.81855,2.44972,Crépuscule ou aube,Hors agglomération,Hors intersection,Pluie légère,Autre collision,,,,,,,,,,,2,1,1,2.0,6.0
201700018568,0017-12-08 20:50:00,17,12,8,20,50,630,85,LIEU-DIT L'ETREILLE,45.91613,2.85177,Nuit avec éclairage allumé,Hors agglomération,Hors intersection,Autre,Deux véhicules - frontale,,,,,,,,,,,5,1,1,9.0,1.0
201700018569,0017-12-11 07:30:00,17,12,11,7,30,630,228,CD19 - lieu dit DIOUX,45.90772,2.71802,Crépuscule ou aube,Hors agglomération,Hors intersection,Pluie légère,Deux véhicules - frontale,,,,,,,,,,,2,1,1,2.0,1.0
201700018570,0017-12-13 17:00:00,17,12,13,17,0,630,85,D62,45.87365,2.88419,Crépuscule ou aube,Hors agglomération,Hors intersection,Pluie légère,Deux véhicules - frontale,,,,,,,,,,,2,1,1,2.0,1.0
201700018571,0017-02-14 08:45:00,17,2,14,8,45,630,286,RD 2144 - PK 27+500,46.08478,2.96916,Plein jour,Hors agglomération,Hors intersection,Pluie légère,Trois véhicules et plus - collisions multiples,,,,,,,,,,,1,1,1,2.0,5.0
201700018572,0017-03-11 14:15:00,17,3,11,14,15,630,62,D13 - Les Sagnettes,46.20733,2.82819,Plein jour,Hors agglomération,Hors intersection,Normale,Autre collision,,,,,,,,,,,1,1,1,1.0,6.0
201700018573,0017-03-16 18:30:00,17,3,16,18,30,630,382,D2144,46.05456,3.02001,Crépuscule ou aube,En agglomération,Intersection en T,Normale,Deux véhicules - côté,,,,,,,,,,,2,2,3,1.0,3.0
201700018574,0017-03-18 15:15:00,17,3,18,15,15,630,338,Les Vendes - D2144,46.15563,2.83692,Plein jour,En agglomération,Hors intersection,Normale,Autre collision,,,,,,,,,,,1,2,1,1.0,6.0
201700018575,0017-03-26 22:30:00,17,3,26,22,30,630,391,RD 109,46.08887,2.92698,Nuit sans éclairage public,Hors agglomération,Hors intersection,Normale,Sans collision,,,,,,,,,,,3,1,1,1.0,7.0
201700018576,0017-04-17 18:40:00,17,4,17,18,40,630,338,Lieu dit Les Vendes,46.14711,2.83232,Plein jour,Hors agglomération,Hors intersection,Normale,Autre collision,,,,,,,,,,,1,1,1,1.0,6.0
201700018577,0017-04-22 02:45:00,17,4,22,2,45,630,391,D99,46.06854,2.95755,Nuit sans éclairage public,Hors agglomération,Hors intersection,Normale,Sans collision,,,,,,,,,,,3,1,1,1.0,7.0
201700018578,0017-05-09 14:45:00,17,5,9,14,45,630,428,Lieu dit la boge,46.08139,2.79607,Plein jour,Hors agglomération,Hors intersection,Normale,Sans collision,,,,,,,,,,,1,1,1,1.0,7.0
201700018579,0017-06-08 22:50:00,17,6,8,22,50,630,338,RD2144,46.14419,2.85186,Nuit sans éclairage public,Hors agglomération,Hors intersection,Normale,Sans collision,,,,,,,,,,,3,1,1,1.0,7.0
201700018580,0017-08-19 11:15:00,17,8,19,11,15,630,223,lieu-dit la boule,46.1371,2.86074,Plein jour,En agglomération,Hors intersection,Normale,Deux véhicules - arrière,,,,,,,,,,,1,2,1,1.0,2.0
201700018581,0017-11-22 08:15:00,17,11,22,8,15,630,223,RD 2144,,,Plein jour,Hors agglomération,Hors intersection,Normale,Deux véhicules - frontale,,,,,,,,,,,1,1,1,1.0,1.0
201700018582,0017-11-27 17:15:00,17,11,27,17,15,630,233,RD 988/RD988B,46.17464,2.80252,Crépuscule ou aube,Hors agglomération,Intersection en X,Normale,Deux véhicules - frontale,,,,,,,,,,,2,1,2,1.0,1.0
201700018583,0017-12-14 15:20:00,17,12,14,15,20,630,281,Les  monteix,46.12136,2.68103,Plein jour,Hors agglomération,Intersection en X,Normale,Deux véhicules - côté,,,,,,,,,,,1,1,2,1.0,3.0
201700018584,0017-01-26 08:30:00,17,1,26,8,30,630,430,Rue de Paris,45.86,3.5457,Plein jour,En agglomération,Hors intersection,Normale,Autre collision,,,,,,,,,,,1,2,1,1.0,6.0
201700018585,0017-02-01 18:00:00,17,2,1,18,0,630,430,rond point du Moutier,45.85019,3.53848,Nuit avec éclairage allumé,En agglomération,Giratoire,Normale,Autre collision,,,,,,,,,,,5,2,6,1.0,6.0
201700018586,0017-03-30 12:10:00,17,3,30,12,10,630,430,59 avenue léo lagrange,45.84789,3.53121,Plein jour,En agglomération,Hors intersection,Normale,Deux véhicules - arrière,,,,,,,,,,,1,2,1,1.0,2.0
201700018587,0017-07-15 14:20:00,17,7,15,14,20,630,430,25 route de sainte margu,45.84098,3.52239,Plein jour,En agglomération,Hors intersection,Normale,Autre collision,,,,,,,,,,,1,2,1,1.0,6.0
201700018588,0017-07-16 10:10:00,17,7,16,10,10,630,66,près de PLanet Hair,45.86815,3.63576,Plein jour,En agglomération,Intersection en Y,Normale,Deux véhicules - côté,,,,,,,,,,,1,2,4,1.0,3.0
201700018589,0017-08-12 15:30:00,17,8,12,15,30,630,430,Départementale D906,45.86711,3.51308,Plein jour,Hors agglomération,Hors intersection,Normale,Autre collision,,,,,,,,,,,1,1,1,1.0,6.0
201700018590,0017-08-23 22:00:00,17,8,23,22,0,630,231,rond point de l'autorout,45.87026,3.62795,Nuit avec éclairage allumé,Hors agglomération,Giratoire,Normale,Autre collision,,,,,,,,,,,5,1,6,1.0,6.0
201700018591,0017-08-27 01:20:00,17,8,27,1,20,630,66,RD 42,45.86066,3.65349,Nuit sans éclairage public,Hors agglomération,Hors intersection,Normale,Autre collision,,,,,,,,,,,3,1,1,1.0,6.0
201700018592,0017-09-13 09:00:00,17,9,13,9,0,630,430,rue Jean Zay,45.86549,3.53364,Plein jour,En agglomération,Hors intersection,Normale,Autre collision,,,,,,,,,,,1,2,1,1.0,6.0
201700018593,0017-09-15 09:55:00,17,9,15,9,55,630,276,RD2089,45.83041,3.47834,Plein jour,Hors agglomération,Intersection en X,Temps couvert,Deux véhicules - côté,,,,,,,,,,,1,1,2,8.0,3.0
201700018594,0017-09-23 04:10:00,17,9,23,4,10,630,430,"D2089, Avenue des Etats-",45.85738,3.53573,Nuit avec éclairage non allumé,En agglomération,Hors intersection,Normale,Autre collision,,,,,,,,,,,4,2,1,1.0,6.0
201700018595,0017-10-11 09:50:00,17,10,11,9,50,630,430,32 Avenue des états-unis,45.8579,3.54242,Plein jour,En agglomération,Hors intersection,Normale,Autre collision,,,,,,,,,,,1,2,1,1.0,6.0
201700018596,0017-10-26 16:45:00,17,10,26,16,45,630,151,lieu-dit Giliberts D320,,,Plein jour,Hors agglomération,Hors intersection,Normale,Deux véhicules - côté,,,,,,,,,,,1,1,1,1.0,3.0
201700018597,0017-10-28 12:14:00,17,10,28,12,14,630,66,Route départementale 208,45.87023,3.6545,Plein jour,En agglomération,Hors intersection,Normale,Sans collision,,,,,,,,,,,1,2,1,1.0,7.0
201700018598,0017-11-05 19:00:00,17,11,5,19,0,630,151,Lieu dit le Grand Cognet,,,Nuit sans éclairage public,Hors agglomération,Hors intersection,Pluie légère,Autre collision,,,,,,,,,,,3,1,1,2.0,6.0
201700018599,0017-11-10 20:25:00,17,11,10,20,25,630,231,D320 LES MARTINETS,45.8698,3.59011,Nuit sans éclairage public,Hors agglomération,Hors intersection,Pluie forte,Deux véhicules - frontale,,,,,,,,,,,3,1,1,3.0,1.0
201700018600,0017-11-13 14:52:00,17,11,13,14,52,630,430,"D2089, 16 Avenue des Eta",45.85882,3.54414,Plein jour,En agglomération,Hors intersection,Pluie légère,Sans collision,,,,,,,,,,,1,2,1,2.0,7.0
201700018601,0017-11-17 17:50:00,17,11,17,17,50,630,430,AVENUE LÉO LAGRANGE,45.84569,3.52422,Nuit avec éclairage allumé,En agglomération,Hors intersection,Normale,Autre collision,,,,,,,,,,,5,2,1,1.0,6.0
201700018602,0017-12-21 10:00:00,17,12,21,10,0,630,402,Lieu-dit Les roddiers,45.92434,3.63321,Plein jour,En agglomération,Hors intersection,Brouillard / fumée,Autre collision,,,,,,,,,,,1,2,1,5.0,6.0
201700018603,0017-01-03 11:30:00,17,1,3,11,30,630,249,CD 906,45.79963,3.50742,Plein jour,Hors agglomération,Hors intersection,Normale,Sans collision,,,,,,,,,,,1,1,1,1.0,7.0
201700018604,0017-04-20 18:10:00,17,4,20,18,10,630,16,rue de la plaine,45.72417,3.61679,Plein jour,En agglomération,Intersection en Y,Normale,Autre collision,,,,,,,,,,,1,2,4,1.0,6.0
201700018605,0017-04-24 18:15:00,17,4,24,18,15,630,418,CD223,45.7739,3.50382,Plein jour,Hors agglomération,Intersection en X,Normale,Trois véhicules et plus - collisions multiples,,,,,,,,,,,1,1,2,1.0,5.0
201700018606,0017-05-01 18:00:00,17,5,1,18,0,630,420,rd 2089,45.81238,3.33207,Plein jour,Hors agglomération,Hors intersection,Normale,Deux véhicules - côté,,,,,,,,,,,1,1,1,1.0,3.0
201700018607,0017-05-09 17:50:00,17,5,9,17,50,630,418,chez coulaud,45.7739,3.50382,Plein jour,Hors agglomération,Intersection en X,Normale,Deux véhicules - côté,,,,,,,,,,,1,1,2,1.0,3.0
201700018608,0017-05-24 16:10:00,17,5,24,16,10,630,418,HAUTERIBE,45.77388,3.50382,Plein jour,Hors agglomération,Intersection en X,Temps éblouissant,Deux véhicules - côté,,,,,,,,,,,1,1,2,7.0,3.0
201700018609,0017-05-27 10:00:00,17,5,27,10,0,630,298,la servilie,45.73246,3.73099,Plein jour,Hors agglomération,Hors intersection,Normale,Autre collision,,,,,,,,,,,1,1,1,1.0,6.0
201700018610,0017-06-14 19:40:00,17,6,14,19,40,630,125,ROUTE D'AMBERT,45.74664,3.54595,Plein jour,En agglomération,Hors intersection,Normale,Deux véhicules - frontale,,,,,,,,,,,1,2,1,1.0,1.0
201700018611,0017-09-29 20:05:00,17,9,29,20,5,630,195,rue georges clemenceau,45.82704,3.37402,Nuit avec éclairage allumé,En agglomération,Intersection en T,Normale,Deux véhicules - côté,,,,,,,,,,,5,2,3,1.0,3.0
201700018612,0017-09-30 19:30:00,17,9,30,19,30,630,125,D223 PR:001+600,45.76898,3.5218,Nuit sans éclairage public,Hors agglomération,Hors intersection,Normale,Autre collision,,,,,,,,,,,3,1,1,1.0,6.0
201700018613,0017-10-07 16:00:00,17,10,7,16,0,630,469,lacoux,45.78462,3.62803,Plein jour,Hors agglomération,Hors intersection,Normale,Sans collision,,,,,,,,,,,1,1,1,1.0,7.0
201700018614,0017-10-14 17:50:00,17,10,14,17,50,630,469,lieu-dit la Prugne,45.76838,3.6012,Plein jour,Hors agglomération,Hors intersection,Normale,Autre collision,,,,,,,,,,,1,1,1,1.0,6.0
201700018615,0017-11-14 17:00:00,17,11,14,17,0,630,125,D41,45.74483,3.55431,Crépuscule ou aube,Hors agglomération,Hors intersection,Normale,Autre collision,,,,,,,,,,,2,1,1,1.0,6.0
201700018616,0017-03-02 13:08:00,17,3,2,13,8,630,128,"Carrefour D223, D4",45.91622,3.37228,Plein jour,En agglomération,Intersection en X,Normale,Deux véhicules - arrière,,,,,,,,,,,1,2,2,1.0,2.0
201700018617,0017-03-15 15:20:00,17,3,15,15,20,630,271,69 rue de l'église,45.93085,3.48889,Plein jour,En agglomération,Hors intersection,Normale,Deux véhicules - frontale,,,,,,,,,,,1,2,1,1.0,1.0
201700018618,0017-04-11 12:30:00,17,4,11,12,30,630,301,Cd 906,46.00264,3.4905,Plein jour,Hors agglomération,Hors intersection,Normale,Sans collision,,,,,,,,,,,1,1,1,1.0,7.0
201700018619,0017-06-26 17:50:00,17,6,26,17,50,630,210,CD1093,45.92165,3.33904,Plein jour,Hors agglomération,Hors intersection,Pluie forte,Deux véhicules - frontale,,,,,,,,,,,1,1,1,3.0,1.0
201700018620,0017-08-18 17:55:00,17,8,18,17,55,630,271,lieu dit les croquants C,45.94234,3.45745,Crépuscule ou aube,Hors agglomération,Hors intersection,Normale,Autre collision,,,,,,,,,,,2,1,1,1.0,6.0
201700018621,0017-08-25 09:00:00,17,8,25,9,0,630,210,route de clermont,45.9166,3.33017,Plein jour,En agglomération,Autre intersection,Normale,Autre collision,,,,,,,,,,,1,2,9,1.0,6.0
201700018622,0017-09-03 12:30:00,17,9,3,12,30,630,271,chemin communal marnat f,45.92324,3.52683,Plein jour,Hors agglomération,Hors intersection,Normale,Sans collision,,,,,,,,,,,1,1,1,1.0,7.0
201700018623,0017-10-03 11:00:00,17,10,3,11,0,630,128,les minots,45.8939,3.42182,Plein jour,Hors agglomération,Hors intersection,Pluie légère,Autre collision,,,,,,,,,,,1,1,1,2.0,6.0
201700018624,0017-10-29 00:30:00,17,10,29,0,30,630,291,CD 63,45.96381,3.45684,Nuit sans éclairage public,Hors agglomération,Hors intersection,Normale,Autre collision,,,,,,,,,,,3,1,1,1.0,6.0
201700018625,0017-11-04 17:15:00,17,11,4,17,15,630,291,D906,45.95998,3.47407,Crépuscule ou aube,En agglomération,Intersection à plus de 4 branches,Pluie légère,Sans collision,,,,,,,,,,,2,2,5,2.0,7.0
201700018626,0017-11-08 13:15:00,17,11,8,13,15,630,128,CD 223,45.91665,3.36433,Plein jour,Hors agglomération,Hors intersection,Pluie légère,Deux véhicules - côté,,,,,,,,,,,1,1,1,2.0,3.0
201700018627,0017-03-28 20:30:00,17,3,28,20,30,890,118,43 rue andré villedieu,47.69908,3.57709,Nuit avec éclairage allumé,En agglomération,Hors intersection,Normale,Sans collision,,,,,,,,,,,5,2,1,1.0,7.0
201700018628,0017-04-14 06:15:00,17,4,14,6,15,890,256,D85,47.69178,3.53565,Crépuscule ou aube,Hors agglomération,Intersection en T,Normale,Deux véhicules - côté,,,,,,,,,,,2,1,3,1.0,3.0
201700018629,0017-05-16 18:55:00,17,5,16,18,55,890,441,D606 - PK 111+100,47.65158,3.73696,Plein jour,Hors agglomération,Hors intersection,Normale,Deux véhicules - frontale,,,,,,,,,,,1,1,1,1.0,1.0
201700018630,0017-09-30 22:40:00,17,9,30,22,40,890,155,D606,47.71799,3.61488,Nuit sans éclairage public,Hors agglomération,Hors intersection,Normale,Deux véhicules - arrière,,,,,,,,,,,3,1,1,1.0,2.0
201700018631,0017-05-17 17:30:00,17,5,17,17,30,890,263,RUE FERNAND PY,47.84425,3.56333,Plein jour,En agglomération,Hors intersection,Normale,Deux véhicules - frontale,,,,,,,,,,,1,2,1,1.0,1.0
201700018632,0017-09-08 07:25:00,17,9,8,7,25,890,31,rue paul bert/rue de l'é,47.91697,3.5589,Plein jour,En agglomération,Intersection en X,Normale,Sans collision,,,,,,,,,,,1,2,2,1.0,7.0
201700018633,0017-09-30 17:30:00,17,9,30,17,30,890,263,Départementale 84,47.86184,3.5783,Plein jour,Hors agglomération,Hors intersection,Normale,Trois véhicules et plus - collisions multiples,,,,,,,,,,,1,1,1,1.0,5.0
201700018634,0017-10-06 13:45:00,17,10,6,13,45,890,96,route départementale 80,47.87941,3.56833,Plein jour,Hors agglomération,Hors intersection,Normale,Deux véhicules - frontale,,,,,,,,,,,1,1,1,1.0,1.0
201700018635,0017-01-18 11:30:00,17,1,18,11,30,890,186,D 905,47.98671,3.79493,Plein jour,Hors agglomération,Hors intersection,Normale,Sans collision,,,,,,,,,,,1,1,1,1.0,7.0
201700018636,0017-01-29 00:30:00,17,1,29,0,30,890,345,15 rue du Camp Barcena -,48.00558,3.68466,Nuit avec éclairage allumé,En agglomération,Hors intersection,Pluie légère,Autre collision,,,,,,,,,,,5,2,1,2.0,6.0
201700018637,0017-02-21 18:35:00,17,2,21,18,35,890,219,RN 77 PK 40+150,48.06813,3.81288,Nuit sans éclairage public,Hors agglomération,Hors intersection,Pluie légère,Trois véhicules et plus - collisions multiples,,,,,,,,,,,3,1,1,2.0,5.0
201700018638,0017-06-12 15:30:00,17,6,12,15,30,890,436,CD 30 5+200,48.04358,3.71198,Plein jour,Hors agglomération,Hors intersection,Normale,Sans collision,,,,,,,,,,,1,1,1,1.0,7.0
201700018639,0017-10-03 19:40:00,17,10,3,19,40,890,169,30 grande rue,47.95204,3.89014,Nuit avec éclairage allumé,En agglomération,Hors intersection,Normale,Autre collision,,,,,,,,,,,5,2,1,1.0,6.0
201700018640,0017-10-16 17:45:00,17,10,16,17,45,890,345,rue des Perrières,48.00607,3.72678,Crépuscule ou aube,En agglomération,Hors intersection,Normale,Autre collision,,,,,,,,,,,2,2,1,1.0,6.0
201700018641,0017-11-02 16:40:00,17,11,2,16,40,890,76,RD905,48.06876,3.63389,Plein jour,Hors agglomération,Hors intersection,Pluie légère,Sans collision,,,,,,,,,,,1,1,1,2.0,7.0
201700018642,0017-11-26 01:40:00,17,11,26,1,40,890,292,CD 905,47.96573,3.811,Nuit sans éclairage public,Hors agglomération,Hors intersection,Autre,Autre collision,,,,,,,,,,,3,1,1,9.0,6.0
201700018643,0017-12-09 00:45:00,17,12,9,0,45,890,101,D34,47.9584,3.76755,Nuit sans éclairage public,Hors agglomération,Hors intersection,Normale,Sans collision,,,,,,,,,,,3,1,1,1.0,7.0
201700018644,0017-01-26 12:45:00,17,1,26,12,45,890,179,Rimatou,47.65888,3.29079,Plein jour,Hors agglomération,Hors intersection,Normale,Autre collision,,,,,,,,,,,1,1,1,1.0,6.0
201700018645,0017-02-19 19:00:00,17,2,19,19,0,890,73,CD14,47.79085,3.10861,Nuit sans éclairage public,Hors agglomération,Intersection en X,Normale,Deux véhicules - côté,,,,,,,,,,,3,1,2,1.0,3.0
201700018646,0017-07-09 08:30:00,17,7,9,8,30,890,273,route départementale 955,47.60603,3.20238,Plein jour,Hors agglomération,Hors intersection,Normale,Autre collision,,,,,,,,,,,1,1,1,1.0,6.0
201700018647,0017-07-29 03:00:00,17,7,29,3,0,890,46,Rue pierre curie,47.70025,2.94815,Nuit avec éclairage non allumé,En agglomération,Hors intersection,Normale,Autre collision,,,,,,,,,,,4,2,1,1.0,6.0
201700018648,0017-07-29 15:45:00,17,7,29,15,45,890,220,lieu dit la maison seule,47.60522,3.00564,Plein jour,Hors agglomération,Hors intersection,Normale,Deux véhicules - frontale,,,,,,,,,,,1,1,1,1.0,1.0
201700018649,0017-08-09 11:08:00,17,8,9,11,8,890,254,d965,47.69907,3.17276,Plein jour,En agglomération,Hors intersection,Normale,Deux véhicules - arrière,,,,,,,,,,,1,2,1,1.0,2.0
201700018650,0017-08-17 17:30:00,17,8,17,17,30,890,150,d304,47.80328,3.36519,Plein jour,Hors agglomération,Hors intersection,Normale,Autre collision,,,,,,,,,,,1,1,1,1.0,6.0
201700018651,0017-10-18 16:00:00,17,10,18,16,0,890,179,CD 3 - PK 51+032,47.65434,3.30543,Plein jour,Hors agglomération,Hors intersection,Normale,Autre collision,,,,,,,,,,,1,1,1,1.0,6.0
201700018652,0017-11-01 17:05:00,17,11,1,17,5,890,324,CD 314 SENS FEINS EN GAT,47.74368,2.86667,Crépuscule ou aube,Hors agglomération,Hors intersection,Normale,Autre collision,,,,,,,,,,,2,1,1,1.0,6.0
201700018653,0017-01-24 15:05:00,17,1,24,15,5,890,25,D.606,47.49512,3.90217,Plein jour,En agglomération,Autre intersection,Neige / grêle,Deux véhicules - frontale,,,,,,,,,,,1,2,9,4.0,1.0
201700018654,0017-03-24 20:20:00,17,3,24,20,20,890,20,CD214 - PK 7 + 250,47.49137,3.62179,Nuit sans éclairage public,Hors agglomération,Hors intersection,Normale,Autre collision,,,,,,,,,,,3,1,1,1.0,6.0
201700018655,0017-04-02 17:45:00,17,4,2,17,45,890,392,n°5 -- Route nationale 6,47.53295,3.79528,Plein jour,En agglomération,Hors intersection,Normale,Autre collision,,,,,,,,,,,1,2,1,1.0,6.0
201700018656,0017-05-06 13:30:00,17,5,6,13,30,890,25,10 route de Paris,47.49366,3.90589,Plein jour,En agglomération,Hors intersection,Pluie forte,Autre collision,,,,,,,,,,,1,2,1,3.0,6.0
201700018657,0017-05-16 19:15:00,17,5,16,19,15,890,25,48 rue Gl Leclerc,47.50078,3.90864,Plein jour,En agglomération,Hors intersection,Normale,Deux véhicules - côté,,,,,,,,,,,1,2,1,1.0,3.0
201700018658,0017-05-23 15:10:00,17,5,23,15,10,890,485,CD 606 - PK 122+950,47.56144,3.79094,Plein jour,Hors agglomération,Hors intersection,Normale,Autre collision,,,,,,,,,,,1,1,1,1.0,6.0
201700018659,0017-07-06 10:30:00,17,7,6,10,30,890,347,PK 60+800 RD 944,47.43091,3.89297,Plein jour,Hors agglomération,Hors intersection,Normale,Deux véhicules - arrière,,,,,,,,,,,1,1,1,1.0,2.0
201700018660,0017-07-20 16:20:00,17,7,20,16,20,890,25,40 Av du Gal Leclerc,47.49936,3.90855,Plein jour,En agglomération,Intersection en T,Normale,Deux véhicules - côté,,,,,,,,,,,1,2,3,1.0,3.0
201700018661,0017-07-24 10:50:00,17,7,24,10,50,890,235,RD 606,47.486,3.9903,Plein jour,Hors agglomération,Intersection en T,Temps couvert,Deux véhicules - côté,,,,,,,,,,,1,1,3,8.0,3.0
201700018662,0017-12-28 15:10:00,17,12,28,15,10,890,446,46 rue saint etienne,47.46391,3.74334,Plein jour,En agglomération,Hors intersection,Normale,Autre collision,,,,,,,,,,,1,2,1,1.0,6.0
201700018663,0017-01-11 17:00:00,17,1,11,17,0,890,277,rd944,47.67399,3.88004,Nuit sans éclairage public,En agglomération,Hors intersection,Pluie légère,Sans collision,,,,,,,,,,,3,2,1,2.0,7.0
201700018664,0017-04-30 10:45:00,17,4,30,10,45,890,22,RD 9A,47.54015,3.99283,Plein jour,Hors agglomération,Hors intersection,Normale,Deux véhicules - côté,,,,,,,,,,,1,1,1,1.0,3.0
201700018665,0017-07-09 07:30:00,17,7,9,7,30,890,379,cd954,47.49631,4.09121,Crépuscule ou aube,Hors agglomération,Hors intersection,Normale,Deux véhicules - côté,,,,,,,,,,,2,1,1,1.0,3.0
201700018666,0017-07-21 11:30:00,17,7,21,11,30,890,312,Route Départementale 32,47.59169,3.82852,Plein jour,Hors agglomération,Hors intersection,Normale,Deux véhicules - frontale,,,,,,,,,,,1,1,1,1.0,1.0
201700018667,0017-05-31 21:15:00,17,5,31,21,15,890,417,D35 - PK4,47.85374,3.90684,Crépuscule ou aube,Hors agglomération,Hors intersection,Normale,Autre collision,,,,,,,,,,,2,1,1,1.0,6.0
201700018668,0017-06-08 02:15:00,17,6,8,2,15,890,418,D188 / Av Alfred Grévin,47.86157,3.97227,Nuit avec éclairage allumé,En agglomération,Hors intersection,Normale,Sans collision,,,,,,,,,,,5,2,1,1.0,7.0
201700018669,0017-06-24 12:20:00,17,6,24,12,20,890,418,Rue Jean-Garnier,47.85584,3.973,Plein jour,En agglomération,Hors intersection,Normale,Autre collision,,,,,,,,,,,1,2,1,1.0,6.0
201700018670,0017-08-25 15:50:00,17,8,25,15,50,890,321,2 rue du port,47.73086,4.22451,Plein jour,En agglomération,Hors intersection,Normale,Deux véhicules - frontale,,,,,,,,,,,1,2,1,1.0,1.0
201700018671,0017-09-28 19:10:00,17,9,28,19,10,890,418,16 avenue de montabaur,47.86105,3.9863,Crépuscule ou aube,En agglomération,Hors intersection,Normale,Autre collision,,,,,,,,,,,2,2,1,1.0,6.0
201700018672,0017-11-04 16:25:00,17,11,4,16,25,890,137,Route de Paris à Genève,47.89612,3.95471,Plein jour,En agglomération,Hors intersection,Normale,Deux véhicules - arrière,,,,,,,,,,,1,2,1,1.0,2.0
201700018673,0017-12-10 06:45:00,17,12,10,6,45,890,262,D944,47.8854,4.00363,Nuit sans éclairage public,Hors agglomération,Hors intersection,Neige / grêle,Autre collision,,,,,,,,,,,3,1,1,4.0,6.0
201700018674,0017-12-26 17:20:00,17,12,26,17,20,890,418,D952,47.86375,4.00743,Nuit sans éclairage public,Hors agglomération,Hors intersection,Pluie légère,Deux véhicules - arrière,,,,,,,,,,,3,1,1,2.0,2.0
201700018675,0017-03-03 17:30:00,17,3,3,17,30,890,86,RD 950,47.89657,3.09151,Plein jour,Hors agglomération,Hors intersection,Normale,Sans collision,,,,,,,,,,,1,1,1,1.0,7.0
201700018676,0017-04-04 09:00:00,17,4,4,9,0,890,86,"Ldt ""LES COCHARDS""",47.88177,3.10554,Plein jour,En agglomération,Intersection en X,Normale,Deux véhicules - côté,,,,,,,,,,,1,2,2,1.0,3.0
201700018677,0017-04-09 11:50:00,17,4,9,11,50,890,360,11 route d'Anquin,47.82088,3.35175,Plein jour,En agglomération,Hors intersection,Normale,Autre collision,,,,,,,,,,,1,2,1,1.0,6.0
201700018678,0017-06-10 08:15:00,17,6,10,8,15,890,384,CD.955,47.93107,3.36673,Plein jour,Hors agglomération,Hors intersection,Temps éblouissant,Trois véhicules et plus - collisions multiples,,,,,,,,,,,1,1,1,7.0,5.0
201700018679,0017-06-11 19:45:00,17,6,11,19,45,890,334,22 rue chaude,47.82389,3.30878,Plein jour,En agglomération,Hors intersection,Temps éblouissant,Autre collision,,,,,,,,,,,1,2,1,7.0,6.0
201700018680,0017-06-25 08:35:00,17,6,25,8,35,890,167,D 176,47.87208,3.44597,Plein jour,Hors agglomération,Intersection en X,Normale,Autre collision,,,,,,,,,,,1,1,2,1.0,6.0
201700018681,0017-08-13 15:35:00,17,8,13,15,35,890,163,"CD 3, PR 28",47.87989,3.24456,Plein jour,Hors agglomération,Hors intersection,Normale,Sans collision,,,,,,,,,,,1,1,1,1.0,7.0
201700018682,0017-02-04 00:55:00,17,2,4,0,55,890,456,D606,48.30292,3.17967,Nuit sans éclairage public,Hors agglomération,Hors intersection,Normale,Sans collision,,,,,,,,,,,3,1,1,1.0,7.0
201700018683,0017-02-21 09:45:00,17,2,21,9,45,890,189,CD 606  PK17 820,48.26652,3.23541,Plein jour,Hors agglomération,Hors intersection,Normale,Deux véhicules - frontale,,,,,,,,,,,1,1,1,1.0,1.0
201700018684,0017-04-01 10:55:00,17,4,1,10,55,890,136,D606,48.25852,3.23999,Plein jour,Hors agglomération,Intersection en X,Normale,Deux véhicules - côté,,,,,,,,,,,1,1,2,1.0,3.0
201700018685,0017-04-08 17:40:00,17,4,8,17,40,890,309,CD 606,48.27614,3.22286,Plein jour,Hors agglomération,Intersection en T,Normale,Deux véhicules - côté,,,,,,,,,,,1,1,3,1.0,3.0
201700018686,0017-03-25 14:00:00,17,3,25,14,0,890,255,D976/D23,48.3132,3.22035,Plein jour,Hors agglomération,Intersection en X,Normale,Deux véhicules - frontale,,,,,,,,,,,1,1,2,1.0,1.0
201700018687,0017-04-16 21:45:00,17,4,16,21,45,890,74,CD606,48.31761,3.14245,Nuit avec éclairage allumé,En agglomération,Intersection en T,Normale,Deux véhicules - frontale,,,,,,,,,,,5,2,3,1.0,1.0
201700018688,0017-05-13 15:15:00,17,5,13,15,15,890,460,Route de montereau - RD,48.3416,3.05542,Plein jour,Hors agglomération,Hors intersection,Normale,Autre collision,,,,,,,,,,,1,1,1,1.0,6.0