accident_id,datetime,annee,mois,jour,heure,minute,departement,commune_insee,adresse,latitude,longitude,luminosite,agglomeration,intersection,meteo,collision,nb_vehicules,nb_usagers,nb_indemnes,nb_tues,nb_blesses_hosp,nb_blesses_legers,age_cond_1,age_cond_2,veh_type_cond_1,veh_type_cond_2,lum_code,agg_code,int_code,atm_code,col_code
201700018931,0017-01-07 17:00:00,17,1,7,17,0,110,176,,43.03566,2.75637,Plein jour,Hors agglomération,Hors intersection,Normale,Autre collision,,,,,,,,,,,1,1,1,1.0,6.0
201700018932,0017-02-26 12:00:00,17,2,26,12,0,110,390,lieu-dit donos,43.07363,2.80626,Plein jour,Hors agglomération,Hors intersection,Normale,Autre collision,,,,,,,,,,,1,1,1,1.0,6.0
201700018933,0017-03-26 19:30:00,17,3,26,19,30,110,125,D205 PR 18+700,42.94568,2.82316,Plein jour,Hors agglomération,Hors intersection,Normale,Autre collision,,,,,,,,,,,1,1,1,1.0,6.0
201700018934,0017-05-29 10:14:00,17,5,29,10,14,110,390,cd611,43.10838,2.74879,Plein jour,Hors agglomération,Hors intersection,Normale,Deux véhicules - frontale,,,,,,,,,,,1,1,1,1.0,1.0
201700018935,0017-09-20 15:40:00,17,9,20,15,40,110,351,Départementale 611 PK 22,43.10523,2.71586,Plein jour,Hors agglomération,Hors intersection,Normale,Sans collision,,,,,,,,,,,1,1,1,1.0,7.0
201700018936,0017-01-17 16:15:00,17,1,17,16,15,710,182,route d'autun,46.80869,4.76461,Plein jour,Hors agglomération,Hors intersection,Normale,Autre collision,,,,,,,,,,,1,1,1,1.0,6.0
201700018937,0017-07-07 09:30:00,17,7,7,9,30,710,294,71 Grande Rue,46.83407,4.72117,Plein jour,En agglomération,Hors intersection,Normale,Deux véhicules - arrière,,,,,,,,,,,1,2,1,1.0,2.0
201700018938,0017-09-04 13:25:00,17,9,4,13,25,710,459,D48,46.8107,4.71846,Plein jour,Hors agglomération,Hors intersection,Normale,Deux véhicules - frontale,,,,,,,,,,,1,1,1,1.0,1.0
201700018939,0017-09-24 17:28:00,17,9,24,17,28,710,154,17 RUE DE LA PRALE,46.81846,4.89319,Plein jour,En agglomération,Hors intersection,Normale,Deux véhicules - frontale,,,,,,,,,,,1,2,1,1.0,1.0
201700018940,0017-10-24 07:55:00,17,10,24,7,55,710,294,D 978,46.82615,4.73465,Crépuscule ou aube,Hors agglomération,Hors intersection,Temps couvert,Sans collision,,,,,,,,,,,2,1,1,8.0,7.0
201700018941,0017-12-14 14:35:00,17,12,14,14,35,710,194,Route départementale 906,46.83878,4.81697,Plein jour,Hors agglomération,Hors intersection,Pluie forte,Deux véhicules - frontale,,,,,,,,,,,1,1,1,3.0,1.0
201700018942,0017-01-14 12:55:00,17,1,14,12,55,320,268,,43.604,0.99628,Plein jour,Hors agglomération,Hors intersection,Normale,Trois véhicules et plus - collisions multiples,,,,,,,,,,,1,1,1,1.0,5.0
201700018943,0017-02-08 14:15:00,17,2,8,14,15,320,249,RD 654,43.7301,0.89006,Plein jour,Hors agglomération,Hors intersection,Temps couvert,Autre collision,,,,,,,,,,,1,1,1,8.0,6.0
201700018944,0017-05-16 08:55:00,17,5,16,8,55,320,237,RD 924,43.6502,0.74416,Plein jour,Hors agglomération,Intersection en T,Normale,Deux véhicules - côté,,,,,,,,,,,1,1,3,1.0,3.0
201700018945,0017-08-12 00:30:00,17,8,12,0,30,320,335,GRAND RUE,43.748,0.7448,Nuit avec éclairage allumé,En agglomération,Hors intersection,Normale,Autre collision,,,,,,,,,,,5,2,1,1.0,6.0
201700018946,0017-08-21 19:00:00,17,8,21,19,0,320,448,"PK 2+350, CD 161",43.7001,0.89767,Plein jour,Hors agglomération,Hors intersection,Normale,Sans collision,,,,,,,,,,,1,1,1,1.0,7.0
201700018947,0017-09-26 06:35:00,17,9,26,6,35,320,154,LIEU DIT LES FAGETS PK 5,43.816,0.84741,Nuit sans éclairage public,Hors agglomération,Hors intersection,Brouillard / fumée,Deux véhicules - frontale,,,,,,,,,,,3,1,1,5.0,1.0
201700018948,0017-09-27 10:40:00,17,9,27,10,40,320,268,LES GUILLOTS,43.6074,0.9768,Plein jour,Hors agglomération,Intersection en X,Normale,Deux véhicules - côté,,,,,,,,,,,1,1,2,1.0,3.0
201700018949,0017-10-30 19:15:00,17,10,30,19,15,320,12,GRAND RUE,43.6464,0.78091,Nuit avec éclairage allumé,En agglomération,Intersection en T,Normale,Autre collision,,,,,,,,,,,5,2,3,1.0,6.0
201700018950,0017-12-15 18:45:00,17,12,15,18,45,320,406,MESTRE JAYMES,43.6858,0.82974,Nuit sans éclairage public,Hors agglomération,Intersection en T,Temps couvert,Autre collision,,,,,,,,,,,3,1,3,8.0,6.0
201700018951,0017-01-14 16:30:00,17,1,14,16,30,320,106,RD 654 PK 61.350,43.7234,0.96407,Plein jour,Hors agglomération,Hors intersection,Normale,Autre collision,,,,,,,,,,,1,1,1,1.0,6.0
201700018952,0017-02-03 16:20:00,17,2,3,16,20,320,106,A PIQUETIS,43.7069,0.9915,Plein jour,Hors agglomération,Hors intersection,Pluie légère,Deux véhicules - côté,,,,,,,,,,,1,1,1,2.0,3.0
201700018953,0017-07-08 00:30:00,17,7,8,0,30,320,121,RD 634 PK 006+100,43.5743,1.03801,Nuit sans éclairage public,Hors agglomération,Hors intersection,Normale,Autre collision,,,,,,,,,,,3,1,1,1.0,6.0
201700018954,0017-08-08 09:40:00,17,8,8,9,40,320,334,N124,43.5882,1.16276,Plein jour,Hors agglomération,Hors intersection,Normale,Autre collision,,,,,,,,,,,1,1,1,1.0,6.0
201700018955,0017-10-14 18:40:00,17,10,14,18,40,320,160,LES QUINTARETS,43.5962,1.06312,Plein jour,Hors agglomération,Intersection en T,Normale,Deux véhicules - frontale,,,,,,,,,,,1,1,3,1.0,1.0
201700018956,0017-10-29 21:05:00,17,10,29,21,5,320,106,RUE DE L'ÉGLISE,43.7211,0.97873,Nuit avec éclairage allumé,En agglomération,Hors intersection,Pluie légère,Sans collision,,,,,,,,,,,5,2,1,2.0,7.0
201700018957,0017-01-05 17:45:00,17,1,5,17,45,320,321,"D149, PK25+058",43.5296,0.85432,Nuit sans éclairage public,Hors agglomération,Hors intersection,Normale,Autre collision,,,,,,,,,,,3,1,1,1.0,6.0
201700018958,0017-01-09 19:00:00,17,1,9,19,0,320,61,,43.5373,0.77183,Nuit sans éclairage public,Hors agglomération,Hors intersection,Normale,Autre collision,,,,,,,,,,,3,1,1,1.0,6.0
201700018959,0017-01-21 01:15:00,17,1,21,1,15,320,321,D149,43.5284,0.85609,Nuit sans éclairage public,Hors agglomération,Hors intersection,Autre,Autre collision,,,,,,,,,,,3,1,1,9.0,6.0
201700018960,0017-05-19 08:05:00,17,5,19,8,5,320,153,RD 181 PR 5+132,43.5584,0.65625,Plein jour,Hors agglomération,Hors intersection,Pluie légère,Autre collision,,,,,,,,,,,1,1,1,2.0,6.0
201700018961,0017-06-12 16:00:00,17,6,12,16,0,320,418,CD 632,43.4483,0.86526,Plein jour,Hors agglomération,Hors intersection,Temps éblouissant,Autre collision,,,,,,,,,,,1,1,1,7.0,6.0
201700018962,0017-09-28 16:15:00,17,9,28,16,15,320,213,LA GRANGETTE,43.4742,0.91602,Plein jour,En agglomération,Hors intersection,Normale,Deux véhicules - côté,,,,,,,,,,,1,2,1,1.0,3.0
201700018963,0017-12-22 21:25:00,17,12,22,21,25,320,213,PIORDI - D537,43.4672,0.9077,Nuit sans éclairage public,Hors agglomération,Hors intersection,Pluie légère,Autre collision,,,,,,,,,,,3,1,1,2.0,6.0
201700018964,0017-03-12 17:45:00,17,3,12,17,45,320,462,"LIEU DIT ""BORDENEUVE""",43.7499,0.28048,Plein jour,Hors agglomération,Hors intersection,Pluie légère,Deux véhicules - frontale,,,,,,,,,,,1,1,1,2.0,1.0
201700018965,0017-04-29 14:15:00,17,4,29,14,15,320,231,LA CABANE,43.7708,0.32002,Plein jour,Hors agglomération,Hors intersection,Normale,Sans collision,,,,,,,,,,,1,1,1,1.0,7.0
201700018966,0017-06-05 00:45:00,17,6,5,0,45,320,462,"CD 35, ROUTE DE BASSOUES",43.7337,0.29676,Nuit sans éclairage public,Hors agglomération,Hors intersection,Pluie légère,Autre collision,,,,,,,,,,,3,1,1,2.0,6.0
201700018967,0017-06-19 10:20:00,17,6,19,10,20,320,43,AU VILLAGE,43.6903,0.24064,Plein jour,En agglomération,Hors intersection,Normale,Autre collision,,,,,,,,,,,1,2,1,1.0,6.0
201700018968,0017-06-22 18:20:00,17,6,22,18,20,320,301,RN 124 PR 64+700,43.676,0.51764,Plein jour,Hors agglomération,Hors intersection,Normale,Sans collision,,,,,,,,,,,1,1,1,1.0,7.0
201700018969,0017-09-12 14:40:00,17,9,12,14,40,320,462,AVENUE DU STADE,43.7657,0.30347,Plein jour,En agglomération,Intersection en T,Normale,Deux véhicules - côté,,,,,,,,,,,1,2,3,1.0,3.0
201700018970,0017-11-14 15:30:00,17,11,14,15,30,320,162,CHEMIN DE SAINT RAYMOND,43.7531,0.49186,Plein jour,Hors agglomération,Autre intersection,Normale,Sans collision,,,,,,,,,,,1,1,9,1.0,7.0
201700018971,0017-11-20 17:15:00,17,11,20,17,15,320,316,D148,43.7456,0.54262,Crépuscule ou aube,Hors agglomération,Hors intersection,Normale,Autre collision,,,,,,,,,,,2,1,1,1.0,6.0
201700018972,0017-12-12 08:10:00,17,12,12,8,10,320,462,RUE RAYNAL,43.7581,0.30026,Crépuscule ou aube,En agglomération,Hors intersection,Pluie légère,Autre collision,,,,,,,,,,,2,2,1,2.0,6.0
201700018973,0017-12-26 16:20:00,17,12,26,16,20,320,65,CD939,43.654,0.40409,Plein jour,Hors agglomération,Hors intersection,Normale,Deux véhicules - côté,,,,,,,,,,,1,1,1,1.0,3.0
201700018974,0017-02-25 12:20:00,17,2,25,12,20,320,197,D114,43.9783,0.26529,Plein jour,Hors agglomération,Hors intersection,Normale,Sans collision,,,,,,,,,,,1,1,1,1.0,7.0
201700018975,0017-03-07 09:55:00,17,3,7,9,55,320,107,5 PLACE DU SOUVENIR,43.9568,0.37595,Plein jour,En agglomération,Intersection en T,Pluie légère,Autre collision,,,,,,,,,,,1,2,3,2.0,6.0
201700018976,0017-03-09 15:30:00,17,3,9,15,30,320,224,D142,43.8777,0.39583,Plein jour,Hors agglomération,Hors intersection,Normale,Sans collision,,,,,,,,,,,1,1,1,1.0,7.0
201700018977,0017-04-25 18:30:00,17,4,25,18,30,320,107,D930 PK 30+850,43.9061,0.3737,Plein jour,Hors agglomération,Hors intersection,Pluie légère,Deux véhicules - frontale,,,,,,,,,,,1,1,1,2.0,1.0
201700018978,0017-07-14 12:05:00,17,7,14,12,5,320,149,"D35, LIEU DIT POLIGNAC",43.8617,0.28425,Plein jour,Hors agglomération,Intersection en X,Normale,Deux véhicules - côté,,,,,,,,,,,1,1,2,1.0,3.0
201700018979,0017-07-21 17:40:00,17,7,21,17,40,320,52,LAS PEYRIES,43.8161,0.37322,Plein jour,Hors agglomération,Hors intersection,Normale,Sans collision,,,,,,,,,,,1,1,1,1.0,7.0
201700018980,0017-08-12 19:30:00,17,8,12,19,30,320,107,RD 931 PK 115+400,43.9635,0.38955,Plein jour,Hors agglomération,Hors intersection,Normale,Sans collision,,,,,,,,,,,1,1,1,1.0,7.0
201700018981,0017-08-20 18:30:00,17,8,20,18,30,320,52,LIEU-DIT MITANON,43.8265,0.33944,Plein jour,Hors agglomération,Hors intersection,Normale,Autre collision,,,,,,,,,,,1,1,1,1.0,6.0
201700018982,0017-09-18 07:50:00,17,9,18,7,50,320,345,AUQUE,43.9802,0.48332,Plein jour,Hors agglomération,Hors intersection,Normale,Autre collision,,,,,,,,,,,1,1,1,1.0,6.0
201700018983,0017-10-27 14:20:00,17,10,27,14,20,320,107,ROUTE D'AUCH,43.9451,0.37264,Plein jour,Hors agglomération,Hors intersection,Normale,Autre collision,,,,,,,,,,,1,1,1,1.0,6.0
201700018984,0017-11-16 09:30:00,17,11,16,9,30,320,107,20 AVENUE MARÉCHAL JOFFR,43.957,0.37694,Plein jour,En agglomération,Hors intersection,Normale,Autre collision,,,,,,,,,,,1,2,1,1.0,6.0
201700018985,0017-12-03 19:00:00,17,12,3,19,0,320,107,D114 - PK 0+400,43.9564,0.3621,Nuit avec éclairage allumé,En agglomération,Hors intersection,Normale,Autre collision,,,,,,,,,,,5,2,1,1.0,6.0
201700018986,0017-01-06 03:30:00,17,1,6,3,30,320,25,RD 30 - PK 9.400,43.8663,-0.04935,Nuit sans éclairage public,Hors agglomération,Hors intersection,Normale,Autre collision,,,,,,,,,,,3,1,1,1.0,6.0
201700018987,0017-02-19 06:30:00,17,2,19,6,30,320,119,LE PONT DE ST AMAND,43.8524,0.1227,Nuit sans éclairage public,Hors agglomération,Hors intersection,Normale,Autre collision,,,,,,,,,,,3,1,1,1.0,6.0
201700018988,0017-03-01 07:15:00,17,3,1,7,15,320,119,"1550 ROUTE DE CAZAUBON,",43.8577,0.07975,Crépuscule ou aube,Hors agglomération,Hors intersection,Pluie légère,Autre collision,,,,,,,,,,,2,1,1,2.0,6.0
201700018989,0017-07-01 19:20:00,17,7,1,19,20,320,125,N124 PR 100+400,43.7808,0.11759,Plein jour,Hors agglomération,Hors intersection,Normale,Deux véhicules - frontale,,,,,,,,,,,1,1,1,1.0,1.0
201700018990,0017-07-22 04:30:00,17,7,22,4,30,320,115,LA PARISIENNE,43.7697,0.14326,Nuit sans éclairage public,Hors agglomération,Hors intersection,Pluie légère,Autre collision,,,,,,,,,,,3,1,1,2.0,6.0
201700018991,0017-08-13 23:30:00,17,8,13,23,30,320,96,ROUTE DU LAC,43.9379,-0.03801,Nuit sans éclairage public,Hors agglomération,Hors intersection,Normale,Autre collision,,,,,,,,,,,3,1,1,1.0,6.0
201700018992,0017-08-15 07:30:00,17,8,15,7,30,320,96,UBY,43.9263,-0.02586,Plein jour,Hors agglomération,Hors intersection,Normale,Autre collision,,,,,,,,,,,1,1,1,1.0,6.0
201700018993,0017-10-26 16:00:00,17,10,26,16,0,320,190,LIEU DIT LARTIGUE,43.7932,0.25546,Plein jour,Hors agglomération,Hors intersection,Normale,Sans collision,,,,,,,,,,,1,1,1,1.0,7.0
201700018994,0017-11-21 12:40:00,17,11,21,12,40,320,271,AVENUE DES PYRÉNÉES,43.8486,-0.18464,Plein jour,Hors agglomération,Hors intersection,Temps éblouissant,Autre collision,,,,,,,,,,,1,1,1,7.0,6.0
201700018995,0017-11-30 09:00:00,17,11,30,9,0,320,246,RD32 - PK 10+100,43.8443,-0.13915,Plein jour,Hors agglomération,Hors intersection,Brouillard / fumée,Deux véhicules - côté,,,,,,,,,,,1,1,1,5.0,3.0
201700018996,0017-12-22 18:50:00,17,12,22,18,50,320,246,D 30 -PR 17+25,43.8431,-0.12881,Nuit sans éclairage public,Hors agglomération,Hors intersection,Pluie légère,Autre collision,,,,,,,,,,,3,1,1,2.0,6.0
201700018997,0017-01-13 16:00:00,17,1,13,16,0,320,429,RN 21,44.0212,0.6747,Plein jour,Hors agglomération,Hors intersection,Normale,Autre collision,,,,,,,,,,,1,1,1,1.0,6.0
201700018998,0017-04-01 05:45:00,17,4,1,5,45,320,306,LA VERRERRIE,43.9041,0.63728,Nuit sans éclairage public,Hors agglomération,Hors intersection,Pluie légère,Deux véhicules - frontale,,,,,,,,,,,3,1,1,2.0,1.0
201700018999,0017-04-18 15:00:00,17,4,18,15,0,320,208,ROUTE DU TANÉ,43.9284,0.66728,Plein jour,Hors agglomération,Intersection en T,Normale,Sans collision,,,,,,,,,,,1,1,3,1.0,7.0
201700019000,0017-05-10 13:45:00,17,5,10,13,45,320,78,LD AURENQUE - LA MOULIE,43.8876,0.66918,Plein jour,Hors agglomération,Hors intersection,Temps couvert,Sans collision,,,,,,,,,,,1,1,1,8.0,7.0
201700019001,0017-08-24 18:00:00,17,8,24,18,0,320,370,AVENUE DE GASCOGNE,43.8875,0.76516,Plein jour,En agglomération,Giratoire,Normale,Autre collision,,,,,,,,,,,1,2,6,1.0,6.0
201700019002,0017-08-28 00:20:00,17,8,28,0,20,320,208,"LIEU-DIT LES GALIS, RN21",43.9647,0.66308,Nuit sans éclairage public,Hors agglomération,Hors intersection,Normale,Autre collision,,,,,,,,,,,3,1,1,1.0,6.0
201700019003,0017-09-23 18:05:00,17,9,23,18,5,320,405,INTERSECTION RD654 / RD,43.8501,0.59713,Plein jour,Hors agglomération,Intersection en Y,Temps éblouissant,Deux véhicules - côté,,,,,,,,,,,1,1,4,7.0,3.0
201700019004,0017-10-25 19:25:00,17,10,25,19,25,320,132,11 AVENUE MARTIAL CAZES,43.8503,0.65883,Crépuscule ou aube,En agglomération,Hors intersection,Normale,Deux véhicules - frontale,,,,,,,,,,,2,2,1,1.0,1.0
201700019005,0017-11-12 08:25:00,17,11,12,8,25,320,208,LIEU DIT '' COUTELIER '',43.9558,0.61451,Plein jour,Hors agglomération,Hors intersection,Pluie légère,Autre collision,,,,,,,,,,,1,1,1,2.0,6.0
201700019006,0017-12-28 15:05:00,17,12,28,15,5,320,452,"CD 7, PK33.140",43.8605,0.8037,Plein jour,Hors agglomération,Hors intersection,Normale,Autre collision,,,,,,,,,,,1,1,1,1.0,6.0
201700019007,0017-02-03 10:30:00,17,2,3,10,30,320,169,CD 929- PK 19 + 600,43.4571,0.57846,Plein jour,Hors agglomération,Hors intersection,Temps couvert,Deux véhicules - frontale,,,,,,,,,,,1,1,1,8.0,1.0
201700019008,0017-02-27 17:20:00,17,2,27,17,20,320,256,CHEMIN D'ENCANTEPERDRIX,43.5184,0.39727,Plein jour,En agglomération,Hors intersection,Normale,Deux véhicules - frontale,,,,,,,,,,,1,2,1,1.0,1.0
201700019009,0017-03-01 15:30:00,17,3,1,15,30,320,375,RD 127,43.4315,0.49329,Plein jour,Hors agglomération,Hors intersection,Normale,Sans collision,,,,,,,,,,,1,1,1,1.0,7.0
201700019010,0017-03-16 16:00:00,17,3,16,16,0,320,156,CROISEMENT RD 104 / RD 2,43.5015,0.46272,Plein jour,Hors agglomération,Intersection en X,Normale,Deux véhicules - côté,,,,,,,,,,,1,1,2,1.0,3.0
201700019011,0017-04-29 18:30:00,17,4,29,18,30,320,254,RN21-LIEU DIT LES TROUET,43.5402,0.45458,Plein jour,Hors agglomération,Intersection en X,Normale,Deux véhicules - côté,,,,,,,,,,,1,1,2,1.0,3.0
201700019012,0017-05-18 17:25:00,17,5,18,17,25,320,256,RN21,43.5231,0.41732,Plein jour,Hors agglomération,Hors intersection,Pluie légère,Deux véhicules - frontale,,,,,,,,,,,1,1,1,2.0,1.0
201700019013,0017-06-18 09:50:00,17,6,18,9,50,320,393,LIEU DIT NOAILLÈS,43.4713,0.34204,Plein jour,Hors agglomération,Hors intersection,Normale,Sans collision,,,,,,,,,,,1,1,1,1.0,7.0
201700019014,0017-07-02 19:00:00,17,7,2,19,0,320,181,RN21,43.419,0.25313,Plein jour,Hors agglomération,Hors intersection,Normale,Autre collision,,,,,,,,,,,1,1,1,1.0,6.0
201700019015,0017-07-14 05:50:00,17,7,14,5,50,320,242,AU TUCO- VOIE COMMUNALE,43.4172,0.57874,Nuit sans éclairage public,Hors agglomération,Hors intersection,Normale,Autre collision,,,,,,,,,,,3,1,1,1.0,6.0
201700019016,0017-07-20 13:45:00,17,7,20,13,45,320,103,AU VILLAGE - CD 929 - PR,43.3434,0.54344,Plein jour,En agglomération,Hors intersection,Temps couvert,Autre collision,,,,,,,,,,,1,2,1,8.0,6.0
201700019017,0017-09-24 18:00:00,17,9,24,18,0,320,103,CD 929 PK 33+735,43.3329,0.53825,Plein jour,Hors agglomération,Hors intersection,Normale,Autre collision,,,,,,,,,,,1,1,1,1.0,6.0
201700019018,0017-10-03 17:10:00,17,10,3,17,10,320,126,RD146,43.41,0.27279,Plein jour,Hors agglomération,Hors intersection,Normale,Deux véhicules - frontale,,,,,,,,,,,1,1,1,1.0,1.0
201700019019,0017-11-17 13:50:00,17,11,17,13,50,320,256,RN21,43.518,0.41462,Plein jour,Hors agglomération,Hors intersection,Normale,Trois véhicules et plus - collisions multiples,,,,,,,,,,,1,1,1,1.0,5.0
201700019020,0017-12-09 16:05:00,17,12,9,16,5,320,159,AU VILLAGE - L'ISLE DE N,43.5836,0.41481,Plein jour,En agglomération,Intersection en Y,Pluie légère,Autre collision,,,,,,,,,,,1,2,4,2.0,6.0
201700019021,0017-12-22 02:50:00,17,12,22,2,50,320,389,CD 159 - PK 2+300,43.5239,0.36178,Nuit sans éclairage public,Hors agglomération,Hors intersection,Pluie légère,Autre collision,,,,,,,,,,,3,1,1,2.0,6.0
201700019022,0017-12-28 18:30:00,17,12,28,18,30,320,256,RN 21 - PR 71+200,43.5296,0.41662,Nuit sans éclairage public,Hors agglomération,Hors intersection,Pluie légère,Deux véhicules - côté,,,,,,,,,,,3,1,1,2.0,3.0
201700019023,0017-01-20 13:50:00,17,1,20,13,50,320,319,,43.6007,0.0306,Plein jour,Hors agglomération,Intersection en X,Normale,Deux véhicules - frontale,,,,,,,,,,,1,1,2,1.0,1.0
201700019024,0017-06-17 16:05:00,17,6,17,16,5,320,32,RD 1,43.5921,0.2312,Plein jour,Hors agglomération,Hors intersection,Temps éblouissant,Autre collision,,,,,,,,,,,1,1,1,7.0,6.0
201700019025,0017-11-29 21:00:00,17,11,29,21,0,320,330,RUE RIVIÈRE BASSE - RD 9,43.5999,-0.01046,Nuit sans éclairage public,Hors agglomération,Hors intersection,Normale,Autre collision,,,,,,,,,,,3,1,1,1.0,6.0
201700019026,0017-03-11 23:15:00,17,3,11,23,15,320,245,D136 - LIEU DIT BARREJEA,43.6129,-0.10049,Nuit sans éclairage public,Hors agglomération,Hors intersection,Pluie légère,Autre collision,,,,,,,,,,,3,1,1,2.0,6.0
201700019027,0017-03-17 16:00:00,17,3,17,16,0,320,1,LIEU-DIT BETHAUD,43.7037,0.10744,Plein jour,Hors agglomération,Hors intersection,Normale,Autre collision,,,,,,,,,,,1,1,1,1.0,6.0
201700019028,0017-03-25 11:10:00,17,3,25,11,10,320,398,RD 262,43.6546,-0.15091,Plein jour,Hors agglomération,Hors intersection,Normale,Deux véhicules - frontale,,,,,,,,,,,1,1,1,1.0,1.0
201700019029,0017-07-20 12:40:00,17,7,20,12,40,320,296,PK64 + 598,43.7543,-0.04825,Plein jour,Hors agglomération,Intersection en X,Normale,Deux véhicules - côté,,,,,,,,,,,1,1,2,1.0,3.0
201700019030,0017-07-27 10:50:00,17,7,27,10,50,320,219,RD 37,43.6761,0.18259,Plein jour,Hors agglomération,Hors intersection,Normale,Deux véhicules - frontale,,,,,,,,,,,1,1,1,1.0,1.0
201700019031,0017-08-05 03:30:00,17,8,5,3,30,320,344,46 AVENUE DE L'ADOUR,43.6607,-0.08462,Nuit avec éclairage allumé,En agglomération,Hors intersection,Normale,Autre collision,,,,,,,,,,,5,2,1,1.0,6.0
201700019032,0017-08-06 19:35:00,17,8,6,19,35,320,369,RD33 - PK 002+0180,43.8001,-0.03024,Plein jour,Hors agglomération,Hors intersection,Normale,Sans collision,,,,,,,,,,,1,1,1,1.0,7.0
201700019033,0017-10-14 18:30:00,17,10,14,18,30,320,17,CD 22,43.6175,-0.20779,Plein jour,Hors agglomération,Intersection en X,Normale,Deux véhicules - frontale,,,,,,,,,,,1,1,2,1.0,1.0
201700019034,0017-11-04 06:00:00,17,11,4,6,0,320,463,CHEMIN DU SOUVENIR FRANÇ,43.6149,-0.15181,Nuit sans éclairage public,Hors agglomération,Hors intersection,Normale,Autre collision,,,,,,,,,,,3,1,1,1.0,6.0
201700019035,0017-11-08 07:00:00,17,11,8,7,0,320,245,LIEU DIT AU CHIC ROUTE D,43.6097,-0.08478,Crépuscule ou aube,Hors agglomération,Hors intersection,Pluie légère,Deux véhicules - côté,,,,,,,,,,,2,1,1,2.0,3.0
201700019036,0017-12-05 12:50:00,17,12,5,12,50,320,296,CHEMIN DE LA MAGINE,43.7539,-0.03281,Plein jour,En agglomération,Intersection en T,Normale,Sans collision,,,,,,,,,,,1,2,3,1.0,7.0
201700019037,0017-08-17 19:30:00,17,8,17,19,30,810,48,Route de Saint Quintin,43.9637,2.12585,Plein jour,Hors agglomération,Hors intersection,Normale,Autre collision,,,,,,,,,,,1,1,1,1.0,6.0
201700019038,0017-02-12 16:45:00,17,2,12,16,45,810,308,la Barbastié,44.00872,2.36624,Plein jour,Hors agglomération,Hors intersection,Vent fort / tempête,Autre collision,,,,,,,,,,,1,1,1,6.0,6.0
201700019039,0017-04-19 15:50:00,17,4,19,15,50,810,168,"route de Carmaux, CD 905",44.1461,2.14991,Plein jour,En agglomération,Hors intersection,Normale,Autre collision,,,,,,,,,,,1,2,1,1.0,6.0
201700019040,0017-06-25 18:25:00,17,6,25,18,25,810,89,lieu dit la baraque,44.02359,2.44384,Plein jour,Hors agglomération,Hors intersection,Normale,Sans collision,,,,,,,,,,,1,1,1,1.0,7.0
201700019041,0017-08-23 10:10:00,17,8,23,10,10,810,201,La barraque,44.1085,2.22804,Plein jour,Hors agglomération,Hors intersection,Normale,Deux véhicules - côté,,,,,,,,,,,1,1,1,1.0,3.0
201700019042,0017-10-21 08:35:00,17,10,21,8,35,810,47,le joulié,43.98382,2.48995,Crépuscule ou aube,Hors agglomération,Intersection en T,Temps éblouissant,Deux véhicules - côté,,,,,,,,,,,2,1,3,7.0,3.0
201700019043,0017-12-22 20:20:00,17,12,22,20,20,810,308,"Lieu-dit ""Campels""",44.0116,2.36215,Nuit sans éclairage public,Hors agglomération,Hors intersection,Pluie légère,Autre collision,,,,,,,,,,,3,1,1,2.0,6.0
201700019044,0017-04-25 19:45:00,17,4,25,19,45,810,188,D622 PK61.700,43.70716,2.77969,Crépuscule ou aube,Hors agglomération,Hors intersection,Pluie légère,Trois véhicules et plus - collisions multiples,,,,,,,,,,,2,1,1,2.0,5.0
201700019045,0017-06-21 18:30:00,17,6,21,18,30,810,31,"lieu-dit ""bel air"" RD622",43.61676,2.44967,Plein jour,Hors agglomération,Hors intersection,Normale,Deux véhicules - côté,,,,,,,,,,,1,1,1,1.0,3.0
201700019046,0017-08-13 17:50:00,17,8,13,17,50,810,124,D622,43.68578,2.63074,Plein jour,Hors agglomération,Hors intersection,Normale,Autre collision,,,,,,,,,,,1,1,1,1.0,6.0
201700019047,0017-01-10 07:50:00,17,1,10,7,50,810,140,Route de castres,43.6969,1.8157,Crépuscule ou aube,En agglomération,Giratoire,Pluie forte,Autre collision,,,,,,,,,,,2,2,6,3.0,6.0
201700019048,0017-04-13 14:45:00,17,4,13,14,45,810,140,29 route de Castres,43.6936,1.81794,Plein jour,En agglomération,Hors intersection,Normale,Autre collision,,,,,,,,,,,1,2,1,1.0,6.0
201700019049,0017-06-21 14:25:00,17,6,21,14,25,810,271,RD  988,43.75927,1.68657,Plein jour,Hors agglomération,Intersection en T,Normale,Deux véhicules - côté,,,,,,,,,,,1,1,3,1.0,3.0
201700019050,0017-07-08 19:15:00,17,7,8,19,15,810,271,avenue Rhin et Danube,43.7744,1.68372,Plein jour,En agglomération,Giratoire,Normale,Autre collision,,,,,,,,,,,1,2,6,1.0,6.0
201700019051,0017-07-16 20:10:00,17,7,16,20,10,810,271,Autoroute A68 - PK 24+50,43.75384,1.68488,Plein jour,Hors agglomération,Hors intersection,Temps éblouissant,Deux véhicules - arrière,,,,,,,,,,,1,1,1,7.0,2.0
201700019052,0017-08-31 16:15:00,17,8,31,16,15,810,140,62  avenue georges pompi,43.69745,1.79822,Plein jour,En agglomération,Hors intersection,Normale,Autre collision,,,,,,,,,,,1,2,1,1.0,6.0
201700019053,0017-02-25 18:00:00,17,2,25,18,0,810,42,RD 622 - PK 18+400,43.62747,2.35362,Plein jour,Hors agglomération,Intersection en T,Temps éblouissant,Deux véhicules - frontale,,,,,,,,,,,1,1,3,7.0,1.0