accident_id,datetime,annee,mois,jour,heure,minute,departement,commune_insee,adresse,latitude,longitude,luminosite,agglomeration,intersection,meteo,collision,nb_vehicules,nb_usagers,nb_indemnes,nb_tues,nb_blesses_hosp,nb_blesses_legers,age_cond_1,age_cond_2,veh_type_cond_1,veh_type_cond_2,lum_code,agg_code,int_code,atm_code,col_code
201700019054,0017-05-11 18:00:00,17,5,11,18,0,810,42,RD 622 PR 18+730,43.62763,2.35317,Plein jour,Hors agglomération,Intersection en X,Normale,Trois véhicules et plus - collisions multiples,,,,,,,,,,,1,1,2,1.0,5.0
201700019055,0017-05-25 17:05:00,17,5,25,17,5,810,128,RD58 - PK 8+800,43.66168,2.36077,Plein jour,Hors agglomération,Hors intersection,Normale,Autre collision,,,,,,,,,,,1,1,1,1.0,6.0
201700019056,0017-06-25 17:10:00,17,6,25,17,10,810,177,lieu-dit Magné,43.68971,2.21741,Plein jour,Hors agglomération,Intersection en T,Temps éblouissant,Deux véhicules - côté,,,,,,,,,,,1,1,3,7.0,3.0
201700019057,0017-08-13 17:00:00,17,8,13,17,0,810,183,roude départementale 57,43.79077,2.37074,Plein jour,Hors agglomération,Hors intersection,Normale,Autre collision,,,,,,,,,,,1,1,1,1.0,6.0
201700019058,0017-10-27 18:05:00,17,10,27,18,5,810,42,RD 622 - la trivale,43.62823,2.36471,Plein jour,Hors agglomération,Hors intersection,Normale,Deux véhicules - côté,,,,,,,,,,,1,1,1,1.0,3.0
201700019059,0017-12-13 15:40:00,17,12,13,15,40,810,182,RD 63 PK 10,43.71664,2.36651,Plein jour,Hors agglomération,Hors intersection,Pluie légère,Sans collision,,,,,,,,,,,1,1,1,2.0,7.0
201700019060,0017-01-06 10:20:00,17,1,6,10,20,810,69,Avenue du 08 mai 1945,44.06129,1.95982,Plein jour,En agglomération,Hors intersection,Temps éblouissant,Autre collision,,,,,,,,,,,1,2,1,7.0,6.0
201700019061,0017-04-15 15:00:00,17,4,15,15,0,810,320,la guitane,44.064,1.90381,Plein jour,Hors agglomération,Intersection en T,Normale,Deux véhicules - côté,,,,,,,,,,,1,1,3,1.0,3.0
201700019062,0017-06-26 11:30:00,17,6,26,11,30,810,148,carrefour d 33 / d 26,44.03683,1.89044,Plein jour,Hors agglomération,Intersection en X,Normale,Deux véhicules - frontale,,,,,,,,,,,1,1,2,1.0,1.0
201700019063,0017-08-27 08:30:00,17,8,27,8,30,810,35,CD 922 - PK 30+600,44.10957,1.97395,Crépuscule ou aube,Hors agglomération,Hors intersection,Normale,Sans collision,,,,,,,,,,,2,1,1,1.0,7.0
201700019064,0017-09-23 17:50:00,17,9,23,17,50,810,206,CD 115 - PK 2+200,44.07895,1.72412,Plein jour,Hors agglomération,Hors intersection,Normale,Sans collision,,,,,,,,,,,1,1,1,1.0,7.0
201700019065,0017-11-22 10:40:00,17,11,22,10,40,810,69,"17, avenue de la Grésign",44.0664,1.95104,Plein jour,En agglomération,Hors intersection,Temps éblouissant,Autre collision,,,,,,,,,,,1,2,1,7.0,6.0
201700019066,0017-01-24 08:45:00,17,1,24,8,45,810,149,chemin de la pigasse,43.81858,1.7717,Plein jour,Hors agglomération,Autre intersection,Normale,Sans collision,,,,,,,,,,,1,1,9,1.0,7.0
201700019067,0017-02-03 19:05:00,17,2,3,19,5,810,220,Lieu dit St AMANS - D988,43.83777,1.75535,Nuit sans éclairage public,Hors agglomération,Hors intersection,Normale,Deux véhicules - côté,,,,,,,,,,,3,1,1,1.0,3.0
201700019068,0017-04-16 06:45:00,17,4,16,6,45,810,106,RD12 Lieu dit Castan,43.83917,1.67513,Crépuscule ou aube,Hors agglomération,Hors intersection,Normale,Autre collision,,,,,,,,,,,2,1,1,1.0,6.0
201700019069,0017-05-03 17:55:00,17,5,3,17,55,810,145,RD 988 - PK 61.568,43.87844,1.85033,Plein jour,Hors agglomération,Hors intersection,Normale,Autre collision,,,,,,,,,,,1,1,1,1.0,6.0
201700019070,0017-05-19 19:30:00,17,5,19,19,30,810,202,"Route de LAVAUR, RD87",43.7908,1.81985,Plein jour,Hors agglomération,Autre intersection,Normale,Deux véhicules - frontale,,,,,,,,,,,1,1,9,1.0,1.0
201700019071,0017-07-09 18:00:00,17,7,9,18,0,810,70,RD 13 - PK 2+950 - SAINT,43.8009,1.70042,Plein jour,Hors agglomération,Hors intersection,Temps couvert,Autre collision,,,,,,,,,,,1,1,1,8.0,6.0
201700019072,0017-07-15 16:35:00,17,7,15,16,35,810,220,RD18,43.83918,1.73028,Plein jour,Hors agglomération,Intersection en X,Normale,Deux véhicules - côté,,,,,,,,,,,1,1,2,1.0,3.0
201700019073,0017-09-15 19:20:00,17,9,15,19,20,810,106,Route de Salvagnac - RD1,43.8474,1.64901,Plein jour,Hors agglomération,Hors intersection,Normale,Autre collision,,,,,,,,,,,1,1,1,1.0,6.0
201700019074,0017-09-20 13:55:00,17,9,20,13,55,810,202,A 68,43.81285,1.80149,Plein jour,Hors agglomération,Hors intersection,Normale,Deux véhicules - côté,,,,,,,,,,,1,1,1,1.0,3.0
201700019075,0017-10-09 12:40:00,17,10,9,12,40,810,145,Louvignes,43.8796,1.79497,Plein jour,Hors agglomération,Intersection en X,Normale,Deux véhicules - côté,,,,,,,,,,,1,1,2,1.0,3.0
201700019076,0017-10-16 19:30:00,17,10,16,19,30,810,70,"""Bellefeuille"" - A68 - P",43.79954,1.76877,Nuit sans éclairage public,Hors agglomération,Hors intersection,Normale,Deux véhicules - arrière,,,,,,,,,,,3,1,1,1.0,2.0
201700019077,0017-11-01 12:10:00,17,11,1,12,10,810,145,RD988 PK59+100,43.86538,1.81961,Plein jour,Hors agglomération,Hors intersection,Normale,Autre collision,,,,,,,,,,,1,1,1,1.0,6.0
201700019078,0017-11-15 23:23:00,17,11,15,23,23,810,202,A 68 PK 037+700,43.80488,1.7782,Nuit sans éclairage public,Hors agglomération,Hors intersection,Normale,Trois véhicules et plus - collisions multiples,,,,,,,,,,,3,1,1,1.0,5.0
201700019079,0017-02-03 18:40:00,17,2,3,18,40,810,81,RD85 - HAMEAU EN CALCAT,43.49429,2.14954,Crépuscule ou aube,En agglomération,Hors intersection,Normale,Autre collision,,,,,,,,,,,2,2,1,1.0,6.0
201700019080,0017-02-10 20:40:00,17,2,10,20,40,810,120,Avenue François MITTERAN,43.50918,2.26689,Nuit avec éclairage allumé,En agglomération,Hors intersection,Normale,Deux véhicules - frontale,,,,,,,,,,,5,2,1,1.0,1.0
201700019081,0017-03-25 04:00:00,17,3,25,4,0,810,2,ZA DU GALINREY,43.51035,2.33147,Nuit sans éclairage public,Hors agglomération,Hors intersection,Pluie forte,Sans collision,,,,,,,,,,,3,1,1,3.0,7.0
201700019082,0017-05-04 11:15:00,17,5,4,11,15,810,242,D146,43.51912,2.1084,Plein jour,En agglomération,Hors intersection,Normale,Autre collision,,,,,,,,,,,1,2,1,1.0,6.0
201700019083,0017-07-12 08:25:00,17,7,12,8,25,810,204,"Lieu-dit ""Le Verdanel""",43.53928,2.35153,Plein jour,Hors agglomération,Intersection en T,Normale,Deux véhicules - côté,,,,,,,,,,,1,1,3,1.0,3.0
201700019084,0017-07-22 10:20:00,17,7,22,10,20,810,120,route des gaux,43.51279,2.25938,Plein jour,Hors agglomération,Intersection en X,Normale,Autre collision,,,,,,,,,,,1,1,2,1.0,6.0
201700019085,0017-07-26 10:40:00,17,7,26,10,40,810,55,RUE DE LA VOUTE VAUBAN,43.4107,2.07772,Plein jour,En agglomération,Hors intersection,Normale,Autre collision,,,,,,,,,,,1,2,1,1.0,6.0
201700019086,0017-08-12 13:25:00,17,8,12,13,25,810,195,RD621,43.55135,2.22761,Plein jour,Hors agglomération,Hors intersection,Normale,Sans collision,,,,,,,,,,,1,1,1,1.0,7.0
201700019087,0017-08-19 07:50:00,17,8,19,7,50,810,325,CD621,43.55284,2.16137,Plein jour,Hors agglomération,Hors intersection,Normale,Autre collision,,,,,,,,,,,1,1,1,1.0,6.0
201700019088,0017-09-09 13:40:00,17,9,9,13,40,810,129,Route de St Avit,43.50962,2.101,Plein jour,Hors agglomération,Hors intersection,Normale,Autre collision,,,,,,,,,,,1,1,1,1.0,6.0
201700019089,0017-10-19 18:00:00,17,10,19,18,0,810,2,Route de Mazamet - RD 53,43.49499,2.3423,Plein jour,En agglomération,Intersection en T,Pluie légère,Sans collision,,,,,,,,,,,1,2,3,2.0,7.0
201700019090,0017-12-17 16:45:00,17,12,17,16,45,810,120,le reclos RN 112,43.52102,2.30013,Crépuscule ou aube,Hors agglomération,Intersection en T,Pluie légère,Trois véhicules et plus - collisions multiples,,,,,,,,,,,2,1,3,2.0,5.0
201700019091,0017-02-02 08:10:00,17,2,2,8,10,690,88,46 Rue des Marronniers,45.8158,4.86322,Plein jour,En agglomération,Hors intersection,Normale,Autre collision,,,,,,,,,,,1,2,1,1.0,6.0
201700019092,0017-02-03 08:40:00,17,2,3,8,40,690,63,QUAI ILLHAEUSERN - Rond-,45.77473,4.80833,Plein jour,En agglomération,Giratoire,Temps couvert,Deux véhicules - côté,,,,,,,,,,,1,2,6,8.0,3.0
201700019093,0017-02-15 09:00:00,17,2,15,9,0,690,88,d433,45.82762,4.85527,Plein jour,En agglomération,Hors intersection,Normale,Deux véhicules - côté,,,,,,,,,,,1,2,1,1.0,3.0
201700019094,0017-04-13 15:10:00,17,4,13,15,10,690,88,10 rue victor hugo,45.83281,4.84866,Plein jour,En agglomération,Hors intersection,Normale,Autre collision,,,,,,,,,,,1,2,1,1.0,6.0
201700019095,0017-05-01 23:00:00,17,5,1,23,0,690,168,Passerelle Couzon / D433,45.84484,4.83515,Nuit avec éclairage allumé,En agglomération,Hors intersection,Pluie légère,Deux véhicules - côté,,,,,,,,,,,5,2,1,2.0,3.0
201700019096,0017-04-06 17:00:00,17,4,6,17,0,690,33,10 route des tatieres,45.85345,4.86582,Plein jour,En agglomération,Hors intersection,Normale,Deux véhicules - côté,,,,,,,,,,,1,2,1,1.0,3.0
201700019097,0017-08-07 11:00:00,17,8,7,11,0,690,33,Route des echets,45.86141,4.89109,Plein jour,Hors agglomération,Hors intersection,Normale,Deux véhicules - côté,,,,,,,,,,,1,1,1,1.0,3.0
201700019098,0017-09-14 17:45:00,17,9,14,17,45,690,88,64 b rue Pierre BOUVIER,45.83202,4.85447,Plein jour,En agglomération,Hors intersection,Normale,Deux véhicules - frontale,,,,,,,,,,,1,2,1,1.0,1.0
201700019099,0017-10-29 00:01:00,17,10,29,0,1,690,88,Montée roy,45.83189,4.85287,Nuit avec éclairage allumé,En agglomération,Hors intersection,Normale,Sans collision,,,,,,,,,,,5,2,1,1.0,7.0
201700019100,0017-12-14 19:04:00,17,12,14,19,4,690,88,20 quai jean baptiste si,45.82762,4.85527,Nuit avec éclairage allumé,En agglomération,Hors intersection,Normale,Trois véhicules et plus - en chaîne,,,,,,,,,,,5,2,1,1.0,4.0
201700019101,0017-12-21 11:20:00,17,12,21,11,20,690,292,24 boulevard castellane,45.82311,4.87342,Plein jour,En agglomération,Hors intersection,Pluie légère,Autre collision,,,,,,,,,,,1,2,1,2.0,6.0
201700019102,0017-01-07 21:10:00,17,1,7,21,10,690,161,D10 - PARKING SALLE DES,46.19752,4.43742,Nuit sans éclairage public,En agglomération,Hors intersection,Normale,Deux véhicules - frontale,,,,,,,,,,,3,2,1,1.0,1.0
201700019103,0017-05-05 15:00:00,17,5,5,15,0,690,162,Pont des Samsons,46.11806,4.64238,Plein jour,Hors agglomération,Hors intersection,Normale,Deux véhicules - côté,,,,,,,,,,,1,1,1,1.0,3.0
201700019104,0017-05-05 16:30:00,17,5,5,16,30,690,162,St Vincent,46.12511,4.63211,Plein jour,En agglomération,Intersection en T,Temps éblouissant,Deux véhicules - côté,,,,,,,,,,,1,2,3,7.0,3.0
201700019105,0017-05-08 09:50:00,17,5,8,9,50,690,135,Chonay,46.21075,4.53164,Plein jour,Hors agglomération,Hors intersection,Normale,Autre collision,,,,,,,,,,,1,1,1,1.0,6.0
201700019106,0017-06-11 16:35:00,17,6,11,16,35,690,18,RD 337 - PR 17300,46.15939,4.57807,Plein jour,Hors agglomération,Autre intersection,Normale,Autre collision,,,,,,,,,,,1,1,9,1.0,6.0
201700019107,0017-06-23 16:40:00,17,6,23,16,40,690,53,le bourg,46.21351,4.70562,Plein jour,En agglomération,Hors intersection,Normale,Deux véhicules - frontale,,,,,,,,,,,1,2,1,1.0,1.0
201700019108,0017-10-04 17:15:00,17,10,4,17,15,690,108,D Route Départementale 8,46.16775,4.70803,Plein jour,Hors agglomération,Hors intersection,Normale,Deux véhicules - frontale,,,,,,,,,,,1,1,1,1.0,1.0
201700019109,0017-12-02 03:45:00,17,12,2,3,45,690,162,D43 -,46.11351,4.64376,Nuit sans éclairage public,Hors agglomération,Hors intersection,Pluie légère,Autre collision,,,,,,,,,,,3,1,1,2.0,6.0
201700019110,0017-01-01 00:25:00,17,1,1,0,25,690,6,Route de Tarare,45.96283,4.33386,Nuit sans éclairage public,Hors agglomération,Hors intersection,Brouillard / fumée,Autre collision,,,,,,,,,,,3,1,1,5.0,6.0
201700019111,0017-02-19 16:40:00,17,2,19,16,40,690,169,lieu-dit les Grillons,45.97498,4.39126,Plein jour,Hors agglomération,Hors intersection,Normale,Deux véhicules - frontale,,,,,,,,,,,1,1,1,1.0,1.0
201700019112,0017-03-17 17:05:00,17,3,17,17,5,690,70,36 rue du Moulin,46.02193,4.38091,Plein jour,En agglomération,Hors intersection,Normale,Autre collision,,,,,,,,,,,1,2,1,1.0,6.0
201700019113,0017-04-09 15:40:00,17,4,9,15,40,690,169,"Les Grillons, RD 313",45.97477,4.39098,Plein jour,Hors agglomération,Hors intersection,Normale,Deux véhicules - frontale,,,,,,,,,,,1,1,1,1.0,1.0
201700019114,0017-04-21 18:10:00,17,4,21,18,10,690,6,rue Daniel Fargeot,45.9773,4.33161,Plein jour,En agglomération,Intersection en T,Normale,Deux véhicules - côté,,,,,,,,,,,1,2,3,1.0,3.0
201700019115,0017-04-30 11:10:00,17,4,30,11,10,690,6,Départementale 313,45.96165,4.31724,Plein jour,Hors agglomération,Hors intersection,Vent fort / tempête,Sans collision,,,,,,,,,,,1,1,1,6.0,7.0
201700019116,0017-05-02 12:40:00,17,5,2,12,40,690,66,7 route de Charlieu,46.10064,4.31331,Plein jour,En agglomération,Hors intersection,Pluie légère,Deux véhicules - côté,,,,,,,,,,,1,2,1,2.0,3.0
201700019117,0017-06-04 17:45:00,17,6,4,17,45,690,66,12 rue paul malerba,46.09821,4.31616,Plein jour,En agglomération,Hors intersection,Normale,Autre collision,,,,,,,,,,,1,2,1,1.0,6.0
201700019118,0017-06-22 16:45:00,17,6,22,16,45,690,6,intersection D308 (route,45.9816,4.3341,Plein jour,En agglomération,Hors intersection,Normale,Deux véhicules - côté,,,,,,,,,,,1,2,1,1.0,3.0
201700019119,0017-09-03 16:00:00,17,9,3,16,0,690,169,lieu-dit les Quatre Vent,45.98285,4.37404,Plein jour,Hors agglomération,Hors intersection,Normale,Deux véhicules - frontale,,,,,,,,,,,1,1,1,1.0,1.0
201700019120,0017-10-12 19:30:00,17,10,12,19,30,690,66,Rue de Lyon,46.09354,4.31331,Nuit avec éclairage allumé,Hors agglomération,Intersection en Y,Normale,Deux véhicules - frontale,,,,,,,,,,,5,1,4,1.0,1.0
201700019121,0017-11-25 09:15:00,17,11,25,9,15,690,6,D313,45.97223,4.34924,Plein jour,Hors agglomération,Hors intersection,Pluie légère,Sans collision,,,,,,,,,,,1,1,1,2.0,7.0
201700019122,0017-12-07 21:10:00,17,12,7,21,10,690,248,Rue Victor Clément,46.03522,4.31532,Nuit avec éclairage allumé,En agglomération,Intersection en X,Pluie légère,Deux véhicules - frontale,,,,,,,,,,,5,2,2,2.0,1.0
201700019123,0017-12-19 13:45:00,17,12,19,13,45,330,140,D14E2 / Ch. de la Douve,44.77541,-0.35116,Plein jour,En agglomération,Intersection en T,Normale,Deux véhicules - côté,,,,,,,,,,,1,2,3,1.0,3.0
201700019124,0017-01-12 18:19:00,17,1,12,18,19,330,226,1 route de CREON,44.71333,-0.39552,Nuit avec éclairage allumé,En agglomération,Hors intersection,Pluie forte,Autre collision,,,,,,,,,,,5,2,1,3.0,6.0
201700019125,0017-02-17 14:30:00,17,2,17,14,30,330,505,RD 671 - PR 12,44.76799,-0.30665,Plein jour,Hors agglomération,Hors intersection,Normale,Deux véhicules - frontale,,,,,,,,,,,1,1,1,1.0,1.0
201700019126,0017-02-17 09:00:00,17,2,17,9,0,330,140,15 route du pout,44.7785,-0.35211,Plein jour,En agglomération,Intersection en T,Temps éblouissant,Deux véhicules - frontale,,,,,,,,,,,1,2,3,7.0,1.0
201700019127,0017-03-18 15:10:00,17,3,18,15,10,330,534,33 rue du Pont de Rose,44.71266,-0.3978,Plein jour,En agglomération,Hors intersection,Normale,Autre collision,,,,,,,,,,,1,2,1,1.0,6.0
201700019128,0017-04-09 20:25:00,17,4,9,20,25,330,33,D10,44.72685,-0.45218,Crépuscule ou aube,Hors agglomération,Autre intersection,Normale,Deux véhicules - côté,,,,,,,,,,,2,1,9,1.0,3.0
201700019129,0017-04-23 16:30:00,17,4,23,16,30,330,408,RTE des bernards,44.76258,-0.38595,Plein jour,Hors agglomération,Hors intersection,Normale,Autre collision,,,,,,,,,,,1,1,1,1.0,6.0
201700019130,0017-07-07 20:35:00,17,7,7,20,35,330,140,RD14E2 (13 Bd de Verdun),44.77383,-0.35212,Plein jour,En agglomération,Hors intersection,Normale,Deux véhicules - côté,,,,,,,,,,,1,2,1,1.0,3.0
201700019131,0017-07-28 18:30:00,17,7,28,18,30,330,311,Rte.Bordeaux/Ch.Pichot.,44.67784,-0.35983,Plein jour,Hors agglomération,Intersection en T,Temps éblouissant,Sans collision,,,,,,,,,,,1,1,3,7.0,7.0
201700019132,0017-08-20 10:20:00,17,8,20,10,20,330,140,Rte La Forêt - Genestat,44.78375,-0.32539,Plein jour,Hors agglomération,Hors intersection,Normale,Deux véhicules - côté,,,,,,,,,,,1,1,1,1.0,3.0
201700019133,0017-09-05 15:55:00,17,9,5,15,55,330,99,16 AV de BRANNE,44.82667,-0.45733,Plein jour,Hors agglomération,Hors intersection,Normale,Deux véhicules - arrière,,,,,,,,,,,1,1,1,1.0,2.0
201700019134,0017-09-03 03:45:00,17,9,3,3,45,330,141,LIEUDIT LE PONT,44.83626,-0.34688,Nuit sans éclairage public,Hors agglomération,Hors intersection,Normale,Deux véhicules - frontale,,,,,,,,,,,3,1,1,1.0,1.0
201700019135,0017-01-04 20:15:00,17,1,4,20,15,330,11,RD3 / Av du PORT,44.76509,-1.13637,Nuit avec éclairage allumé,En agglomération,Intersection en X,Brouillard / fumée,Deux véhicules - côté,,,,,,,,,,,5,2,2,5.0,3.0
201700019136,0017-02-20 09:50:00,17,2,20,9,50,330,236,Av.Gal De Gaulle,44.75592,-1.18009,Plein jour,En agglomération,Hors intersection,Normale,Deux véhicules - arrière,,,,,,,,,,,1,2,1,1.0,2.0
201700019137,0017-03-03 10:49:00,17,3,3,10,49,330,11,Av.LIBERATION /Bd.AERIUM,44.76284,-1.13243,Plein jour,En agglomération,Intersection en X,Normale,Deux véhicules - côté,,,,,,,,,,,1,2,2,1.0,3.0
201700019138,0017-04-06 20:45:00,17,4,6,20,45,330,236,RD106 / Imp Foulques,44.70292,-1.22784,Nuit avec éclairage allumé,En agglomération,Intersection en T,Normale,Deux véhicules - côté,,,,,,,,,,,5,2,3,1.0,3.0
201700019139,0017-04-27 11:15:00,17,4,27,11,15,330,11,RD106 VOIE RAPIDE,44.77502,-1.0963,Plein jour,Hors agglomération,Hors intersection,Normale,Deux véhicules - arrière,,,,,,,,,,,1,1,1,1.0,2.0
201700019140,0017-06-19 17:00:00,17,6,19,17,0,330,236,RD3 / RD3E4,44.80156,-1.13541,Plein jour,En agglomération,Intersection en T,Normale,Deux véhicules - côté,,,,,,,,,,,1,2,3,1.0,3.0
201700019141,0017-09-13 09:30:00,17,9,13,9,30,330,236,AlTourterelles/Al grives,44.63994,-1.25242,Plein jour,En agglomération,Intersection en X,Pluie légère,Deux véhicules - côté,,,,,,,,,,,1,2,2,2.0,3.0
201700019142,0017-10-26 11:50:00,17,10,26,11,50,330,11,RD106E4 / R.Templier,44.76915,-1.1331,Plein jour,En agglomération,Giratoire,Normale,Deux véhicules - côté,,,,,,,,,,,1,2,6,1.0,3.0
201700019143,0017-11-23 21:45:00,17,11,23,21,45,330,236,RD106 Claouey,44.744,-1.18142,Nuit avec éclairage allumé,En agglomération,Hors intersection,Normale,Autre collision,,,,,,,,,,,5,2,1,1.0,6.0
201700019144,0017-02-23 23:27:00,17,2,23,23,27,330,382,LIEU DIT AU MOINOT,45.15442,-0.4719,Nuit sans éclairage public,Hors agglomération,Hors intersection,Pluie légère,Autre collision,,,,,,,,,,,3,1,1,2.0,6.0
201700019145,0017-07-04 20:30:00,17,7,4,20,30,330,114,70 avenue de paris,45.10052,-0.38954,Plein jour,En agglomération,Hors intersection,Normale,Deux véhicules - côté,,,,,,,,,,,1,2,1,1.0,3.0
201700019146,0017-07-29 11:00:00,17,7,29,11,0,330,502,LD la fond des loges,45.18138,-0.52806,Plein jour,Hors agglomération,Hors intersection,Normale,Autre collision,,,,,,,,,,,1,1,1,1.0,6.0
201700019147,0017-08-04 15:30:00,17,8,4,15,30,330,114,RD218 LD BODET,45.0881,-0.38407,Plein jour,Hors agglomération,Hors intersection,Normale,Deux véhicules - frontale,,,,,,,,,,,1,1,1,1.0,1.0
201700019148,0017-09-20 19:00:00,17,9,20,19,0,330,114,RD135E5 / R.NEUVE,45.11045,-0.38131,Plein jour,En agglomération,Intersection en T,Normale,Deux véhicules - frontale,,,,,,,,,,,1,2,3,1.0,1.0
201700019149,0017-10-14 21:00:00,17,10,14,21,0,330,473,LE JARD DE BOURDILLAS,45.19245,-0.45642,Nuit sans éclairage public,En agglomération,Hors intersection,Normale,Autre collision,,,,,,,,,,,3,2,1,1.0,6.0
201700019150,0017-11-17 17:00:00,17,11,17,17,0,330,184,RD737 / RD137E3,45.15995,-0.55707,Plein jour,Hors agglomération,Intersection en X,Normale,Deux véhicules - côté,,,,,,,,,,,1,1,2,1.0,3.0
201700019151,0017-07-28 16:15:00,17,7,28,16,15,330,195,RD655E5-LD-Aroudets,44.39092,-0.03908,Plein jour,En agglomération,Hors intersection,Normale,Autre collision,,,,,,,,,,,1,2,1,1.0,6.0
201700019152,0017-11-01 10:05:00,17,11,1,10,5,330,36,D802-PisCy/R. A des Pins,44.44166,-0.21872,Plein jour,Hors agglomération,Intersection en X,Normale,Deux véhicules - côté,,,,,,,,,,,1,1,2,1.0,3.0
201700019153,0017-11-14 09:30:00,17,11,14,9,30,330,36,D3 / VC Eyrevieille,44.43231,-0.21658,Plein jour,En agglomération,Intersection en T,Normale,Autre collision,,,,,,,,,,,1,2,3,1.0,6.0
201700019154,0017-11-22 17:00:00,17,11,22,17,0,330,95,D932,44.2679,-0.2614,Plein jour,Hors agglomération,Hors intersection,Normale,Deux véhicules - frontale,,,,,,,,,,,1,1,1,1.0,1.0
201700019155,0017-12-19 07:49:00,17,12,19,7,49,330,36,RN524 / RD3,44.44389,-0.23611,Crépuscule ou aube,En agglomération,Giratoire,Normale,Deux véhicules - côté,,,,,,,,,,,2,2,6,1.0,3.0
201700019156,0017-03-16 09:40:00,17,3,16,9,40,330,345,RD15 / RD16,44.66122,0.07291,Plein jour,En agglomération,Intersection en X,Normale,Deux véhicules - côté,,,,,,,,,,,1,2,2,1.0,3.0
201700019157,0017-04-03 18:35:00,17,4,3,18,35,330,277,D672 lieu dit Barboteau,44.75388,0.11197,Plein jour,Hors agglomération,Hors intersection,Normale,Autre collision,,,,,,,,,,,1,1,1,1.0,6.0
201700019158,0017-05-04 19:45:00,17,5,4,19,45,330,359,VC Le Chaban - Galocher,44.6196,0.02542,Plein jour,Hors agglomération,Hors intersection,Normale,Sans collision,,,,,,,,,,,1,1,1,1.0,7.0
201700019159,0017-05-04 17:35:00,17,5,4,17,35,330,359,lieu dit la violette sud,44.63224,0.02519,Plein jour,Hors agglomération,Intersection en T,Normale,Deux véhicules - arrière,,,,,,,,,,,1,1,3,1.0,2.0
201700019160,0017-09-18 07:20:00,17,9,18,7,20,330,316,D15 lieu dit la métairie,44.74872,0.06726,Crépuscule ou aube,Hors agglomération,Hors intersection,Pluie légère,Autre collision,,,,,,,,,,,2,1,1,2.0,6.0
201700019161,0017-01-05 14:15:00,17,1,5,14,15,330,482,RD 230,44.68327,-0.11748,Plein jour,Hors agglomération,Hors intersection,Normale,Autre collision,,,,,,,,,,,1,1,1,1.0,6.0
201700019162,0017-01-11 14:50:00,17,1,11,14,50,330,506,Lieu dit Pringis,44.69594,-0.0909,Plein jour,Hors agglomération,Hors intersection,Pluie légère,Autre collision,,,,,,,,,,,1,1,1,2.0,6.0
201700019163,0017-02-15 14:50:00,17,2,15,14,50,330,506,place de la république,44.69249,-0.08621,Plein jour,En agglomération,Place,Normale,Autre collision,,,,,,,,,,,1,2,7,1.0,6.0
201700019164,0017-03-07 18:30:00,17,3,7,18,30,330,506,Parking CC Rte Libourne,44.69801,-0.08894,Nuit avec éclairage allumé,En agglomération,Autre intersection,Pluie forte,Deux véhicules - côté,,,,,,,,,,,5,2,9,3.0,3.0
201700019165,0017-03-30 07:30:00,17,3,30,7,30,330,515,domaine Loustalet,44.69992,-0.31174,Plein jour,Hors agglomération,Hors intersection,Normale,Autre collision,,,,,,,,,,,1,1,1,1.0,6.0
201700019166,0017-04-24 16:30:00,17,4,24,16,30,330,482,Intersection D230 / D9,44.68272,-0.11994,Plein jour,Hors agglomération,Intersection en X,Normale,Deux véhicules - côté,,,,,,,,,,,1,1,2,1.0,3.0
201700019167,0017-07-08 10:30:00,17,7,8,10,30,330,57,RD17/RD127,44.75331,-0.07401,Plein jour,Hors agglomération,Intersection en T,Normale,Deux véhicules - arrière,,,,,,,,,,,1,1,3,1.0,2.0
201700019168,0017-07-24 18:55:00,17,7,24,18,55,330,506,D17 / VC.Mont St Fort,44.71215,-0.06559,Plein jour,Hors agglomération,Intersection en T,Normale,Autre collision,,,,,,,,,,,1,1,3,1.0,6.0
201700019169,0017-10-06 08:30:00,17,10,6,8,30,330,275,LD les Fagnards,44.70386,-0.16784,Plein jour,Hors agglomération,Intersection en X,Normale,Deux véhicules - côté,,,,,,,,,,,1,1,2,1.0,3.0
201700019170,0017-11-06 12:00:00,17,11,6,12,0,330,299,D19 / D230,44.64325,-0.23386,Plein jour,Hors agglomération,Intersection en X,Normale,Deux véhicules - côté,,,,,,,,,,,1,1,2,1.0,3.0
201700019171,0017-12-15 12:05:00,17,12,15,12,5,330,163,RD 671 / RD122,44.74895,-0.23878,Plein jour,Hors agglomération,Intersection en X,Pluie légère,Deux véhicules - côté,,,,,,,,,,,1,1,2,2.0,3.0
201700019172,0017-02-16 22:50:00,17,2,16,22,50,330,429,RD3,44.44319,-0.43555,Nuit sans éclairage public,Hors agglomération,Hors intersection,Normale,Autre collision,,,,,,,,,,,3,1,1,1.0,6.0
201700019173,0017-05-25 07:45:00,17,5,25,7,45,330,26,D11 PR 45+19 reel,44.50959,-0.43771,Plein jour,Hors agglomération,Hors intersection,Normale,Deux véhicules - arrière,,,,,,,,,,,1,1,1,1.0,2.0
201700019174,0017-06-01 15:55:00,17,6,1,15,55,330,547,2 lieu dit Guinche NORD,44.46599,-0.36829,Plein jour,Hors agglomération,Hors intersection,Normale,Autre collision,,,,,,,,,,,1,1,1,1.0,6.0