accident_id,datetime,annee,mois,jour,heure,minute,departement,commune_insee,adresse,latitude,longitude,luminosite,agglomeration,intersection,meteo,collision,nb_vehicules,nb_usagers,nb_indemnes,nb_tues,nb_blesses_hosp,nb_blesses_legers,age_cond_1,age_cond_2,veh_type_cond_1,veh_type_cond_2,lum_code,agg_code,int_code,atm_code,col_code
201700019175,0017-06-25 04:45:00,17,6,25,4,45,330,307,route de Preignac,44.48292,-0.36696,Nuit avec éclairage allumé,En agglomération,Hors intersection,Normale,Autre collision,,,,,,,,,,,5,2,1,1.0,6.0
201700019176,0017-12-07 01:20:00,17,12,7,1,20,330,429,RD3- le bourg,44.43246,-0.46751,Nuit avec éclairage allumé,En agglomération,Hors intersection,Brouillard / fumée,Autre collision,,,,,,,,,,,5,2,1,5.0,6.0
201700019177,0017-01-06 16:20:00,17,1,6,16,20,330,545,RD204 / RD204E4,45.2474,-0.84339,Plein jour,Hors agglomération,Intersection en X,Normale,Deux véhicules - frontale,,,,,,,,,,,1,1,2,1.0,1.0
201700019178,0017-01-14 14:00:00,17,1,14,14,0,330,125,17 RTE LA PETITE RIVAUX,45.22491,-0.84009,Plein jour,En agglomération,Hors intersection,Normale,Autre collision,,,,,,,,,,,1,2,1,1.0,6.0
201700019179,0017-01-14 16:00:00,17,1,14,16,0,330,395,RD2,45.25137,-0.78575,Plein jour,Hors agglomération,Hors intersection,Normale,Autre collision,,,,,,,,,,,1,1,1,1.0,6.0
201700019180,0017-01-22 05:00:00,17,1,22,5,0,330,125,"Rond Point ""La Cardine""",45.21622,-0.87059,Nuit sans éclairage public,Hors agglomération,Giratoire,Normale,Sans collision,,,,,,,,,,,3,1,6,1.0,7.0
201700019181,0017-01-30 08:35:00,17,1,30,8,35,330,424,RD1215 / RD1E8,45.13945,-0.81822,Plein jour,Hors agglomération,Autre intersection,Pluie légère,Deux véhicules - côté,,,,,,,,,,,1,1,9,2.0,3.0
201700019182,0017-03-03 04:30:00,17,3,3,4,30,330,424,lieu-dit Courbiac,45.1181,-0.8097,Nuit sans éclairage public,Hors agglomération,Hors intersection,Normale,Autre collision,,,,,,,,,,,3,1,1,1.0,6.0
201700019183,0017-03-05 18:15:00,17,3,5,18,15,330,424,D1215 Lieu dit Ballac,45.16958,-0.83482,Plein jour,Hors agglomération,Hors intersection,Normale,Autre collision,,,,,,,,,,,1,1,1,1.0,6.0
201700019184,0017-03-16 17:10:00,17,3,16,17,10,330,471,ROUTE DE CISSAC,45.20968,-0.83245,Plein jour,Hors agglomération,Hors intersection,Normale,Autre collision,,,,,,,,,,,1,1,1,1.0,6.0
201700019185,0017-03-17 18:15:00,17,3,17,18,15,330,423,RD2 / Pl Hotel Villle,45.16521,-0.74074,Plein jour,En agglomération,Autre intersection,Normale,Sans collision,,,,,,,,,,,1,2,9,1.0,7.0
201700019186,0017-03-29 08:15:00,17,3,29,8,15,330,423,D2,45.15133,-0.74014,Plein jour,Hors agglomération,Hors intersection,Normale,Deux véhicules - frontale,,,,,,,,,,,1,1,1,1.0,1.0
201700019187,0017-03-30 08:20:00,17,3,30,8,20,330,424,R.DOCTEUR DESTOUESSE,45.14779,-0.82366,Plein jour,En agglomération,Hors intersection,Normale,Autre collision,,,,,,,,,,,1,2,1,1.0,6.0
201700019188,0017-04-12 12:35:00,17,4,12,12,35,330,314,RD2E4 (Bd Halimbourg),45.20993,-0.74849,Plein jour,Hors agglomération,Hors intersection,Temps éblouissant,Deux véhicules - côté,,,,,,,,,,,1,1,1,7.0,3.0
201700019189,0017-04-21 17:35:00,17,4,21,17,35,330,424,D1215 / Rte de Courbiac,45.11406,-0.80773,Plein jour,Hors agglomération,Intersection en X,Normale,Deux véhicules - côté,,,,,,,,,,,1,1,2,1.0,3.0
201700019190,0017-04-26 10:10:00,17,4,26,10,10,330,424,RD1E8 / RD1215,45.13919,-0.81831,Plein jour,Hors agglomération,Intersection en T,Normale,Deux véhicules - arrière,,,,,,,,,,,1,1,3,1.0,2.0
201700019191,0017-04-27 07:30:00,17,4,27,7,30,330,412,RD205 PK9+700,45.2098,-0.89123,Plein jour,Hors agglomération,Hors intersection,Brouillard / fumée,Deux véhicules - arrière,,,,,,,,,,,1,1,1,5.0,2.0
201700019192,0017-05-07 12:00:00,17,5,7,12,0,330,423,RD2 / RD101,45.14739,-0.74134,Plein jour,En agglomération,Intersection en Y,Normale,Deux véhicules - côté,,,,,,,,,,,1,2,4,1.0,3.0
201700019193,0017-05-20 11:45:00,17,5,20,11,45,330,395,D2E3 / VC,45.24016,-0.7739,Plein jour,Hors agglomération,Intersection en X,Pluie légère,Deux véhicules - côté,,,,,,,,,,,1,1,2,2.0,3.0
201700019194,0017-05-31 16:59:00,17,5,31,16,59,330,395,VC station d'épuration,45.27289,-0.76199,Plein jour,Hors agglomération,Hors intersection,Pluie légère,Deux véhicules - frontale,,,,,,,,,,,1,1,1,2.0,1.0
201700019195,0017-06-18 21:40:00,17,6,18,21,40,330,314,Place Pierre 1er,45.19871,-0.74822,Plein jour,En agglomération,Intersection en T,Normale,Autre collision,,,,,,,,,,,1,2,3,1.0,6.0
201700019196,0017-07-08 11:30:00,17,7,8,11,30,330,424,lieu-dit la Grave,45.13039,-0.85754,Plein jour,Hors agglomération,Hors intersection,Normale,Deux véhicules - frontale,,,,,,,,,,,1,1,1,1.0,1.0
201700019197,0017-08-02 18:43:00,17,8,2,18,43,330,424,D104 - PR 11+445 réel,45.12044,-0.85656,Plein jour,Hors agglomération,Hors intersection,Normale,Deux véhicules - frontale,,,,,,,,,,,1,1,1,1.0,1.0
201700019198,0017-08-03 11:00:00,17,8,3,11,0,330,395,RD2/Rte.ANGUILEYS,45.26463,-0.79064,Plein jour,Hors agglomération,Intersection en X,Normale,Deux véhicules - côté,,,,,,,,,,,1,1,2,1.0,3.0
201700019199,0017-09-25 16:00:00,17,9,25,16,0,330,125,RD1215 / Bedillous,45.19496,-0.85467,Plein jour,Hors agglomération,Intersection en T,Normale,Deux véhicules - arrière,,,,,,,,,,,1,1,3,1.0,2.0
201700019200,0017-09-29 15:30:00,17,9,29,15,30,330,423,D2 / All.Barton,45.1562,-0.7391,Plein jour,Hors agglomération,Intersection en T,Normale,Deux véhicules - frontale,,,,,,,,,,,1,1,3,1.0,1.0
201700019201,0017-10-02 10:38:00,17,10,2,10,38,330,395,Route du vieux Moulin,45.26708,-0.78956,Plein jour,En agglomération,Hors intersection,Normale,Autre collision,,,,,,,,,,,1,2,1,1.0,6.0
201700019202,0017-11-19 15:00:00,17,11,19,15,0,330,314,D2 E4,45.21437,-0.74883,Plein jour,Hors agglomération,Hors intersection,Normale,Autre collision,,,,,,,,,,,1,1,1,1.0,6.0
201700019203,0017-12-02 17:55:00,17,12,2,17,55,330,424,lieu dit villeneuve,45.16062,-0.85039,Nuit sans éclairage public,Hors agglomération,Hors intersection,Normale,Autre collision,,,,,,,,,,,3,1,1,1.0,6.0
201700019204,0017-02-20 04:35:00,17,2,20,4,35,330,521,le lihan RD1215,45.48139,-1.09204,Nuit sans éclairage public,Hors agglomération,Hors intersection,Normale,Autre collision,,,,,,,,,,,3,1,1,1.0,6.0
201700019205,0017-05-08 17:10:00,17,5,8,17,10,330,514,RD1215 / RD1E4,45.50617,-1.09282,Plein jour,Hors agglomération,Intersection en X,Normale,Deux véhicules - côté,,,,,,,,,,,1,1,2,1.0,3.0
201700019206,0017-06-25 12:30:00,17,6,25,12,30,330,541,RD102E1,45.3916,-1.15911,Plein jour,Hors agglomération,Hors intersection,Normale,Deux véhicules - arrière,,,,,,,,,,,1,1,1,1.0,2.0
201700019207,0017-08-03 06:45:00,17,8,3,6,45,330,348,RD102,45.36753,-0.99314,Plein jour,Hors agglomération,Hors intersection,Normale,Autre collision,,,,,,,,,,,1,1,1,1.0,6.0
201700019208,0017-10-13 10:00:00,17,10,13,10,0,330,521,D1E4 54 route du Bourg,45.46531,-1.0499,Plein jour,En agglomération,Autre intersection,Normale,Deux véhicules - arrière,,,,,,,,,,,1,2,9,1.0,2.0
201700019209,0017-10-20 18:40:00,17,10,20,18,40,330,490,Route de Valeyrac,45.44014,-1.00964,Plein jour,Hors agglomération,Hors intersection,Normale,Autre collision,,,,,,,,,,,1,1,1,1.0,6.0
201700019210,0017-01-21 09:55:00,17,1,21,9,55,330,466,RD936 / Ch Peyfroment,44.81787,-0.26185,Plein jour,Hors agglomération,Intersection en T,Normale,Autre collision,,,,,,,,,,,1,1,3,1.0,6.0
201700019211,0017-01-25 08:00:00,17,1,25,8,0,330,301,DÉPARTEMENTALE 128,44.79117,-0.1935,Crépuscule ou aube,Hors agglomération,Hors intersection,Autre,Autre collision,,,,,,,,,,,2,1,1,9.0,6.0
201700019212,0017-02-28 19:00:00,17,2,28,19,0,330,466,CARREFOUR MAGRINE,44.82264,-0.29373,Nuit avec éclairage allumé,En agglomération,Giratoire,Pluie légère,Deux véhicules - côté,,,,,,,,,,,5,2,6,2.0,3.0
201700019213,0017-04-23 16:30:00,17,4,23,16,30,330,194,D11 / D239,44.80951,-0.22168,Plein jour,Hors agglomération,Intersection en Y,Normale,Deux véhicules - côté,,,,,,,,,,,1,1,4,1.0,3.0
201700019214,0017-05-09 07:30:00,17,5,9,7,30,330,466,D936 Route de Branne ld,44.81793,-0.2632,Plein jour,Hors agglomération,Hors intersection,Normale,Trois véhicules et plus - collisions multiples,,,,,,,,,,,1,1,1,1.0,5.0
201700019215,0017-06-20 12:30:00,17,6,20,12,30,330,185,641 Rte St Quentin,44.85365,-0.25944,Plein jour,En agglomération,Hors intersection,Normale,Autre collision,,,,,,,,,,,1,2,1,1.0,6.0
201700019216,0017-06-23 13:30:00,17,6,23,13,30,330,466,1 rue du moulin neuf,44.81684,-0.28424,Plein jour,En agglomération,Hors intersection,Normale,Deux véhicules - frontale,,,,,,,,,,,1,2,1,1.0,1.0
201700019217,0017-07-13 16:30:00,17,7,13,16,30,330,350,les terres fortes,44.76454,-0.11459,Plein jour,Hors agglomération,Hors intersection,Normale,Trois véhicules et plus - collisions multiples,,,,,,,,,,,1,1,1,1.0,5.0
201700019218,0017-09-09 10:55:00,17,9,9,10,55,330,147,RD 239,44.80045,-0.23812,Plein jour,Hors agglomération,Hors intersection,Pluie légère,Deux véhicules - frontale,,,,,,,,,,,1,1,1,2.0,1.0
201700019219,0017-09-21 12:00:00,17,9,21,12,0,330,71,Rue Emmanuel Roy,44.8292,-0.18745,Plein jour,En agglomération,Hors intersection,Temps éblouissant,Autre collision,,,,,,,,,,,1,2,1,7.0,6.0
201700019220,0017-11-17 17:15:00,17,11,17,17,15,330,257,RD19 / Ch. de terre,44.81849,-0.18542,Plein jour,Hors agglomération,Hors intersection,Normale,Deux véhicules - côté,,,,,,,,,,,1,1,1,1.0,3.0
201700019221,0017-01-10 13:30:00,17,1,10,13,30,330,459,Départementale 936,44.85551,-0.109,Plein jour,En agglomération,Hors intersection,Normale,Autre collision,,,,,,,,,,,1,2,1,1.0,6.0
201700019222,0017-06-14 17:00:00,17,6,14,17,0,330,394,9343 Champ des Rivalons,44.89103,-0.19346,Plein jour,Hors agglomération,Hors intersection,Normale,Trois véhicules et plus - collisions multiples,,,,,,,,,,,1,1,1,1.0,5.0
201700019223,0017-07-12 17:50:00,17,7,12,17,50,330,480,RD19 / RD19E1,44.87397,-0.19036,Plein jour,En agglomération,Intersection en T,Normale,Deux véhicules - côté,,,,,,,,,,,1,2,3,1.0,3.0
201700019224,0017-07-18 14:45:00,17,7,18,14,45,330,108,Av.verdun/R.19mars1962,44.85323,-0.05103,Plein jour,En agglomération,Intersection en X,Normale,Deux véhicules - côté,,,,,,,,,,,1,2,2,1.0,3.0
201700019225,0017-07-26 18:10:00,17,7,26,18,10,330,426,D670E5 - D243E2,44.86314,-0.13446,Plein jour,Hors agglomération,Intersection en X,Pluie légère,Deux véhicules - côté,,,,,,,,,,,1,1,2,2.0,3.0
201700019226,0017-08-12 05:25:00,17,8,12,5,25,330,394,les egrieres nord,44.90746,-0.14616,Nuit sans éclairage public,Hors agglomération,Hors intersection,Normale,Autre collision,,,,,,,,,,,3,1,1,1.0,6.0
201700019227,0017-08-13 18:40:00,17,8,13,18,40,330,390,Picoron/ Ch.Quatre Rieux,44.87807,-0.06999,Plein jour,En agglomération,Intersection en T,Normale,Sans collision,,,,,,,,,,,1,2,3,1.0,7.0
201700019228,0017-08-21 03:00:00,17,8,21,3,0,330,173,route communale 2,44.95146,-0.00474,Nuit sans éclairage public,Hors agglomération,Hors intersection,Normale,Autre collision,,,,,,,,,,,3,1,1,1.0,6.0
201700019229,0017-10-03 06:30:00,17,10,3,6,30,330,480,Grand bigaroux - RD 670,44.87802,-0.16452,Nuit avec éclairage allumé,En agglomération,Hors intersection,Pluie légère,Deux véhicules - frontale,,,,,,,,,,,5,2,1,2.0,1.0
201700019230,0017-12-11 10:50:00,17,12,11,10,50,330,394,D224 / VC Au Jurat,44.92487,-0.16754,Plein jour,Hors agglomération,Intersection en T,Pluie légère,Deux véhicules - côté,,,,,,,,,,,1,1,3,2.0,3.0
201700019231,0017-03-06 02:05:00,17,3,6,2,5,650,340,RN 21  - PK 14 + 150,43.27642,0.11728,Nuit sans éclairage public,Hors agglomération,Hors intersection,Pluie légère,Autre collision,,,,,,,,,,,3,1,1,2.0,6.0
201700019232,0017-03-23 08:15:00,17,3,23,8,15,650,2,RN21 route de Lourdes,43.14301,-0.02613,Plein jour,En agglomération,Hors intersection,Normale,Trois véhicules et plus - collisions multiples,,,,,,,,,,,1,2,1,1.0,5.0
201700019233,0017-04-08 15:30:00,17,4,8,15,30,650,62,d817,43.19935,0.13833,Plein jour,Hors agglomération,Hors intersection,Normale,Trois véhicules et plus - collisions multiples,,,,,,,,,,,1,1,1,1.0,5.0
201700019234,0017-05-01 10:45:00,17,5,1,10,45,650,72,14 route d'oursbelille,43.28949,0.06613,Plein jour,En agglomération,Hors intersection,Normale,Autre collision,,,,,,,,,,,1,2,1,1.0,6.0
201700019235,0017-05-03 16:30:00,17,5,3,16,30,650,2,Route Nationale 21,43.13364,-0.02686,Plein jour,En agglomération,Hors intersection,Normale,Deux véhicules - frontale,,,,,,,,,,,1,2,1,1.0,1.0
201700019236,0017-05-26 21:20:00,17,5,26,21,20,650,235,RD921A,43.20325,0.03873,Nuit avec éclairage allumé,En agglomération,Hors intersection,Normale,Deux véhicules - côté,,,,,,,,,,,5,2,1,1.0,3.0
201700019237,0017-06-29 12:30:00,17,6,29,12,30,650,108,Croisement D93 et D8,43.29031,0.09409,Plein jour,Hors agglomération,Intersection en T,Normale,Deux véhicules - arrière,,,,,,,,,,,1,1,3,1.0,2.0
201700019238,0017-08-07 15:15:00,17,8,7,15,15,650,2,avenue des Pyrénées,43.13862,-0.02771,Plein jour,En agglomération,Intersection en X,Normale,Deux véhicules - côté,,,,,,,,,,,1,2,2,1.0,3.0
201700019239,0017-11-13 17:40:00,17,11,13,17,40,650,344,rue Henri MANINAT,43.18727,-0.02388,Nuit avec éclairage allumé,En agglomération,Intersection en X,Temps couvert,Autre collision,,,,,,,,,,,5,2,2,8.0,6.0
201700019240,0017-01-13 19:00:00,17,1,13,19,0,650,442,D632,43.29395,0.6278,Nuit sans éclairage public,Hors agglomération,Intersection en X,Normale,Deux véhicules - côté,,,,,,,,,,,3,1,2,1.0,3.0
201700019241,0017-04-16 13:35:00,17,4,16,13,35,650,289,RD 632,43.29858,0.27978,Plein jour,Hors agglomération,Hors intersection,Normale,Autre collision,,,,,,,,,,,1,1,1,1.0,6.0
201700019242,0017-04-29 19:10:00,17,4,29,19,10,650,293,Chemin de la Serre,43.27294,0.33262,Plein jour,En agglomération,Hors intersection,Normale,Sans collision,,,,,,,,,,,1,2,1,1.0,7.0
201700019243,0017-09-09 10:30:00,17,9,9,10,30,650,315,Route départementale 9,43.23897,0.51025,Plein jour,Hors agglomération,Hors intersection,Temps couvert,Autre collision,,,,,,,,,,,1,1,1,8.0,6.0
201700019244,0017-11-08 12:20:00,17,11,8,12,20,650,448,D17,43.28698,0.33847,Plein jour,Hors agglomération,Hors intersection,Pluie légère,Autre collision,,,,,,,,,,,1,1,1,2.0,6.0
201700019245,0017-01-30 08:00:00,17,1,30,8,0,650,425,D27 - PK 11,43.32481,0.03356,Plein jour,Hors agglomération,Hors intersection,Normale,Autre collision,,,,,,,,,,,1,1,1,1.0,6.0
201700019246,0017-04-07 00:45:00,17,4,7,0,45,650,372,PK 31+700 D935,43.33949,0.06978,Nuit sans éclairage public,Hors agglomération,Hors intersection,Normale,Sans collision,,,,,,,,,,,3,1,1,1.0,7.0
201700019247,0017-04-11 10:10:00,17,4,11,10,10,650,130,D935,43.57948,-0.02152,Plein jour,Hors agglomération,Hors intersection,Normale,Autre collision,,,,,,,,,,,1,1,1,1.0,6.0
201700019248,0017-06-08 12:50:00,17,6,8,12,50,650,460,D7,43.39577,0.03896,Plein jour,Hors agglomération,Hors intersection,Normale,Deux véhicules - frontale,,,,,,,,,,,1,1,1,1.0,1.0
201700019249,0017-06-14 18:15:00,17,6,14,18,15,650,460,intersection Avenue JAcq,43.3927,0.0532,Plein jour,En agglomération,Intersection en T,Normale,Deux véhicules - frontale,,,,,,,,,,,1,2,3,1.0,1.0
201700019250,0017-06-15 18:10:00,17,6,15,18,10,650,460,place de la république,43.38617,0.05577,Plein jour,En agglomération,Place,Normale,Autre collision,,,,,,,,,,,1,2,7,1.0,6.0
201700019251,0017-07-20 17:20:00,17,7,20,17,20,650,7,"D935, PK 33+300",43.32548,0.06927,Plein jour,Hors agglomération,Hors intersection,Normale,Trois véhicules et plus - collisions multiples,,,,,,,,,,,1,1,1,1.0,5.0
201700019252,0017-07-22 00:01:00,17,7,22,0,1,650,7,Rue jean Jaures,43.3204,0.06345,Nuit avec éclairage allumé,En agglomération,Intersection en X,Normale,Autre collision,,,,,,,,,,,5,2,2,1.0,6.0
201700019253,0017-07-21 09:00:00,17,7,21,9,0,650,472,D 935,43.49935,0.00439,Plein jour,Hors agglomération,Intersection en X,Normale,Deux véhicules - côté,,,,,,,,,,,1,1,2,1.0,3.0
201700019254,0017-07-27 20:25:00,17,7,27,20,25,650,304,Route de Sauveterre - CD,43.47151,0.04779,Plein jour,Hors agglomération,Hors intersection,Normale,Autre collision,,,,,,,,,,,1,1,1,1.0,6.0
201700019255,0017-08-10 14:00:00,17,8,10,14,0,650,7,D935,43.335,0.06959,Plein jour,Hors agglomération,Hors intersection,Pluie légère,Autre collision,,,,,,,,,,,1,1,1,2.0,6.0
201700019256,0017-10-08 19:30:00,17,10,8,19,30,650,432,cd935,43.52784,-0.01591,Crépuscule ou aube,Hors agglomération,Autre intersection,Normale,Deux véhicules - frontale,,,,,,,,,,,2,1,9,1.0,1.0
201700019257,0017-10-12 11:35:00,17,10,12,11,35,650,304,283 Allée Larbanes,43.46603,0.03546,Plein jour,En agglomération,Hors intersection,Normale,Autre collision,,,,,,,,,,,1,2,1,1.0,6.0
201700019258,0017-10-17 14:40:00,17,10,17,14,40,650,460,D935 - pk 23+50,43.40529,0.0525,Plein jour,Hors agglomération,Hors intersection,Normale,Autre collision,,,,,,,,,,,1,1,1,1.0,6.0
201700019259,0017-01-30 16:30:00,17,1,30,16,30,650,176,Col de Spandelles - PK 2,43.01658,-0.24143,Plein jour,Hors agglomération,Hors intersection,Normale,Sans collision,,,,,,,,,,,1,1,1,1.0,7.0
201700019260,0017-02-01 17:30:00,17,2,1,17,30,650,395,D937,43.10389,-0.14209,Crépuscule ou aube,Hors agglomération,Hors intersection,Normale,Deux véhicules - frontale,,,,,,,,,,,2,1,1,1.0,1.0
201700019261,0017-02-14 11:30:00,17,2,14,11,30,650,25,1 place du Foirail,43.00691,-0.10089,Plein jour,En agglomération,Hors intersection,Normale,Autre collision,,,,,,,,,,,1,2,1,1.0,6.0
201700019262,0017-02-22 10:45:00,17,2,22,10,45,650,25,avenue de la marne,43.00692,-0.09523,Plein jour,En agglomération,Intersection en X,Normale,Deux véhicules - côté,,,,,,,,,,,1,2,2,1.0,3.0
201700019263,0017-03-14 17:00:00,17,3,14,17,0,650,29,RD 918 pk 20+120,42.99906,-0.11145,Plein jour,Hors agglomération,Hors intersection,Normale,Sans collision,,,,,,,,,,,1,1,1,1.0,7.0
201700019264,0017-03-25 17:00:00,17,3,25,17,0,650,362,rue de la gare,42.96246,-0.06769,Plein jour,En agglomération,Hors intersection,Normale,Autre collision,,,,,,,,,,,1,2,1,1.0,6.0
201700019265,0017-04-18 07:50:00,17,4,18,7,50,650,25,1a avenue Besque,43.00145,-0.10027,Plein jour,En agglomération,Hors intersection,Normale,Autre collision,,,,,,,,,,,1,2,1,1.0,6.0
201700019266,0017-05-13 14:26:00,17,5,13,14,26,650,428,D 103 - PK 3.400,42.96353,-0.15702,Plein jour,Hors agglomération,Hors intersection,Normale,Autre collision,,,,,,,,,,,1,1,1,1.0,6.0
201700019267,0017-05-13 14:40:00,17,5,13,14,40,650,77,route du Hautacam,42.97325,-0.02742,Plein jour,Hors agglomération,Hors intersection,Normale,Autre collision,,,,,,,,,,,1,1,1,1.0,6.0
201700019268,0017-06-16 16:15:00,17,6,16,16,15,650,200,chemin des Ardoisières,43.04839,0.06508,Plein jour,Hors agglomération,Hors intersection,Normale,Sans collision,,,,,,,,,,,1,1,1,1.0,7.0
201700019269,0017-06-18 11:45:00,17,6,18,11,45,650,237,Route de LOURDES D26,43.05377,-0.00848,Plein jour,Hors agglomération,Hors intersection,Temps éblouissant,Deux véhicules - côté,,,,,,,,,,,1,1,1,7.0,3.0
201700019270,0017-06-22 21:30:00,17,6,22,21,30,650,371,Route départementale 913,42.99386,-0.0761,Plein jour,Hors agglomération,Hors intersection,Temps éblouissant,Sans collision,,,,,,,,,,,1,1,1,7.0,7.0
201700019271,0017-07-05 11:30:00,17,7,5,11,30,650,138,"Carrefour D920, lieur di",42.89811,-0.11105,Plein jour,En agglomération,Hors intersection,Normale,Deux véhicules - côté,,,,,,,,,,,1,2,1,1.0,3.0
201700019272,0017-07-16 10:15:00,17,7,16,10,15,650,77,route de Hautacam,42.97329,-0.02756,Plein jour,Hors agglomération,Hors intersection,Normale,Deux véhicules - côté,,,,,,,,,,,1,1,1,1.0,3.0
201700019273,0017-10-30 16:15:00,17,10,30,16,15,650,55,Carrefour CD913 / CD100,43.00391,-0.07922,Plein jour,Hors agglomération,Intersection en Y,Normale,Sans collision,,,,,,,,,,,1,1,4,1.0,7.0
201700019274,0017-12-02 07:35:00,17,12,2,7,35,650,138,D920,42.94425,-0.08678,Crépuscule ou aube,Hors agglomération,Hors intersection,Neige / grêle,Autre collision,,,,,,,,,,,2,1,1,4.0,6.0
201700019275,0017-12-06 19:30:00,17,12,6,19,30,650,25,27 Avenue des Pyrénées -,43.00549,-0.09873,Nuit avec éclairage allumé,En agglomération,Hors intersection,Normale,Deux véhicules - arrière,,,,,,,,,,,5,2,1,1.0,2.0
201700019276,0017-12-30 12:45:00,17,12,30,12,45,650,25,avenue des Pyrénées,43.00686,-0.09861,Plein jour,En agglomération,Giratoire,Normale,Sans collision,,,,,,,,,,,1,2,6,1.0,7.0
201700019277,0017-06-17 12:15:00,17,6,17,12,15,650,394,CD938 PK CROISSANT 2+500,43.08279,0.51046,Plein jour,En agglomération,Intersection en T,Normale,Sans collision,,,,,,,,,,,1,2,3,1.0,7.0
201700019278,0017-07-15 15:20:00,17,7,15,15,20,650,389,avenue des châtaigniers,43.079,0.48181,Plein jour,En agglomération,Hors intersection,Normale,Sans collision,,,,,,,,,,,1,2,1,1.0,7.0
201700019279,0017-07-26 12:05:00,17,7,26,12,5,650,51,D71,43.06832,0.51971,Plein jour,En agglomération,Intersection en T,Normale,Deux véhicules - frontale,,,,,,,,,,,1,2,3,1.0,1.0
201700019280,0017-04-29 10:47:00,17,4,29,10,47,650,17,CD 173,42.75646,0.19318,Plein jour,Hors agglomération,Hors intersection,Normale,Autre collision,,,,,,,,,,,1,1,1,1.0,6.0
201700019281,0017-05-26 10:40:00,17,5,26,10,40,650,17,Fabian RD 929,42.78901,0.23121,Plein jour,Hors agglomération,Hors intersection,Normale,Autre collision,,,,,,,,,,,1,1,1,1.0,6.0
201700019282,0017-06-26 08:15:00,17,6,26,8,15,650,92,rd 929 PK+074,42.94616,0.37375,Plein jour,Hors agglomération,Hors intersection,Temps couvert,Deux véhicules - frontale,,,,,,,,,,,1,1,1,8.0,1.0
201700019283,0017-08-09 12:00:00,17,8,9,12,0,650,17,Parking d'artigusse,42.81922,0.1891,Plein jour,Hors agglomération,Hors intersection,Normale,Deux véhicules - arrière,,,,,,,,,,,1,1,1,1.0,2.0
201700019284,0017-05-12 13:35:00,17,5,12,13,35,410,217,A 85 pk 139+600,47.29949,1.1976,Plein jour,Hors agglomération,Hors intersection,Normale,Deux véhicules - arrière,,,,,,,,,,,1,1,1,1.0,2.0
201700019285,0017-09-12 08:00:00,17,9,12,8,0,410,211,,47.29421,1.13308,Plein jour,Hors agglomération,Hors intersection,Normale,Deux véhicules - arrière,,,,,,,,,,,1,1,1,1.0,2.0
201700019286,0017-09-21 14:10:00,17,9,21,14,10,410,185,,47.33881,1.66332,Plein jour,Hors agglomération,Hors intersection,Normale,Autre collision,,,,,,,,,,,1,1,1,1.0,6.0
201700019287,0017-01-10 09:20:00,17,1,10,9,20,820,37,rue des jardins intersec,44.16163,1.54247,Plein jour,En agglomération,Intersection en T,Pluie légère,Autre collision,,,,,,,,,,,1,2,3,2.0,6.0
201700019288,0017-01-15 03:30:00,17,1,15,3,30,820,87,RD2,44.14429,1.18941,Nuit sans éclairage public,Hors agglomération,Hors intersection,Normale,Autre collision,,,,,,,,,,,3,1,1,1.0,6.0
201700019289,0017-01-31 08:40:00,17,1,31,8,40,820,78,RD20,44.2709,1.58445,Plein jour,Hors agglomération,Hors intersection,Temps éblouissant,Deux véhicules - arrière,,,,,,,,,,,1,1,1,7.0,2.0
201700019290,0017-02-10 11:00:00,17,2,10,11,0,820,179,intersection de la rue F,44.17902,1.61586,Plein jour,En agglomération,Intersection en T,Normale,Deux véhicules - côté,,,,,,,,,,,1,2,3,1.0,3.0
201700019291,0017-02-11 15:50:00,17,2,11,15,50,820,119,D820,44.20956,1.52601,Plein jour,Hors agglomération,Hors intersection,Normale,Autre collision,,,,,,,,,,,1,1,1,1.0,6.0
201700019292,0017-02-18 23:15:00,17,2,18,23,15,820,39,chemin du port,44.10993,1.4906,Nuit avec éclairage non allumé,Hors agglomération,Hors intersection,Normale,Autre collision,,,,,,,,,,,4,1,1,1.0,6.0
201700019293,0017-03-03 17:00:00,17,3,3,17,0,820,76,Lieu dit Poustan,44.12698,1.36204,Plein jour,Hors agglomération,Intersection en T,Normale,Deux véhicules - côté,,,,,,,,,,,1,1,3,1.0,3.0
201700019294,0017-03-10 21:15:00,17,3,10,21,15,820,87,D20,44.14891,1.26005,Nuit sans éclairage public,Hors agglomération,Hors intersection,Normale,Autre collision,,,,,,,,,,,3,1,1,1.0,6.0
201700019295,0017-04-10 17:20:00,17,4,10,17,20,820,149,RD 820,44.11796,1.48245,Plein jour,En agglomération,Hors intersection,Temps éblouissant,Autre collision,,,,,,,,,,,1,2,1,7.0,6.0
201700019296,0017-04-19 16:00:00,17,4,19,16,0,820,174,lieu dit talagot bas,44.1705,1.4464,Plein jour,Hors agglomération,Hors intersection,Normale,Deux véhicules - frontale,,,,,,,,,,,1,1,1,1.0,1.0