accident_id,datetime,annee,mois,jour,heure,minute,departement,commune_insee,adresse,latitude,longitude,luminosite,agglomeration,intersection,meteo,collision,nb_vehicules,nb_usagers,nb_indemnes,nb_tues,nb_blesses_hosp,nb_blesses_legers,age_cond_1,age_cond_2,veh_type_cond_1,veh_type_cond_2,lum_code,agg_code,int_code,atm_code,col_code
201700019297,0017-05-08 01:20:00,17,5,8,1,20,820,179,D926/chemin carriers,44.17156,1.59341,Nuit avec éclairage allumé,Hors agglomération,Hors intersection,Normale,Deux véhicules - arrière,,,,,,,,,,,5,1,1,1.0,2.0
201700019298,0017-05-25 14:50:00,17,5,25,14,50,820,159,carrefour D964 / D95 lie,44.12302,1.58598,Plein jour,Hors agglomération,Intersection en X,Normale,Deux véhicules - côté,,,,,,,,,,,1,1,2,1.0,3.0
201700019299,0017-05-28 17:50:00,17,5,28,17,50,820,119,3349 route de paris,44.20547,1.52995,Plein jour,Hors agglomération,Hors intersection,Normale,Deux véhicules - arrière,,,,,,,,,,,1,1,1,1.0,2.0
201700019300,0017-06-01 15:00:00,17,6,1,15,0,820,144,carrefour C3 et D959,44.17201,1.36337,Plein jour,Hors agglomération,Intersection en X,Normale,Deux véhicules - côté,,,,,,,,,,,1,1,2,1.0,3.0
201700019301,0017-06-05 16:30:00,17,6,5,16,30,820,37,40 avenue de Molières,44.16674,1.53197,Plein jour,Hors agglomération,Giratoire,Normale,Deux véhicules - côté,,,,,,,,,,,1,1,6,1.0,3.0
201700019302,0017-07-02 22:07:00,17,7,2,22,7,820,77,lamatinade D68,44.20488,1.30639,Nuit sans éclairage public,Hors agglomération,Hors intersection,Normale,Autre collision,,,,,,,,,,,3,1,1,1.0,6.0
201700019303,0017-07-14 11:00:00,17,7,14,11,0,820,195,RD  927,44.07066,1.28647,Plein jour,Hors agglomération,Intersection en Y,Normale,Deux véhicules - côté,,,,,,,,,,,1,1,4,1.0,3.0
201700019304,0017-07-30 21:40:00,17,7,30,21,40,820,90,3385 route de Cos,44.09503,1.40887,Crépuscule ou aube,Hors agglomération,Hors intersection,Normale,Autre collision,,,,,,,,,,,2,1,1,1.0,6.0
201700019305,0017-08-27 01:15:00,17,8,27,1,15,820,149,D820,44.12931,1.49758,Nuit sans éclairage public,Hors agglomération,Giratoire,Normale,Sans collision,,,,,,,,,,,3,1,6,1.0,7.0
201700019306,0017-09-10 05:30:00,17,9,10,5,30,820,40,lieu dit métairie haute,44.21602,1.61879,Nuit sans éclairage public,Hors agglomération,Hors intersection,Normale,Autre collision,,,,,,,,,,,3,1,1,1.0,6.0
201700019307,0017-09-15 17:35:00,17,9,15,17,35,820,144,la prade,44.1572,1.2704,Plein jour,Hors agglomération,Hors intersection,Pluie forte,Autre collision,,,,,,,,,,,1,1,1,3.0,6.0
201700019308,0017-09-18 10:40:00,17,9,18,10,40,820,87,D40,44.11806,1.26649,Plein jour,Hors agglomération,Hors intersection,Pluie forte,Autre collision,,,,,,,,,,,1,1,1,3.0,6.0
201700019309,0017-10-04 16:45:00,17,10,4,16,45,820,110,1710 route de Cos,44.10694,1.42413,Plein jour,Hors agglomération,Hors intersection,Normale,Deux véhicules - côté,,,,,,,,,,,1,1,1,1.0,3.0
201700019310,0017-10-09 14:21:00,17,10,9,14,21,820,195,RD 927 - Lieu-dit La Rou,44.07128,1.28592,Plein jour,Hors agglomération,Hors intersection,Normale,Deux véhicules - frontale,,,,,,,,,,,1,1,1,1.0,1.0
201700019311,0017-10-07 20:02:00,17,10,7,20,2,820,179,avenue Marcel LACASSAGNE,44.17612,1.61638,Nuit avec éclairage allumé,En agglomération,Hors intersection,Normale,Autre collision,,,,,,,,,,,5,2,1,1.0,6.0
201700019312,0017-10-17 13:34:00,17,10,17,13,34,820,110,2552 route de Réalville,44.13193,1.44523,Plein jour,Hors agglomération,Hors intersection,Normale,Autre collision,,,,,,,,,,,1,1,1,1.0,6.0
201700019313,0017-11-05 14:35:00,17,11,5,14,35,820,113,RD 20 lieu-dit BOURLAC,44.2004,1.38029,Plein jour,Hors agglomération,Hors intersection,Pluie légère,Autre collision,,,,,,,,,,,1,1,1,2.0,6.0
201700019314,0017-11-18 06:50:00,17,11,18,6,50,820,87,D927-,44.09563,1.26052,Nuit sans éclairage public,Hors agglomération,Hors intersection,Brouillard / fumée,Deux véhicules - côté,,,,,,,,,,,3,1,1,5.0,3.0
201700019315,0017-12-08 09:30:00,17,12,8,9,30,820,37,D.117 Avenue edouard Her,44.15445,1.53027,Plein jour,En agglomération,Hors intersection,Temps couvert,Deux véhicules - arrière,,,,,,,,,,,1,2,1,8.0,2.0
201700019316,0017-12-12 16:00:00,17,12,12,16,0,820,179,D 926,44.17912,1.6277,Plein jour,Hors agglomération,Hors intersection,Pluie légère,Deux véhicules - frontale,,,,,,,,,,,1,1,1,2.0,1.0
201700019317,0017-12-13 14:14:00,17,12,13,14,14,820,87,rue Mary LAFON,44.12756,1.24098,Plein jour,En agglomération,Intersection en T,Normale,Deux véhicules - côté,,,,,,,,,,,1,2,3,1.0,3.0
201700019318,0017-02-01 07:43:00,17,2,1,7,43,820,136,rue grand rue,43.90578,1.40635,Crépuscule ou aube,En agglomération,Intersection en T,Brouillard / fumée,Deux véhicules - côté,,,,,,,,,,,2,2,3,5.0,3.0
201700019319,0017-02-25 12:50:00,17,2,25,12,50,820,79,550 rue Victor Hugo,43.91844,1.36002,Plein jour,En agglomération,Hors intersection,Normale,Deux véhicules - frontale,,,,,,,,,,,1,2,1,1.0,1.0
201700019320,0017-03-08 15:05:00,17,3,8,15,5,820,75,1147 route d'Agen,43.84166,1.2903,Plein jour,Hors agglomération,Hors intersection,Normale,Trois véhicules et plus - collisions multiples,,,,,,,,,,,1,1,1,1.0,5.0
201700019321,0017-03-10 21:15:00,17,3,10,21,15,820,79,RD6,43.91027,1.33944,Nuit sans éclairage public,Hors agglomération,Hors intersection,Normale,Autre collision,,,,,,,,,,,3,1,1,1.0,6.0
201700019322,0017-05-01 08:00:00,17,5,1,8,0,820,194,1190 route de montauban,43.91011,1.44251,Plein jour,Hors agglomération,Hors intersection,Normale,Autre collision,,,,,,,,,,,1,1,1,1.0,6.0
201700019323,0017-05-10 14:45:00,17,5,10,14,45,820,114,RD813 - RD77,43.89259,1.23994,Plein jour,En agglomération,Hors intersection,Normale,Autre collision,,,,,,,,,,,1,2,1,1.0,6.0
201700019324,0017-05-24 08:50:00,17,5,24,8,50,820,27,2600 route du château d',43.87306,1.31853,Plein jour,Hors agglomération,Hors intersection,Normale,Deux véhicules - frontale,,,,,,,,,,,1,1,1,1.0,1.0
201700019325,0017-06-25 08:00:00,17,6,25,8,0,820,188,168 route de Puylauron,43.9237,1.49204,Plein jour,Hors agglomération,Hors intersection,Normale,Deux véhicules - frontale,,,,,,,,,,,1,1,1,1.0,1.0
201700019326,0017-07-02 02:40:00,17,7,2,2,40,820,44,face au 856 route de mon,43.95689,1.36333,Nuit sans éclairage public,Hors agglomération,Hors intersection,Normale,Autre collision,,,,,,,,,,,3,1,1,1.0,6.0
201700019327,0017-07-05 13:25:00,17,7,5,13,25,820,79,Lieu dit Seguin,43.92786,1.34349,Plein jour,Hors agglomération,Hors intersection,Normale,Deux véhicules - frontale,,,,,,,,,,,1,1,1,1.0,1.0
201700019328,0017-07-11 07:05:00,17,7,11,7,5,820,136,RD 13 -,43.89913,1.39679,Plein jour,Hors agglomération,Hors intersection,Normale,Deux véhicules - arrière,,,,,,,,,,,1,1,1,1.0,2.0
201700019329,0017-08-15 19:30:00,17,8,15,19,30,820,75,RD 820,43.83868,1.29919,Plein jour,Hors agglomération,Hors intersection,Normale,Autre collision,,,,,,,,,,,1,1,1,1.0,6.0
201700019330,0017-09-01 21:10:00,17,9,1,21,10,820,44,proche rue de l'église,43.94423,1.36806,Nuit avec éclairage allumé,En agglomération,Hors intersection,Normale,Deux véhicules - frontale,,,,,,,,,,,5,2,1,1.0,1.0
201700019331,0017-09-22 16:25:00,17,9,22,16,25,820,28,1697 route de MONTAUBAN,43.85836,1.29343,Plein jour,Hors agglomération,Hors intersection,Normale,Trois véhicules et plus - collisions multiples,,,,,,,,,,,1,1,1,1.0,5.0
201700019332,0017-09-29 18:10:00,17,9,29,18,10,820,135,526 avenue de la républi,44.15083,1.3799,Plein jour,En agglomération,Hors intersection,Normale,Deux véhicules - côté,,,,,,,,,,,1,2,1,1.0,3.0
201700019333,0017-11-24 18:30:00,17,11,24,18,30,820,167,788 route d'albi,43.96508,1.42773,Nuit avec éclairage allumé,En agglomération,Hors intersection,Normale,Autre collision,,,,,,,,,,,5,2,1,1.0,6.0
201700019334,0017-01-06 08:05:00,17,1,6,8,5,820,190,avenue de Toulouse,43.84298,1.23917,Plein jour,En agglomération,Intersection en T,Autre,Deux véhicules - côté,,,,,,,,,,,1,2,3,9.0,3.0
201700019335,0017-01-18 16:30:00,17,1,18,16,30,820,190,Avenue Léo Lagrange,43.85345,1.23167,Plein jour,En agglomération,Hors intersection,Normale,Autre collision,,,,,,,,,,,1,2,1,1.0,6.0
201700019336,0017-02-06 04:30:00,17,2,6,4,30,820,123,600 route de montauban,43.91889,1.27643,Nuit avec éclairage allumé,En agglomération,Hors intersection,Normale,Autre collision,,,,,,,,,,,5,2,1,1.0,6.0
201700019337,0017-02-27 20:15:00,17,2,27,20,15,820,52,Carrefour départementale,43.99827,1.22568,Nuit sans éclairage public,Hors agglomération,Hors intersection,Normale,Sans collision,,,,,,,,,,,3,1,1,1.0,7.0
201700019338,0017-03-08 20:35:00,17,3,8,20,35,820,52,RD 813,43.98139,1.1974,Nuit avec éclairage allumé,En agglomération,Hors intersection,Normale,Deux véhicules - frontale,,,,,,,,,,,5,2,1,1.0,1.0
201700019339,0017-04-06 04:50:00,17,4,6,4,50,820,5,D3,43.80464,1.21183,Nuit sans éclairage public,En agglomération,Hors intersection,Normale,Autre collision,,,,,,,,,,,3,2,1,1.0,6.0
201700019340,0017-04-28 11:00:00,17,4,28,11,0,820,75,face N° 90 rue du collèg,43.82454,1.29192,Plein jour,En agglomération,Hors intersection,Normale,Deux véhicules - côté,,,,,,,,,,,1,2,1,1.0,3.0
201700019341,0017-05-25 04:15:00,17,5,25,4,15,820,190,RD6,43.85726,1.25299,Nuit sans éclairage public,Hors agglomération,Hors intersection,Normale,Autre collision,,,,,,,,,,,3,1,1,1.0,6.0
201700019342,0017-06-15 10:45:00,17,6,15,10,45,820,5,8 place de la mairie,43.80315,1.21485,Plein jour,En agglomération,Hors intersection,Normale,Autre collision,,,,,,,,,,,1,2,1,1.0,6.0
201700019343,0017-06-22 00:35:00,17,6,22,0,35,820,124,lieu dit Le touron,44.02564,1.29037,Nuit sans éclairage public,Hors agglomération,Autre intersection,Normale,Sans collision,,,,,,,,,,,3,1,9,1.0,7.0
201700019344,0017-06-25 09:40:00,17,6,25,9,40,820,85,chemin de négret,43.9701,1.27467,Plein jour,Hors agglomération,Hors intersection,Normale,Deux véhicules - frontale,,,,,,,,,,,1,1,1,1.0,1.0
201700019345,0017-07-15 18:00:00,17,7,15,18,0,820,125,"pont du canal, route de",43.94492,1.21969,Plein jour,Hors agglomération,Autre intersection,Normale,Autre collision,,,,,,,,,,,1,1,9,1.0,6.0
201700019346,0017-09-08 11:35:00,17,9,8,11,35,820,171,D14,44.01536,1.17462,Plein jour,Hors agglomération,Hors intersection,Normale,Autre collision,,,,,,,,,,,1,1,1,1.0,6.0
201700019347,0017-09-17 19:00:00,17,9,17,19,0,820,123,D77 route de BRIALS,43.9258,1.28181,Crépuscule ou aube,Hors agglomération,Hors intersection,Pluie légère,Autre collision,,,,,,,,,,,2,1,1,2.0,6.0
201700019348,0017-09-15 17:50:00,17,9,15,17,50,820,124,route de montauban,44.01114,1.28869,Plein jour,En agglomération,Place,Normale,Autre collision,,,,,,,,,,,1,2,7,1.0,6.0
201700019349,0017-11-19 19:00:00,17,11,19,19,0,820,20,D3 ruisseau de Nadesse,43.85395,1.13144,Nuit sans éclairage public,Hors agglomération,Hors intersection,Normale,Autre collision,,,,,,,,,,,3,1,1,1.0,6.0
201700019350,0017-11-18 17:10:00,17,11,18,17,10,820,105,chemin de marcenac,43.89147,1.19203,Plein jour,En agglomération,Hors intersection,Normale,Autre collision,,,,,,,,,,,1,2,1,1.0,6.0
201700019351,0017-12-01 18:55:00,17,12,1,18,55,820,125,route de montauban,43.92907,1.28927,Nuit avec éclairage allumé,En agglomération,Hors intersection,Pluie légère,Autre collision,,,,,,,,,,,5,2,1,2.0,6.0
201700019352,0017-04-30 09:05:00,17,4,30,9,5,820,26,D115,44.07234,1.63834,Plein jour,Hors agglomération,Hors intersection,Normale,Autre collision,,,,,,,,,,,1,1,1,1.0,6.0
201700019353,0017-05-04 21:50:00,17,5,4,21,50,820,134,RD 115,44.06487,1.50046,Nuit sans éclairage public,Hors agglomération,Hors intersection,Normale,Deux véhicules - frontale,,,,,,,,,,,3,1,1,1.0,1.0
201700019354,0017-06-06 14:35:00,17,6,6,14,35,820,26,Le Bugarel,44.07119,1.61661,Plein jour,Hors agglomération,Hors intersection,Normale,Autre collision,,,,,,,,,,,1,1,1,1.0,6.0
201700019355,0017-07-03 19:05:00,17,7,3,19,5,820,115,Intersection D8 et D66,43.97361,1.59701,Plein jour,Hors agglomération,Intersection en T,Normale,Deux véhicules - côté,,,,,,,,,,,1,1,3,1.0,3.0
201700019356,0017-10-25 09:25:00,17,10,25,9,25,820,18,route de Cayrac - D78,44.09703,1.5251,Plein jour,Hors agglomération,Hors intersection,Normale,Deux véhicules - frontale,,,,,,,,,,,1,1,1,1.0,1.0
201700019357,0017-11-17 21:00:00,17,11,17,21,0,820,176,Route Départementale 08,43.96571,1.55101,Nuit sans éclairage public,Hors agglomération,Hors intersection,Normale,Autre collision,,,,,,,,,,,3,1,1,1.0,6.0
201700019358,0017-04-13 14:15:00,17,4,13,14,15,820,38,D 20  La Nauze,44.24175,1.74657,Plein jour,Hors agglomération,Hors intersection,Normale,Sans collision,,,,,,,,,,,1,1,1,1.0,7.0
201700019359,0017-06-07 08:37:00,17,6,7,8,37,820,137,d926 - PK 30+800,44.27764,1.85749,Plein jour,Hors agglomération,Hors intersection,Normale,Deux véhicules - arrière,,,,,,,,,,,1,1,1,1.0,2.0
201700019360,0017-06-25 09:20:00,17,6,25,9,20,820,38,RD 926,44.24626,1.7235,Plein jour,Hors agglomération,Hors intersection,Normale,Autre collision,,,,,,,,,,,1,1,1,1.0,6.0
201700019361,0017-08-12 23:50:00,17,8,12,23,50,820,147,Lieu-dit Vidaillac,44.30732,1.85027,Nuit sans éclairage public,Hors agglomération,Hors intersection,Normale,Autre collision,,,,,,,,,,,3,1,1,1.0,6.0
201700019362,0017-08-14 17:40:00,17,8,14,17,40,820,147,Lieu-dit Les Granges,44.29388,1.85879,Plein jour,Hors agglomération,Hors intersection,Normale,Deux véhicules - frontale,,,,,,,,,,,1,1,1,1.0,1.0
201700019363,0017-08-13 09:40:00,17,8,13,9,40,820,155,lieu dit marsac,44.15032,1.7702,Plein jour,Hors agglomération,Hors intersection,Normale,Deux véhicules - côté,,,,,,,,,,,1,1,1,1.0,3.0
201700019364,0017-09-06 19:25:00,17,9,6,19,25,820,187,D 958,44.15451,1.89184,Crépuscule ou aube,Hors agglomération,Hors intersection,Normale,Autre collision,,,,,,,,,,,2,1,1,1.0,6.0
201700019365,0017-09-10 02:50:00,17,9,10,2,50,820,172,D33,,,Nuit sans éclairage public,Hors agglomération,Hors intersection,Pluie légère,Autre collision,,,,,,,,,,,3,1,1,2.0,6.0
201700019366,0017-09-13 07:20:00,17,9,13,7,20,820,155,Route de CAUSSADE,44.15355,1.75201,Crépuscule ou aube,En agglomération,Intersection en T,Normale,Deux véhicules - côté,,,,,,,,,,,2,2,3,1.0,3.0
201700019367,0017-09-14 07:30:00,17,9,14,7,30,820,137,d926,44.26366,1.82832,Plein jour,Hors agglomération,Hors intersection,Normale,Autre collision,,,,,,,,,,,1,1,1,1.0,6.0
201700019368,0017-10-22 20:10:00,17,10,22,20,10,820,38,D 19   PK20+240,44.18866,1.75634,Nuit sans éclairage public,Hors agglomération,Hors intersection,Pluie légère,Autre collision,,,,,,,,,,,3,1,1,2.0,6.0
201700019369,0017-10-30 16:00:00,17,10,30,16,0,820,61,D115 - PK4,44.1284,1.82141,Plein jour,Hors agglomération,Hors intersection,Normale,Autre collision,,,,,,,,,,,1,1,1,1.0,6.0
201700019370,0017-11-27 23:30:00,17,11,27,23,30,820,191,lieu dit Paulhac,44.19604,1.8845,Nuit sans éclairage public,Hors agglomération,Hors intersection,Normale,Autre collision,,,,,,,,,,,3,1,1,1.0,6.0
201700019371,0017-12-17 13:40:00,17,12,17,13,40,820,61,Lieu dit Fox,44.13839,1.82306,Plein jour,Hors agglomération,Hors intersection,Temps couvert,Autre collision,,,,,,,,,,,1,1,1,8.0,6.0
201700019372,0017-02-19 13:45:00,17,2,19,13,45,820,106,"CD 165, PK 9+600",43.79187,0.91705,Plein jour,Hors agglomération,Hors intersection,Normale,Sans collision,,,,,,,,,,,1,1,1,1.0,7.0
201700019373,0017-06-29 15:40:00,17,6,29,15,40,820,180,"lieu-dit ""Simorre""",43.93732,1.04072,Plein jour,Hors agglomération,Hors intersection,Normale,Sans collision,,,,,,,,,,,1,1,1,1.0,7.0
201700019374,0017-08-09 07:00:00,17,8,9,7,0,820,180,landou,43.90219,1.02597,Plein jour,Hors agglomération,Hors intersection,Normale,Autre collision,,,,,,,,,,,1,1,1,1.0,6.0
201700019375,0017-10-14 16:30:00,17,10,14,16,30,820,97,D15,43.96005,0.92502,Plein jour,Hors agglomération,Hors intersection,Normale,Autre collision,,,,,,,,,,,1,1,1,1.0,6.0
201700019376,0017-12-22 16:20:00,17,12,22,16,20,820,34,D3,43.99929,0.90442,Plein jour,Hors agglomération,Hors intersection,Pluie légère,Autre collision,,,,,,,,,,,1,1,1,2.0,6.0
201700019377,0017-01-13 16:30:00,17,1,13,16,30,820,111,Lieu dit limousi,44.24753,1.05986,Plein jour,Hors agglomération,Hors intersection,Normale,Deux véhicules - frontale,,,,,,,,,,,1,1,1,1.0,1.0
201700019378,0017-01-29 19:05:00,17,1,29,19,5,820,42,"""bascoulesse""",44.17492,1.26338,Nuit sans éclairage public,Hors agglomération,Hors intersection,Normale,Autre collision,,,,,,,,,,,3,1,1,1.0,6.0
201700019379,0017-02-02 11:10:00,17,2,2,11,10,820,117,La Rivière,44.33512,1.00925,Plein jour,Hors agglomération,Hors intersection,Normale,Autre collision,,,,,,,,,,,1,1,1,1.0,6.0
201700019380,0017-02-10 05:15:00,17,2,10,5,15,820,117,le clos RD 41,44.3571,1.05445,Nuit sans éclairage public,Hors agglomération,Hors intersection,Normale,Autre collision,,,,,,,,,,,3,1,1,1.0,6.0
201700019381,0017-03-17 21:30:00,17,3,17,21,30,820,164,Issard,44.2997,1.16363,Nuit sans éclairage public,Hors agglomération,Hors intersection,Normale,Autre collision,,,,,,,,,,,3,1,1,1.0,6.0
201700019382,0017-04-05 18:05:00,17,4,5,18,5,820,117,lieu-dit Fompetières,44.33262,1.00203,Plein jour,Hors agglomération,Hors intersection,Normale,Autre collision,,,,,,,,,,,1,1,1,1.0,6.0
201700019383,0017-04-22 20:45:00,17,4,22,20,45,820,94,"""Graulat",44.27695,1.14606,Crépuscule ou aube,Hors agglomération,Hors intersection,Normale,Autre collision,,,,,,,,,,,2,1,1,1.0,6.0
201700019384,0017-06-15 12:50:00,17,6,15,12,50,820,22,RD7 - PR 26+500,44.2506,0.95017,Plein jour,Hors agglomération,Hors intersection,Normale,Autre collision,,,,,,,,,,,1,1,1,1.0,6.0
201700019385,0017-06-19 08:00:00,17,6,19,8,0,820,168,PEYRE LOURDE,44.19643,1.02696,Plein jour,Hors agglomération,Hors intersection,Normale,Deux véhicules - frontale,,,,,,,,,,,1,1,1,1.0,1.0
201700019386,0017-09-05 10:36:00,17,9,5,10,36,820,111,La gardine,44.20633,1.05126,Plein jour,Hors agglomération,Intersection en X,Normale,Deux véhicules - côté,,,,,,,,,,,1,1,2,1.0,3.0
201700019387,0017-09-13 16:10:00,17,9,13,16,10,820,117,lieu-dit les maurets,44.36311,1.01164,Plein jour,Hors agglomération,Hors intersection,Normale,Deux véhicules - frontale,,,,,,,,,,,1,1,1,1.0,1.0
201700019388,0017-10-14 12:45:00,17,10,14,12,45,820,151,lieu dit Espermont - RD8,44.30459,0.93007,Plein jour,Hors agglomération,Hors intersection,Normale,Autre collision,,,,,,,,,,,1,1,1,1.0,6.0
201700019389,0017-10-22 23:00:00,17,10,22,23,0,820,22,Beaurigal - RD 30,44.25254,0.93705,Nuit sans éclairage public,Hors agglomération,Hors intersection,Normale,Autre collision,,,,,,,,,,,3,1,1,1.0,6.0
201700019390,0017-11-19 14:45:00,17,11,19,14,45,820,182,Saint Gervais,44.28651,1.0549,Plein jour,Hors agglomération,Intersection en X,Normale,Deux véhicules - frontale,,,,,,,,,,,1,1,2,1.0,1.0
201700019391,0017-12-22 14:30:00,17,12,22,14,30,820,116,lieu-dit Salce,44.2371,1.09912,Plein jour,Hors agglomération,Hors intersection,Pluie légère,Autre collision,,,,,,,,,,,1,1,1,2.0,6.0
201700019392,0017-01-14 19:15:00,17,1,14,19,15,820,169,Le Moutet,44.04983,1.01723,Nuit sans éclairage public,Hors agglomération,Hors intersection,Normale,Autre collision,,,,,,,,,,,3,1,1,1.0,6.0
201700019393,0017-01-31 10:15:00,17,1,31,10,15,820,11,intersection route de La,44.07162,1.26946,Plein jour,Hors agglomération,Intersection en X,Normale,Deux véhicules - côté,,,,,,,,,,,1,1,2,1.0,3.0
201700019394,0017-03-11 21:05:00,17,3,11,21,5,820,112,Avenue Cugat,44.09659,1.08235,Nuit avec éclairage allumé,En agglomération,Hors intersection,Normale,Deux véhicules - côté,,,,,,,,,,,5,2,1,1.0,3.0
201700019395,0017-04-08 17:20:00,17,4,8,17,20,820,35,route de Saint Nicolas d,44.0246,0.99634,Plein jour,Hors agglomération,Intersection en T,Normale,Deux véhicules - côté,,,,,,,,,,,1,1,3,1.0,3.0
201700019396,0017-05-21 02:30:00,17,5,21,2,30,820,46,Rd 25,43.95812,0.98808,Nuit sans éclairage public,Hors agglomération,Hors intersection,Normale,Autre collision,,,,,,,,,,,3,1,1,1.0,6.0
201700019397,0017-07-03 18:05:00,17,7,3,18,5,820,12,Carrefour  D79 / D45,44.0734,1.17411,Plein jour,Hors agglomération,Intersection en X,Normale,Trois véhicules et plus - collisions multiples,,,,,,,,,,,1,1,2,1.0,5.0
201700019398,0017-09-19 10:50:00,17,9,19,10,50,820,127,Le pego,44.16467,1.11045,Plein jour,Hors agglomération,Hors intersection,Normale,Deux véhicules - côté,,,,,,,,,,,1,1,1,1.0,3.0
201700019399,0017-09-30 09:36:00,17,9,30,9,36,820,96,PR 73 + 640,44.04196,1.22109,Plein jour,Hors agglomération,Hors intersection,Pluie forte,Deux véhicules - côté,,,,,,,,,,,1,1,1,3.0,3.0
201700019400,0017-11-08 12:40:00,17,11,8,12,40,820,112,Route départementale n°7,44.14224,1.05642,Plein jour,Hors agglomération,Hors intersection,Normale,Autre collision,,,,,,,,,,,1,1,1,1.0,6.0
201700019401,0017-11-18 13:37:00,17,11,18,13,37,820,11,route des brels,44.07497,1.26677,Plein jour,Hors agglomération,Hors intersection,Normale,Deux véhicules - frontale,,,,,,,,,,,1,1,1,1.0,1.0
201700019402,0017-12-24 05:15:00,17,12,24,5,15,820,101,23 chemin de MAILLUC,44.0919,0.97169,Nuit avec éclairage allumé,En agglomération,Hors intersection,Brouillard / fumée,Autre collision,,,,,,,,,,,5,2,1,5.0,6.0
201700019403,0017-12-27 08:30:00,17,12,27,8,30,820,112,80 avenue du chasselas,44.11232,1.10387,Plein jour,En agglomération,Hors intersection,Pluie légère,Autre collision,,,,,,,,,,,1,2,1,2.0,6.0
201700019404,0017-01-26 08:50:00,17,1,26,8,50,820,73,RD 813 - PK 49.9 - Lieu,44.11084,0.91543,Plein jour,Hors agglomération,Hors intersection,Normale,Deux véhicules - côté,,,,,,,,,,,1,1,1,1.0,3.0
201700019405,0017-03-07 03:15:00,17,3,7,3,15,820,141,RD813,44.09869,0.93945,Nuit sans éclairage public,Hors agglomération,Hors intersection,Pluie légère,Autre collision,,,,,,,,,,,3,1,1,2.0,6.0
201700019406,0017-03-17 20:45:00,17,3,17,20,45,820,186,DEPARTEMENTALE 813,44.1117,0.89025,Nuit avec éclairage allumé,En agglomération,Giratoire,Normale,Autre collision,,,,,,,,,,,5,2,6,1.0,6.0
201700019407,0017-03-16 10:14:00,17,3,16,10,14,820,32,RD 953,44.16683,0.98475,Plein jour,Hors agglomération,Intersection en X,Normale,Deux véhicules - côté,,,,,,,,,,,1,1,2,1.0,3.0
201700019408,0017-03-28 18:00:00,17,3,28,18,0,820,54,ROUTE D'ESPALAIS - D11 -,44.09086,0.90215,Plein jour,Hors agglomération,Hors intersection,Normale,Autre collision,,,,,,,,,,,1,1,1,1.0,6.0
201700019409,0017-04-25 13:50:00,17,4,25,13,50,820,165,rd 953 - PK 41+939,44.0779,0.86857,Plein jour,Hors agglomération,Hors intersection,Temps couvert,Deux véhicules - frontale,,,,,,,,,,,1,1,1,8.0,1.0
201700019410,0017-05-04 17:00:00,17,5,4,17,0,820,73,952 route du stade,44.10878,0.91385,Plein jour,En agglomération,Hors intersection,Normale,Autre collision,,,,,,,,,,,1,2,1,1.0,6.0
201700019411,0017-05-09 07:35:00,17,5,9,7,35,820,186,D813,44.112,0.87699,Plein jour,En agglomération,Hors intersection,Normale,Deux véhicules - arrière,,,,,,,,,,,1,2,1,1.0,2.0
201700019412,0017-09-17 01:30:00,17,9,17,1,30,820,49,route départementale 30,44.12243,0.81907,Nuit sans éclairage public,Hors agglomération,Hors intersection,Pluie légère,Autre collision,,,,,,,,,,,3,1,1,2.0,6.0
201700019413,0017-12-09 02:10:00,17,12,9,2,10,820,139,lieu dit Moutasse,44.04647,0.97195,Nuit sans éclairage public,Hors agglomération,Hors intersection,Normale,Autre collision,,,,,,,,,,,3,1,1,1.0,6.0
201700019414,0017-12-10 22:20:00,17,12,10,22,20,820,72,Avenue du midi,44.11316,0.85569,Nuit avec éclairage allumé,En agglomération,Giratoire,Pluie légère,Autre collision,,,,,,,,,,,5,2,6,2.0,6.0
201700019415,0017-12-18 07:40:00,17,12,18,7,40,820,186,route de cornillas,44.11701,0.89568,Crépuscule ou aube,En agglomération,Hors intersection,Pluie légère,Trois véhicules et plus - collisions multiples,,,,,,,,,,,2,2,1,2.0,5.0
201700019416,0017-05-03 17:00:00,17,5,3,17,0,800,36,RD 167,49.89448,2.47354,Plein jour,Hors agglomération,Hors intersection,Pluie légère,Sans collision,,,,,,,,,,,1,1,1,2.0,7.0
201700019417,0017-05-10 15:40:00,17,5,10,15,40,800,463,rue de sailly le sec,49.87302,2.58976,Plein jour,En agglomération,Intersection en X,Normale,Deux véhicules - côté,,,,,,,,,,,1,2,2,1.0,3.0
201700019418,0017-06-26 20:13:00,17,6,26,20,13,800,458,RD 929 a,49.95561,2.48977,Plein jour,Hors agglomération,Hors intersection,Normale,Sans collision,,,,,,,,,,,1,1,1,1.0,7.0