accident_id,datetime,annee,mois,jour,heure,minute,departement,commune_insee,adresse,latitude,longitude,luminosite,agglomeration,intersection,meteo,collision,nb_vehicules,nb_usagers,nb_indemnes,nb_tues,nb_blesses_hosp,nb_blesses_legers,age_cond_1,age_cond_2,veh_type_cond_1,veh_type_cond_2,lum_code,agg_code,int_code,atm_code,col_code
201700019419,0017-07-11 14:36:00,17,7,11,14,36,800,234,rue de la république,49.90208,2.44842,Plein jour,En agglomération,Intersection en X,Normale,Deux véhicules - frontale,,,,,,,,,,,1,2,2,1.0,1.0
201700019420,0017-07-29 10:15:00,17,7,29,10,15,800,799,D 23,49.85104,2.52483,Plein jour,Hors agglomération,Intersection en T,Normale,Deux véhicules - côté,,,,,,,,,,,1,1,3,1.0,3.0
201700019421,0017-10-05 13:45:00,17,10,5,13,45,800,426,RD 929,49.96454,2.51814,Plein jour,Hors agglomération,Hors intersection,Pluie légère,Deux véhicules - frontale,,,,,,,,,,,1,1,1,2.0,1.0
201700019422,0017-10-27 14:35:00,17,10,27,14,35,800,672,D929,49.97458,2.55555,Plein jour,Hors agglomération,Intersection en T,Normale,Trois véhicules et plus - collisions multiples,,,,,,,,,,,1,1,3,1.0,5.0
201700019423,0017-11-02 16:05:00,17,11,2,16,5,800,338,D 523,49.88302,2.49794,Plein jour,Hors agglomération,Intersection en X,Normale,Deux véhicules - côté,,,,,,,,,,,1,1,2,1.0,3.0
201700019424,0017-12-28 08:00:00,17,12,28,8,0,800,672,D929,49.96991,2.53897,Crépuscule ou aube,Hors agglomération,Hors intersection,Normale,Sans collision,,,,,,,,,,,2,1,1,1.0,7.0
201700019425,0017-01-18 16:00:00,17,1,18,16,0,800,655,D936,49.95942,1.99074,Plein jour,Hors agglomération,Intersection à plus de 4 branches,Normale,Deux véhicules - côté,,,,,,,,,,,1,1,5,1.0,3.0
201700019426,0017-01-30 16:35:00,17,1,30,16,35,800,443,RD 51,49.84345,1.91228,Plein jour,Hors agglomération,Intersection en T,Brouillard / fumée,Trois véhicules et plus - en chaîne,,,,,,,,,,,1,1,3,5.0,4.0
201700019427,0017-02-09 19:20:00,17,2,9,19,20,800,592,RD 1015,49.86845,1.73649,Nuit sans éclairage public,Hors agglomération,Hors intersection,Normale,Deux véhicules - côté,,,,,,,,,,,3,1,1,1.0,3.0
201700019428,0017-02-11 14:50:00,17,2,11,14,50,800,606,RD29,49.94749,1.77583,Plein jour,Hors agglomération,Hors intersection,Temps couvert,Autre collision,,,,,,,,,,,1,1,1,8.0,6.0
201700019429,0017-04-03 09:30:00,17,4,3,9,30,800,443,D211,49.85209,1.91455,Plein jour,Hors agglomération,Hors intersection,Normale,Autre collision,,,,,,,,,,,1,1,1,1.0,6.0
201700019430,0017-06-02 12:25:00,17,6,2,12,25,800,591,CARR D93 / VC,49.96555,1.77482,Plein jour,Hors agglomération,Intersection en Y,Normale,Deux véhicules - frontale,,,,,,,,,,,1,1,4,1.0,1.0
201700019431,0017-06-07 18:00:00,17,6,7,18,0,800,443,RD 901,49.84162,1.94697,Plein jour,Hors agglomération,Intersection en T,Normale,Autre collision,,,,,,,,,,,1,1,3,1.0,6.0
201700019432,0017-06-17 14:50:00,17,6,17,14,50,800,143,D211,49.85475,1.83976,Plein jour,Hors agglomération,Hors intersection,Normale,Autre collision,,,,,,,,,,,1,1,1,1.0,6.0
201700019433,0017-06-22 07:45:00,17,6,22,7,45,800,143,RD 211,49.85374,1.83047,Plein jour,Hors agglomération,Hors intersection,Normale,Sans collision,,,,,,,,,,,1,1,1,1.0,7.0
201700019434,0017-07-02 19:15:00,17,7,2,19,15,800,13,RD 70,49.97388,1.99013,Plein jour,Hors agglomération,Hors intersection,Normale,Deux véhicules - côté,,,,,,,,,,,1,1,1,1.0,3.0
201700019435,0017-07-03 09:30:00,17,7,3,9,30,800,800,,49.86384,1.84186,Plein jour,Hors agglomération,Intersection en X,Normale,Deux véhicules - côté,,,,,,,,,,,1,1,2,1.0,3.0
201700019436,0017-07-16 14:45:00,17,7,16,14,45,800,13,,49.97413,1.93349,Plein jour,Hors agglomération,Hors intersection,Temps éblouissant,Sans collision,,,,,,,,,,,1,1,1,7.0,7.0
201700019437,0017-08-25 18:15:00,17,8,25,18,15,800,606,Lieu dit la briquetterie,49.95882,1.77435,Plein jour,Hors agglomération,Intersection en Y,Normale,Deux véhicules - côté,,,,,,,,,,,1,1,4,1.0,3.0
201700019438,0017-09-27 17:30:00,17,9,27,17,30,800,828,route départementale 936,49.95926,1.82583,Plein jour,Hors agglomération,Hors intersection,Normale,Deux véhicules - frontale,,,,,,,,,,,1,1,1,1.0,1.0
201700019439,0017-01-04 14:10:00,17,1,4,14,10,800,630,rue porte boiteux,49.77696,1.98061,Plein jour,En agglomération,Hors intersection,Pluie légère,Deux véhicules - arrière,,,,,,,,,,,1,2,1,2.0,2.0
201700019440,0017-01-28 19:10:00,17,1,28,19,10,800,643,RUE DE LA GARE,49.81539,2.20824,Nuit avec éclairage allumé,En agglomération,Hors intersection,Normale,Autre collision,,,,,,,,,,,5,2,1,1.0,6.0
201700019441,0017-02-17 08:45:00,17,2,17,8,45,800,577,RD 1029,49.7961,2.03422,Plein jour,Hors agglomération,Hors intersection,Brouillard / fumée,Autre collision,,,,,,,,,,,1,1,1,5.0,6.0
201700019442,0017-03-14 15:20:00,17,3,14,15,20,800,198,R1029,49.85016,2.17579,Plein jour,Hors agglomération,Intersection en T,Normale,Autre collision,,,,,,,,,,,1,1,3,1.0,6.0
201700019443,0017-03-27 20:50:00,17,3,27,20,50,800,670,CARR D1029 / D162,49.84502,2.14999,Crépuscule ou aube,Hors agglomération,Intersection en X,Normale,Deux véhicules - arrière,,,,,,,,,,,2,1,2,1.0,2.0
201700019444,0017-05-16 15:00:00,17,5,16,15,0,800,211,CH DE TAISNIL,49.77123,2.14887,Plein jour,Hors agglomération,Hors intersection,Normale,Sans collision,,,,,,,,,,,1,1,1,1.0,7.0
201700019445,0017-07-04 19:45:00,17,7,4,19,45,800,696,route de grattepanche,49.81371,2.3188,Plein jour,Hors agglomération,Hors intersection,Normale,Sans collision,,,,,,,,,,,1,1,1,1.0,7.0
201700019446,0017-08-04 17:00:00,17,8,4,17,0,800,157,D141,49.82784,2.02389,Plein jour,Hors agglomération,Intersection en X,Normale,Deux véhicules - côté,,,,,,,,,,,1,1,2,1.0,3.0
201700019447,0017-08-12 05:45:00,17,8,12,5,45,800,198,D1029,49.85219,2.18461,Crépuscule ou aube,Hors agglomération,Intersection en X,Pluie légère,Autre collision,,,,,,,,,,,2,1,2,2.0,6.0
201700019448,0017-09-02 15:20:00,17,9,2,15,20,800,436,,49.73329,1.90203,Plein jour,Hors agglomération,Hors intersection,Normale,Deux véhicules - frontale,,,,,,,,,,,1,1,1,1.0,1.0
201700019449,0017-10-03 18:20:00,17,10,3,18,20,800,211,"9, R GENERAL LECLERC",49.74115,2.15311,Plein jour,En agglomération,Hors intersection,Normale,Deux véhicules - arrière,,,,,,,,,,,1,2,1,1.0,2.0
201700019450,0017-11-10 13:05:00,17,11,10,13,5,800,198,D1029,49.85176,2.18339,Plein jour,Hors agglomération,Intersection en X,Normale,Trois véhicules et plus - en chaîne,,,,,,,,,,,1,1,2,1.0,4.0
201700019451,0017-11-13 16:00:00,17,11,13,16,0,800,630,Rue saint denis,49.77452,1.98261,Plein jour,En agglomération,Intersection en Y,Normale,Autre collision,,,,,,,,,,,1,2,4,1.0,6.0
201700019452,0017-11-26 21:50:00,17,11,26,21,50,800,114,D920,49.7401,2.19336,Nuit sans éclairage public,Hors agglomération,Hors intersection,Pluie légère,Autre collision,,,,,,,,,,,3,1,1,2.0,6.0
201700019453,0017-12-21 08:45:00,17,12,21,8,45,800,656,"34, CHS THIERS",49.82265,2.08588,Plein jour,En agglomération,Hors intersection,Brouillard / fumée,Autre collision,,,,,,,,,,,1,2,1,5.0,6.0
201700019454,0017-03-03 12:15:00,17,3,3,12,15,800,798,RN 25,50.02237,2.31835,Plein jour,En agglomération,Giratoire,Normale,Sans collision,,,,,,,,,,,1,2,6,1.0,7.0
201700019455,0017-03-09 14:50:00,17,3,9,14,50,800,24,RD 1001 - 33+900,49.93962,2.2361,Plein jour,Hors agglomération,Hors intersection,Normale,Deux véhicules - frontale,,,,,,,,,,,1,1,1,1.0,1.0
201700019456,0017-05-13 04:10:00,17,5,13,4,10,800,622,RD 1235,49.94209,2.15108,Nuit sans éclairage public,Hors agglomération,Hors intersection,Normale,Autre collision,,,,,,,,,,,3,1,1,1.0,6.0
201700019457,0017-05-12 17:45:00,17,5,12,17,45,800,718,RD 1001,49.94897,2.21171,Plein jour,Hors agglomération,Hors intersection,Pluie légère,Autre collision,,,,,,,,,,,1,1,1,2.0,6.0
201700019458,0017-05-18 18:20:00,17,5,18,18,20,800,634,RD 115,49.92526,2.44051,Plein jour,Hors agglomération,Hors intersection,Pluie légère,Sans collision,,,,,,,,,,,1,1,1,2.0,7.0
201700019459,0017-07-03 10:15:00,17,7,3,10,15,800,82,rue Marcelle Genevois,49.96534,2.13454,Plein jour,En agglomération,Intersection en X,Normale,Deux véhicules - côté,,,,,,,,,,,1,2,2,1.0,3.0
201700019460,0017-07-15 14:50:00,17,7,15,14,50,800,798,RN25,50.00527,2.31312,Plein jour,Hors agglomération,Hors intersection,Normale,Deux véhicules - côté,,,,,,,,,,,1,1,1,1.0,3.0
201700019461,0017-09-15 18:15:00,17,9,15,18,15,800,20,intersection D191 D247,49.94561,2.36008,Plein jour,Hors agglomération,Intersection en X,Normale,Deux véhicules - côté,,,,,,,,,,,1,1,2,1.0,3.0
201700019462,0017-09-22 20:40:00,17,9,22,20,40,800,746,"RN 25, pk 22+500",50.04412,2.32318,Nuit sans éclairage public,Hors agglomération,Hors intersection,Normale,Deux véhicules - arrière,,,,,,,,,,,3,1,1,1.0,2.0
201700019463,0017-09-29 20:07:00,17,9,29,20,7,800,650,D929,49.92926,2.39791,Nuit sans éclairage public,Hors agglomération,Hors intersection,Pluie forte,Deux véhicules - frontale,,,,,,,,,,,3,1,1,3.0,1.0
201700019464,0017-11-12 18:30:00,17,11,12,18,30,800,722,départementale 12,49.96551,2.21235,Nuit sans éclairage public,Hors agglomération,Hors intersection,Pluie légère,Deux véhicules - frontale,,,,,,,,,,,3,1,1,2.0,1.0
201700019465,0017-11-19 11:30:00,17,11,19,11,30,800,773,RD 919,50.00788,2.49391,Plein jour,Hors agglomération,Hors intersection,Normale,Deux véhicules - frontale,,,,,,,,,,,1,1,1,1.0,1.0
201700019466,0017-12-28 07:30:00,17,12,28,7,30,800,316,D933,50.0222,2.23823,Crépuscule ou aube,Hors agglomération,Hors intersection,Autre,Autre collision,,,,,,,,,,,2,1,1,9.0,6.0
201700019467,0017-01-04 08:00:00,17,1,4,8,0,800,635,D901 - Place du Maisniel,50.05134,1.9027,Crépuscule ou aube,En agglomération,Hors intersection,Pluie légère,Autre collision,,,,,,,,,,,2,2,1,2.0,6.0
201700019468,0017-01-15 18:00:00,17,1,15,18,0,800,546,RD 925,50.09852,1.74354,Nuit sans éclairage public,Hors agglomération,Hors intersection,Pluie légère,Autre collision,,,,,,,,,,,3,1,1,2.0,6.0
201700019469,0017-01-29 14:45:00,17,1,29,14,45,800,574,RD 1001,50.04458,2.05779,Plein jour,Hors agglomération,Hors intersection,Normale,Autre collision,,,,,,,,,,,1,1,1,1.0,6.0
201700019470,0017-03-08 13:15:00,17,3,8,13,15,800,163,RD 925,50.10339,1.76195,Plein jour,Hors agglomération,Hors intersection,Pluie légère,Autre collision,,,,,,,,,,,1,1,1,2.0,6.0
201700019471,0017-05-03 17:00:00,17,5,3,17,0,800,546,RD925,50.09307,1.7097,Plein jour,Hors agglomération,Hors intersection,Normale,Deux véhicules - côté,,,,,,,,,,,1,1,1,1.0,3.0
201700019472,0017-06-10 04:45:00,17,6,10,4,45,800,444,R DE LA VALLEE,50.04196,1.79709,Crépuscule ou aube,En agglomération,Hors intersection,Normale,Autre collision,,,,,,,,,,,2,2,1,1.0,6.0
201700019473,0017-06-23 10:30:00,17,6,23,10,30,800,171,route départementale 82,50.12725,1.88115,Plein jour,En agglomération,Hors intersection,Normale,Deux véhicules - arrière,,,,,,,,,,,1,2,1,1.0,2.0
201700019474,0017-07-22 19:45:00,17,7,22,19,45,800,488,"15 , R DES CLOITRES",50.01313,1.98922,Plein jour,En agglomération,Hors intersection,Normale,Deux véhicules - frontale,,,,,,,,,,,1,2,1,1.0,1.0
201700019475,0017-09-03 13:15:00,17,9,3,13,15,800,78,D1001,50.086,1.91203,Plein jour,Hors agglomération,Intersection en X,Normale,Autre collision,,,,,,,,,,,1,1,2,1.0,6.0
201700019476,0017-10-19 19:45:00,17,10,19,19,45,800,78,D1001,50.086,1.91203,Nuit sans éclairage public,Hors agglomération,Intersection en X,Normale,Deux véhicules - côté,,,,,,,,,,,3,1,2,1.0,3.0
201700019477,0017-10-29 11:30:00,17,10,29,11,30,800,282,CD 13,50.04386,1.85816,Plein jour,Hors agglomération,Intersection en X,Normale,Deux véhicules - côté,,,,,,,,,,,1,1,2,1.0,3.0
201700019478,0017-11-04 19:45:00,17,11,4,19,45,800,512,D3,50.082,1.81632,Nuit avec éclairage allumé,En agglomération,Hors intersection,Pluie légère,Sans collision,,,,,,,,,,,5,2,1,2.0,7.0
201700019479,0017-11-18 18:30:00,17,11,18,18,30,800,147,D1001,50.08458,1.92882,Nuit sans éclairage public,Hors agglomération,Intersection en X,Pluie forte,Autre collision,,,,,,,,,,,3,1,2,3.0,6.0
201700019480,0017-12-18 14:45:00,17,12,18,14,45,800,251,12 R D'EN HAUT,50.00041,1.76836,Plein jour,En agglomération,Hors intersection,Normale,Autre collision,,,,,,,,,,,1,2,1,1.0,6.0
201700019481,0017-12-28 17:30:00,17,12,28,17,30,800,19,D173,49.96058,1.91124,Nuit sans éclairage public,Hors agglomération,Intersection en T,Normale,Deux véhicules - côté,,,,,,,,,,,3,1,3,1.0,3.0
201700019482,0017-01-29 12:00:00,17,1,29,12,0,800,760,D 936,49.98238,1.60297,Plein jour,Hors agglomération,Hors intersection,Normale,Sans collision,,,,,,,,,,,1,1,1,1.0,7.0
201700019483,0017-02-11 11:30:00,17,2,11,11,30,800,235,RD2,50.04617,1.52774,Plein jour,Hors agglomération,Hors intersection,Temps couvert,Deux véhicules - arrière,,,,,,,,,,,1,1,1,8.0,2.0
201700019484,0017-03-24 21:05:00,17,3,24,21,5,800,127,R DE LA REPUBLIQUE,50.02935,1.49126,Nuit avec éclairage allumé,En agglomération,Hors intersection,Normale,Deux véhicules - côté,,,,,,,,,,,5,2,1,1.0,3.0
201700019485,0017-03-26 15:40:00,17,3,26,15,40,800,518,D29 - PR 20+500,50.01425,1.71287,Plein jour,Hors agglomération,Intersection en T,Normale,Deux véhicules - côté,,,,,,,,,,,1,1,3,1.0,3.0
201700019486,0017-04-30 16:55:00,17,4,30,16,55,800,500,D22,50.02009,1.62402,Plein jour,Hors agglomération,Hors intersection,Normale,Deux véhicules - côté,,,,,,,,,,,1,1,1,1.0,3.0
201700019487,0017-05-06 06:45:00,17,5,6,6,45,800,827,RD 2 Rue Jean Jaurès,50.05863,1.53559,Plein jour,En agglomération,Hors intersection,Normale,Deux véhicules - côté,,,,,,,,,,,1,2,1,1.0,3.0
201700019488,0017-05-15 11:13:00,17,5,15,11,13,800,360,RD 925,50.07381,1.56653,Plein jour,Hors agglomération,Hors intersection,Normale,Sans collision,,,,,,,,,,,1,1,1,1.0,7.0
201700019489,0017-05-25 09:35:00,17,5,25,9,35,800,343,RD180,49.94793,1.68392,Plein jour,Hors agglomération,Hors intersection,Normale,Deux véhicules - côté,,,,,,,,,,,1,1,1,1.0,3.0
201700019490,0017-06-16 17:00:00,17,6,16,17,0,800,368,D925 - PK n°5,50.07203,1.52413,Plein jour,Hors agglomération,Hors intersection,Normale,Deux véhicules - frontale,,,,,,,,,,,1,1,1,1.0,1.0
201700019491,0017-07-29 10:45:00,17,7,29,10,45,800,39,D940,50.09001,1.45545,Plein jour,Hors agglomération,Hors intersection,Normale,Deux véhicules - arrière,,,,,,,,,,,1,1,1,1.0,2.0
201700019492,0017-08-06 17:45:00,17,8,6,17,45,800,714,D925,50.06337,1.46965,Plein jour,Hors agglomération,Hors intersection,Normale,Deux véhicules - côté,,,,,,,,,,,1,1,1,1.0,3.0
201700019493,0017-08-11 19:30:00,17,8,11,19,30,800,834,PL DE LA MAIRIE,50.05831,1.49732,Plein jour,En agglomération,Hors intersection,Normale,Autre collision,,,,,,,,,,,1,2,1,1.0,6.0
201700019494,0017-09-10 11:00:00,17,9,10,11,0,800,96,R d'Ault,50.07887,1.49826,Plein jour,En agglomération,Hors intersection,Normale,Deux véhicules - frontale,,,,,,,,,,,1,2,1,1.0,1.0
201700019495,0017-09-24 19:50:00,17,9,24,19,50,800,126,d1015,49.94088,1.62866,Crépuscule ou aube,Hors agglomération,Hors intersection,Normale,Deux véhicules - frontale,,,,,,,,,,,2,1,1,1.0,1.0
201700019496,0017-10-15 14:15:00,17,10,15,14,15,800,710,D 928,50.00528,1.72513,Plein jour,En agglomération,Intersection en X,Normale,Deux véhicules - côté,,,,,,,,,,,1,2,2,1.0,3.0
201700019497,0017-11-30 14:25:00,17,11,30,14,25,800,308,D29,50.06814,1.61088,Plein jour,Hors agglomération,Intersection en X,Pluie légère,Trois véhicules et plus - collisions multiples,,,,,,,,,,,1,1,2,2.0,5.0
201700019498,0017-12-06 07:53:00,17,12,6,7,53,800,360,D925,50.07329,1.55251,Nuit sans éclairage public,Hors agglomération,Hors intersection,Normale,Deux véhicules - côté,,,,,,,,,,,3,1,1,1.0,3.0
201700019499,0017-12-15 18:00:00,17,12,15,18,0,800,126,ROUTE DEPARTEMENTALE 101,49.95014,1.60795,Nuit sans éclairage public,Hors agglomération,Hors intersection,Pluie légère,Deux véhicules - frontale,,,,,,,,,,,3,1,1,2.0,1.0
201700019500,0017-04-10 19:40:00,17,4,10,19,40,800,374,RD 12,50.16141,1.94317,Plein jour,Hors agglomération,Hors intersection,Normale,Sans collision,,,,,,,,,,,1,1,1,1.0,7.0
201700019501,0017-05-09 09:10:00,17,5,9,9,10,800,688,RD32,50.26348,1.68626,Plein jour,Hors agglomération,Hors intersection,Temps éblouissant,Deux véhicules - arrière,,,,,,,,,,,1,1,1,7.0,2.0
201700019502,0017-05-26 15:15:00,17,5,26,15,15,800,832,RD 108,50.1671,2.01195,Plein jour,Hors agglomération,Intersection en X,Normale,Deux véhicules - côté,,,,,,,,,,,1,1,2,1.0,3.0
201700019503,0017-07-12 13:20:00,17,7,12,13,20,800,637,D40,50.13661,1.76679,Plein jour,Hors agglomération,Hors intersection,Normale,Deux véhicules - frontale,,,,,,,,,,,1,1,1,1.0,1.0
201700019504,0017-07-28 01:45:00,17,7,28,1,45,800,649,R PONT DE GERVILLE,50.31652,1.64721,Nuit sans éclairage public,En agglomération,Hors intersection,Normale,Autre collision,,,,,,,,,,,3,2,1,1.0,6.0
201700019505,0017-09-19 09:20:00,17,9,19,9,20,800,600,route départementale 40,50.17659,1.71469,Plein jour,Hors agglomération,Intersection en T,Normale,Autre collision,,,,,,,,,,,1,1,3,1.0,6.0
201700019506,0017-09-21 18:45:00,17,9,21,18,45,800,713,D204,50.27206,1.61593,Plein jour,En agglomération,Intersection en Y,Normale,Deux véhicules - frontale,,,,,,,,,,,1,2,4,1.0,1.0
201700019507,0017-09-25 17:15:00,17,9,25,17,15,800,633,route départementale 235,50.22471,1.71611,Plein jour,Hors agglomération,Hors intersection,Normale,Sans collision,,,,,,,,,,,1,1,1,1.0,7.0
201700019508,0017-10-16 14:45:00,17,10,16,14,45,800,222,rue du Maréchal LECLERC,50.2518,1.88516,Plein jour,En agglomération,Autre intersection,Normale,Autre collision,,,,,,,,,,,1,2,9,1.0,6.0
201700019509,0017-11-04 18:26:00,17,11,4,18,26,800,688,Chemin des oiseaux,50.25233,1.67149,Nuit sans éclairage public,En agglomération,Hors intersection,Pluie légère,Sans collision,,,,,,,,,,,3,2,1,2.0,7.0
201700019510,0017-12-22 17:00:00,17,12,22,17,0,800,250,D928,50.21532,1.91406,Nuit sans éclairage public,Hors agglomération,Hors intersection,Normale,Trois véhicules et plus - collisions multiples,,,,,,,,,,,3,1,1,1.0,5.0
201700019511,0017-01-06 15:15:00,17,1,6,15,15,800,253,RN 25,50.1538,2.34353,Plein jour,En agglomération,Hors intersection,Normale,Deux véhicules - côté,,,,,,,,,,,1,2,1,1.0,3.0
201700019512,0017-06-13 10:05:00,17,6,13,10,5,800,71,RN 25,50.08901,2.32669,Plein jour,Hors agglomération,Hors intersection,Normale,Deux véhicules - frontale,,,,,,,,,,,1,1,1,1.0,1.0
201700019513,0017-07-16 19:00:00,17,7,16,19,0,800,253,D925,50.16755,2.30864,Plein jour,Hors agglomération,Intersection en Y,Normale,Deux véhicules - côté,,,,,,,,,,,1,1,4,1.0,3.0
201700019514,0017-09-19 07:10:00,17,9,19,7,10,800,71,RN 25,50.09758,2.33034,Crépuscule ou aube,Hors agglomération,Hors intersection,Normale,Deux véhicules - frontale,,,,,,,,,,,2,1,1,1.0,1.0
201700019515,0017-09-24 08:45:00,17,9,24,8,45,800,253,route d'albert,50.1494,2.34584,Plein jour,En agglomération,Hors intersection,Normale,Deux véhicules - arrière,,,,,,,,,,,1,2,1,1.0,2.0
201700019516,0017-09-30 18:00:00,17,9,30,18,0,800,425,D938 - D919,50.04262,2.57048,Plein jour,Hors agglomération,Intersection en X,Normale,Deux véhicules - côté,,,,,,,,,,,1,1,2,1.0,3.0
201700019517,0017-12-09 22:30:00,17,12,9,22,30,800,495,R DU PONT DES MOINES,50.19378,2.40236,Nuit avec éclairage allumé,En agglomération,Hors intersection,Pluie légère,Autre collision,,,,,,,,,,,5,2,1,2.0,6.0
201700019518,0017-12-10 07:35:00,17,12,10,7,35,800,43,D124,50.119,2.48934,Nuit sans éclairage public,Hors agglomération,Hors intersection,Neige / grêle,Autre collision,,,,,,,,,,,3,1,1,4.0,6.0
201700019519,0017-12-20 09:58:00,17,12,20,9,58,800,253,PL DE LA GARE,50.16017,2.34156,Plein jour,En agglomération,Autre intersection,Normale,Autre collision,,,,,,,,,,,1,2,9,1.0,6.0
201700019520,0017-02-03 12:20:00,17,2,3,12,20,800,795,RD 159,50.02844,2.09828,Plein jour,Hors agglomération,Hors intersection,Normale,Autre collision,,,,,,,,,,,1,1,1,1.0,6.0
201700019521,0017-02-08 09:45:00,17,2,8,9,45,800,318,2 bis rue Roger Godard,50.01663,2.07953,Plein jour,En agglomération,Hors intersection,Normale,Deux véhicules - côté,,,,,,,,,,,1,2,1,1.0,3.0
201700019522,0017-02-12 19:30:00,17,2,12,19,30,800,100,RD 112,50.01344,2.13219,Nuit sans éclairage public,Hors agglomération,Intersection en T,Autre,Autre collision,,,,,,,,,,,3,1,3,9.0,6.0
201700019523,0017-02-12 20:35:00,17,2,12,20,35,800,711,RUE DE LA GIRAFE,50.03446,2.12354,Nuit avec éclairage allumé,En agglomération,Intersection en X,Temps couvert,Deux véhicules - côté,,,,,,,,,,,5,2,2,8.0,3.0
201700019524,0017-06-09 17:45:00,17,6,9,17,45,800,416,RD 3,49.99361,2.04416,Plein jour,Hors agglomération,Hors intersection,Normale,Autre collision,,,,,,,,,,,1,1,1,1.0,6.0
201700019525,0017-06-22 16:10:00,17,6,22,16,10,800,168,CD 31,50.09959,2.28082,Plein jour,Hors agglomération,Hors intersection,Normale,Deux véhicules - frontale,,,,,,,,,,,1,1,1,1.0,1.0
201700019526,0017-07-31 22:30:00,17,7,31,22,30,800,793,D12,50.00144,2.1965,Nuit sans éclairage public,Hors agglomération,Hors intersection,Normale,Deux véhicules - frontale,,,,,,,,,,,3,1,1,1.0,1.0
201700019527,0017-10-02 04:45:00,17,10,2,4,45,800,310,R DU 11 NOVEMBRE,50.1206,2.22751,Nuit avec éclairage allumé,En agglomération,Hors intersection,Normale,Deux véhicules - arrière,,,,,,,,,,,5,2,1,1.0,2.0
201700019528,0017-11-03 15:18:00,17,11,3,15,18,800,241,D216,50.07403,2.12077,Plein jour,Hors agglomération,Hors intersection,Normale,Sans collision,,,,,,,,,,,1,1,1,1.0,7.0
201700019529,0017-11-07 05:30:00,17,11,7,5,30,800,241,CD.12,50.0847,2.08074,Nuit sans éclairage public,Hors agglomération,Hors intersection,Normale,Autre collision,,,,,,,,,,,3,1,1,1.0,6.0
201700019530,0017-12-23 16:30:00,17,12,23,16,30,800,711,"20, R DU GAL DE GAULLE",50.04305,2.12141,Plein jour,En agglomération,Intersection en T,Pluie légère,Autre collision,,,,,,,,,,,1,2,3,2.0,6.0
201700019531,0017-08-08 20:30:00,17,8,8,20,30,800,711,R DE LA SENSE,,,Plein jour,En agglomération,Hors intersection,Normale,Sans collision,,,,,,,,,,,1,2,1,1.0,7.0
201700019532,0017-01-22 16:10:00,17,1,22,16,10,800,678,90 rue de la Madeleine,49.58787,2.66376,Plein jour,En agglomération,Intersection en X,Normale,Trois véhicules et plus - collisions multiples,,,,,,,,,,,1,2,2,1.0,5.0
201700019533,0017-03-06 11:30:00,17,3,6,11,30,800,803,RD 934,49.71556,2.74821,Plein jour,Hors agglomération,Hors intersection,Normale,Deux véhicules - arrière,,,,,,,,,,,1,1,1,1.0,2.0
201700019534,0017-05-02 12:50:00,17,5,2,12,50,800,293,RD329,49.67078,2.6075,Plein jour,Hors agglomération,Hors intersection,Normale,Sans collision,,,,,,,,,,,1,1,1,1.0,7.0
201700019535,0017-06-01 11:15:00,17,6,1,11,15,800,561,"12, AV MAURICE LECONTE",49.64368,2.56095,Plein jour,En agglomération,Intersection en X,Normale,Deux véhicules - côté,,,,,,,,,,,1,2,2,1.0,3.0
201700019536,0017-06-15 06:35:00,17,6,15,6,35,800,302,Intersection D930 / D135,49.64735,2.62742,Plein jour,Hors agglomération,Intersection en X,Normale,Deux véhicules - côté,,,,,,,,,,,1,1,2,1.0,3.0
201700019537,0017-06-30 14:35:00,17,6,30,14,35,800,685,D221,49.68413,2.78965,Plein jour,Hors agglomération,Intersection en X,Normale,Deux véhicules - côté,,,,,,,,,,,1,1,2,1.0,3.0
201700019538,0017-07-03 05:31:00,17,7,3,5,31,800,383,D34,49.72114,2.76312,Crépuscule ou aube,En agglomération,Intersection en X,Brouillard / fumée,Deux véhicules - frontale,,,,,,,,,,,2,2,2,5.0,1.0
201700019539,0017-07-07 02:00:00,17,7,7,2,0,800,561,Chemin des postes,49.64244,2.57744,Nuit sans éclairage public,En agglomération,Hors intersection,Temps couvert,Sans collision,,,,,,,,,,,3,2,1,8.0,7.0
201700019540,0017-07-08 12:40:00,17,7,8,12,40,800,561,D4135,49.64446,2.57695,Plein jour,Hors agglomération,Intersection en X,Normale,Deux véhicules - côté,,,,,,,,,,,1,1,2,1.0,3.0
201700019541,0017-07-13 18:55:00,17,7,13,18,55,800,561,R PASTEUR,49.65453,2.58683,Plein jour,En agglomération,Hors intersection,Normale,Sans collision,,,,,,,,,,,1,2,1,1.0,7.0
201700019542,0017-07-21 22:40:00,17,7,21,22,40,800,685,R DE FRESNOY,49.71155,2.78928,Nuit avec éclairage allumé,En agglomération,Hors intersection,Normale,Autre collision,,,,,,,,,,,5,2,1,1.0,6.0
201700019543,0017-07-24 17:00:00,17,7,24,17,0,800,230,DEPARTEMENTALE 337,49.77648,2.86298,Plein jour,Hors agglomération,Intersection en X,Pluie légère,Deux véhicules - côté,,,,,,,,,,,1,1,2,2.0,3.0