accident_id,datetime,annee,mois,jour,heure,minute,departement,commune_insee,adresse,latitude,longitude,luminosite,agglomeration,intersection,meteo,collision,nb_vehicules,nb_usagers,nb_indemnes,nb_tues,nb_blesses_hosp,nb_blesses_legers,age_cond_1,age_cond_2,veh_type_cond_1,veh_type_cond_2,lum_code,agg_code,int_code,atm_code,col_code
201700019790,0017-10-07 17:50:00,17,10,7,17,50,201,85,RT 40,41.90351,8.8855,Plein jour,Hors agglomération,Autre intersection,Normale,Autre collision,,,,,,,,,,,1,1,9,1.0,6.0
201700019791,0017-10-24 12:00:00,17,10,24,12,0,201,130,ROUTE DE PILA CANALE,41.88523,8.92815,Plein jour,Hors agglomération,Hors intersection,Normale,Deux véhicules - côté,,,,,,,,,,,1,1,1,1.0,3.0
201700019792,0017-11-27 18:02:00,17,11,27,18,2,201,85,RT 40,41.89881,8.92805,Nuit sans éclairage public,Hors agglomération,Hors intersection,Normale,Trois véhicules et plus - collisions multiples,,,,,,,,,,,3,1,1,1.0,5.0
201700019793,0017-12-07 17:20:00,17,12,7,17,20,201,8,rond point d'agosta CD55,41.85565,8.8738,Nuit avec éclairage allumé,En agglomération,Giratoire,Pluie légère,Deux véhicules - arrière,,,,,,,,,,,5,2,6,2.0,2.0
201700019794,0017-12-24 18:25:00,17,12,24,18,25,201,130,D55 AVENUE MARIE-JEANNE,41.89758,8.80922,Nuit avec éclairage allumé,En agglomération,Hors intersection,Normale,Deux véhicules - côté,,,,,,,,,,,5,2,1,1.0,3.0
201700019795,0017-01-12 17:50:00,17,1,12,17,50,201,92,Lieu-dit Figa,41.72713,9.40257,Nuit sans éclairage public,Hors agglomération,Autre intersection,Normale,Deux véhicules - côté,,,,,,,,,,,3,1,9,1.0,3.0
201700019796,0017-03-04 14:30:00,17,3,4,14,30,201,92,lieu-dit FAUTEA,41.7221,9.40466,Plein jour,Hors agglomération,Hors intersection,Vent fort / tempête,Autre collision,,,,,,,,,,,1,1,1,6.0,6.0
201700019797,0017-07-09 00:01:00,17,7,9,0,1,201,269,RT10,41.81353,9.3523,Nuit avec éclairage allumé,Hors agglomération,Hors intersection,Normale,Deux véhicules - frontale,,,,,,,,,,,5,1,1,1.0,1.0
201700019798,0017-09-14 09:30:00,17,9,14,9,30,201,92,RT 10 lieu dit fautea,41.73551,9.36242,Plein jour,Hors agglomération,Hors intersection,Normale,Sans collision,,,,,,,,,,,1,1,1,1.0,7.0
201700019799,0017-09-22 15:45:00,17,9,22,15,45,201,269,RT10 - PK 61+200,41.81364,9.40179,Plein jour,Hors agglomération,Hors intersection,Normale,Deux véhicules - arrière,,,,,,,,,,,1,1,1,1.0,2.0
201700019800,0017-10-13 16:40:00,17,10,13,16,40,201,139,RT10,41.68262,9.31943,Plein jour,Hors agglomération,Hors intersection,Normale,Autre collision,,,,,,,,,,,1,1,1,1.0,6.0
201700019801,0017-12-02 13:45:00,17,12,2,13,45,201,92,RT 10,41.70565,9.37186,Plein jour,Hors agglomération,Hors intersection,Normale,Deux véhicules - arrière,,,,,,,,,,,1,1,1,1.0,2.0
201700019802,0017-01-05 14:50:00,17,1,5,14,50,790,101,8 ROUTE DE BRESSUIRE,46.48865,-0.59935,Plein jour,En agglomération,Hors intersection,Normale,Sans collision,,,,,,,,,,,1,2,1,1.0,7.0
201700019803,0017-02-05 06:00:00,17,2,5,6,0,790,66,,46.47769,-0.36091,Nuit sans éclairage public,Hors agglomération,Hors intersection,Pluie forte,Deux véhicules - frontale,,,,,,,,,,,3,1,1,3.0,1.0
201700019804,0017-02-08 04:45:00,17,2,8,4,45,790,309,"LD ""LA VAZONNIERE""",46.59762,-0.56485,Nuit sans éclairage public,Hors agglomération,Hors intersection,Pluie légère,Autre collision,,,,,,,,,,,3,1,1,2.0,6.0
201700019805,0017-06-18 01:00:00,17,6,18,1,0,790,109,,46.35781,-0.43566,Nuit sans éclairage public,Hors agglomération,Hors intersection,Normale,Autre collision,,,,,,,,,,,3,1,1,1.0,6.0
201700019806,0017-06-20 21:10:00,17,6,20,21,10,790,117,11 ROUTE DE FAYE,46.44955,-0.52911,Plein jour,En agglomération,Hors intersection,Normale,Autre collision,,,,,,,,,,,1,2,1,1.0,6.0
201700019807,0017-06-30 20:30:00,17,6,30,20,30,790,101,24 ROUTE DE FONTENAY,46.4812,-0.60181,Plein jour,En agglomération,Hors intersection,Pluie légère,Autre collision,,,,,,,,,,,1,2,1,2.0,6.0
201700019808,0017-06-13 18:15:00,17,6,13,18,15,790,66,"LD ""PUYRAVEAU""",46.47371,-0.37483,Plein jour,Hors agglomération,Intersection en T,Normale,Deux véhicules - arrière,,,,,,,,,,,1,1,3,1.0,2.0
201700019809,0017-07-31 17:30:00,17,7,31,17,30,790,263,RUE DE LA MAIRIE,46.52556,-0.58295,Plein jour,Hors agglomération,Intersection à plus de 4 branches,Normale,Deux véhicules - côté,,,,,,,,,,,1,1,5,1.0,3.0
201700019810,0017-08-21 13:30:00,17,8,21,13,30,790,12,,46.46397,-0.5772,Plein jour,Hors agglomération,Hors intersection,Normale,Autre collision,,,,,,,,,,,1,1,1,1.0,6.0
201700019811,0017-09-12 11:50:00,17,9,12,11,50,790,59,,46.548,-0.60174,Plein jour,Hors agglomération,Intersection en X,Normale,Deux véhicules - côté,,,,,,,,,,,1,1,2,1.0,3.0
201700019812,0017-09-18 13:55:00,17,9,18,13,55,790,12,RUE DU CHAMP CLOS,46.46425,-0.54969,Plein jour,Hors agglomération,Hors intersection,Normale,Autre collision,,,,,,,,,,,1,1,1,1.0,6.0
201700019813,0017-10-10 14:45:00,17,10,10,14,45,790,66,,46.47486,-0.3761,Plein jour,Hors agglomération,Hors intersection,Normale,Deux véhicules - frontale,,,,,,,,,,,1,1,1,1.0,1.0
201700019814,0017-10-18 23:40:00,17,10,18,23,40,790,281,,46.38374,-0.4871,Nuit sans éclairage public,Hors agglomération,Hors intersection,Normale,Sans collision,,,,,,,,,,,3,1,1,1.0,7.0
201700019815,0017-10-23 17:00:00,17,10,23,17,0,790,200,"LD ""L'AUDEMARIERE""",46.51565,-0.4223,Plein jour,Hors agglomération,Hors intersection,Pluie légère,Autre collision,,,,,,,,,,,1,1,1,2.0,6.0
201700019816,0017-10-26 01:00:00,17,10,26,1,0,790,86,"LD ""LA CARTE""",46.43173,-0.37864,Nuit sans éclairage public,En agglomération,Hors intersection,Normale,Autre collision,,,,,,,,,,,3,2,1,1.0,6.0
201700019817,0017-11-10 09:00:00,17,11,10,9,0,790,117,,46.45108,-0.50571,Plein jour,Hors agglomération,Hors intersection,Pluie légère,Autre collision,,,,,,,,,,,1,1,1,2.0,6.0
201700019818,0017-12-14 12:30:00,17,12,14,12,30,790,309,,46.6106,-0.56596,Plein jour,Hors agglomération,Hors intersection,Pluie forte,Sans collision,,,,,,,,,,,1,1,1,3.0,7.0
201700019819,0017-01-16 21:00:00,17,1,16,21,0,790,170,"LD ""LE GRAND BREUIL""",46.18532,-0.64477,Nuit sans éclairage public,Hors agglomération,Hors intersection,Normale,Autre collision,,,,,,,,,,,3,1,1,1.0,6.0
201700019820,0017-02-11 21:00:00,17,2,11,21,0,790,355,,46.30109,-0.3489,Nuit sans éclairage public,Hors agglomération,Hors intersection,Normale,Autre collision,,,,,,,,,,,3,1,1,1.0,6.0
201700019821,0017-02-08 18:36:00,17,2,8,18,36,790,298,"LD ""BEAUCHAMP""",46.28791,-0.46598,Nuit sans éclairage public,Hors agglomération,Hors intersection,Normale,Deux véhicules - côté,,,,,,,,,,,3,1,1,1.0,3.0
201700019822,0017-03-09 13:00:00,17,3,9,13,0,790,220,,46.21865,-0.63889,Plein jour,Hors agglomération,Hors intersection,Normale,Deux véhicules - arrière,,,,,,,,,,,1,1,1,1.0,2.0
201700019823,0017-03-16 20:15:00,17,3,16,20,15,790,170,,46.18821,-0.67217,Nuit sans éclairage public,Hors agglomération,Hors intersection,Normale,Deux véhicules - frontale,,,,,,,,,,,3,1,1,1.0,1.0
201700019824,0017-04-05 19:00:00,17,4,5,19,0,790,304,,46.2955,-0.58641,Plein jour,Hors agglomération,Hors intersection,Normale,Deux véhicules - frontale,,,,,,,,,,,1,1,1,1.0,1.0
201700019825,0017-06-02 15:00:00,17,6,2,15,0,790,125,"LD ""LE GRAND PRE""",46.23806,-0.42004,Plein jour,Hors agglomération,Hors intersection,Normale,Deux véhicules - frontale,,,,,,,,,,,1,1,1,1.0,1.0
201700019826,0017-07-16 11:20:00,17,7,16,11,20,790,334,,46.17835,-0.60591,Plein jour,Hors agglomération,Intersection en X,Temps éblouissant,Deux véhicules - frontale,,,,,,,,,,,1,1,2,7.0,1.0
201700019827,0017-07-20 15:15:00,17,7,20,15,15,790,273,"LD ""LES COSSES",46.23025,-0.33307,Plein jour,Hors agglomération,Intersection en X,Normale,Sans collision,,,,,,,,,,,1,1,2,1.0,7.0
201700019828,0017-07-21 07:55:00,17,7,21,7,55,790,137,,46.2201,-0.46697,Plein jour,Hors agglomération,Hors intersection,Normale,Deux véhicules - côté,,,,,,,,,,,1,1,1,1.0,3.0
201700019829,0017-09-19 13:15:00,17,9,19,13,15,790,355,,46.30032,-0.34438,Plein jour,Hors agglomération,Hors intersection,Normale,Deux véhicules - frontale,,,,,,,,,,,1,1,1,1.0,1.0
201700019830,0017-10-03 20:15:00,17,10,3,20,15,790,337,"LD ""NAQUIN""",46.31611,-0.67236,Crépuscule ou aube,Hors agglomération,Hors intersection,Normale,Autre collision,,,,,,,,,,,2,1,1,1.0,6.0
201700019831,0017-10-16 23:30:00,17,10,16,23,30,790,355,,46.3005,-0.3457,Nuit sans éclairage public,Hors agglomération,Hors intersection,Normale,Sans collision,,,,,,,,,,,3,1,1,1.0,7.0
201700019832,0017-12-01 18:35:00,17,12,1,18,35,790,130,,46.24284,-0.54221,Nuit sans éclairage public,Hors agglomération,Intersection en X,Normale,Deux véhicules - côté,,,,,,,,,,,3,1,2,1.0,3.0
201700019833,0017-12-14 09:05:00,17,12,14,9,5,790,34,,46.28703,-0.54209,Nuit sans éclairage public,Hors agglomération,Hors intersection,Pluie légère,Deux véhicules - côté,,,,,,,,,,,3,1,1,2.0,3.0
201700019834,0017-02-12 12:05:00,17,2,12,12,5,790,301,,46.22617,-0.05175,Plein jour,Hors agglomération,Intersection en X,Normale,Deux véhicules - côté,,,,,,,,,,,1,1,2,1.0,3.0
201700019835,0017-02-11 16:00:00,17,2,11,16,0,790,174,45 RUE DE LA BERONNE,46.23176,-0.14014,Plein jour,En agglomération,Hors intersection,Normale,Autre collision,,,,,,,,,,,1,2,1,1.0,6.0
201700019836,0017-04-10 16:05:00,17,4,10,16,5,790,30,,46.29502,-0.14987,Plein jour,Hors agglomération,Hors intersection,Normale,Sans collision,,,,,,,,,,,1,1,1,1.0,7.0
201700019837,0017-04-28 17:20:00,17,4,28,17,20,790,174,AVENUE ROGER AUBIN,46.22433,-0.15389,Plein jour,En agglomération,Intersection en X,Normale,Deux véhicules - frontale,,,,,,,,,,,1,2,2,1.0,1.0
201700019838,0017-05-11 07:50:00,17,5,11,7,50,790,30,9 RUE DE LA LIBERTE,46.28414,-0.19968,Plein jour,En agglomération,Hors intersection,Pluie forte,Autre collision,,,,,,,,,,,1,2,1,3.0,6.0
201700019839,0017-05-28 04:45:00,17,5,28,4,45,790,15,"LD ""LA CHAUVIERE""",46.07815,-0.21616,Nuit sans éclairage public,Hors agglomération,Intersection en X,Normale,Autre collision,,,,,,,,,,,3,1,2,1.0,6.0
201700019840,0017-07-24 13:20:00,17,7,24,13,20,790,279,,46.21619,-0.15739,Plein jour,Hors agglomération,Hors intersection,Normale,Deux véhicules - frontale,,,,,,,,,,,1,1,1,1.0,1.0
201700019841,0017-09-12 21:00:00,17,9,12,21,0,790,160,,46.13845,-0.17604,Nuit sans éclairage public,Hors agglomération,Hors intersection,Normale,Autre collision,,,,,,,,,,,3,1,1,1.0,6.0
201700019842,0017-10-14 18:40:00,17,10,14,18,40,790,174,,46.21631,-0.1574,Crépuscule ou aube,Hors agglomération,Intersection en X,Normale,Deux véhicules - frontale,,,,,,,,,,,2,1,2,1.0,1.0
201700019843,0017-11-21 11:45:00,17,11,21,11,45,790,314,"LD ""MERILLY""",46.17631,-0.11341,Plein jour,Hors agglomération,Intersection en X,Normale,Deux véhicules - côté,,,,,,,,,,,1,1,2,1.0,3.0
201700019844,0017-11-25 09:00:00,17,11,25,9,0,790,57,70 AVENUE DE POITIERS,46.15263,-0.21097,Plein jour,Hors agglomération,Intersection en X,Normale,Deux véhicules - côté,,,,,,,,,,,1,1,2,1.0,3.0
201700019845,0017-12-02 04:50:00,17,12,2,4,50,790,217,"LD ""MAISONCELLE""",46.30829,-0.19531,Nuit sans éclairage public,Hors agglomération,Hors intersection,Normale,Autre collision,,,,,,,,,,,3,1,1,1.0,6.0
201700019846,0017-01-19 09:30:00,17,1,19,9,30,790,195,5 ALLEE DE CAPHAR,46.95069,-0.59041,Plein jour,En agglomération,Intersection en X,Normale,Deux véhicules - côté,,,,,,,,,,,1,2,2,1.0,3.0
201700019847,0017-02-25 14:20:00,17,2,25,14,20,790,79,60 RUE DU COMMERCE,46.97776,-0.8377,Plein jour,En agglomération,Hors intersection,Normale,Autre collision,,,,,,,,,,,1,2,1,1.0,6.0
201700019848,0017-03-15 09:30:00,17,3,15,9,30,790,103,"LD ""LA GUINAIRE""",46.76687,-0.56816,Plein jour,Hors agglomération,Hors intersection,Normale,Autre collision,,,,,,,,,,,1,1,1,1.0,6.0
201700019849,0017-03-15 20:05:00,17,3,15,20,5,790,207,,46.87786,-0.73794,Nuit sans éclairage public,Hors agglomération,Hors intersection,Normale,Deux véhicules - frontale,,,,,,,,,,,3,1,1,1.0,1.0
201700019850,0017-04-16 22:00:00,17,4,16,22,0,790,183,"LD ""LA PIQUEMIERE""",46.8374,-0.75086,Nuit sans éclairage public,Hors agglomération,Hors intersection,Normale,Autre collision,,,,,,,,,,,3,1,1,1.0,6.0
201700019851,0017-04-18 16:10:00,17,4,18,16,10,790,62,3 BIS RUE GUE DE L'EPINE,46.8201,-0.67196,Plein jour,En agglomération,Hors intersection,Normale,Autre collision,,,,,,,,,,,1,2,1,1.0,6.0
201700019852,0017-05-05 22:50:00,17,5,5,22,50,790,123,"LD ""LA PETITE GAZELIERE""",46.74153,-0.67975,Nuit sans éclairage public,Hors agglomération,Hors intersection,Pluie légère,Autre collision,,,,,,,,,,,3,1,1,2.0,6.0
201700019853,0017-05-17 11:00:00,17,5,17,11,0,790,79,,46.91458,-0.74347,Plein jour,Hors agglomération,Hors intersection,Normale,Sans collision,,,,,,,,,,,1,1,1,1.0,7.0
201700019854,0017-06-12 19:10:00,17,6,12,19,10,790,235,6 RUE DES GENETS,46.87381,-0.79861,Plein jour,En agglomération,Intersection en T,Temps éblouissant,Deux véhicules - frontale,,,,,,,,,,,1,2,3,7.0,1.0
201700019855,0017-08-04 15:25:00,17,8,4,15,25,790,195,89 AVENUE SAINT-HUBERT,46.94371,-0.5924,Plein jour,En agglomération,Hors intersection,Pluie légère,Sans collision,,,,,,,,,,,1,2,1,2.0,7.0
201700019856,0017-08-26 02:00:00,17,8,26,2,0,790,235,,46.88471,-0.79427,Nuit sans éclairage public,Hors agglomération,Hors intersection,Normale,Autre collision,,,,,,,,,,,3,1,1,1.0,6.0
201700019857,0017-10-25 15:45:00,17,10,25,15,45,790,91,71 ROUTE DE VENDEE,46.83139,-0.64005,Plein jour,Hors agglomération,Hors intersection,Temps éblouissant,Deux véhicules - côté,,,,,,,,,,,1,1,1,7.0,3.0
201700019858,0017-11-22 10:00:00,17,11,22,10,0,790,79,"LD ""LA ROUILLARDIERE""",46.94906,-0.87161,Plein jour,Hors agglomération,Hors intersection,Temps éblouissant,Trois véhicules et plus - en chaîne,,,,,,,,,,,1,1,1,7.0,4.0
201700019859,0017-12-01 11:40:00,17,12,1,11,40,790,91,"LD ""SAINT LOUIS""",46.85221,-0.61074,Plein jour,Hors agglomération,Hors intersection,Pluie forte,Deux véhicules - frontale,,,,,,,,,,,1,1,1,3.0,1.0
201700019860,0017-12-30 18:10:00,17,12,30,18,10,790,79,23 RUE DE LA POTERIE,46.92478,-0.74055,Nuit avec éclairage allumé,En agglomération,Intersection en T,Pluie légère,Deux véhicules - frontale,,,,,,,,,,,5,2,3,2.0,1.0
201700019861,0017-01-06 09:00:00,17,1,6,9,0,790,171,"LD ""LA GRUEE""",46.92957,-0.25318,Plein jour,Hors agglomération,Hors intersection,Brouillard / fumée,Autre collision,,,,,,,,,,,1,1,1,5.0,6.0
201700019862,0017-01-23 11:10:00,17,1,23,11,10,790,265,"LD ""ORBE""",46.97001,-0.14314,Plein jour,En agglomération,Intersection en X,Normale,Deux véhicules - côté,,,,,,,,,,,1,2,2,1.0,3.0
201700019863,0017-09-27 06:09:00,17,9,27,6,9,790,203,,46.97367,-0.08767,Nuit sans éclairage public,Hors agglomération,Hors intersection,Brouillard / fumée,Deux véhicules - côté,,,,,,,,,,,3,1,1,5.0,3.0
201700019864,0017-02-15 21:30:00,17,2,15,21,30,790,265,,46.97153,-0.12417,Nuit sans éclairage public,Hors agglomération,Hors intersection,Normale,Sans collision,,,,,,,,,,,3,1,1,1.0,7.0
201700019865,0017-03-27 20:10:00,17,3,27,20,10,790,178,,46.96558,-0.17473,Nuit sans éclairage public,Hors agglomération,Hors intersection,Normale,Deux véhicules - arrière,,,,,,,,,,,3,1,1,1.0,2.0
201700019866,0017-04-27 13:00:00,17,4,27,13,0,790,157,,47.00238,-0.16879,Plein jour,Hors agglomération,Hors intersection,Normale,Sans collision,,,,,,,,,,,1,1,1,1.0,7.0
201700019867,0017-05-09 16:12:00,17,5,9,16,12,790,63,,47.05068,-0.34579,Plein jour,Hors agglomération,Autre intersection,Normale,Autre collision,,,,,,,,,,,1,1,9,1.0,6.0
201700019868,0017-06-01 10:00:00,17,6,1,10,0,790,161,21 RUE DU PANORAMA,46.92603,-0.19176,Plein jour,En agglomération,Hors intersection,Normale,Autre collision,,,,,,,,,,,1,2,1,1.0,6.0
201700019869,0017-06-14 12:30:00,17,6,14,12,30,790,250,RUE DE LA MAIRIE,46.90235,-0.28518,Plein jour,En agglomération,Intersection en T,Normale,Deux véhicules - frontale,,,,,,,,,,,1,2,3,1.0,1.0
201700019870,0017-07-07 16:15:00,17,7,7,16,15,790,171,RD 938 Ter,46.93645,-0.24411,Plein jour,Hors agglomération,Hors intersection,Normale,Deux véhicules - arrière,,,,,,,,,,,1,1,1,1.0,2.0
201700019871,0017-08-09 20:00:00,17,8,9,20,0,790,44,,47.04007,-0.33134,Plein jour,Hors agglomération,Hors intersection,Normale,Sans collision,,,,,,,,,,,1,1,1,1.0,7.0
201700019872,0017-08-19 12:24:00,17,8,19,12,24,790,321,,46.92892,-0.10611,Plein jour,Hors agglomération,Intersection en T,Normale,Deux véhicules - arrière,,,,,,,,,,,1,1,3,1.0,2.0
201700019873,0017-08-28 07:25:00,17,8,28,7,25,790,13,,47.01411,-0.42415,Plein jour,Hors agglomération,Intersection en X,Normale,Deux véhicules - côté,,,,,,,,,,,1,1,2,1.0,3.0
201700019874,0017-10-17 09:10:00,17,10,17,9,10,790,292,59 ROUTE DE THOUARS,46.9908,-0.23528,Plein jour,En agglomération,Intersection en T,Normale,Autre collision,,,,,,,,,,,1,2,3,1.0,6.0
201700019875,0017-10-31 19:20:00,17,10,31,19,20,790,178,"LD ""CROIX DE CHAMBRE""",46.96667,-0.1772,Nuit sans éclairage public,Hors agglomération,Intersection en X,Normale,Trois véhicules et plus - collisions multiples,,,,,,,,,,,3,1,2,1.0,5.0
201700019876,0017-11-15 13:50:00,17,11,15,13,50,790,161,,46.94637,-0.20467,Plein jour,Hors agglomération,Hors intersection,Normale,Deux véhicules - frontale,,,,,,,,,,,1,1,1,1.0,1.0
201700019877,0017-12-15 16:15:00,17,12,15,16,15,790,209,,46.84701,-0.33412,Plein jour,Hors agglomération,Intersection en Y,Normale,Deux véhicules - arrière,,,,,,,,,,,1,1,4,1.0,2.0
201700019878,0017-12-24 07:10:00,17,12,24,7,10,790,157,,47.02435,-0.20264,Nuit sans éclairage public,Hors agglomération,Hors intersection,Normale,Sans collision,,,,,,,,,,,3,1,1,1.0,7.0
201700019879,0017-02-24 06:20:00,17,2,24,6,20,790,40,"LD ""LA JALLIERE""",46.55271,-0.38341,Nuit sans éclairage public,Hors agglomération,Hors intersection,Normale,Autre collision,,,,,,,,,,,3,1,1,1.0,6.0
201700019880,0017-02-28 15:20:00,17,2,28,15,20,790,285,,46.50351,-0.33495,Plein jour,Hors agglomération,Hors intersection,Pluie légère,Sans collision,,,,,,,,,,,1,1,1,2.0,7.0
201700019881,0017-06-04 06:35:00,17,6,4,6,35,790,202,64 BD EDGAR QUINET,46.6508,-0.24175,Plein jour,En agglomération,Hors intersection,Normale,Autre collision,,,,,,,,,,,1,2,1,1.0,6.0
201700019882,0017-06-07 12:00:00,17,6,7,12,0,790,80,AVENUE DE LA MORINIERE,46.6549,-0.2485,Plein jour,En agglomération,Intersection en T,Normale,Deux véhicules - côté,,,,,,,,,,,1,2,3,1.0,3.0
201700019883,0017-06-21 16:50:00,17,6,21,16,50,790,339,,46.59117,0.00566,Plein jour,Hors agglomération,Hors intersection,Normale,Trois véhicules et plus - collisions multiples,,,,,,,,,,,1,1,1,1.0,5.0
201700019884,0017-08-08 07:39:00,17,8,8,7,39,790,202,,46.64702,-0.21607,Plein jour,Hors agglomération,Hors intersection,Normale,Trois véhicules et plus - collisions multiples,,,,,,,,,,,1,1,1,1.0,5.0
201700019885,0017-10-12 18:40:00,17,10,12,18,40,790,347,,46.69557,-0.27632,Crépuscule ou aube,Hors agglomération,Hors intersection,Normale,Deux véhicules - arrière,,,,,,,,,,,2,1,1,1.0,2.0
201700019886,0017-10-14 04:30:00,17,10,14,4,30,790,8,"8 LD ""JUSSAY""",46.72232,-0.2981,Nuit sans éclairage public,Hors agglomération,Hors intersection,Normale,Autre collision,,,,,,,,,,,3,1,1,1.0,6.0
201700019887,0017-11-05 10:15:00,17,11,5,10,15,790,322,,46.62691,-0.28874,Plein jour,Hors agglomération,Hors intersection,Normale,Autre collision,,,,,,,,,,,1,1,1,1.0,6.0
201700019888,0017-11-21 18:45:00,17,11,21,18,45,790,176,16B RUE DE ST MAIXENT,46.49567,-0.05892,Nuit avec éclairage allumé,En agglomération,Intersection en T,Brouillard / fumée,Deux véhicules - côté,,,,,,,,,,,5,2,3,5.0,3.0
201700019889,0017-11-23 18:57:00,17,11,23,18,57,790,347,les champs de l'étang,46.68939,-0.27145,Nuit sans éclairage public,Hors agglomération,Hors intersection,Normale,Trois véhicules et plus - collisions multiples,,,,,,,,,,,3,1,1,1.0,5.0
201700019890,0017-06-03 09:30:00,17,6,3,9,30,790,16,,46.80882,-0.00532,Plein jour,Hors agglomération,Autre intersection,Normale,Deux véhicules - côté,,,,,,,,,,,1,1,9,1.0,3.0
201700019891,0017-07-27 15:15:00,17,7,27,15,15,790,135,"LD ""LA JALOUSIE""",46.69772,-0.19941,Plein jour,Hors agglomération,Hors intersection,Normale,Autre collision,,,,,,,,,,,1,1,1,1.0,6.0
201700019892,0017-08-13 20:45:00,17,8,13,20,45,790,326,ROUTE DE PUYSAN,46.69551,-0.03917,Crépuscule ou aube,Hors agglomération,Intersection en Y,Normale,Autre collision,,,,,,,,,,,2,1,4,1.0,6.0
201700019893,0017-09-01 17:45:00,17,9,1,17,45,790,5,RUE DE LA FONTAINE,46.85467,-0.16866,Plein jour,Hors agglomération,Hors intersection,Normale,Autre collision,,,,,,,,,,,1,1,1,1.0,6.0
201700019894,0017-10-06 19:00:00,17,10,6,19,0,790,135,,46.74309,-0.1381,Plein jour,Hors agglomération,Autre intersection,Normale,Sans collision,,,,,,,,,,,1,1,9,1.0,7.0
201700019895,0017-10-31 15:30:00,17,10,31,15,30,790,208,"LD ""LA PETITE FOYE""",46.65186,-0.16239,Plein jour,Hors agglomération,Intersection en T,Normale,Deux véhicules - frontale,,,,,,,,,,,1,1,3,1.0,1.0
201700019896,0017-10-31 10:15:00,17,10,31,10,15,790,5,ROUTE DE POITIERS,46.82423,-0.12303,Plein jour,Hors agglomération,Intersection à plus de 4 branches,Normale,Deux véhicules - côté,,,,,,,,,,,1,1,5,1.0,3.0
201700019897,0017-01-18 12:30:00,17,1,18,12,30,790,7,,46.58779,-0.36293,Plein jour,Hors agglomération,Hors intersection,Autre,Deux véhicules - frontale,,,,,,,,,,,1,1,1,9.0,1.0
201700019898,0017-02-01 17:55:00,17,2,1,17,55,790,147,"LD ""MLN DE CHATEAUNEUF""",46.69861,-0.52379,Crépuscule ou aube,Hors agglomération,Hors intersection,Temps couvert,Deux véhicules - frontale,,,,,,,,,,,2,1,1,8.0,1.0
201700019899,0017-02-12 10:05:00,17,2,12,10,5,790,239,"LD ""LA BELINIERE""",46.64694,-0.37598,Plein jour,Hors agglomération,Hors intersection,Temps couvert,Autre collision,,,,,,,,,,,1,1,1,8.0,6.0
201700019900,0017-03-13 09:45:00,17,3,13,9,45,790,311,"LD ""LE PALAIS""",46.62106,-0.4661,Plein jour,Hors agglomération,Hors intersection,Temps couvert,Deux véhicules - frontale,,,,,,,,,,,1,1,1,8.0,1.0
201700019901,0017-04-09 06:45:00,17,4,9,6,45,790,342,"LD ""LA REMONDIERE""",46.64144,-0.5434,Crépuscule ou aube,Hors agglomération,Hors intersection,Normale,Autre collision,,,,,,,,,,,2,1,1,1.0,6.0
201700019902,0017-04-10 06:10:00,17,4,10,6,10,790,76,CH DU PAS DE LA VIERGE,46.73624,-0.4695,Nuit sans éclairage public,Hors agglomération,Hors intersection,Normale,Autre collision,,,,,,,,,,,3,1,1,1.0,6.0
201700019903,0017-04-29 18:30:00,17,4,29,18,30,790,311,C LA MAISON FORETIERE,46.58629,-0.4422,Plein jour,Hors agglomération,Intersection en X,Normale,Deux véhicules - côté,,,,,,,,,,,1,1,2,1.0,3.0
201700019904,0017-06-01 07:45:00,17,6,1,7,45,790,69,CHEMIN DE LA PATERE,46.75599,-0.5412,Plein jour,Hors agglomération,Intersection en Y,Normale,Deux véhicules - côté,,,,,,,,,,,1,1,4,1.0,3.0
201700019905,0017-07-02 04:09:00,17,7,2,4,9,790,179,,46.71641,-0.57245,Nuit sans éclairage public,Hors agglomération,Hors intersection,Normale,Autre collision,,,,,,,,,,,3,1,1,1.0,6.0
201700019906,0017-07-17 15:20:00,17,7,17,15,20,790,311,LA CREPELIERE,46.59789,-0.46386,Plein jour,Hors agglomération,Hors intersection,Normale,Autre collision,,,,,,,,,,,1,1,1,1.0,6.0
201700019907,0017-10-03 15:15:00,17,10,3,15,15,790,179,14 AVENUE DE PARIS,46.72544,-0.5875,Plein jour,En agglomération,Hors intersection,Normale,Autre collision,,,,,,,,,,,1,2,1,1.0,6.0
201700019908,0017-11-11 21:00:00,17,11,11,21,0,790,94,"LD ""LE PEU""",46.72896,-0.39856,Nuit sans éclairage public,Hors agglomération,Intersection en T,Normale,Autre collision,,,,,,,,,,,3,1,3,1.0,6.0
201700019909,0017-12-23 14:00:00,17,12,23,14,0,790,286,,46.64326,-0.62446,Plein jour,Hors agglomération,Hors intersection,Temps couvert,Autre collision,,,,,,,,,,,1,1,1,8.0,6.0
201700019910,0017-12-28 21:30:00,17,12,28,21,30,790,311,,46.61938,-0.4601,Nuit sans éclairage public,Hors agglomération,Hors intersection,Pluie légère,Deux véhicules - frontale,,,,,,,,,,,3,1,1,2.0,1.0
201700019911,0017-01-26 10:35:00,17,1,26,10,35,760,123,route d'isneauville,49.53138,1.1301,Plein jour,Hors agglomération,Hors intersection,Autre,Deux véhicules - frontale,,,,,,,,,,,1,1,1,9.0,1.0
201700019912,0017-03-28 17:15:00,17,3,28,17,15,760,452,Rue André Martin,49.54133,1.06888,Plein jour,En agglomération,Intersection en T,Normale,Sans collision,,,,,,,,,,,1,2,3,1.0,7.0