accident_id,datetime,annee,mois,jour,heure,minute,departement,commune_insee,adresse,latitude,longitude,luminosite,agglomeration,intersection,meteo,collision,nb_vehicules,nb_usagers,nb_indemnes,nb_tues,nb_blesses_hosp,nb_blesses_legers,age_cond_1,age_cond_2,veh_type_cond_1,veh_type_cond_2,lum_code,agg_code,int_code,atm_code,col_code
201700019913,0017-06-27 07:15:00,17,6,27,7,15,760,271,RD 151,49.55359,1.15267,Plein jour,Hors agglomération,Hors intersection,Normale,Deux véhicules - côté,,,,,,,,,,,1,1,1,1.0,3.0
201700019914,0017-08-22 21:55:00,17,8,22,21,55,760,517,route de neufchatel,49.53472,1.21166,Nuit sans éclairage public,Hors agglomération,Hors intersection,Normale,Deux véhicules - côté,,,,,,,,,,,3,1,1,1.0,3.0
201700019915,0017-10-17 15:30:00,17,10,17,15,30,760,152,15 R COTE JONCS MARINS,49.57688,1.23362,Plein jour,En agglomération,Hors intersection,Normale,Autre collision,,,,,,,,,,,1,2,1,1.0,6.0
201700019916,0017-11-03 18:55:00,17,11,3,18,55,760,517,974 rt de dieppe,49.52177,1.14155,Nuit sans éclairage public,Hors agglomération,Intersection en X,Normale,Deux véhicules - côté,,,,,,,,,,,3,1,2,1.0,3.0
201700019917,0017-12-05 00:40:00,17,12,5,0,40,760,367,D 121,49.50014,1.09068,Nuit sans éclairage public,Hors agglomération,Hors intersection,Normale,Sans collision,,,,,,,,,,,3,1,1,1.0,7.0
201700019918,0017-07-20 09:30:00,17,7,20,9,30,760,127,intersection RD 919 - ru,49.58833,1.38906,Plein jour,Hors agglomération,Intersection en T,Pluie légère,Deux véhicules - frontale,,,,,,,,,,,1,1,3,2.0,1.0
201700019919,0017-09-21 08:53:00,17,9,21,8,53,760,230,d293 pk4,49.4824,1.38291,Plein jour,Hors agglomération,Hors intersection,Normale,Sans collision,,,,,,,,,,,1,1,1,1.0,7.0
201700019920,0017-09-30 20:10:00,17,9,30,20,10,760,591,1301 route de gournay,49.44189,1.18753,Nuit sans éclairage public,Hors agglomération,Hors intersection,Normale,Autre collision,,,,,,,,,,,3,1,1,1.0,6.0
201700019921,0017-12-29 08:10:00,17,12,29,8,10,760,573,D13 Route des Maquis,49.47285,1.36016,Nuit sans éclairage public,Hors agglomération,Hors intersection,Pluie légère,Autre collision,,,,,,,,,,,3,1,1,2.0,6.0
201700019922,0017-01-21 15:00:00,17,1,21,15,0,760,492,RD 54 PK 3 + 100,49.86768,1.00097,Plein jour,Hors agglomération,Hors intersection,Normale,Sans collision,,,,,,,,,,,1,1,1,1.0,7.0
201700019923,0017-02-13 17:15:00,17,2,13,17,15,760,482,RD 55 - PK 33+300,49.8598,1.04288,Plein jour,Hors agglomération,Hors intersection,Temps éblouissant,Deux véhicules - arrière,,,,,,,,,,,1,1,1,7.0,2.0
201700019924,0017-04-29 15:25:00,17,4,29,15,25,760,482,1314 rue jean jaurès,49.86992,1.02238,Plein jour,En agglomération,Hors intersection,Normale,Deux véhicules - côté,,,,,,,,,,,1,2,1,1.0,3.0
201700019925,0017-05-28 04:35:00,17,5,28,4,35,760,47,RD 55,49.74186,0.93168,Nuit sans éclairage public,En agglomération,Hors intersection,Normale,Autre collision,,,,,,,,,,,3,2,1,1.0,6.0
201700019926,0017-06-18 19:00:00,17,6,18,19,0,760,133,route de dieppe,49.87212,0.92342,Plein jour,Hors agglomération,Intersection en X,Normale,Deux véhicules - côté,,,,,,,,,,,1,1,2,1.0,3.0
201700019927,0017-06-26 16:10:00,17,6,26,16,10,760,400,53 rue des alliés,49.82729,0.91938,Plein jour,En agglomération,Intersection en X,Normale,Deux véhicules - frontale,,,,,,,,,,,1,2,2,1.0,1.0
201700019928,0017-07-07 01:50:00,17,7,7,1,50,760,133,rd 925,49.86711,0.89144,Nuit sans éclairage public,Hors agglomération,Hors intersection,Normale,Autre collision,,,,,,,,,,,3,1,1,1.0,6.0
201700019929,0017-12-05 14:12:00,17,12,5,14,12,760,570,RD 149,49.78302,1.1089,Plein jour,Hors agglomération,Hors intersection,Normale,Sans collision,,,,,,,,,,,1,1,1,1.0,7.0
201700019930,0017-12-17 15:15:00,17,12,17,15,15,760,458,RD 22 - route d'annival,49.75634,1.20963,Plein jour,Hors agglomération,Hors intersection,Temps couvert,Sans collision,,,,,,,,,,,1,1,1,8.0,7.0
201700019931,0017-12-23 02:10:00,17,12,23,2,10,760,51,1 PL DU GRAL DE GAULLE,49.78616,0.99683,Nuit avec éclairage non allumé,En agglomération,Hors intersection,Pluie légère,Autre collision,,,,,,,,,,,4,2,1,2.0,6.0
201700019932,0017-02-04 06:10:00,17,2,4,6,10,760,574,D22 - PK 34,49.69321,1.06032,Nuit sans éclairage public,Hors agglomération,Hors intersection,Pluie forte,Autre collision,,,,,,,,,,,3,1,1,3.0,6.0
201700019933,0017-06-02 16:00:00,17,6,2,16,0,760,621,Intersection RD 928 - RD,49.62234,1.29716,Plein jour,Hors agglomération,Intersection en X,Temps couvert,Deux véhicules - côté,,,,,,,,,,,1,1,2,8.0,3.0
201700019934,0017-07-04 15:15:00,17,7,4,15,15,760,648,RD 98,49.67141,1.24899,Plein jour,Hors agglomération,Hors intersection,Normale,Autre collision,,,,,,,,,,,1,1,1,1.0,6.0
201700019935,0017-07-30 20:45:00,17,7,30,20,45,760,63,intersection D50 et D927,49.73927,1.0474,Plein jour,Hors agglomération,Intersection en X,Normale,Deux véhicules - côté,,,,,,,,,,,1,1,2,1.0,3.0
201700019936,0017-08-27 05:00:00,17,8,27,5,0,760,621,D41 PK 00+500,49.63606,1.31108,Nuit sans éclairage public,Hors agglomération,Hors intersection,Normale,Sans collision,,,,,,,,,,,3,1,1,1.0,7.0
201700019937,0017-09-23 12:27:00,17,9,23,12,27,760,188,270 ROUTE DU BOIS DE LA,49.63259,1.21561,Plein jour,En agglomération,Hors intersection,Normale,Sans collision,,,,,,,,,,,1,2,1,1.0,7.0
201700019938,0017-11-28 17:50:00,17,11,28,17,50,760,723,RD 22 CHEMIN DE MOSCOU,49.69404,1.06308,Nuit sans éclairage public,Hors agglomération,Hors intersection,Pluie légère,Autre collision,,,,,,,,,,,3,1,1,2.0,6.0
201700019939,0017-01-01 18:15:00,17,1,1,18,15,760,470,D50,49.68087,0.59673,Nuit sans éclairage public,Hors agglomération,Hors intersection,Autre,Deux véhicules - frontale,,,,,,,,,,,3,1,1,9.0,1.0
201700019940,0017-01-14 09:15:00,17,1,14,9,15,760,2,,49.60109,0.62108,Plein jour,Hors agglomération,Hors intersection,Normale,Deux véhicules - côté,,,,,,,,,,,1,1,1,1.0,3.0
201700019941,0017-05-25 19:15:00,17,5,25,19,15,760,715,71 ROUTE DU GRANDCAMP,49.57281,0.60016,Plein jour,En agglomération,Intersection en X,Normale,Deux véhicules - côté,,,,,,,,,,,1,2,2,1.0,3.0
201700019942,0017-06-06 16:30:00,17,6,6,16,30,760,281,D484,49.5249,0.58194,Plein jour,Hors agglomération,Intersection en X,Vent fort / tempête,Deux véhicules - côté,,,,,,,,,,,1,1,2,6.0,3.0
201700019943,0017-06-18 20:00:00,17,6,18,20,0,760,525,11 rue du carreau,49.63831,0.6095,Plein jour,En agglomération,Hors intersection,Normale,Deux véhicules - côté,,,,,,,,,,,1,2,1,1.0,3.0
201700019944,0017-07-30 18:00:00,17,7,30,18,0,760,80,D 926,49.63004,0.6403,Plein jour,Hors agglomération,Hors intersection,Normale,Trois véhicules et plus - collisions multiples,,,,,,,,,,,1,1,1,1.0,5.0
201700019945,0017-03-21 14:10:00,17,3,21,14,10,760,606,D920 PK 2+400,49.77309,1.70874,Plein jour,Hors agglomération,Hors intersection,Normale,Deux véhicules - arrière,,,,,,,,,,,1,1,1,1.0,2.0
201700019946,0017-04-01 21:30:00,17,4,1,21,30,760,598,D920,49.83769,1.59423,Nuit sans éclairage public,Hors agglomération,Hors intersection,Pluie légère,Sans collision,,,,,,,,,,,3,1,1,2.0,7.0
201700019947,0017-04-06 12:30:00,17,4,6,12,30,760,523,27 rue principale,49.82348,1.58947,Plein jour,En agglomération,Hors intersection,Normale,Deux véhicules - côté,,,,,,,,,,,1,2,1,1.0,3.0
201700019948,0017-06-13 15:05:00,17,6,13,15,5,760,598,Cd 920,49.82497,1.61978,Plein jour,Hors agglomération,Hors intersection,Normale,Deux véhicules - côté,,,,,,,,,,,1,1,1,1.0,3.0
201700019949,0017-08-02 00:20:00,17,8,2,0,20,760,344,Rd 9 Pk 22+176,49.53745,1.49249,Nuit sans éclairage public,Hors agglomération,Hors intersection,Normale,Deux véhicules - côté,,,,,,,,,,,3,1,1,1.0,3.0
201700019950,0017-08-10 16:10:00,17,8,10,16,10,760,35,D920,49.7601,1.73329,Plein jour,Hors agglomération,Intersection en T,Normale,Deux véhicules - côté,,,,,,,,,,,1,1,3,1.0,3.0
201700019951,0017-08-10 12:10:00,17,8,10,12,10,760,101,rue des étangs,49.9303,1.63841,Plein jour,En agglomération,Intersection en T,Normale,Deux véhicules - côté,,,,,,,,,,,1,2,3,1.0,3.0
201700019952,0017-08-27 05:20:00,17,8,27,5,20,760,527,90 rue centrale,49.81147,1.64294,Nuit avec éclairage allumé,En agglomération,Intersection en T,Normale,Autre collision,,,,,,,,,,,5,2,3,1.0,6.0
201700019953,0017-01-07 06:00:00,17,1,7,6,0,760,208,,49.51263,1.66016,Nuit sans éclairage public,Hors agglomération,Hors intersection,Autre,Autre collision,,,,,,,,,,,3,1,1,9.0,6.0
201700019954,0017-07-22 23:45:00,17,7,22,23,45,760,260,route de Beauvais,49.47893,1.73993,Nuit avec éclairage allumé,En agglomération,Hors intersection,Normale,Autre collision,,,,,,,,,,,5,2,1,1.0,6.0
201700019955,0017-09-23 14:10:00,17,9,23,14,10,760,263,Route Nationale 31,49.46353,1.47265,Plein jour,Hors agglomération,Intersection en X,Normale,Deux véhicules - côté,,,,,,,,,,,1,1,2,1.0,3.0
201700019956,0017-11-19 08:30:00,17,11,19,8,30,760,142,CD 915,49.51705,1.65342,Nuit sans éclairage public,Hors agglomération,Hors intersection,Brouillard / fumée,Autre collision,,,,,,,,,,,3,1,1,5.0,6.0
201700019957,0017-12-04 07:30:00,17,12,4,7,30,760,48,"RN 31, PK 43+500",49.47282,1.67578,Crépuscule ou aube,Hors agglomération,Hors intersection,Brouillard / fumée,Trois véhicules et plus - collisions multiples,,,,,,,,,,,2,1,1,5.0,5.0
201700019958,0017-02-22 18:00:00,17,2,22,18,0,760,594,RTE DU HAVRE,49.50812,0.99964,Crépuscule ou aube,Hors agglomération,Intersection en T,Pluie légère,Trois véhicules et plus - en chaîne,,,,,,,,,,,2,1,3,2.0,4.0
201700019959,0017-03-11 11:50:00,17,3,11,11,50,760,728,153 Rue de l'ORME,49.48766,0.98511,Plein jour,Hors agglomération,Hors intersection,Normale,Autre collision,,,,,,,,,,,1,1,1,1.0,6.0
201700019960,0017-03-20 05:30:00,17,3,20,5,30,760,709,510 rue du Maréchal Foch,49.47181,0.81547,Nuit sans éclairage public,En agglomération,Hors intersection,Normale,Autre collision,,,,,,,,,,,3,2,1,1.0,6.0
201700019961,0017-03-15 16:30:00,17,3,15,16,30,760,503,intersection D47 - D104,49.54002,1.00905,Plein jour,Hors agglomération,Intersection en X,Normale,Deux véhicules - côté,,,,,,,,,,,1,1,2,1.0,3.0
201700019962,0017-04-21 08:40:00,17,4,21,8,40,760,378,65 rue Guillaume le Conq,49.43213,0.81803,Plein jour,En agglomération,Hors intersection,Normale,Autre collision,,,,,,,,,,,1,2,1,1.0,6.0
201700019963,0017-05-28 09:45:00,17,5,28,9,45,760,594,6 ROUTE DU HAVRE,49.49862,1.00837,Plein jour,Hors agglomération,Hors intersection,Normale,Sans collision,,,,,,,,,,,1,1,1,1.0,7.0
201700019964,0017-06-11 21:10:00,17,6,11,21,10,760,378,1401 RT DU MESNIL,49.41791,0.82882,Crépuscule ou aube,En agglomération,Hors intersection,Pluie légère,Autre collision,,,,,,,,,,,2,2,1,2.0,6.0
201700019965,0017-06-20 17:15:00,17,6,20,17,15,760,354,76 de la pierre moulee,49.47404,0.95075,Plein jour,Hors agglomération,Hors intersection,Normale,Sans collision,,,,,,,,,,,1,1,1,1.0,7.0
201700019966,0017-08-26 13:45:00,17,8,26,13,45,760,728,1214 route de duclair,49.48194,0.99411,Plein jour,Hors agglomération,Hors intersection,Normale,Trois véhicules et plus - collisions multiples,,,,,,,,,,,1,1,1,1.0,5.0
201700019967,0017-08-26 05:45:00,17,8,26,5,45,760,222,586 route du cat rouge,49.4922,0.85156,Nuit sans éclairage public,En agglomération,Hors intersection,Normale,Autre collision,,,,,,,,,,,3,2,1,1.0,6.0
201700019968,0017-09-16 04:15:00,17,9,16,4,15,760,222,CD143,49.49626,0.89466,Nuit sans éclairage public,Hors agglomération,Hors intersection,Pluie légère,Autre collision,,,,,,,,,,,3,1,1,2.0,6.0
201700019969,0017-09-16 02:45:00,17,9,16,2,45,760,222,aV du président  COTY,49.48082,0.87455,Nuit avec éclairage allumé,En agglomération,Hors intersection,Normale,Autre collision,,,,,,,,,,,5,2,1,1.0,6.0
201700019970,0017-11-08 17:20:00,17,11,8,17,20,760,222,350 QU DE LA LIBERATION,49.48089,0.87477,Nuit avec éclairage allumé,En agglomération,Hors intersection,Pluie légère,Autre collision,,,,,,,,,,,5,2,1,2.0,6.0
201700019971,0017-11-18 11:00:00,17,11,18,11,0,760,222,440 Rue paul Claudel,49.48858,0.88402,Plein jour,En agglomération,Intersection en X,Normale,Deux véhicules - côté,,,,,,,,,,,1,2,2,1.0,3.0
201700019972,0017-12-11 18:40:00,17,12,11,18,40,760,709,rue du Maréchal Foch,49.48087,0.80933,Nuit avec éclairage allumé,En agglomération,Hors intersection,Pluie légère,Autre collision,,,,,,,,,,,5,2,1,2.0,6.0
201700019973,0017-06-16 22:50:00,17,6,16,22,50,760,129,68 ROUTE DE VEULES,49.72699,0.8842,Nuit sans éclairage public,En agglomération,Intersection en X,Normale,Autre collision,,,,,,,,,,,3,2,2,1.0,6.0
201700019974,0017-07-18 18:05:00,17,7,18,18,5,760,668,1273 rt veules les roses,49.64166,0.91057,Plein jour,Hors agglomération,Hors intersection,Normale,Autre collision,,,,,,,,,,,1,1,1,1.0,6.0
201700019975,0017-09-19 19:00:00,17,9,19,19,0,760,355,RD 131 PR 14+600,49.69575,0.70399,Plein jour,Hors agglomération,Hors intersection,Normale,Deux véhicules - frontale,,,,,,,,,,,1,1,1,1.0,1.0
201700019976,0017-09-21 17:25:00,17,9,21,17,25,760,23,route de la plaine de ca,49.7026,0.74258,Plein jour,En agglomération,Hors intersection,Normale,Deux véhicules - frontale,,,,,,,,,,,1,2,1,1.0,1.0
201700019977,0017-09-27 05:19:00,17,9,27,5,19,760,77,CD 89,49.75914,0.83878,Nuit sans éclairage public,Hors agglomération,Intersection en X,Normale,Deux véhicules - côté,,,,,,,,,,,3,1,2,1.0,3.0
201700019978,0017-10-20 11:00:00,17,10,20,11,0,760,737,CD 142,49.68921,0.91268,Plein jour,Hors agglomération,Hors intersection,Temps couvert,Trois véhicules et plus - collisions multiples,,,,,,,,,,,1,1,1,8.0,5.0
201700019979,0017-11-03 17:45:00,17,11,3,17,45,760,219,RD 20,49.70975,0.79916,Nuit sans éclairage public,Hors agglomération,Intersection en X,Normale,Trois véhicules et plus - collisions multiples,,,,,,,,,,,3,1,2,1.0,5.0
201700019980,0017-01-05 18:00:00,17,1,5,18,0,760,196,RTE DE GODERVILLE,49.64466,0.27576,Nuit sans éclairage public,Hors agglomération,Hors intersection,Normale,Autre collision,,,,,,,,,,,3,1,1,1.0,6.0
201700019981,0017-02-03 19:30:00,17,2,3,19,30,760,14,rue du pays de caux,49.5918,0.30393,Nuit sans éclairage public,Hors agglomération,Intersection en X,Pluie légère,Deux véhicules - côté,,,,,,,,,,,3,1,2,2.0,3.0
201700019982,0017-02-07 15:17:00,17,2,7,15,17,760,33,280 rue de la vierge,49.68095,0.36151,Plein jour,Hors agglomération,Intersection en X,Normale,Trois véhicules et plus - collisions multiples,,,,,,,,,,,1,1,2,1.0,5.0
201700019983,0017-02-10 16:50:00,17,2,10,16,50,760,595,RD 111 E,49.65142,0.16642,Crépuscule ou aube,Hors agglomération,Hors intersection,Normale,Autre collision,,,,,,,,,,,2,1,1,1.0,6.0
201700019984,0017-04-30 21:00:00,17,4,30,21,0,760,254,RUE ADOLPHE BOISAYE,49.70838,0.20285,Crépuscule ou aube,En agglomération,Hors intersection,Normale,Autre collision,,,,,,,,,,,2,2,1,1.0,6.0
201700019985,0017-05-11 10:15:00,17,5,11,10,15,760,196,route de Vergetot,49.63243,0.27065,Plein jour,Hors agglomération,Hors intersection,Normale,Autre collision,,,,,,,,,,,1,1,1,1.0,6.0
201700019986,0017-05-30 11:35:00,17,5,30,11,35,760,615,ROUTE DE LA MARGUERITE,49.60095,0.20242,Plein jour,En agglomération,Hors intersection,Normale,Autre collision,,,,,,,,,,,1,2,1,1.0,6.0
201700019987,0017-07-02 07:50:00,17,7,2,7,50,760,595,D940,49.63967,0.18664,Plein jour,Hors agglomération,Hors intersection,Pluie légère,Deux véhicules - frontale,,,,,,,,,,,1,1,1,2.0,1.0
201700019988,0017-07-11 17:15:00,17,7,11,17,15,760,361,CD 940,49.61994,0.16236,Plein jour,Hors agglomération,Intersection en X,Normale,Trois véhicules et plus - collisions multiples,,,,,,,,,,,1,1,2,1.0,5.0
201700019989,0017-08-22 15:50:00,17,8,22,15,50,760,595,10 ROUTE DES PINS,49.64358,0.18508,Plein jour,Hors agglomération,Intersection en X,Normale,Deux véhicules - côté,,,,,,,,,,,1,1,2,1.0,3.0
201700019990,0017-08-07 19:15:00,17,8,7,19,15,760,21,D10,49.67618,0.43827,Plein jour,Hors agglomération,Intersection en X,Normale,Deux véhicules - côté,,,,,,,,,,,1,1,2,1.0,3.0
201700019991,0017-12-16 21:50:00,17,12,16,21,50,760,390,881 rue d'écosse,49.69981,0.27883,Nuit sans éclairage public,Hors agglomération,Hors intersection,Pluie légère,Deux véhicules - côté,,,,,,,,,,,3,1,1,2.0,3.0
201700019992,0017-08-02 17:00:00,17,8,2,17,0,760,504,CD20 intersection CD70,49.80789,0.75317,Plein jour,Hors agglomération,Intersection en X,Temps couvert,Deux véhicules - côté,,,,,,,,,,,1,1,2,8.0,3.0
201700019993,0017-08-17 02:45:00,17,8,17,2,45,760,646,D925,49.81976,0.67197,Nuit sans éclairage public,Hors agglomération,Hors intersection,Normale,Sans collision,,,,,,,,,,,3,1,1,1.0,7.0
201700019994,0017-09-16 18:13:00,17,9,16,18,13,760,140,intersection CD 142 / CD,49.78485,0.86943,Plein jour,Hors agglomération,Intersection en X,Temps éblouissant,Deux véhicules - côté,,,,,,,,,,,1,1,2,7.0,3.0
201700019995,0017-09-18 04:45:00,17,9,18,4,45,760,159,Rue du général de Gaulle,49.78661,0.63281,Nuit avec éclairage allumé,En agglomération,Intersection en X,Pluie légère,Deux véhicules - côté,,,,,,,,,,,5,2,2,2.0,3.0
201700019996,0017-09-26 13:30:00,17,9,26,13,30,760,159,D10,49.77069,0.60808,Plein jour,Hors agglomération,Intersection en X,Normale,Deux véhicules - côté,,,,,,,,,,,1,1,2,1.0,3.0
201700019997,0017-02-16 10:25:00,17,2,16,10,25,760,587,,49.77472,0.44484,Plein jour,Hors agglomération,Intersection en X,Normale,Deux véhicules - côté,,,,,,,,,,,1,1,2,1.0,3.0
201700019998,0017-03-02 15:45:00,17,3,2,15,45,760,240,RTE DU HAVRE - C10,49.69964,0.36379,Plein jour,Hors agglomération,Intersection en T,Normale,Deux véhicules - côté,,,,,,,,,,,1,1,3,1.0,3.0
201700019999,0017-05-09 20:20:00,17,5,9,20,20,760,686,5 rue des Saules,49.75761,0.55377,Plein jour,Hors agglomération,Hors intersection,Normale,Autre collision,,,,,,,,,,,1,1,1,1.0,6.0
201700020000,0017-05-22 14:20:00,17,5,22,14,20,760,13,Intersection RD 17 et RD,49.77852,0.52349,Plein jour,Hors agglomération,Intersection en X,Normale,Deux véhicules - côté,,,,,,,,,,,1,1,2,1.0,3.0
201700020001,0017-05-26 23:55:00,17,5,26,23,55,760,13,515 RD 925,49.77871,0.51926,Nuit sans éclairage public,Hors agglomération,Intersection en X,Normale,Trois véhicules et plus - collisions multiples,,,,,,,,,,,3,1,2,1.0,5.0
201700020002,0017-06-02 14:50:00,17,6,2,14,50,760,706,RD 73 rue Justin Simon,49.70399,0.40443,Plein jour,Hors agglomération,Hors intersection,Temps couvert,Deux véhicules - frontale,,,,,,,,,,,1,1,1,8.0,1.0
201700020003,0017-06-09 11:25:00,17,6,9,11,25,760,187,CD 926,49.72758,0.43685,Plein jour,Hors agglomération,Hors intersection,Normale,Deux véhicules - arrière,,,,,,,,,,,1,1,1,1.0,2.0
201700020004,0017-08-13 17:05:00,17,8,13,17,5,760,663,cote des petites dalles,49.80792,0.52896,Plein jour,Hors agglomération,Hors intersection,Normale,Sans collision,,,,,,,,,,,1,1,1,1.0,7.0
201700020005,0017-02-08 17:45:00,17,2,8,17,45,670,66,"149, rue du Général DE G",48.47146,7.21462,Nuit avec éclairage allumé,En agglomération,Autre intersection,Brouillard / fumée,Deux véhicules - côté,,,,,,,,,,,5,2,9,5.0,3.0
201700020006,0017-02-11 16:45:00,17,2,11,16,45,670,66,RD 1420,48.45182,7.19943,Plein jour,Hors agglomération,Hors intersection,Pluie forte,Deux véhicules - frontale,,,,,,,,,,,1,1,1,3.0,1.0
201700020007,0017-03-02 22:05:00,17,3,2,22,5,670,414,RD 1420,48.45712,7.20758,Nuit sans éclairage public,Hors agglomération,Hors intersection,Normale,Autre collision,,,,,,,,,,,3,1,1,1.0,6.0
201700020008,0017-04-20 12:55:00,17,4,20,12,55,670,500,RD 1420,48.52269,7.33502,Plein jour,Hors agglomération,Hors intersection,Normale,Deux véhicules - arrière,,,,,,,,,,,1,1,1,1.0,2.0
201700020009,0017-05-16 17:15:00,17,5,16,17,15,670,448,RD 1420,48.48142,7.22295,Plein jour,Hors agglomération,Hors intersection,Normale,Deux véhicules - frontale,,,,,,,,,,,1,1,1,1.0,1.0
201700020010,0017-05-21 15:15:00,17,5,21,15,15,670,26,D214,48.38602,7.25821,Plein jour,Hors agglomération,Hors intersection,Temps éblouissant,Deux véhicules - côté,,,,,,,,,,,1,1,1,7.0,3.0
201700020011,0017-05-31 17:30:00,17,5,31,17,30,670,66,2 vacquenoux,48.46027,7.17322,Plein jour,Hors agglomération,Hors intersection,Normale,Sans collision,,,,,,,,,,,1,1,1,1.0,7.0
201700020012,0017-06-05 10:30:00,17,6,5,10,30,670,384,RD 214,48.37364,7.19594,Plein jour,Hors agglomération,Hors intersection,Normale,Sans collision,,,,,,,,,,,1,1,1,1.0,7.0
201700020013,0017-07-26 12:50:00,17,7,26,12,50,670,66,Route Forestière de SALM,48.45653,7.17159,Plein jour,Hors agglomération,Hors intersection,Normale,Sans collision,,,,,,,,,,,1,1,1,1.0,7.0
201700020014,0017-08-04 21:00:00,17,8,4,21,0,670,513,route départemental D57,48.4123,7.21422,Nuit sans éclairage public,Hors agglomération,Hors intersection,Normale,Autre collision,,,,,,,,,,,3,1,1,1.0,6.0
201700020015,0017-08-10 15:35:00,17,8,10,15,35,670,436,RD 424 PR 6 +030 croissa,48.40421,7.1536,Plein jour,Hors agglomération,Hors intersection,Pluie légère,Sans collision,,,,,,,,,,,1,1,1,2.0,7.0
201700020016,0017-09-23 19:00:00,17,9,23,19,0,670,165,RD 392 - ROUTE DU DONON,48.4979,7.14648,Nuit sans éclairage public,Hors agglomération,Hors intersection,Normale,Autre collision,,,,,,,,,,,3,1,1,1.0,6.0
201700020017,0017-09-25 17:10:00,17,9,25,17,10,670,342,RD 75 ROUTE DE WASSELONN,48.56141,7.33838,Plein jour,Hors agglomération,Hors intersection,Normale,Deux véhicules - frontale,,,,,,,,,,,1,1,1,1.0,1.0
201700020018,0017-11-07 17:15:00,17,11,7,17,15,670,448,"D204, intersection entre",48.48252,7.23047,Nuit avec éclairage allumé,En agglomération,Hors intersection,Pluie légère,Autre collision,,,,,,,,,,,5,2,1,2.0,6.0
201700020019,0017-03-26 06:56:00,17,3,26,6,56,670,435,CD8,48.90961,7.08373,Crépuscule ou aube,Hors agglomération,Hors intersection,Normale,Autre collision,,,,,,,,,,,2,1,1,1.0,6.0
201700020020,0017-05-02 12:40:00,17,5,2,12,40,670,508,CD919,48.96772,7.13712,Plein jour,Hors agglomération,Hors intersection,Normale,Deux véhicules - frontale,,,,,,,,,,,1,1,1,1.0,1.0
201700020021,0017-07-09 12:30:00,17,7,9,12,30,670,435,D8 BISCHTROFF SUR SARRE,48.90961,7.08373,Plein jour,Hors agglomération,Hors intersection,Normale,Autre collision,,,,,,,,,,,1,1,1,1.0,6.0
201700020022,0017-07-30 12:10:00,17,7,30,12,10,670,435,D96 PR 5+700,48.90305,7.06534,Plein jour,Hors agglomération,Hors intersection,Normale,Autre collision,,,,,,,,,,,1,1,1,1.0,6.0
201700020023,0017-08-06 17:00:00,17,8,6,17,0,670,468,CD 919 PK 2 +600,49.05988,7.09257,Plein jour,Hors agglomération,Hors intersection,Normale,Deux véhicules - frontale,,,,,,,,,,,1,1,1,1.0,1.0
201700020024,0017-08-25 05:45:00,17,8,25,5,45,670,29,"Lieu-dit ""Wolsthof""",48.88947,7.13402,Crépuscule ou aube,Hors agglomération,Hors intersection,Normale,Deux véhicules - frontale,,,,,,,,,,,2,1,1,1.0,1.0
201700020025,0017-08-27 19:12:00,17,8,27,19,12,670,386,rue principale,48.8115,7.1085,Plein jour,En agglomération,Hors intersection,Normale,Deux véhicules - côté,,,,,,,,,,,1,2,1,1.0,3.0
201700020026,0017-08-16 15:30:00,17,8,16,15,30,670,191,RD38 PR 5+200,49.02568,7.09757,Plein jour,Hors agglomération,Hors intersection,Temps éblouissant,Sans collision,,,,,,,,,,,1,1,1,7.0,7.0
201700020027,0017-09-21 09:10:00,17,9,21,9,10,670,355,Route départementale 919,49.00485,7.10859,Plein jour,Hors agglomération,Hors intersection,Normale,Trois véhicules et plus - collisions multiples,,,,,,,,,,,1,1,1,1.0,5.0
201700020028,0017-09-28 19:15:00,17,9,28,19,15,670,95,rue des Tulipes,48.93903,7.19365,Nuit avec éclairage allumé,En agglomération,Hors intersection,Pluie légère,Deux véhicules - côté,,,,,,,,,,,5,2,1,2.0,3.0
201700020029,0017-10-15 17:00:00,17,10,15,17,0,670,355,rue de Herbitzheim,49.00073,7.12763,Plein jour,En agglomération,Hors intersection,Normale,Deux véhicules - arrière,,,,,,,,,,,1,2,1,1.0,2.0
201700020030,0017-10-23 07:50:00,17,10,23,7,50,670,522,intersection D 232 et ch,48.91895,7.25675,Crépuscule ou aube,Hors agglomération,Hors intersection,Normale,Autre collision,,,,,,,,,,,2,1,1,1.0,6.0
201700020031,0017-12-28 01:10:00,17,12,28,1,10,670,435,CD 8,48.92396,7.08856,Nuit sans éclairage public,Hors agglomération,Hors intersection,Neige / grêle,Autre collision,,,,,,,,,,,3,1,1,4.0,6.0
201700020032,0017-02-12 17:30:00,17,2,12,17,30,670,281,CD 608 PR 2,48.14766,7.56387,Crépuscule ou aube,Hors agglomération,Hors intersection,Normale,Deux véhicules - frontale,,,,,,,,,,,2,1,1,1.0,1.0