accident_id,datetime,annee,mois,jour,heure,minute,departement,commune_insee,adresse,latitude,longitude,luminosite,agglomeration,intersection,meteo,collision,nb_vehicules,nb_usagers,nb_indemnes,nb_tues,nb_blesses_hosp,nb_blesses_legers,age_cond_1,age_cond_2,veh_type_cond_1,veh_type_cond_2,lum_code,agg_code,int_code,atm_code,col_code
201700020033,0017-04-06 17:05:00,17,4,6,17,5,670,196,Rue Principale - Rue de,48.29046,7.56745,Plein jour,En agglomération,Hors intersection,Normale,Deux véhicules - frontale,,,,,,,,,,,1,2,1,1.0,1.0
201700020034,0017-05-10 13:18:00,17,5,10,13,18,670,281,Départementale 424 - PR,48.16141,7.56339,Plein jour,Hors agglomération,Hors intersection,Normale,Deux véhicules - frontale,,,,,,,,,,,1,1,1,1.0,1.0
201700020035,0017-06-09 16:15:00,17,6,9,16,15,670,187,RD424,48.20971,7.50786,Plein jour,Hors agglomération,Hors intersection,Normale,Trois véhicules et plus - collisions multiples,,,,,,,,,,,1,1,1,1.0,5.0
201700020036,0017-07-07 13:45:00,17,7,7,13,45,670,310,Lieu dit Le Schnellenbuh,48.21769,7.49985,Plein jour,Hors agglomération,Hors intersection,Normale,Deux véhicules - frontale,,,,,,,,,,,1,1,1,1.0,1.0
201700020037,0017-07-21 10:00:00,17,7,21,10,0,670,281,d 424 PR 46+800,48.16696,7.55455,Plein jour,Hors agglomération,Hors intersection,Normale,Deux véhicules - arrière,,,,,,,,,,,1,1,1,1.0,2.0
201700020038,0017-07-21 20:20:00,17,7,21,20,20,670,486,Cd 21 PR 14,48.24915,7.61423,Crépuscule ou aube,En agglomération,Hors intersection,Vent fort / tempête,Deux véhicules - frontale,,,,,,,,,,,2,2,1,6.0,1.0
201700020039,0017-08-07 17:35:00,17,8,7,17,35,670,547,croisement de la rue de,48.26666,7.59616,Plein jour,En agglomération,Giratoire,Normale,Deux véhicules - côté,,,,,,,,,,,1,2,6,1.0,3.0
201700020040,0017-09-02 21:30:00,17,9,2,21,30,670,277,Cd468,48.18375,7.55964,Nuit sans éclairage public,Hors agglomération,Hors intersection,Normale,Deux véhicules - frontale,,,,,,,,,,,3,1,1,1.0,1.0
201700020041,0017-10-01 12:00:00,17,10,1,12,0,670,11,Départementale 468 - PR,48.21127,7.58416,Plein jour,Hors agglomération,Hors intersection,Normale,Autre collision,,,,,,,,,,,1,1,1,1.0,6.0
201700020042,0017-01-30 07:30:00,17,1,30,7,30,670,261,"D3, route du Rhin",48.96218,8.19079,Plein jour,Hors agglomération,Hors intersection,Brouillard / fumée,Sans collision,,,,,,,,,,,1,1,1,5.0,7.0
201700020043,0017-03-30 17:15:00,17,3,30,17,15,670,463,route de Strasbourg,48.89416,8.10136,Plein jour,En agglomération,Giratoire,Normale,Sans collision,,,,,,,,,,,1,2,6,1.0,7.0
201700020044,0017-04-17 06:50:00,17,4,17,6,50,670,463,D 468,48.88673,8.09108,Crépuscule ou aube,Hors agglomération,Hors intersection,Pluie légère,Sans collision,,,,,,,,,,,2,1,1,2.0,7.0
201700020045,0017-07-16 18:45:00,17,7,16,18,45,670,330,4 rue de la haute vienne,48.9059,8.04824,Plein jour,En agglomération,Hors intersection,Normale,Sans collision,,,,,,,,,,,1,2,1,1.0,7.0
201700020046,0017-09-07 09:40:00,17,9,7,9,40,670,315,RD 468,48.95039,8.10507,Plein jour,Hors agglomération,Hors intersection,Normale,Autre collision,,,,,,,,,,,1,1,1,1.0,6.0
201700020047,0017-11-13 15:30:00,17,11,13,15,30,670,463,Autoroute A35 sens LAUTE,48.9036,8.09759,Plein jour,Hors agglomération,Hors intersection,Temps couvert,Deux véhicules - arrière,,,,,,,,,,,1,1,1,8.0,2.0
201700020048,0017-03-17 13:50:00,17,3,17,13,50,780,474,chemin de la cure,48.86076,1.63856,Plein jour,En agglomération,Hors intersection,Normale,Autre collision,,,,,,,,,,,1,2,1,1.0,6.0
201700020049,0017-04-22 08:55:00,17,4,22,8,55,780,234,D 928 - PK 9+500,48.93096,1.64185,Plein jour,Hors agglomération,Hors intersection,Brouillard / fumée,Deux véhicules - frontale,,,,,,,,,,,1,1,1,5.0,1.0
201700020050,0017-05-21 19:00:00,17,5,21,19,0,780,325,3 bis rue des rosiers,48.9122,1.78732,Plein jour,En agglomération,Hors intersection,Normale,Autre collision,,,,,,,,,,,1,2,1,1.0,6.0
201700020051,0017-06-03 19:50:00,17,6,3,19,50,780,591,Intersection CD 983 - RD,48.90002,1.67182,Crépuscule ou aube,Hors agglomération,Intersection en X,Normale,Deux véhicules - côté,,,,,,,,,,,2,1,2,1.0,3.0
201700020052,0017-07-04 08:25:00,17,7,4,8,25,780,31,05 route de houdan,48.96068,1.70839,Plein jour,En agglomération,Hors intersection,Normale,Deux véhicules - frontale,,,,,,,,,,,1,2,1,1.0,1.0
201700020053,0017-07-11 03:40:00,17,7,11,3,40,780,591,RD 983 ET ROUTE DE HOUDA,48.88745,1.67383,Nuit sans éclairage public,Hors agglomération,Autre intersection,Normale,Deux véhicules - côté,,,,,,,,,,,3,1,9,1.0,3.0
201700020054,0017-07-21 18:15:00,17,7,21,18,15,780,530,rue de boinvilliers,48.91703,1.67553,Plein jour,En agglomération,Hors intersection,Normale,Sans collision,,,,,,,,,,,1,2,1,1.0,7.0
201700020055,0017-08-13 12:00:00,17,8,13,12,0,780,300,Intersection D11/D65,48.88542,1.73616,Plein jour,Hors agglomération,Hors intersection,Normale,Autre collision,,,,,,,,,,,1,1,1,1.0,6.0
201700020056,0017-12-20 16:45:00,17,12,20,16,45,780,192,Départementale 11 - 30 r,48.90065,1.62354,Crépuscule ou aube,En agglomération,Hors intersection,Normale,Deux véhicules - frontale,,,,,,,,,,,2,2,1,1.0,1.0
201700020057,0017-02-06 21:45:00,17,2,6,21,45,770,20,route nationale 4,48.69261,3.19836,Nuit sans éclairage public,Hors agglomération,Hors intersection,Normale,Deux véhicules - frontale,,,,,,,,,,,3,1,1,1.0,1.0
201700020058,0017-02-05 13:00:00,17,2,5,13,0,770,239,ROUTE NATIONALE 4,48.68991,3.14227,Plein jour,Hors agglomération,Hors intersection,Normale,Sans collision,,,,,,,,,,,1,1,1,1.0,7.0
201700020059,0017-03-30 09:07:00,17,3,30,9,7,770,414,D204 X AL. HTES MEZIERES,48.61594,3.29346,Plein jour,Hors agglomération,Intersection en X,Normale,Deux véhicules - côté,,,,,,,,,,,1,1,2,1.0,3.0
201700020060,0017-04-15 15:30:00,17,4,15,15,30,770,239,D209 X D215,48.65748,3.10334,Plein jour,Hors agglomération,Intersection en X,Normale,Deux véhicules - côté,,,,,,,,,,,1,1,2,1.0,3.0
201700020061,0017-05-06 17:30:00,17,5,6,17,30,770,26,D403,48.60608,3.37779,Plein jour,Hors agglomération,Hors intersection,Pluie légère,Autre collision,,,,,,,,,,,1,1,1,2.0,6.0
201700020062,0017-06-14 23:25:00,17,6,14,23,25,770,239,Route nationale 4 - PK 0,48.69029,3.14842,Nuit sans éclairage public,Hors agglomération,Intersection en X,Normale,Deux véhicules - arrière,,,,,,,,,,,3,1,2,1.0,2.0
201700020063,0017-06-22 23:45:00,17,6,22,23,45,770,66,route nationale 4 PK 061,48.69158,3.36431,Nuit sans éclairage public,Hors agglomération,Hors intersection,Normale,Trois véhicules et plus - collisions multiples,,,,,,,,,,,3,1,1,1.0,5.0
201700020064,0017-06-30 12:00:00,17,6,30,12,0,770,109,D12-la croix de chenoise,48.61572,3.18827,Plein jour,Hors agglomération,Hors intersection,Pluie légère,Sans collision,,,,,,,,,,,1,1,1,2.0,7.0
201700020065,0017-07-13 06:40:00,17,7,13,6,40,770,239,Route Départementale 209,48.64337,3.10286,Crépuscule ou aube,Hors agglomération,Hors intersection,Normale,Autre collision,,,,,,,,,,,2,1,1,1.0,6.0
201700020066,0017-08-20 23:30:00,17,8,20,23,30,770,519,d403,48.63968,3.39883,Nuit sans éclairage public,Hors agglomération,Hors intersection,Normale,Autre collision,,,,,,,,,,,3,1,1,1.0,6.0
201700020067,0017-10-05 18:30:00,17,10,5,18,30,770,239,RD209 PK 15+034,48.65785,3.10389,Plein jour,Hors agglomération,Intersection en X,Pluie légère,Deux véhicules - côté,,,,,,,,,,,1,1,2,2.0,3.0
201700020068,0017-10-19 20:45:00,17,10,19,20,45,770,239,N4 X D215,48.69052,3.14881,Nuit sans éclairage public,Hors agglomération,Intersection en X,Normale,Sans collision,,,,,,,,,,,3,1,2,1.0,7.0
201700020069,0017-11-19 20:45:00,17,11,19,20,45,770,20,RN4,48.69242,3.19026,Nuit sans éclairage public,Hors agglomération,Hors intersection,Normale,Deux véhicules - arrière,,,,,,,,,,,3,1,1,1.0,2.0
201700020070,0017-11-25 07:30:00,17,11,25,7,30,770,36,RN4,48.69189,3.2166,Crépuscule ou aube,Hors agglomération,Hors intersection,Normale,Sans collision,,,,,,,,,,,2,1,1,1.0,7.0
201700020071,0017-12-17 10:05:00,17,12,17,10,5,770,20,RN4,48.69263,3.17571,Plein jour,Hors agglomération,Hors intersection,Pluie légère,Sans collision,,,,,,,,,,,1,1,1,2.0,7.0
201700020072,0017-02-23 18:50:00,17,2,23,18,50,770,289,RD 18,48.49759,3.38929,Nuit sans éclairage public,Hors agglomération,Intersection en X,Normale,Deux véhicules - côté,,,,,,,,,,,3,1,2,1.0,3.0
201700020073,0017-04-02 12:00:00,17,4,2,12,0,770,325,D412,48.43762,3.24204,Plein jour,Hors agglomération,Hors intersection,Normale,Deux véhicules - frontale,,,,,,,,,,,1,1,1,1.0,1.0
201700020074,0017-04-04 05:00:00,17,4,4,5,0,770,347,D403 - ROUTE DE PROVINS,48.48642,3.21051,Nuit sans éclairage public,Hors agglomération,Hors intersection,Normale,Deux véhicules - côté,,,,,,,,,,,3,1,1,1.0,3.0
201700020075,0017-05-16 12:20:00,17,5,16,12,20,770,456,D1,48.51898,3.30349,Plein jour,Hors agglomération,Hors intersection,Normale,Deux véhicules - côté,,,,,,,,,,,1,1,1,1.0,3.0
201700020076,0017-07-21 17:00:00,17,7,21,17,0,770,355,D403 X D209,48.48341,3.20148,Plein jour,Hors agglomération,Intersection en X,Normale,Deux véhicules - côté,,,,,,,,,,,1,1,2,1.0,3.0
201700020077,0017-08-01 15:45:00,17,8,1,15,45,770,76,Chemin du Moulin de Goua,48.49796,3.2415,Plein jour,Hors agglomération,Hors intersection,Normale,Sans collision,,,,,,,,,,,1,1,1,1.0,7.0
201700020078,0017-08-06 09:00:00,17,8,6,9,0,770,242,D209,48.49217,3.20954,Plein jour,Hors agglomération,Hors intersection,Normale,Deux véhicules - frontale,,,,,,,,,,,1,1,1,1.0,1.0
201700020079,0017-08-06 16:40:00,17,8,6,16,40,770,446,D403,48.51149,3.20363,Plein jour,Hors agglomération,Intersection en X,Normale,Deux véhicules - côté,,,,,,,,,,,1,1,2,1.0,3.0
201700020080,0017-09-27 16:00:00,17,9,27,16,0,770,286,route départementale D76,48.50413,3.10684,Plein jour,Hors agglomération,Hors intersection,Normale,Autre collision,,,,,,,,,,,1,1,1,1.0,6.0
201700020081,0017-10-08 15:30:00,17,10,8,15,30,770,507,D411,48.42584,3.30441,Plein jour,Hors agglomération,Hors intersection,Normale,Trois véhicules et plus - collisions multiples,,,,,,,,,,,1,1,1,1.0,5.0
201700020082,0017-10-25 19:00:00,17,10,25,19,0,770,509,D201 - VALJOUAN,48.50369,3.04406,Nuit avec éclairage allumé,En agglomération,Hors intersection,Normale,Autre collision,,,,,,,,,,,5,2,1,1.0,6.0
201700020083,0017-10-25 18:15:00,17,10,25,18,15,770,524,D 18,48.44909,3.17538,Plein jour,Hors agglomération,Hors intersection,Temps éblouissant,Deux véhicules - arrière,,,,,,,,,,,1,1,1,7.0,2.0
201700020084,0017-10-30 18:10:00,17,10,30,18,10,770,355,D403 -D 209,48.48701,3.21235,Crépuscule ou aube,Hors agglomération,Intersection en X,Normale,Deux véhicules - frontale,,,,,,,,,,,2,1,2,1.0,1.0
201700020085,0017-12-05 16:22:00,17,12,5,16,22,770,341,D411 PK 003+479,48.44631,3.35903,Plein jour,Hors agglomération,Intersection en X,Autre,Deux véhicules - côté,,,,,,,,,,,1,1,2,9.0,3.0
201700020086,0017-12-08 11:30:00,17,12,8,11,30,770,356,28 grande rue,48.42476,3.34849,Plein jour,En agglomération,Autre intersection,Normale,Autre collision,,,,,,,,,,,1,2,9,1.0,6.0
201700020087,0017-01-17 00:30:00,17,1,17,0,30,740,11,,45.91824,6.18718,Nuit sans éclairage public,Hors agglomération,Hors intersection,Normale,Autre collision,,,,,,,,,,,3,1,1,1.0,6.0
201700020088,0017-02-18 16:16:00,17,2,18,16,16,740,120,,46.02402,6.23477,Plein jour,Hors agglomération,Hors intersection,Normale,Deux véhicules - côté,,,,,,,,,,,1,1,1,1.0,3.0
201700020089,0017-05-09 14:00:00,17,5,9,14,0,740,11,1 rue des écoles,45.91079,6.14498,Plein jour,En agglomération,Hors intersection,Normale,Autre collision,,,,,,,,,,,1,2,1,1.0,6.0
201700020090,0017-05-24 12:00:00,17,5,24,12,0,740,11,17 Rue centrale,45.90708,6.15052,Plein jour,En agglomération,Intersection en T,Normale,Autre collision,,,,,,,,,,,1,2,3,1.0,6.0
201700020091,0017-06-01 19:01:00,17,6,1,19,1,740,137,lieu dit LE PLOT,46.00576,6.19186,Plein jour,Hors agglomération,Hors intersection,Normale,Trois véhicules et plus - collisions multiples,,,,,,,,,,,1,1,1,1.0,5.0
201700020092,0017-06-03 15:30:00,17,6,3,15,30,740,120,route de Cruseilles,46.05238,6.21694,Plein jour,Hors agglomération,Hors intersection,Normale,Sans collision,,,,,,,,,,,1,1,1,1.0,7.0
201700020093,0017-06-20 12:00:00,17,6,20,12,0,740,11,rue des cygnes,45.90843,6.1457,Plein jour,En agglomération,Intersection en X,Normale,Deux véhicules - frontale,,,,,,,,,,,1,2,2,1.0,1.0
201700020094,0017-07-06 12:10:00,17,7,6,12,10,740,120,RN 1203,46.02402,6.23477,Plein jour,Hors agglomération,Intersection en T,Normale,Sans collision,,,,,,,,,,,1,1,3,1.0,7.0
201700020095,0017-07-07 11:30:00,17,7,7,11,30,740,299,Avenue de ANNECY,45.89432,6.16784,Plein jour,En agglomération,Giratoire,Temps éblouissant,Autre collision,,,,,,,,,,,1,2,6,7.0,6.0
201700020096,0017-07-22 20:39:00,17,7,22,20,39,740,137,,46.00295,6.18722,Nuit sans éclairage public,Hors agglomération,Hors intersection,Pluie légère,Deux véhicules - frontale,,,,,,,,,,,3,1,1,2.0,1.0
201700020097,0017-07-23 06:20:00,17,7,23,6,20,740,245,,45.95828,6.13268,Crépuscule ou aube,Hors agglomération,Hors intersection,Pluie légère,Deux véhicules - frontale,,,,,,,,,,,2,1,1,2.0,1.0
201700020098,0017-07-26 20:50:00,17,7,26,20,50,740,303,route du Pont d'Onnex,45.93945,6.17024,Crépuscule ou aube,Hors agglomération,Hors intersection,Normale,Deux véhicules - côté,,,,,,,,,,,2,1,1,1.0,3.0
201700020099,0017-08-20 18:05:00,17,8,20,18,5,740,245,route de la résistance,45.96123,6.16551,Plein jour,En agglomération,Hors intersection,Normale,Trois véhicules et plus - collisions multiples,,,,,,,,,,,1,2,1,1.0,5.0
201700020100,0017-08-22 11:00:00,17,8,22,11,0,740,303,rue du pont d'onnex,45.94011,6.1701,Plein jour,Hors agglomération,Intersection en T,Normale,Deux véhicules - côté,,,,,,,,,,,1,1,3,1.0,3.0
201700020101,0017-08-25 17:25:00,17,8,25,17,25,740,11,rue de l'arc en ciel,45.92243,6.1517,Plein jour,En agglomération,Hors intersection,Normale,Autre collision,,,,,,,,,,,1,2,1,1.0,6.0
201700020102,0017-08-31 17:34:00,17,8,31,17,34,740,11,4 allée des platanes,45.9056,6.14682,Plein jour,En agglomération,Hors intersection,Pluie forte,Autre collision,,,,,,,,,,,1,2,1,3.0,6.0
201700020103,0017-09-08 09:30:00,17,9,8,9,30,740,11,11 rue des pommaries,45.91278,6.1414,Plein jour,En agglomération,Hors intersection,Normale,Deux véhicules - côté,,,,,,,,,,,1,2,1,1.0,3.0
201700020104,0017-09-10 01:00:00,17,9,10,1,0,740,22,,45.99174,6.24812,Nuit sans éclairage public,Hors agglomération,Hors intersection,Normale,Autre collision,,,,,,,,,,,3,1,1,1.0,6.0
201700020105,0017-10-13 19:35:00,17,10,13,19,35,740,120,,46.01863,6.21879,Nuit sans éclairage public,Hors agglomération,Hors intersection,Normale,Deux véhicules - frontale,,,,,,,,,,,3,1,1,1.0,1.0
201700020106,0017-11-01 16:45:00,17,11,1,16,45,740,11,route de thones,45.92216,6.16738,Plein jour,Hors agglomération,Hors intersection,Normale,Deux véhicules - frontale,,,,,,,,,,,1,1,1,1.0,1.0
201700020107,0017-11-21 16:15:00,17,11,21,16,15,740,282,150 Route Cheneviers,46.02115,6.30428,Crépuscule ou aube,En agglomération,Hors intersection,Temps éblouissant,Deux véhicules - frontale,,,,,,,,,,,2,2,1,7.0,1.0
201700020108,0017-01-07 12:45:00,17,1,7,12,45,740,242,route d'Albertville,45.82969,6.18514,Plein jour,En agglomération,Hors intersection,Normale,Deux véhicules - frontale,,,,,,,,,,,1,2,1,1.0,1.0
201700020109,0017-03-16 16:00:00,17,3,16,16,0,740,275,D909A,45.82141,6.22675,Plein jour,Hors agglomération,Hors intersection,Normale,Sans collision,,,,,,,,,,,1,1,1,1.0,7.0
201700020110,0017-04-09 17:10:00,17,4,9,17,10,740,267,route d'albertville,45.84344,6.15087,Plein jour,Hors agglomération,Hors intersection,Normale,Deux véhicules - côté,,,,,,,,,,,1,1,1,1.0,3.0
201700020111,0017-05-07 18:55:00,17,5,7,18,55,740,104,,45.79106,6.21583,Plein jour,Hors agglomération,Hors intersection,Normale,Deux véhicules - côté,,,,,,,,,,,1,1,1,1.0,3.0
201700020112,0017-06-03 16:45:00,17,6,3,16,45,740,187,CHEMIN RURAL PRE VEREL,45.81886,6.26119,Plein jour,Hors agglomération,Hors intersection,Pluie légère,Sans collision,,,,,,,,,,,1,1,1,2.0,7.0
201700020113,0017-06-10 15:55:00,17,6,10,15,55,740,275,Intersection rue de l'ég,45.83697,6.21692,Plein jour,En agglomération,Giratoire,Normale,Deux véhicules - côté,,,,,,,,,,,1,2,6,1.0,3.0
201700020114,0017-06-19 17:45:00,17,6,19,17,45,740,267,,45.85896,6.14201,Plein jour,En agglomération,Intersection en T,Temps éblouissant,Deux véhicules - côté,,,,,,,,,,,1,2,3,7.0,3.0
201700020115,0017-06-19 19:20:00,17,6,19,19,20,740,104,,45.78982,6.23177,Plein jour,Hors agglomération,Hors intersection,Normale,Deux véhicules - côté,,,,,,,,,,,1,1,1,1.0,3.0
201700020116,0017-06-25 17:50:00,17,6,25,17,50,740,104,ROAD HOUSE,45.77731,6.23368,Plein jour,Hors agglomération,Hors intersection,Normale,Deux véhicules - côté,,,,,,,,,,,1,1,1,1.0,3.0
201700020117,0017-07-02 06:20:00,17,7,2,6,20,740,270,579 route des caillets,45.71975,6.29876,Crépuscule ou aube,Hors agglomération,Hors intersection,Pluie légère,Autre collision,,,,,,,,,,,2,1,1,2.0,6.0
201700020118,0017-07-15 12:25:00,17,7,15,12,25,740,123,185 rue de la gare,45.74925,6.2952,Plein jour,En agglomération,Intersection en Y,Normale,Deux véhicules - frontale,,,,,,,,,,,1,2,4,1.0,1.0
201700020119,0017-07-29 20:25:00,17,7,29,20,25,740,234,,45.76024,6.32201,Crépuscule ou aube,Hors agglomération,Giratoire,Normale,Autre collision,,,,,,,,,,,2,1,6,1.0,6.0
201700020120,0017-08-04 18:45:00,17,8,4,18,45,740,242,,45.84049,6.15473,Plein jour,Hors agglomération,Hors intersection,Normale,Autre collision,,,,,,,,,,,1,1,1,1.0,6.0
201700020121,0017-08-05 12:00:00,17,8,5,12,0,740,187,RD 42 - PK 9 + 950,45.80972,6.26055,Plein jour,Hors agglomération,Hors intersection,Temps éblouissant,Autre collision,,,,,,,,,,,1,1,1,7.0,6.0
201700020122,0017-08-13 11:15:00,17,8,13,11,15,740,275,,45.82844,6.22103,Plein jour,En agglomération,Intersection en T,Normale,Deux véhicules - arrière,,,,,,,,,,,1,2,3,1.0,2.0
201700020123,0017-08-14 11:30:00,17,8,14,11,30,740,267,Piste cyclable,45.85551,6.13807,Plein jour,Hors agglomération,Hors intersection,Normale,Autre collision,,,,,,,,,,,1,1,1,1.0,6.0
201700020124,0017-08-27 10:40:00,17,8,27,10,40,740,148,,45.77465,6.1187,Plein jour,Hors agglomération,Hors intersection,Normale,Deux véhicules - frontale,,,,,,,,,,,1,1,1,1.0,1.0
201700020125,0017-09-23 00:01:00,17,9,23,0,1,740,242,,45.84045,6.15501,Nuit sans éclairage public,Hors agglomération,Hors intersection,Normale,Deux véhicules - frontale,,,,,,,,,,,3,1,1,1.0,1.0
201700020126,0017-09-22 17:00:00,17,9,22,17,0,740,267,route du col de leschaux,45.84922,6.13849,Plein jour,Hors agglomération,Hors intersection,Normale,Autre collision,,,,,,,,,,,1,1,1,1.0,6.0
201700020127,0017-09-29 15:00:00,17,9,29,15,0,740,108,VOIE VERTE,45.8234,6.20818,Plein jour,Hors agglomération,Hors intersection,Normale,Autre collision,,,,,,,,,,,1,1,1,1.0,6.0
201700020128,0017-10-08 12:40:00,17,10,8,12,40,740,275,D909,45.82844,6.22103,Plein jour,Hors agglomération,Hors intersection,Normale,Deux véhicules - côté,,,,,,,,,,,1,1,1,1.0,3.0
201700020129,0017-12-12 09:45:00,17,12,12,9,45,740,123,126 ROUTE DE REPUBLIQUE,45.74747,6.29161,Plein jour,En agglomération,Hors intersection,Neige / grêle,Autre collision,,,,,,,,,,,1,2,1,4.0,6.0
201700020130,0017-01-21 01:40:00,17,1,21,1,40,740,225,60 RUE DE GRENETTE,45.84531,5.96265,Nuit avec éclairage non allumé,En agglomération,Giratoire,Normale,Autre collision,,,,,,,,,,,4,2,6,1.0,6.0
201700020131,0017-02-03 20:05:00,17,2,3,20,5,740,2,AVENUE D'AIX LES BAINS,45.8189,6.00421,Nuit avec éclairage non allumé,Hors agglomération,Hors intersection,Normale,Autre collision,,,,,,,,,,,4,1,1,1.0,6.0
201700020132,0017-02-13 15:45:00,17,2,13,15,45,740,225,rue rené cassin,45.85928,5.94902,Plein jour,En agglomération,Intersection en T,Normale,Deux véhicules - arrière,,,,,,,,,,,1,2,3,1.0,2.0
201700020133,0017-03-11 19:00:00,17,3,11,19,0,740,225,62 rue de verdun,45.85338,5.94236,Nuit avec éclairage allumé,En agglomération,Hors intersection,Normale,Sans collision,,,,,,,,,,,5,2,1,1.0,7.0
201700020134,0017-05-17 16:25:00,17,5,17,16,25,740,255,route du chéran,45.88135,5.96063,Plein jour,Hors agglomération,Hors intersection,Normale,Deux véhicules - frontale,,,,,,,,,,,1,1,1,1.0,1.0
201700020135,0017-05-19 11:15:00,17,5,19,11,15,740,165,route de RUMILLY,45.82545,5.97503,Plein jour,Hors agglomération,Intersection en X,Pluie légère,Autre collision,,,,,,,,,,,1,1,2,2.0,6.0
201700020136,0017-05-21 17:00:00,17,5,21,17,0,740,54,,45.7756,5.99813,Plein jour,Hors agglomération,Autre intersection,Normale,Sans collision,,,,,,,,,,,1,1,9,1.0,7.0
201700020137,0017-05-31 11:40:00,17,5,31,11,40,740,225,1 avenue Gantin,45.86093,5.9479,Plein jour,En agglomération,Hors intersection,Normale,Autre collision,,,,,,,,,,,1,2,1,1.0,6.0
201700020138,0017-06-25 05:00:00,17,6,25,5,0,740,161,1001 ROUTE D'ANNECY,45.87107,6.00473,Crépuscule ou aube,Hors agglomération,Hors intersection,Normale,Sans collision,,,,,,,,,,,2,1,1,1.0,7.0
201700020139,0017-07-03 11:40:00,17,7,3,11,40,740,97,1190 ROUTE D'HÉRY,45.77374,6.02343,Plein jour,Hors agglomération,Hors intersection,Normale,Autre collision,,,,,,,,,,,1,1,1,1.0,6.0
201700020140,0017-07-06 10:50:00,17,7,6,10,50,740,225,Boulevard de l'Europe,45.85839,5.9452,Plein jour,En agglomération,Intersection en X,Normale,Deux véhicules - côté,,,,,,,,,,,1,2,2,1.0,3.0
201700020141,0017-07-15 10:00:00,17,7,15,10,0,740,165,RD3,45.82876,5.98609,Plein jour,En agglomération,Intersection en X,Normale,Deux véhicules - frontale,,,,,,,,,,,1,2,2,1.0,1.0
201700020142,0017-07-24 09:20:00,17,7,24,9,20,740,161,route de rumilly,45.8779,5.97585,Plein jour,Hors agglomération,Hors intersection,Pluie légère,Trois véhicules et plus - collisions multiples,,,,,,,,,,,1,1,1,2.0,5.0
201700020143,0017-08-02 11:40:00,17,8,2,11,40,740,310,,45.82891,6.05036,Plein jour,Hors agglomération,Intersection en T,Normale,Deux véhicules - côté,,,,,,,,,,,1,1,3,1.0,3.0
201700020144,0017-09-15 09:42:00,17,9,15,9,42,740,297,route de Geneve D919,45.92596,5.9337,Plein jour,Hors agglomération,Hors intersection,Brouillard / fumée,Deux véhicules - côté,,,,,,,,,,,1,1,1,5.0,3.0
201700020145,0017-09-16 10:40:00,17,9,16,10,40,740,97,route d'aix les bains,45.75704,6.00474,Plein jour,Hors agglomération,Hors intersection,Normale,Autre collision,,,,,,,,,,,1,1,1,1.0,6.0
201700020146,0017-09-30 03:35:00,17,9,30,3,35,740,289,,45.91365,5.93343,Nuit sans éclairage public,Hors agglomération,Hors intersection,Normale,Sans collision,,,,,,,,,,,3,1,1,1.0,7.0
201700020147,0017-10-01 08:40:00,17,10,1,8,40,740,151,LE CADET,45.91367,5.89287,Plein jour,Hors agglomération,Hors intersection,Brouillard / fumée,Autre collision,,,,,,,,,,,1,1,1,5.0,6.0
201700020148,0017-10-09 16:50:00,17,10,9,16,50,740,2,,45.81982,6.02165,Plein jour,Hors agglomération,Hors intersection,Normale,Trois véhicules et plus - collisions multiples,,,,,,,,,,,1,1,1,1.0,5.0
201700020149,0017-10-13 07:30:00,17,10,13,7,30,740,2,route de Rumilly,45.8172,6.00282,Crépuscule ou aube,Hors agglomération,Intersection en T,Normale,Deux véhicules - côté,,,,,,,,,,,2,1,3,1.0,3.0
201700020150,0017-10-14 20:25:00,17,10,14,20,25,740,233,,45.80857,5.98285,Nuit sans éclairage public,Hors agglomération,Intersection en T,Normale,Trois véhicules et plus - collisions multiples,,,,,,,,,,,3,1,3,1.0,5.0
201700020151,0017-10-19 19:30:00,17,10,19,19,30,740,233,route d'annecy,45.80302,5.97617,Nuit avec éclairage allumé,Hors agglomération,Intersection en X,Normale,Deux véhicules - côté,,,,,,,,,,,5,1,2,1.0,3.0
201700020152,0017-11-10 15:55:00,17,11,10,15,55,740,225,Route d'Aix les bains,45.83143,5.95173,Plein jour,En agglomération,Intersection en T,Temps couvert,Deux véhicules - côté,,,,,,,,,,,1,2,3,8.0,3.0
201700020153,0017-12-14 07:45:00,17,12,14,7,45,740,255,RD16,45.87016,5.96157,Crépuscule ou aube,Hors agglomération,Intersection en T,Pluie légère,Deux véhicules - côté,,,,,,,,,,,2,1,3,2.0,3.0
201700020154,0017-03-16 17:50:00,17,3,16,17,50,740,164,489 avenue du pont neuf,46.08945,6.50544,Plein jour,En agglomération,Hors intersection,Normale,Deux véhicules - côté,,,,,,,,,,,1,2,1,1.0,3.0