accident_id,datetime,annee,mois,jour,heure,minute,departement,commune_insee,adresse,latitude,longitude,luminosite,agglomeration,intersection,meteo,collision,nb_vehicules,nb_usagers,nb_indemnes,nb_tues,nb_blesses_hosp,nb_blesses_legers,age_cond_1,age_cond_2,veh_type_cond_1,veh_type_cond_2,lum_code,agg_code,int_code,atm_code,col_code
201700020155,0017-03-24 16:10:00,17,3,24,16,10,740,278,rue des lilas,46.08296,6.53447,Plein jour,En agglomération,Hors intersection,Normale,Deux véhicules - frontale,,,,,,,,,,,1,2,1,1.0,1.0
201700020156,0017-07-02 18:00:00,17,7,2,18,0,740,189,225 route d'Alloup,46.05226,6.48819,Plein jour,En agglomération,Hors intersection,Normale,Deux véhicules - frontale,,,,,,,,,,,1,2,1,1.0,1.0
201700020157,0017-07-16 17:20:00,17,7,16,17,20,740,164,,46.08385,6.49108,Plein jour,En agglomération,Hors intersection,Normale,Autre collision,,,,,,,,,,,1,2,1,1.0,6.0
201700020158,0017-12-04 09:35:00,17,12,4,9,35,740,312,,46.06707,6.48475,Plein jour,En agglomération,Hors intersection,Normale,Deux véhicules - frontale,,,,,,,,,,,1,2,1,1.0,1.0
201700020159,0017-06-18 12:15:00,17,6,18,12,15,740,183,chef lieu,46.14078,6.5365,Plein jour,En agglomération,Hors intersection,Normale,Deux véhicules - côté,,,,,,,,,,,1,2,1,1.0,3.0
201700020160,0017-06-17 23:45:00,17,6,17,23,45,740,223,,46.09606,6.6059,Nuit sans éclairage public,Hors agglomération,Hors intersection,Normale,Deux véhicules - frontale,,,,,,,,,,,3,1,1,1.0,1.0
201700020161,0017-08-13 09:15:00,17,8,13,9,15,740,134,,46.15186,6.65723,Plein jour,Hors agglomération,Hors intersection,Normale,Sans collision,,,,,,,,,,,1,1,1,1.0,7.0
201700020162,0017-08-27 06:30:00,17,8,27,6,30,740,258,,46.08571,6.70262,Crépuscule ou aube,Hors agglomération,Hors intersection,Normale,Sans collision,,,,,,,,,,,2,1,1,1.0,7.0
201700020163,0017-01-23 16:00:00,17,1,23,16,0,740,40,Avenue du Faucigny,46.16365,6.3197,Plein jour,En agglomération,Hors intersection,Normale,Autre collision,,,,,,,,,,,1,2,1,1.0,6.0
201700020164,0017-03-01 12:15:00,17,3,1,12,15,740,94,route de Thonon,46.20682,6.29052,Plein jour,Hors agglomération,Hors intersection,Normale,Deux véhicules - frontale,,,,,,,,,,,1,1,1,1.0,1.0
201700020165,0017-03-27 06:10:00,17,3,27,6,10,740,94,route de Taninges,46.17591,6.30446,Crépuscule ou aube,Hors agglomération,Hors intersection,Normale,Deux véhicules - frontale,,,,,,,,,,,2,1,1,1.0,1.0
201700020166,0017-03-31 05:00:00,17,3,31,5,0,740,40,617 AV FER A CHEVAL,46.16688,6.32919,Nuit sans éclairage public,En agglomération,Hors intersection,Normale,Autre collision,,,,,,,,,,,3,2,1,1.0,6.0
201700020167,0017-03-30 06:10:00,17,3,30,6,10,740,262,19 route de Reignier,46.12337,6.31119,Nuit avec éclairage allumé,Hors agglomération,Intersection en X,Normale,Deux véhicules - côté,,,,,,,,,,,5,1,2,1.0,3.0
201700020168,0017-02-08 18:35:00,17,2,8,18,35,740,309,route de bellegarde,46.11787,6.03689,Nuit avec éclairage allumé,En agglomération,Hors intersection,Normale,Autre collision,,,,,,,,,,,5,2,1,1.0,6.0
201700020169,0017-04-13 20:30:00,17,4,13,20,30,740,177,route de murge,46.04971,6.16021,Crépuscule ou aube,Hors agglomération,Intersection en T,Normale,Autre collision,,,,,,,,,,,2,1,3,1.0,6.0
201700020170,0017-04-23 11:30:00,17,4,23,11,30,740,309,,46.28941,5.7307,Plein jour,Hors agglomération,Intersection en T,Normale,Deux véhicules - côté,,,,,,,,,,,1,1,3,1.0,3.0
201700020171,0017-05-17 17:45:00,17,5,17,17,45,740,96,,46.03349,6.13169,Plein jour,Hors agglomération,Hors intersection,Temps éblouissant,Autre collision,,,,,,,,,,,1,1,1,7.0,6.0
201700020172,0017-05-18 22:10:00,17,5,18,22,10,740,9,,46.06788,6.07775,Nuit sans éclairage public,Hors agglomération,Intersection en Y,Pluie forte,Deux véhicules - côté,,,,,,,,,,,3,1,4,3.0,3.0
201700020173,0017-05-22 10:20:00,17,5,22,10,20,740,96,route des Dronières,46.03524,6.11081,Plein jour,En agglomération,Intersection en X,Normale,Deux véhicules - côté,,,,,,,,,,,1,2,2,1.0,3.0
201700020174,0017-05-30 19:00:00,17,5,30,19,0,740,309,route de la gare,46.11888,6.0381,Plein jour,En agglomération,Hors intersection,Normale,Deux véhicules - côté,,,,,,,,,,,1,2,1,1.0,3.0
201700020175,0017-06-12 19:55:00,17,6,12,19,55,740,96,route d'Annecy,46.03605,6.10795,Plein jour,En agglomération,Hors intersection,Normale,Deux véhicules - côté,,,,,,,,,,,1,2,1,1.0,3.0
201700020176,0017-08-03 15:45:00,17,8,3,15,45,740,88,route des bois chardon,46.0486,6.06665,Plein jour,Hors agglomération,Intersection en T,Normale,Deux véhicules - côté,,,,,,,,,,,1,1,3,1.0,3.0
201700020177,0017-08-08 22:35:00,17,8,8,22,35,740,74,D1206,46.11245,5.92025,Nuit avec éclairage allumé,Hors agglomération,Intersection en X,Normale,Deux véhicules - frontale,,,,,,,,,,,5,1,2,1.0,1.0
201700020178,0017-08-09 18:30:00,17,8,9,18,30,740,309,,46.11305,6.00421,Plein jour,Hors agglomération,Hors intersection,Normale,Trois véhicules et plus - collisions multiples,,,,,,,,,,,1,1,1,1.0,5.0
201700020179,0017-08-22 07:30:00,17,8,22,7,30,740,288,893 route de ST julien,46.10926,5.97306,Plein jour,Hors agglomération,Hors intersection,Normale,Deux véhicules - frontale,,,,,,,,,,,1,1,1,1.0,1.0
201700020180,0017-11-17 18:30:00,17,11,17,18,30,740,101,,46.09322,5.95818,Nuit sans éclairage public,Hors agglomération,Hors intersection,Normale,Autre collision,,,,,,,,,,,3,1,1,1.0,6.0
201700020181,0017-02-03 06:00:00,17,2,3,6,0,740,131,,46.01751,5.91836,Nuit sans éclairage public,En agglomération,Hors intersection,Temps couvert,Deux véhicules - frontale,,,,,,,,,,,3,2,1,8.0,1.0
201700020182,0017-02-21 15:40:00,17,2,21,15,40,740,269,route départementale 992,45.97643,5.83844,Plein jour,Hors agglomération,Intersection en T,Normale,Deux véhicules - frontale,,,,,,,,,,,1,1,3,1.0,1.0
201700020183,0017-04-29 05:55:00,17,4,29,5,55,740,269,Route départementale D99,45.94461,5.83742,Crépuscule ou aube,Hors agglomération,Hors intersection,Normale,Autre collision,,,,,,,,,,,2,1,1,1.0,6.0
201700020184,0017-06-19 17:45:00,17,6,19,17,45,740,291,Route de Frangy,46.0268,5.87423,Plein jour,Hors agglomération,Hors intersection,Normale,Deux véhicules - frontale,,,,,,,,,,,1,1,1,1.0,1.0
201700020185,0017-07-12 16:55:00,17,7,12,16,55,740,269,RD 992,45.96237,5.85308,Plein jour,Hors agglomération,Hors intersection,Normale,Sans collision,,,,,,,,,,,1,1,1,1.0,7.0
201700020186,0017-08-05 16:40:00,17,8,5,16,40,740,75,590 route de ferraz,45.99741,5.93084,Plein jour,Hors agglomération,Hors intersection,Normale,Sans collision,,,,,,,,,,,1,1,1,1.0,7.0
201700020187,0017-08-31 20:00:00,17,8,31,20,0,740,291,,46.03913,5.8885,Crépuscule ou aube,Hors agglomération,Hors intersection,Pluie légère,Deux véhicules - côté,,,,,,,,,,,2,1,1,2.0,3.0
201700020188,0017-09-11 18:30:00,17,9,11,18,30,740,184,,46.04682,5.98025,Plein jour,Hors agglomération,Hors intersection,Normale,Sans collision,,,,,,,,,,,1,1,1,1.0,7.0
201700020189,0017-09-30 17:00:00,17,9,30,17,0,740,68,Rue du Mont Blanc,46.06242,5.86891,Crépuscule ou aube,Hors agglomération,Hors intersection,Pluie légère,Sans collision,,,,,,,,,,,2,1,1,2.0,7.0
201700020190,0017-11-06 17:30:00,17,11,6,17,30,740,100,D992,46.00418,5.86164,Nuit sans éclairage public,Hors agglomération,Intersection en X,Vent fort / tempête,Deux véhicules - arrière,,,,,,,,,,,3,1,2,6.0,2.0
201700020191,0017-12-22 14:35:00,17,12,22,14,35,740,285,ROUTE DE GENEVE,45.98213,5.84508,Plein jour,Hors agglomération,Hors intersection,Normale,Sans collision,,,,,,,,,,,1,1,1,1.0,7.0
201700020192,0017-02-14 11:50:00,17,2,14,11,50,740,173,route de sallanches,45.89512,6.64496,Plein jour,En agglomération,Hors intersection,Normale,Autre collision,,,,,,,,,,,1,2,1,1.0,6.0
201700020193,0017-02-19 00:45:00,17,2,19,0,45,740,236,1280 RTE DES CONTAMINES,45.86831,6.72398,Nuit sans éclairage public,Hors agglomération,Hors intersection,Normale,Autre collision,,,,,,,,,,,3,1,1,1.0,6.0
201700020194,0017-03-13 18:45:00,17,3,13,18,45,740,173,252 rue charles feige,45.85848,6.62067,Nuit avec éclairage allumé,En agglomération,Intersection en T,Normale,Sans collision,,,,,,,,,,,5,2,3,1.0,7.0
201700020195,0017-03-25 18:20:00,17,3,25,18,20,740,103,,45.91094,6.63835,Plein jour,Hors agglomération,Hors intersection,Normale,Deux véhicules - frontale,,,,,,,,,,,1,1,1,1.0,1.0
201700020196,0017-04-17 18:15:00,17,4,17,18,15,740,173,2749 ROUTE NATIONALE,45.8537,6.6048,Plein jour,En agglomération,Hors intersection,Normale,Deux véhicules - côté,,,,,,,,,,,1,2,1,1.0,3.0
201700020197,0017-08-15 10:45:00,17,8,15,10,45,740,236,3924 RTE SAINT NICOLAS,45.85373,6.72358,Plein jour,En agglomération,Hors intersection,Normale,Autre collision,,,,,,,,,,,1,2,1,1.0,6.0
201700020198,0017-08-17 09:20:00,17,8,17,9,20,740,99,ROUTE DU GRAND CRET,45.87861,6.6433,Plein jour,Hors agglomération,Intersection en T,Normale,Autre collision,,,,,,,,,,,1,1,3,1.0,6.0
201700020199,0017-09-15 10:30:00,17,9,15,10,30,740,99,route de Sallanches,45.8718,6.63034,Plein jour,Hors agglomération,Hors intersection,Normale,Autre collision,,,,,,,,,,,1,1,1,1.0,6.0
201700020200,0017-12-24 15:35:00,17,12,24,15,35,740,173,ROUTE EDMOND ROTHCHILD,45.85371,6.632,Plein jour,En agglomération,Hors intersection,Normale,Deux véhicules - frontale,,,,,,,,,,,1,2,1,1.0,1.0
201700020201,0017-03-15 16:50:00,17,3,15,16,50,740,256,1300 route du champ deva,45.94718,6.61619,Plein jour,Hors agglomération,Hors intersection,Normale,Sans collision,,,,,,,,,,,1,1,1,1.0,7.0
201700020202,0017-04-11 11:15:00,17,4,11,11,15,740,256,116 rue de la paix,45.93502,6.63411,Plein jour,En agglomération,Intersection en X,Normale,Autre collision,,,,,,,,,,,1,2,2,1.0,6.0
201700020203,0017-04-17 21:00:00,17,4,17,21,0,740,256,ANCIENNE RTE COMBLOUX,45.92856,6.62918,Nuit avec éclairage allumé,En agglomération,Hors intersection,Normale,Sans collision,,,,,,,,,,,5,2,1,1.0,7.0
201700020204,0017-04-25 22:00:00,17,4,25,22,0,740,256,AVENUE DE GENEVE,45.9511,6.62979,Nuit avec éclairage allumé,En agglomération,Intersection en T,Pluie légère,Deux véhicules - côté,,,,,,,,,,,5,2,3,2.0,3.0
201700020205,0017-04-30 22:05:00,17,4,30,22,5,740,89,route de cordon,45.91819,6.60761,Nuit sans éclairage public,Hors agglomération,Hors intersection,Normale,Sans collision,,,,,,,,,,,3,1,1,1.0,7.0
201700020206,0017-06-18 11:30:00,17,6,18,11,30,740,236,Route de Saint-Gervais,45.90737,6.712,Plein jour,Hors agglomération,Intersection en T,Normale,Deux véhicules - côté,,,,,,,,,,,1,1,3,1.0,3.0
201700020207,0017-08-07 11:15:00,17,8,7,11,15,740,208,AV DES GRANDES PLATIERES,45.91413,6.7071,Plein jour,En agglomération,Intersection en T,Temps éblouissant,Deux véhicules - frontale,,,,,,,,,,,1,2,3,7.0,1.0
201700020208,0017-08-13 18:15:00,17,8,13,18,15,740,208,route de SERVOZ,45.93435,6.72729,Plein jour,Hors agglomération,Hors intersection,Normale,Autre collision,,,,,,,,,,,1,1,1,1.0,6.0
201700020209,0017-09-13 16:15:00,17,9,13,16,15,740,208,Avenue de la plaine,45.91044,6.70655,Plein jour,En agglomération,Intersection en T,Normale,Deux véhicules - arrière,,,,,,,,,,,1,2,3,1.0,2.0
201700020210,0017-11-25 16:10:00,17,11,25,16,10,740,208,1418 ROUTE DOCTEUR DAVY,45.90776,6.70868,Nuit sans éclairage public,Hors agglomération,Autre intersection,Pluie légère,Autre collision,,,,,,,,,,,3,1,9,2.0,6.0
201700020211,0017-02-05 19:19:00,17,2,5,19,19,590,94,Rue du plantis,50.94889,2.1937,Nuit avec éclairage allumé,En agglomération,Hors intersection,Pluie forte,Autre collision,,,,,,,,,,,5,2,1,3.0,6.0
201700020212,0017-02-26 18:10:00,17,2,26,18,10,590,130,D300,50.88743,2.23131,Crépuscule ou aube,Hors agglomération,Hors intersection,Temps couvert,Trois véhicules et plus - collisions multiples,,,,,,,,,,,2,1,1,8.0,5.0
201700020213,0017-06-01 08:20:00,17,6,1,8,20,590,130,ROUTE DE BOURBOURG RD 46,50.90656,2.21854,Plein jour,Hors agglomération,Hors intersection,Normale,Deux véhicules - côté,,,,,,,,,,,1,1,1,1.0,3.0
201700020214,0017-06-22 11:45:00,17,6,22,11,45,590,307,chemin du halage,50.85318,2.20527,Plein jour,Hors agglomération,Hors intersection,Normale,Autre collision,,,,,,,,,,,1,1,1,1.0,6.0
201700020215,0017-07-20 13:27:00,17,7,20,13,27,590,358,chemin du Vliet,50.92412,2.24653,Plein jour,Hors agglomération,Hors intersection,Normale,Deux véhicules - frontale,,,,,,,,,,,1,1,1,1.0,1.0
201700020216,0017-07-22 19:23:00,17,7,22,19,23,590,130,RD 300,50.89688,2.23761,Plein jour,Hors agglomération,Hors intersection,Normale,Deux véhicules - côté,,,,,,,,,,,1,1,1,1.0,3.0
201700020217,0017-07-22 15:15:00,17,7,22,15,15,590,94,40 Rue Faidherbe,50.94672,2.19259,Plein jour,En agglomération,Intersection en Y,Normale,Autre collision,,,,,,,,,,,1,2,4,1.0,6.0
201700020218,0017-08-08 18:30:00,17,8,8,18,30,590,110,ROUTE DE BOURBOURG,50.95559,2.26822,Plein jour,Hors agglomération,Autre intersection,Normale,Deux véhicules - côté,,,,,,,,,,,1,1,9,1.0,3.0
201700020219,0017-11-19 18:30:00,17,11,19,18,30,590,532,D11,50.97118,2.16915,Nuit sans éclairage public,Hors agglomération,Hors intersection,Normale,Deux véhicules - frontale,,,,,,,,,,,3,1,1,1.0,1.0
201700020220,0017-11-21 19:10:00,17,11,21,19,10,590,94,intersection cd 300 et c,50.94561,2.22172,Nuit sans éclairage public,Hors agglomération,Intersection en X,Normale,Deux véhicules - côté,,,,,,,,,,,3,1,2,1.0,3.0
201700020221,0017-12-18 17:30:00,17,12,18,17,30,590,159,d17 / D217,50.96778,2.23516,Nuit avec éclairage allumé,En agglomération,Intersection en X,Pluie légère,Deux véhicules - côté,,,,,,,,,,,5,2,2,2.0,3.0
201700020222,0017-01-20 11:30:00,17,1,20,11,30,590,666,route de saint omer,50.88721,2.37934,Plein jour,En agglomération,Intersection en T,Normale,Autre collision,,,,,,,,,,,1,2,3,1.0,6.0
201700020223,0017-03-04 14:50:00,17,3,4,14,50,590,337,5 route de Saint-Omer,50.8143,2.29698,Plein jour,Hors agglomération,Hors intersection,Pluie légère,Autre collision,,,,,,,,,,,1,1,1,2.0,6.0
201700020224,0017-03-20 11:00:00,17,3,20,11,0,590,89,CD 928 ROUTE DE SAINT OM,50.86262,2.34556,Plein jour,Hors agglomération,Hors intersection,Pluie légère,Sans collision,,,,,,,,,,,1,1,1,2.0,7.0
201700020225,0017-04-01 21:25:00,17,4,1,21,25,590,89,Route de St Omer - CD 92,50.87242,2.35605,Nuit sans éclairage public,Hors agglomération,Hors intersection,Normale,Autre collision,,,,,,,,,,,3,1,1,1.0,6.0
201700020226,0017-04-06 13:14:00,17,4,6,13,14,590,305,Route de Wormhout / Rue,50.8762,2.51171,Plein jour,Hors agglomération,Intersection en T,Normale,Deux véhicules - arrière,,,,,,,,,,,1,1,3,1.0,2.0
201700020227,0017-04-09 13:00:00,17,4,9,13,0,590,663,route de Steenvoorde,50.86038,2.49135,Plein jour,Hors agglomération,Hors intersection,Normale,Sans collision,,,,,,,,,,,1,1,1,1.0,7.0
201700020228,0017-04-17 00:01:00,17,4,17,0,1,590,663,CD 18,50.87794,2.47865,Nuit sans éclairage public,Hors agglomération,Hors intersection,Normale,Autre collision,,,,,,,,,,,3,1,1,1.0,6.0
201700020229,0017-05-17 10:00:00,17,5,17,10,0,590,628,route  de saint omer,50.83963,2.29737,Plein jour,Hors agglomération,Intersection en T,Normale,Deux véhicules - frontale,,,,,,,,,,,1,1,3,1.0,1.0
201700020230,0017-06-17 16:50:00,17,6,17,16,50,590,663,CD17,50.88449,2.50257,Plein jour,Hors agglomération,Intersection en T,Temps éblouissant,Deux véhicules - arrière,,,,,,,,,,,1,1,3,7.0,2.0
201700020231,0017-10-09 07:45:00,17,10,9,7,45,590,628,CD 928,50.83963,2.29737,Plein jour,Hors agglomération,Hors intersection,Normale,Trois véhicules et plus - collisions multiples,,,,,,,,,,,1,1,1,1.0,5.0
201700020232,0017-10-27 16:30:00,17,10,27,16,30,590,663,Route  d'Herzeele,50.88338,2.48858,Crépuscule ou aube,En agglomération,Intersection en X,Temps éblouissant,Deux véhicules - côté,,,,,,,,,,,2,2,2,7.0,3.0
201700020233,0017-04-09 10:10:00,17,4,9,10,10,590,135,"RD 933, avenue achille S",50.8005,2.46674,Plein jour,Hors agglomération,Hors intersection,Normale,Deux véhicules - frontale,,,,,,,,,,,1,1,1,1.0,1.0
201700020234,0017-05-14 11:40:00,17,5,14,11,40,590,662,brettelle d'autoroute A2,50.83974,2.57099,Plein jour,Hors agglomération,Hors intersection,Normale,Deux véhicules - arrière,,,,,,,,,,,1,1,1,1.0,2.0
201700020235,0017-06-03 17:10:00,17,6,3,17,10,590,135,D 916 Rond point Noréade,50.80057,2.50082,Plein jour,Hors agglomération,Giratoire,Normale,Autre collision,,,,,,,,,,,1,1,6,1.0,6.0
201700020236,0017-06-04 11:45:00,17,6,4,11,45,590,282,RD 916,50.81853,2.48121,Plein jour,Hors agglomération,Hors intersection,Normale,Autre collision,,,,,,,,,,,1,1,1,1.0,6.0
201700020237,0017-08-26 11:20:00,17,8,26,11,20,590,580,petite rue du rivelde,50.81968,2.53383,Plein jour,Hors agglomération,Intersection en Y,Normale,Trois véhicules et plus - collisions multiples,,,,,,,,,,,1,1,4,1.0,5.0
201700020238,0017-11-19 12:15:00,17,11,19,12,15,590,587,"voie communale, Taerte S",50.80094,2.55182,Plein jour,Hors agglomération,Hors intersection,Normale,Autre collision,,,,,,,,,,,1,1,1,1.0,6.0
201700020239,0017-11-25 10:00:00,17,11,25,10,0,590,135,route d'OXELAERE,50.79088,2.48428,Plein jour,Hors agglomération,Hors intersection,Temps couvert,Deux véhicules - frontale,,,,,,,,,,,1,1,1,8.0,1.0
201700020240,0017-12-02 15:20:00,17,12,2,15,20,590,135,rue d'Aires,50.76498,2.47666,Plein jour,Hors agglomération,Hors intersection,Normale,Autre collision,,,,,,,,,,,1,1,1,1.0,6.0
201700020241,0017-01-23 17:45:00,17,1,23,17,45,560,8,Lieu dit Lanester,47.62471,-2.94258,Crépuscule ou aube,Hors agglomération,Hors intersection,Normale,Autre collision,,,,,,,,,,,2,1,1,1.0,6.0
201700020242,0017-02-04 22:30:00,17,2,4,22,30,560,206,rue Jacques Brel,47.70144,-2.74433,Nuit avec éclairage allumé,En agglomération,Hors intersection,Pluie légère,Autre collision,,,,,,,,,,,5,2,1,2.0,6.0
201700020243,0017-02-07 07:30:00,17,2,7,7,30,560,132,D 767,47.71867,-2.75871,Crépuscule ou aube,Hors agglomération,Hors intersection,Pluie légère,Deux véhicules - arrière,,,,,,,,,,,2,1,1,2.0,2.0
201700020244,0017-03-31 09:20:00,17,3,31,9,20,560,206,Giratoire de TOULBAO,47.68214,-2.73725,Plein jour,En agglomération,Giratoire,Normale,Autre collision,,,,,,,,,,,1,2,6,1.0,6.0
201700020245,0017-04-17 19:15:00,17,4,17,19,15,560,164,RN165,47.66138,-2.83128,Plein jour,Hors agglomération,Hors intersection,Normale,Trois véhicules et plus - en chaîne,,,,,,,,,,,1,1,1,1.0,4.0
201700020246,0017-04-17 15:30:00,17,4,17,15,30,560,8,rue du gréo,47.61905,-2.91575,Plein jour,En agglomération,Intersection en X,Normale,Autre collision,,,,,,,,,,,1,2,2,1.0,6.0
201700020247,0017-04-18 20:24:00,17,4,18,20,24,560,22,la barrière,47.8118,-2.88758,Crépuscule ou aube,Hors agglomération,Intersection en X,Normale,Deux véhicules - côté,,,,,,,,,,,2,1,2,1.0,3.0
201700020248,0017-04-20 13:25:00,17,4,20,13,25,560,115,Départementale 767,47.78619,-2.79937,Plein jour,Hors agglomération,Hors intersection,Normale,Autre collision,,,,,,,,,,,1,1,1,1.0,6.0
201700020249,0017-04-26 13:00:00,17,4,26,13,0,560,164,11 ABBE GUILLEVIN,47.66668,-2.8009,Plein jour,En agglomération,Hors intersection,Normale,Deux véhicules - côté,,,,,,,,,,,1,2,1,1.0,3.0
201700020250,0017-06-13 16:10:00,17,6,13,16,10,560,206,14 rue du Général de Gau,47.6902,-2.73346,Plein jour,En agglomération,Hors intersection,Normale,Deux véhicules - arrière,,,,,,,,,,,1,2,1,1.0,2.0
201700020251,0017-07-07 15:20:00,17,7,7,15,20,560,164,RN 165,47.6612,-2.87093,Plein jour,Hors agglomération,Hors intersection,Normale,Deux véhicules - arrière,,,,,,,,,,,1,1,1,1.0,2.0
201700020252,0017-07-19 19:45:00,17,7,19,19,45,560,120,lieu dit le reste,47.75661,-2.74167,Plein jour,Hors agglomération,Hors intersection,Temps couvert,Autre collision,,,,,,,,,,,1,1,1,8.0,6.0
201700020253,0017-07-29 02:45:00,17,7,29,2,45,560,132,RD 767 - sens VANNES/LOC,47.71955,-2.75813,Nuit sans éclairage public,Hors agglomération,Hors intersection,Pluie légère,Sans collision,,,,,,,,,,,3,1,1,2.0,7.0
201700020254,0017-07-28 16:00:00,17,7,28,16,0,560,206,Rue de St Michel,47.71377,-2.75273,Plein jour,En agglomération,Intersection en T,Normale,Deux véhicules - côté,,,,,,,,,,,1,2,3,1.0,3.0
201700020255,0017-09-13 09:15:00,17,9,13,9,15,560,3,rond point du guippe,47.62639,-2.82914,Plein jour,En agglomération,Giratoire,Pluie légère,Deux véhicules - frontale,,,,,,,,,,,1,2,6,2.0,1.0
201700020256,0017-10-04 13:00:00,17,10,4,13,0,560,206,rue de l'hôpital,47.69777,-2.75789,Plein jour,En agglomération,Hors intersection,Normale,Deux véhicules - frontale,,,,,,,,,,,1,2,1,1.0,1.0
201700020257,0017-10-09 17:00:00,17,10,9,17,0,560,206,rue marcel dassault,47.67982,-2.73523,Plein jour,En agglomération,Intersection en X,Normale,Deux véhicules - côté,,,,,,,,,,,1,2,2,1.0,3.0
201700020258,0017-10-14 15:00:00,17,10,14,15,0,560,67,kerberhuet,47.78688,-2.89464,Plein jour,Hors agglomération,Hors intersection,Normale,Autre collision,,,,,,,,,,,1,1,1,1.0,6.0
201700020259,0017-11-01 19:45:00,17,11,1,19,45,560,3,route du vincin,47.64826,-2.80147,Nuit avec éclairage allumé,Hors agglomération,Hors intersection,Normale,Deux véhicules - côté,,,,,,,,,,,5,1,1,1.0,3.0
201700020260,0017-11-25 02:05:00,17,11,25,2,5,560,22,kernabessec,47.77929,-2.91674,Nuit sans éclairage public,Hors agglomération,Hors intersection,Normale,Autre collision,,,,,,,,,,,3,1,1,1.0,6.0
201700020261,0017-12-31 12:15:00,17,12,31,12,15,560,194,lieu dit la bousselaie,47.62357,-2.129,Plein jour,Hors agglomération,Hors intersection,Vent fort / tempête,Autre collision,,,,,,,,,,,1,1,1,6.0,6.0
201700020262,0017-02-17 01:15:00,17,2,17,1,15,560,194,Giratoire du chêne des b,47.61261,-2.14771,Nuit sans éclairage public,Hors agglomération,Giratoire,Normale,Sans collision,,,,,,,,,,,3,1,6,1.0,7.0
201700020263,0017-04-09 19:45:00,17,4,9,19,45,560,171,RD777,47.71755,-2.32615,Plein jour,Hors agglomération,Hors intersection,Normale,Sans collision,,,,,,,,,,,1,1,1,1.0,7.0
201700020264,0017-05-06 18:00:00,17,5,6,18,0,560,194,LIEU-DIT GLÉRÉ,47.62418,-2.115,Plein jour,Hors agglomération,Intersection en Y,Normale,Deux véhicules - côté,,,,,,,,,,,1,1,4,1.0,3.0
201700020265,0017-06-21 07:55:00,17,6,21,7,55,560,194,1016 route du pont de cr,47.58866,-2.11018,Plein jour,Hors agglomération,Hors intersection,Temps couvert,Sans collision,,,,,,,,,,,1,1,1,8.0,7.0
201700020266,0017-06-22 04:51:00,17,6,22,4,51,560,1,route de CADEN - lieu di,47.63597,-2.20866,Nuit sans éclairage public,Hors agglomération,Hors intersection,Normale,Sans collision,,,,,,,,,,,3,1,1,1.0,7.0
201700020267,0017-07-08 18:00:00,17,7,8,18,0,560,232,60 rue de l'Oust,47.67791,-2.11275,Plein jour,Hors agglomération,Hors intersection,Temps éblouissant,Deux véhicules - frontale,,,,,,,,,,,1,1,1,7.0,1.0
201700020268,0017-07-09 06:00:00,17,7,9,6,0,560,171,La Croix aux chênes,47.70685,-2.35171,Crépuscule ou aube,Hors agglomération,Hors intersection,Normale,Autre collision,,,,,,,,,,,2,1,1,1.0,6.0
201700020269,0017-11-26 04:00:00,17,11,26,4,0,560,1,LIEU-DIT BOUFÈSE,47.61797,-2.16553,Nuit sans éclairage public,Hors agglomération,Hors intersection,Normale,Autre collision,,,,,,,,,,,3,1,1,1.0,6.0
201700020270,0017-02-13 14:50:00,17,2,13,14,50,560,143,RN 165 PR 17+150,47.54874,-2.44824,Plein jour,Hors agglomération,Hors intersection,Normale,Sans collision,,,,,,,,,,,1,1,1,1.0,7.0
201700020271,0017-08-18 20:30:00,17,8,18,20,30,560,155,Route de LANCHALE,47.45601,-2.49462,Plein jour,Hors agglomération,Hors intersection,Normale,Deux véhicules - côté,,,,,,,,,,,1,1,1,1.0,3.0
201700020272,0017-08-24 15:40:00,17,8,24,15,40,560,126,Pigeon Vert,47.56002,-2.39574,Plein jour,Hors agglomération,Intersection en X,Normale,Deux véhicules - côté,,,,,,,,,,,1,1,2,1.0,3.0
201700020273,0017-10-09 09:10:00,17,10,9,9,10,560,4,La Corne du Cerf,47.5322,-2.39231,Plein jour,Hors agglomération,Hors intersection,Brouillard / fumée,Deux véhicules - frontale,,,,,,,,,,,1,1,1,5.0,1.0
201700020274,0017-10-26 22:10:00,17,10,26,22,10,560,153,C02,47.58555,-2.3761,Nuit sans éclairage public,Hors agglomération,Hors intersection,Brouillard / fumée,Autre collision,,,,,,,,,,,3,1,1,5.0,6.0
201700020275,0017-11-14 08:00:00,17,11,14,8,0,560,149,rue de la Villeneuve,47.59354,-2.4617,Crépuscule ou aube,En agglomération,Intersection en X,Normale,Deux véhicules - côté,,,,,,,,,,,2,2,2,1.0,3.0