accident_id,datetime,annee,mois,jour,heure,minute,departement,commune_insee,adresse,latitude,longitude,luminosite,agglomeration,intersection,meteo,collision,nb_vehicules,nb_usagers,nb_indemnes,nb_tues,nb_blesses_hosp,nb_blesses_legers,age_cond_1,age_cond_2,veh_type_cond_1,veh_type_cond_2,lum_code,agg_code,int_code,atm_code,col_code
201700020276,0017-12-01 07:35:00,17,12,1,7,35,560,52,boulevard ST GUERIN,47.51565,-2.60559,Nuit avec éclairage allumé,En agglomération,Hors intersection,Normale,Autre collision,,,,,,,,,,,5,2,1,1.0,6.0
201700020277,0017-12-20 11:25:00,17,12,20,11,25,560,153,TREVELO,47.58267,-2.37764,Plein jour,Hors agglomération,Hors intersection,Normale,Deux véhicules - frontale,,,,,,,,,,,1,1,1,1.0,1.0
201700020278,0017-01-08 14:00:00,17,1,8,14,0,560,184,,47.63393,-2.41796,Plein jour,Hors agglomération,Hors intersection,Normale,Deux véhicules - frontale,,,,,,,,,,,1,1,1,1.0,1.0
201700020279,0017-01-28 07:45:00,17,1,28,7,45,560,255,Lieu dit Bizole,47.67643,-2.64753,Crépuscule ou aube,Hors agglomération,Hors intersection,Autre,Sans collision,,,,,,,,,,,2,1,1,9.0,7.0
201700020280,0017-02-05 21:00:00,17,2,5,21,0,560,184,La Grée de Rochefort,47.64848,-2.42882,Nuit sans éclairage public,Hors agglomération,Intersection en Y,Normale,Sans collision,,,,,,,,,,,3,1,4,1.0,7.0
201700020281,0017-02-11 10:15:00,17,2,11,10,15,560,15,D7 - lieu dit bois pin,47.64735,-2.496,Plein jour,Hors agglomération,Hors intersection,Normale,Deux véhicules - frontale,,,,,,,,,,,1,1,1,1.0,1.0
201700020282,0017-04-06 00:10:00,17,4,6,0,10,560,247,route de Ker avalen,47.67515,-2.56448,Nuit sans éclairage public,En agglomération,Hors intersection,Normale,Deux véhicules - frontale,,,,,,,,,,,3,2,1,1.0,1.0
201700020283,0017-04-08 06:40:00,17,4,8,6,40,560,231,RN 166 - Kerboulard,47.69507,-2.63237,Crépuscule ou aube,Hors agglomération,Giratoire,Normale,Sans collision,,,,,,,,,,,2,1,6,1.0,7.0
201700020284,0017-05-09 08:30:00,17,5,9,8,30,560,231,KERGLAZ,47.67254,-2.70665,Plein jour,Hors agglomération,Hors intersection,Normale,Trois véhicules et plus - collisions multiples,,,,,,,,,,,1,1,1,1.0,5.0
201700020285,0017-05-10 15:00:00,17,5,10,15,0,560,109,D 140,47.61591,-2.53905,Plein jour,Hors agglomération,Hors intersection,Normale,Sans collision,,,,,,,,,,,1,1,1,1.0,7.0
201700020286,0017-06-20 13:20:00,17,6,20,13,20,560,184,kerisel,47.6891,-2.47051,Plein jour,Hors agglomération,Intersection en T,Normale,Deux véhicules - côté,,,,,,,,,,,1,1,3,1.0,3.0
201700020287,0017-07-25 15:45:00,17,7,25,15,45,560,184,RUE JOSEPH LE BRIX,47.66054,-2.45691,Plein jour,En agglomération,Hors intersection,Normale,Deux véhicules - côté,,,,,,,,,,,1,2,1,1.0,3.0
201700020288,0017-08-20 07:15:00,17,8,20,7,15,560,53,kerchoux - rd 766a,47.75435,-2.54941,Crépuscule ou aube,Hors agglomération,Hors intersection,Normale,Autre collision,,,,,,,,,,,2,1,1,1.0,6.0
201700020289,0017-09-24 21:15:00,17,9,24,21,15,560,184,r le brun mallard r Cal,47.66105,-2.45202,Nuit avec éclairage allumé,En agglomération,Intersection en X,Pluie forte,Deux véhicules - côté,,,,,,,,,,,5,2,2,3.0,3.0
201700020290,0017-11-07 07:50:00,17,11,7,7,50,560,231,le cosqueric,47.69007,-2.67146,Crépuscule ou aube,Hors agglomération,Hors intersection,Normale,Deux véhicules - côté,,,,,,,,,,,2,1,1,1.0,3.0
201700020291,0017-12-24 14:20:00,17,12,24,14,20,560,184,lieu-dit kerluhé,47.65647,-2.39262,Plein jour,Hors agglomération,Hors intersection,Normale,Autre collision,,,,,,,,,,,1,1,1,1.0,6.0
201700020292,0017-02-24 09:35:00,17,2,24,9,35,560,251,rue du moulin a maree,47.61708,-2.68366,Plein jour,En agglomération,Hors intersection,Normale,Autre collision,,,,,,,,,,,1,2,1,1.0,6.0
201700020293,0017-02-24 09:35:00,17,2,24,9,35,560,243,29 route de nantes,47.65353,-2.73461,Plein jour,En agglomération,Hors intersection,Normale,Autre collision,,,,,,,,,,,1,2,1,1.0,6.0
201700020294,0017-03-06 17:15:00,17,3,6,17,15,560,243,route de nantes,47.65116,-2.72599,Plein jour,En agglomération,Hors intersection,Normale,Deux véhicules - arrière,,,,,,,,,,,1,2,1,1.0,2.0
201700020295,0017-03-13 17:10:00,17,3,13,17,10,560,243,avenue Raymond Marcellin,47.64244,-2.73,Plein jour,En agglomération,Autre intersection,Temps éblouissant,Deux véhicules - côté,,,,,,,,,,,1,2,9,7.0,3.0
201700020296,0017-03-27 13:00:00,17,3,27,13,0,560,243,ROUTE DE NANTES,47.65393,-2.73594,Plein jour,En agglomération,Hors intersection,Normale,Deux véhicules - arrière,,,,,,,,,,,1,2,1,1.0,2.0
201700020297,0017-05-27 11:45:00,17,5,27,11,45,560,243,route de nantes,47.64963,-2.71627,Plein jour,En agglomération,Intersection en Y,Normale,Deux véhicules - côté,,,,,,,,,,,1,2,4,1.0,3.0
201700020298,0017-06-02 09:40:00,17,6,2,9,40,560,205,D780,47.56499,-2.70907,Plein jour,Hors agglomération,Hors intersection,Normale,Autre collision,,,,,,,,,,,1,1,1,1.0,6.0
201700020299,0017-06-08 15:34:00,17,6,8,15,34,560,240,D780 - Le Fetan Lindin,47.53033,-2.828,Plein jour,Hors agglomération,Hors intersection,Normale,Deux véhicules - frontale,,,,,,,,,,,1,1,1,1.0,1.0
201700020300,0017-06-12 19:50:00,17,6,12,19,50,560,251,Croix de la Lande,47.61232,-2.61232,Crépuscule ou aube,Hors agglomération,Giratoire,Normale,Autre collision,,,,,,,,,,,2,1,6,1.0,6.0
201700020301,0017-06-26 11:08:00,17,6,26,11,8,560,251,D104 lieu dit turluman,47.65694,-2.63668,Plein jour,Hors agglomération,Hors intersection,Normale,Deux véhicules - frontale,,,,,,,,,,,1,1,1,1.0,1.0
201700020302,0017-08-13 12:40:00,17,8,13,12,40,560,5,Rond point de Kerjouanno,47.54124,-2.87866,Plein jour,En agglomération,Autre intersection,Normale,Deux véhicules - côté,,,,,,,,,,,1,2,9,1.0,3.0
201700020303,0017-09-05 08:40:00,17,9,5,8,40,560,251,Kerprat,47.65942,-2.64752,Plein jour,Hors agglomération,Hors intersection,Normale,Deux véhicules - frontale,,,,,,,,,,,1,1,1,1.0,1.0
201700020304,0017-01-14 16:30:00,17,1,14,16,30,560,186,rue de port Haliguen,47.48377,-3.11564,Plein jour,En agglomération,Giratoire,Normale,Deux véhicules - côté,,,,,,,,,,,1,2,6,1.0,3.0
201700020305,0017-04-02 12:25:00,17,4,2,12,25,560,34,RD119,47.60741,-3.06994,Plein jour,Hors agglomération,Hors intersection,Normale,Autre collision,,,,,,,,,,,1,1,1,1.0,6.0
201700020306,0017-04-20 15:21:00,17,4,20,15,21,560,168,route d'AURAY,47.61039,-3.09347,Plein jour,Hors agglomération,Hors intersection,Temps éblouissant,Deux véhicules - côté,,,,,,,,,,,1,1,1,7.0,3.0
201700020307,0017-04-22 18:15:00,17,4,22,18,15,560,186,Lieu- dit du vivier,47.48419,-3.14268,Plein jour,Hors agglomération,Hors intersection,Normale,Sans collision,,,,,,,,,,,1,1,1,1.0,7.0
201700020308,0017-07-13 09:30:00,17,7,13,9,30,560,234,AVENUE DE ST MALO,47.5426,-3.13478,Plein jour,Hors agglomération,Passage à niveau,Normale,Deux véhicules - côté,,,,,,,,,,,1,1,8,1.0,3.0
201700020309,0017-07-19 12:00:00,17,7,19,12,0,560,116,route de Kerpenhir,47.56005,-2.93726,Plein jour,En agglomération,Intersection en Y,Normale,Deux véhicules - côté,,,,,,,,,,,1,2,4,1.0,3.0
201700020310,0017-07-30 05:40:00,17,7,30,5,40,560,34,COET ER HOUR,47.63575,-3.04753,Nuit sans éclairage public,Hors agglomération,Hors intersection,Normale,Deux véhicules - frontale,,,,,,,,,,,3,1,1,1.0,1.0
201700020311,0017-08-05 13:55:00,17,8,5,13,55,560,34,Rue de Courdiec et Route,47.59267,-3.08049,Plein jour,En agglomération,Intersection en X,Normale,Deux véhicules - côté,,,,,,,,,,,1,2,2,1.0,3.0
201700020312,0017-08-14 09:45:00,17,8,14,9,45,560,186,Gen De Gau- prt de peche,47.47767,-3.12874,Plein jour,En agglomération,Giratoire,Normale,Deux véhicules - côté,,,,,,,,,,,1,2,6,1.0,3.0
201700020313,0017-08-20 17:35:00,17,8,20,17,35,560,186,boulevard de la teignous,47.48283,-3.09724,Plein jour,Hors agglomération,Hors intersection,Normale,Autre collision,,,,,,,,,,,1,1,1,1.0,6.0
201700020314,0017-08-23 09:20:00,17,8,23,9,20,560,168,Avenue d'Auray - D768,47.60189,-3.10695,Plein jour,Hors agglomération,Intersection en X,Normale,Autre collision,,,,,,,,,,,1,1,2,1.0,6.0
201700020315,0017-09-07 10:00:00,17,9,7,10,0,560,234,Rue Notre Dame de Lotivy,47.52751,-3.14368,Plein jour,En agglomération,Hors intersection,Normale,Deux véhicules - côté,,,,,,,,,,,1,2,1,1.0,3.0
201700020316,0017-09-09 04:45:00,17,9,9,4,45,560,258,rue mané roularde,47.58891,-3.031,Nuit avec éclairage allumé,En agglomération,Hors intersection,Normale,Sans collision,,,,,,,,,,,5,2,1,1.0,7.0
201700020317,0017-09-22 16:35:00,17,9,22,16,35,560,186,116 rue du port de pêche,47.48577,-3.12078,Plein jour,En agglomération,Autre intersection,Normale,Autre collision,,,,,,,,,,,1,2,9,1.0,6.0
201700020318,0017-11-02 08:45:00,17,11,2,8,45,560,186,inter r phare et port pe,47.48024,-3.12608,Plein jour,En agglomération,Intersection en X,Normale,Deux véhicules - côté,,,,,,,,,,,1,2,2,1.0,3.0
201700020319,0017-01-28 10:30:00,17,1,28,10,30,560,101,Rue Saint Aubin - D189,47.82774,-3.14671,Plein jour,Hors agglomération,Hors intersection,Autre,Trois véhicules et plus - collisions multiples,,,,,,,,,,,1,1,1,9.0,5.0
201700020320,0017-01-28 09:30:00,17,1,28,9,30,560,148,SAINT GEORGES,47.76667,-3.202,Plein jour,Hors agglomération,Hors intersection,Normale,Sans collision,,,,,,,,,,,1,1,1,1.0,7.0
201700020321,0017-02-01 14:20:00,17,2,1,14,20,560,97,lieu dit séludiern,47.78825,-3.11745,Plein jour,Hors agglomération,Hors intersection,Normale,Sans collision,,,,,,,,,,,1,1,1,1.0,7.0
201700020322,0017-02-05 12:45:00,17,2,5,12,45,560,148,Lann Talhouet,47.75426,-3.19407,Plein jour,Hors agglomération,Hors intersection,Pluie légère,Deux véhicules - frontale,,,,,,,,,,,1,1,1,2.0,1.0
201700020323,0017-02-11 16:00:00,17,2,11,16,0,560,96,Rn 165 - Le Poulvern,47.72872,-3.08793,Plein jour,Hors agglomération,Hors intersection,Normale,Autre collision,,,,,,,,,,,1,1,1,1.0,6.0
201700020324,0017-03-01 02:00:00,17,3,1,2,0,560,101,N24 PK 87+400,47.83096,-3.1923,Nuit sans éclairage public,Hors agglomération,Hors intersection,Pluie légère,Autre collision,,,,,,,,,,,3,1,1,2.0,6.0
201700020325,0017-03-21 15:45:00,17,3,21,15,45,560,177,lieu dit trélécan,47.79867,-3.06297,Plein jour,Hors agglomération,Intersection en T,Normale,Autre collision,,,,,,,,,,,1,1,3,1.0,6.0
201700020326,0017-04-03 03:30:00,17,4,3,3,30,560,101,mané chelaude,47.84195,-3.14251,Nuit sans éclairage public,Hors agglomération,Hors intersection,Normale,Deux véhicules - frontale,,,,,,,,,,,3,1,1,1.0,1.0
201700020327,0017-04-10 20:30:00,17,4,10,20,30,560,97,D 765 - mane lann vraz,47.75573,-3.11097,Crépuscule ou aube,Hors agglomération,Hors intersection,Normale,Sans collision,,,,,,,,,,,2,1,1,1.0,7.0
201700020328,0017-04-12 18:50:00,17,4,12,18,50,560,177,D768 - RUE LOUIS LE HENA,47.77007,-3.00936,Plein jour,En agglomération,Intersection en T,Normale,Deux véhicules - côté,,,,,,,,,,,1,2,3,1.0,3.0
201700020329,0017-04-23 10:30:00,17,4,23,10,30,560,96,Rue de l'océan,47.74729,-3.07689,Plein jour,En agglomération,Intersection en X,Normale,Deux véhicules - frontale,,,,,,,,,,,1,2,2,1.0,1.0
201700020330,0017-05-01 08:30:00,17,5,1,8,30,560,101,Rue de la mairie,47.83409,-3.16095,Plein jour,En agglomération,Hors intersection,Normale,Autre collision,,,,,,,,,,,1,2,1,1.0,6.0
201700020331,0017-05-01 12:00:00,17,5,1,12,0,560,177,route d'auray,47.75948,-3.02093,Plein jour,Hors agglomération,Hors intersection,Normale,Deux véhicules - arrière,,,,,,,,,,,1,1,1,1.0,2.0
201700020332,0017-05-18 08:10:00,17,5,18,8,10,560,175,lann er hias,47.75017,-2.90823,Plein jour,Hors agglomération,Hors intersection,Normale,Deux véhicules - côté,,,,,,,,,,,1,1,1,1.0,3.0
201700020333,0017-06-05 08:55:00,17,6,5,8,55,560,96,"PK 55, Route département",47.72328,-3.09408,Plein jour,Hors agglomération,Hors intersection,Normale,Deux véhicules - frontale,,,,,,,,,,,1,1,1,1.0,1.0
201700020334,0017-06-05 02:00:00,17,6,5,2,0,560,94,Lieu dit KERMENEC,47.76048,-3.26908,Nuit sans éclairage public,Hors agglomération,Giratoire,Normale,Autre collision,,,,,,,,,,,3,1,6,1.0,6.0
201700020335,0017-06-09 21:30:00,17,6,9,21,30,560,90,Rue du Blavet,47.8291,-3.24488,Crépuscule ou aube,En agglomération,Hors intersection,Normale,Deux véhicules - frontale,,,,,,,,,,,2,2,1,1.0,1.0
201700020336,0017-07-05 09:10:00,17,7,5,9,10,560,101,09 rue Jean Moulin,47.83108,-3.15789,Plein jour,En agglomération,Hors intersection,Normale,Autre collision,,,,,,,,,,,1,2,1,1.0,6.0
201700020337,0017-07-19 14:00:00,17,7,19,14,0,560,101,Pont neuf,47.86501,-3.19863,Plein jour,Hors agglomération,Hors intersection,Normale,Deux véhicules - frontale,,,,,,,,,,,1,1,1,1.0,1.0
201700020338,0017-08-17 05:45:00,17,8,17,5,45,560,175,toul melin,47.75814,-2.90437,Nuit sans éclairage public,Hors agglomération,Intersection en T,Pluie forte,Deux véhicules - côté,,,,,,,,,,,3,1,3,3.0,3.0
201700020339,0017-09-13 18:35:00,17,9,13,18,35,560,94,Lieu dit Lumelen,47.75028,-3.27037,Plein jour,Hors agglomération,Hors intersection,Pluie légère,Sans collision,,,,,,,,,,,1,1,1,2.0,7.0
201700020340,0017-10-15 15:15:00,17,10,15,15,15,560,94,Zone artisanale du Porzo,47.78845,-3.23039,Plein jour,Hors agglomération,Hors intersection,Normale,Deux véhicules - côté,,,,,,,,,,,1,1,1,1.0,3.0
201700020341,0017-11-03 15:15:00,17,11,3,15,15,560,101,Lieu-dit PONT ER PACHE,47.8277,-3.19429,Plein jour,Hors agglomération,Hors intersection,Pluie forte,Sans collision,,,,,,,,,,,1,1,1,3.0,7.0
201700020342,0017-11-04 00:05:00,17,11,4,0,5,560,101,Lieu-dit Gohannec,47.85374,-3.16628,Nuit sans éclairage public,Hors agglomération,Intersection en T,Pluie légère,Autre collision,,,,,,,,,,,3,1,3,2.0,6.0
201700020343,0017-11-05 15:15:00,17,11,5,15,15,560,96,POULVERN,47.72838,-3.08775,Plein jour,Hors agglomération,Hors intersection,Pluie légère,Sans collision,,,,,,,,,,,1,1,1,2.0,7.0
201700020344,0017-11-17 08:45:00,17,11,17,8,45,560,177,D16,47.79574,-2.97511,Crépuscule ou aube,Hors agglomération,Hors intersection,Brouillard / fumée,Autre collision,,,,,,,,,,,2,1,1,5.0,6.0
201700020345,0017-11-19 17:00:00,17,11,19,17,0,560,94,C6 - Kermadec,47.78144,-3.2593,Plein jour,Hors agglomération,Intersection en T,Normale,Deux véhicules - frontale,,,,,,,,,,,1,1,3,1.0,1.0
201700020346,0017-11-17 05:50:00,17,11,17,5,50,560,96,KERAMBOURG,47.74695,-3.09011,Nuit sans éclairage public,Hors agglomération,Hors intersection,Brouillard / fumée,Autre collision,,,,,,,,,,,3,1,1,5.0,6.0
201700020347,0017-11-22 12:20:00,17,11,22,12,20,560,175,PLACE JOSEPH CORFMAT,47.74155,-2.91803,Plein jour,En agglomération,Intersection en X,Normale,Deux véhicules - côté,,,,,,,,,,,1,2,2,1.0,3.0
201700020348,0017-11-28 11:00:00,17,11,28,11,0,560,96,les bruyeres,47.75595,-3.08416,Plein jour,Hors agglomération,Hors intersection,Temps éblouissant,Autre collision,,,,,,,,,,,1,1,1,7.0,6.0
201700020349,0017-12-22 07:15:00,17,12,22,7,15,560,94,Lieu-dit Braigno,47.79822,-3.25117,Nuit sans éclairage public,Hors agglomération,Hors intersection,Normale,Autre collision,,,,,,,,,,,3,1,1,1.0,6.0
201700020350,0017-01-22 06:15:00,17,1,22,6,15,560,185,RN 165 pk 100+800,47.77804,-3.40841,Nuit sans éclairage public,Hors agglomération,Hors intersection,Normale,Autre collision,,,,,,,,,,,3,1,1,1.0,6.0
201700020351,0017-02-07 08:30:00,17,2,7,8,30,560,179,rue François Mauriac,47.83172,-3.40219,Plein jour,En agglomération,Hors intersection,Normale,Autre collision,,,,,,,,,,,1,2,1,1.0,6.0
201700020352,0017-02-14 16:15:00,17,2,14,16,15,560,78,Départementale 306,47.8059,-3.45815,Plein jour,Hors agglomération,Intersection en T,Normale,Deux véhicules - côté,,,,,,,,,,,1,1,3,1.0,3.0
201700020353,0017-03-06 09:10:00,17,3,6,9,10,560,185,pont scave,47.80778,-3.40444,Plein jour,Hors agglomération,Hors intersection,Vent fort / tempête,Autre collision,,,,,,,,,,,1,1,1,6.0,6.0
201700020354,0017-04-02 17:00:00,17,4,2,17,0,560,188,kergroix,47.90531,-3.11047,Plein jour,En agglomération,Hors intersection,Normale,Autre collision,,,,,,,,,,,1,2,1,1.0,6.0
201700020355,0017-04-16 15:15:00,17,4,16,15,15,560,78,lieu dit Kerbrest,47.7734,-3.52537,Plein jour,En agglomération,Hors intersection,Normale,Autre collision,,,,,,,,,,,1,2,1,1.0,6.0
201700020356,0017-04-20 16:10:00,17,4,20,16,10,560,78,le loch,47.75468,-3.50833,Plein jour,Hors agglomération,Hors intersection,Normale,Sans collision,,,,,,,,,,,1,1,1,1.0,7.0
201700020357,0017-05-07 05:50:00,17,5,7,5,50,560,36,RN 165 PK 97,47.77612,-3.36322,Crépuscule ou aube,Hors agglomération,Hors intersection,Normale,Trois véhicules et plus - collisions multiples,,,,,,,,,,,2,1,1,1.0,5.0
201700020358,0017-05-10 14:34:00,17,5,10,14,34,560,89,Lieu-dit POULGROIX,47.94278,-3.26757,Plein jour,En agglomération,Intersection en T,Normale,Deux véhicules - côté,,,,,,,,,,,1,2,3,1.0,3.0
201700020359,0017-05-11 13:45:00,17,5,11,13,45,560,78,pen mane,47.80631,-3.46748,Plein jour,Hors agglomération,Hors intersection,Pluie légère,Deux véhicules - côté,,,,,,,,,,,1,1,1,2.0,3.0
201700020360,0017-05-26 10:00:00,17,5,26,10,0,560,179,keriaquel,47.8221,-3.41191,Plein jour,Hors agglomération,Intersection en X,Normale,Deux véhicules - côté,,,,,,,,,,,1,1,2,1.0,3.0
201700020361,0017-06-11 15:10:00,17,6,11,15,10,560,179,lieu-dit nénez,47.819,-3.40686,Plein jour,Hors agglomération,Hors intersection,Normale,Autre collision,,,,,,,,,,,1,1,1,1.0,6.0
201700020362,0017-06-24 15:00:00,17,6,24,15,0,560,36,Manécourt,47.81936,-3.36366,Plein jour,Hors agglomération,Hors intersection,Normale,Deux véhicules - côté,,,,,,,,,,,1,1,1,1.0,3.0
201700020363,0017-06-25 11:00:00,17,6,25,11,0,560,166,D 769 bis,47.90677,-3.33591,Plein jour,En agglomération,Hors intersection,Normale,Deux véhicules - côté,,,,,,,,,,,1,2,1,1.0,3.0
201700020364,0017-07-07 16:00:00,17,7,7,16,0,560,36,CD 769,47.80913,-3.33492,Plein jour,Hors agglomération,Hors intersection,Normale,Trois véhicules et plus - collisions multiples,,,,,,,,,,,1,1,1,1.0,5.0
201700020365,0017-07-27 23:43:00,17,7,27,23,43,560,166,D769  le manerio,47.92712,-3.35687,Nuit sans éclairage public,Hors agglomération,Giratoire,Normale,Deux véhicules - arrière,,,,,,,,,,,3,1,6,1.0,2.0
201700020366,0017-08-03 18:15:00,17,8,3,18,15,560,185,lieu dit bihoué D 163,47.76924,-3.4236,Plein jour,Hors agglomération,Hors intersection,Normale,Trois véhicules et plus - collisions multiples,,,,,,,,,,,1,1,1,1.0,5.0
201700020367,0017-08-06 22:30:00,17,8,6,22,30,560,78,Bel Air,47.83008,-3.50466,Nuit sans éclairage public,Hors agglomération,Hors intersection,Normale,Autre collision,,,,,,,,,,,3,1,1,1.0,6.0
201700020368,0017-08-16 15:50:00,17,8,16,15,50,560,78,rue du puits,47.7899,-3.48767,Plein jour,En agglomération,Hors intersection,Normale,Autre collision,,,,,,,,,,,1,2,1,1.0,6.0
201700020369,0017-08-28 11:30:00,17,8,28,11,30,560,36,la montagne du salut,47.79069,-3.3205,Plein jour,Hors agglomération,Intersection en Y,Normale,Deux véhicules - frontale,,,,,,,,,,,1,1,4,1.0,1.0
201700020370,0017-08-20 12:00:00,17,8,20,12,0,560,78,d306,47.77417,-3.51966,Plein jour,Hors agglomération,Hors intersection,Normale,Autre collision,,,,,,,,,,,1,1,1,1.0,6.0
201700020371,0017-09-08 12:20:00,17,9,8,12,20,560,78,D306,47.80589,-3.4582,Plein jour,Hors agglomération,Intersection en T,Pluie légère,Deux véhicules - côté,,,,,,,,,,,1,1,3,2.0,3.0
201700020372,0017-09-10 01:00:00,17,9,10,1,0,560,166,D769 - pont saint sauveu,47.90663,-3.34652,Nuit sans éclairage public,Hors agglomération,Hors intersection,Normale,Deux véhicules - frontale,,,,,,,,,,,3,1,1,1.0,1.0
201700020373,0017-09-12 07:44:00,17,9,12,7,44,560,36,Kerbeban,47.80232,-3.35799,Plein jour,Hors agglomération,Hors intersection,Normale,Trois véhicules et plus - collisions multiples,,,,,,,,,,,1,1,1,1.0,5.0
201700020374,0017-09-29 23:45:00,17,9,29,23,45,560,179,rue du docteur Rialland,47.83575,-3.40699,Nuit sans éclairage public,En agglomération,Hors intersection,Normale,Autre collision,,,,,,,,,,,3,2,1,1.0,6.0
201700020375,0017-10-04 07:50:00,17,10,4,7,50,560,36,Le rest scouhel,47.79564,-3.37304,Plein jour,Hors agglomération,Hors intersection,Normale,Autre collision,,,,,,,,,,,1,1,1,1.0,6.0
201700020376,0017-10-14 13:00:00,17,10,14,13,0,560,36,8 rue des hirondelles,47.78128,-3.36264,Plein jour,En agglomération,Hors intersection,Normale,Autre collision,,,,,,,,,,,1,2,1,1.0,6.0
201700020377,0017-10-28 14:00:00,17,10,28,14,0,560,78,Départementale 152,47.76637,-3.52407,Plein jour,En agglomération,Intersection en T,Normale,Deux véhicules - côté,,,,,,,,,,,1,2,3,1.0,3.0
201700020378,0017-11-23 18:45:00,17,11,23,18,45,560,40,CD 769 BIS LIEUX DIT KER,47.85213,-3.31652,Nuit sans éclairage public,Hors agglomération,Hors intersection,Pluie forte,Deux véhicules - arrière,,,,,,,,,,,3,1,1,3.0,2.0
201700020379,0017-11-29 08:00:00,17,11,29,8,0,560,185,Kerrousse,47.77194,-3.41119,Crépuscule ou aube,Hors agglomération,Autre intersection,Normale,Deux véhicules - côté,,,,,,,,,,,2,1,9,1.0,3.0
201700020380,0017-12-06 17:40:00,17,12,6,17,40,560,36,Leinmat,47.82224,-3.36229,Crépuscule ou aube,Hors agglomération,Intersection en T,Normale,Deux véhicules - frontale,,,,,,,,,,,2,1,3,1.0,1.0
201700020381,0017-12-16 10:40:00,17,12,16,10,40,560,185,rue Pierre Mendès France,47.78258,-3.41298,Plein jour,En agglomération,Hors intersection,Normale,Autre collision,,,,,,,,,,,1,2,1,1.0,6.0
201700020382,0017-04-08 17:20:00,17,4,8,17,20,560,119,lieu dit  maneguen D22,47.66918,-3.12148,Plein jour,Hors agglomération,Intersection en T,Normale,Deux véhicules - côté,,,,,,,,,,,1,1,3,1.0,3.0
201700020383,0017-04-10 13:20:00,17,4,10,13,20,560,118,rue de la mairie,47.72579,-3.3413,Plein jour,En agglomération,Intersection en X,Normale,Deux véhicules - côté,,,,,,,,,,,1,2,2,1.0,3.0
201700020384,0017-04-18 11:20:00,17,4,18,11,20,560,13,route d'ETEL - CD16,47.66557,-3.17992,Plein jour,En agglomération,Hors intersection,Normale,Deux véhicules - côté,,,,,,,,,,,1,2,1,1.0,3.0
201700020385,0017-05-11 23:45:00,17,5,11,23,45,560,119,Pont Glaz,47.69273,-3.11793,Nuit sans éclairage public,Hors agglomération,Hors intersection,Normale,Sans collision,,,,,,,,,,,3,1,1,1.0,7.0
201700020386,0017-05-24 10:00:00,17,5,24,10,0,560,54,D781,47.64652,-3.15965,Plein jour,En agglomération,Giratoire,Normale,Deux véhicules - côté,,,,,,,,,,,1,2,6,1.0,3.0
201700020387,0017-06-12 18:10:00,17,6,12,18,10,560,13,CRUBELZ,47.67469,-3.15402,Plein jour,Hors agglomération,Hors intersection,Normale,Sans collision,,,,,,,,,,,1,1,1,1.0,7.0
201700020388,0017-06-13 17:50:00,17,6,13,17,50,560,13,route des quatre chemins,47.67234,-3.18825,Plein jour,En agglomération,Hors intersection,Normale,Deux véhicules - frontale,,,,,,,,,,,1,2,1,1.0,1.0
201700020389,0017-06-20 19:20:00,17,6,20,19,20,560,62,Le linès,47.6939,-3.31709,Plein jour,Hors agglomération,Hors intersection,Normale,Deux véhicules - côté,,,,,,,,,,,1,1,1,1.0,3.0
201700020390,0017-07-29 00:50:00,17,7,29,0,50,560,54,Pont Quenno,47.65238,-3.18388,Nuit sans éclairage public,Hors agglomération,Hors intersection,Normale,Autre collision,,,,,,,,,,,3,1,1,1.0,6.0
201700020391,0017-09-18 10:15:00,17,9,18,10,15,560,62,RUE DE LA PETITE MER,47.69735,-3.34995,Plein jour,En agglomération,Intersection en X,Normale,Deux véhicules - côté,,,,,,,,,,,1,2,2,1.0,3.0
201700020392,0017-09-20 12:15:00,17,9,20,12,15,560,118,ROUTE DE PORT-LOUIS,47.72476,-3.32635,Plein jour,En agglomération,Autre intersection,Normale,Autre collision,,,,,,,,,,,1,2,9,1.0,6.0
201700020393,0017-10-04 12:50:00,17,10,4,12,50,560,130,rue de port louis,47.73466,-3.2383,Plein jour,En agglomération,Hors intersection,Normale,Deux véhicules - côté,,,,,,,,,,,1,2,1,1.0,3.0
201700020394,0017-12-12 18:45:00,17,12,12,18,45,560,130,LA MADELEINE,47.73863,-3.2262,Nuit avec éclairage allumé,Hors agglomération,Giratoire,Normale,Deux véhicules - côté,,,,,,,,,,,5,1,6,1.0,3.0
201700020395,0017-02-01 19:10:00,17,2,1,19,10,560,165,"14, rue Jean Moulin",47.93983,-2.40434,Nuit avec éclairage allumé,En agglomération,Hors intersection,Pluie légère,Autre collision,,,,,,,,,,,5,2,1,2.0,6.0
201700020396,0017-01-28 10:30:00,17,1,28,10,30,560,32,la ville jehan D141,47.97355,-2.33262,Plein jour,Hors agglomération,Hors intersection,Normale,Deux véhicules - frontale,,,,,,,,,,,1,1,1,1.0,1.0
201700020397,0017-03-30 08:30:00,17,3,30,8,30,560,165,RN 166 PK 40+450,47.91453,-2.40623,Crépuscule ou aube,Hors agglomération,Hors intersection,Normale,Sans collision,,,,,,,,,,,2,1,1,1.0,7.0