accident_id,datetime,annee,mois,jour,heure,minute,departement,commune_insee,adresse,latitude,longitude,luminosite,agglomeration,intersection,meteo,collision,nb_vehicules,nb_usagers,nb_indemnes,nb_tues,nb_blesses_hosp,nb_blesses_legers,age_cond_1,age_cond_2,veh_type_cond_1,veh_type_cond_2,lum_code,agg_code,int_code,atm_code,col_code
201700020768,0017-01-01 21:00:00,17,1,1,21,0,570,534,RD 955,49.06713,6.24381,Nuit sans éclairage public,Hors agglomération,Autre intersection,Normale,Autre collision,,,,,,,,,,,3,1,9,1.0,6.0
201700020769,0017-02-03 12:35:00,17,2,3,12,35,570,425,RD 910,48.98757,6.336,Plein jour,Hors agglomération,Hors intersection,Normale,Trois véhicules et plus - en chaîne,,,,,,,,,,,1,1,1,1.0,4.0
201700020770,0017-05-30 16:15:00,17,5,30,16,15,570,57,D910,48.99038,6.38797,Plein jour,Hors agglomération,Hors intersection,Normale,Deux véhicules - frontale,,,,,,,,,,,1,1,1,1.0,1.0
201700020771,0017-06-02 17:50:00,17,6,2,17,50,570,57,rue charles DE GAULLE,48.98545,6.37802,Plein jour,En agglomération,Hors intersection,Normale,Autre collision,,,,,,,,,,,1,2,1,1.0,6.0
201700020772,0017-06-09 20:45:00,17,6,9,20,45,570,534,D955,49.07426,6.23977,Plein jour,En agglomération,Hors intersection,Normale,Deux véhicules - frontale,,,,,,,,,,,1,2,1,1.0,1.0
201700020773,0017-08-30 17:00:00,17,8,30,17,0,570,552,rue des thermes,49.04825,6.18446,Plein jour,En agglomération,Intersection en Y,Normale,Deux véhicules - côté,,,,,,,,,,,1,2,4,1.0,3.0
201700020774,0017-12-21 18:15:00,17,12,21,18,15,570,627,RD999,49.04343,6.33799,Nuit sans éclairage public,Hors agglomération,Intersection à plus de 4 branches,Pluie légère,Trois véhicules et plus - collisions multiples,,,,,,,,,,,3,1,5,2.0,5.0
201700020775,0017-03-29 08:24:00,17,3,29,8,24,570,563,RD603,49.09627,6.48898,Plein jour,Hors agglomération,Intersection en X,Normale,Trois véhicules et plus - collisions multiples,,,,,,,,,,,1,1,2,1.0,5.0
201700020776,0017-07-05 16:00:00,17,7,5,16,0,570,612,Rue principale,49.21357,6.36201,Plein jour,Hors agglomération,Hors intersection,Normale,Deux véhicules - côté,,,,,,,,,,,1,1,1,1.0,3.0
201700020777,0017-07-16 18:15:00,17,7,16,18,15,570,43,Départementale 1,49.25562,6.20088,Plein jour,Hors agglomération,Intersection en T,Normale,Deux véhicules - côté,,,,,,,,,,,1,1,3,1.0,3.0
201700020778,0017-09-09 18:20:00,17,9,9,18,20,570,523,intersection D603 et rue,49.11601,6.30329,Plein jour,En agglomération,Intersection en T,Normale,Deux véhicules - côté,,,,,,,,,,,1,2,3,1.0,3.0
201700020779,0017-02-05 20:40:00,17,2,5,20,40,570,695,Carrefour A4 - D.19,49.1406,6.46454,Nuit sans éclairage public,Hors agglomération,Hors intersection,Brouillard / fumée,Sans collision,,,,,,,,,,,3,1,1,5.0,7.0
201700020780,0017-02-21 02:11:00,17,2,21,2,11,570,97,D25,49.17939,6.50959,Nuit sans éclairage public,Hors agglomération,Hors intersection,Pluie légère,Sans collision,,,,,,,,,,,3,1,1,2.0,7.0
201700020781,0017-02-24 13:00:00,17,2,24,13,0,570,167,rue principale,49.30687,6.40278,Plein jour,En agglomération,Hors intersection,Normale,Deux véhicules - frontale,,,,,,,,,,,1,2,1,1.0,1.0
201700020782,0017-03-31 20:10:00,17,3,31,20,10,570,329,D 19,49.25006,6.48721,Nuit sans éclairage public,Hors agglomération,Hors intersection,Normale,Sans collision,,,,,,,,,,,3,1,1,1.0,7.0
201700020783,0017-06-09 19:00:00,17,6,9,19,0,570,542,d3/d53,49.24598,6.42064,Plein jour,Hors agglomération,Intersection en X,Normale,Deux véhicules - arrière,,,,,,,,,,,1,1,2,1.0,2.0
201700020784,0017-07-26 06:20:00,17,7,26,6,20,570,167,CD918  - PK 18 + 60,49.30455,6.38328,Plein jour,Hors agglomération,Hors intersection,Normale,Autre collision,,,,,,,,,,,1,1,1,1.0,6.0
201700020785,0017-07-28 08:30:00,17,7,28,8,30,570,235,D 918 GUICHING,49.29434,6.50339,Plein jour,Hors agglomération,Intersection en X,Normale,Deux véhicules - côté,,,,,,,,,,,1,1,2,1.0,3.0
201700020786,0017-08-12 15:20:00,17,8,12,15,20,570,106,rue de la république/squ,49.29168,6.53409,Plein jour,En agglomération,Intersection en T,Normale,Autre collision,,,,,,,,,,,1,2,3,1.0,6.0
201700020787,0017-09-17 16:00:00,17,9,17,16,0,570,106,Rue St Hubert - D63,49.29872,6.52665,Plein jour,En agglomération,Hors intersection,Normale,Autre collision,,,,,,,,,,,1,2,1,1.0,6.0
201700020788,0017-10-07 14:12:00,17,10,7,14,12,570,106,45 rue  de Sarrelouis  -,49.29177,6.53882,Plein jour,En agglomération,Hors intersection,Normale,Trois véhicules et plus - en chaîne,,,,,,,,,,,1,2,1,1.0,4.0
201700020789,0017-03-13 16:20:00,17,3,13,16,20,570,171,ZONE ARTISANALE COMMUNAU,48.88267,6.38495,Plein jour,Hors agglomération,Hors intersection,Normale,Sans collision,,,,,,,,,,,1,1,1,1.0,7.0
201700020790,0017-04-23 08:00:00,17,4,23,8,0,570,18,RD674,48.83314,6.50421,Plein jour,Hors agglomération,Hors intersection,Normale,Deux véhicules - frontale,,,,,,,,,,,1,1,1,1.0,1.0
201700020791,0017-05-29 10:45:00,17,5,29,10,45,570,151,RD 999,48.90016,6.65517,Plein jour,Hors agglomération,Hors intersection,Normale,Autre collision,,,,,,,,,,,1,1,1,1.0,6.0
201700020792,0017-08-14 06:50:00,17,8,14,6,50,570,238,"RD21 PR 0,900",48.8411,6.45609,Plein jour,Hors agglomération,Hors intersection,Normale,Autre collision,,,,,,,,,,,1,1,1,1.0,6.0
201700020793,0017-08-25 11:00:00,17,8,25,11,0,570,132,41 route de CHATEAU-SALI,48.82394,6.49493,Plein jour,En agglomération,Hors intersection,Normale,Deux véhicules - frontale,,,,,,,,,,,1,2,1,1.0,1.0
201700020794,0017-09-18 07:00:00,17,9,18,7,0,570,434,D955 PK72,48.72156,6.78095,Plein jour,Hors agglomération,Hors intersection,Normale,Autre collision,,,,,,,,,,,1,1,1,1.0,6.0
201700020795,0017-11-09 04:15:00,17,11,9,4,15,570,559,RD 955,48.89048,6.37683,Nuit sans éclairage public,Hors agglomération,Hors intersection,Pluie légère,Deux véhicules - frontale,,,,,,,,,,,3,1,1,2.0,1.0
201700020796,0017-11-22 11:50:00,17,11,22,11,50,570,132,Rue de CHATEAU-SALINS CO,48.82366,6.49999,Plein jour,En agglomération,Hors intersection,Normale,Autre collision,,,,,,,,,,,1,2,1,1.0,6.0
201700020797,0017-12-25 05:25:00,17,12,25,5,25,570,126,D 38,48.77807,6.47098,Nuit sans éclairage public,Hors agglomération,Hors intersection,Pluie légère,Autre collision,,,,,,,,,,,3,1,1,2.0,6.0
201700020798,0017-02-02 11:00:00,17,2,2,11,0,570,174,CD999,48.93568,6.59515,Plein jour,Hors agglomération,Hors intersection,Normale,Trois véhicules et plus - collisions multiples,,,,,,,,,,,1,1,1,1.0,5.0
201700020799,0017-04-05 08:30:00,17,4,5,8,30,570,275,54 rue principale,49.02609,6.67466,Plein jour,En agglomération,Hors intersection,Normale,Autre collision,,,,,,,,,,,1,2,1,1.0,6.0
201700020800,0017-04-25 21:10:00,17,4,25,21,10,570,687,D674,48.95701,6.67876,Nuit sans éclairage public,Hors agglomération,Hors intersection,Normale,Deux véhicules - frontale,,,,,,,,,,,3,1,1,1.0,1.0
201700020801,0017-12-10 20:15:00,17,12,10,20,15,570,262,RD 674 PK 37+200,48.96506,6.72572,Nuit sans éclairage public,Hors agglomération,Hors intersection,Temps couvert,Autre collision,,,,,,,,,,,3,1,1,8.0,6.0
201700020802,0017-02-03 15:55:00,17,2,3,15,55,570,504,RD41,48.62587,7.01442,Plein jour,Hors agglomération,Hors intersection,Normale,Autre collision,,,,,,,,,,,1,1,1,1.0,6.0
201700020803,0017-04-21 20:30:00,17,4,21,20,30,570,321,5 rue du Canal,48.69455,7.04902,Plein jour,En agglomération,Hors intersection,Normale,Deux véhicules - frontale,,,,,,,,,,,1,2,1,1.0,1.0
201700020804,0017-05-17 13:45:00,17,5,17,13,45,570,44,D955,48.7386,6.81842,Plein jour,Hors agglomération,Intersection en T,Temps éblouissant,Deux véhicules - côté,,,,,,,,,,,1,1,3,7.0,3.0
201700020805,0017-06-23 15:30:00,17,6,23,15,30,570,682,RD 993 -  PK 4+100,48.61124,7.03493,Plein jour,Hors agglomération,Hors intersection,Normale,Sans collision,,,,,,,,,,,1,1,1,1.0,7.0
201700020806,0017-03-08 11:35:00,17,3,8,11,35,570,540,16 place d'Armes,48.76672,7.2588,Plein jour,En agglomération,Hors intersection,Pluie légère,Autre collision,,,,,,,,,,,1,2,1,2.0,6.0
201700020807,0017-05-04 14:05:00,17,5,4,14,5,570,427,"CD 38 PK 62,175",,,Plein jour,Hors agglomération,Hors intersection,Normale,Deux véhicules - arrière,,,,,,,,,,,1,1,1,1.0,2.0
201700020808,0017-05-13 18:45:00,17,5,13,18,45,570,334,Rue principale,48.68076,7.17983,Plein jour,En agglomération,Hors intersection,Normale,Sans collision,,,,,,,,,,,1,2,1,1.0,7.0
201700020809,0017-06-05 07:00:00,17,6,5,7,0,570,114,rue des bergers,48.76402,7.15625,Crépuscule ou aube,En agglomération,Autre intersection,Normale,Autre collision,,,,,,,,,,,2,2,9,1.0,6.0
201700020810,0017-06-06 18:30:00,17,6,6,18,30,570,721,D661,48.78337,7.24343,Plein jour,Hors agglomération,Hors intersection,Pluie légère,Deux véhicules - arrière,,,,,,,,,,,1,1,1,2.0,2.0
201700020811,0017-06-11 19:52:00,17,6,11,19,52,570,334,D97,48.67665,7.17723,Plein jour,En agglomération,Intersection en Y,Normale,Deux véhicules - côté,,,,,,,,,,,1,2,4,1.0,3.0
201700020812,0017-06-12 18:45:00,17,6,12,18,45,570,742,rue des fontaines,48.65309,7.15157,Plein jour,En agglomération,Hors intersection,Normale,Deux véhicules - frontale,,,,,,,,,,,1,2,1,1.0,1.0
201700020813,0017-07-07 08:40:00,17,7,7,8,40,570,244,D98 C,48.71438,7.22077,Plein jour,Hors agglomération,Hors intersection,Normale,Autre collision,,,,,,,,,,,1,1,1,1.0,6.0
201700020814,0017-07-10 09:30:00,17,7,10,9,30,570,300,RD98C,48.6957,7.20562,Plein jour,Hors agglomération,Hors intersection,Normale,Autre collision,,,,,,,,,,,1,1,1,1.0,6.0
201700020815,0017-08-01 10:00:00,17,8,1,10,0,570,407,Départementale n°46,48.77964,7.14521,Plein jour,Hors agglomération,Hors intersection,Normale,Autre collision,,,,,,,,,,,1,1,1,1.0,6.0
201700020816,0017-08-01 17:00:00,17,8,1,17,0,570,64,rue principale,48.80181,7.24241,Plein jour,En agglomération,Intersection en T,Normale,Deux véhicules - côté,,,,,,,,,,,1,2,3,1.0,3.0
201700020817,0017-08-06 21:30:00,17,8,6,21,30,570,163,départementalen°224,48.60106,7.25489,Nuit sans éclairage public,Hors agglomération,Hors intersection,Normale,Autre collision,,,,,,,,,,,3,1,1,1.0,6.0
201700020818,0017-08-15 09:55:00,17,8,15,9,55,570,468,route de Dannelbourg D38,48.76426,7.22103,Plein jour,Hors agglomération,Intersection à plus de 4 branches,Normale,Deux véhicules - côté,,,,,,,,,,,1,1,5,1.0,3.0
201700020819,0017-09-01 11:10:00,17,9,1,11,10,570,540,rue des glacis,48.76558,7.25414,Plein jour,En agglomération,Intersection en T,Normale,Deux véhicules - côté,,,,,,,,,,,1,2,3,1.0,3.0
201700020820,0017-10-14 16:40:00,17,10,14,16,40,570,334,RD 45,48.69374,7.13151,Plein jour,Hors agglomération,Hors intersection,Normale,Autre collision,,,,,,,,,,,1,1,1,1.0,6.0
201700020821,0017-11-12 09:05:00,17,11,12,9,5,570,540,Départementale n°38,48.76116,7.24746,Plein jour,Hors agglomération,Hors intersection,Pluie forte,Autre collision,,,,,,,,,,,1,1,1,3.0,6.0
201700020822,0017-12-06 23:30:00,17,12,6,23,30,570,540,ROND POINT DE MITTELBRON,48.76899,7.23901,Nuit sans éclairage public,Hors agglomération,Giratoire,Brouillard / fumée,Autre collision,,,,,,,,,,,3,1,6,5.0,6.0
201700020823,0017-07-15 20:35:00,17,7,15,20,35,570,633,rue de l'église,49.08975,7.11007,Plein jour,En agglomération,Intersection en T,Normale,Autre collision,,,,,,,,,,,1,2,3,1.0,6.0
201700020824,0017-08-20 03:40:00,17,8,20,3,40,570,535,D662,49.05178,7.31695,Nuit sans éclairage public,Hors agglomération,Hors intersection,Normale,Sans collision,,,,,,,,,,,3,1,1,1.0,7.0
201700020825,0017-09-11 06:30:00,17,9,11,6,30,570,589,Rue des Alliés,49.0477,7.26409,Crépuscule ou aube,En agglomération,Autre intersection,Pluie légère,Autre collision,,,,,,,,,,,2,2,9,2.0,6.0
201700020826,0017-12-23 05:20:00,17,12,23,5,20,570,408,RD 31 BIS,49.14963,6.9952,Nuit sans éclairage public,Hors agglomération,Hors intersection,Autre,Deux véhicules - arrière,,,,,,,,,,,3,1,1,9.0,2.0
201700020827,0017-01-10 10:00:00,17,1,10,10,0,570,489,D 36,48.98254,7.47849,Plein jour,Hors agglomération,Hors intersection,Neige / grêle,Autre collision,,,,,,,,,,,1,1,1,4.0,6.0
201700020828,0017-02-02 18:40:00,17,2,2,18,40,570,89,rue du général SCHNEIDER,49.04972,7.42954,Nuit avec éclairage allumé,En agglomération,Intersection en Y,Normale,Autre collision,,,,,,,,,,,5,2,4,1.0,6.0
201700020829,0017-02-25 19:45:00,17,2,25,19,45,570,89,D662 PK 013+000,49.03542,7.47691,Nuit sans éclairage public,Hors agglomération,Hors intersection,Normale,Autre collision,,,,,,,,,,,3,1,1,1.0,6.0
201700020830,0017-05-25 16:00:00,17,5,25,16,0,570,89,Route départementale 662,49.04617,7.45878,Plein jour,Hors agglomération,Intersection en X,Normale,Deux véhicules - côté,,,,,,,,,,,1,1,2,1.0,3.0
201700020831,0017-06-25 02:10:00,17,6,25,2,10,570,89,D 662 PK20+200,49.04412,7.43029,Nuit sans éclairage public,Hors agglomération,Hors intersection,Normale,Autre collision,,,,,,,,,,,3,1,1,1.0,6.0
201700020832,0017-10-18 12:40:00,17,10,18,12,40,570,658,Rue de la Vallée  D83 P,48.96473,7.30087,Plein jour,Hors agglomération,Hors intersection,Normale,Autre collision,,,,,,,,,,,1,1,1,1.0,6.0
201700020833,0017-10-14 16:25:00,17,10,14,16,25,570,338,d620 PK9,49.07618,7.38067,Plein jour,Hors agglomération,Hors intersection,Normale,Trois véhicules et plus - en chaîne,,,,,,,,,,,1,1,1,1.0,4.0
201700020834,0017-12-19 07:00:00,17,12,19,7,0,570,732,d35a,49.12516,7.38262,Nuit sans éclairage public,Hors agglomération,Hors intersection,Temps couvert,Sans collision,,,,,,,,,,,3,1,1,8.0,7.0
201700020835,0017-04-09 16:45:00,17,4,9,16,45,570,628,RD656,49.00915,6.99411,Plein jour,Hors agglomération,Autre intersection,Normale,Deux véhicules - côté,,,,,,,,,,,1,1,9,1.0,3.0
201700020836,0017-06-12 18:25:00,17,6,12,18,25,570,267,RD 28,48.97855,6.92404,Plein jour,Hors agglomération,Hors intersection,Normale,Deux véhicules - frontale,,,,,,,,,,,1,1,1,1.0,1.0
201700020837,0017-08-21 14:01:00,17,8,21,14,1,570,628,D156F,48.99579,7.01393,Plein jour,Hors agglomération,Intersection en X,Normale,Deux véhicules - côté,,,,,,,,,,,1,1,2,1.0,3.0
201700020838,0017-02-05 11:10:00,17,2,5,11,10,570,498,D09A,49.29268,6.00365,Plein jour,Hors agglomération,Hors intersection,Pluie légère,Autre collision,,,,,,,,,,,1,1,1,2.0,6.0
201700020839,0017-02-16 08:30:00,17,2,16,8,30,570,498,CD 57,49.32305,6.03803,Crépuscule ou aube,Hors agglomération,Hors intersection,Normale,Autre collision,,,,,,,,,,,2,1,1,1.0,6.0
201700020840,0017-02-19 19:45:00,17,2,19,19,45,570,38,RD 16,,,Nuit sans éclairage public,Hors agglomération,Hors intersection,Pluie légère,Trois véhicules et plus - collisions multiples,,,,,,,,,,,3,1,1,2.0,5.0
201700020841,0017-04-02 12:10:00,17,4,2,12,10,570,565,D326,49.49206,5.91732,Plein jour,Hors agglomération,Hors intersection,Normale,Sans collision,,,,,,,,,,,1,1,1,1.0,7.0
201700020842,0017-07-02 20:15:00,17,7,2,20,15,570,38,RD 16,49.45546,5.95536,Plein jour,Hors agglomération,Hors intersection,Normale,Deux véhicules - frontale,,,,,,,,,,,1,1,1,1.0,1.0
201700020843,0017-08-07 15:30:00,17,8,7,15,30,570,678,D59,49.41396,5.99204,Plein jour,En agglomération,Intersection en X,Normale,Deux véhicules - arrière,,,,,,,,,,,1,2,2,1.0,2.0
201700020844,0017-10-17 18:10:00,17,10,17,18,10,570,96,17 rue de verdun,49.3731,5.95126,Crépuscule ou aube,En agglomération,Hors intersection,Normale,Autre collision,,,,,,,,,,,2,2,1,1.0,6.0
201700020845,0017-11-06 16:20:00,17,11,6,16,20,570,41,Route d'audun le tiche,49.42022,5.93989,Plein jour,En agglomération,Intersection en X,Normale,Deux véhicules - côté,,,,,,,,,,,1,2,2,1.0,3.0
201700020846,0017-02-15 19:15:00,17,2,15,19,15,570,269,rue  haute,49.30689,6.21472,Nuit avec éclairage allumé,En agglomération,Hors intersection,Normale,Autre collision,,,,,,,,,,,5,2,1,1.0,6.0
201700020847,0017-03-04 02:00:00,17,3,4,2,0,570,67,54 grand rue,49.31225,6.1965,Nuit avec éclairage allumé,En agglomération,Hors intersection,Normale,Autre collision,,,,,,,,,,,5,2,1,1.0,6.0
201700020848,0017-04-28 22:00:00,17,4,28,22,0,570,359,D60 A,49.33121,6.39306,Nuit sans éclairage public,Hors agglomération,Hors intersection,Brouillard / fumée,Autre collision,,,,,,,,,,,3,1,1,5.0,6.0
201700020849,0017-05-05 17:00:00,17,5,5,17,0,570,331,RD 918,49.2986,6.35738,Plein jour,Hors agglomération,Hors intersection,Normale,Sans collision,,,,,,,,,,,1,1,1,1.0,7.0
201700020850,0017-05-10 18:30:00,17,5,10,18,30,570,704,ROUTE DE MONNEREN,49.34088,6.38066,Plein jour,Hors agglomération,Hors intersection,Normale,Deux véhicules - frontale,,,,,,,,,,,1,1,1,1.0,1.0
201700020851,0017-05-16 08:30:00,17,5,16,8,30,570,102,13 rue de la Moselle,49.26611,6.18793,Plein jour,Hors agglomération,Hors intersection,Normale,Autre collision,,,,,,,,,,,1,1,1,1.0,6.0
201700020852,0017-07-04 17:50:00,17,7,4,17,50,570,287,D56,49.37734,6.25115,Plein jour,Hors agglomération,Hors intersection,Normale,Deux véhicules - côté,,,,,,,,,,,1,1,1,1.0,3.0
201700020853,0017-07-09 16:45:00,17,7,9,16,45,570,331,21 rue principale,49.29731,6.34766,Plein jour,En agglomération,Hors intersection,Normale,Autre collision,,,,,,,,,,,1,2,1,1.0,6.0
201700020854,0017-09-08 01:15:00,17,9,8,1,15,570,370,D654 rue de Thionville,49.39321,6.26948,Nuit sans éclairage public,Hors agglomération,Giratoire,Normale,Sans collision,,,,,,,,,,,3,1,6,1.0,7.0
201700020855,0017-11-10 20:30:00,17,11,10,20,30,570,102,4 rue du lièvre,49.27198,6.19764,Nuit sans éclairage public,En agglomération,Hors intersection,Normale,Autre collision,,,,,,,,,,,3,2,1,1.0,6.0
201700020856,0017-01-08 10:15:00,17,1,8,10,15,350,251,D175 PK28.500,48.27415,-1.59986,Crépuscule ou aube,Hors agglomération,Hors intersection,Brouillard / fumée,Deux véhicules - arrière,,,,,,,,,,,2,1,1,5.0,2.0
201700020857,0017-02-04 20:30:00,17,2,4,20,30,350,173,rue de Montreuil,48.23075,-1.70643,Nuit sans éclairage public,Hors agglomération,Intersection en X,Pluie légère,Deux véhicules - frontale,,,,,,,,,,,3,1,2,2.0,1.0
201700020858,0017-04-06 13:50:00,17,4,6,13,50,350,24,place du calvaire,48.18098,-1.63635,Plein jour,En agglomération,Place,Normale,Autre collision,,,,,,,,,,,1,2,7,1.0,6.0
201700020859,0017-06-20 18:05:00,17,6,20,18,5,350,24,Lieu-dit Bel Air,48.1659,-1.64538,Plein jour,Hors agglomération,Hors intersection,Normale,Deux véhicules - frontale,,,,,,,,,,,1,1,1,1.0,1.0
201700020860,0017-07-03 17:25:00,17,7,3,17,25,350,173,Le Chêne Noël,48.19589,-1.69501,Plein jour,Hors agglomération,Hors intersection,Normale,Trois véhicules et plus - collisions multiples,,,,,,,,,,,1,1,1,1.0,5.0
201700020861,0017-08-01 07:40:00,17,8,1,7,40,350,24,,48.18192,-1.62474,Plein jour,Hors agglomération,Hors intersection,Normale,Deux véhicules - frontale,,,,,,,,,,,1,1,1,1.0,1.0
201700020862,0017-08-23 18:25:00,17,8,23,18,25,350,251,intersection D106- Echan,48.25596,-1.60387,Plein jour,Hors agglomération,Intersection en X,Normale,Deux véhicules - côté,,,,,,,,,,,1,1,2,1.0,3.0
201700020863,0017-09-20 08:30:00,17,9,20,8,30,350,173,la grande cour,48.1984,-1.69198,Plein jour,Hors agglomération,Intersection en T,Normale,Deux véhicules - côté,,,,,,,,,,,1,1,3,1.0,3.0
201700020864,0017-09-20 08:15:00,17,9,20,8,15,350,173,,48.20431,-1.6957,Plein jour,Hors agglomération,Autre intersection,Normale,Deux véhicules - côté,,,,,,,,,,,1,1,9,1.0,3.0
201700020865,0017-09-28 09:00:00,17,9,28,9,0,350,24,"RD 175 - Pk 39,800",48.17431,-1.62577,Crépuscule ou aube,Hors agglomération,Hors intersection,Normale,Trois véhicules et plus - en chaîne,,,,,,,,,,,2,1,1,1.0,4.0
201700020866,0017-10-05 19:20:00,17,10,5,19,20,350,251,CD 175 - Le chêne des No,48.25272,-1.60921,Plein jour,Hors agglomération,Hors intersection,Normale,Deux véhicules - frontale,,,,,,,,,,,1,1,1,1.0,1.0
201700020867,0017-10-31 10:45:00,17,10,31,10,45,350,193,LA JANDIERE,48.25622,-1.72064,Plein jour,Hors agglomération,Hors intersection,Normale,Deux véhicules - arrière,,,,,,,,,,,1,1,1,1.0,2.0
201700020868,0017-12-26 17:00:00,17,12,26,17,0,350,24,12 avenue d'Armorique,48.18122,-1.63811,Crépuscule ou aube,En agglomération,Hors intersection,Pluie forte,Autre collision,,,,,,,,,,,2,2,1,3.0,6.0
201700020869,0017-03-12 05:00:00,17,3,12,5,0,310,157,14 rue du pré vicinal,43.53762,1.34253,Nuit avec éclairage allumé,En agglomération,Hors intersection,Normale,Autre collision,,,,,,,,,,,5,2,1,1.0,6.0
201700020870,0017-05-13 10:25:00,17,5,13,10,25,310,157,Avenue Léo Lagrange,43.53901,1.35108,Plein jour,En agglomération,Hors intersection,Normale,Autre collision,,,,,,,,,,,1,2,1,1.0,6.0
201700020871,0017-06-13 09:08:00,17,6,13,9,8,310,588,4 avenue de francazal,43.52461,1.344,Plein jour,En agglomération,Hors intersection,Normale,Sans collision,,,,,,,,,,,1,2,1,1.0,7.0
201700020872,0017-08-01 11:00:00,17,8,1,11,0,310,157,105 route de toulouse,43.5455,1.35065,Plein jour,En agglomération,Giratoire,Normale,Deux véhicules - arrière,,,,,,,,,,,1,2,6,1.0,2.0
201700020873,0017-08-24 17:50:00,17,8,24,17,50,310,588,34 boulevard des Pyrénée,43.52626,1.33517,Plein jour,En agglomération,Intersection en X,Normale,Deux véhicules - frontale,,,,,,,,,,,1,2,2,1.0,1.0
201700020874,0017-03-18 04:45:00,17,3,18,4,45,290,237,route de la Martyre,48.46881,-4.19589,Nuit sans éclairage public,En agglomération,Hors intersection,Pluie légère,Autre collision,,,,,,,,,,,3,2,1,2.0,6.0
201700020875,0017-11-26 02:10:00,17,11,26,2,10,290,181,rue du Pont,48.48588,-4.24519,Nuit avec éclairage allumé,En agglomération,Intersection en T,Normale,Autre collision,,,,,,,,,,,5,2,3,1.0,6.0
201700020876,0017-08-18 14:00:00,17,8,18,14,0,30,180,RN79 PR048+000 sens MACO,46.53358,3.48473,Plein jour,Hors agglomération,Hors intersection,Normale,Sans collision,,,,,,,,,,,1,1,1,1.0,7.0
201700020877,0017-08-31 07:00:00,17,8,31,7,0,30,86,RN79 PR075+250,46.47891,3.83209,Crépuscule ou aube,Hors agglomération,Hors intersection,Normale,Deux véhicules - frontale,,,,,,,,,,,2,1,1,1.0,1.0
201700020878,0017-10-25 10:35:00,17,10,25,10,35,330,272,RN 10.,45.06641,-0.39282,Plein jour,Hors agglomération,Hors intersection,Normale,Trois véhicules et plus - en chaîne,,,,,,,,,,,1,1,1,1.0,4.0
201700020879,0017-01-14 06:28:00,17,1,14,6,28,300,47,rue joseph d'arbaud,43.80614,4.43447,Nuit sans éclairage public,En agglomération,Hors intersection,Normale,Deux véhicules - frontale,,,,,,,,,,,3,2,1,1.0,1.0
201700020880,0017-01-22 07:30:00,17,1,22,7,30,300,34,rd6113,43.7677,4.47445,Nuit sans éclairage public,Hors agglomération,Hors intersection,Pluie légère,Sans collision,,,,,,,,,,,3,1,1,2.0,7.0
201700020881,0017-01-24 13:30:00,17,1,24,13,30,300,125,D442A,43.76315,4.42699,Plein jour,En agglomération,Giratoire,Normale,Sans collision,,,,,,,,,,,1,2,6,1.0,7.0
201700020882,0017-02-13 14:10:00,17,2,13,14,10,300,135,le lacquet,43.84329,4.5469,Plein jour,Hors agglomération,Hors intersection,Normale,Sans collision,,,,,,,,,,,1,1,1,1.0,7.0
201700020883,0017-04-07 19:00:00,17,4,7,19,0,300,47,cd6113,43.80021,4.40999,Plein jour,Hors agglomération,Intersection en T,Normale,Deux véhicules - côté,,,,,,,,,,,1,1,3,1.0,3.0
201700020884,0017-04-18 09:30:00,17,4,18,9,30,300,34,04 rue des arènes,43.75696,4.51275,Crépuscule ou aube,En agglomération,Autre intersection,Normale,Autre collision,,,,,,,,,,,2,2,9,1.0,6.0
201700020885,0017-06-15 07:35:00,17,6,15,7,35,300,34,D 38,43.74562,4.52019,Plein jour,Hors agglomération,Intersection en T,Temps éblouissant,Deux véhicules - frontale,,,,,,,,,,,1,1,3,7.0,1.0
201700020886,0017-07-04 20:30:00,17,7,4,20,30,300,34,RD6113,43.75968,4.48886,Plein jour,Hors agglomération,Hors intersection,Normale,Deux véhicules - frontale,,,,,,,,,,,1,1,1,1.0,1.0
201700020887,0017-07-11 15:45:00,17,7,11,15,45,300,34,RD6113,43.76429,4.47632,Plein jour,Hors agglomération,Hors intersection,Normale,Deux véhicules - frontale,,,,,,,,,,,1,1,1,1.0,1.0
201700020888,0017-07-20 06:20:00,17,7,20,6,20,300,34,D6113 PR 15+900,43.76694,4.47484,Crépuscule ou aube,Hors agglomération,Hors intersection,Pluie légère,Autre collision,,,,,,,,,,,2,1,1,2.0,6.0
201700020889,0017-08-19 14:35:00,17,8,19,14,35,300,125,D6113,43.79163,4.43019,Plein jour,Hors agglomération,Hors intersection,Normale,Deux véhicules - frontale,,,,,,,,,,,1,1,1,1.0,1.0
201700020890,0017-10-07 01:50:00,17,10,7,1,50,300,47,RD6113,43.79164,4.43018,Nuit sans éclairage public,Hors agglomération,Hors intersection,Vent fort / tempête,Autre collision,,,,,,,,,,,3,1,1,6.0,6.0