accident_id,datetime,annee,mois,jour,heure,minute,departement,commune_insee,adresse,latitude,longitude,luminosite,agglomeration,intersection,meteo,collision,nb_vehicules,nb_usagers,nb_indemnes,nb_tues,nb_blesses_hosp,nb_blesses_legers,age_cond_1,age_cond_2,veh_type_cond_1,veh_type_cond_2,lum_code,agg_code,int_code,atm_code,col_code
201700021013,0017-12-12 10:35:00,17,12,12,10,35,160,102,36 bd DENFERT ROCHEREAU,45.69505,-0.32587,Plein jour,En agglomération,Hors intersection,Normale,Sans collision,,,,,,,,,,,1,2,1,1.0,7.0
201700021014,0017-07-05 16:00:00,17,7,5,16,0,770,6,D409 - RTE FONTAINEBLEAU,48.41339,2.58406,Plein jour,Hors agglomération,Hors intersection,Normale,Deux véhicules - côté,,,,,,,,,,,1,1,1,1.0,3.0
201700021015,0017-09-21 22:45:00,17,9,21,22,45,770,69,D607 X D64,48.4621,2.60806,Nuit avec éclairage allumé,Hors agglomération,Intersection en X,Normale,Autre collision,,,,,,,,,,,5,1,2,1.0,6.0
201700021016,0017-10-01 12:45:00,17,10,1,12,45,770,6,600 rue grande,48.4174,2.56537,Plein jour,En agglomération,Hors intersection,Pluie légère,Autre collision,,,,,,,,,,,1,2,1,2.0,6.0
201700021017,0017-11-17 08:30:00,17,11,17,8,30,770,359,D372,48.48326,2.56795,Plein jour,Hors agglomération,Hors intersection,Pluie légère,Trois véhicules et plus - collisions multiples,,,,,,,,,,,1,1,1,2.0,5.0
201700021018,0017-06-15 15:40:00,17,6,15,15,40,690,260,Route de Givors,45.64152,4.80887,Plein jour,En agglomération,Hors intersection,Normale,Deux véhicules - côté,,,,,,,,,,,1,2,1,1.0,3.0
201700021019,0017-06-30 05:15:00,17,6,30,5,15,690,260,CD 315,45.65007,4.80977,Crépuscule ou aube,Hors agglomération,Hors intersection,Normale,Sans collision,,,,,,,,,,,2,1,1,1.0,7.0
201700021020,0017-07-03 08:30:00,17,7,3,8,30,690,100,Rue du 08 mai 1945,45.67564,4.82288,Plein jour,En agglomération,Hors intersection,Normale,Autre collision,,,,,,,,,,,1,2,1,1.0,6.0
201700021021,0017-07-11 15:20:00,17,7,11,15,20,690,100,intersection chemin de q,45.65782,4.8197,Plein jour,En agglomération,Hors intersection,Normale,Deux véhicules - côté,,,,,,,,,,,1,2,1,1.0,3.0
201700021022,0017-07-20 05:05:00,17,7,20,5,5,690,133,CD 315,45.63449,4.8049,Nuit avec éclairage allumé,Hors agglomération,Hors intersection,Autre,Autre collision,,,,,,,,,,,5,1,1,9.0,6.0
201700021023,0017-09-04 17:00:00,17,9,4,17,0,690,100,INTERSECTION RUE DE LA M,45.69066,4.82163,Plein jour,En agglomération,Hors intersection,Normale,Deux véhicules - frontale,,,,,,,,,,,1,2,1,1.0,1.0
201700021024,0017-10-16 16:00:00,17,10,16,16,0,690,100,60 rue du vieux port,45.68223,4.82875,Plein jour,En agglomération,Hors intersection,Normale,Deux véhicules - frontale,,,,,,,,,,,1,2,1,1.0,1.0
201700021025,0017-11-03 12:45:00,17,11,3,12,45,690,100,62 rue d'yvours,45.6868,4.82671,Plein jour,En agglomération,Hors intersection,Normale,Deux véhicules - frontale,,,,,,,,,,,1,2,1,1.0,1.0
201700021026,0017-11-25 06:35:00,17,11,25,6,35,690,46,rue Jean Baptiste Frenet,45.6482,4.79373,Nuit avec éclairage allumé,En agglomération,Hors intersection,Pluie forte,Autre collision,,,,,,,,,,,5,2,1,3.0,6.0
201700021027,0017-12-01 07:25:00,17,12,1,7,25,690,260,rue de la maçonnière,45.64797,4.80441,Crépuscule ou aube,En agglomération,Hors intersection,Pluie légère,Deux véhicules - arrière,,,,,,,,,,,2,2,1,2.0,2.0
201700021028,0017-11-30 13:15:00,17,11,30,13,15,690,260,rue des cerisiers,45.65131,4.81319,Plein jour,En agglomération,Hors intersection,Normale,Autre collision,,,,,,,,,,,1,2,1,1.0,6.0
201700021029,0017-12-28 21:30:00,17,12,28,21,30,690,46,route de Vourles,45.66819,4.79435,Nuit sans éclairage public,Hors agglomération,Hors intersection,Temps couvert,Autre collision,,,,,,,,,,,3,1,1,8.0,6.0
201700021030,0017-02-10 07:40:00,17,2,10,7,40,590,301,45 rue du rieu de condé,50.49497,3.55082,Plein jour,En agglomération,Hors intersection,Normale,Deux véhicules - côté,,,,,,,,,,,1,2,1,1.0,3.0
201700021031,0017-04-23 11:42:00,17,4,23,11,42,590,114,1078 rue du long buhaut,50.47157,3.48742,Plein jour,En agglomération,Hors intersection,Normale,Deux véhicules - arrière,,,,,,,,,,,1,2,1,1.0,2.0
201700021032,0017-06-02 17:00:00,17,6,2,17,0,590,335,157 rue des feves,50.4567,3.42282,Plein jour,En agglomération,Hors intersection,Normale,Autre collision,,,,,,,,,,,1,2,1,1.0,6.0
201700021033,0017-07-08 19:15:00,17,7,8,19,15,590,301,184 rue jean jaurès,50.46703,3.54516,Plein jour,En agglomération,Hors intersection,Temps éblouissant,Autre collision,,,,,,,,,,,1,2,1,7.0,6.0
201700021034,0017-11-19 03:30:00,17,11,19,3,30,590,335,Route  de Tournai,50.48233,3.42514,Nuit avec éclairage allumé,En agglomération,Intersection en T,Pluie légère,Deux véhicules - côté,,,,,,,,,,,5,2,3,2.0,3.0
201700021035,0017-01-26 17:10:00,17,1,26,17,10,660,189,Boulevard du 08 mai 1945,42.65467,2.95359,Crépuscule ou aube,En agglomération,Giratoire,Normale,Autre collision,,,,,,,,,,,2,2,6,1.0,6.0
201700021036,0017-06-11 07:00:00,17,6,11,7,0,660,28,avenue du Générale Dugom,,,Plein jour,En agglomération,Hors intersection,Normale,Autre collision,,,,,,,,,,,1,2,1,1.0,6.0
201700021037,0017-09-13 13:40:00,17,9,13,13,40,660,189,Rue Jean Bouin,42.65845,2.95399,Plein jour,En agglomération,Autre intersection,Normale,Deux véhicules - côté,,,,,,,,,,,1,2,9,1.0,3.0
201700021038,0017-10-17 08:50:00,17,10,17,8,50,660,28,Rue Pierre de COUBERTIN,42.6777,2.94171,Plein jour,En agglomération,Hors intersection,Normale,Autre collision,,,,,,,,,,,1,2,1,1.0,6.0
201700021039,0017-12-07 19:50:00,17,12,7,19,50,170,299,MILLE PATTES BOULEVARD D,45.93064,-0.98106,Nuit sans éclairage public,En agglomération,Hors intersection,Normale,Trois véhicules et plus - collisions multiples,,,,,,,,,,,3,2,1,1.0,5.0
201700021040,0017-01-04 08:45:00,17,1,4,8,45,170,299,"., DIERAS AVENUE DU DOCT",45.94776,-0.97633,Plein jour,En agglomération,Hors intersection,Normale,Sans collision,,,,,,,,,,,1,2,1,1.0,7.0
201700021041,0017-01-24 17:20:00,17,1,24,17,20,170,299,"., BIGNON BOULEVARD ET R",45.9557,-0.98184,Plein jour,Hors agglomération,Hors intersection,Normale,Deux véhicules - côté,,,,,,,,,,,1,1,1,1.0,3.0
201700021042,0017-01-31 15:45:00,17,1,31,15,45,170,299,"1, MALLET MAURICE",45.96508,-0.95936,Plein jour,Hors agglomération,Hors intersection,Normale,Sans collision,,,,,,,,,,,1,1,1,1.0,7.0
201700021043,0017-02-07 17:05:00,17,2,7,17,5,170,449,"., SAINTONGE AVENUE DE",45.95352,-0.87892,Plein jour,Hors agglomération,Giratoire,Normale,Autre collision,,,,,,,,,,,1,1,6,1.0,6.0
201700021044,0017-02-10 10:45:00,17,2,10,10,45,170,449,"., R.D. 911",45.95953,-0.93093,Plein jour,Hors agglomération,Intersection en T,Normale,Deux véhicules - côté,,,,,,,,,,,1,1,3,1.0,3.0
201700021045,0017-02-16 14:45:00,17,2,16,14,45,170,299,"., BAUDIN IMPASSE ET RUE",45.93592,-0.96911,Plein jour,En agglomération,Intersection en Y,Normale,Autre collision,,,,,,,,,,,1,2,4,1.0,6.0
201700021046,0017-03-14 16:30:00,17,3,14,16,30,170,299,"22, GRIMAUX RUE",45.93395,-0.95866,Plein jour,En agglomération,Hors intersection,Normale,Deux véhicules - arrière,,,,,,,,,,,1,2,1,1.0,2.0
201700021047,0017-03-18 17:30:00,17,3,18,17,30,170,299,"., ONZE NOVEMBRE 1918 AV",45.9234,-0.95934,Plein jour,En agglomération,Hors intersection,Normale,Deux véhicules - côté,,,,,,,,,,,1,2,1,1.0,3.0
201700021048,0017-03-21 07:05:00,17,3,21,7,5,170,299,"89, TOUFAIRE RUE",45.93281,0.9592,Crépuscule ou aube,En agglomération,Hors intersection,Pluie légère,Sans collision,,,,,,,,,,,2,2,1,2.0,7.0
201700021049,0017-03-28 18:10:00,17,3,28,18,10,170,449,"61, AUNIS AVENUE D'",45.94929,-0.9206,Plein jour,En agglomération,Hors intersection,Normale,Deux véhicules - côté,,,,,,,,,,,1,2,1,1.0,3.0
201700021050,0017-04-07 17:40:00,17,4,7,17,40,170,299,"., ONZE NOVEMBRE 1918 AV",45.92564,-0.95998,Plein jour,En agglomération,Intersection en X,Normale,Deux véhicules - côté,,,,,,,,,,,1,2,2,1.0,3.0
201700021051,0017-04-12 18:35:00,17,4,12,18,35,170,449,"105, AUNIS AVENUE D'",45.95003,-0.92544,Plein jour,En agglomération,Hors intersection,Normale,Deux véhicules - côté,,,,,,,,,,,1,2,1,1.0,3.0
201700021052,0017-04-25 20:00:00,17,4,25,20,0,170,299,"35, BACHELARD AVENUE VIC",45.95227,-0.95401,Plein jour,En agglomération,Hors intersection,Normale,Deux véhicules - frontale,,,,,,,,,,,1,2,1,1.0,1.0
201700021053,0017-05-17 08:45:00,17,5,17,8,45,170,299,"., POUZET BOULEVARD EDOU",45.93709,-0.98285,Plein jour,En agglomération,Giratoire,Normale,Deux véhicules - côté,,,,,,,,,,,1,2,6,1.0,3.0
201700021054,0017-06-02 15:40:00,17,6,2,15,40,170,449,"3, GAULLE AVENUE DU GENE",45.94436,-0.89324,Plein jour,En agglomération,Hors intersection,Normale,Deux véhicules - côté,,,,,,,,,,,1,2,1,1.0,3.0
201700021055,0017-06-28 15:05:00,17,6,28,15,5,170,449,"., R.D. 137 (TONNAY CHAR",45.94444,-0.86479,Plein jour,Hors agglomération,Intersection en X,Normale,Deux véhicules - arrière,,,,,,,,,,,1,1,2,1.0,2.0
201700021056,0017-07-04 15:45:00,17,7,4,15,45,170,299,"., CASSE AUX PRETRES RUE",45.95556,-0.96912,Plein jour,En agglomération,Intersection en T,Normale,Deux véhicules - côté,,,,,,,,,,,1,2,3,1.0,3.0
201700021057,0017-08-02 14:45:00,17,8,2,14,45,170,449,"22, AUNIS AVENUE D'",45.94835,-0.91406,Plein jour,En agglomération,Hors intersection,Normale,Trois véhicules et plus - en chaîne,,,,,,,,,,,1,2,1,1.0,4.0
201700021058,0017-08-03 07:10:00,17,8,3,7,10,170,299,"., BEGON ROND POINT ET R",45.94337,-0.96031,Crépuscule ou aube,En agglomération,Giratoire,Normale,Deux véhicules - côté,,,,,,,,,,,2,2,6,1.0,3.0
201700021059,0017-08-15 22:20:00,17,8,15,22,20,170,449,Voie communale 14,45.96222,-0.8861,Nuit sans éclairage public,Hors agglomération,Hors intersection,Normale,Autre collision,,,,,,,,,,,3,1,1,1.0,6.0
201700021060,0017-08-16 01:20:00,17,8,16,1,20,170,299,"., ROCHELLE ROUTE DE LA",45.96117,-0.97921,Nuit avec éclairage non allumé,Hors agglomération,Hors intersection,Normale,Sans collision,,,,,,,,,,,4,1,1,1.0,7.0
201700021061,0017-08-23 14:25:00,17,8,23,14,25,170,299,"5+679, MILLE PATTES BOUL",45.92725,-0.97749,Plein jour,Hors agglomération,Hors intersection,Normale,Deux véhicules - frontale,,,,,,,,,,,1,1,1,1.0,1.0
201700021062,0017-09-13 17:30:00,17,9,13,17,30,170,299,"., MILLE PATTES BOULEVAR",45.92665,-0.97677,Plein jour,Hors agglomération,Hors intersection,Normale,Trois véhicules et plus - en chaîne,,,,,,,,,,,1,1,1,1.0,4.0
201700021063,0017-09-26 07:40:00,17,9,26,7,40,170,449,"., TOUCHE ROND POINT DE",45.94818,-0.91053,Crépuscule ou aube,En agglomération,Giratoire,Normale,Deux véhicules - côté,,,,,,,,,,,2,2,6,1.0,3.0
201700021064,0017-09-27 13:45:00,17,9,27,13,45,170,449,"13, LIBERATION QUAI",45.94248,-0.89096,Plein jour,En agglomération,Hors intersection,Normale,Deux véhicules - côté,,,,,,,,,,,1,2,1,1.0,3.0
201700021065,0017-09-28 07:55:00,17,9,28,7,55,170,449,"77, SAINTONGE AVENUE DE",45.9499,-0.89873,Plein jour,En agglomération,Hors intersection,Normale,Trois véhicules et plus - en chaîne,,,,,,,,,,,1,2,1,1.0,4.0
201700021066,0017-10-06 22:30:00,17,10,6,22,30,170,299,POUZET BOULEVARD EDOUARD,45.93497,-0.97959,Nuit avec éclairage allumé,En agglomération,Hors intersection,Normale,Deux véhicules - côté,,,,,,,,,,,5,2,1,1.0,3.0
201700021067,0017-10-20 11:15:00,17,10,20,11,15,170,299,"6, PONTY AVENUE W.",45.946,-0.95519,Plein jour,En agglomération,Hors intersection,Normale,Deux véhicules - arrière,,,,,,,,,,,1,2,1,1.0,2.0
201700021068,0017-11-14 14:40:00,17,11,14,14,40,170,299,"55, PELTIER RUE DU DOCTE",45.93735,-0.96407,Plein jour,En agglomération,Hors intersection,Normale,Autre collision,,,,,,,,,,,1,2,1,1.0,6.0
201700021069,0017-11-25 08:55:00,17,11,25,8,55,170,299,"36, AUNIS AVENUE D'",45.95167,-0.97722,Plein jour,En agglomération,Hors intersection,Pluie légère,Autre collision,,,,,,,,,,,1,2,1,2.0,6.0
201700021070,0017-11-27 10:45:00,17,11,27,10,45,170,299,"., BIGNON BOULEVARD ET R",45.9461,-0.9886,Plein jour,En agglomération,Hors intersection,Normale,Deux véhicules - arrière,,,,,,,,,,,1,2,1,1.0,2.0
201700021071,0017-11-30 17:55:00,17,11,30,17,55,170,299,"., PELLETAN AVENUE",45.94312,-0.96073,Nuit avec éclairage allumé,En agglomération,Hors intersection,Pluie légère,Autre collision,,,,,,,,,,,5,2,1,2.0,6.0
201700021072,0017-12-05 16:35:00,17,12,5,16,35,170,299,PELLETAN AVENUE,45.94185,-0.96285,Plein jour,En agglomération,Hors intersection,Temps éblouissant,Autre collision,,,,,,,,,,,1,2,1,7.0,6.0
201700021073,0017-01-04 09:14:00,17,1,4,9,14,170,200,"2, FREYSSINET",46.1895,-1.14297,Plein jour,En agglomération,Intersection en X,Brouillard / fumée,Deux véhicules - côté,,,,,,,,,,,1,2,2,5.0,3.0
201700021074,0017-01-04 12:13:00,17,1,4,12,13,170,300,"02, BOURGOGNE   AVENUE D",46.1591,-1.18278,Plein jour,En agglomération,Intersection en X,Normale,Autre collision,,,,,,,,,,,1,2,2,1.0,6.0
201700021075,0017-01-04 16:50:00,17,1,4,16,50,170,300,"9, BARROERE   RUE DE LA",46.1479,-1.148,Plein jour,En agglomération,Intersection en X,Normale,Deux véhicules - côté,,,,,,,,,,,1,2,2,1.0,3.0
201700021076,0017-01-05 12:09:00,17,1,5,12,9,170,274,D108,46.1534,-1.1132,Plein jour,En agglomération,Hors intersection,Normale,Trois véhicules et plus - collisions multiples,,,,,,,,,,,1,2,1,1.0,5.0
201700021077,0017-01-05 20:05:00,17,1,5,20,5,170,274,"1, REPUBLIQUE   ROND-POI",46.15341,-1.11303,Nuit avec éclairage allumé,En agglomération,Giratoire,Normale,Deux véhicules - arrière,,,,,,,,,,,5,2,6,1.0,2.0
201700021078,0017-01-08 00:40:00,17,1,8,0,40,170,291,34 PK RN11 ROCADE NANTES,46.17557,-1.10874,Nuit avec éclairage allumé,Hors agglomération,Hors intersection,Normale,Deux véhicules - arrière,,,,,,,,,,,5,1,1,1.0,2.0
201700021079,0017-01-14 16:30:00,17,1,14,16,30,170,300,"2, AQUEDUC   RUE DE L'",46.16965,-1.14792,Plein jour,En agglomération,Hors intersection,Normale,Autre collision,,,,,,,,,,,1,2,1,1.0,6.0
201700021080,0017-01-18 12:00:00,17,1,18,12,0,170,300,"1, GUILLET   AVENUE LOUI",46.16933,-1.18519,Plein jour,En agglomération,Intersection en T,Normale,Autre collision,,,,,,,,,,,1,2,3,1.0,6.0
201700021081,0017-01-23 16:30:00,17,1,23,16,30,170,300,"25, COGNEHORS   BOULEVAR",46.16882,-1.14523,Plein jour,Hors agglomération,Hors intersection,Normale,Sans collision,,,,,,,,,,,1,1,1,1.0,7.0
201700021082,0017-01-24 09:35:00,17,1,24,9,35,170,300,"1, ROYALE   AVENUE DE LA",46.16225,-1.14231,Plein jour,En agglomération,Intersection en T,Normale,Autre collision,,,,,,,,,,,1,2,3,1.0,6.0
201700021083,0017-01-24 10:25:00,17,1,24,10,25,170,300,"2, SAUTEL  BOULEVARD AND",46.16919,-1.12896,Plein jour,En agglomération,Hors intersection,Normale,Autre collision,,,,,,,,,,,1,2,1,1.0,6.0
201700021084,0017-01-25 10:05:00,17,1,25,10,5,170,300,"298, CARNOT   AVENUE",46.16566,-1.18796,Plein jour,En agglomération,Hors intersection,Normale,Autre collision,,,,,,,,,,,1,2,1,1.0,6.0
201700021085,0017-01-25 11:05:00,17,1,25,11,5,170,300,"2, SARTRE   AVENUE JEAN-",46.15491,-1.13586,Plein jour,En agglomération,Intersection en X,Normale,Sans collision,,,,,,,,,,,1,2,2,1.0,7.0
201700021086,0017-01-26 07:50:00,17,1,26,7,50,170,300,"148, REMPARTS   CHEMIN D",46.1665,-1.15321,Crépuscule ou aube,En agglomération,Intersection en T,Normale,Deux véhicules - côté,,,,,,,,,,,2,2,3,1.0,3.0
201700021087,0017-01-27 15:10:00,17,1,27,15,10,170,300,"40, SAUTEL  BOULEVARD AN",46.16733,-1.13467,Plein jour,En agglomération,Hors intersection,Normale,Trois véhicules et plus - en chaîne,,,,,,,,,,,1,2,1,1.0,4.0
201700021088,0017-01-27 16:45:00,17,1,27,16,45,170,300,SAUTEL  BOULEVARD ANDRE,46.16802,-1.13255,Plein jour,En agglomération,Hors intersection,Normale,Trois véhicules et plus - en chaîne,,,,,,,,,,,1,2,1,1.0,4.0
201700021089,0017-01-28 11:35:00,17,1,28,11,35,170,274,"14, POTEAU   RUE DU",46.16435,-1.1089,Plein jour,En agglomération,Hors intersection,Pluie légère,Deux véhicules - côté,,,,,,,,,,,1,2,1,2.0,3.0
201700021090,0017-01-29 02:15:00,17,1,29,2,15,170,291,33 PK RN11 NANTES ROCADE,46.1792,-1.09665,Nuit avec éclairage allumé,En agglomération,Hors intersection,Brouillard / fumée,Deux véhicules - arrière,,,,,,,,,,,5,2,1,5.0,2.0
201700021091,0017-01-31 15:25:00,17,1,31,15,25,170,300,"28, LUXEMBOURG   AVENUE",46.16919,-1.17859,Plein jour,En agglomération,Hors intersection,Normale,Autre collision,,,,,,,,,,,1,2,1,1.0,6.0
201700021092,0017-01-31 17:03:00,17,1,31,17,3,170,300,"1, MOULIN   AVENUE JEAN",46.1519,-1.13975,Plein jour,En agglomération,Giratoire,Normale,Deux véhicules - côté,,,,,,,,,,,1,2,6,1.0,3.0
201700021093,0017-01-31 18:29:00,17,1,31,18,29,170,300,"1, CARNOT   AVENUE",46.16571,-1.18826,Nuit avec éclairage allumé,En agglomération,Giratoire,Normale,Trois véhicules et plus - collisions multiples,,,,,,,,,,,5,2,6,1.0,5.0
201700021094,0017-02-01 01:10:00,17,2,1,1,10,170,300,SUIRE   PONT LOUIS,46.15883,-1.14774,Nuit avec éclairage allumé,En agglomération,Autre intersection,Normale,Autre collision,,,,,,,,,,,5,2,9,1.0,6.0
201700021095,0017-02-01 07:46:00,17,2,1,7,46,170,300,"1, ONZE NOVEMBRE 1918",46.17371,-1.15037,Crépuscule ou aube,En agglomération,Hors intersection,Normale,Deux véhicules - arrière,,,,,,,,,,,2,2,1,1.0,2.0
201700021096,0017-02-02 07:55:00,17,2,2,7,55,170,300,"1, CHAUDRIER   RUE",46.16174,-1.15284,Nuit avec éclairage allumé,En agglomération,Intersection en T,Pluie légère,Deux véhicules - côté,,,,,,,,,,,5,2,3,2.0,3.0
201700021097,0017-02-04 16:00:00,17,2,4,16,0,170,274,rue du Vivier,46.15745,-1.07514,Plein jour,Hors agglomération,Hors intersection,Normale,Sans collision,,,,,,,,,,,1,1,1,1.0,7.0
201700021098,0017-02-06 15:01:00,17,2,6,15,1,170,300,"340, GUITON   AVENUE JEA",46.16036,-1.19255,Plein jour,En agglomération,Intersection en T,Pluie légère,Deux véhicules - arrière,,,,,,,,,,,1,2,3,2.0,2.0
201700021099,0017-02-06 18:15:00,17,2,6,18,15,170,28,"38, GRASSET   AVENUE EDM",46.13327,1.11304,Nuit avec éclairage allumé,En agglomération,Hors intersection,Pluie légère,Deux véhicules - arrière,,,,,,,,,,,5,2,1,2.0,2.0
201700021100,0017-02-07 08:50:00,17,2,7,8,50,170,300,09 PK RN237 MOULIN JUSTI,46.17554,-1.12475,Plein jour,Hors agglomération,Hors intersection,Temps couvert,Trois véhicules et plus - en chaîne,,,,,,,,,,,1,1,1,8.0,4.0
201700021101,0017-02-07 10:40:00,17,2,7,10,40,170,28,114 PK RN137 JUSTICE ROC,46.13725,-1.10362,Plein jour,Hors agglomération,Hors intersection,Normale,Autre collision,,,,,,,,,,,1,1,1,1.0,6.0
201700021102,0017-02-07 17:15:00,17,2,7,17,15,170,291,"1, EUROPE  ROND POINT DE",46.1792,-1.12266,Plein jour,En agglomération,Giratoire,Normale,Autre collision,,,,,,,,,,,1,2,6,1.0,6.0
201700021103,0017-02-08 18:20:00,17,2,8,18,20,170,300,05 PK RN237 RE MOULIN JU,46.17368,-1.17829,Plein jour,Hors agglomération,Hors intersection,Normale,Trois véhicules et plus - en chaîne,,,,,,,,,,,1,1,1,1.0,4.0
201700021104,0017-02-08 18:46:00,17,2,8,18,46,170,200,03 PK RN237 RE MOULIN JU,46.17939,-1.15397,Nuit sans éclairage public,Hors agglomération,Hors intersection,Normale,Trois véhicules et plus - en chaîne,,,,,,,,,,,3,1,1,1.0,4.0
201700021105,0017-02-09 23:35:00,17,2,9,23,35,170,300,QUEBEC   RUE DE (>11 & >,46.15893,-1.20227,Nuit avec éclairage allumé,En agglomération,Hors intersection,Normale,Autre collision,,,,,,,,,,,5,2,1,1.0,6.0
201700021106,0017-02-10 07:05:00,17,2,10,7,5,170,300,"2, VERDIER   BOULEVARD A",46.16145,-1.13972,Nuit avec éclairage allumé,En agglomération,Giratoire,Normale,Deux véhicules - côté,,,,,,,,,,,5,2,6,1.0,3.0
201700021107,0017-02-10 13:24:00,17,2,10,13,24,170,300,"4, ECOLES   RUE DES",46.16354,-1.15467,Plein jour,En agglomération,Intersection en X,Normale,Deux véhicules - côté,,,,,,,,,,,1,2,2,1.0,3.0
201700021108,0017-02-13 20:15:00,17,2,13,20,15,170,300,"2, SCIERIE   RUE DE LA",46.14601,-1.15241,Nuit avec éclairage allumé,En agglomération,Giratoire,Normale,Deux véhicules - côté,,,,,,,,,,,5,2,6,1.0,3.0
201700021109,0017-02-10 16:35:00,17,2,10,16,35,170,28,114 PK RN137 JUSTICE ROC,46.13725,-1.10361,Plein jour,En agglomération,Hors intersection,Normale,Autre collision,,,,,,,,,,,1,2,1,1.0,6.0
201700021110,0017-02-10 21:25:00,17,2,10,21,25,170,300,"170, CARNOT   AVENUE",46.1648,-1.1836,Nuit avec éclairage allumé,En agglomération,Giratoire,Normale,Deux véhicules - côté,,,,,,,,,,,5,2,6,1.0,3.0
201700021111,0017-02-16 18:02:00,17,2,16,18,2,170,300,"1, REMPARTS   CHEMIN DES",46.10416,-1.13009,Plein jour,En agglomération,Hors intersection,Normale,Deux véhicules - côté,,,,,,,,,,,1,2,1,1.0,3.0
201700021112,0017-02-16 18:15:00,17,2,16,18,15,170,300,"05, GERANIUMS   RUE DES",46.16861,-1.12869,Plein jour,En agglomération,Hors intersection,Normale,Deux véhicules - arrière,,,,,,,,,,,1,2,1,1.0,2.0
201700021113,0017-02-19 07:03:00,17,2,19,7,3,170,300,"168, GUITON   AVENUE JEA",46.1611,-1.1748,Crépuscule ou aube,En agglomération,Hors intersection,Normale,Autre collision,,,,,,,,,,,2,2,1,1.0,6.0
201700021114,0017-02-20 14:26:00,17,2,20,14,26,170,300,"4, BERLIN   AVENUE DE",46.16732,-1.18166,Plein jour,En agglomération,Intersection en X,Pluie légère,Autre collision,,,,,,,,,,,1,2,2,2.0,6.0
201700021115,0017-02-23 22:35:00,17,2,23,22,35,170,300,"38, REAUMUR   RUE",46.15722,-1.15694,Nuit avec éclairage allumé,En agglomération,Place,Normale,Autre collision,,,,,,,,,,,5,2,7,1.0,6.0
201700021116,0017-02-27 07:25:00,17,2,27,7,25,170,291,34 PK RN11 ROCADE NANTES,46.17557,-1.10875,Crépuscule ou aube,Hors agglomération,Hors intersection,Normale,Trois véhicules et plus - en chaîne,,,,,,,,,,,2,1,1,1.0,4.0
201700021117,0017-02-28 08:20:00,17,2,28,8,20,170,200,"2, CLAVIER   AVENUE DU",46.18199,-1.17187,Plein jour,Hors agglomération,Hors intersection,Vent fort / tempête,Autre collision,,,,,,,,,,,1,1,1,6.0,6.0
201700021118,0017-02-28 15:30:00,17,2,28,15,30,170,300,"1, BILLAUD-VARENNE   AVE",46.15206,-1.12405,Plein jour,En agglomération,Intersection en X,Normale,Deux véhicules - côté,,,,,,,,,,,1,2,2,1.0,3.0
201700021119,0017-02-28 19:45:00,17,2,28,19,45,170,300,"1, BILLAUD-VARENNE   AVE",46.15199,-1.12367,Nuit avec éclairage allumé,En agglomération,Hors intersection,Normale,Deux véhicules - arrière,,,,,,,,,,,5,2,1,1.0,2.0
201700021120,0017-03-05 06:50:00,17,3,5,6,50,170,300,"1, EUROPE   ROND-POINT D",46.14206,1.1583,Nuit avec éclairage allumé,En agglomération,Intersection en X,Pluie forte,Autre collision,,,,,,,,,,,5,2,2,3.0,6.0
201700021121,0017-03-06 15:15:00,17,3,6,15,15,170,300,"1, PERRIER   ROND-POINT",46.1388,-1.15455,Plein jour,En agglomération,Giratoire,Vent fort / tempête,Deux véhicules - côté,,,,,,,,,,,1,2,6,6.0,3.0
201700021122,0017-03-09 12:15:00,17,3,9,12,15,170,200,"1, FILLES  TREUIL DES FI",46.18971,-1.15545,Plein jour,En agglomération,Intersection en X,Normale,Deux véhicules - côté,,,,,,,,,,,1,2,2,1.0,3.0
201700021123,0017-03-10 08:50:00,17,3,10,8,50,170,300,"68, DULIN   AVENUE ANDRE",46.13714,1.14993,Plein jour,Hors agglomération,Hors intersection,Normale,Deux véhicules - côté,,,,,,,,,,,1,1,1,1.0,3.0
201700021124,0017-03-10 14:15:00,17,3,10,14,15,170,300,"6, CHIRONS LONGS   CHEMI",46.16483,-1.20419,Plein jour,En agglomération,Hors intersection,Normale,Deux véhicules - côté,,,,,,,,,,,1,2,1,1.0,3.0
201700021125,0017-03-10 16:55:00,17,3,10,16,55,170,300,ARSENAL   RUE DE L',46.15951,1.14888,Plein jour,En agglomération,Hors intersection,Normale,Autre collision,,,,,,,,,,,1,2,1,1.0,6.0
201700021126,0017-03-10 17:35:00,17,3,10,17,35,170,291,0 PK RN237 RE MOULIN DE,46.17242,1.12143,Plein jour,Hors agglomération,Hors intersection,Normale,Trois véhicules et plus - en chaîne,,,,,,,,,,,1,1,1,1.0,4.0
201700021127,0017-03-11 14:55:00,17,3,11,14,55,170,300,"29, BILLAUD-VARENNE   AV",46.15142,-1.11802,Plein jour,En agglomération,Hors intersection,Normale,Autre collision,,,,,,,,,,,1,2,1,1.0,6.0
201700021128,0017-03-13 09:30:00,17,3,13,9,30,170,300,"1, Mdaills Militaires",46.1691,-1.1499,Plein jour,En agglomération,Giratoire,Pluie légère,Deux véhicules - côté,,,,,,,,,,,1,2,6,2.0,3.0
201700021129,0017-03-14 08:20:00,17,3,14,8,20,170,291,35 PK RN11 NANTES ROCADE,46.1748,-1.11135,Plein jour,En agglomération,Hors intersection,Normale,Deux véhicules - arrière,,,,,,,,,,,1,2,1,1.0,2.0
201700021130,0017-03-14 18:16:00,17,3,14,18,16,170,300,"381, GUITON   AVENUE JEA",46.15945,-1.20001,Plein jour,En agglomération,Intersection en T,Normale,Deux véhicules - côté,,,,,,,,,,,1,2,3,1.0,3.0