accident_id,datetime,annee,mois,jour,heure,minute,departement,commune_insee,adresse,latitude,longitude,luminosite,agglomeration,intersection,meteo,collision,nb_vehicules,nb_usagers,nb_indemnes,nb_tues,nb_blesses_hosp,nb_blesses_legers,age_cond_1,age_cond_2,veh_type_cond_1,veh_type_cond_2,lum_code,agg_code,int_code,atm_code,col_code
201700021365,0017-05-17 17:30:00,17,5,17,17,30,170,461,VAL-LUMIERE (AVENUE DU),45.64718,-1.04958,Plein jour,En agglomération,Hors intersection,Pluie légère,Deux véhicules - côté,,,,,,,,,,,1,2,1,2.0,3.0
201700021366,0017-05-25 11:11:00,17,5,25,11,11,170,306,"193, ROCHEFORT (DE)  (AV",45.64774,-1.02431,Plein jour,En agglomération,Hors intersection,Normale,Deux véhicules - arrière,,,,,,,,,,,1,2,1,1.0,2.0
201700021367,0017-05-26 16:50:00,17,5,26,16,50,170,380,EXPRESS (VOIE),45.66241,-1.13315,Plein jour,Hors agglomération,Hors intersection,Normale,Autre collision,,,,,,,,,,,1,1,1,1.0,6.0
201700021368,0017-05-27 14:05:00,17,5,27,14,5,170,333,COTE DE BEAUTE (BOULEVAR,45.59526,-0.99183,Plein jour,En agglomération,Hors intersection,Normale,Deux véhicules - arrière,,,,,,,,,,,1,2,1,1.0,2.0
201700021369,0017-05-28 05:52:00,17,5,28,5,52,170,306,EXPRESS (VOIE),45.63908,-1.02437,Nuit sans éclairage public,Hors agglomération,Hors intersection,Normale,Autre collision,,,,,,,,,,,3,1,1,1.0,6.0
201700021370,0017-05-31 10:45:00,17,5,31,10,45,170,333,MEDIS  (DE),45.60689,-0.97437,Plein jour,En agglomération,Hors intersection,Normale,Deux véhicules - frontale,,,,,,,,,,,1,2,1,1.0,1.0
201700021371,0017-06-01 08:25:00,17,6,1,8,25,170,380,GRANDE COTE (AVENUE DE L,45.64733,-1.10993,Plein jour,En agglomération,Hors intersection,Normale,Deux véhicules - côté,,,,,,,,,,,1,2,1,1.0,3.0
201700021372,0017-06-02 15:30:00,17,6,2,15,30,170,380,"93, VERDUN (AVENUE DE)",45.66176,-1.0722,Plein jour,En agglomération,Hors intersection,Normale,Deux véhicules - côté,,,,,,,,,,,1,2,1,1.0,3.0
201700021373,0017-06-07 08:17:00,17,6,7,8,17,170,306,"146, ROCHEFORT (DE)  (AV",45.64305,-1.02473,Plein jour,En agglomération,Hors intersection,Normale,Deux véhicules - arrière,,,,,,,,,,,1,2,1,1.0,2.0
201700021374,0017-06-07 09:05:00,17,6,7,9,5,170,306,LAVOISIER (ANTOINE DE),45.63018,-0.99273,Plein jour,En agglomération,Hors intersection,Normale,Autre collision,,,,,,,,,,,1,2,1,1.0,6.0
201700021375,0017-06-26 11:06:00,17,6,26,11,6,170,306,DE LATTRE DE TASSIGNY (B,45.62695,-1.01869,Plein jour,En agglomération,Hors intersection,Normale,Autre collision,,,,,,,,,,,1,2,1,1.0,6.0
201700021376,0017-07-04 09:05:00,17,7,4,9,5,170,306,GRANDE CONCHE (DE LA) (A,45.62353,-1.02086,Plein jour,En agglomération,Hors intersection,Normale,Autre collision,,,,,,,,,,,1,2,1,1.0,6.0
201700021377,0017-07-06 09:00:00,17,7,6,9,0,170,306,TILLEULS (DES) (AVENUE),45.6283,-1.02418,Plein jour,En agglomération,Intersection en X,Normale,Deux véhicules - côté,,,,,,,,,,,1,2,2,1.0,3.0
201700021378,0017-07-09 14:30:00,17,7,9,14,30,170,306,POSTE (ROND POINT DE LA),45.6247,-1.02387,Plein jour,En agglomération,Hors intersection,Normale,Autre collision,,,,,,,,,,,1,2,1,1.0,6.0
201700021379,0017-07-16 01:15:00,17,7,16,1,15,170,306,"12, JOLIOT CURIE (DOCTEU",45.6201,-1.00613,Nuit avec éclairage allumé,En agglomération,Hors intersection,Normale,Autre collision,,,,,,,,,,,5,2,1,1.0,6.0
201700021380,0017-07-18 11:50:00,17,7,18,11,50,170,306,"19, ALBERT 1ER (BD)",45.62556,-1.02367,Plein jour,En agglomération,Hors intersection,Normale,Autre collision,,,,,,,,,,,1,2,1,1.0,6.0
201700021381,0017-07-18 21:45:00,17,7,18,21,45,170,306,"120B, ROCHEFORT (DE)  (A",45.6402,-1.02505,Crépuscule ou aube,En agglomération,Hors intersection,Normale,Deux véhicules - côté,,,,,,,,,,,2,2,1,1.0,3.0
201700021382,0017-07-23 01:15:00,17,7,23,1,15,170,306,JOLIOT CURIE (DOCTEUR) (,45.62325,-1.00315,Nuit avec éclairage allumé,En agglomération,Intersection en X,Normale,Autre collision,,,,,,,,,,,5,2,2,1.0,6.0
201700021383,0017-07-24 22:45:00,17,7,24,22,45,170,306,"66, GARNIER (BD FREDERIC",45.61907,-1.01664,Nuit avec éclairage allumé,En agglomération,Hors intersection,Normale,Autre collision,,,,,,,,,,,5,2,1,1.0,6.0
201700021384,0017-07-28 12:30:00,17,7,28,12,30,170,380,CHEVAILLE (AVENUE DE LA),45.66383,-1.07228,Plein jour,Hors agglomération,Giratoire,Normale,Deux véhicules - côté,,,,,,,,,,,1,1,6,1.0,3.0
201700021385,0017-07-30 11:42:00,17,7,30,11,42,170,461,EXPRESS (VOIE),45.64873,-1.04733,Plein jour,Hors agglomération,Giratoire,Normale,Deux véhicules - côté,,,,,,,,,,,1,1,6,1.0,3.0
201700021386,0017-07-31 18:10:00,17,7,31,18,10,170,306,"80, HEDDE (AVENUE DANIEL",45.63233,-1.03118,Plein jour,En agglomération,Hors intersection,Normale,Deux véhicules - côté,,,,,,,,,,,1,2,1,1.0,3.0
201700021387,0017-08-04 00:01:00,17,8,4,0,1,170,380,REPUBLIQUE (AVENUE DE LA,45.64352,-1.08963,Nuit avec éclairage allumé,En agglomération,Hors intersection,Normale,Deux véhicules - frontale,,,,,,,,,,,5,2,1,1.0,1.0
201700021388,0017-08-04 16:35:00,17,8,4,16,35,170,306,"36, CLEMENCEAU  GEORGES",45.62936,-1.0244,Plein jour,En agglomération,Hors intersection,Normale,Autre collision,,,,,,,,,,,1,2,1,1.0,6.0
201700021389,0017-08-05 14:10:00,17,8,5,14,10,170,333,"101, MOULIN  JEAN  (AVEN",45.59971,-0.98175,Plein jour,En agglomération,Hors intersection,Normale,Deux véhicules - côté,,,,,,,,,,,1,2,1,1.0,3.0
201700021390,0017-08-06 13:30:00,17,8,6,13,30,170,461,"172, COTE DE BEAUTE (BOU",45.63368,-1.06599,Plein jour,En agglomération,Hors intersection,Normale,Deux véhicules - arrière,,,,,,,,,,,1,2,1,1.0,2.0
201700021391,0017-08-07 08:07:00,17,8,7,8,7,170,306,RHIN-DANUBE (ROND POINT),45.6244,-1.002,Plein jour,En agglomération,Giratoire,Normale,Deux véhicules - côté,,,,,,,,,,,1,2,6,1.0,3.0
201700021392,0017-08-08 16:15:00,17,8,8,16,15,170,306,PONTAILLAC (DE) (AVENUE),45.62037,-1.03517,Plein jour,En agglomération,Hors intersection,Normale,Deux véhicules - côté,,,,,,,,,,,1,2,1,1.0,3.0
201700021393,0017-08-08 16:15:00,17,8,8,16,15,170,333,DE LATTRE DE TASSIGNY (B,45.60395,-1.00407,Plein jour,En agglomération,Giratoire,Normale,Deux véhicules - côté,,,,,,,,,,,1,2,6,1.0,3.0
201700021394,0017-08-10 12:02:00,17,8,10,12,2,170,333,"3, CARNOT",45.60357,-0.99678,Plein jour,En agglomération,Hors intersection,Normale,Autre collision,,,,,,,,,,,1,2,1,1.0,6.0
201700021395,0017-08-11 17:46:00,17,8,11,17,46,170,306,"38, FRONT DE MER (PROMEN",45.62058,-1.01859,Plein jour,En agglomération,Hors intersection,Normale,Deux véhicules - côté,,,,,,,,,,,1,2,1,1.0,3.0
201700021396,0017-08-12 10:28:00,17,8,12,10,28,170,333,EXPRESS (voie),45.61244,-0.98166,Plein jour,Hors agglomération,Hors intersection,Normale,Trois véhicules et plus - collisions multiples,,,,,,,,,,,1,1,1,1.0,5.0
201700021397,0017-08-12 14:36:00,17,8,12,14,36,170,306,FONCILLON (FACADE DE),45.61957,-1.03309,Plein jour,En agglomération,Hors intersection,Normale,Deux véhicules - côté,,,,,,,,,,,1,2,1,1.0,3.0
201700021398,0017-08-14 09:55:00,17,8,14,9,55,170,306,GRANDE PLAGE (AVENUE),45.61967,-1.01742,Plein jour,En agglomération,Hors intersection,Normale,Deux véhicules - côté,,,,,,,,,,,1,2,1,1.0,3.0
201700021399,0017-08-16 18:52:00,17,8,16,18,52,170,306,ROND POINT (DU) (AVENUE),45.61854,-1.00945,Plein jour,En agglomération,Hors intersection,Normale,Autre collision,,,,,,,,,,,1,2,1,1.0,6.0
201700021400,0017-08-19 06:00:00,17,8,19,6,0,170,380,GANIPOTE (AVENUE DE LA),45.65184,-1.08835,Nuit sans éclairage public,En agglomération,Hors intersection,Normale,Autre collision,,,,,,,,,,,3,2,1,1.0,6.0
201700021401,0017-08-22 09:00:00,17,8,22,9,0,170,306,"2, PONTAILLAC (ESPLANADE",45.62725,-1.05216,Plein jour,En agglomération,Hors intersection,Normale,Autre collision,,,,,,,,,,,1,2,1,1.0,6.0
201700021402,0017-08-27 17:50:00,17,8,27,17,50,170,333,"124, CORNICHE (BOULEVARD",45.60579,-1.00879,Plein jour,En agglomération,Hors intersection,Normale,Autre collision,,,,,,,,,,,1,2,1,1.0,6.0
201700021403,0017-08-28 16:45:00,17,8,28,16,45,170,306,LAVOISIER (ANTOINE DE),45.63107,-0.99005,Plein jour,En agglomération,Hors intersection,Normale,Autre collision,,,,,,,,,,,1,2,1,1.0,6.0
201700021404,0017-09-01 01:25:00,17,9,1,1,25,170,461,GARNIER (AVENUE  FREDERI,45.64379,-1.06248,Nuit avec éclairage allumé,En agglomération,Hors intersection,Normale,Autre collision,,,,,,,,,,,5,2,1,1.0,6.0
201700021405,0017-09-03 17:20:00,17,9,3,17,20,170,306,BOUCHET LOUIS (AVENUE),45.62925,-0.9939,Plein jour,En agglomération,Hors intersection,Normale,Deux véhicules - arrière,,,,,,,,,,,1,2,1,1.0,2.0
201700021406,0017-09-09 23:35:00,17,9,9,23,35,170,461,"47, ROYAN (DE)",45.64398,-1.05526,Nuit avec éclairage allumé,En agglomération,Hors intersection,Normale,Sans collision,,,,,,,,,,,5,2,1,1.0,7.0
201700021407,0017-09-17 18:45:00,17,9,17,18,45,170,306,EXPRESS (VOIE),45.63879,-1.02265,Crépuscule ou aube,Hors agglomération,Hors intersection,Normale,Deux véhicules - arrière,,,,,,,,,,,2,1,1,1.0,2.0
201700021408,0017-09-19 09:00:00,17,9,19,9,0,170,306,CHEVREUILS (DES),45.64304,-1.04779,Plein jour,En agglomération,Giratoire,Normale,Deux véhicules - côté,,,,,,,,,,,1,2,6,1.0,3.0
201700021409,0017-09-19 09:15:00,17,9,19,9,15,170,306,CHEVREUILS (DES),45.63898,-1.04233,Plein jour,En agglomération,Hors intersection,Normale,Deux véhicules - arrière,,,,,,,,,,,1,2,1,1.0,2.0
201700021410,0017-09-23 16:13:00,17,9,23,16,13,170,306,"42, FRONT DE MER (PROMEN",45.62279,-1.02967,Plein jour,En agglomération,Hors intersection,Normale,Autre collision,,,,,,,,,,,1,2,1,1.0,6.0
201700021411,0017-09-24 18:45:00,17,9,24,18,45,170,306,ROCHEFORT (DE)  (AVENUE),45.64898,-1.02442,Plein jour,En agglomération,Intersection en X,Normale,Deux véhicules - frontale,,,,,,,,,,,1,2,2,1.0,1.0
201700021412,0017-10-03 11:20:00,17,10,3,11,20,170,306,"8, CHAMPLAIN (BD)",45.62904,-1.03244,Plein jour,En agglomération,Hors intersection,Normale,Autre collision,,,,,,,,,,,1,2,1,1.0,6.0
201700021413,0017-10-04 12:50:00,17,10,4,12,50,170,306,"5, CYPRES (DES)",45.62993,-1.01637,Plein jour,En agglomération,Hors intersection,Normale,Deux véhicules - arrière,,,,,,,,,,,1,2,1,1.0,2.0
201700021414,0017-10-07 16:30:00,17,10,7,16,30,170,333,"51, REPUBLIQUE (DE LA)",45.60245,-0.99737,Plein jour,En agglomération,Hors intersection,Normale,Deux véhicules - côté,,,,,,,,,,,1,2,1,1.0,3.0
201700021415,0017-10-07 17:52:00,17,10,7,17,52,170,333,DE LATTRE DE TASSIGNY (B,45.62534,-1.02252,Plein jour,En agglomération,Hors intersection,Normale,Deux véhicules - côté,,,,,,,,,,,1,2,1,1.0,3.0
201700021416,0017-10-18 18:15:00,17,10,18,18,15,170,306,LAVOISIER (ANTOINE DE),45.63108,-0.99005,Plein jour,En agglomération,Hors intersection,Normale,Deux véhicules - arrière,,,,,,,,,,,1,2,1,1.0,2.0
201700021417,0017-10-20 18:14:00,17,10,20,18,14,170,333,"22, MAUDET (DU DOCTEUR)",45.60441,-1.00322,Plein jour,En agglomération,Hors intersection,Normale,Autre collision,,,,,,,,,,,1,2,1,1.0,6.0
201700021418,0017-10-25 17:45:00,17,10,25,17,45,170,306,GAMBETTA,45.62079,-1.03058,Crépuscule ou aube,En agglomération,Hors intersection,Normale,Autre collision,,,,,,,,,,,2,2,1,1.0,6.0
201700021419,0017-10-30 18:50:00,17,10,30,18,50,170,306,BOUCHET LOUIS (AVENUE),45.62725,-0.99753,Crépuscule ou aube,En agglomération,Hors intersection,Normale,Deux véhicules - arrière,,,,,,,,,,,2,2,1,1.0,2.0
201700021420,0017-01-14 11:45:00,17,1,14,11,45,270,130,A28 - PK 234+500 - Sens,49.04529,0.44901,Plein jour,Hors agglomération,Hors intersection,Neige / grêle,Sans collision,,,,,,,,,,,1,1,1,4.0,7.0
201700021421,0017-03-06 12:30:00,17,3,6,12,30,270,516,CD.42,49.04917,0.60203,Plein jour,Hors agglomération,Hors intersection,Normale,Deux véhicules - frontale,,,,,,,,,,,1,1,1,1.0,1.0
201700021422,0017-03-24 08:20:00,17,3,24,8,20,270,56,RD 133-  route de Brogli,49.07574,0.58229,Plein jour,Hors agglomération,Hors intersection,Brouillard / fumée,Deux véhicules - arrière,,,,,,,,,,,1,1,1,5.0,2.0
201700021423,0017-03-24 16:15:00,17,3,24,16,15,270,398,RD 438 - PR 027+700,49.10978,0.59479,Plein jour,Hors agglomération,Autre intersection,Normale,Trois véhicules et plus - en chaîne,,,,,,,,,,,1,1,9,1.0,4.0
201700021424,0017-09-04 07:42:00,17,9,4,7,42,270,52,"RD 438, PR043.700, LE MO",49.20838,0.74425,Plein jour,Hors agglomération,Hors intersection,Pluie légère,Deux véhicules - côté,,,,,,,,,,,1,1,1,2.0,3.0
201700021425,0017-09-14 15:30:00,17,9,14,15,30,270,629,PR 081+500 rd 613,49.1439,0.4374,Plein jour,Hors agglomération,Intersection en T,Pluie légère,Deux véhicules - côté,,,,,,,,,,,1,1,3,2.0,3.0
201700021426,0017-11-26 11:00:00,17,11,26,11,0,270,552,A28,49.0096,0.4452,Plein jour,Hors agglomération,Hors intersection,Neige / grêle,Autre collision,,,,,,,,,,,1,1,1,4.0,6.0
201700021427,0017-12-08 07:30:00,17,12,8,7,30,270,699,Autoroute A28 PK 274,49.27273,0.76775,Nuit sans éclairage public,Hors agglomération,Hors intersection,Neige / grêle,Trois véhicules et plus - en chaîne,,,,,,,,,,,3,1,1,4.0,4.0
201700021428,0017-12-08 07:40:00,17,12,8,7,40,270,77,Autoroute A28 - PK 273+8,49.27039,0.76645,Nuit sans éclairage public,Hors agglomération,Hors intersection,Neige / grêle,Autre collision,,,,,,,,,,,3,1,1,4.0,6.0
201700021429,0017-03-16 19:50:00,17,3,16,19,50,400,200,D834,44.35032,-0.7684,Nuit sans éclairage public,Hors agglomération,Hors intersection,Normale,Deux véhicules - côté,,,,,,,,,,,3,1,1,1.0,3.0
201700021430,0017-04-23 12:00:00,17,4,23,12,0,400,200,centre bourg,44.36,-0.76154,Plein jour,En agglomération,Intersection en T,Normale,Deux véhicules - côté,,,,,,,,,,,1,2,3,1.0,3.0
201700021431,0017-08-07 06:35:00,17,8,7,6,35,400,200,Départementale 834 lieu,44.368,-0.77256,Plein jour,Hors agglomération,Hors intersection,Normale,Autre collision,,,,,,,,,,,1,1,1,1.0,6.0
201700021432,0017-08-22 18:30:00,17,8,22,18,30,400,85,Lieu dit Aygues,44.19908,-0.81193,Plein jour,Hors agglomération,Hors intersection,Normale,Autre collision,,,,,,,,,,,1,1,1,1.0,6.0
201700021433,0017-09-01 10:08:00,17,9,1,10,8,400,295,,44.38214,-0.83599,Plein jour,Hors agglomération,Hors intersection,Normale,Sans collision,,,,,,,,,,,1,1,1,1.0,7.0
201700021434,0017-01-06 07:45:00,17,1,6,7,45,610,464,autoroute A28 - PK 176.6,48.58775,0.18316,Nuit sans éclairage public,Hors agglomération,Hors intersection,Brouillard / fumée,Autre collision,,,,,,,,,,,3,1,1,5.0,6.0
201700021435,0017-01-09 17:25:00,17,1,9,17,25,610,264,Autoroute A.28 point kil,48.73533,0.2629,Nuit sans éclairage public,Hors agglomération,Hors intersection,Normale,Autre collision,,,,,,,,,,,3,1,1,1.0,6.0
201700021436,0017-01-14 16:00:00,17,1,14,16,0,610,282,A28 - PK 216+800,48.90321,0.39691,Plein jour,Hors agglomération,Hors intersection,Neige / grêle,Trois véhicules et plus - en chaîne,,,,,,,,,,,1,1,1,4.0,4.0
201700021437,0017-01-28 07:20:00,17,1,28,7,20,610,240,"A 88, PR 4 + 530",48.64357,0.14173,Nuit sans éclairage public,Hors agglomération,Hors intersection,Normale,Autre collision,,,,,,,,,,,3,1,1,1.0,6.0
201700021438,0017-02-14 09:40:00,17,2,14,9,40,610,464,A.88 bretelle de sortie,48.63072,0.19469,Plein jour,Hors agglomération,Autre intersection,Normale,Deux véhicules - côté,,,,,,,,,,,1,1,9,1.0,3.0
201700021439,0017-04-07 16:00:00,17,4,7,16,0,610,205,"A 28, PR 211+500",48.86081,0.37996,Plein jour,Hors agglomération,Hors intersection,Normale,Autre collision,,,,,,,,,,,1,1,1,1.0,6.0
201700021440,0017-06-12 15:30:00,17,6,12,15,30,610,497,A 28 PK 161+500,48.46209,0.12415,Plein jour,Hors agglomération,Hors intersection,Normale,Autre collision,,,,,,,,,,,1,1,1,1.0,6.0
201700021441,0017-06-16 01:55:00,17,6,16,1,55,610,256,A88,48.6643,0.06577,Nuit sans éclairage public,Hors agglomération,Hors intersection,Normale,Autre collision,,,,,,,,,,,3,1,1,1.0,6.0
201700021442,0017-06-17 17:30:00,17,6,17,17,30,610,264,A 28 PK 194+900,48.73308,0.26194,Plein jour,Hors agglomération,Hors intersection,Normale,Autre collision,,,,,,,,,,,1,1,1,1.0,6.0
201700021443,0017-07-02 14:05:00,17,7,2,14,5,610,175,"A 28, PR 165+035",48.49724,0.12449,Plein jour,Hors agglomération,Hors intersection,Normale,Sans collision,,,,,,,,,,,1,1,1,1.0,7.0
201700021444,0017-07-07 17:30:00,17,7,7,17,30,610,240,,48.64346,0.16542,Plein jour,Hors agglomération,Hors intersection,Normale,Autre collision,,,,,,,,,,,1,1,1,1.0,6.0
201700021445,0017-08-20 02:43:00,17,8,20,2,43,140,332,A88 PK 38.050 en directi,48.85458,-0.17871,Nuit sans éclairage public,Hors agglomération,Hors intersection,Normale,Autre collision,,,,,,,,,,,3,1,1,1.0,6.0
201700021446,0017-08-20 16:00:00,17,8,20,16,0,610,385,A28 PK 204 + 700,48.80211,0.34189,Plein jour,Hors agglomération,Hors intersection,Normale,Autre collision,,,,,,,,,,,1,1,1,1.0,6.0
201700021447,0017-08-21 08:30:00,17,8,21,8,30,610,175,A28 PK 164+400,48.48781,-0.12051,Plein jour,Hors agglomération,Hors intersection,Normale,Autre collision,,,,,,,,,,,1,1,1,1.0,6.0
201700021448,0017-09-06 16:30:00,17,9,6,16,30,610,282,PK 217.000,48.90473,0.39857,Plein jour,Hors agglomération,Hors intersection,Normale,Sans collision,,,,,,,,,,,1,1,1,1.0,7.0
201700021449,0017-09-24 16:30:00,17,9,24,16,30,610,393,A28; PK 193.00,48.71093,0.25287,Plein jour,Hors agglomération,Hors intersection,Normale,Sans collision,,,,,,,,,,,1,1,1,1.0,7.0
201700021450,0017-09-27 18:15:00,17,9,27,18,15,610,181,A28 PK 202.000,48.78452,0.31965,Plein jour,Hors agglomération,Hors intersection,Normale,Deux véhicules - arrière,,,,,,,,,,,1,1,1,1.0,2.0
201700021451,0017-10-08 16:00:00,17,10,8,16,0,610,282,"A 28, PK 213+770",48.87832,0.3817,Plein jour,Hors agglomération,Hors intersection,Normale,Sans collision,,,,,,,,,,,1,1,1,1.0,7.0
201700021452,0017-10-16 01:30:00,17,10,16,1,30,610,385,"Autoroute A 28, PR 203+9",48.79622,0.33622,Nuit sans éclairage public,Hors agglomération,Hors intersection,Normale,Autre collision,,,,,,,,,,,3,1,1,1.0,6.0
201700021453,0017-10-21 13:35:00,17,10,21,13,35,610,464,Autoroute A28 PK 180.100,48.61328,0.19315,Plein jour,Hors agglomération,Hors intersection,Normale,Deux véhicules - arrière,,,,,,,,,,,1,1,1,1.0,2.0
201700021454,0017-12-30 22:49:00,17,12,30,22,49,170,415,"1, CHARLOTTERIE ROND POI",45.75223,-0.60072,Nuit avec éclairage allumé,Hors agglomération,Hors intersection,Normale,Sans collision,,,,,,,,,,,5,1,1,1.0,7.0
201700021455,0017-01-04 13:15:00,17,1,4,13,15,170,415,"02, APOTRES DE LA LIBERT",45.74313,-0.64001,Plein jour,En agglomération,Intersection en X,Normale,Deux véhicules - frontale,,,,,,,,,,,1,2,2,1.0,1.0
201700021456,0017-01-09 16:00:00,17,1,9,16,0,170,415,"02, PONT PALISSY",45.74704,-0.6305,Plein jour,En agglomération,Hors intersection,Normale,Autre collision,,,,,,,,,,,1,2,1,1.0,6.0
201700021457,0017-01-17 16:45:00,17,1,17,16,45,170,415,"43, BERTHONNIERE RUE",45.74306,-0.63752,Plein jour,En agglomération,Hors intersection,Normale,Autre collision,,,,,,,,,,,1,2,1,1.0,6.0
201700021458,0017-01-23 17:00:00,17,1,23,17,0,170,415,"1, JEAN RUE DU DOCTEUR",45.73974,-0.61912,Crépuscule ou aube,En agglomération,Hors intersection,Normale,Trois véhicules et plus - en chaîne,,,,,,,,,,,2,2,1,1.0,4.0
201700021459,0017-01-24 09:00:00,17,1,24,9,0,170,415,"132, GENET ROCADE A COTE",45.74923,-0.66234,Plein jour,En agglomération,Hors intersection,Normale,Deux véhicules - frontale,,,,,,,,,,,1,2,1,1.0,1.0
201700021460,0017-02-07 15:15:00,17,2,7,15,15,170,415,"42, REVERSEAUX 2 A 46 ET",45.74515,-0.6387,Plein jour,En agglomération,Intersection en T,Normale,Deux véhicules - côté,,,,,,,,,,,1,2,3,1.0,3.0
201700021461,0017-02-21 10:50:00,17,2,21,10,50,170,415,"20, REVERSEAUX 2 A 46 ET",45.74577,-0.6383,Plein jour,En agglomération,Hors intersection,Normale,Autre collision,,,,,,,,,,,1,2,1,1.0,6.0
201700021462,0017-02-28 09:40:00,17,2,28,9,40,170,415,"1, DESCLAUDE RUE GEORGES",45.75776,-0.64476,Plein jour,En agglomération,Giratoire,Normale,Deux véhicules - frontale,,,,,,,,,,,1,2,6,1.0,1.0
201700021463,0017-03-04 01:45:00,17,3,4,1,45,170,415,"1, ROCADE OUEST",45.75192,-0.65974,Nuit avec éclairage allumé,Hors agglomération,Hors intersection,Pluie forte,Autre collision,,,,,,,,,,,5,1,1,3.0,6.0
201700021464,0017-03-14 01:55:00,17,3,14,1,55,170,415,"1, ROYAN RUE DE",45.74565,-0.6918,Nuit sans éclairage public,Hors agglomération,Giratoire,Normale,Autre collision,,,,,,,,,,,3,1,6,1.0,6.0
201700021465,0017-03-14 15:40:00,17,3,14,15,40,170,415,"1, DUFAURE AVENUE JULES",45.74611,-0.61617,Plein jour,En agglomération,Giratoire,Normale,Deux véhicules - arrière,,,,,,,,,,,1,2,6,1.0,2.0
201700021466,0017-03-21 18:30:00,17,3,21,18,30,170,415,"15, ALLENDE AVENUE DU PR",45.7364,-0.64436,Crépuscule ou aube,En agglomération,Hors intersection,Normale,Trois véhicules et plus - en chaîne,,,,,,,,,,,2,2,1,1.0,4.0
201700021467,0017-03-28 21:50:00,17,3,28,21,50,170,415,"34, JEAN RUE DU DOCTEUR",45.73815,-0.61684,Nuit avec éclairage allumé,En agglomération,Hors intersection,Normale,Deux véhicules - arrière,,,,,,,,,,,5,2,1,1.0,2.0
201700021468,0017-03-31 08:00:00,17,3,31,8,0,170,415,"1, SAINTONGE PONT A RUE",45.74176,-0.63672,Crépuscule ou aube,En agglomération,Hors intersection,Pluie légère,Deux véhicules - frontale,,,,,,,,,,,2,2,1,2.0,1.0
201700021469,0017-04-15 10:50:00,17,4,15,10,50,170,415,"01, Dpartementale  137",45.72401,-0.63927,Plein jour,Hors agglomération,Giratoire,Normale,Deux véhicules - arrière,,,,,,,,,,,1,1,6,1.0,2.0
201700021470,0017-04-21 12:10:00,17,4,21,12,10,170,415,"16b, GABILLONNERIE LIEU-",45.78451,-0.65694,Plein jour,Hors agglomération,Hors intersection,Normale,Autre collision,,,,,,,,,,,1,1,1,1.0,6.0
201700021471,0017-05-19 14:45:00,17,5,19,14,45,170,415,ALMA RUE DE L',45.74574,-0.65604,Plein jour,En agglomération,Hors intersection,Normale,Autre collision,,,,,,,,,,,1,2,1,1.0,6.0
201700021472,0017-05-19 17:30:00,17,5,19,17,30,170,415,"3, REVERSEAUX 48 A FIN E",45.74632,-0.63786,Plein jour,En agglomération,Hors intersection,Normale,Trois véhicules et plus - en chaîne,,,,,,,,,,,1,2,1,1.0,4.0
201700021473,0017-05-26 11:55:00,17,5,26,11,55,170,415,VARZAY ROUTE DE,45.72298,-0.68656,Plein jour,Hors agglomération,Intersection en T,Normale,Deux véhicules - arrière,,,,,,,,,,,1,1,3,1.0,2.0
201700021474,0017-05-29 16:50:00,17,5,29,16,50,170,415,COURBIAC DE QUAI YSER A,45.75302,-0.631,Plein jour,En agglomération,Giratoire,Normale,Deux véhicules - côté,,,,,,,,,,,1,2,6,1.0,3.0
201700021475,0017-06-01 16:17:00,17,6,1,16,17,170,415,"1, SAINTONGE PONT A RUE",45.74067,-0.62671,Plein jour,En agglomération,Giratoire,Normale,Deux véhicules - arrière,,,,,,,,,,,1,2,6,1.0,2.0
201700021476,0017-06-09 18:45:00,17,6,9,18,45,170,415,"1, POITOU RUE DU",45.73611,-0.61933,Plein jour,En agglomération,Intersection en T,Normale,Deux véhicules - frontale,,,,,,,,,,,1,2,3,1.0,1.0
201700021477,0017-06-10 20:15:00,17,6,10,20,15,170,415,"1, CHAMP DE TIR RUE DU",45.74607,-0.67462,Plein jour,En agglomération,Hors intersection,Normale,Deux véhicules - arrière,,,,,,,,,,,1,2,1,1.0,2.0
201700021478,0017-06-20 19:30:00,17,6,20,19,30,170,415,"100, JEAN RUE DU DOCTEUR",45.73532,-0.61195,Plein jour,En agglomération,Hors intersection,Normale,Autre collision,,,,,,,,,,,1,2,1,1.0,6.0
201700021479,0017-06-26 15:00:00,17,6,26,15,0,170,415,Route Nationale 150,45.71629,-0.6606,Plein jour,Hors agglomération,Hors intersection,Normale,Autre collision,,,,,,,,,,,1,1,1,1.0,6.0
201700021480,0017-07-06 16:25:00,17,7,6,16,25,170,415,"01, SAINTONGE PONT A RUE",45.74074,-0.62286,Plein jour,En agglomération,Hors intersection,Normale,Trois véhicules et plus - en chaîne,,,,,,,,,,,1,2,1,1.0,4.0
201700021481,0017-07-15 02:40:00,17,7,15,2,40,170,415,"12, ALLENDE AV. DU PRESI",45.73674,-0.64433,Nuit avec éclairage allumé,En agglomération,Giratoire,Normale,Autre collision,,,,,,,,,,,5,2,6,1.0,6.0
201700021482,0017-07-18 15:35:00,17,7,18,15,35,170,415,"11, VERDUN QUAI DE",45.74344,-0.63187,Plein jour,En agglomération,Hors intersection,Normale,Deux véhicules - côté,,,,,,,,,,,1,2,1,1.0,3.0
201700021483,0017-07-20 07:52:00,17,7,20,7,52,170,415,PERCHES RUE DES,45.72,-0.64613,Plein jour,Hors agglomération,Intersection en T,Normale,Deux véhicules - côté,,,,,,,,,,,1,1,3,1.0,3.0
201700021484,0017-08-09 08:30:00,17,8,9,8,30,170,415,GAMBETTA 74 A 162 ET 29,45.74643,-0.62024,Plein jour,En agglomération,Giratoire,Pluie forte,Autre collision,,,,,,,,,,,1,2,6,3.0,6.0