accident_id,datetime,annee,mois,jour,heure,minute,departement,commune_insee,adresse,latitude,longitude,luminosite,agglomeration,intersection,meteo,collision,nb_vehicules,nb_usagers,nb_indemnes,nb_tues,nb_blesses_hosp,nb_blesses_legers,age_cond_1,age_cond_2,veh_type_cond_1,veh_type_cond_2,lum_code,agg_code,int_code,atm_code,col_code
201700021605,0017-02-22 06:45:00,17,2,22,6,45,620,712,D7,50.22502,2.6804,Crépuscule ou aube,Hors agglomération,Intersection en X,Pluie légère,Deux véhicules - côté,,,,,,,,,,,2,1,2,2.0,3.0
201700021606,0017-04-03 19:00:00,17,4,3,19,0,620,712,Départementale 07,50.23586,2.68601,Plein jour,Hors agglomération,Hors intersection,Normale,Autre collision,,,,,,,,,,,1,1,1,1.0,6.0
201700021607,0017-04-08 13:50:00,17,4,8,13,50,620,712,D30,50.22931,2.68821,Plein jour,Hors agglomération,Hors intersection,Normale,Sans collision,,,,,,,,,,,1,1,1,1.0,7.0
201700021608,0017-04-12 21:45:00,17,4,12,21,45,620,68,RD919,50.18255,2.73708,Nuit sans éclairage public,Hors agglomération,Hors intersection,Normale,Autre collision,,,,,,,,,,,3,1,1,1.0,6.0
201700021609,0017-04-19 16:32:00,17,4,19,16,32,620,97,21 Route nationale,50.24213,2.66042,Plein jour,En agglomération,Hors intersection,Temps éblouissant,Autre collision,,,,,,,,,,,1,2,1,7.0,6.0
201700021610,0017-05-26 14:20:00,17,5,26,14,20,620,664,rue du four,50.18457,2.59844,Plein jour,En agglomération,Hors intersection,Normale,Sans collision,,,,,,,,,,,1,2,1,1.0,7.0
201700021611,0017-06-18 12:50:00,17,6,18,12,50,620,11,D54,50.31884,2.639,Plein jour,Hors agglomération,Hors intersection,Temps éblouissant,Trois véhicules et plus - collisions multiples,,,,,,,,,,,1,1,1,7.0,5.0
201700021612,0017-07-16 20:45:00,17,7,16,20,45,620,689,RD3 PR13+800,50.21097,2.69268,Plein jour,Hors agglomération,Hors intersection,Normale,Deux véhicules - frontale,,,,,,,,,,,1,1,1,1.0,1.0
201700021613,0017-08-10 10:45:00,17,8,10,10,45,620,115,RN 25,50.26383,2.6732,Plein jour,Hors agglomération,Hors intersection,Normale,Deux véhicules - frontale,,,,,,,,,,,1,1,1,1.0,1.0
201700021614,0017-10-10 10:20:00,17,10,10,10,20,620,147,Départementale 04,50.21068,2.74869,Plein jour,Hors agglomération,Intersection en X,Normale,Deux véhicules - frontale,,,,,,,,,,,1,1,2,1.0,1.0
201700021615,0017-11-11 06:50:00,17,11,11,6,50,620,649,RD6,50.15555,2.49481,Nuit sans éclairage public,Hors agglomération,Hors intersection,Pluie forte,Autre collision,,,,,,,,,,,3,1,1,3.0,6.0
201700021616,0017-11-11 21:30:00,17,11,11,21,30,620,332,RD 919 / RD 36,50.21843,2.7602,Nuit sans éclairage public,Hors agglomération,Intersection en X,Normale,Deux véhicules - côté,,,,,,,,,,,3,1,2,1.0,3.0
201700021617,0017-01-05 21:30:00,17,1,5,21,30,620,770,Rue de Guarbecque,50.621,2.51919,Nuit avec éclairage allumé,En agglomération,Hors intersection,Autre,Deux véhicules - arrière,,,,,,,,,,,5,2,1,9.0,2.0
201700021618,0017-01-25 00:30:00,17,1,25,0,30,620,770,250 rue d'Aire,50.62602,2.5055,Nuit avec éclairage allumé,En agglomération,Hors intersection,Brouillard / fumée,Autre collision,,,,,,,,,,,5,2,1,5.0,6.0
201700021619,0017-03-24 16:45:00,17,3,24,16,45,620,632,D181,50.54961,2.591,Plein jour,Hors agglomération,Hors intersection,Normale,Deux véhicules - frontale,,,,,,,,,,,1,1,1,1.0,1.0
201700021620,0017-06-11 17:15:00,17,6,11,17,15,620,162,D.943 / Rue de l'Église,50.57263,2.43688,Plein jour,Hors agglomération,Intersection en X,Temps éblouissant,Deux véhicules - frontale,,,,,,,,,,,1,1,2,7.0,1.0
201700021621,0017-06-14 12:11:00,17,6,14,12,11,620,473,RUE ROGER SALENGRO,50.61493,2.47599,Plein jour,En agglomération,Intersection en X,Normale,Deux véhicules - côté,,,,,,,,,,,1,2,2,1.0,3.0
201700021622,0017-07-22 20:00:00,17,7,22,20,0,620,49,Chaussée Brunehaut,50.55995,2.36749,Plein jour,En agglomération,Intersection en X,Temps couvert,Deux véhicules - frontale,,,,,,,,,,,1,2,2,8.0,1.0
201700021623,0017-11-06 17:30:00,17,11,6,17,30,620,770,rue de Busnes,50.61989,2.54167,Crépuscule ou aube,En agglomération,Intersection en T,Normale,Deux véhicules - côté,,,,,,,,,,,2,2,3,1.0,3.0
201700021624,0017-04-28 12:20:00,17,4,28,12,20,620,747,Rue de Calonne,50.62764,2.5702,Plein jour,En agglomération,Hors intersection,Normale,Deux véhicules - frontale,,,,,,,,,,,1,2,1,1.0,1.0
201700021625,0017-12-17 18:35:00,17,12,17,18,35,620,564,CD 943,50.60318,2.40375,Nuit avec éclairage allumé,En agglomération,Hors intersection,Pluie légère,Trois véhicules et plus - collisions multiples,,,,,,,,,,,5,2,1,2.0,5.0
201700021626,0017-01-20 18:43:00,17,1,20,18,43,620,870,127 route départementale,50.40572,1.72692,Nuit avec éclairage allumé,En agglomération,Hors intersection,Normale,Autre collision,,,,,,,,,,,5,2,1,1.0,6.0
201700021627,0017-03-31 14:30:00,17,3,31,14,30,620,870,D 142,50.40727,1.73831,Plein jour,Hors agglomération,Hors intersection,Normale,Deux véhicules - arrière,,,,,,,,,,,1,1,1,1.0,2.0
201700021628,0017-04-02 16:55:00,17,4,2,16,55,620,44,D113E4,50.49569,1.75576,Plein jour,Hors agglomération,Hors intersection,Normale,Deux véhicules - frontale,,,,,,,,,,,1,1,1,1.0,1.0
201700021629,0017-04-24 08:25:00,17,4,24,8,25,620,610,RD 113  lieu dit '' la r,50.46705,1.79936,Plein jour,Hors agglomération,Hors intersection,Normale,Autre collision,,,,,,,,,,,1,1,1,1.0,6.0
201700021630,0017-04-29 00:15:00,17,4,29,0,15,620,176,"8 route nationale, d939",50.49793,1.69807,Nuit avec éclairage allumé,En agglomération,Hors intersection,Normale,Autre collision,,,,,,,,,,,5,2,1,1.0,6.0
201700021631,0017-05-04 17:00:00,17,5,4,17,0,620,196,Carrefour RD 139/ RD 146,50.47752,1.71995,Plein jour,En agglomération,Intersection en X,Normale,Deux véhicules - frontale,,,,,,,,,,,1,2,2,1.0,1.0
201700021632,0017-05-17 15:00:00,17,5,17,15,0,620,124,40 route nationale,50.49076,1.72451,Plein jour,En agglomération,Hors intersection,Normale,Autre collision,,,,,,,,,,,1,2,1,1.0,6.0
201700021633,0017-06-05 05:50:00,17,6,5,5,50,620,241,D 901,50.56613,1.75179,Crépuscule ou aube,Hors agglomération,Hors intersection,Normale,Autre collision,,,,,,,,,,,2,1,1,1.0,6.0
201700021634,0017-06-18 20:10:00,17,6,18,20,10,620,463,D 343,50.56647,1.91435,Plein jour,En agglomération,Hors intersection,Normale,Autre collision,,,,,,,,,,,1,2,1,1.0,6.0
201700021635,0017-08-29 07:45:00,17,8,29,7,45,620,94,d138,50.44372,1.78986,Plein jour,Hors agglomération,Hors intersection,Temps éblouissant,Deux véhicules - frontale,,,,,,,,,,,1,1,1,7.0,1.0
201700021636,0017-09-02 09:00:00,17,9,2,9,0,620,588,D901,50.46037,1.77352,Plein jour,Hors agglomération,Hors intersection,Normale,Deux véhicules - frontale,,,,,,,,,,,1,1,1,1.0,1.0
201700021637,0017-10-23 17:20:00,17,10,23,17,20,620,227,D151E1,50.52197,1.8659,Plein jour,Hors agglomération,Hors intersection,Pluie forte,Sans collision,,,,,,,,,,,1,1,1,3.0,7.0
201700021638,0017-12-07 10:54:00,17,12,7,10,54,620,527,Route Départementale 901,50.54934,1.75749,Plein jour,Hors agglomération,Hors intersection,Pluie légère,Autre collision,,,,,,,,,,,1,1,1,2.0,6.0
201700021639,0017-01-12 17:20:00,17,1,12,17,20,620,767,14 rue de Béthune,50.3833,2.33862,Nuit avec éclairage allumé,En agglomération,Hors intersection,Pluie forte,Autre collision,,,,,,,,,,,5,2,1,3.0,6.0
201700021640,0017-03-08 16:00:00,17,3,8,16,0,620,180,RD941 HAMEAU DE LA FORET,50.41395,2.38802,Plein jour,Hors agglomération,Hors intersection,Pluie légère,Deux véhicules - côté,,,,,,,,,,,1,1,1,2.0,3.0
201700021641,0017-03-14 11:30:00,17,3,14,11,30,620,36,Départementale D94 PK 18,50.44776,2.24745,Plein jour,Hors agglomération,Hors intersection,Normale,Autre collision,,,,,,,,,,,1,1,1,1.0,6.0
201700021642,0017-04-02 23:30:00,17,4,2,23,30,620,600,"4, rue de Nédonchel",50.50666,2.34848,Nuit avec éclairage allumé,En agglomération,Hors intersection,Normale,Sans collision,,,,,,,,,,,5,2,1,1.0,7.0
201700021643,0017-04-15 21:45:00,17,4,15,21,45,620,850,RD 340,50.35561,2.10058,Nuit avec éclairage non allumé,En agglomération,Hors intersection,Normale,Deux véhicules - frontale,,,,,,,,,,,4,2,1,1.0,1.0
201700021644,0017-05-21 20:00:00,17,5,21,20,0,620,647,D939,50.37484,2.08407,Plein jour,Hors agglomération,Hors intersection,Normale,Deux véhicules - côté,,,,,,,,,,,1,1,1,1.0,3.0
201700021645,0017-06-16 15:15:00,17,6,16,15,15,620,850,CD110,50.35753,2.11398,Plein jour,Hors agglomération,Hors intersection,Normale,Deux véhicules - arrière,,,,,,,,,,,1,1,1,1.0,2.0
201700021646,0017-07-15 18:25:00,17,7,15,18,25,620,686,D101,50.36826,2.29882,Plein jour,Hors agglomération,Hors intersection,Normale,Autre collision,,,,,,,,,,,1,1,1,1.0,6.0
201700021647,0017-07-31 05:40:00,17,7,31,5,40,620,767,D 941,50.39413,2.35583,Crépuscule ou aube,Hors agglomération,Hors intersection,Normale,Deux véhicules - frontale,,,,,,,,,,,2,1,1,1.0,1.0
201700021648,0017-09-30 18:15:00,17,9,30,18,15,620,342,rue principale,50.4918,2.27386,Plein jour,En agglomération,Hors intersection,Normale,Deux véhicules - frontale,,,,,,,,,,,1,2,1,1.0,1.0
201700021649,0017-10-01 06:30:00,17,10,1,6,30,620,767,cd 941 rond point Mac Do,50.39106,2.3525,Nuit sans éclairage public,Hors agglomération,Giratoire,Normale,Autre collision,,,,,,,,,,,3,1,6,1.0,6.0
201700021650,0017-11-06 19:45:00,17,11,6,19,45,620,740,Carrefour D77 et D71,50.47983,2.34897,Nuit sans éclairage public,Hors agglomération,Intersection en X,Normale,Deux véhicules - côté,,,,,,,,,,,3,1,2,1.0,3.0
201700021651,0017-11-12 21:30:00,17,11,12,21,30,620,232,rue de la gare,50.43284,2.48831,Nuit sans éclairage public,En agglomération,Hors intersection,Pluie légère,Autre collision,,,,,,,,,,,3,2,1,2.0,6.0
201700021652,0017-11-28 09:10:00,17,11,28,9,10,620,767,Rue René CASSIN,50.38667,2.33794,Plein jour,En agglomération,Intersection en T,Temps éblouissant,Autre collision,,,,,,,,,,,1,2,3,7.0,6.0
201700021653,0017-12-06 18:35:00,17,12,6,18,35,620,436,RD 916 ZAC des moulins,50.36546,2.33345,Crépuscule ou aube,Hors agglomération,Hors intersection,Normale,Sans collision,,,,,,,,,,,2,1,1,1.0,7.0
201700021654,0017-01-16 13:00:00,17,1,16,13,0,620,316,D339,50.26962,2.39835,Plein jour,Hors agglomération,Hors intersection,Pluie légère,Autre collision,,,,,,,,,,,1,1,1,2.0,6.0
201700021655,0017-03-28 18:00:00,17,3,28,18,0,620,45,rue Hermant,50.35063,2.58446,Plein jour,En agglomération,Hors intersection,Normale,Deux véhicules - côté,,,,,,,,,,,1,2,1,1.0,3.0
201700021656,0017-04-16 18:15:00,17,4,16,18,15,620,784,RN25,,,Plein jour,Hors agglomération,Hors intersection,Normale,Sans collision,,,,,,,,,,,1,1,1,1.0,7.0
201700021657,0017-05-20 17:00:00,17,5,20,17,0,620,651,D77,50.33258,2.48686,Plein jour,Hors agglomération,Hors intersection,Normale,Sans collision,,,,,,,,,,,1,1,1,1.0,7.0
201700021658,0017-06-04 12:00:00,17,6,4,12,0,620,70,D939 -  D83,50.36283,2.44374,Plein jour,Hors agglomération,Intersection en X,Normale,Deux véhicules - côté,,,,,,,,,,,1,1,2,1.0,3.0
201700021659,0017-07-01 10:30:00,17,7,1,10,30,620,507,Carrefour CD 81 et CD 33,50.27351,2.44846,Plein jour,Hors agglomération,Intersection en X,Normale,Deux véhicules - côté,,,,,,,,,,,1,1,2,1.0,3.0
201700021660,0017-08-02 17:40:00,17,8,2,17,40,620,459,D23,50.29775,2.38263,Plein jour,En agglomération,Intersection en X,Pluie légère,Deux véhicules - côté,,,,,,,,,,,1,2,2,2.0,3.0
201700021661,0017-09-12 07:00:00,17,9,12,7,0,620,198,Route départementale 75,50.38223,2.61945,Crépuscule ou aube,Hors agglomération,Hors intersection,Normale,Autre collision,,,,,,,,,,,2,1,1,1.0,6.0
201700021662,0017-09-22 09:36:00,17,9,22,9,36,620,198,D341,50.37958,2.61114,Plein jour,Hors agglomération,Intersection en X,Normale,Deux véhicules - côté,,,,,,,,,,,1,1,2,1.0,3.0
201700021663,0017-10-17 07:10:00,17,10,17,7,10,620,7,CD 341,50.34908,2.65516,Nuit sans éclairage public,Hors agglomération,Hors intersection,Normale,Deux véhicules - frontale,,,,,,,,,,,3,1,1,1.0,1.0
201700021664,0017-12-07 05:55:00,17,12,7,5,55,620,198,carrefour des 4 vents D3,50.37868,2.61321,Nuit sans éclairage public,Hors agglomération,Intersection en X,Normale,Deux véhicules - côté,,,,,,,,,,,3,1,2,1.0,3.0
201700021665,0017-12-18 16:10:00,17,12,18,16,10,620,92,carrefour D339 avec le c,50.27292,2.48609,Plein jour,Hors agglomération,Intersection en X,Normale,Deux véhicules - côté,,,,,,,,,,,1,1,2,1.0,3.0
201700021666,0017-01-30 11:37:00,17,1,30,11,37,620,47,41 RUE PRINCIPALE,50.30478,2.17867,Plein jour,En agglomération,Hors intersection,Pluie légère,Deux véhicules - frontale,,,,,,,,,,,1,2,1,2.0,1.0
201700021667,0017-03-11 16:15:00,17,3,11,16,15,620,345,D124,50.30037,2.06386,Plein jour,Hors agglomération,Hors intersection,Normale,Autre collision,,,,,,,,,,,1,1,1,1.0,6.0
201700021668,0017-04-19 14:20:00,17,4,19,14,20,620,361,place du marché,50.27717,2.29083,Plein jour,En agglomération,Place,Normale,Autre collision,,,,,,,,,,,1,2,7,1.0,6.0
201700021669,0017-11-02 18:05:00,17,11,2,18,5,620,234,RD 340,50.29516,2.21616,Nuit sans éclairage public,Hors agglomération,Hors intersection,Normale,Autre collision,,,,,,,,,,,3,1,1,1.0,6.0
201700021670,0017-11-08 11:00:00,17,11,8,11,0,620,60,D120,50.26926,2.12293,Plein jour,Hors agglomération,Hors intersection,Normale,Deux véhicules - côté,,,,,,,,,,,1,1,1,1.0,3.0
201700021671,0017-12-30 14:15:00,17,12,30,14,15,620,361,lieu-dit la ferme des oi,50.25322,2.29981,Plein jour,Hors agglomération,Hors intersection,Vent fort / tempête,Autre collision,,,,,,,,,,,1,1,1,6.0,6.0
201700021672,0017-01-19 07:40:00,17,1,19,7,40,440,164,RD 61 - LES MORICETS,47.101,-1.85827,Crépuscule ou aube,En agglomération,Giratoire,Normale,Autre collision,,,,,,,,,,,2,2,6,1.0,6.0
201700021673,0017-07-25 08:13:00,17,7,25,8,13,440,12,RD 213 - PR 46+500,47.09982,-2.03839,Plein jour,Hors agglomération,Hors intersection,Normale,Deux véhicules - frontale,,,,,,,,,,,1,1,1,1.0,1.0
201700021674,0017-09-12 09:17:00,17,9,12,9,17,440,131,avenue de Baiona,47.12546,-2.1198,Plein jour,Hors agglomération,Hors intersection,Normale,Autre collision,,,,,,,,,,,1,1,1,1.0,6.0
201700021675,0017-10-10 10:25:00,17,10,10,10,25,440,186,RD758  PR 3+700,47.10956,-1.78469,Plein jour,Hors agglomération,Hors intersection,Temps couvert,Deux véhicules - arrière,,,,,,,,,,,1,1,1,8.0,2.0
201700021676,0017-10-12 17:00:00,17,10,12,17,0,440,131,RD 751,47.11294,-1.96201,Plein jour,Hors agglomération,Hors intersection,Normale,Deux véhicules - frontale,,,,,,,,,,,1,1,1,1.0,1.0
201700021677,0017-01-01 08:04:00,17,1,1,8,4,370,100,A85 SENS VIERZON-TOURS P,47.29369,1.11755,Crépuscule ou aube,Hors agglomération,Hors intersection,Brouillard / fumée,Sans collision,,,,,,,,,,,2,1,1,5.0,7.0
201700021678,0017-01-03 19:22:00,17,1,3,19,22,370,216,Autoroute A10,47.16034,0.62694,Nuit sans éclairage public,Hors agglomération,Hors intersection,Normale,Autre collision,,,,,,,,,,,3,1,1,1.0,6.0
201700021679,0017-01-11 00:10:00,17,1,11,0,10,370,272,,47.32359,0.48582,Nuit sans éclairage public,Hors agglomération,Hors intersection,Normale,Autre collision,,,,,,,,,,,3,1,1,1.0,6.0
201700021680,0017-01-20 07:50:00,17,1,20,7,50,370,261,Autoroute A10,47.38195,0.71172,Crépuscule ou aube,Hors agglomération,Hors intersection,Autre,Autre collision,,,,,,,,,,,2,1,1,9.0,6.0
201700021681,0017-04-18 18:45:00,17,4,18,18,45,370,261,,47.38101,0.67424,Plein jour,Hors agglomération,Hors intersection,Normale,Sans collision,,,,,,,,,,,1,1,1,1.0,7.0
201700021682,0017-06-12 09:20:00,17,6,12,9,20,370,250,,47.22986,0.6877,Plein jour,Hors agglomération,Hors intersection,Normale,Autre collision,,,,,,,,,,,1,1,1,1.0,6.0
201700021683,0017-07-14 06:35:00,17,7,14,6,35,370,216,,47.16034,0.62694,Plein jour,Hors agglomération,Hors intersection,Normale,Sans collision,,,,,,,,,,,1,1,1,1.0,7.0
201700021684,0017-07-20 04:50:00,17,7,20,4,50,370,5,,46.96892,0.54758,Nuit sans éclairage public,Hors agglomération,Hors intersection,Normale,Trois véhicules et plus - collisions multiples,,,,,,,,,,,3,1,1,1.0,5.0
201700021685,0017-07-30 17:50:00,17,7,30,17,50,370,250,,47.23419,0.65919,Plein jour,Hors agglomération,Hors intersection,Normale,Autre collision,,,,,,,,,,,1,1,1,1.0,6.0
201700021686,0017-08-03 18:30:00,17,8,3,18,30,370,110,TOURS/ VIERZON,47.292,1.09711,Plein jour,Hors agglomération,Hors intersection,Normale,Autre collision,,,,,,,,,,,1,1,1,1.0,6.0
201700021687,0017-08-05 10:15:00,17,8,5,10,15,370,226,,47.11164,0.59408,Plein jour,Hors agglomération,Hors intersection,Normale,Autre collision,,,,,,,,,,,1,1,1,1.0,6.0
201700021688,0017-09-01 08:45:00,17,9,1,8,45,370,233,bretelle entrée Autorout,47.39453,0.70701,Plein jour,Hors agglomération,Hors intersection,Normale,Deux véhicules - arrière,,,,,,,,,,,1,1,1,1.0,2.0
201700021689,0017-09-10 10:49:00,17,9,10,10,49,370,261,,47.38101,0.67424,Plein jour,Hors agglomération,Hors intersection,Normale,Autre collision,,,,,,,,,,,1,1,1,1.0,6.0
201700021690,0017-09-30 14:15:00,17,9,30,14,15,370,159,,47.26989,0.67235,Plein jour,Hors agglomération,Hors intersection,Normale,Deux véhicules - arrière,,,,,,,,,,,1,1,1,1.0,2.0
201700021691,0017-09-30 14:15:00,17,9,30,14,15,370,159,,47.26989,0.67235,Plein jour,Hors agglomération,Hors intersection,Normale,Deux véhicules - arrière,,,,,,,,,,,1,1,1,1.0,2.0
201700021692,0017-10-07 18:38:00,17,10,7,18,38,370,50,,47.33233,0.69447,Plein jour,Hors agglomération,Hors intersection,Normale,Autre collision,,,,,,,,,,,1,1,1,1.0,6.0
201700021693,0017-10-30 05:15:00,17,10,30,5,15,370,216,A10 sens Bordeaux  Paris,47.16034,0.62694,Nuit sans éclairage public,Hors agglomération,Hors intersection,Normale,Deux véhicules - arrière,,,,,,,,,,,3,1,1,1.0,2.0
201700021694,0017-11-12 04:02:00,17,11,12,4,2,370,226,,47.11164,0.59408,Nuit sans éclairage public,Hors agglomération,Hors intersection,Pluie légère,Deux véhicules - arrière,,,,,,,,,,,3,1,1,2.0,2.0
201700021695,0017-05-20 17:45:00,17,5,20,17,45,210,611,37 Avenue du Pavé,47.30859,4.71662,Plein jour,En agglomération,Hors intersection,Normale,Deux véhicules - frontale,,,,,,,,,,,1,2,1,1.0,1.0
201700021696,0017-10-01 19:00:00,17,10,1,19,0,210,310,D905 - PK 51 + 537,47.31838,4.59965,Plein jour,Hors agglomération,Hors intersection,Normale,Sans collision,,,,,,,,,,,1,1,1,1.0,7.0
201700021697,0017-01-03 17:50:00,17,1,3,17,50,830,131,CD 554 PR 93+450,43.20551,6.02916,Nuit avec éclairage non allumé,En agglomération,Intersection en T,Normale,Deux véhicules - côté,,,,,,,,,,,4,2,3,1.0,3.0
201700021698,0017-01-07 18:50:00,17,1,7,18,50,830,54,Rue Georges Brassens,43.16278,6.04141,Nuit avec éclairage allumé,En agglomération,Hors intersection,Normale,Deux véhicules - côté,,,,,,,,,,,5,2,1,1.0,3.0
201700021699,0017-03-19 17:15:00,17,3,19,17,15,830,54,D 554 PR 97600- ROUTE DE,43.15979,6.05493,Plein jour,En agglomération,Hors intersection,Normale,Deux véhicules - côté,,,,,,,,,,,1,2,1,1.0,3.0
201700021700,0017-03-20 18:00:00,17,3,20,18,0,830,131,2103 rd 554,43.21802,6.02542,Plein jour,En agglomération,Hors intersection,Normale,Trois véhicules et plus - collisions multiples,,,,,,,,,,,1,2,1,1.0,5.0
201700021701,0017-03-27 13:45:00,17,3,27,13,45,830,130,CD 558 PK 1+770 décroiss,43.18924,6.05806,Plein jour,Hors agglomération,Hors intersection,Normale,Autre collision,,,,,,,,,,,1,1,1,1.0,6.0
201700021702,0017-05-06 19:00:00,17,5,6,19,0,830,130,AVE DE BEAULIEU CARRE,43.17388,6.06778,Plein jour,Hors agglomération,Intersection en T,Normale,Trois véhicules et plus - collisions multiples,,,,,,,,,,,1,1,3,1.0,5.0
201700021703,0017-06-12 18:30:00,17,6,12,18,30,830,131,rd 554,43.20668,6.02917,Plein jour,En agglomération,Hors intersection,Normale,Deux véhicules - frontale,,,,,,,,,,,1,2,1,1.0,1.0
201700021704,0017-07-11 17:20:00,17,7,11,17,20,830,54,Avenue du Dr Schweitzer,43.15206,6.04273,Plein jour,En agglomération,Hors intersection,Normale,Trois véhicules et plus - en chaîne,,,,,,,,,,,1,2,1,1.0,4.0
201700021705,0017-08-07 08:27:00,17,8,7,8,27,830,17,RD554,43.24234,6.00245,Plein jour,Hors agglomération,Hors intersection,Temps éblouissant,Autre collision,,,,,,,,,,,1,1,1,7.0,6.0
201700021706,0017-10-22 09:00:00,17,10,22,9,0,830,54,route de la crau,43.15786,6.06587,Plein jour,Hors agglomération,Hors intersection,Normale,Deux véhicules - côté,,,,,,,,,,,1,1,1,1.0,3.0
201700021707,0017-11-06 05:55:00,17,11,6,5,55,830,130,Ave Maréchal de Lattre,43.18774,6.03796,Nuit sans éclairage public,En agglomération,Hors intersection,Pluie forte,Deux véhicules - frontale,,,,,,,,,,,3,2,1,3.0,1.0
201700021708,0017-11-06 13:45:00,17,11,6,13,45,830,54,95 RUE DE LA REPUBLIQUE,43.16717,6.04285,Plein jour,En agglomération,Autre intersection,Normale,Deux véhicules - côté,,,,,,,,,,,1,2,9,1.0,3.0
201700021709,0017-11-16 16:10:00,17,11,16,16,10,830,54,Ave Vincent Auriol,43.1575,6.04513,Plein jour,En agglomération,Hors intersection,Temps éblouissant,Autre collision,,,,,,,,,,,1,2,1,7.0,6.0
201700021710,0017-03-17 16:30:00,17,3,17,16,30,870,118,ROUTE DÉPARTEMENTALE 39,45.9559,1.12654,Plein jour,Hors agglomération,Hors intersection,Normale,Deux véhicules - frontale,,,,,,,,,,,1,1,1,1.0,1.0
201700021711,0017-03-21 16:20:00,17,3,21,16,20,870,166,RD20,45.7481,1.11104,Plein jour,Hors agglomération,Hors intersection,Normale,Deux véhicules - arrière,,,,,,,,,,,1,1,1,1.0,2.0
201700021712,0017-03-28 06:30:00,17,3,28,6,30,870,201,ROUTE DÉPARTEMENTALE 20,45.8466,1.16169,Nuit sans éclairage public,Hors agglomération,Hors intersection,Normale,Autre collision,,,,,,,,,,,3,1,1,1.0,6.0
201700021713,0017-04-09 20:45:00,17,4,9,20,45,870,143,36 RUE DE LA CROIX DES C,45.9044,1.15313,Crépuscule ou aube,Hors agglomération,Hors intersection,Normale,Deux véhicules - côté,,,,,,,,,,,2,1,1,1.0,3.0
201700021714,0017-07-01 07:15:00,17,7,1,7,15,870,201,RD941,45.835,1.21086,Plein jour,Hors agglomération,Hors intersection,Pluie légère,Autre collision,,,,,,,,,,,1,1,1,2.0,6.0
201700021715,0017-07-02 19:05:00,17,7,2,19,5,870,201,RD20,45.8435,1.16134,Plein jour,Hors agglomération,Hors intersection,Pluie légère,Deux véhicules - côté,,,,,,,,,,,1,1,1,2.0,3.0
201700021716,0017-08-16 11:10:00,17,8,16,11,10,870,191,PUYCHENY,45.762,1.07392,Plein jour,Hors agglomération,Hors intersection,Normale,Deux véhicules - frontale,,,,,,,,,,,1,1,1,1.0,1.0
201700021717,0017-08-17 10:30:00,17,8,17,10,30,870,166,JOUBERT,45.7335,1.1049,Plein jour,Hors agglomération,Hors intersection,Normale,Deux véhicules - frontale,,,,,,,,,,,1,1,1,1.0,1.0
201700021718,0017-09-09 11:45:00,17,9,9,11,45,870,38,MORCHEVAL,45.93,1.22992,Plein jour,Hors agglomération,Autre intersection,Autre,Deux véhicules - arrière,,,,,,,,,,,1,1,9,9.0,2.0
201700021719,0017-09-20 12:20:00,17,9,20,12,20,870,38,RUE SAINT ÉLOI,45.9086,1.25918,Plein jour,En agglomération,Hors intersection,Autre,Deux véhicules - arrière,,,,,,,,,,,1,2,1,9.0,2.0
201700021720,0017-09-29 18:10:00,17,9,29,18,10,870,118,LIEU DIT LA ROCHE,45.9527,1.11444,Plein jour,Hors agglomération,Hors intersection,Normale,Sans collision,,,,,,,,,,,1,1,1,1.0,7.0
201700021721,0017-10-23 16:45:00,17,10,23,16,45,870,1,INTERSECTION N21 ET RUE,45.7968,1.14219,Plein jour,En agglomération,Autre intersection,Normale,Deux véhicules - côté,,,,,,,,,,,1,2,9,1.0,3.0
201700021722,0017-11-18 18:15:00,17,11,18,18,15,870,201,RN 520,45.8572,1.15996,Crépuscule ou aube,Hors agglomération,Hors intersection,Normale,Deux véhicules - frontale,,,,,,,,,,,2,1,1,1.0,1.0
201700021723,0017-11-22 11:40:00,17,11,22,11,40,870,201,RD941A,45.8558,1.15154,Plein jour,Hors agglomération,Autre intersection,Normale,Deux véhicules - frontale,,,,,,,,,,,1,1,9,1.0,1.0
201700021724,0017-02-06 18:20:00,17,2,6,18,20,202,143,LDT BRAVONE - PK: 109.50,42.20882,9.53423,Nuit avec éclairage allumé,Hors agglomération,Hors intersection,Normale,Deux véhicules - arrière,,,,,,,,,,,5,1,1,1.0,2.0
201700021725,0017-02-10 10:50:00,17,2,10,10,50,202,143,Ldt Dit Bravone,42.21506,9.53353,Plein jour,Hors agglomération,Hors intersection,Normale,Deux véhicules - arrière,,,,,,,,,,,1,1,1,1.0,2.0
201700021726,0017-03-16 11:45:00,17,3,16,11,45,202,320,RT10 - Face Domaine de T,42.17609,9.46849,Plein jour,Hors agglomération,Hors intersection,Normale,Sans collision,,,,,,,,,,,1,1,1,1.0,7.0
201700021727,0017-04-04 09:00:00,17,4,4,9,0,202,143,Bravone,42.20334,9.53489,Plein jour,Hors agglomération,Intersection en T,Normale,Deux véhicules - côté,,,,,,,,,,,1,1,3,1.0,3.0