accident_id,datetime,annee,mois,jour,heure,minute,departement,commune_insee,adresse,latitude,longitude,luminosite,agglomeration,intersection,meteo,collision,nb_vehicules,nb_usagers,nb_indemnes,nb_tues,nb_blesses_hosp,nb_blesses_legers,age_cond_1,age_cond_2,veh_type_cond_1,veh_type_cond_2,lum_code,agg_code,int_code,atm_code,col_code
201700021728,0017-04-12 15:45:00,17,4,12,15,45,202,320,plaine de Piannicia,42.1775,9.47703,Plein jour,Hors agglomération,Hors intersection,Normale,Autre collision,,,,,,,,,,,1,1,1,1.0,6.0
201700021729,0017-05-12 06:45:00,17,5,12,6,45,202,320,Pont d'arena,42.15013,9.50628,Plein jour,Hors agglomération,Hors intersection,Normale,Deux véhicules - arrière,,,,,,,,,,,1,1,1,1.0,2.0
201700021730,0017-07-16 17:30:00,17,7,16,17,30,202,124,D69,42.10485,9.20852,Plein jour,Hors agglomération,Hors intersection,Normale,Autre collision,,,,,,,,,,,1,1,1,1.0,6.0
201700021731,0017-08-14 15:05:00,17,8,14,15,5,202,9,Pont de l'alta,42.11711,9.48976,Plein jour,Hors agglomération,Hors intersection,Normale,Autre collision,,,,,,,,,,,1,1,1,1.0,6.0
201700021732,0017-08-16 13:30:00,17,8,16,13,30,202,9,Lieu-dit Casabianda - PK,42.09088,9.5096,Plein jour,Hors agglomération,Hors intersection,Normale,Deux véhicules - côté,,,,,,,,,,,1,1,1,1.0,3.0
201700021733,0017-09-01 06:25:00,17,9,1,6,25,202,143,RT 10 - PK: 106.200,42.18739,9.53054,Crépuscule ou aube,Hors agglomération,Hors intersection,Normale,Trois véhicules et plus - collisions multiples,,,,,,,,,,,2,1,1,1.0,5.0
201700021734,0017-12-18 14:08:00,17,12,18,14,8,202,229,RD 343 - Maison Pieraggi,42.09498,9.36816,Plein jour,Hors agglomération,Hors intersection,Normale,Autre collision,,,,,,,,,,,1,1,1,1.0,6.0
201700021735,0017-01-03 09:15:00,17,1,3,9,15,470,114,Lieu dit Plantey,,,Plein jour,Hors agglomération,Hors intersection,Brouillard / fumée,Deux véhicules - frontale,,,,,,,,,,,1,1,1,5.0,1.0
201700021736,0017-01-10 19:20:00,17,1,10,19,20,470,34,Métairie Neuve,,,Nuit sans éclairage public,Hors agglomération,Intersection en T,Normale,Deux véhicules - arrière,,,,,,,,,,,3,1,3,1.0,2.0
201700021737,0017-02-07 11:30:00,17,2,7,11,30,470,10,Lieu-dit Bel Air,,,Plein jour,Hors agglomération,Hors intersection,Normale,Sans collision,,,,,,,,,,,1,1,1,1.0,7.0
201700021738,0017-03-31 18:10:00,17,3,31,18,10,470,233,CD 3 - PR 1 +250,,,Plein jour,Hors agglomération,Hors intersection,Normale,Deux véhicules - frontale,,,,,,,,,,,1,1,1,1.0,1.0
201700021739,0017-04-11 18:20:00,17,4,11,18,20,470,165,Lieu-dit Les Gravières,44.50774,0.04419,Plein jour,Hors agglomération,Hors intersection,Normale,Sans collision,,,,,,,,,,,1,1,1,1.0,7.0
201700021740,0017-06-11 15:00:00,17,6,11,15,0,470,74,"LIEU-DIT "" LAUBEROT """,44.5121,0.06361,Plein jour,Hors agglomération,Hors intersection,Normale,Sans collision,,,,,,,,,,,1,1,1,1.0,7.0
201700021741,0017-08-05 00:30:00,17,8,5,0,30,470,224,LIEU DIT LE SABLA,44.393,0.02341,Nuit sans éclairage public,Hors agglomération,Hors intersection,Normale,Autre collision,,,,,,,,,,,3,1,1,1.0,6.0
201700021742,0017-08-28 05:30:00,17,8,28,5,30,470,59,D708,44.5938,0.18057,Nuit sans éclairage public,Hors agglomération,Hors intersection,Normale,Sans collision,,,,,,,,,,,3,1,1,1.0,7.0
201700021743,0017-11-18 05:20:00,17,11,18,5,20,470,233,LIEU-DIT MORRAU,44.5248,0.10923,Nuit sans éclairage public,Hors agglomération,Hors intersection,Normale,Autre collision,,,,,,,,,,,3,1,1,1.0,6.0
201700021744,0017-12-08 22:00:00,17,12,8,22,0,470,56,LE FAUBOURG,44.558,0.13292,Nuit sans éclairage public,En agglomération,Giratoire,Normale,Deux véhicules - côté,,,,,,,,,,,3,2,6,1.0,3.0
201700021745,0017-01-13 19:20:00,17,1,13,19,20,230,140,Les Grands Bois,45.93379,2.17697,Nuit sans éclairage public,Hors agglomération,Hors intersection,Temps couvert,Sans collision,,,,,,,,,,,3,1,1,8.0,7.0
201700021746,0017-05-14 18:00:00,17,5,14,18,0,230,79,route de vallière,45.88776,2.16725,Plein jour,En agglomération,Autre intersection,Normale,Sans collision,,,,,,,,,,,1,2,9,1.0,7.0
201700021747,0017-09-15 08:00:00,17,9,15,8,0,230,165,RD8,45.81709,1.92652,Plein jour,Hors agglomération,Hors intersection,Temps couvert,Sans collision,,,,,,,,,,,1,1,1,8.0,7.0
201700021748,0017-09-12 12:15:00,17,9,12,12,15,230,165,Le villard,45.81146,1.93148,Plein jour,Hors agglomération,Hors intersection,Normale,Sans collision,,,,,,,,,,,1,1,1,1.0,7.0
201700021749,0017-12-08 19:15:00,17,12,8,19,15,230,238,RD23,45.87102,2.17117,Nuit sans éclairage public,Hors agglomération,Intersection en T,Temps couvert,Trois véhicules et plus - collisions multiples,,,,,,,,,,,3,1,3,8.0,5.0
201700021750,0017-01-14 08:45:00,17,1,14,8,45,230,207,lieu dit malcote,46.26964,1.56348,Plein jour,Hors agglomération,Hors intersection,Neige / grêle,Deux véhicules - côté,,,,,,,,,,,1,1,1,4.0,3.0
201700021751,0017-01-19 18:24:00,17,1,19,18,24,230,219,Route nationale 145,46.20422,1.38446,Nuit sans éclairage public,Hors agglomération,Intersection en T,Normale,Trois véhicules et plus - collisions multiples,,,,,,,,,,,3,1,3,1.0,5.0
201700021752,0017-02-17 16:15:00,17,2,17,16,15,230,111,RN 145,46.23346,1.5455,Plein jour,Hors agglomération,Hors intersection,Normale,Deux véhicules - côté,,,,,,,,,,,1,1,1,1.0,3.0
201700021753,0017-02-22 07:40:00,17,2,22,7,40,230,177,Le Marchat,46.29373,1.47353,Plein jour,Hors agglomération,Hors intersection,Pluie légère,Autre collision,,,,,,,,,,,1,1,1,2.0,6.0
201700021754,0017-05-28 17:50:00,17,5,28,17,50,230,95,lieu-dit la folie,46.20521,1.68146,Plein jour,Hors agglomération,Intersection en X,Normale,Trois véhicules et plus - collisions multiples,,,,,,,,,,,1,1,2,1.0,5.0
201700021755,0017-06-23 14:00:00,17,6,23,14,0,230,235,D 74,46.16864,1.51929,Plein jour,Hors agglomération,Hors intersection,Normale,Autre collision,,,,,,,,,,,1,1,1,1.0,6.0
201700021756,0017-07-17 21:35:00,17,7,17,21,35,230,176,1 avenue de la Républiqu,46.23828,1.49178,Plein jour,En agglomération,Hors intersection,Normale,Autre collision,,,,,,,,,,,1,2,1,1.0,6.0
201700021757,0017-08-05 16:05:00,17,8,5,16,5,230,70,"D913 Lieu-dit ""Villeneuv",46.4024,1.59381,Plein jour,Hors agglomération,Hors intersection,Normale,Sans collision,,,,,,,,,,,1,1,1,1.0,7.0
201700021758,0017-08-01 10:20:00,17,8,1,10,20,230,263,Pont de l'enfer,46.33142,1.72847,Plein jour,Hors agglomération,Hors intersection,Normale,Sans collision,,,,,,,,,,,1,1,1,1.0,7.0
201700021759,0017-08-16 10:45:00,17,8,16,10,45,230,82,Le Trois et Demi,46.22048,1.68604,Plein jour,Hors agglomération,Hors intersection,Normale,Autre collision,,,,,,,,,,,1,1,1,1.0,6.0
201700021760,0017-08-24 17:45:00,17,8,24,17,45,230,95,Carrefour  D972 et D4,46.1614,1.65169,Plein jour,Hors agglomération,Intersection en X,Normale,Deux véhicules - côté,,,,,,,,,,,1,1,2,1.0,3.0
201700021761,0017-09-16 16:00:00,17,9,16,16,0,230,219,RN 145 sens de circulati,46.21085,1.42332,Plein jour,Hors agglomération,Hors intersection,Pluie légère,Deux véhicules - frontale,,,,,,,,,,,1,1,1,2.0,1.0
201700021762,0017-11-06 01:00:00,17,11,6,1,0,230,39,Route communale 3,46.31296,1.79123,Nuit sans éclairage public,Hors agglomération,Hors intersection,Normale,Sans collision,,,,,,,,,,,3,1,1,1.0,7.0
201700021763,0017-12-18 16:30:00,17,12,18,16,30,230,235,RD 10,46.17125,1.55223,Crépuscule ou aube,Hors agglomération,Hors intersection,Pluie légère,Autre collision,,,,,,,,,,,2,1,1,2.0,6.0
201700021764,0017-04-22 00:15:00,17,4,22,0,15,500,546,LA HOUSSAYE,49.04981,-1.13025,Nuit sans éclairage public,Hors agglomération,Hors intersection,Normale,Sans collision,,,,,,,,,,,3,1,1,1.0,7.0
201700021765,0017-05-12 21:05:00,17,5,12,21,5,500,465,100 rue de la Vire,49.08654,-1.13945,Nuit sans éclairage public,Hors agglomération,Hors intersection,Pluie forte,Autre collision,,,,,,,,,,,3,1,1,3.0,6.0
201700021766,0017-06-21 17:00:00,17,6,21,17,0,500,287,7 route du manoir,49.06301,-1.09292,Plein jour,Hors agglomération,Hors intersection,Normale,Autre collision,,,,,,,,,,,1,1,1,1.0,6.0
201700021767,0017-08-31 00:30:00,17,8,31,0,30,500,363,l'aubannerie,49.00677,-1.09534,Nuit sans éclairage public,Hors agglomération,Hors intersection,Temps couvert,Autre collision,,,,,,,,,,,3,1,1,8.0,6.0
201700021768,0017-09-11 11:40:00,17,9,11,11,40,500,363,D27,48.99743,-1.15352,Plein jour,Hors agglomération,Hors intersection,Pluie légère,Autre collision,,,,,,,,,,,1,1,1,2.0,6.0
201700021769,0017-06-14 22:30:00,17,6,14,22,30,500,159,le calenge,49.03645,-1.23372,Nuit sans éclairage public,Hors agglomération,Hors intersection,Normale,Deux véhicules - côté,,,,,,,,,,,3,1,1,1.0,3.0
201700021770,0017-10-13 17:15:00,17,10,13,17,15,500,164,24 rue du haut du bourg,48.99464,-1.03149,Plein jour,Hors agglomération,Hors intersection,Normale,Trois véhicules et plus - collisions multiples,,,,,,,,,,,1,1,1,1.0,5.0
201700021771,0017-12-20 11:50:00,17,12,20,11,50,500,545,le Boulay Départementale,49.04415,-1.10199,Plein jour,Hors agglomération,Hors intersection,Normale,Deux véhicules - frontale,,,,,,,,,,,1,1,1,1.0,1.0
201700021772,0017-02-04 06:30:00,17,2,4,6,30,220,185,La villeneuve sainte odi,48.38553,-2.38071,Nuit sans éclairage public,Hors agglomération,Autre intersection,Pluie forte,Autre collision,,,,,,,,,,,3,1,9,3.0,6.0
201700021773,0017-04-12 13:00:00,17,4,12,13,0,220,114,RUE DU VAL DE RANCE,48.24815,-2.29226,Plein jour,Hors agglomération,Hors intersection,Temps éblouissant,Deux véhicules - frontale,,,,,,,,,,,1,1,1,7.0,1.0
201700021774,0017-06-01 18:50:00,17,6,1,18,50,220,69,la ville orial,48.30568,-2.10622,Plein jour,Hors agglomération,Hors intersection,Normale,Deux véhicules - frontale,,,,,,,,,,,1,1,1,1.0,1.0
201700021775,0017-08-31 17:00:00,17,8,31,17,0,220,175,Launay-Chauvin,48.45293,-2.39119,Plein jour,Hors agglomération,Hors intersection,Pluie légère,Autre collision,,,,,,,,,,,1,1,1,2.0,6.0
201700021776,0017-09-04 16:40:00,17,9,4,16,40,220,175,Parking château de la hu,48.47137,-2.34134,Plein jour,Hors agglomération,Hors intersection,Normale,Sans collision,,,,,,,,,,,1,1,1,1.0,7.0
201700021777,0017-09-23 10:30:00,17,9,23,10,30,220,239,10 rue de cassiopée,48.35761,-2.12529,Plein jour,En agglomération,Hors intersection,Temps éblouissant,Autre collision,,,,,,,,,,,1,2,1,7.0,6.0
201700021778,0017-10-07 19:10:00,17,10,7,19,10,220,305,"D 46, à hauteur de l'int",48.27396,-2.18278,Crépuscule ou aube,Hors agglomération,Intersection en T,Temps éblouissant,Deux véhicules - frontale,,,,,,,,,,,2,1,3,7.0,1.0
201700021779,0017-10-07 11:45:00,17,10,7,11,45,220,193,la colonie,48.42753,-2.41202,Plein jour,Hors agglomération,Intersection en T,Normale,Deux véhicules - frontale,,,,,,,,,,,1,1,3,1.0,1.0
201700021780,0017-10-28 17:30:00,17,10,28,17,30,220,267,D16,48.30306,-2.34424,Plein jour,Hors agglomération,Autre intersection,Normale,Deux véhicules - arrière,,,,,,,,,,,1,1,9,1.0,2.0
201700021781,0017-10-28 16:45:00,17,10,28,16,45,220,267,LIEU DIT BOUGUENEUF,48.30432,-2.34377,Plein jour,Hors agglomération,Hors intersection,Normale,Autre collision,,,,,,,,,,,1,1,1,1.0,6.0
201700021782,0017-11-28 15:55:00,17,11,28,15,55,220,84,25 rue de Penthièvre,48.40909,-2.32336,Plein jour,En agglomération,Intersection en T,Temps éblouissant,Deux véhicules - côté,,,,,,,,,,,1,2,3,7.0,3.0
201700021783,0017-12-02 09:30:00,17,12,2,9,30,220,20,PÉCHARD,48.30343,-2.2702,Plein jour,Hors agglomération,Hors intersection,Autre,Sans collision,,,,,,,,,,,1,1,1,9.0,7.0
201700021784,0017-02-16 15:40:00,17,2,16,15,40,300,14,Départementale 22 - Les,43.99796,4.3949,Plein jour,Hors agglomération,Hors intersection,Normale,Sans collision,,,,,,,,,,,1,1,1,1.0,7.0
201700021785,0017-02-28 17:00:00,17,2,28,17,0,300,174,départementale 979,44.06212,4.3965,Plein jour,Hors agglomération,Hors intersection,Pluie légère,Deux véhicules - frontale,,,,,,,,,,,1,1,1,2.0,1.0
201700021786,0017-03-19 17:35:00,17,3,19,17,35,300,334,CD 981,44.02006,4.40084,Plein jour,Hors agglomération,Hors intersection,Normale,Autre collision,,,,,,,,,,,1,1,1,1.0,6.0
201700021787,0017-03-20 15:00:00,17,3,20,15,0,300,295,croisement D25 rte de ST,44.03355,4.44482,Plein jour,En agglomération,Intersection en Y,Normale,Deux véhicules - côté,,,,,,,,,,,1,2,4,1.0,3.0
201700021788,0017-05-05 15:00:00,17,5,5,15,0,300,334,4 Avenue Georges Chauvi,44.01326,4.41446,Plein jour,En agglomération,Hors intersection,Normale,Deux véhicules - arrière,,,,,,,,,,,1,2,1,1.0,2.0
201700021789,0017-06-01 18:30:00,17,6,1,18,30,300,319,chemin des jardins,44.05446,4.36041,Plein jour,En agglomération,Hors intersection,Normale,Sans collision,,,,,,,,,,,1,2,1,1.0,7.0
201700021790,0017-06-11 14:45:00,17,6,11,14,45,300,1,mas pontier CD 125,44.05152,4.34865,Plein jour,Hors agglomération,Hors intersection,Normale,Deux véhicules - frontale,,,,,,,,,,,1,1,1,1.0,1.0
201700021791,0017-06-17 03:00:00,17,6,17,3,0,300,308,RD 112,43.9552,4.44138,Nuit sans éclairage public,Hors agglomération,Hors intersection,Normale,Autre collision,,,,,,,,,,,3,1,1,1.0,6.0
201700021792,0017-07-15 19:00:00,17,7,15,19,0,300,338,RD979,44.12326,4.36711,Plein jour,Hors agglomération,Hors intersection,Normale,Deux véhicules - frontale,,,,,,,,,,,1,1,1,1.0,1.0
201700021793,0017-07-29 10:00:00,17,7,29,10,0,300,299,RD 982,44.02326,4.46184,Plein jour,Hors agglomération,Intersection en T,Normale,Deux véhicules - côté,,,,,,,,,,,1,1,3,1.0,3.0
201700021794,0017-08-02 20:40:00,17,8,2,20,40,300,334,RD 979,44.05814,4.40002,Plein jour,Hors agglomération,Hors intersection,Normale,Autre collision,,,,,,,,,,,1,1,1,1.0,6.0
201700021795,0017-08-13 22:20:00,17,8,13,22,20,300,334,RD 982,44.0181,4.42781,Plein jour,Hors agglomération,Hors intersection,Normale,Autre collision,,,,,,,,,,,1,1,1,1.0,6.0
201700021796,0017-10-12 18:05:00,17,10,12,18,5,300,14,D982,44.00059,4.37554,Plein jour,Hors agglomération,Hors intersection,Normale,Autre collision,,,,,,,,,,,1,1,1,1.0,6.0
201700021797,0017-10-17 16:50:00,17,10,17,16,50,300,334,avenue de la gare,44.01148,4.41514,Plein jour,En agglomération,Giratoire,Normale,Autre collision,,,,,,,,,,,1,2,6,1.0,6.0
201700021798,0017-11-19 00:50:00,17,11,19,0,50,300,334,RD982,44.00332,4.39689,Nuit sans éclairage public,Hors agglomération,Hors intersection,Normale,Autre collision,,,,,,,,,,,3,1,1,1.0,6.0
201700021799,0017-02-19 19:05:00,17,2,19,19,5,300,96,"D 980, PK 10+320 St Gely",44.21087,4.50133,Nuit sans éclairage public,Hors agglomération,Hors intersection,Normale,Deux véhicules - frontale,,,,,,,,,,,3,1,1,1.0,1.0
201700021800,0017-04-23 17:15:00,17,4,23,17,15,300,273,RD343,44.28049,4.57206,Plein jour,Hors agglomération,Hors intersection,Normale,Deux véhicules - frontale,,,,,,,,,,,1,1,1,1.0,1.0
201700021801,0017-06-01 13:40:00,17,6,1,13,40,300,288,Route nationale 86,44.19592,4.62474,Plein jour,En agglomération,Intersection en T,Normale,Deux véhicules - côté,,,,,,,,,,,1,2,3,1.0,3.0
201700021802,0017-08-13 05:15:00,17,8,13,5,15,300,290,D 901,44.27619,4.60051,Nuit sans éclairage public,Hors agglomération,Hors intersection,Normale,Autre collision,,,,,,,,,,,3,1,1,1.0,6.0
201700021803,0017-01-25 19:05:00,17,1,25,19,5,300,254,CD 980,44.06188,4.73194,Nuit sans éclairage public,Hors agglomération,Intersection en T,Temps couvert,Deux véhicules - frontale,,,,,,,,,,,3,1,3,8.0,1.0
201700021804,0017-01-29 01:20:00,17,1,29,1,20,300,315,rn 100 la fontaine du bu,43.95084,4.71054,Nuit avec éclairage allumé,Hors agglomération,Hors intersection,Normale,Autre collision,,,,,,,,,,,5,1,1,1.0,6.0
201700021805,0017-02-01 12:00:00,17,2,1,12,0,300,221,chemin de caderache,44.0338,4.78525,Plein jour,En agglomération,Hors intersection,Normale,Sans collision,,,,,,,,,,,1,2,1,1.0,7.0
201700021806,0017-02-01 16:40:00,17,2,1,16,40,300,221,D6580 - PK 18.100,44.03558,4.73065,Plein jour,Hors agglomération,Hors intersection,Normale,Deux véhicules - arrière,,,,,,,,,,,1,1,1,1.0,2.0
201700021807,0017-03-03 20:20:00,17,3,3,20,20,300,326,D 6580,44.00669,4.73535,Nuit sans éclairage public,Hors agglomération,Hors intersection,Normale,Deux véhicules - côté,,,,,,,,,,,3,1,1,1.0,3.0
201700021808,0017-04-18 18:50:00,17,4,18,18,50,300,221,D980 La défraisse,44.04828,4.78851,Plein jour,Hors agglomération,Hors intersection,Vent fort / tempête,Deux véhicules - frontale,,,,,,,,,,,1,1,1,6.0,1.0
201700021809,0017-05-21 21:15:00,17,5,21,21,15,300,312,chemin du vieux Mas / Ch,44.01237,4.80857,Crépuscule ou aube,En agglomération,Intersection en X,Normale,Deux véhicules - côté,,,,,,,,,,,2,2,2,1.0,3.0
201700021810,0017-08-01 18:10:00,17,8,1,18,10,300,315,RN100 PR 11+960,43.94972,4.7031,Plein jour,Hors agglomération,Hors intersection,Normale,Deux véhicules - frontale,,,,,,,,,,,1,1,1,1.0,1.0
201700021811,0017-08-10 08:45:00,17,8,10,8,45,300,209,route de villeneuve les,,,Plein jour,En agglomération,Hors intersection,Normale,Deux véhicules - frontale,,,,,,,,,,,1,2,1,1.0,1.0
201700021812,0017-08-28 10:30:00,17,8,28,10,30,300,278,RN 580,44.06489,4.70846,Plein jour,Hors agglomération,Hors intersection,Normale,Trois véhicules et plus - collisions multiples,,,,,,,,,,,1,1,1,1.0,5.0
201700021813,0017-10-14 19:30:00,17,10,14,19,30,300,326,D6580,44.00764,4.73493,Nuit sans éclairage public,Hors agglomération,Intersection en X,Normale,Deux véhicules - frontale,,,,,,,,,,,3,1,2,1.0,1.0
201700021814,0017-11-04 07:50:00,17,11,4,7,50,300,278,N580,44.04289,4.72418,Crépuscule ou aube,Hors agglomération,Hors intersection,Normale,Sans collision,,,,,,,,,,,2,1,1,1.0,7.0
201700021815,0017-12-22 17:50:00,17,12,22,17,50,300,254,RD980,44.06189,4.73196,Nuit sans éclairage public,Hors agglomération,Intersection en T,Normale,Autre collision,,,,,,,,,,,3,1,3,1.0,6.0
201700021816,0017-12-24 12:45:00,17,12,24,12,45,300,254,RD 980,44.06066,4.73567,Plein jour,Hors agglomération,Hors intersection,Normale,Autre collision,,,,,,,,,,,1,1,1,1.0,6.0
201700021817,0017-01-27 19:10:00,17,1,27,19,10,380,113,rd 526,44.82808,5.61101,Nuit avec éclairage allumé,En agglomération,Hors intersection,Temps couvert,Sans collision,,,,,,,,,,,5,2,1,8.0,7.0
201700021818,0017-02-22 15:30:00,17,2,22,15,30,380,342,RD 34 PK6,44.87338,5.65352,Plein jour,Hors agglomération,Hors intersection,Normale,Sans collision,,,,,,,,,,,1,1,1,1.0,7.0
201700021819,0017-02-26 22:30:00,17,2,26,22,30,380,113,Route départementale 107,44.82374,5.61788,Nuit sans éclairage public,Hors agglomération,Hors intersection,Normale,Sans collision,,,,,,,,,,,3,1,1,1.0,7.0
201700021820,0017-03-12 15:20:00,17,3,12,15,20,380,204,lieu dit avers,44.76542,5.69792,Plein jour,Hors agglomération,Hors intersection,Normale,Autre collision,,,,,,,,,,,1,1,1,1.0,6.0
201700021821,0017-03-17 21:30:00,17,3,17,21,30,380,127,RD34,44.84016,5.7042,Nuit sans éclairage public,Hors agglomération,Hors intersection,Normale,Autre collision,,,,,,,,,,,3,1,1,1.0,6.0
201700021822,0017-03-18 08:15:00,17,3,18,8,15,380,226,rue saint giraud,44.81822,5.75172,Plein jour,En agglomération,Hors intersection,Normale,Autre collision,,,,,,,,,,,1,2,1,1.0,6.0
201700021823,0017-04-24 12:00:00,17,4,24,12,0,380,342,RD 34,44.87338,5.65352,Plein jour,Hors agglomération,Hors intersection,Normale,Sans collision,,,,,,,,,,,1,1,1,1.0,7.0
201700021824,0017-05-27 19:30:00,17,5,27,19,30,380,301,RD1075,44.79705,5.6358,Plein jour,Hors agglomération,Hors intersection,Normale,Deux véhicules - côté,,,,,,,,,,,1,1,1,1.0,3.0
201700021825,0017-06-19 01:30:00,17,6,19,1,30,380,208,Lieu dit les Roussin,44.85897,5.67939,Nuit sans éclairage public,Hors agglomération,Hors intersection,Normale,Sans collision,,,,,,,,,,,3,1,1,1.0,7.0
201700021826,0017-06-20 17:30:00,17,6,20,17,30,380,492,Route de la Morte,44.95693,5.6489,Plein jour,Hors agglomération,Hors intersection,Normale,Sans collision,,,,,,,,,,,1,1,1,1.0,7.0
201700021827,0017-07-09 20:30:00,17,7,9,20,30,380,243,Col de Lus la Croix Haut,44.78071,5.64847,Crépuscule ou aube,Hors agglomération,Hors intersection,Pluie légère,Deux véhicules - côté,,,,,,,,,,,2,1,1,2.0,3.0
201700021828,0017-07-30 13:20:00,17,7,30,13,20,380,204,route de grenoble,44.73881,5.67766,Plein jour,Hors agglomération,Hors intersection,Normale,Sans collision,,,,,,,,,,,1,1,1,1.0,7.0
201700021829,0017-08-19 16:18:00,17,8,19,16,18,380,424,route de Lalley,44.77128,5.66189,Plein jour,Hors agglomération,Hors intersection,Normale,Deux véhicules - frontale,,,,,,,,,,,1,1,1,1.0,1.0
201700021830,0017-08-31 16:10:00,17,8,31,16,10,380,429,Route de Saint Michel Le,44.86787,5.61173,Plein jour,Hors agglomération,Hors intersection,Pluie forte,Deux véhicules - frontale,,,,,,,,,,,1,1,1,3.0,1.0
201700021831,0017-09-16 10:00:00,17,9,16,10,0,380,419,RD 1075,44.83979,5.61229,Plein jour,Hors agglomération,Hors intersection,Normale,Autre collision,,,,,,,,,,,1,1,1,1.0,6.0
201700021832,0017-09-16 19:00:00,17,9,16,19,0,380,403,RD 526,44.85198,5.73892,Plein jour,Hors agglomération,Hors intersection,Normale,Autre collision,,,,,,,,,,,1,1,1,1.0,6.0
201700021833,0017-09-28 18:00:00,17,9,28,18,0,380,342,Col du FAU,44.90472,5.62317,Plein jour,Hors agglomération,Hors intersection,Normale,Autre collision,,,,,,,,,,,1,1,1,1.0,6.0
201700021834,0017-01-01 04:00:00,17,1,1,4,0,180,205,RD 400 (Rocade),47.09632,2.33773,Nuit sans éclairage public,Hors agglomération,Hors intersection,Autre,Deux véhicules - côté,,,,,,,,,,,3,1,1,9.0,3.0
201700021835,0017-12-26 17:00:00,17,12,26,17,0,180,205,"53, ORLEANS (ROUTE D')",47.09815,2.3817,Plein jour,En agglomération,Intersection en T,Normale,Deux véhicules - côté,,,,,,,,,,,1,2,3,1.0,3.0
201700021836,0017-01-07 14:15:00,17,1,7,14,15,180,33,"2, JOFFRE (BOULEVARD DU",47.07552,2.40543,Plein jour,En agglomération,Intersection en X,Normale,Autre collision,,,,,,,,,,,1,2,2,1.0,6.0
201700021837,0017-01-22 01:29:00,17,1,22,1,29,180,33,"90, MALLET (RUE LOUIS)",47.08005,2.38062,Nuit avec éclairage allumé,En agglomération,Hors intersection,Normale,Autre collision,,,,,,,,,,,5,2,1,1.0,6.0
201700021838,0017-02-02 19:20:00,17,2,2,19,20,180,33,PROSPECTIVE (AVENU,47.11625,2.41196,Nuit avec éclairage allumé,En agglomération,Hors intersection,Pluie légère,Deux véhicules - frontale,,,,,,,,,,,5,2,1,2.0,1.0
201700021839,0017-02-07 20:10:00,17,2,7,20,10,180,33,"35, INDUSTRIE (BOULEVARD",47.07197,2.39297,Nuit avec éclairage allumé,En agglomération,Hors intersection,Normale,Autre collision,,,,,,,,,,,5,2,1,1.0,6.0
201700021840,0017-02-12 20:54:00,17,2,12,20,54,180,267,CHATEAUNEUF (ROUTE,47.06236,2.38548,Nuit avec éclairage allumé,En agglomération,Intersection en X,Normale,Deux véhicules - arrière,,,,,,,,,,,5,2,2,1.0,2.0
201700021841,0017-03-02 13:00:00,17,3,2,13,0,180,33,"61, CHAPELLE (ROUTE DE L",47.07615,2.37675,Plein jour,En agglomération,Intersection en X,Normale,Autre collision,,,,,,,,,,,1,2,2,1.0,6.0
201700021842,0017-03-09 01:10:00,17,3,9,1,10,180,33,LATTRE DE TASSIGNY (AVEN,47.10315,2.40941,Nuit avec éclairage allumé,En agglomération,Intersection en T,Pluie légère,Autre collision,,,,,,,,,,,5,2,3,2.0,6.0
201700021843,0017-03-25 18:30:00,17,3,25,18,30,180,33,"126, DE GAULLE (AV DU GE",47.09907,2.40649,Plein jour,En agglomération,Hors intersection,Normale,Deux véhicules - côté,,,,,,,,,,,1,2,1,1.0,3.0
201700021844,0017-03-26 03:45:00,17,3,26,3,45,180,33,ORLEANS (AVENUE D'),,,Nuit avec éclairage non allumé,En agglomération,Intersection en X,Normale,Deux véhicules - frontale,,,,,,,,,,,4,2,2,1.0,1.0
201700021845,0017-03-28 12:05:00,17,3,28,12,5,180,205,REPUBLIQUE (AVENUE DE LA,47.099,2.373,Plein jour,En agglomération,Giratoire,Normale,Deux véhicules - côté,,,,,,,,,,,1,2,6,1.0,3.0
201700021846,0017-04-07 18:20:00,17,4,7,18,20,180,33,JURANVILLE (BOULEVARD),47.08206,2.38927,Plein jour,En agglomération,Hors intersection,Normale,Deux véhicules - côté,,,,,,,,,,,1,2,1,1.0,3.0
201700021847,0017-04-22 22:00:00,17,4,22,22,0,180,33,RUE DU GL CHALLE,47.09387,2.4015,Nuit avec éclairage allumé,En agglomération,Hors intersection,Normale,Deux véhicules - arrière,,,,,,,,,,,5,2,1,1.0,2.0
201700021848,0017-04-22 12:55:00,17,4,22,12,55,180,33,RD 940 (Route de Fussy),47.12472,2.42444,Plein jour,Hors agglomération,Giratoire,Normale,Deux véhicules - côté,,,,,,,,,,,1,1,6,1.0,3.0
201700021849,0017-04-25 11:45:00,17,4,25,11,45,180,205,BONDOIRES (RUE DES),47.11084,2.36522,Plein jour,En agglomération,Intersection en T,Normale,Deux véhicules - côté,,,,,,,,,,,1,2,3,1.0,3.0