accident_id,datetime,annee,mois,jour,heure,minute,departement,commune_insee,adresse,latitude,longitude,luminosite,agglomeration,intersection,meteo,collision,nb_vehicules,nb_usagers,nb_indemnes,nb_tues,nb_blesses_hosp,nb_blesses_legers,age_cond_1,age_cond_2,veh_type_cond_1,veh_type_cond_2,lum_code,agg_code,int_code,atm_code,col_code
201700021850,0017-05-08 16:41:00,17,5,8,16,41,180,50,MONET (RUE JEAN),47.04665,2.32098,Plein jour,Hors agglomération,Hors intersection,Normale,Sans collision,,,,,,,,,,,1,1,1,1.0,7.0
201700021851,0017-04-03 10:45:00,17,4,3,10,45,180,33,LUTHER KING (PLACE MAREC,,,Plein jour,En agglomération,Place,Normale,Autre collision,,,,,,,,,,,1,2,7,1.0,6.0
201700021852,0017-05-19 08:30:00,17,5,19,8,30,180,33,"39, QUATORZE JUILLET (PL",47.12397,2.40271,Plein jour,En agglomération,Hors intersection,Normale,Autre collision,,,,,,,,,,,1,2,1,1.0,6.0
201700021853,0017-05-19 21:40:00,17,5,19,21,40,180,33,"32, CHAPPE (CHAUSSEE DE)",47.09053,2.42177,Nuit avec éclairage allumé,En agglomération,Hors intersection,Pluie légère,Autre collision,,,,,,,,,,,5,2,1,2.0,6.0
201700021854,0017-06-07 16:21:00,17,6,7,16,21,180,33,"22, PROSPECTIVE (AVENUE",47.11504,4.40957,Plein jour,En agglomération,Hors intersection,Normale,Deux véhicules - côté,,,,,,,,,,,1,2,1,1.0,3.0
201700021855,0017-06-10 23:00:00,17,6,10,23,0,180,205,"26, MUSSET (RUE ALFRED D",47.09053,2.42177,Nuit avec éclairage allumé,En agglomération,Hors intersection,Normale,Sans collision,,,,,,,,,,,5,2,1,1.0,7.0
201700021856,0017-05-23 17:45:00,17,5,23,17,45,180,33,JUIN (AVENUE DU MA,47.10553,2.42387,Plein jour,Hors agglomération,Hors intersection,Normale,Deux véhicules - côté,,,,,,,,,,,1,1,1,1.0,3.0
201700021857,0017-06-23 17:30:00,17,6,23,17,30,180,33,"24, DE VOGUE (RUE ARNAUD",47.09458,2.40533,Plein jour,En agglomération,Intersection en Y,Normale,Deux véhicules - arrière,,,,,,,,,,,1,2,4,1.0,2.0
201700021858,0017-06-23 18:25:00,17,6,23,18,25,180,33,"120, MITTERRAND (AVENUE",47.08341,2.43216,Plein jour,En agglomération,Hors intersection,Normale,Autre collision,,,,,,,,,,,1,2,1,1.0,6.0
201700021859,0017-06-26 09:00:00,17,6,26,9,0,180,33,"SANS, FRANCE (COUR ANATO",47.08271,2.40265,Plein jour,En agglomération,Hors intersection,Normale,Deux véhicules - arrière,,,,,,,,,,,1,2,1,1.0,2.0
201700021860,0017-06-28 17:45:00,17,6,28,17,45,180,33,"6, LAMARCK (BOULEVARD)",47.07943,2.39522,Plein jour,En agglomération,Hors intersection,Normale,Sans collision,,,,,,,,,,,1,2,1,1.0,7.0
201700021861,0017-07-11 23:50:00,17,7,11,23,50,180,267,GRANGE SAINT-JEAN,47.0212,2.3908,Nuit sans éclairage public,Hors agglomération,Hors intersection,Normale,Autre collision,,,,,,,,,,,3,1,1,1.0,6.0
201700021862,0017-07-05 17:15:00,17,7,5,17,15,180,205,BERRY-BOUY (ROUTE,47.09471,2.34813,Plein jour,En agglomération,Hors intersection,Normale,Trois véhicules et plus - en chaîne,,,,,,,,,,,1,2,1,1.0,4.0
201700021863,0017-07-19 17:45:00,17,7,19,17,45,180,33,"26, VASSELAY (ROUTE DE)",47.12867,2.394,Plein jour,Hors agglomération,Hors intersection,Normale,Deux véhicules - frontale,,,,,,,,,,,1,1,1,1.0,1.0
201700021864,0017-07-29 15:32:00,17,7,29,15,32,180,205,MAI (PLACE DU HUIT,47.1042,2.35759,Plein jour,En agglomération,Hors intersection,Normale,Deux véhicules - frontale,,,,,,,,,,,1,2,1,1.0,1.0
201700021865,0017-08-04 22:50:00,17,8,4,22,50,180,213,"32bis, NERON (RUE RAOUL)",47.09307,2.48866,Nuit avec éclairage allumé,En agglomération,Hors intersection,Normale,Autre collision,,,,,,,,,,,5,2,1,1.0,6.0
201700021866,0017-08-05 19:50:00,17,8,5,19,50,180,205,PARADIS (RUE DU),47.09927,2.38362,Plein jour,En agglomération,Hors intersection,Normale,Autre collision,,,,,,,,,,,1,2,1,1.0,6.0
201700021867,0017-08-07 16:35:00,17,8,7,16,35,180,33,MOISSAN (RUE HENRI,47.1075,2.40912,Plein jour,En agglomération,Intersection en T,Normale,Autre collision,,,,,,,,,,,1,2,3,1.0,6.0
201700021868,0017-08-13 20:00:00,17,8,13,20,0,180,33,"123, MITTERRAND (AVENUE",47.0837,2.43324,Plein jour,En agglomération,Intersection en Y,Normale,Deux véhicules - côté,,,,,,,,,,,1,2,4,1.0,3.0
201700021869,0017-08-23 11:45:00,17,8,23,11,45,180,33,"30, MALLET (R. LOUIS)",47.07972,2.38499,Plein jour,En agglomération,Intersection en Y,Normale,Deux véhicules - arrière,,,,,,,,,,,1,2,4,1.0,2.0
201700021870,0017-09-02 21:50:00,17,9,2,21,50,180,33,"14, BART (RUE JEAN)",47.67081,2.40886,Nuit avec éclairage allumé,En agglomération,Intersection en X,Normale,Deux véhicules - arrière,,,,,,,,,,,5,2,2,1.0,2.0
201700021871,0017-09-12 13:30:00,17,9,12,13,30,180,205,"1, METAIRIE (RUE DE LA)",47.09472,2.35906,Plein jour,En agglomération,Hors intersection,Normale,Autre collision,,,,,,,,,,,1,2,1,1.0,6.0
201700021872,0017-09-22 16:49:00,17,9,22,16,49,180,33,"18, GROUPE LIBERATION NO",47.10805,2.41138,Plein jour,En agglomération,Hors intersection,Normale,Autre collision,,,,,,,,,,,1,2,1,1.0,6.0
201700021873,0017-09-22 18:35:00,17,9,22,18,35,180,33,RN 142,47.04588,2.42085,Plein jour,Hors agglomération,Intersection en X,Normale,Deux véhicules - côté,,,,,,,,,,,1,1,2,1.0,3.0
201700021874,0017-09-30 05:37:00,17,9,30,5,37,180,213,RN 151,47.1005,0.3816,Nuit sans éclairage public,Hors agglomération,Hors intersection,Pluie légère,Deux véhicules - frontale,,,,,,,,,,,3,1,1,2.0,1.0
201700021875,0017-09-21 12:37:00,17,9,21,12,37,180,33,"195, CHARITE (ROUTE DE L",47.09513,2.42274,Plein jour,En agglomération,Hors intersection,Normale,Trois véhicules et plus - en chaîne,,,,,,,,,,,1,2,1,1.0,4.0
201700021876,0017-10-09 08:23:00,17,10,9,8,23,180,33,"11, JUIN (AVENUE DU MARE",47.11017,2.41581,Plein jour,En agglomération,Hors intersection,Brouillard / fumée,Autre collision,,,,,,,,,,,1,2,1,5.0,6.0
201700021877,0017-10-11 18:04:00,17,10,11,18,4,180,33,SAINT-MICHEL (ROUTE DE),,,Plein jour,Hors agglomération,Hors intersection,Temps éblouissant,Deux véhicules - arrière,,,,,,,,,,,1,1,1,7.0,2.0
201700021878,0017-10-15 00:30:00,17,10,15,0,30,180,267,"200, SAINT-AMAND (ROUTE",47.06195,2.3858,Nuit avec éclairage allumé,En agglomération,Hors intersection,Normale,Autre collision,,,,,,,,,,,5,2,1,1.0,6.0
201700021879,0017-10-25 14:07:00,17,10,25,14,7,180,33,AVENIR (BOULEVARD DE L'),47.088,2.38,Plein jour,En agglomération,Hors intersection,Normale,Trois véhicules et plus - collisions multiples,,,,,,,,,,,1,2,1,1.0,5.0
201700021880,0017-11-01 00:56:00,17,11,1,0,56,180,33,BAFFIER (RUE J.),47.07375,2.4092,Nuit avec éclairage allumé,En agglomération,Hors intersection,Normale,Autre collision,,,,,,,,,,,5,2,1,1.0,6.0
201700021881,0017-12-25 19:07:00,17,12,25,19,7,180,33,LATTRE DE TASSIGNY (AV),47.10048,2.41529,Nuit avec éclairage allumé,En agglomération,Intersection en X,Normale,Deux véhicules - côté,,,,,,,,,,,5,2,2,1.0,3.0
201700021882,0017-01-15 20:45:00,17,1,15,20,45,410,57,24 rue croix des vignes,47.74885,1.29079,Nuit avec éclairage allumé,En agglomération,Hors intersection,Pluie légère,Autre collision,,,,,,,,,,,5,2,1,2.0,6.0
201700021883,0017-02-10 17:30:00,17,2,10,17,30,410,244,LIEU-DIT MONTROUVEAU,47.92212,1.38717,Plein jour,Hors agglomération,Hors intersection,Normale,Autre collision,,,,,,,,,,,1,1,1,1.0,6.0
201700021884,0017-02-26 14:30:00,17,2,26,14,30,410,19,RD 26,47.77473,1.30089,Plein jour,Hors agglomération,Hors intersection,Normale,Trois véhicules et plus - collisions multiples,,,,,,,,,,,1,1,1,1.0,5.0
201700021885,0017-04-19 15:10:00,17,4,19,15,10,410,173,"RD 74, PK 1+975",47.89527,1.53892,Plein jour,Hors agglomération,Hors intersection,Normale,Autre collision,,,,,,,,,,,1,1,1,1.0,6.0
201700021886,0017-04-21 18:00:00,17,4,21,18,0,410,57,RD 26,47.75741,1.28849,Plein jour,Hors agglomération,Hors intersection,Normale,Autre collision,,,,,,,,,,,1,1,1,1.0,6.0
201700021887,0017-05-11 16:30:00,17,5,11,16,30,410,289,RD925,47.85457,1.52166,Plein jour,Hors agglomération,Intersection en X,Pluie légère,Deux véhicules - côté,,,,,,,,,,,1,1,2,2.0,3.0
201700021888,0017-05-22 18:00:00,17,5,22,18,0,410,283,RD 957,47.70806,1.16846,Plein jour,Hors agglomération,Hors intersection,Temps éblouissant,Deux véhicules - frontale,,,,,,,,,,,1,1,1,7.0,1.0
201700021889,0017-06-02 01:15:00,17,6,2,1,15,410,72,Face au N°13 Rue des Acc,47.72813,1.08538,Nuit sans éclairage public,En agglomération,Hors intersection,Normale,Deux véhicules - frontale,,,,,,,,,,,3,2,1,1.0,1.0
201700021890,0017-11-23 18:00:00,17,11,23,18,0,410,105,RD917,47.79168,1.54814,Nuit sans éclairage public,Hors agglomération,Hors intersection,Pluie forte,Trois véhicules et plus - en chaîne,,,,,,,,,,,3,1,1,3.0,4.0
201700021891,0017-11-29 15:10:00,17,11,29,15,10,410,173,D25,47.92006,1.52148,Plein jour,Hors agglomération,Hors intersection,Temps éblouissant,Autre collision,,,,,,,,,,,1,1,1,7.0,6.0
201700021892,0017-12-11 15:00:00,17,12,11,15,0,410,270,19 route de blois,47.95356,1.42539,Plein jour,En agglomération,Hors intersection,Vent fort / tempête,Autre collision,,,,,,,,,,,1,2,1,6.0,6.0
201700021893,0017-02-15 15:35:00,17,2,15,15,35,120,244,RD 73,44.0403,2.91347,Plein jour,Hors agglomération,Hors intersection,Normale,Sans collision,,,,,,,,,,,1,1,1,1.0,7.0
201700021894,0017-03-16 22:10:00,17,3,16,22,10,120,77,A75 - PR 246+0440,43.9301,3.23471,Nuit sans éclairage public,Hors agglomération,Hors intersection,Normale,Autre collision,,,,,,,,,,,3,1,1,1.0,6.0
201700021895,0017-04-28 23:30:00,17,4,28,23,30,120,145,AUTOROUTE A75 PR 218+230,44.1048,3.02687,Nuit sans éclairage public,Hors agglomération,Hors intersection,Normale,Autre collision,,,,,,,,,,,3,1,1,1.0,6.0
201700021896,0017-05-11 16:25:00,17,5,11,16,25,120,115,A75 PK 242+690 SENS NORD,43.9628,3.2099,Plein jour,Hors agglomération,Hors intersection,Pluie légère,Sans collision,,,,,,,,,,,1,1,1,2.0,7.0
201700021897,0017-06-02 18:21:00,17,6,2,18,21,120,291,A75 - PK 201.000,44.2462,3.05486,Plein jour,Hors agglomération,Hors intersection,Normale,Sans collision,,,,,,,,,,,1,1,1,1.0,7.0
201700021898,0017-07-26 08:10:00,17,7,26,8,10,120,243,RD 999 PK 48+500,44.0016,2.96687,Plein jour,Hors agglomération,Hors intersection,Normale,Trois véhicules et plus - collisions multiples,,,,,,,,,,,1,1,1,1.0,5.0
201700021899,0017-08-06 13:55:00,17,8,6,13,55,120,22,A 75 - PR 227+0630,44.0315,3.0669,Plein jour,Hors agglomération,Autre intersection,Normale,Autre collision,,,,,,,,,,,1,1,9,1.0,6.0
201700021900,0017-09-17 19:25:00,17,9,17,19,25,120,270,"A75 PR 192+600,",44.3112,3.1024,Plein jour,Hors agglomération,Hors intersection,Pluie forte,Autre collision,,,,,,,,,,,1,1,1,3.0,6.0
201700021901,0017-10-10 13:00:00,17,10,10,13,0,120,63,A75 - PK 237+450,43.9965,3.1693,Plein jour,Hors agglomération,Hors intersection,Normale,Autre collision,,,,,,,,,,,1,1,1,1.0,6.0
201700021902,0017-10-14 08:30:00,17,10,14,8,30,120,82,A75 - PR 251+200 - S/N,43.9056,3.27268,Plein jour,Hors agglomération,Hors intersection,Normale,Autre collision,,,,,,,,,,,1,1,1,1.0,6.0
201700021903,0017-10-31 12:00:00,17,10,31,12,0,120,291,A75 - PR 204+350,44.2184,3.07249,Plein jour,Hors agglomération,Hors intersection,Normale,Deux véhicules - arrière,,,,,,,,,,,1,1,1,1.0,2.0
201700021904,0017-12-10 05:50:00,17,12,10,5,50,120,225,A75 PK 224+470,44.0498,3.05018,Nuit sans éclairage public,Hors agglomération,Hors intersection,Pluie forte,Autre collision,,,,,,,,,,,3,1,1,3.0,6.0
201700021905,0017-01-26 20:00:00,17,1,26,20,0,580,214,A.77 P.K 140+900  sens P,47.07472,3.1132,Nuit sans éclairage public,Hors agglomération,Autre intersection,Autre,Autre collision,,,,,,,,,,,3,1,9,9.0,6.0
201700021906,0017-03-17 22:00:00,17,3,17,22,0,580,214,"A.77, PK 142+700",47.07472,3.1132,Nuit sans éclairage public,Hors agglomération,Hors intersection,Normale,Trois véhicules et plus - collisions multiples,,,,,,,,,,,3,1,1,1.0,5.0
201700021907,0017-06-07 11:55:00,17,6,7,11,55,580,88,A 77,47.01893,3.19598,Plein jour,Hors agglomération,Hors intersection,Normale,Autre collision,,,,,,,,,,,1,1,1,1.0,6.0
201700021908,0017-06-22 18:09:00,17,6,22,18,9,580,238,AUTOROUTE A.77 PR156+500,46.99091,3.22241,Plein jour,Hors agglomération,Hors intersection,Normale,Autre collision,,,,,,,,,,,1,1,1,1.0,6.0
201700021909,0017-11-09 18:13:00,17,11,9,18,13,580,215,A 77 - PR 116+400,47.28007,2.97245,Nuit sans éclairage public,Hors agglomération,Hors intersection,Normale,Deux véhicules - côté,,,,,,,,,,,3,1,1,1.0,3.0
201700021910,0017-02-11 11:35:00,17,2,11,11,35,710,420,route de l'Abergement,46.71541,4.98955,Plein jour,Hors agglomération,Hors intersection,Temps couvert,Deux véhicules - côté,,,,,,,,,,,1,1,1,8.0,3.0
201700021911,0017-02-18 05:30:00,17,2,18,5,30,710,189,42 rue du bourg,46.74752,4.90431,Nuit avec éclairage non allumé,En agglomération,Hors intersection,Normale,Autre collision,,,,,,,,,,,4,2,1,1.0,6.0
201700021912,0017-03-15 18:00:00,17,3,15,18,0,710,215,,,,Plein jour,Hors agglomération,Hors intersection,Temps éblouissant,Deux véhicules - côté,,,,,,,,,,,1,1,1,7.0,3.0
201700021913,0017-03-18 18:45:00,17,3,18,18,45,710,283,route d'ouroux,,,Nuit sans éclairage public,Hors agglomération,Hors intersection,Normale,Deux véhicules - frontale,,,,,,,,,,,3,1,1,1.0,1.0
201700021914,0017-04-15 21:50:00,17,4,15,21,50,710,4,15 rue du gratte loup,46.79275,4.97567,Nuit sans éclairage public,Hors agglomération,Hors intersection,Normale,Autre collision,,,,,,,,,,,3,1,1,1.0,6.0
201700021915,0017-04-27 03:50:00,17,4,27,3,50,710,3,,46.92371,4.94366,Nuit sans éclairage public,Hors agglomération,Hors intersection,Normale,Deux véhicules - côté,,,,,,,,,,,3,1,1,1.0,3.0
201700021916,0017-07-22 12:55:00,17,7,22,12,55,710,23,route de cuisery,46.67132,4.97778,Plein jour,Hors agglomération,Intersection en X,Normale,Deux véhicules - côté,,,,,,,,,,,1,1,2,1.0,3.0
201700021917,0017-08-20 03:20:00,17,8,20,3,20,710,456,route de ST MARTIN,46.76328,5.05806,Nuit sans éclairage public,Hors agglomération,Hors intersection,Normale,Autre collision,,,,,,,,,,,3,1,1,1.0,6.0
201700021918,0017-08-25 08:35:00,17,8,25,8,35,710,462,RD673,46.8511,5.01943,Plein jour,Hors agglomération,Hors intersection,Normale,Deux véhicules - arrière,,,,,,,,,,,1,1,1,1.0,2.0
201700021919,0017-09-09 06:25:00,17,9,9,6,25,710,517,ROUTE DEPARTEMENTALE 673,46.89465,5.09333,Crépuscule ou aube,Hors agglomération,Hors intersection,Pluie légère,Autre collision,,,,,,,,,,,2,1,1,2.0,6.0
201700021920,0017-10-31 11:05:00,17,10,31,11,5,710,462,Route de Dole - RD 673 -,46.8447,5.00884,Plein jour,Hors agglomération,Intersection en T,Normale,Deux véhicules - côté,,,,,,,,,,,1,1,3,1.0,3.0
201700021921,0017-02-10 06:20:00,17,2,10,6,20,360,134,,,,Nuit sans éclairage public,Hors agglomération,Hors intersection,Brouillard / fumée,Deux véhicules - arrière,,,,,,,,,,,3,1,1,5.0,2.0
201700021922,0017-03-04 02:55:00,17,3,4,2,55,360,134,AUTOROUTE A 20,,,Nuit sans éclairage public,Hors agglomération,Hors intersection,Pluie forte,Deux véhicules - arrière,,,,,,,,,,,3,1,1,3.0,2.0
201700021923,0017-08-22 14:10:00,17,8,22,14,10,360,33,,,,Plein jour,Hors agglomération,Hors intersection,Normale,Sans collision,,,,,,,,,,,1,1,1,1.0,7.0
201700021924,0017-11-06 10:45:00,17,11,6,10,45,360,219,,46.6551,1.56601,Plein jour,Hors agglomération,Hors intersection,Normale,Deux véhicules - arrière,,,,,,,,,,,1,1,1,1.0,2.0
201700021925,0017-11-27 14:20:00,17,11,27,14,20,360,6,,46.57151,1.50036,Plein jour,Hors agglomération,Hors intersection,Normale,Autre collision,,,,,,,,,,,1,1,1,1.0,6.0
201700021926,0017-11-04 16:05:00,17,11,4,16,5,150,119,A75 sens SUD/NORD Pk 66+,45.26109,3.20143,Plein jour,Hors agglomération,Hors intersection,Pluie forte,Autre collision,,,,,,,,,,,1,1,1,3.0,6.0
201700021927,0017-01-24 08:15:00,17,1,24,8,15,630,178,A 75 - PK 29+200 - SENS,45.56388,3.25414,Plein jour,Hors agglomération,Hors intersection,Autre,Autre collision,,,,,,,,,,,1,1,1,9.0,6.0
201700021928,0017-02-08 09:20:00,17,2,8,9,20,630,352,autoroute A75 au PK44+20,45.43713,3.27244,Plein jour,Hors agglomération,Hors intersection,Normale,Autre collision,,,,,,,,,,,1,1,1,1.0,6.0
201700021929,0017-04-07 03:15:00,17,4,7,3,15,630,54,A75,45.50042,3.25863,Nuit sans éclairage public,Hors agglomération,Hors intersection,Normale,Autre collision,,,,,,,,,,,3,1,1,1.0,6.0
201700021930,0017-05-13 10:50:00,17,5,13,10,50,630,404,"Autoroute A75, PR27.800,",45.57276,3.24774,Plein jour,Hors agglomération,Hors intersection,Pluie légère,Autre collision,,,,,,,,,,,1,1,1,2.0,6.0
201700021931,0017-08-05 16:55:00,17,8,5,16,55,630,404,Autoroute A75 - PK 25+00,45.57661,3.24266,Plein jour,Hors agglomération,Hors intersection,Normale,Autre collision,,,,,,,,,,,1,1,1,1.0,6.0
201700021932,0017-08-24 23:00:00,17,8,24,23,0,630,54,Autoroute A75 - PK 37+55,45.50042,3.25863,Nuit sans éclairage public,Hors agglomération,Hors intersection,Normale,Autre collision,,,,,,,,,,,3,1,1,1.0,6.0
201700021933,0017-12-19 18:00:00,17,12,19,18,0,430,120,,45.3929,3.27346,Nuit sans éclairage public,Hors agglomération,Hors intersection,Temps couvert,Deux véhicules - arrière,,,,,,,,,,,3,1,1,8.0,2.0
201700021934,0017-05-07 20:55:00,17,5,7,20,55,870,133,AUTOROUTE A20 - PR : 140,46.1877,1.38222,Plein jour,Hors agglomération,Hors intersection,Normale,Sans collision,,,,,,,,,,,1,1,1,1.0,7.0
201700021935,0017-06-27 16:40:00,17,6,27,16,40,870,182,A20,46.3195,1.41732,Plein jour,Hors agglomération,Hors intersection,Pluie forte,Deux véhicules - arrière,,,,,,,,,,,1,1,1,3.0,2.0
201700021936,0017-07-02 13:15:00,17,7,2,13,15,870,14,INTERSECTION RD220-RD711,46.1317,1.37288,Plein jour,Hors agglomération,Giratoire,Normale,Sans collision,,,,,,,,,,,1,1,6,1.0,7.0
201700021937,0017-10-01 06:20:00,17,10,1,6,20,870,14,"AUTOROUTE A20, PR 146.45",46.1161,1.37529,Crépuscule ou aube,Hors agglomération,Hors intersection,Normale,Autre collision,,,,,,,,,,,2,1,1,1.0,6.0
201700021938,0017-10-28 05:05:00,17,10,28,5,5,870,14,A20,46.1277,1.38152,Nuit sans éclairage public,Hors agglomération,Hors intersection,Brouillard / fumée,Deux véhicules - arrière,,,,,,,,,,,3,1,1,5.0,2.0
201700021939,0017-12-18 08:50:00,17,12,18,8,50,870,122,A20 - PR 154+900 - SENS,46.0393,1.34982,Plein jour,Hors agglomération,Hors intersection,Pluie forte,Trois véhicules et plus - collisions multiples,,,,,,,,,,,1,1,1,3.0,5.0
201700021940,0017-01-07 05:50:00,17,1,7,5,50,340,76,Autoroute A75 PK 289+900,43.65432,3.44783,Nuit sans éclairage public,Hors agglomération,Hors intersection,Normale,Deux véhicules - côté,,,,,,,,,,,3,1,1,1.0,3.0
201700021941,0017-01-28 04:20:00,17,1,28,4,20,340,300,A 75 PK 326+500,43.41264,3.30155,Nuit sans éclairage public,Hors agglomération,Hors intersection,Pluie forte,Autre collision,,,,,,,,,,,3,1,1,3.0,6.0
201700021942,0017-01-29 20:20:00,17,1,29,20,20,340,166,Autoroute A75 - pk 321 +,43.40931,3.35891,Nuit sans éclairage public,Hors agglomération,Hors intersection,Normale,Trois véhicules et plus - en chaîne,,,,,,,,,,,3,1,1,1.0,4.0
201700021943,0017-02-17 14:05:00,17,2,17,14,5,340,136,A75,43.48936,3.44347,Plein jour,Hors agglomération,Autre intersection,Normale,Autre collision,,,,,,,,,,,1,1,9,1.0,6.0
201700021944,0017-02-26 22:45:00,17,2,26,22,45,340,163,"Autoroute A750, PK 13+50",43.63037,3.71631,Nuit sans éclairage public,Hors agglomération,Hors intersection,Normale,Trois véhicules et plus - en chaîne,,,,,,,,,,,3,1,1,1.0,4.0
201700021945,0017-03-11 20:38:00,17,3,11,20,38,340,194,A75,43.5515,3.45335,Nuit avec éclairage non allumé,Hors agglomération,Hors intersection,Normale,Autre collision,,,,,,,,,,,4,1,1,1.0,6.0
201700021946,0017-03-22 09:15:00,17,3,22,9,15,340,36,"Autoroute A/75, PK 280+3",43.69166,3.34839,Plein jour,Hors agglomération,Hors intersection,Normale,Trois véhicules et plus - collisions multiples,,,,,,,,,,,1,1,1,1.0,5.0
201700021947,0017-03-07 07:55:00,17,3,7,7,55,340,114,A750 29+200,43.65097,3.54094,Crépuscule ou aube,Hors agglomération,Hors intersection,Vent fort / tempête,Sans collision,,,,,,,,,,,2,1,1,6.0,7.0
201700021948,0017-06-06 18:10:00,17,6,6,18,10,340,199,A 75 PK 310.140,43.47269,3.43652,Plein jour,Hors agglomération,Hors intersection,Normale,Sans collision,,,,,,,,,,,1,1,1,1.0,7.0
201700021949,0017-06-11 06:40:00,17,6,11,6,40,340,194,autoroute a75,43.56588,3.46591,Crépuscule ou aube,Hors agglomération,Hors intersection,Normale,Sans collision,,,,,,,,,,,2,1,1,1.0,7.0
201700021950,0017-06-19 13:33:00,17,6,19,13,33,340,36,A75 PK 280+040 SENS 1,43.69112,3.34942,Plein jour,Hors agglomération,Hors intersection,Normale,Sans collision,,,,,,,,,,,1,1,1,1.0,7.0
201700021951,0017-06-29 06:45:00,17,6,29,6,45,340,254,"A/750, PK 35+500, sens M",43.65865,3.49151,Crépuscule ou aube,Hors agglomération,Hors intersection,Pluie légère,Deux véhicules - frontale,,,,,,,,,,,2,1,1,2.0,1.0
201700021952,0017-07-09 18:20:00,17,7,9,18,20,340,123,nationale 109 PK 6,43.60663,3.80869,Plein jour,Hors agglomération,Hors intersection,Normale,Sans collision,,,,,,,,,,,1,1,1,1.0,7.0
201700021953,0017-07-21 17:30:00,17,7,21,17,30,340,76,A75,43.64905,3.44963,Plein jour,Hors agglomération,Hors intersection,Normale,Trois véhicules et plus - collisions multiples,,,,,,,,,,,1,1,1,1.0,5.0
201700021954,0017-08-01 14:45:00,17,8,1,14,45,340,106,A75,43.74515,3.33079,Plein jour,Hors agglomération,Hors intersection,Normale,Autre collision,,,,,,,,,,,1,1,1,1.0,6.0
201700021955,0017-08-13 08:15:00,17,8,13,8,15,340,114,A750 PK 36+000,43.63872,3.57888,Plein jour,Hors agglomération,Hors intersection,Normale,Autre collision,,,,,,,,,,,1,1,1,1.0,6.0
201700021956,0017-09-03 05:00:00,17,9,3,5,0,340,114,A 75 PK 23+625,43.62902,3.59283,Nuit sans éclairage public,Hors agglomération,Hors intersection,Normale,Trois véhicules et plus - en chaîne,,,,,,,,,,,3,1,1,1.0,4.0
201700021957,0017-09-03 10:30:00,17,9,3,10,30,340,196,A75 - PK 267+209,43.79333,3.32631,Plein jour,Hors agglomération,Autre intersection,Normale,Autre collision,,,,,,,,,,,1,1,9,1.0,6.0
201700021958,0017-09-08 22:55:00,17,9,8,22,55,340,114,A750,43.64924,3.54436,Nuit sans éclairage public,Hors agglomération,Hors intersection,Normale,Autre collision,,,,,,,,,,,3,1,1,1.0,6.0
201700021959,0017-09-09 10:25:00,17,9,9,10,25,340,79,autoroute A75,43.61338,3.46095,Plein jour,Hors agglomération,Hors intersection,Pluie légère,Deux véhicules - arrière,,,,,,,,,,,1,1,1,2.0,2.0
201700021960,0017-10-01 07:10:00,17,10,1,7,10,340,114,autoroute A750,43.64904,3.54449,Plein jour,Hors agglomération,Hors intersection,Pluie légère,Sans collision,,,,,,,,,,,1,1,1,2.0,7.0
201700021961,0017-10-04 09:40:00,17,10,4,9,40,340,300,A75 PK 326,43.39485,3.32716,Plein jour,Hors agglomération,Hors intersection,Normale,Deux véhicules - arrière,,,,,,,,,,,1,1,1,1.0,2.0
201700021962,0017-10-09 18:45:00,17,10,9,18,45,340,76,A750 PK 37+549,43.65494,3.45114,Plein jour,Hors agglomération,Hors intersection,Normale,Autre collision,,,,,,,,,,,1,1,1,1.0,6.0
201700021963,0017-10-16 20:25:00,17,10,16,20,25,340,142,A75,43.72952,3.32723,Nuit sans éclairage public,Hors agglomération,Hors intersection,Normale,Deux véhicules - frontale,,,,,,,,,,,3,1,1,1.0,1.0
201700021964,0017-10-21 05:50:00,17,10,21,5,50,340,123,RN109,43.61684,3.7966,Nuit sans éclairage public,Hors agglomération,Hors intersection,Brouillard / fumée,Deux véhicules - arrière,,,,,,,,,,,3,1,1,5.0,2.0
201700021965,0017-10-20 14:00:00,17,10,20,14,0,340,300,A75 PK 322,43.39245,3.32289,Plein jour,Hors agglomération,Hors intersection,Normale,Autre collision,,,,,,,,,,,1,1,1,1.0,6.0
201700021966,0017-11-11 17:10:00,17,11,11,17,10,340,76,autoroute A 75 - PK 289+,43.64659,3.46281,Crépuscule ou aube,Hors agglomération,Hors intersection,Normale,Deux véhicules - côté,,,,,,,,,,,2,1,1,1.0,3.0
201700021967,0017-11-01 18:43:00,17,11,1,18,43,340,300,autoroute A75 - PK326.68,43.39265,3.323,Nuit sans éclairage public,Hors agglomération,Hors intersection,Normale,Deux véhicules - arrière,,,,,,,,,,,3,1,1,1.0,2.0
201700021968,0017-11-26 02:45:00,17,11,26,2,45,340,35,AUTOROUTE A750 PK 20+500,43.6249,3.64111,Nuit sans éclairage public,Hors agglomération,Hors intersection,Normale,Autre collision,,,,,,,,,,,3,1,1,1.0,6.0
201700021969,0017-12-19 08:30:00,17,12,19,8,30,340,136,Autoroute A75 PK 307+903,43.49849,3.44472,Plein jour,Hors agglomération,Hors intersection,Normale,Autre collision,,,,,,,,,,,1,1,1,1.0,6.0