accident_id,datetime,annee,mois,jour,heure,minute,departement,commune_insee,adresse,latitude,longitude,luminosite,agglomeration,intersection,meteo,collision,nb_vehicules,nb_usagers,nb_indemnes,nb_tues,nb_blesses_hosp,nb_blesses_legers,age_cond_1,age_cond_2,veh_type_cond_1,veh_type_cond_2,lum_code,agg_code,int_code,atm_code,col_code
201700021970,0017-01-16 00:05:00,17,1,16,0,5,480,9,"Autoroute A75, PK :133+5",44.72233,3.27796,Nuit sans éclairage public,Hors agglomération,Hors intersection,Normale,Autre collision,,,,,,,,,,,3,1,1,1.0,6.0
201700021971,0017-01-29 23:25:00,17,1,29,23,25,480,17,Autoroute A75- Pk176.653,44.42692,3.18664,Nuit sans éclairage public,Hors agglomération,Hors intersection,Brouillard / fumée,Autre collision,,,,,,,,,,,3,1,1,5.0,6.0
201700021972,0017-02-16 18:43:00,17,2,16,18,43,480,49,Autoroute A75- PK 156.79,44.54821,3.25641,Crépuscule ou aube,Hors agglomération,Hors intersection,Normale,Deux véhicules - arrière,,,,,,,,,,,2,1,1,1.0,2.0
201700021973,0017-02-24 12:30:00,17,2,24,12,30,480,49,A75 - PK: 157.435 - Sens,44.52596,3.24316,Plein jour,Hors agglomération,Autre intersection,Normale,Autre collision,,,,,,,,,,,1,1,9,1.0,6.0
201700021974,0017-05-07 14:20:00,17,5,7,14,20,480,9,135.650,44.72048,3.27446,Plein jour,Hors agglomération,Hors intersection,Normale,Deux véhicules - frontale,,,,,,,,,,,1,1,1,1.0,1.0
201700021975,0017-08-06 05:00:00,17,8,6,5,0,480,99,Autoroute A 75 - PK 161+,44.50963,3.22621,Nuit sans éclairage public,Hors agglomération,Hors intersection,Normale,Sans collision,,,,,,,,,,,3,1,1,1.0,7.0
201700021976,0017-12-22 14:50:00,17,12,22,14,50,480,99,Autoroute A 75 - Echange,44.50768,3.24507,Plein jour,Hors agglomération,Autre intersection,Normale,Sans collision,,,,,,,,,,,1,1,9,1.0,7.0
201700021977,0017-01-02 19:15:00,17,1,2,19,15,80,435,,,,Nuit sans éclairage public,Hors agglomération,Hors intersection,Brouillard / fumée,Deux véhicules - arrière,,,,,,,,,,,3,1,1,5.0,2.0
201700021978,0017-05-28 00:36:00,17,5,28,0,36,80,479,"A34, Pk 051+350",49.6375,4.56493,Nuit sans éclairage public,Hors agglomération,Hors intersection,Normale,Deux véhicules - arrière,,,,,,,,,,,3,1,1,1.0,2.0
201700021979,0017-02-28 15:10:00,17,2,28,15,10,670,407,RD 29,48.7503,7.89761,Plein jour,Hors agglomération,Hors intersection,Normale,Deux véhicules - arrière,,,,,,,,,,,1,1,1,1.0,2.0
201700021980,0017-06-08 17:50:00,17,6,8,17,50,670,418,Départementale 1063,48.82352,7.99209,Plein jour,Hors agglomération,Hors intersection,Normale,Sans collision,,,,,,,,,,,1,1,1,1.0,7.0
201700021981,0017-11-26 01:00:00,17,11,26,1,0,670,142,RD319,48.8011,8.05631,Nuit sans éclairage public,Hors agglomération,Hors intersection,Pluie légère,Autre collision,,,,,,,,,,,3,1,1,2.0,6.0
201700021982,0017-03-18 23:15:00,17,3,18,23,15,440,149,RN 137 PR 052+000,47.45706,-1.64022,Nuit sans éclairage public,Hors agglomération,Hors intersection,Normale,Trois véhicules et plus - collisions multiples,,,,,,,,,,,3,1,1,1.0,5.0
201700021983,0017-04-11 21:45:00,17,4,11,21,45,440,76,N137 - PR 070+600,47.60429,-1.62828,Nuit sans éclairage public,Hors agglomération,Hors intersection,Normale,Autre collision,,,,,,,,,,,3,1,1,1.0,6.0
201700021984,0017-04-18 11:06:00,17,4,18,11,6,440,209,RN 137 PR 40+130,47.30703,-1.60358,Plein jour,Hors agglomération,Hors intersection,Normale,Sans collision,,,,,,,,,,,1,1,1,1.0,7.0
201700021985,0017-05-26 15:35:00,17,5,26,15,35,440,138,RN.137,47.50939,-1.63928,Plein jour,Hors agglomération,Hors intersection,Normale,Autre collision,,,,,,,,,,,1,1,1,1.0,6.0
201700021986,0017-09-29 07:45:00,17,9,29,7,45,440,36,rue des vauzelles,47.71183,-1.37501,Plein jour,En agglomération,Hors intersection,Normale,Autre collision,,,,,,,,,,,1,2,1,1.0,6.0
201700021987,0017-01-03 15:45:00,17,1,3,15,45,440,158,RN 165 P;R 18+576,47.3018,-1.75891,Plein jour,Hors agglomération,Hors intersection,Normale,Autre collision,,,,,,,,,,,1,1,1,1.0,6.0
201700021988,0017-01-16 19:50:00,17,1,16,19,50,440,152,RN 165- PR 47+800- Sens,47.42349,-2.05628,Nuit sans éclairage public,Hors agglomération,Autre intersection,Normale,Trois véhicules et plus - collisions multiples,,,,,,,,,,,3,1,9,1.0,5.0
201700021989,0017-02-28 15:40:00,17,2,28,15,40,440,52,RN171 - PR78.000 -,47.34547,-2.08269,Plein jour,Hors agglomération,Hors intersection,Normale,Deux véhicules - arrière,,,,,,,,,,,1,1,1,1.0,2.0
201700021990,0017-03-14 17:25:00,17,3,14,17,25,440,137,RN 165 PR 042.700,47.41428,-2.02708,Plein jour,Hors agglomération,Hors intersection,Normale,Sans collision,,,,,,,,,,,1,1,1,1.0,7.0
201700021991,0017-03-09 16:30:00,17,3,9,16,30,440,33,N165,47.38311,-1.96951,Plein jour,Hors agglomération,Hors intersection,Normale,Autre collision,,,,,,,,,,,1,1,1,1.0,6.0
201700021992,0017-03-21 13:20:00,17,3,21,13,20,440,195,RN 165,47.356,-1.89214,Plein jour,Hors agglomération,Hors intersection,Normale,Deux véhicules - arrière,,,,,,,,,,,1,1,1,1.0,2.0
201700021993,0017-03-28 09:00:00,17,3,28,9,0,440,195,RN 165 PR 32+650,47.37181,-1.92635,Plein jour,Hors agglomération,Hors intersection,Normale,Sans collision,,,,,,,,,,,1,1,1,1.0,7.0
201700021994,0017-04-09 07:05:00,17,4,9,7,5,440,158,Rn 165 PR 19+900,47.30549,-1.76107,Crépuscule ou aube,Hors agglomération,Hors intersection,Normale,Deux véhicules - arrière,,,,,,,,,,,2,1,1,1.0,2.0
201700021995,0017-05-21 20:30:00,17,5,21,20,30,440,103,RN 171 sens Savenay - Sa,47.33336,-2.11867,Plein jour,Hors agglomération,Hors intersection,Normale,Autre collision,,,,,,,,,,,1,1,1,1.0,6.0
201700021996,0017-06-18 20:03:00,17,6,18,20,3,440,158,RN 165 PR 15+900,47.27548,-1.72104,Plein jour,Hors agglomération,Hors intersection,Normale,Sans collision,,,,,,,,,,,1,1,1,1.0,7.0
201700021997,0017-08-17 15:55:00,17,8,17,15,55,440,203,"N 165, PR 21+100, sens V",47.31936,-1.77383,Plein jour,Hors agglomération,Hors intersection,Pluie forte,Deux véhicules - arrière,,,,,,,,,,,1,1,1,3.0,2.0
201700021998,0017-08-25 17:30:00,17,8,25,17,30,440,217,RN 165,47.29611,-1.7477,Plein jour,Hors agglomération,Autre intersection,Normale,Deux véhicules - arrière,,,,,,,,,,,1,1,9,1.0,2.0
201700021999,0017-09-05 10:20:00,17,9,5,10,20,440,89,RN165 PK 27+500,47.34299,-1.84233,Plein jour,Hors agglomération,Hors intersection,Pluie légère,Sans collision,,,,,,,,,,,1,1,1,2.0,7.0
201700022000,0017-09-09 05:45:00,17,9,9,5,45,440,210,N171,47.31658,-2.19647,Nuit sans éclairage public,Hors agglomération,Hors intersection,Normale,Deux véhicules - arrière,,,,,,,,,,,3,1,1,1.0,2.0
201700022001,0017-10-21 13:10:00,17,10,21,13,10,440,89,"RN 165, PR 29+100",47.3479,-1.86991,Plein jour,Hors agglomération,Hors intersection,Normale,Sans collision,,,,,,,,,,,1,1,1,1.0,7.0
201700022002,0017-11-18 21:25:00,17,11,18,21,25,440,89,"RN 165, PR 29+100",47.34132,-1.87094,Nuit sans éclairage public,Hors agglomération,Hors intersection,Brouillard / fumée,Deux véhicules - côté,,,,,,,,,,,3,1,1,5.0,3.0
201700022003,0017-11-23 21:55:00,17,11,23,21,55,440,89,RN165 - PR029+500- sens,47.34299,-1.84233,Nuit sans éclairage public,Hors agglomération,Hors intersection,Pluie forte,Sans collision,,,,,,,,,,,3,1,1,3.0,7.0
201700022004,0017-01-13 20:40:00,17,1,13,20,40,850,65,LA PROMENADE,46.91414,-1.24143,Nuit avec éclairage allumé,Hors agglomération,Giratoire,Normale,Deux véhicules - arrière,,,,,,,,,,,5,1,6,1.0,2.0
201700022005,0017-03-04 03:00:00,17,3,4,3,0,850,153,LA MAILLOCHERIE,46.80894,-1.02501,Nuit sans éclairage public,Hors agglomération,Hors intersection,Pluie légère,Autre collision,,,,,,,,,,,3,1,1,2.0,6.0
201700022006,0017-03-26 18:50:00,17,3,26,18,50,850,82,Peine perdue,46.9125,-0.87338,Plein jour,Hors agglomération,Hors intersection,Normale,Autre collision,,,,,,,,,,,1,1,1,1.0,6.0
201700022007,0017-04-12 10:10:00,17,4,12,10,10,850,109,rue des pommiers,46.86722,-0.98473,Plein jour,En agglomération,Intersection en T,Normale,Deux véhicules - frontale,,,,,,,,,,,1,2,3,1.0,1.0
201700022008,0017-04-14 18:03:00,17,4,14,18,3,850,109,LA MEANCIERE,46.89805,-1.01948,Plein jour,Hors agglomération,Hors intersection,Normale,Sans collision,,,,,,,,,,,1,1,1,1.0,7.0
201700022009,0017-04-27 20:45:00,17,4,27,20,45,850,215,La Fridonnière,46.8631,-1.13198,Nuit sans éclairage public,Hors agglomération,Hors intersection,Normale,Sans collision,,,,,,,,,,,3,1,1,1.0,7.0
201700022010,0017-05-16 12:20:00,17,5,16,12,20,850,109,D 160 - route de cholet,46.89,-1.01199,Plein jour,Hors agglomération,Hors intersection,Normale,Trois véhicules et plus - en chaîne,,,,,,,,,,,1,1,1,1.0,4.0
201700022011,0017-06-06 11:40:00,17,6,6,11,40,850,65,Rue louis-marie baudouin,46.89307,-1.24961,Plein jour,En agglomération,Intersection en T,Pluie légère,Trois véhicules et plus - en chaîne,,,,,,,,,,,1,2,3,2.0,4.0
201700022012,0017-06-10 19:00:00,17,6,10,19,0,850,242,La Pillardière,46.85248,-0.9065,Plein jour,Hors agglomération,Intersection en T,Normale,Deux véhicules - côté,,,,,,,,,,,1,1,3,1.0,3.0
201700022013,0017-06-16 13:10:00,17,6,16,13,10,850,109,Avenue des Sables,46.86775,-1.02477,Plein jour,En agglomération,Intersection en Y,Normale,Deux véhicules - côté,,,,,,,,,,,1,2,4,1.0,3.0
201700022014,0017-06-16 18:15:00,17,6,16,18,15,850,109,D160,46.89317,-1.00977,Plein jour,Hors agglomération,Hors intersection,Normale,Deux véhicules - frontale,,,,,,,,,,,1,1,1,1.0,1.0
201700022015,0017-06-20 09:50:00,17,6,20,9,50,850,153,Hucheloup,46.81803,-1.05664,Plein jour,Hors agglomération,Hors intersection,Normale,Sans collision,,,,,,,,,,,1,1,1,1.0,7.0
201700022016,0017-06-30 18:00:00,17,6,30,18,0,850,109,Rue Monseigneur Massé,46.85252,-1.00547,Plein jour,En agglomération,Hors intersection,Normale,Deux véhicules - côté,,,,,,,,,,,1,2,1,1.0,3.0
201700022017,0017-07-01 08:50:00,17,7,1,8,50,850,65,L'étang,46.86585,-1.27011,Plein jour,Hors agglomération,Hors intersection,Normale,Deux véhicules - frontale,,,,,,,,,,,1,1,1,1.0,1.0
201700022018,0017-09-18 06:30:00,17,9,18,6,30,850,109,Avenue de l'Aurore,46.86213,-0.99748,Nuit avec éclairage non allumé,Hors agglomération,Intersection en X,Normale,Autre collision,,,,,,,,,,,4,1,2,1.0,6.0
201700022019,0017-09-30 17:40:00,17,9,30,17,40,850,64,lieu dit sainte anne,46.82254,-1.19712,Plein jour,Hors agglomération,Hors intersection,Normale,Trois véhicules et plus - collisions multiples,,,,,,,,,,,1,1,1,1.0,5.0
201700022020,0017-10-26 16:15:00,17,10,26,16,15,850,109,LA BARRETTE,46.87064,-1.08683,Plein jour,Hors agglomération,Hors intersection,Normale,Trois véhicules et plus - collisions multiples,,,,,,,,,,,1,1,1,1.0,5.0
201700022021,0017-11-21 19:30:00,17,11,21,19,30,850,153,LA BONNIERE,46.79508,-1.10357,Nuit sans éclairage public,Hors agglomération,Hors intersection,Brouillard / fumée,Deux véhicules - frontale,,,,,,,,,,,3,1,1,5.0,1.0
201700022022,0017-03-07 20:00:00,17,3,7,20,0,140,454,,49.157,-0.47624,Nuit sans éclairage public,Hors agglomération,Hors intersection,Normale,Deux véhicules - arrière,,,,,,,,,,,3,1,1,1.0,2.0
201700022023,0017-03-27 11:00:00,17,3,27,11,0,140,389,,49.0619,-0.68943,Plein jour,Hors agglomération,Hors intersection,Normale,Deux véhicules - arrière,,,,,,,,,,,1,1,1,1.0,2.0
201700022024,0017-04-21 22:20:00,17,4,21,22,20,140,120,A 84,49.0476,-0.77885,Nuit sans éclairage public,Hors agglomération,Hors intersection,Normale,Autre collision,,,,,,,,,,,3,1,1,1.0,6.0
201700022025,0017-06-17 15:30:00,17,6,17,15,30,140,188,A 84 PK 239.900,49.05221,-0.70663,Plein jour,Hors agglomération,Hors intersection,Normale,Sans collision,,,,,,,,,,,1,1,1,1.0,7.0
201700022026,0017-07-30 15:20:00,17,7,30,15,20,140,389,A84 - PR 239.860 - sens,49.0656,-0.67937,Plein jour,Hors agglomération,Hors intersection,Normale,Autre collision,,,,,,,,,,,1,1,1,1.0,6.0
201700022027,0017-08-18 17:30:00,17,8,18,17,30,140,374,A84,49.03896,-0.80576,Plein jour,Hors agglomération,Hors intersection,Normale,Autre collision,,,,,,,,,,,1,1,1,1.0,6.0
201700022028,0017-09-09 18:20:00,17,9,9,18,20,140,449,autoroute A84 pk 246+700,49.10464,-0.60765,Plein jour,Hors agglomération,Hors intersection,Pluie légère,Autre collision,,,,,,,,,,,1,1,1,2.0,6.0
201700022029,0017-10-23 17:35:00,17,10,23,17,35,140,475,A84,49.11346,-0.58983,Plein jour,Hors agglomération,Hors intersection,Pluie légère,Sans collision,,,,,,,,,,,1,1,1,2.0,7.0
201700022030,0017-12-03 22:10:00,17,12,3,22,10,140,374,A84,49.04183,-0.79747,Nuit sans éclairage public,Hors agglomération,Hors intersection,Normale,Deux véhicules - arrière,,,,,,,,,,,3,1,1,1.0,2.0
201700022031,0017-01-25 10:00:00,17,1,25,10,0,140,513,"A84, SENS CAEN-RENNES, P",48.9476,-1.01784,Plein jour,Hors agglomération,Hors intersection,Pluie légère,Autre collision,,,,,,,,,,,1,1,1,2.0,6.0
201700022032,0017-02-10 12:30:00,17,2,10,12,30,500,224,A84 - PR 219+700 - sens,48.97787,-0.95288,Plein jour,Hors agglomération,Hors intersection,Normale,Deux véhicules - côté,,,,,,,,,,,1,1,1,1.0,3.0
201700022033,0017-02-15 19:00:00,17,2,15,19,0,500,276,RD973,48.72486,-1.41793,Nuit sans éclairage public,Hors agglomération,Intersection en X,Normale,Deux véhicules - côté,,,,,,,,,,,3,1,2,1.0,3.0
201700022034,0017-02-21 18:48:00,17,2,21,18,48,500,224,A84 - PR 212+700,48.97787,-0.95288,Nuit sans éclairage public,Hors agglomération,Hors intersection,Pluie légère,Deux véhicules - arrière,,,,,,,,,,,3,1,1,2.0,2.0
201700022035,0017-03-11 19:30:00,17,3,11,19,30,500,214,aire de repos de la vall,,,Crépuscule ou aube,Hors agglomération,Hors intersection,Normale,Autre collision,,,,,,,,,,,2,1,1,1.0,6.0
201700022036,0017-06-07 17:20:00,17,6,7,17,20,500,291,A84 - PR 200+0450,48.8952,-1.12442,Plein jour,Hors agglomération,Hors intersection,Normale,Autre collision,,,,,,,,,,,1,1,1,1.0,6.0
201700022037,0017-07-16 15:44:00,17,7,16,15,44,500,487,A84 - PR150+500 - sens C,48.53678,-1.34141,Plein jour,Hors agglomération,Hors intersection,Normale,Autre collision,,,,,,,,,,,1,1,1,1.0,6.0
201700022038,0017-07-23 16:15:00,17,7,23,16,15,500,25,RN175 - PR 41+0260,48.68789,-1.36893,Plein jour,Hors agglomération,Hors intersection,Temps couvert,Autre collision,,,,,,,,,,,1,1,1,8.0,6.0
201700022039,0017-08-05 10:35:00,17,8,5,10,35,140,513,"Pr 209+400, sens CAEN-RE",48.94616,-1.04054,Plein jour,Hors agglomération,Hors intersection,Normale,Trois véhicules et plus - en chaîne,,,,,,,,,,,1,1,1,1.0,4.0
201700022040,0017-10-07 03:00:00,17,10,7,3,0,140,513,A84 PR209+550,48.94766,-1.03435,Nuit sans éclairage public,Hors agglomération,Hors intersection,Normale,Sans collision,,,,,,,,,,,3,1,1,1.0,7.0
201700022041,0017-10-15 18:45:00,17,10,15,18,45,500,214,a84 PR 208+950,48.92062,-1.08349,Plein jour,Hors agglomération,Hors intersection,Normale,Deux véhicules - côté,,,,,,,,,,,1,1,1,1.0,3.0
201700022042,0017-11-11 13:45:00,17,11,11,13,45,500,185,A84 - PR 190+400 - SENS,48.83913,-1.24891,Plein jour,Hors agglomération,Hors intersection,Pluie forte,Deux véhicules - côté,,,,,,,,,,,1,1,1,3.0,3.0
201700022043,0017-01-13 10:30:00,17,1,13,10,30,500,87,RN 13,49.55589,-1.57818,Plein jour,Hors agglomération,Hors intersection,Normale,Autre collision,,,,,,,,,,,1,1,1,1.0,6.0
201700022044,0017-03-12 06:40:00,17,3,12,6,40,500,615,RN13,49.50895,-1.49342,Plein jour,Hors agglomération,Hors intersection,Temps couvert,Sans collision,,,,,,,,,,,1,1,1,8.0,7.0
201700022045,0017-04-16 17:18:00,17,4,16,17,18,500,87,NATIONALE 13 - PR 45+900,49.54936,-1.56083,Plein jour,Hors agglomération,Hors intersection,Normale,Deux véhicules - arrière,,,,,,,,,,,1,1,1,1.0,2.0
201700022046,0017-07-14 01:00:00,17,7,14,1,0,500,87,n13,49.54545,-1.55567,Nuit sans éclairage public,Hors agglomération,Hors intersection,Normale,Deux véhicules - frontale,,,,,,,,,,,3,1,1,1.0,1.0
201700022047,0017-07-14 01:00:00,17,7,14,1,0,500,599,RN13 - PK 49+100,49.57411,-1.57801,Nuit sans éclairage public,Hors agglomération,Hors intersection,Normale,Autre collision,,,,,,,,,,,3,1,1,1.0,6.0
201700022048,0017-11-25 15:40:00,17,11,25,15,40,500,249,Nationale 13  pr 13+500,49.35286,-1.28659,Plein jour,Hors agglomération,Hors intersection,Normale,Deux véhicules - côté,,,,,,,,,,,1,1,1,1.0,3.0
201700022049,0017-01-10 17:25:00,17,1,10,17,25,180,279,"51, HUIT MAI 1945 (RUE D",47.22999,2.07927,Crépuscule ou aube,En agglomération,Hors intersection,Pluie légère,Autre collision,,,,,,,,,,,2,2,1,2.0,6.0
201700022050,0017-03-21 20:05:00,17,3,21,20,5,180,279,"47, SAINT LAURENT (ROUTE",47.21457,2.12147,Nuit sans éclairage public,En agglomération,Hors intersection,Normale,Autre collision,,,,,,,,,,,3,2,1,1.0,6.0
201700022051,0017-03-22 15:45:00,17,3,22,15,45,180,279,JUILLET (AVENUE DU 14),47.21072,2.06295,Plein jour,En agglomération,Intersection en T,Normale,Deux véhicules - côté,,,,,,,,,,,1,2,3,1.0,3.0
201700022052,0017-03-22 20:25:00,17,3,22,20,25,180,279,FOECY (ROUTE DE),,,Nuit avec éclairage allumé,En agglomération,Intersection en Y,Pluie légère,Deux véhicules - côté,,,,,,,,,,,5,2,4,2.0,3.0
201700022053,0017-04-01 08:18:00,17,4,1,8,18,180,279,MERIGOT (RUE LEO ),,,Plein jour,Hors agglomération,Hors intersection,Normale,Deux véhicules - côté,,,,,,,,,,,1,1,1,1.0,3.0
201700022054,0017-04-09 17:30:00,17,4,9,17,30,180,279,VAILLANT (AVENUE EDOUARD,47.23222,2.06107,Plein jour,En agglomération,Intersection en T,Normale,Deux véhicules - côté,,,,,,,,,,,1,2,3,1.0,3.0
201700022055,0017-05-20 11:30:00,17,5,20,11,30,180,279,DEBOURNOU (RUE ),47.2228,2.06201,Plein jour,En agglomération,Hors intersection,Normale,Autre collision,,,,,,,,,,,1,2,1,1.0,6.0
201700022056,0017-05-24 11:20:00,17,5,24,11,20,180,279,REPUBLIQUE (AVENUE DE LA,47.22296,2.06596,Plein jour,En agglomération,Intersection en X,Normale,Deux véhicules - côté,,,,,,,,,,,1,2,2,1.0,3.0
201700022057,0017-05-31 16:50:00,17,5,31,16,50,180,279,DOLET (RUE ETIENNE),47.21492,2.10197,Plein jour,En agglomération,Hors intersection,Normale,Autre collision,,,,,,,,,,,1,2,1,1.0,6.0
201700022058,0017-06-21 21:45:00,17,6,21,21,45,180,279,", JUILLET (AVENUE DU 14)",47.21555,2.06483,Plein jour,En agglomération,Intersection en X,Normale,Autre collision,,,,,,,,,,,1,2,2,1.0,6.0
201700022059,0017-06-26 09:50:00,17,6,26,9,50,180,279,BRINAY (ROUTE DE),47.20371,2.07121,Plein jour,En agglomération,Hors intersection,Normale,Autre collision,,,,,,,,,,,1,2,1,1.0,6.0
201700022060,0017-07-02 22:00:00,17,7,2,22,0,180,279,FORET DE VIERZON,47.26519,2.05973,Crépuscule ou aube,Hors agglomération,Hors intersection,Normale,Deux véhicules - côté,,,,,,,,,,,2,1,1,1.0,3.0
201700022061,0017-07-13 17:34:00,17,7,13,17,34,180,279,PONTS ( RUE DES ),,,Plein jour,En agglomération,Intersection en X,Normale,Deux véhicules - côté,,,,,,,,,,,1,2,2,1.0,3.0
201700022062,0017-07-18 21:30:00,17,7,18,21,30,180,279,RESISTANCE (PLACE DE LA,47.22322,2.07284,Plein jour,En agglomération,Place,Normale,Deux véhicules - côté,,,,,,,,,,,1,2,7,1.0,3.0
201700022063,0017-09-14 16:50:00,17,9,14,16,50,180,279,MARCEL (RUE ETIENNE),47.21927,2.09139,Plein jour,En agglomération,Intersection en Y,Normale,Deux véhicules - frontale,,,,,,,,,,,1,2,4,1.0,1.0
201700022064,0017-09-27 07:00:00,17,9,27,7,0,180,279,REPUBLIQUE (AVENUE DE LA,47.22299,2.06599,Nuit avec éclairage allumé,En agglomération,Intersection en X,Normale,Deux véhicules - côté,,,,,,,,,,,5,2,2,1.0,3.0
201700022065,0017-10-12 13:18:00,17,10,12,13,18,180,279,"86, LOEUF(ROUTE ET PETIT",47.21496,2.03073,Plein jour,Hors agglomération,Hors intersection,Normale,Autre collision,,,,,,,,,,,1,1,1,1.0,6.0
201700022066,0017-10-20 19:50:00,17,10,20,19,50,180,279,MARS 1962 (AVE DU 19),47.23642,2.0874,Crépuscule ou aube,En agglomération,Hors intersection,Normale,Deux véhicules - côté,,,,,,,,,,,2,2,1,1.0,3.0
201700022067,0017-01-21 09:25:00,17,1,21,9,25,440,113,Place Maquis de Saffré,47.56551,-1.62741,Plein jour,En agglomération,Hors intersection,Normale,Autre collision,,,,,,,,,,,1,2,1,1.0,6.0
201700022068,0017-02-26 12:25:00,17,2,26,12,25,440,138,lieu dit bouillon jaune,47.51611,-1.63505,Plein jour,Hors agglomération,Hors intersection,Pluie légère,Deux véhicules - côté,,,,,,,,,,,1,1,1,2.0,3.0
201700022069,0017-06-11 10:27:00,17,6,11,10,27,440,1,D2,47.55557,-1.48695,Plein jour,Hors agglomération,Hors intersection,Normale,Trois véhicules et plus - collisions multiples,,,,,,,,,,,1,1,1,1.0,5.0
201700022070,0017-10-02 15:54:00,17,10,2,15,54,440,149,LIEU-DIT TOURNEBRIDE,47.47913,-1.54226,Plein jour,Hors agglomération,Intersection en T,Normale,Deux véhicules - côté,,,,,,,,,,,1,1,3,1.0,3.0
201700022071,0017-10-12 14:05:00,17,10,12,14,5,440,113,D771,47.60164,-1.56617,Plein jour,Hors agglomération,Hors intersection,Normale,Deux véhicules - frontale,,,,,,,,,,,1,1,1,1.0,1.0
201700022072,0017-11-23 18:30:00,17,11,23,18,30,440,193,LIEU-DIT LE BRÉMAUDIÈRE,47.64314,-1.47211,Nuit sans éclairage public,Hors agglomération,Intersection en X,Normale,Autre collision,,,,,,,,,,,3,1,2,1.0,6.0
201700022073,0017-11-28 18:25:00,17,11,28,18,25,440,113,D 35 les 4  seigneurs,47.53905,-1.57569,Nuit sans éclairage public,Hors agglomération,Intersection en X,Pluie légère,Deux véhicules - frontale,,,,,,,,,,,3,1,2,2.0,1.0
201700022074,0017-01-13 17:55:00,17,1,13,17,55,720,58,les pelleries,48.00151,0.29493,Crépuscule ou aube,Hors agglomération,Hors intersection,Normale,Deux véhicules - arrière,,,,,,,,,,,2,1,1,1.0,2.0
201700022075,0017-01-16 16:05:00,17,1,16,16,5,720,58,la butte du grand boulay,47.96049,0.29729,Plein jour,Hors agglomération,Hors intersection,Normale,Deux véhicules - frontale,,,,,,,,,,,1,1,1,1.0,1.0
201700022076,0017-02-12 14:30:00,17,2,12,14,30,720,299,Intersection VC10-RD32,47.86885,0.3809,Plein jour,Hors agglomération,Intersection en X,Normale,Deux véhicules - frontale,,,,,,,,,,,1,1,2,1.0,1.0
201700022077,0017-03-30 21:20:00,17,3,30,21,20,720,187,Ligne de croix ségrier,47.80879,0.36858,Nuit sans éclairage public,Hors agglomération,Hors intersection,Normale,Autre collision,,,,,,,,,,,3,1,1,1.0,6.0
201700022078,0017-04-11 21:35:00,17,4,11,21,35,720,213,LA BEULIÈRE,47.90336,0.221,Nuit sans éclairage public,Hors agglomération,Hors intersection,Normale,Autre collision,,,,,,,,,,,3,1,1,1.0,6.0
201700022079,0017-04-15 00:46:00,17,4,15,0,46,720,47,La Maugerie,47.9031,0.30965,Nuit sans éclairage public,Hors agglomération,Hors intersection,Normale,Autre collision,,,,,,,,,,,3,1,1,1.0,6.0
201700022080,0017-05-19 17:00:00,17,5,19,17,0,720,8,Route du chêne,47.93943,0.19027,Plein jour,En agglomération,Hors intersection,Pluie légère,Deux véhicules - arrière,,,,,,,,,,,1,2,1,2.0,2.0
201700022081,0017-05-21 12:25:00,17,5,21,12,25,720,299,Lieu dit Les Allais,47.86125,0.31273,Plein jour,Hors agglomération,Hors intersection,Normale,Autre collision,,,,,,,,,,,1,1,1,1.0,6.0
201700022082,0017-06-09 04:05:00,17,6,9,4,5,720,58,Départementale 304,47.96654,0.27511,Nuit sans éclairage public,Hors agglomération,Hors intersection,Normale,Autre collision,,,,,,,,,,,3,1,1,1.0,6.0
201700022083,0017-06-20 19:05:00,17,6,20,19,5,720,231,LA CROIX DES GUETTES,47.94901,0.35561,Plein jour,Hors agglomération,Intersection en X,Normale,Deux véhicules - côté,,,,,,,,,,,1,1,2,1.0,3.0
201700022084,0017-06-21 20:25:00,17,6,21,20,25,720,47,lieu dit le pavis,47.91091,0.32744,Plein jour,Hors agglomération,Hors intersection,Temps éblouissant,Autre collision,,,,,,,,,,,1,1,1,7.0,6.0
201700022085,0017-07-13 15:11:00,17,7,13,15,11,720,124,Intersection RD96 et RD3,47.81149,0.31137,Plein jour,Hors agglomération,Hors intersection,Normale,Autre collision,,,,,,,,,,,1,1,1,1.0,6.0
201700022086,0017-07-13 18:48:00,17,7,13,18,48,720,260,chemin des queutes,47.95292,0.25308,Plein jour,Hors agglomération,Hors intersection,Normale,Sans collision,,,,,,,,,,,1,1,1,1.0,7.0
201700022087,0017-07-26 09:36:00,17,7,26,9,36,720,53,Lieu dit la Vinette,47.9332,0.44572,Plein jour,Hors agglomération,Hors intersection,Pluie légère,Deux véhicules - côté,,,,,,,,,,,1,1,1,2.0,3.0
201700022088,0017-07-29 16:10:00,17,7,29,16,10,720,231,Lieu dit les Foulerets,47.97733,0.41044,Plein jour,Hors agglomération,Hors intersection,Normale,Sans collision,,,,,,,,,,,1,1,1,1.0,7.0
201700022089,0017-08-25 23:00:00,17,8,25,23,0,720,306,le gué,47.832,0.19881,Nuit sans éclairage public,Hors agglomération,Hors intersection,Normale,Autre collision,,,,,,,,,,,3,1,1,1.0,6.0