accident_id,datetime,annee,mois,jour,heure,minute,departement,commune_insee,adresse,latitude,longitude,luminosite,agglomeration,intersection,meteo,collision,nb_vehicules,nb_usagers,nb_indemnes,nb_tues,nb_blesses_hosp,nb_blesses_legers,age_cond_1,age_cond_2,veh_type_cond_1,veh_type_cond_2,lum_code,agg_code,int_code,atm_code,col_code
201700022090,0017-09-18 07:17:00,17,9,18,7,17,720,213,Rue des Tilleuls,47.91684,0.2589,Crépuscule ou aube,En agglomération,Hors intersection,Brouillard / fumée,Deux véhicules - côté,,,,,,,,,,,2,2,1,5.0,3.0
201700022091,0017-09-28 22:06:00,17,9,28,22,6,720,124,D338,47.83024,0.27363,Nuit avec éclairage allumé,En agglomération,Hors intersection,Normale,Deux véhicules - côté,,,,,,,,,,,5,2,1,1.0,3.0
201700022092,0017-10-08 21:51:00,17,10,8,21,51,720,155,lieu-dit la galopière,47.86132,0.23186,Nuit sans éclairage public,Hors agglomération,Hors intersection,Brouillard / fumée,Autre collision,,,,,,,,,,,3,1,1,5.0,6.0
201700022093,0017-10-13 20:55:00,17,10,13,20,55,720,231,vaujouin,47.88236,0.42419,Nuit sans éclairage public,Hors agglomération,Hors intersection,Normale,Autre collision,,,,,,,,,,,3,1,1,1.0,6.0
201700022094,0017-11-23 17:42:00,17,11,23,17,42,720,213,Lieu dit la Vinette,47.90318,0.25654,Nuit sans éclairage public,Hors agglomération,Hors intersection,Normale,Autre collision,,,,,,,,,,,3,1,1,1.0,6.0
201700022095,0017-12-16 18:24:00,17,12,16,18,24,720,231,Rd 92 Route de RUAUDIN,47.9301,0.19405,Nuit avec éclairage allumé,Hors agglomération,Hors intersection,Normale,Trois véhicules et plus - collisions multiples,,,,,,,,,,,5,1,1,1.0,5.0
201700022096,0017-02-22 23:00:00,17,2,22,23,0,650,375,RN 21,43.39456,0.17411,Nuit sans éclairage public,Hors agglomération,Hors intersection,Normale,Deux véhicules - frontale,,,,,,,,,,,3,1,1,1.0,1.0
201700022097,0017-06-16 12:20:00,17,6,16,12,20,650,409,Départementale D 934,43.38571,0.10401,Plein jour,Hors agglomération,Intersection en T,Normale,Deux véhicules - arrière,,,,,,,,,,,1,1,3,1.0,2.0
201700022098,0017-09-01 09:10:00,17,9,1,9,10,650,101,intersection D 817 - D 5,43.20805,0.2144,Plein jour,Hors agglomération,Intersection en Y,Normale,Deux véhicules - côté,,,,,,,,,,,1,1,4,1.0,3.0
201700022099,0017-10-31 21:30:00,17,10,31,21,30,650,409,d934,43.38645,0.11571,Nuit sans éclairage public,Hors agglomération,Hors intersection,Normale,Deux véhicules - arrière,,,,,,,,,,,3,1,1,1.0,2.0
201700022100,0017-12-09 09:45:00,17,12,9,9,45,650,409,D 934,43.38584,0.10179,Plein jour,Hors agglomération,Hors intersection,Normale,Deux véhicules - côté,,,,,,,,,,,1,1,1,1.0,3.0
201700022101,0017-12-25 13:15:00,17,12,25,13,15,650,206,RD 21,43.24091,0.221,Plein jour,Hors agglomération,Intersection en X,Normale,Deux véhicules - côté,,,,,,,,,,,1,1,2,1.0,3.0
201700022102,0017-02-21 13:15:00,17,2,21,13,15,830,19,route de martegasse,43.15565,6.31278,Plein jour,Hors agglomération,Hors intersection,Normale,Deux véhicules - arrière,,,,,,,,,,,1,1,1,1.0,2.0
201700022103,0017-02-22 15:40:00,17,2,22,15,40,830,70,Rt forest. des Crêtes,43.13621,6.35845,Plein jour,En agglomération,Hors intersection,Normale,Deux véhicules - côté,,,,,,,,,,,1,2,1,1.0,3.0
201700022104,0017-03-26 18:10:00,17,3,26,18,10,830,70,avenue des Illaires,43.13818,6.36132,Plein jour,En agglomération,Intersection en T,Normale,Deux véhicules - côté,,,,,,,,,,,1,2,3,1.0,3.0
201700022105,0017-03-29 20:30:00,17,3,29,20,30,830,70,avenue de Provence,43.13904,6.37028,Crépuscule ou aube,En agglomération,Hors intersection,Normale,Autre collision,,,,,,,,,,,2,2,1,1.0,6.0
201700022106,0017-04-11 13:45:00,17,4,11,13,45,830,19,RD 41 PK 13+500,43.19835,6.31445,Plein jour,Hors agglomération,Hors intersection,Normale,Deux véhicules - côté,,,,,,,,,,,1,1,1,1.0,3.0
201700022107,0017-04-14 19:35:00,17,4,14,19,35,830,19,carrefour route de Benat,43.13517,6.33959,Plein jour,En agglomération,Autre intersection,Normale,Deux véhicules - côté,,,,,,,,,,,1,2,9,1.0,3.0
201700022108,0017-04-15 16:47:00,17,4,15,16,47,830,19,foret du dom,43.20858,6.44708,Plein jour,Hors agglomération,Hors intersection,Normale,Deux véhicules - côté,,,,,,,,,,,1,1,1,1.0,3.0
201700022109,0017-04-29 11:15:00,17,4,29,11,15,830,19,"route de martegasse , RD",43.16093,6.32162,Plein jour,Hors agglomération,Hors intersection,Normale,Deux véhicules - côté,,,,,,,,,,,1,1,1,1.0,3.0
201700022110,0017-05-02 10:20:00,17,5,2,10,20,830,70,Avenue du cap Nègre - RD,43.15534,6.44676,Plein jour,Hors agglomération,Hors intersection,Normale,Autre collision,,,,,,,,,,,1,1,1,1.0,6.0
201700022111,0017-05-11 07:30:00,17,5,11,7,30,830,70,36 avenue cap nègre,43.1494,6.42068,Plein jour,Hors agglomération,Hors intersection,Normale,Deux véhicules - frontale,,,,,,,,,,,1,1,1,1.0,1.0
201700022112,0017-05-15 18:00:00,17,5,15,18,0,830,70,avenue de Provence,43.13904,6.37028,Plein jour,En agglomération,Hors intersection,Normale,Autre collision,,,,,,,,,,,1,2,1,1.0,6.0
201700022113,0017-06-29 09:30:00,17,6,29,9,30,830,19,RD 41,43.14621,6.31716,Plein jour,Hors agglomération,Hors intersection,Normale,Deux véhicules - frontale,,,,,,,,,,,1,1,1,1.0,1.0
201700022114,0017-07-01 20:35:00,17,7,1,20,35,830,19,avenue lou mistraou,43.14375,6.32709,Crépuscule ou aube,En agglomération,Hors intersection,Normale,Deux véhicules - arrière,,,,,,,,,,,2,2,1,1.0,2.0
201700022115,0017-07-06 19:40:00,17,7,6,19,40,830,19,498 bd du front de mer,43.12559,6.36208,Plein jour,En agglomération,Hors intersection,Normale,Autre collision,,,,,,,,,,,1,2,1,1.0,6.0
201700022116,0017-07-21 11:00:00,17,7,21,11,0,830,70,avenue du Levant,43.14453,6.38472,Plein jour,En agglomération,Hors intersection,Normale,Sans collision,,,,,,,,,,,1,2,1,1.0,7.0
201700022117,0017-08-03 08:45:00,17,8,3,8,45,830,19,avenue lou mistraou,43.15178,6.3114,Plein jour,En agglomération,Giratoire,Normale,Sans collision,,,,,,,,,,,1,2,6,1.0,7.0
201700022118,0017-07-31 09:00:00,17,7,31,9,0,830,70,avenue des cèdres,43.14892,6.39759,Plein jour,En agglomération,Hors intersection,Normale,Autre collision,,,,,,,,,,,1,2,1,1.0,6.0
201700022119,0017-08-04 19:15:00,17,8,4,19,15,830,19,RD 98 route du DOM,43.20252,6.43209,Plein jour,Hors agglomération,Hors intersection,Normale,Autre collision,,,,,,,,,,,1,1,1,1.0,6.0
201700022120,0017-08-06 20:15:00,17,8,6,20,15,830,19,RD98,43.15026,6.28943,Crépuscule ou aube,Hors agglomération,Hors intersection,Normale,Sans collision,,,,,,,,,,,2,1,1,1.0,7.0
201700022121,0017-08-13 00:45:00,17,8,13,0,45,830,70,allée du levant,43.14982,6.40124,Nuit avec éclairage allumé,En agglomération,Hors intersection,Normale,Deux véhicules - arrière,,,,,,,,,,,5,2,1,1.0,2.0
201700022122,0017-09-06 16:35:00,17,9,6,16,35,830,19,avenue Lou Mistraou,43.13906,6.35099,Plein jour,En agglomération,Hors intersection,Normale,Deux véhicules - frontale,,,,,,,,,,,1,2,1,1.0,1.0
201700022123,0017-09-10 17:05:00,17,9,10,17,5,830,70,impasse Saint Clair,43.14202,6.38035,Plein jour,En agglomération,Hors intersection,Normale,Autre collision,,,,,,,,,,,1,2,1,1.0,6.0
201700022124,0017-10-05 10:55:00,17,10,5,10,55,830,19,route du dom RD 98,43.20028,6.40876,Plein jour,Hors agglomération,Hors intersection,Normale,Autre collision,,,,,,,,,,,1,1,1,1.0,6.0
201700022125,0017-10-31 16:50:00,17,10,31,16,50,830,19,Boulevard du levant,43.14609,6.34275,Plein jour,En agglomération,Hors intersection,Normale,Autre collision,,,,,,,,,,,1,2,1,1.0,6.0
201700022126,0017-12-30 11:30:00,17,12,30,11,30,830,19,RD41,43.1871,6.33074,Plein jour,Hors agglomération,Hors intersection,Normale,Deux véhicules - côté,,,,,,,,,,,1,1,1,1.0,3.0
201700022127,0017-03-29 07:15:00,17,3,29,7,15,600,176,20 rue Charles DE GAULLE,49.23372,2.88746,Crépuscule ou aube,En agglomération,Hors intersection,Normale,Sans collision,,,,,,,,,,,2,2,1,1.0,7.0
201700022128,0017-04-19 06:40:00,17,4,19,6,40,450,158,21 route nationale 2,48.05317,2.65055,Crépuscule ou aube,En agglomération,Hors intersection,Normale,Autre collision,,,,,,,,,,,2,2,1,1.0,6.0
201700022129,0017-05-30 13:00:00,17,5,30,13,0,600,358,Route nationale 2,49.20361,2.93107,Plein jour,Hors agglomération,Autre intersection,Normale,Deux véhicules - arrière,,,,,,,,,,,1,1,9,1.0,2.0
201700022130,0017-07-25 09:00:00,17,7,25,9,0,600,203,RD 1324,49.23258,2.85994,Plein jour,En agglomération,Hors intersection,Pluie légère,Deux véhicules - côté,,,,,,,,,,,1,2,1,2.0,3.0
201700022131,0017-07-27 19:57:00,17,7,27,19,57,600,552,Chemin des meuniers,49.22148,2.86581,Plein jour,Hors agglomération,Hors intersection,Normale,Autre collision,,,,,,,,,,,1,1,1,1.0,6.0
201700022132,0017-08-08 20:30:00,17,8,8,20,30,600,92,D20,49.13365,3.00065,Plein jour,Hors agglomération,Hors intersection,Normale,Autre collision,,,,,,,,,,,1,1,1,1.0,6.0
201700022133,0017-08-29 15:00:00,17,8,29,15,0,600,552,Départementale 332,49.21368,2.90168,Plein jour,Hors agglomération,Intersection en T,Normale,Deux véhicules - côté,,,,,,,,,,,1,1,3,1.0,3.0
201700022134,0017-09-01 12:40:00,17,9,1,12,40,600,101,37 rue de la croix blanc,49.08532,2.86626,Plein jour,En agglomération,Hors intersection,Normale,Deux véhicules - arrière,,,,,,,,,,,1,2,1,1.0,2.0
201700022135,0017-09-07 16:10:00,17,9,7,16,10,600,69,rue de la libération,49.15386,2.95369,Plein jour,En agglomération,Hors intersection,Normale,Autre collision,,,,,,,,,,,1,2,1,1.0,6.0
201700022136,0017-09-08 18:00:00,17,9,8,18,0,600,430,D332,49.33015,2.89369,Plein jour,Hors agglomération,Hors intersection,Pluie forte,Deux véhicules - frontale,,,,,,,,,,,1,1,1,3.0,1.0
201700022137,0017-10-02 11:45:00,17,10,2,11,45,600,479,CD 136,49.20839,2.85931,Plein jour,Hors agglomération,Intersection en T,Normale,Deux véhicules - arrière,,,,,,,,,,,1,1,3,1.0,2.0
201700022138,0017-09-27 17:30:00,17,9,27,17,30,600,478,RD 25,49.18966,2.96602,Plein jour,Hors agglomération,Hors intersection,Temps couvert,Deux véhicules - frontale,,,,,,,,,,,1,1,1,8.0,1.0
201700022139,0017-10-13 21:30:00,17,10,13,21,30,600,358,boissy levignen,49.19314,2.91207,Nuit sans éclairage public,En agglomération,Hors intersection,Normale,Deux véhicules - côté,,,,,,,,,,,3,2,1,1.0,3.0
201700022140,0017-10-14 13:20:00,17,10,14,13,20,600,101,DÉPARTEMENTALE 79,49.07596,2.86407,Plein jour,Hors agglomération,Hors intersection,Normale,Sans collision,,,,,,,,,,,1,1,1,1.0,7.0
201700022141,0017-10-18 17:26:00,17,10,18,17,26,600,479,D136,49.19849,2.84695,Plein jour,Hors agglomération,Hors intersection,Normale,Deux véhicules - arrière,,,,,,,,,,,1,1,1,1.0,2.0
201700022142,0017-10-21 14:50:00,17,10,21,14,50,600,176,5 rue hector berlioz,49.22574,2.88344,Plein jour,En agglomération,Hors intersection,Normale,Autre collision,,,,,,,,,,,1,2,1,1.0,6.0
201700022143,0017-10-22 18:50:00,17,10,22,18,50,600,279,Route nationale 2,49.2111,2.9474,Nuit sans éclairage public,Hors agglomération,Hors intersection,Pluie légère,Deux véhicules - côté,,,,,,,,,,,3,1,1,2.0,3.0
201700022144,0017-10-22 17:35:00,17,10,22,17,35,600,683,Départementale 99,49.14773,2.90961,Crépuscule ou aube,Hors agglomération,Hors intersection,Pluie légère,Autre collision,,,,,,,,,,,2,1,1,2.0,6.0
201700022145,0017-11-21 06:05:00,17,11,21,6,5,600,176,72 rue de soissons,49.23393,2.90485,Nuit avec éclairage allumé,En agglomération,Hors intersection,Temps couvert,Autre collision,,,,,,,,,,,5,2,1,8.0,6.0
201700022146,0017-11-29 17:40:00,17,11,29,17,40,600,176,PLACE SUR LA GARE,49.23139,2.88641,Nuit avec éclairage allumé,En agglomération,Intersection en Y,Normale,Autre collision,,,,,,,,,,,5,2,4,1.0,6.0
201700022147,0017-12-10 04:15:00,17,12,10,4,15,600,203,Départementale 1324,49.23228,2.86704,Nuit sans éclairage public,Hors agglomération,Hors intersection,Pluie forte,Autre collision,,,,,,,,,,,3,1,1,3.0,6.0
201700022148,0017-01-02 18:45:00,17,1,2,18,45,190,31,"120, EMERY (AVENUE ANDRE",45.16059,1.5033,Nuit avec éclairage allumé,En agglomération,Intersection en X,Normale,Deux véhicules - côté,,,,,,,,,,,5,2,2,1.0,3.0
201700022149,0017-01-03 16:50:00,17,1,3,16,50,190,31,"0, FAU (RUE PIERRE)",45.1433,1.47078,Plein jour,En agglomération,Giratoire,Normale,Deux véhicules - côté,,,,,,,,,,,1,2,6,1.0,3.0
201700022150,0017-01-04 12:20:00,17,1,4,12,20,190,31,"1, FAU (RUE PIERRE)",45.14349,1.4701,Plein jour,En agglomération,Giratoire,Normale,Deux véhicules - côté,,,,,,,,,,,1,2,6,1.0,3.0
201700022151,0017-01-06 15:00:00,17,1,6,15,0,190,31,"00, DELMAS (RUE FERNAND)",45.16034,1.52604,Plein jour,En agglomération,Intersection en T,Normale,Deux véhicules - côté,,,,,,,,,,,1,2,3,1.0,3.0
201700022152,0017-01-09 18:10:00,17,1,9,18,10,190,31,"00, MICHELET (AVENUE EDM",45.14679,1.53037,Nuit avec éclairage allumé,En agglomération,Hors intersection,Normale,Autre collision,,,,,,,,,,,5,2,1,1.0,6.0
201700022153,0017-01-11 18:35:00,17,1,11,18,35,190,31,"5, LYAUTEY (BOULEVARD MA",45.15673,1.53189,Nuit avec éclairage allumé,En agglomération,Hors intersection,Pluie légère,Autre collision,,,,,,,,,,,5,2,1,2.0,6.0
201700022154,0017-01-12 17:35:00,17,1,12,17,35,190,31,"2, MASSENAT (RUE DU DOCT",45.15882,1.53382,Crépuscule ou aube,En agglomération,Hors intersection,Pluie forte,Autre collision,,,,,,,,,,,2,2,1,3.0,6.0
201700022155,0017-01-15 20:40:00,17,1,15,20,40,190,31,"17, ROOSEVELT (AVENUE DU",45.15808,1.52632,Nuit avec éclairage allumé,En agglomération,Hors intersection,Pluie légère,Deux véhicules - côté,,,,,,,,,,,5,2,1,2.0,3.0
201700022156,0017-01-15 03:35:00,17,1,15,3,35,190,31,"35, MAILLARD (AVENUE)",45.1654,1.53643,Nuit avec éclairage allumé,En agglomération,Hors intersection,Normale,Autre collision,,,,,,,,,,,5,2,1,1.0,6.0
201700022157,0017-01-31 17:10:00,17,1,31,17,10,190,31,"8, SEMARD (AVENUE PIERRE",45.15571,1.51725,Plein jour,En agglomération,Hors intersection,Normale,Autre collision,,,,,,,,,,,1,2,1,1.0,6.0
201700022158,0017-02-07 12:30:00,17,2,7,12,30,190,31,"0, ZOLA (AVENUE EMILE)",45.15565,1.52449,Plein jour,En agglomération,Intersection en X,Normale,Deux véhicules - côté,,,,,,,,,,,1,2,2,1.0,3.0
201700022159,0017-02-13 13:30:00,17,2,13,13,30,190,31,"1, LEROY (RUE EUGENE)",45.15325,1.50801,Plein jour,En agglomération,Intersection en T,Normale,Deux véhicules - côté,,,,,,,,,,,1,2,3,1.0,3.0
201700022160,0017-02-17 07:20:00,17,2,17,7,20,190,31,"20, RIVET (AVENUE JEAN C",45.15036,1.4972,Crépuscule ou aube,En agglomération,Hors intersection,Normale,Deux véhicules - côté,,,,,,,,,,,2,2,1,1.0,3.0
201700022161,0017-02-19 12:05:00,17,2,19,12,5,190,31,"95, QUEUILLE (AVENUE HEN",45.17342,1.5289,Plein jour,En agglomération,Intersection en T,Normale,Deux véhicules - côté,,,,,,,,,,,1,2,3,1.0,3.0
201700022162,0017-02-23 14:00:00,17,2,23,14,0,190,31,"1, ""MOULIN (BOULEVARD JE",45.16059,1.50328,Plein jour,En agglomération,Intersection en X,Normale,Trois véhicules et plus - collisions multiples,,,,,,,,,,,1,2,2,1.0,5.0
201700022163,0017-02-23 15:10:00,17,2,23,15,10,190,31,"16, DUBAYLE (RUE ANTOINE",45.14353,1.49098,Plein jour,En agglomération,Hors intersection,Normale,Autre collision,,,,,,,,,,,1,2,1,1.0,6.0
201700022164,0017-02-28 20:25:00,17,2,28,20,25,190,31,"39, CHAUMEIL (RUE PIERRE",45.15653,1.50418,Nuit avec éclairage allumé,En agglomération,Hors intersection,Pluie légère,Deux véhicules - arrière,,,,,,,,,,,5,2,1,2.0,2.0
201700022165,0017-02-28 19:35:00,17,2,28,19,35,190,31,"39, ALVITRE (AVENUE ABBE",45.1535,1.50899,Nuit avec éclairage allumé,En agglomération,Giratoire,Temps couvert,Deux véhicules - côté,,,,,,,,,,,5,2,6,8.0,3.0
201700022166,0017-03-06 09:05:00,17,3,6,9,5,190,31,"56, ALVITRE (AVENUE ABBE",45.15313,1.50756,Plein jour,En agglomération,Hors intersection,Normale,Deux véhicules - côté,,,,,,,,,,,1,2,1,1.0,3.0
201700022167,0017-03-07 08:00:00,17,3,7,8,0,190,31,"12, RIBOT (AVENUE)",45.16513,1.51947,Plein jour,En agglomération,Hors intersection,Normale,Autre collision,,,,,,,,,,,1,2,1,1.0,6.0
201700022168,0017-03-08 08:30:00,17,3,8,8,30,190,31,"25, RIBOT (AVENUE)",45.16476,1.5153,Plein jour,En agglomération,Hors intersection,Pluie légère,Autre collision,,,,,,,,,,,1,2,1,2.0,6.0
201700022169,0017-03-08 14:30:00,17,3,8,14,30,190,31,"27, ALSACE LORRAINE (AVE",45.15562,1.53714,Plein jour,En agglomération,Hors intersection,Normale,Deux véhicules - arrière,,,,,,,,,,,1,2,1,1.0,2.0
201700022170,0017-03-12 18:40:00,17,3,12,18,40,190,31,"00, RIBOT (AVENUE)",45.16476,1.5153,Plein jour,En agglomération,Intersection en X,Pluie légère,Deux véhicules - côté,,,,,,,,,,,1,2,2,2.0,3.0
201700022171,0017-03-16 14:40:00,17,3,16,14,40,190,31,"0, DUBOUSQUET LABORDERIE",45.16199,1.53106,Plein jour,En agglomération,Intersection en T,Normale,Deux véhicules - côté,,,,,,,,,,,1,2,3,1.0,3.0
201700022172,0017-03-23 08:15:00,17,3,23,8,15,190,31,"63, ALSACE LORRAINE (AVE",45.15361,1.53902,Crépuscule ou aube,En agglomération,Hors intersection,Pluie forte,Deux véhicules - arrière,,,,,,,,,,,2,2,1,3.0,2.0
201700022173,0017-03-30 08:55:00,17,3,30,8,55,190,31,"27, SEMARD (AVENUE PIERR",45.15678,1.52122,Plein jour,En agglomération,Hors intersection,Normale,Autre collision,,,,,,,,,,,1,2,1,1.0,6.0
201700022174,0017-03-31 11:50:00,17,3,31,11,50,190,31,"13, LAVOISIER (RUE)",45.15379,1.51262,Plein jour,En agglomération,Hors intersection,Normale,Deux véhicules - côté,,,,,,,,,,,1,2,1,1.0,3.0
201700022175,0017-04-02 00:20:00,17,4,2,0,20,190,31,"28, MARMONTEL (RUE)",45.14987,1.53922,Nuit avec éclairage allumé,En agglomération,Hors intersection,Pluie légère,Autre collision,,,,,,,,,,,5,2,1,2.0,6.0
201700022176,0017-04-03 17:25:00,17,4,3,17,25,190,31,"25, ALSACE LORRAINE (AVE",45.15433,1.53842,Plein jour,En agglomération,Intersection en X,Normale,Autre collision,,,,,,,,,,,1,2,2,1.0,6.0
201700022177,0017-04-05 12:50:00,17,4,5,12,50,190,31,"135, POMPIDOU (AVENUE GE",45.15797,1.55388,Plein jour,En agglomération,Hors intersection,Normale,Deux véhicules - côté,,,,,,,,,,,1,2,1,1.0,3.0
201700022178,0017-04-07 08:55:00,17,4,7,8,55,190,31,"6, JALINAT (AVENUE ANDRE",45.16296,1.54184,Plein jour,En agglomération,Hors intersection,Normale,Autre collision,,,,,,,,,,,1,2,1,1.0,6.0
201700022179,0017-04-07 11:55:00,17,4,7,11,55,190,31,"5, RIVET (AVENUE JEAN CH",45.151,1.49965,Plein jour,En agglomération,Hors intersection,Normale,Deux véhicules - côté,,,,,,,,,,,1,2,1,1.0,3.0
201700022180,0017-04-08 11:15:00,17,4,8,11,15,190,31,"126, RIBOT (AVENUE)",45.16471,1.50676,Plein jour,En agglomération,Hors intersection,Normale,Deux véhicules - arrière,,,,,,,,,,,1,2,1,1.0,2.0
201700022181,0017-04-11 19:30:00,17,4,11,19,30,190,31,"0, CHAUMEIL (RUE PIERRE)",45.15652,1.50419,Plein jour,En agglomération,Intersection en X,Normale,Deux véhicules - côté,,,,,,,,,,,1,2,2,1.0,3.0
201700022182,0017-04-12 11:50:00,17,4,12,11,50,190,31,"71, RIBOT (AVENUE)",45.16476,1.51334,Plein jour,En agglomération,Hors intersection,Normale,Trois véhicules et plus - en chaîne,,,,,,,,,,,1,2,1,1.0,4.0
201700022183,0017-04-12 14:55:00,17,4,12,14,55,190,31,"01, ALVITRE (AVENUE ABBE",45.15437,1.51218,Plein jour,En agglomération,Intersection en X,Normale,Deux véhicules - côté,,,,,,,,,,,1,2,2,1.0,3.0
201700022184,0017-04-13 13:05:00,17,4,13,13,5,190,31,"5, COMTE (RUE ERNEST)",45.15574,1.48172,Plein jour,En agglomération,Hors intersection,Normale,Deux véhicules - arrière,,,,,,,,,,,1,2,1,1.0,2.0
201700022185,0017-04-18 20:40:00,17,4,18,20,40,190,31,"0, ILE DU ROI (RUE DE L'",45.16424,1.52148,Plein jour,En agglomération,Intersection en X,Normale,Deux véhicules - côté,,,,,,,,,,,1,2,2,1.0,3.0
201700022186,0017-04-21 09:50:00,17,4,21,9,50,190,31,"0, MARSALES (RUE JEAN)",45.15269,1.50508,Plein jour,En agglomération,Giratoire,Normale,Deux véhicules - côté,,,,,,,,,,,1,2,6,1.0,3.0
201700022187,0017-04-27 20:45:00,17,4,27,20,45,190,31,"22, DE JOUVENEL (BOULEVA",45.16138,1.523,Crépuscule ou aube,En agglomération,Intersection en X,Normale,Deux véhicules - côté,,,,,,,,,,,2,2,2,1.0,3.0
201700022188,0017-04-29 19:10:00,17,4,29,19,10,190,31,"50, GUYNEMER (AVENUE)",45.15085,1.51089,Plein jour,En agglomération,Hors intersection,Temps éblouissant,Autre collision,,,,,,,,,,,1,2,1,7.0,6.0
201700022189,0017-05-03 14:45:00,17,5,3,14,45,190,31,"2, BROSSOLETTE (BOULEVAR",45.16635,1.54188,Plein jour,En agglomération,Giratoire,Normale,Deux véhicules - arrière,,,,,,,,,,,1,2,6,1.0,2.0
201700022190,0017-05-05 13:40:00,17,5,5,13,40,190,31,"12, FERRY (BOULEVARD JUL",45.1571,1.53545,Plein jour,En agglomération,Hors intersection,Normale,Deux véhicules - arrière,,,,,,,,,,,1,2,1,1.0,2.0
201700022191,0017-05-17 12:20:00,17,5,17,12,20,190,31,"12, LAVOISIER (RUE)",45.15285,1.51332,Plein jour,En agglomération,Intersection en T,Normale,Deux véhicules - côté,,,,,,,,,,,1,2,3,1.0,3.0
201700022192,0017-05-18 06:45:00,17,5,18,6,45,190,31,"25, ZOLA (AVENUE EMILE)",45.15564,1.52451,Crépuscule ou aube,En agglomération,Intersection en X,Normale,Deux véhicules - côté,,,,,,,,,,,2,2,2,1.0,3.0
201700022193,0017-05-19 16:50:00,17,5,19,16,50,190,31,"32, PEROL (RUE PIERRE)",45.1751,1.53045,Plein jour,En agglomération,Hors intersection,Pluie légère,Deux véhicules - côté,,,,,,,,,,,1,2,1,2.0,3.0
201700022194,0017-05-19 17:45:00,17,5,19,17,45,190,31,"14, PASTEUR (AVENUE)",45.16621,1.53179,Plein jour,En agglomération,Hors intersection,Pluie forte,Deux véhicules - arrière,,,,,,,,,,,1,2,1,3.0,2.0
201700022195,0017-05-23 14:25:00,17,5,23,14,25,190,31,"12, DOUMER (AVENUE PAUL)",45.16586,1.51801,Plein jour,En agglomération,Intersection en T,Normale,Deux véhicules - côté,,,,,,,,,,,1,2,3,1.0,3.0
201700022196,0017-05-23 15:40:00,17,5,23,15,40,190,31,"00, ""MOULIN (BOULEVARD J",45.16131,1.50311,Plein jour,En agglomération,Intersection en T,Normale,Deux véhicules - côté,,,,,,,,,,,1,2,3,1.0,3.0
201700022197,0017-05-27 22:25:00,17,5,27,22,25,190,31,"05, BERTRAND (RUE CAPITA",45.16702,1.51821,Nuit avec éclairage allumé,Hors agglomération,Hors intersection,Normale,Autre collision,,,,,,,,,,,5,1,1,1.0,6.0
201700022198,0017-05-30 16:10:00,17,5,30,16,10,190,31,"9, SEMARD (AVENUE PIERRE",45.15727,1.52305,Plein jour,En agglomération,Hors intersection,Normale,Autre collision,,,,,,,,,,,1,2,1,1.0,6.0
201700022199,0017-06-02 09:40:00,17,6,2,9,40,190,31,"53, PARIS (AVENUE DE)",45.16348,1.53233,Plein jour,En agglomération,Hors intersection,Normale,Autre collision,,,,,,,,,,,1,2,1,1.0,6.0
201700022200,0017-06-06 16:00:00,17,6,6,16,0,190,31,"12, LYAUTEY (BOULEVARD M",45.15876,1.5337,Plein jour,En agglomération,Hors intersection,Normale,Deux véhicules - arrière,,,,,,,,,,,1,2,1,1.0,2.0
201700022201,0017-06-10 16:05:00,17,6,10,16,5,190,31,"0, DUBOIS (BOULEVARD CAR",45.16305,1.54053,Plein jour,En agglomération,Intersection en X,Normale,Deux véhicules - côté,,,,,,,,,,,1,2,2,1.0,3.0
201700022202,0017-06-13 16:05:00,17,6,13,16,5,190,31,"25, ALVITRE (AVENUE ABBE",45.15257,1.50532,Plein jour,En agglomération,Hors intersection,Normale,Trois véhicules et plus - en chaîne,,,,,,,,,,,1,2,1,1.0,4.0
201700022203,0017-06-16 08:20:00,17,6,16,8,20,190,31,"12, SEMARD (AVENUE PIERR",45.15705,1.52242,Plein jour,En agglomération,Hors intersection,Normale,Autre collision,,,,,,,,,,,1,2,1,1.0,6.0
201700022204,0017-06-16 12:20:00,17,6,16,12,20,190,31,"00, TAURISSON (RUE LOUIS",45.13953,1.47468,Plein jour,En agglomération,Hors intersection,Normale,Deux véhicules - côté,,,,,,,,,,,1,2,1,1.0,3.0
201700022205,0017-06-20 22:20:00,17,6,20,22,20,190,31,"00, VEZERE (ROND POINT D",45.14657,1.48268,Nuit avec éclairage allumé,En agglomération,Giratoire,Normale,Deux véhicules - côté,,,,,,,,,,,5,2,6,1.0,3.0
201700022206,0017-07-02 22:10:00,17,7,2,22,10,190,31,"29, ALVITRE (AVENUE ABBE",45.15371,1.50981,Nuit avec éclairage allumé,En agglomération,Hors intersection,Normale,Deux véhicules - arrière,,,,,,,,,,,5,2,1,1.0,2.0
201700022207,0017-07-08 10:00:00,17,7,8,10,0,190,31,"69, MAILLARD (AVENUE)",45.16584,1.53992,Plein jour,En agglomération,Hors intersection,Normale,Autre collision,,,,,,,,,,,1,2,1,1.0,6.0
201700022208,0017-07-11 16:45:00,17,7,11,16,45,190,31,"0, GERMAIN (BOULEVARD DU",45.15743,1.52378,Plein jour,En agglomération,Intersection en X,Normale,Deux véhicules - côté,,,,,,,,,,,1,2,2,1.0,3.0
201700022209,0017-07-18 09:00:00,17,7,18,9,0,190,31,"12, ZOLA (AVENUE EMILE)",45.15576,1.5248,Plein jour,En agglomération,Intersection en T,Normale,Deux véhicules - côté,,,,,,,,,,,1,2,3,1.0,3.0