accident_id,datetime,annee,mois,jour,heure,minute,departement,commune_insee,adresse,latitude,longitude,luminosite,agglomeration,intersection,meteo,collision,nb_vehicules,nb_usagers,nb_indemnes,nb_tues,nb_blesses_hosp,nb_blesses_legers,age_cond_1,age_cond_2,veh_type_cond_1,veh_type_cond_2,lum_code,agg_code,int_code,atm_code,col_code
201700022210,0017-07-18 16:45:00,17,7,18,16,45,190,31,"1, DUCLAUX (AVENUE EMILE",45.14986,1.49792,Plein jour,En agglomération,Hors intersection,Normale,Deux véhicules - côté,,,,,,,,,,,1,2,1,1.0,3.0
201700022211,0017-07-22 12:45:00,17,7,22,12,45,190,31,"33, RIVET (AVENUE JEAN C",45.1499,1.49554,Plein jour,En agglomération,Intersection en T,Normale,Deux véhicules - côté,,,,,,,,,,,1,2,3,1.0,3.0
201700022212,0017-07-27 22:15:00,17,7,27,22,15,190,31,"100, POMPIDOU (AVENUE GE",45.15776,1.54757,Nuit avec éclairage allumé,En agglomération,Intersection en T,Normale,Deux véhicules - côté,,,,,,,,,,,5,2,3,1.0,3.0
201700022213,0017-07-28 04:15:00,17,7,28,4,15,190,31,"0, DE JOUVENEL (BOULEVAR",45.16066,1.52313,Nuit avec éclairage allumé,En agglomération,Intersection en X,Normale,Deux véhicules - côté,,,,,,,,,,,5,2,2,1.0,3.0
201700022214,0017-07-28 09:15:00,17,7,28,9,15,190,31,"26, RIVET (AVENUE JEAN C",45.15051,1.49784,Plein jour,En agglomération,Hors intersection,Normale,Deux véhicules - côté,,,,,,,,,,,1,2,1,1.0,3.0
201700022215,0017-08-01 08:00:00,17,8,1,8,0,190,31,"52, GRIVEL (BOULEVARD AM",45.15755,1.54037,Plein jour,En agglomération,Intersection en X,Normale,Deux véhicules - côté,,,,,,,,,,,1,2,2,1.0,3.0
201700022216,0017-08-02 18:15:00,17,8,2,18,15,190,31,"9, MAILLARD (AVENUE)",45.16517,1.53359,Plein jour,En agglomération,Hors intersection,Normale,Autre collision,,,,,,,,,,,1,2,1,1.0,6.0
201700022217,0017-08-03 19:48:00,17,8,3,19,48,190,31,"62, BRIGOULEIX (RUE MART",45.17174,1.51432,Plein jour,En agglomération,Intersection en T,Normale,Deux véhicules - arrière,,,,,,,,,,,1,2,3,1.0,2.0
201700022218,0017-08-08 08:40:00,17,8,8,8,40,190,31,"26 BIS, GUYNEMER (AVENUE",45.15955,1.53393,Plein jour,En agglomération,Hors intersection,Normale,Deux véhicules - arrière,,,,,,,,,,,1,2,1,1.0,2.0
201700022219,0017-08-22 08:40:00,17,8,22,8,40,190,31,"45, PASTEUR (AVENUE)",45.16849,1.53127,Plein jour,En agglomération,Hors intersection,Normale,Deux véhicules - côté,,,,,,,,,,,1,2,1,1.0,3.0
201700022220,0017-08-25 16:40:00,17,8,25,16,40,190,31,"6, RIVET (AVENUE JEAN CH",45.15122,1.50051,Plein jour,En agglomération,Hors intersection,Normale,Trois véhicules et plus - collisions multiples,,,,,,,,,,,1,2,1,1.0,5.0
201700022221,0017-08-25 17:20:00,17,8,25,17,20,190,31,"0, MENDES FRANCE (AVENUE",45.14339,1.47126,Plein jour,En agglomération,Hors intersection,Normale,Deux véhicules - arrière,,,,,,,,,,,1,2,1,1.0,2.0
201700022222,0017-08-28 08:15:00,17,8,28,8,15,190,31,"0, CHASTEAUX (ROUTE DE)",45.12267,1.49083,Plein jour,Hors agglomération,Intersection en T,Normale,Deux véhicules - côté,,,,,,,,,,,1,1,3,1.0,3.0
201700022223,0017-09-01 07:25:00,17,9,1,7,25,190,31,"45, JAURES (AVENUE JEAN)",45.15414,1.52982,Crépuscule ou aube,En agglomération,Intersection en X,Normale,Autre collision,,,,,,,,,,,2,2,2,1.0,6.0
201700022224,0017-09-03 15:15:00,17,9,3,15,15,190,31,"01, COMTE (RUE ERNEST)",45.15557,1.48029,Plein jour,En agglomération,Giratoire,Normale,Deux véhicules - arrière,,,,,,,,,,,1,2,6,1.0,2.0
201700022225,0017-09-12 09:35:00,17,9,12,9,35,190,31,"10, DIX HUIT JUIN 1940 (",45.16007,1.49931,Plein jour,En agglomération,Hors intersection,Normale,Deux véhicules - côté,,,,,,,,,,,1,2,1,1.0,3.0
201700022226,0017-09-18 18:25:00,17,9,18,18,25,190,31,RIVET (AVENUE JEAN CHARL,45.15098,1.49945,Plein jour,En agglomération,Hors intersection,Normale,Trois véhicules et plus - en chaîne,,,,,,,,,,,1,2,1,1.0,4.0
201700022227,0017-09-22 14:55:00,17,9,22,14,55,190,31,"102, ALVITRE (AVENUE ABB",45.1519,1.50314,Plein jour,En agglomération,Hors intersection,Normale,Deux véhicules - côté,,,,,,,,,,,1,2,1,1.0,3.0
201700022228,0017-09-23 15:25:00,17,9,23,15,25,190,31,"8, DORMOY (BOULEVARD MAR",45.16768,1.54035,Plein jour,En agglomération,Hors intersection,Normale,Deux véhicules - arrière,,,,,,,,,,,1,2,1,1.0,2.0
201700022229,0017-09-26 16:59:00,17,9,26,16,59,190,31,"9, MAILLARD (AVENUE)",45.16512,1.53358,Plein jour,En agglomération,Hors intersection,Normale,Trois véhicules et plus - en chaîne,,,,,,,,,,,1,2,1,1.0,4.0
201700022230,0017-09-28 07:45:00,17,9,28,7,45,190,31,Boulevard Jean MOULIN,45.16056,1.50327,Crépuscule ou aube,En agglomération,Intersection en X,Normale,Deux véhicules - côté,,,,,,,,,,,2,2,2,1.0,3.0
201700022231,0017-09-30 19:20:00,17,9,30,19,20,190,31,"0, COURTELINE (RUE)",45.15185,1.54144,Plein jour,En agglomération,Intersection en T,Normale,Deux véhicules - côté,,,,,,,,,,,1,2,3,1.0,3.0
201700022232,0017-10-02 08:00:00,17,10,2,8,0,190,31,"0, TAURISSON (RUE LOUIS)",45.14309,1.48323,Plein jour,En agglomération,Giratoire,Pluie légère,Deux véhicules - côté,,,,,,,,,,,1,2,6,2.0,3.0
201700022233,0017-10-05 18:05:00,17,10,5,18,5,190,31,"21, RIVET (AVENUE JEAN C",45.1503,1.49715,Plein jour,En agglomération,Hors intersection,Normale,Trois véhicules et plus - en chaîne,,,,,,,,,,,1,2,1,1.0,4.0
201700022234,0017-10-07 09:35:00,17,10,7,9,35,190,31,RIBOT (AVENUE),45.16535,1.52052,Plein jour,En agglomération,Intersection en X,Normale,Deux véhicules - côté,,,,,,,,,,,1,2,2,1.0,3.0
201700022235,0017-10-09 14:50:00,17,10,9,14,50,190,31,"53, POMPIDOU (AVENUE GEO",45.15769,1.54322,Plein jour,En agglomération,Hors intersection,Normale,Deux véhicules - côté,,,,,,,,,,,1,2,1,1.0,3.0
201700022236,0017-10-11 14:05:00,17,10,11,14,5,190,31,"10, BRUNE (BOULEVARD)",45.15327,1.53387,Plein jour,En agglomération,Hors intersection,Normale,Deux véhicules - arrière,,,,,,,,,,,1,2,1,1.0,2.0
201700022237,0017-10-12 18:15:00,17,10,12,18,15,190,31,"0, BERNARD (RUE CLAUDE)",45.15188,1.54152,Plein jour,En agglomération,Hors intersection,Normale,Autre collision,,,,,,,,,,,1,2,1,1.0,6.0
201700022238,0017-10-13 13:00:00,17,10,13,13,0,190,31,"25, RIVET (AVENUE JEAN C",45.15019,1.49683,Plein jour,En agglomération,Hors intersection,Normale,Trois véhicules et plus - en chaîne,,,,,,,,,,,1,2,1,1.0,4.0
201700022239,0017-10-16 12:30:00,17,10,16,12,30,190,31,"110, POMPIDOU (AVENUE GE",45.15779,1.54923,Plein jour,En agglomération,Hors intersection,Normale,Deux véhicules - côté,,,,,,,,,,,1,2,1,1.0,3.0
201700022240,0017-10-17 00:10:00,17,10,17,0,10,190,31,MEYSSAC (ROUTE DE),45.13387,1.55226,Nuit sans éclairage public,Hors agglomération,Hors intersection,Normale,Sans collision,,,,,,,,,,,3,1,1,1.0,7.0
201700022241,0017-10-18 14:30:00,17,10,18,14,30,190,31,"12, DUMAITRE (RUE JEAN)",45.15607,1.54782,Plein jour,En agglomération,Hors intersection,Normale,Deux véhicules - côté,,,,,,,,,,,1,2,1,1.0,3.0
201700022242,0017-10-18 15:50:00,17,10,18,15,50,190,31,"2, ROOSEVELT (AVENUE DU",45.15917,1.5302,Plein jour,En agglomération,Hors intersection,Normale,Autre collision,,,,,,,,,,,1,2,1,1.0,6.0
201700022243,0017-10-18 08:05:00,17,10,18,8,5,190,31,"25, RIBOT (AVENUE)",45.16495,1.51868,Plein jour,En agglomération,Hors intersection,Normale,Deux véhicules - côté,,,,,,,,,,,1,2,1,1.0,3.0
201700022244,0017-10-31 08:35:00,17,10,31,8,35,190,31,"50, ALVITRE (AVENUE ABBE",45.15326,1.50816,Plein jour,En agglomération,Hors intersection,Temps éblouissant,Autre collision,,,,,,,,,,,1,2,1,7.0,6.0
201700022245,0017-10-31 19:25:00,17,10,31,19,25,190,31,"00, VEZERE (ROND POINT D",45.15955,1.53393,Nuit avec éclairage allumé,En agglomération,Giratoire,Normale,Deux véhicules - côté,,,,,,,,,,,5,2,6,1.0,3.0
201700022246,0017-11-08 18:10:00,17,11,8,18,10,190,31,"17, MAILLARD (AVENUE)",45.16521,1.53448,Crépuscule ou aube,En agglomération,Hors intersection,Pluie légère,Autre collision,,,,,,,,,,,2,2,1,2.0,6.0
201700022247,0017-10-22 13:50:00,17,10,22,13,50,190,31,"1, MOULIN BOULEVARD JEA",45.16299,1.50282,Plein jour,En agglomération,Intersection en X,Normale,Deux véhicules - côté,,,,,,,,,,,1,2,2,1.0,3.0
201700022248,0017-10-27 15:30:00,17,10,27,15,30,190,31,"23, DELMAS (RUE COLONEL",45.15524,1.53649,Plein jour,En agglomération,Hors intersection,Pluie légère,Deux véhicules - côté,,,,,,,,,,,1,2,1,2.0,3.0
201700022249,0017-11-10 14:30:00,17,11,10,14,30,190,31,"3, RIVET (AVENUE JEAN CH",45.15126,1.50058,Plein jour,En agglomération,Hors intersection,Pluie légère,Trois véhicules et plus - en chaîne,,,,,,,,,,,1,2,1,2.0,4.0
201700022250,0017-11-10 14:35:00,17,11,10,14,35,190,31,"0, SELVES (RUE DE)",45.15389,1.53644,Plein jour,En agglomération,Intersection en X,Pluie légère,Deux véhicules - côté,,,,,,,,,,,1,2,2,2.0,3.0
201700022251,0017-11-16 09:40:00,17,11,16,9,40,190,31,"68, ILE DU ROI (RUE DE L",45.16218,1.51574,Plein jour,En agglomération,Hors intersection,Normale,Autre collision,,,,,,,,,,,1,2,1,1.0,6.0
201700022252,0017-11-17 15:05:00,17,11,17,15,5,190,31,"33, MICHELET (AVENUE EDM",45.14729,1.53029,Plein jour,En agglomération,Hors intersection,Normale,Deux véhicules - côté,,,,,,,,,,,1,2,1,1.0,3.0
201700022253,0017-11-25 09:15:00,17,11,25,9,15,190,31,PARIS (AVENUE DE),45.16254,1.53274,Plein jour,En agglomération,Hors intersection,Pluie légère,Deux véhicules - arrière,,,,,,,,,,,1,2,1,2.0,2.0
201700022254,0017-11-25 09:55:00,17,11,25,9,55,190,31,"12, QUATORZE JUILLET (AV",45.16236,1.53293,Plein jour,En agglomération,Hors intersection,Pluie légère,Trois véhicules et plus - en chaîne,,,,,,,,,,,1,2,1,2.0,4.0
201700022255,0017-12-04 17:25:00,17,12,4,17,25,190,31,"0, LECAT (RUE)",45.13954,1.4747,Crépuscule ou aube,En agglomération,Hors intersection,Normale,Deux véhicules - arrière,,,,,,,,,,,2,2,1,1.0,2.0
201700022256,0017-12-07 19:00:00,17,12,7,19,0,190,31,"5, MARSALES (RUE JEAN)",45.15369,1.50477,Nuit avec éclairage allumé,En agglomération,Hors intersection,Pluie légère,Autre collision,,,,,,,,,,,5,2,1,2.0,6.0
201700022257,0017-12-09 11:05:00,17,12,9,11,5,190,31,"00, MICHELET (AVENUE EDM",45.15066,1.53176,Plein jour,En agglomération,Intersection en X,Normale,Deux véhicules - côté,,,,,,,,,,,1,2,2,1.0,3.0
201700022258,0017-12-11 15:45:00,17,12,11,15,45,190,31,"00, ""MOULIN (BOULEVARD J",45.16134,1.50312,Plein jour,En agglomération,Intersection en X,Temps couvert,Deux véhicules - côté,,,,,,,,,,,1,2,2,8.0,3.0
201700022259,0017-12-12 13:30:00,17,12,12,13,30,190,31,"00, COMTE (RUE ERNEST)",45.15651,1.47651,Plein jour,En agglomération,Hors intersection,Normale,Deux véhicules - arrière,,,,,,,,,,,1,2,1,1.0,2.0
201700022260,0017-12-13 16:50:00,17,12,13,16,50,190,31,"34, DAUDY (RUE ALEXANDRE",45.16673,1.53747,Plein jour,En agglomération,Intersection en X,Pluie forte,Deux véhicules - côté,,,,,,,,,,,1,2,2,3.0,3.0
201700022261,0017-12-14 07:55:00,17,12,14,7,55,190,31,"15, COSNAC (RUE DANIEL D",45.15955,1.53393,Crépuscule ou aube,En agglomération,Hors intersection,Pluie forte,Deux véhicules - arrière,,,,,,,,,,,2,2,1,3.0,2.0
201700022262,0017-12-15 04:15:00,17,12,15,4,15,190,31,"115, ROUSSEAU (AVENUE JE",45.14847,1.51001,Nuit avec éclairage allumé,Hors agglomération,Hors intersection,Normale,Autre collision,,,,,,,,,,,5,1,1,1.0,6.0
201700022263,0017-12-20 16:40:00,17,12,20,16,40,190,31,"20, DIX HUIT JUIN 1940 (",45.15941,1.49734,Plein jour,En agglomération,Intersection en X,Normale,Autre collision,,,,,,,,,,,1,2,2,1.0,6.0
201700022264,0017-12-21 16:25:00,17,12,21,16,25,190,31,"36, PAIX (RUE DE LA)",45.16752,1.53563,Plein jour,En agglomération,Intersection en X,Normale,Deux véhicules - côté,,,,,,,,,,,1,2,2,1.0,3.0
201700022265,0017-12-23 09:25:00,17,12,23,9,25,190,31,"00, MENDES FRANCE (AVENU",45.14304,1.47006,Plein jour,En agglomération,Giratoire,Normale,Deux véhicules - arrière,,,,,,,,,,,1,2,6,1.0,2.0
201700022266,0017-12-24 03:00:00,17,12,24,3,0,190,31,"90, PASTEUR (AVENUE)",45.16874,1.53122,Nuit avec éclairage allumé,En agglomération,Intersection en T,Normale,Deux véhicules - côté,,,,,,,,,,,5,2,3,1.0,3.0
201700022267,0017-01-26 13:30:00,17,1,26,13,30,590,260,rue nationale,51.04951,2.52864,Plein jour,En agglomération,Intersection en X,Normale,Deux véhicules - côté,,,,,,,,,,,1,2,2,1.0,3.0
201700022268,0017-03-05 16:00:00,17,3,5,16,0,590,260,route d'uxem,51.03513,2.50438,Plein jour,Hors agglomération,Hors intersection,Pluie légère,Autre collision,,,,,,,,,,,1,1,1,2.0,6.0
201700022269,0017-05-06 07:15:00,17,5,6,7,15,590,404,27 route nationale,51.00003,2.55421,Plein jour,Hors agglomération,Hors intersection,Normale,Deux véhicules - frontale,,,,,,,,,,,1,1,1,1.0,1.0
201700022270,0017-05-21 18:00:00,17,5,21,18,0,590,326,D947,,,Plein jour,Hors agglomération,Hors intersection,Normale,Trois véhicules et plus - collisions multiples,,,,,,,,,,,1,1,1,1.0,5.0
201700022271,0017-06-03 15:00:00,17,6,3,15,0,590,46,route de BRAY  DUNES,50.91454,2.57807,Plein jour,Hors agglomération,Intersection en X,Normale,Deux véhicules - côté,,,,,,,,,,,1,1,2,1.0,3.0
201700022272,0017-06-08 00:01:00,17,6,8,0,1,590,326,route de Saint Omer,50.96556,2.56233,Nuit sans éclairage public,En agglomération,Hors intersection,Normale,Sans collision,,,,,,,,,,,3,2,1,1.0,7.0
201700022273,0017-07-06 12:05:00,17,7,6,12,5,590,309,D947,50.99021,2.56427,Plein jour,Hors agglomération,Intersection en X,Pluie légère,Deux véhicules - côté,,,,,,,,,,,1,1,2,2.0,3.0
201700022274,0017-07-09 13:30:00,17,7,9,13,30,590,668,rue de la résistance,51.06617,2.49573,Plein jour,En agglomération,Intersection en X,Normale,Deux véhicules - côté,,,,,,,,,,,1,2,2,1.0,3.0
201700022275,0017-08-11 17:40:00,17,8,11,17,40,590,260,Route départementale 947,51.04611,2.52875,Plein jour,Hors agglomération,Intersection en T,Normale,Deux véhicules - côté,,,,,,,,,,,1,1,3,1.0,3.0
201700022276,0017-08-17 03:30:00,17,8,17,3,30,590,107,101 RUE ALBERT 1ER,51.07423,2.54502,Nuit avec éclairage allumé,En agglomération,Hors intersection,Normale,Autre collision,,,,,,,,,,,5,2,1,1.0,6.0
201700022277,0017-08-31 22:15:00,17,8,31,22,15,590,309,route de lille,50.95848,2.58809,Nuit sans éclairage public,En agglomération,Intersection en X,Normale,Deux véhicules - côté,,,,,,,,,,,3,2,2,1.0,3.0
201700022278,0017-09-21 16:00:00,17,9,21,16,0,590,309,RD 1055,50.97637,2.60374,Plein jour,Hors agglomération,Hors intersection,Normale,Deux véhicules - côté,,,,,,,,,,,1,1,1,1.0,3.0
201700022279,0017-10-04 20:20:00,17,10,4,20,20,590,499,30 rue de west cappel,50.93901,2.53904,Nuit avec éclairage allumé,En agglomération,Hors intersection,Normale,Deux véhicules - côté,,,,,,,,,,,5,2,1,1.0,3.0
201700022280,0017-12-11 04:30:00,17,12,11,4,30,590,668,70 Rue de la résistance,51.06491,2.4914,Nuit avec éclairage allumé,En agglomération,Hors intersection,Pluie légère,Autre collision,,,,,,,,,,,5,2,1,2.0,6.0
201700022281,0017-01-01 05:55:00,17,1,1,5,55,190,272,"29, Robert Chivalier (Ru",45.26027,1.76959,Nuit avec éclairage allumé,En agglomération,Hors intersection,Autre,Autre collision,,,,,,,,,,,5,2,1,9.0,6.0
201700022282,0017-03-16 20:50:00,17,3,16,20,50,190,272,"29, Ventadour (Av)",45.27189,1.77711,Nuit avec éclairage allumé,En agglomération,Autre intersection,Normale,Deux véhicules - côté,,,,,,,,,,,5,2,9,1.0,3.0
201700022283,0017-03-04 17:00:00,17,3,4,17,0,190,272,Croix de Bar (Lieu dit),45.27462,1.75921,Plein jour,Hors agglomération,Hors intersection,Pluie forte,Sans collision,,,,,,,,,,,1,1,1,3.0,7.0
201700022284,0017-05-01 13:40:00,17,5,1,13,40,190,272,Albert de la Pradel (Av),45.28258,1.76935,Plein jour,En agglomération,Hors intersection,Temps couvert,Autre collision,,,,,,,,,,,1,2,1,8.0,6.0
201700022285,0017-05-22 15:50:00,17,5,22,15,50,190,272,"1, Foirail (Place)",45.25264,1.76111,Plein jour,En agglomération,Hors intersection,Temps couvert,Deux véhicules - côté,,,,,,,,,,,1,2,1,8.0,3.0
201700022286,0017-05-18 10:55:00,17,5,18,10,55,190,272,"12, Alsace Lorraine (Ave",45.26164,1.75663,Plein jour,En agglomération,Hors intersection,Normale,Autre collision,,,,,,,,,,,1,2,1,1.0,6.0
201700022287,0017-07-19 12:05:00,17,7,19,12,5,190,272,"19, Ventadour (Av)",45.27325,1.77666,Plein jour,En agglomération,Hors intersection,Pluie légère,Autre collision,,,,,,,,,,,1,2,1,2.0,6.0
201700022288,0017-08-10 01:50:00,17,8,10,1,50,190,272,"13, 4 septembre(Rue du)",45.25592,1.75426,Nuit avec éclairage allumé,En agglomération,Hors intersection,Normale,Autre collision,,,,,,,,,,,5,2,1,1.0,6.0
201700022289,0017-10-19 07:45:00,17,10,19,7,45,190,272,Louis Mie (Rue),45.26455,1.77112,Nuit avec éclairage allumé,En agglomération,Hors intersection,Pluie légère,Autre collision,,,,,,,,,,,5,2,1,2.0,6.0
201700022290,0017-10-16 15:50:00,17,10,16,15,50,190,272,RD89,45.24641,1.74591,Plein jour,Hors agglomération,Hors intersection,Normale,Autre collision,,,,,,,,,,,1,1,1,1.0,6.0
201700022291,0017-11-24 15:10:00,17,11,24,15,10,190,272,RD89,45.24096,1.74104,Plein jour,En agglomération,Hors intersection,Pluie légère,Deux véhicules - côté,,,,,,,,,,,1,2,1,2.0,3.0
201700022292,0017-12-01 12:00:00,17,12,1,12,0,190,272,Dunant (Pont),45.26074,1.75798,Plein jour,En agglomération,Intersection en Y,Temps couvert,Autre collision,,,,,,,,,,,1,2,4,8.0,6.0
201700022293,0017-12-11 17:15:00,17,12,11,17,15,190,272,Foirail (Place),45.25278,1.76187,Nuit avec éclairage non allumé,En agglomération,Hors intersection,Pluie forte,Autre collision,,,,,,,,,,,4,2,1,3.0,6.0
201700022294,0017-01-26 21:10:00,17,1,26,21,10,190,275,"04, TURGOT (AVENUE) Nø P",45.54533,2.30384,Nuit sans éclairage public,En agglomération,Hors intersection,Normale,Autre collision,,,,,,,,,,,3,2,1,1.0,6.0
201700022295,0017-04-03 17:45:00,17,4,3,17,45,190,275,R.D. 1089 SUD,,,Plein jour,Hors agglomération,Hors intersection,Normale,Deux véhicules - arrière,,,,,,,,,,,1,1,1,1.0,2.0
201700022296,0017-07-15 03:18:00,17,7,15,3,18,190,275,R.D. 161,45.5788,2.31171,Nuit avec éclairage non allumé,Hors agglomération,Hors intersection,Normale,Deux véhicules - frontale,,,,,,,,,,,4,1,1,1.0,1.0
201700022297,0017-08-26 11:29:00,17,8,26,11,29,190,275,"24, MICHELET (RUE)",45.0,2.0,Plein jour,En agglomération,Hors intersection,Normale,Autre collision,,,,,,,,,,,1,2,1,1.0,6.0
201700022298,0017-09-22 15:30:00,17,9,22,15,30,190,275,CLERMONT (AVENUE) Nø IMP,45.5489,2.31383,Plein jour,En agglomération,Intersection en T,Normale,Deux véhicules - côté,,,,,,,,,,,1,2,3,1.0,3.0
201700022299,0017-11-22 07:50:00,17,11,22,7,50,190,275,"18, GAULLE (RUE DU GENER",45.54894,2.30801,Plein jour,En agglomération,Hors intersection,Temps couvert,Deux véhicules - côté,,,,,,,,,,,1,2,1,8.0,3.0
201700022300,0017-11-29 17:50:00,17,11,29,17,50,190,275,PONTY (ROUTE DE),45.54767,2.28977,Crépuscule ou aube,Hors agglomération,Hors intersection,Autre,Sans collision,,,,,,,,,,,2,1,1,9.0,7.0
201700022301,0017-12-01 12:10:00,17,12,1,12,10,190,275,GRAND PUY (AVENUE DU),45.55195,2.32439,Plein jour,En agglomération,Hors intersection,Neige / grêle,Deux véhicules - frontale,,,,,,,,,,,1,2,1,4.0,1.0
201700022302,0017-02-08 08:20:00,17,2,8,8,20,210,54,"09, GAULLE (AVENUE DU GE",47.01602,4.83714,Plein jour,En agglomération,Hors intersection,Normale,Autre collision,,,,,,,,,,,1,2,1,1.0,6.0
201700022303,0017-04-04 18:28:00,17,4,4,18,28,210,54,"8, SALINS (AVENUE GUIGON",47.03189,4.83438,Plein jour,En agglomération,Hors intersection,Normale,Deux véhicules - côté,,,,,,,,,,,1,2,1,1.0,3.0
201700022304,0017-05-06 19:10:00,17,5,6,19,10,210,54,COMBERTAULT (RUE DE),47.00132,4.8902,Plein jour,Hors agglomération,Hors intersection,Pluie légère,Deux véhicules - frontale,,,,,,,,,,,1,1,1,2.0,1.0
201700022305,0017-06-02 17:15:00,17,6,2,17,15,210,54,", PHILIPPE LE BON (ROND",47.00585,4.84996,Plein jour,Hors agglomération,Giratoire,Normale,Deux véhicules - côté,,,,,,,,,,,1,1,6,1.0,3.0
201700022306,0017-06-06 16:57:00,17,6,6,16,57,210,54,PHILIPPE LE BON (ROND PO,47.006,4.84859,Plein jour,En agglomération,Giratoire,Temps couvert,Deux véhicules - côté,,,,,,,,,,,1,2,6,8.0,3.0
201700022307,0017-06-16 17:44:00,17,6,16,17,44,210,54,SAINT-JACQUES (BOULEVARD,47.02072,4.8376,Plein jour,En agglomération,Hors intersection,Normale,Deux véhicules - côté,,,,,,,,,,,1,2,1,1.0,3.0
201700022308,0017-08-19 15:33:00,17,8,19,15,33,210,54,RESISTANCE (AVENUE DE LA,47.01742,4.83157,Plein jour,En agglomération,Intersection en T,Normale,Deux véhicules - côté,,,,,,,,,,,1,2,3,1.0,3.0
201700022309,0017-08-28 17:02:00,17,8,28,17,2,210,54,"7, PERRIERES (RUE DES)",47.026,4.84,Plein jour,En agglomération,Hors intersection,Normale,Deux véhicules - côté,,,,,,,,,,,1,2,1,1.0,3.0
201700022310,0017-09-04 16:40:00,17,9,4,16,40,210,54,JOFFRE (BOULEVARD MARECH,47.02471,4.84361,Plein jour,En agglomération,Hors intersection,Normale,Deux véhicules - côté,,,,,,,,,,,1,2,1,1.0,3.0
201700022311,0017-08-11 23:25:00,17,8,11,23,25,210,54,JOIGNEAUX (RUE PIERRE),47.02192,4.84407,Nuit avec éclairage allumé,En agglomération,Intersection en T,Normale,Autre collision,,,,,,,,,,,5,2,3,1.0,6.0
201700022312,0017-08-22 21:45:00,17,8,22,21,45,210,54,"27, POMMARD (ROUTE DE)",47.01794,4.82641,Nuit avec éclairage allumé,En agglomération,Hors intersection,Normale,Deux véhicules - frontale,,,,,,,,,,,5,2,1,1.0,1.0
201700022313,0017-09-29 11:25:00,17,9,29,11,25,210,54,"19, COLBERT (RUE)",47.02628,4.84643,Plein jour,En agglomération,Place,Temps éblouissant,Deux véhicules - côté,,,,,,,,,,,1,2,7,7.0,3.0
201700022314,0017-10-23 20:55:00,17,10,23,20,55,210,54,LAURIOZ (RUE PIERRE),47.00957,4.85243,Nuit avec éclairage allumé,En agglomération,Intersection en X,Pluie légère,Deux véhicules - côté,,,,,,,,,,,5,2,2,2.0,3.0
201700022315,0017-11-22 17:30:00,17,11,22,17,30,210,54,"27, CLEMENCEAU (BOULEVAR",47.02466,4.8329,Nuit avec éclairage allumé,En agglomération,Hors intersection,Normale,Autre collision,,,,,,,,,,,5,2,1,1.0,6.0
201700022316,0017-12-12 12:50:00,17,12,12,12,50,210,54,"97 B, BLANCHES FLEURS (R",47.04015,4.83775,Plein jour,En agglomération,Hors intersection,Temps éblouissant,Autre collision,,,,,,,,,,,1,2,1,7.0,6.0
201700022317,0017-12-13 10:55:00,17,12,13,10,55,210,54,SEURRE (ROUTE DE),47.01706,4.8729,Plein jour,Hors agglomération,Hors intersection,Temps couvert,Deux véhicules - côté,,,,,,,,,,,1,1,1,8.0,3.0
201700022318,0017-02-27 14:29:00,17,2,27,14,29,740,5,Route des Blaves,46.33461,6.49206,Plein jour,Hors agglomération,Intersection à plus de 4 branches,Temps éblouissant,Deux véhicules - côté,,,,,,,,,,,1,1,5,7.0,3.0
201700022319,0017-06-14 06:10:00,17,6,14,6,10,740,48,,46.27837,6.40167,Crépuscule ou aube,Hors agglomération,Hors intersection,Normale,Deux véhicules - frontale,,,,,,,,,,,2,1,1,1.0,1.0
201700022320,0017-07-12 09:45:00,17,7,12,9,45,740,263,416-458 Avenue de Bonnat,46.33338,6.3875,Plein jour,En agglomération,Hors intersection,Normale,Deux véhicules - côté,,,,,,,,,,,1,2,1,1.0,3.0
201700022321,0017-10-12 08:25:00,17,10,12,8,25,740,5,RUE DU CRET BARON,46.33932,6.46279,Plein jour,En agglomération,Hors intersection,Normale,Deux véhicules - frontale,,,,,,,,,,,1,2,1,1.0,1.0
201700022322,0017-01-02 08:40:00,17,1,2,8,40,210,231,"2, BOSSUET (PLACE)",47.32122,5.037,Plein jour,En agglomération,Hors intersection,Normale,Autre collision,,,,,,,,,,,1,2,1,1.0,6.0
201700022323,0017-01-07 15:14:00,17,1,7,15,14,210,231,CARNOT (BOULEVARD),47.319,5.04791,Plein jour,En agglomération,Intersection en X,Normale,Deux véhicules - côté,,,,,,,,,,,1,2,2,1.0,3.0
201700022324,0017-01-11 07:40:00,17,1,11,7,40,210,231,MAYENCE (DE) (RUE),47.35266,5.06272,Nuit avec éclairage allumé,En agglomération,Intersection en T,Brouillard / fumée,Deux véhicules - côté,,,,,,,,,,,5,2,3,5.0,3.0
201700022325,0017-01-11 18:18:00,17,1,11,18,18,210,231,"86, RAYMOND POINCARE (AV",47.32881,5.0676,Nuit avec éclairage allumé,En agglomération,Hors intersection,Pluie légère,Autre collision,,,,,,,,,,,5,2,1,2.0,6.0
201700022326,0017-01-17 16:59:00,17,1,17,16,59,210,355,DIJON (DE) (ROUTE),47.28458,5.06288,Plein jour,En agglomération,Hors intersection,Normale,Deux véhicules - frontale,,,,,,,,,,,1,2,1,1.0,1.0
201700022327,0017-01-22 09:44:00,17,1,22,9,44,210,355,PREVOTS (DES) (RUE),47.287,5.06336,Plein jour,En agglomération,Giratoire,Normale,Autre collision,,,,,,,,,,,1,2,6,1.0,6.0