accident_id,datetime,annee,mois,jour,heure,minute,departement,commune_insee,adresse,latitude,longitude,luminosite,agglomeration,intersection,meteo,collision,nb_vehicules,nb_usagers,nb_indemnes,nb_tues,nb_blesses_hosp,nb_blesses_legers,age_cond_1,age_cond_2,veh_type_cond_1,veh_type_cond_2,lum_code,agg_code,int_code,atm_code,col_code
201700022328,0017-01-18 17:25:00,17,1,18,17,25,210,231,LANGRES (DE) (AVENUE),47.3525,5.04591,Crépuscule ou aube,En agglomération,Hors intersection,Normale,Autre collision,,,,,,,,,,,2,2,1,1.0,6.0
201700022329,0017-03-08 17:25:00,17,3,8,17,25,210,231,CHICAGO (DE) (BOULEVARD),47.30047,5.06011,Plein jour,En agglomération,Intersection en T,Pluie légère,Deux véhicules - côté,,,,,,,,,,,1,2,3,2.0,3.0
201700022330,0017-03-16 20:21:00,17,3,16,20,21,210,231,ILE (DE L') (RUE),47.31508,5.02972,Nuit avec éclairage allumé,En agglomération,Intersection en T,Normale,Deux véhicules - côté,,,,,,,,,,,5,2,3,1.0,3.0
201700022331,0017-03-17 16:30:00,17,3,17,16,30,210,231,STALINGRAD (DE) (AVENUE),47.34266,5.05822,Plein jour,En agglomération,Intersection en T,Normale,Deux véhicules - côté,,,,,,,,,,,1,2,3,1.0,3.0
201700022332,0017-03-23 06:15:00,17,3,23,6,15,210,231,VOLTAIRE (BOULEVARD),47.31663,5.05091,Crépuscule ou aube,En agglomération,Intersection en T,Normale,Deux véhicules - côté,,,,,,,,,,,2,2,3,1.0,3.0
201700022333,0017-03-29 21:44:00,17,3,29,21,44,210,231,LAMARTINE (RUE),47.32694,5.02202,Nuit avec éclairage allumé,En agglomération,Intersection en X,Normale,Deux véhicules - côté,,,,,,,,,,,5,2,2,1.0,3.0
201700022334,0017-04-14 14:30:00,17,4,14,14,30,210,278,LINO,47.35746,5.02191,Plein jour,Hors agglomération,Hors intersection,Normale,Trois véhicules et plus - en chaîne,,,,,,,,,,,1,1,1,1.0,4.0
201700022335,0017-04-24 10:38:00,17,4,24,10,38,210,231,"2, TROIS FORGERONS (DES)",47.31119,5.02636,Plein jour,En agglomération,Intersection en Y,Normale,Autre collision,,,,,,,,,,,1,2,4,1.0,6.0
201700022336,0017-05-12 17:06:00,17,5,12,17,6,210,231,"54, DRAPEAU (DU) (AVENUE",47.3349,5.04422,Plein jour,En agglomération,Hors intersection,Normale,Deux véhicules - côté,,,,,,,,,,,1,2,1,1.0,3.0
201700022337,0017-05-18 12:10:00,17,5,18,12,10,210,231,"10, CRACOVIE (DE) (RUE)",47.3395,5.06592,Plein jour,En agglomération,Hors intersection,Normale,Autre collision,,,,,,,,,,,1,2,1,1.0,6.0
201700022338,0017-06-09 18:30:00,17,6,9,18,30,210,231,GALILEE (place),47.33227,5.06747,Plein jour,En agglomération,Hors intersection,Normale,Autre collision,,,,,,,,,,,1,2,1,1.0,6.0
201700022339,0017-06-16 19:40:00,17,6,16,19,40,210,166,"07, EDOUARD ESTAUNIE) (R",47.30142,5.00884,Plein jour,En agglomération,Hors intersection,Normale,Autre collision,,,,,,,,,,,1,2,1,1.0,6.0
201700022340,0017-06-19 08:30:00,17,6,19,8,30,210,355,DIJON (DE) (ROUTE),47.28669,5.06332,Plein jour,En agglomération,Hors intersection,Normale,Autre collision,,,,,,,,,,,1,2,1,1.0,6.0
201700022341,0017-06-21 18:33:00,17,6,21,18,33,210,231,THEODORE MONOD (RUE),47.33007,5.06878,Plein jour,En agglomération,Intersection en T,Normale,Deux véhicules - côté,,,,,,,,,,,1,2,3,1.0,3.0
201700022342,0017-06-23 02:35:00,17,6,23,2,35,210,231,GEORGES POMPIDOU (VOIE),47.34082,5.06971,Nuit sans éclairage public,Hors agglomération,Hors intersection,Normale,Deux véhicules - arrière,,,,,,,,,,,3,1,1,1.0,2.0
201700022343,0017-06-28 23:00:00,17,6,28,23,0,210,231,"35, GUILLAUME TELL (RUE)",47.32494,5.02903,Nuit avec éclairage allumé,En agglomération,Intersection en X,Pluie légère,Deux véhicules - côté,,,,,,,,,,,5,2,2,2.0,3.0
201700022344,0017-07-06 23:27:00,17,7,6,23,27,210,231,"16, NICOLAS ROLIN (QUAI)",47.31614,5.02661,Nuit avec éclairage allumé,En agglomération,Hors intersection,Normale,Deux véhicules - arrière,,,,,,,,,,,5,2,1,1.0,2.0
201700022345,0017-07-26 15:40:00,17,7,26,15,40,210,231,"3, THEATRE (DU) (PLACE)",47.32086,5.04338,Plein jour,En agglomération,Hors intersection,Normale,Autre collision,,,,,,,,,,,1,2,1,1.0,6.0
201700022346,0017-08-17 20:30:00,17,8,17,20,30,210,3,LINO,47.3584,5.03146,Crépuscule ou aube,Hors agglomération,Giratoire,Normale,Deux véhicules - côté,,,,,,,,,,,2,1,6,1.0,3.0
201700022347,0017-08-29 05:05:00,17,8,29,5,5,210,231,GEORGES POMPIDOU (VOIE),47.32522,5.07796,Nuit avec éclairage allumé,En agglomération,Hors intersection,Normale,Deux véhicules - arrière,,,,,,,,,,,5,2,1,1.0,2.0
201700022348,0017-09-08 13:10:00,17,9,8,13,10,210,231,FERNAND LEGER (AVENUE),47.35096,5.03457,Plein jour,En agglomération,Giratoire,Normale,Deux véhicules - côté,,,,,,,,,,,1,2,6,1.0,3.0
201700022349,0017-10-04 18:30:00,17,10,4,18,30,210,166,EDOUARD HERRIOT (RUE),47.29252,5.00593,Plein jour,En agglomération,Intersection en T,Normale,Deux véhicules - côté,,,,,,,,,,,1,2,3,1.0,3.0
201700022350,0017-10-06 00:50:00,17,10,6,0,50,210,231,"141, AUXONNE (D') (RUE)",47.30998,5.05425,Nuit avec éclairage allumé,En agglomération,Intersection en T,Pluie légère,Deux véhicules - côté,,,,,,,,,,,5,2,3,2.0,3.0
201700022351,0017-10-14 20:00:00,17,10,14,20,0,210,231,"9, LAC (DU) (AVENUE)",47.31691,5.00803,Nuit avec éclairage allumé,En agglomération,Hors intersection,Normale,Deux véhicules - frontale,,,,,,,,,,,5,2,1,1.0,1.0
201700022352,0017-10-15 03:57:00,17,10,15,3,57,210,617,LINO,47.34583,4.99861,Nuit avec éclairage allumé,En agglomération,Giratoire,Normale,Autre collision,,,,,,,,,,,5,2,6,1.0,6.0
201700022353,0017-11-10 14:30:00,17,11,10,14,30,210,278,LINO,47.35737,5.02147,Plein jour,Hors agglomération,Hors intersection,Pluie légère,Trois véhicules et plus - en chaîne,,,,,,,,,,,1,1,1,2.0,4.0
201700022354,0017-11-27 15:37:00,17,11,27,15,37,210,231,"50, PIERRE BOISSON (RUE)",47.30839,5.01841,Plein jour,En agglomération,Hors intersection,Pluie forte,Deux véhicules - côté,,,,,,,,,,,1,2,1,3.0,3.0
201700022355,0017-04-16 19:45:00,17,4,16,19,45,420,271,Route de LA BAROLLIERE,45.47122,4.56102,Plein jour,Hors agglomération,Hors intersection,Normale,Sans collision,,,,,,,,,,,1,1,1,1.0,7.0
201700022356,0017-09-09 18:10:00,17,9,9,18,10,420,283,Montée de la Peraya,45.55812,4.53973,Plein jour,En agglomération,Intersection en X,Normale,Deux véhicules - côté,,,,,,,,,,,1,2,2,1.0,3.0
201700022357,0017-10-07 17:15:00,17,10,7,17,15,420,242,D37,45.54699,4.6268,Plein jour,En agglomération,Giratoire,Normale,Deux véhicules - frontale,,,,,,,,,,,1,2,6,1.0,1.0
201700022358,0017-10-12 17:22:00,17,10,12,17,22,420,322,RD2,45.43265,4.51273,Plein jour,En agglomération,Autre intersection,Normale,Deux véhicules - côté,,,,,,,,,,,1,2,9,1.0,3.0
201700022359,0017-12-10 09:20:00,17,12,10,9,20,420,320,ROUTE DE LA GACHET,45.52237,4.49129,Plein jour,En agglomération,Hors intersection,Pluie légère,Autre collision,,,,,,,,,,,1,2,1,2.0,6.0
201700022360,0017-01-08 02:40:00,17,1,8,2,40,220,113,TREGUIER (ROUTE DE),48.73567,-3.43642,Nuit sans éclairage public,Hors agglomération,Hors intersection,Pluie légère,Autre collision,,,,,,,,,,,3,1,1,2.0,6.0
201700022361,0017-01-14 17:50:00,17,1,14,17,50,220,113,PLACENN AR GUER (RUE DE),48.74674,-3.45601,Crépuscule ou aube,En agglomération,Hors intersection,Normale,Deux véhicules - frontale,,,,,,,,,,,2,2,1,1.0,1.0
201700022362,0017-01-13 18:00:00,17,1,13,18,0,220,113,KERMARIA SULARD (ROUTE D,48.7523,-3.41202,Plein jour,Hors agglomération,Hors intersection,Temps couvert,Sans collision,,,,,,,,,,,1,1,1,8.0,7.0
201700022363,0017-01-19 18:55:00,17,1,19,18,55,220,113,ARMOR (BOULEVARD D'),48.74437,-3.47173,Nuit avec éclairage allumé,En agglomération,Place,Normale,Deux véhicules - côté,,,,,,,,,,,5,2,7,1.0,3.0
201700022364,0017-02-25 22:30:00,17,2,25,22,30,220,113,KER AR FAOUT (CHEMIN DE),48.75686,-3.48554,Nuit sans éclairage public,Hors agglomération,Hors intersection,Normale,Sans collision,,,,,,,,,,,3,1,1,1.0,7.0
201700022365,0017-01-19 12:00:00,17,1,19,12,0,220,113,TREBEURDEN (ROUTE DE),48.75154,-3.49519,Plein jour,En agglomération,Hors intersection,Normale,Autre collision,,,,,,,,,,,1,2,1,1.0,6.0
201700022366,0017-02-07 12:20:00,17,2,7,12,20,220,113,"10, GENERAL DE GAULLE (A",48.72959,-3.46042,Plein jour,En agglomération,Hors intersection,Normale,Deux véhicules - arrière,,,,,,,,,,,1,2,1,1.0,2.0
201700022367,0017-03-13 09:10:00,17,3,13,9,10,220,113,SAINT PIERRE (RUE),48.75177,-3.45254,Plein jour,Hors agglomération,Giratoire,Normale,Deux véhicules - côté,,,,,,,,,,,1,1,6,1.0,3.0
201700022368,0017-03-04 19:33:00,17,3,4,19,33,220,113,ARMOR (BOULEVARD D'),48.74662,-3.46421,Crépuscule ou aube,En agglomération,Hors intersection,Pluie forte,Deux véhicules - arrière,,,,,,,,,,,2,2,1,3.0,2.0
201700022369,0017-03-17 18:50:00,17,3,17,18,50,220,113,"4 B, CORDERIE (QUAI DE L",48.73458,-3.46796,Plein jour,En agglomération,Hors intersection,Normale,Deux véhicules - arrière,,,,,,,,,,,1,2,1,1.0,2.0
201700022370,0017-04-04 17:45:00,17,4,4,17,45,220,113,MORLAIX (ROUTE DE),48.72024,-3.48552,Plein jour,Hors agglomération,Intersection en T,Normale,Deux véhicules - côté,,,,,,,,,,,1,1,3,1.0,3.0
201700022371,0017-03-17 14:50:00,17,3,17,14,50,220,113,MENDES FRANCE (BOULEVARD,48.73042,-3.46882,Plein jour,En agglomération,Intersection en T,Normale,Deux véhicules - côté,,,,,,,,,,,1,2,3,1.0,3.0
201700022372,0017-04-21 17:54:00,17,4,21,17,54,220,113,ARMOR (BOULEVARD D'),48.74671,-3.46205,Plein jour,En agglomération,Hors intersection,Normale,Deux véhicules - arrière,,,,,,,,,,,1,2,1,1.0,2.0
201700022373,0017-04-23 06:00:00,17,4,23,6,0,220,113,MARECHAL JOFFRE (QUAI DU,48.73228,-3.46579,Nuit avec éclairage allumé,En agglomération,Hors intersection,Normale,Sans collision,,,,,,,,,,,5,2,1,1.0,7.0
201700022374,0017-05-11 09:30:00,17,5,11,9,30,220,113,KERMARIA (PONT DE),48.72797,-3.4576,Plein jour,En agglomération,Giratoire,Normale,Deux véhicules - côté,,,,,,,,,,,1,2,6,1.0,3.0
201700022375,0017-05-05 10:10:00,17,5,5,10,10,220,113,AERODROME (RUE DE L'),48.74404,-3.46527,Plein jour,En agglomération,Intersection en T,Normale,Deux véhicules - côté,,,,,,,,,,,1,2,3,1.0,3.0
201700022376,0017-05-17 19:00:00,17,5,17,19,0,220,113,MENDES FRANCE (BOULEVARD,48.73044,-3.4688,Plein jour,En agglomération,Intersection à plus de 4 branches,Pluie forte,Deux véhicules - frontale,,,,,,,,,,,1,2,5,3.0,1.0
201700022377,0017-05-26 12:10:00,17,5,26,12,10,220,113,MADELEINE (RUE),48.72977,-3.44234,Plein jour,En agglomération,Hors intersection,Normale,Autre collision,,,,,,,,,,,1,2,1,1.0,6.0
201700022378,0017-06-27 17:35:00,17,6,27,17,35,220,113,ARMOR (BOULEVARD D'),48.74443,-3.47154,Plein jour,En agglomération,Hors intersection,Normale,Trois véhicules et plus - en chaîne,,,,,,,,,,,1,2,1,1.0,4.0
201700022379,0017-07-05 08:45:00,17,7,5,8,45,220,113,GUILLOUX (BOULEVARD LOUI,48.72643,-3.4459,Plein jour,En agglomération,Giratoire,Normale,Deux véhicules - côté,,,,,,,,,,,1,2,6,1.0,3.0
201700022380,0017-07-27 19:15:00,17,7,27,19,15,220,113,AIGUILLON (QUAI D'),48.73225,-3.4618,Plein jour,En agglomération,Giratoire,Normale,Sans collision,,,,,,,,,,,1,2,6,1.0,7.0
201700022381,0017-08-09 11:45:00,17,8,9,11,45,220,113,TREBEURDEN (ROUTE DE),48.74651,-3.47994,Plein jour,Hors agglomération,Hors intersection,Normale,Trois véhicules et plus - en chaîne,,,,,,,,,,,1,1,1,1.0,4.0
201700022382,0017-08-10 12:00:00,17,8,10,12,0,220,113,VIARMES (PONT DE),48.73161,-3.46485,Plein jour,En agglomération,Hors intersection,Normale,Deux véhicules - arrière,,,,,,,,,,,1,2,1,1.0,2.0
201700022383,0017-09-11 17:15:00,17,9,11,17,15,220,113,MESMEUR (RUE DE),48.75091,3.44352,Plein jour,En agglomération,Hors intersection,Normale,Deux véhicules - frontale,,,,,,,,,,,1,2,1,1.0,1.0
201700022384,0017-09-16 11:00:00,17,9,16,11,0,220,113,KER AR FAOUT (CHEMIN DE),48.75133,-3.48503,Plein jour,Hors agglomération,Hors intersection,Temps couvert,Deux véhicules - arrière,,,,,,,,,,,1,1,1,8.0,2.0
201700022385,0017-10-18 14:39:00,17,10,18,14,39,220,113,ARMOR (BOULEVARD D'),48.74634,-3.46654,Plein jour,En agglomération,Giratoire,Normale,Deux véhicules - frontale,,,,,,,,,,,1,2,6,1.0,1.0
201700022386,0017-10-30 17:45:00,17,10,30,17,45,220,113,POMPIDOU (RUE GEORGES),48.73892,-3.4636,Plein jour,En agglomération,Intersection en X,Normale,Deux véhicules - côté,,,,,,,,,,,1,2,2,1.0,3.0
201700022387,0017-11-29 15:20:00,17,11,29,15,20,220,113,boulevard Lafayette,48.73467,-3.44439,Plein jour,En agglomération,Giratoire,Normale,Autre collision,,,,,,,,,,,1,2,6,1.0,6.0
201700022388,0017-11-27 18:15:00,17,11,27,18,15,220,113,BRANLY (RUE EDOUARD),48.75772,-3.44843,Nuit avec éclairage non allumé,En agglomération,Hors intersection,Pluie forte,Autre collision,,,,,,,,,,,4,2,1,3.0,6.0
201700022389,0017-11-23 17:44:00,17,11,23,17,44,220,113,SAINT MARC (RUE DE),48.73406,-3.44236,Crépuscule ou aube,En agglomération,Hors intersection,Normale,Autre collision,,,,,,,,,,,2,2,1,1.0,6.0
201700022390,0017-12-15 16:20:00,17,12,15,16,20,220,113,MARZIN (AVENUE PIERRE),48.75455,-3.46471,Plein jour,En agglomération,Hors intersection,Pluie légère,Trois véhicules et plus - en chaîne,,,,,,,,,,,1,2,1,2.0,4.0
201700022391,0017-12-19 19:15:00,17,12,19,19,15,220,113,PLACENN AR GUER (CHEMIN,48.74807,-3.45883,Nuit avec éclairage allumé,En agglomération,Hors intersection,Pluie légère,Autre collision,,,,,,,,,,,5,2,1,2.0,6.0
201700022392,0017-12-19 11:25:00,17,12,19,11,25,220,113,PLACENN AR GUER (RUE DE),48.74656,-3.45584,Plein jour,En agglomération,Hors intersection,Pluie légère,Trois véhicules et plus - collisions multiples,,,,,,,,,,,1,2,1,2.0,5.0
201700022393,0017-12-20 14:40:00,17,12,20,14,40,220,278,PROUST (MARCEL),48.49175,-2.74812,Plein jour,En agglomération,Hors intersection,Normale,Sans collision,,,,,,,,,,,1,2,1,1.0,7.0
201700022394,0017-12-16 23:30:00,17,12,16,23,30,220,278,LE GOFF (DES TROIS FRERE,48.51629,-2.76446,Nuit avec éclairage allumé,En agglomération,Hors intersection,Normale,Deux véhicules - frontale,,,,,,,,,,,5,2,1,1.0,1.0
201700022395,0017-01-10 08:40:00,17,1,10,8,40,220,187,"0, CAPUCINES (Rue des )",48.53759,-2.76889,Crépuscule ou aube,En agglomération,Intersection en X,Pluie légère,Deux véhicules - côté,,,,,,,,,,,2,2,2,2.0,3.0
201700022396,0017-12-15 07:50:00,17,12,15,7,50,220,278,"25 bis, PROMENADES (ET",48.51372,-2.75735,Nuit avec éclairage allumé,En agglomération,Hors intersection,Pluie légère,Autre collision,,,,,,,,,,,5,2,1,2.0,6.0
201700022397,0017-01-07 16:00:00,17,1,7,16,0,220,187,ARRIVEE (ROND POINT DE L,48.54854,-2.79291,Plein jour,Hors agglomération,Giratoire,Pluie légère,Deux véhicules - côté,,,,,,,,,,,1,1,6,2.0,3.0
201700022398,0017-12-11 10:00:00,17,12,11,10,0,220,278,"0, NERUDA (RD PT PABLO)",48.51944,-2.79212,Plein jour,En agglomération,Giratoire,Pluie légère,Autre collision,,,,,,,,,,,1,2,6,2.0,6.0
201700022399,0017-01-06 09:15:00,17,1,6,9,15,220,187,rue des chênes,48.53383,-2.76113,Plein jour,En agglomération,Hors intersection,Normale,Autre collision,,,,,,,,,,,1,2,1,1.0,6.0
201700022400,0017-01-01 10:30:00,17,1,1,10,30,220,215,CHATELETS (rue des ),48.4671,-2.79178,Plein jour,Hors agglomération,Hors intersection,Normale,Sans collision,,,,,,,,,,,1,1,1,1.0,7.0
201700022401,0017-12-07 18:40:00,17,12,7,18,40,220,215,"0, CARPONT (RUE DU)",48.49976,-2.77763,Nuit sans éclairage public,En agglomération,Hors intersection,Normale,Autre collision,,,,,,,,,,,3,2,1,1.0,6.0
201700022402,0017-01-17 19:12:00,17,1,17,19,12,220,278,"0, DU GUESCLIN (PL)",48.51108,-2.75884,Nuit avec éclairage allumé,En agglomération,Hors intersection,Normale,Deux véhicules - arrière,,,,,,,,,,,5,2,1,1.0,2.0
201700022403,0017-01-30 13:14:00,17,1,30,13,14,220,187,"0, VERDUN (rue de )",48.54473,-2.78569,Plein jour,Hors agglomération,Autre intersection,Pluie légère,Deux véhicules - côté,,,,,,,,,,,1,1,9,2.0,3.0
201700022404,0017-01-27 07:30:00,17,1,27,7,30,220,278,"0, PROUST (MARCEL)",48.49681,-2.75092,Nuit avec éclairage allumé,Hors agglomération,Intersection en T,Normale,Deux véhicules - côté,,,,,,,,,,,5,1,3,1.0,3.0
201700022405,0017-02-01 08:00:00,17,2,1,8,0,220,278,"13, FRANCE (ANATOLE)",48.50655,-2.7441,Crépuscule ou aube,En agglomération,Hors intersection,Pluie légère,Autre collision,,,,,,,,,,,2,2,1,2.0,6.0
201700022406,0017-02-06 19:35:00,17,2,6,19,35,220,278,"0, LEGUE (DU)",48.51765,-2.76556,Nuit avec éclairage allumé,En agglomération,Hors intersection,Pluie légère,Autre collision,,,,,,,,,,,5,2,1,2.0,6.0
201700022407,0017-02-01 10:45:00,17,2,1,10,45,220,278,PARIS (DE),48.50242,-2.73779,Plein jour,En agglomération,Hors intersection,Pluie légère,Deux véhicules - arrière,,,,,,,,,,,1,2,1,2.0,2.0
201700022408,0017-02-05 01:15:00,17,2,5,1,15,220,278,HOCHE (BD),48.5052,-2.76964,Nuit avec éclairage allumé,Hors agglomération,Intersection en X,Pluie légère,Deux véhicules - côté,,,,,,,,,,,5,1,2,2.0,3.0
201700022409,0017-02-04 15:30:00,17,2,4,15,30,220,278,"10, PROUST (MARCEL)",48.49307,-2.74885,Plein jour,En agglomération,Intersection en X,Normale,Deux véhicules - frontale,,,,,,,,,,,1,2,2,1.0,1.0
201700022410,0017-02-01 18:30:00,17,2,1,18,30,220,187,"0, VERDUN (rue de )",48.54469,-2.78573,Crépuscule ou aube,Hors agglomération,Intersection en T,Pluie légère,Deux véhicules - côté,,,,,,,,,,,2,1,3,2.0,3.0
201700022411,0017-02-12 16:05:00,17,2,12,16,5,220,278,"15, GOUET (VIEILLE COTE",48.51821,-2.76551,Plein jour,En agglomération,Hors intersection,Pluie légère,Autre collision,,,,,,,,,,,1,2,1,2.0,6.0
201700022412,0017-02-09 17:55:00,17,2,9,17,55,220,215,"0, MERLET (RUE DE)",48.48965,-2.81685,Plein jour,En agglomération,Intersection en X,Normale,Deux véhicules - côté,,,,,,,,,,,1,2,2,1.0,3.0
201700022413,0017-02-06 19:25:00,17,2,6,19,25,220,215,"22, VILLES MOISAN (RUE D",48.49537,-2.7757,Crépuscule ou aube,En agglomération,Hors intersection,Pluie légère,Autre collision,,,,,,,,,,,2,2,1,2.0,6.0
201700022414,0017-02-17 17:30:00,17,2,17,17,30,220,187,RN12,48.52893,-2.75437,Plein jour,Hors agglomération,Hors intersection,Normale,Trois véhicules et plus - en chaîne,,,,,,,,,,,1,1,1,1.0,4.0
201700022415,0017-02-10 14:35:00,17,2,10,14,35,220,187,VERDUN (rue de ),48.54473,-2.78568,Plein jour,Hors agglomération,Intersection en T,Normale,Deux véhicules - côté,,,,,,,,,,,1,1,3,1.0,3.0
201700022416,0017-02-21 19:35:00,17,2,21,19,35,220,278,"35, CLEMENCEAU (BD)",48.50827,-2.76025,Crépuscule ou aube,En agglomération,Hors intersection,Normale,Deux véhicules - frontale,,,,,,,,,,,2,2,1,1.0,1.0
201700022417,0017-03-04 20:20:00,17,3,4,20,20,220,187,RN12,48.54503,-2.8037,Nuit sans éclairage public,Hors agglomération,Hors intersection,Pluie légère,Autre collision,,,,,,,,,,,3,1,1,2.0,6.0
201700022418,0017-03-08 17:40:00,17,3,8,17,40,220,278,BREST (DE),48.51254,-2.76806,Plein jour,En agglomération,Intersection en Y,Normale,Deux véhicules - côté,,,,,,,,,,,1,2,4,1.0,3.0
201700022419,0017-03-03 17:40:00,17,3,3,17,40,220,215,"7, CROIX FICHET (RUE DE",48.49367,-2.79575,Plein jour,Hors agglomération,Hors intersection,Normale,Autre collision,,,,,,,,,,,1,1,1,1.0,6.0
201700022420,0017-03-10 22:50:00,17,3,10,22,50,220,278,CORNEILLE COTE IMPAIR,48.51227,-2.75251,Nuit avec éclairage allumé,En agglomération,Intersection en Y,Normale,Deux véhicules - côté,,,,,,,,,,,5,2,4,1.0,3.0
201700022421,0017-03-23 14:47:00,17,3,23,14,47,220,278,"10, LIBERATION (AV. DE L",48.51196,-2.75757,Plein jour,En agglomération,Hors intersection,Normale,Autre collision,,,,,,,,,,,1,2,1,1.0,6.0
201700022422,0017-03-26 13:15:00,17,3,26,13,15,220,278,"0, HAREL-DE-LA-NOE (BD)",48.51952,-2.74764,Plein jour,Hors agglomération,Hors intersection,Normale,Autre collision,,,,,,,,,,,1,1,1,1.0,6.0
201700022423,0017-03-30 14:40:00,17,3,30,14,40,220,215,CARPONT (RUE DU),48.50141,-2.77692,Plein jour,Hors agglomération,Hors intersection,Normale,Deux véhicules - arrière,,,,,,,,,,,1,1,1,1.0,2.0
201700022424,0017-04-03 14:05:00,17,4,3,14,5,220,360,"0, RD700",48.4908,-2.76305,Plein jour,Hors agglomération,Hors intersection,Normale,Trois véhicules et plus - en chaîne,,,,,,,,,,,1,1,1,1.0,4.0
201700022425,0017-04-03 16:20:00,17,4,3,16,20,220,360,"67, PASTEUR (RUE)",48.48623,-2.75056,Plein jour,En agglomération,Giratoire,Normale,Deux véhicules - côté,,,,,,,,,,,1,2,6,1.0,3.0
201700022426,0017-04-05 22:35:00,17,4,5,22,35,220,187,"0, RN12",48.53144,-2.75659,Nuit avec éclairage non allumé,Hors agglomération,Hors intersection,Normale,Trois véhicules et plus - en chaîne,,,,,,,,,,,4,1,1,1.0,4.0
201700022427,0017-03-29 13:15:00,17,3,29,13,15,220,215,"0, GRANDE METAIRIE (RUE",48.49344,-2.79892,Plein jour,En agglomération,Hors intersection,Normale,Autre collision,,,,,,,,,,,1,2,1,1.0,6.0
201700022428,0017-03-29 21:30:00,17,3,29,21,30,220,187,RN12,48.54526,-2.79894,Nuit avec éclairage non allumé,Hors agglomération,Hors intersection,Normale,Sans collision,,,,,,,,,,,4,1,1,1.0,7.0
201700022429,0017-04-05 20:35:00,17,4,5,20,35,220,187,RN12,48.54629,-2.78167,Plein jour,Hors agglomération,Hors intersection,Normale,Deux véhicules - arrière,,,,,,,,,,,1,1,1,1.0,2.0
201700022430,0017-04-12 08:55:00,17,4,12,8,55,220,187,"0, EUROPE (Rdp de l')",48.53353,-2.75921,Plein jour,En agglomération,Giratoire,Normale,Autre collision,,,,,,,,,,,1,2,6,1.0,6.0
201700022431,0017-04-15 01:05:00,17,4,15,1,5,220,278,"18, WALDECK-ROUSSEAU (BD",48.51069,-2.75626,Nuit avec éclairage allumé,En agglomération,Hors intersection,Normale,Deux véhicules - arrière,,,,,,,,,,,5,2,1,1.0,2.0
201700022432,0017-04-20 08:35:00,17,4,20,8,35,220,278,"15, Robert Schuman (boul",48.51136,-2.78555,Plein jour,En agglomération,Hors intersection,Normale,Deux véhicules - arrière,,,,,,,,,,,1,2,1,1.0,2.0
201700022433,0017-04-20 23:00:00,17,4,20,23,0,220,278,RN12,48.50749,-2.73625,Nuit avec éclairage allumé,Hors agglomération,Hors intersection,Normale,Deux véhicules - arrière,,,,,,,,,,,5,1,1,1.0,2.0
201700022434,0017-04-28 21:05:00,17,4,28,21,5,220,106,"2, HAUTS CHEMINS (RUE DE",48.4904,-2.70002,Plein jour,Hors agglomération,Hors intersection,Normale,Deux véhicules - côté,,,,,,,,,,,1,1,1,1.0,3.0
201700022435,0017-05-05 17:00:00,17,5,5,17,0,220,187,"3, RUE DES PRUNELLES",48.53572,-2.75593,Plein jour,Hors agglomération,Hors intersection,Normale,Autre collision,,,,,,,,,,,1,1,1,1.0,6.0
201700022436,0017-05-13 20:55:00,17,5,13,20,55,220,278,"44, CHARNER (BD)",48.50829,-2.76808,Plein jour,En agglomération,Hors intersection,Normale,Deux véhicules - frontale,,,,,,,,,,,1,2,1,1.0,1.0
201700022437,0017-05-25 10:05:00,17,5,25,10,5,220,187,"17, 2 Frres Durand (Rue",48.52521,-2.74873,Plein jour,En agglomération,Intersection en T,Normale,Sans collision,,,,,,,,,,,1,2,3,1.0,7.0
201700022438,0017-05-26 16:45:00,17,5,26,16,45,220,215,"46, MERLET (RUE DE)",48.48968,-2.81653,Plein jour,Hors agglomération,Hors intersection,Normale,Deux véhicules - arrière,,,,,,,,,,,1,1,1,1.0,2.0
201700022439,0017-05-29 09:15:00,17,5,29,9,15,220,215,CROIX TUAL (RUE DE LA),48.48958,-2.81724,Plein jour,Hors agglomération,Hors intersection,Normale,Deux véhicules - arrière,,,,,,,,,,,1,1,1,1.0,2.0
201700022440,0017-06-04 23:23:00,17,6,4,23,23,220,278,AGADEZ (ROND-POINT),48.5103,-2.78331,Nuit avec éclairage allumé,Hors agglomération,Giratoire,Normale,Deux véhicules - côté,,,,,,,,,,,5,1,6,1.0,3.0
201700022441,0017-06-03 15:32:00,17,6,3,15,32,220,187,BARBUSSE (Avenue Henri),48.54439,-2.77251,Plein jour,Hors agglomération,Giratoire,Normale,Deux véhicules - arrière,,,,,,,,,,,1,1,6,1.0,2.0
201700022442,0017-06-14 16:55:00,17,6,14,16,55,220,278,"47, TREGUEUX (DE)",48.5016,-2.75898,Plein jour,En agglomération,Intersection en T,Normale,Deux véhicules - côté,,,,,,,,,,,1,2,3,1.0,3.0
201700022443,0017-06-09 08:10:00,17,6,9,8,10,220,187,"0, CHALUTIER LE FORBAN",48.53097,-2.76968,Plein jour,Hors agglomération,Giratoire,Normale,Autre collision,,,,,,,,,,,1,1,6,1.0,6.0
201700022444,0017-06-08 11:35:00,17,6,8,11,35,220,187,"0, VERDUN (rue de )",48.54476,-2.78569,Plein jour,Hors agglomération,Intersection en T,Normale,Deux véhicules - côté,,,,,,,,,,,1,1,3,1.0,3.0
201700022445,0017-06-19 17:05:00,17,6,19,17,5,220,360,"0, RD700",48.49136,-2.76291,Plein jour,Hors agglomération,Hors intersection,Normale,Deux véhicules - arrière,,,,,,,,,,,1,1,1,1.0,2.0