accident_id,datetime,annee,mois,jour,heure,minute,departement,commune_insee,adresse,latitude,longitude,luminosite,agglomeration,intersection,meteo,collision,nb_vehicules,nb_usagers,nb_indemnes,nb_tues,nb_blesses_hosp,nb_blesses_legers,age_cond_1,age_cond_2,veh_type_cond_1,veh_type_cond_2,lum_code,agg_code,int_code,atm_code,col_code
201700022806,0017-04-30 11:10:00,17,4,30,11,10,540,112,RD 952,49.0418,5.90204,Plein jour,Hors agglomération,Intersection en T,Normale,Deux véhicules - arrière,,,,,,,,,,,1,1,3,1.0,2.0
201700022807,0017-06-15 22:00:00,17,6,15,22,0,540,477,RD 952 PK 62.990,49.01848,5.90502,Crépuscule ou aube,Hors agglomération,Hors intersection,Normale,Sans collision,,,,,,,,,,,2,1,1,1.0,7.0
201700022808,0017-06-29 16:40:00,17,6,29,16,40,540,112,RD 952/ RD 14a,49.04145,5.90079,Plein jour,Hors agglomération,Intersection en X,Normale,Deux véhicules - côté,,,,,,,,,,,1,1,2,1.0,3.0
201700022809,0017-07-22 18:10:00,17,7,22,18,10,540,593,RD952 PK 63+5000,49.01559,5.92603,Plein jour,Hors agglomération,Hors intersection,Normale,Deux véhicules - côté,,,,,,,,,,,1,1,1,1.0,3.0
201700022810,0017-09-29 18:35:00,17,9,29,18,35,540,581,D132 PK005+085,49.1193,5.86592,Plein jour,Hors agglomération,Autre intersection,Normale,Deux véhicules - frontale,,,,,,,,,,,1,1,9,1.0,1.0
201700022811,0017-10-13 18:00:00,17,10,13,18,0,540,112,Intersection D952-RD 14A,49.04117,5.90044,Plein jour,Hors agglomération,Intersection en X,Normale,Deux véhicules - côté,,,,,,,,,,,1,1,2,1.0,3.0
201700022812,0017-11-05 00:35:00,17,11,5,0,35,540,353,RD952  PK 51+600,49.1027,5.87759,Nuit sans éclairage public,Hors agglomération,Hors intersection,Pluie légère,Autre collision,,,,,,,,,,,3,1,1,2.0,6.0
201700022813,0017-12-04 15:15:00,17,12,4,15,15,260,198,ROUTE DU TEIL,44.55415,4.71209,Plein jour,Hors agglomération,Hors intersection,Normale,Deux véhicules - frontale,,,,,,,,,,,1,1,1,1.0,1.0
201700022814,0017-12-22 17:45:00,17,12,22,17,45,260,198,AV AGRICOL PERDIGUIER,44.57174,4.74307,Nuit avec éclairage allumé,En agglomération,Intersection en T,Normale,Deux véhicules - côté,,,,,,,,,,,5,2,3,1.0,3.0
201700022815,0017-03-06 15:55:00,17,3,6,15,55,260,198,RUE CHARTROUSE,44.55578,4.75071,Plein jour,En agglomération,Hors intersection,Normale,Autre collision,,,,,,,,,,,1,2,1,1.0,6.0
201700022816,0017-02-17 15:10:00,17,2,17,15,10,260,198,112 RTE DE CHATEAUNEUF,44.53374,4.73847,Plein jour,Hors agglomération,Hors intersection,Normale,Deux véhicules - frontale,,,,,,,,,,,1,1,1,1.0,1.0
201700022817,0017-05-27 09:00:00,17,5,27,9,0,260,198,6 BOULEVARD MEYNOT,44.55565,4.75167,Plein jour,En agglomération,Hors intersection,Normale,Autre collision,,,,,,,,,,,1,2,1,1.0,6.0
201700022818,0017-05-31 07:48:00,17,5,31,7,48,260,198,PONT RHIN DANUBE,44.55507,4.73029,Plein jour,Hors agglomération,Hors intersection,Normale,Deux véhicules - côté,,,,,,,,,,,1,1,1,1.0,3.0
201700022819,0017-04-01 12:30:00,17,4,1,12,30,260,198,RTE ESPELUCHE,,,Plein jour,Hors agglomération,Hors intersection,Pluie forte,Sans collision,,,,,,,,,,,1,1,1,3.0,7.0
201700022820,0017-04-06 15:45:00,17,4,6,15,45,260,198,ROUTE DU TEIL,44.55701,4.72904,Plein jour,En agglomération,Hors intersection,Normale,Deux véhicules - côté,,,,,,,,,,,1,2,1,1.0,3.0
201700022821,0017-04-07 15:35:00,17,4,7,15,35,260,198,CHEMIN DE FORTUNEAU,44.5393,4.73178,Plein jour,En agglomération,Intersection en X,Normale,Deux véhicules - côté,,,,,,,,,,,1,2,2,1.0,3.0
201700022822,0017-04-16 20:20:00,17,4,16,20,20,260,198,ROUTE DE CHATEAUNEUF,44.53272,4.73798,Crépuscule ou aube,En agglomération,Intersection en X,Normale,Deux véhicules - côté,,,,,,,,,,,2,2,2,1.0,3.0
201700022823,0017-05-23 07:30:00,17,5,23,7,30,260,198,37 RUE PAUL LOUBET,44.56635,4.74923,Plein jour,En agglomération,Hors intersection,Normale,Deux véhicules - côté,,,,,,,,,,,1,2,1,1.0,3.0
201700022824,0017-08-09 10:50:00,17,8,9,10,50,260,198,CHEMIN DES CLEES,44.57883,4.7717,Plein jour,Hors agglomération,Hors intersection,Normale,Autre collision,,,,,,,,,,,1,1,1,1.0,6.0
201700022825,0017-06-16 10:05:00,17,6,16,10,5,260,198,3 RUE OLIVIER DE SERRES,44.56081,4.74625,Plein jour,En agglomération,Hors intersection,Normale,Autre collision,,,,,,,,,,,1,2,1,1.0,6.0
201700022826,0017-09-14 19:10:00,17,9,14,19,10,260,198,AV JOHN KENNEDY,44.55416,4.74055,Plein jour,En agglomération,Intersection en T,Normale,Deux véhicules - côté,,,,,,,,,,,1,2,3,1.0,3.0
201700022827,0017-07-27 21:00:00,17,7,27,21,0,260,198,AVENUE SAINT LAZARE,44.56745,4.75536,Plein jour,En agglomération,Giratoire,Normale,Deux véhicules - côté,,,,,,,,,,,1,2,6,1.0,3.0
201700022828,0017-09-04 19:25:00,17,9,4,19,25,260,198,RN 7,44.5833,4.7525,Plein jour,Hors agglomération,Hors intersection,Normale,Autre collision,,,,,,,,,,,1,1,1,1.0,6.0
201700022829,0017-06-29 21:30:00,17,6,29,21,30,260,198,3 AV STEPHANE  MALLARME,44.55363,4.72189,Crépuscule ou aube,En agglomération,Hors intersection,Normale,Autre collision,,,,,,,,,,,2,2,1,1.0,6.0
201700022830,0017-10-06 14:40:00,17,10,6,14,40,260,198,RN7 (Grzes-pouloumard),44.55272,4.73101,Plein jour,Hors agglomération,Hors intersection,Normale,Deux véhicules - côté,,,,,,,,,,,1,1,1,1.0,3.0
201700022831,0017-10-10 09:15:00,17,10,10,9,15,260,198,12 PLACE DU THEATRE,44.55595,4.74837,Plein jour,En agglomération,Hors intersection,Normale,Autre collision,,,,,,,,,,,1,2,1,1.0,6.0
201700022832,0017-08-29 18:10:00,17,8,29,18,10,260,8,RTE DE ROCHEMAURE,,,Plein jour,Hors agglomération,Hors intersection,Normale,Deux véhicules - frontale,,,,,,,,,,,1,1,1,1.0,1.0
201700022833,0017-10-20 06:35:00,17,10,20,6,35,260,198,AV MARECHAL JUIN,44.56014,4.76054,Nuit avec éclairage allumé,En agglomération,Intersection en T,Normale,Autre collision,,,,,,,,,,,5,2,3,1.0,6.0
201700022834,0017-10-22 16:55:00,17,10,22,16,55,260,198,16 BD EUROPE,44.55276,4.75779,Plein jour,En agglomération,Hors intersection,Normale,Autre collision,,,,,,,,,,,1,2,1,1.0,6.0
201700022835,0017-11-17 08:30:00,17,11,17,8,30,260,198,AVENUE AYGU,44.55407,4.74886,Plein jour,En agglomération,Hors intersection,Normale,Autre collision,,,,,,,,,,,1,2,1,1.0,6.0
201700022836,0017-10-24 17:15:00,17,10,24,17,15,260,198,RTE DE MARSEILLE,44.53213,4.74595,Plein jour,En agglomération,Hors intersection,Normale,Deux véhicules - côté,,,,,,,,,,,1,2,1,1.0,3.0
201700022837,0017-01-03 05:30:00,17,1,3,5,30,260,57,AV GENERAL GAULLE,45.03302,5.06158,Crépuscule ou aube,En agglomération,Intersection en X,Temps couvert,Deux véhicules - côté,,,,,,,,,,,2,2,2,8.0,3.0
201700022838,0017-01-03 20:00:00,17,1,3,20,0,260,57,BD ALPES PROVENCE,45.0373,5.05499,Nuit sans éclairage public,En agglomération,Intersection en X,Normale,Deux véhicules - côté,,,,,,,,,,,3,2,2,1.0,3.0
201700022839,0017-01-12 19:20:00,17,1,12,19,20,260,281,RUE BON,45.0466,5.06027,Nuit avec éclairage allumé,En agglomération,Hors intersection,Normale,Autre collision,,,,,,,,,,,5,2,1,1.0,6.0
201700022840,0017-01-13 15:55:00,17,1,13,15,55,260,57,RUE ANTONIN VALLON,45.03992,5.05918,Plein jour,En agglomération,Intersection en X,Normale,Deux véhicules - côté,,,,,,,,,,,1,2,2,1.0,3.0
201700022841,0017-01-14 16:00:00,17,1,14,16,0,260,281,PLACE JULES NADI,45.04442,5.052,Plein jour,En agglomération,Hors intersection,Normale,Autre collision,,,,,,,,,,,1,2,1,1.0,6.0
201700022842,0017-01-23 11:32:00,17,1,23,11,32,260,281,RUE SIMONE ABBAT,45.04837,5.03741,Plein jour,En agglomération,Intersection en T,Normale,Deux véhicules - côté,,,,,,,,,,,1,2,3,1.0,3.0
201700022843,0017-01-24 12:55:00,17,1,24,12,55,260,281,RUE PARMENTIER,45.04938,5.0679,Plein jour,En agglomération,Hors intersection,Normale,Deux véhicules - côté,,,,,,,,,,,1,2,1,1.0,3.0
201700022844,0017-01-30 07:35:00,17,1,30,7,35,260,281,RUE  PECHERIE,45.04266,5.04717,Plein jour,En agglomération,Intersection en T,Normale,Deux véhicules - côté,,,,,,,,,,,1,2,3,1.0,3.0
201700022845,0017-02-04 09:39:00,17,2,4,9,39,260,281,49 AV JEAN MOULIN,45.05328,5.04839,Plein jour,En agglomération,Hors intersection,Normale,Deux véhicules - frontale,,,,,,,,,,,1,2,1,1.0,1.0
201700022846,0017-02-04 18:20:00,17,2,4,18,20,260,57,PLACE AGIER DELAY,45.03893,5.04931,Nuit avec éclairage allumé,En agglomération,Intersection en T,Normale,Autre collision,,,,,,,,,,,5,2,3,1.0,6.0
201700022847,0017-02-05 14:35:00,17,2,5,14,35,260,57,BD ALPES PROVENCE,45.03456,5.05275,Plein jour,En agglomération,Intersection en X,Normale,Deux véhicules - côté,,,,,,,,,,,1,2,2,1.0,3.0
201700022848,0017-02-13 18:40:00,17,2,13,18,40,260,57,AV GENERAL DE GAULLE,45.03529,5.05847,Crépuscule ou aube,En agglomération,Hors intersection,Normale,Deux véhicules - côté,,,,,,,,,,,2,2,1,1.0,3.0
201700022849,0017-02-14 09:20:00,17,2,14,9,20,260,281,PLACE MASSENET,45.04202,5.05598,Plein jour,En agglomération,Hors intersection,Normale,Trois véhicules et plus - en chaîne,,,,,,,,,,,1,2,1,1.0,4.0
201700022850,0017-02-15 13:30:00,17,2,15,13,30,260,57,BD ALPES PROVENCE,45.03583,5.05383,Plein jour,En agglomération,Hors intersection,Normale,Autre collision,,,,,,,,,,,1,2,1,1.0,6.0
201700022851,0017-02-18 23:58:00,17,2,18,23,58,260,281,AVENUE MARCEL PAUL,45.04836,5.03743,Nuit avec éclairage allumé,En agglomération,Intersection en Y,Normale,Autre collision,,,,,,,,,,,5,2,4,1.0,6.0
201700022852,0017-03-01 15:25:00,17,3,1,15,25,260,281,BOULEVARD VOLTAIRE,45.04481,5.05641,Plein jour,En agglomération,Hors intersection,Pluie légère,Trois véhicules et plus - en chaîne,,,,,,,,,,,1,2,1,2.0,4.0
201700022853,0017-03-06 14:35:00,17,3,6,14,35,260,281,AV EMILE ZOLA,45.0515,5.05985,Plein jour,En agglomération,Hors intersection,Normale,Deux véhicules - côté,,,,,,,,,,,1,2,1,1.0,3.0
201700022854,0017-03-14 17:30:00,17,3,14,17,30,260,281,RUE DE LA REPUBLIQUE,45.04666,5.05177,Plein jour,En agglomération,Hors intersection,Normale,Autre collision,,,,,,,,,,,1,2,1,1.0,6.0
201700022855,0017-03-18 12:24:00,17,3,18,12,24,260,281,AVENUE DES ALLOBROGES,45.05306,5.08612,Plein jour,En agglomération,Hors intersection,Normale,Deux véhicules - arrière,,,,,,,,,,,1,2,1,1.0,2.0
201700022856,0017-03-27 07:30:00,17,3,27,7,30,260,281,RUE SIMONE ABBAT,45.0469,5.03523,Plein jour,En agglomération,Hors intersection,Normale,Autre collision,,,,,,,,,,,1,2,1,1.0,6.0
201700022857,0017-03-29 17:00:00,17,3,29,17,0,260,281,ROUTE DES BALMES,45.06177,5.01673,Plein jour,Hors agglomération,Giratoire,Normale,Deux véhicules - côté,,,,,,,,,,,1,1,6,1.0,3.0
201700022858,0017-04-03 07:55:00,17,4,3,7,55,260,281,AVENUE JEAN MOULIN,45.05537,5.0491,Plein jour,En agglomération,Hors intersection,Normale,Deux véhicules - côté,,,,,,,,,,,1,2,1,1.0,3.0
201700022859,0017-04-12 07:48:00,17,4,12,7,48,260,281,RUE HONORE DAUMIER,45.05303,5.06414,Plein jour,En agglomération,Hors intersection,Normale,Autre collision,,,,,,,,,,,1,2,1,1.0,6.0
201700022860,0017-04-12 14:00:00,17,4,12,14,0,260,281,RUE DE LA PAILLERE,45.04103,5.02725,Plein jour,En agglomération,Hors intersection,Normale,Deux véhicules - côté,,,,,,,,,,,1,2,1,1.0,3.0
201700022861,0017-04-20 07:45:00,17,4,20,7,45,260,281,RUE ANDRE CHENIER,45.04951,5.05574,Plein jour,En agglomération,Intersection en X,Normale,Deux véhicules - côté,,,,,,,,,,,1,2,2,1.0,3.0
201700022862,0017-05-06 13:45:00,17,5,6,13,45,260,57,AV DU GENERAL DE GAULLE,,,Plein jour,En agglomération,Hors intersection,Normale,Autre collision,,,,,,,,,,,1,2,1,1.0,6.0
201700022863,0017-05-12 16:35:00,17,5,12,16,35,260,281,AVENUE DES ALLOBROGES,45.05128,5.08138,Plein jour,En agglomération,Hors intersection,Pluie légère,Deux véhicules - arrière,,,,,,,,,,,1,2,1,2.0,2.0
201700022864,0017-05-15 08:40:00,17,5,15,8,40,260,281,RUE BARRE CHEVALIER,45.04791,5.07084,Plein jour,En agglomération,Intersection en X,Normale,Deux véhicules - côté,,,,,,,,,,,1,2,2,1.0,3.0
201700022865,0017-05-15 10:15:00,17,5,15,10,15,260,57,AV GENERAL DE GAULLE,45.03302,5.06158,Plein jour,En agglomération,Intersection en X,Normale,Deux véhicules - côté,,,,,,,,,,,1,2,2,1.0,3.0
201700022866,0017-05-22 16:53:00,17,5,22,16,53,260,281,AV CHARLJES JOURDAN,45.04243,5.05733,Plein jour,En agglomération,Hors intersection,Normale,Deux véhicules - arrière,,,,,,,,,,,1,2,1,1.0,2.0
201700022867,0017-05-24 12:10:00,17,5,24,12,10,260,57,CARREFOUR EUROPE,45.04005,5.05579,Plein jour,En agglomération,Intersection en X,Normale,Deux véhicules - côté,,,,,,,,,,,1,2,2,1.0,3.0
201700022868,0017-05-28 17:27:00,17,5,28,17,27,260,281,QUAI ULYSSE CHEVALIER,45.04226,5.05038,Plein jour,En agglomération,Hors intersection,Normale,Deux véhicules - frontale,,,,,,,,,,,1,2,1,1.0,1.0
201700022869,0017-05-26 09:29:00,17,5,26,9,29,260,281,PLACE CARNOT,45.0487,5.0489,Plein jour,En agglomération,Giratoire,Normale,Deux véhicules - côté,,,,,,,,,,,1,2,6,1.0,3.0
201700022870,0017-05-29 16:00:00,17,5,29,16,0,260,281,RUE PIERRE CURIE,45.04677,5.0441,Plein jour,En agglomération,Intersection en X,Normale,Autre collision,,,,,,,,,,,1,2,2,1.0,6.0
201700022871,0017-05-31 07:30:00,17,5,31,7,30,260,57,RD 2532N,,,Plein jour,En agglomération,Giratoire,Normale,Deux véhicules - côté,,,,,,,,,,,1,2,6,1.0,3.0
201700022872,0017-06-12 09:00:00,17,6,12,9,0,260,281,RTE DE SAINT BARDOUX,45.05982,4.99706,Plein jour,En agglomération,Intersection en X,Normale,Deux véhicules - côté,,,,,,,,,,,1,2,2,1.0,3.0
201700022873,0017-06-17 17:50:00,17,6,17,17,50,260,281,BD MARX DORMOY,45.04757,5.05483,Plein jour,En agglomération,Intersection en X,Normale,Deux véhicules - côté,,,,,,,,,,,1,2,2,1.0,3.0
201700022874,0017-06-21 09:50:00,17,6,21,9,50,260,281,AVENUE DU DU 8 MAI,45.04689,5.08128,Plein jour,En agglomération,Intersection en X,Normale,Deux véhicules - côté,,,,,,,,,,,1,2,2,1.0,3.0
201700022875,0017-06-27 13:30:00,17,6,27,13,30,260,57,BD ALPES PROVENCE,45.03466,5.05284,Plein jour,En agglomération,Hors intersection,Normale,Deux véhicules - arrière,,,,,,,,,,,1,2,1,1.0,2.0
201700022876,0017-06-27 18:10:00,17,6,27,18,10,260,281,BD VOLTAIRE,45.0426,5.0579,Plein jour,En agglomération,Giratoire,Normale,Deux véhicules - arrière,,,,,,,,,,,1,2,6,1.0,2.0
201700022877,0017-07-03 18:30:00,17,7,3,18,30,260,281,BD REGIS GIGNIER,45.04776,5.06708,Plein jour,En agglomération,Giratoire,Normale,Deux véhicules - côté,,,,,,,,,,,1,2,6,1.0,3.0
201700022878,0017-07-07 19:10:00,17,7,7,19,10,260,281,BD PIERRE MENDES FRANCE,45.05775,5.06344,Plein jour,En agglomération,Hors intersection,Normale,Trois véhicules et plus - en chaîne,,,,,,,,,,,1,2,1,1.0,4.0
201700022879,0017-07-10 17:00:00,17,7,10,17,0,260,281,PLACE JEAN JAURES,45.04595,5.0519,Plein jour,En agglomération,Hors intersection,Pluie légère,Deux véhicules - côté,,,,,,,,,,,1,2,1,2.0,3.0
201700022880,0017-07-11 20:00:00,17,7,11,20,0,260,57,BD ALPES PROVENCE,45.0372,5.055,Plein jour,En agglomération,Intersection en X,Normale,Deux véhicules - côté,,,,,,,,,,,1,2,2,1.0,3.0
201700022881,0017-07-12 12:19:00,17,7,12,12,19,260,281,BOULEVARD VOLTAIRE,45.04473,5.05685,Plein jour,En agglomération,Hors intersection,Normale,Autre collision,,,,,,,,,,,1,2,1,1.0,6.0
201700022882,0017-07-16 09:30:00,17,7,16,9,30,260,57,BD ALPES PROVENCE,45.0372,5.0549,Plein jour,En agglomération,Intersection en X,Normale,Autre collision,,,,,,,,,,,1,2,2,1.0,6.0
201700022883,0017-07-16 09:40:00,17,7,16,9,40,260,57,AVENUE DES PATRIOTES,45.03299,5.05636,Plein jour,En agglomération,Hors intersection,Normale,Deux véhicules - côté,,,,,,,,,,,1,2,1,1.0,3.0
201700022884,0017-07-20 08:19:00,17,7,20,8,19,260,281,PLACE JEAN JAURES,45.0458,5.055,Plein jour,En agglomération,Hors intersection,Normale,Deux véhicules - arrière,,,,,,,,,,,1,2,1,1.0,2.0
201700022885,0017-07-25 18:30:00,17,7,25,18,30,260,57,PONT LATTRE DE TASSIGN,45.04122,5.05633,Plein jour,En agglomération,Hors intersection,Pluie légère,Deux véhicules - arrière,,,,,,,,,,,1,2,1,2.0,2.0
201700022886,0017-07-26 13:10:00,17,7,26,13,10,260,281,LE CHASSE,45.06084,5.09405,Plein jour,En agglomération,Hors intersection,Normale,Deux véhicules - frontale,,,,,,,,,,,1,2,1,1.0,1.0
201700022887,0017-07-29 00:20:00,17,7,29,0,20,260,281,RUE PRESIDENT FELIX FAUR,45.04762,5.05047,Nuit sans éclairage public,En agglomération,Intersection en X,Normale,Deux véhicules - arrière,,,,,,,,,,,3,2,2,1.0,2.0
201700022888,0017-08-20 00:45:00,17,8,20,0,45,260,281,CHEMIN DE CHATIOU,45.054,5.03225,Nuit avec éclairage non allumé,En agglomération,Hors intersection,Normale,Autre collision,,,,,,,,,,,4,2,1,1.0,6.0
201700022889,0017-08-22 11:10:00,17,8,22,11,10,260,57,MARTYRS DE LA LIBERATION,45.03958,5.05122,Plein jour,En agglomération,Intersection en X,Normale,Deux véhicules - côté,,,,,,,,,,,1,2,2,1.0,3.0
201700022890,0017-08-22 16:26:00,17,8,22,16,26,260,281,RUE STENDHAL,45.04595,5.07941,Plein jour,En agglomération,Intersection en X,Normale,Deux véhicules - côté,,,,,,,,,,,1,2,2,1.0,3.0
201700022891,0017-08-30 15:15:00,17,8,30,15,15,260,281,RUE DU PRESID FELIX FAUR,45.04655,5.05062,Plein jour,En agglomération,Intersection en X,Normale,Deux véhicules - côté,,,,,,,,,,,1,2,2,1.0,3.0
201700022892,0017-08-30 17:00:00,17,8,30,17,0,260,281,BD ETIENNE J LAPASSAT,45.05663,5.06777,Plein jour,En agglomération,Hors intersection,Normale,Deux véhicules - arrière,,,,,,,,,,,1,2,1,1.0,2.0
201700022893,0017-09-02 18:05:00,17,9,2,18,5,260,57,AV GENERAL DE  GAULLE,45.03476,5.05932,Plein jour,En agglomération,Intersection en X,Pluie légère,Deux véhicules - arrière,,,,,,,,,,,1,2,2,2.0,2.0
201700022894,0017-09-07 08:30:00,17,9,7,8,30,260,57,RTE OLIVIERS DE SERRES,45.01224,5.07414,Plein jour,Hors agglomération,Intersection en X,Normale,Deux véhicules - côté,,,,,,,,,,,1,1,2,1.0,3.0
201700022895,0017-09-11 07:35:00,17,9,11,7,35,260,281,AVEUE BERTHELOT,45.04413,5.03474,Plein jour,En agglomération,Intersection en X,Normale,Deux véhicules - côté,,,,,,,,,,,1,2,2,1.0,3.0
201700022896,0017-09-14 11:15:00,17,9,14,11,15,260,218,RD 538,,,Plein jour,En agglomération,Hors intersection,Pluie légère,Autre collision,,,,,,,,,,,1,2,1,2.0,6.0
201700022897,0017-09-21 10:25:00,17,9,21,10,25,260,281,AVENUE DU MAQUIS,45.0453,5.06601,Plein jour,En agglomération,Hors intersection,Normale,Deux véhicules - arrière,,,,,,,,,,,1,2,1,1.0,2.0
201700022898,0017-10-10 12:06:00,17,10,10,12,6,260,281,AVENUE DU 11 NOVEMBRE,45.04465,5.07136,Plein jour,En agglomération,Hors intersection,Pluie légère,Deux véhicules - côté,,,,,,,,,,,1,2,1,2.0,3.0
201700022899,0017-10-18 11:08:00,17,10,18,11,8,260,57,GRAND RUE JEAN JAURES,45.03935,5.04757,Plein jour,En agglomération,Intersection en X,Normale,Autre collision,,,,,,,,,,,1,2,2,1.0,6.0
201700022900,0017-10-23 11:20:00,17,10,23,11,20,260,281,BD REMY ROURE,45.05002,5.04414,Plein jour,En agglomération,Hors intersection,Normale,Deux véhicules - arrière,,,,,,,,,,,1,2,1,1.0,2.0
201700022901,0017-10-26 18:02:00,17,10,26,18,2,260,281,AVENUE DES ALLOBROGES,45.05211,5.08359,Crépuscule ou aube,En agglomération,Hors intersection,Normale,Trois véhicules et plus - en chaîne,,,,,,,,,,,2,2,1,1.0,4.0
201700022902,0017-10-26 23:20:00,17,10,26,23,20,260,281,RUE ARMILLERIE,45.04397,5.05009,Nuit avec éclairage allumé,En agglomération,Intersection en X,Normale,Deux véhicules - côté,,,,,,,,,,,5,2,2,1.0,3.0
201700022903,0017-10-31 18:10:00,17,10,31,18,10,260,281,PLACE JACQUEMART,45.04443,5.04826,Crépuscule ou aube,En agglomération,Giratoire,Normale,Deux véhicules - côté,,,,,,,,,,,2,2,6,1.0,3.0
201700022904,0017-11-09 18:10:00,17,11,9,18,10,260,281,AVENUE DUCHESNE,45.04784,5.04212,Crépuscule ou aube,En agglomération,Hors intersection,Normale,Deux véhicules - arrière,,,,,,,,,,,2,2,1,1.0,2.0
201700022905,0017-11-16 14:50:00,17,11,16,14,50,260,281,AVENUE  EMILE ZOLA,45.0572,5.06451,Plein jour,En agglomération,Hors intersection,Normale,Autre collision,,,,,,,,,,,1,2,1,1.0,6.0
201700022906,0017-11-17 12:00:00,17,11,17,12,0,260,57,RD 538,45.01278,5.03863,Plein jour,Hors agglomération,Intersection en X,Normale,Deux véhicules - arrière,,,,,,,,,,,1,1,2,1.0,2.0
201700022907,0017-11-20 14:00:00,17,11,20,14,0,260,281,AVENUE GAMBETTA,45.04559,5.05819,Plein jour,En agglomération,Hors intersection,Normale,Autre collision,,,,,,,,,,,1,2,1,1.0,6.0
201700022908,0017-11-24 13:50:00,17,11,24,13,50,260,281,PLACE JEAN JAURES,45.0455,5.05306,Plein jour,En agglomération,Hors intersection,Normale,Autre collision,,,,,,,,,,,1,2,1,1.0,6.0
201700022909,0017-11-27 08:20:00,17,11,27,8,20,260,281,RUE RENE REAUMUR,45.04529,5.09327,Plein jour,En agglomération,Intersection en X,Normale,Deux véhicules - côté,,,,,,,,,,,1,2,2,1.0,3.0
201700022910,0017-11-27 10:05:00,17,11,27,10,5,260,281,AV DE LA DEPORTATION,45.05195,5.09216,Plein jour,En agglomération,Giratoire,Normale,Deux véhicules - côté,,,,,,,,,,,1,2,6,1.0,3.0
201700022911,0017-11-27 17:00:00,17,11,27,17,0,260,57,BD ALPES PROVENCE,45.03819,5.05546,Plein jour,En agglomération,Hors intersection,Normale,Deux véhicules - côté,,,,,,,,,,,1,2,1,1.0,3.0
201700022912,0017-11-28 19:55:00,17,11,28,19,55,260,281,PNT MARECHAL LATTRE TASS,45.04054,5.05624,Nuit avec éclairage allumé,En agglomération,Intersection en T,Normale,Deux véhicules - côté,,,,,,,,,,,5,2,3,1.0,3.0
201700022913,0017-11-29 07:45:00,17,11,29,7,45,260,281,AVENUE MARCEL PAUL,45.05002,5.0401,Crépuscule ou aube,En agglomération,Intersection en X,Pluie légère,Autre collision,,,,,,,,,,,2,2,2,2.0,6.0
201700022914,0017-12-04 18:00:00,17,12,4,18,0,260,281,BD JEAN ETIENNE LAPASSAT,45.0566,5.0678,Crépuscule ou aube,En agglomération,Hors intersection,Pluie légère,Deux véhicules - côté,,,,,,,,,,,2,2,1,2.0,3.0
201700022915,0017-12-18 07:00:00,17,12,18,7,0,260,57,QUAI DE LA LIBERATION,45.0389,5.0437,Crépuscule ou aube,En agglomération,Hors intersection,Neige / grêle,Deux véhicules - côté,,,,,,,,,,,2,2,1,4.0,3.0
201700022916,0017-12-18 10:05:00,17,12,18,10,5,260,281,RD 123,45.05724,5.07327,Plein jour,En agglomération,Hors intersection,Neige / grêle,Autre collision,,,,,,,,,,,1,2,1,4.0,6.0
201700022917,0017-12-22 11:45:00,17,12,22,11,45,260,281,RTE DE SAINT BARDOUX,45.05639,5.01238,Plein jour,En agglomération,Intersection en X,Normale,Trois véhicules et plus - collisions multiples,,,,,,,,,,,1,2,2,1.0,5.0
201700022918,0017-12-22 17:17:00,17,12,22,17,17,260,281,BD ETIENNE JEAN LAPASSA,45.0565,5.06773,Crépuscule ou aube,En agglomération,Hors intersection,Normale,Deux véhicules - arrière,,,,,,,,,,,2,2,1,1.0,2.0
201700022919,0017-12-23 17:40:00,17,12,23,17,40,260,281,RUE HONORE DAUMIER,45.054,5.06803,Crépuscule ou aube,En agglomération,Hors intersection,Normale,Deux véhicules - côté,,,,,,,,,,,2,2,1,1.0,3.0
201700022920,0017-01-07 20:45:00,17,1,7,20,45,260,362,PLACE DE DRAGONNE,44.93611,4.89689,Plein jour,En agglomération,Intersection en T,Normale,Autre collision,,,,,,,,,,,1,2,3,1.0,6.0
201700022921,0017-01-14 20:15:00,17,1,14,20,15,260,362,AVENUE DE PROVENCE,,,Nuit avec éclairage allumé,En agglomération,Intersection en T,Normale,Deux véhicules - côté,,,,,,,,,,,5,2,3,1.0,3.0
201700022922,0017-01-11 11:40:00,17,1,11,11,40,260,58,RUE  LEON BLUM,44.94736,4.89749,Plein jour,En agglomération,Hors intersection,Normale,Autre collision,,,,,,,,,,,1,2,1,1.0,6.0
201700022923,0017-01-15 18:20:00,17,1,15,18,20,260,58,RTE  PONT ISERE RN7,,,Nuit sans éclairage public,Hors agglomération,Intersection en X,Normale,Deux véhicules - côté,,,,,,,,,,,3,1,2,1.0,3.0
201700022924,0017-01-19 21:45:00,17,1,19,21,45,260,252,ST GERVAIS,,,Nuit sans éclairage public,Hors agglomération,Hors intersection,Normale,Deux véhicules - frontale,,,,,,,,,,,3,1,1,1.0,1.0
201700022925,0017-03-02 20:00:00,17,3,2,20,0,260,362,ROUTE DE ROMANS,44.94234,4.91857,Nuit avec éclairage non allumé,En agglomération,Hors intersection,Normale,Deux véhicules - côté,,,,,,,,,,,4,2,1,1.0,3.0
201700022926,0017-03-08 15:40:00,17,3,8,15,40,260,362,BD WINSTON CHURCHILL,44.93262,4.91841,Plein jour,En agglomération,Intersection en X,Normale,Autre collision,,,,,,,,,,,1,2,2,1.0,6.0
201700022927,0017-03-09 13:20:00,17,3,9,13,20,260,362,RUE AMADEUS WOLFGANG MOZ,44.93242,4.92186,Plein jour,En agglomération,Hors intersection,Normale,Autre collision,,,,,,,,,,,1,2,1,1.0,6.0
201700022928,0017-03-10 17:40:00,17,3,10,17,40,260,58,79 AVENUE MARC URTIN,44.94201,4.89483,Plein jour,En agglomération,Hors intersection,Normale,Autre collision,,,,,,,,,,,1,2,1,1.0,6.0