accident_id,datetime,annee,mois,jour,heure,minute,departement,commune_insee,adresse,latitude,longitude,luminosite,agglomeration,intersection,meteo,collision,nb_vehicules,nb_usagers,nb_indemnes,nb_tues,nb_blesses_hosp,nb_blesses_legers,age_cond_1,age_cond_2,veh_type_cond_1,veh_type_cond_2,lum_code,agg_code,int_code,atm_code,col_code
201700023050,0017-06-01 18:50:00,17,6,1,18,50,580,213,rue de la vallée,47.41982,3.02356,Plein jour,En agglomération,Hors intersection,Normale,Sans collision,,,,,,,,,,,1,2,1,1.0,7.0
201700023051,0017-06-25 21:50:00,17,6,25,21,50,580,86,route touristique,47.39929,2.91547,Crépuscule ou aube,En agglomération,Hors intersection,Normale,Autre collision,,,,,,,,,,,2,2,1,1.0,6.0
201700023052,0017-07-21 20:15:00,17,7,21,20,15,580,270,Lieu-dit la grosse métai,47.47292,3.05598,Crépuscule ou aube,Hors agglomération,Hors intersection,Normale,Autre collision,,,,,,,,,,,2,1,1,1.0,6.0
201700023053,0017-08-11 05:10:00,17,8,11,5,10,580,252,les pontots,47.30642,3.2856,Nuit sans éclairage public,Hors agglomération,Hors intersection,Normale,Autre collision,,,,,,,,,,,3,1,1,1.0,6.0
201700023054,0017-09-10 17:05:00,17,9,10,17,5,580,86,rue des fondeurs,47.38132,2.91219,Plein jour,En agglomération,Hors intersection,Normale,Sans collision,,,,,,,,,,,1,2,1,1.0,7.0
201700023055,0017-10-06 15:00:00,17,10,6,15,0,580,102,lieu dit  les cabets,47.34962,3.11224,Plein jour,Hors agglomération,Hors intersection,Normale,Deux véhicules - côté,,,,,,,,,,,1,1,1,1.0,3.0
201700023056,0017-10-12 14:00:00,17,10,12,14,0,580,227,lieux dit les bureaux,47.51581,3.03525,Plein jour,Hors agglomération,Hors intersection,Pluie légère,Autre collision,,,,,,,,,,,1,1,1,2.0,6.0
201700023057,0017-11-17 07:45:00,17,11,17,7,45,580,261,"D 33 ""moulin l'évêque""",47.40408,2.97733,Crépuscule ou aube,Hors agglomération,Giratoire,Brouillard / fumée,Sans collision,,,,,,,,,,,2,1,6,5.0,7.0
201700023058,0017-11-19 13:00:00,17,11,19,13,0,580,94,D114,47.50238,3.1294,Plein jour,Hors agglomération,Hors intersection,Brouillard / fumée,Deux véhicules - frontale,,,,,,,,,,,1,1,1,5.0,1.0
201700023059,0017-12-15 10:30:00,17,12,15,10,30,580,86,rue du 14 juillet,47.41354,2.93103,Plein jour,En agglomération,Hors intersection,Temps couvert,Autre collision,,,,,,,,,,,1,2,1,8.0,6.0
201700023060,0017-01-03 15:55:00,17,1,3,15,55,410,136,A10,47.71778,1.48417,Plein jour,Hors agglomération,Hors intersection,Temps couvert,Autre collision,,,,,,,,,,,1,1,1,8.0,6.0
201700023061,0017-02-20 21:45:00,17,2,20,21,45,410,114,Autoroute A 10 Aquitaine,47.7607,1.55593,Nuit sans éclairage public,Hors agglomération,Hors intersection,Pluie légère,Deux véhicules - arrière,,,,,,,,,,,3,1,1,2.0,2.0
201700023062,0017-03-09 06:30:00,17,3,9,6,30,410,252,A10 pk 139 sens province,47.69404,1.43653,Crépuscule ou aube,Hors agglomération,Hors intersection,Normale,Autre collision,,,,,,,,,,,2,1,1,1.0,6.0
201700023063,0017-05-30 07:50:00,17,5,30,7,50,410,252,pk 135+800 autoroute A10,47.69744,1.44227,Plein jour,Hors agglomération,Hors intersection,Normale,Autre collision,,,,,,,,,,,1,1,1,1.0,6.0
201700023064,0017-06-16 15:20:00,17,6,16,15,20,410,234,pk 170+200 A 10 sens Pro,47.58523,1.07685,Plein jour,Hors agglomération,Hors intersection,Normale,Deux véhicules - arrière,,,,,,,,,,,1,1,1,1.0,2.0
201700023065,0017-07-01 12:39:00,17,7,1,12,39,410,101,,47.61259,1.1445,Plein jour,Hors agglomération,Hors intersection,Normale,Deux véhicules - arrière,,,,,,,,,,,1,1,1,1.0,2.0
201700023066,0017-08-08 06:45:00,17,8,8,6,45,410,223,autoroute A10,47.61794,1.21933,Plein jour,Hors agglomération,Hors intersection,Normale,Autre collision,,,,,,,,,,,1,1,1,1.0,6.0
201700023067,0017-08-17 13:55:00,17,8,17,13,55,410,93,Autoroute A10,47.60496,1.11873,Plein jour,Hors agglomération,Hors intersection,Normale,Autre collision,,,,,,,,,,,1,1,1,1.0,6.0
201700023068,0017-09-03 08:20:00,17,9,3,8,20,410,252,A10,47.69173,1.43374,Plein jour,Hors agglomération,Hors intersection,Normale,Autre collision,,,,,,,,,,,1,1,1,1.0,6.0
201700023069,0017-09-06 21:45:00,17,9,6,21,45,410,101,,47.61443,1.15495,Nuit sans éclairage public,Hors agglomération,Hors intersection,Normale,Autre collision,,,,,,,,,,,3,1,1,1.0,6.0
201700023070,0017-09-10 13:50:00,17,9,10,13,50,410,93,,47.6057,1.12049,Plein jour,Hors agglomération,Hors intersection,Normale,Autre collision,,,,,,,,,,,1,1,1,1.0,6.0
201700023071,0017-09-20 17:50:00,17,9,20,17,50,410,252,,47.70997,1.46259,Plein jour,Hors agglomération,Hors intersection,Normale,Deux véhicules - côté,,,,,,,,,,,1,1,1,1.0,3.0
201700023072,0017-10-27 16:40:00,17,10,27,16,40,410,18,A10,47.61814,1.32748,Plein jour,Hors agglomération,Hors intersection,Normale,Autre collision,,,,,,,,,,,1,1,1,1.0,6.0
201700023073,0017-11-01 00:33:00,17,11,1,0,33,410,252,A10,47.70131,1.44689,Nuit sans éclairage public,Hors agglomération,Hors intersection,Normale,Sans collision,,,,,,,,,,,3,1,1,1.0,7.0
201700023074,0017-12-22 18:35:00,17,12,22,18,35,410,288,Station Service ESSO BLO,47.66707,1.38941,Nuit avec éclairage allumé,Hors agglomération,Hors intersection,Pluie légère,Autre collision,,,,,,,,,,,5,1,1,2.0,6.0
201700023075,0017-01-05 18:40:00,17,1,5,18,40,270,229,RESISTANCE (RUE DE LA),49.02042,1.14894,Plein jour,En agglomération,Intersection en T,Normale,Autre collision,,,,,,,,,,,1,2,3,1.0,6.0
201700023076,0017-03-29 11:25:00,17,3,29,11,25,270,229,"69, CONCHES (ROUTE DE)",49.01987,1.11968,Plein jour,En agglomération,Hors intersection,Normale,Deux véhicules - côté,,,,,,,,,,,1,2,1,1.0,3.0
201700023077,0017-05-04 10:15:00,17,5,4,10,15,270,229,CHAUVIN (BOULEVARD GEORG,49.0247,1.14304,Plein jour,En agglomération,Hors intersection,Normale,Deux véhicules - côté,,,,,,,,,,,1,2,1,1.0,3.0
201700023078,0017-02-01 15:40:00,17,2,1,15,40,270,229,"2, SEMARD (RUE PIERRE)",,,Plein jour,En agglomération,Intersection en T,Normale,Deux véhicules - côté,,,,,,,,,,,1,2,3,1.0,3.0
201700023079,0017-02-17 18:55:00,17,2,17,18,55,270,229,NORMANDIE (BOULEVARD DE),49.01954,1.13886,Nuit avec éclairage allumé,En agglomération,Intersection en X,Normale,Autre collision,,,,,,,,,,,5,2,2,1.0,6.0
201700023080,0017-02-20 12:50:00,17,2,20,12,50,270,229,NATIONALE 13 (ROUTE),,,Plein jour,Hors agglomération,Giratoire,Normale,Deux véhicules - côté,,,,,,,,,,,1,1,6,1.0,3.0
201700023081,0017-06-29 11:15:00,17,6,29,11,15,270,229,"11, JOLIOT CURIE (RUE FR",49.00994,1.162,Plein jour,En agglomération,Hors intersection,Normale,Autre collision,,,,,,,,,,,1,2,1,1.0,6.0
201700023082,0017-07-21 13:45:00,17,7,21,13,45,270,229,HUGO (RUE VICTOR),49.02238,1.14879,Plein jour,En agglomération,Hors intersection,Normale,Autre collision,,,,,,,,,,,1,2,1,1.0,6.0
201700023083,0017-06-21 20:35:00,17,6,21,20,35,270,229,"0, SEPTIEME CHASSEUR (RU",49.02814,1.14612,Plein jour,En agglomération,Hors intersection,Normale,Autre collision,,,,,,,,,,,1,2,1,1.0,6.0
201700023084,0017-10-03 08:35:00,17,10,3,8,35,270,229,BERNARD (RUE GEORGES),49.03223,1.15663,Plein jour,En agglomération,Hors intersection,Normale,Autre collision,,,,,,,,,,,1,2,1,1.0,6.0
201700023085,0017-10-10 07:50:00,17,10,10,7,50,270,229,3 BUFFARDIERE (BLD),49.0227,1.14071,Crépuscule ou aube,En agglomération,Hors intersection,Normale,Autre collision,,,,,,,,,,,2,2,1,1.0,6.0
201700023086,0017-11-28 07:55:00,17,11,28,7,55,270,229,"13, SEMARD (RUE PIERRE)",49.01766,1.15805,Nuit avec éclairage allumé,En agglomération,Hors intersection,Pluie légère,Autre collision,,,,,,,,,,,5,2,1,2.0,6.0
201700023087,0017-06-13 11:20:00,17,6,13,11,20,600,554,rd936,49.09882,3.03658,Plein jour,Hors agglomération,Hors intersection,Normale,Deux véhicules - frontale,,,,,,,,,,,1,1,1,1.0,1.0
201700023088,0017-09-07 16:05:00,17,9,7,16,5,600,176,rue de la sablonière,49.22773,2.89479,Plein jour,En agglomération,Intersection en T,Normale,Autre collision,,,,,,,,,,,1,2,3,1.0,6.0
201700023089,0017-01-07 18:40:00,17,1,7,18,40,510,203,D977,49.03848,4.43859,Nuit sans éclairage public,Hors agglomération,Hors intersection,Pluie légère,Sans collision,,,,,,,,,,,3,1,1,2.0,7.0
201700023090,0017-03-04 05:30:00,17,3,4,5,30,510,388,D19 PK39+400,49.1343,4.34048,Nuit sans éclairage public,Hors agglomération,Hors intersection,Pluie forte,Autre collision,,,,,,,,,,,3,1,1,3.0,6.0
201700023091,0017-03-27 08:15:00,17,3,27,8,15,510,486,D931,49.18165,4.44055,Plein jour,Hors agglomération,Hors intersection,Normale,Trois véhicules et plus - collisions multiples,,,,,,,,,,,1,1,1,1.0,5.0
201700023092,0017-04-10 19:30:00,17,4,10,19,30,510,388,RUE DU LEVANT,49.13508,4.36651,Plein jour,En agglomération,Intersection en T,Normale,Deux véhicules - côté,,,,,,,,,,,1,2,3,1.0,3.0
201700023093,0017-07-24 09:55:00,17,7,24,9,55,510,307,D931,49.15159,4.47935,Plein jour,Hors agglomération,Hors intersection,Normale,Deux véhicules - frontale,,,,,,,,,,,1,1,1,1.0,1.0
201700023094,0017-08-04 15:00:00,17,8,4,15,0,510,559,D977,49.12469,4.52255,Plein jour,Hors agglomération,Hors intersection,Normale,Deux véhicules - côté,,,,,,,,,,,1,1,1,1.0,3.0
201700023095,0017-08-29 08:00:00,17,8,29,8,0,510,388,RUE DU MARECHAL FOCH,49.13928,4.35681,Crépuscule ou aube,En agglomération,Hors intersection,Temps éblouissant,Deux véhicules - frontale,,,,,,,,,,,2,2,1,7.0,1.0
201700023096,0017-10-25 12:40:00,17,10,25,12,40,510,476,D208,49.02677,4.41417,Plein jour,Hors agglomération,Intersection en X,Pluie légère,Deux véhicules - côté,,,,,,,,,,,1,1,2,2.0,3.0
201700023097,0017-10-28 18:20:00,17,10,28,18,20,510,388,RUE DU MARECHAL FOCH,49.13778,4.35015,Crépuscule ou aube,En agglomération,Hors intersection,Normale,Deux véhicules - frontale,,,,,,,,,,,2,2,1,1.0,1.0
201700023098,0017-01-27 21:55:00,17,1,27,21,55,270,375,"1, ABBE CARESME (RUE DE",49.22222,1.17083,Nuit avec éclairage allumé,En agglomération,Intersection en T,Normale,Deux véhicules - côté,,,,,,,,,,,5,2,3,1.0,3.0
201700023099,0017-01-29 09:30:00,17,1,29,9,30,270,528,SAINT CYR (RUE),,,Plein jour,En agglomération,Intersection en T,Normale,Deux véhicules - côté,,,,,,,,,,,1,2,3,1.0,3.0
201700023100,0017-02-27 16:45:00,17,2,27,16,45,270,701,LACS (ROUTE DES) BLANCHE,49.27528,1.20937,Plein jour,En agglomération,Hors intersection,Pluie légère,Autre collision,,,,,,,,,,,1,2,1,2.0,6.0
201700023101,0017-01-13 12:15:00,17,1,13,12,15,270,701,SEINE (ROUTE DE) BERGES,49.26443,1.22031,Plein jour,En agglomération,Hors intersection,Pluie légère,Autre collision,,,,,,,,,,,1,2,1,2.0,6.0
201700023102,0017-03-02 16:30:00,17,3,2,16,30,270,375,L'HERMINIER (RUE DU COMM,49.22286,1.16448,Plein jour,Hors agglomération,Intersection en X,Normale,Deux véhicules - côté,,,,,,,,,,,1,1,2,1.0,3.0
201700023103,0017-04-10 13:20:00,17,4,10,13,20,270,375,FOCH (RUE DU ML),49.2104,1.17079,Plein jour,En agglomération,Giratoire,Normale,Autre collision,,,,,,,,,,,1,2,6,1.0,6.0
201700023104,0017-04-12 08:40:00,17,4,12,8,40,270,375,CLEMENCEAU (BOULEVARD GE,49.21005,1.16905,Plein jour,En agglomération,Hors intersection,Normale,Autre collision,,,,,,,,,,,1,2,1,1.0,6.0
201700023105,0017-06-18 21:00:00,17,6,18,21,0,270,375,CROSNE (BOULEVARD DE),49.21545,1.16951,Plein jour,En agglomération,Hors intersection,Normale,Deux véhicules - côté,,,,,,,,,,,1,2,1,1.0,3.0
201700023106,0017-09-21 19:15:00,17,9,21,19,15,270,701,"1, CHAUSSE DU VEXIN",49.24981,1.2089,Plein jour,En agglomération,Hors intersection,Normale,Sans collision,,,,,,,,,,,1,2,1,1.0,7.0
201700023107,0017-07-18 13:10:00,17,7,18,13,10,270,351,A 154,49.23499,1.1859,Plein jour,Hors agglomération,Hors intersection,Normale,Sans collision,,,,,,,,,,,1,1,1,1.0,7.0
201700023108,0017-11-15 18:50:00,17,11,15,18,50,270,701,FERME (VOIE DE LA),49.27138,1.21608,Nuit avec éclairage allumé,En agglomération,Hors intersection,Normale,Sans collision,,,,,,,,,,,5,2,1,1.0,7.0
201700023109,0017-08-21 16:50:00,17,8,21,16,50,270,701,CALCUL (18 RUE DU),49.2642,1.2082,Plein jour,En agglomération,Hors intersection,Normale,Autre collision,,,,,,,,,,,1,2,1,1.0,6.0
201700023110,0017-07-09 09:00:00,17,7,9,9,0,270,701,BLANCHE (VOIE),49.27111,1.20784,Plein jour,En agglomération,Intersection en X,Normale,Deux véhicules - côté,,,,,,,,,,,1,2,2,1.0,3.0
201700023111,0017-01-29 17:10:00,17,1,29,17,10,140,543,RN 13 PR 74+500,49.2012,-0.48854,Plein jour,Hors agglomération,Hors intersection,Pluie forte,Autre collision,,,,,,,,,,,1,1,1,3.0,6.0
201700023112,0017-03-03 12:40:00,17,3,3,12,40,140,281,RN 13 - PK 108+750,49.3307,-0.89336,Plein jour,Hors agglomération,Hors intersection,Normale,Autre collision,,,,,,,,,,,1,1,1,1.0,6.0
201700023113,0017-03-26 15:00:00,17,3,26,15,0,140,4,RN13 - PR110+500,49.3346,-0.91853,Plein jour,Hors agglomération,Hors intersection,Normale,Autre collision,,,,,,,,,,,1,1,1,1.0,6.0
201700023114,0017-05-27 12:20:00,17,5,27,12,20,140,124,RN 13 - PK 117+100,49.33913,-1.00482,Plein jour,Hors agglomération,Hors intersection,Normale,Autre collision,,,,,,,,,,,1,1,1,1.0,6.0
201700023115,0017-06-05 03:40:00,17,6,5,3,40,140,281,RN 13 PR 108+500 sens Ca,49.32981,-0.88959,Nuit sans éclairage public,Hors agglomération,Hors intersection,Normale,Autre collision,,,,,,,,,,,3,1,1,1.0,6.0
201700023116,0017-06-18 22:05:00,17,6,18,22,5,140,322,RN 13 PR93+000,49.25433,-0.72099,Crépuscule ou aube,Hors agglomération,Autre intersection,Normale,Deux véhicules - arrière,,,,,,,,,,,2,1,9,1.0,2.0
201700023117,0017-06-29 18:00:00,17,6,29,18,0,140,480,RN 13 PK 120+500,49.33836,-1.05998,Plein jour,Hors agglomération,Hors intersection,Normale,Deux véhicules - arrière,,,,,,,,,,,1,1,1,1.0,2.0
201700023118,0017-07-10 02:55:00,17,7,10,2,55,140,342,RN13 - PK 126+500,49.30809,-1.1122,Nuit sans éclairage public,Hors agglomération,Hors intersection,Normale,Autre collision,,,,,,,,,,,3,1,1,1.0,6.0
201700023119,0017-07-14 17:00:00,17,7,14,17,0,140,135,RN13 - PR 084+100,49.23904,-0.60048,Plein jour,Hors agglomération,Hors intersection,Normale,Autre collision,,,,,,,,,,,1,1,1,1.0,6.0
201700023120,0017-07-14 12:20:00,17,7,14,12,20,140,465,RN 13 - PK 86+700,49.25012,-0.63387,Plein jour,Hors agglomération,Hors intersection,Normale,Sans collision,,,,,,,,,,,1,1,1,1.0,7.0
201700023121,0017-10-08 17:50:00,17,10,8,17,50,140,342,RN13 - PK 127.000,49.30818,-1.11908,Plein jour,Hors agglomération,Hors intersection,Normale,Sans collision,,,,,,,,,,,1,1,1,1.0,7.0
201700023122,0017-10-21 20:30:00,17,10,21,20,30,140,98,RN 13 - PK 76+300,49.20721,-0.50993,Nuit sans éclairage public,Hors agglomération,Hors intersection,Vent fort / tempête,Autre collision,,,,,,,,,,,3,1,1,6.0,6.0
201700023123,0017-11-01 11:35:00,17,11,1,11,35,140,681,RN 13 - PK 105+900,49.32004,-0.85621,Plein jour,Hors agglomération,Hors intersection,Normale,Autre collision,,,,,,,,,,,1,1,1,1.0,6.0
201700023124,0017-01-18 16:18:00,17,1,18,16,18,60,95,"42, avenue de boutiny",43.6417,6.87915,Plein jour,En agglomération,Hors intersection,Normale,Autre collision,,,,,,,,,,,1,2,1,1.0,6.0
201700023125,0017-06-23 08:30:00,17,6,23,8,30,60,26,Avenue du docteur Bellet,43.66646,6.88732,Plein jour,Hors agglomération,Hors intersection,Normale,Autre collision,,,,,,,,,,,1,1,1,1.0,6.0
201700023126,0017-07-23 21:00:00,17,7,23,21,0,60,130,RD 6085,43.69495,6.85482,Crépuscule ou aube,Hors agglomération,Hors intersection,Normale,Autre collision,,,,,,,,,,,2,1,1,1.0,6.0
201700023127,0017-08-06 01:14:00,17,8,6,1,14,60,118,RD 2562 - PK 1 + 650 (cr,43.62683,6.82057,Nuit sans éclairage public,Hors agglomération,Hors intersection,Normale,Autre collision,,,,,,,,,,,3,1,1,1.0,6.0
201700023128,0017-08-12 02:00:00,17,8,12,2,0,60,130,595 avenue du général DE,43.70267,6.84835,Nuit sans éclairage public,Hors agglomération,Hors intersection,Normale,Deux véhicules - frontale,,,,,,,,,,,3,1,1,1.0,1.0
201700023129,0017-09-05 18:55:00,17,9,5,18,55,60,130,1690 RD 6085,43.68732,6.87528,Crépuscule ou aube,Hors agglomération,Intersection en T,Normale,Deux véhicules - côté,,,,,,,,,,,2,1,3,1.0,3.0
201700023130,0017-09-26 10:39:00,17,9,26,10,39,60,95,65 AVENUE DE BOUTINY,43.64378,6.88294,Plein jour,En agglomération,Autre intersection,Normale,Autre collision,,,,,,,,,,,1,2,9,1.0,6.0
201700023131,0017-10-11 17:55:00,17,10,11,17,55,60,95,48 avenue amiral DE GRAS,43.64387,6.88643,Plein jour,En agglomération,Hors intersection,Normale,Autre collision,,,,,,,,,,,1,2,1,1.0,6.0
201700023132,0017-11-04 17:35:00,17,11,4,17,35,60,118,route de saint Vallier,43.66746,6.79655,Nuit sans éclairage public,En agglomération,Hors intersection,Temps couvert,Trois véhicules et plus - collisions multiples,,,,,,,,,,,3,2,1,8.0,5.0
201700023133,0017-12-04 13:30:00,17,12,4,13,30,60,137,23 rue des orangers,43.65056,6.86428,Plein jour,En agglomération,Hors intersection,Normale,Autre collision,,,,,,,,,,,1,2,1,1.0,6.0
201700023134,0017-07-03 15:45:00,17,7,3,15,45,390,129,,46.66661,5.94222,Plein jour,Hors agglomération,Hors intersection,Normale,Trois véhicules et plus - collisions multiples,,,,,,,,,,,1,1,1,1.0,5.0
201700023135,0017-03-03 11:05:00,17,3,3,11,5,270,562,DE GAULLE (BOULEVARD),,,Plein jour,En agglomération,Giratoire,Temps couvert,Autre collision,,,,,,,,,,,1,2,6,8.0,6.0
201700023136,0017-06-17 03:15:00,17,6,17,3,15,270,681,"104, ROUEN (AVENUE DE)",49.09961,1.47374,Nuit avec éclairage allumé,En agglomération,Hors intersection,Normale,Sans collision,,,,,,,,,,,5,2,1,1.0,7.0
201700023137,0017-06-04 17:45:00,17,6,4,17,45,270,554,ROUEN (AVENUE DE),49.11419,1.44841,Plein jour,En agglomération,Hors intersection,Normale,Deux véhicules - arrière,,,,,,,,,,,1,2,1,1.0,2.0
201700023138,0017-06-01 17:45:00,17,6,1,17,45,270,681,LECLERC (BOULEVARD DU MA,49.09501,1.48674,Plein jour,En agglomération,Hors intersection,Normale,Deux véhicules - arrière,,,,,,,,,,,1,2,1,1.0,2.0
201700023139,0017-05-16 15:30:00,17,5,16,15,30,270,681,IVRY (ROUTE D'),49.07165,4.72558,Plein jour,En agglomération,Intersection en T,Normale,Deux véhicules - côté,,,,,,,,,,,1,2,3,1.0,3.0
201700023140,0017-11-06 11:15:00,17,11,6,11,15,270,681,CLEMENCEAU (PONT),49.09463,1.48607,Plein jour,En agglomération,Hors intersection,Normale,Autre collision,,,,,,,,,,,1,2,1,1.0,6.0
201700023141,0017-11-17 20:10:00,17,11,17,20,10,270,681,"2BIS, DE LATTRE DE TASSI",49.08593,1.46356,Nuit avec éclairage allumé,En agglomération,Hors intersection,Normale,Deux véhicules - frontale,,,,,,,,,,,5,2,1,1.0,1.0
201700023142,0017-01-31 08:40:00,17,1,31,8,40,170,407,RD203E3 - lieudit Longue,46.19024,-1.02891,Plein jour,Hors agglomération,Hors intersection,Normale,Autre collision,,,,,,,,,,,1,1,1,1.0,6.0
201700023143,0017-04-01 15:45:00,17,4,1,15,45,170,222,rue du chateau d'eau,46.23154,-1.13012,Plein jour,En agglomération,Hors intersection,Normale,Autre collision,,,,,,,,,,,1,2,1,1.0,6.0
201700023144,0017-06-23 14:30:00,17,6,23,14,30,170,407,RUE DE LA TRICHERIE,46.19097,-1.01298,Plein jour,En agglomération,Intersection en Y,Normale,Deux véhicules - côté,,,,,,,,,,,1,2,4,1.0,3.0
201700023145,0017-01-19 19:05:00,17,1,19,19,5,250,32,"Autoroute A36, PK 089.50",47.37488,6.39049,Nuit sans éclairage public,Hors agglomération,Hors intersection,Normale,Deux véhicules - arrière,,,,,,,,,,,3,1,1,1.0,2.0
201700023146,0017-07-04 14:15:00,17,7,4,14,15,250,306,AUTOROUTE A36,47.40745,6.4578,Plein jour,Hors agglomération,Hors intersection,Normale,Deux véhicules - arrière,,,,,,,,,,,1,1,1,1.0,2.0
201700023147,0017-10-19 15:20:00,17,10,19,15,20,250,463,D437,47.37481,6.76297,Plein jour,Hors agglomération,Hors intersection,Normale,Deux véhicules - côté,,,,,,,,,,,1,1,1,1.0,3.0
201700023148,0017-11-07 17:05:00,17,11,7,17,5,250,614,A36 - Pk 47+200,47.51908,6.85266,Nuit sans éclairage public,Hors agglomération,Hors intersection,Pluie légère,Deux véhicules - arrière,,,,,,,,,,,3,1,1,2.0,2.0
201700023149,0017-11-12 18:30:00,17,11,12,18,30,250,306,A36 PK 084.500 sens 2,47.40745,6.4578,Nuit sans éclairage public,Hors agglomération,Hors intersection,Pluie forte,Trois véhicules et plus - en chaîne,,,,,,,,,,,3,1,1,3.0,4.0
201700023150,0017-02-10 18:45:00,17,2,10,18,45,910,363,route de Nozay,48.64451,2.23313,Nuit avec éclairage allumé,En agglomération,Hors intersection,Normale,Deux véhicules - arrière,,,,,,,,,,,5,2,1,1.0,2.0
201700023151,0017-02-22 17:00:00,17,2,22,17,0,910,665,RN20,48.65994,2.27583,Plein jour,En agglomération,Hors intersection,Normale,Trois véhicules et plus - collisions multiples,,,,,,,,,,,1,2,1,1.0,5.0
201700023152,0017-03-04 13:20:00,17,3,4,13,20,910,363,route d'Orsay RD 446,48.65746,2.20858,Plein jour,Hors agglomération,Hors intersection,Pluie légère,Deux véhicules - frontale,,,,,,,,,,,1,1,1,2.0,1.0
201700023153,0017-03-18 16:00:00,17,3,18,16,0,910,363,aire de Beauvert - RN104,48.64855,2.18756,Plein jour,Hors agglomération,Hors intersection,Temps couvert,Sans collision,,,,,,,,,,,1,1,1,8.0,7.0
201700023154,0017-03-24 13:35:00,17,3,24,13,35,910,665,RN20,48.65561,2.27424,Plein jour,En agglomération,Hors intersection,Normale,Trois véhicules et plus - en chaîne,,,,,,,,,,,1,2,1,1.0,4.0
201700023155,0017-04-02 15:35:00,17,4,2,15,35,910,666,rue de Fretay,48.68259,2.23552,Plein jour,En agglomération,Giratoire,Normale,Deux véhicules - arrière,,,,,,,,,,,1,2,6,1.0,2.0
201700023156,0017-04-26 06:45:00,17,4,26,6,45,910,665,rue de la Croix Saint Ja,48.66997,2.27778,Plein jour,En agglomération,Hors intersection,Normale,Deux véhicules - côté,,,,,,,,,,,1,2,1,1.0,3.0
201700023157,0017-04-28 06:50:00,17,4,28,6,50,910,665,voie du 8 mai 1945,48.66593,2.27441,Crépuscule ou aube,En agglomération,Hors intersection,Pluie légère,Autre collision,,,,,,,,,,,2,2,1,2.0,6.0
201700023158,0017-04-28 09:20:00,17,4,28,9,20,910,665,av de la division lecler,48.6686,2.27925,Plein jour,En agglomération,Hors intersection,Pluie légère,Deux véhicules - côté,,,,,,,,,,,1,2,1,2.0,3.0
201700023159,0017-06-12 08:30:00,17,6,12,8,30,910,458,Rue de Versailles,48.66065,2.24086,Plein jour,En agglomération,Intersection en T,Normale,Autre collision,,,,,,,,,,,1,2,3,1.0,6.0
201700023160,0017-06-28 08:50:00,17,6,28,8,50,910,363,rue Jean de montaigu,48.63991,2.24461,Plein jour,En agglomération,Intersection en T,Normale,Deux véhicules - côté,,,,,,,,,,,1,2,3,1.0,3.0
201700023161,0017-06-30 09:40:00,17,6,30,9,40,910,363,"Lieu dit ""Hameau de Beau",48.64966,2.19438,Plein jour,Hors agglomération,Intersection en T,Pluie légère,Trois véhicules et plus - collisions multiples,,,,,,,,,,,1,1,3,2.0,5.0
201700023162,0017-09-14 19:40:00,17,9,14,19,40,910,665,2 rue de la source,48.65852,2.26745,Plein jour,En agglomération,Hors intersection,Normale,Deux véhicules - côté,,,,,,,,,,,1,2,1,1.0,3.0
201700023163,0017-09-27 07:17:00,17,9,27,7,17,910,363,Rond-Point de la Fontain,48.62773,2.26709,Crépuscule ou aube,En agglomération,Giratoire,Brouillard / fumée,Sans collision,,,,,,,,,,,2,2,6,5.0,7.0
201700023164,0017-01-07 07:20:00,17,1,7,7,20,760,126,A28,49.6708,1.31741,Nuit sans éclairage public,Hors agglomération,Hors intersection,Pluie légère,Autre collision,,,,,,,,,,,3,1,1,2.0,6.0
201700023165,0017-01-07 07:45:00,17,1,7,7,45,760,278,,49.84081,1.54088,Crépuscule ou aube,Hors agglomération,Hors intersection,Pluie légère,Autre collision,,,,,,,,,,,2,1,1,2.0,6.0
201700023166,0017-02-24 08:20:00,17,2,24,8,20,760,645,,49.88565,1.59913,Plein jour,Hors agglomération,Hors intersection,Neige / grêle,Autre collision,,,,,,,,,,,1,1,1,4.0,6.0
201700023167,0017-03-26 07:35:00,17,3,26,7,35,760,584,route des estuaires,49.75001,1.48,Plein jour,Hors agglomération,Hors intersection,Normale,Autre collision,,,,,,,,,,,1,1,1,1.0,6.0
201700023168,0017-05-16 08:00:00,17,5,16,8,0,760,244,ROUTE DES ESTUAIRES,49.71076,1.38266,Plein jour,Hors agglomération,Hors intersection,Normale,Deux véhicules - arrière,,,,,,,,,,,1,1,1,1.0,2.0
201700023169,0017-05-28 06:20:00,17,5,28,6,20,760,262,Autoroute A28 au PK 52.5,49.78811,1.49086,Plein jour,Hors agglomération,Hors intersection,Normale,Sans collision,,,,,,,,,,,1,1,1,1.0,7.0
201700023170,0017-06-19 21:00:00,17,6,19,21,0,760,265,A29 pk 135.700 AMIENS  v,49.7418,1.58793,Crépuscule ou aube,Hors agglomération,Autre intersection,Normale,Trois véhicules et plus - en chaîne,,,,,,,,,,,2,1,9,1.0,4.0
201700023171,0017-07-15 15:20:00,17,7,15,15,20,760,606,A29 PK 145+400 sens Amie,49.77743,1.72621,Plein jour,Hors agglomération,Hors intersection,Normale,Trois véhicules et plus - en chaîne,,,,,,,,,,,1,1,1,1.0,4.0