accident_id,datetime,annee,mois,jour,heure,minute,departement,commune_insee,adresse,latitude,longitude,luminosite,agglomeration,intersection,meteo,collision,nb_vehicules,nb_usagers,nb_indemnes,nb_tues,nb_blesses_hosp,nb_blesses_legers,age_cond_1,age_cond_2,veh_type_cond_1,veh_type_cond_2,lum_code,agg_code,int_code,atm_code,col_code
201700023172,0017-07-19 12:15:00,17,7,19,12,15,760,244,autoroute A28 pk 65+000,49.71076,1.38266,Plein jour,Hors agglomération,Hors intersection,Normale,Deux véhicules - arrière,,,,,,,,,,,1,1,1,1.0,2.0
201700023173,0017-07-30 11:54:00,17,7,30,11,54,760,262,A28 entre PK51+200 et PK,49.78811,1.49086,Plein jour,Hors agglomération,Hors intersection,Normale,Sans collision,,,,,,,,,,,1,1,1,1.0,7.0
201700023174,0017-11-19 08:48:00,17,11,19,8,48,760,454,Autoroute A29,49.73858,1.54379,Plein jour,Hors agglomération,Hors intersection,Normale,Autre collision,,,,,,,,,,,1,1,1,1.0,6.0
201700023175,0017-01-01 09:00:00,17,1,1,9,0,870,119,,45.6967,1.36418,Plein jour,Hors agglomération,Hors intersection,Autre,Deux véhicules - arrière,,,,,,,,,,,1,1,1,9.0,2.0
201700023176,0017-02-21 11:30:00,17,2,21,11,30,870,203,AUTOROUTE A20 PK 207.180,45.6584,1.39927,Plein jour,Hors agglomération,Hors intersection,Pluie légère,Autre collision,,,,,,,,,,,1,1,1,2.0,6.0
201700023177,0017-04-25 10:50:00,17,4,25,10,50,870,202,RN141,45.8799,1.08423,Plein jour,Hors agglomération,Hors intersection,Temps couvert,Deux véhicules - côté,,,,,,,,,,,1,1,1,8.0,3.0
201700023178,0017-06-13 17:40:00,17,6,13,17,40,870,146,A20 PK 217.200,45.5886,1.46743,Plein jour,Hors agglomération,Hors intersection,Normale,Deux véhicules - arrière,,,,,,,,,,,1,1,1,1.0,2.0
201700023179,0017-08-13 10:20:00,17,8,13,10,20,870,205,LIEU-DIT LE MAS DU PUY,45.7672,1.29142,Plein jour,Hors agglomération,Hors intersection,Normale,Deux véhicules - frontale,,,,,,,,,,,1,1,1,1.0,1.0
201700023180,0017-12-22 16:30:00,17,12,22,16,30,870,19,"A20, PK 194+500",45.7477,1.33949,Plein jour,Hors agglomération,Hors intersection,Pluie légère,Autre collision,,,,,,,,,,,1,1,1,2.0,6.0
201700023181,0017-12-31 07:38:00,17,12,31,7,38,870,203,PK 209.380,45.6428,1.41541,Crépuscule ou aube,Hors agglomération,Hors intersection,Normale,Deux véhicules - arrière,,,,,,,,,,,2,1,1,1.0,2.0
201700023182,0017-01-11 17:23:00,17,1,11,17,23,190,274,LD Les Brousseaux - RD 9,45.16886,1.47147,Nuit avec éclairage allumé,Hors agglomération,Hors intersection,Pluie légère,Deux véhicules - arrière,,,,,,,,,,,5,1,1,2.0,2.0
201700023183,0017-04-19 10:30:00,17,4,19,10,30,190,72,A20 pk:263+850,45.2311,1.51289,Plein jour,Hors agglomération,Hors intersection,Normale,Autre collision,,,,,,,,,,,1,1,1,1.0,6.0
201700023184,0017-02-27 18:00:00,17,2,27,18,0,590,462,D925,50.52729,3.00784,Crépuscule ou aube,Hors agglomération,Hors intersection,Pluie légère,Autre collision,,,,,,,,,,,2,1,1,2.0,6.0
201700023185,0017-03-31 10:05:00,17,3,31,10,5,590,22,Rue de la montée - RD 8,50.52595,3.05406,Plein jour,En agglomération,Hors intersection,Normale,Autre collision,,,,,,,,,,,1,2,1,1.0,6.0
201700023186,0017-04-06 16:25:00,17,4,6,16,25,590,266,92 rue nationale,50.54186,2.98218,Plein jour,En agglomération,Intersection en T,Normale,Deux véhicules - côté,,,,,,,,,,,1,2,3,1.0,3.0
201700023187,0017-06-10 18:30:00,17,6,10,18,30,590,123,CD925,50.5179,2.98992,Plein jour,Hors agglomération,Hors intersection,Normale,Sans collision,,,,,,,,,,,1,1,1,1.0,7.0
201700023188,0017-08-26 13:45:00,17,8,26,13,45,590,123,Rue Nationale,50.51555,2.98672,Plein jour,En agglomération,Intersection en X,Normale,Deux véhicules - frontale,,,,,,,,,,,1,2,2,1.0,1.0
201700023189,0017-01-23 08:05:00,17,1,23,8,5,280,85,ROUTE NATIONALE 123,48.42753,1.51497,Crépuscule ou aube,Hors agglomération,Giratoire,Temps couvert,Sans collision,,,,,,,,,,,2,1,6,8.0,7.0
201700023190,0017-02-10 15:25:00,17,2,10,15,25,280,229,BRETAGNE AVENUE DE,48.45344,1.45463,Plein jour,En agglomération,Intersection en X,Normale,Autre collision,,,,,,,,,,,1,2,2,1.0,6.0
201700023191,0017-02-24 07:30:00,17,2,24,7,30,280,85,SOURS (RUE DE),48.43908,1.5166,Crépuscule ou aube,En agglomération,Intersection en T,Normale,Deux véhicules - frontale,,,,,,,,,,,2,2,3,1.0,1.0
201700023192,0017-02-25 16:35:00,17,2,25,16,35,280,220,"27BIS, AVENUE DE LA REPU",48.42668,1.47224,Plein jour,En agglomération,Hors intersection,Normale,Deux véhicules - côté,,,,,,,,,,,1,2,1,1.0,3.0
201700023193,0017-03-13 15:30:00,17,3,13,15,30,280,85,MAUNOURY (RUE DU DOCTEUR,48.44336,1.48347,Plein jour,En agglomération,Hors intersection,Normale,Autre collision,,,,,,,,,,,1,2,1,1.0,6.0
201700023194,0017-03-25 06:42:00,17,3,25,6,42,280,229,RN 1154,48.45124,1.44477,Crépuscule ou aube,Hors agglomération,Hors intersection,Normale,Deux véhicules - frontale,,,,,,,,,,,2,1,1,1.0,1.0
201700023195,0017-03-30 22:55:00,17,3,30,22,55,280,229,"9, BRETAGNE (AVENUE DE)",48.45304,1.45619,Nuit avec éclairage allumé,En agglomération,Hors intersection,Normale,Deux véhicules - côté,,,,,,,,,,,5,2,1,1.0,3.0
201700023196,0017-04-05 13:30:00,17,4,5,13,30,280,229,RESISTANCE (AVENUE DE LA,48.45013,1.4693,Plein jour,En agglomération,Intersection en X,Normale,Deux véhicules - côté,,,,,,,,,,,1,2,2,1.0,3.0
201700023197,0017-03-27 18:00:00,17,3,27,18,0,280,218,"25, VINTANT (RUE MICHEL)",48.43681,1.47048,Plein jour,En agglomération,Hors intersection,Temps éblouissant,Autre collision,,,,,,,,,,,1,2,1,7.0,6.0
201700023198,0017-04-07 20:40:00,17,4,7,20,40,280,85,"3, SEMARD (PLACE PIERRE)",48.44779,1.48204,Crépuscule ou aube,En agglomération,Place,Normale,Autre collision,,,,,,,,,,,2,2,7,1.0,6.0
201700023199,0017-04-30 11:30:00,17,4,30,11,30,280,85,"26, PERI (RUE GABRIEL)",48.44452,1.48059,Plein jour,Hors agglomération,Intersection en T,Normale,Deux véhicules - côté,,,,,,,,,,,1,1,3,1.0,3.0
201700023200,0017-05-03 12:50:00,17,5,3,12,50,280,85,RD939,48.43855,1.52345,Plein jour,En agglomération,Hors intersection,Pluie forte,Deux véhicules - arrière,,,,,,,,,,,1,2,1,3.0,2.0
201700023201,0017-06-13 14:10:00,17,6,13,14,10,280,218,"02, REPUBLIQUE (RUE DE L",48.44076,1.47146,Plein jour,Hors agglomération,Hors intersection,Normale,Deux véhicules - côté,,,,,,,,,,,1,1,1,1.0,3.0
201700023202,0017-06-20 17:55:00,17,6,20,17,55,280,229,RN 1154,48.45264,1.44666,Plein jour,Hors agglomération,Hors intersection,Normale,Trois véhicules et plus - collisions multiples,,,,,,,,,,,1,1,1,1.0,5.0
201700023203,0017-07-11 10:40:00,17,7,11,10,40,280,85,BRIAND (RUE ARISTIDE),48.4458,1.52089,Plein jour,En agglomération,Hors intersection,Normale,Autre collision,,,,,,,,,,,1,2,1,1.0,6.0
201700023204,0017-07-11 16:50:00,17,7,11,16,50,280,85,BRIAND (RUE ARISTIDE),48.44654,1.52085,Plein jour,En agglomération,Hors intersection,Normale,Autre collision,,,,,,,,,,,1,2,1,1.0,6.0
201700023205,0017-08-30 04:45:00,17,8,30,4,45,280,85,"50, COURTILLE (BOULEVARD",48.44362,1.49623,Nuit avec éclairage allumé,En agglomération,Hors intersection,Normale,Autre collision,,,,,,,,,,,5,2,1,1.0,6.0
201700023206,0017-10-03 10:20:00,17,10,3,10,20,280,85,MERMOZ (RUE JEAN),48.45123,1.51329,Plein jour,En agglomération,Giratoire,Normale,Sans collision,,,,,,,,,,,1,2,6,1.0,7.0
201700023207,0017-10-15 19:00:00,17,10,15,19,0,280,110,RN 123 (ROCADE),48.41562,1.50277,Plein jour,Hors agglomération,Hors intersection,Normale,Deux véhicules - côté,,,,,,,,,,,1,1,1,1.0,3.0
201700023208,0017-11-03 13:15:00,17,11,3,13,15,280,85,PERRIN (AVENUE JEAN),48.44765,1.52622,Plein jour,En agglomération,Intersection en X,Normale,Deux véhicules - côté,,,,,,,,,,,1,2,2,1.0,3.0
201700023209,0017-10-17 07:15:00,17,10,17,7,15,280,85,FAUBOURG LA GRAPPE (RUE,48.43973,1.50209,Nuit avec éclairage allumé,En agglomération,Intersection en T,Normale,Trois véhicules et plus - collisions multiples,,,,,,,,,,,5,2,3,1.0,5.0
201700023210,0017-11-14 17:30:00,17,11,14,17,30,280,218,DE TASSIGNY (RUE DE LATT,48.43582,1.45371,Nuit avec éclairage allumé,En agglomération,Hors intersection,Normale,Deux véhicules - arrière,,,,,,,,,,,5,2,1,1.0,2.0
201700023211,0017-11-16 12:50:00,17,11,16,12,50,280,85,"57, PEGUY (BOULEVARD CHA",48.45181,1.4865,Plein jour,En agglomération,Passage à niveau,Temps couvert,Autre collision,,,,,,,,,,,1,2,8,8.0,6.0
201700023212,0017-11-18 23:45:00,17,11,18,23,45,280,85,DROUAISE (PLACE),48.45311,1.48849,Nuit avec éclairage allumé,En agglomération,Hors intersection,Normale,Autre collision,,,,,,,,,,,5,2,1,1.0,6.0
201700023213,0017-11-29 17:10:00,17,11,29,17,10,280,85,MITTERAND ( rue Franois,48.43822,1.51124,Crépuscule ou aube,En agglomération,Hors intersection,Normale,Autre collision,,,,,,,,,,,2,2,1,1.0,6.0
201700023214,0017-11-08 17:35:00,17,11,8,17,35,280,110,RN 123 (ROCADE),48.41614,1.47891,Nuit sans éclairage public,Hors agglomération,Hors intersection,Normale,Trois véhicules et plus - en chaîne,,,,,,,,,,,3,1,1,1.0,4.0
201700023215,0017-12-09 11:20:00,17,12,9,11,20,280,85,"06, MENDES FRANCE (RUE P",48.44144,1.49516,Plein jour,En agglomération,Intersection en T,Autre,Autre collision,,,,,,,,,,,1,2,3,9.0,6.0
201700023216,0017-12-09 18:20:00,17,12,9,18,20,280,229,HUGO (AVENUE VICTOR),48.44812,1.46412,Nuit avec éclairage allumé,En agglomération,Hors intersection,Pluie légère,Autre collision,,,,,,,,,,,5,2,1,2.0,6.0
201700023217,0017-01-15 09:30:00,17,1,15,9,30,420,158,D41,46.03184,3.86625,Plein jour,Hors agglomération,Hors intersection,Neige / grêle,Sans collision,,,,,,,,,,,1,1,1,4.0,7.0
201700023218,0017-01-20 06:30:00,17,1,20,6,30,420,253,route de l'aéroport,46.05057,4.00537,Crépuscule ou aube,Hors agglomération,Hors intersection,Autre,Autre collision,,,,,,,,,,,2,1,1,9.0,6.0
201700023219,0017-01-29 17:40:00,17,1,29,17,40,420,233,la barre D81,46.06944,3.91694,Plein jour,Hors agglomération,Hors intersection,Normale,Autre collision,,,,,,,,,,,1,1,1,1.0,6.0
201700023220,0017-02-18 15:33:00,17,2,18,15,33,420,231,RN7,46.1078,3.96504,Plein jour,Hors agglomération,Hors intersection,Normale,Sans collision,,,,,,,,,,,1,1,1,1.0,7.0
201700023221,0017-05-15 21:30:00,17,5,15,21,30,420,49,RN7 sortie 60,46.13805,3.89975,Nuit sans éclairage public,Hors agglomération,Hors intersection,Normale,Autre collision,,,,,,,,,,,3,1,1,1.0,6.0
201700023222,0017-06-11 12:00:00,17,6,11,12,0,420,182,rue du commerce,46.05155,3.92383,Plein jour,En agglomération,Autre intersection,Normale,Deux véhicules - côté,,,,,,,,,,,1,2,9,1.0,3.0
201700023223,0017-06-17 18:15:00,17,6,17,18,15,420,198,D8 - D31,46.01177,3.9505,Plein jour,Hors agglomération,Intersection en X,Normale,Trois véhicules et plus - collisions multiples,,,,,,,,,,,1,1,2,1.0,5.0
201700023224,0017-06-16 15:35:00,17,6,16,15,35,420,284,chemin de chamarande,46.09467,3.97848,Plein jour,Hors agglomération,Hors intersection,Normale,Deux véhicules - frontale,,,,,,,,,,,1,1,1,1.0,1.0
201700023225,0017-06-28 18:45:00,17,6,28,18,45,420,198,IntersectionRD 8 / RD 31,46.01191,3.95046,Plein jour,Hors agglomération,Intersection en X,Vent fort / tempête,Sans collision,,,,,,,,,,,1,1,2,6.0,7.0
201700023226,0017-06-29 07:30:00,17,6,29,7,30,420,163,D8,46.1905,3.87317,Crépuscule ou aube,Hors agglomération,Hors intersection,Pluie légère,Sans collision,,,,,,,,,,,2,1,1,2.0,7.0
201700023227,0017-07-01 19:25:00,17,7,1,19,25,420,231,D4,46.09454,3.94156,Plein jour,Hors agglomération,Intersection en T,Temps couvert,Deux véhicules - frontale,,,,,,,,,,,1,1,3,8.0,1.0
201700023228,0017-08-27 00:01:00,17,8,27,0,1,420,49,le maroquin,46.13063,3.89707,Nuit sans éclairage public,Hors agglomération,Hors intersection,Normale,Sans collision,,,,,,,,,,,3,1,1,1.0,7.0
201700023229,0017-09-13 09:25:00,17,9,13,9,25,420,253,route de renaison,46.04389,3.99831,Plein jour,En agglomération,Hors intersection,Normale,Autre collision,,,,,,,,,,,1,2,1,1.0,6.0
201700023230,0017-01-20 17:40:00,17,1,20,17,40,280,404,RD 828A,48.71488,1.36745,Plein jour,Hors agglomération,Hors intersection,Normale,Deux véhicules - arrière,,,,,,,,,,,1,1,1,1.0,2.0
201700023231,0017-04-07 21:45:00,17,4,7,21,45,280,134,RN 12 (LA RABETTE),48.74272,1.33684,Nuit sans éclairage public,Hors agglomération,Hors intersection,Normale,Deux véhicules - côté,,,,,,,,,,,3,1,1,1.0,3.0
201700023232,0017-04-14 14:50:00,17,4,14,14,50,280,134,PASTEUR (BOULEVARD),48.7427,1.33676,Plein jour,En agglomération,Hors intersection,Normale,Deux véhicules - arrière,,,,,,,,,,,1,2,1,1.0,2.0
201700023233,0017-04-23 03:35:00,17,4,23,3,35,280,404,RN 154,48.70049,1.3746,Nuit sans éclairage public,Hors agglomération,Hors intersection,Normale,Deux véhicules - frontale,,,,,,,,,,,3,1,1,1.0,1.0
201700023234,0017-04-28 22:50:00,17,4,28,22,50,280,134,"122, SAINT THIBAULT (RUE",48.73324,1.3553,Nuit avec éclairage allumé,En agglomération,Hors intersection,Normale,Autre collision,,,,,,,,,,,5,2,1,1.0,6.0
201700023235,0017-05-17 18:00:00,17,5,17,18,0,280,134,POTEZ (RUE HENRY),48.75034,1.35509,Plein jour,En agglomération,Hors intersection,Pluie forte,Autre collision,,,,,,,,,,,1,2,1,3.0,6.0
201700023236,0017-07-04 18:10:00,17,7,4,18,10,280,404,"1, PEGUY (RUE CHARLES)",48.71673,1.36265,Plein jour,En agglomération,Hors intersection,Normale,Autre collision,,,,,,,,,,,1,2,1,1.0,6.0
201700023237,0017-05-18 21:10:00,17,5,18,21,10,280,404,CRECY (ROUTE DE),48.73721,1.38143,Plein jour,En agglomération,Hors intersection,Pluie légère,Deux véhicules - frontale,,,,,,,,,,,1,2,1,2.0,1.0
201700023238,0017-05-26 17:50:00,17,5,26,17,50,280,134,"0, PASTEUR (BOULEVARD)",48.73728,1.38131,Plein jour,En agglomération,Intersection en T,Normale,Deux véhicules - côté,,,,,,,,,,,1,2,3,1.0,3.0
201700023239,0017-06-13 16:00:00,17,6,13,16,0,280,134,"71, BAS BUISSONS (RUE DE",48.75521,1.33716,Plein jour,En agglomération,Hors intersection,Normale,Deux véhicules - côté,,,,,,,,,,,1,2,1,1.0,3.0
201700023240,0017-06-14 12:15:00,17,6,14,12,15,280,134,"49, LIEVRE D'OR (RUE DU)",48.73668,1.38879,Plein jour,En agglomération,Hors intersection,Normale,Autre collision,,,,,,,,,,,1,2,1,1.0,6.0
201700023241,0017-07-28 17:10:00,17,7,28,17,10,280,404,BREZOLLES (ROUTE DE),48.72886,1.32203,Plein jour,En agglomération,Intersection en T,Normale,Deux véhicules - frontale,,,,,,,,,,,1,2,3,1.0,1.0
201700023242,0017-08-02 00:40:00,17,8,2,0,40,280,134,RN 12 (CARREFOUR DELISLE,48.74606,1.36533,Nuit avec éclairage allumé,En agglomération,Hors intersection,Normale,Autre collision,,,,,,,,,,,5,2,1,1.0,6.0
201700023243,0017-09-02 23:40:00,17,9,2,23,40,280,223,"1, RD 929",48.72673,1.39956,Nuit sans éclairage public,Hors agglomération,Hors intersection,Normale,Sans collision,,,,,,,,,,,3,1,1,1.0,7.0
201700023244,0017-09-13 20:45:00,17,9,13,20,45,280,134,BOIS DES FOSSE (RUE DU),48.73029,1.36684,Nuit avec éclairage allumé,En agglomération,Giratoire,Pluie forte,Autre collision,,,,,,,,,,,5,2,6,3.0,6.0
201700023245,0017-09-01 21:30:00,17,9,1,21,30,280,404,"1, NERUDA (PLACE PABLO)",48.73322,1.32896,Plein jour,En agglomération,Autre intersection,Normale,Autre collision,,,,,,,,,,,1,2,9,1.0,6.0
201700023246,0017-09-16 17:20:00,17,9,16,17,20,280,404,"61, CRECY (ROUTE DE)",48.72683,1.33213,Plein jour,En agglomération,Hors intersection,Normale,Autre collision,,,,,,,,,,,1,2,1,1.0,6.0
201700023247,0017-12-07 07:55:00,17,12,7,7,55,280,134,"16, EUROPE (BOULEVARD DE",48.73967,1.34702,Nuit avec éclairage allumé,En agglomération,Hors intersection,Pluie légère,Autre collision,,,,,,,,,,,5,2,1,2.0,6.0
201700023248,0017-02-19 02:15:00,17,2,19,2,15,710,520,Autoroute A6,46.73409,4.83557,Nuit sans éclairage public,Hors agglomération,Hors intersection,Normale,Deux véhicules - côté,,,,,,,,,,,3,1,1,1.0,3.0
201700023249,0017-03-11 06:15:00,17,3,11,6,15,710,520,,,,Nuit sans éclairage public,Hors agglomération,Hors intersection,Normale,Autre collision,,,,,,,,,,,3,1,1,1.0,6.0
201700023250,0017-05-11 18:05:00,17,5,11,18,5,710,170,autoroute A6,46.92696,4.82029,Plein jour,Hors agglomération,Hors intersection,Pluie forte,Autre collision,,,,,,,,,,,1,1,1,3.0,6.0
201700023251,0017-05-19 20:40:00,17,5,19,20,40,710,512,Autoroute A6 sens Paris/,46.63054,4.86067,Plein jour,Hors agglomération,Hors intersection,Normale,Deux véhicules - arrière,,,,,,,,,,,1,1,1,1.0,2.0
201700023252,0017-06-10 15:20:00,17,6,10,15,20,710,118,autoroute A6 PK330+700 S,46.78949,4.82053,Plein jour,Hors agglomération,Hors intersection,Normale,Autre collision,,,,,,,,,,,1,1,1,1.0,6.0
201700023253,0017-12-17 15:45:00,17,12,17,15,45,710,118,Autoroute A6 sens Lyon/P,46.78949,4.82053,Plein jour,Hors agglomération,Hors intersection,Temps couvert,Autre collision,,,,,,,,,,,1,1,1,8.0,6.0
201700023254,0017-01-12 08:30:00,17,1,12,8,30,740,26,route de Choisy,45.96808,6.05196,Plein jour,Hors agglomération,Hors intersection,Autre,Sans collision,,,,,,,,,,,1,1,1,9.0,7.0
201700023255,0017-01-17 07:50:00,17,1,17,7,50,740,181,60 Rue de la grenette,45.93821,6.10473,Crépuscule ou aube,En agglomération,Giratoire,Normale,Autre collision,,,,,,,,,,,2,2,6,1.0,6.0
201700023256,0017-01-23 18:45:00,17,1,23,18,45,740,181,rue de la grenette,45.93653,6.10298,Nuit avec éclairage allumé,En agglomération,Giratoire,Normale,Deux véhicules - côté,,,,,,,,,,,5,2,6,1.0,3.0
201700023257,0017-02-18 21:30:00,17,2,18,21,30,740,217,route de Genève,45.94763,6.12073,Nuit sans éclairage public,Hors agglomération,Hors intersection,Normale,Autre collision,,,,,,,,,,,3,1,1,1.0,6.0
201700023258,0017-02-18 08:15:00,17,2,18,8,15,740,182,rue de l'égalité,45.91761,6.09693,Crépuscule ou aube,En agglomération,Hors intersection,Normale,Autre collision,,,,,,,,,,,2,2,1,1.0,6.0
201700023259,0017-03-02 10:50:00,17,3,2,10,50,740,182,19 route de frangy,45.9156,6.09093,Plein jour,En agglomération,Hors intersection,Pluie forte,Autre collision,,,,,,,,,,,1,2,1,3.0,6.0
201700023260,0017-04-08 19:34:00,17,4,8,19,34,740,257,,46.01018,5.99455,Plein jour,Hors agglomération,Hors intersection,Normale,Trois véhicules et plus - collisions multiples,,,,,,,,,,,1,1,1,1.0,5.0
201700023261,0017-04-22 22:25:00,17,4,22,22,25,740,182,Route de Frangy,45.90906,6.09675,Nuit avec éclairage allumé,En agglomération,Intersection en T,Normale,Deux véhicules - frontale,,,,,,,,,,,5,2,3,1.0,1.0
201700023262,0017-07-06 08:20:00,17,7,6,8,20,740,217,Route des vernes,45.93816,6.12651,Plein jour,En agglomération,Giratoire,Normale,Deux véhicules - côté,,,,,,,,,,,1,2,6,1.0,3.0
201700023263,0017-08-07 17:05:00,17,8,7,17,5,740,272,Route de CLERMONT,45.94751,6.03854,Plein jour,En agglomération,Intersection en T,Normale,Deux véhicules - côté,,,,,,,,,,,1,2,3,1.0,3.0
201700023264,0017-10-06 14:10:00,17,10,6,14,10,740,19,,45.93782,6.14541,Plein jour,Hors agglomération,Hors intersection,Normale,Deux véhicules - côté,,,,,,,,,,,1,1,1,1.0,3.0
201700023265,0017-10-09 07:30:00,17,10,9,7,30,740,272,,45.95025,6.01602,Crépuscule ou aube,En agglomération,Intersection en T,Normale,Deux véhicules - côté,,,,,,,,,,,2,2,3,1.0,3.0
201700023266,0017-10-09 16:45:00,17,10,9,16,45,740,179,,45.99161,6.0137,Plein jour,Hors agglomération,Autre intersection,Normale,Deux véhicules - arrière,,,,,,,,,,,1,1,9,1.0,2.0
201700023267,0017-12-11 17:35:00,17,12,11,17,35,740,257,,46.01018,5.99455,Nuit sans éclairage public,Hors agglomération,Hors intersection,Pluie forte,Deux véhicules - frontale,,,,,,,,,,,3,1,1,3.0,1.0
201700023268,0017-01-08 02:00:00,17,1,8,2,0,140,629,RD675,49.0149,-0.8065,Nuit sans éclairage public,Hors agglomération,Hors intersection,Brouillard / fumée,Autre collision,,,,,,,,,,,3,1,1,5.0,6.0
201700023269,0017-02-03 23:30:00,17,2,3,23,30,140,629,RD 165 - LIEU DIT LE PON,49.0055,-0.83605,Nuit sans éclairage public,Hors agglomération,Intersection en X,Normale,Autre collision,,,,,,,,,,,3,1,2,1.0,6.0
201700023270,0017-03-31 14:50:00,17,3,31,14,50,140,636,RD 53,49.025,-0.83381,Plein jour,Hors agglomération,Hors intersection,Normale,Autre collision,,,,,,,,,,,1,1,1,1.0,6.0
201700023271,0017-04-08 09:35:00,17,4,8,9,35,140,618,LIEU-DIT LA VALETTE,48.9141,-0.90803,Plein jour,Hors agglomération,Hors intersection,Normale,Deux véhicules - frontale,,,,,,,,,,,1,1,1,1.0,1.0
201700023272,0017-05-21 13:55:00,17,5,21,13,55,140,96,"lieu dit la Vatelière, i",48.99111,-0.79756,Plein jour,Hors agglomération,Intersection en X,Normale,Deux véhicules - côté,,,,,,,,,,,1,1,2,1.0,3.0
201700023273,0017-05-26 15:15:00,17,5,26,15,15,140,443,Les coudraies - RD26,48.94605,-0.7003,Plein jour,Hors agglomération,Intersection en Y,Normale,Sans collision,,,,,,,,,,,1,1,4,1.0,7.0
201700023274,0017-08-04 07:45:00,17,8,4,7,45,140,52,RD577,48.9057,-0.83263,Plein jour,Hors agglomération,Hors intersection,Normale,Trois véhicules et plus - en chaîne,,,,,,,,,,,1,1,1,1.0,4.0
201700023275,0017-08-10 08:30:00,17,8,10,8,30,140,129,"RD 674, lieu dit la Blan",48.96381,-0.93425,Plein jour,Hors agglomération,Hors intersection,Pluie légère,Deux véhicules - frontale,,,,,,,,,,,1,1,1,2.0,1.0
201700023276,0017-11-24 20:15:00,17,11,24,20,15,140,532,"cd577, lieu dit la chape",48.90408,-0.83452,Nuit sans éclairage public,Hors agglomération,Hors intersection,Pluie forte,Autre collision,,,,,,,,,,,3,1,1,3.0,6.0
201700023277,0017-12-03 07:15:00,17,12,3,7,15,140,27,Rue de  Vire,49.01405,-0.63994,Nuit sans éclairage public,En agglomération,Intersection en T,Normale,Autre collision,,,,,,,,,,,3,2,3,1.0,6.0
201700023278,0017-12-07 16:20:00,17,12,7,16,20,140,27,D6,49.02936,-0.64065,Crépuscule ou aube,Hors agglomération,Hors intersection,Pluie légère,Deux véhicules - frontale,,,,,,,,,,,2,1,1,2.0,1.0
201700023279,0017-12-24 13:45:00,17,12,24,13,45,140,129,RD674,48.96374,-0.9342,Plein jour,Hors agglomération,Hors intersection,Temps couvert,Deux véhicules - côté,,,,,,,,,,,1,1,1,8.0,3.0
201700023280,0017-02-01 14:30:00,17,2,1,14,30,220,372,RN 12 PR 67+120 D,48.52535,-2.86665,Plein jour,Hors agglomération,Hors intersection,Vent fort / tempête,Autre collision,,,,,,,,,,,1,1,1,6.0,6.0
201700023281,0017-02-25 22:30:00,17,2,25,22,30,220,223,"RN 12 PR 93 "" Kernilien""",48.56455,-3.19551,Nuit sans éclairage public,Hors agglomération,Intersection en Y,Normale,Deux véhicules - côté,,,,,,,,,,,3,1,4,1.0,3.0
201700023282,0017-03-25 17:35:00,17,3,25,17,35,220,182,RN12 PR73+150,48.53123,-2.94469,Plein jour,Hors agglomération,Hors intersection,Vent fort / tempête,Deux véhicules - arrière,,,,,,,,,,,1,1,1,6.0,2.0
201700023283,0017-04-17 22:15:00,17,4,17,22,15,220,182,RN12 - PR74,48.53061,-2.95562,Nuit sans éclairage public,Hors agglomération,Hors intersection,Normale,Deux véhicules - arrière,,,,,,,,,,,3,1,1,1.0,2.0
201700023284,0017-05-17 17:45:00,17,5,17,17,45,220,225,RN 12 - PR 085+050,48.5466,-3.09604,Plein jour,Hors agglomération,Hors intersection,Temps couvert,Deux véhicules - arrière,,,,,,,,,,,1,1,1,8.0,2.0
201700023285,0017-06-20 22:00:00,17,6,20,22,0,220,164,rn 12 pr 099+650,48.56899,-3.28016,Crépuscule ou aube,Hors agglomération,Hors intersection,Normale,Sans collision,,,,,,,,,,,2,1,1,1.0,7.0
201700023286,0017-06-21 08:10:00,17,6,21,8,10,220,182,RN 12 PR 72+100,48.53134,-2.93117,Plein jour,Hors agglomération,Hors intersection,Normale,Trois véhicules et plus - en chaîne,,,,,,,,,,,1,1,1,1.0,4.0
201700023287,0017-08-06 06:10:00,17,8,6,6,10,220,135,RN12 - PR 102+0850,48.56523,-3.3268,Crépuscule ou aube,Hors agglomération,Hors intersection,Normale,Deux véhicules - arrière,,,,,,,,,,,2,1,1,1.0,2.0
201700023288,0017-08-15 00:30:00,17,8,15,0,30,220,34,RD 767 - PR 42+800,48.66387,-3.34394,Nuit sans éclairage public,Hors agglomération,Hors intersection,Normale,Sans collision,,,,,,,,,,,3,1,1,1.0,7.0
201700023289,0017-09-02 08:30:00,17,9,2,8,30,220,206,RN 9012,48.53002,-2.96524,Plein jour,Hors agglomération,Intersection en Y,Temps éblouissant,Trois véhicules et plus - collisions multiples,,,,,,,,,,,1,1,4,7.0,5.0
201700023290,0017-11-05 12:20:00,17,11,5,12,20,220,188,RN 12 PR 67+600,48.52339,-2.87159,Plein jour,Hors agglomération,Hors intersection,Neige / grêle,Deux véhicules - côté,,,,,,,,,,,1,1,1,4.0,3.0
201700023291,0017-11-05 12:15:00,17,11,5,12,15,220,372,"RN12, PR 67+300, sens BR",48.52443,-2.8684,Plein jour,Hors agglomération,Hors intersection,Neige / grêle,Sans collision,,,,,,,,,,,1,1,1,4.0,7.0