accident_id,datetime,annee,mois,jour,heure,minute,departement,commune_insee,adresse,latitude,longitude,luminosite,agglomeration,intersection,meteo,collision,nb_vehicules,nb_usagers,nb_indemnes,nb_tues,nb_blesses_hosp,nb_blesses_legers,age_cond_1,age_cond_2,veh_type_cond_1,veh_type_cond_2,lum_code,agg_code,int_code,atm_code,col_code
201700023292,0017-11-18 01:15:00,17,11,18,1,15,220,182,RN 12 - PR 070+0100,48.52863,-2.905,Nuit sans éclairage public,Hors agglomération,Hors intersection,Normale,Deux véhicules - côté,,,,,,,,,,,3,1,1,1.0,3.0
201700023293,0017-11-25 08:10:00,17,11,25,8,10,220,304,"RN12, sens BREST-RENNES,",48.53622,-3.05311,Plein jour,Hors agglomération,Hors intersection,Neige / grêle,Autre collision,,,,,,,,,,,1,1,1,4.0,6.0
201700023294,0017-11-25 08:35:00,17,11,25,8,35,220,304,ROUTE NATIONALE 12,48.53559,-3.03823,Plein jour,Hors agglomération,Hors intersection,Neige / grêle,Autre collision,,,,,,,,,,,1,1,1,4.0,6.0
201700023295,0017-12-14 17:45:00,17,12,14,17,45,220,135,rn 12 pr 104+0400,48.55937,-3.34485,Nuit sans éclairage public,Hors agglomération,Hors intersection,Neige / grêle,Autre collision,,,,,,,,,,,3,1,1,4.0,6.0
201700023296,0017-02-24 20:30:00,17,2,24,20,30,220,44,RN 12 PR 043+100,48.47564,-2.58036,Nuit sans éclairage public,Hors agglomération,Hors intersection,Normale,Deux véhicules - arrière,,,,,,,,,,,3,1,1,1.0,2.0
201700023297,0017-03-27 01:00:00,17,3,27,1,0,220,44,RN 12 direction RENNES P,48.47698,-2.5995,Nuit sans éclairage public,Hors agglomération,Hors intersection,Normale,Sans collision,,,,,,,,,,,3,1,1,1.0,7.0
201700023298,0017-04-30 12:20:00,17,4,30,12,20,220,388,RN1176 PR 19+850,48.43518,-2.14906,Plein jour,Hors agglomération,Hors intersection,Temps couvert,Autre collision,,,,,,,,,,,1,1,1,8.0,6.0
201700023299,0017-06-06 08:15:00,17,6,6,8,15,220,389,RN 12 PR 48+500,48.48041,-2.65259,Plein jour,Hors agglomération,Hors intersection,Normale,Trois véhicules et plus - en chaîne,,,,,,,,,,,1,1,1,1.0,4.0
201700023300,0017-07-14 14:50:00,17,7,14,14,50,220,337,RN12 sens St Brieuc / Re,48.35397,-2.30708,Plein jour,Hors agglomération,Hors intersection,Normale,Sans collision,,,,,,,,,,,1,1,1,1.0,7.0
201700023301,0017-09-03 18:00:00,17,9,3,18,0,220,160,RN.12 - PR.034+500 - Ver,48.44495,-2.47978,Plein jour,Hors agglomération,Hors intersection,Temps couvert,Deux véhicules - arrière,,,,,,,,,,,1,1,1,8.0,2.0
201700023302,0017-09-26 08:20:00,17,9,26,8,20,220,81,N12,48.48123,-2.63931,Plein jour,Hors agglomération,Hors intersection,Normale,Deux véhicules - arrière,,,,,,,,,,,1,1,1,1.0,2.0
201700023303,0017-09-29 15:15:00,17,9,29,15,15,220,389,RN 12 PR48+200,48.4807,-2.64876,Plein jour,Hors agglomération,Hors intersection,Normale,Deux véhicules - frontale,,,,,,,,,,,1,1,1,1.0,1.0
201700023304,0017-10-01 00:45:00,17,10,1,0,45,220,213,RN 176,48.53656,-1.97587,Nuit sans éclairage public,Hors agglomération,Hors intersection,Pluie légère,Sans collision,,,,,,,,,,,3,1,1,2.0,7.0
201700023305,0017-10-06 09:15:00,17,10,6,9,15,220,81,N12,48.4799,-2.62796,Plein jour,Hors agglomération,Hors intersection,Normale,Trois véhicules et plus - collisions multiples,,,,,,,,,,,1,1,1,1.0,5.0
201700023306,0017-10-21 17:10:00,17,10,21,17,10,220,93,RN 12. PR 036+200. En fa,48.45469,-2.49565,Plein jour,Hors agglomération,Hors intersection,Normale,Autre collision,,,,,,,,,,,1,1,1,1.0,6.0
201700023307,0017-10-20 08:00:00,17,10,20,8,0,220,389,FACE Z.A de L'écluse,48.47942,-2.67004,Crépuscule ou aube,Hors agglomération,Hors intersection,Temps couvert,Deux véhicules - côté,,,,,,,,,,,2,1,1,8.0,3.0
201700023308,0017-11-25 09:50:00,17,11,25,9,50,220,84,RN 176 PR 36.600,48.41206,-2.36466,Plein jour,Hors agglomération,Hors intersection,Neige / grêle,Trois véhicules et plus - en chaîne,,,,,,,,,,,1,1,1,4.0,4.0
201700023309,0017-12-17 07:10:00,17,12,17,7,10,220,364,RN 176 PR 016+200 sens L,48.44581,-2.10407,Nuit sans éclairage public,Hors agglomération,Hors intersection,Normale,Autre collision,,,,,,,,,,,3,1,1,1.0,6.0
201700023310,0017-12-27 11:20:00,17,12,27,11,20,220,337,RN 12 PR 018+100 LIEU DI,48.35504,-2.30959,Plein jour,Hors agglomération,Hors intersection,Neige / grêle,Deux véhicules - arrière,,,,,,,,,,,1,1,1,4.0,2.0
201700023311,0017-01-01 15:30:00,17,1,1,15,30,290,95,N12 Pen Ar Forest,48.46159,-4.3552,Plein jour,Hors agglomération,Hors intersection,Normale,Deux véhicules - côté,,,,,,,,,,,1,1,1,1.0,3.0
201700023312,0017-01-04 20:15:00,17,1,4,20,15,290,181,route nationale 12,48.47941,-4.25308,Nuit sans éclairage public,Hors agglomération,Hors intersection,Normale,Trois véhicules et plus - en chaîne,,,,,,,,,,,3,1,1,1.0,4.0
201700023313,0017-01-09 14:10:00,17,1,9,14,10,290,68,RN 12 - PR035.350,48.53145,-4.00232,Plein jour,Hors agglomération,Hors intersection,Pluie légère,Autre collision,,,,,,,,,,,1,1,1,2.0,6.0
201700023314,0017-01-25 12:30:00,17,1,25,12,30,290,199,RN12,48.57615,-3.7062,Plein jour,Hors agglomération,Hors intersection,Normale,Deux véhicules - arrière,,,,,,,,,,,1,1,1,1.0,2.0
201700023315,0017-02-10 02:00:00,17,2,10,2,0,290,264,n12,48.5026,-4.15815,Nuit sans éclairage public,Hors agglomération,Hors intersection,Normale,Autre collision,,,,,,,,,,,3,1,1,1.0,6.0
201700023316,0017-03-14 10:30:00,17,3,14,10,30,290,264,RN12 PR 047.800,48.50119,-4.16485,Plein jour,Hors agglomération,Hors intersection,Normale,Autre collision,,,,,,,,,,,1,1,1,1.0,6.0
201700023317,0017-03-29 14:00:00,17,3,29,14,0,290,264,RN 12  PR 046.600,48.50203,-4.16725,Plein jour,Hors agglomération,Hors intersection,Normale,Autre collision,,,,,,,,,,,1,1,1,1.0,6.0
201700023318,0017-04-03 15:30:00,17,4,3,15,30,290,265,ROUTE  NATIONALE 12,48.55609,-3.87365,Plein jour,Hors agglomération,Autre intersection,Normale,Deux véhicules - frontale,,,,,,,,,,,1,1,9,1.0,1.0
201700023319,0017-04-05 18:30:00,17,4,5,18,30,290,75,RN12 PR 067.500,48.44027,-4.41376,Plein jour,Hors agglomération,Hors intersection,Normale,Trois véhicules et plus - en chaîne,,,,,,,,,,,1,1,1,1.0,4.0
201700023320,0017-04-05 19:05:00,17,4,5,19,5,290,75,"R.N. 12 au P.R. 69, 800.",48.43367,-4.44272,Crépuscule ou aube,Hors agglomération,Hors intersection,Normale,Trois véhicules et plus - collisions multiples,,,,,,,,,,,2,1,1,1.0,5.0
201700023321,0017-04-07 07:50:00,17,4,7,7,50,290,95,"R.N. 12 au P.R. 63, 800.",48.4559,-4.36921,Crépuscule ou aube,Hors agglomération,Hors intersection,Normale,Autre collision,,,,,,,,,,,2,1,1,1.0,6.0
201700023322,0017-04-25 13:25:00,17,4,25,13,25,290,183,"R.N. 12 au P.R. 000, 240",48.56801,-3.58901,Plein jour,Hors agglomération,Hors intersection,Normale,Autre collision,,,,,,,,,,,1,1,1,1.0,6.0
201700023323,0017-05-28 21:00:00,17,5,28,21,0,290,75,Route Nationale 12,48.44702,-4.39355,Crépuscule ou aube,Hors agglomération,Hors intersection,Normale,Autre collision,,,,,,,,,,,2,1,1,1.0,6.0
201700023324,0017-06-19 08:25:00,17,6,19,8,25,290,75,N12,48.44181,-4.40801,Plein jour,Hors agglomération,Hors intersection,Normale,Deux véhicules - arrière,,,,,,,,,,,1,1,1,1.0,2.0
201700023325,0017-07-11 15:00:00,17,7,11,15,0,290,75,N12 PK 067+300,48.44181,-4.40801,Plein jour,Hors agglomération,Hors intersection,Pluie forte,Trois véhicules et plus - en chaîne,,,,,,,,,,,1,1,1,3.0,4.0
201700023326,0017-07-30 18:15:00,17,7,30,18,15,290,75,RN 12,48.43845,-4.42021,Plein jour,Hors agglomération,Hors intersection,Normale,Autre collision,,,,,,,,,,,1,1,1,1.0,6.0
201700023327,0017-09-30 20:53:00,17,9,30,20,53,290,75,RN 12  PR 069+000,48.43355,-4.44249,Nuit sans éclairage public,Hors agglomération,Hors intersection,Pluie légère,Deux véhicules - arrière,,,,,,,,,,,3,1,1,2.0,2.0
201700023328,0017-10-03 18:04:00,17,10,3,18,4,290,75,n12,48.44181,-4.40801,Plein jour,Hors agglomération,Hors intersection,Normale,Trois véhicules et plus - collisions multiples,,,,,,,,,,,1,1,1,1.0,5.0
201700023329,0017-10-26 08:00:00,17,10,26,8,0,290,204,RN 12,48.5018,-4.17002,Crépuscule ou aube,Hors agglomération,Hors intersection,Normale,Deux véhicules - arrière,,,,,,,,,,,2,1,1,1.0,2.0
201700023330,0017-11-07 18:30:00,17,11,7,18,30,290,75,RN 12 - Kerverzit,48.45163,-4.38051,Nuit sans éclairage public,Hors agglomération,Hors intersection,Pluie légère,Autre collision,,,,,,,,,,,3,1,1,2.0,6.0
201700023331,0017-11-09 18:35:00,17,11,9,18,35,290,10,RN 12 - PR 043.300 sens,48.50746,-4.10615,Nuit sans éclairage public,Hors agglomération,Hors intersection,Pluie légère,Trois véhicules et plus - en chaîne,,,,,,,,,,,3,1,1,2.0,4.0
201700023332,0017-12-03 10:00:00,17,12,3,10,0,290,75,Kervao,48.43342,-4.44691,Plein jour,Hors agglomération,Hors intersection,Autre,Trois véhicules et plus - collisions multiples,,,,,,,,,,,1,1,1,9.0,5.0
201700023333,0017-12-12 18:05:00,17,12,12,18,5,290,105,RN 12,48.52096,-4.04171,Nuit sans éclairage public,Hors agglomération,Hors intersection,Normale,Autre collision,,,,,,,,,,,3,1,1,1.0,6.0
201700023334,0017-12-12 18:05:00,17,12,12,18,5,290,105,N12,48.5183,-4.06205,Nuit sans éclairage public,Hors agglomération,Hors intersection,Normale,Trois véhicules et plus - collisions multiples,,,,,,,,,,,3,1,1,1.0,5.0
201700023335,0017-01-19 20:00:00,17,1,19,20,0,290,53,RN165,48.30027,-4.17664,Plein jour,Hors agglomération,Hors intersection,Normale,Autre collision,,,,,,,,,,,1,1,1,1.0,6.0
201700023336,0017-09-17 14:30:00,17,9,17,14,30,290,20,RN165-PR57+500 sens BRES,48.05833,-4.05469,Plein jour,Hors agglomération,Hors intersection,Normale,Autre collision,,,,,,,,,,,1,1,1,1.0,6.0
201700023337,0017-12-09 13:30:00,17,12,9,13,30,290,302,RN 165 PR084+300,48.26259,-4.11336,Plein jour,Hors agglomération,Hors intersection,Pluie légère,Autre collision,,,,,,,,,,,1,1,1,2.0,6.0
201700023338,0017-12-19 17:40:00,17,12,19,17,40,290,42,rue chanoine Grall,48.24498,-4.48859,Crépuscule ou aube,En agglomération,Hors intersection,Normale,Autre collision,,,,,,,,,,,2,2,1,1.0,6.0
201700023339,0017-01-14 15:10:00,17,1,14,15,10,350,206,Route nationale 137 Poin,48.07246,-1.67597,Plein jour,Hors agglomération,Hors intersection,Normale,Trois véhicules et plus - en chaîne,,,,,,,,,,,1,1,1,1.0,4.0
201700023340,0017-01-28 16:15:00,17,1,28,16,15,350,124,route nationale 137 poin,47.7525,-1.71516,Plein jour,Hors agglomération,Hors intersection,Neige / grêle,Autre collision,,,,,,,,,,,1,1,1,4.0,6.0
201700023341,0017-02-07 10:00:00,17,2,7,10,0,350,66,rond point de la métairi,48.04826,-1.70888,Plein jour,En agglomération,Giratoire,Normale,Deux véhicules - côté,,,,,,,,,,,1,2,6,1.0,3.0
201700023342,0017-03-06 15:15:00,17,3,6,15,15,350,66,RN137 PK29+400,48.046,-1.68399,Plein jour,Hors agglomération,Hors intersection,Normale,Trois véhicules et plus - en chaîne,,,,,,,,,,,1,1,1,1.0,4.0
201700023343,0017-03-20 19:10:00,17,3,20,19,10,350,33,RN 137 PK 25+0,47.92137,-1.67603,Crépuscule ou aube,Hors agglomération,Hors intersection,Pluie légère,Autre collision,,,,,,,,,,,2,1,1,2.0,6.0
201700023344,0017-03-30 00:50:00,17,3,30,0,50,350,231,RN137 PK23+500,47.90743,-1.68388,Nuit sans éclairage public,Hors agglomération,Hors intersection,Normale,Sans collision,,,,,,,,,,,3,1,1,1.0,7.0
201700023345,0017-04-25 09:30:00,17,4,25,9,30,350,206,RN137 - PK42+768,48.07565,-1.67535,Plein jour,Hors agglomération,Hors intersection,Normale,Trois véhicules et plus - en chaîne,,,,,,,,,,,1,1,1,1.0,4.0
201700023346,0017-06-16 13:30:00,17,6,16,13,30,350,221,route nationale 137 pk01,47.86696,-1.69103,Plein jour,Hors agglomération,Hors intersection,Normale,Autre collision,,,,,,,,,,,1,1,1,1.0,6.0
201700023347,0017-06-26 18:45:00,17,6,26,18,45,350,139,RN 137 pk 27+700,47.9417,-1.67611,Plein jour,Hors agglomération,Hors intersection,Normale,Deux véhicules - arrière,,,,,,,,,,,1,1,1,1.0,2.0
201700023348,0017-07-10 14:05:00,17,7,10,14,5,350,139,ROUTE NATIONALE 137 PK,47.9676,-1.71065,Plein jour,Hors agglomération,Hors intersection,Normale,Trois véhicules et plus - collisions multiples,,,,,,,,,,,1,1,1,1.0,5.0
201700023349,0017-07-23 20:30:00,17,7,23,20,30,350,231,route nationale 137 poin,47.88673,-1.69037,Plein jour,Hors agglomération,Hors intersection,Pluie légère,Deux véhicules - côté,,,,,,,,,,,1,1,1,2.0,3.0
201700023350,0017-08-06 15:05:00,17,8,6,15,5,350,363,RN137 - PR 33+380,48.0113,-1.69177,Plein jour,Hors agglomération,Hors intersection,Normale,Autre collision,,,,,,,,,,,1,1,1,1.0,6.0
201700023351,0017-09-01 19:20:00,17,9,1,19,20,350,139,,47.97864,-1.69537,Plein jour,Hors agglomération,Hors intersection,Normale,Deux véhicules - côté,,,,,,,,,,,1,1,1,1.0,3.0
201700023352,0017-09-18 12:47:00,17,9,18,12,47,350,206,RN 137,48.03723,-1.68703,Plein jour,Hors agglomération,Hors intersection,Normale,Deux véhicules - arrière,,,,,,,,,,,1,1,1,1.0,2.0
201700023353,0017-11-06 07:15:00,17,11,6,7,15,350,12,,47.81708,-1.68928,Crépuscule ou aube,Hors agglomération,Hors intersection,Normale,Deux véhicules - arrière,,,,,,,,,,,2,1,1,1.0,2.0
201700023354,0017-11-12 06:45:00,17,11,12,6,45,350,139,Route Nationale 137,47.94673,-1.67728,Nuit sans éclairage public,Hors agglomération,Hors intersection,Normale,Autre collision,,,,,,,,,,,3,1,1,1.0,6.0
201700023355,0017-03-27 07:20:00,17,3,27,7,20,350,310,A84 PK132+500,48.3705,-1.30353,Crépuscule ou aube,Hors agglomération,Hors intersection,Normale,Deux véhicules - arrière,,,,,,,,,,,2,1,1,1.0,2.0
201700023356,0017-08-25 22:10:00,17,8,25,22,10,350,152,Autoroute A 84 PK 102.50,48.18477,-1.55206,Nuit sans éclairage public,Hors agglomération,Hors intersection,Normale,Deux véhicules - arrière,,,,,,,,,,,3,1,1,1.0,2.0
201700023357,0017-10-23 07:15:00,17,10,23,7,15,350,334,autoroute A84 PK 97.700,48.15763,-1.59751,Nuit sans éclairage public,Hors agglomération,Hors intersection,Pluie légère,Autre collision,,,,,,,,,,,3,1,1,2.0,6.0
201700023358,0017-02-09 00:30:00,17,2,9,0,30,10,419,Rd 884,46.25249,5.94388,Nuit sans éclairage public,Hors agglomération,Hors intersection,Pluie légère,Deux véhicules - frontale,,,,,,,,,,,3,1,1,2.0,1.0
201700023359,0017-02-24 15:05:00,17,2,24,15,5,10,135,Route du col,46.28981,6.01586,Plein jour,En agglomération,Hors intersection,Temps couvert,Autre collision,,,,,,,,,,,1,2,1,8.0,6.0
201700023360,0017-02-27 17:50:00,17,2,27,17,50,10,354,Rue de la Faucille - ZA,46.26181,6.02996,Plein jour,En agglomération,Intersection en T,Normale,Deux véhicules - côté,,,,,,,,,,,1,2,3,1.0,3.0
201700023361,0017-03-16 20:40:00,17,3,16,20,40,10,78,Route de la plaine - lie,46.17959,5.98349,Nuit avec éclairage allumé,En agglomération,Intersection en X,Normale,Deux véhicules - côté,,,,,,,,,,,5,2,2,1.0,3.0
201700023362,0017-04-30 12:00:00,17,4,30,12,0,10,78,route de Greny,46.18551,5.9666,Plein jour,Hors agglomération,Hors intersection,Normale,Autre collision,,,,,,,,,,,1,1,1,1.0,6.0
201700023363,0017-05-01 03:15:00,17,5,1,3,15,10,288,chemin du martinet - RD,46.18185,5.92898,Nuit sans éclairage public,Hors agglomération,Hors intersection,Pluie forte,Sans collision,,,,,,,,,,,3,1,1,3.0,7.0
201700023364,0017-05-26 08:03:00,17,5,26,8,3,10,354,D35,46.24828,6.0416,Plein jour,Hors agglomération,Intersection en T,Normale,Autre collision,,,,,,,,,,,1,1,3,1.0,6.0
201700023365,0017-05-26 16:55:00,17,5,26,16,55,10,354,D35A,46.25484,6.04122,Plein jour,Hors agglomération,Hors intersection,Normale,Deux véhicules - frontale,,,,,,,,,,,1,1,1,1.0,1.0
201700023366,0017-07-15 20:30:00,17,7,15,20,30,10,354,D 984C,46.26474,6.03129,Crépuscule ou aube,En agglomération,Hors intersection,Normale,Deux véhicules - côté,,,,,,,,,,,2,2,1,1.0,3.0
201700023367,0017-07-12 19:10:00,17,7,12,19,10,10,354,rue de gex,46.24526,6.02339,Plein jour,En agglomération,Hors intersection,Normale,Deux véhicules - arrière,,,,,,,,,,,1,2,1,1.0,2.0
201700023368,0017-07-27 17:25:00,17,7,27,17,25,10,419,D89K,46.24127,5.99921,Plein jour,Hors agglomération,Intersection en T,Normale,Deux véhicules - côté,,,,,,,,,,,1,1,3,1.0,3.0
201700023369,0017-09-08 16:10:00,17,9,8,16,10,10,109,D984,46.1424,5.90407,Plein jour,Hors agglomération,Intersection en Y,Normale,Deux véhicules - côté,,,,,,,,,,,1,1,4,1.0,3.0
201700023370,0017-09-17 17:49:00,17,9,17,17,49,10,209,Route départementale 120,46.10309,5.8746,Plein jour,Hors agglomération,Hors intersection,Pluie légère,Deux véhicules - frontale,,,,,,,,,,,1,1,1,2.0,1.0
201700023371,0017-09-16 09:55:00,17,9,16,9,55,10,209,Départementale 1206,46.1223,5.89611,Plein jour,Hors agglomération,Hors intersection,Normale,Deux véhicules - frontale,,,,,,,,,,,1,1,1,1.0,1.0
201700023372,0017-10-05 17:30:00,17,10,5,17,30,10,401,rue du jura,46.2452,6.01658,Plein jour,En agglomération,Hors intersection,Normale,Autre collision,,,,,,,,,,,1,2,1,1.0,6.0
201700023373,0017-10-16 15:25:00,17,10,16,15,25,10,313,D35,46.24809,6.06833,Plein jour,Hors agglomération,Intersection en T,Temps éblouissant,Deux véhicules - frontale,,,,,,,,,,,1,1,3,7.0,1.0
201700023374,0017-11-21 15:18:00,17,11,21,15,18,10,209,D1206,46.10622,5.87712,Plein jour,Hors agglomération,Hors intersection,Normale,Deux véhicules - côté,,,,,,,,,,,1,1,1,1.0,3.0
201700023375,0017-11-24 12:00:00,17,11,24,12,0,10,354,Rue Georges Charpak,46.24171,6.03086,Plein jour,En agglomération,Hors intersection,Temps éblouissant,Deux véhicules - frontale,,,,,,,,,,,1,2,1,7.0,1.0
201700023376,0017-12-08 07:50:00,17,12,8,7,50,10,354,Rue du commandant blaiso,46.24445,6.02136,Crépuscule ou aube,En agglomération,Hors intersection,Pluie forte,Autre collision,,,,,,,,,,,2,2,1,3.0,6.0
201700023377,0017-03-26 17:45:00,17,3,26,17,45,540,212,RD618,49.50575,5.67528,Plein jour,Hors agglomération,Hors intersection,Normale,Trois véhicules et plus - collisions multiples,,,,,,,,,,,1,1,1,1.0,5.0
201700023378,0017-04-26 21:00:00,17,4,26,21,0,540,314,RD171A,49.49589,5.73748,Nuit sans éclairage public,Hors agglomération,Hors intersection,Normale,Deux véhicules - frontale,,,,,,,,,,,3,1,1,1.0,1.0
201700023379,0017-05-03 03:30:00,17,5,3,3,30,540,172,RD18,49.44712,5.70138,Nuit sans éclairage public,Hors agglomération,Hors intersection,Pluie légère,Autre collision,,,,,,,,,,,3,1,1,2.0,6.0
201700023380,0017-06-09 20:10:00,17,6,9,20,10,540,67,RD 18,49.43545,5.69391,Plein jour,Hors agglomération,Hors intersection,Normale,Autre collision,,,,,,,,,,,1,1,1,1.0,6.0
201700023381,0017-06-11 11:20:00,17,6,11,11,20,540,67,D643,49.4354,5.65894,Plein jour,Hors agglomération,Hors intersection,Normale,Sans collision,,,,,,,,,,,1,1,1,1.0,7.0
201700023382,0017-07-12 04:15:00,17,7,12,4,15,540,67,RD 18,49.42493,5.67603,Nuit sans éclairage public,Hors agglomération,Hors intersection,Pluie légère,Sans collision,,,,,,,,,,,3,1,1,2.0,7.0
201700023383,0017-07-19 16:00:00,17,7,19,16,0,540,574,Chemin du bois de Saint-,49.50563,5.69362,Plein jour,Hors agglomération,Hors intersection,Normale,Autre collision,,,,,,,,,,,1,1,1,1.0,6.0
201700023384,0017-07-18 07:55:00,17,7,18,7,55,540,67,RD 18,49.44833,5.70212,Plein jour,Hors agglomération,Hors intersection,Normale,Autre collision,,,,,,,,,,,1,1,1,1.0,6.0
201700023385,0017-10-24 21:15:00,17,10,24,21,15,540,322,6 rue de Sète,49.44735,5.5993,Nuit avec éclairage allumé,En agglomération,Hors intersection,Pluie légère,Autre collision,,,,,,,,,,,5,2,1,2.0,6.0
201700023386,0017-11-11 17:00:00,17,11,11,17,0,540,212,D618,49.50734,5.65972,Nuit sans éclairage public,Hors agglomération,Hors intersection,Pluie légère,Trois véhicules et plus - collisions multiples,,,,,,,,,,,3,1,1,2.0,5.0
201700023387,0017-11-14 17:20:00,17,11,14,17,20,540,314,route de longuyon - RD 6,49.50309,5.72997,Nuit avec éclairage allumé,Hors agglomération,Hors intersection,Temps couvert,Deux véhicules - frontale,,,,,,,,,,,5,1,1,8.0,1.0
201700023388,0017-01-13 16:10:00,17,1,13,16,10,670,425,D716,48.76713,7.38089,Plein jour,Hors agglomération,Hors intersection,Normale,Deux véhicules - arrière,,,,,,,,,,,1,1,1,1.0,2.0
201700023389,0017-02-23 14:45:00,17,2,23,14,45,670,302,"D6, sortie monswiller D1",48.75062,7.3856,Plein jour,Hors agglomération,Giratoire,Vent fort / tempête,Deux véhicules - côté,,,,,,,,,,,1,1,6,6.0,3.0
201700023390,0017-06-23 16:15:00,17,6,23,16,15,670,89,D 421 PK 26686,48.76076,7.4542,Plein jour,Hors agglomération,Hors intersection,Normale,Deux véhicules - côté,,,,,,,,,,,1,1,1,1.0,3.0
201700023391,0017-08-27 18:55:00,17,8,27,18,55,670,6,rue de Littenheim,48.72056,7.46963,Plein jour,En agglomération,Hors intersection,Normale,Deux véhicules - frontale,,,,,,,,,,,1,2,1,1.0,1.0
201700023392,0017-10-16 16:15:00,17,10,16,16,15,670,437,46 rue des sources,48.73385,7.36641,Plein jour,En agglomération,Hors intersection,Normale,Autre collision,,,,,,,,,,,1,2,1,1.0,6.0
201700023393,0017-10-17 08:30:00,17,10,17,8,30,670,437,rue du griffon,48.74185,7.35991,Plein jour,En agglomération,Hors intersection,Normale,Autre collision,,,,,,,,,,,1,2,1,1.0,6.0
201700023394,0017-10-21 12:10:00,17,10,21,12,10,670,117,70 rue principale,48.76776,7.35733,Plein jour,En agglomération,Hors intersection,Normale,Deux véhicules - côté,,,,,,,,,,,1,2,1,1.0,3.0
201700023395,0017-12-07 15:45:00,17,12,7,15,45,670,437,intersection route paris,48.73899,7.36393,Plein jour,En agglomération,Hors intersection,Normale,Autre collision,,,,,,,,,,,1,2,1,1.0,6.0
201700023396,0017-03-18 03:45:00,17,3,18,3,45,830,48,Boulevard de saint Rapha,43.1973,6.5642,Nuit sans éclairage public,Hors agglomération,Hors intersection,Normale,Sans collision,,,,,,,,,,,3,1,1,1.0,7.0
201700023397,0017-04-14 13:45:00,17,4,14,13,45,830,48,boulevard tabarin,43.1952,6.56978,Plein jour,En agglomération,Hors intersection,Normale,Deux véhicules - côté,,,,,,,,,,,1,2,1,1.0,3.0
201700023398,0017-05-22 20:15:00,17,5,22,20,15,830,48,468 route du Brost,43.21146,6.57424,Crépuscule ou aube,En agglomération,Hors intersection,Normale,Deux véhicules - frontale,,,,,,,,,,,2,2,1,1.0,1.0
201700023399,0017-06-25 12:20:00,17,6,25,12,20,830,36,RD 559,43.16255,6.50436,Plein jour,Hors agglomération,Hors intersection,Normale,Deux véhicules - frontale,,,,,,,,,,,1,1,1,1.0,1.0
201700023400,0017-07-20 17:05:00,17,7,20,17,5,830,48,1601 boulevard de Gigaro,43.18762,6.59078,Plein jour,En agglomération,Hors intersection,Normale,Deux véhicules - côté,,,,,,,,,,,1,2,1,1.0,3.0
201700023401,0017-08-16 07:30:00,17,8,16,7,30,830,36,bld de saint Raphael,43.18489,6.54439,Plein jour,En agglomération,Hors intersection,Normale,Trois véhicules et plus - en chaîne,,,,,,,,,,,1,2,1,1.0,4.0
201700023402,0017-09-19 09:25:00,17,9,19,9,25,830,48,RD 559,43.20634,6.56819,Plein jour,En agglomération,Hors intersection,Normale,Autre collision,,,,,,,,,,,1,2,1,1.0,6.0
201700023403,0017-10-22 10:30:00,17,10,22,10,30,830,48,chemin de PROVENCE,43.19651,6.5507,Plein jour,Hors agglomération,Hors intersection,Normale,Deux véhicules - arrière,,,,,,,,,,,1,1,1,1.0,2.0
201700023404,0017-01-06 15:20:00,17,1,6,15,20,670,548,rue de l'économie,48.6424,7.6014,Plein jour,En agglomération,Hors intersection,Temps éblouissant,Autre collision,,,,,,,,,,,1,2,1,7.0,6.0
201700023405,0017-06-26 05:40:00,17,6,26,5,40,670,485,CD 64 - PR 0+500,48.6266,7.62729,Plein jour,Hors agglomération,Hors intersection,Temps éblouissant,Deux véhicules - côté,,,,,,,,,,,1,1,1,7.0,3.0
201700023406,0017-09-22 20:00:00,17,9,22,20,0,670,214,CD341,48.61865,7.60199,Nuit sans éclairage public,Hors agglomération,Hors intersection,Normale,Deux véhicules - côté,,,,,,,,,,,3,1,1,1.0,3.0
201700023407,0017-09-30 19:45:00,17,9,30,19,45,670,58,Rue Principale,48.78157,7.55988,Nuit avec éclairage allumé,En agglomération,Hors intersection,Normale,Deux véhicules - côté,,,,,,,,,,,5,2,1,1.0,3.0
201700023408,0017-10-06 16:08:00,17,10,6,16,8,670,530,27 rue principale,48.77484,7.55174,Plein jour,En agglomération,Hors intersection,Normale,Deux véhicules - frontale,,,,,,,,,,,1,2,1,1.0,1.0
201700023409,0017-01-27 16:45:00,17,1,27,16,45,350,176,avenue de la gare,47.82398,-1.80639,Plein jour,En agglomération,Intersection en X,Normale,Sans collision,,,,,,,,,,,1,2,2,1.0,7.0
201700023410,0017-03-31 15:45:00,17,3,31,15,45,350,268,la thébaudais,47.76147,-1.89668,Plein jour,Hors agglomération,Hors intersection,Normale,Autre collision,,,,,,,,,,,1,1,1,1.0,6.0
201700023411,0017-03-28 11:00:00,17,3,28,11,0,350,175,37 rue principale,47.89787,-1.96839,Plein jour,En agglomération,Hors intersection,Normale,Autre collision,,,,,,,,,,,1,2,1,1.0,6.0