accident_id,datetime,annee,mois,jour,heure,minute,departement,commune_insee,adresse,latitude,longitude,luminosite,agglomeration,intersection,meteo,collision,nb_vehicules,nb_usagers,nb_indemnes,nb_tues,nb_blesses_hosp,nb_blesses_legers,age_cond_1,age_cond_2,veh_type_cond_1,veh_type_cond_2,lum_code,agg_code,int_code,atm_code,col_code
201700023412,0017-05-13 18:00:00,17,5,13,18,0,350,151,la réhaudiere,47.85958,-1.95465,Plein jour,Hors agglomération,Hors intersection,Normale,Deux véhicules - frontale,,,,,,,,,,,1,1,1,1.0,1.0
201700023413,0017-05-20 14:25:00,17,5,20,14,25,350,35,les garrauts,47.94629,-1.9776,Plein jour,En agglomération,Hors intersection,Pluie légère,Sans collision,,,,,,,,,,,1,2,1,2.0,7.0
201700023414,0017-07-22 11:45:00,17,7,22,11,45,350,57,la boutinais,47.94647,-1.9073,Plein jour,Hors agglomération,Hors intersection,Normale,Deux véhicules - frontale,,,,,,,,,,,1,1,1,1.0,1.0
201700023415,0017-08-09 11:45:00,17,8,9,11,45,350,168,treluyer,47.91049,-2.06954,Plein jour,Hors agglomération,Hors intersection,Normale,Autre collision,,,,,,,,,,,1,1,1,1.0,6.0
201700023416,0017-08-16 19:55:00,17,8,16,19,55,350,175,Mac-mahon,47.88912,-1.97542,Plein jour,Hors agglomération,Hors intersection,Normale,Deux véhicules - côté,,,,,,,,,,,1,1,1,1.0,3.0
201700023417,0017-09-01 04:00:00,17,9,1,4,0,350,151,sucheville,47.86187,-1.96243,Nuit sans éclairage public,Hors agglomération,Intersection en T,Normale,Sans collision,,,,,,,,,,,3,1,3,1.0,7.0
201700023418,0017-10-30 12:45:00,17,10,30,12,45,350,311,RD 67,47.85856,-2.00206,Plein jour,Hors agglomération,Hors intersection,Normale,Autre collision,,,,,,,,,,,1,1,1,1.0,6.0
201700023419,0017-11-17 12:30:00,17,11,17,12,30,350,289,rue KERMAINGUY,47.87528,-1.78785,Plein jour,En agglomération,Hors intersection,Normale,Autre collision,,,,,,,,,,,1,2,1,1.0,6.0
201700023420,0017-12-04 18:00:00,17,12,4,18,0,350,328,35 Rue de la Sauldre,47.77241,-2.08781,Nuit sans éclairage public,En agglomération,Hors intersection,Normale,Deux véhicules - frontale,,,,,,,,,,,3,2,1,1.0,1.0
201700023421,0017-12-22 18:30:00,17,12,22,18,30,350,219,lieu dit mourraine - RD7,47.82067,-1.90771,Nuit sans éclairage public,Hors agglomération,Hors intersection,Pluie légère,Trois véhicules et plus - collisions multiples,,,,,,,,,,,3,1,1,2.0,5.0
201700023422,0017-02-01 10:55:00,17,2,1,10,55,350,239,la Réhardière,47.89159,-1.3068,Plein jour,Hors agglomération,Hors intersection,Pluie légère,Autre collision,,,,,,,,,,,1,1,1,2.0,6.0
201700023423,0017-02-01 23:50:00,17,2,1,23,50,350,359,1 bis rue de RENNES,47.95781,-1.30331,Nuit sans éclairage public,En agglomération,Hors intersection,Normale,Autre collision,,,,,,,,,,,3,2,1,1.0,6.0
201700023424,0017-04-24 19:05:00,17,4,24,19,5,350,235,La basse Bauchée,47.90556,-1.18834,Plein jour,Hors agglomération,Intersection en T,Normale,Deux véhicules - côté,,,,,,,,,,,1,1,3,1.0,3.0
201700023425,0017-09-11 19:57:00,17,9,11,19,57,350,235,LES GRANDS ORMEAUX,47.92553,-1.21448,Plein jour,Hors agglomération,Hors intersection,Normale,Deux véhicules - frontale,,,,,,,,,,,1,1,1,1.0,1.0
201700023426,0017-10-18 20:40:00,17,10,18,20,40,350,167,la maison neuve,47.81223,-1.29016,Nuit sans éclairage public,Hors agglomération,Intersection en T,Normale,Trois véhicules et plus - collisions multiples,,,,,,,,,,,3,1,3,1.0,5.0
201700023427,0017-10-26 05:55:00,17,10,26,5,55,350,125,la bougeoire,47.9513,-1.22534,Nuit avec éclairage allumé,En agglomération,Giratoire,Brouillard / fumée,Deux véhicules - côté,,,,,,,,,,,5,2,6,5.0,3.0
201700023428,0017-12-11 08:00:00,17,12,11,8,0,350,239,rue joseph lancelot,47.91456,-1.37757,Nuit avec éclairage allumé,En agglomération,Hors intersection,Pluie légère,Deux véhicules - arrière,,,,,,,,,,,5,2,1,2.0,2.0
201700023429,0017-12-14 07:30:00,17,12,14,7,30,350,200,D178,47.96276,-1.2097,Nuit sans éclairage public,Hors agglomération,Hors intersection,Normale,Deux véhicules - frontale,,,,,,,,,,,3,1,1,1.0,1.0
201700023430,0017-12-26 13:15:00,17,12,26,13,15,350,125,route de moutiers,47.95399,-1.21755,Plein jour,Hors agglomération,Hors intersection,Pluie forte,Deux véhicules - arrière,,,,,,,,,,,1,1,1,3.0,2.0
201700023431,0017-02-09 04:30:00,17,2,9,4,30,860,294,route de Poitiers RN 149,46.64658,0.17061,Nuit avec éclairage allumé,En agglomération,Intersection à plus de 4 branches,Normale,Deux véhicules - côté,,,,,,,,,,,5,2,5,1.0,3.0
201700023432,0017-07-24 03:39:00,17,7,24,3,39,860,188,RN10,46.35556,0.19276,Nuit sans éclairage public,Hors agglomération,Hors intersection,Pluie légère,Autre collision,,,,,,,,,,,3,1,1,2.0,6.0
201700023433,0017-01-19 15:50:00,17,1,19,15,50,620,491,Intersection rue Hubert,50.60018,2.78628,Plein jour,Hors agglomération,Hors intersection,Normale,Deux véhicules - frontale,,,,,,,,,,,1,1,1,1.0,1.0
201700023434,0017-01-25 17:45:00,17,1,25,17,45,620,491,260 rue du grand chemin,50.58338,2.76913,Nuit sans éclairage public,Hors agglomération,Hors intersection,Normale,Deux véhicules - côté,,,,,,,,,,,3,1,1,1.0,3.0
201700023435,0017-03-16 08:25:00,17,3,16,8,25,620,338,rue des mathelins,50.63029,2.81186,Plein jour,Hors agglomération,Intersection en T,Normale,Deux véhicules - côté,,,,,,,,,,,1,1,3,1.0,3.0
201700023436,0017-04-15 16:00:00,17,4,15,16,0,620,502,D945,50.62049,2.66441,Plein jour,Hors agglomération,Hors intersection,Normale,Sans collision,,,,,,,,,,,1,1,1,1.0,7.0
201700023437,0017-04-16 11:30:00,17,4,16,11,30,620,520,rue victor genel,50.57057,2.66604,Plein jour,En agglomération,Hors intersection,Normale,Autre collision,,,,,,,,,,,1,2,1,1.0,6.0
201700023438,0017-04-30 12:00:00,17,4,30,12,0,620,252,route d'Armentières,50.5613,2.71564,Plein jour,En agglomération,Hors intersection,Normale,Deux véhicules - arrière,,,,,,,,,,,1,2,1,1.0,2.0
201700023439,0017-05-17 23:15:00,17,5,17,23,15,620,706,222 rue du bois,50.56926,2.76133,Nuit avec éclairage allumé,En agglomération,Hors intersection,Pluie légère,Autre collision,,,,,,,,,,,5,2,1,2.0,6.0
201700023440,0017-06-21 21:30:00,17,6,21,21,30,620,502,D945,50.50575,2.66738,Crépuscule ou aube,Hors agglomération,Hors intersection,Normale,Deux véhicules - frontale,,,,,,,,,,,2,1,1,1.0,1.0
201700023441,0017-06-29 17:35:00,17,6,29,17,35,620,529,route d'estaires,50.56611,2.78233,Plein jour,Hors agglomération,Intersection en X,Temps éblouissant,Deux véhicules - côté,,,,,,,,,,,1,1,2,7.0,3.0
201700023442,0017-07-01 18:00:00,17,7,1,18,0,620,736,rue du moulin,50.64157,2.78882,Plein jour,Hors agglomération,Hors intersection,Normale,Autre collision,,,,,,,,,,,1,1,1,1.0,6.0
201700023443,0017-11-11 02:30:00,17,11,11,2,30,620,252,Route d'estaires,50.58538,2.68043,Nuit avec éclairage allumé,En agglomération,Hors intersection,Normale,Autre collision,,,,,,,,,,,5,2,1,1.0,6.0
201700023444,0017-12-01 13:30:00,17,12,1,13,30,620,338,grand'rue,50.64786,2.84312,Plein jour,En agglomération,Hors intersection,Temps éblouissant,Deux véhicules - frontale,,,,,,,,,,,1,2,1,7.0,1.0
201700023445,0017-02-18 17:20:00,17,2,18,17,20,210,362,A6 PK 268+470 sens LYON-,47.22581,4.58955,Plein jour,Hors agglomération,Hors intersection,Normale,Deux véhicules - arrière,,,,,,,,,,,1,1,1,1.0,2.0
201700023446,0017-02-23 08:50:00,17,2,23,8,50,210,128,A6 SENS LYON/PARIS,47.27334,4.51256,Plein jour,Hors agglomération,Hors intersection,Normale,Deux véhicules - arrière,,,,,,,,,,,1,1,1,1.0,2.0
201700023447,0017-02-25 06:15:00,17,2,25,6,15,210,33,Pk 07+000 - autoroute A3,47.29219,4.64487,Nuit sans éclairage public,Hors agglomération,Hors intersection,Autre,Sans collision,,,,,,,,,,,3,1,1,9.0,7.0
201700023448,0017-04-12 15:45:00,17,4,12,15,45,210,676,AUTOROUTE A.6 PK 231  SE,47.45969,4.2537,Plein jour,Hors agglomération,Hors intersection,Normale,Autre collision,,,,,,,,,,,1,1,1,1.0,6.0
201700023449,0017-04-24 19:25:00,17,4,24,19,25,210,2,A38 PK 17.000 sens POUIL,47.30268,4.76605,Plein jour,Hors agglomération,Hors intersection,Normale,Sans collision,,,,,,,,,,,1,1,1,1.0,7.0
201700023450,0017-05-10 14:40:00,17,5,10,14,40,210,485,AUTOROUTE A 38 PK 36 SEN,47.33756,4.9667,Plein jour,Hors agglomération,Intersection en Y,Normale,Trois véhicules et plus - collisions multiples,,,,,,,,,,,1,1,4,1.0,5.0
201700023451,0017-07-31 17:45:00,17,7,31,17,45,210,485,autoroute A 38 - PK 032.,47.33834,4.95118,Plein jour,Hors agglomération,Hors intersection,Normale,Deux véhicules - arrière,,,,,,,,,,,1,1,1,1.0,2.0
201700023452,0017-09-08 11:57:00,17,9,8,11,57,210,630,Autoroute A6 PK 261+700,47.26178,4.5219,Plein jour,Hors agglomération,Hors intersection,Normale,Deux véhicules - côté,,,,,,,,,,,1,1,1,1.0,3.0
201700023453,0017-11-10 15:00:00,17,11,10,15,0,210,611,autoroute A38 PK 14.800,47.30526,4.72572,Plein jour,Hors agglomération,Hors intersection,Pluie forte,Deux véhicules - arrière,,,,,,,,,,,1,1,1,3.0,2.0
201700023454,0017-12-12 16:50:00,17,12,12,16,50,210,282,A6,47.47241,4.22104,Plein jour,Hors agglomération,Hors intersection,Normale,Deux véhicules - arrière,,,,,,,,,,,1,1,1,1.0,2.0
201700023455,0017-12-20 16:30:00,17,12,20,16,30,210,244,"Autoroute a6, pk 256",47.30837,4.50168,Plein jour,Hors agglomération,Hors intersection,Pluie légère,Autre collision,,,,,,,,,,,1,1,1,2.0,6.0
201700023456,0017-12-28 20:10:00,17,12,28,20,10,210,630,autoroute A6,47.25946,4.52726,Nuit sans éclairage public,Hors agglomération,Hors intersection,Pluie légère,Deux véhicules - arrière,,,,,,,,,,,3,1,1,2.0,2.0
201700023457,0017-08-12 17:50:00,17,8,12,17,50,210,617,N274,47.3462,4.9969,Plein jour,Hors agglomération,Giratoire,Normale,Autre collision,,,,,,,,,,,1,1,6,1.0,6.0
201700023458,0017-01-09 09:45:00,17,1,9,9,45,860,233,"lieu-dit "" La Vitrie""",46.51578,0.63363,Plein jour,Hors agglomération,Hors intersection,Pluie légère,Autre collision,,,,,,,,,,,1,1,1,2.0,6.0
201700023459,0017-03-13 06:20:00,17,3,13,6,20,860,31,Lieu dit les barbalières,46.58798,0.6183,Crépuscule ou aube,Hors agglomération,Hors intersection,Normale,Deux véhicules - frontale,,,,,,,,,,,2,1,1,1.0,1.0
201700023460,0017-04-02 23:00:00,17,4,2,23,0,860,31,RD 749 + PK 40+500,46.60054,0.60959,Nuit sans éclairage public,Hors agglomération,Hors intersection,Normale,Autre collision,,,,,,,,,,,3,1,1,1.0,6.0
201700023461,0017-04-15 10:25:00,17,4,15,10,25,860,70,la main coupée,46.55411,0.67849,Plein jour,Hors agglomération,Hors intersection,Normale,Sans collision,,,,,,,,,,,1,1,1,1.0,7.0
201700023462,0017-04-29 12:15:00,17,4,29,12,15,860,70,RD 17 PK 22+100,46.54152,0.67392,Plein jour,Hors agglomération,Hors intersection,Normale,Sans collision,,,,,,,,,,,1,1,1,1.0,7.0
201700023463,0017-07-12 08:00:00,17,7,12,8,0,860,70,rue de Poitiers RD951,46.56922,0.6394,Plein jour,En agglomération,Intersection en X,Normale,Deux véhicules - côté,,,,,,,,,,,1,2,2,1.0,3.0
201700023464,0017-09-15 05:00:00,17,9,15,5,0,860,256,D 89 -,46.5417,0.44249,Nuit sans éclairage public,Hors agglomération,Hors intersection,Normale,Sans collision,,,,,,,,,,,3,1,1,1.0,7.0
201700023465,0017-09-23 10:20:00,17,9,23,10,20,860,70,Route de CHAUVIGNY - Lie,46.5169,0.69568,Plein jour,Hors agglomération,Hors intersection,Normale,Deux véhicules - côté,,,,,,,,,,,1,1,1,1.0,3.0
201700023466,0017-10-06 11:10:00,17,10,6,11,10,860,239,RD 2 PK 21+700,46.635,0.701,Plein jour,Hors agglomération,Intersection en T,Normale,Trois véhicules et plus - collisions multiples,,,,,,,,,,,1,1,3,1.0,5.0
201700023467,0017-10-13 16:15:00,17,10,13,16,15,860,70,D54 Les Granges,46.54434,0.67732,Plein jour,Hors agglomération,Hors intersection,Normale,Trois véhicules et plus - en chaîne,,,,,,,,,,,1,1,1,1.0,4.0
201700023468,0017-10-19 17:50:00,17,10,19,17,50,860,233,"RD 749 - Pk : 58+100 ""la",46.45867,0.66855,Plein jour,Hors agglomération,Hors intersection,Normale,Sans collision,,,,,,,,,,,1,1,1,1.0,7.0
201700023469,0017-12-10 18:10:00,17,12,10,18,10,860,261,Route d'Anxaumont,46.58343,0.44239,Nuit sans éclairage public,Hors agglomération,Hors intersection,Pluie forte,Deux véhicules - frontale,,,,,,,,,,,3,1,1,3.0,1.0
201700023470,0017-03-11 09:45:00,17,3,11,9,45,860,165,Avenue Victor Hugo,46.43085,0.88471,Plein jour,En agglomération,Hors intersection,Normale,Autre collision,,,,,,,,,,,1,2,1,1.0,6.0
201700023471,0017-08-06 17:10:00,17,8,6,17,10,860,165,rond point du Terrier Bl,46.43407,0.88078,Plein jour,En agglomération,Giratoire,Normale,Autre collision,,,,,,,,,,,1,2,6,1.0,6.0
201700023472,0017-11-12 12:15:00,17,11,12,12,15,860,165,Route de la Trimouille,46.43351,0.8598,Plein jour,Hors agglomération,Hors intersection,Pluie légère,Sans collision,,,,,,,,,,,1,1,1,2.0,7.0
201700023473,0017-01-25 18:05:00,17,1,25,18,5,10,103,Route des Deux Journans,46.28083,6.05508,Nuit sans éclairage public,En agglomération,Hors intersection,Autre,Autre collision,,,,,,,,,,,3,2,1,9.0,6.0
201700023474,0017-02-09 20:25:00,17,2,9,20,25,10,143,Avenue du mont mussy,46.35044,6.1315,Nuit sans éclairage public,Hors agglomération,Hors intersection,Autre,Sans collision,,,,,,,,,,,3,1,1,9.0,7.0
201700023475,0017-02-28 15:30:00,17,2,28,15,30,10,399,D 1005,46.29532,6.07644,Plein jour,En agglomération,Hors intersection,Normale,Deux véhicules - frontale,,,,,,,,,,,1,2,1,1.0,1.0
201700023476,0017-03-21 06:50:00,17,3,21,6,50,10,173,D984C,46.34072,6.08534,Plein jour,Hors agglomération,Hors intersection,Normale,Deux véhicules - côté,,,,,,,,,,,1,1,1,1.0,3.0
201700023477,0017-05-04 03:40:00,17,5,4,3,40,10,71,RD1005,46.3052,6.06617,Nuit avec éclairage allumé,Hors agglomération,Hors intersection,Normale,Autre collision,,,,,,,,,,,5,1,1,1.0,6.0
201700023478,0017-05-26 21:55:00,17,5,26,21,55,10,436,D984C,46.34415,6.0956,Nuit sans éclairage public,Hors agglomération,Hors intersection,Normale,Autre collision,,,,,,,,,,,3,1,1,1.0,6.0
201700023479,0017-08-08 23:40:00,17,8,8,23,40,10,71,2600 route de genève,46.30668,6.06628,Nuit sans éclairage public,Hors agglomération,Hors intersection,Temps couvert,Deux véhicules - côté,,,,,,,,,,,3,1,1,8.0,3.0
201700023480,0017-08-30 00:20:00,17,8,30,0,20,10,173,avenue des Alpes,46.33838,6.0754,Nuit sans éclairage public,En agglomération,Hors intersection,Normale,Deux véhicules - arrière,,,,,,,,,,,3,2,1,1.0,2.0
201700023481,0017-09-03 16:30:00,17,9,3,16,30,10,173,Route du Col de la Fauci,46.35386,6.05424,Plein jour,Hors agglomération,Hors intersection,Normale,Deux véhicules - frontale,,,,,,,,,,,1,1,1,1.0,1.0
201700023482,0017-10-02 22:30:00,17,10,2,22,30,10,436,d 984 c,46.34283,6.09272,Nuit sans éclairage public,Hors agglomération,Autre intersection,Pluie légère,Deux véhicules - frontale,,,,,,,,,,,3,1,9,2.0,1.0
201700023483,0017-02-23 07:40:00,17,2,23,7,40,120,33,RD 988 - PK 42+500,44.4666,2.74172,Plein jour,Hors agglomération,Hors intersection,Normale,Autre collision,,,,,,,,,,,1,1,1,1.0,6.0
201700023484,0017-04-09 21:00:00,17,4,9,21,0,120,61,D141 - PR 3+0200,44.516,2.85056,Nuit sans éclairage public,Hors agglomération,Hors intersection,Normale,Autre collision,,,,,,,,,,,3,1,1,1.0,6.0
201700023485,0017-06-18 18:05:00,17,6,18,18,5,120,172,RD 920 - PR 30+500,44.6004,2.61249,Plein jour,Hors agglomération,Hors intersection,Normale,Deux véhicules - frontale,,,,,,,,,,,1,1,1,1.0,1.0
201700023486,0017-07-01 04:00:00,17,7,1,4,0,120,33,RD988 - LIEU DIT GAVERNA,,,Nuit sans éclairage public,Hors agglomération,Hors intersection,Normale,Autre collision,,,,,,,,,,,3,1,1,1.0,6.0
201700023487,0017-08-30 18:15:00,17,8,30,18,15,120,96,RD 920 - PR 9+0500,44.5137,2.75253,Plein jour,Hors agglomération,Intersection en T,Normale,Deux véhicules - côté,,,,,,,,,,,1,1,3,1.0,3.0
201700023488,0017-12-09 22:00:00,17,12,9,22,0,120,201,"D904 , LIEU DIT MALBOSC",44.5253,2.58192,Nuit sans éclairage public,Hors agglomération,Hors intersection,Normale,Sans collision,,,,,,,,,,,3,1,1,1.0,7.0
201700023489,0017-12-26 21:00:00,17,12,26,21,0,120,33,LA ROTONDE,,,Nuit avec éclairage allumé,En agglomération,Hors intersection,Normale,Autre collision,,,,,,,,,,,5,2,1,1.0,6.0
201700023490,0017-03-21 08:55:00,17,3,21,8,55,120,197,LE TAYRAC,44.0786,2.58851,Plein jour,Hors agglomération,Intersection en X,Pluie légère,Deux véhicules - côté,,,,,,,,,,,1,1,2,2.0,3.0
201700023491,0017-04-13 15:45:00,17,4,13,15,45,120,11,PUECH GRIMAL,44.1711,2.62458,Plein jour,Hors agglomération,Hors intersection,Normale,Sans collision,,,,,,,,,,,1,1,1,1.0,7.0
201700023492,0017-05-19 07:10:00,17,5,19,7,10,120,57,RD 902 - PR 11+709,44.2066,2.53203,Plein jour,Hors agglomération,Hors intersection,Pluie forte,Deux véhicules - côté,,,,,,,,,,,1,1,1,3.0,3.0
201700023493,0017-06-12 08:30:00,17,6,12,8,30,120,255,RD 25 - PR 7+100 - BRES,44.1756,2.59188,Plein jour,Hors agglomération,Hors intersection,Temps couvert,Autre collision,,,,,,,,,,,1,1,1,8.0,6.0
201700023494,0017-06-11 15:50:00,17,6,11,15,50,120,73,LE PONT DE GRANFUEL,44.2162,2.5384,Plein jour,Hors agglomération,Hors intersection,Temps éblouissant,Autre collision,,,,,,,,,,,1,1,1,7.0,6.0
201700023495,0017-06-23 18:20:00,17,6,23,18,20,120,194,RN 88 - PR 71+0100,44.2548,2.41444,Plein jour,Hors agglomération,Hors intersection,Normale,Deux véhicules - frontale,,,,,,,,,,,1,1,1,1.0,1.0
201700023496,0017-10-11 15:40:00,17,10,11,15,40,120,207,D63,,,Plein jour,Hors agglomération,Hors intersection,Temps éblouissant,Deux véhicules - frontale,,,,,,,,,,,1,1,1,7.0,1.0
201700023497,0017-10-30 09:00:00,17,10,30,9,0,120,197,VC MENANT A LA MARTINIE,44.0789,2.60932,Plein jour,Hors agglomération,Hors intersection,Temps éblouissant,Deux véhicules - frontale,,,,,,,,,,,1,1,1,7.0,1.0
201700023498,0017-11-03 16:00:00,17,11,3,16,0,120,230,RD903 - PR 5+0500,44.0394,2.51469,Plein jour,Hors agglomération,Hors intersection,Normale,Autre collision,,,,,,,,,,,1,1,1,1.0,6.0
201700023499,0017-11-03 17:30:00,17,11,3,17,30,120,197,RD 344 - PEYREBLANQUE,44.0016,2.51981,Crépuscule ou aube,Hors agglomération,Hors intersection,Normale,Sans collision,,,,,,,,,,,2,1,1,1.0,7.0
201700023500,0017-01-03 11:55:00,17,1,3,11,55,640,301,RD 111,43.357,-0.67446,Plein jour,Hors agglomération,Hors intersection,Brouillard / fumée,Sans collision,,,,,,,,,,,1,1,1,5.0,7.0
201700023501,0017-02-07 08:15:00,17,2,7,8,15,640,300,RD 817,43.41447,-0.62512,Crépuscule ou aube,En agglomération,Hors intersection,Normale,Deux véhicules - arrière,,,,,,,,,,,2,2,1,1.0,2.0
201700023502,0017-03-16 11:50:00,17,3,16,11,50,640,410,RD 281,43.38184,-0.59516,Plein jour,En agglomération,Hors intersection,Normale,Sans collision,,,,,,,,,,,1,2,1,1.0,7.0
201700023503,0017-04-29 23:00:00,17,4,29,23,0,640,301,RD 281,43.36475,-0.63742,Nuit sans éclairage public,Hors agglomération,Hors intersection,Normale,Deux véhicules - frontale,,,,,,,,,,,3,1,1,1.0,1.0
201700023504,0017-05-02 08:50:00,17,5,2,8,50,640,410,AV PIERRE ANGOT,43.37041,-0.62513,Plein jour,En agglomération,Hors intersection,Pluie légère,Autre collision,,,,,,,,,,,1,2,1,2.0,6.0
201700023505,0017-06-15 18:00:00,17,6,15,18,0,640,172,RD 946,43.50893,-0.55603,Plein jour,Hors agglomération,Intersection en T,Temps couvert,Deux véhicules - frontale,,,,,,,,,,,1,1,3,8.0,1.0
201700023506,0017-10-26 12:51:00,17,10,26,12,51,640,382,RD 946,43.48338,-0.65302,Plein jour,Hors agglomération,Hors intersection,Normale,Autre collision,,,,,,,,,,,1,1,1,1.0,6.0
201700023507,0017-10-30 13:15:00,17,10,30,13,15,640,548,RD 945,43.45482,-0.50168,Plein jour,Hors agglomération,Intersection en T,Normale,Autre collision,,,,,,,,,,,1,1,3,1.0,6.0
201700023508,0017-11-20 16:40:00,17,11,20,16,40,640,61,RD 281,43.39196,-0.5793,Plein jour,Hors agglomération,Hors intersection,Normale,Sans collision,,,,,,,,,,,1,1,1,1.0,7.0
201700023509,0017-12-15 20:45:00,17,12,15,20,45,640,431,RD 33,43.38967,-0.60999,Nuit avec éclairage allumé,Hors agglomération,Intersection en T,Normale,Deux véhicules - côté,,,,,,,,,,,5,1,3,1.0,3.0
201700023510,0017-01-06 16:30:00,17,1,6,16,30,680,253,RD 52,47.78867,7.51948,Plein jour,Hors agglomération,Hors intersection,Temps couvert,Autre collision,,,,,,,,,,,1,1,1,8.0,6.0
201700023511,0017-01-09 19:30:00,17,1,9,19,30,680,238,intersection D52/D468,47.70869,7.51204,Nuit sans éclairage public,Hors agglomération,Intersection en T,Normale,Deux véhicules - côté,,,,,,,,,,,3,1,3,1.0,3.0
201700023512,0017-01-12 13:17:00,17,1,12,13,17,680,300,CD 201,47.79328,7.38816,Plein jour,Hors agglomération,Intersection en T,Normale,Deux véhicules - côté,,,,,,,,,,,1,1,3,1.0,3.0
201700023513,0017-01-17 21:10:00,17,1,17,21,10,680,300,CD 39,47.77835,7.43727,Nuit avec éclairage allumé,Hors agglomération,Intersection en X,Normale,Deux véhicules - côté,,,,,,,,,,,5,1,2,1.0,3.0
201700023514,0017-01-31 19:50:00,17,1,31,19,50,680,15,CD 201,47.79398,7.38681,Nuit sans éclairage public,Hors agglomération,Hors intersection,Brouillard / fumée,Deux véhicules - côté,,,,,,,,,,,3,1,1,5.0,3.0
201700023515,0017-02-04 16:30:00,17,2,4,16,30,680,154,14 Rue de Berne,47.77107,7.38376,Plein jour,En agglomération,Autre intersection,Pluie forte,Autre collision,,,,,,,,,,,1,2,9,3.0,6.0
201700023516,0017-02-07 12:00:00,17,2,7,12,0,680,300,8 rue des grains,47.77659,7.36689,Plein jour,En agglomération,Hors intersection,Normale,Autre collision,,,,,,,,,,,1,2,1,1.0,6.0
201700023517,0017-02-15 21:15:00,17,2,15,21,15,680,300,Intersection RD 55 / RD,47.79337,7.38687,Nuit sans éclairage public,Hors agglomération,Intersection en Y,Normale,Deux véhicules - frontale,,,,,,,,,,,3,1,4,1.0,1.0
201700023518,0017-02-25 11:10:00,17,2,25,11,10,680,253,intersection rue mass,47.77525,7.51696,Plein jour,Hors agglomération,Intersection en X,Normale,Deux véhicules - côté,,,,,,,,,,,1,1,2,1.0,3.0
201700023519,0017-03-29 16:30:00,17,3,29,16,30,680,64,Route départementale 52,47.84831,7.55355,Plein jour,Hors agglomération,Intersection en T,Normale,Deux véhicules - côté,,,,,,,,,,,1,1,3,1.0,3.0
201700023520,0017-03-30 02:30:00,17,3,30,2,30,680,300,Route départementale 39,47.78037,7.41922,Nuit sans éclairage public,Hors agglomération,Hors intersection,Normale,Autre collision,,,,,,,,,,,3,1,1,1.0,6.0
201700023521,0017-03-30 11:30:00,17,3,30,11,30,680,20,17 rue du général de Gau,47.82461,7.51539,Plein jour,En agglomération,Hors intersection,Normale,Deux véhicules - côté,,,,,,,,,,,1,2,1,1.0,3.0
201700023522,0017-05-24 16:45:00,17,5,24,16,45,680,154,Rue de berne,47.77416,7.38015,Plein jour,Hors agglomération,Intersection en X,Normale,Deux véhicules - côté,,,,,,,,,,,1,1,2,1.0,3.0
201700023523,0017-07-15 07:55:00,17,7,15,7,55,680,144,RD 468 PK 15+561,47.76734,7.49908,Plein jour,Hors agglomération,Hors intersection,Normale,Deux véhicules - frontale,,,,,,,,,,,1,1,1,1.0,1.0
201700023524,0017-09-20 18:15:00,17,9,20,18,15,680,22,RD 201 - 86 Rue Principa,47.82098,7.3823,Plein jour,En agglomération,Hors intersection,Normale,Autre collision,,,,,,,,,,,1,2,1,1.0,6.0
201700023525,0017-09-26 06:45:00,17,9,26,6,45,680,300,Route départementale 55,47.78808,7.41864,Crépuscule ou aube,Hors agglomération,Intersection en Y,Normale,Sans collision,,,,,,,,,,,2,1,4,1.0,7.0
201700023526,0017-10-05 18:45:00,17,10,5,18,45,680,64,intersection CD 4 BIS II,47.81688,7.54171,Crépuscule ou aube,En agglomération,Giratoire,Normale,Deux véhicules - arrière,,,,,,,,,,,2,2,6,1.0,2.0
201700023527,0017-10-15 16:15:00,17,10,15,16,15,680,253,INTERSECTION D52 / D108,47.78329,7.51505,Plein jour,En agglomération,Intersection en T,Temps éblouissant,Deux véhicules - côté,,,,,,,,,,,1,2,3,7.0,3.0
201700023528,0017-12-09 19:15:00,17,12,9,19,15,680,64,1 avenue de la gare,47.81621,7.53952,Nuit avec éclairage allumé,En agglomération,Giratoire,Normale,Autre collision,,,,,,,,,,,5,2,6,1.0,6.0
201700023529,0017-01-11 07:00:00,17,1,11,7,0,10,322,route départementale 4 A,45.93886,4.8355,Nuit sans éclairage public,Hors agglomération,Hors intersection,Temps couvert,Deux véhicules - frontale,,,,,,,,,,,3,1,1,8.0,1.0
201700023530,0017-02-17 11:50:00,17,2,17,11,50,10,322,inter D6/chemin gravière,45.56222,4.47577,Plein jour,En agglomération,Hors intersection,Temps éblouissant,Deux véhicules - côté,,,,,,,,,,,1,2,1,7.0,3.0
201700023531,0017-03-17 20:25:00,17,3,17,20,25,10,322,945 route de Lyon,45.9299,4.806,Nuit avec éclairage allumé,Hors agglomération,Hors intersection,Normale,Deux véhicules - côté,,,,,,,,,,,5,1,1,1.0,3.0