accident_id,datetime,annee,mois,jour,heure,minute,departement,commune_insee,adresse,latitude,longitude,luminosite,agglomeration,intersection,meteo,collision,nb_vehicules,nb_usagers,nb_indemnes,nb_tues,nb_blesses_hosp,nb_blesses_legers,age_cond_1,age_cond_2,veh_type_cond_1,veh_type_cond_2,lum_code,agg_code,int_code,atm_code,col_code
201700023652,0017-06-15 16:35:00,17,6,15,16,35,290,19,FAUTRAS (RUE ET PLACE,48.38943,-4.49266,Plein jour,En agglomération,Intersection en X,Normale,Deux véhicules - côté,,,,,,,,,,,1,2,2,1.0,3.0
201700023653,0017-06-04 22:20:00,17,6,4,22,20,290,19,"56, LESVEN JULES (DE 26",48.40927,-4.48213,Nuit avec éclairage allumé,En agglomération,Giratoire,Normale,Deux véhicules - frontale,,,,,,,,,,,5,2,6,1.0,1.0
201700023654,0017-06-21 11:30:00,17,6,21,11,30,290,19,"45, MONTAIGNE (DE 39 A 1",48.40105,-4.48409,Plein jour,En agglomération,Intersection en X,Normale,Autre collision,,,,,,,,,,,1,2,2,1.0,6.0
201700023655,0017-06-19 17:35:00,17,6,19,17,35,290,19,CHATEAU (DE 37 A 55 E,48.3835,-4.49094,Plein jour,En agglomération,Hors intersection,Normale,Trois véhicules et plus - en chaîne,,,,,,,,,,,1,2,1,1.0,4.0
201700023656,0017-05-21 15:20:00,17,5,21,15,20,290,19,"., MONTBAREY (FORT)",48.39311,-4.54516,Plein jour,Hors agglomération,Giratoire,Normale,Sans collision,,,,,,,,,,,1,1,6,1.0,7.0
201700023657,0017-06-24 20:00:00,17,6,24,20,0,290,19,QUIMPER (DE 1 A 103 E,48.40219,-4.46183,Plein jour,En agglomération,Intersection en T,Pluie légère,Autre collision,,,,,,,,,,,1,2,3,2.0,6.0
201700023658,0017-06-27 03:19:00,17,6,27,3,19,290,19,"48, EGLISE (RUE",48.38212,-4.50196,Nuit avec éclairage allumé,En agglomération,Intersection en X,Normale,Autre collision,,,,,,,,,,,5,2,2,1.0,6.0
201700023659,0017-06-28 18:40:00,17,6,28,18,40,290,19,"., EUROPE (DE 13 A 15)",48.40495,-4.40176,Plein jour,En agglomération,Intersection en T,Normale,Autre collision,,,,,,,,,,,1,2,3,1.0,6.0
201700023660,0017-06-29 17:40:00,17,6,29,17,40,290,19,EUROPE (DE 58 A 166 E,48.41299,-4.50159,Plein jour,En agglomération,Intersection en T,Pluie légère,Deux véhicules - côté,,,,,,,,,,,1,2,3,2.0,3.0
201700023661,0017-05-24 13:00:00,17,5,24,13,0,290,19,GOUESNOU (DE 1 A 29 E,48.40668,-4.46777,Plein jour,En agglomération,Hors intersection,Normale,Deux véhicules - arrière,,,,,,,,,,,1,2,1,1.0,2.0
201700023662,0017-05-23 16:00:00,17,5,23,16,0,290,19,"., GALLIENI GENERAL (DE",48.38768,-4.51292,Plein jour,En agglomération,Hors intersection,Normale,Trois véhicules et plus - en chaîne,,,,,,,,,,,1,2,1,1.0,4.0
201700023663,0017-06-27 14:10:00,17,6,27,14,10,290,19,MONTAIGNE (DE 98 ET 113,48.39971,-4.486,Plein jour,En agglomération,Intersection en X,Normale,Deux véhicules - côté,,,,,,,,,,,1,2,2,1.0,3.0
201700023664,0017-06-17 19:03:00,17,6,17,19,3,290,19,"2, CHATELLIER",48.40813,-4.50998,Plein jour,En agglomération,Hors intersection,Normale,Deux véhicules - côté,,,,,,,,,,,1,2,1,1.0,3.0
201700023665,0017-06-29 10:40:00,17,6,29,10,40,290,19,".26, TRAVERSE",48.38582,-4.49079,Plein jour,En agglomération,Intersection en X,Pluie légère,Autre collision,,,,,,,,,,,1,2,2,2.0,6.0
201700023666,0017-06-24 19:25:00,17,6,24,19,25,290,19,"68., COLLET YVES (DE 1 A",48.39537,-4.47703,Plein jour,En agglomération,Hors intersection,Normale,Deux véhicules - arrière,,,,,,,,,,,1,2,1,1.0,2.0
201700023667,0017-06-30 15:05:00,17,6,30,15,5,290,19,"., BLUM LEON",48.40916,-4.48508,Plein jour,En agglomération,Hors intersection,Pluie légère,Deux véhicules - arrière,,,,,,,,,,,1,2,1,2.0,2.0
201700023668,0017-07-05 10:05:00,17,7,5,10,5,290,19,"., PREMIERE DFL (AVENUE)",48.37463,-4.55768,Plein jour,En agglomération,Autre intersection,Normale,Deux véhicules - côté,,,,,,,,,,,1,2,9,1.0,3.0
201700023669,0017-07-11 18:30:00,17,7,11,18,30,290,19,CLEMENCEAU GEORGES (DE 2,48.38811,-4.48309,Plein jour,En agglomération,Intersection en T,Normale,Deux véhicules - côté,,,,,,,,,,,1,2,3,1.0,3.0
201700023670,0017-06-20 09:05:00,17,6,20,9,5,290,19,"25, MIRABEAU",48.4081,-4.4868,Plein jour,En agglomération,Hors intersection,Normale,Autre collision,,,,,,,,,,,1,2,1,1.0,6.0
201700023671,0017-07-04 01:00:00,17,7,4,1,0,290,19,"., PARIS ( 33 ET 42 A FI",48.4096,-4.4564,Nuit avec éclairage allumé,En agglomération,Intersection en X,Normale,Deux véhicules - côté,,,,,,,,,,,5,2,2,1.0,3.0
201700023672,0017-07-18 18:45:00,17,7,18,18,45,290,19,BRUAT (DE 1 A 23 ET 2 A,48.39704,-4.48201,Plein jour,En agglomération,Intersection en X,Normale,Deux véhicules - côté,,,,,,,,,,,1,2,2,1.0,3.0
201700023673,0017-06-17 14:50:00,17,6,17,14,50,290,19,MAZE EDOUARD (PLACE),48.39254,-4.49068,Plein jour,En agglomération,Hors intersection,Normale,Deux véhicules - arrière,,,,,,,,,,,1,2,1,1.0,2.0
201700023674,0017-06-12 01:00:00,17,6,12,1,0,290,19,"., SAINT EXUPERY (DE 1 A",48.38612,-4.50425,Nuit avec éclairage allumé,En agglomération,Intersection en X,Normale,Autre collision,,,,,,,,,,,5,2,2,1.0,6.0
201700023675,0017-07-25 07:10:00,17,7,25,7,10,290,19,"., EUROPE (DE 161 A 199)",48.41279,-4.50849,Plein jour,En agglomération,Hors intersection,Normale,Deux véhicules - arrière,,,,,,,,,,,1,2,1,1.0,2.0
201700023676,0017-06-20 19:00:00,17,6,20,19,0,290,19,SAVOIE,48.40629,-4.50211,Plein jour,En agglomération,Hors intersection,Normale,Deux véhicules - côté,,,,,,,,,,,1,2,1,1.0,3.0
201700023677,0017-06-28 13:55:00,17,6,28,13,55,290,19,"., POMPIDOU GEORGES (AVE",48.4119,-4.48114,Plein jour,En agglomération,Hors intersection,Normale,Deux véhicules - frontale,,,,,,,,,,,1,2,1,1.0,1.0
201700023678,0017-08-03 15:00:00,17,8,3,15,0,290,19,"24, HARTELOIRE (RUE)",48.39396,-4.49316,Plein jour,En agglomération,Autre intersection,Normale,Deux véhicules - frontale,,,,,,,,,,,1,2,9,1.0,1.0
201700023679,0017-07-04 14:05:00,17,7,4,14,5,290,19,"., EAU BLANCHE (DE 9 ET",48.41225,-4.45839,Plein jour,En agglomération,Hors intersection,Normale,Deux véhicules - arrière,,,,,,,,,,,1,2,1,1.0,2.0
201700023680,0017-08-17 10:50:00,17,8,17,10,50,290,19,"112, MONTAIGNE (DE 98 ET",48.4059,-4.47711,Plein jour,En agglomération,Hors intersection,Normale,Deux véhicules - arrière,,,,,,,,,,,1,2,1,1.0,2.0
201700023681,0017-07-30 19:15:00,17,7,30,19,15,290,19,"108., VALY HIR (DE 21 A",48.38524,-4.52462,Plein jour,En agglomération,Intersection en T,Normale,Deux véhicules - côté,,,,,,,,,,,1,2,3,1.0,3.0
201700023682,0017-08-08 17:15:00,17,8,8,17,15,290,19,DUVAL MARCELLIN (DE 22 A,48.42183,-4.48653,Plein jour,En agglomération,Giratoire,Normale,Deux véhicules - côté,,,,,,,,,,,1,2,6,1.0,3.0
201700023683,0017-08-18 14:40:00,17,8,18,14,40,290,19,"84, GOUESNOU (DE 43 A 21",48.41183,-4.46855,Plein jour,En agglomération,Hors intersection,Normale,Deux véhicules - arrière,,,,,,,,,,,1,2,1,1.0,2.0
201700023684,0017-07-06 00:25:00,17,7,6,0,25,290,19,"., BEREST EUGENE",48.39549,-4.43452,Nuit avec éclairage non allumé,En agglomération,Hors intersection,Normale,Autre collision,,,,,,,,,,,4,2,1,1.0,6.0
201700023685,0017-08-03 11:25:00,17,8,3,11,25,290,19,"16, PARIS (DE 1 A 31 ET",48.40422,-4.46476,Plein jour,En agglomération,Intersection en T,Normale,Deux véhicules - frontale,,,,,,,,,,,1,2,3,1.0,1.0
201700023686,0017-08-27 19:35:00,17,8,27,19,35,290,19,LIGNE CHEMIN DE LA,48.43086,-4.50316,Plein jour,En agglomération,Hors intersection,Normale,Deux véhicules - frontale,,,,,,,,,,,1,2,1,1.0,1.0
201700023687,0017-09-05 12:30:00,17,9,5,12,30,290,19,"., EUROPE (RUE GAL PAULE",48.41585,-4.47263,Plein jour,En agglomération,Hors intersection,Normale,Autre collision,,,,,,,,,,,1,2,1,1.0,6.0
201700023688,0017-08-18 21:10:00,17,8,18,21,10,290,19,COMMANDANT DROGOU ( DE 1,48.40397,-4.48909,Plein jour,En agglomération,Hors intersection,Normale,Deux véhicules - frontale,,,,,,,,,,,1,2,1,1.0,1.0
201700023689,0017-09-05 20:25:00,17,9,5,20,25,290,19,COROT,48.41418,-4.47317,Plein jour,En agglomération,Intersection en T,Normale,Autre collision,,,,,,,,,,,1,2,3,1.0,6.0
201700023690,0017-09-07 13:00:00,17,9,7,13,0,290,19,", GOUESNOU (DE 43 A 219",48.41618,-4.46807,Plein jour,En agglomération,Intersection en X,Normale,Deux véhicules - côté,,,,,,,,,,,1,2,2,1.0,3.0
201700023691,0017-08-25 20:05:00,17,8,25,20,5,290,19,EUROPE (DE 161 A 199),48.41301,-4.50145,Plein jour,En agglomération,Intersection en X,Normale,Deux véhicules - côté,,,,,,,,,,,1,2,2,1.0,3.0
201700023692,0017-07-31 18:05:00,17,7,31,18,5,290,19,"30, D'ESTIENNE D'ORVES",48.39152,-4.46107,Plein jour,En agglomération,Intersection en T,Temps éblouissant,Deux véhicules - côté,,,,,,,,,,,1,2,3,7.0,3.0
201700023693,0017-08-10 10:07:00,17,8,10,10,7,290,19,"., SALAUN PENQUER",48.38415,-4.48458,Plein jour,En agglomération,Hors intersection,Normale,Autre collision,,,,,,,,,,,1,2,1,1.0,6.0
201700023694,0017-08-31 19:25:00,17,8,31,19,25,290,19,"58, CONQUET",48.37926,-4.54288,Plein jour,En agglomération,Hors intersection,Normale,Deux véhicules - frontale,,,,,,,,,,,1,2,1,1.0,1.0
201700023695,0017-08-14 20:10:00,17,8,14,20,10,290,19,"., TARENTE",48.40318,-4.50637,Plein jour,En agglomération,Intersection en T,Normale,Deux véhicules - côté,,,,,,,,,,,1,2,3,1.0,3.0
201700023696,0017-09-10 01:15:00,17,9,10,1,15,290,19,GUILERS (DE 1 A 37 ET,48.38672,-4.51093,Nuit avec éclairage allumé,En agglomération,Intersection en T,Normale,Autre collision,,,,,,,,,,,5,2,3,1.0,6.0
201700023697,0017-09-07 02:55:00,17,9,7,2,55,290,19,"74, FRANCE ANATOLE (DE 5",48.38185,-4.52542,Nuit avec éclairage allumé,En agglomération,Hors intersection,Normale,Autre collision,,,,,,,,,,,5,2,1,1.0,6.0
201700023698,0017-08-22 17:05:00,17,8,22,17,5,290,19,"., FOCH MARECHAL",48.39232,-4.48749,Plein jour,En agglomération,Hors intersection,Normale,Deux véhicules - arrière,,,,,,,,,,,1,2,1,1.0,2.0
201700023699,0017-09-13 10:45:00,17,9,13,10,45,290,19,VAUBAN (DE 1 A 23 ET 2 A,48.38604,-4.50122,Plein jour,En agglomération,Intersection en X,Pluie légère,Deux véhicules - côté,,,,,,,,,,,1,2,2,2.0,3.0
201700023700,0017-08-08 17:00:00,17,8,8,17,0,290,19,"., LE BRIS JEAN MARIE",48.38412,-4.48348,Plein jour,En agglomération,Hors intersection,Normale,Deux véhicules - arrière,,,,,,,,,,,1,2,1,1.0,2.0
201700023701,0017-09-06 12:35:00,17,9,6,12,35,290,19,"., PARIS ( 33 ET 42 A FI",48.41101,-4.45419,Plein jour,En agglomération,Hors intersection,Pluie forte,Deux véhicules - arrière,,,,,,,,,,,1,2,1,3.0,2.0
201700023702,0017-09-05 16:35:00,17,9,5,16,35,290,19,SEVELLEC JIM,48.3637,-4.5504,Plein jour,Hors agglomération,Hors intersection,Normale,Sans collision,,,,,,,,,,,1,1,1,1.0,7.0
201700023703,0017-09-18 10:05:00,17,9,18,10,5,290,19,"., EUROPE (DE 58 A 166 E",48.41312,-4.49609,Plein jour,En agglomération,Intersection en T,Temps éblouissant,Deux véhicules - côté,,,,,,,,,,,1,2,3,7.0,3.0
201700023704,0017-09-07 09:05:00,17,9,7,9,5,290,19,"., RUE PAUL DOUMER",48.39917,-4.48712,Plein jour,En agglomération,Hors intersection,Normale,Trois véhicules et plus - en chaîne,,,,,,,,,,,1,2,1,1.0,4.0
201700023705,0017-09-17 00:30:00,17,9,17,0,30,290,19,COLLET YVES (DE 27 ET,48.39492,-4.47767,Nuit avec éclairage allumé,En agglomération,Hors intersection,Normale,Autre collision,,,,,,,,,,,5,2,1,1.0,6.0
201700023706,0017-09-25 15:55:00,17,9,25,15,55,290,19,"8, DESMOULINS CAMILLE",48.39652,-4.48528,Plein jour,En agglomération,Hors intersection,Normale,Autre collision,,,,,,,,,,,1,2,1,1.0,6.0
201700023707,0017-09-22 11:30:00,17,9,22,11,30,290,19,"12, DOCTEUR GUILLERM",48.38633,-4.53503,Plein jour,En agglomération,Intersection en T,Normale,Deux véhicules - côté,,,,,,,,,,,1,2,3,1.0,3.0
201700023708,0017-09-27 21:50:00,17,9,27,21,50,290,19,EUROPE (DE 13 A 15),48.40996,-4.51465,Nuit avec éclairage allumé,En agglomération,Intersection en X,Normale,Deux véhicules - côté,,,,,,,,,,,5,2,2,1.0,3.0
201700023709,0017-09-15 20:55:00,17,9,15,20,55,290,19,DUC D'AUMALE,48.40122,-4.50713,Crépuscule ou aube,En agglomération,Hors intersection,Pluie légère,Deux véhicules - arrière,,,,,,,,,,,2,2,1,2.0,2.0
201700023710,0017-10-03 09:45:00,17,10,3,9,45,290,19,TARENTE,48.4029,-4.5076,Plein jour,En agglomération,Hors intersection,Normale,Autre collision,,,,,,,,,,,1,2,1,1.0,6.0
201700023711,0017-10-04 07:49:00,17,10,4,7,49,290,19,DUPUY DE LOME (DE 34 ET,48.39068,-4.50989,Nuit avec éclairage allumé,En agglomération,Hors intersection,Normale,Autre collision,,,,,,,,,,,5,2,1,1.0,6.0
201700023712,0017-10-06 15:47:00,17,10,6,15,47,290,19,FOCH MARECHAL,48.39598,-4.48872,Plein jour,En agglomération,Hors intersection,Normale,Deux véhicules - arrière,,,,,,,,,,,1,2,1,1.0,2.0
201700023713,0017-10-14 15:00:00,17,10,14,15,0,290,19,MOZART,48.3955,-4.5267,Plein jour,En agglomération,Intersection en X,Normale,Autre collision,,,,,,,,,,,1,2,2,1.0,6.0
201700023714,0017-10-05 16:45:00,17,10,5,16,45,290,19,"13, LESVEN JULES (DE 1 A",48.40587,-4.4789,Plein jour,En agglomération,Intersection en T,Normale,Trois véhicules et plus - collisions multiples,,,,,,,,,,,1,2,3,1.0,5.0
201700023715,0017-10-06 11:45:00,17,10,6,11,45,290,19,ROBESPIERRE (96 ET 10,48.4039,-4.489,Plein jour,En agglomération,Intersection en X,Normale,Deux véhicules - frontale,,,,,,,,,,,1,2,2,1.0,1.0
201700023716,0017-10-24 19:13:00,17,10,24,19,13,290,19,SURCOUF,48.38115,-4.50661,Nuit avec éclairage allumé,En agglomération,Intersection en T,Normale,Deux véhicules - frontale,,,,,,,,,,,5,2,3,1.0,1.0
201700023717,0017-10-19 08:10:00,17,10,19,8,10,290,19,"65, KERVERN AUGUSTE",48.4033,-4.48893,Crépuscule ou aube,En agglomération,Intersection en T,Normale,Autre collision,,,,,,,,,,,2,2,3,1.0,6.0
201700023718,0017-10-28 13:51:00,17,10,28,13,51,290,19,"33, LOUPPE ALBERT (DE 1",48.40347,-4.47108,Plein jour,En agglomération,Intersection en T,Normale,Deux véhicules - côté,,,,,,,,,,,1,2,3,1.0,3.0
201700023719,0017-10-02 17:05:00,17,10,2,17,5,290,19,"., SENATEUR PICHON",48.38652,-4.47151,Plein jour,En agglomération,Hors intersection,Pluie légère,Deux véhicules - côté,,,,,,,,,,,1,2,1,2.0,3.0
201700023720,0017-10-27 17:30:00,17,10,27,17,30,290,19,"., EUROPE (DE 13 A 15)",48.41385,-4.48242,Plein jour,En agglomération,Hors intersection,Normale,Deux véhicules - arrière,,,,,,,,,,,1,2,1,1.0,2.0
201700023721,0017-10-28 11:00:00,17,10,28,11,0,290,19,KERVERN AUGUSTE,48.40202,-4.4887,Plein jour,En agglomération,Intersection en X,Normale,Deux véhicules - frontale,,,,,,,,,,,1,2,2,1.0,1.0
201700023722,0017-11-07 15:56:00,17,11,7,15,56,290,19,"., LE GORGEU",48.40745,-4.51061,Plein jour,En agglomération,Giratoire,Normale,Autre collision,,,,,,,,,,,1,2,6,1.0,6.0
201700023723,0017-11-06 11:30:00,17,11,6,11,30,290,19,Rue de l'Eglise,48.38211,-4.4999,Plein jour,En agglomération,Hors intersection,Normale,Deux véhicules - frontale,,,,,,,,,,,1,2,1,1.0,1.0
201700023724,0017-10-19 10:25:00,17,10,19,10,25,290,19,"9, KERGONAN (RUE ET IMPA",48.41167,-4.46671,Plein jour,En agglomération,Hors intersection,Normale,Deux véhicules - frontale,,,,,,,,,,,1,2,1,1.0,1.0
201700023725,0017-10-21 01:18:00,17,10,21,1,18,290,19,FARIGOUL,48.38959,-4.48363,Nuit avec éclairage allumé,En agglomération,Hors intersection,Normale,Autre collision,,,,,,,,,,,5,2,1,1.0,6.0
201700023726,0017-11-02 07:06:00,17,11,2,7,6,290,19,KERVERN AUGUSTE,48.40398,-4.48904,Crépuscule ou aube,En agglomération,Intersection en X,Normale,Deux véhicules - côté,,,,,,,,,,,2,2,2,1.0,3.0
201700023727,0017-11-01 18:40:00,17,11,1,18,40,290,19,"142, VERDUN (DE 53 A 199",48.39868,-4.45216,Nuit avec éclairage allumé,En agglomération,Hors intersection,Normale,Autre collision,,,,,,,,,,,5,2,1,1.0,6.0
201700023728,0017-10-30 17:20:00,17,10,30,17,20,290,19,"., MONTAIGNE (DE 39 A 11",48.39974,-4.48606,Crépuscule ou aube,En agglomération,Intersection en X,Normale,Deux véhicules - côté,,,,,,,,,,,2,2,2,1.0,3.0
201700023729,0017-10-12 14:10:00,17,10,12,14,10,290,19,"., PAULET GENERAL (DE 1",48.40967,-4.47615,Plein jour,En agglomération,Hors intersection,Pluie forte,Autre collision,,,,,,,,,,,1,2,1,3.0,6.0
201700023730,0017-11-08 16:55:00,17,11,8,16,55,290,19,".29, GOUESNOU (DE 1 A 29",48.40733,-4.46669,Crépuscule ou aube,En agglomération,Hors intersection,Normale,Autre collision,,,,,,,,,,,2,2,1,1.0,6.0
201700023731,0017-11-15 08:05:00,17,11,15,8,5,290,19,"., ROND POINT DE KERESSE",48.39507,-4.53902,Crépuscule ou aube,En agglomération,Giratoire,Pluie légère,Deux véhicules - côté,,,,,,,,,,,2,2,6,2.0,3.0
201700023732,0017-11-12 02:53:00,17,11,12,2,53,290,19,BOUET (DE 1 A 33 ET 2,48.41431,-4.49582,Nuit avec éclairage allumé,En agglomération,Intersection en X,Normale,Deux véhicules - côté,,,,,,,,,,,5,2,2,1.0,3.0
201700023733,0017-11-13 15:15:00,17,11,13,15,15,290,19,SAINT VINCENT DE PAUL (D,48.4199,-4.4908,Plein jour,En agglomération,Hors intersection,Normale,Autre collision,,,,,,,,,,,1,2,1,1.0,6.0
201700023734,0017-11-14 10:50:00,17,11,14,10,50,290,19,"31, ROBESPIERRE (DE 1 A",48.41242,-4.49135,Plein jour,En agglomération,Intersection en T,Normale,Autre collision,,,,,,,,,,,1,2,3,1.0,6.0
201700023735,0017-11-17 16:33:00,17,11,17,16,33,290,19,"22, AIGUILLON (DE 1 A 37",48.38546,-4.48828,Plein jour,En agglomération,Intersection en X,Normale,Autre collision,,,,,,,,,,,1,2,2,1.0,6.0
201700023736,0017-10-15 05:50:00,17,10,15,5,50,290,19,CLEMENCEAU GEORGES (D,48.38973,-4.48575,Nuit avec éclairage allumé,En agglomération,Hors intersection,Normale,Trois véhicules et plus - en chaîne,,,,,,,,,,,5,2,1,1.0,4.0
201700023737,0017-11-08 10:00:00,17,11,8,10,0,290,19,TRITSCHLER,48.38885,-4.45842,Plein jour,En agglomération,Giratoire,Normale,Sans collision,,,,,,,,,,,1,2,6,1.0,7.0
201700023738,0017-11-24 07:51:00,17,11,24,7,51,290,19,PARIS (DE 1 A 31 ET 2 A,48.4037,-4.4655,Crépuscule ou aube,En agglomération,Intersection en T,Pluie légère,Autre collision,,,,,,,,,,,2,2,3,2.0,6.0
201700023739,0017-11-21 23:45:00,17,11,21,23,45,290,19,ALBERT 1ER,48.39789,-4.48901,Nuit avec éclairage allumé,En agglomération,Hors intersection,Normale,Deux véhicules - côté,,,,,,,,,,,5,2,1,1.0,3.0
201700023740,0017-11-28 18:35:00,17,11,28,18,35,290,19,"2, SIAM (DE 1 A 47 ET 2",48.38476,-4.49333,Nuit avec éclairage allumé,En agglomération,Hors intersection,Pluie légère,Autre collision,,,,,,,,,,,5,2,1,2.0,6.0
201700023741,0017-11-13 08:18:00,17,11,13,8,18,290,19,"., GASCOGNE",48.40523,-4.51725,Crépuscule ou aube,En agglomération,Hors intersection,Normale,Deux véhicules - frontale,,,,,,,,,,,2,2,1,1.0,1.0
201700023742,0017-11-02 18:27:00,17,11,2,18,27,290,19,PRIGENT TANGUY (RP CA,48.39073,-4.53743,Nuit avec éclairage allumé,En agglomération,Hors intersection,Normale,Deux véhicules - côté,,,,,,,,,,,5,2,1,1.0,3.0
201700023743,0017-11-21 17:25:00,17,11,21,17,25,290,19,CASSARD JACQUES,48.40503,-4.48008,Nuit avec éclairage allumé,En agglomération,Intersection en T,Normale,Deux véhicules - côté,,,,,,,,,,,5,2,3,1.0,3.0
201700023744,0017-11-30 13:43:00,17,11,30,13,43,290,19,MONTAIGNE (DE 1 A 37 ET,48.4066,-4.4759,Plein jour,En agglomération,Hors intersection,Neige / grêle,Autre collision,,,,,,,,,,,1,2,1,4.0,6.0
201700023745,0017-11-25 09:55:00,17,11,25,9,55,290,19,"42, EUROPE (DE 37 A 47)",48.41306,-4.4892,Plein jour,En agglomération,Hors intersection,Normale,Autre collision,,,,,,,,,,,1,2,1,1.0,6.0
201700023746,0017-11-29 17:44:00,17,11,29,17,44,290,19,"., LESVEN JULES (DE 1 A",48.40952,-4.48494,Nuit avec éclairage allumé,En agglomération,Hors intersection,Pluie légère,Autre collision,,,,,,,,,,,5,2,1,2.0,6.0
201700023747,0017-12-12 13:30:00,17,12,12,13,30,290,19,Rue SAINT EXUPERY,48.38779,-4.50445,Plein jour,En agglomération,Intersection en X,Normale,Autre collision,,,,,,,,,,,1,2,2,1.0,6.0
201700023748,0017-12-14 08:00:00,17,12,14,8,0,290,19,VILLENEUVE (PONT),48.4036,-4.52382,Crépuscule ou aube,En agglomération,Hors intersection,Pluie légère,Deux véhicules - arrière,,,,,,,,,,,2,2,1,2.0,2.0
201700023749,0017-12-18 07:30:00,17,12,18,7,30,290,19,"37, LOUPPE ALBERT (DE 1",48.40351,-4.47148,Plein jour,En agglomération,Hors intersection,Normale,Deux véhicules - côté,,,,,,,,,,,1,2,1,1.0,3.0
201700023750,0017-11-24 22:55:00,17,11,24,22,55,290,19,"., RUE PAUL DOUMER",48.39974,-4.48603,Nuit avec éclairage allumé,En agglomération,Intersection en X,Pluie légère,Deux véhicules - côté,,,,,,,,,,,5,2,2,2.0,3.0
201700023751,0017-12-02 10:55:00,17,12,2,10,55,290,19,"., VALMY",48.40177,-4.46706,Plein jour,En agglomération,Intersection en T,Normale,Autre collision,,,,,,,,,,,1,2,3,1.0,6.0
201700023752,0017-12-16 16:55:00,17,12,16,16,55,290,19,"., MAISSIN",48.39002,-4.50353,Plein jour,En agglomération,Intersection en X,Normale,Deux véhicules - côté,,,,,,,,,,,1,2,2,1.0,3.0
201700023753,0017-11-30 11:10:00,17,11,30,11,10,290,19,"38, GLASGOW (DE 1 A 9 ET",48.39564,-4.48419,Plein jour,En agglomération,Hors intersection,Normale,Autre collision,,,,,,,,,,,1,2,1,1.0,6.0
201700023754,0017-12-21 08:25:00,17,12,21,8,25,290,19,"., LILAS",48.41919,-4.48671,Nuit avec éclairage allumé,En agglomération,Intersection en T,Pluie légère,Autre collision,,,,,,,,,,,5,2,3,2.0,6.0
201700023755,0017-04-15 04:38:00,17,4,15,4,38,400,234,RD 934 PR6,43.97717,-0.31701,Nuit sans éclairage public,Hors agglomération,Hors intersection,Normale,Deux véhicules - frontale,,,,,,,,,,,3,1,1,1.0,1.0
201700023756,0017-07-14 19:25:00,17,7,14,19,25,400,259,Autoroute A65 - 87+500,43.82458,-0.31547,Plein jour,Hors agglomération,Hors intersection,Normale,Sans collision,,,,,,,,,,,1,1,1,1.0,7.0
201700023757,0017-07-26 16:05:00,17,7,26,16,5,400,161,Route départementale 933,44.0933,-0.01994,Plein jour,Hors agglomération,Hors intersection,Normale,Autre collision,,,,,,,,,,,1,1,1,1.0,6.0
201700023758,0017-01-14 09:25:00,17,1,14,9,25,290,39,KERSIMONOU ( CHEMIN DE ),47.94067,-3.92347,Plein jour,Hors agglomération,Hors intersection,Autre,Autre collision,,,,,,,,,,,1,1,1,9.0,6.0
201700023759,0017-01-18 15:40:00,17,1,18,15,40,290,39,KERNEACH ( ROND POINT DE,47.88522,-3.91954,Plein jour,En agglomération,Giratoire,Normale,Autre collision,,,,,,,,,,,1,2,6,1.0,6.0
201700023760,0017-01-30 14:30:00,17,1,30,14,30,290,39,RN165 (VE),47.92511,-3.89697,Plein jour,Hors agglomération,Hors intersection,Temps couvert,Autre collision,,,,,,,,,,,1,1,1,8.0,6.0
201700023761,0017-03-02 14:52:00,17,3,2,14,52,290,39,KERAMPERU ( ROND POINT D,47.88991,-3.91619,Plein jour,En agglomération,Giratoire,Normale,Sans collision,,,,,,,,,,,1,2,6,1.0,7.0
201700023762,0017-03-07 14:34:00,17,3,7,14,34,290,39,RD 44,47.92078,-3.91736,Plein jour,Hors agglomération,Intersection en X,Pluie légère,Deux véhicules - côté,,,,,,,,,,,1,1,2,2.0,3.0
201700023763,0017-03-08 07:45:00,17,3,8,7,45,290,39,CHALUTIERS ( RUE DES),47.87651,-3.90835,Crépuscule ou aube,En agglomération,Hors intersection,Temps couvert,Deux véhicules - frontale,,,,,,,,,,,2,2,1,8.0,1.0
201700023764,0017-03-13 18:00:00,17,3,13,18,0,290,39,"11, CROIX ( PLACE DE LA",47.86886,-3.91612,Plein jour,En agglomération,Hors intersection,Normale,Autre collision,,,,,,,,,,,1,2,1,1.0,6.0
201700023765,0017-04-14 16:40:00,17,4,14,16,40,290,39,", QUIMPER ( RUE DE)",47.88886,-3.91776,Plein jour,En agglomération,Autre intersection,Normale,Autre collision,,,,,,,,,,,1,2,9,1.0,6.0
201700023766,0017-04-15 01:10:00,17,4,15,1,10,290,39,Rte de Kersale,47.90727,-3.9055,Nuit sans éclairage public,Hors agglomération,Intersection en T,Normale,Deux véhicules - frontale,,,,,,,,,,,3,1,3,1.0,1.0
201700023767,0017-04-29 18:50:00,17,4,29,18,50,290,39,Route de Quimper,47.87349,-3.89813,Plein jour,Hors agglomération,Hors intersection,Normale,Trois véhicules et plus - collisions multiples,,,,,,,,,,,1,1,1,1.0,5.0
201700023768,0017-05-09 18:35:00,17,5,9,18,35,290,39,RD 783,47.87836,-3.90211,Plein jour,Hors agglomération,Hors intersection,Normale,Deux véhicules - arrière,,,,,,,,,,,1,1,1,1.0,2.0
201700023769,0017-05-11 17:40:00,17,5,11,17,40,290,39,AIGUILLON (QUAI DE L'),47.8731,-3.91763,Plein jour,En agglomération,Place,Normale,Deux véhicules - frontale,,,,,,,,,,,1,2,7,1.0,1.0
201700023770,0017-05-12 02:25:00,17,5,12,2,25,290,39,KERGUERES (Route de),47.90038,-3.94302,Nuit sans éclairage public,Hors agglomération,Hors intersection,Temps couvert,Autre collision,,,,,,,,,,,3,1,1,8.0,6.0
201700023771,0017-05-17 11:10:00,17,5,17,11,10,290,39,RD 783,47.91748,-3.93144,Plein jour,Hors agglomération,Intersection en T,Pluie forte,Deux véhicules - côté,,,,,,,,,,,1,1,3,3.0,3.0