accident_id,datetime,annee,mois,jour,heure,minute,departement,commune_insee,adresse,latitude,longitude,luminosite,agglomeration,intersection,meteo,collision,nb_vehicules,nb_usagers,nb_indemnes,nb_tues,nb_blesses_hosp,nb_blesses_legers,age_cond_1,age_cond_2,veh_type_cond_1,veh_type_cond_2,lum_code,agg_code,int_code,atm_code,col_code
201700024131,0017-04-10 10:25:00,17,4,10,10,25,300,189,MAS DE CHEYLON,43.8107,4.3307,Plein jour,En agglomération,Giratoire,Normale,Deux véhicules - côté,,,,,,,,,,,1,2,6,1.0,3.0
201700024132,0017-03-31 14:25:00,17,3,31,14,25,300,189,DAYAN GEORGES (AVENUE),,,Plein jour,En agglomération,Hors intersection,Normale,Deux véhicules - arrière,,,,,,,,,,,1,2,1,1.0,2.0
201700024133,0017-03-31 04:30:00,17,3,31,4,30,300,189,SAINT GILLES (RUE),43.82962,4.3593,Nuit avec éclairage allumé,En agglomération,Intersection en X,Normale,Deux véhicules - côté,,,,,,,,,,,5,2,2,1.0,3.0
201700024134,0017-02-27 19:33:00,17,2,27,19,33,300,189,TRIAIRE SERGENT (BOULEVA,43.83003,4.36237,Plein jour,En agglomération,Intersection en T,Normale,Autre collision,,,,,,,,,,,1,2,3,1.0,6.0
201700024135,0017-02-28 15:38:00,17,2,28,15,38,300,189,PONT DES ILES (CHEMIN),43.82939,4.38317,Plein jour,En agglomération,Giratoire,Normale,Deux véhicules - frontale,,,,,,,,,,,1,2,6,1.0,1.0
201700024136,0017-03-30 19:00:00,17,3,30,19,0,300,189,DAUDET ERNEST (RUE),43.83962,4.37165,Plein jour,En agglomération,Intersection en X,Normale,Deux véhicules - côté,,,,,,,,,,,1,2,2,1.0,3.0
201700024137,0017-04-05 00:30:00,17,4,5,0,30,300,189,"74, FAITA VINCENT (RUE)",43.84858,4.3735,Nuit avec éclairage allumé,En agglomération,Hors intersection,Normale,Autre collision,,,,,,,,,,,5,2,1,1.0,6.0
201700024138,0017-04-07 13:00:00,17,4,7,13,0,300,189,"1233, MARECHAL JUIN AV",43.81877,4.34306,Plein jour,En agglomération,Intersection en Y,Normale,Deux véhicules - côté,,,,,,,,,,,1,2,4,1.0,3.0
201700024139,0017-04-03 20:29:00,17,4,3,20,29,300,189,MARECHAL JUIN (BOULEVARD,43.82105,4.34731,Nuit avec éclairage allumé,En agglomération,Hors intersection,Normale,Deux véhicules - frontale,,,,,,,,,,,5,2,1,1.0,1.0
201700024140,0017-04-11 09:24:00,17,4,11,9,24,300,189,MONNET JEAN (COURS),43.81582,4.34835,Plein jour,En agglomération,Giratoire,Normale,Deux véhicules - côté,,,,,,,,,,,1,2,6,1.0,3.0
201700024141,0017-04-09 03:44:00,17,4,9,3,44,300,189,"270, ALES (ANC ROUTE)",43.86305,4.33049,Nuit avec éclairage allumé,En agglomération,Hors intersection,Normale,Sans collision,,,,,,,,,,,5,2,1,1.0,7.0
201700024142,0017-04-22 15:45:00,17,4,22,15,45,300,189,POULX (ROUTE DE),43.86919,4.40834,Plein jour,Hors agglomération,Hors intersection,Normale,Autre collision,,,,,,,,,,,1,1,1,1.0,6.0
201700024143,0017-04-22 19:58:00,17,4,22,19,58,300,189,"27, SAINT REMY (RUE)",43.83002,4.3566,Plein jour,En agglomération,Hors intersection,Normale,Autre collision,,,,,,,,,,,1,2,1,1.0,6.0
201700024144,0017-04-09 03:55:00,17,4,9,3,55,300,189,ALES (ROUTE),43.87227,4.31955,Nuit sans éclairage public,Hors agglomération,Hors intersection,Normale,Deux véhicules - arrière,,,,,,,,,,,3,1,1,1.0,2.0
201700024145,0017-04-29 20:00:00,17,4,29,20,0,300,189,MAS DE CHEYLON,43.80521,4.33645,Plein jour,Hors agglomération,Intersection en X,Normale,Deux véhicules - côté,,,,,,,,,,,1,1,2,1.0,3.0
201700024146,0017-05-06 08:29:00,17,5,6,8,29,300,189,"21, JAURES JEAN (BOULEVA",43.83501,4.35116,Plein jour,Hors agglomération,Hors intersection,Normale,Autre collision,,,,,,,,,,,1,1,1,1.0,6.0
201700024147,0017-05-07 05:58:00,17,5,7,5,58,300,189,"36 bis, JAURES JEAN (BOU",43.83542,4.35061,Crépuscule ou aube,En agglomération,Hors intersection,Normale,Autre collision,,,,,,,,,,,2,2,1,1.0,6.0
201700024148,0017-05-08 08:50:00,17,5,8,8,50,300,189,POULX (ROUTE DE),43.89126,4.41769,Plein jour,Hors agglomération,Hors intersection,Normale,Autre collision,,,,,,,,,,,1,1,1,1.0,6.0
201700024149,0017-04-30 23:10:00,17,4,30,23,10,300,189,ALES (ROUTE),,,Nuit sans éclairage public,Hors agglomération,Hors intersection,Pluie forte,Sans collision,,,,,,,,,,,3,1,1,3.0,7.0
201700024150,0017-05-11 16:00:00,17,5,11,16,0,300,189,ANCIENS COMBATTANTS D IN,43.8701,4.32259,Plein jour,En agglomération,Hors intersection,Normale,Deux véhicules - côté,,,,,,,,,,,1,2,1,1.0,3.0
201700024151,0017-04-28 18:10:00,17,4,28,18,10,300,189,"19, GAMBETTA (BD)",43.84045,4.35936,Plein jour,En agglomération,Hors intersection,Normale,Autre collision,,,,,,,,,,,1,2,1,1.0,6.0
201700024152,0017-05-13 14:30:00,17,5,13,14,30,300,189,ALES (ROUTE),43.85389,4.32143,Plein jour,Hors agglomération,Intersection en T,Normale,Deux véhicules - arrière,,,,,,,,,,,1,1,3,1.0,2.0
201700024153,0017-05-21 14:20:00,17,5,21,14,20,300,189,Route Départementale 135,43.78153,4.35125,Plein jour,Hors agglomération,Hors intersection,Normale,Autre collision,,,,,,,,,,,1,1,1,1.0,6.0
201700024154,0017-05-21 20:25:00,17,5,21,20,25,300,189,"46, SAUVE (ROUTE)",43.8374,4.34198,Plein jour,En agglomération,Hors intersection,Normale,Deux véhicules - côté,,,,,,,,,,,1,2,1,1.0,3.0
201700024155,0017-05-23 10:15:00,17,5,23,10,15,300,189,GAMEL PIERRE (AVENUE),43.82258,4.36459,Plein jour,En agglomération,Hors intersection,Normale,Autre collision,,,,,,,,,,,1,2,1,1.0,6.0
201700024156,0017-04-27 02:00:00,17,4,27,2,0,300,189,KENNEDY (AVENUE),,,Nuit avec éclairage allumé,En agglomération,Hors intersection,Normale,Sans collision,,,,,,,,,,,5,2,1,1.0,7.0
201700024157,0017-04-03 15:05:00,17,4,3,15,5,300,189,THALES (RUE OU PLACE),43.83012,4.33239,Plein jour,En agglomération,Giratoire,Normale,Deux véhicules - côté,,,,,,,,,,,1,2,6,1.0,3.0
201700024158,0017-05-23 11:50:00,17,5,23,11,50,300,189,MAS DE CHEYLON,43.805,4.33667,Plein jour,Hors agglomération,Intersection en X,Normale,Deux véhicules - frontale,,,,,,,,,,,1,1,2,1.0,1.0
201700024159,0017-05-17 08:22:00,17,5,17,8,22,300,189,FONTILLE (RUE),43.86083,4.40243,Plein jour,En agglomération,Hors intersection,Normale,Deux véhicules - frontale,,,,,,,,,,,1,2,1,1.0,1.0
201700024160,0017-04-07 17:20:00,17,4,7,17,20,300,189,AVIGNON (ROUTE),43.84747,4.39719,Plein jour,En agglomération,Intersection en T,Normale,Deux véhicules - côté,,,,,,,,,,,1,2,3,1.0,3.0
201700024161,0017-04-11 03:40:00,17,4,11,3,40,300,189,CANAUX (CHEMIN),43.77815,4.34172,Nuit sans éclairage public,Hors agglomération,Hors intersection,Normale,Sans collision,,,,,,,,,,,3,1,1,1.0,7.0
201700024162,0017-04-13 22:50:00,17,4,13,22,50,300,189,ALLENDE SALVADOR (RUE),,,Nuit avec éclairage allumé,En agglomération,Hors intersection,Normale,Sans collision,,,,,,,,,,,5,2,1,1.0,7.0
201700024163,0017-04-28 15:50:00,17,4,28,15,50,300,189,NOTRE DAME (RUE),43.83764,4.36704,Plein jour,En agglomération,Intersection en X,Normale,Deux véhicules - côté,,,,,,,,,,,1,2,2,1.0,3.0
201700024164,0017-05-18 17:43:00,17,5,18,17,43,300,189,"562, PONT DES ILES (CHEM",43.83129,4.38912,Plein jour,En agglomération,Hors intersection,Normale,Autre collision,,,,,,,,,,,1,2,1,1.0,6.0
201700024165,0017-05-28 08:50:00,17,5,28,8,50,300,189,BIR HAKEIM (AVENUE),43.84264,4.38354,Plein jour,En agglomération,Intersection en X,Normale,Deux véhicules - côté,,,,,,,,,,,1,2,2,1.0,3.0
201700024166,0017-06-06 19:05:00,17,6,6,19,5,300,189,TRIAIRE SERGENT (BOULEVA,43.82961,4.36194,Plein jour,En agglomération,Intersection en X,Normale,Autre collision,,,,,,,,,,,1,2,2,1.0,6.0
201700024167,0017-06-12 17:15:00,17,6,12,17,15,300,189,ANCIENS COMBATTANTS D IN,43.85714,4.324,Plein jour,Hors agglomération,Hors intersection,Normale,Deux véhicules - côté,,,,,,,,,,,1,1,1,1.0,3.0
201700024168,0017-06-13 16:50:00,17,6,13,16,50,300,189,FONTAINE (QUAI),43.83834,4.34996,Plein jour,En agglomération,Hors intersection,Normale,Autre collision,,,,,,,,,,,1,2,1,1.0,6.0
201700024169,0017-06-17 08:50:00,17,6,17,8,50,300,189,REPUBLIQUE (RUE),43.83216,4.35801,Plein jour,En agglomération,Intersection en X,Normale,Deux véhicules - arrière,,,,,,,,,,,1,2,2,1.0,2.0
201700024170,0017-06-19 14:50:00,17,6,19,14,50,300,189,DAYAN GEORGES (AVENUE),43.82262,4.34767,Plein jour,En agglomération,Intersection en X,Normale,Deux véhicules - côté,,,,,,,,,,,1,2,2,1.0,3.0
201700024171,0017-06-18 22:15:00,17,6,18,22,15,300,189,ARTS (AVENUE),43.8245,4.33491,Nuit avec éclairage allumé,En agglomération,Hors intersection,Normale,Deux véhicules - frontale,,,,,,,,,,,5,2,1,1.0,1.0
201700024172,0017-06-20 00:30:00,17,6,20,0,30,300,189,UZES (ROUTE D'),43.88519,4.38034,Nuit sans éclairage public,Hors agglomération,Hors intersection,Normale,Deux véhicules - frontale,,,,,,,,,,,3,1,1,1.0,1.0
201700024173,0017-06-25 04:30:00,17,6,25,4,30,300,189,AVIGNON (ROUTE),43.8521,4.40031,Nuit avec éclairage allumé,En agglomération,Intersection en X,Normale,Sans collision,,,,,,,,,,,5,2,2,1.0,7.0
201700024174,0017-06-29 18:00:00,17,6,29,18,0,300,189,ALLENDE SALVADOR (RUE),43.82109,4.36264,Plein jour,En agglomération,Intersection en T,Normale,Autre collision,,,,,,,,,,,1,2,3,1.0,6.0
201700024175,0017-05-30 19:55:00,17,5,30,19,55,300,189,MONNET JEAN (COURS),43.81624,4.34873,Crépuscule ou aube,En agglomération,Giratoire,Normale,Deux véhicules - côté,,,,,,,,,,,2,2,6,1.0,3.0
201700024176,0017-06-08 16:09:00,17,6,8,16,9,300,189,SEMARD PIERRE (RUE),43.84057,4.37215,Plein jour,En agglomération,Intersection en T,Normale,Autre collision,,,,,,,,,,,1,2,3,1.0,6.0
201700024177,0017-06-30 22:54:00,17,6,30,22,54,300,189,COLBERT (RUE),43.83764,4.36533,Nuit avec éclairage allumé,En agglomération,Intersection en T,Normale,Deux véhicules - côté,,,,,,,,,,,5,2,3,1.0,3.0
201700024178,0017-05-14 18:50:00,17,5,14,18,50,300,189,MONTPELLIER (ROUTE DE),43.8002,4.3171,Crépuscule ou aube,En agglomération,Hors intersection,Normale,Deux véhicules - arrière,,,,,,,,,,,2,2,1,1.0,2.0
201700024179,0017-05-06 01:02:00,17,5,6,1,2,300,189,LIBERTE (AVENUE),43.82306,4.35488,Nuit avec éclairage allumé,En agglomération,Intersection en T,Normale,Deux véhicules - côté,,,,,,,,,,,5,2,3,1.0,3.0
201700024180,0017-07-13 15:50:00,17,7,13,15,50,300,189,"2, COLISEE (RUE)",43.82044,4.35768,Plein jour,En agglomération,Intersection en X,Normale,Autre collision,,,,,,,,,,,1,2,2,1.0,6.0
201700024181,0017-07-18 06:45:00,17,7,18,6,45,300,189,ALES (ROUTE),43.8894,4.2933,Crépuscule ou aube,Hors agglomération,Hors intersection,Normale,Trois véhicules et plus - collisions multiples,,,,,,,,,,,2,1,1,1.0,5.0
201700024182,0017-07-05 11:38:00,17,7,5,11,38,300,189,LIBERTE (ROND-POINT),43.81174,4.36651,Plein jour,En agglomération,Giratoire,Normale,Deux véhicules - côté,,,,,,,,,,,1,2,6,1.0,3.0
201700024183,0017-07-25 08:10:00,17,7,25,8,10,300,189,TALABOT (BOULEVARD),43.8369,4.37119,Plein jour,En agglomération,Intersection en T,Normale,Deux véhicules - côté,,,,,,,,,,,1,2,3,1.0,3.0
201700024184,0017-06-17 23:00:00,17,6,17,23,0,300,189,JAURES JEAN (BOULEVARD),43.83402,4.35101,Nuit avec éclairage non allumé,En agglomération,Intersection en X,Normale,Autre collision,,,,,,,,,,,4,2,2,1.0,6.0
201700024185,0017-07-12 11:20:00,17,7,12,11,20,300,189,NICOT (RUE),43.84083,4.37107,Plein jour,En agglomération,Intersection en X,Normale,Deux véhicules - côté,,,,,,,,,,,1,2,2,1.0,3.0
201700024186,0017-06-17 01:45:00,17,6,17,1,45,300,189,"220, AVIGNON (ROUTE)",43.84517,4.38398,Nuit avec éclairage allumé,En agglomération,Intersection en T,Normale,Sans collision,,,,,,,,,,,5,2,3,1.0,7.0
201700024187,0017-06-25 06:50:00,17,6,25,6,50,300,189,TALABOT (BOULEVARD),43.8369,4.3711,Crépuscule ou aube,En agglomération,Intersection en X,Normale,Deux véhicules - côté,,,,,,,,,,,2,2,2,1.0,3.0
201700024188,0017-08-04 16:20:00,17,8,4,16,20,300,189,GAMBETTA (BD),43.84044,4.36002,Plein jour,En agglomération,Intersection en T,Normale,Autre collision,,,,,,,,,,,1,2,3,1.0,6.0
201700024189,0017-08-08 01:20:00,17,8,8,1,20,300,189,SAINT GILLES (RUE),43.83136,4.35844,Nuit avec éclairage allumé,En agglomération,Intersection en X,Normale,Deux véhicules - côté,,,,,,,,,,,5,2,2,1.0,3.0
201700024190,0017-09-27 20:25:00,17,9,27,20,25,300,189,SAINT GILLES (ROUTE),43.81277,4.37061,Nuit avec éclairage non allumé,En agglomération,Intersection en X,Normale,Deux véhicules - côté,,,,,,,,,,,4,2,2,1.0,3.0
201700024191,0017-08-13 05:25:00,17,8,13,5,25,300,189,HUGO VICTOR (BOULEVARD),43.83833,4.35547,Nuit avec éclairage allumé,En agglomération,Intersection en X,Normale,Deux véhicules - frontale,,,,,,,,,,,5,2,2,1.0,1.0
201700024192,0017-08-21 14:00:00,17,8,21,14,0,300,189,KENNEDY (AVENUE),43.81334,4.3095,Plein jour,En agglomération,Hors intersection,Normale,Deux véhicules - arrière,,,,,,,,,,,1,2,1,1.0,2.0
201700024193,0017-07-12 01:10:00,17,7,12,1,10,300,189,PITOT (RUE),43.84418,4.37299,Nuit avec éclairage allumé,En agglomération,Hors intersection,Normale,Sans collision,,,,,,,,,,,5,2,1,1.0,7.0
201700024194,0017-08-10 01:00:00,17,8,10,1,0,300,189,JAURES JEAN (BOULEVARD),43.8263,4.35373,Nuit avec éclairage allumé,En agglomération,Hors intersection,Normale,Deux véhicules - arrière,,,,,,,,,,,5,2,1,1.0,2.0
201700024195,0017-08-25 23:40:00,17,8,25,23,40,300,189,BOEGNER PASTEUR MARC (BO,43.8208,4.33145,Nuit avec éclairage allumé,En agglomération,Hors intersection,Normale,Deux véhicules - arrière,,,,,,,,,,,5,2,1,1.0,2.0
201700024196,0017-09-23 22:35:00,17,9,23,22,35,300,189,UZES (ROUTE D'),43.85355,4.37916,Nuit avec éclairage allumé,En agglomération,Intersection en T,Normale,Deux véhicules - côté,,,,,,,,,,,5,2,3,1.0,3.0
201700024197,0017-09-04 18:10:00,17,9,4,18,10,300,189,"01, BOUVINE (AVENUE)",43.81714,4.35571,Plein jour,En agglomération,Hors intersection,Normale,Autre collision,,,,,,,,,,,1,2,1,1.0,6.0
201700024198,0017-07-27 22:00:00,17,7,27,22,0,300,189,MOULIN JEAN (RUE),43.84484,4.39185,Nuit avec éclairage allumé,En agglomération,Hors intersection,Normale,Sans collision,,,,,,,,,,,5,2,1,1.0,7.0
201700024199,0017-07-27 16:30:00,17,7,27,16,30,300,189,LECLERC GENERAL (AVENUE),43.828,4.37374,Plein jour,En agglomération,Hors intersection,Normale,Autre collision,,,,,,,,,,,1,2,1,1.0,6.0
201700024200,0017-07-28 16:40:00,17,7,28,16,40,300,189,ALLENDE SALVADOR (RUE),43.81562,4.34092,Plein jour,En agglomération,Giratoire,Normale,Deux véhicules - arrière,,,,,,,,,,,1,2,6,1.0,2.0
201700024201,0017-07-18 16:35:00,17,7,18,16,35,300,189,HUGO VICTOR (BOULEVARD),43.83822,4.35557,Plein jour,En agglomération,Intersection en T,Normale,Autre collision,,,,,,,,,,,1,2,3,1.0,6.0
201700024202,0017-08-09 21:40:00,17,8,9,21,40,300,189,CAPOUCHINE (CHEMIN),43.81689,4.35302,Nuit avec éclairage allumé,En agglomération,Intersection en T,Normale,Deux véhicules - côté,,,,,,,,,,,5,2,3,1.0,3.0
201700024203,0017-09-02 04:10:00,17,9,2,4,10,300,189,COMBE SOURDE (CHEMIN),43.86229,4.37315,Nuit avec éclairage allumé,En agglomération,Hors intersection,Normale,Sans collision,,,,,,,,,,,5,2,1,1.0,7.0
201700024204,0017-09-03 23:15:00,17,9,3,23,15,300,189,BEAUCAIRE (ROUTE),43.8312,4.44551,Nuit avec éclairage allumé,Hors agglomération,Hors intersection,Normale,Sans collision,,,,,,,,,,,5,1,1,1.0,7.0
201700024205,0017-08-25 21:45:00,17,8,25,21,45,300,189,BOISSY D ANGLAS (ALLEE),43.8309,4.36521,Nuit avec éclairage allumé,En agglomération,Hors intersection,Normale,Sans collision,,,,,,,,,,,5,2,1,1.0,7.0
201700024206,0017-08-31 02:40:00,17,8,31,2,40,300,189,FOLCO DE BARONCELLI (RUE,43.84869,4.36333,Nuit avec éclairage allumé,En agglomération,Hors intersection,Normale,Autre collision,,,,,,,,,,,5,2,1,1.0,6.0
201700024207,0017-08-11 23:55:00,17,8,11,23,55,300,189,ROBERVAL GILLES (RUE OU,43.82853,4.33322,Nuit avec éclairage allumé,En agglomération,Intersection en T,Normale,Sans collision,,,,,,,,,,,5,2,3,1.0,7.0
201700024208,0017-09-11 19:00:00,17,9,11,19,0,300,189,MAS DE VIGNOLLES (ALLEE,43.82231,4.36232,Plein jour,En agglomération,Intersection en T,Normale,Deux véhicules - côté,,,,,,,,,,,1,2,3,1.0,3.0
201700024209,0017-09-14 18:20:00,17,9,14,18,20,300,189,NOTRE DAME (RUE),43.83886,4.36891,Plein jour,En agglomération,Intersection en T,Normale,Deux véhicules - côté,,,,,,,,,,,1,2,3,1.0,3.0
201700024210,0017-08-17 11:00:00,17,8,17,11,0,300,189,GAMBETTA (BD),43.84043,4.36031,Plein jour,En agglomération,Intersection en T,Normale,Deux véhicules - côté,,,,,,,,,,,1,2,3,1.0,3.0
201700024211,0017-08-29 07:40:00,17,8,29,7,40,300,189,UZES (ROUTE D'),43.88503,4.38015,Plein jour,En agglomération,Hors intersection,Normale,Deux véhicules - côté,,,,,,,,,,,1,2,1,1.0,3.0
201700024212,0017-09-12 21:20:00,17,9,12,21,20,300,189,TRIAIRE SERGENT (BOULEVA,43.82945,4.36166,Nuit avec éclairage allumé,En agglomération,Hors intersection,Normale,Sans collision,,,,,,,,,,,5,2,1,1.0,7.0
201700024213,0017-09-26 11:15:00,17,9,26,11,15,300,189,"620, HAUTS DE NIMES (Che",43.8617,4.29249,Plein jour,En agglomération,Hors intersection,Normale,Sans collision,,,,,,,,,,,1,2,1,1.0,7.0
201700024214,0017-09-26 20:28:00,17,9,26,20,28,300,189,BOEGNER PASTEUR MARC (BO,43.81843,4.33798,Nuit avec éclairage allumé,En agglomération,Hors intersection,Normale,Autre collision,,,,,,,,,,,5,2,1,1.0,6.0
201700024215,0017-09-26 06:50:00,17,9,26,6,50,300,189,ALES (ROUTE),43.8557,4.3372,Crépuscule ou aube,En agglomération,Intersection en X,Normale,Trois véhicules et plus - collisions multiples,,,,,,,,,,,2,2,2,1.0,5.0
201700024216,0017-08-25 06:05:00,17,8,25,6,5,300,189,FRANCAIS LIBRES (BD),43.8243,4.3272,Nuit sans éclairage public,En agglomération,Giratoire,Normale,Autre collision,,,,,,,,,,,3,2,6,1.0,6.0
201700024217,0017-08-24 14:13:00,17,8,24,14,13,300,189,LIBERTE (AVENUE),43.81939,4.35874,Plein jour,En agglomération,Hors intersection,Normale,Autre collision,,,,,,,,,,,1,2,1,1.0,6.0
201700024218,0017-10-07 15:15:00,17,10,7,15,15,300,189,MONTPELLIER (ROUTE DE),43.81115,4.33024,Plein jour,En agglomération,Intersection en X,Normale,Deux véhicules - côté,,,,,,,,,,,1,2,2,1.0,3.0
201700024219,0017-08-10 09:10:00,17,8,10,9,10,300,189,"9, MAS DE VEDELIN (CHEMI",43.82119,4.30014,Plein jour,En agglomération,Hors intersection,Normale,Deux véhicules - côté,,,,,,,,,,,1,2,1,1.0,3.0
201700024220,0017-08-11 00:14:00,17,8,11,0,14,300,189,ALLENDE SALVADOR (RUE),43.83682,4.38822,Nuit avec éclairage allumé,En agglomération,Hors intersection,Normale,Trois véhicules et plus - en chaîne,,,,,,,,,,,5,2,1,1.0,4.0
201700024221,0017-10-12 22:25:00,17,10,12,22,25,300,189,DHUODA (RUE),43.82841,4.35485,Nuit avec éclairage allumé,En agglomération,Intersection en X,Normale,Sans collision,,,,,,,,,,,5,2,2,1.0,7.0
201700024222,0017-09-04 22:52:00,17,9,4,22,52,300,189,"106, AVIGNON (ROUTE)",43.84126,4.37512,Nuit avec éclairage allumé,En agglomération,Hors intersection,Normale,Deux véhicules - frontale,,,,,,,,,,,5,2,1,1.0,1.0
201700024223,0017-09-13 07:15:00,17,9,13,7,15,300,189,FRANCAIS LIBRES (BD),43.82391,4.32769,Plein jour,En agglomération,Hors intersection,Normale,Autre collision,,,,,,,,,,,1,2,1,1.0,6.0
201700024224,0017-09-27 16:55:00,17,9,27,16,55,300,189,PITOT (RUE),43.84398,4.37158,Plein jour,En agglomération,Hors intersection,Normale,Autre collision,,,,,,,,,,,1,2,1,1.0,6.0
201700024225,0017-10-18 13:30:00,17,10,18,13,30,300,189,HENRI IV (RUE),43.83051,4.35394,Plein jour,En agglomération,Intersection en X,Normale,Deux véhicules - côté,,,,,,,,,,,1,2,2,1.0,3.0
201700024226,0017-10-22 22:05:00,17,10,22,22,5,300,189,UZES (ROUTE D'),43.89366,4.38797,Nuit sans éclairage public,Hors agglomération,Hors intersection,Normale,Autre collision,,,,,,,,,,,3,1,1,1.0,6.0
201700024227,0017-10-20 19:25:00,17,10,20,19,25,300,189,BOISSY D ANGLAS (ALLEE),,,Crépuscule ou aube,En agglomération,Hors intersection,Normale,Autre collision,,,,,,,,,,,2,2,1,1.0,6.0
201700024228,0017-11-02 17:30:00,17,11,2,17,30,300,189,MAS DE CHEYLON,43.80521,4.33645,Nuit sans éclairage public,En agglomération,Intersection en X,Normale,Deux véhicules - côté,,,,,,,,,,,3,2,2,1.0,3.0
201700024229,0017-11-01 19:55:00,17,11,1,19,55,300,189,"131, SAUVE (ROUTE)",43.83762,4.3275,Nuit avec éclairage allumé,En agglomération,Hors intersection,Normale,Deux véhicules - côté,,,,,,,,,,,5,2,1,1.0,3.0
201700024230,0017-11-03 09:40:00,17,11,3,9,40,300,189,GAUTIER (RUE),43.84204,4.35852,Plein jour,En agglomération,Intersection en X,Normale,Deux véhicules - côté,,,,,,,,,,,1,2,2,1.0,3.0
201700024231,0017-11-05 05:40:00,17,11,5,5,40,300,189,ALLENDE SALVADOR (RUE),43.83225,4.38368,Nuit avec éclairage non allumé,En agglomération,Hors intersection,Temps couvert,Autre collision,,,,,,,,,,,4,2,1,8.0,6.0
201700024232,0017-11-03 22:35:00,17,11,3,22,35,300,189,ALES (ROUTE),43.88705,4.29699,Nuit sans éclairage public,Hors agglomération,Hors intersection,Normale,Sans collision,,,,,,,,,,,3,1,1,1.0,7.0
201700024233,0017-11-18 15:40:00,17,11,18,15,40,300,189,ALLENDE SALVADOR (RUE),43.8162,4.343,Plein jour,En agglomération,Hors intersection,Normale,Trois véhicules et plus - collisions multiples,,,,,,,,,,,1,2,1,1.0,5.0
201700024234,0017-10-19 19:00:00,17,10,19,19,0,300,189,ALLENDE SALVADOR (RUE),43.82428,4.36962,Nuit avec éclairage allumé,En agglomération,Giratoire,Normale,Deux véhicules - côté,,,,,,,,,,,5,2,6,1.0,3.0
201700024235,0017-11-16 13:10:00,17,11,16,13,10,300,189,POULX (ROUTE DE),43.86914,4.4083,Plein jour,Hors agglomération,Hors intersection,Normale,Deux véhicules - frontale,,,,,,,,,,,1,1,1,1.0,1.0
201700024236,0017-11-04 22:25:00,17,11,4,22,25,300,189,SAINT GILLES (ROUTE),43.81824,4.36622,Nuit avec éclairage allumé,En agglomération,Intersection en X,Pluie forte,Deux véhicules - côté,,,,,,,,,,,5,2,2,3.0,3.0
201700024237,0017-10-27 21:15:00,17,10,27,21,15,300,189,ALLENDE SALVADOR (RUE),43.81528,4.33972,Nuit avec éclairage allumé,En agglomération,Giratoire,Normale,Autre collision,,,,,,,,,,,5,2,6,1.0,6.0
201700024238,0017-11-28 16:49:00,17,11,28,16,49,300,189,FOREZ (RUE),,,Plein jour,En agglomération,Hors intersection,Normale,Autre collision,,,,,,,,,,,1,2,1,1.0,6.0
201700024239,0017-12-04 16:00:00,17,12,4,16,0,300,189,MITTERRAND FRANCOIS (AVE,43.81771,4.36052,Plein jour,En agglomération,Giratoire,Normale,Deux véhicules - côté,,,,,,,,,,,1,2,6,1.0,3.0
201700024240,0017-12-05 18:10:00,17,12,5,18,10,300,189,GENERAC (ROUTE),43.78854,4.35189,Nuit sans éclairage public,En agglomération,Hors intersection,Normale,Deux véhicules - côté,,,,,,,,,,,3,2,1,1.0,3.0
201700024241,0017-12-06 18:10:00,17,12,6,18,10,300,189,"GALILEE (RUE, PLACE OU I",43.82972,4.32638,Nuit avec éclairage allumé,En agglomération,Hors intersection,Normale,Deux véhicules - frontale,,,,,,,,,,,5,2,1,1.0,1.0
201700024242,0017-10-07 10:19:00,17,10,7,10,19,300,189,CIGALE (CHEMIN),43.85194,4.32456,Plein jour,En agglomération,Intersection en T,Normale,Deux véhicules - arrière,,,,,,,,,,,1,2,3,1.0,2.0
201700024243,0017-10-20 22:03:00,17,10,20,22,3,300,189,ALES (ROUTE),43.87034,4.322,Nuit sans éclairage public,Hors agglomération,Hors intersection,Normale,Autre collision,,,,,,,,,,,3,1,1,1.0,6.0
201700024244,0017-10-31 23:50:00,17,10,31,23,50,300,189,EBOUE FELIX (RUE),43.84624,4.39214,Nuit avec éclairage allumé,En agglomération,Intersection en T,Normale,Deux véhicules - côté,,,,,,,,,,,5,2,3,1.0,3.0
201700024245,0017-10-20 23:25:00,17,10,20,23,25,300,189,SEVERINE (IMPACE OU PLAC,43.83033,4.35197,Nuit avec éclairage allumé,En agglomération,Intersection en T,Normale,Deux véhicules - côté,,,,,,,,,,,5,2,3,1.0,3.0
201700024246,0017-12-13 07:30:00,17,12,13,7,30,300,189,BEAUCAIRE (ROUTE),43.83797,4.37771,Crépuscule ou aube,En agglomération,Intersection en T,Normale,Autre collision,,,,,,,,,,,2,2,3,1.0,6.0
201700024247,0017-12-13 11:48:00,17,12,13,11,48,300,189,ALLENDE SALVADOR (RUE),43.82837,4.37644,Plein jour,En agglomération,Hors intersection,Normale,Trois véhicules et plus - en chaîne,,,,,,,,,,,1,2,1,1.0,4.0
201700024248,0017-11-29 09:10:00,17,11,29,9,10,300,189,"23, SULLY (RUE)",43.84283,4.36976,Plein jour,En agglomération,Hors intersection,Normale,Autre collision,,,,,,,,,,,1,2,1,1.0,6.0
201700024249,0017-12-15 02:25:00,17,12,15,2,25,300,189,UZES (ROUTE D'),,,Nuit sans éclairage public,Hors agglomération,Hors intersection,Normale,Autre collision,,,,,,,,,,,3,1,1,1.0,6.0