accident_id,datetime,annee,mois,jour,heure,minute,departement,commune_insee,adresse,latitude,longitude,luminosite,agglomeration,intersection,meteo,collision,nb_vehicules,nb_usagers,nb_indemnes,nb_tues,nb_blesses_hosp,nb_blesses_legers,age_cond_1,age_cond_2,veh_type_cond_1,veh_type_cond_2,lum_code,agg_code,int_code,atm_code,col_code
201700024373,0017-05-22 17:15:00,17,5,22,17,15,620,662,ROUTE DE GRAVELINES,50.85764,2.09901,Plein jour,Hors agglomération,Intersection en X,Normale,Deux véhicules - côté,,,,,,,,,,,1,1,2,1.0,3.0
201700024374,0017-05-29 07:15:00,17,5,29,7,15,620,621,rue de la liette,50.88766,2.03881,Plein jour,En agglomération,Hors intersection,Normale,Deux véhicules - frontale,,,,,,,,,,,1,2,1,1.0,1.0
201700024375,0017-06-14 18:35:00,17,6,14,18,35,620,614,route nationale 43,50.85252,2.00665,Plein jour,Hors agglomération,Hors intersection,Normale,Trois véhicules et plus - collisions multiples,,,,,,,,,,,1,1,1,1.0,5.0
201700024376,0017-07-27 04:30:00,17,7,27,4,30,620,645,RD 940,50.98858,2.07506,Nuit sans éclairage public,Hors agglomération,Hors intersection,Normale,Autre collision,,,,,,,,,,,3,1,1,1.0,6.0
201700024377,0017-08-22 16:35:00,17,8,22,16,35,620,531,RD 943 Hameau de Berthem,50.82298,1.99796,Plein jour,Hors agglomération,Hors intersection,Normale,Deux véhicules - côté,,,,,,,,,,,1,1,1,1.0,3.0
201700024378,0017-08-24 03:25:00,17,8,24,3,25,620,38,face au 210 rue constant,50.85686,1.97659,Nuit avec éclairage allumé,En agglomération,Hors intersection,Normale,Autre collision,,,,,,,,,,,5,2,1,1.0,6.0
201700024379,0017-08-29 17:50:00,17,8,29,17,50,620,634,rue de la gare,50.95374,2.01437,Plein jour,Hors agglomération,Hors intersection,Normale,Deux véhicules - frontale,,,,,,,,,,,1,1,1,1.0,1.0
201700024380,0017-09-01 22:20:00,17,9,1,22,20,620,531,D 943,50.8338,2.02544,Nuit sans éclairage public,Hors agglomération,Hors intersection,Normale,Autre collision,,,,,,,,,,,3,1,1,1.0,6.0
201700024381,0017-09-23 06:15:00,17,9,23,6,15,620,645,avenue Paul Machy,50.97822,2.04521,Crépuscule ou aube,En agglomération,Hors intersection,Normale,Autre collision,,,,,,,,,,,2,2,1,1.0,6.0
201700024382,0017-11-01 03:00:00,17,11,1,3,0,620,645,route de waldam,50.98282,1.9781,Nuit sans éclairage public,Hors agglomération,Hors intersection,Normale,Autre collision,,,,,,,,,,,3,1,1,1.0,6.0
201700024383,0017-11-23 07:20:00,17,11,23,7,20,620,852,Rue de Bourbourg,50.93291,2.08362,Nuit sans éclairage public,En agglomération,Intersection en T,Normale,Deux véhicules - côté,,,,,,,,,,,3,2,3,1.0,3.0
201700024384,0017-11-25 17:30:00,17,11,25,17,30,620,155,route de Quercamps,50.78322,2.02286,Nuit sans éclairage public,Hors agglomération,Hors intersection,Normale,Deux véhicules - frontale,,,,,,,,,,,3,1,1,1.0,1.0
201700024385,0017-01-07 13:15:00,17,1,7,13,15,830,4,RDN7,43.44806,6.48541,Plein jour,Hors agglomération,Hors intersection,Normale,Trois véhicules et plus - collisions multiples,,,,,,,,,,,1,1,1,1.0,5.0
201700024386,0017-01-26 12:30:00,17,1,26,12,30,830,4,"D555, rond point des deu",43.46221,6.48927,Plein jour,Hors agglomération,Giratoire,Normale,Autre collision,,,,,,,,,,,1,1,6,1.0,6.0
201700024387,0017-02-27 20:20:00,17,2,27,20,20,830,134,DN7 les Plainons,43.44038,6.45435,Nuit sans éclairage public,Hors agglomération,Hors intersection,Pluie légère,Deux véhicules - frontale,,,,,,,,,,,3,1,1,2.0,1.0
201700024388,0017-02-26 21:00:00,17,2,26,21,0,830,86,RD 1555 en direction du,43.47579,6.53197,Nuit avec éclairage allumé,Hors agglomération,Hors intersection,Normale,Deux véhicules - arrière,,,,,,,,,,,5,1,1,1.0,2.0
201700024389,0017-03-13 00:05:00,17,3,13,0,5,830,86,route de Sainte-Maxime,43.43538,6.57185,Nuit sans éclairage public,Hors agglomération,Hors intersection,Normale,Deux véhicules - côté,,,,,,,,,,,3,1,1,1.0,3.0
201700024390,0017-03-15 16:30:00,17,3,15,16,30,830,148,2 avenue du Maréchal  FO,43.43041,6.43535,Plein jour,En agglomération,Hors intersection,Normale,Deux véhicules - côté,,,,,,,,,,,1,2,1,1.0,3.0
201700024391,0017-03-15 23:00:00,17,3,15,23,0,830,148,4156 RDN 7,43.41895,6.4233,Nuit avec éclairage allumé,Hors agglomération,Hors intersection,Normale,Deux véhicules - côté,,,,,,,,,,,5,1,1,1.0,3.0
201700024392,0017-03-20 20:30:00,17,3,20,20,30,830,86,INTERSECTION RN7/ BD CHA,43.47205,6.55565,Nuit avec éclairage allumé,En agglomération,Hors intersection,Normale,Deux véhicules - côté,,,,,,,,,,,5,2,1,1.0,3.0
201700024393,0017-03-22 14:25:00,17,3,22,14,25,830,4,"Lieu dit Les Gachettes,",43.45567,6.51412,Plein jour,Hors agglomération,Hors intersection,Normale,Deux véhicules - frontale,,,,,,,,,,,1,1,1,1.0,1.0
201700024394,0017-04-04 01:40:00,17,4,4,1,40,830,148,route nationale 7,43.40359,6.39272,Nuit sans éclairage public,Hors agglomération,Hors intersection,Normale,Autre collision,,,,,,,,,,,3,1,1,1.0,6.0
201700024395,0017-04-17 13:47:00,17,4,17,13,47,830,86,RDN7,43.46948,6.5572,Plein jour,En agglomération,Hors intersection,Normale,Autre collision,,,,,,,,,,,1,2,1,1.0,6.0
201700024396,0017-05-02 15:30:00,17,5,2,15,30,830,86,chemin de la roquette,43.46857,6.57701,Plein jour,Hors agglomération,Hors intersection,Pluie légère,Autre collision,,,,,,,,,,,1,1,1,2.0,6.0
201700024397,0017-05-13 19:45:00,17,5,13,19,45,830,134,Lieu-dit la Caisse de C,43.43485,6.44207,Plein jour,Hors agglomération,Hors intersection,Normale,Deux véhicules - frontale,,,,,,,,,,,1,1,1,1.0,1.0
201700024398,0017-05-17 10:15:00,17,5,17,10,15,830,4,"Dn7, Quartier Guéringuie",43.44806,6.48541,Plein jour,Hors agglomération,Hors intersection,Normale,Deux véhicules - arrière,,,,,,,,,,,1,1,1,1.0,2.0
201700024399,0017-04-28 13:05:00,17,4,28,13,5,830,4,avenue de la gare,43.45586,6.48191,Plein jour,En agglomération,Hors intersection,Normale,Autre collision,,,,,,,,,,,1,2,1,1.0,6.0
201700024400,0017-05-25 09:35:00,17,5,25,9,35,830,85,AVENUE DU PLATEAU,43.53552,6.54323,Plein jour,Hors agglomération,Hors intersection,Normale,Deux véhicules - côté,,,,,,,,,,,1,1,1,1.0,3.0
201700024401,0017-06-24 12:00:00,17,6,24,12,0,830,86,1123 bd des ferrières,43.4756,6.54802,Plein jour,En agglomération,Hors intersection,Normale,Autre collision,,,,,,,,,,,1,2,1,1.0,6.0
201700024402,0017-07-06 18:55:00,17,7,6,18,55,830,148,DN7,43.40557,6.40789,Plein jour,Hors agglomération,Hors intersection,Normale,Deux véhicules - arrière,,,,,,,,,,,1,1,1,1.0,2.0
201700024403,0017-08-25 22:00:00,17,8,25,22,0,830,86,RD1555,43.46615,6.54564,Nuit sans éclairage public,Hors agglomération,Autre intersection,Normale,Autre collision,,,,,,,,,,,3,1,9,1.0,6.0
201700024404,0017-10-09 09:50:00,17,10,9,9,50,830,4,RDN 7,43.45402,6.5099,Plein jour,Hors agglomération,Hors intersection,Normale,Deux véhicules - côté,,,,,,,,,,,1,1,1,1.0,3.0
201700024405,0017-10-11 08:10:00,17,10,11,8,10,830,86,387 route de callas,43.47856,6.56629,Plein jour,En agglomération,Hors intersection,Normale,Deux véhicules - frontale,,,,,,,,,,,1,2,1,1.0,1.0
201700024406,0017-10-30 18:20:00,17,10,30,18,20,830,86,140 route de la motte,43.47493,6.56184,Nuit avec éclairage allumé,En agglomération,Hors intersection,Normale,Autre collision,,,,,,,,,,,5,2,1,1.0,6.0
201700024407,0017-10-20 10:00:00,17,10,20,10,0,830,148,Avenue du président Wils,43.4162,6.42042,Plein jour,En agglomération,Hors intersection,Normale,Deux véhicules - côté,,,,,,,,,,,1,2,1,1.0,3.0
201700024408,0017-11-11 12:45:00,17,11,11,12,45,830,134,DN 7,43.43813,6.44905,Plein jour,Hors agglomération,Hors intersection,Normale,Deux véhicules - côté,,,,,,,,,,,1,1,1,1.0,3.0
201700024409,0017-07-17 08:45:00,17,7,17,8,45,510,320,RUE DE LA LIBERATION,49.06849,3.75674,Plein jour,En agglomération,Hors intersection,Normale,Autre collision,,,,,,,,,,,1,2,1,1.0,6.0
201700024410,0017-08-25 00:10:00,17,8,25,0,10,510,136,Intersection entre D1 et,49.0942,3.75655,Nuit sans éclairage public,Hors agglomération,Intersection en T,Normale,Autre collision,,,,,,,,,,,3,1,3,1.0,6.0
201700024411,0017-08-24 21:50:00,17,8,24,21,50,510,121,8 RUE PRINCIPALE,49.12073,3.63277,Nuit avec éclairage allumé,En agglomération,Hors intersection,Normale,Autre collision,,,,,,,,,,,5,2,1,1.0,6.0
201700024412,0017-02-22 10:40:00,17,2,22,10,40,50,133,RD1091 - Chantemerle,44.93399,6.58802,Plein jour,En agglomération,Hors intersection,Normale,Autre collision,,,,,,,,,,,1,2,1,1.0,6.0
201700024413,0017-05-14 09:55:00,17,5,14,9,55,50,27,RD 902,44.86743,6.70983,Plein jour,Hors agglomération,Hors intersection,Normale,Autre collision,,,,,,,,,,,1,1,1,1.0,6.0
201700024414,0017-06-17 15:35:00,17,6,17,15,35,50,27,D902,44.8226,6.73597,Plein jour,Hors agglomération,Hors intersection,Normale,Deux véhicules - frontale,,,,,,,,,,,1,1,1,1.0,1.0
201700024415,0017-07-10 11:45:00,17,7,10,11,45,50,27,"D902, route du Col de l'",44.83814,6.7234,Plein jour,Hors agglomération,Hors intersection,Normale,Deux véhicules - frontale,,,,,,,,,,,1,1,1,1.0,1.0
201700024416,0017-07-14 12:05:00,17,7,14,12,5,50,27,RD 902 PR 21+15,44.85389,6.7257,Plein jour,Hors agglomération,Hors intersection,Normale,Deux véhicules - frontale,,,,,,,,,,,1,1,1,1.0,1.0
201700024417,0017-07-19 10:45:00,17,7,19,10,45,50,85,"RN 94, PR 172.0245",44.92888,6.71503,Plein jour,En agglomération,Hors intersection,Normale,Deux véhicules - côté,,,,,,,,,,,1,2,1,1.0,3.0
201700024418,0017-09-17 14:10:00,17,9,17,14,10,50,174,Intersection RN94 -D994G,44.9126,6.67175,Plein jour,Hors agglomération,Intersection en T,Normale,Deux véhicules - côté,,,,,,,,,,,1,1,3,1.0,3.0
201700024419,0017-11-20 16:20:00,17,11,20,16,20,50,174,SORTIE VAL DES PRES DIRE,44.9572,6.67918,Plein jour,Hors agglomération,Hors intersection,Normale,Sans collision,,,,,,,,,,,1,1,1,1.0,7.0
201700024420,0017-03-05 06:50:00,17,3,5,6,50,550,178,D11 / PK 16+065,48.81644,5.28115,Crépuscule ou aube,Hors agglomération,Hors intersection,Normale,Autre collision,,,,,,,,,,,2,1,1,1.0,6.0
201700024421,0017-03-31 16:30:00,17,3,31,16,30,550,369,Chemin Rural de la Fonta,48.79877,5.23784,Plein jour,Hors agglomération,Hors intersection,Normale,Autre collision,,,,,,,,,,,1,1,1,1.0,6.0
201700024422,0017-07-12 17:30:00,17,7,12,17,30,550,446,RD 901 - pk 1+350,48.83361,5.2956,Plein jour,Hors agglomération,Hors intersection,Temps couvert,Autre collision,,,,,,,,,,,1,1,1,8.0,6.0
201700024423,0017-03-16 17:00:00,17,3,16,17,0,670,116,CD 210,48.30207,7.54681,Plein jour,Hors agglomération,Hors intersection,Normale,Autre collision,,,,,,,,,,,1,1,1,1.0,6.0
201700024424,0017-05-02 17:40:00,17,5,2,17,40,670,445,Chemin rural dit Route d,48.29095,7.44275,Plein jour,Hors agglomération,Hors intersection,Normale,Deux véhicules - frontale,,,,,,,,,,,1,1,1,1.0,1.0
201700024425,0017-05-13 15:45:00,17,5,13,15,45,670,445,CD81 / PR 02+800,48.29095,7.44275,Plein jour,Hors agglomération,Hors intersection,Normale,Sans collision,,,,,,,,,,,1,1,1,1.0,7.0
201700024426,0017-07-31 12:55:00,17,7,31,12,55,670,426,30 rue de la Libération,48.35048,7.28859,Plein jour,En agglomération,Hors intersection,Temps couvert,Deux véhicules - frontale,,,,,,,,,,,1,2,1,8.0,1.0
201700024427,0017-08-12 16:50:00,17,8,12,16,50,670,507,rue du Haut Koenigsbourg,48.3427,7.3077,Plein jour,En agglomération,Giratoire,Normale,Deux véhicules - arrière,,,,,,,,,,,1,2,6,1.0,2.0
201700024428,0017-10-04 18:45:00,17,10,4,18,45,670,362,D159,48.24913,7.34563,Crépuscule ou aube,Hors agglomération,Hors intersection,Normale,Autre collision,,,,,,,,,,,2,1,1,1.0,6.0
201700024429,0017-10-05 13:15:00,17,10,5,13,15,670,239,D159,48.25486,7.40992,Plein jour,Hors agglomération,Hors intersection,Normale,Deux véhicules - frontale,,,,,,,,,,,1,1,1,1.0,1.0
201700024430,0017-10-28 19:00:00,17,10,28,19,0,670,445,C1422,48.29113,7.45777,Nuit sans éclairage public,Hors agglomération,Hors intersection,Normale,Deux véhicules - arrière,,,,,,,,,,,3,1,1,1.0,2.0
201700024431,0017-12-15 20:30:00,17,12,15,20,30,670,490,D 424,48.3213,7.34629,Nuit sans éclairage public,Hors agglomération,Hors intersection,Normale,Deux véhicules - frontale,,,,,,,,,,,3,1,1,1.0,1.0
201700024432,0017-01-06 20:24:00,17,1,6,20,24,310,344,POINTIS INARD (ROUTE DE),43.09701,0.78031,Nuit sans éclairage public,Hors agglomération,Hors intersection,Normale,Deux véhicules - frontale,,,,,,,,,,,3,1,1,1.0,1.0
201700024433,0017-01-09 09:10:00,17,1,9,9,10,310,483,SOMMER RAYMOND (BOULEVAR,,,Plein jour,En agglomération,Intersection en Y,Normale,Deux véhicules - côté,,,,,,,,,,,1,2,4,1.0,3.0
201700024434,0017-01-16 09:15:00,17,1,16,9,15,310,483,"01, KENNEDY (AVENUE)",43.10634,0.72514,Plein jour,En agglomération,Intersection en Y,Pluie légère,Sans collision,,,,,,,,,,,1,2,4,2.0,7.0
201700024435,0017-01-26 14:25:00,17,1,26,14,25,310,483,CIRCUIT (ROUTE DU ),,,Plein jour,Hors agglomération,Hors intersection,Normale,Deux véhicules - frontale,,,,,,,,,,,1,1,1,1.0,1.0
201700024436,0017-02-02 22:10:00,17,2,2,22,10,310,483,FRANCOIS MITTERAND ( AVE,43.11314,0.75627,Nuit avec éclairage allumé,En agglomération,Hors intersection,Normale,Sans collision,,,,,,,,,,,5,2,1,1.0,7.0
201700024437,0017-02-07 10:45:00,17,2,7,10,45,310,483,"80, HUGO VICTOR (RUE)",43.10747,0.72386,Plein jour,En agglomération,Intersection en X,Pluie légère,Autre collision,,,,,,,,,,,1,2,2,2.0,6.0
201700024438,0017-02-25 15:05:00,17,2,25,15,5,310,483,"80, FRANCOIS MITTERAND (",43.1107,0.73669,Plein jour,En agglomération,Hors intersection,Normale,Deux véhicules - arrière,,,,,,,,,,,1,2,1,1.0,2.0
201700024439,0017-03-10 18:25:00,17,3,10,18,25,310,483,ETANCELIN PHILIPPE (,43.10213,0.7048,Plein jour,Hors agglomération,Hors intersection,Normale,Sans collision,,,,,,,,,,,1,1,1,1.0,7.0
201700024440,0017-03-19 22:50:00,17,3,19,22,50,310,483,"13, ENCORE (BOULEVAR D')",43.11626,0.73204,Nuit avec éclairage allumé,En agglomération,Hors intersection,Normale,Autre collision,,,,,,,,,,,5,2,1,1.0,6.0
201700024441,0017-03-20 13:50:00,17,3,20,13,50,310,483,"1295, ROUTE DE LA SERRE",43.1297,0.72405,Plein jour,Hors agglomération,Hors intersection,Temps couvert,Autre collision,,,,,,,,,,,1,1,1,8.0,6.0
201700024442,0017-03-24 08:45:00,17,3,24,8,45,310,483,"26, ARRIEU ANSELME (AVEN",43.11031,0.71852,Plein jour,En agglomération,Hors intersection,Normale,Deux véhicules - arrière,,,,,,,,,,,1,2,1,1.0,2.0
201700024443,0017-04-24 17:00:00,17,4,24,17,0,310,483,"112, FRANCOIS MITTERAND",43.11168,0.7431,Plein jour,En agglomération,Hors intersection,Normale,Sans collision,,,,,,,,,,,1,2,1,1.0,7.0
201700024444,0017-04-26 16:58:00,17,4,26,16,58,310,483,LECONTE DE L'ISLE ( BOUL,,,Plein jour,En agglomération,Hors intersection,Normale,Autre collision,,,,,,,,,,,1,2,1,1.0,6.0
201700024445,0017-04-27 13:55:00,17,4,27,13,55,310,483,PIBRAC (PLACE),43.10902,0.723,Plein jour,En agglomération,Hors intersection,Normale,Autre collision,,,,,,,,,,,1,2,1,1.0,6.0
201700024446,0017-05-29 21:00:00,17,5,29,21,0,310,565,ROUTE DE SAUVETERRE   D9,43.08446,0.69322,Plein jour,Hors agglomération,Hors intersection,Normale,Autre collision,,,,,,,,,,,1,1,1,1.0,6.0
201700024447,0017-06-09 10:15:00,17,6,9,10,15,310,483,"33, GAULLE (BOULEVARD CH",43.10941,0.72425,Plein jour,En agglomération,Hors intersection,Normale,Autre collision,,,,,,,,,,,1,2,1,1.0,6.0
201700024448,0017-06-09 11:20:00,17,6,9,11,20,310,483,"02, KENNEDY (AVENUE)",43.10649,0.72503,Plein jour,En agglomération,Hors intersection,Normale,Sans collision,,,,,,,,,,,1,2,1,1.0,7.0
201700024449,0017-06-09 11:25:00,17,6,9,11,25,310,344,ASPET (ROUTE),,,Plein jour,En agglomération,Hors intersection,Normale,Deux véhicules - arrière,,,,,,,,,,,1,2,1,1.0,2.0
201700024450,0017-06-17 19:05:00,17,6,17,19,5,310,483,"106, FRANCOIS MITTERAND",43.11151,0.74156,Plein jour,En agglomération,Hors intersection,Normale,Deux véhicules - arrière,,,,,,,,,,,1,2,1,1.0,2.0
201700024451,0017-06-24 14:50:00,17,6,24,14,50,310,483,"1778, CAZAUX (ROUTE DE L",43.1348,0.72672,Plein jour,Hors agglomération,Hors intersection,Normale,Autre collision,,,,,,,,,,,1,1,1,1.0,6.0
201700024452,0017-07-04 09:00:00,17,7,4,9,0,310,483,"1, FRANCOIS MITTERAND (",43.11062,0.73727,Plein jour,En agglomération,Hors intersection,Normale,Autre collision,,,,,,,,,,,1,2,1,1.0,6.0
201700024453,0017-07-03 19:30:00,17,7,3,19,30,310,483,"16, FOCH (AVENUE DU MARE",43.10596,0.7179,Plein jour,En agglomération,Hors intersection,Normale,Sans collision,,,,,,,,,,,1,2,1,1.0,7.0
201700024454,0017-07-07 10:10:00,17,7,7,10,10,310,483,D921,43.09736,0.71087,Plein jour,Hors agglomération,Intersection en T,Normale,Deux véhicules - frontale,,,,,,,,,,,1,1,3,1.0,1.0
201700024455,0017-07-07 19:00:00,17,7,7,19,0,310,483,RTE DE LA SERRE DE CAZAU,43.13884,0.73428,Plein jour,Hors agglomération,Intersection en X,Normale,Deux véhicules - côté,,,,,,,,,,,1,1,2,1.0,3.0
201700024456,0017-07-10 13:50:00,17,7,10,13,50,310,483,"4, MAS ST PIERRE (PLACE)",43.10766,0.72531,Plein jour,En agglomération,Place,Pluie légère,Sans collision,,,,,,,,,,,1,2,7,2.0,7.0
201700024457,0017-07-20 17:35:00,17,7,20,17,35,310,344,ASPET (ROUTE),43.09228,0.75493,Plein jour,Hors agglomération,Hors intersection,Pluie légère,Deux véhicules - frontale,,,,,,,,,,,1,1,1,2.0,1.0
201700024458,0017-07-26 16:45:00,17,7,26,16,45,310,483,ROUTE DE LA SERRE DE CAZ,43.12862,0.72423,Plein jour,Hors agglomération,Intersection en X,Normale,Deux véhicules - arrière,,,,,,,,,,,1,1,2,1.0,2.0
201700024459,0017-09-05 07:58:00,17,9,5,7,58,310,483,"01, POMPIDOU GEORGES ( R",43.11286,0.72089,Plein jour,En agglomération,Giratoire,Normale,Deux véhicules - côté,,,,,,,,,,,1,2,6,1.0,3.0
201700024460,0017-09-20 04:00:00,17,9,20,4,0,310,344,POINTIS INARD (ROUTE DE),43.0969,0.75947,Nuit sans éclairage public,Hors agglomération,Hors intersection,Normale,Sans collision,,,,,,,,,,,3,1,1,1.0,7.0
201700024461,0017-10-13 11:00:00,17,10,13,11,0,310,483,"04, LECLERC (RUE DU GENE",43.10886,0.72756,Plein jour,En agglomération,Hors intersection,Normale,Deux véhicules - arrière,,,,,,,,,,,1,2,1,1.0,2.0
201700024462,0017-10-16 15:35:00,17,10,16,15,35,310,483,"26, ARRIEU ANSELME (AVEN",43.11023,0.71868,Plein jour,En agglomération,Intersection en X,Normale,Deux véhicules - côté,,,,,,,,,,,1,2,2,1.0,3.0
201700024463,0017-10-24 08:18:00,17,10,24,8,18,310,483,SARAGAT (BD DU PRESIDENT,43.10054,0.72848,Plein jour,Hors agglomération,Hors intersection,Normale,Autre collision,,,,,,,,,,,1,1,1,1.0,6.0
201700024464,0017-11-04 19:10:00,17,11,4,19,10,310,483,SOUMES (BOULEVARD DU),43.12177,0.7256,Nuit sans éclairage public,En agglomération,Hors intersection,Pluie légère,Deux véhicules - côté,,,,,,,,,,,3,2,1,2.0,3.0
201700024465,0017-11-09 09:10:00,17,11,9,9,10,310,483,GAULLE (BOULEVARD CHARLE,43.10846,0.72083,Plein jour,En agglomération,Hors intersection,Pluie forte,Deux véhicules - arrière,,,,,,,,,,,1,2,1,3.0,2.0
201700024466,0017-11-20 11:40:00,17,11,20,11,40,310,483,LABOUREURS (RUE DES ),43.09612,0.73614,Plein jour,Hors agglomération,Hors intersection,Normale,Sans collision,,,,,,,,,,,1,1,1,1.0,7.0
201700024467,0017-12-08 17:15:00,17,12,8,17,15,310,344,"1, ASPET (ROUTE)",43.08868,0.75321,Crépuscule ou aube,Hors agglomération,Hors intersection,Temps couvert,Deux véhicules - frontale,,,,,,,,,,,2,1,1,8.0,1.0
201700024468,0017-12-13 06:30:00,17,12,13,6,30,310,483,"3829, D 5",43.14576,0.74062,Nuit sans éclairage public,Hors agglomération,Hors intersection,Normale,Autre collision,,,,,,,,,,,3,1,1,1.0,6.0
201700024469,0017-12-19 08:35:00,17,12,19,8,35,310,565,EGLISE (RUE DE),43.09512,0.70607,Crépuscule ou aube,En agglomération,Hors intersection,Temps couvert,Deux véhicules - côté,,,,,,,,,,,2,2,1,8.0,3.0
201700024470,0017-12-26 16:35:00,17,12,26,16,35,310,483,"131, FRANCOIS MITTERAND",43.11167,0.74209,Plein jour,En agglomération,Hors intersection,Normale,Deux véhicules - arrière,,,,,,,,,,,1,2,1,1.0,2.0
201700024471,0017-01-06 21:00:00,17,1,6,21,0,690,285,Chemin du Château,45.75789,5.055,Nuit sans éclairage public,En agglomération,Hors intersection,Normale,Autre collision,,,,,,,,,,,3,2,1,1.0,6.0
201700024472,0017-01-20 16:00:00,17,1,20,16,0,690,285,rue des Tilleul et route,45.75969,5.06203,Plein jour,En agglomération,Intersection en T,Normale,Autre collision,,,,,,,,,,,1,2,3,1.0,6.0
201700024473,0017-02-04 01:15:00,17,2,4,1,15,690,285,"69, rue Neuve",45.75458,5.06236,Nuit avec éclairage allumé,En agglomération,Hors intersection,Normale,Autre collision,,,,,,,,,,,5,2,1,1.0,6.0
201700024474,0017-02-18 12:00:00,17,2,18,12,0,690,277,71 avenue des frères Mon,45.72217,4.98093,Plein jour,En agglomération,Hors intersection,Normale,Deux véhicules - côté,,,,,,,,,,,1,2,1,1.0,3.0
201700024475,0017-03-07 15:10:00,17,3,7,15,10,690,277,D.306,45.72996,5.01621,Plein jour,Hors agglomération,Hors intersection,Normale,Autre collision,,,,,,,,,,,1,1,1,1.0,6.0
201700024476,0017-03-25 15:00:00,17,3,25,15,0,690,277,4 rue du docteur FLEMING,45.73453,5.00206,Plein jour,En agglomération,Hors intersection,Normale,Autre collision,,,,,,,,,,,1,2,1,1.0,6.0
201700024477,0017-04-02 06:15:00,17,4,2,6,15,690,277,17 rue du rupetit,45.73508,5.01062,Crépuscule ou aube,En agglomération,Hors intersection,Pluie forte,Deux véhicules - frontale,,,,,,,,,,,2,2,1,3.0,1.0
201700024478,0017-04-30 15:30:00,17,4,30,15,30,690,277,ROND POINT D29 / D147,45.72795,5.01828,Plein jour,En agglomération,Giratoire,Vent fort / tempête,Deux véhicules - arrière,,,,,,,,,,,1,2,6,6.0,2.0
201700024479,0017-06-12 20:45:00,17,6,12,20,45,690,277,30 rue pasteur,45.73169,5.01869,Plein jour,En agglomération,Hors intersection,Normale,Deux véhicules - frontale,,,,,,,,,,,1,2,1,1.0,1.0
201700024480,0017-07-09 15:45:00,17,7,9,15,45,690,277,rue jacques brel,45.73438,4.99378,Plein jour,En agglomération,Hors intersection,Pluie légère,Deux véhicules - côté,,,,,,,,,,,1,2,1,2.0,3.0
201700024481,0017-07-07 21:45:00,17,7,7,21,45,690,279,D 303,45.78202,5.04953,Nuit sans éclairage public,Hors agglomération,Hors intersection,Normale,Sans collision,,,,,,,,,,,3,1,1,1.0,7.0
201700024482,0017-08-01 19:30:00,17,8,1,19,30,690,280,ALLEE DES BOUCHETIERES,45.80003,5.079,Plein jour,En agglomération,Autre intersection,Normale,Deux véhicules - frontale,,,,,,,,,,,1,2,9,1.0,1.0
201700024483,0017-08-31 19:00:00,17,8,31,19,0,690,277,33 route de Lyon,45.73451,4.98867,Plein jour,En agglomération,Hors intersection,Pluie légère,Autre collision,,,,,,,,,,,1,2,1,2.0,6.0
201700024484,0017-09-21 14:05:00,17,9,21,14,5,690,285,Chemin sous le coteau,45.75888,5.05175,Plein jour,En agglomération,Hors intersection,Normale,Deux véhicules - frontale,,,,,,,,,,,1,2,1,1.0,1.0
201700024485,0017-10-01 07:40:00,17,10,1,7,40,690,279,23 ter route nationale,45.79624,5.04604,Plein jour,En agglomération,Hors intersection,Normale,Deux véhicules - côté,,,,,,,,,,,1,2,1,1.0,3.0
201700024486,0017-10-16 16:00:00,17,10,16,16,0,690,299,D29,45.71909,5.06036,Plein jour,Hors agglomération,Hors intersection,Normale,Deux véhicules - arrière,,,,,,,,,,,1,1,1,1.0,2.0
201700024487,0017-11-25 10:20:00,17,11,25,10,20,690,279,1 ROUTE NATIONALE,45.79624,5.04604,Plein jour,En agglomération,Giratoire,Pluie légère,Deux véhicules - arrière,,,,,,,,,,,1,2,6,2.0,2.0
201700024488,0017-01-13 18:35:00,17,1,13,18,35,850,199,Route St Jean de Beugne,46.51005,-1.06447,Nuit sans éclairage public,En agglomération,Hors intersection,Normale,Autre collision,,,,,,,,,,,3,2,1,1.0,6.0
201700024489,0017-04-20 21:00:00,17,4,20,21,0,850,33,D 938 T,46.54356,-0.80688,Nuit sans éclairage public,Hors agglomération,Hors intersection,Normale,Deux véhicules - frontale,,,,,,,,,,,3,1,1,1.0,1.0
201700024490,0017-05-04 14:15:00,17,5,4,14,15,850,56,D63/RUE DES VALLEES,46.5722,-0.94151,Plein jour,Hors agglomération,Intersection en X,Normale,Deux véhicules - côté,,,,,,,,,,,1,1,2,1.0,3.0
201700024491,0017-05-11 18:00:00,17,5,11,18,0,850,199,,46.50821,-1.05054,Plein jour,Hors agglomération,Hors intersection,Normale,Deux véhicules - arrière,,,,,,,,,,,1,1,1,1.0,2.0
201700024492,0017-05-27 23:15:00,17,5,27,23,15,850,209,Rue du Calvaire,46.52499,-0.99752,Nuit sans éclairage public,En agglomération,Intersection en X,Normale,Deux véhicules - côté,,,,,,,,,,,3,2,2,1.0,3.0
201700024493,0017-07-22 07:00:00,17,7,22,7,0,850,223,LA SURIE,46.58539,-1.11625,Plein jour,Hors agglomération,Hors intersection,Normale,Deux véhicules - frontale,,,,,,,,,,,1,1,1,1.0,1.0