accident_id,datetime,annee,mois,jour,heure,minute,departement,commune_insee,adresse,latitude,longitude,luminosite,agglomeration,intersection,meteo,collision,nb_vehicules,nb_usagers,nb_indemnes,nb_tues,nb_blesses_hosp,nb_blesses_legers,age_cond_1,age_cond_2,veh_type_cond_1,veh_type_cond_2,lum_code,agg_code,int_code,atm_code,col_code
201700024610,0017-03-17 19:45:00,17,3,17,19,45,310,555,VA008482 A624,43.60562,1.39486,Nuit avec éclairage non allumé,Hors agglomération,Hors intersection,Normale,Trois véhicules et plus - en chaîne,,,,,,,,,,,4,1,1,1.0,4.0
201700024611,0017-03-17 20:20:00,17,3,17,20,20,310,555,"74, AV CRAMPEL",43.58526,1.45741,Nuit avec éclairage allumé,En agglomération,Hors intersection,Normale,Autre collision,,,,,,,,,,,5,2,1,1.0,6.0
201700024612,0017-03-18 12:43:00,17,3,18,12,43,310,555,ALLEE DE BELLEFONTAIN,43.56435,1.40219,Plein jour,En agglomération,Intersection en T,Normale,Deux véhicules - côté,,,,,,,,,,,1,2,3,1.0,3.0
201700024613,0017-03-20 15:00:00,17,3,20,15,0,310,149,"3, CORNEBARRIEU (ROUTE D",43.62118,1.33502,Plein jour,En agglomération,Hors intersection,Normale,Autre collision,,,,,,,,,,,1,2,1,1.0,6.0
201700024614,0017-03-21 10:10:00,17,3,21,10,10,310,555,"88, BD DE L EMBOUCHURE",43.61233,1.42536,Plein jour,En agglomération,Hors intersection,Normale,Autre collision,,,,,,,,,,,1,2,1,1.0,6.0
201700024615,0017-03-21 12:35:00,17,3,21,12,35,310,555,"999, AV ANGLA",43.61071,1.47356,Plein jour,En agglomération,Intersection en X,Normale,Deux véhicules - côté,,,,,,,,,,,1,2,2,1.0,3.0
201700024616,0017-03-22 14:15:00,17,3,22,14,15,310,555,"54, AV DE GRANDE BRETAGN",43.5981,1.41951,Plein jour,En agglomération,Hors intersection,Normale,Trois véhicules et plus - en chaîne,,,,,,,,,,,1,2,1,1.0,4.0
201700024617,0017-03-22 16:00:00,17,3,22,16,0,310,555,37 RUE DU FAUBOURG BONNE,43.61777,1.45505,Plein jour,En agglomération,Hors intersection,Normale,Autre collision,,,,,,,,,,,1,2,1,1.0,6.0
201700024618,0017-03-22 16:15:00,17,3,22,16,15,310,149,"14, AV YVES BRUNAUD",43.61423,1.35139,Plein jour,En agglomération,Hors intersection,Normale,Deux véhicules - côté,,,,,,,,,,,1,2,1,1.0,3.0
201700024619,0017-03-23 15:14:00,17,3,23,15,14,310,555,"999, RD901",43.62408,1.38759,Plein jour,Hors agglomération,Hors intersection,Normale,Trois véhicules et plus - collisions multiples,,,,,,,,,,,1,1,1,1.0,5.0
201700024620,0017-03-23 18:20:00,17,3,23,18,20,310,69,"29, BD DE L'EUROPE",43.65185,1.37438,Plein jour,En agglomération,Hors intersection,Normale,Autre collision,,,,,,,,,,,1,2,1,1.0,6.0
201700024621,0017-03-23 19:10:00,17,3,23,19,10,310,555,"29, BD GABRIEL KOENIGS",43.59288,1.419,Nuit sans éclairage public,En agglomération,Hors intersection,Normale,Deux véhicules - arrière,,,,,,,,,,,3,2,1,1.0,2.0
201700024622,0017-03-25 15:55:00,17,3,25,15,55,310,555,"999, 3 COLOMIERS EST (A6",43.60918,1.3577,Plein jour,Hors agglomération,Hors intersection,Normale,Trois véhicules et plus - collisions multiples,,,,,,,,,,,1,1,1,1.0,5.0
201700024623,0017-03-25 18:45:00,17,3,25,18,45,310,555,RUE GEN LIONEL DE MARMIE,43.60199,1.38953,Plein jour,En agglomération,Hors intersection,Normale,Sans collision,,,,,,,,,,,1,2,1,1.0,7.0
201700024624,0017-03-25 20:45:00,17,3,25,20,45,310,555,"17, RUE DU LANGUEDOC",43.59667,1.44542,Nuit avec éclairage allumé,En agglomération,Hors intersection,Normale,Deux véhicules - côté,,,,,,,,,,,5,2,1,1.0,3.0
201700024625,0017-03-26 17:15:00,17,3,26,17,15,310,555,"160, CHE MICHOUN",43.62783,1.47008,Plein jour,En agglomération,Hors intersection,Normale,Autre collision,,,,,,,,,,,1,2,1,1.0,6.0
201700024626,0017-03-26 19:55:00,17,3,26,19,55,310,555,"999, RPT MARCEL ACHARD",43.5704,1.38603,Nuit avec éclairage allumé,En agglomération,Intersection en X,Normale,Deux véhicules - côté,,,,,,,,,,,5,2,2,1.0,3.0
201700024627,0017-03-27 09:09:00,17,3,27,9,9,310,149,"999, SELERY (BOULEVARD D",43.61801,1.32606,Plein jour,En agglomération,Hors intersection,Normale,Autre collision,,,,,,,,,,,1,2,1,1.0,6.0
201700024628,0017-03-27 16:50:00,17,3,27,16,50,310,555,"12, AV DE MURET",43.57987,1.42407,Plein jour,En agglomération,Hors intersection,Normale,Deux véhicules - côté,,,,,,,,,,,1,2,1,1.0,3.0
201700024629,0017-03-28 07:10:00,17,3,28,7,10,310,555,"75, AV DE GRANDE BRETAGN",43.59917,1.41676,Crépuscule ou aube,En agglomération,Hors intersection,Normale,Deux véhicules - frontale,,,,,,,,,,,2,2,1,1.0,1.0
201700024630,0017-03-28 08:55:00,17,3,28,8,55,310,555,"70, AV DE GRANDE BRETAGN",43.5984,1.41863,Plein jour,En agglomération,Hors intersection,Normale,Autre collision,,,,,,,,,,,1,2,1,1.0,6.0
201700024631,0017-03-28 20:45:00,17,3,28,20,45,310,555,"21, RTE DE REVEL",43.57756,1.4859,Nuit avec éclairage allumé,En agglomération,Hors intersection,Normale,Deux véhicules - frontale,,,,,,,,,,,5,2,1,1.0,1.0
201700024632,0017-03-28 16:20:00,17,3,28,16,20,310,149,"999, RD POINT DE LA MEDI",43.6129,1.33184,Plein jour,En agglomération,Giratoire,Normale,Deux véhicules - côté,,,,,,,,,,,1,2,6,1.0,3.0
201700024633,0017-03-28 16:40:00,17,3,28,16,40,310,555,"138, AV DE LOMBEZ",43.59419,1.41053,Plein jour,En agglomération,Hors intersection,Normale,Deux véhicules - arrière,,,,,,,,,,,1,2,1,1.0,2.0
201700024634,0017-03-29 12:05:00,17,3,29,12,5,310,555,"999, CHE DE FENOUILLET",43.64287,1.41585,Plein jour,En agglomération,Intersection en X,Normale,Deux véhicules - côté,,,,,,,,,,,1,2,2,1.0,3.0
201700024635,0017-03-29 07:20:00,17,3,29,7,20,310,555,"999, RTE D AGDE",43.62674,1.47737,Plein jour,En agglomération,Hors intersection,Normale,Deux véhicules - côté,,,,,,,,,,,1,2,1,1.0,3.0
201700024636,0017-03-29 17:20:00,17,3,29,17,20,310,555,"50, BD GABRIEL KOENIGS",43.59502,1.41953,Plein jour,En agglomération,Hors intersection,Normale,Autre collision,,,,,,,,,,,1,2,1,1.0,6.0
201700024637,0017-03-29 17:45:00,17,3,29,17,45,310,555,"270, AV DE MURET",43.59045,1.43282,Plein jour,En agglomération,Hors intersection,Normale,Deux véhicules - arrière,,,,,,,,,,,1,2,1,1.0,2.0
201700024638,0017-03-29 18:00:00,17,3,29,18,0,310,555,"19, CHE D AUDIBERT",43.63669,1.44087,Plein jour,En agglomération,Hors intersection,Normale,Deux véhicules - frontale,,,,,,,,,,,1,2,1,1.0,1.0
201700024639,0017-03-30 09:40:00,17,3,30,9,40,310,555,"74, RUE ERNEST RENAN",43.63451,1.4438,Plein jour,En agglomération,Hors intersection,Normale,Deux véhicules - côté,,,,,,,,,,,1,2,1,1.0,3.0
201700024640,0017-03-30 16:25:00,17,3,30,16,25,310,555,"164, AV DE CASTRES",43.59662,1.48304,Plein jour,En agglomération,Hors intersection,Normale,Deux véhicules - côté,,,,,,,,,,,1,2,1,1.0,3.0
201700024641,0017-03-30 21:10:00,17,3,30,21,10,310,555,"38, AV M BOURGES MAUNOUR",43.63643,1.45293,Nuit avec éclairage allumé,En agglomération,Hors intersection,Normale,Autre collision,,,,,,,,,,,5,2,1,1.0,6.0
201700024642,0017-03-30 10:00:00,17,3,30,10,0,310,555,"49, ALL JEAN JAURES",43.60748,1.45128,Plein jour,En agglomération,Hors intersection,Normale,Autre collision,,,,,,,,,,,1,2,1,1.0,6.0
201700024643,0017-03-31 16:00:00,17,3,31,16,0,310,555,"999, BD DES CRETES",43.60675,1.47331,Plein jour,En agglomération,Intersection à plus de 4 branches,Normale,Autre collision,,,,,,,,,,,1,2,5,1.0,6.0
201700024644,0017-03-31 15:05:00,17,3,31,15,5,310,149,"999, MITTERAND (ESPLANAD",43.60591,1.33494,Plein jour,En agglomération,Hors intersection,Normale,Deux véhicules - frontale,,,,,,,,,,,1,2,1,1.0,1.0
201700024645,0017-03-31 19:20:00,17,3,31,19,20,310,555,"51, BD ARMAND DUPORTAL",43.60928,1.43486,Nuit avec éclairage allumé,En agglomération,Hors intersection,Pluie forte,Deux véhicules - côté,,,,,,,,,,,5,2,1,3.0,3.0
201700024646,0017-04-01 22:23:00,17,4,1,22,23,310,555,"999, ALL CHARLES DE FITT",43.59948,1.42951,Nuit avec éclairage allumé,En agglomération,Hors intersection,Pluie légère,Deux véhicules - côté,,,,,,,,,,,5,2,1,2.0,3.0
201700024647,0017-03-31 12:30:00,17,3,31,12,30,310,555,"999, VA008482 A624",43.60893,1.36652,Plein jour,Hors agglomération,Hors intersection,Normale,Deux véhicules - arrière,,,,,,,,,,,1,1,1,1.0,2.0
201700024648,0017-03-31 16:35:00,17,3,31,16,35,310,149,"999, BD GENERAL DE GAULL",43.60962,1.3278,Plein jour,En agglomération,Hors intersection,Normale,Deux véhicules - côté,,,,,,,,,,,1,2,1,1.0,3.0
201700024649,0017-04-04 18:15:00,17,4,4,18,15,310,149,"15, ALLEE D'OCCITANIE",43.61094,1.3331,Plein jour,En agglomération,Hors intersection,Normale,Autre collision,,,,,,,,,,,1,2,1,1.0,6.0
201700024650,0017-04-04 08:05:00,17,4,4,8,5,310,555,"999, ALL JEAN GRIFFON",43.55878,1.4961,Plein jour,Hors agglomération,Giratoire,Normale,Deux véhicules - côté,,,,,,,,,,,1,1,6,1.0,3.0
201700024651,0017-04-05 15:30:00,17,4,5,15,30,310,555,"29, ALL FORAIN FRANCOIS",43.59984,1.45482,Plein jour,En agglomération,Hors intersection,Normale,Autre collision,,,,,,,,,,,1,2,1,1.0,6.0
201700024652,0017-04-05 17:00:00,17,4,5,17,0,310,557,"36, AURIOL (BD VINCENT)",43.58525,1.34527,Plein jour,En agglomération,Hors intersection,Normale,Deux véhicules - arrière,,,,,,,,,,,1,2,1,1.0,2.0
201700024653,0017-04-06 14:55:00,17,4,6,14,55,310,555,"42, AV ETIENNE BILLIERES",43.59709,1.42628,Plein jour,En agglomération,Hors intersection,Normale,Deux véhicules - arrière,,,,,,,,,,,1,2,1,1.0,2.0
201700024654,0017-04-06 21:10:00,17,4,6,21,10,310,555,"999, RTE DE SEYSSES",43.5572,1.40126,Nuit avec éclairage allumé,En agglomération,Intersection en T,Normale,Deux véhicules - frontale,,,,,,,,,,,5,2,3,1.0,1.0
201700024655,0017-04-07 00:30:00,17,4,7,0,30,310,555,"999, BD DE STRASBOURG",43.60571,1.4487,Nuit avec éclairage allumé,En agglomération,Intersection en X,Normale,Deux véhicules - côté,,,,,,,,,,,5,2,2,1.0,3.0
201700024656,0017-04-08 01:45:00,17,4,8,1,45,310,555,"54, AV DE LA GLOIRE",43.60607,1.46204,Nuit avec éclairage allumé,En agglomération,Hors intersection,Normale,Autre collision,,,,,,,,,,,5,2,1,1.0,6.0
201700024657,0017-04-08 04:30:00,17,4,8,4,30,310,557,"111, TARBES (ROUTE DE)",43.58062,1.33416,Nuit avec éclairage allumé,En agglomération,Intersection en T,Normale,Deux véhicules - côté,,,,,,,,,,,5,2,3,1.0,3.0
201700024658,0017-04-08 09:52:00,17,4,8,9,52,310,555,"999, RTE DE SEYSSES",43.55625,1.40045,Plein jour,En agglomération,Intersection en T,Normale,Deux véhicules - côté,,,,,,,,,,,1,2,3,1.0,3.0
201700024659,0017-04-08 15:00:00,17,4,8,15,0,310,149,"999, MARCEL DASSAULT (BO",43.61143,1.34559,Plein jour,En agglomération,Hors intersection,Normale,Deux véhicules - frontale,,,,,,,,,,,1,2,1,1.0,1.0
201700024660,0017-04-08 15:05:00,17,4,8,15,5,310,555,"73, BD D ARCOLE",43.61082,1.44227,Plein jour,En agglomération,Hors intersection,Normale,Autre collision,,,,,,,,,,,1,2,1,1.0,6.0
201700024661,0017-04-08 21:00:00,17,4,8,21,0,310,555,"999, AV DE LARDENNE",43.5925,1.4017,Nuit avec éclairage allumé,En agglomération,Intersection en T,Normale,Autre collision,,,,,,,,,,,5,2,3,1.0,6.0
201700024662,0017-04-08 21:30:00,17,4,8,21,30,310,555,"50, AV DE LARDENNE",43.59329,1.40632,Nuit avec éclairage allumé,En agglomération,Hors intersection,Normale,Deux véhicules - côté,,,,,,,,,,,5,2,1,1.0,3.0
201700024663,0017-04-10 14:50:00,17,4,10,14,50,310,555,"376, AV DES ETATS UNIS",43.66227,1.41603,Plein jour,En agglomération,Hors intersection,Normale,Deux véhicules - arrière,,,,,,,,,,,1,2,1,1.0,2.0
201700024664,0017-04-12 14:05:00,17,4,12,14,5,310,555,"999, AV MARCEL LANGER",43.5836,1.45061,Plein jour,En agglomération,Intersection en X,Normale,Deux véhicules - côté,,,,,,,,,,,1,2,2,1.0,3.0
201700024665,0017-04-12 12:20:00,17,4,12,12,20,310,555,"999, BOULINGRIN (ROND PO",43.59671,1.45218,Plein jour,En agglomération,Giratoire,Normale,Deux véhicules - côté,,,,,,,,,,,1,2,6,1.0,3.0
201700024666,0017-04-12 16:40:00,17,4,12,16,40,310,555,"999, RTE DE LAUNAGUET",43.64714,1.43909,Plein jour,En agglomération,Intersection en X,Normale,Deux véhicules - côté,,,,,,,,,,,1,2,2,1.0,3.0
201700024667,0017-04-12 18:20:00,17,4,12,18,20,310,555,VA007331 A620,43.57503,1.40885,Plein jour,Hors agglomération,Hors intersection,Normale,Deux véhicules - côté,,,,,,,,,,,1,1,1,1.0,3.0
201700024668,0017-04-13 07:31:00,17,4,13,7,31,310,555,"01, CHE DES SILOS",43.557,1.41957,Plein jour,En agglomération,Hors intersection,Normale,Autre collision,,,,,,,,,,,1,2,1,1.0,6.0
201700024669,0017-04-13 09:00:00,17,4,13,9,0,310,555,BD DES COURTIES,43.54112,1.39036,Plein jour,En agglomération,Hors intersection,Normale,Deux véhicules - arrière,,,,,,,,,,,1,2,1,1.0,2.0
201700024670,0017-04-13 11:20:00,17,4,13,11,20,310,69,A621 SAINT MICHEL DU TOU,43.63109,1.38194,Plein jour,Hors agglomération,Hors intersection,Normale,Trois véhicules et plus - en chaîne,,,,,,,,,,,1,1,1,1.0,4.0
201700024671,0017-04-14 12:34:00,17,4,14,12,34,310,557,"999, AV JEAN JAURES",43.5885,1.35889,Plein jour,En agglomération,Giratoire,Normale,Deux véhicules - côté,,,,,,,,,,,1,2,6,1.0,3.0
201700024672,0017-04-14 14:30:00,17,4,14,14,30,310,69,"999, GRENADE (ROUTE DE)",43.6343,1.39125,Plein jour,En agglomération,Intersection en T,Normale,Deux véhicules - côté,,,,,,,,,,,1,2,3,1.0,3.0
201700024673,0017-04-15 06:55:00,17,4,15,6,55,310,555,VA007553 A61,43.5785,1.49804,Crépuscule ou aube,Hors agglomération,Hors intersection,Normale,Autre collision,,,,,,,,,,,2,1,1,1.0,6.0
201700024674,0017-04-15 23:00:00,17,4,15,23,0,310,555,VA008482 A624,43.60902,1.35614,Nuit avec éclairage allumé,Hors agglomération,Hors intersection,Normale,Autre collision,,,,,,,,,,,5,1,1,1.0,6.0
201700024675,0017-04-15 15:50:00,17,4,15,15,50,310,555,RTE D ESPAGNE,43.54844,1.41992,Plein jour,En agglomération,Giratoire,Normale,Deux véhicules - côté,,,,,,,,,,,1,2,6,1.0,3.0
201700024676,0017-04-18 17:00:00,17,4,18,17,0,310,555,VA007331 A620,43.58153,1.40502,Plein jour,Hors agglomération,Hors intersection,Normale,Sans collision,,,,,,,,,,,1,1,1,1.0,7.0
201700024677,0017-04-19 13:30:00,17,4,19,13,30,310,555,"118, RTE DE NARBONNE",43.5614,1.46273,Plein jour,En agglomération,Hors intersection,Normale,Deux véhicules - côté,,,,,,,,,,,1,2,1,1.0,3.0
201700024678,0017-04-19 17:45:00,17,4,19,17,45,310,555,"4, PL SAINT GEORGES",43.60214,1.448,Plein jour,En agglomération,Hors intersection,Normale,Autre collision,,,,,,,,,,,1,2,1,1.0,6.0
201700024679,0017-04-21 12:27:00,17,4,21,12,27,310,555,"999, VA001490 A621",43.62764,1.38369,Plein jour,Hors agglomération,Hors intersection,Normale,Trois véhicules et plus - en chaîne,,,,,,,,,,,1,1,1,1.0,4.0
201700024680,0017-04-22 10:50:00,17,4,22,10,50,310,555,"70, BD GABRIEL KOENIGS",43.59746,1.41978,Plein jour,En agglomération,Hors intersection,Normale,Autre collision,,,,,,,,,,,1,2,1,1.0,6.0
201700024681,0017-04-23 18:20:00,17,4,23,18,20,310,555,VA007418 PONT JUMEAUX A6,43.60937,1.41295,Plein jour,Hors agglomération,Hors intersection,Normale,Deux véhicules - arrière,,,,,,,,,,,1,1,1,1.0,2.0
201700024682,0017-04-24 20:20:00,17,4,24,20,20,310,149,"999, Maurice Grynfogel (",43.61819,1.3389,Plein jour,En agglomération,Intersection en T,Normale,Deux véhicules - côté,,,,,,,,,,,1,2,3,1.0,3.0
201700024683,0017-04-25 09:00:00,17,4,25,9,0,310,69,"999, REY (RUE RENE)",43.63754,1.37568,Plein jour,En agglomération,Hors intersection,Normale,Deux véhicules - frontale,,,,,,,,,,,1,2,1,1.0,1.0
201700024684,0017-04-27 13:00:00,17,4,27,13,0,310,555,"999, AV JEAN ZAY",43.64912,1.433,Plein jour,En agglomération,Giratoire,Normale,Trois véhicules et plus - en chaîne,,,,,,,,,,,1,2,6,1.0,4.0
201700024685,0017-04-27 17:27:00,17,4,27,17,27,310,555,"999, RUE PIERRE PAUL RIQ",43.60741,1.45387,Plein jour,En agglomération,Intersection en X,Normale,Deux véhicules - côté,,,,,,,,,,,1,2,2,1.0,3.0
201700024686,0017-04-27 21:10:00,17,4,27,21,10,310,555,"347, AV DES ETATS UNIS",43.65645,1.42101,Nuit avec éclairage allumé,En agglomération,Hors intersection,Normale,Trois véhicules et plus - en chaîne,,,,,,,,,,,5,2,1,1.0,4.0
201700024687,0017-04-28 05:30:00,17,4,28,5,30,310,555,"999, RTE DE REVEL",43.57602,1.48807,Nuit sans éclairage public,En agglomération,Intersection en T,Normale,Deux véhicules - côté,,,,,,,,,,,3,2,3,1.0,3.0
201700024688,0017-04-29 21:50:00,17,4,29,21,50,310,555,RD916,,,Nuit avec éclairage non allumé,En agglomération,Hors intersection,Normale,Deux véhicules - frontale,,,,,,,,,,,4,2,1,1.0,1.0
201700024689,0017-04-30 04:30:00,17,4,30,4,30,310,555,VA007553 A61,43.5691,1.49371,Nuit sans éclairage public,Hors agglomération,Hors intersection,Normale,Autre collision,,,,,,,,,,,3,1,1,1.0,6.0
201700024690,0017-05-01 16:00:00,17,5,1,16,0,310,555,"149, RUE DU FAUBOURG BON",43.6217,1.45803,Plein jour,En agglomération,Hors intersection,Normale,Deux véhicules - frontale,,,,,,,,,,,1,2,1,1.0,1.0
201700024691,0017-05-02 13:25:00,17,5,2,13,25,310,555,"4, ALL PAUL FEUGA",43.59282,1.44389,Plein jour,En agglomération,Hors intersection,Normale,Autre collision,,,,,,,,,,,1,2,1,1.0,6.0
201700024692,0017-05-02 20:10:00,17,5,2,20,10,310,555,"119, JULIEN (AV JULES) D",43.57837,1.45006,Plein jour,En agglomération,Hors intersection,Pluie forte,Autre collision,,,,,,,,,,,1,2,1,3.0,6.0
201700024693,0017-05-03 13:45:00,17,5,3,13,45,310,555,"7, AV ETIENNE BILLIERES",43.59687,1.42621,Plein jour,En agglomération,Hors intersection,Normale,Autre collision,,,,,,,,,,,1,2,1,1.0,6.0
201700024694,0017-05-03 11:05:00,17,5,3,11,5,310,555,"17, BD LASCROSSES",43.61067,1.43647,Plein jour,En agglomération,Hors intersection,Normale,Deux véhicules - côté,,,,,,,,,,,1,2,1,1.0,3.0
201700024695,0017-05-04 12:30:00,17,5,4,12,30,310,555,"9, Allée Serge RAVANEL",43.59124,1.45257,Plein jour,Hors agglomération,Hors intersection,Normale,Autre collision,,,,,,,,,,,1,1,1,1.0,6.0
201700024696,0017-05-04 10:00:00,17,5,4,10,0,310,555,"105, EISENHOWER (AVENUE",43.5636,1.38686,Plein jour,En agglomération,Intersection en T,Normale,Deux véhicules - côté,,,,,,,,,,,1,2,3,1.0,3.0
201700024697,0017-05-05 00:01:00,17,5,5,0,1,310,555,"999, VA007553 A61",43.63673,1.4781,Nuit avec éclairage non allumé,Hors agglomération,Hors intersection,Normale,Autre collision,,,,,,,,,,,4,1,1,1.0,6.0
201700024698,0017-05-05 06:00:00,17,5,5,6,0,310,555,"56, LISIEUX (RUE DE)",43.60273,1.39309,Plein jour,En agglomération,Giratoire,Normale,Deux véhicules - côté,,,,,,,,,,,1,2,6,1.0,3.0
201700024699,0017-05-05 10:47:00,17,5,5,10,47,310,555,"108, AV DES MINIMES",43.62198,1.43511,Plein jour,En agglomération,Hors intersection,Normale,Deux véhicules - arrière,,,,,,,,,,,1,2,1,1.0,2.0
201700024700,0017-05-05 18:25:00,17,5,5,18,25,310,555,"31, ALL DES DEMOISELLES",43.58969,1.45561,Plein jour,En agglomération,Hors intersection,Normale,Deux véhicules - côté,,,,,,,,,,,1,2,1,1.0,3.0
201700024701,0017-05-06 10:10:00,17,5,6,10,10,310,555,"999, VA007553 A61",43.55763,1.49395,Plein jour,Hors agglomération,Hors intersection,Normale,Sans collision,,,,,,,,,,,1,1,1,1.0,7.0
201700024702,0017-05-06 15:00:00,17,5,6,15,0,310,555,"304, SEYSSES (RTE DE) DU",43.57562,1.42092,Plein jour,En agglomération,Intersection en T,Normale,Deux véhicules - côté,,,,,,,,,,,1,2,3,1.0,3.0
201700024703,0017-05-09 12:00:00,17,5,9,12,0,310,555,"999, RUE ESCOUSSIERES A",43.61095,1.44003,Plein jour,En agglomération,Intersection en X,Normale,Deux véhicules - côté,,,,,,,,,,,1,2,2,1.0,3.0
201700024704,0017-05-09 07:00:00,17,5,9,7,0,310,149,RN124,43.60549,1.2962,Plein jour,Hors agglomération,Hors intersection,Normale,Trois véhicules et plus - en chaîne,,,,,,,,,,,1,1,1,1.0,4.0
201700024705,0017-05-09 17:15:00,17,5,9,17,15,310,555,VA007331 A620,43.57578,1.44388,Plein jour,Hors agglomération,Hors intersection,Normale,Deux véhicules - arrière,,,,,,,,,,,1,1,1,1.0,2.0
201700024706,0017-05-09 18:30:00,17,5,9,18,30,310,555,"999, AV PAUL SEJOURNE",43.60594,1.42808,Plein jour,En agglomération,Intersection en X,Normale,Deux véhicules - côté,,,,,,,,,,,1,2,2,1.0,3.0
201700024707,0017-05-10 20:15:00,17,5,10,20,15,310,555,"999, ALL JULES GUESDE",43.5946,1.44896,Plein jour,En agglomération,Intersection en X,Normale,Deux véhicules - côté,,,,,,,,,,,1,2,2,1.0,3.0
201700024708,0017-05-09 10:10:00,17,5,9,10,10,310,555,"55, BD DEODAT DE SEVERAC",43.58768,1.42466,Plein jour,En agglomération,Hors intersection,Normale,Autre collision,,,,,,,,,,,1,2,1,1.0,6.0
201700024709,0017-05-11 21:30:00,17,5,11,21,30,310,555,"133, GRANDE RUE SAINT MI",43.5904,1.44532,Nuit avec éclairage allumé,En agglomération,Hors intersection,Pluie forte,Deux véhicules - côté,,,,,,,,,,,5,2,1,3.0,3.0
201700024710,0017-05-12 16:40:00,17,5,12,16,40,310,555,"999, VA007331 A620",43.57029,1.47738,Plein jour,Hors agglomération,Hors intersection,Normale,Deux véhicules - côté,,,,,,,,,,,1,1,1,1.0,3.0
201700024711,0017-05-13 01:00:00,17,5,13,1,0,310,555,"231, RTE DE NARBONNE",43.55647,1.46547,Nuit avec éclairage allumé,En agglomération,Hors intersection,Pluie légère,Autre collision,,,,,,,,,,,5,2,1,2.0,6.0
201700024712,0017-05-13 04:45:00,17,5,13,4,45,310,555,"999, VA007342 LA CEPIERE",43.58329,1.40405,Nuit sans éclairage public,Hors agglomération,Hors intersection,Pluie légère,Deux véhicules - arrière,,,,,,,,,,,3,1,1,2.0,2.0
201700024713,0017-05-13 16:00:00,17,5,13,16,0,310,555,"999, BD DE STRASBOURG",43.60805,1.44626,Plein jour,En agglomération,Hors intersection,Normale,Deux véhicules - côté,,,,,,,,,,,1,2,1,1.0,3.0
201700024714,0017-05-13 16:40:00,17,5,13,16,40,310,555,"13, AV DES MINIMES",43.61695,1.43682,Plein jour,En agglomération,Hors intersection,Normale,Deux véhicules - arrière,,,,,,,,,,,1,2,1,1.0,2.0
201700024715,0017-05-14 16:00:00,17,5,14,16,0,310,555,"114, CHE DE FENOUILLET",43.66353,1.40677,Plein jour,En agglomération,Hors intersection,Normale,Sans collision,,,,,,,,,,,1,2,1,1.0,7.0
201700024716,0017-05-15 19:50:00,17,5,15,19,50,310,555,"33, AV CAMILLE PUJOL",43.60123,1.46112,Plein jour,En agglomération,Hors intersection,Normale,Deux véhicules - côté,,,,,,,,,,,1,2,1,1.0,3.0
201700024717,0017-05-16 08:20:00,17,5,16,8,20,310,555,"6, RUE PAUL VERLAINE",43.63341,1.43471,Plein jour,En agglomération,Hors intersection,Normale,Autre collision,,,,,,,,,,,1,2,1,1.0,6.0
201700024718,0017-05-16 09:35:00,17,5,16,9,35,310,555,VA008482 A624,43.60884,1.36502,Plein jour,Hors agglomération,Hors intersection,Normale,Trois véhicules et plus - en chaîne,,,,,,,,,,,1,1,1,1.0,4.0
201700024719,0017-05-17 08:45:00,17,5,17,8,45,310,555,VA007331 A620,43.56939,1.42323,Plein jour,Hors agglomération,Hors intersection,Normale,Trois véhicules et plus - en chaîne,,,,,,,,,,,1,1,1,1.0,4.0
201700024720,0017-05-17 19:05:00,17,5,17,19,5,310,555,"4, RUE LOUIS PLANA",43.60652,1.48242,Plein jour,En agglomération,Intersection en T,Normale,Autre collision,,,,,,,,,,,1,2,3,1.0,6.0
201700024721,0017-05-17 20:30:00,17,5,17,20,30,310,555,"999, RUE JEAN GIBERT",43.64753,1.4142,Plein jour,En agglomération,Intersection en Y,Normale,Deux véhicules - côté,,,,,,,,,,,1,2,4,1.0,3.0
201700024722,0017-05-18 15:05:00,17,5,18,15,5,310,555,"11, PL DOMINIQUE MARTIN",43.60016,1.45417,Plein jour,En agglomération,Hors intersection,Pluie légère,Autre collision,,,,,,,,,,,1,2,1,2.0,6.0
201700024723,0017-05-19 07:30:00,17,5,19,7,30,310,555,"999, RUE DE VITTEL",43.61464,1.40078,Plein jour,En agglomération,Intersection en T,Normale,Autre collision,,,,,,,,,,,1,2,3,1.0,6.0
201700024724,0017-05-19 08:50:00,17,5,19,8,50,310,69,"999, LINDBERGH (RUE CHAR",43.62589,1.37949,Plein jour,En agglomération,Intersection en T,Normale,Deux véhicules - côté,,,,,,,,,,,1,2,3,1.0,3.0
201700024725,0017-05-19 14:40:00,17,5,19,14,40,310,555,"1, RUE PARGAMINIERES",43.60392,1.43627,Plein jour,En agglomération,Hors intersection,Normale,Autre collision,,,,,,,,,,,1,2,1,1.0,6.0
201700024726,0017-05-19 15:30:00,17,5,19,15,30,310,555,"201, AV DE MURET",43.58911,1.43154,Plein jour,En agglomération,Hors intersection,Pluie légère,Autre collision,,,,,,,,,,,1,2,1,2.0,6.0
201700024727,0017-05-19 19:20:00,17,5,19,19,20,310,555,VA007539 LA ROSERAIE A61,43.62806,1.47898,Plein jour,Hors agglomération,Hors intersection,Normale,Deux véhicules - arrière,,,,,,,,,,,1,1,1,1.0,2.0
201700024728,0017-05-20 05:45:00,17,5,20,5,45,310,555,"82, AV CRAMPEL",43.5855,1.45525,Nuit avec éclairage allumé,En agglomération,Hors intersection,Normale,Autre collision,,,,,,,,,,,5,2,1,1.0,6.0