accident_id,datetime,annee,mois,jour,heure,minute,departement,commune_insee,adresse,latitude,longitude,luminosite,agglomeration,intersection,meteo,collision,nb_vehicules,nb_usagers,nb_indemnes,nb_tues,nb_blesses_hosp,nb_blesses_legers,age_cond_1,age_cond_2,veh_type_cond_1,veh_type_cond_2,lum_code,agg_code,int_code,atm_code,col_code
201700024729,0017-05-20 06:55:00,17,5,20,6,55,310,557,"13, TARBES (ROUTE DE)",43.57305,1.3153,Plein jour,En agglomération,Hors intersection,Normale,Sans collision,,,,,,,,,,,1,2,1,1.0,7.0
201700024730,0017-05-20 21:45:00,17,5,20,21,45,310,555,"999, RUE PIERRE PAUL RIQ",43.60189,1.45414,Nuit avec éclairage allumé,En agglomération,Intersection en X,Normale,Deux véhicules - côté,,,,,,,,,,,5,2,2,1.0,3.0
201700024731,0017-05-20 22:36:00,17,5,20,22,36,310,555,"999, AV JULES JULIEN",43.57373,1.45208,Nuit sans éclairage public,En agglomération,Hors intersection,Normale,Deux véhicules - frontale,,,,,,,,,,,3,2,1,1.0,1.0
201700024732,0017-05-22 09:55:00,17,5,22,9,55,310,555,"999, AV DE LA ROSERAIE",43.62427,1.46837,Plein jour,En agglomération,Intersection en X,Normale,Deux véhicules - côté,,,,,,,,,,,1,2,2,1.0,3.0
201700024733,0017-05-17 09:20:00,17,5,17,9,20,310,555,"999, AV ANTOINE DE ST EX",43.58675,1.46322,Plein jour,En agglomération,Intersection en Y,Normale,Autre collision,,,,,,,,,,,1,2,4,1.0,6.0
201700024734,0017-05-22 08:10:00,17,5,22,8,10,310,555,"58, AV HONORE SERRES",43.61534,1.43753,Plein jour,En agglomération,Hors intersection,Normale,Deux véhicules - côté,,,,,,,,,,,1,2,1,1.0,3.0
201700024735,0017-05-22 18:20:00,17,5,22,18,20,310,555,"5, RUE VIGUERIE",43.59918,1.43634,Plein jour,En agglomération,Intersection en T,Normale,Autre collision,,,,,,,,,,,1,2,3,1.0,6.0
201700024736,0017-05-24 18:40:00,17,5,24,18,40,310,555,"2, RUE SAINT BERNARD",43.6087,1.44307,Plein jour,En agglomération,Hors intersection,Normale,Autre collision,,,,,,,,,,,1,2,1,1.0,6.0
201700024737,0017-05-24 13:45:00,17,5,24,13,45,310,555,VA007355 PURPAN A620 Sor,43.60574,1.40435,Plein jour,Hors agglomération,Hors intersection,Normale,Deux véhicules - arrière,,,,,,,,,,,1,1,1,1.0,2.0
201700024738,0017-05-24 19:00:00,17,5,24,19,0,310,555,"29, RUE DE METZ",43.60054,1.44797,Plein jour,En agglomération,Hors intersection,Normale,Autre collision,,,,,,,,,,,1,2,1,1.0,6.0
201700024739,0017-05-25 19:30:00,17,5,25,19,30,310,149,"999, ALLENDE (AVENUE SAL",43.60489,1.31961,Plein jour,En agglomération,Intersection en T,Normale,Deux véhicules - côté,,,,,,,,,,,1,2,3,1.0,3.0
201700024740,0017-05-26 08:15:00,17,5,26,8,15,310,555,"999, AV DE LARDENNE",43.59021,1.36803,Plein jour,En agglomération,Intersection en T,Temps éblouissant,Deux véhicules - côté,,,,,,,,,,,1,2,3,7.0,3.0
201700024741,0017-05-26 16:20:00,17,5,26,16,20,310,554,"331, AV DES ETATS UNIS",43.65448,1.42228,Plein jour,En agglomération,Hors intersection,Normale,Deux véhicules - côté,,,,,,,,,,,1,2,1,1.0,3.0
201700024742,0017-05-26 18:30:00,17,5,26,18,30,310,555,"11, AV DE MURET",43.58015,1.42423,Plein jour,En agglomération,Hors intersection,Normale,Deux véhicules - côté,,,,,,,,,,,1,2,1,1.0,3.0
201700024743,0017-05-26 18:45:00,17,5,26,18,45,310,555,VA007331 A620,43.5794,1.40611,Plein jour,Hors agglomération,Hors intersection,Normale,Autre collision,,,,,,,,,,,1,1,1,1.0,6.0
201700024744,0017-05-28 08:40:00,17,5,28,8,40,310,555,"24, CHE DE POUVOURVILLE",43.55488,1.4569,Plein jour,En agglomération,Giratoire,Normale,Sans collision,,,,,,,,,,,1,2,6,1.0,7.0
201700024745,0017-05-28 19:50:00,17,5,28,19,50,310,555,"999, RUE JACQUES DECOMBL",43.62687,1.45402,Plein jour,En agglomération,Hors intersection,Normale,Deux véhicules - frontale,,,,,,,,,,,1,2,1,1.0,1.0
201700024746,0017-05-29 08:40:00,17,5,29,8,40,310,555,"999, RUE DU POLE",43.64769,1.42099,Plein jour,En agglomération,Hors intersection,Normale,Deux véhicules - côté,,,,,,,,,,,1,2,1,1.0,3.0
201700024747,0017-05-29 16:05:00,17,5,29,16,5,310,557,"999, GAY (BD JEAN)",43.57619,1.31464,Plein jour,En agglomération,Intersection en T,Normale,Deux véhicules - côté,,,,,,,,,,,1,2,3,1.0,3.0
201700024748,0017-05-29 11:00:00,17,5,29,11,0,310,555,"179, RUE HENRI DESBALS",43.58433,1.41565,Plein jour,En agglomération,Hors intersection,Normale,Autre collision,,,,,,,,,,,1,2,1,1.0,6.0
201700024749,0017-05-29 15:30:00,17,5,29,15,30,310,555,"999, BD LASCROSSES",43.6111,1.43757,Plein jour,En agglomération,Hors intersection,Normale,Deux véhicules - frontale,,,,,,,,,,,1,2,1,1.0,1.0
201700024750,0017-05-30 07:30:00,17,5,30,7,30,310,557,"999, PETIT TRAIN (RUE DU",43.57973,1.32739,Plein jour,En agglomération,Hors intersection,Pluie légère,Deux véhicules - côté,,,,,,,,,,,1,2,1,2.0,3.0
201700024751,0017-05-29 17:55:00,17,5,29,17,55,310,555,VA007331 A620,43.57432,1.43962,Plein jour,Hors agglomération,Hors intersection,Normale,Deux véhicules - côté,,,,,,,,,,,1,1,1,1.0,3.0
201700024752,0017-05-31 06:20:00,17,5,31,6,20,310,555,"999, RUE DU POLE",43.64521,1.41952,Crépuscule ou aube,En agglomération,Intersection en T,Pluie forte,Trois véhicules et plus - collisions multiples,,,,,,,,,,,2,2,3,3.0,5.0
201700024753,0017-05-30 16:35:00,17,5,30,16,35,310,555,RUE ANDRE ETCHEVERLEPO,43.63957,1.45928,Plein jour,En agglomération,Hors intersection,Normale,Autre collision,,,,,,,,,,,1,2,1,1.0,6.0
201700024754,0017-05-31 10:00:00,17,5,31,10,0,310,555,ECHANGEUR BORDELONGUE (A,43.56469,1.4184,Plein jour,Hors agglomération,Hors intersection,Normale,Autre collision,,,,,,,,,,,1,1,1,1.0,6.0
201700024755,0017-05-31 15:45:00,17,5,31,15,45,310,555,"28, AV ETIENNE BILLIERES",43.59725,1.42762,Plein jour,En agglomération,Hors intersection,Normale,Deux véhicules - arrière,,,,,,,,,,,1,2,1,1.0,2.0
201700024756,0017-05-31 22:45:00,17,5,31,22,45,310,557,"999, BELBEZE (RUE DE)",43.58212,1.34125,Crépuscule ou aube,En agglomération,Intersection en T,Normale,Deux véhicules - côté,,,,,,,,,,,2,2,3,1.0,3.0
201700024757,0017-06-01 11:00:00,17,6,1,11,0,310,555,"999, CHE DE GARRIC",43.62312,1.40821,Plein jour,En agglomération,Intersection en Y,Normale,Deux véhicules - frontale,,,,,,,,,,,1,2,4,1.0,1.0
201700024758,0017-06-02 11:10:00,17,6,2,11,10,310,555,"108, AV DE LESPINET",43.57918,1.46757,Plein jour,En agglomération,Hors intersection,Normale,Deux véhicules - côté,,,,,,,,,,,1,2,1,1.0,3.0
201700024759,0017-06-02 16:00:00,17,6,2,16,0,310,69,"999, PINS (AV DES)",43.63756,1.38371,Plein jour,En agglomération,Intersection en X,Normale,Deux véhicules - côté,,,,,,,,,,,1,2,2,1.0,3.0
201700024760,0017-06-05 19:40:00,17,6,5,19,40,310,555,"1, BD DELTOUR",43.59375,1.47273,Plein jour,En agglomération,Hors intersection,Normale,Autre collision,,,,,,,,,,,1,2,1,1.0,6.0
201700024761,0017-06-06 16:36:00,17,6,6,16,36,310,555,VA007473 A62,49.05831,5.15115,Plein jour,Hors agglomération,Hors intersection,Normale,Deux véhicules - arrière,,,,,,,,,,,1,1,1,1.0,2.0
201700024762,0017-06-06 15:37:00,17,6,6,15,37,310,555,"67, BD DELTOUR",43.59588,1.47323,Plein jour,En agglomération,Hors intersection,Normale,Autre collision,,,,,,,,,,,1,2,1,1.0,6.0
201700024763,0017-06-07 13:50:00,17,6,7,13,50,310,555,ALL DES DEMOISELLES,43.59042,1.45378,Plein jour,En agglomération,Hors intersection,Normale,Autre collision,,,,,,,,,,,1,2,1,1.0,6.0
201700024764,0017-06-07 16:00:00,17,6,7,16,0,310,555,"74, AV DE LOMBEZ",43.59519,1.41627,Plein jour,En agglomération,Hors intersection,Normale,Deux véhicules - côté,,,,,,,,,,,1,2,1,1.0,3.0
201700024765,0017-06-08 03:15:00,17,6,8,3,15,310,555,"999, BD PIERRE PAUL RIQU",43.60635,1.45585,Nuit avec éclairage allumé,En agglomération,Intersection en X,Normale,Deux véhicules - côté,,,,,,,,,,,5,2,2,1.0,3.0
201700024766,0017-06-07 12:25:00,17,6,7,12,25,310,555,"86, RUE DES AMIDONNIERS",43.60731,1.41855,Plein jour,En agglomération,Hors intersection,Normale,Deux véhicules - frontale,,,,,,,,,,,1,2,1,1.0,1.0
201700024767,0017-06-08 16:50:00,17,6,8,16,50,310,555,"999, VA008493 LA CRABE A",49.03163,5.10237,Plein jour,Hors agglomération,Hors intersection,Normale,Trois véhicules et plus - en chaîne,,,,,,,,,,,1,1,1,1.0,4.0
201700024768,0017-06-08 18:25:00,17,6,8,18,25,310,555,"226, AV DE FRONTON",43.6459,1.43319,Plein jour,En agglomération,Hors intersection,Normale,Deux véhicules - côté,,,,,,,,,,,1,2,1,1.0,3.0
201700024769,0017-06-09 04:40:00,17,6,9,4,40,310,555,"15, BD DE BONREPOS",43.6117,1.45214,Nuit avec éclairage allumé,En agglomération,Hors intersection,Pluie légère,Sans collision,,,,,,,,,,,5,2,1,2.0,7.0
201700024770,0017-06-08 14:20:00,17,6,8,14,20,310,555,"8, BD DES MINIMES",43.61473,1.44945,Plein jour,En agglomération,Hors intersection,Normale,Deux véhicules - arrière,,,,,,,,,,,1,2,1,1.0,2.0
201700024771,0017-06-09 12:20:00,17,6,9,12,20,310,555,"38, ALL CHARLES DE FITTE",43.59601,1.43234,Plein jour,En agglomération,Hors intersection,Normale,Deux véhicules - arrière,,,,,,,,,,,1,2,1,1.0,2.0
201700024772,0017-06-12 17:40:00,17,6,12,17,40,310,555,"999, CHE DES ETROITS",43.54943,1.43965,Plein jour,En agglomération,Intersection en T,Normale,Deux véhicules - côté,,,,,,,,,,,1,2,3,1.0,3.0
201700024773,0017-06-13 07:50:00,17,6,13,7,50,310,149,"999, TOURNEFEUILLE (AVEN",43.60241,1.35072,Plein jour,En agglomération,Hors intersection,Normale,Deux véhicules - côté,,,,,,,,,,,1,2,1,1.0,3.0
201700024774,0017-06-13 12:20:00,17,6,13,12,20,310,555,"33, RUE DU TAUR",43.60593,1.4425,Plein jour,En agglomération,Hors intersection,Normale,Autre collision,,,,,,,,,,,1,2,1,1.0,6.0
201700024775,0017-06-14 17:15:00,17,6,14,17,15,310,555,VA007331 A620,43.57575,1.44205,Plein jour,Hors agglomération,Hors intersection,Normale,Autre collision,,,,,,,,,,,1,1,1,1.0,6.0
201700024776,0017-06-14 18:30:00,17,6,14,18,30,310,555,"5, RUE DU LOT",43.5829,1.40719,Plein jour,En agglomération,Hors intersection,Normale,Deux véhicules - côté,,,,,,,,,,,1,2,1,1.0,3.0
201700024777,0017-06-14 22:45:00,17,6,14,22,45,310,555,"19, BD DES MINIMES",43.61563,1.44768,Plein jour,En agglomération,Hors intersection,Normale,Autre collision,,,,,,,,,,,1,2,1,1.0,6.0
201700024778,0017-06-15 11:40:00,17,6,15,11,40,310,557,"999, RESISTANCE (AV DE L",43.58446,1.34728,Plein jour,Hors agglomération,Intersection en T,Normale,Autre collision,,,,,,,,,,,1,1,3,1.0,6.0
201700024779,0017-06-17 12:15:00,17,6,17,12,15,310,555,"999, RUE D AVRANCHES",43.63277,1.46509,Plein jour,En agglomération,Intersection en X,Normale,Deux véhicules - côté,,,,,,,,,,,1,2,2,1.0,3.0
201700024780,0017-06-18 05:25:00,17,6,18,5,25,310,555,"999, Rd Pt Firmin Pons",43.56926,1.37395,Crépuscule ou aube,Hors agglomération,Hors intersection,Normale,Autre collision,,,,,,,,,,,2,1,1,1.0,6.0
201700024781,0017-06-19 06:10:00,17,6,19,6,10,310,555,"999, BD DE SUISSE",43.62169,1.42488,Plein jour,En agglomération,Hors intersection,Normale,Deux véhicules - frontale,,,,,,,,,,,1,2,1,1.0,1.0
201700024782,0017-06-19 18:40:00,17,6,19,18,40,310,555,"408, AV DES ETATS UNIS",43.62809,1.4332,Plein jour,En agglomération,Hors intersection,Normale,Trois véhicules et plus - en chaîne,,,,,,,,,,,1,2,1,1.0,4.0
201700024783,0017-06-19 15:40:00,17,6,19,15,40,310,555,"999, EISENHOWER (AVENUE",43.56358,1.38686,Plein jour,En agglomération,Intersection en T,Normale,Deux véhicules - frontale,,,,,,,,,,,1,2,3,1.0,1.0
201700024784,0017-06-20 08:02:00,17,6,20,8,2,310,557,"999, MARQUISAT (AV DU)",43.56929,1.33316,Plein jour,En agglomération,Hors intersection,Normale,Autre collision,,,,,,,,,,,1,2,1,1.0,6.0
201700024785,0017-06-20 23:20:00,17,6,20,23,20,310,555,"999, RUE DE LA REPUBLIQU",43.59807,1.43209,Plein jour,En agglomération,Place,Normale,Deux véhicules - côté,,,,,,,,,,,1,2,7,1.0,3.0
201700024786,0017-06-21 01:20:00,17,6,21,1,20,310,555,"32, ALL DE BARCELONE",43.60422,1.43454,Nuit avec éclairage allumé,En agglomération,Hors intersection,Normale,Sans collision,,,,,,,,,,,5,2,1,1.0,7.0
201700024787,0017-06-21 13:20:00,17,6,21,13,20,310,555,"33, RTE DE NARBONNE",43.57176,1.45355,Plein jour,En agglomération,Hors intersection,Normale,Deux véhicules - arrière,,,,,,,,,,,1,2,1,1.0,2.0
201700024788,0017-06-21 16:30:00,17,6,21,16,30,310,149,"999, Esplanade des Ramas",43.60042,1.35343,Plein jour,En agglomération,Hors intersection,Normale,Deux véhicules - côté,,,,,,,,,,,1,2,1,1.0,3.0
201700024789,0017-06-22 16:35:00,17,6,22,16,35,310,555,27 LA CEPIERE  (PERIPH O,43.58343,1.40384,Plein jour,Hors agglomération,Hors intersection,Normale,Deux véhicules - côté,,,,,,,,,,,1,1,1,1.0,3.0
201700024790,0017-06-22 18:10:00,17,6,22,18,10,310,555,"999, RUE MARIE LAURENCIN",43.63458,1.41724,Plein jour,En agglomération,Hors intersection,Normale,Trois véhicules et plus - en chaîne,,,,,,,,,,,1,2,1,1.0,4.0
201700024791,0017-06-23 11:55:00,17,6,23,11,55,310,555,"134, CHE DE LAPUJADE",43.62755,1.45651,Plein jour,En agglomération,Intersection en T,Normale,Deux véhicules - côté,,,,,,,,,,,1,2,3,1.0,3.0
201700024792,0017-06-25 17:30:00,17,6,25,17,30,310,557,"27, COCTEAU (RUE JEAN)",43.5926,1.32155,Plein jour,En agglomération,Hors intersection,Normale,Deux véhicules - côté,,,,,,,,,,,1,2,1,1.0,3.0
201700024793,0017-06-26 04:47:00,17,6,26,4,47,310,555,"999, RTE D AGDE",43.62808,1.47931,Nuit avec éclairage allumé,En agglomération,Hors intersection,Normale,Deux véhicules - côté,,,,,,,,,,,5,2,1,1.0,3.0
201700024794,0017-06-26 17:40:00,17,6,26,17,40,310,555,"28, BD DE STRASBOURG",43.60765,1.44691,Plein jour,En agglomération,Hors intersection,Normale,Trois véhicules et plus - en chaîne,,,,,,,,,,,1,2,1,1.0,4.0
201700024795,0017-06-27 08:09:00,17,6,27,8,9,310,557,"999, AURIOL (BD VINCENT)",43.58764,1.35066,Plein jour,En agglomération,Hors intersection,Normale,Deux véhicules - côté,,,,,,,,,,,1,2,1,1.0,3.0
201700024796,0017-06-28 09:15:00,17,6,28,9,15,310,149,"999, RN124",43.60686,1.32616,Plein jour,Hors agglomération,Hors intersection,Pluie légère,Trois véhicules et plus - collisions multiples,,,,,,,,,,,1,1,1,2.0,5.0
201700024797,0017-06-28 13:45:00,17,6,28,13,45,310,555,"29, BD DEODAT DE SEVERAC",43.58679,1.42588,Plein jour,En agglomération,Hors intersection,Normale,Deux véhicules - côté,,,,,,,,,,,1,2,1,1.0,3.0
201700024798,0017-06-28 16:10:00,17,6,28,16,10,310,555,"37, ALL HENRI SELLIER",43.57726,1.43762,Plein jour,En agglomération,Hors intersection,Pluie forte,Deux véhicules - arrière,,,,,,,,,,,1,2,1,3.0,2.0
201700024799,0017-06-29 01:05:00,17,6,29,1,5,310,555,"12, AV DE LA GLOIRE",43.60544,1.4585,Nuit avec éclairage allumé,En agglomération,Intersection en X,Vent fort / tempête,Deux véhicules - côté,,,,,,,,,,,5,2,2,6.0,3.0
201700024800,0017-06-29 08:25:00,17,6,29,8,25,310,555,"999, CHE DE LESTANG",43.56287,1.39519,Plein jour,En agglomération,Hors intersection,Normale,Deux véhicules - côté,,,,,,,,,,,1,2,1,1.0,3.0
201700024801,0017-06-29 12:55:00,17,6,29,12,55,310,555,"6, AV ALBERT BEDOUCE",43.57567,1.45429,Plein jour,En agglomération,Intersection en X,Normale,Deux véhicules - côté,,,,,,,,,,,1,2,2,1.0,3.0
201700024802,0017-06-29 17:30:00,17,6,29,17,30,310,555,"99, BD DE LA MARQUETTE",43.61103,1.42047,Plein jour,En agglomération,Autre intersection,Normale,Deux véhicules - côté,,,,,,,,,,,1,2,9,1.0,3.0
201700024803,0017-06-30 07:10:00,17,6,30,7,10,310,555,VA007331 A620,43.61523,1.4183,Plein jour,Hors agglomération,Hors intersection,Normale,Deux véhicules - côté,,,,,,,,,,,1,1,1,1.0,3.0
201700024804,0017-07-04 17:50:00,17,7,4,17,50,310,555,"999, CHE TISSIE",43.5941,1.39333,Plein jour,En agglomération,Hors intersection,Normale,Deux véhicules - côté,,,,,,,,,,,1,2,1,1.0,3.0
201700024805,0017-07-05 18:15:00,17,7,5,18,15,310,555,"999, CHE HENRI BESSEMER",43.6182,1.42381,Plein jour,En agglomération,Intersection en X,Normale,Deux véhicules - côté,,,,,,,,,,,1,2,2,1.0,3.0
201700024806,0017-07-06 11:10:00,17,7,6,11,10,310,555,"58, RUE RAYMOND IV",43.61154,1.45024,Plein jour,En agglomération,Hors intersection,Normale,Autre collision,,,,,,,,,,,1,2,1,1.0,6.0
201700024807,0017-07-06 15:15:00,17,7,6,15,15,310,555,VA007331 A620,43.64542,1.42168,Plein jour,Hors agglomération,Hors intersection,Normale,Trois véhicules et plus - collisions multiples,,,,,,,,,,,1,1,1,1.0,5.0
201700024808,0017-07-06 21:25:00,17,7,6,21,25,310,555,"170, RUE DE PERIOLE",43.61934,1.46676,Plein jour,En agglomération,Hors intersection,Normale,Autre collision,,,,,,,,,,,1,2,1,1.0,6.0
201700024809,0017-07-06 23:00:00,17,7,6,23,0,310,555,"01, LATTRE DE TASSIGNY (",43.57202,1.43849,Nuit avec éclairage allumé,En agglomération,Hors intersection,Normale,Deux véhicules - arrière,,,,,,,,,,,5,2,1,1.0,2.0
201700024810,0017-07-07 15:30:00,17,7,7,15,30,310,555,"999, EDOUARD BOUILLERE",43.56985,1.39376,Plein jour,En agglomération,Hors intersection,Normale,Deux véhicules - côté,,,,,,,,,,,1,2,1,1.0,3.0
201700024811,0017-07-08 20:46:00,17,7,8,20,46,310,555,"85 BIS, BLAGNAC (ROUTE D",43.61571,1.40956,Crépuscule ou aube,En agglomération,Hors intersection,Normale,Deux véhicules - côté,,,,,,,,,,,2,2,1,1.0,3.0
201700024812,0017-07-11 09:15:00,17,7,11,9,15,310,555,VA007306 A64,43.56229,1.41739,Plein jour,Hors agglomération,Hors intersection,Normale,Deux véhicules - côté,,,,,,,,,,,1,1,1,1.0,3.0
201700024813,0017-07-10 08:50:00,17,7,10,8,50,310,555,PORT SAINT SAUVEUR,43.59702,1.45603,Plein jour,En agglomération,Hors intersection,Normale,Autre collision,,,,,,,,,,,1,2,1,1.0,6.0
201700024814,0017-07-12 09:10:00,17,7,12,9,10,310,69,"999, MAGA (RD-PT JEAN)",43.62183,1.39693,Plein jour,En agglomération,Hors intersection,Normale,Deux véhicules - arrière,,,,,,,,,,,1,2,1,1.0,2.0
201700024815,0017-07-12 18:40:00,17,7,12,18,40,310,555,"999, RTE D ALBI",43.64528,1.46952,Plein jour,En agglomération,Intersection en X,Normale,Deux véhicules - côté,,,,,,,,,,,1,2,2,1.0,3.0
201700024816,0017-07-13 12:50:00,17,7,13,12,50,310,555,", VA007553 A61",43.61397,1.48354,Plein jour,Hors agglomération,Hors intersection,Normale,Deux véhicules - côté,,,,,,,,,,,1,1,1,1.0,3.0
201700024817,0017-07-14 21:20:00,17,7,14,21,20,310,555,"999, RUE JEAN JACQUES RO",43.613,1.47062,Plein jour,En agglomération,Intersection en T,Normale,Deux véhicules - côté,,,,,,,,,,,1,2,3,1.0,3.0
201700024818,0017-07-15 09:55:00,17,7,15,9,55,310,555,"999, BD SILVIO TRENTIN",43.62678,1.43354,Plein jour,En agglomération,Hors intersection,Normale,Deux véhicules - arrière,,,,,,,,,,,1,2,1,1.0,2.0
201700024819,0017-07-14 15:00:00,17,7,14,15,0,310,149,"999, PAGE (CHEMIN DU)",43.60602,1.34684,Plein jour,En agglomération,Hors intersection,Normale,Deux véhicules - arrière,,,,,,,,,,,1,2,1,1.0,2.0
201700024820,0017-07-17 12:10:00,17,7,17,12,10,310,555,"07, BD DE STRASBOURG",43.60964,1.4443,Plein jour,En agglomération,Hors intersection,Normale,Deux véhicules - côté,,,,,,,,,,,1,2,1,1.0,3.0
201700024821,0017-07-17 15:10:00,17,7,17,15,10,310,555,"77, AV DE FRONTON",43.63077,1.43365,Plein jour,En agglomération,Hors intersection,Normale,Autre collision,,,,,,,,,,,1,2,1,1.0,6.0
201700024822,0017-07-17 14:30:00,17,7,17,14,30,310,555,"353, AV DE FRONTON",43.65735,1.43188,Plein jour,En agglomération,Hors intersection,Normale,Deux véhicules - côté,,,,,,,,,,,1,2,1,1.0,3.0
201700024823,0017-07-17 17:35:00,17,7,17,17,35,310,555,RUE PIERRE FONTAN,43.57127,1.41117,Plein jour,En agglomération,Hors intersection,Normale,Deux véhicules - frontale,,,,,,,,,,,1,2,1,1.0,1.0
201700024824,0017-07-20 11:30:00,17,7,20,11,30,310,557,"182, AURIOL (BD VINCENT)",43.58799,1.35501,Plein jour,En agglomération,Hors intersection,Pluie légère,Sans collision,,,,,,,,,,,1,2,1,2.0,7.0
201700024825,0017-07-20 21:50:00,17,7,20,21,50,310,555,"26, BD MATABIAU",43.61497,1.44498,Nuit avec éclairage allumé,En agglomération,Hors intersection,Normale,Autre collision,,,,,,,,,,,5,2,1,1.0,6.0
201700024826,0017-07-22 17:00:00,17,7,22,17,0,310,555,RD POINT BADEN POWELL,43.57015,1.42476,Plein jour,En agglomération,Hors intersection,Normale,Deux véhicules - arrière,,,,,,,,,,,1,2,1,1.0,2.0
201700024827,0017-07-23 21:10:00,17,7,23,21,10,310,69,"999, BD DE L'EUROPE",43.65544,1.37326,Crépuscule ou aube,En agglomération,Hors intersection,Normale,Deux véhicules - côté,,,,,,,,,,,2,2,1,1.0,3.0
201700024828,0017-07-23 03:35:00,17,7,23,3,35,310,555,"999, RUE VALADE",43.60628,1.43869,Nuit avec éclairage allumé,En agglomération,Intersection en X,Normale,Deux véhicules - côté,,,,,,,,,,,5,2,2,1.0,3.0
201700024829,0017-07-24 20:00:00,17,7,24,20,0,310,555,"999, ALL CHARLES DE FITT",43.59792,1.43069,Plein jour,En agglomération,Hors intersection,Normale,Deux véhicules - côté,,,,,,,,,,,1,2,1,1.0,3.0
201700024830,0017-07-25 12:40:00,17,7,25,12,40,310,555,"999, VA001490 A621",43.62232,1.39176,Plein jour,Hors agglomération,Hors intersection,Normale,Trois véhicules et plus - collisions multiples,,,,,,,,,,,1,1,1,1.0,5.0
201700024831,0017-07-25 18:50:00,17,7,25,18,50,310,555,"5, AV JEAN RIEUX",43.58337,1.4786,Plein jour,En agglomération,Hors intersection,Normale,Deux véhicules - côté,,,,,,,,,,,1,2,1,1.0,3.0
201700024832,0017-07-26 02:25:00,17,7,26,2,25,310,555,"999, QU DE TOUNIS",43.59951,1.44054,Nuit avec éclairage allumé,En agglomération,Hors intersection,Normale,Autre collision,,,,,,,,,,,5,2,1,1.0,6.0
201700024833,0017-07-26 18:50:00,17,7,26,18,50,310,555,"999, ALL JULES GUESDE",43.59461,1.44892,Plein jour,En agglomération,Hors intersection,Normale,Trois véhicules et plus - collisions multiples,,,,,,,,,,,1,2,1,1.0,5.0
201700024834,0017-07-27 08:45:00,17,7,27,8,45,310,555,"127, ALL DE BRIENNE",43.60976,1.42006,Plein jour,En agglomération,Hors intersection,Normale,Trois véhicules et plus - en chaîne,,,,,,,,,,,1,2,1,1.0,4.0
201700024835,0017-07-30 04:15:00,17,7,30,4,15,310,555,"999, AV SALVADOR ALLENDE",43.65897,1.41963,Nuit avec éclairage allumé,En agglomération,Intersection en T,Normale,Deux véhicules - côté,,,,,,,,,,,5,2,3,1.0,3.0
201700024836,0017-07-31 05:45:00,17,7,31,5,45,310,555,"1, AV DE MURET",43.57938,1.42367,Nuit avec éclairage allumé,En agglomération,Giratoire,Normale,Autre collision,,,,,,,,,,,5,2,6,1.0,6.0
201700024837,0017-07-31 13:50:00,17,7,31,13,50,310,555,"272, AV DE MURET",43.59057,1.43298,Plein jour,En agglomération,Hors intersection,Normale,Autre collision,,,,,,,,,,,1,2,1,1.0,6.0
201700024838,0017-07-31 07:00:00,17,7,31,7,0,310,557,"999, PEYRETTE (CH DE LA)",43.58635,1.31699,Plein jour,En agglomération,Intersection en T,Normale,Deux véhicules - côté,,,,,,,,,,,1,2,3,1.0,3.0
201700024839,0017-07-31 18:50:00,17,7,31,18,50,310,555,"999, AV GEORGES POMPIDOU",43.61241,1.45851,Plein jour,En agglomération,Intersection en T,Normale,Deux véhicules - côté,,,,,,,,,,,1,2,3,1.0,3.0
201700024840,0017-07-31 19:45:00,17,7,31,19,45,310,555,VA007331 A620,43.57946,1.40607,Plein jour,Hors agglomération,Hors intersection,Normale,Trois véhicules et plus - en chaîne,,,,,,,,,,,1,1,1,1.0,4.0
201700024841,0017-08-01 13:05:00,17,8,1,13,5,310,555,"56, CHE DE LA FLAMBERE",43.61397,1.3935,Plein jour,En agglomération,Hors intersection,Normale,Deux véhicules - côté,,,,,,,,,,,1,2,1,1.0,3.0
201700024842,0017-08-01 18:10:00,17,8,1,18,10,310,69,"31, BUCHES (RUE DES)",43.63591,1.3936,Plein jour,En agglomération,Hors intersection,Normale,Deux véhicules - arrière,,,,,,,,,,,1,2,1,1.0,2.0
201700024843,0017-08-02 12:05:00,17,8,2,12,5,310,555,"999, AV DE L EUROPE",43.53775,1.38893,Plein jour,En agglomération,Giratoire,Normale,Deux véhicules - arrière,,,,,,,,,,,1,2,6,1.0,2.0
201700024844,0017-08-02 17:08:00,17,8,2,17,8,310,555,36 AV M BOURGES MAUNOURY,43.63598,1.45291,Plein jour,En agglomération,Hors intersection,Normale,Autre collision,,,,,,,,,,,1,2,1,1.0,6.0
201700024845,0017-08-04 05:00:00,17,8,4,5,0,310,555,VA007473 A62,43.64576,1.4668,Nuit avec éclairage non allumé,Hors agglomération,Hors intersection,Normale,Autre collision,,,,,,,,,,,4,1,1,1.0,6.0
201700024846,0017-08-04 10:20:00,17,8,4,10,20,310,149,"999, AV YVES BRUNAUD",43.61523,1.34568,Plein jour,En agglomération,Hors intersection,Normale,Trois véhicules et plus - en chaîne,,,,,,,,,,,1,2,1,1.0,4.0
201700024847,0017-08-04 16:55:00,17,8,4,16,55,310,555,"29, ALL FORAIN FRANCOIS",43.60025,1.45178,Plein jour,En agglomération,Hors intersection,Normale,Autre collision,,,,,,,,,,,1,2,1,1.0,6.0