accident_id,datetime,annee,mois,jour,heure,minute,departement,commune_insee,adresse,latitude,longitude,luminosite,agglomeration,intersection,meteo,collision,nb_vehicules,nb_usagers,nb_indemnes,nb_tues,nb_blesses_hosp,nb_blesses_legers,age_cond_1,age_cond_2,veh_type_cond_1,veh_type_cond_2,lum_code,agg_code,int_code,atm_code,col_code
201700024967,0017-10-12 08:50:00,17,10,12,8,50,310,555,"999, AV DE LA GLOIRE",,,Plein jour,En agglomération,Intersection en T,Normale,Trois véhicules et plus - collisions multiples,,,,,,,,,,,1,2,3,1.0,5.0
201700024968,0017-10-11 20:30:00,17,10,11,20,30,310,555,"86, CHE RAYNAL",43.63221,1.45582,Nuit avec éclairage allumé,En agglomération,Hors intersection,Normale,Deux véhicules - côté,,,,,,,,,,,5,2,1,1.0,3.0
201700024969,0017-10-13 16:39:00,17,10,13,16,39,310,555,VA008482 A624,43.60889,1.36311,Plein jour,En agglomération,Hors intersection,Normale,Deux véhicules - arrière,,,,,,,,,,,1,2,1,1.0,2.0
201700024970,0017-10-13 17:50:00,17,10,13,17,50,310,555,"999, PONT DE L EMBOUCHUR",43.61047,1.41843,Plein jour,En agglomération,Intersection en Y,Normale,Deux véhicules - côté,,,,,,,,,,,1,2,4,1.0,3.0
201700024971,0017-10-15 01:40:00,17,10,15,1,40,310,555,"5, RUE GABRIEL PERI",43.60614,1.45422,Nuit avec éclairage non allumé,En agglomération,Hors intersection,Normale,Autre collision,,,,,,,,,,,4,2,1,1.0,6.0
201700024972,0017-10-16 15:50:00,17,10,16,15,50,310,555,"999, QU DE TOUNIS",43.59757,1.44018,Plein jour,En agglomération,Hors intersection,Normale,Deux véhicules - côté,,,,,,,,,,,1,2,1,1.0,3.0
201700024973,0017-10-16 21:20:00,17,10,16,21,20,310,555,"999, AV DU GENERAL EISEN",43.55009,1.41676,Nuit sans éclairage public,En agglomération,Hors intersection,Normale,Sans collision,,,,,,,,,,,3,2,1,1.0,7.0
201700024974,0017-10-16 21:40:00,17,10,16,21,40,310,555,"999, AV DU GENERAL EISEN",43.55009,1.41676,Nuit sans éclairage public,En agglomération,Hors intersection,Normale,Sans collision,,,,,,,,,,,3,2,1,1.0,7.0
201700024975,0017-10-17 10:42:00,17,10,17,10,42,310,555,"6, RTE D ALBI",43.62692,1.45894,Plein jour,En agglomération,Intersection en Y,Normale,Autre collision,,,,,,,,,,,1,2,4,1.0,6.0
201700024976,0017-10-17 17:40:00,17,10,17,17,40,310,69,"999, SERVANTY (AV LUCIEN",43.62487,1.39245,Plein jour,En agglomération,Hors intersection,Normale,Deux véhicules - frontale,,,,,,,,,,,1,2,1,1.0,1.0
201700024977,0017-10-17 17:50:00,17,10,17,17,50,310,555,"69, BD LAZARE CARNOT",43.60472,1.44962,Plein jour,En agglomération,Hors intersection,Normale,Sans collision,,,,,,,,,,,1,2,1,1.0,7.0
201700024978,0017-10-15 09:00:00,17,10,15,9,0,310,149,RN124,43.60618,1.33769,Plein jour,Hors agglomération,Hors intersection,Normale,Autre collision,,,,,,,,,,,1,1,1,1.0,6.0
201700024979,0017-08-30 15:30:00,17,8,30,15,30,310,555,"999, RUE DU LANGUEDOC",43.59798,1.44557,Plein jour,En agglomération,Hors intersection,Normale,Autre collision,,,,,,,,,,,1,2,1,1.0,6.0
201700024980,0017-10-13 07:50:00,17,10,13,7,50,310,555,"999, VA007331 A620",43.5735,1.41014,Crépuscule ou aube,Hors agglomération,Hors intersection,Normale,Deux véhicules - côté,,,,,,,,,,,2,1,1,1.0,3.0
201700024981,0017-10-18 15:00:00,17,10,18,15,0,310,555,VA007553 A61,43.59299,1.49357,Plein jour,Hors agglomération,Hors intersection,Normale,Sans collision,,,,,,,,,,,1,1,1,1.0,7.0
201700024982,0017-10-20 10:40:00,17,10,20,10,40,310,555,"140, AV DES MINIMES",43.62426,1.43441,Plein jour,En agglomération,Hors intersection,Normale,Deux véhicules - côté,,,,,,,,,,,1,2,1,1.0,3.0
201700024983,0017-10-20 12:25:00,17,10,20,12,25,310,555,CHE DE FENOUILLET,43.63382,1.4219,Plein jour,En agglomération,Hors intersection,Normale,Deux véhicules - côté,,,,,,,,,,,1,2,1,1.0,3.0
201700024984,0017-10-20 15:00:00,17,10,20,15,0,310,555,"69, BD LAZARE CARNOT",43.60484,1.44954,Plein jour,En agglomération,Hors intersection,Normale,Deux véhicules - côté,,,,,,,,,,,1,2,1,1.0,3.0
201700024985,0017-10-21 14:25:00,17,10,21,14,25,310,557,"200, AURIOL (BD VINCENT)",43.58525,1.34523,Plein jour,En agglomération,Hors intersection,Normale,Trois véhicules et plus - en chaîne,,,,,,,,,,,1,2,1,1.0,4.0
201700024986,0017-10-22 06:45:00,17,10,22,6,45,310,555,"999, ECHANGEUR ST MARTIN",43.6096,1.38651,Nuit avec éclairage non allumé,Hors agglomération,Hors intersection,Pluie légère,Sans collision,,,,,,,,,,,4,1,1,2.0,7.0
201700024987,0017-10-23 09:30:00,17,10,23,9,30,310,555,"999, RUE DU DR MARCEL BO",43.62128,1.45789,Plein jour,En agglomération,Intersection en X,Normale,Deux véhicules - frontale,,,,,,,,,,,1,2,2,1.0,1.0
201700024988,0017-10-23 11:20:00,17,10,23,11,20,310,555,"999, RUE DE METZ",43.60039,1.45067,Plein jour,En agglomération,Hors intersection,Normale,Deux véhicules - côté,,,,,,,,,,,1,2,1,1.0,3.0
201700024989,0017-10-23 18:15:00,17,10,23,18,15,310,555,"999, 24 EMPALOT  (PERIPH",43.57414,1.4393,Plein jour,Hors agglomération,Hors intersection,Normale,Deux véhicules - côté,,,,,,,,,,,1,1,1,1.0,3.0
201700024990,0017-10-24 09:05:00,17,10,24,9,5,310,555,"999, RUE DE LA TOURAINE",43.574,1.41228,Plein jour,En agglomération,Hors intersection,Normale,Autre collision,,,,,,,,,,,1,2,1,1.0,6.0
201700024991,0017-10-24 20:45:00,17,10,24,20,45,310,555,"999, BD DES CRETES",43.60085,1.47597,Nuit avec éclairage allumé,En agglomération,Hors intersection,Normale,Sans collision,,,,,,,,,,,5,2,1,1.0,7.0
201700024992,0017-10-24 16:00:00,17,10,24,16,0,310,555,"999, BD DES CRETES",43.60434,1.47448,Plein jour,En agglomération,Intersection en X,Normale,Deux véhicules - côté,,,,,,,,,,,1,2,2,1.0,3.0
201700024993,0017-10-24 18:00:00,17,10,24,18,0,310,555,"9, RUE GEORGES VEDEL",43.60487,1.39487,Plein jour,En agglomération,Hors intersection,Normale,Deux véhicules - côté,,,,,,,,,,,1,2,1,1.0,3.0
201700024994,0017-10-26 09:10:00,17,10,26,9,10,310,555,"90, RTE DE NARBONNE",43.56638,1.45889,Plein jour,En agglomération,Hors intersection,Normale,Deux véhicules - côté,,,,,,,,,,,1,2,1,1.0,3.0
201700024995,0017-10-27 08:00:00,17,10,27,8,0,310,149,"999, MITTERAND (ESPLANAD",43.60099,1.35487,Crépuscule ou aube,En agglomération,Hors intersection,Normale,Deux véhicules - côté,,,,,,,,,,,2,2,1,1.0,3.0
201700024996,0017-10-30 10:35:00,17,10,30,10,35,310,555,"999, BD LASCROSSES",43.60918,1.43078,Plein jour,En agglomération,Hors intersection,Normale,Deux véhicules - côté,,,,,,,,,,,1,2,1,1.0,3.0
201700024997,0017-10-27 19:55:00,17,10,27,19,55,310,555,VA007418 PONT JUMEAUX A6,43.60893,1.41202,Nuit avec éclairage non allumé,Hors agglomération,Hors intersection,Normale,Deux véhicules - arrière,,,,,,,,,,,4,1,1,1.0,2.0
201700024998,0017-10-29 06:30:00,17,10,29,6,30,310,555,"999, VA008432 LANGLADE A",43.56902,1.41483,Nuit avec éclairage non allumé,Hors agglomération,Hors intersection,Normale,Sans collision,,,,,,,,,,,4,1,1,1.0,7.0
201700024999,0017-10-30 08:30:00,17,10,30,8,30,310,555,"3, RUE DE LA REPUBLIQUE",43.59885,1.43624,Plein jour,En agglomération,Hors intersection,Normale,Autre collision,,,,,,,,,,,1,2,1,1.0,6.0
201700025000,0017-10-30 17:00:00,17,10,30,17,0,310,555,RD901,43.61222,1.3865,Plein jour,Hors agglomération,Hors intersection,Normale,Trois véhicules et plus - en chaîne,,,,,,,,,,,1,1,1,1.0,4.0
201700025001,0017-10-31 12:45:00,17,10,31,12,45,310,555,"109, AV JULES JULIEN",43.5781,1.45037,Plein jour,En agglomération,Hors intersection,Normale,Deux véhicules - côté,,,,,,,,,,,1,2,1,1.0,3.0
201700025002,0017-10-27 16:25:00,17,10,27,16,25,310,555,"69, BD LAZARE CARNOT",43.6047,1.44949,Plein jour,En agglomération,Hors intersection,Normale,Deux véhicules - côté,,,,,,,,,,,1,2,1,1.0,3.0
201700025003,0017-11-02 12:05:00,17,11,2,12,5,310,555,"171, AV DES ETATS UNIS",43.63786,1.42983,Plein jour,En agglomération,Hors intersection,Normale,Deux véhicules - côté,,,,,,,,,,,1,2,1,1.0,3.0
201700025004,0017-11-03 12:05:00,17,11,3,12,5,310,149,"999, RD POINT DE LA MEDI",43.61316,1.33179,Plein jour,En agglomération,Hors intersection,Normale,Autre collision,,,,,,,,,,,1,2,1,1.0,6.0
201700025005,0017-11-03 09:05:00,17,11,3,9,5,310,555,"376, RTE DE SAINT SIMON",43.59024,1.41646,Plein jour,En agglomération,Hors intersection,Normale,Deux véhicules - côté,,,,,,,,,,,1,2,1,1.0,3.0
201700025006,0017-11-03 18:30:00,17,11,3,18,30,310,555,"7, RUE DES CHAMPS ELYSEE",43.61343,1.45754,Nuit avec éclairage allumé,En agglomération,Hors intersection,Normale,Deux véhicules - côté,,,,,,,,,,,5,2,1,1.0,3.0
201700025007,0017-11-03 19:00:00,17,11,3,19,0,310,555,"999, VA008482 A624",43.60455,1.39948,Nuit avec éclairage allumé,Hors agglomération,Hors intersection,Normale,Deux véhicules - arrière,,,,,,,,,,,5,1,1,1.0,2.0
201700025008,0017-11-04 00:25:00,17,11,4,0,25,310,555,"999, RUE DES CHANGES",43.6015,1.44364,Nuit avec éclairage allumé,En agglomération,Intersection en X,Normale,Deux véhicules - côté,,,,,,,,,,,5,2,2,1.0,3.0
201700025009,0017-11-04 11:10:00,17,11,4,11,10,310,555,"169, RTE DE BAYONNE",43.60882,1.37992,Plein jour,En agglomération,Hors intersection,Normale,Autre collision,,,,,,,,,,,1,2,1,1.0,6.0
201700025010,0017-11-05 01:00:00,17,11,5,1,0,310,555,"122, AV FREDERIC ESTEBE",43.62598,1.43717,Nuit avec éclairage allumé,En agglomération,Hors intersection,Normale,Deux véhicules - arrière,,,,,,,,,,,5,2,1,1.0,2.0
201700025011,0017-11-05 06:05:00,17,11,5,6,5,310,555,"164, RTE DE REVEL",43.57181,1.4967,Nuit sans éclairage public,En agglomération,Hors intersection,Normale,Deux véhicules - arrière,,,,,,,,,,,3,2,1,1.0,2.0
201700025012,0017-11-06 17:20:00,17,11,6,17,20,310,555,"361, AV DES ETATS UNIS",43.66167,1.41648,Nuit avec éclairage allumé,En agglomération,Intersection en X,Normale,Deux véhicules - côté,,,,,,,,,,,5,2,2,1.0,3.0
201700025013,0017-11-07 12:15:00,17,11,7,12,15,310,555,"999, VA008482 A624",43.61136,1.38193,Plein jour,Hors agglomération,Hors intersection,Normale,Deux véhicules - arrière,,,,,,,,,,,1,1,1,1.0,2.0
201700025014,0017-11-07 22:00:00,17,11,7,22,0,310,555,VA007553 A61,43.5853,1.49646,Nuit avec éclairage non allumé,Hors agglomération,Hors intersection,Normale,Sans collision,,,,,,,,,,,4,1,1,1.0,7.0
201700025015,0017-11-07 16:45:00,17,11,7,16,45,310,149,"999, PIBRAC (ROUTE DE)",43.61351,1.30691,Plein jour,En agglomération,Hors intersection,Normale,Trois véhicules et plus - en chaîne,,,,,,,,,,,1,2,1,1.0,4.0
201700025016,0017-11-07 18:10:00,17,11,7,18,10,310,555,VA007331 A620,43.57061,1.43214,Nuit avec éclairage non allumé,Hors agglomération,Hors intersection,Normale,Deux véhicules - arrière,,,,,,,,,,,4,1,1,1.0,2.0
201700025017,0017-11-08 09:15:00,17,11,8,9,15,310,555,"57, BD DEODAT DE SEVERAC",43.58789,1.42426,Plein jour,En agglomération,Hors intersection,Normale,Deux véhicules - côté,,,,,,,,,,,1,2,1,1.0,3.0
201700025018,0017-11-08 18:00:00,17,11,8,18,0,310,555,"999, RTE DE SAINT SIMON",43.58578,1.40374,Nuit sans éclairage public,En agglomération,Hors intersection,Pluie légère,Deux véhicules - côté,,,,,,,,,,,3,2,1,2.0,3.0
201700025019,0017-11-08 18:30:00,17,11,8,18,30,310,555,"999, RTE DE NARBONNE",43.56982,1.45558,Nuit avec éclairage allumé,En agglomération,Hors intersection,Pluie légère,Deux véhicules - côté,,,,,,,,,,,5,2,1,2.0,3.0
201700025020,0017-11-08 17:45:00,17,11,8,17,45,310,149,"999, OUEST (BOULEVARD DE",43.60918,1.32633,Nuit avec éclairage allumé,En agglomération,Giratoire,Pluie légère,Deux véhicules - côté,,,,,,,,,,,5,2,6,2.0,3.0
201700025021,0017-11-08 18:17:00,17,11,8,18,17,310,555,"999, AV DE LARDENNE",43.59357,1.40773,Nuit sans éclairage public,En agglomération,Hors intersection,Normale,Deux véhicules - arrière,,,,,,,,,,,3,2,1,1.0,2.0
201700025022,0017-11-07 19:55:00,17,11,7,19,55,310,555,"999, AV DE REYNERIE",43.57426,1.40533,Nuit avec éclairage allumé,En agglomération,Hors intersection,Normale,Deux véhicules - arrière,,,,,,,,,,,5,2,1,1.0,2.0
201700025023,0017-11-10 07:15:00,17,11,10,7,15,310,555,"999, RUE DU BEARNAIS",43.60911,1.42766,Crépuscule ou aube,En agglomération,Hors intersection,Normale,Deux véhicules - côté,,,,,,,,,,,2,2,1,1.0,3.0
201700025024,0017-11-10 15:15:00,17,11,10,15,15,310,555,VA007473 A62,43.6466,1.44561,Plein jour,Hors agglomération,Hors intersection,Normale,Deux véhicules - arrière,,,,,,,,,,,1,1,1,1.0,2.0
201700025025,0017-11-11 02:10:00,17,11,11,2,10,310,555,"999, AV DU GENERAL EISEN",43.55019,1.4173,Nuit sans éclairage public,En agglomération,Hors intersection,Pluie légère,Autre collision,,,,,,,,,,,3,2,1,2.0,6.0
201700025026,0017-11-11 15:40:00,17,11,11,15,40,310,555,"999, RUE HENRI DESBALS",43.58134,1.4134,Plein jour,En agglomération,Intersection en X,Normale,Deux véhicules - côté,,,,,,,,,,,1,2,2,1.0,3.0
201700025027,0017-11-12 07:30:00,17,11,12,7,30,310,555,"52, CHE DE GABARDIE",43.63262,1.48209,Crépuscule ou aube,En agglomération,Hors intersection,Pluie légère,Autre collision,,,,,,,,,,,2,2,1,2.0,6.0
201700025028,0017-11-12 17:20:00,17,11,12,17,20,310,555,VA007331 A620,43.60923,1.41259,Crépuscule ou aube,Hors agglomération,Hors intersection,Pluie légère,Trois véhicules et plus - en chaîne,,,,,,,,,,,2,1,1,2.0,4.0
201700025029,0017-11-09 18:45:00,17,11,9,18,45,310,557,"999, PEYRETTE (CH DE LA)",43.5816,1.29728,Nuit avec éclairage allumé,En agglomération,Hors intersection,Normale,Deux véhicules - côté,,,,,,,,,,,5,2,1,1.0,3.0
201700025030,0017-11-13 07:25:00,17,11,13,7,25,310,555,"999, ALL PAUL FEUGA",43.59301,1.44441,Plein jour,En agglomération,Intersection en X,Normale,Deux véhicules - côté,,,,,,,,,,,1,2,2,1.0,3.0
201700025031,0017-11-13 12:47:00,17,11,13,12,47,310,555,"999, ALL JULES GUESDE",43.59542,1.45119,Plein jour,En agglomération,Hors intersection,Normale,Deux véhicules - frontale,,,,,,,,,,,1,2,1,1.0,1.0
201700025032,0017-11-13 16:40:00,17,11,13,16,40,310,555,"230, RTE DE REVEL",43.56806,1.50517,Plein jour,En agglomération,Hors intersection,Normale,Autre collision,,,,,,,,,,,1,2,1,1.0,6.0
201700025033,0017-11-13 18:47:00,17,11,13,18,47,310,555,VA007331 A620,43.63915,1.42123,Nuit avec éclairage allumé,Hors agglomération,Hors intersection,Normale,Deux véhicules - arrière,,,,,,,,,,,5,1,1,1.0,2.0
201700025034,0017-11-14 07:30:00,17,11,14,7,30,310,149,"999, ingres (auguste)",43.59606,1.34917,Crépuscule ou aube,En agglomération,Hors intersection,Normale,Autre collision,,,,,,,,,,,2,2,1,1.0,6.0
201700025035,0017-11-14 17:00:00,17,11,14,17,0,310,555,"123, RTE DE REVEL",43.5721,1.49655,Crépuscule ou aube,En agglomération,Hors intersection,Normale,Deux véhicules - côté,,,,,,,,,,,2,2,1,1.0,3.0
201700025036,0017-11-14 18:40:00,17,11,14,18,40,310,555,", VA007342 LA CEPIERE  A",43.5831,1.40406,Crépuscule ou aube,Hors agglomération,Hors intersection,Normale,Trois véhicules et plus - en chaîne,,,,,,,,,,,2,1,1,1.0,4.0
201700025037,0017-11-15 12:45:00,17,11,15,12,45,310,555,"999, BD DEODAT DE SEVERA",43.59049,1.42021,Plein jour,En agglomération,Intersection en X,Normale,Deux véhicules - côté,,,,,,,,,,,1,2,2,1.0,3.0
201700025038,0017-11-15 10:10:00,17,11,15,10,10,310,555,"999, RECOLLETS (BD DES)",45.5839,1.44415,Plein jour,En agglomération,Hors intersection,Normale,Autre collision,,,,,,,,,,,1,2,1,1.0,6.0
201700025039,0017-11-16 09:45:00,17,11,16,9,45,310,555,"999, JUIN (BD DU MARECHA",43.59012,1.44121,Plein jour,En agglomération,Hors intersection,Normale,Deux véhicules - côté,,,,,,,,,,,1,2,1,1.0,3.0
201700025040,0017-11-16 12:30:00,17,11,16,12,30,310,555,"999, CHE FERRO LEBRES",43.58517,1.37272,Plein jour,En agglomération,Hors intersection,Normale,Deux véhicules - frontale,,,,,,,,,,,1,2,1,1.0,1.0
201700025041,0017-11-17 00:10:00,17,11,17,0,10,310,555,VA007518 A68,43.63867,1.48516,Nuit avec éclairage allumé,Hors agglomération,Hors intersection,Normale,Deux véhicules - arrière,,,,,,,,,,,5,1,1,1.0,2.0
201700025042,0017-11-17 01:40:00,17,11,17,1,40,310,555,"67, NARBONNE (ROUTE DE)",43.56972,1.45557,Nuit avec éclairage allumé,En agglomération,Hors intersection,Normale,Autre collision,,,,,,,,,,,5,2,1,1.0,6.0
201700025043,0017-11-17 08:05:00,17,11,17,8,5,310,149,RN124,43.60468,1.3987,Plein jour,Hors agglomération,Hors intersection,Normale,Deux véhicules - arrière,,,,,,,,,,,1,1,1,1.0,2.0
201700025044,0017-11-17 10:15:00,17,11,17,10,15,310,555,"999, AV DE GRANDE BRETAG",43.59795,1.41989,Plein jour,En agglomération,Giratoire,Normale,Deux véhicules - côté,,,,,,,,,,,1,2,6,1.0,3.0
201700025045,0017-11-19 15:20:00,17,11,19,15,20,310,555,"999, BOULINGRIN (ROND PO",43.59595,1.45112,Plein jour,En agglomération,Hors intersection,Normale,Autre collision,,,,,,,,,,,1,2,1,1.0,6.0
201700025046,0017-11-19 15:25:00,17,11,19,15,25,310,149,"999, MITTERAND (ESPLANAD",43.60606,1.33582,Plein jour,En agglomération,Hors intersection,Normale,Autre collision,,,,,,,,,,,1,2,1,1.0,6.0
201700025047,0017-11-21 08:25:00,17,11,21,8,25,310,555,"999, VA007331 A620",43.65298,1.425,Plein jour,Hors agglomération,Hors intersection,Normale,Deux véhicules - arrière,,,,,,,,,,,1,1,1,1.0,2.0
201700025048,0017-11-21 09:15:00,17,11,21,9,15,310,555,VA007331 A620,43.55956,1.48965,Plein jour,Hors agglomération,Hors intersection,Normale,Trois véhicules et plus - en chaîne,,,,,,,,,,,1,1,1,1.0,4.0
201700025049,0017-11-21 14:45:00,17,11,21,14,45,310,555,VA008482 A624,43.60903,1.35641,Plein jour,Hors agglomération,Hors intersection,Normale,Deux véhicules - arrière,,,,,,,,,,,1,1,1,1.0,2.0
201700025050,0017-11-22 19:10:00,17,11,22,19,10,310,555,"999, CHE DES IZARDS",43.63799,1.4442,Nuit avec éclairage allumé,En agglomération,Hors intersection,Normale,Deux véhicules - côté,,,,,,,,,,,5,2,1,1.0,3.0
201700025051,0017-11-23 07:40:00,17,11,23,7,40,310,555,"999, AV JEAN RIEUX",43.5979,1.45794,Crépuscule ou aube,En agglomération,Intersection en T,Normale,Deux véhicules - frontale,,,,,,,,,,,2,2,3,1.0,1.0
201700025052,0017-11-23 20:00:00,17,11,23,20,0,310,555,"999, BONNAT (RUE) DU 1AU",43.57458,1.45909,Nuit avec éclairage allumé,En agglomération,Intersection en T,Normale,Deux véhicules - côté,,,,,,,,,,,5,2,3,1.0,3.0
201700025053,0017-11-23 08:20:00,17,11,23,8,20,310,555,"999, AV DE REYNERIE",43.57525,1.40603,Plein jour,En agglomération,Hors intersection,Normale,Deux véhicules - côté,,,,,,,,,,,1,2,1,1.0,3.0
201700025054,0017-11-24 06:00:00,17,11,24,6,0,310,555,"130, AV DE LARDENNE",43.59328,1.39342,Nuit avec éclairage allumé,En agglomération,Hors intersection,Pluie légère,Deux véhicules - côté,,,,,,,,,,,5,2,1,2.0,3.0
201700025055,0017-11-24 13:45:00,17,11,24,13,45,310,555,"02, RIMBAUD (RUE ARTHUR)",43.63372,1.43796,Plein jour,En agglomération,Hors intersection,Normale,Deux véhicules - côté,,,,,,,,,,,1,2,1,1.0,3.0
201700025056,0017-11-24 17:45:00,17,11,24,17,45,310,555,VA007331 A620,43.57242,1.45581,Nuit avec éclairage allumé,Hors agglomération,Hors intersection,Normale,Trois véhicules et plus - en chaîne,,,,,,,,,,,5,1,1,1.0,4.0
201700025057,0017-11-25 03:00:00,17,11,25,3,0,310,555,"999, CHE DE LA LOGE",43.57104,1.43697,Nuit avec éclairage allumé,En agglomération,Hors intersection,Normale,Autre collision,,,,,,,,,,,5,2,1,1.0,6.0
201700025058,0017-11-26 06:30:00,17,11,26,6,30,310,555,"270, RTE DE REVEL",43.56666,1.50907,Nuit avec éclairage allumé,En agglomération,Hors intersection,Normale,Sans collision,,,,,,,,,,,5,2,1,1.0,7.0
201700025059,0017-11-26 12:50:00,17,11,26,12,50,310,555,"274, AV DE GRANDE BRETAG",43.60351,1.40742,Plein jour,En agglomération,Hors intersection,Normale,Deux véhicules - côté,,,,,,,,,,,1,2,1,1.0,3.0
201700025060,0017-11-26 14:35:00,17,11,26,14,35,310,555,"344, AV DES ETATS UNIS",43.65823,1.41961,Plein jour,En agglomération,Hors intersection,Normale,Deux véhicules - arrière,,,,,,,,,,,1,2,1,1.0,2.0
201700025061,0017-11-26 16:20:00,17,11,26,16,20,310,555,"57, RTE D ESPAGNE",43.57449,1.42414,Plein jour,En agglomération,Hors intersection,Normale,Deux véhicules - côté,,,,,,,,,,,1,2,1,1.0,3.0
201700025062,0017-11-27 16:00:00,17,11,27,16,0,310,555,"226, RTE D ESPAGNE",43.54626,1.41871,Plein jour,En agglomération,Hors intersection,Normale,Trois véhicules et plus - en chaîne,,,,,,,,,,,1,2,1,1.0,4.0
201700025063,0017-11-27 20:38:00,17,11,27,20,38,310,555,"999, RUE DU POLE",43.64735,1.42012,Nuit avec éclairage allumé,Hors agglomération,Hors intersection,Normale,Deux véhicules - arrière,,,,,,,,,,,5,1,1,1.0,2.0
201700025064,0017-11-28 18:30:00,17,11,28,18,30,310,555,"51, RTE D AGDE",43.62448,1.47468,Nuit avec éclairage allumé,En agglomération,Hors intersection,Normale,Autre collision,,,,,,,,,,,5,2,1,1.0,6.0
201700025065,0017-11-29 16:10:00,17,11,29,16,10,310,555,"999, VA008493 LA CRABE A",43.61001,1.37393,Plein jour,Hors agglomération,Hors intersection,Normale,Deux véhicules - arrière,,,,,,,,,,,1,1,1,1.0,2.0
201700025066,0017-11-30 18:05:00,17,11,30,18,5,310,555,"999, AV MAURICE HAURIOU",43.59325,1.44294,Nuit avec éclairage allumé,En agglomération,Hors intersection,Normale,Deux véhicules - côté,,,,,,,,,,,5,2,1,1.0,3.0
201700025067,0017-11-30 18:55:00,17,11,30,18,55,310,555,"999, RTE D ESPAGNE",43.57211,1.42424,Nuit avec éclairage allumé,En agglomération,Hors intersection,Normale,Deux véhicules - côté,,,,,,,,,,,5,2,1,1.0,3.0
201700025068,0017-11-30 19:20:00,17,11,30,19,20,310,69,"999, A621 SAINT MICHEL D",43.62678,1.38421,Nuit avec éclairage allumé,Hors agglomération,Hors intersection,Normale,Trois véhicules et plus - en chaîne,,,,,,,,,,,5,1,1,1.0,4.0
201700025069,0017-12-01 07:15:00,17,12,1,7,15,310,555,"42 BIS, AV M BOURGES MAU",43.63793,1.45278,Crépuscule ou aube,En agglomération,Hors intersection,Normale,Deux véhicules - arrière,,,,,,,,,,,2,2,1,1.0,2.0
201700025070,0017-12-01 12:00:00,17,12,1,12,0,310,149,"999, RN124",43.6092,1.35864,Plein jour,Hors agglomération,Hors intersection,Normale,Deux véhicules - arrière,,,,,,,,,,,1,1,1,1.0,2.0
201700025071,0017-12-01 13:00:00,17,12,1,13,0,310,555,"29, BD LASCROSSES",43.60984,1.4336,Plein jour,En agglomération,Hors intersection,Normale,Deux véhicules - côté,,,,,,,,,,,1,2,1,1.0,3.0
201700025072,0017-12-01 19:00:00,17,12,1,19,0,310,555,"18, BD DE STRASBOURG",43.60721,1.44715,Nuit avec éclairage allumé,En agglomération,Hors intersection,Pluie légère,Autre collision,,,,,,,,,,,5,2,1,2.0,6.0
201700025073,0017-12-02 02:15:00,17,12,2,2,15,310,555,"141, CHE DE FENOUILLET",43.6547,1.41168,Nuit sans éclairage public,En agglomération,Hors intersection,Normale,Autre collision,,,,,,,,,,,3,2,1,1.0,6.0
201700025074,0017-12-02 13:35:00,17,12,2,13,35,310,555,"174, AV DES ETATS UNIS",43.63966,1.4293,Plein jour,En agglomération,Autre intersection,Normale,Deux véhicules - côté,,,,,,,,,,,1,2,9,1.0,3.0
201700025075,0017-12-02 16:20:00,17,12,2,16,20,310,555,"999, CHE DES SAUGES",43.55315,1.46704,Plein jour,En agglomération,Intersection en X,Normale,Deux véhicules - côté,,,,,,,,,,,1,2,2,1.0,3.0
201700025076,0017-12-02 17:40:00,17,12,2,17,40,310,555,"999, ECHANGEUR ST MARTIN",43.6112,1.38253,Nuit avec éclairage allumé,Hors agglomération,Hors intersection,Normale,Deux véhicules - côté,,,,,,,,,,,5,1,1,1.0,3.0
201700025077,0017-12-04 08:39:00,17,12,4,8,39,310,557,"48, AURIOL (BD VINCENT)",43.58774,1.35134,Plein jour,En agglomération,Hors intersection,Normale,Deux véhicules - côté,,,,,,,,,,,1,2,1,1.0,3.0
201700025078,0017-12-04 15:00:00,17,12,4,15,0,310,555,"999, AV DE LYON",43.61413,1.45095,Plein jour,En agglomération,Hors intersection,Normale,Autre collision,,,,,,,,,,,1,2,1,1.0,6.0
201700025079,0017-12-04 16:00:00,17,12,4,16,0,310,555,"999, RUE HENRI VALLEE",43.57438,1.4623,Plein jour,En agglomération,Intersection en T,Normale,Autre collision,,,,,,,,,,,1,2,3,1.0,6.0
201700025080,0017-12-02 03:50:00,17,12,2,3,50,310,555,"999, VA007386 Fil d'Aria",43.61163,1.38632,Nuit avec éclairage non allumé,Hors agglomération,Hors intersection,Normale,Sans collision,,,,,,,,,,,4,1,1,1.0,7.0
201700025081,0017-12-05 20:30:00,17,12,5,20,30,310,555,"66, AV DES ETATS UNIS",43.6302,1.43262,Nuit avec éclairage allumé,En agglomération,Hors intersection,Normale,Deux véhicules - côté,,,,,,,,,,,5,2,1,1.0,3.0
201700025082,0017-12-06 17:14:00,17,12,6,17,14,310,555,"164, CHE DE NICOL",43.63546,1.46464,Crépuscule ou aube,En agglomération,Hors intersection,Normale,Autre collision,,,,,,,,,,,2,2,1,1.0,6.0