accident_id,datetime,annee,mois,jour,heure,minute,departement,commune_insee,adresse,latitude,longitude,luminosite,agglomeration,intersection,meteo,collision,nb_vehicules,nb_usagers,nb_indemnes,nb_tues,nb_blesses_hosp,nb_blesses_legers,age_cond_1,age_cond_2,veh_type_cond_1,veh_type_cond_2,lum_code,agg_code,int_code,atm_code,col_code
201700025445,0017-06-29 18:55:00,17,6,29,18,55,310,269,D19 - LIEUDIT LE MOULIN,43.49413,1.22916,Plein jour,Hors agglomération,Hors intersection,Normale,Sans collision,,,,,,,,,,,1,1,1,1.0,7.0
201700025446,0017-06-23 20:45:00,17,6,23,20,45,310,65,D28,43.38483,1.17188,Plein jour,Hors agglomération,Hors intersection,Normale,Deux véhicules - côté,,,,,,,,,,,1,1,1,1.0,3.0
201700025447,0017-07-25 00:10:00,17,7,25,0,10,310,547,2100 route de labastidet,43.49002,1.2858,Nuit sans éclairage public,Hors agglomération,Hors intersection,Normale,Autre collision,,,,,,,,,,,3,1,1,1.0,6.0
201700025448,0017-07-25 18:05:00,17,7,25,18,5,310,454,Départementale 3 / Chemi,43.4158,1.12722,Plein jour,Hors agglomération,Intersection en X,Normale,Deux véhicules - côté,,,,,,,,,,,1,1,2,1.0,3.0
201700025449,0017-07-31 15:30:00,17,7,31,15,30,310,65,D28 - Route de Rieumes,43.38227,1.17517,Plein jour,Hors agglomération,Hors intersection,Normale,Deux véhicules - côté,,,,,,,,,,,1,1,1,1.0,3.0
201700025450,0017-12-09 19:15:00,17,12,9,19,15,310,65,"Départementale 23, PK 33",43.37778,1.17419,Nuit sans éclairage public,Hors agglomération,Hors intersection,Pluie légère,Sans collision,,,,,,,,,,,3,1,1,2.0,7.0
201700025451,0017-02-09 08:00:00,17,2,9,8,0,310,340,Route des Crêtes,43.50179,1.48339,Plein jour,Hors agglomération,Hors intersection,Autre,Autre collision,,,,,,,,,,,1,1,1,9.0,6.0
201700025452,0017-06-17 11:35:00,17,6,17,11,35,310,259,avenue des pyrénées,43.50401,1.41197,Plein jour,En agglomération,Intersection en T,Temps éblouissant,Deux véhicules - côté,,,,,,,,,,,1,2,3,7.0,3.0
201700025453,0017-12-02 19:00:00,17,12,2,19,0,310,113,3 rue pierre boissin,43.5166,1.5065,Nuit avec éclairage allumé,En agglomération,Hors intersection,Normale,Deux véhicules - côté,,,,,,,,,,,5,2,1,1.0,3.0
201700025454,0017-01-09 07:45:00,17,1,9,7,45,420,338,D17,46.08147,4.11867,Crépuscule ou aube,Hors agglomération,Hors intersection,Normale,Deux véhicules - frontale,,,,,,,,,,,2,1,1,1.0,1.0
201700025455,0017-02-26 05:20:00,17,2,26,5,20,420,161,D9,45.97417,4.14653,Nuit sans éclairage public,Hors agglomération,Hors intersection,Normale,Autre collision,,,,,,,,,,,3,1,1,1.0,6.0
201700025456,0017-03-16 17:00:00,17,3,16,17,0,420,74,Lieu dit Jean Denis,46.08236,4.16835,Plein jour,Hors agglomération,Hors intersection,Normale,Deux véhicules - frontale,,,,,,,,,,,1,1,1,1.0,1.0
201700025457,0017-03-28 23:45:00,17,3,28,23,45,420,239,LA BRUYÈRE,45.97948,3.99998,Nuit sans éclairage public,Hors agglomération,Hors intersection,Normale,Autre collision,,,,,,,,,,,3,1,1,1.0,6.0
201700025458,0017-04-20 18:00:00,17,4,20,18,0,420,120,les olmes,45.992,3.99024,Plein jour,Hors agglomération,Intersection en X,Normale,Deux véhicules - côté,,,,,,,,,,,1,1,2,1.0,3.0
201700025459,0017-05-03 07:00:00,17,5,3,7,0,420,239,D202 / D8,45.96248,3.97951,Plein jour,Hors agglomération,Intersection en X,Temps couvert,Deux véhicules - côté,,,,,,,,,,,1,1,2,8.0,3.0
201700025460,0017-05-11 07:50:00,17,5,11,7,50,420,70,le dit fouet,45.95515,4.07477,Plein jour,Hors agglomération,Hors intersection,Normale,Sans collision,,,,,,,,,,,1,1,1,1.0,7.0
201700025461,0017-05-25 17:45:00,17,5,25,17,45,420,70,la goutte fronde,45.96898,4.04272,Plein jour,Hors agglomération,Hors intersection,Normale,Autre collision,,,,,,,,,,,1,1,1,1.0,6.0
201700025462,0017-05-30 12:15:00,17,5,30,12,15,420,338,Château de Vougy,46.11695,4.11268,Plein jour,Hors agglomération,Hors intersection,Normale,Autre collision,,,,,,,,,,,1,1,1,1.0,6.0
201700025463,0017-09-21 07:40:00,17,9,21,7,40,420,338,rue de la Croix Verchere,46.10976,4.11871,Crépuscule ou aube,En agglomération,Hors intersection,Normale,Autre collision,,,,,,,,,,,2,2,1,1.0,6.0
201700025464,0017-10-07 06:30:00,17,10,7,6,30,420,68,lachana,46.02695,4.27015,Crépuscule ou aube,Hors agglomération,Hors intersection,Brouillard / fumée,Autre collision,,,,,,,,,,,2,1,1,5.0,6.0
201700025465,0017-10-12 18:15:00,17,10,12,18,15,420,338,Carrefour RD 17 et RD 39,46.07284,4.11903,Plein jour,Hors agglomération,Intersection en X,Normale,Trois véhicules et plus - collisions multiples,,,,,,,,,,,1,1,2,1.0,5.0
201700025466,0017-11-02 16:50:00,17,11,2,16,50,420,338,Carrefour LARREURE (D39,46.07295,4.11887,Plein jour,Hors agglomération,Intersection en X,Normale,Deux véhicules - côté,,,,,,,,,,,1,1,2,1.0,3.0
201700025467,0017-11-10 17:45:00,17,11,10,17,45,420,332,route du HALAGE,46.00881,4.04678,Nuit sans éclairage public,Hors agglomération,Hors intersection,Pluie légère,Deux véhicules - côté,,,,,,,,,,,3,1,1,2.0,3.0
201700025468,0017-11-17 17:50:00,17,11,17,17,50,420,145,LA RENARDIERE,46.0327,4.25038,Nuit sans éclairage public,Hors agglomération,Hors intersection,Normale,Deux véhicules - arrière,,,,,,,,,,,3,1,1,1.0,2.0
201700025469,0017-02-03 08:55:00,17,2,3,8,55,840,137,route départementale 975,44.24909,5.04432,Plein jour,Hors agglomération,Hors intersection,Normale,Trois véhicules et plus - en chaîne,,,,,,,,,,,1,1,1,1.0,4.0
201700025470,0017-03-24 11:50:00,17,3,24,11,50,840,12,CD 21 - route de Sarrian,44.11438,5.007,Plein jour,Hors agglomération,Intersection en T,Pluie légère,Deux véhicules - côté,,,,,,,,,,,1,1,3,2.0,3.0
201700025471,0017-04-12 19:50:00,17,4,12,19,50,840,126,CD 977,44.22035,5.02633,Plein jour,Hors agglomération,Hors intersection,Normale,Sans collision,,,,,,,,,,,1,1,1,1.0,7.0
201700025472,0017-05-25 14:15:00,17,5,25,14,15,840,69,D974,44.16161,5.14166,Plein jour,Hors agglomération,Hors intersection,Normale,Deux véhicules - frontale,,,,,,,,,,,1,1,1,1.0,1.0
201700025473,0017-05-28 07:20:00,17,5,28,7,20,840,126,D 977 - Les Auric,44.22035,5.02633,Plein jour,Hors agglomération,Hors intersection,Normale,Sans collision,,,,,,,,,,,1,1,1,1.0,7.0
201700025474,0017-06-08 11:40:00,17,6,8,11,40,840,96,"point routier 16+500, D9",44.22,4.9802,Plein jour,Hors agglomération,Hors intersection,Normale,Autre collision,,,,,,,,,,,1,1,1,1.0,6.0
201700025475,0017-08-28 13:50:00,17,8,28,13,50,840,15,D974,44.17271,5.22443,Plein jour,Hors agglomération,Hors intersection,Normale,Deux véhicules - côté,,,,,,,,,,,1,1,1,1.0,3.0
201700025476,0017-09-22 21:45:00,17,9,22,21,45,840,116,rd 71,44.26425,5.11914,Nuit sans éclairage public,Hors agglomération,Hors intersection,Normale,Deux véhicules - côté,,,,,,,,,,,3,1,1,1.0,3.0
201700025477,0017-10-08 16:25:00,17,10,8,16,25,840,137,avenue Coneloup,44.22987,5.089,Plein jour,Hors agglomération,Hors intersection,Normale,Deux véhicules - côté,,,,,,,,,,,1,1,1,1.0,3.0
201700025478,0017-10-09 11:00:00,17,10,9,11,0,840,8,CD 938 point routier 16+,44.1506,5.104,Plein jour,Hors agglomération,Hors intersection,Normale,Deux véhicules - frontale,,,,,,,,,,,1,1,1,1.0,1.0
201700025479,0017-10-18 11:40:00,17,10,18,11,40,840,22,Route de Villedieu,44.28312,5.0032,Plein jour,Hors agglomération,Hors intersection,Normale,Sans collision,,,,,,,,,,,1,1,1,1.0,7.0
201700025480,0017-11-01 19:38:00,17,11,1,19,38,840,98,144 Chemin de la Garenne,44.24452,5.0133,Nuit avec éclairage allumé,En agglomération,Hors intersection,Normale,Autre collision,,,,,,,,,,,5,2,1,1.0,6.0
201700025481,0017-11-08 15:30:00,17,11,8,15,30,840,104,route départementale 977,44.19172,5.01464,Plein jour,Hors agglomération,Giratoire,Normale,Deux véhicules - côté,,,,,,,,,,,1,1,6,1.0,3.0
201700025482,0017-12-08 12:45:00,17,12,8,12,45,840,116,D938,44.26051,5.09929,Plein jour,Hors agglomération,Hors intersection,Pluie légère,Deux véhicules - frontale,,,,,,,,,,,1,1,1,2.0,1.0
201700025483,0017-12-08 08:30:00,17,12,8,8,30,840,8,route de carpentras,44.13784,5.10328,Plein jour,Hors agglomération,Hors intersection,Pluie forte,Deux véhicules - frontale,,,,,,,,,,,1,1,1,3.0,1.0
201700025484,0017-12-19 07:35:00,17,12,19,7,35,840,137,avenue de saint quenin,44.24419,5.06727,Plein jour,En agglomération,Intersection en X,Autre,Deux véhicules - frontale,,,,,,,,,,,1,2,2,9.0,1.0
201700025485,0017-04-02 04:30:00,17,4,2,4,30,310,467,avenue de l'industrie,43.70309,1.40074,Nuit avec éclairage allumé,En agglomération,Giratoire,Pluie légère,Sans collision,,,,,,,,,,,5,2,6,2.0,7.0
201700025486,0017-04-17 18:10:00,17,4,17,18,10,310,410,les Moulis,43.71434,1.45608,Plein jour,Hors agglomération,Autre intersection,Normale,Deux véhicules - côté,,,,,,,,,,,1,1,9,1.0,3.0
201700025487,0017-05-02 12:45:00,17,5,2,12,45,310,467,route de fronton,43.69258,1.41313,Plein jour,En agglomération,Hors intersection,Normale,Autre collision,,,,,,,,,,,1,2,1,1.0,6.0
201700025488,0017-05-11 17:40:00,17,5,11,17,40,310,116,27 route de pechbonnieu,43.69535,1.43809,Plein jour,En agglomération,Intersection en X,Normale,Deux véhicules - côté,,,,,,,,,,,1,2,2,1.0,3.0
201700025489,0017-06-09 21:05:00,17,6,9,21,5,310,22,25 pierre et marie curie,43.66191,1.41833,Crépuscule ou aube,En agglomération,Hors intersection,Normale,Deux véhicules - frontale,,,,,,,,,,,2,2,1,1.0,1.0
201700025490,0017-07-03 13:45:00,17,7,3,13,45,310,467,41 route de villemur,43.69065,1.42544,Plein jour,En agglomération,Hors intersection,Normale,Deux véhicules - frontale,,,,,,,,,,,1,2,1,1.0,1.0
201700025491,0017-07-31 21:05:00,17,7,31,21,5,310,116,rue des bordettes,43.69645,1.43016,Crépuscule ou aube,En agglomération,Intersection en T,Normale,Deux véhicules - côté,,,,,,,,,,,2,2,3,1.0,3.0
201700025492,0017-08-23 17:40:00,17,8,23,17,40,310,467,D14C,43.689,1.40505,Plein jour,En agglomération,Hors intersection,Normale,Deux véhicules - côté,,,,,,,,,,,1,2,1,1.0,3.0
201700025493,0017-08-26 16:00:00,17,8,26,16,0,310,282,51 Route de BESSIERES,43.67349,1.44646,Plein jour,En agglomération,Hors intersection,Normale,Deux véhicules - côté,,,,,,,,,,,1,2,1,1.0,3.0
201700025494,0017-09-26 17:05:00,17,9,26,17,5,310,22,44 bis route de FRONTON,43.67079,1.42744,Plein jour,En agglomération,Intersection en T,Normale,Trois véhicules et plus - collisions multiples,,,,,,,,,,,1,2,3,1.0,5.0
201700025495,0017-10-22 11:45:00,17,10,22,11,45,310,273,RD 20,43.71154,1.52448,Plein jour,Hors agglomération,Hors intersection,Normale,Autre collision,,,,,,,,,,,1,1,1,1.0,6.0
201700025496,0017-10-28 11:10:00,17,10,28,11,10,310,282,route de Bessières,43.67439,1.44653,Plein jour,En agglomération,Hors intersection,Normale,Deux véhicules - frontale,,,,,,,,,,,1,2,1,1.0,1.0
201700025497,0017-11-22 17:50:00,17,11,22,17,50,310,282,D15 - Route de Bessières,43.67886,1.44789,Nuit avec éclairage allumé,Hors agglomération,Hors intersection,Normale,Trois véhicules et plus - collisions multiples,,,,,,,,,,,5,1,1,1.0,5.0
201700025498,0017-11-26 16:05:00,17,11,26,16,5,310,116,rue magressolles,43.69286,1.42903,Plein jour,En agglomération,Hors intersection,Temps éblouissant,Autre collision,,,,,,,,,,,1,2,1,7.0,6.0
201700025499,0017-12-19 18:00:00,17,12,19,18,0,310,467,Avenue du 8 mai 1945,43.68789,1.41606,Nuit avec éclairage allumé,En agglomération,Hors intersection,Normale,Deux véhicules - côté,,,,,,,,,,,5,2,1,1.0,3.0
201700025500,0017-12-22 15:45:00,17,12,22,15,45,310,186,chemin des bourdettes,43.67637,1.42763,Plein jour,En agglomération,Intersection en T,Pluie légère,Deux véhicules - côté,,,,,,,,,,,1,2,3,2.0,3.0
201700025501,0017-12-22 19:30:00,17,12,22,19,30,310,282,Avenue des Chalets,43.68174,1.45185,Nuit avec éclairage allumé,En agglomération,Hors intersection,Pluie légère,Deux véhicules - frontale,,,,,,,,,,,5,2,1,2.0,1.0
201700025502,0017-03-07 18:40:00,17,3,7,18,40,760,624,"459, R D'ARQUES",49.88118,1.21553,Plein jour,En agglomération,Intersection en T,Normale,Deux véhicules - côté,,,,,,,,,,,1,2,3,1.0,3.0
201700025503,0017-04-26 23:00:00,17,4,26,23,0,760,590,206 RUE DE LA MAIRIE,49.84546,1.26543,Nuit sans éclairage public,Hors agglomération,Hors intersection,Temps couvert,Sans collision,,,,,,,,,,,3,1,1,8.0,7.0
201700025504,0017-05-07 00:15:00,17,5,7,0,15,760,553,Grande rue de Normandie,49.83012,1.3233,Nuit avec éclairage allumé,En agglomération,Hors intersection,Pluie légère,Sans collision,,,,,,,,,,,5,2,1,2.0,7.0
201700025505,0017-12-21 16:45:00,17,12,21,16,45,760,624,470 RUE ROBERT LE FRANC,49.87696,1.23168,Crépuscule ou aube,En agglomération,Hors intersection,Pluie légère,Deux véhicules - côté,,,,,,,,,,,2,2,1,2.0,3.0
201700025506,0017-01-12 23:30:00,17,1,12,23,30,410,33,20 route de chouzy,47.5546,1.23091,Nuit sans éclairage public,Hors agglomération,Hors intersection,Pluie légère,Autre collision,,,,,,,,,,,3,1,1,2.0,6.0
201700025507,0017-01-14 18:35:00,17,1,14,18,35,410,167,D952,47.48745,1.19123,Nuit sans éclairage public,Hors agglomération,Hors intersection,Pluie légère,Deux véhicules - frontale,,,,,,,,,,,3,1,1,2.0,1.0
201700025508,0017-06-10 06:20:00,17,6,10,6,20,410,29,D173,47.51575,1.2551,Crépuscule ou aube,Hors agglomération,Hors intersection,Normale,Sans collision,,,,,,,,,,,2,1,1,1.0,7.0
201700025509,0017-06-25 16:35:00,17,6,25,16,35,410,35,LE CARREFOUR,47.72735,1.27138,Plein jour,Hors agglomération,Intersection en X,Normale,Deux véhicules - côté,,,,,,,,,,,1,1,2,1.0,3.0
201700025510,0017-08-09 17:20:00,17,8,9,17,20,410,40,,47.65954,1.26494,Plein jour,Hors agglomération,Hors intersection,Normale,Sans collision,,,,,,,,,,,1,1,1,1.0,7.0
201700025511,0017-08-18 10:55:00,17,8,18,10,55,410,91,,47.63674,1.2834,Plein jour,Hors agglomération,Hors intersection,Pluie forte,Deux véhicules - côté,,,,,,,,,,,1,1,1,3.0,3.0
201700025512,0017-09-17 19:30:00,17,9,17,19,30,410,45,LE GRAND MANDRIÉ,47.49051,1.23313,Plein jour,Hors agglomération,Hors intersection,Temps couvert,Autre collision,,,,,,,,,,,1,1,1,8.0,6.0
201700025513,0017-10-04 18:15:00,17,10,4,18,15,410,101,rue de gatine,47.6063,1.14518,Crépuscule ou aube,En agglomération,Hors intersection,Temps éblouissant,Deux véhicules - frontale,,,,,,,,,,,2,2,1,7.0,1.0
201700025514,0017-10-30 07:45:00,17,10,30,7,45,410,230,ROUTE D'HERBAULT,47.60731,1.27323,Crépuscule ou aube,En agglomération,Hors intersection,Normale,Deux véhicules - côté,,,,,,,,,,,2,2,1,1.0,3.0
201700025515,0017-11-02 14:40:00,17,11,2,14,40,410,167,avenue de la république,47.49257,1.18405,Plein jour,En agglomération,Hors intersection,Normale,Deux véhicules - côté,,,,,,,,,,,1,2,1,1.0,3.0
201700025516,0017-12-08 13:15:00,17,12,8,13,15,410,101,RD 32,47.61121,1.1772,Plein jour,Hors agglomération,Hors intersection,Vent fort / tempête,Autre collision,,,,,,,,,,,1,1,1,6.0,6.0
201700025517,0017-01-03 15:40:00,17,1,3,15,40,360,228,16 RUE TOURNEBRIDE,47.1593,1.56466,Plein jour,En agglomération,Hors intersection,Normale,Autre collision,,,,,,,,,,,1,2,1,1.0,6.0
201700025518,0017-04-06 08:20:00,17,4,6,8,20,360,68,D922,47.21699,1.76971,Plein jour,Hors agglomération,Hors intersection,Normale,Autre collision,,,,,,,,,,,1,1,1,1.0,6.0
201700025519,0017-05-02 07:15:00,17,5,2,7,15,360,237,,,,Plein jour,Hors agglomération,Hors intersection,Pluie légère,Sans collision,,,,,,,,,,,1,1,1,2.0,7.0
201700025520,0017-05-07 04:40:00,17,5,7,4,40,360,201,LD BELLE CHASSE,46.9732,1.53289,Nuit sans éclairage public,Hors agglomération,Hors intersection,Normale,Autre collision,,,,,,,,,,,3,1,1,1.0,6.0
201700025521,0017-05-27 11:30:00,17,5,27,11,30,360,4,,47.1776,1.81361,Plein jour,Hors agglomération,Intersection en T,Normale,Deux véhicules - arrière,,,,,,,,,,,1,1,3,1.0,2.0
201700025522,0017-06-06 08:35:00,17,6,6,8,35,360,228,,47.1518,1.56288,Plein jour,Hors agglomération,Hors intersection,Normale,Sans collision,,,,,,,,,,,1,1,1,1.0,7.0
201700025523,0017-07-11 18:40:00,17,7,11,18,40,360,34,ROUT DE ST JULIEN,47.25667,1.67628,Plein jour,Hors agglomération,Hors intersection,Normale,Autre collision,,,,,,,,,,,1,1,1,1.0,6.0
201700025524,0017-08-27 14:12:00,17,8,27,14,12,360,24,,46.9956,1.68525,Plein jour,Hors agglomération,Hors intersection,Normale,Sans collision,,,,,,,,,,,1,1,1,1.0,7.0
201700025525,0017-11-30 21:30:00,17,11,30,21,30,360,93,RD 956,46.97318,1.6139,Nuit sans éclairage public,Hors agglomération,Hors intersection,Neige / grêle,Autre collision,,,,,,,,,,,3,1,1,4.0,6.0
201700025526,0017-12-25 20:05:00,17,12,25,20,5,360,13,20 RUE DU CHATEAU,47.05721,1.57304,Nuit avec éclairage allumé,En agglomération,Hors intersection,Brouillard / fumée,Autre collision,,,,,,,,,,,5,2,1,5.0,6.0
201700025527,0017-01-08 18:20:00,17,1,8,18,20,330,9,"2, Av MAL LYAUTEY",44.64445,-1.19555,Nuit avec éclairage allumé,En agglomération,Intersection en T,Normale,Deux véhicules - côté,,,,,,,,,,,5,2,3,1.0,3.0
201700025528,0017-01-25 08:15:00,17,1,25,8,15,330,529,R.DIGNAC / R.14 Juillet,44.63165,-1.14797,Plein jour,En agglomération,Intersection en X,Normale,Autre collision,,,,,,,,,,,1,2,2,1.0,6.0
201700025529,0017-02-06 08:51:00,17,2,6,8,51,330,9,"10, LIBERATION (AVE)",44.65493,-1.15879,Plein jour,En agglomération,Hors intersection,Normale,Autre collision,,,,,,,,,,,1,2,1,1.0,6.0
201700025530,0017-02-09 22:10:00,17,2,9,22,10,330,9,All. Balde / All.Reclus,44.6477,-1.1787,Nuit avec éclairage allumé,En agglomération,Intersection en T,Normale,Deux véhicules - frontale,,,,,,,,,,,5,2,3,1.0,1.0
201700025531,0017-03-13 11:40:00,17,3,13,11,40,330,9,R.ILLYRICUS /R.Jammes,44.66218,-1.17848,Plein jour,En agglomération,Intersection en X,Pluie légère,Autre collision,,,,,,,,,,,1,2,2,2.0,6.0
201700025532,0017-03-29 12:40:00,17,3,29,12,40,330,529,"38, DHEURLE (RUE HENRI)",44.6334,-1.13466,Plein jour,En agglomération,Hors intersection,Normale,Autre collision,,,,,,,,,,,1,2,1,1.0,6.0
201700025533,0017-04-06 17:15:00,17,4,6,17,15,330,529,RD1250 / RD259,44.61344,-1.1519,Plein jour,Hors agglomération,Autre intersection,Normale,Deux véhicules - côté,,,,,,,,,,,1,1,9,1.0,3.0
201700025534,0017-04-22 16:50:00,17,4,22,16,50,330,529,RD 218 / piste 214,44.58721,-1.20397,Plein jour,Hors agglomération,Intersection en T,Normale,Deux véhicules - côté,,,,,,,,,,,1,1,3,1.0,3.0
201700025535,0017-04-22 18:56:00,17,4,22,18,56,330,529,LIGNON (BD LOUIS),,,Plein jour,Hors agglomération,Hors intersection,Normale,Autre collision,,,,,,,,,,,1,1,1,1.0,6.0
201700025536,0017-05-02 09:30:00,17,5,2,9,30,330,529,"3, PRES SALES (RUE DES)",44.63708,-1.15025,Plein jour,En agglomération,Hors intersection,Pluie légère,Trois véhicules et plus - collisions multiples,,,,,,,,,,,1,2,1,2.0,5.0
201700025537,0017-05-06 19:25:00,17,5,6,19,25,330,529,RD218,44.58158,-1.21203,Plein jour,Hors agglomération,Hors intersection,Normale,Deux véhicules - arrière,,,,,,,,,,,1,1,1,1.0,2.0
201700025538,0017-04-16 19:00:00,17,4,16,19,0,330,529,"35, PORT (RUE DU)",44.6361,-1.14452,Plein jour,En agglomération,Hors intersection,Normale,Autre collision,,,,,,,,,,,1,2,1,1.0,6.0
201700025539,0017-06-10 03:10:00,17,6,10,3,10,330,529,CAPTALAT (RUE DU),44.63248,-1.14467,Nuit avec éclairage allumé,En agglomération,Hors intersection,Normale,Autre collision,,,,,,,,,,,5,2,1,1.0,6.0
201700025540,0017-06-10 18:20:00,17,6,10,18,20,330,529,"1, PORT (RUE DU)",44.63321,-1.14505,Plein jour,En agglomération,Hors intersection,Normale,Autre collision,,,,,,,,,,,1,2,1,1.0,6.0
201700025541,0017-06-15 17:30:00,17,6,15,17,30,330,9,"61, LECLERC (BD DU GAL)",44.66019,-1.16778,Plein jour,En agglomération,Hors intersection,Normale,Autre collision,,,,,,,,,,,1,2,1,1.0,6.0
201700025542,0017-06-16 18:50:00,17,6,16,18,50,330,529,"47, LESCA (RUE ANDRE)",44.63748,-1.13683,Plein jour,En agglomération,Hors intersection,Normale,Deux véhicules - frontale,,,,,,,,,,,1,2,1,1.0,1.0
201700025543,0017-06-20 14:50:00,17,6,20,14,50,330,9,R.GUYNEMER / All.FLECHES,44.6546,-1.15717,Plein jour,En agglomération,Intersection en T,Normale,Deux véhicules - côté,,,,,,,,,,,1,2,3,1.0,3.0
201700025544,0017-06-25 23:30:00,17,6,25,23,30,330,529,"., LECLERC (AVE DU GAL)",44.65035,-1.14998,Nuit avec éclairage allumé,En agglomération,Giratoire,Normale,Sans collision,,,,,,,,,,,5,2,6,1.0,7.0
201700025545,0017-07-03 16:50:00,17,7,3,16,50,330,529,"14b, LOUDES (R. GUSTAVE)",44.6228,-1.14754,Plein jour,En agglomération,Hors intersection,Normale,Deux véhicules - côté,,,,,,,,,,,1,2,1,1.0,3.0
201700025546,0017-07-05 11:10:00,17,7,5,11,10,330,529,Rue Lagrua,44.64561,-1.15789,Plein jour,En agglomération,Hors intersection,Normale,Autre collision,,,,,,,,,,,1,2,1,1.0,6.0
201700025547,0017-06-24 23:50:00,17,6,24,23,50,330,529,"36B, Av.De Gaulle",44.63379,-1.13943,Nuit avec éclairage allumé,En agglomération,Hors intersection,Normale,Deux véhicules - arrière,,,,,,,,,,,5,2,1,1.0,2.0
201700025548,0017-07-01 15:55:00,17,7,1,15,55,330,529,RD1250 PR44+952 réel,44.6273,-1.15783,Plein jour,Hors agglomération,Hors intersection,Normale,Autre collision,,,,,,,,,,,1,1,1,1.0,6.0
201700025549,0017-07-17 12:05:00,17,7,17,12,5,330,529,Av MARIOTE/Av Papin,44.60795,-1.12521,Plein jour,Hors agglomération,Intersection en X,Normale,Deux véhicules - côté,,,,,,,,,,,1,1,2,1.0,3.0
201700025550,0017-07-19 10:30:00,17,7,19,10,30,330,529,D804-PistCyc-28+433,44.56703,-1.22881,Plein jour,Hors agglomération,Hors intersection,Normale,Autre collision,,,,,,,,,,,1,1,1,1.0,6.0
201700025551,0017-07-07 08:10:00,17,7,7,8,10,330,9,"13, REGUE BLANQUE (RUE D",44.64956,-1.15387,Plein jour,En agglomération,Hors intersection,Normale,Autre collision,,,,,,,,,,,1,2,1,1.0,6.0
201700025552,0017-07-28 23:40:00,17,7,28,23,40,330,9,RD1250,44.65076,-1.15797,Nuit avec éclairage allumé,En agglomération,Hors intersection,Normale,Autre collision,,,,,,,,,,,5,2,1,1.0,6.0
201700025553,0017-08-14 19:00:00,17,8,14,19,0,330,9,R.DUMORA/R.LANINE,44.66011,-1.17372,Plein jour,En agglomération,Intersection en X,Normale,Deux véhicules - côté,,,,,,,,,,,1,2,2,1.0,3.0
201700025554,0017-08-16 19:10:00,17,8,16,19,10,330,529,RN250,44.6158,-1.14042,Plein jour,Hors agglomération,Hors intersection,Normale,Autre collision,,,,,,,,,,,1,1,1,1.0,6.0
201700025555,0017-08-24 18:30:00,17,8,24,18,30,330,529,D1250,44.62805,-1.15755,Plein jour,Hors agglomération,Autre intersection,Normale,Autre collision,,,,,,,,,,,1,1,9,1.0,6.0
201700025556,0017-09-02 19:26:00,17,9,2,19,26,330,529,RD 259,44.59856,-1.19527,Plein jour,Hors agglomération,Hors intersection,Normale,Autre collision,,,,,,,,,,,1,1,1,1.0,6.0
201700025557,0017-09-23 17:35:00,17,9,23,17,35,330,529,Av PARC DES EXPOSITIONS,44.60399,-1.11207,Plein jour,En agglomération,Hors intersection,Normale,Deux véhicules - frontale,,,,,,,,,,,1,2,1,1.0,1.0
201700025558,0017-09-28 19:50:00,17,9,28,19,50,330,529,Rte Arcachon à Biscaross,44.48155,-1.23602,Crépuscule ou aube,Hors agglomération,Hors intersection,Normale,Autre collision,,,,,,,,,,,2,1,1,1.0,6.0
201700025559,0017-10-08 16:29:00,17,10,8,16,29,330,9,R. COSTE / R. MOULY,44.65396,-1.14442,Plein jour,En agglomération,Intersection en X,Normale,Deux véhicules - côté,,,,,,,,,,,1,2,2,1.0,3.0
201700025560,0017-11-07 13:05:00,17,11,7,13,5,330,529,Bd Miquelots/Sq Jolibois,44.60958,-1.1355,Plein jour,En agglomération,Intersection en X,Normale,Deux véhicules - côté,,,,,,,,,,,1,2,2,1.0,3.0
201700025561,0017-11-04 13:20:00,17,11,4,13,20,330,529,RD250 / RD112,44.6196,-1.13777,Plein jour,Hors agglomération,Giratoire,Normale,Deux véhicules - côté,,,,,,,,,,,1,1,6,1.0,3.0
201700025562,0017-11-10 08:20:00,17,11,10,8,20,330,9,"., DUNES (ALL. DES)",44.65617,-1.17811,Plein jour,En agglomération,Intersection en T,Pluie légère,Deux véhicules - côté,,,,,,,,,,,1,2,3,2.0,3.0
201700025563,0017-01-14 10:50:00,17,1,14,10,50,740,188,,46.2103,6.72813,Plein jour,Hors agglomération,Hors intersection,Neige / grêle,Deux véhicules - côté,,,,,,,,,,,1,1,1,4.0,3.0
201700025564,0017-01-28 19:30:00,17,1,28,19,30,740,191,D902,46.19506,6.68045,Nuit sans éclairage public,Hors agglomération,Hors intersection,Normale,Autre collision,,,,,,,,,,,3,1,1,1.0,6.0
201700025565,0017-03-06 09:15:00,17,3,6,9,15,740,295,lieu dit le Jotty,46.30417,6.61557,Plein jour,Hors agglomération,Hors intersection,Pluie légère,Deux véhicules - frontale,,,,,,,,,,,1,1,1,2.0,1.0
201700025566,0017-03-12 15:21:00,17,3,12,15,21,740,30,Lieu-dit Les Creux,46.29003,6.61471,Plein jour,Hors agglomération,Hors intersection,Normale,Autre collision,,,,,,,,,,,1,1,1,1.0,6.0