accident_id,datetime,annee,mois,jour,heure,minute,departement,commune_insee,adresse,latitude,longitude,luminosite,agglomeration,intersection,meteo,collision,nb_vehicules,nb_usagers,nb_indemnes,nb_tues,nb_blesses_hosp,nb_blesses_legers,age_cond_1,age_cond_2,veh_type_cond_1,veh_type_cond_2,lum_code,agg_code,int_code,atm_code,col_code
201700025685,0017-03-13 12:50:00,17,3,13,12,50,330,281,AVE DE LA SOMME,44.82888,-0.66467,Plein jour,En agglomération,Intersection en X,Temps couvert,Autre collision,,,,,,,,,,,1,2,2,8.0,6.0
201700025686,0017-02-27 23:45:00,17,2,27,23,45,330,63,VLBDE LARMINAT=>POMPIDOU,44.8333,-0.59873,Nuit avec éclairage allumé,En agglomération,Intersection à plus de 4 branches,Pluie légère,Deux véhicules - côté,,,,,,,,,,,5,2,5,2.0,3.0
201700025687,0017-03-22 19:20:00,17,3,22,19,20,330,63,BD GEORGE V =>BAR BEGLES,44.8253,-0.58937,Plein jour,En agglomération,Intersection en T,Normale,Autre collision,,,,,,,,,,,1,2,3,1.0,6.0
201700025688,0017-03-23 20:45:00,17,3,23,20,45,330,63,QUAI DE PALUDATE,44.82943,-0.55479,Nuit sans éclairage public,En agglomération,Intersection en T,Normale,Deux véhicules - côté,,,,,,,,,,,3,2,3,1.0,3.0
201700025689,0017-03-20 15:00:00,17,3,20,15,0,330,200,AVE PASTEUR/V.HUGO,44.8768,-0.67989,Plein jour,En agglomération,Intersection en X,Normale,Deux véhicules - côté,,,,,,,,,,,1,2,2,1.0,3.0
201700025690,0017-03-21 17:10:00,17,3,21,17,10,330,162,R.ANDRE BLANC/BLAHERAUT,44.8785,-0.64137,Plein jour,En agglomération,Intersection en X,Normale,Deux véhicules - côté,,,,,,,,,,,1,2,2,1.0,3.0
201700025691,0017-03-23 08:50:00,17,3,23,8,50,330,281,RUE JARD/RAOUL AMAT,44.843,-0.6395,Plein jour,En agglomération,Intersection en Y,Pluie légère,Deux véhicules - côté,,,,,,,,,,,1,2,4,2.0,3.0
201700025692,0017-03-23 21:05:00,17,3,23,21,5,330,522,RTE DE TOULOUSE/F.SEVENE,44.8076,-0.57349,Nuit avec éclairage allumé,En agglomération,Intersection en T,Normale,Deux véhicules - frontale,,,,,,,,,,,5,2,3,1.0,1.0
201700025693,0017-03-25 21:35:00,17,3,25,21,35,330,63,61BD PDT F.ROOSEVELT,44.8193,-0.57986,Nuit avec éclairage allumé,En agglomération,Hors intersection,Normale,Deux véhicules - arrière,,,,,,,,,,,5,2,1,1.0,2.0
201700025694,0017-03-27 15:00:00,17,3,27,15,0,330,63,VL:FR.SOURDIS>MAL JUIN,44.8343,-0.58855,Plein jour,En agglomération,Intersection en X,Normale,Autre collision,,,,,,,,,,,1,2,2,1.0,6.0
201700025695,0017-03-24 15:05:00,17,3,24,15,5,330,318,25R.CIBOULETTE-RESARAGO1,44.7978,-0.64736,Plein jour,En agglomération,Hors intersection,Normale,Autre collision,,,,,,,,,,,1,2,1,1.0,6.0
201700025696,0017-03-24 07:45:00,17,3,24,7,45,330,281,"18, AVE DU MARECHAL LECL",44.83982,-0.64681,Plein jour,En agglomération,Intersection en T,Normale,Deux véhicules - frontale,,,,,,,,,,,1,2,3,1.0,1.0
201700025697,0017-03-24 08:15:00,17,3,24,8,15,330,162,AV ST-MEDARD/G.TILLON,44.8631,-0.65526,Plein jour,En agglomération,Intersection en T,Normale,Deux véhicules - frontale,,,,,,,,,,,1,2,3,1.0,1.0
201700025698,0017-03-30 17:00:00,17,3,30,17,0,330,63,55/57FONDAUDEGE/CH.GRUET,44.8469,-0.58051,Plein jour,En agglomération,Intersection en T,Normale,Autre collision,,,,,,,,,,,1,2,3,1.0,6.0
201700025699,0017-03-24 00:45:00,17,3,24,0,45,330,281,AVE DE VERDUN/AV G.PERI,44.8413,-0.64441,Nuit avec éclairage allumé,En agglomération,Intersection en T,Normale,Deux véhicules - frontale,,,,,,,,,,,5,2,3,1.0,1.0
201700025700,0017-03-27 18:00:00,17,3,27,18,0,330,281,AV SOMME/MATOSINHOS,44.8306,-0.65767,Plein jour,En agglomération,Giratoire,Normale,Deux véhicules - frontale,,,,,,,,,,,1,2,6,1.0,1.0
201700025701,0017-03-28 13:40:00,17,3,28,13,40,330,522,LIBERATION (CRS DE LA),44.80725,-0.5915,Plein jour,En agglomération,Hors intersection,Normale,Deux véhicules - frontale,,,,,,,,,,,1,2,1,1.0,1.0
201700025702,0017-04-01 15:55:00,17,4,1,15,55,330,63,"A REPUBLIQUE?12,30MVERTE",44.8398,-0.60477,Plein jour,En agglomération,Hors intersection,Normale,Autre collision,,,,,,,,,,,1,2,1,1.0,6.0
201700025703,0017-04-01 22:00:00,17,4,1,22,0,330,63,"9, RUE KLEBER/LAFONTAINE",44.827,-0.57024,Nuit avec éclairage allumé,En agglomération,Intersection en T,Normale,Deux véhicules - frontale,,,,,,,,,,,5,2,3,1.0,1.0
201700025704,0017-03-26 18:35:00,17,3,26,18,35,330,39,ENTRE GIRAT ET M.SEMBAT,44.8205,-0.5401,Plein jour,En agglomération,Hors intersection,Normale,Deux véhicules - frontale,,,,,,,,,,,1,2,1,1.0,1.0
201700025705,0017-03-31 15:40:00,17,3,31,15,40,330,63,JOLIOT-CURIE BRET=>SOUYS,44.8363,-0.55012,Plein jour,En agglomération,Intersection en T,Normale,Deux véhicules - frontale,,,,,,,,,,,1,2,3,1.0,1.0
201700025706,0017-04-03 13:45:00,17,4,3,13,45,330,63,RDPTTASSIGNY/PINS FRANC,44.8583,-0.6233,Plein jour,En agglomération,Intersection en T,Normale,Deux véhicules - frontale,,,,,,,,,,,1,2,3,1.0,1.0
201700025707,0017-04-05 10:45:00,17,4,5,10,45,330,63,BDMALLECLERC/RUEORNANO,44.8314,-0.5983,Plein jour,En agglomération,Intersection en X,Normale,Autre collision,,,,,,,,,,,1,2,2,1.0,6.0
201700025708,0017-03-30 17:30:00,17,3,30,17,30,330,522,AP.PREVOS>PEY-BERLAND,44.8059,-0.60299,Plein jour,En agglomération,Hors intersection,Normale,Autre collision,,,,,,,,,,,1,2,1,1.0,6.0
201700025709,0017-04-03 16:15:00,17,4,3,16,15,330,522,"342, RUE F.SEVENE",44.8074,-0.57457,Plein jour,En agglomération,Hors intersection,Normale,Autre collision,,,,,,,,,,,1,2,1,1.0,6.0
201700025710,0017-04-01 12:25:00,17,4,1,12,25,330,162,EXD1215_A630=>STMEDARD,44.8714,-0.65748,Plein jour,En agglomération,Hors intersection,Normale,Trois véhicules et plus - en chaîne,,,,,,,,,,,1,2,1,1.0,4.0
201700025711,0017-04-06 16:25:00,17,4,6,16,25,330,200,MOTO>ROCADE/VL>STM?DARD,44.8608,-0.69228,Plein jour,Hors agglomération,Intersection en T,Normale,Deux véhicules - côté,,,,,,,,,,,1,1,3,1.0,3.0
201700025712,0017-04-12 15:55:00,17,4,12,15,55,330,63,SOUYS/SEMBAT=>BASTIDE,44.8336,-0.55007,Plein jour,En agglomération,Intersection en T,Normale,Trois véhicules et plus - en chaîne,,,,,,,,,,,1,2,3,1.0,4.0
201700025713,0017-04-10 12:40:00,17,4,10,12,40,330,162,AVE DU TAILLAN-MEDOC,44.87645,-0.64107,Plein jour,En agglomération,Intersection en T,Normale,Deux véhicules - côté,,,,,,,,,,,1,2,3,1.0,3.0
201700025714,0017-04-04 18:55:00,17,4,4,18,55,330,162,AVE DE SAINT-MEDARD,44.86265,-0.65056,Plein jour,En agglomération,Intersection en T,Normale,Deux véhicules - frontale,,,,,,,,,,,1,2,3,1.0,1.0
201700025715,0017-04-06 21:00:00,17,4,6,21,0,330,39,"163/165, BD ALBERT 1ER",44.8132,-0.56327,Nuit avec éclairage allumé,En agglomération,Hors intersection,Normale,Deux véhicules - côté,,,,,,,,,,,5,2,1,1.0,3.0
201700025716,0017-04-06 16:00:00,17,4,6,16,0,330,63,GCLEMENCEAU=>PLGAMBETTA,44.8447,-0.57818,Plein jour,En agglomération,Hors intersection,Normale,Autre collision,,,,,,,,,,,1,2,1,1.0,6.0
201700025717,0017-04-06 11:00:00,17,4,6,11,0,330,63,GIRATOIREPLEUROPEGRDPARC,44.8594,-0.58198,Plein jour,En agglomération,Hors intersection,Normale,Autre collision,,,,,,,,,,,1,2,1,1.0,6.0
201700025718,0017-04-15 21:40:00,17,4,15,21,40,330,281,AVENUE DE PEYCHOTTE,44.82572,-0.62816,Nuit avec éclairage allumé,En agglomération,Intersection en X,Normale,Deux véhicules - frontale,,,,,,,,,,,5,2,2,1.0,1.0
201700025719,0017-04-08 01:25:00,17,4,8,1,25,330,63,R.TAUZIA/RUE DE SAGET,44.8283,-0.55722,Nuit avec éclairage allumé,En agglomération,Intersection en X,Normale,Deux véhicules - côté,,,,,,,,,,,5,2,2,1.0,3.0
201700025720,0017-04-08 02:30:00,17,4,8,2,30,330,63,"47, CRS DE VERDUN",44.8507,-0.57452,Nuit avec éclairage allumé,En agglomération,Hors intersection,Normale,Deux véhicules - frontale,,,,,,,,,,,5,2,1,1.0,1.0
201700025721,0017-04-06 13:40:00,17,4,6,13,40,330,39,R.ALEXISLABRO/PASS LABRO,44.7891,-0.56509,Plein jour,En agglomération,Intersection en Y,Normale,Autre collision,,,,,,,,,,,1,2,4,1.0,6.0
201700025722,0017-04-12 08:20:00,17,4,12,8,20,330,39,RUE DE LA BELLE ROSE,44.81136,-0.54984,Plein jour,En agglomération,Intersection en X,Normale,Deux véhicules - côté,,,,,,,,,,,1,2,2,1.0,3.0
201700025723,0017-04-11 18:15:00,17,4,11,18,15,330,63,"110, RUE LUCIEN FAURE",44.8645,-0.55885,Plein jour,En agglomération,Hors intersection,Normale,Autre collision,,,,,,,,,,,1,2,1,1.0,6.0
201700025724,0017-03-13 18:55:00,17,3,13,18,55,330,63,4M.CRAUSTE ACCES PARKING,44.8359,-0.58784,Plein jour,En agglomération,Hors intersection,Normale,Deux véhicules - frontale,,,,,,,,,,,1,2,1,1.0,1.0
201700025725,0017-04-11 16:10:00,17,4,11,16,10,330,63,PCE DE LA BOURSE,44.84145,-0.57045,Plein jour,En agglomération,Intersection en T,Normale,Autre collision,,,,,,,,,,,1,2,3,1.0,6.0
201700025726,0017-04-17 01:30:00,17,4,17,1,30,330,63,CRS YSER/RUE LAFONTAINE,44.8269,-0.56922,Nuit avec éclairage allumé,En agglomération,Intersection en X,Normale,Deux véhicules - frontale,,,,,,,,,,,5,2,2,1.0,1.0
201700025727,0017-04-07 21:20:00,17,4,7,21,20,330,39,R.FRERE LUMIERE/G.EIFFEL,44.7963,-0.53493,Nuit avec éclairage allumé,En agglomération,Giratoire,Normale,Deux véhicules - frontale,,,,,,,,,,,5,2,6,1.0,1.0
201700025728,0017-04-12 07:05:00,17,4,12,7,5,330,75,VULAROQ>RAVEZI/PIE>LAROQ,44.874,-0.57684,Crépuscule ou aube,En agglomération,Intersection en X,Normale,Autre collision,,,,,,,,,,,2,2,2,1.0,6.0
201700025729,0017-04-12 15:25:00,17,4,12,15,25,330,63,32CRSV.HUGO(-30MMENUTS),44.8357,-0.5678,Plein jour,En agglomération,Hors intersection,Normale,Autre collision,,,,,,,,,,,1,2,1,1.0,6.0
201700025730,0017-04-14 17:15:00,17,4,14,17,15,330,192,VL>SITEUNIVERSITAIRE,44.7888,-0.61226,Plein jour,En agglomération,Intersection en T,Normale,Autre collision,,,,,,,,,,,1,2,3,1.0,6.0
201700025731,0017-04-14 05:30:00,17,4,14,5,30,330,63,"48,ETCHENIQUE/MACCARTHY",44.8435,-0.61512,Nuit avec éclairage allumé,En agglomération,Intersection en T,Normale,Autre collision,,,,,,,,,,,5,2,3,1.0,6.0
201700025732,0017-04-07 09:30:00,17,4,7,9,30,330,281,99/72AV STMEDARD=>ROCADE,44.8624,-0.64571,Plein jour,En agglomération,Hors intersection,Normale,Deux véhicules - frontale,,,,,,,,,,,1,2,1,1.0,1.0
201700025733,0017-04-11 07:50:00,17,4,11,7,50,330,550,138LEOGN-CTREALL-2ABRISB,44.7566,-0.58443,Plein jour,En agglomération,Hors intersection,Normale,Autre collision,,,,,,,,,,,1,2,1,1.0,6.0
201700025734,0017-04-18 12:45:00,17,4,18,12,45,330,63,"9, RUE DOMION CAUD",44.85729,-0.6241,Plein jour,En agglomération,Hors intersection,Normale,Deux véhicules - arrière,,,,,,,,,,,1,2,1,1.0,2.0
201700025735,0017-04-22 01:10:00,17,4,22,1,10,330,63,CRS VICTOR HUGO,44.83494,-0.57374,Nuit avec éclairage allumé,En agglomération,Intersection en T,Normale,Deux véhicules - frontale,,,,,,,,,,,5,2,3,1.0,1.0
201700025736,0017-04-22 21:40:00,17,4,22,21,40,330,63,BD DU PRESIDENT WILSON,44.84542,-0.59879,Nuit avec éclairage allumé,En agglomération,Intersection en Y,Normale,Deux véhicules - arrière,,,,,,,,,,,5,2,4,1.0,2.0
201700025737,0017-04-22 01:30:00,17,4,22,1,30,330,63,"54, RUE LAGRANGE/MANDRON",44.8531,-0.58001,Nuit avec éclairage allumé,En agglomération,Intersection en X,Normale,Deux véhicules - côté,,,,,,,,,,,5,2,2,1.0,3.0
201700025738,0017-04-20 21:10:00,17,4,20,21,10,330,522,VIEILLETOURDIDEROT>LAVOI,44.8147,-0.60065,Crépuscule ou aube,En agglomération,Intersection en X,Normale,Deux véhicules - frontale,,,,,,,,,,,2,2,2,1.0,1.0
201700025739,0017-04-21 16:05:00,17,4,21,16,5,330,63,77CONDILLAC>GRDS HOMMES,44.8445,-0.57777,Plein jour,En agglomération,Hors intersection,Normale,Autre collision,,,,,,,,,,,1,2,1,1.0,6.0
201700025740,0017-04-25 23:00:00,17,4,25,23,0,330,281,DASSAULT (AVE MARCEL),44.84351,-0.67298,Nuit avec éclairage allumé,En agglomération,Intersection en X,Normale,Deux véhicules - frontale,,,,,,,,,,,5,2,2,1.0,1.0
201700025741,0017-05-07 07:30:00,17,5,7,7,30,330,63,LECLERC/MARTIN=>MERIGNAC,44.8312,-0.59824,Plein jour,En agglomération,Intersection en Y,Normale,Autre collision,,,,,,,,,,,1,2,4,1.0,6.0
201700025742,0017-04-22 17:50:00,17,4,22,17,50,330,63,TRAM>CENON/VL>BXCHABRELY,44.8424,-0.5562,Plein jour,En agglomération,Intersection en X,Normale,Deux véhicules - côté,,,,,,,,,,,1,2,2,1.0,3.0
201700025743,0017-04-29 04:59:00,17,4,29,4,59,330,249,AVE DE PARIS - ROC EXT,44.8812,-0.51032,Nuit avec éclairage allumé,En agglomération,Intersection en T,Normale,Autre collision,,,,,,,,,,,5,2,3,1.0,6.0
201700025744,0017-05-02 08:20:00,17,5,2,8,20,330,162,AVE DU MEDOC,44.88014,-0.62766,Plein jour,En agglomération,Intersection en X,Normale,Deux véhicules - côté,,,,,,,,,,,1,2,2,1.0,3.0
201700025745,0017-04-30 03:30:00,17,4,30,3,30,330,63,VL>QUAIS/VELO>GARE,44.8283,-0.55722,Nuit avec éclairage allumé,En agglomération,Intersection en X,Normale,Deux véhicules - côté,,,,,,,,,,,5,2,2,1.0,3.0
201700025746,0017-05-03 20:08:00,17,5,3,20,8,330,522,215CRSGAMBETTA/J.JUILLAC,44.8141,-0.58879,Plein jour,En agglomération,Intersection en Y,Normale,Deux véhicules - frontale,,,,,,,,,,,1,2,4,1.0,1.0
201700025747,0017-05-04 12:08:00,17,5,4,12,8,330,63,33FERMERICHEMTMOBPROJETE,44.8363,-0.57259,Plein jour,En agglomération,Intersection en T,Normale,Autre collision,,,,,,,,,,,1,2,3,1.0,6.0
201700025748,0017-05-06 00:01:00,17,5,6,0,1,330,63,RUE DU PALAIS GALLIEN,44.84265,-0.58143,Nuit avec éclairage allumé,En agglomération,Intersection en X,Normale,Deux véhicules - côté,,,,,,,,,,,5,2,2,1.0,3.0
201700025749,0017-05-07 18:00:00,17,5,7,18,0,330,63,E.VAILLAN/RACCORDEMENT,44.8646,-0.56376,Plein jour,En agglomération,Intersection en X,Normale,Deux véhicules - frontale,,,,,,,,,,,1,2,2,1.0,1.0
201700025750,0017-05-05 13:10:00,17,5,5,13,10,330,63,"27, ALL DE TOURNY",44.8447,-0.57661,Plein jour,En agglomération,Hors intersection,Temps couvert,Autre collision,,,,,,,,,,,1,2,1,8.0,6.0
201700025751,0017-05-05 07:45:00,17,5,5,7,45,330,63,BDJ-CURIE/QUAIS>PTSTJEAN,44.8363,-0.55012,Plein jour,En agglomération,Intersection en T,Normale,Deux véhicules - frontale,,,,,,,,,,,1,2,3,1.0,1.0
201700025752,0017-05-10 10:15:00,17,5,10,10,15,330,63,R.VELODROME/R.GODARD,44.8553,-0.60926,Plein jour,En agglomération,Intersection en X,Normale,Deux véhicules - côté,,,,,,,,,,,1,2,2,1.0,3.0
201700025753,0017-05-09 16:25:00,17,5,9,16,25,330,63,VELO VENANT DE MONTBAZON,44.8384,-0.57947,Plein jour,En agglomération,Intersection en T,Normale,Autre collision,,,,,,,,,,,1,2,3,1.0,6.0
201700025754,0017-05-10 16:15:00,17,5,10,16,15,330,63,JUDAIQUE/MARIONNEAU,44.8412,-0.5867,Plein jour,En agglomération,Intersection en X,Normale,Deux véhicules - côté,,,,,,,,,,,1,2,2,1.0,3.0
201700025755,0017-05-06 09:35:00,17,5,6,9,35,330,550,ALSACELORRAINE/LAMARTINE,44.762,-0.58389,Plein jour,En agglomération,Intersection en X,Normale,Deux véhicules - côté,,,,,,,,,,,1,2,2,1.0,3.0
201700025756,0017-03-28 15:50:00,17,3,28,15,50,330,63,289BD A.DANEY>PL.R.MARAN,44.8718,-0.56179,Plein jour,En agglomération,Hors intersection,Normale,Trois véhicules et plus - en chaîne,,,,,,,,,,,1,2,1,1.0,4.0
201700025757,0017-05-09 20:50:00,17,5,9,20,50,330,522,"552, CRS DE LA LIBERATIO",44.80095,-0.5951,Plein jour,En agglomération,Intersection en T,Normale,Autre collision,,,,,,,,,,,1,2,3,1.0,6.0
201700025758,0017-05-14 14:50:00,17,5,14,14,50,330,63,RUE DE BEGLES/MALBEC,44.8237,-0.56584,Plein jour,En agglomération,Intersection en X,Normale,Deux véhicules - côté,,,,,,,,,,,1,2,2,1.0,3.0
201700025759,0017-05-13 14:30:00,17,5,13,14,30,330,63,50AV 40JOURNAUX/AUCHAN,44.8787,-0.56846,Plein jour,En agglomération,Intersection en T,Normale,Deux véhicules - frontale,,,,,,,,,,,1,2,3,1.0,1.0
201700025760,0017-05-16 07:36:00,17,5,16,7,36,330,63,RUE CHARLES DOMERCQ,44.82734,-0.55638,Plein jour,En agglomération,Intersection en Y,Normale,Deux véhicules - frontale,,,,,,,,,,,1,2,4,1.0,1.0
201700025761,0017-05-12 02:35:00,17,5,12,2,35,330,90,HTLEVEQUE/STIE-A63-26A,44.7784,-0.6463,Nuit avec éclairage allumé,Hors agglomération,Intersection en T,Normale,Deux véhicules - arrière,,,,,,,,,,,5,1,3,1.0,2.0
201700025762,0017-05-12 23:45:00,17,5,12,23,45,330,63,DESCHAMPS>JOLIOT-CURIE,44.8339,-0.55075,Nuit avec éclairage allumé,En agglomération,Intersection en T,Normale,Autre collision,,,,,,,,,,,5,2,3,1.0,6.0
201700025763,0017-05-13 19:10:00,17,5,13,19,10,330,63,VL.A VENANT DE J.JAURES,44.8169,-0.57601,Plein jour,En agglomération,Intersection en X,Normale,Deux véhicules - côté,,,,,,,,,,,1,2,2,1.0,3.0
201700025764,0017-05-13 16:15:00,17,5,13,16,15,330,281,ML LECLERC/SOMME,44.8328,-0.64804,Plein jour,Hors agglomération,Intersection en Y,Normale,Deux véhicules - frontale,,,,,,,,,,,1,1,4,1.0,1.0
201700025765,0017-05-10 10:10:00,17,5,10,10,10,330,162,TAILLAN-MEDOC/B.TRIAT,44.8873,-0.65915,Plein jour,En agglomération,Intersection en X,Normale,Deux véhicules - frontale,,,,,,,,,,,1,2,2,1.0,1.0
201700025766,0017-05-17 12:50:00,17,5,17,12,50,330,63,VL>RDPT TOURNY/PIETON>?,44.8445,-0.57632,Plein jour,En agglomération,Intersection en T,Normale,Autre collision,,,,,,,,,,,1,2,3,1.0,6.0
201700025767,0017-02-17 18:20:00,17,2,17,18,20,330,63,145 AV THIERS=>BORDEAUX,44.8451,-0.55185,Plein jour,En agglomération,Hors intersection,Normale,Trois véhicules et plus - en chaîne,,,,,,,,,,,1,2,1,1.0,4.0
201700025768,0017-05-14 18:00:00,17,5,14,18,0,330,63,"126, AVE CHARLES DE GAUL",44.84987,-0.60353,Plein jour,En agglomération,Hors intersection,Normale,Deux véhicules - frontale,,,,,,,,,,,1,2,1,1.0,1.0
201700025769,0017-05-18 23:30:00,17,5,18,23,30,330,63,GLLARMINAT/PLGAVINIES,44.8333,-0.59418,Nuit avec éclairage allumé,En agglomération,Intersection en X,Pluie légère,Deux véhicules - frontale,,,,,,,,,,,5,2,2,2.0,1.0
201700025770,0017-05-18 20:47:00,17,5,18,20,47,330,281,VLBC>AEROPORT/VLA>CASSIN,44.832,-0.67199,Plein jour,Hors agglomération,Intersection en Y,Normale,Trois véhicules et plus - collisions multiples,,,,,,,,,,,1,1,4,1.0,5.0
201700025771,0017-05-21 04:20:00,17,5,21,4,20,330,63,"08, RUE ESPRIT-DES-LOIS",44.8432,-0.572,Nuit avec éclairage allumé,En agglomération,Hors intersection,Normale,Autre collision,,,,,,,,,,,5,2,1,1.0,6.0
201700025772,0017-05-21 13:00:00,17,5,21,13,0,330,63,BDA.DANEY/IMPCOLSTOUN,44.8717,-0.56202,Plein jour,En agglomération,Intersection en T,Normale,Deux véhicules - frontale,,,,,,,,,,,1,2,3,1.0,1.0
201700025773,0017-05-20 20:25:00,17,5,20,20,25,330,63,JSIMON/FBASTIATMOTOCROSS,44.8428,-0.54699,Plein jour,En agglomération,Intersection en T,Normale,Deux véhicules - côté,,,,,,,,,,,1,2,3,1.0,3.0
201700025774,0017-05-24 05:10:00,17,5,24,5,10,330,318,MOTOCROSS-VHS S/GLECLERC,44.7823,-0.68897,Nuit avec éclairage allumé,En agglomération,Intersection en X,Normale,Deux véhicules - frontale,,,,,,,,,,,5,2,2,1.0,1.0
201700025775,0017-05-27 20:05:00,17,5,27,20,5,330,318,HORLOGEVOIECTRECOM>SAIGE,44.791,-0.63204,Plein jour,En agglomération,Giratoire,Normale,Autre collision,,,,,,,,,,,1,2,6,1.0,6.0
201700025776,0017-05-17 23:35:00,17,5,17,23,35,330,63,FACE50BACALAN>PNTPIERRE,44.8586,-0.55718,Nuit avec éclairage allumé,En agglomération,Hors intersection,Pluie légère,Deux véhicules - arrière,,,,,,,,,,,5,2,1,2.0,2.0
201700025777,0017-05-26 16:51:00,17,5,26,16,51,330,63,"85, QUAI DES CHARTRONS",44.85381,-0.56638,Plein jour,En agglomération,Hors intersection,Normale,Autre collision,,,,,,,,,,,1,2,1,1.0,6.0
201700025778,0017-05-29 19:45:00,17,5,29,19,45,330,281,25 AV DE BEAUDESERT,44.8391,-0.69378,Plein jour,Hors agglomération,Hors intersection,Normale,Deux véhicules - arrière,,,,,,,,,,,1,1,1,1.0,2.0
201700025779,0017-05-22 11:45:00,17,5,22,11,45,330,63,L.FAURE/B.STUTTENBERG,44.8643,-0.55847,Plein jour,En agglomération,Intersection en X,Normale,Deux véhicules - frontale,,,,,,,,,,,1,2,2,1.0,1.0
201700025780,0017-05-20 08:50:00,17,5,20,8,50,330,192,A>GRADIGNAN / Z>BORDEAUX,44.7905,-0.60523,Plein jour,En agglomération,Intersection en T,Normale,Deux véhicules - côté,,,,,,,,,,,1,2,3,1.0,3.0
201700025781,0017-05-22 17:05:00,17,5,22,17,5,330,63,CRSA.BRIAND/PCEVICTOIRE,44.831,-0.57341,Plein jour,En agglomération,Intersection en X,Normale,Autre collision,,,,,,,,,,,1,2,2,1.0,6.0
201700025782,0017-05-23 19:15:00,17,5,23,19,15,330,63,ESPRIT-DES-LOIS/J.JAURES,44.8432,-0.57106,Plein jour,En agglomération,Intersection en X,Normale,Deux véhicules - frontale,,,,,,,,,,,1,2,2,1.0,1.0
201700025783,0017-05-23 19:45:00,17,5,23,19,45,330,318,M.DESBATS/AV GRADIGNAN,44.8042,-0.62562,Plein jour,En agglomération,Intersection en X,Normale,Deux véhicules - côté,,,,,,,,,,,1,2,2,1.0,3.0
201700025784,0017-05-30 21:25:00,17,5,30,21,25,330,63,BDPDTFROOSEVELT/REGIS,44.8183,-0.57813,Plein jour,En agglomération,Intersection en T,Normale,Deux véhicules - côté,,,,,,,,,,,1,2,3,1.0,3.0
201700025785,0017-05-26 03:45:00,17,5,26,3,45,330,249,43AVLIBERATION-PIETOSDF,44.8683,-0.52285,Nuit avec éclairage allumé,En agglomération,Hors intersection,Normale,Autre collision,,,,,,,,,,,5,2,1,1.0,6.0
201700025786,0017-05-22 11:10:00,17,5,22,11,10,330,281,AVE DE LA MARNE,44.83485,-0.62996,Plein jour,En agglomération,Intersection en T,Normale,Deux véhicules - côté,,,,,,,,,,,1,2,3,1.0,3.0
201700025787,0017-06-02 09:50:00,17,6,2,9,50,330,63,VLDENOUAUX/PIET>N?PAIRS,44.8483,-0.59763,Plein jour,En agglomération,Intersection en X,Normale,Autre collision,,,,,,,,,,,1,2,2,1.0,6.0
201700025788,0017-06-01 16:35:00,17,6,1,16,35,330,550,AVE DU MARECHAL LECLERC,44.7812,-0.56814,Plein jour,En agglomération,Intersection en T,Normale,Deux véhicules - frontale,,,,,,,,,,,1,2,3,1.0,1.0
201700025789,0017-06-02 15:00:00,17,6,2,15,0,330,63,55CRS G.CLEMENCEAU,44.8442,-0.57848,Plein jour,En agglomération,Hors intersection,Normale,Deux véhicules - côté,,,,,,,,,,,1,2,1,1.0,3.0
201700025790,0017-06-03 12:00:00,17,6,3,12,0,330,63,VEHICULES>PCE VICTOIRE,44.8317,-0.57338,Plein jour,En agglomération,Intersection en Y,Pluie légère,Trois véhicules et plus - collisions multiples,,,,,,,,,,,1,2,4,2.0,5.0
201700025791,0017-06-05 22:44:00,17,6,5,22,44,330,63,87AV LABARDE/A.FRANCK,44.8792,-0.55226,Nuit avec éclairage allumé,En agglomération,Intersection en T,Normale,Deux véhicules - frontale,,,,,,,,,,,5,2,3,1.0,1.0
201700025792,0017-06-05 22:25:00,17,6,5,22,25,330,119,15AV J.JAURES/MLJOFFRE,44.8539,-0.53744,Plein jour,En agglomération,Hors intersection,Normale,Autre collision,,,,,,,,,,,1,2,1,1.0,6.0
201700025793,0017-06-10 23:30:00,17,6,10,23,30,330,63,RUE DE BEGLES,44.82118,-0.56582,Nuit avec éclairage allumé,En agglomération,Intersection en X,Normale,Deux véhicules - frontale,,,,,,,,,,,5,2,2,1.0,1.0
201700025794,0017-06-11 18:10:00,17,6,11,18,10,330,63,VA>GARE-PIET>N?IMPAIR,44.8298,-0.56805,Plein jour,En agglomération,Intersection en X,Normale,Autre collision,,,,,,,,,,,1,2,2,1.0,6.0
201700025795,0017-06-10 20:28:00,17,6,10,20,28,330,249,4AV PARIS/RUE J.ITEY,44.8682,-0.51276,Plein jour,En agglomération,Intersection en X,Normale,Autre collision,,,,,,,,,,,1,2,2,1.0,6.0
201700025796,0017-06-14 19:45:00,17,6,14,19,45,330,63,392BDPDTWILSON/U.GAYON,44.8532,-0.59403,Plein jour,En agglomération,Intersection en X,Normale,Autre collision,,,,,,,,,,,1,2,2,1.0,6.0
201700025797,0017-06-17 03:05:00,17,6,17,3,5,330,63,189 AV ML LATTRETASSIGNY,44.8554,-0.61435,Nuit avec éclairage allumé,En agglomération,Hors intersection,Normale,Autre collision,,,,,,,,,,,5,2,1,1.0,6.0
201700025798,0017-06-14 15:20:00,17,6,14,15,20,330,281,VA>PAREMPUYRE/VB>L.BLUM,44.8525,-0.64517,Plein jour,En agglomération,Intersection à plus de 4 branches,Normale,Deux véhicules - frontale,,,,,,,,,,,1,2,5,1.0,1.0
201700025799,0017-06-13 16:25:00,17,6,13,16,25,330,75,19RTOURGASSIES>MERIGNAC,44.8811,-0.61584,Plein jour,En agglomération,Hors intersection,Normale,Autre collision,,,,,,,,,,,1,2,1,1.0,6.0
201700025800,0017-06-16 15:59:00,17,6,16,15,59,330,167,CRS GAMBETTA,44.84364,-0.5306,Plein jour,En agglomération,Intersection en Y,Normale,Deux véhicules - frontale,,,,,,,,,,,1,2,4,1.0,1.0
201700025801,0017-06-17 21:30:00,17,6,17,21,30,330,281,"401, VERDUN (AVE DE)",44.8404,-0.64018,Plein jour,En agglomération,Intersection en X,Normale,Deux véhicules - frontale,,,,,,,,,,,1,2,2,1.0,1.0
201700025802,0017-06-21 09:20:00,17,6,21,9,20,330,63,20/27 R.CHATEAU D'EAU,44.8406,-0.58331,Plein jour,En agglomération,Hors intersection,Normale,Autre collision,,,,,,,,,,,1,2,1,1.0,6.0
201700025803,0017-06-22 21:30:00,17,6,22,21,30,330,63,BD DU PRESIDENT WILSON,44.84829,-0.59762,Plein jour,En agglomération,Intersection en X,Normale,Deux véhicules - côté,,,,,,,,,,,1,2,2,1.0,3.0