accident_id,datetime,annee,mois,jour,heure,minute,departement,commune_insee,adresse,latitude,longitude,luminosite,agglomeration,intersection,meteo,collision,nb_vehicules,nb_usagers,nb_indemnes,nb_tues,nb_blesses_hosp,nb_blesses_legers,age_cond_1,age_cond_2,veh_type_cond_1,veh_type_cond_2,lum_code,agg_code,int_code,atm_code,col_code
201700025804,0017-06-26 07:42:00,17,6,26,7,42,330,192,VL ET VELO >MALARTIC,44.779,-0.59468,Crépuscule ou aube,En agglomération,Hors intersection,Normale,Deux véhicules - arrière,,,,,,,,,,,2,2,1,1.0,2.0
201700025805,0017-06-26 09:40:00,17,6,26,9,40,330,63,FAURE/STUTTENBERG/LAWTON,44.8643,-0.55847,Plein jour,En agglomération,Intersection en X,Normale,Deux véhicules - frontale,,,,,,,,,,,1,2,2,1.0,1.0
201700025806,0017-06-26 13:15:00,17,6,26,13,15,330,281,"231, AVE DES EYQUEMS",44.8296,-0.64033,Plein jour,En agglomération,Hors intersection,Normale,Autre collision,,,,,,,,,,,1,2,1,1.0,6.0
201700025807,0017-06-29 18:20:00,17,6,29,18,20,330,281,VU>CHNLONG/2VL>STJDILLAC,44.8137,-0.69023,Plein jour,En agglomération,Hors intersection,Normale,Trois véhicules et plus - collisions multiples,,,,,,,,,,,1,2,1,1.0,5.0
201700025808,0017-06-30 05:50:00,17,6,30,5,50,330,63,VL>RAVESIES/PIETS/GCH-VL,44.8628,-0.55664,Crépuscule ou aube,En agglomération,Hors intersection,Pluie légère,Autre collision,,,,,,,,,,,2,2,1,2.0,6.0
201700025809,0017-06-29 21:30:00,17,6,29,21,30,330,39,"59, AVE JULES GUESDE",44.81081,-0.54911,Nuit avec éclairage allumé,En agglomération,Hors intersection,Pluie légère,Deux véhicules - arrière,,,,,,,,,,,5,2,1,2.0,2.0
201700025810,0017-07-01 21:35:00,17,7,1,21,35,330,63,"249, RUE DE LA BENAUGE",44.8419,-0.54551,Plein jour,En agglomération,Intersection en T,Normale,Autre collision,,,,,,,,,,,1,2,3,1.0,6.0
201700025811,0017-07-01 04:50:00,17,7,1,4,50,330,63,GALLECLERC/STAMAND,44.8553,-0.61396,Nuit avec éclairage allumé,En agglomération,Intersection en X,Autre,Deux véhicules - côté,,,,,,,,,,,5,2,2,9.0,3.0
201700025812,0017-06-30 12:30:00,17,6,30,12,30,330,63,BIRHAKEIM=>STALINGRAD,44.8381,-0.56329,Plein jour,En agglomération,Hors intersection,Pluie forte,Deux véhicules - arrière,,,,,,,,,,,1,2,1,3.0,2.0
201700025813,0017-06-25 22:20:00,17,6,25,22,20,330,69,"46, RUE BAUDIN/C.CAMELLE",44.8635,-0.58688,Nuit avec éclairage allumé,En agglomération,Intersection en T,Normale,Autre collision,,,,,,,,,,,5,2,3,1.0,6.0
201700025814,0017-06-27 13:45:00,17,6,27,13,45,330,550,TOULOUSE=>12J.PAGES,44.7804,-0.5657,Plein jour,En agglomération,Hors intersection,Pluie forte,Autre collision,,,,,,,,,,,1,2,1,3.0,6.0
201700025815,0017-06-22 12:30:00,17,6,22,12,30,330,63,RUE DE PESSAC,44.82862,-0.58348,Plein jour,En agglomération,Intersection en T,Normale,Trois véhicules et plus - collisions multiples,,,,,,,,,,,1,2,3,1.0,5.0
201700025816,0017-07-02 20:50:00,17,7,2,20,50,330,63,BD JOLIOT-CURIE,44.83792,-0.54793,Nuit avec éclairage allumé,En agglomération,Hors intersection,Normale,Trois véhicules et plus - collisions multiples,,,,,,,,,,,5,2,1,1.0,5.0
201700025817,0017-06-30 18:35:00,17,6,30,18,35,330,63,VL(A)>QUAIS,44.8612,-0.55788,Plein jour,En agglomération,Intersection en X,Pluie légère,Autre collision,,,,,,,,,,,1,2,2,2.0,6.0
201700025818,0017-07-05 17:45:00,17,7,5,17,45,330,63,LABARDEAPPSTEMOTO-ILOT,44.8994,-0.55247,Plein jour,En agglomération,Hors intersection,Normale,Autre collision,,,,,,,,,,,1,2,1,1.0,6.0
201700025819,0017-07-07 00:40:00,17,7,7,0,40,330,281,VLA>VIGNEAU/CYCLO>BEUTRE,44.8289,-0.66452,Nuit avec éclairage allumé,En agglomération,Intersection en X,Normale,Deux véhicules - côté,,,,,,,,,,,5,2,2,1.0,3.0
201700025820,0017-07-05 21:30:00,17,7,5,21,30,330,63,"7, RUE PRESIDENT COTY",44.85713,-0.58482,Crépuscule ou aube,En agglomération,Hors intersection,Normale,Autre collision,,,,,,,,,,,2,2,1,1.0,6.0
201700025821,0017-07-05 10:00:00,17,7,5,10,0,330,63,SORTIE GIR VERS CHU,44.8257,-0.59842,Plein jour,En agglomération,Giratoire,Normale,Deux véhicules - côté,,,,,,,,,,,1,2,6,1.0,3.0
201700025822,0017-07-08 22:35:00,17,7,8,22,35,330,63,RUE DUBOURDIEU,44.82202,-0.57653,Nuit avec éclairage allumé,En agglomération,Intersection en X,Normale,Deux véhicules - côté,,,,,,,,,,,5,2,2,1.0,3.0
201700025823,0017-07-10 15:25:00,17,7,10,15,25,330,119,227AVCARNOT>LIBOURNE,44.8654,-0.51478,Plein jour,Hors agglomération,Hors intersection,Normale,Autre collision,,,,,,,,,,,1,1,1,1.0,6.0
201700025824,0017-07-03 13:00:00,17,7,3,13,0,330,63,BD ALFRED DANEY,44.87551,-0.55354,Plein jour,En agglomération,Giratoire,Normale,Autre collision,,,,,,,,,,,1,2,6,1.0,6.0
201700025825,0017-07-05 19:45:00,17,7,5,19,45,330,522,"29, RUE BONTEMPS",44.80369,-0.57584,Plein jour,En agglomération,Intersection en T,Normale,Deux véhicules - côté,,,,,,,,,,,1,2,3,1.0,3.0
201700025826,0017-07-07 14:25:00,17,7,7,14,25,330,63,BD ANTOINE GAUTIER,44.83155,-0.59836,Plein jour,En agglomération,Intersection en T,Normale,Autre collision,,,,,,,,,,,1,2,3,1.0,6.0
201700025827,0017-07-05 07:38:00,17,7,5,7,38,330,550,PAIX>CADAUJAC,44.7657,-0.58005,Plein jour,En agglomération,Giratoire,Normale,Autre collision,,,,,,,,,,,1,2,6,1.0,6.0
201700025828,0017-07-09 04:45:00,17,7,9,4,45,330,69,VL(A)>EYSINES/VL(Z) ?,44.8581,-0.60519,Nuit avec éclairage allumé,En agglomération,Intersection en X,Normale,Deux véhicules - côté,,,,,,,,,,,5,2,2,1.0,3.0
201700025829,0017-07-11 09:00:00,17,7,11,9,0,330,281,MERIGNAC (AVENUE DE),44.83876,-0.62593,Plein jour,En agglomération,Intersection en X,Normale,Deux véhicules - côté,,,,,,,,,,,1,2,2,1.0,3.0
201700025830,0017-07-12 15:30:00,17,7,12,15,30,330,318,ALL DES TULIPES,44.79019,-0.63043,Plein jour,En agglomération,Hors intersection,Normale,Deux véhicules - côté,,,,,,,,,,,1,2,1,1.0,3.0
201700025831,0017-07-13 11:10:00,17,7,13,11,10,330,63,"172, RUE JULES FERRY CAU",44.84352,-0.61017,Plein jour,En agglomération,Hors intersection,Normale,Sans collision,,,,,,,,,,,1,2,1,1.0,7.0
201700025832,0017-07-17 10:25:00,17,7,17,10,25,330,63,VL(A)>PCERAVEZIES,44.8678,-0.57152,Plein jour,En agglomération,Hors intersection,Normale,Autre collision,,,,,,,,,,,1,2,1,1.0,6.0
201700025833,0017-07-15 11:20:00,17,7,15,11,20,330,39,"83, RUE DURCY",44.79878,-0.54803,Plein jour,En agglomération,Hors intersection,Normale,Deux véhicules - arrière,,,,,,,,,,,1,2,1,1.0,2.0
201700025834,0017-07-18 13:40:00,17,7,18,13,40,330,63,"9, RUE LUCIEN FAURE",44.86599,-0.56101,Plein jour,En agglomération,Intersection en X,Normale,Deux véhicules - frontale,,,,,,,,,,,1,2,2,1.0,1.0
201700025835,0017-07-15 00:01:00,17,7,15,0,1,330,63,CRS DE LA MARNE,44.82981,-0.56799,Nuit avec éclairage allumé,En agglomération,Intersection en T,Normale,Deux véhicules - frontale,,,,,,,,,,,5,2,3,1.0,1.0
201700025836,0017-07-18 14:00:00,17,7,18,14,0,330,63,71CRSVICTORHUGO/LEYTEIRE,44.8353,-0.56956,Plein jour,En agglomération,Intersection en T,Normale,Deux véhicules - côté,,,,,,,,,,,1,2,3,1.0,3.0
201700025837,0017-07-13 13:00:00,17,7,13,13,0,330,192,VLA>MAUGUETTE/VLB>GAULLE,44.7819,-0.62341,Plein jour,En agglomération,Intersection en T,Normale,Deux véhicules - frontale,,,,,,,,,,,1,2,3,1.0,1.0
201700025838,0017-07-16 17:35:00,17,7,16,17,35,330,75,AVE JEAN JAURES,44.87139,-0.59189,Plein jour,En agglomération,Intersection en T,Normale,Deux véhicules - frontale,,,,,,,,,,,1,2,3,1.0,1.0
201700025839,0017-07-16 22:00:00,17,7,16,22,0,330,63,GAMBETTA>L.BATHOU,44.8213,-0.58277,Nuit sans éclairage public,En agglomération,Intersection en X,Normale,Deux véhicules - côté,,,,,,,,,,,3,2,2,1.0,3.0
201700025840,0017-07-17 14:00:00,17,7,17,14,0,330,39,A.LABRO-STA?MUSSONVILLE,44.7939,-0.55971,Plein jour,En agglomération,Hors intersection,Normale,Autre collision,,,,,,,,,,,1,2,1,1.0,6.0
201700025841,0017-07-20 18:45:00,17,7,20,18,45,330,75,AVE DE TERREFORT,44.88807,-0.61405,Plein jour,En agglomération,Intersection en T,Normale,Deux véhicules - frontale,,,,,,,,,,,1,2,3,1.0,1.0
201700025842,0017-07-18 22:10:00,17,7,18,22,10,330,281,VZ>BX-PIET:STAT>N?IMPAIR,44.8273,-0.61372,Nuit avec éclairage allumé,En agglomération,Intersection en T,Pluie légère,Autre collision,,,,,,,,,,,5,2,3,2.0,6.0
201700025843,0017-07-22 21:40:00,17,7,22,21,40,330,63,CRS D'ALBRET,44.83885,-0.58172,Plein jour,En agglomération,Intersection en T,Normale,Deux véhicules - frontale,,,,,,,,,,,1,2,3,1.0,1.0
201700025844,0017-07-22 16:37:00,17,7,22,16,37,330,63,ALSACELORRAINE/STECATHER,44.8375,-0.57379,Plein jour,En agglomération,Intersection en T,Normale,Autre collision,,,,,,,,,,,1,2,3,1.0,6.0
201700025845,0017-07-26 16:15:00,17,7,26,16,15,330,39,117R.F.BUISSON,44.798,-0.55765,Plein jour,En agglomération,Hors intersection,Pluie légère,Deux véhicules - frontale,,,,,,,,,,,1,2,1,2.0,1.0
201700025846,0017-07-27 19:15:00,17,7,27,19,15,330,281,TRAM>BORDEAUXM?M,44.8326,-0.64523,Plein jour,En agglomération,Hors intersection,Normale,Autre collision,,,,,,,,,,,1,2,1,1.0,6.0
201700025847,0017-07-24 22:30:00,17,7,24,22,30,330,63,R.L.FAURE=>LATULE,44.8658,-0.56059,Nuit avec éclairage allumé,En agglomération,Hors intersection,Normale,Deux véhicules - arrière,,,,,,,,,,,5,2,1,1.0,2.0
201700025848,0017-08-02 07:25:00,17,8,2,7,25,330,63,AVE ALSACE LORRAINE CAUD,44.8375,-0.57555,Plein jour,En agglomération,Intersection en T,Normale,Autre collision,,,,,,,,,,,1,2,3,1.0,6.0
201700025849,0017-07-30 12:20:00,17,7,30,12,20,330,318,JEANJAURES/MARCELSEMBAT,44.8158,-0.60903,Plein jour,En agglomération,Intersection en T,Normale,Deux véhicules - côté,,,,,,,,,,,1,2,3,1.0,3.0
201700025850,0017-07-29 00:10:00,17,7,29,0,10,330,75,AVPERIER=>CHAVAILLES,44.876,-0.58604,Nuit avec éclairage allumé,En agglomération,Hors intersection,Normale,Autre collision,,,,,,,,,,,5,2,1,1.0,6.0
201700025851,0017-08-03 17:20:00,17,8,3,17,20,330,63,"83, AVE THIERS",44.84303,-0.55513,Plein jour,En agglomération,Hors intersection,Normale,Deux véhicules - côté,,,,,,,,,,,1,2,1,1.0,3.0
201700025852,0017-08-08 14:55:00,17,8,8,14,55,330,63,VLA>GAMBETTA/VLB>BRIAND,44.8349,-0.5805,Plein jour,En agglomération,Intersection en Y,Normale,Deux véhicules - frontale,,,,,,,,,,,1,2,4,1.0,1.0
201700025853,0017-07-31 14:20:00,17,7,31,14,20,330,63,TRAM>DRAVMNT/PIET>IMPAIR,44.83759,-0.5738,Plein jour,En agglomération,Intersection en X,Normale,Autre collision,,,,,,,,,,,1,2,2,1.0,6.0
201700025854,0017-08-10 20:35:00,17,8,10,20,35,330,63,VL>PONTCHABAN/VELOS/PPP,44.8342,-0.56264,Plein jour,En agglomération,Hors intersection,Normale,Deux véhicules - côté,,,,,,,,,,,1,2,1,1.0,3.0
201700025855,0017-07-24 16:40:00,17,7,24,16,40,330,522,LECLERC (AVE MARECHAL),44.80677,-0.59178,Plein jour,En agglomération,Intersection en X,Normale,Deux véhicules - côté,,,,,,,,,,,1,2,2,1.0,3.0
201700025856,0017-08-15 00:20:00,17,8,15,0,20,330,318,"360, AVE MAL DE LATTRE D",44.75694,-0.73729,Nuit avec éclairage non allumé,En agglomération,Hors intersection,Pluie légère,Deux véhicules - arrière,,,,,,,,,,,4,2,1,2.0,2.0
201700025857,0017-08-10 22:00:00,17,8,10,22,0,330,63,VL>PTPIERREPIET:RIVE>N19,44.834,-0.56236,Nuit avec éclairage allumé,En agglomération,Hors intersection,Normale,Autre collision,,,,,,,,,,,5,2,1,1.0,6.0
201700025858,0017-08-04 18:50:00,17,8,4,18,50,330,63,"41Q.RICHELIEU,COTEFLEUVE",44.838,-0.56686,Plein jour,En agglomération,Hors intersection,Normale,Autre collision,,,,,,,,,,,1,2,1,1.0,6.0
201700025859,0017-08-13 01:40:00,17,8,13,1,40,330,63,RUE BELLEVILLE,44.83292,-0.58413,Nuit avec éclairage allumé,En agglomération,Intersection en X,Normale,Deux véhicules - côté,,,,,,,,,,,5,2,2,1.0,3.0
201700025860,0017-08-11 14:35:00,17,8,11,14,35,330,63,"99, CRS DE LA MARNE",44.8295,-0.56678,Plein jour,En agglomération,Hors intersection,Normale,Autre collision,,,,,,,,,,,1,2,1,1.0,6.0
201700025861,0017-08-21 02:30:00,17,8,21,2,30,330,63,SENSRIVEGCHE>RIVEDROITE,44.8377,-0.54815,Nuit avec éclairage allumé,En agglomération,Intersection en X,Normale,Autre collision,,,,,,,,,,,5,2,2,1.0,6.0
201700025862,0017-08-21 13:50:00,17,8,21,13,50,330,162,AVE DU MEDOC,44.89302,-0.66812,Plein jour,En agglomération,Intersection en X,Normale,Deux véhicules - côté,,,,,,,,,,,1,2,2,1.0,3.0
201700025863,0017-08-10 22:00:00,17,8,10,22,0,330,63,RUE DE PESSAC,44.82754,-0.5859,Nuit avec éclairage allumé,En agglomération,Intersection en X,Normale,Deux véhicules - côté,,,,,,,,,,,5,2,2,1.0,3.0
201700025864,0017-08-22 17:35:00,17,8,22,17,35,330,63,59AVREPUBLIQUE/SOULAC,44.84,-0.60261,Plein jour,En agglomération,Intersection en T,Normale,Autre collision,,,,,,,,,,,1,2,3,1.0,6.0
201700025865,0017-08-19 13:15:00,17,8,19,13,15,330,249,RUE MICHEL MONTAIGNE,44.87155,-0.51642,Plein jour,En agglomération,Giratoire,Normale,Deux véhicules - côté,,,,,,,,,,,1,2,6,1.0,3.0
201700025866,0017-08-19 14:00:00,17,8,19,14,0,330,318,CANEJAN (AVE DE),44.79302,-0.64726,Plein jour,En agglomération,Intersection en T,Normale,Deux véhicules - arrière,,,,,,,,,,,1,2,3,1.0,2.0
201700025867,0017-08-20 18:35:00,17,8,20,18,35,330,281,AVE MARCEL DASSAULT,44.84054,-0.75211,Plein jour,En agglomération,Giratoire,Normale,Deux véhicules - côté,,,,,,,,,,,1,2,6,1.0,3.0
201700025868,0017-08-25 17:50:00,17,8,25,17,50,330,63,VL>PLVICTOIRE/PIET>N?IMP,44.8302,-0.56988,Plein jour,En agglomération,Intersection en X,Normale,Autre collision,,,,,,,,,,,1,2,2,1.0,6.0
201700025869,0017-08-27 20:25:00,17,8,27,20,25,330,63,CRS D'ALBRET ARRET BUS,44.8368,-0.58113,Crépuscule ou aube,En agglomération,Intersection en T,Normale,Autre collision,,,,,,,,,,,2,2,3,1.0,6.0
201700025870,0017-08-26 19:30:00,17,8,26,19,30,330,63,CRS A.BRIAND/TANESSE,44.8319,-0.57727,Plein jour,En agglomération,Intersection en X,Normale,Deux véhicules - côté,,,,,,,,,,,1,2,2,1.0,3.0
201700025871,0017-08-29 15:30:00,17,8,29,15,30,330,63,VU>PERMENTADE/VL>LEYTEIR,44.8343,-0.56955,Plein jour,En agglomération,Intersection en X,Normale,Deux véhicules - côté,,,,,,,,,,,1,2,2,1.0,3.0
201700025872,0017-08-31 02:10:00,17,8,31,2,10,330,63,VLA:BRIAND>GARESTJEAN,44.8309,-0.57317,Nuit avec éclairage allumé,En agglomération,Intersection en T,Normale,Autre collision,,,,,,,,,,,5,2,3,1.0,6.0
201700025873,0017-08-30 16:20:00,17,8,30,16,20,330,63,R.YVES GLOTIN/P.BAOUR,44.8907,-0.54683,Plein jour,En agglomération,Intersection en X,Normale,Deux véhicules - côté,,,,,,,,,,,1,2,2,1.0,3.0
201700025874,0017-08-25 15:00:00,17,8,25,15,0,330,162,AVE DU MEDOC,44.8851,-0.63656,Plein jour,En agglomération,Intersection en Y,Normale,Deux véhicules - côté,,,,,,,,,,,1,2,4,1.0,3.0
201700025875,0017-08-25 17:30:00,17,8,25,17,30,330,63,ADRD?CROIS.=>BORDEAUX,44.8469,-0.62914,Plein jour,En agglomération,Intersection en X,Normale,Deux véhicules - côté,,,,,,,,,,,1,2,2,1.0,3.0
201700025876,0017-09-02 16:50:00,17,9,2,16,50,330,281,32R.M.DASSAULT/LATECOERE,44.84809,-0.6858,Plein jour,En agglomération,Intersection en X,Normale,Deux véhicules - côté,,,,,,,,,,,1,2,2,1.0,3.0
201700025877,0017-08-31 22:40:00,17,8,31,22,40,330,281,AVE DE KAOLACK,44.81546,-0.66571,Nuit avec éclairage allumé,En agglomération,Intersection en Y,Normale,Sans collision,,,,,,,,,,,5,2,4,1.0,7.0
201700025878,0017-08-31 20:20:00,17,8,31,20,20,330,39,R.A.FRANCE/FR.DOUAUD,44.8115,-0.55994,Plein jour,En agglomération,Intersection en T,Normale,Deux véhicules - frontale,,,,,,,,,,,1,2,3,1.0,1.0
201700025879,0017-09-09 23:40:00,17,9,9,23,40,330,522,CRS LIBERATION / AV ROUL,44.8068,-0.59172,Nuit avec éclairage allumé,En agglomération,Intersection en X,Pluie légère,Autre collision,,,,,,,,,,,5,2,2,2.0,6.0
201700025880,0017-09-10 06:30:00,17,9,10,6,30,330,63,40Q.PALUDATE>Q.BRIENNE,44.8286,-0.55347,Nuit avec éclairage allumé,En agglomération,Hors intersection,Normale,Autre collision,,,,,,,,,,,5,2,1,1.0,6.0
201700025881,0017-09-11 22:20:00,17,9,11,22,20,330,63,VOIE D'ACCES PONT SAINT,44.83055,-0.55629,Nuit sans éclairage public,En agglomération,Place,Pluie légère,Autre collision,,,,,,,,,,,3,2,7,2.0,6.0
201700025882,0017-09-07 18:30:00,17,9,7,18,30,330,318,"VL,TRAM>PESSAC",44.7941,-0.63248,Plein jour,En agglomération,Intersection en T,Normale,Deux véhicules - côté,,,,,,,,,,,1,2,3,1.0,3.0
201700025883,0017-09-17 06:50:00,17,9,17,6,50,330,63,58Q.PALUDATE>BRIENNE,44.8279,-0.55197,Nuit sans éclairage public,En agglomération,Hors intersection,Pluie forte,Autre collision,,,,,,,,,,,3,2,1,3.0,6.0
201700025884,0017-09-15 16:45:00,17,9,15,16,45,330,63,PIET:CTEN?PAIR>LABAT,44.8344,-0.60592,Plein jour,En agglomération,Hors intersection,Normale,Autre collision,,,,,,,,,,,1,2,1,1.0,6.0
201700025885,0017-09-18 15:35:00,17,9,18,15,35,330,63,VL>REINSON/MOTO>40JOURNX,44.878,-0.57095,Plein jour,En agglomération,Intersection en X,Normale,Deux véhicules - côté,,,,,,,,,,,1,2,2,1.0,3.0
201700025886,0017-09-16 06:55:00,17,9,16,6,55,330,63,VL>CENON/SCOOTS/BRET>BX,44.8363,-0.55012,Nuit avec éclairage non allumé,En agglomération,Intersection en T,Pluie forte,Deux véhicules - frontale,,,,,,,,,,,4,2,3,3.0,1.0
201700025887,0017-09-22 02:20:00,17,9,22,2,20,330,63,Q. Queyries/R. Lavigne,44.8477,-0.56416,Nuit avec éclairage allumé,En agglomération,Intersection en T,Normale,Autre collision,,,,,,,,,,,5,2,3,1.0,6.0
201700025888,0017-09-25 10:04:00,17,9,25,10,4,330,63,VL>ALBRET/CYCLO>PESSAC,44.8323,-0.5817,Plein jour,En agglomération,Intersection en X,Normale,Deux véhicules - côté,,,,,,,,,,,1,2,2,1.0,3.0
201700025889,0017-05-31 10:05:00,17,5,31,10,5,330,63,VL>BORDX/SCOOTER>EYSINES,44.8626,-0.61686,Plein jour,En agglomération,Hors intersection,Normale,Trois véhicules et plus - collisions multiples,,,,,,,,,,,1,2,1,1.0,5.0
201700025890,0017-09-25 21:30:00,17,9,25,21,30,330,63,CURIE (BD JOLIOT).,44.83599,-0.55042,Nuit avec éclairage allumé,En agglomération,Intersection en Y,Normale,Trois véhicules et plus - collisions multiples,,,,,,,,,,,5,2,4,1.0,5.0
201700025891,0017-09-24 05:40:00,17,9,24,5,40,330,63,PONT DE PIERRE,44.83881,-0.56212,Nuit avec éclairage allumé,En agglomération,Hors intersection,Normale,Trois véhicules et plus - collisions multiples,,,,,,,,,,,5,2,1,1.0,5.0
201700025892,0017-09-22 22:00:00,17,9,22,22,0,330,63,VEHS>PONTCHABANC?T?RIVE,44.8573,-0.56008,Nuit avec éclairage allumé,En agglomération,Hors intersection,Normale,Deux véhicules - arrière,,,,,,,,,,,5,2,1,1.0,2.0
201700025893,0017-09-24 17:30:00,17,9,24,17,30,330,63,VL&CYCLO>PCEDOUMER,44.8501,-0.58179,Plein jour,En agglomération,Intersection à plus de 4 branches,Normale,Deux véhicules - côté,,,,,,,,,,,1,2,5,1.0,3.0
201700025894,0017-09-24 01:00:00,17,9,24,1,0,330,63,S/VOIETRAM-SENSIGNOR?-,44.8377,-0.57201,Nuit avec éclairage allumé,En agglomération,Intersection en X,Normale,Autre collision,,,,,,,,,,,5,2,2,1.0,6.0
201700025895,0017-09-26 15:50:00,17,9,26,15,50,330,281,Tram >SOMME-PIET>N0PAIRS,44.84117,-0.64697,Plein jour,En agglomération,Hors intersection,Normale,Autre collision,,,,,,,,,,,1,2,1,1.0,6.0
201700025896,0017-09-25 07:51:00,17,9,25,7,51,330,63,CYCLO>BDS/VL>EYSINES,44.8543,-0.59838,Plein jour,En agglomération,Intersection en T,Normale,Autre collision,,,,,,,,,,,1,2,3,1.0,6.0
201700025897,0017-09-27 23:35:00,17,9,27,23,35,330,63,78AVTHIERS=>STALINGRARD,44.8432,-0.55527,Nuit avec éclairage allumé,En agglomération,Hors intersection,Normale,Autre collision,,,,,,,,,,,5,2,1,1.0,6.0
201700025898,0017-09-29 09:55:00,17,9,29,9,55,330,63,VL>COLBERT/CYCLO>TASSIGN,44.8583,-0.61594,Plein jour,En agglomération,Intersection en X,Normale,Deux véhicules - côté,,,,,,,,,,,1,2,2,1.0,3.0
201700025899,0017-08-31 00:40:00,17,8,31,0,40,330,63,"15, RUE ETOBON CHENEBIER",44.84205,-0.55189,Nuit avec éclairage allumé,En agglomération,Hors intersection,Normale,Autre collision,,,,,,,,,,,5,2,1,1.0,6.0
201700025900,0017-09-29 22:30:00,17,9,29,22,30,330,63,"9, AVE DE LABARDE",44.8963,-0.55083,Nuit avec éclairage allumé,En agglomération,Giratoire,Normale,Autre collision,,,,,,,,,,,5,2,6,1.0,6.0
201700025901,0017-10-02 16:40:00,17,10,2,16,40,330,63,VL>BDX/PIET>N?IMPAIRS,44.8565,-0.62965,Plein jour,En agglomération,Intersection en T,Normale,Autre collision,,,,,,,,,,,1,2,3,1.0,6.0
201700025902,0017-09-29 11:35:00,17,9,29,11,35,330,550,AVE DES PYRENEES,44.76718,-0.56329,Plein jour,En agglomération,Hors intersection,Normale,Autre collision,,,,,,,,,,,1,2,1,1.0,6.0
201700025903,0017-10-03 12:55:00,17,10,3,12,55,330,63,"16, CRS EVRARD DE FAYOLL",44.85307,-0.57428,Plein jour,En agglomération,Intersection en Y,Normale,Autre collision,,,,,,,,,,,1,2,4,1.0,6.0
201700025904,0017-10-07 00:15:00,17,10,7,0,15,330,32,GUERLANDES>AMBARES,44.9229,-0.53193,Nuit avec éclairage non allumé,Hors agglomération,Hors intersection,Normale,Autre collision,,,,,,,,,,,4,1,1,1.0,6.0
201700025905,0017-10-08 02:30:00,17,10,8,2,30,330,63,BD ALBERT 1ER,44.81341,-0.56418,Nuit avec éclairage allumé,En agglomération,Intersection en X,Normale,Deux véhicules - frontale,,,,,,,,,,,5,2,2,1.0,1.0
201700025906,0017-10-05 09:15:00,17,10,5,9,15,330,281,VLA>PESSAC/CYCLO>MAGUDAS,44.8532,-0.66955,Plein jour,En agglomération,Intersection en X,Normale,Deux véhicules - frontale,,,,,,,,,,,1,2,2,1.0,1.0
201700025907,0017-10-15 14:40:00,17,10,15,14,40,330,63,VL>MERIGNAC/PIET>N?PAIRS,44.8303,-0.60432,Plein jour,En agglomération,Intersection en T,Normale,Autre collision,,,,,,,,,,,1,2,3,1.0,6.0
201700025908,0017-10-13 12:55:00,17,10,13,12,55,330,63,3VL>R.L.FAURE,44.8595,-0.55293,Plein jour,En agglomération,Hors intersection,Normale,Trois véhicules et plus - en chaîne,,,,,,,,,,,1,2,1,1.0,4.0
201700025909,0017-10-17 18:30:00,17,10,17,18,30,330,63,"33, CRS GEORGES CLEMENCE",44.84347,-0.579,Plein jour,En agglomération,Intersection en T,Normale,Autre collision,,,,,,,,,,,1,2,3,1.0,6.0
201700025910,0017-08-24 21:25:00,17,8,24,21,25,330,281,VL:ROC>BX-CYCLO>ROC,44.857,-0.65716,Nuit avec éclairage allumé,En agglomération,Intersection en T,Normale,Deux véhicules - frontale,,,,,,,,,,,5,2,3,1.0,1.0
201700025911,0017-10-15 20:15:00,17,10,15,20,15,330,119,TRAM>FLOIRAC/PIETSORTRAM,44.8541,-0.51329,Nuit avec éclairage allumé,En agglomération,Hors intersection,Normale,Autre collision,,,,,,,,,,,5,2,1,1.0,6.0
201700025912,0017-10-19 05:35:00,17,10,19,5,35,330,63,"18, QUAI DE PALUDATE",44.83007,-0.55579,Nuit avec éclairage allumé,En agglomération,Intersection en T,Normale,Deux véhicules - frontale,,,,,,,,,,,5,2,3,1.0,1.0
201700025913,0017-09-24 11:30:00,17,9,24,11,30,330,63,VL>CITEVIN/MOTO>RAVESIES,44.8603,-0.55367,Plein jour,En agglomération,Intersection en X,Normale,Deux véhicules - côté,,,,,,,,,,,1,2,2,1.0,3.0
201700025914,0017-10-18 10:45:00,17,10,18,10,45,330,522,CRS DE LA LIBERATION,44.80053,-0.59594,Plein jour,En agglomération,Giratoire,Normale,Deux véhicules - côté,,,,,,,,,,,1,2,6,1.0,3.0
201700025915,0017-10-16 18:59:00,17,10,16,18,59,330,522,AVA.RIMBAUD>THOUARS,44.7909,-0.59047,Nuit avec éclairage allumé,En agglomération,Hors intersection,Normale,Autre collision,,,,,,,,,,,5,2,1,1.0,6.0
201700025916,0017-10-21 18:30:00,17,10,21,18,30,330,63,VL>LATULE/PIET>MACDO,44.8705,-0.56485,Plein jour,En agglomération,Hors intersection,Normale,Autre collision,,,,,,,,,,,1,2,1,1.0,6.0
201700025917,0017-10-22 21:10:00,17,10,22,21,10,330,63,"71, CRS ARISTIDE BRIAND",44.83142,-0.57537,Nuit avec éclairage allumé,En agglomération,Intersection en Y,Normale,Deux véhicules - frontale,,,,,,,,,,,5,2,4,1.0,1.0
201700025918,0017-10-14 08:45:00,17,10,14,8,45,330,39,"9, RTE DE TOULOUSE",44.7846,-0.56654,Plein jour,En agglomération,Intersection en X,Normale,Deux véhicules - côté,,,,,,,,,,,1,2,2,1.0,3.0
201700025919,0017-10-20 22:10:00,17,10,20,22,10,330,281,RUE DU LIVEAU,44.84786,-0.64014,Nuit avec éclairage allumé,En agglomération,Hors intersection,Normale,Deux véhicules - frontale,,,,,,,,,,,5,2,1,1.0,1.0
201700025920,0017-10-26 22:10:00,17,10,26,22,10,330,167,AV PLAFARGUE/R. ECOMBES,44.8314,-0.53317,Nuit avec éclairage allumé,En agglomération,Intersection en X,Normale,Deux véhicules - frontale,,,,,,,,,,,5,2,2,1.0,1.0
201700025921,0017-10-12 15:45:00,17,10,12,15,45,330,192,BUS>TALENCE/CYCLO>GRADIG,44.7798,-0.61743,Plein jour,En agglomération,Hors intersection,Normale,Deux véhicules - arrière,,,,,,,,,,,1,2,1,1.0,2.0