accident_id,datetime,annee,mois,jour,heure,minute,departement,commune_insee,adresse,latitude,longitude,luminosite,agglomeration,intersection,meteo,collision,nb_vehicules,nb_usagers,nb_indemnes,nb_tues,nb_blesses_hosp,nb_blesses_legers,age_cond_1,age_cond_2,veh_type_cond_1,veh_type_cond_2,lum_code,agg_code,int_code,atm_code,col_code
201700025922,0017-10-28 03:00:00,17,10,28,3,0,330,63,PCE DE LA COMEDIE,44.84233,-0.57451,Nuit avec éclairage allumé,En agglomération,Place,Normale,Autre collision,,,,,,,,,,,5,2,7,1.0,6.0
201700025923,0017-10-31 22:05:00,17,10,31,22,5,330,281,avenue de Beaudsert,44.84129,-0.69324,Nuit sans éclairage public,En agglomération,Hors intersection,Normale,Deux véhicules - arrière,,,,,,,,,,,3,2,1,1.0,2.0
201700025924,0017-10-30 20:20:00,17,10,30,20,20,330,162,VL>BORDEAUX/MOTO>EYSINES,44.8796,-0.62687,Nuit sans éclairage public,Hors agglomération,Intersection en X,Normale,Deux véhicules - côté,,,,,,,,,,,3,1,2,1.0,3.0
201700025925,0017-11-04 10:53:00,17,11,4,10,53,330,63,"VL,BUS>PNTCHABAN",44.8616,-0.55519,Plein jour,En agglomération,Intersection en X,Normale,Deux véhicules - frontale,,,,,,,,,,,1,2,2,1.0,1.0
201700025926,0017-11-02 21:10:00,17,11,2,21,10,330,281,"39 bis, AVE DE L'YSER",44.84122,-0.65282,Nuit avec éclairage allumé,En agglomération,Hors intersection,Normale,Deux véhicules - arrière,,,,,,,,,,,5,2,1,1.0,2.0
201700025927,0017-11-06 16:55:00,17,11,6,16,55,330,281,"61, AVE DE LA SOMME",44.83145,-0.65599,Plein jour,En agglomération,Intersection en T,Normale,Autre collision,,,,,,,,,,,1,2,3,1.0,6.0
201700025928,0017-11-07 16:35:00,17,11,7,16,35,330,63,PL&CYCLO:MARAN>LATULE,44.8703,-0.56598,Plein jour,En agglomération,Intersection à plus de 4 branches,Normale,Deux véhicules - côté,,,,,,,,,,,1,2,5,1.0,3.0
201700025929,0017-10-27 14:55:00,17,10,27,14,55,330,200,AVE DE MAGUDAS,44.86091,-0.69615,Plein jour,En agglomération,Giratoire,Normale,Deux véhicules - côté,,,,,,,,,,,1,2,6,1.0,3.0
201700025930,0017-11-10 07:50:00,17,11,10,7,50,330,63,LES2VEH>PCEVICTOIRE,44.8303,-0.57046,Plein jour,En agglomération,Hors intersection,Normale,Deux véhicules - côté,,,,,,,,,,,1,2,1,1.0,3.0
201700025931,0017-11-08 11:05:00,17,11,8,11,5,330,63,CRS SAINT LOUIS,44.86239,-0.56709,Plein jour,En agglomération,Intersection en T,Normale,Autre collision,,,,,,,,,,,1,2,3,1.0,6.0
201700025932,0017-11-12 08:55:00,17,11,12,8,55,330,63,AVE DELATTRE TASSIGNY,44.85708,-0.61991,Plein jour,En agglomération,Intersection en X,Normale,Deux véhicules - côté,,,,,,,,,,,1,2,2,1.0,3.0
201700025933,0017-11-09 23:10:00,17,11,9,23,10,330,63,"134, BD DU PDT FRANKLIN",44.81788,-0.57734,Nuit avec éclairage allumé,En agglomération,Intersection en T,Pluie légère,Deux véhicules - arrière,,,,,,,,,,,5,2,3,2.0,2.0
201700025934,0017-11-12 08:25:00,17,11,12,8,25,330,162,2VL>BRUGES(RTE MEDOC),44.8674,-0.63716,Plein jour,En agglomération,Intersection en X,Pluie légère,Deux véhicules - arrière,,,,,,,,,,,1,2,2,2.0,2.0
201700025935,0017-11-08 09:25:00,17,11,8,9,25,330,167,S/PARKINGD1MAGASIN,44.8449,-0.51115,Plein jour,En agglomération,Hors intersection,Normale,Autre collision,,,,,,,,,,,1,2,1,1.0,6.0
201700025936,0017-11-12 06:50:00,17,11,12,6,50,330,63,QUAI DU MARECHAL LYAUTEY,44.8416,-0.56954,Nuit avec éclairage allumé,En agglomération,Autre intersection,Pluie légère,Autre collision,,,,,,,,,,,5,2,9,2.0,6.0
201700025937,0017-11-16 07:45:00,17,11,16,7,45,330,550,AVE DE FERRON,44.7467,-0.56383,Plein jour,En agglomération,Intersection en X,Normale,Deux véhicules - côté,,,,,,,,,,,1,2,2,1.0,3.0
201700025938,0017-11-19 01:20:00,17,11,19,1,20,330,63,VL>PTPIERRE/VELO>GARONNE,44.8389,-0.56798,Nuit avec éclairage allumé,En agglomération,Intersection en T,Normale,Deux véhicules - côté,,,,,,,,,,,5,2,3,1.0,3.0
201700025939,0017-11-17 10:35:00,17,11,17,10,35,330,119,"155, CASSAGNE (AVE RENE)",44.85057,-0.51761,Plein jour,En agglomération,Autre intersection,Normale,Autre collision,,,,,,,,,,,1,2,9,1.0,6.0
201700025940,0017-11-13 07:36:00,17,11,13,7,36,330,39,VL>BORDX/PIETN251>N180,44.8068,-0.5731,Plein jour,En agglomération,Intersection en T,Normale,Autre collision,,,,,,,,,,,1,2,3,1.0,6.0
201700025941,0017-11-21 08:35:00,17,11,21,8,35,330,39,"101, RUE FERDINAND BUISS",44.79927,-0.55747,Plein jour,En agglomération,Hors intersection,Normale,Deux véhicules - frontale,,,,,,,,,,,1,2,1,1.0,1.0
201700025942,0017-11-21 11:15:00,17,11,21,11,15,330,522,"163, PEYDAVANT (RUE )",44.80179,-0.58539,Plein jour,En agglomération,Giratoire,Normale,Deux véhicules - frontale,,,,,,,,,,,1,2,6,1.0,1.0
201700025943,0017-11-20 12:05:00,17,11,20,12,5,330,318,AVE DU PONT DE L'ORIENT,44.80877,-0.64943,Plein jour,En agglomération,Intersection en X,Normale,Deux véhicules - frontale,,,,,,,,,,,1,2,2,1.0,1.0
201700025944,0017-10-27 22:55:00,17,10,27,22,55,330,63,VL>BACALAN/PIET:SENS?,44.8526,-0.56757,Nuit avec éclairage allumé,En agglomération,Hors intersection,Normale,Autre collision,,,,,,,,,,,5,2,1,1.0,6.0
201700025945,0017-11-22 09:13:00,17,11,22,9,13,330,318,AVE PASTEUR,44.80243,-0.64545,Plein jour,En agglomération,Intersection en X,Normale,Deux véhicules - frontale,,,,,,,,,,,1,2,2,1.0,1.0
201700025946,0017-11-24 18:05:00,17,11,24,18,5,330,281,AVE DE VERDUN,44.84031,-0.63987,Nuit avec éclairage allumé,En agglomération,Intersection en X,Pluie légère,Deux véhicules - côté,,,,,,,,,,,5,2,2,2.0,3.0
201700025947,0017-11-29 00:01:00,17,11,29,0,1,330,63,CYCLO>CRSV.HUGO-C?T?PAIR,44.8355,-0.568,Nuit avec éclairage allumé,En agglomération,Intersection en T,Pluie légère,Autre collision,,,,,,,,,,,5,2,3,2.0,6.0
201700025948,0017-11-27 16:10:00,17,11,27,16,10,330,192,RUE SAINT-FRANCOIS XAVIE,44.78043,-0.60323,Plein jour,En agglomération,Intersection en X,Normale,Deux véhicules - frontale,,,,,,,,,,,1,2,2,1.0,1.0
201700025949,0017-11-28 21:00:00,17,11,28,21,0,330,318,AVE PIERRE DE COUBERTIN,44.79968,-0.66864,Nuit avec éclairage allumé,En agglomération,Intersection en T,Temps couvert,Autre collision,,,,,,,,,,,5,2,3,8.0,6.0
201700025950,0017-11-28 14:00:00,17,11,28,14,0,330,39,AVE DU MARECHAL LECLERC,44.80958,-0.54223,Plein jour,En agglomération,Intersection en X,Temps couvert,Deux véhicules - côté,,,,,,,,,,,1,2,2,8.0,3.0
201700025951,0017-12-03 23:10:00,17,12,3,23,10,330,63,"2, Boulevard GEORGE V",44.82737,-0.59225,Nuit avec éclairage allumé,En agglomération,Intersection en Y,Pluie légère,Deux véhicules - frontale,,,,,,,,,,,5,2,4,2.0,1.0
201700025952,0017-12-02 23:15:00,17,12,2,23,15,330,63,PDTF.ROOSEVELT/ALBERT1ER,44.8148,-0.57263,Nuit avec éclairage allumé,En agglomération,Intersection en X,Normale,Deux véhicules - côté,,,,,,,,,,,5,2,2,1.0,3.0
201700025953,0017-12-01 15:35:00,17,12,1,15,35,330,63,"9, BD ALIENOR D'AQUITAIN",44.87073,-0.56637,Plein jour,En agglomération,Intersection en X,Normale,Trois véhicules et plus - en chaîne,,,,,,,,,,,1,2,2,1.0,4.0
201700025954,0017-12-03 03:35:00,17,12,3,3,35,330,13,"9, AVE DE LA MOUNE",44.86251,-0.48487,Nuit avec éclairage allumé,En agglomération,Intersection en Y,Normale,Autre collision,,,,,,,,,,,5,2,4,1.0,6.0
201700025955,0017-12-09 16:55:00,17,12,9,16,55,330,249,TRAM>LEHAILLAN/PIET>?,44.8799,-0.52419,Plein jour,En agglomération,Intersection en X,Normale,Autre collision,,,,,,,,,,,1,2,2,1.0,6.0
201700025956,0017-12-10 18:35:00,17,12,10,18,35,330,63,"397, RUE PASTEUR CAUD",44.84692,-0.62914,Crépuscule ou aube,En agglomération,Intersection en X,Pluie forte,Deux véhicules - côté,,,,,,,,,,,2,2,2,3.0,3.0
201700025957,0017-12-12 07:05:00,17,12,12,7,5,330,200,RUE VICTOR HUGO,44.8781,-0.67652,Nuit avec éclairage allumé,En agglomération,Intersection en Y,Normale,Autre collision,,,,,,,,,,,5,2,4,1.0,6.0
201700025958,0017-12-17 02:00:00,17,12,17,2,0,330,63,FACEALLMUNICH>CHARTRONS,44.845,-0.57058,Nuit avec éclairage allumé,En agglomération,Hors intersection,Normale,Deux véhicules - frontale,,,,,,,,,,,5,2,1,1.0,1.0
201700025959,0017-12-17 08:00:00,17,12,17,8,0,330,63,"00, QUAI SAINTE- CROIX",44.8317,-0.55866,Plein jour,En agglomération,Intersection en X,Normale,Deux véhicules - frontale,,,,,,,,,,,1,2,2,1.0,1.0
201700025960,0017-12-14 10:15:00,17,12,14,10,15,330,522,VL>LIBER?/VELO>ARTMETIER,44.8045,-0.60076,Plein jour,En agglomération,Giratoire,Pluie légère,Deux véhicules - frontale,,,,,,,,,,,1,2,6,2.0,1.0
201700025961,0017-12-17 02:10:00,17,12,17,2,10,330,281,CNSTAMIAB.VL>CAPEYRON,44.8468,-0.64422,Nuit avec éclairage non allumé,En agglomération,Intersection en T,Normale,Deux véhicules - arrière,,,,,,,,,,,4,2,3,1.0,2.0
201700025962,0017-12-21 18:30:00,17,12,21,18,30,330,63,LECLERC CAUD (AVE DU GEN,44.85352,-0.6104,Nuit avec éclairage allumé,En agglomération,Intersection en X,Normale,Deux véhicules - frontale,,,,,,,,,,,5,2,2,1.0,1.0
201700025963,0017-12-19 07:30:00,17,12,19,7,30,330,249,"9, RUE PAUL COURTAULT",44.88098,-0.52616,Nuit avec éclairage allumé,En agglomération,Intersection en T,Normale,Autre collision,,,,,,,,,,,5,2,3,1.0,6.0
201700025964,0017-12-15 17:25:00,17,12,15,17,25,330,63,ALLVERCINGETORIX>CASTEJA,44.8423,-0.58517,Nuit avec éclairage allumé,En agglomération,Hors intersection,Pluie forte,Autre collision,,,,,,,,,,,5,2,1,3.0,6.0
201700025965,0017-12-18 20:00:00,17,12,18,20,0,330,63,VLB(SAMU)>BAR.MEDOC,44.8402,-0.5992,Nuit avec éclairage allumé,En agglomération,Intersection en X,Normale,Deux véhicules - côté,,,,,,,,,,,5,2,2,1.0,3.0
201700025966,0017-12-18 20:45:00,17,12,18,20,45,330,63,"36, LECLERC CAUD (AVE DU",44.85191,-0.60777,Nuit avec éclairage allumé,En agglomération,Intersection en Y,Normale,Sans collision,,,,,,,,,,,5,2,4,1.0,7.0
201700025967,0017-12-24 20:00:00,17,12,24,20,0,330,63,VL>BARRIERE TOULOUSE,44.8171,-0.54848,Nuit avec éclairage allumé,En agglomération,Intersection en X,Normale,Autre collision,,,,,,,,,,,5,2,2,1.0,6.0
201700025968,0017-12-22 21:25:00,17,12,22,21,25,330,63,R. PESSAC / R.AUDEGUIL,44.82753,-0.58597,Nuit avec éclairage allumé,En agglomération,Intersection en X,Pluie légère,Deux véhicules - frontale,,,,,,,,,,,5,2,2,2.0,1.0
201700025969,0017-12-26 17:30:00,17,12,26,17,30,330,63,"18, QUAI DE BACALAN",44.85737,-0.56019,Nuit sans éclairage public,En agglomération,Hors intersection,Normale,Autre collision,,,,,,,,,,,3,2,1,1.0,6.0
201700025970,0017-01-11 15:00:00,17,1,11,15,0,490,169,la Moqueterie,47.27305,-0.72811,Plein jour,Hors agglomération,Hors intersection,Temps couvert,Autre collision,,,,,,,,,,,1,1,1,8.0,6.0
201700025971,0017-01-23 09:00:00,17,1,23,9,0,490,92,6 av du GL DE GAULLE,47.21733,-0.72581,Plein jour,En agglomération,Hors intersection,Normale,Autre collision,,,,,,,,,,,1,2,1,1.0,6.0
201700025972,0017-03-10 07:30:00,17,3,10,7,30,490,192,D65/Rue du champ fleury,47.01525,-0.74425,Crépuscule ou aube,Hors agglomération,Intersection en X,Normale,Deux véhicules - côté,,,,,,,,,,,2,1,2,1.0,3.0
201700025973,0017-03-26 04:35:00,17,3,26,4,35,490,92,10 rue croix renaudeau,47.21515,-0.71178,Nuit sans éclairage public,Hors agglomération,Hors intersection,Normale,Autre collision,,,,,,,,,,,3,1,1,1.0,6.0
201700025974,0017-05-03 10:30:00,17,5,3,10,30,490,192,Intersection Rue du cham,47.0145,-0.74055,Plein jour,Hors agglomération,Intersection en X,Normale,Deux véhicules - côté,,,,,,,,,,,1,1,2,1.0,3.0
201700025975,0017-06-13 07:50:00,17,6,13,7,50,490,355,la gatine,47.13655,-0.81503,Plein jour,Hors agglomération,Autre intersection,Normale,Deux véhicules - arrière,,,,,,,,,,,1,1,9,1.0,2.0
201700025976,0017-06-21 07:10:00,17,6,21,7,10,490,355,D160 à hauteur de La Met,47.12246,-0.79781,Plein jour,Hors agglomération,Hors intersection,Normale,Deux véhicules - frontale,,,,,,,,,,,1,1,1,1.0,1.0
201700025977,0017-07-14 11:00:00,17,7,14,11,0,490,192,ROND POINT DE LA MAIRE -,47.00675,-0.74525,Plein jour,En agglomération,Giratoire,Normale,Deux véhicules - côté,,,,,,,,,,,1,2,6,1.0,3.0
201700025978,0017-07-22 07:55:00,17,7,22,7,55,490,231,"lieu-dit ""Montbault"" - R",47.09469,-0.81108,Plein jour,Hors agglomération,Hors intersection,Normale,Sans collision,,,,,,,,,,,1,1,1,1.0,7.0
201700025979,0017-08-02 16:07:00,17,8,2,16,7,490,351,1 rue GEOFFROY,47.14499,-0.69743,Plein jour,En agglomération,Hors intersection,Normale,Autre collision,,,,,,,,,,,1,2,1,1.0,6.0
201700025980,0017-08-07 17:35:00,17,8,7,17,35,490,225,lieu dit le grand groute,47.27432,-0.829,Plein jour,Hors agglomération,Hors intersection,Normale,Deux véhicules - côté,,,,,,,,,,,1,1,1,1.0,3.0
201700025981,0017-08-22 11:15:00,17,8,22,11,15,490,195,route de Nuaillé,47.0558,-0.80712,Plein jour,Hors agglomération,Hors intersection,Normale,Deux véhicules - arrière,,,,,,,,,,,1,1,1,1.0,2.0
201700025982,0017-09-08 17:50:00,17,9,8,17,50,490,351,"C5, lieu dit la chabosse",47.1511,-0.66054,Plein jour,Hors agglomération,Hors intersection,Pluie légère,Deux véhicules - côté,,,,,,,,,,,1,1,1,2.0,3.0
201700025983,0017-09-11 12:36:00,17,9,11,12,36,490,355,La malnoue,47.10081,-0.82862,Plein jour,Hors agglomération,Hors intersection,Normale,Deux véhicules - frontale,,,,,,,,,,,1,1,1,1.0,1.0
201700025984,0017-09-13 11:00:00,17,9,13,11,0,490,381,lieu dit sourdine,47.06508,-0.72426,Plein jour,Hors agglomération,Hors intersection,Temps couvert,Autre collision,,,,,,,,,,,1,1,1,8.0,6.0
201700025985,0017-09-16 10:00:00,17,9,16,10,0,490,355,rond point de l'horloge,47.13072,-0.78236,Plein jour,Hors agglomération,Giratoire,Brouillard / fumée,Sans collision,,,,,,,,,,,1,1,6,5.0,7.0
201700025986,0017-10-08 06:35:00,17,10,8,6,35,490,70,lieu dit les poteries,47.09192,-0.73455,Nuit sans éclairage public,Hors agglomération,Hors intersection,Brouillard / fumée,Autre collision,,,,,,,,,,,3,1,1,5.0,6.0
201700025987,0017-11-05 09:40:00,17,11,5,9,40,490,371,rue du parc,47.11895,-0.70984,Plein jour,En agglomération,Intersection en Y,Normale,Deux véhicules - côté,,,,,,,,,,,1,2,4,1.0,3.0
201700025988,0017-10-25 08:00:00,17,10,25,8,0,490,58,route d'YZERNAY,47.00385,-0.64612,Plein jour,En agglomération,Hors intersection,Normale,Sans collision,,,,,,,,,,,1,2,1,1.0,7.0
201700025989,0017-12-16 08:50:00,17,12,16,8,50,490,74,D 756,47.20875,-0.81365,Plein jour,Hors agglomération,Hors intersection,Autre,Autre collision,,,,,,,,,,,1,1,1,9.0,6.0
201700025990,0017-01-27 08:45:00,17,1,27,8,45,180,125,"RD47, Route de savigny",47.47073,2.89533,Plein jour,Hors agglomération,Hors intersection,Autre,Autre collision,,,,,,,,,,,1,1,1,9.0,6.0
201700025991,0017-06-15 07:25:00,17,6,15,7,25,180,117,Jarsot,47.38309,2.69726,Plein jour,Hors agglomération,Intersection en T,Normale,Autre collision,,,,,,,,,,,1,1,3,1.0,6.0
201700025992,0017-07-10 13:45:00,17,7,10,13,45,180,168,les grands augerons,47.37005,2.65535,Plein jour,Hors agglomération,Hors intersection,Normale,Deux véhicules - arrière,,,,,,,,,,,1,1,1,1.0,2.0
201700025993,0017-07-09 10:45:00,17,7,9,10,45,180,116,RD 10 - RD 52,47.22959,2.77967,Plein jour,Hors agglomération,Intersection en X,Normale,Deux véhicules - côté,,,,,,,,,,,1,1,2,1.0,3.0
201700025994,0017-10-14 18:40:00,17,10,14,18,40,180,241,route de Ménétréol,47.32967,2.84995,Plein jour,Hors agglomération,Hors intersection,Normale,Autre collision,,,,,,,,,,,1,1,1,1.0,6.0
201700025995,0017-10-15 19:55:00,17,10,15,19,55,180,233,rue des ponts,47.3387,2.85925,Nuit avec éclairage allumé,En agglomération,Hors intersection,Normale,Autre collision,,,,,,,,,,,5,2,1,1.0,6.0
201700025996,0017-01-21 19:00:00,17,1,21,19,0,60,161,1810 r n 7,43.63298,7.13426,Nuit avec éclairage allumé,En agglomération,Hors intersection,Normale,Deux véhicules - côté,,,,,,,,,,,5,2,1,1.0,3.0
201700025997,0017-01-24 12:05:00,17,1,24,12,5,60,161,"rond point du mardaric,",43.65658,7.12022,Plein jour,En agglomération,Giratoire,Normale,Deux véhicules - côté,,,,,,,,,,,1,2,6,1.0,3.0
201700025998,0017-02-06 16:30:00,17,2,6,16,30,60,161,2732 rd 6007,43.62516,7.13165,Plein jour,En agglomération,Hors intersection,Normale,Deux véhicules - arrière,,,,,,,,,,,1,2,1,1.0,2.0
201700025999,0017-02-17 14:40:00,17,2,17,14,40,60,161,avenue des plans,43.65258,7.12741,Plein jour,En agglomération,Hors intersection,Normale,Deux véhicules - côté,,,,,,,,,,,1,2,1,1.0,3.0
201700026000,0017-02-13 15:30:00,17,2,13,15,30,60,44,rue yves klein,43.68574,7.10719,Plein jour,En agglomération,Autre intersection,Normale,Autre collision,,,,,,,,,,,1,2,9,1.0,6.0
201700026001,0017-02-23 09:30:00,17,2,23,9,30,60,161,270 avenue des maurettes,43.63071,7.13057,Plein jour,En agglomération,Autre intersection,Normale,Autre collision,,,,,,,,,,,1,2,9,1.0,6.0
201700026002,0017-03-10 17:45:00,17,3,10,17,45,60,161,rd 6007 - face de la gar,43.63068,7.13422,Plein jour,En agglomération,Hors intersection,Temps éblouissant,Deux véhicules - côté,,,,,,,,,,,1,2,1,7.0,3.0
201700026003,0017-03-20 18:35:00,17,3,20,18,35,60,161,2658 route départemental,43.62581,7.13192,Plein jour,En agglomération,Autre intersection,Normale,Trois véhicules et plus - collisions multiples,,,,,,,,,,,1,2,9,1.0,5.0
201700026004,0017-03-24 07:50:00,17,3,24,7,50,60,161,rd 6007,43.63986,7.13339,Crépuscule ou aube,En agglomération,Hors intersection,Pluie forte,Deux véhicules - côté,,,,,,,,,,,2,2,1,3.0,3.0
201700026005,0017-03-29 19:45:00,17,3,29,19,45,60,44,210 boulevard sauvaigo,43.68395,7.11345,Plein jour,En agglomération,Intersection en T,Normale,Deux véhicules - côté,,,,,,,,,,,1,2,3,1.0,3.0
201700026006,0017-03-31 17:30:00,17,3,31,17,30,60,44,avenue honoré teisseire,43.68578,7.10011,Plein jour,En agglomération,Hors intersection,Normale,Deux véhicules - arrière,,,,,,,,,,,1,2,1,1.0,2.0
201700026007,0017-04-25 21:00:00,17,4,25,21,0,60,161,193 route du bord de mer,43.66415,7.14226,Nuit avec éclairage allumé,En agglomération,Intersection en X,Normale,Autre collision,,,,,,,,,,,5,2,2,1.0,6.0
201700026008,0017-04-29 02:00:00,17,4,29,2,0,60,161,route de Grasse,43.65941,7.09584,Nuit sans éclairage public,Hors agglomération,Hors intersection,Normale,Sans collision,,,,,,,,,,,3,1,1,1.0,7.0
201700026009,0017-05-07 12:40:00,17,5,7,12,40,60,161,822 avenue de vaugrenier,43.62972,7.12147,Plein jour,En agglomération,Hors intersection,Normale,Sans collision,,,,,,,,,,,1,2,1,1.0,7.0
201700026010,0017-05-31 16:00:00,17,5,31,16,0,60,161,RD 6007,43.63598,7.13348,Plein jour,En agglomération,Intersection en X,Normale,Deux véhicules - côté,,,,,,,,,,,1,2,2,1.0,3.0
201700026011,0017-05-31 18:15:00,17,5,31,18,15,60,161,Parking du 970 Route Nat,43.64316,7.12187,Plein jour,En agglomération,Hors intersection,Normale,Deux véhicules - côté,,,,,,,,,,,1,2,1,1.0,3.0
201700026012,0017-06-03 21:00:00,17,6,3,21,0,60,161,avenue des baumettes,43.63719,7.1302,Crépuscule ou aube,En agglomération,Hors intersection,Normale,Sans collision,,,,,,,,,,,2,2,1,1.0,7.0
201700026013,0017-06-26 19:00:00,17,6,26,19,0,60,161,route départementale 600,43.64272,7.13307,Plein jour,En agglomération,Hors intersection,Normale,Autre collision,,,,,,,,,,,1,2,1,1.0,6.0
201700026014,0017-07-03 19:25:00,17,7,3,19,25,60,161,RD6007,43.62233,7.13037,Plein jour,Hors agglomération,Hors intersection,Normale,Deux véhicules - frontale,,,,,,,,,,,1,1,1,1.0,1.0
201700026015,0017-07-04 08:30:00,17,7,4,8,30,60,161,rd 6007,43.64272,7.13307,Plein jour,Hors agglomération,Hors intersection,Normale,Deux véhicules - arrière,,,,,,,,,,,1,1,1,1.0,2.0
201700026016,0017-07-11 11:15:00,17,7,11,11,15,60,161,RD 6007 - FACE BABALI,43.64272,7.13307,Plein jour,En agglomération,Hors intersection,Normale,Deux véhicules - côté,,,,,,,,,,,1,2,1,1.0,3.0
201700026017,0017-07-11 17:30:00,17,7,11,17,30,60,161,rd 6007 - parc de vaugre,43.61888,7.12912,Plein jour,Hors agglomération,Hors intersection,Normale,Deux véhicules - côté,,,,,,,,,,,1,1,1,1.0,3.0
201700026018,0017-07-24 07:50:00,17,7,24,7,50,60,44,1375 boulevard Honoré Te,43.68615,7.10263,Plein jour,En agglomération,Hors intersection,Normale,,,,,,,,,,,,1,2,1,1.0,
201700026019,0017-07-24 23:30:00,17,7,24,23,30,60,161,route du Bord de Mer,43.6426,7.1434,Nuit avec éclairage allumé,En agglomération,Autre intersection,Normale,Autre collision,,,,,,,,,,,5,2,9,1.0,6.0
201700026020,0017-07-25 00:30:00,17,7,25,0,30,60,161,avenue des Rives,43.64222,7.13612,Nuit avec éclairage allumé,En agglomération,Intersection en Y,Normale,Deux véhicules - côté,,,,,,,,,,,5,2,4,1.0,3.0
201700026021,0017-08-04 14:00:00,17,8,4,14,0,60,161,51 avenue des maurettes,43.62945,7.13367,Plein jour,En agglomération,Autre intersection,Normale,Deux véhicules - côté,,,,,,,,,,,1,2,9,1.0,3.0
201700026022,0017-08-05 02:00:00,17,8,5,2,0,60,161,Rd 6007,43.62717,7.13261,Nuit avec éclairage allumé,En agglomération,Hors intersection,Normale,Deux véhicules - côté,,,,,,,,,,,5,2,1,1.0,3.0
201700026023,0017-08-07 06:45:00,17,8,7,6,45,60,161,route de Nice,43.63655,7.13354,Crépuscule ou aube,En agglomération,Intersection en Y,Normale,Autre collision,,,,,,,,,,,2,2,4,1.0,6.0
201700026024,0017-08-06 21:40:00,17,8,6,21,40,60,44,avenue Pierre Sauvaigo,43.67753,7.12126,Nuit sans éclairage public,En agglomération,Hors intersection,Normale,Deux véhicules - côté,,,,,,,,,,,3,2,1,1.0,3.0
201700026025,0017-08-10 19:45:00,17,8,10,19,45,60,161,RD 6007 - FACE MCDONALD,43.63306,7.1343,Plein jour,En agglomération,Autre intersection,Normale,Deux véhicules - côté,,,,,,,,,,,1,2,9,1.0,3.0
201700026026,0017-08-16 16:00:00,17,8,16,16,0,60,161,1162 route Départemental,43.63897,7.13346,Plein jour,En agglomération,Hors intersection,Normale,Deux véhicules - côté,,,,,,,,,,,1,2,1,1.0,3.0
201700026027,0017-09-18 09:30:00,17,9,18,9,30,60,161,1261 Route du bord de me,43.63088,7.13489,Plein jour,En agglomération,Hors intersection,Normale,Deux véhicules - côté,,,,,,,,,,,1,2,1,1.0,3.0
201700026028,0017-09-29 17:20:00,17,9,29,17,20,60,161,292-322 d2,43.65369,7.12607,Plein jour,En agglomération,Intersection en T,Normale,Deux véhicules - côté,,,,,,,,,,,1,2,3,1.0,3.0
201700026029,0017-10-04 08:25:00,17,10,4,8,25,60,161,avenue des plans,43.65257,7.12741,Plein jour,En agglomération,Hors intersection,Normale,Deux véhicules - arrière,,,,,,,,,,,1,2,1,1.0,2.0
201700026030,0017-10-26 18:15:00,17,10,26,18,15,60,44,D6,43.68376,7.11087,Crépuscule ou aube,En agglomération,Intersection en T,Normale,Deux véhicules - côté,,,,,,,,,,,2,2,3,1.0,3.0
201700026031,0017-11-13 17:15:00,17,11,13,17,15,60,161,RD 6007,43.63879,7.13353,Crépuscule ou aube,En agglomération,Hors intersection,Normale,Deux véhicules - côté,,,,,,,,,,,2,2,1,1.0,3.0
201700026032,0017-11-25 17:05:00,17,11,25,17,5,60,161,Route de grasse,43.65678,7.11848,Plein jour,En agglomération,Hors intersection,Normale,Deux véhicules - côté,,,,,,,,,,,1,2,1,1.0,3.0
201700026033,0017-12-02 16:20:00,17,12,2,16,20,60,161,Route départementale 600,43.63436,7.13384,Plein jour,En agglomération,Intersection en X,Normale,Deux véhicules - frontale,,,,,,,,,,,1,2,2,1.0,1.0
201700026034,0017-12-04 18:10:00,17,12,4,18,10,60,161,Boulevard des Italiens,43.61943,7.13031,Nuit sans éclairage public,En agglomération,Hors intersection,Normale,Deux véhicules - arrière,,,,,,,,,,,3,2,1,1.0,2.0
201700026035,0017-12-22 16:50:00,17,12,22,16,50,60,161,2573 RD6007,43.63325,7.13422,Plein jour,En agglomération,Autre intersection,Normale,Autre collision,,,,,,,,,,,1,2,9,1.0,6.0
201700026036,0017-12-29 10:10:00,17,12,29,10,10,60,161,Avenue des Plans,43.65294,7.12682,Plein jour,En agglomération,Hors intersection,Normale,Trois véhicules et plus - collisions multiples,,,,,,,,,,,1,2,1,1.0,5.0
201700026037,0017-01-12 18:30:00,17,1,12,18,30,340,3,NEUF AGDE-LA TAMARISSIER,43.303,3.4609,Nuit sans éclairage public,Hors agglomération,Autre intersection,Normale,Autre collision,,,,,,,,,,,3,1,9,1.0,6.0
201700026038,0017-02-15 13:30:00,17,2,15,13,30,340,3,VENT DES DAMES (I13 A J1,43.28294,3.50294,Plein jour,En agglomération,Intersection en X,Pluie légère,Deux véhicules - côté,,,,,,,,,,,1,2,2,2.0,3.0
201700026039,0017-02-15 10:45:00,17,2,15,10,45,340,3,"aucun, SOLEIL (G15 A J18",43.30396,3.48453,Plein jour,En agglomération,Hors intersection,Pluie légère,Autre collision,,,,,,,,,,,1,2,1,2.0,6.0
201700026040,0017-03-30 18:30:00,17,3,30,18,30,340,3,PETIT (RUE LUCIEN),43.30313,3.46998,Plein jour,En agglomération,Hors intersection,Normale,Autre collision,,,,,,,,,,,1,2,1,1.0,6.0