accident_id,datetime,annee,mois,jour,heure,minute,departement,commune_insee,adresse,latitude,longitude,luminosite,agglomeration,intersection,meteo,collision,nb_vehicules,nb_usagers,nb_indemnes,nb_tues,nb_blesses_hosp,nb_blesses_legers,age_cond_1,age_cond_2,veh_type_cond_1,veh_type_cond_2,lum_code,agg_code,int_code,atm_code,col_code
201700026041,0017-04-06 15:00:00,17,4,6,15,0,340,3,CASSIN (J18 A I20,43.3,3.49,Plein jour,En agglomération,Hors intersection,Normale,Autre collision,,,,,,,,,,,1,2,1,1.0,6.0
201700026042,0017-03-29 13:15:00,17,3,29,13,15,340,3,"41, TRIERES (CHEMIN DES)",43.28694,3.46733,Plein jour,En agglomération,Hors intersection,Temps éblouissant,Deux véhicules - côté,,,,,,,,,,,1,2,1,7.0,3.0
201700026043,0017-04-11 14:45:00,17,4,11,14,45,340,3,"1, SOLEIL (G15 A J18",43.30423,3.4863,Plein jour,En agglomération,Intersection en T,Normale,Deux véhicules - côté,,,,,,,,,,,1,2,3,1.0,3.0
201700026044,0017-04-13 15:40:00,17,4,13,15,40,340,3,DE GAULLE (E14 A F15,43.3127,3.47393,Plein jour,En agglomération,Intersection en X,Normale,Deux véhicules - côté,,,,,,,,,,,1,2,2,1.0,3.0
201700026045,0017-05-16 13:40:00,17,5,16,13,40,340,3,QUAI DES TROIS FRERES AZ,43.31472,3.4696,Plein jour,En agglomération,Hors intersection,Normale,Deux véhicules - frontale,,,,,,,,,,,1,2,1,1.0,1.0
201700026046,0017-04-21 17:30:00,17,4,21,17,30,340,3,RD612,43.3,3.46,Plein jour,En agglomération,Hors intersection,Normale,Trois véhicules et plus - en chaîne,,,,,,,,,,,1,2,1,1.0,4.0
201700026047,0017-07-08 18:20:00,17,7,8,18,20,340,3,RD612,43.29,3.47,Plein jour,Hors agglomération,Hors intersection,Normale,Deux véhicules - frontale,,,,,,,,,,,1,1,1,1.0,1.0
201700026048,0017-08-21 16:30:00,17,8,21,16,30,340,3,"18, NOTRE-DAME A ST-MART",43.29133,3.46237,Plein jour,En agglomération,Hors intersection,Normale,Deux véhicules - frontale,,,,,,,,,,,1,2,1,1.0,1.0
201700026049,0017-07-19 08:50:00,17,7,19,8,50,340,3,RD612,43.29745,3.47484,Crépuscule ou aube,Hors agglomération,Hors intersection,Normale,Deux véhicules - côté,,,,,,,,,,,2,1,1,1.0,3.0
201700026050,0017-08-24 07:35:00,17,8,24,7,35,340,3,ROCHELONGUE (H7 A L6,43.29401,3.48038,Crépuscule ou aube,En agglomération,Hors intersection,Pluie légère,Deux véhicules - frontale,,,,,,,,,,,2,2,1,2.0,1.0
201700026051,0017-09-13 18:35:00,17,9,13,18,35,340,3,HALLEBARDES (AVENUE DES),43.28,3.51,Plein jour,En agglomération,Hors intersection,Normale,Deux véhicules - arrière,,,,,,,,,,,1,2,1,1.0,2.0
201700026052,0017-09-15 22:40:00,17,9,15,22,40,340,3,SOLEIL (G15 A J18,43.30877,3.47684,Nuit avec éclairage allumé,En agglomération,Giratoire,Normale,Deux véhicules - côté,,,,,,,,,,,5,2,6,1.0,3.0
201700026053,0017-09-22 17:55:00,17,9,22,17,55,340,3,TOURS DE SAINT-MARTIN (R,43.28221,3.49816,Plein jour,En agglomération,Giratoire,Temps éblouissant,Deux véhicules - côté,,,,,,,,,,,1,2,6,7.0,3.0
201700026054,0017-10-11 17:15:00,17,10,11,17,15,340,3,"22, JANIN (G15 A K16",43.30795,3.47653,Plein jour,En agglomération,Place,Normale,Deux véhicules - arrière,,,,,,,,,,,1,2,7,1.0,2.0
201700026055,0017-10-08 19:50:00,17,10,8,19,50,340,3,RD612,43.3005,3.46311,Nuit sans éclairage public,En agglomération,Hors intersection,Normale,Deux véhicules - côté,,,,,,,,,,,3,2,1,1.0,3.0
201700026056,0017-11-27 19:00:00,17,11,27,19,0,340,3,D 13 BESSAN (ROUTE DE),43.32883,3.4584,Nuit sans éclairage public,Hors agglomération,Hors intersection,Normale,Deux véhicules - arrière,,,,,,,,,,,3,1,1,1.0,2.0
201700026057,0017-01-05 09:15:00,17,1,5,9,15,340,32,"2, MALAFOSSE PIERRE (BD)",43.3455,3.25507,Plein jour,Hors agglomération,Hors intersection,Normale,Sans collision,,,,,,,,,,,1,1,1,1.0,7.0
201700026058,0017-01-14 09:00:00,17,1,14,9,0,340,32,"1, BREL JACQUES (RUE)",43.35144,3.21448,Plein jour,Hors agglomération,Hors intersection,Normale,Deux véhicules - arrière,,,,,,,,,,,1,1,1,1.0,2.0
201700026059,0017-02-14 07:50:00,17,2,14,7,50,340,32,"66, PASTEUR LOUIS (RUE)",43.33952,3.22524,Crépuscule ou aube,En agglomération,Intersection en X,Pluie légère,Deux véhicules - côté,,,,,,,,,,,2,2,2,2.0,3.0
201700026060,0017-02-17 03:00:00,17,2,17,3,0,340,32,"1, VINGT DEUX SEPTEMBRE",43.33913,3.21024,Nuit avec éclairage allumé,En agglomération,Hors intersection,Normale,Sans collision,,,,,,,,,,,5,2,1,1.0,7.0
201700026061,0017-02-21 18:00:00,17,2,21,18,0,340,32,"NR, ANGLETERRE (BD D')",43.3484,3.21435,Plein jour,Hors agglomération,Intersection en T,Normale,Sans collision,,,,,,,,,,,1,1,3,1.0,7.0
201700026062,0017-02-26 08:00:00,17,2,26,8,0,340,32,ROUTE DEPARTEMENTALE NR.,43.33168,3.18563,Plein jour,Hors agglomération,Hors intersection,Normale,Trois véhicules et plus - collisions multiples,,,,,,,,,,,1,1,1,1.0,5.0
201700026063,0017-03-18 17:35:00,17,3,18,17,35,340,32,"0, PASTEUR LOUIS (RUE)",43.33996,3.2246,Plein jour,En agglomération,Intersection en X,Normale,Deux véhicules - frontale,,,,,,,,,,,1,2,2,1.0,1.0
201700026064,0017-03-29 13:20:00,17,3,29,13,20,340,32,"7 BIS, COUBERTIN PIERRE",43.3379,3.20346,Plein jour,En agglomération,Autre intersection,Normale,Deux véhicules - côté,,,,,,,,,,,1,2,9,1.0,3.0
201700026065,0017-03-29 16:25:00,17,3,29,16,25,340,32,RHIN ET DANUBE (AV.),43.354,3.23023,Plein jour,Hors agglomération,Intersection en T,Normale,Sans collision,,,,,,,,,,,1,1,3,1.0,7.0
201700026066,0017-04-13 12:15:00,17,4,13,12,15,340,32,"34, VERDIER PIERRE (AV)",43.34453,3.23156,Plein jour,En agglomération,Hors intersection,Normale,Deux véhicules - côté,,,,,,,,,,,1,2,1,1.0,3.0
201700026067,0017-05-01 21:20:00,17,5,1,21,20,340,32,"4, FONT-NEUVE (PLACE DE",43.353,3.21848,Nuit avec éclairage allumé,En agglomération,Hors intersection,Normale,Autre collision,,,,,,,,,,,5,2,1,1.0,6.0
201700026068,0017-05-02 15:40:00,17,5,2,15,40,340,32,ROUTE DEPARTEMENTALE 612,43.3639,3.2385,Plein jour,Hors agglomération,Hors intersection,Normale,Deux véhicules - frontale,,,,,,,,,,,1,1,1,1.0,1.0
201700026069,0017-05-05 17:00:00,17,5,5,17,0,340,32,PECH HENRI (AV),43.35406,3.22392,Plein jour,En agglomération,Intersection en T,Normale,Deux véhicules - côté,,,,,,,,,,,1,2,3,1.0,3.0
201700026070,0017-05-16 10:40:00,17,5,16,10,40,340,32,ROUTE DEPARTEMENTALE NR.,43.35677,3.3062,Plein jour,Hors agglomération,Hors intersection,Normale,Deux véhicules - frontale,,,,,,,,,,,1,1,1,1.0,1.0
201700026071,0017-06-01 08:20:00,17,6,1,8,20,340,32,MARNE (AV DE LA),43.33905,3.2153,Plein jour,En agglomération,Hors intersection,Normale,Sans collision,,,,,,,,,,,1,2,1,1.0,7.0
201700026072,0017-06-07 12:30:00,17,6,7,12,30,340,32,ROUTE DE CORNEILHAN (RD.,43.37177,3.20868,Plein jour,Hors agglomération,Hors intersection,Normale,Deux véhicules - frontale,,,,,,,,,,,1,1,1,1.0,1.0
201700026073,0017-06-07 09:40:00,17,6,7,9,40,340,32,"16, LIBERTE (BD DE LA)",43.34131,3.22204,Plein jour,En agglomération,Intersection en T,Normale,Deux véhicules - frontale,,,,,,,,,,,1,2,3,1.0,1.0
201700026074,0017-06-21 19:00:00,17,6,21,19,0,340,32,ROUTE DE CAPESTANG (RD.1,43.3332,3.15661,Plein jour,Hors agglomération,Intersection en X,Normale,Deux véhicules - côté,,,,,,,,,,,1,1,2,1.0,3.0
201700026075,0017-07-06 18:30:00,17,7,6,18,30,340,32,"0, FRANCO JEAN (RUE)",43.33743,3.2517,Plein jour,En agglomération,Hors intersection,Normale,Deux véhicules - côté,,,,,,,,,,,1,2,1,1.0,3.0
201700026076,0017-07-07 16:00:00,17,7,7,16,0,340,336,"8, BEREGOVOY (AVENUE PIE",43.32352,3.26338,Plein jour,En agglomération,Hors intersection,Normale,Trois véhicules et plus - collisions multiples,,,,,,,,,,,1,2,1,1.0,5.0
201700026077,0017-07-09 04:50:00,17,7,9,4,50,340,336,HIRONDELLE (ROND POINT D,43.32096,3.28786,Nuit sans éclairage public,En agglomération,Giratoire,Normale,Sans collision,,,,,,,,,,,3,2,6,1.0,7.0
201700026078,0017-07-16 18:40:00,17,7,16,18,40,340,32,SERIGNAN (ROUTE DE),43.32958,3.21659,Plein jour,Hors agglomération,Hors intersection,Normale,Sans collision,,,,,,,,,,,1,1,1,1.0,7.0
201700026079,0017-07-19 09:20:00,17,7,19,9,20,340,32,"21, CLAPAREDE EMILE (AVE",43.34388,3.22714,Plein jour,En agglomération,Hors intersection,Normale,Sans collision,,,,,,,,,,,1,2,1,1.0,7.0
201700026080,0017-08-03 13:50:00,17,8,3,13,50,340,336,MEDITERRANEE (ROND POINT,43.32053,3.29391,Plein jour,Hors agglomération,Giratoire,Normale,Deux véhicules - côté,,,,,,,,,,,1,1,6,1.0,3.0
201700026081,0017-08-21 09:40:00,17,8,21,9,40,340,336,MEDITERRANEE (ROND POINT,43.32187,3.29289,Plein jour,Hors agglomération,Giratoire,Normale,Deux véhicules - côté,,,,,,,,,,,1,1,6,1.0,3.0
201700026082,0017-08-28 18:30:00,17,8,28,18,30,340,32,"NR, NARBONNE (ROUTE DE)",43.31532,3.18101,Plein jour,Hors agglomération,Hors intersection,Normale,Autre collision,,,,,,,,,,,1,1,1,1.0,6.0
201700026083,0017-09-15 12:00:00,17,9,15,12,0,340,32,"22, RIQUET PIERRE PAUL (",43.34363,3.21593,Plein jour,En agglomération,Hors intersection,Normale,Sans collision,,,,,,,,,,,1,2,1,1.0,7.0
201700026084,0017-09-18 01:00:00,17,9,18,1,0,340,32,ROUTE DEPARTEMENTALE 612,43.36669,3.21305,Nuit sans éclairage public,Hors agglomération,Hors intersection,Normale,Deux véhicules - frontale,,,,,,,,,,,3,1,1,1.0,1.0
201700026085,0017-09-27 14:30:00,17,9,27,14,30,340,32,ROSA PARKS (ALLEE),43.3347,3.2515,Plein jour,En agglomération,Intersection en X,Normale,Deux véhicules - côté,,,,,,,,,,,1,2,2,1.0,3.0
201700026086,0017-10-04 14:15:00,17,10,4,14,15,340,32,PECH DE VALRAS (AV DU),43.33787,3.24139,Plein jour,En agglomération,Intersection en Y,Normale,Deux véhicules - côté,,,,,,,,,,,1,2,4,1.0,3.0
201700026087,0017-11-07 15:45:00,17,11,7,15,45,340,32,"0, VOIE DOMITIENNE (AV D",43.34773,3.24726,Plein jour,En agglomération,Hors intersection,Normale,Sans collision,,,,,,,,,,,1,2,1,1.0,7.0
201700026088,0017-12-02 09:40:00,17,12,2,9,40,340,32,LESSEPS FERDINAND DE (RU,43.3516,3.23085,Plein jour,En agglomération,Intersection en T,Normale,Deux véhicules - côté,,,,,,,,,,,1,2,3,1.0,3.0
201700026089,0017-12-24 15:20:00,17,12,24,15,20,340,32,"0, CLEMENCEAU GEORGES (A",43.35019,3.22303,Plein jour,En agglomération,Hors intersection,Normale,Sans collision,,,,,,,,,,,1,2,1,1.0,7.0
201700026090,0017-01-03 07:15:00,17,1,3,7,15,340,172,"1608, SOULAS (AVENUE DU",43.62546,3.85205,Nuit avec éclairage allumé,En agglomération,Hors intersection,Normale,Deux véhicules - frontale,,,,,,,,,,,5,2,1,1.0,1.0
201700026091,0017-01-03 13:45:00,17,1,3,13,45,340,172,"., CHICOYNEAU DE LA VALE",43.63931,3.88518,Plein jour,En agglomération,Hors intersection,Normale,Autre collision,,,,,,,,,,,1,2,1,1.0,6.0
201700026092,0017-01-05 12:15:00,17,1,5,12,15,340,172,"., MENDE (ROUTE DE)",43.62322,3.87222,Plein jour,En agglomération,Hors intersection,Normale,Autre collision,,,,,,,,,,,1,2,1,1.0,6.0
201700026093,0017-01-05 13:55:00,17,1,5,13,55,340,172,"29, SAINT LOUIS (RUE)",43.61197,3.86644,Plein jour,En agglomération,Hors intersection,Normale,Autre collision,,,,,,,,,,,1,2,1,1.0,6.0
201700026094,0017-01-05 18:10:00,17,1,5,18,10,340,172,"42, GAMBETTA (COURS)",43.6076,3.86982,Nuit avec éclairage allumé,En agglomération,Hors intersection,Normale,Deux véhicules - côté,,,,,,,,,,,5,2,1,1.0,3.0
201700026095,0017-01-06 08:00:00,17,1,6,8,0,340,172,VIEILLE POSTE (RUE DE LA,43.61617,3.91037,Crépuscule ou aube,En agglomération,Intersection en X,Normale,Deux véhicules - frontale,,,,,,,,,,,2,2,2,1.0,1.0
201700026096,0017-01-06 19:00:00,17,1,6,19,0,340,172,"95, PALAVAS (AVENUE DE)",43.59409,3.88894,Nuit avec éclairage allumé,En agglomération,Hors intersection,Normale,Autre collision,,,,,,,,,,,5,2,1,1.0,6.0
201700026097,0017-01-06 14:45:00,17,1,6,14,45,340,172,"0, CHENAIE (RUE DE LA)",43.6355,3.86986,Plein jour,En agglomération,Hors intersection,Normale,Deux véhicules - côté,,,,,,,,,,,1,2,1,1.0,3.0
201700026098,0017-01-06 17:35:00,17,1,6,17,35,340,172,"0, FOCH (RUE)",43.61118,3.872,Crépuscule ou aube,En agglomération,Hors intersection,Normale,Sans collision,,,,,,,,,,,2,2,1,1.0,7.0
201700026099,0017-01-07 18:05:00,17,1,7,18,5,340,172,"42, ASSAS (AVENUE D')",43.61491,3.86435,Nuit avec éclairage allumé,En agglomération,Hors intersection,Normale,Sans collision,,,,,,,,,,,5,2,1,1.0,7.0
201700026100,0017-01-07 14:25:00,17,1,7,14,25,340,172,"0, CARRIEU (RUE MARIUS)",43.61781,3.84357,Plein jour,En agglomération,Hors intersection,Normale,Deux véhicules - arrière,,,,,,,,,,,1,2,1,1.0,2.0
201700026101,0017-01-11 10:30:00,17,1,11,10,30,340,172,"., VIEILLE POSTE (RUE DE",43.61821,3.91269,Plein jour,En agglomération,Hors intersection,Normale,Autre collision,,,,,,,,,,,1,2,1,1.0,6.0
201700026102,0017-01-13 07:30:00,17,1,13,7,30,340,129,D132,43.57257,3.89206,Nuit avec éclairage allumé,Hors agglomération,Hors intersection,Normale,Deux véhicules - frontale,,,,,,,,,,,5,1,1,1.0,1.0
201700026103,0017-01-12 17:25:00,17,1,12,17,25,340,172,HUIT MAI 1945 (PLACE,43.6014,3.86857,Crépuscule ou aube,En agglomération,Hors intersection,Normale,Deux véhicules - arrière,,,,,,,,,,,2,2,1,1.0,2.0
201700026104,0017-01-20 18:45:00,17,1,20,18,45,340,172,"48, VERDANSON (QUAI DU)",43.61492,3.88165,Nuit avec éclairage allumé,En agglomération,Hors intersection,Normale,Autre collision,,,,,,,,,,,5,2,1,1.0,6.0
201700026105,0017-01-20 23:00:00,17,1,20,23,0,340,172,LODEVE (AVENUE DE,43.61288,3.84382,Nuit avec éclairage allumé,En agglomération,Hors intersection,Normale,Deux véhicules - frontale,,,,,,,,,,,5,2,1,1.0,1.0
201700026106,0017-01-22 04:40:00,17,1,22,4,40,340,172,DOMITIENNE (VOIE),43.62382,3.86211,Nuit avec éclairage allumé,En agglomération,Hors intersection,Normale,Autre collision,,,,,,,,,,,5,2,1,1.0,6.0
201700026107,0017-01-26 20:05:00,17,1,26,20,5,340,172,"Sans, CHASSEURS (RUE DES",43.6003,3.85951,Nuit avec éclairage allumé,En agglomération,Intersection en Y,Normale,Deux véhicules - arrière,,,,,,,,,,,5,2,4,1.0,2.0
201700026108,0017-01-27 18:15:00,17,1,27,18,15,340,172,"814, ALCO (RUE D'",43.61846,3.83886,Nuit avec éclairage allumé,En agglomération,Hors intersection,Normale,Autre collision,,,,,,,,,,,5,2,1,1.0,6.0
201700026109,0017-01-22 16:25:00,17,1,22,16,25,340,172,PAVELET (AVENUE DU COLON,43.58922,3.85707,Plein jour,En agglomération,Hors intersection,Temps couvert,Deux véhicules - frontale,,,,,,,,,,,1,2,1,8.0,1.0
201700026110,0017-01-20 10:08:00,17,1,20,10,8,340,172,"56, ECOLE D'AGRICULTURE-",43.61486,3.85706,Plein jour,En agglomération,Hors intersection,Normale,Deux véhicules - côté,,,,,,,,,,,1,2,1,1.0,3.0
201700026111,0017-01-29 10:40:00,17,1,29,10,40,340,172,"., BIONNE (RUE DE)",43.6091,3.8212,Plein jour,Hors agglomération,Hors intersection,Normale,Deux véhicules - frontale,,,,,,,,,,,1,1,1,1.0,1.0
201700026112,0017-01-27 06:40:00,17,1,27,6,40,340,172,"0, 8 MAI 1945 (PLACE DU)",43.6008,3.86776,Nuit avec éclairage allumé,En agglomération,Intersection en X,Pluie légère,Deux véhicules - côté,,,,,,,,,,,5,2,2,2.0,3.0
201700026113,0017-01-31 12:15:00,17,1,31,12,15,340,172,HEIDELBERG (AVENUE DE),43.62694,3.81504,Plein jour,En agglomération,Hors intersection,Pluie légère,Autre collision,,,,,,,,,,,1,2,1,2.0,6.0
201700026114,0017-02-02 16:06:00,17,2,2,16,6,340,172,"., ERNEST HEMINGWAY (AVE",43.63857,3.82931,Plein jour,En agglomération,Hors intersection,Temps couvert,Autre collision,,,,,,,,,,,1,2,1,8.0,6.0
201700026115,0017-02-04 17:30:00,17,2,4,17,30,340,129,D116,43.56925,3.87254,Plein jour,Hors agglomération,Hors intersection,Normale,Autre collision,,,,,,,,,,,1,1,1,1.0,6.0
201700026116,0017-01-30 12:30:00,17,1,30,12,30,340,172,"467, MENDE (ROUTE DE)",43.62682,3.86976,Plein jour,En agglomération,Hors intersection,Normale,Autre collision,,,,,,,,,,,1,2,1,1.0,6.0
201700026117,0017-02-07 15:00:00,17,2,7,15,0,340,172,RAYMOND DUGRAND (AVENUE),43.5911,3.90886,Plein jour,En agglomération,Intersection en X,Normale,Deux véhicules - côté,,,,,,,,,,,1,2,2,1.0,3.0
201700026118,0017-02-07 19:20:00,17,2,7,19,20,340,172,"sans, ACCONIERS (RUE DES",43.59713,3.89992,Nuit avec éclairage allumé,En agglomération,Hors intersection,Normale,Autre collision,,,,,,,,,,,5,2,1,1.0,6.0
201700026119,0017-02-12 04:30:00,17,2,12,4,30,340,172,LIBERTE (AVENUE DE LA,43.60295,3.86616,Nuit avec éclairage allumé,En agglomération,Hors intersection,Temps couvert,Autre collision,,,,,,,,,,,5,2,1,8.0,6.0
201700026120,0017-02-14 15:00:00,17,2,14,15,0,340,172,"166, LODEVE (AVENUE DE",43.61322,3.84231,Plein jour,En agglomération,Hors intersection,Temps couvert,Deux véhicules - arrière,,,,,,,,,,,1,2,1,8.0,2.0
201700026121,0017-02-16 11:00:00,17,2,16,11,0,340,172,"108, PONT JUVENAL (AVENU",43.60575,3.89391,Plein jour,En agglomération,Hors intersection,Normale,Deux véhicules - frontale,,,,,,,,,,,1,2,1,1.0,1.0
201700026122,0017-02-18 12:15:00,17,2,18,12,15,340,172,"12, MARES (AVENUE HENRI)",43.62032,3.85601,Plein jour,En agglomération,Hors intersection,Normale,Autre collision,,,,,,,,,,,1,2,1,1.0,6.0
201700026123,0017-02-19 03:40:00,17,2,19,3,40,340,172,"SANS, LIBERTE (AVENUE DE",43.60915,3.84045,Nuit avec éclairage allumé,En agglomération,Hors intersection,Normale,Sans collision,,,,,,,,,,,5,2,1,1.0,7.0
201700026124,0017-02-20 14:00:00,17,2,20,14,0,340,172,"58, FLAHAULT (AVENUE CHA",43.6265,3.85957,Plein jour,En agglomération,Hors intersection,Normale,Trois véhicules et plus - en chaîne,,,,,,,,,,,1,2,1,1.0,4.0
201700026125,0017-02-20 16:35:00,17,2,20,16,35,340,172,"., MONSIEUR TESTE (AVENU",43.60638,3.83707,Plein jour,En agglomération,Intersection en X,Normale,Autre collision,,,,,,,,,,,1,2,2,1.0,6.0
201700026126,0017-02-21 09:00:00,17,2,21,9,0,340,172,"25, SAINT GUILHEM (RUE)",43.60921,3.87471,Plein jour,En agglomération,Intersection en T,Normale,Autre collision,,,,,,,,,,,1,2,3,1.0,6.0
201700026127,0017-02-22 19:00:00,17,2,22,19,0,340,172,SAINT LAZARE (AVENUE DE),43.62475,3.88917,Nuit avec éclairage allumé,En agglomération,Intersection en X,Normale,Deux véhicules - frontale,,,,,,,,,,,5,2,2,1.0,1.0
201700026128,0017-02-24 07:15:00,17,2,24,7,15,340,172,VIEILLE POSTE (RUE DE LA,43.61342,3.90496,Plein jour,En agglomération,Intersection en X,Normale,Autre collision,,,,,,,,,,,1,2,2,1.0,6.0
201700026129,0017-03-01 20:30:00,17,3,1,20,30,340,172,"SANS, DUBOUT (AVENUE ALB",43.597,3.88057,Nuit avec éclairage allumé,En agglomération,Intersection en X,Normale,Deux véhicules - côté,,,,,,,,,,,5,2,2,1.0,3.0
201700026130,0017-03-02 08:20:00,17,3,2,8,20,340,172,LODEVE (AVENUE DE,43.61354,3.8415,Plein jour,En agglomération,Hors intersection,Normale,Autre collision,,,,,,,,,,,1,2,1,1.0,6.0
201700026131,0017-03-02 09:00:00,17,3,2,9,0,340,172,FAJON (ROND-POINT PAUL),43.59574,3.83683,Plein jour,En agglomération,Hors intersection,Normale,Deux véhicules - frontale,,,,,,,,,,,1,2,1,1.0,1.0
201700026132,0017-03-06 20:30:00,17,3,6,20,30,340,198,"SANS, D21E",43.57703,3.9332,Nuit sans éclairage public,Hors agglomération,Intersection en X,Normale,Deux véhicules - côté,,,,,,,,,,,3,1,2,1.0,3.0
201700026133,0017-03-08 23:40:00,17,3,8,23,40,340,172,"SANS, GANGES (ROUTE DE",43.64401,3.84406,Nuit avec éclairage allumé,Hors agglomération,Hors intersection,Normale,Sans collision,,,,,,,,,,,5,1,1,1.0,7.0
201700026134,0017-03-09 18:20:00,17,3,9,18,20,340,172,"., ACCONIERS (RUE DES)",43.59556,3.89675,Plein jour,En agglomération,Hors intersection,Normale,Deux véhicules - côté,,,,,,,,,,,1,2,1,1.0,3.0
201700026135,0017-03-16 07:20:00,17,3,16,7,20,340,172,MARES (AVENUE HENRI),43.62026,3.85563,Plein jour,En agglomération,Hors intersection,Normale,Autre collision,,,,,,,,,,,1,2,1,1.0,6.0
201700026136,0017-03-16 17:15:00,17,3,16,17,15,340,172,"108, JUVENAL (PONT)",43.6059,3.8941,Plein jour,En agglomération,Hors intersection,Normale,Deux véhicules - côté,,,,,,,,,,,1,2,1,1.0,3.0
201700026137,0017-03-17 06:30:00,17,3,17,6,30,340,172,"., MONTELS SAINT PIERRE",43.58579,3.8764,Plein jour,En agglomération,Hors intersection,Normale,Deux véhicules - frontale,,,,,,,,,,,1,2,1,1.0,1.0
201700026138,0017-03-19 01:45:00,17,3,19,1,45,340,172,"SANS, PONT JUVENAL (AVEN",43.6055,3.88752,Nuit avec éclairage allumé,En agglomération,Intersection en X,Normale,Deux véhicules - côté,,,,,,,,,,,5,2,2,1.0,3.0
201700026139,0017-02-10 19:30:00,17,2,10,19,30,340,172,MAS ARGELLIERS (AVENUE D,43.58581,3.88859,Crépuscule ou aube,En agglomération,Hors intersection,Normale,Deux véhicules - côté,,,,,,,,,,,2,2,1,1.0,3.0
201700026140,0017-03-22 04:15:00,17,3,22,4,15,340,129,"0, CARNON (ROUTE DE  D21",43.58532,3.92007,Nuit avec éclairage allumé,Hors agglomération,Hors intersection,Normale,Autre collision,,,,,,,,,,,5,1,1,1.0,6.0
201700026141,0017-03-22 17:45:00,17,3,22,17,45,340,172,"sans, MOULINS (AVENUE DE",43.63173,3.84221,Plein jour,En agglomération,Hors intersection,Normale,Deux véhicules - arrière,,,,,,,,,,,1,2,1,1.0,2.0
201700026142,0017-03-22 19:00:00,17,3,22,19,0,340,172,"99, PALAVAS (AVENUE DE)",43.5935,3.88937,Nuit avec éclairage allumé,En agglomération,Hors intersection,Normale,Deux véhicules - arrière,,,,,,,,,,,5,2,1,1.0,2.0
201700026143,0017-03-23 11:30:00,17,3,23,11,30,340,172,"130, DON BOSCO (RUE)",43.60636,3.89108,Plein jour,En agglomération,Hors intersection,Normale,Deux véhicules - côté,,,,,,,,,,,1,2,1,1.0,3.0
201700026144,0017-03-24 09:30:00,17,3,24,9,30,340,172,"sans, ALCO (ROND POINT D",43.62554,3.83669,Plein jour,En agglomération,Hors intersection,Pluie légère,Deux véhicules - côté,,,,,,,,,,,1,2,1,2.0,3.0
201700026145,0017-03-26 18:50:00,17,3,26,18,50,340,172,"0, EUROPE (AVENUE DE L')",43.63741,3.82262,Plein jour,En agglomération,Intersection en X,Normale,Deux véhicules - côté,,,,,,,,,,,1,2,2,1.0,3.0
201700026146,0017-04-01 12:15:00,17,4,1,12,15,340,172,MOULARES (CHEMIN DE,43.59926,3.89345,Plein jour,En agglomération,Hors intersection,Normale,Deux véhicules - arrière,,,,,,,,,,,1,2,1,1.0,2.0
201700026147,0017-04-05 08:30:00,17,4,5,8,30,340,172,"sans, MADRID (CARREFOUR",43.60716,3.92472,Plein jour,En agglomération,Hors intersection,Normale,Deux véhicules - côté,,,,,,,,,,,1,2,1,1.0,3.0
201700026148,0017-04-05 11:05:00,17,4,5,11,5,340,172,ASSAS (AVENUE D'),43.61704,3.86127,Plein jour,En agglomération,Intersection en X,Normale,Deux véhicules - côté,,,,,,,,,,,1,2,2,1.0,3.0
201700026149,0017-04-01 08:30:00,17,4,1,8,30,340,172,JOUHAUX (AVENUE LEON),43.6085,3.82046,Plein jour,Hors agglomération,Hors intersection,Normale,Deux véhicules - frontale,,,,,,,,,,,1,1,1,1.0,1.0
201700026150,0017-04-06 13:15:00,17,4,6,13,15,340,129,"20, VINCI (AVENUE LEONAR",43.57219,3.90195,Plein jour,En agglomération,Intersection en T,Normale,Deux véhicules - côté,,,,,,,,,,,1,2,3,1.0,3.0
201700026151,0017-04-06 20:45:00,17,4,6,20,45,340,172,APOTHICAIRES (AVENUE DES,43.64348,3.83922,Nuit avec éclairage allumé,En agglomération,Hors intersection,Normale,Autre collision,,,,,,,,,,,5,2,1,1.0,6.0
201700026152,0017-04-07 00:20:00,17,4,7,0,20,340,172,HUGO (BOULEVARD VICTOR),43.60702,3.87841,Nuit avec éclairage allumé,En agglomération,Hors intersection,Normale,Autre collision,,,,,,,,,,,5,2,1,1.0,6.0
201700026153,0017-04-11 10:35:00,17,4,11,10,35,340,172,"18, BLANC (BOULEVARD LOU",43.61414,3.88024,Plein jour,En agglomération,Hors intersection,Normale,Sans collision,,,,,,,,,,,1,2,1,1.0,7.0
201700026154,0017-04-11 18:30:00,17,4,11,18,30,340,172,"184, LIEGE (RUE DE)",,,Plein jour,En agglomération,Hors intersection,Normale,Autre collision,,,,,,,,,,,1,2,1,1.0,6.0
201700026155,0017-04-13 21:45:00,17,4,13,21,45,340,172,JUSTICE DE CASTELNAU (AV,43.62611,3.87726,Nuit avec éclairage allumé,En agglomération,Intersection en T,Normale,Deux véhicules - frontale,,,,,,,,,,,5,2,3,1.0,1.0
201700026156,0017-04-15 16:00:00,17,4,15,16,0,340,172,"16, BOUSSAIROLLES (RUE)",43.60768,3.88139,Plein jour,En agglomération,Hors intersection,Normale,Sans collision,,,,,,,,,,,1,2,1,1.0,7.0
201700026157,0017-04-15 18:25:00,17,4,15,18,25,340,172,"sans, MONDIAL 98 (AVENUE",43.60322,3.90945,Plein jour,En agglomération,Hors intersection,Normale,Deux véhicules - arrière,,,,,,,,,,,1,2,1,1.0,2.0
201700026158,0017-04-16 11:15:00,17,4,16,11,15,340,172,"sans, VALERY (BOULEVARD",43.59266,3.85254,Plein jour,En agglomération,Intersection en X,Normale,Deux véhicules - arrière,,,,,,,,,,,1,2,2,1.0,2.0
201700026159,0017-04-17 04:30:00,17,4,17,4,30,340,172,"sans, CELLENEUVE (ROND-P",43.61362,3.83922,Nuit sans éclairage public,En agglomération,Hors intersection,Normale,Autre collision,,,,,,,,,,,3,2,1,1.0,6.0