accident_id,datetime,annee,mois,jour,heure,minute,departement,commune_insee,adresse,latitude,longitude,luminosite,agglomeration,intersection,meteo,collision,nb_vehicules,nb_usagers,nb_indemnes,nb_tues,nb_blesses_hosp,nb_blesses_legers,age_cond_1,age_cond_2,veh_type_cond_1,veh_type_cond_2,lum_code,agg_code,int_code,atm_code,col_code
201700026278,0017-09-23 19:40:00,17,9,23,19,40,340,172,"75, SARAGOSSE (RUE DE)",43.62456,3.81967,Plein jour,En agglomération,Hors intersection,Normale,Sans collision,,,,,,,,,,,1,2,1,1.0,7.0
201700026279,0017-09-22 11:00:00,17,9,22,11,0,340,172,"0, 8 MAI 1945 (PLACE DU)",43.60119,3.82828,Plein jour,En agglomération,Intersection en X,Normale,Deux véhicules - côté,,,,,,,,,,,1,2,2,1.0,3.0
201700026280,0017-09-26 14:05:00,17,9,26,14,5,340,129,"sans, PALAVAS D986 (ROUT",43.58113,3.89836,Plein jour,En agglomération,Hors intersection,Normale,Autre collision,,,,,,,,,,,1,2,1,1.0,6.0
201700026281,0017-09-29 01:25:00,17,9,29,1,25,340,172,LIBERTE (AVENUE DE LA,43.6056,3.86485,Nuit avec éclairage allumé,En agglomération,Hors intersection,Normale,Autre collision,,,,,,,,,,,5,2,1,1.0,6.0
201700026282,0017-10-02 15:30:00,17,10,2,15,30,340,172,"65, PALAVAS (AVENUE DE)",43.59694,3.88656,Plein jour,En agglomération,Hors intersection,Normale,Sans collision,,,,,,,,,,,1,2,1,1.0,7.0
201700026283,0017-10-05 11:20:00,17,10,5,11,20,340,172,"4, PARC PLAN DU",43.60559,3.87565,Plein jour,En agglomération,Hors intersection,Normale,Autre collision,,,,,,,,,,,1,2,1,1.0,6.0
201700026284,0017-10-06 10:07:00,17,10,6,10,7,340,172,"., BRUSSES (RUE DES)",43.63915,3.85427,Plein jour,En agglomération,Hors intersection,Normale,Autre collision,,,,,,,,,,,1,2,1,1.0,6.0
201700026285,0017-10-08 16:28:00,17,10,8,16,28,340,172,ANTONELLI (AVENUE DU PRO,43.60016,3.89621,Plein jour,En agglomération,Hors intersection,Normale,Autre collision,,,,,,,,,,,1,2,1,1.0,6.0
201700026286,0017-10-08 19:40:00,17,10,8,19,40,340,172,"sans, SABATIER D'ESPEYRA",43.62436,3.8627,Nuit avec éclairage allumé,En agglomération,Hors intersection,Normale,Deux véhicules - côté,,,,,,,,,,,5,2,1,1.0,3.0
201700026287,0017-10-05 20:25:00,17,10,5,20,25,340,172,JUVENAL (PONT),43.60613,3.89835,Nuit avec éclairage allumé,En agglomération,Giratoire,Normale,Deux véhicules - côté,,,,,,,,,,,5,2,6,1.0,3.0
201700026288,0017-10-09 08:50:00,17,10,9,8,50,340,172,LYRE (ROND-POINT DE LA),43.64082,3.84769,Plein jour,En agglomération,Hors intersection,Normale,Deux véhicules - côté,,,,,,,,,,,1,2,1,1.0,3.0
201700026289,0017-10-09 13:45:00,17,10,9,13,45,340,129,"sans, AGAU (AVENUE DE L'",43.59084,3.90842,Plein jour,Hors agglomération,Intersection en X,Normale,Deux véhicules - frontale,,,,,,,,,,,1,1,2,1.0,1.0
201700026290,0017-10-08 10:50:00,17,10,8,10,50,340,172,ESPINOUSE (RUE DE L'),43.6388,3.85064,Plein jour,En agglomération,Intersection en X,Normale,Autre collision,,,,,,,,,,,1,2,2,1.0,6.0
201700026291,0017-10-13 17:20:00,17,10,13,17,20,340,172,"190, LODEVE (AVENUE DE",43.61358,3.84006,Plein jour,En agglomération,Hors intersection,Normale,Autre collision,,,,,,,,,,,1,2,1,1.0,6.0
201700026292,0017-10-12 18:45:00,17,10,12,18,45,340,172,SORBES (RUE DE LAS,43.61489,3.85371,Plein jour,En agglomération,Hors intersection,Normale,Deux véhicules - frontale,,,,,,,,,,,1,2,1,1.0,1.0
201700026293,0017-10-16 17:45:00,17,10,16,17,45,340,172,GRASSET (AVENUE DU PROFE,43.62639,3.86614,Plein jour,En agglomération,Intersection en X,Normale,Autre collision,,,,,,,,,,,1,2,2,1.0,6.0
201700026294,0017-10-17 12:10:00,17,10,17,12,10,340,129,FIGUIERES (AVENUE DE),43.58568,3.929,Plein jour,En agglomération,Hors intersection,Normale,Autre collision,,,,,,,,,,,1,2,1,1.0,6.0
201700026295,0017-10-19 22:00:00,17,10,19,22,0,340,172,GIRAUD (AVENUE DU DOYEN,43.6344,3.84804,Nuit avec éclairage allumé,En agglomération,Hors intersection,Temps couvert,Deux véhicules - côté,,,,,,,,,,,5,2,1,8.0,3.0
201700026296,0017-10-20 15:50:00,17,10,20,15,50,340,172,MOULINS (AVENUE DES,43.63052,3.84215,Plein jour,En agglomération,Hors intersection,Normale,Deux véhicules - arrière,,,,,,,,,,,1,2,1,1.0,2.0
201700026297,0017-10-20 21:39:00,17,10,20,21,39,340,172,MOULARES (CHEMIN DE,43.60022,3.89455,Nuit avec éclairage allumé,En agglomération,Intersection en X,Normale,Deux véhicules - côté,,,,,,,,,,,5,2,2,1.0,3.0
201700026298,0017-10-20 21:50:00,17,10,20,21,50,340,172,"., BRIGADE LEGERE DU LAN",43.6269,3.86961,Nuit avec éclairage allumé,En agglomération,Hors intersection,Normale,Deux véhicules - côté,,,,,,,,,,,5,2,1,1.0,3.0
201700026299,0017-10-25 16:30:00,17,10,25,16,30,340,198,"sans, D172",43.57837,3.93701,Plein jour,En agglomération,Hors intersection,Normale,Deux véhicules - côté,,,,,,,,,,,1,2,1,1.0,3.0
201700026300,0017-10-25 23:14:00,17,10,25,23,14,340,172,"14, CHAPTAL (RUE)",43.60496,3.86993,Nuit avec éclairage allumé,En agglomération,Intersection en X,Normale,Deux véhicules - côté,,,,,,,,,,,5,2,2,1.0,3.0
201700026301,0017-10-26 13:07:00,17,10,26,13,7,340,172,RAMBLA DES CALISSONS (RU,43.58283,3.8578,Plein jour,En agglomération,Hors intersection,Normale,Autre collision,,,,,,,,,,,1,2,1,1.0,6.0
201700026302,0017-10-26 17:05:00,17,10,26,17,5,340,172,"., LONDRES (CARREFOUR DE",43.60206,3.91675,Plein jour,En agglomération,Hors intersection,Normale,Deux véhicules - arrière,,,,,,,,,,,1,2,1,1.0,2.0
201700026303,0017-10-28 01:45:00,17,10,28,1,45,340,172,MONTELS-EGLISE (RUE DE),43.57936,3.8786,Nuit avec éclairage allumé,En agglomération,Intersection en Y,Normale,Deux véhicules - côté,,,,,,,,,,,5,2,4,1.0,3.0
201700026304,0017-10-28 08:20:00,17,10,28,8,20,340,172,TOULOUSE (AVENUE DE,43.60038,3.86746,Plein jour,En agglomération,Intersection en T,Normale,Deux véhicules - côté,,,,,,,,,,,1,2,3,1.0,3.0
201700026305,0017-10-31 18:40:00,17,10,31,18,40,340,172,".sans, LIBERTE (AVENUE D",43.61137,3.82865,Nuit sans éclairage public,En agglomération,Hors intersection,Normale,Deux véhicules - côté,,,,,,,,,,,3,2,1,1.0,3.0
201700026306,0017-11-01 04:50:00,17,11,1,4,50,340,172,"1, AEROPORT INTERNATIONA",43.60699,3.89041,Nuit avec éclairage allumé,En agglomération,Intersection en X,Normale,Deux véhicules - côté,,,,,,,,,,,5,2,2,1.0,3.0
201700026307,0017-10-27 17:00:00,17,10,27,17,0,340,172,"sans, LIBERTE (AVENUE DE",43.59806,3.87393,Plein jour,En agglomération,Hors intersection,Normale,Deux véhicules - arrière,,,,,,,,,,,1,2,1,1.0,2.0
201700026308,0017-11-03 08:30:00,17,11,3,8,30,340,172,"721, EINSTEIN (AVENUE AL",43.60815,3.90636,Plein jour,En agglomération,Hors intersection,Normale,Deux véhicules - côté,,,,,,,,,,,1,2,1,1.0,3.0
201700026309,0017-11-03 18:30:00,17,11,3,18,30,340,198,D21  ROUTE DE CARNON,43.57781,3.93536,Nuit avec éclairage allumé,En agglomération,Intersection en X,Temps couvert,Autre collision,,,,,,,,,,,5,2,2,8.0,6.0
201700026310,0017-11-05 22:55:00,17,11,5,22,55,340,172,LIBERTE (AVENUE DE LA,43.60904,3.84054,Nuit avec éclairage allumé,En agglomération,Hors intersection,Normale,Deux véhicules - côté,,,,,,,,,,,5,2,1,1.0,3.0
201700026311,0017-11-08 22:15:00,17,11,8,22,15,340,172,MONDIAL 98 (AVENUE DU),43.6032,3.90973,Nuit avec éclairage allumé,En agglomération,Intersection en T,Normale,Autre collision,,,,,,,,,,,5,2,3,1.0,6.0
201700026312,0017-11-10 09:10:00,17,11,10,9,10,340,172,"sans, TANNEURS (QUAI DES",43.61527,3.87747,Plein jour,En agglomération,Intersection en T,Normale,Deux véhicules - frontale,,,,,,,,,,,1,2,3,1.0,1.0
201700026313,0017-10-28 08:00:00,17,10,28,8,0,340,172,"0, MILHAUD (BOULEVARD BE",43.61145,3.85893,Crépuscule ou aube,En agglomération,Intersection en T,Temps couvert,Deux véhicules - côté,,,,,,,,,,,2,2,3,8.0,3.0
201700026314,0017-11-08 12:35:00,17,11,8,12,35,340,172,"130, PALAVAS (AVENUE DE)",43.59506,3.88827,Plein jour,En agglomération,Hors intersection,Normale,Sans collision,,,,,,,,,,,1,2,1,1.0,7.0
201700026315,0017-11-11 14:30:00,17,11,11,14,30,340,172,"0, VANIERES (AVENUE DE)",43.59475,3.84938,Plein jour,En agglomération,Hors intersection,Normale,Trois véhicules et plus - en chaîne,,,,,,,,,,,1,2,1,1.0,4.0
201700026316,0017-11-12 06:15:00,17,11,12,6,15,340,129,PALAVAS D986 (ROUTE DE),43.56284,3.89399,Nuit avec éclairage allumé,Hors agglomération,Hors intersection,Normale,Deux véhicules - arrière,,,,,,,,,,,5,1,1,1.0,2.0
201700026317,0017-11-13 15:10:00,17,11,13,15,10,340,172,"59, TOULOUSE (AVENUE DE",43.59743,3.86419,Plein jour,En agglomération,Hors intersection,Normale,Deux véhicules - côté,,,,,,,,,,,1,2,1,1.0,3.0
201700026318,0017-11-14 15:20:00,17,11,14,15,20,340,172,LIBERTE (AVENUE DE LA,43.60408,3.86513,Plein jour,En agglomération,Hors intersection,Normale,Deux véhicules - côté,,,,,,,,,,,1,2,1,1.0,3.0
201700026319,0017-11-16 08:20:00,17,11,16,8,20,340,172,"., FABREGES (RUE FREDERI",43.59988,3.88079,Plein jour,En agglomération,Intersection en T,Normale,Deux véhicules - côté,,,,,,,,,,,1,2,3,1.0,3.0
201700026320,0017-11-16 09:00:00,17,11,16,9,0,340,172,"., CROIX CAPITAINE (AVEN",43.60281,3.86353,Plein jour,En agglomération,Hors intersection,Normale,Deux véhicules - frontale,,,,,,,,,,,1,2,1,1.0,1.0
201700026321,0017-11-17 08:45:00,17,11,17,8,45,340,172,"1574, SORBES (RUE DE LAS",43.61277,3.84631,Plein jour,En agglomération,Hors intersection,Normale,Trois véhicules et plus - en chaîne,,,,,,,,,,,1,2,1,1.0,4.0
201700026322,0017-11-19 05:00:00,17,11,19,5,0,340,172,NERUDA (AVENUE PABLO),43.61619,3.82056,Nuit avec éclairage allumé,En agglomération,Hors intersection,Normale,Sans collision,,,,,,,,,,,5,2,1,1.0,7.0
201700026323,0017-11-19 18:40:00,17,11,19,18,40,340,172,"116, FIGUEROLLES FAUBOUR",43.60516,3.85992,Nuit sans éclairage public,En agglomération,Hors intersection,Normale,Sans collision,,,,,,,,,,,3,2,1,1.0,7.0
201700026324,0017-11-20 11:05:00,17,11,20,11,5,340,172,"0, GALOIS (ROND-POINT EV",43.60884,3.91342,Plein jour,En agglomération,Giratoire,Normale,Deux véhicules - côté,,,,,,,,,,,1,2,6,1.0,3.0
201700026325,0017-11-25 15:40:00,17,11,25,15,40,340,172,"209, PEPINIERE (RUE DE L",43.61417,3.89035,Plein jour,En agglomération,Hors intersection,Temps éblouissant,Autre collision,,,,,,,,,,,1,2,1,7.0,6.0
201700026326,0017-11-25 18:10:00,17,11,25,18,10,340,172,CROIX CAPITAINE (AVENUE,43.60209,3.86643,Nuit avec éclairage allumé,En agglomération,Hors intersection,Normale,Sans collision,,,,,,,,,,,5,2,1,1.0,7.0
201700026327,0017-11-27 16:00:00,17,11,27,16,0,340,172,"18, MILHAUD (BOULEVARD B",43.61159,3.85989,Plein jour,En agglomération,Intersection en T,Normale,Deux véhicules - côté,,,,,,,,,,,1,2,3,1.0,3.0
201700026328,0017-11-29 17:10:00,17,11,29,17,10,340,172,"5, RIMBAUD (RUE PAUL)",43.61994,3.84999,Nuit avec éclairage allumé,En agglomération,Hors intersection,Normale,Autre collision,,,,,,,,,,,5,2,1,1.0,6.0
201700026329,0017-12-02 22:54:00,17,12,2,22,54,340,172,"13, TOULOUSE (AVENUE DE",43.60021,3.86807,Nuit avec éclairage allumé,En agglomération,Hors intersection,Normale,Autre collision,,,,,,,,,,,5,2,1,1.0,6.0
201700026330,0017-12-05 12:00:00,17,12,5,12,0,340,198,D172,43.57767,3.93549,Plein jour,En agglomération,Hors intersection,Normale,Autre collision,,,,,,,,,,,1,2,1,1.0,6.0
201700026331,0017-12-05 17:10:00,17,12,5,17,10,340,172,RIMBAUD (RUE PAUL),43.61826,3.84456,Crépuscule ou aube,En agglomération,Hors intersection,Normale,Deux véhicules - côté,,,,,,,,,,,2,2,1,1.0,3.0
201700026332,0017-12-10 05:10:00,17,12,10,5,10,340,172,PETIT TRAIN (AVENUE DU),43.59976,3.89391,Nuit avec éclairage allumé,En agglomération,Hors intersection,Pluie légère,Autre collision,,,,,,,,,,,5,2,1,2.0,6.0
201700026333,0017-12-12 17:45:00,17,12,12,17,45,340,172,APOTHICAIRES (AVENUE DES,43.65573,3.84391,Nuit avec éclairage allumé,En agglomération,Hors intersection,Normale,Deux véhicules - côté,,,,,,,,,,,5,2,1,1.0,3.0
201700026334,0017-12-12 17:10:00,17,12,12,17,10,340,172,GANGES (ROUTE DE,43.63436,3.84933,Nuit avec éclairage allumé,En agglomération,Hors intersection,Normale,Autre collision,,,,,,,,,,,5,2,1,1.0,6.0
201700026335,0017-12-13 17:25:00,17,12,13,17,25,340,172,DUBOUT (AVENUE ALBERT),43.59853,3.88914,Nuit avec éclairage allumé,En agglomération,Hors intersection,Normale,Trois véhicules et plus - en chaîne,,,,,,,,,,,5,2,1,1.0,4.0
201700026336,0017-12-14 15:45:00,17,12,14,15,45,340,172,PIOCH DE BOUTONNET (RUE,43.63426,3.87689,Plein jour,En agglomération,Intersection en T,Normale,Deux véhicules - côté,,,,,,,,,,,1,2,3,1.0,3.0
201700026337,0017-12-15 20:30:00,17,12,15,20,30,340,198,"34, TRIDENT D'OR (RUE DU",43.55841,3.95496,Nuit avec éclairage allumé,En agglomération,Hors intersection,Normale,Sans collision,,,,,,,,,,,5,2,1,1.0,7.0
201700026338,0017-12-17 01:25:00,17,12,17,1,25,340,172,VOIE DOMITIENNE (PLACE D,43.62398,3.86217,Nuit avec éclairage allumé,En agglomération,Intersection en T,Normale,Deux véhicules - côté,,,,,,,,,,,5,2,3,1.0,3.0
201700026339,0017-12-18 10:30:00,17,12,18,10,30,340,172,CLEMENCEAU (AVENUE GEORG,43.60443,3.87366,Plein jour,En agglomération,Intersection en T,Pluie légère,Deux véhicules - côté,,,,,,,,,,,1,2,3,2.0,3.0
201700026340,0017-12-18 11:30:00,17,12,18,11,30,340,172,"58 bis, CLEMENCEAU (AVEN",43.60152,3.8687,Plein jour,En agglomération,Intersection en X,Pluie légère,Deux véhicules - côté,,,,,,,,,,,1,2,2,2.0,3.0
201700026341,0017-12-20 00:01:00,17,12,20,0,1,340,172,"49, BERTHELOT (BOULEVARD",43.59957,3.87481,Nuit avec éclairage allumé,En agglomération,Hors intersection,Normale,Sans collision,,,,,,,,,,,5,2,1,1.0,7.0
201700026342,0017-12-21 00:02:00,17,12,21,0,2,340,198,D21E,43.55755,3.96408,Nuit sans éclairage public,En agglomération,Hors intersection,Normale,Autre collision,,,,,,,,,,,3,2,1,1.0,6.0
201700026343,0017-12-24 17:00:00,17,12,24,17,0,340,172,PAVELET (AVENUE DU COLON,43.58217,3.86353,Crépuscule ou aube,En agglomération,Hors intersection,Normale,Deux véhicules - côté,,,,,,,,,,,2,2,1,1.0,3.0
201700026344,0017-12-26 16:28:00,17,12,26,16,28,340,172,HUGO (BOULEVARD VICTOR),43.60681,3.85806,Plein jour,En agglomération,Intersection en T,Temps couvert,Autre collision,,,,,,,,,,,1,2,3,8.0,6.0
201700026345,0017-12-27 18:03:00,17,12,27,18,3,340,172,MAS ARGELLIERS (AVENUE D,43.58718,3.8895,Crépuscule ou aube,En agglomération,Hors intersection,Normale,Autre collision,,,,,,,,,,,2,2,1,1.0,6.0
201700026346,0017-12-31 16:55:00,17,12,31,16,55,340,172,"14, SAINT VINCENT DE PAU",43.62152,3.87506,Plein jour,En agglomération,Hors intersection,Temps couvert,Autre collision,,,,,,,,,,,1,2,1,8.0,6.0
201700026347,0017-01-03 09:10:00,17,1,3,9,10,340,301,"50, BOSC (QUAI DE)",43.40959,3.69419,Plein jour,En agglomération,Hors intersection,Normale,Deux véhicules - côté,,,,,,,,,,,1,2,1,1.0,3.0
201700026348,0017-11-14 13:55:00,17,11,14,13,55,340,301,"167, VERDUN (BOULEVARD D",43.411,3.6789,Plein jour,En agglomération,Hors intersection,Normale,Sans collision,,,,,,,,,,,1,2,1,1.0,7.0
201700026349,0017-01-06 05:15:00,17,1,6,5,15,340,301,SOURCE (AVENUE DE LA),43.40931,3.67331,Nuit avec éclairage allumé,En agglomération,Intersection en T,Normale,Deux véhicules - côté,,,,,,,,,,,5,2,3,1.0,3.0
201700026350,0017-11-14 17:50:00,17,11,14,17,50,340,301,"0, VERDUN (BOULEVARD DE)",43.3,3.3,Crépuscule ou aube,En agglomération,Intersection en T,Normale,Deux véhicules - côté,,,,,,,,,,,2,2,3,1.0,3.0
201700026351,0017-01-07 23:10:00,17,1,7,23,10,340,108,"38, MONTPELLIER (ROUTE D",43.45722,3.76259,Nuit avec éclairage allumé,En agglomération,Hors intersection,Normale,Autre collision,,,,,,,,,,,5,2,1,1.0,6.0
201700026352,0017-11-28 16:45:00,17,11,28,16,45,340,108,"0, MAL JUIN (AVENUE DU)",43.4339,3.7364,Plein jour,En agglomération,Hors intersection,Normale,Sans collision,,,,,,,,,,,1,2,1,1.0,7.0
201700026353,0017-02-16 07:10:00,17,2,16,7,10,340,108,RD 612,43.43596,3.71952,Crépuscule ou aube,Hors agglomération,Hors intersection,Brouillard / fumée,Deux véhicules - frontale,,,,,,,,,,,2,1,1,5.0,1.0
201700026354,0017-02-19 01:50:00,17,2,19,1,50,340,108,RD2 Route de Balaruc,43.42396,3.70825,Nuit sans éclairage public,Hors agglomération,Intersection en T,Normale,Deux véhicules - côté,,,,,,,,,,,3,1,3,1.0,3.0
201700026355,0017-03-01 16:20:00,17,3,1,16,20,340,108,RD 612,43.4487,3.76206,Plein jour,Hors agglomération,Hors intersection,Normale,Trois véhicules et plus - collisions multiples,,,,,,,,,,,1,1,1,1.0,5.0
201700026356,0017-03-19 14:00:00,17,3,19,14,0,340,108,RD 612,43.46785,3.76605,Plein jour,Hors agglomération,Hors intersection,Normale,Deux véhicules - frontale,,,,,,,,,,,1,1,1,1.0,1.0
201700026357,0017-04-06 14:35:00,17,4,6,14,35,340,301,BLANC CAMILLE (BOULEVARD,,,Plein jour,En agglomération,Hors intersection,Normale,Autre collision,,,,,,,,,,,1,2,1,1.0,6.0
201700026358,0017-04-10 14:55:00,17,4,10,14,55,340,301,"17, JOLIOT CURIE (BOULEV",43.39615,3.66921,Plein jour,En agglomération,Hors intersection,Normale,Trois véhicules et plus - collisions multiples,,,,,,,,,,,1,2,1,1.0,5.0
201700026359,0017-04-14 08:00:00,17,4,14,8,0,340,301,"61, BOSC (QUAI DE)",43.41123,3.69238,Plein jour,En agglomération,Hors intersection,Normale,Deux véhicules - côté,,,,,,,,,,,1,2,1,1.0,3.0
201700026360,0017-05-09 16:25:00,17,5,9,16,25,340,108,RD2 Route de Balaruc,43.43346,3.70232,Plein jour,Hors agglomération,Intersection en T,Normale,Deux véhicules - arrière,,,,,,,,,,,1,1,3,1.0,2.0
201700026361,0017-05-13 12:35:00,17,5,13,12,35,340,301,MONNET JEAN (AVENUE),43.39587,3.65913,Plein jour,Hors agglomération,Intersection en X,Normale,Deux véhicules - frontale,,,,,,,,,,,1,1,2,1.0,1.0
201700026362,0017-05-17 06:30:00,17,5,17,6,30,340,108,"0, RD 612",43.4362,3.75975,Plein jour,Hors agglomération,Hors intersection,Normale,Deux véhicules - côté,,,,,,,,,,,1,1,1,1.0,3.0
201700026363,0017-05-21 00:45:00,17,5,21,0,45,340,301,RD2 Route de Balaruc,43.41643,3.70635,Nuit sans éclairage public,Hors agglomération,Intersection en T,Normale,Deux véhicules - arrière,,,,,,,,,,,3,1,3,1.0,2.0
201700026364,0017-05-22 17:20:00,17,5,22,17,20,340,108,RD 612,43.4207,3.7662,Plein jour,Hors agglomération,Hors intersection,Normale,Trois véhicules et plus - collisions multiples,,,,,,,,,,,1,1,1,1.0,5.0
201700026365,0017-06-29 14:30:00,17,6,29,14,30,340,301,AGDE (ROUTE DE),43.39016,3.65049,Plein jour,Hors agglomération,Hors intersection,Normale,Deux véhicules - frontale,,,,,,,,,,,1,1,1,1.0,1.0
201700026366,0017-07-04 01:42:00,17,7,4,1,42,340,301,"5, CLERVILLE CHEVALIER D",43.40681,3.68436,Nuit avec éclairage allumé,En agglomération,Hors intersection,Normale,Deux véhicules - arrière,,,,,,,,,,,5,2,1,1.0,2.0
201700026367,0017-07-30 17:45:00,17,7,30,17,45,340,301,EAUX BLANCHES (ZONE INDU,43.42012,3.71744,Plein jour,Hors agglomération,Hors intersection,Normale,Autre collision,,,,,,,,,,,1,1,1,1.0,6.0
201700026368,0017-09-15 09:35:00,17,9,15,9,35,340,301,"0, VERDUN (BOULEVARD DE)",43.41255,3.68539,Plein jour,En agglomération,Hors intersection,Normale,Autre collision,,,,,,,,,,,1,2,1,1.0,6.0
201700026369,0017-09-20 14:00:00,17,9,20,14,0,340,301,"253, JUIN MARECHAL (AVEN",43.40725,3.70376,Plein jour,En agglomération,Hors intersection,Normale,Sans collision,,,,,,,,,,,1,2,1,1.0,7.0
201700026370,0017-09-20 17:45:00,17,9,20,17,45,340,108,RD 612,43.43788,3.76109,Plein jour,Hors agglomération,Hors intersection,Normale,Autre collision,,,,,,,,,,,1,1,1,1.0,6.0
201700026371,0017-09-23 11:05:00,17,9,23,11,5,340,108,MALRAUX ANDRE (AVENUE),43.42361,3.71218,Plein jour,Hors agglomération,Hors intersection,Normale,Deux véhicules - côté,,,,,,,,,,,1,1,1,1.0,3.0
201700026372,0017-09-24 12:25:00,17,9,24,12,25,340,301,BARBUSSE HENRI (RUE),43.40493,3.69211,Plein jour,En agglomération,Hors intersection,Normale,Deux véhicules - côté,,,,,,,,,,,1,2,1,1.0,3.0
201700026373,0017-10-09 18:25:00,17,10,9,18,25,340,108,RD 612,43.3,3.3,Plein jour,Hors agglomération,Hors intersection,Normale,Deux véhicules - frontale,,,,,,,,,,,1,1,1,1.0,1.0
201700026374,0017-01-17 10:20:00,17,1,17,10,20,350,115,"16, MALARD (RUE CHARLES)",48.35221,-1.19692,Plein jour,En agglomération,Hors intersection,Normale,Autre collision,,,,,,,,,,,1,2,1,1.0,6.0
201700026375,0017-01-26 18:00:00,17,1,26,18,0,350,115,PASTEUR (RUE),48.35038,-1.19662,Crépuscule ou aube,En agglomération,Intersection en T,Normale,Autre collision,,,,,,,,,,,2,2,3,1.0,6.0
201700026376,0017-02-09 11:30:00,17,2,9,11,30,350,115,"17, FAUCHEUX (BD JACQUES",48.35662,-1.20452,Plein jour,En agglomération,Giratoire,Normale,Autre collision,,,,,,,,,,,1,2,6,1.0,6.0
201700026377,0017-03-02 15:15:00,17,3,2,15,15,350,115,"27, DES FONTAINES (RUE)",48.35347,-1.21183,Plein jour,En agglomération,Hors intersection,Normale,Deux véhicules - frontale,,,,,,,,,,,1,2,1,1.0,1.0
201700026378,0017-04-28 13:20:00,17,4,28,13,20,350,115,"98, ROUSSIN (BOULEVARD E",48.3453,-1.1942,Plein jour,En agglomération,Hors intersection,Normale,Autre collision,,,,,,,,,,,1,2,1,1.0,6.0
201700026379,0017-05-07 17:30:00,17,5,7,17,30,350,150,"45, GUILLARDIERE (LA) LI",48.37577,-1.21245,Plein jour,En agglomération,Hors intersection,Normale,Sans collision,,,,,,,,,,,1,2,1,1.0,7.0
201700026380,0017-05-09 07:55:00,17,5,9,7,55,350,150,D 706,48.35503,-1.23035,Plein jour,Hors agglomération,Intersection en X,Normale,Deux véhicules - côté,,,,,,,,,,,1,1,2,1.0,3.0
201700026381,0017-05-22 20:05:00,17,5,22,20,5,350,115,"45, VERRERIE (AVENUE DE",48.3627,-1.18886,Plein jour,En agglomération,Hors intersection,Normale,Deux véhicules - côté,,,,,,,,,,,1,2,1,1.0,3.0
201700026382,0017-06-08 23:45:00,17,6,8,23,45,350,115,"16, VERRERIE (AVENUE DE",48.36017,-1.1915,Nuit avec éclairage allumé,En agglomération,Hors intersection,Normale,Deux véhicules - arrière,,,,,,,,,,,5,2,1,1.0,2.0
201700026383,0017-06-23 16:40:00,17,6,23,16,40,350,150,MONET (BD JEAN DE LA),48.36883,-1.19349,Plein jour,Hors agglomération,Hors intersection,Normale,Sans collision,,,,,,,,,,,1,1,1,1.0,7.0
201700026384,0017-06-25 04:20:00,17,6,25,4,20,350,150,"0, BUCHERONS (RUE DES)",48.36801,-1.2144,Nuit avec éclairage non allumé,En agglomération,Giratoire,Normale,Autre collision,,,,,,,,,,,4,2,6,1.0,6.0
201700026385,0017-08-22 21:20:00,17,8,22,21,20,350,150,"1, PILAIS (LA) LIEUX-DIT",48.35236,-1.2342,Nuit avec éclairage allumé,En agglomération,Hors intersection,Normale,Deux véhicules - arrière,,,,,,,,,,,5,2,1,1.0,2.0
201700026386,0017-08-28 15:45:00,17,8,28,15,45,350,150,"74, BLICHE (BOULEVARD DE",48.35282,-1.22368,Plein jour,En agglomération,Hors intersection,Normale,Autre collision,,,,,,,,,,,1,2,1,1.0,6.0
201700026387,0017-10-18 07:40:00,17,10,18,7,40,350,115,"9, SAINT GERMAIN (BOULEV",48.3621,-1.208,Nuit avec éclairage allumé,En agglomération,Hors intersection,Pluie légère,Autre collision,,,,,,,,,,,5,2,1,2.0,6.0
201700026388,0017-10-23 16:10:00,17,10,23,16,10,350,115,"3, MENDES FRANCE (RUE PI",48.34968,-1.20219,Plein jour,En agglomération,Intersection en T,Pluie légère,Autre collision,,,,,,,,,,,1,2,3,2.0,6.0
201700026389,0017-10-23 07:30:00,17,10,23,7,30,350,115,"20, GROSLAY (BD DE JUSQU",48.35408,-1.18652,Nuit avec éclairage allumé,En agglomération,Hors intersection,Pluie légère,Deux véhicules - côté,,,,,,,,,,,5,2,1,2.0,3.0
201700026390,0017-10-28 19:38:00,17,10,28,19,38,350,150,"7, La Martinais",48.36435,-1.22919,Nuit avec éclairage allumé,Hors agglomération,Hors intersection,Normale,Deux véhicules - arrière,,,,,,,,,,,5,1,1,1.0,2.0
201700026391,0017-11-07 18:15:00,17,11,7,18,15,350,115,"42, VERRERIE (AVENUE DE",48.36205,-1.18942,Nuit avec éclairage allumé,En agglomération,Hors intersection,Pluie légère,Autre collision,,,,,,,,,,,5,2,1,2.0,6.0
201700026392,0017-10-25 12:03:00,17,10,25,12,3,350,150,"62, BLICHE (BOULEVARD DE",48.3532,-1.2212,Plein jour,En agglomération,Hors intersection,Normale,Deux véhicules - arrière,,,,,,,,,,,1,2,1,1.0,2.0
201700026393,0017-11-07 18:50:00,17,11,7,18,50,350,115,"6, COINTAT (BD MICHEL)",48.34617,-1.18857,Crépuscule ou aube,En agglomération,Hors intersection,Pluie légère,Autre collision,,,,,,,,,,,2,2,1,2.0,6.0
201700026394,0017-11-28 10:10:00,17,11,28,10,10,350,115,"6, JAURES (BD JEAN)",48.35292,-1.20033,Plein jour,En agglomération,Hors intersection,Pluie légère,Autre collision,,,,,,,,,,,1,2,1,2.0,6.0