accident_id,datetime,annee,mois,jour,heure,minute,departement,commune_insee,adresse,latitude,longitude,luminosite,agglomeration,intersection,meteo,collision,nb_vehicules,nb_usagers,nb_indemnes,nb_tues,nb_blesses_hosp,nb_blesses_legers,age_cond_1,age_cond_2,veh_type_cond_1,veh_type_cond_2,lum_code,agg_code,int_code,atm_code,col_code
201700026632,0017-05-28 11:30:00,17,5,28,11,30,350,238,"00, RN136",48.10895,-1.59353,Plein jour,En agglomération,Hors intersection,Normale,Deux véhicules - côté,,,,,,,,,,,1,2,1,1.0,3.0
201700026633,0017-05-29 07:30:00,17,5,29,7,30,350,238,VEZIN (ROUTE DE),48.11629,-1.71391,Plein jour,En agglomération,Intersection à plus de 4 branches,Normale,Deux véhicules - côté,,,,,,,,,,,1,2,5,1.0,3.0
201700026634,0017-05-29 09:08:00,17,5,29,9,8,350,238,"00, TREGAIN (DE)",48.12541,-1.66086,Plein jour,Hors agglomération,Intersection en T,Pluie légère,Deux véhicules - côté,,,,,,,,,,,1,1,3,2.0,3.0
201700026635,0017-05-29 18:50:00,17,5,29,18,50,350,238,"00, FLANDRE (DE)",48.12303,-1.70846,Plein jour,En agglomération,Hors intersection,Normale,Autre collision,,,,,,,,,,,1,2,1,1.0,6.0
201700026636,0017-05-31 11:10:00,17,5,31,11,10,350,238,GAMBETTA,48.11111,-1.67466,Plein jour,En agglomération,Hors intersection,Normale,Deux véhicules - côté,,,,,,,,,,,1,2,1,1.0,3.0
201700026637,0017-05-31 20:00:00,17,5,31,20,0,350,238,"00, CHATEAU (AVENUE FRAN",48.11183,-1.64622,Plein jour,En agglomération,Giratoire,Normale,Deux véhicules - côté,,,,,,,,,,,1,2,6,1.0,3.0
201700026638,0017-05-13 20:25:00,17,5,13,20,25,350,238,"00, CHATILLON (DE)",48.1015,-1.67275,Plein jour,En agglomération,Hors intersection,Normale,Sans collision,,,,,,,,,,,1,2,1,1.0,7.0
201700026639,0017-05-13 11:18:00,17,5,13,11,18,350,238,"00, SAINT-JEAN BAPTISTE",48.11558,-1.70458,Plein jour,En agglomération,Hors intersection,Normale,Sans collision,,,,,,,,,,,1,2,1,1.0,7.0
201700026640,0017-06-01 05:28:00,17,6,1,5,28,350,238,LONGCHAMPS (PORTE DES),48.13998,-1.63394,Nuit sans éclairage public,Hors agglomération,Hors intersection,Normale,Sans collision,,,,,,,,,,,3,1,1,1.0,7.0
201700026641,0017-06-01 12:13:00,17,6,1,12,13,350,238,"26, ROUSSIN (ZACHARIE)",48.11959,-1.65803,Plein jour,En agglomération,Hors intersection,Normale,Autre collision,,,,,,,,,,,1,2,1,1.0,6.0
201700026642,0017-06-19 21:51:00,17,6,19,21,51,350,55,"00, VOIE DE LA LIBERTE",48.08262,-1.641,Crépuscule ou aube,Hors agglomération,Hors intersection,Normale,Sans collision,,,,,,,,,,,2,1,1,1.0,7.0
201700026643,0017-06-01 14:15:00,17,6,1,14,15,350,238,"00, PAYS-BAS (AVENUE DES",48.08356,-1.66107,Plein jour,En agglomération,Intersection en T,Normale,Deux véhicules - côté,,,,,,,,,,,1,2,3,1.0,3.0
201700026644,0017-06-01 19:24:00,17,6,1,19,24,350,238,", VALLES (JULES)",48.10356,-1.712,Plein jour,En agglomération,Giratoire,Normale,Autre collision,,,,,,,,,,,1,2,6,1.0,6.0
201700026645,0017-06-02 17:39:00,17,6,2,17,39,350,206,"00, PORTE DE BREQUIGNY",48.07885,-1.69384,Plein jour,Hors agglomération,Hors intersection,Normale,Trois véhicules et plus - en chaîne,,,,,,,,,,,1,1,1,1.0,4.0
201700026646,0017-06-02 11:00:00,17,6,2,11,0,350,238,"00, DESGREES (BD PAUL HU",48.09275,-1.64021,Plein jour,En agglomération,Giratoire,Normale,Deux véhicules - arrière,,,,,,,,,,,1,2,6,1.0,2.0
201700026647,0017-06-04 14:12:00,17,6,4,14,12,350,238,"00, SAINT-BRIEUC (DE)",48.11214,-1.70266,Plein jour,En agglomération,Intersection en X,Normale,Deux véhicules - côté,,,,,,,,,,,1,2,2,1.0,3.0
201700026648,0017-06-05 17:43:00,17,6,5,17,43,350,278,"00, PORTE DE ST MALO",48.1402,-1.69496,Plein jour,Hors agglomération,Hors intersection,Temps couvert,Deux véhicules - arrière,,,,,,,,,,,1,1,1,8.0,2.0
201700026649,0017-04-20 17:30:00,17,4,20,17,30,350,238,"00, ALBERT 1ER (BD)",48.08968,-1.68546,Plein jour,En agglomération,Intersection en T,Normale,Autre collision,,,,,,,,,,,1,2,3,1.0,6.0
201700026650,0017-06-06 17:44:00,17,6,6,17,44,350,238,"00, YOUGOSLAVIE (BD DE)",48.08826,-1.65679,Plein jour,En agglomération,Hors intersection,Normale,Deux véhicules - côté,,,,,,,,,,,1,2,1,1.0,3.0
201700026651,0017-06-07 17:43:00,17,6,7,17,43,350,238,PORTE DES LOGES,48.09146,-1.62804,Plein jour,Hors agglomération,Hors intersection,Normale,Trois véhicules et plus - en chaîne,,,,,,,,,,,1,1,1,1.0,4.0
201700026652,0017-06-08 07:16:00,17,6,8,7,16,350,281,"00, MERMOZ (BOULEVARD JE",48.0927,-1.70264,Plein jour,En agglomération,Hors intersection,Normale,Sans collision,,,,,,,,,,,1,2,1,1.0,7.0
201700026653,0017-06-08 13:20:00,17,6,8,13,20,350,238,"00, PATTON (AVENUE DU GE",48.13859,-1.6585,Plein jour,En agglomération,Intersection en X,Normale,Deux véhicules - côté,,,,,,,,,,,1,2,2,1.0,3.0
201700026654,0017-06-09 00:15:00,17,6,9,0,15,350,238,"00, MITTERAND (MAIL FRAN",48.10953,-1.68875,Nuit avec éclairage allumé,En agglomération,Hors intersection,Normale,Autre collision,,,,,,,,,,,5,2,1,1.0,6.0
201700026655,0017-06-09 14:04:00,17,6,9,14,4,350,238,"00, LIBERTE (BD DE LA)",48.1075,-1.67909,Plein jour,En agglomération,Intersection en X,Normale,Autre collision,,,,,,,,,,,1,2,2,1.0,6.0
201700026656,0017-06-10 20:21:00,17,6,10,20,21,350,238,"00, SUEDE (DE)",48.08669,-1.67725,Plein jour,En agglomération,Hors intersection,Normale,Autre collision,,,,,,,,,,,1,2,1,1.0,6.0
201700026657,0017-06-12 18:43:00,17,6,12,18,43,350,51,PORTE DE LA RIGOURDIERE,48.11496,-1.56398,Plein jour,Hors agglomération,Hors intersection,Normale,Deux véhicules - arrière,,,,,,,,,,,1,1,1,1.0,2.0
201700026658,0017-06-12 19:11:00,17,6,12,19,11,350,238,"00, DUCHESSE ANNE (BLD D",48.11705,-1.66644,Plein jour,En agglomération,Hors intersection,Normale,Trois véhicules et plus - en chaîne,,,,,,,,,,,1,2,1,1.0,4.0
201700026659,0017-06-12 21:15:00,17,6,12,21,15,350,278,"00, RD 29",48.15471,-1.70123,Plein jour,Hors agglomération,Giratoire,Normale,Sans collision,,,,,,,,,,,1,1,6,1.0,7.0
201700026660,0017-06-13 17:16:00,17,6,13,17,16,350,238,"00, TILLON (AVENUE CHARL",48.12456,-1.70551,Plein jour,En agglomération,Hors intersection,Normale,Autre collision,,,,,,,,,,,1,2,1,1.0,6.0
201700026661,0017-06-13 17:53:00,17,6,13,17,53,350,238,"49, MITTERAND (MAIL FRAN",48.10929,-1.68987,Plein jour,En agglomération,Hors intersection,Normale,Autre collision,,,,,,,,,,,1,2,1,1.0,6.0
201700026662,0017-06-14 01:55:00,17,6,14,1,55,350,238,"10, VILLEBOIS MAREUIL (B",48.10884,-1.65422,Nuit avec éclairage allumé,En agglomération,Hors intersection,Normale,Sans collision,,,,,,,,,,,5,2,1,1.0,7.0
201700026663,0017-06-14 17:19:00,17,6,14,17,19,350,238,"6, GUILLOUX (LOUIS)",48.1092,-1.69735,Plein jour,En agglomération,Intersection en T,Normale,Autre collision,,,,,,,,,,,1,2,3,1.0,6.0
201700026664,0017-06-14 23:50:00,17,6,14,23,50,350,238,"00, LONGCHAMPS (PORTE DE",48.14002,-1.63489,Nuit sans éclairage public,Hors agglomération,Hors intersection,Normale,Deux véhicules - arrière,,,,,,,,,,,3,1,1,1.0,2.0
201700026665,0017-06-15 10:20:00,17,6,15,10,20,350,238,"00, VERDUN (BD DE)",48.1235,-1.68466,Plein jour,En agglomération,Intersection en X,Normale,Autre collision,,,,,,,,,,,1,2,2,1.0,6.0
201700026666,0017-06-16 21:35:00,17,6,16,21,35,350,238,"00, BEAULIEU (ALLEE DE)",48.11901,-1.63512,Crépuscule ou aube,En agglomération,Hors intersection,Normale,Sans collision,,,,,,,,,,,2,2,1,1.0,7.0
201700026667,0017-06-17 01:15:00,17,6,17,1,15,350,238,"00, VALLES (JULES)",48.10243,-1.71507,Nuit avec éclairage allumé,Hors agglomération,Intersection en T,Normale,Deux véhicules - frontale,,,,,,,,,,,5,1,3,1.0,1.0
201700026668,0017-06-17 15:38:00,17,6,17,15,38,350,238,"4, QUINELEU (DE)",48.10151,-1.67152,Plein jour,En agglomération,Hors intersection,Normale,Autre collision,,,,,,,,,,,1,2,1,1.0,6.0
201700026669,0017-06-18 09:50:00,17,6,18,9,50,350,278,"3, DUCHESSE ANNE (RUE DE",48.15197,-1.68488,Plein jour,En agglomération,Intersection en X,Normale,Autre collision,,,,,,,,,,,1,2,2,1.0,6.0
201700026670,0017-06-19 19:42:00,17,6,19,19,42,350,238,"00, PASTEUR (PLACE)",48.11024,-1.6742,Plein jour,En agglomération,Intersection en X,Normale,Deux véhicules - côté,,,,,,,,,,,1,2,2,1.0,3.0
201700026671,0017-06-20 08:20:00,17,6,20,8,20,350,238,"137-139, LORIENT (DE)",48.10709,-1.72177,Plein jour,En agglomération,Hors intersection,Normale,Deux véhicules - arrière,,,,,,,,,,,1,2,1,1.0,2.0
201700026672,0017-06-20 19:46:00,17,6,20,19,46,350,238,"86, METZ (BD DE)",48.1194,-1.66085,Plein jour,En agglomération,Intersection en T,Normale,Autre collision,,,,,,,,,,,1,2,3,1.0,6.0
201700026673,0017-06-20 20:08:00,17,6,20,20,8,350,238,"00, Loriettes (Rue des)",48.08405,-1.68037,Plein jour,En agglomération,Hors intersection,Normale,Autre collision,,,,,,,,,,,1,2,1,1.0,6.0
201700026674,0017-06-21 12:30:00,17,6,21,12,30,350,238,"3, METZ (BD DE)",48.11697,-1.65895,Plein jour,En agglomération,Hors intersection,Normale,Deux véhicules - frontale,,,,,,,,,,,1,2,1,1.0,1.0
201700026675,0017-06-21 11:50:00,17,6,21,11,50,350,238,"262, CHATEAUGIRON (DE)",48.0935,-1.63284,Plein jour,En agglomération,Hors intersection,Normale,Deux véhicules - côté,,,,,,,,,,,1,2,1,1.0,3.0
201700026676,0017-06-22 07:40:00,17,6,22,7,40,350,55,ROCADE 3-4,48.09734,-1.61759,Plein jour,Hors agglomération,Hors intersection,Normale,Deux véhicules - arrière,,,,,,,,,,,1,1,1,1.0,2.0
201700026677,0017-06-22 12:52:00,17,6,22,12,52,350,278,"00, FORGE (RUE DE LA)",48.15128,-1.68522,Plein jour,En agglomération,Hors intersection,Normale,Deux véhicules - côté,,,,,,,,,,,1,2,1,1.0,3.0
201700026678,0017-06-23 09:08:00,17,6,23,9,8,350,238,"00, PAVIE (AUGUSTE)",48.10393,-1.63463,Plein jour,En agglomération,Intersection en T,Normale,Deux véhicules - côté,,,,,,,,,,,1,2,3,1.0,3.0
201700026679,0017-06-23 14:09:00,17,6,23,14,9,350,238,"216, LORIENT (DE)",48.1069,-1.72894,Plein jour,En agglomération,Hors intersection,Normale,Deux véhicules - arrière,,,,,,,,,,,1,2,1,1.0,2.0
201700026680,0017-06-23 17:51:00,17,6,23,17,51,350,278,"00, RN 136",48.14083,-1.68963,Plein jour,Hors agglomération,Hors intersection,Normale,Sans collision,,,,,,,,,,,1,1,1,1.0,7.0
201700026681,0017-06-23 16:49:00,17,6,23,16,49,350,55,"00, PARC (RUE DU)",48.08814,-1.60862,Plein jour,En agglomération,Giratoire,Normale,Autre collision,,,,,,,,,,,1,2,6,1.0,6.0
201700026682,0017-06-25 18:09:00,17,6,25,18,9,350,238,"00, CHURCHILL (AVENUE SI",48.12296,-1.7089,Plein jour,En agglomération,Intersection en X,Normale,Deux véhicules - côté,,,,,,,,,,,1,2,2,1.0,3.0
201700026683,0017-06-26 17:10:00,17,6,26,17,10,350,281,ROCADE,48.08944,-1.70395,Plein jour,Hors agglomération,Hors intersection,Normale,Deux véhicules - arrière,,,,,,,,,,,1,1,1,1.0,2.0
201700026684,0017-06-27 13:52:00,17,6,27,13,52,350,238,"14, TROUIN (QUAI DUGUAY)",48.11016,-1.68184,Plein jour,En agglomération,Hors intersection,Normale,Autre collision,,,,,,,,,,,1,2,1,1.0,6.0
201700026685,0017-06-28 09:05:00,17,6,28,9,5,350,238,"35, TOUR D'AUVERGNE (BD",48.10432,-1.6846,Plein jour,En agglomération,Hors intersection,Pluie légère,Autre collision,,,,,,,,,,,1,2,1,2.0,6.0
201700026686,0017-06-28 10:10:00,17,6,28,10,10,350,238,"13, LIBERTE (BD DE LA)",48.10741,-1.67613,Plein jour,En agglomération,Hors intersection,Pluie légère,Autre collision,,,,,,,,,,,1,2,1,2.0,6.0
201700026687,0017-06-28 13:45:00,17,6,28,13,45,350,238,LEGRAVEREND,48.11716,-1.68098,Plein jour,En agglomération,Hors intersection,Normale,Autre collision,,,,,,,,,,,1,2,1,1.0,6.0
201700026688,0017-06-28 16:09:00,17,6,28,16,9,350,238,"2, RONCERAY (PLACE DU)",48.09155,-1.64084,Plein jour,En agglomération,Autre intersection,Normale,Sans collision,,,,,,,,,,,1,2,9,1.0,7.0
201700026689,0017-06-28 17:27:00,17,6,28,17,27,350,238,"00, MITTERAND (MAIL FRAN",48.10917,-1.69032,Plein jour,En agglomération,Hors intersection,Normale,Deux véhicules - arrière,,,,,,,,,,,1,2,1,1.0,2.0
201700026690,0017-06-29 18:06:00,17,6,29,18,6,350,238,"11, BOIS RONDEL (DU)",48.11996,-1.67093,Plein jour,En agglomération,Intersection en X,Normale,Autre collision,,,,,,,,,,,1,2,2,1.0,6.0
201700026691,0017-06-29 20:12:00,17,6,29,20,12,350,51,"00, BOULAIS (ROND-POINT",48.1228,-1.62084,Plein jour,Hors agglomération,Giratoire,Temps couvert,Deux véhicules - frontale,,,,,,,,,,,1,1,6,8.0,1.0
201700026692,0017-06-30 02:59:00,17,6,30,2,59,350,238,"00, ROBERT (FERNAND)",48.13229,-1.70826,Nuit avec éclairage allumé,Hors agglomération,Hors intersection,Normale,Autre collision,,,,,,,,,,,5,1,1,1.0,6.0
201700026693,0017-06-30 13:07:00,17,6,30,13,7,350,238,"00, ROCADE 8-9",48.08058,-1.67291,Plein jour,Hors agglomération,Hors intersection,Pluie légère,Autre collision,,,,,,,,,,,1,1,1,2.0,6.0
201700026694,0017-06-30 09:26:00,17,6,30,9,26,350,238,"00, COLIN (PIERRE JOSEPH",48.11605,-1.71649,Plein jour,En agglomération,Giratoire,Pluie légère,Sans collision,,,,,,,,,,,1,2,6,2.0,7.0
201700026695,0017-07-01 08:59:00,17,7,1,8,59,350,238,"00, ALBERT 1ER (BD)",48.0895,-1.68274,Plein jour,En agglomération,Giratoire,Temps couvert,Autre collision,,,,,,,,,,,1,2,6,8.0,6.0
201700026696,0017-07-01 09:34:00,17,7,1,9,34,350,238,"10, GUEBRIANT (DE)",48.10411,-1.70452,Plein jour,En agglomération,Hors intersection,Temps couvert,Deux véhicules - frontale,,,,,,,,,,,1,2,1,8.0,1.0
201700026697,0017-07-01 19:39:00,17,7,1,19,39,350,238,"337, ROBIQUETTE ( BOULEV",48.13849,-1.69835,Plein jour,En agglomération,Intersection en Y,Normale,Trois véhicules et plus - collisions multiples,,,,,,,,,,,1,2,4,1.0,5.0
201700026698,0017-07-02 09:35:00,17,7,2,9,35,350,51,"112, FOUGERES (ROUTE DE)",48.15098,-1.59991,Plein jour,Hors agglomération,Hors intersection,Normale,Sans collision,,,,,,,,,,,1,1,1,1.0,7.0
201700026699,0017-07-03 06:57:00,17,7,3,6,57,350,238,"72, ANTRAIN (D') DE 43 E",48.1182,-1.67627,Crépuscule ou aube,En agglomération,Intersection en X,Normale,Deux véhicules - côté,,,,,,,,,,,2,2,2,1.0,3.0
201700026700,0017-07-03 17:25:00,17,7,3,17,25,350,238,ROCADE 14-15,48.11356,-1.71872,Plein jour,Hors agglomération,Hors intersection,Normale,Trois véhicules et plus - en chaîne,,,,,,,,,,,1,1,1,1.0,4.0
201700026701,0017-07-04 16:59:00,17,7,4,16,59,350,238,"00, REPUBLIQUE (PLACE DE",48.10984,-1.6794,Plein jour,En agglomération,Hors intersection,Normale,Autre collision,,,,,,,,,,,1,2,1,1.0,6.0
201700026702,0017-07-04 13:05:00,17,7,4,13,5,350,238,"21, ROOSEVELT (BD FRANKL",48.09662,-1.65956,Plein jour,En agglomération,Hors intersection,Normale,Deux véhicules - côté,,,,,,,,,,,1,2,1,1.0,3.0
201700026703,0017-07-06 12:20:00,17,7,6,12,20,350,238,"00, MAILLARD DE LA GOURN",48.11624,-1.71387,Plein jour,En agglomération,Intersection en T,Normale,Deux véhicules - côté,,,,,,,,,,,1,2,3,1.0,3.0
201700026704,0017-05-18 07:44:00,17,5,18,7,44,350,51,"1.500, PORTE DE LA VALET",48.11972,-1.57259,Plein jour,Hors agglomération,Hors intersection,Pluie forte,Sans collision,,,,,,,,,,,1,1,1,3.0,7.0
201700026705,0017-05-24 15:31:00,17,5,24,15,31,350,278,"00, MONTGERMONT (ROND PO",48.1547,-1.70099,Plein jour,En agglomération,Giratoire,Normale,Deux véhicules - côté,,,,,,,,,,,1,2,6,1.0,3.0
201700026706,0017-07-07 08:55:00,17,7,7,8,55,350,51,"00, RENNES (RUE DE)",48.11444,-1.6336,Plein jour,En agglomération,Giratoire,Normale,Autre collision,,,,,,,,,,,1,2,6,1.0,6.0
201700026707,0017-07-07 11:43:00,17,7,7,11,43,350,238,"155, LORIENT (DE)",48.10691,-1.72719,Plein jour,En agglomération,Hors intersection,Normale,Deux véhicules - arrière,,,,,,,,,,,1,2,1,1.0,2.0
201700026708,0017-07-07 12:49:00,17,7,7,12,49,350,238,"00, DE GAULLE (ESPLANADE",48.10627,-1.67753,Plein jour,En agglomération,Hors intersection,Pluie légère,Autre collision,,,,,,,,,,,1,2,1,2.0,6.0
201700026709,0017-07-07 21:39:00,17,7,7,21,39,350,238,"00, FREVILLE (AVENUE HEN",48.08369,-1.67508,Plein jour,En agglomération,Intersection en X,Normale,Deux véhicules - côté,,,,,,,,,,,1,2,2,1.0,3.0
201700026710,0017-07-07 21:30:00,17,7,7,21,30,350,278,"19.760, RN 136",48.14119,-1.6791,Crépuscule ou aube,Hors agglomération,Hors intersection,Normale,Sans collision,,,,,,,,,,,2,1,1,1.0,7.0
201700026711,0017-07-09 20:00:00,17,7,9,20,0,350,238,"165, LORIENT (DE)",48.10633,-1.73143,Plein jour,En agglomération,Hors intersection,Normale,Trois véhicules et plus - en chaîne,,,,,,,,,,,1,2,1,1.0,4.0
201700026712,0017-07-08 01:00:00,17,7,8,1,0,350,238,"00, DESGREES (BD PAUL HU",48.09407,-1.63838,Nuit avec éclairage allumé,En agglomération,Hors intersection,Normale,Sans collision,,,,,,,,,,,5,2,1,1.0,7.0
201700026713,0017-07-10 16:33:00,17,7,10,16,33,350,51,"00, ALLIES (BOULEVARD DE",48.1309,-1.62115,Plein jour,En agglomération,Intersection en T,Normale,Deux véhicules - côté,,,,,,,,,,,1,2,3,1.0,3.0
201700026714,0017-07-10 18:05:00,17,7,10,18,5,350,238,"00, PLANCHE (LIEU-DIT LA",48.0936,-1.74594,Plein jour,Hors agglomération,Hors intersection,Temps éblouissant,Autre collision,,,,,,,,,,,1,1,1,7.0,6.0
201700026715,0017-07-11 08:39:00,17,7,11,8,39,350,51,"00, HUBLAIS (AVENUE DE L",48.1143,-1.61539,Plein jour,En agglomération,Giratoire,Normale,Autre collision,,,,,,,,,,,1,2,6,1.0,6.0
201700026716,0017-07-13 12:22:00,17,7,13,12,22,350,238,"00, PORTE DE CLEUNAY",48.10212,-1.71616,Plein jour,Hors agglomération,Hors intersection,Normale,Deux véhicules - arrière,,,,,,,,,,,1,1,1,1.0,2.0
201700026717,0017-07-18 14:46:00,17,7,18,14,46,350,51,EST (ROCADE),48.14032,-1.58196,Plein jour,Hors agglomération,Hors intersection,Temps couvert,Sans collision,,,,,,,,,,,1,1,1,8.0,7.0
201700026718,0017-07-18 16:58:00,17,7,18,16,58,350,238,"44, ALMA (DE L')",48.10152,-1.6763,Plein jour,En agglomération,Hors intersection,Normale,Deux véhicules - arrière,,,,,,,,,,,1,2,1,1.0,2.0
201700026719,0017-07-19 01:00:00,17,7,19,1,0,350,24,RD 29,48.15472,-1.62457,Nuit sans éclairage public,Hors agglomération,Giratoire,Normale,Autre collision,,,,,,,,,,,3,1,6,1.0,6.0
201700026720,0017-07-20 00:34:00,17,7,20,0,34,350,278,"00, RD 137",48.17376,-1.71622,Nuit sans éclairage public,Hors agglomération,Hors intersection,Normale,Sans collision,,,,,,,,,,,3,1,1,1.0,7.0
201700026721,0017-07-27 17:56:00,17,7,27,17,56,350,206,"00, ROCADE",48.07947,-1.68647,Plein jour,Hors agglomération,Hors intersection,Normale,Deux véhicules - arrière,,,,,,,,,,,1,1,1,1.0,2.0
201700026722,0017-07-27 20:50:00,17,7,27,20,50,350,55,"00, RUE JOSEPHINE BAKER",48.08681,-1.6004,Plein jour,Hors agglomération,Intersection en T,Normale,Deux véhicules - côté,,,,,,,,,,,1,1,3,1.0,3.0
201700026723,0017-07-28 12:34:00,17,7,28,12,34,350,278,"00, FORGE (RUE DE LA)",48.15159,-1.68798,Plein jour,En agglomération,Hors intersection,Normale,Autre collision,,,,,,,,,,,1,2,1,1.0,6.0
201700026724,0017-07-29 00:20:00,17,7,29,0,20,350,238,"118, METZ (BD DE)",48.12121,-1.66224,Nuit avec éclairage allumé,En agglomération,Hors intersection,Normale,Autre collision,,,,,,,,,,,5,2,1,1.0,6.0
201700026725,0017-07-29 22:03:00,17,7,29,22,3,350,238,"95, MITTERAND (MAIL FRAN",48.10825,-1.69432,Nuit avec éclairage allumé,En agglomération,Hors intersection,Normale,Sans collision,,,,,,,,,,,5,2,1,1.0,7.0
201700026726,0017-07-30 07:18:00,17,7,30,7,18,350,238,"45, CHATEAUGIRON (DE)",48.10143,-1.65426,Plein jour,En agglomération,Hors intersection,Normale,Deux véhicules - frontale,,,,,,,,,,,1,2,1,1.0,1.0
201700026727,0017-07-30 16:16:00,17,7,30,16,16,350,238,"00, PORTUGAL (BD DU)",48.08357,-1.66107,Plein jour,En agglomération,Intersection en T,Temps couvert,Deux véhicules - côté,,,,,,,,,,,1,2,3,8.0,3.0
201700026728,0017-08-01 07:40:00,17,8,1,7,40,350,238,"00, CLEMENCEAU (BD GEORG",48.09374,-1.67455,Plein jour,En agglomération,Intersection en X,Normale,Autre collision,,,,,,,,,,,1,2,2,1.0,6.0
201700026729,0017-08-02 20:50:00,17,8,2,20,50,350,238,FOUGERES (ROUTE DE),48.128,-1.64928,Plein jour,En agglomération,Hors intersection,Normale,Autre collision,,,,,,,,,,,1,2,1,1.0,6.0
201700026730,0017-08-04 01:45:00,17,8,4,1,45,350,281,MERMOZ (BOULEVARD JEAN),48.09365,-1.69999,Nuit avec éclairage allumé,En agglomération,Hors intersection,Normale,Autre collision,,,,,,,,,,,5,2,1,1.0,6.0
201700026731,0017-08-04 16:25:00,17,8,4,16,25,350,238,"00, RN136",48.08043,-1.67262,Plein jour,En agglomération,Hors intersection,Pluie légère,Autre collision,,,,,,,,,,,1,2,1,2.0,6.0
201700026732,0017-08-05 11:03:00,17,8,5,11,3,350,238,"12, PRE BOTTE (DU)",48.10935,-1.67892,Plein jour,En agglomération,Hors intersection,Normale,Autre collision,,,,,,,,,,,1,2,1,1.0,6.0
201700026733,0017-08-07 08:40:00,17,8,7,8,40,350,238,"0, MARBEUF (BLD)",48.11205,-1.70234,Plein jour,En agglomération,Intersection en X,Normale,Deux véhicules - côté,,,,,,,,,,,1,2,2,1.0,3.0
201700026734,0017-08-07 14:30:00,17,8,7,14,30,350,278,"0, DE GAULLE (AVENUE GEN",48.13968,-1.68663,Plein jour,En agglomération,Hors intersection,Normale,Autre collision,,,,,,,,,,,1,2,1,1.0,6.0
201700026735,0017-08-07 21:15:00,17,8,7,21,15,350,55,"55, BONNIN ANDRE (AVENUE",48.08877,-1.62066,Plein jour,En agglomération,Intersection en T,Normale,Autre collision,,,,,,,,,,,1,2,3,1.0,6.0
201700026736,0017-08-08 07:40:00,17,8,8,7,40,350,238,"0, MOULIN DE JOUE (DU)",48.11411,-1.64811,Plein jour,En agglomération,Intersection en X,Pluie forte,Deux véhicules - côté,,,,,,,,,,,1,2,2,3.0,3.0
201700026737,0017-08-13 11:41:00,17,8,13,11,41,350,238,"00, PORTE ALMA",48.08062,-1.67607,Plein jour,Hors agglomération,Hors intersection,Normale,Sans collision,,,,,,,,,,,1,1,1,1.0,7.0
201700026738,0017-08-18 04:08:00,17,8,18,4,8,350,238,"00, BREST (DE)",48.1127,-1.69354,Nuit sans éclairage public,En agglomération,Intersection en X,Normale,Sans collision,,,,,,,,,,,3,2,2,1.0,7.0
201700026739,0017-08-18 08:05:00,17,8,18,8,5,350,281,"00, MERMOZ (BOULEVARD JE",48.09253,-1.70275,Plein jour,En agglomération,Giratoire,Temps couvert,Autre collision,,,,,,,,,,,1,2,6,8.0,6.0
201700026740,0017-08-18 19:29:00,17,8,18,19,29,350,238,FREVILLE (AVENUE HENRI),48.08364,-1.6745,Plein jour,En agglomération,Intersection en X,Normale,Deux véhicules - côté,,,,,,,,,,,1,2,2,1.0,3.0
201700026741,0017-08-19 20:15:00,17,8,19,20,15,350,238,LEGRAVEREND,48.1172,-1.68083,Plein jour,En agglomération,Intersection en X,Normale,Deux véhicules - frontale,,,,,,,,,,,1,2,2,1.0,1.0
201700026742,0017-08-19 22:10:00,17,8,19,22,10,350,238,CHATEAUGIRON (DE),48.09522,-1.63781,Nuit avec éclairage allumé,En agglomération,Intersection en X,Normale,Deux véhicules - côté,,,,,,,,,,,5,2,2,1.0,3.0
201700026743,0017-08-20 17:20:00,17,8,20,17,20,350,238,LANGEVIN (PAUL),48.09229,-1.65839,Plein jour,En agglomération,Intersection en X,Normale,Deux véhicules - côté,,,,,,,,,,,1,2,2,1.0,3.0
201700026744,0017-08-22 13:36:00,17,8,22,13,36,350,238,"00, BOSPHORE (DU)",48.08437,-1.67693,Plein jour,En agglomération,Intersection en T,Normale,Deux véhicules - côté,,,,,,,,,,,1,2,3,1.0,3.0
201700026745,0017-08-22 10:34:00,17,8,22,10,34,350,238,"83, GUERINAIS (BD DE LA)",48.10055,-1.71138,Plein jour,En agglomération,Hors intersection,Normale,Deux véhicules - arrière,,,,,,,,,,,1,2,1,1.0,2.0
201700026746,0017-08-23 11:12:00,17,8,23,11,12,350,238,JANVIER (AVENUE JEAN),48.10938,-1.67391,Plein jour,En agglomération,Intersection en X,Normale,Deux véhicules - côté,,,,,,,,,,,1,2,2,1.0,3.0
201700026747,0017-08-25 10:12:00,17,8,25,10,12,350,278,"00, CHESNAIS BEAUREGARD",48.14028,-1.68685,Plein jour,En agglomération,Giratoire,Normale,Deux véhicules - arrière,,,,,,,,,,,1,2,6,1.0,2.0
201700026748,0017-08-25 10:58:00,17,8,25,10,58,350,238,"70, VILLEBOIS MAREUIL (B",48.10465,-1.65038,Plein jour,En agglomération,Hors intersection,Normale,Autre collision,,,,,,,,,,,1,2,1,1.0,6.0
201700026749,0017-08-25 19:31:00,17,8,25,19,31,350,238,"6, KERVILER",48.109,-1.70595,Plein jour,En agglomération,Intersection en X,Normale,Autre collision,,,,,,,,,,,1,2,2,1.0,6.0
201700026750,0017-08-26 10:11:00,17,8,26,10,11,350,55,"5, RUE JOSEPHINE BAKER",48.08609,-1.60063,Plein jour,En agglomération,Hors intersection,Normale,Autre collision,,,,,,,,,,,1,2,1,1.0,6.0
201700026751,0017-08-31 19:27:00,17,8,31,19,27,350,238,BRETAGNE (PLACE DE),48.1093,-1.68418,Crépuscule ou aube,En agglomération,Intersection en T,Pluie légère,Autre collision,,,,,,,,,,,2,2,3,2.0,6.0