accident_id,datetime,annee,mois,jour,heure,minute,departement,commune_insee,adresse,latitude,longitude,luminosite,agglomeration,intersection,meteo,collision,nb_vehicules,nb_usagers,nb_indemnes,nb_tues,nb_blesses_hosp,nb_blesses_legers,age_cond_1,age_cond_2,veh_type_cond_1,veh_type_cond_2,lum_code,agg_code,int_code,atm_code,col_code
201700026752,0017-08-31 19:44:00,17,8,31,19,44,350,238,"272, ROUTE DE ST MALO",48.12864,-1.6875,Crépuscule ou aube,En agglomération,Hors intersection,Normale,Trois véhicules et plus - collisions multiples,,,,,,,,,,,2,2,1,1.0,5.0
201700026753,0017-09-03 10:10:00,17,9,3,10,10,350,238,NITSCH (CARREFOUR GEORGE,48.10182,-1.68436,Plein jour,En agglomération,Intersection en X,Pluie légère,Autre collision,,,,,,,,,,,1,2,2,2.0,6.0
201700026754,0017-09-01 18:06:00,17,9,1,18,6,350,238,PORTE DE NANTES,48.08122,-1.66353,Plein jour,Hors agglomération,Hors intersection,Normale,Deux véhicules - arrière,,,,,,,,,,,1,1,1,1.0,2.0
201700026755,0017-09-02 22:33:00,17,9,2,22,33,350,238,"87, VERDUN (BD DE)",48.12089,-1.68696,Nuit avec éclairage allumé,En agglomération,Hors intersection,Normale,Autre collision,,,,,,,,,,,5,2,1,1.0,6.0
201700026756,0017-09-02 18:53:00,17,9,2,18,53,350,238,"262, NANTES (DE)",48.09398,-1.69058,Plein jour,En agglomération,Hors intersection,Normale,Deux véhicules - arrière,,,,,,,,,,,1,2,1,1.0,2.0
201700026757,0017-09-03 16:25:00,17,9,3,16,25,350,238,"350, NANTES (DE)",48.08465,-1.69616,Plein jour,En agglomération,Giratoire,Normale,Deux véhicules - arrière,,,,,,,,,,,1,2,6,1.0,2.0
201700026758,0017-09-03 20:56:00,17,9,3,20,56,350,238,"00, ALMA (DE L')",48.10349,-1.67702,Nuit avec éclairage allumé,En agglomération,Intersection en X,Pluie légère,Deux véhicules - côté,,,,,,,,,,,5,2,2,2.0,3.0
201700026759,0017-09-05 10:08:00,17,9,5,10,8,350,238,"74, ALBERT 1ER (BD)",48.08963,-1.68375,Plein jour,En agglomération,Hors intersection,Normale,Deux véhicules - arrière,,,,,,,,,,,1,2,1,1.0,2.0
201700026760,0017-09-06 14:52:00,17,9,6,14,52,350,238,"155, LORIENT (DE)",48.10689,-1.72774,Plein jour,En agglomération,Hors intersection,Normale,Deux véhicules - arrière,,,,,,,,,,,1,2,1,1.0,2.0
201700026761,0017-09-07 07:26:00,17,9,7,7,26,350,238,"00, INKERMANN (D')",48.1081,-1.68943,Crépuscule ou aube,En agglomération,Intersection en T,Normale,Sans collision,,,,,,,,,,,2,2,3,1.0,7.0
201700026762,0017-09-07 12:00:00,17,9,7,12,0,350,238,"00, ROCADE 22-23",48.14017,-1.63651,Plein jour,Hors agglomération,Hors intersection,Normale,Autre collision,,,,,,,,,,,1,1,1,1.0,6.0
201700026763,0017-09-08 13:39:00,17,9,8,13,39,350,238,"53, VOLTAIRE (BD)",48.10514,-1.69805,Plein jour,En agglomération,Intersection en X,Normale,Trois véhicules et plus - en chaîne,,,,,,,,,,,1,2,2,1.0,4.0
201700026764,0017-09-09 15:00:00,17,9,9,15,0,350,51,"48, VILAINE (COURS DE LA",48.11498,-1.60892,Plein jour,En agglomération,Hors intersection,Normale,Autre collision,,,,,,,,,,,1,2,1,1.0,6.0
201700026765,0017-09-12 10:10:00,17,9,12,10,10,350,238,"13, ALBERT 1ER (BD)",48.09022,-1.69038,Plein jour,En agglomération,Hors intersection,Normale,Autre collision,,,,,,,,,,,1,2,1,1.0,6.0
201700026766,0017-09-13 13:40:00,17,9,13,13,40,350,278,"00, SCHUMAN (BOULEVARD R",48.15487,-1.69989,Plein jour,En agglomération,Hors intersection,Pluie légère,Sans collision,,,,,,,,,,,1,2,1,2.0,7.0
201700026767,0017-09-13 14:15:00,17,9,13,14,15,350,238,"00, CHATEAU (AVENUE FRAN",48.1118,-1.64613,Plein jour,En agglomération,Giratoire,Pluie forte,Deux véhicules - côté,,,,,,,,,,,1,2,6,3.0,3.0
201700026768,0017-09-15 17:17:00,17,9,15,17,17,350,238,"00, HERVE (BD GAETAN)",48.09104,-1.66509,Plein jour,En agglomération,Intersection en Y,Normale,Deux véhicules - côté,,,,,,,,,,,1,2,4,1.0,3.0
201700026769,0017-09-16 19:49:00,17,9,16,19,49,350,238,"23, SANGNIER (MARC)",48.09324,-1.6567,Plein jour,En agglomération,Hors intersection,Temps couvert,Sans collision,,,,,,,,,,,1,2,1,8.0,7.0
201700026770,0017-09-16 16:43:00,17,9,16,16,43,350,238,"00, PORTE ALMA",48.08059,-1.67816,Plein jour,Hors agglomération,Hors intersection,Pluie légère,Trois véhicules et plus - en chaîne,,,,,,,,,,,1,1,1,2.0,4.0
201700026771,0017-09-16 13:23:00,17,9,16,13,23,350,278,"00, MONTGERMONT (ROND PO",48.15499,-1.70074,Plein jour,En agglomération,Giratoire,Temps couvert,Deux véhicules - côté,,,,,,,,,,,1,2,6,8.0,3.0
201700026772,0017-09-17 13:29:00,17,9,17,13,29,350,238,"00, FREVILLE (AVENUE HEN",48.08368,-1.6751,Plein jour,En agglomération,Intersection en X,Normale,Deux véhicules - côté,,,,,,,,,,,1,2,2,1.0,3.0
201700026773,0017-09-18 06:36:00,17,9,18,6,36,350,55,"00, BIGNON (RUE DU)",48.0994,-1.62074,Nuit avec éclairage allumé,En agglomération,Intersection en T,Normale,Autre collision,,,,,,,,,,,5,2,3,1.0,6.0
201700026774,0017-09-18 17:25:00,17,9,18,17,25,350,238,"134, LECLERC (AVENUE DU",48.11398,-1.63696,Plein jour,En agglomération,Hors intersection,Normale,Deux véhicules - côté,,,,,,,,,,,1,2,1,1.0,3.0
201700026775,0017-09-18 17:30:00,17,9,18,17,30,350,238,PORTE DE VILLEJEAN,48.13191,-1.70882,Plein jour,Hors agglomération,Hors intersection,Normale,Trois véhicules et plus - en chaîne,,,,,,,,,,,1,1,1,1.0,4.0
201700026776,0017-09-19 08:50:00,17,9,19,8,50,350,51,BLANCS (AVENUE DES CHAMP,48.13635,-1.62398,Plein jour,En agglomération,Giratoire,Normale,Deux véhicules - côté,,,,,,,,,,,1,2,6,1.0,3.0
201700026777,0017-09-21 08:40:00,17,9,21,8,40,350,238,FEVAL (PAUL),48.10117,-1.68393,Plein jour,En agglomération,Intersection en T,Normale,Autre collision,,,,,,,,,,,1,2,3,1.0,6.0
201700026778,0017-09-21 11:15:00,17,9,21,11,15,350,238,NEMOURS ( DE),48.10809,-1.6802,Plein jour,En agglomération,Hors intersection,Normale,Autre collision,,,,,,,,,,,1,2,1,1.0,6.0
201700026779,0017-10-04 10:35:00,17,10,4,10,35,350,238,"00, LORIENT (DE)",48.1089,-1.7102,Plein jour,En agglomération,Intersection en X,Normale,Deux véhicules - côté,,,,,,,,,,,1,2,2,1.0,3.0
201700026780,0017-09-23 21:50:00,17,9,23,21,50,350,238,GERMAIN (GABRIEL),48.13172,-1.69367,Nuit avec éclairage allumé,En agglomération,Hors intersection,Normale,Autre collision,,,,,,,,,,,5,2,1,1.0,6.0
201700026781,0017-09-22 12:50:00,17,9,22,12,50,350,238,VERN (DE),48.09295,-1.64755,Plein jour,En agglomération,Intersection en T,Normale,Deux véhicules - côté,,,,,,,,,,,1,2,3,1.0,3.0
201700026782,0017-09-24 17:00:00,17,9,24,17,0,350,238,ROCADE N 136/137,48.08005,-1.68019,Plein jour,Hors agglomération,Hors intersection,Normale,Sans collision,,,,,,,,,,,1,1,1,1.0,7.0
201700026783,0017-10-01 18:19:00,17,10,1,18,19,350,51,"00, SAINT-SULPICE LA FOR",48.15417,-1.6244,Plein jour,Hors agglomération,Hors intersection,Pluie légère,Sans collision,,,,,,,,,,,1,1,1,2.0,7.0
201700026784,0017-10-02 20:30:00,17,10,2,20,30,350,238,"00, SAINT-CAST (QUAI)",48.11168,-1.68622,Nuit avec éclairage allumé,En agglomération,Hors intersection,Normale,Autre collision,,,,,,,,,,,5,2,1,1.0,6.0
201700026785,0017-10-03 12:32:00,17,10,3,12,32,350,51,"00, EST (ROCADE)",48.14002,-1.58245,Plein jour,Hors agglomération,Giratoire,Normale,Autre collision,,,,,,,,,,,1,1,6,1.0,6.0
201700026786,0017-10-03 17:47:00,17,10,3,17,47,350,238,", NANTES (DE)",48.09049,-1.69264,Plein jour,En agglomération,Intersection en Y,Normale,Autre collision,,,,,,,,,,,1,2,4,1.0,6.0
201700026787,0017-10-04 15:15:00,17,10,4,15,15,350,238,"00, CHATEAUBRIAND (QUAI)",48.11022,-1.67663,Plein jour,En agglomération,Hors intersection,Normale,Autre collision,,,,,,,,,,,1,2,1,1.0,6.0
201700026788,0017-10-06 09:03:00,17,10,6,9,3,350,238,PORTE DE MAUREPAS,48.14188,-1.66259,Plein jour,Hors agglomération,Hors intersection,Normale,Trois véhicules et plus - en chaîne,,,,,,,,,,,1,1,1,1.0,4.0
201700026789,0017-10-06 12:20:00,17,10,6,12,20,350,238,"267, CHATEAUGIRON (DE)",48.0935,-1.63243,Plein jour,En agglomération,Hors intersection,Normale,Autre collision,,,,,,,,,,,1,2,1,1.0,6.0
201700026790,0017-10-06 21:45:00,17,10,6,21,45,350,238,", MITTERAND (MAIL FRANCO",48.10858,-1.69297,Nuit avec éclairage allumé,En agglomération,Intersection en X,Normale,Deux véhicules - côté,,,,,,,,,,,5,2,2,1.0,3.0
201700026791,0017-10-08 04:46:00,17,10,8,4,46,350,238,"73, CARREL (BD ALEXIS)",48.12101,-1.6546,Nuit avec éclairage allumé,En agglomération,Giratoire,Normale,Sans collision,,,,,,,,,,,5,2,6,1.0,7.0
201700026792,0017-10-06 16:43:00,17,10,6,16,43,350,238,"48, ARTIFICIERS (RUE DES",48.11668,-1.65854,Plein jour,En agglomération,Intersection en Y,Normale,Deux véhicules - arrière,,,,,,,,,,,1,2,4,1.0,2.0
201700026793,0017-09-29 08:11:00,17,9,29,8,11,350,238,"00, LEROUX (BD OSCAR)",48.09184,-1.67168,Plein jour,En agglomération,Intersection en X,Normale,Deux véhicules - côté,,,,,,,,,,,1,2,2,1.0,3.0
201700026794,0017-09-27 09:30:00,17,9,27,9,30,350,238,MOTTE BRULON (DE LA),48.12515,-1.66753,Plein jour,En agglomération,Hors intersection,Normale,Autre collision,,,,,,,,,,,1,2,1,1.0,6.0
201700026795,0017-10-08 11:11:00,17,10,8,11,11,350,238,"00, UKRAINE (ALLEE D')",48.08365,-1.67512,Plein jour,En agglomération,Intersection en X,Pluie légère,Deux véhicules - côté,,,,,,,,,,,1,2,2,2.0,3.0
201700026796,0017-10-08 19:22:00,17,10,8,19,22,350,238,"00, LEONARD (JACQUES)",48.12939,-1.6925,Crépuscule ou aube,En agglomération,Hors intersection,Temps couvert,Sans collision,,,,,,,,,,,2,2,1,8.0,7.0
201700026797,0017-10-08 11:37:00,17,10,8,11,37,350,238,"00, SAINT-CONWOION (BD)",48.10348,-1.68854,Plein jour,En agglomération,Hors intersection,Pluie légère,Trois véhicules et plus - en chaîne,,,,,,,,,,,1,2,1,2.0,4.0
201700026798,0017-10-27 08:20:00,17,10,27,8,20,350,238,PAPEGAULT (DU),48.12965,-1.63267,Crépuscule ou aube,En agglomération,Hors intersection,Normale,Autre collision,,,,,,,,,,,2,2,1,1.0,6.0
201700026799,0017-10-10 10:42:00,17,10,10,10,42,350,238,"00, SAINT-BRIEUC (DE)",48.11198,-1.70242,Plein jour,En agglomération,Intersection en X,Normale,Deux véhicules - côté,,,,,,,,,,,1,2,2,1.0,3.0
201700026800,0017-10-11 16:10:00,17,10,11,16,10,350,238,"00, REPUBLIQUE (PLACE DE",48.10985,-1.67917,Plein jour,En agglomération,Hors intersection,Normale,Autre collision,,,,,,,,,,,1,2,1,1.0,6.0
201700026801,0017-10-12 07:44:00,17,10,12,7,44,350,51,"7B, CHALOTAIS (RUE DE LA",48.12127,-1.60283,Nuit avec éclairage allumé,En agglomération,Hors intersection,Normale,Autre collision,,,,,,,,,,,5,2,1,1.0,6.0
201700026802,0017-09-23 19:25:00,17,9,23,19,25,350,238,"29-27, CHATEAUGIRON (DE)",48.10179,-1.65611,Plein jour,En agglomération,Intersection en X,Normale,Deux véhicules - côté,,,,,,,,,,,1,2,2,1.0,3.0
201700026803,0017-10-13 08:48:00,17,10,13,8,48,350,238,PORTE ALMA,48.0803,-1.67942,Plein jour,Hors agglomération,Hors intersection,Normale,Trois véhicules et plus - en chaîne,,,,,,,,,,,1,1,1,1.0,4.0
201700026804,0017-10-13 11:26:00,17,10,13,11,26,350,238,"133, LORIENT (DE)",48.10714,-1.72004,Plein jour,En agglomération,Hors intersection,Normale,Deux véhicules - arrière,,,,,,,,,,,1,2,1,1.0,2.0
201700026805,0017-10-19 20:40:00,17,10,19,20,40,350,281,RD 177,48.07154,-1.71242,Nuit sans éclairage public,Hors agglomération,Hors intersection,Pluie forte,Autre collision,,,,,,,,,,,3,1,1,3.0,6.0
201700026806,0017-10-13 13:08:00,17,10,13,13,8,350,238,"29, CHURCHILL (AVENUE SI",48.12135,-1.70868,Plein jour,En agglomération,Intersection en T,Normale,Deux véhicules - arrière,,,,,,,,,,,1,2,3,1.0,2.0
201700026807,0017-10-13 17:05:00,17,10,13,17,5,350,238,"00, BOIS LABBE (AVENUE D",48.12683,-1.70317,Plein jour,En agglomération,Hors intersection,Normale,Deux véhicules - arrière,,,,,,,,,,,1,2,1,1.0,2.0
201700026808,0017-10-14 18:31:00,17,10,14,18,31,350,238,"00, TATELIN (RUE DU PATI",48.1512,-1.6248,Plein jour,Hors agglomération,Hors intersection,Normale,Deux véhicules - côté,,,,,,,,,,,1,1,1,1.0,3.0
201700026809,0017-10-15 05:29:00,17,10,15,5,29,350,334,"00, EST (ROCADE)",48.14103,-1.58407,Nuit sans éclairage public,Hors agglomération,Hors intersection,Brouillard / fumée,Autre collision,,,,,,,,,,,3,1,1,5.0,6.0
201700026810,0017-10-15 20:49:00,17,10,15,20,49,350,238,"00, GUEHENNO (JEAN)",48.11826,-1.67389,Nuit avec éclairage allumé,En agglomération,Intersection en T,Normale,Sans collision,,,,,,,,,,,5,2,3,1.0,7.0
201700026811,0017-10-16 07:56:00,17,10,16,7,56,350,238,"127, BRIAND (AVENUE ARIS",48.11013,-1.6568,Crépuscule ou aube,En agglomération,Hors intersection,Normale,Autre collision,,,,,,,,,,,2,2,1,1.0,6.0
201700026812,0017-10-16 12:53:00,17,10,16,12,53,350,238,"19, TILLON (AVENUE CHARL",48.1256,-1.6961,Plein jour,En agglomération,Hors intersection,Temps couvert,Deux véhicules - arrière,,,,,,,,,,,1,2,1,8.0,2.0
201700026813,0017-10-17 17:48:00,17,10,17,17,48,350,278,"00, SAINT EXUPERY (RUE A",48.162,-1.67621,Plein jour,En agglomération,Hors intersection,Normale,Deux véhicules - côté,,,,,,,,,,,1,2,1,1.0,3.0
201700026814,0017-10-17 13:49:00,17,10,17,13,49,350,238,"268, FOUGERES (RUE DE)",48.12863,-1.64685,Plein jour,En agglomération,Hors intersection,Normale,Deux véhicules - côté,,,,,,,,,,,1,2,1,1.0,3.0
201700026815,0017-10-17 20:06:00,17,10,17,20,6,350,51,"00, FOUGERES (ROUTE DE)",48.13591,-1.62551,Nuit avec éclairage allumé,En agglomération,Hors intersection,Normale,Deux véhicules - arrière,,,,,,,,,,,5,2,1,1.0,2.0
201700026816,0017-10-19 22:17:00,17,10,19,22,17,350,238,"00, ROOSEVELT (BD FRANKL",48.09728,-1.65781,Nuit avec éclairage allumé,En agglomération,Intersection en X,Pluie légère,Deux véhicules - arrière,,,,,,,,,,,5,2,2,2.0,2.0
201700026817,0017-09-24 12:00:00,17,9,24,12,0,350,238,AVENUE DES PREALES,48.11274,-1.63782,Plein jour,En agglomération,Hors intersection,Normale,Deux véhicules - arrière,,,,,,,,,,,1,2,1,1.0,2.0
201700026818,0017-09-29 17:50:00,17,9,29,17,50,350,51,PORTE DE LA RIGOURDIERE,48.11942,-1.57253,Plein jour,Hors agglomération,Intersection en Y,Pluie légère,Trois véhicules et plus - en chaîne,,,,,,,,,,,1,1,4,2.0,4.0
201700026819,0017-09-22 19:15:00,17,9,22,19,15,350,238,"00, SAINT-THOMAS",48.10853,-1.67617,Plein jour,En agglomération,Intersection en T,Normale,Autre collision,,,,,,,,,,,1,2,3,1.0,6.0
201700026820,0017-10-13 01:31:00,17,10,13,1,31,350,238,"6, LICES (PLACE DES)",48.11341,-1.68218,Nuit avec éclairage allumé,En agglomération,Hors intersection,Normale,Autre collision,,,,,,,,,,,5,2,1,1.0,6.0
201700026821,0017-09-23 11:32:00,17,9,23,11,32,350,238,"00, BULGARIE (BD DE)",48.08478,-1.66058,Plein jour,En agglomération,Intersection en T,Normale,Deux véhicules - arrière,,,,,,,,,,,1,2,3,1.0,2.0
201700026822,0017-09-23 14:05:00,17,9,23,14,5,350,51,"00, PARIS (RUE DE)",48.1141,-1.60728,Plein jour,En agglomération,Giratoire,Normale,Deux véhicules - côté,,,,,,,,,,,1,2,6,1.0,3.0
201700026823,0017-09-23 23:50:00,17,9,23,23,50,350,238,"00, ISLY (RUE D')",48.10508,-1.67747,Nuit avec éclairage allumé,En agglomération,Intersection en T,Normale,Autre collision,,,,,,,,,,,5,2,3,1.0,6.0
201700026824,0017-09-26 14:00:00,17,9,26,14,0,350,238,"00, CLEMENCEAU (BD GEORG",48.09421,-1.6818,Plein jour,En agglomération,Intersection en X,Normale,Deux véhicules - côté,,,,,,,,,,,1,2,2,1.0,3.0
201700026825,0017-11-10 17:01:00,17,11,10,17,1,350,238,"00, NANTES (DE)",48.08468,-1.69609,Plein jour,En agglomération,Autre intersection,Pluie légère,Deux véhicules - côté,,,,,,,,,,,1,2,9,2.0,3.0
201700026826,0017-10-20 12:00:00,17,10,20,12,0,350,281,"00, RD 177",48.06738,-1.71426,Plein jour,Hors agglomération,Intersection en T,Normale,Deux véhicules - arrière,,,,,,,,,,,1,1,3,1.0,2.0
201700026827,0017-10-24 08:00:00,17,10,24,8,0,350,238,"91, CLEMENCEAU (BD GEORG",48.09396,-1.67628,Nuit avec éclairage allumé,En agglomération,Hors intersection,Normale,Deux véhicules - côté,,,,,,,,,,,5,2,1,1.0,3.0
201700026828,0017-11-02 19:12:00,17,11,2,19,12,350,281,"26, DODIN (AVENUE ROGER)",48.08703,-1.70714,Nuit avec éclairage allumé,En agglomération,Giratoire,Normale,Autre collision,,,,,,,,,,,5,2,6,1.0,6.0
201700026829,0017-11-03 15:50:00,17,11,3,15,50,350,238,"35, CHEZY (BD DE)",48.11786,-1.68556,Plein jour,En agglomération,Intersection en X,Normale,Deux véhicules - côté,,,,,,,,,,,1,2,2,1.0,3.0
201700026830,0017-10-24 14:00:00,17,10,24,14,0,350,238,"74, VILLEBOIS MAREUIL (B",48.10443,-1.65023,Plein jour,En agglomération,Hors intersection,Normale,Deux véhicules - arrière,,,,,,,,,,,1,2,1,1.0,2.0
201700026831,0017-10-24 05:00:00,17,10,24,5,0,350,51,"9, FREBARDIERE (RUE DE L",48.10175,-1.63003,Nuit avec éclairage non allumé,En agglomération,Hors intersection,Normale,Deux véhicules - arrière,,,,,,,,,,,4,2,1,1.0,2.0
201700026832,0017-11-03 20:40:00,17,11,3,20,40,350,238,PORTE DE LORIENT,48.11077,-1.71831,Nuit avec éclairage non allumé,Hors agglomération,Hors intersection,Pluie légère,Trois véhicules et plus - en chaîne,,,,,,,,,,,4,1,1,2.0,4.0
201700026833,0017-12-09 10:50:00,17,12,9,10,50,350,238,"113 b, VERN (DE)",48.09567,-1.65117,Plein jour,En agglomération,Intersection en T,Normale,Deux véhicules - côté,,,,,,,,,,,1,2,3,1.0,3.0
201700026834,0017-11-05 16:01:00,17,11,5,16,1,350,238,"00, RD 29",48.15459,-1.62492,Plein jour,Hors agglomération,Giratoire,Normale,Sans collision,,,,,,,,,,,1,1,6,1.0,7.0
201700026835,0017-11-11 19:15:00,17,11,11,19,15,350,51,BEAULIEU (PORTE DE),48.10193,-1.6092,Nuit sans éclairage public,Hors agglomération,Autre intersection,Normale,Trois véhicules et plus - en chaîne,,,,,,,,,,,3,1,9,1.0,4.0
201700026836,0017-11-05 02:25:00,17,11,5,2,25,350,238,"00, SALLE (BLD JEAN BAPT",48.11632,-1.70785,Nuit avec éclairage allumé,En agglomération,Intersection en X,Normale,Deux véhicules - côté,,,,,,,,,,,5,2,2,1.0,3.0
201700026837,0017-11-07 18:20:00,17,11,7,18,20,350,51,"00, SHANNON (RUE CARRICK",48.1082,-1.60827,Nuit avec éclairage non allumé,En agglomération,Hors intersection,Pluie légère,Autre collision,,,,,,,,,,,4,2,1,2.0,6.0
201700026838,0017-11-08 18:09:00,17,11,8,18,9,350,238,"62, ANTRAIN (D') DE 43 E",48.11773,-1.67701,Nuit avec éclairage allumé,En agglomération,Hors intersection,Normale,Deux véhicules - côté,,,,,,,,,,,5,2,1,1.0,3.0
201700026839,0017-11-09 08:20:00,17,11,9,8,20,350,238,PORTE DE NANTES,48.08087,-1.67408,Plein jour,Hors agglomération,Hors intersection,Normale,Deux véhicules - arrière,,,,,,,,,,,1,1,1,1.0,2.0
201700026840,0017-10-26 20:25:00,17,10,26,20,25,350,238,"00, RN 137",48.08122,-1.67522,Nuit avec éclairage allumé,Hors agglomération,Giratoire,Brouillard / fumée,Autre collision,,,,,,,,,,,5,1,6,5.0,6.0
201700026841,0017-10-28 02:09:00,17,10,28,2,9,350,238,"23, ANJOU (D')",48.12046,-1.71345,Nuit avec éclairage allumé,En agglomération,Giratoire,Normale,Autre collision,,,,,,,,,,,5,2,6,1.0,6.0
201700026842,0017-10-31 17:03:00,17,10,31,17,3,350,278,"00, GAULLE (RUE DU GAL D",48.15686,-1.68735,Plein jour,En agglomération,Hors intersection,Normale,Autre collision,,,,,,,,,,,1,2,1,1.0,6.0
201700026843,0017-11-07 12:24:00,17,11,7,12,24,350,238,"00, DUCHESSE ANNE (BLD D",48.11607,-1.66608,Plein jour,En agglomération,Hors intersection,Normale,Autre collision,,,,,,,,,,,1,2,1,1.0,6.0
201700026844,0017-11-07 18:26:00,17,11,7,18,26,350,238,"00, SAINT-LAURENT (DE)",48.13862,-1.65742,Nuit avec éclairage allumé,En agglomération,Hors intersection,Pluie forte,Autre collision,,,,,,,,,,,5,2,1,3.0,6.0
201700026845,0017-11-10 18:50:00,17,11,10,18,50,350,51,PORTE DE LA VALETTE,48.11008,-1.59086,Nuit avec éclairage allumé,Hors agglomération,Hors intersection,Normale,Sans collision,,,,,,,,,,,5,1,1,1.0,7.0
201700026846,0017-11-09 16:40:00,17,11,9,16,40,350,238,"00, MONTAIGNE",48.0973,-1.65783,Plein jour,En agglomération,Intersection à plus de 4 branches,Pluie légère,Deux véhicules - côté,,,,,,,,,,,1,2,5,2.0,3.0
201700026847,0017-10-30 21:50:00,17,10,30,21,50,350,238,"1, PREVERT (RENEE)",48.1101,-1.71094,Nuit avec éclairage allumé,En agglomération,Hors intersection,Normale,Autre collision,,,,,,,,,,,5,2,1,1.0,6.0
201700026848,0017-12-03 17:30:00,17,12,3,17,30,350,238,"59, ALBERT 1ER (BD)",48.08973,-1.68536,Nuit avec éclairage allumé,En agglomération,Intersection en X,Autre,Deux véhicules - côté,,,,,,,,,,,5,2,2,9.0,3.0
201700026849,0017-12-01 01:00:00,17,12,1,1,0,350,278,RD 137,48.14846,-1.699,Nuit sans éclairage public,Hors agglomération,Hors intersection,Autre,Autre collision,,,,,,,,,,,3,1,1,9.0,6.0
201700026850,0017-11-14 17:20:00,17,11,14,17,20,350,238,LIBERTE (BD DE LA),48.10736,-1.68016,Nuit avec éclairage allumé,En agglomération,Intersection en X,Normale,Autre collision,,,,,,,,,,,5,2,2,1.0,6.0
201700026851,0017-11-20 08:35:00,17,11,20,8,35,350,55,"31, BIGNON (RUE DU)",48.09903,-1.62184,Plein jour,En agglomération,Giratoire,Normale,Deux véhicules - arrière,,,,,,,,,,,1,2,6,1.0,2.0
201700026852,0017-11-20 18:05:00,17,11,20,18,5,350,238,"212, BREST (DE)",48.11417,-1.69879,Nuit sans éclairage public,En agglomération,Hors intersection,Normale,Deux véhicules - arrière,,,,,,,,,,,3,2,1,1.0,2.0
201700026853,0017-10-21 20:00:00,17,10,21,20,0,350,238,"00, CHURCHILL (AVENUE SI",48.11834,-1.70801,Nuit sans éclairage public,En agglomération,Intersection en T,Normale,Deux véhicules - côté,,,,,,,,,,,3,2,3,1.0,3.0
201700026854,0017-10-25 20:30:00,17,10,25,20,30,350,51,RENNES (RUE DE),48.11411,-1.62797,Nuit avec éclairage allumé,En agglomération,Hors intersection,Temps couvert,Deux véhicules - côté,,,,,,,,,,,5,2,1,8.0,3.0
201700026855,0017-10-28 02:00:00,17,10,28,2,0,350,238,DUGUAY TROUIN (QUAI),48.11018,-1.68207,Nuit avec éclairage allumé,En agglomération,Hors intersection,Normale,Autre collision,,,,,,,,,,,5,2,1,1.0,6.0
201700026856,0017-12-01 13:00:00,17,12,1,13,0,350,238,"19, BREST (DE)",48.11248,-1.69213,Plein jour,En agglomération,Intersection en X,Normale,Deux véhicules - côté,,,,,,,,,,,1,2,2,1.0,3.0
201700026857,0017-11-20 18:10:00,17,11,20,18,10,350,238,PORTE DE MAUREPAS,48.14149,-1.67065,Nuit avec éclairage allumé,Hors agglomération,Hors intersection,Normale,Trois véhicules et plus - en chaîne,,,,,,,,,,,5,1,1,1.0,4.0
201700026858,0017-11-14 16:55:00,17,11,14,16,55,350,51,PORTE DE LA RIGOURDIERE,48.11548,-1.57176,Plein jour,Hors agglomération,Hors intersection,Normale,Deux véhicules - arrière,,,,,,,,,,,1,1,1,1.0,2.0
201700026859,0017-11-09 18:30:00,17,11,9,18,30,350,238,", STRASBOURG (BOULEVARD",48.11168,-1.65607,Nuit avec éclairage allumé,En agglomération,Intersection en T,Pluie légère,Deux véhicules - côté,,,,,,,,,,,5,2,3,2.0,3.0
201700026860,0017-11-10 07:00:00,17,11,10,7,0,350,238,"46, ALMA (DE L')",48.10167,-1.67637,Nuit avec éclairage allumé,En agglomération,Intersection en X,Pluie légère,Deux véhicules - frontale,,,,,,,,,,,5,2,2,2.0,1.0
201700026861,0017-11-10 09:10:00,17,11,10,9,10,350,238,"12, rue du Patis Tatelin",48.13154,-1.64091,Plein jour,En agglomération,Hors intersection,Pluie légère,Sans collision,,,,,,,,,,,1,2,1,2.0,7.0
201700026862,0017-11-10 14:10:00,17,11,10,14,10,350,55,"00, LOGES (RUE DES)",48.08762,-1.62559,Plein jour,En agglomération,Giratoire,Normale,Deux véhicules - côté,,,,,,,,,,,1,2,6,1.0,3.0
201700026863,0017-11-11 04:30:00,17,11,11,4,30,350,238,PORTE DE VILLEJEAN,48.11841,-1.71744,Nuit sans éclairage public,Hors agglomération,Hors intersection,Normale,Sans collision,,,,,,,,,,,3,1,1,1.0,7.0
201700026864,0017-12-01 03:10:00,17,12,1,3,10,350,281,"00, DODIN (AVENUE ROGER)",48.08357,-1.70986,Nuit avec éclairage allumé,En agglomération,Hors intersection,Pluie légère,Autre collision,,,,,,,,,,,5,2,1,2.0,6.0
201700026865,0017-11-15 13:18:00,17,11,15,13,18,350,51,ALLIES (BOULEVARD DES),48.10809,-1.61658,Plein jour,En agglomération,Giratoire,Autre,Autre collision,,,,,,,,,,,1,2,6,9.0,6.0
201700026866,0017-11-15 16:55:00,17,11,15,16,55,350,238,"89, MITTERAND (MAIL FRAN",48.10848,-1.6933,Plein jour,En agglomération,Intersection en X,Normale,Autre collision,,,,,,,,,,,1,2,2,1.0,6.0
201700026867,0017-11-24 20:45:00,17,11,24,20,45,350,238,"37, PAYS-BAS (AVENUE DES",48.08906,-1.66041,Nuit avec éclairage allumé,En agglomération,Intersection en Y,Normale,Autre collision,,,,,,,,,,,5,2,4,1.0,6.0
201700026868,0017-11-15 17:15:00,17,11,15,17,15,350,238,PORTE DE BREQUIGNY,48.08072,-1.69582,Crépuscule ou aube,Hors agglomération,Hors intersection,Normale,Deux véhicules - arrière,,,,,,,,,,,2,1,1,1.0,2.0