accident_id,datetime,annee,mois,jour,heure,minute,departement,commune_insee,adresse,latitude,longitude,luminosite,agglomeration,intersection,meteo,collision,nb_vehicules,nb_usagers,nb_indemnes,nb_tues,nb_blesses_hosp,nb_blesses_legers,age_cond_1,age_cond_2,veh_type_cond_1,veh_type_cond_2,lum_code,agg_code,int_code,atm_code,col_code
201700027111,0017-03-05 09:10:00,17,3,5,9,10,370,261,110  BE HEURTELOUP,47.39239,0.70026,Plein jour,En agglomération,Intersection en X,Pluie légère,Deux véhicules - côté,,,,,,,,,,,1,2,2,2.0,3.0
201700027112,0017-03-06 09:15:00,17,3,6,9,15,370,261,273  RUE  D ENTRAIGUES,47.38549,0.67287,Plein jour,En agglomération,Intersection en X,Pluie légère,Deux véhicules - côté,,,,,,,,,,,1,2,2,2.0,3.0
201700027113,0017-03-06 16:30:00,17,3,6,16,30,370,261,69 RUE JULES GUESDES,47.37972,0.70433,Plein jour,En agglomération,Hors intersection,Normale,Autre collision,,,,,,,,,,,1,2,1,1.0,6.0
201700027114,0017-03-06 21:15:00,17,3,6,21,15,370,261,AVENUE DE PONT CHER,47.3704,0.67747,Nuit avec éclairage allumé,En agglomération,Giratoire,Pluie légère,Sans collision,,,,,,,,,,,5,2,6,2.0,7.0
201700027115,0017-03-09 11:10:00,17,3,9,11,10,370,214,172 RUE CROIX PERIGOURD,47.42175,0.65485,Plein jour,En agglomération,Intersection en X,Normale,Deux véhicules - côté,,,,,,,,,,,1,2,2,1.0,3.0
201700027116,0017-03-09 14:40:00,17,3,9,14,40,370,233,22 AV JACQUES  DUCLOS,47.379,0.72096,Plein jour,En agglomération,Hors intersection,Normale,Deux véhicules - arrière,,,,,,,,,,,1,2,1,1.0,2.0
201700027117,0017-03-09 16:10:00,17,3,9,16,10,370,122,ROUTE DE MONTS,47.32105,0.6674,Plein jour,Hors agglomération,Hors intersection,Normale,Autre collision,,,,,,,,,,,1,1,1,1.0,6.0
201700027118,0017-01-01 21:30:00,17,1,1,21,30,370,261,"17, CHAGALL (AVENUE MARC",47.41435,0.68544,Nuit avec éclairage allumé,En agglomération,Intersection en T,Pluie légère,Autre collision,,,,,,,,,,,5,2,3,2.0,6.0
201700027119,0017-03-11 13:50:00,17,3,11,13,50,370,214,73 BD CHARLE DE GAULLE,47.41115,0.67559,Plein jour,En agglomération,Intersection en X,Normale,Deux véhicules - côté,,,,,,,,,,,1,2,2,1.0,3.0
201700027120,0017-03-11 19:00:00,17,3,11,19,0,370,208,37 RUE CORMERY,47.36542,0.72718,Crépuscule ou aube,En agglomération,Intersection en T,Normale,Autre collision,,,,,,,,,,,2,2,3,1.0,6.0
201700027121,0017-03-11 14:20:00,17,3,11,14,20,370,122,182  BD JEAN JAURES,,,Plein jour,En agglomération,Passage à niveau,Normale,Deux véhicules - arrière,,,,,,,,,,,1,2,8,1.0,2.0
201700027122,0017-03-14 21:45:00,17,3,14,21,45,370,122,35 RUE DE ST LEGER,,,Nuit avec éclairage allumé,En agglomération,Intersection en T,Normale,Autre collision,,,,,,,,,,,5,2,3,1.0,6.0
201700027123,0017-03-16 06:00:00,17,3,16,6,0,370,261,AV ANDRE MAGINOT,47.41207,0.68477,Nuit avec éclairage allumé,En agglomération,Hors intersection,Normale,Autre collision,,,,,,,,,,,5,2,1,1.0,6.0
201700027124,0017-03-16 08:45:00,17,3,16,8,45,370,233,9 LEVEE DE LA LOIRE,47.39966,0.72577,Plein jour,En agglomération,Intersection en Y,Normale,Deux véhicules - arrière,,,,,,,,,,,1,2,4,1.0,2.0
201700027125,0017-03-17 09:30:00,17,3,17,9,30,370,261,AV MARCEL MERIEUX,47.36534,0.67548,Plein jour,En agglomération,Giratoire,Normale,Autre collision,,,,,,,,,,,1,2,6,1.0,6.0
201700027126,0017-03-18 01:01:00,17,3,18,1,1,370,122,RD 37,47.36823,0.65349,Nuit sans éclairage public,En agglomération,Intersection en Y,Normale,Sans collision,,,,,,,,,,,3,2,4,1.0,7.0
201700027127,0017-03-19 13:35:00,17,3,19,13,35,370,261,194 RUE DE LA FUYE,47.383,0.704,Plein jour,En agglomération,Intersection en X,Normale,Deux véhicules - côté,,,,,,,,,,,1,2,2,1.0,3.0
201700027128,0017-03-20 08:50:00,17,3,20,8,50,370,122,RD 37,47.33,0.68,Plein jour,Hors agglomération,Hors intersection,Normale,Trois véhicules et plus - en chaîne,,,,,,,,,,,1,1,1,1.0,4.0
201700027129,0017-03-21 07:45:00,17,3,21,7,45,370,195,29 RUE DES PAVILLONS,47.38,0.62,Plein jour,En agglomération,Intersection en T,Pluie légère,Deux véhicules - côté,,,,,,,,,,,1,2,3,2.0,3.0
201700027130,0017-03-21 09:00:00,17,3,21,9,0,370,261,49 RUE NATIONALE,47.39291,0.68771,Plein jour,En agglomération,Intersection en X,Pluie légère,Sans collision,,,,,,,,,,,1,2,2,2.0,7.0
201700027131,0017-01-19 10:00:00,17,1,19,10,0,370,261,RD 37,,,Plein jour,Hors agglomération,Autre intersection,Normale,Deux véhicules - arrière,,,,,,,,,,,1,1,9,1.0,2.0
201700027132,0017-03-23 07:40:00,17,3,23,7,40,370,208,26 RUE SAINT MICHEL,47.36691,0.73047,Plein jour,En agglomération,Autre intersection,Normale,Deux véhicules - frontale,,,,,,,,,,,1,2,9,1.0,1.0
201700027133,0017-03-23 12:15:00,17,3,23,12,15,370,261,10 AV DU GAL ESTIENNE,47.41435,0.69311,Plein jour,En agglomération,Intersection en X,Normale,Deux véhicules - côté,,,,,,,,,,,1,2,2,1.0,3.0
201700027134,0017-03-23 13:30:00,17,3,23,13,30,370,261,7 RUE HENRI MARTIN,,,Plein jour,En agglomération,Intersection en T,Pluie légère,Deux véhicules - côté,,,,,,,,,,,1,2,3,2.0,3.0
201700027135,0017-03-24 13:30:00,17,3,24,13,30,370,195,"56, LIGNER (RUE DE)",,,Plein jour,En agglomération,Intersection en X,Temps couvert,Deux véhicules - côté,,,,,,,,,,,1,2,2,8.0,3.0
201700027136,0017-03-24 15:40:00,17,3,24,15,40,370,195,55 RUE DES MONTILS,,,Plein jour,En agglomération,Hors intersection,Temps couvert,Autre collision,,,,,,,,,,,1,2,1,8.0,6.0
201700027137,0017-03-25 09:15:00,17,3,25,9,15,370,195,20 AV DU PRIEURE,47.38478,0.65347,Plein jour,En agglomération,Intersection en X,Normale,Deux véhicules - côté,,,,,,,,,,,1,2,2,1.0,3.0
201700027138,0017-03-25 14:45:00,17,3,25,14,45,370,261,78  AV DE  L EUROPE,,,Plein jour,En agglomération,Intersection en X,Normale,Autre collision,,,,,,,,,,,1,2,2,1.0,6.0
201700027139,0017-03-26 03:40:00,17,3,26,3,40,370,261,"38, MALRAUX (QUAI ANDRE)",47.39759,0.69811,Nuit avec éclairage allumé,En agglomération,Hors intersection,Normale,Autre collision,,,,,,,,,,,5,2,1,1.0,6.0
201700027140,0017-03-27 16:55:00,17,3,27,16,55,370,261,34  PLACE RABELAIS,47.38474,0.67628,Plein jour,En agglomération,Place,Normale,Autre collision,,,,,,,,,,,1,2,7,1.0,6.0
201700027141,0017-03-27 17:55:00,17,3,27,17,55,370,261,4 ter RUE DE LA BASSEE,47.42321,0.68137,Plein jour,En agglomération,Hors intersection,Normale,Autre collision,,,,,,,,,,,1,2,1,1.0,6.0
201700027142,0017-03-28 08:00:00,17,3,28,8,0,370,122,42 RUE DE LA GITONNIERE,47.33785,0.65782,Plein jour,En agglomération,Hors intersection,Normale,Sans collision,,,,,,,,,,,1,2,1,1.0,7.0
201700027143,0017-03-29 12:20:00,17,3,29,12,20,370,122,18 BD DES BRETONNIERES,47.34613,0.64539,Plein jour,En agglomération,Intersection en Y,Normale,Autre collision,,,,,,,,,,,1,2,4,1.0,6.0
201700027144,0017-03-30 09:00:00,17,3,30,9,0,370,122,RUE JOSEPH CUGNOT,,,Plein jour,En agglomération,Hors intersection,Normale,Deux véhicules - frontale,,,,,,,,,,,1,2,1,1.0,1.0
201700027145,0017-04-02 05:35:00,17,4,2,5,35,370,233,"2, JAURES (RUE JEAN)",47.392,0.725,Nuit avec éclairage allumé,En agglomération,Intersection en X,Normale,Sans collision,,,,,,,,,,,5,2,2,1.0,7.0
201700027146,0017-04-02 11:20:00,17,4,2,11,20,370,214,89 RUE CALMETTE,47.405,0.675,Plein jour,En agglomération,Intersection en Y,Normale,Autre collision,,,,,,,,,,,1,2,4,1.0,6.0
201700027147,0017-04-03 06:15:00,17,4,3,6,15,370,122,23 RUE ARISTIDE BRIAND,,,Nuit avec éclairage allumé,En agglomération,Intersection en X,Normale,Deux véhicules - frontale,,,,,,,,,,,5,2,2,1.0,1.0
201700027148,0017-04-03 10:50:00,17,4,3,10,50,370,261,ROND P DE LA ROTONDE,47.38138,0.70642,Plein jour,En agglomération,Giratoire,Normale,Deux véhicules - côté,,,,,,,,,,,1,2,6,1.0,3.0
201700027149,0017-02-11 22:30:00,17,2,11,22,30,370,261,AV CAMILLE CHAUTEMPS,,,Nuit avec éclairage allumé,En agglomération,Autre intersection,Normale,Autre collision,,,,,,,,,,,5,2,9,1.0,6.0
201700027150,0017-04-04 05:50:00,17,4,4,5,50,370,122,BD DES BRETONNIERES,47.3449,0.63568,Nuit sans éclairage public,En agglomération,Hors intersection,Normale,Autre collision,,,,,,,,,,,3,2,1,1.0,6.0
201700027151,0017-04-05 00:01:00,17,4,5,0,1,370,214,RUE HENRI LEBRUN,47.40067,0.67882,Nuit avec éclairage allumé,En agglomération,Giratoire,Normale,Autre collision,,,,,,,,,,,5,2,6,1.0,6.0
201700027152,0017-04-05 17:15:00,17,4,5,17,15,370,261,110 RUE GIRADEAU,,,Plein jour,En agglomération,Intersection en T,Normale,Deux véhicules - arrière,,,,,,,,,,,1,2,3,1.0,2.0
201700027153,0017-04-06 17:00:00,17,4,6,17,0,370,208,AV DU GAL DE GAULLE,47.45667,0.7311,Plein jour,En agglomération,Hors intersection,Normale,Deux véhicules - frontale,,,,,,,,,,,1,2,1,1.0,1.0
201700027154,0017-04-07 06:45:00,17,4,7,6,45,370,214,41 RUE DE LA MENARDIERE,47.419,0.665,Crépuscule ou aube,En agglomération,Intersection en X,Normale,Trois véhicules et plus - collisions multiples,,,,,,,,,,,2,2,2,1.0,5.0
201700027155,0017-03-23 18:45:00,17,3,23,18,45,370,195,COUVENT DES MINIMES,,,Nuit sans éclairage public,En agglomération,Hors intersection,Pluie légère,Sans collision,,,,,,,,,,,3,2,1,2.0,7.0
201700027156,0017-04-08 10:30:00,17,4,8,10,30,370,261,AV GEORGE POMPIDOU,47.385,0.71,Plein jour,En agglomération,Intersection en T,Normale,Deux véhicules - arrière,,,,,,,,,,,1,2,3,1.0,2.0
201700027157,0017-04-08 17:30:00,17,4,8,17,30,370,261,PONT D ARCOLE,47.37245,0.71593,Plein jour,En agglomération,Intersection en T,Normale,Deux véhicules - côté,,,,,,,,,,,1,2,3,1.0,3.0
201700027158,0017-04-08 18:00:00,17,4,8,18,0,370,233,"159, RUE HONORE DE BALZA",47.38833,0.71627,Plein jour,En agglomération,Hors intersection,Normale,Deux véhicules - côté,,,,,,,,,,,1,2,1,1.0,3.0
201700027159,0017-04-08 18:50:00,17,4,8,18,50,370,195,ROUTE DE SAINT-GENOUPH,47.38492,0.64199,Plein jour,En agglomération,Giratoire,Normale,Deux véhicules - côté,,,,,,,,,,,1,2,6,1.0,3.0
201700027160,0017-04-10 15:20:00,17,4,10,15,20,370,208,3 RUE   DE VERDUN,47.36443,0.73549,Plein jour,En agglomération,Intersection en X,Normale,Autre collision,,,,,,,,,,,1,2,2,1.0,6.0
201700027161,0017-04-10 20:15:00,17,4,10,20,15,370,122,PLACE DES TROIS CROIX,47.3505,0.65637,Plein jour,En agglomération,Giratoire,Normale,Deux véhicules - côté,,,,,,,,,,,1,2,6,1.0,3.0
201700027162,0017-04-11 09:25:00,17,4,11,9,25,370,261,18  RUE  DE PICARDIE,47.42638,0.67653,Plein jour,En agglomération,Intersection en Y,Normale,Deux véhicules - arrière,,,,,,,,,,,1,2,4,1.0,2.0
201700027163,0017-04-11 17:25:00,17,4,11,17,25,370,261,250 RUE DANIEL MAYER,47.41867,0.69297,Plein jour,En agglomération,Giratoire,Normale,Deux véhicules - arrière,,,,,,,,,,,1,2,6,1.0,2.0
201700027164,0017-04-12 13:20:00,17,4,12,13,20,370,261,85 BD BERANGER,,,Plein jour,En agglomération,Intersection à plus de 4 branches,Normale,Deux véhicules - arrière,,,,,,,,,,,1,2,5,1.0,2.0
201700027165,0017-04-12 16:50:00,17,4,12,16,50,370,195,RUE DE  LA MAIRIE,,,Plein jour,En agglomération,Place,Normale,Autre collision,,,,,,,,,,,1,2,7,1.0,6.0
201700027166,0017-04-13 13:10:00,17,4,13,13,10,370,261,244 RUE A CHEVALLIER,47.37459,0.67875,Plein jour,En agglomération,Hors intersection,Normale,Deux véhicules - côté,,,,,,,,,,,1,2,1,1.0,3.0
201700027167,0017-04-14 15:00:00,17,4,14,15,0,370,261,AVENUE DE L ALOUETTE,47.36331,0.69863,Plein jour,En agglomération,Hors intersection,Normale,Deux véhicules - côté,,,,,,,,,,,1,2,1,1.0,3.0
201700027168,0017-04-15 11:40:00,17,4,15,11,40,370,214,266 BD C DE GAULLE,47.4236,0.65777,Plein jour,En agglomération,Intersection en T,Normale,Deux véhicules - côté,,,,,,,,,,,1,2,3,1.0,3.0
201700027169,0017-04-17 05:55:00,17,4,17,5,55,370,261,RP   LEON FOUCAULT,47.43158,0.69016,Crépuscule ou aube,En agglomération,Giratoire,Normale,Deux véhicules - arrière,,,,,,,,,,,2,2,6,1.0,2.0
201700027170,0017-04-17 21:05:00,17,4,17,21,5,370,261,"60, MARCHANT DU PLESSIS",47.37929,0.68231,Nuit avec éclairage allumé,En agglomération,Intersection en X,Normale,Deux véhicules - côté,,,,,,,,,,,5,2,2,1.0,3.0
201700027171,0017-04-18 13:35:00,17,4,18,13,35,370,261,PONT WILSON,47.39819,0.68555,Plein jour,En agglomération,Hors intersection,Normale,Deux véhicules - arrière,,,,,,,,,,,1,2,1,1.0,2.0
201700027172,0017-04-19 12:00:00,17,4,19,12,0,370,261,68 RUE D  ENTRAIGUES,,,Plein jour,En agglomération,Intersection en X,Normale,Deux véhicules - côté,,,,,,,,,,,1,2,2,1.0,3.0
201700027173,0017-04-22 17:36:00,17,4,22,17,36,370,122,BD JEAN JAURES,47.34887,0.66353,Plein jour,En agglomération,Intersection en X,Normale,Deux véhicules - côté,,,,,,,,,,,1,2,2,1.0,3.0
201700027174,0017-04-24 09:05:00,17,4,24,9,5,370,261,,47.39188,0.64756,Plein jour,En agglomération,Hors intersection,Normale,Trois véhicules et plus - en chaîne,,,,,,,,,,,1,2,1,1.0,4.0
201700027175,0017-04-24 13:50:00,17,4,24,13,50,370,261,60 RUE DES TANNEURS,,,Plein jour,En agglomération,Giratoire,Normale,Deux véhicules - arrière,,,,,,,,,,,1,2,6,1.0,2.0
201700027176,0017-04-25 07:05:00,17,4,25,7,5,370,122,3 RUE DU BOIS THAILAR,47.357,0.681,Plein jour,En agglomération,Intersection en T,Normale,Sans collision,,,,,,,,,,,1,2,3,1.0,7.0
201700027177,0017-04-25 13:10:00,17,4,25,13,10,370,233,141 RUE MARCEL CACHIN,47.39681,0.73835,Plein jour,En agglomération,Intersection en X,Pluie légère,Deux véhicules - côté,,,,,,,,,,,1,2,2,2.0,3.0
201700027178,0017-04-26 12:40:00,17,4,26,12,40,370,261,25 AV ANDRE MAGINOT,47.41011,0.6827,Plein jour,En agglomération,Intersection en T,Normale,Deux véhicules - côté,,,,,,,,,,,1,2,3,1.0,3.0
201700027179,0017-04-27 07:50:00,17,4,27,7,50,370,261,76 AV DE L'EUROPE,,,Plein jour,En agglomération,Intersection en T,Normale,Autre collision,,,,,,,,,,,1,2,3,1.0,6.0
201700027180,0017-04-28 12:25:00,17,4,28,12,25,370,261,ROUTE DE SAVONNIERES,47.36962,0.67181,Plein jour,En agglomération,Hors intersection,Normale,Deux véhicules - arrière,,,,,,,,,,,1,2,1,1.0,2.0
201700027181,0017-04-28 13:35:00,17,4,28,13,35,370,261,JACQUES MONOD,47.37057,0.67804,Plein jour,En agglomération,Giratoire,Normale,Autre collision,,,,,,,,,,,1,2,6,1.0,6.0
201700027182,0017-04-29 18:55:00,17,4,29,18,55,370,261,ROUTE DE SAVONNIERES,47.37044,0.67616,Plein jour,En agglomération,Giratoire,Normale,Trois véhicules et plus - en chaîne,,,,,,,,,,,1,2,6,1.0,4.0
201700027183,0017-04-30 11:50:00,17,4,30,11,50,370,261,,47.38423,0.65129,Plein jour,Hors agglomération,Hors intersection,Normale,Deux véhicules - arrière,,,,,,,,,,,1,1,1,1.0,2.0
201700027184,0017-05-02 11:45:00,17,5,2,11,45,370,122,1 RUE CROIX PORCHETTE,47.354,0.695,Plein jour,En agglomération,Intersection en X,Normale,Deux véhicules - côté,,,,,,,,,,,1,2,2,1.0,3.0
201700027185,0017-05-02 14:25:00,17,5,2,14,25,370,195,33  RUE  DES  MONTILS,47.37904,0.64383,Plein jour,En agglomération,Intersection en X,Normale,Deux véhicules - côté,,,,,,,,,,,1,2,2,1.0,3.0
201700027186,0017-05-03 11:50:00,17,5,3,11,50,370,261,42 QUAI ANDRE MALRAUX,47.39751,0.6994,Plein jour,En agglomération,Intersection en X,Normale,Deux véhicules - côté,,,,,,,,,,,1,2,2,1.0,3.0
201700027187,0017-05-04 08:45:00,17,5,4,8,45,370,233,14 LEVEE DE LA LOIRE,47.39691,0.70699,Plein jour,En agglomération,Hors intersection,Normale,Deux véhicules - côté,,,,,,,,,,,1,2,1,1.0,3.0
201700027188,0017-05-04 13:55:00,17,5,4,13,55,370,214,59 RUE DE PALLUAU,47.40339,0.65032,Plein jour,En agglomération,Intersection en T,Normale,Deux véhicules - côté,,,,,,,,,,,1,2,3,1.0,3.0
201700027189,0017-05-04 16:05:00,17,5,4,16,5,370,261,27 RUE LAKANAL,47.38574,0.68265,Plein jour,En agglomération,Intersection en X,Normale,Autre collision,,,,,,,,,,,1,2,2,1.0,6.0
201700027190,0017-05-03 19:45:00,17,5,3,19,45,370,261,77 RUE JULES GUESDE,,,Plein jour,En agglomération,Intersection en X,Normale,Sans collision,,,,,,,,,,,1,2,2,1.0,7.0
201700027191,0017-05-05 11:55:00,17,5,5,11,55,370,261,,47.37097,0.6539,Plein jour,En agglomération,Intersection en Y,Normale,Trois véhicules et plus - en chaîne,,,,,,,,,,,1,2,4,1.0,4.0
201700027192,0017-05-08 23:00:00,17,5,8,23,0,370,261,164 RUE ED VAILLANT,47.38364,0.70222,Nuit avec éclairage allumé,En agglomération,Intersection en Y,Normale,Trois véhicules et plus - collisions multiples,,,,,,,,,,,5,2,4,1.0,5.0
201700027193,0017-05-10 08:25:00,17,5,10,8,25,370,261,282 RUE D ENTRAIGUES,47.38539,0.67237,Plein jour,En agglomération,Hors intersection,Normale,Autre collision,,,,,,,,,,,1,2,1,1.0,6.0
201700027194,0017-04-12 17:10:00,17,4,12,17,10,370,214,RUE  TONNELE,,,Plein jour,En agglomération,Hors intersection,Normale,Sans collision,,,,,,,,,,,1,2,1,1.0,7.0
201700027195,0017-05-09 20:25:00,17,5,9,20,25,370,261,"25, DANIEL MAYER",47.41886,0.68136,Plein jour,En agglomération,Intersection en X,Temps éblouissant,Deux véhicules - côté,,,,,,,,,,,1,2,2,7.0,3.0
201700027196,0017-05-10 17:15:00,17,5,10,17,15,370,261,162 RUE DU PLAT D'ETAIN,47.38302,0.66894,Plein jour,En agglomération,Intersection en T,Normale,Deux véhicules - côté,,,,,,,,,,,1,2,3,1.0,3.0
201700027197,0017-05-11 16:35:00,17,5,11,16,35,370,122,112 BD JEAN JAURES,47.34923,0.66612,Plein jour,En agglomération,Hors intersection,Pluie légère,Deux véhicules - arrière,,,,,,,,,,,1,2,1,2.0,2.0
201700027198,0017-05-11 12:30:00,17,5,11,12,30,370,214,QUAI DE PORTILLON,47.40043,0.679,Plein jour,En agglomération,Giratoire,Pluie légère,Deux véhicules - côté,,,,,,,,,,,1,2,6,2.0,3.0
201700027199,0017-05-12 07:40:00,17,5,12,7,40,370,261,2 ROUTE DE  ROUZIERS,47.43256,0.67405,Plein jour,En agglomération,Hors intersection,Normale,Deux véhicules - côté,,,,,,,,,,,1,2,1,1.0,3.0
201700027200,0017-05-12 15:30:00,17,5,12,15,30,370,208,161 RUE DE LARCAY,47.368,0.755,Plein jour,En agglomération,Intersection en X,Normale,Trois véhicules et plus - en chaîne,,,,,,,,,,,1,2,2,1.0,4.0
201700027201,0017-05-13 07:00:00,17,5,13,7,0,370,261,210 RUE DES BORDIERS,47.423,0.672,Plein jour,En agglomération,Intersection en X,Normale,Deux véhicules - arrière,,,,,,,,,,,1,2,2,1.0,2.0
201700027202,0017-05-14 19:50:00,17,5,14,19,50,370,233,35 RUE JEAN JAURES,47.39007,0.72591,Plein jour,En agglomération,Intersection en X,Normale,Deux véhicules - côté,,,,,,,,,,,1,2,2,1.0,3.0
201700027203,0017-05-16 09:05:00,17,5,16,9,5,370,261,29 RUE DES HALLES,47.39346,0.68445,Plein jour,En agglomération,Hors intersection,Normale,Autre collision,,,,,,,,,,,1,2,1,1.0,6.0
201700027204,0017-05-16 09:30:00,17,5,16,9,30,370,261,28 RUE ED VAILLANT,47.38925,0.69549,Plein jour,En agglomération,Hors intersection,Normale,Autre collision,,,,,,,,,,,1,2,1,1.0,6.0
201700027205,0017-05-16 13:00:00,17,5,16,13,0,370,261,34 PONT NAPOLEON ???,47.39907,0.67552,Plein jour,En agglomération,Intersection en T,Normale,Deux véhicules - arrière,,,,,,,,,,,1,2,3,1.0,2.0
201700027206,0017-05-10 17:25:00,17,5,10,17,25,370,261,25 AVENUE EUGENE GOUIN,47.36659,0.14574,Plein jour,En agglomération,Intersection en X,Normale,Deux véhicules - côté,,,,,,,,,,,1,2,2,1.0,3.0
201700027207,0017-05-18 15:30:00,17,5,18,15,30,370,122,,47.367,0.654,Plein jour,En agglomération,Hors intersection,Pluie forte,Autre collision,,,,,,,,,,,1,2,1,3.0,6.0
201700027208,0017-05-18 20:15:00,17,5,18,20,15,370,261,ROND  POINT ST SAUVEUR,,,Plein jour,En agglomération,Giratoire,Pluie légère,Sans collision,,,,,,,,,,,1,2,6,2.0,7.0
201700027209,0017-05-19 16:00:00,17,5,19,16,0,370,261,30 RUE DE LA PREFECTURE,47.39286,0.69035,Plein jour,En agglomération,Hors intersection,Normale,Autre collision,,,,,,,,,,,1,2,1,1.0,6.0
201700027210,0017-05-19 18:30:00,17,5,19,18,30,370,261,PONT MIRABEAU,47.40072,0.70104,Plein jour,En agglomération,Hors intersection,Pluie légère,Deux véhicules - côté,,,,,,,,,,,1,2,1,2.0,3.0
201700027211,0017-05-20 00:01:00,17,5,20,0,1,370,233,122 AV JACQUES DUCLOS,47.38118,0.73744,Nuit avec éclairage allumé,En agglomération,Intersection en Y,Temps couvert,Deux véhicules - côté,,,,,,,,,,,5,2,4,8.0,3.0
201700027212,0017-05-20 15:57:00,17,5,20,15,57,370,261,22 RUE ED VAILLANT,47.38954,0.69568,Plein jour,En agglomération,Hors intersection,Normale,Autre collision,,,,,,,,,,,1,2,1,1.0,6.0
201700027213,0017-05-20 17:40:00,17,5,20,17,40,370,214,72 BD CHARLE DE GAULLE,47.41161,0.67533,Plein jour,En agglomération,Intersection en T,Normale,Deux véhicules - arrière,,,,,,,,,,,1,2,3,1.0,2.0
201700027214,0017-05-20 22:00:00,17,5,20,22,0,370,122,"52, RUE DE LA JONCHERE",47.36684,0.64177,Nuit avec éclairage allumé,En agglomération,Intersection en X,Normale,Deux véhicules - côté,,,,,,,,,,,5,2,2,1.0,3.0
201700027215,0017-05-22 10:15:00,17,5,22,10,15,370,122,,47.34259,0.64731,Plein jour,En agglomération,Hors intersection,Normale,Trois véhicules et plus - en chaîne,,,,,,,,,,,1,2,1,1.0,4.0
201700027216,0017-05-23 15:10:00,17,5,23,15,10,370,261,29 RUE MARCEAU,47.39154,0.6904,Plein jour,En agglomération,Hors intersection,Normale,Autre collision,,,,,,,,,,,1,2,1,1.0,6.0
201700027217,0017-05-23 15:40:00,17,5,23,15,40,370,261,64 RUE NATIONALE,47.39304,0.68774,Plein jour,En agglomération,Hors intersection,Normale,Sans collision,,,,,,,,,,,1,2,1,1.0,7.0
201700027218,0017-05-23 22:20:00,17,5,23,22,20,370,261,AVENUE DE MONTJOUEUX,47.36382,0.70092,Nuit avec éclairage allumé,En agglomération,Hors intersection,Normale,Autre collision,,,,,,,,,,,5,2,1,1.0,6.0
201700027219,0017-05-24 07:10:00,17,5,24,7,10,370,214,RP MARECHAL LECLERC,,,Plein jour,En agglomération,Giratoire,Normale,Deux véhicules - côté,,,,,,,,,,,1,2,6,1.0,3.0
201700027220,0017-04-18 16:33:00,17,4,18,16,33,370,122,133 BD DE CHINON,,,Plein jour,En agglomération,Intersection en T,Normale,Sans collision,,,,,,,,,,,1,2,3,1.0,7.0
201700027221,0017-05-25 11:15:00,17,5,25,11,15,370,261,BD MARECHAL JUIN,47.423,0.698,Plein jour,En agglomération,Intersection en X,Normale,Trois véhicules et plus - en chaîne,,,,,,,,,,,1,2,2,1.0,4.0
201700027222,0017-05-26 04:00:00,17,5,26,4,0,370,261,177 AV DE GRAMMONT,47.37685,0.69403,Nuit avec éclairage allumé,En agglomération,Hors intersection,Normale,Autre collision,,,,,,,,,,,5,2,1,1.0,6.0
201700027223,0017-05-26 16:45:00,17,5,26,16,45,370,208,61 RUE DE L OISELET,47.36108,0.73684,Plein jour,En agglomération,Intersection en T,Normale,Deux véhicules - côté,,,,,,,,,,,1,2,3,1.0,3.0
201700027224,0017-05-28 00:45:00,17,5,28,0,45,370,261,410 RUE ED VAILLANT,47.37856,0.71073,Nuit avec éclairage allumé,En agglomération,Intersection en X,Normale,Deux véhicules - côté,,,,,,,,,,,5,2,2,1.0,3.0
201700027225,0017-04-27 15:46:00,17,4,27,15,46,370,233,LEVEE DE LA LOIRE,,,Plein jour,En agglomération,Intersection en Y,Normale,Deux véhicules - côté,,,,,,,,,,,1,2,4,1.0,3.0
201700027226,0017-05-30 17:50:00,17,5,30,17,50,370,261,15 QUAI DE  PORTILLON,47.40079,0.68225,Plein jour,En agglomération,Intersection en Y,Normale,Trois véhicules et plus - en chaîne,,,,,,,,,,,1,2,4,1.0,4.0
201700027227,0017-05-31 15:50:00,17,5,31,15,50,370,261,16 BD CHURCHILL,47.37334,0.68914,Plein jour,En agglomération,Intersection en T,Normale,Deux véhicules - côté,,,,,,,,,,,1,2,3,1.0,3.0
201700027228,0017-05-31 18:25:00,17,5,31,18,25,370,261,AVENUE MONTJOYEUX,47.3636,0.6996,Plein jour,En agglomération,Intersection en T,Normale,Deux véhicules - côté,,,,,,,,,,,1,2,3,1.0,3.0
201700027229,0017-05-18 16:25:00,17,5,18,16,25,370,261,PLACE DES HALLES,47.39256,0.67911,Plein jour,En agglomération,Intersection en X,Normale,Autre collision,,,,,,,,,,,1,2,2,1.0,6.0
201700027230,0017-06-01 07:10:00,17,6,1,7,10,370,261,QUAI PAUL BERT,47.40147,0.68664,Plein jour,En agglomération,Intersection en T,Normale,Deux véhicules - côté,,,,,,,,,,,1,2,3,1.0,3.0
201700027231,0017-06-01 19:35:00,17,6,1,19,35,370,261,272 AVENUE DE GRAMMONT,47.37262,0.69581,Plein jour,En agglomération,Intersection en X,Normale,Trois véhicules et plus - en chaîne,,,,,,,,,,,1,2,2,1.0,4.0
201700027232,0017-05-18 08:48:00,17,5,18,8,48,370,261,,47.38625,0.65011,Plein jour,En agglomération,Hors intersection,Pluie légère,Deux véhicules - côté,,,,,,,,,,,1,2,1,2.0,3.0
201700027233,0017-06-03 02:45:00,17,6,3,2,45,370,261,135 AVENUE DE LATRANCHEE,47.40787,0.68179,Nuit avec éclairage allumé,En agglomération,Hors intersection,Normale,Autre collision,,,,,,,,,,,5,2,1,1.0,6.0
201700027234,0017-06-02 20:45:00,17,6,2,20,45,370,261,23 RUE NATIONALE,47.39466,0.68705,Plein jour,En agglomération,Intersection en X,Normale,Deux véhicules - côté,,,,,,,,,,,1,2,2,1.0,3.0