accident_id,datetime,annee,mois,jour,heure,minute,departement,commune_insee,adresse,latitude,longitude,luminosite,agglomeration,intersection,meteo,collision,nb_vehicules,nb_usagers,nb_indemnes,nb_tues,nb_blesses_hosp,nb_blesses_legers,age_cond_1,age_cond_2,veh_type_cond_1,veh_type_cond_2,lum_code,agg_code,int_code,atm_code,col_code
201700027235,0017-06-03 15:37:00,17,6,3,15,37,370,261,"28, REPUBLIQUE (AVENUE D",47.41179,0.68961,Plein jour,En agglomération,Intersection en X,Normale,Deux véhicules - côté,,,,,,,,,,,1,2,2,1.0,3.0
201700027236,0017-06-05 10:50:00,17,6,5,10,50,370,233,CTRE COMMERCIAL ATLANTES,47.37961,0.71602,Plein jour,En agglomération,Hors intersection,Normale,Deux véhicules - côté,,,,,,,,,,,1,2,1,1.0,3.0
201700027237,0017-06-05 18:45:00,17,6,5,18,45,370,233,Ctre COMMERCIAL ATLANTES,47.378,0.715,Plein jour,En agglomération,Intersection en X,Normale,Deux véhicules - côté,,,,,,,,,,,1,2,2,1.0,3.0
201700027238,0017-06-08 10:50:00,17,6,8,10,50,370,261,6 RUE EMILE ZOLA,47.39329,0.68885,Plein jour,En agglomération,Intersection en X,Normale,Deux véhicules - arrière,,,,,,,,,,,1,2,2,1.0,2.0
201700027239,0017-06-08 18:00:00,17,6,8,18,0,370,208,32 RUE DE GRAND COUR,47.36247,0.71468,Plein jour,En agglomération,Intersection en Y,Normale,Deux véhicules - côté,,,,,,,,,,,1,2,4,1.0,3.0
201700027240,0017-06-09 15:50:00,17,6,9,15,50,370,261,PONT DE FIL,47.4021,0.69335,Plein jour,En agglomération,Intersection en X,Normale,Deux véhicules - côté,,,,,,,,,,,1,2,2,1.0,3.0
201700027241,0017-06-09 20:30:00,17,6,9,20,30,370,122,,47.36266,0.64819,Plein jour,En agglomération,Hors intersection,Normale,Deux véhicules - arrière,,,,,,,,,,,1,2,1,1.0,2.0
201700027242,0017-06-09 21:35:00,17,6,9,21,35,370,261,AV DE LA TRANCHEE,47.4016,0.68418,Crépuscule ou aube,En agglomération,Hors intersection,Normale,Autre collision,,,,,,,,,,,2,2,1,1.0,6.0
201700027243,0017-06-10 16:40:00,17,6,10,16,40,370,261,RUE BERNARD PALLISSY,47.39431,0.69277,Plein jour,En agglomération,Intersection en T,Normale,Autre collision,,,,,,,,,,,1,2,3,1.0,6.0
201700027244,0017-06-11 21:55:00,17,6,11,21,55,370,214,1 RUE BRETONNEAU,47.39575,0.65664,Nuit avec éclairage allumé,En agglomération,Intersection en T,Normale,Deux véhicules - arrière,,,,,,,,,,,5,2,3,1.0,2.0
201700027245,0017-06-13 12:30:00,17,6,13,12,30,370,261,80 RUE MICHELET,47.38663,0.69218,Plein jour,En agglomération,Intersection en X,Normale,Deux véhicules - côté,,,,,,,,,,,1,2,2,1.0,3.0
201700027246,0017-06-13 18:10:00,17,6,13,18,10,370,122,,47.32886,0.66449,Plein jour,Hors agglomération,Intersection en T,Normale,Deux véhicules - côté,,,,,,,,,,,1,1,3,1.0,3.0
201700027247,0017-06-13 19:05:00,17,6,13,19,5,370,261,108 RUE MARCEL TRIBUT,47.38931,0.70177,Plein jour,En agglomération,Intersection en X,Normale,Deux véhicules - côté,,,,,,,,,,,1,2,2,1.0,3.0
201700027248,0017-06-14 14:03:00,17,6,14,14,3,370,261,103 AV DE LA TRANCHEE,47.4066,0.68239,Plein jour,En agglomération,Intersection en T,Normale,Deux véhicules - côté,,,,,,,,,,,1,2,3,1.0,3.0
201700027249,0017-06-16 12:50:00,17,6,16,12,50,370,261,53 BD LOUIS XI,47.37663,0.66241,Plein jour,En agglomération,Giratoire,Normale,Deux véhicules - côté,,,,,,,,,,,1,2,6,1.0,3.0
201700027250,0017-06-16 14:40:00,17,6,16,14,40,370,233,LEVEE DE LA LOIRE,47.39814,0.73339,Plein jour,Hors agglomération,Hors intersection,Normale,Trois véhicules et plus - collisions multiples,,,,,,,,,,,1,1,1,1.0,5.0
201700027251,0017-06-16 17:00:00,17,6,16,17,0,370,214,BD CHARLES DE GAULLE,47.42653,0.6548,Plein jour,En agglomération,Giratoire,Normale,Deux véhicules - côté,,,,,,,,,,,1,2,6,1.0,3.0
201700027252,0017-06-16 20:10:00,17,6,16,20,10,370,261,2 PLACE DE LA LIBERTEE,47.3793,0.69244,Plein jour,En agglomération,Place,Normale,Deux véhicules - arrière,,,,,,,,,,,1,2,7,1.0,2.0
201700027253,0017-06-17 18:10:00,17,6,17,18,10,370,261,23 RUE  FRANCHE COMTE,47.42819,0.67914,Plein jour,En agglomération,Intersection en T,Normale,Trois véhicules et plus - en chaîne,,,,,,,,,,,1,2,3,1.0,4.0
201700027254,0017-06-17 20:00:00,17,6,17,20,0,370,208,68 RUE DE CANGE,47.36673,0.74546,Plein jour,En agglomération,Hors intersection,Normale,Deux véhicules - frontale,,,,,,,,,,,1,2,1,1.0,1.0
201700027255,0017-06-17 19:25:00,17,6,17,19,25,370,261,"., MARMOUTIER (QUAI DE)",47.40336,0.72345,Plein jour,En agglomération,Hors intersection,Normale,Deux véhicules - frontale,,,,,,,,,,,1,2,1,1.0,1.0
201700027256,0017-06-18 17:25:00,17,6,18,17,25,370,195,11 RUE JEAN  MONNET,47.38955,0.65741,Plein jour,En agglomération,Hors intersection,Normale,Sans collision,,,,,,,,,,,1,2,1,1.0,7.0
201700027257,0017-06-18 16:00:00,17,6,18,16,0,370,122,DE MONTS   TOURS,47.30577,0.64986,Plein jour,Hors agglomération,Hors intersection,Normale,Deux véhicules - arrière,,,,,,,,,,,1,1,1,1.0,2.0
201700027258,0017-06-19 16:15:00,17,6,19,16,15,370,261,PLACE ANATOLE FRANCE,47.39627,0.68412,Plein jour,En agglomération,Giratoire,Normale,Deux véhicules - frontale,,,,,,,,,,,1,2,6,1.0,1.0
201700027259,0017-06-19 18:05:00,17,6,19,18,5,370,261,26 AV DU GAL DE GAULLE,47.38144,0.70263,Plein jour,En agglomération,Hors intersection,Normale,Autre collision,,,,,,,,,,,1,2,1,1.0,6.0
201700027260,0017-06-20 23:56:00,17,6,20,23,56,370,261,PONT WILSON,47.39779,0.68591,Nuit avec éclairage allumé,En agglomération,Hors intersection,Normale,Deux véhicules - arrière,,,,,,,,,,,5,2,1,1.0,2.0
201700027261,0017-06-21 18:00:00,17,6,21,18,0,370,261,64 BD BERANGER,47.38919,0.68317,Plein jour,En agglomération,Intersection en X,Normale,Deux véhicules - côté,,,,,,,,,,,1,2,2,1.0,3.0
201700027262,0017-06-21 21:05:00,17,6,21,21,5,370,261,10 AVENUE MARC CHAGALL,47.41467,0.68233,Plein jour,En agglomération,Hors intersection,Normale,Autre collision,,,,,,,,,,,1,2,1,1.0,6.0
201700027263,0017-06-22 18:55:00,17,6,22,18,55,370,261,"23, VAILLANT (RUE EDOUAR",47.38766,0.69719,Plein jour,En agglomération,Hors intersection,Normale,Deux véhicules - côté,,,,,,,,,,,1,2,1,1.0,3.0
201700027264,0017-06-23 11:01:00,17,6,23,11,1,370,261,BD  MARECHAL JUIN,47.4123,0.70274,Plein jour,En agglomération,Hors intersection,Normale,Deux véhicules - arrière,,,,,,,,,,,1,2,1,1.0,2.0
201700027265,0017-06-23 17:20:00,17,6,23,17,20,370,261,AV DU GAL DE GAULLE,47.38102,0.7003,Plein jour,En agglomération,Hors intersection,Normale,Deux véhicules - côté,,,,,,,,,,,1,2,1,1.0,3.0
201700027266,0017-06-26 22:10:00,17,6,26,22,10,370,261,76 RUE LEON BOYER,47.38862,0.67618,Nuit avec éclairage allumé,En agglomération,Intersection en X,Temps couvert,Autre collision,,,,,,,,,,,5,2,2,8.0,6.0
201700027267,0017-06-27 15:30:00,17,6,27,15,30,370,122,78 RUE DE CHANTEPIE,47.35312,0.65896,Plein jour,En agglomération,Hors intersection,Pluie forte,Sans collision,,,,,,,,,,,1,2,1,3.0,7.0
201700027268,0017-06-28 08:55:00,17,6,28,8,55,370,122,4 BD DE CHINON,47.35777,0.70165,Plein jour,En agglomération,Hors intersection,Normale,Trois véhicules et plus - collisions multiples,,,,,,,,,,,1,2,1,1.0,5.0
201700027269,0017-06-29 04:50:00,17,6,29,4,50,370,261,230 AVENUE PRUDHOM,47.38759,0.65057,Nuit avec éclairage allumé,En agglomération,Intersection en X,Temps couvert,Autre collision,,,,,,,,,,,5,2,2,8.0,6.0
201700027270,0017-06-29 12:25:00,17,6,29,12,25,370,261,36 RUE DE CLOCHEVILLE,47.3909,0.68359,Plein jour,En agglomération,Intersection en X,Normale,Deux véhicules - côté,,,,,,,,,,,1,2,2,1.0,3.0
201700027271,0017-06-29 16:50:00,17,6,29,16,50,370,261,"44, TONNELLE (BOULEVARD)",47.383,0.688,Plein jour,En agglomération,Intersection en X,Normale,Autre collision,,,,,,,,,,,1,2,2,1.0,6.0
201700027272,0017-06-29 17:00:00,17,6,29,17,0,370,261,112 RUE DU PLAT D ETAIN,47.383,0.672,Plein jour,En agglomération,Intersection en X,Pluie légère,Deux véhicules - côté,,,,,,,,,,,1,2,2,2.0,3.0
201700027273,0017-06-30 08:35:00,17,6,30,8,35,370,214,63 RUE JEAN MOULIN,47.407,0.669,Plein jour,En agglomération,Intersection en T,Pluie légère,Autre collision,,,,,,,,,,,1,2,3,2.0,6.0
201700027274,0017-06-30 13:55:00,17,6,30,13,55,370,122,51DES MAISONS NEUVES,47.32664,0.65009,Plein jour,Hors agglomération,Hors intersection,Pluie légère,Trois véhicules et plus - collisions multiples,,,,,,,,,,,1,1,1,2.0,5.0
201700027275,0017-06-30 18:35:00,17,6,30,18,35,370,208,9 RUE DE CANGE,47.36703,0.73934,Plein jour,En agglomération,Hors intersection,Normale,Autre collision,,,,,,,,,,,1,2,1,1.0,6.0
201700027276,0017-07-03 07:15:00,17,7,3,7,15,370,261,ROND POINT  EMMAUS,47.42999,0.70492,Plein jour,En agglomération,Giratoire,Normale,Sans collision,,,,,,,,,,,1,2,6,1.0,7.0
201700027277,0017-07-03 10:25:00,17,7,3,10,25,370,122,RUE DE LA CHAUMETTE,47.3577,0.73934,Plein jour,En agglomération,Intersection en T,Normale,Deux véhicules - frontale,,,,,,,,,,,1,2,3,1.0,1.0
201700027278,0017-07-03 14:30:00,17,7,3,14,30,370,233,32  AV DE LA REPUBLIQUE,47.38938,0.71854,Plein jour,En agglomération,Hors intersection,Normale,Autre collision,,,,,,,,,,,1,2,1,1.0,6.0
201700027279,0017-07-04 10:10:00,17,7,4,10,10,370,208,18 RUE  PONT DE L'ARCHE,47.37117,0.71669,Plein jour,En agglomération,Hors intersection,Normale,Autre collision,,,,,,,,,,,1,2,1,1.0,6.0
201700027280,0017-07-05 00:05:00,17,7,5,0,5,370,122,ROUTE DE SAVONNIERES,47.36734,0.65462,Nuit sans éclairage public,Hors agglomération,Intersection en T,Normale,Deux véhicules - frontale,,,,,,,,,,,3,1,3,1.0,1.0
201700027281,0017-07-04 12:15:00,17,7,4,12,15,370,261,2 AVENUE DU DANEMARK,47.43198,0.69704,Plein jour,En agglomération,Hors intersection,Normale,Deux véhicules - arrière,,,,,,,,,,,1,2,1,1.0,2.0
201700027282,0017-07-05 18:30:00,17,7,5,18,30,370,261,RUE ALBERT  EINSTEIN,47.427,0.708,Plein jour,En agglomération,Autre intersection,Normale,Autre collision,,,,,,,,,,,1,2,9,1.0,6.0
201700027283,0017-07-07 23:30:00,17,7,7,23,30,370,261,AVENUE DE L ALOUETTE,47.36281,0.69648,Nuit avec éclairage allumé,En agglomération,Hors intersection,Normale,Sans collision,,,,,,,,,,,5,2,1,1.0,7.0
201700027284,0017-07-09 11:50:00,17,7,9,11,50,370,261,DANIEL   MAYER,47.41886,0.68141,Plein jour,En agglomération,Intersection en X,Normale,Deux véhicules - côté,,,,,,,,,,,1,2,2,1.0,3.0
201700027285,0017-07-09 22:45:00,17,7,9,22,45,370,261,QUAI ANDRE MALRAUX,47.39755,0.69938,Nuit avec éclairage allumé,En agglomération,Intersection en X,Temps couvert,Deux véhicules - côté,,,,,,,,,,,5,2,2,8.0,3.0
201700027286,0017-07-09 17:28:00,17,7,9,17,28,370,261,145 RUE GEORGES  SAND,47.38221,0.68869,Plein jour,En agglomération,Hors intersection,Pluie légère,Autre collision,,,,,,,,,,,1,2,1,2.0,6.0
201700027287,0017-07-10 17:35:00,17,7,10,17,35,370,122,ROUTE DE MONTS,47.30578,0.64987,Plein jour,Hors agglomération,Hors intersection,Normale,Deux véhicules - côté,,,,,,,,,,,1,1,1,1.0,3.0
201700027288,0017-07-11 18:05:00,17,7,11,18,5,370,214,RUE HENRI BERGSON,47.41292,0.66427,Plein jour,En agglomération,Hors intersection,Normale,Autre collision,,,,,,,,,,,1,2,1,1.0,6.0
201700027289,0017-07-12 08:05:00,17,7,12,8,5,370,261,71 AV DE L EUROPE,47.42359,0.63171,Plein jour,En agglomération,Intersection en X,Normale,Deux véhicules - côté,,,,,,,,,,,1,2,2,1.0,3.0
201700027290,0017-07-13 04:50:00,17,7,13,4,50,370,261,BD HEURTELOUP,47.39542,0.69738,Nuit avec éclairage allumé,En agglomération,Hors intersection,Normale,Autre collision,,,,,,,,,,,5,2,1,1.0,6.0
201700027291,0017-07-13 10:05:00,17,7,13,10,5,370,122,RUE DU PONT VOLANT,47.3592,0.66854,Plein jour,En agglomération,Intersection en X,Normale,Deux véhicules - côté,,,,,,,,,,,1,2,2,1.0,3.0
201700027292,0017-07-13 10:50:00,17,7,13,10,50,370,195,RUE DU PLESSIS,47.38388,0.66033,Plein jour,En agglomération,Intersection en X,Normale,Deux véhicules - côté,,,,,,,,,,,1,2,2,1.0,3.0
201700027293,0017-07-14 17:15:00,17,7,14,17,15,370,261,26 QUAI DE PORTILLON,47.40029,0.6789,Plein jour,En agglomération,Hors intersection,Normale,Deux véhicules - arrière,,,,,,,,,,,1,2,1,1.0,2.0
201700027294,0017-07-15 00:50:00,17,7,15,0,50,370,261,152 QAUI PAUL BERT,47.40295,0.7072,Nuit avec éclairage allumé,En agglomération,Hors intersection,Normale,Sans collision,,,,,,,,,,,5,2,1,1.0,7.0
201700027295,0017-07-15 04:49:00,17,7,15,4,49,370,261,BD HEURTELOUP,47.39352,0.70262,Nuit avec éclairage allumé,En agglomération,Hors intersection,Normale,Autre collision,,,,,,,,,,,5,2,1,1.0,6.0
201700027296,0017-07-16 21:38:00,17,7,16,21,38,370,261,240 RUE ED VAILLANT,47.38252,0.70433,Crépuscule ou aube,En agglomération,Intersection en T,Normale,Deux véhicules - côté,,,,,,,,,,,2,2,3,1.0,3.0
201700027297,0017-07-17 07:40:00,17,7,17,7,40,370,122,49 AV DE  BORDEAUX,47.35485,0.69946,Plein jour,En agglomération,Hors intersection,Normale,Deux véhicules - côté,,,,,,,,,,,1,2,1,1.0,3.0
201700027298,0017-07-18 23:00:00,17,7,18,23,0,370,214,RUE VICTOR HUGO,47.40599,0.66672,Nuit avec éclairage allumé,En agglomération,Intersection en T,Normale,Deux véhicules - côté,,,,,,,,,,,5,2,3,1.0,3.0
201700027299,0017-07-19 07:20:00,17,7,19,7,20,370,261,RUE DE L HERMITAGE,47.40395,0.71061,Plein jour,En agglomération,Intersection en T,Pluie légère,Autre collision,,,,,,,,,,,1,2,3,2.0,6.0
201700027300,0017-07-19 13:30:00,17,7,19,13,30,370,208,AVENUE BEAUGAILLARD,47.36593,0.71816,Plein jour,En agglomération,Hors intersection,Normale,Deux véhicules - côté,,,,,,,,,,,1,2,1,1.0,3.0
201700027301,0017-07-19 19:10:00,17,7,19,19,10,370,261,142 QUAI PAUL BERT,47.40308,0.70507,Plein jour,En agglomération,Hors intersection,Normale,Deux véhicules - côté,,,,,,,,,,,1,2,1,1.0,3.0
201700027302,0017-07-20 04:50:00,17,7,20,4,50,370,122,15 RUE JOSEPH CUGNOT,47.34246,0.63351,Nuit avec éclairage allumé,En agglomération,Hors intersection,Normale,Autre collision,,,,,,,,,,,5,2,1,1.0,6.0
201700027303,0017-07-20 13:55:00,17,7,20,13,55,370,261,12 PLACE DU MAL LECLERC,47.39032,0.6942,Plein jour,En agglomération,Hors intersection,Normale,Autre collision,,,,,,,,,,,1,2,1,1.0,6.0
201700027304,0017-07-20 17:45:00,17,7,20,17,45,370,122,RD 37,47.33236,0.67354,Plein jour,Hors agglomération,Hors intersection,Normale,Deux véhicules - arrière,,,,,,,,,,,1,1,1,1.0,2.0
201700027305,0017-07-20 19:20:00,17,7,20,19,20,370,261,95 RUE BLAISE PASCAL,47.38409,0.6957,Plein jour,En agglomération,Hors intersection,Normale,Deux véhicules - arrière,,,,,,,,,,,1,2,1,1.0,2.0
201700027306,0017-07-21 10:30:00,17,7,21,10,30,370,214,133 RUE DU BOCAGE,47.41256,0.67185,Plein jour,En agglomération,Hors intersection,Normale,Autre collision,,,,,,,,,,,1,2,1,1.0,6.0
201700027307,0017-07-21 15:00:00,17,7,21,15,0,370,261,24 BD RICHARD WAGNER,47.37501,0.70068,Plein jour,En agglomération,Hors intersection,Normale,Deux véhicules - arrière,,,,,,,,,,,1,2,1,1.0,2.0
201700027308,0017-07-21 19:55:00,17,7,21,19,55,370,261,2 RUE NICOLA S POUSSIN,47.32279,0.68501,Plein jour,En agglomération,Hors intersection,Normale,Sans collision,,,,,,,,,,,1,2,1,1.0,7.0
201700027309,0017-07-22 20:15:00,17,7,22,20,15,370,261,Bd ABEL GANCE,47.40836,0.7211,Plein jour,En agglomération,Hors intersection,Normale,Deux véhicules - arrière,,,,,,,,,,,1,2,1,1.0,2.0
201700027310,0017-07-24 08:10:00,17,7,24,8,10,370,233,LEVEE DE LA LOIRE,47.39744,0.73135,Plein jour,En agglomération,Hors intersection,Normale,Deux véhicules - arrière,,,,,,,,,,,1,2,1,1.0,2.0
201700027311,0017-07-24 16:15:00,17,7,24,16,15,370,233,"356, STALINGRAD (AVENUE)",47.39076,0.74046,Plein jour,En agglomération,Hors intersection,Normale,Deux véhicules - arrière,,,,,,,,,,,1,2,1,1.0,2.0
201700027312,0017-07-24 17:25:00,17,7,24,17,25,370,261,77 AV DE GRAMMONT,47.38248,0.69179,Plein jour,En agglomération,Intersection en X,Normale,Deux véhicules - côté,,,,,,,,,,,1,2,2,1.0,3.0
201700027313,0017-07-26 14:55:00,17,7,26,14,55,370,261,69 BD HEURTELOUP,47.39111,0.69777,Plein jour,En agglomération,Intersection en X,Pluie légère,Deux véhicules - côté,,,,,,,,,,,1,2,2,2.0,3.0
201700027314,0017-07-26 18:25:00,17,7,26,18,25,370,261,69 BD HEURTELOUP,47.39133,0.69766,Plein jour,En agglomération,Hors intersection,Normale,Deux véhicules - côté,,,,,,,,,,,1,2,1,1.0,3.0
201700027315,0017-07-27 10:20:00,17,7,27,10,20,370,261,AV GUSTAVE EIFFEL,47.42691,0.69767,Plein jour,En agglomération,Hors intersection,Pluie légère,Autre collision,,,,,,,,,,,1,2,1,2.0,6.0
201700027316,0017-07-27 15:47:00,17,7,27,15,47,370,208,AV DU GAL DE GAULLE,47.35671,0.73179,Plein jour,En agglomération,Intersection en X,Normale,Deux véhicules - côté,,,,,,,,,,,1,2,2,1.0,3.0
201700027317,0017-07-27 16:18:00,17,7,27,16,18,370,122,"., CHINON (BOULEVARD DE)",47.35812,0.69282,Plein jour,En agglomération,Intersection en T,Normale,Deux véhicules - côté,,,,,,,,,,,1,2,3,1.0,3.0
201700027318,0017-07-27 14:19:00,17,7,27,14,19,370,261,NOBEL (ROND-POINT ALFRED,47.43177,0.66266,Plein jour,En agglomération,Hors intersection,Normale,Deux véhicules - côté,,,,,,,,,,,1,2,1,1.0,3.0
201700027319,0017-07-28 14:35:00,17,7,28,14,35,370,261,82 UE DU PAS NOTRE-DAME,47.41419,0.69664,Plein jour,En agglomération,Intersection en X,Normale,Deux véhicules - côté,,,,,,,,,,,1,2,2,1.0,3.0
201700027320,0017-07-29 05:35:00,17,7,29,5,35,370,233,1  AV GEORGE  POMPIDOU,47.37639,0.71515,Crépuscule ou aube,En agglomération,Hors intersection,Normale,Deux véhicules - arrière,,,,,,,,,,,2,2,1,1.0,2.0
201700027321,0017-07-29 01:55:00,17,7,29,1,55,370,261,31 QUAI PAUL BERT,47.40181,0.68946,Nuit avec éclairage allumé,En agglomération,Hors intersection,Normale,Deux véhicules - frontale,,,,,,,,,,,5,2,1,1.0,1.0
201700027322,0017-07-29 23:45:00,17,7,29,23,45,370,195,,47.38716,0.64854,Nuit sans éclairage public,En agglomération,Hors intersection,Normale,Sans collision,,,,,,,,,,,3,2,1,1.0,7.0
201700027323,0017-07-30 05:25:00,17,7,30,5,25,370,261,ROUTE DE ST AVERTIN,47.36485,0.70865,Nuit avec éclairage allumé,En agglomération,Hors intersection,Normale,Deux véhicules - arrière,,,,,,,,,,,5,2,1,1.0,2.0
201700027324,0017-07-31 13:50:00,17,7,31,13,50,370,261,11 AV MARCEL DASSAULT,47.36414,0.68521,Plein jour,En agglomération,Hors intersection,Normale,Deux véhicules - côté,,,,,,,,,,,1,2,1,1.0,3.0
201700027325,0017-07-31 17:10:00,17,7,31,17,10,370,214,RUE VICTOR  HUGO,47.413,0.66723,Plein jour,En agglomération,Intersection en X,Pluie forte,Deux véhicules - côté,,,,,,,,,,,1,2,2,3.0,3.0
201700027326,0017-08-01 14:20:00,17,8,1,14,20,370,122,RD 37,47.34456,0.64613,Plein jour,Hors agglomération,Hors intersection,Normale,Deux véhicules - arrière,,,,,,,,,,,1,1,1,1.0,2.0
201700027327,0017-08-01 14:00:00,17,8,1,14,0,370,122,35 BD DE CHINON,47.35439,0.69365,Plein jour,En agglomération,Hors intersection,Normale,Sans collision,,,,,,,,,,,1,2,1,1.0,7.0
201700027328,0017-08-07 16:45:00,17,8,7,16,45,370,233,AV JACQUES DUCLOS,47.37867,0.71664,Plein jour,En agglomération,Autre intersection,Normale,Deux véhicules - côté,,,,,,,,,,,1,2,9,1.0,3.0
201700027329,0017-08-08 08:10:00,17,8,8,8,10,370,214,BD CHARLES DE GAULLE,47.41462,0.67,Plein jour,En agglomération,Intersection en T,Normale,Autre collision,,,,,,,,,,,1,2,3,1.0,6.0
201700027330,0017-08-09 10:55:00,17,8,9,10,55,370,261,9 ALLEE BAUCHANT,47.36189,0.70711,Plein jour,En agglomération,Hors intersection,Normale,Autre collision,,,,,,,,,,,1,2,1,1.0,6.0
201700027331,0017-08-09 12:30:00,17,8,9,12,30,370,261,434 BD RICHARD WAGNER,47.37567,0.70984,Plein jour,En agglomération,Hors intersection,Normale,Autre collision,,,,,,,,,,,1,2,1,1.0,6.0
201700027332,0017-08-10 07:20:00,17,8,10,7,20,370,261,4 RUE JOHAN STRAUSS,47.3591,0.7113,Crépuscule ou aube,En agglomération,Hors intersection,Normale,Autre collision,,,,,,,,,,,2,2,1,1.0,6.0
201700027333,0017-08-10 19:55:00,17,8,10,19,55,370,214,255 CHARLES DE GAULLE,47.23371,0.65774,Plein jour,En agglomération,Intersection en T,Pluie légère,Deux véhicules - côté,,,,,,,,,,,1,2,3,2.0,3.0
201700027334,0017-08-11 10:00:00,17,8,11,10,0,370,233,AV JEAN BONIN,47.395,0.706,Plein jour,En agglomération,Intersection en Y,Pluie légère,Sans collision,,,,,,,,,,,1,2,4,2.0,7.0
201700027335,0017-08-11 10:50:00,17,8,11,10,50,370,122,BD JEAN JAURES,47.34775,0.65573,Plein jour,En agglomération,Intersection en X,Pluie légère,Deux véhicules - côté,,,,,,,,,,,1,2,2,2.0,3.0
201700027336,0017-08-12 13:20:00,17,8,12,13,20,370,261,190 RUE GEORGES SAND,47.3809,0.68916,Plein jour,En agglomération,Intersection en X,Normale,Deux véhicules - côté,,,,,,,,,,,1,2,2,1.0,3.0
201700027337,0017-08-15 17:45:00,17,8,15,17,45,370,122,45 AVENUE DE BORDEAUX,47.356,0.698,Plein jour,En agglomération,Intersection en T,Normale,Deux véhicules - côté,,,,,,,,,,,1,2,3,1.0,3.0
201700027338,0017-08-18 05:50:00,17,8,18,5,50,370,261,,47.37698,0.65034,Nuit sans éclairage public,Hors agglomération,Hors intersection,Pluie légère,Sans collision,,,,,,,,,,,3,1,1,2.0,7.0
201700027339,0017-08-18 10:10:00,17,8,18,10,10,370,261,,47.379,0.649,Plein jour,En agglomération,Hors intersection,Pluie forte,Autre collision,,,,,,,,,,,1,2,1,3.0,6.0
201700027340,0017-08-18 11:30:00,17,8,18,11,30,370,261,,47.341,0.652,Plein jour,Hors agglomération,Hors intersection,Pluie forte,Autre collision,,,,,,,,,,,1,1,1,3.0,6.0
201700027341,0017-08-18 12:40:00,17,8,18,12,40,370,208,RUE DE CORMERY,47.33868,0.7394,Plein jour,En agglomération,Hors intersection,Pluie légère,Autre collision,,,,,,,,,,,1,2,1,2.0,6.0
201700027342,0017-08-18 13:10:00,17,8,18,13,10,370,261,ROND POINT LOUIS XI,47.37487,0.67131,Plein jour,En agglomération,Giratoire,Pluie légère,Sans collision,,,,,,,,,,,1,2,6,2.0,7.0
201700027343,0017-08-18 14:25:00,17,8,18,14,25,370,122,,47.34446,0.64625,Plein jour,Hors agglomération,Hors intersection,Pluie légère,Autre collision,,,,,,,,,,,1,1,1,2.0,6.0
201700027344,0017-08-19 11:05:00,17,8,19,11,5,370,208,RUE DE CORMERY,47.34209,0.73746,Plein jour,En agglomération,Giratoire,Normale,Deux véhicules - côté,,,,,,,,,,,1,2,6,1.0,3.0
201700027345,0017-08-19 14:10:00,17,8,19,14,10,370,122,45 AVENUE DE BORDEAUX,47.3556,0.69897,Plein jour,En agglomération,Intersection en X,Normale,Deux véhicules - côté,,,,,,,,,,,1,2,2,1.0,3.0
201700027346,0017-08-22 08:15:00,17,8,22,8,15,370,261,", ROND POINT EMMAUS",47.43043,0.70535,Plein jour,En agglomération,Giratoire,Normale,Deux véhicules - côté,,,,,,,,,,,1,2,6,1.0,3.0
201700027347,0017-08-25 08:45:00,17,8,25,8,45,370,261,EDOUARD ROSTAND,47.43687,0.71009,Plein jour,En agglomération,Giratoire,Pluie légère,Sans collision,,,,,,,,,,,1,2,6,2.0,7.0
201700027348,0017-08-25 13:15:00,17,8,25,13,15,370,261,246 R AUGUSTE CHEVALIER,47.37418,0.67875,Plein jour,En agglomération,Giratoire,Normale,Deux véhicules - arrière,,,,,,,,,,,1,2,6,1.0,2.0
201700027349,0017-08-25 14:59:00,17,8,25,14,59,370,261,8 RUE EMILE ZOLA,47.39381,0.68927,Plein jour,En agglomération,Hors intersection,Normale,Deux véhicules - arrière,,,,,,,,,,,1,2,1,1.0,2.0
201700027350,0017-08-25 15:50:00,17,8,25,15,50,370,261,AVENUE DE L ALOUETTE,47.36426,0.7037,Plein jour,En agglomération,Hors intersection,Normale,Deux véhicules - arrière,,,,,,,,,,,1,2,1,1.0,2.0
201700027351,0017-08-25 18:00:00,17,8,25,18,0,370,261,38 RUE GIRAUDEAU,47.38695,0.67652,Plein jour,En agglomération,Hors intersection,Normale,Autre collision,,,,,,,,,,,1,2,1,1.0,6.0
201700027352,0017-08-26 22:00:00,17,8,26,22,0,370,261,RUE DE L' AUBERDIERE,47.36575,0.69866,Nuit avec éclairage allumé,En agglomération,Intersection en T,Normale,Deux véhicules - arrière,,,,,,,,,,,5,2,3,1.0,2.0
201700027353,0017-08-27 07:20:00,17,8,27,7,20,370,261,84 RUE  ORIGET,47.38633,0.68401,Plein jour,En agglomération,Intersection en X,Normale,Deux véhicules - côté,,,,,,,,,,,1,2,2,1.0,3.0
201700027354,0017-08-28 10:45:00,17,8,28,10,45,370,261,ALFRED NOBEL,47.42624,0.70116,Plein jour,En agglomération,Giratoire,Normale,Deux véhicules - arrière,,,,,,,,,,,1,2,6,1.0,2.0
201700027355,0017-08-29 09:50:00,17,8,29,9,50,370,261,FRANCAIS LIBRES,47.39731,0.70388,Plein jour,En agglomération,Giratoire,Normale,Sans collision,,,,,,,,,,,1,2,6,1.0,7.0
201700027356,0017-08-29 11:30:00,17,8,29,11,30,370,261,235 AV DE GRAMMONT,47.37321,0.69552,Plein jour,En agglomération,Hors intersection,Normale,Autre collision,,,,,,,,,,,1,2,1,1.0,6.0
201700027357,0017-08-29 18:50:00,17,8,29,18,50,370,261,RUE MIRABEAU,47.39752,0.69943,Plein jour,En agglomération,Intersection en X,Normale,Deux véhicules - côté,,,,,,,,,,,1,2,2,1.0,3.0