accident_id,datetime,annee,mois,jour,heure,minute,departement,commune_insee,adresse,latitude,longitude,luminosite,agglomeration,intersection,meteo,collision,nb_vehicules,nb_usagers,nb_indemnes,nb_tues,nb_blesses_hosp,nb_blesses_legers,age_cond_1,age_cond_2,veh_type_cond_1,veh_type_cond_2,lum_code,agg_code,int_code,atm_code,col_code
201700027480,0017-11-03 17:40:00,17,11,3,17,40,370,261,RUE DU DOCTEUR FOURNIER,47.38626,0.70589,Nuit avec éclairage allumé,En agglomération,Intersection en X,Normale,Deux véhicules - côté,,,,,,,,,,,5,2,2,1.0,3.0
201700027481,0017-11-03 20:40:00,17,11,3,20,40,370,261,7 AVENUE DE GRAMMONT,47.0,0.68947,Nuit avec éclairage allumé,En agglomération,Intersection en T,Normale,Deux véhicules - côté,,,,,,,,,,,5,2,3,1.0,3.0
201700027482,0017-11-02 20:01:00,17,11,2,20,1,370,261,BD MARECHAL JUIN,47.418,0.70421,Nuit avec éclairage allumé,En agglomération,Giratoire,Normale,Deux véhicules - arrière,,,,,,,,,,,5,2,6,1.0,2.0
201700027483,0017-11-05 09:20:00,17,11,5,9,20,370,122,,47.33191,0.63402,Plein jour,En agglomération,Hors intersection,Normale,Autre collision,,,,,,,,,,,1,2,1,1.0,6.0
201700027484,0017-11-05 12:00:00,17,11,5,12,0,370,261,157 BD HEURTELOUP,47.39338,0.70258,Plein jour,En agglomération,Hors intersection,Normale,Deux véhicules - côté,,,,,,,,,,,1,2,1,1.0,3.0
201700027485,0017-11-06 08:50:00,17,11,6,8,50,370,261,98 RUE TOUR D AUVERGNE,47.385,0.70691,Plein jour,En agglomération,Intersection en X,Normale,Deux véhicules - côté,,,,,,,,,,,1,2,2,1.0,3.0
201700027486,0017-11-06 09:20:00,17,11,6,9,20,370,122,148 BD JEAN JAURES,,,Plein jour,En agglomération,Intersection en T,Normale,Deux véhicules - côté,,,,,,,,,,,1,2,3,1.0,3.0
201700027487,0017-11-07 16:00:00,17,11,7,16,0,370,261,ROUTE DE SAVONNIERES,,,Plein jour,Hors agglomération,Hors intersection,Normale,Deux véhicules - arrière,,,,,,,,,,,1,1,1,1.0,2.0
201700027488,0017-11-07 18:00:00,17,11,7,18,0,370,261,79 RUE BLAISE PASCAL,47.38526,0.69548,Nuit sans éclairage public,En agglomération,Hors intersection,Normale,Deux véhicules - côté,,,,,,,,,,,3,2,1,1.0,3.0
201700027489,0017-11-08 07:20:00,17,11,8,7,20,370,261,RUE DE LA VICTOIRE,47.394,0.677,Nuit avec éclairage allumé,En agglomération,Intersection en T,Pluie forte,Autre collision,,,,,,,,,,,5,2,3,3.0,6.0
201700027490,0017-11-08 09:00:00,17,11,8,9,0,370,261,RUE ED VAILLANT,47.377,0.71325,Plein jour,En agglomération,Intersection en T,Pluie légère,Deux véhicules - côté,,,,,,,,,,,1,2,3,2.0,3.0
201700027491,0017-11-10 13:00:00,17,11,10,13,0,370,261,AV GEORGE POMPIDOU,47.39639,0.70389,Plein jour,En agglomération,Intersection en Y,Pluie légère,Deux véhicules - arrière,,,,,,,,,,,1,2,4,2.0,2.0
201700027492,0017-11-10 18:29:00,17,11,10,18,29,370,261,PONT MIRABEAU,47.39982,0.70048,Nuit avec éclairage allumé,En agglomération,Hors intersection,Normale,Deux véhicules - arrière,,,,,,,,,,,5,2,1,1.0,2.0
201700027493,0017-11-11 09:28:00,17,11,11,9,28,370,261,AVENUE PROUDHON,47.38948,0.64713,Plein jour,En agglomération,Hors intersection,Pluie légère,Autre collision,,,,,,,,,,,1,2,1,2.0,6.0
201700027494,0017-11-10 06:40:00,17,11,10,6,40,370,261,BD LOUIS XI,47.37362,0.67829,Nuit avec éclairage allumé,En agglomération,Giratoire,Temps couvert,Autre collision,,,,,,,,,,,5,2,6,8.0,6.0
201700027495,0017-11-11 18:40:00,17,11,11,18,40,370,261,268 RUE ED  VAILLANT,47.38181,0.70582,Nuit avec éclairage allumé,En agglomération,Hors intersection,Pluie légère,Deux véhicules - arrière,,,,,,,,,,,5,2,1,2.0,2.0
201700027496,0017-11-11 18:50:00,17,11,11,18,50,370,261,PONT DE PIERRES,47.40202,0.69334,Nuit avec éclairage allumé,En agglomération,Hors intersection,Pluie légère,Sans collision,,,,,,,,,,,5,2,1,2.0,7.0
201700027497,0017-11-10 10:00:00,17,11,10,10,0,370,261,RUE GIRADEAU,47.3661,0.67673,Plein jour,En agglomération,Intersection en T,Normale,Autre collision,,,,,,,,,,,1,2,3,1.0,6.0
201700027498,0017-11-09 10:50:00,17,11,9,10,50,370,261,AV DE L ALOUETTE),47.3629,0.69695,Plein jour,En agglomération,Hors intersection,Normale,Deux véhicules - côté,,,,,,,,,,,1,2,1,1.0,3.0
201700027499,0017-11-09 07:45:00,17,11,9,7,45,370,261,360  AV ANDRE MAGINOT,47.42989,0.70484,Nuit avec éclairage allumé,En agglomération,Giratoire,Normale,Sans collision,,,,,,,,,,,5,2,6,1.0,7.0
201700027500,0017-11-13 09:00:00,17,11,13,9,0,370,233,RUE HOCHE,47.394,0.716,Plein jour,En agglomération,Giratoire,Normale,Deux véhicules - côté,,,,,,,,,,,1,2,6,1.0,3.0
201700027501,0017-11-14 08:00:00,17,11,14,8,0,370,261,ROND POINT ST SAUVEUR,47.373,0.678,Plein jour,En agglomération,Giratoire,Normale,Deux véhicules - côté,,,,,,,,,,,1,2,6,1.0,3.0
201700027502,0017-09-02 03:44:00,17,9,2,3,44,370,261,BD  RICHARD WAGNER,47.37458,0.70527,Nuit avec éclairage allumé,En agglomération,Hors intersection,Normale,Autre collision,,,,,,,,,,,5,2,1,1.0,6.0
201700027503,0017-11-14 12:55:00,17,11,14,12,55,370,195,95 RUE SAINT FRANCOIS,47.38615,0.66741,Plein jour,En agglomération,Hors intersection,Normale,Autre collision,,,,,,,,,,,1,2,1,1.0,6.0
201700027504,0017-11-15 17:20:00,17,11,15,17,20,370,122,,47.34487,0.64622,Nuit sans éclairage public,Hors agglomération,Hors intersection,Normale,Trois véhicules et plus - collisions multiples,,,,,,,,,,,3,1,1,1.0,5.0
201700027505,0017-11-15 18:30:00,17,11,15,18,30,370,261,PONT  SAINT SAUVEUR,47.37259,0.67815,Nuit avec éclairage allumé,En agglomération,Hors intersection,Normale,Deux véhicules - arrière,,,,,,,,,,,5,2,1,1.0,2.0
201700027506,0017-11-16 13:35:00,17,11,16,13,35,370,261,ROUTE DE  SAVONNIERES,47.36749,0.65838,Plein jour,En agglomération,Hors intersection,Normale,Trois véhicules et plus - en chaîne,,,,,,,,,,,1,2,1,1.0,4.0
201700027507,0017-11-16 18:25:00,17,11,16,18,25,370,261,RUE  DE BORDEAUX,47.3896,0.69062,Nuit avec éclairage allumé,En agglomération,Hors intersection,Normale,Deux véhicules - frontale,,,,,,,,,,,5,2,1,1.0,1.0
201700027508,0017-11-17 06:05:00,17,11,17,6,5,370,261,61AVENUE DE GRAMMONT,47.38392,0.69136,Nuit avec éclairage allumé,En agglomération,Intersection en X,Normale,Autre collision,,,,,,,,,,,5,2,2,1.0,6.0
201700027509,0017-09-04 19:30:00,17,9,4,19,30,370,261,63 BD JEAN ROYER,47.38052,0.68828,Plein jour,En agglomération,Hors intersection,Normale,Autre collision,,,,,,,,,,,1,2,1,1.0,6.0
201700027510,0017-11-18 05:45:00,17,11,18,5,45,370,208,17 RUE DE GRAND COUR,47.36429,0.71567,Nuit avec éclairage allumé,En agglomération,Hors intersection,Normale,Sans collision,,,,,,,,,,,5,2,1,1.0,7.0
201700027511,0017-09-09 20:15:00,17,9,9,20,15,370,122,25 RUE DE CHANTEPIE,,,Crépuscule ou aube,En agglomération,Passage à niveau,Pluie légère,Sans collision,,,,,,,,,,,2,2,8,2.0,7.0
201700027512,0017-11-20 09:35:00,17,11,20,9,35,370,122,RUE DE DOUZILLIERE,,,Plein jour,En agglomération,Intersection en Y,Normale,Deux véhicules - arrière,,,,,,,,,,,1,2,4,1.0,2.0
201700027513,0017-09-05 09:20:00,17,9,5,9,20,370,122,BD DE CHINON,47.35575,0.69811,Crépuscule ou aube,En agglomération,Intersection en Y,Pluie légère,Sans collision,,,,,,,,,,,2,2,4,2.0,7.0
201700027514,0017-11-22 18:50:00,17,11,22,18,50,370,208,2  RUE DU GRAND CEDRE,47.356,0.7156,Nuit avec éclairage allumé,En agglomération,Intersection en X,Normale,Deux véhicules - côté,,,,,,,,,,,5,2,2,1.0,3.0
201700027515,0017-11-23 07:40:00,17,11,23,7,40,370,261,58 RUE DELAROCHE,47.422,0.6794,Nuit avec éclairage allumé,En agglomération,Giratoire,Normale,Autre collision,,,,,,,,,,,5,2,6,1.0,6.0
201700027516,0017-11-23 06:30:00,17,11,23,6,30,370,233,LEVEE DE LA LOIRE,47.40134,0.74608,Nuit sans éclairage public,En agglomération,Hors intersection,Temps couvert,Sans collision,,,,,,,,,,,3,2,1,8.0,7.0
201700027517,0017-11-23 09:35:00,17,11,23,9,35,370,261,2 RUE DU GAL RENAULT,47.378,0.687,Plein jour,En agglomération,Intersection en X,Pluie légère,Deux véhicules - côté,,,,,,,,,,,1,2,2,2.0,3.0
201700027518,0017-11-23 17:35:00,17,11,23,17,35,370,261,AV DU GAL DE GAULLE,47.38046,0.69778,Nuit avec éclairage allumé,En agglomération,Intersection en T,Pluie légère,Deux véhicules - côté,,,,,,,,,,,5,2,3,2.0,3.0
201700027519,0017-11-23 18:45:00,17,11,23,18,45,370,261,,47.36377,0.70157,Nuit avec éclairage allumé,En agglomération,Hors intersection,Pluie légère,Deux véhicules - arrière,,,,,,,,,,,5,2,1,2.0,2.0
201700027520,0017-10-28 10:15:00,17,10,28,10,15,370,261,19 RUE FARMAN,47.40677,0.69536,Plein jour,En agglomération,Hors intersection,Normale,Autre collision,,,,,,,,,,,1,2,1,1.0,6.0
201700027521,0017-11-24 17:01:00,17,11,24,17,1,370,261,41 RUE DE BOISDENIER,47.38414,0.68911,Plein jour,En agglomération,Intersection en X,Normale,Trois véhicules et plus - en chaîne,,,,,,,,,,,1,2,2,1.0,4.0
201700027522,0017-11-24 12:25:00,17,11,24,12,25,370,261,2 BD TONNELLE,47.38808,0.66714,Plein jour,En agglomération,Hors intersection,Normale,Deux véhicules - frontale,,,,,,,,,,,1,2,1,1.0,1.0
201700027523,0017-11-25 18:45:00,17,11,25,18,45,370,233,"96, DUCLOS (AVENUE JACQU",47.38053,0.73096,Nuit avec éclairage allumé,En agglomération,Hors intersection,Normale,Deux véhicules - arrière,,,,,,,,,,,5,2,1,1.0,2.0
201700027524,0017-11-25 22:05:00,17,11,25,22,5,370,261,8   QUAI ANDRE  MALRAUX,47.39722,0.68876,Nuit avec éclairage allumé,En agglomération,Hors intersection,Normale,Deux véhicules - arrière,,,,,,,,,,,5,2,1,1.0,2.0
201700027525,0017-11-28 06:55:00,17,11,28,6,55,370,261,2 RUE PAUL COURIER,47.39562,0.68312,Nuit avec éclairage allumé,En agglomération,Hors intersection,Pluie forte,Deux véhicules - arrière,,,,,,,,,,,5,2,1,3.0,2.0
201700027526,0017-11-28 08:15:00,17,11,28,8,15,370,122,,47.34066,0.66319,Crépuscule ou aube,Hors agglomération,Hors intersection,Pluie forte,Trois véhicules et plus - en chaîne,,,,,,,,,,,2,1,1,3.0,4.0
201700027527,0017-11-28 12:55:00,17,11,28,12,55,370,122,RUE DE VERDUN,47.34616,0.66575,Plein jour,En agglomération,Giratoire,Normale,Sans collision,,,,,,,,,,,1,2,6,1.0,7.0
201700027528,0017-11-28 15:30:00,17,11,28,15,30,370,261,PLACE PILORGET,47.41187,0.68476,Plein jour,En agglomération,Place,Normale,Autre collision,,,,,,,,,,,1,2,7,1.0,6.0
201700027529,0017-11-29 13:25:00,17,11,29,13,25,370,261,AV DE SEVIGNE,47.35961,0.69794,Plein jour,En agglomération,Hors intersection,Normale,Autre collision,,,,,,,,,,,1,2,1,1.0,6.0
201700027530,0017-11-29 15:25:00,17,11,29,15,25,370,261,35 BD BERRANGER,47.38955,0.68341,Plein jour,En agglomération,Hors intersection,Normale,Autre collision,,,,,,,,,,,1,2,1,1.0,6.0
201700027531,0017-11-30 07:00:00,17,11,30,7,0,370,261,AV DE L ALOUETTE,47.36355,0.69937,Nuit avec éclairage allumé,En agglomération,Hors intersection,Autre,Sans collision,,,,,,,,,,,5,2,1,9.0,7.0
201700027532,0017-11-30 07:35:00,17,11,30,7,35,370,261,RD 37,47.3712,0.6539,Crépuscule ou aube,Hors agglomération,Hors intersection,Neige / grêle,Autre collision,,,,,,,,,,,2,1,1,4.0,6.0
201700027533,0017-11-30 06:15:00,17,11,30,6,15,370,261,RD 37,47.39167,0.64767,Nuit sans éclairage public,Hors agglomération,Hors intersection,Autre,Autre collision,,,,,,,,,,,3,1,1,9.0,6.0
201700027534,0017-11-29 18:55:00,17,11,29,18,55,370,261,3 RUE VINCENT  INDY,47.3679,0.70677,Nuit avec éclairage allumé,En agglomération,Hors intersection,Normale,Autre collision,,,,,,,,,,,5,2,1,1.0,6.0
201700027535,0017-11-30 13:45:00,17,11,30,13,45,370,122,,47.34076,0.66162,Plein jour,En agglomération,Hors intersection,Normale,Autre collision,,,,,,,,,,,1,2,1,1.0,6.0
201700027536,0017-12-02 08:00:00,17,12,2,8,0,370,261,62 BD RICHARD WAGNER,47.37423,0.70302,Plein jour,En agglomération,Hors intersection,Normale,Autre collision,,,,,,,,,,,1,2,1,1.0,6.0
201700027537,0017-12-02 10:35:00,17,12,2,10,35,370,261,AV GEORGE POMPIDOU,47.39492,0.7046,Plein jour,En agglomération,Giratoire,Normale,Deux véhicules - côté,,,,,,,,,,,1,2,6,1.0,3.0
201700027538,0017-12-02 19:30:00,17,12,2,19,30,370,261,AV  STENDHAL,47.368,0.71058,Nuit avec éclairage allumé,En agglomération,Intersection en Y,Normale,Deux véhicules - côté,,,,,,,,,,,5,2,4,1.0,3.0
201700027539,0017-11-10 13:12:00,17,11,10,13,12,370,261,AVENUE  MOZART,47.36538,0.70872,Plein jour,En agglomération,Place,Normale,Deux véhicules - côté,,,,,,,,,,,1,2,7,1.0,3.0
201700027540,0017-12-04 15:00:00,17,12,4,15,0,370,122,BD JEAN JAURES,47.348,0.663,Plein jour,En agglomération,Intersection en Y,Normale,Deux véhicules - côté,,,,,,,,,,,1,2,4,1.0,3.0
201700027541,0017-12-05 13:10:00,17,12,5,13,10,370,261,179 RUE FEBVOTTE,47.37546,0.68449,Plein jour,En agglomération,Hors intersection,Normale,Deux véhicules - côté,,,,,,,,,,,1,2,1,1.0,3.0
201700027542,0017-12-05 16:45:00,17,12,5,16,45,370,208,RUE DES CICOTTEES,47.3551,0.72735,Plein jour,En agglomération,Intersection en T,Normale,Deux véhicules - côté,,,,,,,,,,,1,2,3,1.0,3.0
201700027543,0017-12-07 07:30:00,17,12,7,7,30,370,122,BD JEAN JAURES,47.349,0.664,Nuit avec éclairage allumé,En agglomération,Hors intersection,Normale,Autre collision,,,,,,,,,,,5,2,1,1.0,6.0
201700027544,0017-11-17 08:54:00,17,11,17,8,54,370,261,AVENUE  PROUDHON,47.23135,0.38556,Plein jour,Hors agglomération,Hors intersection,Normale,Deux véhicules - arrière,,,,,,,,,,,1,1,1,1.0,2.0
201700027545,0017-12-07 11:35:00,17,12,7,11,35,370,261,AV DE L ALOUETTE,47.365,0.701,Plein jour,En agglomération,Hors intersection,Normale,Sans collision,,,,,,,,,,,1,2,1,1.0,7.0
201700027546,0017-11-17 21:24:00,17,11,17,21,24,370,122,27 AV DE LA  REPUBLIQUE,47.24187,0.38812,Nuit avec éclairage allumé,En agglomération,Hors intersection,Normale,Sans collision,,,,,,,,,,,5,2,1,1.0,7.0
201700027547,0017-12-07 17:10:00,17,12,7,17,10,370,122,44 RUE DE CHANTEPIE,47.3554,0.66108,Nuit sans éclairage public,En agglomération,Hors intersection,Pluie légère,Autre collision,,,,,,,,,,,3,2,1,2.0,6.0
201700027548,0017-12-08 02:20:00,17,12,8,2,20,370,261,330 RUE ED VAILLANT,47.3804,0.70791,Nuit avec éclairage allumé,En agglomération,Hors intersection,Normale,Autre collision,,,,,,,,,,,5,2,1,1.0,6.0
201700027549,0017-12-08 11:30:00,17,12,8,11,30,370,261,RUE DE LA FUYE,47.383,0.703,Plein jour,En agglomération,Intersection en X,Normale,Trois véhicules et plus - collisions multiples,,,,,,,,,,,1,2,2,1.0,5.0
201700027550,0017-12-08 17:02:00,17,12,8,17,2,370,261,1 RUE MARCEAU,47.39487,0.63453,Crépuscule ou aube,En agglomération,Hors intersection,Normale,Autre collision,,,,,,,,,,,2,2,1,1.0,6.0
201700027551,0017-12-08 21:05:00,17,12,8,21,5,370,122,145 BD JEAN JAURES,47.34799,0.65776,Nuit avec éclairage allumé,En agglomération,Intersection en X,Normale,Deux véhicules - côté,,,,,,,,,,,5,2,2,1.0,3.0
201700027552,0017-12-12 07:50:00,17,12,12,7,50,370,261,,47.37655,0.65102,Plein jour,En agglomération,Hors intersection,Normale,Trois véhicules et plus - en chaîne,,,,,,,,,,,1,2,1,1.0,4.0
201700027553,0017-12-12 09:15:00,17,12,12,9,15,370,261,RUE DE SUEDE,47.431,0.67875,Plein jour,En agglomération,Giratoire,Normale,Deux véhicules - côté,,,,,,,,,,,1,2,6,1.0,3.0
201700027554,0017-12-08 12:00:00,17,12,8,12,0,370,261,,47.3673,0.654,Plein jour,Hors agglomération,Hors intersection,Temps couvert,Autre collision,,,,,,,,,,,1,1,1,8.0,6.0
201700027555,0017-12-14 19:20:00,17,12,14,19,20,370,261,ROND POINT TONNELLE,47.37899,0.66772,Nuit avec éclairage allumé,En agglomération,Giratoire,Normale,Deux véhicules - côté,,,,,,,,,,,5,2,6,1.0,3.0
201700027556,0017-12-16 10:40:00,17,12,16,10,40,370,261,132 LEGION D'HONNEUR,47.38815,0.67587,Plein jour,En agglomération,Intersection en X,Normale,Autre collision,,,,,,,,,,,1,2,2,1.0,6.0
201700027557,0017-12-14 19:31:00,17,12,14,19,31,370,122,,47.34088,0.65214,Nuit sans éclairage public,Hors agglomération,Hors intersection,Pluie légère,Sans collision,,,,,,,,,,,3,1,1,2.0,7.0
201700027558,0017-12-17 17:35:00,17,12,17,17,35,370,122,9 RUE GUTENBERG,,,Nuit sans éclairage public,En agglomération,Hors intersection,Normale,Deux véhicules - côté,,,,,,,,,,,3,2,1,1.0,3.0
201700027559,0017-12-18 07:55:00,17,12,18,7,55,370,261,AV CAMILLE CHAUTEMPS,47.37464,0.71632,Nuit avec éclairage allumé,En agglomération,Hors intersection,Pluie légère,Deux véhicules - côté,,,,,,,,,,,5,2,1,2.0,3.0
201700027560,0017-12-18 10:55:00,17,12,18,10,55,370,261,24 BD HEURTELOUP,47.39075,0.6918,Plein jour,En agglomération,Intersection en X,Normale,Autre collision,,,,,,,,,,,1,2,2,1.0,6.0
201700027561,0017-12-20 18:09:00,17,12,20,18,9,370,122,,47.348,0.646,Nuit sans éclairage public,En agglomération,Hors intersection,Normale,Deux véhicules - arrière,,,,,,,,,,,3,2,1,1.0,2.0
201700027562,0017-12-25 10:40:00,17,12,25,10,40,370,261,9 RUE ED VAILLANT,47.3826,0.70432,Plein jour,En agglomération,Intersection en Y,Pluie légère,Deux véhicules - côté,,,,,,,,,,,1,2,4,2.0,3.0
201700027563,0017-12-26 09:16:00,17,12,26,9,16,370,214,67 BD CHARLES DE GAULLE,47.41137,0.67588,Plein jour,En agglomération,Intersection en X,Normale,Autre collision,,,,,,,,,,,1,2,2,1.0,6.0
201700027564,0017-12-26 14:50:00,17,12,26,14,50,370,208,56 AV BEAUGAILLARD,47.36154,0.72105,Plein jour,En agglomération,Hors intersection,Normale,Autre collision,,,,,,,,,,,1,2,1,1.0,6.0
201700027565,0017-12-26 20:35:00,17,12,26,20,35,370,261,2 RUE D ALGER,47.37686,0.7004,Nuit avec éclairage allumé,En agglomération,Hors intersection,Pluie légère,Sans collision,,,,,,,,,,,5,2,1,2.0,7.0
201700027566,0017-12-26 20:45:00,17,12,26,20,45,370,261,2 PLACE DU MAL LECLERC,47.39068,0.69357,Nuit avec éclairage allumé,En agglomération,Intersection en X,Pluie forte,Deux véhicules - arrière,,,,,,,,,,,5,2,2,3.0,2.0
201700027567,0017-12-28 16:40:00,17,12,28,16,40,370,233,AVENUE JACQUES DUCLOS,47.37856,0.71935,Plein jour,En agglomération,Hors intersection,Temps couvert,Deux véhicules - côté,,,,,,,,,,,1,2,1,8.0,3.0
201700027568,0017-12-30 00:55:00,17,12,30,0,55,370,261,AVENUE PROUDHON,47.39486,0.67132,Nuit avec éclairage allumé,En agglomération,Intersection en T,Pluie forte,Deux véhicules - arrière,,,,,,,,,,,5,2,3,3.0,2.0
201700027569,0017-12-30 06:00:00,17,12,30,6,0,370,261,1 RUE DE LA VICTOIRE,47.39287,0.67866,Nuit avec éclairage allumé,En agglomération,Intersection en X,Pluie légère,Sans collision,,,,,,,,,,,5,2,2,2.0,7.0
201700027570,0017-12-30 15:30:00,17,12,30,15,30,370,261,BD MARECHAL JUIN,47.4125,0.70308,Plein jour,En agglomération,Intersection en X,Pluie légère,Autre collision,,,,,,,,,,,1,2,2,2.0,6.0
201700027571,0017-12-30 18:30:00,17,12,30,18,30,370,195,,47.38895,0.64661,Nuit sans éclairage public,En agglomération,Hors intersection,Normale,Autre collision,,,,,,,,,,,3,2,1,1.0,6.0
201700027572,0017-12-31 12:50:00,17,12,31,12,50,370,233,AV JACQUES DUCLOS,47.379,0.715,Plein jour,En agglomération,Hors intersection,Normale,Autre collision,,,,,,,,,,,1,2,1,1.0,6.0
201700027573,0017-01-09 19:50:00,17,1,9,19,50,380,53,CHAMPFLEURI (AV DE),,,Nuit avec éclairage allumé,En agglomération,Hors intersection,Pluie légère,Sans collision,,,,,,,,,,,5,2,1,2.0,7.0
201700027574,0017-02-26 07:10:00,17,2,26,7,10,380,53,"162, LIBERATION",,,Crépuscule ou aube,En agglomération,Intersection en T,Normale,Deux véhicules - côté,,,,,,,,,,,2,2,3,1.0,3.0
201700027575,0017-04-13 11:00:00,17,4,13,11,0,380,53,"38, PONTCOTTIER",45.58498,5.28126,Plein jour,En agglomération,Hors intersection,Normale,Autre collision,,,,,,,,,,,1,2,1,1.0,6.0
201700027576,0017-05-20 11:11:00,17,5,20,11,11,380,53,"2, TIXIER (AVENUE)",45.58935,5.27903,Plein jour,En agglomération,Hors intersection,Normale,Autre collision,,,,,,,,,,,1,2,1,1.0,6.0
201700027577,0017-06-07 11:00:00,17,6,7,11,0,380,53,POUCHELON,45.58548,5.28723,Plein jour,En agglomération,Intersection en X,Normale,Deux véhicules - arrière,,,,,,,,,,,1,2,2,1.0,2.0
201700027578,0017-06-10 12:00:00,17,6,10,12,0,380,53,BOURG EN BRESSE,45.60433,5.25099,Plein jour,Hors agglomération,Hors intersection,Normale,Deux véhicules - frontale,,,,,,,,,,,1,1,1,1.0,1.0
201700027579,0017-07-01 04:30:00,17,7,1,4,30,380,53,D522,45.62138,5.2799,Nuit sans éclairage public,Hors agglomération,Hors intersection,Normale,Sans collision,,,,,,,,,,,3,1,1,1.0,7.0
201700027580,0017-05-19 12:35:00,17,5,19,12,35,380,53,ROUSSEAU (BLD JEAN JACQU,45.58543,5.28709,Plein jour,En agglomération,Intersection en X,Normale,Autre collision,,,,,,,,,,,1,2,2,1.0,6.0
201700027581,0017-09-11 07:25:00,17,9,11,7,25,380,53,SAINT MICHEL (PLACE),45.59039,5.28191,Plein jour,En agglomération,Place,Normale,Deux véhicules - côté,,,,,,,,,,,1,2,7,1.0,3.0
201700027582,0017-10-10 20:40:00,17,10,10,20,40,380,53,BOURG EN BRESSE,45.6166,5.26882,Nuit sans éclairage public,Hors agglomération,Giratoire,Normale,Deux véhicules - côté,,,,,,,,,,,3,1,6,1.0,3.0
201700027583,0017-10-15 03:50:00,17,10,15,3,50,380,53,ST MARCEL BEL ACCUEIL (R,45.61943,5.2662,Nuit sans éclairage public,Hors agglomération,Hors intersection,Normale,Autre collision,,,,,,,,,,,3,1,1,1.0,6.0
201700027584,0017-11-22 07:40:00,17,11,22,7,40,380,53,MARRONNIERS (AV),45.59346,5.26457,Crépuscule ou aube,En agglomération,Hors intersection,Normale,Deux véhicules - côté,,,,,,,,,,,2,2,1,1.0,3.0
201700027585,0017-12-23 20:20:00,17,12,23,20,20,380,53,LYON (ROUTE DE LYON COTE,45.58731,5.25238,Nuit avec éclairage allumé,En agglomération,Intersection en T,Normale,Deux véhicules - côté,,,,,,,,,,,5,2,3,1.0,3.0
201700027586,0017-01-12 09:30:00,17,1,12,9,30,380,185,"11, JEAN PAIN (BOULEVARD",45.18682,5.73618,Plein jour,En agglomération,Hors intersection,Normale,Autre collision,,,,,,,,,,,1,2,1,1.0,6.0
201700027587,0017-01-13 17:00:00,17,1,13,17,0,380,185,JEAN PAIN (BOULEVARD),45.18735,5.73713,Plein jour,En agglomération,Hors intersection,Pluie légère,Autre collision,,,,,,,,,,,1,2,1,2.0,6.0
201700027588,0017-01-16 12:15:00,17,1,16,12,15,380,516,DOYEN GOSSE (RUE),45.19921,5.7556,Plein jour,En agglomération,Intersection en T,Normale,Deux véhicules - côté,,,,,,,,,,,1,2,3,1.0,3.0
201700027589,0017-01-21 20:10:00,17,1,21,20,10,380,151,AVENUE DES TATS GNRAU,45.15522,5.71881,Nuit avec éclairage allumé,En agglomération,Hors intersection,Normale,Autre collision,,,,,,,,,,,5,2,1,1.0,6.0
201700027590,0017-01-25 12:25:00,17,1,25,12,25,380,421,35 AV GABRIEL PERI,45.18773,5.75238,Plein jour,En agglomération,Hors intersection,Normale,Autre collision,,,,,,,,,,,1,2,1,1.0,6.0
201700027591,0017-02-01 18:31:00,17,2,1,18,31,380,185,"47, BOULEVARD JOSEPH VAL",45.18007,5.70825,Nuit avec éclairage allumé,Hors agglomération,Hors intersection,Normale,Autre collision,,,,,,,,,,,5,1,1,1.0,6.0
201700027592,0017-02-04 20:00:00,17,2,4,20,0,380,151,AVENUE DE GRUGLIASCO,45.14812,5.72419,Crépuscule ou aube,En agglomération,Intersection en X,Normale,Deux véhicules - côté,,,,,,,,,,,2,2,2,1.0,3.0
201700027593,0017-02-05 05:00:00,17,2,5,5,0,380,151,A480,45.14254,5.69314,Nuit sans éclairage public,Hors agglomération,Hors intersection,Pluie légère,Autre collision,,,,,,,,,,,3,1,1,2.0,6.0
201700027594,0017-02-10 11:35:00,17,2,10,11,35,380,185,RUE CLOT-BEY,45.19039,5.72466,Plein jour,En agglomération,Hors intersection,Normale,Autre collision,,,,,,,,,,,1,2,1,1.0,6.0
201700027595,0017-02-10 16:45:00,17,2,10,16,45,380,185,AVENUE PAUL COCAT,45.17079,5.74017,Plein jour,En agglomération,Hors intersection,Normale,Autre collision,,,,,,,,,,,1,2,1,1.0,6.0
201700027596,0017-02-10 20:07:00,17,2,10,20,7,380,185,AUTOROUTE A 480,45.16937,5.73055,Plein jour,En agglomération,Hors intersection,Normale,Deux véhicules - arrière,,,,,,,,,,,1,2,1,1.0,2.0
201700027597,0017-02-11 09:31:00,17,2,11,9,31,380,151,"24, RUE MISSAK MANOUCHIA",45.19277,5.70827,Plein jour,Hors agglomération,Hors intersection,Normale,Autre collision,,,,,,,,,,,1,1,1,1.0,6.0
201700027598,0017-02-18 15:15:00,17,2,18,15,15,380,185,"24, RUE FLIX ESCLANGON",45.1922,5.70746,Plein jour,En agglomération,Hors intersection,Normale,Deux véhicules - frontale,,,,,,,,,,,1,2,1,1.0,1.0
201700027599,0017-02-18 20:00:00,17,2,18,20,0,380,185,AUTOROUTE A 480,45.20782,5.68737,Nuit avec éclairage allumé,Hors agglomération,Hors intersection,Normale,Autre collision,,,,,,,,,,,5,1,1,1.0,6.0
201700027600,0017-02-22 13:00:00,17,2,22,13,0,380,169,BOULEVARD JOLIOT-CURIE,45.19545,5.6944,Plein jour,En agglomération,Hors intersection,Normale,Deux véhicules - côté,,,,,,,,,,,1,2,1,1.0,3.0
201700027601,0017-02-23 12:45:00,17,2,23,12,45,380,185,"88, RUE DES ALLIS",,,Plein jour,En agglomération,Intersection en T,Normale,Deux véhicules - côté,,,,,,,,,,,1,2,3,1.0,3.0