accident_id,datetime,annee,mois,jour,heure,minute,departement,commune_insee,adresse,latitude,longitude,luminosite,agglomeration,intersection,meteo,collision,nb_vehicules,nb_usagers,nb_indemnes,nb_tues,nb_blesses_hosp,nb_blesses_legers,age_cond_1,age_cond_2,veh_type_cond_1,veh_type_cond_2,lum_code,agg_code,int_code,atm_code,col_code
201700027842,0017-09-17 21:20:00,17,9,17,21,20,410,18,"93, MAUNOURY (AVENUE DE",47.59735,1.34295,Nuit avec éclairage allumé,En agglomération,Hors intersection,Normale,Deux véhicules - arrière,,,,,,,,,,,5,2,1,1.0,2.0
201700027843,0017-09-20 15:10:00,17,9,20,15,10,410,18,"19, GAMBETTA (AVENUE)",47.58373,1.32152,Plein jour,En agglomération,Hors intersection,Normale,Trois véhicules et plus - en chaîne,,,,,,,,,,,1,2,1,1.0,4.0
201700027844,0017-09-20 21:40:00,17,9,20,21,40,410,18,SAINT-JEAN (QUAI),47.58896,1.34028,Nuit avec éclairage allumé,En agglomération,Hors intersection,Normale,Deux véhicules - arrière,,,,,,,,,,,5,2,1,1.0,2.0
201700027845,0017-09-18 05:30:00,17,9,18,5,30,410,212,RD 956,47.56094,1.37379,Nuit sans éclairage public,Hors agglomération,Hors intersection,Normale,Deux véhicules - frontale,,,,,,,,,,,3,1,1,1.0,1.0
201700027846,0017-09-20 18:20:00,17,9,20,18,20,410,18,,47.58509,1.33751,Plein jour,En agglomération,Hors intersection,Normale,Trois véhicules et plus - collisions multiples,,,,,,,,,,,1,2,1,1.0,5.0
201700027847,0017-09-27 17:30:00,17,9,27,17,30,410,212,CHATEAU RUE DU),47.57094,1.35341,Plein jour,En agglomération,Hors intersection,Normale,Sans collision,,,,,,,,,,,1,2,1,1.0,7.0
201700027848,0017-09-30 10:25:00,17,9,30,10,25,410,295,,47.56962,1.37033,Plein jour,Hors agglomération,Hors intersection,Normale,Sans collision,,,,,,,,,,,1,1,1,1.0,7.0
201700027849,0017-10-02 17:35:00,17,10,2,17,35,410,18,FRANCE (AVENUE DE)  2,47.59996,1.31965,Plein jour,En agglomération,Hors intersection,Pluie légère,Deux véhicules - côté,,,,,,,,,,,1,2,1,2.0,3.0
201700027850,0017-09-28 16:55:00,17,9,28,16,55,410,295,,47.59741,1.36634,Plein jour,Hors agglomération,Hors intersection,Normale,Sans collision,,,,,,,,,,,1,1,1,1.0,7.0
201700027851,0017-10-05 12:30:00,17,10,5,12,30,410,18,GUTEMBERG (RUE),47.60507,1.31284,Plein jour,En agglomération,Hors intersection,Normale,Deux véhicules - arrière,,,,,,,,,,,1,2,1,1.0,2.0
201700027852,0017-10-09 18:00:00,17,10,9,18,0,410,295,RUE PIERRE GILLES DE GEN,47.56978,1.37252,Plein jour,En agglomération,Hors intersection,Normale,Deux véhicules - côté,,,,,,,,,,,1,2,1,1.0,3.0
201700027853,0017-10-09 10:10:00,17,10,9,10,10,410,295,RUE YVETTE CHASSAGNE,47.59312,1.39035,Plein jour,En agglomération,Hors intersection,Normale,Deux véhicules - côté,,,,,,,,,,,1,2,1,1.0,3.0
201700027854,0017-10-12 12:10:00,17,10,12,12,10,410,18,FRANCE (AVENUE DE)  2,47.59674,1.31615,Plein jour,En agglomération,Hors intersection,Normale,Deux véhicules - frontale,,,,,,,,,,,1,2,1,1.0,1.0
201700027855,0017-09-09 21:40:00,17,9,9,21,40,410,295,,47.59566,1.37451,Nuit sans éclairage public,Hors agglomération,Hors intersection,Normale,Autre collision,,,,,,,,,,,3,1,1,1.0,6.0
201700027856,0017-10-13 17:10:00,17,10,13,17,10,410,18,TOURVILLE (RUE DU MARECH,47.59155,1.30732,Plein jour,En agglomération,Hors intersection,Normale,Deux véhicules - côté,,,,,,,,,,,1,2,1,1.0,3.0
201700027857,0017-10-01 15:05:00,17,10,1,15,5,410,18,VERDUN (AVENUE DE),47.59733,1.35159,Plein jour,En agglomération,Hors intersection,Pluie légère,Deux véhicules - frontale,,,,,,,,,,,1,2,1,2.0,1.0
201700027858,0017-10-31 16:50:00,17,10,31,16,50,410,47,ORMEAUX (RUE DES),47.60615,1.34827,Plein jour,En agglomération,Intersection en T,Normale,Deux véhicules - côté,,,,,,,,,,,1,2,3,1.0,3.0
201700027859,0017-11-03 17:23:00,17,11,3,17,23,410,295,MATISSE (RUE HENRI),47.58311,1.38211,Crépuscule ou aube,En agglomération,Hors intersection,Normale,Deux véhicules - côté,,,,,,,,,,,2,2,1,1.0,3.0
201700027860,0017-10-31 17:55:00,17,10,31,17,55,410,18,EUROPE (AVENUE DE L'),47.58951,1.30327,Nuit avec éclairage allumé,En agglomération,Hors intersection,Normale,Autre collision,,,,,,,,,,,5,2,1,1.0,6.0
201700027861,0017-11-10 19:05:00,17,11,10,19,5,410,47,DEBRE (ROBERT),47.61756,1.34597,Nuit sans éclairage public,En agglomération,Hors intersection,Pluie légère,Deux véhicules - frontale,,,,,,,,,,,3,2,1,2.0,1.0
201700027862,0017-11-10 15:20:00,17,11,10,15,20,410,212,NATIONALE (ROUTE),47.56713,1.35596,Plein jour,Hors agglomération,Hors intersection,Pluie légère,Sans collision,,,,,,,,,,,1,1,1,2.0,7.0
201700027863,0017-11-12 14:25:00,17,11,12,14,25,410,18,INDUSTRIE (BOULEVARD DE,47.60007,1.31974,Plein jour,En agglomération,Intersection en X,Pluie légère,Deux véhicules - frontale,,,,,,,,,,,1,2,2,2.0,1.0
201700027864,0017-11-15 11:55:00,17,11,15,11,55,410,18,FRANCE (AVENUE DE)  1,47.59792,1.31757,Plein jour,En agglomération,Hors intersection,Normale,Autre collision,,,,,,,,,,,1,2,1,1.0,6.0
201700027865,0017-11-18 10:53:00,17,11,18,10,53,410,47,RD 2152,47.60478,1.35141,Plein jour,En agglomération,Intersection en X,Normale,Trois véhicules et plus - en chaîne,,,,,,,,,,,1,2,2,1.0,4.0
201700027866,0017-11-20 13:30:00,17,11,20,13,30,410,18,TOURVILLE (RUE DU MARECH,47.5932,1.30879,Plein jour,En agglomération,Hors intersection,Normale,Autre collision,,,,,,,,,,,1,2,1,1.0,6.0
201700027867,0017-11-22 13:10:00,17,11,22,13,10,410,18,RD 956,47.59653,1.35094,Plein jour,En agglomération,Hors intersection,Normale,Deux véhicules - côté,,,,,,,,,,,1,2,1,1.0,3.0
201700027868,0017-11-24 07:40:00,17,11,24,7,40,410,18,COULANGES (ALLEE DE),47.5762,1.29984,Crépuscule ou aube,Hors agglomération,Hors intersection,Temps couvert,Trois véhicules et plus - en chaîne,,,,,,,,,,,2,1,1,8.0,4.0
201700027869,0017-11-27 08:40:00,17,11,27,8,40,410,295,RUE DU PRESSON,47.6046,1.4014,Plein jour,En agglomération,Giratoire,Normale,Deux véhicules - côté,,,,,,,,,,,1,2,6,1.0,3.0
201700027870,0017-11-29 10:10:00,17,11,29,10,10,410,47,"6, TILLEULS (AVENUE DES)",47.60177,1.3527,Plein jour,En agglomération,Hors intersection,Normale,Autre collision,,,,,,,,,,,1,2,1,1.0,6.0
201700027871,0017-12-06 17:14:00,17,12,6,17,14,410,295,QUATRE VENTS (RUE DES),47.58056,1.37195,Nuit avec éclairage allumé,En agglomération,Hors intersection,Normale,Deux véhicules - frontale,,,,,,,,,,,5,2,1,1.0,1.0
201700027872,0017-12-08 13:50:00,17,12,8,13,50,410,18,"1, INDUSTRIE (BOULEVARD",47.60066,1.32034,Plein jour,En agglomération,Hors intersection,Normale,Deux véhicules - côté,,,,,,,,,,,1,2,1,1.0,3.0
201700027873,0017-12-09 16:25:00,17,12,9,16,25,410,295,,47.58349,1.36474,Plein jour,Hors agglomération,Hors intersection,Pluie légère,Sans collision,,,,,,,,,,,1,1,1,2.0,7.0
201700027874,0017-12-08 18:27:00,17,12,8,18,27,410,18,VENDOME (AVENUE DE),47.60109,1.31808,Nuit sans éclairage public,En agglomération,Hors intersection,Normale,Deux véhicules - arrière,,,,,,,,,,,3,2,1,1.0,2.0
201700027875,0017-12-13 11:30:00,17,12,13,11,30,410,18,TOURVILLE (RUE DU MARECH,47.59115,1.3075,Plein jour,En agglomération,Intersection en X,Pluie légère,Deux véhicules - côté,,,,,,,,,,,1,2,2,2.0,3.0
201700027876,0017-12-18 06:10:00,17,12,18,6,10,410,295,CD72,47.5916,1.35889,Nuit sans éclairage public,Hors agglomération,Giratoire,Pluie légère,Deux véhicules - côté,,,,,,,,,,,3,1,6,2.0,3.0
201700027877,0017-12-26 10:50:00,17,12,26,10,50,410,18,BESNARD (QUAI ULYSSE),47.57809,1.32099,Plein jour,En agglomération,Hors intersection,Normale,Sans collision,,,,,,,,,,,1,2,1,1.0,7.0
201700027878,0017-12-08 16:03:00,17,12,8,16,3,410,295,D951,47.60228,1.37388,Plein jour,Hors agglomération,Hors intersection,Temps éblouissant,Deux véhicules - frontale,,,,,,,,,,,1,1,1,7.0,1.0
201700027879,0017-01-13 17:45:00,17,1,13,17,45,410,269,"2, RONSARD (AVENUE) (SEC",47.79715,1.05437,Nuit avec éclairage allumé,En agglomération,Hors intersection,Pluie légère,Autre collision,,,,,,,,,,,5,2,1,2.0,6.0
201700027880,0017-12-19 18:50:00,17,12,19,18,50,410,158,MONTRIEUX (RUE DE),49.79567,1.01916,Nuit sans éclairage public,En agglomération,Hors intersection,Brouillard / fumée,Deux véhicules - frontale,,,,,,,,,,,3,2,1,5.0,1.0
201700027881,0017-02-01 13:50:00,17,2,1,13,50,410,269,JAURES (RUE JEAN),47.79775,1.06635,Plein jour,En agglomération,Hors intersection,Normale,Autre collision,,,,,,,,,,,1,2,1,1.0,6.0
201700027882,0017-12-22 23:45:00,17,12,22,23,45,410,269,MANS (ROUTE DU),47.80879,1.03467,Nuit sans éclairage public,Hors agglomération,Hors intersection,Normale,Sans collision,,,,,,,,,,,3,1,1,1.0,7.0
201700027883,0017-12-30 19:30:00,17,12,30,19,30,410,269,MANS (ROUTE DU),47.81091,1.02662,Nuit sans éclairage public,Hors agglomération,Hors intersection,Normale,Sans collision,,,,,,,,,,,3,1,1,1.0,7.0
201700027884,0017-03-03 14:20:00,17,3,3,14,20,410,226,PARIS (ROUTE DE),47.80809,1.07256,Plein jour,En agglomération,Hors intersection,Normale,Autre collision,,,,,,,,,,,1,2,1,1.0,6.0
201700027885,0017-03-09 12:15:00,17,3,9,12,15,410,226,BOIS DE L'ORME (ALLEE DU,47.82732,1.07966,Plein jour,Hors agglomération,Hors intersection,Normale,Autre collision,,,,,,,,,,,1,1,1,1.0,6.0
201700027886,0017-03-15 22:20:00,17,3,15,22,20,410,269,"78, CHASSEURS (RUE DU 20",47.80332,1.05919,Plein jour,En agglomération,Hors intersection,Normale,Autre collision,,,,,,,,,,,1,2,1,1.0,6.0
201700027887,0017-03-18 23:30:00,17,3,18,23,30,410,226,DANZE (ROUTE DE),47.82093,1.06818,Nuit sans éclairage public,Hors agglomération,Hors intersection,Normale,Autre collision,,,,,,,,,,,3,1,1,1.0,6.0
201700027888,0017-04-03 08:45:00,17,4,3,8,45,410,269,RN 10,47.79547,1.07467,Plein jour,Hors agglomération,Intersection en X,Normale,Deux véhicules - côté,,,,,,,,,,,1,1,2,1.0,3.0
201700027889,0017-04-12 17:15:00,17,4,12,17,15,410,226,"., CARTIER (RUE JACQUES)",47.81084,1.072,Plein jour,En agglomération,Intersection en X,Normale,Deux véhicules - frontale,,,,,,,,,,,1,2,2,1.0,1.0
201700027890,0017-05-01 18:00:00,17,5,1,18,0,410,269,TUILERIE (RUE DE LA),47.80396,1.07001,Plein jour,En agglomération,Intersection en X,Normale,Deux véhicules - frontale,,,,,,,,,,,1,2,2,1.0,1.0
201700027891,0017-06-13 01:50:00,17,6,13,1,50,410,226,"7, CARTIER (RUE JACQUES)",47.81067,1.07065,Nuit sans éclairage public,En agglomération,Hors intersection,Normale,Autre collision,,,,,,,,,,,3,2,1,1.0,6.0
201700027892,0017-07-23 14:50:00,17,7,23,14,50,410,269,RN 10,47.7929,1.07716,Plein jour,En agglomération,Hors intersection,Normale,Trois véhicules et plus - collisions multiples,,,,,,,,,,,1,2,1,1.0,5.0
201700027893,0017-09-02 18:25:00,17,9,2,18,25,410,269,CHARTRAIN (FAUBOURG),47.79857,1.06886,Plein jour,En agglomération,Intersection en X,Normale,Deux véhicules - côté,,,,,,,,,,,1,2,2,1.0,3.0
201700027894,0017-09-04 19:15:00,17,9,4,19,15,410,269,AZE (RUE D'),47.83437,1.03339,Plein jour,Hors agglomération,Hors intersection,Normale,Autre collision,,,,,,,,,,,1,1,1,1.0,6.0
201700027895,0017-11-21 16:30:00,17,11,21,16,30,410,269,BIGOTERIES (RUE DES),47.80978,1.03706,Plein jour,Hors agglomération,Intersection en Y,Normale,Deux véhicules - frontale,,,,,,,,,,,1,1,4,1.0,1.0
201700027896,0017-11-28 08:00:00,17,11,28,8,0,410,269,FATON (RUE DU DOCTEUR),47.79387,1.07078,Nuit avec éclairage allumé,En agglomération,Giratoire,Pluie légère,Deux véhicules - côté,,,,,,,,,,,5,2,6,2.0,3.0
201700027897,0017-11-30 22:10:00,17,11,30,22,10,410,158,ROUTE DEPARTEMENTALE 957,47.77472,1.03098,Nuit sans éclairage public,Hors agglomération,Hors intersection,Neige / grêle,Autre collision,,,,,,,,,,,3,1,1,4.0,6.0
201700027898,0017-12-04 16:25:00,17,12,4,16,25,410,269,SAINT PIERRE LAMOTHE (RU,47.792,1.06469,Plein jour,En agglomération,Intersection en X,Normale,Deux véhicules - côté,,,,,,,,,,,1,2,2,1.0,3.0
201700027899,0017-12-07 17:45:00,17,12,7,17,45,410,269,RN 10,47.79755,1.07388,Nuit avec éclairage allumé,En agglomération,Intersection en X,Pluie légère,Deux véhicules - côté,,,,,,,,,,,5,2,2,2.0,3.0
201700027900,0017-12-08 07:40:00,17,12,8,7,40,410,269,FRANCE (BOULEVARD DE),47.8065,1.06729,Nuit avec éclairage allumé,En agglomération,Hors intersection,Pluie légère,Autre collision,,,,,,,,,,,5,2,1,2.0,6.0
201700027901,0017-12-13 18:15:00,17,12,13,18,15,410,269,FRANCE (BOULEVARD DE),47.80643,1.06603,Nuit avec éclairage allumé,En agglomération,Hors intersection,Pluie légère,Autre collision,,,,,,,,,,,5,2,1,2.0,6.0
201700027902,0017-12-20 17:19:00,17,12,20,17,19,420,95,"09, GARE (AVENUE DE LA)",45.39012,4.28695,Nuit avec éclairage allumé,En agglomération,Hors intersection,Temps couvert,Autre collision,,,,,,,,,,,5,2,1,8.0,6.0
201700027903,0017-01-22 11:10:00,17,1,22,11,10,420,44,RD 22,45.37534,4.34945,Plein jour,Hors agglomération,Hors intersection,Normale,Autre collision,,,,,,,,,,,1,1,1,1.0,6.0
201700027904,0017-02-09 13:15:00,17,2,9,13,15,420,183,RD 88,45.40378,4.36627,Plein jour,En agglomération,Hors intersection,Normale,Autre collision,,,,,,,,,,,1,2,1,1.0,6.0
201700027905,0017-02-16 08:20:00,17,2,16,8,20,420,95,"1, SAINT-CHARLES (BOULEV",45.3897,4.28123,Plein jour,En agglomération,Giratoire,Normale,Deux véhicules - côté,,,,,,,,,,,1,2,6,1.0,3.0
201700027906,0017-03-16 10:30:00,17,3,16,10,30,420,183,"16, GAMBETTA (RUE)",45.40399,4.36701,Plein jour,En agglomération,Hors intersection,Normale,Autre collision,,,,,,,,,,,1,2,1,1.0,6.0
201700027907,0017-03-27 14:40:00,17,3,27,14,40,420,95,"RD 3, rue DORIAN",45.39072,4.27725,Plein jour,En agglomération,Hors intersection,Normale,Deux véhicules - côté,,,,,,,,,,,1,2,1,1.0,3.0
201700027908,0017-03-28 07:45:00,17,3,28,7,45,420,270,"29, BARET (ROUTE DU)",45.39775,4.24204,Plein jour,Hors agglomération,Hors intersection,Normale,Deux véhicules - frontale,,,,,,,,,,,1,1,1,1.0,1.0
201700027909,0017-04-14 16:10:00,17,4,14,16,10,420,95,"1, CHAZEAU (RUE DE)",45.37549,4.27737,Plein jour,En agglomération,Hors intersection,Normale,Deux véhicules - côté,,,,,,,,,,,1,2,1,1.0,3.0
201700027910,0017-05-21 16:10:00,17,5,21,16,10,420,316,"41, PASTEUR (RUE)",45.39925,4.26265,Plein jour,En agglomération,Hors intersection,Normale,Deux véhicules - arrière,,,,,,,,,,,1,2,1,1.0,2.0
201700027911,0017-05-25 20:29:00,17,5,25,20,29,420,183,RD 88,45.40376,4.36622,Plein jour,En agglomération,Hors intersection,Normale,Autre collision,,,,,,,,,,,1,2,1,1.0,6.0
201700027912,0017-07-11 18:05:00,17,7,11,18,5,420,95,2 rue VIMORE,45.38776,4.28301,Plein jour,En agglomération,Hors intersection,Normale,Sans collision,,,,,,,,,,,1,2,1,1.0,7.0
201700027913,0017-07-16 17:30:00,17,7,16,17,30,420,44,RD 88-2,45.39694,4.32924,Plein jour,En agglomération,Intersection en X,Normale,Deux véhicules - côté,,,,,,,,,,,1,2,2,1.0,3.0
201700027914,0017-08-04 07:00:00,17,8,4,7,0,420,44,rue James Jackson,45.39893,4.33917,Plein jour,En agglomération,Hors intersection,Temps éblouissant,Deux véhicules - côté,,,,,,,,,,,1,2,1,7.0,3.0
201700027915,0017-08-15 19:00:00,17,8,15,19,0,420,183,BERAUDIERE (RUE DE LA),45.40749,4.37742,Plein jour,En agglomération,Hors intersection,Pluie légère,Deux véhicules - côté,,,,,,,,,,,1,2,1,2.0,3.0
201700027916,0017-08-22 12:00:00,17,8,22,12,0,420,183,RD 88,45.40505,4.37022,Plein jour,En agglomération,Hors intersection,Normale,Autre collision,,,,,,,,,,,1,2,1,1.0,6.0
201700027917,0017-08-22 22:37:00,17,8,22,22,37,420,44,"2, GAFFARD (AVENUE DE)",45.38701,4.30811,Nuit avec éclairage allumé,En agglomération,Hors intersection,Normale,Autre collision,,,,,,,,,,,5,2,1,1.0,6.0
201700027918,0017-08-22 15:30:00,17,8,22,15,30,420,44,"64, GAFFARD (AVENUE DE)",45.3813,4.30555,Plein jour,En agglomération,Hors intersection,Normale,Deux véhicules - côté,,,,,,,,,,,1,2,1,1.0,3.0
201700027919,0017-09-05 17:30:00,17,9,5,17,30,420,183,RD 88,45.40045,4.35429,Plein jour,En agglomération,Hors intersection,Normale,Deux véhicules - côté,,,,,,,,,,,1,2,1,1.0,3.0
201700027920,0017-09-21 17:50:00,17,9,21,17,50,420,95,ABATTOIR (PLACE DE L'),45.39746,4.29031,Plein jour,En agglomération,Place,Normale,Deux véhicules - côté,,,,,,,,,,,1,2,7,1.0,3.0
201700027921,0017-09-22 20:30:00,17,9,22,20,30,420,99,MONTESSUS (ROUTE DE),45.37548,4.26784,Nuit avec éclairage allumé,Hors agglomération,Autre intersection,Normale,Deux véhicules - côté,,,,,,,,,,,5,1,9,1.0,3.0
201700027922,0017-10-01 15:45:00,17,10,1,15,45,420,31,RD 108,45.41952,4.24428,Plein jour,Hors agglomération,Hors intersection,Normale,Trois véhicules et plus - en chaîne,,,,,,,,,,,1,1,1,1.0,4.0
201700027923,0017-10-10 17:15:00,17,10,10,17,15,420,95,RD 3,45.39284,4.29103,Plein jour,En agglomération,Giratoire,Normale,Autre collision,,,,,,,,,,,1,2,6,1.0,6.0
201700027924,0017-11-08 07:20:00,17,11,8,7,20,420,44,RD88,45.39794,4.34588,Plein jour,En agglomération,Hors intersection,Normale,Deux véhicules - côté,,,,,,,,,,,1,2,1,1.0,3.0
201700027925,0017-11-29 16:20:00,17,11,29,16,20,420,95,RD 3,45.39087,4.27722,Plein jour,En agglomération,Hors intersection,Normale,Autre collision,,,,,,,,,,,1,2,1,1.0,6.0
201700027926,0017-12-03 04:45:00,17,12,3,4,45,420,183,RD 88,45.401,4.35588,Nuit sans éclairage public,En agglomération,Hors intersection,Temps couvert,Autre collision,,,,,,,,,,,3,2,1,8.0,6.0
201700027927,0017-11-16 18:30:00,17,11,16,18,30,420,187,"0, VILLEMONTAIS (RUE DE",46.02277,4.05341,Nuit avec éclairage allumé,En agglomération,Intersection en T,Normale,Deux véhicules - arrière,,,,,,,,,,,5,2,3,1.0,2.0
201700027928,0017-11-17 13:28:00,17,11,17,13,28,420,187,"0, CUVIER  (RUE)",46.04737,4.06751,Plein jour,En agglomération,Intersection en T,Normale,Deux véhicules - côté,,,,,,,,,,,1,2,3,1.0,3.0
201700027929,0017-11-20 06:25:00,17,11,20,6,25,420,71,"132, LIBERATION (AVENUE",46.02464,4.08676,Crépuscule ou aube,En agglomération,Hors intersection,Normale,Autre collision,,,,,,,,,,,2,2,1,1.0,6.0
201700027930,0017-11-22 17:55:00,17,11,22,17,55,420,187,"0, CHARLIEU (RUE DE )",46.05328,4.08558,Nuit avec éclairage allumé,En agglomération,Intersection en T,Normale,Deux véhicules - côté,,,,,,,,,,,5,2,3,1.0,3.0
201700027931,0017-11-29 21:46:00,17,11,29,21,46,420,127,"0, CHARLES DE GAULLE(AV)",46.0719,4.06587,Nuit sans éclairage public,En agglomération,Hors intersection,Normale,Autre collision,,,,,,,,,,,3,2,1,1.0,6.0
201700027932,0017-11-20 14:00:00,17,11,20,14,0,420,170,"0, RD 17",46.06816,4.12204,Plein jour,Hors agglomération,Intersection en T,Normale,Deux véhicules - arrière,,,,,,,,,,,1,1,3,1.0,2.0
201700027933,0017-11-30 08:40:00,17,11,30,8,40,420,187,"0, LYON (AVENUE DE)",46.04159,4.07365,Plein jour,En agglomération,Hors intersection,Pluie légère,Deux véhicules - côté,,,,,,,,,,,1,2,1,2.0,3.0
201700027934,0017-12-01 09:15:00,17,12,1,9,15,420,187,"0, PROMENADES POPULLE(PO",46.03694,4.06545,Plein jour,En agglomération,Giratoire,Pluie légère,Deux véhicules - côté,,,,,,,,,,,1,2,6,2.0,3.0
201700027935,0017-12-03 11:15:00,17,12,3,11,15,420,71,LIBERATION (AVENUE DE LA,46.02964,4.08378,Plein jour,En agglomération,Intersection en T,Normale,Deux véhicules - côté,,,,,,,,,,,1,2,3,1.0,3.0
201700027936,0017-12-04 10:45:00,17,12,4,10,45,420,187,"0, BEAULIEU (RUE DE )",46.03445,4.06961,Plein jour,En agglomération,Intersection en T,Pluie légère,Deux véhicules - côté,,,,,,,,,,,1,2,3,2.0,3.0
201700027937,0017-01-01 12:00:00,17,1,1,12,0,420,184,"0, SAINT-ROMAIN (RUE DE)",46.05461,4.02752,Plein jour,En agglomération,Intersection en T,Normale,Deux véhicules - côté,,,,,,,,,,,1,2,3,1.0,3.0
201700027938,0017-12-10 03:20:00,17,12,10,3,20,420,71,"0, Route nationale 7",46.04936,4.08556,Nuit avec éclairage allumé,Hors agglomération,Hors intersection,Normale,Autre collision,,,,,,,,,,,5,1,1,1.0,6.0
201700027939,0017-01-04 07:53:00,17,1,4,7,53,420,187,"0, BRIENNON (ROUTE DE )",46.08311,4.07364,Crépuscule ou aube,En agglomération,Giratoire,Normale,Autre collision,,,,,,,,,,,2,2,6,1.0,6.0
201700027940,0017-12-12 17:10:00,17,12,12,17,10,420,71,"7, LIBERATION (AVENUE DE",46.03143,4.08261,Nuit avec éclairage allumé,En agglomération,Hors intersection,Normale,Autre collision,,,,,,,,,,,5,2,1,1.0,6.0
201700027941,0017-01-06 08:49:00,17,1,6,8,49,420,187,"31, GAMBETTA (AVENUE)",46.03935,4.0651,Plein jour,En agglomération,Hors intersection,Normale,Deux véhicules - côté,,,,,,,,,,,1,2,1,1.0,3.0
201700027942,0017-01-12 06:21:00,17,1,12,6,21,420,187,"0, PARIS (AVENUE DE)",46.05059,4.06674,Nuit avec éclairage allumé,En agglomération,Intersection en T,Normale,Deux véhicules - côté,,,,,,,,,,,5,2,3,1.0,3.0
201700027943,0017-12-12 19:30:00,17,12,12,19,30,420,184,"2511, FOCH MARECHAL (RUE",46.03968,4.01982,Nuit avec éclairage allumé,En agglomération,Hors intersection,Normale,Deux véhicules - arrière,,,,,,,,,,,5,2,1,1.0,2.0
201700027944,0017-01-19 17:35:00,17,1,19,17,35,420,184,"0, MAGNET JEAN BAPTISTE",46.04761,4.02257,Crépuscule ou aube,Hors agglomération,Hors intersection,Normale,Sans collision,,,,,,,,,,,2,1,1,1.0,7.0
201700027945,0017-12-13 14:18:00,17,12,13,14,18,420,170,"0, R.D 504",46.03225,4.18677,Plein jour,En agglomération,Hors intersection,Normale,Trois véhicules et plus - en chaîne,,,,,,,,,,,1,2,1,1.0,4.0
201700027946,0017-01-31 17:55:00,17,1,31,17,55,420,187,"0, PROMENADES POPULLE(PO",46.03643,4.06409,Nuit avec éclairage allumé,En agglomération,Giratoire,Pluie légère,Autre collision,,,,,,,,,,,5,2,6,2.0,6.0
201700027947,0017-02-01 18:50:00,17,2,1,18,50,420,187,"0, MURE (RUE DE LA )",46.04078,4.05642,Nuit avec éclairage allumé,En agglomération,Intersection en X,Normale,Deux véhicules - côté,,,,,,,,,,,5,2,2,1.0,3.0
201700027948,0017-02-02 12:08:00,17,2,2,12,8,420,184,"0, OUEST  (BD)",46.05091,4.06701,Plein jour,En agglomération,Hors intersection,Normale,Deux véhicules - arrière,,,,,,,,,,,1,2,1,1.0,2.0
201700027949,0017-02-09 12:15:00,17,2,9,12,15,420,184,"0, GALLIENI JOSEPH (AVEN",46.04531,4.05268,Plein jour,En agglomération,Hors intersection,Normale,Autre collision,,,,,,,,,,,1,2,1,1.0,6.0
201700027950,0017-02-09 18:20:00,17,2,9,18,20,420,187,"0, PROMENADES POPULLE (P",46.03698,4.06547,Nuit avec éclairage allumé,En agglomération,Giratoire,Pluie légère,Deux véhicules - côté,,,,,,,,,,,5,2,6,2.0,3.0
201700027951,0017-12-18 14:50:00,17,12,18,14,50,420,187,"0, BARDIN (IMPASSE)",46.04671,4.06419,Plein jour,En agglomération,Hors intersection,Pluie légère,Deux véhicules - frontale,,,,,,,,,,,1,2,1,2.0,1.0
201700027952,0017-02-11 17:50:00,17,2,11,17,50,420,71,route de Lyon,46.00646,4.09853,Plein jour,Hors agglomération,Hors intersection,Normale,Autre collision,,,,,,,,,,,1,1,1,1.0,6.0
201700027953,0017-02-12 12:30:00,17,2,12,12,30,420,71,"0, LAMARTINE  (RUE )",46.028,4.08579,Plein jour,En agglomération,Intersection en X,Normale,Deux véhicules - côté,,,,,,,,,,,1,2,2,1.0,3.0
201700027954,0017-02-13 14:00:00,17,2,13,14,0,420,187,"0, HERMINIER (QUAI DU CO",46.04025,4.08303,Plein jour,En agglomération,Intersection en Y,Normale,Autre collision,,,,,,,,,,,1,2,4,1.0,6.0
201700027955,0017-03-01 20:25:00,17,3,1,20,25,420,187,"63, JAURES (RUE JEAN)",46.03601,4.07067,Nuit avec éclairage allumé,En agglomération,Hors intersection,Normale,Autre collision,,,,,,,,,,,5,2,1,1.0,6.0
201700027956,0017-03-03 04:29:00,17,3,3,4,29,420,187,"0, REPUBLIQUE (COUR DE L",46.03945,4.06397,Nuit avec éclairage allumé,En agglomération,Intersection en T,Normale,Autre collision,,,,,,,,,,,5,2,3,1.0,6.0
201700027957,0017-12-19 12:10:00,17,12,19,12,10,420,187,SAINT-ALBAN (RUE DE ),46.03577,4.05475,Plein jour,En agglomération,Hors intersection,Normale,Autre collision,,,,,,,,,,,1,2,1,1.0,6.0
201700027958,0017-03-11 10:15:00,17,3,11,10,15,420,187,"0, ARISTIDE BRIAND ( PLA",46.03301,4.07951,Plein jour,En agglomération,Hors intersection,Normale,Deux véhicules - arrière,,,,,,,,,,,1,2,1,1.0,2.0
201700027959,0017-12-21 15:20:00,17,12,21,15,20,420,127,"0, FONTAINE JEAN  (RUE D",46.06564,4.06805,Plein jour,En agglomération,Hors intersection,Pluie légère,Autre collision,,,,,,,,,,,1,2,1,2.0,6.0
201700027960,0017-03-11 20:28:00,17,3,11,20,28,420,170,"0, R.D 504",46.03702,4.13807,Nuit sans éclairage public,Hors agglomération,Hors intersection,Normale,Autre collision,,,,,,,,,,,3,1,1,1.0,6.0
201700027961,0017-12-27 14:00:00,17,12,27,14,0,420,187,"36, ZOLA (RUE EMILE)",46.04081,4.05806,Plein jour,En agglomération,Intersection en T,Pluie légère,Deux véhicules - côté,,,,,,,,,,,1,2,3,2.0,3.0