accident_id,datetime,annee,mois,jour,heure,minute,departement,commune_insee,adresse,latitude,longitude,luminosite,agglomeration,intersection,meteo,collision,nb_vehicules,nb_usagers,nb_indemnes,nb_tues,nb_blesses_hosp,nb_blesses_legers,age_cond_1,age_cond_2,veh_type_cond_1,veh_type_cond_2,lum_code,agg_code,int_code,atm_code,col_code
201700028083,0017-01-29 11:45:00,17,1,29,11,45,420,305,"18, HUGO VICTOR",45.48031,4.43242,Plein jour,En agglomération,Hors intersection,Normale,Autre collision,,,,,,,,,,,1,2,1,1.0,6.0
201700028084,0017-04-03 08:30:00,17,4,3,8,30,420,218,"face au 02, VAILLANT COU",45.43397,4.38271,Plein jour,En agglomération,Hors intersection,Normale,Autre collision,,,,,,,,,,,1,2,1,1.0,6.0
201700028085,0017-03-16 17:41:00,17,3,16,17,41,420,218,"10, BERGSON JUSQU'AUX N",45.44827,4.38456,Plein jour,En agglomération,Intersection en X,Normale,Autre collision,,,,,,,,,,,1,2,2,1.0,6.0
201700028086,0017-02-17 09:25:00,17,2,17,9,25,420,218,rue gerentet,45.4405,4.38748,Plein jour,En agglomération,Hors intersection,Normale,Deux véhicules - arrière,,,,,,,,,,,1,2,1,1.0,2.0
201700028087,0017-02-17 12:10:00,17,2,17,12,10,420,218,"2, PARMENTIER rue",45.41914,4.3986,Plein jour,En agglomération,Hors intersection,Normale,Autre collision,,,,,,,,,,,1,2,1,1.0,6.0
201700028088,0017-04-02 05:32:00,17,4,2,5,32,420,218,"99, FAURIEL (COURS)",45.42771,4.40148,Nuit avec éclairage allumé,En agglomération,Intersection en T,Normale,Autre collision,,,,,,,,,,,5,2,3,1.0,6.0
201700028089,0017-04-06 17:05:00,17,4,6,17,5,420,305,CLEMENCEAU GEORGES,45.47881,4.43848,Plein jour,En agglomération,Hors intersection,Normale,Autre collision,,,,,,,,,,,1,2,1,1.0,6.0
201700028090,0017-04-03 15:38:00,17,4,3,15,38,420,218,"16, FAURIEL (COURS)",45.43012,4.39633,Plein jour,En agglomération,Intersection en T,Normale,Deux véhicules - frontale,,,,,,,,,,,1,2,3,1.0,1.0
201700028091,0017-04-11 13:30:00,17,4,11,13,30,420,218,"118, BERGSON A PARTIR N",45.46086,4.38127,Plein jour,Hors agglomération,Hors intersection,Normale,Autre collision,,,,,,,,,,,1,1,1,1.0,6.0
201700028092,0017-04-12 18:30:00,17,4,12,18,30,420,218,"sans, LEVAILLANT MAITRE",45.46476,4.3799,Plein jour,En agglomération,Intersection en T,Normale,Trois véhicules et plus - collisions multiples,,,,,,,,,,,1,2,3,1.0,5.0
201700028093,0017-04-14 13:15:00,17,4,14,13,15,420,218,"108, MONTAT (DE LA) A PA",45.44283,4.41159,Plein jour,En agglomération,Intersection en T,Normale,Deux véhicules - côté,,,,,,,,,,,1,2,3,1.0,3.0
201700028094,0017-04-22 02:00:00,17,4,22,2,0,420,218,"sans, FAURIEL (COURS)",45.4304,4.39637,Nuit avec éclairage allumé,En agglomération,Intersection en T,Normale,Deux véhicules - frontale,,,,,,,,,,,5,2,3,1.0,1.0
201700028095,0017-03-16 20:35:00,17,3,16,20,35,420,218,LUTHER KING MARTIN,45.42058,4.37635,Nuit avec éclairage allumé,Hors agglomération,Hors intersection,Normale,Deux véhicules - frontale,,,,,,,,,,,5,1,1,1.0,1.0
201700028096,0017-04-22 15:05:00,17,4,22,15,5,420,218,PARC (DU),45.40979,4.44615,Plein jour,En agglomération,Intersection en T,Normale,Deux véhicules - côté,,,,,,,,,,,1,2,3,1.0,3.0
201700028097,0017-03-15 11:30:00,17,3,15,11,30,420,218,SORBIERS (DE),45.43979,4.39717,Plein jour,En agglomération,Hors intersection,Normale,Autre collision,,,,,,,,,,,1,2,1,1.0,6.0
201700028098,0017-05-17 11:30:00,17,5,17,11,30,420,305,"sans, ROSTAND JEAN (BOUL",45.46781,4.43274,Plein jour,En agglomération,Intersection en T,Normale,Deux véhicules - côté,,,,,,,,,,,1,2,3,1.0,3.0
201700028099,0017-04-28 08:55:00,17,4,28,8,55,420,218,"1, ALLIES A PARTIR N 11",45.44085,4.41105,Plein jour,En agglomération,Hors intersection,Normale,Autre collision,,,,,,,,,,,1,2,1,1.0,6.0
201700028100,0017-04-26 09:00:00,17,4,26,9,0,420,218,"71, VAILLANT COUTURIER J",45.4299,4.38251,Plein jour,En agglomération,Hors intersection,Pluie légère,Autre collision,,,,,,,,,,,1,2,1,2.0,6.0
201700028101,0017-05-28 06:45:00,17,5,28,6,45,420,218,"sans, MONTAT (DE LA) A P",45.4421,4.40834,Plein jour,En agglomération,Intersection en T,Normale,Deux véhicules - côté,,,,,,,,,,,1,2,3,1.0,3.0
201700028102,0017-04-11 17:25:00,17,4,11,17,25,420,218,"106, FRAISSINETTE ALEXAN",45.42237,4.42311,Plein jour,En agglomération,Hors intersection,Normale,Deux véhicules - frontale,,,,,,,,,,,1,2,1,1.0,1.0
201700028103,0017-06-09 15:00:00,17,6,9,15,0,420,218,"28, ROUGET DE L'ISLE A P",45.44246,4.38771,Plein jour,En agglomération,Hors intersection,Normale,Autre collision,,,,,,,,,,,1,2,1,1.0,6.0
201700028104,0017-06-22 13:20:00,17,6,22,13,20,420,218,"12, FRERES CHAPPE (DES)",45.43975,4.39228,Plein jour,En agglomération,Hors intersection,Normale,Autre collision,,,,,,,,,,,1,2,1,1.0,6.0
201700028105,0017-06-25 13:20:00,17,6,25,13,20,420,218,4 bis rue ROUX DOCTEUR,45.44121,4.37399,Plein jour,En agglomération,Hors intersection,Normale,Autre collision,,,,,,,,,,,1,2,1,1.0,6.0
201700028106,0017-06-26 21:30:00,17,6,26,21,30,420,237,"78, HUGO (VICTOR)",45.44435,4.4303,Crépuscule ou aube,En agglomération,Intersection en T,Normale,Deux véhicules - côté,,,,,,,,,,,2,2,3,1.0,3.0
201700028107,0017-06-27 09:30:00,17,6,27,9,30,420,275,reu des TROIS GLORIEUSES,45.46772,4.38383,Plein jour,En agglomération,Intersection en X,Normale,Autre collision,,,,,,,,,,,1,2,2,1.0,6.0
201700028108,0017-06-27 17:30:00,17,6,27,17,30,420,218,rue barrouin,45.47376,4.38693,Plein jour,En agglomération,Hors intersection,Pluie légère,Deux véhicules - côté,,,,,,,,,,,1,2,1,2.0,3.0
201700028109,0017-07-09 14:45:00,17,7,9,14,45,420,218,10 rue BARROUIN,45.45393,4.38594,Plein jour,En agglomération,Intersection en T,Pluie légère,Deux véhicules - côté,,,,,,,,,,,1,2,3,2.0,3.0
201700028110,0017-07-04 19:05:00,17,7,4,19,5,420,218,"09, DENFERT ROCHEREAU (A",45.44107,4.39818,Plein jour,En agglomération,Intersection en X,Normale,Autre collision,,,,,,,,,,,1,2,2,1.0,6.0
201700028111,0017-07-09 00:58:00,17,7,9,0,58,420,218,route de Saint-Victor,45.43445,4.30647,Nuit avec éclairage allumé,Hors agglomération,Hors intersection,Normale,Sans collision,,,,,,,,,,,5,1,1,1.0,7.0
201700028112,0017-07-14 18:30:00,17,7,14,18,30,420,189,RD3,45.42698,4.31904,Plein jour,Hors agglomération,Hors intersection,Normale,Autre collision,,,,,,,,,,,1,1,1,1.0,6.0
201700028113,0017-07-15 00:28:00,17,7,15,0,28,420,218,"37, DAGUERRE",45.42383,4.38955,Nuit avec éclairage allumé,En agglomération,Intersection en X,Normale,Deux véhicules - côté,,,,,,,,,,,5,2,2,1.0,3.0
201700028114,0017-07-21 16:00:00,17,7,21,16,0,420,218,"02, PLOTTON JEAN (PLACE)",45.44002,4.38377,Plein jour,En agglomération,Intersection en T,Temps couvert,Autre collision,,,,,,,,,,,1,2,3,8.0,6.0
201700028115,0017-07-24 03:15:00,17,7,24,3,15,420,218,bd POMPIDOU GEORGES,45.45901,4.40778,Nuit avec éclairage allumé,En agglomération,Giratoire,Temps couvert,Autre collision,,,,,,,,,,,5,2,6,8.0,6.0
201700028116,0017-07-24 17:30:00,17,7,24,17,30,420,218,"sans, ROOSEVELT FRANKLIN",45.4212,4.41165,Plein jour,En agglomération,Giratoire,Normale,Sans collision,,,,,,,,,,,1,2,6,1.0,7.0
201700028117,0017-07-25 10:10:00,17,7,25,10,10,420,223,rue de la carrière,45.44611,4.39942,Plein jour,Hors agglomération,Hors intersection,Pluie légère,Autre collision,,,,,,,,,,,1,1,1,2.0,6.0
201700028118,0017-07-28 14:04:00,17,7,28,14,4,420,218,,45.40657,4.44799,Plein jour,Hors agglomération,Hors intersection,Normale,Deux véhicules - frontale,,,,,,,,,,,1,1,1,1.0,1.0
201700028119,0017-08-08 08:05:00,17,8,8,8,5,420,275,"38, ETRAT (ROUTE DE L')",45.4751,4.38244,Plein jour,En agglomération,Giratoire,Pluie légère,Deux véhicules - côté,,,,,,,,,,,1,2,6,2.0,3.0
201700028120,0017-05-13 08:00:00,17,5,13,8,0,420,330,"13, BREUIL",45.46903,4.35606,Plein jour,En agglomération,Hors intersection,Normale,Deux véhicules - arrière,,,,,,,,,,,1,2,1,1.0,2.0
201700028121,0017-08-20 17:14:00,17,8,20,17,14,420,330,ROCADE OUEST,45.44703,4.33581,Plein jour,Hors agglomération,Hors intersection,Normale,Sans collision,,,,,,,,,,,1,1,1,1.0,7.0
201700028122,0017-08-15 16:50:00,17,8,15,16,50,420,218,"nc, TREYVE (DU) A PARTIR",45.44712,4.39215,Plein jour,En agglomération,Hors intersection,Normale,Deux véhicules - côté,,,,,,,,,,,1,2,1,1.0,3.0
201700028123,0017-08-22 19:00:00,17,8,22,19,0,420,189,ROCADE OUEST,45.42873,4.35246,Plein jour,Hors agglomération,Hors intersection,Normale,Deux véhicules - arrière,,,,,,,,,,,1,1,1,1.0,2.0
201700028124,0017-08-28 21:50:00,17,8,28,21,50,420,218,"nc, ROBERT",45.44216,4.38803,Nuit avec éclairage allumé,En agglomération,Intersection en X,Normale,Deux véhicules - côté,,,,,,,,,,,5,2,2,1.0,3.0
201700028125,0017-09-08 22:30:00,17,9,8,22,30,420,218,BD BERNARD MARTIN,45.43261,4.38036,Nuit avec éclairage allumé,En agglomération,Intersection en X,Normale,Autre collision,,,,,,,,,,,5,2,2,1.0,6.0
201700028126,0017-09-20 11:01:00,17,9,20,11,1,420,218,C.C. MONTHIEU,45.44051,4.42033,Plein jour,En agglomération,Hors intersection,Temps couvert,Autre collision,,,,,,,,,,,1,2,1,8.0,6.0
201700028127,0017-09-21 16:30:00,17,9,21,16,30,420,218,"103, VIVIE PAUL DE",45.40261,4.40435,Plein jour,Hors agglomération,Hors intersection,Normale,Deux véhicules - arrière,,,,,,,,,,,1,1,1,1.0,2.0
201700028128,0017-09-23 10:33:00,17,9,23,10,33,420,189,"35, BRAILLE LOUIS (BOULE",45.41707,4.31102,Plein jour,En agglomération,Intersection en T,Normale,Trois véhicules et plus - collisions multiples,,,,,,,,,,,1,2,3,1.0,5.0
201700028129,0017-10-04 20:00:00,17,10,4,20,0,420,218,"83, BERGSON A PARTIR N",45.45404,4.38294,Nuit avec éclairage allumé,En agglomération,Intersection en T,Normale,Autre collision,,,,,,,,,,,5,2,3,1.0,6.0
201700028130,0017-09-28 09:00:00,17,9,28,9,0,420,218,"nc, BUFFON",45.41656,4.38876,Plein jour,En agglomération,Hors intersection,Normale,Autre collision,,,,,,,,,,,1,2,1,1.0,6.0
201700028131,0017-10-07 01:09:00,17,10,7,1,9,420,218,"31, MIMARD ETIENNE A PAR",45.43906,4.39732,Nuit avec éclairage allumé,En agglomération,Hors intersection,Normale,Autre collision,,,,,,,,,,,5,2,1,1.0,6.0
201700028132,0017-10-05 18:00:00,17,10,5,18,0,420,218,"nc, FRAISSINETTE ALEXAND",45.4188,4.41914,Plein jour,En agglomération,Hors intersection,Normale,Autre collision,,,,,,,,,,,1,2,1,1.0,6.0
201700028133,0017-10-26 14:16:00,17,10,26,14,16,420,218,"80, VALBENOITE (BD) JUSQ",45.4254,4.39655,Plein jour,En agglomération,Hors intersection,Normale,Autre collision,,,,,,,,,,,1,2,1,1.0,6.0
201700028134,0017-10-20 16:20:00,17,10,20,16,20,420,218,"166, ALLIES JUSQU'AUX N",45.44104,4.41739,Plein jour,En agglomération,Hors intersection,Normale,Autre collision,,,,,,,,,,,1,2,1,1.0,6.0
201700028135,0017-10-28 17:30:00,17,10,28,17,30,420,218,"07, FRANCE ANATOLE (PLAC",45.42985,4.39058,Plein jour,En agglomération,Intersection en T,Normale,Autre collision,,,,,,,,,,,1,2,3,1.0,6.0
201700028136,0017-10-28 21:30:00,17,10,28,21,30,420,218,"SANS, MUSSET ALFRED DE (",45.44251,4.37917,Nuit avec éclairage allumé,En agglomération,Intersection en T,Normale,Deux véhicules - côté,,,,,,,,,,,5,2,3,1.0,3.0
201700028137,0017-11-01 16:55:00,17,11,1,16,55,420,218,"50, JANIN JULES (BD) A P",45.44666,4.39728,Plein jour,En agglomération,Hors intersection,Normale,Autre collision,,,,,,,,,,,1,2,1,1.0,6.0
201700028138,0017-11-02 23:20:00,17,11,2,23,20,420,218,"01, FABIEN COLONEL",45.43499,4.43736,Nuit avec éclairage allumé,En agglomération,Hors intersection,Normale,Deux véhicules - frontale,,,,,,,,,,,5,2,1,1.0,1.0
201700028139,0017-10-24 09:30:00,17,10,24,9,30,420,218,"nc, MOULIN JEAN",45.43795,4.43445,Plein jour,Hors agglomération,Hors intersection,Normale,Deux véhicules - côté,,,,,,,,,,,1,1,1,1.0,3.0
201700028140,0017-11-05 14:00:00,17,11,5,14,0,420,218,"n, MAUSSIER PETRUS",45.44352,4.3768,Plein jour,En agglomération,Hors intersection,Normale,Deux véhicules - frontale,,,,,,,,,,,1,2,1,1.0,1.0
201700028141,0017-11-06 11:45:00,17,11,6,11,45,420,218,"nc, VILLARS (DE)",45.4659,4.37529,Plein jour,En agglomération,Hors intersection,Temps couvert,Autre collision,,,,,,,,,,,1,2,1,8.0,6.0
201700028142,0017-11-11 17:45:00,17,11,11,17,45,420,218,"37, MICHELET A PARTIR N",45.43361,4.39087,Crépuscule ou aube,En agglomération,Intersection en X,Temps couvert,Autre collision,,,,,,,,,,,2,2,2,8.0,6.0
201700028143,0017-11-09 17:32:00,17,11,9,17,32,420,218,"13, BALAY JUSQU'AUX N 5",45.44365,4.38662,Plein jour,En agglomération,Hors intersection,Normale,Autre collision,,,,,,,,,,,1,2,1,1.0,6.0
201700028144,0017-11-17 09:37:00,17,11,17,9,37,420,218,"39B, MOULINIERS",45.41936,4.40081,Plein jour,En agglomération,Hors intersection,Normale,Autre collision,,,,,,,,,,,1,2,1,1.0,6.0
201700028145,0017-12-01 07:00:00,17,12,1,7,0,420,218,"01, CHAMPAGNAT MARCELIN",45.43033,4.40955,Nuit avec éclairage allumé,En agglomération,Intersection en T,Neige / grêle,Autre collision,,,,,,,,,,,5,2,3,4.0,6.0
201700028146,0017-12-06 19:30:00,17,12,6,19,30,420,330,"25, BOURGEAT",45.46391,4.34544,Crépuscule ou aube,Hors agglomération,Hors intersection,Brouillard / fumée,Trois véhicules et plus - collisions multiples,,,,,,,,,,,2,1,1,5.0,5.0
201700028147,0017-12-11 07:00:00,17,12,11,7,0,420,218,"46, DESTRE DOCTEUR LOUIS",45.4405,4.43601,Nuit avec éclairage allumé,En agglomération,Intersection en T,Normale,Deux véhicules - côté,,,,,,,,,,,5,2,3,1.0,3.0
201700028148,0017-12-02 19:20:00,17,12,2,19,20,420,218,"nc, MASSENET (PLACE)",45.46594,4.3785,Nuit avec éclairage non allumé,En agglomération,Hors intersection,Normale,Autre collision,,,,,,,,,,,4,2,1,1.0,6.0
201700028149,0017-11-21 18:48:00,17,11,21,18,48,420,218,"06, THOMAS ALBERT (PLACE",45.43237,4.38783,Nuit avec éclairage allumé,En agglomération,Hors intersection,Normale,Autre collision,,,,,,,,,,,5,2,1,1.0,6.0
201700028150,0017-12-06 18:00:00,17,12,6,18,0,420,218,"27, POURCEL ALEXANDRE A",45.42393,4.3963,Nuit sans éclairage public,En agglomération,Intersection en X,Normale,Deux véhicules - côté,,,,,,,,,,,3,2,2,1.0,3.0
201700028151,0017-12-13 23:30:00,17,12,13,23,30,420,330,RUE THIERS,45.46878,4.36559,Nuit avec éclairage allumé,En agglomération,Hors intersection,Normale,Sans collision,,,,,,,,,,,5,2,1,1.0,7.0
201700028152,0017-12-18 13:55:00,17,12,18,13,55,420,218,"nc, DUPRE AUGUSTIN (AVEN",45.43639,4.39042,Plein jour,En agglomération,Hors intersection,Pluie légère,Autre collision,,,,,,,,,,,1,2,1,2.0,6.0
201700028153,0017-12-09 20:50:00,17,12,9,20,50,420,218,"20, ESPLANADE DE FRANCE",45.44264,4.40016,Nuit avec éclairage allumé,En agglomération,Hors intersection,Temps couvert,Autre collision,,,,,,,,,,,5,2,1,8.0,6.0
201700028154,0017-12-11 19:45:00,17,12,11,19,45,420,223,ROCADE OUEST,45.43779,4.34139,Nuit sans éclairage public,Hors agglomération,Hors intersection,Normale,Deux véhicules - arrière,,,,,,,,,,,3,1,1,1.0,2.0
201700028155,0017-01-06 16:00:00,17,1,6,16,0,420,225,"7, ZOLA RUE EMILE",45.53349,4.62849,Plein jour,En agglomération,Hors intersection,Normale,Autre collision,,,,,,,,,,,1,2,1,1.0,6.0
201700028156,0017-01-09 08:29:00,17,1,9,8,29,420,110,rue de planeze,45.49358,4.53201,Plein jour,En agglomération,Hors intersection,Normale,Deux véhicules - côté,,,,,,,,,,,1,2,1,1.0,3.0
201700028157,0017-01-26 18:30:00,17,1,26,18,30,420,207,"1 bis, ORIOL BENOIT RUE",45.47759,4.34945,Nuit avec éclairage allumé,En agglomération,Hors intersection,Pluie légère,Autre collision,,,,,,,,,,,5,2,1,2.0,6.0
201700028158,0017-02-11 09:35:00,17,2,11,9,35,420,110,"01, BERTHELOT AVENUE",45.48827,4.54672,Plein jour,En agglomération,Hors intersection,Normale,Deux véhicules - côté,,,,,,,,,,,1,2,1,1.0,3.0
201700028159,0017-02-08 16:10:00,17,2,8,16,10,420,207,"4, COMTE LOUIS PLACE",45.45775,4.50464,Plein jour,En agglomération,Hors intersection,Normale,Autre collision,,,,,,,,,,,1,2,1,1.0,6.0
201700028160,0017-02-20 16:40:00,17,2,20,16,40,420,123,"116, JAURES RUE JEAN",45.51121,4.57788,Plein jour,En agglomération,Hors intersection,Normale,Autre collision,,,,,,,,,,,1,2,1,1.0,6.0
201700028161,0017-03-11 08:30:00,17,3,11,8,30,420,186,"4, JUIN AVENUE DU MARECH",45.53151,4.62502,Plein jour,En agglomération,Intersection en T,Normale,Deux véhicules - côté,,,,,,,,,,,1,2,3,1.0,3.0
201700028162,0017-02-06 20:45:00,17,2,6,20,45,420,225,"263, BOURDONNES ROUTE DE",45.32133,4.35947,Nuit avec éclairage allumé,En agglomération,Hors intersection,Normale,Deux véhicules - côté,,,,,,,,,,,5,2,1,1.0,3.0
201700028163,0017-04-08 15:00:00,17,4,8,15,0,420,207,"36, WILSON PRESIDENT RUE",45.47236,4.50443,Plein jour,En agglomération,Hors intersection,Normale,Autre collision,,,,,,,,,,,1,2,1,1.0,6.0
201700028164,0017-06-01 21:10:00,17,6,1,21,10,420,207,"26, FONSALA BOULEVARD",45.47643,4.52933,Plein jour,En agglomération,Hors intersection,Normale,Deux véhicules - frontale,,,,,,,,,,,1,2,1,1.0,1.0
201700028165,0017-06-12 07:30:00,17,6,12,7,30,420,207,"27, LYON ROUTE DE",45.47961,4.52666,Plein jour,En agglomération,Hors intersection,Normale,Deux véhicules - côté,,,,,,,,,,,1,2,1,1.0,3.0
201700028166,0017-05-26 20:01:00,17,5,26,20,1,420,207,"16, SAINT ETIENNE RUE",45.47214,4.50689,Plein jour,En agglomération,Intersection en T,Normale,Deux véhicules - côté,,,,,,,,,,,1,2,3,1.0,3.0
201700028167,0017-06-19 13:20:00,17,6,19,13,20,420,207,"4, ROUTE DE SAINT JEAN B",45.46139,4.48514,Plein jour,En agglomération,Hors intersection,Normale,Autre collision,,,,,,,,,,,1,2,1,1.0,6.0
201700028168,0017-06-19 11:32:00,17,6,19,11,32,420,103,PASTEUR RUE LOUIS,45.50255,4.56826,Plein jour,En agglomération,Hors intersection,Normale,Trois véhicules et plus - en chaîne,,,,,,,,,,,1,2,1,1.0,4.0
201700028169,0017-06-29 09:00:00,17,6,29,9,0,420,103,"40, JAURES RUE JEAN",45.50651,4.57111,Plein jour,En agglomération,Hors intersection,Normale,Autre collision,,,,,,,,,,,1,2,1,1.0,6.0
201700028170,0017-07-19 16:45:00,17,7,19,16,45,420,186,"20, GE GAULLE AVENUE CHA",45.52552,4.60795,Plein jour,En agglomération,Hors intersection,Normale,Deux véhicules - côté,,,,,,,,,,,1,2,1,1.0,3.0
201700028171,0017-09-15 13:20:00,17,9,15,13,20,420,103,"80, PASTEUR RUE LOUIS",45.49689,4.56412,Plein jour,En agglomération,Hors intersection,Normale,Deux véhicules - côté,,,,,,,,,,,1,2,1,1.0,3.0
201700028172,0017-08-06 17:30:00,17,8,6,17,30,420,207,"42, CHABURE ROUTE DE LA",45.456,4.48801,Plein jour,Hors agglomération,Hors intersection,Normale,Sans collision,,,,,,,,,,,1,1,1,1.0,7.0
201700028173,0017-09-13 13:45:00,17,9,13,13,45,420,186,"15, FLEURDELIX QUAI",45.52886,4.61728,Plein jour,En agglomération,Hors intersection,Normale,Autre collision,,,,,,,,,,,1,2,1,1.0,6.0
201700028174,0017-09-21 16:18:00,17,9,21,16,18,420,207,"57, BONNEVIALLE RUE",45.47014,4.50913,Plein jour,En agglomération,Hors intersection,Normale,Autre collision,,,,,,,,,,,1,2,1,1.0,6.0
201700028175,0017-10-05 17:20:00,17,10,5,17,20,420,186,"28, FRANCE RUE ANATOLE",45.52683,4.61496,Plein jour,En agglomération,Hors intersection,Normale,Autre collision,,,,,,,,,,,1,2,1,1.0,6.0
201700028176,0017-10-16 11:45:00,17,10,16,11,45,420,207,"1, RECLUSIERE RUE DE LA",45.47867,4.52042,Plein jour,En agglomération,Autre intersection,Normale,Autre collision,,,,,,,,,,,1,2,9,1.0,6.0
201700028177,0017-10-18 19:10:00,17,10,18,19,10,420,103,"24, PASTEUR RUE LOUIS",45.50026,4.56642,Nuit avec éclairage allumé,En agglomération,Hors intersection,Normale,Autre collision,,,,,,,,,,,5,2,1,1.0,6.0
201700028178,0017-10-07 22:10:00,17,10,7,22,10,420,259,"2, SAINT MARTIN ROUTE DE",45.54136,4.61675,Nuit sans éclairage public,Hors agglomération,Hors intersection,Normale,Autre collision,,,,,,,,,,,3,1,1,1.0,6.0
201700028179,0017-10-17 18:10:00,17,10,17,18,10,420,186,"53, VAILLANT RUE EDOUARD",45.52364,4.60577,Plein jour,En agglomération,Hors intersection,Normale,Autre collision,,,,,,,,,,,1,2,1,1.0,6.0
201700028180,0017-11-06 18:00:00,17,11,6,18,0,420,207,CELLIEU  ROUTE DE,45.49212,4.52501,Nuit avec éclairage allumé,Hors agglomération,Intersection en T,Normale,Deux véhicules - côté,,,,,,,,,,,5,1,3,1.0,3.0
201700028181,0017-11-16 19:00:00,17,11,16,19,0,420,207,"21, GRANDE TERRE BOULEVA",45.47255,4.53242,Nuit avec éclairage allumé,En agglomération,Hors intersection,Normale,Autre collision,,,,,,,,,,,5,2,1,1.0,6.0
201700028182,0017-11-09 15:00:00,17,11,9,15,0,420,207,"13, NATIONALE PLACE",45.46415,4.50328,Plein jour,En agglomération,Intersection en T,Pluie forte,Deux véhicules - côté,,,,,,,,,,,1,2,3,3.0,3.0
201700028183,0017-11-22 16:50:00,17,11,22,16,50,420,225,1 rue de montalland,45.52946,4.59001,Crépuscule ou aube,En agglomération,Intersection en T,Normale,Deux véhicules - frontale,,,,,,,,,,,2,2,3,1.0,1.0
201700028184,0017-11-19 15:25:00,17,11,19,15,25,420,53,SEYOUX ROUTE DE,45.49027,4.61772,Plein jour,Hors agglomération,Hors intersection,Temps couvert,Sans collision,,,,,,,,,,,1,1,1,8.0,7.0
201700028185,0017-11-27 10:30:00,17,11,27,10,30,420,186,VOLTAIRE PONT,45.52666,4.61305,Plein jour,En agglomération,Hors intersection,Normale,Autre collision,,,,,,,,,,,1,2,1,1.0,6.0
201700028186,0017-12-12 14:02:00,17,12,12,14,2,420,207,"2, FOURS BANAUX PLACE DE",45.47728,4.51057,Plein jour,En agglomération,Hors intersection,Normale,Autre collision,,,,,,,,,,,1,2,1,1.0,6.0
201700028187,0017-12-13 17:45:00,17,12,13,17,45,420,186,"8, LIBERATION PLACE DE L",45.52891,4.61738,Nuit avec éclairage allumé,En agglomération,Hors intersection,Pluie légère,Autre collision,,,,,,,,,,,5,2,1,2.0,6.0
201700028188,0017-01-12 17:55:00,17,1,12,17,55,430,157,"8, SOURCES (RUE DES)",,,Crépuscule ou aube,En agglomération,Hors intersection,Normale,Deux véhicules - côté,,,,,,,,,,,2,2,1,1.0,3.0
201700028189,0017-01-26 08:02:00,17,1,26,8,2,430,157,LA PEPINIERE,45.0057,3.87908,Plein jour,Hors agglomération,Hors intersection,Neige / grêle,Deux véhicules - côté,,,,,,,,,,,1,1,1,4.0,3.0
201700028190,0017-01-21 10:45:00,17,1,21,10,45,430,157,DE GAULLE (AV. GENERAL),,,Plein jour,En agglomération,Hors intersection,Normale,Autre collision,,,,,,,,,,,1,2,1,1.0,6.0
201700028191,0017-02-13 09:30:00,17,2,13,9,30,430,157,"63, BELGES (AV DES)",45.0494,3.901,Plein jour,En agglomération,Hors intersection,Normale,Autre collision,,,,,,,,,,,1,2,1,1.0,6.0
201700028192,0017-03-17 12:25:00,17,3,17,12,25,430,157,"17, COUDEYRETTE (RUE)",,,Plein jour,En agglomération,Hors intersection,Normale,Deux véhicules - côté,,,,,,,,,,,1,2,1,1.0,3.0
201700028193,0017-04-26 11:40:00,17,4,26,11,40,430,251,RUE DES ECOLES,,,Plein jour,En agglomération,Hors intersection,Normale,Autre collision,,,,,,,,,,,1,2,1,1.0,6.0
201700028194,0017-04-01 12:30:00,17,4,1,12,30,430,89,9 AV DE LA MAIRIE,45.0464,3.86557,Plein jour,En agglomération,Hors intersection,Normale,Autre collision,,,,,,,,,,,1,2,1,1.0,6.0
201700028195,0017-05-24 15:30:00,17,5,24,15,30,430,157,13 BD CARNOT,45.0453,3.87983,Plein jour,En agglomération,Hors intersection,Normale,Autre collision,,,,,,,,,,,1,2,1,1.0,6.0
201700028196,0017-06-18 17:22:00,17,6,18,17,22,430,157,20 PORTAIL D'AVIGNON (R,,,Plein jour,En agglomération,Hors intersection,Normale,Autre collision,,,,,,,,,,,1,2,1,1.0,6.0
201700028197,0017-06-20 09:40:00,17,6,20,9,40,430,251,16 MASSOT (RUE CHARLES),,,Plein jour,En agglomération,Hors intersection,Normale,Autre collision,,,,,,,,,,,1,2,1,1.0,6.0
201700028198,0017-06-20 17:40:00,17,6,20,17,40,430,41,PONT GALARD,45.0476,3.92749,Plein jour,En agglomération,Hors intersection,Normale,Deux véhicules - arrière,,,,,,,,,,,1,2,1,1.0,2.0
201700028199,0017-08-03 18:20:00,17,8,3,18,20,430,157,306 RUE RIBEYROTTE,,,Plein jour,Hors agglomération,Hors intersection,Normale,Autre collision,,,,,,,,,,,1,1,1,1.0,6.0
201700028200,0017-08-16 16:05:00,17,8,16,16,5,430,46,BD BONGIRAUD,,,Plein jour,En agglomération,Hors intersection,Normale,Autre collision,,,,,,,,,,,1,2,1,1.0,6.0
201700028201,0017-09-21 10:20:00,17,9,21,10,20,430,157,PLACE MICHELET,,,Plein jour,En agglomération,Intersection en T,Normale,Deux véhicules - côté,,,,,,,,,,,1,2,3,1.0,3.0
201700028202,0017-09-19 09:45:00,17,9,19,9,45,430,157,5 BD GEORGES SAND,45.0475,3.87856,Plein jour,En agglomération,Hors intersection,Normale,Autre collision,,,,,,,,,,,1,2,1,1.0,6.0
201700028203,0017-10-10 18:10:00,17,10,10,18,10,430,41,6 COTE DE TIREBOEUF,45.0497,3.91014,Nuit avec éclairage allumé,En agglomération,Hors intersection,Normale,Deux véhicules - côté,,,,,,,,,,,5,2,1,1.0,3.0