accident_id,datetime,annee,mois,jour,heure,minute,departement,commune_insee,adresse,latitude,longitude,luminosite,agglomeration,intersection,meteo,collision,nb_vehicules,nb_usagers,nb_indemnes,nb_tues,nb_blesses_hosp,nb_blesses_legers,age_cond_1,age_cond_2,veh_type_cond_1,veh_type_cond_2,lum_code,agg_code,int_code,atm_code,col_code
201700028204,0017-11-06 07:30:00,17,11,6,7,30,430,157,BD PHILIPPE JOURDE,,,Plein jour,En agglomération,Hors intersection,Normale,Autre collision,,,,,,,,,,,1,2,1,1.0,6.0
201700028205,0017-11-25 12:55:00,17,11,25,12,55,430,157,LE RIOU,45.009,3.87933,Plein jour,Hors agglomération,Hors intersection,Normale,Trois véhicules et plus - collisions multiples,,,,,,,,,,,1,1,1,1.0,5.0
201700028206,0017-11-21 15:50:00,17,11,21,15,50,430,157,RUE DES CHEVALIERS ST JE,,,Plein jour,En agglomération,Hors intersection,Normale,Autre collision,,,,,,,,,,,1,2,1,1.0,6.0
201700028207,0017-11-29 13:30:00,17,11,29,13,30,430,41,"1, LIBERATION (PLACE DE",45.0481,3.92759,Plein jour,En agglomération,Hors intersection,Normale,Autre collision,,,,,,,,,,,1,2,1,1.0,6.0
201700028208,0017-01-03 08:35:00,17,1,3,8,35,440,55,"25, CAILLAUD ( BOULEVARD",47.27284,-2.34321,Plein jour,Hors agglomération,Intersection en T,Normale,Deux véhicules - côté,,,,,,,,,,,1,1,3,1.0,3.0
201700028209,0017-01-14 16:40:00,17,1,14,16,40,440,132,"182, OCEANIDES (BOULEVAR",47.27165,-2.35404,Plein jour,En agglomération,Hors intersection,Temps couvert,Deux véhicules - côté,,,,,,,,,,,1,2,1,8.0,3.0
201700028210,0017-01-25 02:00:00,17,1,25,2,0,440,132,"NS, LITTORAL (AVENUE DU)",47.24249,-2.31064,Nuit avec éclairage allumé,En agglomération,Intersection en X,Normale,Deux véhicules - côté,,,,,,,,,,,5,2,2,1.0,3.0
201700028211,0017-02-16 16:35:00,17,2,16,16,35,440,55,"04, LAJARRIGE ( AVENUE L",47.2787,-2.37118,Plein jour,En agglomération,Hors intersection,Normale,Autre collision,,,,,,,,,,,1,2,1,1.0,6.0
201700028212,0017-03-04 18:01:00,17,3,4,18,1,440,132,"NR, MOULIN D'ARGENT (AVE",47.2533,-2.31406,Crépuscule ou aube,En agglomération,Giratoire,Normale,Deux véhicules - côté,,,,,,,,,,,2,2,6,1.0,3.0
201700028213,0017-03-20 17:15:00,17,3,20,17,15,440,55,ROUTE DE COTRES,47.28988,-2.30607,Plein jour,Hors agglomération,Intersection en X,Normale,Deux véhicules - frontale,,,,,,,,,,,1,1,2,1.0,1.0
201700028214,0017-04-06 17:48:00,17,4,6,17,48,440,132,", LORIETTES (AVENUE DES)",47.25351,-2.32065,Plein jour,En agglomération,Autre intersection,Normale,Autre collision,,,,,,,,,,,1,2,9,1.0,6.0
201700028215,0017-04-07 08:50:00,17,4,7,8,50,440,55,GRANDS-PARCS ( CHEMIN DE,47.28321,-2.31588,Plein jour,Hors agglomération,Intersection en X,Temps éblouissant,Deux véhicules - côté,,,,,,,,,,,1,1,2,7.0,3.0
201700028216,0017-04-12 18:30:00,17,4,12,18,30,440,55,"33, OCEAN ( BOULEVARD DE",47.27861,-2.37228,Plein jour,En agglomération,Hors intersection,Normale,Autre collision,,,,,,,,,,,1,2,1,1.0,6.0
201700028217,0017-04-29 16:55:00,17,4,29,16,55,440,132,"21, BAULOIS (AVENUE DU)",47.26265,-2.33432,Plein jour,En agglomération,Hors intersection,Normale,Deux véhicules - côté,,,,,,,,,,,1,2,1,1.0,3.0
201700028218,0017-06-22 19:15:00,17,6,22,19,15,440,55,D 213,47.28634,-2.31456,Plein jour,Hors agglomération,Hors intersection,Normale,Deux véhicules - arrière,,,,,,,,,,,1,1,1,1.0,2.0
201700028219,0017-06-22 00:45:00,17,6,22,0,45,440,132,av g. clemenceau,47.26704,-2.34149,Nuit avec éclairage allumé,En agglomération,Intersection en X,Normale,Deux véhicules - côté,,,,,,,,,,,5,2,2,1.0,3.0
201700028220,0017-06-21 22:50:00,17,6,21,22,50,440,55,"2, SALINES ( AVENUE DES",47.28934,-2.39418,Nuit avec éclairage allumé,En agglomération,Hors intersection,Normale,Autre collision,,,,,,,,,,,5,2,1,1.0,6.0
201700028221,0017-07-22 01:05:00,17,7,22,1,5,440,55,D 213 G,47.29369,-2.34339,Nuit sans éclairage public,Hors agglomération,Hors intersection,Pluie légère,Autre collision,,,,,,,,,,,3,1,1,2.0,6.0
201700028222,0017-07-23 16:55:00,17,7,23,16,55,440,132,"76, OCEANIDES (BOULEVARD",47.26582,-2.34572,Plein jour,En agglomération,Hors intersection,Temps couvert,Autre collision,,,,,,,,,,,1,2,1,8.0,6.0
201700028223,0017-07-29 19:15:00,17,7,29,19,15,440,55,"45, CLEMENCEAU ( AVENUE",47.28838,-2.3859,Plein jour,En agglomération,Hors intersection,Normale,Autre collision,,,,,,,,,,,1,2,1,1.0,6.0
201700028224,0017-08-08 02:15:00,17,8,8,2,15,440,55,"7, RADEAU ( ROUTE DU )",47.29693,-2.36411,Nuit avec éclairage allumé,En agglomération,Hors intersection,Normale,Deux véhicules - arrière,,,,,,,,,,,5,2,1,1.0,2.0
201700028225,0017-08-17 16:00:00,17,8,17,16,0,440,55,"70, BOSSE ( ROUTE DE LA",47.27984,-2.32612,Plein jour,Hors agglomération,Hors intersection,Pluie légère,Deux véhicules - frontale,,,,,,,,,,,1,1,1,2.0,1.0
201700028226,0017-08-18 12:25:00,17,8,18,12,25,440,132,"158, BD OCEANIDES",47.27032,-2.35144,Plein jour,En agglomération,Hors intersection,Normale,Deux véhicules - arrière,,,,,,,,,,,1,2,1,1.0,2.0
201700028227,0017-09-05 12:00:00,17,9,5,12,0,440,132,", EUROPE (ROND POINT DE",47.25935,-2.34064,Plein jour,En agglomération,Giratoire,Normale,Deux véhicules - arrière,,,,,,,,,,,1,2,6,1.0,2.0
201700028228,0017-09-20 10:15:00,17,9,20,10,15,440,132,"07, BD REPUBLIQUE",47.2601,-2.3371,Plein jour,En agglomération,Hors intersection,Normale,Autre collision,,,,,,,,,,,1,2,1,1.0,6.0
201700028229,0017-09-26 11:03:00,17,9,26,11,3,440,55,"NS, CHEVREL ( BOULEVARD",47.29107,-2.39542,Plein jour,En agglomération,Giratoire,Normale,Deux véhicules - arrière,,,,,,,,,,,1,2,6,1.0,2.0
201700028230,0017-10-18 21:30:00,17,10,18,21,30,440,55,RD 213,47.29,-2.33,Nuit sans éclairage public,Hors agglomération,Hors intersection,Normale,Deux véhicules - arrière,,,,,,,,,,,3,1,1,1.0,2.0
201700028231,0017-10-26 17:57:00,17,10,26,17,57,440,132,"180, OCEANIDES (BOULEVAR",47.2714,-2.3536,Plein jour,En agglomération,Hors intersection,Normale,Deux véhicules - côté,,,,,,,,,,,1,2,1,1.0,3.0
201700028232,0017-10-07 17:00:00,17,10,7,17,0,440,132,OCEANIDES (BOULEVARD DES,47.26534,-2.34525,Plein jour,En agglomération,Autre intersection,Normale,Deux véhicules - côté,,,,,,,,,,,1,2,9,1.0,3.0
201700028233,0017-12-04 10:19:00,17,12,4,10,19,440,132,"33, GAULLE (AVENUE DU GL",47.26806,-2.34219,Plein jour,En agglomération,Intersection en Y,Temps éblouissant,Deux véhicules - côté,,,,,,,,,,,1,2,4,7.0,3.0
201700028234,0017-12-07 17:00:00,17,12,7,17,0,440,132,"2, ERMUR (ROUTE D')",47.26832,-2.31385,Crépuscule ou aube,Hors agglomération,Hors intersection,Pluie légère,Deux véhicules - frontale,,,,,,,,,,,2,1,1,2.0,1.0
201700028235,0017-11-30 16:00:00,17,11,30,16,0,440,109,CHEMIN DU PONT L'ARCHE D,47.21982,-1.53246,Plein jour,En agglomération,Hors intersection,Autre,Deux véhicules - frontale,,,,,,,,,,,1,2,1,9.0,1.0
201700028236,0017-11-24 16:45:00,17,11,24,16,45,440,109,BOULEVARD RENE CASSIN,47.26433,-1.57416,Plein jour,En agglomération,Giratoire,Normale,Autre collision,,,,,,,,,,,1,2,6,1.0,6.0
201700028237,0017-11-24 07:50:00,17,11,24,7,50,440,109,PONT SAINT MIHIEL,47.22289,-1.5527,Crépuscule ou aube,En agglomération,Hors intersection,Normale,Autre collision,,,,,,,,,,,2,2,1,1.0,6.0
201700028238,0017-11-10 16:25:00,17,11,10,16,25,440,109,"82, BOULEVARD VICTOR HUG",47.20071,-1.54558,Plein jour,En agglomération,Hors intersection,Normale,Autre collision,,,,,,,,,,,1,2,1,1.0,6.0
201700028239,0017-11-17 21:00:00,17,11,17,21,0,440,109,RUE EUGENE THOMAS,47.26187,-1.56961,Nuit avec éclairage allumé,En agglomération,Hors intersection,Autre,Autre collision,,,,,,,,,,,5,2,1,9.0,6.0
201700028240,0017-11-17 11:35:00,17,11,17,11,35,440,143,"1, AVENUE DE LA LIBERATI",47.19398,-1.54546,Plein jour,En agglomération,Hors intersection,Normale,Deux véhicules - côté,,,,,,,,,,,1,2,1,1.0,3.0
201700028241,0017-11-20 17:30:00,17,11,20,17,30,440,114,CHEMIN DE LA RETARDIERE,47.29534,-1.63388,Crépuscule ou aube,Hors agglomération,Hors intersection,Normale,Deux véhicules - frontale,,,,,,,,,,,2,1,1,1.0,1.0
201700028242,0017-11-03 17:35:00,17,11,3,17,35,440,109,PERIPHERIQUE,47.17589,-1.6019,Nuit avec éclairage allumé,Hors agglomération,Hors intersection,Pluie légère,Autre collision,,,,,,,,,,,5,1,1,2.0,6.0
201700028243,0017-11-15 17:00:00,17,11,15,17,0,440,162,BOULEVARD SALVADOR ALLEN,47.21952,-1.62463,Crépuscule ou aube,En agglomération,Hors intersection,Normale,Autre collision,,,,,,,,,,,2,2,1,1.0,6.0
201700028244,0017-11-23 17:55:00,17,11,23,17,55,440,109,RUE PIERRE ETIENNE FLAND,47.20307,-1.53927,Nuit avec éclairage allumé,En agglomération,Hors intersection,Normale,Autre collision,,,,,,,,,,,5,2,1,1.0,6.0
201700028245,0017-11-07 17:10:00,17,11,7,17,10,440,162,CHEMIN DE LA PORCHELLERI,47.22137,-1.66384,Plein jour,En agglomération,Hors intersection,Normale,Deux véhicules - côté,,,,,,,,,,,1,2,1,1.0,3.0
201700028246,0017-11-11 02:40:00,17,11,11,2,40,440,109,RUE HENRI IV,47.21816,-1.54825,Nuit avec éclairage allumé,Hors agglomération,Hors intersection,Normale,Autre collision,,,,,,,,,,,5,1,1,1.0,6.0
201700028247,0017-01-08 21:30:00,17,1,8,21,30,440,109,QUAI DE LA FOSSE,47.2094,-1.56601,Nuit avec éclairage allumé,En agglomération,Hors intersection,Pluie légère,Deux véhicules - arrière,,,,,,,,,,,5,2,1,2.0,2.0
201700028248,0017-11-16 19:10:00,17,11,16,19,10,440,114,165,47.25618,-1.64371,Nuit sans éclairage public,En agglomération,Hors intersection,Normale,Trois véhicules et plus - collisions multiples,,,,,,,,,,,3,2,1,1.0,5.0
201700028249,0017-11-23 01:20:00,17,11,23,1,20,440,109,PLACE ROGER SALENGRO,47.22029,-1.55282,Nuit avec éclairage allumé,En agglomération,Hors intersection,Normale,Autre collision,,,,,,,,,,,5,2,1,1.0,6.0
201700028250,0017-11-17 08:00:00,17,11,17,8,0,440,109,PERIPHERIQUE,47.26498,-1.59067,Crépuscule ou aube,En agglomération,Hors intersection,Normale,Deux véhicules - arrière,,,,,,,,,,,2,2,1,1.0,2.0
201700028251,0017-11-30 08:30:00,17,11,30,8,30,440,162,BOULEVARD PROFESSEUR JAC,47.23243,-1.64813,Plein jour,En agglomération,Hors intersection,Normale,Deux véhicules - côté,,,,,,,,,,,1,2,1,1.0,3.0
201700028252,0017-11-07 18:40:00,17,11,7,18,40,440,162,PERIPHERIQUE,47.20511,-1.62425,Nuit sans éclairage public,En agglomération,Hors intersection,Normale,Deux véhicules - arrière,,,,,,,,,,,3,2,1,1.0,2.0
201700028253,0017-11-29 20:15:00,17,11,29,20,15,440,143,BOULEVARD LE CORBUSIER,47.18991,-1.56851,Nuit avec éclairage allumé,En agglomération,Hors intersection,Normale,Deux véhicules - côté,,,,,,,,,,,5,2,1,1.0,3.0
201700028254,0017-12-06 10:10:00,17,12,6,10,10,440,190,BD DES PAS ENCHANTES,47.20995,-1.50378,Plein jour,En agglomération,Hors intersection,Normale,Autre collision,,,,,,,,,,,1,2,1,1.0,6.0
201700028255,0017-12-07 14:35:00,17,12,7,14,35,440,143,RUE ERNEST SAUVESTRE,47.16783,-1.54282,Plein jour,En agglomération,Hors intersection,Normale,Deux véhicules - arrière,,,,,,,,,,,1,2,1,1.0,2.0
201700028256,0017-12-04 11:50:00,17,12,4,11,50,440,109,ROUTE DE VANNES,47.23292,-1.57794,Plein jour,En agglomération,Hors intersection,Normale,Autre collision,,,,,,,,,,,1,2,1,1.0,6.0
201700028257,0017-12-01 18:24:00,17,12,1,18,24,440,109,RUE JULES SIMON,47.22874,-1.56579,Nuit avec éclairage allumé,En agglomération,Hors intersection,Normale,Autre collision,,,,,,,,,,,5,2,1,1.0,6.0
201700028258,0017-12-09 10:15:00,17,12,9,10,15,440,109,RUE DE STRASBOURG,47.21796,-1.5529,Plein jour,En agglomération,Hors intersection,Normale,Deux véhicules - côté,,,,,,,,,,,1,2,1,1.0,3.0
201700028259,0017-12-19 11:15:00,17,12,19,11,15,440,109,"45, BOULEVARD PASTEUR",47.21131,-1.58277,Plein jour,En agglomération,Hors intersection,Normale,Autre collision,,,,,,,,,,,1,2,1,1.0,6.0
201700028260,0017-12-09 07:45:00,17,12,9,7,45,440,109,PERIPHERIQUE,47.2648,-1.59204,Plein jour,En agglomération,Hors intersection,Normale,Deux véhicules - côté,,,,,,,,,,,1,2,1,1.0,3.0
201700028261,0017-12-01 11:45:00,17,12,1,11,45,440,109,BOULEVARD DE STALINGRAD,47.21865,-1.53877,Plein jour,En agglomération,Hors intersection,Normale,Deux véhicules - arrière,,,,,,,,,,,1,2,1,1.0,2.0
201700028262,0017-12-20 23:30:00,17,12,20,23,30,440,109,QUAI PRESIDENT WILSON,47.19956,-1.56693,Nuit avec éclairage allumé,En agglomération,Hors intersection,Normale,Deux véhicules - côté,,,,,,,,,,,5,2,1,1.0,3.0
201700028263,0017-12-11 07:50:00,17,12,11,7,50,440,190,"34, BOULEVARD DES PAS EN",47.20989,-1.50441,Nuit avec éclairage allumé,En agglomération,Hors intersection,Pluie légère,Autre collision,,,,,,,,,,,5,2,1,2.0,6.0
201700028264,0017-12-06 20:00:00,17,12,6,20,0,440,109,"32, RUE DES MARSAUDERIES",47.24254,-1.53379,Nuit avec éclairage allumé,En agglomération,Hors intersection,Normale,Autre collision,,,,,,,,,,,5,2,1,1.0,6.0
201700028265,0017-12-04 08:00:00,17,12,4,8,0,440,109,BOULEVARD DES BELGES,47.23517,-1.5437,Crépuscule ou aube,En agglomération,Hors intersection,Normale,Deux véhicules - arrière,,,,,,,,,,,2,2,1,1.0,2.0
201700028266,0017-01-27 10:35:00,17,1,27,10,35,440,109,BD MARTYRS N. DE LA RESI,47.2053,-1.54736,Plein jour,En agglomération,Intersection en T,Normale,Deux véhicules - côté,,,,,,,,,,,1,2,3,1.0,3.0
201700028267,0017-12-09 21:35:00,17,12,9,21,35,440,109,RUE PAUL BELLAMY,47.23319,-1.56513,Nuit avec éclairage allumé,En agglomération,,Pluie légère,Deux véhicules - côté,,,,,,,,,,,5,2,0,2.0,3.0
201700028268,0017-12-29 19:45:00,17,12,29,19,45,440,162,"290, BOULEVARD DU MASSAC",47.223,1.602,Nuit avec éclairage allumé,En agglomération,Hors intersection,Normale,Autre collision,,,,,,,,,,,5,2,1,1.0,6.0
201700028269,0017-12-13 10:50:00,17,12,13,10,50,440,109,RUE DE FINLANDE,47.26013,-1.49941,Plein jour,Hors agglomération,Intersection en X,Autre,Deux véhicules - frontale,,,,,,,,,,,1,1,2,9.0,1.0
201700028270,0017-01-07 01:10:00,17,1,7,1,10,440,109,ROUTE DE SAINTE LUCE,47.24709,-1.49321,Nuit avec éclairage allumé,En agglomération,Hors intersection,Normale,Autre collision,,,,,,,,,,,5,2,1,1.0,6.0
201700028271,0017-01-16 15:10:00,17,1,16,15,10,440,143,"152, RUE DES SORINIERES",47.15401,-1.53643,Plein jour,En agglomération,Hors intersection,Pluie légère,Autre collision,,,,,,,,,,,1,2,1,2.0,6.0
201700028272,0017-01-03 19:05:00,17,1,3,19,5,440,109,"3, BOULEVARD GUY MOLLET",47.24625,-1.55551,Nuit avec éclairage allumé,En agglomération,Hors intersection,Normale,Autre collision,,,,,,,,,,,5,2,1,1.0,6.0
201700028273,0017-01-02 10:15:00,17,1,2,10,15,440,109,BOULEVARD LEON JOUHAUX,47.20991,-1.59161,Plein jour,En agglomération,Hors intersection,Normale,Deux véhicules - côté,,,,,,,,,,,1,2,1,1.0,3.0
201700028274,0017-01-06 07:50:00,17,1,6,7,50,440,109,"10, BD CLOVIS CONSTANT",47.22529,-1.57984,Nuit sans éclairage public,En agglomération,Hors intersection,Normale,Autre collision,,,,,,,,,,,3,2,1,1.0,6.0
201700028275,0017-01-30 11:50:00,17,1,30,11,50,440,109,"23, RUE PAUL BELLAMY",47.22231,-1.55678,Plein jour,Hors agglomération,Hors intersection,Pluie légère,Autre collision,,,,,,,,,,,1,1,1,2.0,6.0
201700028276,0017-01-14 16:10:00,17,1,14,16,10,440,109,GESVRE(PTE PERIPH INTER.,47.26851,-1.56177,Plein jour,Hors agglomération,Hors intersection,Normale,Autre collision,,,,,,,,,,,1,1,1,1.0,6.0
201700028277,0017-01-26 18:00:00,17,1,26,18,0,440,109,PLACE EMILE ZOLA,47.21418,-1.58599,Plein jour,En agglomération,Hors intersection,Normale,Autre collision,,,,,,,,,,,1,2,1,1.0,6.0
201700028278,0017-01-09 20:30:00,17,1,9,20,30,440,143,RUE DE L'AERODROME,47.17628,-1.56419,Nuit avec éclairage allumé,En agglomération,Intersection en X,Pluie légère,Autre collision,,,,,,,,,,,5,2,2,2.0,6.0
201700028279,0017-01-22 09:40:00,17,1,22,9,40,440,143,ROND-POINT GABRIEL CHERE,47.18806,-1.56649,Plein jour,En agglomération,Hors intersection,Normale,Autre collision,,,,,,,,,,,1,2,1,1.0,6.0
201700028280,0017-01-07 18:00:00,17,1,7,18,0,440,109,LUCE ( RTE DE SAINTE ),47.24712,-1.49314,Crépuscule ou aube,En agglomération,Hors intersection,Normale,Autre collision,,,,,,,,,,,2,2,1,1.0,6.0
201700028281,0017-01-04 18:00:00,17,1,4,18,0,440,109,RUE BONNE GARDE,47.1963,-1.52636,Crépuscule ou aube,En agglomération,Hors intersection,Normale,Autre collision,,,,,,,,,,,2,2,1,1.0,6.0
201700028282,0017-01-13 16:43:00,17,1,13,16,43,440,109,RUE ANATOLE DE MONZIE,47.20486,-1.53831,Plein jour,En agglomération,Hors intersection,Normale,Autre collision,,,,,,,,,,,1,2,1,1.0,6.0
201700028283,0017-01-28 15:30:00,17,1,28,15,30,440,109,RUE DE LA PAPOTIERE,47.24271,-1.49502,Plein jour,En agglomération,Hors intersection,Normale,Deux véhicules - côté,,,,,,,,,,,1,2,1,1.0,3.0
201700028284,0017-01-28 22:00:00,17,1,28,22,0,440,109,RUE DES RENARDS,47.25615,-1.56612,Nuit avec éclairage allumé,En agglomération,Intersection en X,Pluie légère,Autre collision,,,,,,,,,,,5,2,2,2.0,6.0
201700028285,0017-01-07 07:20:00,17,1,7,7,20,440,114,"13, ROUTE DE RENNES",47.2482,-1.57741,Nuit avec éclairage allumé,En agglomération,Intersection en X,Normale,Autre collision,,,,,,,,,,,5,2,2,1.0,6.0
201700028286,0017-01-02 08:30:00,17,1,2,8,30,440,109,RUE DESAIX,47.22719,-1.5426,Crépuscule ou aube,En agglomération,Intersection en X,Normale,Autre collision,,,,,,,,,,,2,2,2,1.0,6.0
201700028287,0017-01-30 06:30:00,17,1,30,6,30,440,109,BOULEVARD BENOIT FRACHON,47.20685,-1.57925,Crépuscule ou aube,En agglomération,Hors intersection,Pluie légère,Autre collision,,,,,,,,,,,2,2,1,2.0,6.0
201700028288,0017-01-19 17:50:00,17,1,19,17,50,440,162,BOULEVARD DU TERTRE,47.22029,-1.60327,Crépuscule ou aube,En agglomération,Hors intersection,Normale,Autre collision,,,,,,,,,,,2,2,1,1.0,6.0
201700028289,0017-01-20 20:40:00,17,1,20,20,40,440,109,"19, BOULEVARD DU PETIT P",47.24202,-1.55682,Nuit avec éclairage allumé,En agglomération,Hors intersection,Normale,Autre collision,,,,,,,,,,,5,2,1,1.0,6.0
201700028290,0017-01-07 16:50:00,17,1,7,16,50,440,143,BOULEVARD LE CORBUSIER,47.18918,-1.57028,Plein jour,En agglomération,Hors intersection,Normale,Autre collision,,,,,,,,,,,1,2,1,1.0,6.0
201700028291,0017-01-31 12:55:00,17,1,31,12,55,440,162,ROUTE DE VANNES,47.24707,-1.60593,Plein jour,En agglomération,Hors intersection,Normale,Autre collision,,,,,,,,,,,1,2,1,1.0,6.0
201700028292,0017-01-31 07:30:00,17,1,31,7,30,440,109,EBOUE ( RUE FELIX ),47.21181,-1.55708,Nuit avec éclairage allumé,En agglomération,Hors intersection,Pluie forte,Autre collision,,,,,,,,,,,5,2,1,3.0,6.0
201700028293,0017-01-26 08:30:00,17,1,26,8,30,440,109,"29, BD DE LA FRATERNITE",47.21569,-1.58679,Crépuscule ou aube,En agglomération,Hors intersection,Normale,Autre collision,,,,,,,,,,,2,2,1,1.0,6.0
201700028294,0017-01-17 10:15:00,17,1,17,10,15,440,162,"19, RUE DU LIEUTENANT MO",47.21161,-1.65401,Plein jour,En agglomération,Hors intersection,Normale,Autre collision,,,,,,,,,,,1,2,1,1.0,6.0
201700028295,0017-02-10 23:08:00,17,2,10,23,8,440,109,RUE PAUL BELLAMY,47.22057,-1.55517,Nuit avec éclairage allumé,En agglomération,Intersection en X,Normale,Autre collision,,,,,,,,,,,5,2,2,1.0,6.0
201700028296,0017-01-16 19:10:00,17,1,16,19,10,440,109,"85, ROUTE DE VANNES",47.23565,-1.58377,Nuit avec éclairage allumé,En agglomération,Hors intersection,Pluie légère,Autre collision,,,,,,,,,,,5,2,1,2.0,6.0
201700028297,0017-01-16 06:15:00,17,1,16,6,15,440,109,BOULEVARD ALBERT EINSTEI,47.26431,-1.57403,Nuit avec éclairage allumé,En agglomération,Giratoire,Pluie légère,Autre collision,,,,,,,,,,,5,2,6,2.0,6.0
201700028298,0017-02-09 17:15:00,17,2,9,17,15,440,114,AVENUE DE LA FERRIERE,47.24089,-1.59246,Plein jour,En agglomération,Hors intersection,Normale,Deux véhicules - côté,,,,,,,,,,,1,2,1,1.0,3.0
201700028299,0017-02-01 12:15:00,17,2,1,12,15,440,109,"43, RUE LITTRE",47.21728,-1.58275,Plein jour,En agglomération,Hors intersection,Pluie légère,Autre collision,,,,,,,,,,,1,2,1,2.0,6.0
201700028300,0017-02-19 16:45:00,17,2,19,16,45,440,109,"58-60, RUE DE LA MARRIER",47.23483,-1.52866,Plein jour,En agglomération,Hors intersection,Normale,Autre collision,,,,,,,,,,,1,2,1,1.0,6.0
201700028301,0017-02-10 08:25:00,17,2,10,8,25,440,109,BOULEVARD DES TRIBUNES,47.24615,-1.56593,Plein jour,En agglomération,Giratoire,Normale,Autre collision,,,,,,,,,,,1,2,6,1.0,6.0
201700028302,0017-02-06 14:09:00,17,2,6,14,9,440,109,RUE NOIRE,47.22608,-1.56277,Crépuscule ou aube,En agglomération,Hors intersection,Normale,Autre collision,,,,,,,,,,,2,2,1,1.0,6.0
201700028303,0017-02-09 17:10:00,17,2,9,17,10,440,162,PERIPH extérieur,47.21805,-1.6273,Plein jour,Hors agglomération,Hors intersection,Normale,Autre collision,,,,,,,,,,,1,1,1,1.0,6.0
201700028304,0017-02-05 05:30:00,17,2,5,5,30,440,109,ROUTE DE PARIS,47.25729,-1.50763,Nuit sans éclairage public,Hors agglomération,Hors intersection,Pluie légère,Autre collision,,,,,,,,,,,3,1,1,2.0,6.0
201700028305,0017-02-05 02:55:00,17,2,5,2,55,440,109,3 BD DE SARREBRUCK,47.21549,-1.52231,Nuit avec éclairage allumé,En agglomération,Hors intersection,Pluie légère,Autre collision,,,,,,,,,,,5,2,1,2.0,6.0
201700028306,0017-02-11 05:45:00,17,2,11,5,45,440,109,PLACE DU GARIGLIANO,47.19837,-1.60595,Nuit avec éclairage allumé,En agglomération,Hors intersection,Normale,Autre collision,,,,,,,,,,,5,2,1,1.0,6.0
201700028307,0017-02-19 19:10:00,17,2,19,19,10,440,109,"90, RUE PAUL BELLAMY",47.22616,-1.55974,Nuit avec éclairage allumé,En agglomération,Hors intersection,Normale,Autre collision,,,,,,,,,,,5,2,1,1.0,6.0
201700028308,0017-02-25 13:19:00,17,2,25,13,19,440,143,AVENUE DE LA LIBERATION,47.19163,-1.54864,Plein jour,En agglomération,Hors intersection,Normale,Autre collision,,,,,,,,,,,1,2,1,1.0,6.0
201700028309,0017-02-16 07:50:00,17,2,16,7,50,440,109,"68, BOULEVARD WINSTON CH",47.21022,-1.60978,Plein jour,En agglomération,Hors intersection,Normale,Autre collision,,,,,,,,,,,1,2,1,1.0,6.0
201700028310,0017-03-04 16:00:00,17,3,4,16,0,440,162,75,47.23125,-1.64891,Plein jour,Hors agglomération,Hors intersection,Temps couvert,Deux véhicules - arrière,,,,,,,,,,,1,1,1,8.0,2.0
201700028311,0017-02-07 15:20:00,17,2,7,15,20,440,162,BOULEVARD SALVADOR ALLEN,47.22225,-1.63937,Plein jour,En agglomération,Hors intersection,Normale,Autre collision,,,,,,,,,,,1,2,1,1.0,6.0
201700028312,0017-02-10 15:25:00,17,2,10,15,25,440,109,BOULEVARD DE LA BEAUJOIR,47.2589,-1.52545,Plein jour,En agglomération,Intersection en X,Normale,Autre collision,,,,,,,,,,,1,2,2,1.0,6.0
201700028313,0017-02-18 19:00:00,17,2,18,19,0,440,162,AVENUE LOUIS GUILLOUX,47.23439,-1.61741,Plein jour,Hors agglomération,Hors intersection,Normale,Sans collision,,,,,,,,,,,1,1,1,1.0,7.0
201700028314,0017-02-10 02:40:00,17,2,10,2,40,440,109,"115, BOULEVARD ROBERT SC",47.23872,-1.57124,Nuit avec éclairage allumé,En agglomération,Hors intersection,Normale,Autre collision,,,,,,,,,,,5,2,1,1.0,6.0
201700028315,0017-02-10 20:15:00,17,2,10,20,15,440,109,"179, BOULEVARD JULES VER",47.24504,-1.52538,Nuit avec éclairage allumé,En agglomération,Hors intersection,Normale,Autre collision,,,,,,,,,,,5,2,1,1.0,6.0
201700028316,0017-03-23 12:12:00,17,3,23,12,12,440,109,"20, RUE DESAIX",47.2275,-1.5446,Plein jour,En agglomération,Hors intersection,Normale,Autre collision,,,,,,,,,,,1,2,1,1.0,6.0
201700028317,0017-03-31 14:35:00,17,3,31,14,35,440,109,BLANC ( RUE LOUIS ),47.2065,-1.55496,Plein jour,En agglomération,Intersection en X,Normale,Autre collision,,,,,,,,,,,1,2,2,1.0,6.0
201700028318,0017-04-07 22:15:00,17,4,7,22,15,440,109,BOULEVARD EMILE GABORY,47.19968,-1.53342,Nuit avec éclairage allumé,En agglomération,Hors intersection,Normale,Sans collision,,,,,,,,,,,5,2,1,1.0,7.0
201700028319,0017-04-08 19:05:00,17,4,8,19,5,440,114,"184, ROUTE DE VANNES",47.2431,-1.59673,Plein jour,En agglomération,Hors intersection,Normale,Autre collision,,,,,,,,,,,1,2,1,1.0,6.0
201700028320,0017-03-07 18:15:00,17,3,7,18,15,440,109,BOULEVARD LELASSEUR,47.23242,-1.56777,Plein jour,En agglomération,Hors intersection,Normale,Autre collision,,,,,,,,,,,1,2,1,1.0,6.0
201700028321,0017-03-30 09:10:00,17,3,30,9,10,440,109,"107, LANDREAU ( RUE DU )",47.23354,-1.51101,Plein jour,En agglomération,Hors intersection,Normale,Autre collision,,,,,,,,,,,1,2,1,1.0,6.0