accident_id,datetime,annee,mois,jour,heure,minute,departement,commune_insee,adresse,latitude,longitude,luminosite,agglomeration,intersection,meteo,collision,nb_vehicules,nb_usagers,nb_indemnes,nb_tues,nb_blesses_hosp,nb_blesses_legers,age_cond_1,age_cond_2,veh_type_cond_1,veh_type_cond_2,lum_code,agg_code,int_code,atm_code,col_code
201700028444,0017-07-16 07:18:00,17,7,16,7,18,440,114,PLACE DU FORUM,47.25253,-1.61572,Crépuscule ou aube,En agglomération,Hors intersection,Temps éblouissant,Autre collision,,,,,,,,,,,2,2,1,7.0,6.0
201700028445,0017-07-06 17:15:00,17,7,6,17,15,440,109,PORTERIE (ST JOPEPH),47.26805,-1.52187,Plein jour,En agglomération,Hors intersection,Normale,Autre collision,,,,,,,,,,,1,2,1,1.0,6.0
201700028446,0017-07-28 07:00:00,17,7,28,7,0,440,190,RUE DU DOUET,47.19782,-1.5091,Crépuscule ou aube,En agglomération,Intersection en X,Normale,Autre collision,,,,,,,,,,,2,2,2,1.0,6.0
201700028447,0017-07-05 09:10:00,17,7,5,9,10,440,109,GESVRE(PTE PERIPH INTER.,47.26544,-1.56068,Plein jour,Hors agglomération,Hors intersection,Normale,Autre collision,,,,,,,,,,,1,1,1,1.0,6.0
201700028448,0017-09-06 01:00:00,17,9,6,1,0,440,109,"14, BOULEVARD ROBERT SCH",47.23432,-1.56676,Nuit avec éclairage allumé,En agglomération,Hors intersection,Normale,Autre collision,,,,,,,,,,,5,2,1,1.0,6.0
201700028449,0017-05-16 09:30:00,17,5,16,9,30,440,109,"12, BD DE STALINGRAD",47.21899,-1.53701,Plein jour,En agglomération,Hors intersection,Normale,Deux véhicules - côté,,,,,,,,,,,1,2,1,1.0,3.0
201700028450,0017-08-04 15:55:00,17,8,4,15,55,440,109,"77, ROUTE DE LA CHAPELLE",47.25926,-1.57524,Plein jour,En agglomération,Hors intersection,Pluie légère,Autre collision,,,,,,,,,,,1,2,1,2.0,6.0
201700028451,0017-08-21 17:50:00,17,8,21,17,50,440,162,RUE ADOLPHE BOUCHAUD,47.21048,-1.64862,Plein jour,En agglomération,Hors intersection,Normale,Autre collision,,,,,,,,,,,1,2,1,1.0,6.0
201700028452,0017-08-30 17:50:00,17,8,30,17,50,440,109,RUE HECTOR BERLIOZ,47.23975,-1.57739,Plein jour,En agglomération,Intersection en X,Normale,Deux véhicules - côté,,,,,,,,,,,1,2,2,1.0,3.0
201700028453,0017-08-04 19:50:00,17,8,4,19,50,440,190,RUE DE LA GRANDE PIECE,47.19787,-1.50932,Crépuscule ou aube,En agglomération,Hors intersection,Normale,Sans collision,,,,,,,,,,,2,2,1,1.0,7.0
201700028454,0017-08-30 11:15:00,17,8,30,11,15,440,109,"90, RUE DES HAUTS PAVES",47.2272,-1.56952,Plein jour,En agglomération,Hors intersection,Pluie légère,Autre collision,,,,,,,,,,,1,2,1,2.0,6.0
201700028455,0017-08-12 11:00:00,17,8,12,11,0,440,109,"22, BOULEVARD DU TERTRE",47.22055,-1.60323,Plein jour,En agglomération,Hors intersection,Pluie légère,Autre collision,,,,,,,,,,,1,2,1,2.0,6.0
201700028456,0017-08-28 16:00:00,17,8,28,16,0,440,109,"78, ROUTE DE RENNES",47.25361,-1.57612,Plein jour,En agglomération,Intersection en X,Normale,Autre collision,,,,,,,,,,,1,2,2,1.0,6.0
201700028457,0017-08-19 20:30:00,17,8,19,20,30,440,109,"11, RUE DE LA COULEE",47.2599,-1.57642,Crépuscule ou aube,En agglomération,Hors intersection,Normale,Autre collision,,,,,,,,,,,2,2,1,1.0,6.0
201700028458,0017-08-08 08:30:00,17,8,8,8,30,440,162,BOULEVARD MARCEL PAUL,47.22898,-1.63203,Plein jour,En agglomération,Hors intersection,Normale,Autre collision,,,,,,,,,,,1,2,1,1.0,6.0
201700028459,0017-08-17 17:05:00,17,8,17,17,5,440,109,"1, BOULEVARD DU MASSACRE",47.22762,-1.59962,Plein jour,En agglomération,Hors intersection,Normale,Autre collision,,,,,,,,,,,1,2,1,1.0,6.0
201700028460,0017-08-31 11:55:00,17,8,31,11,55,440,109,"6 BIS, BOULEVARD PASTEUR",47.21241,-1.57988,Plein jour,En agglomération,Hors intersection,Normale,Autre collision,,,,,,,,,,,1,2,1,1.0,6.0
201700028461,0017-08-26 10:55:00,17,8,26,10,55,440,109,RUE GASTON VEIL,47.20934,-1.5555,Plein jour,En agglomération,Hors intersection,Normale,Autre collision,,,,,,,,,,,1,2,1,1.0,6.0
201700028462,0017-08-31 08:00:00,17,8,31,8,0,440,162,QUAI EMILE CORMERAIS,47.19426,-1.63776,Plein jour,En agglomération,Hors intersection,Normale,Autre collision,,,,,,,,,,,1,2,1,1.0,6.0
201700028463,0017-09-18 16:05:00,17,9,18,16,5,440,109,RUE LOUIS GUIOTTON,47.24346,-1.5232,Plein jour,En agglomération,Intersection en X,Normale,Autre collision,,,,,,,,,,,1,2,2,1.0,6.0
201700028464,0017-09-27 09:10:00,17,9,27,9,10,440,109,"107, BD SAINT AIGNAN",47.20514,-1.58014,Plein jour,En agglomération,Hors intersection,Normale,Autre collision,,,,,,,,,,,1,2,1,1.0,6.0
201700028465,0017-09-08 17:10:00,17,9,8,17,10,440,109,ROUTE DE RENNES,47.26152,-1.58275,Plein jour,En agglomération,Hors intersection,Normale,Autre collision,,,,,,,,,,,1,2,1,1.0,6.0
201700028466,0017-09-03 18:30:00,17,9,3,18,30,440,114,PERIPHERIQUE ROUTIER,47.26256,-1.61003,Plein jour,En agglomération,Hors intersection,Pluie légère,Trois véhicules et plus - en chaîne,,,,,,,,,,,1,2,1,2.0,4.0
201700028467,0017-09-22 09:25:00,17,9,22,9,25,440,162,"321, ROUTE DE VANNES",47.2463,-1.60401,Plein jour,En agglomération,Hors intersection,Normale,Autre collision,,,,,,,,,,,1,2,1,1.0,6.0
201700028468,0017-09-12 11:15:00,17,9,12,11,15,440,190,"40B, RUE LT MARTY",47.19612,-1.52362,Plein jour,En agglomération,Hors intersection,Normale,Sans collision,,,,,,,,,,,1,2,1,1.0,7.0
201700028469,0017-09-24 17:00:00,17,9,24,17,0,440,109,"493, ROUTE DE ST JOSEPH",47.27014,-1.51927,Plein jour,En agglomération,Hors intersection,Normale,Deux véhicules - côté,,,,,,,,,,,1,2,1,1.0,3.0
201700028470,0017-10-06 13:56:00,17,10,6,13,56,440,109,"7, BOULEVARD ALLARD",47.21183,1.57834,Plein jour,En agglomération,Hors intersection,Normale,Deux véhicules - côté,,,,,,,,,,,1,2,1,1.0,3.0
201700028471,0017-09-08 17:00:00,17,9,8,17,0,440,109,RUE DE LA GRANGE AU LOUP,47.26587,-1.52335,Plein jour,En agglomération,Hors intersection,Normale,Deux véhicules - arrière,,,,,,,,,,,1,2,1,1.0,2.0
201700028472,0017-09-07 23:05:00,17,9,7,23,5,440,109,"161, BOULEVARD JULES VER",47.24358,-1.52718,Nuit avec éclairage allumé,En agglomération,Hors intersection,Normale,Autre collision,,,,,,,,,,,5,2,1,1.0,6.0
201700028473,0017-11-01 23:52:00,17,11,1,23,52,440,109,CARQUEFOU ( ROUTE DE ),47.26941,-1.51161,Nuit avec éclairage allumé,En agglomération,Intersection en T,Normale,Sans collision,,,,,,,,,,,5,2,3,1.0,7.0
201700028474,0017-09-14 09:10:00,17,9,14,9,10,440,109,QUAI DE LA FOSSE,47.20967,-1.5652,Plein jour,En agglomération,Hors intersection,Normale,Deux véhicules - côté,,,,,,,,,,,1,2,1,1.0,3.0
201700028475,0017-09-16 07:45:00,17,9,16,7,45,440,162,AVENUE DE L'ANGEVINIERE,47.24519,-1.61347,Plein jour,En agglomération,Hors intersection,Normale,Deux véhicules - côté,,,,,,,,,,,1,2,1,1.0,3.0
201700028476,0017-09-23 10:30:00,17,9,23,10,30,440,109,"2, RUE HONORE BROUTELLE",47.22648,-1.529,Plein jour,En agglomération,Hors intersection,Normale,Autre collision,,,,,,,,,,,1,2,1,1.0,6.0
201700028477,0017-09-26 21:30:00,17,9,26,21,30,440,109,"56, RUE GASTON TURPIN",47.22165,-1.56467,Nuit sans éclairage public,En agglomération,Hors intersection,Autre,Autre collision,,,,,,,,,,,3,2,1,9.0,6.0
201700028478,0017-09-19 09:15:00,17,9,19,9,15,440,109,"145, BD DES BELGES",47.23508,-1.54564,Plein jour,En agglomération,Hors intersection,Temps éblouissant,Autre collision,,,,,,,,,,,1,2,1,7.0,6.0
201700028479,0017-09-23 15:20:00,17,9,23,15,20,440,114,RUE DU COMMANDANT CHARCO,47.25581,-1.62004,Plein jour,En agglomération,Hors intersection,Normale,Deux véhicules - côté,,,,,,,,,,,1,2,1,1.0,3.0
201700028480,0017-09-12 18:10:00,17,9,12,18,10,440,109,"162, RENNES ( ROUTE DE )",47.25919,-1.58085,Plein jour,En agglomération,Hors intersection,Normale,Deux véhicules - arrière,,,,,,,,,,,1,2,1,1.0,2.0
201700028481,0017-10-23 11:00:00,17,10,23,11,0,440,109,RUE PABLO PICASSO,47.21515,-1.5365,Plein jour,En agglomération,Hors intersection,Normale,Autre collision,,,,,,,,,,,1,2,1,1.0,6.0
201700028482,0017-10-28 22:00:00,17,10,28,22,0,440,114,AVENUE DE LA FERRIERE,47.24233,-1.59191,Nuit avec éclairage allumé,En agglomération,Hors intersection,Normale,Deux véhicules - côté,,,,,,,,,,,5,2,1,1.0,3.0
201700028483,0017-10-01 17:00:00,17,10,1,17,0,440,109,RUE DE LA MARSEILLAISE,47.20737,-1.59302,Plein jour,En agglomération,Hors intersection,Pluie légère,Autre collision,,,,,,,,,,,1,2,1,2.0,6.0
201700028484,0017-10-05 07:00:00,17,10,5,7,0,440,109,"38, BD SALVADOR ALLENDE",47.20685,-1.57468,Plein jour,En agglomération,Hors intersection,Normale,Deux véhicules - arrière,,,,,,,,,,,1,2,1,1.0,2.0
201700028485,0017-10-13 15:30:00,17,10,13,15,30,440,109,BD GENERAL DE GAULLE,47.20586,-1.53846,Plein jour,En agglomération,Hors intersection,Normale,Deux véhicules - arrière,,,,,,,,,,,1,2,1,1.0,2.0
201700028486,0017-10-06 20:15:00,17,10,6,20,15,440,109,PERIPHERIQUE,47.26229,-1.5574,Nuit sans éclairage public,En agglomération,Hors intersection,Normale,Autre collision,,,,,,,,,,,3,2,1,1.0,6.0
201700028487,0017-10-02 22:11:00,17,10,2,22,11,440,162,"26, RUE DE SAINT NAZAIRE",47.21156,-1.61491,Nuit avec éclairage allumé,En agglomération,Hors intersection,Normale,Autre collision,,,,,,,,,,,5,2,1,1.0,6.0
201700028488,0017-10-15 02:10:00,17,10,15,2,10,440,109,BOULEVARD DU PETIT PORT,47.24194,-1.55636,Nuit avec éclairage allumé,En agglomération,Hors intersection,Normale,Deux véhicules - côté,,,,,,,,,,,5,2,1,1.0,3.0
201700028489,0017-10-13 16:00:00,17,10,13,16,0,440,109,COURS DES 50 OTAGES,47.21595,-1.55644,Plein jour,En agglomération,Hors intersection,Normale,Sans collision,,,,,,,,,,,1,2,1,1.0,7.0
201700028490,0017-10-12 11:00:00,17,10,12,11,0,440,143,RUE DU MOULIN GUIBRETEAU,47.16726,-1.54149,Plein jour,En agglomération,Hors intersection,Normale,Deux véhicules - côté,,,,,,,,,,,1,2,1,1.0,3.0
201700028491,0017-10-19 08:00:00,17,10,19,8,0,440,190,RUE DE LA BAUGERIE,47.20501,-1.51648,Crépuscule ou aube,En agglomération,Hors intersection,Normale,Autre collision,,,,,,,,,,,2,2,1,1.0,6.0
201700028492,0017-10-07 16:30:00,17,10,7,16,30,440,114,AVENUE DE LA MORLIERE,47.24694,-1.60319,Plein jour,En agglomération,Hors intersection,Normale,Autre collision,,,,,,,,,,,1,2,1,1.0,6.0
201700028493,0017-10-24 10:50:00,17,10,24,10,50,440,109,RUE COLONEL DESGREES DU,47.21511,-1.57476,Plein jour,En agglomération,Hors intersection,Normale,Autre collision,,,,,,,,,,,1,2,1,1.0,6.0
201700028494,0017-10-12 15:40:00,17,10,12,15,40,440,162,AVENUE DE L'ANGEVINIERE,47.24535,-1.60977,Plein jour,En agglomération,Hors intersection,Normale,Autre collision,,,,,,,,,,,1,2,1,1.0,6.0
201700028495,0017-10-05 10:45:00,17,10,5,10,45,440,162,BD SALVADOR ALLENDE,47.2066,-1.57828,Plein jour,En agglomération,Hors intersection,Normale,Autre collision,,,,,,,,,,,1,2,1,1.0,6.0
201700028496,0017-10-07 08:35:00,17,10,7,8,35,440,109,RUE DU PERRAY,47.25218,-1.51697,Plein jour,En agglomération,Intersection en T,Normale,Autre collision,,,,,,,,,,,1,2,3,1.0,6.0
201700028497,0017-10-29 01:35:00,17,10,29,1,35,440,109,RUE DE LA VERRERIE,47.20981,-1.56655,Nuit avec éclairage allumé,En agglomération,Hors intersection,Normale,Autre collision,,,,,,,,,,,5,2,1,1.0,6.0
201700028498,0017-10-30 14:45:00,17,10,30,14,45,440,109,"32, BOULEVARD JULES VERN",47.23591,-1.53417,Plein jour,En agglomération,Hors intersection,Normale,Deux véhicules - côté,,,,,,,,,,,1,2,1,1.0,3.0
201700028499,0017-10-23 18:45:00,17,10,23,18,45,440,114,PERIPHERIQUE exterieur,47.26579,-1.60041,Nuit sans éclairage public,En agglomération,Hors intersection,Autre,Autre collision,,,,,,,,,,,3,2,1,9.0,6.0
201700028500,0017-10-08 06:10:00,17,10,8,6,10,440,109,QUAI DE LA FOSSE,47.20931,-1.56655,Nuit avec éclairage non allumé,En agglomération,Intersection en T,Normale,Autre collision,,,,,,,,,,,4,2,3,1.0,6.0
201700028501,0017-10-01 20:15:00,17,10,1,20,15,440,114,"170, ROUTE DE VANNES",47.24051,-1.59179,Nuit avec éclairage allumé,En agglomération,Hors intersection,Pluie légère,Autre collision,,,,,,,,,,,5,2,1,2.0,6.0
201700028502,0017-10-21 14:00:00,17,10,21,14,0,440,162,BOULEVARD DU MASSACRE,47.23343,-1.59018,Plein jour,En agglomération,Hors intersection,Normale,Deux véhicules - côté,,,,,,,,,,,1,2,1,1.0,3.0
201700028503,0017-10-31 20:10:00,17,10,31,20,10,440,109,"221, BOULEVARD ROBERT SC",47.24594,-1.57672,Nuit avec éclairage allumé,En agglomération,Hors intersection,Normale,Deux véhicules - arrière,,,,,,,,,,,5,2,1,1.0,2.0
201700028504,0017-10-28 12:30:00,17,10,28,12,30,440,109,BOULEVARD ROBERT SCHUMAN,47.2429,-1.57447,Plein jour,En agglomération,Hors intersection,Normale,Autre collision,,,,,,,,,,,1,2,1,1.0,6.0
201700028505,0017-11-17 09:10:00,17,11,17,9,10,440,109,"14, RUE LA NOUE BRAS DE",47.20724,-1.55888,Plein jour,En agglomération,Hors intersection,Normale,Deux véhicules - arrière,,,,,,,,,,,1,2,1,1.0,2.0
201700028506,0017-11-17 18:05:00,17,11,17,18,5,440,109,RUE FELIX EBOUE,47.21145,-1.55918,Nuit avec éclairage allumé,En agglomération,Hors intersection,Normale,Autre collision,,,,,,,,,,,5,2,1,1.0,6.0
201700028507,0017-11-14 23:07:00,17,11,14,23,7,440,109,BD DE LA CHAUVINIERE,47.25068,-1.57013,Nuit avec éclairage allumé,En agglomération,Hors intersection,Normale,Deux véhicules - arrière,,,,,,,,,,,5,2,1,1.0,2.0
201700028508,0017-11-16 14:45:00,17,11,16,14,45,440,162,"277, ROUTE DE VANNES",47.2345,-1.58149,Plein jour,En agglomération,Hors intersection,Normale,Deux véhicules - côté,,,,,,,,,,,1,2,1,1.0,3.0
201700028509,0017-11-17 20:00:00,17,11,17,20,0,440,109,BOULEVARD VICTOR HUGO,47.20371,-1.55139,Nuit avec éclairage allumé,En agglomération,Hors intersection,Normale,Deux véhicules - frontale,,,,,,,,,,,5,2,1,1.0,1.0
201700028510,0017-11-14 16:10:00,17,11,14,16,10,440,114,ROUTE DE VANNES,47.25065,-1.61813,Plein jour,En agglomération,Hors intersection,Autre,Autre collision,,,,,,,,,,,1,2,1,9.0,6.0
201700028511,0017-11-23 07:55:00,17,11,23,7,55,440,162,ROUTE DE VANNES,47.25081,-1.62021,Plein jour,En agglomération,Hors intersection,Pluie légère,Autre collision,,,,,,,,,,,1,2,1,2.0,6.0
201700028512,0017-10-21 15:00:00,17,10,21,15,0,440,109,"14, ROUTE DE PARIS",47.25116,-1.51791,Plein jour,En agglomération,Hors intersection,Autre,Autre collision,,,,,,,,,,,1,2,1,9.0,6.0
201700028513,0017-11-02 18:50:00,17,11,2,18,50,440,109,BOULEVARD DE SEATTLE,47.21983,-1.51656,Nuit sans éclairage public,En agglomération,Hors intersection,Normale,Autre collision,,,,,,,,,,,3,2,1,1.0,6.0
201700028514,0017-11-16 18:25:00,17,11,16,18,25,440,109,RUE PREFET BONNEFOY,47.2222,-1.54898,Nuit sans éclairage public,En agglomération,Giratoire,Autre,Autre collision,,,,,,,,,,,3,2,6,9.0,6.0
201700028515,0017-11-25 17:15:00,17,11,25,17,15,440,109,"35, BOULEVARD DE LA CHAU",47.25231,-1.57211,Crépuscule ou aube,En agglomération,Intersection en T,Normale,Autre collision,,,,,,,,,,,2,2,3,1.0,6.0
201700028516,0017-11-03 18:30:00,17,11,3,18,30,440,190,RUE DE LA PYRAMIDE,47.20421,-1.48503,Crépuscule ou aube,En agglomération,Hors intersection,Normale,Autre collision,,,,,,,,,,,2,2,1,1.0,6.0
201700028517,0017-12-31 12:50:00,17,12,31,12,50,440,184,"14, COMMERCE (PLACE DU)",47.28072,-2.214,Plein jour,En agglomération,Hors intersection,Normale,Sans collision,,,,,,,,,,,1,2,1,1.0,7.0
201700028518,0017-01-01 19:45:00,17,1,1,19,45,440,184,RD 492 DU PONT BD HâPITA,47.28219,-2.24897,Nuit sans éclairage public,Hors agglomération,Autre intersection,Pluie légère,Sans collision,,,,,,,,,,,3,1,9,2.0,7.0
201700028519,0017-01-01 19:30:00,17,1,1,19,30,440,184,LAENNEC (BD DU DR REN),47.26993,-2.23921,Nuit avec éclairage allumé,En agglomération,Giratoire,Autre,Deux véhicules - côté,,,,,,,,,,,5,2,6,9.0,3.0
201700028520,0017-01-09 05:45:00,17,1,9,5,45,440,184,APPRENTIS (BOULEVARD DES,47.29301,-2.18666,Nuit avec éclairage allumé,En agglomération,Hors intersection,Brouillard / fumée,Deux véhicules - frontale,,,,,,,,,,,5,2,1,5.0,1.0
201700028521,0017-01-09 07:15:00,17,1,9,7,15,440,184,MAUPERTUIS (BD DE) DU 01,47.27934,-2.23152,Nuit avec éclairage allumé,En agglomération,Intersection en X,Brouillard / fumée,Autre collision,,,,,,,,,,,5,2,2,5.0,6.0
201700028522,0017-01-11 14:45:00,17,1,11,14,45,440,184,VERNE (RUE JULES),47.29614,-2.19214,Plein jour,En agglomération,Intersection en X,Normale,Deux véhicules - côté,,,,,,,,,,,1,2,2,1.0,3.0
201700028523,0017-01-25 16:50:00,17,1,25,16,50,440,184,VIEILLE VILLE (AVENUE DE,47.27243,-2.20021,Plein jour,En agglomération,Intersection en X,Normale,Deux véhicules - côté,,,,,,,,,,,1,2,2,1.0,3.0
201700028524,0017-02-10 13:10:00,17,2,10,13,10,440,184,PARE (RUE AMBROISE),47.26191,-2.23811,Plein jour,En agglomération,Intersection en T,Normale,Autre collision,,,,,,,,,,,1,2,3,1.0,6.0
201700028525,0017-02-10 13:40:00,17,2,10,13,40,440,184,GIRAUDOUX (RUE JEAN),47.28589,-2.22033,Plein jour,En agglomération,Intersection en X,Normale,Deux véhicules - côté,,,,,,,,,,,1,2,2,1.0,3.0
201700028526,0017-02-11 19:00:00,17,2,11,19,0,440,184,RD 492 DU RP EINSTEIN AU,47.26469,-2.25755,Nuit avec éclairage allumé,En agglomération,Hors intersection,Pluie légère,Sans collision,,,,,,,,,,,5,2,1,2.0,7.0
201700028527,0017-02-12 18:45:00,17,2,12,18,45,440,184,RD 213,47.28246,-2.27837,Crépuscule ou aube,Hors agglomération,Hors intersection,Pluie légère,Autre collision,,,,,,,,,,,2,1,1,2.0,6.0
201700028528,0017-02-14 11:40:00,17,2,14,11,40,440,184,"78, BUISSON (RUE FERDINA",47.25735,-2.23964,Plein jour,En agglomération,Intersection en T,Normale,Deux véhicules - frontale,,,,,,,,,,,1,2,3,1.0,1.0
201700028529,0017-02-15 18:00:00,17,2,15,18,0,440,184,MOULIN DE LA BUTTE (BOUL,47.28631,-2.21528,Crépuscule ou aube,En agglomération,Hors intersection,Normale,Deux véhicules - arrière,,,,,,,,,,,2,2,1,1.0,2.0
201700028530,0017-02-18 16:30:00,17,2,18,16,30,440,184,"38, VECQUERIE (RUE DE LA",47.25704,-2.25643,Plein jour,En agglomération,Hors intersection,Normale,Sans collision,,,,,,,,,,,1,2,1,1.0,7.0
201700028531,0017-02-21 11:05:00,17,2,21,11,5,440,184,LESSEPS (AVENUE DE) DU 4,47.27286,-2.21855,Plein jour,En agglomération,Intersection en T,Normale,Deux véhicules - arrière,,,,,,,,,,,1,2,3,1.0,2.0
201700028532,0017-02-23 12:50:00,17,2,23,12,50,440,184,DERMURIE (RUE DE LA),47.28334,-2.20718,Plein jour,En agglomération,Intersection en X,Normale,Deux véhicules - côté,,,,,,,,,,,1,2,2,1.0,3.0
201700028533,0017-02-25 20:15:00,17,2,25,20,15,440,184,COTE D'AMOUR (RTE DE LA),47.26261,-2.23881,Nuit avec éclairage allumé,En agglomération,Hors intersection,Normale,Deux véhicules - arrière,,,,,,,,,,,5,2,1,1.0,2.0
201700028534,0017-03-13 15:35:00,17,3,13,15,35,440,184,BAGUET (CHEMIN DU),47.28912,-2.25986,Plein jour,En agglomération,Hors intersection,Normale,Deux véhicules - côté,,,,,,,,,,,1,2,1,1.0,3.0
201700028535,0017-03-14 14:00:00,17,3,14,14,0,440,184,COTE D'AMOUR (RTE DE LA),47.26262,-2.23882,Plein jour,En agglomération,Hors intersection,Normale,Autre collision,,,,,,,,,,,1,2,1,1.0,6.0
201700028536,0017-03-20 14:00:00,17,3,20,14,0,440,184,"49, LESSEPS (AVENUE DE)",47.2715,-2.21866,Plein jour,En agglomération,Giratoire,Normale,Autre collision,,,,,,,,,,,1,2,6,1.0,6.0
201700028537,0017-03-20 14:00:00,17,3,20,14,0,440,184,RD 213,47.28756,-2.24515,Plein jour,Hors agglomération,Hors intersection,Normale,Trois véhicules et plus - collisions multiples,,,,,,,,,,,1,1,1,1.0,5.0
201700028538,0017-03-23 10:00:00,17,3,23,10,0,440,184,RD 213,47.29141,-2.23128,Plein jour,Hors agglomération,Intersection en T,Normale,Deux véhicules - frontale,,,,,,,,,,,1,1,3,1.0,1.0
201700028539,0017-03-23 15:20:00,17,3,23,15,20,440,184,RENAISSANCE (BOULEVARD D,47.28336,-2.2156,Plein jour,En agglomération,Intersection en X,Pluie légère,Deux véhicules - côté,,,,,,,,,,,1,2,2,2.0,3.0
201700028540,0017-04-15 17:00:00,17,4,15,17,0,440,184,POINT DU JOUR (ROUTE DU),47.29261,-2.2753,Plein jour,En agglomération,Intersection en X,Normale,Deux véhicules - côté,,,,,,,,,,,1,2,2,1.0,3.0
201700028541,0017-04-21 16:40:00,17,4,21,16,40,440,184,ALBERT I (BOULEVARD) DU,47.2683,-2.21733,Plein jour,En agglomération,Hors intersection,Temps éblouissant,Sans collision,,,,,,,,,,,1,2,1,7.0,7.0
201700028542,0017-04-21 16:55:00,17,4,21,16,55,440,184,LAITERIE (ROUTE DE LA),47.29575,-2.2553,Plein jour,Hors agglomération,Hors intersection,Normale,Deux véhicules - côté,,,,,,,,,,,1,1,1,1.0,3.0
201700028543,0017-05-03 16:45:00,17,5,3,16,45,440,184,GAVY (ROUTE DE),47.25237,-2.26138,Plein jour,En agglomération,Intersection en T,Normale,Deux véhicules - côté,,,,,,,,,,,1,2,3,1.0,3.0
201700028544,0017-05-15 06:15:00,17,5,15,6,15,440,184,COTE D'AMOUR (RTE DE LA),47.2579,-2.2531,Crépuscule ou aube,En agglomération,Intersection en X,Normale,Deux véhicules - côté,,,,,,,,,,,2,2,2,1.0,3.0
201700028545,0017-05-15 16:50:00,17,5,15,16,50,440,184,"75, ANJOU (RUE D') DU 51",47.27829,-2.20971,Plein jour,En agglomération,Intersection en X,Normale,Deux véhicules - frontale,,,,,,,,,,,1,2,2,1.0,1.0
201700028546,0017-05-18 10:30:00,17,5,18,10,30,440,184,MYOSOTIS (ALLEE DES),47.26324,-2.24347,Plein jour,En agglomération,Intersection en T,Normale,Autre collision,,,,,,,,,,,1,2,3,1.0,6.0
201700028547,0017-06-02 17:55:00,17,6,2,17,55,440,184,"8, GAUTIER (RUE HENRI) D",47.274,-2.206,Plein jour,En agglomération,Hors intersection,Normale,Autre collision,,,,,,,,,,,1,2,1,1.0,6.0
201700028548,0017-06-08 17:25:00,17,6,8,17,25,440,184,RD 213,47.28866,-2.24335,Plein jour,Hors agglomération,Hors intersection,Normale,Trois véhicules et plus - en chaîne,,,,,,,,,,,1,1,1,1.0,4.0
201700028549,0017-06-09 10:25:00,17,6,9,10,25,440,184,"176, BROODCOORENS (RUE)",47.27012,-2.24475,Plein jour,En agglomération,Hors intersection,Normale,Sans collision,,,,,,,,,,,1,2,1,1.0,7.0
201700028550,0017-06-10 22:45:00,17,6,10,22,45,440,184,GRENAPIN (RUE PITRE),47.25651,-2.25951,Nuit avec éclairage allumé,En agglomération,Intersection en X,Normale,Deux véhicules - côté,,,,,,,,,,,5,2,2,1.0,3.0
201700028551,0017-06-12 19:40:00,17,6,12,19,40,440,184,RD 213,47.29075,-2.23457,Plein jour,En agglomération,Hors intersection,Normale,Deux véhicules - arrière,,,,,,,,,,,1,2,1,1.0,2.0
201700028552,0017-06-23 18:49:00,17,6,23,18,49,440,184,HIPPODROME (RUE DE L'),47.27527,-2.22058,Plein jour,En agglomération,Intersection en X,Normale,Autre collision,,,,,,,,,,,1,2,2,1.0,6.0
201700028553,0017-07-03 18:30:00,17,7,3,18,30,440,184,"9, ALBERT I (BOULEVARD)",47.25746,-2.22814,Plein jour,En agglomération,Hors intersection,Normale,Autre collision,,,,,,,,,,,1,2,1,1.0,6.0
201700028554,0017-07-04 16:30:00,17,7,4,16,30,440,184,"1, COTE D'AMOUR (RTE DE",47.26261,-2.23881,Plein jour,En agglomération,Hors intersection,Normale,Deux véhicules - arrière,,,,,,,,,,,1,2,1,1.0,2.0
201700028555,0017-07-06 19:45:00,17,7,6,19,45,440,184,TREBALE (ROUTE DE),47.26482,-2.2433,Plein jour,En agglomération,Giratoire,Normale,Deux véhicules - côté,,,,,,,,,,,1,2,6,1.0,3.0
201700028556,0017-07-08 16:05:00,17,7,8,16,5,440,184,GRENAPIN (RUE PITRE),47.26191,-2.25753,Plein jour,En agglomération,Intersection en T,Normale,Deux véhicules - côté,,,,,,,,,,,1,2,3,1.0,3.0
201700028557,0017-07-17 17:00:00,17,7,17,17,0,440,184,RD 492 DU RP EINSTEIN AU,47.2667,-2.2547,Plein jour,En agglomération,Hors intersection,Normale,Trois véhicules et plus - en chaîne,,,,,,,,,,,1,2,1,1.0,4.0
201700028558,0017-07-10 08:40:00,17,7,10,8,40,440,184,BOURDELLE (AVENUE ANTOIN,47.28732,-2.19368,Plein jour,En agglomération,Hors intersection,Normale,Sans collision,,,,,,,,,,,1,2,1,1.0,7.0
201700028559,0017-08-06 06:00:00,17,8,6,6,0,440,184,CHATONEY (AVENUE DE),47.28504,-2.19558,Crépuscule ou aube,Hors agglomération,Hors intersection,Normale,Sans collision,,,,,,,,,,,2,1,1,1.0,7.0
201700028560,0017-08-13 15:20:00,17,8,13,15,20,440,184,GRENAPIN (RUE PITRE),47.2596,-2.259,Plein jour,En agglomération,Intersection en X,Normale,Autre collision,,,,,,,,,,,1,2,2,1.0,6.0
201700028561,0017-08-24 19:40:00,17,8,24,19,40,440,184,"118, HOPITAL (BOULEVARD",47.2783,-2.2396,Plein jour,En agglomération,Intersection en T,Normale,Deux véhicules - frontale,,,,,,,,,,,1,2,3,1.0,1.0
201700028562,0017-08-31 21:09:00,17,8,31,21,9,440,184,MUN (RUE ALBERT DE) DU 5,47.27834,-2.20972,Crépuscule ou aube,En agglomération,Intersection en X,Normale,Deux véhicules - côté,,,,,,,,,,,2,2,2,1.0,3.0