accident_id,datetime,annee,mois,jour,heure,minute,departement,commune_insee,adresse,latitude,longitude,luminosite,agglomeration,intersection,meteo,collision,nb_vehicules,nb_usagers,nb_indemnes,nb_tues,nb_blesses_hosp,nb_blesses_legers,age_cond_1,age_cond_2,veh_type_cond_1,veh_type_cond_2,lum_code,agg_code,int_code,atm_code,col_code
201700028563,0017-09-06 06:50:00,17,9,6,6,50,440,184,PRE HEMBERT (ROUTE DU),47.2707,-2.25695,Nuit sans éclairage public,Hors agglomération,Intersection en T,Normale,Deux véhicules - côté,,,,,,,,,,,3,1,3,1.0,3.0
201700028564,0017-09-10 07:45:00,17,9,10,7,45,440,184,JAURES (RUE JEAN),47.28009,-2.21498,Plein jour,En agglomération,Intersection en T,Normale,Deux véhicules - côté,,,,,,,,,,,1,2,3,1.0,3.0
201700028565,0017-09-15 18:05:00,17,9,15,18,5,440,184,CHAILLON (RUE ETIENNE),47.297,-2.19,Plein jour,En agglomération,Intersection en X,Normale,Deux véhicules - côté,,,,,,,,,,,1,2,2,1.0,3.0
201700028566,0017-09-18 09:30:00,17,9,18,9,30,440,184,"58, PASSOUER (ROUTE DU)",47.2873,-2.2751,Plein jour,Hors agglomération,Hors intersection,Normale,Deux véhicules - frontale,,,,,,,,,,,1,1,1,1.0,1.0
201700028567,0017-09-22 20:00:00,17,9,22,20,0,440,184,RD 213,47.28611,-2.25216,Crépuscule ou aube,Hors agglomération,Hors intersection,Normale,Deux véhicules - arrière,,,,,,,,,,,2,1,1,1.0,2.0
201700028568,0017-09-27 14:00:00,17,9,27,14,0,440,184,RENAISSANCE (BOULEVARD D,47.28346,-2.21564,Plein jour,En agglomération,Intersection en X,Normale,Deux véhicules - côté,,,,,,,,,,,1,2,2,1.0,3.0
201700028569,0017-09-30 22:25:00,17,9,30,22,25,440,184,ZOLA (BOULEVARD EMILE),47.303,-2.184,Nuit avec éclairage allumé,En agglomération,Hors intersection,Normale,Deux véhicules - côté,,,,,,,,,,,5,2,1,1.0,3.0
201700028570,0017-10-08 09:00:00,17,10,8,9,0,440,184,ETANG (ROUTE DE L'),47.2904,-2.2658,Plein jour,En agglomération,Intersection en X,Pluie légère,Deux véhicules - côté,,,,,,,,,,,1,2,2,2.0,3.0
201700028571,0017-10-09 16:45:00,17,10,9,16,45,440,184,EINSTEIN (RUE ALBERT),47.26433,-2.25756,Plein jour,En agglomération,Hors intersection,Normale,Deux véhicules - côté,,,,,,,,,,,1,2,1,1.0,3.0
201700028572,0017-10-10 17:05:00,17,10,10,17,5,440,184,HAUT ROCHER (ROUTE DU),47.26535,-2.26772,Plein jour,En agglomération,Giratoire,Normale,Deux véhicules - côté,,,,,,,,,,,1,2,6,1.0,3.0
201700028573,0017-10-13 17:55:00,17,10,13,17,55,440,184,HOPITAL (BOULEVARD DE L',47.278,-2.238,Plein jour,En agglomération,Hors intersection,Normale,Deux véhicules - arrière,,,,,,,,,,,1,2,1,1.0,2.0
201700028574,0017-10-13 18:30:00,17,10,13,18,30,440,184,SALENGRO (RUE ROGER) DU,47.27815,-2.2085,Crépuscule ou aube,En agglomération,Intersection en X,Normale,Deux véhicules - côté,,,,,,,,,,,2,2,2,1.0,3.0
201700028575,0017-10-14 20:30:00,17,10,14,20,30,440,184,"32, RENOIR (RUE AUGUSTE)",47.2901,-2.2196,Nuit avec éclairage allumé,En agglomération,Intersection en T,Normale,Deux véhicules - côté,,,,,,,,,,,5,2,3,1.0,3.0
201700028576,0017-10-16 15:10:00,17,10,16,15,10,440,184,RD 213,47.2836,-2.29037,Plein jour,Hors agglomération,Hors intersection,Temps couvert,Deux véhicules - arrière,,,,,,,,,,,1,1,1,8.0,2.0
201700028577,0017-10-17 17:45:00,17,10,17,17,45,440,184,REPUBLIQUE (AVENUE DE LA,47.287,-2.209,Plein jour,En agglomération,Hors intersection,Normale,Autre collision,,,,,,,,,,,1,2,1,1.0,6.0
201700028578,0017-10-20 17:30:00,17,10,20,17,30,440,184,MICHEL ANGE (RUE),47.26503,-2.26766,Plein jour,En agglomération,Hors intersection,Normale,Sans collision,,,,,,,,,,,1,2,1,1.0,7.0
201700028579,0017-10-21 18:05:00,17,10,21,18,5,440,184,PERRIN (BOULEVARD PAUL),47.2835,-2.2157,Plein jour,En agglomération,Intersection en X,Pluie légère,Deux véhicules - frontale,,,,,,,,,,,1,2,2,2.0,1.0
201700028580,0017-10-21 19:45:00,17,10,21,19,45,440,184,SALENGRO (RUE ROGER) DU,47.27608,-2.20908,Crépuscule ou aube,En agglomération,Intersection en X,Pluie légère,Deux véhicules - côté,,,,,,,,,,,2,2,2,2.0,3.0
201700028581,0017-10-30 10:30:00,17,10,30,10,30,440,184,PORNICHET (RUE DE) DU 26,47.2634,-2.23475,Plein jour,En agglomération,Intersection en X,Normale,Deux véhicules - côté,,,,,,,,,,,1,2,2,1.0,3.0
201700028582,0017-10-31 19:30:00,17,10,31,19,30,440,184,"80, JAURES (RUE JEAN) DU",47.27998,-2.21444,Nuit avec éclairage allumé,En agglomération,Intersection en T,Normale,Deux véhicules - côté,,,,,,,,,,,5,2,3,1.0,3.0
201700028583,0017-11-01 06:10:00,17,11,1,6,10,440,184,TROENES (RUE DES),47.26843,-2.24987,Nuit avec éclairage allumé,En agglomération,Intersection en X,Normale,Deux véhicules - côté,,,,,,,,,,,5,2,2,1.0,3.0
201700028584,0017-11-03 09:28:00,17,11,3,9,28,440,184,"64, ALBERT I (BOULEVARD)",47.26112,-2.22461,Plein jour,En agglomération,Hors intersection,Normale,Autre collision,,,,,,,,,,,1,2,1,1.0,6.0
201700028585,0017-11-07 08:00:00,17,11,7,8,0,440,184,PLESSIS (RUE DU),47.28467,-2.22472,Plein jour,En agglomération,Intersection en T,Normale,Deux véhicules - côté,,,,,,,,,,,1,2,3,1.0,3.0
201700028586,0017-11-07 18:00:00,17,11,7,18,0,440,184,"108, HOPITAL (BOULEVARD",47.277,-2.238,Nuit avec éclairage allumé,En agglomération,Hors intersection,Pluie forte,Deux véhicules - frontale,,,,,,,,,,,5,2,1,3.0,1.0
201700028587,0017-11-09 21:10:00,17,11,9,21,10,440,184,"6, PARMENTIER (RUE ANTOI",47.26431,-2.22632,Nuit avec éclairage allumé,En agglomération,Hors intersection,Autre,Autre collision,,,,,,,,,,,5,2,1,9.0,6.0
201700028588,0017-11-15 12:09:00,17,11,15,12,9,440,184,"14, GAMBETTA (BOULEVARD",47.2769,-2.2174,Plein jour,En agglomération,Intersection en T,Normale,Autre collision,,,,,,,,,,,1,2,3,1.0,6.0
201700028589,0017-11-22 11:35:00,17,11,22,11,35,440,184,MULES (CHEMIN DES),47.27894,-2.23407,Plein jour,En agglomération,Hors intersection,Normale,Autre collision,,,,,,,,,,,1,2,1,1.0,6.0
201700028590,0017-11-24 07:37:00,17,11,24,7,37,440,184,LAENNEC (BD DU DR RENE),47.2726,-2.237,Nuit avec éclairage allumé,En agglomération,Intersection en X,Normale,Autre collision,,,,,,,,,,,5,2,2,1.0,6.0
201700028591,0017-12-03 14:30:00,17,12,3,14,30,440,184,JACINTHES (ALLEE DES),47.264,-2.24364,Plein jour,En agglomération,Giratoire,Normale,Deux véhicules - côté,,,,,,,,,,,1,2,6,1.0,3.0
201700028592,0017-12-14 07:30:00,17,12,14,7,30,440,184,"31, LEFERME (BOULEVARD P",47.28346,-2.20156,Nuit avec éclairage allumé,En agglomération,Intersection en T,Pluie légère,Deux véhicules - côté,,,,,,,,,,,5,2,3,2.0,3.0
201700028593,0017-12-14 19:30:00,17,12,14,19,30,440,184,HUGO (BOULEVARD VICTOR),47.28034,-2.21643,Nuit avec éclairage allumé,En agglomération,Intersection en T,Vent fort / tempête,Deux véhicules - côté,,,,,,,,,,,5,2,3,6.0,3.0
201700028594,0017-12-18 07:55:00,17,12,18,7,55,440,184,FRATERNITE (BOULEVARD DE,47.28119,-2.22295,Nuit avec éclairage allumé,En agglomération,Hors intersection,Pluie légère,Sans collision,,,,,,,,,,,5,2,1,2.0,7.0
201700028595,0017-12-24 17:30:00,17,12,24,17,30,440,184,"25, RENAISSANCE (BOULEVA",47.2833,-2.2137,Nuit avec éclairage allumé,En agglomération,Hors intersection,Temps couvert,Deux véhicules - frontale,,,,,,,,,,,5,2,1,8.0,1.0
201700028596,0017-01-02 17:08:00,17,1,2,17,8,450,208,31 R PAUL DOUMER,47.99904,2.74317,Crépuscule ou aube,En agglomération,Hors intersection,Pluie légère,Deux véhicules - côté,,,,,,,,,,,2,2,1,2.0,3.0
201700028597,0017-01-16 08:58:00,17,1,16,8,58,450,4,RD 2060,,,Plein jour,Hors agglomération,Hors intersection,Normale,Autre collision,,,,,,,,,,,1,1,1,1.0,6.0
201700028598,0017-01-17 12:30:00,17,1,17,12,30,450,4,438 R FRANCIS PRIEUR,,,Plein jour,En agglomération,Hors intersection,Normale,Deux véhicules - arrière,,,,,,,,,,,1,2,1,1.0,2.0
201700028599,0017-01-23 13:40:00,17,1,23,13,40,450,208,R DU CHATEAU,47.99743,2.72877,Plein jour,En agglomération,Hors intersection,Normale,Autre collision,,,,,,,,,,,1,2,1,1.0,6.0
201700028600,0017-01-23 15:10:00,17,1,23,15,10,450,4,R DES MUSETS,,,Plein jour,En agglomération,Hors intersection,Normale,Deux véhicules - frontale,,,,,,,,,,,1,2,1,1.0,1.0
201700028601,0017-01-31 17:20:00,17,1,31,17,20,450,4,RD 2060,,,Plein jour,Hors agglomération,Hors intersection,Normale,Trois véhicules et plus - collisions multiples,,,,,,,,,,,1,1,1,1.0,5.0
201700028602,0017-01-31 21:00:00,17,1,31,21,0,450,68,2 R PONTONNERIE,48.00175,2.72156,Nuit avec éclairage allumé,En agglomération,Hors intersection,Normale,Sans collision,,,,,,,,,,,5,2,1,1.0,7.0
201700028603,0017-02-01 17:15:00,17,2,1,17,15,450,338,R J.MERMOZ/G.SAND,47.98281,2.70984,Plein jour,En agglomération,Intersection en T,Normale,Deux véhicules - côté,,,,,,,,,,,1,2,3,1.0,3.0
201700028604,0017-02-03 09:30:00,17,2,3,9,30,450,4,490 R DE LA FONTAINE,,,Plein jour,Hors agglomération,Hors intersection,Normale,Autre collision,,,,,,,,,,,1,1,1,1.0,6.0
201700028605,0017-02-03 10:15:00,17,2,3,10,15,450,338,CHAMBON (RUE),,,Plein jour,En agglomération,Hors intersection,Normale,Autre collision,,,,,,,,,,,1,2,1,1.0,6.0
201700028606,0017-02-04 16:24:00,17,2,4,16,24,450,68,21 R SAINT JUST,48.00848,2.7204,Plein jour,En agglomération,Hors intersection,Normale,Autre collision,,,,,,,,,,,1,2,1,1.0,6.0
201700028607,0017-02-13 14:20:00,17,2,13,14,20,450,4,RD 2007,,,Plein jour,Hors agglomération,Hors intersection,Normale,Deux véhicules - arrière,,,,,,,,,,,1,1,1,1.0,2.0
201700028608,0017-02-15 03:35:00,17,2,15,3,35,450,4,488 R DE VILLENEUVE,,,Nuit avec éclairage allumé,En agglomération,Hors intersection,Normale,Autre collision,,,,,,,,,,,5,2,1,1.0,6.0
201700028609,0017-02-17 07:00:00,17,2,17,7,0,450,208,R E.MENGIN/AV GARE,48.00663,2.74114,Nuit avec éclairage allumé,En agglomération,Intersection en T,Normale,Deux véhicules - côté,,,,,,,,,,,5,2,3,1.0,3.0
201700028610,0017-02-21 15:50:00,17,2,21,15,50,450,208,R ADOLPHE COCHERY,,,Plein jour,En agglomération,Hors intersection,Normale,Deux véhicules - côté,,,,,,,,,,,1,2,1,1.0,3.0
201700028611,0017-02-22 00:55:00,17,2,22,0,55,450,4,2190 AV ANTIBES,,,Nuit sans éclairage public,Hors agglomération,Hors intersection,Normale,Sans collision,,,,,,,,,,,3,1,1,1.0,7.0
201700028612,0017-02-27 16:15:00,17,2,27,16,15,450,208,28 R DE GREVEN,,,Plein jour,En agglomération,Hors intersection,Temps couvert,Autre collision,,,,,,,,,,,1,2,1,8.0,6.0
201700028613,0017-03-02 14:20:00,17,3,2,14,20,450,208,R E.DECOURT/PAUL DOUMER,,,Plein jour,En agglomération,Intersection en X,Normale,Deux véhicules - côté,,,,,,,,,,,1,2,2,1.0,3.0
201700028614,0017-03-03 23:33:00,17,3,3,23,33,450,338,39 NIEPCE (RUE NICEPHOR,,,Nuit avec éclairage allumé,En agglomération,Autre intersection,Normale,Autre collision,,,,,,,,,,,5,2,9,1.0,6.0
201700028615,0017-03-06 21:10:00,17,3,6,21,10,450,68,8 PLANQUETTE (RUE ROBER,,,Nuit avec éclairage allumé,En agglomération,Intersection en Y,Pluie légère,Autre collision,,,,,,,,,,,5,2,4,2.0,6.0
201700028616,0017-03-08 14:46:00,17,3,8,14,46,450,338,19 DEPORTES (RUE DES),,,Plein jour,En agglomération,Hors intersection,Temps couvert,Autre collision,,,,,,,,,,,1,2,1,8.0,6.0
201700028617,0017-03-16 08:30:00,17,3,16,8,30,450,208,CHAUSSEE (RUE DU FAUBOUR,,,Plein jour,Hors agglomération,Hors intersection,Normale,Autre collision,,,,,,,,,,,1,1,1,1.0,6.0
201700028618,0017-03-25 20:40:00,17,3,25,20,40,450,68,,48.03331,2.74527,Nuit sans éclairage public,Hors agglomération,Hors intersection,Normale,Deux véhicules - côté,,,,,,,,,,,3,1,1,1.0,3.0
201700028619,0017-03-27 17:30:00,17,3,27,17,30,450,68,VOLTAIRE (RUE),,,Plein jour,En agglomération,Hors intersection,Normale,Deux véhicules - côté,,,,,,,,,,,1,2,1,1.0,3.0
201700028620,0017-04-02 12:15:00,17,4,2,12,15,450,208,"1032, VIROY (RUE DE)",,,Plein jour,En agglomération,Hors intersection,Normale,Autre collision,,,,,,,,,,,1,2,1,1.0,6.0
201700028621,0017-04-20 12:10:00,17,4,20,12,10,450,68,"11, GAMBETTA (RUE)",,,Plein jour,En agglomération,Hors intersection,Normale,Autre collision,,,,,,,,,,,1,2,1,1.0,6.0
201700028622,0017-04-20 22:30:00,17,4,20,22,30,450,4,MANILLE (RUE DE LA),,,Nuit sans éclairage public,Hors agglomération,Intersection en X,Normale,Autre collision,,,,,,,,,,,3,1,2,1.0,6.0
201700028623,0017-05-03 11:47:00,17,5,3,11,47,450,68,PONTE DE LIMA (RUE),,,Plein jour,En agglomération,Intersection en T,Normale,Autre collision,,,,,,,,,,,1,2,3,1.0,6.0
201700028624,0017-05-04 10:20:00,17,5,4,10,20,450,208,REPUBLIQUE (PLACE DE LA),,,Plein jour,En agglomération,Place,Normale,Autre collision,,,,,,,,,,,1,2,7,1.0,6.0
201700028625,0017-05-05 20:45:00,17,5,5,20,45,450,4,"102, DOCTEUR SCHWEITZER",47.99891,2.75056,Plein jour,En agglomération,Hors intersection,Normale,Autre collision,,,,,,,,,,,1,2,1,1.0,6.0
201700028626,0017-05-06 20:55:00,17,5,6,20,55,450,68,"51, GATINAIS (RUE DU)",,,Crépuscule ou aube,En agglomération,Hors intersection,Pluie légère,Autre collision,,,,,,,,,,,2,2,1,2.0,6.0
201700028627,0017-05-13 15:27:00,17,5,13,15,27,450,4,"2, BUISSON (RUE DU)",47.98961,2.78787,Plein jour,Hors agglomération,Intersection en X,Normale,Trois véhicules et plus - collisions multiples,,,,,,,,,,,1,1,2,1.0,5.0
201700028628,0017-05-14 00:05:00,17,5,14,0,5,450,68,"45, LA FONTAINE (RUE)",,,Nuit avec éclairage allumé,En agglomération,Hors intersection,Normale,Sans collision,,,,,,,,,,,5,2,1,1.0,7.0
201700028629,0017-05-15 18:50:00,17,5,15,18,50,450,208,"2, SIRENE (RUE DE LA)",,,Plein jour,En agglomération,Hors intersection,Normale,Autre collision,,,,,,,,,,,1,2,1,1.0,6.0
201700028630,0017-05-19 07:55:00,17,5,19,7,55,450,68,PONTONNERIE (RUE DE LA),48.00178,2.72148,Plein jour,En agglomération,Hors intersection,Normale,Autre collision,,,,,,,,,,,1,2,1,1.0,6.0
201700028631,0017-05-19 09:53:00,17,5,19,9,53,450,208,"28, CHAUSSEE (RUE DU FAU",47.99797,2.74052,Plein jour,Hors agglomération,Hors intersection,Normale,Deux véhicules - côté,,,,,,,,,,,1,1,1,1.0,3.0
201700028632,0017-05-23 14:05:00,17,5,23,14,5,450,4,"1194, ANTIBES (AVENUE D'",47.97733,2.7306,Plein jour,Hors agglomération,Hors intersection,Normale,Autre collision,,,,,,,,,,,1,1,1,1.0,6.0
201700028633,0017-05-21 14:48:00,17,5,21,14,48,450,208,"1, PERRUCHOT (CARREFOUR)",47.99939,2.72934,Plein jour,En agglomération,Hors intersection,Normale,Deux véhicules - arrière,,,,,,,,,,,1,2,1,1.0,2.0
201700028634,0017-06-02 13:55:00,17,6,2,13,55,450,208,"72, COQUILLET (RUE ANDRE",47.99179,2.7321,Plein jour,En agglomération,Hors intersection,Normale,Deux véhicules - côté,,,,,,,,,,,1,2,1,1.0,3.0
201700028635,0017-06-02 14:10:00,17,6,2,14,10,450,4,SAINT BENOIT (RUELLE),47.97619,2.7718,Plein jour,En agglomération,Hors intersection,Normale,Sans collision,,,,,,,,,,,1,2,1,1.0,7.0
201700028636,0017-06-02 17:05:00,17,6,2,17,5,450,208,"79, SIRENE (RUE DE LA)",48.00401,2.72457,Plein jour,En agglomération,Intersection en T,Normale,Deux véhicules - frontale,,,,,,,,,,,1,2,3,1.0,1.0
201700028637,0017-06-09 16:00:00,17,6,9,16,0,450,208,VERDUN (RUE DE),47.99842,2.7472,Plein jour,En agglomération,Intersection en X,Normale,Deux véhicules - côté,,,,,,,,,,,1,2,2,1.0,3.0
201700028638,0017-06-11 20:55:00,17,6,11,20,55,450,4,VIROY (ROUTE DE),47.99055,2.76379,Plein jour,En agglomération,Intersection en X,Normale,Deux véhicules - frontale,,,,,,,,,,,1,2,2,1.0,1.0
201700028639,0017-06-14 17:48:00,17,6,14,17,48,450,338,"35, PELERINS (RUE DES)",47.98327,2.71844,Plein jour,En agglomération,Hors intersection,Normale,Autre collision,,,,,,,,,,,1,2,1,1.0,6.0
201700028640,0017-06-16 20:50:00,17,6,16,20,50,450,208,VILLA RENEE DE FRANCE (R,48.00028,2.73056,Plein jour,En agglomération,Hors intersection,Normale,Deux véhicules - côté,,,,,,,,,,,1,2,1,1.0,3.0
201700028641,0017-06-20 20:30:00,17,6,20,20,30,450,4,"741, PONTS (RUE DES)",47.93361,2.76735,Plein jour,Hors agglomération,Hors intersection,Normale,Deux véhicules - côté,,,,,,,,,,,1,1,1,1.0,3.0
201700028642,0017-06-22 21:30:00,17,6,22,21,30,450,68,"61, VILLEMANDEUR (RUE DE",48.00648,2.71543,Plein jour,En agglomération,Intersection en T,Normale,Trois véhicules et plus - collisions multiples,,,,,,,,,,,1,2,3,1.0,5.0
201700028643,0017-06-23 21:00:00,17,6,23,21,0,450,208,"45, PORT (RUE DU)",48.00022,2.73086,Plein jour,En agglomération,Hors intersection,Normale,Autre collision,,,,,,,,,,,1,2,1,1.0,6.0
201700028644,0017-06-29 17:33:00,17,6,29,17,33,450,68,LECLERC (AVENUE DU GENER,48.01312,2.74027,Plein jour,En agglomération,Hors intersection,Normale,Autre collision,,,,,,,,,,,1,2,1,1.0,6.0
201700028645,0017-06-29 20:15:00,17,6,29,20,15,450,4,"107, PONTS (RUE DES)",47.96781,2.77218,Plein jour,En agglomération,Hors intersection,Normale,Autre collision,,,,,,,,,,,1,2,1,1.0,6.0
201700028646,0017-07-04 17:00:00,17,7,4,17,0,450,338,BARBUSSE (AVENUE HENRI),47.99279,2.71963,Plein jour,En agglomération,Intersection en X,Normale,Deux véhicules - frontale,,,,,,,,,,,1,2,2,1.0,1.0
201700028647,0017-07-10 19:45:00,17,7,10,19,45,450,4,SAINT FIRMIN DES VIGNES,47.97752,2.73644,Plein jour,En agglomération,Hors intersection,Normale,Trois véhicules et plus - en chaîne,,,,,,,,,,,1,2,1,1.0,4.0
201700028648,0017-07-12 21:01:00,17,7,12,21,1,450,338,"39, PARC (RUE DU)",47.99682,2.68845,Plein jour,En agglomération,Hors intersection,Normale,Sans collision,,,,,,,,,,,1,2,1,1.0,7.0
201700028649,0017-07-17 21:46:00,17,7,17,21,46,450,68,ARAGO (RUE),48.02696,2.78645,Crépuscule ou aube,En agglomération,Hors intersection,Normale,Autre collision,,,,,,,,,,,2,2,1,1.0,6.0
201700028650,0017-07-17 17:50:00,17,7,17,17,50,450,208,9 DEPORTES ET INTERNES D,47.99776,2.7433,Plein jour,En agglomération,Hors intersection,Normale,Deux véhicules - arrière,,,,,,,,,,,1,2,1,1.0,2.0
201700028651,0017-07-20 11:20:00,17,7,20,11,20,450,208,"90, COQUILLET (RUE ANDRE",47.99068,2.73223,Plein jour,En agglomération,Hors intersection,Normale,Deux véhicules - côté,,,,,,,,,,,1,2,1,1.0,3.0
201700028652,0017-07-19 17:21:00,17,7,19,17,21,450,208,"26, CROWBOROUGH (RUE DE)",47.99543,2.74321,Plein jour,En agglomération,Hors intersection,Normale,Autre collision,,,,,,,,,,,1,2,1,1.0,6.0
201700028653,0017-07-22 20:00:00,17,7,22,20,0,450,68,"17, LECLERC (AVENUE DU G",48.00798,2.74001,Plein jour,En agglomération,Hors intersection,Normale,Autre collision,,,,,,,,,,,1,2,1,1.0,6.0
201700028654,0017-07-23 04:50:00,17,7,23,4,50,450,4,ANTIBES (AVENUE D'),47.98454,2.73276,Nuit avec éclairage allumé,En agglomération,Hors intersection,Normale,Autre collision,,,,,,,,,,,5,2,1,1.0,6.0
201700028655,0017-07-23 20:30:00,17,7,23,20,30,450,208,"1, ROUX-FEDRY (RUE)",47.99856,2.74626,Crépuscule ou aube,En agglomération,Intersection en X,Pluie légère,Deux véhicules - côté,,,,,,,,,,,2,2,2,2.0,3.0
201700028656,0017-07-24 21:16:00,17,7,24,21,16,450,68,"16, GARENNE (RUE DE LA)",48.02277,2.734,Plein jour,En agglomération,Hors intersection,Pluie légère,Autre collision,,,,,,,,,,,1,2,1,2.0,6.0
201700028657,0017-07-24 22:45:00,17,7,24,22,45,450,208,"1, VAUBLANC (RUE DE)",47.99965,2.73358,Nuit avec éclairage allumé,En agglomération,Intersection en T,Pluie légère,Deux véhicules - frontale,,,,,,,,,,,5,2,3,2.0,1.0
201700028658,0017-07-25 12:10:00,17,7,25,12,10,450,208,"10, GAILLARDIN (AVENUE)",47.99411,2.73141,Plein jour,En agglomération,Intersection en T,Normale,Deux véhicules - côté,,,,,,,,,,,1,2,3,1.0,3.0
201700028659,0017-07-26 08:38:00,17,7,26,8,38,450,68,"85, VILLEMANDEUR (RUE DE",48.00508,2.71401,Plein jour,En agglomération,Hors intersection,Normale,Deux véhicules - arrière,,,,,,,,,,,1,2,1,1.0,2.0
201700028660,0017-07-27 15:30:00,17,7,27,15,30,450,208,80 rue du 80E régiment d,47.98791,2.72949,Plein jour,En agglomération,Hors intersection,Pluie légère,Autre collision,,,,,,,,,,,1,2,1,2.0,6.0
201700028661,0017-07-29 00:30:00,17,7,29,0,30,450,68,"33, JAURES (AVENUE JEAN)",48.01276,2.73774,Nuit avec éclairage allumé,En agglomération,Intersection en X,Normale,Deux véhicules - côté,,,,,,,,,,,5,2,2,1.0,3.0
201700028662,0017-08-05 11:10:00,17,8,5,11,10,450,4,"146, SAINT FIRMIN DES VI",47.97582,2.74158,Plein jour,En agglomération,Hors intersection,Normale,Deux véhicules - arrière,,,,,,,,,,,1,2,1,1.0,2.0
201700028663,0017-08-14 21:42:00,17,8,14,21,42,450,208,"10, DOUMER (RUE PAUL)",47.99711,2.7433,Nuit avec éclairage allumé,En agglomération,Intersection en X,Normale,Deux véhicules - côté,,,,,,,,,,,5,2,2,1.0,3.0
201700028664,0017-08-22 22:08:00,17,8,22,22,8,450,338,"10, BARBUSSE (AVENUE HEN",47.99101,2.71262,Nuit avec éclairage allumé,En agglomération,Hors intersection,Normale,Sans collision,,,,,,,,,,,5,2,1,1.0,7.0
201700028665,0017-09-04 05:49:00,17,9,4,5,49,450,208,", CHAUTEMPS (AVENUE L.M)",48.01362,2.7616,Nuit sans éclairage public,Hors agglomération,Hors intersection,Normale,Autre collision,,,,,,,,,,,3,1,1,1.0,6.0
201700028666,0017-09-13 11:48:00,17,9,13,11,48,450,338,"23, DE VINCI (RUE LEONAR",48.00054,2.71623,Plein jour,En agglomération,Giratoire,Pluie légère,Sans collision,,,,,,,,,,,1,2,6,2.0,7.0
201700028667,0017-09-17 08:10:00,17,9,17,8,10,450,338,"2, BARBUSSE (AVENUE HENR",47.99079,2.71146,Plein jour,En agglomération,Hors intersection,Pluie légère,Autre collision,,,,,,,,,,,1,2,1,2.0,6.0
201700028668,0017-09-18 13:35:00,17,9,18,13,35,450,68,"17, LECLERC (AVENUE DU G",48.00795,2.74078,Plein jour,En agglomération,Hors intersection,Normale,Trois véhicules et plus - en chaîne,,,,,,,,,,,1,2,1,1.0,4.0
201700028669,0017-09-21 23:51:00,17,9,21,23,51,450,68,"1, GATINAIS (RUE DU)",48.0121,2.71809,Nuit avec éclairage allumé,En agglomération,Giratoire,Normale,Autre collision,,,,,,,,,,,5,2,6,1.0,6.0
201700028670,0017-10-01 23:15:00,17,10,1,23,15,450,68,RD 2007,48.0466,2.7579,Nuit sans éclairage public,Hors agglomération,Hors intersection,Normale,Sans collision,,,,,,,,,,,3,1,1,1.0,7.0
201700028671,0017-09-27 14:15:00,17,9,27,14,15,450,4,"315, ANTIBES (AVENUE D')",47.98479,2.73287,Plein jour,En agglomération,Hors intersection,Normale,Deux véhicules - arrière,,,,,,,,,,,1,2,1,1.0,2.0
201700028672,0017-10-05 08:40:00,17,10,5,8,40,450,208,"2, GENERAL DE GAULLE (AV",48.00216,2.73478,Plein jour,En agglomération,Intersection en T,Normale,Deux véhicules - côté,,,,,,,,,,,1,2,3,1.0,3.0
201700028673,0017-10-09 15:08:00,17,10,9,15,8,450,68,"1, 23 AOUT (RUE DU)",48.0,2.72,Plein jour,En agglomération,Hors intersection,Normale,Autre collision,,,,,,,,,,,1,2,1,1.0,6.0
201700028674,0017-10-09 18:40:00,17,10,9,18,40,450,208,GARE (AVENUE DE LA),48.00694,2.74305,Nuit avec éclairage allumé,En agglomération,Hors intersection,Normale,Autre collision,,,,,,,,,,,5,2,1,1.0,6.0
201700028675,0017-10-13 10:30:00,17,10,13,10,30,450,208,rue RENEE DE FRANCE,47.99977,2.73348,Plein jour,En agglomération,Intersection en T,Normale,Autre collision,,,,,,,,,,,1,2,3,1.0,6.0
201700028676,0017-10-13 12:25:00,17,10,13,12,25,450,68,NOURRY (RUE GUSTAVE),48.02008,2.71798,Plein jour,En agglomération,Autre intersection,Normale,Autre collision,,,,,,,,,,,1,2,9,1.0,6.0
201700028677,0017-10-14 14:45:00,17,10,14,14,45,450,208,JAURES (RUE JEAN),47.9948,2.73251,Plein jour,En agglomération,Giratoire,Normale,Trois véhicules et plus - collisions multiples,,,,,,,,,,,1,2,6,1.0,5.0
201700028678,0017-10-18 07:48:00,17,10,18,7,48,450,4,PISSEUX (RUE DE),47.9656,2.79196,Crépuscule ou aube,En agglomération,Intersection en T,Normale,Sans collision,,,,,,,,,,,2,2,3,1.0,7.0
201700028679,0017-10-20 16:40:00,17,10,20,16,40,450,4,"54, NIVELLE (RUE DE LA)",47.99787,2.71774,Plein jour,En agglomération,Hors intersection,Normale,Trois véhicules et plus - en chaîne,,,,,,,,,,,1,2,1,1.0,4.0
201700028680,0017-10-25 14:35:00,17,10,25,14,35,450,338,"22, DE SALLES (RUE)",47.99393,2.71164,Plein jour,En agglomération,Hors intersection,Normale,Deux véhicules - arrière,,,,,,,,,,,1,2,1,1.0,2.0
201700028681,0017-10-29 02:30:00,17,10,29,2,30,450,68,GUE AUX BICHES (RUE DU),48.02294,2.73399,Nuit avec éclairage allumé,En agglomération,Giratoire,Normale,Sans collision,,,,,,,,,,,5,2,6,1.0,7.0
201700028682,0017-11-12 06:20:00,17,11,12,6,20,450,338,RD 2060,47.98724,2.69704,Nuit sans éclairage public,Hors agglomération,Autre intersection,Pluie forte,Autre collision,,,,,,,,,,,3,1,9,3.0,6.0
201700028683,0017-11-18 09:20:00,17,11,18,9,20,450,4,"508, ANTIBES (AVENUE D')",47.98259,2.73281,Plein jour,En agglomération,Hors intersection,Brouillard / fumée,Deux véhicules - côté,,,,,,,,,,,1,2,1,5.0,3.0