accident_id,datetime,annee,mois,jour,heure,minute,departement,commune_insee,adresse,latitude,longitude,luminosite,agglomeration,intersection,meteo,collision,nb_vehicules,nb_usagers,nb_indemnes,nb_tues,nb_blesses_hosp,nb_blesses_legers,age_cond_1,age_cond_2,veh_type_cond_1,veh_type_cond_2,lum_code,agg_code,int_code,atm_code,col_code
201700029529,0017-12-13 08:30:00,17,12,13,8,30,490,7,DEUX CROIX BOULEVARD,47.47689,-0.52826,Crépuscule ou aube,En agglomération,Intersection en X,Pluie légère,Deux véhicules - côté,,,,,,,,,,,2,2,2,2.0,3.0
201700029530,0017-12-13 08:18:00,17,12,13,8,18,490,7,"00, ARAGON AVENUE",47.47045,-0.56915,Nuit avec éclairage allumé,En agglomération,Giratoire,Temps couvert,Sans collision,,,,,,,,,,,5,2,6,8.0,7.0
201700029531,0017-12-14 20:01:00,17,12,14,20,1,490,7,"00, VERDUN PONT",47.47285,-0.55779,Nuit avec éclairage allumé,En agglomération,Intersection en X,Normale,Deux véhicules - côté,,,,,,,,,,,5,2,2,1.0,3.0
201700029532,0017-12-13 10:45:00,17,12,13,10,45,490,7,"00, MONTAIGNE AVENUE",47.46893,-0.53202,Plein jour,En agglomération,Intersection en X,Normale,Sans collision,,,,,,,,,,,1,2,2,1.0,7.0
201700029533,0017-12-14 11:48:00,17,12,14,11,48,490,267,A87N,47.43778,-0.50998,Plein jour,En agglomération,Hors intersection,Pluie légère,Deux véhicules - côté,,,,,,,,,,,1,2,1,2.0,3.0
201700029534,0017-12-17 00:38:00,17,12,17,0,38,490,7,"00, FAURE QUAI",47.48093,-0.55061,Nuit sans éclairage public,Hors agglomération,Hors intersection,Normale,Autre collision,,,,,,,,,,,3,1,1,1.0,6.0
201700029535,0017-12-16 12:20:00,17,12,16,12,20,490,7,"00, MOLIERE PLACE",47.47387,-0.55483,Plein jour,En agglomération,Hors intersection,Normale,Autre collision,,,,,,,,,,,1,2,1,1.0,6.0
201700029536,0017-12-16 11:02:00,17,12,16,11,2,490,267,"0, RD 347",47.47436,-0.47081,Plein jour,Hors agglomération,Hors intersection,Normale,Autre collision,,,,,,,,,,,1,1,1,1.0,6.0
201700029537,0017-12-17 14:05:00,17,12,17,14,5,490,7,"00, PASTEUR AVENUE",47.4767,-0.53239,Plein jour,En agglomération,Hors intersection,Normale,Autre collision,,,,,,,,,,,1,2,1,1.0,6.0
201700029538,0017-12-17 18:58:00,17,12,17,18,58,490,7,"00, MOULIN BOULEVARD",47.49093,-0.56263,Nuit avec éclairage allumé,En agglomération,Intersection en X,Normale,Deux véhicules - côté,,,,,,,,,,,5,2,2,1.0,3.0
201700029539,0017-12-19 09:42:00,17,12,19,9,42,490,7,"00, DESCAZEAUX BOULEVARD",47.47444,-0.56014,Plein jour,En agglomération,Intersection en X,Normale,Autre collision,,,,,,,,,,,1,2,2,1.0,6.0
201700029540,0017-12-15 12:36:00,17,12,15,12,36,490,7,"75, JEAN XXIII AVENUE",47.44515,-0.55718,Plein jour,En agglomération,Hors intersection,Normale,Autre collision,,,,,,,,,,,1,2,1,1.0,6.0
201700029541,0017-12-19 10:34:00,17,12,19,10,34,490,15,"29BIS, MENDES FRANCE AVE",47.4944,-0.57915,Plein jour,En agglomération,Hors intersection,Normale,Deux véhicules - côté,,,,,,,,,,,1,2,1,1.0,3.0
201700029542,0017-12-19 12:02:00,17,12,19,12,2,490,15,"00, MENDES FRANCE AVENUE",47.50689,-0.5897,Plein jour,Hors agglomération,Intersection en X,Normale,Deux véhicules - côté,,,,,,,,,,,1,1,2,1.0,3.0
201700029543,0017-12-19 20:50:00,17,12,19,20,50,490,7,"00, COUBERTIN BOULEVARD",47.46434,-0.53138,Nuit avec éclairage non allumé,En agglomération,Giratoire,Normale,Deux véhicules - arrière,,,,,,,,,,,4,2,6,1.0,2.0
201700029544,0017-12-20 14:15:00,17,12,20,14,15,490,267,"28, GIBAUDIERE",47.48086,-0.51029,Plein jour,En agglomération,Hors intersection,Normale,Autre collision,,,,,,,,,,,1,2,1,1.0,6.0
201700029545,0017-12-20 18:30:00,17,12,20,18,30,490,267,A87N,47.44396,-0.51333,Nuit avec éclairage non allumé,Hors agglomération,Hors intersection,Normale,Deux véhicules - arrière,,,,,,,,,,,4,1,1,1.0,2.0
201700029546,0017-12-21 08:59:00,17,12,21,8,59,490,7,"00, MAINE",47.47702,-0.54806,Plein jour,En agglomération,Hors intersection,Normale,Autre collision,,,,,,,,,,,1,2,1,1.0,6.0
201700029547,0017-12-23 21:45:00,17,12,23,21,45,490,353,"00, PASTEUR",47.44563,-0.46325,Nuit avec éclairage allumé,En agglomération,Intersection en T,Normale,Deux véhicules - côté,,,,,,,,,,,5,2,3,1.0,3.0
201700029548,0017-12-20 21:25:00,17,12,20,21,25,490,7,"00, COUBERTIN BOULEVARD",47.46749,-0.52957,Nuit avec éclairage allumé,En agglomération,Giratoire,Normale,Deux véhicules - côté,,,,,,,,,,,5,2,6,1.0,3.0
201700029549,0017-12-23 11:20:00,17,12,23,11,20,490,267,"00, MARMITIERE",47.4728,-0.49448,Plein jour,En agglomération,Hors intersection,Normale,Deux véhicules - côté,,,,,,,,,,,1,2,1,1.0,3.0
201700029550,0017-12-22 20:38:00,17,12,22,20,38,490,7,"68, CHALOUERE",47.48055,-0.53805,Nuit avec éclairage allumé,En agglomération,Hors intersection,Normale,Deux véhicules - côté,,,,,,,,,,,5,2,1,1.0,3.0
201700029551,0017-12-23 18:58:00,17,12,23,18,58,490,246,"94, HUTREAU ROUTE",47.43949,-0.55276,Nuit avec éclairage allumé,En agglomération,Hors intersection,Normale,Autre collision,,,,,,,,,,,5,2,1,1.0,6.0
201700029552,0017-12-23 09:50:00,17,12,23,9,50,490,246,"00, GALLIENI AVENUE",47.43668,-0.51527,Plein jour,En agglomération,Hors intersection,Pluie légère,Autre collision,,,,,,,,,,,1,2,1,2.0,6.0
201700029553,0017-12-26 15:11:00,17,12,26,15,11,490,7,"00, RESISTANCE ET DEPORT",47.47122,-0.54713,Plein jour,En agglomération,Intersection en X,Normale,Autre collision,,,,,,,,,,,1,2,2,1.0,6.0
201700029554,0017-12-27 16:20:00,17,12,27,16,20,490,7,"63, PLANTAGENET",47.47173,-0.55387,Plein jour,En agglomération,Hors intersection,Pluie légère,Autre collision,,,,,,,,,,,1,2,1,2.0,6.0
201700029555,0017-12-28 06:30:00,17,12,28,6,30,490,7,"00, HAUTE CHAINE PORTE",47.47735,-0.55333,Nuit avec éclairage allumé,En agglomération,Intersection en X,Normale,Deux véhicules - côté,,,,,,,,,,,5,2,2,1.0,3.0
201700029556,0017-01-27 11:05:00,17,1,27,11,5,490,99,CARNOT (RUE SADI),47.06172,-0.86942,Plein jour,En agglomération,Intersection en T,Normale,Deux véhicules - côté,,,,,,,,,,,1,2,3,1.0,3.0
201700029557,0017-02-04 13:45:00,17,2,4,13,45,490,99,VC 6,47.09215,-0.83192,Plein jour,Hors agglomération,Hors intersection,Normale,Deux véhicules - frontale,,,,,,,,,,,1,1,1,1.0,1.0
201700029558,0017-02-08 16:15:00,17,2,8,16,15,490,99,HIPPODROME (AVENUE DE L',47.03542,-0.88479,Plein jour,Hors agglomération,Hors intersection,Normale,Deux véhicules - arrière,,,,,,,,,,,1,1,1,1.0,2.0
201700029559,0017-02-17 11:00:00,17,2,17,11,0,490,99,VC 6,47.09018,-0.84168,Plein jour,Hors agglomération,Hors intersection,Normale,Deux véhicules - côté,,,,,,,,,,,1,1,1,1.0,3.0
201700029560,0017-02-17 19:40:00,17,2,17,19,40,490,99,MAINE (BOULEVARD DU),47.07318,-0.86213,Crépuscule ou aube,En agglomération,Intersection en X,Normale,Deux véhicules - côté,,,,,,,,,,,2,2,2,1.0,3.0
201700029561,0017-02-22 13:50:00,17,2,22,13,50,490,99,VENDEE (RUE DE LA ),47.05261,-0.89077,Plein jour,En agglomération,Hors intersection,Normale,Deux véhicules - arrière,,,,,,,,,,,1,2,1,1.0,2.0
201700029562,0017-03-11 03:55:00,17,3,11,3,55,490,99,SAINT PIERRE (RUE),47.06043,-0.87466,Nuit avec éclairage allumé,En agglomération,Hors intersection,Normale,Autre collision,,,,,,,,,,,5,2,1,1.0,6.0
201700029563,0017-03-11 16:55:00,17,3,11,16,55,490,99,GIRARDIERE (RUE DE LA),47.04238,-0.90111,Plein jour,En agglomération,Hors intersection,Normale,Autre collision,,,,,,,,,,,1,2,1,1.0,6.0
201700029564,0017-03-14 18:30:00,17,3,14,18,30,490,99,LECLERC (AVENUE DU MAREC,47.06412,-0.86383,Plein jour,En agglomération,Intersection en T,Normale,Deux véhicules - arrière,,,,,,,,,,,1,2,3,1.0,2.0
201700029565,0017-03-26 19:00:00,17,3,26,19,0,490,99,CAILLE (RUE RENE),47.05469,-0.86597,Plein jour,En agglomération,Intersection en X,Normale,Deux véhicules - frontale,,,,,,,,,,,1,2,2,1.0,1.0
201700029566,0017-03-31 03:50:00,17,3,31,3,50,490,99,LIBERATION (AVENUE DE LA,47.05353,-0.88169,Nuit avec éclairage allumé,En agglomération,Hors intersection,Normale,Deux véhicules - côté,,,,,,,,,,,5,2,1,1.0,3.0
201700029567,0017-04-06 21:50:00,17,4,6,21,50,490,99,PONEYS (RUE DES),47.04181,-0.85738,Nuit sans éclairage public,Hors agglomération,Hors intersection,Normale,Sans collision,,,,,,,,,,,3,1,1,1.0,7.0
201700029568,0017-04-28 17:00:00,17,4,28,17,0,490,99,BOULEVRAD JEANNE D'ARC,47.06345,-0.86641,Plein jour,En agglomération,Hors intersection,Normale,Deux véhicules - côté,,,,,,,,,,,1,2,1,1.0,3.0
201700029569,0017-05-04 18:30:00,17,5,4,18,30,490,99,MONTALEMBERT(RUE CHARLES,47.0606,-0.86531,Plein jour,En agglomération,Hors intersection,Normale,Deux véhicules - arrière,,,,,,,,,,,1,2,1,1.0,2.0
201700029570,0017-05-09 12:30:00,17,5,9,12,30,490,99,CHEVALLERIE (RUE DE LA),47.00157,-0.89194,Plein jour,En agglomération,Giratoire,Normale,Deux véhicules - arrière,,,,,,,,,,,1,2,6,1.0,2.0
201700029571,0017-05-11 14:00:00,17,5,11,14,0,490,99,GIRARDIERE (RUE DE LA),47.04258,-0.90024,Plein jour,En agglomération,Hors intersection,Normale,Trois véhicules et plus - en chaîne,,,,,,,,,,,1,2,1,1.0,4.0
201700029572,0017-05-27 10:35:00,17,5,27,10,35,490,99,"9, GAMBETTA (AVENUE LEON",47.06262,-0.87714,Plein jour,En agglomération,Hors intersection,Normale,Autre collision,,,,,,,,,,,1,2,1,1.0,6.0
201700029573,0017-05-31 10:15:00,17,5,31,10,15,490,99,"36, MARNE (AVENUE DE LA)",47.0509,-0.88758,Plein jour,En agglomération,Hors intersection,Normale,Autre collision,,,,,,,,,,,1,2,1,1.0,6.0
201700029574,0017-06-02 09:05:00,17,6,2,9,5,490,99,VICTOIRE (BOULEVARD DE L,47.05668,-0.87748,Plein jour,En agglomération,Intersection en X,Normale,Autre collision,,,,,,,,,,,1,2,2,1.0,6.0
201700029575,0017-06-08 11:40:00,17,6,8,11,40,490,99,ARAYA (PLACE D'),47.05911,-0.90377,Plein jour,En agglomération,Giratoire,Normale,Deux véhicules - côté,,,,,,,,,,,1,2,6,1.0,3.0
201700029576,0017-06-09 02:55:00,17,6,9,2,55,490,99,ANGERS (AVENUE D' ),47.07719,-0.83589,Nuit avec éclairage allumé,En agglomération,Giratoire,Normale,Autre collision,,,,,,,,,,,5,2,6,1.0,6.0
201700029577,0017-06-16 21:25:00,17,6,16,21,25,490,99,MANCEAU (AVENUE ANATOLE),47.05246,-0.87852,Plein jour,En agglomération,Hors intersection,Normale,Autre collision,,,,,,,,,,,1,2,1,1.0,6.0
201700029578,0017-06-29 15:00:00,17,6,29,15,0,490,99,NAPOLEON BONAPARTE (AVEN,47.04761,-0.89349,Plein jour,En agglomération,Hors intersection,Normale,Autre collision,,,,,,,,,,,1,2,1,1.0,6.0
201700029579,0017-07-04 14:20:00,17,7,4,14,20,490,99,BICENTENAIRE DE 1793 (PL,47.05548,-0.85939,Plein jour,En agglomération,Giratoire,Normale,Deux véhicules - côté,,,,,,,,,,,1,2,6,1.0,3.0
201700029580,0017-07-07 08:55:00,17,7,7,8,55,490,99,GRAND-CHAMP (PLACE DE),47.05084,-0.85013,Plein jour,En agglomération,Giratoire,Normale,Deux véhicules - côté,,,,,,,,,,,1,2,6,1.0,3.0
201700029581,0017-07-08 11:45:00,17,7,8,11,45,490,99,GRAND-CHAMP (PLACE DE),47.05084,-0.85013,Plein jour,En agglomération,Giratoire,Normale,Deux véhicules - côté,,,,,,,,,,,1,2,6,1.0,3.0
201700029582,0017-08-08 15:00:00,17,8,8,15,0,490,99,RD160,47.01625,-0.92817,Plein jour,Hors agglomération,Giratoire,Normale,Deux véhicules - arrière,,,,,,,,,,,1,1,6,1.0,2.0
201700029583,0017-08-12 14:10:00,17,8,12,14,10,490,99,PORTE BARON (RUE DE LA),47.05754,-0.87298,Plein jour,En agglomération,Hors intersection,Pluie légère,Autre collision,,,,,,,,,,,1,2,1,2.0,6.0
201700029584,0017-08-20 04:15:00,17,8,20,4,15,490,99,CHANZY (BOULEVARD GENERA,47.0689,-0.88213,Nuit avec éclairage allumé,En agglomération,Intersection en X,Normale,Deux véhicules - côté,,,,,,,,,,,5,2,2,1.0,3.0
201700029585,0017-08-25 07:55:00,17,8,25,7,55,490,99,MOINIE(BOULEVARD DE LA ),47.05396,-0.90085,Plein jour,En agglomération,Intersection en X,Normale,Deux véhicules - frontale,,,,,,,,,,,1,2,2,1.0,1.0
201700029586,0017-08-27 07:10:00,17,8,27,7,10,490,99,PASTEUR (RUE LOUIS),47.06515,-0.89421,Crépuscule ou aube,En agglomération,Hors intersection,Normale,Autre collision,,,,,,,,,,,2,2,1,1.0,6.0
201700029587,0017-09-05 16:20:00,17,9,5,16,20,490,99,MICHELET(AVENUE EDMOND),47.07128,-0.84898,Plein jour,En agglomération,Hors intersection,Temps couvert,Autre collision,,,,,,,,,,,1,2,1,8.0,6.0
201700029588,0017-10-09 14:10:00,17,10,9,14,10,490,99,RD160,47.02602,-0.91636,Plein jour,Hors agglomération,Hors intersection,Pluie légère,Deux véhicules - arrière,,,,,,,,,,,1,1,1,2.0,2.0
201700029589,0017-10-10 15:45:00,17,10,10,15,45,490,99,LUCON (PLACE DU CARDINAL,47.06144,-0.88107,Plein jour,En agglomération,Hors intersection,Normale,Autre collision,,,,,,,,,,,1,2,1,1.0,6.0
201700029590,0017-10-17 19:40:00,17,10,17,19,40,490,99,JEAN XXIII (RUE),47.0501,-0.88495,Crépuscule ou aube,En agglomération,Intersection en T,Normale,Autre collision,,,,,,,,,,,2,2,3,1.0,6.0
201700029591,0017-10-18 05:50:00,17,10,18,5,50,490,99,ATLANTIQUE (AVENUE DE L',47.03521,-0.90618,Nuit sans éclairage public,Hors agglomération,Hors intersection,Normale,Autre collision,,,,,,,,,,,3,1,1,1.0,6.0
201700029592,0017-10-19 19:30:00,17,10,19,19,30,490,99,LYAUTEY (RUE DU MARECHAL,47.05441,-0.86757,Crépuscule ou aube,En agglomération,Intersection en T,Normale,Deux véhicules - côté,,,,,,,,,,,2,2,3,1.0,3.0
201700029593,0017-11-10 16:30:00,17,11,10,16,30,490,99,COUBERTIN (BOULEVARD PIE,47.04822,-0.87434,Plein jour,En agglomération,Intersection en T,Normale,Autre collision,,,,,,,,,,,1,2,3,1.0,6.0
201700029594,0017-11-13 08:50:00,17,11,13,8,50,490,99,DELHUMEAU PLESSIS (BOULE,47.05478,-0.87485,Plein jour,En agglomération,Hors intersection,Normale,Autre collision,,,,,,,,,,,1,2,1,1.0,6.0
201700029595,0017-11-15 17:40:00,17,11,15,17,40,490,99,SABLES (AVENUE DES ),47.03915,-0.90286,Crépuscule ou aube,En agglomération,Giratoire,Normale,Deux véhicules - arrière,,,,,,,,,,,2,2,6,1.0,2.0
201700029596,0017-12-14 18:50:00,17,12,14,18,50,490,99,LORRAINE (RUE DE),47.05179,-0.853,Nuit avec éclairage allumé,En agglomération,Intersection en T,Pluie forte,Autre collision,,,,,,,,,,,5,2,3,3.0,6.0
201700029597,0017-12-16 11:00:00,17,12,16,11,0,490,99,HOSTEIN (RUE ROGER),47.04626,-0.87584,Plein jour,En agglomération,Hors intersection,Normale,Autre collision,,,,,,,,,,,1,2,1,1.0,6.0
201700029598,0017-11-30 17:20:00,17,11,30,17,20,490,328,POMPIDOU (AVENUE GEORGES,47.26487,-0.0952,Crépuscule ou aube,En agglomération,Hors intersection,Normale,Deux véhicules - arrière,,,,,,,,,,,2,2,1,1.0,2.0
201700029599,0017-01-03 16:45:00,17,1,3,16,45,490,328,PRESSOIR (RUE DU),47.25159,-0.07746,Plein jour,En agglomération,Intersection en X,Normale,Deux véhicules - côté,,,,,,,,,,,1,2,2,1.0,3.0
201700029600,0017-12-01 17:45:00,17,12,1,17,45,490,328,CADRE NOIR (PONT DU) N 3,47.27092,-0.08498,Crépuscule ou aube,En agglomération,Hors intersection,Normale,Deux véhicules - arrière,,,,,,,,,,,2,2,1,1.0,2.0
201700029601,0017-12-01 19:15:00,17,12,1,19,15,490,328,MARCEAU (RUE),47.25158,-0.07719,Nuit avec éclairage allumé,En agglomération,Intersection en X,Normale,Deux véhicules - côté,,,,,,,,,,,5,2,2,1.0,3.0
201700029602,0017-01-26 12:15:00,17,1,26,12,15,490,328,"32, BEAUREPAIRE (RUE)",47.26004,-0.08057,Plein jour,En agglomération,Hors intersection,Normale,Autre collision,,,,,,,,,,,1,2,1,1.0,6.0
201700029603,0017-12-06 13:40:00,17,12,6,13,40,490,328,MARNE (BOULEVARD DE LA),47.23454,-0.07503,Plein jour,En agglomération,Hors intersection,Normale,Trois véhicules et plus - en chaîne,,,,,,,,,,,1,2,1,1.0,4.0
201700029604,0017-02-02 23:20:00,17,2,2,23,20,490,328,ROUEN (RUE DE),47.26869,-0.06812,Nuit avec éclairage allumé,En agglomération,Intersection en X,Pluie légère,Deux véhicules - côté,,,,,,,,,,,5,2,2,2.0,3.0
201700029605,0017-03-16 15:40:00,17,3,16,15,40,490,328,MARCEAU (RUE),47.24955,-0.06797,Plein jour,En agglomération,Giratoire,Normale,Deux véhicules - côté,,,,,,,,,,,1,2,6,1.0,3.0
201700029606,0017-04-03 09:00:00,17,4,3,9,0,490,328,ROND POINT PONT FOUCHARD,47.25205,-0.08728,Plein jour,En agglomération,Giratoire,Normale,Deux véhicules - côté,,,,,,,,,,,1,2,6,1.0,3.0
201700029607,0017-04-14 16:40:00,17,4,14,16,40,490,328,"11, DUPETIT THOUARS (RUE",47.25797,-0.08011,Plein jour,En agglomération,Hors intersection,Normale,Autre collision,,,,,,,,,,,1,2,1,1.0,6.0
201700029608,0017-04-28 20:15:00,17,4,28,20,15,490,328,FLEURET (ROND-POINT DU),47.28629,-0.04906,Plein jour,Hors agglomération,Giratoire,Normale,Deux véhicules - arrière,,,,,,,,,,,1,1,6,1.0,2.0
201700029609,0017-05-05 09:10:00,17,5,5,9,10,490,328,DE LATTRE DE TASSIGNY (B,47.25889,-0.08856,Plein jour,En agglomération,Hors intersection,Normale,Deux véhicules - frontale,,,,,,,,,,,1,2,1,1.0,1.0
201700029610,0017-05-05 14:30:00,17,5,5,14,30,490,328,"501, FONTEVRAUD (ROUTE D",47.24614,-0.07008,Plein jour,En agglomération,Hors intersection,Normale,Deux véhicules - frontale,,,,,,,,,,,1,2,1,1.0,1.0
201700029611,0017-05-09 14:10:00,17,5,9,14,10,490,328,DEMOISELLES (BOULEVARD D,47.28036,-0.06829,Plein jour,En agglomération,Hors intersection,Normale,Deux véhicules - frontale,,,,,,,,,,,1,2,1,1.0,1.0
201700029612,0017-05-04 18:30:00,17,5,4,18,30,490,328,ROUEN (RUE DE),47.27227,-0.06412,Plein jour,En agglomération,Intersection en T,Normale,Deux véhicules - frontale,,,,,,,,,,,1,2,3,1.0,1.0
201700029613,0017-05-24 20:30:00,17,5,24,20,30,490,328,MARNE (ROND-POINT DE LA),47.25017,-0.07929,Plein jour,En agglomération,Giratoire,Normale,Autre collision,,,,,,,,,,,1,2,6,1.0,6.0
201700029614,0017-06-15 13:15:00,17,6,15,13,15,490,328,"-----, DE GAULLE (AVENUE",47.26424,-0.07329,Plein jour,En agglomération,Hors intersection,Normale,Deux véhicules - arrière,,,,,,,,,,,1,2,1,1.0,2.0
201700029615,0017-06-16 18:55:00,17,6,16,18,55,490,328,"-----, ROCADE N 347",47.26272,-0.09565,Plein jour,Hors agglomération,Hors intersection,Normale,Sans collision,,,,,,,,,,,1,1,1,1.0,7.0
201700029616,0017-06-18 13:00:00,17,6,18,13,0,490,328,"-----, AMIOT (RUE JULES)",47.26515,-0.10085,Plein jour,En agglomération,Giratoire,Normale,Deux véhicules - côté,,,,,,,,,,,1,2,6,1.0,3.0
201700029617,0017-06-19 05:00:00,17,6,19,5,0,490,328,POITIERS  (RUE DE),47.2531,-0.07921,Nuit avec éclairage allumé,En agglomération,Intersection en X,Normale,Deux véhicules - arrière,,,,,,,,,,,5,2,2,1.0,2.0
201700029618,0017-05-28 18:00:00,17,5,28,18,0,490,328,ROCADE D 347,47.25718,-0.09819,Plein jour,En agglomération,Hors intersection,Normale,Deux véhicules - frontale,,,,,,,,,,,1,2,1,1.0,1.0
201700029619,0017-07-01 16:05:00,17,7,1,16,5,490,328,"51, DE LATTRE DE TASSIGN",47.26,-0.09819,Plein jour,En agglomération,Hors intersection,Normale,Autre collision,,,,,,,,,,,1,2,1,1.0,6.0
201700029620,0017-07-07 01:05:00,17,7,7,1,5,490,328,FOCH (AVENUE DU MARECHAL,47.26038,-0.08164,Nuit sans éclairage public,En agglomération,Intersection en X,Normale,Deux véhicules - côté,,,,,,,,,,,3,2,2,1.0,3.0
201700029621,0017-08-21 15:55:00,17,8,21,15,55,490,328,DE LATTRE DE TASSIGNY (B,47.26011,-0.089,Plein jour,En agglomération,Giratoire,Normale,Autre collision,,,,,,,,,,,1,2,6,1.0,6.0
201700029622,0017-08-23 12:50:00,17,8,23,12,50,490,328,ARCHE DOREE (PLACE DE L',47.25643,-0.07881,Plein jour,En agglomération,Hors intersection,Normale,Autre collision,,,,,,,,,,,1,2,1,1.0,6.0
201700029623,0017-09-14 16:00:00,17,9,14,16,0,490,328,FUSILLES (AVENUE DES) N,47.27853,-0.0569,Plein jour,En agglomération,Intersection en T,Normale,Deux véhicules - côté,,,,,,,,,,,1,2,3,1.0,3.0
201700029624,0017-09-16 11:30:00,17,9,16,11,30,490,328,"4, TOURS (ROUTE DE)",47.2658,-0.06718,Plein jour,En agglomération,Hors intersection,Normale,Autre collision,,,,,,,,,,,1,2,1,1.0,6.0
201700029625,0017-09-27 17:25:00,17,9,27,17,25,490,328,PETON (AVENUE DU DOCTEUR,47.25634,-0.07674,Plein jour,En agglomération,Intersection en X,Normale,Deux véhicules - côté,,,,,,,,,,,1,2,2,1.0,3.0
201700029626,0017-10-02 08:40:00,17,10,2,8,40,490,328,"sn, CHUMEAU (RUE MICHEL)",47.24953,-0.09837,Plein jour,En agglomération,Hors intersection,Normale,Deux véhicules - frontale,,,,,,,,,,,1,2,1,1.0,1.0
201700029627,0017-10-03 15:15:00,17,10,3,15,15,490,328,"5, DE GAULLE (AVENUE DU",47.26356,-0.07403,Plein jour,En agglomération,Hors intersection,Normale,Autre collision,,,,,,,,,,,1,2,1,1.0,6.0
201700029628,0017-10-07 20:15:00,17,10,7,20,15,490,328,ANGERS (ROUTE D') D 952,47.27906,-0.08814,Nuit sans éclairage public,Hors agglomération,Hors intersection,Normale,Sans collision,,,,,,,,,,,3,1,1,1.0,7.0
201700029629,0017-11-14 15:00:00,17,11,14,15,0,490,328,MARAICHERS (AVENUE DES),47.27343,-0.06939,Plein jour,En agglomération,Intersection en X,Normale,Autre collision,,,,,,,,,,,1,2,2,1.0,6.0
201700029630,0017-11-16 17:55:00,17,11,16,17,55,490,328,ROCADE N 347,47.26653,-0.09194,Nuit sans éclairage public,En agglomération,Hors intersection,Normale,Deux véhicules - arrière,,,,,,,,,,,3,2,1,1.0,2.0
201700029631,0017-11-16 18:38:00,17,11,16,18,38,490,328,"54, DE GAULLE (AVENUE DU",47.26646,-0.07312,Nuit avec éclairage allumé,En agglomération,Hors intersection,Normale,Autre collision,,,,,,,,,,,5,2,1,1.0,6.0
201700029632,0017-11-27 09:00:00,17,11,27,9,0,490,328,CADRE NOIR (PONT DU) N 3,47.26827,-0.0893,Crépuscule ou aube,En agglomération,Hors intersection,Normale,Trois véhicules et plus - en chaîne,,,,,,,,,,,2,2,1,1.0,4.0
201700029633,0017-01-04 18:20:00,17,1,4,18,20,500,129,RUE BECQUEREL,49.62693,-1.63676,Nuit avec éclairage allumé,En agglomération,Intersection en X,Normale,Autre collision,,,,,,,,,,,5,2,2,1.0,6.0
201700029634,0017-01-10 09:35:00,17,1,10,9,35,500,416,"00, CD 901",49.64982,-1.71583,Plein jour,Hors agglomération,Hors intersection,Normale,Sans collision,,,,,,,,,,,1,1,1,1.0,7.0
201700029635,0017-01-11 11:20:00,17,1,11,11,20,500,416,"00, CLAIRES (RUE DES)",49.65873,-1.6971,Plein jour,En agglomération,Hors intersection,Temps couvert,Deux véhicules - côté,,,,,,,,,,,1,2,1,8.0,3.0
201700029636,0017-01-10 18:40:00,17,1,10,18,40,500,203,50 RUE LUCET,49.62342,-1.61369,Nuit avec éclairage allumé,En agglomération,Hors intersection,Normale,Sans collision,,,,,,,,,,,5,2,1,1.0,7.0
201700029637,0017-01-12 20:00:00,17,1,12,20,0,500,129,50 RUE DU VAL DE SAIRE,49.63844,1.61144,Nuit avec éclairage allumé,En agglomération,Intersection en T,Vent fort / tempête,Sans collision,,,,,,,,,,,5,2,3,6.0,7.0
201700029638,0017-01-19 13:35:00,17,1,19,13,35,500,129,25 RUE ASSELIN,49.63938,-1.63324,Plein jour,En agglomération,Intersection en X,Normale,Deux véhicules - côté,,,,,,,,,,,1,2,2,1.0,3.0
201700029639,0017-01-21 22:25:00,17,1,21,22,25,500,129,PL NAPOLEON/ DE L'ONGLET,49.6444,-1.62715,Nuit avec éclairage allumé,En agglomération,Intersection en X,Normale,Trois véhicules et plus - collisions multiples,,,,,,,,,,,5,2,2,1.0,5.0
201700029640,0017-01-19 17:30:00,17,1,19,17,30,500,129,RUE DE TOURVILLE,49.64174,1.61374,Crépuscule ou aube,En agglomération,Intersection en T,Normale,Autre collision,,,,,,,,,,,2,2,3,1.0,6.0
201700029641,0017-01-23 15:10:00,17,1,23,15,10,500,129,"000, CONQUERANT (BOULEVA",49.64213,-1.63707,Plein jour,En agglomération,Intersection en X,Normale,Deux véhicules - côté,,,,,,,,,,,1,2,2,1.0,3.0
201700029642,0017-01-26 17:20:00,17,1,26,17,20,500,129,"00, GRANDE VALLEE (RUE)",49.64178,1.62588,Plein jour,En agglomération,Intersection en X,Normale,Deux véhicules - côté,,,,,,,,,,,1,2,2,1.0,3.0
201700029643,0017-01-26 15:20:00,17,1,26,15,20,500,129,"000, LEMONNIER (AVENUE A",49.63499,-1.6014,Plein jour,En agglomération,Intersection en X,Normale,Trois véhicules et plus - en chaîne,,,,,,,,,,,1,2,2,1.0,4.0
201700029644,0017-01-28 18:50:00,17,1,28,18,50,500,129,"22, FOCH (RUE DU MARECHA",49.63875,-1.62194,Nuit avec éclairage allumé,En agglomération,Hors intersection,Normale,Autre collision,,,,,,,,,,,5,2,1,1.0,6.0
201700029645,0017-02-03 15:45:00,17,2,3,15,45,500,129,"5, PICARDIE (RUE DE)",49.62778,-1.62684,Plein jour,En agglomération,Hors intersection,Pluie légère,Autre collision,,,,,,,,,,,1,2,1,2.0,6.0
201700029646,0017-02-07 13:45:00,17,2,7,13,45,500,129,"00, SAINT EXUPERY (SQUAR",49.63478,-1.62229,Plein jour,En agglomération,Intersection en T,Normale,Sans collision,,,,,,,,,,,1,2,3,1.0,7.0
201700029647,0017-02-10 20:10:00,17,2,10,20,10,500,602,Axe Nord-Sud,49.62976,-1.58035,Nuit sans éclairage public,En agglomération,Hors intersection,Neige / grêle,Deux véhicules - frontale,,,,,,,,,,,3,2,1,4.0,1.0