accident_id,datetime,annee,mois,jour,heure,minute,departement,commune_insee,adresse,latitude,longitude,luminosite,agglomeration,intersection,meteo,collision,nb_vehicules,nb_usagers,nb_indemnes,nb_tues,nb_blesses_hosp,nb_blesses_legers,age_cond_1,age_cond_2,veh_type_cond_1,veh_type_cond_2,lum_code,agg_code,int_code,atm_code,col_code
201700029766,0017-11-29 16:50:00,17,11,29,16,50,500,129,"000, NORMANDIE (AVENUE D",49.62756,-1.6253,Plein jour,En agglomération,Intersection en T,Normale,Deux véhicules - côté,,,,,,,,,,,1,2,3,1.0,3.0
201700029767,0017-12-02 22:15:00,17,12,2,22,15,500,129,"00, CARNOT (AVENUE)",49.63622,-1.61693,Nuit avec éclairage allumé,En agglomération,Hors intersection,Normale,Deux véhicules - côté,,,,,,,,,,,5,2,1,1.0,3.0
201700029768,0017-11-28 18:20:00,17,11,28,18,20,500,203,"00, MARETTES (LES)",49.60546,1.59921,Nuit avec éclairage non allumé,En agglomération,Giratoire,Normale,Deux véhicules - côté,,,,,,,,,,,4,2,6,1.0,3.0
201700029769,0017-12-07 13:30:00,17,12,7,13,30,500,129,"000, CONQUERANT (BOULEVA",49.64213,-1.63706,Plein jour,En agglomération,Intersection en X,Pluie forte,Deux véhicules - côté,,,,,,,,,,,1,2,2,3.0,3.0
201700029770,0017-12-10 20:10:00,17,12,10,20,10,500,129,"00, VAL DE SAIRE (RUE DU",49.63834,1.61068,Nuit avec éclairage allumé,En agglomération,Intersection en T,Normale,Deux véhicules - côté,,,,,,,,,,,5,2,3,1.0,3.0
201700029771,0017-12-09 00:35:00,17,12,9,0,35,500,203,"56, LUCET (RUE)",49.62348,-1.61321,Nuit avec éclairage allumé,En agglomération,Hors intersection,Pluie légère,Sans collision,,,,,,,,,,,5,2,1,2.0,7.0
201700029772,0017-12-12 08:30:00,17,12,12,8,30,500,129,"000, CRESPINIERE (CHEMIN",49.63456,-1.65198,Plein jour,Hors agglomération,Giratoire,Normale,Sans collision,,,,,,,,,,,1,1,6,1.0,7.0
201700029773,0017-12-17 15:50:00,17,12,17,15,50,500,203,AXE NORD SUD,49.60766,-1.58929,Plein jour,Hors agglomération,Hors intersection,Pluie légère,Sans collision,,,,,,,,,,,1,1,1,2.0,7.0
201700029774,0017-12-17 12:20:00,17,12,17,12,20,500,602,"96, GAMBETTA (RUE)",49.64118,1.57864,Plein jour,En agglomération,Hors intersection,Normale,Sans collision,,,,,,,,,,,1,2,1,1.0,7.0
201700029775,0017-12-15 10:40:00,17,12,15,10,40,500,203,"00, ROUGES TERRES (LES)",49.61234,-1.601,Plein jour,En agglomération,Intersection en X,Normale,Deux véhicules - arrière,,,,,,,,,,,1,2,2,1.0,2.0
201700029776,0017-12-17 22:45:00,17,12,17,22,45,500,602,"00, MARITIME (BOULEVARD)",49.64825,-1.59213,Nuit avec éclairage allumé,En agglomération,Giratoire,Pluie légère,Trois véhicules et plus - collisions multiples,,,,,,,,,,,5,2,6,2.0,5.0
201700029777,0017-12-20 07:55:00,17,12,20,7,55,500,602,"199, BOUIN (RUE JEAN)",49.62789,1.5867,Nuit avec éclairage allumé,En agglomération,Hors intersection,Normale,Sans collision,,,,,,,,,,,5,2,1,1.0,7.0
201700029778,0017-12-21 08:26:00,17,12,21,8,26,500,129,"000, MENDES FRANCE (BOUL",49.63391,-1.62299,Nuit avec éclairage allumé,En agglomération,Hors intersection,Pluie légère,Deux véhicules - côté,,,,,,,,,,,5,2,1,2.0,3.0
201700029779,0017-12-22 08:40:00,17,12,22,8,40,500,602,"779, BLUM (RUE LEON)",49.62285,-1.58528,Crépuscule ou aube,En agglomération,Hors intersection,Pluie légère,Deux véhicules - côté,,,,,,,,,,,2,2,1,2.0,3.0
201700029780,0017-12-24 17:55:00,17,12,24,17,55,500,129,"00, MEGA CGR (parking)",49.64188,-1.61074,Nuit avec éclairage allumé,En agglomération,Hors intersection,Pluie légère,Autre collision,,,,,,,,,,,5,2,1,2.0,6.0
201700029781,0017-03-19 14:45:00,17,3,19,14,45,500,147,ROND POINT DES ISLES,49.05,-1.46,Plein jour,Hors agglomération,Hors intersection,Normale,Autre collision,,,,,,,,,,,1,1,1,1.0,6.0
201700029782,0017-04-11 08:00:00,17,4,11,8,0,500,537,"14, LA GALAISIERE",49.04632,-1.42551,Plein jour,Hors agglomération,Intersection en Y,Temps éblouissant,Deux véhicules - frontale,,,,,,,,,,,1,1,4,7.0,1.0
201700029783,0017-05-26 11:37:00,17,5,26,11,37,500,147,ROCADE NORD,49.06921,-1.42598,Plein jour,Hors agglomération,Hors intersection,Normale,Trois véhicules et plus - en chaîne,,,,,,,,,,,1,1,1,1.0,4.0
201700029784,0017-06-17 09:20:00,17,6,17,9,20,500,147,"01, SAINT MALO",49.04984,-1.44824,Plein jour,En agglomération,Hors intersection,Normale,Autre collision,,,,,,,,,,,1,2,1,1.0,6.0
201700029785,0017-08-14 14:35:00,17,8,14,14,35,500,147,"75, REPUBLIQUE",49.056,-1.435,Plein jour,En agglomération,Intersection en T,Normale,Deux véhicules - arrière,,,,,,,,,,,1,2,3,1.0,2.0
201700029786,0017-09-15 08:05:00,17,9,15,8,5,500,147,"03, PLACE POISSONNERIE",49.0248,1.264,Plein jour,En agglomération,Hors intersection,Pluie légère,Autre collision,,,,,,,,,,,1,2,1,2.0,6.0
201700029787,0017-09-21 07:50:00,17,9,21,7,50,500,147,DIVISION LECLERC,49.58527,3.61125,Plein jour,En agglomération,Hors intersection,Normale,Autre collision,,,,,,,,,,,1,2,1,1.0,6.0
201700029788,0017-10-13 13:10:00,17,10,13,13,10,500,147,MARNE,49.04225,-1.44938,Plein jour,En agglomération,Hors intersection,Normale,Sans collision,,,,,,,,,,,1,2,1,1.0,7.0
201700029789,0017-11-19 00:15:00,17,11,19,0,15,500,147,ROND POINT DES POMMIERS,49.07161,1.4287,Nuit sans éclairage public,En agglomération,Giratoire,Pluie légère,Autre collision,,,,,,,,,,,3,2,6,2.0,6.0
201700029790,0017-11-23 12:20:00,17,11,23,12,20,500,147,REPUBLIQUE,49.05461,1.43884,Plein jour,En agglomération,Hors intersection,Normale,Autre collision,,,,,,,,,,,1,2,1,1.0,6.0
201700029791,0017-12-04 17:30:00,17,12,4,17,30,500,147,"410, DIVISION LECLERC",49.05725,1.46736,Nuit avec éclairage allumé,En agglomération,Hors intersection,Normale,Autre collision,,,,,,,,,,,5,2,1,1.0,6.0
201700029792,0017-12-12 07:30:00,17,12,12,7,30,500,147,ROCADE SUD,49.02844,-1.46231,Nuit sans éclairage public,Hors agglomération,Hors intersection,Neige / grêle,Autre collision,,,,,,,,,,,3,1,1,4.0,6.0
201700029793,0017-12-23 16:15:00,17,12,23,16,15,500,147,ROCADE NORD,49.0623,1.43982,Crépuscule ou aube,Hors agglomération,Hors intersection,Pluie légère,Deux véhicules - arrière,,,,,,,,,,,2,1,1,2.0,2.0
201700029794,0017-01-05 17:25:00,17,1,5,17,25,500,218,VENDEENS (AV DES),,,Crépuscule ou aube,En agglomération,Giratoire,Normale,Deux véhicules - côté,,,,,,,,,,,2,2,6,1.0,3.0
201700029795,0017-01-06 12:20:00,17,1,6,12,20,500,532,CORNICHE (RUE),,,Plein jour,En agglomération,Hors intersection,Autre,Sans collision,,,,,,,,,,,1,2,1,9.0,7.0
201700029796,0017-01-10 23:55:00,17,1,10,23,55,500,218,"10, LIBERATION (AV DE LA",48.83906,-1.59767,Nuit avec éclairage allumé,En agglomération,Hors intersection,Pluie légère,Sans collision,,,,,,,,,,,5,2,1,2.0,7.0
201700029797,0017-01-18 07:45:00,17,1,18,7,45,500,218,"30, MARECHAL LECLERC (AV",48.83786,-1.58762,Crépuscule ou aube,En agglomération,Hors intersection,Normale,Autre collision,,,,,,,,,,,2,2,1,1.0,6.0
201700029798,0017-01-18 12:00:00,17,1,18,12,0,500,218,"13, VENDEENS (AV DES)",48.83565,-1.57982,Plein jour,En agglomération,Hors intersection,Normale,Autre collision,,,,,,,,,,,1,2,1,1.0,6.0
201700029799,0017-01-18 16:10:00,17,1,18,16,10,500,165,"177, COUTANCES (ROUTE DE",48.85163,-1.57024,Plein jour,En agglomération,Hors intersection,Temps éblouissant,Autre collision,,,,,,,,,,,1,2,1,7.0,6.0
201700029800,0017-02-21 19:30:00,17,2,21,19,30,500,218,DIOR (BD),,,Nuit sans éclairage public,En agglomération,Hors intersection,Pluie légère,Autre collision,,,,,,,,,,,3,2,1,2.0,6.0
201700029801,0017-02-26 01:53:00,17,2,26,1,53,500,218,"97, COURAYE (RUE)",48.83771,1.59209,Nuit avec éclairage allumé,En agglomération,Hors intersection,Normale,Deux véhicules - côté,,,,,,,,,,,5,2,1,1.0,3.0
201700029802,0017-02-25 04:05:00,17,2,25,4,5,500,218,"24, CORSAIRES (PLACE DES",,,Nuit avec éclairage allumé,En agglomération,Intersection en X,Normale,Autre collision,,,,,,,,,,,5,2,2,1.0,6.0
201700029803,0017-03-06 11:10:00,17,3,6,11,10,500,532,CROISSANT (ROUTE DU),,,Plein jour,Hors agglomération,Intersection en X,Pluie légère,Deux véhicules - côté,,,,,,,,,,,1,1,2,2.0,3.0
201700029804,0017-03-20 18:50:00,17,3,20,18,50,500,218,"48, PORT (RUE DU)",48.83579,-1.60526,Plein jour,En agglomération,Hors intersection,Pluie légère,Deux véhicules - côté,,,,,,,,,,,1,2,1,2.0,3.0
201700029805,0017-04-01 18:27:00,17,4,1,18,27,500,647,RD 135 E,,,Plein jour,En agglomération,Hors intersection,Normale,Deux véhicules - frontale,,,,,,,,,,,1,2,1,1.0,1.0
201700029806,0017-04-07 15:07:00,17,4,7,15,7,500,218,VILLEDIEU LES POELES (RO,,,Plein jour,En agglomération,Hors intersection,Normale,Deux véhicules - frontale,,,,,,,,,,,1,2,1,1.0,1.0
201700029807,0017-04-13 19:00:00,17,4,13,19,0,500,647,SAPINS (IMPASSE DES),48.83931,-1.54808,Plein jour,En agglomération,Intersection en T,Normale,Deux véhicules - côté,,,,,,,,,,,1,2,3,1.0,3.0
201700029808,0017-04-11 13:55:00,17,4,11,13,55,500,218,JAURES (RUE ),,,Plein jour,En agglomération,Intersection en X,Normale,Deux véhicules - côté,,,,,,,,,,,1,2,2,1.0,3.0
201700029809,0017-04-22 11:00:00,17,4,22,11,0,500,218,DU 11 NOVEMBRE 1918 (PLA,48.83774,-1.57671,Plein jour,En agglomération,Hors intersection,Normale,Deux véhicules - côté,,,,,,,,,,,1,2,1,1.0,3.0
201700029810,0017-04-26 14:10:00,17,4,26,14,10,500,218,"1, ROSTAN (RUE )",48.8337,1.56973,Plein jour,En agglomération,Hors intersection,Normale,Autre collision,,,,,,,,,,,1,2,1,1.0,6.0
201700029811,0017-05-17 09:40:00,17,5,17,9,40,500,532,"218, MAIRIE (RUE DE LA)",48.81361,-1.56708,Plein jour,En agglomération,Hors intersection,Normale,Autre collision,,,,,,,,,,,1,2,1,1.0,6.0
201700029812,0017-05-18 14:00:00,17,5,18,14,0,500,218,AVRANCHES (ROUTE D'),48.82472,-1.55825,Plein jour,Hors agglomération,Intersection en X,Pluie légère,Deux véhicules - côté,,,,,,,,,,,1,1,2,2.0,3.0
201700029813,0017-05-27 11:45:00,17,5,27,11,45,500,218,SAINT GAUD (RUE),48.8316,1.5832,Plein jour,En agglomération,Hors intersection,Normale,Deux véhicules - côté,,,,,,,,,,,1,2,1,1.0,3.0
201700029814,0017-06-06 20:00:00,17,6,6,20,0,500,165,"216, COUTANCES (ROUTE DE",48.85183,1.56963,Plein jour,En agglomération,Hors intersection,Normale,Deux véhicules - arrière,,,,,,,,,,,1,2,1,1.0,2.0
201700029815,0017-06-18 02:30:00,17,6,18,2,30,500,532,DEGANETIERE (ROUTE),48.79924,1.55601,Nuit sans éclairage public,Hors agglomération,Intersection en X,Normale,Autre collision,,,,,,,,,,,3,1,2,1.0,6.0
201700029816,0017-07-15 13:45:00,17,7,15,13,45,500,218,"39, CORSAIRES (RUE AUX)",,,Plein jour,En agglomération,Hors intersection,Normale,Deux véhicules - arrière,,,,,,,,,,,1,2,1,1.0,2.0
201700029817,0017-07-19 13:20:00,17,7,19,13,20,500,165,"75, COUTANCES (ROUTE DE)",48.84566,-1.58303,Plein jour,En agglomération,Hors intersection,Normale,Autre collision,,,,,,,,,,,1,2,1,1.0,6.0
201700029818,0017-07-20 10:45:00,17,7,20,10,45,500,165,"172, COUTANCES (ROUTE DE",48.85045,1.5727,Plein jour,En agglomération,Hors intersection,Pluie légère,Autre collision,,,,,,,,,,,1,2,1,2.0,6.0
201700029819,0017-07-27 17:35:00,17,7,27,17,35,500,218,VAUFLEURY (BD),,,Plein jour,En agglomération,Hors intersection,Normale,Autre collision,,,,,,,,,,,1,2,1,1.0,6.0
201700029820,0017-08-09 10:10:00,17,8,9,10,10,500,218,MATIGNON (AV DES),,,Plein jour,En agglomération,Hors intersection,Temps couvert,Sans collision,,,,,,,,,,,1,2,1,8.0,7.0
201700029821,0017-08-09 11:25:00,17,8,9,11,25,500,532,NATIONALE (ANCIENNE ROUT,,,Plein jour,Hors agglomération,Hors intersection,Temps couvert,Autre collision,,,,,,,,,,,1,1,1,8.0,6.0
201700029822,0017-08-12 10:12:00,17,8,12,10,12,500,647,VILLEDIEU (ROUTE DE),48.50157,-1.3222,Plein jour,Hors agglomération,Giratoire,Normale,Autre collision,,,,,,,,,,,1,1,6,1.0,6.0
201700029823,0017-08-19 17:55:00,17,8,19,17,55,500,218,CRETE  (RUE DE LA),,,Plein jour,En agglomération,Intersection en X,Normale,Deux véhicules - côté,,,,,,,,,,,1,2,2,1.0,3.0
201700029824,0017-09-01 22:15:00,17,9,1,22,15,500,532,"53, FAISANDERIE (AVENUE)",48.0,-1.0,Nuit avec éclairage allumé,En agglomération,Hors intersection,Normale,Sans collision,,,,,,,,,,,5,2,1,1.0,7.0
201700029825,0017-09-09 08:45:00,17,9,9,8,45,500,647,NORMANDIE (RUE DE),,,Plein jour,En agglomération,Hors intersection,Pluie légère,Autre collision,,,,,,,,,,,1,2,1,2.0,6.0
201700029826,0017-09-19 18:45:00,17,9,19,18,45,500,532,NATIONALE (ANCIENNE ROUT,48.81531,-1.54514,Plein jour,Hors agglomération,Hors intersection,Normale,Deux véhicules - arrière,,,,,,,,,,,1,1,1,1.0,2.0
201700029827,0017-10-28 17:10:00,17,10,28,17,10,500,647,VILLEDIEU (ROUTE DE),48.83756,-1.54053,Plein jour,Hors agglomération,Hors intersection,Normale,Deux véhicules - côté,,,,,,,,,,,1,1,1,1.0,3.0
201700029828,0017-10-30 22:00:00,17,10,30,22,0,500,218,"2, VAUFLEURY (BD)",48.83449,1.60963,Nuit avec éclairage allumé,En agglomération,Hors intersection,Normale,Deux véhicules - côté,,,,,,,,,,,5,2,1,1.0,3.0
201700029829,0017-10-31 22:25:00,17,10,31,22,25,500,165,"119, COUTANCES (ROUTE DE",48.84843,1.57732,Nuit avec éclairage allumé,En agglomération,Hors intersection,Normale,Autre collision,,,,,,,,,,,5,2,1,1.0,6.0
201700029830,0017-11-01 06:00:00,17,11,1,6,0,500,165,"104, COUTANCES (ROUTE DE",48.84743,-1.57907,Nuit avec éclairage allumé,En agglomération,Hors intersection,Normale,Autre collision,,,,,,,,,,,5,2,1,1.0,6.0
201700029831,0017-11-03 11:50:00,17,11,3,11,50,500,532,FOURNEAU (RUE),,,Plein jour,En agglomération,Intersection en T,Normale,Deux véhicules - côté,,,,,,,,,,,1,2,3,1.0,3.0
201700029832,0017-11-07 19:20:00,17,11,7,19,20,500,165,"594, ENTRE DEUX ROCHERS",48.85119,-1.56688,Nuit avec éclairage allumé,En agglomération,Hors intersection,Pluie forte,Trois véhicules et plus - collisions multiples,,,,,,,,,,,5,2,1,3.0,5.0
201700029833,0017-11-15 15:56:00,17,11,15,15,56,500,218,VILLAGE L'ARCHER (RUE DU,48.83533,1.56242,Plein jour,En agglomération,Autre intersection,Normale,Deux véhicules - arrière,,,,,,,,,,,1,2,9,1.0,2.0
201700029834,0017-11-16 08:00:00,17,11,16,8,0,500,218,"45, ARISTIDE BRIAND (AVE",48.83684,-1.58264,Crépuscule ou aube,En agglomération,Hors intersection,Normale,Deux véhicules - côté,,,,,,,,,,,2,2,1,1.0,3.0
201700029835,0017-11-17 07:55:00,17,11,17,7,55,500,218,"502, SAINT NICOLAS (RUE)",,,Plein jour,En agglomération,Hors intersection,Normale,Deux véhicules - arrière,,,,,,,,,,,1,2,1,1.0,2.0
201700029836,0017-12-02 19:00:00,17,12,2,19,0,500,218,GARE (AV DE LA ),48.83781,1.58888,Nuit avec éclairage allumé,En agglomération,Giratoire,Temps couvert,Sans collision,,,,,,,,,,,5,2,6,8.0,7.0
201700029837,0017-12-03 01:15:00,17,12,3,1,15,500,218,COUVENT (CHEMIN DU),48.83919,-1.57468,Nuit sans éclairage public,En agglomération,Hors intersection,Normale,Autre collision,,,,,,,,,,,3,2,1,1.0,6.0
201700029838,0017-12-18 16:40:00,17,12,18,16,40,500,218,"867, MATIGNON (AV DES)",,,Plein jour,En agglomération,Hors intersection,Normale,Autre collision,,,,,,,,,,,1,2,1,1.0,6.0
201700029839,0017-12-27 18:30:00,17,12,27,18,30,500,218,"659, MATIGNON (AV DES)",48.83804,-1.57621,Nuit avec éclairage allumé,En agglomération,Hors intersection,Pluie légère,Autre collision,,,,,,,,,,,5,2,1,2.0,6.0
201700029840,0017-12-29 16:00:00,17,12,29,16,0,500,218,AVRANCHES (ROUTE D'),,,Plein jour,Hors agglomération,Intersection en X,Pluie légère,Trois véhicules et plus - collisions multiples,,,,,,,,,,,1,1,2,2.0,5.0
201700029841,0017-01-03 15:45:00,17,1,3,15,45,500,502,"680, DUNANT Henri",49.10714,-1.10806,Plein jour,En agglomération,Hors intersection,Normale,Autre collision,,,,,,,,,,,1,2,1,1.0,6.0
201700029842,0017-01-10 08:25:00,17,1,10,8,25,500,2,"23, COUTANCES (route de)",49.11807,-1.10707,Nuit avec éclairage allumé,En agglomération,Hors intersection,Normale,Autre collision,,,,,,,,,,,5,2,1,1.0,6.0
201700029843,0017-01-10 09:05:00,17,1,10,9,5,500,502,RUE BEAUCOUDRAY,49.11631,-1.08888,Plein jour,En agglomération,Hors intersection,Normale,Autre collision,,,,,,,,,,,1,2,1,1.0,6.0
201700029844,0017-01-16 08:50:00,17,1,16,8,50,500,2,"24, COUTANCES (route de)",49.11784,-1.10349,Plein jour,En agglomération,Hors intersection,Pluie légère,Autre collision,,,,,,,,,,,1,2,1,2.0,6.0
201700029845,0017-01-28 01:25:00,17,1,28,1,25,500,502,ROUTE DE TESSY,49.09368,-1.09234,Nuit sans éclairage public,Hors agglomération,Hors intersection,Normale,Autre collision,,,,,,,,,,,3,1,1,1.0,6.0
201700029846,0017-02-17 09:30:00,17,2,17,9,30,500,502,JOUHAUX Léon,49.11647,-1.05461,Plein jour,En agglomération,Giratoire,Normale,Deux véhicules - côté,,,,,,,,,,,1,2,6,1.0,3.0
201700029847,0017-02-21 13:20:00,17,2,21,13,20,500,502,EXODE,49.1042,-1.08575,Plein jour,En agglomération,Intersection en X,Pluie légère,Deux véhicules - côté,,,,,,,,,,,1,2,2,2.0,3.0
201700029848,0017-02-22 07:35:00,17,2,22,7,35,500,502,"862, CARENTAN",49.12283,-1.09341,Crépuscule ou aube,En agglomération,Hors intersection,Pluie légère,Deux véhicules - arrière,,,,,,,,,,,2,2,1,2.0,2.0
201700029849,0017-03-31 14:35:00,17,3,31,14,35,500,502,RN 174 (2x2) rp de La Li,49.09842,-1.08283,Plein jour,Hors agglomération,Hors intersection,Normale,Autre collision,,,,,,,,,,,1,1,1,1.0,6.0
201700029850,0017-04-01 19:55:00,17,4,1,19,55,500,502,"13, BOULEVARD DU MIDI",49.11088,-1.0845,Plein jour,En agglomération,Hors intersection,Normale,Deux véhicules - frontale,,,,,,,,,,,1,2,1,1.0,1.0
201700029851,0017-04-12 14:30:00,17,4,12,14,30,500,502,MARNE,49.11363,-1.08558,Plein jour,En agglomération,Giratoire,Normale,Deux véhicules - frontale,,,,,,,,,,,1,2,6,1.0,1.0
201700029852,0017-04-13 20:15:00,17,4,13,20,15,500,502,AALEN,49.10906,-1.10025,Crépuscule ou aube,En agglomération,Hors intersection,Normale,Deux véhicules - frontale,,,,,,,,,,,2,2,1,1.0,1.0
201700029853,0017-04-26 18:00:00,17,4,26,18,0,500,502,"132, TILLEULS (rue des)",49.11099,-1.07108,Plein jour,En agglomération,Hors intersection,Normale,Deux véhicules - arrière,,,,,,,,,,,1,2,1,1.0,2.0
201700029854,0017-04-29 18:30:00,17,4,29,18,30,500,502,"102, LECLERC (rue du Mar",49.11509,-1.08536,Plein jour,En agglomération,Hors intersection,Normale,Deux véhicules - côté,,,,,,,,,,,1,2,1,1.0,3.0
201700029855,0017-05-09 17:55:00,17,5,9,17,55,500,502,LAITIERE NORMANDE,49.1162,-1.09011,Plein jour,En agglomération,Hors intersection,Normale,Autre collision,,,,,,,,,,,1,2,1,1.0,6.0
201700029856,0017-05-23 17:50:00,17,5,23,17,50,500,502,DE LATTRE DE TASSIGNY (R,49.11479,-1.08185,Plein jour,En agglomération,Hors intersection,Normale,Autre collision,,,,,,,,,,,1,2,1,1.0,6.0
201700029857,0017-06-03 11:05:00,17,6,3,11,5,500,502,6 JUIN 1944,49.06529,-1.05,Plein jour,En agglomération,Giratoire,Normale,Trois véhicules et plus - en chaîne,,,,,,,,,,,1,2,6,1.0,4.0
201700029858,0017-06-06 13:40:00,17,6,6,13,40,500,502,TESSY,49.09606,-1.09395,Plein jour,Hors agglomération,Intersection en T,Temps couvert,Deux véhicules - côté,,,,,,,,,,,1,1,3,8.0,3.0
201700029859,0017-06-08 14:55:00,17,6,8,14,55,500,502,"172, TILLEULS (rue des)",49.06388,-1.04172,Plein jour,En agglomération,Hors intersection,Normale,Deux véhicules - frontale,,,,,,,,,,,1,2,1,1.0,1.0
201700029860,0017-06-16 14:25:00,17,6,16,14,25,500,502,D 972,49.11012,-1.05531,Plein jour,Hors agglomération,Intersection en Y,Normale,Deux véhicules - côté,,,,,,,,,,,1,1,4,1.0,3.0
201700029861,0017-06-30 17:25:00,17,6,30,17,25,500,502,HETRES,49.15476,-1.06585,Plein jour,En agglomération,Hors intersection,Normale,Deux véhicules - côté,,,,,,,,,,,1,2,1,1.0,3.0
201700029862,0017-07-11 14:30:00,17,7,11,14,30,500,502,TORIGNI,49.10598,-1.06871,Plein jour,En agglomération,Hors intersection,Normale,Deux véhicules - arrière,,,,,,,,,,,1,2,1,1.0,2.0
201700029863,0017-07-21 15:10:00,17,7,21,15,10,500,502,BRIOVERE,49.11577,1.09964,Plein jour,En agglomération,Hors intersection,Normale,Autre collision,,,,,,,,,,,1,2,1,1.0,6.0
201700029864,0017-07-23 07:50:00,17,7,23,7,50,500,502,RN 174  (2x2 ) Atlantiqu,49.09817,1.07821,Plein jour,Hors agglomération,Hors intersection,Pluie légère,Autre collision,,,,,,,,,,,1,1,1,2.0,6.0
201700029865,0017-08-26 17:50:00,17,8,26,17,50,500,502,LIBERTE (rond point de L,49.10163,1.11588,Plein jour,En agglomération,Giratoire,Normale,Deux véhicules - arrière,,,,,,,,,,,1,2,6,1.0,2.0
201700029866,0017-08-29 16:52:00,17,8,29,16,52,500,502,RN 174  (2x2 ) Atlantiqu,49.09819,-1.08199,Plein jour,Hors agglomération,Hors intersection,Normale,Sans collision,,,,,,,,,,,1,1,1,1.0,7.0
201700029867,0017-09-29 21:30:00,17,9,29,21,30,500,502,RN 174 (2x2) rp de La Li,49.09843,1.11152,Nuit sans éclairage public,Hors agglomération,Hors intersection,Normale,Autre collision,,,,,,,,,,,3,1,1,1.0,6.0
201700029868,0017-10-16 16:55:00,17,10,16,16,55,500,2,CAMPAGNES,49.11841,1.10785,Plein jour,En agglomération,Hors intersection,Normale,Autre collision,,,,,,,,,,,1,2,1,1.0,6.0
201700029869,0017-12-11 08:00:00,17,12,11,8,0,500,502,", GERHARDT (Gnral)",49.6,-1.45,Nuit avec éclairage allumé,En agglomération,Hors intersection,Pluie forte,Autre collision,,,,,,,,,,,5,2,1,3.0,6.0
201700029870,0017-12-14 07:40:00,17,12,14,7,40,500,502,MARNE,49.648,-1.525,Crépuscule ou aube,En agglomération,Intersection en X,Pluie légère,Deux véhicules - côté,,,,,,,,,,,2,2,2,2.0,3.0
201700029871,0017-01-16 11:35:00,17,1,16,11,35,510,108,R FLANDRE DUNKERQUE 1940,48.96136,4.36108,Plein jour,En agglomération,Intersection en X,Normale,Deux véhicules - côté,,,,,,,,,,,1,2,2,1.0,3.0
201700029872,0017-01-27 15:10:00,17,1,27,15,10,510,108,PARKING CARREFOUR,48.94342,4.38594,Plein jour,En agglomération,Intersection en X,Normale,Deux véhicules - côté,,,,,,,,,,,1,2,2,1.0,3.0
201700029873,0017-02-15 18:15:00,17,2,15,18,15,510,108,AVE DU MARECHAL LECLERC,48.95181,4.36156,Nuit avec éclairage allumé,En agglomération,Hors intersection,Normale,Autre collision,,,,,,,,,,,5,2,1,1.0,6.0
201700029874,0017-03-02 05:45:00,17,3,2,5,45,510,108,RUE PAUL MOUTON,48.93676,4.3785,Nuit avec éclairage allumé,En agglomération,Hors intersection,Normale,Autre collision,,,,,,,,,,,5,2,1,1.0,6.0
201700029875,0017-03-10 13:05:00,17,3,10,13,5,510,242,EPERNAY,48.95806,4.32332,Plein jour,En agglomération,Hors intersection,Normale,Autre collision,,,,,,,,,,,1,2,1,1.0,6.0
201700029876,0017-07-13 13:00:00,17,7,13,13,0,510,453,D1,48.99425,4.30939,Plein jour,Hors agglomération,Hors intersection,Normale,Sans collision,,,,,,,,,,,1,1,1,1.0,7.0
201700029877,0017-08-06 19:55:00,17,8,6,19,55,510,108,124 AV GEN DE GAULLE,48.94666,4.37379,Plein jour,En agglomération,Giratoire,Temps éblouissant,Autre collision,,,,,,,,,,,1,2,6,7.0,6.0
201700029878,0017-08-12 06:40:00,17,8,12,6,40,510,525,N44,48.91803,4.42156,Crépuscule ou aube,Hors agglomération,Hors intersection,Pluie légère,Deux véhicules - arrière,,,,,,,,,,,2,1,1,2.0,2.0
201700029879,0017-08-27 17:10:00,17,8,27,17,10,510,168,LE PILLOT,48.92483,4.35204,Plein jour,En agglomération,Hors intersection,Normale,Deux véhicules - arrière,,,,,,,,,,,1,2,1,1.0,2.0
201700029880,0017-10-20 18:55:00,17,10,20,18,55,510,108,72 ALLEE PAUL DOUMER,48.95514,4.37556,Crépuscule ou aube,En agglomération,Place,Temps couvert,Autre collision,,,,,,,,,,,2,2,7,8.0,6.0
201700029881,0017-11-17 11:00:00,17,11,17,11,0,510,108,RUE DE BAGATELLE,48.94656,4.37443,Plein jour,En agglomération,Giratoire,Normale,Autre collision,,,,,,,,,,,1,2,6,1.0,6.0
201700029882,0017-11-26 14:45:00,17,11,26,14,45,510,160,RUE PASTEUR,48.93796,4.35054,Plein jour,En agglomération,Intersection en X,Normale,Deux véhicules - arrière,,,,,,,,,,,1,2,2,1.0,2.0
201700029883,0017-12-06 17:07:00,17,12,6,17,7,510,108,33 AVENUE DE PARIS,48.95141,4.34781,Crépuscule ou aube,En agglomération,Hors intersection,Temps couvert,Autre collision,,,,,,,,,,,2,2,1,8.0,6.0
201700029884,0017-12-14 23:40:00,17,12,14,23,40,510,108,2 QUAI EUGENE PERRIER,48.95883,4.36175,Nuit avec éclairage allumé,En agglomération,Hors intersection,Normale,Autre collision,,,,,,,,,,,5,2,1,1.0,6.0
201700029885,0017-12-16 18:00:00,17,12,16,18,0,510,242,114 AV PIERRE SEMARD,48.95222,4.33361,Nuit avec éclairage allumé,En agglomération,Intersection à plus de 4 branches,Normale,Deux véhicules - côté,,,,,,,,,,,5,2,5,1.0,3.0
201700029886,0017-03-12 17:15:00,17,3,12,17,15,510,230,D401,49.05451,3.9506,Plein jour,En agglomération,Hors intersection,Normale,Deux véhicules - frontale,,,,,,,,,,,1,2,1,1.0,1.0