accident_id,datetime,annee,mois,jour,heure,minute,departement,commune_insee,adresse,latitude,longitude,luminosite,agglomeration,intersection,meteo,collision,nb_vehicules,nb_usagers,nb_indemnes,nb_tues,nb_blesses_hosp,nb_blesses_legers,age_cond_1,age_cond_2,veh_type_cond_1,veh_type_cond_2,lum_code,agg_code,int_code,atm_code,col_code
201700029887,0017-04-09 07:35:00,17,4,9,7,35,510,344,D3,49.05121,3.92713,Plein jour,En agglomération,Hors intersection,Normale,Autre collision,,,,,,,,,,,1,2,1,1.0,6.0
201700029888,0017-05-11 09:29:00,17,5,11,9,29,510,230,AVENUE DE CHAMPAGNE,,,Plein jour,En agglomération,Hors intersection,Normale,Deux véhicules - arrière,,,,,,,,,,,1,2,1,1.0,2.0
201700029889,0017-06-22 17:15:00,17,6,22,17,15,510,230,RUE CROIX DE BUSSY,49.0372,3.96188,Plein jour,En agglomération,Intersection en X,Normale,Deux véhicules - côté,,,,,,,,,,,1,2,2,1.0,3.0
201700029890,0017-07-07 14:40:00,17,7,7,14,40,510,431,D951,49.01458,3.9422,Plein jour,Hors agglomération,Intersection en X,Normale,Deux véhicules - côté,,,,,,,,,,,1,1,2,1.0,3.0
201700029891,0017-07-10 14:29:00,17,7,10,14,29,510,230,45 AVENUE PAUL CHANDON,49.03814,3.95231,Plein jour,En agglomération,Hors intersection,Normale,Deux véhicules - côté,,,,,,,,,,,1,2,1,1.0,3.0
201700029892,0017-07-21 20:30:00,17,7,21,20,30,510,390,D951,49.00979,3.9225,Plein jour,Hors agglomération,Hors intersection,Normale,Deux véhicules - côté,,,,,,,,,,,1,1,1,1.0,3.0
201700029893,0017-08-23 17:43:00,17,8,23,17,43,510,230,13 PLACE CARNOT,49.04365,3.95117,Plein jour,En agglomération,Hors intersection,Normale,Deux véhicules - arrière,,,,,,,,,,,1,2,1,1.0,2.0
201700029894,0017-09-06 15:40:00,17,9,6,15,40,510,230,ALLEE DE CUMIERES,49.05789,3.95495,Plein jour,En agglomération,Hors intersection,Temps couvert,Deux véhicules - frontale,,,,,,,,,,,1,2,1,8.0,1.0
201700029895,0017-09-09 12:20:00,17,9,9,12,20,510,230,RUE CROIX DE BUSSY,49.03886,3.96261,Plein jour,En agglomération,Intersection en X,Normale,Deux véhicules - côté,,,,,,,,,,,1,2,2,1.0,3.0
201700029896,0017-11-24 17:50:00,17,11,24,17,50,510,230,11 RUE CROIX DE BUSSY,49.03045,3.96322,Nuit avec éclairage allumé,En agglomération,Intersection en T,Temps couvert,Trois véhicules et plus - collisions multiples,,,,,,,,,,,5,2,3,8.0,5.0
201700029897,0017-11-30 08:03:00,17,11,30,8,3,510,230,AVENUE MARECHAL FOCH,49.03804,3.94919,Crépuscule ou aube,En agglomération,Hors intersection,Pluie légère,Autre collision,,,,,,,,,,,2,2,1,2.0,6.0
201700029898,0017-11-30 17:44:00,17,11,30,17,44,510,230,AVENUE MARECHAL FOCH,49.03372,3.94808,Crépuscule ou aube,En agglomération,Hors intersection,Neige / grêle,Autre collision,,,,,,,,,,,2,2,1,4.0,6.0
201700029899,0017-01-01 10:00:00,17,1,1,10,0,510,454,P. MARCHANDEAU/BOCQUAINE,49.2441,4.02754,Plein jour,En agglomération,Intersection en X,Temps couvert,Deux véhicules - côté,,,,,,,,,,,1,2,2,8.0,3.0
201700029900,0017-01-03 01:17:00,17,1,3,1,17,510,454,R.GAMBETTA/DU RUISSELET,49.24557,4.03999,Nuit avec éclairage allumé,En agglomération,Intersection en X,Autre,Autre collision,,,,,,,,,,,5,2,2,9.0,6.0
201700029901,0017-01-03 17:15:00,17,1,3,17,15,510,454,DIEU LUMIERE/ST JULIEN,49.24306,4.04394,Crépuscule ou aube,En agglomération,Intersection en X,Temps couvert,Deux véhicules - côté,,,,,,,,,,,2,2,2,8.0,3.0
201700029902,0017-01-06 16:10:00,17,1,6,16,10,510,474,RUE DE BERNEX,49.28063,4.0048,Plein jour,En agglomération,Hors intersection,Normale,Autre collision,,,,,,,,,,,1,2,1,1.0,6.0
201700029903,0017-01-09 17:40:00,17,1,9,17,40,510,454,BOULEVARD LOUIS ROEDERER,49.25656,4.02245,Crépuscule ou aube,En agglomération,Hors intersection,Normale,Deux véhicules - arrière,,,,,,,,,,,2,2,1,1.0,2.0
201700029904,0017-01-10 07:45:00,17,1,10,7,45,510,454,AVENUE EDMOND MICHELET,49.22205,4.03348,Nuit sans éclairage public,En agglomération,Hors intersection,Pluie légère,Trois véhicules et plus - en chaîne,,,,,,,,,,,3,2,1,2.0,4.0
201700029905,0017-01-10 11:30:00,17,1,10,11,30,510,454,RUES DE VENISE/CLOVIS,49.24659,4.03183,Plein jour,Hors agglomération,Intersection en X,Normale,Autre collision,,,,,,,,,,,1,1,2,1.0,6.0
201700029906,0017-01-11 14:20:00,17,1,11,14,20,510,58,RUE L. VICTOR DE BROGLIE,49.21781,3.99803,Plein jour,En agglomération,Giratoire,Pluie légère,Deux véhicules - côté,,,,,,,,,,,1,2,6,2.0,3.0
201700029907,0017-01-12 16:30:00,17,1,12,16,30,510,454,PRE AUX MOINES/D LUMIERE,49.23941,4.03838,Crépuscule ou aube,En agglomération,Intersection en Y,Pluie légère,Deux véhicules - frontale,,,,,,,,,,,2,2,4,2.0,1.0
201700029908,0017-01-13 20:45:00,17,1,13,20,45,510,454,BOULEVARD JOFFRE,49.25856,4.02513,Nuit avec éclairage allumé,En agglomération,Hors intersection,Normale,Trois véhicules et plus - en chaîne,,,,,,,,,,,5,2,1,1.0,4.0
201700029909,0017-01-16 15:45:00,17,1,16,15,45,510,172,AVENUE NICEPHORE NIEPCE,49.22872,4.06771,Plein jour,Hors agglomération,Hors intersection,Temps couvert,Autre collision,,,,,,,,,,,1,1,1,8.0,6.0
201700029910,0017-01-16 16:43:00,17,1,16,16,43,510,454,RUE DU BARBATRE,49.24595,4.04293,Plein jour,En agglomération,Hors intersection,Temps couvert,Deux véhicules - côté,,,,,,,,,,,1,2,1,8.0,3.0
201700029911,0017-01-17 08:15:00,17,1,17,8,15,510,454,RUE DE NICE,49.26454,4.06043,Crépuscule ou aube,En agglomération,Hors intersection,Normale,Autre collision,,,,,,,,,,,2,2,1,1.0,6.0
201700029912,0017-01-18 11:35:00,17,1,18,11,35,510,454,RUE GAMBETTA,49.24869,4.03723,Plein jour,En agglomération,Hors intersection,Normale,Autre collision,,,,,,,,,,,1,2,1,1.0,6.0
201700029913,0017-01-19 14:45:00,17,1,19,14,45,510,454,VESLE/POISSONNIERS,49.25211,4.02513,Plein jour,En agglomération,Intersection en X,Normale,Deux véhicules - côté,,,,,,,,,,,1,2,2,1.0,3.0
201700029914,0017-01-24 13:00:00,17,1,24,13,0,510,454,EPERNAY/EISENHOWER,49.24084,4.01349,Plein jour,En agglomération,Intersection en X,Normale,Deux véhicules - côté,,,,,,,,,,,1,2,2,1.0,3.0
201700029915,0017-01-24 17:00:00,17,1,24,17,0,510,454,AVENUE HOCHE,49.23125,4.06205,Crépuscule ou aube,En agglomération,Hors intersection,Temps couvert,Deux véhicules - côté,,,,,,,,,,,2,2,1,8.0,3.0
201700029916,0017-01-25 14:40:00,17,1,25,14,40,510,454,PLACE MAURICE GABERTHON,49.28552,4.02757,Plein jour,En agglomération,Giratoire,Normale,Deux véhicules - côté,,,,,,,,,,,1,2,6,1.0,3.0
201700029917,0017-01-27 19:05:00,17,1,27,19,5,510,454,DAUPHINOT/DES GOBELINS,49.25957,4.05637,Nuit avec éclairage allumé,En agglomération,Intersection en T,Normale,Deux véhicules - côté,,,,,,,,,,,5,2,3,1.0,3.0
201700029918,0017-01-31 21:25:00,17,1,31,21,25,510,454,GERUZEZ/BROSSOLETTE,49.26439,4.01876,Nuit avec éclairage allumé,En agglomération,Intersection en X,Pluie légère,Deux véhicules - côté,,,,,,,,,,,5,2,2,2.0,3.0
201700029919,0017-02-01 18:55:00,17,2,1,18,55,510,454,RUES LEFEVRE/D'ITALIE,49.26601,4.0529,Nuit avec éclairage allumé,En agglomération,Intersection en X,Pluie légère,Deux véhicules - côté,,,,,,,,,,,5,2,2,2.0,3.0
201700029920,0017-02-02 17:17:00,17,2,2,17,17,510,58,RUE LOUIS RENAULT,49.2243,4.00835,Plein jour,Hors agglomération,Hors intersection,Normale,Autre collision,,,,,,,,,,,1,1,1,1.0,6.0
201700029921,0017-02-02 21:00:00,17,2,2,21,0,510,454,RUE FRANCOIS MAURIAC,49.24321,4.00028,Nuit avec éclairage allumé,En agglomération,Hors intersection,Normale,Autre collision,,,,,,,,,,,5,2,1,1.0,6.0
201700029922,0017-02-03 13:20:00,17,2,3,13,20,510,454,H. VASNIER/CDT LA MESLEE,49.24605,4.04684,Plein jour,En agglomération,Intersection en X,Normale,Deux véhicules - côté,,,,,,,,,,,1,2,2,1.0,3.0
201700029923,0017-02-04 19:43:00,17,2,4,19,43,510,172,PARKING CORA,49.21634,4.05276,Nuit avec éclairage allumé,En agglomération,Hors intersection,Temps couvert,Deux véhicules - côté,,,,,,,,,,,5,2,1,8.0,3.0
201700029924,0017-02-06 19:30:00,17,2,6,19,30,510,172,PLACE DE LA FRATERNITE,49.21515,4.05096,Nuit avec éclairage allumé,En agglomération,Giratoire,Pluie légère,Autre collision,,,,,,,,,,,5,2,6,2.0,6.0
201700029925,0017-02-08 16:00:00,17,2,8,16,0,510,454,PL DES DROITS DE L'HOMME,49.24089,4.0444,Plein jour,En agglomération,Giratoire,Normale,Deux véhicules - côté,,,,,,,,,,,1,2,6,1.0,3.0
201700029926,0017-02-10 12:15:00,17,2,10,12,15,510,454,AVENUE DE LAON,49.2617,4.02982,Plein jour,En agglomération,Hors intersection,Normale,Autre collision,,,,,,,,,,,1,2,1,1.0,6.0
201700029927,0017-02-10 15:27:00,17,2,10,15,27,510,454,AVENUE DU GAL DE GAULLE,49.24115,4.01426,Plein jour,En agglomération,Hors intersection,Neige / grêle,Autre collision,,,,,,,,,,,1,2,1,4.0,6.0
201700029928,0017-02-11 12:15:00,17,2,11,12,15,510,454,BD V. HUGO/R. COQUILLARD,49.24577,4.04471,Plein jour,En agglomération,Intersection en T,Normale,Trois véhicules et plus - en chaîne,,,,,,,,,,,1,2,3,1.0,4.0
201700029929,0017-02-15 08:30:00,17,2,15,8,30,510,454,BD DR ROUX/F. CERVEAUX,49.23219,4.02359,Plein jour,En agglomération,Intersection en T,Normale,Deux véhicules - côté,,,,,,,,,,,1,2,3,1.0,3.0
201700029930,0017-02-15 17:05:00,17,2,15,17,5,510,454,AVENUE GEORGES POMPIDOU,49.21986,4.02219,Plein jour,En agglomération,Giratoire,Normale,Deux véhicules - arrière,,,,,,,,,,,1,2,6,1.0,2.0
201700029931,0017-02-16 07:50:00,17,2,16,7,50,510,454,BOULEVARD DES TONDEURS,49.2822,4.01218,Plein jour,En agglomération,Hors intersection,Normale,Trois véhicules et plus - en chaîne,,,,,,,,,,,1,2,1,1.0,4.0
201700029932,0017-02-20 09:30:00,17,2,20,9,30,510,454,D966/RUE DESBUREAUX,49.27343,4.02665,Plein jour,En agglomération,Intersection en T,Pluie légère,Trois véhicules et plus - collisions multiples,,,,,,,,,,,1,2,3,2.0,5.0
201700029933,0017-02-22 17:50:00,17,2,22,17,50,510,454,RUE DES MOISSONS,49.25203,4.04309,Plein jour,En agglomération,Hors intersection,Normale,Deux véhicules - côté,,,,,,,,,,,1,2,1,1.0,3.0
201700029934,0017-02-24 12:55:00,17,2,24,12,55,510,454,RUE DE SACY/RUE FORAIN,49.2376,4.02656,Plein jour,En agglomération,Intersection en X,Pluie forte,Autre collision,,,,,,,,,,,1,2,2,3.0,6.0
201700029935,0017-02-25 12:15:00,17,2,25,12,15,510,454,RUE DE VENISE/RUE CLOVIS,49.2466,4.03195,Plein jour,En agglomération,Intersection en X,Normale,Deux véhicules - arrière,,,,,,,,,,,1,2,2,1.0,2.0
201700029936,0017-02-25 14:20:00,17,2,25,14,20,510,454,D9,49.2287,4.03707,Plein jour,En agglomération,Giratoire,Normale,Deux véhicules - arrière,,,,,,,,,,,1,2,6,1.0,2.0
201700029937,0017-02-28 12:45:00,17,2,28,12,45,510,454,BD WILSON/MAISON BLANCHE,49.23618,4.02641,Plein jour,En agglomération,Intersection en X,Pluie forte,Autre collision,,,,,,,,,,,1,2,2,3.0,6.0
201700029938,0017-03-02 20:35:00,17,3,2,20,35,510,454,RUE PASSE DEMOISELLES,49.24636,4.01839,Nuit avec éclairage allumé,En agglomération,Intersection en X,Normale,Deux véhicules - arrière,,,,,,,,,,,5,2,2,1.0,2.0
201700029939,0017-03-03 19:25:00,17,3,3,19,25,510,454,AVENUE JEAN JAURES,49.26425,4.05774,Nuit avec éclairage allumé,En agglomération,Hors intersection,Normale,Trois véhicules et plus - en chaîne,,,,,,,,,,,5,2,1,1.0,4.0
201700029940,0017-03-03 12:05:00,17,3,3,12,5,510,58,RUE JULES MELINE,49.2142,4.00129,Plein jour,En agglomération,Hors intersection,Normale,Deux véhicules - côté,,,,,,,,,,,1,2,1,1.0,3.0
201700029941,0017-03-08 09:35:00,17,3,8,9,35,510,454,RUE MAGELLAN,49.22485,4.03226,Plein jour,En agglomération,Hors intersection,Pluie légère,Deux véhicules - côté,,,,,,,,,,,1,2,1,2.0,3.0
201700029942,0017-03-09 18:00:00,17,3,9,18,0,510,454,AVENUE JEAN JAURES,49.26061,4.04847,Plein jour,En agglomération,Hors intersection,Normale,Deux véhicules - côté,,,,,,,,,,,1,2,1,1.0,3.0
201700029943,0017-03-09 20:10:00,17,3,9,20,10,510,172,bretelle A34,49.24149,4.07924,Nuit sans éclairage public,Hors agglomération,Hors intersection,Normale,Deux véhicules - arrière,,,,,,,,,,,3,1,1,1.0,2.0
201700029944,0017-03-13 14:17:00,17,3,13,14,17,510,454,R. DR LEMOINE/DE VERDUN,49.26433,4.03984,Plein jour,En agglomération,Intersection en X,Normale,Trois véhicules et plus - collisions multiples,,,,,,,,,,,1,2,2,1.0,5.0
201700029945,0017-03-13 14:30:00,17,3,13,14,30,510,454,CELLIER/12 E. D'AVIATION,49.2841,4.03256,Plein jour,En agglomération,Intersection en T,Normale,Deux véhicules - côté,,,,,,,,,,,1,2,3,1.0,3.0
201700029946,0017-03-15 11:55:00,17,3,15,11,55,510,454,AVENUE DU GAL BONAPARTE,49.22877,4.00924,Plein jour,En agglomération,Hors intersection,Normale,Autre collision,,,,,,,,,,,1,2,1,1.0,6.0
201700029947,0017-03-19 01:00:00,17,3,19,1,0,510,454,AVENUE PAUL MARCHANDEAU,49.24372,4.02705,Nuit avec éclairage allumé,En agglomération,Hors intersection,Pluie légère,Autre collision,,,,,,,,,,,5,2,1,2.0,6.0
201700029948,0017-03-20 18:30:00,17,3,20,18,30,510,454,R. DES CAPUCINS/HINCMAR,49.25132,4.02967,Plein jour,En agglomération,Intersection en X,Normale,Trois véhicules et plus - collisions multiples,,,,,,,,,,,1,2,2,1.0,5.0
201700029949,0017-03-27 12:30:00,17,3,27,12,30,510,454,AVE DU GENERAL DE GAULLE,49.246,4.01814,Plein jour,En agglomération,Hors intersection,Normale,Autre collision,,,,,,,,,,,1,2,1,1.0,6.0
201700029950,0017-03-27 19:40:00,17,3,27,19,40,510,454,AVENUE DE LAON,49.26321,4.02811,Plein jour,En agglomération,Hors intersection,Normale,Deux véhicules - côté,,,,,,,,,,,1,2,1,1.0,3.0
201700029951,0017-03-28 09:00:00,17,3,28,9,0,510,454,ABBE DE L'EPEE/DU JARD,49.248,4.03142,Plein jour,En agglomération,Intersection en T,Normale,Autre collision,,,,,,,,,,,1,2,3,1.0,6.0
201700029952,0017-03-28 14:29:00,17,3,28,14,29,510,454,RUE COGNACQ JAY,49.23194,4.01905,Plein jour,En agglomération,Giratoire,Normale,Deux véhicules - côté,,,,,,,,,,,1,2,6,1.0,3.0
201700029953,0017-03-30 05:30:00,17,3,30,5,30,510,454,AVE JEAN JAURES/BROUETTE,49.26006,4.04661,Nuit avec éclairage allumé,En agglomération,Intersection en T,Normale,Deux véhicules - côté,,,,,,,,,,,5,2,3,1.0,3.0
201700029954,0017-03-29 19:50:00,17,3,29,19,50,510,454,D951,49.21249,4.01511,Plein jour,En agglomération,Giratoire,Normale,Deux véhicules - arrière,,,,,,,,,,,1,2,6,1.0,2.0
201700029955,0017-03-30 20:30:00,17,3,30,20,30,510,454,RUE CHANZY,49.25226,4.032,Plein jour,Hors agglomération,Intersection en T,Normale,Deux véhicules - côté,,,,,,,,,,,1,1,3,1.0,3.0
201700029956,0017-03-31 17:50:00,17,3,31,17,50,510,454,AVENUE JEAN JAURES,49.25984,4.04596,Plein jour,En agglomération,Hors intersection,Normale,Deux véhicules - arrière,,,,,,,,,,,1,2,1,1.0,2.0
201700029957,0017-04-03 10:20:00,17,4,3,10,20,510,172,DR ROUX/DES PHENICIENS,49.22604,4.04258,Plein jour,En agglomération,Intersection en T,Normale,Deux véhicules - côté,,,,,,,,,,,1,2,3,1.0,3.0
201700029958,0017-04-03 11:00:00,17,4,3,11,0,510,454,RUE M. HUYGHE/A.MARZIN,49.21951,4.11885,Plein jour,En agglomération,Intersection en T,Normale,Deux véhicules - arrière,,,,,,,,,,,1,2,3,1.0,2.0
201700029959,0017-04-03 13:00:00,17,4,3,13,0,510,454,BD DESAUBEAU/GAL SARRAIL,49.26022,4.0297,Plein jour,En agglomération,Intersection en T,Normale,Deux véhicules - frontale,,,,,,,,,,,1,2,3,1.0,1.0
201700029960,0017-04-04 07:25:00,17,4,4,7,25,510,454,RUES MAZARIN/RICHELIEU,49.21598,4.02827,Plein jour,En agglomération,Intersection en T,Normale,Deux véhicules - frontale,,,,,,,,,,,1,2,3,1.0,1.0
201700029961,0017-04-07 10:40:00,17,4,7,10,40,510,454,AVE GEORGES CLEMENCEAU,49.25171,4.04595,Plein jour,En agglomération,Hors intersection,Temps éblouissant,Deux véhicules - côté,,,,,,,,,,,1,2,1,7.0,3.0
201700029962,0017-04-07 22:50:00,17,4,7,22,50,510,454,RUE DE COURCELLES,49.26597,4.00446,Nuit avec éclairage allumé,En agglomération,Hors intersection,Normale,Autre collision,,,,,,,,,,,5,2,1,1.0,6.0
201700029963,0017-04-08 03:16:00,17,4,8,3,16,510,454,D980,49.25915,4.07835,Nuit sans éclairage public,Hors agglomération,Hors intersection,Normale,Autre collision,,,,,,,,,,,3,1,1,1.0,6.0
201700029964,0017-04-10 08:45:00,17,4,10,8,45,510,454,12EME ESCADRE D'AVIATION,49.27468,4.0331,Plein jour,En agglomération,Giratoire,Normale,Deux véhicules - côté,,,,,,,,,,,1,2,6,1.0,3.0
201700029965,0017-04-10 17:30:00,17,4,10,17,30,510,454,D9,49.2294,4.0359,Plein jour,En agglomération,Hors intersection,Normale,Deux véhicules - arrière,,,,,,,,,,,1,2,1,1.0,2.0
201700029966,0017-04-11 19:20:00,17,4,11,19,20,510,454,CHAMP DE MARS/JACQUARD,49.26398,4.04012,Plein jour,En agglomération,Intersection en X,Normale,Autre collision,,,,,,,,,,,1,2,2,1.0,6.0
201700029967,0017-04-11 18:25:00,17,4,11,18,25,510,454,BOULEVARD DES BELGES,49.27522,4.01828,Plein jour,En agglomération,Hors intersection,Normale,Deux véhicules - côté,,,,,,,,,,,1,2,1,1.0,3.0
201700029968,0017-04-12 11:50:00,17,4,12,11,50,510,454,RUE BUIRETTE,49.25477,4.02588,Plein jour,En agglomération,Hors intersection,Normale,Autre collision,,,,,,,,,,,1,2,1,1.0,6.0
201700029969,0017-04-13 15:30:00,17,4,13,15,30,510,454,JOLIOT-CURIE/DU DAUPHINE,49.22875,4.00171,Plein jour,En agglomération,Intersection en T,Normale,Deux véhicules - frontale,,,,,,,,,,,1,2,3,1.0,1.0
201700029970,0017-04-15 14:15:00,17,4,15,14,15,510,172,RUE DES LAPS,49.2139,4.0469,Plein jour,En agglomération,Hors intersection,Normale,Deux véhicules - frontale,,,,,,,,,,,1,2,1,1.0,1.0
201700029971,0017-04-16 21:50:00,17,4,16,21,50,510,454,BD M. NOIROT/GAL LECLERC,49.25174,4.02123,Nuit avec éclairage allumé,En agglomération,Intersection en Y,Normale,Deux véhicules - arrière,,,,,,,,,,,5,2,4,1.0,2.0
201700029972,0017-04-20 17:20:00,17,4,20,17,20,510,454,D944/D75,49.2632,4.0281,Plein jour,En agglomération,Intersection en X,Normale,Deux véhicules - côté,,,,,,,,,,,1,2,2,1.0,3.0
201700029973,0017-04-21 13:20:00,17,4,21,13,20,510,172,AVE N. NIEPCE/DE TAISSY,49.22035,4.06432,Plein jour,En agglomération,Giratoire,Normale,Deux véhicules - côté,,,,,,,,,,,1,2,6,1.0,3.0
201700029974,0017-04-21 23:15:00,17,4,21,23,15,510,454,AVENUE D EPERNAY,49.24004,4.01368,Nuit avec éclairage allumé,En agglomération,Hors intersection,Normale,Autre collision,,,,,,,,,,,5,2,1,1.0,6.0
201700029975,0017-04-23 14:45:00,17,4,23,14,45,510,55,RUE CAMILLE GUERIN,49.2728,4.0509,Plein jour,En agglomération,Hors intersection,Normale,Deux véhicules - côté,,,,,,,,,,,1,2,1,1.0,3.0
201700029976,0017-04-23 17:00:00,17,4,23,17,0,510,55,D74/RUE PAUL BERT,49.26922,4.04821,Plein jour,En agglomération,Intersection en X,Normale,Deux véhicules - côté,,,,,,,,,,,1,2,2,1.0,3.0
201700029977,0017-04-23 18:45:00,17,4,23,18,45,510,454,RUE PIERRE TAITTINGER,49.23587,4.00607,Plein jour,En agglomération,Intersection en T,Normale,Deux véhicules - côté,,,,,,,,,,,1,2,3,1.0,3.0
201700029978,0017-04-27 16:15:00,17,4,27,16,15,510,454,BD PRESIDENT WILSON,49.23625,4.0263,Plein jour,En agglomération,Hors intersection,Normale,Autre collision,,,,,,,,,,,1,2,1,1.0,6.0
201700029979,0017-04-28 18:00:00,17,4,28,18,0,510,172,ROUTE DE TAISSY,49.22042,4.06435,Plein jour,En agglomération,Giratoire,Normale,Deux véhicules - côté,,,,,,,,,,,1,2,6,1.0,3.0
201700029980,0017-04-29 16:55:00,17,4,29,16,55,510,454,AVE DU GENERAL DE GAULLE,49.24448,4.01666,Plein jour,En agglomération,Hors intersection,Normale,Autre collision,,,,,,,,,,,1,2,1,1.0,6.0
201700029981,0017-05-05 08:05:00,17,5,5,8,5,510,454,RUE DE VENISE,49.24853,4.03591,Plein jour,En agglomération,Hors intersection,Normale,Trois véhicules et plus - en chaîne,,,,,,,,,,,1,2,1,1.0,4.0
201700029982,0017-05-06 00:25:00,17,5,6,0,25,510,454,11 BIS BOULEVARD FOCH,49.25974,4.02893,Nuit avec éclairage allumé,En agglomération,Hors intersection,Normale,Autre collision,,,,,,,,,,,5,2,1,1.0,6.0
201700029983,0017-05-06 16:25:00,17,5,6,16,25,510,454,42 RUE COQUEBERT,49.26234,4.0411,Plein jour,En agglomération,Intersection en X,Pluie légère,Deux véhicules - côté,,,,,,,,,,,1,2,2,2.0,3.0
201700029984,0017-05-06 22:35:00,17,5,6,22,35,510,454,AVENUE JEAN JAURES,49.26053,4.04831,Nuit avec éclairage allumé,En agglomération,Hors intersection,Pluie légère,Deux véhicules - frontale,,,,,,,,,,,5,2,1,2.0,1.0
201700029985,0017-05-10 09:55:00,17,5,10,9,55,510,474,5 PLACE DU G DE GAULLE,49.26477,3.98737,Plein jour,En agglomération,Hors intersection,Normale,Deux véhicules - arrière,,,,,,,,,,,1,2,1,1.0,2.0
201700029986,0017-05-10 11:45:00,17,5,10,11,45,510,474,1 bis PLACE ROZE,49.26142,3.98545,Plein jour,En agglomération,Hors intersection,Normale,Autre collision,,,,,,,,,,,1,2,1,1.0,6.0
201700029987,0017-05-10 14:30:00,17,5,10,14,30,510,454,RUE PIERRE MEHAULT,49.22596,4.02928,Plein jour,En agglomération,Intersection à plus de 4 branches,Normale,Deux véhicules - côté,,,,,,,,,,,1,2,5,1.0,3.0
201700029988,0017-05-11 07:10:00,17,5,11,7,10,510,454,AVENUE DE L'EUROPE,49.25441,4.06156,Plein jour,En agglomération,Hors intersection,Normale,Deux véhicules - arrière,,,,,,,,,,,1,2,1,1.0,2.0
201700029989,0017-05-13 08:45:00,17,5,13,8,45,510,454,AVENUE DE CHAMPAGNE,49.23355,4.03909,Plein jour,Hors agglomération,Hors intersection,Normale,Deux véhicules - arrière,,,,,,,,,,,1,1,1,1.0,2.0
201700029990,0017-05-14 02:40:00,17,5,14,2,40,510,454,RUE DE COURCELLES,49.26653,4.00328,Nuit avec éclairage allumé,Hors agglomération,Hors intersection,Normale,Autre collision,,,,,,,,,,,5,1,1,1.0,6.0
201700029991,0017-05-14 12:20:00,17,5,14,12,20,510,454,10 RUE DE WITRY,49.26229,4.05462,Plein jour,En agglomération,Hors intersection,Normale,Autre collision,,,,,,,,,,,1,2,1,1.0,6.0
201700029992,0017-05-15 13:10:00,17,5,15,13,10,510,454,BOULEVARD VICTOR HUGO,49.24527,4.045,Plein jour,En agglomération,Intersection en X,Normale,Deux véhicules - arrière,,,,,,,,,,,1,2,2,1.0,2.0
201700029993,0017-05-15 16:59:00,17,5,15,16,59,510,454,12E ESCADRE D'AVIATION,49.28142,4.03307,Plein jour,En agglomération,Hors intersection,Normale,Autre collision,,,,,,,,,,,1,2,1,1.0,6.0
201700029994,0017-05-17 12:10:00,17,5,17,12,10,510,454,RUE CHAILLOT,49.28732,4.02616,Plein jour,En agglomération,Giratoire,Normale,Trois véhicules et plus - en chaîne,,,,,,,,,,,1,2,6,1.0,4.0
201700029995,0017-05-17 14:00:00,17,5,17,14,0,510,454,BOULEVARD FOCH,49.25821,4.02705,Plein jour,En agglomération,Hors intersection,Normale,Autre collision,,,,,,,,,,,1,2,1,1.0,6.0
201700029996,0017-05-17 19:25:00,17,5,17,19,25,510,454,13 AVENUE MARCHANDEAU,49.24384,4.02728,Plein jour,En agglomération,Hors intersection,Normale,Trois véhicules et plus - en chaîne,,,,,,,,,,,1,2,1,1.0,4.0
201700029997,0017-05-18 17:15:00,17,5,18,17,15,510,474,RUE CROIX MAURENCIENNE,49.27804,4.00288,Plein jour,En agglomération,Hors intersection,Normale,Deux véhicules - côté,,,,,,,,,,,1,2,1,1.0,3.0
201700029998,0017-05-19 16:30:00,17,5,19,16,30,510,454,27 BOULEVARD FOCH,49.259,4.02801,Plein jour,En agglomération,Intersection en T,Normale,Autre collision,,,,,,,,,,,1,2,3,1.0,6.0
201700029999,0017-05-25 02:10:00,17,5,25,2,10,510,454,RUE DE LOUVOIS,49.23663,4.03265,Nuit avec éclairage allumé,En agglomération,Hors intersection,Normale,Sans collision,,,,,,,,,,,5,2,1,1.0,7.0
201700030000,0017-05-22 13:06:00,17,5,22,13,6,510,454,3 BIS AVENUE BONAPARTE,49.2307,4.00669,Plein jour,Hors agglomération,Hors intersection,Normale,Autre collision,,,,,,,,,,,1,1,1,1.0,6.0
201700030001,0017-05-25 18:00:00,17,5,25,18,0,510,454,RUE DE LOUVOIS,49.23378,4.03341,Plein jour,En agglomération,Hors intersection,Normale,Deux véhicules - côté,,,,,,,,,,,1,2,1,1.0,3.0
201700030002,0017-05-26 09:25:00,17,5,26,9,25,510,454,AVENUE DU GNL DE GAULLE,49.24575,4.01796,Plein jour,En agglomération,Intersection en X,Normale,Autre collision,,,,,,,,,,,1,2,2,1.0,6.0
201700030003,0017-05-28 18:45:00,17,5,28,18,45,510,454,9 RUE BETTINGER,49.28014,4.01992,Plein jour,En agglomération,Hors intersection,Normale,Autre collision,,,,,,,,,,,1,2,1,1.0,6.0
201700030004,0017-05-29 16:20:00,17,5,29,16,20,510,454,RUE MACECLIERS,49.23333,4.08445,Plein jour,En agglomération,Hors intersection,Normale,Deux véhicules - frontale,,,,,,,,,,,1,2,1,1.0,1.0
201700030005,0017-05-30 17:25:00,17,5,30,17,25,510,454,60 RUE DE COURCELLES,49.26267,4.01694,Plein jour,En agglomération,Hors intersection,Normale,Deux véhicules - arrière,,,,,,,,,,,1,2,1,1.0,2.0
201700030006,0017-05-31 10:50:00,17,5,31,10,50,510,454,1 ROUTE DE WITRY,49.26943,4.07164,Plein jour,En agglomération,Hors intersection,Normale,Autre collision,,,,,,,,,,,1,2,1,1.0,6.0
201700030007,0017-05-31 14:45:00,17,5,31,14,45,510,58,RUE JULES MELINE,49.21627,4.00211,Plein jour,En agglomération,Intersection en X,Normale,Deux véhicules - frontale,,,,,,,,,,,1,2,2,1.0,1.0