accident_id,datetime,annee,mois,jour,heure,minute,departement,commune_insee,adresse,latitude,longitude,luminosite,agglomeration,intersection,meteo,collision,nb_vehicules,nb_usagers,nb_indemnes,nb_tues,nb_blesses_hosp,nb_blesses_legers,age_cond_1,age_cond_2,veh_type_cond_1,veh_type_cond_2,lum_code,agg_code,int_code,atm_code,col_code
201700030250,0017-11-20 18:40:00,17,11,20,18,40,540,273,GIRAUMONT (ROUTE DE),49.1597,5.90685,Nuit sans éclairage public,Hors agglomération,Hors intersection,Pluie légère,Sans collision,,,,,,,,,,,3,1,1,2.0,7.0
201700030251,0017-12-11 07:55:00,17,12,11,7,55,540,273,"20, MOZART (RUE)",49.15677,5.88015,Nuit sans éclairage public,En agglomération,Intersection en X,Pluie forte,Autre collision,,,,,,,,,,,3,2,2,3.0,6.0
201700030252,0017-01-30 07:58:00,17,1,30,7,58,540,483,COYVILLER (ROUTE DE),48.62397,6.30115,Nuit avec éclairage allumé,Hors agglomération,Hors intersection,Pluie forte,Autre collision,,,,,,,,,,,5,1,1,3.0,6.0
201700030253,0017-06-22 12:10:00,17,6,22,12,10,540,159,"47, ROSIERES (AVENUE DE)",48.60865,6.35263,Plein jour,En agglomération,Hors intersection,Temps éblouissant,Deux véhicules - arrière,,,,,,,,,,,1,2,1,7.0,2.0
201700030254,0017-09-12 18:17:00,17,9,12,18,17,540,483,BUTTE (RUE DE LA),48.63158,6.30808,Plein jour,En agglomération,Hors intersection,Normale,Autre collision,,,,,,,,,,,1,2,1,1.0,6.0
201700030255,0017-10-18 17:05:00,17,10,18,17,5,540,323,"32, YVES CREPEL (RUE)",49.51544,5.7583,Plein jour,En agglomération,Hors intersection,Normale,Autre collision,,,,,,,,,,,1,2,1,1.0,6.0
201700030256,0017-12-12 13:40:00,17,12,12,13,40,540,323,"2, ANDRE MALRAUX (AVENUE",49.52143,5.76058,Plein jour,En agglomération,Hors intersection,Normale,Autre collision,,,,,,,,,,,1,2,1,1.0,6.0
201700030257,0017-12-22 16:30:00,17,12,22,16,30,540,323,"1, HUIT MAI 1945 (AVENUE",49.52543,5.76888,Crépuscule ou aube,En agglomération,Hors intersection,Temps couvert,Autre collision,,,,,,,,,,,2,2,1,8.0,6.0
201700030258,0017-02-26 18:39:00,17,2,26,18,39,540,382,"3, GARE (AVENUE DE LA)",49.53779,5.782,Crépuscule ou aube,En agglomération,Hors intersection,Normale,Autre collision,,,,,,,,,,,2,2,1,1.0,6.0
201700030259,0017-03-23 15:45:00,17,3,23,15,45,540,323,"4, COLONEL MERLIN (RUE D",,,Plein jour,En agglomération,Hors intersection,Normale,Autre collision,,,,,,,,,,,1,2,1,1.0,6.0
201700030260,0017-01-09 17:35:00,17,1,9,17,35,540,493,"4, LONGWY (RUE DE)",49.53133,5.82239,Crépuscule ou aube,En agglomération,Hors intersection,Pluie légère,Autre collision,,,,,,,,,,,2,2,1,2.0,6.0
201700030261,0017-04-16 05:05:00,17,4,16,5,5,540,323,52 (ROUTE NATIONALE),,,Nuit sans éclairage public,Hors agglomération,Hors intersection,Normale,Deux véhicules - frontale,,,,,,,,,,,3,1,1,1.0,1.0
201700030262,0017-06-19 18:45:00,17,6,19,18,45,540,382,"118, LONGWY (ROUTE DE)",49.53274,5.76453,Plein jour,En agglomération,Hors intersection,Normale,Deux véhicules - frontale,,,,,,,,,,,1,2,1,1.0,1.0
201700030263,0017-04-28 13:15:00,17,4,28,13,15,540,323,"43, METZ (RUE DE)",49.51143,5.76329,Plein jour,En agglomération,Hors intersection,Normale,Autre collision,,,,,,,,,,,1,2,1,1.0,6.0
201700030264,0017-07-31 17:53:00,17,7,31,17,53,540,323,"20, PAIX (AVENUE)",49.53023,5.76365,Plein jour,En agglomération,Hors intersection,Normale,Deux véhicules - côté,,,,,,,,,,,1,2,1,1.0,3.0
201700030265,0017-06-16 21:15:00,17,6,16,21,15,540,261,CONCORDE (RUE DE LA),49.52293,5.79473,Plein jour,Hors agglomération,Intersection en T,Normale,Deux véhicules - côté,,,,,,,,,,,1,1,3,1.0,3.0
201700030266,0017-09-17 04:05:00,17,9,17,4,5,540,254,52 (ROUTE NATIONALE),49.49826,5.80428,Nuit sans éclairage public,Hors agglomération,Hors intersection,Brouillard / fumée,Autre collision,,,,,,,,,,,3,1,1,5.0,6.0
201700030267,0017-07-03 18:40:00,17,7,3,18,40,540,451,"40, CUTRY (ROUTE DE)",49.49806,5.7522,Plein jour,En agglomération,Hors intersection,Normale,Deux véhicules - frontale,,,,,,,,,,,1,2,1,1.0,1.0
201700030268,0017-07-10 01:10:00,17,7,10,1,10,540,382,METZ (BOULEVARD DE),49.54393,5.78066,Nuit avec éclairage allumé,En agglomération,Hors intersection,Normale,Autre collision,,,,,,,,,,,5,2,1,1.0,6.0
201700030269,0017-09-29 23:00:00,17,9,29,23,0,540,367,NATIONALE 52 (ROUTE),49.50479,5.78941,Nuit sans éclairage public,Hors agglomération,Hors intersection,Normale,Deux véhicules - frontale,,,,,,,,,,,3,1,1,1.0,1.0
201700030270,0017-10-12 18:00:00,17,10,12,18,0,540,323,METZ (RUE DE),49.5125,5.76222,Plein jour,En agglomération,Intersection en T,Normale,Deux véhicules - côté,,,,,,,,,,,1,2,3,1.0,3.0
201700030271,0017-11-14 16:50:00,17,11,14,16,50,540,321,ERNEST HEMINGWAY (AVENUE,49.53416,5.7925,Crépuscule ou aube,Hors agglomération,Hors intersection,Temps couvert,Autre collision,,,,,,,,,,,2,1,1,8.0,6.0
201700030272,0017-12-04 11:20:00,17,12,4,11,20,540,382,"22, GARE (AVENUE DE LA)",49.53701,5.78221,Plein jour,En agglomération,Hors intersection,Temps couvert,Autre collision,,,,,,,,,,,1,2,1,8.0,6.0
201700030273,0017-11-28 17:05:00,17,11,28,17,5,540,323,18 (ROUTE NATIONALE),49.50971,5.71311,Nuit sans éclairage public,Hors agglomération,Giratoire,Temps couvert,Deux véhicules - côté,,,,,,,,,,,3,1,6,8.0,3.0
201700030274,0017-11-13 10:20:00,17,11,13,10,20,540,323,"1, PAIX (AVENUE)",49.5291,5.76309,Plein jour,En agglomération,Hors intersection,Normale,Autre collision,,,,,,,,,,,1,2,1,1.0,6.0
201700030275,0017-11-21 17:20:00,17,11,21,17,20,540,382,"43, LONGWY (ROUTE DE)",49.53593,5.76757,Nuit avec éclairage allumé,En agglomération,Hors intersection,Pluie légère,Autre collision,,,,,,,,,,,5,2,1,2.0,6.0
201700030276,0017-05-31 15:40:00,17,5,31,15,40,540,329,RUE DE LA POLOGNE,48.58186,6.50432,Plein jour,En agglomération,Intersection en X,Temps éblouissant,Deux véhicules - côté,,,,,,,,,,,1,2,2,7.0,3.0
201700030277,0017-07-02 20:35:00,17,7,2,20,35,540,329,ROUTE D' EINVILLE,48.61374,6.48766,Plein jour,Hors agglomération,Intersection en T,Normale,Deux véhicules - arrière,,,,,,,,,,,1,1,3,1.0,2.0
201700030278,0017-11-05 17:45:00,17,11,5,17,45,540,373,AVENUE DE L'EUROPE,48.57504,6.52702,Crépuscule ou aube,En agglomération,Intersection en T,Normale,Autre collision,,,,,,,,,,,2,2,3,1.0,6.0
201700030279,0017-12-04 17:15:00,17,12,4,17,15,540,329,"36, AVENUE DU GENERAL DE",48.59718,6.48548,Crépuscule ou aube,En agglomération,Hors intersection,Pluie légère,Autre collision,,,,,,,,,,,2,2,1,2.0,6.0
201700030280,0017-12-19 10:00:00,17,12,19,10,0,540,547,"00, EUROPE (BOULEVARD DE",48.65271,6.17849,Plein jour,En agglomération,Hors intersection,Pluie légère,Deux véhicules - arrière,,,,,,,,,,,1,2,1,2.0,2.0
201700030281,0017-12-21 11:30:00,17,12,21,11,30,540,395,CARNOT (PLACE),48.69281,6.17808,Plein jour,En agglomération,Hors intersection,Normale,Autre collision,,,,,,,,,,,1,2,1,1.0,6.0
201700030282,0017-12-18 17:50:00,17,12,18,17,50,540,395,VERDUN (rue de),48.69587,6.16566,Nuit avec éclairage allumé,En agglomération,Intersection en X,Normale,Autre collision,,,,,,,,,,,5,2,2,1.0,6.0
201700030283,0017-01-01 15:50:00,17,1,1,15,50,540,526,RD 674,,,Plein jour,Hors agglomération,Intersection en Y,Normale,Deux véhicules - côté,,,,,,,,,,,1,1,4,1.0,3.0
201700030284,0017-01-04 00:20:00,17,1,4,0,20,540,395,"15, POINCARE (RUE RAYMON",48.69027,6.1728,Nuit avec éclairage allumé,En agglomération,Hors intersection,Pluie légère,Deux véhicules - côté,,,,,,,,,,,5,2,1,2.0,3.0
201700030285,0017-01-10 07:35:00,17,1,10,7,35,540,339,SAINT MICHEL (AVENUE),48.70565,6.19852,Nuit avec éclairage allumé,En agglomération,Intersection en X,Pluie légère,Deux véhicules - côté,,,,,,,,,,,5,2,2,2.0,3.0
201700030286,0017-12-22 16:45:00,17,12,22,16,45,540,395,POINCARE (RUE RAYMOND 1-,48.69086,6.17622,Nuit avec éclairage allumé,En agglomération,Intersection en T,Normale,Autre collision,,,,,,,,,,,5,2,3,1.0,6.0
201700030287,0017-01-11 08:00:00,17,1,11,8,0,540,547,NATIONALE 57 (ROUTE),48.6608,6.18698,Crépuscule ou aube,En agglomération,Hors intersection,Pluie légère,Autre collision,,,,,,,,,,,2,2,1,2.0,6.0
201700030288,0017-01-14 22:40:00,17,1,14,22,40,540,395,KLEBER (RUE),48.68483,6.16808,Nuit avec éclairage allumé,En agglomération,Intersection en X,Normale,Deux véhicules - côté,,,,,,,,,,,5,2,2,1.0,3.0
201700030289,0017-01-12 07:45:00,17,1,12,7,45,540,547,EUROPE (BOULEVARD DE L'),48.65215,6.17913,Crépuscule ou aube,En agglomération,Giratoire,Normale,Autre collision,,,,,,,,,,,2,2,6,1.0,6.0
201700030290,0017-01-12 11:30:00,17,1,12,11,30,540,184,"100, SOIXANTE NEUVIEME R",48.7084,6.2377,Plein jour,En agglomération,Hors intersection,Pluie légère,Autre collision,,,,,,,,,,,1,2,1,2.0,6.0
201700030291,0017-01-16 17:20:00,17,1,16,17,20,540,395,"72, STANISLAS (RUE)",48.6918,6.17759,Nuit avec éclairage allumé,En agglomération,Intersection en X,Normale,Trois véhicules et plus - en chaîne,,,,,,,,,,,5,2,2,1.0,4.0
201700030292,0017-01-17 08:15:00,17,1,17,8,15,540,184,BRIGACHTAL (AVENUE DE),48.70062,6.22438,Crépuscule ou aube,En agglomération,Intersection en X,Normale,Autre collision,,,,,,,,,,,2,2,2,1.0,6.0
201700030293,0017-01-16 18:00:00,17,1,16,18,0,540,395,"108, LOBAU (BOULEVARD)",48.68337,6.19678,Nuit avec éclairage allumé,En agglomération,Hors intersection,Normale,Autre collision,,,,,,,,,,,5,2,1,1.0,6.0
201700030294,0017-01-12 18:05:00,17,1,12,18,5,540,184,DE GAULLE (RUE DU GAL),48.70002,6.22001,Nuit avec éclairage allumé,En agglomération,Intersection en T,Pluie légère,Autre collision,,,,,,,,,,,5,2,3,2.0,6.0
201700030295,0017-01-17 09:00:00,17,1,17,9,0,540,304,DEROULEDE (AVENUE PAUL),48.68455,6.15396,Plein jour,En agglomération,Intersection en Y,Normale,Autre collision,,,,,,,,,,,1,2,4,1.0,6.0
201700030296,0017-01-17 10:00:00,17,1,17,10,0,540,328,"226, GRIGNARD (RUE VICTO",48.61574,6.19576,Plein jour,En agglomération,Hors intersection,Normale,Deux véhicules - côté,,,,,,,,,,,1,2,1,1.0,3.0
201700030297,0017-01-18 16:50:00,17,1,18,16,50,540,547,"12, CALLOT (PLACE ET RUE",48.61574,6.19576,Plein jour,En agglomération,Hors intersection,Normale,Autre collision,,,,,,,,,,,1,2,1,1.0,6.0
201700030298,0017-01-18 13:20:00,17,1,18,13,20,540,395,"11, BARRES (RUE MAURICE)",48.6923,6.18518,Plein jour,En agglomération,Hors intersection,Normale,Autre collision,,,,,,,,,,,1,2,1,1.0,6.0
201700030299,0017-01-20 09:55:00,17,1,20,9,55,540,395,"19, SERRE (RUE DE)",48.6915,6.17559,Plein jour,En agglomération,Hors intersection,Normale,Autre collision,,,,,,,,,,,1,2,1,1.0,6.0
201700030300,0017-01-21 18:30:00,17,1,21,18,30,540,395,SIVRY (RUE PIERRE DE),48.67514,6.17035,Nuit avec éclairage allumé,En agglomération,Intersection en X,Normale,Deux véhicules - côté,,,,,,,,,,,5,2,2,1.0,3.0
201700030301,0017-01-21 21:10:00,17,1,21,21,10,540,395,SAINTE CATHERINE (RUE),48.69549,6.18984,Nuit avec éclairage allumé,En agglomération,Hors intersection,Normale,Deux véhicules - côté,,,,,,,,,,,5,2,1,1.0,3.0
201700030302,0017-01-20 09:45:00,17,1,20,9,45,540,495,CHATEAU (AVENUE DU),48.69935,6.24805,Plein jour,En agglomération,Hors intersection,Normale,Deux véhicules - arrière,,,,,,,,,,,1,2,1,1.0,2.0
201700030303,0017-01-21 10:10:00,17,1,21,10,10,540,395,PINCHARD (AVENUE OMBELLE,48.70613,6.15786,Plein jour,En agglomération,Hors intersection,Normale,Deux véhicules - frontale,,,,,,,,,,,1,2,1,1.0,1.0
201700030304,0017-01-20 17:00:00,17,1,20,17,0,540,547,ARC (AVENUE JEANNE D'),,,Crépuscule ou aube,En agglomération,Intersection en T,Normale,Autre collision,,,,,,,,,,,2,2,3,1.0,6.0
201700030305,0017-01-23 15:45:00,17,1,23,15,45,540,395,"7, MALZEVILLE (Rue de)",,,Plein jour,En agglomération,Hors intersection,Normale,Autre collision,,,,,,,,,,,1,2,1,1.0,6.0
201700030306,0017-01-23 17:30:00,17,1,23,17,30,540,395,LEPAGE (RUE BASTIEN),,,Nuit avec éclairage allumé,En agglomération,Hors intersection,Normale,Autre collision,,,,,,,,,,,5,2,1,1.0,6.0
201700030307,0017-01-23 12:30:00,17,1,23,12,30,540,328,LAVOISIER (RUE ANTOINE D,,,Plein jour,En agglomération,Hors intersection,Normale,Deux véhicules - arrière,,,,,,,,,,,1,2,1,1.0,2.0
201700030308,0017-01-23 20:30:00,17,1,23,20,30,540,395,REGIMENT D'AVIATION (BD,,,Nuit avec éclairage allumé,En agglomération,Intersection en X,Normale,Deux véhicules - arrière,,,,,,,,,,,5,2,2,1.0,2.0
201700030309,0017-01-25 11:20:00,17,1,25,11,20,540,578,AIGUILLETTES  (BD 5 A 73,,,Plein jour,En agglomération,Hors intersection,Normale,Autre collision,,,,,,,,,,,1,2,1,1.0,6.0
201700030310,0017-01-26 19:10:00,17,1,26,19,10,540,197,RD 73,,,Nuit avec éclairage allumé,Hors agglomération,Hors intersection,Normale,Deux véhicules - frontale,,,,,,,,,,,5,1,1,1.0,1.0
201700030311,0017-01-26 07:10:00,17,1,26,7,10,540,395,METZ (RUE DE),,,Crépuscule ou aube,En agglomération,Intersection en X,Normale,Deux véhicules - côté,,,,,,,,,,,2,2,2,1.0,3.0
201700030312,0017-01-27 14:00:00,17,1,27,14,0,540,184,DE GAULLE (RUE DU GAL),,,Plein jour,En agglomération,Hors intersection,Normale,Autre collision,,,,,,,,,,,1,2,1,1.0,6.0
201700030313,0017-01-28 18:45:00,17,1,28,18,45,540,395,"97, LOBAU (BOULEVARD)",,,Nuit avec éclairage allumé,En agglomération,Hors intersection,Normale,Autre collision,,,,,,,,,,,5,2,1,1.0,6.0
201700030314,0017-01-28 19:45:00,17,1,28,19,45,540,274,FAURE (RUE GABRIEL),,,Nuit avec éclairage allumé,En agglomération,Hors intersection,Normale,Deux véhicules - côté,,,,,,,,,,,5,2,1,1.0,3.0
201700030315,0017-01-29 15:30:00,17,1,29,15,30,540,304,BOIS GRONEE (AVENUE DU),,,Plein jour,En agglomération,Intersection en X,Normale,Deux véhicules - côté,,,,,,,,,,,1,2,2,1.0,3.0
201700030316,0017-01-30 18:10:00,17,1,30,18,10,540,547,LECLERC (AVENUE DU GENER,48.66723,6.16713,Nuit avec éclairage allumé,En agglomération,Intersection en T,Pluie légère,Autre collision,,,,,,,,,,,5,2,3,2.0,6.0
201700030317,0017-01-29 21:00:00,17,1,29,21,0,540,357,QUINZE SEPTEMBRE 1944 (R,,,Nuit avec éclairage allumé,En agglomération,Intersection en Y,Normale,Deux véhicules - côté,,,,,,,,,,,5,2,4,1.0,3.0
201700030318,0017-01-31 12:25:00,17,1,31,12,25,540,439,"1, TILLES (RUE DES)",,,Plein jour,En agglomération,Hors intersection,Pluie légère,Deux véhicules - côté,,,,,,,,,,,1,2,1,2.0,3.0
201700030319,0017-01-31 20:05:00,17,1,31,20,5,540,395,"11, DUROC (RUE DU GENERA",,,Nuit avec éclairage allumé,En agglomération,Hors intersection,Normale,Autre collision,,,,,,,,,,,5,2,1,1.0,6.0
201700030320,0017-02-02 15:00:00,17,2,2,15,0,540,395,CROIX SAINT-CLAUDE (RUE,,,Plein jour,En agglomération,Hors intersection,Normale,Deux véhicules - côté,,,,,,,,,,,1,2,1,1.0,3.0
201700030321,0017-02-04 19:30:00,17,2,4,19,30,540,395,LOBAU (BOULEVARD),48.68158,6.19782,Nuit avec éclairage allumé,En agglomération,Hors intersection,Pluie légère,Autre collision,,,,,,,,,,,5,2,1,2.0,6.0
201700030322,0017-02-06 12:30:00,17,2,6,12,30,540,304,ZOLA (RUE EMILE),48.68452,6.15399,Plein jour,En agglomération,Intersection en X,Normale,Autre collision,,,,,,,,,,,1,2,2,1.0,6.0
201700030323,0017-02-08 21:50:00,17,2,8,21,50,540,395,GAMBETTA (RUE),,,Nuit avec éclairage allumé,En agglomération,Hors intersection,Normale,Autre collision,,,,,,,,,,,5,2,1,1.0,6.0
201700030324,0017-02-09 11:15:00,17,2,9,11,15,540,395,LECLERC (AV. DU GENE,48.68169,6.18299,Plein jour,En agglomération,Intersection en Y,Normale,Autre collision,,,,,,,,,,,1,2,4,1.0,6.0
201700030325,0017-02-10 17:00:00,17,2,10,17,0,540,395,VINGTIEME CORPS (AVENUE,48.69742,6.1988,Plein jour,En agglomération,Hors intersection,Normale,Deux véhicules - côté,,,,,,,,,,,1,2,1,1.0,3.0
201700030326,0017-02-07 12:05:00,17,2,7,12,5,540,304,RHIN (AV. DU),48.69669,6.13768,Plein jour,En agglomération,Intersection en T,Pluie légère,Deux véhicules - côté,,,,,,,,,,,1,2,3,2.0,3.0
201700030327,0017-01-25 18:15:00,17,1,25,18,15,540,395,PINCHARD (AVENUE - TAMAR,48.70315,6.15497,Nuit avec éclairage allumé,En agglomération,Hors intersection,Normale,Autre collision,,,,,,,,,,,5,2,1,1.0,6.0
201700030328,0017-02-10 19:15:00,17,2,10,19,15,540,395,CHARLES III (RUE),48.69108,6.19868,Nuit avec éclairage allumé,En agglomération,Intersection en X,Normale,Autre collision,,,,,,,,,,,5,2,2,1.0,6.0
201700030329,0017-02-15 13:00:00,17,2,15,13,0,540,395,RD 674,,,Plein jour,Hors agglomération,Hors intersection,Normale,Trois véhicules et plus - en chaîne,,,,,,,,,,,1,1,1,1.0,4.0
201700030330,0017-02-13 17:50:00,17,2,13,17,50,540,300,ETANG DAMERY (RUE DE L'),48.65947,6.22606,Nuit avec éclairage allumé,En agglomération,Intersection en X,Normale,Deux véhicules - arrière,,,,,,,,,,,5,2,2,1.0,2.0
201700030331,0017-02-10 15:35:00,17,2,10,15,35,540,395,CONCORDE (PONT DE LA),,,Plein jour,En agglomération,Hors intersection,Normale,Trois véhicules et plus - collisions multiples,,,,,,,,,,,1,2,1,1.0,5.0
201700030332,0017-02-11 18:10:00,17,2,11,18,10,540,304,RESISTANCE (AV. DE LA -P,,,Plein jour,En agglomération,Intersection en X,Normale,Deux véhicules - côté,,,,,,,,,,,1,2,2,1.0,3.0
201700030333,0017-02-14 17:30:00,17,2,14,17,30,540,526,JAURES (BOULEVARD JEAN),,,Plein jour,En agglomération,Intersection en X,Normale,Deux véhicules - côté,,,,,,,,,,,1,2,2,1.0,3.0
201700030334,0017-02-17 13:05:00,17,2,17,13,5,540,395,"51, BOUFFLERS (AV. DE 74",,,Plein jour,En agglomération,Intersection en Y,Normale,Deux véhicules - côté,,,,,,,,,,,1,2,4,1.0,3.0
201700030335,0017-02-26 13:02:00,17,2,26,13,2,540,339,REPUBLIQUE (RUE DE LA),,,Plein jour,En agglomération,Hors intersection,Normale,Autre collision,,,,,,,,,,,1,2,1,1.0,6.0
201700030336,0017-02-28 19:05:00,17,2,28,19,5,540,395,GUYNEMER (RUE DU CAPITAI,48.6996,6.13895,Nuit avec éclairage allumé,En agglomération,Intersection en Y,Pluie légère,Autre collision,,,,,,,,,,,5,2,4,2.0,6.0
201700030337,0017-02-27 10:15:00,17,2,27,10,15,540,395,LIBERATION (AVENUE DE LA,48.69492,6.13813,Plein jour,En agglomération,Intersection en X,Normale,Deux véhicules - côté,,,,,,,,,,,1,2,2,1.0,3.0
201700030338,0017-02-25 00:01:00,17,2,25,0,1,540,395,LOBAU (BOULEVARD),48.68563,6.19585,Nuit avec éclairage allumé,En agglomération,Intersection en X,Pluie légère,Deux véhicules - côté,,,,,,,,,,,5,2,2,2.0,3.0
201700030339,0017-03-02 16:15:00,17,3,2,16,15,540,578,CARRIERE (RUE DE LA),,,Plein jour,En agglomération,Hors intersection,Normale,Autre collision,,,,,,,,,,,1,2,1,1.0,6.0
201700030340,0017-03-03 14:48:00,17,3,3,14,48,540,395,FABVIER (RUE DU GENERAL),,,Plein jour,En agglomération,Hors intersection,Normale,Autre collision,,,,,,,,,,,1,2,1,1.0,6.0
201700030341,0017-03-02 17:10:00,17,3,2,17,10,540,395,SAINT JEAN (RUE),,,Plein jour,En agglomération,Hors intersection,Normale,Autre collision,,,,,,,,,,,1,2,1,1.0,6.0
201700030342,0017-03-03 16:20:00,17,3,3,16,20,540,357,PASCAL (RUE BLAISE),48.70604,6.13996,Plein jour,En agglomération,Intersection en X,Normale,Deux véhicules - frontale,,,,,,,,,,,1,2,2,1.0,1.0
201700030343,0017-03-04 12:40:00,17,3,4,12,40,540,265,RD 570,,,Plein jour,En agglomération,Hors intersection,Normale,Deux véhicules - arrière,,,,,,,,,,,1,2,1,1.0,2.0
201700030344,0017-02-27 15:05:00,17,2,27,15,5,540,395,LECLERC (AV. DU GENE,48.68401,6.18601,Plein jour,En agglomération,Intersection en X,Normale,Deux véhicules - arrière,,,,,,,,,,,1,2,2,1.0,2.0
201700030345,0017-03-07 17:30:00,17,3,7,17,30,540,395,"20, BOUFFLERS (AVENUE) D",,,Plein jour,En agglomération,Hors intersection,Normale,Trois véhicules et plus - en chaîne,,,,,,,,,,,1,2,1,1.0,4.0
201700030346,0017-03-07 08:25:00,17,3,7,8,25,540,184,AGINCOURT  (ROUTE RD 913,48.71206,6.24281,Plein jour,En agglomération,Hors intersection,Pluie légère,Deux véhicules - arrière,,,,,,,,,,,1,2,1,2.0,2.0
201700030347,0017-03-07 12:20:00,17,3,7,12,20,540,395,JOFFRE (Boulevard),,,Plein jour,En agglomération,Intersection en X,Normale,Autre collision,,,,,,,,,,,1,2,2,1.0,6.0
201700030348,0017-03-09 17:50:00,17,3,9,17,50,540,304,"1, VEZOUZE (RUE DE LA)",48.69471,6.13171,Crépuscule ou aube,En agglomération,Hors intersection,Normale,Deux véhicules - côté,,,,,,,,,,,2,2,1,1.0,3.0
201700030349,0017-03-08 10:10:00,17,3,8,10,10,540,395,"44, COMMANDERIE (RUE/PLA",,,Plein jour,En agglomération,Hors intersection,Pluie légère,Deux véhicules - côté,,,,,,,,,,,1,2,1,2.0,3.0
201700030350,0017-03-09 07:50:00,17,3,9,7,50,540,395,DIVISION DE FER (PLACE D,,,Plein jour,En agglomération,Intersection en T,Pluie légère,Autre collision,,,,,,,,,,,1,2,3,2.0,6.0
201700030351,0017-03-10 12:20:00,17,3,10,12,20,540,304,VEZOUZE (RUE DE LA),,,Plein jour,En agglomération,Intersection en T,Normale,Deux véhicules - arrière,,,,,,,,,,,1,2,3,1.0,2.0
201700030352,0017-03-10 15:45:00,17,3,10,15,45,540,357,"7/15, METZ (ROUTE DE)",48.7061,6.1679,Plein jour,En agglomération,Hors intersection,Normale,Autre collision,,,,,,,,,,,1,2,1,1.0,6.0
201700030353,0017-03-11 14:10:00,17,3,11,14,10,540,482,"45, CARNOT (AVENUE)",48.70082,6.20863,Plein jour,En agglomération,Hors intersection,Normale,Deux véhicules - côté,,,,,,,,,,,1,2,1,1.0,3.0
201700030354,0017-03-13 14:25:00,17,3,13,14,25,540,395,GARENNE (ALLEE ET AVENUE,,,Plein jour,En agglomération,Intersection en T,Normale,Deux véhicules - côté,,,,,,,,,,,1,2,3,1.0,3.0
201700030355,0017-03-13 16:00:00,17,3,13,16,0,540,395,HAGUENAUER (RUE DU GRAND,,,Plein jour,En agglomération,Hors intersection,Normale,Autre collision,,,,,,,,,,,1,2,1,1.0,6.0
201700030356,0017-03-16 17:50:00,17,3,16,17,50,540,395,"162, COLLINE (RUE DE LA)",,,Plein jour,En agglomération,Hors intersection,Normale,Autre collision,,,,,,,,,,,1,2,1,1.0,6.0
201700030357,0017-03-16 14:10:00,17,3,16,14,10,540,547,VELODROME (CARREFOUR DU),,,Plein jour,En agglomération,Hors intersection,Normale,Deux véhicules - côté,,,,,,,,,,,1,2,1,1.0,3.0
201700030358,0017-03-17 10:20:00,17,3,17,10,20,540,395,"0, VERDUN (rue de)",48.69716,6.17043,Plein jour,En agglomération,Intersection en X,Normale,Deux véhicules - côté,,,,,,,,,,,1,2,2,1.0,3.0
201700030359,0017-03-18 10:50:00,17,3,18,10,50,540,184,RD 674,48.71462,6.24851,Plein jour,En agglomération,Hors intersection,Pluie forte,Deux véhicules - côté,,,,,,,,,,,1,2,1,3.0,3.0
201700030360,0017-03-12 18:35:00,17,3,12,18,35,540,578,MULLER (AVENUE PAUL),48.65859,6.11811,Nuit avec éclairage allumé,En agglomération,Hors intersection,Normale,Deux véhicules - côté,,,,,,,,,,,5,2,1,1.0,3.0
201700030361,0017-03-21 09:05:00,17,3,21,9,5,540,395,COLLIGNON (Avenue et Pon,,,Plein jour,En agglomération,Hors intersection,Normale,Deux véhicules - arrière,,,,,,,,,,,1,2,1,1.0,2.0
201700030362,0017-03-18 18:05:00,17,3,18,18,5,540,526,"0, POTIER (RUE EUGENE)",48.68959,6.21529,Plein jour,En agglomération,Hors intersection,Pluie légère,Deux véhicules - arrière,,,,,,,,,,,1,2,1,2.0,2.0
201700030363,0017-03-25 09:00:00,17,3,25,9,0,540,395,"294, LIBERATION (AVENUE",48.69688,6.14896,Plein jour,En agglomération,Hors intersection,Normale,Autre collision,,,,,,,,,,,1,2,1,1.0,6.0
201700030364,0017-03-25 22:10:00,17,3,25,22,10,540,482,CARNOT (AVENUE),48.70189,6.21261,Nuit avec éclairage allumé,En agglomération,Intersection en X,Normale,Deux véhicules - côté,,,,,,,,,,,5,2,2,1.0,3.0
201700030365,0017-03-24 17:45:00,17,3,24,17,45,540,547,GEMBLOUX (RUE DE),,,Plein jour,En agglomération,Hors intersection,Normale,Deux véhicules - côté,,,,,,,,,,,1,2,1,1.0,3.0
201700030366,0017-03-19 05:40:00,17,3,19,5,40,540,395,"55, CHARLES III (RUE)",48.68742,6.18711,Crépuscule ou aube,En agglomération,Hors intersection,Normale,Deux véhicules - arrière,,,,,,,,,,,2,2,1,1.0,2.0
201700030367,0017-03-04 00:05:00,17,3,4,0,5,540,395,"260, BOUFFLERS (AV. DE 7",48.69303,6.14288,Nuit avec éclairage allumé,En agglomération,Hors intersection,Normale,Autre collision,,,,,,,,,,,5,2,1,1.0,6.0
201700030368,0017-03-23 15:45:00,17,3,23,15,45,540,395,LALLEMENT (RUE LEOPOLD),,,Plein jour,En agglomération,Intersection en X,Normale,Autre collision,,,,,,,,,,,1,2,2,1.0,6.0
201700030369,0017-03-23 06:30:00,17,3,23,6,30,540,395,PONT MOUJA (RUE DU),,,Plein jour,En agglomération,Intersection en X,Normale,Deux véhicules - côté,,,,,,,,,,,1,2,2,1.0,3.0
201700030370,0017-03-25 19:16:00,17,3,25,19,16,540,395,"2/4, LEOPOLD (COURS)",,,Plein jour,En agglomération,Hors intersection,Normale,Autre collision,,,,,,,,,,,1,2,1,1.0,6.0