accident_id,datetime,annee,mois,jour,heure,minute,departement,commune_insee,adresse,latitude,longitude,luminosite,agglomeration,intersection,meteo,collision,nb_vehicules,nb_usagers,nb_indemnes,nb_tues,nb_blesses_hosp,nb_blesses_legers,age_cond_1,age_cond_2,veh_type_cond_1,veh_type_cond_2,lum_code,agg_code,int_code,atm_code,col_code
201700030614,0017-10-20 08:40:00,17,10,20,8,40,540,395,ISABEY (RUE),48.69761,6.16927,Plein jour,En agglomération,Hors intersection,Normale,Autre collision,,,,,,,,,,,1,2,1,1.0,6.0
201700030615,0017-10-28 08:15:00,17,10,28,8,15,540,184,SOIXANTE NEUVIEME R.I. (,48.71101,6.24384,Plein jour,En agglomération,Hors intersection,Normale,Deux véhicules - côté,,,,,,,,,,,1,2,1,1.0,3.0
201700030616,0017-10-30 10:35:00,17,10,30,10,35,540,395,LECLERC (AV. DU GENE,48.68026,6.18163,Plein jour,En agglomération,Intersection en X,Normale,Deux véhicules - arrière,,,,,,,,,,,1,2,2,1.0,2.0
201700030617,0017-10-30 14:00:00,17,10,30,14,0,540,184,BRIGACHTAL (AVENUE DE),48.68026,6.18163,Plein jour,En agglomération,Hors intersection,Normale,Deux véhicules - arrière,,,,,,,,,,,1,2,1,1.0,2.0
201700030618,0017-10-16 19:45:00,17,10,16,19,45,540,395,LIBERATION (AVENUE DE LA,48.69734,6.15635,Nuit avec éclairage allumé,En agglomération,Intersection en T,Normale,Autre collision,,,,,,,,,,,5,2,3,1.0,6.0
201700030619,0017-10-17 13:30:00,17,10,17,13,30,540,274,"30, DE GAULLE (AVENUE DU",48.6597,6.20669,Plein jour,En agglomération,Intersection en T,Normale,Deux véhicules - côté,,,,,,,,,,,1,2,3,1.0,3.0
201700030620,0017-10-17 20:05:00,17,10,17,20,5,540,395,AUSTRASIE (BOULEVARD),48.68995,6.20289,Nuit avec éclairage allumé,En agglomération,Intersection en X,Normale,Deux véhicules - côté,,,,,,,,,,,5,2,2,1.0,3.0
201700030621,0017-10-31 10:45:00,17,10,31,10,45,540,526,FRATERNITE (RUE DE LA),48.69329,6.2115,Plein jour,En agglomération,Intersection en X,Normale,Deux véhicules - côté,,,,,,,,,,,1,2,2,1.0,3.0
201700030622,0017-11-04 14:50:00,17,11,4,14,50,540,395,AUXONNE (RUE D'),48.69973,6.1653,Plein jour,En agglomération,Intersection en T,Normale,Deux véhicules - côté,,,,,,,,,,,1,2,3,1.0,3.0
201700030623,0017-11-08 07:45:00,17,11,8,7,45,540,395,"133, LECLERC (AV. DU GEN",48.67453,6.17539,Plein jour,En agglomération,Intersection en T,Normale,Autre collision,,,,,,,,,,,1,2,3,1.0,6.0
201700030624,0017-11-08 10:20:00,17,11,8,10,20,540,304,"14, MOUZON (RUE DU)",48.69693,6.12051,Plein jour,En agglomération,Hors intersection,Pluie forte,Autre collision,,,,,,,,,,,1,2,1,3.0,6.0
201700030625,0017-11-05 18:40:00,17,11,5,18,40,540,547,HOLLANDE (RUE DE),48.66205,6.18081,Nuit avec éclairage allumé,En agglomération,Hors intersection,Autre,Autre collision,,,,,,,,,,,5,2,1,9.0,6.0
201700030626,0017-11-06 07:15:00,17,11,6,7,15,540,547,EUROPE (BOULEVARD DE L'),48.67969,6.14777,Nuit avec éclairage allumé,En agglomération,Hors intersection,Autre,Autre collision,,,,,,,,,,,5,2,1,9.0,6.0
201700030627,0017-11-10 17:09:00,17,11,10,17,9,540,357,DE GAULLE (AVENUE DU GAL,48.70558,6.13546,Nuit avec éclairage allumé,En agglomération,Giratoire,Pluie légère,Deux véhicules - côté,,,,,,,,,,,5,2,6,2.0,3.0
201700030628,0017-11-08 14:20:00,17,11,8,14,20,540,395,MOLITOR (RUE),48.6859,6.19304,Plein jour,En agglomération,Hors intersection,Normale,Deux véhicules - arrière,,,,,,,,,,,1,2,1,1.0,2.0
201700030629,0017-11-13 18:05:00,17,11,13,18,5,540,304,DEROULEDE (AVENUE PAUL),48.68458,6.15396,Nuit avec éclairage allumé,En agglomération,Intersection en T,Normale,Deux véhicules - côté,,,,,,,,,,,5,2,3,1.0,3.0
201700030630,0017-11-08 12:00:00,17,11,8,12,0,540,395,BONSECOURS (RUE DE),48.6748,6.19583,Plein jour,En agglomération,Hors intersection,Autre,Autre collision,,,,,,,,,,,1,2,1,9.0,6.0
201700030631,0017-11-16 09:50:00,17,11,16,9,50,540,395,METZ (RUE DE),48.70174,6.1715,Plein jour,En agglomération,Intersection en X,Normale,Autre collision,,,,,,,,,,,1,2,2,1.0,6.0
201700030632,0017-11-18 18:22:00,17,11,18,18,22,540,395,FRANCE (AVENUE ANATOLE),48.68735,6.163,Nuit avec éclairage allumé,En agglomération,Intersection en X,Normale,Deux véhicules - côté,,,,,,,,,,,5,2,2,1.0,3.0
201700030633,0017-11-19 10:45:00,17,11,19,10,45,540,395,"35, SAINT NICOLAS (RUE R",48.68895,6.18554,Plein jour,En agglomération,Intersection en T,Normale,Autre collision,,,,,,,,,,,1,2,3,1.0,6.0
201700030634,0017-11-21 07:43:00,17,11,21,7,43,540,395,LOBAU (BOULEVARD),48.67887,6.19996,Crépuscule ou aube,En agglomération,Hors intersection,Pluie légère,Deux véhicules - arrière,,,,,,,,,,,2,2,1,2.0,2.0
201700030635,0017-11-21 11:50:00,17,11,21,11,50,540,304,VOLTAIRE (RUE),48.67987,6.16219,Plein jour,En agglomération,Intersection en T,Pluie légère,Deux véhicules - côté,,,,,,,,,,,1,2,3,2.0,3.0
201700030636,0017-11-22 09:30:00,17,11,22,9,30,540,395,QUATRE EGLISES (RUE,48.68814,6.18294,Plein jour,En agglomération,Intersection en X,Normale,Deux véhicules - côté,,,,,,,,,,,1,2,2,1.0,3.0
201700030637,0017-11-22 09:25:00,17,11,22,9,25,540,395,AIGUILLETTES  (BD DES),48.66834,6.16215,Plein jour,En agglomération,Intersection en T,Normale,Deux véhicules - côté,,,,,,,,,,,1,2,3,1.0,3.0
201700030638,0017-11-23 07:15:00,17,11,23,7,15,540,184,RD 674,48.71099,6.24315,Crépuscule ou aube,Hors agglomération,Hors intersection,Normale,Deux véhicules - côté,,,,,,,,,,,2,1,1,1.0,3.0
201700030639,0017-11-23 12:20:00,17,11,23,12,20,540,395,MANSUY GAUVIN (RUE),48.67939,6.19832,Plein jour,En agglomération,Hors intersection,Normale,Autre collision,,,,,,,,,,,1,2,1,1.0,6.0
201700030640,0017-11-23 14:30:00,17,11,23,14,30,540,498,RD 674,48.72313,6.27437,Plein jour,Hors agglomération,Hors intersection,Normale,Deux véhicules - arrière,,,,,,,,,,,1,1,1,1.0,2.0
201700030641,0017-11-23 19:00:00,17,11,23,19,0,540,274,"3, FOCH (RUE DU MARECHAL",48.67007,6.2061,Nuit avec éclairage allumé,En agglomération,Hors intersection,Normale,Deux véhicules - arrière,,,,,,,,,,,5,2,1,1.0,2.0
201700030642,0017-11-28 07:55:00,17,11,28,7,55,540,395,"00, REPUBLIQUE (RUE DE L",48.68292,6.17964,Crépuscule ou aube,En agglomération,Intersection en X,Normale,Deux véhicules - côté,,,,,,,,,,,2,2,2,1.0,3.0
201700030643,0017-11-28 18:20:00,17,11,28,18,20,540,304,QUATRE VENTS (AVENUE DES,48.69492,6.13012,Nuit avec éclairage allumé,En agglomération,Hors intersection,Pluie légère,Autre collision,,,,,,,,,,,5,2,1,2.0,6.0
201700030644,0017-11-19 22:35:00,17,11,19,22,35,540,547,VELODROME (CARREFOUR DU),48.6665,6.16655,Nuit avec éclairage allumé,En agglomération,Place,Normale,Autre collision,,,,,,,,,,,5,2,7,1.0,6.0
201700030645,0017-11-28 19:15:00,17,11,28,19,15,540,395,LOBAU (BOULEVARD),48.6761,6.20283,Nuit avec éclairage allumé,En agglomération,Hors intersection,Normale,Deux véhicules - côté,,,,,,,,,,,5,2,1,1.0,3.0
201700030646,0017-11-30 19:30:00,17,11,30,19,30,540,395,VINGTIEME CORPS (AVENUE,48.69282,6.19002,Nuit avec éclairage allumé,En agglomération,Intersection en Y,Pluie légère,Autre collision,,,,,,,,,,,5,2,4,2.0,6.0
201700030647,0017-11-24 15:20:00,17,11,24,15,20,540,184,BRIGACHTAL (AVENUE DE),48.70043,6.22431,Plein jour,En agglomération,Intersection en X,Pluie légère,Deux véhicules - côté,,,,,,,,,,,1,2,2,2.0,3.0
201700030648,0017-11-24 17:05:00,17,11,24,17,5,540,300,GALTIER (RUE LUCIEN),48.66068,6.22532,Plein jour,En agglomération,Hors intersection,Pluie légère,Autre collision,,,,,,,,,,,1,2,1,2.0,6.0
201700030649,0017-12-01 18:00:00,17,12,1,18,0,540,304,BOIS GRONEE (AVENUE DU),48.67964,6.14226,Nuit avec éclairage allumé,En agglomération,Hors intersection,Normale,Trois véhicules et plus - en chaîne,,,,,,,,,,,5,2,1,1.0,4.0
201700030650,0017-11-29 07:00:00,17,11,29,7,0,540,395,OUDINOT (RUE DU MAL),48.67411,6.17915,Nuit avec éclairage allumé,En agglomération,Intersection en X,Normale,Autre collision,,,,,,,,,,,5,2,2,1.0,6.0
201700030651,0017-12-04 12:23:00,17,12,4,12,23,540,395,BILISTEIN (Quai Andreu d,48.6958,6.19675,Plein jour,En agglomération,Hors intersection,Normale,Deux véhicules - côté,,,,,,,,,,,1,2,1,1.0,3.0
201700030652,0017-12-05 19:05:00,17,12,5,19,5,540,395,LIBERATION (AVENUE DE LA,48.69533,6.13939,Nuit avec éclairage allumé,En agglomération,Hors intersection,Pluie légère,Deux véhicules - arrière,,,,,,,,,,,5,2,1,2.0,2.0
201700030653,0017-11-29 19:15:00,17,11,29,19,15,540,547,"164, LECLERC (AV. DU GEN",48.66676,6.16638,Nuit avec éclairage allumé,En agglomération,Hors intersection,Normale,Trois véhicules et plus - en chaîne,,,,,,,,,,,5,2,1,1.0,4.0
201700030654,0017-11-14 20:10:00,17,11,14,20,10,540,395,MON DESERT (RUE),48.68451,6.17863,Nuit avec éclairage allumé,En agglomération,Hors intersection,Normale,Autre collision,,,,,,,,,,,5,2,1,1.0,6.0
201700030655,0017-12-07 18:40:00,17,12,7,18,40,540,547,MIRECOURT (ROUTE DE),48.6739,6.19448,Nuit avec éclairage allumé,En agglomération,Intersection en Y,Normale,Autre collision,,,,,,,,,,,5,2,4,1.0,6.0
201700030656,0017-12-08 16:34:00,17,12,8,16,34,540,547,EUROPE (BOULEVARD DE L'),48.6546,6.17731,Plein jour,En agglomération,Hors intersection,Neige / grêle,Autre collision,,,,,,,,,,,1,2,1,4.0,6.0
201700030657,0017-12-09 02:34:00,17,12,9,2,34,540,395,"00, DOMINICAINS (RUE DES",48.69174,6.18353,Nuit avec éclairage allumé,En agglomération,Intersection en X,Normale,Deux véhicules - côté,,,,,,,,,,,5,2,2,1.0,3.0
201700030658,0017-12-06 22:25:00,17,12,6,22,25,540,578,CATTENOZ (BD DU DOCTEUR),48.67744,6.15645,Nuit avec éclairage allumé,En agglomération,Intersection en X,Normale,Deux véhicules - côté,,,,,,,,,,,5,2,2,1.0,3.0
201700030659,0017-12-06 10:08:00,17,12,6,10,8,540,395,VINGTIEME CORPS (AVENUE,48.69795,6.19988,Plein jour,En agglomération,Intersection en Y,Normale,Autre collision,,,,,,,,,,,1,2,4,1.0,6.0
201700030660,0017-12-09 16:35:00,17,12,9,16,35,540,395,JAURES (BOULEVARD JE,48.68158,6.17819,Plein jour,En agglomération,Hors intersection,Normale,Autre collision,,,,,,,,,,,1,2,1,1.0,6.0
201700030661,0017-11-21 07:26:00,17,11,21,7,26,540,395,"246, BOUFFLERS (AV. DE 7",48.69288,6.14405,Nuit avec éclairage allumé,En agglomération,Autre intersection,Normale,Autre collision,,,,,,,,,,,5,2,9,1.0,6.0
201700030662,0017-12-11 17:25:00,17,12,11,17,25,540,578,"00, AIGUILLETTES  (BD 5",48.67652,6.14789,Nuit avec éclairage allumé,En agglomération,Hors intersection,Autre,Deux véhicules - arrière,,,,,,,,,,,5,2,1,9.0,2.0
201700030663,0017-12-11 17:40:00,17,12,11,17,40,540,304,"27, RESISTANCE (AV. DE L",48.69493,6.12462,Nuit avec éclairage allumé,En agglomération,Hors intersection,Neige / grêle,Autre collision,,,,,,,,,,,5,2,1,4.0,6.0
201700030664,0017-12-13 15:20:00,17,12,13,15,20,540,25,"00, RD 2 Bis",48.66056,6.2411,Plein jour,Hors agglomération,Autre intersection,Pluie forte,Deux véhicules - frontale,,,,,,,,,,,1,1,9,3.0,1.0
201700030665,0017-12-13 17:29:00,17,12,13,17,29,540,395,RD 674,48.67116,6.19366,Nuit avec éclairage allumé,Hors agglomération,Hors intersection,Pluie forte,Trois véhicules et plus - en chaîne,,,,,,,,,,,5,1,1,3.0,4.0
201700030666,0017-12-14 17:42:00,17,12,14,17,42,540,547,JONQUILLES (AVENUE DES),48.66384,6.18506,Nuit avec éclairage allumé,En agglomération,Hors intersection,Pluie légère,Autre collision,,,,,,,,,,,5,2,1,2.0,6.0
201700030667,0017-12-15 12:55:00,17,12,15,12,55,540,526,MILLENAIRE (BOULEVARD DU,48.68339,6.2214,Plein jour,En agglomération,Hors intersection,Normale,Trois véhicules et plus - en chaîne,,,,,,,,,,,1,2,1,1.0,4.0
201700030668,0017-12-16 18:20:00,17,12,16,18,20,540,357,"45, METZ (ROUTE DE)",48.70888,6.16705,Nuit avec éclairage allumé,En agglomération,Intersection en T,Normale,Autre collision,,,,,,,,,,,5,2,3,1.0,6.0
201700030669,0017-12-16 19:37:00,17,12,16,19,37,540,184,SAULXURES (AVENUE DE),48.70617,6.24493,Nuit avec éclairage allumé,En agglomération,Intersection en Y,Pluie légère,Autre collision,,,,,,,,,,,5,2,4,2.0,6.0
201700030670,0017-12-18 13:20:00,17,12,18,13,20,540,274,SABLIERE (RUE DE LA),48.65745,6.20837,Plein jour,En agglomération,Hors intersection,Normale,Autre collision,,,,,,,,,,,1,2,1,1.0,6.0
201700030671,0017-12-20 04:45:00,17,12,20,4,45,540,395,PINCHARD (AVENUE OMBELLE,48.70476,6.15761,Nuit avec éclairage allumé,Hors agglomération,Hors intersection,Normale,Autre collision,,,,,,,,,,,5,1,1,1.0,6.0
201700030672,0017-12-20 12:47:00,17,12,20,12,47,540,395,INSURRECTION DU GHETTO V,48.68555,6.18144,Plein jour,En agglomération,Hors intersection,Normale,Trois véhicules et plus - en chaîne,,,,,,,,,,,1,2,1,1.0,4.0
201700030673,0017-12-20 15:07:00,17,12,20,15,7,540,395,SELLIER (RUE),48.70004,6.17989,Plein jour,En agglomération,Intersection en T,Pluie légère,Deux véhicules - côté,,,,,,,,,,,1,2,3,2.0,3.0
201700030674,0017-12-15 18:40:00,17,12,15,18,40,540,304,BOIS GRONEE (AVENUE DU),48.67961,6.14223,Nuit avec éclairage allumé,En agglomération,Intersection à plus de 4 branches,Pluie légère,Deux véhicules - côté,,,,,,,,,,,5,2,5,2.0,3.0
201700030675,0017-12-18 13:03:00,17,12,18,13,3,540,395,SCARPONE (BD DE),48.70037,6.16469,Plein jour,En agglomération,Hors intersection,Normale,Deux véhicules - côté,,,,,,,,,,,1,2,1,1.0,3.0
201700030676,0017-12-26 18:05:00,17,12,26,18,5,540,395,CHANZY (RUE DE),48.69016,6.17799,Plein jour,En agglomération,Hors intersection,Normale,Autre collision,,,,,,,,,,,1,2,1,1.0,6.0
201700030677,0017-12-22 16:10:00,17,12,22,16,10,540,578,LECLERC (AVENUE DU GENER,48.67291,6.14717,Crépuscule ou aube,En agglomération,Intersection en X,Normale,Deux véhicules - arrière,,,,,,,,,,,2,2,2,1.0,2.0
201700030678,0017-12-21 14:15:00,17,12,21,14,15,540,526,POTIER (RUE EUGENE),48.68559,6.22106,Plein jour,En agglomération,Autre intersection,Pluie forte,Autre collision,,,,,,,,,,,1,2,9,3.0,6.0
201700030679,0017-12-22 11:15:00,17,12,22,11,15,540,482,CARNOT (AVENUE),48.69335,6.17848,Plein jour,En agglomération,Hors intersection,Normale,Deux véhicules - arrière,,,,,,,,,,,1,2,1,1.0,2.0
201700030680,0017-01-31 08:10:00,17,1,31,8,10,540,431,"23, Camille CAVALIER (AV",48.89491,6.05215,Plein jour,En agglomération,Hors intersection,Pluie légère,Autre collision,,,,,,,,,,,1,2,1,2.0,6.0
201700030681,0017-05-05 18:16:00,17,5,5,18,16,540,431,"25, HUGO (RUE VICTOR)",48.90217,6.05282,Plein jour,En agglomération,Hors intersection,Normale,Autre collision,,,,,,,,,,,1,2,1,1.0,6.0
201700030682,0017-05-06 05:35:00,17,5,6,5,35,540,431,"21, MONTRICHARD (RUE DE)",48.91017,6.04582,Crépuscule ou aube,En agglomération,Hors intersection,Temps couvert,Autre collision,,,,,,,,,,,2,2,1,8.0,6.0
201700030683,0017-05-30 15:55:00,17,5,30,15,55,540,431,SAINT-ANTOINE (PLACE),48.9038,6.05604,Plein jour,En agglomération,Hors intersection,Normale,Deux véhicules - arrière,,,,,,,,,,,1,2,1,1.0,2.0
201700030684,0017-06-18 18:58:00,17,6,18,18,58,540,375,"66, NATIONALE (ROUTE)",48.9,6.02,Plein jour,En agglomération,Hors intersection,Normale,Autre collision,,,,,,,,,,,1,2,1,1.0,6.0
201700030685,0017-06-22 09:30:00,17,6,22,9,30,540,431,RD 657 CHAMPEY,48.9196,6.06331,Plein jour,Hors agglomération,Intersection à plus de 4 branches,Normale,Trois véhicules et plus - collisions multiples,,,,,,,,,,,1,1,5,1.0,5.0
201700030686,0017-08-04 16:50:00,17,8,4,16,50,540,431,"26, HUGO (RUE VICTOR)",48.9022,6.0526,Plein jour,En agglomération,Intersection en T,Normale,Autre collision,,,,,,,,,,,1,2,3,1.0,6.0
201700030687,0017-08-23 15:25:00,17,8,23,15,25,540,431,RD 657 CHAMPEY,48.93682,6.06329,Plein jour,Hors agglomération,Hors intersection,Temps éblouissant,Deux véhicules - arrière,,,,,,,,,,,1,1,1,7.0,2.0
201700030688,0017-08-25 10:30:00,17,8,25,10,30,540,431,"162, METZ (AVENUE DE)",48.91622,6.06274,Plein jour,En agglomération,Hors intersection,Normale,Sans collision,,,,,,,,,,,1,2,1,1.0,7.0
201700030689,0017-09-18 15:10:00,17,9,18,15,10,540,431,BROSSOLETTE (ALLEE PIERR,48.92044,6.05849,Plein jour,En agglomération,Hors intersection,Pluie légère,Autre collision,,,,,,,,,,,1,2,1,2.0,6.0
201700030690,0017-09-19 18:10:00,17,9,19,18,10,540,431,"10, GAMBETTA (RUE)",48.90521,6.05884,Plein jour,En agglomération,Hors intersection,Normale,Deux véhicules - côté,,,,,,,,,,,1,2,1,1.0,3.0
201700030691,0017-09-25 19:08:00,17,9,25,19,8,540,431,METZ (AVENUE DE),48.91668,6.06299,Crépuscule ou aube,En agglomération,Intersection en X,Normale,Deux véhicules - côté,,,,,,,,,,,2,2,2,1.0,3.0
201700030692,0017-11-01 14:40:00,17,11,1,14,40,540,431,RIOLLES (BOULEVARD DE),48.89947,6.0536,Plein jour,En agglomération,Intersection en T,Normale,Autre collision,,,,,,,,,,,1,2,3,1.0,6.0
201700030693,0017-11-06 13:00:00,17,11,6,13,0,540,431,BOIS LE PRETRE (RUE DU),48.90755,6.04987,Plein jour,En agglomération,Giratoire,Normale,Deux véhicules - arrière,,,,,,,,,,,1,2,6,1.0,2.0
201700030694,0017-11-07 11:55:00,17,11,7,11,55,540,79,MARGUERITES (RUE DES),48.88213,6.04711,Plein jour,En agglomération,Hors intersection,Normale,Autre collision,,,,,,,,,,,1,2,1,1.0,6.0
201700030695,0017-11-25 17:45:00,17,11,25,17,45,540,431,"2, BRIEY (ROUTE DE)",48.91296,6.03744,Nuit avec éclairage allumé,Hors agglomération,Intersection en X,Pluie légère,Deux véhicules - côté,,,,,,,,,,,5,1,2,2.0,3.0
201700030696,0017-12-11 07:40:00,17,12,11,7,40,540,431,RD 657 CHAMPEY,48.9196,6.06331,Nuit avec éclairage allumé,En agglomération,Intersection en T,Pluie forte,Deux véhicules - côté,,,,,,,,,,,5,2,3,3.0,3.0
201700030697,0017-12-19 19:02:00,17,12,19,19,2,540,431,BRIEY (ROUTE DE),48.90882,6.03928,Nuit avec éclairage allumé,En agglomération,Intersection en T,Normale,Deux véhicules - côté,,,,,,,,,,,5,2,3,1.0,3.0
201700030698,0017-03-04 19:30:00,17,3,4,19,30,540,528,ZI   CROIX D'ARGENT,48.6983,5.908,Nuit sans éclairage public,Hors agglomération,Intersection en T,Normale,Deux véhicules - côté,,,,,,,,,,,3,1,3,1.0,3.0
201700030699,0017-11-10 17:35:00,17,11,10,17,35,540,528,COLONEL GRANDVAL (AVENUE,48.67437,5.885,Nuit avec éclairage allumé,En agglomération,Hors intersection,Pluie forte,Autre collision,,,,,,,,,,,5,2,1,3.0,6.0
201700030700,0017-03-27 11:55:00,17,3,27,11,55,540,528,D611,48.7181,5.9236,Plein jour,Hors agglomération,Hors intersection,Normale,Deux véhicules - frontale,,,,,,,,,,,1,1,1,1.0,1.0
201700030701,0017-03-31 09:50:00,17,3,31,9,50,540,528,DROUAS,,,Plein jour,En agglomération,Hors intersection,Normale,Autre collision,,,,,,,,,,,1,2,1,1.0,6.0
201700030702,0017-04-15 10:50:00,17,4,15,10,50,540,528,MICHATEL,48.674,5.891,Plein jour,En agglomération,Hors intersection,Temps couvert,Autre collision,,,,,,,,,,,1,2,1,8.0,6.0
201700030703,0017-09-21 15:35:00,17,9,21,15,35,540,528,MAJORELLE (RUE),48.6915,5.89658,Plein jour,En agglomération,Hors intersection,Normale,Autre collision,,,,,,,,,,,1,2,1,1.0,6.0
201700030704,0017-02-24 06:34:00,17,2,24,6,34,540,521,"114, LANGEVIN PAUL (RUE)",49.47191,5.9026,Nuit avec éclairage allumé,En agglomération,Hors intersection,Normale,Sans collision,,,,,,,,,,,5,2,1,1.0,7.0
201700030705,0017-02-28 07:33:00,17,2,28,7,33,540,575,DEPARTEMENTAL 17 (CHEMIN,49.4712,5.78601,Crépuscule ou aube,Hors agglomération,Hors intersection,Normale,Sans collision,,,,,,,,,,,2,1,1,1.0,7.0
201700030706,0017-04-08 14:05:00,17,4,8,14,5,540,96,DEPARTEMENTAL 27 (CHEMIN,49.44636,5.8962,Plein jour,Hors agglomération,Giratoire,Normale,Deux véhicules - côté,,,,,,,,,,,1,1,6,1.0,3.0
201700030707,0017-05-15 15:40:00,17,5,15,15,40,540,580,"28, CARNOT (RUE)",49.46956,5.93168,Plein jour,En agglomération,Hors intersection,Normale,Deux véhicules - côté,,,,,,,,,,,1,2,1,1.0,3.0
201700030708,0017-06-17 11:10:00,17,6,17,11,10,540,580,DEPARTEMENTAL 27 (CHEMIN,49.44725,5.91854,Plein jour,Hors agglomération,Intersection en T,Normale,Trois véhicules et plus - collisions multiples,,,,,,,,,,,1,1,3,1.0,5.0
201700030709,0017-04-13 17:13:00,17,4,13,17,13,540,575,DEPARTEMENTALE 26B (ROUT,49.4747,5.85468,Plein jour,Hors agglomération,Hors intersection,Normale,Sans collision,,,,,,,,,,,1,1,1,1.0,7.0
201700030710,0017-06-18 04:05:00,17,6,18,4,5,540,575,HUSSIGNY (ROUTE D'),49.47202,5.83936,Nuit avec éclairage allumé,Hors agglomération,Hors intersection,Normale,Sans collision,,,,,,,,,,,5,1,1,1.0,7.0
201700030711,0017-10-13 06:30:00,17,10,13,6,30,540,270,D26 (CHEMIN DEPARTEMENTA,49.51694,5.84005,Nuit sans éclairage public,Hors agglomération,Hors intersection,Temps couvert,Sans collision,,,,,,,,,,,3,1,1,8.0,7.0
201700030712,0017-11-30 17:45:00,17,11,30,17,45,550,29,ROMAINS ( RUE DES ),48.77603,5.16387,Nuit avec éclairage allumé,En agglomération,Hors intersection,Pluie légère,Autre collision,,,,,,,,,,,5,2,1,2.0,6.0
201700030713,0017-12-15 06:30:00,17,12,15,6,30,550,29,SCHUMAN ( RUE ROBERT ),48.77296,5.17178,Nuit avec éclairage allumé,En agglomération,Giratoire,Pluie forte,Autre collision,,,,,,,,,,,5,2,6,3.0,6.0
201700030714,0017-01-16 07:50:00,17,1,16,7,50,550,29,VERDUN ( RUE DE ),48.77128,5.16999,Crépuscule ou aube,En agglomération,Hors intersection,Normale,Autre collision,,,,,,,,,,,2,2,1,1.0,6.0
201700030715,0017-02-18 19:10:00,17,2,18,19,10,550,476,RD935,48.76137,5.183,Nuit avec éclairage non allumé,Hors agglomération,Intersection en T,Normale,Deux véhicules - côté,,,,,,,,,,,4,1,3,1.0,3.0
201700030716,0017-01-16 15:30:00,17,1,16,15,30,550,29,ARGONNE ( BOULEVARD D' ),48.78523,5.16497,Plein jour,En agglomération,Hors intersection,Normale,Autre collision,,,,,,,,,,,1,2,1,1.0,6.0
201700030717,0017-01-23 15:40:00,17,1,23,15,40,550,29,LANDRY-GILLON ( RUE ),48.77759,5.15844,Plein jour,En agglomération,Hors intersection,Normale,Autre collision,,,,,,,,,,,1,2,1,1.0,6.0
201700030718,0017-02-07 09:35:00,17,2,7,9,35,550,29,DE GAULLE ( RUE DU GENER,48.77276,5.16548,Plein jour,En agglomération,Intersection en X,Normale,Autre collision,,,,,,,,,,,1,2,2,1.0,6.0
201700030719,0017-03-02 14:30:00,17,3,2,14,30,550,302,RD 935,48.74974,5.2041,Plein jour,Hors agglomération,Hors intersection,Normale,Deux véhicules - frontale,,,,,,,,,,,1,1,1,1.0,1.0
201700030720,0017-03-30 17:50:00,17,3,30,17,50,550,29,DE GAULLE ( RUE DU GENER,48.77269,5.16533,Plein jour,En agglomération,Hors intersection,Normale,Autre collision,,,,,,,,,,,1,2,1,1.0,6.0
201700030721,0017-05-05 12:10:00,17,5,5,12,10,550,29,"65, BRADFER ( RUE ERNEST",48.76912,5.17231,Plein jour,En agglomération,Hors intersection,Normale,Autre collision,,,,,,,,,,,1,2,1,1.0,6.0
201700030722,0017-04-20 15:20:00,17,4,20,15,20,550,41,RD 116,48.78814,5.17377,Plein jour,Hors agglomération,Intersection en X,Normale,Autre collision,,,,,,,,,,,1,1,2,1.0,6.0
201700030723,0017-04-30 18:10:00,17,4,30,18,10,550,29,VOIE SACREE,48.78,5.1853,Plein jour,Hors agglomération,Hors intersection,Normale,Deux véhicules - côté,,,,,,,,,,,1,1,1,1.0,3.0
201700030724,0017-05-01 20:10:00,17,5,1,20,10,550,29,SCHUMAN ( RUE ROBERT ),48.77286,5.17189,Plein jour,En agglomération,Giratoire,Normale,Deux véhicules - côté,,,,,,,,,,,1,2,6,1.0,3.0
201700030725,0017-05-18 17:05:00,17,5,18,17,5,550,186,"40, BAR ( RUE DE )",48.78715,5.13634,Plein jour,Hors agglomération,Hors intersection,Normale,Autre collision,,,,,,,,,,,1,1,1,1.0,6.0
201700030726,0017-07-03 09:45:00,17,7,3,9,45,550,29,LEMANY ( PLACE ),48.7771,5.15783,Plein jour,En agglomération,Place,Normale,Autre collision,,,,,,,,,,,1,2,7,1.0,6.0
201700030727,0017-06-19 14:15:00,17,6,19,14,15,550,29,RD 1916,48.77285,5.1719,Plein jour,En agglomération,Giratoire,Normale,Deux véhicules - côté,,,,,,,,,,,1,2,6,1.0,3.0
201700030728,0017-10-31 20:10:00,17,10,31,20,10,550,29,"67, FUSILLES ( VOIE DES",48.78215,5.1557,Nuit avec éclairage allumé,En agglomération,Hors intersection,Normale,Autre collision,,,,,,,,,,,5,2,1,1.0,6.0
201700030729,0017-10-23 07:55:00,17,10,23,7,55,550,505,VARENNES (ROUTE DE ),49.18239,5.33884,Nuit sans éclairage public,Hors agglomération,Hors intersection,Normale,Sans collision,,,,,,,,,,,3,1,1,1.0,7.0
201700030730,0017-12-02 17:26:00,17,12,2,17,26,550,236,CD 964,49.1118,5.43619,Nuit sans éclairage public,Hors agglomération,Hors intersection,Normale,Trois véhicules et plus - collisions multiples,,,,,,,,,,,3,1,1,1.0,5.0
201700030731,0017-01-12 07:55:00,17,1,12,7,55,550,545,"15, FRERES BOULHAUT ( DE",49.16437,5.38544,Nuit avec éclairage allumé,En agglomération,Hors intersection,Normale,Autre collision,,,,,,,,,,,5,2,1,1.0,6.0