accident_id,datetime,annee,mois,jour,heure,minute,departement,commune_insee,adresse,latitude,longitude,luminosite,agglomeration,intersection,meteo,collision,nb_vehicules,nb_usagers,nb_indemnes,nb_tues,nb_blesses_hosp,nb_blesses_legers,age_cond_1,age_cond_2,veh_type_cond_1,veh_type_cond_2,lum_code,agg_code,int_code,atm_code,col_code
201700030850,0017-06-01 08:45:00,17,6,1,8,45,560,121,"0, LE COUTALLER ( RUE JE",47.74663,-3.3681,Plein jour,En agglomération,Hors intersection,Temps éblouissant,Autre collision,,,,,,,,,,,1,2,1,7.0,6.0
201700030851,0017-05-31 17:50:00,17,5,31,17,50,560,121,"0, CHALUTIER LA TANCHE (",47.73425,-3.36735,Plein jour,En agglomération,Intersection en T,Normale,Autre collision,,,,,,,,,,,1,2,3,1.0,6.0
201700030852,0017-06-02 08:50:00,17,6,2,8,50,560,107,ROUTE DEPARTEMENTALE 29,47.72659,-3.38352,Plein jour,En agglomération,Hors intersection,Normale,Trois véhicules et plus - en chaîne,,,,,,,,,,,1,2,1,1.0,4.0
201700030853,0017-06-02 09:40:00,17,6,2,9,40,560,162,"0, ANSE DU STOLE (RUE)",47.70694,-3.42115,Plein jour,En agglomération,Intersection en T,Normale,Deux véhicules - côté,,,,,,,,,,,1,2,3,1.0,3.0
201700030854,0017-06-02 13:10:00,17,6,2,13,10,560,107,"15, PORT MARIA (PROMENAD",47.70309,-3.38464,Plein jour,En agglomération,Hors intersection,Normale,Sans collision,,,,,,,,,,,1,2,1,1.0,7.0
201700030855,0017-06-03 01:50:00,17,6,3,1,50,560,107,"0, DAME (PLACE NOTRE)",47.70611,-3.3826,Nuit avec éclairage allumé,En agglomération,Intersection en X,Normale,Autre collision,,,,,,,,,,,5,2,2,1.0,6.0
201700030856,0017-06-03 21:30:00,17,6,3,21,30,560,162,"0, D 152",47.71114,-3.47107,Crépuscule ou aube,En agglomération,Hors intersection,Normale,Sans collision,,,,,,,,,,,2,2,1,1.0,7.0
201700030857,0017-06-08 08:56:00,17,6,8,8,56,560,121,"0, BOLLARDIERE (RUE  GEN",47.7556,-3.39165,Plein jour,En agglomération,Hors intersection,Normale,Autre collision,,,,,,,,,,,1,2,1,1.0,6.0
201700030858,0017-06-10 22:45:00,17,6,10,22,45,560,121,"12, CHAZELLES ( COURS LO",47.75587,-3.36387,Nuit avec éclairage allumé,En agglomération,Intersection en X,Normale,Deux véhicules - côté,,,,,,,,,,,5,2,2,1.0,3.0
201700030859,0017-06-13 09:55:00,17,6,13,9,55,560,121,"18, VERDUN (RUE  DE )",47.75805,-3.36519,Plein jour,En agglomération,Hors intersection,Normale,Autre collision,,,,,,,,,,,1,2,1,1.0,6.0
201700030860,0017-06-14 19:20:00,17,6,14,19,20,560,121,"6, COMTESSE DE SEGUR",47.74278,-3.38924,Plein jour,En agglomération,Intersection en Y,Normale,Autre collision,,,,,,,,,,,1,2,4,1.0,6.0
201700030861,0017-06-17 16:02:00,17,6,17,16,2,560,83,"0, GARDELOUPE ( R-P DE L",47.80005,-3.2602,Plein jour,En agglomération,Giratoire,Normale,Autre collision,,,,,,,,,,,1,2,6,1.0,6.0
201700030862,0017-06-19 19:45:00,17,6,19,19,45,560,162,"0, DEPARTEMENTALE 162",47.73779,-3.45792,Plein jour,Hors agglomération,Intersection en X,Normale,Deux véhicules - côté,,,,,,,,,,,1,1,2,1.0,3.0
201700030863,0017-06-20 08:20:00,17,6,20,8,20,560,162,"9, DUPUY DE LOME (RUE)",47.7432,-3.40166,Plein jour,En agglomération,Intersection en Y,Normale,Deux véhicules - côté,,,,,,,,,,,1,2,4,1.0,3.0
201700030864,0017-06-22 03:45:00,17,6,22,3,45,560,121,"16, CHAZELLES ( COURS LO",47.75496,-3.36321,Nuit avec éclairage allumé,En agglomération,Hors intersection,Normale,Autre collision,,,,,,,,,,,5,2,1,1.0,6.0
201700030865,0017-06-22 18:30:00,17,6,22,18,30,560,98,"0, LAGRANGE (RUE  LEO )",47.76677,-3.34055,Plein jour,En agglomération,Hors intersection,Normale,Sans collision,,,,,,,,,,,1,2,1,1.0,7.0
201700030866,0017-06-24 15:38:00,17,6,24,15,38,560,121,"78, DE GAULLE ( AVE DU G",47.74124,-3.37309,Plein jour,En agglomération,Giratoire,Normale,Deux véhicules - frontale,,,,,,,,,,,1,2,6,1.0,1.0
201700030867,0017-06-25 18:33:00,17,6,25,18,33,560,121,"0, COUSYN (PL. DU DOCTEU",47.76012,-3.36644,Plein jour,En agglomération,Hors intersection,Normale,Sans collision,,,,,,,,,,,1,2,1,1.0,7.0
201700030868,0017-06-29 17:05:00,17,6,29,17,5,560,121,"0, QUEUDET ( AV RAYMOND",47.76011,-3.39295,Plein jour,En agglomération,Hors intersection,Pluie légère,Deux véhicules - arrière,,,,,,,,,,,1,2,1,2.0,2.0
201700030869,0017-06-29 19:15:00,17,6,29,19,15,560,98,"25, ROBESPIERRE (RUE MAX",47.76991,-3.34252,Plein jour,En agglomération,Hors intersection,Normale,Deux véhicules - frontale,,,,,,,,,,,1,2,1,1.0,1.0
201700030870,0017-06-30 16:35:00,17,6,30,16,35,560,98,RN 165,47.77848,-3.35097,Plein jour,Hors agglomération,Hors intersection,Normale,Deux véhicules - arrière,,,,,,,,,,,1,1,1,1.0,2.0
201700030871,0017-07-02 17:57:00,17,7,2,17,57,560,121,"37, BERT (RUE  PAUL )",47.74842,-3.3605,Plein jour,En agglomération,Hors intersection,Normale,Autre collision,,,,,,,,,,,1,2,1,1.0,6.0
201700030872,0017-07-04 15:10:00,17,7,4,15,10,560,121,"0, PORT DE PECHE (ENCEIN",47.72984,-3.36566,Plein jour,En agglomération,Hors intersection,Normale,Autre collision,,,,,,,,,,,1,2,1,1.0,6.0
201700030873,0017-07-10 16:50:00,17,7,10,16,50,560,107,"0, ROUTE DEPARTEMENTALE",47.71811,-3.38381,Plein jour,En agglomération,Hors intersection,Normale,Trois véhicules et plus - en chaîne,,,,,,,,,,,1,2,1,1.0,4.0
201700030874,0017-07-11 18:40:00,17,7,11,18,40,560,121,"0, LAENNEC ( BD )",47.75733,-3.35492,Plein jour,En agglomération,Intersection en X,Pluie légère,Autre collision,,,,,,,,,,,1,2,2,2.0,6.0
201700030875,0017-07-13 19:00:00,17,7,13,19,0,560,121,"13, VAUBAN (RUE  DE )",47.75023,-3.36478,Plein jour,En agglomération,Hors intersection,Normale,Autre collision,,,,,,,,,,,1,2,1,1.0,6.0
201700030876,0017-07-14 02:10:00,17,7,14,2,10,560,162,"0, KERYAN",47.73374,-3.47678,Nuit sans éclairage public,Hors agglomération,Intersection en T,Normale,Deux véhicules - côté,,,,,,,,,,,3,1,3,1.0,3.0
201700030877,0017-07-17 17:35:00,17,7,17,17,35,560,121,"12, LECLERC ( BD GENERAL",47.74981,-3.36642,Plein jour,En agglomération,Hors intersection,Normale,Autre collision,,,,,,,,,,,1,2,1,1.0,6.0
201700030878,0017-07-18 10:45:00,17,7,18,10,45,560,121,"26, COSMAO-DUMANOIR ( BD",47.75469,-3.364,Plein jour,En agglomération,Hors intersection,Pluie forte,Autre collision,,,,,,,,,,,1,2,1,3.0,6.0
201700030879,0017-07-19 22:20:00,17,7,19,22,20,560,121,"0, MOUSTOIR ( RD PT DU )",47.75224,-3.37093,Nuit avec éclairage allumé,En agglomération,Hors intersection,Autre,Sans collision,,,,,,,,,,,5,2,1,9.0,7.0
201700030880,0017-07-20 09:33:00,17,7,20,9,33,560,121,"0, KERJULAUDE ( RUE DE )",47.74377,-3.38103,Plein jour,En agglomération,Giratoire,Normale,Deux véhicules - côté,,,,,,,,,,,1,2,6,1.0,3.0
201700030881,0017-07-21 19:45:00,17,7,21,19,45,560,98,"0, ARAGO (RUE  DOMINIQUE",47.77985,-3.34296,Plein jour,En agglomération,Hors intersection,Pluie forte,Autre collision,,,,,,,,,,,1,2,1,3.0,6.0
201700030882,0017-07-22 19:30:00,17,7,22,19,30,560,121,"0, BLUM ( BD LEON )",47.746,-3.38038,Plein jour,En agglomération,Intersection en X,Autre,Autre collision,,,,,,,,,,,1,2,2,9.0,6.0
201700030883,0017-07-23 12:00:00,17,7,23,12,0,560,98,"0, RN 165",47.77937,-3.34606,Plein jour,Hors agglomération,Hors intersection,Normale,Sans collision,,,,,,,,,,,1,1,1,1.0,7.0
201700030884,0017-07-24 17:00:00,17,7,24,17,0,560,121,"61, BLUM ( BD LEON )",47.74802,-3.3749,Plein jour,En agglomération,Hors intersection,Normale,Autre collision,,,,,,,,,,,1,2,1,1.0,6.0
201700030885,0017-07-25 15:00:00,17,7,25,15,0,560,121,"0, MARNE ( AV DE LA )",47.74358,-3.3682,Plein jour,En agglomération,Hors intersection,Normale,Deux véhicules - arrière,,,,,,,,,,,1,2,1,1.0,2.0
201700030886,0017-07-26 21:20:00,17,7,26,21,20,560,98,"0, NERUDA (AVENUE  PABLO",47.76576,-3.32934,Plein jour,En agglomération,Intersection en X,Pluie forte,Sans collision,,,,,,,,,,,1,2,2,3.0,7.0
201700030887,0017-07-26 21:30:00,17,7,26,21,30,560,83,"0, LOCOYARNE ( R-P DE )",47.78729,-3.27736,Crépuscule ou aube,Hors agglomération,Hors intersection,Pluie forte,Autre collision,,,,,,,,,,,2,1,1,3.0,6.0
201700030888,0017-07-27 00:15:00,17,7,27,0,15,560,162,"11, PLAGES (RUE DES)",47.73039,-3.43198,Nuit avec éclairage allumé,En agglomération,Hors intersection,Normale,Sans collision,,,,,,,,,,,5,2,1,1.0,7.0
201700030889,0017-07-28 16:17:00,17,7,28,16,17,560,83,"0, CACHIN (RUE  MARCEL )",47.80576,-3.26023,Plein jour,En agglomération,Intersection en T,Normale,Deux véhicules - côté,,,,,,,,,,,1,2,3,1.0,3.0
201700030890,0017-08-04 14:25:00,17,8,4,14,25,560,107,"0, ROUTE DEPARTEMENTALE",47.71575,-3.38463,Plein jour,En agglomération,Hors intersection,Normale,Autre collision,,,,,,,,,,,1,2,1,1.0,6.0
201700030891,0017-08-10 09:00:00,17,8,10,9,0,560,121,"44, DEMAINE ( BD YVES )",47.75203,-3.37912,Plein jour,En agglomération,Intersection en Y,Normale,Deux véhicules - côté,,,,,,,,,,,1,2,4,1.0,3.0
201700030892,0017-08-10 13:25:00,17,8,10,13,25,560,121,"91, MONISTROL (RUE)",47.73352,-3.38526,Plein jour,En agglomération,Giratoire,Normale,Deux véhicules - côté,,,,,,,,,,,1,2,6,1.0,3.0
201700030893,0017-08-12 15:50:00,17,8,12,15,50,560,83,"0, KERPOTENCE (RUE  DE )",47.81499,-3.24349,Plein jour,En agglomération,Hors intersection,Normale,Sans collision,,,,,,,,,,,1,2,1,1.0,7.0
201700030894,0017-08-13 21:30:00,17,8,13,21,30,560,121,"62, BELGIQUE (RUE  DE )",47.75917,-3.37961,Plein jour,En agglomération,Hors intersection,Normale,Deux véhicules - arrière,,,,,,,,,,,1,2,1,1.0,2.0
201700030895,0017-08-17 12:15:00,17,8,17,12,15,560,162,"0, D 163",47.74484,-3.4206,Plein jour,Hors agglomération,Hors intersection,Normale,Deux véhicules - arrière,,,,,,,,,,,1,1,1,1.0,2.0
201700030896,0017-08-18 18:15:00,17,8,18,18,15,560,121,"14, LECLERC ( BD GENERAL",47.74994,-3.3664,Plein jour,En agglomération,Giratoire,Normale,Deux véhicules - côté,,,,,,,,,,,1,2,6,1.0,3.0
201700030897,0017-08-22 00:05:00,17,8,22,0,5,560,98,"45, JAURES (RUE  JEAN )",47.76404,-3.36057,Nuit avec éclairage allumé,En agglomération,Intersection en T,Normale,Deux véhicules - côté,,,,,,,,,,,5,2,3,1.0,3.0
201700030898,0017-08-22 11:50:00,17,8,22,11,50,560,162,"40, DUPUY DE LOME (RUE)",47.74425,-3.39852,Plein jour,En agglomération,Hors intersection,Normale,Deux véhicules - arrière,,,,,,,,,,,1,2,1,1.0,2.0
201700030899,0017-08-24 10:45:00,17,8,24,10,45,560,83,"0, BARBUSSE ( ET IMP. HE",47.80851,-3.27619,Plein jour,En agglomération,Intersection en T,Normale,Autre collision,,,,,,,,,,,1,2,3,1.0,6.0
201700030900,0017-08-28 10:45:00,17,8,28,10,45,560,98,"16, LECLERC (RUE  GENERA",47.76245,-3.35052,Crépuscule ou aube,En agglomération,Hors intersection,Normale,Deux véhicules - frontale,,,,,,,,,,,2,2,1,1.0,1.0
201700030901,0017-08-30 12:06:00,17,8,30,12,6,560,121,"112 C, MULLER ( DU COLON",47.7659,-3.40064,Plein jour,En agglomération,Giratoire,Normale,Deux véhicules - côté,,,,,,,,,,,1,2,6,1.0,3.0
201700030902,0017-09-05 08:00:00,17,9,5,8,0,560,121,"7, CARNEL (RUE  DE )",47.73968,-3.36886,Plein jour,En agglomération,Intersection en X,Temps couvert,Deux véhicules - arrière,,,,,,,,,,,1,2,2,8.0,2.0
201700030903,0017-09-05 10:05:00,17,9,5,10,5,560,121,"117, BLUM ( BD LEON )",47.74582,-3.38053,Plein jour,En agglomération,Hors intersection,Temps couvert,Autre collision,,,,,,,,,,,1,2,1,8.0,6.0
201700030904,0017-09-06 12:12:00,17,9,6,12,12,560,121,"31, ORADOUR SUR GLANE (",47.75694,-3.37179,Plein jour,En agglomération,Hors intersection,Temps couvert,Deux véhicules - arrière,,,,,,,,,,,1,2,1,8.0,2.0
201700030905,0017-09-06 13:30:00,17,9,6,13,30,560,83,"0, RN 165",47.78849,-3.27786,Plein jour,Hors agglomération,Hors intersection,Temps couvert,Sans collision,,,,,,,,,,,1,1,1,8.0,7.0
201700030906,0017-09-07 14:23:00,17,9,7,14,23,560,121,"9, CHAZELLES ( COURS LOU",47.75523,-3.36347,Plein jour,En agglomération,Hors intersection,Temps couvert,Autre collision,,,,,,,,,,,1,2,1,8.0,6.0
201700030907,0017-09-09 11:50:00,17,9,9,11,50,560,121,"0, ORADOUR SUR GLANE ( B",47.75456,-3.37131,Plein jour,En agglomération,Hors intersection,Normale,Trois véhicules et plus - en chaîne,,,,,,,,,,,1,2,1,1.0,4.0
201700030908,0017-09-09 16:48:00,17,9,9,16,48,560,98,"29, COMBES (RUE  EMILE )",47.77096,-3.34594,Plein jour,En agglomération,Intersection en T,Normale,Deux véhicules - côté,,,,,,,,,,,1,2,3,1.0,3.0
201700030909,0017-09-13 08:36:00,17,9,13,8,36,560,121,"0, JACOB ( RP. MAX )",47.75413,-3.38339,Plein jour,En agglomération,Giratoire,Pluie légère,Sans collision,,,,,,,,,,,1,2,6,2.0,7.0
201700030910,0017-09-14 14:45:00,17,9,14,14,45,560,162,RIVES DU TER (RUE DES ),47.73971,-3.41271,Plein jour,En agglomération,Hors intersection,Normale,Autre collision,,,,,,,,,,,1,2,1,1.0,6.0
201700030911,0017-09-15 17:37:00,17,9,15,17,37,560,121,"12, BLANQUI (RUE  LOUIS)",47.7537,-3.36379,Plein jour,En agglomération,Intersection en X,Normale,Deux véhicules - côté,,,,,,,,,,,1,2,2,1.0,3.0
201700030912,0017-09-16 15:05:00,17,9,16,15,5,560,98,ECHANGEUR RN 165,47.78038,-3.34325,Plein jour,Hors agglomération,Hors intersection,Normale,Sans collision,,,,,,,,,,,1,1,1,1.0,7.0
201700030913,0017-09-16 19:45:00,17,9,16,19,45,560,121,"0, BREL (RUE  JACQUES )",47.75842,-3.38503,Plein jour,En agglomération,Hors intersection,Normale,Autre collision,,,,,,,,,,,1,2,1,1.0,6.0
201700030914,0017-09-17 19:40:00,17,9,17,19,40,560,162,ROUTE DEPARTEMENTALE 163,47.76401,-3.42509,Plein jour,Hors agglomération,Hors intersection,Normale,Trois véhicules et plus - collisions multiples,,,,,,,,,,,1,1,1,1.0,5.0
201700030915,0017-09-18 15:10:00,17,9,18,15,10,560,121,"33, REPUBLIQUE ( BD DE L",47.73955,-3.36308,Plein jour,En agglomération,Hors intersection,Normale,Autre collision,,,,,,,,,,,1,2,1,1.0,6.0
201700030916,0017-09-20 07:47:00,17,9,20,7,47,560,98,"2, FABIEN ( AV. DU COLON",47.76216,-3.33743,Crépuscule ou aube,En agglomération,Intersection en X,Normale,Deux véhicules - côté,,,,,,,,,,,2,2,2,1.0,3.0
201700030917,0017-09-21 13:55:00,17,9,21,13,55,560,107,"0, LE PORT (ROGER BOULEV",47.72755,-3.37939,Plein jour,En agglomération,Hors intersection,Normale,Autre collision,,,,,,,,,,,1,2,1,1.0,6.0
201700030918,0017-09-24 03:20:00,17,9,24,3,20,560,121,"0, ORADOUR SUR GLANE ( B",47.75414,-3.3712,Nuit avec éclairage allumé,En agglomération,Hors intersection,Normale,Autre collision,,,,,,,,,,,5,2,1,1.0,6.0
201700030919,0017-09-24 07:18:00,17,9,24,7,18,560,162,"0, MOULIN DE GAILLEC (RU",47.75733,-3.40414,Nuit sans éclairage public,Hors agglomération,Hors intersection,Pluie légère,Autre collision,,,,,,,,,,,3,1,1,2.0,6.0
201700030920,0017-09-23 06:45:00,17,9,23,6,45,560,121,"0, LE COUTALLER ( RUE JE",47.74658,-3.36799,Nuit avec éclairage allumé,En agglomération,Intersection en Y,Normale,Autre collision,,,,,,,,,,,5,2,4,1.0,6.0
201700030921,0017-09-30 05:25:00,17,9,30,5,25,560,121,"19, CARNEL (RUE  DE )",47.7392,-3.36895,Nuit avec éclairage allumé,En agglomération,Hors intersection,Normale,Autre collision,,,,,,,,,,,5,2,1,1.0,6.0
201700030922,0017-09-30 18:12:00,17,9,30,18,12,560,121,"2, DUBAIL (RUE  GENERAL",47.7467,-3.36056,Plein jour,En agglomération,Intersection en T,Normale,Autre collision,,,,,,,,,,,1,2,3,1.0,6.0
201700030923,0017-09-30 23:30:00,17,9,30,23,30,560,98,"0, LANN-SEVELIN (ROND PO",47.77817,-3.34519,Nuit avec éclairage allumé,En agglomération,Giratoire,Normale,Autre collision,,,,,,,,,,,5,2,6,1.0,6.0
201700030924,0017-10-04 10:38:00,17,10,4,10,38,560,162,"0, PENESCLUZ",47.7506,-3.41902,Plein jour,Hors agglomération,Giratoire,Normale,Deux véhicules - côté,,,,,,,,,,,1,1,6,1.0,3.0
201700030925,0017-10-04 17:28:00,17,10,4,17,28,560,121,"32, FRANCHET- D'ESPEREY",47.75183,-3.36523,Plein jour,En agglomération,Giratoire,Normale,Autre collision,,,,,,,,,,,1,2,6,1.0,6.0
201700030926,0017-10-05 13:47:00,17,10,5,13,47,560,83,"0, RESISTANCE (AVENUE  D",47.8227,-3.24538,Plein jour,Hors agglomération,Hors intersection,Normale,Sans collision,,,,,,,,,,,1,1,1,1.0,7.0
201700030927,0017-10-05 16:20:00,17,10,5,16,20,560,98,"73, BILLOUX ( AV. FRANCO",47.76226,-3.34793,Plein jour,En agglomération,Hors intersection,Normale,Autre collision,,,,,,,,,,,1,2,1,1.0,6.0
201700030928,0017-10-06 12:28:00,17,10,6,12,28,560,121,"116, BELGIQUE (RUE  DE )",47.76014,-3.383,Plein jour,En agglomération,Hors intersection,Normale,Autre collision,,,,,,,,,,,1,2,1,1.0,6.0
201700030929,0017-10-06 18:27:00,17,10,6,18,27,560,121,"0, BOLLARDIERE (RUE  GEN",47.75617,-3.39118,Plein jour,En agglomération,Intersection en T,Normale,Deux véhicules - côté,,,,,,,,,,,1,2,3,1.0,3.0
201700030930,0017-10-11 20:30:00,17,10,11,20,30,560,121,"0, MONISTROL (RUE)",47.73337,-3.38521,Nuit avec éclairage allumé,En agglomération,Giratoire,Normale,Deux véhicules - côté,,,,,,,,,,,5,2,6,1.0,3.0
201700030931,0017-10-13 13:24:00,17,10,13,13,24,560,98,"1, MITTERAND ( AV. FRANC",47.76691,-3.33863,Plein jour,En agglomération,Hors intersection,Normale,Autre collision,,,,,,,,,,,1,2,1,1.0,6.0
201700030932,0017-10-13 18:40:00,17,10,13,18,40,560,121,"55, MONISTROL (RUE)",47.73671,-3.38294,Plein jour,En agglomération,Hors intersection,Normale,Deux véhicules - côté,,,,,,,,,,,1,2,1,1.0,3.0
201700030933,0017-10-13 21:20:00,17,10,13,21,20,560,98,"0, MALACHAPPE (LIEU-DIT)",47.78001,-3.31075,Nuit sans éclairage public,Hors agglomération,Intersection en X,Normale,Deux véhicules - côté,,,,,,,,,,,3,1,2,1.0,3.0
201700030934,0017-10-16 13:30:00,17,10,16,13,30,560,98,MAI 1945 ( AV. DU 8 ),47.7578,-3.33121,Plein jour,En agglomération,Hors intersection,Normale,Autre collision,,,,,,,,,,,1,2,1,1.0,6.0
201700030935,0017-10-17 08:15:00,17,10,17,8,15,560,83,"0, GARDELOUPE ( R-P DE L",47.79973,-3.26058,Crépuscule ou aube,En agglomération,Giratoire,Temps couvert,Sans collision,,,,,,,,,,,2,2,6,8.0,7.0
201700030936,0017-10-17 10:12:00,17,10,17,10,12,560,121,"13, GUILLEROT ( BD EMILE",47.73172,-3.38816,Plein jour,En agglomération,Hors intersection,Temps couvert,Sans collision,,,,,,,,,,,1,2,1,8.0,7.0
201700030937,0017-10-17 21:35:00,17,10,17,21,35,560,121,"20, FRANCE ( AVE ANATOLE",47.7454,-3.36808,Nuit avec éclairage allumé,En agglomération,Giratoire,Normale,Autre collision,,,,,,,,,,,5,2,6,1.0,6.0
201700030938,0017-10-18 20:46:00,17,10,18,20,46,560,121,"0, ORADOUR SUR GLANE ( B",47.75382,-3.37109,Nuit avec éclairage allumé,En agglomération,Hors intersection,Normale,Autre collision,,,,,,,,,,,5,2,1,1.0,6.0
201700030939,0017-10-19 12:21:00,17,10,19,12,21,560,121,"0, HENAFF ( ET IMP. JOSE",47.74771,-3.39296,Plein jour,En agglomération,Intersection en X,Normale,Deux véhicules - arrière,,,,,,,,,,,1,2,2,1.0,2.0
201700030940,0017-10-19 16:40:00,17,10,19,16,40,560,162,"3, SAVOIE (AVENUE DE)",47.73048,-3.43516,Plein jour,En agglomération,Hors intersection,Pluie légère,Sans collision,,,,,,,,,,,1,2,1,2.0,7.0
201700030941,0017-10-19 23:17:00,17,10,19,23,17,560,121,"0, ORADOUR SUR GLANE ( B",47.75382,-3.37109,Nuit avec éclairage allumé,En agglomération,Hors intersection,Temps couvert,Autre collision,,,,,,,,,,,5,2,1,8.0,6.0
201700030942,0017-10-20 14:40:00,17,10,20,14,40,560,121,"0, ALSACE-LORRAINE  ( PL",47.74989,-3.36167,Plein jour,En agglomération,Hors intersection,Normale,Autre collision,,,,,,,,,,,1,2,1,1.0,6.0
201700030943,0017-10-22 06:00:00,17,10,22,6,0,560,98,"0, RN 165",47.78041,-3.34322,Nuit sans éclairage public,Hors agglomération,Hors intersection,Pluie légère,Autre collision,,,,,,,,,,,3,1,1,2.0,6.0
201700030944,0017-10-24 10:30:00,17,10,24,10,30,560,98,"25, CACHIN (RUE  MARCEL",47.76398,-3.35364,Plein jour,En agglomération,Hors intersection,Normale,Sans collision,,,,,,,,,,,1,2,1,1.0,7.0
201700030945,0017-10-28 02:35:00,17,10,28,2,35,560,162,"0, QUEHELLO LE FLOCH",47.72538,-3.43461,Nuit avec éclairage allumé,En agglomération,Giratoire,Normale,Autre collision,,,,,,,,,,,5,2,6,1.0,6.0
201700030946,0017-10-30 16:20:00,17,10,30,16,20,560,121,"0, BIR-HAKEIM ( RD-PT )",47.73929,-3.38032,Plein jour,En agglomération,Giratoire,Normale,Deux véhicules - côté,,,,,,,,,,,1,2,6,1.0,3.0
201700030947,0017-11-01 01:25:00,17,11,1,1,25,560,121,"7, CLAIRAMBAULT (RUE CHA",47.7482,-3.35771,Nuit avec éclairage allumé,En agglomération,Intersection en T,Normale,Autre collision,,,,,,,,,,,5,2,3,1.0,6.0
201700030948,0017-11-01 02:50:00,17,11,1,2,50,560,107,ROUTE DEPARTEMENTALE 29,47.72173,-3.38244,Nuit avec éclairage allumé,En agglomération,Hors intersection,Normale,Autre collision,,,,,,,,,,,5,2,1,1.0,6.0
201700030949,0017-11-01 18:54:00,17,11,1,18,54,560,83,"18, FOCH ( PL. MARECHAL",47.80554,-3.27663,Nuit avec éclairage allumé,En agglomération,Hors intersection,Normale,Deux véhicules - côté,,,,,,,,,,,5,2,1,1.0,3.0
201700030950,0017-11-04 16:27:00,17,11,4,16,27,560,98,"83, SEMBAT (RUE MARCEL)",47.76639,-3.34518,Plein jour,En agglomération,Hors intersection,Normale,Autre collision,,,,,,,,,,,1,2,1,1.0,6.0
201700030951,0017-11-08 17:14:00,17,11,8,17,14,560,83,"0, LE MEL (RUE  NATHALIE",47.79956,-3.26254,Plein jour,En agglomération,Hors intersection,Normale,Sans collision,,,,,,,,,,,1,2,1,1.0,7.0
201700030952,0017-11-09 09:05:00,17,11,9,9,5,560,162,"0, KERAUDE (CHEMIN BARRI",47.74802,-3.41014,Plein jour,Hors agglomération,Hors intersection,Pluie légère,Autre collision,,,,,,,,,,,1,1,1,2.0,6.0
201700030953,0017-11-09 17:30:00,17,11,9,17,30,560,98,"29, JAURES (RUE  JEAN )",47.76338,-3.36163,Crépuscule ou aube,En agglomération,Hors intersection,Normale,Trois véhicules et plus - en chaîne,,,,,,,,,,,2,2,1,1.0,4.0
201700030954,0017-11-09 23:10:00,17,11,9,23,10,560,121,"28, MARNE ( AV DE LA )",47.74443,-3.36807,Nuit avec éclairage allumé,En agglomération,Hors intersection,Normale,Sans collision,,,,,,,,,,,5,2,1,1.0,7.0
201700030955,0017-11-12 11:00:00,17,11,12,11,0,560,98,"23, MAUDUIT (RUE  CAPITA",47.75538,-3.34543,Plein jour,En agglomération,Hors intersection,Normale,Autre collision,,,,,,,,,,,1,2,1,1.0,6.0
201700030956,0017-11-14 08:15:00,17,11,14,8,15,560,98,"21, MITTERAND ( AV. FRAN",47.7664,-3.33454,Crépuscule ou aube,En agglomération,Hors intersection,Normale,Autre collision,,,,,,,,,,,2,2,1,1.0,6.0
201700030957,0017-11-14 18:40:00,17,11,14,18,40,560,98,"70, KESLER-DEVILLERS ( A",47.76798,-3.34266,Nuit avec éclairage allumé,En agglomération,Intersection en T,Normale,Deux véhicules - côté,,,,,,,,,,,5,2,3,1.0,3.0
201700030958,0017-11-15 07:43:00,17,11,15,7,43,560,121,"31, BLUM ( BD LEON )",47.74999,-3.37294,Nuit avec éclairage allumé,En agglomération,Hors intersection,Normale,Autre collision,,,,,,,,,,,5,2,1,1.0,6.0
201700030959,0017-11-16 14:30:00,17,11,16,14,30,560,107,"0, DE GAULLE (GENERAL)",47.7069,-3.38385,Plein jour,En agglomération,Giratoire,Normale,Deux véhicules - côté,,,,,,,,,,,1,2,6,1.0,3.0
201700030960,0017-11-16 19:00:00,17,11,16,19,0,560,121,"1, MOUSTOIR (ROND POINT",47.75199,-3.37085,Nuit avec éclairage allumé,En agglomération,Hors intersection,Normale,Deux véhicules - côté,,,,,,,,,,,5,2,1,1.0,3.0
201700030961,0017-11-19 04:20:00,17,11,19,4,20,560,121,"87, COSMAO-DUMANOIR ( BD",47.75322,-3.37555,Nuit avec éclairage allumé,En agglomération,Hors intersection,Normale,Sans collision,,,,,,,,,,,5,2,1,1.0,7.0
201700030962,0017-11-20 14:55:00,17,11,20,14,55,560,121,"89, GEANT (MONISTROL)",47.73414,-3.38483,Crépuscule ou aube,En agglomération,Hors intersection,Normale,Autre collision,,,,,,,,,,,2,2,1,1.0,6.0
201700030963,0017-11-21 12:20:00,17,11,21,12,20,560,98,"284, SAKHAROV (RUE  ANDR",47.7768,-3.34046,Plein jour,En agglomération,Hors intersection,Normale,Deux véhicules - côté,,,,,,,,,,,1,2,1,1.0,3.0
201700030964,0017-11-23 18:19:00,17,11,23,18,19,560,98,PONT DU BONHOMME (AVENUE,47.7676,-3.31472,Nuit avec éclairage allumé,Hors agglomération,Giratoire,Pluie légère,Deux véhicules - arrière,,,,,,,,,,,5,1,6,2.0,2.0
201700030965,0017-11-25 11:20:00,17,11,25,11,20,560,121,"39, BELGIQUE (RUE  DE )",47.75874,-3.37769,Plein jour,En agglomération,Intersection en T,Normale,Autre collision,,,,,,,,,,,1,2,3,1.0,6.0
201700030966,0017-11-25 15:10:00,17,11,25,15,10,560,98,"19, MITTERAND ( AV. FRAN",47.76648,-3.33488,Plein jour,En agglomération,Hors intersection,Normale,Deux véhicules - arrière,,,,,,,,,,,1,2,1,1.0,2.0
201700030967,0017-11-27 12:41:00,17,11,27,12,41,560,121,"6, KERVARIC (RUE  DE )",47.74708,-3.38249,Plein jour,En agglomération,Intersection en T,Normale,Trois véhicules et plus - en chaîne,,,,,,,,,,,1,2,3,1.0,4.0