accident_id,datetime,annee,mois,jour,heure,minute,departement,commune_insee,adresse,latitude,longitude,luminosite,agglomeration,intersection,meteo,collision,nb_vehicules,nb_usagers,nb_indemnes,nb_tues,nb_blesses_hosp,nb_blesses_legers,age_cond_1,age_cond_2,veh_type_cond_1,veh_type_cond_2,lum_code,agg_code,int_code,atm_code,col_code
201700031205,0017-06-21 08:55:00,17,6,21,8,55,570,463,"22B, DRAPIERS (RUE DES )",49.11496,6.24743,Plein jour,En agglomération,Intersection en X,Normale,Deux véhicules - frontale,,,,,,,,,,,1,2,2,1.0,1.0
201700031206,0017-06-22 07:30:00,17,6,22,7,30,570,751,"00, FORT GAMBETTA (RUE D",49.14977,6.17216,Plein jour,En agglomération,Autre intersection,Normale,Deux véhicules - arrière,,,,,,,,,,,1,2,9,1.0,2.0
201700031207,0017-06-23 15:15:00,17,6,23,15,15,570,463,"89, STRASBOURG (AVENUE D",49.11226,6.19998,Plein jour,En agglomération,Intersection en X,Normale,Autre collision,,,,,,,,,,,1,2,2,1.0,6.0
201700031208,0017-06-24 13:42:00,17,6,24,13,42,570,463,"00, LIMOUSIN (RUE DU )",49.11204,6.2184,Plein jour,En agglomération,Intersection en T,Normale,Deux véhicules - côté,,,,,,,,,,,1,2,3,1.0,3.0
201700031209,0017-06-28 11:40:00,17,6,28,11,40,570,463,"00, DEUX FONTAINES (AVEN",49.14484,6.17204,Plein jour,En agglomération,Intersection en T,Normale,Deux véhicules - côté,,,,,,,,,,,1,2,3,1.0,3.0
201700031210,0017-06-29 13:50:00,17,6,29,13,50,570,463,"29, PAIXHANS (BOULEVARD",49.12265,6.18286,Plein jour,En agglomération,Hors intersection,Normale,Deux véhicules - arrière,,,,,,,,,,,1,2,1,1.0,2.0
201700031211,0017-06-29 17:10:00,17,6,29,17,10,570,463,"10, JARDINS (RUE DES)",49.12097,6.17686,Plein jour,En agglomération,Hors intersection,Normale,Deux véhicules - côté,,,,,,,,,,,1,2,1,1.0,3.0
201700031212,0017-06-30 20:30:00,17,6,30,20,30,570,463,"00, DEUX FONTAINES (AVEN",49.14335,6.17198,Plein jour,En agglomération,Intersection en T,Pluie légère,Deux véhicules - côté,,,,,,,,,,,1,2,3,2.0,3.0
201700031213,0017-07-05 16:47:00,17,7,5,16,47,570,463,ROCHAMBEAU (RUE ),49.12758,6.16699,Plein jour,En agglomération,Intersection en T,Normale,Deux véhicules - côté,,,,,,,,,,,1,2,3,1.0,3.0
201700031214,0017-07-05 16:48:00,17,7,5,16,48,570,463,"00, PETITES SOEURS (RUE",49.11635,6.20466,Plein jour,En agglomération,Intersection en X,Normale,Deux véhicules - côté,,,,,,,,,,,1,2,2,1.0,3.0
201700031215,0017-07-06 20:30:00,17,7,6,20,30,570,480,"320,PONT A MOUSSON (RUE",49.09529,6.13789,Crépuscule ou aube,En agglomération,Hors intersection,Normale,Deux véhicules - côté,,,,,,,,,,,2,2,1,1.0,3.0
201700031216,0017-07-26 18:00:00,17,7,26,18,0,570,447,"43, ECOLES (RUE DES)",49.05908,6.15618,Plein jour,En agglomération,Intersection en T,Normale,Deux véhicules - côté,,,,,,,,,,,1,2,3,1.0,3.0
201700031217,0017-07-26 18:45:00,17,7,26,18,45,570,463,"00, FORT GAMBETTA (RUE D",49.12565,6.18749,Plein jour,En agglomération,Hors intersection,Normale,Autre collision,,,,,,,,,,,1,2,1,1.0,6.0
201700031218,0017-07-28 12:00:00,17,7,28,12,0,570,463,"00, STRASBOURG (AVENUE D",49.09899,6.21681,Plein jour,Hors agglomération,Hors intersection,Normale,Autre collision,,,,,,,,,,,1,1,1,1.0,6.0
201700031219,0017-08-07 19:35:00,17,8,7,19,35,570,447,"00, RD5b",49.07232,6.13955,Plein jour,En agglomération,Intersection en X,Normale,Deux véhicules - côté,,,,,,,,,,,1,2,2,1.0,3.0
201700031220,0017-08-08 19:10:00,17,8,8,19,10,570,480,"00, RD157B",49.09548,6.1192,Plein jour,Hors agglomération,Intersection en X,Normale,Deux véhicules - côté,,,,,,,,,,,1,1,2,1.0,3.0
201700031221,0017-08-10 08:30:00,17,8,10,8,30,570,463,"00, ALLIES (RUE DES)",49.13497,6.17578,Plein jour,En agglomération,Intersection en Y,Temps couvert,Deux véhicules - arrière,,,,,,,,,,,1,2,4,8.0,2.0
201700031222,0017-08-16 10:20:00,17,8,16,10,20,570,463,"0,VIC (RUE )",49.10617,6.18667,Plein jour,En agglomération,Intersection en X,Normale,Deux véhicules - côté,,,,,,,,,,,1,2,2,1.0,3.0
201700031223,0017-08-19 14:09:00,17,8,19,14,9,570,463,GRANGE AUX DAMES (RUE DE,49.13461,6.1767,Plein jour,En agglomération,Intersection en Y,Normale,Deux véhicules - côté,,,,,,,,,,,1,2,4,1.0,3.0
201700031224,0017-08-21 17:30:00,17,8,21,17,30,570,751,"0, 377 EME REGIMENT U.S.",49.15116,6.17166,Plein jour,En agglomération,Hors intersection,Normale,Deux véhicules - frontale,,,,,,,,,,,1,2,1,1.0,1.0
201700031225,0017-08-21 21:30:00,17,8,21,21,30,570,480,"100,MARLY (RUE DE )",49.08941,6.15941,Nuit avec éclairage allumé,En agglomération,Hors intersection,Normale,Autre collision,,,,,,,,,,,5,2,1,1.0,6.0
201700031226,0017-08-29 18:10:00,17,8,29,18,10,570,463,"0, JULES MICHELET (RUE )",49.1077,6.22503,Plein jour,En agglomération,Hors intersection,Normale,Deux véhicules - frontale,,,,,,,,,,,1,2,1,1.0,1.0
201700031227,0017-09-01 16:10:00,17,9,1,16,10,570,463,"129, STRASBOURG (AVENUE",49.10958,6.20402,Plein jour,En agglomération,Hors intersection,Normale,Autre collision,,,,,,,,,,,1,2,1,1.0,6.0
201700031228,0017-09-13 20:02:00,17,9,13,20,2,570,447,", COSTES ET BELLONTE (RU",49.08589,6.15017,Nuit avec éclairage non allumé,En agglomération,Hors intersection,Pluie forte,Autre collision,,,,,,,,,,,4,2,1,3.0,6.0
201700031229,0017-09-19 18:30:00,17,9,19,18,30,570,751,"90, THIONVILLE (ROUTE)",49.15588,6.15715,Plein jour,En agglomération,Hors intersection,Normale,Deux véhicules - arrière,,,,,,,,,,,1,2,1,1.0,2.0
201700031230,0017-09-24 18:25:00,17,9,24,18,25,570,480,"12, COUVENTS (RUE DES )",49.10369,6.15215,Plein jour,En agglomération,Hors intersection,Normale,Autre collision,,,,,,,,,,,1,2,1,1.0,6.0
201700031231,0017-09-25 12:00:00,17,9,25,12,0,570,447,"28, COSTES ET BELLONTE (",49.08498,6.14911,Plein jour,En agglomération,Intersection en T,Normale,Deux véhicules - côté,,,,,,,,,,,1,2,3,1.0,3.0
201700031232,0017-09-30 18:30:00,17,9,30,18,30,570,480,"34, FRESCATY (RUE DE )",49.09216,6.14842,Plein jour,En agglomération,Intersection en T,Normale,Deux véhicules - côté,,,,,,,,,,,1,2,3,1.0,3.0
201700031233,0017-10-03 09:10:00,17,10,3,9,10,570,463,"00, SABLON (PASSAGE DU )",49.10687,6.1719,Plein jour,En agglomération,Intersection en Y,Normale,Deux véhicules - côté,,,,,,,,,,,1,2,4,1.0,3.0
201700031234,0017-10-07 17:35:00,17,10,7,17,35,570,480,"1, EUGENE FLAMAN (RUE )",49.09084,6.16589,Plein jour,En agglomération,Hors intersection,Normale,Autre collision,,,,,,,,,,,1,2,1,1.0,6.0
201700031235,0017-10-11 07:50:00,17,10,11,7,50,570,751,377 EME REGIMENT U.S. (B,49.15033,6.17141,Plein jour,En agglomération,Hors intersection,Normale,Trois véhicules et plus - collisions multiples,,,,,,,,,,,1,2,1,1.0,5.0
201700031236,0017-10-18 00:35:00,17,10,18,0,35,570,463,"0, PROVENCE (BOULEVARD D",49.11429,6.22103,Nuit avec éclairage allumé,En agglomération,Hors intersection,Normale,Deux véhicules - côté,,,,,,,,,,,5,2,1,1.0,3.0
201700031237,0017-10-20 07:15:00,17,10,20,7,15,570,463,"0, AU BOIS (RUE)",49.07895,6.18917,Nuit avec éclairage allumé,En agglomération,Intersection en T,Pluie légère,Deux véhicules - côté,,,,,,,,,,,5,2,3,2.0,3.0
201700031238,0017-10-18 11:15:00,17,10,18,11,15,570,463,"29, LORRY (ROUTE DE )",49.13099,6.15722,Plein jour,Hors agglomération,Hors intersection,Normale,Autre collision,,,,,,,,,,,1,1,1,1.0,6.0
201700031239,0017-10-23 16:05:00,17,10,23,16,5,570,463,"00, ARENES (RUE AUX)",49.10808,6.17875,Plein jour,Hors agglomération,Hors intersection,Pluie légère,Autre collision,,,,,,,,,,,1,1,1,2.0,6.0
201700031240,0017-11-15 15:45:00,17,11,15,15,45,570,463,"00, ARENES (RUE AUX)",49.10867,6.18005,Plein jour,En agglomération,Intersection en X,Normale,Deux véhicules - côté,,,,,,,,,,,1,2,2,1.0,3.0
201700031241,0017-11-16 08:30:00,17,11,16,8,30,570,463,"00, STRASBOURG (AVENUE D",49.00532,6.20976,Plein jour,En agglomération,Intersection en X,Normale,Autre collision,,,,,,,,,,,1,2,2,1.0,6.0
201700031242,0017-11-21 07:35:00,17,11,21,7,35,570,463,"34, LORRY (ROUTE DE )",49.13058,6.15831,Nuit avec éclairage allumé,En agglomération,Hors intersection,Pluie légère,Deux véhicules - côté,,,,,,,,,,,5,2,1,2.0,3.0
201700031243,0017-11-22 15:40:00,17,11,22,15,40,570,463,"00, GEORGES CLEMENCEAU (",49.11262,6.16652,Plein jour,En agglomération,Intersection en T,Normale,Deux véhicules - arrière,,,,,,,,,,,1,2,3,1.0,2.0
201700031244,0017-11-23 16:00:00,17,11,23,16,0,570,487,"0, JOUY (ROUTE DE )",49.0835,6.10928,Plein jour,En agglomération,Giratoire,Normale,Deux véhicules - arrière,,,,,,,,,,,1,2,6,1.0,2.0
201700031245,0017-11-29 17:55:00,17,11,29,17,55,570,463,"00, EUROPE (BOULEVARD DE",49.1174,6.19681,Nuit sans éclairage public,En agglomération,Hors intersection,Pluie forte,Autre collision,,,,,,,,,,,3,2,1,3.0,6.0
201700031246,0017-12-01 07:25:00,17,12,1,7,25,570,463,"13, FOLIE (RUE DE LA )",49.13566,6.15629,Nuit avec éclairage allumé,En agglomération,Hors intersection,Neige / grêle,Autre collision,,,,,,,,,,,5,2,1,4.0,6.0
201700031247,0017-12-01 14:00:00,17,12,1,14,0,570,463,"27, SENTE A MY (RUE )",49.10205,6.17749,Plein jour,En agglomération,Hors intersection,Normale,Autre collision,,,,,,,,,,,1,2,1,1.0,6.0
201700031248,0017-12-06 08:25:00,17,12,6,8,25,570,463,GRANGE AUX DAMES (RUE DE,49.13476,6.17722,Plein jour,En agglomération,Autre intersection,Normale,Deux véhicules - côté,,,,,,,,,,,1,2,9,1.0,3.0
201700031249,0017-12-17 18:00:00,17,12,17,18,0,570,463,"00, VOIE RAPIDE EST",49.11904,6.22812,Nuit avec éclairage allumé,En agglomération,Hors intersection,Normale,Deux véhicules - côté,,,,,,,,,,,5,2,1,1.0,3.0
201700031250,0017-12-19 17:40:00,17,12,19,17,40,570,463,VOIE RAPIDE EST,49.11577,6.1986,Nuit sans éclairage public,Hors agglomération,Hors intersection,Normale,Deux véhicules - arrière,,,,,,,,,,,3,1,1,1.0,2.0
201700031251,0017-12-20 14:10:00,17,12,20,14,10,570,751,ROMBAS (RUE DE ),49.15952,6.15454,Plein jour,En agglomération,Intersection en Y,Pluie légère,Deux véhicules - côté,,,,,,,,,,,1,2,4,2.0,3.0
201700031252,0017-12-27 05:40:00,17,12,27,5,40,570,463,"48, JEAN XXIII (AVENUE )",,,Nuit avec éclairage allumé,En agglomération,Intersection en X,Pluie légère,Autre collision,,,,,,,,,,,5,2,2,2.0,6.0
201700031253,0017-12-27 12:10:00,17,12,27,12,10,570,463,"06, LAFAYETTE (RUE )",49.10823,6.17347,Plein jour,En agglomération,Intersection en T,Pluie légère,Autre collision,,,,,,,,,,,1,2,3,2.0,6.0
201700031254,0017-01-05 16:40:00,17,1,5,16,40,570,630,"13, CLEMENCEAU (AV)",48.7328,7.05357,Plein jour,En agglomération,Hors intersection,Normale,Autre collision,,,,,,,,,,,1,2,1,1.0,6.0
201700031255,0017-01-26 10:20:00,17,1,26,10,20,570,630,"07, PHALSBOURG",48.73828,7.06434,Plein jour,En agglomération,Hors intersection,Normale,Deux véhicules - côté,,,,,,,,,,,1,2,1,1.0,3.0
201700031256,0017-03-20 12:43:00,17,3,20,12,43,570,630,"20, SCHWEITZER",48.73958,7.05611,Plein jour,En agglomération,Intersection en T,Normale,Autre collision,,,,,,,,,,,1,2,3,1.0,6.0
201700031257,0017-03-21 17:45:00,17,3,21,17,45,570,630,PHALSBOURG,48.73829,7.06435,Plein jour,En agglomération,Hors intersection,Pluie légère,Deux véhicules - côté,,,,,,,,,,,1,2,1,2.0,3.0
201700031258,0017-03-27 08:03:00,17,3,27,8,3,570,630,"NEANT, BELLEVUE (DE)",48.7447,7.07149,Plein jour,En agglomération,Intersection en X,Normale,Deux véhicules - côté,,,,,,,,,,,1,2,2,1.0,3.0
201700031259,0017-04-10 13:15:00,17,4,10,13,15,570,630,"NEANT, STRASBOURG",48.74274,7.08355,Plein jour,En agglomération,Hors intersection,Normale,Deux véhicules - côté,,,,,,,,,,,1,2,1,1.0,3.0
201700031260,0017-04-11 14:29:00,17,4,11,14,29,570,630,"52, GAULLE (AV GAL DE)",48.72924,7.0497,Plein jour,En agglomération,Hors intersection,Normale,Trois véhicules et plus - en chaîne,,,,,,,,,,,1,2,1,1.0,4.0
201700031261,0017-04-22 21:30:00,17,4,22,21,30,570,630,"11, CLEMENCEAU (AV)",48.73288,7.05297,Nuit avec éclairage allumé,En agglomération,Hors intersection,Normale,Deux véhicules - frontale,,,,,,,,,,,5,2,1,1.0,1.0
201700031262,0017-05-02 10:40:00,17,5,2,10,40,570,630,"24, FRANCE (AV)",48.7351,7.0482,Plein jour,En agglomération,Hors intersection,Normale,Autre collision,,,,,,,,,,,1,2,1,1.0,6.0
201700031263,0017-09-15 11:35:00,17,9,15,11,35,570,630,"44, SARREGUEMINES",48.74721,7.06384,Plein jour,En agglomération,Hors intersection,Normale,Deux véhicules - arrière,,,,,,,,,,,1,2,1,1.0,2.0
201700031264,0017-10-10 19:10:00,17,10,10,19,10,570,630,CLEMENCEAU (AV),48.73284,7.05463,Nuit avec éclairage allumé,En agglomération,Hors intersection,Pluie légère,Autre collision,,,,,,,,,,,5,2,1,2.0,6.0
201700031265,0017-10-15 02:37:00,17,10,15,2,37,570,119,"face 25 b, BUHL (ROUTE D",48.73091,7.06493,Nuit avec éclairage allumé,En agglomération,Hors intersection,Brouillard / fumée,Autre collision,,,,,,,,,,,5,2,1,5.0,6.0
201700031266,0017-10-19 05:10:00,17,10,19,5,10,570,630,"69, ENTENTE (DE L')",48.7427,7.05233,Nuit avec éclairage allumé,En agglomération,Hors intersection,Normale,Autre collision,,,,,,,,,,,5,2,1,1.0,6.0
201700031267,0017-10-31 11:10:00,17,10,31,11,10,570,630,"6, JEAN XXIII (QUAI)",48.7348,7.05036,Plein jour,En agglomération,Hors intersection,Temps éblouissant,Sans collision,,,,,,,,,,,1,2,1,7.0,7.0
201700031268,0017-03-27 18:50:00,17,3,27,18,50,570,631,"75, FOLPERSVILLER (RUE D",49.12352,7.10573,Plein jour,En agglomération,Hors intersection,Normale,Deux véhicules - arrière,,,,,,,,,,,1,2,1,1.0,2.0
201700031269,0017-06-11 12:05:00,17,6,11,12,5,570,631,"27, NANCY (RUE) A-5 B-5",49.10088,7.06551,Plein jour,En agglomération,Hors intersection,Normale,Deux véhicules - arrière,,,,,,,,,,,1,2,1,1.0,2.0
201700031270,0017-06-16 12:05:00,17,6,16,12,5,570,631,"14, SCHAAFF (RUE)",49.11856,7.074,Plein jour,En agglomération,Hors intersection,Normale,Deux véhicules - côté,,,,,,,,,,,1,2,1,1.0,3.0
201700031271,0017-11-14 15:30:00,17,11,14,15,30,570,631,NANCY(ROUTE)D662,49.10601,7.07081,Plein jour,En agglomération,Hors intersection,Normale,Deux véhicules - frontale,,,,,,,,,,,1,2,1,1.0,1.0
201700031272,0017-01-09 07:25:00,17,1,9,7,25,570,672,METZ (ROUTE DE),49.33597,6.15739,Plein jour,Hors agglomération,Hors intersection,Normale,Autre collision,,,,,,,,,,,1,1,1,1.0,6.0
201700031273,0017-01-10 13:00:00,17,1,10,13,0,570,306,WENDEL (RUE DE),49.3262,6.07228,Plein jour,En agglomération,Hors intersection,Normale,Autre collision,,,,,,,,,,,1,2,1,1.0,6.0
201700031274,0017-02-05 18:29:00,17,2,5,18,29,570,672,"8, VAUBAN (AVENUE)",49.36123,6.15777,Nuit avec éclairage allumé,En agglomération,Hors intersection,Pluie légère,Autre collision,,,,,,,,,,,5,2,1,2.0,6.0
201700031275,0017-02-05 19:52:00,17,2,5,19,52,570,672,"7, VERDUN (RUE DE)",49.35138,6.15945,Nuit avec éclairage allumé,En agglomération,Hors intersection,Pluie légère,Autre collision,,,,,,,,,,,5,2,1,2.0,6.0
201700031276,0017-02-10 17:05:00,17,2,10,17,5,570,672,"1, CHATEAU JEANNOT (RUE)",49.36666,6.15313,Plein jour,En agglomération,Hors intersection,Normale,Autre collision,,,,,,,,,,,1,2,1,1.0,6.0
201700031277,0017-02-15 19:00:00,17,2,15,19,0,570,757,"9, RESISTANTS MARTYRS (R",49.36075,6.18714,Nuit avec éclairage allumé,En agglomération,Hors intersection,Normale,Autre collision,,,,,,,,,,,5,2,1,1.0,6.0
201700031278,0017-03-09 19:40:00,17,3,9,19,40,570,672,BELLEVUE (ROUTE DE),49.3855,6.0897,Nuit sans éclairage public,Hors agglomération,Hors intersection,Temps couvert,Deux véhicules - frontale,,,,,,,,,,,3,1,1,8.0,1.0
201700031279,0017-03-10 07:10:00,17,3,10,7,10,570,221,"1, D 952 A",49.31567,6.10876,Plein jour,En agglomération,Intersection en T,Normale,Deux véhicules - côté,,,,,,,,,,,1,2,3,1.0,3.0
201700031280,0017-03-17 12:10:00,17,3,17,12,10,570,508,"24, VOSGES (RUE DES)",49.34405,6.04712,Plein jour,En agglomération,Hors intersection,Normale,Autre collision,,,,,,,,,,,1,2,1,1.0,6.0
201700031281,0017-03-19 14:40:00,17,3,19,14,40,570,672,ARLON (ROUTE D'),,,Plein jour,Hors agglomération,Hors intersection,Normale,Autre collision,,,,,,,,,,,1,1,1,1.0,6.0
201700031282,0017-03-20 17:00:00,17,3,20,17,0,570,221,"35, NATIONALE (RUE)",49.31733,6.11644,Plein jour,En agglomération,Intersection en T,Normale,Deux véhicules - côté,,,,,,,,,,,1,2,3,1.0,3.0
201700031283,0017-03-21 05:25:00,17,3,21,5,25,570,757,"1, ILLANGE (ROUTE D')",49.3525,6.17505,Nuit avec éclairage allumé,En agglomération,Hors intersection,Pluie légère,Autre collision,,,,,,,,,,,5,2,1,2.0,6.0
201700031284,0017-04-07 06:35:00,17,4,7,6,35,570,672,"1, KONACKER (Route)",49.36209,6.08475,Crépuscule ou aube,En agglomération,Hors intersection,Normale,Deux véhicules - frontale,,,,,,,,,,,2,2,1,1.0,1.0
201700031285,0017-04-17 17:30:00,17,4,17,17,30,570,757,"61, KUNTZIG (RUE DE)",49.34919,6.20352,Plein jour,En agglomération,Giratoire,Normale,Deux véhicules - côté,,,,,,,,,,,1,2,6,1.0,3.0
201700031286,0017-04-26 12:05:00,17,4,26,12,5,570,672,"36, FOCH (BOULEVARD)",49.36081,6.16443,Plein jour,En agglomération,Hors intersection,Normale,Autre collision,,,,,,,,,,,1,2,1,1.0,6.0
201700031287,0017-05-06 15:50:00,17,5,6,15,50,570,666,"1, D13",49.35548,6.1277,Plein jour,En agglomération,Hors intersection,Pluie légère,Autre collision,,,,,,,,,,,1,2,1,2.0,6.0
201700031288,0017-05-09 17:20:00,17,5,9,17,20,570,672,"1, ESCH SUR ALZETTE ROU",49.35666,6.14299,Plein jour,En agglomération,Hors intersection,Normale,Deux véhicules - côté,,,,,,,,,,,1,2,1,1.0,3.0
201700031289,0017-05-10 14:11:00,17,5,10,14,11,570,306,CD 17,49.31492,6.0573,Plein jour,Hors agglomération,Intersection en T,Normale,Deux véhicules - côté,,,,,,,,,,,1,1,3,1.0,3.0
201700031290,0017-05-12 09:00:00,17,5,12,9,0,570,757,"63, Nations (Avenue)",49.35895,6.19071,Plein jour,En agglomération,Hors intersection,Normale,Autre collision,,,,,,,,,,,1,2,1,1.0,6.0
201700031291,0017-05-13 16:12:00,17,5,13,16,12,570,672,"1, AFRIQUE (CHAUSSEE D')",49.35835,6.14452,Plein jour,En agglomération,Hors intersection,Pluie forte,Autre collision,,,,,,,,,,,1,2,1,3.0,6.0
201700031292,0017-05-18 10:30:00,17,5,18,10,30,570,672,"19,REPUBLIQUE (PLACE DE",49.35598,6.16393,Plein jour,En agglomération,Hors intersection,Normale,Autre collision,,,,,,,,,,,1,2,1,1.0,6.0
201700031293,0017-05-21 20:00:00,17,5,21,20,0,570,672,"2, PAUL ALBERT (RUE) - P",49.3566,6.157,Plein jour,En agglomération,Intersection en X,Normale,Deux véhicules - côté,,,,,,,,,,,1,2,2,1.0,3.0
201700031294,0017-05-24 19:45:00,17,5,24,19,45,570,672,"1, ROBERT SCHUMANN (BOUL",49.35309,6.17479,Plein jour,En agglomération,Giratoire,Normale,Autre collision,,,,,,,,,,,1,2,6,1.0,6.0
201700031295,0017-05-26 09:10:00,17,5,26,9,10,570,672,"13, LINKLING (RUE DU)",49.35223,6.13857,Plein jour,En agglomération,Hors intersection,Normale,Autre collision,,,,,,,,,,,1,2,1,1.0,6.0
201700031296,0017-05-26 17:05:00,17,5,26,17,5,570,221,"1, GRAND'RUE",49.32213,6.11406,Plein jour,En agglomération,Giratoire,Normale,Deux véhicules - côté,,,,,,,,,,,1,2,6,1.0,3.0
201700031297,0017-05-28 19:15:00,17,5,28,19,15,570,666,"15, NORMANDIE (RUE DE)",49.34159,6.1272,Plein jour,En agglomération,Hors intersection,Normale,Autre collision,,,,,,,,,,,1,2,1,1.0,6.0
201700031298,0017-05-31 17:00:00,17,5,31,17,0,570,12,"14, CLEMENCEAU (RUE)",49.35219,6.04228,Plein jour,En agglomération,Hors intersection,Normale,Deux véhicules - arrière,,,,,,,,,,,1,2,1,1.0,2.0
201700031299,0017-06-01 10:15:00,17,6,1,10,15,570,306,"25, FOCH (RUE)",49.32955,6.06395,Plein jour,En agglomération,Hors intersection,Normale,Autre collision,,,,,,,,,,,1,2,1,1.0,6.0
201700031300,0017-06-08 17:15:00,17,6,8,17,15,570,368,"48, REPUBLIQUE (RUE DE L",49.33984,6.04123,Plein jour,En agglomération,Hors intersection,Normale,Deux véhicules - côté,,,,,,,,,,,1,2,1,1.0,3.0
201700031301,0017-06-17 11:00:00,17,6,17,11,0,570,672,"25, GUISE (AVENUE DE) -",49.36462,6.16413,Plein jour,En agglomération,Hors intersection,Normale,Deux véhicules - côté,,,,,,,,,,,1,2,1,1.0,3.0
201700031302,0017-06-26 10:20:00,17,6,26,10,20,570,647,"2, SAINT NICOLAS EN FORE",49.31889,6.09389,Plein jour,En agglomération,Hors intersection,Temps éblouissant,Autre collision,,,,,,,,,,,1,2,1,7.0,6.0
201700031303,0017-07-01 11:15:00,17,7,1,11,15,570,672,"32, MANEGE (RUE DU)",49.36015,6.16376,Plein jour,En agglomération,Hors intersection,Pluie légère,Autre collision,,,,,,,,,,,1,2,1,2.0,6.0
201700031304,0017-07-04 11:38:00,17,7,4,11,38,570,221,"1, D 653",49.34388,6.11547,Plein jour,Hors agglomération,Giratoire,Normale,Deux véhicules - côté,,,,,,,,,,,1,1,6,1.0,3.0
201700031305,0017-07-05 14:42:00,17,7,5,14,42,570,672,"31, METZ (ROUTE DE)",49.34462,6.16153,Plein jour,En agglomération,Hors intersection,Normale,Autre collision,,,,,,,,,,,1,2,1,1.0,6.0
201700031306,0017-07-16 19:15:00,17,7,16,19,15,570,672,"23, PEPIN LE BREF (RUE)",49.36452,6.17218,Plein jour,En agglomération,Hors intersection,Normale,Deux véhicules - côté,,,,,,,,,,,1,2,1,1.0,3.0
201700031307,0017-07-16 19:30:00,17,7,16,19,30,570,672,"84, BUCHEL (ROUTE DU)",49.36044,6.11163,Plein jour,En agglomération,Hors intersection,Normale,Deux véhicules - côté,,,,,,,,,,,1,2,1,1.0,3.0
201700031308,0017-07-22 02:15:00,17,7,22,2,15,570,221,D653,49.3382,6.1277,Nuit sans éclairage public,Hors agglomération,Hors intersection,Normale,Sans collision,,,,,,,,,,,3,1,1,1.0,7.0
201700031309,0017-07-25 13:20:00,17,7,25,13,20,570,666,"18 BIS, VERDUN (ROUTE DE",49.34611,6.14812,Plein jour,En agglomération,Intersection en T,Normale,Sans collision,,,,,,,,,,,1,2,3,1.0,7.0
201700031310,0017-07-27 21:45:00,17,7,27,21,45,570,757,"196, ROOSEVELT (RUE DU P",49.34677,6.1969,Nuit avec éclairage allumé,En agglomération,Hors intersection,Normale,Deux véhicules - côté,,,,,,,,,,,5,2,1,1.0,3.0
201700031311,0017-08-06 16:30:00,17,8,6,16,30,570,221,METZ (ROUTE DE),49.32387,6.1539,Plein jour,En agglomération,Hors intersection,Normale,Autre collision,,,,,,,,,,,1,2,1,1.0,6.0
201700031312,0017-08-07 18:30:00,17,8,7,18,30,570,672,CARANUSCA (ROUTE DE),49.39382,6.17523,Plein jour,Hors agglomération,Hors intersection,Normale,Deux véhicules - côté,,,,,,,,,,,1,1,1,1.0,3.0
201700031313,0017-08-20 13:30:00,17,8,20,13,30,570,672,"1, METZ (ROUTE DE)",49.33672,6.15828,Plein jour,Hors agglomération,Hors intersection,Normale,Autre collision,,,,,,,,,,,1,1,1,1.0,6.0
201700031314,0017-08-25 18:45:00,17,8,25,18,45,570,672,"1, LUXEMBOURG (PLACE DU)",49.35928,6.17047,Plein jour,En agglomération,Hors intersection,Normale,Autre collision,,,,,,,,,,,1,2,1,1.0,6.0
201700031315,0017-08-26 09:15:00,17,8,26,9,15,570,672,"1, LONGWY (ROUTE DE)",49.3543,6.15794,Plein jour,En agglomération,Hors intersection,Normale,Autre collision,,,,,,,,,,,1,2,1,1.0,6.0
201700031316,0017-08-27 15:05:00,17,8,27,15,5,570,306,"1, CD 13",49.34129,6.09974,Plein jour,Hors agglomération,Hors intersection,Normale,Autre collision,,,,,,,,,,,1,1,1,1.0,6.0
201700031317,0017-08-29 16:35:00,17,8,29,16,35,570,647,"12, GAULLE (RUE CHARLES",49.31872,6.10234,Plein jour,En agglomération,Intersection en T,Normale,Deux véhicules - côté,,,,,,,,,,,1,2,3,1.0,3.0
201700031318,0017-09-04 16:00:00,17,9,4,16,0,570,306,"1, LIAISON (RUE DE)",49.34064,6.07655,Plein jour,En agglomération,Hors intersection,Normale,Autre collision,,,,,,,,,,,1,2,1,1.0,6.0
201700031319,0017-09-08 16:45:00,17,9,8,16,45,570,441,"99, MONDORFF (ROUTE DE)",49.40174,6.20989,Plein jour,En agglomération,Hors intersection,Normale,Deux véhicules - côté,,,,,,,,,,,1,2,1,1.0,3.0
201700031320,0017-09-20 12:30:00,17,9,20,12,30,570,757,"9, AVIATION (RUE DE L')",49.35702,6.19525,Plein jour,En agglomération,Hors intersection,Normale,Autre collision,,,,,,,,,,,1,2,1,1.0,6.0
201700031321,0017-09-21 15:15:00,17,9,21,15,15,570,221,"1, VERDUN (RUE DE)",49.32233,6.1085,Plein jour,En agglomération,Hors intersection,Normale,Autre collision,,,,,,,,,,,1,2,1,1.0,6.0
201700031322,0017-09-25 08:10:00,17,9,25,8,10,570,672,"2, GENERAL DE CASTELNAU",49.35474,6.16308,Plein jour,En agglomération,Hors intersection,Normale,Deux véhicules - côté,,,,,,,,,,,1,2,1,1.0,3.0
201700031323,0017-09-25 16:40:00,17,9,25,16,40,570,306,"38, MENDES FRANCE (RUE P",49.33414,6.07819,Plein jour,En agglomération,Intersection en T,Normale,Deux véhicules - côté,,,,,,,,,,,1,2,3,1.0,3.0
201700031324,0017-09-30 20:19:00,17,9,30,20,19,570,672,"1, ROBERT SCHUMANN (BOUL",49.35598,6.1701,Nuit sans éclairage public,En agglomération,Hors intersection,Normale,Autre collision,,,,,,,,,,,3,2,1,1.0,6.0