accident_id,datetime,annee,mois,jour,heure,minute,departement,commune_insee,adresse,latitude,longitude,luminosite,agglomeration,intersection,meteo,collision,nb_vehicules,nb_usagers,nb_indemnes,nb_tues,nb_blesses_hosp,nb_blesses_legers,age_cond_1,age_cond_2,veh_type_cond_1,veh_type_cond_2,lum_code,agg_code,int_code,atm_code,col_code
201700031325,0017-10-12 12:20:00,17,10,12,12,20,570,757,"1, REPUBLIQUE (RUE DE LA",49.35271,6.19922,Plein jour,En agglomération,Hors intersection,Normale,Autre collision,,,,,,,,,,,1,2,1,1.0,6.0
201700031326,0017-10-13 17:00:00,17,10,13,17,0,570,647,"10, GAULLE (RUE CHARLES",49.31878,6.10245,Plein jour,En agglomération,Intersection en T,Normale,Deux véhicules - côté,,,,,,,,,,,1,2,3,1.0,3.0
201700031327,0017-10-17 17:45:00,17,10,17,17,45,570,306,CD 13,49.33754,6.08888,Plein jour,Hors agglomération,Hors intersection,Normale,Deux véhicules - arrière,,,,,,,,,,,1,1,1,1.0,2.0
201700031328,0017-10-18 15:30:00,17,10,18,15,30,570,508,"19, FOCH (RUE)",49.34007,6.04925,Plein jour,En agglomération,Intersection en X,Normale,Deux véhicules - côté,,,,,,,,,,,1,2,2,1.0,3.0
201700031329,0017-10-20 15:00:00,17,10,20,15,0,570,672,"26, CASTELNAU (RUE DE)",49.3523,6.16058,Plein jour,En agglomération,Hors intersection,Normale,Autre collision,,,,,,,,,,,1,2,1,1.0,6.0
201700031330,0017-10-20 21:30:00,17,10,20,21,30,570,12,"1, GENERAL DE GAULLE (RU",49.37748,6.06321,Nuit avec éclairage non allumé,En agglomération,Hors intersection,Normale,Autre collision,,,,,,,,,,,4,2,1,1.0,6.0
201700031331,0017-11-06 07:30:00,17,11,6,7,30,570,666,"13, VERDUN (ROUTE DE)",49.34596,6.14902,Plein jour,En agglomération,Hors intersection,Temps couvert,Autre collision,,,,,,,,,,,1,2,1,8.0,6.0
201700031332,0017-11-07 10:30:00,17,11,7,10,30,570,221,"36, CENTRALE (RUE DE LA)",49.31994,6.11406,Plein jour,En agglomération,Hors intersection,Normale,Deux véhicules - arrière,,,,,,,,,,,1,2,1,1.0,2.0
201700031333,0017-11-22 17:50:00,17,11,22,17,50,570,647,"202, GAULLE (RUE CHARLES",49.3219,6.08257,Nuit avec éclairage allumé,En agglomération,Intersection en T,Normale,Autre collision,,,,,,,,,,,5,2,3,1.0,6.0
201700031334,0017-11-22 19:40:00,17,11,22,19,40,570,306,"4, WENDEL (RUE DE)",49.32374,6.0761,Nuit avec éclairage allumé,En agglomération,Hors intersection,Normale,Autre collision,,,,,,,,,,,5,2,1,1.0,6.0
201700031335,0017-11-23 17:30:00,17,11,23,17,30,570,647,"45, GAULLE (RUE CHARLES",49.31929,6.09676,Nuit avec éclairage allumé,En agglomération,Hors intersection,Normale,Autre collision,,,,,,,,,,,5,2,1,1.0,6.0
201700031336,0017-11-24 18:00:00,17,11,24,18,0,570,672,"1, BOISMORTIER (RUE DE)",49.3664,6.1574,Nuit avec éclairage allumé,En agglomération,Intersection en T,Pluie légère,Deux véhicules - côté,,,,,,,,,,,5,2,3,2.0,3.0
201700031337,0017-11-24 18:35:00,17,11,24,18,35,570,672,"1, LINKLING (RUE DU )",49.35198,6.13744,Nuit avec éclairage allumé,En agglomération,Hors intersection,Pluie légère,Autre collision,,,,,,,,,,,5,2,1,2.0,6.0
201700031338,0017-12-01 17:30:00,17,12,1,17,30,570,672,"42, GUISE (AVENUE DE) -",49.36556,6.16601,Nuit avec éclairage allumé,En agglomération,Hors intersection,Pluie légère,Autre collision,,,,,,,,,,,5,2,1,2.0,6.0
201700031339,0017-12-02 17:45:00,17,12,2,17,45,570,368,"1, REPUBLIQUE (RUE DE LA",49.33718,6.04641,Nuit avec éclairage allumé,En agglomération,Hors intersection,Pluie légère,Autre collision,,,,,,,,,,,5,2,1,2.0,6.0
201700031340,0017-12-06 01:30:00,17,12,6,1,30,570,12,"70, CLEMENCEAU (RUE)",49.35632,6.04646,Nuit avec éclairage allumé,En agglomération,Hors intersection,Temps couvert,Autre collision,,,,,,,,,,,5,2,1,8.0,6.0
201700031341,0017-12-18 17:30:00,17,12,18,17,30,570,672,"48, GUISE (AVENUE DE) -",49.3659,6.1668,Nuit avec éclairage allumé,En agglomération,Hors intersection,Pluie légère,Autre collision,,,,,,,,,,,5,2,1,2.0,6.0
201700031342,0017-12-22 15:30:00,17,12,22,15,30,570,672,"1, ARLON (ROUTE DE)",49.35845,6.13094,Plein jour,En agglomération,Hors intersection,Normale,Autre collision,,,,,,,,,,,1,2,1,1.0,6.0
201700031343,0017-12-23 17:30:00,17,12,23,17,30,570,306,"2, MENDES FRANCE (RUE PI",49.33025,6.07314,Nuit avec éclairage allumé,En agglomération,Hors intersection,Normale,Autre collision,,,,,,,,,,,5,2,1,1.0,6.0
201700031344,0017-12-27 11:25:00,17,12,27,11,25,570,672,ARLON (ROUTE D'),49.37039,6.10007,Plein jour,Hors agglomération,Hors intersection,Normale,Autre collision,,,,,,,,,,,1,1,1,1.0,6.0
201700031345,0017-12-29 17:50:00,17,12,29,17,50,570,508,"1, CHAPELLE (RUE DE LA)",49.34036,6.04957,Nuit avec éclairage allumé,En agglomération,Intersection en T,Pluie légère,Autre collision,,,,,,,,,,,5,2,3,2.0,6.0
201700031346,0017-01-25 07:00:00,17,1,25,7,0,450,216,D2007,47.94474,2.7357,Nuit sans éclairage public,Hors agglomération,Hors intersection,Normale,Sans collision,,,,,,,,,,,3,1,1,1.0,7.0
201700031347,0017-06-08 07:30:00,17,6,8,7,30,450,187,Lieu-dit La GIbonnière,47.87625,2.49863,Plein jour,Hors agglomération,Hors intersection,Normale,Sans collision,,,,,,,,,,,1,1,1,1.0,7.0
201700031348,0017-11-15 09:35:00,17,11,15,9,35,450,339,"RD 2160, p.r 40.840",47.99944,2.56958,Plein jour,Hors agglomération,Hors intersection,Brouillard / fumée,Deux véhicules - côté,,,,,,,,,,,1,1,1,5.0,3.0
201700031349,0017-01-01 07:30:00,17,1,1,7,30,201,142,ALLÉE DES CHENES,41.65155,9.11566,Crépuscule ou aube,En agglomération,Hors intersection,Autre,Autre collision,,,,,,,,,,,2,2,1,9.0,6.0
201700031350,0017-01-09 11:05:00,17,1,9,11,5,201,142,D268,41.70394,9.12986,Plein jour,Hors agglomération,Hors intersection,Normale,Autre collision,,,,,,,,,,,1,1,1,1.0,6.0
201700031351,0017-04-08 09:00:00,17,4,8,9,0,201,308,RD320,41.69841,9.06139,Plein jour,En agglomération,Hors intersection,Normale,Autre collision,,,,,,,,,,,1,2,1,1.0,6.0
201700031352,0017-04-15 14:15:00,17,4,15,14,15,201,254,RD420,41.7647,9.15141,Plein jour,Hors agglomération,Hors intersection,Normale,Autre collision,,,,,,,,,,,1,1,1,1.0,6.0
201700031353,0017-05-02 16:35:00,17,5,2,16,35,201,191,D268,41.66188,9.00862,Plein jour,Hors agglomération,Hors intersection,Normale,Sans collision,,,,,,,,,,,1,1,1,1.0,7.0
201700031354,0017-05-28 14:30:00,17,5,28,14,30,201,254,RD 420,41.76834,9.16558,Plein jour,Hors agglomération,Hors intersection,Normale,Autre collision,,,,,,,,,,,1,1,1,1.0,6.0
201700031355,0017-08-15 09:30:00,17,8,15,9,30,201,362,D268,41.74982,9.17061,Plein jour,En agglomération,Hors intersection,Normale,Sans collision,,,,,,,,,,,1,2,1,1.0,7.0
201700031356,0017-08-28 19:10:00,17,8,28,19,10,201,357,Route de sartene,41.76031,9.03971,Plein jour,Hors agglomération,Hors intersection,Normale,Autre collision,,,,,,,,,,,1,1,1,1.0,6.0
201700031357,0017-09-30 10:45:00,17,9,30,10,45,201,142,D 268,41.69484,9.11696,Plein jour,Hors agglomération,Hors intersection,Normale,Sans collision,,,,,,,,,,,1,1,1,1.0,7.0
201700031358,0017-10-26 16:34:00,17,10,26,16,34,201,191,D268,41.68977,9.05639,Plein jour,Hors agglomération,Hors intersection,Normale,Autre collision,,,,,,,,,,,1,1,1,1.0,6.0
201700031359,0017-01-19 12:15:00,17,1,19,12,15,330,1,Voie Garage & Restaurant,45.00102,-0.11805,Plein jour,Hors agglomération,Autre intersection,Normale,Autre collision,,,,,,,,,,,1,1,9,1.0,6.0
201700031360,0017-02-21 07:35:00,17,2,21,7,35,330,1,barraud,45.02408,-0.15053,Crépuscule ou aube,Hors agglomération,Intersection en T,Normale,Deux véhicules - côté,,,,,,,,,,,2,1,3,1.0,3.0
201700031361,0017-02-21 13:30:00,17,2,21,13,30,330,138,33 rue jean jaures,45.04456,-0.12634,Plein jour,En agglomération,Hors intersection,Normale,Deux véhicules - côté,,,,,,,,,,,1,2,1,1.0,3.0
201700031362,0017-04-15 16:00:00,17,4,15,16,0,330,1,D1089 / VC Tripoteau,44.9955,-0.12631,Plein jour,Hors agglomération,Intersection en X,Normale,Deux véhicules - côté,,,,,,,,,,,1,1,2,1.0,3.0
201700031363,0017-06-16 21:30:00,17,6,16,21,30,330,138,LIEU-DIT L'ATELIER.,45.05027,-0.11741,Crépuscule ou aube,En agglomération,Hors intersection,Normale,Deux véhicules - frontale,,,,,,,,,,,2,2,1,1.0,1.0
201700031364,0017-09-01 10:00:00,17,9,1,10,0,330,478,R.PAGNOL / R.MONTAIGNE,45.00568,-0.00212,Plein jour,En agglomération,Intersection en T,Normale,Autre collision,,,,,,,,,,,1,2,3,1.0,6.0
201700031365,0017-09-21 17:55:00,17,9,21,17,55,330,1,RD674 / RD247.,45.02517,-0.15366,Plein jour,Hors agglomération,Intersection en T,Normale,Sans collision,,,,,,,,,,,1,1,3,1.0,7.0
201700031366,0017-10-24 14:00:00,17,10,24,14,0,330,138,Lieu dit Bellisle,45.04213,-0.17052,Plein jour,Hors agglomération,Hors intersection,Normale,Autre collision,,,,,,,,,,,1,1,1,1.0,6.0
201700031367,0017-04-14 11:30:00,17,4,14,11,30,110,146,A61 PK 335+500,43.17993,2.48423,Plein jour,Hors agglomération,Hors intersection,Normale,Trois véhicules et plus - en chaîne,,,,,,,,,,,1,1,1,1.0,4.0
201700031368,0017-08-20 18:00:00,17,8,20,18,0,110,76,Autoroute A 61 PK 288+84,43.28711,1.95063,Plein jour,Hors agglomération,Hors intersection,Normale,Trois véhicules et plus - en chaîne,,,,,,,,,,,1,1,1,1.0,4.0
201700031369,0017-12-22 15:45:00,17,12,22,15,45,110,418,A61 PK 298+038,43.2497,2.05892,Plein jour,Hors agglomération,Hors intersection,Pluie légère,Trois véhicules et plus - en chaîne,,,,,,,,,,,1,1,1,2.0,4.0
201700031370,0017-12-26 15:10:00,17,12,26,15,10,110,18,A61 PK 310+070,43.21901,2.21637,Plein jour,Hors agglomération,Hors intersection,Normale,Deux véhicules - arrière,,,,,,,,,,,1,1,1,1.0,2.0
201700031371,0017-02-23 18:15:00,17,2,23,18,15,570,361,RD855,49.39662,6.36398,Crépuscule ou aube,Hors agglomération,Hors intersection,Pluie légère,Sans collision,,,,,,,,,,,2,1,1,2.0,7.0
201700031372,0017-12-04 20:20:00,17,12,4,20,20,570,371,RD 64,49.45392,6.31828,Nuit sans éclairage public,Hors agglomération,Hors intersection,Pluie légère,Deux véhicules - frontale,,,,,,,,,,,3,1,1,2.0,1.0
201700031373,0017-01-17 17:20:00,17,1,17,17,20,860,166,D6 lieu dit la baronneri,46.56375,0.14647,Crépuscule ou aube,Hors agglomération,Hors intersection,Temps éblouissant,Deux véhicules - frontale,,,,,,,,,,,2,1,1,7.0,1.0
201700031374,0017-02-10 03:30:00,17,2,10,3,30,860,17,RN 149 - pk 19+500,,,Nuit sans éclairage public,Hors agglomération,Hors intersection,Normale,Autre collision,,,,,,,,,,,3,1,1,1.0,6.0
201700031375,0017-02-24 05:40:00,17,2,24,5,40,860,297,D12,46.60387,0.28127,Nuit sans éclairage public,Hors agglomération,Hors intersection,Normale,Autre collision,,,,,,,,,,,3,1,1,1.0,6.0
201700031376,0017-04-30 18:10:00,17,4,30,18,10,860,297,rue de la grand vallée,46.56189,0.2799,Plein jour,En agglomération,Hors intersection,Normale,Deux véhicules - frontale,,,,,,,,,,,1,2,1,1.0,1.0
201700031377,0017-05-20 16:00:00,17,5,20,16,0,860,294,RUE GAMBETTA,46.63894,0.16552,Plein jour,En agglomération,Intersection en X,Normale,Deux véhicules - côté,,,,,,,,,,,1,2,2,1.0,3.0
201700031378,0017-06-19 17:10:00,17,6,19,17,10,860,123,La Touche,46.56217,0.09275,Plein jour,Hors agglomération,Hors intersection,Normale,Deux véhicules - frontale,,,,,,,,,,,1,1,1,1.0,1.0
201700031379,0017-07-06 14:20:00,17,7,6,14,20,860,294,lieu dit la gasse au vea,46.64754,0.16286,Plein jour,Hors agglomération,Intersection en X,Normale,Deux véhicules - côté,,,,,,,,,,,1,1,2,1.0,3.0
201700031380,0017-10-05 08:20:00,17,10,5,8,20,860,56,hameau de la métairie,46.49275,0.11557,Plein jour,Hors agglomération,Intersection en X,Normale,Deux véhicules - frontale,,,,,,,,,,,1,1,2,1.0,1.0
201700031381,0017-10-14 09:30:00,17,10,14,9,30,860,74,D62,46.63281,0.09772,Plein jour,Hors agglomération,Intersection en T,Brouillard / fumée,Deux véhicules - côté,,,,,,,,,,,1,1,3,5.0,3.0
201700031382,0017-12-28 14:23:00,17,12,28,14,23,580,194,"sans, PIERRE DE COUBERTI",46.98,3.16,Plein jour,En agglomération,Hors intersection,Normale,Autre collision,,,,,,,,,,,1,2,1,1.0,6.0
201700031383,0017-01-10 17:55:00,17,1,10,17,55,580,194,"sans, PIERRE BEREGOVOY",46.98,3.15,Crépuscule ou aube,En agglomération,Hors intersection,Normale,Autre collision,,,,,,,,,,,2,2,1,1.0,6.0
201700031384,0017-01-11 17:20:00,17,1,11,17,20,580,194,"09, GENERAL DE GAULLE",46.98804,3.15332,Crépuscule ou aube,En agglomération,Hors intersection,Pluie légère,Sans collision,,,,,,,,,,,2,2,1,2.0,7.0
201700031385,0017-01-19 08:00:00,17,1,19,8,0,580,194,SAINT EXUPERY (BOULEVARD,47.00387,3.15762,Plein jour,En agglomération,Hors intersection,Normale,Sans collision,,,,,,,,,,,1,2,1,1.0,7.0
201700031386,0017-01-23 12:00:00,17,1,23,12,0,580,194,"sans, MONTOTS",46.99,3.0,Plein jour,En agglomération,Intersection en X,Normale,Deux véhicules - côté,,,,,,,,,,,1,2,2,1.0,3.0
201700031387,0017-01-17 17:00:00,17,1,17,17,0,580,194,"SANS, MARECHAL JUIN",47.0044,3.15389,Plein jour,En agglomération,Hors intersection,Normale,Autre collision,,,,,,,,,,,1,2,1,1.0,6.0
201700031388,0017-01-27 07:10:00,17,1,27,7,10,580,194,JEANNE JUGAN,,,Crépuscule ou aube,En agglomération,Hors intersection,Autre,Sans collision,,,,,,,,,,,2,2,1,9.0,7.0
201700031389,0017-01-30 20:30:00,17,1,30,20,30,580,194,"sans, MARTIN DES AMOGNES",46.99576,3.14278,Nuit avec éclairage allumé,En agglomération,Intersection en X,Pluie légère,Deux véhicules - côté,,,,,,,,,,,5,2,2,2.0,3.0
201700031390,0017-02-06 17:10:00,17,2,6,17,10,580,194,"sans, PISSEROTTE (BOULEV",,,Plein jour,En agglomération,Hors intersection,Normale,Sans collision,,,,,,,,,,,1,2,1,1.0,7.0
201700031391,0017-02-08 09:00:00,17,2,8,9,0,580,194,"sans, CHARLEVILLE",,,Plein jour,En agglomération,Hors intersection,Normale,Autre collision,,,,,,,,,,,1,2,1,1.0,6.0
201700031392,0017-02-09 08:35:00,17,2,9,8,35,580,194,CHARLEVILLE,,,Plein jour,En agglomération,Hors intersection,Normale,Sans collision,,,,,,,,,,,1,2,1,1.0,7.0
201700031393,0017-02-03 10:35:00,17,2,3,10,35,580,194,"SANS, MARECHAL LECLERC",46.99864,3.16462,Plein jour,En agglomération,Hors intersection,Normale,Deux véhicules - arrière,,,,,,,,,,,1,2,1,1.0,2.0
201700031394,0017-02-12 15:10:00,17,2,12,15,10,580,194,"SANS, SAINT ETIENNE",46.99102,3.1632,Plein jour,En agglomération,Intersection en T,Normale,Deux véhicules - côté,,,,,,,,,,,1,2,3,1.0,3.0
201700031395,0017-03-09 12:15:00,17,3,9,12,15,580,194,"26, BERNARD PALISSY",46.98591,3.17338,Plein jour,En agglomération,Hors intersection,Normale,Autre collision,,,,,,,,,,,1,2,1,1.0,6.0
201700031396,0017-03-08 18:45:00,17,3,8,18,45,580,194,"sans, COLBERT",46.99,3.15,Plein jour,En agglomération,Intersection en T,Normale,Trois véhicules et plus - collisions multiples,,,,,,,,,,,1,2,3,1.0,5.0
201700031397,0017-03-20 14:45:00,17,3,20,14,45,580,194,"SANS, CLOITRE ST CYR",46.98752,3.15753,Plein jour,En agglomération,Hors intersection,Normale,Deux véhicules - côté,,,,,,,,,,,1,2,1,1.0,3.0
201700031398,0017-03-21 16:20:00,17,3,21,16,20,580,194,"sans, PRE PLANTIN (BOULE",46.98,3.12,Plein jour,En agglomération,Hors intersection,Normale,Deux véhicules - arrière,,,,,,,,,,,1,2,1,1.0,2.0
201700031399,0017-03-29 20:20:00,17,3,29,20,20,580,194,"SANS, MARECHAL LECLERC",46.99825,3.16534,Nuit avec éclairage allumé,En agglomération,Hors intersection,Normale,Deux véhicules - frontale,,,,,,,,,,,5,2,1,1.0,1.0
201700031400,0017-03-30 14:10:00,17,3,30,14,10,580,194,"12, GENERAL DE GAULLE",46.98,3.15,Plein jour,En agglomération,Hors intersection,Normale,Autre collision,,,,,,,,,,,1,2,1,1.0,6.0
201700031401,0017-04-12 14:45:00,17,4,12,14,45,580,194,"sans, CHARLEVILLE",,,Plein jour,En agglomération,Intersection en T,Normale,Autre collision,,,,,,,,,,,1,2,3,1.0,6.0
201700031402,0017-04-13 20:10:00,17,4,13,20,10,580,194,"sans, LOURDES",,,Plein jour,En agglomération,Hors intersection,Normale,Deux véhicules - arrière,,,,,,,,,,,1,2,1,1.0,2.0
201700031403,0017-03-25 20:20:00,17,3,25,20,20,580,194,"1, PIERRE DE COUBERTIN",,,Crépuscule ou aube,En agglomération,Hors intersection,Normale,Autre collision,,,,,,,,,,,2,2,1,1.0,6.0
201700031404,0017-04-28 11:00:00,17,4,28,11,0,580,194,"sans, MARZY",46.99,3.15,Plein jour,En agglomération,Hors intersection,Normale,Deux véhicules - arrière,,,,,,,,,,,1,2,1,1.0,2.0
201700031405,0017-05-02 14:00:00,17,5,2,14,0,580,194,"sans, MARZY",46.98,3.13,Plein jour,En agglomération,Hors intersection,Pluie légère,Deux véhicules - arrière,,,,,,,,,,,1,2,1,2.0,2.0
201700031406,0017-05-03 17:16:00,17,5,3,17,16,580,194,"15, SAINT BENIN",46.98,3.14,Plein jour,En agglomération,Hors intersection,Normale,Deux véhicules - arrière,,,,,,,,,,,1,2,1,1.0,2.0
201700031407,0017-04-13 20:40:00,17,4,13,20,40,580,194,"SANS, TREIZIEME DE LIGNE",,,Nuit avec éclairage allumé,En agglomération,Hors intersection,Normale,Sans collision,,,,,,,,,,,5,2,1,1.0,7.0
201700031408,0017-03-31 12:55:00,17,3,31,12,55,580,194,"SANS, ROMAIN BARON",,,Plein jour,En agglomération,Hors intersection,Normale,Autre collision,,,,,,,,,,,1,2,1,1.0,6.0
201700031409,0017-04-13 22:10:00,17,4,13,22,10,580,194,"SANS, JEROME TRESAGUET",,,Nuit avec éclairage allumé,En agglomération,Hors intersection,Normale,Autre collision,,,,,,,,,,,5,2,1,1.0,6.0
201700031410,0017-05-16 15:20:00,17,5,16,15,20,580,194,"sans, DOCKS",46.9925,3.14896,Plein jour,En agglomération,Hors intersection,Normale,Deux véhicules - arrière,,,,,,,,,,,1,2,1,1.0,2.0
201700031411,0017-05-18 10:45:00,17,5,18,10,45,580,194,"SANS, MARECHAL LECLERC",46.9981,3.16546,Plein jour,En agglomération,Hors intersection,Pluie légère,Deux véhicules - arrière,,,,,,,,,,,1,2,1,2.0,2.0
201700031412,0017-05-16 18:45:00,17,5,16,18,45,580,194,"SANS, SAINT EXUPERY (BOU",47.00353,3.15915,Plein jour,En agglomération,Hors intersection,Normale,Deux véhicules - côté,,,,,,,,,,,1,2,1,1.0,3.0
201700031413,0017-05-21 17:55:00,17,5,21,17,55,580,194,COLBERT,46.99351,3.15954,Plein jour,En agglomération,Hors intersection,Normale,Sans collision,,,,,,,,,,,1,2,1,1.0,7.0
201700031414,0017-05-26 16:40:00,17,5,26,16,40,580,194,"sans, MADEMOISELLE BOURG",46.9957,3.16942,Plein jour,En agglomération,Hors intersection,Normale,Sans collision,,,,,,,,,,,1,2,1,1.0,7.0
201700031415,0017-05-29 11:40:00,17,5,29,11,40,580,194,"26, TREIZIEME DE LIGNE",46.99224,3.14472,Plein jour,En agglomération,Intersection en T,Normale,Deux véhicules - arrière,,,,,,,,,,,1,2,3,1.0,2.0
201700031416,0017-05-26 11:15:00,17,5,26,11,15,580,194,"SANS, HENRI BOUQUILLARD",46.99633,3.12827,Plein jour,En agglomération,Hors intersection,Normale,Deux véhicules - arrière,,,,,,,,,,,1,2,1,1.0,2.0
201700031417,0017-06-08 17:50:00,17,6,8,17,50,580,194,"43, GRAND MOUESSE (FAUBO",46.98992,3.18202,Plein jour,En agglomération,Hors intersection,Normale,Autre collision,,,,,,,,,,,1,2,1,1.0,6.0
201700031418,0017-06-01 16:00:00,17,6,1,16,0,580,194,BERNARD PALISSY,46.98574,3.17268,Plein jour,En agglomération,Hors intersection,Normale,Deux véhicules - arrière,,,,,,,,,,,1,2,1,1.0,2.0
201700031419,0017-06-08 10:00:00,17,6,8,10,0,580,194,"32 bis, LOURDES",46.99146,3.15614,Plein jour,En agglomération,Hors intersection,Normale,Sans collision,,,,,,,,,,,1,2,1,1.0,7.0
201700031420,0017-06-20 21:10:00,17,6,20,21,10,580,194,"78, VAUZELLES",47.0047,3.14663,Plein jour,En agglomération,Giratoire,Normale,Deux véhicules - côté,,,,,,,,,,,1,2,6,1.0,3.0
201700031421,0017-06-27 16:00:00,17,6,27,16,0,580,194,"sans, TREIZIEME DE LIGNE",46.99,3.13,Plein jour,Hors agglomération,Intersection en T,Temps couvert,Deux véhicules - côté,,,,,,,,,,,1,1,3,8.0,3.0
201700031422,0017-06-28 17:45:00,17,6,28,17,45,580,194,"sans, MARCEAU",46.99,3.15,Plein jour,En agglomération,Intersection en T,Normale,Sans collision,,,,,,,,,,,1,2,3,1.0,7.0
201700031423,0017-06-28 16:35:00,17,6,28,16,35,580,194,"sans, QUATRE FILS AYMON",46.98,3.16,Plein jour,En agglomération,Hors intersection,Normale,Sans collision,,,,,,,,,,,1,2,1,1.0,7.0
201700031424,0017-07-01 18:10:00,17,7,1,18,10,580,194,"sans, TREIZIEME DE LIGNE",46.99,3.13,Plein jour,En agglomération,Hors intersection,Pluie forte,Deux véhicules - côté,,,,,,,,,,,1,2,1,3.0,3.0
201700031425,0017-07-03 17:30:00,17,7,3,17,30,580,194,"sans, SAINT EXUPERY (BOU",47.0,3.15,Plein jour,En agglomération,Intersection en T,Normale,Deux véhicules - côté,,,,,,,,,,,1,2,3,1.0,3.0
201700031426,0017-07-04 19:05:00,17,7,4,19,5,580,194,"sans, BERNARD PALISSY",46.98,3.17,Plein jour,En agglomération,Hors intersection,Normale,Deux véhicules - côté,,,,,,,,,,,1,2,1,1.0,3.0
201700031427,0017-07-04 19:05:00,17,7,4,19,5,580,194,"sans, LOUISE MICHEL",46.98,3.18,Plein jour,En agglomération,Hors intersection,Normale,Deux véhicules - arrière,,,,,,,,,,,1,2,1,1.0,2.0
201700031428,0017-06-30 08:35:00,17,6,30,8,35,580,194,"SANS, RENE MARLIN (CARRE",46.99995,3.15543,Plein jour,En agglomération,Giratoire,Pluie légère,Deux véhicules - côté,,,,,,,,,,,1,2,6,2.0,3.0
201700031429,0017-07-07 10:25:00,17,7,7,10,25,580,194,"SANS, LOURDES",46.99143,3.1571,Plein jour,En agglomération,Autre intersection,Normale,Autre collision,,,,,,,,,,,1,2,9,1.0,6.0
201700031430,0017-07-24 05:50:00,17,7,24,5,50,580,194,"SANS, SAINT BENIN",46.9861,3.1495,Nuit avec éclairage allumé,En agglomération,Intersection en T,Normale,Deux véhicules - frontale,,,,,,,,,,,5,2,3,1.0,1.0
201700031431,0017-07-17 16:10:00,17,7,17,16,10,580,194,"7, JULES RENARD",46.98,3.14,Plein jour,En agglomération,Hors intersection,Normale,Autre collision,,,,,,,,,,,1,2,1,1.0,6.0
201700031432,0017-07-25 19:00:00,17,7,25,19,0,580,194,"sans, HENRI BARBUSSE",46.99,3.15,Plein jour,En agglomération,Hors intersection,Normale,Deux véhicules - arrière,,,,,,,,,,,1,2,1,1.0,2.0
201700031433,0017-07-22 08:45:00,17,7,22,8,45,580,194,"85, GRAND MOUESSE (FAUBO",46.98966,3.17922,Plein jour,En agglomération,Hors intersection,Normale,Deux véhicules - arrière,,,,,,,,,,,1,2,1,1.0,2.0
201700031434,0017-07-14 21:20:00,17,7,14,21,20,580,194,"sans, MAUBERT (PLACE)",46.98,3.16,Plein jour,En agglomération,Giratoire,Normale,Sans collision,,,,,,,,,,,1,2,6,1.0,7.0
201700031435,0017-07-30 18:20:00,17,7,30,18,20,580,194,"10, CHARLES ROY",46.99548,3.16279,Plein jour,En agglomération,Hors intersection,Normale,Deux véhicules - côté,,,,,,,,,,,1,2,1,1.0,3.0
201700031436,0017-08-03 17:15:00,17,8,3,17,15,580,194,"sans, MARINIERS (QUAI)",46.98441,3.15626,Plein jour,En agglomération,Hors intersection,Normale,Deux véhicules - arrière,,,,,,,,,,,1,2,1,1.0,2.0
201700031437,0017-08-08 10:20:00,17,8,8,10,20,580,194,MARZY,46.98758,3.1376,Plein jour,En agglomération,Hors intersection,Normale,Autre collision,,,,,,,,,,,1,2,1,1.0,6.0
201700031438,0017-08-09 17:10:00,17,8,9,17,10,580,194,"SANS, GONZAGUE",46.98605,3.1519,Plein jour,En agglomération,Hors intersection,Temps couvert,Deux véhicules - frontale,,,,,,,,,,,1,2,1,8.0,1.0
201700031439,0017-08-08 16:25:00,17,8,8,16,25,580,194,"SANS, CHARLEVILLE",46.9893,3.15042,Plein jour,En agglomération,Hors intersection,Normale,Autre collision,,,,,,,,,,,1,2,1,1.0,6.0
201700031440,0017-08-11 10:55:00,17,8,11,10,55,580,194,PAUL VAILLANT COUTURIER,46.9915,3.15716,Plein jour,En agglomération,Place,Normale,Deux véhicules - frontale,,,,,,,,,,,1,2,7,1.0,1.0
201700031441,0017-08-28 06:50:00,17,8,28,6,50,580,194,"SANS, GONZAGUE",46.98582,3.15275,Plein jour,En agglomération,Hors intersection,Normale,Deux véhicules - côté,,,,,,,,,,,1,2,1,1.0,3.0
201700031442,0017-08-30 17:05:00,17,8,30,17,5,580,194,"SANS, BERNARD PALISSY",46.9855,3.17454,Plein jour,En agglomération,Hors intersection,Normale,Deux véhicules - frontale,,,,,,,,,,,1,2,1,1.0,1.0
201700031443,0017-09-01 16:00:00,17,9,1,16,0,580,194,"sans, ALSACE LORRAINE",46.99,3.14,Plein jour,En agglomération,Autre intersection,Normale,Deux véhicules - côté,,,,,,,,,,,1,2,9,1.0,3.0
201700031444,0017-09-05 16:22:00,17,9,5,16,22,580,194,"sans, MARECHAL JUIN",47.0,3.15,Plein jour,En agglomération,Hors intersection,Normale,Deux véhicules - côté,,,,,,,,,,,1,2,1,1.0,3.0
201700031445,0017-09-15 16:10:00,17,9,15,16,10,580,194,MARECHAL LECLERC,47.0005,3.16029,Plein jour,En agglomération,Hors intersection,Normale,Deux véhicules - arrière,,,,,,,,,,,1,2,1,1.0,2.0
201700031446,0017-09-19 11:45:00,17,9,19,11,45,580,194,"16, CHARLEVILLE",46.98,3.15,Plein jour,En agglomération,Hors intersection,Normale,Deux véhicules - arrière,,,,,,,,,,,1,2,1,1.0,2.0