accident_id,datetime,annee,mois,jour,heure,minute,departement,commune_insee,adresse,latitude,longitude,luminosite,agglomeration,intersection,meteo,collision,nb_vehicules,nb_usagers,nb_indemnes,nb_tues,nb_blesses_hosp,nb_blesses_legers,age_cond_1,age_cond_2,veh_type_cond_1,veh_type_cond_2,lum_code,agg_code,int_code,atm_code,col_code
201700031447,0017-09-16 18:25:00,17,9,16,18,25,580,194,"sans, PIERRE DE COUBERTI",46.98506,3.15826,Plein jour,En agglomération,Hors intersection,Normale,Autre collision,,,,,,,,,,,1,2,1,1.0,6.0
201700031448,0017-09-25 09:30:00,17,9,25,9,30,580,194,"SANS, LOUISE MICHEL",46.99058,3.18824,Plein jour,En agglomération,Intersection en T,Normale,Deux véhicules - côté,,,,,,,,,,,1,2,3,1.0,3.0
201700031449,0017-09-24 04:30:00,17,9,24,4,30,580,194,"SANS, Rond point EXBRAYA",46.98924,3.15031,Nuit avec éclairage allumé,En agglomération,Hors intersection,Normale,Sans collision,,,,,,,,,,,5,2,1,1.0,7.0
201700031450,0017-10-02 13:15:00,17,10,2,13,15,580,194,RAIE,46.98314,3.13232,Plein jour,En agglomération,Hors intersection,Normale,Sans collision,,,,,,,,,,,1,2,1,1.0,7.0
201700031451,0017-09-23 01:35:00,17,9,23,1,35,580,194,"sans, GRAND PRE DES BORD",46.99,3.12,Nuit avec éclairage allumé,En agglomération,Hors intersection,Normale,Autre collision,,,,,,,,,,,5,2,1,1.0,6.0
201700031452,0017-10-01 17:25:00,17,10,1,17,25,580,194,"3bis, MARECHAL LYAUTEY",46.99334,3.12722,Plein jour,En agglomération,Hors intersection,Normale,Deux véhicules - arrière,,,,,,,,,,,1,2,1,1.0,2.0
201700031453,0017-10-14 02:50:00,17,10,14,2,50,580,194,PIERRE DE COUBERTIN,46.98633,3.16006,Nuit avec éclairage allumé,En agglomération,Hors intersection,Normale,Sans collision,,,,,,,,,,,5,2,1,1.0,7.0
201700031454,0017-10-24 21:00:00,17,10,24,21,0,580,194,"sans, CROIX JOYEUSE (CAR",46.99,3.16,Nuit avec éclairage allumé,En agglomération,Giratoire,Pluie légère,Deux véhicules - côté,,,,,,,,,,,5,2,6,2.0,3.0
201700031455,0017-10-26 13:20:00,17,10,26,13,20,580,194,VICTOR HUGO (BOULEVARD),46.99981,3.15521,Plein jour,En agglomération,Hors intersection,Normale,Sans collision,,,,,,,,,,,1,2,1,1.0,7.0
201700031456,0017-10-28 12:55:00,17,10,28,12,55,580,194,"SANS, GONZAGUE",46.98576,3.15276,Plein jour,En agglomération,Intersection en T,Normale,Deux véhicules - côté,,,,,,,,,,,1,2,3,1.0,3.0
201700031457,0017-10-30 14:45:00,17,10,30,14,45,580,194,"SANS, COLBERT",46.99528,3.15784,Plein jour,En agglomération,Hors intersection,Normale,Deux véhicules - arrière,,,,,,,,,,,1,2,1,1.0,2.0
201700031458,0017-11-02 13:30:00,17,11,2,13,30,580,194,"sans, CROIX JOYEUSE (CAR",46.99,3.16,Plein jour,En agglomération,Hors intersection,Normale,Deux véhicules - arrière,,,,,,,,,,,1,2,1,1.0,2.0
201700031459,0017-11-07 09:15:00,17,11,7,9,15,580,194,"sans, LOURDES",46.99,3.15,Plein jour,En agglomération,Intersection en T,Normale,Deux véhicules - arrière,,,,,,,,,,,1,2,3,1.0,2.0
201700031460,0017-11-09 09:10:00,17,11,9,9,10,580,194,MARECHAL JUIN,47.00207,3.15473,Plein jour,En agglomération,Hors intersection,Normale,Sans collision,,,,,,,,,,,1,2,1,1.0,7.0
201700031461,0017-11-16 10:15:00,17,11,16,10,15,580,194,"SANS, MARECHAL LECLERC",46.99809,3.16539,Plein jour,En agglomération,Hors intersection,Normale,Trois véhicules et plus - en chaîne,,,,,,,,,,,1,2,1,1.0,4.0
201700031462,0017-11-22 12:00:00,17,11,22,12,0,580,194,"SANS, RENE MARLIN (CARRE",46.9998,3.15551,Plein jour,En agglomération,Giratoire,Normale,Sans collision,,,,,,,,,,,1,2,6,1.0,7.0
201700031463,0017-11-24 10:25:00,17,11,24,10,25,580,194,"29, PREFECTURE",46.99,3.16,Plein jour,En agglomération,Intersection en T,Normale,Sans collision,,,,,,,,,,,1,2,3,1.0,7.0
201700031464,0017-11-30 18:40:00,17,11,30,18,40,580,194,"sans, GAUTRON DU COUDRAY",46.99414,3.16848,Nuit avec éclairage allumé,En agglomération,Hors intersection,Pluie légère,Trois véhicules et plus - en chaîne,,,,,,,,,,,5,2,1,2.0,4.0
201700031465,0017-12-04 17:30:00,17,12,4,17,30,580,194,"SANS, PRE PLANTIN (BOULE",46.98585,3.12328,Nuit avec éclairage non allumé,En agglomération,Hors intersection,Pluie légère,Autre collision,,,,,,,,,,,4,2,1,2.0,6.0
201700031466,0017-12-04 12:30:00,17,12,4,12,30,580,194,"12, GENERAL DE GAULLE",46.98,3.15,Plein jour,En agglomération,Hors intersection,Normale,Deux véhicules - arrière,,,,,,,,,,,1,2,1,1.0,2.0
201700031467,0017-12-07 17:20:00,17,12,7,17,20,580,194,"19, SAINT EXUPERY (BOULE",47.00383,3.16345,Crépuscule ou aube,En agglomération,Hors intersection,Normale,Sans collision,,,,,,,,,,,2,2,1,1.0,7.0
201700031468,0017-12-08 12:00:00,17,12,8,12,0,580,194,"SANS, SAINT EXUPERY (BOU",47.00383,3.15775,Plein jour,En agglomération,Hors intersection,Pluie légère,Autre collision,,,,,,,,,,,1,2,1,2.0,6.0
201700031469,0017-02-09 09:45:00,17,2,9,9,45,690,277,D29D,45.73005,4.98198,Plein jour,Hors agglomération,Hors intersection,Normale,Deux véhicules - frontale,,,,,,,,,,,1,1,1,1.0,1.0
201700031470,0017-02-28 19:11:00,17,2,28,19,11,690,288,avenue Maréchal Juin,45.69271,5.07033,Nuit sans éclairage public,Hors agglomération,Hors intersection,Normale,Autre collision,,,,,,,,,,,3,1,1,1.0,6.0
201700031471,0017-05-18 09:18:00,17,5,18,9,18,690,289,rue Ampère,45.66248,5.00079,Plein jour,Hors agglomération,Intersection en Y,Normale,Sans collision,,,,,,,,,,,1,1,4,1.0,7.0
201700031472,0017-05-18 11:51:00,17,5,18,11,51,690,287,94 rue de la fraternité,45.72112,5.04812,Plein jour,Hors agglomération,Hors intersection,Normale,Trois véhicules et plus - en chaîne,,,,,,,,,,,1,1,1,1.0,4.0
201700031473,0017-06-15 16:05:00,17,6,15,16,5,690,179,D34/ Route de Chassagny,45.59458,4.71972,Plein jour,Hors agglomération,Hors intersection,Normale,Deux véhicules - côté,,,,,,,,,,,1,1,1,1.0,3.0
201700031474,0017-06-16 07:35:00,17,6,16,7,35,690,136,RD386 PK 013+950,45.6176,4.76822,Plein jour,Hors agglomération,Hors intersection,Normale,Deux véhicules - côté,,,,,,,,,,,1,1,1,1.0,3.0
201700031475,0017-06-28 14:13:00,17,6,28,14,13,690,268,RD386 PK 011+400,45.6506,4.75128,Plein jour,En agglomération,Hors intersection,Pluie légère,Deux véhicules - frontale,,,,,,,,,,,1,2,1,2.0,1.0
201700031476,0017-12-22 08:43:00,17,12,22,8,43,690,43,intersection RD50 et che,45.71155,4.72788,Plein jour,Hors agglomération,Hors intersection,Pluie légère,Deux véhicules - arrière,,,,,,,,,,,1,1,1,2.0,2.0
201700031477,0017-01-09 18:00:00,17,1,9,18,0,950,52,BD LEON BLUM,49.1468,2.2946,Nuit avec éclairage allumé,En agglomération,Hors intersection,Pluie légère,Autre collision,,,,,,,,,,,5,2,1,2.0,6.0
201700031478,0017-04-01 10:30:00,17,4,1,10,30,950,487,R JEAN CATELAS,49.1548,2.2763,Plein jour,En agglomération,Hors intersection,Normale,Deux véhicules - frontale,,,,,,,,,,,1,2,1,1.0,1.0
201700031479,0017-04-25 12:00:00,17,4,25,12,0,950,487,RUE DANIELLE CASANOVA,49.1531,2.2669,Plein jour,En agglomération,Hors intersection,Normale,Autre collision,,,,,,,,,,,1,2,1,1.0,6.0
201700031480,0017-05-14 18:30:00,17,5,14,18,30,950,487,RUE AMBROISE CROIZAT,49.1507,2.2729,Plein jour,En agglomération,Hors intersection,Normale,Autre collision,,,,,,,,,,,1,2,1,1.0,6.0
201700031481,0017-07-07 20:40:00,17,7,7,20,40,950,52,RUE DE BOYENVAL,49.1432,2.3003,Plein jour,En agglomération,Hors intersection,Normale,Deux véhicules - frontale,,,,,,,,,,,1,2,1,1.0,1.0
201700031482,0017-10-26 22:00:00,17,10,26,22,0,950,134,RUE PASTEUR,49.1356,2.2411,Nuit sans éclairage public,Hors agglomération,Hors intersection,Brouillard / fumée,Autre collision,,,,,,,,,,,3,1,1,5.0,6.0
201700031483,0017-11-24 18:40:00,17,11,24,18,40,950,487,RUE LUCIEN BOYER,49.1523,2.2635,Nuit avec éclairage allumé,En agglomération,Hors intersection,Normale,Autre collision,,,,,,,,,,,5,2,1,1.0,6.0
201700031484,0017-11-26 17:40:00,17,11,26,17,40,950,436,RD 922,49.1327,2.2636,Nuit sans éclairage public,Hors agglomération,Hors intersection,Normale,Deux véhicules - arrière,,,,,,,,,,,3,1,1,1.0,2.0
201700031485,0017-05-05 11:20:00,17,5,5,11,20,950,430,RN1,49.0685,2.3271,Plein jour,Hors agglomération,Hors intersection,Normale,Deux véhicules - arrière,,,,,,,,,,,1,1,1,1.0,2.0
201700031486,0017-06-20 10:23:00,17,6,20,10,23,950,445,RN 184,49.0999,2.2661,Plein jour,Hors agglomération,Hors intersection,Normale,Autre collision,,,,,,,,,,,1,1,1,1.0,6.0
201700031487,0017-06-26 15:00:00,17,6,26,15,0,950,480,CHEMIN DU HALAGE,49.1241,2.2167,Plein jour,En agglomération,Hors intersection,Normale,Autre collision,,,,,,,,,,,1,2,1,1.0,6.0
201700031488,0017-09-11 08:30:00,17,9,11,8,30,950,480,RUE DU PORT DE JOUY,49.1249,2.2145,Plein jour,En agglomération,Hors intersection,Temps couvert,Deux véhicules - arrière,,,,,,,,,,,1,2,1,8.0,2.0
201700031489,0017-04-01 09:10:00,17,4,1,9,10,710,220,Les Carrières,46.53955,3.75297,Plein jour,Hors agglomération,Hors intersection,Pluie forte,Autre collision,,,,,,,,,,,1,1,1,3.0,6.0
201700031490,0017-04-29 01:20:00,17,4,29,1,20,710,47,rue des eurimants,46.6175,3.75445,Nuit avec éclairage allumé,En agglomération,Hors intersection,Autre,Sans collision,,,,,,,,,,,5,2,1,9.0,7.0
201700031491,0017-06-20 16:20:00,17,6,20,16,20,710,227,lieu-dit montperroux,46.68343,3.93802,Plein jour,Hors agglomération,Hors intersection,Normale,Deux véhicules - frontale,,,,,,,,,,,1,1,1,1.0,1.0
201700031492,0017-08-19 19:53:00,17,8,19,19,53,710,47,rue de la chaumière,46.61944,3.76445,Crépuscule ou aube,En agglomération,Hors intersection,Normale,Autre collision,,,,,,,,,,,2,2,1,1.0,6.0
201700031493,0017-12-22 07:45:00,17,12,22,7,45,710,47,avenue Ferdinand SARRIEN,46.62263,3.76809,Crépuscule ou aube,En agglomération,Hors intersection,Pluie légère,Autre collision,,,,,,,,,,,2,2,1,2.0,6.0
201700031494,0017-01-01 16:10:00,17,1,1,16,10,590,43,LILLE (ROUTE DE),,,Plein jour,Hors agglomération,Hors intersection,Temps couvert,Deux véhicules - frontale,,,,,,,,,,,1,1,1,8.0,1.0
201700031495,0017-01-10 19:40:00,17,1,10,19,40,590,17,FAIDHERBE (BD ),50.68611,2.86823,Nuit avec éclairage allumé,En agglomération,Intersection en X,Normale,Autre collision,,,,,,,,,,,5,2,2,1.0,6.0
201700031496,0017-01-06 15:35:00,17,1,6,15,35,590,43,"192, LILLE (RUE DE)",,,Plein jour,En agglomération,Intersection en X,Temps éblouissant,Deux véhicules - côté,,,,,,,,,,,1,2,2,7.0,3.0
201700031497,0017-12-28 22:50:00,17,12,28,22,50,590,143,"157, OLLIVIER (RUE OMER",50.67002,2.88735,Nuit sans éclairage public,Hors agglomération,Hors intersection,Pluie légère,Autre collision,,,,,,,,,,,3,1,1,2.0,6.0
201700031498,0017-01-13 10:35:00,17,1,13,10,35,590,17,"60, FUSILLES (RUE DES )",,,Plein jour,En agglomération,Hors intersection,Normale,Autre collision,,,,,,,,,,,1,2,1,1.0,6.0
201700031499,0017-01-20 10:55:00,17,1,20,10,55,590,43,"58, LILLE (RUE DE)",,,Plein jour,En agglomération,Hors intersection,Normale,Autre collision,,,,,,,,,,,1,2,1,1.0,6.0
201700031500,0017-02-03 17:00:00,17,2,3,17,0,590,202,ARMENTIERES (RUE D'),50.68334,2.86353,Plein jour,En agglomération,Passage à niveau,Normale,Deux véhicules - côté,,,,,,,,,,,1,2,8,1.0,3.0
201700031501,0017-02-06 18:20:00,17,2,6,18,20,590,17,GAMBETTA  (RUE),50.68299,2.88128,Nuit avec éclairage allumé,En agglomération,Intersection en T,Pluie légère,Autre collision,,,,,,,,,,,5,2,3,2.0,6.0
201700031502,0017-02-07 08:20:00,17,2,7,8,20,590,17,LEBLEU (RUE JULES ),,,Plein jour,En agglomération,Hors intersection,Normale,Autre collision,,,,,,,,,,,1,2,1,1.0,6.0
201700031503,0017-02-20 07:45:00,17,2,20,7,45,590,143,NATIONALE  ( ROUTE),,,Plein jour,En agglomération,Giratoire,Normale,Autre collision,,,,,,,,,,,1,2,6,1.0,6.0
201700031504,0017-02-21 09:20:00,17,2,21,9,20,590,17,BLUM  (AVENUE LEON),,,Plein jour,En agglomération,Intersection en X,Normale,Autre collision,,,,,,,,,,,1,2,2,1.0,6.0
201700031505,0017-02-27 17:00:00,17,2,27,17,0,590,17,"167, BLUM  (AVENUE LEON)",,,Plein jour,En agglomération,Hors intersection,Pluie légère,Autre collision,,,,,,,,,,,1,2,1,2.0,6.0
201700031506,0017-03-11 13:30:00,17,3,11,13,30,590,317,ROUTE DEPARTEMENTALE 945,,,Plein jour,En agglomération,Intersection en X,Normale,Deux véhicules - frontale,,,,,,,,,,,1,2,2,1.0,1.0
201700031507,0017-03-26 04:10:00,17,3,26,4,10,590,317,ROUTE DEPARTEMENTALE 945,50.69193,2.92222,Nuit avec éclairage allumé,Hors agglomération,Intersection en X,Normale,Deux véhicules - côté,,,,,,,,,,,5,1,2,1.0,3.0
201700031508,0017-04-02 11:30:00,17,4,2,11,30,590,17,"2, LILLE (RUE DE )",50.68549,2.88181,Plein jour,En agglomération,Intersection en T,Normale,Autre collision,,,,,,,,,,,1,2,3,1.0,6.0
201700031509,0017-04-19 15:30:00,17,4,19,15,30,590,43,"67, CASSEL (RUE DE)",50.7386,2.72629,Plein jour,Hors agglomération,Intersection en Y,Normale,Autre collision,,,,,,,,,,,1,1,4,1.0,6.0
201700031510,0017-05-25 20:15:00,17,5,25,20,15,590,43,LEET (RUE DU),,,Plein jour,Hors agglomération,Hors intersection,Normale,Sans collision,,,,,,,,,,,1,1,1,1.0,7.0
201700031511,0017-05-27 13:18:00,17,5,27,13,18,590,143,OLLIVIER (RUE OMER ),50.67083,2.88879,Plein jour,Hors agglomération,Hors intersection,Normale,Autre collision,,,,,,,,,,,1,1,1,1.0,6.0
201700031512,0017-06-02 08:20:00,17,6,2,8,20,590,143,"937, NATIONALE  ( ROUTE)",,,Plein jour,Hors agglomération,Hors intersection,Temps éblouissant,Deux véhicules - côté,,,,,,,,,,,1,1,1,7.0,3.0
201700031513,0017-05-24 18:35:00,17,5,24,18,35,590,43,PETITE VERTE RUE (VOIE C,50.71975,2.7446,Plein jour,En agglomération,Hors intersection,Normale,Deux véhicules - côté,,,,,,,,,,,1,2,1,1.0,3.0
201700031514,0017-06-07 18:15:00,17,6,7,18,15,590,431,HOUCKE (AVENUE JULES),50.68083,2.83859,Plein jour,Hors agglomération,Hors intersection,Normale,Deux véhicules - côté,,,,,,,,,,,1,1,1,1.0,3.0
201700031515,0017-06-02 13:15:00,17,6,2,13,15,590,17,"53, DUNKERQUE (RUE DE)",50.68857,2.88042,Plein jour,En agglomération,Hors intersection,Normale,Autre collision,,,,,,,,,,,1,2,1,1.0,6.0
201700031516,0017-06-22 11:25:00,17,6,22,11,25,590,317,ROUTE DEPARTEMENTALE 945,50.68819,2.92016,Plein jour,Hors agglomération,Intersection en X,Normale,Deux véhicules - côté,,,,,,,,,,,1,1,2,1.0,3.0
201700031517,0017-07-02 11:40:00,17,7,2,11,40,590,431,"22, VANUXEEM (RUE DU DOC",50.70392,2.83831,Plein jour,En agglomération,Hors intersection,Pluie légère,Autre collision,,,,,,,,,,,1,2,1,2.0,6.0
201700031518,0017-07-14 03:30:00,17,7,14,3,30,590,17,"IGNORE, BLUM  (AVENUE LE",50.69495,2.88744,Nuit avec éclairage allumé,En agglomération,Intersection en X,Normale,Deux véhicules - côté,,,,,,,,,,,5,2,2,1.0,3.0
201700031519,0017-07-23 04:55:00,17,7,23,4,55,590,431,HOUCKE (AVENUE JULES),50.69685,2.84746,Nuit avec éclairage allumé,En agglomération,Hors intersection,Normale,Deux véhicules - frontale,,,,,,,,,,,5,2,1,1.0,1.0
201700031520,0017-08-17 20:15:00,17,8,17,20,15,590,143,"7, OLLIVIER (RUE OMER )",50.67637,2.8888,Plein jour,En agglomération,Hors intersection,Normale,Autre collision,,,,,,,,,,,1,2,1,1.0,6.0
201700031521,0017-08-30 16:25:00,17,8,30,16,25,590,43,"1909, LILLE (ROUTE DE)",43.38,5.09,Plein jour,En agglomération,Hors intersection,Pluie forte,Deux véhicules - côté,,,,,,,,,,,1,2,1,3.0,3.0
201700031522,0017-08-31 10:00:00,17,8,31,10,0,590,17,"42, SCHUMAN (RUE ROBERT",50.68114,2.87669,Plein jour,En agglomération,Hors intersection,Temps éblouissant,Autre collision,,,,,,,,,,,1,2,1,7.0,6.0
201700031523,0017-09-02 23:30:00,17,9,2,23,30,590,43,HAZEBROUCK (ROUTE D'),50.73584,2.71149,Nuit sans éclairage public,Hors agglomération,Intersection en X,Normale,Deux véhicules - côté,,,,,,,,,,,3,1,2,1.0,3.0
201700031524,0017-09-06 07:50:00,17,9,6,7,50,590,17,RESISTANTS (RUE DES ),50.69288,2.869,Plein jour,En agglomération,Hors intersection,Temps éblouissant,Deux véhicules - côté,,,,,,,,,,,1,2,1,7.0,3.0
201700031525,0017-09-13 18:30:00,17,9,13,18,30,590,43,LEET (RUE DU),50.70095,2.70572,Plein jour,Hors agglomération,Intersection en Y,Pluie légère,Deux véhicules - côté,,,,,,,,,,,1,1,4,2.0,3.0
201700031526,0017-09-16 15:05:00,17,9,16,15,5,590,17,"16, BRANLY (RUE EDOUARD)",50.70441,2.88736,Plein jour,En agglomération,Hors intersection,Normale,Autre collision,,,,,,,,,,,1,2,1,1.0,6.0
201700031527,0017-09-20 08:35:00,17,9,20,8,35,590,17,"167, BLUM  (AVENUE LEON)",50.69,2.88,Plein jour,En agglomération,Hors intersection,Normale,Deux véhicules - arrière,,,,,,,,,,,1,2,1,1.0,2.0
201700031528,0017-10-04 08:15:00,17,10,4,8,15,590,17,LEBLEU (RUE JULES ),50.68913,2.87545,Plein jour,En agglomération,Hors intersection,Normale,Autre collision,,,,,,,,,,,1,2,1,1.0,6.0
201700031529,0017-10-30 13:20:00,17,10,30,13,20,590,43,COISNE ET LAMBERT (RUE),50.73255,2.73567,Plein jour,En agglomération,Autre intersection,Normale,Autre collision,,,,,,,,,,,1,2,9,1.0,6.0
201700031530,0017-10-29 16:00:00,17,10,29,16,0,590,17,"362, BLUM  (AVENUE LEON)",50.69634,2.88784,Plein jour,En agglomération,Hors intersection,Normale,Autre collision,,,,,,,,,,,1,2,1,1.0,6.0
201700031531,0017-11-04 11:15:00,17,11,4,11,15,590,17,BEAUVAIS (QUAI DE),50.6884,2.88567,Plein jour,En agglomération,Intersection en T,Pluie légère,Deux véhicules - côté,,,,,,,,,,,1,2,3,2.0,3.0
201700031532,0017-11-17 15:20:00,17,11,17,15,20,590,17,FUSILLES (RUE DES ),50.6922,2.88009,Plein jour,En agglomération,Intersection en X,Normale,Deux véhicules - arrière,,,,,,,,,,,1,2,2,1.0,2.0
201700031533,0017-11-24 17:25:00,17,11,24,17,25,590,17,"48, LILLE (RUE DE )",50.68436,2.88073,Nuit avec éclairage allumé,En agglomération,Hors intersection,Pluie forte,Autre collision,,,,,,,,,,,5,2,1,3.0,6.0
201700031534,0017-12-18 18:15:00,17,12,18,18,15,590,17,BRIAND (RUE ARISTIDE ),50.6917,2.88657,Crépuscule ou aube,En agglomération,Hors intersection,Normale,Autre collision,,,,,,,,,,,2,2,1,1.0,6.0
201700031535,0017-12-29 13:10:00,17,12,29,13,10,590,17,"167, BLUM  (AVENUE LEON)",50.69419,2.88724,Plein jour,En agglomération,Intersection en T,Pluie légère,Autre collision,,,,,,,,,,,1,2,3,2.0,6.0
201700031536,0017-12-28 07:35:00,17,12,28,7,35,590,43,"32, OCCIDENT (RUE D')",50.73851,2.7323,Nuit avec éclairage allumé,En agglomération,Hors intersection,Normale,Autre collision,,,,,,,,,,,5,2,1,1.0,6.0
201700031537,0017-05-08 23:55:00,17,5,8,23,55,590,33,"24, FRANCIS DEMAY (RUE)",50.1915,3.83491,Nuit avec éclairage allumé,En agglomération,Hors intersection,Normale,Autre collision,,,,,,,,,,,5,2,1,1.0,6.0
201700031538,0017-07-12 17:15:00,17,7,12,17,15,590,68,HAMBU HAUT (CHEMIN DU),,,Plein jour,Hors agglomération,Hors intersection,Normale,Sans collision,,,,,,,,,,,1,1,1,1.0,7.0
201700031539,0017-01-20 11:30:00,17,1,20,11,30,590,122,"37, QUESNOY (AVENUE DU)",,,Plein jour,En agglomération,Intersection en X,Temps éblouissant,Autre collision,,,,,,,,,,,1,2,2,7.0,6.0
201700031540,0017-04-03 16:15:00,17,4,3,16,15,590,122,GUERRY (RUE MONSEIGNEUR),50.17415,3.22675,Plein jour,En agglomération,Hors intersection,Normale,Autre collision,,,,,,,,,,,1,2,1,1.0,6.0
201700031541,0017-04-06 13:10:00,17,4,6,13,10,590,206,"48, EPINETTE (RUE DE L')",50.19018,3.26945,Plein jour,En agglomération,Hors intersection,Normale,Autre collision,,,,,,,,,,,1,2,1,1.0,6.0
201700031542,0017-03-31 11:00:00,17,3,31,11,0,590,206,JAURES (RUE JEAN),,,Plein jour,En agglomération,Autre intersection,Normale,Autre collision,,,,,,,,,,,1,2,9,1.0,6.0
201700031543,0017-04-15 16:50:00,17,4,15,16,50,590,244,BAPAUME (ROUTE DE),50.1631,3.17936,Plein jour,Hors agglomération,Hors intersection,Normale,Autre collision,,,,,,,,,,,1,1,1,1.0,6.0
201700031544,0017-06-27 15:45:00,17,6,27,15,45,590,122,BRIAND (PLACE ARISTIDE),50.17518,3.23522,Plein jour,En agglomération,Hors intersection,Normale,Autre collision,,,,,,,,,,,1,2,1,1.0,6.0
201700031545,0017-08-26 19:30:00,17,8,26,19,30,590,244,ROUTE NATIONALE,50.1644,3.14899,Plein jour,Hors agglomération,Hors intersection,Normale,Autre collision,,,,,,,,,,,1,1,1,1.0,6.0
201700031546,0017-11-13 19:55:00,17,11,13,19,55,590,122,PREMIER (AVENUE ALBERT),50.17813,3.23683,Nuit avec éclairage allumé,En agglomération,Intersection en X,Temps couvert,Trois véhicules et plus - en chaîne,,,,,,,,,,,5,2,2,8.0,4.0
201700031547,0017-12-11 20:15:00,17,12,11,20,15,590,122,CARNOT (RUE SADI),50.17243,3.25028,Nuit avec éclairage allumé,En agglomération,Hors intersection,Pluie légère,Autre collision,,,,,,,,,,,5,2,1,2.0,6.0
201700031548,0017-05-13 22:55:00,17,5,13,22,55,590,253,"825, LOUBRY (RUE EDGARD",50.43872,3.57112,Nuit avec éclairage allumé,En agglomération,Hors intersection,Normale,Deux véhicules - côté,,,,,,,,,,,5,2,1,1.0,3.0
201700031549,0017-06-07 15:55:00,17,6,7,15,55,590,616,"1477, RUE ANTOINE LEFEBV",50.47785,3.58026,Plein jour,En agglomération,Hors intersection,Normale,Deux véhicules - côté,,,,,,,,,,,1,2,1,1.0,3.0
201700031550,0017-07-20 01:00:00,17,7,20,1,0,590,153,QUESNOY (RUE DU ),50.44636,3.59335,Nuit avec éclairage allumé,En agglomération,Intersection en T,Pluie légère,Deux véhicules - côté,,,,,,,,,,,5,2,3,2.0,3.0
201700031551,0017-07-19 07:30:00,17,7,19,7,30,590,253,935 (NOUVEAU C.D.),50.42647,3.59845,Plein jour,Hors agglomération,Hors intersection,Temps éblouissant,Deux véhicules - frontale,,,,,,,,,,,1,1,1,7.0,1.0
201700031552,0017-08-03 21:13:00,17,8,3,21,13,590,153,"23, BOUTON (RUE YVON)",50.45411,3.58752,Plein jour,En agglomération,Hors intersection,Normale,Autre collision,,,,,,,,,,,1,2,1,1.0,6.0
201700031553,0017-08-24 17:40:00,17,8,24,17,40,590,253,ROUTE DEPARTEMENTALE 954,50.44975,3.57472,Plein jour,Hors agglomération,Hors intersection,Normale,Autre collision,,,,,,,,,,,1,1,1,1.0,6.0
201700031554,0017-09-30 13:15:00,17,9,30,13,15,590,153,"11, QUESNOY (RUE DU )",50.4441,3.59332,Plein jour,En agglomération,Intersection en T,Normale,Deux véhicules - frontale,,,,,,,,,,,1,2,3,1.0,1.0
201700031555,0017-10-17 17:25:00,17,10,17,17,25,590,172,"118, VILLARS (R.)",50.32684,3.39354,Crépuscule ou aube,En agglomération,Intersection en T,Normale,Deux véhicules - côté,,,,,,,,,,,2,2,3,1.0,3.0
201700031556,0017-10-07 23:15:00,17,10,7,23,15,590,302,"75, ZOLA (R. EMILE)",50.3473,3.4526,Nuit avec éclairage non allumé,En agglomération,Hors intersection,Normale,Autre collision,,,,,,,,,,,4,2,1,1.0,6.0
201700031557,0017-11-20 07:50:00,17,11,20,7,50,590,172,ZOLA (R. EMILE),50.3237,3.39345,Crépuscule ou aube,En agglomération,Hors intersection,Normale,Autre collision,,,,,,,,,,,2,2,1,1.0,6.0
201700031558,0017-11-29 17:25:00,17,11,29,17,25,590,172,MAI 1945 (BD DU 8),50.32288,3.39723,Crépuscule ou aube,En agglomération,Hors intersection,Pluie légère,Autre collision,,,,,,,,,,,2,2,1,2.0,6.0
201700031559,0017-01-31 09:30:00,17,1,31,9,30,590,172,"19, FAIDHERBE (R.)",50.31865,3.37677,Plein jour,En agglomération,Hors intersection,Normale,Autre collision,,,,,,,,,,,1,2,1,1.0,6.0
201700031560,0017-02-03 08:15:00,17,2,3,8,15,590,429,"30, NATIONALE(R.30)",50.2869,3.35326,Crépuscule ou aube,Hors agglomération,Autre intersection,Normale,Deux véhicules - frontale,,,,,,,,,,,2,1,9,1.0,1.0
201700031561,0017-11-24 10:30:00,17,11,24,10,30,590,179,REPUBLIQUE (AV DE LA),50.30516,3.39464,Plein jour,En agglomération,Hors intersection,Normale,Autre collision,,,,,,,,,,,1,2,1,1.0,6.0
201700031562,0017-02-22 01:30:00,17,2,22,1,30,590,429,"54, JAURES (R. JEAN)",50.29832,3.35631,Nuit avec éclairage allumé,En agglomération,Hors intersection,Normale,Sans collision,,,,,,,,,,,5,2,1,1.0,7.0
201700031563,0017-12-18 13:00:00,17,12,18,13,0,590,172,rue de l'Escaut,50.3196,3.39842,Plein jour,En agglomération,Hors intersection,Normale,Autre collision,,,,,,,,,,,1,2,1,1.0,6.0
201700031564,0017-03-11 10:00:00,17,3,11,10,0,590,205,"50, DESMOULIN (R. CAMILL",50.33636,3.3542,Plein jour,Hors agglomération,Hors intersection,Normale,Autre collision,,,,,,,,,,,1,1,1,1.0,6.0
201700031565,0017-12-15 08:30:00,17,12,15,8,30,590,361,MIRABEAU (R.),50.31235,3.36562,Nuit avec éclairage allumé,En agglomération,Hors intersection,Normale,Autre collision,,,,,,,,,,,5,2,1,1.0,6.0
201700031566,0017-03-16 20:00:00,17,3,16,20,0,590,651,ISBERGUES (R. CHARLES),50.33017,3.42135,Plein jour,En agglomération,Hors intersection,Normale,Deux véhicules - arrière,,,,,,,,,,,1,2,1,1.0,2.0
201700031567,0017-12-02 17:34:00,17,12,2,17,34,590,64,CD 13,50.33928,3.41234,Crépuscule ou aube,En agglomération,Hors intersection,Pluie légère,Autre collision,,,,,,,,,,,2,2,1,2.0,6.0