accident_id,datetime,annee,mois,jour,heure,minute,departement,commune_insee,adresse,latitude,longitude,luminosite,agglomeration,intersection,meteo,collision,nb_vehicules,nb_usagers,nb_indemnes,nb_tues,nb_blesses_hosp,nb_blesses_legers,age_cond_1,age_cond_2,veh_type_cond_1,veh_type_cond_2,lum_code,agg_code,int_code,atm_code,col_code
201700031568,0017-04-25 12:20:00,17,4,25,12,20,590,179,REPUBLIQUE (AV DE LA),50.3051,3.3946,Plein jour,En agglomération,Intersection à plus de 4 branches,Normale,Autre collision,,,,,,,,,,,1,2,5,1.0,6.0
201700031569,0017-04-28 22:15:00,17,4,28,22,15,590,179,BOCA (AV.),50.30872,3.38902,Nuit sans éclairage public,Hors agglomération,Hors intersection,Normale,Deux véhicules - frontale,,,,,,,,,,,3,1,1,1.0,1.0
201700031570,0017-04-09 12:00:00,17,4,9,12,0,590,504,"1 bis, PERI (R. GABRIEL)",50.3089,3.33784,Plein jour,En agglomération,Hors intersection,Normale,Deux véhicules - arrière,,,,,,,,,,,1,2,1,1.0,2.0
201700031571,0017-05-27 18:05:00,17,5,27,18,5,590,172,VILLARS (R.),50.32683,3.39656,Plein jour,En agglomération,Hors intersection,Normale,Autre collision,,,,,,,,,,,1,2,1,1.0,6.0
201700031572,0017-05-22 08:15:00,17,5,22,8,15,590,632,DURRE (R. HENRI),50.37389,3.39798,Plein jour,En agglomération,Hors intersection,Normale,Autre collision,,,,,,,,,,,1,2,1,1.0,6.0
201700031573,0017-06-02 16:15:00,17,6,2,16,15,590,172,MANDELA (RESIDENCE NELSO,50.32817,3.39133,Plein jour,En agglomération,Hors intersection,Normale,Autre collision,,,,,,,,,,,1,2,1,1.0,6.0
201700031574,0017-06-12 17:15:00,17,6,12,17,15,590,302,DANTON(R.),50.3524,3.44793,Plein jour,En agglomération,Hors intersection,Normale,Autre collision,,,,,,,,,,,1,2,1,1.0,6.0
201700031575,0017-07-21 17:00:00,17,7,21,17,0,590,297,JAURES (R. JEAN),50.36117,3.35926,Plein jour,En agglomération,Hors intersection,Normale,Deux véhicules - arrière,,,,,,,,,,,1,2,1,1.0,2.0
201700031576,0017-06-25 17:40:00,17,6,25,17,40,590,172,"1, PETIT (R. LOUIS)",50.32145,3.38051,Plein jour,En agglomération,Intersection en T,Normale,Deux véhicules - côté,,,,,,,,,,,1,2,3,1.0,3.0
201700031577,0017-07-06 18:45:00,17,7,6,18,45,590,172,"1, NANTEUIL (ALL. HENRI",50.31589,3.37079,Plein jour,En agglomération,Intersection en T,Normale,Deux véhicules - côté,,,,,,,,,,,1,2,3,1.0,3.0
201700031578,0017-07-06 18:50:00,17,7,6,18,50,590,172,"28, CASANOVA (R. PAUL EL",50.32881,3.40291,Plein jour,En agglomération,Hors intersection,Normale,Deux véhicules - frontale,,,,,,,,,,,1,2,1,1.0,1.0
201700031579,0017-07-18 13:45:00,17,7,18,13,45,590,179,"94bis, JAURES (R. JEAN)",50.3064,3.38394,Plein jour,En agglomération,Hors intersection,Normale,Autre collision,,,,,,,,,,,1,2,1,1.0,6.0
201700031580,0017-07-11 18:30:00,17,7,11,18,30,590,172,BRUNET (R. ARTHUR),50.32281,3.37758,Plein jour,En agglomération,Intersection en T,Normale,Deux véhicules - côté,,,,,,,,,,,1,2,3,1.0,3.0
201700031581,0017-07-13 10:00:00,17,7,13,10,0,590,288,RD 630,50.3136,3.41644,Plein jour,En agglomération,Intersection en T,Normale,Deux véhicules - côté,,,,,,,,,,,1,2,3,1.0,3.0
201700031582,0017-08-12 06:40:00,17,8,12,6,40,590,632,BLANQUI (R.),50.39068,3.39793,Plein jour,Hors agglomération,Hors intersection,Pluie légère,Autre collision,,,,,,,,,,,1,1,1,2.0,6.0
201700031583,0017-08-06 05:30:00,17,8,6,5,30,590,172,CD 40,50.32153,3.40835,Crépuscule ou aube,Hors agglomération,Hors intersection,Normale,Autre collision,,,,,,,,,,,2,1,1,1.0,6.0
201700031584,0017-09-30 17:45:00,17,9,30,17,45,590,172,BRUNET (R. ARTHUR),50.31873,3.36764,Plein jour,En agglomération,Hors intersection,Normale,Autre collision,,,,,,,,,,,1,2,1,1.0,6.0
201700031585,0017-08-29 16:00:00,17,8,29,16,0,590,589,CD 40,50.30793,3.43267,Plein jour,Hors agglomération,Hors intersection,Normale,Deux véhicules - arrière,,,,,,,,,,,1,1,1,1.0,2.0
201700031586,0017-08-26 04:20:00,17,8,26,4,20,590,292,"26, DURRE (R. HENRI)",50.35296,3.40523,Nuit avec éclairage allumé,En agglomération,Hors intersection,Normale,Autre collision,,,,,,,,,,,5,2,1,1.0,6.0
201700031587,0017-11-18 15:10:00,17,11,18,15,10,590,2,DEGALLAIX (R. DU SERGENT,50.3378,3.30498,Plein jour,En agglomération,Hors intersection,Normale,Autre collision,,,,,,,,,,,1,2,1,1.0,6.0
201700031588,0017-09-06 16:45:00,17,9,6,16,45,590,179,"87, REPUBLIQUE (AV DE LA",50.29791,3.3809,Plein jour,En agglomération,Hors intersection,Normale,Deux véhicules - arrière,,,,,,,,,,,1,2,1,1.0,2.0
201700031589,0017-09-11 11:00:00,17,9,11,11,0,590,632,RONDET (R. MICHEL),50.38096,3.43066,Plein jour,En agglomération,Hors intersection,Normale,Autre collision,,,,,,,,,,,1,2,1,1.0,6.0
201700031590,0017-09-22 15:45:00,17,9,22,15,45,590,632,"38, DANNA (R. MARCEL)",50.373,3.39036,Plein jour,En agglomération,Hors intersection,Normale,Autre collision,,,,,,,,,,,1,2,1,1.0,6.0
201700031591,0017-12-08 08:25:00,17,12,8,8,25,590,574,SALENGRO ROGER(RUE),50.3701,3.27925,Crépuscule ou aube,En agglomération,Intersection en T,Autre,Deux véhicules - côté,,,,,,,,,,,2,2,3,9.0,3.0
201700031592,0017-12-19 17:00:00,17,12,19,17,0,590,654,"130, TOURNAI (ROUTE DE)",50.3894,3.10372,Nuit avec éclairage allumé,En agglomération,Hors intersection,Normale,Deux véhicules - côté,,,,,,,,,,,5,2,1,1.0,3.0
201700031593,0017-12-20 17:20:00,17,12,20,17,20,590,178,"12, PASTEUR (BOULEVARD)",50.36318,3.07805,Nuit avec éclairage allumé,En agglomération,Hors intersection,Pluie légère,Autre collision,,,,,,,,,,,5,2,1,2.0,6.0
201700031594,0017-01-12 17:20:00,17,1,12,17,20,590,165,RD 643,50.38285,3.05429,Nuit avec éclairage allumé,En agglomération,Hors intersection,Pluie forte,Autre collision,,,,,,,,,,,5,2,1,3.0,6.0
201700031595,0017-01-17 18:05:00,17,1,17,18,5,590,178,"596, GUYNEMER (RUE GEORG",50.37193,3.0581,Nuit avec éclairage allumé,En agglomération,Hors intersection,Temps couvert,Autre collision,,,,,,,,,,,5,2,1,8.0,6.0
201700031596,0017-01-08 19:50:00,17,1,8,19,50,590,170,"01 bis, RICHARD (RUE MAU",50.35492,3.12558,Nuit avec éclairage allumé,En agglomération,Hors intersection,Pluie légère,Trois véhicules et plus - collisions multiples,,,,,,,,,,,5,2,1,2.0,5.0
201700031597,0017-01-28 11:05:00,17,1,28,11,5,590,8,"135, PAUL VAILLANT COUTU",50.32783,3.2464,Plein jour,En agglomération,Hors intersection,Temps éblouissant,Autre collision,,,,,,,,,,,1,2,1,7.0,6.0
201700031598,0017-02-10 16:30:00,17,2,10,16,30,590,327,"02, SADI CARNOT (RUE)",50.3905,3.16195,Plein jour,En agglomération,Hors intersection,Normale,Deux véhicules - frontale,,,,,,,,,,,1,2,1,1.0,1.0
201700031599,0017-02-05 11:45:00,17,2,5,11,45,590,509,"17, JAURES (RUE JEAN)",50.4192,3.10536,Plein jour,En agglomération,Giratoire,Pluie légère,Deux véhicules - côté,,,,,,,,,,,1,2,6,2.0,3.0
201700031600,0017-02-22 07:40:00,17,2,22,7,40,590,178,"36, HERILLIER (PLACE L')",50.36172,3.07807,Plein jour,En agglomération,Hors intersection,Temps couvert,Autre collision,,,,,,,,,,,1,2,1,8.0,6.0
201700031601,0017-02-09 21:40:00,17,2,9,21,40,590,113,"22, JAURES JEAN (RUE)",50.35982,3.24386,Nuit avec éclairage allumé,En agglomération,Hors intersection,Normale,Autre collision,,,,,,,,,,,5,2,1,1.0,6.0
201700031602,0017-02-13 09:00:00,17,2,13,9,0,590,24,"0000000000, 11 NOVEMBRE",50.32336,3.21069,Plein jour,Hors agglomération,Hors intersection,Autre,Deux véhicules - frontale,,,,,,,,,,,1,1,1,9.0,1.0
201700031603,0017-02-25 14:40:00,17,2,25,14,40,590,390,MONCHECOURT (ROUTE DE),50.32798,3.20673,Plein jour,En agglomération,Hors intersection,Vent fort / tempête,Sans collision,,,,,,,,,,,1,2,1,6.0,7.0
201700031604,0017-02-20 21:15:00,17,2,20,21,15,590,390,"0000000000, MONCHECOURT",50.32998,3.20607,Nuit sans éclairage public,Hors agglomération,Hors intersection,Normale,Sans collision,,,,,,,,,,,3,1,1,1.0,7.0
201700031605,0017-03-09 12:10:00,17,3,9,12,10,590,178,"000000, VENTE AU COMPTAN",50.37958,3.09266,Plein jour,En agglomération,Hors intersection,Normale,Autre collision,,,,,,,,,,,1,2,1,1.0,6.0
201700031606,0017-03-28 16:00:00,17,3,28,16,0,590,574,"50, MICHEL LOUISE(BOULEV",50.35397,3.28307,Plein jour,En agglomération,Hors intersection,Normale,Autre collision,,,,,,,,,,,1,2,1,1.0,6.0
201700031607,0017-03-15 15:00:00,17,3,15,15,0,590,456,"81, ANCHIN (RUE D')",50.38072,3.21002,Plein jour,En agglomération,Hors intersection,Normale,Autre collision,,,,,,,,,,,1,2,1,1.0,6.0
201700031608,0017-03-16 16:30:00,17,3,16,16,30,590,178,"51, TAVERNIER (RUE)",50.35335,3.08411,Plein jour,En agglomération,Intersection en X,Temps éblouissant,Deux véhicules - côté,,,,,,,,,,,1,2,2,7.0,3.0
201700031609,0017-03-27 13:00:00,17,3,27,13,0,590,8,"66, DELESTRAINT (RUE DU",50.33597,3.25568,Plein jour,En agglomération,Hors intersection,Normale,Autre collision,,,,,,,,,,,1,2,1,1.0,6.0
201700031610,0017-03-25 15:15:00,17,3,25,15,15,590,486,NATIONALE (RUE),50.42959,3.13871,Plein jour,Hors agglomération,Hors intersection,Temps éblouissant,Deux véhicules - arrière,,,,,,,,,,,1,1,1,7.0,2.0
201700031611,0017-03-27 12:20:00,17,3,27,12,20,590,276,"63, PASTEUR (BOULEVARD)",50.35015,3.13658,Plein jour,En agglomération,Hors intersection,Normale,Autre collision,,,,,,,,,,,1,2,1,1.0,6.0
201700031612,0017-04-07 23:35:00,17,4,7,23,35,590,327,"02, B (ALLEE - CITE DU N",50.38831,3.15782,Nuit sans éclairage public,En agglomération,Intersection en X,Normale,Deux véhicules - côté,,,,,,,,,,,3,2,2,1.0,3.0
201700031613,0017-04-03 12:00:00,17,4,3,12,0,590,165,"534, JAURES (RUE JEAN)",50.37891,3.05512,Plein jour,En agglomération,Hors intersection,Normale,Deux véhicules - arrière,,,,,,,,,,,1,2,1,1.0,2.0
201700031614,0017-04-18 10:20:00,17,4,18,10,20,590,654,DUBOIS (RUE CELESTIN),50.38399,3.10789,Plein jour,En agglomération,Intersection en Y,Normale,Autre collision,,,,,,,,,,,1,2,4,1.0,6.0
201700031615,0017-04-16 18:10:00,17,4,16,18,10,590,24,"92, BERNONVILLE (RUE)",50.32989,3.23458,Plein jour,En agglomération,Hors intersection,Normale,Autre collision,,,,,,,,,,,1,2,1,1.0,6.0
201700031616,0017-05-10 13:00:00,17,5,10,13,0,590,234,CENTRE COMMERCIAL CARREF,50.39925,3.04674,Plein jour,En agglomération,Hors intersection,Normale,Deux véhicules - côté,,,,,,,,,,,1,2,1,1.0,3.0
201700031617,0017-05-16 16:00:00,17,5,16,16,0,590,654,"83, PASTEUR (RUE)",50.384,3.10377,Plein jour,En agglomération,Hors intersection,Normale,Autre collision,,,,,,,,,,,1,2,1,1.0,6.0
201700031618,0017-05-05 22:35:00,17,5,5,22,35,590,375,"07, DE GAULLE(PLACE)",50.40747,3.2787,Nuit avec éclairage allumé,En agglomération,Place,Normale,Autre collision,,,,,,,,,,,5,2,7,1.0,6.0
201700031619,0017-05-15 08:10:00,17,5,15,8,10,590,178,"734, GARNIER (RUE BERTHE",50.38655,3.07047,Plein jour,En agglomération,Hors intersection,Normale,Trois véhicules et plus - collisions multiples,,,,,,,,,,,1,2,1,1.0,5.0
201700031620,0017-05-28 06:15:00,17,5,28,6,15,590,334,RD 621,50.38822,3.0291,Crépuscule ou aube,Hors agglomération,Hors intersection,Normale,Deux véhicules - frontale,,,,,,,,,,,2,1,1,1.0,1.0
201700031621,0017-06-17 12:45:00,17,6,17,12,45,590,314,POUILLE (RUE LUCIEN),50.36039,3.3183,Plein jour,En agglomération,Intersection en X,Normale,Deux véhicules - côté,,,,,,,,,,,1,2,2,1.0,3.0
201700031622,0017-06-03 22:50:00,17,6,3,22,50,590,501,"61, LANOY SUZANNE(RUE)",50.37619,3.25128,Nuit avec éclairage allumé,En agglomération,Hors intersection,Normale,Deux véhicules - côté,,,,,,,,,,,5,2,1,1.0,3.0
201700031623,0017-06-04 22:55:00,17,6,4,22,55,590,375,FAUBOURG DE LILLE (RUE D,50.40865,3.27807,Nuit avec éclairage allumé,En agglomération,Hors intersection,Normale,Deux véhicules - frontale,,,,,,,,,,,5,2,1,1.0,1.0
201700031624,0017-06-14 11:10:00,17,6,14,11,10,590,509,"10, HUGO (RUE VICTOR)",50.41562,3.1073,Plein jour,En agglomération,Hors intersection,Normale,Deux véhicules - côté,,,,,,,,,,,1,2,1,1.0,3.0
201700031625,0017-07-01 16:15:00,17,7,1,16,15,590,178,"02, ORCHIES (RUE D')",50.37788,3.0891,Plein jour,En agglomération,Hors intersection,Normale,Deux véhicules - côté,,,,,,,,,,,1,2,1,1.0,3.0
201700031626,0017-07-08 08:20:00,17,7,8,8,20,590,178,"208, FAUBOURG D'ARRAS (R",50.36188,3.06404,Plein jour,En agglomération,Hors intersection,Normale,Deux véhicules - arrière,,,,,,,,,,,1,2,1,1.0,2.0
201700031627,0017-07-16 18:55:00,17,7,16,18,55,590,178,EGLISE (RUE DE L'),50.39421,3.08462,Plein jour,En agglomération,Hors intersection,Normale,Autre collision,,,,,,,,,,,1,2,1,1.0,6.0
201700031628,0017-07-17 21:30:00,17,7,17,21,30,590,569,"156, LAMBRES (RUE DE)",50.36007,3.10421,Plein jour,En agglomération,Hors intersection,Normale,Autre collision,,,,,,,,,,,1,2,1,1.0,6.0
201700031629,0017-07-21 17:20:00,17,7,21,17,20,590,178,"240, CORDONNIER (AVENUE",50.3811,3.06783,Plein jour,En agglomération,Hors intersection,Normale,Autre collision,,,,,,,,,,,1,2,1,1.0,6.0
201700031630,0017-07-27 19:40:00,17,7,27,19,40,590,569,"940, VALLES (SQUARE JULE",50.34368,3.10525,Plein jour,En agglomération,Hors intersection,Normale,Autre collision,,,,,,,,,,,1,2,1,1.0,6.0
201700031631,0017-08-03 22:00:00,17,8,3,22,0,590,574,"201, SALENGRO ROGER(RUE)",50.37798,3.2829,Nuit sans éclairage public,Hors agglomération,Hors intersection,Normale,Autre collision,,,,,,,,,,,3,1,1,1.0,6.0
201700031632,0017-08-10 18:10:00,17,8,10,18,10,590,654,"635, FERRY (RUE JULES)",50.39303,3.12611,Plein jour,En agglomération,Hors intersection,Pluie forte,Deux véhicules - frontale,,,,,,,,,,,1,2,1,3.0,1.0
201700031633,0017-08-16 13:05:00,17,8,16,13,5,590,178,MOZART (RUE),50.37454,3.09688,Plein jour,En agglomération,Hors intersection,Normale,Deux véhicules - côté,,,,,,,,,,,1,2,1,1.0,3.0
201700031634,0017-09-09 12:00:00,17,9,9,12,0,590,329,RD 621,50.36477,3.0385,Plein jour,Hors agglomération,Hors intersection,Normale,Deux véhicules - arrière,,,,,,,,,,,1,1,1,1.0,2.0
201700031635,0017-08-14 12:25:00,17,8,14,12,25,590,486,"1580, NATIONALE (RUE)",50.42381,3.14078,Plein jour,En agglomération,Hors intersection,Normale,Deux véhicules - frontale,,,,,,,,,,,1,2,1,1.0,1.0
201700031636,0017-09-13 12:05:00,17,9,13,12,5,590,185,CHAPELLE (RUE DE LA),50.33663,3.209,Plein jour,En agglomération,Hors intersection,Normale,Deux véhicules - côté,,,,,,,,,,,1,2,1,1.0,3.0
201700031637,0017-09-22 20:30:00,17,9,22,20,30,590,178,"20, CAMBRAI (RUE DE)",50.36245,3.07831,Nuit avec éclairage allumé,En agglomération,Giratoire,Normale,Deux véhicules - frontale,,,,,,,,,,,5,2,6,1.0,1.0
201700031638,0017-09-22 14:20:00,17,9,22,14,20,590,654,"17, PASTEUR (RUE)",50.38476,3.10663,Plein jour,En agglomération,Hors intersection,Normale,Autre collision,,,,,,,,,,,1,2,1,1.0,6.0
201700031639,0017-09-16 23:10:00,17,9,16,23,10,590,569,"345, DOUAI (RUE DE)",50.36532,3.1069,Nuit avec éclairage allumé,En agglomération,Hors intersection,Normale,Deux véhicules - frontale,,,,,,,,,,,5,2,1,1.0,1.0
201700031640,0017-10-08 13:15:00,17,10,8,13,15,590,239,"37 A, MARAICHON (RUE DU)",50.41467,3.19001,Plein jour,En agglomération,Hors intersection,Normale,Autre collision,,,,,,,,,,,1,2,1,1.0,6.0
201700031641,0017-09-28 10:00:00,17,9,28,10,0,590,178,"60, CLARISSES (RUE DES)",50.36542,3.08149,Plein jour,En agglomération,Hors intersection,Normale,Autre collision,,,,,,,,,,,1,2,1,1.0,6.0
201700031642,0017-10-15 18:40:00,17,10,15,18,40,590,165,"373, VARLIN (RUE EUGENE)",50.38496,3.05321,Plein jour,En agglomération,Intersection en X,Normale,Autre collision,,,,,,,,,,,1,2,2,1.0,6.0
201700031643,0017-09-23 19:00:00,17,9,23,19,0,590,28,"06, PASTEUR (RUE)",50.41586,3.05163,Crépuscule ou aube,En agglomération,Hors intersection,Normale,Autre collision,,,,,,,,,,,2,2,1,1.0,6.0
201700031644,0017-10-13 13:50:00,17,10,13,13,50,590,178,"194, TOURNAI (ROUTE DE)",50.39217,3.1078,Plein jour,En agglomération,Hors intersection,Normale,Deux véhicules - côté,,,,,,,,,,,1,2,1,1.0,3.0
201700031645,0017-10-21 17:45:00,17,10,21,17,45,590,178,BREGUET (BOULEVARD LOUIS,50.38056,3.08262,Plein jour,En agglomération,Hors intersection,Normale,Autre collision,,,,,,,,,,,1,2,1,1.0,6.0
201700031646,0017-10-18 13:00:00,17,10,18,13,0,590,234,PLAINE (RUE DE LA),50.39846,3.03887,Plein jour,Hors agglomération,Hors intersection,Normale,Deux véhicules - frontale,,,,,,,,,,,1,1,1,1.0,1.0
201700031647,0017-11-21 18:55:00,17,11,21,18,55,590,569,"33, LONGUE (RUE)",50.37321,3.11704,Nuit avec éclairage allumé,En agglomération,Hors intersection,Normale,Autre collision,,,,,,,,,,,5,2,1,1.0,6.0
201700031648,0017-11-30 07:50:00,17,11,30,7,50,590,414,"457, RAVEL (RUE MAURICE)",50.37235,3.18065,Crépuscule ou aube,En agglomération,Hors intersection,Autre,Deux véhicules - frontale,,,,,,,,,,,2,2,1,9.0,1.0
201700031649,0017-09-08 11:30:00,17,9,8,11,30,590,170,D 643,50.32864,3.10935,Plein jour,Hors agglomération,Hors intersection,Normale,Deux véhicules - frontale,,,,,,,,,,,1,1,1,1.0,1.0
201700031650,0017-01-05 18:10:00,17,1,5,18,10,590,340,"., GENERAL CATROUX",51.05611,2.46055,Nuit sans éclairage public,Hors agglomération,Hors intersection,Normale,Autre collision,,,,,,,,,,,3,1,1,1.0,6.0
201700031651,0017-01-11 12:15:00,17,1,11,12,15,590,183,"., REPUBLIQUE - F MITTER",51.049,2.42,Plein jour,En agglomération,Hors intersection,Normale,Autre collision,,,,,,,,,,,1,2,1,1.0,6.0
201700031652,0017-01-15 13:30:00,17,1,15,13,30,590,540,BERTEAUX MAURICE - AVENU,,,Plein jour,En agglomération,Intersection en X,Pluie légère,Deux véhicules - côté,,,,,,,,,,,1,2,2,2.0,3.0
201700031653,0017-01-16 22:05:00,17,1,16,22,5,590,183,KLEBER - AVENUE,,,Nuit avec éclairage allumé,En agglomération,Intersection en X,Autre,Deux véhicules - frontale,,,,,,,,,,,5,2,2,9.0,1.0
201700031654,0017-01-18 17:05:00,17,1,18,17,5,590,183,VERLEY PAUL - BOULEVARD,,,Plein jour,En agglomération,Hors intersection,Normale,Autre collision,,,,,,,,,,,1,2,1,1.0,6.0
201700031655,0017-01-11 10:45:00,17,1,11,10,45,590,540,"9, PRANARD CHARLES",,,Plein jour,En agglomération,Hors intersection,Normale,Autre collision,,,,,,,,,,,1,2,1,1.0,6.0
201700031656,0017-01-27 21:05:00,17,1,27,21,5,590,155,"., COUDEKERQUE VILLAGE -",,,Nuit avec éclairage allumé,Hors agglomération,Hors intersection,Normale,Autre collision,,,,,,,,,,,5,1,1,1.0,6.0
201700031657,0017-01-28 21:10:00,17,1,28,21,10,590,183,"., FORT MARDYCK - ROUTE",,,Nuit avec éclairage allumé,En agglomération,Hors intersection,Normale,Deux véhicules - frontale,,,,,,,,,,,5,2,1,1.0,1.0
201700031658,0017-01-31 15:50:00,17,1,31,15,50,590,183,REPUBLIQUE - F MITTERAND,,,Plein jour,En agglomération,Hors intersection,Normale,Autre collision,,,,,,,,,,,1,2,1,1.0,6.0
201700031659,0017-02-28 21:40:00,17,2,28,21,40,590,183,BANC VERT,,,Nuit avec éclairage allumé,Hors agglomération,Intersection en X,Normale,Deux véhicules - côté,,,,,,,,,,,5,1,2,1.0,3.0
201700031660,0017-04-22 00:30:00,17,4,22,0,30,590,183,"48, SAINT CHARLES",51.026,2.377,Nuit avec éclairage allumé,En agglomération,Hors intersection,Normale,Autre collision,,,,,,,,,,,5,2,1,1.0,6.0
201700031661,0017-04-28 16:45:00,17,4,28,16,45,590,273,RD601,,,Plein jour,Hors agglomération,Hors intersection,Normale,Sans collision,,,,,,,,,,,1,1,1,1.0,7.0
201700031662,0017-05-14 22:40:00,17,5,14,22,40,590,273,EUROPE (BOULEVARD DE L'),,,Nuit avec éclairage allumé,En agglomération,Giratoire,Normale,Sans collision,,,,,,,,,,,5,2,6,1.0,7.0
201700031663,0017-03-10 04:20:00,17,3,10,4,20,590,271,AUTOROUTE A16,,,Nuit sans éclairage public,Hors agglomération,Hors intersection,Normale,Sans collision,,,,,,,,,,,3,1,1,1.0,7.0
201700031664,0017-05-24 07:40:00,17,5,24,7,40,590,540,"683, REPUBLIQUE",51.02775,2.32495,Plein jour,En agglomération,Intersection en T,Normale,Autre collision,,,,,,,,,,,1,2,3,1.0,6.0
201700031665,0017-05-18 20:15:00,17,5,18,20,15,590,183,FURNES,51.03037,2.38056,Crépuscule ou aube,En agglomération,Hors intersection,Pluie forte,Deux véhicules - côté,,,,,,,,,,,2,2,1,3.0,3.0
201700031666,0017-05-31 16:40:00,17,5,31,16,40,590,540,"., CORELLI - BOULEVARD",51.0122,2.1955,Plein jour,En agglomération,Hors intersection,Normale,Deux véhicules - arrière,,,,,,,,,,,1,2,1,1.0,2.0
201700031667,0017-06-11 13:10:00,17,6,11,13,10,590,155,"27, DELORY GUSTAVE",51.02265,2.38234,Plein jour,En agglomération,Hors intersection,Normale,Autre collision,,,,,,,,,,,1,2,1,1.0,6.0
201700031668,0017-06-08 17:35:00,17,6,8,17,35,590,155,"100, JAURES JEAN - BOULE",51.02052,2.37973,Plein jour,En agglomération,Hors intersection,Normale,Autre collision,,,,,,,,,,,1,2,1,1.0,6.0
201700031669,0017-06-19 00:10:00,17,6,19,0,10,590,183,KRUYSBELLAERT,51.023,2.318,Nuit sans éclairage public,En agglomération,Giratoire,Normale,Deux véhicules - frontale,,,,,,,,,,,3,2,6,1.0,1.0
201700031670,0017-07-09 17:45:00,17,7,9,17,45,590,183,STADE - AVENUE,51.03344,2.3933,Plein jour,En agglomération,Giratoire,Normale,Deux véhicules - côté,,,,,,,,,,,1,2,6,1.0,3.0
201700031671,0017-07-12 14:30:00,17,7,12,14,30,590,273,AQUACULTURE (ROUTE DE L',51.01386,2.12788,Plein jour,Hors agglomération,Hors intersection,Normale,Sans collision,,,,,,,,,,,1,1,1,1.0,7.0
201700031672,0017-07-13 09:50:00,17,7,13,9,50,590,183,FLEURS,51.0,2.42,Plein jour,En agglomération,Intersection en X,Normale,Trois véhicules et plus - collisions multiples,,,,,,,,,,,1,2,2,1.0,5.0
201700031673,0017-07-23 05:45:00,17,7,23,5,45,590,183,MARDYCK - QUAI,51.02878,2.364,Nuit avec éclairage allumé,En agglomération,Hors intersection,Pluie forte,Autre collision,,,,,,,,,,,5,2,1,3.0,6.0
201700031674,0017-07-26 07:50:00,17,7,26,7,50,590,540,"209, REPUBLIQUE",51.01425,2.20582,Plein jour,En agglomération,Hors intersection,Normale,Deux véhicules - côté,,,,,,,,,,,1,2,1,1.0,3.0
201700031675,0017-08-02 15:21:00,17,8,2,15,21,590,359,RD601,51.00481,2.26603,Plein jour,En agglomération,Hors intersection,Pluie légère,Trois véhicules et plus - collisions multiples,,,,,,,,,,,1,2,1,2.0,5.0
201700031676,0017-08-05 10:20:00,17,8,5,10,20,590,183,"3570, PETITE-SYNTHE CD 9",51.01842,2.3238,Plein jour,En agglomération,Hors intersection,Normale,Autre collision,,,,,,,,,,,1,2,1,1.0,6.0
201700031677,0017-08-09 13:00:00,17,8,9,13,0,590,183,DARSES - CHAUSSEE,51.0411,2.34699,Plein jour,En agglomération,Intersection à plus de 4 branches,Pluie légère,Deux véhicules - côté,,,,,,,,,,,1,2,5,2.0,3.0
201700031678,0017-08-12 01:50:00,17,8,12,1,50,590,540,REPUBLIQUE,51.02774,2.32506,Nuit avec éclairage allumé,En agglomération,Hors intersection,Normale,Deux véhicules - frontale,,,,,,,,,,,5,2,1,1.0,1.0
201700031679,0017-08-30 12:15:00,17,8,30,12,15,590,271,ANCIEN VILLAGE - AVENUE,51.01024,2.29051,Plein jour,En agglomération,Intersection en T,Pluie légère,Deux véhicules - côté,,,,,,,,,,,1,2,3,2.0,3.0
201700031680,0017-09-04 16:20:00,17,9,4,16,20,590,183,"72, FORT LOUIS",51.02595,2.37672,Plein jour,En agglomération,Intersection en X,Pluie légère,Deux véhicules - côté,,,,,,,,,,,1,2,2,2.0,3.0
201700031681,0017-09-20 12:10:00,17,9,20,12,10,590,155,"187, HUGO VICTOR",51.02001,2.39659,Plein jour,En agglomération,Intersection en X,Normale,Autre collision,,,,,,,,,,,1,2,2,1.0,6.0
201700031682,0017-09-28 13:00:00,17,9,28,13,0,590,183,CIGALES,51.02006,2.34091,Plein jour,En agglomération,Hors intersection,Pluie forte,Autre collision,,,,,,,,,,,1,2,1,3.0,6.0
201700031683,0017-09-28 07:40:00,17,9,28,7,40,590,273,RD601,50.98566,2.1505,Crépuscule ou aube,Hors agglomération,Hors intersection,Pluie légère,Deux véhicules - côté,,,,,,,,,,,2,1,1,2.0,3.0
201700031684,0017-10-14 18:40:00,17,10,14,18,40,590,183,CAHORS,51.02157,2.35661,Plein jour,En agglomération,Intersection en T,Normale,Deux véhicules - côté,,,,,,,,,,,1,2,3,1.0,3.0
201700031685,0017-10-28 16:40:00,17,10,28,16,40,590,273,PLAGE (RUE DE LA),50.99912,2.12354,Plein jour,En agglomération,Intersection en X,Normale,Deux véhicules - côté,,,,,,,,,,,1,2,2,1.0,3.0
201700031686,0017-10-22 11:45:00,17,10,22,11,45,590,183,CASINO - AVENUE,51.04641,2.39036,Plein jour,En agglomération,Intersection en X,Normale,Deux véhicules - côté,,,,,,,,,,,1,2,2,1.0,3.0
201700031687,0017-11-08 19:20:00,17,11,8,19,20,590,183,FURNES,51.032,2.395,Nuit avec éclairage allumé,En agglomération,Intersection en X,Pluie légère,Deux véhicules - frontale,,,,,,,,,,,5,2,2,2.0,1.0
201700031688,0017-11-25 05:40:00,17,11,25,5,40,590,155,SEPT PLANETES - PONT,51.00296,2.38469,Nuit sans éclairage public,En agglomération,Hors intersection,Pluie légère,Deux véhicules - frontale,,,,,,,,,,,3,2,1,2.0,1.0