accident_id,datetime,annee,mois,jour,heure,minute,departement,commune_insee,adresse,latitude,longitude,luminosite,agglomeration,intersection,meteo,collision,nb_vehicules,nb_usagers,nb_indemnes,nb_tues,nb_blesses_hosp,nb_blesses_legers,age_cond_1,age_cond_2,veh_type_cond_1,veh_type_cond_2,lum_code,agg_code,int_code,atm_code,col_code
201700031689,0017-12-05 17:25:00,17,12,5,17,25,590,183,KLEBER - AVENUE,51.04787,2.3967,Nuit avec éclairage allumé,En agglomération,Hors intersection,Normale,Autre collision,,,,,,,,,,,5,2,1,1.0,6.0
201700031690,0017-12-09 18:30:00,17,12,9,18,30,590,540,"365, REPUBLIQUE",,,Nuit avec éclairage allumé,En agglomération,Intersection en X,Normale,Autre collision,,,,,,,,,,,5,2,2,1.0,6.0
201700031691,0017-12-11 08:45:00,17,12,11,8,45,590,273,BOURBOURG (RUE DE),,,Nuit avec éclairage allumé,En agglomération,Hors intersection,Neige / grêle,Sans collision,,,,,,,,,,,5,2,1,4.0,7.0
201700031692,0017-12-12 18:20:00,17,12,12,18,20,590,271,LOTI PIERRE,51.01149,2.29526,Nuit avec éclairage allumé,En agglomération,Hors intersection,Normale,Autre collision,,,,,,,,,,,5,2,1,1.0,6.0
201700031693,0017-12-20 17:15:00,17,12,20,17,15,590,183,CASINO - AVENUE,51.04475,2.39144,Nuit avec éclairage allumé,En agglomération,Intersection en X,Pluie légère,Deux véhicules - côté,,,,,,,,,,,5,2,2,2.0,3.0
201700031694,0017-12-20 15:30:00,17,12,20,15,30,590,183,"4, CAMBON PAUL - BOULEVA",51.0,2.0,Plein jour,En agglomération,Autre intersection,Pluie légère,Autre collision,,,,,,,,,,,1,2,9,2.0,6.0
201700031695,0017-06-09 16:30:00,17,6,9,16,30,590,295,"252, DE MERVILLE",50.71389,2.54468,Plein jour,En agglomération,Hors intersection,Normale,Autre collision,,,,,,,,,,,1,2,1,1.0,6.0
201700031696,0017-10-23 19:00:00,17,10,23,19,0,590,295,"1303, DU PONT BELGE",50.71962,2.56723,Crépuscule ou aube,Hors agglomération,Hors intersection,Temps couvert,Deux véhicules - frontale,,,,,,,,,,,2,1,1,8.0,1.0
201700031697,0017-12-14 19:20:00,17,12,14,19,20,590,350,ALSACE BOULEVARD D,50.61749,3.06338,Nuit avec éclairage allumé,En agglomération,Intersection en X,Pluie forte,Autre collision,,,,,,,,,,,5,2,2,3.0,6.0
201700031698,0017-01-05 09:50:00,17,1,5,9,50,590,378,"4, MARQUISAT RUE DU",50.66716,3.0982,Plein jour,En agglomération,Hors intersection,Temps éblouissant,Autre collision,,,,,,,,,,,1,2,1,7.0,6.0
201700031699,0017-12-05 17:40:00,17,12,5,17,40,590,470,Route Nationale - R.D 93,50.6581,2.93364,Crépuscule ou aube,En agglomération,Intersection en T,Pluie légère,Deux véhicules - côté,,,,,,,,,,,2,2,3,2.0,3.0
201700031700,0017-12-08 08:10:00,17,12,8,8,10,590,350,"42, ESPLANADE FACADE",50.64219,3.05349,Plein jour,En agglomération,Hors intersection,Normale,Autre collision,,,,,,,,,,,1,2,1,1.0,6.0
201700031701,0017-01-07 15:25:00,17,1,7,15,25,590,360,"41, FOCH RUE DU MARECHAL",50.61565,3.0205,Plein jour,En agglomération,Hors intersection,Pluie légère,Autre collision,,,,,,,,,,,1,2,1,2.0,6.0
201700031702,0017-12-08 11:50:00,17,12,8,11,50,590,350,"144, DUNKERQUE AVENUE DE",50.63459,3.03032,Plein jour,En agglomération,Hors intersection,Temps couvert,Autre collision,,,,,,,,,,,1,2,1,8.0,6.0
201700031703,0017-11-02 07:25:00,17,11,2,7,25,590,378,"228, MENIN RUE DE",50.6765,3.08085,Plein jour,En agglomération,Intersection en T,Normale,Deux véhicules - côté,,,,,,,,,,,1,2,3,1.0,3.0
201700031704,0017-01-02 07:45:00,17,1,2,7,45,590,560,FLANDRE RUE DES COMTESSE,,,Nuit avec éclairage allumé,En agglomération,Intersection en T,Autre,Autre collision,,,,,,,,,,,5,2,3,9.0,6.0
201700031705,0017-01-02 19:35:00,17,1,2,19,35,590,350,"11, BLEUETS PLACE AUX",50.64105,3.06788,Nuit avec éclairage allumé,En agglomération,Hors intersection,Normale,Autre collision,,,,,,,,,,,5,2,1,1.0,6.0
201700031706,0017-12-25 11:35:00,17,12,25,11,35,590,195,ZONE COMMERCIALE,50.62815,2.96109,Plein jour,Hors agglomération,Intersection en X,Pluie légère,Deux véhicules - côté,,,,,,,,,,,1,1,2,2.0,3.0
201700031707,0017-01-06 10:15:00,17,1,6,10,15,590,368,"7, PASTEUR RUE",50.65407,3.0753,Plein jour,En agglomération,Hors intersection,Temps couvert,Autre collision,,,,,,,,,,,1,2,1,8.0,6.0
201700031708,0017-12-09 06:35:00,17,12,9,6,35,590,527,FILATURE RUE DE LA,50.66559,3.05483,Crépuscule ou aube,Hors agglomération,Hors intersection,Autre,Autre collision,,,,,,,,,,,2,1,1,9.0,6.0
201700031709,0017-11-10 20:00:00,17,11,10,20,0,590,350,"55, ESPLANADE FACADE",50.64319,3.05304,Nuit avec éclairage allumé,En agglomération,Hors intersection,Normale,Autre collision,,,,,,,,,,,5,2,1,1.0,6.0
201700031710,0017-12-14 00:20:00,17,12,14,0,20,590,350,MONTEBELLO BOULEVARD Nø2,50.6238,3.0432,Nuit avec éclairage allumé,En agglomération,Intersection en X,Pluie légère,Deux véhicules - côté,,,,,,,,,,,5,2,2,2.0,3.0
201700031711,0017-01-11 16:30:00,17,1,11,16,30,590,378,DELATTRE DE TASSIGNY AV,,,Plein jour,En agglomération,Hors intersection,Normale,Deux véhicules - côté,,,,,,,,,,,1,2,1,1.0,3.0
201700031712,0017-01-18 11:30:00,17,1,18,11,30,590,368,"110, DE GAULLE RUE DU GE",,,Plein jour,En agglomération,Hors intersection,Autre,Autre collision,,,,,,,,,,,1,2,1,9.0,6.0
201700031713,0017-01-03 08:40:00,17,1,3,8,40,590,350,MONTEBELLO BOULEVARD Nø,,,Plein jour,En agglomération,Hors intersection,Normale,Autre collision,,,,,,,,,,,1,2,1,1.0,6.0
201700031714,0017-01-04 18:30:00,17,1,4,18,30,590,350,LECLERCQ PLACE DU MARECH,50.62896,3.04304,Nuit avec éclairage non allumé,En agglomération,Hors intersection,Autre,Autre collision,,,,,,,,,,,4,2,1,9.0,6.0
201700031715,0017-01-31 13:50:00,17,1,31,13,50,590,350,PHILADELPHIE RUE,,,Plein jour,En agglomération,Intersection en T,Normale,Autre collision,,,,,,,,,,,1,2,3,1.0,6.0
201700031716,0017-01-09 18:30:00,17,1,9,18,30,590,350,", MOLINEL RUE NøIMPAIRS",50.63296,3.06476,Crépuscule ou aube,Hors agglomération,Hors intersection,Temps couvert,Deux véhicules - côté,,,,,,,,,,,2,1,1,8.0,3.0
201700031717,0017-01-24 13:45:00,17,1,24,13,45,590,350,PEUPLE BELGE AVENUE DU,,,Plein jour,En agglomération,Intersection en X,Normale,Autre collision,,,,,,,,,,,1,2,2,1.0,6.0
201700031718,0017-12-26 18:55:00,17,12,26,18,55,590,350,LANNOY RUE,50.6332,3.09044,Nuit avec éclairage allumé,En agglomération,Autre intersection,Normale,Autre collision,,,,,,,,,,,5,2,9,1.0,6.0
201700031719,0017-01-12 18:15:00,17,1,12,18,15,590,9,", BAUDOIN IX RUE",,,Nuit avec éclairage allumé,En agglomération,Hors intersection,Pluie forte,Autre collision,,,,,,,,,,,5,2,1,3.0,6.0
201700031720,0017-12-09 12:40:00,17,12,9,12,40,590,350,Bretelle de sortie A25 (,50.618,3.04938,Plein jour,En agglomération,Giratoire,Normale,Autre collision,,,,,,,,,,,1,2,6,1.0,6.0
201700031721,0017-01-13 17:30:00,17,1,13,17,30,590,328,"246, DUNKERQUE AVENUE DE",,,Plein jour,En agglomération,Hors intersection,Pluie légère,Autre collision,,,,,,,,,,,1,2,1,2.0,6.0
201700031722,0017-01-19 17:00:00,17,1,19,17,0,590,350,DUNKERQUE AVENUE DE,,,Plein jour,En agglomération,Intersection en X,Normale,Deux véhicules - côté,,,,,,,,,,,1,2,2,1.0,3.0
201700031723,0017-01-18 08:30:00,17,1,18,8,30,590,378,NATIONALE RUE,50.66266,3.0747,Plein jour,En agglomération,Intersection en T,Normale,Deux véhicules - côté,,,,,,,,,,,1,2,3,1.0,3.0
201700031724,0017-01-29 20:25:00,17,1,29,20,25,590,350,"33, LEBAS JEAN BAPTISTE",,,Nuit avec éclairage allumé,En agglomération,Autre intersection,Pluie forte,Autre collision,,,,,,,,,,,5,2,9,3.0,6.0
201700031725,0017-02-14 14:02:00,17,2,14,14,2,590,350,GIRAUDOUX JEAN RUE,,,Plein jour,En agglomération,Intersection en T,Normale,Autre collision,,,,,,,,,,,1,2,3,1.0,6.0
201700031726,0017-02-09 23:35:00,17,2,9,23,35,590,350,GANDHI RUE,,,Nuit avec éclairage allumé,En agglomération,Intersection en X,Normale,Deux véhicules - arrière,,,,,,,,,,,5,2,2,1.0,2.0
201700031727,0017-02-04 16:50:00,17,2,4,16,50,590,378,"IGNORE, MARNE AVENUE DE",,,Plein jour,En agglomération,Intersection en Y,Normale,Sans collision,,,,,,,,,,,1,2,4,1.0,7.0
201700031728,0017-02-02 09:35:00,17,2,2,9,35,590,350,BEETHOVEN AVENUE,50.61965,3.0335,Plein jour,En agglomération,Hors intersection,Temps couvert,Autre collision,,,,,,,,,,,1,2,1,8.0,6.0
201700031729,0017-01-27 08:00:00,17,1,27,8,0,590,328,DESMAZIERES RUE,,,Plein jour,En agglomération,Hors intersection,Normale,Autre collision,,,,,,,,,,,1,2,1,1.0,6.0
201700031730,0017-03-01 10:45:00,17,3,1,10,45,590,350,DE COUBERTIN PIERRE BOUL,50.64782,3.06881,Plein jour,En agglomération,Intersection en X,Temps couvert,Sans collision,,,,,,,,,,,1,2,2,8.0,7.0
201700031731,0017-03-01 18:25:00,17,3,1,18,25,590,507,LAVOISIER RUE,,,Nuit avec éclairage allumé,En agglomération,Intersection en X,Pluie légère,Autre collision,,,,,,,,,,,5,2,2,2.0,6.0
201700031732,0017-02-20 16:42:00,17,2,20,16,42,590,9,PODIUM,50.64409,3.13886,Plein jour,En agglomération,Hors intersection,Temps couvert,Sans collision,,,,,,,,,,,1,2,1,8.0,7.0
201700031733,0017-02-27 08:15:00,17,2,27,8,15,590,507,JAURES JEAN AVENUE,,,Plein jour,En agglomération,Intersection en T,Normale,Deux véhicules - côté,,,,,,,,,,,1,2,3,1.0,3.0
201700031734,0017-03-10 19:50:00,17,3,10,19,50,590,350,JAVARY RUE,50.63406,3.07747,Nuit avec éclairage allumé,En agglomération,Hors intersection,Normale,Deux véhicules - frontale,,,,,,,,,,,5,2,1,1.0,1.0
201700031735,0017-03-07 08:10:00,17,3,7,8,10,590,360,REPUBLIQUE BOULEVARD DE,,,Plein jour,En agglomération,Hors intersection,Normale,Deux véhicules - frontale,,,,,,,,,,,1,2,1,1.0,1.0
201700031736,0017-03-28 14:00:00,17,3,28,14,0,590,527,DE LATTRE TASSIGNY.AVNø2,50.66451,3.03155,Plein jour,En agglomération,Intersection en X,Temps éblouissant,Deux véhicules - frontale,,,,,,,,,,,1,2,2,7.0,1.0
201700031737,0017-03-19 03:10:00,17,3,19,3,10,590,350,"151, LIBERTE BVD DE LA",50.63157,3.06248,Nuit avec éclairage allumé,En agglomération,Place,Normale,Autre collision,,,,,,,,,,,5,2,7,1.0,6.0
201700031738,0017-03-22 22:30:00,17,3,22,22,30,590,350,TURENNE RUE,50.62716,3.03919,Nuit avec éclairage allumé,En agglomération,Intersection en X,Normale,Deux véhicules - côté,,,,,,,,,,,5,2,2,1.0,3.0
201700031739,0017-03-29 23:30:00,17,3,29,23,30,590,350,"135, LIBERTE BVD",,,Nuit avec éclairage allumé,En agglomération,Place,Normale,Autre collision,,,,,,,,,,,5,2,7,1.0,6.0
201700031740,0017-03-31 20:35:00,17,3,31,20,35,590,648,"205, CLEMENCEAU RUE",,,Crépuscule ou aube,Hors agglomération,Hors intersection,Normale,Autre collision,,,,,,,,,,,2,1,1,1.0,6.0
201700031741,0017-03-28 16:25:00,17,3,28,16,25,590,646,MARNE AVENUE DE LA,50.68,3.12,Plein jour,En agglomération,Intersection en X,Normale,Deux véhicules - frontale,,,,,,,,,,,1,2,2,1.0,1.0
201700031742,0017-03-28 18:10:00,17,3,28,18,10,590,560,AVELIN ROUTE D',50.54465,3.05669,Plein jour,Hors agglomération,Hors intersection,Normale,Deux véhicules - côté,,,,,,,,,,,1,1,1,1.0,3.0
201700031743,0017-01-13 00:20:00,17,1,13,0,20,590,350,"50, CARREL ARMAND RUE",50.61412,3.07464,Nuit avec éclairage allumé,En agglomération,Hors intersection,Neige / grêle,Autre collision,,,,,,,,,,,5,2,1,4.0,6.0
201700031744,0017-04-05 17:40:00,17,4,5,17,40,590,9,DOUMER PAUL RUE DU PRESI,50.60623,3.14799,Plein jour,En agglomération,Hors intersection,Normale,Autre collision,,,,,,,,,,,1,2,1,1.0,6.0
201700031745,0017-04-19 17:20:00,17,4,19,17,20,590,9,FLANDRE AVENUE DE,,,Plein jour,Hors agglomération,Hors intersection,Normale,Deux véhicules - côté,,,,,,,,,,,1,1,1,1.0,3.0
201700031746,0017-03-25 17:15:00,17,3,25,17,15,590,350,CHASSEURS DE DRIANT PLAC,50.61854,3.03279,Plein jour,En agglomération,Place,Normale,Deux véhicules - côté,,,,,,,,,,,1,2,7,1.0,3.0
201700031747,0017-04-27 12:10:00,17,4,27,12,10,590,350,MARACHE PHILLIPE RUE,,,Plein jour,En agglomération,Hors intersection,Normale,Autre collision,,,,,,,,,,,1,2,1,1.0,6.0
201700031748,0017-03-16 09:55:00,17,3,16,9,55,590,378,NATIONALE RUE,50.66698,3.07628,Plein jour,En agglomération,Intersection en X,Normale,Deux véhicules - côté,,,,,,,,,,,1,2,2,1.0,3.0
201700031749,0017-05-04 22:40:00,17,5,4,22,40,590,350,POLOGNE RUE,,,Plein jour,Hors agglomération,Intersection en X,Normale,Deux véhicules - côté,,,,,,,,,,,1,1,2,1.0,3.0
201700031750,0017-05-12 03:50:00,17,5,12,3,50,590,350,VAUBAN BOULEVARD Nø REST,50.63054,3.0449,Nuit avec éclairage allumé,En agglomération,Intersection en X,Pluie légère,Deux véhicules - côté,,,,,,,,,,,5,2,2,2.0,3.0
201700031751,0017-05-14 06:45:00,17,5,14,6,45,590,350,"20, BELFORT BOULEVARD DE",50.62097,3.07862,Plein jour,En agglomération,Intersection en T,Normale,Deux véhicules - arrière,,,,,,,,,,,1,2,3,1.0,2.0
201700031752,0017-05-16 18:15:00,17,5,16,18,15,590,350,BEETHOVEN AVENUE,50.61882,3.033,Plein jour,En agglomération,Intersection en X,Normale,Deux véhicules - côté,,,,,,,,,,,1,2,2,1.0,3.0
201700031753,0017-04-10 20:50:00,17,4,10,20,50,590,328,BOIS AVENUE DU,50.64811,3.04458,Crépuscule ou aube,En agglomération,Intersection en T,Normale,Deux véhicules - frontale,,,,,,,,,,,2,2,3,1.0,1.0
201700031754,0017-05-04 17:00:00,17,5,4,17,0,590,378,"274, MENIN RUE DE",50.67841,3.08247,Plein jour,En agglomération,Hors intersection,Normale,Deux véhicules - arrière,,,,,,,,,,,1,2,1,1.0,2.0
201700031755,0017-05-02 10:10:00,17,5,2,10,10,590,350,TURENNE RUE,50.62822,3.03783,Plein jour,En agglomération,Intersection en T,Normale,Autre collision,,,,,,,,,,,1,2,3,1.0,6.0
201700031756,0017-05-16 16:00:00,17,5,16,16,0,590,328,"201, LECLERC AVENUE DU M",50.64579,3.03189,Plein jour,En agglomération,Hors intersection,Normale,Autre collision,,,,,,,,,,,1,2,1,1.0,6.0
201700031757,0017-04-04 08:50:00,17,4,4,8,50,590,328,REPUBLIQUE AVENUE DE LA,50.64803,3.03526,Plein jour,En agglomération,Intersection en T,Normale,Autre collision,,,,,,,,,,,1,2,3,1.0,6.0
201700031758,0017-06-02 15:30:00,17,6,2,15,30,590,378,"897, REPUBLIQUE AV DE LA",50.66004,3.0939,Plein jour,En agglomération,Intersection en X,Normale,Autre collision,,,,,,,,,,,1,2,2,1.0,6.0
201700031759,0017-05-09 23:20:00,17,5,9,23,20,590,350,AVENTURE RUE VIEILLE,50.62883,3.05226,Nuit avec éclairage allumé,En agglomération,Intersection en T,Normale,Deux véhicules - côté,,,,,,,,,,,5,2,3,1.0,3.0
201700031760,0017-06-03 21:40:00,17,6,3,21,40,590,609,"60, SECLIN RUE DE",50.57557,3.079,Crépuscule ou aube,En agglomération,Autre intersection,Normale,Deux véhicules - frontale,,,,,,,,,,,2,2,9,1.0,1.0
201700031761,0017-05-10 15:00:00,17,5,10,15,0,590,350,Pont Neuf,50.64593,3.06706,Plein jour,En agglomération,Intersection en X,Normale,Autre collision,,,,,,,,,,,1,2,2,1.0,6.0
201700031762,0017-05-24 21:00:00,17,5,24,21,0,590,350,"295, LEGRAND PIERRE RUE",50.6301,3.0977,Plein jour,En agglomération,Hors intersection,Normale,Autre collision,,,,,,,,,,,1,2,1,1.0,6.0
201700031763,0017-06-10 19:45:00,17,6,10,19,45,590,350,1 FAUBOURG DES POSTES,50.61521,3.04849,Plein jour,En agglomération,Intersection en Y,Normale,Sans collision,,,,,,,,,,,1,2,4,1.0,7.0
201700031764,0017-05-28 22:25:00,17,5,28,22,25,590,350,VANHOENACKER PLACE,50.61984,3.06487,Nuit avec éclairage allumé,En agglomération,Place,Normale,Deux véhicules - côté,,,,,,,,,,,5,2,7,1.0,3.0
201700031765,0017-06-13 08:40:00,17,6,13,8,40,590,350,SOLFERINO RUE N°110 - 20,50.63148,3.05438,Plein jour,En agglomération,Hors intersection,Normale,Autre collision,,,,,,,,,,,1,2,1,1.0,6.0
201700031766,0017-06-17 18:20:00,17,6,17,18,20,590,350,"72, ARCOLE RUE D",50.6226,3.04704,Plein jour,En agglomération,Hors intersection,Normale,Autre collision,,,,,,,,,,,1,2,1,1.0,6.0
201700031767,0017-05-30 09:30:00,17,5,30,9,30,590,507,"302, CARNOT SADI RUE",50.61031,3.10915,Plein jour,En agglomération,Hors intersection,Normale,Deux véhicules - côté,,,,,,,,,,,1,2,1,1.0,3.0
201700031768,0017-06-17 12:00:00,17,6,17,12,0,590,9,BREUCQ BOULEVARD DU,50.61492,3.1358,Plein jour,En agglomération,Hors intersection,Normale,Deux véhicules - arrière,,,,,,,,,,,1,2,1,1.0,2.0
201700031769,0017-06-26 02:45:00,17,6,26,2,45,590,566,CARNOT RUE,50.62798,2.99481,Nuit avec éclairage allumé,En agglomération,Hors intersection,Normale,Autre collision,,,,,,,,,,,5,2,1,1.0,6.0
201700031770,0017-06-29 04:40:00,17,6,29,4,40,590,378,MARNE AVENUE DE LA,50.67962,3.11397,Nuit avec éclairage allumé,En agglomération,Intersection en X,Normale,Deux véhicules - côté,,,,,,,,,,,5,2,2,1.0,3.0
201700031771,0017-06-19 14:00:00,17,6,19,14,0,590,350,"2, TURENNE RUE",50.62983,3.03563,Plein jour,En agglomération,Hors intersection,Normale,Deux véhicules - côté,,,,,,,,,,,1,2,1,1.0,3.0
201700031772,0017-06-26 19:00:00,17,6,26,19,0,590,386,INDUSTRIELLE AVENUE,50.67933,3.05467,Plein jour,En agglomération,Hors intersection,Temps éblouissant,Autre collision,,,,,,,,,,,1,2,1,7.0,6.0
201700031773,0017-06-25 01:00:00,17,6,25,1,0,590,378,"645, REPUBLIQUE AV DE LA",50.65927,3.09274,Nuit sans éclairage public,En agglomération,Hors intersection,Normale,Deux véhicules - frontale,,,,,,,,,,,3,2,1,1.0,1.0
201700031774,0017-07-13 19:15:00,17,7,13,19,15,590,350,NOIRS RUE,50.63045,3.08979,Plein jour,En agglomération,Intersection en X,Normale,Autre collision,,,,,,,,,,,1,2,2,1.0,6.0
201700031775,0017-07-06 23:00:00,17,7,6,23,0,590,9,TECHNIQUES RUE DES,50.62,3.134,Nuit avec éclairage allumé,En agglomération,Intersection en X,Normale,Deux véhicules - côté,,,,,,,,,,,5,2,2,1.0,3.0
201700031776,0017-07-02 00:20:00,17,7,2,0,20,590,410,"152, BECQUEREL RUE DU",50.63575,3.09958,Nuit avec éclairage allumé,En agglomération,Intersection en X,Normale,Autre collision,,,,,,,,,,,5,2,2,1.0,6.0
201700031777,0017-07-12 20:00:00,17,7,12,20,0,590,350,", BRANDT WILLY AVENUE",50.63695,3.07265,Plein jour,En agglomération,Hors intersection,Normale,Autre collision,,,,,,,,,,,1,2,1,1.0,6.0
201700031778,0017-07-07 07:40:00,17,7,7,7,40,590,350,"785, DUNKERQUE AVENUE DE",50.64566,2.98632,Plein jour,En agglomération,Intersection en X,Temps éblouissant,Autre collision,,,,,,,,,,,1,2,2,7.0,6.0
201700031779,0017-06-20 20:00:00,17,6,20,20,0,590,350,"2, VALLES JULES RUE",50.64951,3.09609,Plein jour,En agglomération,Hors intersection,Normale,Autre collision,,,,,,,,,,,1,2,1,1.0,6.0
201700031780,0017-07-11 18:20:00,17,7,11,18,20,590,350,LEZENNES BOULEVARD DE,50.61793,3.10403,Plein jour,En agglomération,Intersection en Y,Normale,Deux véhicules - frontale,,,,,,,,,,,1,2,4,1.0,1.0
201700031781,0017-06-10 20:00:00,17,6,10,20,0,590,648,CLEMENCEAU RUE,50.59966,3.05329,Plein jour,En agglomération,Intersection en X,Normale,Trois véhicules et plus - en chaîne,,,,,,,,,,,1,2,2,1.0,4.0
201700031782,0017-07-20 16:00:00,17,7,20,16,0,590,378,"119, CLEMENCEAU BLVD (Nø",50.66425,3.08984,Plein jour,En agglomération,Autre intersection,Normale,Deux véhicules - arrière,,,,,,,,,,,1,2,9,1.0,2.0
201700031783,0017-05-30 15:10:00,17,5,30,15,10,590,350,DUNKERQUE AVENUE DE,50.64588,2.98954,Plein jour,En agglomération,Intersection en T,Normale,Deux véhicules - arrière,,,,,,,,,,,1,2,3,1.0,2.0
201700031784,0017-06-22 17:55:00,17,6,22,17,55,590,350,DUBUISSON EMILE BOULEVAR,50.63118,3.07727,Plein jour,En agglomération,Hors intersection,Normale,Deux véhicules - côté,,,,,,,,,,,1,2,1,1.0,3.0
201700031785,0017-08-06 00:49:00,17,8,6,0,49,590,507,SALENGRO ROGER RUE,50.60111,3.0975,Nuit avec éclairage allumé,En agglomération,Intersection en X,Normale,Autre collision,,,,,,,,,,,5,2,2,1.0,6.0
201700031786,0017-06-17 12:00:00,17,6,17,12,0,590,350,LIBERTE BVD Nø147 A FIN-,50.62981,3.06486,Plein jour,En agglomération,Intersection en Y,Normale,Deux véhicules - côté,,,,,,,,,,,1,2,4,1.0,3.0
201700031787,0017-07-08 03:00:00,17,7,8,3,0,590,350,DUMON D'URVILLE RUE,50.63468,3.08344,Nuit avec éclairage allumé,En agglomération,Hors intersection,Normale,Deux véhicules - côté,,,,,,,,,,,5,2,1,1.0,3.0
201700031788,0017-07-08 02:30:00,17,7,8,2,30,590,350,"28, BATELIERS RUE DES",50.64604,3.06399,Nuit avec éclairage allumé,En agglomération,Hors intersection,Normale,Autre collision,,,,,,,,,,,5,2,1,1.0,6.0
201700031789,0017-08-12 02:20:00,17,8,12,2,20,590,350,BEETHOVEN AVENUE,50.61887,3.03286,Nuit avec éclairage allumé,En agglomération,Intersection en T,Normale,Autre collision,,,,,,,,,,,5,2,3,1.0,6.0
201700031790,0017-05-15 08:30:00,17,5,15,8,30,590,350,HUGO VICTOR  BVD NøIMPAI,50.62273,3.06,Plein jour,En agglomération,Intersection en Y,Normale,Autre collision,,,,,,,,,,,1,2,4,1.0,6.0
201700031791,0017-08-21 12:00:00,17,8,21,12,0,590,328,"389, DUNKERQUE AVENUE DE",50.64205,3.01732,Plein jour,En agglomération,Hors intersection,Normale,Deux véhicules - côté,,,,,,,,,,,1,2,1,1.0,3.0
201700031792,0017-05-26 10:35:00,17,5,26,10,35,590,350,JAVARY RUE,50.63325,3.07932,Plein jour,En agglomération,Intersection en Y,Normale,Deux véhicules - côté,,,,,,,,,,,1,2,4,1.0,3.0
201700031793,0017-09-02 11:30:00,17,9,2,11,30,590,350,"23, SAINT ANDRE",50.64353,3.05902,Plein jour,En agglomération,Hors intersection,Normale,Autre collision,,,,,,,,,,,1,2,1,1.0,6.0
201700031794,0017-09-03 06:20:00,17,9,3,6,20,590,350,"260, HUGO VICTOR  BVD Nø",50.61929,3.05259,Nuit avec éclairage allumé,En agglomération,Hors intersection,Normale,Deux véhicules - côté,,,,,,,,,,,5,2,1,1.0,3.0
201700031795,0017-08-27 10:35:00,17,8,27,10,35,590,350,SCHUMAN ROBERT BOULEVARD,50.64861,3.06861,Plein jour,Hors agglomération,Hors intersection,Normale,Deux véhicules - côté,,,,,,,,,,,1,1,1,1.0,3.0
201700031796,0017-09-01 20:25:00,17,9,1,20,25,590,350,ARTOIS RUE  Nø1 - 81,50.62428,3.06123,Plein jour,En agglomération,Intersection en X,Normale,Deux véhicules - côté,,,,,,,,,,,1,2,2,1.0,3.0
201700031797,0017-08-24 15:30:00,17,8,24,15,30,590,343,JAURES JEAN RUE,,,Plein jour,Hors agglomération,Hors intersection,Normale,Deux véhicules - côté,,,,,,,,,,,1,1,1,1.0,3.0
201700031798,0017-08-29 09:00:00,17,8,29,9,0,590,9,COLBERT RUE,50.61775,3.17357,Plein jour,En agglomération,Intersection en T,Normale,Deux véhicules - côté,,,,,,,,,,,1,2,3,1.0,3.0
201700031799,0017-09-14 12:00:00,17,9,14,12,0,590,368,"92, REPUBLIQUE AVENUE DE",50.64542,3.0754,Plein jour,En agglomération,Hors intersection,Normale,Autre collision,,,,,,,,,,,1,2,1,1.0,6.0
201700031800,0017-08-14 11:00:00,17,8,14,11,0,590,350,CAMBRAI RUE DE Nø IMPAIR,50.62402,3.07498,Plein jour,En agglomération,Intersection en T,Normale,Deux véhicules - côté,,,,,,,,,,,1,2,3,1.0,3.0
201700031801,0017-09-09 07:15:00,17,9,9,7,15,590,350,COLBERT RUE Nø1 - 69-2 -,50.62986,3.0455,Crépuscule ou aube,En agglomération,Intersection en X,Normale,Deux véhicules - côté,,,,,,,,,,,2,2,2,1.0,3.0
201700031802,0017-09-23 00:01:00,17,9,23,0,1,590,560,MULLIER JEAN BAPTISTE RU,50.53741,3.05125,Nuit avec éclairage allumé,Hors agglomération,Hors intersection,Normale,Trois véhicules et plus - en chaîne,,,,,,,,,,,5,1,1,1.0,4.0
201700031803,0017-09-19 16:40:00,17,9,19,16,40,590,350,FAUBOURG D'ARRAS RUE,50.612,3.0619,Plein jour,En agglomération,Intersection en X,Normale,Deux véhicules - côté,,,,,,,,,,,1,2,2,1.0,3.0
201700031804,0017-09-16 03:00:00,17,9,16,3,0,590,360,"150, MIRABEAU RUE",50.61187,3.02278,Nuit avec éclairage allumé,En agglomération,Intersection en X,Normale,Deux véhicules - côté,,,,,,,,,,,5,2,2,1.0,3.0
201700031805,0017-09-16 23:10:00,17,9,16,23,10,590,350,"42, ANGLETERRE RUE D",50.64,3.05,Nuit avec éclairage allumé,En agglomération,Hors intersection,Normale,Autre collision,,,,,,,,,,,5,2,1,1.0,6.0
201700031806,0017-09-15 21:00:00,17,9,15,21,0,590,350,"27, INKERMAN RUE NøIMPAI",50.63,3.05,Crépuscule ou aube,En agglomération,Hors intersection,Normale,Deux véhicules - côté,,,,,,,,,,,2,2,1,1.0,3.0
201700031807,0017-09-11 00:15:00,17,9,11,0,15,590,360,"80, MIRABEAU RUE",50.61205,3.02092,Nuit avec éclairage allumé,En agglomération,Hors intersection,Normale,Autre collision,,,,,,,,,,,5,2,1,1.0,6.0
201700031808,0017-09-30 00:30:00,17,9,30,0,30,590,350,"68, VAUBAN BOULEVARD Nø",50.63,3.046,Nuit avec éclairage allumé,En agglomération,Intersection à plus de 4 branches,Normale,Deux véhicules - côté,,,,,,,,,,,5,2,5,1.0,3.0
201700031809,0017-09-30 14:45:00,17,9,30,14,45,590,378,BAILLY ALBERT RUE,50.6883,3.1085,Plein jour,En agglomération,Hors intersection,Normale,Trois véhicules et plus - en chaîne,,,,,,,,,,,1,2,1,1.0,4.0
201700031810,0017-10-03 13:00:00,17,10,3,13,0,590,9,SAINT GHISLAIN ROND POIN,50.65059,3.1267,Plein jour,En agglomération,Giratoire,Normale,Autre collision,,,,,,,,,,,1,2,6,1.0,6.0