accident_id,datetime,annee,mois,jour,heure,minute,departement,commune_insee,adresse,latitude,longitude,luminosite,agglomeration,intersection,meteo,collision,nb_vehicules,nb_usagers,nb_indemnes,nb_tues,nb_blesses_hosp,nb_blesses_legers,age_cond_1,age_cond_2,veh_type_cond_1,veh_type_cond_2,lum_code,agg_code,int_code,atm_code,col_code
201700031811,0017-10-05 10:40:00,17,10,5,10,40,590,193,D.952,50.5935,3.0106,Plein jour,Hors agglomération,Hors intersection,Pluie légère,Sans collision,,,,,,,,,,,1,1,1,2.0,7.0
201700031812,0017-09-29 07:15:00,17,9,29,7,15,590,648,DE LATTRE DE TASSIGNY RU,50.57545,3.02912,Crépuscule ou aube,Hors agglomération,Autre intersection,Normale,Trois véhicules et plus - en chaîne,,,,,,,,,,,2,1,9,1.0,4.0
201700031813,0017-09-11 14:20:00,17,9,11,14,20,590,220,ARRAS ROUTE D     NøIMPA,,,Plein jour,En agglomération,Hors intersection,Pluie forte,Autre collision,,,,,,,,,,,1,2,1,3.0,6.0
201700031814,0017-09-26 06:45:00,17,9,26,6,45,590,560,"NEANT, NOYELLES ROUTE DE",50.56467,3.02607,Nuit sans éclairage public,Hors agglomération,Hors intersection,Brouillard / fumée,Autre collision,,,,,,,,,,,3,1,1,5.0,6.0
201700031815,0017-10-02 14:10:00,17,10,2,14,10,590,350,DE BALZAC HONORE RUE,50.61388,3.04805,Plein jour,En agglomération,Hors intersection,Normale,Autre collision,,,,,,,,,,,1,2,1,1.0,6.0
201700031816,0017-10-11 19:15:00,17,10,11,19,15,590,9,APPERT NICOLAS RUE,50.60298,3.13577,Nuit avec éclairage allumé,En agglomération,Hors intersection,Normale,Autre collision,,,,,,,,,,,5,2,1,1.0,6.0
201700031817,0017-09-29 13:55:00,17,9,29,13,55,590,350,HOOVER AVENUE DU PRESIDE,50.61666,3.06666,Plein jour,En agglomération,Hors intersection,Normale,Deux véhicules - côté,,,,,,,,,,,1,2,1,1.0,3.0
201700031818,0017-10-14 06:15:00,17,10,14,6,15,590,378,"801, REPUBLIQUE AV DE LA",50.65644,3.08832,Nuit sans éclairage public,En agglomération,Hors intersection,Normale,Deux véhicules - arrière,,,,,,,,,,,3,2,1,1.0,2.0
201700031819,0017-10-14 07:50:00,17,10,14,7,50,590,378,"690, REPUBLIQUE AV DE LA",50.65603,3.08769,Nuit sans éclairage public,En agglomération,Hors intersection,Normale,Trois véhicules et plus - collisions multiples,,,,,,,,,,,3,2,1,1.0,5.0
201700031820,0017-09-18 19:50:00,17,9,18,19,50,590,350,ISLY RUE,50.62341,3.03738,Crépuscule ou aube,En agglomération,Intersection en X,Normale,Autre collision,,,,,,,,,,,2,2,2,1.0,6.0
201700031821,0017-10-12 16:00:00,17,10,12,16,0,590,378,"59, CHEVAL BLANC RUE DU",50.68384,3.09048,Plein jour,En agglomération,Hors intersection,Normale,Trois véhicules et plus - en chaîne,,,,,,,,,,,1,2,1,1.0,4.0
201700031822,0017-10-06 21:15:00,17,10,6,21,15,590,9,TOURNAI BOULEVARD DE,50.61538,3.12178,Nuit avec éclairage allumé,En agglomération,Intersection en X,Normale,Deux véhicules - côté,,,,,,,,,,,5,2,2,1.0,3.0
201700031823,0017-07-11 14:50:00,17,7,11,14,50,590,350,", MONTEBELLO BOULEVARD N",50.62182,3.04583,Plein jour,En agglomération,Intersection en X,Temps couvert,Deux véhicules - côté,,,,,,,,,,,1,2,2,8.0,3.0
201700031824,0017-10-12 22:10:00,17,10,12,22,10,590,350,BELFORT BOULEVARD DE,50.61822,3.07358,Nuit avec éclairage allumé,En agglomération,Intersection en X,Normale,Deux véhicules - côté,,,,,,,,,,,5,2,2,1.0,3.0
201700031825,0017-10-20 06:35:00,17,10,20,6,35,590,350,ARRAS RUE D,,,Nuit avec éclairage allumé,En agglomération,Hors intersection,Pluie légère,Deux véhicules - frontale,,,,,,,,,,,5,2,1,2.0,1.0
201700031826,0017-10-26 12:00:00,17,10,26,12,0,590,350,METZ BOULEVARD,50.61827,3.04923,Plein jour,En agglomération,Hors intersection,Normale,Autre collision,,,,,,,,,,,1,2,1,1.0,6.0
201700031827,0017-10-15 17:05:00,17,10,15,17,5,590,350,BEETHOVEN AVENUE,50.61868,3.03266,Plein jour,En agglomération,Intersection en X,Normale,Autre collision,,,,,,,,,,,1,2,2,1.0,6.0
201700031828,0017-09-28 09:20:00,17,9,28,9,20,590,350,SAINT ANDRE,50.64537,3.05651,Plein jour,En agglomération,Intersection en X,Normale,Deux véhicules - côté,,,,,,,,,,,1,2,2,1.0,3.0
201700031829,0017-10-03 09:45:00,17,10,3,9,45,590,350,LEZENNES BOULEVARD DE,50.61785,3.103,Plein jour,En agglomération,Autre intersection,Normale,Deux véhicules - côté,,,,,,,,,,,1,2,9,1.0,3.0
201700031830,0017-10-24 08:45:00,17,10,24,8,45,590,350,MONTEBELLO BD PAIRS DE 7,50.62083,3.0475,Plein jour,En agglomération,Hors intersection,Normale,Autre collision,,,,,,,,,,,1,2,1,1.0,6.0
201700031831,0017-09-12 07:15:00,17,9,12,7,15,590,566,"CALMETTE, RUE DU Dr",50.61881,2.97769,Crépuscule ou aube,Hors agglomération,Intersection en T,Normale,Deux véhicules - frontale,,,,,,,,,,,2,1,3,1.0,1.0
201700031832,0017-08-25 07:50:00,17,8,25,7,50,590,636,OBERT RUE,50.68126,3.05409,Plein jour,En agglomération,Intersection en T,Normale,Deux véhicules - arrière,,,,,,,,,,,1,2,3,1.0,2.0
201700031833,0017-11-12 13:55:00,17,11,12,13,55,590,378,"09, HAUTE LOGE RUE DE LA",50.67344,3.0912,Plein jour,En agglomération,Hors intersection,Normale,Sans collision,,,,,,,,,,,1,2,1,1.0,7.0
201700031834,0017-11-11 23:50:00,17,11,11,23,50,590,220,"110, KLEBER RUE",50.59205,3.07199,Nuit avec éclairage allumé,En agglomération,Hors intersection,Normale,Autre collision,,,,,,,,,,,5,2,1,1.0,6.0
201700031835,0017-10-21 23:30:00,17,10,21,23,30,590,9,DELATTRE RUE,50.018,3.16282,Nuit avec éclairage allumé,En agglomération,Hors intersection,Autre,Deux véhicules - frontale,,,,,,,,,,,5,2,1,9.0,1.0
201700031836,0017-11-03 18:30:00,17,11,3,18,30,590,195,", ZONE COMMERCIALE",50.63398,2.96543,Nuit avec éclairage allumé,En agglomération,Intersection en X,Normale,Deux véhicules - côté,,,,,,,,,,,5,2,2,1.0,3.0
201700031837,0017-11-09 10:30:00,17,11,9,10,30,590,350,LITTRE RUE,50.62593,3.05183,Plein jour,En agglomération,Intersection en T,Normale,Autre collision,,,,,,,,,,,1,2,3,1.0,6.0
201700031838,0017-11-07 22:55:00,17,11,7,22,55,590,636,OBERT RUE,50.68274,3.05355,Nuit avec éclairage allumé,En agglomération,Autre intersection,Normale,Deux véhicules - frontale,,,,,,,,,,,5,2,9,1.0,1.0
201700031839,0017-10-08 16:00:00,17,10,8,16,0,590,350,FAUBOURG DE ROUBAIX RUE,50.64229,3.08887,Plein jour,En agglomération,Intersection en T,Normale,Autre collision,,,,,,,,,,,1,2,3,1.0,6.0
201700031840,0017-11-15 16:55:00,17,11,15,16,55,590,328,"305, DUNKERQUE AVENUE DE",50.63949,3.01986,Plein jour,En agglomération,Intersection en T,Normale,Deux véhicules - côté,,,,,,,,,,,1,2,3,1.0,3.0
201700031841,0017-10-26 00:20:00,17,10,26,0,20,590,350,ESQUERMES RUE  Nø PAIRS,50.62465,3.0444,Nuit avec éclairage allumé,En agglomération,Intersection en T,Normale,Deux véhicules - côté,,,,,,,,,,,5,2,3,1.0,3.0
201700031842,0017-11-14 07:35:00,17,11,14,7,35,590,350,DUNKERQUE AVENUE,50.63448,3.03031,Crépuscule ou aube,En agglomération,Intersection en T,Normale,Autre collision,,,,,,,,,,,2,2,3,1.0,6.0
201700031843,0017-11-10 14:15:00,17,11,10,14,15,590,350,"243, SALENGRO ROGER RUE",50.62611,3.1121,Plein jour,En agglomération,Hors intersection,Temps couvert,Autre collision,,,,,,,,,,,1,2,1,8.0,6.0
201700031844,0017-10-24 19:00:00,17,10,24,19,0,590,9,CHAMPOLLION AVENUE,50.63807,3.13668,Nuit avec éclairage allumé,En agglomération,Hors intersection,Normale,Autre collision,,,,,,,,,,,5,2,1,1.0,6.0
201700031845,0017-11-17 06:00:00,17,11,17,6,0,590,360,DOUMER PAUL RUE,50.60175,3.0396,Nuit avec éclairage allumé,En agglomération,Intersection en X,Temps couvert,Deux véhicules - frontale,,,,,,,,,,,5,2,2,8.0,1.0
201700031846,0017-11-13 11:30:00,17,11,13,11,30,590,328,"192, LILLE RUE DE",50.65129,3.04079,Plein jour,En agglomération,Hors intersection,Normale,Autre collision,,,,,,,,,,,1,2,1,1.0,6.0
201700031847,0017-11-17 09:35:00,17,11,17,9,35,590,378,"67, FLANDRE AVENUE DE",50.66534,3.11078,Plein jour,En agglomération,Hors intersection,Normale,Deux véhicules - frontale,,,,,,,,,,,1,2,1,1.0,1.0
201700031848,0017-11-07 17:05:00,17,11,7,17,5,590,350,LECLERCQ JULES BVD DU PR,50.0,3.0,Crépuscule ou aube,En agglomération,Hors intersection,Normale,Sans collision,,,,,,,,,,,2,2,1,1.0,7.0
201700031849,0017-09-16 08:40:00,17,9,16,8,40,590,368,"145, DE GAULLE RUE DU GE",50.64804,3.06888,Plein jour,En agglomération,Intersection en X,Normale,Autre collision,,,,,,,,,,,1,2,2,1.0,6.0
201700031850,0017-11-08 21:35:00,17,11,8,21,35,590,9,RD 626,50.62629,3.1366,Nuit avec éclairage allumé,En agglomération,Autre intersection,Temps couvert,Deux véhicules - côté,,,,,,,,,,,5,2,9,8.0,3.0
201700031851,0017-08-04 07:30:00,17,8,4,7,30,590,350,FOCH AVENUE,50.63626,3.05665,Plein jour,En agglomération,Autre intersection,Autre,Deux véhicules - côté,,,,,,,,,,,1,2,9,9.0,3.0
201700031852,0017-11-11 08:20:00,17,11,11,8,20,590,560,MARTINSART ROUTE DE,50.5428,3.04397,Plein jour,Hors agglomération,Hors intersection,Pluie légère,Deux véhicules - côté,,,,,,,,,,,1,1,1,2.0,3.0
201700031853,0017-11-10 04:25:00,17,11,10,4,25,590,350,SCHUMAN ROBERT BOULEVARD,50.64784,3.06864,Nuit avec éclairage allumé,En agglomération,Intersection en X,Pluie légère,Deux véhicules - arrière,,,,,,,,,,,5,2,2,2.0,2.0
201700031854,0017-11-30 17:00:00,17,11,30,17,0,590,9,PASTEUR RUE,50.6265,3.1499,Nuit avec éclairage allumé,En agglomération,Place,Pluie légère,Deux véhicules - côté,,,,,,,,,,,5,2,7,2.0,3.0
201700031855,0017-11-30 17:45:00,17,11,30,17,45,590,410,FAIDHERBE RUE,50.6403,3.1122,Crépuscule ou aube,En agglomération,Hors intersection,Pluie légère,Deux véhicules - frontale,,,,,,,,,,,2,2,1,2.0,1.0
201700031856,0017-11-07 09:00:00,17,11,7,9,0,590,360,DOUMER PAUL RUE,50.60305,3.04055,Plein jour,En agglomération,Hors intersection,Normale,Deux véhicules - côté,,,,,,,,,,,1,2,1,1.0,3.0
201700031857,0017-11-17 18:10:00,17,11,17,18,10,590,527,"32, GAMBETTA LEON RUE",50.65395,3.05223,Nuit avec éclairage allumé,En agglomération,Intersection en T,Normale,Deux véhicules - frontale,,,,,,,,,,,5,2,3,1.0,1.0
201700031858,0017-10-20 20:55:00,17,10,20,20,55,590,410,"42, SCHUMAN ROBERT AVENU",50.64215,3.10785,Nuit avec éclairage allumé,En agglomération,Hors intersection,Normale,Autre collision,,,,,,,,,,,5,2,1,1.0,6.0
201700031859,0017-11-13 14:25:00,17,11,13,14,25,590,360,"246, DOUMER PAUL RUE",50.6066,3.0428,Plein jour,En agglomération,Hors intersection,Normale,Deux véhicules - frontale,,,,,,,,,,,1,2,1,1.0,1.0
201700031860,0017-12-16 02:25:00,17,12,16,2,25,590,350,Echangeur Autoroute A25,50.6293,3.08473,Nuit sans éclairage public,Hors agglomération,Hors intersection,Pluie légère,Deux véhicules - frontale,,,,,,,,,,,3,1,1,2.0,1.0
201700031861,0017-12-19 09:30:00,17,12,19,9,30,590,350,"263, SALENGRO ROGER RUE",50.62554,3.11464,Plein jour,En agglomération,Hors intersection,Pluie légère,Autre collision,,,,,,,,,,,1,2,1,2.0,6.0
201700031862,0017-11-18 14:00:00,17,11,18,14,0,590,328,"139, LILLE RUE DE",50.65,3.03,Plein jour,En agglomération,Hors intersection,Normale,Deux véhicules - côté,,,,,,,,,,,1,2,1,1.0,3.0
201700031863,0017-11-02 07:50:00,17,11,2,7,50,590,648,CLEMENCEAU RUE,50.59179,3.05104,Plein jour,En agglomération,Intersection en X,Normale,Deux véhicules - côté,,,,,,,,,,,1,2,2,1.0,3.0
201700031864,0017-11-06 09:50:00,17,11,6,9,50,590,350,LAMBRET OSCAR AVENUE,50.61677,3.03398,Plein jour,Hors agglomération,Autre intersection,Temps éblouissant,Autre collision,,,,,,,,,,,1,1,9,7.0,6.0
201700031865,0017-01-30 07:20:00,17,1,30,7,20,590,392,"15, AVESNES (ROUTE D')",,,Nuit avec éclairage allumé,En agglomération,Hors intersection,Pluie légère,Autre collision,,,,,,,,,,,5,2,1,2.0,6.0
201700031866,0017-11-06 18:25:00,17,11,6,18,25,590,291,LIAISON HAUTMONT-MAUBEUG,50.2508,3.9214,Nuit avec éclairage allumé,En agglomération,Intersection en T,Normale,Deux véhicules - côté,,,,,,,,,,,5,2,3,1.0,3.0
201700031867,0017-03-30 23:00:00,17,3,30,23,0,590,392,"116, JEAN JAURES (AVENUE",,,Nuit avec éclairage allumé,En agglomération,Hors intersection,Normale,Autre collision,,,,,,,,,,,5,2,1,1.0,6.0
201700031868,0017-04-24 14:25:00,17,4,24,14,25,590,392,"1, EUROPE (BOULEVARD DE",50.28024,3.96544,Plein jour,En agglomération,Hors intersection,Normale,Sans collision,,,,,,,,,,,1,2,1,1.0,7.0
201700031869,0017-08-07 18:20:00,17,8,7,18,20,590,392,"86, HAUTMONT (RUE D')",50.26666,3.94055,Plein jour,En agglomération,Hors intersection,Normale,Deux véhicules - frontale,,,,,,,,,,,1,2,1,1.0,1.0
201700031870,0017-10-18 15:40:00,17,10,18,15,40,590,392,"30, JEAN JAURES (AVENUE)",50.28277,3.97277,Plein jour,En agglomération,Hors intersection,Normale,Autre collision,,,,,,,,,,,1,2,1,1.0,6.0
201700031871,0017-01-05 07:25:00,17,1,5,7,25,590,339,"60, FERRY (RUE JULES)",,,Nuit avec éclairage allumé,En agglomération,Hors intersection,Pluie légère,Autre collision,,,,,,,,,,,5,2,1,2.0,6.0
201700031872,0017-01-06 16:35:00,17,1,6,16,35,590,512,"22, NOTTE (RUE JEAN BAPT",,,Plein jour,En agglomération,Hors intersection,Normale,Autre collision,,,,,,,,,,,1,2,1,1.0,6.0
201700031873,0017-01-06 18:40:00,17,1,6,18,40,590,646,FLANDRE (AVENUE DE),,,Nuit avec éclairage allumé,En agglomération,Intersection en X,Normale,Autre collision,,,,,,,,,,,5,2,2,1.0,6.0
201700031874,0017-12-22 11:35:00,17,12,22,11,35,590,646,"39, MARCQ EN BARCEUL (RU",50.66992,3.12424,Plein jour,En agglomération,Hors intersection,Normale,Autre collision,,,,,,,,,,,1,2,1,1.0,6.0
201700031875,0017-01-08 16:05:00,17,1,8,16,5,590,512,"0000, DELORY  (AVENUE GU",,,Plein jour,En agglomération,Intersection en X,Brouillard / fumée,Deux véhicules - frontale,,,,,,,,,,,1,2,2,5.0,1.0
201700031876,0017-01-09 16:40:00,17,1,9,16,40,590,512,"0000000000, INGRES (RUE)",,,Crépuscule ou aube,En agglomération,Hors intersection,Temps couvert,Deux véhicules - côté,,,,,,,,,,,2,2,1,8.0,3.0
201700031877,0017-01-10 15:45:00,17,1,10,15,45,590,512,"169, MACKELLERIE (RUE DE",,,Plein jour,En agglomération,Intersection en T,Normale,Autre collision,,,,,,,,,,,1,2,3,1.0,6.0
201700031878,0017-01-12 08:45:00,17,1,12,8,45,590,512,"0000, POTENNERIE (RUE DE",50.692,3.17821,Plein jour,En agglomération,Hors intersection,Normale,Autre collision,,,,,,,,,,,1,2,1,1.0,6.0
201700031879,0017-01-15 01:00:00,17,1,15,1,0,590,299,"000000, LEVERIE (RUE DE",50.6648,3.20441,Nuit avec éclairage allumé,En agglomération,Autre intersection,Normale,Deux véhicules - côté,,,,,,,,,,,5,2,9,1.0,3.0
201700031880,0017-01-20 19:10:00,17,1,20,19,10,590,512,"0000, INGRES (RUE)",,,Crépuscule ou aube,En agglomération,Intersection en X,Normale,Deux véhicules - côté,,,,,,,,,,,2,2,2,1.0,3.0
201700031881,0017-01-24 12:30:00,17,1,24,12,30,590,512,GUESDE (RUE JULES),,,Plein jour,En agglomération,Intersection en X,Normale,Deux véhicules - côté,,,,,,,,,,,1,2,2,1.0,3.0
201700031882,0017-01-29 15:10:00,17,1,29,15,10,590,163,"22, MULHOUSE (RUE DE)",,,Plein jour,En agglomération,Intersection en T,Normale,Deux véhicules - frontale,,,,,,,,,,,1,2,3,1.0,1.0
201700031883,0017-01-30 08:35:00,17,1,30,8,35,590,512,AVOCAT (RUE DE L'),,,Plein jour,En agglomération,Hors intersection,Pluie légère,Autre collision,,,,,,,,,,,1,2,1,2.0,6.0
201700031884,0017-01-31 07:50:00,17,1,31,7,50,590,650,"71, PATRIOTES (RUE DES)",,,Crépuscule ou aube,En agglomération,Hors intersection,Normale,Autre collision,,,,,,,,,,,2,2,1,1.0,6.0
201700031885,0017-01-31 14:30:00,17,1,31,14,30,590,512,PERCHE (RUE DE LA),,,Plein jour,En agglomération,Intersection en X,Normale,Deux véhicules - côté,,,,,,,,,,,1,2,2,1.0,3.0
201700031886,0017-02-07 16:00:00,17,2,7,16,0,590,339,FLANDRES (RESIDENCE),,,Plein jour,En agglomération,Intersection en T,Pluie légère,Deux véhicules - côté,,,,,,,,,,,1,2,3,2.0,3.0
201700031887,0017-02-17 17:15:00,17,2,17,17,15,590,299,ECOLES (RUE DES),,,Plein jour,En agglomération,Intersection en X,Normale,Deux véhicules - côté,,,,,,,,,,,1,2,2,1.0,3.0
201700031888,0017-07-19 17:50:00,17,7,19,17,50,590,339,PECHEURS (ALLEE DES),50.68945,3.2353,Plein jour,Hors agglomération,Hors intersection,Normale,Sans collision,,,,,,,,,,,1,1,1,1.0,7.0
201700031889,0017-02-21 09:30:00,17,2,21,9,30,590,512,", BLANCHEMAILLE (RUE DE)",,,Plein jour,En agglomération,Intersection en X,Pluie forte,Deux véhicules - côté,,,,,,,,,,,1,2,2,3.0,3.0
201700031890,0017-02-23 03:50:00,17,2,23,3,50,590,512,JAURES (AVENUE JEAN),,,Nuit avec éclairage allumé,En agglomération,Hors intersection,Pluie légère,Autre collision,,,,,,,,,,,5,2,1,2.0,6.0
201700031891,0017-02-28 21:50:00,17,2,28,21,50,590,512,BELL (RUE),,,Nuit avec éclairage allumé,En agglomération,Hors intersection,Pluie légère,Autre collision,,,,,,,,,,,5,2,1,2.0,6.0
201700031892,0017-03-04 16:45:00,17,3,4,16,45,590,650,"0000000000, UNION (RUE D",50.71,3.18,Plein jour,En agglomération,Intersection en T,Pluie légère,Autre collision,,,,,,,,,,,1,2,3,2.0,6.0
201700031893,0017-03-08 08:30:00,17,3,8,8,30,590,512,", LACORDAIRE",50.67884,3.17195,Plein jour,En agglomération,Giratoire,Normale,Autre collision,,,,,,,,,,,1,2,6,1.0,6.0
201700031894,0017-03-11 13:30:00,17,3,11,13,30,590,512,GRANDE RUE,50.6939,3.1877,Plein jour,En agglomération,Intersection en X,Normale,Autre collision,,,,,,,,,,,1,2,2,1.0,6.0
201700031895,0017-03-15 11:00:00,17,3,15,11,0,590,512,"24, SAINT ANTOINE (RUE)",50.69583,3.18113,Plein jour,En agglomération,Hors intersection,Normale,Autre collision,,,,,,,,,,,1,2,1,1.0,6.0
201700031896,0017-03-15 12:35:00,17,3,15,12,35,590,650,COUTEAUX (BOULEVARD DES),50.7067,3.17977,Plein jour,En agglomération,Giratoire,Normale,Autre collision,,,,,,,,,,,1,2,6,1.0,6.0
201700031897,0017-03-11 07:40:00,17,3,11,7,40,590,512,COUTEAUX  (PONT DES),50.7064,3.18009,Crépuscule ou aube,En agglomération,Giratoire,Normale,Autre collision,,,,,,,,,,,2,2,6,1.0,6.0
201700031898,0017-03-16 15:30:00,17,3,16,15,30,590,512,"66, ALGER  (RUE D')",50.69682,3.1952,Plein jour,En agglomération,Hors intersection,Normale,Autre collision,,,,,,,,,,,1,2,1,1.0,6.0
201700031899,0017-03-19 17:35:00,17,3,19,17,35,590,512,"48, DAUBENTON (RUE)",,,Plein jour,En agglomération,Hors intersection,Normale,Autre collision,,,,,,,,,,,1,2,1,1.0,6.0
201700031900,0017-03-16 08:40:00,17,3,16,8,40,590,512,PIERRE DE ROUBAIX (RUE),50.69007,3.18715,Plein jour,En agglomération,Intersection en X,Normale,Autre collision,,,,,,,,,,,1,2,2,1.0,6.0
201700031901,0017-03-23 17:00:00,17,3,23,17,0,590,650,BLUM (RUE LEON),50.70459,3.23436,Plein jour,En agglomération,Hors intersection,Normale,Autre collision,,,,,,,,,,,1,2,1,1.0,6.0
201700031902,0017-03-24 16:20:00,17,3,24,16,20,590,512,ROLLIN (RUE),50.70406,3.17486,Plein jour,En agglomération,Intersection en T,Normale,Autre collision,,,,,,,,,,,1,2,3,1.0,6.0
201700031903,0017-03-26 17:10:00,17,3,26,17,10,590,512,DE GAULLE  (BOULEVARD DU,50.68662,3.17363,Plein jour,En agglomération,Intersection en T,Normale,Deux véhicules - côté,,,,,,,,,,,1,2,3,1.0,3.0
201700031904,0017-03-27 17:10:00,17,3,27,17,10,590,512,NAIN (RUE),50.69325,3.1711,Plein jour,En agglomération,Intersection en X,Temps éblouissant,Autre collision,,,,,,,,,,,1,2,2,7.0,6.0
201700031905,0017-03-17 17:50:00,17,3,17,17,50,590,512,BEAUREPAIRE (BOULEVARD),50.691,3.19441,Plein jour,En agglomération,Intersection en T,Normale,Autre collision,,,,,,,,,,,1,2,3,1.0,6.0
201700031906,0017-03-13 18:30:00,17,3,13,18,30,590,512,"47, DENAIN (RUE DE)",50.7064,3.18009,Plein jour,En agglomération,Hors intersection,Normale,Autre collision,,,,,,,,,,,1,2,1,1.0,6.0
201700031907,0017-04-04 14:30:00,17,4,4,14,30,590,367,VERT PRE (RUE DU,50.67324,3.20907,Plein jour,En agglomération,Intersection en T,Normale,Deux véhicules - côté,,,,,,,,,,,1,2,3,1.0,3.0
201700031908,0017-04-07 22:10:00,17,4,7,22,10,590,512,SEBASTOPOL (RUE DE),50.68973,3.16894,Plein jour,En agglomération,Hors intersection,Normale,Deux véhicules - côté,,,,,,,,,,,1,2,1,1.0,3.0
201700031909,0017-04-08 04:15:00,17,4,8,4,15,590,512,"000000, FOSSE AUX CHENES",50.69935,3.17431,Nuit avec éclairage allumé,En agglomération,Hors intersection,Normale,Autre collision,,,,,,,,,,,5,2,1,1.0,6.0
201700031910,0017-04-14 23:00:00,17,4,14,23,0,590,512,MAUFAIT (RUE DE,50.68,3.19922,Nuit avec éclairage allumé,En agglomération,Intersection en X,Normale,Deux véhicules - frontale,,,,,,,,,,,5,2,2,1.0,1.0
201700031911,0017-04-14 13:45:00,17,4,14,13,45,590,512,CATRICE (RUE LOUIS),,,Plein jour,En agglomération,Intersection en X,Normale,Autre collision,,,,,,,,,,,1,2,2,1.0,6.0
201700031912,0017-04-16 06:00:00,17,4,16,6,0,590,512,AUBERT (RUE DU CAPITAINE,50.69878,3.15773,Nuit avec éclairage allumé,En agglomération,Intersection en T,Normale,Autre collision,,,,,,,,,,,5,2,3,1.0,6.0
201700031913,0017-04-16 17:50:00,17,4,16,17,50,590,512,GUESDE (RUE JULES),,,Plein jour,En agglomération,Intersection en X,Normale,Trois véhicules et plus - collisions multiples,,,,,,,,,,,1,2,2,1.0,5.0
201700031914,0017-04-19 09:15:00,17,4,19,9,15,590,512,"175, FOURMIES (BOULEVARD",50.67375,3.18556,Plein jour,Hors agglomération,Intersection en Y,Temps éblouissant,Autre collision,,,,,,,,,,,1,1,4,7.0,6.0
201700031915,0017-04-19 18:30:00,17,4,19,18,30,590,512,"00000, NATIONS UNIES (AV",50.69373,3.17437,Plein jour,En agglomération,Passage à niveau,Normale,Autre collision,,,,,,,,,,,1,2,8,1.0,6.0
201700031916,0017-04-19 20:30:00,17,4,19,20,30,590,650,"00000, ARTS (RUE DES)",50.69671,3.20748,Plein jour,En agglomération,Intersection en X,Normale,Deux véhicules - côté,,,,,,,,,,,1,2,2,1.0,3.0
201700031917,0017-04-21 07:50:00,17,4,21,7,50,590,512,"12, HEM (RUE D')",50.6819,3.17705,Plein jour,En agglomération,Hors intersection,Normale,Autre collision,,,,,,,,,,,1,2,1,1.0,6.0
201700031918,0017-04-21 21:20:00,17,4,21,21,20,590,512,"1, YPRES (RUE D')",50.68397,3.20373,Nuit avec éclairage allumé,En agglomération,Hors intersection,Normale,Autre collision,,,,,,,,,,,5,2,1,1.0,6.0
201700031919,0017-04-25 08:50:00,17,4,25,8,50,590,650,"17, RACINE (RUE)",50.70273,3.1622,Plein jour,En agglomération,Hors intersection,Normale,Autre collision,,,,,,,,,,,1,2,1,1.0,6.0
201700031920,0017-04-25 10:10:00,17,4,25,10,10,590,512,"290, NATIONS UNIES (AVEN",,,Plein jour,En agglomération,Intersection en T,Normale,Autre collision,,,,,,,,,,,1,2,3,1.0,6.0
201700031921,0017-04-29 17:04:00,17,4,29,17,4,590,512,"12, COQ FRANCAIS (RUE DU",50.68515,3.18203,Plein jour,En agglomération,Hors intersection,Normale,Autre collision,,,,,,,,,,,1,2,1,1.0,6.0
201700031922,0017-05-04 16:50:00,17,5,4,16,50,590,650,"108, STALINGRAD (RUE DE)",50.6977,3.2109,Plein jour,En agglomération,Intersection en T,Normale,Autre collision,,,,,,,,,,,1,2,3,1.0,6.0
201700031923,0017-05-11 08:15:00,17,5,11,8,15,590,512,ALMA  (RUE DE L)',50.69783,3.16682,Plein jour,En agglomération,Intersection en X,Normale,Autre collision,,,,,,,,,,,1,2,2,1.0,6.0
201700031924,0017-05-12 18:15:00,17,5,12,18,15,590,512,"0000000000, ARMENTIERES",50.6999,1.60729,Plein jour,En agglomération,Hors intersection,Normale,Autre collision,,,,,,,,,,,1,2,1,1.0,6.0
201700031925,0017-05-14 20:25:00,17,5,14,20,25,590,163,DELESCLUSE (RUE JEAN BAP,50.68449,3.15049,Plein jour,En agglomération,Hors intersection,Normale,Autre collision,,,,,,,,,,,1,2,1,1.0,6.0
201700031926,0017-05-15 17:35:00,17,5,15,17,35,590,650,"00000, EGALITE (BOULEVAR",50.70986,3.19308,Plein jour,En agglomération,Hors intersection,Normale,Deux véhicules - côté,,,,,,,,,,,1,2,1,1.0,3.0
201700031927,0017-05-16 12:18:00,17,5,16,12,18,590,512,"261, NATIONS UNIES (AVEN",50.694,3.176,Plein jour,En agglomération,Intersection en T,Normale,Autre collision,,,,,,,,,,,1,2,3,1.0,6.0
201700031928,0017-05-16 18:10:00,17,5,16,18,10,590,512,"4, FOSSE AUX CHENES  (AV",50.69539,3.1734,Plein jour,En agglomération,Hors intersection,Normale,Deux véhicules - côté,,,,,,,,,,,1,2,1,1.0,3.0
201700031929,0017-05-20 04:00:00,17,5,20,4,0,590,512,LECONTE BAILLON (RUE),50.67777,3.19602,Nuit avec éclairage allumé,En agglomération,Hors intersection,Normale,Autre collision,,,,,,,,,,,5,2,1,1.0,6.0
201700031930,0017-05-21 11:00:00,17,5,21,11,0,590,512,DELORY  (AVENUE GUSTAVE),50.67314,3.17777,Plein jour,En agglomération,Intersection en X,Normale,Deux véhicules - côté,,,,,,,,,,,1,2,2,1.0,3.0
201700031931,0017-05-22 15:25:00,17,5,22,15,25,590,512,"00000, HEM (RUE D')",50.68106,3.17942,Plein jour,En agglomération,Intersection en T,Normale,Autre collision,,,,,,,,,,,1,2,3,1.0,6.0