accident_id,datetime,annee,mois,jour,heure,minute,departement,commune_insee,adresse,latitude,longitude,luminosite,agglomeration,intersection,meteo,collision,nb_vehicules,nb_usagers,nb_indemnes,nb_tues,nb_blesses_hosp,nb_blesses_legers,age_cond_1,age_cond_2,veh_type_cond_1,veh_type_cond_2,lum_code,agg_code,int_code,atm_code,col_code
201700032171,0017-11-27 07:45:00,17,11,27,7,45,590,606,"1, DAMPIERRE (PLACE)",50.35688,3.50487,Nuit avec éclairage allumé,En agglomération,Hors intersection,Pluie légère,Autre collision,,,,,,,,,,,5,2,1,2.0,6.0
201700032172,0017-11-28 09:30:00,17,11,28,9,30,590,606,"00, AMSTERDAM (AVENUE D'",50.35784,3.5262,Plein jour,En agglomération,Hors intersection,Normale,Autre collision,,,,,,,,,,,1,2,1,1.0,6.0
201700032173,0017-09-23 07:30:00,17,9,23,7,30,590,479,"154 bis, JAURES (AVENUE",50.39424,3.63163,Nuit avec éclairage allumé,En agglomération,Hors intersection,Brouillard / fumée,Autre collision,,,,,,,,,,,5,2,1,5.0,6.0
201700032174,0017-11-01 21:20:00,17,11,1,21,20,590,491,"168, JAURES (RUE JEAN)",50.39453,3.46933,Nuit avec éclairage allumé,En agglomération,Hors intersection,Normale,Autre collision,,,,,,,,,,,5,2,1,1.0,6.0
201700032175,0017-09-23 15:00:00,17,9,23,15,0,590,606,"86, CLEMENCEAU (AVENUE G",50.36111,3.52006,Plein jour,En agglomération,Hors intersection,Normale,Autre collision,,,,,,,,,,,1,2,1,1.0,6.0
201700032176,0017-09-10 01:30:00,17,9,10,1,30,590,491,"0, DURRE (RUE HENRI)",50.37775,3.49679,Nuit avec éclairage allumé,En agglomération,Intersection en T,Normale,Deux véhicules - arrière,,,,,,,,,,,5,2,3,1.0,2.0
201700032177,0017-11-29 15:50:00,17,11,29,15,50,590,383,"80, SAINT SAULVE (RUE DE",50.35548,3.53769,Plein jour,En agglomération,Intersection en X,Normale,Deux véhicules - côté,,,,,,,,,,,1,2,2,1.0,3.0
201700032178,0017-09-28 16:25:00,17,9,28,16,25,590,32,"124, LIBERATION (AVENUE",50.33492,3.52411,Plein jour,En agglomération,Hors intersection,Normale,Autre collision,,,,,,,,,,,1,2,1,1.0,6.0
201700032179,0017-10-16 18:30:00,17,10,16,18,30,590,112,"0, EUROPE (RUE DE L')",50.39181,3.53958,Crépuscule ou aube,En agglomération,Intersection en T,Normale,Autre collision,,,,,,,,,,,2,2,3,1.0,6.0
201700032180,0017-12-02 19:50:00,17,12,2,19,50,590,32,"189, LIBERATION (AVENUE",50.33654,3.52419,Nuit avec éclairage allumé,En agglomération,Hors intersection,Brouillard / fumée,Autre collision,,,,,,,,,,,5,2,1,5.0,6.0
201700032181,0017-10-18 07:15:00,17,10,18,7,15,590,491,"0, DURRE (RUE HENRI)",50.38124,3.49357,Nuit avec éclairage allumé,En agglomération,Intersection en Y,Normale,Autre collision,,,,,,,,,,,5,2,4,1.0,6.0
201700032182,0017-09-26 18:30:00,17,9,26,18,30,590,112,"78, ZOLA (RUE EMILE)",50.39861,3.53215,Crépuscule ou aube,En agglomération,Hors intersection,Normale,Deux véhicules - arrière,,,,,,,,,,,2,2,1,1.0,2.0
201700032183,0017-11-18 15:30:00,17,11,18,15,30,590,564,"2514, JAURES (AVENUE JEA",50.33846,3.4636,Plein jour,En agglomération,Giratoire,Normale,Autre collision,,,,,,,,,,,1,2,6,1.0,6.0
201700032184,0017-11-19 18:00:00,17,11,19,18,0,590,606,"0, VILLARS (AVENUE)",50.35926,3.51294,Nuit avec éclairage allumé,En agglomération,Giratoire,Normale,Trois véhicules et plus - collisions multiples,,,,,,,,,,,5,2,6,1.0,5.0
201700032185,0017-11-16 10:50:00,17,11,16,10,50,590,606,REPUBLIQUE (PLACE DE LA),50.36305,3.52083,Plein jour,En agglomération,Hors intersection,Normale,Autre collision,,,,,,,,,,,1,2,1,1.0,6.0
201700032186,0017-11-24 14:40:00,17,11,24,14,40,590,606,"0, ORMES (AVENUE DES)",50.3468,3.52415,Plein jour,En agglomération,Hors intersection,Normale,Autre collision,,,,,,,,,,,1,2,1,1.0,6.0
201700032187,0017-12-04 17:30:00,17,12,4,17,30,590,606,"00, CARPEAUX (BOULEVARD)",50.35396,3.52921,Crépuscule ou aube,En agglomération,Giratoire,Normale,Autre collision,,,,,,,,,,,2,2,6,1.0,6.0
201700032188,0017-12-11 08:30:00,17,12,11,8,30,590,14,"00, SPORTS (AVENUE DES)",50.36948,3.49764,Crépuscule ou aube,En agglomération,Hors intersection,Normale,Autre collision,,,,,,,,,,,2,2,1,1.0,6.0
201700032189,0017-12-11 08:15:00,17,12,11,8,15,590,606,"00, LOMPREZ (RUE)",50.35656,3.50468,Crépuscule ou aube,En agglomération,Giratoire,Normale,Autre collision,,,,,,,,,,,2,2,6,1.0,6.0
201700032190,0017-12-05 11:00:00,17,12,5,11,0,590,606,"00, CARPEAUX (PLACE)",50.36011,3.51701,Plein jour,En agglomération,Giratoire,Normale,Autre collision,,,,,,,,,,,1,2,6,1.0,6.0
201700032191,0017-12-08 22:30:00,17,12,8,22,30,590,606,POMPIDOU (AVENUE GEORGES,50.33904,3.51364,Nuit avec éclairage allumé,En agglomération,Giratoire,Normale,Deux véhicules - frontale,,,,,,,,,,,5,2,6,1.0,1.0
201700032192,0017-01-02 18:00:00,17,1,2,18,0,680,112,rue du vieil armand,,,Nuit avec éclairage allumé,En agglomération,Hors intersection,Neige / grêle,Deux véhicules - côté,,,,,,,,,,,5,2,1,4.0,3.0
201700032193,0017-01-28 14:55:00,17,1,28,14,55,680,112,204 Rue de la République,47.91556,7.20327,Plein jour,En agglomération,Intersection en T,Normale,Deux véhicules - frontale,,,,,,,,,,,1,2,3,1.0,1.0
201700032194,0017-02-09 18:03:00,17,2,9,18,3,680,112,81 rue Théodore Deck,47.91592,7.20225,Nuit avec éclairage allumé,En agglomération,Hors intersection,Normale,Deux véhicules - côté,,,,,,,,,,,5,2,1,1.0,3.0
201700032195,0017-03-02 08:10:00,17,3,2,8,10,680,58,D 430 PK 32 + 580,47.92608,7.19456,Plein jour,Hors agglomération,Hors intersection,Normale,Deux véhicules - frontale,,,,,,,,,,,1,1,1,1.0,1.0
201700032196,0017-03-17 11:45:00,17,3,17,11,45,680,112,20 rue du général de gau,47.91069,7.21269,Plein jour,En agglomération,Hors intersection,Normale,Deux véhicules - arrière,,,,,,,,,,,1,2,1,1.0,2.0
201700032197,0017-04-20 17:45:00,17,4,20,17,45,680,58,111 rue du florival,47.92949,7.18452,Plein jour,En agglomération,Hors intersection,Normale,Deux véhicules - côté,,,,,,,,,,,1,2,1,1.0,3.0
201700032198,0017-06-20 12:45:00,17,6,20,12,45,680,30,rue Principale,47.93077,7.23319,Plein jour,En agglomération,Intersection en X,Normale,Deux véhicules - côté,,,,,,,,,,,1,2,2,1.0,3.0
201700032199,0017-07-22 16:45:00,17,7,22,16,45,680,112,avenue du Général de gau,47.91428,7.20904,Plein jour,En agglomération,Intersection en X,Normale,Deux véhicules - frontale,,,,,,,,,,,1,2,2,1.0,1.0
201700032200,0017-07-20 21:25:00,17,7,20,21,25,680,276,06 rue rimbach,47.89965,7.17974,Crépuscule ou aube,En agglomération,Hors intersection,Normale,Autre collision,,,,,,,,,,,2,2,1,1.0,6.0
201700032201,0017-08-20 12:00:00,17,8,20,12,0,680,178,CHEMIN SCHUTZLE,47.93631,7.12466,Plein jour,Hors agglomération,Hors intersection,Normale,Autre collision,,,,,,,,,,,1,1,1,1.0,6.0
201700032202,0017-11-12 18:20:00,17,11,12,18,20,680,112,11 RUE DU GÉNÉRAL DE GAU,47.90934,7.21471,Nuit avec éclairage allumé,En agglomération,Hors intersection,Pluie légère,Autre collision,,,,,,,,,,,5,2,1,2.0,6.0
201700032203,0017-01-05 15:45:00,17,1,5,15,45,680,32,RD 83,47.83451,7.22345,Plein jour,Hors agglomération,Hors intersection,Normale,Deux véhicules - côté,,,,,,,,,,,1,1,1,1.0,3.0
201700032204,0017-01-14 20:50:00,17,1,14,20,50,680,156,D3B- rue du Markstein,47.90582,7.23936,Nuit sans éclairage public,Hors agglomération,Hors intersection,Normale,Sans collision,,,,,,,,,,,3,1,1,1.0,7.0
201700032205,0017-01-17 16:30:00,17,1,17,16,30,680,203,"02, rue de guebwiller",47.9111,7.29282,Plein jour,En agglomération,Hors intersection,Normale,Autre collision,,,,,,,,,,,1,2,1,1.0,6.0
201700032206,0017-01-23 14:49:00,17,1,23,14,49,680,43,Route nationale 83,47.85811,7.24312,Plein jour,Hors agglomération,Hors intersection,Normale,Sans collision,,,,,,,,,,,1,1,1,1.0,7.0
201700032207,0017-01-31 08:00:00,17,1,31,8,0,680,156,D 430 PK 37.500,47.89663,7.23791,Plein jour,Hors agglomération,Hors intersection,Pluie légère,Trois véhicules et plus - en chaîne,,,,,,,,,,,1,1,1,2.0,4.0
201700032208,0017-03-03 22:10:00,17,3,3,22,10,680,260,D430,47.88088,7.26981,Nuit sans éclairage public,Hors agglomération,Hors intersection,Normale,Deux véhicules - côté,,,,,,,,,,,3,1,1,1.0,3.0
201700032209,0017-03-14 08:20:00,17,3,14,8,20,680,343,RD430 - PK43 - sens MULH,47.8638,7.28725,Plein jour,Hors agglomération,Hors intersection,Normale,Sans collision,,,,,,,,,,,1,1,1,1.0,7.0
201700032210,0017-03-15 16:45:00,17,3,15,16,45,680,315,20 route de  guebwiller,47.89715,7.2223,Plein jour,En agglomération,Intersection en T,Temps éblouissant,Deux véhicules - côté,,,,,,,,,,,1,2,3,7.0,3.0
201700032211,0017-03-31 16:30:00,17,3,31,16,30,680,156,5 Rue Henri Seiller,47.89161,7.24757,Plein jour,En agglomération,Hors intersection,Normale,Deux véhicules - frontale,,,,,,,,,,,1,2,1,1.0,1.0
201700032212,0017-04-16 15:00:00,17,4,16,15,0,680,43,"26, rue de staffelfelden",47.85724,7.26098,Plein jour,En agglomération,Intersection en T,Normale,Deux véhicules - côté,,,,,,,,,,,1,2,3,1.0,3.0
201700032213,0017-04-17 10:50:00,17,4,17,10,50,680,315,D431,47.87945,7.12815,Plein jour,Hors agglomération,Hors intersection,Normale,Sans collision,,,,,,,,,,,1,1,1,1.0,7.0
201700032214,0017-05-03 17:25:00,17,5,3,17,25,680,156,02 Rue silbermann,47.90663,7.25271,Plein jour,En agglomération,Hors intersection,Normale,Sans collision,,,,,,,,,,,1,2,1,1.0,7.0
201700032215,0017-05-15 08:05:00,17,5,15,8,5,680,315,Carrefour D4B et RD429,47.88309,7.23242,Plein jour,En agglomération,Intersection en Y,Normale,Deux véhicules - côté,,,,,,,,,,,1,2,4,1.0,3.0
201700032216,0017-05-16 21:00:00,17,5,16,21,0,680,315,D431 - Route des crêtes,47.85972,7.14396,Nuit sans éclairage public,Hors agglomération,Hors intersection,Normale,Autre collision,,,,,,,,,,,3,1,1,1.0,6.0
201700032217,0017-05-26 14:30:00,17,5,26,14,30,680,203,RD 15,47.90241,7.28594,Plein jour,Hors agglomération,Hors intersection,Normale,Sans collision,,,,,,,,,,,1,1,1,1.0,7.0
201700032218,0017-07-07 10:00:00,17,7,7,10,0,680,343,D430,47.8608,7.2861,Plein jour,Hors agglomération,Hors intersection,Normale,Sans collision,,,,,,,,,,,1,1,1,1.0,7.0
201700032219,0017-07-07 16:00:00,17,7,7,16,0,680,315,40 route de guebwiller,47.89549,7.22373,Plein jour,En agglomération,Hors intersection,Normale,Deux véhicules - arrière,,,,,,,,,,,1,2,1,1.0,2.0
201700032220,0017-06-22 18:00:00,17,6,22,18,0,680,122,RD83,47.85614,7.24211,Plein jour,Hors agglomération,Hors intersection,Normale,Sans collision,,,,,,,,,,,1,1,1,1.0,7.0
201700032221,0017-07-26 16:35:00,17,7,26,16,35,680,315,Rte départementale 83,47.88743,7.25586,Plein jour,Hors agglomération,Intersection en Y,Normale,Trois véhicules et plus - en chaîne,,,,,,,,,,,1,1,4,1.0,4.0
201700032222,0017-07-30 21:05:00,17,7,30,21,5,680,315,1 rue du maire strobel,47.88299,7.22015,Plein jour,En agglomération,Hors intersection,Normale,Autre collision,,,,,,,,,,,1,2,1,1.0,6.0
201700032223,0017-08-08 16:40:00,17,8,8,16,40,680,315,60 route de guebwiller,47.89314,7.22576,Plein jour,En agglomération,Hors intersection,Normale,Deux véhicules - arrière,,,,,,,,,,,1,2,1,1.0,2.0
201700032224,0017-09-04 04:00:00,17,9,4,4,0,680,343,Departementale 430,47.85891,7.28476,Nuit sans éclairage public,Hors agglomération,Hors intersection,Normale,Sans collision,,,,,,,,,,,3,1,1,1.0,7.0
201700032225,0017-09-07 10:50:00,17,9,7,10,50,680,315,23 route de bollwiller,47.88027,7.23657,Plein jour,En agglomération,Hors intersection,Normale,Deux véhicules - arrière,,,,,,,,,,,1,2,1,1.0,2.0
201700032226,0017-09-10 07:30:00,17,9,10,7,30,680,315,12 RUE SAINT-GEORGES,47.88167,7.23128,Plein jour,En agglomération,Hors intersection,Normale,Autre collision,,,,,,,,,,,1,2,1,1.0,6.0
201700032227,0017-10-11 14:15:00,17,10,11,14,15,680,315,Route départementale 431,47.89119,7.11276,Plein jour,Hors agglomération,Hors intersection,Normale,Sans collision,,,,,,,,,,,1,1,1,1.0,7.0
201700032228,0017-10-14 15:50:00,17,10,14,15,50,680,343,Chemin du Grosswald,47.8519,7.28367,Plein jour,Hors agglomération,Intersection en T,Normale,Deux véhicules - frontale,,,,,,,,,,,1,1,3,1.0,1.0
201700032229,0017-10-27 01:40:00,17,10,27,1,40,680,343,1 Rue de Feldkirch,47.87556,7.30387,Nuit avec éclairage allumé,En agglomération,Intersection en X,Normale,Autre collision,,,,,,,,,,,5,2,2,1.0,6.0
201700032230,0017-11-13 17:30:00,17,11,13,17,30,680,156,Rte départementale 430,47.89602,7.23918,Nuit sans éclairage public,Hors agglomération,Giratoire,Normale,Trois véhicules et plus - en chaîne,,,,,,,,,,,3,1,6,1.0,4.0
201700032231,0017-11-15 16:45:00,17,11,15,16,45,680,315,Rte départementale 4 bis,47.88262,7.25632,Crépuscule ou aube,Hors agglomération,Hors intersection,Temps couvert,Trois véhicules et plus - collisions multiples,,,,,,,,,,,2,1,1,8.0,5.0
201700032232,0017-11-22 15:38:00,17,11,22,15,38,680,159,RUE DE THIERENBACH,47.88405,7.19514,Plein jour,En agglomération,Intersection en X,Normale,Deux véhicules - côté,,,,,,,,,,,1,2,2,1.0,3.0
201700032233,0017-12-13 20:50:00,17,12,13,20,50,680,156,route de MERXHEIM - D3B,47.90771,7.25167,Nuit sans éclairage public,Hors agglomération,Hors intersection,Vent fort / tempête,Autre collision,,,,,,,,,,,3,1,1,6.0,6.0
201700032234,0017-12-16 15:40:00,17,12,16,15,40,680,315,Rte départementale 83,47.88918,7.25569,Plein jour,Hors agglomération,Intersection en Y,Normale,Sans collision,,,,,,,,,,,1,1,4,1.0,7.0
201700032235,0017-05-17 14:25:00,17,5,17,14,25,430,183,CARREF DE LACHAUX,45.1379,3.63191,Plein jour,Hors agglomération,Intersection en X,Normale,Deux véhicules - côté,,,,,,,,,,,1,1,2,1.0,3.0
201700032236,0017-05-20 14:40:00,17,5,20,14,40,430,148,RUE DU COLLEGE,45.212,3.51568,Plein jour,Hors agglomération,Intersection en T,Normale,Deux véhicules - côté,,,,,,,,,,,1,1,3,1.0,3.0
201700032237,0017-05-29 18:00:00,17,5,29,18,0,430,55,LIEU-DIT PRESSAT,,,Plein jour,Hors agglomération,Hors intersection,Normale,Autre collision,,,,,,,,,,,1,1,1,1.0,6.0
201700032238,0017-06-18 18:30:00,17,6,18,18,30,430,147,PN 75,45.3053,3.35968,Plein jour,Hors agglomération,Passage à niveau,Normale,Deux véhicules - côté,,,,,,,,,,,1,1,8,1.0,3.0
201700032239,0017-06-29 16:28:00,17,6,29,16,28,430,74,CHEMIN DE VENDAGE,,,Plein jour,Hors agglomération,Hors intersection,Normale,Autre collision,,,,,,,,,,,1,1,1,1.0,6.0
201700032240,0017-07-16 21:00:00,17,7,16,21,0,430,117,,45.2498,3.4349,Plein jour,Hors agglomération,Intersection en T,Temps éblouissant,Deux véhicules - côté,,,,,,,,,,,1,1,3,7.0,3.0
201700032241,0017-08-08 11:30:00,17,8,8,11,30,430,232,LE MARCET,45.2101,3.49452,Plein jour,Hors agglomération,Hors intersection,Normale,Trois véhicules et plus - collisions multiples,,,,,,,,,,,1,1,1,1.0,5.0
201700032242,0017-09-02 16:50:00,17,9,2,16,50,430,188,,45.1393,3.58838,Plein jour,Hors agglomération,Hors intersection,Normale,Deux véhicules - frontale,,,,,,,,,,,1,1,1,1.0,1.0
201700032243,0017-03-04 15:10:00,17,3,4,15,10,430,80,PLACE CHARLES DE GAULLE,,,Plein jour,En agglomération,Intersection en T,Pluie légère,Deux véhicules - côté,,,,,,,,,,,1,2,3,2.0,3.0
201700032244,0017-04-07 09:30:00,17,4,7,9,30,430,43,LA GARE DE CEAUX,45.1727,3.7369,Plein jour,Hors agglomération,Hors intersection,Normale,Trois véhicules et plus - collisions multiples,,,,,,,,,,,1,1,1,1.0,5.0
201700032245,0017-05-01 11:05:00,17,5,1,11,5,430,254,,45.1294,3.69096,Plein jour,Hors agglomération,Intersection en T,Temps couvert,Autre collision,,,,,,,,,,,1,1,3,8.0,6.0
201700032246,0017-06-01 06:15:00,17,6,1,6,15,430,71,,45.2773,3.83332,Crépuscule ou aube,Hors agglomération,Hors intersection,Normale,Autre collision,,,,,,,,,,,2,1,1,1.0,6.0
201700032247,0017-11-04 17:45:00,17,11,4,17,45,430,80,AV DE LA GARE,45.3329,3.84906,Nuit avec éclairage allumé,En agglomération,Hors intersection,Pluie forte,Autre collision,,,,,,,,,,,5,2,1,3.0,6.0
201700032248,0017-01-06 22:25:00,17,1,6,22,25,410,194,rue ovide  scribe,47.36383,1.74529,Nuit avec éclairage allumé,En agglomération,Hors intersection,Normale,Autre collision,,,,,,,,,,,5,2,1,1.0,6.0
201700032249,0017-01-18 07:50:00,17,1,18,7,50,410,194,Rue Jules Guesde,47.35101,1.74795,Nuit avec éclairage allumé,En agglomération,Hors intersection,Normale,Autre collision,,,,,,,,,,,5,2,1,1.0,6.0
201700032250,0017-01-21 15:37:00,17,1,21,15,37,410,194,ZAC DE LA GRANGE 2 - 1 R,47.37268,1.71611,Plein jour,Hors agglomération,Hors intersection,Temps éblouissant,Autre collision,,,,,,,,,,,1,1,1,7.0,6.0
201700032251,0017-02-11 19:00:00,17,2,11,19,0,410,194,avenue de VILLEFRANCHE,47.3459,1.7481,Nuit avec éclairage allumé,En agglomération,Hors intersection,Normale,Autre collision,,,,,,,,,,,5,2,1,1.0,6.0
201700032252,0017-04-24 00:35:00,17,4,24,0,35,410,185,D 765,47.37034,1.70554,Nuit sans éclairage public,Hors agglomération,Hors intersection,Normale,Autre collision,,,,,,,,,,,3,1,1,1.0,6.0
201700032253,0017-05-27 19:20:00,17,5,27,19,20,410,140,"D922, lieu dit les lardi",47.45346,1.7798,Plein jour,Hors agglomération,Hors intersection,Normale,Autre collision,,,,,,,,,,,1,1,1,1.0,6.0
201700032254,0017-06-17 10:40:00,17,6,17,10,40,410,194,avenue de villefranche,47.34209,1.74907,Plein jour,En agglomération,Giratoire,Normale,Deux véhicules - côté,,,,,,,,,,,1,2,6,1.0,3.0
201700032255,0017-06-29 00:45:00,17,6,29,0,45,410,271,Mariaville,47.47208,1.69657,Nuit sans éclairage public,Hors agglomération,Hors intersection,Pluie légère,Autre collision,,,,,,,,,,,3,1,1,2.0,6.0
201700032256,0017-07-21 07:15:00,17,7,21,7,15,410,157,,47.42553,1.59873,Plein jour,Hors agglomération,Hors intersection,Normale,Trois véhicules et plus - collisions multiples,,,,,,,,,,,1,1,1,1.0,5.0
201700032257,0017-08-21 04:35:00,17,8,21,4,35,410,157,RD 122 PK 11+850,47.41751,1.60842,Nuit sans éclairage public,Hors agglomération,Hors intersection,Normale,Autre collision,,,,,,,,,,,3,1,1,1.0,6.0
201700032258,0017-09-07 14:45:00,17,9,7,14,45,410,194,maréchal delattre de tas,47.361,1.47455,Plein jour,En agglomération,Hors intersection,Normale,Autre collision,,,,,,,,,,,1,2,1,1.0,6.0
201700032259,0017-09-26 16:00:00,17,9,26,16,0,410,68,D63,47.48499,1.64595,Plein jour,Hors agglomération,Hors intersection,Normale,Deux véhicules - frontale,,,,,,,,,,,1,1,1,1.0,1.0
201700032260,0017-09-29 14:30:00,17,9,29,14,30,410,194,Rue du Lys,47.36218,1.74518,Plein jour,En agglomération,Hors intersection,Normale,Autre collision,,,,,,,,,,,1,2,1,1.0,6.0
201700032261,0017-10-02 18:40:00,17,10,2,18,40,410,194,rue des capucins,47.35846,1.73958,Plein jour,En agglomération,Hors intersection,Pluie légère,Deux véhicules - frontale,,,,,,,,,,,1,2,1,2.0,1.0
201700032262,0017-10-05 09:15:00,17,10,5,9,15,410,157,La mancheterie D122,47.41432,1.5764,Plein jour,Hors agglomération,Hors intersection,Normale,Deux véhicules - côté,,,,,,,,,,,1,1,1,1.0,3.0
201700032263,0017-10-31 16:45:00,17,10,31,16,45,410,194,parking de la pyramide,47.36734,1.73768,Plein jour,En agglomération,Hors intersection,Normale,Autre collision,,,,,,,,,,,1,2,1,1.0,6.0
201700032264,0017-01-10 16:00:00,17,1,10,16,0,410,150,1163 Rte des Ponts d' Ar,47.55723,1.4766,Plein jour,En agglomération,Hors intersection,Normale,Sans collision,,,,,,,,,,,1,2,1,1.0,7.0
201700032265,0017-02-04 15:50:00,17,2,4,15,50,410,204,route de Blois,47.60775,1.42391,Plein jour,Hors agglomération,Hors intersection,Normale,Autre collision,,,,,,,,,,,1,1,1,1.0,6.0
201700032266,0017-03-04 12:45:00,17,3,4,12,45,410,31,16 route de Seur,47.5193,1.36353,Plein jour,Hors agglomération,Hors intersection,Normale,Autre collision,,,,,,,,,,,1,1,1,1.0,6.0
201700032267,0017-03-11 05:55:00,17,3,11,5,55,410,150,D923 - Pk 3+600,47.56214,1.42021,Nuit sans éclairage public,Hors agglomération,Hors intersection,Brouillard / fumée,Sans collision,,,,,,,,,,,3,1,1,5.0,7.0
201700032268,0017-06-28 08:10:00,17,6,28,8,10,410,160,Départementale 923,47.55933,1.59917,Plein jour,Hors agglomération,Hors intersection,Pluie forte,Deux véhicules - frontale,,,,,,,,,,,1,1,1,3.0,1.0
201700032269,0017-07-09 02:00:00,17,7,9,2,0,410,147,route de la haye,47.49906,1.29981,Nuit avec éclairage non allumé,En agglomération,Hors intersection,Normale,Autre collision,,,,,,,,,,,4,2,1,1.0,6.0
201700032270,0017-07-21 09:10:00,17,7,21,9,10,410,67,RD765,47.51441,1.454,Plein jour,En agglomération,Intersection en X,Temps éblouissant,Deux véhicules - côté,,,,,,,,,,,1,2,2,7.0,3.0
201700032271,0017-08-20 10:20:00,17,8,20,10,20,410,32,Route de Montrichard - D,47.5245,1.3024,Plein jour,En agglomération,Hors intersection,Normale,Deux véhicules - frontale,,,,,,,,,,,1,2,1,1.0,1.0
201700032272,0017-09-06 06:55:00,17,9,6,6,55,410,67,Les fées,47.52203,1.43438,Crépuscule ou aube,Hors agglomération,Hors intersection,Normale,Deux véhicules - frontale,,,,,,,,,,,2,1,1,1.0,1.0
201700032273,0017-09-07 19:15:00,17,9,7,19,15,410,147,chemin du clos conon,47.51217,1.33396,Crépuscule ou aube,En agglomération,Hors intersection,Normale,Deux véhicules - côté,,,,,,,,,,,2,2,1,1.0,3.0
201700032274,0017-09-09 17:35:00,17,9,9,17,35,410,67,Carrefour formé par D765,47.49394,1.48071,Plein jour,Hors agglomération,Hors intersection,Normale,Trois véhicules et plus - collisions multiples,,,,,,,,,,,1,1,1,1.0,5.0
201700032275,0017-09-13 09:30:00,17,9,13,9,30,410,13,"Lieu-dit ""La ferme de Ve",47.53885,1.59654,Plein jour,Hors agglomération,Hors intersection,Vent fort / tempête,Autre collision,,,,,,,,,,,1,1,1,6.0,6.0
201700032276,0017-10-08 01:10:00,17,10,8,1,10,410,150,1091 Route des Ponts d'A,47.5571,1.47755,Nuit sans éclairage public,En agglomération,Autre intersection,Pluie forte,Autre collision,,,,,,,,,,,3,2,9,3.0,6.0
201700032277,0017-11-01 19:23:00,17,11,1,19,23,410,61,RD956,47.47421,1.42093,Crépuscule ou aube,Hors agglomération,Hors intersection,Normale,Trois véhicules et plus - collisions multiples,,,,,,,,,,,2,1,1,1.0,5.0
201700032278,0017-12-16 15:00:00,17,12,16,15,0,410,31,Route de SEUR - D77,47.51462,1.3543,Plein jour,Hors agglomération,Hors intersection,Temps couvert,Deux véhicules - frontale,,,,,,,,,,,1,1,1,8.0,1.0
201700032279,0017-12-14 18:25:00,17,12,14,18,25,600,57,"18, CHAMPAGNE (AVENUE DE",49.43823,2.09819,Crépuscule ou aube,En agglomération,Intersection en X,Pluie légère,Deux véhicules - côté,,,,,,,,,,,2,2,2,2.0,3.0
201700032280,0017-12-22 18:20:00,17,12,22,18,20,600,57,"23, MADELEINE (RUE DE LA",49.42955,2.08371,Crépuscule ou aube,En agglomération,Intersection en X,Pluie légère,Autre collision,,,,,,,,,,,2,2,2,2.0,6.0
201700032281,0017-01-21 15:20:00,17,1,21,15,20,600,57,"10, PIERRE ET MARIE CURI",49.41337,2.11446,Plein jour,En agglomération,Hors intersection,Autre,Deux véhicules - côté,,,,,,,,,,,1,2,1,9.0,3.0
201700032282,0017-03-06 12:34:00,17,3,6,12,34,600,57,2 rue bossuet,49.43619,2.08282,Plein jour,En agglomération,Intersection à plus de 4 branches,Normale,Deux véhicules - frontale,,,,,,,,,,,1,2,5,1.0,1.0
201700032283,0017-03-09 11:45:00,17,3,9,11,45,600,57,"1, ASSAUT (BOULEVARD DE",49.43561,2.08657,Plein jour,En agglomération,Intersection en X,Normale,Autre collision,,,,,,,,,,,1,2,2,1.0,6.0
201700032284,0017-03-16 16:30:00,17,3,16,16,30,600,57,"13, PIERRE BEREGOVOY (AV",49.43982,2.10414,Plein jour,Hors agglomération,Hors intersection,Normale,Deux véhicules - arrière,,,,,,,,,,,1,1,1,1.0,2.0
201700032285,0017-03-29 06:47:00,17,3,29,6,47,600,57,"1, CREVECOEUR  (RUE DE)",49.45318,2.07447,Nuit sans éclairage public,En agglomération,Hors intersection,Normale,Autre collision,,,,,,,,,,,3,2,1,1.0,6.0
201700032286,0017-06-03 20:15:00,17,6,3,20,15,600,57,"16, CLERMONT (RUE DE) IM",49.43377,2.09458,Plein jour,En agglomération,Intersection en X,Normale,Autre collision,,,,,,,,,,,1,2,2,1.0,6.0
201700032287,0017-06-21 14:50:00,17,6,21,14,50,600,57,"5, AMIENS (RUE D') AVANT",49.43766,2.08781,Plein jour,En agglomération,Hors intersection,Normale,Autre collision,,,,,,,,,,,1,2,1,1.0,6.0
201700032288,0017-07-05 12:46:00,17,7,5,12,46,600,57,"1, PLOUY SAINT LUCIEN (P",49.47085,2.08303,Plein jour,En agglomération,Place,Normale,Deux véhicules - frontale,,,,,,,,,,,1,2,7,1.0,1.0
201700032289,0017-07-09 13:10:00,17,7,9,13,10,600,57,8 MAI 1945 (AVENUE DU),49.44286,2.09236,Plein jour,En agglomération,Autre intersection,Normale,Deux véhicules - côté,,,,,,,,,,,1,2,9,1.0,3.0