accident_id,datetime,annee,mois,jour,heure,minute,departement,commune_insee,adresse,latitude,longitude,luminosite,agglomeration,intersection,meteo,collision,nb_vehicules,nb_usagers,nb_indemnes,nb_tues,nb_blesses_hosp,nb_blesses_legers,age_cond_1,age_cond_2,veh_type_cond_1,veh_type_cond_2,lum_code,agg_code,int_code,atm_code,col_code
201700032530,0017-10-21 12:20:00,17,10,21,12,20,620,217,NATIONALE (ROUTE),50.50813,2.4396,Plein jour,En agglomération,Hors intersection,Normale,Deux véhicules - arrière,,,,,,,,,,,1,2,1,1.0,2.0
201700032531,0017-12-09 22:30:00,17,12,9,22,30,620,48,MAILING (BOULEVARD DE),50.51436,2.465,Nuit avec éclairage allumé,En agglomération,Hors intersection,Pluie légère,Autre collision,,,,,,,,,,,5,2,1,2.0,6.0
201700032532,0017-12-15 01:45:00,17,12,15,1,45,620,516,CD 943,50.57041,2.47519,Nuit avec éclairage allumé,En agglomération,Hors intersection,Pluie légère,Autre collision,,,,,,,,,,,5,2,1,2.0,6.0
201700032533,0017-12-27 18:05:00,17,12,27,18,5,620,516,PRINCIPALE- RUE-,50.58471,2.45,Nuit sans éclairage public,En agglomération,Hors intersection,Pluie forte,Autre collision,,,,,,,,,,,3,2,1,3.0,6.0
201700032534,0017-01-02 15:30:00,17,1,2,15,30,620,65,RD 917,50.39628,2.82211,Plein jour,Hors agglomération,Hors intersection,Normale,Deux véhicules - frontale,,,,,,,,,,,1,1,1,1.0,1.0
201700032535,0017-01-13 19:00:00,17,1,13,19,0,620,724,", FOCH (DU MARECHAL)",50.39168,2.90849,Nuit avec éclairage allumé,En agglomération,Hors intersection,Temps couvert,Deux véhicules - arrière,,,,,,,,,,,5,2,1,8.0,2.0
201700032536,0017-01-20 08:30:00,17,1,20,8,30,620,724,FOSSE DEUX ( BOULEVARD),50.39901,2.88777,Crépuscule ou aube,En agglomération,Hors intersection,Autre,Deux véhicules - arrière,,,,,,,,,,,2,2,1,9.0,2.0
201700032537,0017-05-14 21:00:00,17,5,14,21,0,620,108,IMPERATRICE,50.40693,1.5785,Plein jour,En agglomération,Intersection en X,Normale,Deux véhicules - côté,,,,,,,,,,,1,2,2,1.0,3.0
201700032538,0017-05-22 14:40:00,17,5,22,14,40,620,108,Bd de BOULOGNE,50.41435,1.58075,Plein jour,En agglomération,Intersection en X,Normale,Deux véhicules - côté,,,,,,,,,,,1,2,2,1.0,3.0
201700032539,0017-06-05 16:10:00,17,6,5,16,10,620,108,"71, IMPERATRICE",50.40534,1.5689,Plein jour,En agglomération,Hors intersection,Normale,Deux véhicules - côté,,,,,,,,,,,1,2,1,1.0,3.0
201700032540,0017-09-12 22:30:00,17,9,12,22,30,620,108,"14, PRESBYTERE",50.40356,1.56416,Nuit sans éclairage public,En agglomération,Hors intersection,Normale,Autre collision,,,,,,,,,,,3,2,1,1.0,6.0
201700032541,0017-11-06 12:40:00,17,11,6,12,40,620,108,BELLE LUNE,50.40782,1.59519,Plein jour,En agglomération,Intersection en T,Normale,Deux véhicules - côté,,,,,,,,,,,1,2,3,1.0,3.0
201700032542,0017-11-22 15:48:00,17,11,22,15,48,620,108,ROND POINT DU MARQUENTER,50.40372,1.59613,Plein jour,En agglomération,Giratoire,Normale,Autre collision,,,,,,,,,,,1,2,6,1.0,6.0
201700032543,0017-12-05 19:30:00,17,12,5,19,30,620,108,HUIT MAI,50.41755,1.57525,Nuit sans éclairage public,En agglomération,Intersection en X,Normale,Deux véhicules - côté,,,,,,,,,,,3,2,2,1.0,3.0
201700032544,0017-01-21 11:00:00,17,1,21,11,0,620,119,"2, VAUBAN ( BOULEVARD )",50.52919,2.63387,Plein jour,En agglomération,Intersection en X,Temps éblouissant,Autre collision,,,,,,,,,,,1,2,2,7.0,6.0
201700032545,0017-12-14 17:00:00,17,12,14,17,0,620,863,"21, VARET ( RUE EUSTACHE",50.54131,2.78809,Nuit avec éclairage allumé,En agglomération,Hors intersection,Pluie légère,Autre collision,,,,,,,,,,,5,2,1,2.0,6.0
201700032546,0017-03-12 14:00:00,17,3,12,14,0,620,35,MORINIE ( AVENUE DE LA ),50.54005,2.61688,Plein jour,En agglomération,Intersection en T,Normale,Deux véhicules - côté,,,,,,,,,,,1,2,3,1.0,3.0
201700032547,0017-12-04 17:40:00,17,12,4,17,40,620,119,CARNOT ( RUE SADI ),50.535,2.63785,Plein jour,En agglomération,Intersection en Y,Normale,Autre collision,,,,,,,,,,,1,2,4,1.0,6.0
201700032548,0017-02-19 11:40:00,17,2,19,11,40,620,350,Anciens Combattants (Rue,50.5154,2.61624,Plein jour,En agglomération,Intersection en T,Temps couvert,Deux véhicules - côté,,,,,,,,,,,1,2,3,8.0,3.0
201700032549,0017-12-23 21:45:00,17,12,23,21,45,620,119,CD 937( RUE DEPARTEMENTA,50.51804,2.65016,Nuit avec éclairage allumé,En agglomération,Hors intersection,Normale,Deux véhicules - frontale,,,,,,,,,,,5,2,1,1.0,1.0
201700032550,0017-03-16 08:10:00,17,3,16,8,10,620,34,"58, CD 941",50.50907,2.72447,Plein jour,En agglomération,Hors intersection,Normale,Autre collision,,,,,,,,,,,1,2,1,1.0,6.0
201700032551,0017-03-07 15:40:00,17,3,7,15,40,620,51,", ROUTE NATIONALE 41",50.51869,2.78569,Plein jour,En agglomération,Autre intersection,Normale,Deux véhicules - côté,,,,,,,,,,,1,2,9,1.0,3.0
201700032552,0017-03-19 05:00:00,17,3,19,5,0,620,350,D 943,50.51771,2.62186,Nuit avec éclairage allumé,En agglomération,Hors intersection,Normale,Autre collision,,,,,,,,,,,5,2,1,1.0,6.0
201700032553,0017-05-21 10:20:00,17,5,21,10,20,620,310,"36, ONZE NOVEMBRE ( RUE",50.54592,2.6613,Plein jour,En agglomération,Hors intersection,Normale,Deux véhicules - côté,,,,,,,,,,,1,2,1,1.0,3.0
201700032554,0017-06-12 10:00:00,17,6,12,10,0,620,401,"233, LENS ( ROUTE DE )",50.50524,2.80855,Plein jour,En agglomération,Hors intersection,Normale,Deux véhicules - côté,,,,,,,,,,,1,2,1,1.0,3.0
201700032555,0017-06-21 22:00:00,17,6,21,22,0,620,119,LEBAS ( RUE ),50.52146,2.63591,Crépuscule ou aube,En agglomération,Hors intersection,Normale,Autre collision,,,,,,,,,,,2,2,1,1.0,6.0
201700032556,0017-06-20 13:35:00,17,6,20,13,35,620,119,CD 943,50.528,2.62432,Plein jour,En agglomération,Hors intersection,Normale,Sans collision,,,,,,,,,,,1,2,1,1.0,7.0
201700032557,0017-06-09 16:05:00,17,6,9,16,5,620,119,BRUAY ( AVENUE DE ),50.52358,2.62811,Plein jour,En agglomération,Giratoire,Normale,Autre collision,,,,,,,,,,,1,2,6,1.0,6.0
201700032558,0017-07-19 01:05:00,17,7,19,1,5,620,841,"06, VERTS FOSSES ( RUE D",50.52702,2.63269,Nuit avec éclairage allumé,En agglomération,Hors intersection,Normale,Sans collision,,,,,,,,,,,5,2,1,1.0,7.0
201700032559,0017-07-24 02:20:00,17,7,24,2,20,620,350,941(CD),50.51185,2.6091,Nuit sans éclairage public,En agglomération,Hors intersection,Normale,Deux véhicules - côté,,,,,,,,,,,3,2,1,1.0,3.0
201700032560,0017-08-14 18:20:00,17,8,14,18,20,620,119,"90, BRISTOL ( RUE )",50.51573,2.64175,Plein jour,En agglomération,Hors intersection,Normale,Autre collision,,,,,,,,,,,1,2,1,1.0,6.0
201700032561,0017-09-03 06:40:00,17,9,3,6,40,620,119,JUIN ( RUE DU MARECHAL ),50.52399,2.63567,Nuit avec éclairage allumé,En agglomération,Hors intersection,Normale,Autre collision,,,,,,,,,,,5,2,1,1.0,6.0
201700032562,0017-09-30 17:10:00,17,9,30,17,10,620,841,RENOUVEAU ( RUE DU ),50.5418,2.60806,Plein jour,En agglomération,Intersection en T,Normale,Deux véhicules - côté,,,,,,,,,,,1,2,3,1.0,3.0
201700032563,0017-09-28 15:00:00,17,9,28,15,0,620,262,"50, BASLY ( RUE )",50.51877,2.75835,Plein jour,En agglomération,Hors intersection,Normale,Sans collision,,,,,,,,,,,1,2,1,1.0,7.0
201700032564,0017-10-07 15:10:00,17,10,7,15,10,620,310,ARMENTIERES ( ANCIENNE R,50.55303,2.68324,Plein jour,En agglomération,Autre intersection,Normale,Deux véhicules - côté,,,,,,,,,,,1,2,9,1.0,3.0
201700032565,0017-12-09 19:10:00,17,12,9,19,10,620,119,BAR ( RUE ),50.53382,2.63669,Nuit avec éclairage allumé,En agglomération,Giratoire,Pluie légère,Autre collision,,,,,,,,,,,5,2,6,2.0,6.0
201700032566,0017-11-23 19:20:00,17,11,23,19,20,620,119,CHURCHILL ( AVENUE ),50.52174,2.64805,Nuit avec éclairage allumé,En agglomération,Hors intersection,Normale,Autre collision,,,,,,,,,,,5,2,1,1.0,6.0
201700032567,0017-01-07 23:00:00,17,1,7,23,0,620,160,"99, DE GAULLE (Ave Charl",50.72988,1.61897,Nuit avec éclairage allumé,En agglomération,Hors intersection,Normale,Deux véhicules - arrière,,,,,,,,,,,5,2,1,1.0,2.0
201700032568,0017-02-17 20:30:00,17,2,17,20,30,620,160,"1, FARJON (Rue Ferdinand",50.72129,1.59865,Nuit avec éclairage allumé,En agglomération,Hors intersection,Normale,Autre collision,,,,,,,,,,,5,2,1,1.0,6.0
201700032569,0017-02-24 17:25:00,17,2,24,17,25,620,160,"1, VOLTAIRE (Bld)",50.71543,1.60905,Plein jour,Hors agglomération,Hors intersection,Normale,Deux véhicules - côté,,,,,,,,,,,1,1,1,1.0,3.0
201700032570,0017-02-25 18:55:00,17,2,25,18,55,620,160,"21, BREQUERECQUE (Rue de",50.7192,1.61521,Nuit avec éclairage allumé,En agglomération,Hors intersection,Normale,Autre collision,,,,,,,,,,,5,2,1,1.0,6.0
201700032571,0017-03-18 17:25:00,17,3,18,17,25,620,643,"200, SALENGRO ( Rue Roge",50.70258,1.60344,Plein jour,En agglomération,Hors intersection,Normale,Autre collision,,,,,,,,,,,1,2,1,1.0,6.0
201700032572,0017-04-16 20:10:00,17,4,16,20,10,620,893,AUBENGUE ( Route d'),50.77824,1.62266,Plein jour,Hors agglomération,Hors intersection,Normale,Autre collision,,,,,,,,,,,1,1,1,1.0,6.0
201700032573,0017-04-26 21:50:00,17,4,26,21,50,620,160,NEMOURS (Rue de ),50.7221,1.59704,Nuit avec éclairage allumé,En agglomération,Giratoire,Pluie forte,Deux véhicules - côté,,,,,,,,,,,5,2,6,3.0,3.0
201700032574,0017-05-16 12:25:00,17,5,16,12,25,620,643,SPLINGARD ( Bld Raymond,50.69471,1.57854,Plein jour,En agglomération,Autre intersection,Normale,Autre collision,,,,,,,,,,,1,2,9,1.0,6.0
201700032575,0017-05-18 17:45:00,17,5,18,17,45,620,160,HENNEGUELLE ( Place Henr,50.71744,1.61388,Plein jour,En agglomération,Hors intersection,Pluie légère,Autre collision,,,,,,,,,,,1,2,1,2.0,6.0
201700032576,0017-06-16 04:55:00,17,6,16,4,55,620,160,HUGUET (Bld Auguste ),50.72193,1.58915,Crépuscule ou aube,En agglomération,Intersection en T,Normale,Autre collision,,,,,,,,,,,2,2,3,1.0,6.0
201700032577,0017-06-23 20:00:00,17,6,23,20,0,620,667,"1, LIBERTE ( Bld de la )",50.7148,1.59156,Plein jour,En agglomération,Hors intersection,Normale,Sans collision,,,,,,,,,,,1,2,1,1.0,7.0
201700032578,0017-07-03 11:30:00,17,7,3,11,30,620,160,"131, LIANE (Bld de la  )",50.72004,1.60583,Plein jour,En agglomération,Hors intersection,Normale,Deux véhicules - côté,,,,,,,,,,,1,2,1,1.0,3.0
201700032579,0017-08-07 08:40:00,17,8,7,8,40,620,643,"1, VAUXHALL ( Rue du )",50.71092,1.60103,Plein jour,En agglomération,Intersection en T,Normale,Deux véhicules - côté,,,,,,,,,,,1,2,3,1.0,3.0
201700032580,0017-08-18 16:20:00,17,8,18,16,20,620,758,"1, SAINT OMER ( Route de",50.72501,1.62756,Plein jour,En agglomération,Intersection en T,Normale,Deux véhicules - côté,,,,,,,,,,,1,2,3,1.0,3.0
201700032581,0017-09-05 15:30:00,17,9,5,15,30,620,667,"36, LIBERTE ( Bld de la",50.71592,1.59108,Plein jour,En agglomération,Passage à niveau,Temps couvert,Autre collision,,,,,,,,,,,1,2,8,8.0,6.0
201700032582,0017-09-28 17:40:00,17,9,28,17,40,620,160,MARGUET (Pont),50.72345,1.60158,Plein jour,En agglomération,Hors intersection,Normale,Autre collision,,,,,,,,,,,1,2,1,1.0,6.0
201700032583,0017-09-19 12:10:00,17,9,19,12,10,620,160,"1, LAMPE (Rue de la )",50.72214,1.66422,Plein jour,En agglomération,Hors intersection,Normale,Autre collision,,,,,,,,,,,1,2,1,1.0,6.0
201700032584,0017-10-27 09:30:00,17,10,27,9,30,620,894,"1, C.D. 96e",50.74674,1.62218,Plein jour,Hors agglomération,Hors intersection,Normale,Deux véhicules - frontale,,,,,,,,,,,1,1,1,1.0,1.0
201700032585,0017-11-23 19:00:00,17,11,23,19,0,620,160,BOULEVARD DE L EUROPE,50.71816,1.60012,Nuit sans éclairage public,En agglomération,Hors intersection,Pluie légère,Autre collision,,,,,,,,,,,3,2,1,2.0,6.0
201700032586,0017-11-23 18:30:00,17,11,23,18,30,620,160,ROUSSEAU (Viaduc Jean-Ja,50.71347,1.60244,Nuit avec éclairage allumé,Hors agglomération,Hors intersection,Temps couvert,Sans collision,,,,,,,,,,,5,1,1,8.0,7.0
201700032587,0017-12-13 16:50:00,17,12,13,16,50,620,160,"154, CHEMIN VERT (Rue du",50.73615,1.61105,Nuit avec éclairage allumé,En agglomération,Passage à niveau,Pluie forte,Autre collision,,,,,,,,,,,5,2,8,3.0,6.0
201700032588,0017-12-27 05:55:00,17,12,27,5,55,620,160,CAMP DE DROITE (Rue du),50.72609,1.60308,Nuit avec éclairage allumé,En agglomération,Intersection en T,Pluie légère,Trois véhicules et plus - collisions multiples,,,,,,,,,,,5,2,3,2.0,5.0
201700032589,0017-12-30 05:15:00,17,12,30,5,15,620,160,AIGLON (Rue de l'),50.74337,1.6115,Nuit sans éclairage public,Hors agglomération,Hors intersection,Pluie légère,Deux véhicules - arrière,,,,,,,,,,,3,1,1,2.0,2.0
201700032590,0017-01-18 15:00:00,17,1,18,15,0,620,178,"224, PEGOUD",50.46789,2.54783,Plein jour,En agglomération,Hors intersection,Normale,Deux véhicules - côté,,,,,,,,,,,1,2,1,1.0,3.0
201700032591,0017-03-08 12:15:00,17,3,8,12,15,620,178,LIBERATION ( AVENUE ),50.49415,2.5742,Plein jour,En agglomération,Hors intersection,Pluie légère,Autre collision,,,,,,,,,,,1,2,1,2.0,6.0
201700032592,0017-03-30 17:30:00,17,3,30,17,30,620,178,AIRE ( D'),50.49871,2.52919,Plein jour,En agglomération,Hors intersection,Normale,Deux véhicules - arrière,,,,,,,,,,,1,2,1,1.0,2.0
201700032593,0017-04-05 17:30:00,17,4,5,17,30,620,178,ALSACE,50.47972,2.54726,Plein jour,En agglomération,Autre intersection,Normale,Autre collision,,,,,,,,,,,1,2,9,1.0,6.0
201700032594,0017-05-09 22:10:00,17,5,9,22,10,620,457,"7, JUIN (RUE DU MARECHAL",50.46763,2.55255,Nuit sans éclairage public,Hors agglomération,Hors intersection,Normale,Autre collision,,,,,,,,,,,3,1,1,1.0,6.0
201700032595,0017-05-07 10:00:00,17,5,7,10,0,620,178,"747, ANATOLE FRANCE",50.4865,2.55852,Plein jour,En agglomération,Hors intersection,Normale,Autre collision,,,,,,,,,,,1,2,1,1.0,6.0
201700032596,0017-05-14 15:25:00,17,5,14,15,25,620,178,"306, AVIATEURS (AVENUE)",50.46648,2.54538,Plein jour,En agglomération,Intersection en X,Normale,Deux véhicules - côté,,,,,,,,,,,1,2,2,1.0,3.0
201700032597,0017-05-15 10:50:00,17,5,15,10,50,620,178,"616, LIBERATION ( AVENUE",50.49121,2.56599,Plein jour,En agglomération,Intersection en Y,Normale,Autre collision,,,,,,,,,,,1,2,4,1.0,6.0
201700032598,0017-06-19 14:15:00,17,6,19,14,15,620,178,"97, JOSIEN ( LOUIS )",50.49221,2.55357,Plein jour,En agglomération,Hors intersection,Normale,Autre collision,,,,,,,,,,,1,2,1,1.0,6.0
201700032599,0017-06-28 15:45:00,17,6,28,15,45,620,178,CHATELLERAULT,50.48564,2.5569,Plein jour,En agglomération,Hors intersection,Normale,Deux véhicules - frontale,,,,,,,,,,,1,2,1,1.0,1.0
201700032600,0017-06-29 19:30:00,17,6,29,19,30,620,178,DUSSART ( LOUIS ),50.47777,2.55888,Plein jour,En agglomération,Autre intersection,Normale,Autre collision,,,,,,,,,,,1,2,9,1.0,6.0
201700032601,0017-08-14 11:25:00,17,8,14,11,25,620,178,FLANDRES-DUNKERQUE,50.47904,2.54465,Plein jour,En agglomération,Giratoire,Normale,Deux véhicules - côté,,,,,,,,,,,1,2,6,1.0,3.0
201700032602,0017-08-14 14:20:00,17,8,14,14,20,620,457,"3, GARE (RUE DE LA)",50.45593,2.52813,Plein jour,En agglomération,Intersection en T,Normale,Deux véhicules - côté,,,,,,,,,,,1,2,3,1.0,3.0
201700032603,0017-09-29 14:20:00,17,9,29,14,20,620,178,D 188,50.49269,2.58729,Plein jour,Hors agglomération,Giratoire,Normale,Sans collision,,,,,,,,,,,1,1,6,1.0,7.0
201700032604,0017-10-10 13:00:00,17,10,10,13,0,620,178,"445, BASLY ( EMILE )",50.21066,2.74877,Plein jour,En agglomération,Intersection en X,Normale,Autre collision,,,,,,,,,,,1,2,2,1.0,6.0
201700032605,0017-10-10 09:40:00,17,10,10,9,40,620,178,"171, ANATOLE FRANCE",50.48262,2.55339,Plein jour,En agglomération,Hors intersection,Normale,Deux véhicules - arrière,,,,,,,,,,,1,2,1,1.0,2.0
201700032606,0017-10-18 14:30:00,17,10,18,14,30,620,457,CD 301,50.4638,2.5351,Plein jour,Hors agglomération,Autre intersection,Normale,Deux véhicules - côté,,,,,,,,,,,1,1,9,1.0,3.0
201700032607,0017-11-19 05:15:00,17,11,19,5,15,620,457,"47, FRANCHET D'ESPEREY (",50.46078,2.54607,Nuit avec éclairage allumé,En agglomération,Hors intersection,Autre,Autre collision,,,,,,,,,,,5,2,1,9.0,6.0
201700032608,0017-12-17 18:17:00,17,12,17,18,17,620,457,"12, MITRY (RUE DU GENARA",50.45688,2.54988,Nuit avec éclairage allumé,En agglomération,Intersection en T,Temps couvert,Trois véhicules et plus - collisions multiples,,,,,,,,,,,5,2,3,8.0,5.0
201700032609,0017-12-16 19:40:00,17,12,16,19,40,620,270,GUESDE (RUE JULES),50.474,2.48842,Nuit avec éclairage allumé,En agglomération,Place,Normale,Autre collision,,,,,,,,,,,5,2,7,1.0,6.0
201700032610,0017-12-28 17:50:00,17,12,28,17,50,620,445,"7, QUATRE SEPTEMBRE ( DU",50.50211,2.58867,Nuit sans éclairage public,En agglomération,Hors intersection,Normale,Autre collision,,,,,,,,,,,3,2,1,1.0,6.0
201700032611,0017-01-04 15:20:00,17,1,4,15,20,620,193,"2, BENARD (RUE A.)",50.94742,1.85278,Plein jour,En agglomération,Place,Normale,Autre collision,,,,,,,,,,,1,2,7,1.0,6.0
201700032612,0017-02-03 08:40:00,17,2,3,8,40,620,193,"120, LAFAYETTE (BOULEVAR",50.94586,1.86066,Plein jour,En agglomération,Intersection en X,Normale,Autre collision,,,,,,,,,,,1,2,2,1.0,6.0
201700032613,0017-02-09 11:30:00,17,2,9,11,30,620,193,APOLLINAIRE (RUE G.),50.93853,1.87221,Plein jour,En agglomération,Intersection en T,Normale,Deux véhicules - côté,,,,,,,,,,,1,2,3,1.0,3.0
201700032614,0017-04-03 19:30:00,17,4,3,19,30,620,244,"148, DUMONT (RUE EMILE)",50.92767,1.8733,Crépuscule ou aube,En agglomération,Intersection en X,Normale,Autre collision,,,,,,,,,,,2,2,2,1.0,6.0
201700032615,0017-05-16 18:15:00,17,5,16,18,15,620,193,"60, VINGT NEUF JUILLET (",50.94497,1.84797,Plein jour,En agglomération,Hors intersection,Normale,Autre collision,,,,,,,,,,,1,2,1,1.0,6.0
201700032616,0017-05-27 12:10:00,17,5,27,12,10,620,193,A216,,,Plein jour,Hors agglomération,Hors intersection,Normale,Deux véhicules - arrière,,,,,,,,,,,1,1,1,1.0,2.0
201700032617,0017-06-01 14:20:00,17,6,1,14,20,620,193,"173, LAFAYETTE (BOULEVAR",50.9454,1.86219,Plein jour,En agglomération,Intersection en X,Normale,Autre collision,,,,,,,,,,,1,2,2,1.0,6.0
201700032618,0017-06-01 10:40:00,17,6,1,10,40,620,193,TERMINAL,50.96666,1.86907,Plein jour,Hors agglomération,Hors intersection,Normale,Autre collision,,,,,,,,,,,1,1,1,1.0,6.0
201700032619,0017-06-05 18:40:00,17,6,5,18,40,620,774,DOVER PATROL,50.92411,1.71895,Plein jour,Hors agglomération,Hors intersection,Normale,Autre collision,,,,,,,,,,,1,1,1,1.0,6.0
201700032620,0017-06-06 10:30:00,17,6,6,10,30,620,193,"213, LAFAYETTE (BOULEVAR",50.94512,1.86413,Plein jour,En agglomération,Hors intersection,Pluie forte,Autre collision,,,,,,,,,,,1,2,1,3.0,6.0
201700032621,0017-05-31 14:45:00,17,5,31,14,45,620,774,D243,50.9417,1.7521,Plein jour,En agglomération,Hors intersection,Normale,Autre collision,,,,,,,,,,,1,2,1,1.0,6.0
201700032622,0017-06-11 19:20:00,17,6,11,19,20,620,244,IRIS (ALLEE DES),50.91752,1.87548,Plein jour,En agglomération,Intersection en X,Normale,Deux véhicules - côté,,,,,,,,,,,1,2,2,1.0,3.0
201700032623,0017-06-14 13:35:00,17,6,14,13,35,620,193,"49, VIRVAL (RUE DU)",50.93454,1.88673,Plein jour,En agglomération,Hors intersection,Normale,Deux véhicules - côté,,,,,,,,,,,1,2,1,1.0,3.0
201700032624,0017-06-17 08:30:00,17,6,17,8,30,620,193,ROYALE,50.95882,1.84928,Plein jour,En agglomération,Intersection en X,Normale,Deux véhicules - frontale,,,,,,,,,,,1,2,2,1.0,1.0
201700032625,0017-06-16 20:10:00,17,6,16,20,10,620,193,"169, GAMBETTA (BOULEVARD",50.94656,1.84325,Plein jour,En agglomération,Intersection en T,Normale,Deux véhicules - frontale,,,,,,,,,,,1,2,3,1.0,1.0
201700032626,0017-06-16 17:20:00,17,6,16,17,20,620,193,CAMILLE CLAUDEL,50.94656,1.84325,Plein jour,En agglomération,Hors intersection,Normale,Deux véhicules - côté,,,,,,,,,,,1,2,1,1.0,3.0
201700032627,0017-06-19 13:35:00,17,6,19,13,35,620,193,Martin du Gard,50.9575,1.89789,Plein jour,En agglomération,Intersection en X,Normale,Deux véhicules - côté,,,,,,,,,,,1,2,2,1.0,3.0
201700032628,0017-06-20 08:30:00,17,6,20,8,30,620,193,BEAU MARAIS (rue du),50.94413,1.89823,Plein jour,En agglomération,Intersection en X,Normale,Trois véhicules et plus - collisions multiples,,,,,,,,,,,1,2,2,1.0,5.0
201700032629,0017-06-23 18:56:00,17,6,23,18,56,620,193,GAMBETTA (BOULEVARD),50.94681,1.84574,Plein jour,En agglomération,Intersection en T,Normale,Deux véhicules - côté,,,,,,,,,,,1,2,3,1.0,3.0
201700032630,0017-06-27 13:35:00,17,6,27,13,35,620,548,"1593, avenue de Calais",50.94724,1.92855,Plein jour,En agglomération,Hors intersection,Normale,Autre collision,,,,,,,,,,,1,2,1,1.0,6.0
201700032631,0017-07-09 13:10:00,17,7,9,13,10,620,774,"75, CD 940",50.95173,1.77413,Plein jour,En agglomération,Hors intersection,Normale,Trois véhicules et plus - en chaîne,,,,,,,,,,,1,2,1,1.0,4.0
201700032632,0017-07-11 16:00:00,17,7,11,16,0,620,193,GREUZE,50.94818,1.88623,Plein jour,En agglomération,Intersection en X,Normale,Deux véhicules - côté,,,,,,,,,,,1,2,2,1.0,3.0
201700032633,0017-07-11 19:30:00,17,7,11,19,30,620,193,EGALITE (BOULEVARD DE L',50.94582,1.87657,Plein jour,En agglomération,Intersection en X,Pluie légère,Deux véhicules - côté,,,,,,,,,,,1,2,2,2.0,3.0
201700032634,0017-07-07 16:30:00,17,7,7,16,30,620,193,VERDUN (RUE DE),50.95415,1.83004,Plein jour,En agglomération,Hors intersection,Normale,Deux véhicules - frontale,,,,,,,,,,,1,2,1,1.0,1.0
201700032635,0017-08-01 17:30:00,17,8,1,17,30,620,193,"93, VERDUN (RUE DE)",50.95115,1.83414,Plein jour,En agglomération,Hors intersection,Normale,Trois véhicules et plus - en chaîne,,,,,,,,,,,1,2,1,1.0,4.0
201700032636,0017-08-01 12:15:00,17,8,1,12,15,620,193,ROGER SALENGRO (AVENUE),50.94345,1.81035,Plein jour,En agglomération,Hors intersection,Normale,Deux véhicules - arrière,,,,,,,,,,,1,2,1,1.0,2.0
201700032637,0017-08-01 11:00:00,17,8,1,11,0,620,193,"63, PRAIRIES (RUE DES)",50.94351,1.86082,Plein jour,En agglomération,Hors intersection,Normale,Autre collision,,,,,,,,,,,1,2,1,1.0,6.0
201700032638,0017-08-05 14:15:00,17,8,5,14,15,620,193,MOLLIEN,50.95517,1.86159,Plein jour,En agglomération,Hors intersection,Normale,Autre collision,,,,,,,,,,,1,2,1,1.0,6.0
201700032639,0017-08-09 08:00:00,17,8,9,8,0,620,193,"310, BEAU MARAIS (rue du",50.94404,1.89244,Plein jour,En agglomération,Hors intersection,Normale,Deux véhicules - côté,,,,,,,,,,,1,2,1,1.0,3.0
201700032640,0017-09-01 16:30:00,17,9,1,16,30,620,193,ASFELD (RUE D'),50.95854,1.833,Plein jour,En agglomération,Hors intersection,Normale,Deux véhicules - frontale,,,,,,,,,,,1,2,1,1.0,1.0
201700032641,0017-09-07 15:30:00,17,9,7,15,30,620,193,"150, LAFAYETTE (BOULEVAR",48.86272,2.28759,Plein jour,En agglomération,Hors intersection,Normale,Trois véhicules et plus - collisions multiples,,,,,,,,,,,1,2,1,1.0,5.0
201700032642,0017-09-16 23:00:00,17,9,16,23,0,620,193,"171, LOUIS BLERIOT (AVEN",50.95128,1.87319,Nuit avec éclairage allumé,En agglomération,Intersection en T,Normale,Deux véhicules - côté,,,,,,,,,,,5,2,3,1.0,3.0
201700032643,0017-08-29 20:20:00,17,8,29,20,20,620,193,"7, VALENCIENNES",50.94482,1.85438,Nuit avec éclairage allumé,En agglomération,Hors intersection,Normale,Autre collision,,,,,,,,,,,5,2,1,1.0,6.0
201700032644,0017-09-22 13:50:00,17,9,22,13,50,620,193,"275, OYATS (RUE DES)",50.96569,1.88937,Plein jour,En agglomération,Hors intersection,Normale,Autre collision,,,,,,,,,,,1,2,1,1.0,6.0
201700032645,0017-09-27 08:40:00,17,9,27,8,40,620,193,LOUIS BLERIOT (AVENUE),50.95159,1.87668,Plein jour,En agglomération,Intersection à plus de 4 branches,Normale,Deux véhicules - côté,,,,,,,,,,,1,2,5,1.0,3.0
201700032646,0017-10-03 12:30:00,17,10,3,12,30,620,548,Rue CALMETTE,50.943,1.95047,Plein jour,En agglomération,Hors intersection,Normale,Autre collision,,,,,,,,,,,1,2,1,1.0,6.0
201700032647,0017-10-17 13:30:00,17,10,17,13,30,620,193,SAINT OMER ( PORTE DE),50.93414,1.89016,Plein jour,Hors agglomération,Giratoire,Normale,Deux véhicules - côté,,,,,,,,,,,1,1,6,1.0,3.0
201700032648,0017-11-18 23:20:00,17,11,18,23,20,620,193,"245, DE LATTRE DE TASSIG",50.96324,1.84066,Nuit avec éclairage allumé,En agglomération,Hors intersection,Normale,Deux véhicules - côté,,,,,,,,,,,5,2,1,1.0,3.0
201700032649,0017-12-05 17:10:00,17,12,5,17,10,620,193,"142, LOUIS BLERIOT (AVEN",50.95101,1.87259,Crépuscule ou aube,En agglomération,Autre intersection,Normale,Autre collision,,,,,,,,,,,2,2,9,1.0,6.0