accident_id,datetime,annee,mois,jour,heure,minute,departement,commune_insee,adresse,latitude,longitude,luminosite,agglomeration,intersection,meteo,collision,nb_vehicules,nb_usagers,nb_indemnes,nb_tues,nb_blesses_hosp,nb_blesses_legers,age_cond_1,age_cond_2,veh_type_cond_1,veh_type_cond_2,lum_code,agg_code,int_code,atm_code,col_code
201700032650,0017-12-23 04:15:00,17,12,23,4,15,620,193,VERDUN (RUE DE),50.94557,1.83775,Nuit avec éclairage allumé,En agglomération,Hors intersection,Normale,Deux véhicules - arrière,,,,,,,,,,,5,2,1,1.0,2.0
201700032651,0017-12-25 21:30:00,17,12,25,21,30,620,548,"900, FRANCOIS MITTERAND",50.95326,1.97892,Nuit sans éclairage public,En agglomération,Hors intersection,Pluie légère,Autre collision,,,,,,,,,,,3,2,1,2.0,6.0
201700032652,0017-12-21 23:30:00,17,12,21,23,30,620,193,A216,,,Nuit sans éclairage public,Hors agglomération,Hors intersection,Pluie légère,Autre collision,,,,,,,,,,,3,1,1,2.0,6.0
201700032653,0017-12-28 18:20:00,17,12,28,18,20,620,193,VERDUN (RUE DE),50.9475,1.83805,Nuit sans éclairage public,En agglomération,Hors intersection,Normale,Deux véhicules - arrière,,,,,,,,,,,3,2,1,1.0,2.0
201700032654,0017-11-14 17:55:00,17,11,14,17,55,620,427,"sans, MOULIN (BD JEAN)",50.42344,2.9447,Nuit avec éclairage allumé,En agglomération,Hors intersection,Normale,Autre collision,,,,,,,,,,,5,2,1,1.0,6.0
201700032655,0017-11-17 09:10:00,17,11,17,9,10,620,510,"SANS, FERRY (R JULES)",50.42903,2.74958,Plein jour,En agglomération,Intersection en T,Normale,Deux véhicules - côté,,,,,,,,,,,1,2,3,1.0,3.0
201700032656,0017-12-21 12:15:00,17,12,21,12,15,620,427,"19, PASTEUR (R )",50.41893,2.94718,Plein jour,En agglomération,Hors intersection,Normale,Deux véhicules - côté,,,,,,,,,,,1,2,1,1.0,3.0
201700032657,0017-11-22 12:45:00,17,11,22,12,45,620,215,"SANS, EVRARD (R FLORENT",50.48448,2.94254,Plein jour,En agglomération,Intersection en Y,Normale,Deux véhicules - côté,,,,,,,,,,,1,2,4,1.0,3.0
201700032658,0017-11-21 14:00:00,17,11,21,14,0,620,427,"00, PERI (BD GABRIEL)",50.41928,2.93116,Plein jour,En agglomération,Intersection en X,Temps couvert,Deux véhicules - côté,,,,,,,,,,,1,2,2,8.0,3.0
201700032659,0017-11-09 20:20:00,17,11,9,20,20,620,133,"., BARBUSSE (R HENRI )",50.41786,2.90584,Nuit sans éclairage public,En agglomération,Intersection en X,Normale,Deux véhicules - côté,,,,,,,,,,,3,2,2,1.0,3.0
201700032660,0017-11-16 13:55:00,17,11,16,13,55,620,587,"35, SALENGRO (R ROGER)",50.42763,2.93035,Plein jour,En agglomération,Hors intersection,Temps couvert,Autre collision,,,,,,,,,,,1,2,1,8.0,6.0
201700032661,0017-01-12 18:00:00,17,1,12,18,0,620,510,"6, QUATRE SEPTEMBRE (R D",50.4148,2.78027,Nuit avec éclairage allumé,En agglomération,Hors intersection,Pluie forte,Autre collision,,,,,,,,,,,5,2,1,3.0,6.0
201700032662,0017-11-18 18:30:00,17,11,18,18,30,620,510,"88, DELEBECQUE (R GERMAI",50.48,2.77,Crépuscule ou aube,En agglomération,Hors intersection,Pluie légère,Sans collision,,,,,,,,,,,2,2,1,2.0,7.0
201700032663,0017-01-25 12:20:00,17,1,25,12,20,620,510,"36, LIBERTE (R DE LA )",50.43759,2.77656,Plein jour,En agglomération,Hors intersection,Normale,Sans collision,,,,,,,,,,,1,2,1,1.0,7.0
201700032664,0017-01-12 18:00:00,17,1,12,18,0,620,498,"sans, ALAIN (R)",50.44403,2.82863,Nuit avec éclairage allumé,En agglomération,Hors intersection,Pluie forte,Sans collision,,,,,,,,,,,5,2,1,3.0,7.0
201700032665,0017-12-16 17:30:00,17,12,16,17,30,620,570,"58, SIMON (PIERRE)",50.409,2.88203,Crépuscule ou aube,En agglomération,Hors intersection,Normale,Sans collision,,,,,,,,,,,2,2,1,1.0,7.0
201700032666,0017-11-06 07:50:00,17,11,6,7,50,620,510,"sans, ROUSSEAU (R WALDEC",50.4237,2.76077,Nuit sans éclairage public,En agglomération,Hors intersection,Normale,Autre collision,,,,,,,,,,,3,2,1,1.0,6.0
201700032667,0017-11-24 15:15:00,17,11,24,15,15,620,386,"sans, GILBERT (R )",50.45695,2.73411,Plein jour,En agglomération,Intersection en T,Normale,Deux véhicules - côté,,,,,,,,,,,1,2,3,1.0,3.0
201700032668,0017-01-27 14:30:00,17,1,27,14,30,620,563,"sans, PLATANES (BD DES)",50.47135,2.72251,Plein jour,En agglomération,Hors intersection,Normale,Autre collision,,,,,,,,,,,1,2,1,1.0,6.0
201700032669,0017-12-04 07:50:00,17,12,4,7,50,620,277,"136, ARRAS",50.39696,2.93169,Nuit avec éclairage non allumé,En agglomération,Hors intersection,Temps couvert,Autre collision,,,,,,,,,,,4,2,1,8.0,6.0
201700032670,0017-01-16 18:45:00,17,1,16,18,45,620,771,"65, DARRAS (R CONSTANT)",50.42338,2.84926,Nuit avec éclairage allumé,En agglomération,Hors intersection,Normale,Autre collision,,,,,,,,,,,5,2,1,1.0,6.0
201700032671,0017-01-27 16:55:00,17,1,27,16,55,620,427,ABBAYE (R DE L' ),50.42179,2.94636,Crépuscule ou aube,En agglomération,Hors intersection,Normale,Autre collision,,,,,,,,,,,2,2,1,1.0,6.0
201700032672,0017-12-07 11:55:00,17,12,7,11,55,620,895,"22, BUISINE (R DES FRERE",50.49122,2.84743,Plein jour,En agglomération,Intersection en T,Pluie forte,Autre collision,,,,,,,,,,,1,2,3,3.0,6.0
201700032673,0017-01-11 10:30:00,17,1,11,10,30,620,19,"SANS, RD 301",50.43494,2.70662,Plein jour,Hors agglomération,Hors intersection,Pluie légère,Deux véhicules - arrière,,,,,,,,,,,1,1,1,2.0,2.0
201700032674,0017-11-27 12:45:00,17,11,27,12,45,620,250,"sans, LAMENDIN (R ARTHUR",50.453,2.948,Plein jour,En agglomération,Hors intersection,Normale,Autre collision,,,,,,,,,,,1,2,1,1.0,6.0
201700032675,0017-12-13 09:25:00,17,12,13,9,25,620,724,"00, FOSSE DEUX ( BOULEVA",50.40191,2.90666,Plein jour,En agglomération,Giratoire,Pluie légère,Deux véhicules - côté,,,,,,,,,,,1,2,6,2.0,3.0
201700032676,0017-02-17 20:35:00,17,2,17,20,35,620,427,"22, JAURES (PL. JEAN)",50.41933,2.94711,Nuit avec éclairage allumé,En agglomération,Hors intersection,Normale,Deux véhicules - côté,,,,,,,,,,,5,2,1,1.0,3.0
201700032677,0017-12-08 08:50:00,17,12,8,8,50,620,427,"85, KENNEDY (BD JOHN FIT",50.42552,2.95588,Plein jour,En agglomération,Intersection en T,Normale,Autre collision,,,,,,,,,,,1,2,3,1.0,6.0
201700032678,0017-02-02 16:15:00,17,2,2,16,15,620,498,".sans, BLUM (R LEON)",50.42709,2.95344,Plein jour,En agglomération,Hors intersection,Normale,Deux véhicules - frontale,,,,,,,,,,,1,2,1,1.0,1.0
201700032679,0017-12-01 21:40:00,17,12,1,21,40,620,628,"45, LORRAINE (R DE)",50.42471,2.88918,Nuit avec éclairage allumé,En agglomération,Intersection en X,Normale,Deux véhicules - côté,,,,,,,,,,,5,2,2,1.0,3.0
201700032680,0017-01-24 23:35:00,17,1,24,23,35,620,427,"138, BLUM (R LEON)",50.42709,2.95344,Nuit avec éclairage allumé,En agglomération,Autre intersection,Normale,Deux véhicules - côté,,,,,,,,,,,5,2,9,1.0,3.0
201700032681,0017-03-09 13:50:00,17,3,9,13,50,620,498,"44, BASLY (BD EMILE)",50.42998,2.82713,Plein jour,En agglomération,Hors intersection,Normale,Autre collision,,,,,,,,,,,1,2,1,1.0,6.0
201700032682,0017-01-23 18:40:00,17,1,23,18,40,620,413,"28, BARBUSSE (AV.)",50.44677,2.90405,Crépuscule ou aube,En agglomération,Hors intersection,Normale,Deux véhicules - frontale,,,,,,,,,,,2,2,1,1.0,1.0
201700032683,0017-01-31 11:20:00,17,1,31,11,20,620,19,"SANS, ZEFFE (R )",50.41544,2.72588,Plein jour,Hors agglomération,Intersection en T,Temps couvert,Deux véhicules - côté,,,,,,,,,,,1,1,3,8.0,3.0
201700032684,0017-03-11 16:30:00,17,3,11,16,30,620,570,"1, HUGO (VICTOR)",50.40178,2.86566,Plein jour,En agglomération,Hors intersection,Normale,Autre collision,,,,,,,,,,,1,2,1,1.0,6.0
201700032685,0017-01-26 12:00:00,17,1,26,12,0,620,510,"22, MOLLET (R GUY)",50.42157,2.77628,Plein jour,En agglomération,Hors intersection,Normale,Autre collision,,,,,,,,,,,1,2,1,1.0,6.0
201700032686,0017-03-09 17:00:00,17,3,9,17,0,620,413,"82, FUSILLES (R DES)",50.44506,2.90708,Plein jour,En agglomération,Hors intersection,Normale,Autre collision,,,,,,,,,,,1,2,1,1.0,6.0
201700032687,0017-02-18 17:00:00,17,2,18,17,0,620,624,"sans, REPUBLIQUE (AVE DE",50.41638,2.97741,Plein jour,En agglomération,Hors intersection,Normale,Autre collision,,,,,,,,,,,1,2,1,1.0,6.0
201700032688,0017-02-19 10:45:00,17,2,19,10,45,620,351,"SANS, FUSILLES (R DES)",50.42293,2.9095,Plein jour,En agglomération,Hors intersection,Normale,Autre collision,,,,,,,,,,,1,2,1,1.0,6.0
201700032689,0017-03-12 01:40:00,17,3,12,1,40,620,510,"00, PERCOT (R du)",50.41645,2.80051,Nuit avec éclairage allumé,En agglomération,Hors intersection,Normale,Autre collision,,,,,,,,,,,5,2,1,1.0,6.0
201700032690,0017-03-30 06:55:00,17,3,30,6,55,620,895,"00, D 165",50.48881,2.87023,Crépuscule ou aube,Hors agglomération,Intersection en T,Normale,Deux véhicules - côté,,,,,,,,,,,2,1,3,1.0,3.0
201700032691,0017-03-02 18:00:00,17,3,2,18,0,620,291,".sans, PEGOUD (R )",50.42103,2.80476,Plein jour,En agglomération,Hors intersection,Normale,Deux véhicules - côté,,,,,,,,,,,1,2,1,1.0,3.0
201700032692,0017-04-06 16:30:00,17,4,6,16,30,620,215,VIEUX CHATEAU (R DU),50.48521,2.9601,Plein jour,En agglomération,Hors intersection,Normale,Deux véhicules - côté,,,,,,,,,,,1,2,1,1.0,3.0
201700032693,0017-04-23 16:00:00,17,4,23,16,0,620,133,"75, EGALITE (R )",50.41675,2.91736,Plein jour,En agglomération,Hors intersection,Normale,Autre collision,,,,,,,,,,,1,2,1,1.0,6.0
201700032694,0017-03-13 16:30:00,17,3,13,16,30,620,498,"sans, ARRAS (RTE  D')",50.42008,2.8203,Plein jour,Hors agglomération,Giratoire,Normale,Autre collision,,,,,,,,,,,1,1,6,1.0,6.0
201700032695,0017-04-15 23:40:00,17,4,15,23,40,620,907,RD 954,50.47931,3.00845,Nuit avec éclairage allumé,En agglomération,Hors intersection,Normale,Autre collision,,,,,,,,,,,5,2,1,1.0,6.0
201700032696,0017-03-21 15:30:00,17,3,21,15,30,620,427,PIETTE (BD JACQUES) ),50.41276,2.96663,Plein jour,En agglomération,Hors intersection,Normale,Autre collision,,,,,,,,,,,1,2,1,1.0,6.0
201700032697,0017-05-08 05:55:00,17,5,8,5,55,620,133,"sans, OUSSEKINE (R MALIK",50.4215,2.9083,Nuit avec éclairage allumé,En agglomération,Hors intersection,Pluie légère,Autre collision,,,,,,,,,,,5,2,1,2.0,6.0
201700032698,0017-02-01 07:30:00,17,2,1,7,30,620,528,"SANS, LANDY (R)",50.45818,2.78828,Nuit avec éclairage allumé,En agglomération,Hors intersection,Autre,Autre collision,,,,,,,,,,,5,2,1,9.0,6.0
201700032699,0017-02-15 15:20:00,17,2,15,15,20,620,563,"SANS, LAMARTINE (R )",50.46973,2.71282,Plein jour,En agglomération,Hors intersection,Normale,Deux véhicules - côté,,,,,,,,,,,1,2,1,1.0,3.0
201700032700,0017-03-30 19:45:00,17,3,30,19,45,620,65,"SANS, RD 917",50.39963,2.82464,Plein jour,Hors agglomération,Hors intersection,Normale,Autre collision,,,,,,,,,,,1,1,1,1.0,6.0
201700032701,0017-02-26 16:30:00,17,2,26,16,30,620,498,"sans, BETHUNE (RTE DE)",50.43762,2.81326,Plein jour,En agglomération,Intersection en T,Normale,Deux véhicules - côté,,,,,,,,,,,1,2,3,1.0,3.0
201700032702,0017-03-19 16:45:00,17,3,19,16,45,620,386,CONDE (R DE),50.44609,2.73846,Plein jour,En agglomération,Hors intersection,Normale,Autre collision,,,,,,,,,,,1,2,1,1.0,6.0
201700032703,0017-03-22 16:20:00,17,3,22,16,20,620,215,"sans, COURRIERES (RTE DE",50.47237,2.94083,Plein jour,En agglomération,Hors intersection,Normale,Autre collision,,,,,,,,,,,1,2,1,1.0,6.0
201700032704,0017-03-26 20:10:00,17,3,26,20,10,620,510,CD 58,50.43346,2.75297,Crépuscule ou aube,Hors agglomération,Hors intersection,Normale,Deux véhicules - frontale,,,,,,,,,,,2,1,1,1.0,1.0
201700032705,0017-04-24 18:30:00,17,4,24,18,30,620,65,"53, SEMARD PIERRE",50.41492,2.84349,Plein jour,Hors agglomération,Hors intersection,Normale,Deux véhicules - côté,,,,,,,,,,,1,1,1,1.0,3.0
201700032706,0017-04-04 09:00:00,17,4,4,9,0,620,637,"11, CROMBEZ (R HENRIETTE",50.46958,2.9917,Plein jour,En agglomération,Hors intersection,Normale,Autre collision,,,,,,,,,,,1,2,1,1.0,6.0
201700032707,0017-03-09 19:20:00,17,3,9,19,20,620,895,DEPARTEMENTALE 165,50.4887,2.87,Plein jour,Hors agglomération,Intersection en T,Normale,Sans collision,,,,,,,,,,,1,1,3,1.0,7.0
201700032708,0017-03-01 02:15:00,17,3,1,2,15,620,427,"., CHURCHILL (BD WINSTON",50.42734,2.94765,Nuit avec éclairage allumé,En agglomération,Intersection en X,Normale,Deux véhicules - côté,,,,,,,,,,,5,2,2,1.0,3.0
201700032709,0017-03-23 10:20:00,17,3,23,10,20,620,186,"., HUGO (PL. VICTOR)",50.44584,2.72182,Plein jour,En agglomération,Hors intersection,Normale,Sans collision,,,,,,,,,,,1,2,1,1.0,7.0
201700032710,0017-03-21 10:20:00,17,3,21,10,20,620,510,"51, TASSIGNY (R DU MAL.",50.4168,2.76706,Plein jour,En agglomération,Hors intersection,Normale,Autre collision,,,,,,,,,,,1,2,1,1.0,6.0
201700032711,0017-03-31 21:50:00,17,3,31,21,50,620,510,ABREGAIN (R DE L'),50.42511,2.78048,Nuit avec éclairage allumé,En agglomération,Intersection en X,Normale,Deux véhicules - côté,,,,,,,,,,,5,2,2,1.0,3.0
201700032712,0017-03-23 17:50:00,17,3,23,17,50,620,65,ANGERS ( RUE DAVID D'),50.40522,2.84445,Plein jour,En agglomération,Intersection en X,Normale,Deux véhicules - côté,,,,,,,,,,,1,2,2,1.0,3.0
201700032713,0017-04-14 17:30:00,17,4,14,17,30,620,510,"sans, BEDART (R JULES)",50.41844,2.77897,Plein jour,En agglomération,Intersection en X,Normale,Deux véhicules - côté,,,,,,,,,,,1,2,2,1.0,3.0
201700032714,0017-04-14 10:30:00,17,4,14,10,30,620,33,"64, LILLE (RTE DE)",50.45307,2.87613,Plein jour,En agglomération,Intersection en Y,Normale,Deux véhicules - arrière,,,,,,,,,,,1,2,4,1.0,2.0
201700032715,0017-03-31 08:45:00,17,3,31,8,45,620,497,"SANS, LAGRANGE (R LEO)",50.43649,3.06005,Plein jour,En agglomération,Hors intersection,Normale,Autre collision,,,,,,,,,,,1,2,1,1.0,6.0
201700032716,0017-03-13 15:20:00,17,3,13,15,20,620,510,BRIQUET (R RAOUL),50.41844,2.77897,Plein jour,En agglomération,Intersection en X,Normale,Deux véhicules - côté,,,,,,,,,,,1,2,2,1.0,3.0
201700032717,0017-03-19 17:25:00,17,3,19,17,25,620,510,"SANS, DUTEMPLE (R )",50.43196,2.75484,Plein jour,En agglomération,Hors intersection,Normale,Deux véhicules - côté,,,,,,,,,,,1,2,1,1.0,3.0
201700032718,0017-03-29 17:50:00,17,3,29,17,50,620,570,"sans, DOURGES",50.41582,2.88574,Plein jour,En agglomération,Hors intersection,Normale,Deux véhicules - arrière,,,,,,,,,,,1,2,1,1.0,2.0
201700032719,0017-05-09 13:10:00,17,5,9,13,10,620,842,".sans, ZI (BOIS RIGAULT)",50.45862,2.83771,Plein jour,En agglomération,Hors intersection,Normale,Deux véhicules - côté,,,,,,,,,,,1,2,1,1.0,3.0
201700032720,0017-05-29 19:15:00,17,5,29,19,15,620,498,"., OEILLETS (R DES)",50.43852,2.80365,Plein jour,En agglomération,Intersection en T,Normale,Deux véhicules - frontale,,,,,,,,,,,1,2,3,1.0,1.0
201700032721,0017-05-23 18:10:00,17,5,23,18,10,620,628,SCHAFFNER (R DU DOCTEUR),50.42932,2.86634,Plein jour,En agglomération,Giratoire,Normale,Sans collision,,,,,,,,,,,1,2,6,1.0,7.0
201700032722,0017-05-27 22:30:00,17,5,27,22,30,620,563,"226, LAMARTINE (R )",50.46095,2.70221,Nuit avec éclairage allumé,En agglomération,Hors intersection,Normale,Deux véhicules - côté,,,,,,,,,,,5,2,1,1.0,3.0
201700032723,0017-05-04 21:05:00,17,5,4,21,5,620,498,"SANS, LILLE (RTE DE)  RN",50.43905,2.84621,Crépuscule ou aube,En agglomération,Intersection en X,Pluie forte,Deux véhicules - côté,,,,,,,,,,,2,2,2,3.0,3.0
201700032724,0017-06-27 13:40:00,17,6,27,13,40,620,907,RN 17,50.48816,2.99135,Plein jour,En agglomération,Hors intersection,Normale,Autre collision,,,,,,,,,,,1,2,1,1.0,6.0
201700032725,0017-05-20 15:30:00,17,5,20,15,30,620,413,"52, FUSILLES (R DES)",50.44458,2.90556,Plein jour,En agglomération,Hors intersection,Normale,Autre collision,,,,,,,,,,,1,2,1,1.0,6.0
201700032726,0017-06-10 23:55:00,17,6,10,23,55,620,498,"sans, DEPORTES (R DES )",50.42375,2.8357,Nuit avec éclairage allumé,En agglomération,Intersection en T,Normale,Deux véhicules - côté,,,,,,,,,,,5,2,3,1.0,3.0
201700032727,0017-05-22 16:55:00,17,5,22,16,55,620,498,"30, QUATRE SEPTEMBRE (AV",50.43237,2.83128,Plein jour,En agglomération,Hors intersection,Normale,Autre collision,,,,,,,,,,,1,2,1,1.0,6.0
201700032728,0017-04-01 18:00:00,17,4,1,18,0,620,528,BETHUNE (RTE DE),50.44603,2.79737,Plein jour,En agglomération,Intersection en X,Normale,Deux véhicules - côté,,,,,,,,,,,1,2,2,1.0,3.0
201700032729,0017-05-23 13:10:00,17,5,23,13,10,620,771,"22, BEUGNET (R CASIMIR)",50.41976,2.87693,Plein jour,En agglomération,Hors intersection,Normale,Deux véhicules - côté,,,,,,,,,,,1,2,1,1.0,3.0
201700032730,0017-07-05 15:40:00,17,7,5,15,40,620,249,"SANS, FERRY (R JULES)",50.40939,3.00502,Plein jour,Hors agglomération,Hors intersection,Normale,Trois véhicules et plus - en chaîne,,,,,,,,,,,1,1,1,1.0,4.0
201700032731,0017-06-14 07:45:00,17,6,14,7,45,620,351,"sans, OUSSEKINE (R MALIK",50.4307,2.92218,Plein jour,En agglomération,Hors intersection,Normale,Deux véhicules - côté,,,,,,,,,,,1,2,1,1.0,3.0
201700032732,0017-06-26 06:10:00,17,6,26,6,10,620,19,"SANS, RD 301",50.43531,2.69856,Plein jour,Hors agglomération,Autre intersection,Normale,Sans collision,,,,,,,,,,,1,1,9,1.0,7.0
201700032733,0017-06-05 20:10:00,17,6,5,20,10,620,498,"69, LANOY (R RENE)",50.48348,2.83429,Plein jour,En agglomération,Hors intersection,Normale,Deux véhicules - côté,,,,,,,,,,,1,2,1,1.0,3.0
201700032734,0017-07-13 15:45:00,17,7,13,15,45,620,498,LETIENNE (R JEAN),50.43001,2.82244,Plein jour,En agglomération,Giratoire,Normale,Autre collision,,,,,,,,,,,1,2,6,1.0,6.0
201700032735,0017-07-17 11:15:00,17,7,17,11,15,620,510,"sans, HOCHE (R)",50.41791,2.7706,Plein jour,Hors agglomération,Hors intersection,Normale,Autre collision,,,,,,,,,,,1,1,1,1.0,6.0
201700032736,0017-08-01 21:10:00,17,8,1,21,10,620,907,"13, BACHELET (R PIERRE)",50.48295,3.01967,Plein jour,En agglomération,Hors intersection,Normale,Autre collision,,,,,,,,,,,1,2,1,1.0,6.0
201700032737,0017-07-06 17:25:00,17,7,6,17,25,620,771,DOURGES (R DE),50.41911,2.88424,Plein jour,En agglomération,Intersection en X,Normale,Deux véhicules - côté,,,,,,,,,,,1,2,2,1.0,3.0
201700032738,0017-07-30 14:00:00,17,7,30,14,0,620,666,"52, DE GAULLE (R DU GAL)",50.47526,2.888,Plein jour,Hors agglomération,Hors intersection,Normale,Deux véhicules - côté,,,,,,,,,,,1,1,1,1.0,3.0
201700032739,0017-08-06 06:30:00,17,8,6,6,30,620,523,"17, WARIN (R JULES)",50.44196,2.86054,Crépuscule ou aube,En agglomération,Intersection en T,Normale,Autre collision,,,,,,,,,,,2,2,3,1.0,6.0
201700032740,0017-07-15 19:30:00,17,7,15,19,30,620,895,"5, HUGO (R VICTOR)",50.49647,2.87152,Plein jour,En agglomération,Hors intersection,Normale,Sans collision,,,,,,,,,,,1,2,1,1.0,7.0
201700032741,0017-05-16 07:25:00,17,5,16,7,25,620,510,"262, DELEBECQUE (R GERMA",50.42654,2.77576,Crépuscule ou aube,En agglomération,Hors intersection,Normale,Autre collision,,,,,,,,,,,2,2,1,1.0,6.0
201700032742,0017-05-17 21:30:00,17,5,17,21,30,620,510,"SANS, HOCHE (R)",50.41651,2.77227,Crépuscule ou aube,En agglomération,Hors intersection,Normale,Deux véhicules - frontale,,,,,,,,,,,2,2,1,1.0,1.0
201700032743,0017-06-23 12:15:00,17,6,23,12,15,620,427,"423, BASLY (BD EMILE)",50.42809,2.94917,Plein jour,En agglomération,Hors intersection,Normale,Autre collision,,,,,,,,,,,1,2,1,1.0,6.0
201700032744,0017-09-08 20:50:00,17,9,8,20,50,620,215,"35, PLACHEZ (R EDOUARD)",50.49189,2.95654,Nuit avec éclairage allumé,Hors agglomération,Hors intersection,Temps couvert,Deux véhicules - côté,,,,,,,,,,,5,1,1,8.0,3.0
201700032745,0017-07-25 11:30:00,17,7,25,11,30,620,624,"sans, REPUBLIQUE (AVE DE",50.41635,2.97711,Plein jour,En agglomération,Intersection en X,Normale,Deux véhicules - côté,,,,,,,,,,,1,2,2,1.0,3.0
201700032746,0017-07-25 17:10:00,17,7,25,17,10,620,528,"sans, BETHUNE (RTE DE)",50.44932,2.79134,Plein jour,En agglomération,Hors intersection,Normale,Deux véhicules - arrière,,,,,,,,,,,1,2,1,1.0,2.0
201700032747,0017-07-27 17:00:00,17,7,27,17,0,620,65,"SANS, FAURE FELIX",50.40051,2.80853,Plein jour,En agglomération,Intersection en X,Normale,Deux véhicules - côté,,,,,,,,,,,1,2,2,1.0,3.0
201700032748,0017-06-14 21:20:00,17,6,14,21,20,620,528,"28, SUPERVIELLE (R )",50.45527,2.77617,Crépuscule ou aube,En agglomération,Hors intersection,Normale,Autre collision,,,,,,,,,,,2,2,1,1.0,6.0
201700032749,0017-09-17 17:15:00,17,9,17,17,15,620,498,"221, BASSEE (RTE DE LA)",50.44761,2.81873,Plein jour,En agglomération,Intersection en T,Normale,Deux véhicules - côté,,,,,,,,,,,1,2,3,1.0,3.0
201700032750,0017-07-04 19:05:00,17,7,4,19,5,620,528,"SANS, MASSENA (R)",50.45523,2.80253,Plein jour,En agglomération,Intersection en X,Normale,Deux véhicules - côté,,,,,,,,,,,1,2,2,1.0,3.0
201700032751,0017-07-07 14:00:00,17,7,7,14,0,620,186,"SANS, BEUGNET (R CASIMIR",50.42622,2.72118,Plein jour,En agglomération,Intersection en T,Normale,Autre collision,,,,,,,,,,,1,2,3,1.0,6.0
201700032752,0017-07-19 20:50:00,17,7,19,20,50,620,498,FENELON (R ),50.4466,2.81464,Plein jour,En agglomération,Intersection en T,Normale,Deux véhicules - côté,,,,,,,,,,,1,2,3,1.0,3.0
201700032753,0017-08-31 15:50:00,17,8,31,15,50,620,215,".,rd *917",50.47991,2.95304,Plein jour,Hors agglomération,Hors intersection,Normale,Deux véhicules - côté,,,,,,,,,,,1,1,1,1.0,3.0
201700032754,0017-08-14 11:45:00,17,8,14,11,45,620,510,"71, THILLY (R MARIUS)",50.43643,2.75279,Plein jour,En agglomération,Hors intersection,Normale,Deux véhicules - frontale,,,,,,,,,,,1,2,1,1.0,1.0
201700032755,0017-08-28 13:00:00,17,8,28,13,0,620,771,"00, DE GAULLE (R DU GAL)",50.41983,2.88659,Plein jour,En agglomération,Intersection en T,Normale,Deux véhicules - côté,,,,,,,,,,,1,2,3,1.0,3.0
201700032756,0017-08-26 20:30:00,17,8,26,20,30,620,274,EVIN MALMAISON (RTE ),50.44334,3.00284,Plein jour,Hors agglomération,Giratoire,Normale,Autre collision,,,,,,,,,,,1,1,6,1.0,6.0
201700032757,0017-09-08 18:15:00,17,9,8,18,15,620,186,"., MARCHE (R FERNAND)",50.44,2.71,Plein jour,En agglomération,Hors intersection,Normale,Sans collision,,,,,,,,,,,1,2,1,1.0,7.0
201700032758,0017-07-13 16:15:00,17,7,13,16,15,620,510,"SANS, HUGO (R VICTOR)",50.41891,2.78094,Plein jour,En agglomération,Intersection en X,Normale,Deux véhicules - côté,,,,,,,,,,,1,2,2,1.0,3.0
201700032759,0017-08-31 21:15:00,17,8,31,21,15,620,33,BULCOURT (R EMERY),50.46151,2.87766,Nuit avec éclairage allumé,En agglomération,Intersection en X,Normale,Deux véhicules - côté,,,,,,,,,,,5,2,2,1.0,3.0
201700032760,0017-09-03 13:25:00,17,9,3,13,25,620,386,"05, BEUGNET (R CASIMIR)",50.44616,2.74044,Plein jour,En agglomération,Hors intersection,Normale,Deux véhicules - frontale,,,,,,,,,,,1,2,1,1.0,1.0
201700032761,0017-09-23 15:52:00,17,9,23,15,52,620,895,"95, MEURCHIN (R DE)",50.49711,2.86834,Plein jour,En agglomération,Hors intersection,Normale,Autre collision,,,,,,,,,,,1,2,1,1.0,6.0
201700032762,0017-09-30 18:45:00,17,9,30,18,45,620,250,"sans, LAMENDIN (R ARTHUR",50.44912,2.9595,Plein jour,Hors agglomération,Hors intersection,Normale,Deux véhicules - frontale,,,,,,,,,,,1,1,1,1.0,1.0
201700032763,0017-09-14 16:50:00,17,9,14,16,50,620,563,"., BASSEE (CHE DE LA)",50.46712,2.74751,Plein jour,En agglomération,Hors intersection,Normale,Deux véhicules - arrière,,,,,,,,,,,1,2,1,1.0,2.0
201700032764,0017-08-01 11:15:00,17,8,1,11,15,620,907,"., OEILLETS (R DES)",50.47685,3.01506,Plein jour,En agglomération,Hors intersection,Normale,Sans collision,,,,,,,,,,,1,2,1,1.0,7.0
201700032765,0017-08-31 18:10:00,17,8,31,18,10,620,724,"05, WARRET",50.39772,2.9112,Plein jour,En agglomération,Hors intersection,Normale,Autre collision,,,,,,,,,,,1,2,1,1.0,6.0
201700032766,0017-08-15 19:15:00,17,8,15,19,15,620,427,"SANS, MOULIN (BD JEAN)",50.42292,2.93808,Crépuscule ou aube,En agglomération,Hors intersection,Normale,Autre collision,,,,,,,,,,,2,2,1,1.0,6.0
201700032767,0017-10-06 12:25:00,17,10,6,12,25,620,386,"SANS, LAMENDIN (R ARTHUR",50.45619,2.74447,Plein jour,En agglomération,Intersection en X,Normale,Deux véhicules - côté,,,,,,,,,,,1,2,2,1.0,3.0
201700032768,0017-10-15 18:30:00,17,10,15,18,30,620,570,DROITS DE L'ENFANT  (RON,50.4048,2.8743,Crépuscule ou aube,Hors agglomération,Giratoire,Normale,Trois véhicules et plus - collisions multiples,,,,,,,,,,,2,1,6,1.0,5.0
201700032769,0017-10-15 16:35:00,17,10,15,16,35,620,498,BETHUNE (RTE DE),50.4398,2.8089,Plein jour,En agglomération,Intersection en T,Normale,Deux véhicules - côté,,,,,,,,,,,1,2,3,1.0,3.0
201700032770,0017-10-11 10:10:00,17,10,11,10,10,620,498,"06, SCHUMANN (R ROBERT)",50.44133,2.82225,Plein jour,En agglomération,Intersection en T,Normale,Deux véhicules - côté,,,,,,,,,,,1,2,3,1.0,3.0