accident_id,datetime,annee,mois,jour,heure,minute,departement,commune_insee,adresse,latitude,longitude,luminosite,agglomeration,intersection,meteo,collision,nb_vehicules,nb_usagers,nb_indemnes,nb_tues,nb_blesses_hosp,nb_blesses_legers,age_cond_1,age_cond_2,veh_type_cond_1,veh_type_cond_2,lum_code,agg_code,int_code,atm_code,col_code
201700032771,0017-10-13 16:45:00,17,10,13,16,45,620,33,"62, LILLE (RTE DE)",50.45268,2.87532,Plein jour,Hors agglomération,Hors intersection,Normale,Deux véhicules - côté,,,,,,,,,,,1,1,1,1.0,3.0
201700032772,0017-10-12 13:25:00,17,10,12,13,25,620,186,"sans, SCHWEITZER ( R DU",50.44901,2.71047,Plein jour,Hors agglomération,Giratoire,Normale,Deux véhicules - arrière,,,,,,,,,,,1,1,6,1.0,2.0
201700032773,0017-11-14 13:35:00,17,11,14,13,35,620,427,NOYELLES (CHE. DE),50.397,2.972,Plein jour,En agglomération,Giratoire,Normale,Autre collision,,,,,,,,,,,1,2,6,1.0,6.0
201700032774,0017-11-09 12:40:00,17,11,9,12,40,620,249,"., RD 160",50.41234,3.01491,Plein jour,Hors agglomération,Hors intersection,Normale,Deux véhicules - côté,,,,,,,,,,,1,1,1,1.0,3.0
201700032775,0017-09-15 17:10:00,17,9,15,17,10,620,637,BROSSOLETTE (R PIERRE),50.46627,2.99627,Plein jour,En agglomération,Giratoire,Normale,Deux véhicules - côté,,,,,,,,,,,1,2,6,1.0,3.0
201700032776,0017-11-15 17:20:00,17,11,15,17,20,620,498,"250, LILLE (RTE DE)  RN",50.43562,2.83899,Nuit avec éclairage allumé,En agglomération,Hors intersection,Temps couvert,Autre collision,,,,,,,,,,,5,2,1,8.0,6.0
201700032777,0017-12-28 17:30:00,17,12,28,17,30,620,194,"43, BRUNEHAUT ( CHAUSSEE",50.48214,2.47543,Crépuscule ou aube,En agglomération,Hors intersection,Normale,Trois véhicules et plus - collisions multiples,,,,,,,,,,,2,2,1,1.0,5.0
201700032778,0017-02-11 19:40:00,17,2,11,19,40,620,194,BRUNEHAUT ( CHAUSSEE ) C,50.48952,2.46498,Crépuscule ou aube,En agglomération,Hors intersection,Normale,Autre collision,,,,,,,,,,,2,2,1,1.0,6.0
201700032779,0017-03-24 15:20:00,17,3,24,15,20,620,555,LYON (RUE DE ),50.50304,2.49563,Plein jour,En agglomération,Intersection en X,Normale,Autre collision,,,,,,,,,,,1,2,2,1.0,6.0
201700032780,0017-05-25 16:40:00,17,5,25,16,40,620,194,"36, CHAMPAGNE ( RUE DE )",50.4964,2.48484,Plein jour,En agglomération,Intersection en X,Normale,Deux véhicules - côté,,,,,,,,,,,1,2,2,1.0,3.0
201700032781,0017-06-09 13:15:00,17,6,9,13,15,620,224,SAINT SAUVEUR (RUE DE),50.53735,2.56541,Plein jour,En agglomération,Autre intersection,Normale,Autre collision,,,,,,,,,,,1,2,9,1.0,6.0
201700032782,0017-06-10 12:56:00,17,6,10,12,56,620,194,"121, MANCEY ( RUE ANDRE",50.4842,2.47987,Plein jour,En agglomération,Hors intersection,Normale,Deux véhicules - frontale,,,,,,,,,,,1,2,1,1.0,1.0
201700032783,0017-05-31 17:05:00,17,5,31,17,5,620,23,GEORGES RICHARD (RUE ),50.53197,2.5172,Plein jour,En agglomération,Hors intersection,Normale,Autre collision,,,,,,,,,,,1,2,1,1.0,6.0
201700032784,0017-05-20 18:40:00,17,5,20,18,40,620,489,"1, GAMBETTA ( rue )",50.51182,2.52591,Plein jour,En agglomération,Intersection en T,Normale,Deux véhicules - arrière,,,,,,,,,,,1,2,3,1.0,2.0
201700032785,0017-08-29 21:05:00,17,8,29,21,5,620,555,"00, LABUISSIERE (CHEMIN",50.50009,2.51616,Nuit sans éclairage public,En agglomération,Hors intersection,Normale,Deux véhicules - frontale,,,,,,,,,,,3,2,1,1.0,1.0
201700032786,0017-06-27 09:25:00,17,6,27,9,25,620,224,"3399, RD 943",50.54426,2.54172,Plein jour,Hors agglomération,Hors intersection,Normale,Deux véhicules - côté,,,,,,,,,,,1,1,1,1.0,3.0
201700032787,0017-10-18 17:10:00,17,10,18,17,10,620,194,"62, ALSACE LORRAINE (RUE",50.49685,2.49083,Plein jour,En agglomération,Hors intersection,Normale,Autre collision,,,,,,,,,,,1,2,1,1.0,6.0
201700032788,0017-11-04 21:30:00,17,11,4,21,30,620,23,"9, LOZINGHEM (RUE DE )",50.5268,2.4991,Nuit avec éclairage allumé,En agglomération,Hors intersection,Pluie légère,Autre collision,,,,,,,,,,,5,2,1,2.0,6.0
201700032789,0017-01-05 20:45:00,17,1,5,20,45,620,617,"1, BEHARELLE (RUE HENRI)",50.47444,2.66607,Nuit avec éclairage allumé,En agglomération,Intersection en T,Temps couvert,Deux véhicules - côté,,,,,,,,,,,5,2,3,8.0,3.0
201700032790,0017-02-04 20:15:00,17,2,4,20,15,620,617,ROUTE NATIONALE (CD 937),50.48173,2.66055,Nuit avec éclairage allumé,En agglomération,Hors intersection,Pluie légère,Deux véhicules - frontale,,,,,,,,,,,5,2,1,2.0,1.0
201700032791,0017-02-23 11:10:00,17,2,23,11,10,620,83,"26, ROGER SALENGRO (PLAC",50.4596,2.61464,Plein jour,En agglomération,Hors intersection,Vent fort / tempête,Autre collision,,,,,,,,,,,1,2,1,6.0,6.0
201700032792,0017-02-21 07:15:00,17,2,21,7,15,620,737,BRETAGNE (RUE DE ),50.44283,2.67902,Nuit avec éclairage allumé,En agglomération,Intersection en T,Pluie légère,Deux véhicules - côté,,,,,,,,,,,5,2,3,2.0,3.0
201700032793,0017-03-10 16:10:00,17,3,10,16,10,620,617,ROUTE NATIONALE (CD 937),50.4813,2.66125,Plein jour,En agglomération,Intersection en X,Normale,Autre collision,,,,,,,,,,,1,2,2,1.0,6.0
201700032794,0017-06-04 17:30:00,17,6,4,17,30,620,83,"0,00000000, NOEUX (ROUTE",50.46359,2.62755,Plein jour,Hors agglomération,Hors intersection,Normale,Autre collision,,,,,,,,,,,1,1,1,1.0,6.0
201700032795,0017-07-07 23:30:00,17,7,7,23,30,620,737,"98, DE VIGNY (RUE ALFRED",50.45527,2.69305,Nuit avec éclairage allumé,En agglomération,Hors intersection,Normale,Autre collision,,,,,,,,,,,5,2,1,1.0,6.0
201700032796,0017-10-16 18:10:00,17,10,16,18,10,620,83,"50, FERRER (RUE FRANCISC",50.45684,2.61663,Plein jour,En agglomération,Hors intersection,Normale,Autre collision,,,,,,,,,,,1,2,1,1.0,6.0
201700032797,0017-11-17 18:20:00,17,11,17,18,20,620,83,CHARMILLES (RUE DES),50.45292,2.62178,Nuit avec éclairage allumé,En agglomération,Intersection en T,Normale,Deux véhicules - frontale,,,,,,,,,,,5,2,3,1.0,1.0
201700032798,0017-11-27 06:40:00,17,11,27,6,40,620,727,"295, RD 72",50.47354,2.599,Nuit avec éclairage allumé,En agglomération,Intersection en T,Pluie légère,Autre collision,,,,,,,,,,,5,2,3,2.0,6.0
201700032799,0017-02-03 22:35:00,17,2,3,22,35,620,902,"1, BRUYERES (RUE DES....",50.71207,2.24425,Nuit avec éclairage allumé,En agglomération,Hors intersection,Pluie forte,Autre collision,,,,,,,,,,,5,2,1,3.0,6.0
201700032800,0017-01-06 11:20:00,17,1,6,11,20,620,765,DALEMAGNE (RUE ADOLPHE..,50.75213,2.26476,Plein jour,En agglomération,Hors intersection,Normale,Autre collision,,,,,,,,,,,1,2,1,1.0,6.0
201700032801,0017-04-26 19:55:00,17,4,26,19,55,620,40,MITTERAND (AVE FRANCOIS.,50.7473,2.30998,Plein jour,En agglomération,Intersection en T,Normale,Trois véhicules et plus - collisions multiples,,,,,,,,,,,1,2,3,1.0,5.0
201700032802,0017-08-15 00:38:00,17,8,15,0,38,620,525,"10, BRUEGHEL (RUE.....)",50.74158,2.26901,Nuit avec éclairage allumé,En agglomération,Autre intersection,Normale,Autre collision,,,,,,,,,,,5,2,9,1.0,6.0
201700032803,0017-07-28 19:25:00,17,7,28,19,25,620,765,BAROEN  (LIEU-DIT LE....,50.76441,2.26474,Plein jour,Hors agglomération,Hors intersection,Normale,Autre collision,,,,,,,,,,,1,1,1,1.0,6.0
201700032804,0017-09-25 06:00:00,17,9,25,6,0,620,40,RN.42,50.71828,2.32582,Nuit sans éclairage public,En agglomération,Hors intersection,Normale,Deux véhicules - côté,,,,,,,,,,,3,2,1,1.0,3.0
201700032805,0017-12-04 18:30:00,17,12,4,18,30,620,40,"16B, MENDES FRANCE (AVE",50.73575,2.30316,Nuit avec éclairage allumé,En agglomération,Hors intersection,Pluie légère,Autre collision,,,,,,,,,,,5,2,1,2.0,6.0
201700032806,0017-12-15 08:05:00,17,12,15,8,5,620,757,JOFFRE (AVE.... 1A 31ET,50.75456,2.23704,Nuit avec éclairage allumé,En agglomération,Autre intersection,Pluie forte,Autre collision,,,,,,,,,,,5,2,9,3.0,6.0
201700032807,0017-02-04 11:25:00,17,2,4,11,25,620,826,"506, GENERAL DE GAULLE (",50.51535,1.59423,Plein jour,En agglomération,Hors intersection,Pluie légère,Autre collision,,,,,,,,,,,1,2,1,2.0,6.0
201700032808,0017-05-25 20:50:00,17,5,25,20,50,620,826,DESVRES (RUE),50.52791,1.5889,Plein jour,En agglomération,Intersection en X,Normale,Deux véhicules - côté,,,,,,,,,,,1,2,2,1.0,3.0
201700032809,0017-05-26 21:30:00,17,5,26,21,30,620,826,PICARDIE (AVENUE DE),50.51998,1.60316,Crépuscule ou aube,En agglomération,Intersection à plus de 4 branches,Normale,Deux véhicules - côté,,,,,,,,,,,2,2,5,1.0,3.0
201700032810,0017-06-02 01:20:00,17,6,2,1,20,620,826,GENERAL DE GAULLE (AVENU,50.50892,1.59976,Nuit sans éclairage public,En agglomération,Intersection en T,Normale,Deux véhicules - côté,,,,,,,,,,,3,2,3,1.0,3.0
201700032811,0017-08-17 20:55:00,17,8,17,20,55,620,826,"1, GENERAL DE GAULLE (AV",50.50821,1.61205,Plein jour,Hors agglomération,Hors intersection,Normale,Deux véhicules - frontale,,,,,,,,,,,1,1,1,1.0,1.0
201700032812,0017-09-20 06:00:00,17,9,20,6,0,620,826,"29, JEAN BART (AVENUE)",50.52816,1.58582,Nuit avec éclairage allumé,En agglomération,Hors intersection,Normale,Autre collision,,,,,,,,,,,5,2,1,1.0,6.0
201700032813,0017-12-06 18:20:00,17,12,6,18,20,630,32,RD 2089,45.74709,3.09317,Nuit avec éclairage allumé,En agglomération,Giratoire,Normale,Autre collision,,,,,,,,,,,5,2,6,1.0,6.0
201700032814,0017-12-07 07:10:00,17,12,7,7,10,630,32,D2089,45.7398,3.06949,Nuit sans éclairage public,Hors agglomération,Intersection en Y,Normale,Autre collision,,,,,,,,,,,3,1,4,1.0,6.0
201700032815,0017-12-04 07:55:00,17,12,4,7,55,630,14,"., ROUSSILLON (AVENUE DU",45.75243,3.13176,Crépuscule ou aube,En agglomération,Intersection en X,Temps couvert,Autre collision,,,,,,,,,,,2,2,2,8.0,6.0
201700032816,0017-01-04 15:30:00,17,1,4,15,30,630,14,ROMAGNAT (RUE DE),45.7481,3.11,Plein jour,En agglomération,Hors intersection,Normale,Autre collision,,,,,,,,,,,1,2,1,1.0,6.0
201700032817,0017-01-13 23:50:00,17,1,13,23,50,630,113,"., ITALIE (AVENUE DE L')",45.7797,3.0958,Nuit avec éclairage allumé,En agglomération,Intersection en X,Normale,Deux véhicules - arrière,,,,,,,,,,,5,2,2,1.0,2.0
201700032818,0017-01-27 14:10:00,17,1,27,14,10,630,113,"., DELILLE (PLACE)",45.78011,3.09103,Plein jour,En agglomération,Intersection en Y,Pluie légère,Autre collision,,,,,,,,,,,1,2,4,2.0,6.0
201700032819,0017-01-20 09:30:00,17,1,20,9,30,630,113,LIONDARDS (RUE NOUVELLE,45.75974,3.08769,Plein jour,En agglomération,Hors intersection,Normale,Autre collision,,,,,,,,,,,1,2,1,1.0,6.0
201700032820,0017-02-10 10:00:00,17,2,10,10,0,630,75,"54, ROYAT (AVENUE DE)",45.77406,3.06249,Plein jour,En agglomération,Place,Normale,Autre collision,,,,,,,,,,,1,2,7,1.0,6.0
201700032821,0017-01-26 15:06:00,17,1,26,15,6,630,14,"32, ROMAGNAT (RUE DE)",45.7487,3.1109,Plein jour,En agglomération,Hors intersection,Normale,Autre collision,,,,,,,,,,,1,2,1,1.0,6.0
201700032822,0017-02-19 05:58:00,17,2,19,5,58,630,14,"., ROUSSILLON (AVENUE DU",45.74997,3.13381,Nuit avec éclairage allumé,En agglomération,Hors intersection,Normale,Autre collision,,,,,,,,,,,5,2,1,1.0,6.0
201700032823,0017-03-05 03:10:00,17,3,5,3,10,630,113,"., TRUDAINE (BD)",45.77852,3.0903,Nuit avec éclairage allumé,En agglomération,Autre intersection,Normale,Autre collision,,,,,,,,,,,5,2,9,1.0,6.0
201700032824,0017-02-28 17:10:00,17,2,28,17,10,630,113,DIOMEDE (RUE PAUL),45.784,3.07612,Plein jour,En agglomération,Intersection en X,Normale,Deux véhicules - côté,,,,,,,,,,,1,2,2,1.0,3.0
201700032825,0017-02-25 04:20:00,17,2,25,4,20,630,113,"., POURCHON (BD MAURICE)",45.7895,3.08085,Nuit avec éclairage allumé,En agglomération,Hors intersection,Normale,Deux véhicules - arrière,,,,,,,,,,,5,2,1,1.0,2.0
201700032826,0017-01-01 11:00:00,17,1,1,11,0,630,75,"54, ROYAT (AVENUE DE)",45.77384,3.062,Plein jour,En agglomération,Hors intersection,Normale,Autre collision,,,,,,,,,,,1,2,1,1.0,6.0
201700032827,0017-03-20 15:00:00,17,3,20,15,0,630,113,"., BERTHELOT (BOULEVARD)",45.77979,3.0715,Plein jour,En agglomération,Hors intersection,Normale,Autre collision,,,,,,,,,,,1,2,1,1.0,6.0
201700032828,0017-03-26 10:00:00,17,3,26,10,0,630,113,"., CLEMENTEL (BD ETIENNE",45.80157,3.11129,Plein jour,En agglomération,Hors intersection,Normale,Deux véhicules - côté,,,,,,,,,,,1,2,1,1.0,3.0
201700032829,0017-04-10 13:15:00,17,4,10,13,15,630,113,"., LEMOY (RUE ROBERT)",45.81701,3.12328,Plein jour,En agglomération,Hors intersection,Normale,Sans collision,,,,,,,,,,,1,2,1,1.0,7.0
201700032830,0017-04-03 18:45:00,17,4,3,18,45,630,75,"95, ROYAT (AVENUE DE)",45.76828,3.05661,Plein jour,En agglomération,Hors intersection,Normale,Autre collision,,,,,,,,,,,1,2,1,1.0,6.0
201700032831,0017-04-01 01:57:00,17,4,1,1,57,630,113,"9, RENOUX (PLACE)",45.77582,3.08626,Nuit avec éclairage allumé,En agglomération,Place,Pluie légère,Sans collision,,,,,,,,,,,5,2,7,2.0,7.0
201700032832,0017-03-13 19:15:00,17,3,13,19,15,630,113,"., DELILLE (PLACE)",45.78002,3.09116,Nuit avec éclairage allumé,En agglomération,Place,Normale,Autre collision,,,,,,,,,,,5,2,7,1.0,6.0
201700032833,0017-04-08 09:25:00,17,4,8,9,25,630,113,"., SOUS LES VIGNES (RUE)",45.80202,3.10661,Plein jour,En agglomération,Intersection en Y,Normale,Autre collision,,,,,,,,,,,1,2,4,1.0,6.0
201700032834,0017-05-12 17:55:00,17,5,12,17,55,630,113,"., ORADOU (RUE DE L')",45.76841,3.10459,Plein jour,En agglomération,Intersection en Y,Normale,Deux véhicules - côté,,,,,,,,,,,1,2,4,1.0,3.0
201700032835,0017-05-12 07:35:00,17,5,12,7,35,630,113,"23, COTE BLATIN (BD)",45.77125,3.093,Plein jour,En agglomération,Hors intersection,Normale,Autre collision,,,,,,,,,,,1,2,1,1.0,6.0
201700032836,0017-05-07 00:15:00,17,5,7,0,15,630,113,"36, ROUVIER (RUE)",45.80744,3.11931,Nuit avec éclairage allumé,En agglomération,Intersection en X,Normale,Deux véhicules - côté,,,,,,,,,,,5,2,2,1.0,3.0
201700032837,0017-05-09 00:10:00,17,5,9,0,10,630,113,"., MALFREYT (BD LEON)",45.77374,3.0852,Nuit avec éclairage allumé,Hors agglomération,Hors intersection,Normale,Deux véhicules - arrière,,,,,,,,,,,5,1,1,1.0,2.0
201700032838,0017-05-17 21:05:00,17,5,17,21,5,630,113,"., COTTAGES (AVENUE DES)",45.7649,3.07926,Plein jour,En agglomération,Intersection en X,Normale,Deux véhicules - côté,,,,,,,,,,,1,2,2,1.0,3.0
201700032839,0017-05-02 09:15:00,17,5,2,9,15,630,113,SAINT JEAN (BD),45.7856,3.11931,Plein jour,En agglomération,Hors intersection,Normale,Autre collision,,,,,,,,,,,1,2,1,1.0,6.0
201700032840,0017-04-09 12:50:00,17,4,9,12,50,630,113,"33 bis, BERTHELOT (BOULE",45.78008,3.07131,Plein jour,Hors agglomération,Hors intersection,Normale,Autre collision,,,,,,,,,,,1,1,1,1.0,6.0
201700032841,0017-05-07 03:00:00,17,5,7,3,0,630,32,"., RD 2089",45.74339,3.13894,Nuit sans éclairage public,Hors agglomération,Giratoire,Normale,Autre collision,,,,,,,,,,,3,1,6,1.0,6.0
201700032842,0017-04-20 21:20:00,17,4,20,21,20,630,113,ORADOU (RUE DE L'),45.76505,3.123,Nuit avec éclairage allumé,En agglomération,Intersection en X,Normale,Deux véhicules - côté,,,,,,,,,,,5,2,2,1.0,3.0
201700032843,0017-05-07 01:15:00,17,5,7,1,15,630,113,"., LIBERTE (PLACE DE LA)",45.77941,3.07767,Nuit avec éclairage allumé,En agglomération,Intersection en X,Normale,Deux véhicules - côté,,,,,,,,,,,5,2,2,1.0,3.0
201700032844,0017-05-16 09:50:00,17,5,16,9,50,630,113,JOUHAUX (BD LEON),45.79153,3.11494,Plein jour,En agglomération,Passage à niveau,Normale,Autre collision,,,,,,,,,,,1,2,8,1.0,6.0
201700032845,0017-04-13 00:30:00,17,4,13,0,30,630,113,MOINIER (RUE ANDRE),45.78061,3.085,Nuit avec éclairage allumé,En agglomération,Passage à niveau,Normale,Autre collision,,,,,,,,,,,5,2,8,1.0,6.0
201700032846,0017-06-08 22:50:00,17,6,8,22,50,630,113,BLANZAT (RUE DE),45.78566,3.08482,Nuit avec éclairage allumé,En agglomération,Hors intersection,Normale,Autre collision,,,,,,,,,,,5,2,1,1.0,6.0
201700032847,0017-06-21 14:50:00,17,6,21,14,50,630,113,"6, GAILLARD (PLACE GILBE",45.78029,3.08256,Plein jour,En agglomération,Hors intersection,Normale,Autre collision,,,,,,,,,,,1,2,1,1.0,6.0
201700032848,0017-05-31 11:00:00,17,5,31,11,0,630,113,"21, BERTHELOT (BOULEVARD",45.77968,3.07166,Plein jour,En agglomération,Hors intersection,Temps couvert,Autre collision,,,,,,,,,,,1,2,1,8.0,6.0
201700032849,0017-04-26 18:30:00,17,4,26,18,30,630,113,"40, BERTHELOT (BOULEVARD",45.77939,3.07178,Plein jour,En agglomération,Autre intersection,Normale,Autre collision,,,,,,,,,,,1,2,9,1.0,6.0
201700032850,0017-07-09 04:50:00,17,7,9,4,50,630,14,ROUSSILLON (AVENUE DU),45.7555,3.129,Nuit avec éclairage allumé,En agglomération,Intersection en Y,Normale,Deux véhicules - arrière,,,,,,,,,,,5,2,4,1.0,2.0
201700032851,0017-07-16 01:40:00,17,7,16,1,40,630,14,ROMAGNAT (RUE DE),45.7469,3.1092,Nuit avec éclairage allumé,En agglomération,Hors intersection,Normale,Sans collision,,,,,,,,,,,5,2,1,1.0,7.0
201700032852,0017-07-18 21:20:00,17,7,18,21,20,630,113,"., BINGEN (BD JACQUES)",45.76677,3.10698,Plein jour,En agglomération,Intersection en X,Normale,Deux véhicules - côté,,,,,,,,,,,1,2,2,1.0,3.0
201700032853,0017-06-25 19:15:00,17,6,25,19,15,630,113,"71, PLAINE (ALLEE DE LA)",45.76565,3.1032,Plein jour,En agglomération,Intersection en T,Temps éblouissant,Autre collision,,,,,,,,,,,1,2,3,7.0,6.0
201700032854,0017-06-24 19:15:00,17,6,24,19,15,630,113,"6, ROUVIER (RUE)",45.80665,3.11112,Plein jour,En agglomération,Autre intersection,Normale,Autre collision,,,,,,,,,,,1,2,9,1.0,6.0
201700032855,0017-08-06 21:35:00,17,8,6,21,35,630,113,ESTAING (RUE D'),45.78736,3.10607,Nuit avec éclairage allumé,En agglomération,Hors intersection,Normale,Trois véhicules et plus - en chaîne,,,,,,,,,,,5,2,1,1.0,4.0
201700032856,0017-08-07 21:45:00,17,8,7,21,45,630,113,SABLON (COURS),45.77355,3.09001,Nuit avec éclairage allumé,En agglomération,Intersection en X,Normale,Deux véhicules - côté,,,,,,,,,,,5,2,2,1.0,3.0
201700032857,0017-09-30 04:00:00,17,9,30,4,0,630,113,"., LOUCHEUR (BD LOUIS)",45.76318,3.09912,Nuit avec éclairage allumé,En agglomération,Intersection en X,Normale,Deux véhicules - côté,,,,,,,,,,,5,2,2,1.0,3.0
201700032858,0017-09-08 06:45:00,17,9,8,6,45,630,113,"179, LIBERATION (AVENUE",45.75727,3.08198,Crépuscule ou aube,En agglomération,Hors intersection,Normale,Deux véhicules - côté,,,,,,,,,,,2,2,1,1.0,3.0
201700032859,0017-10-19 01:39:00,17,10,19,1,39,630,113,"., JAURES (BD JEAN)",45.76785,3.08307,Nuit avec éclairage allumé,En agglomération,Intersection en X,Normale,Deux véhicules - côté,,,,,,,,,,,5,2,2,1.0,3.0
201700032860,0017-10-18 10:00:00,17,10,18,10,0,630,113,DUCLAUX (BD),45.77353,3.07475,Plein jour,En agglomération,Intersection à plus de 4 branches,Normale,Autre collision,,,,,,,,,,,1,2,5,1.0,6.0
201700032861,0017-09-28 09:45:00,17,9,28,9,45,630,113,"., BLERIOT (AVENUE LOUIS",45.78805,3.13921,Plein jour,En agglomération,Giratoire,Normale,Deux véhicules - arrière,,,,,,,,,,,1,2,6,1.0,2.0
201700032862,0017-11-11 01:15:00,17,11,11,1,15,630,113,"., POCHET LAGAYE (BD PAU",45.7656,3.10435,Nuit avec éclairage allumé,En agglomération,Hors intersection,Pluie légère,Autre collision,,,,,,,,,,,5,2,1,2.0,6.0
201700032863,0017-01-18 14:15:00,17,1,18,14,15,630,193,"1, PONTEL (RUE DU)",45.77626,3.19674,Plein jour,En agglomération,Hors intersection,Normale,Autre collision,,,,,,,,,,,1,2,1,1.0,6.0
201700032864,0017-02-24 02:30:00,17,2,24,2,30,630,124,GARE (AVENUE DE LA),45.73862,3.18387,Nuit avec éclairage allumé,En agglomération,Intersection en T,Pluie légère,Deux véhicules - frontale,,,,,,,,,,,5,2,3,2.0,1.0
201700032865,0017-07-06 23:30:00,17,7,6,23,30,630,124,"1, LIVRADOIS (AVENUE DU)",45.73096,3.19984,Nuit avec éclairage allumé,En agglomération,Intersection en X,Normale,Deux véhicules - côté,,,,,,,,,,,5,2,2,1.0,3.0
201700032866,0017-08-01 08:20:00,17,8,1,8,20,630,124,"14, LIBERTE (AVENUE DE L",45.7388,3.19846,Plein jour,En agglomération,Hors intersection,Normale,Autre collision,,,,,,,,,,,1,2,1,1.0,6.0
201700032867,0017-04-08 01:10:00,17,4,8,1,10,630,164,MITTERRAND ( Avenue Fran,,,Nuit sans éclairage public,En agglomération,Hors intersection,Normale,Autre collision,,,,,,,,,,,3,2,1,1.0,6.0
201700032868,0017-05-24 20:30:00,17,5,24,20,30,630,164,"4, AMPERE (RUE ANDRE MAR",45.81325,3.14558,Plein jour,En agglomération,Hors intersection,Normale,Autre collision,,,,,,,,,,,1,2,1,1.0,6.0
201700032869,0017-06-08 17:20:00,17,6,8,17,20,630,164,MITTERRAND ( Avenue Fran,45.81801,3.15411,Plein jour,En agglomération,Hors intersection,Normale,Deux véhicules - arrière,,,,,,,,,,,1,2,1,1.0,2.0
201700032870,0017-06-23 15:50:00,17,6,23,15,50,630,164,Route dpartementale 210,45.83968,3.15827,Plein jour,En agglomération,Hors intersection,Normale,Deux véhicules - frontale,,,,,,,,,,,1,2,1,1.0,1.0
201700032871,0017-08-03 10:15:00,17,8,3,10,15,630,63,"88, GERZAT (ROUTE DE)",45.82708,3.12246,Plein jour,Hors agglomération,Hors intersection,Normale,Trois véhicules et plus - en chaîne,,,,,,,,,,,1,1,1,1.0,4.0
201700032872,0017-10-26 06:56:00,17,10,26,6,56,630,164,CEBAZAT (ROUTE DE),45.82688,3.12399,Nuit sans éclairage public,Hors agglomération,Hors intersection,Normale,Deux véhicules - frontale,,,,,,,,,,,3,1,1,1.0,1.0
201700032873,0017-01-26 09:10:00,17,1,26,9,10,630,300,"12, CHATELGUYON-GUYON (A",45.89637,3.10779,Plein jour,En agglomération,Hors intersection,Neige / grêle,Autre collision,,,,,,,,,,,1,2,1,4.0,6.0
201700032874,0017-03-12 04:35:00,17,3,12,4,35,630,300,ROCADE RD 446,45.87612,3.09971,Nuit sans éclairage public,Hors agglomération,Intersection en X,Normale,Deux véhicules - côté,,,,,,,,,,,3,1,2,1.0,3.0
201700032875,0017-04-04 22:35:00,17,4,4,22,35,630,300,"28, RD 83",45.8866,3.10232,Nuit avec éclairage allumé,En agglomération,Hors intersection,Normale,Autre collision,,,,,,,,,,,5,2,1,1.0,6.0
201700032876,0017-06-13 19:40:00,17,6,13,19,40,630,224,RD 2009,45.86875,3.1187,Plein jour,Hors agglomération,Hors intersection,Pluie forte,Sans collision,,,,,,,,,,,1,1,1,3.0,7.0
201700032877,0017-08-05 18:00:00,17,8,5,18,0,630,103,"62, THERMAL (BOULEVARD)",45.92538,3.07652,Plein jour,En agglomération,Hors intersection,Normale,Deux véhicules - frontale,,,,,,,,,,,1,2,1,1.0,1.0
201700032878,0017-10-05 08:45:00,17,10,5,8,45,630,300,"14, LIBERATION (AVENUE D",45.88948,3.11351,Plein jour,En agglomération,Hors intersection,Normale,Deux véhicules - arrière,,,,,,,,,,,1,2,1,1.0,2.0
201700032879,0017-10-05 16:25:00,17,10,5,16,25,630,300,PARIS (AVENUE DE),45.90616,3.12374,Plein jour,Hors agglomération,Hors intersection,Normale,Deux véhicules - côté,,,,,,,,,,,1,1,1,1.0,3.0
201700032880,0017-01-27 16:40:00,17,1,27,16,40,640,102,AVENUE DU GRAND BASQUE,43.49104,-1.45331,Plein jour,En agglomération,Giratoire,Normale,Deux véhicules - côté,,,,,,,,,,,1,2,6,1.0,3.0
201700032881,0017-12-29 21:35:00,17,12,29,21,35,640,102,"36, MAUBEC (RUE)",43.49709,-1.46804,Nuit avec éclairage allumé,En agglomération,Intersection en T,Normale,Sans collision,,,,,,,,,,,5,2,3,1.0,7.0
201700032882,0017-01-29 20:10:00,17,1,29,20,10,640,140,RUE PIERRE LACOUTURE,43.5292,-1.47533,Nuit avec éclairage allumé,En agglomération,Intersection en T,Normale,Deux véhicules - frontale,,,,,,,,,,,5,2,3,1.0,1.0
201700032883,0017-12-31 02:30:00,17,12,31,2,30,640,102,AV HENRI DE NAVARRE,43.50068,-1.44628,Nuit avec éclairage allumé,En agglomération,Hors intersection,Normale,Autre collision,,,,,,,,,,,5,2,1,1.0,6.0
201700032884,0017-01-30 18:45:00,17,1,30,18,45,640,102,RUE DE RAVIGNAN,43.48952,-1.47187,Plein jour,En agglomération,Hors intersection,Normale,Deux véhicules - côté,,,,,,,,,,,1,2,1,1.0,3.0
201700032885,0017-01-31 18:10:00,17,1,31,18,10,640,102,BOUL D'ALSACE LORRAINE,43.4947,-1.4684,Plein jour,En agglomération,Intersection en X,Normale,Deux véhicules - frontale,,,,,,,,,,,1,2,2,1.0,1.0
201700032886,0017-02-03 00:05:00,17,2,3,0,5,640,24,AVENUE DE BAYONNE,43.48035,-1.51568,Nuit avec éclairage allumé,En agglomération,Hors intersection,Temps couvert,Sans collision,,,,,,,,,,,5,2,1,8.0,7.0
201700032887,0017-02-03 10:00:00,17,2,3,10,0,640,102,AVENUE FERNAND FORGUES,43.48766,-1.48134,Plein jour,En agglomération,Hors intersection,Normale,Autre collision,,,,,,,,,,,1,2,1,1.0,6.0
201700032888,0017-02-03 19:15:00,17,2,3,19,15,640,102,BOULEVARD DU BAB,43.49812,-1.49084,Nuit avec éclairage allumé,En agglomération,Hors intersection,Normale,Deux véhicules - côté,,,,,,,,,,,5,2,1,1.0,3.0