accident_id,datetime,annee,mois,jour,heure,minute,departement,commune_insee,adresse,latitude,longitude,luminosite,agglomeration,intersection,meteo,collision,nb_vehicules,nb_usagers,nb_indemnes,nb_tues,nb_blesses_hosp,nb_blesses_legers,age_cond_1,age_cond_2,veh_type_cond_1,veh_type_cond_2,lum_code,agg_code,int_code,atm_code,col_code
201700032889,0017-02-04 17:20:00,17,2,4,17,20,640,102,CHEMIN D' ARANCETTE,43.48227,-1.48774,Plein jour,En agglomération,Hors intersection,Pluie légère,Deux véhicules - côté,,,,,,,,,,,1,2,1,2.0,3.0
201700032890,0017-02-06 20:20:00,17,2,6,20,20,640,24,BOULEVARD DU BAB,43.4937,-1.5209,Nuit sans éclairage public,En agglomération,Hors intersection,Pluie légère,Deux véhicules - arrière,,,,,,,,,,,3,2,1,2.0,2.0
201700032891,0017-02-08 19:54:00,17,2,8,19,54,640,24,82 AVENUE DE BIARRITZ,43.48026,-1.51851,Nuit sans éclairage public,En agglomération,Hors intersection,Temps couvert,Autre collision,,,,,,,,,,,3,2,1,8.0,6.0
201700032892,0017-02-10 13:30:00,17,2,10,13,30,640,102,PONT DU LABOURD,43.48621,-1.4766,Plein jour,En agglomération,Intersection en Y,Normale,Deux véhicules - côté,,,,,,,,,,,1,2,4,1.0,3.0
201700032893,0017-02-11 20:40:00,17,2,11,20,40,640,102,21 CHEMIN SAINT BERNARD,43.50447,-1.48505,Nuit avec éclairage allumé,En agglomération,Hors intersection,Normale,Deux véhicules - frontale,,,,,,,,,,,5,2,1,1.0,1.0
201700032894,0017-02-16 11:35:00,17,2,16,11,35,640,24,30 RUE DE SALIS,43.48564,-1.5159,Plein jour,En agglomération,Hors intersection,Normale,Sans collision,,,,,,,,,,,1,2,1,1.0,7.0
201700032895,0017-02-16 16:00:00,17,2,16,16,0,640,24,AVENUE DE MONTBRUN,43.5037,-1.5039,Plein jour,En agglomération,Intersection en X,Normale,Deux véhicules - côté,,,,,,,,,,,1,2,2,1.0,3.0
201700032896,0017-02-17 10:56:00,17,2,17,10,56,640,102,BOUL D'ALSACE LORRAINE,43.49505,-1.46956,Plein jour,En agglomération,Hors intersection,Normale,Autre collision,,,,,,,,,,,1,2,1,1.0,6.0
201700032897,0017-02-19 09:25:00,17,2,19,9,25,640,140,QUAI DE LA DOUANE,43.52199,-1.48987,Plein jour,En agglomération,Hors intersection,Normale,Deux véhicules - côté,,,,,,,,,,,1,2,1,1.0,3.0
201700032898,0017-03-06 07:30:00,17,3,6,7,30,640,140,RUE RAOUL BRAMARIE,43.52273,-1.48933,Crépuscule ou aube,En agglomération,Hors intersection,Pluie forte,Autre collision,,,,,,,,,,,2,2,1,3.0,6.0
201700032899,0017-03-13 18:55:00,17,3,13,18,55,640,24,ALLEE ETCHECOPAR,43.46487,-1.52764,Crépuscule ou aube,En agglomération,Hors intersection,Normale,Sans collision,,,,,,,,,,,2,2,1,1.0,7.0
201700032900,0017-03-18 17:05:00,17,3,18,17,5,640,102,AV DES ALLEES MARINES,43.49528,-1.47844,Plein jour,En agglomération,Hors intersection,Normale,Sans collision,,,,,,,,,,,1,2,1,1.0,7.0
201700032901,0017-03-19 17:15:00,17,3,19,17,15,640,24,AVENUE JEAN LEON LAPORTE,43.48798,-1.50057,Plein jour,En agglomération,Hors intersection,Normale,Sans collision,,,,,,,,,,,1,2,1,1.0,7.0
201700032902,0017-03-26 21:40:00,17,3,26,21,40,640,24,BOULEVARD DU BAB,43.49281,-1.53155,Nuit avec éclairage allumé,En agglomération,Hors intersection,Normale,Autre collision,,,,,,,,,,,5,2,1,1.0,6.0
201700032903,0017-03-29 14:55:00,17,3,29,14,55,640,24,PROMENADE DE LA BARRE,43.50346,-1.52664,Plein jour,En agglomération,Intersection en T,Normale,Deux véhicules - côté,,,,,,,,,,,1,2,3,1.0,3.0
201700032904,0017-03-29 15:35:00,17,3,29,15,35,640,102,AVENUE MARECHAL SOULT,43.48509,-1.4943,Plein jour,En agglomération,Intersection en T,Normale,Deux véhicules - côté,,,,,,,,,,,1,2,3,1.0,3.0
201700032905,0017-03-31 06:50:00,17,3,31,6,50,640,102,DUVERGIER DE HAURANNE,43.48428,-1.46631,Nuit avec éclairage allumé,En agglomération,Hors intersection,Normale,Deux véhicules - côté,,,,,,,,,,,5,2,1,1.0,3.0
201700032906,0017-03-31 18:25:00,17,3,31,18,25,640,102,RUE BERNARD GAUDEL,43.48101,-1.49944,Plein jour,En agglomération,Intersection en T,Normale,Deux véhicules - côté,,,,,,,,,,,1,2,3,1.0,3.0
201700032907,0017-03-31 19:15:00,17,3,31,19,15,640,102,RUE MAUBEC,43.502,-1.46753,Plein jour,En agglomération,Intersection en T,Normale,Deux véhicules - côté,,,,,,,,,,,1,2,3,1.0,3.0
201700032908,0017-04-04 07:35:00,17,4,4,7,35,640,102,129 RUE MAUBEC,43.50299,-1.46785,Crépuscule ou aube,En agglomération,Hors intersection,Normale,Sans collision,,,,,,,,,,,2,2,1,1.0,7.0
201700032909,0017-04-07 16:30:00,17,4,7,16,30,640,24,RUE DE CHASSIN,43.49314,-1.52843,Plein jour,En agglomération,Hors intersection,Normale,Autre collision,,,,,,,,,,,1,2,1,1.0,6.0
201700032910,0017-04-08 18:30:00,17,4,8,18,30,640,102,AVENUE PIERRE LOTI,43.48221,-1.50019,Plein jour,En agglomération,Hors intersection,Normale,Sans collision,,,,,,,,,,,1,2,1,1.0,7.0
201700032911,0017-04-12 11:00:00,17,4,12,11,0,640,24,RUE DU BOIS BELIN,43.49283,-1.51916,Plein jour,En agglomération,Intersection en T,Normale,Deux véhicules - côté,,,,,,,,,,,1,2,3,1.0,3.0
201700032912,0017-04-13 18:25:00,17,4,13,18,25,640,102,AVENUE LOUIS DE FOIX,43.50997,-1.46822,Plein jour,En agglomération,Hors intersection,Normale,Sans collision,,,,,,,,,,,1,2,1,1.0,7.0
201700032913,0017-04-15 23:10:00,17,4,15,23,10,640,102,PLACE DU REDUIT,43.49317,-1.4729,Nuit avec éclairage allumé,En agglomération,Intersection en T,Normale,Deux véhicules - côté,,,,,,,,,,,5,2,3,1.0,3.0
201700032914,0017-04-16 02:10:00,17,4,16,2,10,640,102,PONT SAINT ESPRIT,43.49433,-1.47173,Nuit avec éclairage allumé,En agglomération,Hors intersection,Normale,Autre collision,,,,,,,,,,,5,2,1,1.0,6.0
201700032915,0017-04-21 14:00:00,17,4,21,14,0,640,24,17 AVENUE DE L' ADOUR,43.50313,-1.49469,Plein jour,En agglomération,Hors intersection,Normale,Deux véhicules - frontale,,,,,,,,,,,1,2,1,1.0,1.0
201700032916,0017-04-21 23:10:00,17,4,21,23,10,640,102,AVENUE DU 8 MAI 1945,43.47232,-1.48646,Nuit avec éclairage allumé,En agglomération,Hors intersection,Normale,Sans collision,,,,,,,,,,,5,2,1,1.0,7.0
201700032917,0017-04-25 14:55:00,17,4,25,14,55,640,102,AVENUE ROGER MAYLIE,43.49043,-1.49564,Plein jour,En agglomération,Giratoire,Normale,Deux véhicules - côté,,,,,,,,,,,1,2,6,1.0,3.0
201700032918,0017-04-25 17:45:00,17,4,25,17,45,640,102,"61, DUVERGIER DE HAURANN",43.48227,-1.46553,Plein jour,En agglomération,Hors intersection,Pluie légère,Autre collision,,,,,,,,,,,1,2,1,2.0,6.0
201700032919,0017-04-26 07:50:00,17,4,26,7,50,640,24,9 AVENUE DE L'ADOUR,43.50147,-1.49287,Plein jour,En agglomération,Hors intersection,Normale,Trois véhicules et plus - collisions multiples,,,,,,,,,,,1,2,1,1.0,5.0
201700032920,0017-05-03 14:00:00,17,5,3,14,0,640,24,ROND POINT DOC LACROIX,43.47763,-1.52398,Plein jour,En agglomération,Giratoire,Normale,Deux véhicules - côté,,,,,,,,,,,1,2,6,1.0,3.0
201700032921,0017-05-08 00:10:00,17,5,8,0,10,640,102,19 AVENUE JACQUES LOEB,43.48385,-1.48254,Nuit avec éclairage allumé,En agglomération,Intersection en T,Normale,Deux véhicules - frontale,,,,,,,,,,,5,2,3,1.0,1.0
201700032922,0017-05-14 16:13:00,17,5,14,16,13,640,24,ROUTE DE MAIGNON,43.47467,-1.50074,Plein jour,En agglomération,Hors intersection,Normale,Deux véhicules - arrière,,,,,,,,,,,1,2,1,1.0,2.0
201700032923,0017-05-19 13:20:00,17,5,19,13,20,640,24,RP BUTTE AUX CAILLES,43.49718,-1.50877,Plein jour,En agglomération,Giratoire,Pluie forte,Sans collision,,,,,,,,,,,1,2,6,3.0,7.0
201700032924,0017-05-22 12:15:00,17,5,22,12,15,640,102,CHEMIN DE SABALCE,43.49353,-1.49142,Plein jour,En agglomération,Hors intersection,Normale,Sans collision,,,,,,,,,,,1,2,1,1.0,7.0
201700032925,0017-05-29 08:45:00,17,5,29,8,45,640,24,AVENUE DE L' ADOUR,43.52598,-1.51103,Plein jour,En agglomération,Hors intersection,Pluie légère,Deux véhicules - arrière,,,,,,,,,,,1,2,1,2.0,2.0
201700032926,0017-06-02 20:10:00,17,6,2,20,10,640,102,AVENUE DU GRAND BASQUE,43.49104,-1.45342,Plein jour,En agglomération,Giratoire,Normale,Deux véhicules - côté,,,,,,,,,,,1,2,6,1.0,3.0
201700032927,0017-06-04 16:40:00,17,6,4,16,40,640,102,AQUITAINE  (Rond Point d,43.48714,-1.46882,Plein jour,En agglomération,Giratoire,Pluie forte,Sans collision,,,,,,,,,,,1,2,6,3.0,7.0
201700032928,0017-06-06 02:00:00,17,6,6,2,0,640,24,AVENUE DE BIARRITZ,43.48022,-1.51946,Nuit avec éclairage allumé,En agglomération,Hors intersection,Normale,Sans collision,,,,,,,,,,,5,2,1,1.0,7.0
201700032929,0017-06-13 02:20:00,17,6,13,2,20,640,102,04 ALLEE DES PLATANES,43.48816,-1.47286,Nuit avec éclairage allumé,En agglomération,Hors intersection,Normale,Sans collision,,,,,,,,,,,5,2,1,1.0,7.0
201700032930,0017-06-13 18:15:00,17,6,13,18,15,640,24,17 BOULEVARD DE LA MER,43.49608,-1.54006,Plein jour,En agglomération,Hors intersection,Normale,Deux véhicules - frontale,,,,,,,,,,,1,2,1,1.0,1.0
201700032931,0017-06-21 05:45:00,17,6,21,5,45,640,102,RUE DE RAVIGNAN,43.48996,-1.47145,Nuit avec éclairage allumé,En agglomération,Intersection en T,Normale,Deux véhicules - côté,,,,,,,,,,,5,2,3,1.0,3.0
201700032932,0017-06-24 12:10:00,17,6,24,12,10,640,102,AVENUE HENRI GRENET,43.5039,-1.47171,Plein jour,En agglomération,Hors intersection,Normale,Autre collision,,,,,,,,,,,1,2,1,1.0,6.0
201700032933,0017-06-28 17:45:00,17,6,28,17,45,640,24,RUE DU COLONEL MELVILLE,43.46674,-1.49862,Plein jour,En agglomération,Hors intersection,Temps couvert,Deux véhicules - côté,,,,,,,,,,,1,2,1,8.0,3.0
201700032934,0017-06-29 19:05:00,17,6,29,19,5,640,102,08 AVENUE LOUIS DE FOIX,43.50497,-1.46723,Plein jour,En agglomération,Hors intersection,Normale,Deux véhicules - côté,,,,,,,,,,,1,2,1,1.0,3.0
201700032935,0017-06-30 03:20:00,17,6,30,3,20,640,24,GIRATOIRE DE JORLIS,43.49788,-1.49471,Nuit avec éclairage allumé,En agglomération,Giratoire,Normale,Deux véhicules - arrière,,,,,,,,,,,5,2,6,1.0,2.0
201700032936,0017-07-03 11:00:00,17,7,3,11,0,640,102,AVENUE HENRI NAVARRE,43.50969,-1.44359,Plein jour,En agglomération,Intersection en T,Temps couvert,Trois véhicules et plus - collisions multiples,,,,,,,,,,,1,2,3,8.0,5.0
201700032937,0017-07-07 13:23:00,17,7,7,13,23,640,24,AVENUE JEAN LEON LAPORTE,43.48692,-1.49989,Plein jour,En agglomération,Hors intersection,Normale,Autre collision,,,,,,,,,,,1,2,1,1.0,6.0
201700032938,0017-07-10 16:00:00,17,7,10,16,0,640,102,AVENUE DU 14 AVRIL,43.50342,-1.46621,Plein jour,En agglomération,Intersection en T,Temps couvert,Deux véhicules - côté,,,,,,,,,,,1,2,3,8.0,3.0
201700032939,0017-07-14 01:00:00,17,7,14,1,0,640,24,RUE DE HAUSQUETTE,43.48915,-1.51239,Nuit avec éclairage allumé,En agglomération,Hors intersection,Normale,Deux véhicules - arrière,,,,,,,,,,,5,2,1,1.0,2.0
201700032940,0017-07-15 11:30:00,17,7,15,11,30,640,24,AVENUE DE L'ADOUR,43.5036,-1.49503,Plein jour,En agglomération,Hors intersection,Normale,Sans collision,,,,,,,,,,,1,2,1,1.0,7.0
201700032941,0017-07-17 21:30:00,17,7,17,21,30,640,102,AVENUE HENRI GRENET,43.50365,-1.46904,Plein jour,En agglomération,Intersection en X,Normale,Deux véhicules - côté,,,,,,,,,,,1,2,2,1.0,3.0
201700032942,0017-07-18 19:50:00,17,7,18,19,50,640,140,QUAI DE LA DOUANE,43.52235,-1.4899,Crépuscule ou aube,En agglomération,Intersection en T,Pluie légère,Deux véhicules - frontale,,,,,,,,,,,2,2,3,2.0,1.0
201700032943,0017-07-20 16:50:00,17,7,20,16,50,640,140,QUAI DE LA DOUANE,43.52214,-1.48991,Plein jour,En agglomération,Hors intersection,Temps couvert,Sans collision,,,,,,,,,,,1,2,1,8.0,7.0
201700032944,0017-07-27 21:00:00,17,7,27,21,0,640,102,AVENUE ANDRE GRIMARD,43.4863,-1.4764,Plein jour,En agglomération,Hors intersection,Normale,Autre collision,,,,,,,,,,,1,2,1,1.0,6.0
201700032945,0017-07-29 14:30:00,17,7,29,14,30,640,102,AVENUE MARECHAL SOULT,43.48746,-1.48428,Plein jour,En agglomération,Hors intersection,Normale,Autre collision,,,,,,,,,,,1,2,1,1.0,6.0
201700032946,0017-07-31 03:00:00,17,7,31,3,0,640,102,PONT DU GENIE,43.4879,-1.4749,Nuit avec éclairage allumé,En agglomération,Hors intersection,Normale,Autre collision,,,,,,,,,,,5,2,1,1.0,6.0
201700032947,0017-08-09 02:40:00,17,8,9,2,40,640,24,AVENUE DE BIARRITZ,43.48031,-1.51772,Nuit avec éclairage allumé,En agglomération,Hors intersection,Normale,Deux véhicules - arrière,,,,,,,,,,,5,2,1,1.0,2.0
201700032948,0017-08-14 18:55:00,17,8,14,18,55,640,24,65 AVENUE DE BIARRITZ,43.48027,-1.52626,Plein jour,En agglomération,Intersection en T,Normale,Deux véhicules - côté,,,,,,,,,,,1,2,3,1.0,3.0
201700032949,0017-08-17 10:30:00,17,8,17,10,30,640,102,AVENUE JACQUES LOEB,43.47912,-1.48431,Plein jour,En agglomération,Intersection en T,Normale,Deux véhicules - côté,,,,,,,,,,,1,2,3,1.0,3.0
201700032950,0017-08-18 11:15:00,17,8,18,11,15,640,24,96 AVENUE DE L' ADOUR,43.52044,-1.50238,Plein jour,En agglomération,Hors intersection,Normale,Sans collision,,,,,,,,,,,1,2,1,1.0,7.0
201700032951,0017-08-20 02:10:00,17,8,20,2,10,640,24,38 RUE DU BOIS BELIN,43.49237,-1.52167,Nuit avec éclairage allumé,En agglomération,Hors intersection,Normale,Sans collision,,,,,,,,,,,5,2,1,1.0,7.0
201700032952,0017-08-21 10:00:00,17,8,21,10,0,640,24,AVENUE JEAN LEON LAPORTE,43.49064,-1.4986,Plein jour,En agglomération,Hors intersection,Normale,Autre collision,,,,,,,,,,,1,2,1,1.0,6.0
201700032953,0017-08-26 22:50:00,17,8,26,22,50,640,24,41 AVENUE D' ESPAGNE,43.47873,-1.52132,Nuit avec éclairage allumé,En agglomération,Hors intersection,Normale,Autre collision,,,,,,,,,,,5,2,1,1.0,6.0
201700032954,0017-08-29 12:15:00,17,8,29,12,15,640,102,RUE DE LA FEUILLEE,43.48514,-1.49948,Plein jour,En agglomération,Hors intersection,Pluie légère,Deux véhicules - frontale,,,,,,,,,,,1,2,1,2.0,1.0
201700032955,0017-08-29 11:30:00,17,8,29,11,30,640,102,RUE LOUIS COLAS,43.4783,-1.4956,Plein jour,En agglomération,Hors intersection,Normale,Deux véhicules - frontale,,,,,,,,,,,1,2,1,1.0,1.0
201700032956,0017-09-01 08:35:00,17,9,1,8,35,640,102,64 CHEMI SAINT BERNARD,43.51177,-1.48862,Plein jour,En agglomération,Hors intersection,Pluie légère,Deux véhicules - arrière,,,,,,,,,,,1,2,1,2.0,2.0
201700032957,0017-09-02 10:45:00,17,9,2,10,45,640,102,AVENUE D'AQUITAINE,43.48615,-1.47115,Plein jour,En agglomération,Hors intersection,Pluie légère,Autre collision,,,,,,,,,,,1,2,1,2.0,6.0
201700032958,0017-09-08 11:55:00,17,9,8,11,55,640,140,RUE GEORGE POLITZER,43.51989,-1.48511,Plein jour,En agglomération,Hors intersection,Normale,Sans collision,,,,,,,,,,,1,2,1,1.0,7.0
201700032959,0017-09-08 16:30:00,17,9,8,16,30,640,102,AVENUE MARECHAL SOULT,43.48352,-1.50171,Plein jour,En agglomération,Hors intersection,Temps couvert,Deux véhicules - arrière,,,,,,,,,,,1,2,1,8.0,2.0
201700032960,0017-09-08 17:20:00,17,9,8,17,20,640,24,AVENUE JEAN LEON LAPORTE,43.48804,-1.50041,Plein jour,En agglomération,Hors intersection,Normale,Deux véhicules - arrière,,,,,,,,,,,1,2,1,1.0,2.0
201700032961,0017-09-19 14:25:00,17,9,19,14,25,640,102,10 CHEMIN DE SABALCE,43.49779,-1.49107,Plein jour,En agglomération,Hors intersection,Normale,Sans collision,,,,,,,,,,,1,2,1,1.0,7.0
201700032962,0017-09-21 18:39:00,17,9,21,18,39,640,24,RUE DE HAUSQUETTE,43.49352,-1.51008,Plein jour,En agglomération,Intersection en X,Normale,Deux véhicules - côté,,,,,,,,,,,1,2,2,1.0,3.0
201700032963,0017-09-22 05:40:00,17,9,22,5,40,640,102,ROND POINT SAINT LEON,43.48857,-1.4825,Nuit avec éclairage allumé,En agglomération,Hors intersection,Normale,Deux véhicules - arrière,,,,,,,,,,,5,2,1,1.0,2.0
201700032964,0017-09-24 00:45:00,17,9,24,0,45,640,24,AVENUE DE BIARRITZ,43.4807,-1.5303,Nuit avec éclairage non allumé,En agglomération,Intersection en X,Normale,Sans collision,,,,,,,,,,,4,2,2,1.0,7.0
201700032965,0017-09-29 07:45:00,17,9,29,7,45,640,102,RUE MOULIN DE CASTERA,43.48987,-1.45992,Crépuscule ou aube,En agglomération,Hors intersection,Normale,Deux véhicules - côté,,,,,,,,,,,2,2,1,1.0,3.0
201700032966,0017-09-29 12:00:00,17,9,29,12,0,640,102,AVENUE MARECHAL SOULT,43.48397,-1.49942,Plein jour,En agglomération,Intersection en T,Normale,Deux véhicules - côté,,,,,,,,,,,1,2,3,1.0,3.0
201700032967,0017-09-29 14:15:00,17,9,29,14,15,640,102,123 RUE MAUBEC,43.50263,-1.46774,Plein jour,En agglomération,Hors intersection,Normale,Deux véhicules - côté,,,,,,,,,,,1,2,1,1.0,3.0
201700032968,0017-10-06 10:40:00,17,10,6,10,40,640,102,119 AV MARECHAL SOULT,43.48373,-1.50026,Plein jour,En agglomération,Hors intersection,Pluie forte,Deux véhicules - côté,,,,,,,,,,,1,2,1,3.0,3.0
201700032969,0017-10-08 15:30:00,17,10,8,15,30,640,24,AVENUE DE BIARRITZ,43.48018,-1.52389,Plein jour,En agglomération,Intersection en T,Normale,Sans collision,,,,,,,,,,,1,2,3,1.0,7.0
201700032970,0017-10-09 10:35:00,17,10,9,10,35,640,24,41 RUE DE HARDOY,43.49283,-1.50419,Plein jour,En agglomération,Hors intersection,Normale,Deux véhicules - frontale,,,,,,,,,,,1,2,1,1.0,1.0
201700032971,0017-10-10 10:10:00,17,10,10,10,10,640,102,59 ALLEES MARINES,43.49987,-1.49038,Plein jour,En agglomération,Hors intersection,Normale,Autre collision,,,,,,,,,,,1,2,1,1.0,6.0
201700032972,0017-10-13 08:00:00,17,10,13,8,0,640,24,AVENUE D'ESPAGNE,43.47655,-1.52633,Plein jour,Hors agglomération,Intersection en T,Normale,Deux véhicules - côté,,,,,,,,,,,1,1,3,1.0,3.0
201700032973,0017-10-15 05:25:00,17,10,15,5,25,640,102,RUE MOULIN DE CASTERA,43.4893,-1.45897,Nuit avec éclairage allumé,En agglomération,Hors intersection,Normale,Autre collision,,,,,,,,,,,5,2,1,1.0,6.0
201700032974,0017-10-17 07:50:00,17,10,17,7,50,640,24,RUE DE JUZAN,43.47239,-1.50956,Plein jour,En agglomération,Hors intersection,Temps éblouissant,Autre collision,,,,,,,,,,,1,2,1,7.0,6.0
201700032975,0017-10-27 02:20:00,17,10,27,2,20,640,102,BOULEVARD DU BAB,43.4959,-1.48462,Nuit avec éclairage allumé,En agglomération,Hors intersection,Normale,Sans collision,,,,,,,,,,,5,2,1,1.0,7.0
201700032976,0017-10-27 12:10:00,17,10,27,12,10,640,24,ROUTE DE PITOYS,43.46368,-1.50494,Plein jour,En agglomération,Hors intersection,Normale,Deux véhicules - côté,,,,,,,,,,,1,2,1,1.0,3.0
201700032977,0017-10-27 17:10:00,17,10,27,17,10,640,102,9 AVENUE LOUIS DE FOIX,43.50413,-1.46764,Plein jour,En agglomération,Hors intersection,Temps couvert,Deux véhicules - arrière,,,,,,,,,,,1,2,1,8.0,2.0
201700032978,0017-10-27 17:10:00,17,10,27,17,10,640,102,"14, BARTHES (CHEMIN DES)",43.49559,-1.49436,Plein jour,En agglomération,Hors intersection,Normale,Trois véhicules et plus - collisions multiples,,,,,,,,,,,1,2,1,1.0,5.0
201700032979,0017-11-09 12:35:00,17,11,9,12,35,640,140,3 AVENUE LOUIS DE FOIX,43.5258,-1.49372,Plein jour,En agglomération,Hors intersection,Pluie légère,Autre collision,,,,,,,,,,,1,2,1,2.0,6.0
201700032980,0017-11-09 13:00:00,17,11,9,13,0,640,102,13 AVENUE DE MARHUM,43.49032,-1.48394,Plein jour,En agglomération,Intersection en T,Pluie légère,Sans collision,,,,,,,,,,,1,2,3,2.0,7.0
201700032981,0017-11-14 17:10:00,17,11,14,17,10,640,102,AVENUE DU 8 MAI 1945,43.47006,-1.48849,Plein jour,En agglomération,Giratoire,Normale,Deux véhicules - côté,,,,,,,,,,,1,2,6,1.0,3.0
201700032982,0017-11-15 18:15:00,17,11,15,18,15,640,102,"22, AVENUE DU 14 AVRIL",43.5021,-1.46154,Nuit avec éclairage allumé,En agglomération,Hors intersection,Normale,Sans collision,,,,,,,,,,,5,2,1,1.0,7.0
201700032983,0017-11-15 18:40:00,17,11,15,18,40,640,102,AVENUE CAMILLE DELVAILLE,43.50831,-1.48643,Nuit sans éclairage public,En agglomération,Intersection en T,Normale,Deux véhicules - frontale,,,,,,,,,,,3,2,3,1.0,1.0
201700032984,0017-11-20 13:30:00,17,11,20,13,30,640,102,GIRATOIRE DE MAIGNON,43.4662,-1.49516,Plein jour,En agglomération,Giratoire,Normale,Deux véhicules - côté,,,,,,,,,,,1,2,6,1.0,3.0
201700032985,0017-11-22 21:20:00,17,11,22,21,20,640,102,CHEMIN SAINSONTAN,43.5099,-1.46437,Nuit avec éclairage allumé,En agglomération,Hors intersection,Normale,Sans collision,,,,,,,,,,,5,2,1,1.0,7.0
201700032986,0017-11-23 07:00:00,17,11,23,7,0,640,24,RUE DE LAMOULY,43.49663,-1.50707,Nuit avec éclairage allumé,En agglomération,Intersection en X,Normale,Deux véhicules - côté,,,,,,,,,,,5,2,2,1.0,3.0
201700032987,0017-12-16 23:40:00,17,12,16,23,40,640,102,BOULEVARD D'ARITXAGUE,43.47233,-1.49049,Nuit avec éclairage allumé,En agglomération,Hors intersection,Pluie légère,Sans collision,,,,,,,,,,,5,2,1,2.0,7.0
201700032988,0017-12-18 20:40:00,17,12,18,20,40,640,102,AVENUE CAMILLE DELVAILLE,43.50831,-1.48643,Nuit avec éclairage allumé,En agglomération,Hors intersection,Temps couvert,Deux véhicules - frontale,,,,,,,,,,,5,2,1,8.0,1.0
201700032989,0017-12-19 11:55:00,17,12,19,11,55,640,102,AVENUE DU 21 JUIN 1940,43.47976,-1.4858,Plein jour,En agglomération,Hors intersection,Normale,Autre collision,,,,,,,,,,,1,2,1,1.0,6.0
201700032990,0017-12-19 19:40:00,17,12,19,19,40,640,102,CHEMIN DE SAINT ETIENNE,43.49898,-1.46002,Nuit avec éclairage allumé,En agglomération,Intersection en T,Normale,Deux véhicules - côté,,,,,,,,,,,5,2,3,1.0,3.0
201700032991,0017-12-19 21:40:00,17,12,19,21,40,640,102,AVENUE DU 14 AVRIL 1814,43.50338,-1.46439,Nuit avec éclairage allumé,En agglomération,Giratoire,Normale,Deux véhicules - frontale,,,,,,,,,,,5,2,6,1.0,1.0
201700032992,0017-12-19 23:25:00,17,12,19,23,25,640,24,63 AVENUE DE BAYONNE,43.48287,-1.50434,Nuit avec éclairage allumé,En agglomération,Hors intersection,Temps couvert,Deux véhicules - arrière,,,,,,,,,,,5,2,1,8.0,2.0
201700032993,0017-12-20 11:25:00,17,12,20,11,25,640,140,PLACE PIERRE SEMARD,43.5235,-1.49019,Plein jour,En agglomération,Place,Normale,Deux véhicules - côté,,,,,,,,,,,1,2,7,1.0,3.0
201700032994,0017-12-21 10:20:00,17,12,21,10,20,640,102,ALLEES BOUFFLERS,43.49171,-1.46966,Plein jour,En agglomération,Hors intersection,Normale,Sans collision,,,,,,,,,,,1,2,1,1.0,7.0
201700032995,0017-12-25 16:20:00,17,12,25,16,20,640,24,BOULEVARD DES PLAGES,43.52006,-1.52301,Plein jour,En agglomération,Hors intersection,Temps éblouissant,Autre collision,,,,,,,,,,,1,2,1,7.0,6.0
201700032996,0017-01-10 09:40:00,17,1,10,9,40,640,122,CARREFOUR DE LA NEGRESSE,43.45961,-1.54768,Plein jour,En agglomération,Hors intersection,Pluie légère,Autre collision,,,,,,,,,,,1,2,1,2.0,6.0
201700032997,0017-12-29 09:10:00,17,12,29,9,10,640,122,RON POINT LUIS MARIANO,43.4587,-1.54761,Plein jour,En agglomération,Hors intersection,Pluie légère,Autre collision,,,,,,,,,,,1,2,1,2.0,6.0
201700032998,0017-01-11 07:45:00,17,1,11,7,45,640,122,ROND POINT DE L EUROPE,43.48083,-1.54079,Nuit avec éclairage allumé,En agglomération,Hors intersection,Pluie légère,Autre collision,,,,,,,,,,,5,2,1,2.0,6.0
201700032999,0017-01-12 09:55:00,17,1,12,9,55,640,122,BOULEVARD DU BAB,43.48064,-1.54099,Plein jour,En agglomération,Hors intersection,Pluie légère,Autre collision,,,,,,,,,,,1,2,1,2.0,6.0
201700033000,0017-01-17 11:45:00,17,1,17,11,45,640,122,BOUL GENERAL DE GAULLE,43.48549,-1.55658,Plein jour,En agglomération,Hors intersection,Normale,Sans collision,,,,,,,,,,,1,2,1,1.0,7.0
201700033001,0017-01-24 07:45:00,17,1,24,7,45,640,122,6 RUE DE PITCHOT,43.46676,-1.53852,Crépuscule ou aube,En agglomération,Hors intersection,Normale,Deux véhicules - frontale,,,,,,,,,,,2,2,1,1.0,1.0
201700033002,0017-01-22 17:45:00,17,1,22,17,45,640,122,AVENUE REINE VICTORIA,43.48493,-1.54707,Crépuscule ou aube,En agglomération,Intersection en X,Normale,Deux véhicules - côté,,,,,,,,,,,2,2,2,1.0,3.0
201700033003,0017-02-01 05:00:00,17,2,1,5,0,640,122,79 AVENUE KENNEDY,43.46557,-1.55314,Nuit avec éclairage allumé,En agglomération,Hors intersection,Normale,Autre collision,,,,,,,,,,,5,2,1,1.0,6.0
201700033004,0017-02-16 12:25:00,17,2,16,12,25,640,122,2 RUE CHAPELET,43.45984,-1.54528,Plein jour,En agglomération,Hors intersection,Normale,Deux véhicules - côté,,,,,,,,,,,1,2,1,1.0,3.0
201700033005,0017-02-20 15:20:00,17,2,20,15,20,640,125,AVENUE D'ESPAGNE,43.43037,-1.59924,Plein jour,En agglomération,Hors intersection,Normale,Deux véhicules - côté,,,,,,,,,,,1,2,1,1.0,3.0
201700033006,0017-03-05 07:50:00,17,3,5,7,50,640,122,BOUL. MARCEL DASSAULT,43.46256,-1.54507,Plein jour,En agglomération,Hors intersection,Normale,Autre collision,,,,,,,,,,,1,2,1,1.0,6.0
201700033007,0017-03-14 17:35:00,17,3,14,17,35,640,122,AVENUE DU KENNEDY,43.46142,-1.54909,Plein jour,En agglomération,Hors intersection,Normale,Deux véhicules - arrière,,,,,,,,,,,1,2,1,1.0,2.0