accident_id,datetime,annee,mois,jour,heure,minute,departement,commune_insee,adresse,latitude,longitude,luminosite,agglomeration,intersection,meteo,collision,nb_vehicules,nb_usagers,nb_indemnes,nb_tues,nb_blesses_hosp,nb_blesses_legers,age_cond_1,age_cond_2,veh_type_cond_1,veh_type_cond_2,lum_code,agg_code,int_code,atm_code,col_code
201700033248,0017-09-05 12:30:00,17,9,5,12,30,640,445,AVENUE DE BEZIOU,43.30755,-0.38015,Plein jour,En agglomération,Hors intersection,Normale,Autre collision,,,,,,,,,,,1,2,1,1.0,6.0
201700033249,0017-09-05 17:35:00,17,9,5,17,35,640,445,RP ALLEES DE MORLAAS,43.30803,-0.33934,Plein jour,En agglomération,Hors intersection,Normale,Deux véhicules - côté,,,,,,,,,,,1,2,1,1.0,3.0
201700033250,0017-09-05 21:12:00,17,9,5,21,12,640,445,16 AVENUE JEAN MERMOZ,43.3066,-0.37641,Nuit sans éclairage public,En agglomération,Hors intersection,Normale,Autre collision,,,,,,,,,,,3,2,1,1.0,6.0
201700033251,0017-09-06 09:25:00,17,9,6,9,25,640,445,BOULEVARD TOURASSE,43.3113,-0.35636,Plein jour,En agglomération,Intersection en X,Pluie légère,Deux véhicules - côté,,,,,,,,,,,1,2,2,2.0,3.0
201700033252,0017-09-06 13:44:00,17,9,6,13,44,640,335,AVENUE JOSEPH D'ARISTE,43.32934,-0.40619,Plein jour,En agglomération,Intersection en T,Normale,Deux véhicules - côté,,,,,,,,,,,1,2,3,1.0,3.0
201700033253,0017-09-06 17:05:00,17,9,6,17,5,640,445,CATHERINE DE BOURBON,43.32483,-0.35756,Plein jour,En agglomération,Hors intersection,Normale,Trois véhicules et plus - en chaîne,,,,,,,,,,,1,2,1,1.0,4.0
201700033254,0017-09-08 13:30:00,17,9,8,13,30,640,445,AVENUE DES ETATS UNIS,43.2982,-0.35956,Plein jour,En agglomération,Intersection en X,Normale,Autre collision,,,,,,,,,,,1,2,2,1.0,6.0
201700033255,0017-09-09 17:10:00,17,9,9,17,10,640,284,RUE DU GENERAL LECLERC,43.28855,-0.3889,Plein jour,En agglomération,Intersection en T,Pluie légère,Deux véhicules - côté,,,,,,,,,,,1,2,3,2.0,3.0
201700033256,0017-09-12 09:00:00,17,9,12,9,0,640,445,AVENUE HONORE BARADAT,43.30547,-0.36047,Plein jour,En agglomération,Hors intersection,Pluie légère,Autre collision,,,,,,,,,,,1,2,1,2.0,6.0
201700033257,0017-09-12 13:20:00,17,9,12,13,20,640,445,BOULEVARD TOURASSE,43.30902,-0.34328,Plein jour,En agglomération,Hors intersection,Normale,Deux véhicules - arrière,,,,,,,,,,,1,2,1,1.0,2.0
201700033258,0017-09-12 18:30:00,17,9,12,18,30,640,445,AV DU GENERAL DE GAULLE,43.30201,-0.35501,Plein jour,En agglomération,Hors intersection,Normale,Deux véhicules - côté,,,,,,,,,,,1,2,1,1.0,3.0
201700033259,0017-09-13 11:05:00,17,9,13,11,5,640,445,RUE RONSARD,43.31817,-0.35637,Plein jour,En agglomération,Hors intersection,Normale,Deux véhicules - côté,,,,,,,,,,,1,2,1,1.0,3.0
201700033260,0017-09-14 12:00:00,17,9,14,12,0,640,445,RUE ALPHONSE CADIER,43.3066,-0.36092,Plein jour,En agglomération,Intersection en X,Normale,Deux véhicules - côté,,,,,,,,,,,1,2,2,1.0,3.0
201700033261,0017-09-15 07:45:00,17,9,15,7,45,640,445,RUE DU 14 JUILLET,43.29122,-0.37865,Plein jour,En agglomération,Hors intersection,Normale,Deux véhicules - arrière,,,,,,,,,,,1,2,1,1.0,2.0
201700033262,0017-09-15 16:50:00,17,9,15,16,50,640,445,BOUL CHAMPETIER DE RIBES,43.30343,-0.37837,Plein jour,En agglomération,Hors intersection,Normale,Deux véhicules - arrière,,,,,,,,,,,1,2,1,1.0,2.0
201700033263,0017-09-15 17:35:00,17,9,15,17,35,640,129,AVENUE CHATEAU D'ESTE,43.30735,-0.38219,Plein jour,En agglomération,Hors intersection,Normale,Autre collision,,,,,,,,,,,1,2,1,1.0,6.0
201700033264,0017-09-16 12:56:00,17,9,16,12,56,640,445,BOUL. D'ALSACE LORRAINE,43.3052,-0.37276,Plein jour,En agglomération,Intersection en X,Normale,Deux véhicules - côté,,,,,,,,,,,1,2,2,1.0,3.0
201700033265,0017-09-19 13:40:00,17,9,19,13,40,640,348,AVENUE ST JHON PERSE,43.30704,-0.39841,Plein jour,En agglomération,Hors intersection,Normale,Autre collision,,,,,,,,,,,1,2,1,1.0,6.0
201700033266,0017-09-19 15:30:00,17,9,19,15,30,640,445,BOULEVARD TOURASSE,43.31118,-0.35861,Plein jour,En agglomération,Hors intersection,Normale,Autre collision,,,,,,,,,,,1,2,1,1.0,6.0
201700033267,0017-09-20 08:21:00,17,9,20,8,21,640,129,AVENUE JEAN MERMOZ,43.31437,-0.37768,Plein jour,En agglomération,Hors intersection,Normale,Deux véhicules - côté,,,,,,,,,,,1,2,1,1.0,3.0
201700033268,0017-09-20 12:55:00,17,9,20,12,55,640,445,AVENUE DE BEARN,43.30134,-0.3559,Plein jour,En agglomération,Hors intersection,Normale,Autre collision,,,,,,,,,,,1,2,1,1.0,6.0
201700033269,0017-09-20 18:00:00,17,9,20,18,0,640,129,ROUTE DE BAYONNE,43.3037,-0.39913,Plein jour,Hors agglomération,Hors intersection,Normale,Trois véhicules et plus - en chaîne,,,,,,,,,,,1,1,1,1.0,4.0
201700033270,0017-09-22 09:05:00,17,9,22,9,5,640,445,AVENUE DES LILAS,43.3059,-0.34958,Plein jour,En agglomération,Hors intersection,Normale,Autre collision,,,,,,,,,,,1,2,1,1.0,6.0
201700033271,0017-09-23 16:35:00,17,9,23,16,35,640,445,COURS LYAUTEY,43.30852,-0.36402,Plein jour,En agglomération,Hors intersection,Normale,Deux véhicules - arrière,,,,,,,,,,,1,2,1,1.0,2.0
201700033272,0017-09-25 22:38:00,17,9,25,22,38,640,445,AVENUE DE LA RESISTANCE,43.3015,-0.37536,Nuit avec éclairage allumé,En agglomération,Hors intersection,Pluie légère,Sans collision,,,,,,,,,,,5,2,1,2.0,7.0
201700033273,0017-09-27 07:55:00,17,9,27,7,55,640,348,BOULEVARD DE L'EUROPE,43.32831,-0.38603,Plein jour,Hors agglomération,Hors intersection,Normale,Deux véhicules - côté,,,,,,,,,,,1,1,1,1.0,3.0
201700033274,0017-09-27 10:50:00,17,9,27,10,50,640,445,BOUL EDOUARD HERRIOT,43.30479,-0.37862,Plein jour,En agglomération,Hors intersection,Normale,Deux véhicules - côté,,,,,,,,,,,1,2,1,1.0,3.0
201700033275,0017-09-27 18:50:00,17,9,27,18,50,640,445,BOULEVARD TOURASSE,43.30832,-0.34046,Plein jour,En agglomération,Hors intersection,Normale,Deux véhicules - arrière,,,,,,,,,,,1,2,1,1.0,2.0
201700033276,0017-09-28 15:20:00,17,9,28,15,20,640,129,11 RUE SAINT JOHN PERSE,43.30637,-0.3957,Plein jour,En agglomération,Hors intersection,Normale,Deux véhicules - côté,,,,,,,,,,,1,2,1,1.0,3.0
201700033277,0017-10-02 13:10:00,17,10,2,13,10,640,445,5 AVENUE DE BEAUMONT,43.29392,-0.35128,Plein jour,En agglomération,Hors intersection,Normale,Deux véhicules - côté,,,,,,,,,,,1,2,1,1.0,3.0
201700033278,0017-10-04 08:40:00,17,10,4,8,40,640,445,BOUL. D'ALSACE LORRAINE,43.30282,-0.36204,Plein jour,En agglomération,Intersection en T,Brouillard / fumée,Deux véhicules - côté,,,,,,,,,,,1,2,3,5.0,3.0
201700033279,0017-10-04 09:10:00,17,10,4,9,10,640,445,BOULEVARD HAUTERIVE,43.32365,-0.35012,Plein jour,En agglomération,Hors intersection,Temps éblouissant,Autre collision,,,,,,,,,,,1,2,1,7.0,6.0
201700033280,0017-10-04 12:40:00,17,10,4,12,40,640,445,AV DU GENERAL LECLERC,43.3038,-0.34612,Plein jour,En agglomération,Hors intersection,Normale,Deux véhicules - côté,,,,,,,,,,,1,2,1,1.0,3.0
201700033281,0017-10-04 14:20:00,17,10,4,14,20,640,445,105 BOULEVARD TOURASSE,43.31113,-0.35797,Plein jour,En agglomération,Hors intersection,Normale,Deux véhicules - côté,,,,,,,,,,,1,2,1,1.0,3.0
201700033282,0017-10-04 15:40:00,17,10,4,15,40,640,129,AVENUE DE LONS,43.31223,-0.38635,Plein jour,En agglomération,Hors intersection,Normale,Deux véhicules - frontale,,,,,,,,,,,1,2,1,1.0,1.0
201700033283,0017-10-04 17:50:00,17,10,4,17,50,640,129,40 ROUTE DE BAYONNE,43.30225,-0.39667,Plein jour,En agglomération,Hors intersection,Normale,Deux véhicules - arrière,,,,,,,,,,,1,2,1,1.0,2.0
201700033284,0017-10-05 12:55:00,17,10,5,12,55,640,129,AVENUE DE BEZIOU,43.30745,-0.38017,Plein jour,En agglomération,Hors intersection,Normale,Trois véhicules et plus - en chaîne,,,,,,,,,,,1,2,1,1.0,4.0
201700033285,0017-10-05 22:55:00,17,10,5,22,55,640,269,102 AVENUE DU BEARN,43.30375,-0.31556,Nuit avec éclairage allumé,En agglomération,Hors intersection,Normale,Deux véhicules - frontale,,,,,,,,,,,5,2,1,1.0,1.0
201700033286,0017-10-06 07:00:00,17,10,6,7,0,640,348,BOUL CHARLES DE GAULLE,43.31365,-0.41738,Nuit avec éclairage allumé,En agglomération,Hors intersection,Normale,Deux véhicules - arrière,,,,,,,,,,,5,2,1,1.0,2.0
201700033287,0017-10-08 09:35:00,17,10,8,9,35,640,445,160 BOULEVARD DE LA PAIX,43.31915,-0.34743,Plein jour,En agglomération,Hors intersection,Normale,Autre collision,,,,,,,,,,,1,2,1,1.0,6.0
201700033288,0017-10-09 12:50:00,17,10,9,12,50,640,348,AVENUE JOLIOT CURIE,43.30811,-0.42633,Plein jour,En agglomération,Intersection en Y,Normale,Deux véhicules - côté,,,,,,,,,,,1,2,4,1.0,3.0
201700033289,0017-10-11 11:00:00,17,10,11,11,0,640,445,68 RUE EMILE GUICHENNE,43.29871,-0.36821,Plein jour,En agglomération,Intersection en T,Normale,Deux véhicules - côté,,,,,,,,,,,1,2,3,1.0,3.0
201700033290,0017-10-12 18:15:00,17,10,12,18,15,640,445,"27, PALASSOU",43.30295,-0.36864,Crépuscule ou aube,En agglomération,Hors intersection,Normale,Autre collision,,,,,,,,,,,2,2,1,1.0,6.0
201700033291,0017-10-16 16:30:00,17,10,16,16,30,640,335,AV MARGUERITE DE NAVARRE,43.31867,-0.42571,Plein jour,Hors agglomération,Hors intersection,Normale,Deux véhicules - côté,,,,,,,,,,,1,1,1,1.0,3.0
201700033292,0017-10-15 16:20:00,17,10,15,16,20,640,335,RUE  JEAN JAURES,43.31719,-0.42967,Plein jour,Hors agglomération,Hors intersection,Normale,Autre collision,,,,,,,,,,,1,1,1,1.0,6.0
201700033293,0017-10-17 08:40:00,17,10,17,8,40,640,445,"12, DOYEN ROBERT POPLAWS",43.3192,-0.3675,Crépuscule ou aube,En agglomération,Intersection en X,Normale,Deux véhicules - côté,,,,,,,,,,,2,2,2,1.0,3.0
201700033294,0017-10-17 08:55:00,17,10,17,8,55,640,445,COURS LYAUTEY,43.30754,-0.36439,Plein jour,En agglomération,Intersection en T,Normale,Deux véhicules - côté,,,,,,,,,,,1,2,3,1.0,3.0
201700033295,0017-10-17 17:00:00,17,10,17,17,0,640,445,134 AVENUE DE BUROS,43.32465,-0.34402,Plein jour,En agglomération,Hors intersection,Normale,Deux véhicules - arrière,,,,,,,,,,,1,2,1,1.0,2.0
201700033296,0017-10-17 18:41:00,17,10,17,18,41,640,445,RUE NOGUE,43.2999,-0.37018,Plein jour,En agglomération,Hors intersection,Normale,Autre collision,,,,,,,,,,,1,2,1,1.0,6.0
201700033297,0017-10-18 13:20:00,17,10,18,13,20,640,445,RU SERGENT BERNES CAMBOT,43.30562,-0.37038,Plein jour,En agglomération,Intersection en X,Pluie légère,Deux véhicules - côté,,,,,,,,,,,1,2,2,2.0,3.0
201700033298,0017-10-19 08:10:00,17,10,19,8,10,640,445,RUE DE L'ABBE BREMOND,43.30563,-0.37034,Crépuscule ou aube,En agglomération,Intersection en X,Normale,Trois véhicules et plus - collisions multiples,,,,,,,,,,,2,2,2,1.0,5.0
201700033299,0017-10-20 19:55:00,17,10,20,19,55,640,445,ALLEES DE MORLAAS,43.303,-0.35217,Nuit avec éclairage allumé,En agglomération,Hors intersection,Normale,Deux véhicules - côté,,,,,,,,,,,5,2,1,1.0,3.0
201700033300,0017-10-21 19:10:00,17,10,21,19,10,640,335,AVENUE DE TARBES,43.33197,-0.42135,Plein jour,En agglomération,Hors intersection,Normale,Deux véhicules - côté,,,,,,,,,,,1,2,1,1.0,3.0
201700033301,0017-10-26 17:17:00,17,10,26,17,17,640,132,RUE GEORGES CLEMENCEAU,43.28734,-0.35129,Plein jour,En agglomération,Hors intersection,Normale,Deux véhicules - côté,,,,,,,,,,,1,2,1,1.0,3.0
201700033302,0017-10-26 22:58:00,17,10,26,22,58,640,445,81 AVENUE DU LOUP,43.31474,-0.35449,Nuit avec éclairage allumé,En agglomération,Hors intersection,Normale,Deux véhicules - côté,,,,,,,,,,,5,2,1,1.0,3.0
201700033303,0017-10-27 19:40:00,17,10,27,19,40,640,445,AVENUE JEAN BIRAY,43.29174,-0.36951,Plein jour,En agglomération,Hors intersection,Normale,Autre collision,,,,,,,,,,,1,2,1,1.0,6.0
201700033304,0017-10-29 14:35:00,17,10,29,14,35,640,129,6 BI AVENUE DE LONS,43.31197,-0.37884,Plein jour,En agglomération,Hors intersection,Normale,Deux véhicules - côté,,,,,,,,,,,1,2,1,1.0,3.0
201700033305,0017-10-30 11:15:00,17,10,30,11,15,640,445,AVENUE DU GENERAL LECLAR,43.30461,-0.34256,Plein jour,En agglomération,Hors intersection,Normale,Deux véhicules - arrière,,,,,,,,,,,1,2,1,1.0,2.0
201700033306,0017-10-30 14:30:00,17,10,30,14,30,640,348,AVENUE DIDIER DAURAT,43.33544,-0.37972,Plein jour,En agglomération,Intersection en X,Normale,Deux véhicules - côté,,,,,,,,,,,1,2,2,1.0,3.0
201700033307,0017-10-30 17:30:00,17,10,30,17,30,640,445,AVENUE JEAN MERMOZ,43.31312,-0.37763,Plein jour,En agglomération,Hors intersection,Normale,Trois véhicules et plus - collisions multiples,,,,,,,,,,,1,2,1,1.0,5.0
201700033308,0017-10-31 14:00:00,17,10,31,14,0,640,445,AVENUE DE BUROS,43.32381,-0.34513,Plein jour,En agglomération,Hors intersection,Normale,Autre collision,,,,,,,,,,,1,2,1,1.0,6.0
201700033309,0017-11-02 08:22:00,17,11,2,8,22,640,445,"0, LEON BLUM",43.32317,-0.32582,Plein jour,En agglomération,Hors intersection,Normale,Autre collision,,,,,,,,,,,1,2,1,1.0,6.0
201700033310,0017-11-03 19:27:00,17,11,3,19,27,640,445,140 AVENUE JEAN MERMOZ,43.31574,-0.37804,Crépuscule ou aube,En agglomération,Intersection en T,Normale,Deux véhicules - côté,,,,,,,,,,,2,2,3,1.0,3.0
201700033311,0017-11-05 20:10:00,17,11,5,20,10,640,445,BOULEVARD DE L'EUROPE,43.32861,-0.34908,Nuit avec éclairage allumé,En agglomération,Hors intersection,Pluie légère,Deux véhicules - frontale,,,,,,,,,,,5,2,1,2.0,1.0
201700033312,0017-11-06 09:20:00,17,11,6,9,20,640,445,AVENUE DU LOUP,43.31727,-0.35268,Plein jour,En agglomération,Intersection en X,Normale,Deux véhicules - côté,,,,,,,,,,,1,2,2,1.0,3.0
201700033313,0017-11-07 08:45:00,17,11,7,8,45,640,445,ALLEES CONDORCET,43.31583,-0.36171,Plein jour,En agglomération,Hors intersection,Normale,Autre collision,,,,,,,,,,,1,2,1,1.0,6.0
201700033314,0017-11-07 08:50:00,17,11,7,8,50,640,129,AVENUE DE LONS,43.31228,-0.38632,Plein jour,En agglomération,Hors intersection,Normale,Deux véhicules - côté,,,,,,,,,,,1,2,1,1.0,3.0
201700033315,0017-11-07 17:50:00,17,11,7,17,50,640,129,59 ROUTE DE BAYONNE,43.30483,-0.40111,Nuit avec éclairage allumé,En agglomération,Hors intersection,Normale,Deux véhicules - arrière,,,,,,,,,,,5,2,1,1.0,2.0
201700033316,0017-11-08 17:45:00,17,11,8,17,45,640,445,46 RUE CARNOT,43.30267,-0.36891,Crépuscule ou aube,En agglomération,Hors intersection,Pluie légère,Deux véhicules - arrière,,,,,,,,,,,2,2,1,2.0,2.0
201700033317,0017-11-09 19:30:00,17,11,9,19,30,640,445,AV DU GENERAL LECLERC,43.30417,-0.34431,Nuit avec éclairage allumé,En agglomération,Hors intersection,Normale,Deux véhicules - côté,,,,,,,,,,,5,2,1,1.0,3.0
201700033318,0017-11-10 07:40:00,17,11,10,7,40,640,445,ALLEES DE MORLAAS,43.303,-0.35216,Plein jour,En agglomération,Hors intersection,Pluie légère,Deux véhicules - côté,,,,,,,,,,,1,2,1,2.0,3.0
201700033319,0017-11-11 11:46:00,17,11,11,11,46,640,445,AVENUE GENERAL DE GAULLE,43.30203,-0.355,Plein jour,En agglomération,Hors intersection,Pluie légère,Deux véhicules - arrière,,,,,,,,,,,1,2,1,2.0,2.0
201700033320,0017-11-13 12:35:00,17,11,13,12,35,640,445,BOUL. D'ALSACE LORRAINE,43.30297,-0.3626,Plein jour,En agglomération,Hors intersection,Normale,Autre collision,,,,,,,,,,,1,2,1,1.0,6.0
201700033321,0017-11-15 15:40:00,17,11,15,15,40,640,445,20 AVENUE EDOUARD VII,43.29825,-0.35838,Plein jour,En agglomération,Hors intersection,Normale,Autre collision,,,,,,,,,,,1,2,1,1.0,6.0
201700033322,0017-11-15 19:20:00,17,11,15,19,20,640,445,RUE EMILE GARET,43.2993,-0.36339,Nuit avec éclairage allumé,En agglomération,Intersection en X,Normale,Deux véhicules - côté,,,,,,,,,,,5,2,2,1.0,3.0
201700033323,0017-11-16 07:45:00,17,11,16,7,45,640,445,49 AVENUE LARRIBAU,43.31799,-0.31833,Plein jour,En agglomération,Intersection en X,Normale,Deux véhicules - côté,,,,,,,,,,,1,2,2,1.0,3.0
201700033324,0017-11-19 11:10:00,17,11,19,11,10,640,445,38 AVENUE DE MONTARDON,43.31178,-0.37544,Plein jour,En agglomération,Intersection en T,Normale,Deux véhicules - côté,,,,,,,,,,,1,2,3,1.0,3.0
201700033325,0017-11-21 07:50:00,17,11,21,7,50,640,445,14 AVENUE GASTON LACOSTE,43.29247,-0.36355,Crépuscule ou aube,En agglomération,Hors intersection,Normale,Deux véhicules - arrière,,,,,,,,,,,2,2,1,1.0,2.0
201700033326,0017-11-21 08:30:00,17,11,21,8,30,640,445,55 BOULEVARD DE LA PAIX,43.31418,-0.33323,Plein jour,En agglomération,Hors intersection,Normale,Deux véhicules - côté,,,,,,,,,,,1,2,1,1.0,3.0
201700033327,0017-11-21 09:55:00,17,11,21,9,55,640,445,21 RUE JEAN REVEIL,43.30123,-0.36658,Plein jour,En agglomération,Hors intersection,Normale,Autre collision,,,,,,,,,,,1,2,1,1.0,6.0
201700033328,0017-11-21 10:50:00,17,11,21,10,50,640,445,RUE JULES SUPERVIELLE,43.30921,-0.33226,Plein jour,En agglomération,Hors intersection,Normale,Deux véhicules - côté,,,,,,,,,,,1,2,1,1.0,3.0
201700033329,0017-11-21 17:34:00,17,11,21,17,34,640,373,AVENUE GENERAL DE GAULLE,43.28212,-0.35622,Plein jour,En agglomération,Hors intersection,Normale,Deux véhicules - arrière,,,,,,,,,,,1,2,1,1.0,2.0
201700033330,0017-11-24 16:30:00,17,11,24,16,30,640,445,PLACE MARGUERITE LABORDE,43.29992,-0.36835,Plein jour,En agglomération,Hors intersection,Normale,Autre collision,,,,,,,,,,,1,2,1,1.0,6.0
201700033331,0017-11-24 19:30:00,17,11,24,19,30,640,445,AVENUE DE L'EUROPE,43.3271,-0.33281,Nuit avec éclairage allumé,En agglomération,Hors intersection,Normale,Autre collision,,,,,,,,,,,5,2,1,1.0,6.0
201700033332,0017-11-27 07:30:00,17,11,27,7,30,640,445,RUE HENRI FAISANS,43.299,-0.3631,Nuit avec éclairage allumé,En agglomération,Intersection en T,Normale,Deux véhicules - côté,,,,,,,,,,,5,2,3,1.0,3.0
201700033333,0017-11-27 12:55:00,17,11,27,12,55,640,445,BOULEVARD OLOF PALME,43.33579,-0.36317,Plein jour,En agglomération,Hors intersection,Normale,Deux véhicules - arrière,,,,,,,,,,,1,2,1,1.0,2.0
201700033334,0017-11-28 09:57:00,17,11,28,9,57,640,445,BOULEVARD OLOF PALME,43.33898,-0.37246,Plein jour,En agglomération,Hors intersection,Normale,Autre collision,,,,,,,,,,,1,2,1,1.0,6.0
201700033335,0017-11-28 19:00:00,17,11,28,19,0,640,348,AV MARTYRS DU PONT LONG,43.35199,-0.38,Nuit avec éclairage allumé,En agglomération,Hors intersection,Normale,Deux véhicules - arrière,,,,,,,,,,,5,2,1,1.0,2.0
201700033336,0017-11-29 08:15:00,17,11,29,8,15,640,445,40 ABVENUE DE L'EUROPE,43.32092,-0.3111,Plein jour,En agglomération,Hors intersection,Pluie légère,Deux véhicules - arrière,,,,,,,,,,,1,2,1,2.0,2.0
201700033337,0017-11-29 09:00:00,17,11,29,9,0,640,445,"9,RUE DE BORDEU",43.30371,-0.37094,Plein jour,En agglomération,Hors intersection,Pluie légère,Deux véhicules - côté,,,,,,,,,,,1,2,1,2.0,3.0
201700033338,0017-11-29 16:15:00,17,11,29,16,15,640,129,RUE ANTOINE DE BOURBON,43.30136,-0.38662,Plein jour,En agglomération,Hors intersection,Pluie légère,Deux véhicules - arrière,,,,,,,,,,,1,2,1,2.0,2.0
201700033339,0017-11-29 18:30:00,17,11,29,18,30,640,445,186 AV JEAN MERMOZ,43.31713,-0.37828,Nuit avec éclairage allumé,En agglomération,Hors intersection,Pluie légère,Trois véhicules et plus - en chaîne,,,,,,,,,,,5,2,1,2.0,4.0
201700033340,0017-11-30 09:10:00,17,11,30,9,10,640,445,RP DROITS DE L' HOMME,43.31315,-0.36859,Plein jour,En agglomération,Hors intersection,Normale,Deux véhicules - côté,,,,,,,,,,,1,2,1,1.0,3.0
201700033341,0017-12-01 10:20:00,17,12,1,10,20,640,445,BOULEVARD TOURASSE,43.31117,-0.35525,Plein jour,En agglomération,Hors intersection,Normale,Deux véhicules - arrière,,,,,,,,,,,1,2,1,1.0,2.0
201700033342,0017-12-01 12:00:00,17,12,1,12,0,640,348,AVENUE MARCEL DASSAULT,43.30123,-0.41205,Plein jour,En agglomération,Hors intersection,Normale,Deux véhicules - côté,,,,,,,,,,,1,2,1,1.0,3.0
201700033343,0017-12-01 12:40:00,17,12,1,12,40,640,445,AVENUE LEON BLUM,43.32289,-0.32574,Plein jour,En agglomération,Hors intersection,Normale,Deux véhicules - arrière,,,,,,,,,,,1,2,1,1.0,2.0
201700033344,0017-12-01 15:50:00,17,12,1,15,50,640,445,106 AVENUE DE L' EUROPE,43.32972,-0.35433,Plein jour,En agglomération,Hors intersection,Normale,Deux véhicules - arrière,,,,,,,,,,,1,2,1,1.0,2.0
201700033345,0017-12-01 17:50:00,17,12,1,17,50,640,348,BOUL CHARLES DE GAULLE,43.31323,-0.41661,Nuit avec éclairage allumé,En agglomération,Hors intersection,Normale,Trois véhicules et plus - en chaîne,,,,,,,,,,,5,2,1,1.0,4.0
201700033346,0017-12-03 15:50:00,17,12,3,15,50,640,445,ALLEE ALFRED DE MUSSET,43.29702,-0.36107,Plein jour,En agglomération,Intersection en T,Normale,Trois véhicules et plus - collisions multiples,,,,,,,,,,,1,2,3,1.0,5.0
201700033347,0017-12-03 17:10:00,17,12,3,17,10,640,445,AVENUE ALFRED NOBEL,43.31135,-0.32326,Plein jour,En agglomération,Hors intersection,Normale,Deux véhicules - frontale,,,,,,,,,,,1,2,1,1.0,1.0
201700033348,0017-12-04 19:50:00,17,12,4,19,50,640,445,RUE CASTETNAU,43.30029,-0.36549,Nuit avec éclairage allumé,En agglomération,Intersection en T,Normale,Deux véhicules - côté,,,,,,,,,,,5,2,3,1.0,3.0
201700033349,0017-12-06 09:20:00,17,12,6,9,20,640,445,COURS LEON BERARD,43.31405,-0.37026,Plein jour,En agglomération,Hors intersection,Normale,Deux véhicules - arrière,,,,,,,,,,,1,2,1,1.0,2.0
201700033350,0017-12-06 13:30:00,17,12,6,13,30,640,129,144 AVENUE JEAN MERMOZ,43.31493,-0.37784,Plein jour,En agglomération,Hors intersection,Normale,Autre collision,,,,,,,,,,,1,2,1,1.0,6.0
201700033351,0017-12-08 12:25:00,17,12,8,12,25,640,335,56 CHEMIN FOURCET,43.32322,-0.43318,Plein jour,En agglomération,Hors intersection,Pluie légère,Autre collision,,,,,,,,,,,1,2,1,2.0,6.0
201700033352,0017-12-08 14:00:00,17,12,8,14,0,640,445,BOULEVARD OLOF PALME,43.33397,-0.35832,Plein jour,Hors agglomération,Hors intersection,Pluie légère,Deux véhicules - frontale,,,,,,,,,,,1,1,1,2.0,1.0
201700033353,0017-12-08 15:50:00,17,12,8,15,50,640,445,13 RUE DE BORDEU,43.30461,-0.37066,Plein jour,En agglomération,Hors intersection,Pluie légère,Deux véhicules - arrière,,,,,,,,,,,1,2,1,2.0,2.0
201700033354,0017-12-11 10:10:00,17,12,11,10,10,640,445,ALLEES CONDORCET,43.31605,-0.36122,Plein jour,En agglomération,Hors intersection,Pluie légère,Autre collision,,,,,,,,,,,1,2,1,2.0,6.0
201700033355,0017-12-11 14:10:00,17,12,11,14,10,640,445,AVENUE HONORE BARADAT,43.3048,-0.36525,Plein jour,En agglomération,Hors intersection,Pluie légère,Autre collision,,,,,,,,,,,1,2,1,2.0,6.0
201700033356,0017-12-11 16:54:00,17,12,11,16,54,640,284,AVENUE RAUSKI,43.27826,-0.38832,Plein jour,En agglomération,Hors intersection,Pluie légère,Deux véhicules - arrière,,,,,,,,,,,1,2,1,2.0,2.0
201700033357,0017-12-12 16:40:00,17,12,12,16,40,640,445,20 AVENUE GASTON LACOSTE,43.29212,-0.36487,Plein jour,En agglomération,Hors intersection,Normale,Autre collision,,,,,,,,,,,1,2,1,1.0,6.0
201700033358,0017-12-12 17:00:00,17,12,12,17,0,640,445,AVENUE DUFAU,43.30937,-0.36395,Crépuscule ou aube,En agglomération,Intersection en X,Normale,Trois véhicules et plus - collisions multiples,,,,,,,,,,,2,2,2,1.0,5.0
201700033359,0017-12-14 07:55:00,17,12,14,7,55,640,445,9 AVENUE DE L RESISTANCE,43.30152,-0.37532,Crépuscule ou aube,En agglomération,Hors intersection,Pluie légère,Deux véhicules - côté,,,,,,,,,,,2,2,1,2.0,3.0
201700033360,0017-12-14 15:30:00,17,12,14,15,30,640,335,CHEMIN DES ARROUMBEGAS,43.34031,-0.41621,Plein jour,Hors agglomération,Hors intersection,Pluie légère,Autre collision,,,,,,,,,,,1,1,1,2.0,6.0
201700033361,0017-12-15 15:39:00,17,12,15,15,39,640,445,AVENUE ROBERT SCHUMANN,43.30966,-0.36606,Plein jour,En agglomération,Hors intersection,Pluie légère,Autre collision,,,,,,,,,,,1,2,1,2.0,6.0
201700033362,0017-12-18 18:15:00,17,12,18,18,15,640,129,CHEMIN DES VIGNES,43.30713,-0.39885,Nuit avec éclairage allumé,En agglomération,Giratoire,Pluie légère,Deux véhicules - côté,,,,,,,,,,,5,2,6,2.0,3.0
201700033363,0017-12-18 16:48:00,17,12,18,16,48,640,335,ROND POINT DES PYRENEES,43.31853,-0.43169,Crépuscule ou aube,En agglomération,Hors intersection,Pluie forte,Trois véhicules et plus - en chaîne,,,,,,,,,,,2,2,1,3.0,4.0
201700033364,0017-12-19 07:48:00,17,12,19,7,48,640,445,48 COURS LYAUTEY,43.30958,-0.36345,Nuit avec éclairage allumé,En agglomération,Hors intersection,Pluie légère,Autre collision,,,,,,,,,,,5,2,1,2.0,6.0
201700033365,0017-12-19 16:45:00,17,12,19,16,45,640,132,45 AV GEORGES CLEMENCEAU,43.28736,-0.35132,Plein jour,En agglomération,Hors intersection,Normale,Deux véhicules - côté,,,,,,,,,,,1,2,1,1.0,3.0