accident_id,datetime,annee,mois,jour,heure,minute,departement,commune_insee,adresse,latitude,longitude,luminosite,agglomeration,intersection,meteo,collision,nb_vehicules,nb_usagers,nb_indemnes,nb_tues,nb_blesses_hosp,nb_blesses_legers,age_cond_1,age_cond_2,veh_type_cond_1,veh_type_cond_2,lum_code,agg_code,int_code,atm_code,col_code
201700033366,0017-12-26 19:35:00,17,12,26,19,35,640,445,2 COURS LYAUTEY,43.30568,-0.36625,Nuit avec éclairage allumé,En agglomération,Hors intersection,Normale,Deux véhicules - côté,,,,,,,,,,,5,2,1,1.0,3.0
201700033367,0017-12-28 18:05:00,17,12,28,18,5,640,335,BOULEVARD DE L'EUROPE,43.31986,-0.43382,Crépuscule ou aube,En agglomération,Hors intersection,Pluie légère,Autre collision,,,,,,,,,,,2,2,1,2.0,6.0
201700033368,0017-01-08 17:15:00,17,1,8,17,15,640,483,CHEMIN D'IRACHABAL,43.3915,-1.6268,Crépuscule ou aube,En agglomération,Hors intersection,Normale,Sans collision,,,,,,,,,,,2,2,1,1.0,7.0
201700033369,0017-01-09 16:35:00,17,1,9,16,35,640,545,RUE DE BEHOBIE,,,Plein jour,Hors agglomération,Hors intersection,Normale,Trois véhicules et plus - en chaîne,,,,,,,,,,,1,1,1,1.0,4.0
201700033370,0017-01-12 12:45:00,17,1,12,12,45,640,483,AVENUE DES PYRENEES,43.38768,-1.65574,Plein jour,En agglomération,Hors intersection,Normale,Deux véhicules - frontale,,,,,,,,,,,1,2,1,1.0,1.0
201700033371,0017-01-12 15:00:00,17,1,12,15,0,640,260,BOULEVARD GEN. LECLERC,43.37136,-1.77298,Plein jour,Hors agglomération,Hors intersection,Normale,Deux véhicules - côté,,,,,,,,,,,1,1,1,1.0,3.0
201700033372,0017-01-25 14:30:00,17,1,25,14,30,640,483,BOULEVARD THIERS,43.39024,-1.65898,Plein jour,En agglomération,Hors intersection,Normale,Autre collision,,,,,,,,,,,1,2,1,1.0,6.0
201700033373,0017-01-26 17:30:00,17,1,26,17,30,640,260,RUE DE LA GUADELOUPE,43.35759,-1.7764,Plein jour,En agglomération,Hors intersection,Normale,Deux véhicules - côté,,,,,,,,,,,1,2,1,1.0,3.0
201700033374,0017-01-27 11:40:00,17,1,27,11,40,640,483,AVENUE ANDRE ITHURRALDE,43.39536,-1.64784,Plein jour,En agglomération,Hors intersection,Normale,Deux véhicules - frontale,,,,,,,,,,,1,2,1,1.0,1.0
201700033375,0017-02-06 11:30:00,17,2,6,11,30,640,260,ROUTE DE LA CORNICHE,43.37732,-1.73624,Plein jour,En agglomération,Hors intersection,Pluie légère,Deux véhicules - côté,,,,,,,,,,,1,2,1,2.0,3.0
201700033376,0017-02-13 06:05:00,17,2,13,6,5,640,249,RD810,43.4182,-1.6081,Nuit sans éclairage public,En agglomération,Hors intersection,Normale,Trois véhicules et plus - collisions multiples,,,,,,,,,,,3,2,1,1.0,5.0
201700033377,0017-02-28 17:15:00,17,2,28,17,15,640,260,BOUL DU GENERAL LECLERC,43.36798,-1.77071,Plein jour,En agglomération,Hors intersection,Vent fort / tempête,Deux véhicules - frontale,,,,,,,,,,,1,2,1,6.0,1.0
201700033378,0017-03-02 17:20:00,17,3,2,17,20,640,545,ROUTE DE LA CORNICHE,43.3926,-1.6953,Plein jour,En agglomération,Hors intersection,Normale,Deux véhicules - frontale,,,,,,,,,,,1,2,1,1.0,1.0
201700033379,0017-03-09 18:35:00,17,3,9,18,35,640,483,AVENUE DE JALDAY III,43.40502,1.62594,Plein jour,Hors agglomération,Hors intersection,Normale,Deux véhicules - côté,,,,,,,,,,,1,1,1,1.0,3.0
201700033380,0017-03-16 14:10:00,17,3,16,14,10,640,189,13 AVENUE JEAN JAURES,43.38393,-1.66732,Plein jour,En agglomération,Hors intersection,Normale,Deux véhicules - frontale,,,,,,,,,,,1,2,1,1.0,1.0
201700033381,0017-03-17 17:05:00,17,3,17,17,5,640,260,RUE SANTIAGO,43.35065,-1.77996,Plein jour,Hors agglomération,Hors intersection,Normale,Deux véhicules - côté,,,,,,,,,,,1,1,1,1.0,3.0
201700033382,0017-04-04 14:45:00,17,4,4,14,45,640,483,AVENUE LAHANCHIPIA,43.4011,-1.63424,Plein jour,Hors agglomération,Hors intersection,Normale,Deux véhicules - côté,,,,,,,,,,,1,1,1,1.0,3.0
201700033383,0017-04-07 17:40:00,17,4,7,17,40,640,189,QUAI MAURICE RAVEL,43.38534,-1.6673,Plein jour,En agglomération,Hors intersection,Normale,Autre collision,,,,,,,,,,,1,2,1,1.0,6.0
201700033384,0017-04-07 22:10:00,17,4,7,22,10,640,483,RD810,43.40154,-1.63699,Nuit avec éclairage allumé,En agglomération,Hors intersection,Normale,Deux véhicules - côté,,,,,,,,,,,5,2,1,1.0,3.0
201700033385,0017-04-08 18:50:00,17,4,8,18,50,640,189,RD 810,43.37983,-1.66915,Plein jour,En agglomération,Hors intersection,Normale,Deux véhicules - côté,,,,,,,,,,,1,2,1,1.0,3.0
201700033386,0017-04-12 15:15:00,17,4,12,15,15,640,483,AVENUE DE CHANTACO,43.38528,-1.65299,Plein jour,En agglomération,Hors intersection,Normale,Trois véhicules et plus - en chaîne,,,,,,,,,,,1,2,1,1.0,4.0
201700033387,0017-04-18 17:55:00,17,4,18,17,55,640,545,RD 810,43.37386,-1.67955,Plein jour,En agglomération,Hors intersection,Normale,Deux véhicules - arrière,,,,,,,,,,,1,2,1,1.0,2.0
201700033388,0017-04-21 21:30:00,17,4,21,21,30,640,260,BOULEVARD DU GEN LECLERC,43.38829,-1.67306,Nuit avec éclairage allumé,En agglomération,Hors intersection,Normale,Deux véhicules - frontale,,,,,,,,,,,5,2,1,1.0,1.0
201700033389,0017-04-21 14:10:00,17,4,21,14,10,640,483,BOULEVARD THIERS,43.39068,-1.65916,Plein jour,En agglomération,Hors intersection,Normale,Autre collision,,,,,,,,,,,1,2,1,1.0,6.0
201700033390,0017-04-24 18:06:00,17,4,24,18,6,640,260,AVENUE BAIE DE CHINGUDY,,,Plein jour,Hors agglomération,Hors intersection,Normale,Deux véhicules - côté,,,,,,,,,,,1,1,1,1.0,3.0
201700033391,0017-04-24 18:40:00,17,4,24,18,40,640,483,CHEMIN DOLHARETA,43.40932,-1.62618,Plein jour,Hors agglomération,Hors intersection,Normale,Deux véhicules - arrière,,,,,,,,,,,1,1,1,1.0,2.0
201700033392,0017-04-26 23:25:00,17,4,26,23,25,640,483,RD 307,43.38897,-1.63977,Nuit sans éclairage public,Hors agglomération,Hors intersection,Normale,Deux véhicules - frontale,,,,,,,,,,,3,1,1,1.0,1.0
201700033393,0017-04-27 16:00:00,17,4,27,16,0,640,545,RD 810,43.37449,-1.67896,Plein jour,Hors agglomération,Hors intersection,Normale,Trois véhicules et plus - en chaîne,,,,,,,,,,,1,1,1,1.0,4.0
201700033394,0017-05-07 19:00:00,17,5,7,19,0,640,249,CHEMIN  AGUERRIA,43.4118,-1.624,Plein jour,En agglomération,Hors intersection,Normale,Deux véhicules - frontale,,,,,,,,,,,1,2,1,1.0,1.0
201700033395,0017-05-10 17:50:00,17,5,10,17,50,640,189,BOULEVARD PIERREBENOIT,43.3869,-1.6691,Plein jour,En agglomération,Hors intersection,Normale,Deux véhicules - frontale,,,,,,,,,,,1,2,1,1.0,1.0
201700033396,0017-05-16 08:10:00,17,5,16,8,10,640,483,RD810,43.3917,-1.6548,Plein jour,En agglomération,Hors intersection,Normale,Deux véhicules - côté,,,,,,,,,,,1,2,1,1.0,3.0
201700033397,0017-06-05 12:34:00,17,6,5,12,34,640,545,ROUTE D'IBARDIN,43.35412,-1.69065,Plein jour,Hors agglomération,Hors intersection,Normale,Deux véhicules - côté,,,,,,,,,,,1,1,1,1.0,3.0
201700033398,0017-06-07 08:25:00,17,6,7,8,25,640,483,AVENUE LAHANCHIPIA,43.40016,-1.63174,Plein jour,Hors agglomération,Hors intersection,Normale,Deux véhicules - arrière,,,,,,,,,,,1,1,1,1.0,2.0
201700033399,0017-06-07 15:55:00,17,6,7,15,55,640,545,RD 810,43.36463,-1.68964,Plein jour,Hors agglomération,Hors intersection,Normale,Deux véhicules - arrière,,,,,,,,,,,1,1,1,1.0,2.0
201700033400,0017-06-10 21:45:00,17,6,10,21,45,640,545,Route de la Corniche,43.39074,-1.70216,Crépuscule ou aube,En agglomération,Hors intersection,Normale,Trois véhicules et plus - collisions multiples,,,,,,,,,,,2,2,1,1.0,5.0
201700033401,0017-06-14 15:50:00,17,6,14,15,50,640,483,AVENUE DE CHANTACO,43.37063,-1.63796,Plein jour,En agglomération,Hors intersection,Normale,Deux véhicules - arrière,,,,,,,,,,,1,2,1,1.0,2.0
201700033402,0017-06-16 20:06:00,17,6,16,20,6,640,249,AVENUE GETARIA,43.40024,-1.63927,Plein jour,En agglomération,Hors intersection,Normale,Trois véhicules et plus - en chaîne,,,,,,,,,,,1,2,1,1.0,4.0
201700033403,0017-06-20 07:30:00,17,6,20,7,30,640,483,AVENUE ANDRE ITHURRALDE,43.39246,-1.65301,Plein jour,En agglomération,Hors intersection,Normale,Autre collision,,,,,,,,,,,1,2,1,1.0,6.0
201700033404,0017-06-22 10:55:00,17,6,22,10,55,640,545,CHEMIN DE LABURRENEA,43.37792,-1.70417,Plein jour,En agglomération,Intersection en Y,Normale,Deux véhicules - côté,,,,,,,,,,,1,2,4,1.0,3.0
201700033405,0017-06-25 11:05:00,17,6,25,11,5,640,483,RD810,43.40298,-1.63446,Plein jour,Hors agglomération,Hors intersection,Normale,Deux véhicules - arrière,,,,,,,,,,,1,1,1,1.0,2.0
201700033406,0017-06-27 07:20:00,17,6,27,7,20,640,483,RD810,43.40157,-1.6368,Plein jour,En agglomération,Intersection en T,Normale,Deux véhicules - côté,,,,,,,,,,,1,2,3,1.0,3.0
201700033407,0017-07-03 13:40:00,17,7,3,13,40,640,260,ROUTE DE LA CORNICHE,43.37729,-1.74328,Plein jour,En agglomération,Hors intersection,Normale,Trois véhicules et plus - en chaîne,,,,,,,,,,,1,2,1,1.0,4.0
201700033408,0017-07-05 08:30:00,17,7,5,8,30,640,260,BOULEVARD DE LA MER,43.3756,-1.7627,Plein jour,En agglomération,Hors intersection,Normale,Deux véhicules - arrière,,,,,,,,,,,1,2,1,1.0,2.0
201700033409,0017-07-12 11:40:00,17,7,12,11,40,640,483,RD810,43.3952,-1.6479,Plein jour,En agglomération,Hors intersection,Normale,Autre collision,,,,,,,,,,,1,2,1,1.0,6.0
201700033410,0017-07-13 13:00:00,17,7,13,13,0,640,260,AVENUE BAIE DE CHINGUDY,43.3702,-1.7797,Plein jour,En agglomération,Hors intersection,Normale,Deux véhicules - côté,,,,,,,,,,,1,2,1,1.0,3.0
201700033411,0017-07-16 14:47:00,17,7,16,14,47,640,483,RD 810,43.3972,-1.6446,Plein jour,En agglomération,Hors intersection,Normale,Deux véhicules - côté,,,,,,,,,,,1,2,1,1.0,3.0
201700033412,0017-07-17 12:05:00,17,7,17,12,5,640,545,ROUTE D'OLHETTE,43.33408,-1.68331,Plein jour,En agglomération,Hors intersection,Normale,Deux véhicules - arrière,,,,,,,,,,,1,2,1,1.0,2.0
201700033413,0017-07-17 14:50:00,17,7,17,14,50,640,483,AVENUE ANDRE ITHURRALDE,43.39158,-1.65486,Plein jour,En agglomération,Hors intersection,Normale,Deux véhicules - arrière,,,,,,,,,,,1,2,1,1.0,2.0
201700033414,0017-07-22 16:00:00,17,7,22,16,0,640,545,RUE PAUL GELOS,43.3779,-1.6724,Plein jour,En agglomération,Hors intersection,Normale,Deux véhicules - côté,,,,,,,,,,,1,2,1,1.0,3.0
201700033415,0017-07-23 19:12:00,17,7,23,19,12,640,260,BOUL CHARLES DE GAULLE,43.3505,-1.7831,Plein jour,En agglomération,Hors intersection,Normale,Deux véhicules - côté,,,,,,,,,,,1,2,1,1.0,3.0
201700033416,0017-08-01 14:20:00,17,8,1,14,20,640,483,AVENUE ANDRE ITHURRALDE,43.3924,-1.65308,Plein jour,En agglomération,Hors intersection,Normale,Deux véhicules - côté,,,,,,,,,,,1,2,1,1.0,3.0
201700033417,0017-08-02 10:35:00,17,8,2,10,35,640,483,AVENUE ANDRE ITHURRALDE,43.39239,-1.6531,Plein jour,Hors agglomération,Hors intersection,Normale,Deux véhicules - côté,,,,,,,,,,,1,1,1,1.0,3.0
201700033418,0017-08-02 18:55:00,17,8,2,18,55,640,260,BOUL BAIE DE CHINGUDY,43.36979,-1.77319,Plein jour,En agglomération,Hors intersection,Normale,Deux véhicules - côté,,,,,,,,,,,1,2,1,1.0,3.0
201700033419,0017-08-03 15:45:00,17,8,3,15,45,640,260,RUE PELLOT,43.36176,-1.77299,Plein jour,En agglomération,Hors intersection,Normale,Autre collision,,,,,,,,,,,1,2,1,1.0,6.0
201700033420,0017-08-04 19:50:00,17,8,4,19,50,640,249,AVENUE GETARIA,43.418,-1.6083,Plein jour,En agglomération,Hors intersection,Normale,Deux véhicules - arrière,,,,,,,,,,,1,2,1,1.0,2.0
201700033421,0017-08-06 11:00:00,17,8,6,11,0,640,545,ROUTE D'IBARDIN,43.3211,-1.6848,Plein jour,En agglomération,Hors intersection,Autre,Deux véhicules - arrière,,,,,,,,,,,1,2,1,9.0,2.0
201700033422,0017-08-09 10:55:00,17,8,9,10,55,640,483,RD 810,43.4123,-1.6177,Plein jour,En agglomération,Intersection en T,Pluie légère,Deux véhicules - côté,,,,,,,,,,,1,2,3,2.0,3.0
201700033423,0017-08-10 12:11:00,17,8,10,12,11,640,483,RD810,43.3862,-1.6617,Plein jour,En agglomération,Hors intersection,Pluie légère,Deux véhicules - arrière,,,,,,,,,,,1,2,1,2.0,2.0
201700033424,0017-08-11 15:40:00,17,8,11,15,40,640,483,BOUL J MARTIN PASSICOT,43.38801,-1.65516,Plein jour,En agglomération,Hors intersection,Normale,Deux véhicules - arrière,,,,,,,,,,,1,2,1,1.0,2.0
201700033425,0017-08-12 19:30:00,17,8,12,19,30,640,483,BOULEVARD VICTOR HUGO,43.3899,-1.6576,Plein jour,En agglomération,Hors intersection,Normale,Deux véhicules - côté,,,,,,,,,,,1,2,1,1.0,3.0
201700033426,0017-08-14 17:55:00,17,8,14,17,55,640,189,AVENUE COMMAND PASSICOT,43.386,-1.6614,Plein jour,En agglomération,Hors intersection,Normale,Autre collision,,,,,,,,,,,1,2,1,1.0,6.0
201700033427,0017-08-16 16:10:00,17,8,16,16,10,640,483,PONT CHARLES DE GAULLE,43.38495,-1.66398,Plein jour,En agglomération,Hors intersection,Normale,Deux véhicules - arrière,,,,,,,,,,,1,2,1,1.0,2.0
201700033428,0017-08-16 19:00:00,17,8,16,19,0,640,545,RUE BERNARD DE CORAL,43.36276,-1.69618,Plein jour,En agglomération,Hors intersection,Normale,Deux véhicules - côté,,,,,,,,,,,1,2,1,1.0,3.0
201700033429,0017-08-19 11:31:00,17,8,19,11,31,640,483,ROUTE D'AHETZE,43.40661,-1.60701,Plein jour,En agglomération,Hors intersection,Normale,Deux véhicules - arrière,,,,,,,,,,,1,2,1,1.0,2.0
201700033430,0017-08-20 19:05:00,17,8,20,19,5,640,189,QUAI MAURICE RAVEL,43.3862,-1.66809,Plein jour,En agglomération,Hors intersection,Normale,Trois véhicules et plus - collisions multiples,,,,,,,,,,,1,2,1,1.0,5.0
201700033431,0017-08-22 09:40:00,17,8,22,9,40,640,483,AVENUE ANDRE ITHURRALDE,43.3972,-1.64377,Plein jour,En agglomération,Hors intersection,Normale,Deux véhicules - côté,,,,,,,,,,,1,2,1,1.0,3.0
201700033432,0017-08-23 17:10:00,17,8,23,17,10,640,483,AVENUE LAHANCHIPIA,43.40009,-1.63153,Plein jour,En agglomération,Hors intersection,Normale,Deux véhicules - côté,,,,,,,,,,,1,2,1,1.0,3.0
201700033433,0017-08-26 11:15:00,17,8,26,11,15,640,483,AVENUE ANDRE ITHURRALDE,43.39436,-1.64961,Plein jour,En agglomération,Hors intersection,Normale,Deux véhicules - côté,,,,,,,,,,,1,2,1,1.0,3.0
201700033434,0017-08-26 16:30:00,17,8,26,16,30,640,483,BOUL J MARTIN PASSICOT,43.38736,-1.65668,Plein jour,Hors agglomération,Hors intersection,Normale,Deux véhicules - côté,,,,,,,,,,,1,1,1,1.0,3.0
201700033435,0017-08-29 12:10:00,17,8,29,12,10,640,483,AVENUE DE LAYATS,43.39864,-1.63846,Plein jour,En agglomération,Hors intersection,Normale,Deux véhicules - frontale,,,,,,,,,,,1,2,1,1.0,1.0
201700033436,0017-08-31 08:25:00,17,8,31,8,25,640,545,RD 810,43.34715,-1.7497,Plein jour,Hors agglomération,Hors intersection,Temps couvert,Deux véhicules - arrière,,,,,,,,,,,1,1,1,8.0,2.0
201700033437,0017-09-05 08:30:00,17,9,5,8,30,640,260,RUE DES BASQUES,43.35415,-1.77859,Plein jour,En agglomération,Hors intersection,Normale,Deux véhicules - arrière,,,,,,,,,,,1,2,1,1.0,2.0
201700033438,0017-09-09 18:51:00,17,9,9,18,51,640,545,RD 810,43.37618,-1.67621,Plein jour,En agglomération,Hors intersection,Normale,Deux véhicules - arrière,,,,,,,,,,,1,2,1,1.0,2.0
201700033439,0017-09-12 11:35:00,17,9,12,11,35,640,483,RUE PAUL RICAUD,43.38863,-1.64876,Plein jour,Hors agglomération,Hors intersection,Normale,Deux véhicules - arrière,,,,,,,,,,,1,1,1,1.0,2.0
201700033440,0017-09-20 18:53:00,17,9,20,18,53,640,260,AVENUE BAIE DE CHINGUDY,43.3701,-1.77373,Plein jour,Hors agglomération,Hors intersection,Normale,Trois véhicules et plus - en chaîne,,,,,,,,,,,1,1,1,1.0,4.0
201700033441,0017-09-23 11:30:00,17,9,23,11,30,640,483,AVENUE DE LAYATS,43.39916,-1.64047,Plein jour,Hors agglomération,Hors intersection,Normale,Autre collision,,,,,,,,,,,1,1,1,1.0,6.0
201700033442,0017-09-26 18:00:00,17,9,26,18,0,640,483,AVENUE ANDRE ITHURRALDE,43.39139,-1.65576,Plein jour,Hors agglomération,Hors intersection,Normale,Deux véhicules - côté,,,,,,,,,,,1,1,1,1.0,3.0
201700033443,0017-09-27 07:51:00,17,9,27,7,51,640,483,BOULEVARD VICTOR HUGO,43.38826,-1.65949,Plein jour,En agglomération,Hors intersection,Normale,Deux véhicules - côté,,,,,,,,,,,1,2,1,1.0,3.0
201700033444,0017-09-27 16:00:00,17,9,27,16,0,640,483,RD810,43.40383,1.63304,Plein jour,Hors agglomération,Hors intersection,Normale,Deux véhicules - arrière,,,,,,,,,,,1,1,1,1.0,2.0
201700033445,0017-09-28 14:50:00,17,9,28,14,50,640,260,RUE DU COMMERCE,43.35326,-1.77866,Plein jour,En agglomération,Hors intersection,Normale,Deux véhicules - côté,,,,,,,,,,,1,2,1,1.0,3.0
201700033446,0017-09-28 18:20:00,17,9,28,18,20,640,249,AVENUE GETARIA,43.4206,-1.6068,Plein jour,En agglomération,Hors intersection,Normale,Autre collision,,,,,,,,,,,1,2,1,1.0,6.0
201700033447,0017-10-03 23:45:00,17,10,3,23,45,640,483,RD 810,43.40176,-1.63662,Nuit avec éclairage allumé,Hors agglomération,Hors intersection,Normale,Deux véhicules - côté,,,,,,,,,,,5,1,1,1.0,3.0
201700033448,0017-10-08 11:15:00,17,10,8,11,15,640,260,BOUL BAIE DE CHINGUDY,43.37064,-1.77582,Plein jour,Hors agglomération,Hors intersection,Normale,Autre collision,,,,,,,,,,,1,1,1,1.0,6.0
201700033449,0017-10-10 16:15:00,17,10,10,16,15,640,545,RUE PAUL GELOS (,43.39728,-1.65688,Plein jour,Hors agglomération,Hors intersection,Normale,Deux véhicules - côté,,,,,,,,,,,1,1,1,1.0,3.0
201700033450,0017-10-13 17:30:00,17,10,13,17,30,640,483,AVENUE DE CHANTACO,43.37156,-1.63804,Plein jour,En agglomération,Hors intersection,Normale,Deux véhicules - arrière,,,,,,,,,,,1,2,1,1.0,2.0
201700033451,0017-10-26 17:50:00,17,10,26,17,50,640,483,BOULEVAR ADOLPHE THIERS,43.39233,-1.65957,Plein jour,En agglomération,Hors intersection,Normale,Deux véhicules - arrière,,,,,,,,,,,1,2,1,1.0,2.0
201700033452,0017-11-01 12:25:00,17,11,1,12,25,640,260,RUE SANTIAGO,43.35231,-1.7768,Plein jour,Hors agglomération,Hors intersection,Normale,Deux véhicules - côté,,,,,,,,,,,1,1,1,1.0,3.0
201700033453,0017-11-02 16:40:00,17,11,2,16,40,640,189,AVENUE DU GOLF,43.37996,-1.662,Plein jour,Hors agglomération,Hors intersection,Normale,Deux véhicules - côté,,,,,,,,,,,1,1,1,1.0,3.0
201700033454,0017-11-13 19:10:00,17,11,13,19,10,640,260,1 RUE DES LILAS,43.37314,-1.76884,Nuit sans éclairage public,En agglomération,Hors intersection,Normale,Autre collision,,,,,,,,,,,3,2,1,1.0,6.0
201700033455,0017-11-16 14:20:00,17,11,16,14,20,640,545,RD810,43.3619,-1.7172,Plein jour,En agglomération,Hors intersection,Normale,Deux véhicules - côté,,,,,,,,,,,1,2,1,1.0,3.0
201700033456,0017-11-22 08:15:00,17,11,22,8,15,640,260,RUE DE BEHOBIE,43.3498,-1.7794,Plein jour,En agglomération,Hors intersection,Normale,Autre collision,,,,,,,,,,,1,2,1,1.0,6.0
201700033457,0017-11-22 17:00:00,17,11,22,17,0,640,483,RD810,43.3939,-1.6503,Plein jour,En agglomération,Hors intersection,Normale,Trois véhicules et plus - en chaîne,,,,,,,,,,,1,2,1,1.0,4.0
201700033458,0017-11-24 08:35:00,17,11,24,8,35,640,545,22 RUE LARRUN BIXTAN,43.3654,-1.6962,Plein jour,En agglomération,Hors intersection,Normale,Deux véhicules - frontale,,,,,,,,,,,1,2,1,1.0,1.0
201700033459,0017-12-05 16:30:00,17,12,5,16,30,640,545,RUE CHARLES PUCHEUX,43.34654,-1.76132,Plein jour,En agglomération,Hors intersection,Normale,Autre collision,,,,,,,,,,,1,2,1,1.0,6.0
201700033460,0017-12-07 13:45:00,17,12,7,13,45,640,189,AVENUE OIHANALDE,43.37677,-1.66507,Plein jour,En agglomération,Hors intersection,Normale,Deux véhicules - côté,,,,,,,,,,,1,2,1,1.0,3.0
201700033461,0017-12-19 07:10:00,17,12,19,7,10,640,483,AVENUE ANDRE ITHURRALDE,43.39658,-1.64572,Nuit avec éclairage allumé,Hors agglomération,Hors intersection,Pluie légère,Autre collision,,,,,,,,,,,5,1,1,2.0,6.0
201700033462,0017-12-21 13:55:00,17,12,21,13,55,640,260,RUE DE BEHOBIE,43.34971,-1.77909,Plein jour,En agglomération,Hors intersection,Normale,Deux véhicules - côté,,,,,,,,,,,1,2,1,1.0,3.0
201700033463,0017-12-22 20:00:00,17,12,22,20,0,640,483,ROUTE D'ASCAIN,43.3747,-1.63802,Nuit avec éclairage allumé,Hors agglomération,Hors intersection,Normale,Deux véhicules - frontale,,,,,,,,,,,5,1,1,1.0,1.0
201700033464,0017-12-26 07:55:00,17,12,26,7,55,640,545,RD810,43.37322,-1.68018,Nuit avec éclairage allumé,Hors agglomération,Hors intersection,Pluie légère,Deux véhicules - frontale,,,,,,,,,,,5,1,1,2.0,1.0
201700033465,0017-01-09 16:40:00,17,1,9,16,40,650,286,"30, MARQUI (AVENUE ALEXA",43.1019,-0.04395,Plein jour,En agglomération,Hors intersection,Normale,Autre collision,,,,,,,,,,,1,2,1,1.0,6.0
201700033466,0017-01-31 16:26:00,17,1,31,16,26,650,286,", ESPAGNE (BOULEVARD D')",43.0911,-0.0415,Plein jour,En agglomération,Hors intersection,Normale,Trois véhicules et plus - en chaîne,,,,,,,,,,,1,2,1,1.0,4.0
201700033467,0017-02-14 20:00:00,17,2,14,20,0,650,286,"96, MARQUI (AVENUE ALEXA",43.1062,-0.04066,Nuit avec éclairage allumé,En agglomération,Passage à niveau,Normale,Autre collision,,,,,,,,,,,5,2,8,1.0,6.0
201700033468,0017-02-22 11:30:00,17,2,22,11,30,650,286,"14, LAGARDERE (AVENUE FR",43.0878,-0.04611,Plein jour,En agglomération,Intersection en T,Normale,Deux véhicules - côté,,,,,,,,,,,1,2,3,1.0,3.0
201700033469,0017-02-24 17:17:00,17,2,24,17,17,650,286,"34, ABADIE (Avenue Fran",43.1127,-0.03552,Plein jour,Hors agglomération,Hors intersection,Normale,Deux véhicules - arrière,,,,,,,,,,,1,1,1,1.0,2.0
201700033470,0017-03-12 15:10:00,17,3,12,15,10,650,286,5 AV MARANSIN (CHAUSSEE),43.0988,-0.04544,Plein jour,En agglomération,Hors intersection,Pluie légère,Autre collision,,,,,,,,,,,1,2,1,2.0,6.0
201700033471,0017-03-16 09:50:00,17,3,16,9,50,650,286,"0, MOULIN (AVENUE JEAN)",43.1136,-0.03058,Plein jour,En agglomération,Hors intersection,Normale,Deux véhicules - côté,,,,,,,,,,,1,2,1,1.0,3.0
201700033472,0017-03-26 17:10:00,17,3,26,17,10,650,286,"61, ABADIE (Avenue Fran",43.1123,-0.03587,Plein jour,En agglomération,Hors intersection,Normale,Trois véhicules et plus - en chaîne,,,,,,,,,,,1,2,1,1.0,4.0
201700033473,0017-03-28 11:40:00,17,3,28,11,40,650,286,"4, LAFITTE (RUE)",43.0946,-0.04612,Plein jour,En agglomération,Hors intersection,Normale,Autre collision,,,,,,,,,,,1,2,1,1.0,6.0
201700033474,0017-03-28 15:25:00,17,3,28,15,25,650,286,"82, MARQUI (AVENUE ALEXA",43.1044,-0.04212,Plein jour,En agglomération,Intersection en T,Normale,Deux véhicules - arrière,,,,,,,,,,,1,2,3,1.0,2.0
201700033475,0017-04-07 11:00:00,17,4,7,11,0,650,286,"0, JUIN (AVENUE MARECHAL",43.0921,-0.04551,Plein jour,En agglomération,Hors intersection,Normale,Autre collision,,,,,,,,,,,1,2,1,1.0,6.0
201700033476,0017-04-18 16:50:00,17,4,18,16,50,650,286,"23, LAGARDERE (AVENUE FR",43.08772,-0.04607,Plein jour,En agglomération,Hors intersection,Normale,Deux véhicules - frontale,,,,,,,,,,,1,2,1,1.0,1.0
201700033477,0017-05-07 18:30:00,17,5,7,18,30,650,286,"01, MARQUI (AVENUE ALEXA",43.10084,-0.04475,Plein jour,En agglomération,Intersection en Y,Normale,Autre collision,,,,,,,,,,,1,2,4,1.0,6.0
201700033478,0017-05-08 18:55:00,17,5,8,18,55,650,286,"0, FOCH (AVENUE MARECHAL",43.09119,-0.04617,Plein jour,En agglomération,Intersection en T,Normale,Autre collision,,,,,,,,,,,1,2,3,1.0,6.0
201700033479,0017-05-02 13:45:00,17,5,2,13,45,650,286,"0, ROUTE NATIONALE 21",43.12568,-0.02708,Plein jour,Hors agglomération,Hors intersection,Pluie légère,Deux véhicules - arrière,,,,,,,,,,,1,1,1,2.0,2.0
201700033480,0017-05-17 14:55:00,17,5,17,14,55,650,286,"0, SEMPE (BOULEVARD REMI",43.09803,-0.0516,Plein jour,En agglomération,Hors intersection,Normale,Autre collision,,,,,,,,,,,1,2,1,1.0,6.0
201700033481,0017-05-27 13:05:00,17,5,27,13,5,650,286,"0, ROUTE NATIONALE 21",43.12357,-0.02719,Plein jour,Hors agglomération,Hors intersection,Normale,Deux véhicules - côté,,,,,,,,,,,1,1,1,1.0,3.0
201700033482,0017-06-18 17:55:00,17,6,18,17,55,650,286,"0, MARQUI (AVENUE ALEXAN",43.1027,-0.04332,Plein jour,En agglomération,Intersection en T,Normale,Deux véhicules - arrière,,,,,,,,,,,1,2,3,1.0,2.0
201700033483,0017-06-24 08:05:00,17,6,24,8,5,650,286,SEMPE (BOULEVARD DU PERE,43.09791,-0.05177,Plein jour,En agglomération,Hors intersection,Pluie légère,Autre collision,,,,,,,,,,,1,2,1,2.0,6.0
201700033484,0017-06-30 16:35:00,17,6,30,16,35,650,286,"1, LECLERC (AVENUE DU GE",43.0943,-0.0459,Plein jour,En agglomération,Hors intersection,Pluie forte,Autre collision,,,,,,,,,,,1,2,1,3.0,6.0
201700033485,0017-07-10 11:40:00,17,7,10,11,40,650,286,"0, GROTTE (BOULEVARD DE",43.0981,-0.04665,Plein jour,En agglomération,Intersection en X,Pluie légère,Deux véhicules - côté,,,,,,,,,,,1,2,2,2.0,3.0
201700033486,0017-07-11 11:40:00,17,7,11,11,40,650,286,"0, CHAMP COMMUN (PLACE)",43.09308,-0.04724,Plein jour,En agglomération,Place,Normale,Autre collision,,,,,,,,,,,1,2,7,1.0,6.0