accident_id,datetime,annee,mois,jour,heure,minute,departement,commune_insee,adresse,latitude,longitude,luminosite,agglomeration,intersection,meteo,collision,nb_vehicules,nb_usagers,nb_indemnes,nb_tues,nb_blesses_hosp,nb_blesses_legers,age_cond_1,age_cond_2,veh_type_cond_1,veh_type_cond_2,lum_code,agg_code,int_code,atm_code,col_code
201700033608,0017-04-24 13:45:00,17,4,24,13,45,660,136,FRANCE LIBRE (BOULEVARD,42.70495,2.9001,Plein jour,Hors agglomération,Hors intersection,Normale,Autre collision,,,,,,,,,,,1,1,1,1.0,6.0
201700033609,0017-04-27 08:35:00,17,4,27,8,35,660,136,JULIEN PANCHOT (AVENUE),42.6915,2.88276,Plein jour,En agglomération,Hors intersection,Normale,Autre collision,,,,,,,,,,,1,2,1,1.0,6.0
201700033610,0017-05-01 18:20:00,17,5,1,18,20,660,136,Départementale 914,42.67409,2.87875,Plein jour,Hors agglomération,Hors intersection,Normale,Deux véhicules - arrière,,,,,,,,,,,1,1,1,1.0,2.0
201700033611,0017-05-03 17:35:00,17,5,3,17,35,660,136,CLEMENCEAU (BOULEVARD),42.70046,2.89036,Plein jour,En agglomération,Hors intersection,Normale,Autre collision,,,,,,,,,,,1,2,1,1.0,6.0
201700033612,0017-05-03 19:20:00,17,5,3,19,20,660,136,ARGELES SUR MER AVENUE D,42.68162,2.91031,Plein jour,En agglomération,Hors intersection,Normale,Deux véhicules - arrière,,,,,,,,,,,1,2,1,1.0,2.0
201700033613,0017-05-08 22:00:00,17,5,8,22,0,660,136,SALANQUE (AVENUE DE),42.71941,2.88992,Nuit avec éclairage allumé,En agglomération,Hors intersection,Normale,Deux véhicules - côté,,,,,,,,,,,5,2,1,1.0,3.0
201700033614,0017-05-10 08:00:00,17,5,10,8,0,660,136,NEGUEBOUS (CHEMIN DE),42.71608,2.87321,Plein jour,En agglomération,Hors intersection,Normale,Deux véhicules - côté,,,,,,,,,,,1,2,1,1.0,3.0
201700033615,0017-05-10 09:30:00,17,5,10,9,30,660,136,DIAZ (NARCISSE VIRGILE),42.71752,2.88934,Plein jour,En agglomération,Intersection en X,Normale,Deux véhicules - côté,,,,,,,,,,,1,2,2,1.0,3.0
201700033616,0017-05-10 15:03:00,17,5,10,15,3,660,136,AERODROME AVENUE DE L'(C,42.72543,2.88118,Plein jour,Hors agglomération,Hors intersection,Normale,Deux véhicules - arrière,,,,,,,,,,,1,1,1,1.0,2.0
201700033617,0017-05-17 19:13:00,17,5,17,19,13,660,136,FORT (PAUL),42.70763,2.88785,Plein jour,En agglomération,Hors intersection,Normale,Deux véhicules - frontale,,,,,,,,,,,1,2,1,1.0,1.0
201700033618,0017-05-19 15:24:00,17,5,19,15,24,660,136,DOUMER (AVENUE DU PRESID,42.69368,2.88529,Plein jour,Hors agglomération,Hors intersection,Normale,Autre collision,,,,,,,,,,,1,1,1,1.0,6.0
201700033619,0017-05-19 17:40:00,17,5,19,17,40,660,136,COPENHAGUE (ROND POINT D,42.6911,2.852,Plein jour,Hors agglomération,Giratoire,Normale,Deux véhicules - arrière,,,,,,,,,,,1,1,6,1.0,2.0
201700033620,0017-06-03 16:39:00,17,6,3,16,39,660,136,BOURRAT BOULEVARD JEAN,42.70062,2.9024,Plein jour,En agglomération,Hors intersection,Normale,Trois véhicules et plus - en chaîne,,,,,,,,,,,1,2,1,1.0,4.0
201700033621,0017-06-03 14:30:00,17,6,3,14,30,660,136,R D 900,42.6912,2.852,Plein jour,Hors agglomération,Hors intersection,Normale,Deux véhicules - arrière,,,,,,,,,,,1,1,1,1.0,2.0
201700033622,0017-06-06 13:30:00,17,6,6,13,30,660,136,DALBIEZ (AVENUE VICTOR),42.69049,2.88546,Plein jour,Hors agglomération,Hors intersection,Normale,Deux véhicules - côté,,,,,,,,,,,1,1,1,1.0,3.0
201700033623,0017-06-12 15:42:00,17,6,12,15,42,660,136,"173, LANGUEDOC (AVENUE D",42.73547,2.8904,Plein jour,En agglomération,Hors intersection,Normale,Autre collision,,,,,,,,,,,1,2,1,1.0,6.0
201700033624,0017-06-12 17:07:00,17,6,12,17,7,660,136,MERCADER (BOULEVARD FELI,42.69258,2.89192,Plein jour,Hors agglomération,Intersection en X,Normale,Deux véhicules - côté,,,,,,,,,,,1,1,2,1.0,3.0
201700033625,0017-06-13 08:40:00,17,6,13,8,40,660,136,JULIEN PANCHOT (AVENUE),42.69406,2.888,Plein jour,Hors agglomération,Intersection à plus de 4 branches,Normale,Deux véhicules - frontale,,,,,,,,,,,1,1,5,1.0,1.0
201700033626,0017-06-16 16:13:00,17,6,16,16,13,660,136,PYRENEES (BOULEVARD DES),42.6949,2.88906,Plein jour,En agglomération,Hors intersection,Normale,Autre collision,,,,,,,,,,,1,2,1,1.0,6.0
201700033627,0017-06-22 13:45:00,17,6,22,13,45,660,136,"20, POINCARE (BOULEVARD",42.69133,2.89695,Plein jour,En agglomération,Hors intersection,Normale,Autre collision,,,,,,,,,,,1,2,1,1.0,6.0
201700033628,0017-06-23 15:40:00,17,6,23,15,40,660,136,"., GIRAL (ALLEE AIME)",42.71537,2.89377,Plein jour,En agglomération,Intersection en X,Normale,Deux véhicules - côté,,,,,,,,,,,1,2,2,1.0,3.0
201700033629,0017-06-23 16:50:00,17,6,23,16,50,660,136,"118, LANGUEDOC (AVENUE D",42.736,2.8903,Plein jour,En agglomération,Hors intersection,Normale,Autre collision,,,,,,,,,,,1,2,1,1.0,6.0
201700033630,0017-06-28 17:50:00,17,6,28,17,50,660,136,MISTRAL (BOULEVARD FREDE,42.6968,2.9057,Plein jour,En agglomération,Hors intersection,Normale,Trois véhicules et plus - en chaîne,,,,,,,,,,,1,2,1,1.0,4.0
201700033631,0017-07-01 19:00:00,17,7,1,19,0,660,136,"., LANGUEDOC (AVENUE DU",42.73737,2.89092,Plein jour,En agglomération,Hors intersection,Normale,Deux véhicules - arrière,,,,,,,,,,,1,2,1,1.0,2.0
201700033632,0017-07-03 11:40:00,17,7,3,11,40,660,136,"., ARMISTICE DE L'",42.68828,2.89293,Plein jour,En agglomération,Intersection en X,Normale,Autre collision,,,,,,,,,,,1,2,2,1.0,6.0
201700033633,0017-07-04 11:30:00,17,7,4,11,30,660,136,"., GAULLE (AVENUE GENERA",42.69774,2.88552,Plein jour,En agglomération,Intersection en X,Normale,Deux véhicules - côté,,,,,,,,,,,1,2,2,1.0,3.0
201700033634,0017-07-04 17:30:00,17,7,4,17,30,660,136,"., BROGLIE, Av de",42.7096,2.9086,Plein jour,En agglomération,Hors intersection,Normale,Deux véhicules - arrière,,,,,,,,,,,1,2,1,1.0,2.0
201700033635,0017-07-10 22:00:00,17,7,10,22,0,660,136,"., FAUCEILLE (CHEMIN DE",42.67279,2.89241,Nuit avec éclairage allumé,En agglomération,Hors intersection,Normale,Deux véhicules - frontale,,,,,,,,,,,5,2,1,1.0,1.0
201700033636,0017-07-10 21:15:00,17,7,10,21,15,660,136,SALANQUE (AVENUE DE),42.74801,2.8913,Crépuscule ou aube,En agglomération,Hors intersection,Normale,Sans collision,,,,,,,,,,,2,2,1,1.0,7.0
201700033637,0017-07-16 21:20:00,17,7,16,21,20,660,136,"., DES HARKIS ET DISPARU",42.67818,2.91258,Plein jour,En agglomération,Hors intersection,Normale,Sans collision,,,,,,,,,,,1,2,1,1.0,7.0
201700033638,0017-07-15 21:00:00,17,7,15,21,0,660,136,Bd KOENING,42.6872,2.90183,Nuit avec éclairage allumé,En agglomération,Hors intersection,Normale,Deux véhicules - côté,,,,,,,,,,,5,2,1,1.0,3.0
201700033639,0017-07-20 15:20:00,17,7,20,15,20,660,136,"., CERDAGNE (DE)",42.69293,2.88341,Plein jour,En agglomération,Intersection en X,Normale,Deux véhicules - côté,,,,,,,,,,,1,2,2,1.0,3.0
201700033640,0017-07-20 23:45:00,17,7,20,23,45,660,136,ARGELES SUR MER AVENUE D,42.69293,2.88341,Plein jour,En agglomération,Hors intersection,Normale,Deux véhicules - frontale,,,,,,,,,,,1,2,1,1.0,1.0
201700033641,0017-07-21 16:40:00,17,7,21,16,40,660,136,Dpartementale 914,42.664,2.9182,Plein jour,Hors agglomération,Hors intersection,Normale,Deux véhicules - arrière,,,,,,,,,,,1,1,1,1.0,2.0
201700033642,0017-07-28 09:20:00,17,7,28,9,20,660,136,"11, BEAUSEJOUR DE",42.71189,2.88718,Plein jour,En agglomération,Hors intersection,Normale,Autre collision,,,,,,,,,,,1,2,1,1.0,6.0
201700033643,0017-07-29 20:00:00,17,7,29,20,0,660,136,"63, FOCH (MARECHAL)",42.69624,2.89102,Plein jour,En agglomération,Hors intersection,Normale,Autre collision,,,,,,,,,,,1,2,1,1.0,6.0
201700033644,0017-07-28 19:15:00,17,7,28,19,15,660,136,"16, CERDAGNE (DE)",42.69339,2.88446,Plein jour,En agglomération,Hors intersection,Normale,Autre collision,,,,,,,,,,,1,2,1,1.0,6.0
201700033645,0017-08-01 07:45:00,17,8,1,7,45,660,136,ESPAGNE (ROUTE D'),42.6875,2.89406,Plein jour,Hors agglomération,Hors intersection,Normale,Deux véhicules - arrière,,,,,,,,,,,1,1,1,1.0,2.0
201700033646,0017-08-03 14:50:00,17,8,3,14,50,660,136,Dpartementale  617,42.71311,2.92901,Plein jour,Hors agglomération,Hors intersection,Normale,Deux véhicules - côté,,,,,,,,,,,1,1,1,1.0,3.0
201700033647,0017-08-06 00:35:00,17,8,6,0,35,660,136,"., ALLART JULIEN BERNARD",42.6914,2.88534,Nuit sans éclairage public,En agglomération,Intersection en X,Normale,Deux véhicules - côté,,,,,,,,,,,3,2,2,1.0,3.0
201700033648,0017-08-05 15:00:00,17,8,5,15,0,660,136,FAUCEILLE (CHEMIN DE LA),42.66981,2.90503,Plein jour,En agglomération,Intersection en X,Normale,Autre collision,,,,,,,,,,,1,2,2,1.0,6.0
201700033649,0017-08-09 14:40:00,17,8,9,14,40,660,136,SAUVY (ALFRED),42.67927,2.89963,Plein jour,En agglomération,Hors intersection,Normale,Deux véhicules - côté,,,,,,,,,,,1,2,1,1.0,3.0
201700033650,0017-08-10 10:10:00,17,8,10,10,10,660,136,ESPRIU (SALVADOR),42.66723,2.8826,Plein jour,Hors agglomération,Hors intersection,Normale,Deux véhicules - côté,,,,,,,,,,,1,1,1,1.0,3.0
201700033651,0017-08-16 18:42:00,17,8,16,18,42,660,136,CASSIN (AVENUE RENE),42.68111,2.89388,Plein jour,En agglomération,Giratoire,Normale,Deux véhicules - côté,,,,,,,,,,,1,2,6,1.0,3.0
201700033652,0017-08-19 10:20:00,17,8,19,10,20,660,136,PERRIN (JEAN),42.7324,2.8927,Plein jour,En agglomération,Hors intersection,Normale,Deux véhicules - arrière,,,,,,,,,,,1,2,1,1.0,2.0
201700033653,0017-08-23 14:47:00,17,8,23,14,47,660,136,Bd KOENING,42.6867,2.9043,Plein jour,En agglomération,Hors intersection,Normale,Deux véhicules - côté,,,,,,,,,,,1,2,1,1.0,3.0
201700033654,0017-08-24 19:25:00,17,8,24,19,25,660,136,BLANC AVENUE ROSETTE,42.6955,2.9047,Plein jour,Hors agglomération,Hors intersection,Normale,Deux véhicules - arrière,,,,,,,,,,,1,1,1,1.0,2.0
201700033655,0017-08-26 18:40:00,17,8,26,18,40,660,136,ESPAGNE (ROUTE D'),42.6908,2.8951,Plein jour,Hors agglomération,Hors intersection,Normale,Deux véhicules - arrière,,,,,,,,,,,1,1,1,1.0,2.0
201700033656,0017-08-26 21:00:00,17,8,26,21,0,660,136,DALBIEZ (AVENUE VICTOR),42.6895,2.8846,Nuit avec éclairage allumé,En agglomération,Intersection en X,Normale,Deux véhicules - côté,,,,,,,,,,,5,2,2,1.0,3.0
201700033657,0017-09-01 14:43:00,17,9,1,14,43,660,136,LANGUEDOC (AVENUE DU CD,42.73338,2.89022,Plein jour,En agglomération,Hors intersection,Normale,Trois véhicules et plus - en chaîne,,,,,,,,,,,1,2,1,1.0,4.0
201700033658,0017-09-01 18:47:00,17,9,1,18,47,660,136,ORBAIS (JEAN D'),42.6948,2.92055,Plein jour,En agglomération,Intersection en X,Normale,Deux véhicules - côté,,,,,,,,,,,1,2,2,1.0,3.0
201700033659,0017-09-05 15:00:00,17,9,5,15,0,660,136,ALDUY (Paul),42.6853,2.902,Plein jour,En agglomération,Hors intersection,Normale,Deux véhicules - arrière,,,,,,,,,,,1,2,1,1.0,2.0
201700033660,0017-09-06 08:00:00,17,9,6,8,0,660,136,ARCADES (RD POINT),42.67411,2.88754,Plein jour,En agglomération,Giratoire,Vent fort / tempête,Deux véhicules - côté,,,,,,,,,,,1,2,6,6.0,3.0
201700033661,0017-09-07 18:25:00,17,9,7,18,25,660,136,RUBENS (PAUL),42.6965,2.9086,Plein jour,En agglomération,Hors intersection,Normale,Deux véhicules - côté,,,,,,,,,,,1,2,1,1.0,3.0
201700033662,0017-09-08 13:42:00,17,9,8,13,42,660,136,GUYNEMER (AVENUE GEORGES,42.6887,2.9072,Plein jour,En agglomération,Hors intersection,Normale,Deux véhicules - arrière,,,,,,,,,,,1,2,1,1.0,2.0
201700033663,0017-09-16 11:32:00,17,9,16,11,32,660,136,BRIAND BOULEVARD ARISTID,42.6955,2.9023,Plein jour,En agglomération,Hors intersection,Normale,Autre collision,,,,,,,,,,,1,2,1,1.0,6.0
201700033664,0017-09-22 08:38:00,17,9,22,8,38,660,136,"5, KENNEDY (BD JOHN-FITZ",42.68711,2.90615,Plein jour,En agglomération,Hors intersection,Normale,Autre collision,,,,,,,,,,,1,2,1,1.0,6.0
201700033665,0017-09-21 15:45:00,17,9,21,15,45,660,136,MICHELET (BOULEVARD EDMO,42.6982,2.8676,Plein jour,Hors agglomération,Hors intersection,Normale,Trois véhicules et plus - collisions multiples,,,,,,,,,,,1,1,1,1.0,5.0
201700033666,0017-09-21 23:20:00,17,9,21,23,20,660,136,"16, WILSON (BOULEVARD TH",42.70175,2.89497,Nuit avec éclairage allumé,En agglomération,Hors intersection,Normale,Autre collision,,,,,,,,,,,5,2,1,1.0,6.0
201700033667,0017-09-23 17:00:00,17,9,23,17,0,660,136,BLANC AVENUE ROSETTE,42.70009,2.92562,Plein jour,En agglomération,Hors intersection,Normale,Autre collision,,,,,,,,,,,1,2,1,1.0,6.0
201700033668,0017-09-27 05:20:00,17,9,27,5,20,660,136,R D 900,42.7267,2.87836,Nuit sans éclairage public,Hors agglomération,Hors intersection,Normale,Autre collision,,,,,,,,,,,3,1,1,1.0,6.0
201700033669,0017-09-27 10:00:00,17,9,27,10,0,660,136,BAILLY JEAN,42.6975,2.9013,Plein jour,En agglomération,Hors intersection,Normale,Deux véhicules - côté,,,,,,,,,,,1,2,1,1.0,3.0
201700033670,0017-09-27 10:30:00,17,9,27,10,30,660,136,"4, ALDUY (Paul)",42.70182,2.89914,Plein jour,En agglomération,Hors intersection,Normale,Autre collision,,,,,,,,,,,1,2,1,1.0,6.0
201700033671,0017-09-27 10:30:00,17,9,27,10,30,660,136,"40, ALDUY (Paul)",42.68457,2.9013,Plein jour,En agglomération,Hors intersection,Normale,Autre collision,,,,,,,,,,,1,2,1,1.0,6.0
201700033672,0017-09-29 04:34:00,17,9,29,4,34,660,136,"06, BLANC AVENUE ROSETTE",42.69898,2.90631,Nuit avec éclairage allumé,En agglomération,Hors intersection,Normale,Sans collision,,,,,,,,,,,5,2,1,1.0,7.0
201700033673,0017-10-02 08:30:00,17,10,2,8,30,660,136,R D 900,,,Plein jour,Hors agglomération,Hors intersection,Normale,Trois véhicules et plus - collisions multiples,,,,,,,,,,,1,1,1,1.0,5.0
201700033674,0017-10-07 18:10:00,17,10,7,18,10,660,136,R D 900,,,Plein jour,Hors agglomération,Hors intersection,Normale,Deux véhicules - côté,,,,,,,,,,,1,1,1,1.0,3.0
201700033675,0017-10-09 14:12:00,17,10,9,14,12,660,136,GUYNEMER (AVENUE GEORGES,42.696,2.9037,Plein jour,En agglomération,Intersection en X,Normale,Deux véhicules - côté,,,,,,,,,,,1,2,2,1.0,3.0
201700033676,0017-10-10 15:45:00,17,10,10,15,45,660,136,FLANDRES/DUNKERQUE (CARR,42.68618,2.90689,Plein jour,Hors agglomération,Hors intersection,Normale,Autre collision,,,,,,,,,,,1,1,1,1.0,6.0
201700033677,0017-10-12 20:15:00,17,10,12,20,15,660,136,"., COQUELICOTS (DES)",42.70298,2.90354,Nuit avec éclairage allumé,En agglomération,Intersection en X,Normale,Deux véhicules - arrière,,,,,,,,,,,5,2,2,1.0,2.0
201700033678,0017-10-14 22:30:00,17,10,14,22,30,660,136,BLANC AVENUE ROSETTE,42.6992,2.9151,Nuit sans éclairage public,Hors agglomération,Hors intersection,Normale,Trois véhicules et plus - collisions multiples,,,,,,,,,,,3,1,1,1.0,5.0
201700033679,0017-10-16 17:23:00,17,10,16,17,23,660,136,JULIEN PANCHOT (AVENUE),42.69,2.8798,Plein jour,En agglomération,Intersection en X,Normale,Deux véhicules - côté,,,,,,,,,,,1,2,2,1.0,3.0
201700033680,0017-10-19 09:28:00,17,10,19,9,28,660,136,"7, WILSON (BOULEVARD THO",42.7019,2.896,Plein jour,En agglomération,Hors intersection,Pluie forte,Autre collision,,,,,,,,,,,1,2,1,3.0,6.0
201700033681,0017-10-22 18:50:00,17,10,22,18,50,660,136,BOURRAT BOULEVARD JEAN,42.70065,2.9024,Plein jour,En agglomération,Hors intersection,Normale,Deux véhicules - arrière,,,,,,,,,,,1,2,1,1.0,2.0
201700033682,0017-10-23 20:28:00,17,10,23,20,28,660,136,PASCOT (AVENUE PAUL),42.67795,2.85124,Crépuscule ou aube,Hors agglomération,Hors intersection,Normale,Deux véhicules - arrière,,,,,,,,,,,2,1,1,1.0,2.0
201700033683,0017-10-28 11:28:00,17,10,28,11,28,660,136,"., SAINT-GUILLEM (PLACE",42.67454,2.90603,Plein jour,En agglomération,Hors intersection,Normale,Deux véhicules - arrière,,,,,,,,,,,1,2,1,1.0,2.0
201700033684,0017-10-28 11:40:00,17,10,28,11,40,660,136,KENNEDY (BD JOHN-FITZGER,42.68663,2.90679,Plein jour,En agglomération,Hors intersection,Normale,Autre collision,,,,,,,,,,,1,2,1,1.0,6.0
201700033685,0017-10-27 16:40:00,17,10,27,16,40,660,136,NOTRE-DAME-DE-LA-ROURE,42.677,2.90874,Plein jour,En agglomération,Hors intersection,Normale,Autre collision,,,,,,,,,,,1,2,1,1.0,6.0
201700033686,0017-10-25 11:08:00,17,10,25,11,8,660,136,"27, BRIAND BOULEVARD ARI",42.69545,2.9024,Plein jour,En agglomération,Hors intersection,Normale,Autre collision,,,,,,,,,,,1,2,1,1.0,6.0
201700033687,0017-10-30 18:00:00,17,10,30,18,0,660,136,ESPAGNE (ROUTE D'),42.6701,2.8813,Plein jour,Hors agglomération,Hors intersection,Normale,Deux véhicules - côté,,,,,,,,,,,1,1,1,1.0,3.0
201700033688,0017-10-30 19:05:00,17,10,30,19,5,660,136,ALDUY (Paul),42.67738,2.90517,Plein jour,En agglomération,Hors intersection,Normale,Deux véhicules - frontale,,,,,,,,,,,1,2,1,1.0,1.0
201700033689,0017-11-01 13:20:00,17,11,1,13,20,660,136,Dpartementale  617,42.71289,2.92825,Plein jour,Hors agglomération,Hors intersection,Normale,Deux véhicules - arrière,,,,,,,,,,,1,1,1,1.0,2.0
201700033690,0017-11-01 14:50:00,17,11,1,14,50,660,136,"136, DALBIEZ (AVENUE VIC",42.68088,2.88165,Plein jour,En agglomération,Hors intersection,Normale,Autre collision,,,,,,,,,,,1,2,1,1.0,6.0
201700033691,0017-11-04 19:35:00,17,11,4,19,35,660,136,JUIN (AVENUE DU MARECHAL,42.6878,2.8984,Nuit avec éclairage allumé,En agglomération,Intersection en X,Normale,Deux véhicules - côté,,,,,,,,,,,5,2,2,1.0,3.0
201700033692,0017-11-05 09:20:00,17,11,5,9,20,660,136,DELAGE Louis,42.7386,2.889,Plein jour,En agglomération,Hors intersection,Normale,Autre collision,,,,,,,,,,,1,2,1,1.0,6.0
201700033693,0017-11-08 17:35:00,17,11,8,17,35,660,136,"35, KENNEDY (BD JOHN-FIT",42.6888,2.90377,Plein jour,En agglomération,Hors intersection,Normale,Deux véhicules - arrière,,,,,,,,,,,1,2,1,1.0,2.0
201700033694,0017-11-09 16:00:00,17,11,9,16,0,660,136,PYRENEES (BOULEVARD DES),42.6968,2.88812,Plein jour,En agglomération,Hors intersection,Normale,Autre collision,,,,,,,,,,,1,2,1,1.0,6.0
201700033695,0017-11-09 18:20:00,17,11,9,18,20,660,136,"., ARAGO FRANCOIS PLACE",42.69815,2.89193,Nuit avec éclairage allumé,En agglomération,Hors intersection,Normale,Autre collision,,,,,,,,,,,5,2,1,1.0,6.0
201700033696,0017-11-11 17:15:00,17,11,11,17,15,660,136,"., BRIAND BOULEVARD ARIS",42.69451,2.90152,Plein jour,En agglomération,Intersection en X,Normale,Deux véhicules - côté,,,,,,,,,,,1,2,2,1.0,3.0
201700033697,0017-11-12 15:00:00,17,11,12,15,0,660,136,"., FAUCEILLE (CHEMIN DE",42.6683,2.90115,Plein jour,Hors agglomération,Hors intersection,Normale,Autre collision,,,,,,,,,,,1,1,1,1.0,6.0
201700033698,0017-11-13 13:06:00,17,11,13,13,6,660,136,"30, KOENING Bd",42.68656,2.90488,Plein jour,En agglomération,Hors intersection,Normale,Autre collision,,,,,,,,,,,1,2,1,1.0,6.0
201700033699,0017-11-15 15:40:00,17,11,15,15,40,660,136,"., GAUGUIN (AVENUE PAUL)",42.72045,2.89013,Plein jour,En agglomération,Hors intersection,Normale,Autre collision,,,,,,,,,,,1,2,1,1.0,6.0
201700033700,0017-11-16 16:55:00,17,11,16,16,55,660,136,"62, ALBERT MARCELLIN",42.68942,2.89286,Plein jour,En agglomération,Hors intersection,Normale,Autre collision,,,,,,,,,,,1,2,1,1.0,6.0
201700033701,0017-11-21 18:40:00,17,11,21,18,40,660,136,"., R D 900",42.671,2.85686,Nuit avec éclairage allumé,En agglomération,Hors intersection,Normale,Deux véhicules - arrière,,,,,,,,,,,5,2,1,1.0,2.0
201700033702,0017-11-22 11:50:00,17,11,22,11,50,660,136,"., Dpartementale 914",42.663,2.90989,Plein jour,En agglomération,Hors intersection,Normale,Autre collision,,,,,,,,,,,1,2,1,1.0,6.0
201700033703,0017-11-23 15:55:00,17,11,23,15,55,660,136,"183, JOFFRE (AVENUE DU M",42.71507,2.88835,Plein jour,En agglomération,Hors intersection,Normale,Autre collision,,,,,,,,,,,1,2,1,1.0,6.0
201700033704,0017-12-02 17:35:00,17,12,2,17,35,660,136,AERODROME AVENUE DE L'(C,42.72813,2.87763,Plein jour,Hors agglomération,Hors intersection,Normale,Deux véhicules - arrière,,,,,,,,,,,1,1,1,1.0,2.0
201700033705,0017-12-02 11:45:00,17,12,2,11,45,660,136,ESPAGNE (ROUTE D'),42.68006,2.89298,Plein jour,Hors agglomération,Hors intersection,Normale,Autre collision,,,,,,,,,,,1,1,1,1.0,6.0
201700033706,0017-12-02 16:20:00,17,12,2,16,20,660,136,"80, PANCHOT (AVENUE JULI",42.69116,2.88173,Plein jour,Hors agglomération,Hors intersection,Normale,Autre collision,,,,,,,,,,,1,1,1,1.0,6.0
201700033707,0017-12-01 17:00:00,17,12,1,17,0,660,136,DALBIEZ (AVENUE VICTOR),42.6895,2.8845,Plein jour,En agglomération,Hors intersection,Normale,Autre collision,,,,,,,,,,,1,2,1,1.0,6.0
201700033708,0017-12-01 19:50:00,17,12,1,19,50,660,136,ESPAGNE (ROUTE D'),,,Plein jour,Hors agglomération,Hors intersection,Normale,Deux véhicules - arrière,,,,,,,,,,,1,1,1,1.0,2.0
201700033709,0017-12-04 08:15:00,17,12,4,8,15,660,136,PRADES (AVENUE DE),42.69428,2.84926,Plein jour,En agglomération,Hors intersection,Normale,Autre collision,,,,,,,,,,,1,2,1,1.0,6.0
201700033710,0017-12-05 16:00:00,17,12,5,16,0,660,136,"09,rue  luis caulas",42.69808,2.89538,Plein jour,En agglomération,Hors intersection,Normale,Autre collision,,,,,,,,,,,1,2,1,1.0,6.0
201700033711,0017-12-05 18:09:00,17,12,5,18,9,660,136,"., LANGUEDOC (AVENUE DU",42.7337,2.88956,Crépuscule ou aube,En agglomération,Hors intersection,Normale,Deux véhicules - côté,,,,,,,,,,,2,2,1,1.0,3.0
201700033712,0017-12-06 08:08:00,17,12,6,8,8,660,136,"., TORREILLES (AV DU DOC",42.68994,2.87281,Crépuscule ou aube,En agglomération,Hors intersection,Normale,Autre collision,,,,,,,,,,,2,2,1,1.0,6.0
201700033713,0017-12-06 15:35:00,17,12,6,15,35,660,136,"., FAUCEILLE (CHEMIN DE",42.6691,2.89872,Plein jour,En agglomération,Hors intersection,Normale,Autre collision,,,,,,,,,,,1,2,1,1.0,6.0
201700033714,0017-12-06 14:30:00,17,12,6,14,30,660,136,"., ARCADES (RD POINT)",42.6741,2.8875,Plein jour,En agglomération,Hors intersection,Normale,Autre collision,,,,,,,,,,,1,2,1,1.0,6.0
201700033715,0017-12-10 11:00:00,17,12,10,11,0,660,136,"14, BIOT JEAN BAPTISTE",42.73441,2.8999,Plein jour,En agglomération,Hors intersection,Normale,Autre collision,,,,,,,,,,,1,2,1,1.0,6.0
201700033716,0017-12-07 20:10:00,17,12,7,20,10,660,136,"., COURTELINE (GEORGES)",42.69408,2.88146,Nuit avec éclairage allumé,En agglomération,Intersection en T,Normale,Deux véhicules - côté,,,,,,,,,,,5,2,3,1.0,3.0
201700033717,0017-12-11 17:00:00,17,12,11,17,0,660,136,"., SCHWEITZER (AVENUE DU",42.71656,2.87609,Crépuscule ou aube,En agglomération,Hors intersection,Normale,Autre collision,,,,,,,,,,,2,2,1,1.0,6.0
201700033718,0017-12-11 18:00:00,17,12,11,18,0,660,136,"., GUYNEMER (AVENUE GEOR",42.6952,2.90418,Nuit avec éclairage allumé,En agglomération,Intersection en X,Normale,Autre collision,,,,,,,,,,,5,2,2,1.0,6.0
201700033719,0017-12-19 09:40:00,17,12,19,9,40,660,136,"., OCCITANIE (ROND POINT",42.68174,2.9089,Plein jour,En agglomération,Hors intersection,Normale,Autre collision,,,,,,,,,,,1,2,1,1.0,6.0
201700033720,0017-12-18 17:15:00,17,12,18,17,15,660,136,"217, PRADES (AVENUE DE)",42.6943,2.85426,Plein jour,En agglomération,Hors intersection,Normale,Deux véhicules - frontale,,,,,,,,,,,1,2,1,1.0,1.0
201700033721,0017-12-22 22:17:00,17,12,22,22,17,660,136,"., ROUDAYRE (AVENUE EMIL",42.71403,2.89469,Nuit avec éclairage allumé,En agglomération,Intersection en T,Normale,Deux véhicules - frontale,,,,,,,,,,,5,2,3,1.0,1.0
201700033722,0017-02-12 15:30:00,17,2,12,15,30,520,114,RD107 PR13+500,48.03564,4.94782,Plein jour,Hors agglomération,Hors intersection,Normale,Autre collision,,,,,,,,,,,1,1,1,1.0,6.0
201700033723,0017-02-18 05:45:00,17,2,18,5,45,520,114,RDépartementale 6,48.04096,4.90796,Nuit sans éclairage public,Hors agglomération,Autre intersection,Brouillard / fumée,Sans collision,,,,,,,,,,,3,1,9,5.0,7.0
201700033724,0017-08-06 17:45:00,17,8,6,17,45,520,538,D143,47.99725,5.17903,Plein jour,Hors agglomération,Hors intersection,Normale,Sans collision,,,,,,,,,,,1,1,1,1.0,7.0
201700033725,0017-01-08 11:40:00,17,1,8,11,40,60,54,Chemin des Croves,43.76417,7.33986,Plein jour,En agglomération,Hors intersection,Normale,Sans collision,,,,,,,,,,,1,2,1,1.0,7.0
201700033726,0017-04-03 16:45:00,17,4,3,16,45,60,149,boulevard du rostit,43.73568,7.31812,Plein jour,Hors agglomération,Hors intersection,Normale,Deux véhicules - frontale,,,,,,,,,,,1,1,1,1.0,1.0
201700033727,0017-06-07 19:04:00,17,6,7,19,4,60,149,Pénétrante du Paillon,43.73443,7.30176,Plein jour,En agglomération,Hors intersection,Normale,Deux véhicules - arrière,,,,,,,,,,,1,2,1,1.0,2.0
201700033728,0017-06-18 15:50:00,17,6,18,15,50,60,149,159 Route de Laghet,43.74789,7.35208,Plein jour,Hors agglomération,Hors intersection,Normale,Deux véhicules - frontale,,,,,,,,,,,1,1,1,1.0,1.0