accident_id,datetime,annee,mois,jour,heure,minute,departement,commune_insee,adresse,latitude,longitude,luminosite,agglomeration,intersection,meteo,collision,nb_vehicules,nb_usagers,nb_indemnes,nb_tues,nb_blesses_hosp,nb_blesses_legers,age_cond_1,age_cond_2,veh_type_cond_1,veh_type_cond_2,lum_code,agg_code,int_code,atm_code,col_code
201700034811,0017-07-03 19:45:00,17,7,3,19,45,690,266,"87, PIERRE VOYANT    (Ru",45.76772,4.90034,Crépuscule ou aube,En agglomération,Hors intersection,Normale,Autre collision,,,,,,,,,,,2,2,1,1.0,6.0
201700034812,0017-08-12 19:50:00,17,8,12,19,50,690,256,"78, REPUBLIQUE (DE LA)",45.5919,9.26958,Plein jour,En agglomération,Intersection en X,Temps éblouissant,Autre collision,,,,,,,,,,,1,2,2,7.0,6.0
201700034813,0017-07-13 10:15:00,17,7,13,10,15,690,266,ANDRE PHILIP      (Cours,45.77247,4.86517,Plein jour,En agglomération,Giratoire,Normale,Deux véhicules - côté,,,,,,,,,,,1,2,6,1.0,3.0
201700034814,0017-08-19 09:15:00,17,8,19,9,15,690,29,"26, 8 MAI 1945 (DU)",45.72977,4.91675,Plein jour,En agglomération,Intersection en T,Normale,Deux véhicules - côté,,,,,,,,,,,1,2,3,1.0,3.0
201700034815,0017-08-20 16:50:00,17,8,20,16,50,690,29,AUTOROUTE A43,44.72958,4.89402,Plein jour,En agglomération,Intersection en T,Temps éblouissant,Deux véhicules - côté,,,,,,,,,,,1,2,3,7.0,3.0
201700034816,0017-08-21 07:20:00,17,8,21,7,20,690,29,"47, CAMILLE ROUSSET",45.7356,4.9102,Crépuscule ou aube,En agglomération,Intersection en Y,Temps éblouissant,Autre collision,,,,,,,,,,,2,2,4,7.0,6.0
201700034817,0017-08-21 12:45:00,17,8,21,12,45,690,266,"347, EMILE ZOLA     (Cou",45.76575,4.89982,Plein jour,En agglomération,Hors intersection,Normale,Autre collision,,,,,,,,,,,1,2,1,1.0,6.0
201700034818,0017-08-22 00:50:00,17,8,22,0,50,690,266,"212, 4 AOUT 1789    (Rue",45.76502,4.89543,Nuit avec éclairage allumé,En agglomération,Hors intersection,Normale,Autre collision,,,,,,,,,,,5,2,1,1.0,6.0
201700034819,0017-08-27 05:00:00,17,8,27,5,0,690,266,"149, STALINGRAD    (Boul",45.77255,4.85896,Nuit avec éclairage allumé,En agglomération,Intersection en X,Normale,Deux véhicules - côté,,,,,,,,,,,5,2,2,1.0,3.0
201700034820,0017-08-28 20:40:00,17,8,28,20,40,690,256,DROITS DE L'HOMME (DES),45.75344,4.93252,Crépuscule ou aube,En agglomération,Intersection en X,Normale,Deux véhicules - côté,,,,,,,,,,,2,2,2,1.0,3.0
201700034821,0017-08-26 11:15:00,17,8,26,11,15,690,256,BOLHEN   (DE),45.76459,4.9191,Plein jour,En agglomération,Intersection en X,Normale,Deux véhicules - côté,,,,,,,,,,,1,2,2,1.0,3.0
201700034822,0017-08-29 09:30:00,17,8,29,9,30,690,29,"64, CAMILLE ROUSSET",45.73582,4.91165,Plein jour,En agglomération,Intersection en X,Normale,Deux véhicules - côté,,,,,,,,,,,1,2,2,1.0,3.0
201700034823,0017-08-30 12:50:00,17,8,30,12,50,690,290,"24, LYON (DE) (D 518)",45.70897,4.93533,Plein jour,En agglomération,Hors intersection,Temps couvert,Sans collision,,,,,,,,,,,1,2,1,8.0,7.0
201700034824,0017-08-30 12:15:00,17,8,30,12,15,690,266,PAUL LAFARGUE   (Rue),45.76868,4.88358,Plein jour,En agglomération,Hors intersection,Normale,Autre collision,,,,,,,,,,,1,2,1,1.0,6.0
201700034825,0017-08-30 18:00:00,17,8,30,18,0,690,29,"., LAURENT BONNEVAY",45.75079,4.90723,Plein jour,En agglomération,Intersection en X,Normale,Deux véhicules - arrière,,,,,,,,,,,1,2,2,1.0,2.0
201700034826,0017-07-21 19:00:00,17,7,21,19,0,690,266,"12, REPUBLIQUE   (Cours",45.77,4.87,Plein jour,En agglomération,Hors intersection,Normale,Trois véhicules et plus - en chaîne,,,,,,,,,,,1,2,1,1.0,4.0
201700034827,0017-09-03 12:00:00,17,9,3,12,0,690,275,LAVOIR (DU),45.76362,4.96313,Plein jour,En agglomération,Hors intersection,Normale,Deux véhicules - côté,,,,,,,,,,,1,2,1,1.0,3.0
201700034828,0017-09-05 14:30:00,17,9,5,14,30,690,266,"42, POIZAT      (Rue)",45.75721,4.89284,Plein jour,En agglomération,Intersection en T,Normale,Deux véhicules - côté,,,,,,,,,,,1,2,3,1.0,3.0
201700034829,0017-09-09 03:10:00,17,9,9,3,10,690,266,"., EMILE ZOLA     (Cours",45.76931,4.88022,Nuit avec éclairage allumé,En agglomération,Intersection en X,Normale,Deux véhicules - côté,,,,,,,,,,,5,2,2,1.0,3.0
201700034830,0017-09-14 07:45:00,17,9,14,7,45,690,290,"106, JEAN JAURES",45.69809,4.92558,Crépuscule ou aube,En agglomération,Intersection en T,Temps éblouissant,Deux véhicules - côté,,,,,,,,,,,2,2,3,7.0,3.0
201700034831,0017-09-14 17:50:00,17,9,14,17,50,690,266,"53, GABRIEL PERI",45.77278,4.86632,Plein jour,En agglomération,Hors intersection,Normale,Deux véhicules - côté,,,,,,,,,,,1,2,1,1.0,3.0
201700034832,0017-09-14 20:45:00,17,9,14,20,45,690,266,"17-19, ALBERT EINSTEIN",45.78358,4.88344,Nuit avec éclairage allumé,En agglomération,Hors intersection,Normale,Deux véhicules - arrière,,,,,,,,,,,5,2,1,1.0,2.0
201700034833,0017-09-11 16:20:00,17,9,11,16,20,690,256,"41, POUDRETTE (DE LA)",45.76,4.92,Plein jour,En agglomération,Hors intersection,Normale,Autre collision,,,,,,,,,,,1,2,1,1.0,6.0
201700034834,0017-09-17 06:44:00,17,9,17,6,44,690,29,"36, DOYEN JEAN LEPINE (D",45.74774,4.90489,Crépuscule ou aube,En agglomération,Hors intersection,Normale,Deux véhicules - côté,,,,,,,,,,,2,2,1,1.0,3.0
201700034835,0017-09-18 16:40:00,17,9,18,16,40,690,266,"., FEYSSINE     (Rue de",45.78675,4.88757,Plein jour,En agglomération,Intersection en T,Normale,Deux véhicules - arrière,,,,,,,,,,,1,2,3,1.0,2.0
201700034836,0017-09-21 06:35:00,17,9,21,6,35,690,29,"., PIERRE MENDES FRANCE",45.72472,4.915,Nuit avec éclairage allumé,En agglomération,Intersection en T,Normale,Deux véhicules - côté,,,,,,,,,,,5,2,3,1.0,3.0
201700034837,0017-09-21 07:50:00,17,9,21,7,50,690,290,"160, TROISIEME MILLENAIR",45.71677,4.92808,Plein jour,En agglomération,Intersection en X,Normale,Deux véhicules - côté,,,,,,,,,,,1,2,2,1.0,3.0
201700034838,0017-09-06 18:15:00,17,9,6,18,15,690,290,CORDIERE (DE LA),45.69343,4.94982,Plein jour,En agglomération,Hors intersection,Normale,Autre collision,,,,,,,,,,,1,2,1,1.0,6.0
201700034839,0017-09-21 18:50:00,17,9,21,18,50,690,256,REMY CACHET,45.77585,4.91125,Plein jour,En agglomération,Intersection en X,Normale,Autre collision,,,,,,,,,,,1,2,2,1.0,6.0
201700034840,0017-09-25 23:20:00,17,9,25,23,20,690,29,"., PIERRE MENDES FRANCE",45.724,4.915,Nuit avec éclairage allumé,En agglomération,Hors intersection,Normale,Autre collision,,,,,,,,,,,5,2,1,1.0,6.0
201700034841,0017-09-25 16:50:00,17,9,25,16,50,690,256,BEIT SAHOUR (DE),45.78794,4.91437,Plein jour,En agglomération,Intersection en T,Pluie légère,Autre collision,,,,,,,,,,,1,2,3,2.0,6.0
201700034842,0017-09-24 04:45:00,17,9,24,4,45,690,256,"13, JACQUES TATI",45.75111,4.93089,Nuit avec éclairage allumé,En agglomération,Hors intersection,Normale,Deux véhicules - côté,,,,,,,,,,,5,2,1,1.0,3.0
201700034843,0017-09-27 20:20:00,17,9,27,20,20,690,266,RAYMOND POINCARE    (Pon,45.78809,4.86047,Nuit avec éclairage allumé,En agglomération,Hors intersection,Normale,Deux véhicules - côté,,,,,,,,,,,5,2,1,1.0,3.0
201700034844,0017-09-29 15:00:00,17,9,29,15,0,690,266,"136, POUDRETTE     (Rue",45.755,4.92095,Plein jour,En agglomération,Intersection en T,Normale,Deux véhicules - côté,,,,,,,,,,,1,2,3,1.0,3.0
201700034845,0017-09-29 17:20:00,17,9,29,17,20,690,256,"60, ROGER SALENGRO",45.75859,4.92881,Plein jour,En agglomération,Hors intersection,Normale,Autre collision,,,,,,,,,,,1,2,1,1.0,6.0
201700034846,0017-09-27 13:50:00,17,9,27,13,50,690,256,"91, FRANKLIN ROOSEVELT",45.75861,4.93645,Plein jour,En agglomération,Hors intersection,Normale,Deux véhicules - frontale,,,,,,,,,,,1,2,1,1.0,1.0
201700034847,0017-09-29 19:00:00,17,9,29,19,0,690,266,GENAS    (Route de),45.749,4.914,Crépuscule ou aube,En agglomération,Intersection en T,Normale,Deux véhicules - côté,,,,,,,,,,,2,2,3,1.0,3.0
201700034848,0017-10-01 21:30:00,17,10,1,21,30,690,266,MARCEL CERDAN     (Avenu,45.76662,4.90257,Nuit avec éclairage allumé,En agglomération,Intersection en X,Normale,Deux véhicules - côté,,,,,,,,,,,5,2,2,1.0,3.0
201700034849,0017-10-03 13:55:00,17,10,3,13,55,690,275,BRUYERES (DES),45.75712,4.9426,Plein jour,En agglomération,Intersection en T,Normale,Deux véhicules - côté,,,,,,,,,,,1,2,3,1.0,3.0
201700034850,0017-10-03 23:00:00,17,10,3,23,0,690,282,LOUIS SAULNIER,45.76668,5.00354,Nuit avec éclairage allumé,En agglomération,Intersection en X,Normale,Deux véhicules - côté,,,,,,,,,,,5,2,2,1.0,3.0
201700034851,0017-10-04 13:33:00,17,10,4,13,33,690,266,"57, REPUBLIQUE   (Cours",45.76677,4.87405,Plein jour,En agglomération,Hors intersection,Normale,Autre collision,,,,,,,,,,,1,2,1,1.0,6.0
201700034852,0017-10-04 16:00:00,17,10,4,16,0,690,266,"., GENAS    (Route de)",45.75915,4.89844,Plein jour,En agglomération,Intersection en X,Normale,Deux véhicules - côté,,,,,,,,,,,1,2,2,1.0,3.0
201700034853,0017-10-04 21:10:00,17,10,4,21,10,690,266,"10, CHARMETTES    (Rue d",45.7714,4.86665,Nuit avec éclairage allumé,En agglomération,Hors intersection,Normale,Autre collision,,,,,,,,,,,5,2,1,1.0,6.0
201700034854,0017-10-05 17:30:00,17,10,5,17,30,690,271,"01, USINGEN (D')",45.73459,4.96604,Plein jour,En agglomération,Giratoire,Normale,Deux véhicules - côté,,,,,,,,,,,1,2,6,1.0,3.0
201700034855,0017-10-07 11:55:00,17,10,7,11,55,690,29,LIONEL TERRAY,45.72954,4.89415,Plein jour,En agglomération,Intersection en T,Normale,Deux véhicules - côté,,,,,,,,,,,1,2,3,1.0,3.0
201700034856,0017-10-08 07:00:00,17,10,8,7,0,690,29,"316, GENAS (DE)",45.75005,4.91164,Crépuscule ou aube,En agglomération,Intersection en T,Pluie légère,Deux véhicules - côté,,,,,,,,,,,2,2,3,2.0,3.0
201700034857,0017-10-08 08:45:00,17,10,8,8,45,690,290,"94, ARISTIDE BRIAND (D 5",45.69617,4.92653,Crépuscule ou aube,En agglomération,Intersection en X,Pluie légère,Deux véhicules - côté,,,,,,,,,,,2,2,2,2.0,3.0
201700034858,0017-10-08 14:40:00,17,10,8,14,40,690,266,"., MARCEL CERDAN     (Av",45.76706,4.90679,Plein jour,En agglomération,Giratoire,Normale,Deux véhicules - côté,,,,,,,,,,,1,2,6,1.0,3.0
201700034859,0017-10-11 14:35:00,17,10,11,14,35,690,266,"61, FONTANIERES     (Rue",45.7734,4.88385,Plein jour,En agglomération,Intersection en T,Normale,Deux véhicules - côté,,,,,,,,,,,1,2,3,1.0,3.0
201700034860,0017-10-06 19:53:00,17,10,6,19,53,690,275,"153, JEAN JAURES",45.76988,4.95152,Nuit avec éclairage allumé,En agglomération,Intersection en T,Normale,Deux véhicules - côté,,,,,,,,,,,5,2,3,1.0,3.0
201700034861,0017-10-12 16:30:00,17,10,12,16,30,690,275,"172, JEAN JAURES",45.76985,4.95168,Plein jour,En agglomération,Hors intersection,Normale,Deux véhicules - côté,,,,,,,,,,,1,2,1,1.0,3.0
201700034862,0017-10-15 03:45:00,17,10,15,3,45,690,275,"95, EDOUARD HERRIOT",45.77542,4.97045,Nuit avec éclairage allumé,En agglomération,Intersection en X,Normale,Sans collision,,,,,,,,,,,5,2,2,1.0,7.0
201700034863,0017-10-17 17:45:00,17,10,17,17,45,690,256,CHARLES DE GAULLE,45.78101,4.94493,Plein jour,En agglomération,Intersection en T,Normale,Deux véhicules - côté,,,,,,,,,,,1,2,3,1.0,3.0
201700034864,0017-10-17 23:20:00,17,10,17,23,20,690,256,"., MARIUS GROSSO",45.76366,4.93317,Nuit avec éclairage allumé,En agglomération,Intersection en X,Normale,Deux véhicules - côté,,,,,,,,,,,5,2,2,1.0,3.0
201700034865,0017-10-18 03:00:00,17,10,18,3,0,690,266,"., 11 NOVEMBRE 1918    (",45.77888,4.8667,Nuit avec éclairage allumé,En agglomération,Intersection en T,Normale,Deux véhicules - côté,,,,,,,,,,,5,2,3,1.0,3.0
201700034866,0017-10-18 18:00:00,17,10,18,18,0,690,290,"20, ANATOLE FRANCE",45.69297,3.0,Plein jour,En agglomération,Hors intersection,Normale,Autre collision,,,,,,,,,,,1,2,1,1.0,6.0
201700034867,0017-10-19 13:40:00,17,10,19,13,40,690,266,"23, FREDERIC MISTRAL",45.756,4.876,Plein jour,En agglomération,Hors intersection,Normale,Deux véhicules - arrière,,,,,,,,,,,1,2,1,1.0,2.0
201700034868,0017-10-14 19:00:00,17,10,14,19,0,690,256,JACQUES DUCLOS,45.77972,4.91341,Crépuscule ou aube,En agglomération,Autre intersection,Normale,Autre collision,,,,,,,,,,,2,2,9,1.0,6.0
201700034869,0017-10-19 05:25:00,17,10,19,5,25,690,256,"108, ROGER SALENGRO",45.75471,4.92815,Nuit avec éclairage allumé,En agglomération,Autre intersection,Normale,Deux véhicules - côté,,,,,,,,,,,5,2,9,1.0,3.0
201700034870,0017-10-20 07:00:00,17,10,20,7,0,690,290,"402, CHARLES DE GAULLE",45.71309,4.89862,Nuit avec éclairage allumé,En agglomération,Hors intersection,Normale,Deux véhicules - arrière,,,,,,,,,,,5,2,1,1.0,2.0
201700034871,0017-10-20 15:05:00,17,10,20,15,5,690,266,"33, ANDRE PHILIP      (C",45.77256,4.86313,Plein jour,En agglomération,Hors intersection,Normale,Autre collision,,,,,,,,,,,1,2,1,1.0,6.0
201700034872,0017-10-20 15:00:00,17,10,20,15,0,690,290,URBAIN LE VERRIER,45.71135,4.95828,Plein jour,En agglomération,Intersection en T,Temps couvert,Deux véhicules - côté,,,,,,,,,,,1,2,3,8.0,3.0
201700034873,0017-10-21 15:00:00,17,10,21,15,0,690,266,"89, LEON BLUM      (Rue)",45.76016,4.89873,Plein jour,En agglomération,Hors intersection,Pluie légère,Deux véhicules - côté,,,,,,,,,,,1,2,1,2.0,3.0
201700034874,0017-10-21 15:10:00,17,10,21,15,10,690,266,"75, DOCTEUR FRAPPAZ    (",45.76182,4.89517,Plein jour,En agglomération,Hors intersection,Normale,Autre collision,,,,,,,,,,,1,2,1,1.0,6.0
201700034875,0017-10-18 17:30:00,17,10,18,17,30,690,290,CITE BERLIET (DE LA),45.70795,4.91827,Plein jour,En agglomération,Hors intersection,Normale,Deux véhicules - arrière,,,,,,,,,,,1,2,1,1.0,2.0
201700034876,0017-09-30 13:30:00,17,9,30,13,30,690,266,"210, LEON BLUM      (Rue",45.76582,4.91949,Plein jour,En agglomération,Intersection en T,Pluie légère,Deux véhicules - côté,,,,,,,,,,,1,2,3,2.0,3.0
201700034877,0017-10-15 17:58:00,17,10,15,17,58,690,256,"., SALVADOR ALLENDE",45.78138,4.92934,Plein jour,En agglomération,Giratoire,Normale,Deux véhicules - côté,,,,,,,,,,,1,2,6,1.0,3.0
201700034878,0017-10-25 00:25:00,17,10,25,0,25,690,290,GRENOBLE (DE)  -  RN 6,45.71333,4.96972,Nuit avec éclairage allumé,En agglomération,Hors intersection,Normale,Autre collision,,,,,,,,,,,5,2,1,1.0,6.0
201700034879,0017-10-25 13:25:00,17,10,25,13,25,690,290,CORDIERE (DE LA),45.69304,4.95172,Plein jour,En agglomération,Hors intersection,Normale,Deux véhicules - frontale,,,,,,,,,,,1,2,1,1.0,1.0
201700034880,0017-10-25 22:20:00,17,10,25,22,20,690,266,"18, REPUBLIQUE   (Cours",45.76964,4.87374,Nuit avec éclairage allumé,En agglomération,Hors intersection,Normale,Deux véhicules - arrière,,,,,,,,,,,5,2,1,1.0,2.0
201700034881,0017-10-26 15:10:00,17,10,26,15,10,690,266,BOURGCHANIN     (Rue),45.76853,4.90236,Plein jour,En agglomération,Intersection en T,Normale,Deux véhicules - côté,,,,,,,,,,,1,2,3,1.0,3.0
201700034882,0017-10-24 20:20:00,17,10,24,20,20,690,266,"73, TOLSTOI    (Cours)",45.7627,4.87825,Nuit avec éclairage allumé,En agglomération,Hors intersection,Normale,Deux véhicules - côté,,,,,,,,,,,5,2,1,1.0,3.0
201700034883,0017-10-26 13:55:00,17,10,26,13,55,690,275,"7, ALEXANDRE GODARD",45.77223,4.96177,Plein jour,En agglomération,Intersection en X,Normale,Deux véhicules - côté,,,,,,,,,,,1,2,2,1.0,3.0
201700034884,0017-10-25 16:15:00,17,10,25,16,15,690,256,MARIUS GROSSO,45.76361,4.93325,Plein jour,En agglomération,Intersection en X,Normale,Deux véhicules - côté,,,,,,,,,,,1,2,2,1.0,3.0
201700034885,0017-10-30 16:40:00,17,10,30,16,40,690,266,"., NORD      (Rue du)",45.76377,4.88183,Plein jour,En agglomération,Intersection en X,Normale,Deux véhicules - côté,,,,,,,,,,,1,2,2,1.0,3.0
201700034886,0017-10-27 09:30:00,17,10,27,9,30,690,282,"28, JOSEPH DESBOIS",45.77055,5.00389,Plein jour,En agglomération,Hors intersection,Normale,Autre collision,,,,,,,,,,,1,2,1,1.0,6.0
201700034887,0017-11-01 15:50:00,17,11,1,15,50,690,266,"110, REPUBLIQUE   (Cours",45.77047,4.87355,Plein jour,En agglomération,Intersection en X,Normale,Autre collision,,,,,,,,,,,1,2,2,1.0,6.0
201700034888,0017-09-29 20:50:00,17,9,29,20,50,690,29,LIONEL TERRAY,45.72955,4.8943,Nuit avec éclairage allumé,En agglomération,Hors intersection,Normale,Autre collision,,,,,,,,,,,5,2,1,1.0,6.0
201700034889,0017-11-02 17:00:00,17,11,2,17,0,690,282,"., CHASSIEU A MEYZIEU (D",45.7564,4.9876,Crépuscule ou aube,En agglomération,Hors intersection,Normale,Deux véhicules - arrière,,,,,,,,,,,2,2,1,1.0,2.0
201700034890,0017-11-03 16:05:00,17,11,3,16,5,690,290,ANDRE BOULLOCHE,45.71911,4.92937,Plein jour,En agglomération,Hors intersection,Normale,Trois véhicules et plus - en chaîne,,,,,,,,,,,1,2,1,1.0,4.0
201700034891,0017-11-04 00:10:00,17,11,4,0,10,690,29,HELENE BOUCHER,45.74389,4.92456,Nuit avec éclairage allumé,En agglomération,Intersection en X,Normale,Deux véhicules - côté,,,,,,,,,,,5,2,2,1.0,3.0
201700034892,0017-11-04 04:00:00,17,11,4,4,0,690,266,"295, LEON BLUM      (Rue",45.76458,4.91853,Nuit avec éclairage allumé,En agglomération,Hors intersection,Normale,Deux véhicules - arrière,,,,,,,,,,,5,2,1,1.0,2.0
201700034893,0017-11-08 11:10:00,17,11,8,11,10,690,266,"125, LEON BLUM      (Rue",45.76042,4.90214,Plein jour,En agglomération,Hors intersection,Temps couvert,Deux véhicules - côté,,,,,,,,,,,1,2,1,8.0,3.0
201700034894,0017-11-05 18:55:00,17,11,5,18,55,690,256,FULGENCIO GIMENEZ,45.75151,4.92396,Nuit avec éclairage allumé,En agglomération,Intersection en X,Temps couvert,Deux véhicules - côté,,,,,,,,,,,5,2,2,8.0,3.0
201700034895,0017-11-06 20:10:00,17,11,6,20,10,690,290,"130, GRENOBLE (DE)  -  R",45.71083,4.97634,Nuit avec éclairage allumé,En agglomération,Hors intersection,Normale,Deux véhicules - frontale,,,,,,,,,,,5,2,1,1.0,1.0
201700034896,0017-10-31 11:50:00,17,10,31,11,50,690,29,VERDUN (DE),45.73411,4.90896,Plein jour,En agglomération,Intersection en T,Temps éblouissant,Autre collision,,,,,,,,,,,1,2,3,7.0,6.0
201700034897,0017-11-11 16:10:00,17,11,11,16,10,690,271,"11, FRERES MONTGOLFIER (",45.72712,4.96564,Plein jour,En agglomération,Hors intersection,Pluie légère,Deux véhicules - côté,,,,,,,,,,,1,2,1,2.0,3.0
201700034898,0017-11-11 16:55:00,17,11,11,16,55,690,275,"180, JEAN JAURES",45.77007,4.9529,Crépuscule ou aube,En agglomération,Hors intersection,Pluie légère,Autre collision,,,,,,,,,,,2,2,1,2.0,6.0
201700034899,0017-11-11 17:45:00,17,11,11,17,45,690,271,LYON (DE),45.73938,4.95458,Crépuscule ou aube,En agglomération,Hors intersection,Pluie forte,Trois véhicules et plus - collisions multiples,,,,,,,,,,,2,2,1,3.0,5.0
201700034900,0017-11-11 20:30:00,17,11,11,20,30,690,256,BOLHEN   (DE),45.76492,4.55165,Nuit avec éclairage allumé,En agglomération,Hors intersection,Pluie légère,Autre collision,,,,,,,,,,,5,2,1,2.0,6.0
201700034901,0017-11-13 09:10:00,17,11,13,9,10,690,271,DAUPHINE (DU),45.73,4.95,Plein jour,En agglomération,Hors intersection,Pluie légère,Deux véhicules - côté,,,,,,,,,,,1,2,1,2.0,3.0
201700034902,0017-11-13 16:50:00,17,11,13,16,50,690,266,JEAN JAURES      (Rue),45.76,4.88,Crépuscule ou aube,En agglomération,Intersection en T,Pluie légère,Autre collision,,,,,,,,,,,2,2,3,2.0,6.0
201700034903,0017-11-14 14:45:00,17,11,14,14,45,690,256,"., CLAUDE DEBUSSY",45.7784,4.92907,Plein jour,En agglomération,Intersection en X,Normale,Autre collision,,,,,,,,,,,1,2,2,1.0,6.0
201700034904,0017-11-12 20:00:00,17,11,12,20,0,690,290,"3, HENRI ALAIN FOURNIER",45.69226,4.95543,Nuit avec éclairage allumé,En agglomération,Hors intersection,Pluie légère,Deux véhicules - frontale,,,,,,,,,,,5,2,1,2.0,1.0
201700034905,0017-11-18 08:10:00,17,11,18,8,10,690,282,"24, LIBERATION (DE LA)",45.77384,4.99965,Crépuscule ou aube,En agglomération,Hors intersection,Normale,Autre collision,,,,,,,,,,,2,2,1,1.0,6.0
201700034906,0017-11-19 08:45:00,17,11,19,8,45,690,266,"259 BIS, GENAS    (Route",45.75124,4.90803,Plein jour,En agglomération,Intersection à plus de 4 branches,Temps couvert,Deux véhicules - côté,,,,,,,,,,,1,2,5,8.0,3.0
201700034907,0017-11-20 12:15:00,17,11,20,12,15,690,256,REPUBLIQUE (DE LA),45.78594,4.92702,Plein jour,En agglomération,Hors intersection,Normale,Autre collision,,,,,,,,,,,1,2,1,1.0,6.0
201700034908,0017-11-22 02:00:00,17,11,22,2,0,690,275,"299, JEAN JAURES",45.77161,4.96794,Nuit avec éclairage allumé,En agglomération,Intersection en X,Normale,Deux véhicules - côté,,,,,,,,,,,5,2,2,1.0,3.0
201700034909,0017-11-22 15:00:00,17,11,22,15,0,690,29,"23, MARYSE BASTIE",45.72676,4.92671,Plein jour,En agglomération,Intersection en T,Normale,Autre collision,,,,,,,,,,,1,2,3,1.0,6.0
201700034910,0017-11-22 14:15:00,17,11,22,14,15,690,266,"119, STALINGRAD    (Boul",45.77472,4.85927,Plein jour,En agglomération,Intersection en T,Normale,Trois véhicules et plus - en chaîne,,,,,,,,,,,1,2,3,1.0,4.0
201700034911,0017-11-22 18:30:00,17,11,22,18,30,690,256,"10, CANUTS (DES)",45.76081,4.92237,Nuit avec éclairage allumé,En agglomération,Hors intersection,Normale,Autre collision,,,,,,,,,,,5,2,1,1.0,6.0
201700034912,0017-11-22 11:55:00,17,11,22,11,55,690,256,GABRIEL PERI,45.77038,4.90654,Plein jour,En agglomération,Hors intersection,Normale,Deux véhicules - côté,,,,,,,,,,,1,2,1,1.0,3.0
201700034913,0017-11-23 18:55:00,17,11,23,18,55,690,266,GENAS    (Route de),45.75249,4.90043,Nuit avec éclairage allumé,En agglomération,Hors intersection,Normale,Deux véhicules - côté,,,,,,,,,,,5,2,1,1.0,3.0
201700034914,0017-11-25 20:20:00,17,11,25,20,20,690,271,RAQUIN (DU),45.7403,4.9784,Nuit avec éclairage allumé,En agglomération,Hors intersection,Normale,Deux véhicules - côté,,,,,,,,,,,5,2,1,1.0,3.0
201700034915,0017-11-22 12:20:00,17,11,22,12,20,690,290,"198, GRENOBLE (DE)  -  R",45.71519,4.96331,Plein jour,En agglomération,Hors intersection,Normale,Autre collision,,,,,,,,,,,1,2,1,1.0,6.0
201700034916,0017-11-27 10:30:00,17,11,27,10,30,690,256,ALBERT ROUGERIE,45.74751,4.93222,Plein jour,En agglomération,Hors intersection,Normale,Autre collision,,,,,,,,,,,1,2,1,1.0,6.0
201700034917,0017-11-28 07:50:00,17,11,28,7,50,690,29,"115, FRANCOIS MITTERRAND",45.73697,4.91913,Plein jour,En agglomération,Hors intersection,Normale,Deux véhicules - côté,,,,,,,,,,,1,2,1,1.0,3.0
201700034918,0017-11-28 21:40:00,17,11,28,21,40,690,266,"*, LAURENT BONNEVAY    (",45.78718,4.87917,Nuit avec éclairage allumé,En agglomération,Hors intersection,Pluie légère,Trois véhicules et plus - collisions multiples,,,,,,,,,,,5,2,1,2.0,5.0
201700034919,0017-12-04 17:40:00,17,12,4,17,40,690,290,"., JEAN JAURES",45.69723,4.93613,Nuit avec éclairage allumé,En agglomération,Intersection en X,Normale,Deux véhicules - côté,,,,,,,,,,,5,2,2,1.0,3.0
201700034920,0017-12-01 18:15:00,17,12,1,18,15,690,266,"3, ALBERT EINSTEIN    (A",45.78121,4.87606,Nuit avec éclairage allumé,En agglomération,Hors intersection,Normale,Trois véhicules et plus - collisions multiples,,,,,,,,,,,5,2,1,1.0,5.0
201700034921,0017-12-07 20:30:00,17,12,7,20,30,690,266,"., EMILE DECORPS      (R",45.75687,4.89975,Nuit avec éclairage allumé,En agglomération,Intersection en X,Normale,Deux véhicules - frontale,,,,,,,,,,,5,2,2,1.0,1.0
201700034922,0017-12-09 04:40:00,17,12,9,4,40,690,266,"9/11, EUGENE POTTIER",45.785,4.897,Nuit avec éclairage allumé,En agglomération,Hors intersection,Neige / grêle,Autre collision,,,,,,,,,,,5,2,1,4.0,6.0
201700034923,0017-12-10 16:05:00,17,12,10,16,5,690,290,"151, GRENOBLE (DE)  -  R",45.7109,4.9756,Plein jour,En agglomération,Hors intersection,Pluie légère,Deux véhicules - côté,,,,,,,,,,,1,2,1,2.0,3.0
201700034924,0017-12-13 07:55:00,17,12,13,7,55,690,290,"., LOMBARDIE (DE)",45.7154,4.95743,Crépuscule ou aube,En agglomération,Intersection en X,Temps couvert,Deux véhicules - côté,,,,,,,,,,,2,2,2,8.0,3.0
201700034925,0017-12-12 08:30:00,17,12,12,8,30,690,266,"50, PIERRE VOYANT    (Ru",45.77014,4.89814,Plein jour,En agglomération,Autre intersection,Pluie légère,Autre collision,,,,,,,,,,,1,2,9,2.0,6.0
201700034926,0017-12-14 13:30:00,17,12,14,13,30,690,290,"76, GRENOBLE (DE)  -  RN",45.70733,4.98721,Plein jour,En agglomération,Hors intersection,Normale,Deux véhicules - frontale,,,,,,,,,,,1,2,1,1.0,1.0
201700034927,0017-12-15 11:30:00,17,12,15,11,30,690,271,"1, MAURICE RIBAUD",45.7407,4.94982,Plein jour,Hors agglomération,Intersection en X,Normale,Trois véhicules et plus - en chaîne,,,,,,,,,,,1,1,2,1.0,4.0