accident_id,datetime,annee,mois,jour,heure,minute,departement,commune_insee,adresse,latitude,longitude,luminosite,agglomeration,intersection,meteo,collision,nb_vehicules,nb_usagers,nb_indemnes,nb_tues,nb_blesses_hosp,nb_blesses_legers,age_cond_1,age_cond_2,veh_type_cond_1,veh_type_cond_2,lum_code,agg_code,int_code,atm_code,col_code
201700034928,0017-12-15 17:50:00,17,12,15,17,50,690,256,"1, STALINGRAD",45.77353,4.91571,Nuit avec éclairage allumé,En agglomération,Hors intersection,Temps couvert,Autre collision,,,,,,,,,,,5,2,1,8.0,6.0
201700034929,0017-12-17 23:35:00,17,12,17,23,35,690,282,CROTTAY (DU),45.75252,5.02666,Nuit avec éclairage allumé,En agglomération,Hors intersection,Temps couvert,Deux véhicules - frontale,,,,,,,,,,,5,2,1,8.0,1.0
201700034930,0017-12-20 07:50:00,17,12,20,7,50,690,282,"., 18 JUIN 40 (DU)",45.77127,4.99366,Nuit avec éclairage allumé,En agglomération,Hors intersection,Normale,Autre collision,,,,,,,,,,,5,2,1,1.0,6.0
201700034931,0017-11-19 06:20:00,17,11,19,6,20,690,266,"., STALINGRAD    (Boulev",45.77931,4.86103,Nuit avec éclairage allumé,En agglomération,Hors intersection,Normale,Autre collision,,,,,,,,,,,5,2,1,1.0,6.0
201700034932,0017-12-15 11:09:00,17,12,15,11,9,690,290,"82, HENRI MARECHAL",45.69666,4.94208,Plein jour,En agglomération,Hors intersection,Normale,Autre collision,,,,,,,,,,,1,2,1,1.0,6.0
201700034933,0017-12-21 09:00:00,17,12,21,9,0,690,275,"3, FRATERNITE (DE LA)",45.7714,4.9582,Plein jour,En agglomération,Intersection en X,Pluie légère,Autre collision,,,,,,,,,,,1,2,2,2.0,6.0
201700034934,0017-12-21 12:10:00,17,12,21,12,10,690,266,"1, BONNET    (Rue)",45.77862,4.87051,Plein jour,En agglomération,Hors intersection,Pluie légère,Deux véhicules - arrière,,,,,,,,,,,1,2,1,2.0,2.0
201700034935,0017-12-21 20:50:00,17,12,21,20,50,690,266,"., EPI DE BLE    (Rue de",45.77659,4.90257,Nuit avec éclairage allumé,En agglomération,Intersection en X,Normale,Deux véhicules - côté,,,,,,,,,,,5,2,2,1.0,3.0
201700034936,0017-12-22 13:40:00,17,12,22,13,40,690,290,LORTARET (DE)   -  D 148,45.7134,4.9567,Plein jour,En agglomération,Intersection en T,Pluie légère,Deux véhicules - côté,,,,,,,,,,,1,2,3,2.0,3.0
201700034937,0017-12-22 15:50:00,17,12,22,15,50,690,256,"154, GABRIEL PERI",45.7724,4.91022,Crépuscule ou aube,En agglomération,Hors intersection,Pluie légère,Autre collision,,,,,,,,,,,2,2,1,2.0,6.0
201700034938,0017-12-22 20:20:00,17,12,22,20,20,690,266,"105, LEON BLUM      (Rue",45.76,4.9,Nuit avec éclairage allumé,En agglomération,Hors intersection,Pluie légère,Deux véhicules - côté,,,,,,,,,,,5,2,1,2.0,3.0
201700034939,0017-12-24 17:30:00,17,12,24,17,30,690,256,JEAN MOULIN,45.78901,4.91439,Crépuscule ou aube,En agglomération,Intersection en X,Temps couvert,Deux véhicules - côté,,,,,,,,,,,2,2,2,8.0,3.0
201700034940,0017-12-25 14:50:00,17,12,25,14,50,690,256,PUITS (DU),45.7855,4.9131,Plein jour,En agglomération,Intersection en T,Normale,Autre collision,,,,,,,,,,,1,2,3,1.0,6.0
201700034941,0017-12-21 07:30:00,17,12,21,7,30,690,290,"., ROSES (DES)",45.68591,4.94721,Nuit avec éclairage allumé,En agglomération,Giratoire,Pluie légère,Autre collision,,,,,,,,,,,5,2,6,2.0,6.0
201700034942,0017-02-08 14:31:00,17,2,8,14,31,201,64,Lieu-dit Luogo Uscaro,41.84583,8.96533,Plein jour,Hors agglomération,Hors intersection,Pluie forte,Sans collision,,,,,,,,,,,1,1,1,3.0,7.0
201700034943,0017-06-24 10:30:00,17,6,24,10,30,201,360,RT40 PK 36+600,41.81526,8.96224,Plein jour,Hors agglomération,Hors intersection,Normale,Sans collision,,,,,,,,,,,1,1,1,1.0,7.0
201700034944,0017-07-27 15:50:00,17,7,27,15,50,201,26,D 26,41.86825,9.0103,Plein jour,Hors agglomération,Hors intersection,Normale,Deux véhicules - frontale,,,,,,,,,,,1,1,1,1.0,1.0
201700034945,0017-08-04 23:57:00,17,8,4,23,57,201,276,route de Porto Pollo,41.70961,8.79362,Nuit sans éclairage public,Hors agglomération,Hors intersection,Normale,Autre collision,,,,,,,,,,,3,1,1,1.0,6.0
201700034946,0017-01-15 07:30:00,17,1,15,7,30,510,589,D61,48.87559,4.70649,Crépuscule ou aube,Hors agglomération,Hors intersection,Normale,Sans collision,,,,,,,,,,,2,1,1,1.0,7.0
201700034947,0017-05-10 17:30:00,17,5,10,17,30,510,289,D61,48.78834,4.82474,Plein jour,Hors agglomération,Hors intersection,Normale,Sans collision,,,,,,,,,,,1,1,1,1.0,7.0
201700034948,0017-06-17 18:15:00,17,6,17,18,15,510,417,CHEMIN D'ECRIENNES,48.67197,4.72455,Plein jour,Hors agglomération,Hors intersection,Temps éblouissant,Deux véhicules - frontale,,,,,,,,,,,1,1,1,7.0,1.0
201700034949,0017-09-13 10:30:00,17,9,13,10,30,510,358,D61,48.73827,4.85687,Plein jour,Hors agglomération,Autre intersection,Pluie forte,Autre collision,,,,,,,,,,,1,1,9,3.0,6.0
201700034950,0017-10-03 11:00:00,17,10,3,11,0,510,240,LE CHEMIN MONTOIS,48.76066,4.80716,Plein jour,Hors agglomération,Hors intersection,Normale,Deux véhicules - frontale,,,,,,,,,,,1,1,1,1.0,1.0
201700034951,0017-10-22 18:15:00,17,10,22,18,15,510,478,D61,48.69792,4.89648,Crépuscule ou aube,Hors agglomération,Hors intersection,Temps couvert,Autre collision,,,,,,,,,,,2,1,1,8.0,6.0
201700034952,0017-11-30 18:00:00,17,11,30,18,0,510,423,PLACE JEAN MONNET,48.76947,4.84881,Nuit avec éclairage allumé,En agglomération,Place,Pluie légère,Autre collision,,,,,,,,,,,5,2,7,2.0,6.0
201700034953,0017-01-15 17:30:00,17,1,15,17,30,510,349,D396,48.5645,4.52893,Nuit sans éclairage public,Hors agglomération,Hors intersection,Pluie légère,Autre collision,,,,,,,,,,,3,1,1,2.0,6.0
201700034954,0017-01-24 07:40:00,17,1,24,7,40,510,328,D13,48.77039,4.529,Crépuscule ou aube,Hors agglomération,Hors intersection,Brouillard / fumée,Deux véhicules - frontale,,,,,,,,,,,2,1,1,5.0,1.0
201700034955,0017-02-03 17:50:00,17,2,3,17,50,510,340,D502/RUE DU PONT JACQUOT,48.74629,4.50199,Nuit sans éclairage public,En agglomération,Intersection en X,Normale,Deux véhicules - côté,,,,,,,,,,,3,2,2,1.0,3.0
201700034956,0017-02-09 11:20:00,17,2,9,11,20,510,649,PLACE D'ARMES,48.72651,4.58496,Plein jour,En agglomération,Place,Normale,Autre collision,,,,,,,,,,,1,2,7,1.0,6.0
201700034957,0017-02-13 16:30:00,17,2,13,16,30,510,340,N4,48.74359,4.48521,Plein jour,Hors agglomération,Hors intersection,Normale,Deux véhicules - frontale,,,,,,,,,,,1,1,1,1.0,1.0
201700034958,0017-03-06 09:10:00,17,3,6,9,10,510,340,N4,48.74325,4.5151,Plein jour,Hors agglomération,Hors intersection,Temps couvert,Autre collision,,,,,,,,,,,1,1,1,8.0,6.0
201700034959,0017-03-12 15:15:00,17,3,12,15,15,510,80,RUE DE LA TRUELLE,48.59189,4.55138,Plein jour,Hors agglomération,Hors intersection,Normale,Autre collision,,,,,,,,,,,1,1,1,1.0,6.0
201700034960,0017-03-16 11:30:00,17,3,16,11,30,510,349,D396,48.56475,4.5288,Plein jour,Hors agglomération,Hors intersection,Normale,Deux véhicules - frontale,,,,,,,,,,,1,1,1,1.0,1.0
201700034961,0017-05-12 15:00:00,17,5,12,15,0,510,649,FBG DE VITRY LE BRULE,48.7291,4.59281,Plein jour,En agglomération,Hors intersection,Normale,Autre collision,,,,,,,,,,,1,2,1,1.0,6.0
201700034962,0017-05-17 11:00:00,17,5,17,11,0,510,373,D13,48.66409,4.64107,Plein jour,Hors agglomération,Hors intersection,Normale,Deux véhicules - côté,,,,,,,,,,,1,1,1,1.0,3.0
201700034963,0017-06-24 11:05:00,17,6,24,11,5,510,598,D77,48.70996,4.69893,Plein jour,Hors agglomération,Hors intersection,Normale,Deux véhicules - côté,,,,,,,,,,,1,1,1,1.0,3.0
201700034964,0017-06-30 13:31:00,17,6,30,13,31,510,340,N4,48.7436,4.48472,Plein jour,Hors agglomération,Hors intersection,Pluie légère,Trois véhicules et plus - collisions multiples,,,,,,,,,,,1,1,1,2.0,5.0
201700034965,0017-07-03 17:45:00,17,7,3,17,45,510,649,ROUTE VITRY EN PERTHOIS,48.73672,4.61305,Plein jour,Hors agglomération,Intersection en Y,Normale,Deux véhicules - côté,,,,,,,,,,,1,1,4,1.0,3.0
201700034966,0017-07-26 11:25:00,17,7,26,11,25,510,352,N4,48.72438,4.62669,Plein jour,Hors agglomération,Hors intersection,Normale,Deux véhicules - frontale,,,,,,,,,,,1,1,1,1.0,1.0
201700034967,0017-08-23 12:15:00,17,8,23,12,15,510,322,LIEU DIT PETIT PARIS,48.59219,4.54245,Plein jour,Hors agglomération,Intersection en X,Normale,Autre collision,,,,,,,,,,,1,1,2,1.0,6.0
201700034968,0017-09-05 15:50:00,17,9,5,15,50,510,59,D13,48.67755,4.61965,Plein jour,En agglomération,Hors intersection,Normale,Deux véhicules - frontale,,,,,,,,,,,1,2,1,1.0,1.0
201700034969,0017-09-14 14:55:00,17,9,14,14,55,510,649,43 Grande rue de Vaux,48.72827,4.58681,Plein jour,En agglomération,Hors intersection,Normale,Autre collision,,,,,,,,,,,1,2,1,1.0,6.0
201700034970,0017-09-14 17:45:00,17,9,14,17,45,510,598,N4,48.70635,4.65791,Plein jour,Hors agglomération,Hors intersection,Normale,Trois véhicules et plus - collisions multiples,,,,,,,,,,,1,1,1,1.0,5.0
201700034971,0017-12-28 12:50:00,17,12,28,12,50,510,65,N4,48.73467,4.55589,Plein jour,Hors agglomération,Giratoire,Normale,Sans collision,,,,,,,,,,,1,1,6,1.0,7.0
201700034972,0017-04-05 16:34:00,17,4,5,16,34,240,264,La Croix de Pierre,45.0131,0.11686,Plein jour,Hors agglomération,Intersection en X,Normale,Autre collision,,,,,,,,,,,1,1,2,1.0,6.0
201700034973,0017-05-11 18:40:00,17,5,11,18,40,240,299,1 rue beaupuy,45.03672,0.36559,Plein jour,En agglomération,Intersection en T,Normale,Deux véhicules - arrière,,,,,,,,,,,1,2,3,1.0,2.0
201700034974,0017-05-18 21:00:00,17,5,18,21,0,240,59,Chaupre,45.01547,0.37792,Nuit sans éclairage public,Hors agglomération,Hors intersection,Pluie légère,Autre collision,,,,,,,,,,,3,1,1,2.0,6.0
201700034975,0017-06-04 19:55:00,17,6,4,19,55,240,543,Baronie,45.05506,0.41275,Plein jour,Hors agglomération,Hors intersection,Normale,Autre collision,,,,,,,,,,,1,1,1,1.0,6.0
201700034976,0017-06-13 08:05:00,17,6,13,8,5,240,436,benevent,45.02011,0.25402,Plein jour,Hors agglomération,Hors intersection,Normale,Autre collision,,,,,,,,,,,1,1,1,1.0,6.0
201700034977,0017-06-16 09:00:00,17,6,16,9,0,240,294,rd 708,45.044,0.1785,Plein jour,Hors agglomération,Intersection en X,Normale,Deux véhicules - côté,,,,,,,,,,,1,1,2,1.0,3.0
201700034978,0017-06-16 09:15:00,17,6,16,9,15,240,294,Rue Thiers,45.00986,0.16169,Plein jour,En agglomération,Hors intersection,Normale,Autre collision,,,,,,,,,,,1,2,1,1.0,6.0
201700034979,0017-08-05 00:18:00,17,8,5,0,18,240,264,la Foret,44.99486,0.12166,Nuit sans éclairage public,Hors agglomération,Hors intersection,Normale,Autre collision,,,,,,,,,,,3,1,1,1.0,6.0
201700034980,0017-08-21 08:05:00,17,8,21,8,5,240,449,L'étang,45.00132,0.19728,Plein jour,Hors agglomération,Intersection en X,Normale,Deux véhicules - côté,,,,,,,,,,,1,1,2,1.0,3.0
201700034981,0017-11-15 14:00:00,17,11,15,14,0,240,409,route de ribérac,45.0453,0.3685,Plein jour,Hors agglomération,Hors intersection,Normale,Deux véhicules - côté,,,,,,,,,,,1,1,1,1.0,3.0
201700034982,0017-06-04 16:00:00,17,6,4,16,0,201,212,RD81 - parking de la tet,42.25282,8.65786,Plein jour,Hors agglomération,Hors intersection,Normale,Deux véhicules - côté,,,,,,,,,,,1,1,1,1.0,3.0
201700034983,0017-06-04 18:30:00,17,6,4,18,30,201,48,RD81,42.03741,8.75285,Plein jour,Hors agglomération,Hors intersection,Normale,Deux véhicules - frontale,,,,,,,,,,,1,1,1,1.0,1.0
201700034984,0017-07-22 03:10:00,17,7,22,3,10,201,48,les hameaux de la liscia,42.04518,8.7521,Nuit avec éclairage allumé,En agglomération,Hors intersection,Normale,Autre collision,,,,,,,,,,,5,2,1,1.0,6.0
201700034985,0017-07-30 18:00:00,17,7,30,18,0,201,258,Col de Sevi,42.20659,8.82023,Plein jour,Hors agglomération,Hors intersection,Normale,Autre collision,,,,,,,,,,,1,1,1,1.0,6.0
201700034986,0017-08-02 15:45:00,17,8,2,15,45,201,348,RD 70,42.15227,8.73646,Plein jour,Hors agglomération,Hors intersection,Normale,Deux véhicules - frontale,,,,,,,,,,,1,1,1,1.0,1.0
201700034987,0017-08-16 10:15:00,17,8,16,10,15,201,348,route de Vico,42.15596,8.7369,Plein jour,Hors agglomération,Hors intersection,Normale,Deux véhicules - côté,,,,,,,,,,,1,1,1,1.0,3.0
201700034988,0017-08-12 11:00:00,17,8,12,11,0,201,212,D81,42.21877,8.64275,Plein jour,En agglomération,Hors intersection,Normale,Sans collision,,,,,,,,,,,1,2,1,1.0,7.0
201700034989,0017-09-04 17:15:00,17,9,4,17,15,201,70,Le liamone,42.06552,8.72117,Plein jour,Hors agglomération,Hors intersection,Normale,Sans collision,,,,,,,,,,,1,1,1,1.0,7.0
201700034990,0017-09-17 15:00:00,17,9,17,15,0,201,198,CENTRE VILLAGE,42.25799,8.74281,Plein jour,En agglomération,Hors intersection,Normale,Autre collision,,,,,,,,,,,1,2,1,1.0,6.0
201700034991,0017-12-09 15:50:00,17,12,9,15,50,201,90,Rd 81,42.08543,8.71721,Plein jour,Hors agglomération,Intersection en T,Normale,Deux véhicules - frontale,,,,,,,,,,,1,1,3,1.0,1.0
201700034992,0017-04-04 07:01:00,17,4,4,7,1,560,23,RD.768. PR.33+220,47.72088,-3.01137,Nuit sans éclairage public,Hors agglomération,Hors intersection,Normale,Autre collision,,,,,,,,,,,3,1,1,1.0,6.0
201700034993,0017-01-18 18:45:00,17,1,18,18,45,860,34,"Lieu dit ""La Retardière""",46.36495,0.56992,Nuit sans éclairage public,Hors agglomération,Hors intersection,Normale,Autre collision,,,,,,,,,,,3,1,1,1.0,6.0
201700034994,0017-05-29 07:40:00,17,5,29,7,40,860,159,Route départementale 10,46.23187,0.71388,Crépuscule ou aube,Hors agglomération,Hors intersection,Normale,Sans collision,,,,,,,,,,,2,1,1,1.0,7.0
201700034995,0017-06-09 13:15:00,17,6,9,13,15,860,262,Route départementale 727,46.4102,0.80904,Plein jour,Hors agglomération,Hors intersection,Normale,Deux véhicules - arrière,,,,,,,,,,,1,1,1,1.0,2.0
201700034996,0017-06-22 20:20:00,17,6,22,20,20,860,262,beaufranc,46.40699,0.81854,Crépuscule ou aube,Hors agglomération,Hors intersection,Normale,Sans collision,,,,,,,,,,,2,1,1,1.0,7.0
201700034997,0017-08-12 19:45:00,17,8,12,19,45,860,172,Route départementale 113,,,Plein jour,Hors agglomération,Hors intersection,Normale,Sans collision,,,,,,,,,,,1,1,1,1.0,7.0
201700034998,0017-09-05 09:50:00,17,9,5,9,50,860,131,17 route de Limoges,46.43511,0.59884,Plein jour,En agglomération,Hors intersection,Normale,Deux véhicules - arrière,,,,,,,,,,,1,2,1,1.0,2.0
201700034999,0017-09-22 18:10:00,17,9,22,18,10,860,107,"lieu dit ""La Sablière""",46.35522,0.68334,Plein jour,Hors agglomération,Hors intersection,Normale,Deux véhicules - côté,,,,,,,,,,,1,1,1,1.0,3.0
201700035000,0017-10-25 08:15:00,17,10,25,8,15,860,15,D 34,46.12178,0.66144,Crépuscule ou aube,Hors agglomération,Hors intersection,Normale,Autre collision,,,,,,,,,,,2,1,1,1.0,6.0
201700035001,0017-11-22 11:00:00,17,11,22,11,0,860,59,la theil aux moines,46.46132,0.71275,Plein jour,Hors agglomération,Hors intersection,Normale,Sans collision,,,,,,,,,,,1,1,1,1.0,7.0
201700035002,0017-01-27 15:20:00,17,1,27,15,20,700,550,R.N. 19,47.6282,6.17138,Plein jour,Hors agglomération,Hors intersection,Normale,Trois véhicules et plus - collisions multiples,,,,,,,,,,,1,1,1,1.0,5.0
201700035003,0017-12-30 10:25:00,17,12,30,10,25,700,550,FLEURIER (RUE DE),47.62018,6.15986,Plein jour,En agglomération,Intersection en X,Pluie légère,Autre collision,,,,,,,,,,,1,2,2,2.0,6.0
201700035004,0017-02-13 11:30:00,17,2,13,11,30,700,550,"19 bis, PONTARCHER (RUE",47.63114,6.16761,Plein jour,En agglomération,Hors intersection,Normale,Deux véhicules - arrière,,,,,,,,,,,1,2,1,1.0,2.0
201700035005,0017-03-01 08:30:00,17,3,1,8,30,700,550,R.N. 19,47.62933,6.16851,Plein jour,Hors agglomération,Hors intersection,Normale,Deux véhicules - arrière,,,,,,,,,,,1,1,1,1.0,2.0
201700035006,0017-05-20 18:50:00,17,5,20,18,50,700,550,"11, BARBIER (QUAI YVES)",47.61932,6.14937,Plein jour,En agglomération,Hors intersection,Normale,Deux véhicules - côté,,,,,,,,,,,1,2,1,1.0,3.0
201700035007,0017-06-02 10:55:00,17,6,2,10,55,700,550,FLANDRES DUNKERQUE,47.62592,6.17046,Plein jour,En agglomération,Hors intersection,Normale,Autre collision,,,,,,,,,,,1,2,1,1.0,6.0
201700035008,0017-05-22 22:35:00,17,5,22,22,35,700,261,MOTO CROSS (RUE DU),47.63679,6.19308,Nuit sans éclairage public,Hors agglomération,Hors intersection,Normale,Sans collision,,,,,,,,,,,3,1,1,1.0,7.0
201700035009,0017-07-20 14:55:00,17,7,20,14,55,700,550,"43, MOREL (RUE PAUL)",47.6198,6.1548,Plein jour,En agglomération,Hors intersection,Normale,Autre collision,,,,,,,,,,,1,2,1,1.0,6.0
201700035010,0017-07-22 20:10:00,17,7,22,20,10,700,261,ROZARD (RUE MARCEL ),47.6216,6.1702,Plein jour,Hors agglomération,Passage à niveau,Normale,Deux véhicules - frontale,,,,,,,,,,,1,1,8,1.0,1.0
201700035011,0017-09-10 07:35:00,17,9,10,7,35,700,550,"95, BARON BOUVIER (RUE)",47.62806,6.16418,Crépuscule ou aube,En agglomération,Hors intersection,Normale,Sans collision,,,,,,,,,,,2,2,1,1.0,7.0
201700035012,0017-09-23 21:25:00,17,9,23,21,25,700,550,BELIN (RUE EDOUARD),47.63482,6.16492,Nuit avec éclairage non allumé,En agglomération,Hors intersection,Normale,Sans collision,,,,,,,,,,,4,2,1,1.0,7.0
201700035013,0017-10-17 21:10:00,17,10,17,21,10,700,550,LAC (AVENUE),47.6225,6.14657,Nuit avec éclairage allumé,En agglomération,Intersection en Y,Normale,Deux véhicules - côté,,,,,,,,,,,5,2,4,1.0,3.0
201700035014,0017-11-18 10:25:00,17,11,18,10,25,700,550,"55, ALLIES (BOULEVARD DE",47.61789,6.1631,Plein jour,En agglomération,Hors intersection,Normale,Deux véhicules - côté,,,,,,,,,,,1,2,1,1.0,3.0
201700035015,0017-11-26 17:45:00,17,11,26,17,45,700,388,RD457,47.5985,6.11177,Nuit sans éclairage public,Hors agglomération,Hors intersection,Pluie légère,Trois véhicules et plus - collisions multiples,,,,,,,,,,,3,1,1,2.0,5.0
201700035016,0017-04-07 04:15:00,17,4,7,4,15,340,148,D 14,43.36741,3.15621,Nuit sans éclairage public,En agglomération,Hors intersection,Normale,Sans collision,,,,,,,,,,,3,2,1,1.0,7.0
201700035017,0017-09-21 08:00:00,17,9,21,8,0,340,148,D 39,43.36348,3.1426,Plein jour,Hors agglomération,Intersection en X,Temps éblouissant,Deux véhicules - côté,,,,,,,,,,,1,1,2,7.0,3.0
201700035018,0017-10-19 09:15:00,17,10,19,9,15,340,69,07 avenue jean jaurès,43.39191,3.10281,Plein jour,En agglomération,Hors intersection,Pluie légère,Autre collision,,,,,,,,,,,1,2,1,2.0,6.0
201700035019,0017-12-03 19:30:00,17,12,3,19,30,340,69,D16,43.38907,3.10679,Nuit sans éclairage public,Hors agglomération,Hors intersection,Normale,Deux véhicules - côté,,,,,,,,,,,3,1,1,1.0,3.0
201700035020,0017-12-22 18:15:00,17,12,22,18,15,340,155,avenue de la République,43.35805,3.11884,Nuit avec éclairage allumé,En agglomération,Hors intersection,Normale,Autre collision,,,,,,,,,,,5,2,1,1.0,6.0
201700035021,0017-04-01 00:45:00,17,4,1,0,45,870,2,LIEU DIT GATTEBOURG,45.9703,1.41571,Nuit sans éclairage public,Hors agglomération,Hors intersection,Temps couvert,Autre collision,,,,,,,,,,,3,1,1,8.0,6.0
201700035022,0017-04-07 19:35:00,17,4,7,19,35,870,20,LIEU DIT CHAZELAS,45.9377,1.29624,Plein jour,Hors agglomération,Hors intersection,Normale,Autre collision,,,,,,,,,,,1,1,1,1.0,6.0
201700035023,0017-04-08 18:15:00,17,4,8,18,15,870,2,LA JALOUSIE,45.9518,1.44955,Plein jour,Hors agglomération,Hors intersection,Normale,Sans collision,,,,,,,,,,,1,1,1,1.0,7.0
201700035024,0017-04-06 21:00:00,17,4,6,21,0,870,79,RD 914 - PR 16+400,45.9959,1.4581,Nuit sans éclairage public,Hors agglomération,Hors intersection,Normale,Deux véhicules - arrière,,,,,,,,,,,3,1,1,1.0,2.0
201700035025,0017-04-23 15:35:00,17,4,23,15,35,870,20,MAISON ROUGE - INTERSECT,45.9377,1.30933,Plein jour,Hors agglomération,Intersection en X,Normale,Trois véhicules et plus - collisions multiples,,,,,,,,,,,1,1,2,1.0,5.0
201700035026,0017-04-29 10:15:00,17,4,29,10,15,870,157,LE COURET - RD 914,45.9873,1.44261,Plein jour,Hors agglomération,Hors intersection,Normale,Deux véhicules - côté,,,,,,,,,,,1,1,1,1.0,3.0
201700035027,0017-05-12 11:20:00,17,5,12,11,20,870,2,RD 914,45.9707,1.41583,Plein jour,Hors agglomération,Hors intersection,Normale,Deux véhicules - côté,,,,,,,,,,,1,1,1,1.0,3.0
201700035028,0017-06-14 17:20:00,17,6,14,17,20,870,2,D914,45.9527,1.39886,Plein jour,Hors agglomération,Autre intersection,Normale,Deux véhicules - côté,,,,,,,,,,,1,1,9,1.0,3.0
201700035029,0017-10-15 16:50:00,17,10,15,16,50,870,183,VENTILLAC,45.9981,1.33317,Plein jour,Hors agglomération,Autre intersection,Normale,Deux véhicules - côté,,,,,,,,,,,1,1,9,1.0,3.0
201700035030,0017-12-25 17:20:00,17,12,25,17,20,870,83,RUE DES ALLÉES,46.0706,1.47694,Crépuscule ou aube,En agglomération,Hors intersection,Temps couvert,Deux véhicules - frontale,,,,,,,,,,,2,2,1,8.0,1.0
201700035031,0017-05-06 12:40:00,17,5,6,12,40,201,272,lieu dit Bocca Albitrina,41.60933,8.94367,Plein jour,Hors agglomération,Hors intersection,Normale,Deux véhicules - côté,,,,,,,,,,,1,1,1,1.0,3.0
201700035032,0017-06-18 19:45:00,17,6,18,19,45,201,249,Capachiata,41.67559,8.9178,Plein jour,En agglomération,Hors intersection,Normale,Deux véhicules - frontale,,,,,,,,,,,1,2,1,1.0,1.0
201700035033,0017-07-16 15:15:00,17,7,16,15,15,201,272,D48,41.60374,8.93762,Plein jour,Hors agglomération,Hors intersection,Normale,Sans collision,,,,,,,,,,,1,1,1,1.0,7.0
201700035034,0017-07-18 10:45:00,17,7,18,10,45,201,189,RT - 40 - PR 61+500,41.71212,8.91537,Plein jour,Hors agglomération,Hors intersection,Normale,Sans collision,,,,,,,,,,,1,1,1,1.0,7.0
201700035035,0017-07-29 17:00:00,17,7,29,17,0,201,272,RT 40 - LIEU DIT LE RIZZ,41.64123,8.96053,Plein jour,Hors agglomération,Hors intersection,Temps éblouissant,Deux véhicules - arrière,,,,,,,,,,,1,1,1,7.0,2.0
201700035036,0017-08-08 19:40:00,17,8,8,19,40,201,189,RT - 40,41.68156,8.91675,Plein jour,Hors agglomération,Hors intersection,Normale,Sans collision,,,,,,,,,,,1,1,1,1.0,7.0
201700035037,0017-09-20 15:15:00,17,9,20,15,15,201,189,RT 40 - PK 67+200,41.71103,8.92867,Plein jour,Hors agglomération,Hors intersection,Normale,Trois véhicules et plus - en chaîne,,,,,,,,,,,1,1,1,1.0,4.0
201700035038,0017-10-06 19:35:00,17,10,6,19,35,201,249,port de plaisance,41.67686,8.90608,Nuit avec éclairage non allumé,En agglomération,Place,Normale,Autre collision,,,,,,,,,,,4,2,7,1.0,6.0
201700035039,0017-11-27 08:10:00,17,11,27,8,10,201,249,STATION ESSO - 38 QUARTI,41.67202,8.9088,Plein jour,En agglomération,Autre intersection,Normale,Autre collision,,,,,,,,,,,1,2,9,1.0,6.0
201700035040,0017-12-24 03:45:00,17,12,24,3,45,201,349,lieu dit Pélone,41.67522,8.9325,Nuit sans éclairage public,Hors agglomération,Hors intersection,Normale,Sans collision,,,,,,,,,,,3,1,1,1.0,7.0
201700035041,0017-01-03 18:00:00,17,1,3,18,0,620,364,rue du Maréchal Leclerc,50.51434,2.13442,Nuit avec éclairage allumé,En agglomération,Hors intersection,Normale,Autre collision,,,,,,,,,,,5,2,1,1.0,6.0
201700035042,0017-03-03 18:15:00,17,3,3,18,15,620,364,D 130,50.51165,2.12093,Plein jour,Hors agglomération,Hors intersection,Normale,Deux véhicules - frontale,,,,,,,,,,,1,1,1,1.0,1.0
201700035043,0017-04-02 17:40:00,17,4,2,17,40,620,549,Avenue de Boulogne,50.37159,2.02954,Plein jour,En agglomération,Giratoire,Normale,Autre collision,,,,,,,,,,,1,2,6,1.0,6.0
201700035044,0017-04-08 16:15:00,17,4,8,16,15,620,453,D 130,50.53142,2.1924,Plein jour,Hors agglomération,Hors intersection,Normale,Sans collision,,,,,,,,,,,1,1,1,1.0,7.0
201700035045,0017-04-28 18:00:00,17,4,28,18,0,620,549,CD 136,50.36618,2.03008,Plein jour,Hors agglomération,Hors intersection,Normale,Sans collision,,,,,,,,,,,1,1,1,1.0,7.0
201700035046,0017-05-06 18:00:00,17,5,6,18,0,620,685,D 928,50.54506,2.1022,Plein jour,Hors agglomération,Hors intersection,Temps couvert,Trois véhicules et plus - collisions multiples,,,,,,,,,,,1,1,1,8.0,5.0
201700035047,0017-05-07 04:45:00,17,5,7,4,45,620,100,RD 349,50.42024,1.90353,Nuit sans éclairage public,En agglomération,Passage à niveau,Pluie légère,Autre collision,,,,,,,,,,,3,2,8,2.0,6.0
201700035048,0017-05-10 15:25:00,17,5,10,15,25,620,556,D 113 PR 20,50.46494,1.81959,Plein jour,Hors agglomération,Hors intersection,Temps éblouissant,Deux véhicules - côté,,,,,,,,,,,1,1,1,7.0,3.0
201700035049,0017-05-23 17:20:00,17,5,23,17,20,620,685,D 928,50.54506,2.1022,Plein jour,Hors agglomération,Hors intersection,Normale,Deux véhicules - côté,,,,,,,,,,,1,1,1,1.0,3.0
201700035050,0017-08-12 18:30:00,17,8,12,18,30,620,69,D928,50.47326,2.11123,Plein jour,Hors agglomération,Hors intersection,Normale,Autre collision,,,,,,,,,,,1,1,1,1.0,6.0