accident_id,datetime,annee,mois,jour,heure,minute,departement,commune_insee,adresse,latitude,longitude,luminosite,agglomeration,intersection,meteo,collision,nb_vehicules,nb_usagers,nb_indemnes,nb_tues,nb_blesses_hosp,nb_blesses_legers,age_cond_1,age_cond_2,veh_type_cond_1,veh_type_cond_2,lum_code,agg_code,int_code,atm_code,col_code
201700035051,0017-08-30 14:30:00,17,8,30,14,30,620,447,boulevard BREBION,50.37113,2.03701,Plein jour,En agglomération,Intersection en T,Pluie forte,Deux véhicules - côté,,,,,,,,,,,1,2,3,3.0,3.0
201700035052,0017-09-07 12:15:00,17,9,7,12,15,620,551,49 Rue principale,50.44727,1.86055,Plein jour,En agglomération,Hors intersection,Normale,Autre collision,,,,,,,,,,,1,2,1,1.0,6.0
201700035053,0017-09-02 20:30:00,17,9,2,20,30,620,549,D 939,50.36281,2.03419,Crépuscule ou aube,Hors agglomération,Hors intersection,Normale,Deux véhicules - arrière,,,,,,,,,,,2,1,1,1.0,2.0
201700035054,0017-09-19 17:30:00,17,9,19,17,30,620,183,Rue de Ricquefosse,50.38811,1.82516,Plein jour,En agglomération,Hors intersection,Temps éblouissant,Autre collision,,,,,,,,,,,1,2,1,7.0,6.0
201700035055,0017-10-02 14:20:00,17,10,2,14,20,810,147,la cape,43.80214,2.18334,Plein jour,Hors agglomération,Hors intersection,Pluie légère,Deux véhicules - côté,,,,,,,,,,,1,1,1,2.0,3.0
201700035056,0017-12-01 08:40:00,17,12,1,8,40,810,218,RD 612 - P.K 74.250,43.88973,2.15506,Plein jour,Hors agglomération,Hors intersection,Temps couvert,Deux véhicules - frontale,,,,,,,,,,,1,1,1,8.0,1.0
201700035057,0017-12-08 07:56:00,17,12,8,7,56,810,295,RD 81,43.82536,2.34109,Crépuscule ou aube,Hors agglomération,Hors intersection,Brouillard / fumée,Autre collision,,,,,,,,,,,2,1,1,5.0,6.0
201700035058,0017-01-17 03:00:00,17,1,17,3,0,140,501,D23 LD SAINT CLAIR,48.8899,-0.41435,Nuit sans éclairage public,Hors agglomération,Hors intersection,Brouillard / fumée,Sans collision,,,,,,,,,,,3,1,1,5.0,7.0
201700035059,0017-01-17 14:30:00,17,1,17,14,30,140,628,"LIEU DIT ""LE MESNIL ROGE",48.9551,-0.49316,Plein jour,Hors agglomération,Hors intersection,Temps éblouissant,Deux véhicules - frontale,,,,,,,,,,,1,1,1,7.0,1.0
201700035060,0017-02-04 20:35:00,17,2,4,20,35,140,656,,48.9413,-0.50247,Nuit avec éclairage allumé,En agglomération,Hors intersection,Normale,Autre collision,,,,,,,,,,,5,2,1,1.0,6.0
201700035061,0017-02-06 13:30:00,17,2,6,13,30,140,603,D562 PK 30,49.0401,-0.40904,Plein jour,Hors agglomération,Hors intersection,Normale,Autre collision,,,,,,,,,,,1,1,1,1.0,6.0
201700035062,0017-03-11 13:45:00,17,3,11,13,45,140,251,CD 562,48.9735,-0.47844,Plein jour,Hors agglomération,Hors intersection,Normale,Autre collision,,,,,,,,,,,1,1,1,1.0,6.0
201700035063,0017-03-16 11:45:00,17,3,16,11,45,140,588,LE BOURG,,,Plein jour,En agglomération,Hors intersection,Normale,Autre collision,,,,,,,,,,,1,2,1,1.0,6.0
201700035064,0017-04-17 18:20:00,17,4,17,18,20,140,162,LIEU DIT LA HOGUE,,,Plein jour,En agglomération,Hors intersection,Normale,Trois véhicules et plus - collisions multiples,,,,,,,,,,,1,2,1,1.0,5.0
201700035065,0017-06-11 17:30:00,17,6,11,17,30,140,656,CD 562,48.94558,-0.5009,Plein jour,Hors agglomération,Hors intersection,Normale,Trois véhicules et plus - collisions multiples,,,,,,,,,,,1,1,1,1.0,5.0
201700035066,0017-06-17 14:05:00,17,6,17,14,5,140,162,rue  ermington,48.91471,-0.48126,Plein jour,En agglomération,Intersection en T,Normale,Deux véhicules - arrière,,,,,,,,,,,1,2,3,1.0,2.0
201700035067,0017-06-24 17:40:00,17,6,24,17,40,140,656,rue de la méheudière D13,48.93064,-0.50851,Plein jour,Hors agglomération,Hors intersection,Normale,Sans collision,,,,,,,,,,,1,1,1,1.0,7.0
201700035068,0017-07-02 13:45:00,17,7,2,13,45,140,510,CD168B,48.90697,-0.41966,Plein jour,Hors agglomération,Autre intersection,Normale,Sans collision,,,,,,,,,,,1,1,9,1.0,7.0
201700035069,0017-06-24 20:00:00,17,6,24,20,0,140,628,D36,48.97577,-0.55944,Crépuscule ou aube,Hors agglomération,Hors intersection,Normale,Autre collision,,,,,,,,,,,2,1,1,1.0,6.0
201700035070,0017-07-07 20:30:00,17,7,7,20,30,140,635,D133,48.91745,-0.42683,Crépuscule ou aube,Hors agglomération,Hors intersection,Normale,Sans collision,,,,,,,,,,,2,1,1,1.0,7.0
201700035071,0017-07-17 19:45:00,17,7,17,19,45,140,764,Le Haut d'Ouilly,48.86761,-0.36939,Crépuscule ou aube,Hors agglomération,Hors intersection,Normale,Deux véhicules - frontale,,,,,,,,,,,2,1,1,1.0,1.0
201700035072,0017-09-12 16:25:00,17,9,12,16,25,140,405,le  buisson,48.884,-0.28557,Plein jour,Hors agglomération,Intersection en X,Normale,Deux véhicules - côté,,,,,,,,,,,1,1,2,1.0,3.0
201700035073,0017-09-13 16:10:00,17,9,13,16,10,140,710,D133,48.88948,-0.32473,Plein jour,Hors agglomération,Hors intersection,Pluie forte,Autre collision,,,,,,,,,,,1,1,1,3.0,6.0
201700035074,0017-09-14 23:45:00,17,9,14,23,45,140,207,CD562,48.9936,-0.45035,Nuit sans éclairage public,Hors agglomération,Hors intersection,Pluie légère,Sans collision,,,,,,,,,,,3,1,1,2.0,7.0
201700035075,0017-09-27 10:10:00,17,9,27,10,10,140,764,lieu dit Le Caprice,48.86845,-0.42211,Plein jour,Hors agglomération,Hors intersection,Normale,Deux véhicules - côté,,,,,,,,,,,1,1,1,1.0,3.0
201700035076,0017-11-01 17:39:00,17,11,1,17,39,140,162,"ld ""rendez vous des  cha",48.8843,-0.47783,Crépuscule ou aube,Hors agglomération,Intersection en T,Normale,Sans collision,,,,,,,,,,,2,1,3,1.0,7.0
201700035077,0017-12-01 10:35:00,17,12,1,10,35,140,162,LIEU DIT CAMPOINT,48.90044,-0.4871,Plein jour,Hors agglomération,Hors intersection,Pluie légère,Deux véhicules - frontale,,,,,,,,,,,1,1,1,2.0,1.0
201700035078,0017-12-22 18:15:00,17,12,22,18,15,140,226,CD 6,48.96872,-0.41972,Nuit sans éclairage public,Hors agglomération,Hors intersection,Pluie légère,Autre collision,,,,,,,,,,,3,1,1,2.0,6.0
201700035079,0017-12-25 01:15:00,17,12,25,1,15,140,207,lieu dit les fours à cha,49.00754,-0.43476,Nuit avec éclairage allumé,En agglomération,Hors intersection,Normale,Autre collision,,,,,,,,,,,5,2,1,1.0,6.0
201700035080,0017-03-22 12:10:00,17,3,22,12,10,80,330,RD 951,49.53414,4.43762,Plein jour,Hors agglomération,Hors intersection,Normale,Deux véhicules - frontale,,,,,,,,,,,1,1,1,1.0,1.0
201700035081,0017-05-03 11:55:00,17,5,3,11,55,80,196,RD 985,49.64778,4.41269,Plein jour,Hors agglomération,Hors intersection,Pluie légère,Deux véhicules - frontale,,,,,,,,,,,1,1,1,2.0,1.0
201700035082,0017-05-28 08:30:00,17,5,28,8,30,80,403,rue du général Leclerc,49.49636,4.36402,Plein jour,En agglomération,Hors intersection,Normale,Autre collision,,,,,,,,,,,1,2,1,1.0,6.0
201700035083,0017-07-26 11:10:00,17,7,26,11,10,80,496,lieu dit les forges,49.63944,4.44861,Plein jour,Hors agglomération,Hors intersection,Normale,Sans collision,,,,,,,,,,,1,1,1,1.0,7.0
201700035084,0017-09-11 19:40:00,17,9,11,19,40,80,362,rue biaudelle,49.50665,4.37055,Crépuscule ou aube,En agglomération,Hors intersection,Normale,Autre collision,,,,,,,,,,,2,2,1,1.0,6.0
201700035085,0017-10-19 13:15:00,17,10,19,13,15,80,362,route de novion - RD985,49.52487,4.37201,Plein jour,Hors agglomération,Intersection en Y,Normale,Deux véhicules - arrière,,,,,,,,,,,1,1,4,1.0,2.0
201700035086,0017-02-14 10:10:00,17,2,14,10,10,80,357,Chemin départemental 04,49.646,5.01028,Plein jour,Hors agglomération,Hors intersection,Normale,Sans collision,,,,,,,,,,,1,1,1,1.0,7.0
201700035087,0017-03-06 17:46:00,17,3,6,17,46,80,145,Route de Brevilly - D4,49.66639,5.05619,Plein jour,Hors agglomération,Hors intersection,Pluie forte,Sans collision,,,,,,,,,,,1,1,1,3.0,7.0
201700035088,0017-03-17 20:30:00,17,3,17,20,30,80,354,RD4 - Rue de la Bastille,49.60762,4.95696,Nuit sans éclairage public,En agglomération,Hors intersection,Temps couvert,Autre collision,,,,,,,,,,,3,2,1,8.0,6.0
201700035089,0017-08-11 22:05:00,17,8,11,22,5,80,53,"route de la moncelle, ch",49.68146,4.98549,Nuit avec éclairage allumé,En agglomération,Hors intersection,Temps couvert,Autre collision,,,,,,,,,,,5,2,1,8.0,6.0
201700035090,0017-12-10 00:10:00,17,12,10,0,10,80,445,47 grande rue,49.65092,4.94215,Nuit avec éclairage allumé,En agglomération,Hors intersection,Normale,Autre collision,,,,,,,,,,,5,2,1,1.0,6.0
201700035091,0017-12-10 15:10:00,17,12,10,15,10,80,343,"PK 24 + 010, RD.8043",49.67571,5.06945,Plein jour,Hors agglomération,Hors intersection,Temps couvert,Deux véhicules - frontale,,,,,,,,,,,1,1,1,8.0,1.0
201700035092,0017-01-19 13:35:00,17,1,19,13,35,540,296,RD 674,48.72478,6.30393,Plein jour,Hors agglomération,Hors intersection,Normale,Deux véhicules - frontale,,,,,,,,,,,1,1,1,1.0,1.0
201700035093,0017-03-02 19:25:00,17,3,2,19,25,540,345,D115,48.61116,6.27488,Nuit sans éclairage public,Hors agglomération,Hors intersection,Temps couvert,Deux véhicules - frontale,,,,,,,,,,,3,1,1,8.0,1.0
201700035094,0017-04-09 18:00:00,17,4,9,18,0,540,89,RD913,48.76368,6.261,Plein jour,Hors agglomération,Hors intersection,Normale,Autre collision,,,,,,,,,,,1,1,1,1.0,6.0
201700035095,0017-05-21 14:45:00,17,5,21,14,45,540,192,D112,48.54799,6.30039,Plein jour,Hors agglomération,Intersection en X,Normale,Sans collision,,,,,,,,,,,1,1,2,1.0,7.0
201700035096,0017-05-26 22:50:00,17,5,26,22,50,540,462,D116 - avenue des vosges,48.58255,6.33123,Nuit sans éclairage public,En agglomération,Hors intersection,Normale,Sans collision,,,,,,,,,,,3,2,1,1.0,7.0
201700035097,0017-06-29 21:50:00,17,6,29,21,50,540,456,D83,48.70116,6.36618,Crépuscule ou aube,Hors agglomération,Hors intersection,Normale,Autre collision,,,,,,,,,,,2,1,1,1.0,6.0
201700035098,0017-07-09 05:45:00,17,7,9,5,45,540,358,RD674 - PK53.900,48.76012,6.39374,Crépuscule ou aube,Hors agglomération,Hors intersection,Normale,Autre collision,,,,,,,,,,,2,1,1,1.0,6.0
201700035099,0017-07-24 17:15:00,17,7,24,17,15,540,6,D83,48.73094,6.22942,Plein jour,Hors agglomération,Hors intersection,Pluie forte,Trois véhicules et plus - collisions multiples,,,,,,,,,,,1,1,1,3.0,5.0
201700035100,0017-08-02 19:30:00,17,8,2,19,30,540,89,Rue de l'armée Patton,48.77372,6.26226,Plein jour,En agglomération,Intersection en Y,Normale,Autre collision,,,,,,,,,,,1,2,4,1.0,6.0
201700035101,0017-09-26 09:00:00,17,9,26,9,0,540,374,RD674,,,Plein jour,Hors agglomération,Hors intersection,Normale,Deux véhicules - frontale,,,,,,,,,,,1,1,1,1.0,1.0
201700035102,0017-10-16 18:50:00,17,10,16,18,50,540,108,D115,48.59264,6.24754,Nuit sans éclairage public,Hors agglomération,Hors intersection,Normale,Deux véhicules - côté,,,,,,,,,,,3,1,1,1.0,3.0
201700035103,0017-11-13 18:15:00,17,11,13,18,15,540,6,D913,48.7285,6.23708,Nuit sans éclairage public,Hors agglomération,Hors intersection,Normale,Autre collision,,,,,,,,,,,3,1,1,1.0,6.0
201700035104,0017-12-02 06:15:00,17,12,2,6,15,540,296,RD 674,48.72478,6.30393,Nuit sans éclairage public,Hors agglomération,Hors intersection,Temps couvert,Autre collision,,,,,,,,,,,3,1,1,8.0,6.0
201700035105,0017-02-04 06:00:00,17,2,4,6,0,540,587,RD 904 PK 57+400,48.49309,6.0455,Nuit sans éclairage public,Hors agglomération,Hors intersection,Pluie légère,Autre collision,,,,,,,,,,,3,1,1,2.0,6.0
201700035106,0017-02-08 21:30:00,17,2,8,21,30,540,309,RD6 - SENS HAROUE-LEMAIN,48.5055,6.18756,Nuit sans éclairage public,Hors agglomération,Hors intersection,Normale,Sans collision,,,,,,,,,,,3,1,1,1.0,7.0
201700035107,0017-05-28 14:00:00,17,5,28,14,0,540,417,RD 52 PK 3+400,48.52618,6.0791,Plein jour,Hors agglomération,Hors intersection,Normale,Sans collision,,,,,,,,,,,1,1,1,1.0,7.0
201700035108,0017-06-14 10:00:00,17,6,14,10,0,540,235,D51,48.45449,6.01571,Plein jour,Hors agglomération,Hors intersection,Normale,Deux véhicules - côté,,,,,,,,,,,1,1,1,1.0,3.0
201700035109,0017-07-09 20:45:00,17,7,9,20,45,540,513,Carrefour de Bellevue -,48.45684,6.12782,Crépuscule ou aube,Hors agglomération,Intersection en X,Pluie légère,Deux véhicules - côté,,,,,,,,,,,2,1,2,2.0,3.0
201700035110,0017-07-15 15:00:00,17,7,15,15,0,540,266,15 RUE DE LA CROIX DE MI,48.50715,6.10304,Plein jour,En agglomération,Intersection en X,Normale,Deux véhicules - côté,,,,,,,,,,,1,2,2,1.0,3.0
201700035111,0017-07-22 07:00:00,17,7,22,7,0,540,407,13 rue du maréchal Lyaut,48.47516,6.06667,Plein jour,En agglomération,Hors intersection,Normale,Deux véhicules - arrière,,,,,,,,,,,1,2,1,1.0,2.0
201700035112,0017-09-16 14:25:00,17,9,16,14,25,540,497,D50,48.41684,6.09491,Plein jour,Hors agglomération,Hors intersection,Pluie légère,Autre collision,,,,,,,,,,,1,1,1,2.0,6.0
201700035113,0017-09-26 23:30:00,17,9,26,23,30,540,252,RD 9 PK 23+315,48.46833,6.1945,Nuit sans éclairage public,Hors agglomération,Hors intersection,Normale,Autre collision,,,,,,,,,,,3,1,1,1.0,6.0
201700035114,0017-10-28 16:15:00,17,10,28,16,15,540,5,RD6 PK10+400,48.45548,6.1703,Plein jour,Hors agglomération,Hors intersection,Normale,Autre collision,,,,,,,,,,,1,1,1,1.0,6.0
201700035115,0017-12-16 18:45:00,17,12,16,18,45,540,109,Intersection RD913 - RD,48.53662,6.18286,Nuit sans éclairage public,Hors agglomération,Intersection en Y,Pluie légère,Trois véhicules et plus - collisions multiples,,,,,,,,,,,3,1,4,2.0,5.0
201700035116,0017-12-17 17:00:00,17,12,17,17,0,540,156,RD 913,48.36923,6.12398,Nuit sans éclairage public,Hors agglomération,Hors intersection,Normale,Sans collision,,,,,,,,,,,3,1,1,1.0,7.0
201700035117,0017-12-29 09:20:00,17,12,29,9,20,540,513,D913,48.448,6.12529,Plein jour,Hors agglomération,Hors intersection,Normale,Autre collision,,,,,,,,,,,1,1,1,1.0,6.0
201700035118,0017-12-30 13:55:00,17,12,30,13,55,540,224,Intersection D68 et RD 9,48.41621,6.22877,Plein jour,Hors agglomération,Intersection en Y,Normale,Deux véhicules - frontale,,,,,,,,,,,1,1,4,1.0,1.0
201700035119,0017-01-13 09:55:00,17,1,13,9,55,710,76,"1A, BOURGOGNE ( RUE )",46.78977,4.84059,Plein jour,En agglomération,Hors intersection,Temps couvert,Autre collision,,,,,,,,,,,1,2,1,8.0,6.0
201700035120,0017-01-16 18:00:00,17,1,16,18,0,710,76,1 avenue de VERDUN,46.77695,4.85409,Nuit avec éclairage allumé,En agglomération,Hors intersection,Normale,Deux véhicules - côté,,,,,,,,,,,5,2,1,1.0,3.0
201700035121,0017-12-14 08:20:00,17,12,14,8,20,710,76,"14, DUHESME (RUE GENERAL",46.79085,4.84539,Nuit avec éclairage allumé,En agglomération,Hors intersection,Pluie forte,Autre collision,,,,,,,,,,,5,2,1,3.0,6.0
201700035122,0017-02-12 11:50:00,17,2,12,11,50,710,475,CHARLES DE GAULLE,46.76724,4.83971,Plein jour,Hors agglomération,Hors intersection,Normale,Deux véhicules - frontale,,,,,,,,,,,1,1,1,1.0,1.0
201700035123,0017-12-28 14:45:00,17,12,28,14,45,710,81,"74, PARIS (RUE  DE)",46.81918,4.83744,Plein jour,En agglomération,Hors intersection,Normale,Autre collision,,,,,,,,,,,1,2,1,1.0,6.0
201700035124,0017-03-02 09:15:00,17,3,2,9,15,710,76,39 rue BARRAULT,46.78758,4.83896,Plein jour,En agglomération,Autre intersection,Normale,Deux véhicules - côté,,,,,,,,,,,1,2,9,1.0,3.0
201700035125,0017-03-12 12:25:00,17,3,12,12,25,710,76,"22, REPUBLIQUE (BOULEVAR",46.78365,4.84997,Plein jour,En agglomération,Autre intersection,Normale,Deux véhicules - côté,,,,,,,,,,,1,2,9,1.0,3.0
201700035126,0017-03-26 21:20:00,17,3,26,21,20,710,76,22 bd de la république,46.78366,4.8499,Nuit avec éclairage allumé,En agglomération,Intersection en X,Normale,Deux véhicules - côté,,,,,,,,,,,5,2,2,1.0,3.0
201700035127,0017-03-02 17:15:00,17,3,2,17,15,710,76,rue romain ROLLAND,46.79597,4.84605,Plein jour,En agglomération,Hors intersection,Normale,Autre collision,,,,,,,,,,,1,2,1,1.0,6.0
201700035128,0017-03-15 19:10:00,17,3,15,19,10,710,118,avenueFRANCHET D'ESPEREY,46.79308,4.82641,Plein jour,Hors agglomération,Hors intersection,Normale,Autre collision,,,,,,,,,,,1,1,1,1.0,6.0
201700035129,0017-03-28 12:05:00,17,3,28,12,5,710,76,129 avenue BOUCICAUT,46.78835,4.83739,Plein jour,En agglomération,Hors intersection,Normale,Autre collision,,,,,,,,,,,1,2,1,1.0,6.0
201700035130,0017-04-07 17:40:00,17,4,7,17,40,710,475,66 route de LYON,46.76369,4.84238,Plein jour,En agglomération,Hors intersection,Normale,Deux véhicules - côté,,,,,,,,,,,1,2,1,1.0,3.0
201700035131,0017-05-02 14:55:00,17,5,2,14,55,710,76,place de la REPUBLIQUE,46.78342,4.84868,Plein jour,En agglomération,Hors intersection,Normale,Autre collision,,,,,,,,,,,1,2,1,1.0,6.0
201700035132,0017-05-27 10:15:00,17,5,27,10,15,710,445,RD673,46.77981,4.88278,Plein jour,Hors agglomération,Hors intersection,Normale,Deux véhicules - frontale,,,,,,,,,,,1,1,1,1.0,1.0
201700035133,0017-06-09 16:50:00,17,6,9,16,50,710,76,SAINTE MARIE (PROMENADE),46.78377,4.86114,Plein jour,En agglomération,Hors intersection,Normale,Autre collision,,,,,,,,,,,1,2,1,1.0,6.0
201700035134,0017-06-07 00:50:00,17,6,7,0,50,710,76,"39, BENES (RUE EDOUARD)",46.79389,4.86396,Nuit avec éclairage allumé,En agglomération,Hors intersection,Normale,Autre collision,,,,,,,,,,,5,2,1,1.0,6.0
201700035135,0017-06-28 11:45:00,17,6,28,11,45,710,445,VILLENEUVE (RUE DE LA),46.76282,4.89303,Plein jour,Hors agglomération,Hors intersection,Normale,Autre collision,,,,,,,,,,,1,1,1,1.0,6.0
201700035136,0017-06-28 17:30:00,17,6,28,17,30,710,76,"59, SAINT COSME (GRANDE",46.778,4.84655,Plein jour,En agglomération,Hors intersection,Normale,Deux véhicules - côté,,,,,,,,,,,1,2,1,1.0,3.0
201700035137,0017-07-05 22:30:00,17,7,5,22,30,710,76,"1, POILUS D'ORIENT (RUE",46.7939,4.8332,Nuit avec éclairage allumé,En agglomération,Hors intersection,Normale,Autre collision,,,,,,,,,,,5,2,1,1.0,6.0
201700035138,0017-07-10 11:00:00,17,7,10,11,0,710,76,"1, EUROPE (AVENUE DE L')",46.80133,4.83224,Plein jour,En agglomération,Hors intersection,Pluie légère,Deux véhicules - côté,,,,,,,,,,,1,2,1,2.0,3.0
201700035139,0017-08-07 08:00:00,17,8,7,8,0,710,81,RD 906,46.8057,4.8358,Plein jour,Hors agglomération,Giratoire,Normale,Deux véhicules - arrière,,,,,,,,,,,1,1,6,1.0,2.0
201700035140,0017-08-23 16:40:00,17,8,23,16,40,710,76,"1, SABATIER (RUE PAUL)",46.81238,4.85644,Plein jour,En agglomération,Place,Normale,Autre collision,,,,,,,,,,,1,2,7,1.0,6.0
201700035141,0017-10-10 08:35:00,17,10,10,8,35,710,118,"12, GENERAL DE GAULLE (A",46.79468,4.81848,Plein jour,En agglomération,Hors intersection,Normale,Autre collision,,,,,,,,,,,1,2,1,1.0,6.0
201700035142,0017-11-29 07:45:00,17,11,29,7,45,710,475,BUXY (ROUTE DE ),46.75695,4.82355,Nuit avec éclairage allumé,Hors agglomération,Hors intersection,Pluie légère,Deux véhicules - côté,,,,,,,,,,,5,1,1,2.0,3.0
201700035143,0017-11-21 16:40:00,17,11,21,16,40,710,81,"47, PARIS (RUE  DE)",46.81627,4.8401,Plein jour,En agglomération,Hors intersection,Normale,Deux véhicules - frontale,,,,,,,,,,,1,2,1,1.0,1.0
201700035144,0017-11-29 18:35:00,17,11,29,18,35,710,76,"13, PAGNOL ( COURS MARCE",46.80637,4.84168,Nuit avec éclairage allumé,En agglomération,Hors intersection,Normale,Autre collision,,,,,,,,,,,5,2,1,1.0,6.0
201700035145,0017-12-12 17:15:00,17,12,12,17,15,710,153,PAS DE CIBLE (RUE DU) Nø,46.78756,4.42133,Nuit avec éclairage allumé,En agglomération,Hors intersection,Normale,Autre collision,,,,,,,,,,,5,2,1,1.0,6.0
201700035146,0017-12-20 18:50:00,17,12,20,18,50,710,153,CAVELL (RUE EDITH),46.79646,4.4243,Nuit avec éclairage allumé,En agglomération,Autre intersection,Pluie légère,Autre collision,,,,,,,,,,,5,2,9,2.0,6.0
201700035147,0017-12-20 19:15:00,17,12,20,19,15,710,309,TOULON (ROUTE DE),46.78125,4.38415,Nuit sans éclairage public,En agglomération,Hors intersection,Pluie légère,Deux véhicules - frontale,,,,,,,,,,,3,2,1,2.0,1.0
201700035148,0017-02-04 18:50:00,17,2,4,18,50,710,59,impasse CHARLEVILLE,46.80717,4.47286,Nuit avec éclairage allumé,En agglomération,Hors intersection,Normale,Deux véhicules - frontale,,,,,,,,,,,5,2,1,1.0,1.0
201700035149,0017-02-15 18:30:00,17,2,15,18,30,710,59,2 rue de CHARLEVILLE,46.80958,4.47285,Plein jour,En agglomération,Autre intersection,Normale,Autre collision,,,,,,,,,,,1,2,9,1.0,6.0
201700035150,0017-02-03 13:20:00,17,2,3,13,20,710,153,avenue MITTERRAND,46.80671,4.43055,Plein jour,En agglomération,Autre intersection,Normale,Autre collision,,,,,,,,,,,1,2,9,1.0,6.0
201700035151,0017-03-09 19:40:00,17,3,9,19,40,710,540,rue de l EUROPE,46.78209,4.42969,Nuit avec éclairage allumé,En agglomération,Intersection en T,Normale,Deux véhicules - côté,,,,,,,,,,,5,2,3,1.0,3.0
201700035152,0017-03-23 16:55:00,17,3,23,16,55,710,540,8 rue du VILET,46.78183,4.42966,Plein jour,En agglomération,Hors intersection,Pluie forte,Autre collision,,,,,,,,,,,1,2,1,3.0,6.0
201700035153,0017-03-25 11:00:00,17,3,25,11,0,710,153,111 r PRESIDENT WILSON,46.79549,4.42639,Plein jour,En agglomération,Hors intersection,Normale,Autre collision,,,,,,,,,,,1,2,1,1.0,6.0
201700035154,0017-02-24 10:10:00,17,2,24,10,10,710,309,ROUTE DEPARTEMENTALE 980,46.78289,4.41202,Plein jour,Hors agglomération,Intersection en X,Normale,Deux véhicules - arrière,,,,,,,,,,,1,1,2,1.0,2.0
201700035155,0017-04-27 14:45:00,17,4,27,14,45,710,153,avenue MITTERRAND,46.80626,4.42989,Plein jour,En agglomération,Intersection en T,Normale,Deux véhicules - côté,,,,,,,,,,,1,2,3,1.0,3.0
201700035156,0017-04-14 17:05:00,17,4,14,17,5,710,59,"17, lieu dit LA VESVRE",46.82254,4.4738,Plein jour,Hors agglomération,Hors intersection,Normale,Deux véhicules - frontale,,,,,,,,,,,1,1,1,1.0,1.0
201700035157,0017-04-01 23:00:00,17,4,1,23,0,710,309,,46.78284,4.41218,Nuit sans éclairage public,Hors agglomération,Hors intersection,Normale,Deux véhicules - frontale,,,,,,,,,,,3,1,1,1.0,1.0
201700035158,0017-04-03 14:30:00,17,4,3,14,30,710,59,20 rue du CREUSOT,46.80461,4.46405,Plein jour,En agglomération,Hors intersection,Normale,Deux véhicules - arrière,,,,,,,,,,,1,2,1,1.0,2.0
201700035159,0017-04-20 14:25:00,17,4,20,14,25,710,153,avenue MONTVALTIN,46.79766,4.45515,Plein jour,En agglomération,Autre intersection,Normale,Deux véhicules - côté,,,,,,,,,,,1,2,9,1.0,3.0
201700035160,0017-05-26 11:20:00,17,5,26,11,20,710,59,CHARLEVILLE (RUE DE),46.8037,4.47285,Plein jour,En agglomération,Intersection en T,Temps éblouissant,Autre collision,,,,,,,,,,,1,2,3,7.0,6.0
201700035161,0017-05-25 16:50:00,17,5,25,16,50,710,153,"175, MARECHAL FOCH (RUE)",46.80294,4.44781,Plein jour,En agglomération,Intersection en X,Normale,Deux véhicules - côté,,,,,,,,,,,1,2,2,1.0,3.0
201700035162,0017-06-02 13:30:00,17,6,2,13,30,710,59,VEROY (CHEMIN RURAL),46.79699,4.49575,Plein jour,Hors agglomération,Hors intersection,Normale,Deux véhicules - frontale,,,,,,,,,,,1,1,1,1.0,1.0
201700035163,0017-06-26 16:45:00,17,6,26,16,45,710,153,LONG TOM (RUE DU),46.80074,4.43864,Plein jour,En agglomération,Intersection en X,Normale,Autre collision,,,,,,,,,,,1,2,2,1.0,6.0
201700035164,0017-07-11 14:05:00,17,7,11,14,5,710,540,R.N. 80,46.76681,4.44919,Plein jour,En agglomération,Intersection en X,Normale,Deux véhicules - arrière,,,,,,,,,,,1,2,2,1.0,2.0
201700035165,0017-08-08 16:00:00,17,8,8,16,0,710,153,ABATTOIRS (boulevard des,46.78575,4.43666,Plein jour,En agglomération,Autre intersection,Normale,Autre collision,,,,,,,,,,,1,2,9,1.0,6.0
201700035166,0017-10-06 11:30:00,17,10,6,11,30,710,153,MARMAGNE (ROUTE DE),46.80896,4.4051,Plein jour,Hors agglomération,Hors intersection,Normale,Deux véhicules - frontale,,,,,,,,,,,1,1,1,1.0,1.0
201700035167,0017-09-20 18:00:00,17,9,20,18,0,710,153,JAURES (RUE JEAN),46.80517,4.41435,Plein jour,En agglomération,Hors intersection,Normale,Autre collision,,,,,,,,,,,1,2,1,1.0,6.0
201700035168,0017-10-07 06:30:00,17,10,7,6,30,710,153,STADE JEAN GARNIER (RUE,46.79741,4.41209,Nuit avec éclairage allumé,En agglomération,Hors intersection,Brouillard / fumée,Autre collision,,,,,,,,,,,5,2,1,5.0,6.0
201700035169,0017-10-12 02:50:00,17,10,12,2,50,710,153,Industrie ( Boulevard de,46.78944,4.44524,Nuit avec éclairage allumé,En agglomération,Autre intersection,Normale,Deux véhicules - côté,,,,,,,,,,,5,2,9,1.0,3.0
201700035170,0017-10-20 16:00:00,17,10,20,16,0,710,153,MARECHAL FOCH (RUE),46.8039,4.4542,Plein jour,En agglomération,Autre intersection,Normale,Autre collision,,,,,,,,,,,1,2,9,1.0,6.0
201700035171,0017-11-21 16:45:00,17,11,21,16,45,710,153,"81, REPUBLIQUE (AVENUE D",46.79156,4.44773,Plein jour,En agglomération,Hors intersection,Normale,Autre collision,,,,,,,,,,,1,2,1,1.0,6.0