accident_id,datetime,annee,mois,jour,heure,minute,departement,commune_insee,adresse,latitude,longitude,luminosite,agglomeration,intersection,meteo,collision,nb_vehicules,nb_usagers,nb_indemnes,nb_tues,nb_blesses_hosp,nb_blesses_legers,age_cond_1,age_cond_2,veh_type_cond_1,veh_type_cond_2,lum_code,agg_code,int_code,atm_code,col_code
201700035172,0017-12-01 17:15:00,17,12,1,17,15,710,153,"04, MONTCENIS (ROUTE DE)",46.80457,4.41372,Crépuscule ou aube,En agglomération,Hors intersection,Normale,Autre collision,,,,,,,,,,,2,2,1,1.0,6.0
201700035173,0017-12-02 15:30:00,17,12,2,15,30,710,153,SAINT SERNIN (ROUTE DE),46.82464,4.43327,Plein jour,Hors agglomération,Intersection en X,Normale,Deux véhicules - côté,,,,,,,,,,,1,1,2,1.0,3.0
201700035174,0017-12-12 01:15:00,17,12,12,1,15,710,59,PASTEUR (RUE LOUIS),46.81503,4.48402,Nuit avec éclairage allumé,En agglomération,Intersection en X,Normale,Deux véhicules - côté,,,,,,,,,,,5,2,2,1.0,3.0
201700035175,0017-04-03 17:00:00,17,4,3,17,0,350,120,rue de rennes,48.21851,-1.78376,Plein jour,En agglomération,Hors intersection,Normale,Autre collision,,,,,,,,,,,1,2,1,1.0,6.0
201700035176,0017-05-01 12:15:00,17,5,1,12,15,350,307,les piglais,48.28014,-1.97355,Plein jour,Hors agglomération,Hors intersection,Normale,Sans collision,,,,,,,,,,,1,1,1,1.0,7.0
201700035177,0017-08-05 08:15:00,17,8,5,8,15,350,317,RN.137 - PK 70+400,48.28576,-1.80215,Plein jour,Hors agglomération,Autre intersection,Normale,Autre collision,,,,,,,,,,,1,1,9,1.0,6.0
201700035178,0017-09-13 12:25:00,17,9,13,12,25,350,307,le cimetière anger,48.27968,-2.01419,Plein jour,Hors agglomération,Intersection en X,Pluie forte,Deux véhicules - côté,,,,,,,,,,,1,1,2,3.0,3.0
201700035179,0017-09-19 01:00:00,17,9,19,1,0,350,233,rue de la liberté,48.34395,-1.82708,Nuit avec éclairage non allumé,En agglomération,Intersection en X,Normale,Autre collision,,,,,,,,,,,4,2,2,1.0,6.0
201700035180,0017-10-04 19:00:00,17,10,4,19,0,350,180,lieu dit bourdon,48.28332,-1.95453,Crépuscule ou aube,Hors agglomération,Intersection en X,Normale,Deux véhicules - côté,,,,,,,,,,,2,1,2,1.0,3.0
201700035181,0017-11-11 15:30:00,17,11,11,15,30,350,307,croisement D20 - D70,48.28694,-1.96918,Plein jour,Hors agglomération,Intersection en T,Pluie légère,Deux véhicules - côté,,,,,,,,,,,1,1,3,2.0,3.0
201700035182,0017-12-01 01:00:00,17,12,1,1,0,350,356,D137 sens ST MALO / RENN,48.24933,-1.76707,Nuit sans éclairage public,Hors agglomération,Hors intersection,Neige / grêle,Autre collision,,,,,,,,,,,3,1,1,4.0,6.0
201700035183,0017-01-13 14:00:00,17,1,13,14,0,710,270,bd CHARLES DE GAULLE,46.32518,4.84057,Plein jour,Hors agglomération,Hors intersection,Normale,Deux véhicules - arrière,,,,,,,,,,,1,1,1,1.0,2.0
201700035184,0017-03-14 11:40:00,17,3,14,11,40,710,270,29 rue PILLET,46.29681,4.81596,Plein jour,En agglomération,Hors intersection,Normale,Autre collision,,,,,,,,,,,1,2,1,1.0,6.0
201700035185,0017-04-16 18:30:00,17,4,16,18,30,710,270,581 rue LUMIERE,46.287,4.82007,Plein jour,En agglomération,Hors intersection,Normale,Autre collision,,,,,,,,,,,1,2,1,1.0,6.0
201700035186,0017-05-07 22:40:00,17,5,7,22,40,710,497,GENERAL DE GAULLE (BOULE,46.35295,4.84712,Nuit sans éclairage public,Hors agglomération,Hors intersection,Normale,Autre collision,,,,,,,,,,,3,1,1,1.0,6.0
201700035187,0017-06-27 11:20:00,17,6,27,11,20,710,270,"18, Rue de Flacé",46.31297,4.83094,Plein jour,En agglomération,Hors intersection,Normale,Deux véhicules - côté,,,,,,,,,,,1,2,1,1.0,3.0
201700035188,0017-09-15 07:45:00,17,9,15,7,45,710,270,"1651, CHARLES DE GAULLE",46.31426,4.83613,Plein jour,En agglomération,Hors intersection,Normale,Autre collision,,,,,,,,,,,1,2,1,1.0,6.0
201700035189,0017-09-23 19:50:00,17,9,23,19,50,710,270,Route des Allemands,46.1649,4.4637,Crépuscule ou aube,En agglomération,Hors intersection,Normale,Autre collision,,,,,,,,,,,2,2,1,1.0,6.0
201700035190,0017-09-16 14:45:00,17,9,16,14,45,710,270,Route des Allemands,46.28374,4.77609,Plein jour,En agglomération,Intersection en X,Normale,Trois véhicules et plus - collisions multiples,,,,,,,,,,,1,2,2,1.0,5.0
201700035191,0017-09-28 04:48:00,17,9,28,4,48,710,497,GENERAL DE GAULLE (BOULE,46.35198,4.84814,Nuit sans éclairage public,En agglomération,Intersection en T,Normale,Deux véhicules - côté,,,,,,,,,,,3,2,3,1.0,3.0
201700035192,0017-10-06 20:10:00,17,10,6,20,10,710,270,Inters Route Allemands/R,46.27921,4.77681,Nuit avec éclairage allumé,En agglomération,Intersection en T,Normale,Deux véhicules - côté,,,,,,,,,,,5,2,3,1.0,3.0
201700035193,0017-12-02 12:50:00,17,12,2,12,50,710,105,"57, COUPEE (GRANDE-RUE D",46.30815,4.81474,Plein jour,En agglomération,Hors intersection,Normale,Deux véhicules - arrière,,,,,,,,,,,1,2,1,1.0,2.0
201700035194,0017-02-26 07:15:00,17,2,26,7,15,470,69,ROND POINT DE CAMELAT,44.2196,0.57935,Crépuscule ou aube,Hors agglomération,Giratoire,Normale,Sans collision,,,,,,,,,,,2,1,6,1.0,7.0
201700035195,0017-03-03 07:45:00,17,3,3,7,45,470,91,32 route d'agen,44.18324,0.57439,Crépuscule ou aube,Hors agglomération,Hors intersection,Normale,Deux véhicules - arrière,,,,,,,,,,,2,1,1,1.0,2.0
201700035196,0017-04-04 14:55:00,17,4,4,14,55,470,209,route de la candélie,44.23226,0.66019,Plein jour,En agglomération,Hors intersection,Normale,Sans collision,,,,,,,,,,,1,2,1,1.0,7.0
201700035197,0017-04-09 08:30:00,17,4,9,8,30,470,246,lieu-dit le péage,44.23222,0.50495,Plein jour,Hors agglomération,Hors intersection,Normale,Sans collision,,,,,,,,,,,1,1,1,1.0,7.0
201700035198,0017-04-22 17:40:00,17,4,22,17,40,470,137,"Lieu-dit ""PERES""",44.10879,0.52269,Plein jour,Hors agglomération,Intersection en Y,Normale,Deux véhicules - côté,,,,,,,,,,,1,1,4,1.0,3.0
201700035199,0017-06-12 15:35:00,17,6,12,15,35,470,15,LIEU-DIT LA CLOTTE,44.0577,0.63766,Plein jour,Hors agglomération,Hors intersection,Normale,Deux véhicules - côté,,,,,,,,,,,1,1,1,1.0,3.0
201700035200,0017-06-11 16:30:00,17,6,11,16,30,470,100,LIEU DIT LA BOULBÈNE,44.2701,0.68463,Plein jour,Hors agglomération,Hors intersection,Normale,Sans collision,,,,,,,,,,,1,1,1,1.0,7.0
201700035201,0017-10-08 08:45:00,17,10,8,8,45,470,15,N21,44.0688,0.64877,Plein jour,En agglomération,Hors intersection,Normale,Autre collision,,,,,,,,,,,1,2,1,1.0,6.0
201700035202,0017-01-04 15:10:00,17,1,4,15,10,470,324,Place de la Libération,44.63751,0.74413,Plein jour,En agglomération,Place,Normale,Autre collision,,,,,,,,,,,1,2,7,1.0,6.0
201700035203,0017-02-07 10:00:00,17,2,7,10,0,470,170,Les vignes d'Augiroux,44.5587,0.51592,Plein jour,Hors agglomération,Hors intersection,Pluie légère,Sans collision,,,,,,,,,,,1,1,1,2.0,7.0
201700035204,0017-02-17 16:35:00,17,2,17,16,35,470,295,CV202,44.4814,0.79238,Plein jour,En agglomération,Hors intersection,Temps éblouissant,Deux véhicules - côté,,,,,,,,,,,1,2,1,7.0,3.0
201700035205,0017-03-07 13:30:00,17,3,7,13,30,470,124,CD124,,,Plein jour,Hors agglomération,Hors intersection,Pluie légère,Sans collision,,,,,,,,,,,1,1,1,2.0,7.0
201700035206,0017-03-28 15:20:00,17,3,28,15,20,470,55,RN21,,,Plein jour,Hors agglomération,Hors intersection,Normale,Deux véhicules - frontale,,,,,,,,,,,1,1,1,1.0,1.0
201700035207,0017-04-03 18:36:00,17,4,3,18,36,470,170,PONT DE CABANES,44.52208,0.50175,Plein jour,Hors agglomération,Intersection en T,Temps éblouissant,Deux véhicules - côté,,,,,,,,,,,1,1,3,7.0,3.0
201700035208,0017-05-14 17:44:00,17,5,14,17,44,470,146,PRAIRIE,44.4561,0.66364,Plein jour,Hors agglomération,Intersection en X,Normale,Deux véhicules - côté,,,,,,,,,,,1,1,2,1.0,3.0
201700035209,0017-05-29 06:45:00,17,5,29,6,45,470,284,LIEU-DIT POUTY,44.5459,0.89962,Crépuscule ou aube,Hors agglomération,Hors intersection,Normale,Deux véhicules - frontale,,,,,,,,,,,2,1,1,1.0,1.0
201700035210,0017-06-26 13:55:00,17,6,26,13,55,470,141,LAURÈS,44.5579,0.78473,Plein jour,En agglomération,Giratoire,Normale,Deux véhicules - côté,,,,,,,,,,,1,2,6,1.0,3.0
201700035211,0017-07-13 12:15:00,17,7,13,12,15,470,198,BORDENEUVE,44.4811,0.64649,Plein jour,Hors agglomération,Hors intersection,Normale,Deux véhicules - frontale,,,,,,,,,,,1,1,1,1.0,1.0
201700035212,0017-08-24 14:50:00,17,8,24,14,50,470,175,LIEU DIT SABATIER,44.5394,0.77806,Plein jour,Hors agglomération,Hors intersection,Normale,Deux véhicules - frontale,,,,,,,,,,,1,1,1,1.0,1.0
201700035213,0017-09-01 18:00:00,17,9,1,18,0,470,175,MARSAL,44.4927,0.74912,Plein jour,Hors agglomération,Intersection en Y,Normale,Deux véhicules - frontale,,,,,,,,,,,1,1,4,1.0,1.0
201700035214,0017-11-28 10:45:00,17,11,28,10,45,470,152,LIEU DIT LA CABOSSE,44.5728,0.6271,Plein jour,Hors agglomération,Hors intersection,Autre,Autre collision,,,,,,,,,,,1,1,1,9.0,6.0
201700035215,0017-12-01 07:30:00,17,12,1,7,30,470,175,D676,44.5371,0.76596,Nuit sans éclairage public,Hors agglomération,Hors intersection,Normale,Trois véhicules et plus - en chaîne,,,,,,,,,,,3,1,1,1.0,4.0
201700035216,0017-12-04 03:45:00,17,12,4,3,45,470,152,LES NAULES,44.5929,0.61696,Nuit sans éclairage public,Hors agglomération,Hors intersection,Pluie légère,Deux véhicules - frontale,,,,,,,,,,,3,1,1,2.0,1.0
201700035217,0017-03-26 18:25:00,17,3,26,18,25,710,306,1 av  MARECHAL LECLERC,46.68967,4.37905,Plein jour,En agglomération,Hors intersection,Normale,Sans collision,,,,,,,,,,,1,2,1,1.0,7.0
201700035218,0017-05-31 20:35:00,17,5,31,20,35,710,306,"1, MARECHAL LECLERC (AVE",46.68239,4.37261,Plein jour,En agglomération,Hors intersection,Pluie forte,Autre collision,,,,,,,,,,,1,2,1,3.0,6.0
201700035219,0017-06-22 18:45:00,17,6,22,18,45,710,306,BESANCON (RUE DE),46.67173,4.3424,Plein jour,En agglomération,Hors intersection,Normale,Deux véhicules - frontale,,,,,,,,,,,1,2,1,1.0,1.0
201700035220,0017-06-19 13:41:00,17,6,19,13,41,710,306,RN 70 (ROUTE EXPRESS),46.69057,4.36952,Plein jour,Hors agglomération,Hors intersection,Normale,Sans collision,,,,,,,,,,,1,1,1,1.0,7.0
201700035221,0017-08-07 18:00:00,17,8,7,18,0,710,40,"1, MONTCENIS (ROUTE DE)",46.7175,4.3795,Plein jour,Hors agglomération,Hors intersection,Normale,Deux véhicules - arrière,,,,,,,,,,,1,1,1,1.0,2.0
201700035222,0017-08-19 14:05:00,17,8,19,14,5,710,306,"1, ROGER SALENGRO (AVENU",43.66893,4.36076,Plein jour,En agglomération,Intersection en T,Normale,Deux véhicules - côté,,,,,,,,,,,1,2,3,1.0,3.0
201700035223,0017-09-08 14:55:00,17,9,8,14,55,710,306,"22, BARBES (RUE)",46.6691,4.36578,Plein jour,En agglomération,Hors intersection,Normale,Deux véhicules - frontale,,,,,,,,,,,1,2,1,1.0,1.0
201700035224,0017-09-10 01:55:00,17,9,10,1,55,710,40,"24, MONTCEAU (ROUTE DE)",46.6911,4.3837,Nuit avec éclairage allumé,Hors agglomération,Hors intersection,Temps couvert,Autre collision,,,,,,,,,,,5,1,1,8.0,6.0
201700035225,0017-09-25 00:45:00,17,9,25,0,45,710,486,FRANKLIN ROOSEVELT (RUE),46.64708,4.36051,Nuit sans éclairage public,En agglomération,Hors intersection,Normale,Deux véhicules - frontale,,,,,,,,,,,3,2,1,1.0,1.0
201700035226,0017-10-14 17:55:00,17,10,14,17,55,710,40,REPUBLIQUE (RUE DE LA),46.70368,4.38746,Plein jour,En agglomération,Hors intersection,Normale,Deux véhicules - côté,,,,,,,,,,,1,2,1,1.0,3.0
201700035227,0017-09-26 13:05:00,17,9,26,13,5,710,306,"1, CLUNY (RUE DE)",46.67377,4.37396,Plein jour,En agglomération,Hors intersection,Normale,Deux véhicules - côté,,,,,,,,,,,1,2,1,1.0,3.0
201700035228,0017-10-17 16:50:00,17,10,17,16,50,710,40,"1, CLAUDE DORLEANS (RUE)",46.69011,4.38437,Plein jour,En agglomération,Intersection en T,Normale,Deux véhicules - côté,,,,,,,,,,,1,2,3,1.0,3.0
201700035229,0017-11-22 20:55:00,17,11,22,20,55,710,486,HENRI DUNAND (BOULEVARD),46.64769,4.34268,Nuit avec éclairage allumé,Hors agglomération,Hors intersection,Normale,Autre collision,,,,,,,,,,,5,1,1,1.0,6.0
201700035230,0017-10-31 14:25:00,17,10,31,14,25,710,486,"1, VERRERIE (CHEMIN DE L",43.64558,4.31,Plein jour,En agglomération,Intersection en X,Normale,Deux véhicules - arrière,,,,,,,,,,,1,2,2,1.0,2.0
201700035231,0017-01-07 19:30:00,17,1,7,19,30,120,301,RD 48,44.44774,2.02843,Nuit sans éclairage public,Hors agglomération,Hors intersection,Normale,Sans collision,,,,,,,,,,,3,1,1,1.0,7.0
201700035232,0017-02-02 15:20:00,17,2,2,15,20,120,287,D926 - MEMER COMMUNE  DE,,,Plein jour,En agglomération,Hors intersection,Normale,Autre collision,,,,,,,,,,,1,2,1,1.0,6.0
201700035233,0017-05-30 16:40:00,17,5,30,16,40,120,300,ALL?ES ARISTIDE BRIAND,,,Plein jour,En agglomération,Hors intersection,Temps couvert,Autre collision,,,,,,,,,,,1,2,1,8.0,6.0
201700035234,0017-06-10 20:50:00,17,6,10,20,50,120,259,RD922 - PR 20+0000,44.2813,2.05046,Plein jour,Hors agglomération,Hors intersection,Normale,Sans collision,,,,,,,,,,,1,1,1,1.0,7.0
201700035235,0017-06-19 12:15:00,17,6,19,12,15,120,140,RD 911 - PR 120.600,44.3929,1.87646,Plein jour,Hors agglomération,Hors intersection,Normale,Autre collision,,,,,,,,,,,1,1,1,1.0,6.0
201700035236,0017-07-24 23:45:00,17,7,24,23,45,120,300,RD 47 - PR 26+0950,44.3392,2.02525,Nuit avec éclairage allumé,En agglomération,Hors intersection,Normale,Autre collision,,,,,,,,,,,5,2,1,1.0,6.0
201700035237,0017-07-25 15:50:00,17,7,25,15,50,120,300,RD 911- PR 101+0250,44.333,2.06298,Plein jour,Hors agglomération,Hors intersection,Normale,Sans collision,,,,,,,,,,,1,1,1,1.0,7.0
201700035238,0017-08-05 15:30:00,17,8,5,15,30,120,263,RD 926 - PR 8+500,44.347,1.96082,Plein jour,Hors agglomération,Hors intersection,Normale,Deux véhicules - frontale,,,,,,,,,,,1,1,1,1.0,1.0
201700035239,0017-08-07 20:20:00,17,8,7,20,20,120,300,LIEU-DIT LALO,44.4228,2.13785,Plein jour,Hors agglomération,Hors intersection,Normale,Autre collision,,,,,,,,,,,1,1,1,1.0,6.0
201700035240,0017-08-19 18:45:00,17,8,19,18,45,120,300,AVENUE DU QUERCY,,,Plein jour,En agglomération,Hors intersection,Normale,Deux véhicules - côté,,,,,,,,,,,1,2,1,1.0,3.0
201700035241,0017-09-11 19:00:00,17,9,11,19,0,120,259,D922,,,Plein jour,Hors agglomération,Intersection en T,Normale,Deux véhicules - côté,,,,,,,,,,,1,1,3,1.0,3.0
201700035242,0017-09-15 14:50:00,17,9,15,14,50,120,300,ROUTE BASSE DE FARROU -,44.3611,2.05158,Plein jour,Hors agglomération,Hors intersection,Normale,Deux véhicules - arrière,,,,,,,,,,,1,1,1,1.0,2.0
201700035243,0017-09-15 17:30:00,17,9,15,17,30,120,301,D922,,,Plein jour,Hors agglomération,Hors intersection,Pluie légère,Deux véhicules - côté,,,,,,,,,,,1,1,1,2.0,3.0
201700035244,0017-10-11 15:00:00,17,10,11,15,0,120,300,LIEU-DIT LE RIOLS,44.3695,2.03934,Plein jour,En agglomération,Autre intersection,Normale,Deux véhicules - côté,,,,,,,,,,,1,2,9,1.0,3.0
201700035245,0017-10-23 06:40:00,17,10,23,6,40,120,300,LE BOURGUET,44.313,2.02679,Nuit sans éclairage public,Hors agglomération,Hors intersection,Normale,Deux véhicules - côté,,,,,,,,,,,3,1,1,1.0,3.0
201700035246,0017-11-17 07:50:00,17,11,17,7,50,120,136,L'USCLADE - PR 45,,,Plein jour,Hors agglomération,Hors intersection,Normale,Deux véhicules - côté,,,,,,,,,,,1,1,1,1.0,3.0
201700035247,0017-12-06 14:40:00,17,12,6,14,40,120,300,AVENUE DE TOULOUSE,44.3611,2.03518,Plein jour,En agglomération,Giratoire,Temps éblouissant,Autre collision,,,,,,,,,,,1,2,6,7.0,6.0
201700035248,0017-12-24 01:25:00,17,12,24,1,25,120,301,LES GREZES,44.4524,2.03133,Nuit sans éclairage public,Hors agglomération,Hors intersection,Brouillard / fumée,Autre collision,,,,,,,,,,,3,1,1,5.0,6.0
201700035249,0017-10-18 15:00:00,17,10,18,15,0,20,403,CD29,49.82168,3.62375,Plein jour,Hors agglomération,Hors intersection,Normale,Deux véhicules - frontale,,,,,,,,,,,1,1,1,1.0,1.0
201700035250,0017-01-09 17:30:00,17,1,9,17,30,720,181,"282, LIBERATION (AV DE L",48.00016,0.18267,Crépuscule ou aube,En agglomération,Hors intersection,Pluie légère,Deux véhicules - arrière,,,,,,,,,,,2,2,1,2.0,2.0
201700035251,0017-12-29 18:00:00,17,12,29,18,0,720,181,GLONNIERES (BD) Nø IMP,47.97135,0.21379,Nuit avec éclairage allumé,En agglomération,Hors intersection,Normale,Autre collision,,,,,,,,,,,5,2,1,1.0,6.0
201700035252,0017-01-11 00:20:00,17,1,11,0,20,720,181,"288, GENESLAY FELIX (AV)",47.97192,2.2052,Nuit avec éclairage allumé,En agglomération,Giratoire,Pluie légère,Sans collision,,,,,,,,,,,5,2,6,2.0,7.0
201700035253,0017-01-12 19:00:00,17,1,12,19,0,720,181,KLOTZ HENRI-PIERRE (AV),48.01994,0.16182,Nuit avec éclairage allumé,En agglomération,Hors intersection,Pluie légère,Autre collision,,,,,,,,,,,5,2,1,2.0,6.0
201700035254,0017-01-22 10:05:00,17,1,22,10,5,720,181,SUD EST DEVIATION  RT TO,47.97112,0.23759,Plein jour,Hors agglomération,Hors intersection,Normale,Autre collision,,,,,,,,,,,1,1,1,1.0,6.0
201700035255,0017-01-24 07:40:00,17,1,24,7,40,720,181,TOURS (RTE) LIGNE DROITE,47.95609,0.22781,Nuit avec éclairage allumé,Hors agglomération,Hors intersection,Normale,Deux véhicules - frontale,,,,,,,,,,,5,1,1,1.0,1.0
201700035256,0017-01-24 15:15:00,17,1,24,15,15,720,181,"35, BEAUVERGER (RUE)",47.99917,0.20212,Plein jour,En agglomération,Hors intersection,Normale,Autre collision,,,,,,,,,,,1,2,1,1.0,6.0
201700035257,0017-02-02 08:35:00,17,2,2,8,35,720,181,GLONNIERES (BD) Nø IMP,47.9714,0.21315,Crépuscule ou aube,En agglomération,Intersection en T,Pluie légère,Deux véhicules - côté,,,,,,,,,,,2,2,3,2.0,3.0
201700035258,0017-02-03 15:25:00,17,2,3,15,25,720,181,HAREL DE LA NOE LOUIS (R,48.0169,0.15175,Plein jour,En agglomération,Hors intersection,Pluie légère,Autre collision,,,,,,,,,,,1,2,1,2.0,6.0
201700035259,0017-02-08 17:00:00,17,2,8,17,0,720,181,BOLLEE (AV) Nø IMP 347 E,47.999,0.23597,Plein jour,En agglomération,Giratoire,Normale,Deux véhicules - côté,,,,,,,,,,,1,2,6,1.0,3.0
201700035260,0017-02-08 08:50:00,17,2,8,8,50,720,181,GENESLAY FELIX (AV) Nø P,47.97765,0.20818,Plein jour,En agglomération,Hors intersection,Pluie légère,Deux véhicules - côté,,,,,,,,,,,1,2,1,2.0,3.0
201700035261,0017-02-09 16:10:00,17,2,9,16,10,720,181,"101, PETITE-VITESSE (BD",47.99277,0.19806,Plein jour,En agglomération,Hors intersection,Normale,Autre collision,,,,,,,,,,,1,2,1,1.0,6.0
201700035262,0017-02-10 20:15:00,17,2,10,20,15,720,181,KLOTZ HENRI-PIERRE (AV),48.01937,-0.1677,Nuit avec éclairage allumé,En agglomération,Hors intersection,Normale,Deux véhicules - côté,,,,,,,,,,,5,2,1,1.0,3.0
201700035263,0017-02-10 19:30:00,17,2,10,19,30,720,181,SAMAIN ALBERT (RUE) Nø I,47.99942,0.22775,Nuit avec éclairage allumé,En agglomération,Hors intersection,Normale,Autre collision,,,,,,,,,,,5,2,1,1.0,6.0
201700035264,0017-02-19 18:45:00,17,2,19,18,45,720,181,"261, GENESLAY FELIX (AV)",47.97404,0.20638,Nuit avec éclairage allumé,En agglomération,Hors intersection,Normale,Autre collision,,,,,,,,,,,5,2,1,1.0,6.0
201700035265,0017-02-24 14:05:00,17,2,24,14,5,720,181,LATTRE DE TASSIGNY MAREC,48.03074,0.18776,Plein jour,Hors agglomération,Hors intersection,Normale,Deux véhicules - arrière,,,,,,,,,,,1,1,1,1.0,2.0
201700035266,0017-02-27 16:55:00,17,2,27,16,55,720,181,"101, GENESLAY FELIX (AV)",47.97989,0.20916,Plein jour,En agglomération,Hors intersection,Normale,Deux véhicules - arrière,,,,,,,,,,,1,2,1,1.0,2.0
201700035267,0017-03-15 13:30:00,17,3,15,13,30,720,181,"41, MARIETTE (RUE DE LA)",47.99993,0.2057,Plein jour,En agglomération,Hors intersection,Normale,Autre collision,,,,,,,,,,,1,2,1,1.0,6.0
201700035268,0017-03-15 23:40:00,17,3,15,23,40,720,181,CHANZY (RUE)  Nø PAIRS 2,48.00393,0.20257,Nuit avec éclairage allumé,En agglomération,Giratoire,Normale,Deux véhicules - côté,,,,,,,,,,,5,2,6,1.0,3.0
201700035269,0017-03-16 16:20:00,17,3,16,16,20,720,181,BONNETABLE (RTE) Nø IMP,48.01757,0.21859,Plein jour,En agglomération,Giratoire,Normale,Deux véhicules - côté,,,,,,,,,,,1,2,6,1.0,3.0
201700035270,0017-03-17 15:53:00,17,3,17,15,53,720,3,RATERIE (RUE DE LA),47.97481,0.15761,Plein jour,Hors agglomération,Intersection en X,Normale,Deux véhicules - côté,,,,,,,,,,,1,1,2,1.0,3.0
201700035271,0017-03-20 07:10:00,17,3,20,7,10,720,181,BOLLEE (AV) Nø PAIRS 224,47.99718,0.22301,Plein jour,En agglomération,Intersection en X,Pluie légère,Deux véhicules - côté,,,,,,,,,,,1,2,2,2.0,3.0
201700035272,0017-03-20 11:40:00,17,3,20,11,40,720,181,"19, COURBET GUST. ENTRE",47.97286,0.22109,Plein jour,En agglomération,Hors intersection,Normale,Autre collision,,,,,,,,,,,1,2,1,1.0,6.0
201700035273,0017-03-22 09:10:00,17,3,22,9,10,720,181,DUBLIN (RUE DE),48.01933,0.22657,Plein jour,En agglomération,Hors intersection,Pluie légère,Autre collision,,,,,,,,,,,1,2,1,2.0,6.0
201700035274,0017-03-25 06:40:00,17,3,25,6,40,720,181,ESTIENNE D'ORVES (BD D'),47.98622,0.18245,Crépuscule ou aube,En agglomération,Hors intersection,Normale,Autre collision,,,,,,,,,,,2,2,1,1.0,6.0
201700035275,0017-03-27 19:40:00,17,3,27,19,40,720,181,"124, BOURG BELE (RUE DU)",47.99605,0.19594,Plein jour,En agglomération,Intersection en X,Normale,Autre collision,,,,,,,,,,,1,2,2,1.0,6.0
201700035276,0017-03-28 14:05:00,17,3,28,14,5,720,181,PIFFAULT PIERRE (AV) ROC,47.98365,0.18415,Plein jour,En agglomération,Hors intersection,Normale,Deux véhicules - côté,,,,,,,,,,,1,2,1,1.0,3.0
201700035277,0017-03-28 21:40:00,17,3,28,21,40,720,181,PADERBORN (AV) Nø 3,48.00874,0.19991,Nuit avec éclairage allumé,En agglomération,Hors intersection,Normale,Deux véhicules - côté,,,,,,,,,,,5,2,1,1.0,3.0
201700035278,0017-03-31 13:20:00,17,3,31,13,20,720,181,"298, RHIN ET DANUBE (AV)",48.02256,0.18302,Plein jour,En agglomération,Hors intersection,Normale,Deux véhicules - côté,,,,,,,,,,,1,2,1,1.0,3.0
201700035279,0017-04-10 12:30:00,17,4,10,12,30,720,181,ANTARES (AV),47.95559,0.22342,Plein jour,En agglomération,Intersection en T,Normale,Autre collision,,,,,,,,,,,1,2,3,1.0,6.0
201700035280,0017-04-10 23:10:00,17,4,10,23,10,720,181,BRAILLE LOUIS (RUE),42.97647,0.20595,Nuit avec éclairage allumé,En agglomération,Hors intersection,Normale,Sans collision,,,,,,,,,,,5,2,1,1.0,7.0
201700035281,0017-04-07 11:30:00,17,4,7,11,30,720,3,SAINT GEORGES (RTE DE),47.981,0.1255,Plein jour,Hors agglomération,Intersection en X,Normale,Autre collision,,,,,,,,,,,1,1,2,1.0,6.0
201700035282,0017-04-18 14:20:00,17,4,18,14,20,720,181,"17, Robert Jarry (Bd)",47.99628,0.19192,Plein jour,En agglomération,Hors intersection,Normale,Autre collision,,,,,,,,,,,1,2,1,1.0,6.0
201700035283,0017-04-19 06:50:00,17,4,19,6,50,720,3,CHATELET (RUE DU),47.94842,0.14292,Crépuscule ou aube,En agglomération,Giratoire,Normale,Autre collision,,,,,,,,,,,2,2,6,1.0,6.0
201700035284,0017-04-24 11:10:00,17,4,24,11,10,720,181,"2 bis, OYON ALEXANDRE (B",47.99496,0.18717,Plein jour,En agglomération,Hors intersection,Normale,Deux véhicules - côté,,,,,,,,,,,1,2,1,1.0,3.0
201700035285,0017-04-21 22:55:00,17,4,21,22,55,720,181,BOEUFS LE PETIT HOUX (CH,47.94406,0.21348,Nuit avec éclairage allumé,En agglomération,Hors intersection,Normale,Deux véhicules - côté,,,,,,,,,,,5,2,1,1.0,3.0
201700035286,0017-04-27 16:10:00,17,4,27,16,10,720,181,DEMORIEUX IMP DE ROCADE,47.97721,0.17194,Plein jour,En agglomération,Giratoire,Normale,Deux véhicules - côté,,,,,,,,,,,1,2,6,1.0,3.0
201700035287,0017-04-28 16:40:00,17,4,28,16,40,720,95,"29, SAINT MICHEL (BD)",48.01897,0.20166,Plein jour,En agglomération,Hors intersection,Normale,Deux véhicules - côté,,,,,,,,,,,1,2,1,1.0,3.0
201700035288,0017-05-12 17:34:00,17,5,12,17,34,720,3,"sans, RD 147 E (RTE)",47.97456,0.16129,Plein jour,En agglomération,Hors intersection,Normale,Trois véhicules et plus - en chaîne,,,,,,,,,,,1,2,1,1.0,4.0
201700035289,0017-05-17 07:50:00,17,5,17,7,50,720,181,CARNOT (BD),48.00456,0.17933,Plein jour,En agglomération,Intersection en X,Normale,Deux véhicules - côté,,,,,,,,,,,1,2,2,1.0,3.0
201700035290,0017-05-21 16:55:00,17,5,21,16,55,720,181,LEFAUCHEUX PIERRE (BD),47.97665,0.17189,Plein jour,En agglomération,Hors intersection,Normale,Deux véhicules - côté,,,,,,,,,,,1,2,1,1.0,3.0
201700035291,0017-05-22 08:30:00,17,5,22,8,30,720,181,"62, PIFFAULT PIERRE (AV)",47.97009,0.17969,Plein jour,En agglomération,Intersection en T,Normale,Deux véhicules - côté,,,,,,,,,,,1,2,3,1.0,3.0
201700035292,0017-05-27 09:30:00,17,5,27,9,30,720,181,LYAUTEY MARECHAL (AV) N°,48.01736,0.21869,Plein jour,En agglomération,Hors intersection,Temps éblouissant,Autre collision,,,,,,,,,,,1,2,1,7.0,6.0