accident_id,datetime,annee,mois,jour,heure,minute,departement,commune_insee,adresse,latitude,longitude,luminosite,agglomeration,intersection,meteo,collision,nb_vehicules,nb_usagers,nb_indemnes,nb_tues,nb_blesses_hosp,nb_blesses_legers,age_cond_1,age_cond_2,veh_type_cond_1,veh_type_cond_2,lum_code,agg_code,int_code,atm_code,col_code
201700035293,0017-05-28 10:40:00,17,5,28,10,40,720,181,DURAND GEORGES (AV) N° I,47.96326,0.2207,Plein jour,En agglomération,Giratoire,Normale,Deux véhicules - côté,,,,,,,,,,,1,2,6,1.0,3.0
201700035294,0017-06-03 14:45:00,17,6,3,14,45,720,181,PORT (RUE DU),48.00268,0.19325,Plein jour,En agglomération,Intersection en X,Normale,Deux véhicules - frontale,,,,,,,,,,,1,2,2,1.0,1.0
201700035295,0017-06-04 01:55:00,17,6,4,1,55,720,181,GAMBETTA (PL) Nø 6 - 6 B,48.00456,0.17933,Nuit avec éclairage allumé,En agglomération,Intersection en X,Normale,Deux véhicules - arrière,,,,,,,,,,,5,2,2,1.0,2.0
201700035296,0017-06-08 13:15:00,17,6,8,13,15,720,181,"38, LEFAUCHEUX PIERRE (B",47.96285,0.17711,Plein jour,Hors agglomération,Hors intersection,Normale,Deux véhicules - côté,,,,,,,,,,,1,1,1,1.0,3.0
201700035297,0017-06-09 15:45:00,17,6,9,15,45,720,181,COURBET GUST. ENTRE COLL,47.97363,0.22048,Plein jour,En agglomération,Hors intersection,Normale,Autre collision,,,,,,,,,,,1,2,1,1.0,6.0
201700035298,0017-06-14 23:40:00,17,6,14,23,40,720,181,LIBERATION (AV DE LA) Nø,48.00615,0.18915,Nuit avec éclairage allumé,En agglomération,Intersection en T,Normale,Deux véhicules - frontale,,,,,,,,,,,5,2,3,1.0,1.0
201700035299,0017-06-19 10:05:00,17,6,19,10,5,720,181,ESTEREL USINE DES EAUX,47.99453,0.2343,Plein jour,En agglomération,Hors intersection,Normale,Autre collision,,,,,,,,,,,1,2,1,1.0,6.0
201700035300,0017-06-23 07:00:00,17,6,23,7,0,720,3,CROIX GEORGETTE (RTE DE,47.97554,0.14486,Plein jour,Hors agglomération,Hors intersection,Normale,Deux véhicules - arrière,,,,,,,,,,,1,1,1,1.0,2.0
201700035301,0017-07-01 06:50:00,17,7,1,6,50,720,181,ALENCON (ALLEE D') Nø IM,48.0294,0.17942,Nuit avec éclairage allumé,En agglomération,Hors intersection,Normale,Autre collision,,,,,,,,,,,5,2,1,1.0,6.0
201700035302,0017-07-19 23:30:00,17,7,19,23,30,720,181,RHIN ET DANUBE (AV) Nø P,48.02121,0.18366,Nuit avec éclairage allumé,En agglomération,Intersection en T,Normale,Deux véhicules - côté,,,,,,,,,,,5,2,3,1.0,3.0
201700035303,0017-07-10 06:45:00,17,7,10,6,45,720,181,CHAMPION HENRI (RUE) Nø,47.98275,0.23198,Plein jour,En agglomération,Hors intersection,Pluie légère,Autre collision,,,,,,,,,,,1,2,1,2.0,6.0
201700035304,0017-07-23 22:21:00,17,7,23,22,21,720,181,BLANC LOUIS (QUAI),48.0094,0.1955,Nuit avec éclairage allumé,En agglomération,Intersection en X,Pluie légère,Deux véhicules - côté,,,,,,,,,,,5,2,2,2.0,3.0
201700035305,0017-07-25 07:40:00,17,7,25,7,40,720,181,MAC JEAN (AV) Nø IMP 53,48.98119,0.21747,Plein jour,En agglomération,Giratoire,Normale,Deux véhicules - côté,,,,,,,,,,,1,2,6,1.0,3.0
201700035306,0017-08-03 19:20:00,17,8,3,19,20,720,181,"127, MAC JEAN (AV) Nø IM",47.97913,0.22507,Plein jour,En agglomération,Intersection en X,Normale,Deux véhicules - côté,,,,,,,,,,,1,2,2,1.0,3.0
201700035307,0017-08-09 11:45:00,17,8,9,11,45,720,181,"91, JAURES JEAN (AV) Nø",47.98995,0.20682,Plein jour,En agglomération,Hors intersection,Pluie légère,Autre collision,,,,,,,,,,,1,2,1,2.0,6.0
201700035308,0017-08-09 15:35:00,17,8,9,15,35,720,181,LYAUTEY MARECHAL (AV) Nø,48.01686,0.21925,Plein jour,En agglomération,Intersection en T,Normale,Deux véhicules - côté,,,,,,,,,,,1,2,3,1.0,3.0
201700035309,0017-08-24 20:30:00,17,8,24,20,30,720,181,"57, MORDRET ERNEST DOCTE",48.01491,0.21748,Plein jour,En agglomération,Hors intersection,Normale,Autre collision,,,,,,,,,,,1,2,1,1.0,6.0
201700035310,0017-08-29 10:55:00,17,8,29,10,55,720,181,ESTIENNE D'ORVES (BD D'),47.98414,0.18591,Plein jour,En agglomération,Hors intersection,Normale,Deux véhicules - arrière,,,,,,,,,,,1,2,1,1.0,2.0
201700035311,0017-09-06 13:10:00,17,9,6,13,10,720,181,"97, BOLLEE (AV) Nø IMP 6",48.00142,0.21031,Plein jour,En agglomération,Hors intersection,Normale,Deux véhicules - côté,,,,,,,,,,,1,2,1,1.0,3.0
201700035312,0017-09-11 10:35:00,17,9,11,10,35,720,181,"271, GENESLAY FELIX (AV)",47.97355,0.20614,Plein jour,En agglomération,Hors intersection,Normale,Autre collision,,,,,,,,,,,1,2,1,1.0,6.0
201700035313,0017-09-12 19:15:00,17,9,12,19,15,720,181,ROSTOV SUR LE DON (RUE),48.00714,0.19761,Crépuscule ou aube,En agglomération,Hors intersection,Normale,Deux véhicules - côté,,,,,,,,,,,2,2,1,1.0,3.0
201700035314,0017-09-15 12:45:00,17,9,15,12,45,720,181,MARSEILLE (AV DE),48.01824,0.18092,Plein jour,En agglomération,Intersection en X,Normale,Deux véhicules - côté,,,,,,,,,,,1,2,2,1.0,3.0
201700035315,0017-09-16 08:00:00,17,9,16,8,0,720,181,BASTIE MARYSE (RUE),47.9676,0.20568,Plein jour,En agglomération,Intersection en T,Brouillard / fumée,Deux véhicules - côté,,,,,,,,,,,1,2,3,5.0,3.0
201700035316,0017-09-29 23:45:00,17,9,29,23,45,720,181,MADELEINE (RUE) Nø IMP 1,48.01852,0.18741,Nuit avec éclairage allumé,En agglomération,Intersection en X,Pluie légère,Deux véhicules - côté,,,,,,,,,,,5,2,2,2.0,3.0
201700035317,0017-09-30 00:05:00,17,9,30,0,5,720,181,BOEUFS LE PETIT HOUX (CH,47.94471,0.21383,Nuit avec éclairage allumé,En agglomération,Hors intersection,Pluie légère,Autre collision,,,,,,,,,,,5,2,1,2.0,6.0
201700035318,0017-10-02 05:00:00,17,10,2,5,0,720,181,GENESLAY FELIX (AV) Nø I,47.96006,0.19975,Nuit avec éclairage allumé,En agglomération,Hors intersection,Pluie légère,Autre collision,,,,,,,,,,,5,2,1,2.0,6.0
201700035319,0017-09-26 16:21:00,17,9,26,16,21,720,181,LAIGNE RUE DE Nø IMP 387,47.96034,0.20817,Plein jour,En agglomération,Intersection en T,Normale,Trois véhicules et plus - collisions multiples,,,,,,,,,,,1,2,3,1.0,5.0
201700035320,0017-10-05 09:00:00,17,10,5,9,0,720,181,"51, RUBILLARD AV Nø IMP",48.01173,0.18617,Plein jour,En agglomération,Hors intersection,Normale,Autre collision,,,,,,,,,,,1,2,1,1.0,6.0
201700035321,0017-10-06 09:00:00,17,10,6,9,0,720,181,FLEURS (AV DES),47.97842,0.23049,Plein jour,En agglomération,Intersection en T,Normale,Autre collision,,,,,,,,,,,1,2,3,1.0,6.0
201700035322,0017-10-07 08:00:00,17,10,7,8,0,720,181,"108, LIBERATION (AV DE L",48.00407,0.18673,Plein jour,En agglomération,Hors intersection,Normale,Autre collision,,,,,,,,,,,1,2,1,1.0,6.0
201700035323,0017-10-10 07:35:00,17,10,10,7,35,720,181,CORSE (RUE DE),47.99614,0.23376,Crépuscule ou aube,En agglomération,Intersection en Y,Normale,Deux véhicules - côté,,,,,,,,,,,2,2,4,1.0,3.0
201700035324,0017-10-13 13:11:00,17,10,13,13,11,720,181,LIBERATION (AV DE LA) Nø,47.99973,0.18235,Plein jour,En agglomération,Intersection en T,Normale,Deux véhicules - côté,,,,,,,,,,,1,2,3,1.0,3.0
201700035325,0017-10-14 15:30:00,17,10,14,15,30,720,181,"38, LEFAUCHEUX PIERRE (B",47.96285,0.17696,Plein jour,Hors agglomération,Hors intersection,Normale,Deux véhicules - arrière,,,,,,,,,,,1,1,1,1.0,2.0
201700035326,0017-10-17 17:05:00,17,10,17,17,5,720,181,MESSIAEN OLIVIER (AV) PA,48.01586,0.15184,Plein jour,En agglomération,Hors intersection,Normale,Autre collision,,,,,,,,,,,1,2,1,1.0,6.0
201700035327,0017-10-18 07:54:00,17,10,18,7,54,720,181,"234, JAURES JEAN (AV) Nø",47.98552,0.20941,Plein jour,En agglomération,Hors intersection,Pluie légère,Autre collision,,,,,,,,,,,1,2,1,2.0,6.0
201700035328,0017-10-18 08:00:00,17,10,18,8,0,720,181,"77, BOLLEE (AV) Nø IMP 6",48.00181,0.20869,Crépuscule ou aube,En agglomération,Hors intersection,Pluie légère,Autre collision,,,,,,,,,,,2,2,1,2.0,6.0
201700035329,0017-10-18 12:30:00,17,10,18,12,30,720,181,DURAND GEORGES (AV) Nø P,47.9785,0.21322,Plein jour,En agglomération,Giratoire,Normale,Deux véhicules - côté,,,,,,,,,,,1,2,6,1.0,3.0
201700035330,0017-10-19 22:25:00,17,10,19,22,25,720,181,LATTRE DE TASSIGNY MAREC,48.03015,0.18556,Nuit sans éclairage public,Hors agglomération,Hors intersection,Pluie légère,Deux véhicules - côté,,,,,,,,,,,3,1,1,2.0,3.0
201700035331,0017-10-27 06:36:00,17,10,27,6,36,720,181,MAC JEAN (AV) Nø IMP 107,47.97677,0.23368,Nuit avec éclairage allumé,En agglomération,Hors intersection,Normale,Autre collision,,,,,,,,,,,5,2,1,1.0,6.0
201700035332,0017-10-22 14:40:00,17,10,22,14,40,720,181,PLATANES (AV DES),47.98114,0.23333,Plein jour,En agglomération,Hors intersection,Normale,Autre collision,,,,,,,,,,,1,2,1,1.0,6.0
201700035333,0017-10-30 09:15:00,17,10,30,9,15,720,181,Robert Jarry (Bd),47.99597,0.19297,Plein jour,En agglomération,Intersection en T,Normale,Deux véhicules - côté,,,,,,,,,,,1,2,3,1.0,3.0
201700035334,0017-10-31 19:00:00,17,10,31,19,0,720,181,DURAND GEORGES (AV) Nø I,47.97819,0.21337,Nuit avec éclairage allumé,En agglomération,Giratoire,Normale,Deux véhicules - côté,,,,,,,,,,,5,2,6,1.0,3.0
201700035335,0017-11-02 17:20:00,17,11,2,17,20,720,181,"27, MAILLETS (RUE DES) I",,,Plein jour,En agglomération,Hors intersection,Normale,Autre collision,,,,,,,,,,,1,2,1,1.0,6.0
201700035336,0017-11-05 18:15:00,17,11,5,18,15,720,181,"308, DEMORIEUX PAIRS><RO",47.98376,0.17742,Nuit avec éclairage allumé,En agglomération,Hors intersection,Pluie légère,Deux véhicules - côté,,,,,,,,,,,5,2,1,2.0,3.0
201700035337,0017-11-07 10:00:00,17,11,7,10,0,720,181,TOURS (RTE) LIGNE DROITE,47.94807,0.23184,Plein jour,Hors agglomération,Hors intersection,Normale,Autre collision,,,,,,,,,,,1,1,1,1.0,6.0
201700035338,0017-11-10 12:14:00,17,11,10,12,14,720,3,ANJOU (BD D'),47.96488,0.16225,Plein jour,En agglomération,Hors intersection,Normale,Autre collision,,,,,,,,,,,1,2,1,1.0,6.0
201700035339,0017-11-12 16:34:00,17,11,12,16,34,720,95,"10, GAULLE GENERAL DE (R",48.02229,0.20453,Plein jour,En agglomération,Hors intersection,Pluie forte,Autre collision,,,,,,,,,,,1,2,1,3.0,6.0
201700035340,0017-11-12 17:04:00,17,11,12,17,4,720,181,"167, BEAUGE (RUE DE)",48.01156,0.15426,Plein jour,En agglomération,Hors intersection,Normale,Sans collision,,,,,,,,,,,1,2,1,1.0,7.0
201700035341,0017-11-13 16:15:00,17,11,13,16,15,720,181,"141, GENESLAY FELIX (AV)",47.97862,0.20856,Plein jour,En agglomération,Hors intersection,Normale,Deux véhicules - côté,,,,,,,,,,,1,2,1,1.0,3.0
201700035342,0017-11-13 19:05:00,17,11,13,19,5,720,181,BOLLEE (AV) Nø PAIRS 64,48.00106,0.21097,Nuit avec éclairage allumé,En agglomération,Intersection en X,Normale,Deux véhicules - côté,,,,,,,,,,,5,2,2,1.0,3.0
201700035343,0017-11-14 15:20:00,17,11,14,15,20,720,181,PANORAMA (RUE DU) Nø IMP,47.96302,0.21747,Plein jour,En agglomération,Intersection en T,Normale,Deux véhicules - arrière,,,,,,,,,,,1,2,3,1.0,2.0
201700035344,0017-11-15 23:15:00,17,11,15,23,15,720,181,DEMORIEUX (BD) ENTRE HUI,47.98944,0.18167,Nuit avec éclairage allumé,En agglomération,Hors intersection,Normale,Deux véhicules - côté,,,,,,,,,,,5,2,1,1.0,3.0
201700035345,0017-11-17 21:36:00,17,11,17,21,36,720,181,ALENCON (RTE D'),48.02887,0.17811,Nuit avec éclairage allumé,En agglomération,Hors intersection,Normale,Trois véhicules et plus - collisions multiples,,,,,,,,,,,5,2,1,1.0,5.0
201700035346,0017-11-18 00:15:00,17,11,18,0,15,720,181,PANORAMA (RUE DU) Nø IMP,47.96302,0.21733,Nuit avec éclairage allumé,En agglomération,Hors intersection,Normale,Autre collision,,,,,,,,,,,5,2,1,1.0,6.0
201700035347,0017-11-27 08:40:00,17,11,27,8,40,720,181,"49, CUGNOT NICOLAS (BD)",47.98329,0.2207,Plein jour,En agglomération,Hors intersection,Normale,Autre collision,,,,,,,,,,,1,2,1,1.0,6.0
201700035348,0017-11-27 12:10:00,17,11,27,12,10,720,181,CHAMPION HENRI (RUE) Nø,47.98434,0.24265,Plein jour,En agglomération,Intersection en T,Normale,Deux véhicules - côté,,,,,,,,,,,1,2,3,1.0,3.0
201700035349,0017-11-27 07:45:00,17,11,27,7,45,720,181,Boulevard Henri FRENAY,48.00903,0.24426,Nuit sans éclairage public,Hors agglomération,Hors intersection,Normale,Deux véhicules - arrière,,,,,,,,,,,3,1,1,1.0,2.0
201700035350,0017-11-28 12:10:00,17,11,28,12,10,720,181,"3, FARMAN HENRI (RUE)",47.96426,0.20835,Plein jour,En agglomération,Hors intersection,Normale,Autre collision,,,,,,,,,,,1,2,1,1.0,6.0
201700035351,0017-11-28 12:10:00,17,11,28,12,10,720,181,SUD EST DEVIATION  RT TO,47.96372,0.22513,Plein jour,En agglomération,Hors intersection,Normale,Autre collision,,,,,,,,,,,1,2,1,1.0,6.0
201700035352,0017-12-05 16:00:00,17,12,5,16,0,720,181,CHANZY (RUE)  Nø IMP 1 A,47.99978,0.20304,Plein jour,En agglomération,Intersection en T,Normale,Deux véhicules - côté,,,,,,,,,,,1,2,3,1.0,3.0
201700035353,0017-12-07 17:30:00,17,12,7,17,30,720,181,"92, CUGNOT NICOLAS (BD)",47.98437,0.22247,Nuit avec éclairage allumé,En agglomération,Hors intersection,Pluie forte,Autre collision,,,,,,,,,,,5,2,1,3.0,6.0
201700035354,0017-12-16 19:30:00,17,12,16,19,30,720,181,ALENCON (RTE D'),48.03341,0.17771,Nuit avec éclairage allumé,Hors agglomération,Hors intersection,Normale,Trois véhicules et plus - en chaîne,,,,,,,,,,,5,1,1,1.0,4.0
201700035355,0017-12-25 05:30:00,17,12,25,5,30,720,181,SUD EST DEVIATION RTE AN,47.95495,0.19818,Nuit sans éclairage public,Hors agglomération,Hors intersection,Normale,Autre collision,,,,,,,,,,,3,1,1,1.0,6.0
201700035356,0017-12-28 11:15:00,17,12,28,11,15,720,181,PYRAMIDES (RUE DES ) Nø,47.97435,0.20804,Plein jour,En agglomération,Hors intersection,Normale,Autre collision,,,,,,,,,,,1,2,1,1.0,6.0
201700035357,0017-06-24 17:45:00,17,6,24,17,45,380,204,rd 1075 - virage des can,44.73908,5.67772,Plein jour,Hors agglomération,Hors intersection,Normale,Autre collision,,,,,,,,,,,1,1,1,1.0,6.0
201700035358,0017-07-05 09:40:00,17,7,5,9,40,130,4,chemin du petit Badon,43.4476,4.6846,Plein jour,Hors agglomération,Intersection en T,Normale,Deux véhicules - côté,,,,,,,,,,,1,1,3,1.0,3.0
201700035359,0017-05-11 12:05:00,17,5,11,12,5,830,91,Départementale 14,43.23036,6.23588,Plein jour,Hors agglomération,Hors intersection,Normale,Autre collision,,,,,,,,,,,1,1,1,1.0,6.0
201700035360,0017-05-06 14:45:00,17,5,6,14,45,110,320,PR 95 + 723,42.82758,2.00296,Plein jour,Hors agglomération,Hors intersection,Normale,Autre collision,,,,,,,,,,,1,1,1,1.0,6.0
201700035361,0017-09-07 14:05:00,17,9,7,14,5,110,130,Croisement D120-D29,42.82135,2.02108,Plein jour,En agglomération,Intersection en X,Normale,Trois véhicules et plus - collisions multiples,,,,,,,,,,,1,2,2,1.0,5.0
201700035362,0017-07-03 15:15:00,17,7,3,15,15,120,231,RD 999 - PR 11+0500,44.0189,3.33609,Plein jour,Hors agglomération,Hors intersection,Normale,Deux véhicules - arrière,,,,,,,,,,,1,1,1,1.0,2.0
201700035363,0017-04-04 09:30:00,17,4,4,9,30,650,154,rte des Moulins,43.00065,0.57876,Plein jour,Hors agglomération,Hors intersection,Normale,Deux véhicules - arrière,,,,,,,,,,,1,1,1,1.0,2.0
201700035364,0017-12-19 08:40:00,17,12,19,8,40,370,30,RUE DE L AGRICULTURE,47.60629,0.85788,Plein jour,En agglomération,Hors intersection,Normale,Autre collision,,,,,,,,,,,1,2,1,1.0,6.0
201700035365,0017-06-06 15:25:00,17,6,6,15,25,370,95,LIEU DIT LA TIERCERIE,47.53247,1.01807,Plein jour,Hors agglomération,Hors intersection,Autre,Autre collision,,,,,,,,,,,1,1,1,9.0,6.0
201700035366,0017-06-25 09:30:00,17,6,25,9,30,370,30,,47.59504,0.8439,Plein jour,Hors agglomération,Hors intersection,Normale,Autre collision,,,,,,,,,,,1,1,1,1.0,6.0
201700035367,0017-07-01 17:20:00,17,7,1,17,20,370,153,LA  PETITIE  AUDANIERE,47.47872,0.80614,Plein jour,Hors agglomération,Hors intersection,Pluie légère,Deux véhicules - frontale,,,,,,,,,,,1,1,1,2.0,1.0
201700035368,0017-08-11 16:50:00,17,8,11,16,50,370,106,,47.61483,0.75052,Plein jour,Hors agglomération,Hors intersection,Normale,Autre collision,,,,,,,,,,,1,1,1,1.0,6.0
201700035369,0017-11-22 16:05:00,17,11,22,16,5,370,63,,47.59457,0.91679,Plein jour,Hors agglomération,Hors intersection,Normale,Autre collision,,,,,,,,,,,1,1,1,1.0,6.0
201700035370,0017-11-24 07:35:00,17,11,24,7,35,370,276,,47.55872,0.87234,Crépuscule ou aube,Hors agglomération,Hors intersection,Normale,Deux véhicules - arrière,,,,,,,,,,,2,1,1,1.0,2.0
201700035371,0017-11-28 07:45:00,17,11,28,7,45,370,153,RUE  NATIONALE,47.49761,0.78381,Nuit avec éclairage allumé,En agglomération,Intersection en X,Pluie forte,Autre collision,,,,,,,,,,,5,2,2,3.0,6.0
201700035372,0017-12-11 10:15:00,17,12,11,10,15,370,63,RUE DU PETIT VERSAILLES,47.58966,0.90241,Plein jour,En agglomération,Hors intersection,Temps couvert,Autre collision,,,,,,,,,,,1,2,1,8.0,6.0
201700035373,0017-12-22 13:15:00,17,12,22,13,15,370,92,,47.52947,0.83526,Plein jour,Hors agglomération,Hors intersection,Temps couvert,Autre collision,,,,,,,,,,,1,1,1,8.0,6.0
201700035374,0017-12-24 14:40:00,17,12,24,14,40,370,194,,47.47184,0.88,Plein jour,Hors agglomération,Hors intersection,Normale,Deux véhicules - arrière,,,,,,,,,,,1,1,1,1.0,2.0
201700035375,0017-12-30 23:40:00,17,12,30,23,40,370,153,RUE LA PIERRE A BIDEAU,47.51202,0.79244,Nuit sans éclairage public,En agglomération,Hors intersection,Pluie légère,Deux véhicules - frontale,,,,,,,,,,,3,2,1,2.0,1.0
201700035376,0017-12-15 13:05:00,17,12,15,13,5,730,8,"100, MARLIOZ AVENUE DE",45.67561,5.90894,Plein jour,En agglomération,Hors intersection,Normale,Autre collision,,,,,,,,,,,1,2,1,1.0,6.0
201700035377,0017-01-11 15:25:00,17,1,11,15,25,730,8,GRAND PORT (RONDEAU) AVE,,,Plein jour,En agglomération,Passage à niveau,Normale,Deux véhicules - côté,,,,,,,,,,,1,2,8,1.0,3.0
201700035378,0017-02-23 06:55:00,17,2,23,6,55,730,8,D1201,45.69654,5.90736,Crépuscule ou aube,En agglomération,Hors intersection,Normale,Deux véhicules - côté,,,,,,,,,,,2,2,1,1.0,3.0
201700035379,0017-03-24 10:40:00,17,3,24,10,40,730,8,BURNET CHEMIN DES,45.66986,5.91102,Plein jour,En agglomération,Hors intersection,Normale,Deux véhicules - frontale,,,,,,,,,,,1,2,1,1.0,1.0
201700035380,0017-03-24 21:45:00,17,3,24,21,45,730,8,LAC ESPLANADE DU,45.69375,5.88882,Nuit avec éclairage allumé,En agglomération,Hors intersection,Normale,Sans collision,,,,,,,,,,,5,2,1,1.0,7.0
201700035381,0017-05-21 18:10:00,17,5,21,18,10,730,8,"31, GAULLE GENERAL DE AV",45.6881,5.91044,Plein jour,En agglomération,Intersection en X,Normale,Autre collision,,,,,,,,,,,1,2,2,1.0,6.0
201700035382,0017-05-30 10:50:00,17,5,30,10,50,730,8,"58, GRAND PORT (JUSQU'A",45.69714,5.90716,Plein jour,En agglomération,Hors intersection,Normale,Autre collision,,,,,,,,,,,1,2,1,1.0,6.0
201700035383,0017-06-24 23:30:00,17,6,24,23,30,730,8,"233, GENEVE RUE DE",45.69376,5.91906,Nuit avec éclairage allumé,En agglomération,Hors intersection,Normale,Sans collision,,,,,,,,,,,5,2,1,1.0,7.0
201700035384,0017-06-27 08:50:00,17,6,27,8,50,730,8,ROOSEVELT FRANKLIN AVENU,45.69981,5.90863,Plein jour,En agglomération,Hors intersection,Normale,Autre collision,,,,,,,,,,,1,2,1,1.0,6.0
201700035385,0017-06-07 09:15:00,17,6,7,9,15,730,8,"177, WILSON BOULEVARD",45.69005,5.9095,Plein jour,En agglomération,Hors intersection,Normale,Autre collision,,,,,,,,,,,1,2,1,1.0,6.0
201700035386,0017-08-07 01:20:00,17,8,7,1,20,730,8,VICTORIA AVENUE,45.68993,5.91046,Nuit avec éclairage allumé,En agglomération,Intersection en T,Normale,Deux véhicules - côté,,,,,,,,,,,5,2,3,1.0,3.0
201700035387,0017-08-28 14:45:00,17,8,28,14,45,730,8,44 SIMOND St AVENUE,45.69882,5.91215,Plein jour,En agglomération,Intersection en Y,Normale,Deux véhicules - côté,,,,,,,,,,,1,2,4,1.0,3.0
201700035388,0017-09-22 17:25:00,17,9,22,17,25,730,8,CLEMENCEAU GEORGES PLACE,45.69415,5.91059,Plein jour,En agglomération,Intersection en X,Normale,Sans collision,,,,,,,,,,,1,2,2,1.0,7.0
201700035389,0017-09-22 15:50:00,17,9,22,15,50,730,8,"12, WILSON BOULEVARD",45.6916,5.90916,Plein jour,En agglomération,Hors intersection,Normale,Autre collision,,,,,,,,,,,1,2,1,1.0,6.0
201700035390,0017-11-28 17:30:00,17,11,28,17,30,730,8,LEPIC BOULEVARD,45.69371,5.90052,Nuit avec éclairage allumé,En agglomération,Hors intersection,Pluie légère,Autre collision,,,,,,,,,,,5,2,1,2.0,6.0
201700035391,0017-01-10 17:13:00,17,1,10,17,13,730,11,DE GAULLE (AV.),45.67049,6.37869,Nuit avec éclairage allumé,En agglomération,Hors intersection,Neige / grêle,Deux véhicules - arrière,,,,,,,,,,,5,2,1,4.0,2.0
201700035392,0017-02-11 17:53:00,17,2,11,17,53,730,11,Voie sur berges (   RD 1,45.677,6.39419,Plein jour,En agglomération,Hors intersection,Normale,Deux véhicules - frontale,,,,,,,,,,,1,2,1,1.0,1.0
201700035393,0017-04-13 16:10:00,17,4,13,16,10,730,11,ALLOBROGES (QUAI DES),45.67853,6.39395,Plein jour,En agglomération,Hors intersection,Normale,Autre collision,,,,,,,,,,,1,2,1,1.0,6.0
201700035394,0017-04-13 16:25:00,17,4,13,16,25,730,11,CHASSEURS ALPINS (AV.)C.,45.6725,6.39196,Plein jour,En agglomération,Hors intersection,Normale,Trois véhicules et plus - collisions multiples,,,,,,,,,,,1,2,1,1.0,5.0
201700035395,0017-05-19 20:00:00,17,5,19,20,0,730,11,EGLISE (PLACE DE L'),45.67819,6.39055,Plein jour,En agglomération,Hors intersection,Normale,Deux véhicules - côté,,,,,,,,,,,1,2,1,1.0,3.0
201700035396,0017-05-20 20:20:00,17,5,20,20,20,730,11,"870, DUBOIS (RUE DU CDT)",45.665,6.379,Plein jour,En agglomération,Hors intersection,Normale,Deux véhicules - côté,,,,,,,,,,,1,2,1,1.0,3.0
201700035397,0017-07-05 22:25:00,17,7,5,22,25,730,11,BEAUFORT (ROUTE DE),45.68503,6.40046,Nuit sans éclairage public,Hors agglomération,Hors intersection,Normale,Deux véhicules - frontale,,,,,,,,,,,3,1,1,1.0,1.0
201700035398,0017-07-15 00:10:00,17,7,15,0,10,730,11,TROIS POIRIERS(CHEMIN DE,45.66524,6.37541,Nuit avec éclairage allumé,En agglomération,Hors intersection,Normale,Autre collision,,,,,,,,,,,5,2,1,1.0,6.0
201700035399,0017-08-21 08:45:00,17,8,21,8,45,730,11,PIDDAT (RUE ROBERT),45.662,6.41107,Plein jour,En agglomération,Hors intersection,Normale,Sans collision,,,,,,,,,,,1,2,1,1.0,7.0
201700035400,0017-08-26 18:40:00,17,8,26,18,40,730,11,"2732, TOURS (ROUTE DE)",45.66431,6.42728,Plein jour,Hors agglomération,Hors intersection,Normale,Deux véhicules - frontale,,,,,,,,,,,1,1,1,1.0,1.0
201700035401,0017-09-13 12:15:00,17,9,13,12,15,730,11,CHASSEURS ALPINS (AV.),45.66637,6.39074,Plein jour,En agglomération,Hors intersection,Normale,Autre collision,,,,,,,,,,,1,2,1,1.0,6.0
201700035402,0017-10-15 14:05:00,17,10,15,14,5,730,11,FONTANET (AV.) 3 POIRIER,45.66349,6.37535,Plein jour,En agglomération,Giratoire,Normale,Autre collision,,,,,,,,,,,1,2,6,1.0,6.0
201700035403,0017-10-28 12:05:00,17,10,28,12,5,730,11,JEUX OLYMPIQUES (AVENUE,45.65858,6.37554,Plein jour,En agglomération,Hors intersection,Normale,Deux véhicules - arrière,,,,,,,,,,,1,2,1,1.0,2.0
201700035404,0017-12-07 17:35:00,17,12,7,17,35,730,65,"0, LARZAC (RUE DU)",45.59968,5.91617,Nuit avec éclairage allumé,En agglomération,Intersection en X,Normale,Deux véhicules - côté,,,,,,,,,,,5,2,2,1.0,3.0
201700035405,0017-12-11 19:30:00,17,12,11,19,30,730,65,"0, JACQUES ANDRE (RUE)",45.56251,5.92587,Nuit avec éclairage allumé,En agglomération,Hors intersection,Pluie forte,Autre collision,,,,,,,,,,,5,2,1,3.0,6.0
201700035406,0017-02-02 18:15:00,17,2,2,18,15,730,65,ROUTE NATIONALE 201,45.58231,5.91144,Nuit sans éclairage public,Hors agglomération,Hors intersection,Normale,Deux véhicules - arrière,,,,,,,,,,,3,1,1,1.0,2.0
201700035407,0017-12-23 01:10:00,17,12,23,1,10,730,65,,45.59895,5.925,Nuit sans éclairage public,Hors agglomération,Hors intersection,Normale,Autre collision,,,,,,,,,,,3,1,1,1.0,6.0
201700035408,0017-12-27 14:00:00,17,12,27,14,0,730,31,ROUTE NATIONALE 201,45.57124,5.93748,Plein jour,Hors agglomération,Hors intersection,Pluie légère,Deux véhicules - frontale,,,,,,,,,,,1,1,1,2.0,1.0
201700035409,0017-02-15 10:20:00,17,2,15,10,20,730,65,RABELAIS (RUE),45.57118,5.90527,Plein jour,En agglomération,Hors intersection,Normale,Autre collision,,,,,,,,,,,1,2,1,1.0,6.0
201700035410,0017-12-27 18:10:00,17,12,27,18,10,730,65,"0, MACHE (FAUBOURG)",45.56478,5.91463,Nuit avec éclairage non allumé,En agglomération,Intersection en T,Pluie forte,Autre collision,,,,,,,,,,,4,2,3,3.0,6.0
201700035411,0017-03-04 10:35:00,17,3,4,10,35,730,65,"0, REPUBLIQUE (RUE DE LA",45.56355,5.92318,Plein jour,En agglomération,Place,Normale,Autre collision,,,,,,,,,,,1,2,7,1.0,6.0
201700035412,0017-12-27 21:00:00,17,12,27,21,0,730,65,"0, MACHE (FAUBOURG)",45.5655,5.91589,Nuit avec éclairage allumé,En agglomération,Intersection en T,Neige / grêle,Deux véhicules - frontale,,,,,,,,,,,5,2,3,4.0,1.0