accident_id,datetime,annee,mois,jour,heure,minute,departement,commune_insee,adresse,latitude,longitude,luminosite,agglomeration,intersection,meteo,collision,nb_vehicules,nb_usagers,nb_indemnes,nb_tues,nb_blesses_hosp,nb_blesses_legers,age_cond_1,age_cond_2,veh_type_cond_1,veh_type_cond_2,lum_code,agg_code,int_code,atm_code,col_code
201700035534,0017-05-27 15:15:00,17,5,27,15,15,740,10,"53, CHEMIN DES FINS",45.91948,6.12127,Plein jour,Hors agglomération,Intersection en T,Normale,Deux véhicules - frontale,,,,,,,,,,,1,1,3,1.0,1.0
201700035535,0017-06-01 14:40:00,17,6,1,14,40,740,10,"33, AVENUE DE LA PLAINE",45.9137,6.1302,Plein jour,En agglomération,Hors intersection,Normale,Deux véhicules - arrière,,,,,,,,,,,1,2,1,1.0,2.0
201700035536,0017-06-08 18:30:00,17,6,8,18,30,740,10,GAMBETTA,45.9112,6.136,Plein jour,En agglomération,Hors intersection,Normale,Deux véhicules - côté,,,,,,,,,,,1,2,1,1.0,3.0
201700035537,0017-06-10 15:17:00,17,6,10,15,17,740,10,24 RUE  VAUGELAS,45.90131,6.12418,Plein jour,En agglomération,Hors intersection,Normale,Autre collision,,,,,,,,,,,1,2,1,1.0,6.0
201700035538,0017-06-09 12:33:00,17,6,9,12,33,740,10,AVENUE DE GENEVE,45.91429,6.12357,Plein jour,En agglomération,Hors intersection,Normale,Autre collision,,,,,,,,,,,1,2,1,1.0,6.0
201700035539,0017-06-12 10:20:00,17,6,12,10,20,740,10,131 Bis AVENUE D GENEVE,45.9243,6.12379,Plein jour,En agglomération,Hors intersection,Normale,Autre collision,,,,,,,,,,,1,2,1,1.0,6.0
201700035540,0017-06-12 19:28:00,17,6,12,19,28,740,10,"61,RUE DES  ALPINS",45.91874,6.12465,Plein jour,En agglomération,Hors intersection,Normale,Autre collision,,,,,,,,,,,1,2,1,1.0,6.0
201700035541,0017-06-13 13:10:00,17,6,13,13,10,740,93,"8, AVENUE DE REPUBLIQUE",45.90656,6.11316,Plein jour,En agglomération,Hors intersection,Normale,Deux véhicules - arrière,,,,,,,,,,,1,2,1,1.0,2.0
201700035542,0017-06-13 19:00:00,17,6,13,19,0,740,10,"134, AVENUE DE GENEVE",45.92492,6.12401,Plein jour,En agglomération,Hors intersection,Normale,Autre collision,,,,,,,,,,,1,2,1,1.0,6.0
201700035543,0017-06-20 12:12:00,17,6,20,12,12,740,10,"44, AVENUE DE BROGNY",45.9142,6.1258,Plein jour,En agglomération,Intersection en T,Normale,Deux véhicules - arrière,,,,,,,,,,,1,2,3,1.0,2.0
201700035544,0017-04-28 12:00:00,17,4,28,12,0,740,10,AVENUE DE LA MAVERIA,45.90939,6.14181,Plein jour,En agglomération,Intersection en T,Normale,Autre collision,,,,,,,,,,,1,2,3,1.0,6.0
201700035545,0017-06-21 17:30:00,17,6,21,17,30,740,93,AVENUE DU  PONT-NEUF,45.8977,6.1146,Plein jour,En agglomération,Giratoire,Normale,Deux véhicules - arrière,,,,,,,,,,,1,2,6,1.0,2.0
201700035546,0017-06-22 19:30:00,17,6,22,19,30,740,10,"53, AVENUE DE GENEVE",45.91233,6.12371,Plein jour,En agglomération,Hors intersection,Normale,Trois véhicules et plus - en chaîne,,,,,,,,,,,1,2,1,1.0,4.0
201700035547,0017-06-22 10:47:00,17,6,22,10,47,740,10,PONT NEUF,45.8977,6.11447,Plein jour,En agglomération,Intersection en T,Normale,Autre collision,,,,,,,,,,,1,2,3,1.0,6.0
201700035548,0017-03-29 21:05:00,17,3,29,21,5,740,10,4 BD DECOUX,45.9053,6.122,Nuit avec éclairage allumé,En agglomération,Intersection en T,Normale,Deux véhicules - côté,,,,,,,,,,,5,2,3,1.0,3.0
201700035549,0017-05-13 20:00:00,17,5,13,20,0,740,10,134 AVENUE DE GENEVE,45.92654,6.12459,Crépuscule ou aube,En agglomération,Hors intersection,Normale,Deux véhicules - côté,,,,,,,,,,,2,2,1,1.0,3.0
201700035550,0017-04-29 12:50:00,17,4,29,12,50,740,10,BD DU LYCEE,45.90556,6.12467,Plein jour,En agglomération,Hors intersection,Normale,Deux véhicules - côté,,,,,,,,,,,1,2,1,1.0,3.0
201700035551,0017-05-26 18:20:00,17,5,26,18,20,740,93,AV REPUBLIQUE,45.90792,6.10053,Plein jour,En agglomération,Intersection en T,Normale,Deux véhicules - côté,,,,,,,,,,,1,2,3,1.0,3.0
201700035552,0017-06-28 17:25:00,17,6,28,17,25,740,10,QUAI EUSTACHE CHAPPUIS,45.8989,6.1288,Plein jour,En agglomération,Hors intersection,Pluie légère,Sans collision,,,,,,,,,,,1,2,1,2.0,7.0
201700035553,0017-06-24 14:49:00,17,6,24,14,49,740,93,PONT-NEUF (AVENUE DU),45.8989,6.1159,Plein jour,En agglomération,Hors intersection,Normale,Deux véhicules - arrière,,,,,,,,,,,1,2,1,1.0,2.0
201700035554,0017-07-01 12:20:00,17,7,1,12,20,740,10,"1, PLAINE (AVENUE DE LA)",45.9064,6.1311,Plein jour,En agglomération,Hors intersection,Pluie forte,Autre collision,,,,,,,,,,,1,2,1,3.0,6.0
201700035555,0017-07-03 19:20:00,17,7,3,19,20,740,93,POISY (V.R.U.),45.8995,6.0967,Plein jour,Hors agglomération,Hors intersection,Normale,Deux véhicules - arrière,,,,,,,,,,,1,1,1,1.0,2.0
201700035556,0017-07-04 14:02:00,17,7,4,14,2,740,10,AVENUE DU  PONT-NEUF,45.89594,6.1112,Plein jour,En agglomération,Hors intersection,Normale,Deux véhicules - arrière,,,,,,,,,,,1,2,1,1.0,2.0
201700035557,0017-05-24 18:30:00,17,5,24,18,30,740,10,AVENUE DU RHONE,45.90078,6.11464,Plein jour,En agglomération,Hors intersection,Normale,Autre collision,,,,,,,,,,,1,2,1,1.0,6.0
201700035558,0017-07-04 10:05:00,17,7,4,10,5,740,10,"36, AVENUE DE GENEVE",45.91361,6.12408,Plein jour,En agglomération,Hors intersection,Normale,Deux véhicules - côté,,,,,,,,,,,1,2,1,1.0,3.0
201700035559,0017-05-28 12:00:00,17,5,28,12,0,740,10,RUE JACQUELINE AURIOL,45.92433,6.12667,Plein jour,En agglomération,Intersection en Y,Normale,Autre collision,,,,,,,,,,,1,2,4,1.0,6.0
201700035560,0017-07-07 08:15:00,17,7,7,8,15,740,10,"46, AVENUE GAMBETTA",45.91141,6.13423,Plein jour,En agglomération,Hors intersection,Normale,Autre collision,,,,,,,,,,,1,2,1,1.0,6.0
201700035561,0017-07-09 14:35:00,17,7,9,14,35,740,93,AVENUE DE GEVRIER,46.90672,6.09766,Plein jour,En agglomération,Intersection en Y,Pluie légère,Deux véhicules - côté,,,,,,,,,,,1,2,4,2.0,3.0
201700035562,0017-07-07 13:00:00,17,7,7,13,0,740,10,"57, BOULIEVARD DU FIER",45.919,6.118,Plein jour,En agglomération,Hors intersection,Normale,Autre collision,,,,,,,,,,,1,2,1,1.0,6.0
201700035563,0017-07-12 11:20:00,17,7,12,11,20,740,10,ANDRE GIDE,45.90109,6.11513,Plein jour,En agglomération,Hors intersection,Normale,Deux véhicules - frontale,,,,,,,,,,,1,2,1,1.0,1.0
201700035564,0017-07-08 12:35:00,17,7,8,12,35,740,10,"46, AVENUE DE BROGNY",45.91482,6.12608,Plein jour,En agglomération,Hors intersection,Normale,Deux véhicules - arrière,,,,,,,,,,,1,2,1,1.0,2.0
201700035565,0017-07-11 18:50:00,17,7,11,18,50,740,10,SOMMEILLER,45.90302,6.12942,Plein jour,En agglomération,Intersection en X,Normale,Autre collision,,,,,,,,,,,1,2,2,1.0,6.0
201700035566,0017-07-14 16:00:00,17,7,14,16,0,740,93,"18, AV DU PONT-NEUF",,,Plein jour,En agglomération,Intersection en X,Normale,Deux véhicules - frontale,,,,,,,,,,,1,2,2,1.0,1.0
201700035567,0017-07-10 19:50:00,17,7,10,19,50,740,93,RUE DU JOURDIL,45.90783,6.09923,Plein jour,En agglomération,Intersection en T,Pluie forte,Deux véhicules - côté,,,,,,,,,,,1,2,3,3.0,3.0
201700035568,0017-07-15 16:00:00,17,7,15,16,0,740,10,32 AVENUE DE BROGNY,45.91155,6.12594,Plein jour,En agglomération,Intersection en T,Normale,Deux véhicules - côté,,,,,,,,,,,1,2,3,1.0,3.0
201700035569,0017-07-17 12:29:00,17,7,17,12,29,740,10,HIRONDELLES,45.90418,6.11665,Plein jour,En agglomération,Hors intersection,Normale,Trois véhicules et plus - en chaîne,,,,,,,,,,,1,2,1,1.0,4.0
201700035570,0017-07-13 15:25:00,17,7,13,15,25,740,10,BD OUEST,45.89877,6.10686,Plein jour,En agglomération,Hors intersection,Normale,Autre collision,,,,,,,,,,,1,2,1,1.0,6.0
201700035571,0017-07-24 09:15:00,17,7,24,9,15,740,10,"14, AVENUE DE GENEVE",45.9104,6.1238,Plein jour,En agglomération,Hors intersection,Pluie légère,Deux véhicules - côté,,,,,,,,,,,1,2,1,2.0,3.0
201700035572,0017-07-31 08:40:00,17,7,31,8,40,740,10,AVENUE DU RHONE,45.89874,6.11835,Plein jour,En agglomération,Giratoire,Temps couvert,Deux véhicules - côté,,,,,,,,,,,1,2,6,8.0,3.0
201700035573,0017-08-04 12:35:00,17,8,4,12,35,740,10,"30, AV ALBIGNY",45.904,6.141,Plein jour,En agglomération,Hors intersection,Normale,Deux véhicules - arrière,,,,,,,,,,,1,2,1,1.0,2.0
201700035574,0017-08-04 18:58:00,17,8,4,18,58,740,93,"4, AVENUE REPUBLIQUE",45.9068,6.1109,Plein jour,En agglomération,Hors intersection,Normale,Autre collision,,,,,,,,,,,1,2,1,1.0,6.0
201700035575,0017-07-15 15:35:00,17,7,15,15,35,740,10,AVENUE ALBIGNY,45.90134,6.1282,Plein jour,En agglomération,Hors intersection,Normale,Autre collision,,,,,,,,,,,1,2,1,1.0,6.0
201700035576,0017-08-13 15:50:00,17,8,13,15,50,740,10,AVENUE ALBIGNY,45.9,6.13,Plein jour,En agglomération,Hors intersection,Normale,Deux véhicules - arrière,,,,,,,,,,,1,2,1,1.0,2.0
201700035577,0017-08-05 14:11:00,17,8,5,14,11,740,10,"12, FABIEN CALLOUD",45.90741,6.11869,Plein jour,En agglomération,Intersection en X,Normale,Deux véhicules - côté,,,,,,,,,,,1,2,2,1.0,3.0
201700035578,0017-08-18 14:02:00,17,8,18,14,2,740,10,"63, AV DE GENEVE",45.91367,6.12322,Plein jour,En agglomération,Hors intersection,Normale,Deux véhicules - arrière,,,,,,,,,,,1,2,1,1.0,2.0
201700035579,0017-08-18 17:52:00,17,8,18,17,52,740,93,VRU POISY,45.92154,6.08343,Plein jour,Hors agglomération,Hors intersection,Pluie forte,Deux véhicules - arrière,,,,,,,,,,,1,1,1,3.0,2.0
201700035580,0017-08-20 15:40:00,17,8,20,15,40,740,10,3 BOULEVARD DU LYCEE,45.9059,6.12441,Plein jour,En agglomération,Hors intersection,Normale,Deux véhicules - arrière,,,,,,,,,,,1,2,1,1.0,2.0
201700035581,0017-08-22 08:45:00,17,8,22,8,45,740,10,ALLEE DES GENTIANES,45.92072,6.13238,Plein jour,En agglomération,Place,Normale,Deux véhicules - arrière,,,,,,,,,,,1,2,7,1.0,2.0
201700035582,0017-08-19 11:57:00,17,8,19,11,57,740,10,LOUIS REVON,45.9061,6.1305,Plein jour,En agglomération,Intersection en X,Normale,Autre collision,,,,,,,,,,,1,2,2,1.0,6.0
201700035583,0017-08-23 17:03:00,17,8,23,17,3,740,10,"113, AVENUE DE GENEVE",45.92317,6.12369,Plein jour,En agglomération,Intersection en Y,Normale,Deux véhicules - côté,,,,,,,,,,,1,2,4,1.0,3.0
201700035584,0017-08-28 10:40:00,17,8,28,10,40,740,10,"79, BOULEVARD DU FIER",45.92093,6.12071,Plein jour,En agglomération,Hors intersection,Normale,Deux véhicules - arrière,,,,,,,,,,,1,2,1,1.0,2.0
201700035585,0017-08-29 08:15:00,17,8,29,8,15,740,10,AVENUE DE  BROGNY,45.91284,6.12585,Plein jour,En agglomération,Intersection en T,Normale,Deux véhicules - côté,,,,,,,,,,,1,2,3,1.0,3.0
201700035586,0017-08-31 19:00:00,17,8,31,19,0,740,10,RUE LOUIS REVON,45.90446,6.12999,Plein jour,En agglomération,Intersection en X,Pluie légère,Sans collision,,,,,,,,,,,1,2,2,2.0,7.0
201700035587,0017-08-30 15:25:00,17,8,30,15,25,740,10,"03, MONT-CHARVIN",45.91609,6.13279,Plein jour,En agglomération,Hors intersection,Normale,Autre collision,,,,,,,,,,,1,2,1,1.0,6.0
201700035588,0017-09-07 17:30:00,17,9,7,17,30,740,10,AVENUE DE  BROGNY,45.90809,6.12603,Plein jour,En agglomération,Intersection en T,Normale,Deux véhicules - côté,,,,,,,,,,,1,2,3,1.0,3.0
201700035589,0017-09-09 12:12:00,17,9,9,12,12,740,10,"19, GEORGES MARTIN",45.91416,6.13789,Plein jour,En agglomération,Hors intersection,Pluie légère,Autre collision,,,,,,,,,,,1,2,1,2.0,6.0
201700035590,0017-09-10 16:40:00,17,9,10,16,40,740,93,AV CAPITAINE ANJOT,45.89671,6.0973,Plein jour,En agglomération,Hors intersection,Normale,Deux véhicules - côté,,,,,,,,,,,1,2,1,1.0,3.0
201700035591,0017-09-13 12:40:00,17,9,13,12,40,740,10,"134, AVENUE DE GENEVE",45.92569,6.12395,Plein jour,En agglomération,Hors intersection,Normale,Deux véhicules - arrière,,,,,,,,,,,1,2,1,1.0,2.0
201700035592,0017-09-02 19:47:00,17,9,2,19,47,740,93,"42, AVENUE REPUBLIQUE",45.90785,6.10756,Plein jour,En agglomération,Hors intersection,Pluie forte,Deux véhicules - côté,,,,,,,,,,,1,2,1,3.0,3.0
201700035593,0017-09-15 12:13:00,17,9,15,12,13,740,10,"8, AVENUE DE LA PLAINE",45.90808,6.13415,Plein jour,En agglomération,Hors intersection,Normale,Deux véhicules - côté,,,,,,,,,,,1,2,1,1.0,3.0
201700035594,0017-09-13 07:50:00,17,9,13,7,50,740,10,BD DE LA  ROCADE,45.901,6.1086,Plein jour,Hors agglomération,Hors intersection,Normale,Deux véhicules - arrière,,,,,,,,,,,1,1,1,1.0,2.0
201700035595,0017-09-18 16:20:00,17,9,18,16,20,740,10,BD DE LA  ROCADE,,,Plein jour,En agglomération,Hors intersection,Normale,Trois véhicules et plus - en chaîne,,,,,,,,,,,1,2,1,1.0,4.0
201700035596,0017-09-20 07:57:00,17,9,20,7,57,740,10,CHEMIN DU  MAQUIS,45.91,6.13102,Crépuscule ou aube,En agglomération,Hors intersection,Normale,Deux véhicules - frontale,,,,,,,,,,,2,2,1,1.0,1.0
201700035597,0017-09-21 08:00:00,17,9,21,8,0,740,10,RUE DES  ALOUETTES,45.91103,6.11781,Plein jour,En agglomération,Intersection en X,Normale,Deux véhicules - arrière,,,,,,,,,,,1,2,2,1.0,2.0
201700035598,0017-08-31 09:05:00,17,8,31,9,5,740,93,ROUTE DES  CREUSES,45.8907,6.0868,Plein jour,Hors agglomération,Giratoire,Pluie légère,Deux véhicules - côté,,,,,,,,,,,1,1,6,2.0,3.0
201700035599,0017-09-22 08:00:00,17,9,22,8,0,740,10,77 BD DE LA  ROCADE,45.90761,6.11522,Plein jour,En agglomération,Hors intersection,Normale,Trois véhicules et plus - en chaîne,,,,,,,,,,,1,2,1,1.0,4.0
201700035600,0017-08-31 21:00:00,17,8,31,21,0,740,10,RUE JEAN JAURES,45.9037,6.1273,Nuit avec éclairage allumé,En agglomération,Intersection en T,Pluie légère,Deux véhicules - côté,,,,,,,,,,,5,2,3,2.0,3.0
201700035601,0017-09-20 12:36:00,17,9,20,12,36,740,10,RUE PAUL CEZANNE,45.90277,6.12324,Plein jour,En agglomération,Hors intersection,Normale,Autre collision,,,,,,,,,,,1,2,1,1.0,6.0
201700035602,0017-09-22 15:15:00,17,9,22,15,15,740,10,"49, AVENUE DE LOVERCHY",45.89305,6.11753,Plein jour,En agglomération,Intersection en X,Normale,Deux véhicules - côté,,,,,,,,,,,1,2,2,1.0,3.0
201700035603,0017-09-23 16:02:00,17,9,23,16,2,740,93,"45,AV. DE LA REPUBLIQUE",45.9088,6.10013,Plein jour,En agglomération,Hors intersection,Normale,Sans collision,,,,,,,,,,,1,2,1,1.0,7.0
201700035604,0017-09-24 13:40:00,17,9,24,13,40,740,10,AVENUE ALBIGNY,45.90513,6.14261,Plein jour,En agglomération,Intersection en T,Normale,Deux véhicules - côté,,,,,,,,,,,1,2,3,1.0,3.0
201700035605,0017-09-26 10:50:00,17,9,26,10,50,740,93,8 bis ROUTE DES CREUSES,45.8941,6.10854,Plein jour,En agglomération,Intersection en Y,Normale,Deux véhicules - côté,,,,,,,,,,,1,2,4,1.0,3.0
201700035606,0017-10-03 09:25:00,17,10,3,9,25,740,10,"08, RUE SOMMEILLER",45.90481,6.12625,Plein jour,En agglomération,Hors intersection,Pluie légère,Autre collision,,,,,,,,,,,1,2,1,2.0,6.0
201700035607,0017-10-05 13:30:00,17,10,5,13,30,740,93,GRANDE RUE D' ALERY,45.90374,6.10586,Plein jour,En agglomération,Giratoire,Temps éblouissant,Autre collision,,,,,,,,,,,1,2,6,7.0,6.0
201700035608,0017-10-06 20:00:00,17,10,6,20,0,740,93,ROUTE DE  CHEVENNES,45.90385,6.11027,Nuit avec éclairage allumé,En agglomération,Giratoire,Normale,Sans collision,,,,,,,,,,,5,2,6,1.0,7.0
201700035609,0017-07-08 00:30:00,17,7,8,0,30,740,10,"34, AVENUE MARQUISATS",45.8952,6.1332,Nuit avec éclairage allumé,En agglomération,Hors intersection,Normale,Deux véhicules - arrière,,,,,,,,,,,5,2,1,1.0,2.0
201700035610,0017-09-27 20:10:00,17,9,27,20,10,740,10,RUE DE L' INDUSTRIE,45.9016,6.1216,Nuit avec éclairage allumé,En agglomération,Hors intersection,Normale,Deux véhicules - arrière,,,,,,,,,,,5,2,1,1.0,2.0
201700035611,0017-10-13 11:19:00,17,10,13,11,19,740,10,"79, BOULEVARD DU FIER",45.9207,6.1205,Plein jour,En agglomération,Intersection en T,Normale,Deux véhicules - côté,,,,,,,,,,,1,2,3,1.0,3.0
201700035612,0017-10-14 19:36:00,17,10,14,19,36,740,10,"31, AVENUE DE CRAN",45.9058,6.117,Nuit avec éclairage allumé,En agglomération,Hors intersection,Normale,Autre collision,,,,,,,,,,,5,2,1,1.0,6.0
201700035613,0017-10-17 07:35:00,17,10,17,7,35,740,10,AVENUE ALBIGNY,45.90481,6.14507,Plein jour,En agglomération,Intersection en T,Normale,Deux véhicules - côté,,,,,,,,,,,1,2,3,1.0,3.0
201700035614,0017-10-19 18:35:00,17,10,19,18,35,740,10,106 AVENUE DE  BROGNY,45.92559,6.12568,Plein jour,En agglomération,Hors intersection,Normale,Autre collision,,,,,,,,,,,1,2,1,1.0,6.0
201700035615,0017-10-20 10:21:00,17,10,20,10,21,740,10,"1, FELIX PETIT",45.90771,6.1285,Plein jour,En agglomération,Intersection en X,Normale,Deux véhicules - frontale,,,,,,,,,,,1,2,2,1.0,1.0
201700035616,0017-10-21 10:30:00,17,10,21,10,30,740,10,BD DU LYCEE,45.90582,6.12635,Plein jour,En agglomération,Giratoire,Normale,Autre collision,,,,,,,,,,,1,2,6,1.0,6.0
201700035617,0017-10-25 12:05:00,17,10,25,12,5,740,10,"40, AV DE BROGNY",45.9133,6.1258,Plein jour,En agglomération,Hors intersection,Normale,Deux véhicules - arrière,,,,,,,,,,,1,2,1,1.0,2.0
201700035618,0017-10-23 20:45:00,17,10,23,20,45,740,10,"7, BD DE LA ROCADE",45.90915,6.11707,Nuit avec éclairage allumé,En agglomération,Intersection en X,Normale,Autre collision,,,,,,,,,,,5,2,2,1.0,6.0
201700035619,0017-10-28 10:40:00,17,10,28,10,40,740,10,"46, BOULEVARD CORNICHE",45.88425,6.14066,Plein jour,Hors agglomération,Intersection en T,Normale,Deux véhicules - côté,,,,,,,,,,,1,1,3,1.0,3.0
201700035620,0017-11-02 19:00:00,17,11,2,19,0,740,10,"21, JOSEPH DESSAIX",45.9076,6.1243,Nuit avec éclairage allumé,En agglomération,Intersection en Y,Normale,Deux véhicules - côté,,,,,,,,,,,5,2,4,1.0,3.0
201700035621,0017-11-07 13:00:00,17,11,7,13,0,740,10,"11, CHEMIN DU MAQUIS",45.9207,6.1329,Plein jour,En agglomération,Giratoire,Normale,Deux véhicules - côté,,,,,,,,,,,1,2,6,1.0,3.0
201700035622,0017-11-10 09:00:00,17,11,10,9,0,740,10,"134, AVENUE DE GENEVE",45.92511,6.12457,Plein jour,En agglomération,Hors intersection,Normale,Deux véhicules - côté,,,,,,,,,,,1,2,1,1.0,3.0
201700035623,0017-11-10 18:10:00,17,11,10,18,10,740,10,RUE MARC LEROUX,45.91606,6.12858,Nuit avec éclairage allumé,En agglomération,Giratoire,Pluie légère,Deux véhicules - côté,,,,,,,,,,,5,2,6,2.0,3.0
201700035624,0017-11-13 15:10:00,17,11,13,15,10,740,10,"6, AV DE THONES",45.9098,6.1364,Plein jour,En agglomération,Hors intersection,Temps éblouissant,Autre collision,,,,,,,,,,,1,2,1,7.0,6.0
201700035625,0017-11-13 17:55:00,17,11,13,17,55,740,10,"15, AVENUE DE CRAN",45.9055,6.1191,Nuit avec éclairage allumé,En agglomération,Intersection en Y,Normale,Autre collision,,,,,,,,,,,5,2,4,1.0,6.0
201700035626,0017-11-17 09:45:00,17,11,17,9,45,740,93,AVENUE DES ILES,45.9125,6.1125,Plein jour,En agglomération,Intersection en X,Normale,Autre collision,,,,,,,,,,,1,2,2,1.0,6.0
201700035627,0017-11-05 01:30:00,17,11,5,1,30,740,10,AV DE THONES,45.9105,6.1379,Nuit avec éclairage allumé,En agglomération,Intersection en T,Normale,Deux véhicules - arrière,,,,,,,,,,,5,2,3,1.0,2.0
201700035628,0017-11-17 20:15:00,17,11,17,20,15,740,10,RUE DE CHEVESNES,45.901,6.1184,Nuit avec éclairage allumé,En agglomération,Hors intersection,Normale,Autre collision,,,,,,,,,,,5,2,1,1.0,6.0
201700035629,0017-11-21 16:50:00,17,11,21,16,50,740,10,RUE DES ALPINS,45.91305,6.12494,Nuit avec éclairage allumé,En agglomération,Intersection en T,Normale,Deux véhicules - côté,,,,,,,,,,,5,2,3,1.0,3.0
201700035630,0017-11-27 18:00:00,17,11,27,18,0,740,10,"38,AVENUE DE  BROGNY",45.9135,6.12599,Nuit avec éclairage allumé,En agglomération,Hors intersection,Normale,Trois véhicules et plus - en chaîne,,,,,,,,,,,5,2,1,1.0,4.0
201700035631,0017-12-05 22:15:00,17,12,5,22,15,740,10,RUE LOUIS REVON,45.9035,6.1304,Nuit avec éclairage allumé,En agglomération,Intersection en Y,Normale,Autre collision,,,,,,,,,,,5,2,4,1.0,6.0
201700035632,0017-12-07 16:55:00,17,12,7,16,55,740,10,"90,AV DES MARQUISATS",45.8891,6.1435,Nuit avec éclairage allumé,En agglomération,Hors intersection,Normale,Deux véhicules - frontale,,,,,,,,,,,5,2,1,1.0,1.0
201700035633,0017-12-09 08:35:00,17,12,9,8,35,740,10,BD DE LA  ROCADE,45.89789,6.10622,Plein jour,En agglomération,Hors intersection,Neige / grêle,Autre collision,,,,,,,,,,,1,2,1,4.0,6.0
201700035634,0017-12-11 19:05:00,17,12,11,19,5,740,10,"78,AVENUE DE LA  PLAINE",45.91847,6.12708,Nuit avec éclairage allumé,En agglomération,Hors intersection,Pluie forte,Autre collision,,,,,,,,,,,5,2,1,3.0,6.0
201700035635,0017-12-15 17:43:00,17,12,15,17,43,740,10,BOULEVARD DE LA  ROCADE,45.901,6.109,Nuit avec éclairage allumé,En agglomération,Hors intersection,Normale,Deux véhicules - arrière,,,,,,,,,,,5,2,1,1.0,2.0
201700035636,0017-12-18 14:30:00,17,12,18,14,30,740,10,BERTHOLLET,45.90471,6.12378,Plein jour,En agglomération,Hors intersection,Neige / grêle,Autre collision,,,,,,,,,,,1,2,1,4.0,6.0
201700035637,0017-12-18 17:00:00,17,12,18,17,0,740,10,AVENUE DE GENEVE,45.91956,6.1238,Nuit avec éclairage allumé,En agglomération,Intersection en X,Temps couvert,Autre collision,,,,,,,,,,,5,2,2,8.0,6.0
201700035638,0017-12-19 12:10:00,17,12,19,12,10,740,10,"145, GENEVE (AVENUE DE)(",45.92719,6.1238,Plein jour,En agglomération,Hors intersection,Normale,Trois véhicules et plus - en chaîne,,,,,,,,,,,1,2,1,1.0,4.0
201700035639,0017-12-21 13:25:00,17,12,21,13,25,740,10,RUE DE LA  PAIX,45.90387,6.1287,Plein jour,En agglomération,Intersection en T,Normale,Deux véhicules - côté,,,,,,,,,,,1,2,3,1.0,3.0
201700035640,0017-12-26 10:35:00,17,12,26,10,35,740,10,"134, AVENUE DE GENEVE",45.92487,6.12399,Plein jour,En agglomération,Hors intersection,Pluie légère,Autre collision,,,,,,,,,,,1,2,1,2.0,6.0
201700035641,0017-12-26 14:30:00,17,12,26,14,30,740,10,AVENUE DE GENEVE,45.92129,6.12408,Plein jour,En agglomération,Hors intersection,Pluie légère,Deux véhicules - frontale,,,,,,,,,,,1,2,1,2.0,1.0
201700035642,0017-12-31 19:55:00,17,12,31,19,55,740,12,BONNEVILLE (ROUTE DE),46.18574,6.23645,Nuit avec éclairage allumé,En agglomération,Hors intersection,Normale,Deux véhicules - côté,,,,,,,,,,,5,2,1,1.0,3.0
201700035643,0017-01-22 01:35:00,17,1,22,1,35,740,298,ROUTE DU MONT-BLANC,46.1685,6.2672,Nuit sans éclairage public,En agglomération,Hors intersection,Neige / grêle,Autre collision,,,,,,,,,,,3,2,1,4.0,6.0
201700035644,0017-03-02 21:30:00,17,3,2,21,30,740,12,ARVE (QUAI D'),46.1845,6.22873,Nuit avec éclairage allumé,En agglomération,Intersection en T,Normale,Deux véhicules - côté,,,,,,,,,,,5,2,3,1.0,3.0
201700035645,0017-03-06 15:05:00,17,3,6,15,5,740,12,DE GAULLE (AVENUE CHARLE,46.18394,6.24675,Plein jour,En agglomération,Hors intersection,Pluie légère,Deux véhicules - côté,,,,,,,,,,,1,2,1,2.0,3.0
201700035646,0017-03-04 18:40:00,17,3,4,18,40,740,133,RUE DE LA LIBERATION,46.19053,6.2115,Plein jour,En agglomération,Intersection en X,Pluie légère,Deux véhicules - côté,,,,,,,,,,,1,2,2,2.0,3.0
201700035647,0017-03-16 16:50:00,17,3,16,16,50,740,305,RUE DES VOIRONS,46.2025,6.2557,Plein jour,En agglomération,Intersection en T,Normale,Deux véhicules - frontale,,,,,,,,,,,1,2,3,1.0,1.0
201700035648,0017-04-07 13:30:00,17,4,7,13,30,740,12,GENEVE (RUE DE),46.19294,6.22866,Plein jour,En agglomération,Giratoire,Normale,Deux véhicules - côté,,,,,,,,,,,1,2,6,1.0,3.0
201700035649,0017-05-24 17:50:00,17,5,24,17,50,740,8,"11, PLACE PORTE BONHEUR",46.20118,6.25061,Plein jour,En agglomération,Hors intersection,Normale,Autre collision,,,,,,,,,,,1,2,1,1.0,6.0
201700035650,0017-12-20 14:50:00,17,12,20,14,50,740,133,RUE DU LIEUTENANT GENOT,46.18342,6.19539,Plein jour,En agglomération,Giratoire,Normale,Sans collision,,,,,,,,,,,1,2,6,1.0,7.0
201700035651,0017-05-12 10:00:00,17,5,12,10,0,740,12,"16, RUE DE GENEVE",46.19305,6.23111,Plein jour,En agglomération,Intersection en T,Normale,Autre collision,,,,,,,,,,,1,2,3,1.0,6.0
201700035652,0017-06-18 00:30:00,17,6,18,0,30,740,133,ZONE (ROUTE DE),46.17819,6.21422,Nuit sans éclairage public,En agglomération,Hors intersection,Normale,Autre collision,,,,,,,,,,,3,2,1,1.0,6.0
201700035653,0017-06-30 01:00:00,17,6,30,1,0,740,12,ARVE (QUAI D'),46.18361,6.231,Nuit avec éclairage allumé,En agglomération,Autre intersection,Pluie légère,Deux véhicules - arrière,,,,,,,,,,,5,2,9,2.0,2.0
201700035654,0017-07-03 15:55:00,17,7,3,15,55,740,133,ZONE (ROUTE DE),46.17386,6.2118,Plein jour,En agglomération,Intersection en Y,Normale,Deux véhicules - côté,,,,,,,,,,,1,2,4,1.0,3.0
201700035655,0017-07-27 13:30:00,17,7,27,13,30,740,12,QUAI  D'ARVE,46.18447,6.22876,Plein jour,En agglomération,Intersection en T,Normale,Trois véhicules et plus - collisions multiples,,,,,,,,,,,1,2,3,1.0,5.0