accident_id,datetime,annee,mois,jour,heure,minute,departement,commune_insee,adresse,latitude,longitude,luminosite,agglomeration,intersection,meteo,collision,nb_vehicules,nb_usagers,nb_indemnes,nb_tues,nb_blesses_hosp,nb_blesses_legers,age_cond_1,age_cond_2,veh_type_cond_1,veh_type_cond_2,lum_code,agg_code,int_code,atm_code,col_code
201700035777,0017-12-19 14:10:00,17,12,19,14,10,760,259,122DE LATTRE DE TASSIGNY,49.75055,0.37689,Plein jour,En agglomération,Hors intersection,Normale,Autre collision,,,,,,,,,,,1,2,1,1.0,6.0
201700035778,0017-12-15 09:00:00,17,12,15,9,0,760,259,GANZEVILLE ( ROUTE DE),49.75005,0.4033,Crépuscule ou aube,En agglomération,Hors intersection,Temps couvert,Autre collision,,,,,,,,,,,2,2,1,8.0,6.0
201700035779,0017-12-31 04:20:00,17,12,31,4,20,760,481,7 ROUTE D ETRETAT,49.57755,0.12185,Nuit sans éclairage public,Hors agglomération,Intersection en X,Pluie légère,Autre collision,,,,,,,,,,,3,1,2,2.0,6.0
201700035780,0017-01-07 23:30:00,17,1,7,23,30,760,351,"22, R AMIRAL COURBET",49.48575,0.13165,Nuit avec éclairage allumé,En agglomération,Hors intersection,Pluie légère,Deux véhicules - arrière,,,,,,,,,,,5,2,1,2.0,2.0
201700035781,0017-01-06 12:15:00,17,1,6,12,15,760,351,RTE INDUSTRIELLE,49.48789,0.18737,Plein jour,Hors agglomération,Intersection en X,Normale,Deux véhicules - côté,,,,,,,,,,,1,1,2,1.0,3.0
201700035782,0017-01-09 08:51:00,17,1,9,8,51,760,351,R DENIS CORDONNIER,49.52261,0.10702,Crépuscule ou aube,En agglomération,Intersection en T,Pluie légère,Autre collision,,,,,,,,,,,2,2,3,2.0,6.0
201700035783,0017-01-07 22:55:00,17,1,7,22,55,760,351,PL PIERRE COURANT,49.49207,0.11673,Nuit avec éclairage allumé,En agglomération,Intersection en X,Normale,Autre collision,,,,,,,,,,,5,2,2,1.0,6.0
201700035784,0017-01-14 15:50:00,17,1,14,15,50,760,351,"258, R DU BOIS AU COQ",49.51253,0.12675,Plein jour,En agglomération,Hors intersection,Pluie légère,Autre collision,,,,,,,,,,,1,2,1,2.0,6.0
201700035785,0017-01-14 03:55:00,17,1,14,3,55,760,351,R DEMIDOFF,49.49749,0.13271,Nuit avec éclairage allumé,En agglomération,Intersection en T,Normale,Autre collision,,,,,,,,,,,5,2,3,1.0,6.0
201700035786,0017-01-14 19:15:00,17,1,14,19,15,760,351,RUE  HAUDRY,49.49408,0.12408,Nuit avec éclairage allumé,En agglomération,Intersection en X,Pluie légère,Deux véhicules - arrière,,,,,,,,,,,5,2,2,2.0,2.0
201700035787,0017-01-14 08:15:00,17,1,14,8,15,760,270,RD 31,49.55225,0.14425,Crépuscule ou aube,Hors agglomération,Hors intersection,Normale,Autre collision,,,,,,,,,,,2,1,1,1.0,6.0
201700035788,0017-12-01 22:05:00,17,12,1,22,5,760,351,"NEANT, JOUFFROY D'ABBANS",49.49964,0.15712,Nuit avec éclairage allumé,En agglomération,Intersection en T,Pluie légère,Deux véhicules - côté,,,,,,,,,,,5,2,3,2.0,3.0
201700035789,0017-01-05 13:05:00,17,1,5,13,5,760,351,BD CLEMENCEAU,49.49162,0.09697,Plein jour,En agglomération,Intersection en T,Normale,Deux véhicules - côté,,,,,,,,,,,1,2,3,1.0,3.0
201700035790,0017-01-18 13:05:00,17,1,18,13,5,760,305,RUE PIERRE GLENISSON,49.50482,0.22894,Plein jour,En agglomération,Hors intersection,Normale,Sans collision,,,,,,,,,,,1,2,1,1.0,7.0
201700035791,0017-01-20 16:45:00,17,1,20,16,45,760,305,"41, RTE D'ORCHER",49.5032,0.21562,Plein jour,En agglomération,Hors intersection,Normale,Deux véhicules - arrière,,,,,,,,,,,1,2,1,1.0,2.0
201700035792,0017-01-21 09:20:00,17,1,21,9,20,760,296,R DE LA LIBERATION,49.51878,0.27146,Plein jour,En agglomération,Intersection en T,Normale,Deux véhicules - arrière,,,,,,,,,,,1,2,3,1.0,2.0
201700035793,0017-01-21 06:15:00,17,1,21,6,15,760,305,,49.51216,0.21971,Nuit sans éclairage public,Hors agglomération,Hors intersection,Normale,Deux véhicules - arrière,,,,,,,,,,,3,1,1,1.0,2.0
201700035794,0017-01-23 20:25:00,17,1,23,20,25,760,270,,49.53098,0.1423,Nuit sans éclairage public,Hors agglomération,Hors intersection,Normale,Autre collision,,,,,,,,,,,3,1,1,1.0,6.0
201700035795,0017-01-26 13:30:00,17,1,26,13,30,760,351,"12, Rue COCHET",49.50069,0.0934,Plein jour,En agglomération,Hors intersection,Normale,Deux véhicules - arrière,,,,,,,,,,,1,2,1,1.0,2.0
201700035796,0017-01-27 18:30:00,17,1,27,18,30,760,351,"109, AV JEAN JAURES",49.49924,0.1549,Nuit avec éclairage allumé,Hors agglomération,Intersection en T,Normale,Deux véhicules - côté,,,,,,,,,,,5,1,3,1.0,3.0
201700035797,0017-12-21 17:10:00,17,12,21,17,10,760,447,128 av MARECHAL FOCH,49.53222,0.18933,Nuit avec éclairage allumé,En agglomération,Hors intersection,Pluie légère,Deux véhicules - côté,,,,,,,,,,,5,2,1,2.0,3.0
201700035798,0017-01-31 16:10:00,17,1,31,16,10,760,341,"55, Rue ROBERT ANCEL",49.51689,0.2012,Plein jour,En agglomération,Hors intersection,Normale,Autre collision,,,,,,,,,,,1,2,1,1.0,6.0
201700035799,0017-02-06 07:17:00,17,2,6,7,17,760,351,"11, R FLANDRES DUNKERQUE",49.5131,0.16362,Nuit avec éclairage allumé,En agglomération,Intersection en T,Normale,Sans collision,,,,,,,,,,,5,2,3,1.0,7.0
201700035800,0017-01-23 14:30:00,17,1,23,14,30,760,351,"7 ter, PL ALPHONSE MARTI",49.49882,0.10711,Plein jour,En agglomération,Intersection en X,Normale,Deux véhicules - côté,,,,,,,,,,,1,2,2,1.0,3.0
201700035801,0017-02-09 13:15:00,17,2,9,13,15,760,351,"30, R FLORIMOND LAURENT",49.51491,0.1123,Plein jour,En agglomération,Intersection en T,Normale,Deux véhicules - arrière,,,,,,,,,,,1,2,3,1.0,2.0
201700035802,0017-02-09 07:45:00,17,2,9,7,45,760,351,QUAI JEAN REINHART,49.48093,0.13804,Crépuscule ou aube,En agglomération,Intersection en T,Normale,Deux véhicules - arrière,,,,,,,,,,,2,2,3,1.0,2.0
201700035803,0017-02-14 10:30:00,17,2,14,10,30,760,351,"75, R STENDHAL",49.52153,0.07465,Plein jour,En agglomération,Hors intersection,Normale,Deux véhicules - arrière,,,,,,,,,,,1,2,1,1.0,2.0
201700035804,0017-02-19 11:15:00,17,2,19,11,15,760,305,"48, RTE D'OUDALLE",49.50301,0.20999,Plein jour,En agglomération,Hors intersection,Normale,Autre collision,,,,,,,,,,,1,2,1,1.0,6.0
201700035805,0017-02-19 18:40:00,17,2,19,18,40,760,351,"75, R GEORGES ALLAIN",49.52709,0.12265,Plein jour,En agglomération,Intersection en T,Normale,Sans collision,,,,,,,,,,,1,2,3,1.0,7.0
201700035806,0017-02-22 16:35:00,17,2,22,16,35,760,351,AV DU GENERAL FERRIE,49.50715,0.17514,Plein jour,En agglomération,Intersection en X,Pluie légère,Deux véhicules - côté,,,,,,,,,,,1,2,2,2.0,3.0
201700035807,0017-02-23 19:35:00,17,2,23,19,35,760,351,R PHILIPPE LEBON,49.49577,0.1302,Nuit avec éclairage allumé,En agglomération,Intersection en T,Normale,Deux véhicules - côté,,,,,,,,,,,5,2,3,1.0,3.0
201700035808,0017-02-23 16:40:00,17,2,23,16,40,760,351,"221, R ARISTIDE BRIAND",49.5001,0.13196,Plein jour,En agglomération,Intersection en T,Normale,Autre collision,,,,,,,,,,,1,2,3,1.0,6.0
201700035809,0017-02-25 17:15:00,17,2,25,17,15,760,351,ALL LEON MOUSSINAC,49.51059,0.18242,Plein jour,En agglomération,Intersection en T,Normale,Deux véhicules - côté,,,,,,,,,,,1,2,3,1.0,3.0
201700035810,0017-02-26 06:00:00,17,2,26,6,0,760,351,BD WINSTON CHURCHILL,49.49406,0.13846,Nuit avec éclairage allumé,En agglomération,Intersection en X,Normale,Deux véhicules - côté,,,,,,,,,,,5,2,2,1.0,3.0
201700035811,0017-02-28 18:20:00,17,2,28,18,20,760,351,"84, AV DU VAL AUX CORNEI",49.50909,0.14834,Crépuscule ou aube,En agglomération,Hors intersection,Pluie légère,Autre collision,,,,,,,,,,,2,2,1,2.0,6.0
201700035812,0017-03-01 20:35:00,17,3,1,20,35,760,351,"30, AV DU GENERAL DE GAU",49.51923,0.15701,Nuit avec éclairage allumé,En agglomération,Hors intersection,Normale,Deux véhicules - frontale,,,,,,,,,,,5,2,1,1.0,1.0
201700035813,0017-02-25 11:00:00,17,2,25,11,0,760,351,R LOUIS BLERIOT,49.5222,0.08847,Plein jour,En agglomération,Intersection en X,Normale,Trois véhicules et plus - en chaîne,,,,,,,,,,,1,2,2,1.0,4.0
201700035814,0017-03-02 01:25:00,17,3,2,1,25,760,351,"112, CRS DE LA REPUBLIQU",49.49767,0.12811,Nuit avec éclairage allumé,En agglomération,Intersection en T,Normale,Sans collision,,,,,,,,,,,5,2,3,1.0,7.0
201700035815,0017-03-05 21:05:00,17,3,5,21,5,760,351,R VAUBAN,49.48981,0.11939,Nuit avec éclairage allumé,En agglomération,Intersection en X,Pluie forte,Deux véhicules - côté,,,,,,,,,,,5,2,2,3.0,3.0
201700035816,0017-03-08 09:30:00,17,3,8,9,30,760,351,"197, R DEMIDOFF",49.49788,0.14132,Plein jour,En agglomération,Hors intersection,Pluie légère,Sans collision,,,,,,,,,,,1,2,1,2.0,7.0
201700035817,0017-03-11 17:25:00,17,3,11,17,25,760,305,,49.51298,0.21249,Plein jour,Hors agglomération,Hors intersection,Normale,Autre collision,,,,,,,,,,,1,1,1,1.0,6.0
201700035818,0017-02-28 08:30:00,17,2,28,8,30,760,270,,49.5302,0.14335,Plein jour,En agglomération,Giratoire,Pluie légère,Deux véhicules - côté,,,,,,,,,,,1,2,6,2.0,3.0
201700035819,0017-02-24 20:00:00,17,2,24,20,0,760,351,avenue du grand hameau,49.52137,0.10829,Nuit sans éclairage public,Hors agglomération,Giratoire,Normale,Sans collision,,,,,,,,,,,3,1,6,1.0,7.0
201700035820,0017-03-14 19:55:00,17,3,14,19,55,760,270,"nant, RD 6382",49.53117,0.14205,Nuit sans éclairage public,Hors agglomération,Hors intersection,Normale,Autre collision,,,,,,,,,,,3,1,1,1.0,6.0
201700035821,0017-03-14 17:00:00,17,3,14,17,0,760,351,"20, AV LEO LAGRANGE",49.5018,0.16346,Plein jour,En agglomération,Hors intersection,Normale,Autre collision,,,,,,,,,,,1,2,1,1.0,6.0
201700035822,0017-03-19 01:00:00,17,3,19,1,0,760,351,"NEANT, LOUIS LUMIERE",49.52709,0.12917,Nuit sans éclairage public,En agglomération,Hors intersection,Pluie légère,Deux véhicules - frontale,,,,,,,,,,,3,2,1,2.0,1.0
201700035823,0017-02-16 15:00:00,17,2,16,15,0,760,351,"5, R BERNARDIN DE SAINT",49.48947,0.10506,Plein jour,En agglomération,Hors intersection,Normale,Autre collision,,,,,,,,,,,1,2,1,1.0,6.0
201700035824,0017-03-22 21:45:00,17,3,22,21,45,760,351,R DE TROUVILLE,49.50741,0.17155,Nuit avec éclairage allumé,En agglomération,Intersection en X,Pluie légère,Deux véhicules - côté,,,,,,,,,,,5,2,2,2.0,3.0
201700035825,0017-03-23 17:00:00,17,3,23,17,0,760,305,RTE DE LA CHIMIE,49.48506,0.22445,Plein jour,Hors agglomération,Intersection en T,Normale,Deux véhicules - côté,,,,,,,,,,,1,1,3,1.0,3.0
201700035826,0017-03-25 12:00:00,17,3,25,12,0,760,351,"89, AV DE FRILEUSE",49.51209,0.15024,Plein jour,En agglomération,Hors intersection,Normale,Sans collision,,,,,,,,,,,1,2,1,1.0,7.0
201700035827,0017-04-01 22:30:00,17,4,1,22,30,760,305,"3, Jacques EBERHARD (Ave",49.5071,0.23201,Nuit avec éclairage allumé,En agglomération,Hors intersection,Normale,Autre collision,,,,,,,,,,,5,2,1,1.0,6.0
201700035828,0017-04-04 13:00:00,17,4,4,13,0,760,447,"22, PRESIDENT WILSON",49.54389,0.18285,Plein jour,En agglomération,Hors intersection,Normale,Deux véhicules - arrière,,,,,,,,,,,1,2,1,1.0,2.0
201700035829,0017-04-05 17:10:00,17,4,5,17,10,760,351,"2, CLEMENCEAU (BD)",49.48556,0.1014,Plein jour,En agglomération,Hors intersection,Normale,Autre collision,,,,,,,,,,,1,2,1,1.0,6.0
201700035830,0017-04-03 18:50:00,17,4,3,18,50,760,351,"NEANT, EUGENE SUE",49.51734,0.12734,Plein jour,En agglomération,Intersection en X,Normale,Deux véhicules - frontale,,,,,,,,,,,1,2,2,1.0,1.0
201700035831,0017-04-03 20:10:00,17,4,3,20,10,760,351,"39, ARMAND BARBES",49.49935,0.15039,Plein jour,En agglomération,Hors intersection,Normale,Deux véhicules - frontale,,,,,,,,,,,1,2,1,1.0,1.0
201700035832,0017-04-06 14:00:00,17,4,6,14,0,760,351,rue  MASSILLON,49.49899,0.14326,Plein jour,En agglomération,Intersection en X,Normale,Deux véhicules - côté,,,,,,,,,,,1,2,2,1.0,3.0
201700035833,0017-04-08 13:00:00,17,4,8,13,0,760,351,"32, JULES DURAND (BD)",49.48891,0.15247,Plein jour,En agglomération,Hors intersection,Normale,Deux véhicules - frontale,,,,,,,,,,,1,2,1,1.0,1.0
201700035834,0017-04-08 01:05:00,17,4,8,1,5,760,351,43 ANDRE VIMBERT,49.3117,0.96367,Nuit avec éclairage allumé,En agglomération,Intersection en X,Normale,Deux véhicules - côté,,,,,,,,,,,5,2,2,1.0,3.0
201700035835,0017-04-11 09:45:00,17,4,11,9,45,760,351,"0, ANDREI SAKHAROV (RUE)",49.50483,0.1721,Plein jour,En agglomération,Intersection en T,Normale,Trois véhicules et plus - en chaîne,,,,,,,,,,,1,2,3,1.0,4.0
201700035836,0017-04-06 18:50:00,17,4,6,18,50,760,351,"69, GENERAL FAIDHERBE",49.48739,0.11377,Plein jour,En agglomération,Giratoire,Normale,Autre collision,,,,,,,,,,,1,2,6,1.0,6.0
201700035837,0017-04-16 15:25:00,17,4,16,15,25,760,351,"96, EUGENE MOPIN (RUE)",49.52025,0.1592,Plein jour,En agglomération,Hors intersection,Normale,Sans collision,,,,,,,,,,,1,2,1,1.0,7.0
201700035838,0017-04-16 10:10:00,17,4,16,10,10,760,351,"Nant, MARC BLOCH",49.51985,0.11929,Plein jour,En agglomération,Intersection en X,Normale,Deux véhicules - côté,,,,,,,,,,,1,2,2,1.0,3.0
201700035839,0017-04-12 14:45:00,17,4,12,14,45,760,351,"3, AMIRAL DU CHILLOU",49.47634,0.17533,Plein jour,Hors agglomération,Hors intersection,Normale,Trois véhicules et plus - collisions multiples,,,,,,,,,,,1,1,1,1.0,5.0
201700035840,0017-04-18 11:40:00,17,4,18,11,40,760,351,6 TOURVILLE (DE),49.49832,0.12301,Plein jour,En agglomération,Intersection en X,Normale,Deux véhicules - côté,,,,,,,,,,,1,2,2,1.0,3.0
201700035841,0017-04-16 19:15:00,17,4,16,19,15,760,351,"NEANT, COLBERT (QUAI)",49.49299,0.13038,Plein jour,En agglomération,Hors intersection,Normale,Autre collision,,,,,,,,,,,1,2,1,1.0,6.0
201700035842,0017-04-18 18:20:00,17,4,18,18,20,760,296,"182, LIBERATION (RUE DE",49.51837,0.26546,Plein jour,En agglomération,Hors intersection,Normale,Autre collision,,,,,,,,,,,1,2,1,1.0,6.0
201700035843,0017-04-18 21:49:00,17,4,18,21,49,760,351,"29, CASIMIR PERIER",49.49536,0.1108,Nuit avec éclairage allumé,En agglomération,Hors intersection,Normale,Deux véhicules - arrière,,,,,,,,,,,5,2,1,1.0,2.0
201700035844,0017-04-20 08:20:00,17,4,20,8,20,760,351,"neant, ESTUAIRE (ROUTE D",49.46093,0.18548,Plein jour,Hors agglomération,Hors intersection,Normale,Autre collision,,,,,,,,,,,1,1,1,1.0,6.0
201700035845,0017-03-06 17:40:00,17,3,6,17,40,760,351,AV JEAN JAURES,49.49874,0.15072,Plein jour,En agglomération,Intersection en T,Normale,Deux véhicules - arrière,,,,,,,,,,,1,2,3,1.0,2.0
201700035846,0017-04-21 06:50:00,17,4,21,6,50,760,351,54 RUE PIERRE LOTI,49.50706,0.14862,Plein jour,Hors agglomération,Intersection en X,Normale,Deux véhicules - côté,,,,,,,,,,,1,1,2,1.0,3.0
201700035847,0017-04-21 15:20:00,17,4,21,15,20,760,351,"40, PAUL PAINLEVE",49.51222,0.11031,Plein jour,En agglomération,Intersection en X,Normale,Deux véhicules - côté,,,,,,,,,,,1,2,2,1.0,3.0
201700035848,0017-04-21 18:35:00,17,4,21,18,35,760,351,GEORGES LAFAURIE (RUE),49.49913,0.10755,Plein jour,En agglomération,Hors intersection,Normale,Autre collision,,,,,,,,,,,1,2,1,1.0,6.0
201700035849,0017-04-28 20:45:00,17,4,28,20,45,760,351,"31, CLEMENT MARICAL",49.50152,0.09674,Plein jour,En agglomération,Hors intersection,Normale,Autre collision,,,,,,,,,,,1,2,1,1.0,6.0
201700035850,0017-05-12 16:05:00,17,5,12,16,5,760,351,62 AMIRAL MOUCHEZ (BD),49.4863,0.14053,Plein jour,En agglomération,Intersection en X,Normale,Autre collision,,,,,,,,,,,1,2,2,1.0,6.0
201700035851,0017-05-07 17:50:00,17,5,7,17,50,760,305,437 ROUTE INDUSTRIELLE,49.48776,0.20102,Plein jour,Hors agglomération,Hors intersection,Normale,Autre collision,,,,,,,,,,,1,1,1,1.0,6.0
201700035852,0017-05-17 10:05:00,17,5,17,10,5,760,351,126 COURS DE REPUBLIQUE,49.4982,0.12897,Plein jour,En agglomération,Hors intersection,Normale,Autre collision,,,,,,,,,,,1,2,1,1.0,6.0
201700035853,0017-05-17 12:55:00,17,5,17,12,55,760,351,447 IRENE JOLIOT CURI,49.52673,0.10392,Plein jour,En agglomération,Intersection en T,Normale,Deux véhicules - côté,,,,,,,,,,,1,2,3,1.0,3.0
201700035854,0017-05-17 05:40:00,17,5,17,5,40,760,351,"NEANT, SEIZIEME PORT (AV",49.48328,0.16573,Plein jour,Hors agglomération,Giratoire,Normale,Deux véhicules - arrière,,,,,,,,,,,1,1,6,1.0,2.0
201700035855,0017-05-18 23:15:00,17,5,18,23,15,760,351,"néant, MARCEAU (RUE)",49.49029,0.13368,Nuit avec éclairage allumé,En agglomération,Giratoire,Normale,Autre collision,,,,,,,,,,,5,2,6,1.0,6.0
201700035856,0017-05-20 15:25:00,17,5,20,15,25,760,447,"01, RD 6382",49.52393,0.18367,Plein jour,Hors agglomération,Hors intersection,Normale,Autre collision,,,,,,,,,,,1,1,1,1.0,6.0
201700035857,0017-05-19 17:48:00,17,5,19,17,48,760,270,"NEANT, RD 6382",49.5308,0.12509,Plein jour,Hors agglomération,Hors intersection,Pluie légère,Autre collision,,,,,,,,,,,1,1,1,2.0,6.0
201700035858,0017-05-20 20:30:00,17,5,20,20,30,760,305,"19, ORCHER",49.50357,0.21315,Plein jour,En agglomération,Hors intersection,Normale,Autre collision,,,,,,,,,,,1,2,1,1.0,6.0
201700035859,0017-05-22 21:35:00,17,5,22,21,35,760,351,"NEANT, JEAN BAPTISTE EYR",49.49753,0.11557,Crépuscule ou aube,En agglomération,Intersection en X,Normale,Deux véhicules - côté,,,,,,,,,,,2,2,2,1.0,3.0
201700035860,0017-05-29 13:50:00,17,5,29,13,50,760,351,RUE RAOUL ANCEL,49.50865,0.16113,Plein jour,En agglomération,Intersection en X,Normale,Deux véhicules - côté,,,,,,,,,,,1,2,2,1.0,3.0
201700035861,0017-05-29 22:30:00,17,5,29,22,30,760,481,8 ASSELIN DE VILLEQUIER,49.55605,0.1191,Nuit avec éclairage allumé,En agglomération,Hors intersection,Pluie légère,Sans collision,,,,,,,,,,,5,2,1,2.0,7.0
201700035862,0017-05-30 11:15:00,17,5,30,11,15,760,481,CHEMIN DU FOND VALLEES,49.55479,0.13435,Plein jour,Hors agglomération,Giratoire,Normale,Autre collision,,,,,,,,,,,1,1,6,1.0,6.0
201700035863,0017-05-26 16:10:00,17,5,26,16,10,760,351,"35, TROUVILLE (DE)",49.50771,0.17342,Plein jour,En agglomération,Intersection en X,Normale,Deux véhicules - côté,,,,,,,,,,,1,2,2,1.0,3.0
201700035864,0017-06-02 17:35:00,17,6,2,17,35,760,351,315 BD GRAVILLE,49.49821,0.14823,Plein jour,En agglomération,Intersection en X,Normale,Deux véhicules - arrière,,,,,,,,,,,1,2,2,1.0,2.0
201700035865,0017-06-07 17:15:00,17,6,7,17,15,760,351,40 RUE HENRI IV,49.50236,0.13465,Plein jour,En agglomération,Intersection en Y,Normale,Deux véhicules - frontale,,,,,,,,,,,1,2,4,1.0,1.0
201700035866,0017-06-08 12:20:00,17,6,8,12,20,760,351,"0, PIERRE MENDES FRANCE",49.50895,0.13896,Plein jour,En agglomération,Intersection en T,Normale,Deux véhicules - côté,,,,,,,,,,,1,2,3,1.0,3.0
201700035867,0017-06-09 11:10:00,17,6,9,11,10,760,305,6 AV Jacques EBERHARD,49.50449,0.23386,Plein jour,En agglomération,Hors intersection,Normale,Autre collision,,,,,,,,,,,1,2,1,1.0,6.0
201700035868,0017-06-07 11:50:00,17,6,7,11,50,760,351,96 RUE DES ACACIAS,49.50837,0.13908,Plein jour,En agglomération,Hors intersection,Normale,Autre collision,,,,,,,,,,,1,2,1,1.0,6.0
201700035869,0017-06-12 23:20:00,17,6,12,23,20,760,351,"8, ALPHONSE MARTIN",49.49862,0.10674,Nuit avec éclairage allumé,En agglomération,Intersection en X,Normale,Sans collision,,,,,,,,,,,5,2,2,1.0,7.0
201700035870,0017-06-13 16:15:00,17,6,13,16,15,760,351,"162, MARECHAL JOFFRE (RU",49.49997,0.12811,Plein jour,En agglomération,Hors intersection,Normale,Autre collision,,,,,,,,,,,1,2,1,1.0,6.0
201700035871,0017-06-11 15:50:00,17,6,11,15,50,760,351,RUE BIGNE A FOSSE,49.52907,0.11437,Plein jour,En agglomération,Hors intersection,Normale,Autre collision,,,,,,,,,,,1,2,1,1.0,6.0
201700035872,0017-06-07 12:50:00,17,6,7,12,50,760,351,342 RUE DE VERDUN,49.50242,0.17266,Plein jour,En agglomération,Intersection en X,Normale,Autre collision,,,,,,,,,,,1,2,2,1.0,6.0
201700035873,0017-06-14 01:20:00,17,6,14,1,20,760,351,"60, GENERAL SARRAIL",49.49585,0.11902,Nuit avec éclairage allumé,En agglomération,Intersection en X,Normale,Deux véhicules - côté,,,,,,,,,,,5,2,2,1.0,3.0
201700035874,0017-06-26 02:10:00,17,6,26,2,10,760,341,rd pt la breque,49.5034,0.19259,Nuit avec éclairage allumé,Hors agglomération,Giratoire,Normale,Autre collision,,,,,,,,,,,5,1,6,1.0,6.0
201700035875,0017-07-02 21:30:00,17,7,2,21,30,760,351,162 rueFLORIMOND LAURENT,49.5198,0.11929,Plein jour,En agglomération,Intersection en X,Normale,Deux véhicules - côté,,,,,,,,,,,1,2,2,1.0,3.0
201700035876,0017-07-03 20:40:00,17,7,3,20,40,760,351,"NEANT, VALLEE (RUE DE LA",49.49857,0.1623,Plein jour,En agglomération,Intersection en Y,Normale,Autre collision,,,,,,,,,,,1,2,4,1.0,6.0
201700035877,0017-07-02 05:15:00,17,7,2,5,15,760,351,"313, EDOUARD VAILLANT",49.51112,0.18368,Nuit avec éclairage allumé,En agglomération,Hors intersection,Pluie forte,Autre collision,,,,,,,,,,,5,2,1,3.0,6.0
201700035878,0017-07-04 19:05:00,17,7,4,19,5,760,447,"12, VICTOIRE (DE LA)",49.54236,0.18286,Plein jour,En agglomération,Hors intersection,Normale,Autre collision,,,,,,,,,,,1,2,1,1.0,6.0
201700035879,0017-07-05 22:05:00,17,7,5,22,5,760,351,236 RUE  LOUIS LUMIERE,49.52434,0.12317,Plein jour,En agglomération,Intersection en X,Normale,Deux véhicules - côté,,,,,,,,,,,1,2,2,1.0,3.0
201700035880,0017-07-07 14:00:00,17,7,7,14,0,760,481,"6, MARTYRS (RUE DES)",49.5152,0.10572,Plein jour,En agglomération,Hors intersection,Normale,Sans collision,,,,,,,,,,,1,2,1,1.0,7.0
201700035881,0017-07-08 20:15:00,17,7,8,20,15,760,447,"0, RD 489",49.54172,0.18775,Plein jour,Hors agglomération,Intersection en Y,Normale,Sans collision,,,,,,,,,,,1,1,4,1.0,7.0
201700035882,0017-07-09 10:55:00,17,7,9,10,55,760,552,"0, ALBERT DUBOSC",49.30268,0.5088,Plein jour,En agglomération,Intersection en Y,Normale,Deux véhicules - frontale,,,,,,,,,,,1,2,4,1.0,1.0
201700035883,0017-07-08 21:45:00,17,7,8,21,45,760,481,CHEMIN DEPARTEMENTAL,49.55233,0.11147,Plein jour,Hors agglomération,Intersection en X,Normale,Trois véhicules et plus - collisions multiples,,,,,,,,,,,1,1,2,1.0,5.0
201700035884,0017-07-12 08:45:00,17,7,12,8,45,760,351,"NEANT, LENINGRAD (BD DE)",49.5,0.17029,Plein jour,En agglomération,Hors intersection,Pluie légère,Autre collision,,,,,,,,,,,1,2,1,2.0,6.0
201700035885,0017-07-14 19:05:00,17,7,14,19,5,760,305,"26, OUDALLE (ROUTE)",49.50344,0.20572,Plein jour,En agglomération,Intersection en T,Normale,Deux véhicules - frontale,,,,,,,,,,,1,2,3,1.0,1.0
201700035886,0017-07-16 18:45:00,17,7,16,18,45,760,351,"77, RENE COTY",49.49795,0.11463,Plein jour,En agglomération,Hors intersection,Normale,Autre collision,,,,,,,,,,,1,2,1,1.0,6.0
201700035887,0017-07-17 14:00:00,17,7,17,14,0,760,341,56 marechal lattre tassi,49.51571,0.20399,Plein jour,En agglomération,Hors intersection,Normale,Autre collision,,,,,,,,,,,1,2,1,1.0,6.0
201700035888,0017-07-19 17:40:00,17,7,19,17,40,760,351,255 ARISTIDE BRIAND,49.50015,0.1346,Plein jour,En agglomération,Intersection en T,Normale,Deux véhicules - arrière,,,,,,,,,,,1,2,3,1.0,2.0
201700035889,0017-07-22 10:58:00,17,7,22,10,58,760,351,"2, HOTEL DE VILLE (PLACE",49.49406,0.10954,Plein jour,En agglomération,Intersection en T,Normale,Deux véhicules - côté,,,,,,,,,,,1,2,3,1.0,3.0
201700035890,0017-07-23 00:45:00,17,7,23,0,45,760,351,46 rue  ALEXANDRE,49.50808,0.10369,Nuit avec éclairage allumé,En agglomération,Intersection en X,Pluie légère,Autre collision,,,,,,,,,,,5,2,2,2.0,6.0
201700035891,0017-07-23 16:05:00,17,7,23,16,5,760,351,"48, AMIRAL MOUCHEZ (BD)",49.48584,0.13857,Plein jour,En agglomération,Hors intersection,Normale,Deux véhicules - arrière,,,,,,,,,,,1,2,1,1.0,2.0
201700035892,0017-07-22 18:00:00,17,7,22,18,0,760,351,46 RUE DE CRONSTADT,49.5045,0.11682,Plein jour,En agglomération,Intersection en Y,Normale,Deux véhicules - côté,,,,,,,,,,,1,2,4,1.0,3.0
201700035893,0017-07-28 17:20:00,17,7,28,17,20,760,447,"52, MARECHAL FOCH",49.53994,0.18682,Plein jour,En agglomération,Intersection en Y,Normale,Deux véhicules - côté,,,,,,,,,,,1,2,4,1.0,3.0
201700035894,0017-07-28 20:40:00,17,7,28,20,40,760,351,85 rue  COCHET,49.50458,0.09991,Plein jour,En agglomération,Hors intersection,Normale,Deux véhicules - côté,,,,,,,,,,,1,2,1,1.0,3.0
201700035895,0017-08-02 12:20:00,17,8,2,12,20,760,351,138 rue des sports,49.52097,0.12975,Plein jour,En agglomération,Intersection en X,Pluie légère,Deux véhicules - arrière,,,,,,,,,,,1,2,2,2.0,2.0
201700035896,0017-08-03 18:20:00,17,8,3,18,20,760,447,23 AV PIERRE MENDES FRAN,49.52806,0.18238,Plein jour,En agglomération,Hors intersection,Normale,Deux véhicules - côté,,,,,,,,,,,1,2,1,1.0,3.0