accident_id,datetime,annee,mois,jour,heure,minute,departement,commune_insee,adresse,latitude,longitude,luminosite,agglomeration,intersection,meteo,collision,nb_vehicules,nb_usagers,nb_indemnes,nb_tues,nb_blesses_hosp,nb_blesses_legers,age_cond_1,age_cond_2,veh_type_cond_1,veh_type_cond_2,lum_code,agg_code,int_code,atm_code,col_code
201700035897,0017-08-02 17:55:00,17,8,2,17,55,760,296,"161, LIBERATION (RUE DE",49.51833,0.26241,Plein jour,En agglomération,Hors intersection,Normale,Deux véhicules - frontale,,,,,,,,,,,1,2,1,1.0,1.0
201700035898,0017-07-31 20:50:00,17,7,31,20,50,760,351,TERMINAL DE FRANCE PORT,49.4621,0.16508,Crépuscule ou aube,Hors agglomération,Hors intersection,Normale,Autre collision,,,,,,,,,,,2,1,1,1.0,6.0
201700035899,0017-08-04 07:30:00,17,8,4,7,30,760,351,39 RUE PRESIDENT WILSON,49.49557,0.10072,Plein jour,En agglomération,Hors intersection,Pluie légère,Sans collision,,,,,,,,,,,1,2,1,2.0,7.0
201700035900,0017-06-06 10:20:00,17,6,6,10,20,760,351,"NEANT, LENINGRAD (BD DE)",49.49711,0.15084,Plein jour,En agglomération,Hors intersection,Normale,Trois véhicules et plus - en chaîne,,,,,,,,,,,1,2,1,1.0,4.0
201700035901,0017-08-04 22:50:00,17,8,4,22,50,760,351,"80, SOCRATE",49.51484,0.15694,Nuit avec éclairage allumé,En agglomération,Hors intersection,Normale,Autre collision,,,,,,,,,,,5,2,1,1.0,6.0
201700035902,0017-08-11 11:15:00,17,8,11,11,15,760,351,"NEANT, JULES VALLES",49.51384,0.17598,Plein jour,En agglomération,Intersection en X,Normale,Deux véhicules - côté,,,,,,,,,,,1,2,2,1.0,3.0
201700035903,0017-08-16 15:10:00,17,8,16,15,10,760,351,RUE RENE BAZILLE,49.50532,0.11816,Plein jour,En agglomération,Intersection en T,Normale,Deux véhicules - côté,,,,,,,,,,,1,2,3,1.0,3.0
201700035904,0017-08-17 22:30:00,17,8,17,22,30,760,351,"173, ROMAIN ROLLAND (RUE",49.50631,0.11353,Nuit avec éclairage allumé,En agglomération,Intersection en T,Normale,Autre collision,,,,,,,,,,,5,2,3,1.0,6.0
201700035905,0017-08-27 17:30:00,17,8,27,17,30,760,351,69 rue PIERRE FARCIS,49.51642,0.1011,Plein jour,En agglomération,Hors intersection,Normale,Autre collision,,,,,,,,,,,1,2,1,1.0,6.0
201700035906,0017-08-26 04:10:00,17,8,26,4,10,760,351,RUE  ANDREI SAKHAROV,49.5048,0.16874,Nuit avec éclairage allumé,En agglomération,Intersection en X,Normale,Deux véhicules - côté,,,,,,,,,,,5,2,2,1.0,3.0
201700035907,0017-08-28 17:25:00,17,8,28,17,25,760,351,"36, ALBERT 1ER",49.4965,0.09329,Plein jour,En agglomération,Hors intersection,Normale,Autre collision,,,,,,,,,,,1,2,1,1.0,6.0
201700035908,0017-08-30 21:20:00,17,8,30,21,20,760,305,COTE ESTUAIRE,49.4991,0.23219,Nuit avec éclairage allumé,Hors agglomération,Hors intersection,Pluie légère,Sans collision,,,,,,,,,,,5,1,1,2.0,7.0
201700035909,0017-08-31 18:10:00,17,8,31,18,10,760,351,"365, JEAN JAURES (AVENUE",49.5007,0.17544,Plein jour,En agglomération,Hors intersection,Normale,Autre collision,,,,,,,,,,,1,2,1,1.0,6.0
201700035910,0017-09-01 17:54:00,17,9,1,17,54,760,305,58  RD 6015,49.51625,0.23991,Plein jour,Hors agglomération,Hors intersection,Normale,Deux véhicules - arrière,,,,,,,,,,,1,1,1,1.0,2.0
201700035911,0017-09-04 07:25:00,17,9,4,7,25,760,351,29 RUE HENRI DUNANT,49.52205,0.12912,Nuit avec éclairage allumé,En agglomération,Hors intersection,Pluie légère,Autre collision,,,,,,,,,,,5,2,1,2.0,6.0
201700035912,0017-09-07 18:30:00,17,9,7,18,30,760,447,RUE JEAN JAURES,49.54417,0.1957,Plein jour,En agglomération,Intersection en X,Normale,Autre collision,,,,,,,,,,,1,2,2,1.0,6.0
201700035913,0017-09-09 20:05:00,17,9,9,20,5,760,351,"NEANT, JULES LECESNE (RU",49.49301,0.12148,Nuit avec éclairage allumé,En agglomération,Intersection en X,Pluie légère,Deux véhicules - côté,,,,,,,,,,,5,2,2,2.0,3.0
201700035914,0017-09-10 04:45:00,17,9,10,4,45,760,351,BLD DE LENINGRAD,49.50088,0.18418,Nuit avec éclairage allumé,Hors agglomération,Intersection en Y,Normale,Deux véhicules - frontale,,,,,,,,,,,5,1,4,1.0,1.0
201700035915,0017-09-14 22:50:00,17,9,14,22,50,760,351,PLACE HOTEL DE VILLE,49.49231,0.10777,Nuit avec éclairage allumé,En agglomération,Intersection en T,Pluie légère,Autre collision,,,,,,,,,,,5,2,3,2.0,6.0
201700035916,0017-09-13 17:40:00,17,9,13,17,40,760,351,141 R MARECHAL JOFFRE,49.49997,0.1277,Plein jour,En agglomération,Intersection en T,Pluie légère,Deux véhicules - côté,,,,,,,,,,,1,2,3,2.0,3.0
201700035917,0017-09-18 08:35:00,17,9,18,8,35,760,351,42 rue  AUGUSTE RISPAL,49.49272,0.14132,Plein jour,En agglomération,Hors intersection,Normale,Autre collision,,,,,,,,,,,1,2,1,1.0,6.0
201700035918,0017-09-21 22:05:00,17,9,21,22,5,760,351,RUE MARECHAL JOFFRE,49.50005,0.13084,Nuit avec éclairage allumé,En agglomération,Intersection en T,Pluie légère,Deux véhicules - côté,,,,,,,,,,,5,2,3,2.0,3.0
201700035919,0017-09-22 12:40:00,17,9,22,12,40,760,351,201 CHAUSSEE AMIRAL BONN,49.47625,0.17008,Plein jour,Hors agglomération,Hors intersection,Normale,Autre collision,,,,,,,,,,,1,1,1,1.0,6.0
201700035920,0017-09-24 15:45:00,17,9,24,15,45,760,351,"42 bis, MONT LE COMTE (A",49.51044,0.18155,Plein jour,Hors agglomération,Hors intersection,Normale,Deux véhicules - côté,,,,,,,,,,,1,1,1,1.0,3.0
201700035921,0017-09-23 16:00:00,17,9,23,16,0,760,351,"0, REPUBLIQUE (COURS DE",49.49994,0.12998,Plein jour,En agglomération,Intersection en X,Normale,Deux véhicules - côté,,,,,,,,,,,1,2,2,1.0,3.0
201700035922,0017-09-23 00:15:00,17,9,23,0,15,760,351,"22, HUIT MAI 1945 (AVENU",49.51467,0.16508,Nuit avec éclairage allumé,En agglomération,Hors intersection,Normale,Autre collision,,,,,,,,,,,5,2,1,1.0,6.0
201700035923,0017-09-09 12:35:00,17,9,9,12,35,760,351,339 AV  DU BOIS AU COQ,49.51571,0.12056,Plein jour,En agglomération,Intersection en X,Normale,Deux véhicules - côté,,,,,,,,,,,1,2,2,1.0,3.0
201700035924,0017-09-28 12:00:00,17,9,28,12,0,760,351,RD 6382,49.53169,0.10357,Plein jour,En agglomération,Giratoire,Normale,Sans collision,,,,,,,,,,,1,2,6,1.0,7.0
201700035925,0017-09-27 13:30:00,17,9,27,13,30,760,351,71 RUE DEMIDOFF,49.49746,0.13282,Plein jour,En agglomération,Intersection en X,Normale,Autre collision,,,,,,,,,,,1,2,2,1.0,6.0
201700035926,0017-09-25 18:00:00,17,9,25,18,0,760,351,4 RUE GUSTAVE BRINDEAU,49.48744,0.14525,Plein jour,En agglomération,Intersection en X,Normale,Autre collision,,,,,,,,,,,1,2,2,1.0,6.0
201700035927,0017-10-03 16:04:00,17,10,3,16,4,760,552,03 rue  EDITH CAVELL,49.508,0.08373,Plein jour,En agglomération,Hors intersection,Normale,Deux véhicules - côté,,,,,,,,,,,1,2,1,1.0,3.0
201700035928,0017-10-03 17:40:00,17,10,3,17,40,760,481,"NEANT, RD 6382",49.53282,0.11308,Plein jour,Hors agglomération,Hors intersection,Normale,Sans collision,,,,,,,,,,,1,1,1,1.0,7.0
201700035929,0017-10-04 16:15:00,17,10,4,16,15,760,351,"119, DEMIDOFF (RUE)",49.49764,0.13615,Plein jour,En agglomération,Intersection en X,Normale,Trois véhicules et plus - collisions multiples,,,,,,,,,,,1,2,2,1.0,5.0
201700035930,0017-09-28 12:20:00,17,9,28,12,20,760,351,"NEANT, GRAVILLE (BD DE)",49.49946,0.14637,Plein jour,En agglomération,Intersection en T,Normale,Autre collision,,,,,,,,,,,1,2,3,1.0,6.0
201700035931,0017-10-04 15:35:00,17,10,4,15,35,760,305,60 ROUTE D ORCHER,49.50316,0.22981,Plein jour,En agglomération,Giratoire,Normale,Autre collision,,,,,,,,,,,1,2,6,1.0,6.0
201700035932,0017-10-04 20:10:00,17,10,4,20,10,760,351,"03, JULES LECESNE (RUE)",49.49416,0.10981,Nuit avec éclairage allumé,En agglomération,Hors intersection,Normale,Deux véhicules - côté,,,,,,,,,,,5,2,1,1.0,3.0
201700035933,0017-10-01 15:13:00,17,10,1,15,13,760,351,rue  ETIENNE DOLET,49.52316,0.12978,Plein jour,En agglomération,Hors intersection,Normale,Sans collision,,,,,,,,,,,1,2,1,1.0,7.0
201700035934,0017-10-05 14:35:00,17,10,5,14,35,760,447,128 AV MARECHAL FOCH,49.5322,0.18933,Plein jour,En agglomération,Hors intersection,Pluie légère,Sans collision,,,,,,,,,,,1,2,1,2.0,7.0
201700035935,0017-10-08 15:10:00,17,10,8,15,10,760,481,"nant, RD 940",49.53853,0.10015,Plein jour,Hors agglomération,Intersection en T,Normale,Deux véhicules - côté,,,,,,,,,,,1,1,3,1.0,3.0
201700035936,0017-10-11 16:05:00,17,10,11,16,5,760,351,94 avVAL AUX CORNEILLES,49.50922,0.14913,Plein jour,En agglomération,Hors intersection,Normale,Autre collision,,,,,,,,,,,1,2,1,1.0,6.0
201700035937,0017-10-11 19:05:00,17,10,11,19,5,760,351,"nant, TOURVILLE (DE)",49.49833,0.12296,Crépuscule ou aube,En agglomération,Intersection en X,Normale,Trois véhicules et plus - collisions multiples,,,,,,,,,,,2,2,2,1.0,5.0
201700035938,0017-10-13 15:55:00,17,10,13,15,55,760,351,rue  LOUIS LUMIERE,49.53005,0.14301,Plein jour,Hors agglomération,Giratoire,Normale,Deux véhicules - arrière,,,,,,,,,,,1,1,6,1.0,2.0
201700035939,0017-10-16 05:50:00,17,10,16,5,50,760,351,239 bd de  GRAVILLE,49.49406,0.14771,Nuit avec éclairage allumé,En agglomération,Hors intersection,Normale,Sans collision,,,,,,,,,,,5,2,1,1.0,7.0
201700035940,0017-10-21 17:05:00,17,10,21,17,5,760,351,444 AV DU BOIS AU COQ,49.51851,0.11687,Plein jour,En agglomération,Intersection en X,Normale,Autre collision,,,,,,,,,,,1,2,2,1.0,6.0
201700035941,0017-10-23 19:30:00,17,10,23,19,30,760,351,RUE AMIRAL COURBET,49.4852,0.13121,Nuit avec éclairage allumé,En agglomération,Intersection en X,Normale,Deux véhicules - côté,,,,,,,,,,,5,2,2,1.0,3.0
201700035942,0017-10-24 08:00:00,17,10,24,8,0,760,351,"nant, HENRI WALLON (ALL",49.52086,0.11783,Crépuscule ou aube,En agglomération,Intersection en X,Pluie légère,Sans collision,,,,,,,,,,,2,2,2,2.0,7.0
201700035943,0017-10-17 07:50:00,17,10,17,7,50,760,447,2 RT FONTAINE MALLET,49.54227,0.16692,Nuit sans éclairage public,En agglomération,Intersection en T,Normale,Deux véhicules - côté,,,,,,,,,,,3,2,3,1.0,3.0
201700035944,0017-10-31 19:10:00,17,10,31,19,10,760,296,116 RUE LIBERATION,49.51814,0.26078,Nuit avec éclairage allumé,En agglomération,Hors intersection,Normale,Trois véhicules et plus - collisions multiples,,,,,,,,,,,5,2,1,1.0,5.0
201700035945,0017-10-15 05:30:00,17,10,15,5,30,760,351,"18, EUGENE MOPIN (RUE)",49.51722,0.15695,Nuit avec éclairage allumé,En agglomération,Intersection en X,Normale,Deux véhicules - arrière,,,,,,,,,,,5,2,2,1.0,2.0
201700035946,0017-10-29 06:00:00,17,10,29,6,0,760,552,47 RUE  JEAN BART,49.51658,0.06914,Nuit avec éclairage allumé,En agglomération,Hors intersection,Normale,Autre collision,,,,,,,,,,,5,2,1,1.0,6.0
201700035947,0017-11-02 11:15:00,17,11,2,11,15,760,351,21 RUE PAUL DOUMER,49.49258,0.10109,Plein jour,En agglomération,Hors intersection,Normale,Autre collision,,,,,,,,,,,1,2,1,1.0,6.0
201700035948,0017-10-30 07:40:00,17,10,30,7,40,760,351,"44, FLORIMOND LAURENT (R",49.51559,0.11266,Plein jour,En agglomération,Intersection en T,Normale,Deux véhicules - arrière,,,,,,,,,,,1,2,3,1.0,2.0
201700035949,0017-11-08 07:15:00,17,11,8,7,15,760,351,AV GENERAL FERRIE APLEMO,49.50772,0.17492,Nuit avec éclairage allumé,En agglomération,Hors intersection,Pluie légère,Autre collision,,,,,,,,,,,5,2,1,2.0,6.0
201700035950,0017-11-05 09:45:00,17,11,5,9,45,760,351,"112, GUSTAVE BRINDEAU (R",49.49243,0.13969,Plein jour,En agglomération,Intersection en X,Pluie légère,Deux véhicules - côté,,,,,,,,,,,1,2,2,2.0,3.0
201700035951,0017-11-13 09:00:00,17,11,13,9,0,760,351,59 RUE DE  VERDUN,49.50141,0.15006,Plein jour,En agglomération,Intersection en X,Normale,Deux véhicules - côté,,,,,,,,,,,1,2,2,1.0,3.0
201700035952,0017-11-11 02:15:00,17,11,11,2,15,760,351,RD 6382,49.52546,0.15895,Nuit avec éclairage allumé,Hors agglomération,Hors intersection,Pluie forte,Deux véhicules - arrière,,,,,,,,,,,5,1,1,3.0,2.0
201700035953,0017-11-03 18:45:00,17,11,3,18,45,760,351,27 QUAI FRISSARD,49.48907,0.12244,Nuit avec éclairage allumé,En agglomération,Hors intersection,Normale,Trois véhicules et plus - en chaîne,,,,,,,,,,,5,2,1,1.0,4.0
201700035954,0017-11-10 10:45:00,17,11,10,10,45,760,351,2 RUE  CASIMIR PERIER,49.49397,0.11165,Plein jour,En agglomération,Intersection en X,Pluie légère,Autre collision,,,,,,,,,,,1,2,2,2.0,6.0
201700035955,0017-11-10 14:35:00,17,11,10,14,35,760,351,"173, VERDUN (RUE DE)",49.30866,0.94083,Plein jour,En agglomération,Hors intersection,Normale,Sans collision,,,,,,,,,,,1,2,1,1.0,7.0
201700035956,0017-11-16 08:30:00,17,11,16,8,30,760,351,21 RUE HANNES MONTLAIRY,49.51743,0.10302,Plein jour,En agglomération,Intersection en T,Normale,Autre collision,,,,,,,,,,,1,2,3,1.0,6.0
201700035957,0017-11-15 18:30:00,17,11,15,18,30,760,351,100 RUE DU 329 EME,49.50386,0.12572,Nuit avec éclairage allumé,Hors agglomération,Intersection en T,Normale,Deux véhicules - côté,,,,,,,,,,,5,1,3,1.0,3.0
201700035958,0017-11-16 12:25:00,17,11,16,12,25,760,351,RUE DE VERDUN,49.50201,0.1848,Plein jour,En agglomération,Hors intersection,Normale,Sans collision,,,,,,,,,,,1,2,1,1.0,7.0
201700035959,0017-11-19 10:15:00,17,11,19,10,15,760,351,RD 6382,49.53145,0.10848,Plein jour,Hors agglomération,Giratoire,Normale,Sans collision,,,,,,,,,,,1,1,6,1.0,7.0
201700035960,0017-11-17 14:00:00,17,11,17,14,0,760,351,30 RUE DEMIDOFF,49.49742,0.13263,Plein jour,En agglomération,Intersection en X,Normale,Autre collision,,,,,,,,,,,1,2,2,1.0,6.0
201700035961,0017-11-20 11:05:00,17,11,20,11,5,760,351,RD 6382,49.52463,0.17324,Plein jour,Hors agglomération,Hors intersection,Normale,Autre collision,,,,,,,,,,,1,1,1,1.0,6.0
201700035962,0017-11-20 18:20:00,17,11,20,18,20,760,351,76 BD WINSTON CHURCHILL,49.49601,0.1469,Nuit avec éclairage allumé,En agglomération,Intersection en X,Normale,Deux véhicules - côté,,,,,,,,,,,5,2,2,1.0,3.0
201700035963,0017-11-22 10:10:00,17,11,22,10,10,760,351,29 RUE  MARECHAL JOFFRE,49.49899,0.11999,Plein jour,En agglomération,Intersection en T,Normale,Autre collision,,,,,,,,,,,1,2,3,1.0,6.0
201700035964,0017-11-07 12:20:00,17,11,7,12,20,760,351,"75, FREDERIC BELLENGER",49.49552,0.09875,Plein jour,En agglomération,Intersection en T,Normale,Deux véhicules - arrière,,,,,,,,,,,1,2,3,1.0,2.0
201700035965,0017-11-03 20:50:00,17,11,3,20,50,760,351,"444, BOIS AU COQ (AVENUE",49.51857,0.11666,Nuit avec éclairage allumé,En agglomération,Intersection en X,Pluie légère,Autre collision,,,,,,,,,,,5,2,2,2.0,6.0
201700035966,0017-11-22 17:34:00,17,11,22,17,34,760,351,"nant, GRAVILLE (BD DE)",49.49247,0.14845,Nuit avec éclairage allumé,En agglomération,Intersection en X,Normale,Deux véhicules - côté,,,,,,,,,,,5,2,2,1.0,3.0
201700035967,0017-11-24 08:14:00,17,11,24,8,14,760,351,AV BOIS AU COQ,49.51864,0.11658,Crépuscule ou aube,En agglomération,Hors intersection,Normale,Sans collision,,,,,,,,,,,2,2,1,1.0,7.0
201700035968,0017-11-24 16:00:00,17,11,24,16,0,760,351,197 RUE LOUIS BLERIOT,49.31345,0.52682,Plein jour,En agglomération,Giratoire,Normale,Deux véhicules - frontale,,,,,,,,,,,1,2,6,1.0,1.0
201700035969,0017-11-26 01:10:00,17,11,26,1,10,760,481,"nant, RD 6382",49.53171,0.10325,Nuit avec éclairage allumé,En agglomération,Giratoire,Pluie légère,Deux véhicules - arrière,,,,,,,,,,,5,2,6,2.0,2.0
201700035970,0017-11-24 17:50:00,17,11,24,17,50,760,351,"13, JACQUES BREL (RUE)",49.52345,0.11347,Nuit avec éclairage allumé,En agglomération,Hors intersection,Pluie légère,Autre collision,,,,,,,,,,,5,2,1,2.0,6.0
201700035971,0017-11-29 18:00:00,17,11,29,18,0,760,351,236 RUE  BOIS AU COQ,49.51132,0.12813,Nuit avec éclairage allumé,En agglomération,Intersection en Y,Pluie légère,Deux véhicules - arrière,,,,,,,,,,,5,2,4,2.0,2.0
201700035972,0017-11-24 11:50:00,17,11,24,11,50,760,351,FREDERIC BELLENGER,49.49543,0.09957,Plein jour,En agglomération,Intersection en X,Normale,Autre collision,,,,,,,,,,,1,2,2,1.0,6.0
201700035973,0017-11-26 21:20:00,17,11,26,21,20,760,447,29  PIERRE MENDES FRANCE,49.5244,0.1856,Nuit avec éclairage allumé,Hors agglomération,Hors intersection,Pluie forte,Autre collision,,,,,,,,,,,5,1,1,3.0,6.0
201700035974,0017-12-05 08:05:00,17,12,5,8,5,760,351,109 AV PABLO PICASSO,49.50339,0.15715,Nuit avec éclairage allumé,En agglomération,Hors intersection,Normale,Autre collision,,,,,,,,,,,5,2,1,1.0,6.0
201700035975,0017-12-05 10:55:00,17,12,5,10,55,760,351,"52, FRISSARD (QUAI)",49.49045,0.12828,Plein jour,En agglomération,Hors intersection,Normale,Sans collision,,,,,,,,,,,1,2,1,1.0,7.0
201700035976,0017-12-09 03:26:00,17,12,9,3,26,760,351,"NEANT, ALBERT 1ER",49.49558,0.0939,Nuit avec éclairage allumé,En agglomération,Intersection en T,Normale,Autre collision,,,,,,,,,,,5,2,3,1.0,6.0
201700035977,0017-12-09 10:20:00,17,12,9,10,20,760,351,"NEANT, CIRCULAIRE (AVENU",49.51119,0.13843,Plein jour,Hors agglomération,Intersection en T,Normale,Autre collision,,,,,,,,,,,1,1,3,1.0,6.0
201700035978,0017-12-09 01:20:00,17,12,9,1,20,760,351,avenue du  BOIS AU COQ,49.51698,0.11911,Nuit avec éclairage allumé,En agglomération,Intersection en X,Normale,Deux véhicules - côté,,,,,,,,,,,5,2,2,1.0,3.0
201700035979,0017-12-02 14:00:00,17,12,2,14,0,760,341,"nant, RD 982",49.50285,0.19012,Plein jour,En agglomération,Hors intersection,Pluie légère,Trois véhicules et plus - en chaîne,,,,,,,,,,,1,2,1,2.0,4.0
201700035980,0017-12-08 16:25:00,17,12,8,16,25,760,351,"41, ANDRE VIMBERT",49.52158,0.1592,Crépuscule ou aube,En agglomération,Hors intersection,Pluie légère,Autre collision,,,,,,,,,,,2,2,1,2.0,6.0
201700035981,0017-12-15 12:00:00,17,12,15,12,0,760,351,"NEANT, SAINT MICHEL (PAR",49.49669,0.10995,Plein jour,En agglomération,Hors intersection,Pluie légère,Autre collision,,,,,,,,,,,1,2,1,2.0,6.0
201700035982,0017-12-20 17:10:00,17,12,20,17,10,760,351,rue des  GOBELINS,49.49875,0.10705,Nuit avec éclairage allumé,En agglomération,Intersection en X,Pluie légère,Deux véhicules - côté,,,,,,,,,,,5,2,2,2.0,3.0
201700035983,0017-12-21 14:30:00,17,12,21,14,30,760,351,88 rue  GEORGES LAFAURIE,49.50023,0.11076,Plein jour,En agglomération,Hors intersection,Pluie légère,Autre collision,,,,,,,,,,,1,2,1,2.0,6.0
201700035984,0017-12-24 12:50:00,17,12,24,12,50,760,305,RD 6015,49.50846,0.19698,Plein jour,Hors agglomération,Hors intersection,Pluie légère,Autre collision,,,,,,,,,,,1,1,1,2.0,6.0
201700035985,0017-12-28 12:55:00,17,12,28,12,55,760,351,165 AVENUE  JEAN JAURES,49.50006,0.15968,Plein jour,En agglomération,Hors intersection,Normale,Autre collision,,,,,,,,,,,1,2,1,1.0,6.0
201700035986,0017-12-24 14:15:00,17,12,24,14,15,760,540,47 RUE D AMIENS,49.44033,1.10213,Plein jour,En agglomération,Intersection en X,Normale,Sans collision,,,,,,,,,,,1,2,2,1.0,7.0
201700035987,0017-12-25 05:30:00,17,12,25,5,30,760,640,1192 RUE DE LA HALINE,49.26931,1.05136,Nuit avec éclairage allumé,En agglomération,Intersection en T,Normale,Deux véhicules - frontale,,,,,,,,,,,5,2,3,1.0,1.0
201700035988,0017-12-27 17:10:00,17,12,27,17,10,760,540,27A  RUE JEAN LECANUET,49.44424,1.09453,Crépuscule ou aube,En agglomération,Intersection en X,Pluie légère,Autre collision,,,,,,,,,,,2,2,2,2.0,6.0
201700035989,0017-12-16 21:44:00,17,12,16,21,44,760,391,d 132,49.30844,0.97941,Nuit sans éclairage public,Hors agglomération,Hors intersection,Normale,Deux véhicules - frontale,,,,,,,,,,,3,1,1,1.0,1.0
201700035990,0017-01-07 00:45:00,17,1,7,0,45,760,178,RTE DE TOURVILLE,49.3087,1.03848,Nuit avec éclairage allumé,En agglomération,Intersection en X,Normale,Deux véhicules - arrière,,,,,,,,,,,5,2,2,1.0,2.0
201700035991,0017-01-05 11:30:00,17,1,5,11,30,760,498,"1, JAURES. AVENUE JEAN",49.42814,1.06857,Plein jour,En agglomération,Hors intersection,Pluie légère,Deux véhicules - côté,,,,,,,,,,,1,2,1,2.0,3.0
201700035992,0017-12-15 18:39:00,17,12,15,18,39,760,319,7 rue COMMUNE DE PARIS,49.34822,0.99279,Nuit avec éclairage allumé,En agglomération,Intersection en X,Normale,Deux véhicules - côté,,,,,,,,,,,5,2,2,1.0,3.0
201700035993,0017-01-11 06:30:00,17,1,11,6,30,760,540,"1517, RTE DE NEUFCHATEL",49.45706,1.10782,Nuit avec éclairage allumé,En agglomération,Hors intersection,Pluie légère,Autre collision,,,,,,,,,,,5,2,1,2.0,6.0
201700035994,0017-11-02 07:30:00,17,11,2,7,30,760,561,30 RUE DES CANADIENS,49.29757,1.00689,Nuit avec éclairage allumé,En agglomération,Intersection en X,Brouillard / fumée,Autre collision,,,,,,,,,,,5,2,2,5.0,6.0
201700035995,0017-01-09 21:15:00,17,1,9,21,15,760,540,"01, RONDEAUX. AVENUE JEA",49.43802,1.07949,Nuit avec éclairage allumé,En agglomération,Intersection en X,Pluie légère,Deux véhicules - côté,,,,,,,,,,,5,2,2,2.0,3.0
201700035996,0017-01-23 00:10:00,17,1,23,0,10,760,540,CORNEILLE. TREMIE,49.43693,1.09543,Nuit avec éclairage allumé,En agglomération,Hors intersection,Normale,Autre collision,,,,,,,,,,,5,2,1,1.0,6.0
201700035997,0017-01-27 08:45:00,17,1,27,8,45,760,681,"41, Rue PIERRE CORNEILLE",49.4222,1.0915,Plein jour,En agglomération,Intersection en T,Neige / grêle,Autre collision,,,,,,,,,,,1,2,3,4.0,6.0
201700035998,0017-12-24 15:40:00,17,12,24,15,40,760,165,23 RUE DE LA REPUBLIQUE,49.27805,1.03069,Plein jour,En agglomération,Intersection en X,Normale,Deux véhicules - côté,,,,,,,,,,,1,2,2,1.0,3.0
201700035999,0017-02-01 08:35:00,17,2,1,8,35,760,540,place saint paul,49.43482,1.10614,Plein jour,En agglomération,Intersection à plus de 4 branches,Pluie légère,Trois véhicules et plus - collisions multiples,,,,,,,,,,,1,2,5,2.0,5.0
201700036000,0017-01-26 09:00:00,17,1,26,9,0,760,212,"01, CANADIENS. RUE DES",49.44256,1.50378,Plein jour,En agglomération,Hors intersection,Normale,Autre collision,,,,,,,,,,,1,2,1,1.0,6.0
201700036001,0017-02-01 18:15:00,17,2,1,18,15,760,216,,49.45509,1.05169,Crépuscule ou aube,Hors agglomération,Hors intersection,Pluie légère,Deux véhicules - arrière,,,,,,,,,,,2,1,1,2.0,2.0
201700036002,0017-01-21 14:45:00,17,1,21,14,45,760,540,BOURSE. QUAI (HAUT) DE L,49.43901,1.08899,Plein jour,En agglomération,Hors intersection,Normale,Autre collision,,,,,,,,,,,1,2,1,1.0,6.0
201700036003,0017-02-01 08:40:00,17,2,1,8,40,760,561,AV WINSTON CHURCHILL,49.29732,1.01123,Plein jour,En agglomération,Intersection en X,Normale,Trois véhicules et plus - collisions multiples,,,,,,,,,,,1,2,2,1.0,5.0
201700036004,0017-12-12 16:20:00,17,12,12,16,20,760,540,"01, GIVON. RUE LOUISE",49.44107,1.12915,Plein jour,En agglomération,Intersection en T,Normale,Autre collision,,,,,,,,,,,1,2,3,1.0,6.0
201700036005,0017-02-21 17:20:00,17,2,21,17,20,760,682,R DU VILLAGE,49.31996,1.12516,Plein jour,En agglomération,Intersection en Y,Normale,Autre collision,,,,,,,,,,,1,2,4,1.0,6.0
201700036006,0017-12-12 19:30:00,17,12,12,19,30,760,157,"01, BIZET. AVENUE GEORGE",49.45595,1.03414,Nuit avec éclairage allumé,En agglomération,Intersection en T,Normale,Autre collision,,,,,,,,,,,5,2,3,1.0,6.0
201700036007,0017-02-08 07:45:00,17,2,8,7,45,760,540,"46, R ARMAND CARREL",49.43988,1.1019,Crépuscule ou aube,En agglomération,Intersection en X,Normale,Autre collision,,,,,,,,,,,2,2,2,1.0,6.0
201700036008,0017-12-15 18:34:00,17,12,15,18,34,760,540,28 RUE EDMOND FLAMAND,49.43398,1.10129,Nuit avec éclairage allumé,En agglomération,Hors intersection,Pluie légère,Autre collision,,,,,,,,,,,5,2,1,2.0,6.0
201700036009,0017-02-06 16:40:00,17,2,6,16,40,760,498,"112, AV JEAN JAURES",49.42656,1.06207,Plein jour,En agglomération,Hors intersection,Normale,Autre collision,,,,,,,,,,,1,2,1,1.0,6.0
201700036010,0017-02-04 21:15:00,17,2,4,21,15,760,540,"47, AV DU MONT RIBOUDET",49.44594,1.07123,Nuit avec éclairage allumé,En agglomération,Hors intersection,Normale,Deux véhicules - côté,,,,,,,,,,,5,2,1,1.0,3.0
201700036011,0017-02-10 11:00:00,17,2,10,11,0,760,484,"3008, AV DU GENERAL DE G",49.36135,1.10306,Plein jour,En agglomération,Hors intersection,Normale,Autre collision,,,,,,,,,,,1,2,1,1.0,6.0
201700036012,0017-02-11 16:25:00,17,2,11,16,25,760,540,"96 A, R MERIDIENNE",49.42622,1.08116,Plein jour,En agglomération,Hors intersection,Normale,Autre collision,,,,,,,,,,,1,2,1,1.0,6.0
201700036013,0017-02-11 05:57:00,17,2,11,5,57,760,103,"51, R DE LA REPUBLIQUE",49.42727,1.11198,Nuit avec éclairage allumé,Hors agglomération,Intersection en Y,Normale,Deux véhicules - côté,,,,,,,,,,,5,1,4,1.0,3.0
201700036014,0017-02-23 13:00:00,17,2,23,13,0,760,157,COTE DE CANTELEU,49.44291,1.0368,Plein jour,Hors agglomération,Hors intersection,Pluie légère,Deux véhicules - frontale,,,,,,,,,,,1,1,1,2.0,1.0