accident_id,datetime,annee,mois,jour,heure,minute,departement,commune_insee,adresse,latitude,longitude,luminosite,agglomeration,intersection,meteo,collision,nb_vehicules,nb_usagers,nb_indemnes,nb_tues,nb_blesses_hosp,nb_blesses_legers,age_cond_1,age_cond_2,veh_type_cond_1,veh_type_cond_2,lum_code,agg_code,int_code,atm_code,col_code
201700036015,0017-02-18 11:15:00,17,2,18,11,15,760,178,BD GABRIEL PERI,49.31895,1.07304,Plein jour,En agglomération,Hors intersection,Normale,Sans collision,,,,,,,,,,,1,2,1,1.0,7.0
201700036016,0017-02-22 17:00:00,17,2,22,17,0,760,165,"941, R DE STRASBOURG",49.28363,1.02629,Plein jour,En agglomération,Intersection en X,Normale,Deux véhicules - côté,,,,,,,,,,,1,2,2,1.0,3.0
201700036017,0017-02-17 16:30:00,17,2,17,16,30,760,540,"20, BD DE LA MARNE",49.44715,1.0934,Plein jour,En agglomération,Intersection en X,Normale,Autre collision,,,,,,,,,,,1,2,2,1.0,6.0
201700036018,0017-02-25 15:50:00,17,2,25,15,50,760,157,"24, R VICTOR HUGO",49.44629,1.03692,Plein jour,En agglomération,Hors intersection,Normale,Deux véhicules - frontale,,,,,,,,,,,1,2,1,1.0,1.0
201700036019,0017-02-24 08:30:00,17,2,24,8,30,760,429,RTE DE  DARNETAL,49.41744,1.14622,Plein jour,Hors agglomération,Hors intersection,Normale,Deux véhicules - côté,,,,,,,,,,,1,1,1,1.0,3.0
201700036020,0017-03-03 10:36:00,17,3,3,10,36,760,322,,49.40042,1.03252,Plein jour,En agglomération,Intersection en Y,Normale,Sans collision,,,,,,,,,,,1,2,4,1.0,7.0
201700036021,0017-03-04 21:50:00,17,3,4,21,50,760,497,AV DES CANADIENS,49.38907,1.05622,Nuit avec éclairage allumé,Hors agglomération,Giratoire,Normale,Sans collision,,,,,,,,,,,5,1,6,1.0,7.0
201700036022,0017-03-15 07:30:00,17,3,15,7,30,760,391,,49.30085,0.97509,Crépuscule ou aube,Hors agglomération,Intersection en X,Normale,Deux véhicules - côté,,,,,,,,,,,2,1,2,1.0,3.0
201700036023,0017-12-29 03:00:00,17,12,29,3,0,760,540,QUAI DE BOISGUILBERT,49.44266,1.07638,Nuit avec éclairage allumé,En agglomération,Hors intersection,Normale,Deux véhicules - arrière,,,,,,,,,,,5,2,1,1.0,2.0
201700036024,0017-02-25 03:25:00,17,2,25,3,25,760,216,R JULES FERRY,49.46898,1.04422,Nuit avec éclairage allumé,En agglomération,Intersection en X,Normale,Deux véhicules - côté,,,,,,,,,,,5,2,2,1.0,3.0
201700036025,0017-03-07 16:15:00,17,3,7,16,15,760,540,"16, R SAINT ETIENNE DES",49.43898,1.09139,Plein jour,En agglomération,Intersection en X,Normale,Autre collision,,,,,,,,,,,1,2,2,1.0,6.0
201700036026,0017-03-05 16:15:00,17,3,5,16,15,760,540,MONT RIBOUDET. AVENUE DU,49.44767,1.06798,Plein jour,En agglomération,Intersection en T,Temps couvert,Trois véhicules et plus - en chaîne,,,,,,,,,,,1,2,3,8.0,4.0
201700036027,0017-03-08 13:30:00,17,3,8,13,30,760,540,"01, CORNEILLE. PONT PIER",49.43702,1.09616,Plein jour,En agglomération,Hors intersection,Normale,Autre collision,,,,,,,,,,,1,2,1,1.0,6.0
201700036028,0017-02-24 16:20:00,17,2,24,16,20,760,540,"01, CAEN. AVENUE DE",49.42994,1.07596,Plein jour,En agglomération,Hors intersection,Normale,Autre collision,,,,,,,,,,,1,2,1,1.0,6.0
201700036029,0017-01-20 09:45:00,17,1,20,9,45,760,157,"12, R VICTOR HUGO",49.44608,1.03546,Plein jour,En agglomération,Hors intersection,Normale,Autre collision,,,,,,,,,,,1,2,1,1.0,6.0
201700036030,0017-02-27 10:10:00,17,2,27,10,10,760,540,PL DE LA VERRERIE,49.43118,1.08321,Plein jour,En agglomération,Hors intersection,Normale,Autre collision,,,,,,,,,,,1,2,1,1.0,6.0
201700036031,0017-03-31 20:45:00,17,3,31,20,45,760,498,"42, R LEON MALETRA",49.42958,1.06754,Nuit avec éclairage allumé,En agglomération,Hors intersection,Normale,Deux véhicules - côté,,,,,,,,,,,5,2,1,1.0,3.0
201700036032,0017-03-21 18:30:00,17,3,21,18,30,760,540,"110, R SAINT MAUR",49.45109,1.08809,Plein jour,En agglomération,Intersection à plus de 4 branches,Normale,Autre collision,,,,,,,,,,,1,2,5,1.0,6.0
201700036033,0017-03-17 22:30:00,17,3,17,22,30,760,216,"172, RTE DE DIEPPE",49.46357,1.05298,Nuit avec éclairage allumé,En agglomération,Hors intersection,Normale,Deux véhicules - arrière,,,,,,,,,,,5,2,1,1.0,2.0
201700036034,0017-03-06 09:25:00,17,3,6,9,25,760,498,"33, R JACQUARD",49.43053,1.05378,Plein jour,En agglomération,Hors intersection,Normale,Autre collision,,,,,,,,,,,1,2,1,1.0,6.0
201700036035,0017-03-19 07:25:00,17,3,19,7,25,760,540,PONT PIERRE CORNEILLE,49.43589,1.09571,Plein jour,En agglomération,Hors intersection,Normale,Autre collision,,,,,,,,,,,1,2,1,1.0,6.0
201700036036,0017-04-01 13:00:00,17,4,1,13,0,760,540,"01, GUILLAUME LE CONQUER",49.44088,1.08141,Plein jour,En agglomération,Hors intersection,Normale,Deux véhicules - arrière,,,,,,,,,,,1,2,1,1.0,2.0
201700036037,0017-04-09 15:40:00,17,4,9,15,40,760,681,"225, 14 JUILLET. AVENUE",49.41122,1.0761,Plein jour,En agglomération,Intersection en X,Normale,Autre collision,,,,,,,,,,,1,2,2,1.0,6.0
201700036038,0017-03-23 08:00:00,17,3,23,8,0,760,540,"37, RTE DE NEUFCHATEL",49.45118,1.09836,Plein jour,En agglomération,Intersection en X,Normale,Deux véhicules - côté,,,,,,,,,,,1,2,2,1.0,3.0
201700036039,0017-03-03 17:35:00,17,3,3,17,35,760,681,"10, BD INDUSTRIEL",49.42073,1.10691,Plein jour,Hors agglomération,Hors intersection,Normale,Deux véhicules - arrière,,,,,,,,,,,1,1,1,1.0,2.0
201700036040,0017-03-29 13:40:00,17,3,29,13,40,760,216,"1, AV DU GENERAL LECLERC",49.4552,1.05615,Plein jour,En agglomération,Intersection en T,Normale,Deux véhicules - côté,,,,,,,,,,,1,2,3,1.0,3.0
201700036041,0017-04-07 16:15:00,17,4,7,16,15,760,231,"19, R DES MARTYRS",49.28812,1.00722,Plein jour,En agglomération,Intersection en X,Normale,Autre collision,,,,,,,,,,,1,2,2,1.0,6.0
201700036042,0017-03-24 18:10:00,17,3,24,18,10,760,402,"2, R NOTRE DAME DES CHA",49.52637,1.03624,Plein jour,En agglomération,Intersection en X,Normale,Deux véhicules - frontale,,,,,,,,,,,1,2,2,1.0,1.0
201700036043,0017-04-09 18:07:00,17,4,9,18,7,760,178,"175, R DE TOURVILLE",49.30572,1.02426,Plein jour,En agglomération,Hors intersection,Normale,Deux véhicules - côté,,,,,,,,,,,1,2,1,1.0,3.0
201700036044,0017-04-09 09:50:00,17,4,9,9,50,760,484,"1, DOCTEUR COTONI. RUE D",49.34247,1.10001,Plein jour,En agglomération,Intersection en X,Normale,Deux véhicules - côté,,,,,,,,,,,1,2,2,1.0,3.0
201700036045,0017-04-10 15:50:00,17,4,10,15,50,760,575,3 RUE ERNEST RENAN ANPE,49.3986,1.06317,Plein jour,En agglomération,Hors intersection,Normale,Deux véhicules - arrière,,,,,,,,,,,1,2,1,1.0,2.0
201700036046,0017-04-11 14:00:00,17,4,11,14,0,760,681,"74, SALVA. RUE LEON",49.41808,1.08902,Plein jour,En agglomération,Hors intersection,Normale,Autre collision,,,,,,,,,,,1,2,1,1.0,6.0
201700036047,0017-04-16 15:35:00,17,4,16,15,35,760,540,BD DE L OUEST,49.441,1.0433,Plein jour,En agglomération,Hors intersection,Normale,Autre collision,,,,,,,,,,,1,2,1,1.0,6.0
201700036048,0017-04-16 09:45:00,17,4,16,9,45,760,540,"1, R DE BAMMEVILLE",49.43011,1.0907,Plein jour,En agglomération,Intersection en X,Normale,Deux véhicules - côté,,,,,,,,,,,1,2,2,1.0,3.0
201700036049,0017-04-15 06:52:00,17,4,15,6,52,760,540,"01, EUROPE. BOULEVARD DE",49.42794,1.09341,Plein jour,En agglomération,Intersection en X,Normale,Deux véhicules - côté,,,,,,,,,,,1,2,2,1.0,3.0
201700036050,0017-04-20 13:40:00,17,4,20,13,40,760,5,,49.40628,1.12172,Plein jour,Hors agglomération,Hors intersection,Normale,Deux véhicules - côté,,,,,,,,,,,1,1,1,1.0,3.0
201700036051,0017-04-07 15:20:00,17,4,7,15,20,760,540,"01, MADAGASCAR. RUE DE",49.43746,1.06686,Plein jour,En agglomération,Giratoire,Normale,Deux véhicules - arrière,,,,,,,,,,,1,2,6,1.0,2.0
201700036052,0017-04-14 11:00:00,17,4,14,11,0,760,231,VOIE DE LA DECLARATION U,49.29499,0.99822,Plein jour,En agglomération,Intersection en T,Normale,Deux véhicules - côté,,,,,,,,,,,1,2,3,1.0,3.0
201700036053,0017-05-01 16:00:00,17,5,1,16,0,760,705,"1, PERI. BOULEVARD GABRI",49.32107,1.08584,Plein jour,En agglomération,Hors intersection,Normale,Sans collision,,,,,,,,,,,1,2,1,1.0,7.0
201700036054,0017-04-27 22:32:00,17,4,27,22,32,760,540,"01, EUROPE. BOULEVARD DE",49.42899,1.09597,Nuit avec éclairage allumé,En agglomération,Hors intersection,Normale,Autre collision,,,,,,,,,,,5,2,1,1.0,6.0
201700036055,0017-05-02 16:45:00,17,5,2,16,45,760,575,peri henri wallon,49.39502,1.06918,Plein jour,En agglomération,Intersection en T,Normale,Autre collision,,,,,,,,,,,1,2,3,1.0,6.0
201700036056,0017-04-06 18:25:00,17,4,6,18,25,760,95,1195 AV DU MARECHAL JUIN,49.46337,1.12947,Plein jour,Hors agglomération,Hors intersection,Normale,Sans collision,,,,,,,,,,,1,1,1,1.0,7.0
201700036057,0017-04-11 13:50:00,17,4,11,13,50,760,157,A150,49.4721,1.0294,Plein jour,Hors agglomération,Hors intersection,Normale,Sans collision,,,,,,,,,,,1,1,1,1.0,7.0
201700036058,0017-04-12 08:25:00,17,4,12,8,25,760,540,"01, CAVELIER DE LA SALLE",49.43808,1.083,Plein jour,Hors agglomération,Intersection en X,Normale,Deux véhicules - frontale,,,,,,,,,,,1,1,2,1.0,1.0
201700036059,0017-04-11 12:05:00,17,4,11,12,5,760,498,"01, CORNEILLE. RUE PIERR",49.42564,1.052,Plein jour,En agglomération,Intersection en T,Normale,Autre collision,,,,,,,,,,,1,2,3,1.0,6.0
201700036060,0017-04-20 17:10:00,17,4,20,17,10,760,540,R LE VERRIER,49.4543,1.13763,Plein jour,Hors agglomération,Hors intersection,Normale,Deux véhicules - côté,,,,,,,,,,,1,1,1,1.0,3.0
201700036061,0017-04-25 09:15:00,17,4,25,9,15,760,216,"5, AV DU GENERAL LECLERC",49.45689,1.05587,Plein jour,En agglomération,Hors intersection,Normale,Deux véhicules - frontale,,,,,,,,,,,1,2,1,1.0,1.0
201700036062,0017-04-29 15:00:00,17,4,29,15,0,760,108,"1145, RTE DE NEUFCHATEL",49.45377,1.10472,Plein jour,En agglomération,Hors intersection,Normale,Deux véhicules - côté,,,,,,,,,,,1,2,1,1.0,3.0
201700036063,0017-05-09 18:00:00,17,5,9,18,0,760,540,2 AV LOUIS PASTEUR,49.4432,1.07738,Plein jour,En agglomération,Intersection en X,Normale,Deux véhicules - côté,,,,,,,,,,,1,2,2,1.0,3.0
201700036064,0017-04-20 19:20:00,17,4,20,19,20,760,540,"177, BD DE L YSER",49.44713,1.09608,Plein jour,En agglomération,Intersection en X,Normale,Autre collision,,,,,,,,,,,1,2,2,1.0,6.0
201700036065,0017-05-15 21:55:00,17,5,15,21,55,760,540,01 AV ARISTIDE BRIAND,49.43469,1.10586,Nuit avec éclairage allumé,Hors agglomération,Intersection en X,Normale,Deux véhicules - côté,,,,,,,,,,,5,1,2,1.0,3.0
201700036066,0017-05-16 21:30:00,17,5,16,21,30,760,575,BD LENINE,49.38094,1.11008,Plein jour,En agglomération,Intersection en X,Normale,Deux véhicules - arrière,,,,,,,,,,,1,2,2,1.0,2.0
201700036067,0017-05-21 18:45:00,17,5,21,18,45,760,157,COTE DE CANTELEU,49.44054,1.02915,Plein jour,En agglomération,Hors intersection,Normale,Deux véhicules - frontale,,,,,,,,,,,1,2,1,1.0,1.0
201700036068,0017-05-16 14:45:00,17,5,16,14,45,760,231,"38, R JEAN JAURES",49.28868,1.00933,Plein jour,En agglomération,Hors intersection,Normale,Autre collision,,,,,,,,,,,1,2,1,1.0,6.0
201700036069,0017-05-16 17:35:00,17,5,16,17,35,760,410,"130, MARTYRS DE LA RESIS",49.48131,1.04665,Plein jour,Hors agglomération,Hors intersection,Normale,Autre collision,,,,,,,,,,,1,1,1,1.0,6.0
201700036070,0017-05-17 19:55:00,17,5,17,19,55,760,540,29 N 338,49.43481,1.07341,Plein jour,En agglomération,Hors intersection,Normale,Trois véhicules et plus - en chaîne,,,,,,,,,,,1,2,1,1.0,4.0
201700036071,0017-05-17 18:25:00,17,5,17,18,25,760,429,"01, ROUEN. CHEMIN DE",49.42424,1.13709,Plein jour,En agglomération,Hors intersection,Normale,Autre collision,,,,,,,,,,,1,2,1,1.0,6.0
201700036072,0017-05-23 16:40:00,17,5,23,16,40,760,212,"17, LONGPAON. RUE DE",49.44157,1.14668,Plein jour,En agglomération,Hors intersection,Normale,Autre collision,,,,,,,,,,,1,2,1,1.0,6.0
201700036073,0017-05-31 16:20:00,17,5,31,16,20,760,681,"22, PL DE L HOTEL DE VIL",49.41538,1.08895,Plein jour,En agglomération,Hors intersection,Normale,Autre collision,,,,,,,,,,,1,2,1,1.0,6.0
201700036074,0017-05-20 09:29:00,17,5,20,9,29,760,103,"01, LECLERC. RUE DU GENE",49.42791,1.11676,Plein jour,Hors agglomération,Hors intersection,Normale,Deux véhicules - côté,,,,,,,,,,,1,1,1,1.0,3.0
201700036075,0017-05-28 10:45:00,17,5,28,10,45,760,681,"01, LECHEVALLIER. RUE MA",49.40504,1.07937,Plein jour,En agglomération,Intersection en X,Normale,Deux véhicules - côté,,,,,,,,,,,1,2,2,1.0,3.0
201700036076,0017-05-20 05:30:00,17,5,20,5,30,760,474,"01, BRIAND. PLACE ARISTI",49.48076,1.04777,Crépuscule ou aube,En agglomération,Place,Normale,Deux véhicules - côté,,,,,,,,,,,2,2,7,1.0,3.0
201700036077,0017-05-31 08:35:00,17,5,31,8,35,760,540,"01, MONT RIBOUDET. AVENU",49.44514,1.07303,Plein jour,En agglomération,Hors intersection,Normale,Autre collision,,,,,,,,,,,1,2,1,1.0,6.0
201700036078,0017-05-27 18:50:00,17,5,27,18,50,760,540,"1, MONT RIBOUDET. AVENUE",49.44878,1.06458,Plein jour,En agglomération,Hors intersection,Normale,Autre collision,,,,,,,,,,,1,2,1,1.0,6.0
201700036079,0017-05-31 17:00:00,17,5,31,17,0,760,540,ROCADE Nord-Est,49.43856,1.12154,Plein jour,En agglomération,Hors intersection,Normale,Deux véhicules - arrière,,,,,,,,,,,1,2,1,1.0,2.0
201700036080,0017-05-09 08:05:00,17,5,9,8,5,760,322,"01, RN 338 (VOIE RAPIDE",49.41213,1.04169,Plein jour,Hors agglomération,Hors intersection,Normale,Deux véhicules - arrière,,,,,,,,,,,1,1,1,1.0,2.0
201700036081,0017-06-02 23:00:00,17,6,2,23,0,760,178,"1, TOURVILLE. ROUTE DE (",49.31407,1.05696,Nuit avec éclairage allumé,En agglomération,Giratoire,Normale,Autre collision,,,,,,,,,,,5,2,6,1.0,6.0
201700036082,0017-06-01 22:30:00,17,6,1,22,30,760,681,218 RUE LEON SALVA,49.40983,1.07786,Crépuscule ou aube,En agglomération,Hors intersection,Normale,Sans collision,,,,,,,,,,,2,2,1,1.0,7.0
201700036083,0017-04-16 20:30:00,17,4,16,20,30,760,575,37  VAL L'ABBE. RUE DU,49.38571,1.09951,Plein jour,En agglomération,Intersection en X,Normale,Deux véhicules - côté,,,,,,,,,,,1,2,2,1.0,3.0
201700036084,0017-06-04 19:45:00,17,6,4,19,45,760,5,49 RUE FRANCOIS MITTERAN,49.39998,1.12544,Plein jour,Hors agglomération,Hors intersection,Normale,Autre collision,,,,,,,,,,,1,1,1,1.0,6.0
201700036085,0017-06-02 17:30:00,17,6,2,17,30,760,108,ROND POINT DE LA BRETEQU,49.48158,1.10977,Plein jour,Hors agglomération,Giratoire,Normale,Deux véhicules - arrière,,,,,,,,,,,1,1,6,1.0,2.0
201700036086,0017-06-10 18:25:00,17,6,10,18,25,760,498,78 R GENERAL SARRAIL,49.43075,1.06468,Plein jour,En agglomération,Intersection en T,Normale,Deux véhicules - côté,,,,,,,,,,,1,2,3,1.0,3.0
201700036087,0017-06-09 02:00:00,17,6,9,2,0,760,540,69 RUE FRANCOISE DOLTO,49.43781,1.11331,Nuit avec éclairage allumé,En agglomération,Hors intersection,Normale,Deux véhicules - frontale,,,,,,,,,,,5,2,1,1.0,1.0
201700036088,0017-05-26 19:30:00,17,5,26,19,30,760,540,"7, QUAIE DE PARIS",49.43658,1.09992,Plein jour,En agglomération,Intersection en X,Normale,Trois véhicules et plus - en chaîne,,,,,,,,,,,1,2,2,1.0,4.0
201700036089,0017-06-02 13:50:00,17,6,2,13,50,760,322,AV FRANKLIN ROOSEVELT,49.41016,1.03128,Plein jour,En agglomération,Intersection en X,Normale,Deux véhicules - arrière,,,,,,,,,,,1,2,2,1.0,2.0
201700036090,0017-06-19 09:55:00,17,6,19,9,55,760,157,"1, GAULLE. PLACE DU GENE",49.43804,1.03619,Plein jour,En agglomération,Intersection en X,Normale,Deux véhicules - côté,,,,,,,,,,,1,2,2,1.0,3.0
201700036091,0017-06-23 20:30:00,17,6,23,20,30,760,540,01 RUE ALBERT DUPUIS,49.45221,1.12502,Plein jour,En agglomération,Intersection à plus de 4 branches,Normale,Deux véhicules - côté,,,,,,,,,,,1,2,5,1.0,3.0
201700036092,0017-06-15 11:50:00,17,6,15,11,50,760,231,3 RUE BOURGTHEROULDE,49.28858,0.99608,Plein jour,En agglomération,Hors intersection,Normale,Autre collision,,,,,,,,,,,1,2,1,1.0,6.0
201700036093,0017-05-21 20:50:00,17,5,21,20,50,760,681,"01, MARTYRS DE LA RESIST",49.41985,1.07825,Plein jour,En agglomération,Hors intersection,Normale,Deux véhicules - côté,,,,,,,,,,,1,2,1,1.0,3.0
201700036094,0017-05-26 02:05:00,17,5,26,2,5,760,540,"190, MONT RIBOUDET. AVEN",49.449,1.06538,Nuit avec éclairage allumé,En agglomération,Hors intersection,Normale,Autre collision,,,,,,,,,,,5,2,1,1.0,6.0
201700036095,0017-06-22 00:30:00,17,6,22,0,30,760,540,"01, SAINTE MARIE. RUE",49.44714,1.10098,Nuit avec éclairage allumé,En agglomération,Hors intersection,Normale,Autre collision,,,,,,,,,,,5,2,1,1.0,6.0
201700036096,0017-06-25 02:20:00,17,6,25,2,20,760,231,95 rue de BOURGTHEROULDE,49.28719,0.98458,Nuit sans éclairage public,En agglomération,Hors intersection,Normale,Sans collision,,,,,,,,,,,3,2,1,1.0,7.0
201700036097,0017-06-12 17:05:00,17,6,12,17,5,760,575,35 AV MARE AUX DAIMS,49.38538,1.07101,Plein jour,Hors agglomération,Giratoire,Normale,Deux véhicules - arrière,,,,,,,,,,,1,1,6,1.0,2.0
201700036098,0017-06-13 07:45:00,17,6,13,7,45,760,484,GARE. PLACE DE LA,49.34294,1.10118,Plein jour,En agglomération,Place,Normale,Autre collision,,,,,,,,,,,1,2,7,1.0,6.0
201700036099,0017-05-23 19:30:00,17,5,23,19,30,760,322,5 AV EUGENE VARLIN,49.41013,1.03088,Plein jour,En agglomération,Intersection en X,Normale,Deux véhicules - côté,,,,,,,,,,,1,2,2,1.0,3.0
201700036100,0017-06-22 20:10:00,17,6,22,20,10,760,322,"01, GAY LUSSAC. RUE",49.41626,1.04324,Plein jour,En agglomération,Hors intersection,Normale,Autre collision,,,,,,,,,,,1,2,1,1.0,6.0
201700036101,0017-06-24 12:50:00,17,6,24,12,50,760,410,151 ROUTE DE DIEPPE,49.48108,1.04802,Plein jour,En agglomération,Hors intersection,Normale,Deux véhicules - arrière,,,,,,,,,,,1,2,1,1.0,2.0
201700036102,0017-06-28 16:25:00,17,6,28,16,25,760,575,745 avenue de UNIVERSITE,49.38588,1.0691,Plein jour,En agglomération,Hors intersection,Normale,Deux véhicules - frontale,,,,,,,,,,,1,2,1,1.0,1.0
201700036103,0017-07-04 21:30:00,17,7,4,21,30,760,165,1040 rue felix faure,49.28728,1.02359,Plein jour,En agglomération,Hors intersection,Normale,Deux véhicules - côté,,,,,,,,,,,1,2,1,1.0,3.0
201700036104,0017-06-29 23:00:00,17,6,29,23,0,760,681,"01, CD 18E (BOULEVARD IN",49.42398,1.10628,Nuit avec éclairage allumé,En agglomération,Hors intersection,Normale,Deux véhicules - arrière,,,,,,,,,,,5,2,1,1.0,2.0
201700036105,0017-07-02 16:25:00,17,7,2,16,25,760,540,"120, SAINT MARC. PLACE",49.43903,1.1019,Plein jour,En agglomération,Intersection en X,Normale,Autre collision,,,,,,,,,,,1,2,2,1.0,6.0
201700036106,0017-07-03 18:40:00,17,7,3,18,40,760,540,02 avenue du GRAND COURS,49.42676,1.10351,Plein jour,En agglomération,Hors intersection,Normale,Deux véhicules - arrière,,,,,,,,,,,1,2,1,1.0,2.0
201700036107,0017-07-04 10:40:00,17,7,4,10,40,760,575,LENINE. BOULEVARD,49.39402,1.11165,Plein jour,En agglomération,Intersection en X,Normale,Deux véhicules - côté,,,,,,,,,,,1,2,2,1.0,3.0
201700036108,0017-05-27 18:15:00,17,5,27,18,15,760,681,"01, SALVA. RUE LEON",49.41256,1.08189,Plein jour,En agglomération,Intersection en X,Normale,Trois véhicules et plus - collisions multiples,,,,,,,,,,,1,2,2,1.0,5.0
201700036109,0017-07-06 11:55:00,17,7,6,11,55,760,681,PONT DE 4 MARES,49.40489,1.104,Plein jour,En agglomération,Hors intersection,Normale,Deux véhicules - frontale,,,,,,,,,,,1,2,1,1.0,1.0
201700036110,0017-07-06 16:20:00,17,7,6,16,20,760,410,2 Rue Louis Lesueur,49.48201,1.03879,Plein jour,En agglomération,Hors intersection,Normale,Autre collision,,,,,,,,,,,1,2,1,1.0,6.0
201700036111,0017-07-04 20:09:00,17,7,4,20,9,760,231,12 rue de la rochelle,49.29342,0.99902,Plein jour,En agglomération,Hors intersection,Normale,Deux véhicules - arrière,,,,,,,,,,,1,2,1,1.0,2.0
201700036112,0017-08-29 21:48:00,17,8,29,21,48,760,498,105 B STANISLAS GIRARDIN,49.41561,1.05743,Nuit avec éclairage allumé,En agglomération,Hors intersection,Normale,Deux véhicules - côté,,,,,,,,,,,5,2,1,1.0,3.0
201700036113,0017-06-10 11:10:00,17,6,10,11,10,760,575,"01, CANADIENS. AVENUE DE",49.40517,1.06771,Plein jour,En agglomération,Hors intersection,Normale,Deux véhicules - côté,,,,,,,,,,,1,2,1,1.0,3.0
201700036114,0017-07-29 05:40:00,17,7,29,5,40,760,231,21 r boucher de perthes,49.28943,0.99816,Nuit avec éclairage allumé,En agglomération,Intersection en T,Normale,Deux véhicules - côté,,,,,,,,,,,5,2,3,1.0,3.0
201700036115,0017-07-06 17:35:00,17,7,6,17,35,760,540,16 RUE D ELBEUF,49.42954,1.08537,Plein jour,En agglomération,Intersection en X,Normale,Deux véhicules - côté,,,,,,,,,,,1,2,2,1.0,3.0
201700036116,0017-07-08 15:30:00,17,7,8,15,30,760,540,52 ROUTE DE  NEUFCHATEL,49.45188,1.09813,Plein jour,En agglomération,Hors intersection,Normale,Deux véhicules - arrière,,,,,,,,,,,1,2,1,1.0,2.0
201700036117,0017-07-16 15:30:00,17,7,16,15,30,760,599,38 rte de lyons la foret,49.43529,1.14636,Plein jour,En agglomération,Hors intersection,Normale,Trois véhicules et plus - collisions multiples,,,,,,,,,,,1,2,1,1.0,5.0
201700036118,0017-07-09 19:20:00,17,7,9,19,20,760,540,ROCADE Nord-Est,49.43689,1.10969,Plein jour,En agglomération,Hors intersection,Normale,Deux véhicules - arrière,,,,,,,,,,,1,2,1,1.0,2.0
201700036119,0017-07-17 00:25:00,17,7,17,0,25,760,216,18 rue lyautey,49.46051,1.0573,Nuit avec éclairage allumé,En agglomération,Hors intersection,Normale,Sans collision,,,,,,,,,,,5,2,1,1.0,7.0
201700036120,0017-07-19 04:14:00,17,7,19,4,14,760,540,MATHILDE. PONT,49.43303,1.10443,Nuit avec éclairage allumé,En agglomération,Hors intersection,Normale,Deux véhicules - frontale,,,,,,,,,,,5,2,1,1.0,1.0
201700036121,0017-07-25 13:10:00,17,7,25,13,10,760,681,37 pl hotel de ville,49.41414,1.09001,Plein jour,En agglomération,Hors intersection,Normale,Sans collision,,,,,,,,,,,1,2,1,1.0,7.0
201700036122,0017-07-29 04:30:00,17,7,29,4,30,760,157,"78, DANEMARK. QUAI DU",49.41578,1.015,Nuit avec éclairage allumé,En agglomération,Hors intersection,Normale,Autre collision,,,,,,,,,,,5,2,1,1.0,6.0
201700036123,0017-07-08 09:10:00,17,7,8,9,10,760,540,RN 1338,49.43767,1.06699,Plein jour,Hors agglomération,Giratoire,Normale,Deux véhicules - côté,,,,,,,,,,,1,1,6,1.0,3.0
201700036124,0017-07-04 09:35:00,17,7,4,9,35,760,540,124 rue du mont gargan,49.43654,1.11066,Plein jour,En agglomération,Hors intersection,Normale,Deux véhicules - arrière,,,,,,,,,,,1,2,1,1.0,2.0
201700036125,0017-07-09 06:50:00,17,7,9,6,50,760,540,AVENUE JEAN RONDEAUX,49.43454,1.07637,Plein jour,En agglomération,Intersection en X,Normale,Deux véhicules - frontale,,,,,,,,,,,1,2,2,1.0,1.0
201700036126,0017-08-07 11:30:00,17,8,7,11,30,760,540,"01, JOFFRE. PLACE",49.4349,1.0867,Plein jour,En agglomération,Giratoire,Normale,Deux véhicules - côté,,,,,,,,,,,1,2,6,1.0,3.0
201700036127,0017-08-13 05:45:00,17,8,13,5,45,760,540,quai cavalier de la sall,49.43906,1.07998,Nuit avec éclairage allumé,En agglomération,Intersection en X,Normale,Autre collision,,,,,,,,,,,5,2,2,1.0,6.0
201700036128,0017-07-08 19:55:00,17,7,8,19,55,760,540,58  AVENUE CHASTELLAIN,49.43506,1.09731,Plein jour,En agglomération,Hors intersection,Normale,Autre collision,,,,,,,,,,,1,2,1,1.0,6.0
201700036129,0017-08-16 08:00:00,17,8,16,8,0,760,540,"01, MOTTE. RUE DE LA",49.43721,1.07215,Plein jour,Hors agglomération,Hors intersection,Normale,Autre collision,,,,,,,,,,,1,1,1,1.0,6.0
201700036130,0017-07-22 19:20:00,17,7,22,19,20,760,319,"01, RN 138",49.39355,1.03704,Plein jour,Hors agglomération,Hors intersection,Pluie légère,Sans collision,,,,,,,,,,,1,1,1,2.0,7.0
201700036131,0017-08-14 15:45:00,17,8,14,15,45,760,540,3 AV JEAN RONDEAUX,49.43407,1.07576,Plein jour,En agglomération,Hors intersection,Normale,Deux véhicules - côté,,,,,,,,,,,1,2,1,1.0,3.0
201700036132,0017-08-24 17:00:00,17,8,24,17,0,760,402,"01, FRESQUIENNES. ROUTE",49.51289,1.03157,Plein jour,En agglomération,Intersection en T,Normale,Autre collision,,,,,,,,,,,1,2,3,1.0,6.0
201700036133,0017-08-25 15:00:00,17,8,25,15,0,760,540,134 AV MONT RIBOUDET,49.44611,1.07129,Plein jour,En agglomération,Hors intersection,Normale,Deux véhicules - côté,,,,,,,,,,,1,2,1,1.0,3.0
201700036134,0017-08-26 05:40:00,17,8,26,5,40,760,540,80 route du havre,49.45131,1.05715,Nuit avec éclairage allumé,En agglomération,Hors intersection,Normale,Autre collision,,,,,,,,,,,5,2,1,1.0,6.0
201700036135,0017-08-25 06:30:00,17,8,25,6,30,760,391,"1, VOIS COMMUNALE DE LA",49.32009,0.90074,Nuit sans éclairage public,Hors agglomération,Hors intersection,Normale,Deux véhicules - frontale,,,,,,,,,,,3,1,1,1.0,1.0