accident_id,datetime,annee,mois,jour,heure,minute,departement,commune_insee,adresse,latitude,longitude,luminosite,agglomeration,intersection,meteo,collision,nb_vehicules,nb_usagers,nb_indemnes,nb_tues,nb_blesses_hosp,nb_blesses_legers,age_cond_1,age_cond_2,veh_type_cond_1,veh_type_cond_2,lum_code,agg_code,int_code,atm_code,col_code
201700036373,0017-12-11 02:16:00,17,12,11,2,16,770,285,"D39E3 - 160, QUAI LALLIA",48.53763,2.64912,Nuit avec éclairage allumé,En agglomération,Hors intersection,Pluie légère,Autre collision,,,,,,,,,,,5,2,1,2.0,6.0
201700036374,0017-12-16 20:30:00,17,12,16,20,30,770,288,"27, TROIS MOULINS  (RUE",48.54401,2.66479,Nuit avec éclairage allumé,En agglomération,Hors intersection,Temps couvert,Autre collision,,,,,,,,,,,5,2,1,8.0,6.0
201700036375,0017-12-22 17:10:00,17,12,22,17,10,770,407,D607,48.54127,2.51698,Nuit sans éclairage public,Hors agglomération,Hors intersection,Pluie légère,Trois véhicules et plus - collisions multiples,,,,,,,,,,,3,1,1,2.0,5.0
201700036376,0017-01-13 17:30:00,17,1,13,17,30,770,296,"499, JEAN JAURES (AVENUE",48.6273,2.57905,Nuit avec éclairage allumé,En agglomération,Hors intersection,Pluie forte,Autre collision,,,,,,,,,,,5,2,1,3.0,6.0
201700036377,0017-01-17 15:55:00,17,1,17,15,55,770,495,PASTEUR (RUE),48.56449,2.60989,Plein jour,En agglomération,Intersection en T,Normale,Deux véhicules - arrière,,,,,,,,,,,1,2,3,1.0,2.0
201700036378,0017-01-30 08:05:00,17,1,30,8,5,770,445,"11, CURIE (AVENUE PIERRE",48.60559,2.57356,Crépuscule ou aube,En agglomération,Hors intersection,Pluie légère,Autre collision,,,,,,,,,,,2,2,1,2.0,6.0
201700036379,0017-02-01 23:01:00,17,2,1,23,1,770,53,RD 319,48.68379,2.63636,Nuit sans éclairage public,Hors agglomération,Giratoire,Temps couvert,Deux véhicules - arrière,,,,,,,,,,,3,1,6,8.0,2.0
201700036380,0017-02-17 23:00:00,17,2,17,23,0,770,251,"128, ORMOY (ALLEE D')",48.63694,2.54339,Nuit avec éclairage allumé,En agglomération,Hors intersection,Normale,Autre collision,,,,,,,,,,,5,2,1,1.0,6.0
201700036381,0017-03-01 19:05:00,17,3,1,19,5,770,53,D216,48.69739,2.5822,Nuit sans éclairage public,Hors agglomération,Hors intersection,Pluie forte,Deux véhicules - frontale,,,,,,,,,,,3,1,1,3.0,1.0
201700036382,0017-03-16 13:55:00,17,3,16,13,55,770,114,D.471,48.74006,2.70194,Plein jour,Hors agglomération,Hors intersection,Normale,Trois véhicules et plus - collisions multiples,,,,,,,,,,,1,1,1,1.0,5.0
201700036383,0017-03-18 01:45:00,17,3,18,1,45,770,326,D.346,48.58175,2.55331,Nuit avec éclairage allumé,Hors agglomération,Hors intersection,Pluie légère,Trois véhicules et plus - en chaîne,,,,,,,,,,,5,1,1,2.0,4.0
201700036384,0017-03-29 07:48:00,17,3,29,7,48,770,326,"90, ROSERAIE (RUE DE LA)",48.58779,2.56759,Plein jour,En agglomération,Hors intersection,Normale,Autre collision,,,,,,,,,,,1,2,1,1.0,6.0
201700036385,0017-04-04 09:00:00,17,4,4,9,0,770,180,D216,48.71912,2.64877,Plein jour,Hors agglomération,Hors intersection,Normale,Trois véhicules et plus - collisions multiples,,,,,,,,,,,1,1,1,1.0,5.0
201700036386,0017-04-08 15:20:00,17,4,8,15,20,770,251,TRAIT D'UNION (AVENUE DU,48.61503,2.54485,Plein jour,En agglomération,Giratoire,Normale,Deux véhicules - frontale,,,,,,,,,,,1,2,6,1.0,1.0
201700036387,0017-04-11 12:55:00,17,4,11,12,55,770,296,D402 X D57 OUEST,48.62624,2.57376,Plein jour,Hors agglomération,Intersection en T,Normale,Deux véhicules - côté,,,,,,,,,,,1,1,3,1.0,3.0
201700036388,0017-04-11 18:25:00,17,4,11,18,25,770,114,RD 216,48.73198,2.68845,Plein jour,Hors agglomération,Hors intersection,Normale,Deux véhicules - côté,,,,,,,,,,,1,1,1,1.0,3.0
201700036389,0017-04-11 19:50:00,17,4,11,19,50,770,296,"771, JATTEAU(AVENUE DE)",48.63284,2.57391,Plein jour,En agglomération,Hors intersection,Normale,Autre collision,,,,,,,,,,,1,2,1,1.0,6.0
201700036390,0017-04-29 22:20:00,17,4,29,22,20,770,251,D150 X BRET ACCES A5a,48.61043,2.57572,Nuit sans éclairage public,Hors agglomération,Giratoire,Normale,Autre collision,,,,,,,,,,,3,1,6,1.0,6.0
201700036391,0017-05-16 23:15:00,17,5,16,23,15,770,53,D319 X D316,48.68351,2.63595,Nuit sans éclairage public,Hors agglomération,Giratoire,Normale,Sans collision,,,,,,,,,,,3,1,6,1.0,7.0
201700036392,0017-05-18 08:10:00,17,5,18,8,10,770,445,EUROPE (AVENUE DE L'),48.59525,2.58105,Plein jour,En agglomération,Hors intersection,Temps couvert,Autre collision,,,,,,,,,,,1,2,1,8.0,6.0
201700036393,0017-06-02 17:25:00,17,6,2,17,25,770,445,OREE DU BOIS (RUE DE L'),48.584,2.5959,Plein jour,En agglomération,Hors intersection,Pluie légère,Deux véhicules - frontale,,,,,,,,,,,1,2,1,2.0,1.0
201700036394,0017-06-05 19:30:00,17,6,5,19,30,770,445,"8, CHESNAIE ( RUE DE LA)",48.60717,2.54358,Plein jour,En agglomération,Intersection en X,Normale,Sans collision,,,,,,,,,,,1,2,2,1.0,7.0
201700036395,0017-05-31 12:05:00,17,5,31,12,5,770,122,"23, SOMMEVILLE(RUE)",48.66449,2.56953,Plein jour,En agglomération,Intersection en T,Normale,Deux véhicules - côté,,,,,,,,,,,1,2,3,1.0,3.0
201700036396,0017-06-10 21:07:00,17,6,10,21,7,770,251,BIENVENUE (COTE DE LA),48.61166,2.54491,Plein jour,En agglomération,Giratoire,Normale,Sans collision,,,,,,,,,,,1,2,6,1.0,7.0
201700036397,0017-06-19 13:20:00,17,6,19,13,20,770,495,D82 X AV. ANNA LINDH,48.57045,2.63355,Plein jour,En agglomération,Intersection en T,Normale,Deux véhicules - frontale,,,,,,,,,,,1,2,3,1.0,1.0
201700036398,0017-06-22 17:03:00,17,6,22,17,3,770,114,D471,48.72362,2.69876,Plein jour,Hors agglomération,Hors intersection,Normale,Trois véhicules et plus - collisions multiples,,,,,,,,,,,1,1,1,1.0,5.0
201700036399,0017-06-25 02:15:00,17,6,25,2,15,770,326,D50 X AV PAVILLON BOURET,48.57608,2.56252,Nuit avec éclairage non allumé,Hors agglomération,Intersection en T,Normale,Deux véhicules - arrière,,,,,,,,,,,4,1,3,1.0,2.0
201700036400,0017-07-14 21:20:00,17,7,14,21,20,770,122,EUROPE ( Boulevard de l',48.6491,2.54826,Plein jour,En agglomération,Hors intersection,Normale,Autre collision,,,,,,,,,,,1,2,1,1.0,6.0
201700036401,0017-07-31 17:30:00,17,7,31,17,30,770,67,"43, TRAMONTANE (RUE DE L",48.57587,2.60904,Plein jour,En agglomération,Hors intersection,Normale,Deux véhicules - côté,,,,,,,,,,,1,2,1,1.0,3.0
201700036402,0017-08-02 13:55:00,17,8,2,13,55,770,251,"1 bis, PRAIRIE (RUE DE L",48.63305,2.55194,Plein jour,En agglomération,Hors intersection,Normale,Autre collision,,,,,,,,,,,1,2,1,1.0,6.0
201700036403,0017-08-07 13:20:00,17,8,7,13,20,770,296,D 57,48.63965,2.57736,Plein jour,Hors agglomération,Hors intersection,Normale,Trois véhicules et plus - en chaîne,,,,,,,,,,,1,1,1,1.0,4.0
201700036404,0017-08-17 09:20:00,17,8,17,9,20,770,122,"16, LIEUSAINT(RUE DE)",48.6628,2.56316,Plein jour,En agglomération,Hors intersection,Normale,Autre collision,,,,,,,,,,,1,2,1,1.0,6.0
201700036405,0017-08-23 13:30:00,17,8,23,13,30,770,296,"892, JEAN JAURES (AVENUE",48.6273,2.57389,Plein jour,En agglomération,Giratoire,Normale,Autre collision,,,,,,,,,,,1,2,6,1.0,6.0
201700036406,0017-09-02 08:05:00,17,9,2,8,5,770,326,D346 X AV.PAVILLON ROYAL,48.57966,2.55864,Plein jour,En agglomération,Intersection en X,Normale,Deux véhicules - côté,,,,,,,,,,,1,2,2,1.0,3.0
201700036407,0017-09-03 01:15:00,17,9,3,1,15,770,114,D471 X D216,48.73474,2.7009,Nuit sans éclairage public,Hors agglomération,Intersection en X,Normale,Deux véhicules - frontale,,,,,,,,,,,3,1,2,1.0,1.0
201700036408,0017-09-13 06:50:00,17,9,13,6,50,770,251,PREAMBULE (ALLEE DU),48.61582,2.5445,Nuit avec éclairage allumé,En agglomération,Hors intersection,Pluie légère,Autre collision,,,,,,,,,,,5,2,1,2.0,6.0
201700036409,0017-09-16 18:30:00,17,9,16,18,30,770,251,"27, COLOMBIER (PLACE DE)",48.63333,2.55194,Plein jour,En agglomération,Place,Normale,Autre collision,,,,,,,,,,,1,2,7,1.0,6.0
201700036410,0017-09-18 07:00:00,17,9,18,7,0,770,296,PIERRE AUBERGE(AVENUE),48.62971,2.6125,Crépuscule ou aube,Hors agglomération,Hors intersection,Normale,Deux véhicules - arrière,,,,,,,,,,,2,1,1,1.0,2.0
201700036411,0017-10-06 23:20:00,17,10,6,23,20,770,445,ROUTOIRES (AVENUE DES),48.59645,2.58772,Nuit avec éclairage allumé,En agglomération,Giratoire,Normale,Deux véhicules - côté,,,,,,,,,,,5,2,6,1.0,3.0
201700036412,0017-10-10 13:45:00,17,10,10,13,45,770,114,D471,48.73291,2.70054,Plein jour,Hors agglomération,Hors intersection,Normale,Trois véhicules et plus - en chaîne,,,,,,,,,,,1,1,1,1.0,4.0
201700036413,0017-10-25 08:32:00,17,10,25,8,32,770,296,BAJOT (RUE),48.63043,2.58861,Crépuscule ou aube,En agglomération,Intersection en Y,Pluie légère,Autre collision,,,,,,,,,,,2,2,4,2.0,6.0
201700036414,0017-11-05 20:26:00,17,11,5,20,26,770,114,D216 X BRET. N4 PROVINCE,48.73588,2.70528,Nuit sans éclairage public,Hors agglomération,Intersection en Y,Normale,Deux véhicules - arrière,,,,,,,,,,,3,1,4,1.0,2.0
201700036415,0017-11-17 08:40:00,17,11,17,8,40,770,251,PEPINIERES (MAIL DES),48.63148,2.54603,Plein jour,En agglomération,Hors intersection,Pluie légère,Autre collision,,,,,,,,,,,1,2,1,2.0,6.0
201700036416,0017-11-04 10:45:00,17,11,4,10,45,770,53,GENERAL LECLERC (RUE DU),48.69444,2.61009,Plein jour,En agglomération,Giratoire,Normale,Autre collision,,,,,,,,,,,1,2,6,1.0,6.0
201700036417,0017-11-13 13:45:00,17,11,13,13,45,770,53,"997, TUBOEUF (RUE DU)",48.70391,2.62014,Plein jour,En agglomération,Hors intersection,Normale,Trois véhicules et plus - en chaîne,,,,,,,,,,,1,2,1,1.0,4.0
201700036418,0017-11-30 14:47:00,17,11,30,14,47,770,296,D402,48.62539,2.57718,Plein jour,Hors agglomération,Hors intersection,Normale,Sans collision,,,,,,,,,,,1,1,1,1.0,7.0
201700036419,0017-11-28 16:46:00,17,11,28,16,46,770,122,PABLO PICASSO(RUE),48.6589,2.56354,Crépuscule ou aube,En agglomération,Hors intersection,Pluie légère,Autre collision,,,,,,,,,,,2,2,1,2.0,6.0
201700036420,0017-11-28 16:19:00,17,11,28,16,19,770,495,D.306,48.5776,2.61521,Plein jour,Hors agglomération,Intersection en Y,Pluie légère,Deux véhicules - frontale,,,,,,,,,,,1,1,4,2.0,1.0
201700036421,0017-12-07 18:25:00,17,12,7,18,25,770,445,HAIE (AVENUE DE LA),48.58694,2.59412,Nuit avec éclairage allumé,En agglomération,Giratoire,Pluie forte,Autre collision,,,,,,,,,,,5,2,6,3.0,6.0
201700036422,0017-12-02 19:15:00,17,12,2,19,15,770,114,"47, CHARLES PATHE (RUE)",48.72511,2.66003,Nuit avec éclairage allumé,En agglomération,Hors intersection,Normale,Autre collision,,,,,,,,,,,5,2,1,1.0,6.0
201700036423,0017-12-28 17:55:00,17,12,28,17,55,770,495,"241, D.306",48.57553,2.61755,Nuit sans éclairage public,Hors agglomération,Hors intersection,Temps couvert,Autre collision,,,,,,,,,,,3,1,1,8.0,6.0
201700036424,0017-03-11 23:31:00,17,3,11,23,31,770,409,"23, PROVINS (RUE DE)",48.40092,2.9906,Nuit sans éclairage public,En agglomération,Intersection en T,Normale,Deux véhicules - arrière,,,,,,,,,,,3,2,3,1.0,2.0
201700036425,0017-04-05 13:40:00,17,4,5,13,40,770,305,"1, CHATELET (RUE DU)",48.38025,2.9441,Plein jour,En agglomération,Intersection en T,Normale,Deux véhicules - côté,,,,,,,,,,,1,2,3,1.0,3.0
201700036426,0017-06-08 16:45:00,17,6,8,16,45,770,210,D606,48.36129,2.88718,Plein jour,Hors agglomération,Hors intersection,Normale,Trois véhicules et plus - collisions multiples,,,,,,,,,,,1,1,1,1.0,5.0
201700036427,0017-06-16 20:30:00,17,6,16,20,30,770,305,"08, LIBERTE (AVENUE DE L",48.39888,2.95292,Plein jour,En agglomération,Hors intersection,Normale,Autre collision,,,,,,,,,,,1,2,1,1.0,6.0
201700036428,0017-06-25 14:50:00,17,6,25,14,50,770,482,D403,48.3583,2.92578,Plein jour,Hors agglomération,Hors intersection,Normale,Trois véhicules et plus - collisions multiples,,,,,,,,,,,1,1,1,1.0,5.0
201700036429,0017-07-09 21:00:00,17,7,9,21,0,770,133,D18 X D29 EST,48.40102,3.03116,Plein jour,Hors agglomération,Intersection en T,Normale,Deux véhicules - côté,,,,,,,,,,,1,1,3,1.0,3.0
201700036430,0017-08-06 18:30:00,17,8,6,18,30,770,409,CD 403,48.41212,3.00066,Plein jour,Hors agglomération,Hors intersection,Normale,Deux véhicules - frontale,,,,,,,,,,,1,1,1,1.0,1.0
201700036431,0017-09-09 13:45:00,17,9,9,13,45,770,133,D 18,48.40385,3.03947,Plein jour,Hors agglomération,Intersection en T,Normale,Trois véhicules et plus - collisions multiples,,,,,,,,,,,1,1,3,1.0,5.0
201700036432,0017-10-19 19:53:00,17,10,19,19,53,770,172,D606,48.35895,2.97757,Nuit sans éclairage public,Hors agglomération,Hors intersection,Normale,Deux véhicules - arrière,,,,,,,,,,,3,1,1,1.0,2.0
201700036433,0017-11-13 16:50:00,17,11,13,16,50,770,305,"19, FOSSES (RUE DES)",48.38701,2.95445,Crépuscule ou aube,En agglomération,Hors intersection,Pluie légère,Autre collision,,,,,,,,,,,2,2,1,2.0,6.0
201700036434,0017-02-02 18:00:00,17,2,2,18,0,770,79,"33, GENERAL DE GAULLE (R",48.40382,2.79875,Crépuscule ou aube,En agglomération,Hors intersection,Pluie légère,Autre collision,,,,,,,,,,,2,2,1,2.0,6.0
201700036435,0017-10-13 04:19:00,17,10,13,4,19,770,316,D 606,48.36673,2.82889,Nuit sans éclairage public,Hors agglomération,Hors intersection,Brouillard / fumée,Deux véhicules - frontale,,,,,,,,,,,3,1,1,5.0,1.0
201700036436,0017-10-19 05:30:00,17,10,19,5,30,770,494,CD 210,48.41869,2.87463,Nuit sans éclairage public,Hors agglomération,Hors intersection,Normale,Deux véhicules - frontale,,,,,,,,,,,3,1,1,1.0,1.0
201700036437,0017-12-19 15:15:00,17,12,19,15,15,770,79,"34, SAMOIS (CHEMIN DE)",48.41017,2.79953,Plein jour,En agglomération,Hors intersection,Temps couvert,Deux véhicules - frontale,,,,,,,,,,,1,2,1,8.0,1.0
201700036438,0017-01-02 07:38:00,17,1,2,7,38,770,333,"8, TANNEURS (RUE DES)",48.26627,2.69889,Nuit avec éclairage allumé,En agglomération,Hors intersection,Pluie légère,Autre collision,,,,,,,,,,,5,2,1,2.0,6.0
201700036439,0017-03-28 10:20:00,17,3,28,10,20,770,48,RD104 - RTE DE GREZ,48.33356,2.70939,Plein jour,Hors agglomération,Hors intersection,Normale,Deux véhicules - frontale,,,,,,,,,,,1,1,1,1.0,1.0
201700036440,0017-03-07 18:05:00,17,3,7,18,5,770,333,MARECHAL DE LATTRE-DE-TA,48.27926,2.69483,Crépuscule ou aube,En agglomération,Hors intersection,Normale,Sans collision,,,,,,,,,,,2,2,1,1.0,7.0
201700036441,0017-08-02 14:05:00,17,8,2,14,5,770,431,"57, PRES (RUE DES)",48.27551,2.68999,Plein jour,Hors agglomération,Intersection en T,Normale,Deux véhicules - frontale,,,,,,,,,,,1,1,3,1.0,1.0
201700036442,0017-09-26 18:30:00,17,9,26,18,30,770,458,DEPARTEMENTALE 136,48.19892,2.77288,Plein jour,Hors agglomération,Hors intersection,Normale,Deux véhicules - côté,,,,,,,,,,,1,1,1,1.0,3.0
201700036443,0017-01-10 18:58:00,17,1,10,18,58,770,468,"1, PABLO NERUDA (RUE)",48.84426,2.64923,Nuit avec éclairage allumé,En agglomération,Intersection en X,Pluie légère,Autre collision,,,,,,,,,,,5,2,2,2.0,6.0
201700036444,0017-02-16 06:24:00,17,2,16,6,24,770,468,LINGENFELD (AVENUE DE),48.84444,2.65414,Nuit avec éclairage allumé,En agglomération,Intersection en T,Normale,Autre collision,,,,,,,,,,,5,2,3,1.0,6.0
201700036445,0017-02-22 21:50:00,17,2,22,21,50,770,83,D370 X BD DE NESLES,48.84847,2.57843,Nuit avec éclairage allumé,En agglomération,Intersection en X,Normale,Deux véhicules - côté,,,,,,,,,,,5,2,2,1.0,3.0
201700036446,0017-02-23 13:00:00,17,2,23,13,0,770,83,"1, NEWTON (BOULEVARD)",48.84264,2.58214,Plein jour,En agglomération,Hors intersection,Normale,Autre collision,,,,,,,,,,,1,2,1,1.0,6.0
201700036447,0017-02-27 12:40:00,17,2,27,12,40,770,258,"1, FREDERIC CHOPIN (BOUL",48.83654,2.64267,Plein jour,En agglomération,Giratoire,Normale,Deux véhicules - côté,,,,,,,,,,,1,2,6,1.0,3.0
201700036448,0017-03-03 17:00:00,17,3,3,17,0,770,169,"6, BOULEVARD OLOF PALME",48.81094,2.61043,Plein jour,Hors agglomération,Hors intersection,Normale,Autre collision,,,,,,,,,,,1,1,1,1.0,6.0
201700036449,0017-03-20 16:25:00,17,3,20,16,25,770,468,JEAN MOULIN (AVENUE),48.83977,2.65798,Plein jour,En agglomération,Giratoire,Normale,Autre collision,,,,,,,,,,,1,2,6,1.0,6.0
201700036450,0017-03-16 18:35:00,17,3,16,18,35,770,468,LINGENFELD (AVENUE DE),48.84105,2.65794,Plein jour,En agglomération,Giratoire,Normale,Autre collision,,,,,,,,,,,1,2,6,1.0,6.0
201700036451,0017-03-25 21:50:00,17,3,25,21,50,770,468,"2, GERARD PHILIPE (RUE)",48.83887,2.64999,Nuit avec éclairage allumé,En agglomération,Hors intersection,Normale,Autre collision,,,,,,,,,,,5,2,1,1.0,6.0
201700036452,0017-03-28 13:45:00,17,3,28,13,45,770,83,D226 X AV.GAL DE GAULLE,48.85215,2.60019,Plein jour,En agglomération,Intersection en X,Normale,Deux véhicules - frontale,,,,,,,,,,,1,2,2,1.0,1.0
201700036453,0017-04-01 13:10:00,17,4,1,13,10,770,468,"2, LOUIS ARAGON (AVENUE)",48.8478,2.64466,Plein jour,En agglomération,Hors intersection,Normale,Deux véhicules - côté,,,,,,,,,,,1,2,1,1.0,3.0
201700036454,0017-04-01 18:05:00,17,4,1,18,5,770,337,"84, ROCHES (COURS DES)",48.84303,2.61535,Plein jour,En agglomération,Hors intersection,Normale,Autre collision,,,,,,,,,,,1,2,1,1.0,6.0
201700036455,0017-04-29 17:50:00,17,4,29,17,50,770,468,D10P X RUE REPUBLIQUE,48.85813,2.64531,Plein jour,En agglomération,Intersection en T,Normale,Sans collision,,,,,,,,,,,1,2,3,1.0,7.0
201700036456,0017-05-19 19:42:00,17,5,19,19,42,770,169,D406 X AV DE L'EUROPE,48.82618,2.61112,Plein jour,Hors agglomération,Intersection en X,Normale,Deux véhicules - arrière,,,,,,,,,,,1,1,2,1.0,2.0
201700036457,0017-06-02 16:30:00,17,6,2,16,30,770,83,PABLO PICASSO (PLACE),48.84096,2.60625,Plein jour,En agglomération,Hors intersection,Normale,Autre collision,,,,,,,,,,,1,2,1,1.0,6.0
201700036458,0017-06-08 07:20:00,17,6,8,7,20,770,468,"5, CLEF SAINT PIERRE (AL",48.85792,2.65952,Plein jour,En agglomération,Hors intersection,Normale,Autre collision,,,,,,,,,,,1,2,1,1.0,6.0
201700036459,0017-06-15 17:57:00,17,6,15,17,57,770,258,"1, JEHAN SCARRON (RUE)",48.84078,2.63354,Plein jour,En agglomération,Intersection en T,Normale,Autre collision,,,,,,,,,,,1,2,3,1.0,6.0
201700036460,0017-07-04 10:04:00,17,7,4,10,4,770,121,"32, MIREILLE MORVAN (PLA",48.83687,2.6723,Plein jour,En agglomération,Hors intersection,Normale,Autre collision,,,,,,,,,,,1,2,1,1.0,6.0
201700036461,0017-07-15 23:40:00,17,7,15,23,40,770,468,"27, PARIS (RUE DE)",48.85088,2.65389,Nuit avec éclairage allumé,En agglomération,Hors intersection,Normale,Autre collision,,,,,,,,,,,5,2,1,1.0,6.0
201700036462,0017-08-31 18:45:00,17,8,31,18,45,770,468,"2, PIERRE MENDES FRANCE",48.84133,2.65256,Plein jour,En agglomération,Hors intersection,Normale,Sans collision,,,,,,,,,,,1,2,1,1.0,7.0
201700036463,0017-09-05 16:40:00,17,9,5,16,40,770,83,COPERNIC (BOULEVARD),48.84279,2.58602,Plein jour,En agglomération,Intersection en X,Normale,Deux véhicules - côté,,,,,,,,,,,1,2,2,1.0,3.0
201700036464,0017-10-01 23:00:00,17,10,1,23,0,770,83,D64 - BD. DE LA MARNE,48.84856,2.6084,Nuit sans éclairage public,Hors agglomération,Hors intersection,Normale,Autre collision,,,,,,,,,,,3,1,1,1.0,6.0
201700036465,0017-10-29 10:30:00,17,10,29,10,30,770,83,"93, GENERAL DE  GAULLE (",48.85025,2.58524,Plein jour,En agglomération,Giratoire,Normale,Deux véhicules - côté,,,,,,,,,,,1,2,6,1.0,3.0
201700036466,0017-10-31 07:55:00,17,10,31,7,55,770,337,MARNE VPN (ROUTE DE LA),48.84877,2.59219,Plein jour,Hors agglomération,Autre intersection,Normale,Deux véhicules - arrière,,,,,,,,,,,1,1,9,1.0,2.0
201700036467,0017-11-01 22:40:00,17,11,1,22,40,770,337,D10P X R. BOIS LA GRANGE,48.84093,2.61837,Nuit avec éclairage allumé,En agglomération,Intersection en X,Normale,Deux véhicules - côté,,,,,,,,,,,5,2,2,1.0,3.0
201700036468,0017-11-18 15:05:00,17,11,18,15,5,770,83,"3, NESLE (BOULEVARD DE)",48.84888,2.58369,Plein jour,En agglomération,Intersection en X,Normale,Autre collision,,,,,,,,,,,1,2,2,1.0,6.0
201700036469,0017-11-18 18:30:00,17,11,18,18,30,770,169,"7,RUE CLOVIS HUGUES",48.80649,2.62159,Nuit avec éclairage non allumé,En agglomération,Intersection en T,Normale,Autre collision,,,,,,,,,,,4,2,3,1.0,6.0
201700036470,0017-11-27 18:40:00,17,11,27,18,40,770,337,ROCHES (COURS DES),48.84585,2.61366,Nuit avec éclairage allumé,En agglomération,Giratoire,Pluie légère,Autre collision,,,,,,,,,,,5,2,6,2.0,6.0
201700036471,0017-12-12 17:30:00,17,12,12,17,30,770,83,D104 (DEPT93) X D226,48.85845,2.58169,Nuit avec éclairage allumé,En agglomération,Intersection en X,Pluie légère,Deux véhicules - arrière,,,,,,,,,,,5,2,2,2.0,2.0
201700036472,0017-12-16 19:10:00,17,12,16,19,10,770,468,"2, GENERAL DE GAULLE (RU",48.83855,2.6583,Nuit avec éclairage allumé,En agglomération,Hors intersection,Normale,Autre collision,,,,,,,,,,,5,2,1,1.0,6.0
201700036473,0017-12-17 11:50:00,17,12,17,11,50,770,83,"38, NESLE (BOULEVARD DE)",48.84889,2.58103,Plein jour,En agglomération,Intersection en T,Brouillard / fumée,Deux véhicules - côté,,,,,,,,,,,1,2,3,5.0,3.0
201700036474,0017-12-28 08:30:00,17,12,28,8,30,770,258,SOUBRIARDE (AVENUE DE LA,48.83398,2.64262,Crépuscule ou aube,En agglomération,Giratoire,Normale,Autre collision,,,,,,,,,,,2,2,6,1.0,6.0
201700036475,0017-12-31 16:00:00,17,12,31,16,0,770,373,"4, PARIS (RUE DE)",48.77645,2.59828,Crépuscule ou aube,En agglomération,Hors intersection,Pluie légère,Autre collision,,,,,,,,,,,2,2,1,2.0,6.0
201700036476,0017-01-13 16:30:00,17,1,13,16,30,770,373,"78-82, BERCHERES (RUE DE",48.7877,2.61201,Plein jour,En agglomération,Hors intersection,Pluie légère,Autre collision,,,,,,,,,,,1,2,1,2.0,6.0
201700036477,0017-02-03 18:50:00,17,2,3,18,50,770,373,"88, CHARLES ROUXEL (AVEN",48.79087,2.60396,Nuit avec éclairage allumé,En agglomération,Autre intersection,Pluie légère,Autre collision,,,,,,,,,,,5,2,9,2.0,6.0
201700036478,0017-02-19 12:25:00,17,2,19,12,25,770,374,CD 21,48.796,2.7187,Plein jour,Hors agglomération,Hors intersection,Normale,Sans collision,,,,,,,,,,,1,1,1,1.0,7.0
201700036479,0017-03-10 17:00:00,17,3,10,17,0,770,373,"6, JEAN MOULIN (RUE)",48.78739,2.59786,Plein jour,En agglomération,Hors intersection,Normale,Autre collision,,,,,,,,,,,1,2,1,1.0,6.0
201700036480,0017-03-27 07:45:00,17,3,27,7,45,770,373,RN4 HORS AGGLOMERATION,48.7715,2.62476,Plein jour,Hors agglomération,Hors intersection,Normale,Trois véhicules et plus - en chaîne,,,,,,,,,,,1,1,1,1.0,4.0
201700036481,0017-04-04 18:15:00,17,4,4,18,15,770,390,"9, AV. MARECHAL FOCH",48.79099,2.66645,Plein jour,En agglomération,Hors intersection,Normale,Deux véhicules - côté,,,,,,,,,,,1,2,1,1.0,3.0
201700036482,0017-04-09 19:05:00,17,4,9,19,5,770,350,D - AV. GENERAL LECLERC,48.77779,2.67954,Plein jour,En agglomération,Hors intersection,Normale,Deux véhicules - côté,,,,,,,,,,,1,2,1,1.0,3.0
201700036483,0017-04-22 22:30:00,17,4,22,22,30,770,350,RN4 HORS AGGLOMERATION,48.7686,2.64175,Nuit sans éclairage public,Hors agglomération,Hors intersection,Normale,Deux véhicules - arrière,,,,,,,,,,,3,1,1,1.0,2.0
201700036484,0017-05-08 07:45:00,17,5,8,7,45,770,215,D350 - AV DE LA LIBERTE,48.75153,2.72334,Crépuscule ou aube,Hors agglomération,Hors intersection,Pluie légère,Autre collision,,,,,,,,,,,2,1,1,2.0,6.0
201700036485,0017-05-22 08:20:00,17,5,22,8,20,770,350,"52, EDOUARD GOURDON",48.77348,2.68554,Plein jour,En agglomération,Giratoire,Normale,Deux véhicules - frontale,,,,,,,,,,,1,2,6,1.0,1.0
201700036486,0017-05-21 10:25:00,17,5,21,10,25,770,373,"55, CHARLES ROUXEL (AVEN",48.79435,2.60459,Plein jour,En agglomération,Hors intersection,Normale,Deux véhicules - arrière,,,,,,,,,,,1,2,1,1.0,2.0
201700036487,0017-05-20 16:40:00,17,5,20,16,40,770,350,AV DESIDERIUS ERASME,48.75601,2.70391,Plein jour,Hors agglomération,Hors intersection,Normale,Autre collision,,,,,,,,,,,1,1,1,1.0,6.0
201700036488,0017-05-25 19:10:00,17,5,25,19,10,770,373,"8, FORT (RUE DU)",48.77872,2.6083,Plein jour,En agglomération,Hors intersection,Normale,Autre collision,,,,,,,,,,,1,2,1,1.0,6.0
201700036489,0017-05-11 17:45:00,17,5,11,17,45,770,390,"5, JULES FERRY (RUE)",48.79838,2.64744,Plein jour,En agglomération,Hors intersection,Normale,Autre collision,,,,,,,,,,,1,2,1,1.0,6.0
201700036490,0017-06-03 11:50:00,17,6,3,11,50,770,373,MONTHETY (RUE),48.7778,2.60957,Plein jour,En agglomération,Intersection en X,Normale,Deux véhicules - côté,,,,,,,,,,,1,2,2,1.0,3.0