accident_id,datetime,annee,mois,jour,heure,minute,departement,commune_insee,adresse,latitude,longitude,luminosite,agglomeration,intersection,meteo,collision,nb_vehicules,nb_usagers,nb_indemnes,nb_tues,nb_blesses_hosp,nb_blesses_legers,age_cond_1,age_cond_2,veh_type_cond_1,veh_type_cond_2,lum_code,agg_code,int_code,atm_code,col_code
201700036733,0017-01-16 08:15:00,17,1,16,8,15,780,551,"1, RN 184",,,Crépuscule ou aube,Hors agglomération,Hors intersection,Normale,Deux véhicules - frontale,,,,,,,,,,,2,1,1,1.0,1.0
201700036734,0017-01-20 16:30:00,17,1,20,16,30,780,372,"10, WILLY BLUMENTHAL (RU",48.8693,2.09521,Plein jour,En agglomération,Giratoire,Normale,Autre collision,,,,,,,,,,,1,2,6,1.0,6.0
201700036735,0017-12-30 20:00:00,17,12,30,20,0,780,481,PRESIDENT J.F KENNEDY (A,,,Nuit sans éclairage public,En agglomération,Hors intersection,Pluie légère,Autre collision,,,,,,,,,,,3,2,1,2.0,6.0
201700036736,0017-12-15 03:40:00,17,12,15,3,40,780,190,"39ter, ECLUSE (RUE DE)",48.0,2.0,Nuit avec éclairage allumé,En agglomération,Hors intersection,Normale,Autre collision,,,,,,,,,,,5,2,1,1.0,6.0
201700036737,0017-01-17 16:30:00,17,1,17,16,30,780,251,PENDANTS D'HENNEMONT (AV,,,Crépuscule ou aube,En agglomération,Intersection en X,Normale,Autre collision,,,,,,,,,,,2,2,2,1.0,6.0
201700036738,0017-01-29 02:00:00,17,1,29,2,0,780,551,RD 190,,,Nuit avec éclairage allumé,Hors agglomération,Hors intersection,Normale,Autre collision,,,,,,,,,,,5,1,1,1.0,6.0
201700036739,0017-03-08 16:05:00,17,3,8,16,5,780,418,PAUL DEMANGE (PLACE),48.90626,2.15105,Plein jour,En agglomération,Autre intersection,Pluie légère,Deux véhicules - arrière,,,,,,,,,,,1,2,9,2.0,2.0
201700036740,0017-03-15 14:10:00,17,3,15,14,10,780,372,"56, JOHN FITZGERALD KENN",48.87947,2.09719,Plein jour,En agglomération,Hors intersection,Normale,Deux véhicules - arrière,,,,,,,,,,,1,2,1,1.0,2.0
201700036741,0017-03-27 13:40:00,17,3,27,13,40,780,481,"1, MARECHAL DE LATTRE DE",48.89794,2.10657,Plein jour,En agglomération,Hors intersection,Normale,Deux véhicules - arrière,,,,,,,,,,,1,2,1,1.0,2.0
201700036742,0017-03-19 09:17:00,17,3,19,9,17,780,551,RN 184,,,Plein jour,Hors agglomération,Hors intersection,Normale,Deux véhicules - côté,,,,,,,,,,,1,1,1,1.0,3.0
201700036743,0017-04-13 21:15:00,17,4,13,21,15,780,551,MAISONS LAFFITTE (ROUTE,48.905,2.0936,Nuit sans éclairage public,Hors agglomération,Hors intersection,Normale,Autre collision,,,,,,,,,,,3,1,1,1.0,6.0
201700036744,0017-04-23 01:30:00,17,4,23,1,30,780,350,VERSAILLES (ROUTE DE),48.51117,2.26318,Nuit avec éclairage non allumé,Hors agglomération,Hors intersection,Normale,Trois véhicules et plus - collisions multiples,,,,,,,,,,,4,1,1,1.0,5.0
201700036745,0017-06-04 15:45:00,17,6,4,15,45,780,551,"1, GENERAL LECLERC (AVEN",48.8936,2.099,Plein jour,En agglomération,Intersection en T,Normale,Trois véhicules et plus - en chaîne,,,,,,,,,,,1,2,3,1.0,4.0
201700036746,0017-05-31 13:05:00,17,5,31,13,5,780,551,"1, FRAHIER (PLACE CHRIST",48.90283,2.07378,Plein jour,En agglomération,Place,Normale,Autre collision,,,,,,,,,,,1,2,7,1.0,6.0
201700036747,0017-07-17 10:45:00,17,7,17,10,45,780,350,"04, GAL DE GAULLE",48.86088,2.12174,Plein jour,En agglomération,Hors intersection,Normale,Deux véhicules - frontale,,,,,,,,,,,1,2,1,1.0,1.0
201700036748,0017-06-19 18:20:00,17,6,19,18,20,780,7,"99, GRANDE RUE",48.90111,2.02349,Plein jour,En agglomération,Hors intersection,Normale,Deux véhicules - arrière,,,,,,,,,,,1,2,1,1.0,2.0
201700036749,0017-09-12 17:55:00,17,9,12,17,55,780,190,EQUERRE (RUE DE L'),48.87652,2.14393,Plein jour,En agglomération,Intersection en T,Normale,Autre collision,,,,,,,,,,,1,2,3,1.0,6.0
201700036750,0017-07-10 15:30:00,17,7,10,15,30,780,481,"27bis, MARECHAL DE LATTR",48.89465,2.10084,Plein jour,En agglomération,Hors intersection,Temps couvert,Autre collision,,,,,,,,,,,1,2,1,8.0,6.0
201700036751,0017-09-30 16:00:00,17,9,30,16,0,780,350,"64, VERSAILLES (ROUTE DE",,,Plein jour,En agglomération,Hors intersection,Normale,Deux véhicules - arrière,,,,,,,,,,,1,2,1,1.0,2.0
201700036752,0017-08-15 01:10:00,17,8,15,1,10,780,551,PEREIRE,48.90134,2.07153,Nuit avec éclairage allumé,En agglomération,Intersection en X,Normale,Deux véhicules - côté,,,,,,,,,,,5,2,2,1.0,3.0
201700036753,0017-07-29 05:05:00,17,7,29,5,5,780,551,RN 184,48.92565,2.09059,Nuit sans éclairage public,En agglomération,Hors intersection,Normale,Deux véhicules - frontale,,,,,,,,,,,3,2,1,1.0,1.0
201700036754,0017-09-22 15:35:00,17,9,22,15,35,780,350,"11, CONTI (QUAI)",48.87569,2.11765,Plein jour,En agglomération,Hors intersection,Normale,Deux véhicules - arrière,,,,,,,,,,,1,2,1,1.0,2.0
201700036755,0017-08-12 00:40:00,17,8,12,0,40,780,551,RN 184,48.92364,2.08768,Nuit avec éclairage allumé,Hors agglomération,Hors intersection,Normale,Deux véhicules - côté,,,,,,,,,,,5,1,1,1.0,3.0
201700036756,0017-09-21 14:45:00,17,9,21,14,45,780,551,"015, LOGES (AVENUE DES)",48.90477,2.0931,Plein jour,En agglomération,Hors intersection,Normale,Deux véhicules - côté,,,,,,,,,,,1,2,1,1.0,3.0
201700036757,0017-11-11 05:00:00,17,11,11,5,0,780,551,MAISONS LAFFITTE (ROUTE,48.90691,2.09493,Nuit avec éclairage allumé,Hors agglomération,Hors intersection,Pluie légère,Deux véhicules - frontale,,,,,,,,,,,5,1,1,2.0,1.0
201700036758,0017-09-23 11:05:00,17,9,23,11,5,780,650,"122, CARNOT (BOULEVARD)",48.89802,2.11363,Plein jour,En agglomération,Hors intersection,Normale,Trois véhicules et plus - collisions multiples,,,,,,,,,,,1,2,1,1.0,5.0
201700036759,0017-12-08 16:30:00,17,12,8,16,30,780,350,"1, MACHINE (RUE)",48.86484,2.11561,Crépuscule ou aube,En agglomération,Hors intersection,Neige / grêle,Autre collision,,,,,,,,,,,2,2,1,4.0,6.0
201700036760,0017-12-03 17:10:00,17,12,3,17,10,780,481,JEAN JAURES (AVENUE),48.89798,-2.11149,Crépuscule ou aube,En agglomération,Hors intersection,Normale,Autre collision,,,,,,,,,,,2,2,1,1.0,6.0
201700036761,0017-01-03 17:30:00,17,1,3,17,30,780,311,"8 bis, VICTOIRE (AVENUE",,,Crépuscule ou aube,En agglomération,Intersection en X,Normale,Autre collision,,,,,,,,,,,2,2,2,1.0,6.0
201700036762,0017-01-06 08:15:00,17,1,6,8,15,780,124,"324, SAINT GERMAIN (ROUT",48.91193,2.16763,Plein jour,En agglomération,Hors intersection,Autre,Autre collision,,,,,,,,,,,1,2,1,9.0,6.0
201700036763,0017-01-20 08:15:00,17,1,20,8,15,780,311,GAMBETTA (RUE),,,Plein jour,En agglomération,Intersection en Y,Normale,Autre collision,,,,,,,,,,,1,2,4,1.0,6.0
201700036764,0017-01-20 07:40:00,17,1,20,7,40,780,311,"9, JEAN JAURES (BOULEVAR",,,Plein jour,En agglomération,Intersection en T,Normale,Autre collision,,,,,,,,,,,1,2,3,1.0,6.0
201700036765,0017-02-10 19:00:00,17,2,10,19,0,780,586,"16, MELIES",48.94527,2.20361,Nuit avec éclairage allumé,En agglomération,Hors intersection,Normale,Autre collision,,,,,,,,,,,5,2,1,1.0,6.0
201700036766,0017-03-02 16:00:00,17,3,2,16,0,780,311,"12, SAMBRE ET MEUSE (RUE",,,Plein jour,En agglomération,Hors intersection,Normale,Deux véhicules - côté,,,,,,,,,,,1,2,1,1.0,3.0
201700036767,0017-03-12 02:50:00,17,3,12,2,50,780,586,"64, CLEMENCEAU (G.) N°10",48.94249,2.19427,Nuit avec éclairage allumé,En agglomération,Giratoire,Normale,Autre collision,,,,,,,,,,,5,2,6,1.0,6.0
201700036768,0017-04-23 16:50:00,17,4,23,16,50,780,311,"136, HENRI BARBUSSE (BOU",,,Plein jour,En agglomération,Hors intersection,Normale,Deux véhicules - côté,,,,,,,,,,,1,2,1,1.0,3.0
201700036769,0017-05-28 15:00:00,17,5,28,15,0,780,124,"73, JEAN JACQUES ROUSSEA",48.9176,2.18281,Plein jour,En agglomération,Hors intersection,Normale,Deux véhicules - côté,,,,,,,,,,,1,2,1,1.0,3.0
201700036770,0017-05-31 08:45:00,17,5,31,8,45,780,586,SEINE (QUAI) 22,48.9037,2.1583,Plein jour,En agglomération,Hors intersection,Normale,Autre collision,,,,,,,,,,,1,2,1,1.0,6.0
201700036771,0017-05-31 12:55:00,17,5,31,12,55,780,586,place stendhal,48.94408,2.19452,Plein jour,En agglomération,Hors intersection,Normale,Autre collision,,,,,,,,,,,1,2,1,1.0,6.0
201700036772,0017-05-31 23:15:00,17,5,31,23,15,780,358,"9, ROMILLY (RUE DE)",48.93637,2.12512,Nuit avec éclairage allumé,En agglomération,Hors intersection,Normale,Autre collision,,,,,,,,,,,5,2,1,1.0,6.0
201700036773,0017-05-31 20:05:00,17,5,31,20,5,780,586,ROBERT SCHUMAN (AVENUE),48.94477,2.18383,Plein jour,En agglomération,Intersection en T,Normale,Deux véhicules - côté,,,,,,,,,,,1,2,3,1.0,3.0
201700036774,0017-07-05 18:20:00,17,7,5,18,20,780,311,"42, HENRI BARBUSSE (BOUL",48.92687,2.19232,Plein jour,En agglomération,Intersection en X,Normale,Deux véhicules - côté,,,,,,,,,,,1,2,2,1.0,3.0
201700036775,0017-07-26 17:57:00,17,7,26,17,57,780,124,"45, VICTOR HUGO (RUE)",48.90178,2.17087,Plein jour,En agglomération,Hors intersection,Temps couvert,Deux véhicules - frontale,,,,,,,,,,,1,2,1,8.0,1.0
201700036776,0017-07-26 12:05:00,17,7,26,12,5,780,586,CORMEILLES Nø IMPAIR,48.9482,-2.17991,Plein jour,En agglomération,Hors intersection,Normale,Deux véhicules - frontale,,,,,,,,,,,1,2,1,1.0,1.0
201700036777,0017-08-05 01:35:00,17,8,5,1,35,780,586,"1, BERTEAUX (MAURICE) Nø",48.94346,2.1608,Nuit avec éclairage allumé,En agglomération,Hors intersection,Pluie forte,Autre collision,,,,,,,,,,,5,2,1,3.0,6.0
201700036778,0017-06-28 18:00:00,17,6,28,18,0,780,586,"0, TOBROUK",48.92866,2.16145,Plein jour,En agglomération,Intersection en T,Pluie légère,Deux véhicules - côté,,,,,,,,,,,1,2,3,2.0,3.0
201700036779,0017-09-12 16:00:00,17,9,12,16,0,780,311,"11, MATTEOTI (RUE)",48.93501,-2.18551,Plein jour,En agglomération,Hors intersection,Normale,Autre collision,,,,,,,,,,,1,2,1,1.0,6.0
201700036780,0017-09-17 15:30:00,17,9,17,15,30,780,311,"33, HENRI BARBUSSE BOUL",48.92681,2.19237,Plein jour,En agglomération,Intersection en X,Normale,Deux véhicules - côté,,,,,,,,,,,1,2,2,1.0,3.0
201700036781,0017-09-17 11:40:00,17,9,17,11,40,780,358,"37, LAVOISIER (AVENUE)",48.95318,2.13891,Plein jour,En agglomération,Hors intersection,Normale,Deux véhicules - côté,,,,,,,,,,,1,2,1,1.0,3.0
201700036782,0017-10-01 02:55:00,17,10,1,2,55,950,63,RTE DE PONTOISE,48.9461,2.2062,Nuit avec éclairage allumé,En agglomération,Intersection en T,Pluie légère,Deux véhicules - côté,,,,,,,,,,,5,2,3,2.0,3.0
201700036783,0017-10-14 21:50:00,17,10,14,21,50,780,311,"62, STALINGRAD (RUE DE)",48.93021,2.19772,Nuit avec éclairage allumé,En agglomération,Intersection en T,Normale,Deux véhicules - côté,,,,,,,,,,,5,2,3,1.0,3.0
201700036784,0017-10-18 19:50:00,17,10,18,19,50,780,358,"10, EGLE (AV)",48.94916,2.14963,Nuit avec éclairage allumé,En agglomération,Place,Normale,Deux véhicules - côté,,,,,,,,,,,5,2,7,1.0,3.0
201700036785,0017-10-31 21:30:00,17,10,31,21,30,780,586,"161, CLEMENCEAU (G.) Nø1",48.94187,2.20055,Nuit avec éclairage allumé,En agglomération,Intersection en Y,Normale,Deux véhicules - frontale,,,,,,,,,,,5,2,4,1.0,1.0
201700036786,0017-11-04 15:40:00,17,11,4,15,40,780,124,MAURICE BERTEAUX (BOULEV,48.0,5.0,Plein jour,En agglomération,Intersection en X,Pluie légère,Deux véhicules - côté,,,,,,,,,,,1,2,2,2.0,3.0
201700036787,0017-11-10 19:50:00,17,11,10,19,50,780,586,REPUBLIQUE (AVENUE) Nø P,48.93376,2.15117,Nuit avec éclairage allumé,En agglomération,Intersection en X,Normale,Deux véhicules - côté,,,,,,,,,,,5,2,2,1.0,3.0
201700036788,0017-12-09 14:45:00,17,12,9,14,45,780,311,"4bis, MARECHAL JOFFRE (A",48.92153,2.18868,Plein jour,En agglomération,Intersection en T,Normale,Autre collision,,,,,,,,,,,1,2,3,1.0,6.0
201700036789,0017-12-22 21:10:00,17,12,22,21,10,780,311,JEAN JACQUES ROUSSEAU (A,48.91888,2.1875,Nuit sans éclairage public,En agglomération,Intersection en X,Pluie légère,Deux véhicules - côté,,,,,,,,,,,3,2,2,2.0,3.0
201700036790,0017-12-30 22:30:00,17,12,30,22,30,780,311,"2, HENRI BARBUSSE (BOULE",48.925,2.195,Nuit avec éclairage allumé,En agglomération,Hors intersection,Normale,Autre collision,,,,,,,,,,,5,2,1,1.0,6.0
201700036791,0017-01-06 18:15:00,17,1,6,18,15,780,646,"7, PORTE DE BUC (RUE DE",48.79508,2.13911,Nuit avec éclairage allumé,En agglomération,Hors intersection,Normale,Autre collision,,,,,,,,,,,5,2,1,1.0,6.0
201700036792,0017-12-16 20:50:00,17,12,16,20,50,780,640,parking V2,48.78451,2.22148,Nuit sans éclairage public,Hors agglomération,Hors intersection,Pluie légère,Deux véhicules - arrière,,,,,,,,,,,3,1,1,2.0,2.0
201700036793,0017-01-16 09:16:00,17,1,16,9,16,780,322,ABEL NICOLLE (RUE),48.77,2.17,Plein jour,En agglomération,Intersection en T,Normale,Autre collision,,,,,,,,,,,1,2,3,1.0,6.0
201700036794,0017-12-22 10:10:00,17,12,22,10,10,780,646,DIVISION LECLERC (RUE DE,48.80317,2.10551,Plein jour,En agglomération,Intersection en X,Normale,Autre collision,,,,,,,,,,,1,2,2,1.0,6.0
201700036795,0017-01-20 09:08:00,17,1,20,9,8,780,646,LOI (PLACE DE LA),,,Plein jour,En agglomération,Hors intersection,Normale,Deux véhicules - côté,,,,,,,,,,,1,2,1,1.0,3.0
201700036796,0017-01-09 18:00:00,17,1,9,18,0,780,158,REDINGOTE (CARREFOUR DE,,,Nuit avec éclairage allumé,En agglomération,Hors intersection,Normale,Autre collision,,,,,,,,,,,5,2,1,1.0,6.0
201700036797,0017-02-15 12:05:00,17,2,15,12,5,780,646,N12 - BRETELLE DE SORTIE,48.788,2.1485,Plein jour,En agglomération,Intersection en Y,Normale,Deux véhicules - côté,,,,,,,,,,,1,2,4,1.0,3.0
201700036798,0017-02-03 08:20:00,17,2,3,8,20,780,158,"157, VERSAILLES (RUE DE)",,,Plein jour,En agglomération,Intersection en X,Normale,Deux véhicules - frontale,,,,,,,,,,,1,2,2,1.0,1.0
201700036799,0017-04-07 01:50:00,17,4,7,1,50,780,158,REDINGOTE (CARREFOUR DE,48.82248,2.12735,Nuit avec éclairage allumé,En agglomération,Giratoire,Normale,Deux véhicules - arrière,,,,,,,,,,,5,2,6,1.0,2.0
201700036800,0017-01-17 08:05:00,17,1,17,8,5,780,126,"8E, DE GAULLE CHARLES (A",,,Plein jour,En agglomération,Intersection en T,Normale,Deux véhicules - côté,,,,,,,,,,,1,2,3,1.0,3.0
201700036801,0017-04-03 06:40:00,17,4,3,6,40,780,646,PORTE DE BUC (RUE DE LA),48.79162,2.13587,Crépuscule ou aube,En agglomération,Intersection en X,Normale,Deux véhicules - côté,,,,,,,,,,,2,2,2,1.0,3.0
201700036802,0017-04-06 20:25:00,17,4,6,20,25,780,646,"11, ETATS GENERAUX (RUE",48.80048,2.13253,Plein jour,Hors agglomération,Intersection en X,Normale,Deux véhicules - côté,,,,,,,,,,,1,1,2,1.0,3.0
201700036803,0017-04-17 18:10:00,17,4,17,18,10,780,646,"64, MARECHAL FOCH (RUE D",48.81216,2.13554,Plein jour,En agglomération,Intersection en X,Normale,Trois véhicules et plus - collisions multiples,,,,,,,,,,,1,2,2,1.0,5.0
201700036804,0017-05-02 07:05:00,17,5,2,7,5,780,646,ROYALE (RUE),48.7946,2.12468,Plein jour,En agglomération,Intersection en X,Pluie légère,Deux véhicules - côté,,,,,,,,,,,1,2,2,2.0,3.0
201700036805,0017-05-02 18:45:00,17,5,2,18,45,780,640,CAPITAINE TARON (RUE DU),,,Plein jour,En agglomération,Intersection en X,Normale,Autre collision,,,,,,,,,,,1,2,2,1.0,6.0
201700036806,0017-05-08 15:40:00,17,5,8,15,40,780,640,EUROPE (AV) / Mairie,48.78053,2.19172,Plein jour,En agglomération,Hors intersection,Normale,Autre collision,,,,,,,,,,,1,2,1,1.0,6.0
201700036807,0017-02-21 15:52:00,17,2,21,15,52,780,126,"3, PUITS (AVENUE DES)",48.84777,2.14951,Plein jour,En agglomération,Hors intersection,Normale,Autre collision,,,,,,,,,,,1,2,1,1.0,6.0
201700036808,0017-05-10 13:55:00,17,5,10,13,55,780,158,"14, POTTIER (RUE)",48.82358,2.12638,Plein jour,En agglomération,Hors intersection,Normale,Autre collision,,,,,,,,,,,1,2,1,1.0,6.0
201700036809,0017-05-11 14:25:00,17,5,11,14,25,780,646,"44, PAROISSE (RUE DE LA)",48.80729,2.1291,Plein jour,En agglomération,Intersection en X,Normale,Autre collision,,,,,,,,,,,1,2,2,1.0,6.0
201700036810,0017-05-15 18:05:00,17,5,15,18,5,780,640,"12, GENERAL DE GAULLE (A",48.78502,2.18262,Plein jour,En agglomération,Hors intersection,Normale,Deux véhicules - côté,,,,,,,,,,,1,2,1,1.0,3.0
201700036811,0017-05-19 18:10:00,17,5,19,18,10,780,640,"9, PAUL DAUTIER (RUE)",48.7801,2.214,Plein jour,En agglomération,Hors intersection,Normale,Deux véhicules - côté,,,,,,,,,,,1,2,1,1.0,3.0
201700036812,0017-05-25 19:20:00,17,5,25,19,20,780,646,CLEMENT ADER (AVENUE),48.79246,2.11812,Plein jour,En agglomération,Intersection en X,Normale,Deux véhicules - côté,,,,,,,,,,,1,2,2,1.0,3.0
201700036813,0017-05-26 11:05:00,17,5,26,11,5,780,646,CHAMP LAGARDE (RUE),48.80418,2.15428,Plein jour,En agglomération,Intersection en X,Normale,Autre collision,,,,,,,,,,,1,2,2,1.0,6.0
201700036814,0017-04-07 17:50:00,17,4,7,17,50,780,158,"1, CD173",48.83364,2.14291,Plein jour,En agglomération,Intersection en X,Normale,Deux véhicules - arrière,,,,,,,,,,,1,2,2,1.0,2.0
201700036815,0017-06-06 22:01:00,17,6,6,22,1,780,646,MARECHAL FOCH (RUE DU),48.80892,2.13345,Crépuscule ou aube,En agglomération,Intersection en X,Normale,Deux véhicules - côté,,,,,,,,,,,2,2,2,1.0,3.0
201700036816,0017-06-08 17:55:00,17,6,8,17,55,780,640,40 rue Exelmans,48.77977,2.20009,Plein jour,En agglomération,Hors intersection,Normale,Autre collision,,,,,,,,,,,1,2,1,1.0,6.0
201700036817,0017-06-09 22:20:00,17,6,9,22,20,780,646,PARC DE CLAGNY (RUE DU),48.8139,0.1409,Nuit avec éclairage allumé,En agglomération,Intersection en X,Normale,Deux véhicules - frontale,,,,,,,,,,,5,2,2,1.0,1.0
201700036818,0017-06-13 21:50:00,17,6,13,21,50,780,322,CHARLES DE GAULLE (RUE),48.78172,2.15569,Crépuscule ou aube,En agglomération,Hors intersection,Normale,Deux véhicules - côté,,,,,,,,,,,2,2,1,1.0,3.0
201700036819,0017-06-16 15:58:00,17,6,16,15,58,780,646,"116, PARIS (AVENUE DE)",48.79764,2.15251,Plein jour,En agglomération,Intersection en X,Normale,Trois véhicules et plus - collisions multiples,,,,,,,,,,,1,2,2,1.0,5.0
201700036820,0017-06-16 17:16:00,17,6,16,17,16,780,640,"15, MORANE-SAULNIER (AVE",48.78369,2.212,Plein jour,En agglomération,Intersection en T,Normale,Deux véhicules - côté,,,,,,,,,,,1,2,3,1.0,3.0
201700036821,0017-06-21 07:27:00,17,6,21,7,27,780,646,"3, PARIS (AVENUE DE)",48.80302,2.1268,Plein jour,En agglomération,Hors intersection,Normale,Deux véhicules - côté,,,,,,,,,,,1,2,1,1.0,3.0
201700036822,0017-06-28 09:35:00,17,6,28,9,35,780,646,"42, CHANTIERS (RUE DES)",48.79468,2.14068,Plein jour,En agglomération,Hors intersection,Normale,Autre collision,,,,,,,,,,,1,2,1,1.0,6.0
201700036823,0017-03-29 08:15:00,17,3,29,8,15,780,92,"12 BIS, DRIONNE (AVENUE",48.86296,2.13954,Plein jour,En agglomération,Intersection en X,Temps couvert,Deux véhicules - côté,,,,,,,,,,,1,2,2,8.0,3.0
201700036824,0017-07-09 05:00:00,17,7,9,5,0,780,646,GENERAL PERSHING (RUE DU,,,Nuit avec éclairage allumé,En agglomération,Hors intersection,Normale,Deux véhicules - côté,,,,,,,,,,,5,2,1,1.0,3.0
201700036825,0017-07-10 20:00:00,17,7,10,20,0,780,640,"14, EUROPE (AVENUE DE L'",48.78022,2.21779,Plein jour,En agglomération,Hors intersection,Normale,Deux véhicules - côté,,,,,,,,,,,1,2,1,1.0,3.0
201700036826,0017-06-02 17:50:00,17,6,2,17,50,780,158,"10, BRETECHE (av de la)",48.82934,2.13207,Plein jour,En agglomération,Hors intersection,Pluie légère,Autre collision,,,,,,,,,,,1,2,1,2.0,6.0
201700036827,0017-07-22 14:55:00,17,7,22,14,55,780,646,"81, CHANTIERS (RUE DES)",48.79306,2.14358,Plein jour,En agglomération,Hors intersection,Pluie légère,Deux véhicules - côté,,,,,,,,,,,1,2,1,2.0,3.0
201700036828,0017-07-27 08:20:00,17,7,27,8,20,780,646,"2, ROYALE (RUE)",48.79916,2.12543,Plein jour,En agglomération,Intersection en X,Pluie légère,Autre collision,,,,,,,,,,,1,2,2,2.0,6.0
201700036829,0017-08-17 17:05:00,17,8,17,17,5,780,640,"15, SAVOIE (AVENUE DE)",,,Plein jour,En agglomération,Hors intersection,Normale,Autre collision,,,,,,,,,,,1,2,1,1.0,6.0
201700036830,0017-08-23 21:20:00,17,8,23,21,20,780,92,"58, BOISSY D'ANGLAS (QUA",48.86836,2.1311,Crépuscule ou aube,En agglomération,Hors intersection,Normale,Autre collision,,,,,,,,,,,2,2,1,1.0,6.0
201700036831,0017-08-31 14:57:00,17,8,31,14,57,780,646,"7, CHANTIERS (RUE DES)",48.79701,2.13429,Plein jour,En agglomération,Intersection en X,Normale,Autre collision,,,,,,,,,,,1,2,2,1.0,6.0
201700036832,0017-08-28 08:35:00,17,8,28,8,35,780,646,EDOUARD LABOULAYE (PLACE,48.81891,2.13606,Plein jour,En agglomération,Intersection en Y,Normale,Autre collision,,,,,,,,,,,1,2,4,1.0,6.0
201700036833,0017-09-09 19:15:00,17,9,9,19,15,780,646,"33, ETATS GENERAUX (RUE",48.79889,2.13195,Plein jour,En agglomération,Hors intersection,Normale,Deux véhicules - côté,,,,,,,,,,,1,2,1,1.0,3.0
201700036834,0017-09-12 11:00:00,17,9,12,11,0,780,646,BONNE AVENTURE (RUE DE L,48.80667,2.15561,Plein jour,En agglomération,Intersection en X,Normale,Deux véhicules - côté,,,,,,,,,,,1,2,2,1.0,3.0
201700036835,0017-09-14 15:40:00,17,9,14,15,40,780,686,"73, GENERAL LECLERC (AVE",48.80409,2.1721,Plein jour,En agglomération,Hors intersection,Pluie légère,Autre collision,,,,,,,,,,,1,2,1,2.0,6.0
201700036836,0017-09-15 14:40:00,17,9,15,14,40,780,646,"36, CHANTIERS (RUE DES)",48.79519,2.13988,Plein jour,En agglomération,Hors intersection,Normale,Autre collision,,,,,,,,,,,1,2,1,1.0,6.0
201700036837,0017-06-08 14:53:00,17,6,8,14,53,780,92,"6-7, CLEMENCEAU GEORGES",48.86759,2.13941,Plein jour,En agglomération,Hors intersection,Normale,Deux véhicules - arrière,,,,,,,,,,,1,2,1,1.0,2.0
201700036838,0017-09-22 15:55:00,17,9,22,15,55,780,646,"2, PARIS (AVENUE DE)",48.803,2.21676,Plein jour,En agglomération,Hors intersection,Normale,Autre collision,,,,,,,,,,,1,2,1,1.0,6.0
201700036839,0017-09-25 18:05:00,17,9,25,18,5,780,686,"136, GENERAL LECLERC (AV",48.80406,2.16889,Plein jour,En agglomération,Hors intersection,Normale,Deux véhicules - côté,,,,,,,,,,,1,2,1,1.0,3.0
201700036840,0017-09-27 15:50:00,17,9,27,15,50,780,646,"36, GLATIGNY (BOULEVARD",48.80406,2.16889,Plein jour,En agglomération,Intersection en X,Normale,Autre collision,,,,,,,,,,,1,2,2,1.0,6.0
201700036841,0017-10-05 08:45:00,17,10,5,8,45,780,646,"45, MARECHAL FOCH (RUE D",48.80941,2.13377,Plein jour,En agglomération,Hors intersection,Normale,Autre collision,,,,,,,,,,,1,2,1,1.0,6.0
201700036842,0017-10-10 09:20:00,17,10,10,9,20,780,646,"23, HOCHE (RUE)",48.8072,2.12858,Plein jour,En agglomération,Hors intersection,Normale,Sans collision,,,,,,,,,,,1,2,1,1.0,7.0
201700036843,0017-10-11 18:43:00,17,10,11,18,43,780,646,PARIS AVENUE DE,48.79833,2.15346,Crépuscule ou aube,En agglomération,Intersection en X,Temps couvert,Deux véhicules - côté,,,,,,,,,,,2,2,2,8.0,3.0
201700036844,0017-10-12 17:55:00,17,10,12,17,55,780,646,"69, MARECHAL FOCH (RUE D",48.81217,2.13544,Plein jour,En agglomération,Hors intersection,Normale,Autre collision,,,,,,,,,,,1,2,1,1.0,6.0
201700036845,0017-10-22 15:05:00,17,10,22,15,5,780,646,SCEAUX (AVENUE DE),48.86967,2.1339,Plein jour,En agglomération,Intersection en T,Pluie forte,Autre collision,,,,,,,,,,,1,2,3,3.0,6.0
201700036846,0017-09-20 08:05:00,17,9,20,8,5,780,158,"0, SAINT ANTOINE (BOULEV",48.81734,2.12387,Plein jour,En agglomération,Intersection en Y,Normale,Deux véhicules - côté,,,,,,,,,,,1,2,4,1.0,3.0
201700036847,0017-10-25 22:57:00,17,10,25,22,57,780,646,REPUBLIQUE BOULEVARD DE,48.80429,2.15415,Nuit avec éclairage allumé,En agglomération,Intersection en X,Normale,Deux véhicules - frontale,,,,,,,,,,,5,2,2,1.0,1.0
201700036848,0017-10-25 18:12:00,17,10,25,18,12,780,646,"49, MARECHAL FOCH (RUE D",,,Crépuscule ou aube,En agglomération,Hors intersection,Normale,Autre collision,,,,,,,,,,,2,2,1,1.0,6.0
201700036849,0017-11-15 18:15:00,17,11,15,18,15,780,640,"16, EUROPE (AVENUE DE L'",48.77995,2.21702,Nuit avec éclairage allumé,En agglomération,Hors intersection,Normale,Autre collision,,,,,,,,,,,5,2,1,1.0,6.0
201700036850,0017-11-25 12:12:00,17,11,25,12,12,780,322,"75, CHARLES DE GAULLE (R",48.769,2.14849,Plein jour,En agglomération,Hors intersection,Pluie légère,Deux véhicules - frontale,,,,,,,,,,,1,2,1,2.0,1.0
201700036851,0017-11-26 13:05:00,17,11,26,13,5,780,646,"31, MARECHAL JOFFRE (RUE",48.79419,2.12089,Plein jour,En agglomération,Hors intersection,Normale,Autre collision,,,,,,,,,,,1,2,1,1.0,6.0
201700036852,0017-11-27 21:10:00,17,11,27,21,10,780,640,"33, EUROPE (AVENUE DE L'",,,Nuit avec éclairage allumé,En agglomération,Hors intersection,Normale,Autre collision,,,,,,,,,,,5,2,1,1.0,6.0