accident_id,datetime,annee,mois,jour,heure,minute,departement,commune_insee,adresse,latitude,longitude,luminosite,agglomeration,intersection,meteo,collision,nb_vehicules,nb_usagers,nb_indemnes,nb_tues,nb_blesses_hosp,nb_blesses_legers,age_cond_1,age_cond_2,veh_type_cond_1,veh_type_cond_2,lum_code,agg_code,int_code,atm_code,col_code
201700037213,0017-02-05 09:56:00,17,2,5,9,56,830,69,"1, PIERREFEU (ROUTE DE)",43.14237,6.1532,Plein jour,Hors agglomération,Hors intersection,Pluie légère,Deux véhicules - frontale,,,,,,,,,,,1,1,1,2.0,1.0
201700037214,0017-02-07 16:20:00,17,2,7,16,20,830,69,TOULON (VIEUX CHEMIN DE),43.12341,6.10222,Plein jour,Hors agglomération,Hors intersection,Normale,Deux véhicules - frontale,,,,,,,,,,,1,1,1,1.0,1.0
201700037215,0017-02-15 12:20:00,17,2,15,12,20,830,69,REAL MARTIN (ROUTE DU),43.1688,6.11161,Plein jour,Hors agglomération,Hors intersection,Normale,Sans collision,,,,,,,,,,,1,1,1,1.0,7.0
201700037216,0017-02-15 06:55:00,17,2,15,6,55,830,69,"2947, GIENS (ROUTE DE )",43.05797,6.14687,Plein jour,Hors agglomération,Hors intersection,Normale,Sans collision,,,,,,,,,,,1,1,1,1.0,7.0
201700037217,0017-02-15 10:25:00,17,2,15,10,25,830,69,GARE ( RUE DE LA),43.10899,6.12489,Plein jour,En agglomération,Hors intersection,Normale,Autre collision,,,,,,,,,,,1,2,1,1.0,6.0
201700037218,0017-02-18 19:25:00,17,2,18,19,25,830,69,GODILLOT  ( AVENUE ALEXI,43.11535,6.12305,Nuit avec éclairage allumé,En agglomération,Hors intersection,Normale,Deux véhicules - côté,,,,,,,,,,,5,2,1,1.0,3.0
201700037219,0017-03-08 07:55:00,17,3,8,7,55,830,69,DENIS (AVENUE ALPHONSE),43.12079,6.13192,Plein jour,En agglomération,Hors intersection,Normale,Autre collision,,,,,,,,,,,1,2,1,1.0,6.0
201700037220,0017-03-10 07:42:00,17,3,10,7,42,830,69,OLBIA  (VOIE),43.11343,6.12835,Plein jour,En agglomération,Hors intersection,Normale,Deux véhicules - côté,,,,,,,,,,,1,2,1,1.0,3.0
201700037221,0017-03-14 12:00:00,17,3,14,12,0,830,69,Avenue du 8 mai,43.11596,6.13131,Plein jour,En agglomération,Intersection en T,Normale,Autre collision,,,,,,,,,,,1,2,3,1.0,6.0
201700037222,0017-03-15 15:30:00,17,3,15,15,30,830,69,"1, VERSIN (PLACE LOUIS)",43.11657,6.13328,Plein jour,En agglomération,Hors intersection,Normale,Autre collision,,,,,,,,,,,1,2,1,1.0,6.0
201700037223,0017-04-18 11:50:00,17,4,18,11,50,830,69,GIENS (ROUTE DE ),43.07441,6.15305,Plein jour,En agglomération,Intersection en T,Normale,Deux véhicules - côté,,,,,,,,,,,1,2,3,1.0,3.0
201700037224,0017-04-20 09:10:00,17,4,20,9,10,830,69,"2, PROVENCE (RUE DE)",43.11768,6.13039,Plein jour,En agglomération,Hors intersection,Temps éblouissant,Autre collision,,,,,,,,,,,1,2,1,7.0,6.0
201700037225,0017-05-01 12:45:00,17,5,1,12,45,830,69,"2, AGREVE  (AVENUE JEAN)",43.08251,6.15068,Plein jour,Hors agglomération,Hors intersection,Normale,Deux véhicules - arrière,,,,,,,,,,,1,1,1,1.0,2.0
201700037226,0017-05-09 12:10:00,17,5,9,12,10,830,69,GAMBETTA (AVENUE),43.11407,6.12845,Plein jour,Hors agglomération,Hors intersection,Normale,Autre collision,,,,,,,,,,,1,1,1,1.0,6.0
201700037227,0017-05-23 14:10:00,17,5,23,14,10,830,69,THOMAS (AVE AMBROISE),43.11288,6.13611,Plein jour,En agglomération,Hors intersection,Normale,Autre collision,,,,,,,,,,,1,2,1,1.0,6.0
201700037228,0017-05-28 09:35:00,17,5,28,9,35,830,34,"780, AVENUE VALERANE",43.09077,6.09127,Plein jour,Hors agglomération,Hors intersection,Normale,Deux véhicules - côté,,,,,,,,,,,1,1,1,1.0,3.0
201700037229,0017-05-31 15:05:00,17,5,31,15,5,830,69,"1914, AEROPORT (AVENUE D",43.09567,6.14043,Plein jour,En agglomération,Hors intersection,Normale,Deux véhicules - arrière,,,,,,,,,,,1,2,1,1.0,2.0
201700037230,0017-05-31 22:30:00,17,5,31,22,30,830,69,MARAIS (ROUTE DES),43.0819,6.14184,Nuit sans éclairage public,Hors agglomération,Hors intersection,Normale,Deux véhicules - côté,,,,,,,,,,,3,1,1,1.0,3.0
201700037231,0017-06-04 11:52:00,17,6,4,11,52,830,69,OLBIA  (VOIE),43.12666,6.20195,Plein jour,En agglomération,Intersection en T,Normale,Deux véhicules - côté,,,,,,,,,,,1,2,3,1.0,3.0
201700037232,0017-06-06 13:45:00,17,6,6,13,45,830,69,GODILLOT  ( AVENUE ALEXI,43.11548,6.12285,Plein jour,En agglomération,Hors intersection,Normale,Deux véhicules - côté,,,,,,,,,,,1,2,1,1.0,3.0
201700037233,0017-06-06 16:46:00,17,6,6,16,46,830,69,"13, PASTEUR (BOULEVARD)",43.12015,6.13417,Plein jour,En agglomération,Hors intersection,Normale,Autre collision,,,,,,,,,,,1,2,1,1.0,6.0
201700037234,0017-06-05 11:00:00,17,6,5,11,0,830,69,FRONT DE MER (BOULEVARD),43.10513,6.17557,Plein jour,Hors agglomération,Hors intersection,Normale,Sans collision,,,,,,,,,,,1,1,1,1.0,7.0
201700037235,0017-06-07 14:00:00,17,6,7,14,0,830,69,"145, COL DU SERRE (CHEMI",43.11097,6.09468,Plein jour,Hors agglomération,Hors intersection,Normale,Deux véhicules - frontale,,,,,,,,,,,1,1,1,1.0,1.0
201700037236,0017-06-10 05:55:00,17,6,10,5,55,830,69,MARINE (BOULEVARD DE LA),43.1001,6.17039,Crépuscule ou aube,Hors agglomération,Giratoire,Normale,Autre collision,,,,,,,,,,,2,1,6,1.0,6.0
201700037237,0017-06-11 14:50:00,17,6,11,14,50,830,34,AVENUE DE FONT BRUN,43.09818,6.13599,Plein jour,Hors agglomération,Hors intersection,Normale,Autre collision,,,,,,,,,,,1,1,1,1.0,6.0
201700037238,0017-06-11 19:47:00,17,6,11,19,47,830,69,FRONT DE MER (BOULEVAR),43.10956,6.18208,Plein jour,Hors agglomération,Hors intersection,Normale,Deux véhicules - frontale,,,,,,,,,,,1,1,1,1.0,1.0
201700037239,0017-06-09 18:00:00,17,6,9,18,0,830,69,"70, TOULON (ROUTE de",43.12575,6.1111,Plein jour,En agglomération,Hors intersection,Normale,Deux véhicules - arrière,,,,,,,,,,,1,2,1,1.0,2.0
201700037240,0017-05-28 16:45:00,17,5,28,16,45,830,69,"269, FRONT DE MER (BOULE",43.10395,6.17429,Plein jour,En agglomération,Hors intersection,Normale,Deux véhicules - arrière,,,,,,,,,,,1,2,1,1.0,2.0
201700037241,0017-06-12 17:48:00,17,6,12,17,48,830,69,"2947, GIENS (ROUTE DE )",43.07212,6.14777,Plein jour,Hors agglomération,Giratoire,Normale,Deux véhicules - côté,,,,,,,,,,,1,1,6,1.0,3.0
201700037242,0017-06-12 19:35:00,17,6,12,19,35,830,69,SEL (ROUTE DU),43.0446,6.13486,Plein jour,Hors agglomération,Hors intersection,Normale,Deux véhicules - côté,,,,,,,,,,,1,1,1,1.0,3.0
201700037243,0017-06-19 09:10:00,17,6,19,9,10,830,69,BURLIERE ( IMP DE LA),43.11546,6.13539,Plein jour,En agglomération,Hors intersection,Normale,Deux véhicules - côté,,,,,,,,,,,1,2,1,1.0,3.0
201700037244,0017-06-19 17:15:00,17,6,19,17,15,830,69,TOULON RD 554 (AVENUE DE,43.12581,6.11054,Plein jour,En agglomération,Hors intersection,Normale,Deux véhicules - côté,,,,,,,,,,,1,2,1,1.0,3.0
201700037245,0017-06-21 14:05:00,17,6,21,14,5,830,69,"745, SALINS ( ROUTE DES",43.11693,6.1883,Plein jour,Hors agglomération,Hors intersection,Normale,Deux véhicules - frontale,,,,,,,,,,,1,1,1,1.0,1.0
201700037246,0017-06-20 19:10:00,17,6,20,19,10,830,69,"57, DENIS (AVE ALPHONSE)",43.12071,6.1329,Plein jour,En agglomération,Hors intersection,Normale,Autre collision,,,,,,,,,,,1,2,1,1.0,6.0
201700037247,0017-06-25 18:50:00,17,6,25,18,50,830,69,DENIS (AVENUE ALPHONSE),43.1213,6.13761,Plein jour,En agglomération,Hors intersection,Normale,Autre collision,,,,,,,,,,,1,2,1,1.0,6.0
201700037248,0017-06-15 09:27:00,17,6,15,9,27,830,69,BROSSET (AVE 1ERE DIV),43.12112,6.13901,Plein jour,En agglomération,Hors intersection,Normale,Autre collision,,,,,,,,,,,1,2,1,1.0,6.0
201700037249,0017-06-30 00:55:00,17,6,30,0,55,830,69,VILETTE (CHEMIN DE LA),43.10852,6.12346,Nuit avec éclairage allumé,En agglomération,Hors intersection,Normale,Sans collision,,,,,,,,,,,5,2,1,1.0,7.0
201700037250,0017-07-03 17:15:00,17,7,3,17,15,830,69,"44, Avenue GODILLOT",43.06491,6.07248,Plein jour,En agglomération,Hors intersection,Normale,Deux véhicules - côté,,,,,,,,,,,1,2,1,1.0,3.0
201700037251,0017-07-04 11:40:00,17,7,4,11,40,830,69,OLBIA  (VOIE),43.11766,6.14524,Plein jour,En agglomération,Hors intersection,Normale,Trois véhicules et plus - en chaîne,,,,,,,,,,,1,2,1,1.0,4.0
201700037252,0017-07-05 09:30:00,17,7,5,9,30,830,34,AVENUE VALERANE,43.08943,6.08824,Plein jour,Hors agglomération,Hors intersection,Normale,Autre collision,,,,,,,,,,,1,1,1,1.0,6.0
201700037253,0017-07-06 13:10:00,17,7,6,13,10,830,69,SEL (ROUTE DU),43.0459,6.13404,Plein jour,Hors agglomération,Hors intersection,Normale,Sans collision,,,,,,,,,,,1,1,1,1.0,7.0
201700037254,0017-07-06 18:30:00,17,7,6,18,30,830,69,SOLEIL LEVANT (AVENUE DU,43.1177,6.1409,Plein jour,En agglomération,Giratoire,Normale,Sans collision,,,,,,,,,,,1,2,6,1.0,7.0
201700037255,0017-07-11 09:20:00,17,7,11,9,20,830,69,GAMBETTA (AVENUE),43.11405,6.1286,Plein jour,En agglomération,Hors intersection,Normale,Deux véhicules - arrière,,,,,,,,,,,1,2,1,1.0,2.0
201700037256,0017-07-10 17:20:00,17,7,10,17,20,830,69,"2020, NICE (ROUTE DE)",43.12955,6.17896,Plein jour,Hors agglomération,Hors intersection,Normale,Trois véhicules et plus - collisions multiples,,,,,,,,,,,1,1,1,1.0,5.0
201700037257,0017-07-13 02:50:00,17,7,13,2,50,830,69,DECUGIS (AVENUE ALFRED),43.10755,6.17405,Nuit avec éclairage non allumé,Hors agglomération,Hors intersection,Normale,Autre collision,,,,,,,,,,,4,1,1,1.0,6.0
201700037258,0017-07-18 09:53:00,17,7,18,9,53,830,34,1ERE DFL (AVENUE),43.09243,6.07645,Plein jour,En agglomération,Hors intersection,Temps éblouissant,Deux véhicules - côté,,,,,,,,,,,1,2,1,7.0,3.0
201700037259,0017-07-24 16:28:00,17,7,24,16,28,830,34,BOULEVARD CLEMENCEAU,43.08758,6.08353,Plein jour,En agglomération,Intersection en T,Normale,Autre collision,,,,,,,,,,,1,2,3,1.0,6.0
201700037260,0017-07-25 14:10:00,17,7,25,14,10,830,69,PETIT (ROND POINT HENRI),43.11337,6.1233,Plein jour,En agglomération,Giratoire,Normale,Deux véhicules - côté,,,,,,,,,,,1,2,6,1.0,3.0
201700037261,0017-07-28 06:54:00,17,7,28,6,54,830,69,CLOTIS (AVENUE JOSEPH),43.12001,6.12972,Plein jour,En agglomération,Hors intersection,Normale,Autre collision,,,,,,,,,,,1,2,1,1.0,6.0
201700037262,0017-07-30 01:55:00,17,7,30,1,55,830,69,NICE (ROUTE DE),43.12673,6.19049,Nuit sans éclairage public,Hors agglomération,Hors intersection,Normale,Sans collision,,,,,,,,,,,3,1,1,1.0,7.0
201700037263,0017-07-30 10:40:00,17,7,30,10,40,830,69,"1846, BORDS DU GAPEAU",43.11968,6.18005,Plein jour,En agglomération,Hors intersection,Normale,Deux véhicules - frontale,,,,,,,,,,,1,2,1,1.0,1.0
201700037264,0017-08-01 19:30:00,17,8,1,19,30,830,69,OLBIA  (VOIE),43.11424,6.13447,Plein jour,En agglomération,Hors intersection,Normale,Deux véhicules - côté,,,,,,,,,,,1,2,1,1.0,3.0
201700037265,0017-08-08 15:10:00,17,8,8,15,10,830,69,"1, AURIC (RUE GEORGES)",43.11524,6.12837,Plein jour,En agglomération,Hors intersection,Temps éblouissant,Autre collision,,,,,,,,,,,1,2,1,7.0,6.0
201700037266,0017-08-09 21:27:00,17,8,9,21,27,830,69,"2743, ALMANARRE (ROUTE D",43.08138,6.12796,Nuit sans éclairage public,Hors agglomération,Hors intersection,Normale,Sans collision,,,,,,,,,,,3,1,1,1.0,7.0
201700037267,0017-08-10 12:46:00,17,8,10,12,46,830,69,SEL (ROUTE DU),43.0566,6.1336,Plein jour,En agglomération,Hors intersection,Normale,Autre collision,,,,,,,,,,,1,2,1,1.0,6.0
201700037268,0017-08-10 19:15:00,17,8,10,19,15,830,69,PERRON (AVENUE JEAN JACQ,43.11,6.12,Plein jour,En agglomération,Hors intersection,Normale,Deux véhicules - côté,,,,,,,,,,,1,2,1,1.0,3.0
201700037269,0017-08-15 12:04:00,17,8,15,12,4,830,69,SALINS (RTE DES VIEUX),43.12345,6.18773,Plein jour,Hors agglomération,Hors intersection,Normale,Deux véhicules - frontale,,,,,,,,,,,1,1,1,1.0,1.0
201700037270,0017-08-18 13:41:00,17,8,18,13,41,830,69,GARE (RUE DE LA),43.10879,6.1252,Plein jour,En agglomération,Hors intersection,Normale,Deux véhicules - côté,,,,,,,,,,,1,2,1,1.0,3.0
201700037271,0017-08-19 14:20:00,17,8,19,14,20,830,69,"1324, NICE (ROUTE DE)",43.13202,6.17152,Plein jour,Hors agglomération,Hors intersection,Normale,Deux véhicules - frontale,,,,,,,,,,,1,1,1,1.0,1.0
201700037272,0017-08-21 09:40:00,17,8,21,9,40,830,69,ALMANARRE (ROUTE DE L'),43.09183,6.12969,Plein jour,Hors agglomération,Hors intersection,Normale,Deux véhicules - côté,,,,,,,,,,,1,1,1,1.0,3.0
201700037273,0017-08-22 08:10:00,17,8,22,8,10,830,69,JUIN (BD DU Maréchal),43.11428,6.11009,Plein jour,En agglomération,Hors intersection,Normale,Deux véhicules - côté,,,,,,,,,,,1,2,1,1.0,3.0
201700037274,0017-09-05 11:00:00,17,9,5,11,0,830,69,"30, DENIS (AVENUE ALPHON",43.12101,6.13429,Plein jour,En agglomération,Hors intersection,Normale,Deux véhicules - côté,,,,,,,,,,,1,2,1,1.0,3.0
201700037275,0017-09-06 16:45:00,17,9,6,16,45,830,69,ALMANARRE (ROUTE DE L'),43.08892,6.1289,Plein jour,En agglomération,Hors intersection,Normale,Autre collision,,,,,,,,,,,1,2,1,1.0,6.0
201700037276,0017-09-07 09:30:00,17,9,7,9,30,830,34,RD559,43.09242,6.07764,Plein jour,En agglomération,Giratoire,Normale,Autre collision,,,,,,,,,,,1,2,6,1.0,6.0
201700037277,0017-09-17 20:40:00,17,9,17,20,40,830,69,"1, BRIAND (AVE ARISTIDE)",43.12064,6.13114,Nuit avec éclairage allumé,En agglomération,Intersection en T,Normale,Autre collision,,,,,,,,,,,5,2,3,1.0,6.0
201700037278,0017-09-24 17:13:00,17,9,24,17,13,830,69,SEL (ROUTE DU),43.05549,6.13372,Plein jour,En agglomération,Hors intersection,Normale,Deux véhicules - arrière,,,,,,,,,,,1,2,1,1.0,2.0
201700037279,0017-09-24 18:15:00,17,9,24,18,15,830,69,RD 98,43.12101,6.13429,Plein jour,Hors agglomération,Hors intersection,Normale,Deux véhicules - arrière,,,,,,,,,,,1,1,1,1.0,2.0
201700037280,0017-09-28 09:20:00,17,9,28,9,20,830,69,MARINE (BOULEVARD DE LA),43.101,6.1708,Plein jour,En agglomération,Hors intersection,Normale,Deux véhicules - arrière,,,,,,,,,,,1,2,1,1.0,2.0
201700037281,0017-09-26 19:50:00,17,9,26,19,50,830,69,"2652, ALMANARRE (RTE De)",43.55575,6.74155,Nuit avec éclairage allumé,Hors agglomération,Hors intersection,Normale,Autre collision,,,,,,,,,,,5,1,1,1.0,6.0
201700037282,0017-10-03 17:15:00,17,10,3,17,15,830,69,"31, COSTEBELLE (MONTEE D",43.10627,6.12195,Plein jour,En agglomération,Hors intersection,Normale,Deux véhicules - arrière,,,,,,,,,,,1,2,1,1.0,2.0
201700037283,0017-10-04 15:20:00,17,10,4,15,20,830,69,ROUX SEIGNORET (RUE DOC),43.12123,6.13134,Plein jour,En agglomération,Passage à niveau,Normale,Autre collision,,,,,,,,,,,1,2,8,1.0,6.0
201700037284,0017-10-08 06:25:00,17,10,8,6,25,830,69,RD 98,43.12565,6.18442,Nuit sans éclairage public,Hors agglomération,Hors intersection,Normale,Autre collision,,,,,,,,,,,3,1,1,1.0,6.0
201700037285,0017-10-16 12:36:00,17,10,16,12,36,830,69,PIERREFEU (ROUTE DE),43.15,6.13,Plein jour,Hors agglomération,Hors intersection,Normale,Autre collision,,,,,,,,,,,1,1,1,1.0,6.0
201700037286,0017-10-18 12:30:00,17,10,18,12,30,830,69,"0, NICE (ROUTE DE)",43.12698,6.0,Plein jour,Hors agglomération,Giratoire,Normale,Deux véhicules - côté,,,,,,,,,,,1,1,6,1.0,3.0
201700037287,0017-10-27 15:35:00,17,10,27,15,35,830,69,OLBIA  (VOIE),43.12177,6.1603,Plein jour,En agglomération,Hors intersection,Normale,Sans collision,,,,,,,,,,,1,2,1,1.0,7.0
201700037288,0017-10-28 12:30:00,17,10,28,12,30,830,69,ALMANARRE (ROUTE DE L'),43.08462,6.1104,Plein jour,Hors agglomération,Hors intersection,Normale,Deux véhicules - frontale,,,,,,,,,,,1,1,1,1.0,1.0
201700037289,0017-10-30 16:00:00,17,10,30,16,0,830,69,"1163, COL DU SERRE (CHE)",43.10883,6.08763,Plein jour,Hors agglomération,Hors intersection,Normale,Deux véhicules - arrière,,,,,,,,,,,1,1,1,1.0,2.0
201700037290,0017-10-29 19:45:00,17,10,29,19,45,830,69,LOUBES (ROUTE DES),43.11783,6.09938,Nuit sans éclairage public,En agglomération,Hors intersection,Normale,Deux véhicules - frontale,,,,,,,,,,,3,2,1,1.0,1.0
201700037291,0017-11-05 15:50:00,17,11,5,15,50,830,34,"1, RUE DES 3 PINS",43.10204,6.05702,Plein jour,Hors agglomération,Hors intersection,Temps éblouissant,Deux véhicules - côté,,,,,,,,,,,1,1,1,7.0,3.0
201700037292,0017-11-05 02:15:00,17,11,5,2,15,830,69,"658, AEROPORT (AVENUE DE",43.09664,6.1351,Nuit avec éclairage allumé,Hors agglomération,Hors intersection,Vent fort / tempête,Deux véhicules - côté,,,,,,,,,,,5,1,1,6.0,3.0
201700037293,0017-11-08 09:00:00,17,11,8,9,0,830,69,"13 Bis, Ave EISENHOWER",43.1188,6.14327,Plein jour,En agglomération,Hors intersection,Normale,Autre collision,,,,,,,,,,,1,2,1,1.0,6.0
201700037294,0017-11-12 11:15:00,17,11,12,11,15,830,69,OLBIA  (VOIE),43.64768,6.73125,Plein jour,En agglomération,Hors intersection,Normale,Trois véhicules et plus - en chaîne,,,,,,,,,,,1,2,1,1.0,4.0
201700037295,0017-11-13 19:15:00,17,11,13,19,15,830,69,FOCH (AVENUE MARECHAL),43.12011,6.13076,Nuit avec éclairage allumé,En agglomération,Intersection en Y,Normale,Autre collision,,,,,,,,,,,5,2,4,1.0,6.0
201700037296,0017-11-14 12:10:00,17,11,14,12,10,830,69,"19, GEOFFROY ST HILAIRE",43.10573,6.12839,Plein jour,En agglomération,Hors intersection,Temps éblouissant,Autre collision,,,,,,,,,,,1,2,1,7.0,6.0
201700037297,0017-11-14 17:45:00,17,11,14,17,45,830,69,"2, BD du FRONT DE MER",43.10216,6.17245,Nuit avec éclairage allumé,En agglomération,Hors intersection,Normale,Deux véhicules - arrière,,,,,,,,,,,5,2,1,1.0,2.0
201700037298,0017-11-15 17:15:00,17,11,15,17,15,830,69,NICE (ROUTE DE),43.13165,6.17296,Nuit sans éclairage public,Hors agglomération,Hors intersection,Normale,Deux véhicules - côté,,,,,,,,,,,3,1,1,1.0,3.0
201700037299,0017-11-16 07:45:00,17,11,16,7,45,830,69,RD98,43.12259,6.16264,Plein jour,Hors agglomération,Hors intersection,Normale,Deux véhicules - arrière,,,,,,,,,,,1,1,1,1.0,2.0
201700037300,0017-11-17 16:00:00,17,11,17,16,0,830,69,"80, Rte de TOULON",43.7331,6.63642,Plein jour,En agglomération,Intersection en T,Normale,Deux véhicules - côté,,,,,,,,,,,1,2,3,1.0,3.0
201700037301,0017-11-21 13:20:00,17,11,21,13,20,830,34,CD559,43.0929,6.07378,Plein jour,En agglomération,Hors intersection,Normale,Deux véhicules - arrière,,,,,,,,,,,1,2,1,1.0,2.0
201700037302,0017-11-25 11:21:00,17,11,25,11,21,830,69,VICTORIA (AVENUE),43.11,6.12,Plein jour,En agglomération,Autre intersection,Normale,Deux véhicules - côté,,,,,,,,,,,1,2,9,1.0,3.0
201700037303,0017-11-26 19:15:00,17,11,26,19,15,830,69,"17,Ave GEN  EISENHOWER",43.11848,6.14285,Nuit avec éclairage allumé,En agglomération,Hors intersection,Normale,Autre collision,,,,,,,,,,,5,2,1,1.0,6.0
201700037304,0017-12-01 06:25:00,17,12,1,6,25,830,69,GODILLOT  ( AVENUE ALEXI,43.11148,6.124,Nuit avec éclairage allumé,En agglomération,Intersection en X,Normale,Deux véhicules - frontale,,,,,,,,,,,5,2,2,1.0,1.0
201700037305,0017-12-03 16:57:00,17,12,3,16,57,830,69,"13, AVENUE GAMBETTA",43.11869,6.12859,Plein jour,En agglomération,Hors intersection,Normale,Autre collision,,,,,,,,,,,1,2,1,1.0,6.0
201700037306,0017-12-09 09:55:00,17,12,9,9,55,830,69,"2, RIQUIER (AVE OLBIUS)",43.11324,6.12901,Plein jour,En agglomération,Hors intersection,Temps éblouissant,Autre collision,,,,,,,,,,,1,2,1,7.0,6.0
201700037307,0017-12-07 16:00:00,17,12,7,16,0,830,34,GENERAL TOUZET DU VIGIER,43.09711,6.0796,Plein jour,En agglomération,Hors intersection,Normale,Deux véhicules - côté,,,,,,,,,,,1,2,1,1.0,3.0
201700037308,0017-12-16 13:00:00,17,12,16,13,0,830,69,"1, GEOFFROY ST HILAIRE",43.1062,6.12847,Plein jour,En agglomération,Giratoire,Temps éblouissant,Autre collision,,,,,,,,,,,1,2,6,7.0,6.0
201700037309,0017-01-04 12:10:00,17,1,4,12,10,830,123,"589, BANDOL (ROUTE)",43.12646,5.78778,Plein jour,En agglomération,Hors intersection,Normale,Deux véhicules - frontale,,,,,,,,,,,1,2,1,1.0,1.0
201700037310,0017-12-21 10:00:00,17,12,21,10,0,830,123,"775, GARE (ROUTE)",43.12174,5.81935,Plein jour,En agglomération,Intersection en T,Normale,Deux véhicules - côté,,,,,,,,,,,1,2,3,1.0,3.0
201700037311,0017-01-14 12:45:00,17,1,14,12,45,830,129,"55, FONT DE FILLOL (RC E",43.09813,5.8274,Plein jour,En agglomération,Hors intersection,Normale,Autre collision,,,,,,,,,,,1,2,1,1.0,6.0
201700037312,0017-12-27 11:30:00,17,12,27,11,30,830,9,MARSEILLE (BD DE),43.14,5.74,Plein jour,En agglomération,Giratoire,Normale,Deux véhicules - arrière,,,,,,,,,,,1,2,6,1.0,2.0
201700037313,0017-01-28 02:15:00,17,1,28,2,15,830,129,"1388, MER (AVENUE DE LA)",43.10356,5.82005,Nuit avec éclairage allumé,En agglomération,Intersection en T,Normale,Deux véhicules - côté,,,,,,,,,,,5,2,3,1.0,3.0
201700037314,0017-01-30 19:15:00,17,1,30,19,15,830,129,RAYOLET (CORNICHE DU),43.08817,5.80993,Nuit avec éclairage allumé,Hors agglomération,Autre intersection,Temps couvert,Autre collision,,,,,,,,,,,5,1,9,8.0,6.0
201700037315,0017-02-02 09:55:00,17,2,2,9,55,830,123,"13, CHARLES DE GAULLE (Q",43.1177,5.80227,Plein jour,En agglomération,Hors intersection,Normale,Autre collision,,,,,,,,,,,1,2,1,1.0,6.0
201700037316,0017-02-07 09:55:00,17,2,7,9,55,830,123,TOULON (ANCIEN CHE DE),43.13162,5.78636,Plein jour,En agglomération,Intersection en T,Normale,Deux véhicules - côté,,,,,,,,,,,1,2,3,1.0,3.0
201700037317,0017-03-04 19:10:00,17,3,4,19,10,830,9,"671, DEPARTEMENTALE 559B",43.15469,5.76379,Nuit sans éclairage public,Hors agglomération,Hors intersection,Temps couvert,Deux véhicules - côté,,,,,,,,,,,3,1,1,8.0,3.0
201700037318,0017-03-01 10:30:00,17,3,1,10,30,830,123,TOULON (ANCIEN CHEMIN DE,43.12698,5.81915,Plein jour,Hors agglomération,Intersection en T,Normale,Deux véhicules - côté,,,,,,,,,,,1,1,3,1.0,3.0
201700037319,0017-03-19 13:45:00,17,3,19,13,45,830,123,LANGE (CHEMIN),43.12667,5.79746,Plein jour,Hors agglomération,Hors intersection,Normale,Deux véhicules - côté,,,,,,,,,,,1,1,1,1.0,3.0
201700037320,0017-03-28 17:30:00,17,3,28,17,30,830,129,"306, BRUSC (CHE DU)",43.0933,5.8273,Plein jour,En agglomération,Intersection en T,Normale,Deux véhicules - côté,,,,,,,,,,,1,2,3,1.0,3.0
201700037321,0017-03-26 11:35:00,17,3,26,11,35,830,129,DE GAULLE (PROMENADE CHA,43.11301,5.81088,Plein jour,En agglomération,Hors intersection,Normale,Autre collision,,,,,,,,,,,1,2,1,1.0,6.0
201700037322,0017-04-04 21:10:00,17,4,4,21,10,830,123,"193, EUROPE UNIE (AVENUE",43.11782,5.80747,Nuit avec éclairage allumé,En agglomération,Hors intersection,Normale,Deux véhicules - côté,,,,,,,,,,,5,2,1,1.0,3.0
201700037323,0017-04-07 11:30:00,17,4,7,11,30,830,129,DE LATTRE DE TASSIGNY (A,43.09401,5.83789,Plein jour,En agglomération,Giratoire,Normale,Autre collision,,,,,,,,,,,1,2,6,1.0,6.0
201700037324,0017-04-21 19:30:00,17,4,21,19,30,830,123,"263, DEUXIEME SPAHIS (AV",43.1207,5.80398,Plein jour,Hors agglomération,Hors intersection,Normale,Trois véhicules et plus - en chaîne,,,,,,,,,,,1,1,1,1.0,4.0
201700037325,0017-05-07 08:20:00,17,5,7,8,20,830,129,"283, CALADE (CHE ET MO D",43.11187,5.82599,Plein jour,En agglomération,Hors intersection,Normale,Sans collision,,,,,,,,,,,1,2,1,1.0,7.0
201700037326,0017-05-09 21:20:00,17,5,9,21,20,830,129,"261, SABLETTES (ROUTE DE",43.08902,5.85164,Nuit avec éclairage allumé,En agglomération,Hors intersection,Normale,Sans collision,,,,,,,,,,,5,2,1,1.0,7.0
201700037327,0017-05-05 15:20:00,17,5,5,15,20,830,123,"166, POILUS (AVENUE DES)",43.118,5.80677,Plein jour,En agglomération,Hors intersection,Normale,Autre collision,,,,,,,,,,,1,2,1,1.0,6.0
201700037328,0017-05-13 06:00:00,17,5,13,6,0,830,9,"01, JEAN MOULIN (ALLEE)",43.13635,5.75519,Crépuscule ou aube,En agglomération,Hors intersection,Normale,Deux véhicules - arrière,,,,,,,,,,,2,2,1,1.0,2.0
201700037329,0017-05-15 07:10:00,17,5,15,7,10,830,123,"294, BANDOL (ROUTE)",43.12437,5.7903,Plein jour,En agglomération,Hors intersection,Normale,Deux véhicules - côté,,,,,,,,,,,1,2,1,1.0,3.0
201700037330,0017-06-02 18:30:00,17,6,2,18,30,830,129,"51, ECOLES (BD DES)",43.10844,5.81433,Plein jour,En agglomération,Autre intersection,Normale,Deux véhicules - arrière,,,,,,,,,,,1,2,9,1.0,2.0
201700037331,0017-06-12 08:05:00,17,6,12,8,5,830,129,KENNEDY (AVENUE J.),43.10707,5.82188,Plein jour,En agglomération,Intersection en T,Normale,Deux véhicules - côté,,,,,,,,,,,1,2,3,1.0,3.0
201700037332,0017-06-16 19:25:00,17,6,16,19,25,830,123,CONFERENCE (CHEMIN DE LA,43.12304,5.80664,Plein jour,En agglomération,Intersection en T,Normale,Deux véhicules - côté,,,,,,,,,,,1,2,3,1.0,3.0