accident_id,datetime,annee,mois,jour,heure,minute,departement,commune_insee,adresse,latitude,longitude,luminosite,agglomeration,intersection,meteo,collision,nb_vehicules,nb_usagers,nb_indemnes,nb_tues,nb_blesses_hosp,nb_blesses_legers,age_cond_1,age_cond_2,veh_type_cond_1,veh_type_cond_2,lum_code,agg_code,int_code,atm_code,col_code
201700037453,0017-05-03 18:20:00,17,5,3,18,20,830,98,DEBUSSY (RUE CLAUDE),43.10744,6.0238,Plein jour,En agglomération,Autre intersection,Normale,Deux véhicules - frontale,,,,,,,,,,,1,2,9,1.0,1.0
201700037454,0017-05-06 11:40:00,17,5,6,11,40,830,137,15EME CORPS (AVE DU),43.12852,5.91482,Plein jour,En agglomération,Intersection en T,Pluie forte,Deux véhicules - côté,,,,,,,,,,,1,2,3,3.0,3.0
201700037455,0017-05-08 18:20:00,17,5,8,18,20,830,137,"444, JONQUET (CHEMIN / P",43.14083,5.91088,Plein jour,En agglomération,Intersection en Y,Normale,Deux véhicules - côté,,,,,,,,,,,1,2,4,1.0,3.0
201700037456,0017-05-09 20:30:00,17,5,9,20,30,830,137,"1560, MOULINS (AVE DES D",43.15033,5.91443,Crépuscule ou aube,En agglomération,Hors intersection,Normale,Deux véhicules - côté,,,,,,,,,,,2,2,1,1.0,3.0
201700037457,0017-05-10 17:50:00,17,5,10,17,50,830,144,"0, UNIVERSITE (AVE DE L'",43.13706,6.00363,Plein jour,En agglomération,Hors intersection,Normale,Deux véhicules - arrière,,,,,,,,,,,1,2,1,1.0,2.0
201700037458,0017-05-11 06:10:00,17,5,11,6,10,830,137,"377, REPUBLIQUE (AVE DE",43.11979,5.93318,Crépuscule ou aube,En agglomération,Hors intersection,Normale,Autre collision,,,,,,,,,,,2,2,1,1.0,6.0
201700037459,0017-05-12 05:05:00,17,5,12,5,5,830,90,"667, SAINT ROCH (CHEMIN",43.13219,5.84938,Nuit avec éclairage allumé,En agglomération,Hors intersection,Normale,Autre collision,,,,,,,,,,,5,2,1,1.0,6.0
201700037460,0017-05-15 17:15:00,17,5,15,17,15,830,137,"0, PICON (BD LOUIS)",43.13413,5.91228,Plein jour,En agglomération,Hors intersection,Normale,Autre collision,,,,,,,,,,,1,2,1,1.0,6.0
201700037461,0017-05-17 12:15:00,17,5,17,12,15,830,137,"17, VERT COTEAU (AVE DU)",43.1261,5.94776,Plein jour,En agglomération,Hors intersection,Normale,Trois véhicules et plus - collisions multiples,,,,,,,,,,,1,2,1,1.0,5.0
201700037462,0017-05-19 14:35:00,17,5,19,14,35,830,137,"197, BRIAND (AVE ARISTID",43.12732,5.90403,Plein jour,En agglomération,Hors intersection,Normale,Deux véhicules - arrière,,,,,,,,,,,1,2,1,1.0,2.0
201700037463,0017-05-19 17:35:00,17,5,19,17,35,830,90,"2068, BRIAND (AVE ARISTI",43.119,5.88579,Plein jour,Hors agglomération,Hors intersection,Normale,Trois véhicules et plus - en chaîne,,,,,,,,,,,1,1,1,1.0,4.0
201700037464,0017-05-25 02:40:00,17,5,25,2,40,830,137,CLARET (AVE DE),43.13418,5.92469,Nuit avec éclairage allumé,En agglomération,Hors intersection,Normale,Autre collision,,,,,,,,,,,5,2,1,1.0,6.0
201700037465,0017-05-28 17:35:00,17,5,28,17,35,830,144,"1, TOURRIS (CHEMIN)",43.18336,5.94942,Plein jour,Hors agglomération,Hors intersection,Normale,Deux véhicules - côté,,,,,,,,,,,1,1,1,1.0,3.0
201700037466,0017-06-02 12:00:00,17,6,2,12,0,830,137,ARMARIS (BD DES),43.12779,5.98158,Plein jour,En agglomération,Hors intersection,Normale,Deux véhicules - arrière,,,,,,,,,,,1,2,1,1.0,2.0
201700037467,0017-06-03 20:30:00,17,6,3,20,30,830,144,DEBUSSY (RUE CLAUDE),43.13143,5.98822,Crépuscule ou aube,En agglomération,Hors intersection,Normale,Deux véhicules - côté,,,,,,,,,,,2,2,1,1.0,3.0
201700037468,0017-06-04 08:50:00,17,6,4,8,50,830,137,"0, BAZEILLES (BD / ROND",43.11239,5.93372,Plein jour,En agglomération,Hors intersection,Temps éblouissant,Autre collision,,,,,,,,,,,1,2,1,7.0,6.0
201700037469,0017-06-05 09:45:00,17,6,5,9,45,830,144,CHARPAK (AVE GEORGES),43.14172,6.00816,Plein jour,En agglomération,Intersection en X,Normale,Deux véhicules - côté,,,,,,,,,,,1,2,2,1.0,3.0
201700037470,0017-06-06 17:30:00,17,6,6,17,30,830,137,ELISA (AVE DE L'),43.1294,5.96856,Plein jour,En agglomération,Intersection en T,Normale,Deux véhicules - côté,,,,,,,,,,,1,2,3,1.0,3.0
201700037471,0017-06-07 08:20:00,17,6,7,8,20,830,90,CAGNARDE (ROND POINT DE,43.12709,5.87782,Plein jour,Hors agglomération,Hors intersection,Normale,Autre collision,,,,,,,,,,,1,1,1,1.0,6.0
201700037472,0017-06-07 20:10:00,17,6,7,20,10,830,137,SAINT BERNARD (RUE /,43.12268,5.93678,Plein jour,En agglomération,Intersection en T,Normale,Sans collision,,,,,,,,,,,1,2,3,1.0,7.0
201700037473,0017-06-08 17:10:00,17,6,8,17,10,830,137,ARMARIS (BD DES),,,Plein jour,Hors agglomération,Hors intersection,Normale,Deux véhicules - côté,,,,,,,,,,,1,1,1,1.0,3.0
201700037474,0017-06-08 19:00:00,17,6,8,19,0,830,144,PICASSO (AVE PABLO),43.13334,5.9914,Plein jour,En agglomération,Intersection en X,Normale,Deux véhicules - côté,,,,,,,,,,,1,2,2,1.0,3.0
201700037475,0017-06-08 18:45:00,17,6,8,18,45,830,137,"915, FAVIERES (CHEMIN DE",43.15229,5.96742,Plein jour,Hors agglomération,Hors intersection,Normale,Deux véhicules - côté,,,,,,,,,,,1,1,1,1.0,3.0
201700037476,0017-06-08 07:35:00,17,6,8,7,35,830,62,"0, PERI (AVENUE GABRIEL)",43.12487,6.00999,Plein jour,En agglomération,Hors intersection,Normale,Autre collision,,,,,,,,,,,1,2,1,1.0,6.0
201700037477,0017-06-09 21:35:00,17,6,9,21,35,830,90,"55, BOUYERE (CHE DE LA)",43.12396,5.87598,Nuit avec éclairage allumé,Hors agglomération,Hors intersection,Normale,Autre collision,,,,,,,,,,,5,1,1,1.0,6.0
201700037478,0017-06-12 12:30:00,17,6,12,12,30,830,90,"994, MONNET (AVE JEAN)",43.12765,5.85745,Plein jour,Hors agglomération,Giratoire,Normale,Autre collision,,,,,,,,,,,1,1,6,1.0,6.0
201700037479,0017-06-14 00:20:00,17,6,14,0,20,830,137,DE LATTRE DE TASSIGNY,43.114,5.93956,Nuit avec éclairage allumé,En agglomération,Intersection en X,Normale,Deux véhicules - côté,,,,,,,,,,,5,2,2,1.0,3.0
201700037480,0017-06-14 07:00:00,17,6,14,7,0,830,137,BRIAND (AVE ARISTIDE),43.12477,5.89638,Plein jour,En agglomération,Intersection en X,Normale,Deux véhicules - côté,,,,,,,,,,,1,2,2,1.0,3.0
201700037481,0017-06-15 17:20:00,17,6,15,17,20,830,137,CAMUS (AVE ALBERT),43.13244,5.8819,Plein jour,En agglomération,Hors intersection,Normale,Autre collision,,,,,,,,,,,1,2,1,1.0,6.0
201700037482,0017-06-17 12:25:00,17,6,17,12,25,830,144,UNIVERSITE (AVE DE L'),43.13858,6.00258,Plein jour,En agglomération,Giratoire,Normale,Deux véhicules - frontale,,,,,,,,,,,1,2,6,1.0,1.0
201700037483,0017-06-20 16:30:00,17,6,20,16,30,830,90,NATIONALE 8 (ROUTE),43.13125,5.87114,Plein jour,Hors agglomération,Hors intersection,Normale,Deux véhicules - arrière,,,,,,,,,,,1,1,1,1.0,2.0
201700037484,0017-06-20 17:35:00,17,6,20,17,35,830,62,HUIT MAI 1945 (AVE DU),43.11833,6.00488,Plein jour,En agglomération,Intersection en X,Normale,Deux véhicules - côté,,,,,,,,,,,1,2,2,1.0,3.0
201700037485,0017-06-20 20:15:00,17,6,20,20,15,830,144,UNIVERSITE (AVE DE L'),43.13716,6.00511,Plein jour,En agglomération,Giratoire,Normale,Deux véhicules - côté,,,,,,,,,,,1,2,6,1.0,3.0
201700037486,0017-06-21 21:25:00,17,6,21,21,25,830,137,TOUR ROYALE (AVE DE LA),43.10454,5.92899,Crépuscule ou aube,En agglomération,Hors intersection,Normale,Deux véhicules - arrière,,,,,,,,,,,2,2,1,1.0,2.0
201700037487,0017-06-24 14:40:00,17,6,24,14,40,830,90,GORGES (ROUTE DES),43.14791,5.84649,Plein jour,Hors agglomération,Hors intersection,Normale,Deux véhicules - frontale,,,,,,,,,,,1,1,1,1.0,1.0
201700037488,0017-06-24 15:25:00,17,6,24,15,25,830,90,"1595, GORGES (ROUTE DES)",43.15156,5.84556,Plein jour,Hors agglomération,Hors intersection,Normale,Deux véhicules - frontale,,,,,,,,,,,1,1,1,1.0,1.0
201700037489,0017-06-24 18:50:00,17,6,24,18,50,830,62,ST JUST (AVENUE),43.14282,6.01282,Plein jour,En agglomération,Intersection en T,Normale,Deux véhicules - frontale,,,,,,,,,,,1,2,3,1.0,1.0
201700037490,0017-06-28 22:00:00,17,6,28,22,0,830,62,CARNOT (AVENUE SADI),43.12463,6.00909,Nuit avec éclairage allumé,En agglomération,Intersection en X,Normale,Deux véhicules - frontale,,,,,,,,,,,5,2,2,1.0,1.0
201700037491,0017-06-30 01:00:00,17,6,30,1,0,830,144,MIRASOULEOU (AVE),43.13312,5.98173,Nuit sans éclairage public,Hors agglomération,Hors intersection,Normale,Deux véhicules - côté,,,,,,,,,,,3,1,1,1.0,3.0
201700037492,0017-06-30 13:25:00,17,6,30,13,25,830,137,"162, CUZIN (AV FRANCOIS)",43.1221,5.94376,Plein jour,En agglomération,Hors intersection,Normale,Autre collision,,,,,,,,,,,1,2,1,1.0,6.0
201700037493,0017-07-01 14:15:00,17,7,1,14,15,830,137,MARCHAND (AVE CDT),43.12305,5.93895,Plein jour,En agglomération,Intersection en X,Normale,Autre collision,,,,,,,,,,,1,2,2,1.0,6.0
201700037494,0017-07-03 18:30:00,17,7,3,18,30,830,137,ABEL (BD JEAN BAPTISTE),43.11312,5.97961,Plein jour,En agglomération,Hors intersection,Normale,Trois véhicules et plus - en chaîne,,,,,,,,,,,1,2,1,1.0,4.0
201700037495,0017-07-06 07:15:00,17,7,6,7,15,830,137,CLEMENCEAU (BD GEORGES),43.12206,5.94008,Plein jour,En agglomération,Hors intersection,Normale,Autre collision,,,,,,,,,,,1,2,1,1.0,6.0
201700037496,0017-07-05 12:25:00,17,7,5,12,25,830,90,OLLIOULES (ROND POINT),43.12333,5.8478,Plein jour,En agglomération,Giratoire,Normale,Deux véhicules - arrière,,,,,,,,,,,1,2,6,1.0,2.0
201700037497,0017-07-09 18:00:00,17,7,9,18,0,830,137,BONFANTE,43.14088,5.8901,Plein jour,En agglomération,Giratoire,Normale,Deux véhicules - arrière,,,,,,,,,,,1,2,6,1.0,2.0
201700037498,0017-07-12 18:00:00,17,7,12,18,0,830,137,"664, FOCH (AVE DU MAR)",43.12784,5.91761,Plein jour,En agglomération,Hors intersection,Normale,Autre collision,,,,,,,,,,,1,2,1,1.0,6.0
201700037499,0017-07-12 18:30:00,17,7,12,18,30,830,62,DRAGUIGNAN (AVENUE DE),43.13997,6.03462,Plein jour,En agglomération,Hors intersection,Normale,Deux véhicules - côté,,,,,,,,,,,1,2,1,1.0,3.0
201700037500,0017-07-13 15:00:00,17,7,13,15,0,830,137,,43.16506,5.9395,Plein jour,En agglomération,Hors intersection,Normale,Deux véhicules - frontale,,,,,,,,,,,1,2,1,1.0,1.0
201700037501,0017-07-16 12:05:00,17,7,16,12,5,830,103,SALVATTE (CHEMIN DE LA),43.16524,5.9237,Plein jour,Hors agglomération,Intersection en Y,Normale,Deux véhicules - côté,,,,,,,,,,,1,1,4,1.0,3.0
201700037502,0017-07-19 11:20:00,17,7,19,11,20,830,98,BROSSET (AVENUE DU GEN),43.10933,6.00091,Plein jour,En agglomération,Hors intersection,Normale,Deux véhicules - côté,,,,,,,,,,,1,2,1,1.0,3.0
201700037503,0017-07-20 18:10:00,17,7,20,18,10,830,90,"411, GORGES (ROUTE DES)",43.14354,5.84687,Plein jour,Hors agglomération,Hors intersection,Normale,Deux véhicules - côté,,,,,,,,,,,1,1,1,1.0,3.0
201700037504,0017-07-21 07:55:00,17,7,21,7,55,830,137,ARMARIS (BD DES),43.12901,5.98609,Plein jour,Hors agglomération,Intersection à plus de 4 branches,Normale,Deux véhicules - côté,,,,,,,,,,,1,1,5,1.0,3.0
201700037505,0017-07-22 19:25:00,17,7,22,19,25,830,137,"460, BAZEILLES (BD)",43.11215,5.93518,Plein jour,En agglomération,Hors intersection,Normale,Deux véhicules - côté,,,,,,,,,,,1,2,1,1.0,3.0
201700037506,0017-07-23 23:30:00,17,7,23,23,30,830,137,"373, MISTRAL (ALLEE)",43.10766,5.93957,Nuit avec éclairage allumé,En agglomération,Hors intersection,Temps couvert,Autre collision,,,,,,,,,,,5,2,1,8.0,6.0
201700037507,0017-07-23 09:45:00,17,7,23,9,45,830,137,SAINTE CLAIRE DEVILLE,43.12874,5.98055,Plein jour,En agglomération,Hors intersection,Normale,Autre collision,,,,,,,,,,,1,2,1,1.0,6.0
201700037508,0017-07-27 19:20:00,17,7,27,19,20,830,144,"211, RICARD (AVE DES)",43.14091,5.99051,Plein jour,En agglomération,Hors intersection,Normale,Autre collision,,,,,,,,,,,1,2,1,1.0,6.0
201700037509,0017-08-02 11:00:00,17,8,2,11,0,830,62,"290, ROBESPIERRE (AVE)",43.13572,6.02725,Plein jour,En agglomération,Hors intersection,Normale,Autre collision,,,,,,,,,,,1,2,1,1.0,6.0
201700037510,0017-08-07 11:00:00,17,8,7,11,0,830,137,PELVOUX (CHEMIN DU),43.15,5.9,Plein jour,En agglomération,Hors intersection,Normale,Deux véhicules - frontale,,,,,,,,,,,1,2,1,1.0,1.0
201700037511,0017-08-08 08:10:00,17,8,8,8,10,830,137,"222, MALON (AVE BENOIT)",43.12226,5.9556,Plein jour,En agglomération,Intersection en X,Normale,Deux véhicules - côté,,,,,,,,,,,1,2,2,1.0,3.0
201700037512,0017-08-11 10:30:00,17,8,11,10,30,830,137,CUZIN (AVE FRANCOIS),43.12219,5.94369,Plein jour,En agglomération,Hors intersection,Normale,Deux véhicules - côté,,,,,,,,,,,1,2,1,1.0,3.0
201700037513,0017-08-13 17:00:00,17,8,13,17,0,830,137,LE CHATELIER (AVE ANDRE),43.13942,5.89505,Plein jour,En agglomération,Giratoire,Normale,Deux véhicules - côté,,,,,,,,,,,1,2,6,1.0,3.0
201700037514,0017-08-17 10:45:00,17,8,17,10,45,830,137,FORT ROUGE (CHEMIN DU),43.14016,5.91323,Plein jour,En agglomération,Hors intersection,Normale,Autre collision,,,,,,,,,,,1,2,1,1.0,6.0
201700037515,0017-08-17 17:05:00,17,8,17,17,5,830,137,PERI  (PLACE GABRIEL),43.12629,5.92587,Plein jour,En agglomération,Place,Normale,Deux véhicules - côté,,,,,,,,,,,1,2,7,1.0,3.0
201700037516,0017-08-19 16:00:00,17,8,19,16,0,830,144,TORTEL (AVE JM),43.1418,6.00209,Plein jour,En agglomération,Intersection en T,Normale,Deux véhicules - côté,,,,,,,,,,,1,2,3,1.0,3.0
201700037517,0017-08-20 03:20:00,17,8,20,3,20,830,137,"191, BARTHELEMY (Bld)",43.12874,5.90601,Nuit avec éclairage allumé,En agglomération,Hors intersection,Normale,Autre collision,,,,,,,,,,,5,2,1,1.0,6.0
201700037518,0017-08-21 17:30:00,17,8,21,17,30,830,137,ROUTES (AVE DES),43.13708,5.90825,Plein jour,En agglomération,Hors intersection,Normale,Autre collision,,,,,,,,,,,1,2,1,1.0,6.0
201700037519,0017-08-22 07:50:00,17,8,22,7,50,830,137,Littoral F. MISTRAL,43.10865,5.94955,Plein jour,En agglomération,Hors intersection,Normale,Autre collision,,,,,,,,,,,1,2,1,1.0,6.0
201700037520,0017-08-23 17:10:00,17,8,23,17,10,830,137,LE CHATELIER (AVE),43.1395,5.8999,Plein jour,En agglomération,Hors intersection,Normale,Deux véhicules - côté,,,,,,,,,,,1,2,1,1.0,3.0
201700037521,0017-08-29 19:45:00,17,8,29,19,45,830,137,"303, HERRIOT (AVE Ed)",43.12916,5.89783,Plein jour,En agglomération,Intersection en T,Normale,Deux véhicules - côté,,,,,,,,,,,1,2,3,1.0,3.0
201700037522,0017-09-01 08:50:00,17,9,1,8,50,830,137,"101, PRUNEAU (AVE GEN)",43.11968,5.95161,Plein jour,En agglomération,Hors intersection,Normale,Autre collision,,,,,,,,,,,1,2,1,1.0,6.0
201700037523,0017-09-15 19:00:00,17,9,15,19,0,830,137,"641, TROLLEY DE PREVEAUX",43.15518,5.913,Plein jour,En agglomération,Hors intersection,Normale,Deux véhicules - arrière,,,,,,,,,,,1,2,1,1.0,2.0
201700037524,0017-09-20 10:30:00,17,9,20,10,30,830,137,"20, BLACHE (PLACE NOEL)",43.124,5.93618,Plein jour,En agglomération,Hors intersection,Normale,Autre collision,,,,,,,,,,,1,2,1,1.0,6.0
201700037525,0017-09-21 21:20:00,17,9,21,21,20,830,137,JUIN (AVE ALPHONSE),43.1204,5.9473,Nuit avec éclairage allumé,En agglomération,Intersection en X,Normale,Deux véhicules - côté,,,,,,,,,,,5,2,2,1.0,3.0
201700037526,0017-09-22 14:15:00,17,9,22,14,15,830,62,CHEMIN VIEUX COLOMBIER,43.11588,5.98596,Plein jour,En agglomération,Intersection en T,Normale,Deux véhicules - côté,,,,,,,,,,,1,2,3,1.0,3.0
201700037527,0017-09-23 06:40:00,17,9,23,6,40,830,137,"15, AVE FRANK ROOSEVELT",43.12106,5.94058,Nuit avec éclairage non allumé,En agglomération,Hors intersection,Normale,Deux véhicules - arrière,,,,,,,,,,,4,2,1,1.0,2.0
201700037528,0017-09-26 18:00:00,17,9,26,18,0,830,62,"33, DUCLOS (AVE JACQUES)",43.11588,6.00097,Crépuscule ou aube,En agglomération,Hors intersection,Normale,Deux véhicules - côté,,,,,,,,,,,2,2,1,1.0,3.0
201700037529,0017-09-28 19:20:00,17,9,28,19,20,830,137,VILLEVIEILLE (ROND POINT,43.12747,5.91919,Nuit avec éclairage allumé,En agglomération,Hors intersection,Normale,Autre collision,,,,,,,,,,,5,2,1,1.0,6.0
201700037530,0017-09-29 05:15:00,17,9,29,5,15,830,137,ROOSEVELT (AVE FRANKLIN),43.12046,5.94,Nuit avec éclairage allumé,En agglomération,Hors intersection,Normale,Deux véhicules - arrière,,,,,,,,,,,5,2,1,1.0,2.0
201700037531,0017-09-22 13:45:00,17,9,22,13,45,830,137,TOESCA (BD PIERRE),43.12878,5.92775,Plein jour,En agglomération,Hors intersection,Normale,Deux véhicules - côté,,,,,,,,,,,1,2,1,1.0,3.0
201700037532,0017-10-06 20:40:00,17,10,6,20,40,830,137,"3, MASSENA (RUE)",43.11186,5.93529,Nuit avec éclairage allumé,En agglomération,Hors intersection,Normale,Autre collision,,,,,,,,,,,5,2,1,1.0,6.0
201700037533,0017-10-03 08:50:00,17,10,3,8,50,830,62,"978, PREMIER (BAT.INF)",43.13545,6.02121,Plein jour,En agglomération,Intersection en T,Normale,Deux véhicules - côté,,,,,,,,,,,1,2,3,1.0,3.0
201700037534,0017-10-09 07:20:00,17,10,9,7,20,830,137,"0, DESCARTES (RUE / AVE)",43.12687,5.89481,Nuit avec éclairage non allumé,Hors agglomération,Autre intersection,Normale,Deux véhicules - côté,,,,,,,,,,,4,1,9,1.0,3.0
201700037535,0017-10-09 07:30:00,17,10,9,7,30,830,137,JUIN (AVE ALPHONSE),43.12027,5.94736,Plein jour,En agglomération,Hors intersection,Normale,Deux véhicules - arrière,,,,,,,,,,,1,2,1,1.0,2.0
201700037536,0017-10-10 20:50:00,17,10,10,20,50,830,137,TESSE (BD DE),43.12807,5.92922,Nuit avec éclairage allumé,En agglomération,Hors intersection,Normale,Autre collision,,,,,,,,,,,5,2,1,1.0,6.0
201700037537,0017-10-13 06:45:00,17,10,13,6,45,830,137,"13, FONTAN (AVE DOCTEUR)",43.13021,5.92006,Nuit avec éclairage allumé,En agglomération,Hors intersection,Normale,Trois véhicules et plus - en chaîne,,,,,,,,,,,5,2,1,1.0,4.0
201700037538,0017-10-16 07:10:00,17,10,16,7,10,830,137,"0, JOFFRE (BD MARECHAL)",43.12339,5.94808,Crépuscule ou aube,En agglomération,Hors intersection,Normale,Deux véhicules - côté,,,,,,,,,,,2,2,1,1.0,3.0
201700037539,0017-10-17 17:20:00,17,10,17,17,20,830,137,FOCH (AVE DU MARECHAL),43.12675,5.92342,Plein jour,En agglomération,Hors intersection,Normale,Autre collision,,,,,,,,,,,1,2,1,1.0,6.0
201700037540,0017-10-18 16:30:00,17,10,18,16,30,830,137,DE LATTRE DE TASSIGNY,43.11419,5.93934,Plein jour,En agglomération,Hors intersection,Normale,Deux véhicules - côté,,,,,,,,,,,1,2,1,1.0,3.0
201700037541,0017-10-25 08:35:00,17,10,25,8,35,830,137,"134, AVE D 15eme CORPS",43.12896,5.91611,Plein jour,En agglomération,Hors intersection,Temps éblouissant,Autre collision,,,,,,,,,,,1,2,1,7.0,6.0
201700037542,0017-10-25 14:00:00,17,10,25,14,0,830,137,AUBAN (RUE DR CAMILLE),43.12246,5.93011,Plein jour,En agglomération,Hors intersection,Normale,Autre collision,,,,,,,,,,,1,2,1,1.0,6.0
201700037543,0017-10-29 20:20:00,17,10,29,20,20,830,137,"172, ALLEE LEYGUES",43.12311,5.96398,Nuit avec éclairage allumé,En agglomération,Passage à niveau,Normale,Autre collision,,,,,,,,,,,5,2,8,1.0,6.0
201700037544,0017-10-30 17:15:00,17,10,30,17,15,830,137,"20, FRANCE (RUE ANATOLE)",43.12297,5.92966,Crépuscule ou aube,En agglomération,Hors intersection,Normale,Autre collision,,,,,,,,,,,2,2,1,1.0,6.0
201700037545,0017-10-30 12:30:00,17,10,30,12,30,830,62,"337, CHEMIN FONTAN",43.14546,6.02581,Plein jour,En agglomération,Hors intersection,Normale,Deux véhicules - côté,,,,,,,,,,,1,2,1,1.0,3.0
201700037546,0017-11-01 13:00:00,17,11,1,13,0,830,90,NATIONALE 8 (ROUTE),43.1339,5.86102,Plein jour,Hors agglomération,Hors intersection,Normale,Deux véhicules - arrière,,,,,,,,,,,1,1,1,1.0,2.0
201700037547,0017-11-03 17:40:00,17,11,3,17,40,830,144,COUPIANE (AVE DE LA),43.13035,5.99133,Nuit avec éclairage allumé,En agglomération,Hors intersection,Normale,Deux véhicules - côté,,,,,,,,,,,5,2,1,1.0,3.0
201700037548,0017-11-04 07:45:00,17,11,4,7,45,830,137,"34, STRASBOURG (BD DE )",,,Plein jour,En agglomération,Hors intersection,Normale,Deux véhicules - arrière,,,,,,,,,,,1,2,1,1.0,2.0
201700037549,0017-11-05 15:30:00,17,11,5,15,30,830,137,"264, LE CHATELIER (AVE)",43.13904,5.90245,Plein jour,En agglomération,Hors intersection,Normale,Deux véhicules - côté,,,,,,,,,,,1,2,1,1.0,3.0
201700037550,0017-11-07 09:47:00,17,11,7,9,47,830,98,DE LATTRE (BD),43.10195,6.02281,Plein jour,En agglomération,Hors intersection,Normale,Autre collision,,,,,,,,,,,1,2,1,1.0,6.0
201700037551,0017-11-09 10:30:00,17,11,9,10,30,830,62,DRAGUIGNAN (AVENUE DE),43.14678,6.03967,Plein jour,En agglomération,Hors intersection,Temps éblouissant,Autre collision,,,,,,,,,,,1,2,1,7.0,6.0
201700037552,0017-11-10 09:00:00,17,11,10,9,0,830,144,205 Av de la LIBERATION,43.14354,5.98518,Plein jour,En agglomération,Hors intersection,Temps éblouissant,Autre collision,,,,,,,,,,,1,2,1,7.0,6.0
201700037553,0017-11-15 20:05:00,17,11,15,20,5,830,137,BRIAND (AVE ARISTIDE),43.1278,5.90614,Nuit avec éclairage allumé,En agglomération,Hors intersection,Normale,Deux véhicules - arrière,,,,,,,,,,,5,2,1,1.0,2.0
201700037554,0017-11-20 17:20:00,17,11,20,17,20,830,137,"52, RIGOUMEL (CHEMIN DE)",43.14319,5.90782,Crépuscule ou aube,En agglomération,Hors intersection,Normale,Autre collision,,,,,,,,,,,2,2,1,1.0,6.0
201700037555,0017-11-21 08:30:00,17,11,21,8,30,830,90,"6, MARGUERITE (ALLEE)",43.13614,5.85079,Plein jour,En agglomération,Hors intersection,Temps éblouissant,Autre collision,,,,,,,,,,,1,2,1,7.0,6.0
201700037556,0017-11-21 12:10:00,17,11,21,12,10,830,137,"1690, RD46",43.16291,5.94601,Plein jour,Hors agglomération,Hors intersection,Normale,Deux véhicules - frontale,,,,,,,,,,,1,1,1,1.0,1.0
201700037557,0017-11-24 19:55:00,17,11,24,19,55,830,137,AVE GENERAL LECLERC,43.12585,5.92729,Nuit avec éclairage allumé,En agglomération,Intersection en T,Normale,Deux véhicules - côté,,,,,,,,,,,5,2,3,1.0,3.0
201700037558,0017-11-24 19:30:00,17,11,24,19,30,830,137,FENELON (BD DR FRANCOIS),43.12907,5.91285,Nuit avec éclairage allumé,En agglomération,Intersection en X,Normale,Deux véhicules - côté,,,,,,,,,,,5,2,2,1.0,3.0
201700037559,0017-11-25 18:55:00,17,11,25,18,55,830,137,BROSSET (BD GENERAL),43.12801,5.906,Nuit avec éclairage allumé,En agglomération,Intersection en T,Normale,Deux véhicules - côté,,,,,,,,,,,5,2,3,1.0,3.0
201700037560,0017-11-26 16:30:00,17,11,26,16,30,830,90,CAGNARDE (ROND P DE LA),43.127,5.8778,Plein jour,En agglomération,Giratoire,Normale,Deux véhicules - côté,,,,,,,,,,,1,2,6,1.0,3.0
201700037561,0017-11-28 20:50:00,17,11,28,20,50,830,62,FABRI DE PEIRESC (AVE),43.14096,6.03005,Nuit avec éclairage allumé,En agglomération,Intersection en T,Normale,Deux véhicules - côté,,,,,,,,,,,5,2,3,1.0,3.0
201700037562,0017-12-01 15:00:00,17,12,1,15,0,830,137,STRASBOURG (BD DE ),43.12451,5.93434,Plein jour,En agglomération,Hors intersection,Normale,Autre collision,,,,,,,,,,,1,2,1,1.0,6.0
201700037563,0017-12-01 23:20:00,17,12,1,23,20,830,137,"97, MIREILLE (RUE)",43.1135,5.94287,Nuit avec éclairage allumé,En agglomération,Hors intersection,Normale,Deux véhicules - côté,,,,,,,,,,,5,2,1,1.0,3.0
201700037564,0017-12-05 17:50:00,17,12,5,17,50,830,62,DESMOULINS (AVE CAMILLE),43.14026,6.01866,Nuit avec éclairage allumé,En agglomération,Hors intersection,Normale,Autre collision,,,,,,,,,,,5,2,1,1.0,6.0
201700037565,0017-12-06 13:45:00,17,12,6,13,45,830,137,"120, LYAUTEY (AVE MAR)",43.12802,5.9222,Plein jour,En agglomération,Hors intersection,Normale,Deux véhicules - arrière,,,,,,,,,,,1,2,1,1.0,2.0
201700037566,0017-12-07 09:00:00,17,12,7,9,0,830,137,CHEMIN DE FORGENTIER,43.13452,5.90116,Plein jour,En agglomération,Hors intersection,Normale,Autre collision,,,,,,,,,,,1,2,1,1.0,6.0
201700037567,0017-12-08 09:30:00,17,12,8,9,30,830,90,LEMOYNE (PLACE PAUL),43.13797,5.84739,Plein jour,En agglomération,Hors intersection,Normale,Autre collision,,,,,,,,,,,1,2,1,1.0,6.0
201700037568,0017-12-08 14:10:00,17,12,8,14,10,830,137,"228, AVE DU 15EME CORPS",43.12867,5.91502,Plein jour,En agglomération,Hors intersection,Temps couvert,Autre collision,,,,,,,,,,,1,2,1,8.0,6.0
201700037569,0017-12-08 18:20:00,17,12,8,18,20,830,144,ANCIENNE RN98,43.1392,6.01138,Nuit avec éclairage non allumé,Hors agglomération,Intersection en T,Temps couvert,Autre collision,,,,,,,,,,,4,1,3,8.0,6.0
201700037570,0017-12-10 05:45:00,17,12,10,5,45,830,137,BLONDEL (RUE ANDRE),43.12431,5.9736,Nuit avec éclairage allumé,En agglomération,Hors intersection,Pluie légère,Deux véhicules - frontale,,,,,,,,,,,5,2,1,2.0,1.0
201700037571,0017-12-10 06:30:00,17,12,10,6,30,830,62,"180, ROUTE NATIONALE 98",43.13422,6.03766,Nuit sans éclairage public,Hors agglomération,Hors intersection,Vent fort / tempête,Autre collision,,,,,,,,,,,3,1,1,6.0,6.0