accident_id,datetime,annee,mois,jour,heure,minute,departement,commune_insee,adresse,latitude,longitude,luminosite,agglomeration,intersection,meteo,collision,nb_vehicules,nb_usagers,nb_indemnes,nb_tues,nb_blesses_hosp,nb_blesses_legers,age_cond_1,age_cond_2,veh_type_cond_1,veh_type_cond_2,lum_code,agg_code,int_code,atm_code,col_code
201700037692,0017-05-23 10:55:00,17,5,23,10,55,850,191,D160,46.68065,-1.40856,Plein jour,Hors agglomération,Hors intersection,Normale,Deux véhicules - frontale,,,,,,,,,,,1,1,1,1.0,1.0
201700037693,0017-06-09 23:00:00,17,6,9,23,0,850,191,BOULEVARD D'ANGLETERRE,46.67455,-1.42878,Nuit avec éclairage allumé,En agglomération,Giratoire,Normale,Deux véhicules - côté,,,,,,,,,,,5,2,6,1.0,3.0
201700037694,0017-06-21 11:30:00,17,6,21,11,30,850,191,BOULEVARD GUITTON GASTON,46.6589,-1.43446,Plein jour,En agglomération,Hors intersection,Normale,Autre collision,,,,,,,,,,,1,2,1,1.0,6.0
201700037695,0017-06-23 08:40:00,17,6,23,8,40,850,191,RUE GEORGES POMPIDOU,46.6705,-1.41481,Plein jour,En agglomération,Hors intersection,Normale,Deux véhicules - arrière,,,,,,,,,,,1,2,1,1.0,2.0
201700037696,0017-07-20 19:00:00,17,7,20,19,0,850,191,45 RUE DU MARECHAL NEY,46.67673,-1.42988,Plein jour,En agglomération,Hors intersection,Normale,Autre collision,,,,,,,,,,,1,2,1,1.0,6.0
201700037697,0017-08-01 12:45:00,17,8,1,12,45,850,191,140 BOULEVARD INDUSTRIE,46.65103,1.43773,Plein jour,En agglomération,Hors intersection,Normale,Deux véhicules - frontale,,,,,,,,,,,1,2,1,1.0,1.0
201700037698,0017-09-09 05:10:00,17,9,9,5,10,850,191,AVENUE YITZHAK RABIN,46.69745,-1.42978,Nuit sans éclairage public,En agglomération,Hors intersection,Normale,Deux véhicules - frontale,,,,,,,,,,,3,2,1,1.0,1.0
201700037699,0017-09-21 08:55:00,17,9,21,8,55,850,191,BOULEVARD GASTON GUITTON,46.65887,-1.4343,Plein jour,En agglomération,Hors intersection,Normale,Autre collision,,,,,,,,,,,1,2,1,1.0,6.0
201700037700,0017-09-13 08:10:00,17,9,13,8,10,850,191,LA JAUSINIERE,46.69242,-1.47251,Plein jour,Hors agglomération,Hors intersection,Normale,Autre collision,,,,,,,,,,,1,1,1,1.0,6.0
201700037701,0017-10-11 08:15:00,17,10,11,8,15,850,191,AVENUE DE LA FRATERNITE,46.65957,-1.44039,Plein jour,En agglomération,Giratoire,Normale,Deux véhicules - côté,,,,,,,,,,,1,2,6,1.0,3.0
201700037702,0017-10-07 13:00:00,17,10,7,13,0,850,191,20 RUE DE LA RIPARDIERE,46.66081,-1.4501,Plein jour,En agglomération,Hors intersection,Normale,Sans collision,,,,,,,,,,,1,2,1,1.0,7.0
201700037703,0017-10-24 07:40:00,17,10,24,7,40,850,191,AVENUE YITZHAK RABIN,46.69364,-1.4299,Nuit avec éclairage non allumé,Hors agglomération,Hors intersection,Normale,Deux véhicules - frontale,,,,,,,,,,,4,1,1,1.0,1.0
201700037704,0017-11-10 11:40:00,17,11,10,11,40,850,191,BOULEVARD EDOUARD BRANLY,46.68089,-1.44024,Plein jour,En agglomération,Hors intersection,Normale,Autre collision,,,,,,,,,,,1,2,1,1.0,6.0
201700037705,0017-11-14 17:55:00,17,11,14,17,55,850,191,149 RUE ROGER SALENGRO,46.66615,-1.44517,Nuit avec éclairage allumé,En agglomération,Hors intersection,Normale,Trois véhicules et plus - collisions multiples,,,,,,,,,,,5,2,1,1.0,5.0
201700037706,0017-11-16 20:50:00,17,11,16,20,50,850,191,1 RUE CHANZY,46.67205,-1.43161,Nuit avec éclairage allumé,En agglomération,Intersection en X,Normale,Deux véhicules - côté,,,,,,,,,,,5,2,2,1.0,3.0
201700037707,0017-11-30 19:40:00,17,11,30,19,40,850,191,ROND-POINT B.  PALISSY,46.69041,-1.42896,Nuit avec éclairage non allumé,En agglomération,Autre intersection,Normale,Autre collision,,,,,,,,,,,4,2,9,1.0,6.0
201700037708,0017-12-06 11:00:00,17,12,6,11,0,850,191,PLACE NAPOLEON,46.66981,-1.4275,Plein jour,En agglomération,Autre intersection,Normale,Autre collision,,,,,,,,,,,1,2,9,1.0,6.0
201700037709,0017-12-14 10:00:00,17,12,14,10,0,850,191,159RUE DU GENERAL GUERIN,46.66118,-1.40125,Plein jour,En agglomération,Hors intersection,Normale,Autre collision,,,,,,,,,,,1,2,1,1.0,6.0
201700037710,0017-12-16 10:40:00,17,12,16,10,40,850,191,33 RUE DU MARECHAL FOCH,46.67385,-1.42842,Plein jour,En agglomération,Hors intersection,Normale,Autre collision,,,,,,,,,,,1,2,1,1.0,6.0
201700037711,0017-12-20 18:30:00,17,12,20,18,30,850,191,RUE DE LA SIMBRANDIERE,46.66346,-1.4252,Crépuscule ou aube,En agglomération,Hors intersection,Normale,Trois véhicules et plus - en chaîne,,,,,,,,,,,2,2,1,1.0,4.0
201700037712,0017-10-06 07:50:00,17,10,6,7,50,850,194,RUE DE LA BAUDUERE,46.49977,1.77997,Plein jour,En agglomération,Intersection en X,Normale,Deux véhicules - côté,,,,,,,,,,,1,2,2,1.0,3.0
201700037713,0017-12-19 01:10:00,17,12,19,1,10,850,194,ANCIENNE SOUS-PREFECTURE,46.49579,-1.79059,Nuit sans éclairage public,En agglomération,Hors intersection,Normale,Autre collision,,,,,,,,,,,3,2,1,1.0,6.0
201700037714,0017-10-30 18:40:00,17,10,30,18,40,850,166,ROND POINT MITTERAND,46.51318,1.77666,Nuit avec éclairage allumé,En agglomération,Intersection en X,Normale,Deux véhicules - côté,,,,,,,,,,,5,2,2,1.0,3.0
201700037715,0017-12-26 17:40:00,17,12,26,17,40,850,194,RUE JOSEPH BENATIER,46.50082,-1.79672,Nuit avec éclairage allumé,En agglomération,Hors intersection,Vent fort / tempête,Autre collision,,,,,,,,,,,5,2,1,6.0,6.0
201700037716,0017-01-15 15:00:00,17,1,15,15,0,850,166,LES HESPERIDES,46.52338,-1.74505,Plein jour,Hors agglomération,Hors intersection,Normale,Autre collision,,,,,,,,,,,1,1,1,1.0,6.0
201700037717,0017-11-13 15:00:00,17,11,13,15,0,850,166,RUE CHATEAUBRIAND,46.51191,1.77424,Plein jour,En agglomération,Hors intersection,Normale,Deux véhicules - frontale,,,,,,,,,,,1,2,1,1.0,1.0
201700037718,0017-02-07 08:15:00,17,2,7,8,15,850,194,43bisRUE JOSEPH BENATIER,46.50105,1.79697,Plein jour,En agglomération,Hors intersection,Normale,Autre collision,,,,,,,,,,,1,2,1,1.0,6.0
201700037719,0017-01-25 09:00:00,17,1,25,9,0,850,166,RUE AMPERE,46.50962,1.77047,Plein jour,En agglomération,Intersection en T,Normale,Deux véhicules - côté,,,,,,,,,,,1,2,3,1.0,3.0
201700037720,0017-11-23 00:45:00,17,11,23,0,45,850,60,RUE DU BOCAGE,46.51079,1.70407,Nuit avec éclairage non allumé,Hors agglomération,Intersection en X,Normale,Autre collision,,,,,,,,,,,4,1,2,1.0,6.0
201700037721,0017-12-15 22:45:00,17,12,15,22,45,850,60,Rond-Point de Worthing,46.48487,1.76544,Nuit avec éclairage allumé,En agglomération,Hors intersection,Normale,Deux véhicules - arrière,,,,,,,,,,,5,2,1,1.0,2.0
201700037722,0017-02-16 11:05:00,17,2,16,11,5,850,194,JAURES (AVENUE JEAN),46.50023,1.77934,Plein jour,En agglomération,Intersection en T,Normale,Deux véhicules - côté,,,,,,,,,,,1,2,3,1.0,3.0
201700037723,0017-12-22 07:45:00,17,12,22,7,45,850,166,RUE DES OEILLETS,46.50994,1.78295,Nuit avec éclairage non allumé,En agglomération,Intersection en X,Normale,Deux véhicules - côté,,,,,,,,,,,4,2,2,1.0,3.0
201700037724,0017-01-19 20:25:00,17,1,19,20,25,850,166,100 RUE MARECHAL JOFFRE,46.53403,1.76189,Nuit avec éclairage allumé,En agglomération,Hors intersection,Normale,Autre collision,,,,,,,,,,,5,2,1,1.0,6.0
201700037725,0017-01-14 10:10:00,17,1,14,10,10,850,194,RUE DES GREEURS,46.50027,1.78626,Plein jour,En agglomération,Hors intersection,Normale,Deux véhicules - côté,,,,,,,,,,,1,2,1,1.0,3.0
201700037726,0017-04-06 17:15:00,17,4,6,17,15,850,60,14 AVENUE NINA D'ASTY,46.47681,-1.7508,Plein jour,En agglomération,Intersection en X,Normale,Deux véhicules - côté,,,,,,,,,,,1,2,2,1.0,3.0
201700037727,0017-03-20 11:40:00,17,3,20,11,40,850,166,RUE DU 8 MAI 1945,46.5375,1.77218,Plein jour,En agglomération,Hors intersection,Normale,Deux véhicules - arrière,,,,,,,,,,,1,2,1,1.0,2.0
201700037728,0017-04-18 19:35:00,17,4,18,19,35,850,194,2 RUE JEAN NICOT,46.4981,-1.78215,Plein jour,En agglomération,Hors intersection,Normale,Autre collision,,,,,,,,,,,1,2,1,1.0,6.0
201700037729,0017-03-11 13:05:00,17,3,11,13,5,850,194,QUAI ERNEST FRANQUEVILLE,46.49749,-1.78627,Plein jour,En agglomération,Hors intersection,Normale,Deux véhicules - côté,,,,,,,,,,,1,2,1,1.0,3.0
201700037730,0017-04-22 20:05:00,17,4,22,20,5,850,194,RUE JEAN NICOT,46.49933,-1.78421,Crépuscule ou aube,En agglomération,Giratoire,Normale,Deux véhicules - arrière,,,,,,,,,,,2,2,6,1.0,2.0
201700037731,0017-04-04 18:10:00,17,4,4,18,10,850,194,QUAI ERNEST FRANQUEVILLE,46.49741,-1.78668,Plein jour,En agglomération,Intersection en T,Normale,Deux véhicules - arrière,,,,,,,,,,,1,2,3,1.0,2.0
201700037732,0017-04-05 21:35:00,17,4,5,21,35,850,166,203 AVENUE F. MITTERAND,46.5243,-1.77507,Nuit avec éclairage allumé,En agglomération,Intersection en T,Normale,Deux véhicules - côté,,,,,,,,,,,5,2,3,1.0,3.0
201700037733,0017-04-08 16:30:00,17,4,8,16,30,850,166,112 AVENUE F. MITTERAND,46.51484,-1.77631,Plein jour,En agglomération,Hors intersection,Normale,Deux véhicules - arrière,,,,,,,,,,,1,2,1,1.0,2.0
201700037734,0017-04-17 17:30:00,17,4,17,17,30,850,194,RUE JEAN NICOT,46.49833,1.78258,Plein jour,En agglomération,Intersection en T,Normale,Deux véhicules - côté,,,,,,,,,,,1,2,3,1.0,3.0
201700037735,0017-04-15 02:25:00,17,4,15,2,25,850,194,RUE TRAVOT,46.49479,-1.7841,Nuit avec éclairage allumé,En agglomération,Intersection en T,Normale,Autre collision,,,,,,,,,,,5,2,3,1.0,6.0
201700037736,0017-05-26 19:10:00,17,5,26,19,10,850,166,,46.53772,-1.75173,Plein jour,Hors agglomération,Hors intersection,Normale,Deux véhicules - arrière,,,,,,,,,,,1,1,1,1.0,2.0
201700037737,0017-05-28 18:20:00,17,5,28,18,20,850,166,BOULEVARD VENDEE GLOBE,46.51327,-1.77911,Plein jour,En agglomération,Giratoire,Normale,Deux véhicules - côté,,,,,,,,,,,1,2,6,1.0,3.0
201700037738,0017-06-09 10:50:00,17,6,9,10,50,850,194,PLACE DE POILU DE FRANCE,46.49665,-1.78331,Plein jour,En agglomération,Place,Normale,Autre collision,,,,,,,,,,,1,2,7,1.0,6.0
201700037739,0017-07-09 05:00:00,17,7,9,5,0,850,194,25-26 PROMENADE G GODET,46.48923,-1.76964,Nuit avec éclairage allumé,En agglomération,Hors intersection,Normale,Autre collision,,,,,,,,,,,5,2,1,1.0,6.0
201700037740,0017-06-16 09:15:00,17,6,16,9,15,850,194,7 AVENUE JEAN JAURES,46.5,-1.77968,Plein jour,En agglomération,Hors intersection,Normale,Autre collision,,,,,,,,,,,1,2,1,1.0,6.0
201700037741,0017-07-06 05:20:00,17,7,6,5,20,850,60,AVENUE DE TALMONT,46.48826,-1.74682,Nuit avec éclairage allumé,En agglomération,Hors intersection,Normale,Deux véhicules - côté,,,,,,,,,,,5,2,1,1.0,3.0
201700037742,0017-05-27 09:45:00,17,5,27,9,45,850,194,ROND POINT DU Dr CHARCOT,46.50545,-1.7899,Plein jour,En agglomération,Giratoire,Normale,Autre collision,,,,,,,,,,,1,2,6,1.0,6.0
201700037743,0017-07-27 11:15:00,17,7,27,11,15,850,194,RUE DE PETITE GARLIERE,46.50089,-1.78556,Plein jour,En agglomération,Intersection en T,Normale,Deux véhicules - côté,,,,,,,,,,,1,2,3,1.0,3.0
201700037744,0017-07-24 00:02:00,17,7,24,0,2,850,194,COURS JOSEPH DUPONT,46.49792,-1.77979,Nuit avec éclairage allumé,En agglomération,Place,Pluie légère,Deux véhicules - côté,,,,,,,,,,,5,2,7,2.0,3.0
201700037745,0017-08-05 20:50:00,17,8,5,20,50,850,194,23 PROMENADE G.GODET,46.48927,-1.76966,Plein jour,En agglomération,Hors intersection,Normale,Autre collision,,,,,,,,,,,1,2,1,1.0,6.0
201700037746,0017-09-02 17:20:00,17,9,2,17,20,850,60,BOULEVARD VENDEE GLOBE,46.49458,-1.75134,Plein jour,En agglomération,Hors intersection,Normale,Deux véhicules - frontale,,,,,,,,,,,1,2,1,1.0,1.0
201700037747,0017-08-15 14:40:00,17,8,15,14,40,850,194,RUE AUGUSTE BLANDIN,46.48444,-1.75887,Plein jour,En agglomération,Hors intersection,Normale,Autre collision,,,,,,,,,,,1,2,1,1.0,6.0
201700037748,0017-08-15 11:00:00,17,8,15,11,0,850,194,RUE DE PETITE GARLIERE,46.50225,-1.78483,Plein jour,En agglomération,Hors intersection,Normale,Deux véhicules - côté,,,,,,,,,,,1,2,1,1.0,3.0
201700037749,0017-08-11 17:50:00,17,8,11,17,50,850,60,PROMENADE DE CAYOLA,46.46094,-1.71761,Plein jour,Hors agglomération,Hors intersection,Normale,Deux véhicules - frontale,,,,,,,,,,,1,1,1,1.0,1.0
201700037750,0017-09-20 12:20:00,17,9,20,12,20,850,194,28 RUE LEON GAMBETTA,46.49885,-1.77766,Plein jour,En agglomération,Hors intersection,Normale,Autre collision,,,,,,,,,,,1,2,1,1.0,6.0
201700037751,0017-07-30 18:10:00,17,7,30,18,10,850,194,49AVENUE ALCIDE GABARET,46.49597,-1.77524,Plein jour,En agglomération,Hors intersection,Normale,Deux véhicules - arrière,,,,,,,,,,,1,2,1,1.0,2.0
201700037752,0017-07-23 21:00:00,17,7,23,21,0,850,60,BOULEVARD VENDEE GLOBE,46.49536,1.75216,Plein jour,Hors agglomération,Intersection en X,Normale,Deux véhicules - côté,,,,,,,,,,,1,1,2,1.0,3.0
201700037753,0017-09-24 03:20:00,17,9,24,3,20,850,60,RUE LE CORBUSIER,46.50464,-1.73847,Nuit sans éclairage public,En agglomération,Giratoire,Normale,Autre collision,,,,,,,,,,,3,2,6,1.0,6.0
201700037754,0017-09-28 17:45:00,17,9,28,17,45,850,60,48 ALLEE DE BREM,46.47607,1.75602,Plein jour,En agglomération,Hors intersection,Normale,Deux véhicules - côté,,,,,,,,,,,1,2,1,1.0,3.0
201700037755,0017-10-15 17:10:00,17,10,15,17,10,850,194,ROUTE BLEUE,46.49108,1.80521,Plein jour,En agglomération,Hors intersection,Normale,Deux véhicules - côté,,,,,,,,,,,1,2,1,1.0,3.0
201700037756,0017-10-08 15:15:00,17,10,8,15,15,850,194,AVENUE D'ANJOU,46.50403,1.77409,Plein jour,En agglomération,Intersection en X,Normale,Deux véhicules - côté,,,,,,,,,,,1,2,2,1.0,3.0
201700037757,0017-10-23 16:45:00,17,10,23,16,45,850,166,RUE CLEMENT ADER,46.51668,1.78118,Plein jour,En agglomération,Intersection en X,Normale,Deux véhicules - côté,,,,,,,,,,,1,2,2,1.0,3.0
201700037758,0017-11-02 19:05:00,17,11,2,19,5,850,60,RUE BEAUSEJOUR,46.50885,-1.71414,Nuit avec éclairage allumé,En agglomération,Hors intersection,Normale,Deux véhicules - côté,,,,,,,,,,,5,2,1,1.0,3.0
201700037759,0017-10-22 04:30:00,17,10,22,4,30,850,60,BOULEVARD VENDEE GLOBE,46.50221,1.75913,Nuit sans éclairage public,En agglomération,Hors intersection,Pluie légère,Deux véhicules - arrière,,,,,,,,,,,3,2,1,2.0,2.0
201700037760,0017-11-15 18:15:00,17,11,15,18,15,850,166,RUE DOCTEUR CHARCOT,46.50674,-1.78306,Crépuscule ou aube,En agglomération,Intersection en X,Normale,Deux véhicules - arrière,,,,,,,,,,,2,2,2,1.0,2.0
201700037761,0017-10-15 00:25:00,17,10,15,0,25,850,194,43 AVENUE JEAN JAURES,46.50092,1.77861,Nuit avec éclairage allumé,En agglomération,Hors intersection,Normale,Autre collision,,,,,,,,,,,5,2,1,1.0,6.0
201700037762,0017-12-04 19:40:00,17,12,4,19,40,850,60,I. DU PETIT FENENESTREAU,46.50133,-1.73617,Nuit sans éclairage public,En agglomération,Hors intersection,Normale,Sans collision,,,,,,,,,,,3,2,1,1.0,7.0
201700037763,0017-01-01 04:50:00,17,1,1,4,50,860,66,RD 161 - ROCADE EST,46.78365,0.54149,Nuit sans éclairage public,En agglomération,Hors intersection,Autre,Deux véhicules - frontale,,,,,,,,,,,3,2,1,9.0,1.0
201700037764,0017-01-05 11:11:00,17,1,5,11,11,860,66,AVENUE PIERRE ABELIN,46.80104,0.54011,Plein jour,En agglomération,Giratoire,Normale,Autre collision,,,,,,,,,,,1,2,6,1.0,6.0
201700037765,0017-01-15 16:55:00,17,1,15,16,55,860,66,RUE DES CHARRAULTS,46.80544,0.55527,Plein jour,En agglomération,Intersection en T,Pluie légère,Deux véhicules - frontale,,,,,,,,,,,1,2,3,2.0,1.0
201700037766,0017-02-19 13:55:00,17,2,19,13,55,860,66,3 rue des EGLANTIERS,46.80304,0.55635,Plein jour,En agglomération,Hors intersection,Normale,Sans collision,,,,,,,,,,,1,2,1,1.0,7.0
201700037767,0017-02-21 13:40:00,17,2,21,13,40,860,66,21 AVENUE DE KAYA,46.83456,0.53145,Plein jour,En agglomération,Hors intersection,Normale,Deux véhicules - arrière,,,,,,,,,,,1,2,1,1.0,2.0
201700037768,0017-03-01 10:06:00,17,3,1,10,6,860,66,AVENUE PIERRE ABELIN,46.80438,0.54143,Plein jour,En agglomération,Giratoire,Pluie légère,Autre collision,,,,,,,,,,,1,2,6,2.0,6.0
201700037769,0017-03-04 18:00:00,17,3,4,18,0,860,66,"----, ROUTE DE MONTHOIRO",46.77767,0.55182,Plein jour,Hors agglomération,Hors intersection,Normale,Deux véhicules - arrière,,,,,,,,,,,1,1,1,1.0,2.0
201700037770,0017-03-18 15:25:00,17,3,18,15,25,860,66,RUE ARISTIDE BRIAND,46.81135,0.54375,Plein jour,En agglomération,Intersection en X,Normale,Deux véhicules - côté,,,,,,,,,,,1,2,2,1.0,3.0
201700037771,0017-03-28 03:55:00,17,3,28,3,55,860,66,"20, REIBEL (RUE GENERAL)",46.81674,0.55193,Nuit sans éclairage public,En agglomération,Hors intersection,Normale,Autre collision,,,,,,,,,,,3,2,1,1.0,6.0
201700037772,0017-04-18 20:16:00,17,4,18,20,16,860,66,RD725  LA MONECONNERIE,,,Plein jour,Hors agglomération,Hors intersection,Normale,Trois véhicules et plus - en chaîne,,,,,,,,,,,1,1,1,1.0,4.0
201700037773,0017-04-25 12:50:00,17,4,25,12,50,860,66,2 AVENUE JEAN MERMOZ,46.78077,0.54848,Plein jour,En agglomération,Hors intersection,Normale,Autre collision,,,,,,,,,,,1,2,1,1.0,6.0
201700037774,0017-04-27 17:38:00,17,4,27,17,38,860,66,20 RUE LOUIS BLERIOT,46.84533,0.54652,Plein jour,En agglomération,Hors intersection,Normale,Deux véhicules - frontale,,,,,,,,,,,1,2,1,1.0,1.0
201700037775,0017-04-27 20:00:00,17,4,27,20,0,860,66,29 RUE CHANOINE VILENEUV,46.81318,0.54105,Plein jour,En agglomération,Hors intersection,Normale,Autre collision,,,,,,,,,,,1,2,1,1.0,6.0
201700037776,0017-04-28 08:00:00,17,4,28,8,0,860,66,"---, PILA (ROND POINT DE",46.83664,0.53285,Plein jour,En agglomération,Giratoire,Normale,Deux véhicules - côté,,,,,,,,,,,1,2,6,1.0,3.0
201700037777,0017-05-02 10:00:00,17,5,2,10,0,860,66,AV LOUIS RIPAULT,46.83085,0.54581,Plein jour,En agglomération,Hors intersection,Normale,Deux véhicules - arrière,,,,,,,,,,,1,2,1,1.0,2.0
201700037778,0017-05-05 09:30:00,17,5,5,9,30,860,66,RD 161 - ROCADE EST,46.83565,0.5548,Plein jour,Hors agglomération,Hors intersection,Normale,Autre collision,,,,,,,,,,,1,1,1,1.0,6.0
201700037779,0017-05-09 18:15:00,17,5,9,18,15,860,66,BOULEVARD ENVIGNE,46.81628,0.53148,Plein jour,En agglomération,Intersection en X,Normale,Deux véhicules - côté,,,,,,,,,,,1,2,2,1.0,3.0
201700037780,0017-05-10 10:00:00,17,5,10,10,0,860,66,"10, GATAULT (RUE JEAN ET",46.81129,0.52739,Plein jour,Hors agglomération,Intersection en X,Normale,Deux véhicules - côté,,,,,,,,,,,1,1,2,1.0,3.0
201700037781,0017-05-13 17:00:00,17,5,13,17,0,860,66,ROUTE DE PLEUMARTIN,46.81159,0.57359,Plein jour,En agglomération,Intersection en X,Normale,Deux véhicules - côté,,,,,,,,,,,1,2,2,1.0,3.0
201700037782,0017-05-14 18:27:00,17,5,14,18,27,860,66,RD 161 - ROCADE EST,46.81271,0.56746,Plein jour,En agglomération,Hors intersection,Normale,Sans collision,,,,,,,,,,,1,2,1,1.0,7.0
201700037783,0017-05-15 18:20:00,17,5,15,18,20,860,66,GRANDE RUE CHATEAUNEUF,46.81582,0.53463,Plein jour,En agglomération,Intersection en X,Normale,Deux véhicules - côté,,,,,,,,,,,1,2,2,1.0,3.0
201700037784,0017-05-16 11:40:00,17,5,16,11,40,860,66,201GRAND RUE CHATEAUNEUF,46.8128,0.53148,Plein jour,En agglomération,Hors intersection,Normale,Autre collision,,,,,,,,,,,1,2,1,1.0,6.0
201700037785,0017-05-22 17:00:00,17,5,22,17,0,860,66,PONT ALBERT CAMUS,46.83652,0.53508,Plein jour,En agglomération,Hors intersection,Normale,Deux véhicules - arrière,,,,,,,,,,,1,2,1,1.0,2.0
201700037786,0017-06-07 13:00:00,17,6,7,13,0,860,66,"---, VERDUN (RUE DE)",46.81936,0.53886,Plein jour,En agglomération,Hors intersection,Normale,Deux véhicules - arrière,,,,,,,,,,,1,2,1,1.0,2.0
201700037787,0017-06-12 10:05:00,17,6,12,10,5,860,66,"60, LOGES (RUE DES)",46.81635,0.53285,Plein jour,En agglomération,Hors intersection,Normale,Autre collision,,,,,,,,,,,1,2,1,1.0,6.0
201700037788,0017-06-15 11:15:00,17,6,15,11,15,860,66,RUE ALFRED HERAULT,46.80765,0.55211,Plein jour,En agglomération,Intersection en X,Normale,Deux véhicules - côté,,,,,,,,,,,1,2,2,1.0,3.0
201700037789,0017-06-16 01:45:00,17,6,16,1,45,860,66,ROND POINT DE LA GRANGE,46.84011,0.54826,Nuit avec éclairage allumé,En agglomération,Giratoire,Normale,Sans collision,,,,,,,,,,,5,2,6,1.0,7.0
201700037790,0017-06-19 21:15:00,17,6,19,21,15,860,66,76 BOULEVARD BLOSSAC,46.81762,0.54594,Crépuscule ou aube,En agglomération,Hors intersection,Normale,Autre collision,,,,,,,,,,,2,2,1,1.0,6.0
201700037791,0017-06-28 12:00:00,17,6,28,12,0,860,66,"15, BLERIOT (RUE LOUIS)",46.84583,0.54737,Plein jour,Hors agglomération,Intersection en T,Normale,Deux véhicules - côté,,,,,,,,,,,1,1,3,1.0,3.0
201700037792,0017-08-04 14:15:00,17,8,4,14,15,860,66,89 BOULEVARD BLOSSAC,46.81773,0.54512,Plein jour,En agglomération,Intersection en T,Normale,Deux véhicules - côté,,,,,,,,,,,1,2,3,1.0,3.0
201700037793,0017-08-04 16:40:00,17,8,4,16,40,860,66,AV HONORE DE BALZAC,46.78959,0.52422,Plein jour,En agglomération,Hors intersection,Normale,Deux véhicules - arrière,,,,,,,,,,,1,2,1,1.0,2.0
201700037794,0017-08-19 19:45:00,17,8,19,19,45,860,66,ROMARINS (RUE DES),46.82592,0.51853,Plein jour,En agglomération,Hors intersection,Normale,Trois véhicules et plus - collisions multiples,,,,,,,,,,,1,2,1,1.0,5.0
201700037795,0017-10-08 14:40:00,17,10,8,14,40,860,66,ROUTE DE PLEUMARTIN,46.81338,0.56933,Plein jour,En agglomération,Hors intersection,Pluie légère,Sans collision,,,,,,,,,,,1,2,1,2.0,7.0
201700037796,0017-10-10 13:06:00,17,10,10,13,6,860,66,"---, RD 161 - ROCADE EST",46.83698,0.55238,Plein jour,En agglomération,Intersection en T,Normale,Deux véhicules - côté,,,,,,,,,,,1,2,3,1.0,3.0
201700037797,0017-10-25 17:00:00,17,10,25,17,0,860,66,"16, BLOSSAC (BOULEVARD D",46.81554,0.54553,Plein jour,En agglomération,Hors intersection,Normale,Autre collision,,,,,,,,,,,1,2,1,1.0,6.0
201700037798,0017-11-09 09:25:00,17,11,9,9,25,860,66,ESTREES (BOULEVARD GABRI,46.81252,0.53051,Plein jour,En agglomération,Giratoire,Pluie légère,Deux véhicules - côté,,,,,,,,,,,1,2,6,2.0,3.0
201700037799,0017-11-09 17:50:00,17,11,9,17,50,860,66,"---, VELBERT (AVENUE DE)",46.81277,0.53065,Plein jour,En agglomération,Hors intersection,Normale,Autre collision,,,,,,,,,,,1,2,1,1.0,6.0
201700037800,0017-12-18 15:50:00,17,12,18,15,50,860,66,"---, SUTTER (RUE AUGUSTE",46.82552,0.53706,Plein jour,En agglomération,Hors intersection,Normale,Deux véhicules - arrière,,,,,,,,,,,1,2,1,1.0,2.0
201700037801,0017-01-02 21:00:00,17,1,2,21,0,860,194,"61/67, FAUBOURG PONT NEU",46.57555,0.35445,Nuit avec éclairage allumé,En agglomération,Intersection en T,Normale,Sans collision,,,,,,,,,,,5,2,3,1.0,7.0
201700037802,0017-10-20 07:40:00,17,10,20,7,40,860,194,GRANGE ST PIERRE (RUE DE,46.59924,0.33519,Plein jour,En agglomération,Hors intersection,Normale,Autre collision,,,,,,,,,,,1,2,1,1.0,6.0
201700037803,0017-01-03 12:15:00,17,1,3,12,15,860,158,RN.147,46.61676,0.31819,Plein jour,Hors agglomération,Hors intersection,Normale,Sans collision,,,,,,,,,,,1,1,1,1.0,7.0
201700037804,0017-01-04 13:25:00,17,1,4,13,25,860,194,"262, NANTES (AVENUE DE)",46.5854,0.33045,Plein jour,En agglomération,Hors intersection,Normale,Autre collision,,,,,,,,,,,1,2,1,1.0,6.0
201700037805,0017-01-05 08:10:00,17,1,5,8,10,860,194,"116, LIBERATION (AVENUE",46.5684,0.32117,Crépuscule ou aube,En agglomération,Hors intersection,Normale,Autre collision,,,,,,,,,,,2,2,1,1.0,6.0
201700037806,0017-01-05 18:00:00,17,1,5,18,0,860,158,RN.147,46.6187,0.3081,Nuit sans éclairage public,Hors agglomération,Hors intersection,Normale,Trois véhicules et plus - en chaîne,,,,,,,,,,,3,1,1,1.0,4.0
201700037807,0017-12-04 08:50:00,17,12,4,8,50,860,157,RN 147,46.54534,0.41155,Crépuscule ou aube,Hors agglomération,Hors intersection,Brouillard / fumée,Trois véhicules et plus - en chaîne,,,,,,,,,,,2,1,1,5.0,4.0
201700037808,0017-01-12 07:55:00,17,1,12,7,55,860,194,"11, CHARLETTERIE (RUE DE",46.58932,0.36896,Plein jour,En agglomération,Hors intersection,Pluie légère,Deux véhicules - côté,,,,,,,,,,,1,2,1,2.0,3.0
201700037809,0017-01-14 18:10:00,17,1,14,18,10,860,194,"., BONNES (ROUTE DE)",46.58431,0.3938,Nuit avec éclairage allumé,En agglomération,Hors intersection,Normale,Deux véhicules - côté,,,,,,,,,,,5,2,1,1.0,3.0
201700037810,0017-01-14 18:40:00,17,1,14,18,40,860,194,HOCHE (AVENUE),46.58706,0.37447,Nuit avec éclairage allumé,En agglomération,Intersection en X,Normale,Deux véhicules - côté,,,,,,,,,,,5,2,2,1.0,3.0
201700037811,0017-01-18 16:20:00,17,1,18,16,20,860,194,"141, 8 MAI 1945 (AVENUE",46.55547,0.3081,Plein jour,En agglomération,Hors intersection,Normale,Deux véhicules - arrière,,,,,,,,,,,1,2,1,1.0,2.0