accident_id,datetime,annee,mois,jour,heure,minute,departement,commune_insee,adresse,latitude,longitude,luminosite,agglomeration,intersection,meteo,collision,nb_vehicules,nb_usagers,nb_indemnes,nb_tues,nb_blesses_hosp,nb_blesses_legers,age_cond_1,age_cond_2,veh_type_cond_1,veh_type_cond_2,lum_code,agg_code,int_code,atm_code,col_code
201700037812,0017-01-14 08:45:00,17,1,14,8,45,860,194,"41, ANATOLE FRANCE (BOUL",46.57718,0.34846,Plein jour,En agglomération,Hors intersection,Normale,Autre collision,,,,,,,,,,,1,2,1,1.0,6.0
201700037813,0017-01-18 15:15:00,17,1,18,15,15,860,194,JACQUES COEUR (AVENUE),46.56359,0.38192,Plein jour,Hors agglomération,Intersection en X,Normale,Deux véhicules - côté,,,,,,,,,,,1,1,2,1.0,3.0
201700037814,0017-01-20 07:10:00,17,1,20,7,10,860,158,RN.147,46.61805,0.30972,Nuit sans éclairage public,En agglomération,Hors intersection,Normale,Autre collision,,,,,,,,,,,3,2,1,1.0,6.0
201700037815,0017-01-22 18:30:00,17,1,22,18,30,860,194,"9, FRANCOIS ALBERT (BOUL",46.57659,0.34401,Nuit avec éclairage allumé,En agglomération,Hors intersection,Normale,Autre collision,,,,,,,,,,,5,2,1,1.0,6.0
201700037816,0017-01-23 09:05:00,17,1,23,9,5,860,158,RN.147,46.61405,0.36851,Plein jour,Hors agglomération,Hors intersection,Normale,Deux véhicules - côté,,,,,,,,,,,1,1,1,1.0,3.0
201700037817,0017-01-24 10:10:00,17,1,24,10,10,860,41,"19, PIC VERT (RUE DU)",46.59381,0.37345,Plein jour,En agglomération,Hors intersection,Normale,Deux véhicules - arrière,,,,,,,,,,,1,2,1,1.0,2.0
201700037818,0017-01-26 20:30:00,17,1,26,20,30,860,194,PONT ACHARD (BOULEVARD),46.57784,0.33118,Nuit avec éclairage allumé,En agglomération,Intersection en T,Normale,Deux véhicules - frontale,,,,,,,,,,,5,2,3,1.0,1.0
201700037819,0017-01-28 15:10:00,17,1,28,15,10,860,194,RUE DE NIMEGUE,46.59,0.36035,Plein jour,En agglomération,Intersection en T,Normale,Deux véhicules - côté,,,,,,,,,,,1,2,3,1.0,3.0
201700037820,0017-01-29 20:15:00,17,1,29,20,15,860,194,ROCADE EST (RD 162),46.55326,0.30975,Nuit avec éclairage allumé,En agglomération,Intersection en X,Normale,Deux véhicules - côté,,,,,,,,,,,5,2,2,1.0,3.0
201700037821,0017-12-16 11:30:00,17,12,16,11,30,860,27,CRUCHON (LIEU DIT LE),46.5989,0.29529,Plein jour,Hors agglomération,Hors intersection,Normale,Deux véhicules - arrière,,,,,,,,,,,1,1,1,1.0,2.0
201700037822,0017-01-30 15:30:00,17,1,30,15,30,860,194,ROCADE EST (RD 162),46.55443,0.30696,Plein jour,En agglomération,Intersection en X,Normale,Deux véhicules - frontale,,,,,,,,,,,1,2,2,1.0,1.0
201700037823,0017-02-01 23:10:00,17,2,1,23,10,860,194,"96, PLATEAU DES GLIERES",46.604,0.32275,Nuit avec éclairage allumé,En agglomération,Hors intersection,Normale,Deux véhicules - arrière,,,,,,,,,,,5,2,1,1.0,2.0
201700037824,0017-02-02 18:30:00,17,2,2,18,30,860,194,8 MAI 1945 (AVENUE DU),46.55128,0.30364,Crépuscule ou aube,En agglomération,Giratoire,Pluie légère,Trois véhicules et plus - collisions multiples,,,,,,,,,,,2,2,6,2.0,5.0
201700037825,0017-02-04 11:45:00,17,2,4,11,45,860,157,NOUAILLE (ROUTE DE),46.53856,0.4029,Plein jour,En agglomération,Intersection en T,Normale,Trois véhicules et plus - collisions multiples,,,,,,,,,,,1,2,3,1.0,5.0
201700037826,0017-02-09 18:40:00,17,2,9,18,40,860,158,"51, CENTRE (RUE DU)",46.62207,0.31517,Plein jour,En agglomération,Intersection en T,Normale,Deux véhicules - côté,,,,,,,,,,,1,2,3,1.0,3.0
201700037827,0017-02-11 07:00:00,17,2,11,7,0,860,194,"1, ANATOLE FRANCE (BOULE",46.57809,0.35076,Nuit avec éclairage allumé,En agglomération,Hors intersection,Normale,Deux véhicules - arrière,,,,,,,,,,,5,2,1,1.0,2.0
201700037828,0017-02-15 16:30:00,17,2,15,16,30,860,214,ROCADE SUD EST (RD 162),46.55183,0.32081,Plein jour,En agglomération,Intersection en X,Normale,Deux véhicules - frontale,,,,,,,,,,,1,2,2,1.0,1.0
201700037829,0017-02-16 18:50:00,17,2,16,18,50,860,194,GASCOGNE (PLACE DE),46.59023,0.35451,Nuit avec éclairage allumé,En agglomération,Hors intersection,Normale,Autre collision,,,,,,,,,,,5,2,1,1.0,6.0
201700037830,0017-02-17 15:30:00,17,2,17,15,30,860,158,RD 910,46.62241,0.35231,Plein jour,En agglomération,Giratoire,Normale,Deux véhicules - arrière,,,,,,,,,,,1,2,6,1.0,2.0
201700037831,0017-02-17 17:00:00,17,2,17,17,0,860,194,JOHN KENNEDY (AVENUE),46.58076,0.36866,Plein jour,En agglomération,Intersection en T,Normale,Deux véhicules - arrière,,,,,,,,,,,1,2,3,1.0,2.0
201700037832,0017-02-21 18:00:00,17,2,21,18,0,860,194,PETIT TOUR (RUE DU),46.57434,0.36172,Plein jour,En agglomération,Intersection en X,Pluie légère,Deux véhicules - côté,,,,,,,,,,,1,2,2,2.0,3.0
201700037833,0017-02-24 12:20:00,17,2,24,12,20,860,194,91 AVENUE DU 8 MAI 1945,46.55861,0.31277,Plein jour,En agglomération,Hors intersection,Normale,Autre collision,,,,,,,,,,,1,2,1,1.0,6.0
201700037834,0017-02-24 14:30:00,17,2,24,14,30,860,157,RN 147,46.55027,0.40361,Plein jour,Hors agglomération,Hors intersection,Normale,Deux véhicules - frontale,,,,,,,,,,,1,1,1,1.0,1.0
201700037835,0017-02-26 01:00:00,17,2,26,1,0,860,194,"41,RUE DES CARMELITES",46.58642,0.33992,Nuit avec éclairage allumé,En agglomération,Hors intersection,Normale,Sans collision,,,,,,,,,,,5,2,1,1.0,7.0
201700037836,0017-02-26 11:10:00,17,2,26,11,10,860,158,RD10,46.62897,0.35581,Plein jour,Hors agglomération,Hors intersection,Normale,Deux véhicules - frontale,,,,,,,,,,,1,1,1,1.0,1.0
201700037837,0017-03-10 14:15:00,17,3,10,14,15,860,194,AMANDIERS (RUE DES),46.57861,0.32555,Plein jour,En agglomération,Intersection en X,Normale,Deux véhicules - côté,,,,,,,,,,,1,2,2,1.0,3.0
201700037838,0017-03-11 19:40:00,17,3,11,19,40,860,214,ROCADE SUD EST (RD 162),,,Crépuscule ou aube,En agglomération,Hors intersection,Normale,Deux véhicules - arrière,,,,,,,,,,,2,2,1,1.0,2.0
201700037839,0017-03-10 20:25:00,17,3,10,20,25,860,194,"22, LIBERATION (AVENUE D",46.57272,0.3275,Nuit avec éclairage allumé,En agglomération,Hors intersection,Normale,Deux véhicules - côté,,,,,,,,,,,5,2,1,1.0,3.0
201700037840,0017-03-13 16:20:00,17,3,13,16,20,860,194,"266, NANTES (AVENUE DE)",46.58562,0.33051,Plein jour,En agglomération,Hors intersection,Normale,Autre collision,,,,,,,,,,,1,2,1,1.0,6.0
201700037841,0017-03-13 15:00:00,17,3,13,15,0,860,194,ROCADE OUEST (RD 910),,,Plein jour,En agglomération,Intersection en X,Normale,Deux véhicules - arrière,,,,,,,,,,,1,2,2,1.0,2.0
201700037842,0017-03-14 11:15:00,17,3,14,11,15,860,194,"92, BUGELLERIE (RUE DE L",46.60033,0.32809,Plein jour,En agglomération,Hors intersection,Normale,Deux véhicules - côté,,,,,,,,,,,1,2,1,1.0,3.0
201700037843,0017-03-14 18:00:00,17,3,14,18,0,860,194,15 RUE FRERES VOISINS,46.59013,0.31953,Plein jour,En agglomération,Hors intersection,Normale,Autre collision,,,,,,,,,,,1,2,1,1.0,6.0
201700037844,0017-03-15 21:30:00,17,3,15,21,30,860,194,11 NOVEMBRE (AVENUE DU),46.56722,0.36611,Nuit avec éclairage allumé,En agglomération,Intersection en X,Normale,Deux véhicules - côté,,,,,,,,,,,5,2,2,1.0,3.0
201700037845,0017-03-16 09:40:00,17,3,16,9,40,860,194,"97, PLATEAU DES GLIERES",46.60423,0.32257,Plein jour,En agglomération,Hors intersection,Normale,Deux véhicules - arrière,,,,,,,,,,,1,2,1,1.0,2.0
201700037846,0017-03-16 13:45:00,17,3,16,13,45,860,194,FAUBOURG PONT NEUF (RUE,46.57268,0.36079,Plein jour,En agglomération,Hors intersection,Normale,Trois véhicules et plus - en chaîne,,,,,,,,,,,1,2,1,1.0,4.0
201700037847,0017-03-16 15:30:00,17,3,16,15,30,860,194,RN 147,,,Plein jour,Hors agglomération,Hors intersection,Normale,Autre collision,,,,,,,,,,,1,1,1,1.0,6.0
201700037848,0017-03-17 21:23:00,17,3,17,21,23,860,41,RN 147 BUXEROLLES,46.61527,0.38361,Nuit sans éclairage public,Hors agglomération,Hors intersection,Normale,Deux véhicules - arrière,,,,,,,,,,,3,1,1,1.0,2.0
201700037849,0017-03-17 23:10:00,17,3,17,23,10,860,158,"3, LOGE (AVENUE DE LA)",46.61599,0.31263,Nuit avec éclairage allumé,En agglomération,Hors intersection,Normale,Autre collision,,,,,,,,,,,5,2,1,1.0,6.0
201700037850,0017-03-25 17:12:00,17,3,25,17,12,860,194,ROCADE EST (RD 162),46.58138,0.36805,Plein jour,En agglomération,Hors intersection,Normale,Deux véhicules - côté,,,,,,,,,,,1,2,1,1.0,3.0
201700037851,0017-03-27 18:15:00,17,3,27,18,15,860,194,9 BD DES JACOBINS,46.59032,0.38664,Plein jour,En agglomération,Hors intersection,Normale,Deux véhicules - côté,,,,,,,,,,,1,2,1,1.0,3.0
201700037852,0017-03-27 14:50:00,17,3,27,14,50,860,194,ROCADE EST (RD 162),46.56416,0.35277,Plein jour,En agglomération,Hors intersection,Normale,Deux véhicules - arrière,,,,,,,,,,,1,2,1,1.0,2.0
201700037853,0017-03-28 15:45:00,17,3,28,15,45,860,194,"41, COURS (PROMENADE DES",46.57411,0.3445,Plein jour,En agglomération,Hors intersection,Normale,Deux véhicules - frontale,,,,,,,,,,,1,2,1,1.0,1.0
201700037854,0017-03-28 08:15:00,17,3,28,8,15,860,157,LIMOGES (ROUTE DE),46.52459,0.44537,Plein jour,Hors agglomération,Hors intersection,Normale,Trois véhicules et plus - collisions multiples,,,,,,,,,,,1,1,1,1.0,5.0
201700037855,0017-04-01 17:42:00,17,4,1,17,42,860,194,PONT SAINT CYPRIEN (RUE,46.56583,0.34472,Plein jour,En agglomération,Intersection en T,Normale,Autre collision,,,,,,,,,,,1,2,3,1.0,6.0
201700037856,0017-04-01 20:25:00,17,4,1,20,25,860,194,ROCADE EST (RD 162),46.57081,0.37009,Crépuscule ou aube,En agglomération,Intersection en X,Normale,Autre collision,,,,,,,,,,,2,2,2,1.0,6.0
201700037857,0017-03-31 22:00:00,17,3,31,22,0,860,194,SALVADOR ALLENDE (RUE),46.5821,0.36866,Nuit avec éclairage allumé,En agglomération,Intersection en X,Normale,Deux véhicules - côté,,,,,,,,,,,5,2,2,1.0,3.0
201700037858,0017-04-03 20:10:00,17,4,3,20,10,860,194,"27, VAUDOUZIL (RUE DE)",46.57875,0.36348,Plein jour,En agglomération,Hors intersection,Normale,Autre collision,,,,,,,,,,,1,2,1,1.0,6.0
201700037859,0017-04-04 09:05:00,17,4,4,9,5,860,194,RN 147,46.614,0.36843,Plein jour,Hors agglomération,Hors intersection,Normale,Trois véhicules et plus - en chaîne,,,,,,,,,,,1,1,1,1.0,4.0
201700037860,0017-04-05 17:50:00,17,4,5,17,50,860,41,ORMEAU (ROUTE DE L'),46.60343,0.36062,Plein jour,En agglomération,Hors intersection,Normale,Autre collision,,,,,,,,,,,1,2,1,1.0,6.0
201700037861,0017-04-08 11:15:00,17,4,8,11,15,860,194,ROCADE OUEST (RD 910),46.60136,0.32406,Plein jour,En agglomération,Intersection en X,Normale,Deux véhicules - arrière,,,,,,,,,,,1,2,2,1.0,2.0
201700037862,0017-04-08 13:00:00,17,4,8,13,0,860,194,"16, AVENUE DE L' EUROPE",46.5925,0.34333,Plein jour,En agglomération,Hors intersection,Normale,Autre collision,,,,,,,,,,,1,2,1,1.0,6.0
201700037863,0017-04-09 12:20:00,17,4,9,12,20,860,194,"147, LIBERATION (AVENUE",46.5651,0.31811,Plein jour,En agglomération,Hors intersection,Normale,Autre collision,,,,,,,,,,,1,2,1,1.0,6.0
201700037864,0017-04-09 18:50:00,17,4,9,18,50,860,41,RN 147 BUXEROLLES,46.6161,0.37826,Plein jour,Hors agglomération,Hors intersection,Normale,Sans collision,,,,,,,,,,,1,1,1,1.0,7.0
201700037865,0017-04-10 10:20:00,17,4,10,10,20,860,194,"3, GRAND MAISON (RUE DE",46.56568,0.35244,Plein jour,En agglomération,Hors intersection,Normale,Autre collision,,,,,,,,,,,1,2,1,1.0,6.0
201700037866,0017-04-11 06:55:00,17,4,11,6,55,860,194,ROCADE EST (RD 162),46.55444,0.3075,Crépuscule ou aube,En agglomération,Intersection en T,Normale,Deux véhicules - arrière,,,,,,,,,,,2,2,3,1.0,2.0
201700037867,0017-04-12 23:00:00,17,4,12,23,0,860,194,"69, GRAND CERF (BOULEVAR",46.5843,0.33634,Nuit avec éclairage allumé,En agglomération,Hors intersection,Normale,Autre collision,,,,,,,,,,,5,2,1,1.0,6.0
201700037868,0017-04-12 12:40:00,17,4,12,12,40,860,194,"0, CONCORDE (BOULEVARD D",46.567,0.3443,Plein jour,En agglomération,Giratoire,Normale,Trois véhicules et plus - en chaîne,,,,,,,,,,,1,2,6,1.0,4.0
201700037869,0017-04-13 12:30:00,17,4,13,12,30,860,194,BIGNOUX (RUE DE),46.5846,0.37478,Plein jour,En agglomération,Hors intersection,Normale,Autre collision,,,,,,,,,,,1,2,1,1.0,6.0
201700037870,0017-04-15 10:20:00,17,4,15,10,20,860,194,"189, 8 MAI 1945 (AVENUE",46.54945,0.30239,Plein jour,En agglomération,Hors intersection,Normale,Trois véhicules et plus - en chaîne,,,,,,,,,,,1,2,1,1.0,4.0
201700037871,0017-04-14 19:00:00,17,4,14,19,0,860,194,"26, LIBERATION (AVENUE D",46.57277,0.3275,Plein jour,En agglomération,Hors intersection,Normale,Deux véhicules - frontale,,,,,,,,,,,1,2,1,1.0,1.0
201700037872,0017-04-19 10:15:00,17,4,19,10,15,860,194,"12, JAMBE A L'ANE (RUE D",46.57269,0.34805,Plein jour,En agglomération,Intersection en T,Normale,Deux véhicules - côté,,,,,,,,,,,1,2,3,1.0,3.0
201700037873,0017-04-19 16:20:00,17,4,19,16,20,860,194,"14, GRAND CERF (BOULEVAR",46.58685,0.33909,Plein jour,En agglomération,Hors intersection,Normale,Deux véhicules - arrière,,,,,,,,,,,1,2,1,1.0,2.0
201700037874,0017-04-19 21:10:00,17,4,19,21,10,860,194,"168, BONNES (ROUTE DE)",46.58288,0.40792,Nuit sans éclairage public,En agglomération,Hors intersection,Normale,Deux véhicules - arrière,,,,,,,,,,,3,2,1,1.0,2.0
201700037875,0017-04-19 21:45:00,17,4,19,21,45,860,194,"179, FAUBOURG PONT NEUF",46.57267,0.36058,Nuit avec éclairage allumé,En agglomération,Hors intersection,Normale,Autre collision,,,,,,,,,,,5,2,1,1.0,6.0
201700037876,0017-04-20 17:30:00,17,4,20,17,30,860,194,ROCADE EST (RD 162),,,Plein jour,En agglomération,Hors intersection,Normale,Deux véhicules - arrière,,,,,,,,,,,1,2,1,1.0,2.0
201700037877,0017-04-26 12:45:00,17,4,26,12,45,860,194,Rue du Trait de Rome,46.58402,0.34509,Plein jour,En agglomération,Hors intersection,Normale,Deux véhicules - frontale,,,,,,,,,,,1,2,1,1.0,1.0
201700037878,0017-04-28 04:00:00,17,4,28,4,0,860,194,ANATOLE FRANCE (BOULEVAR,46.5782,0.35063,Nuit avec éclairage allumé,En agglomération,Intersection en X,Normale,Deux véhicules - côté,,,,,,,,,,,5,2,2,1.0,3.0
201700037879,0017-05-04 08:55:00,17,5,4,8,55,860,157,RD 951,46.56281,0.41628,Plein jour,En agglomération,Hors intersection,Brouillard / fumée,Trois véhicules et plus - en chaîne,,,,,,,,,,,1,2,1,5.0,4.0
201700037880,0017-05-05 12:00:00,17,5,5,12,0,860,194,"62, PORTEAU (RUE DU)",46.60213,0.33953,Plein jour,En agglomération,Hors intersection,Normale,Autre collision,,,,,,,,,,,1,2,1,1.0,6.0
201700037881,0017-05-06 03:00:00,17,5,6,3,0,860,194,"1, ANATOLE FRANCE (BOULE",46.57815,0.35081,Nuit avec éclairage allumé,En agglomération,Intersection en X,Normale,Deux véhicules - frontale,,,,,,,,,,,5,2,2,1.0,1.0
201700037882,0017-05-08 12:00:00,17,5,8,12,0,860,41,CHANDY (RUE DE),46.60299,0.37696,Plein jour,En agglomération,Giratoire,Normale,Deux véhicules - côté,,,,,,,,,,,1,2,6,1.0,3.0
201700037883,0017-05-08 20:40:00,17,5,8,20,40,860,194,THEOPHRASTE RENAUDOT (RU,46.58073,0.33693,Crépuscule ou aube,En agglomération,Intersection en X,Normale,Deux véhicules - côté,,,,,,,,,,,2,2,2,1.0,3.0
201700037884,0017-05-11 13:20:00,17,5,11,13,20,860,194,CHAUMONT (RUE DE),46.55653,0.30435,Plein jour,En agglomération,Intersection en X,Normale,Deux véhicules - côté,,,,,,,,,,,1,2,2,1.0,3.0
201700037885,0017-05-16 18:15:00,17,5,16,18,15,860,27,AVENUE CHARLES DE GAULLE,46.57623,0.30627,Plein jour,En agglomération,Hors intersection,Normale,Trois véhicules et plus - en chaîne,,,,,,,,,,,1,2,1,1.0,4.0
201700037886,0017-05-17 11:20:00,17,5,17,11,20,860,194,ROCADE OUEST (RD 910),46.55634,0.30442,Plein jour,En agglomération,Intersection en X,Normale,Deux véhicules - frontale,,,,,,,,,,,1,2,2,1.0,1.0
201700037887,0017-05-19 17:10:00,17,5,19,17,10,860,194,ROCADE EST (RD 162),46.56731,0.36577,Plein jour,En agglomération,Intersection en X,Pluie forte,Autre collision,,,,,,,,,,,1,2,2,3.0,6.0
201700037888,0017-05-20 12:38:00,17,5,20,12,38,860,41,LIBERTE (AVENUE DE LA),46.60408,0.36132,Plein jour,En agglomération,Hors intersection,Normale,Autre collision,,,,,,,,,,,1,2,1,1.0,6.0
201700037889,0017-05-20 19:15:00,17,5,20,19,15,860,194,ROCADE EST (RD 162),46.57315,0.37099,Plein jour,En agglomération,Hors intersection,Normale,Trois véhicules et plus - en chaîne,,,,,,,,,,,1,2,1,1.0,4.0
201700037890,0017-05-25 13:50:00,17,5,25,13,50,860,194,JARDIN DES PLANTES (RUE,46.58759,0.34888,Plein jour,En agglomération,Intersection en T,Normale,Deux véhicules - côté,,,,,,,,,,,1,2,3,1.0,3.0
201700037891,0017-05-26 17:30:00,17,5,26,17,30,860,194,"77, RECTEUR PINEAU (AVEN",46.57086,0.37521,Plein jour,En agglomération,Hors intersection,Temps éblouissant,Deux véhicules - côté,,,,,,,,,,,1,2,1,7.0,3.0
201700037892,0017-05-30 17:30:00,17,5,30,17,30,860,194,ROCADE EST (RD 162),46.5807,0.36867,Plein jour,En agglomération,Intersection en T,Normale,Deux véhicules - arrière,,,,,,,,,,,1,2,3,1.0,2.0
201700037893,0017-05-31 08:40:00,17,5,31,8,40,860,194,"17, CHARLETTERIE (RUE DE",46.58982,0.36898,Plein jour,En agglomération,Hors intersection,Normale,Autre collision,,,,,,,,,,,1,2,1,1.0,6.0
201700037894,0017-06-01 18:00:00,17,6,1,18,0,860,194,TIERS ETAT (COURS DU),46.59295,0.38072,Plein jour,En agglomération,Giratoire,Normale,Deux véhicules - frontale,,,,,,,,,,,1,2,6,1.0,1.0
201700037895,0017-06-02 08:35:00,17,6,2,8,35,860,194,"52, JEAN JAURES (RUE)",46.5811,0.34507,Plein jour,En agglomération,Passage à niveau,Normale,Autre collision,,,,,,,,,,,1,2,8,1.0,6.0
201700037896,0017-06-02 08:35:00,17,6,2,8,35,860,133,POITIERS (AVENUE DE),46.5211,0.32861,Plein jour,En agglomération,Hors intersection,Normale,Deux véhicules - arrière,,,,,,,,,,,1,2,1,1.0,2.0
201700037897,0017-06-06 00:01:00,17,6,6,0,1,860,194,"2, FAUBOURG PONT NEUF (R",46.577,0.35235,Nuit avec éclairage allumé,En agglomération,Hors intersection,Pluie légère,Trois véhicules et plus - en chaîne,,,,,,,,,,,5,2,1,2.0,4.0
201700037898,0017-06-03 12:55:00,17,6,3,12,55,860,194,"10, NORMANDIE NIEMEN (RU",46.56468,0.33856,Plein jour,En agglomération,Hors intersection,Normale,Autre collision,,,,,,,,,,,1,2,1,1.0,6.0
201700037899,0017-06-06 09:30:00,17,6,6,9,30,860,194,RN 147,46.61953,0.33685,Plein jour,En agglomération,Hors intersection,Normale,Trois véhicules et plus - en chaîne,,,,,,,,,,,1,2,1,1.0,4.0
201700037900,0017-06-09 14:05:00,17,6,9,14,5,860,194,PAILLERIE (RUE DE LA),46.55372,0.30825,Plein jour,En agglomération,Hors intersection,Normale,Deux véhicules - côté,,,,,,,,,,,1,2,1,1.0,3.0
201700037901,0017-06-15 08:40:00,17,6,15,8,40,860,194,ROCADE EST (RD 162),46.57377,0.37144,Plein jour,En agglomération,Hors intersection,Normale,Deux véhicules - arrière,,,,,,,,,,,1,2,1,1.0,2.0
201700037902,0017-06-15 20:00:00,17,6,15,20,0,860,194,"., BOIS D'AMOUR (RUE DU)",46.55474,0.31106,Plein jour,En agglomération,Intersection en T,Normale,Deux véhicules - côté,,,,,,,,,,,1,2,3,1.0,3.0
201700037903,0017-06-18 20:30:00,17,6,18,20,30,860,194,"3/5, CUVIER (RUE DU)",46.57638,0.33083,Plein jour,En agglomération,Hors intersection,Normale,Autre collision,,,,,,,,,,,1,2,1,1.0,6.0
201700037904,0017-06-18 20:20:00,17,6,18,20,20,860,194,VALLEE MONNAIE (RUE DE L,46.56698,0.34329,Plein jour,En agglomération,Hors intersection,Normale,Autre collision,,,,,,,,,,,1,2,1,1.0,6.0
201700037905,0017-06-03 01:05:00,17,6,3,1,5,860,194,RN 147,46.5856,0.39277,Nuit sans éclairage public,Hors agglomération,Autre intersection,Normale,Autre collision,,,,,,,,,,,3,1,9,1.0,6.0
201700037906,0017-06-17 09:45:00,17,6,17,9,45,860,41,ROMAINE (VOIE),46.59767,0.35627,Plein jour,En agglomération,Intersection en X,Normale,Deux véhicules - côté,,,,,,,,,,,1,2,2,1.0,3.0
201700037907,0017-06-21 22:30:00,17,6,21,22,30,860,194,JOHN KENNEDY (AVENUE),46.58548,0.36608,Nuit avec éclairage allumé,En agglomération,Intersection en X,Normale,Deux véhicules - côté,,,,,,,,,,,5,2,2,1.0,3.0
201700037908,0017-06-24 04:00:00,17,6,24,4,0,860,41,RN 147 BUXEROLLES,46.61471,0.37234,Nuit sans éclairage public,Hors agglomération,Hors intersection,Normale,Autre collision,,,,,,,,,,,3,1,1,1.0,6.0
201700037909,0017-06-29 20:20:00,17,6,29,20,20,860,41,ROMAINE (VOIE),46.59343,0.35571,Plein jour,En agglomération,Intersection en X,Normale,Deux véhicules - côté,,,,,,,,,,,1,2,2,1.0,3.0
201700037910,0017-07-02 21:25:00,17,7,2,21,25,860,88,RN.10,46.54732,0.29851,Crépuscule ou aube,En agglomération,Giratoire,Normale,Deux véhicules - côté,,,,,,,,,,,2,2,6,1.0,3.0
201700037911,0017-06-29 15:20:00,17,6,29,15,20,860,133,RD 87,46.51637,0.34378,Plein jour,Hors agglomération,Hors intersection,Pluie forte,Deux véhicules - côté,,,,,,,,,,,1,1,1,3.0,3.0
201700037912,0017-07-03 23:00:00,17,7,3,23,0,860,214,CHAMPS DE LA CAILLE,46.55941,0.34241,Nuit avec éclairage allumé,En agglomération,Hors intersection,Normale,Autre collision,,,,,,,,,,,5,2,1,1.0,6.0
201700037913,0017-07-04 07:37:00,17,7,4,7,37,860,194,ROCADE EST RD 162,46.58555,0.36666,Plein jour,En agglomération,Hors intersection,Normale,Deux véhicules - côté,,,,,,,,,,,1,2,1,1.0,3.0
201700037914,0017-07-04 14:05:00,17,7,4,14,5,860,194,ROCADE EST (RD 162),46.58175,0.36813,Plein jour,En agglomération,Hors intersection,Normale,Deux véhicules - arrière,,,,,,,,,,,1,2,1,1.0,2.0
201700037915,0017-07-06 15:45:00,17,7,6,15,45,860,194,11 NOVEMBRE (AVENUE DU),46.58065,0.36875,Plein jour,En agglomération,Hors intersection,Normale,Deux véhicules - arrière,,,,,,,,,,,1,2,1,1.0,2.0
201700037916,0017-07-14 20:05:00,17,7,14,20,5,860,133,CHEMIN BOIS DE LA MARCHE,46.51781,0.27343,Plein jour,Hors agglomération,Intersection en T,Normale,Deux véhicules - frontale,,,,,,,,,,,1,1,3,1.0,1.0
201700037917,0017-07-07 10:45:00,17,7,7,10,45,860,194,SAVARI (BOULEVARD),46.57684,0.37783,Plein jour,En agglomération,Intersection en X,Pluie légère,Deux véhicules - arrière,,,,,,,,,,,1,2,2,2.0,2.0
201700037918,0017-07-10 11:30:00,17,7,10,11,30,860,194,PIERRE LEVEE (RUE DE LA),46.57435,0.36173,Plein jour,En agglomération,Intersection en X,Normale,Deux véhicules - frontale,,,,,,,,,,,1,2,2,1.0,1.0
201700037919,0017-07-14 16:00:00,17,7,14,16,0,860,158,RN.149,46.63211,0.29219,Plein jour,Hors agglomération,Hors intersection,Normale,Deux véhicules - frontale,,,,,,,,,,,1,1,1,1.0,1.0
201700037920,0017-07-20 06:39:00,17,7,20,6,39,860,194,RN 147,46.56867,0.39865,Crépuscule ou aube,Hors agglomération,Hors intersection,Normale,Deux véhicules - arrière,,,,,,,,,,,2,1,1,1.0,2.0
201700037921,0017-07-20 11:00:00,17,7,20,11,0,860,88,RN.10,46.54622,0.29728,Plein jour,En agglomération,Hors intersection,Normale,Deux véhicules - arrière,,,,,,,,,,,1,2,1,1.0,2.0
201700037922,0017-07-20 23:00:00,17,7,20,23,0,860,194,"0, TISON (BOULEVARD)",46.57583,0.34055,Nuit avec éclairage allumé,En agglomération,Intersection en T,Normale,Deux véhicules - côté,,,,,,,,,,,5,2,3,1.0,3.0
201700037923,0017-07-21 18:40:00,17,7,21,18,40,860,194,34 rue des couronneries,46.59158,0.35381,Plein jour,En agglomération,Hors intersection,Normale,Autre collision,,,,,,,,,,,1,2,1,1.0,6.0
201700037924,0017-07-25 03:55:00,17,7,25,3,55,860,158,RD 910,46.6136,0.34912,Nuit avec éclairage allumé,En agglomération,Giratoire,Normale,Sans collision,,,,,,,,,,,5,2,6,1.0,7.0
201700037925,0017-07-26 17:00:00,17,7,26,17,0,860,158,"6, SAINT NICOLAS (ROUTE",46.61655,0.31268,Plein jour,En agglomération,Hors intersection,Normale,Deux véhicules - arrière,,,,,,,,,,,1,2,1,1.0,2.0
201700037926,0017-07-26 17:35:00,17,7,26,17,35,860,194,SOUS BLOSSAC (BOULEVARD),46.57379,0.33385,Plein jour,En agglomération,Hors intersection,Normale,Autre collision,,,,,,,,,,,1,2,1,1.0,6.0
201700037927,0017-07-30 22:50:00,17,7,30,22,50,860,194,"61, ANATOLE FRANCE (BOUL",46.57694,0.34694,Nuit avec éclairage allumé,En agglomération,Hors intersection,Normale,Deux véhicules - côté,,,,,,,,,,,5,2,1,1.0,3.0
201700037928,0017-07-31 09:58:00,17,7,31,9,58,860,194,"102, 8 MAI 1945 (AVENUE",46.55885,0.31186,Plein jour,En agglomération,Hors intersection,Normale,Deux véhicules - arrière,,,,,,,,,,,1,2,1,1.0,2.0
201700037929,0017-08-08 16:50:00,17,8,8,16,50,860,194,CHASSEIGNE (BOULEVARD),46.58847,0.34784,Plein jour,En agglomération,Intersection en T,Normale,Deux véhicules - côté,,,,,,,,,,,1,2,3,1.0,3.0
201700037930,0017-08-09 00:50:00,17,8,9,0,50,860,194,"157, PONT ACHARD (BOULEV",46.57419,0.32939,Nuit avec éclairage allumé,En agglomération,Intersection en X,Normale,Sans collision,,,,,,,,,,,5,2,2,1.0,7.0