accident_id,datetime,annee,mois,jour,heure,minute,departement,commune_insee,adresse,latitude,longitude,luminosite,agglomeration,intersection,meteo,collision,nb_vehicules,nb_usagers,nb_indemnes,nb_tues,nb_blesses_hosp,nb_blesses_legers,age_cond_1,age_cond_2,veh_type_cond_1,veh_type_cond_2,lum_code,agg_code,int_code,atm_code,col_code
201700038047,0017-02-08 13:54:00,17,2,8,13,54,870,85,"28BIS, DUMAS (AVENUE GEO",45.8268,1.26354,Plein jour,En agglomération,Hors intersection,Normale,Autre collision,,,,,,,,,,,1,2,1,1.0,6.0
201700038048,0017-02-10 11:18:00,17,2,10,11,18,870,85,"74, GRAND-TREUIL (RUE DU",45.8444,1.27059,Plein jour,En agglomération,Intersection en X,Normale,Deux véhicules - côté,,,,,,,,,,,1,2,2,1.0,3.0
201700038049,0017-02-10 16:37:00,17,2,10,16,37,870,85,"227, TOULOUSE (RUE DE)",45.8147,1.27805,Plein jour,En agglomération,Hors intersection,Normale,Autre collision,,,,,,,,,,,1,2,1,1.0,6.0
201700038050,0017-01-07 10:51:00,17,1,7,10,51,870,65,"20, MERMOZ (RUE JEAN-)",45.8125,1.3035,Plein jour,Hors agglomération,Hors intersection,Normale,Trois véhicules et plus - collisions multiples,,,,,,,,,,,1,1,1,1.0,5.0
201700038051,0017-02-12 04:46:00,17,2,12,4,46,870,85,ALLENDE (QUAI SALVADOR),45.8211,1.26288,Nuit avec éclairage allumé,En agglomération,Intersection en X,Pluie légère,Deux véhicules - côté,,,,,,,,,,,5,2,2,2.0,3.0
201700038052,0017-02-10 09:07:00,17,2,10,9,7,870,85,"102, THOMAS (AVENUE A.)",45.8375,1.24021,Plein jour,En agglomération,Hors intersection,Normale,Deux véhicules - arrière,,,,,,,,,,,1,2,1,1.0,2.0
201700038053,0017-02-10 15:50:00,17,2,10,15,50,870,85,"16, JOFFRE (RUE DU MAREC",45.8339,1.22409,Plein jour,En agglomération,Hors intersection,Normale,Autre collision,,,,,,,,,,,1,2,1,1.0,6.0
201700038054,0017-02-10 20:43:00,17,2,10,20,43,870,85,"7, GARIBALDI (AVENUE)",45.8352,1.26053,Nuit avec éclairage allumé,En agglomération,Hors intersection,Normale,Deux véhicules - côté,,,,,,,,,,,5,2,1,1.0,3.0
201700038055,0017-02-01 16:15:00,17,2,1,16,15,870,85,"11, MAS-BOUYOL  (RUE DU)",45.8256,1.22929,Plein jour,En agglomération,Hors intersection,Normale,Deux véhicules - frontale,,,,,,,,,,,1,2,1,1.0,1.0
201700038056,0017-02-05 02:41:00,17,2,5,2,41,870,85,"137, BAUDIN ( AVENUE) (V",45.8204,1.25558,Nuit avec éclairage allumé,En agglomération,Hors intersection,Normale,Autre collision,,,,,,,,,,,5,2,1,1.0,6.0
201700038057,0017-02-18 15:47:00,17,2,18,15,47,870,85,"175, CASSEAUX (AVE DES)",45.841,1.28571,Plein jour,En agglomération,Hors intersection,Normale,Deux véhicules - frontale,,,,,,,,,,,1,2,1,1.0,1.0
201700038058,0017-02-20 16:48:00,17,2,20,16,48,870,65,"2, CHURCHILL (AVENUE WIN",45.8063,1.33056,Plein jour,En agglomération,Hors intersection,Normale,Autre collision,,,,,,,,,,,1,2,1,1.0,6.0
201700038059,0017-02-21 17:38:00,17,2,21,17,38,870,85,"83, VICTOR SCHOELCHER (R",45.8137,1.22783,Plein jour,En agglomération,Hors intersection,Pluie légère,Autre collision,,,,,,,,,,,1,2,1,2.0,6.0
201700038060,0017-02-21 13:38:00,17,2,21,13,38,870,48,NEXON (ROUTE DE),45.7733,1.22343,Plein jour,Hors agglomération,Hors intersection,Pluie légère,Autre collision,,,,,,,,,,,1,1,1,2.0,6.0
201700038061,0017-02-14 11:47:00,17,2,14,11,47,870,85,"219, LATTRE-DE-TASSIGNY",45.827,1.28335,Plein jour,En agglomération,Intersection en T,Normale,Deux véhicules - côté,,,,,,,,,,,1,2,3,1.0,3.0
201700038062,0017-02-21 09:03:00,17,2,21,9,3,870,65,RD979,45.8172,1.30497,Plein jour,Hors agglomération,Hors intersection,Pluie légère,Deux véhicules - frontale,,,,,,,,,,,1,1,1,2.0,1.0
201700038063,0017-02-23 19:20:00,17,2,23,19,20,870,85,"0, AURIOL (AVENUE DU PRE",45.8378,1.23036,Crépuscule ou aube,En agglomération,Intersection en X,Pluie légère,Autre collision,,,,,,,,,,,2,2,2,2.0,6.0
201700038064,0017-02-23 22:38:00,17,2,23,22,38,870,85,"10, ANGUERNAUD (RUE D')",45.8713,1.29988,Nuit avec éclairage allumé,En agglomération,Hors intersection,Pluie légère,Autre collision,,,,,,,,,,,5,2,1,2.0,6.0
201700038065,0017-02-27 15:06:00,17,2,27,15,6,870,65,AUTOROUTE A20,45.7938,1.30109,Plein jour,Hors agglomération,Hors intersection,Normale,Deux véhicules - arrière,,,,,,,,,,,1,1,1,1.0,2.0
201700038066,0017-02-28 09:04:00,17,2,28,9,4,870,85,"83, BAUDIN ( AVENUE) (VC",45.8231,1.25662,Plein jour,En agglomération,Hors intersection,Pluie légère,Deux véhicules - côté,,,,,,,,,,,1,2,1,2.0,3.0
201700038067,0017-02-28 18:13:00,17,2,28,18,13,870,113,PASTEUR (RUE),45.8652,1.32405,Plein jour,En agglomération,Intersection en T,Pluie légère,Autre collision,,,,,,,,,,,1,2,3,2.0,6.0
201700038068,0017-03-01 16:00:00,17,3,1,16,0,870,75,"0, COURRIERES (ROUTE DES",45.8134,1.21441,Plein jour,En agglomération,Hors intersection,Pluie légère,Autre collision,,,,,,,,,,,1,2,1,2.0,6.0
201700038069,0017-03-01 09:14:00,17,3,1,9,14,870,85,PORT DU NAVEIX (RUE DU),45.8324,1.27415,Plein jour,En agglomération,Hors intersection,Pluie légère,Deux véhicules - arrière,,,,,,,,,,,1,2,1,2.0,2.0
201700038070,0017-03-02 11:18:00,17,3,2,11,18,870,50,"122, LIMOGES (AVENUE DE)",45.8727,1.23813,Plein jour,En agglomération,Hors intersection,Normale,Autre collision,,,,,,,,,,,1,2,1,1.0,6.0
201700038071,0017-02-24 18:33:00,17,2,24,18,33,870,50,"7, SEPT CHENES (ROND POI",45.8798,1.2381,Nuit avec éclairage allumé,En agglomération,Giratoire,Normale,Deux véhicules - arrière,,,,,,,,,,,5,2,6,1.0,2.0
201700038072,0017-03-01 06:51:00,17,3,1,6,51,870,85,"34, MAUVENDIERE (RUE DE",45.833,1.24877,Crépuscule ou aube,En agglomération,Hors intersection,Normale,Autre collision,,,,,,,,,,,2,2,1,1.0,6.0
201700038073,0017-03-06 08:18:00,17,3,6,8,18,870,85,"7, GAGNANT (AVENUE JEAN)",45.834,1.27209,Plein jour,En agglomération,Hors intersection,Normale,Autre collision,,,,,,,,,,,1,2,1,1.0,6.0
201700038074,0017-03-07 17:41:00,17,3,7,17,41,870,85,"0, VALOINE (BOULEVARD DE",45.8036,1.29089,Plein jour,En agglomération,Hors intersection,Pluie légère,Trois véhicules et plus - en chaîne,,,,,,,,,,,1,2,1,2.0,4.0
201700038075,0017-03-08 21:47:00,17,3,8,21,47,870,85,"13, MARIETTE (RUE)",45.8254,1.24012,Nuit avec éclairage allumé,En agglomération,Hors intersection,Pluie légère,Autre collision,,,,,,,,,,,5,2,1,2.0,6.0
201700038076,0017-03-05 19:20:00,17,3,5,19,20,870,85,"238, DUTREIX (RUE ARMAND",45.8331,1.2316,Nuit avec éclairage allumé,En agglomération,Intersection en T,Normale,Deux véhicules - côté,,,,,,,,,,,5,2,3,1.0,3.0
201700038077,0017-03-08 18:20:00,17,3,8,18,20,870,85,"47, ISLE (RUE D')",45.8247,1.23459,Plein jour,En agglomération,Intersection en X,Normale,Deux véhicules - côté,,,,,,,,,,,1,2,2,1.0,3.0
201700038078,0017-03-08 14:55:00,17,3,8,14,55,870,50,"0, BUXEROLLES (ROUTE DE)",45.8699,1.25821,Plein jour,En agglomération,Hors intersection,Pluie légère,Autre collision,,,,,,,,,,,1,2,1,2.0,6.0
201700038079,0017-03-03 05:50:00,17,3,3,5,50,870,75,RN 21,45.7896,1.175,Nuit sans éclairage public,Hors agglomération,Hors intersection,Normale,Autre collision,,,,,,,,,,,3,1,1,1.0,6.0
201700038080,0017-03-10 12:46:00,17,3,10,12,46,870,85,BRIAND (RUE ARISTIDE),45.8545,1.28369,Plein jour,En agglomération,Hors intersection,Normale,Autre collision,,,,,,,,,,,1,2,1,1.0,6.0
201700038081,0017-03-10 13:55:00,17,3,10,13,55,870,50,"37, MOULIN-DU-GUE (RUE D",45.8621,1.25081,Plein jour,En agglomération,Hors intersection,Normale,Deux véhicules - arrière,,,,,,,,,,,1,2,1,1.0,2.0
201700038082,0017-03-11 08:02:00,17,3,11,8,2,870,85,BORIE (BOULEVARD DE LA),45.835,1.22684,Plein jour,En agglomération,Intersection en X,Normale,Deux véhicules - côté,,,,,,,,,,,1,2,2,1.0,3.0
201700038083,0017-03-14 10:18:00,17,3,14,10,18,870,85,"19, CATROUX (RUE DU GENE",45.8138,1.28194,Plein jour,En agglomération,Hors intersection,Normale,Deux véhicules - côté,,,,,,,,,,,1,2,1,1.0,3.0
201700038084,0017-03-16 15:26:00,17,3,16,15,26,870,85,"299, PERRIN (RUE FRANCOI",45.8242,1.22601,Plein jour,En agglomération,Hors intersection,Normale,Deux véhicules - arrière,,,,,,,,,,,1,2,1,1.0,2.0
201700038085,0017-03-19 06:45:00,17,3,19,6,45,870,85,"45, DUMAS (AVENUE GEORGE",45.8266,1.26437,Nuit avec éclairage allumé,En agglomération,Intersection en T,Normale,Deux véhicules - côté,,,,,,,,,,,5,2,3,1.0,3.0
201700038086,0017-03-19 17:00:00,17,3,19,17,0,870,85,"93, LABUSSIERE (AVENUE E",45.8445,1.24859,Plein jour,En agglomération,Intersection en T,Normale,Deux véhicules - côté,,,,,,,,,,,1,2,3,1.0,3.0
201700038087,0017-02-16 07:05:00,17,2,16,7,5,870,85,"29, DE GAULLE (AVENUE DU",45.8349,1.26607,Nuit avec éclairage allumé,En agglomération,Hors intersection,Normale,Autre collision,,,,,,,,,,,5,2,1,1.0,6.0
201700038088,0017-03-23 11:17:00,17,3,23,11,17,870,85,"0, DESIREE (RUE)",45.8284,1.27763,Plein jour,En agglomération,Intersection en T,Pluie légère,Deux véhicules - côté,,,,,,,,,,,1,2,3,2.0,3.0
201700038089,0017-03-23 11:29:00,17,3,23,11,29,870,65,"9, RAMEAUX (PLACE CROIX",45.8102,1.32989,Plein jour,En agglomération,Hors intersection,Pluie légère,Autre collision,,,,,,,,,,,1,2,1,2.0,6.0
201700038090,0017-04-01 17:20:00,17,4,1,17,20,870,65,PLAISANCE (RUE DE),45.7942,1.29531,Plein jour,Hors agglomération,Intersection en T,Normale,Deux véhicules - côté,,,,,,,,,,,1,1,3,1.0,3.0
201700038091,0017-03-31 14:15:00,17,3,31,14,15,870,85,"0, ARMAND (AVE Z.A.C",45.8618,1.27483,Plein jour,En agglomération,Hors intersection,Pluie légère,Autre collision,,,,,,,,,,,1,2,1,2.0,6.0
201700038092,0017-04-01 18:55:00,17,4,1,18,55,870,85,"51, GARIBALDI (AVENUE)",45.8379,1.25888,Plein jour,En agglomération,Intersection en T,Normale,Deux véhicules - côté,,,,,,,,,,,1,2,3,1.0,3.0
201700038093,0017-04-05 18:25:00,17,4,5,18,25,870,38,RN520 (COUZEIX),45.897,1.2441,Plein jour,Hors agglomération,Hors intersection,Normale,Deux véhicules - arrière,,,,,,,,,,,1,1,1,1.0,2.0
201700038094,0017-04-06 13:53:00,17,4,6,13,53,870,85,"99, RUBEN (AVENUE ERNEST",45.8236,1.25121,Plein jour,En agglomération,Intersection en T,Normale,Deux véhicules - côté,,,,,,,,,,,1,2,3,1.0,3.0
201700038095,0017-04-07 09:05:00,17,4,7,9,5,870,65,BOISSEUIL (RUE DE),45.795,1.30078,Plein jour,Hors agglomération,Intersection en T,Normale,Deux véhicules - frontale,,,,,,,,,,,1,1,3,1.0,1.0
201700038096,0017-04-07 18:45:00,17,4,7,18,45,870,113,ANGUERNAUD,45.8836,1.32551,Plein jour,Hors agglomération,Hors intersection,Normale,Deux véhicules - côté,,,,,,,,,,,1,1,1,1.0,3.0
201700038097,0017-04-09 15:08:00,17,4,9,15,8,870,50,"19, BUXEROLLES (ROUTE DE",45.8763,1.24866,Plein jour,Hors agglomération,Hors intersection,Normale,Deux véhicules - frontale,,,,,,,,,,,1,1,1,1.0,1.0
201700038098,0017-04-10 15:21:00,17,4,10,15,21,870,85,BORIE (BOULEVARD DE LA),45.8397,1.23447,Plein jour,En agglomération,Intersection en X,Normale,Deux véhicules - arrière,,,,,,,,,,,1,2,2,1.0,2.0
201700038099,0017-04-04 14:06:00,17,4,4,14,6,870,114,ARMAND (LOUIS-),45.8274,1.30245,Plein jour,En agglomération,Intersection en X,Normale,Deux véhicules - côté,,,,,,,,,,,1,2,2,1.0,3.0
201700038100,0017-04-07 15:45:00,17,4,7,15,45,870,85,AUTOROUTE A20,45.9189,1.29727,Plein jour,Hors agglomération,Hors intersection,Normale,Trois véhicules et plus - en chaîne,,,,,,,,,,,1,1,1,1.0,4.0
201700038101,0017-04-07 19:35:00,17,4,7,19,35,870,85,"8, POIDS-PUBLIC (PLACE D",45.8287,1.25869,Plein jour,En agglomération,Hors intersection,Normale,Deux véhicules - arrière,,,,,,,,,,,1,2,1,1.0,2.0
201700038102,0017-04-10 08:30:00,17,4,10,8,30,870,156,CROIX-DE-LA-LIEUE (AVENU,45.8481,1.34683,Plein jour,Hors agglomération,Hors intersection,Normale,Deux véhicules - arrière,,,,,,,,,,,1,1,1,1.0,2.0
201700038103,0017-04-15 18:14:00,17,4,15,18,14,870,75,"74, PERRIERES (AVENUE DE",45.8105,1.22907,Plein jour,Hors agglomération,Hors intersection,Normale,Autre collision,,,,,,,,,,,1,1,1,1.0,6.0
201700038104,0017-04-14 18:07:00,17,4,14,18,7,870,85,"62, THOMAS (AVENUE ALBER",45.8365,1.24259,Plein jour,En agglomération,Intersection en T,Normale,Deux véhicules - côté,,,,,,,,,,,1,2,3,1.0,3.0
201700038105,0017-04-16 17:52:00,17,4,16,17,52,870,85,"48, THUILLAT (RUE VICTOR",45.8432,1.25681,Plein jour,En agglomération,Intersection en T,Normale,Deux véhicules - côté,,,,,,,,,,,1,2,3,1.0,3.0
201700038106,0017-04-20 15:08:00,17,4,20,15,8,870,85,RN520 - LANDOUGE,45.8902,1.26934,Plein jour,Hors agglomération,Hors intersection,Normale,Deux véhicules - frontale,,,,,,,,,,,1,1,1,1.0,1.0
201700038107,0017-04-19 12:35:00,17,4,19,12,35,870,114,"0, AURIOL (AVENUE DU PDT",45.8381,1.29831,Plein jour,En agglomération,Intersection en X,Normale,Autre collision,,,,,,,,,,,1,2,2,1.0,6.0
201700038108,0017-04-21 18:29:00,17,4,21,18,29,870,50,GARE (AVENUE DE LA) RD12,45.8921,1.24687,Plein jour,Hors agglomération,Hors intersection,Normale,Deux véhicules - frontale,,,,,,,,,,,1,1,1,1.0,1.0
201700038109,0017-04-30 19:31:00,17,4,30,19,31,870,85,COTY (AVENUE DU PRESIDEN,45.8397,1.23278,Plein jour,En agglomération,Hors intersection,Pluie légère,Autre collision,,,,,,,,,,,1,2,1,2.0,6.0
201700038110,0017-04-20 17:00:00,17,4,20,17,0,870,85,", FERRER (RUE FRANCISCO)",45.8684,1.26502,Plein jour,En agglomération,Intersection en T,Normale,Deux véhicules - côté,,,,,,,,,,,1,2,3,1.0,3.0
201700038111,0017-04-30 12:15:00,17,4,30,12,15,870,85,AUTOROUTE A20,45.9147,1.29401,Plein jour,Hors agglomération,Hors intersection,Normale,Autre collision,,,,,,,,,,,1,1,1,1.0,6.0
201700038112,0017-05-03 09:10:00,17,5,3,9,10,870,85,"12, GRODNO  (AVENUE DE)",45.8223,1.22329,Plein jour,En agglomération,Intersection en T,Normale,Deux véhicules - côté,,,,,,,,,,,1,2,3,1.0,3.0
201700038113,0017-05-03 09:51:00,17,5,3,9,51,870,85,"41, VARLIN (RUE EUGENE)",45.8266,1.27518,Plein jour,En agglomération,Intersection en T,Normale,Deux véhicules - côté,,,,,,,,,,,1,2,3,1.0,3.0
201700038114,0017-04-10 18:41:00,17,4,10,18,41,870,85,"39, LABUSSIERE (AVENUE E",45.8424,1.25517,Plein jour,En agglomération,Intersection en X,Normale,Autre collision,,,,,,,,,,,1,2,2,1.0,6.0
201700038115,0017-04-11 23:49:00,17,4,11,23,49,870,85,"0, MOULIN PINARD (ALLEE",45.8642,1.26943,Nuit avec éclairage allumé,En agglomération,Hors intersection,Normale,Sans collision,,,,,,,,,,,5,2,1,1.0,7.0
201700038116,0017-05-07 14:08:00,17,5,7,14,8,870,85,"02, BRIQUET (RUE GEORGES",45.8408,1.23408,Plein jour,En agglomération,Hors intersection,Normale,Autre collision,,,,,,,,,,,1,2,1,1.0,6.0
201700038117,0017-05-07 15:49:00,17,5,7,15,49,870,85,"32, LAGRANGE (RUE HENRI)",45.8444,1.27059,Plein jour,En agglomération,Intersection en X,Normale,Deux véhicules - côté,,,,,,,,,,,1,2,2,1.0,3.0
201700038118,0017-05-06 14:19:00,17,5,6,14,19,870,50,RD947,45.8571,1.24448,Plein jour,Hors agglomération,Hors intersection,Normale,Deux véhicules - frontale,,,,,,,,,,,1,1,1,1.0,1.0
201700038119,0017-05-09 19:25:00,17,5,9,19,25,870,85,"12, BROGLIE (AVENUE LOUI",45.8826,1.28652,Plein jour,En agglomération,Giratoire,Normale,Sans collision,,,,,,,,,,,1,2,6,1.0,7.0
201700038120,0017-05-10 00:09:00,17,5,10,0,9,870,85,"0, ISLE DU BAS (RUE D')",45.8156,1.24961,Nuit avec éclairage allumé,En agglomération,Hors intersection,Normale,Autre collision,,,,,,,,,,,5,2,1,1.0,6.0
201700038121,0017-05-12 14:45:00,17,5,12,14,45,870,85,REVOLUTION (AVENUE DE LA,45.8211,1.26292,Plein jour,En agglomération,Intersection en T,Normale,Deux véhicules - côté,,,,,,,,,,,1,2,3,1.0,3.0
201700038122,0017-05-13 05:40:00,17,5,13,5,40,870,85,"26, GAMBETTA (BOULEVARD)",45.8278,1.25815,Nuit avec éclairage allumé,En agglomération,Intersection en T,Normale,Autre collision,,,,,,,,,,,5,2,3,1.0,6.0
201700038123,0017-05-16 16:34:00,17,5,16,16,34,870,21,NEXON (ROUTE DE),45.7729,1.22353,Plein jour,Hors agglomération,Hors intersection,Normale,Autre collision,,,,,,,,,,,1,1,1,1.0,6.0
201700038124,0017-05-16 17:52:00,17,5,16,17,52,870,85,"37, BERTHELOT (AVENUE)",45.8361,1.25055,Plein jour,En agglomération,Intersection en X,Normale,Autre collision,,,,,,,,,,,1,2,2,1.0,6.0
201700038125,0017-05-18 08:19:00,17,5,18,8,19,870,85,"19, POMPIDOU (AVENUE GEO",45.8184,1.26589,Plein jour,En agglomération,Hors intersection,Pluie légère,Autre collision,,,,,,,,,,,1,2,1,2.0,6.0
201700038126,0017-05-18 09:06:00,17,5,18,9,6,870,85,"34, MAS-BOUYOL  BD DU",45.8285,1.22662,Plein jour,En agglomération,Hors intersection,Pluie légère,Trois véhicules et plus - collisions multiples,,,,,,,,,,,1,2,1,2.0,5.0
201700038127,0017-05-18 18:52:00,17,5,18,18,52,870,85,"24, LECLERC (AVENUE DU G",45.8418,1.25853,Plein jour,En agglomération,Hors intersection,Pluie forte,Autre collision,,,,,,,,,,,1,2,1,3.0,6.0
201700038128,0017-05-21 20:27:00,17,5,21,20,27,870,85,"0, HALEVY (RUE)",45.8545,1.25986,Plein jour,En agglomération,Hors intersection,Normale,Autre collision,,,,,,,,,,,1,2,1,1.0,6.0
201700038129,0017-05-27 14:27:00,17,5,27,14,27,870,65,AV. DU PONTEIX,45.8046,1.29514,Plein jour,Hors agglomération,Hors intersection,Normale,Sans collision,,,,,,,,,,,1,1,1,1.0,7.0
201700038130,0017-05-28 17:20:00,17,5,28,17,20,870,75,"0, CHABROULIE (ROUTE DE",45.8005,1.21017,Plein jour,Hors agglomération,Intersection en X,Normale,Deux véhicules - côté,,,,,,,,,,,1,1,2,1.0,3.0
201700038131,0017-05-30 17:42:00,17,5,30,17,42,870,85,"0, BABYLONE (RUE DE)",45.8196,1.26617,Plein jour,En agglomération,Hors intersection,Normale,Autre collision,,,,,,,,,,,1,2,1,1.0,6.0
201700038132,0017-05-31 15:53:00,17,5,31,15,53,870,85,"0, BEAUBREUIL (AVENUE DE",45.8802,1.29657,Plein jour,En agglomération,Hors intersection,Normale,Deux véhicules - arrière,,,,,,,,,,,1,2,1,1.0,2.0
201700038133,0017-05-31 17:15:00,17,5,31,17,15,870,85,"185, TOULOUSE (RUE DE)",45.8167,1.27716,Plein jour,En agglomération,Intersection en X,Normale,Deux véhicules - côté,,,,,,,,,,,1,2,2,1.0,3.0
201700038134,0017-06-01 17:45:00,17,6,1,17,45,870,85,"67, LECLERC (AVENUE DU G",45.8437,1.25947,Plein jour,En agglomération,Hors intersection,Normale,Autre collision,,,,,,,,,,,1,2,1,1.0,6.0
201700038135,0017-06-01 23:29:00,17,6,1,23,29,870,85,"0, PONT NEUF",45.826,1.26801,Nuit avec éclairage allumé,En agglomération,Intersection en X,Normale,Deux véhicules - côté,,,,,,,,,,,5,2,2,1.0,3.0
201700038136,0017-06-02 15:48:00,17,6,2,15,48,870,85,"66, BAUDIN ( AVENUE) (VC",45.8239,1.25692,Plein jour,En agglomération,Hors intersection,Normale,Autre collision,,,,,,,,,,,1,2,1,1.0,6.0
201700038137,0017-06-03 16:09:00,17,6,3,16,9,870,85,"38, HOCHE (RUE)",45.8403,1.25909,Plein jour,En agglomération,Intersection en X,Normale,Deux véhicules - côté,,,,,,,,,,,1,2,2,1.0,3.0
201700038138,0017-06-07 16:54:00,17,6,7,16,54,870,85,"67, CHENIEUX (RUE FRANCO",45.8396,1.25736,Plein jour,En agglomération,Hors intersection,Normale,Autre collision,,,,,,,,,,,1,2,1,1.0,6.0
201700038139,0017-06-09 15:45:00,17,6,9,15,45,870,85,AUTOROUTE A20,45.8414,1.2797,Plein jour,Hors agglomération,Hors intersection,Normale,Deux véhicules - arrière,,,,,,,,,,,1,1,1,1.0,2.0
201700038140,0017-06-10 12:47:00,17,6,10,12,47,870,85,"7, FLEURUS (BOULEVARD DE",45.8309,1.26353,Plein jour,En agglomération,Hors intersection,Normale,Deux véhicules - arrière,,,,,,,,,,,1,2,1,1.0,2.0
201700038141,0017-06-10 18:47:00,17,6,10,18,47,870,85,"271, DUTREIX (RUE ARMAND",45.8342,1.22778,Plein jour,En agglomération,Hors intersection,Normale,Trois véhicules et plus - en chaîne,,,,,,,,,,,1,2,1,1.0,4.0
201700038142,0017-06-13 00:47:00,17,6,13,0,47,870,85,ALLENDE (QUAI SALVADOR),45.8184,1.25642,Nuit avec éclairage allumé,En agglomération,Hors intersection,Normale,Autre collision,,,,,,,,,,,5,2,1,1.0,6.0
201700038143,0017-06-13 18:32:00,17,6,13,18,32,870,85,"211, LECLERC (AVENUE DU",45.8517,1.26468,Plein jour,En agglomération,Intersection en X,Pluie légère,Deux véhicules - côté,,,,,,,,,,,1,2,2,2.0,3.0
201700038144,0017-06-07 09:46:00,17,6,7,9,46,870,85,"1, BROUILLEBAS (RUE DE)",45.8594,1.25484,Plein jour,En agglomération,Intersection en X,Normale,Deux véhicules - côté,,,,,,,,,,,1,2,2,1.0,3.0
201700038145,0017-06-18 16:31:00,17,6,18,16,31,870,48,RD 11,45.7732,1.22352,Plein jour,Hors agglomération,Hors intersection,Normale,Autre collision,,,,,,,,,,,1,1,1,1.0,6.0
201700038146,0017-06-02 20:40:00,17,6,2,20,40,870,85,"21, BLANC LOUIS (BOULEVA",45.8286,1.26178,Plein jour,En agglomération,Hors intersection,Normale,Autre collision,,,,,,,,,,,1,2,1,1.0,6.0
201700038147,0017-06-20 11:31:00,17,6,20,11,31,870,114,"53, PRESSEMANE (AVENUE A",45.8391,1.32431,Plein jour,Hors agglomération,Hors intersection,Normale,Autre collision,,,,,,,,,,,1,1,1,1.0,6.0
201700038148,0017-06-21 21:20:00,17,6,21,21,20,870,85,"19, CORDERIE (BOULEVARD",45.8276,1.26481,Crépuscule ou aube,En agglomération,Hors intersection,Normale,Deux véhicules - côté,,,,,,,,,,,2,2,1,1.0,3.0
201700038149,0017-06-07 16:52:00,17,6,7,16,52,870,85,"54, LABUSSIERE (AVENUE E",45.8423,1.25525,Plein jour,En agglomération,Hors intersection,Normale,Sans collision,,,,,,,,,,,1,2,1,1.0,7.0
201700038150,0017-06-17 10:06:00,17,6,17,10,6,870,85,"23, NAUGEAT (AVENUE DE",45.82,1.24068,Plein jour,En agglomération,Intersection en T,Normale,Autre collision,,,,,,,,,,,1,2,3,1.0,6.0
201700038151,0017-06-23 11:16:00,17,6,23,11,16,870,85,"32, FABRE EGLANTINE (ALL",45.8787,1.29835,Plein jour,Hors agglomération,Hors intersection,Normale,Autre collision,,,,,,,,,,,1,1,1,1.0,6.0
201700038152,0017-06-22 12:15:00,17,6,22,12,15,870,65,"25, MERMOZ (RUE JEAN-)",45.8124,1.30319,Plein jour,En agglomération,Intersection en T,Normale,Deux véhicules - côté,,,,,,,,,,,1,2,3,1.0,3.0
201700038153,0017-06-24 18:55:00,17,6,24,18,55,870,85,"253, DUTREIX (RUE ARMAND",45.8335,1.23042,Plein jour,En agglomération,Hors intersection,Normale,Deux véhicules - arrière,,,,,,,,,,,1,2,1,1.0,2.0
201700038154,0017-04-12 13:29:00,17,4,12,13,29,870,114,"0, PUY MOULINIER - LIEU",45.8536,1.32271,Plein jour,Hors agglomération,Hors intersection,Normale,Autre collision,,,,,,,,,,,1,1,1,1.0,6.0
201700038155,0017-04-11 19:05:00,17,4,11,19,5,870,50,"0, MOULIN (ALLEE JEAN)",45.8771,1.2404,Plein jour,En agglomération,Giratoire,Normale,Deux véhicules - côté,,,,,,,,,,,1,2,6,1.0,3.0
201700038156,0017-06-29 10:38:00,17,6,29,10,38,870,85,"234, BRIAND (RUE ARISTID",45.8512,1.28453,Plein jour,En agglomération,Hors intersection,Pluie légère,Deux véhicules - arrière,,,,,,,,,,,1,2,1,2.0,2.0
201700038157,0017-06-29 09:32:00,17,6,29,9,32,870,85,"149, VANTEAUX (BOULEVARD",45.8209,1.23068,Plein jour,En agglomération,Hors intersection,Pluie légère,Autre collision,,,,,,,,,,,1,2,1,2.0,6.0
201700038158,0017-06-29 13:48:00,17,6,29,13,48,870,85,"77, LEGENDRE (RUE CHARLE",45.8144,1.24407,Plein jour,En agglomération,Hors intersection,Normale,Autre collision,,,,,,,,,,,1,2,1,1.0,6.0
201700038159,0017-06-29 20:26:00,17,6,29,20,26,870,85,"0, BENEDICTINS (RAMPE DE",45.8353,1.26851,Plein jour,En agglomération,Hors intersection,Pluie légère,Deux véhicules - frontale,,,,,,,,,,,1,2,1,2.0,1.0
201700038160,0017-07-04 00:04:00,17,7,4,0,4,870,21,"9.500, RD 11",45.7695,1.22367,Nuit sans éclairage public,Hors agglomération,Hors intersection,Normale,Sans collision,,,,,,,,,,,3,1,1,1.0,7.0
201700038161,0017-07-06 19:35:00,17,7,6,19,35,870,85,BEL AIR (BOULEVARD DE),45.8197,1.24959,Plein jour,En agglomération,Intersection en X,Normale,Deux véhicules - côté,,,,,,,,,,,1,2,2,1.0,3.0
201700038162,0017-07-07 13:38:00,17,7,7,13,38,870,85,ALLENDE (QUAI SALVADOR),45.8212,1.26289,Plein jour,En agglomération,Intersection en T,Normale,Deux véhicules - côté,,,,,,,,,,,1,2,3,1.0,3.0
201700038163,0017-07-08 22:07:00,17,7,8,22,7,870,85,"149, VANTEAUX (BOULEVARD",45.8211,1.23022,Nuit avec éclairage allumé,En agglomération,Intersection en X,Normale,Deux véhicules - côté,,,,,,,,,,,5,2,2,1.0,3.0
201700038164,0017-07-09 15:25:00,17,7,9,15,25,870,114,"53, BLUM (AVENUE LEON-)",45.8323,1.30364,Plein jour,En agglomération,Hors intersection,Normale,Autre collision,,,,,,,,,,,1,2,1,1.0,6.0
201700038165,0017-07-12 16:35:00,17,7,12,16,35,870,85,"33, BLANC LOUIS (BOULEVA",45.8275,1.26051,Plein jour,En agglomération,Hors intersection,Normale,Trois véhicules et plus - en chaîne,,,,,,,,,,,1,2,1,1.0,4.0
201700038166,0017-07-13 17:48:00,17,7,13,17,48,870,85,"18, JOLIOT CURIE (RUE IR",45.8312,1.22337,Plein jour,En agglomération,Hors intersection,Normale,Autre collision,,,,,,,,,,,1,2,1,1.0,6.0