accident_id,datetime,annee,mois,jour,heure,minute,departement,commune_insee,adresse,latitude,longitude,luminosite,agglomeration,intersection,meteo,collision,nb_vehicules,nb_usagers,nb_indemnes,nb_tues,nb_blesses_hosp,nb_blesses_legers,age_cond_1,age_cond_2,veh_type_cond_1,veh_type_cond_2,lum_code,agg_code,int_code,atm_code,col_code
201700038167,0017-07-12 16:29:00,17,7,12,16,29,870,85,"91, ISLE (RUE D')",45.8231,1.23173,Plein jour,En agglomération,Hors intersection,Normale,Autre collision,,,,,,,,,,,1,2,1,1.0,6.0
201700038168,0017-07-20 00:47:00,17,7,20,0,47,870,85,"0, SABINES (RUE DES)",45.8807,1.29545,Nuit avec éclairage allumé,En agglomération,Intersection en T,Pluie légère,Autre collision,,,,,,,,,,,5,2,3,2.0,6.0
201700038169,0017-07-24 18:19:00,17,7,24,18,19,870,65,"0, BRUGES (ROUTE DES)",45.7917,1.33189,Plein jour,Hors agglomération,Hors intersection,Normale,Autre collision,,,,,,,,,,,1,1,1,1.0,6.0
201700038170,0017-07-25 14:58:00,17,7,25,14,58,870,75,"0, MARS 1962 (RUE DU 19)",45.809,1.22592,Plein jour,En agglomération,Hors intersection,Normale,Autre collision,,,,,,,,,,,1,2,1,1.0,6.0
201700038171,0017-07-26 10:01:00,17,7,26,10,1,870,85,"70, NAZARETH (RUE DE)",45.8229,1.24894,Plein jour,En agglomération,Hors intersection,Normale,Autre collision,,,,,,,,,,,1,2,1,1.0,6.0
201700038172,0017-07-27 14:08:00,17,7,27,14,8,870,65,"0, PONTEIX (AVENUE DU)",45.818,1.29487,Plein jour,En agglomération,Giratoire,Pluie légère,Autre collision,,,,,,,,,,,1,2,6,2.0,6.0
201700038173,0017-07-27 10:16:00,17,7,27,10,16,870,75,"02, BOURNEVILLE (RUE DE)",45.8137,1.22872,Plein jour,En agglomération,Giratoire,Pluie légère,Autre collision,,,,,,,,,,,1,2,6,2.0,6.0
201700038174,0017-07-26 17:59:00,17,7,26,17,59,870,85,"16, COMTE (RUE AUGUSTE)",45.8738,1.26961,Plein jour,Hors agglomération,Hors intersection,Normale,Trois véhicules et plus - en chaîne,,,,,,,,,,,1,1,1,1.0,4.0
201700038175,0017-07-29 18:28:00,17,7,29,18,28,870,113,"6, ROUTE DE SAINT PRIEST",45.8759,1.35211,Plein jour,Hors agglomération,Hors intersection,Normale,Deux véhicules - arrière,,,,,,,,,,,1,1,1,1.0,2.0
201700038176,0017-08-01 13:26:00,17,8,1,13,26,870,113,"06, MENDES-FRANCE (RUE P",45.8739,1.33361,Plein jour,Hors agglomération,Hors intersection,Normale,Autre collision,,,,,,,,,,,1,1,1,1.0,6.0
201700038177,0017-08-01 18:12:00,17,8,1,18,12,870,50,RD 947,45.9018,1.22863,Plein jour,Hors agglomération,Hors intersection,Normale,Deux véhicules - côté,,,,,,,,,,,1,1,1,1.0,3.0
201700038178,0017-08-02 17:14:00,17,8,2,17,14,870,85,"0, BOURNEVILLE (RUE DE)",45.8155,1.23286,Plein jour,En agglomération,Hors intersection,Normale,Deux véhicules - côté,,,,,,,,,,,1,2,1,1.0,3.0
201700038179,0017-08-02 10:45:00,17,8,2,10,45,870,85,"18, JOFFRE (RUE DU MAREC",45.834,1.2241,Plein jour,En agglomération,Hors intersection,Normale,Autre collision,,,,,,,,,,,1,2,1,1.0,6.0
201700038180,0017-08-07 10:18:00,17,8,7,10,18,870,85,BAUDIN ( AVENUE) (VC),45.8188,1.25205,Plein jour,En agglomération,Intersection en X,Normale,Deux véhicules - arrière,,,,,,,,,,,1,2,2,1.0,2.0
201700038181,0017-07-28 21:37:00,17,7,28,21,37,870,85,"0, CAMBUSES (AVENUE DES)",45.8904,1.27949,Plein jour,Hors agglomération,Hors intersection,Normale,Deux véhicules - frontale,,,,,,,,,,,1,1,1,1.0,1.0
201700038182,0017-08-07 09:39:00,17,8,7,9,39,870,85,"1, BEL AIR (BOULEVARD DE",45.8188,1.25205,Plein jour,En agglomération,Intersection en X,Normale,Deux véhicules - côté,,,,,,,,,,,1,2,2,1.0,3.0
201700038183,0017-08-07 07:29:00,17,8,7,7,29,870,85,"37/39, MIDI (AVENUE DU)",45.8263,1.25559,Plein jour,En agglomération,Hors intersection,Normale,Deux véhicules - côté,,,,,,,,,,,1,2,1,1.0,3.0
201700038184,0017-08-08 15:49:00,17,8,8,15,49,870,38,RN520 (COUZEIX),45.8905,1.26639,Plein jour,Hors agglomération,Hors intersection,Normale,Deux véhicules - arrière,,,,,,,,,,,1,1,1,1.0,2.0
201700038185,0017-08-09 15:20:00,17,8,9,15,20,870,85,"97, MONTMAILLER (RUE)",45.8365,1.24991,Plein jour,En agglomération,Intersection en X,Normale,Deux véhicules - côté,,,,,,,,,,,1,2,2,1.0,3.0
201700038186,0017-08-10 13:32:00,17,8,10,13,32,870,85,BEAUBLANC (BOULEVARD DE),45.848,1.24537,Plein jour,En agglomération,Intersection en T,Normale,Deux véhicules - côté,,,,,,,,,,,1,2,3,1.0,3.0
201700038187,0017-08-11 10:53:00,17,8,11,10,53,870,85,AUTOROUTE A20,45.8733,1.28784,Plein jour,Hors agglomération,Hors intersection,Pluie légère,Trois véhicules et plus - en chaîne,,,,,,,,,,,1,1,1,2.0,4.0
201700038188,0017-08-12 16:54:00,17,8,12,16,54,870,85,"227, LECLERC (AVENUE DU",45.8538,1.26603,Plein jour,En agglomération,Intersection en T,Normale,Trois véhicules et plus - collisions multiples,,,,,,,,,,,1,2,3,1.0,5.0
201700038189,0017-08-13 13:10:00,17,8,13,13,10,870,85,"79, SAINT GENCE (RUE DE)",45.8475,1.23679,Plein jour,En agglomération,Giratoire,Normale,Autre collision,,,,,,,,,,,1,2,6,1.0,6.0
201700038190,0017-08-17 18:26:00,17,8,17,18,26,870,85,"112, THOMAS (AVENUE ALBE",45.8376,1.24,Plein jour,En agglomération,Hors intersection,Normale,Autre collision,,,,,,,,,,,1,2,1,1.0,6.0
201700038191,0017-08-19 16:12:00,17,8,19,16,12,870,85,"3, PILATERIES (RUE DES)",45.9129,1.30257,Plein jour,En agglomération,Hors intersection,Normale,Autre collision,,,,,,,,,,,1,2,1,1.0,6.0
201700038192,0017-08-19 16:25:00,17,8,19,16,25,870,75,"472, RN 21",45.7909,1.16685,Plein jour,En agglomération,Hors intersection,Normale,Deux véhicules - frontale,,,,,,,,,,,1,2,1,1.0,1.0
201700038193,0017-08-23 16:36:00,17,8,23,16,36,870,85,"27, BLANC LOUIS (BOULEVA",45.828,1.26125,Plein jour,En agglomération,Hors intersection,Normale,Autre collision,,,,,,,,,,,1,2,1,1.0,6.0
201700038194,0017-08-24 17:45:00,17,8,24,17,45,870,85,"52, LATTRE-DE-TASSIGNY (",45.8252,1.27301,Plein jour,En agglomération,Hors intersection,Normale,Deux véhicules - arrière,,,,,,,,,,,1,2,1,1.0,2.0
201700038195,0017-08-25 18:28:00,17,8,25,18,28,870,85,"0, HALEVY (RUE)",45.8585,1.25794,Plein jour,En agglomération,Intersection en T,Normale,Deux véhicules - côté,,,,,,,,,,,1,2,3,1.0,3.0
201700038196,0017-08-28 19:40:00,17,8,28,19,40,870,85,"09, ORPHEROUX (RUE)",45.8268,1.26365,Plein jour,En agglomération,Hors intersection,Normale,Autre collision,,,,,,,,,,,1,2,1,1.0,6.0
201700038197,0017-09-01 15:52:00,17,9,1,15,52,870,65,"0, PAGNOL (AVENUE MARCEL",45.8149,1.34231,Plein jour,Hors agglomération,Hors intersection,Pluie légère,Deux véhicules - frontale,,,,,,,,,,,1,1,1,2.0,1.0
201700038198,0017-08-30 11:27:00,17,8,30,11,27,870,85,"149, VANTEAUX (BOULEVARD",45.8211,1.23022,Plein jour,En agglomération,Intersection en X,Pluie forte,Deux véhicules - côté,,,,,,,,,,,1,2,2,3.0,3.0
201700038199,0017-09-04 10:41:00,17,9,4,10,41,870,85,BOURNAZEL (RUE HENRI DE),45.8292,1.28513,Plein jour,En agglomération,Intersection en T,Normale,Trois véhicules et plus - en chaîne,,,,,,,,,,,1,2,3,1.0,4.0
201700038200,0017-09-05 08:22:00,17,9,5,8,22,870,85,"92, ISLE (RUE D')",45.823,1.23161,Plein jour,En agglomération,Intersection en T,Normale,Deux véhicules - côté,,,,,,,,,,,1,2,3,1.0,3.0
201700038201,0017-09-01 17:35:00,17,9,1,17,35,870,85,"32, BUISSON (RUE FERDINA",45.8247,1.25528,Plein jour,En agglomération,Hors intersection,Normale,Deux véhicules - côté,,,,,,,,,,,1,2,1,1.0,3.0
201700038202,0017-09-02 12:16:00,17,9,2,12,16,870,85,"27, CARMES (PLACE DES)",45.8301,1.25054,Plein jour,En agglomération,Place,Normale,Deux véhicules - côté,,,,,,,,,,,1,2,7,1.0,3.0
201700038203,0017-09-01 17:00:00,17,9,1,17,0,870,85,"119, THUILLAT (RUE VICTO",45.8469,1.25544,Plein jour,En agglomération,Hors intersection,Pluie légère,Autre collision,,,,,,,,,,,1,2,1,2.0,6.0
201700038204,0017-09-07 11:57:00,17,9,7,11,57,870,85,"22, MONTJOVIS (AVENUE)",45.8373,1.2491,Plein jour,En agglomération,Intersection en T,Normale,Deux véhicules - côté,,,,,,,,,,,1,2,3,1.0,3.0
201700038205,0017-09-02 16:01:00,17,9,2,16,1,870,85,"19, BROUILLEBAS (RUE DE)",45.8566,1.25068,Plein jour,En agglomération,Intersection en T,Normale,Deux véhicules - côté,,,,,,,,,,,1,2,3,1.0,3.0
201700038206,0017-09-02 15:00:00,17,9,2,15,0,870,85,"22BIS, BLANC LOUIS (BOUL",45.8283,1.26158,Plein jour,En agglomération,Hors intersection,Normale,Deux véhicules - arrière,,,,,,,,,,,1,2,1,1.0,2.0
201700038207,0017-09-02 17:32:00,17,9,2,17,32,870,65,"0, TAUBAYES ALLEE DES)",45.7893,1.29783,Plein jour,Hors agglomération,Hors intersection,Normale,Deux véhicules - frontale,,,,,,,,,,,1,1,1,1.0,1.0
201700038208,0017-09-08 18:15:00,17,9,8,18,15,870,85,"0, BEAUBREUIL (AVENUE DE",45.8783,1.30042,Plein jour,En agglomération,Hors intersection,Normale,Autre collision,,,,,,,,,,,1,2,1,1.0,6.0
201700038209,0017-09-09 11:47:00,17,9,9,11,47,870,85,"11, FLEURUS (BOULEVARD D",45.8304,1.26317,Plein jour,En agglomération,Hors intersection,Pluie légère,Deux véhicules - côté,,,,,,,,,,,1,2,1,2.0,3.0
201700038210,0017-09-10 10:47:00,17,9,10,10,47,870,85,"99, BELLAC (RUE DE)",45.8509,1.24468,Plein jour,En agglomération,Hors intersection,Normale,Autre collision,,,,,,,,,,,1,2,1,1.0,6.0
201700038211,0017-09-11 17:40:00,17,9,11,17,40,870,85,BORIE (BOULEVARD DE LA),45.8443,1.24056,Plein jour,En agglomération,Intersection en X,Normale,Deux véhicules - côté,,,,,,,,,,,1,2,2,1.0,3.0
201700038212,0017-09-15 12:48:00,17,9,15,12,48,870,50,,45.9018,1.22858,Plein jour,En agglomération,Autre intersection,Normale,Deux véhicules - arrière,,,,,,,,,,,1,2,9,1.0,2.0
201700038213,0017-09-17 01:39:00,17,9,17,1,39,870,85,"02, MASGOULET (RUE DU)",45.8321,1.27092,Nuit avec éclairage allumé,En agglomération,Hors intersection,Pluie légère,Autre collision,,,,,,,,,,,5,2,1,2.0,6.0
201700038214,0017-09-15 19:04:00,17,9,15,19,4,870,85,AUTOROUTE A20,45.8714,1.28765,Plein jour,Hors agglomération,Hors intersection,Pluie légère,Deux véhicules - arrière,,,,,,,,,,,1,1,1,2.0,2.0
201700038215,0017-09-21 08:54:00,17,9,21,8,54,870,85,"80, VARLIN (RUE EUGENE)",45.8275,1.2789,Plein jour,En agglomération,Intersection en X,Normale,Deux véhicules - côté,,,,,,,,,,,1,2,2,1.0,3.0
201700038216,0017-09-21 08:13:00,17,9,21,8,13,870,85,"02, MONTJOVIS (AVENUE)",45.8363,1.25008,Plein jour,En agglomération,Intersection en T,Normale,Deux véhicules - côté,,,,,,,,,,,1,2,3,1.0,3.0
201700038217,0017-09-22 11:09:00,17,9,22,11,9,870,85,AUTOROUTE A20,45.8853,1.29169,Plein jour,Hors agglomération,Hors intersection,Normale,Deux véhicules - arrière,,,,,,,,,,,1,1,1,1.0,2.0
201700038218,0017-09-27 13:45:00,17,9,27,13,45,870,65,"58, CLEMENCEAU (AVENUE G",45.8097,1.32804,Plein jour,En agglomération,Autre intersection,Normale,Deux véhicules - côté,,,,,,,,,,,1,2,9,1.0,3.0
201700038219,0017-09-28 12:38:00,17,9,28,12,38,870,113,"6, JAURES (RUE JEAN)",45.864,1.32374,Plein jour,En agglomération,Hors intersection,Normale,Deux véhicules - arrière,,,,,,,,,,,1,2,1,1.0,2.0
201700038220,0017-09-30 01:50:00,17,9,30,1,50,870,85,"90, LECLERC (AVENUE DU G",45.8475,1.2615,Nuit avec éclairage allumé,En agglomération,Hors intersection,Normale,Autre collision,,,,,,,,,,,5,2,1,1.0,6.0
201700038221,0017-09-29 06:11:00,17,9,29,6,11,870,65,MERMOZ (RUE JEAN-),45.812,1.30242,Nuit avec éclairage allumé,En agglomération,Hors intersection,Normale,Autre collision,,,,,,,,,,,5,2,1,1.0,6.0
201700038222,0017-10-01 00:28:00,17,10,1,0,28,870,85,"0, VALOINE (BOULEVARD DE",45.8034,1.28972,Nuit avec éclairage allumé,En agglomération,Hors intersection,Normale,Sans collision,,,,,,,,,,,5,2,1,1.0,7.0
201700038223,0017-10-02 17:21:00,17,10,2,17,21,870,85,"1, PALMIERS (RUE DES)",45.8411,1.24405,Plein jour,En agglomération,Intersection en T,Normale,Deux véhicules - côté,,,,,,,,,,,1,2,3,1.0,3.0
201700038224,0017-10-03 12:33:00,17,10,3,12,33,870,85,AUTOROUTE A20,45.8576,1.28308,Plein jour,Hors agglomération,Hors intersection,Pluie légère,Autre collision,,,,,,,,,,,1,1,1,2.0,6.0
201700038225,0017-10-04 15:14:00,17,10,4,15,14,870,85,"56, GAMBETTA (BOULEVARD)",45.8286,1.25612,Plein jour,En agglomération,Intersection en X,Normale,Autre collision,,,,,,,,,,,1,2,2,1.0,6.0
201700038226,0017-10-08 13:19:00,17,10,8,13,19,870,65,PLAISANCE (RUE DE),45.7945,1.29523,Plein jour,Hors agglomération,Hors intersection,Pluie légère,Autre collision,,,,,,,,,,,1,1,1,2.0,6.0
201700038227,0017-10-08 20:28:00,17,10,8,20,28,870,85,"0, MONNET (RUE JEAN)",45.8603,1.28633,Nuit avec éclairage allumé,En agglomération,Hors intersection,Pluie légère,Deux véhicules - côté,,,,,,,,,,,5,2,1,2.0,3.0
201700038228,0017-10-06 06:26:00,17,10,6,6,26,870,75,"1, PAQUERETTES (AVENUE D",45.8021,1.23182,Nuit avec éclairage allumé,En agglomération,Intersection en T,Normale,Autre collision,,,,,,,,,,,5,2,3,1.0,6.0
201700038229,0017-10-03 08:18:00,17,10,3,8,18,870,85,"103, FEYTIAT (RUE DE)",45.8198,1.28547,Crépuscule ou aube,En agglomération,Hors intersection,Pluie légère,Deux véhicules - côté,,,,,,,,,,,2,2,1,2.0,3.0
201700038230,0017-10-04 06:30:00,17,10,4,6,30,870,50,"0, VIGNES (RUE DES)",45.8774,1.2613,Nuit avec éclairage allumé,Hors agglomération,Hors intersection,Normale,Autre collision,,,,,,,,,,,5,1,1,1.0,6.0
201700038231,0017-10-04 17:35:00,17,10,4,17,35,870,85,PORT DU NAVEIX (RUE DU),45.8306,1.27155,Plein jour,En agglomération,Hors intersection,Normale,Trois véhicules et plus - en chaîne,,,,,,,,,,,1,2,1,1.0,4.0
201700038232,0017-10-02 14:42:00,17,10,2,14,42,870,65,AUTOROUTE A20,45.7863,1.30311,Plein jour,Hors agglomération,Hors intersection,Normale,Deux véhicules - côté,,,,,,,,,,,1,1,1,1.0,3.0
201700038233,0017-10-03 17:42:00,17,10,3,17,42,870,85,"120, SABLARD (AVENUE DE)",45.8292,1.27812,Plein jour,En agglomération,Intersection en T,Normale,Sans collision,,,,,,,,,,,1,2,3,1.0,7.0
201700038234,0017-10-16 08:16:00,17,10,16,8,16,870,85,"0, SAINTE CLAIRE (RUE)",45.8236,1.24053,Crépuscule ou aube,En agglomération,Intersection en T,Normale,Deux véhicules - côté,,,,,,,,,,,2,2,3,1.0,3.0
201700038235,0017-10-06 10:34:00,17,10,6,10,34,870,65,"0, LEGRAND (RUE FREDERIC",45.8116,1.32395,Plein jour,En agglomération,Hors intersection,Normale,Autre collision,,,,,,,,,,,1,2,1,1.0,6.0
201700038236,0017-10-06 17:30:00,17,10,6,17,30,870,85,"251, PERRIN (RUE FRANCOI",45.8249,1.22988,Plein jour,En agglomération,Hors intersection,Normale,Autre collision,,,,,,,,,,,1,2,1,1.0,6.0
201700038237,0017-10-06 17:38:00,17,10,6,17,38,870,85,"9, FOCH (RUE DU MARECHAL",45.8426,1.22825,Plein jour,En agglomération,Hors intersection,Normale,Deux véhicules - frontale,,,,,,,,,,,1,2,1,1.0,1.0
201700038238,0017-10-18 17:17:00,17,10,18,17,17,870,85,"0, SCHUMAN (BOULEVARD RO",45.8576,1.27038,Plein jour,En agglomération,Hors intersection,Normale,Trois véhicules et plus - en chaîne,,,,,,,,,,,1,2,1,1.0,4.0
201700038239,0017-10-19 15:40:00,17,10,19,15,40,870,85,"50, ENCOMBE-VINEUSE (IMP",45.8397,1.25478,Plein jour,En agglomération,Hors intersection,Normale,Autre collision,,,,,,,,,,,1,2,1,1.0,6.0
201700038240,0017-10-09 11:50:00,17,10,9,11,50,870,85,"172, BRIAND (RUE ARISTID",45.8468,1.27947,Plein jour,En agglomération,Hors intersection,Normale,Autre collision,,,,,,,,,,,1,2,1,1.0,6.0
201700038241,0017-10-10 20:46:00,17,10,10,20,46,870,85,"180, BAUDIN ( AVENUE) (V",45.8188,1.25205,Nuit avec éclairage allumé,En agglomération,Intersection en X,Normale,Deux véhicules - côté,,,,,,,,,,,5,2,2,1.0,3.0
201700038242,0017-10-20 10:00:00,17,10,20,10,0,870,85,"76, SAINT MARTIAL (QUAI)",45.8219,1.26434,Plein jour,En agglomération,Intersection en T,Pluie légère,Deux véhicules - arrière,,,,,,,,,,,1,2,3,2.0,2.0
201700038243,0017-10-19 10:22:00,17,10,19,10,22,870,85,ORADOUR SUR GLANE (CARRE,45.8345,1.22644,Plein jour,En agglomération,Intersection en X,Pluie légère,Deux véhicules - côté,,,,,,,,,,,1,2,2,2.0,3.0
201700038244,0017-10-12 10:40:00,17,10,12,10,40,870,85,"11, CROIX BUCHILIEN (RUE",45.8339,1.24731,Plein jour,En agglomération,Intersection en X,Normale,Deux véhicules - côté,,,,,,,,,,,1,2,2,1.0,3.0
201700038245,0017-10-13 09:30:00,17,10,13,9,30,870,85,BORIE (BOULEVARD DE LA),45.8397,1.23447,Plein jour,En agglomération,Intersection en X,Normale,Autre collision,,,,,,,,,,,1,2,2,1.0,6.0
201700038246,0017-10-16 20:46:00,17,10,16,20,46,870,85,"8, DUSSOUBS (PLACE DENIS",45.833,1.25556,Nuit avec éclairage allumé,En agglomération,Place,Normale,Deux véhicules - côté,,,,,,,,,,,5,2,7,1.0,3.0
201700038247,0017-10-21 12:24:00,17,10,21,12,24,870,85,"136, LECLERC (AVENUE DU",45.8501,1.26334,Plein jour,En agglomération,Hors intersection,Pluie légère,Autre collision,,,,,,,,,,,1,2,1,2.0,6.0
201700038248,0017-10-25 08:02:00,17,10,25,8,2,870,85,"109, RUCHOUX (AVENUE DES",45.8397,1.24469,Crépuscule ou aube,En agglomération,Intersection en T,Normale,Deux véhicules - côté,,,,,,,,,,,2,2,3,1.0,3.0
201700038249,0017-10-26 10:16:00,17,10,26,10,16,870,85,"51, BEL AIR (BOULEVARD D",45.82,1.24904,Plein jour,En agglomération,Hors intersection,Normale,Deux véhicules - arrière,,,,,,,,,,,1,2,1,1.0,2.0
201700038250,0017-10-20 09:10:00,17,10,20,9,10,870,85,"12, BLANC LOUIS (BOULEVA",45.8287,1.26187,Plein jour,En agglomération,Hors intersection,Pluie légère,Sans collision,,,,,,,,,,,1,2,1,2.0,7.0
201700038251,0017-10-27 10:32:00,17,10,27,10,32,870,85,"48, MAS-GIGOU (RUE DU)",45.8626,1.25885,Plein jour,En agglomération,Hors intersection,Pluie légère,Deux véhicules - arrière,,,,,,,,,,,1,2,1,2.0,2.0
201700038252,0017-10-13 07:11:00,17,10,13,7,11,870,85,"0, LIAISON SUD ( VOIE DE",45.8173,1.25279,Nuit avec éclairage allumé,En agglomération,Hors intersection,Normale,Trois véhicules et plus - en chaîne,,,,,,,,,,,5,2,1,1.0,4.0
201700038253,0017-10-27 15:10:00,17,10,27,15,10,870,50,"01, BUXEROLLES (ROUTE DE",45.8768,1.2438,Plein jour,En agglomération,Intersection en T,Normale,Deux véhicules - côté,,,,,,,,,,,1,2,3,1.0,3.0
201700038254,0017-10-29 17:32:00,17,10,29,17,32,870,85,"0, ISLE (RUE D')",45.8247,1.23459,Plein jour,En agglomération,Intersection en T,Pluie légère,Deux véhicules - côté,,,,,,,,,,,1,2,3,2.0,3.0
201700038255,0017-10-30 14:46:00,17,10,30,14,46,870,85,BAUDIN (AVENUE) ( RN21),45.8126,1.24416,Plein jour,En agglomération,Intersection en T,Normale,Deux véhicules - côté,,,,,,,,,,,1,2,3,1.0,3.0
201700038256,0017-10-28 11:25:00,17,10,28,11,25,870,85,BORIE (BOULEVARD DE LA),45.835,1.22684,Plein jour,En agglomération,Giratoire,Normale,Deux véhicules - côté,,,,,,,,,,,1,2,6,1.0,3.0
201700038257,0017-10-31 10:21:00,17,10,31,10,21,870,85,"08, VARDELLE (RUE MARCEL",45.8415,1.23297,Plein jour,Hors agglomération,Hors intersection,Pluie légère,Autre collision,,,,,,,,,,,1,1,1,2.0,6.0
201700038258,0017-10-30 15:00:00,17,10,30,15,0,870,85,FEYTIAT (RUE DE),45.8182,1.2909,Plein jour,En agglomération,Intersection en T,Normale,Deux véhicules - côté,,,,,,,,,,,1,2,3,1.0,3.0
201700038259,0017-10-21 11:38:00,17,10,21,11,38,870,75,"1, CLUZEAU (RUE DU)",45.8063,1.22965,Plein jour,En agglomération,Hors intersection,Pluie légère,Deux véhicules - frontale,,,,,,,,,,,1,2,1,2.0,1.0
201700038260,0017-10-22 13:20:00,17,10,22,13,20,870,85,RN520,45.869,1.16529,Plein jour,Hors agglomération,Hors intersection,Normale,Deux véhicules - frontale,,,,,,,,,,,1,1,1,1.0,1.0
201700038261,0017-11-03 21:07:00,17,11,3,21,7,870,50,RN 147,45.9057,1.22271,Nuit avec éclairage allumé,Hors agglomération,Intersection en X,Normale,Deux véhicules - côté,,,,,,,,,,,5,1,2,1.0,3.0
201700038262,0017-11-06 16:30:00,17,11,6,16,30,870,85,AUTOROUTE A20,45.8761,1.28776,Plein jour,Hors agglomération,Hors intersection,Normale,Trois véhicules et plus - en chaîne,,,,,,,,,,,1,1,1,1.0,4.0
201700038263,0017-11-07 13:59:00,17,11,7,13,59,870,85,"34, NAUGEAT (AVENUE DE",45.8223,1.2398,Plein jour,En agglomération,Intersection en T,Normale,Trois véhicules et plus - en chaîne,,,,,,,,,,,1,2,3,1.0,4.0
201700038264,0017-11-08 21:21:00,17,11,8,21,21,870,85,"21, BELLAC (RUE DE)",45.846,1.2456,Nuit avec éclairage allumé,En agglomération,Intersection en T,Pluie légère,Autre collision,,,,,,,,,,,5,2,3,2.0,6.0
201700038265,0017-11-11 19:36:00,17,11,11,19,36,870,85,"116, SABLARD (AVENUE DE)",45.8292,1.27812,Crépuscule ou aube,En agglomération,Giratoire,Pluie légère,Deux véhicules - côté,,,,,,,,,,,2,2,6,2.0,3.0
201700038266,0017-11-14 08:57:00,17,11,14,8,57,870,85,"09, PETINIAUD BEAUPEYRAT",45.8281,1.25513,Nuit avec éclairage allumé,En agglomération,Hors intersection,Normale,Autre collision,,,,,,,,,,,5,2,1,1.0,6.0
201700038267,0017-11-19 19:41:00,17,11,19,19,41,870,75,"27, GAULLE (RUE DU GENER",45.8043,1.22372,Crépuscule ou aube,En agglomération,Hors intersection,Pluie légère,Autre collision,,,,,,,,,,,2,2,1,2.0,6.0
201700038268,0017-11-08 10:04:00,17,11,8,10,4,870,85,BAUDIN (AVENUE) ( RN21),45.804,1.23317,Plein jour,Hors agglomération,Hors intersection,Pluie légère,Deux véhicules - frontale,,,,,,,,,,,1,1,1,2.0,1.0
201700038269,0017-11-09 08:49:00,17,11,9,8,49,870,85,"224, BELLAC (RUE DE)",45.8561,1.24769,Plein jour,En agglomération,Hors intersection,Normale,Autre collision,,,,,,,,,,,1,2,1,1.0,6.0
201700038270,0017-11-21 11:13:00,17,11,21,11,13,870,85,"17, GORDINI ( RUE AMEDEE",45.8943,1.28085,Plein jour,En agglomération,Hors intersection,Normale,Autre collision,,,,,,,,,,,1,2,1,1.0,6.0
201700038271,0017-11-23 18:01:00,17,11,23,18,1,870,85,"01, BEAUBLANC (BOULEVARD",45.8449,1.24127,Crépuscule ou aube,En agglomération,Hors intersection,Normale,Trois véhicules et plus - en chaîne,,,,,,,,,,,2,2,1,1.0,4.0
201700038272,0017-11-24 15:58:00,17,11,24,15,58,870,85,ALLENDE (QUAI SALVADOR),45.8171,1.25242,Plein jour,En agglomération,Hors intersection,Pluie légère,Autre collision,,,,,,,,,,,1,2,1,2.0,6.0
201700038273,0017-11-26 17:09:00,17,11,26,17,9,870,85,GOUJAUD (QUAI LOUIS),45.8263,1.2681,Plein jour,En agglomération,Hors intersection,Normale,Autre collision,,,,,,,,,,,1,2,1,1.0,6.0
201700038274,0017-11-13 17:01:00,17,11,13,17,1,870,85,"10, LILAS (BOULEVARD DES",45.8525,1.24958,Plein jour,En agglomération,Hors intersection,Normale,Autre collision,,,,,,,,,,,1,2,1,1.0,6.0
201700038275,0017-11-18 07:15:00,17,11,18,7,15,870,85,AUTOROUTE A20,45.9161,1.29514,Nuit sans éclairage public,Hors agglomération,Hors intersection,Normale,Autre collision,,,,,,,,,,,3,1,1,1.0,6.0
201700038276,0017-11-25 00:17:00,17,11,25,0,17,870,85,"132, NEXON (RUE DE)",45.8137,1.25859,Nuit avec éclairage allumé,En agglomération,Hors intersection,Normale,Autre collision,,,,,,,,,,,5,2,1,1.0,6.0
201700038277,0017-11-20 18:42:00,17,11,20,18,42,870,85,LIAISON SUD ( VOIE DE),45.8088,1.25971,Nuit avec éclairage allumé,En agglomération,Hors intersection,Normale,Autre collision,,,,,,,,,,,5,2,1,1.0,6.0
201700038278,0017-11-23 11:30:00,17,11,23,11,30,870,85,"138, BASTIAT (RUE FREDER",45.8828,1.2878,Plein jour,En agglomération,Hors intersection,Normale,Autre collision,,,,,,,,,,,1,2,1,1.0,6.0
201700038279,0017-11-28 14:00:00,17,11,28,14,0,870,85,"137, BAUDIN ( AVENUE) (V",45.8205,1.25563,Plein jour,En agglomération,Hors intersection,Pluie forte,Deux véhicules - côté,,,,,,,,,,,1,2,1,3.0,3.0
201700038280,0017-11-24 17:36:00,17,11,24,17,36,870,85,AUTOROUTE A20,45.8362,1.28386,Nuit avec éclairage allumé,Hors agglomération,Hors intersection,Pluie forte,Deux véhicules - arrière,,,,,,,,,,,5,1,1,3.0,2.0
201700038281,0017-11-24 19:31:00,17,11,24,19,31,870,85,"27, BLANC LOUIS (BOULEVA",45.828,1.26125,Nuit avec éclairage allumé,En agglomération,Hors intersection,Pluie forte,Autre collision,,,,,,,,,,,5,2,1,3.0,6.0
201700038282,0017-11-27 07:16:00,17,11,27,7,16,870,85,"271, DUTREIX (RUE ARMAND",45.8342,1.22788,Nuit avec éclairage allumé,En agglomération,Hors intersection,Normale,Autre collision,,,,,,,,,,,5,2,1,1.0,6.0
201700038283,0017-11-24 17:59:00,17,11,24,17,59,870,85,"304, BRIAND (RUE ARISTID",45.8576,1.28544,Crépuscule ou aube,En agglomération,Hors intersection,Pluie forte,Autre collision,,,,,,,,,,,2,2,1,3.0,6.0
201700038284,0017-11-30 19:53:00,17,11,30,19,53,870,85,"49, GARIBALDI (AVENUE)",45.8378,1.25898,Crépuscule ou aube,En agglomération,Hors intersection,Pluie légère,Autre collision,,,,,,,,,,,2,2,1,2.0,6.0
201700038285,0017-12-02 18:25:00,17,12,2,18,25,870,85,"0, MONTEVERT (ALLE DE)",45.8432,1.18608,Plein jour,Hors agglomération,Hors intersection,Pluie légère,Autre collision,,,,,,,,,,,1,1,1,2.0,6.0