accident_id,datetime,annee,mois,jour,heure,minute,departement,commune_insee,adresse,latitude,longitude,luminosite,agglomeration,intersection,meteo,collision,nb_vehicules,nb_usagers,nb_indemnes,nb_tues,nb_blesses_hosp,nb_blesses_legers,age_cond_1,age_cond_2,veh_type_cond_1,veh_type_cond_2,lum_code,agg_code,int_code,atm_code,col_code
201700038404,0017-01-16 18:14:00,17,1,16,18,14,900,99,"1B, RUE DE GAULLE",,,Nuit avec éclairage allumé,En agglomération,Hors intersection,Normale,Autre collision,,,,,,,,,,,5,2,1,1.0,6.0
201700038405,0017-01-26 08:00:00,17,1,26,8,0,900,10,"11, VESOUL (RUE DE)",,,Plein jour,En agglomération,Hors intersection,Normale,Deux véhicules - frontale,,,,,,,,,,,1,2,1,1.0,1.0
201700038406,0017-02-09 18:41:00,17,2,9,18,41,900,10,"1, CLEMENCEAU (BOULEVARD",,,Nuit avec éclairage non allumé,En agglomération,Hors intersection,Normale,Deux véhicules - frontale,,,,,,,,,,,4,2,1,1.0,1.0
201700038407,0017-02-17 06:05:00,17,2,17,6,5,900,10,"22, SCHEURER KESTNER (RU",,,Nuit avec éclairage allumé,En agglomération,Hors intersection,Pluie légère,Autre collision,,,,,,,,,,,5,2,1,2.0,6.0
201700038408,0017-03-12 02:14:00,17,3,12,2,14,900,10,"4, MICHELET (RUE)",,,Nuit avec éclairage allumé,En agglomération,Hors intersection,Normale,Autre collision,,,,,,,,,,,5,2,1,1.0,6.0
201700038409,0017-03-26 06:30:00,17,3,26,6,30,900,10,"9, MICHELET (RUE)",,,Nuit avec éclairage allumé,En agglomération,Intersection en X,Normale,Autre collision,,,,,,,,,,,5,2,2,1.0,6.0
201700038410,0017-03-27 17:37:00,17,3,27,17,37,900,10,MARCHAL (RUE),47.63979,6.84627,Plein jour,En agglomération,Hors intersection,Normale,Autre collision,,,,,,,,,,,1,2,1,1.0,6.0
201700038411,0017-04-17 21:07:00,17,4,17,21,7,900,10,"111, JAURES (AVENUE JEAN",,,Nuit avec éclairage allumé,En agglomération,Intersection en T,Pluie légère,Deux véhicules - côté,,,,,,,,,,,5,2,3,2.0,3.0
201700038412,0017-05-18 13:25:00,17,5,18,13,25,900,10,ALTKIRCH (AVENUE),47.0,6.0,Plein jour,En agglomération,Hors intersection,Normale,Autre collision,,,,,,,,,,,1,2,1,1.0,6.0
201700038413,0017-05-24 14:17:00,17,5,24,14,17,900,10,POINCARE (RUE),47.0,6.0,Plein jour,En agglomération,Intersection en X,Normale,Deux véhicules - côté,,,,,,,,,,,1,2,2,1.0,3.0
201700038414,0017-06-11 18:31:00,17,6,11,18,31,900,10,"1, LECLERC (AVENUE)",47.0,6.0,Plein jour,En agglomération,Hors intersection,Normale,Deux véhicules - côté,,,,,,,,,,,1,2,1,1.0,3.0
201700038415,0017-06-16 12:23:00,17,6,16,12,23,900,10,PREMIERE ARMEE FRANCAISE,47.0,6.0,Plein jour,En agglomération,Hors intersection,Normale,Deux véhicules - côté,,,,,,,,,,,1,2,1,1.0,3.0
201700038416,0017-06-22 04:10:00,17,6,22,4,10,900,10,"1, CHATEAU D'EAU (AVENUE",47.64326,6.84094,Nuit avec éclairage allumé,En agglomération,Hors intersection,Normale,Autre collision,,,,,,,,,,,5,2,1,1.0,6.0
201700038417,0017-06-24 16:39:00,17,6,24,16,39,900,99,"1, R.D.24",47.66974,6.83173,Plein jour,Hors agglomération,Hors intersection,Normale,Deux véhicules - frontale,,,,,,,,,,,1,1,1,1.0,1.0
201700038418,0017-07-13 12:55:00,17,7,13,12,55,900,32,"44, JACQUOT (RUE DU DOCT",47.61,6.86,Plein jour,En agglomération,Hors intersection,Normale,Deux véhicules - frontale,,,,,,,,,,,1,2,1,1.0,1.0
201700038419,0017-09-11 16:40:00,17,9,11,16,40,900,1,PRES (Z.A.C. DES),47.6,6.8645,Plein jour,Hors agglomération,Hors intersection,Normale,Autre collision,,,,,,,,,,,1,1,1,1.0,6.0
201700038420,0017-09-14 08:25:00,17,9,14,8,25,900,10,"159, JAURES (AVENUE JEAN",47.65,6.84,Plein jour,En agglomération,Hors intersection,Pluie forte,Trois véhicules et plus - en chaîne,,,,,,,,,,,1,2,1,3.0,4.0
201700038421,0017-09-25 07:06:00,17,9,25,7,6,900,10,"4, ALTKIRCH (AVENUE)",47.63027,6.8655,Nuit avec éclairage allumé,En agglomération,Intersection en T,Normale,Autre collision,,,,,,,,,,,5,2,3,1.0,6.0
201700038422,0017-10-09 10:50:00,17,10,9,10,50,900,10,LAURENCIE (AVENUE CAPITA,47.64179,6.86549,Plein jour,En agglomération,Hors intersection,Normale,Deux véhicules - côté,,,,,,,,,,,1,2,1,1.0,3.0
201700038423,0017-10-13 14:55:00,17,10,13,14,55,900,10,REPUBLIQUE (PLACE DE LA),47.63,6.86,Plein jour,En agglomération,Intersection en Y,Normale,Autre collision,,,,,,,,,,,1,2,4,1.0,6.0
201700038424,0017-10-15 07:41:00,17,10,15,7,41,900,76,MARONNIERS (RUE DES),47.63293,6.90221,Nuit sans éclairage public,Hors agglomération,Hors intersection,Brouillard / fumée,Sans collision,,,,,,,,,,,3,1,1,5.0,7.0
201700038425,0017-10-19 19:08:00,17,10,19,19,8,900,10,ALTKIRCH (AVENUE),47.63457,6.87169,Nuit avec éclairage allumé,En agglomération,Hors intersection,Normale,Autre collision,,,,,,,,,,,5,2,1,1.0,6.0
201700038426,0017-10-20 13:35:00,17,10,20,13,35,900,10,"12, KOECHLIN (RUE)",47.6337,6.86094,Plein jour,En agglomération,Autre intersection,Normale,Autre collision,,,,,,,,,,,1,2,9,1.0,6.0
201700038427,0017-10-21 11:40:00,17,10,21,11,40,900,10,"79, MOULIN (AVENUE JEAN)",47.65305,6.86248,Plein jour,En agglomération,Hors intersection,Normale,Trois véhicules et plus - collisions multiples,,,,,,,,,,,1,2,1,1.0,5.0
201700038428,0017-10-31 17:59:00,17,10,31,17,59,900,10,JOFFRE (BOULEVARD MARECH,47.64147,6.85587,Nuit avec éclairage allumé,En agglomération,Hors intersection,Normale,Autre collision,,,,,,,,,,,5,2,1,1.0,6.0
201700038429,0017-11-27 13:46:00,17,11,27,13,46,900,10,"42, LYON (FAUBOURG DE)",,,Plein jour,En agglomération,Hors intersection,Normale,Autre collision,,,,,,,,,,,1,2,1,1.0,6.0
201700038430,0017-12-01 01:10:00,17,12,1,1,10,900,10,FOCH (AVENUE),47.63705,6.85896,Nuit avec éclairage allumé,En agglomération,Hors intersection,Neige / grêle,Autre collision,,,,,,,,,,,5,2,1,4.0,6.0
201700038431,0017-12-09 01:40:00,17,12,9,1,40,900,10,"1, MILITAIRE (QUAI)",47.6384,6.85154,Nuit avec éclairage allumé,En agglomération,Intersection en Y,Neige / grêle,Autre collision,,,,,,,,,,,5,2,4,4.0,6.0
201700038432,0017-12-12 20:59:00,17,12,12,20,59,900,10,"38, THIERS (RUE)",47.63,6.85,Nuit avec éclairage allumé,En agglomération,Intersection en X,Normale,Autre collision,,,,,,,,,,,5,2,2,1.0,6.0
201700038433,0017-01-09 20:48:00,17,1,9,20,48,910,103,BASTIE MARYSE (AVENUE),48.60384,2.31133,Nuit avec éclairage allumé,En agglomération,Intersection en X,Pluie forte,Deux véhicules - arrière,,,,,,,,,,,5,2,2,3.0,2.0
201700038434,0017-12-30 15:55:00,17,12,30,15,55,910,103,RD 19,48.5875,2.30719,Plein jour,Hors agglomération,Giratoire,Pluie légère,Trois véhicules et plus - en chaîne,,,,,,,,,,,1,1,6,2.0,4.0
201700038435,0017-01-10 15:09:00,17,1,10,15,9,910,21,"2ter, EGLY (ROUTE D')",48.584,2.239,Plein jour,Hors agglomération,Hors intersection,Normale,Autre collision,,,,,,,,,,,1,1,1,1.0,6.0
201700038436,0017-01-26 12:15:00,17,1,26,12,15,910,103,"46, HALLIERS (RUE DES)",48.61194,2.30383,Plein jour,En agglomération,Hors intersection,Normale,Deux véhicules - arrière,,,,,,,,,,,1,2,1,1.0,2.0
201700038437,0017-01-30 08:40:00,17,1,30,8,40,910,425,TEMPLIERS (ROUTE DES),48.64808,2.27441,Crépuscule ou aube,En agglomération,Hors intersection,Pluie légère,Autre collision,,,,,,,,,,,2,2,1,2.0,6.0
201700038438,0017-01-31 19:05:00,17,1,31,19,5,910,457,RD19,48.57549,2.27392,Nuit sans éclairage public,Hors agglomération,Hors intersection,Normale,Trois véhicules et plus - en chaîne,,,,,,,,,,,3,1,1,1.0,4.0
201700038439,0017-02-08 03:00:00,17,2,8,3,0,910,103,RD19,48.59531,2.31181,Nuit sans éclairage public,Hors agglomération,Hors intersection,Normale,Autre collision,,,,,,,,,,,3,1,1,1.0,6.0
201700038440,0017-02-11 21:10:00,17,2,11,21,10,910,457,RD19,48.5759,2.27671,Nuit sans éclairage public,Hors agglomération,Hors intersection,Normale,Sans collision,,,,,,,,,,,3,1,1,1.0,7.0
201700038441,0017-03-02 10:15:00,17,3,2,10,15,910,552,CHANTELOUP (RUE DE),48.5967,2.25017,Plein jour,Hors agglomération,Hors intersection,Normale,Deux véhicules - côté,,,,,,,,,,,1,1,1,1.0,3.0
201700038442,0017-03-03 20:00:00,17,3,3,20,0,910,552,"111, RN 20",48.61147,2.25336,Nuit avec éclairage allumé,Hors agglomération,Hors intersection,Normale,Deux véhicules - arrière,,,,,,,,,,,5,1,1,1.0,2.0
201700038443,0017-03-08 07:30:00,17,3,8,7,30,910,347,RN 20,48.65318,2.27335,Plein jour,En agglomération,Hors intersection,Pluie légère,Deux véhicules - côté,,,,,,,,,,,1,2,1,2.0,3.0
201700038444,0017-03-08 11:04:00,17,3,8,11,4,910,425,"39, CORVEAUX (CHEMIN DES",48.64283,2.25907,Plein jour,Hors agglomération,Hors intersection,Normale,Autre collision,,,,,,,,,,,1,1,1,1.0,6.0
201700038445,0017-03-10 08:15:00,17,3,10,8,15,910,103,LEBLANC ALFRED (RUE),48.60161,2.30029,Plein jour,En agglomération,Intersection en T,Normale,Deux véhicules - arrière,,,,,,,,,,,1,2,3,1.0,2.0
201700038446,0017-03-10 18:50:00,17,3,10,18,50,910,339,RN 20,48.63146,2.26401,Plein jour,En agglomération,Hors intersection,Normale,Deux véhicules - arrière,,,,,,,,,,,1,2,1,1.0,2.0
201700038447,0017-03-11 01:10:00,17,3,11,1,10,910,552,RN 20,48.59669,2.24423,Nuit avec éclairage allumé,Hors agglomération,Hors intersection,Normale,Autre collision,,,,,,,,,,,5,1,1,1.0,6.0
201700038448,0017-03-11 14:20:00,17,3,11,14,20,910,103,MAISON NEUVE (AVENUE DE,48.58801,2.30338,Plein jour,En agglomération,Hors intersection,Normale,Autre collision,,,,,,,,,,,1,2,1,1.0,6.0
201700038449,0017-03-11 15:00:00,17,3,11,15,0,910,552,RN 20,48.59718,2.24453,Plein jour,Hors agglomération,Hors intersection,Normale,Trois véhicules et plus - en chaîne,,,,,,,,,,,1,1,1,1.0,4.0
201700038450,0017-03-16 15:25:00,17,3,16,15,25,910,21,CHEVREUSES (CHEMIN DES),48.59862,2.23795,Plein jour,Hors agglomération,Giratoire,Normale,Deux véhicules - côté,,,,,,,,,,,1,1,6,1.0,3.0
201700038451,0017-03-21 18:25:00,17,3,21,18,25,910,339,RN 20,48.62753,2.26239,Plein jour,Hors agglomération,Hors intersection,Normale,Trois véhicules et plus - en chaîne,,,,,,,,,,,1,1,1,1.0,4.0
201700038452,0017-03-27 11:40:00,17,3,27,11,40,910,103,RD19,48.59635,2.31261,Plein jour,Hors agglomération,Hors intersection,Normale,Autre collision,,,,,,,,,,,1,1,1,1.0,6.0
201700038453,0017-03-27 18:42:00,17,3,27,18,42,910,347,MONTLHERY (ROUTE DE),48.63507,2.28674,Plein jour,En agglomération,Hors intersection,Normale,Sans collision,,,,,,,,,,,1,2,1,1.0,7.0
201700038454,0017-03-21 12:00:00,17,3,21,12,0,910,425,PONT AUX PINS (RUE DU),48.64963,2.27589,Plein jour,En agglomération,Hors intersection,Normale,Deux véhicules - arrière,,,,,,,,,,,1,2,1,1.0,2.0
201700038455,0017-03-30 14:00:00,17,3,30,14,0,910,103,BREGUET LOUIS (RUE),48.60746,2.30946,Plein jour,En agglomération,Intersection en X,Normale,Autre collision,,,,,,,,,,,1,2,2,1.0,6.0
201700038456,0017-03-31 11:00:00,17,3,31,11,0,910,425,"34, ORLEANS (ROUTE D')",48.64053,2.26843,Plein jour,En agglomération,Hors intersection,Normale,Deux véhicules - arrière,,,,,,,,,,,1,2,1,1.0,2.0
201700038457,0017-04-05 13:55:00,17,4,5,13,55,910,425,TEMPLIERS (ROUTE DES),48.64731,2.26537,Plein jour,Hors agglomération,Hors intersection,Normale,Deux véhicules - côté,,,,,,,,,,,1,1,1,1.0,3.0
201700038458,0017-04-07 17:10:00,17,4,7,17,10,910,339,VIEUX PAVE DE BRUYERES (,48.61671,2.25661,Plein jour,Hors agglomération,Intersection en Y,Normale,Autre collision,,,,,,,,,,,1,1,4,1.0,6.0
201700038459,0017-04-07 22:50:00,17,4,7,22,50,910,457,FERTE ALAIS (ROUTE DE LA,48.57947,2.25721,Nuit avec éclairage allumé,En agglomération,Hors intersection,Normale,Deux véhicules - arrière,,,,,,,,,,,5,2,1,1.0,2.0
201700038460,0017-04-11 17:00:00,17,4,11,17,0,910,425,RN 20,48.63895,2.26783,Plein jour,Hors agglomération,Hors intersection,Normale,Sans collision,,,,,,,,,,,1,1,1,1.0,7.0
201700038461,0017-04-14 16:30:00,17,4,14,16,30,910,552,RN20,48.60291,2.24804,Plein jour,Hors agglomération,Hors intersection,Normale,Deux véhicules - arrière,,,,,,,,,,,1,1,1,1.0,2.0
201700038462,0017-04-17 16:00:00,17,4,17,16,0,910,339,RN 20,48.63236,2.26461,Plein jour,Hors agglomération,Hors intersection,Normale,Deux véhicules - arrière,,,,,,,,,,,1,1,1,1.0,2.0
201700038463,0017-04-21 08:24:00,17,4,21,8,24,910,347,RN 20,48.65431,2.27378,Plein jour,Hors agglomération,Hors intersection,Normale,Trois véhicules et plus - collisions multiples,,,,,,,,,,,1,1,1,1.0,5.0
201700038464,0017-04-28 08:28:00,17,4,28,8,28,910,21,MOULIN JEAN (RUE),48.58019,2.24532,Plein jour,En agglomération,Hors intersection,Normale,Autre collision,,,,,,,,,,,1,2,1,1.0,6.0
201700038465,0017-04-28 16:45:00,17,4,28,16,45,910,552,"103, VIEUX PAVE DE BRUYE",48.61478,2.24779,Plein jour,En agglomération,Hors intersection,Normale,Autre collision,,,,,,,,,,,1,2,1,1.0,6.0
201700038466,0017-05-01 15:05:00,17,5,1,15,5,910,665,VILLE DU BOIS (CHEMIN DE,48.64699,2.27052,Plein jour,Hors agglomération,Hors intersection,Normale,Deux véhicules - frontale,,,,,,,,,,,1,1,1,1.0,1.0
201700038467,0017-05-05 14:20:00,17,5,5,14,20,910,339,RN 20,48.63236,2.26461,Plein jour,En agglomération,Hors intersection,Normale,Deux véhicules - arrière,,,,,,,,,,,1,2,1,1.0,2.0
201700038468,0017-05-05 23:10:00,17,5,5,23,10,910,347,HEBERT JULIEN (RUE),48.62979,2.28959,Nuit avec éclairage allumé,En agglomération,Intersection en T,Normale,Deux véhicules - côté,,,,,,,,,,,5,2,3,1.0,3.0
201700038469,0017-05-06 15:10:00,17,5,6,15,10,910,339,RN 20,48.63236,2.26461,Plein jour,En agglomération,Hors intersection,Pluie légère,Deux véhicules - arrière,,,,,,,,,,,1,2,1,2.0,2.0
201700038470,0017-05-07 22:19:00,17,5,7,22,19,910,552,LEUVILLE (ROUTE DE),48.60405,2.25676,Nuit avec éclairage allumé,En agglomération,Hors intersection,Normale,Autre collision,,,,,,,,,,,5,2,1,1.0,6.0
201700038471,0017-05-11 11:30:00,17,5,11,11,30,910,21,JEU DE BOULES (Imp DU),48.58644,2.23955,Plein jour,En agglomération,Place,Normale,Autre collision,,,,,,,,,,,1,2,7,1.0,6.0
201700038472,0017-05-11 19:00:00,17,5,11,19,0,910,103,RD19,48.60341,2.31947,Plein jour,Hors agglomération,Hors intersection,Pluie légère,Sans collision,,,,,,,,,,,1,1,1,2.0,7.0
201700038473,0017-05-12 08:55:00,17,5,12,8,55,910,570,"11, CHAMPCUEILS (CHEMIN",48.62586,2.30106,Plein jour,Hors agglomération,Hors intersection,Normale,Deux véhicules - arrière,,,,,,,,,,,1,1,1,1.0,2.0
201700038474,0017-05-13 20:50:00,17,5,13,20,50,910,103,RD 19,48.58568,2.30606,Plein jour,Hors agglomération,Hors intersection,Normale,Sans collision,,,,,,,,,,,1,1,1,1.0,7.0
201700038475,0017-05-16 13:10:00,17,5,16,13,10,910,552,"29, ROGER LOUISE (RUE)",48.59283,2.25258,Plein jour,En agglomération,Hors intersection,Normale,Deux véhicules - frontale,,,,,,,,,,,1,2,1,1.0,1.0
201700038476,0017-05-16 16:50:00,17,5,16,16,50,910,425,ORLEANS (ROUTE D'),48.64452,2.26986,Plein jour,En agglomération,Hors intersection,Normale,Trois véhicules et plus - collisions multiples,,,,,,,,,,,1,2,1,1.0,5.0
201700038477,0017-05-17 19:00:00,17,5,17,19,0,910,339,"12, DIVISION LECLERC (RU",48.63418,2.26692,Plein jour,En agglomération,Hors intersection,Normale,Sans collision,,,,,,,,,,,1,2,1,1.0,7.0
201700038478,0017-05-18 09:02:00,17,5,18,9,2,910,425,"7, NATIONALE 20 (ROUTE)",48.639,2.26789,Plein jour,En agglomération,Hors intersection,Normale,Trois véhicules et plus - collisions multiples,,,,,,,,,,,1,2,1,1.0,5.0
201700038479,0017-05-18 18:00:00,17,5,18,18,0,910,21,JEU DE BOULES (PLACE DU),48.58634,2.23989,Plein jour,En agglomération,Autre intersection,Pluie forte,Deux véhicules - côté,,,,,,,,,,,1,2,9,3.0,3.0
201700038480,0017-05-24 15:25:00,17,5,24,15,25,910,347,TEMPLIERS (ROUTE DES),48.63532,2.28563,Plein jour,En agglomération,Intersection en X,Normale,Deux véhicules - côté,,,,,,,,,,,1,2,2,1.0,3.0
201700038481,0017-05-28 08:55:00,17,5,28,8,55,910,103,RD19,48.59545,2.31209,Plein jour,En agglomération,Hors intersection,Normale,Sans collision,,,,,,,,,,,1,2,1,1.0,7.0
201700038482,0017-06-04 15:00:00,17,6,4,15,0,910,552,DECLE RENE (RUE),48.59503,2.25888,Plein jour,Hors agglomération,Hors intersection,Normale,Autre collision,,,,,,,,,,,1,1,1,1.0,6.0
201700038483,0017-06-05 16:30:00,17,6,5,16,30,910,339,RN 20,48.63217,2.26448,Plein jour,En agglomération,Hors intersection,Normale,Sans collision,,,,,,,,,,,1,2,1,1.0,7.0
201700038484,0017-06-06 15:30:00,17,6,6,15,30,910,103,"4/2, DELESTRAINT (RUE DU",48.59566,2.29267,Plein jour,En agglomération,Hors intersection,Normale,Autre collision,,,,,,,,,,,1,2,1,1.0,6.0
201700038485,0017-06-07 19:30:00,17,6,7,19,30,910,494,RD 19,48.61423,2.35038,Plein jour,Hors agglomération,Hors intersection,Normale,Sans collision,,,,,,,,,,,1,1,1,1.0,7.0
201700038486,0017-06-08 07:30:00,17,6,8,7,30,910,347,RN 20,48.6504,2.27226,Plein jour,En agglomération,Hors intersection,Normale,Trois véhicules et plus - en chaîne,,,,,,,,,,,1,2,1,1.0,4.0
201700038487,0017-06-08 07:55:00,17,6,8,7,55,910,425,RN 20,48.63895,2.26783,Plein jour,En agglomération,Hors intersection,Normale,Sans collision,,,,,,,,,,,1,2,1,1.0,7.0
201700038488,0017-06-08 08:00:00,17,6,8,8,0,910,347,RN 20,48.6605,2.276,Plein jour,En agglomération,Hors intersection,Normale,Deux véhicules - côté,,,,,,,,,,,1,2,1,1.0,3.0
201700038489,0017-06-08 14:05:00,17,6,8,14,5,910,103,LEBLANC ALFRED (RUE),48.60335,2.30085,Plein jour,En agglomération,Hors intersection,Normale,Autre collision,,,,,,,,,,,1,2,1,1.0,6.0
201700038490,0017-06-09 12:30:00,17,6,9,12,30,910,339,RN 20,48.63471,2.26711,Plein jour,En agglomération,Hors intersection,Normale,Deux véhicules - arrière,,,,,,,,,,,1,2,1,1.0,2.0
201700038491,0017-06-10 12:50:00,17,6,10,12,50,910,339,RN 20,48.63236,2.26461,Plein jour,Hors agglomération,Hors intersection,Normale,Trois véhicules et plus - en chaîne,,,,,,,,,,,1,1,1,1.0,4.0
201700038492,0017-06-10 16:00:00,17,6,10,16,0,910,339,"2, BUGATTI ETTORE (AVENU",48.62822,2.26052,Plein jour,En agglomération,Hors intersection,Normale,Sans collision,,,,,,,,,,,1,2,1,1.0,7.0
201700038493,0017-06-14 23:30:00,17,6,14,23,30,910,103,RD 19,48.57883,2.30059,Nuit sans éclairage public,Hors agglomération,Hors intersection,Normale,Sans collision,,,,,,,,,,,3,1,1,1.0,7.0
201700038494,0017-06-15 14:30:00,17,6,15,14,30,910,103,GARENNE (CHEMIN DE LA),48.60743,2.27595,Plein jour,Hors agglomération,Hors intersection,Normale,Sans collision,,,,,,,,,,,1,1,1,1.0,7.0
201700038495,0017-06-23 15:15:00,17,6,23,15,15,910,21,"9, DIVISION LECLERC (AVE",48.59474,2.2464,Plein jour,En agglomération,Hors intersection,Normale,Autre collision,,,,,,,,,,,1,2,1,1.0,6.0
201700038496,0017-06-23 20:35:00,17,6,23,20,35,910,457,FERTE ALAIS (ROUTE DE LA,48.58076,2.25674,Plein jour,En agglomération,Hors intersection,Normale,Deux véhicules - arrière,,,,,,,,,,,1,2,1,1.0,2.0
201700038497,0017-06-24 21:15:00,17,6,24,21,15,910,339,BOILOT GEORGES (AVENUE),48.62425,2.25417,Crépuscule ou aube,En agglomération,Hors intersection,Normale,Sans collision,,,,,,,,,,,2,2,1,1.0,7.0
201700038498,0017-06-26 12:26:00,17,6,26,12,26,910,21,"81, VERDUN (AVENUE DE)",48.58074,2.24164,Plein jour,En agglomération,Hors intersection,Normale,Autre collision,,,,,,,,,,,1,2,1,1.0,6.0
201700038499,0017-07-03 16:36:00,17,7,3,16,36,910,552,CHANTELOUP (RUE DE),48.59668,2.25015,Plein jour,En agglomération,Hors intersection,Normale,Sans collision,,,,,,,,,,,1,2,1,1.0,7.0
201700038500,0017-07-07 17:45:00,17,7,7,17,45,910,339,RN 20,48.63224,2.26452,Plein jour,En agglomération,Hors intersection,Normale,Deux véhicules - arrière,,,,,,,,,,,1,2,1,1.0,2.0
201700038501,0017-07-13 15:04:00,17,7,13,15,4,910,21,"10, VOLTAIRE (BOULEVARD)",45.58916,2.2524,Plein jour,En agglomération,Hors intersection,Normale,Deux véhicules - côté,,,,,,,,,,,1,2,1,1.0,3.0
201700038502,0017-07-15 05:35:00,17,7,15,5,35,910,103,DIX NEUF MARS 1962 (AVEN,48.61514,2.3067,Crépuscule ou aube,En agglomération,Hors intersection,Normale,Autre collision,,,,,,,,,,,2,2,1,1.0,6.0
201700038503,0017-07-17 07:30:00,17,7,17,7,30,910,347,RN 20,48.65832,2.2755,Plein jour,Hors agglomération,Hors intersection,Normale,Trois véhicules et plus - en chaîne,,,,,,,,,,,1,1,1,1.0,4.0
201700038504,0017-07-21 18:00:00,17,7,21,18,0,910,457,MAROLLES (ROUTE DE),48.57796,2.2585,Plein jour,En agglomération,Hors intersection,Normale,Deux véhicules - côté,,,,,,,,,,,1,2,1,1.0,3.0
201700038505,0017-07-22 14:55:00,17,7,22,14,55,910,21,VERDUN (AVENUE DE),48.58159,2.24218,Plein jour,En agglomération,Hors intersection,Normale,Trois véhicules et plus - en chaîne,,,,,,,,,,,1,2,1,1.0,4.0
201700038506,0017-07-26 14:33:00,17,7,26,14,33,910,333,RN 20,48.60727,2.25083,Plein jour,Hors agglomération,Hors intersection,Normale,Deux véhicules - arrière,,,,,,,,,,,1,1,1,1.0,2.0
201700038507,0017-07-29 15:15:00,17,7,29,15,15,910,552,RN 20,48.5964,2.24404,Plein jour,Hors agglomération,Hors intersection,Normale,Sans collision,,,,,,,,,,,1,1,1,1.0,7.0
201700038508,0017-07-29 18:30:00,17,7,29,18,30,910,103,VERDUN (RUE DE),48.60715,2.30833,Plein jour,En agglomération,Hors intersection,Normale,Autre collision,,,,,,,,,,,1,2,1,1.0,6.0
201700038509,0017-08-02 01:50:00,17,8,2,1,50,910,103,COMMUNE DE PARIS (Av DE,48.594,2.303,Nuit avec éclairage allumé,En agglomération,Giratoire,Normale,Autre collision,,,,,,,,,,,5,2,6,1.0,6.0
201700038510,0017-08-05 19:30:00,17,8,5,19,30,910,21,"78, GRANDE (RUE)",48.58972,2.24861,Plein jour,En agglomération,Hors intersection,Normale,Deux véhicules - arrière,,,,,,,,,,,1,2,1,1.0,2.0
201700038511,0017-08-08 17:50:00,17,8,8,17,50,910,103,MAISON NEUVE (AVENUE DE,48.58561,2.3055,Plein jour,En agglomération,Autre intersection,Normale,Deux véhicules - côté,,,,,,,,,,,1,2,9,1.0,3.0
201700038512,0017-08-09 23:10:00,17,8,9,23,10,910,21,CROIX D'EGLY (RUE DE LA),48.58393,2.23761,Nuit avec éclairage allumé,En agglomération,Intersection en T,Pluie légère,Autre collision,,,,,,,,,,,5,2,3,2.0,6.0
201700038513,0017-08-11 23:14:00,17,8,11,23,14,910,103,DAUMONES (RUE DES),48.62439,2.29752,Nuit avec éclairage allumé,Hors agglomération,Hors intersection,Normale,Deux véhicules - côté,,,,,,,,,,,5,1,1,1.0,3.0
201700038514,0017-08-12 17:50:00,17,8,12,17,50,910,21,HOCHE (AVENUE),48.59036,2.25523,Plein jour,En agglomération,Intersection en T,Normale,Deux véhicules - côté,,,,,,,,,,,1,2,3,1.0,3.0
201700038515,0017-08-13 19:15:00,17,8,13,19,15,910,552,RN 20,48.60297,2.24825,Plein jour,Hors agglomération,Hors intersection,Normale,Autre collision,,,,,,,,,,,1,1,1,1.0,6.0
201700038516,0017-08-23 08:25:00,17,8,23,8,25,910,21,VERDUN (AVENUE DE),48.58451,2.24449,Plein jour,En agglomération,Intersection en T,Normale,Deux véhicules - côté,,,,,,,,,,,1,2,3,1.0,3.0
201700038517,0017-08-24 17:25:00,17,8,24,17,25,910,425,RN20,48.63895,2.26783,Plein jour,En agglomération,Hors intersection,Normale,Autre collision,,,,,,,,,,,1,2,1,1.0,6.0
201700038518,0017-08-25 17:20:00,17,8,25,17,20,910,339,DIVISION LECLERC (RUE DE,48.63078,2.26519,Plein jour,En agglomération,Hors intersection,Normale,Deux véhicules - arrière,,,,,,,,,,,1,2,1,1.0,2.0
201700038519,0017-08-26 02:15:00,17,8,26,2,15,910,425,NATIONALE 20 (ROUTE),48.64028,2.26831,Nuit avec éclairage allumé,Hors agglomération,Place,Normale,Deux véhicules - côté,,,,,,,,,,,5,1,7,1.0,3.0
201700038520,0017-09-04 16:53:00,17,9,4,16,53,910,21,MONDONVILLE (RUE DE),48.58969,2.25783,Plein jour,En agglomération,Hors intersection,Normale,Autre collision,,,,,,,,,,,1,2,1,1.0,6.0
201700038521,0017-09-05 16:50:00,17,9,5,16,50,910,103,GAY LUSSAC (RUE),48.60475,2.30577,Plein jour,En agglomération,Hors intersection,Normale,Trois véhicules et plus - en chaîne,,,,,,,,,,,1,2,1,1.0,4.0
201700038522,0017-09-06 07:15:00,17,9,6,7,15,910,103,COMMUNE DE PARIS (Av DE,48.59584,2.30375,Crépuscule ou aube,En agglomération,Intersection en X,Normale,Deux véhicules - côté,,,,,,,,,,,2,2,2,1.0,3.0
201700038523,0017-09-08 17:00:00,17,9,8,17,0,910,333,"7, DE GAULLE (RUE DU GEN",48.61564,2.26828,Plein jour,En agglomération,Hors intersection,Pluie légère,Deux véhicules - frontale,,,,,,,,,,,1,2,1,2.0,1.0
201700038524,0017-09-12 07:50:00,17,9,12,7,50,910,339,"136, DIVISION LECLERC (R",48.62625,2.26262,Plein jour,En agglomération,Hors intersection,Normale,Deux véhicules - côté,,,,,,,,,,,1,2,1,1.0,3.0
201700038525,0017-09-12 10:35:00,17,9,12,10,35,910,21,"70, GRANDE (RUE)",48.59022,2.24838,Plein jour,En agglomération,Hors intersection,Normale,Deux véhicules - côté,,,,,,,,,,,1,2,1,1.0,3.0