accident_id,datetime,annee,mois,jour,heure,minute,departement,commune_insee,adresse,latitude,longitude,luminosite,agglomeration,intersection,meteo,collision,nb_vehicules,nb_usagers,nb_indemnes,nb_tues,nb_blesses_hosp,nb_blesses_legers,age_cond_1,age_cond_2,veh_type_cond_1,veh_type_cond_2,lum_code,agg_code,int_code,atm_code,col_code
201700038526,0017-09-18 16:15:00,17,9,18,16,15,910,347,"1, CENSIVE (RUE DE LA)",48.658,2.284,Plein jour,En agglomération,Hors intersection,Pluie légère,Autre collision,,,,,,,,,,,1,2,1,2.0,6.0
201700038527,0017-09-20 20:04:00,17,9,20,20,4,910,347,PONT AUX PINS (RUE DU),48.651,2.274,Crépuscule ou aube,En agglomération,Hors intersection,Normale,Deux véhicules - arrière,,,,,,,,,,,2,2,1,1.0,2.0
201700038528,0017-09-22 08:17:00,17,9,22,8,17,910,425,RN 20,48.64908,2.27175,Plein jour,En agglomération,Hors intersection,Normale,Deux véhicules - arrière,,,,,,,,,,,1,2,1,1.0,2.0
201700038529,0017-09-28 18:00:00,17,9,28,18,0,910,21,"15, VOLTAIRE (BOULEVARD)",48.58832,2.25191,Plein jour,En agglomération,Hors intersection,Normale,Autre collision,,,,,,,,,,,1,2,1,1.0,6.0
201700038530,0017-09-28 19:30:00,17,9,28,19,30,910,339,RN 20,48.6243,2.26133,Nuit sans éclairage public,Hors agglomération,Hors intersection,Normale,Deux véhicules - arrière,,,,,,,,,,,3,1,1,1.0,2.0
201700038531,0017-10-03 08:35:00,17,10,3,8,35,910,103,RD 19,48.583,2.305,Crépuscule ou aube,En agglomération,Hors intersection,Normale,Sans collision,,,,,,,,,,,2,2,1,1.0,7.0
201700038532,0017-10-03 20:00:00,17,10,3,20,0,910,457,RD 19,48.57454,2.261,Nuit sans éclairage public,Hors agglomération,Hors intersection,Normale,Sans collision,,,,,,,,,,,3,1,1,1.0,7.0
201700038533,0017-10-07 20:40:00,17,10,7,20,40,910,425,RN 20,48.64785,2.27118,Crépuscule ou aube,En agglomération,Hors intersection,Pluie légère,Trois véhicules et plus - collisions multiples,,,,,,,,,,,2,2,1,2.0,5.0
201700038534,0017-10-14 05:50:00,17,10,14,5,50,910,425,"70, MARCOUSSIS (ROUTE DE",48.639,2.25914,Nuit avec éclairage allumé,En agglomération,Hors intersection,Normale,Sans collision,,,,,,,,,,,5,2,1,1.0,7.0
201700038535,0017-10-17 19:49:00,17,10,17,19,49,910,103,REPUBLIQUE (BOULEVARD DE,48.60781,2.30614,Nuit avec éclairage allumé,En agglomération,Hors intersection,Normale,Autre collision,,,,,,,,,,,5,2,1,1.0,6.0
201700038536,0017-10-20 12:40:00,17,10,20,12,40,910,103,MAISON NEUVE (AVENUE DE,48.5879,2.30391,Plein jour,En agglomération,Autre intersection,Normale,Autre collision,,,,,,,,,,,1,2,9,1.0,6.0
201700038537,0017-10-21 16:10:00,17,10,21,16,10,910,103,BLUM LEON (RUE),48.61855,2.30114,Plein jour,En agglomération,Hors intersection,Normale,Autre collision,,,,,,,,,,,1,2,1,1.0,6.0
201700038538,0017-10-24 07:49:00,17,10,24,7,49,910,425,"27, ORLEANS (ROUTE D')",48.63977,2.26803,Plein jour,En agglomération,Hors intersection,Pluie légère,Deux véhicules - arrière,,,,,,,,,,,1,2,1,2.0,2.0
201700038539,0017-10-24 09:15:00,17,10,24,9,15,910,103,RD 19,48.60682,2.3272,Plein jour,En agglomération,Hors intersection,Pluie légère,Deux véhicules - arrière,,,,,,,,,,,1,2,1,2.0,2.0
201700038540,0017-10-25 16:10:00,17,10,25,16,10,910,103,RUE JEAN JAURES,48.60788,2.0309,Plein jour,En agglomération,Hors intersection,Normale,Deux véhicules - côté,,,,,,,,,,,1,2,1,1.0,3.0
201700038541,0017-10-31 12:05:00,17,10,31,12,5,910,103,"6, HALLIERS (RUE DES)",48.60963,2.30232,Plein jour,En agglomération,Hors intersection,Normale,Deux véhicules - côté,,,,,,,,,,,1,2,1,1.0,3.0
201700038542,0017-11-01 15:15:00,17,11,1,15,15,910,425,RN 20,48.64863,2.27452,Plein jour,En agglomération,Hors intersection,Normale,Deux véhicules - arrière,,,,,,,,,,,1,2,1,1.0,2.0
201700038543,0017-11-01 18:24:00,17,11,1,18,24,910,339,"5 ter, SAINT MERRY (RUE)",48.63308,2.26794,Nuit avec éclairage allumé,En agglomération,Hors intersection,Normale,Autre collision,,,,,,,,,,,5,2,1,1.0,6.0
201700038544,0017-11-04 17:15:00,17,11,4,17,15,910,425,"54, ORLEANS (ROUTE D')",48.64351,2.26957,Plein jour,En agglomération,Hors intersection,Normale,Deux véhicules - arrière,,,,,,,,,,,1,2,1,1.0,2.0
201700038545,0017-11-05 04:00:00,17,11,5,4,0,910,457,SAINT DENIS (RUE),48.58639,2.25539,Nuit avec éclairage allumé,En agglomération,Hors intersection,Normale,Autre collision,,,,,,,,,,,5,2,1,1.0,6.0
201700038546,0017-11-05 21:00:00,17,11,5,21,0,910,425,TEMPLIERS (ROUTE DES),48.64842,2.26775,Nuit avec éclairage allumé,Hors agglomération,Hors intersection,Pluie légère,Deux véhicules - côté,,,,,,,,,,,5,1,1,2.0,3.0
201700038547,0017-11-07 08:10:00,17,11,7,8,10,910,333,"21, HUIT MAI 1945 (RUE D",48.62161,2.26696,Plein jour,En agglomération,Hors intersection,Normale,Deux véhicules - frontale,,,,,,,,,,,1,2,1,1.0,1.0
201700038548,0017-10-08 07:45:00,17,10,8,7,45,910,21,RN 20,48.59834,2.24529,Crépuscule ou aube,Hors agglomération,Hors intersection,Normale,Deux véhicules - côté,,,,,,,,,,,2,1,1,1.0,3.0
201700038549,0017-11-08 07:45:00,17,11,8,7,45,910,21,RN 20,48.59834,2.24529,Crépuscule ou aube,Hors agglomération,Hors intersection,Normale,Deux véhicules - côté,,,,,,,,,,,2,1,1,1.0,3.0
201700038550,0017-11-15 15:10:00,17,11,15,15,10,910,21,RN 20,48.59516,2.24301,Plein jour,Hors agglomération,Hors intersection,Normale,Deux véhicules - côté,,,,,,,,,,,1,1,1,1.0,3.0
201700038551,0017-11-17 12:00:00,17,11,17,12,0,910,103,CAMUS ALBERT (RUE),48.60914,2.32009,Plein jour,En agglomération,Intersection en T,Normale,Deux véhicules - côté,,,,,,,,,,,1,2,3,1.0,3.0
201700038552,0017-11-24 17:25:00,17,11,24,17,25,910,21,EGLY (ROUTE D'),48.58553,2.24177,Nuit avec éclairage allumé,En agglomération,Hors intersection,Normale,Autre collision,,,,,,,,,,,5,2,1,1.0,6.0
201700038553,0017-11-25 11:20:00,17,11,25,11,20,910,21,MARCHE (PLACE DU),48.58829,2.25,Plein jour,En agglomération,Place,Normale,Autre collision,,,,,,,,,,,1,2,7,1.0,6.0
201700038554,0017-11-27 19:10:00,17,11,27,19,10,910,103,RD 19,48.60385,2.32039,Nuit avec éclairage allumé,Hors agglomération,Autre intersection,Pluie forte,Deux véhicules - arrière,,,,,,,,,,,5,1,9,3.0,2.0
201700038555,0017-11-28 19:40:00,17,11,28,19,40,910,21,JEAN JAURES (PASSAGE),48.58771,2.24594,Nuit avec éclairage allumé,En agglomération,Hors intersection,Pluie forte,Autre collision,,,,,,,,,,,5,2,1,3.0,6.0
201700038556,0017-12-02 05:50:00,17,12,2,5,50,910,552,RN 20,48.599,2.245,Nuit sans éclairage public,Hors agglomération,Hors intersection,Normale,Deux véhicules - côté,,,,,,,,,,,3,1,1,1.0,3.0
201700038557,0017-12-06 08:00:00,17,12,6,8,0,910,457,RD19,48.57778,2.78656,Nuit sans éclairage public,Hors agglomération,Hors intersection,Normale,Autre collision,,,,,,,,,,,3,1,1,1.0,6.0
201700038558,0017-12-08 11:40:00,17,12,8,11,40,910,21,SCHWEITZER (IMPASSE DU D,48.58468,2.24439,Plein jour,En agglomération,Hors intersection,Pluie légère,Deux véhicules - frontale,,,,,,,,,,,1,2,1,2.0,1.0
201700038559,0017-12-13 07:10:00,17,12,13,7,10,910,425,TEMPLIERS (ROUTE DES),48.64878,2.25457,Nuit avec éclairage allumé,Hors agglomération,Giratoire,Pluie légère,Deux véhicules - côté,,,,,,,,,,,5,1,6,2.0,3.0
201700038560,0017-12-17 19:20:00,17,12,17,19,20,910,552,ALLENDE SALVADOR (AVENUE,48.59356,2.26242,Nuit avec éclairage allumé,Hors agglomération,Hors intersection,Normale,Deux véhicules - côté,,,,,,,,,,,5,1,1,1.0,3.0
201700038561,0017-12-18 11:50:00,17,12,18,11,50,910,103,DESSERTE INDUSTRIELLE  (,48.59043,2.30154,Plein jour,En agglomération,Giratoire,Normale,Deux véhicules - côté,,,,,,,,,,,1,2,6,1.0,3.0
201700038562,0017-12-22 18:55:00,17,12,22,18,55,910,103,BRANLY EDOUARD (IMPASSE),48.60356,2.30644,Nuit sans éclairage public,En agglomération,Hors intersection,Pluie légère,Autre collision,,,,,,,,,,,3,2,1,2.0,6.0
201700038563,0017-12-24 18:00:00,17,12,24,18,0,910,457,FERTE ALAIS (ROUTE DE LA,48.575,2.258,Nuit avec éclairage allumé,En agglomération,Hors intersection,Pluie légère,Deux véhicules - frontale,,,,,,,,,,,5,2,1,2.0,1.0
201700038564,0017-03-25 16:25:00,17,3,25,16,25,910,27,"100, DUNANT (AVENUE HENR",48.71899,2.40095,Plein jour,En agglomération,Hors intersection,Normale,Deux véhicules - côté,,,,,,,,,,,1,2,1,1.0,3.0
201700038565,0017-03-29 02:25:00,17,3,29,2,25,910,27,MITTERAND (AVENUE FRANCO,48.70809,2.3715,Nuit avec éclairage allumé,En agglomération,Hors intersection,Normale,Deux véhicules - côté,,,,,,,,,,,5,2,1,1.0,3.0
201700038566,0017-04-03 09:05:00,17,4,3,9,5,910,479,FONTAINEBLEAU (BLVD DE),48.70987,2.37127,Plein jour,Hors agglomération,Autre intersection,Normale,Deux véhicules - côté,,,,,,,,,,,1,1,9,1.0,3.0
201700038567,0017-04-06 09:10:00,17,4,6,9,10,910,27,"1, GARROS (RUE ROLLAND)",48.7218,2.40471,Plein jour,En agglomération,Giratoire,Normale,Autre collision,,,,,,,,,,,1,2,6,1.0,6.0
201700038568,0017-05-06 09:57:00,17,5,6,9,57,910,479,"5, HENRI BARBUSSE (PLACE",48.71281,2.3625,Plein jour,En agglomération,Autre intersection,Pluie légère,Autre collision,,,,,,,,,,,1,2,9,2.0,6.0
201700038569,0017-07-08 09:38:00,17,7,8,9,38,910,479,ALSACE LORRAINE (AVENUE,48.71604,2.35925,Plein jour,En agglomération,Intersection à plus de 4 branches,Normale,Trois véhicules et plus - collisions multiples,,,,,,,,,,,1,2,5,1.0,5.0
201700038570,0017-06-14 20:55:00,17,6,14,20,55,910,27,"40, avenue F. MITTERRAND",48.70094,2.37188,Crépuscule ou aube,En agglomération,Hors intersection,Normale,Autre collision,,,,,,,,,,,2,2,1,1.0,6.0
201700038571,0017-10-21 23:20:00,17,10,21,23,20,910,27,"63, MARCEL SEMBAT (AVENU",48.70795,2.3794,Nuit avec éclairage allumé,En agglomération,Intersection en T,Normale,Deux véhicules - côté,,,,,,,,,,,5,2,3,1.0,3.0
201700038572,0017-01-04 17:25:00,17,1,4,17,25,910,114,SABLIERE (RUE DE LA),48.70694,2.51238,Crépuscule ou aube,En agglomération,Intersection en X,Pluie légère,Deux véhicules - côté,,,,,,,,,,,2,2,2,2.0,3.0
201700038573,0017-01-11 13:50:00,17,1,11,13,50,910,114,ROUTE NATIONALE 6,48.68644,2.48634,Plein jour,En agglomération,Hors intersection,Neige / grêle,Deux véhicules - arrière,,,,,,,,,,,1,2,1,4.0,2.0
201700038574,0017-01-18 13:05:00,17,1,18,13,5,910,114,VILLECRESNES (RUE),48.70732,2.50135,Plein jour,En agglomération,Hors intersection,Normale,Deux véhicules - arrière,,,,,,,,,,,1,2,1,1.0,2.0
201700038575,0017-01-19 14:10:00,17,1,19,14,10,910,114,ROUTE NATIONALE 6,48.68651,2.48631,Plein jour,En agglomération,Hors intersection,Normale,Trois véhicules et plus - en chaîne,,,,,,,,,,,1,2,1,1.0,4.0
201700038576,0017-01-27 08:10:00,17,1,27,8,10,910,215,"19, ANATOLE FRANCE (RUE)",48.6974,2.52574,Plein jour,En agglomération,Hors intersection,Normale,Autre collision,,,,,,,,,,,1,2,1,1.0,6.0
201700038577,0017-02-24 17:20:00,17,2,24,17,20,910,114,"3, TALMA (RUE)",48.69276,2.50188,Plein jour,En agglomération,Hors intersection,Normale,Deux véhicules - arrière,,,,,,,,,,,1,2,1,1.0,2.0
201700038578,0017-03-05 12:30:00,17,3,5,12,30,910,114,ROUTE NATIONALE 6,48.67095,2.50541,Plein jour,En agglomération,Hors intersection,Pluie légère,Trois véhicules et plus - en chaîne,,,,,,,,,,,1,2,1,2.0,4.0
201700038579,0017-03-08 16:30:00,17,3,8,16,30,910,631,"30, VAUX LA REINE (RUE E",48.6757,2.553,Plein jour,En agglomération,Hors intersection,Pluie légère,Autre collision,,,,,,,,,,,1,2,1,2.0,6.0
201700038580,0017-01-23 11:15:00,17,1,23,11,15,910,114,ROUTE NATIONALE 6,48.68485,2.48814,Plein jour,En agglomération,Hors intersection,Normale,Deux véhicules - arrière,,,,,,,,,,,1,2,1,1.0,2.0
201700038581,0017-04-12 16:10:00,17,4,12,16,10,910,114,"12, MONTMARTEL (RUE)",48.69706,2.50274,Plein jour,En agglomération,Hors intersection,Normale,Deux véhicules - arrière,,,,,,,,,,,1,2,1,1.0,2.0
201700038582,0017-04-20 16:40:00,17,4,20,16,40,910,514,COMBS LA VILLE (RUE DE),48.67062,2.54136,Plein jour,En agglomération,Hors intersection,Normale,Autre collision,,,,,,,,,,,1,2,1,1.0,6.0
201700038583,0017-04-23 16:10:00,17,4,23,16,10,910,114,P. PROST (AV) RD94,48.69809,2.49541,Plein jour,En agglomération,Hors intersection,Normale,Autre collision,,,,,,,,,,,1,2,1,1.0,6.0
201700038584,0017-04-27 08:05:00,17,4,27,8,5,910,114,LACHAMBAUDIE (HAMEAU DE),48.698,2.5068,Plein jour,En agglomération,Intersection en X,Temps éblouissant,Autre collision,,,,,,,,,,,1,2,2,7.0,6.0
201700038585,0017-04-25 10:55:00,17,4,25,10,55,910,114,"69, GENERAL LECLERC (AVE",48.68811,2.49398,Plein jour,En agglomération,Hors intersection,Normale,Deux véhicules - arrière,,,,,,,,,,,1,2,1,1.0,2.0
201700038586,0017-04-27 18:25:00,17,4,27,18,25,910,114,"4TER, GENERAL LECLERC (A",48.69124,2.49656,Plein jour,En agglomération,Hors intersection,Normale,Deux véhicules - frontale,,,,,,,,,,,1,2,1,1.0,1.0
201700038587,0017-05-05 18:00:00,17,5,5,18,0,910,114,"16, CERCAY (RUE DE)",48.70344,2.50845,Plein jour,En agglomération,Hors intersection,Normale,Autre collision,,,,,,,,,,,1,2,1,1.0,6.0
201700038588,0017-05-07 17:50:00,17,5,7,17,50,910,215,CHEMIN VICINAL Nø1,48.68515,2.51387,Plein jour,En agglomération,Intersection en Y,Normale,Trois véhicules et plus - collisions multiples,,,,,,,,,,,1,2,4,1.0,5.0
201700038589,0017-05-10 14:05:00,17,5,10,14,5,910,114,CHARLES CHRISTOFLE (AVEN,48.70138,2.49351,Plein jour,En agglomération,Intersection en X,Normale,Deux véhicules - côté,,,,,,,,,,,1,2,2,1.0,3.0
201700038590,0017-05-11 10:30:00,17,5,11,10,30,910,114,DONJON (RUE DU),48.69946,2.50357,Plein jour,En agglomération,Hors intersection,Normale,Autre collision,,,,,,,,,,,1,2,1,1.0,6.0
201700038591,0017-05-16 11:20:00,17,5,16,11,20,910,691,"121, GABRIEL PERI (RUE)",48.70217,2.48686,Plein jour,En agglomération,Hors intersection,Normale,Deux véhicules - côté,,,,,,,,,,,1,2,1,1.0,3.0
201700038592,0017-06-22 15:50:00,17,6,22,15,50,910,114,VILLECRESNES (RUE),48.7071,2.50369,Plein jour,En agglomération,Intersection en X,Normale,Deux véhicules - côté,,,,,,,,,,,1,2,2,1.0,3.0
201700038593,0017-06-25 16:45:00,17,6,25,16,45,910,97,JEAN MOULIN (AVENUE),48.68193,2.53097,Plein jour,En agglomération,Hors intersection,Normale,Autre collision,,,,,,,,,,,1,2,1,1.0,6.0
201700038594,0017-06-21 16:25:00,17,6,21,16,25,910,114,"6, ESPERANCE (RUE DE L')",48.69236,2.50871,Plein jour,En agglomération,Hors intersection,Normale,Deux véhicules - frontale,,,,,,,,,,,1,2,1,1.0,1.0
201700038595,0017-06-29 12:05:00,17,6,29,12,5,910,114,BRIE (ROUTE DE),48.70628,2.51691,Plein jour,En agglomération,Hors intersection,Normale,Deux véhicules - côté,,,,,,,,,,,1,2,1,1.0,3.0
201700038596,0017-06-28 20:00:00,17,6,28,20,0,910,114,ROUTE NATIONALE 6,48.68651,2.48631,Plein jour,En agglomération,Hors intersection,Pluie légère,Deux véhicules - arrière,,,,,,,,,,,1,2,1,2.0,2.0
201700038597,0017-07-06 14:05:00,17,7,6,14,5,910,514,BRECHE DES VIGNES (CHEMI,48.67787,2.53789,Plein jour,En agglomération,Intersection en T,Normale,Deux véhicules - côté,,,,,,,,,,,1,2,3,1.0,3.0
201700038598,0017-07-07 21:45:00,17,7,7,21,45,910,114,ROUTE NATIONALE 6,48.678,2.49653,Crépuscule ou aube,En agglomération,Hors intersection,Normale,Deux véhicules - arrière,,,,,,,,,,,2,2,1,1.0,2.0
201700038599,0017-07-08 21:20:00,17,7,8,21,20,910,114,GAMBETTA (AVENUE),48.69167,2.48749,Crépuscule ou aube,En agglomération,Intersection en X,Normale,Deux véhicules - côté,,,,,,,,,,,2,2,2,1.0,3.0
201700038600,0017-07-10 09:25:00,17,7,10,9,25,910,514,BOUSSY SAINT ANTOINE (RO,48.68236,2.53913,Plein jour,En agglomération,Hors intersection,Normale,Autre collision,,,,,,,,,,,1,2,1,1.0,6.0
201700038601,0017-07-14 00:30:00,17,7,14,0,30,910,514,RD 33,48.66679,2.52769,Nuit sans éclairage public,Hors agglomération,Hors intersection,Normale,Deux véhicules - frontale,,,,,,,,,,,3,1,1,1.0,1.0
201700038602,0017-07-17 09:00:00,17,7,17,9,0,910,114,"53, DU PETIT CHATEAU (AV",48.69285,2.49472,Plein jour,En agglomération,Hors intersection,Normale,Autre collision,,,,,,,,,,,1,2,1,1.0,6.0
201700038603,0017-07-18 19:30:00,17,7,18,19,30,910,97,Rue de la marnière (Cora,48.68188,2.53564,Crépuscule ou aube,En agglomération,Hors intersection,Normale,Deux véhicules - côté,,,,,,,,,,,2,2,1,1.0,3.0
201700038604,0017-07-23 16:00:00,17,7,23,16,0,910,97,CHARLES DE GAULLE (BUISS,48.68678,2.52742,Plein jour,En agglomération,Hors intersection,Normale,Autre collision,,,,,,,,,,,1,2,1,1.0,6.0
201700038605,0017-07-25 20:50:00,17,7,25,20,50,910,215,"5, MOZART (VILLA)",48.69537,2.52284,Plein jour,En agglomération,Hors intersection,Normale,Sans collision,,,,,,,,,,,1,2,1,1.0,7.0
201700038606,0017-08-05 14:25:00,17,8,5,14,25,910,215,"7, ANATOLE FRANCE (RUE)",48.69671,2.52679,Plein jour,En agglomération,Hors intersection,Normale,Autre collision,,,,,,,,,,,1,2,1,1.0,6.0
201700038607,0017-08-05 21:40:00,17,8,5,21,40,910,114,"62, GENERAL LECLERC (AVE",48.69006,2.49569,Nuit avec éclairage allumé,En agglomération,Hors intersection,Normale,Sans collision,,,,,,,,,,,5,2,1,1.0,7.0
201700038608,0017-08-15 19:50:00,17,8,15,19,50,910,114,PIERRE PROST (AVENUE),48.69734,2.49694,Plein jour,En agglomération,Hors intersection,Temps couvert,Deux véhicules - côté,,,,,,,,,,,1,2,1,8.0,3.0
201700038609,0017-08-27 11:45:00,17,8,27,11,45,910,114,MONTGERON (RUE DE),48.69308,2.4917,Plein jour,En agglomération,Intersection en T,Normale,Deux véhicules - côté,,,,,,,,,,,1,2,3,1.0,3.0
201700038610,0017-08-28 05:30:00,17,8,28,5,30,910,514,MARX DORMOY (RUE),48.6709,2.53117,Nuit avec éclairage allumé,En agglomération,Giratoire,Normale,Deux véhicules - côté,,,,,,,,,,,5,2,6,1.0,3.0
201700038611,0017-08-27 12:55:00,17,8,27,12,55,910,97,CHARLES DE GAULLE (BUISS,48.68514,2.52997,Plein jour,En agglomération,Hors intersection,Normale,Deux véhicules - côté,,,,,,,,,,,1,2,1,1.0,3.0
201700038612,0017-08-26 16:15:00,17,8,26,16,15,910,114,WITTLICH (ROND POINT),48.69463,2.50242,Plein jour,En agglomération,Giratoire,Normale,Deux véhicules - arrière,,,,,,,,,,,1,2,6,1.0,2.0
201700038613,0017-06-12 07:40:00,17,6,12,7,40,910,114,SAINT HILAIRE,48.70054,2.5126,Plein jour,En agglomération,Intersection en X,Normale,Autre collision,,,,,,,,,,,1,2,2,1.0,6.0
201700038614,0017-09-22 13:40:00,17,9,22,13,40,910,114,PIERRE PROST (AVENUE),48.69651,2.49818,Plein jour,En agglomération,Giratoire,Normale,Deux véhicules - côté,,,,,,,,,,,1,2,6,1.0,3.0
201700038615,0017-10-03 14:15:00,17,10,3,14,15,910,514,ROUTE NATIONALE 6,48.66,2.51,Plein jour,Hors agglomération,Hors intersection,Normale,Deux véhicules - arrière,,,,,,,,,,,1,1,1,1.0,2.0
201700038616,0017-11-02 08:25:00,17,11,2,8,25,910,114,COROT (RUE),48.702,2.5002,Plein jour,En agglomération,Hors intersection,Normale,Autre collision,,,,,,,,,,,1,2,1,1.0,6.0
201700038617,0017-11-06 11:45:00,17,11,6,11,45,910,215,DIX NEUF MARS SOIXANTE D,48.6991,2.5262,Plein jour,En agglomération,Hors intersection,Normale,Autre collision,,,,,,,,,,,1,2,1,1.0,6.0
201700038618,0017-11-13 19:10:00,17,11,13,19,10,910,114,GARENNE (AVENUE DE LA),48.693,2.4897,Nuit avec éclairage allumé,En agglomération,Intersection en X,Normale,Deux véhicules - frontale,,,,,,,,,,,5,2,2,1.0,1.0
201700038619,0017-11-22 13:20:00,17,11,22,13,20,910,215,CHARLES GOUNOD (AVENUE),48.6968,2.5339,Plein jour,En agglomération,Intersection en X,Normale,Deux véhicules - côté,,,,,,,,,,,1,2,2,1.0,3.0
201700038620,0017-11-23 18:25:00,17,11,23,18,25,910,114,DONJON (ROND-POINT DU),48.70055,2.50569,Nuit avec éclairage allumé,En agglomération,Place,Pluie légère,Autre collision,,,,,,,,,,,5,2,7,2.0,6.0
201700038621,0017-10-26 10:50:00,17,10,26,10,50,910,114,BRIE (ROUTE DE),48.6999,2.5072,Plein jour,En agglomération,Hors intersection,Normale,Autre collision,,,,,,,,,,,1,2,1,1.0,6.0
201700038622,0017-11-26 13:10:00,17,11,26,13,10,910,97,CHARLES DE GAULLE (BUISS,48.684,2.5303,Plein jour,En agglomération,Hors intersection,Pluie légère,Deux véhicules - arrière,,,,,,,,,,,1,2,1,2.0,2.0
201700038623,0017-11-29 08:20:00,17,11,29,8,20,910,97,JEAN MOULIN (AVENUE),48.67835,2.52751,Plein jour,En agglomération,Hors intersection,Temps couvert,Autre collision,,,,,,,,,,,1,2,1,8.0,6.0
201700038624,0017-12-01 14:05:00,17,12,1,14,5,910,114,RN6,48.6782,2.4964,Plein jour,En agglomération,Hors intersection,Normale,Deux véhicules - arrière,,,,,,,,,,,1,2,1,1.0,2.0
201700038625,0017-12-06 11:30:00,17,12,6,11,30,910,114,POSTE (RUE DE LA),48.696,2.5031,Plein jour,En agglomération,Hors intersection,Normale,Autre collision,,,,,,,,,,,1,2,1,1.0,6.0
201700038626,0017-12-23 15:00:00,17,12,23,15,0,910,514,RD 33,48.67807,2.52706,Plein jour,En agglomération,Giratoire,Pluie légère,Deux véhicules - arrière,,,,,,,,,,,1,2,6,2.0,2.0
201700038627,0017-12-18 18:05:00,17,12,18,18,5,910,114,"46, REVEILLON (RUE DU)",48.7059,2.49923,Nuit avec éclairage allumé,En agglomération,Hors intersection,Normale,Autre collision,,,,,,,,,,,5,2,1,1.0,6.0
201700038628,0017-12-16 17:55:00,17,12,16,17,55,910,174,WALDECK ROUSSEAU(RUE),48.62038,2.47736,Nuit avec éclairage allumé,En agglomération,Hors intersection,Normale,Trois véhicules et plus - collisions multiples,,,,,,,,,,,5,2,1,1.0,5.0
201700038629,0017-01-13 11:50:00,17,1,13,11,50,910,174,"6, FONTAINEBLEAU (BD)",48.60015,2.47124,Plein jour,En agglomération,Hors intersection,Normale,Autre collision,,,,,,,,,,,1,2,1,1.0,6.0
201700038630,0017-01-13 17:45:00,17,1,13,17,45,910,174,"64, JEAN JAURES (BOULEVA",48.60934,2.46363,Nuit avec éclairage allumé,En agglomération,Hors intersection,Pluie légère,Autre collision,,,,,,,,,,,5,2,1,2.0,6.0
201700038631,0017-12-05 17:50:00,17,12,5,17,50,910,174,"29, PAPETERIE(RUE)",48.59763,2.46563,Nuit avec éclairage allumé,En agglomération,Hors intersection,Normale,Autre collision,,,,,,,,,,,5,2,1,1.0,6.0
201700038632,0017-04-28 06:00:00,17,4,28,6,0,910,174,"61, APPORT PARIS (QUAI D",48.62293,2.47216,Crépuscule ou aube,En agglomération,Hors intersection,Pluie légère,Autre collision,,,,,,,,,,,2,2,1,2.0,6.0
201700038633,0017-05-20 19:50:00,17,5,20,19,50,910,174,"41, JEAN JAURES (BOULEVA",48.60771,2.46475,Plein jour,En agglomération,Hors intersection,Normale,Deux véhicules - côté,,,,,,,,,,,1,2,1,1.0,3.0
201700038634,0017-04-14 20:15:00,17,4,14,20,15,910,174,"33, DUNANT ( BD HENRI)",48.60117,2.4809,Plein jour,En agglomération,Hors intersection,Normale,Autre collision,,,,,,,,,,,1,2,1,1.0,6.0
201700038635,0017-03-10 13:45:00,17,3,10,13,45,910,174,"48, ARISTIDE BRIAND(all",48.60949,2.47405,Plein jour,En agglomération,Intersection en X,Normale,Deux véhicules - côté,,,,,,,,,,,1,2,2,1.0,3.0
201700038636,0017-06-02 07:40:00,17,6,2,7,40,910,174,JEAN JAURES (BOULEVARD),48.61318,2.45928,Plein jour,En agglomération,Hors intersection,Normale,Deux véhicules - arrière,,,,,,,,,,,1,2,1,1.0,2.0
201700038637,0017-11-03 09:15:00,17,11,3,9,15,910,174,PLACE SAINT LEONARD,48.61425,2.48584,Plein jour,En agglomération,Giratoire,Normale,Autre collision,,,,,,,,,,,1,2,6,1.0,6.0
201700038638,0017-09-17 11:40:00,17,9,17,11,40,910,174,Rue de Paris/Robinson,48.60608,2.46696,Plein jour,En agglomération,Intersection en X,Normale,Trois véhicules et plus - collisions multiples,,,,,,,,,,,1,2,2,1.0,5.0
201700038639,0017-01-17 17:20:00,17,1,17,17,20,910,201,HENRI BARBUSSE(BOULEVARD,48.67413,2.41202,Crépuscule ou aube,En agglomération,Intersection en X,Normale,Deux véhicules - côté,,,,,,,,,,,2,2,2,1.0,3.0
201700038640,0017-01-19 08:15:00,17,1,19,8,15,910,657,PIERRE MARIN (RUE),48.70282,2.41391,Plein jour,En agglomération,Hors intersection,Autre,Autre collision,,,,,,,,,,,1,2,1,9.0,6.0
201700038641,0017-01-21 17:35:00,17,1,21,17,35,910,657,"05, MARECHAL FOCH (RUE)",48.70839,2.43438,Crépuscule ou aube,En agglomération,Intersection en X,Normale,Deux véhicules - côté,,,,,,,,,,,2,2,2,1.0,3.0
201700038642,0017-01-22 18:43:00,17,1,22,18,43,910,657,"14, CONCORDE (AVENUE)",48.70726,2.41663,Nuit sans éclairage public,En agglomération,Hors intersection,Normale,Autre collision,,,,,,,,,,,3,2,1,1.0,6.0
201700038643,0017-01-24 22:30:00,17,1,24,22,30,910,201,"15, HENRI BARBUSSE(BOULE",48.6683,2.41571,Nuit avec éclairage allumé,En agglomération,Hors intersection,Normale,Autre collision,,,,,,,,,,,5,2,1,1.0,6.0
201700038644,0017-01-28 18:05:00,17,1,28,18,5,910,657,"45, TOURELLE (AVENUE DE",48.69163,2.44282,Nuit avec éclairage allumé,Hors agglomération,Intersection en T,Normale,Deux véhicules - côté,,,,,,,,,,,5,1,3,1.0,3.0
201700038645,0017-01-30 19:15:00,17,1,30,19,15,910,657,FREDERIC JOLIOT CURIE (A,48.70503,2.4214,Nuit avec éclairage allumé,En agglomération,Intersection en X,Pluie légère,Autre collision,,,,,,,,,,,5,2,2,2.0,6.0