accident_id,datetime,annee,mois,jour,heure,minute,departement,commune_insee,adresse,latitude,longitude,luminosite,agglomeration,intersection,meteo,collision,nb_vehicules,nb_usagers,nb_indemnes,nb_tues,nb_blesses_hosp,nb_blesses_legers,age_cond_1,age_cond_2,veh_type_cond_1,veh_type_cond_2,lum_code,agg_code,int_code,atm_code,col_code
201700038646,0017-03-03 18:45:00,17,3,3,18,45,910,201,"68, FERDINAND BUISSON(RU",48.67602,2.40683,Nuit avec éclairage allumé,En agglomération,Hors intersection,Normale,Autre collision,,,,,,,,,,,5,2,1,1.0,6.0
201700038647,0017-03-19 16:50:00,17,3,19,16,50,910,657,LILAS (RUE DES),48.69724,2.42815,Plein jour,En agglomération,Intersection en T,Normale,Autre collision,,,,,,,,,,,1,2,3,1.0,6.0
201700038648,0017-04-05 19:38:00,17,4,5,19,38,910,201,"19, MAINVILLE(RUE DE)",48.68633,2.41397,Plein jour,En agglomération,Hors intersection,Normale,Autre collision,,,,,,,,,,,1,2,1,1.0,6.0
201700038649,0017-04-17 02:29:00,17,4,17,2,29,910,201,ERMITAGE(RUE DE L'),48.66555,2.43214,Nuit avec éclairage allumé,En agglomération,Intersection en X,Normale,Autre collision,,,,,,,,,,,5,2,2,1.0,6.0
201700038650,0017-04-23 19:55:00,17,4,23,19,55,910,201,"20, PORT AUX DAMES(Rue",48.68055,2.39787,Plein jour,En agglomération,Intersection en T,Normale,Deux véhicules - côté,,,,,,,,,,,1,2,3,1.0,3.0
201700038651,0017-05-05 05:00:00,17,5,5,5,0,910,657,LONGUERAIE (RUE DE LA ),48.71772,2.4386,Nuit avec éclairage allumé,En agglomération,Hors intersection,Autre,Deux véhicules - arrière,,,,,,,,,,,5,2,1,9.0,2.0
201700038652,0017-05-13 08:45:00,17,5,13,8,45,910,201,"232, HENRI BARBUSSE(BOUL",48.68746,2.40936,Plein jour,En agglomération,Intersection en Y,Normale,Autre collision,,,,,,,,,,,1,2,4,1.0,6.0
201700038653,0017-05-17 10:30:00,17,5,17,10,30,910,201,HENRI DUNANT(RUE),48.68654,2.41243,Plein jour,En agglomération,Hors intersection,Normale,Autre collision,,,,,,,,,,,1,2,1,1.0,6.0
201700038654,0017-05-24 20:25:00,17,5,24,20,25,910,657,FREDERIC JOLIOT CURIE (A,48.70503,2.42141,Plein jour,En agglomération,Intersection en X,Normale,Deux véhicules - côté,,,,,,,,,,,1,2,2,1.0,3.0
201700038655,0017-05-25 13:30:00,17,5,25,13,30,910,657,"54, HENRI BARBUSSE (AVEN",48.70014,2.41992,Plein jour,En agglomération,Hors intersection,Normale,Deux véhicules - arrière,,,,,,,,,,,1,2,1,1.0,2.0
201700038656,0017-05-27 00:40:00,17,5,27,0,40,910,201,"33, MARAIS(RUE DU)",48.68407,2.41988,Nuit avec éclairage allumé,En agglomération,Hors intersection,Normale,Autre collision,,,,,,,,,,,5,2,1,1.0,6.0
201700038657,0017-06-10 19:20:00,17,6,10,19,20,910,657,FAUVETTES (RUE DES),48.70731,2.43859,Plein jour,En agglomération,Intersection en X,Normale,Deux véhicules - côté,,,,,,,,,,,1,2,2,1.0,3.0
201700038658,0017-06-20 16:45:00,17,6,20,16,45,910,657,"78, HENRI BARBUSSE (AVEN",48.70131,2.42373,Plein jour,En agglomération,Hors intersection,Normale,Deux véhicules - frontale,,,,,,,,,,,1,2,1,1.0,1.0
201700038659,0017-06-20 18:00:00,17,6,20,18,0,910,657,"12, QUATORZE JUILLET (PL",48.70561,2.42263,Plein jour,En agglomération,Place,Normale,Autre collision,,,,,,,,,,,1,2,7,1.0,6.0
201700038660,0017-06-28 16:35:00,17,6,28,16,35,910,657,Av P.ROBERT LAKOTA,48.7052,2.41351,Plein jour,En agglomération,Intersection en X,Pluie forte,Deux véhicules - côté,,,,,,,,,,,1,2,2,3.0,3.0
201700038661,0017-06-29 21:50:00,17,6,29,21,50,910,201,RIS (RUE DE),48.66268,2.41767,Crépuscule ou aube,En agglomération,Intersection en X,Pluie légère,Deux véhicules - arrière,,,,,,,,,,,2,2,2,2.0,2.0
201700038662,0017-07-04 14:10:00,17,7,4,14,10,910,657,"74-76, HENRI BARBUSSE (A",48.70124,2.42347,Plein jour,En agglomération,Hors intersection,Normale,Deux véhicules - arrière,,,,,,,,,,,1,2,1,1.0,2.0
201700038663,0017-07-18 20:40:00,17,7,18,20,40,910,657,PRESIDENT ROBERT LAK,48.7052,2.41349,Plein jour,En agglomération,Intersection en X,Normale,Deux véhicules - côté,,,,,,,,,,,1,2,2,1.0,3.0
201700038664,0017-07-28 18:10:00,17,7,28,18,10,910,201,"67-73, EUGENE DELACROIX(",48.67628,2.41933,Plein jour,En agglomération,Hors intersection,Normale,Deux véhicules - frontale,,,,,,,,,,,1,2,1,1.0,1.0
201700038665,0017-08-02 14:45:00,17,8,2,14,45,910,201,HENRI BARBUSSE(BOULEVARD,48.69025,2.41111,Plein jour,En agglomération,Intersection en T,Normale,Deux véhicules - côté,,,,,,,,,,,1,2,3,1.0,3.0
201700038666,0017-08-31 12:25:00,17,8,31,12,25,910,657,"7, MAINVILLE (RUE DE)",48.69859,2.41742,Plein jour,En agglomération,Intersection en T,Normale,Deux véhicules - côté,,,,,,,,,,,1,2,3,1.0,3.0
201700038667,0017-08-31 18:50:00,17,8,31,18,50,910,201,"17, GABRIEL PERI(RUE)",48.68616,2.42627,Plein jour,En agglomération,Intersection en T,Normale,Deux véhicules - côté,,,,,,,,,,,1,2,3,1.0,3.0
201700038668,0017-09-14 13:45:00,17,9,14,13,45,910,657,HENRI BARBUSSE (AVENUE),48.70433,2.43507,Plein jour,En agglomération,Intersection en T,Pluie légère,Deux véhicules - côté,,,,,,,,,,,1,2,3,2.0,3.0
201700038669,0017-09-20 18:00:00,17,9,20,18,0,910,657,CAMILLE GUILLAUME (RUE),48.69454,2.44132,Plein jour,En agglomération,Intersection en X,Normale,Deux véhicules - côté,,,,,,,,,,,1,2,2,1.0,3.0
201700038670,0017-09-21 14:45:00,17,9,21,14,45,910,201,GENERAL DE GAULLE(BOULEV,48.68753,2.39684,Plein jour,En agglomération,Hors intersection,Normale,Deux véhicules - arrière,,,,,,,,,,,1,2,1,1.0,2.0
201700038671,0017-09-21 18:30:00,17,9,21,18,30,910,657,"82, HENRI BARBUSSE (AVEN",48.70147,2.42435,Plein jour,En agglomération,Hors intersection,Normale,Trois véhicules et plus - collisions multiples,,,,,,,,,,,1,2,1,1.0,5.0
201700038672,0017-10-03 00:01:00,17,10,3,0,1,910,657,"2, CONCORDE (AVENUE)",48.70815,2.41601,Nuit avec éclairage allumé,En agglomération,Giratoire,Pluie légère,Autre collision,,,,,,,,,,,5,2,6,2.0,6.0
201700038673,0017-10-03 13:20:00,17,10,3,13,20,910,657,HENRI BARBUSSE (AVENUE),48.6982,2.4164,Plein jour,En agglomération,Intersection en T,Normale,Deux véhicules - côté,,,,,,,,,,,1,2,3,1.0,3.0
201700038674,0017-10-17 17:15:00,17,10,17,17,15,910,201,RIS (RUE DE),48.66163,2.41704,Plein jour,En agglomération,Intersection en X,Normale,Deux véhicules - frontale,,,,,,,,,,,1,2,2,1.0,1.0
201700038675,0017-10-20 10:30:00,17,10,20,10,30,910,657,"133, JULES VERNE (RUE)",48.69445,2.44311,Plein jour,En agglomération,Intersection en X,Normale,Deux véhicules - arrière,,,,,,,,,,,1,2,2,1.0,2.0
201700038676,0017-10-20 13:55:00,17,10,20,13,55,910,201,HENRI BARBUSSE(BOULEVARD,48.68316,2.40813,Plein jour,En agglomération,Intersection en T,Normale,Deux véhicules - côté,,,,,,,,,,,1,2,3,1.0,3.0
201700038677,0017-10-22 23:55:00,17,10,22,23,55,910,201,"2 bis, GENERAL DE GAULLE",48.68818,2.39101,Nuit avec éclairage allumé,En agglomération,Hors intersection,Pluie légère,Autre collision,,,,,,,,,,,5,2,1,2.0,6.0
201700038678,0017-10-23 23:40:00,17,10,23,23,40,910,201,"15, HENRI BARBUSSE(BOULE",48.6683,2.41573,Nuit avec éclairage allumé,En agglomération,Hors intersection,Pluie légère,Autre collision,,,,,,,,,,,5,2,1,2.0,6.0
201700038679,0017-10-28 10:15:00,17,10,28,10,15,910,657,HENRI BARBUSSE (AVENUE),48.69681,2.41552,Plein jour,En agglomération,Intersection en Y,Normale,Autre collision,,,,,,,,,,,1,2,4,1.0,6.0
201700038680,0017-11-11 18:30:00,17,11,11,18,30,910,201,"15, HENRI BARBUSSE(BOULE",48.66879,2.41523,Nuit avec éclairage allumé,En agglomération,Hors intersection,Pluie légère,Deux véhicules - côté,,,,,,,,,,,5,2,1,2.0,3.0
201700038681,0017-11-14 10:40:00,17,11,14,10,40,910,201,"130, HENRI BARBUSSE(BOUL",48.68106,2.40909,Plein jour,En agglomération,Hors intersection,Normale,Autre collision,,,,,,,,,,,1,2,1,1.0,6.0
201700038682,0017-11-25 14:35:00,17,11,25,14,35,910,201,HENRI BARBUSSE(BOULEVARD,48.69043,2.41135,Plein jour,En agglomération,Hors intersection,Normale,Deux véhicules - arrière,,,,,,,,,,,1,2,1,1.0,2.0
201700038683,0017-12-07 06:50:00,17,12,7,6,50,910,201,"170, HENRI BARBUSSE(BOUL",48.68297,2.40815,Nuit sans éclairage public,En agglomération,Hors intersection,Normale,Autre collision,,,,,,,,,,,3,2,1,1.0,6.0
201700038684,0017-12-13 16:15:00,17,12,13,16,15,910,201,HENRI BARBUSSE(BOULEVARD,48.67422,2.41206,Crépuscule ou aube,En agglomération,Intersection en X,Pluie légère,Deux véhicules - côté,,,,,,,,,,,2,2,2,2.0,3.0
201700038685,0017-12-20 11:30:00,17,12,20,11,30,910,201,"292, PIERRE BROSSOLETTE",48.69336,2.42822,Plein jour,En agglomération,Hors intersection,Temps couvert,Deux véhicules - arrière,,,,,,,,,,,1,2,1,8.0,2.0
201700038686,0017-12-28 16:05:00,17,12,28,16,5,910,201,WALDECK ROUSSEAU (RUE),48.68676,2.4319,Plein jour,En agglomération,Hors intersection,Normale,Autre collision,,,,,,,,,,,1,2,1,1.0,6.0
201700038687,0017-01-28 08:15:00,17,1,28,8,15,910,201,"134, PIERRE BROSSOLETTE",48.68647,2.4191,Plein jour,En agglomération,Intersection en X,Normale,Deux véhicules - côté,,,,,,,,,,,1,2,2,1.0,3.0
201700038688,0017-01-03 16:55:00,17,1,3,16,55,910,223,8 MAI 1945 (AVENUE DU,48.44061,2.15458,Crépuscule ou aube,En agglomération,Hors intersection,Brouillard / fumée,Trois véhicules et plus - en chaîne,,,,,,,,,,,2,2,1,5.0,4.0
201700038689,0017-01-04 07:50:00,17,1,4,7,50,910,223,RN20,48.42832,2.15912,Nuit sans éclairage public,Hors agglomération,Giratoire,Normale,Trois véhicules et plus - collisions multiples,,,,,,,,,,,3,1,6,1.0,5.0
201700038690,0017-01-12 08:25:00,17,1,12,8,25,910,223,"27, GEOFFROY ST HILAIRE",48.43463,2.14482,Crépuscule ou aube,En agglomération,Hors intersection,Pluie légère,Autre collision,,,,,,,,,,,2,2,1,2.0,6.0
201700038691,0017-01-18 11:55:00,17,1,18,11,55,910,223,8 MAI 1945 (AVENUE DU,48.44047,2.15488,Plein jour,En agglomération,Hors intersection,Normale,Autre collision,,,,,,,,,,,1,2,1,1.0,6.0
201700038692,0017-01-21 16:35:00,17,1,21,16,35,910,223,DE GAULLE (AVENUE,48.42063,2.15143,Plein jour,En agglomération,Hors intersection,Normale,Deux véhicules - côté,,,,,,,,,,,1,2,1,1.0,3.0
201700038693,0017-01-21 17:20:00,17,1,21,17,20,910,433,AUVERS (RUE D'),48.45434,2.19119,Crépuscule ou aube,Hors agglomération,Hors intersection,Normale,Autre collision,,,,,,,,,,,2,1,1,1.0,6.0
201700038694,0017-01-27 08:50:00,17,1,27,8,50,910,223,R. René PAULIN-HIPPOLYTE,48.42901,2.13188,Plein jour,En agglomération,Hors intersection,Normale,Autre collision,,,,,,,,,,,1,2,1,1.0,6.0
201700038695,0017-02-01 12:05:00,17,2,1,12,5,910,433,SABLIERE (RUE DE,48.45886,2.19705,Plein jour,En agglomération,Hors intersection,Normale,Deux véhicules - frontale,,,,,,,,,,,1,2,1,1.0,1.0
201700038696,0017-02-05 18:40:00,17,2,5,18,40,910,223,RTE DE BRIERES LES SCELL,48.45053,2.1728,Crépuscule ou aube,Hors agglomération,Hors intersection,Pluie légère,Deux véhicules - arrière,,,,,,,,,,,2,1,1,2.0,2.0
201700038697,0017-02-27 06:15:00,17,2,27,6,15,910,223,RN20,48.43791,2.1714,Nuit sans éclairage public,Hors agglomération,Hors intersection,Normale,Trois véhicules et plus - collisions multiples,,,,,,,,,,,3,1,1,1.0,5.0
201700038698,0017-03-01 06:25:00,17,3,1,6,25,910,223,COQUERIVE (AVENUE,48.43424,2.17034,Nuit avec éclairage allumé,En agglomération,Hors intersection,Normale,Deux véhicules - arrière,,,,,,,,,,,5,2,1,1.0,2.0
201700038699,0017-03-12 06:10:00,17,3,12,6,10,910,433,BLANCHE (ROUTE),48.43629,2.18313,Nuit sans éclairage public,Hors agglomération,Hors intersection,Normale,Sans collision,,,,,,,,,,,3,1,1,1.0,7.0
201700038700,0017-03-18 19:45:00,17,3,18,19,45,910,223,MAI 1945 (AVENUE,48.43721,2.16323,Nuit avec éclairage allumé,En agglomération,Giratoire,Normale,Autre collision,,,,,,,,,,,5,2,6,1.0,6.0
201700038701,0017-03-21 17:15:00,17,3,21,17,15,910,223,"61, REPUBLIQUE (RUE DE L",48.43426,2.16518,Plein jour,En agglomération,Intersection en X,Normale,Deux véhicules - côté,,,,,,,,,,,1,2,2,1.0,3.0
201700038702,0017-03-22 16:10:00,17,3,22,16,10,910,223,8 MAI 1945 (AVENUE DU,48.44011,2.15594,Plein jour,En agglomération,Hors intersection,Normale,Trois véhicules et plus - en chaîne,,,,,,,,,,,1,2,1,1.0,4.0
201700038703,0017-03-24 10:00:00,17,3,24,10,0,910,223,"162, SAINT JEAN (RUE)",48.43628,2.15263,Plein jour,En agglomération,Intersection en Y,Normale,Autre collision,,,,,,,,,,,1,2,4,1.0,6.0
201700038704,0017-03-27 09:30:00,17,3,27,9,30,910,223,LYS (RUE DES),48.43519,2.13686,Plein jour,En agglomération,Hors intersection,Normale,Autre collision,,,,,,,,,,,1,2,1,1.0,6.0
201700038705,0017-03-29 19:30:00,17,3,29,19,30,910,223,PRES (PROMENADE DES,48.43152,2.1614,Plein jour,En agglomération,Hors intersection,Normale,Sans collision,,,,,,,,,,,1,2,1,1.0,7.0
201700038706,0017-04-03 13:25:00,17,4,3,13,25,910,223,RN20,48.42728,2.15367,Plein jour,Hors agglomération,Hors intersection,Normale,Autre collision,,,,,,,,,,,1,1,1,1.0,6.0
201700038707,0017-04-06 14:10:00,17,4,6,14,10,910,223,RN20,48.39752,2.11795,Plein jour,Hors agglomération,Hors intersection,Normale,Deux véhicules - côté,,,,,,,,,,,1,1,1,1.0,3.0
201700038708,0017-04-09 21:00:00,17,4,9,21,0,910,223,RN20,48.41797,2.13176,Crépuscule ou aube,Hors agglomération,Hors intersection,Normale,Deux véhicules - arrière,,,,,,,,,,,2,1,1,1.0,2.0
201700038709,0017-04-10 18:45:00,17,4,10,18,45,910,79,RD721,48.38067,2.16738,Plein jour,Hors agglomération,Hors intersection,Normale,Trois véhicules et plus - en chaîne,,,,,,,,,,,1,1,1,1.0,4.0
201700038710,0017-04-14 12:35:00,17,4,14,12,35,910,433,RD 191,48.44017,2.2079,Plein jour,Hors agglomération,Hors intersection,Normale,Sans collision,,,,,,,,,,,1,1,1,1.0,7.0
201700038711,0017-04-14 17:30:00,17,4,14,17,30,910,223,MOREAU (RUE LOUIS,48.43615,2.16092,Plein jour,En agglomération,Intersection en X,Normale,Deux véhicules - arrière,,,,,,,,,,,1,2,2,1.0,2.0
201700038712,0017-05-02 08:10:00,17,5,2,8,10,910,223,RN20,48.42658,2.15294,Plein jour,Hors agglomération,Giratoire,Normale,Autre collision,,,,,,,,,,,1,1,6,1.0,6.0
201700038713,0017-05-02 16:25:00,17,5,2,16,25,910,223,RD207,48.45059,2.1724,Plein jour,Hors agglomération,Giratoire,Normale,Deux véhicules - côté,,,,,,,,,,,1,1,6,1.0,3.0
201700038714,0017-05-05 16:25:00,17,5,5,16,25,910,223,PONT SAINT JEAN (Rue),48.43477,2.15175,Plein jour,En agglomération,Hors intersection,Normale,Deux véhicules - arrière,,,,,,,,,,,1,2,1,1.0,2.0
201700038715,0017-05-21 01:45:00,17,5,21,1,45,910,433,RN.20,48.44667,2.17569,Nuit avec éclairage allumé,Hors agglomération,Hors intersection,Normale,Deux véhicules - arrière,,,,,,,,,,,5,1,1,1.0,2.0
201700038716,0017-05-22 08:35:00,17,5,22,8,35,910,223,BERCHERE (BOULEVA,48.43133,2.16031,Plein jour,En agglomération,Hors intersection,Normale,Autre collision,,,,,,,,,,,1,2,1,1.0,6.0
201700038717,0017-05-23 00:01:00,17,5,23,0,1,910,223,"52, MAI 1945 (AVENUE DU",48.44139,2.15335,Nuit avec éclairage allumé,En agglomération,Hors intersection,Normale,Autre collision,,,,,,,,,,,5,2,1,1.0,6.0
201700038718,0017-05-23 08:45:00,17,5,23,8,45,910,433,RN.20,48.44772,2.1753,Plein jour,Hors agglomération,Hors intersection,Normale,Autre collision,,,,,,,,,,,1,1,1,1.0,6.0
201700038719,0017-05-26 14:45:00,17,5,26,14,45,910,223,RD 191,48.43836,2.16195,Plein jour,Hors agglomération,Hors intersection,Normale,Sans collision,,,,,,,,,,,1,1,1,1.0,7.0
201700038720,0017-06-01 10:28:00,17,6,1,10,28,910,223,8 MAI 1945 (AVENUE DU,48.44027,2.15533,Plein jour,En agglomération,Hors intersection,Normale,Deux véhicules - arrière,,,,,,,,,,,1,2,1,1.0,2.0
201700038721,0017-06-02 22:00:00,17,6,2,22,0,910,223,"5, REPUBLIQUE (RUE DE LA",48.43568,2.16202,Crépuscule ou aube,En agglomération,Hors intersection,Normale,Deux véhicules - arrière,,,,,,,,,,,2,2,1,1.0,2.0
201700038722,0017-06-04 17:40:00,17,6,4,17,40,910,223,RN.20,48.41858,2.13229,Plein jour,Hors agglomération,Hors intersection,Normale,Deux véhicules - arrière,,,,,,,,,,,1,1,1,1.0,2.0
201700038723,0017-06-05 14:05:00,17,6,5,14,5,910,433,RD 191,48.43753,2.20501,Plein jour,Hors agglomération,Hors intersection,Normale,Sans collision,,,,,,,,,,,1,1,1,1.0,7.0
201700038724,0017-06-05 19:10:00,17,6,5,19,10,910,223,DES BELLES CROIX (RUE,48.42122,2.13226,Plein jour,En agglomération,Hors intersection,Normale,Sans collision,,,,,,,,,,,1,2,1,1.0,7.0
201700038725,0017-06-06 14:25:00,17,6,6,14,25,910,433,MALADRERIE (RUE D,48.45037,2.18905,Plein jour,En agglomération,Hors intersection,Normale,Autre collision,,,,,,,,,,,1,2,1,1.0,6.0
201700038726,0017-06-09 14:05:00,17,6,9,14,5,910,223,Rue PAUL VACHET,48.43366,2.13931,Plein jour,En agglomération,Intersection en T,Normale,Deux véhicules - frontale,,,,,,,,,,,1,2,3,1.0,1.0
201700038727,0017-06-10 15:50:00,17,6,10,15,50,910,433,RN20,48.46863,2.18421,Plein jour,Hors agglomération,Hors intersection,Normale,Autre collision,,,,,,,,,,,1,1,1,1.0,6.0
201700038728,0017-06-14 14:30:00,17,6,14,14,30,910,223,AV DE LA LIBERATION,48.43088,2.15724,Plein jour,En agglomération,Giratoire,Normale,Deux véhicules - arrière,,,,,,,,,,,1,2,6,1.0,2.0
201700038729,0017-06-17 19:40:00,17,6,17,19,40,910,433,AUVERS (RUE D'),48.46844,2.19483,Plein jour,En agglomération,Hors intersection,Normale,Sans collision,,,,,,,,,,,1,2,1,1.0,7.0
201700038730,0017-06-20 10:25:00,17,6,20,10,25,910,223,"54, BERCHERE (BOULEVARD)",48.43108,2.15923,Plein jour,En agglomération,Hors intersection,Temps éblouissant,Autre collision,,,,,,,,,,,1,2,1,7.0,6.0
201700038731,0017-06-23 06:20:00,17,6,23,6,20,910,469,RD721,48.40896,2.17833,Plein jour,Hors agglomération,Hors intersection,Normale,Sans collision,,,,,,,,,,,1,1,1,1.0,7.0
201700038732,0017-06-25 13:10:00,17,6,25,13,10,910,433,RD 837,48.4289,2.21499,Plein jour,Hors agglomération,Hors intersection,Normale,Deux véhicules - côté,,,,,,,,,,,1,1,1,1.0,3.0
201700038733,0017-06-29 21:30:00,17,6,29,21,30,910,223,COQUERIVE (AVENUE,48.43408,2.17092,Crépuscule ou aube,En agglomération,Hors intersection,Pluie légère,Deux véhicules - arrière,,,,,,,,,,,2,2,1,2.0,2.0
201700038734,0017-07-05 05:55:00,17,7,5,5,55,910,433,RN20,48.45737,2.17666,Plein jour,Hors agglomération,Hors intersection,Normale,Trois véhicules et plus - en chaîne,,,,,,,,,,,1,1,1,1.0,4.0
201700038735,0017-07-08 15:05:00,17,7,8,15,5,910,223,"160, PONT SAINT JEAN (RU",48.43587,2.15236,Plein jour,En agglomération,Hors intersection,Normale,Deux véhicules - côté,,,,,,,,,,,1,2,1,1.0,3.0
201700038736,0017-07-12 17:30:00,17,7,12,17,30,910,223,MAGNE (RUE),48.43213,2.16085,Plein jour,En agglomération,Intersection en T,Normale,Deux véhicules - arrière,,,,,,,,,,,1,2,3,1.0,2.0
201700038737,0017-07-13 07:20:00,17,7,13,7,20,910,433,PITHIVIERS (ROND,48.43345,2.1863,Plein jour,Hors agglomération,Giratoire,Normale,Sans collision,,,,,,,,,,,1,1,6,1.0,7.0
201700038738,0017-07-13 10:20:00,17,7,13,10,20,910,223,MICHEL (ALLEE LOUISE,48.42684,2.14689,Plein jour,En agglomération,Hors intersection,Normale,Deux véhicules - arrière,,,,,,,,,,,1,2,1,1.0,2.0
201700038739,0017-07-17 01:55:00,17,7,17,1,55,910,223,RN20,48.43469,2.16856,Nuit sans éclairage public,Hors agglomération,Hors intersection,Normale,Trois véhicules et plus - en chaîne,,,,,,,,,,,3,1,1,1.0,4.0
201700038740,0017-07-18 06:55:00,17,7,18,6,55,910,433,RN20,48.461,2.17888,Plein jour,Hors agglomération,Hors intersection,Normale,Sans collision,,,,,,,,,,,1,1,1,1.0,7.0
201700038741,0017-07-19 11:40:00,17,7,19,11,40,910,223,VICTOIRE (ROND-PO,48.43704,2.16339,Plein jour,En agglomération,Giratoire,Normale,Deux véhicules - côté,,,,,,,,,,,1,2,6,1.0,3.0
201700038742,0017-07-20 19:45:00,17,7,20,19,45,910,433,RN20,48.46982,2.18501,Plein jour,Hors agglomération,Hors intersection,Normale,Deux véhicules - arrière,,,,,,,,,,,1,1,1,1.0,2.0
201700038743,0017-07-24 16:00:00,17,7,24,16,0,910,223,AVENUE DE LA LIBERAT,48.43099,2.15726,Plein jour,En agglomération,Giratoire,Normale,Deux véhicules - arrière,,,,,,,,,,,1,2,6,1.0,2.0
201700038744,0017-08-04 12:00:00,17,8,4,12,0,910,223,RN20,48.40164,2.12102,Plein jour,Hors agglomération,Hors intersection,Normale,Sans collision,,,,,,,,,,,1,1,1,1.0,7.0
201700038745,0017-08-07 19:10:00,17,8,7,19,10,910,469,D721,48.40262,2.17583,Plein jour,Hors agglomération,Hors intersection,Normale,Sans collision,,,,,,,,,,,1,1,1,1.0,7.0
201700038746,0017-08-10 20:50:00,17,8,10,20,50,910,223,RD 191,48.44056,2.14511,Crépuscule ou aube,En agglomération,Hors intersection,Pluie légère,Sans collision,,,,,,,,,,,2,2,1,2.0,7.0
201700038747,0017-08-19 14:20:00,17,8,19,14,20,910,433,AV GENERAL DE GAULLE,48.86,2.28,Plein jour,Hors agglomération,Hors intersection,Normale,Sans collision,,,,,,,,,,,1,1,1,1.0,7.0
201700038748,0017-08-19 16:50:00,17,8,19,16,50,910,433,RD 837,48.86,2.28,Plein jour,Hors agglomération,Hors intersection,Normale,Deux véhicules - frontale,,,,,,,,,,,1,1,1,1.0,1.0
201700038749,0017-08-20 22:00:00,17,8,20,22,0,910,223,RN20,48.86,2.28,Nuit sans éclairage public,Hors agglomération,Hors intersection,Normale,Sans collision,,,,,,,,,,,3,1,1,1.0,7.0
201700038750,0017-08-22 17:40:00,17,8,22,17,40,910,433,MULOTTE (RUE DE L,48.86,2.28,Plein jour,En agglomération,Hors intersection,Normale,Sans collision,,,,,,,,,,,1,2,1,1.0,7.0
201700038751,0017-08-27 20:05:00,17,8,27,20,5,910,223,MARCHE FRANC (AVE,48.86,2.28,Plein jour,En agglomération,Hors intersection,Normale,Sans collision,,,,,,,,,,,1,2,1,1.0,7.0
201700038752,0017-08-28 22:05:00,17,8,28,22,5,910,223,REPUBLIQUE (RUE D,48.86,2.28,Nuit avec éclairage allumé,En agglomération,Intersection en X,Normale,Deux véhicules - côté,,,,,,,,,,,5,2,2,1.0,3.0
201700038753,0017-09-07 14:45:00,17,9,7,14,45,910,223,COQUERIVE (AVENUE,48.86,2.28,Plein jour,En agglomération,Hors intersection,Normale,Deux véhicules - arrière,,,,,,,,,,,1,2,1,1.0,2.0
201700038754,0017-09-09 02:50:00,17,9,9,2,50,910,433,RN20,48.86,2.28,Nuit avec éclairage allumé,Hors agglomération,Giratoire,Normale,Autre collision,,,,,,,,,,,5,1,6,1.0,6.0
201700038755,0017-09-12 13:30:00,17,9,12,13,30,910,223,"52, MOREAU (RUE LOUIS)",48.86,2.28,Plein jour,En agglomération,Hors intersection,Normale,Deux véhicules - côté,,,,,,,,,,,1,2,1,1.0,3.0
201700038756,0017-09-13 07:50:00,17,9,13,7,50,910,223,SAINT JEAN (RUE),48.86,2.28,Plein jour,En agglomération,Hors intersection,Pluie légère,Autre collision,,,,,,,,,,,1,2,1,2.0,6.0
201700038757,0017-09-13 08:45:00,17,9,13,8,45,910,223,RD721,48.86,2.28,Plein jour,Hors agglomération,Giratoire,Pluie légère,Deux véhicules - arrière,,,,,,,,,,,1,1,6,2.0,2.0
201700038758,0017-09-16 04:25:00,17,9,16,4,25,910,223,RN20,48.86,2.28,Nuit sans éclairage public,Hors agglomération,Hors intersection,Normale,Autre collision,,,,,,,,,,,3,1,1,1.0,6.0
201700038759,0017-09-19 18:00:00,17,9,19,18,0,910,223,RN20,48.86,2.28,Plein jour,Hors agglomération,Hors intersection,Normale,Autre collision,,,,,,,,,,,1,1,1,1.0,6.0
201700038760,0017-09-25 16:20:00,17,9,25,16,20,910,223,"45, CARNOT (RUE SADI)",48.86,2.28,Plein jour,En agglomération,Hors intersection,Normale,Autre collision,,,,,,,,,,,1,2,1,1.0,6.0
201700038761,0017-09-29 16:20:00,17,9,29,16,20,910,223,RN20,48.86,2.28,Plein jour,Hors agglomération,Hors intersection,Normale,Autre collision,,,,,,,,,,,1,1,1,1.0,6.0
201700038762,0017-10-10 17:55:00,17,10,10,17,55,910,223,PRES (PROMENADE DES,48.0,2.28,Plein jour,En agglomération,Hors intersection,Autre,Autre collision,,,,,,,,,,,1,2,1,9.0,6.0
201700038763,0017-10-14 07:40:00,17,10,14,7,40,910,223,PONT SAINT JEAN (RUE,48.86,2.28,Crépuscule ou aube,En agglomération,Hors intersection,Normale,Autre collision,,,,,,,,,,,2,2,1,1.0,6.0
201700038764,0017-10-16 11:15:00,17,10,16,11,15,910,223,SAINT-MARS (RUE),48.43483,2.16048,Plein jour,En agglomération,Hors intersection,Normale,Deux véhicules - frontale,,,,,,,,,,,1,2,1,1.0,1.0
201700038765,0017-10-17 17:20:00,17,10,17,17,20,910,223,RN20,48.86,2.28,Plein jour,Hors agglomération,Hors intersection,Normale,Trois véhicules et plus - collisions multiples,,,,,,,,,,,1,1,1,1.0,5.0
201700038766,0017-10-18 12:00:00,17,10,18,12,0,910,109,"121, CHARLES DE GAULLE (",48.45653,2.14147,Plein jour,En agglomération,Hors intersection,Normale,Autre collision,,,,,,,,,,,1,2,1,1.0,6.0
201700038767,0017-10-21 10:57:00,17,10,21,10,57,910,433,RN20,48.45011,2.17436,Plein jour,Hors agglomération,Autre intersection,Normale,Sans collision,,,,,,,,,,,1,1,9,1.0,7.0