accident_id,datetime,annee,mois,jour,heure,minute,departement,commune_insee,adresse,latitude,longitude,luminosite,agglomeration,intersection,meteo,collision,nb_vehicules,nb_usagers,nb_indemnes,nb_tues,nb_blesses_hosp,nb_blesses_legers,age_cond_1,age_cond_2,veh_type_cond_1,veh_type_cond_2,lum_code,agg_code,int_code,atm_code,col_code
201700038768,0017-10-22 18:25:00,17,10,22,18,25,910,223,GUETTARD (RUE J.E.),48.44463,2.167,Plein jour,En agglomération,Hors intersection,Normale,Deux véhicules - frontale,,,,,,,,,,,1,2,1,1.0,1.0
201700038769,0017-10-23 06:00:00,17,10,23,6,0,910,109,COCHET (RUE DU),48.45949,2.12932,Crépuscule ou aube,Hors agglomération,Hors intersection,Pluie légère,Sans collision,,,,,,,,,,,2,1,1,2.0,7.0
201700038770,0017-10-27 14:45:00,17,10,27,14,45,910,223,RN20,48.43833,2.17187,Plein jour,Hors agglomération,Hors intersection,Normale,Deux véhicules - arrière,,,,,,,,,,,1,1,1,1.0,2.0
201700038771,0017-10-31 11:50:00,17,10,31,11,50,910,223,VICTOIRE (ROND-PO,48.43703,2.16343,Plein jour,En agglomération,Giratoire,Normale,Deux véhicules - arrière,,,,,,,,,,,1,2,6,1.0,2.0
201700038772,0017-10-31 19:15:00,17,10,31,19,15,910,223,RUE GABRIEL THOMAS,48.4388,2.14218,Crépuscule ou aube,En agglomération,Hors intersection,Normale,Sans collision,,,,,,,,,,,2,2,1,1.0,7.0
201700038773,0017-11-07 10:30:00,17,11,7,10,30,910,223,LOUIS (AVENUE FREDERIC,48.43052,2.16503,Plein jour,En agglomération,Hors intersection,Normale,Sans collision,,,,,,,,,,,1,2,1,1.0,7.0
201700038774,0017-11-07 05:15:00,17,11,7,5,15,910,223,RN20,48.4274,2.15332,Nuit sans éclairage public,Hors agglomération,Hors intersection,Normale,Autre collision,,,,,,,,,,,3,1,1,1.0,6.0
201700038775,0017-11-10 08:15:00,17,11,10,8,15,910,223,GEOFFROY ST HILAIRE,48.4352,2.14775,Crépuscule ou aube,En agglomération,Hors intersection,Normale,Autre collision,,,,,,,,,,,2,2,1,1.0,6.0
201700038776,0017-11-11 11:45:00,17,11,11,11,45,910,223,PONT SAINT JEAN (RUE DU),48.43477,2.15175,Plein jour,En agglomération,Hors intersection,Pluie légère,Autre collision,,,,,,,,,,,1,2,1,2.0,6.0
201700038777,0017-11-12 14:10:00,17,11,12,14,10,910,223,MAI 1945 (AVENUE,48.44027,2.15533,Plein jour,En agglomération,Hors intersection,Normale,Trois véhicules et plus - en chaîne,,,,,,,,,,,1,2,1,1.0,4.0
201700038778,0017-11-14 23:00:00,17,11,14,23,0,910,223,RN20,48.3896,2.10656,Nuit sans éclairage public,Hors agglomération,Hors intersection,Normale,Autre collision,,,,,,,,,,,3,1,1,1.0,6.0
201700038779,0017-11-15 21:15:00,17,11,15,21,15,910,223,COQUERIVE (AVENUE,48.43408,2.17092,Nuit avec éclairage allumé,En agglomération,Intersection en T,Normale,Deux véhicules - côté,,,,,,,,,,,5,2,3,1.0,3.0
201700038780,0017-12-01 17:25:00,17,12,1,17,25,910,223,"42, MOREAU (RUE LOUIS)",48.86,2.28,Crépuscule ou aube,En agglomération,Intersection en T,Normale,Autre collision,,,,,,,,,,,2,2,3,1.0,6.0
201700038781,0017-12-05 17:40:00,17,12,5,17,40,910,223,LYS (RUE DES),48.86,2.28,Nuit avec éclairage allumé,En agglomération,Hors intersection,Normale,Autre collision,,,,,,,,,,,5,2,1,1.0,6.0
201700038782,0017-12-05 20:45:00,17,12,5,20,45,910,433,RN20,48.86,2.28,Nuit sans éclairage public,Hors agglomération,Hors intersection,Normale,Sans collision,,,,,,,,,,,3,1,1,1.0,7.0
201700038783,0017-12-12 11:15:00,17,12,12,11,15,910,223,MAI 1945 (AVENUE,48.44387,2.14762,Plein jour,En agglomération,Hors intersection,Normale,Autre collision,,,,,,,,,,,1,2,1,1.0,6.0
201700038784,0017-12-12 19:50:00,17,12,12,19,50,910,223,RD 191,48.86,2.28,Nuit sans éclairage public,Hors agglomération,Hors intersection,Normale,Autre collision,,,,,,,,,,,3,1,1,1.0,6.0
201700038785,0017-12-13 12:25:00,17,12,13,12,25,910,223,RD 191,48.86,2.28,Plein jour,Hors agglomération,Hors intersection,Pluie légère,Sans collision,,,,,,,,,,,1,1,1,2.0,7.0
201700038786,0017-12-16 22:40:00,17,12,16,22,40,910,433,RN20,48.44482,2.17567,Nuit avec éclairage allumé,Hors agglomération,Giratoire,Normale,Sans collision,,,,,,,,,,,5,1,6,1.0,7.0
201700038787,0017-12-19 03:40:00,17,12,19,3,40,910,433,CHATEAU (RUE DU),48.40817,2.21583,Nuit sans éclairage public,Hors agglomération,Hors intersection,Normale,Autre collision,,,,,,,,,,,3,1,1,1.0,6.0
201700038788,0017-12-20 13:55:00,17,12,20,13,55,910,223,"100, SAINT MICHEL (BOULE",48.44856,2.17101,Plein jour,En agglomération,Hors intersection,Normale,Deux véhicules - arrière,,,,,,,,,,,1,2,1,1.0,2.0
201700038789,0017-12-23 19:30:00,17,12,23,19,30,910,223,8 MAI 1945 (AVENUE,48.44027,2.15533,Nuit avec éclairage allumé,En agglomération,Hors intersection,Normale,Deux véhicules - arrière,,,,,,,,,,,5,2,1,1.0,2.0
201700038790,0017-12-26 10:45:00,17,12,26,10,45,910,223,"162, SAINT JACQUES (RUE)",48.43168,2.15141,Plein jour,En agglomération,Hors intersection,Normale,Autre collision,,,,,,,,,,,1,2,1,1.0,6.0
201700038791,0017-12-27 15:20:00,17,12,27,15,20,910,433,RD 837,48.4294,2.2561,Plein jour,Hors agglomération,Hors intersection,Pluie légère,Autre collision,,,,,,,,,,,1,1,1,2.0,6.0
201700038792,0017-12-28 14:00:00,17,12,28,14,0,910,228,CHAMPS ELYSEES (BD) N°11,48.62697,2.42399,Plein jour,En agglomération,Hors intersection,Normale,Autre collision,,,,,,,,,,,1,2,1,1.0,6.0
201700038793,0017-12-13 17:15:00,17,12,13,17,15,910,228,"1, JARLAN (RUE PERE ANDR",48.62452,2.42674,Nuit avec éclairage allumé,En agglomération,Hors intersection,Pluie légère,Autre collision,,,,,,,,,,,5,2,1,2.0,6.0
201700038794,0017-03-18 17:23:00,17,3,18,17,23,910,228,CHAMPS ELYSEES (BD)N°1A,48.63311,2.42517,Plein jour,En agglomération,Hors intersection,Normale,Autre collision,,,,,,,,,,,1,2,1,1.0,6.0
201700038795,0017-12-15 11:40:00,17,12,15,11,40,910,182,AMANDIER (AVENUE DE L'),48.62503,2.41505,Plein jour,En agglomération,Hors intersection,Pluie légère,Deux véhicules - côté,,,,,,,,,,,1,2,1,2.0,3.0
201700038796,0017-04-19 07:45:00,17,4,19,7,45,910,182,MONNERVILLE (PLACE GASTO,48.62015,2.42264,Plein jour,En agglomération,Giratoire,Normale,Deux véhicules - côté,,,,,,,,,,,1,2,6,1.0,3.0
201700038797,0017-03-17 16:30:00,17,3,17,16,30,910,228,HALAGE (CHEMIN DU),48.63554,2.45383,Plein jour,En agglomération,Intersection en T,Normale,Deux véhicules - côté,,,,,,,,,,,1,2,3,1.0,3.0
201700038798,0017-10-09 08:24:00,17,10,9,8,24,910,521,GARE BOIS DE L'EPINE,48.64,2.4,Plein jour,En agglomération,Hors intersection,Normale,Autre collision,,,,,,,,,,,1,2,1,1.0,6.0
201700038799,0017-02-06 12:10:00,17,2,6,12,10,910,521,MENNECY (ROUTE DE),48.64181,2.42019,Plein jour,Hors agglomération,Hors intersection,Normale,Deux véhicules - frontale,,,,,,,,,,,1,1,1,1.0,1.0
201700038800,0017-12-28 12:50:00,17,12,28,12,50,910,228,GENERAL PATTON (AVENUE D,48.63339,2.45268,Plein jour,En agglomération,Intersection en X,Normale,Autre collision,,,,,,,,,,,1,2,2,1.0,6.0
201700038801,0017-05-11 13:45:00,17,5,11,13,45,910,182,BRASSENS (RUE GEORGES),48.62647,2.42153,Plein jour,En agglomération,Hors intersection,Normale,Autre collision,,,,,,,,,,,1,2,1,1.0,6.0
201700038802,0017-12-07 16:50:00,17,12,7,16,50,910,521,"47, BONTE (RUE)",48.65698,2.41045,Crépuscule ou aube,En agglomération,Hors intersection,Pluie légère,Autre collision,,,,,,,,,,,2,2,1,2.0,6.0
201700038803,0017-02-18 22:30:00,17,2,18,22,30,910,228,COQUIBUS(BD),48.62106,2.44504,Nuit avec éclairage allumé,En agglomération,Intersection en T,Normale,Autre collision,,,,,,,,,,,5,2,3,1.0,6.0
201700038804,0017-12-30 12:15:00,17,12,30,12,15,910,521,"18, JOHNSTON ET RECKITT",48.65847,2.40923,Plein jour,En agglomération,Hors intersection,Pluie légère,Deux véhicules - côté,,,,,,,,,,,1,2,1,2.0,3.0
201700038805,0017-05-09 09:25:00,17,5,9,9,25,910,521,FUSILLES (PLACE DES),48.65206,2.41403,Plein jour,En agglomération,Place,Normale,Autre collision,,,,,,,,,,,1,2,7,1.0,6.0
201700038806,0017-05-19 20:10:00,17,5,19,20,10,910,228,RN7,48.62869,2.44122,Plein jour,En agglomération,Hors intersection,Pluie légère,Trois véhicules et plus - collisions multiples,,,,,,,,,,,1,2,1,2.0,5.0
201700038807,0017-11-15 18:55:00,17,11,15,18,55,910,521,BROSSOLETTE (RUE PIERRE),48.64863,2.40809,Nuit avec éclairage allumé,En agglomération,Hors intersection,Normale,Autre collision,,,,,,,,,,,5,2,1,1.0,6.0
201700038808,0017-05-21 13:30:00,17,5,21,13,30,910,182,VALSE A MILLE TEMPS (SQU,48.62974,2.41529,Plein jour,En agglomération,Place,Normale,Deux véhicules - côté,,,,,,,,,,,1,2,7,1.0,3.0
201700038809,0017-06-03 13:00:00,17,6,3,13,0,910,182,"2, VESOUL (SQUARE DE)",48.63051,2.41717,Plein jour,En agglomération,Hors intersection,Normale,Autre collision,,,,,,,,,,,1,2,1,1.0,6.0
201700038810,0017-06-06 08:20:00,17,6,6,8,20,910,521,RESISTANCE (RUE DE LA),48.63547,2.40617,Plein jour,En agglomération,Hors intersection,Normale,Deux véhicules - côté,,,,,,,,,,,1,2,1,1.0,3.0
201700038811,0017-06-26 07:36:00,17,6,26,7,36,910,521,REMY (RUE ALBERT),48.65941,2.40474,Plein jour,En agglomération,Intersection en T,Normale,Deux véhicules - côté,,,,,,,,,,,1,2,3,1.0,3.0
201700038812,0017-08-09 16:03:00,17,8,9,16,3,910,182,LAC (AV DU),48.62191,2.42518,Plein jour,En agglomération,Intersection en T,Pluie forte,Deux véhicules - côté,,,,,,,,,,,1,2,3,3.0,3.0
201700038813,0017-05-26 20:24:00,17,5,26,20,24,910,521,GRIGNY (ROUTE DE),48.65105,2.40386,Crépuscule ou aube,En agglomération,Hors intersection,Normale,Autre collision,,,,,,,,,,,2,2,1,1.0,6.0
201700038814,0017-06-20 11:00:00,17,6,20,11,0,910,228,MOUSSEAU (AVENUE DU),48.62814,2.45338,Plein jour,En agglomération,Intersection en Y,Temps éblouissant,Autre collision,,,,,,,,,,,1,2,4,7.0,6.0
201700038815,0017-09-03 16:40:00,17,9,3,16,40,910,228,RN7,48.62876,2.44112,Plein jour,En agglomération,Hors intersection,Normale,Deux véhicules - côté,,,,,,,,,,,1,2,1,1.0,3.0
201700038816,0017-09-01 19:30:00,17,9,1,19,30,910,228,CHAMPS ELYSEES (BD) Nø11,48.63769,2.42614,Crépuscule ou aube,En agglomération,Hors intersection,Pluie légère,Autre collision,,,,,,,,,,,2,2,1,2.0,6.0
201700038817,0017-10-03 13:40:00,17,10,3,13,40,910,521,"2, PLAT (RUE AUGUSTE)",48.6457,2.40615,Plein jour,En agglomération,Hors intersection,Normale,Autre collision,,,,,,,,,,,1,2,1,1.0,6.0
201700038818,0017-11-15 19:40:00,17,11,15,19,40,910,228,CHAMPS ELYSEES (BD) BD E,48.63965,2.42749,Nuit avec éclairage allumé,En agglomération,Hors intersection,Normale,Autre collision,,,,,,,,,,,5,2,1,1.0,6.0
201700038819,0017-08-04 18:55:00,17,8,4,18,55,910,521,"34, GRIGNY (ROUTE DE)",48.65293,2.40706,Plein jour,En agglomération,Hors intersection,Normale,Deux véhicules - arrière,,,,,,,,,,,1,2,1,1.0,2.0
201700038820,0017-08-07 12:50:00,17,8,7,12,50,910,228,FRANCE (BD) Nø IMPAIR,48.62909,2.43664,Plein jour,En agglomération,Hors intersection,Normale,Deux véhicules - arrière,,,,,,,,,,,1,2,1,1.0,2.0
201700038821,0017-08-23 16:25:00,17,8,23,16,25,910,228,BOISSY D'ANGLAS (ALLEE),48.62287,2.42904,Plein jour,En agglomération,Intersection en T,Normale,Deux véhicules - côté,,,,,,,,,,,1,2,3,1.0,3.0
201700038822,0017-11-15 13:40:00,17,11,15,13,40,910,228,MONSEIGNEUR ROMERO (COUR,48.62295,2.42637,Plein jour,En agglomération,Intersection en T,Normale,Deux véhicules - côté,,,,,,,,,,,1,2,3,1.0,3.0
201700038823,0017-11-22 14:55:00,17,11,22,14,55,910,228,FRANCE (BD) Nø IMPAIR,48.63,2.44,Plein jour,En agglomération,Intersection en X,Normale,Deux véhicules - côté,,,,,,,,,,,1,2,2,1.0,3.0
201700038824,0017-10-15 20:07:00,17,10,15,20,7,910,687,"152, GENERAL DE GAULLE (",48.68351,2.37667,Nuit avec éclairage allumé,En agglomération,Hors intersection,Normale,Autre collision,,,,,,,,,,,5,2,1,1.0,6.0
201700038825,0017-03-21 20:00:00,17,3,21,20,0,910,434,"120, CORBEIL (ROUTE DE)",48.65269,2.33393,Nuit avec éclairage allumé,En agglomération,Hors intersection,Normale,Autre collision,,,,,,,,,,,5,2,1,1.0,6.0
201700038826,0017-10-04 12:29:00,17,10,4,12,29,910,326,BLAZY (RUE),48.68945,2.37294,Plein jour,En agglomération,Hors intersection,Normale,Autre collision,,,,,,,,,,,1,2,1,1.0,6.0
201700038827,0017-04-04 17:15:00,17,4,4,17,15,910,687,BOULEAUX (AVENUE DES),48.65336,2.36332,Plein jour,En agglomération,Hors intersection,Normale,Autre collision,,,,,,,,,,,1,2,1,1.0,6.0
201700038828,0017-05-26 10:45:00,17,5,26,10,45,910,687,MARMONT (AVENUE),48.66371,2.37568,Plein jour,En agglomération,Hors intersection,Normale,Autre collision,,,,,,,,,,,1,2,1,1.0,6.0
201700038829,0017-05-31 19:00:00,17,5,31,19,0,910,286,RN 7,48.66806,2.39407,Plein jour,En agglomération,Hors intersection,Normale,Autre collision,,,,,,,,,,,1,2,1,1.0,6.0
201700038830,0017-06-04 18:30:00,17,6,4,18,30,910,286,JEAN-JACQUES ROUSSEAU (R,48.64789,2.3795,Plein jour,En agglomération,Intersection en X,Normale,Deux véhicules - côté,,,,,,,,,,,1,2,2,1.0,3.0
201700038831,0017-05-21 07:15:00,17,5,21,7,15,910,434,COMPIEGNE (VOIE DE),48.65796,2.36003,Plein jour,En agglomération,Intersection en X,Normale,Deux véhicules - côté,,,,,,,,,,,1,2,2,1.0,3.0
201700038832,0017-07-05 12:50:00,17,7,5,12,50,910,687,VICTOR SCHOELCHER (AVENU,48.65402,2.37089,Plein jour,En agglomération,Hors intersection,Normale,Deux véhicules - arrière,,,,,,,,,,,1,2,1,1.0,2.0
201700038833,0017-07-08 15:00:00,17,7,8,15,0,910,326,DOCTEUR VINOT (RUE DU),48.69189,2.37534,Plein jour,En agglomération,Hors intersection,Normale,Deux véhicules - côté,,,,,,,,,,,1,2,1,1.0,3.0
201700038834,0017-11-07 13:15:00,17,11,7,13,15,910,687,COMMANDANT BARRE (AVENUE,48.6601,2.36902,Plein jour,En agglomération,Intersection en X,Normale,Deux véhicules - côté,,,,,,,,,,,1,2,2,1.0,3.0
201700038835,0017-11-09 11:15:00,17,11,9,11,15,910,326,"1, TERRASSE (AVENUE DE L",48.6,2.37,Plein jour,En agglomération,Hors intersection,Normale,Autre collision,,,,,,,,,,,1,2,1,1.0,6.0
201700038836,0017-11-17 14:20:00,17,11,17,14,20,910,687,BILLOIR (RUE DU),48.66,2.36,Plein jour,En agglomération,Intersection en X,Pluie légère,Deux véhicules - côté,,,,,,,,,,,1,2,2,2.0,3.0
201700038837,0017-11-17 13:30:00,17,11,17,13,30,910,286,PLESSIS (CHEMIN DU),48.65181,2.36489,Plein jour,En agglomération,Intersection en T,Temps couvert,Trois véhicules et plus - collisions multiples,,,,,,,,,,,1,2,3,8.0,5.0
201700038838,0017-11-21 07:50:00,17,11,21,7,50,910,326,"09 bis, COUR DE FRANCE (",48.68867,2.37125,Nuit avec éclairage allumé,En agglomération,Intersection en Y,Temps couvert,Trois véhicules et plus - en chaîne,,,,,,,,,,,5,2,4,8.0,4.0
201700038839,0017-11-21 08:40:00,17,11,21,8,40,910,687,"1, JEAN-BAPTISTE LEBAS (",48.6602,2.36491,Plein jour,En agglomération,Intersection en T,Normale,Deux véhicules - frontale,,,,,,,,,,,1,2,3,1.0,1.0
201700038840,0017-11-21 08:55:00,17,11,21,8,55,910,286,CORBEIL (ROUTE DE),48.65291,2.39548,Plein jour,En agglomération,Hors intersection,Normale,Autre collision,,,,,,,,,,,1,2,1,1.0,6.0
201700038841,0017-09-14 18:50:00,17,9,14,18,50,910,286,PREMIERE ARMEE (AVENUE),48.65039,2.3908,Plein jour,En agglomération,Hors intersection,Autre,Autre collision,,,,,,,,,,,1,2,1,9.0,6.0
201700038842,0017-12-01 11:20:00,17,12,1,11,20,910,687,VICTOR SCHOELCHER (AVENU,48.64778,2.36705,Plein jour,En agglomération,Giratoire,Pluie légère,Deux véhicules - côté,,,,,,,,,,,1,2,6,2.0,3.0
201700038843,0017-11-17 21:20:00,17,11,17,21,20,910,434,CORBEIL (ROUTE DE),48.65174,2.33733,Nuit avec éclairage allumé,En agglomération,Hors intersection,Normale,Deux véhicules - arrière,,,,,,,,,,,5,2,1,1.0,2.0
201700038844,0017-12-04 17:45:00,17,12,4,17,45,910,286,1ERE ARMEE (AVENUE),48.6501,2.3897,Nuit avec éclairage allumé,En agglomération,Hors intersection,Normale,Deux véhicules - arrière,,,,,,,,,,,5,2,1,1.0,2.0
201700038845,0017-12-08 10:50:00,17,12,8,10,50,910,286,ROUTE NATIONALE 7,48.6669,2.39607,Plein jour,En agglomération,Hors intersection,Pluie légère,Deux véhicules - arrière,,,,,,,,,,,1,2,1,2.0,2.0
201700038846,0017-12-14 14:20:00,17,12,14,14,20,910,326,CHATILLON (RUE DE),48.68465,2.38917,Plein jour,En agglomération,Intersection en T,Temps couvert,Deux véhicules - frontale,,,,,,,,,,,1,2,3,8.0,1.0
201700038847,0017-12-16 00:15:00,17,12,16,0,15,910,326,GABRIEL PERI (AVENUE),48.69058,2.35154,Nuit avec éclairage allumé,En agglomération,Hors intersection,Temps couvert,Deux véhicules - frontale,,,,,,,,,,,5,2,1,8.0,1.0
201700038848,0017-12-18 19:25:00,17,12,18,19,25,910,286,EMILE ALLIAUD (AVENUE),48.64875,2.37745,Nuit avec éclairage allumé,En agglomération,Hors intersection,Normale,Trois véhicules et plus - collisions multiples,,,,,,,,,,,5,2,1,1.0,5.0
201700038849,0017-12-20 18:15:00,17,12,20,18,15,910,687,HUSSON (BOULEVARD),48.6755,2.37797,Nuit avec éclairage allumé,En agglomération,Giratoire,Pluie légère,Autre collision,,,,,,,,,,,5,2,6,2.0,6.0
201700038850,0017-12-25 11:50:00,17,12,25,11,50,910,286,CORBEIL (ROUTE DE),48.65465,2.3887,Plein jour,En agglomération,Hors intersection,Pluie légère,Deux véhicules - arrière,,,,,,,,,,,1,2,1,2.0,2.0
201700038851,0017-12-29 23:10:00,17,12,29,23,10,910,434,"47, CORBEIL (ROUTE DE)",48.65887,2.33878,Nuit avec éclairage allumé,En agglomération,Intersection en X,Pluie légère,Deux véhicules - côté,,,,,,,,,,,5,2,2,2.0,3.0
201700038852,0017-03-06 10:10:00,17,3,6,10,10,910,345,SOHIER LEONTINE  (RU,48.69425,2.29638,Plein jour,En agglomération,Intersection en T,Pluie légère,Autre collision,,,,,,,,,,,1,2,3,2.0,6.0
201700038853,0017-03-29 03:05:00,17,3,29,3,5,910,161,VINCENT MICHEL  (RUE),48.69739,2.29269,Nuit avec éclairage allumé,Hors agglomération,Hors intersection,Normale,Autre collision,,,,,,,,,,,5,1,1,1.0,6.0
201700038854,0017-07-07 13:30:00,17,7,7,13,30,910,345,CORBEIL (ROUTE DE),48.69304,2.29487,Plein jour,En agglomération,Intersection en T,Normale,Deux véhicules - côté,,,,,,,,,,,1,2,3,1.0,3.0
201700038855,0017-07-23 17:00:00,17,7,23,17,0,910,345,"163, PRESIDENT FRANCOIS",48.69,2.28833,Plein jour,En agglomération,Hors intersection,Normale,Autre collision,,,,,,,,,,,1,2,1,1.0,6.0
201700038856,0017-09-29 05:46:00,17,9,29,5,46,910,161,LONGJUMEAU (route de),48.71281,2.29814,Nuit avec éclairage allumé,En agglomération,Hors intersection,Normale,Deux véhicules - côté,,,,,,,,,,,5,2,1,1.0,3.0
201700038857,0017-10-08 05:30:00,17,10,8,5,30,910,345,"66, PRESIDENT FRANCOIS M",48.6965,2.29482,Nuit sans éclairage public,En agglomération,Hors intersection,Temps couvert,Autre collision,,,,,,,,,,,3,2,1,8.0,6.0
201700038858,0017-10-12 19:35:00,17,10,12,19,35,910,161,"1, PIERRE BROSSOLETTE (A",48.69979,2.31056,Nuit avec éclairage allumé,En agglomération,Hors intersection,Normale,Trois véhicules et plus - collisions multiples,,,,,,,,,,,5,2,1,1.0,5.0
201700038859,0017-09-03 21:10:00,17,9,3,21,10,910,161,"89, MASSY (ROUTE DE)",48.71346,2.30145,Nuit avec éclairage allumé,En agglomération,Hors intersection,Normale,Autre collision,,,,,,,,,,,5,2,1,1.0,6.0
201700038860,0017-10-31 19:20:00,17,10,31,19,20,910,161,"32, P. BROSSOLETTE (Av",48.70185,2.32001,Nuit sans éclairage public,En agglomération,Hors intersection,Normale,Deux véhicules - côté,,,,,,,,,,,3,2,1,1.0,3.0
201700038861,0017-11-09 09:16:00,17,11,9,9,16,910,161,"1, PIERRE BROSSOLETTE (A",48.69985,2.30543,Plein jour,En agglomération,Hors intersection,Normale,Autre collision,,,,,,,,,,,1,2,1,1.0,6.0
201700038862,0017-12-12 16:10:00,17,12,12,16,10,910,161,"37, CHARLES DE GAULLE (A",48.70431,2.32189,Plein jour,En agglomération,Hors intersection,Normale,Autre collision,,,,,,,,,,,1,2,1,1.0,6.0
201700038863,0017-12-20 13:00:00,17,12,20,13,0,910,161,"10, PIERRE BROSSOLETTE (",48.69912,2.30403,Plein jour,En agglomération,Hors intersection,Normale,Autre collision,,,,,,,,,,,1,2,1,1.0,6.0
201700038864,0017-12-04 11:52:00,17,12,4,11,52,910,345,1 rue P. FRANCOIS MI,48.70131,2.29585,Plein jour,En agglomération,Hors intersection,Normale,Autre collision,,,,,,,,,,,1,2,1,1.0,6.0
201700038865,0017-01-05 13:15:00,17,1,5,13,15,910,377,BASCH (RUE VICTOR),48.72736,2.27111,Plein jour,En agglomération,Hors intersection,Normale,Autre collision,,,,,,,,,,,1,2,1,1.0,6.0
201700038866,0017-01-10 19:30:00,17,1,10,19,30,910,377,BONDE (ROUTE DE LA),48.72001,2.2795,Nuit avec éclairage allumé,En agglomération,Hors intersection,Pluie légère,Deux véhicules - côté,,,,,,,,,,,5,2,1,2.0,3.0
201700038867,0017-10-13 09:40:00,17,10,13,9,40,910,377,PEROU (RUE DU),48.72,2.3,Plein jour,Hors agglomération,Hors intersection,Normale,Autre collision,,,,,,,,,,,1,1,1,1.0,6.0
201700038868,0017-01-12 13:30:00,17,1,12,13,30,910,377,EUROPE (AVENUE DE L'),48.72645,2.2793,Plein jour,En agglomération,Hors intersection,Pluie légère,Autre collision,,,,,,,,,,,1,2,1,2.0,6.0
201700038869,0017-01-12 17:50:00,17,1,12,17,50,910,377,HUIT MAI 1945 (RUE DU),48.72892,2.27499,Nuit avec éclairage allumé,En agglomération,Hors intersection,Pluie forte,Autre collision,,,,,,,,,,,5,2,1,3.0,6.0
201700038870,0017-12-12 11:50:00,17,12,12,11,50,910,689,ARAGO (BOULEVARD),48.72878,2.3175,Plein jour,Hors agglomération,Hors intersection,Normale,Deux véhicules - côté,,,,,,,,,,,1,1,1,1.0,3.0
201700038871,0017-01-12 06:30:00,17,1,12,6,30,910,377,SEMART (PLACE PIERRE),48.72492,2.25577,Crépuscule ou aube,En agglomération,Hors intersection,Normale,Autre collision,,,,,,,,,,,2,2,1,1.0,6.0
201700038872,0017-01-17 13:55:00,17,1,17,13,55,910,377,VERRIERES (AVENUE DE),48.73506,2.27313,Plein jour,En agglomération,Hors intersection,Normale,Autre collision,,,,,,,,,,,1,2,1,1.0,6.0
201700038873,0017-02-08 07:15:00,17,2,8,7,15,910,377,CARNOT (AVENUE),48.72976,2.26943,Nuit sans éclairage public,En agglomération,Giratoire,Normale,Autre collision,,,,,,,,,,,3,2,6,1.0,6.0
201700038874,0017-02-08 08:00:00,17,2,8,8,0,910,689,BERTHELOT (RUE MARCELIN),48.7418,2.31925,Plein jour,En agglomération,Giratoire,Normale,Deux véhicules - côté,,,,,,,,,,,1,2,6,1.0,3.0
201700038875,0017-02-19 16:15:00,17,2,19,16,15,910,377,BASCH (RUE VICTOR),48.7294,2.26977,Plein jour,En agglomération,Hors intersection,Normale,Deux véhicules - arrière,,,,,,,,,,,1,2,1,1.0,2.0
201700038876,0017-02-23 14:30:00,17,2,23,14,30,910,377,BOUDET (RUE PAUL),48.73892,2.30172,Plein jour,Hors agglomération,Hors intersection,Normale,Deux véhicules - côté,,,,,,,,,,,1,1,1,1.0,3.0
201700038877,0017-03-14 08:15:00,17,3,14,8,15,910,377,CARNOT (AVENUE),48.72542,2.26164,Plein jour,En agglomération,Hors intersection,Normale,Deux véhicules - arrière,,,,,,,,,,,1,2,1,1.0,2.0
201700038878,0017-03-14 20:15:00,17,3,14,20,15,910,377,"4, BOURGOGNE (AVENUE DE)",48.73449,2.29275,Nuit avec éclairage allumé,En agglomération,Intersection en X,Normale,Autre collision,,,,,,,,,,,5,2,2,1.0,6.0
201700038879,0017-03-15 18:30:00,17,3,15,18,30,910,377,AMPERE (RUE),48.72064,2.2645,Plein jour,En agglomération,Hors intersection,Normale,Autre collision,,,,,,,,,,,1,2,1,1.0,6.0
201700038880,0017-04-10 12:50:00,17,4,10,12,50,910,377,LONGJUMEAU (RUE DE),48.72766,2.28112,Plein jour,En agglomération,Hors intersection,Normale,Autre collision,,,,,,,,,,,1,2,1,1.0,6.0
201700038881,0017-01-04 08:10:00,17,1,4,8,10,910,377,CARNOT (AVENUE),48.7282,2.26533,Plein jour,Hors agglomération,Hors intersection,Normale,Deux véhicules - frontale,,,,,,,,,,,1,1,1,1.0,1.0
201700038882,0017-04-28 16:03:00,17,4,28,16,3,910,689,EUROPE (BOULEVARD DE L'),48.72681,2.32994,Plein jour,En agglomération,Hors intersection,Normale,Deux véhicules - frontale,,,,,,,,,,,1,2,1,1.0,1.0
201700038883,0017-04-29 05:50:00,17,4,29,5,50,910,377,DE LATTRE DE TASSIGNY (A,48.72524,2.28359,Crépuscule ou aube,Hors agglomération,Hors intersection,Normale,Autre collision,,,,,,,,,,,2,1,1,1.0,6.0
201700038884,0017-03-27 18:56:00,17,3,27,18,56,910,377,VALLEE DE LA BIEVRE,48.73753,2.27117,Crépuscule ou aube,En agglomération,Hors intersection,Temps éblouissant,Autre collision,,,,,,,,,,,2,2,1,7.0,6.0
201700038885,0017-05-23 17:20:00,17,5,23,17,20,910,377,EUROPE (AVENUE DE L'),48.72605,2.28178,Plein jour,En agglomération,Hors intersection,Normale,Deux véhicules - arrière,,,,,,,,,,,1,2,1,1.0,2.0
201700038886,0017-05-28 12:55:00,17,5,28,12,55,910,689,BUFFAT (PLACE GILBERT),48.73329,2.31754,Plein jour,Hors agglomération,Giratoire,Normale,Sans collision,,,,,,,,,,,1,1,6,1.0,7.0
201700038887,0017-05-28 20:00:00,17,5,28,20,0,910,377,PALAISEAU (ROUTE DE),48.72892,2.24494,Plein jour,En agglomération,Hors intersection,Normale,Deux véhicules - arrière,,,,,,,,,,,1,2,1,1.0,2.0