accident_id,datetime,annee,mois,jour,heure,minute,departement,commune_insee,adresse,latitude,longitude,luminosite,agglomeration,intersection,meteo,collision,nb_vehicules,nb_usagers,nb_indemnes,nb_tues,nb_blesses_hosp,nb_blesses_legers,age_cond_1,age_cond_2,veh_type_cond_1,veh_type_cond_2,lum_code,agg_code,int_code,atm_code,col_code
201700039246,0017-03-10 14:00:00,17,3,10,14,0,920,4,MENIL,,,Plein jour,En agglomération,Intersection en X,Normale,Deux véhicules - côté,,,,,,,,,,,1,2,2,1.0,3.0
201700039247,0017-03-14 06:00:00,17,3,14,6,0,920,4,BAS ( RUE DES ),,,Nuit avec éclairage allumé,En agglomération,Giratoire,Normale,Sans collision,,,,,,,,,,,5,2,6,1.0,7.0
201700039248,0017-03-19 15:20:00,17,3,19,15,20,920,4,"240, ARGENTEUIL AV D'",,,Plein jour,En agglomération,Hors intersection,Normale,Sans collision,,,,,,,,,,,1,2,1,1.0,7.0
201700039249,0017-12-10 17:30:00,17,12,10,17,30,920,4,"6, ROBERT LAVERGNE ( RUE",,,Crépuscule ou aube,En agglomération,Hors intersection,Normale,Autre collision,,,,,,,,,,,2,2,1,1.0,6.0
201700039250,0017-03-20 12:10:00,17,3,20,12,10,920,4,"18, COLOMBES (RUE DE 1 A",,,Plein jour,En agglomération,Hors intersection,Normale,Sans collision,,,,,,,,,,,1,2,1,1.0,7.0
201700039251,0017-12-14 06:50:00,17,12,14,6,50,920,4,VOLTAIRE  ( PLACE ),,,Plein jour,En agglomération,Giratoire,Normale,Deux véhicules - côté,,,,,,,,,,,1,2,6,1.0,3.0
201700039252,0017-03-20 10:00:00,17,3,20,10,0,920,4,"11, PIERRE BROSSOLETTE",,,Plein jour,En agglomération,Hors intersection,Normale,Sans collision,,,,,,,,,,,1,2,1,1.0,7.0
201700039253,0017-03-22 17:38:00,17,3,22,17,38,920,4,"26, HENRI POINCARE",,,Plein jour,En agglomération,Hors intersection,Normale,Autre collision,,,,,,,,,,,1,2,1,1.0,6.0
201700039254,0017-12-04 18:30:00,17,12,4,18,30,920,4,"151, VOLTAIRE ( BD 16 A",48.91184,2.29983,Nuit avec éclairage allumé,En agglomération,Hors intersection,Normale,Deux véhicules - côté,,,,,,,,,,,5,2,1,1.0,3.0
201700039255,0017-03-23 12:50:00,17,3,23,12,50,920,4,"63, DOCTEUR DERVAUX  ( Q",,,Plein jour,Hors agglomération,Autre intersection,Normale,Deux véhicules - côté,,,,,,,,,,,1,1,9,1.0,3.0
201700039256,0017-12-19 21:13:00,17,12,19,21,13,920,4,"NS, PONT DE CLICHY",48.91106,2.29883,Nuit avec éclairage allumé,En agglomération,Intersection en X,Normale,Deux véhicules - côté,,,,,,,,,,,5,2,2,1.0,3.0
201700039257,0017-03-24 08:00:00,17,3,24,8,0,920,4,"8 BIS, CHATEAU ( RUE DU",,,Plein jour,En agglomération,Hors intersection,Pluie légère,Autre collision,,,,,,,,,,,1,2,1,2.0,6.0
201700039258,0017-12-26 16:10:00,17,12,26,16,10,920,9,"143, BOURGUIGNONS ( RUE",48.91887,2.28023,Plein jour,En agglomération,Hors intersection,Normale,Autre collision,,,,,,,,,,,1,2,1,1.0,6.0
201700039259,0017-03-16 21:00:00,17,3,16,21,0,920,4,"102, ARGENTEUIL AV D'",,,Nuit avec éclairage allumé,En agglomération,Hors intersection,Normale,Autre collision,,,,,,,,,,,5,2,1,1.0,6.0
201700039260,0017-12-21 00:30:00,17,12,21,0,30,920,9,"06, HENRI LITOLFF ( RUE",48.91824,2.26238,Nuit avec éclairage allumé,En agglomération,Hors intersection,Normale,Autre collision,,,,,,,,,,,5,2,1,1.0,6.0
201700039261,0017-03-27 18:30:00,17,3,27,18,30,920,4,"24, BOURGUIGNONS (RUE 2",,,Plein jour,En agglomération,Hors intersection,Normale,Autre collision,,,,,,,,,,,1,2,1,1.0,6.0
201700039262,0017-12-21 23:35:00,17,12,21,23,35,920,4,ARGENTEUIL AV D',48.9208,2.2788,Nuit avec éclairage allumé,En agglomération,Hors intersection,Normale,Autre collision,,,,,,,,,,,5,2,1,1.0,6.0
201700039263,0017-03-28 10:00:00,17,3,28,10,0,920,4,"NS, ORGEMONT  ( AVENUE D",,,Plein jour,En agglomération,Intersection en T,Normale,Autre collision,,,,,,,,,,,1,2,3,1.0,6.0
201700039264,0017-03-30 19:15:00,17,3,30,19,15,920,4,"3, CHARLES LINNE ( RUE )",,,Plein jour,En agglomération,Hors intersection,Normale,Autre collision,,,,,,,,,,,1,2,1,1.0,6.0
201700039265,0017-04-01 15:00:00,17,4,1,15,0,920,4,ROBERT LAVERGNE ( RUE ),,,Plein jour,En agglomération,Intersection en X,Normale,Autre collision,,,,,,,,,,,1,2,2,1.0,6.0
201700039266,0017-04-04 10:20:00,17,4,4,10,20,920,4,"NS, MENIL",,,Plein jour,En agglomération,Intersection en Y,Normale,Autre collision,,,,,,,,,,,1,2,4,1.0,6.0
201700039267,0017-04-11 12:13:00,17,4,11,12,13,920,4,"56, VOLTAIRE ( BD )",,,Plein jour,En agglomération,Hors intersection,Normale,Deux véhicules - arrière,,,,,,,,,,,1,2,1,1.0,2.0
201700039268,0017-04-13 19:15:00,17,4,13,19,15,920,4,"186, AULAGNIER ( QUAI )",,,Plein jour,Hors agglomération,Hors intersection,Normale,Deux véhicules - côté,,,,,,,,,,,1,1,1,1.0,3.0
201700039269,0017-04-16 14:00:00,17,4,16,14,0,920,4,"41, VOLTAIRE ( BD )",,,Plein jour,En agglomération,Hors intersection,Normale,Autre collision,,,,,,,,,,,1,2,1,1.0,6.0
201700039270,0017-04-17 12:45:00,17,4,17,12,45,920,4,GRANDE RUE CHARLES DE GA,,,Plein jour,En agglomération,Autre intersection,Normale,Deux véhicules - côté,,,,,,,,,,,1,2,9,1.0,3.0
201700039271,0017-04-20 08:40:00,17,4,20,8,40,920,4,MARNE   ( AVENUE DE LA ),,,Plein jour,En agglomération,Intersection en X,Normale,Deux véhicules - frontale,,,,,,,,,,,1,2,2,1.0,1.0
201700039272,0017-04-20 14:20:00,17,4,20,14,20,920,9,"60, EUROPE (AVENUE)",,,Plein jour,En agglomération,Hors intersection,Normale,Deux véhicules - frontale,,,,,,,,,,,1,2,1,1.0,1.0
201700039273,0017-04-20 17:30:00,17,4,20,17,30,920,4,"NS, MARNE   ( AVENUE DE",,,Plein jour,En agglomération,Intersection en X,Normale,Deux véhicules - côté,,,,,,,,,,,1,2,2,1.0,3.0
201700039274,0017-04-25 11:40:00,17,4,25,11,40,920,4,"91, EMILE ZOLA ( RUE )",,,Plein jour,En agglomération,Hors intersection,Normale,Autre collision,,,,,,,,,,,1,2,1,1.0,6.0
201700039275,0017-04-26 07:30:00,17,4,26,7,30,920,4,"73, DOCTEUR DERVAUX  ( Q",,,Plein jour,En agglomération,Hors intersection,Normale,Deux véhicules - arrière,,,,,,,,,,,1,2,1,1.0,2.0
201700039276,0017-04-29 19:50:00,17,4,29,19,50,920,4,"10, HOTEL DE VILLE   ( P",,,Plein jour,En agglomération,Hors intersection,Normale,Deux véhicules - arrière,,,,,,,,,,,1,2,1,1.0,2.0
201700039277,0017-05-03 18:00:00,17,5,3,18,0,920,4,"345, ARGENTEUIL AV D'",,,Plein jour,En agglomération,Hors intersection,Pluie légère,Autre collision,,,,,,,,,,,1,2,1,2.0,6.0
201700039278,0017-05-09 09:30:00,17,5,9,9,30,920,4,"63, FAIDHERBE ( AVENUE )",,,Plein jour,En agglomération,Hors intersection,Normale,Deux véhicules - arrière,,,,,,,,,,,1,2,1,1.0,2.0
201700039279,0017-05-10 16:10:00,17,5,10,16,10,920,4,"35, EMILE ZOLA ( RUE )",,,Plein jour,En agglomération,Hors intersection,Normale,Autre collision,,,,,,,,,,,1,2,1,1.0,6.0
201700039280,0017-05-10 19:50:00,17,5,10,19,50,920,4,"282, GRESILLONS ( AVENUE",,,Plein jour,En agglomération,Hors intersection,Normale,Deux véhicules - côté,,,,,,,,,,,1,2,1,1.0,3.0
201700039281,0017-05-17 17:45:00,17,5,17,17,45,920,4,"12, GRESILLONS ( AVENUE",,,Plein jour,En agglomération,Hors intersection,Normale,Deux véhicules - arrière,,,,,,,,,,,1,2,1,1.0,2.0
201700039282,0017-05-18 11:30:00,17,5,18,11,30,920,4,"56, GABRIEL PERI (AVE )",,,Plein jour,En agglomération,Hors intersection,Normale,Autre collision,,,,,,,,,,,1,2,1,1.0,6.0
201700039283,0017-05-20 23:30:00,17,5,20,23,30,920,4,"NS, VOLTAIRE  ( PLACE )",,,Nuit avec éclairage allumé,En agglomération,Intersection en X,Normale,Trois véhicules et plus - collisions multiples,,,,,,,,,,,5,2,2,1.0,5.0
201700039284,0017-05-21 19:10:00,17,5,21,19,10,920,4,"97, GRESILLONS ( AVENUE",,,Plein jour,En agglomération,Hors intersection,Normale,Autre collision,,,,,,,,,,,1,2,1,1.0,6.0
201700039285,0017-05-26 15:55:00,17,5,26,15,55,920,4,"80, VOLTAIRE ( BD )",,,Plein jour,En agglomération,Hors intersection,Normale,Deux véhicules - côté,,,,,,,,,,,1,2,1,1.0,3.0
201700039286,0017-06-15 08:50:00,17,6,15,8,50,920,4,"123, DOCTEUR DERVAUX  (",48.90975,2.29415,Plein jour,En agglomération,Hors intersection,Normale,Deux véhicules - arrière,,,,,,,,,,,1,2,1,1.0,2.0
201700039287,0017-06-06 12:50:00,17,6,6,12,50,920,4,"41, REDOUTE ( AVENUE DE",48.92898,2.27925,Plein jour,En agglomération,Hors intersection,Normale,Autre collision,,,,,,,,,,,1,2,1,1.0,6.0
201700039288,0017-06-06 14:40:00,17,6,6,14,40,920,4,"146, BOURGUIGNONS ( RUE",,,Plein jour,En agglomération,Hors intersection,Normale,Autre collision,,,,,,,,,,,1,2,1,1.0,6.0
201700039289,0017-06-07 13:40:00,17,6,7,13,40,920,4,"163, AULAGNIER ( QUAI )",,,Plein jour,En agglomération,Hors intersection,Normale,Deux véhicules - côté,,,,,,,,,,,1,2,1,1.0,3.0
201700039290,0017-06-10 16:15:00,17,6,10,16,15,920,4,"NS, HENRI POINCARE",,,Plein jour,En agglomération,Hors intersection,Normale,Autre collision,,,,,,,,,,,1,2,1,1.0,6.0
201700039291,0017-06-08 17:55:00,17,6,8,17,55,920,9,"17, CHARLES-DE-GAULLE (",,,Plein jour,En agglomération,Intersection en X,Normale,Deux véhicules - arrière,,,,,,,,,,,1,2,2,1.0,2.0
201700039292,0017-06-12 16:30:00,17,6,12,16,30,920,4,ABBE LEMIRE DE L',,,Plein jour,En agglomération,Hors intersection,Normale,Sans collision,,,,,,,,,,,1,2,1,1.0,7.0
201700039293,0017-06-12 18:22:00,17,6,12,18,22,920,4,"48, GRESILLONS ( AVENUE",,,Plein jour,En agglomération,Hors intersection,Normale,Sans collision,,,,,,,,,,,1,2,1,1.0,7.0
201700039294,0017-06-13 08:30:00,17,6,13,8,30,920,4,"125, DOCTEUR DERVAUX  (",,,Plein jour,En agglomération,Hors intersection,Normale,Deux véhicules - arrière,,,,,,,,,,,1,2,1,1.0,2.0
201700039295,0017-06-15 01:00:00,17,6,15,1,0,920,4,"112, REDOUTE ( AVENUE DE",48.92956,2.28178,Nuit avec éclairage allumé,En agglomération,Hors intersection,Normale,Deux véhicules - côté,,,,,,,,,,,5,2,1,1.0,3.0
201700039296,0017-06-16 16:10:00,17,6,16,16,10,920,4,"29, AULAGNIER ( QUAI )",48.9131,2.30549,Plein jour,En agglomération,Hors intersection,Normale,Deux véhicules - arrière,,,,,,,,,,,1,2,1,1.0,2.0
201700039297,0017-06-15 19:55:00,17,6,15,19,55,920,9,"NS, CHARLES-DE-GAULLE (",48.91699,2.27309,Plein jour,En agglomération,Intersection en X,Normale,Deux véhicules - arrière,,,,,,,,,,,1,2,2,1.0,2.0
201700039298,0017-06-30 19:00:00,17,6,30,19,0,920,4,"58, VOLTAIRE ( BD )",48.91491,2.29434,Plein jour,En agglomération,Intersection en X,Normale,Deux véhicules - côté,,,,,,,,,,,1,2,2,1.0,3.0
201700039299,0017-06-26 10:20:00,17,6,26,10,20,920,4,"200, AULAGNIER ( QUAI )",48.91878,2.32086,Plein jour,En agglomération,Hors intersection,Normale,Autre collision,,,,,,,,,,,1,2,1,1.0,6.0
201700039300,0017-07-28 21:30:00,17,7,28,21,30,920,4,BAS ( RUE DES ),48.91124,2.29841,Plein jour,En agglomération,Intersection en X,Normale,Deux véhicules - côté,,,,,,,,,,,1,2,2,1.0,3.0
201700039301,0017-06-21 12:15:00,17,6,21,12,15,920,4,"81, ROBERT DUPONT",48.92256,2.28575,Plein jour,En agglomération,Hors intersection,Normale,Autre collision,,,,,,,,,,,1,2,1,1.0,6.0
201700039302,0017-06-27 14:40:00,17,6,27,14,40,920,4,"34, COLOMBES ( RUE DE 31",48.91335,2.28497,Plein jour,En agglomération,Hors intersection,Normale,Deux véhicules - frontale,,,,,,,,,,,1,2,1,1.0,1.0
201700039303,0017-07-06 11:45:00,17,7,6,11,45,920,4,"186, AULAGNIER ( QUAI )",48.91808,2.32065,Plein jour,En agglomération,Hors intersection,Normale,Deux véhicules - arrière,,,,,,,,,,,1,2,1,1.0,2.0
201700039304,0017-08-07 07:00:00,17,8,7,7,0,920,4,VOLTAIRE ( BD ),48.91027,2.28909,Plein jour,En agglomération,Intersection en X,Normale,Deux véhicules - côté,,,,,,,,,,,1,2,2,1.0,3.0
201700039305,0017-08-16 15:00:00,17,8,16,15,0,920,4,PONT DE CLICHY,48.91106,2.29884,Plein jour,En agglomération,Intersection en X,Normale,Trois véhicules et plus - collisions multiples,,,,,,,,,,,1,2,2,1.0,5.0
201700039306,0017-07-08 10:20:00,17,7,8,10,20,920,4,BAS ( RUE DES ),48.91597,2.2944,Plein jour,En agglomération,Hors intersection,Normale,Autre collision,,,,,,,,,,,1,2,1,1.0,6.0
201700039307,0017-07-19 12:40:00,17,7,19,12,40,920,4,"1-5, HENRI BERGSON",48.91166,2.31054,Plein jour,En agglomération,Hors intersection,Pluie légère,Deux véhicules - côté,,,,,,,,,,,1,2,1,2.0,3.0
201700039308,0017-06-21 21:10:00,17,6,21,21,10,920,4,"NS, REDOUTE ( AVENUE DE",48.92778,2.27555,Plein jour,En agglomération,Hors intersection,Normale,Deux véhicules - côté,,,,,,,,,,,1,2,1,1.0,3.0
201700039309,0017-07-15 10:05:00,17,7,15,10,5,920,4,"74, MARNE   ( AVENUE DE",48.90936,2.28617,Plein jour,En agglomération,Hors intersection,Normale,Sans collision,,,,,,,,,,,1,2,1,1.0,7.0
201700039310,0017-08-18 17:20:00,17,8,18,17,20,920,4,"101, VOLTAIRE ( BD )",,,Plein jour,En agglomération,Hors intersection,Normale,Sans collision,,,,,,,,,,,1,2,1,1.0,7.0
201700039311,0017-06-18 00:01:00,17,6,18,0,1,920,4,"84, ARGENTEUIL AV D'",,,Nuit avec éclairage allumé,En agglomération,Intersection en X,Normale,Deux véhicules - côté,,,,,,,,,,,5,2,2,1.0,3.0
201700039312,0017-08-21 18:35:00,17,8,21,18,35,920,4,"364, ARGENTEUIL N° 176 A",,,Plein jour,En agglomération,Hors intersection,Normale,Autre collision,,,,,,,,,,,1,2,1,1.0,6.0
201700039313,0017-09-04 19:35:00,17,9,4,19,35,920,4,"95, MENIL",,,Plein jour,En agglomération,Hors intersection,Normale,Autre collision,,,,,,,,,,,1,2,1,1.0,6.0
201700039314,0017-09-12 12:40:00,17,9,12,12,40,920,4,LOUIS ARMAND,,,Plein jour,En agglomération,Intersection en T,Normale,Autre collision,,,,,,,,,,,1,2,3,1.0,6.0
201700039315,0017-06-26 15:30:00,17,6,26,15,30,920,4,"85, DOCTEUR DERVAUX  ( Q",48.90724,2.29156,Plein jour,En agglomération,Hors intersection,Normale,Deux véhicules - côté,,,,,,,,,,,1,2,1,1.0,3.0
201700039316,0017-09-16 23:30:00,17,9,16,23,30,920,4,FREYCINET ( RUE DU ),48.9278,2.27787,Nuit avec éclairage allumé,En agglomération,Hors intersection,Normale,Deux véhicules - côté,,,,,,,,,,,5,2,1,1.0,3.0
201700039317,0017-06-30 23:50:00,17,6,30,23,50,920,4,"NS, INTERCOMMUNAL (B)",48.9314,2.2835,Nuit avec éclairage allumé,En agglomération,Hors intersection,Normale,Deux véhicules - côté,,,,,,,,,,,5,2,1,1.0,3.0
201700039318,0017-06-10 16:15:00,17,6,10,16,15,920,4,"17, HENRI POINCARE",,,Plein jour,En agglomération,Hors intersection,Normale,Autre collision,,,,,,,,,,,1,2,1,1.0,6.0
201700039319,0017-09-28 14:45:00,17,9,28,14,45,920,4,LAURENT-CELY  ( AVENUE ),48.91733,2.3084,Plein jour,En agglomération,Hors intersection,Normale,Deux véhicules - arrière,,,,,,,,,,,1,2,1,1.0,2.0
201700039320,0017-09-21 09:00:00,17,9,21,9,0,920,4,"03, MARNE   ( AVENUE DE",,,Plein jour,En agglomération,Hors intersection,Normale,Autre collision,,,,,,,,,,,1,2,1,1.0,6.0
201700039321,0017-10-27 07:20:00,17,10,27,7,20,920,4,AULAGNIER ( QUAI ),48.91808,2.32065,Nuit avec éclairage allumé,En agglomération,Hors intersection,Normale,Autre collision,,,,,,,,,,,5,2,1,1.0,6.0
201700039322,0017-10-20 08:10:00,17,10,20,8,10,920,4,AULAGNIER ( QUAI ),48.91027,2.28909,Plein jour,En agglomération,Hors intersection,Normale,Deux véhicules - arrière,,,,,,,,,,,1,2,1,1.0,2.0
201700039323,0017-10-27 20:35:00,17,10,27,20,35,920,4,"111, BAS ( RUE DES )",48.92108,2.28754,Nuit avec éclairage allumé,En agglomération,Hors intersection,Normale,Deux véhicules - côté,,,,,,,,,,,5,2,1,1.0,3.0
201700039324,0017-11-06 18:00:00,17,11,6,18,0,920,4,MENIL,,,Nuit avec éclairage non allumé,En agglomération,Hors intersection,Normale,Deux véhicules - côté,,,,,,,,,,,4,2,1,1.0,3.0
201700039325,0017-09-07 09:30:00,17,9,7,9,30,920,4,"1, REDOUTE ( AVENUE DE L",,,Plein jour,En agglomération,Hors intersection,Normale,Autre collision,,,,,,,,,,,1,2,1,1.0,6.0
201700039326,0017-09-18 09:10:00,17,9,18,9,10,920,4,"65, ARGENTEUIL AV D'",,,Plein jour,En agglomération,Hors intersection,Normale,Autre collision,,,,,,,,,,,1,2,1,1.0,6.0
201700039327,0017-08-29 21:25:00,17,8,29,21,25,920,4,"NS, PONT DE CLICHY",,,Nuit avec éclairage allumé,En agglomération,Intersection en X,Normale,Deux véhicules - côté,,,,,,,,,,,5,2,2,1.0,3.0
201700039328,0017-07-12 16:00:00,17,7,12,16,0,920,4,"73, DOCTEUR DERVAUX  ( Q",,,Plein jour,En agglomération,Hors intersection,Normale,Deux véhicules - arrière,,,,,,,,,,,1,2,1,1.0,2.0
201700039329,0017-10-27 18:32:00,17,10,27,18,32,920,4,"12, BAS ( RUE DES )",,,Plein jour,En agglomération,Hors intersection,Normale,Deux véhicules - frontale,,,,,,,,,,,1,2,1,1.0,1.0
201700039330,0017-11-19 16:20:00,17,11,19,16,20,920,4,"73, DOCTEUR DERVAUX  ( Q",,,Plein jour,En agglomération,Hors intersection,Normale,Deux véhicules - arrière,,,,,,,,,,,1,2,1,1.0,2.0
201700039331,0017-11-09 18:20:00,17,11,9,18,20,920,4,"36, BRETAGNE ( RUE DE )",,,Nuit avec éclairage allumé,En agglomération,Intersection en T,Normale,Deux véhicules - frontale,,,,,,,,,,,5,2,3,1.0,1.0
201700039332,0017-06-07 13:40:00,17,6,7,13,40,920,4,"163, AULAGNIER ( QUAI )",,,Plein jour,En agglomération,Hors intersection,Normale,Deux véhicules - côté,,,,,,,,,,,1,2,1,1.0,3.0
201700039333,0017-08-11 09:25:00,17,8,11,9,25,920,4,AULAGNIER ( QUAI ),,,Plein jour,En agglomération,Intersection en X,Normale,Deux véhicules - arrière,,,,,,,,,,,1,2,2,1.0,2.0
201700039334,0017-11-13 09:25:00,17,11,13,9,25,920,4,"102, GRESILLONS ( AVENUE",48.91585,2.30367,Plein jour,En agglomération,Hors intersection,Normale,Autre collision,,,,,,,,,,,1,2,1,1.0,6.0
201700039335,0017-11-20 08:25:00,17,11,20,8,25,920,4,MARNE   ( AVENUE DE LA ),48.90763,2.28348,Crépuscule ou aube,En agglomération,Intersection en X,Normale,Deux véhicules - côté,,,,,,,,,,,2,2,2,1.0,3.0
201700039336,0017-12-04 16:30:00,17,12,4,16,30,920,4,"12, ORGEMONT  ( AVENUE D",48.93004,2.27225,Plein jour,En agglomération,Hors intersection,Normale,Autre collision,,,,,,,,,,,1,2,1,1.0,6.0
201700039337,0017-07-17 10:30:00,17,7,17,10,30,920,4,"NS, MENIL",48.92456,2.27741,Plein jour,En agglomération,Intersection en X,Normale,Deux véhicules - côté,,,,,,,,,,,1,2,2,1.0,3.0
201700039338,0017-07-31 11:15:00,17,7,31,11,15,920,4,"131, BAS ( RUE DES )",48.9228,2.28614,Plein jour,En agglomération,Hors intersection,Normale,Trois véhicules et plus - en chaîne,,,,,,,,,,,1,2,1,1.0,4.0
201700039339,0017-08-21 07:10:00,17,8,21,7,10,920,4,"36, BRETAGNE ( RUE DE )",,,Plein jour,En agglomération,Hors intersection,Normale,Autre collision,,,,,,,,,,,1,2,1,1.0,6.0
201700039340,0017-09-11 08:40:00,17,9,11,8,40,920,4,"NS, VOLTAIRE  ( PLACE )",48.91519,2.29377,Plein jour,En agglomération,Hors intersection,Normale,Autre collision,,,,,,,,,,,1,2,1,1.0,6.0
201700039341,0017-09-13 04:42:00,17,9,13,4,42,920,4,"225, AULAGNIER ( QUAI )",48.91862,2.32083,Nuit avec éclairage allumé,En agglomération,Hors intersection,Normale,Autre collision,,,,,,,,,,,5,2,1,1.0,6.0
201700039342,0017-09-28 09:25:00,17,9,28,9,25,920,4,"341, ARGENTEUIL N° 176 A",,,Plein jour,En agglomération,Hors intersection,Pluie légère,Sans collision,,,,,,,,,,,1,2,1,2.0,7.0
201700039343,0017-09-28 10:20:00,17,9,28,10,20,920,4,"123, DOCTEUR DERVAUX  (",,,Plein jour,En agglomération,Hors intersection,Pluie légère,Sans collision,,,,,,,,,,,1,2,1,2.0,7.0
201700039344,0017-08-09 20:00:00,17,8,9,20,0,920,4,"133, BAS ( RUE DES )",,,Plein jour,En agglomération,Hors intersection,Normale,Deux véhicules - arrière,,,,,,,,,,,1,2,1,1.0,2.0
201700039345,0017-10-09 16:26:00,17,10,9,16,26,920,4,"NS, PONT DE CLICHY",,,Plein jour,Hors agglomération,Hors intersection,Normale,Sans collision,,,,,,,,,,,1,1,1,1.0,7.0
201700039346,0017-10-17 07:30:00,17,10,17,7,30,920,4,VOLTAIRE  ( PLACE ),48.91264,2.29607,Crépuscule ou aube,En agglomération,Hors intersection,Normale,Autre collision,,,,,,,,,,,2,2,1,1.0,6.0
201700039347,0017-01-10 09:30:00,17,1,10,9,30,920,7,"18, MEGISSERIE (RUE DE L",,,Nuit sans éclairage public,En agglomération,Hors intersection,Pluie légère,Autre collision,,,,,,,,,,,3,2,1,2.0,6.0
201700039348,0017-01-11 18:55:00,17,1,11,18,55,920,7,"10, JAURES (AVENUE JEAN)",,,Nuit avec éclairage allumé,En agglomération,Hors intersection,Normale,Deux véhicules - côté,,,,,,,,,,,5,2,1,1.0,3.0
201700039349,0017-01-13 21:05:00,17,1,13,21,5,920,7,CROIZAT (ROND-POINT AMBR,,,Nuit avec éclairage allumé,En agglomération,Giratoire,Normale,Deux véhicules - arrière,,,,,,,,,,,5,2,6,1.0,2.0
201700039350,0017-01-16 08:30:00,17,1,16,8,30,920,7,"182, BRIAND (AVENUE ARIS",,,Plein jour,En agglomération,Hors intersection,Normale,Trois véhicules et plus - collisions multiples,,,,,,,,,,,1,2,1,1.0,5.0
201700039351,0017-02-04 12:50:00,17,2,4,12,50,920,7,PASTEUR (AVENUE LOUIS) N,,,Plein jour,En agglomération,Intersection en X,Pluie légère,Deux véhicules - côté,,,,,,,,,,,1,2,2,2.0,3.0
201700039352,0017-02-15 02:20:00,17,2,15,2,20,920,7,"116, BRIAND (AVENUE ARIS",,,Nuit avec éclairage allumé,En agglomération,Intersection en T,Normale,Deux véhicules - côté,,,,,,,,,,,5,2,3,1.0,3.0
201700039353,0017-01-24 11:15:00,17,1,24,11,15,920,7,JAURES (AVENUE JEAN) N°,,,Plein jour,En agglomération,Intersection en T,Normale,Deux véhicules - frontale,,,,,,,,,,,1,2,3,1.0,1.0
201700039354,0017-02-26 21:40:00,17,2,26,21,40,920,7,"20, BRIAND (AVENUE ARIST",,,Nuit avec éclairage allumé,En agglomération,Hors intersection,Normale,Sans collision,,,,,,,,,,,5,2,1,1.0,7.0
201700039355,0017-03-24 18:55:00,17,3,24,18,55,920,7,"18, PASTEUR (AVENUE LOUI",,,Crépuscule ou aube,En agglomération,Intersection en T,Normale,Autre collision,,,,,,,,,,,2,2,3,1.0,6.0
201700039356,0017-03-28 18:30:00,17,3,28,18,30,920,7,"140, BRIAND (AVENUE ARIS",,,Plein jour,En agglomération,Hors intersection,Normale,Autre collision,,,,,,,,,,,1,2,1,1.0,6.0
201700039357,0017-02-28 21:30:00,17,2,28,21,30,920,7,"ANGLE, FROIDE (RUE)",,,Nuit avec éclairage allumé,En agglomération,Intersection en X,Pluie légère,Autre collision,,,,,,,,,,,5,2,2,2.0,6.0
201700039358,0017-05-04 11:00:00,17,5,4,11,0,920,7,"182, BRIAND (AVENUE ARIS",,,Plein jour,En agglomération,Hors intersection,Normale,Trois véhicules et plus - collisions multiples,,,,,,,,,,,1,2,1,1.0,5.0
201700039359,0017-04-27 18:20:00,17,4,27,18,20,920,7,"86, BLAINS (RUE DES) N°",,,Plein jour,En agglomération,Hors intersection,Normale,Autre collision,,,,,,,,,,,1,2,1,1.0,6.0
201700039360,0017-04-28 08:30:00,17,4,28,8,30,920,7,"18, PETIT (AVENUE ALBERT",,,Plein jour,En agglomération,Hors intersection,Pluie légère,Sans collision,,,,,,,,,,,1,2,1,2.0,7.0
201700039361,0017-04-16 18:55:00,17,4,16,18,55,920,7,"ANGLE, REPUBLIQUE (RUE D",,,Plein jour,En agglomération,Intersection en X,Normale,Deux véhicules - côté,,,,,,,,,,,1,2,2,1.0,3.0
201700039362,0017-05-18 18:50:00,17,5,18,18,50,920,7,"7, MARTYRS DE CHATEAUBRI",,,Crépuscule ou aube,En agglomération,Intersection en T,Pluie forte,Deux véhicules - côté,,,,,,,,,,,2,2,3,3.0,3.0
201700039363,0017-06-07 11:37:00,17,6,7,11,37,920,7,"16, BRIAND (AVENUE ARIST",,,Plein jour,En agglomération,Hors intersection,Normale,Deux véhicules - côté,,,,,,,,,,,1,2,1,1.0,3.0
201700039364,0017-06-10 20:00:00,17,6,10,20,0,920,7,"188, BRIAND (AVENUE ARIS",,,Plein jour,En agglomération,Hors intersection,Normale,Autre collision,,,,,,,,,,,1,2,1,1.0,6.0
201700039365,0017-05-24 06:15:00,17,5,24,6,15,920,7,"75, DORMOY (AVENUE MARX)",48.81051,2.30855,Crépuscule ou aube,En agglomération,Intersection en X,Normale,Deux véhicules - frontale,,,,,,,,,,,2,2,2,1.0,1.0
201700039366,0017-04-24 18:05:00,17,4,24,18,5,920,7,"51, MEUNIERS (RUE DES)",,,Plein jour,En agglomération,Hors intersection,Normale,Deux véhicules - arrière,,,,,,,,,,,1,2,1,1.0,2.0
201700039367,0017-04-19 22:00:00,17,4,19,22,0,920,7,DE GAULLE (AVENUE CHARLE,,,Nuit avec éclairage allumé,En agglomération,Hors intersection,Normale,Deux véhicules - côté,,,,,,,,,,,5,2,1,1.0,3.0
201700039368,0017-06-17 12:40:00,17,6,17,12,40,920,7,"15, TERTRES (RUE DES)",,,Plein jour,En agglomération,Hors intersection,Normale,Autre collision,,,,,,,,,,,1,2,1,1.0,6.0
201700039369,0017-06-27 18:15:00,17,6,27,18,15,920,7,"8, PETIT (AVENUE ALBERT)",,,Plein jour,En agglomération,Intersection en T,Pluie légère,Autre collision,,,,,,,,,,,1,2,3,2.0,6.0
201700039370,0017-06-28 09:05:00,17,6,28,9,5,920,7,"41, PETIT (AVENUE ALBERT",,,Plein jour,En agglomération,Autre intersection,Normale,Autre collision,,,,,,,,,,,1,2,9,1.0,6.0
201700039371,0017-07-05 07:45:00,17,7,5,7,45,920,7,"7, CHARTRES (RUE DE)",48.79729,2.93164,Plein jour,En agglomération,Hors intersection,Normale,Autre collision,,,,,,,,,,,1,2,1,1.0,6.0
201700039372,0017-07-21 16:40:00,17,7,21,16,40,920,7,RAVERA (AVENUE HENRI) N°,48.80332,2.31193,Plein jour,En agglomération,Hors intersection,Normale,Deux véhicules - côté,,,,,,,,,,,1,2,1,1.0,3.0