accident_id,datetime,annee,mois,jour,heure,minute,departement,commune_insee,adresse,latitude,longitude,luminosite,agglomeration,intersection,meteo,collision,nb_vehicules,nb_usagers,nb_indemnes,nb_tues,nb_blesses_hosp,nb_blesses_legers,age_cond_1,age_cond_2,veh_type_cond_1,veh_type_cond_2,lum_code,agg_code,int_code,atm_code,col_code
201700039497,0017-06-09 23:30:00,17,6,9,23,30,920,12,"71, YVES KERMEN (RUE) 51",48.8278,2.24023,Nuit avec éclairage allumé,En agglomération,Hors intersection,Normale,Deux véhicules - côté,,,,,,,,,,,5,2,1,1.0,3.0
201700039498,0017-06-10 22:30:00,17,6,10,22,30,920,12,PARIS (RUE DE) 97BIS/FIN,48.84136,2.23135,Nuit avec éclairage allumé,En agglomération,Intersection en T,Normale,Deux véhicules - frontale,,,,,,,,,,,5,2,3,1.0,1.0
201700039499,0017-06-11 19:00:00,17,6,11,19,0,920,12,"38, ISSY (RUE D')",48.82919,2.24452,Plein jour,En agglomération,Hors intersection,Normale,Deux véhicules - côté,,,,,,,,,,,1,2,1,1.0,3.0
201700039500,0017-06-11 21:35:00,17,6,11,21,35,920,12,CHARLES DE GAULLE (AVENU,48.84597,2.23707,Crépuscule ou aube,En agglomération,Intersection en T,Normale,Deux véhicules - côté,,,,,,,,,,,2,2,3,1.0,3.0
201700039501,0017-06-12 22:20:00,17,6,12,22,20,920,12,"28, ALPHONSE LE GALLO (Q",48.83348,2.22713,Nuit avec éclairage allumé,En agglomération,Hors intersection,Normale,Autre collision,,,,,,,,,,,5,2,1,1.0,6.0
201700039502,0017-06-13 18:00:00,17,6,13,18,0,920,12,"107, GENERAL LECLERC (AV",48.83253,2.23981,Plein jour,En agglomération,Hors intersection,Normale,Deux véhicules - arrière,,,,,,,,,,,1,2,1,1.0,2.0
201700039503,0017-06-13 18:15:00,17,6,13,18,15,920,12,"91, GALLIENI (RUE) 55/15",48.83694,2.24334,Plein jour,En agglomération,Hors intersection,Normale,Autre collision,,,,,,,,,,,1,2,1,1.0,6.0
201700039504,0017-06-14 14:40:00,17,6,14,14,40,920,12,"250TER, JEAN JAURES (BOU",48.828,2.24656,Plein jour,En agglomération,Hors intersection,Normale,Deux véhicules - frontale,,,,,,,,,,,1,2,1,1.0,1.0
201700039505,0017-06-15 07:55:00,17,6,15,7,55,920,12,"76, REPUBLIQUE (BOULEVAR",48.8331,2.24615,Plein jour,En agglomération,Hors intersection,Normale,Autre collision,,,,,,,,,,,1,2,1,1.0,6.0
201700039506,0017-06-15 08:55:00,17,6,15,8,55,920,12,PONT DE SAINT CLOUD (MET,48.84124,2.22487,Plein jour,En agglomération,Hors intersection,Normale,Autre collision,,,,,,,,,,,1,2,1,1.0,6.0
201700039507,0017-06-17 16:10:00,17,6,17,16,10,920,12,"49, REPUBLIQUE (BOULEVAR",48.83238,2.25005,Plein jour,En agglomération,Hors intersection,Normale,Autre collision,,,,,,,,,,,1,2,1,1.0,6.0
201700039508,0017-06-17 19:45:00,17,6,17,19,45,920,12,"5, GEORGES GORSE (QUAI)",48.8261,2.23316,Plein jour,En agglomération,Hors intersection,Normale,Deux véhicules - frontale,,,,,,,,,,,1,2,1,1.0,1.0
201700039509,0017-06-18 15:00:00,17,6,18,15,0,920,12,"1, PONT DE BILLANCOURT (",48.82531,2.23316,Plein jour,En agglomération,Giratoire,Normale,Deux véhicules - côté,,,,,,,,,,,1,2,6,1.0,3.0
201700039510,0017-06-19 15:10:00,17,6,19,15,10,920,12,"120, ANDRE MORIZET (AVEN",48.84015,2.23,Plein jour,En agglomération,Intersection en X,Normale,Deux véhicules - côté,,,,,,,,,,,1,2,2,1.0,3.0
201700039511,0017-06-21 12:35:00,17,6,21,12,35,920,12,GENERAL LECLERC (AVENUE,48.83051,2.23384,Plein jour,En agglomération,Hors intersection,Normale,Deux véhicules - côté,,,,,,,,,,,1,2,1,1.0,3.0
201700039512,0017-06-22 14:10:00,17,6,22,14,10,920,12,"16, ALPHONSE LE GALLO (Q",48.83183,2.22774,Plein jour,En agglomération,Hors intersection,Normale,Deux véhicules - côté,,,,,,,,,,,1,2,1,1.0,3.0
201700039513,0017-06-22 23:00:00,17,6,22,23,0,920,12,"04, ANATOLE FRANCE (BOUL",48.85046,2.23683,Nuit avec éclairage allumé,En agglomération,Hors intersection,Normale,Deux véhicules - arrière,,,,,,,,,,,5,2,1,1.0,2.0
201700039514,0017-06-27 22:30:00,17,6,27,22,30,920,12,"32, EDOUARD VAILLANT (AV",48.83651,2.25225,Nuit avec éclairage allumé,En agglomération,Hors intersection,Normale,Deux véhicules - côté,,,,,,,,,,,5,2,1,1.0,3.0
201700039515,0017-06-28 19:10:00,17,6,28,19,10,920,12,"17, QUATRE SEPTEMBRE (QU",48.84476,2.22656,Plein jour,En agglomération,Hors intersection,Normale,Trois véhicules et plus - collisions multiples,,,,,,,,,,,1,2,1,1.0,5.0
201700039516,0017-06-29 20:45:00,17,6,29,20,45,920,12,"140, CHATEAU (RUE DU) 12",48.84193,2.23822,Plein jour,En agglomération,Hors intersection,Normale,Autre collision,,,,,,,,,,,1,2,1,1.0,6.0
201700039517,0017-07-05 20:40:00,17,7,5,20,40,920,12,"8, LOUIS PASTEUR (RUE)",48.84185,2.24264,Plein jour,En agglomération,Hors intersection,Normale,Deux véhicules - arrière,,,,,,,,,,,1,2,1,1.0,2.0
201700039518,0017-07-06 18:40:00,17,7,6,18,40,920,12,"01, ALPHONSE LE GALLO (Q",48.84054,2.22451,Plein jour,En agglomération,Hors intersection,Normale,Deux véhicules - côté,,,,,,,,,,,1,2,1,1.0,3.0
201700039519,0017-06-30 12:35:00,17,6,30,12,35,920,12,"136, SILLY (RUE DE) 89/F",48.83346,2.23335,Plein jour,En agglomération,Hors intersection,Normale,Autre collision,,,,,,,,,,,1,2,1,1.0,6.0
201700039520,0017-07-07 11:15:00,17,7,7,11,15,920,12,AUTEUIL (BOULEVARD D') -,48.84554,2.25056,Plein jour,En agglomération,Intersection en X,Normale,Autre collision,,,,,,,,,,,1,2,2,1.0,6.0
201700039521,0017-07-07 14:20:00,17,7,7,14,20,920,12,"49, REINE (ROUTE DE LA)",48.83907,2.24571,Plein jour,En agglomération,Hors intersection,Normale,Autre collision,,,,,,,,,,,1,2,1,1.0,6.0
201700039522,0017-07-08 17:20:00,17,7,8,17,20,920,12,"100, VICTOR HUGO (AVENUE",48.83592,2.24474,Plein jour,En agglomération,Hors intersection,Normale,Deux véhicules - côté,,,,,,,,,,,1,2,1,1.0,3.0
201700039523,0017-07-10 09:10:00,17,7,10,9,10,920,12,"17, REINE (ROUTE DE LA)",48.83871,2.2496,Plein jour,En agglomération,Intersection en T,Pluie légère,Deux véhicules - côté,,,,,,,,,,,1,2,3,2.0,3.0
201700039524,0017-07-11 09:05:00,17,7,11,9,5,920,12,"100, GENERAL LECLERC (AV",48.8311,2.23485,Plein jour,En agglomération,Intersection en X,Pluie légère,Deux véhicules - côté,,,,,,,,,,,1,2,2,2.0,3.0
201700039525,0017-07-11 17:45:00,17,7,11,17,45,920,12,"122, GENERAL LECLERC (AV",48.83028,2.23208,Plein jour,En agglomération,Hors intersection,Pluie légère,Autre collision,,,,,,,,,,,1,2,1,2.0,6.0
201700039526,0017-07-18 16:00:00,17,7,18,16,0,920,12,"128, REINE (ROUTE DE LA)",48.84039,2.23376,Plein jour,En agglomération,Hors intersection,Normale,Deux véhicules - côté,,,,,,,,,,,1,2,1,1.0,3.0
201700039527,0017-07-27 12:00:00,17,7,27,12,0,920,12,"42, SEVRES (RUE DE) 55BI",48.83481,2.22803,Plein jour,En agglomération,Intersection en X,Temps couvert,Deux véhicules - côté,,,,,,,,,,,1,2,2,8.0,3.0
201700039528,0017-07-15 20:25:00,17,7,15,20,25,920,12,"10, MARECHAL JUIN (AVENU",48.83268,2.22867,Plein jour,En agglomération,Hors intersection,Normale,Autre collision,,,,,,,,,,,1,2,1,1.0,6.0
201700039529,0017-08-07 11:30:00,17,8,7,11,30,920,12,"71, JEAN BAPTISTE CLEMEN",48.8453,2.23586,Plein jour,En agglomération,Hors intersection,Normale,Deux véhicules - arrière,,,,,,,,,,,1,2,1,1.0,2.0
201700039530,0017-08-22 15:30:00,17,8,22,15,30,920,12,"58, REINE (ROUTE DE LA)",48.8395,2.24361,Plein jour,En agglomération,Hors intersection,Normale,Deux véhicules - côté,,,,,,,,,,,1,2,1,1.0,3.0
201700039531,0017-08-17 20:45:00,17,8,17,20,45,920,12,"100, GENERAL LECLERC (AV",48.8311,2.23484,Plein jour,En agglomération,Hors intersection,Normale,Deux véhicules - côté,,,,,,,,,,,1,2,1,1.0,3.0
201700039532,0017-08-29 14:20:00,17,8,29,14,20,920,12,GEORGES GORSE (QUAI),48.82626,2.23266,Plein jour,En agglomération,Intersection en X,Normale,Deux véhicules - côté,,,,,,,,,,,1,2,2,1.0,3.0
201700039533,0017-09-01 12:30:00,17,9,1,12,30,920,12,"51, AUTEUIL (BOULEVARD D",48.84692,2.44845,Plein jour,En agglomération,Hors intersection,Normale,Autre collision,,,,,,,,,,,1,2,1,1.0,6.0
201700039534,0017-08-31 12:45:00,17,8,31,12,45,920,12,"16, PIERRE GRENIER (AVEN",48.82696,2.24963,Plein jour,En agglomération,Hors intersection,Normale,Deux véhicules - côté,,,,,,,,,,,1,2,1,1.0,3.0
201700039535,0017-09-04 14:20:00,17,9,4,14,20,920,12,"37, VICTOR HUGO (AVENUE)",48.84017,2.24762,Plein jour,En agglomération,Hors intersection,Normale,Deux véhicules - arrière,,,,,,,,,,,1,2,1,1.0,2.0
201700039536,0017-09-06 11:15:00,17,9,6,11,15,920,12,"72, VICTOR HUGO (AVENUE)",48.83729,2.24574,Plein jour,En agglomération,Intersection en X,Normale,Deux véhicules - frontale,,,,,,,,,,,1,2,2,1.0,1.0
201700039537,0017-09-08 21:30:00,17,9,8,21,30,920,12,"100, GENERAL LECLERC (AV",48.83094,2.2347,Nuit avec éclairage allumé,En agglomération,Intersection en X,Pluie forte,Deux véhicules - côté,,,,,,,,,,,5,2,2,3.0,3.0
201700039538,0017-09-11 11:00:00,17,9,11,11,0,920,12,"11-13, ROBERT SCHUMAN (A",48.84378,2.24972,Plein jour,En agglomération,Hors intersection,Normale,Deux véhicules - côté,,,,,,,,,,,1,2,1,1.0,3.0
201700039539,0017-09-11 18:55:00,17,9,11,18,55,920,12,"55, PIERRE GRENIER (AVEN",48.83158,2.22525,Plein jour,En agglomération,Hors intersection,Normale,Deux véhicules - côté,,,,,,,,,,,1,2,1,1.0,3.0
201700039540,0017-09-14 16:40:00,17,9,14,16,40,920,12,"1, BILLANCOURT (RUE DE)",48.84458,2.23455,Plein jour,En agglomération,Hors intersection,Pluie légère,Autre collision,,,,,,,,,,,1,2,1,2.0,6.0
201700039541,0017-09-15 22:10:00,17,9,15,22,10,920,12,"26, GENERAL LECLERC (AVE",48.83301,2.241,Nuit avec éclairage allumé,En agglomération,Hors intersection,Temps couvert,Sans collision,,,,,,,,,,,5,2,1,8.0,7.0
201700039542,0017-09-17 17:34:00,17,9,17,17,34,920,12,"10, CHARLES DE GAULLE (A",48.84963,2.2379,Plein jour,En agglomération,Intersection en T,Pluie forte,Autre collision,,,,,,,,,,,1,2,3,3.0,6.0
201700039543,0017-09-20 09:50:00,17,9,20,9,50,920,12,"124, REINE (ROUTE DE LA)",48.84031,2.23449,Plein jour,En agglomération,Hors intersection,Normale,Deux véhicules - côté,,,,,,,,,,,1,2,1,1.0,3.0
201700039544,0017-09-25 08:15:00,17,9,25,8,15,920,12,"10, EDOUARD VAILLANT (AV",48.83552,2.2495,Plein jour,En agglomération,Intersection en X,Normale,Autre collision,,,,,,,,,,,1,2,2,1.0,6.0
201700039545,0017-09-27 15:15:00,17,9,27,15,15,920,12,"47, JEAN BAPTISTE CLEMEN",48.84426,2.23382,Plein jour,En agglomération,Intersection en X,Normale,Autre collision,,,,,,,,,,,1,2,2,1.0,6.0
201700039546,0017-09-29 21:20:00,17,9,29,21,20,920,12,"91, EDOUARD VAILLANT (AV",48.83405,2.24547,Nuit avec éclairage allumé,En agglomération,Hors intersection,Normale,Autre collision,,,,,,,,,,,5,2,1,1.0,6.0
201700039547,0017-10-04 16:00:00,17,10,4,16,0,920,12,MARCEL SEMBAT (PLACE),48.83375,2.24367,Plein jour,En agglomération,Place,Normale,Deux véhicules - côté,,,,,,,,,,,1,2,7,1.0,3.0
201700039548,0017-10-01 00:30:00,17,10,1,0,30,920,12,ANDRE MORIZET (AVENUE) -,48.83792,2.23423,Nuit avec éclairage allumé,En agglomération,Intersection en X,Pluie légère,Deux véhicules - côté,,,,,,,,,,,5,2,2,2.0,3.0
201700039549,0017-10-04 20:15:00,17,10,4,20,15,920,12,"19, MARECHAL DE LATTRE D",48.84096,2.22573,Nuit avec éclairage allumé,En agglomération,Hors intersection,Normale,Deux véhicules - côté,,,,,,,,,,,5,2,1,1.0,3.0
201700039550,0017-10-05 18:00:00,17,10,5,18,0,920,12,REINE (ROUTE DE LA) 82/F,48.84036,2.23025,Plein jour,En agglomération,Hors intersection,Pluie légère,Deux véhicules - côté,,,,,,,,,,,1,2,1,2.0,3.0
201700039551,0017-10-06 11:40:00,17,10,6,11,40,920,12,"36, BELLEVUE (RUE DE) 1/",48.83783,2.23036,Plein jour,En agglomération,Hors intersection,Normale,Deux véhicules - côté,,,,,,,,,,,1,2,1,1.0,3.0
201700039552,0017-10-06 13:40:00,17,10,6,13,40,920,12,"29, REPUBLIQUE (BOULEVAR",48.83206,2.2528,Plein jour,En agglomération,Intersection en X,Normale,Autre collision,,,,,,,,,,,1,2,2,1.0,6.0
201700039553,0017-10-07 14:10:00,17,10,7,14,10,920,12,"21, GEORGES SOREL (RUE)",48.83512,2.24216,Plein jour,En agglomération,Hors intersection,Normale,Autre collision,,,,,,,,,,,1,2,1,1.0,6.0
201700039554,0017-10-12 14:55:00,17,10,12,14,55,920,12,"5, TONY GARNIER (RUE)",48.83666,2.23932,Plein jour,En agglomération,Hors intersection,Normale,Autre collision,,,,,,,,,,,1,2,1,1.0,6.0
201700039555,0017-10-10 01:00:00,17,10,10,1,0,920,12,DENFERT ROCHEREAU (PLACE,48.84332,2.24611,Nuit avec éclairage allumé,En agglomération,Intersection à plus de 4 branches,Normale,Autre collision,,,,,,,,,,,5,2,5,1.0,6.0
201700039556,0017-10-10 18:50:00,17,10,10,18,50,920,12,GENERAL LECLERC (AVENUE,48.8297,2.22983,Crépuscule ou aube,En agglomération,Hors intersection,Normale,Autre collision,,,,,,,,,,,2,2,1,1.0,6.0
201700039557,0017-10-13 16:10:00,17,10,13,16,10,920,12,"1, POINT DU JOUR (QUAI D",48.83391,2.2607,Plein jour,En agglomération,Hors intersection,Normale,Trois véhicules et plus - collisions multiples,,,,,,,,,,,1,2,1,1.0,5.0
201700039558,0017-10-15 05:25:00,17,10,15,5,25,920,12,ROBERT SCHUMAN (AVENUE),48.84419,2.24983,Nuit avec éclairage allumé,En agglomération,Intersection en X,Normale,Deux véhicules - côté,,,,,,,,,,,5,2,2,1.0,3.0
201700039559,0017-10-18 20:10:00,17,10,18,20,10,920,12,"30, DE LA ROCHEFOUCAULD",48.84592,2.24211,Nuit avec éclairage allumé,En agglomération,Hors intersection,Normale,Autre collision,,,,,,,,,,,5,2,1,1.0,6.0
201700039560,0017-10-19 11:10:00,17,10,19,11,10,920,12,"105, JEAN JAURES (BOULEV",48.83768,2.2413,Plein jour,En agglomération,Hors intersection,Normale,Autre collision,,,,,,,,,,,1,2,1,1.0,6.0
201700039561,0017-10-22 22:50:00,17,10,22,22,50,920,12,"58, EDOUARD VAILLANT (AV",48.83565,2.24913,Nuit avec éclairage allumé,En agglomération,Intersection en X,Pluie légère,Deux véhicules - côté,,,,,,,,,,,5,2,2,2.0,3.0
201700039562,0017-10-27 12:30:00,17,10,27,12,30,920,12,"183, JEAN JAURES (BOULEV",48.83452,2.24312,Plein jour,En agglomération,Hors intersection,Normale,Deux véhicules - frontale,,,,,,,,,,,1,2,1,1.0,1.0
201700039563,0017-10-29 04:10:00,17,10,29,4,10,920,12,"12Bis, REINE (ROUTE DE L",,,Nuit avec éclairage allumé,En agglomération,Intersection en T,Normale,Deux véhicules - arrière,,,,,,,,,,,5,2,3,1.0,2.0
201700039564,0017-10-31 12:10:00,17,10,31,12,10,920,12,"179, GALLIENI (RUE) 142/",48.83583,2.23455,Plein jour,En agglomération,Intersection en T,Normale,Deux véhicules - côté,,,,,,,,,,,1,2,3,1.0,3.0
201700039565,0017-11-01 11:50:00,17,11,1,11,50,920,12,"1, MENUS (RUE DES)",48.84699,2.2347,Plein jour,En agglomération,Hors intersection,Normale,Sans collision,,,,,,,,,,,1,2,1,1.0,7.0
201700039566,0017-11-04 16:00:00,17,11,4,16,0,920,12,"7, REINE (ROUTE DE LA) 1",,,Plein jour,En agglomération,Hors intersection,Pluie légère,Deux véhicules - côté,,,,,,,,,,,1,2,1,2.0,3.0
201700039567,0017-11-06 12:55:00,17,11,6,12,55,920,12,GEORGES GORSE (QUAI),48.82546,2.23457,Plein jour,En agglomération,Hors intersection,Normale,Deux véhicules - côté,,,,,,,,,,,1,2,1,1.0,3.0
201700039568,0017-10-31 23:20:00,17,10,31,23,20,920,12,"1, POINT DU JOUR (QUAI D",48.83392,2.26072,Nuit avec éclairage allumé,En agglomération,Hors intersection,Normale,Trois véhicules et plus - collisions multiples,,,,,,,,,,,5,2,1,1.0,5.0
201700039569,0017-11-11 22:05:00,17,11,11,22,5,920,12,"47, JEAN JAURES (BOULEVA",48.8404,2.23978,Nuit avec éclairage allumé,En agglomération,Intersection en X,Pluie forte,Deux véhicules - côté,,,,,,,,,,,5,2,2,3.0,3.0
201700039570,0017-11-14 09:00:00,17,11,14,9,0,920,12,"48/52, POINT DU JOUR (QU",48.8283,2.25685,Plein jour,En agglomération,Hors intersection,Normale,Deux véhicules - arrière,,,,,,,,,,,1,2,1,1.0,2.0
201700039571,0017-11-12 01:30:00,17,11,12,1,30,920,12,REPUBLIQUE (BOULEVARD DE,48.83107,2.25724,Nuit avec éclairage allumé,En agglomération,Intersection en X,Pluie forte,Autre collision,,,,,,,,,,,5,2,2,3.0,6.0
201700039572,0017-11-14 19:40:00,17,11,14,19,40,920,12,"1958, VIEUX PONT DE SEVR",48.82753,2.23121,Nuit avec éclairage allumé,En agglomération,Hors intersection,Normale,Deux véhicules - côté,,,,,,,,,,,5,2,1,1.0,3.0
201700039573,0017-11-20 19:40:00,17,11,20,19,40,920,48,"35, GARDES (ROUTE DES) N",,,Nuit avec éclairage allumé,En agglomération,Hors intersection,Normale,Autre collision,,,,,,,,,,,5,2,1,1.0,6.0
201700039574,0017-11-23 16:15:00,17,11,23,16,15,920,12,EDOUARD VAILLANT (AVENUE,48.83478,2.24699,Plein jour,En agglomération,Hors intersection,Pluie légère,Deux véhicules - côté,,,,,,,,,,,1,2,1,2.0,3.0
201700039575,0017-11-27 10:40:00,17,11,27,10,40,920,12,"22, ANDRE MORIZET (AVENU",48.83511,2.24127,Plein jour,En agglomération,Hors intersection,Normale,Autre collision,,,,,,,,,,,1,2,1,1.0,6.0
201700039576,0017-11-27 19:35:00,17,11,27,19,35,920,12,"36, REPUBLIQUE (BOULEVAR",48.83234,2.25215,Nuit avec éclairage allumé,En agglomération,Intersection en X,Pluie légère,Deux véhicules - frontale,,,,,,,,,,,5,2,2,2.0,1.0
201700039577,0017-11-28 10:25:00,17,11,28,10,25,920,12,"24, ANDRE MORIZET (AVENU",48.83522,2.24108,Plein jour,En agglomération,Hors intersection,Normale,Deux véhicules - arrière,,,,,,,,,,,1,2,1,1.0,2.0
201700039578,0017-11-30 19:15:00,17,11,30,19,15,920,12,"133, CHATEAU (RUE DU) 12",48.84177,2.2379,Nuit avec éclairage allumé,En agglomération,Hors intersection,Temps couvert,Autre collision,,,,,,,,,,,5,2,1,8.0,6.0
201700039579,0017-12-08 11:50:00,17,12,8,11,50,920,12,"109, VICTOR HUGO (AVENUE",48.83503,2.24462,Plein jour,En agglomération,Hors intersection,Normale,Autre collision,,,,,,,,,,,1,2,1,1.0,6.0
201700039580,0017-12-01 20:45:00,17,12,1,20,45,920,12,"231, JEAN JAURES (BOULEV",48.83025,2.24554,Nuit avec éclairage allumé,En agglomération,Hors intersection,Temps couvert,Deux véhicules - côté,,,,,,,,,,,5,2,1,8.0,3.0
201700039581,0017-12-04 08:30:00,17,12,4,8,30,920,12,ROBERT SCHUMAN (AVENUE),48.84272,2.24896,Plein jour,En agglomération,Intersection en X,Temps couvert,Autre collision,,,,,,,,,,,1,2,2,8.0,6.0
201700039582,0017-12-06 12:50:00,17,12,6,12,50,920,12,PIERRE GRENIER (AVENUE),48.83162,2.25234,Plein jour,En agglomération,Intersection en T,Temps couvert,Deux véhicules - côté,,,,,,,,,,,1,2,3,8.0,3.0
201700039583,0017-12-06 17:10:00,17,12,6,17,10,920,12,"87, PIERRE GRENIER (AVEN",48.83366,-2.25403,Nuit avec éclairage allumé,En agglomération,Hors intersection,Normale,Autre collision,,,,,,,,,,,5,2,1,1.0,6.0
201700039584,0017-12-13 15:45:00,17,12,13,15,45,920,12,"97, REINE (ROUTE DE LA)",48.83977,2.23759,Plein jour,En agglomération,Hors intersection,Pluie légère,Autre collision,,,,,,,,,,,1,2,1,2.0,6.0
201700039585,0017-12-18 17:00:00,17,12,18,17,0,920,12,"701, GENERAL LECLERC (AV",48.83098,2.2357,Nuit avec éclairage allumé,En agglomération,Intersection en X,Normale,Autre collision,,,,,,,,,,,5,2,2,1.0,6.0
201700039586,0017-12-19 16:15:00,17,12,19,16,15,920,12,"152, GALLIENI (RUE) 142/",48.83602,2.23528,Plein jour,En agglomération,Hors intersection,Normale,Deux véhicules - côté,,,,,,,,,,,1,2,1,1.0,3.0
201700039587,0017-12-21 18:50:00,17,12,21,18,50,920,12,"1, JEAN BAPTISTE CLEMENT",48.84774,2.24161,Nuit avec éclairage allumé,En agglomération,Giratoire,Pluie légère,Deux véhicules - arrière,,,,,,,,,,,5,2,6,2.0,2.0
201700039588,0017-12-27 18:50:00,17,12,27,18,50,920,12,GALLIENI (RUE) 159/FIN,48.83568,2.23242,Nuit avec éclairage allumé,En agglomération,Intersection à plus de 4 branches,Pluie légère,Autre collision,,,,,,,,,,,5,2,5,2.0,6.0
201700039589,0017-01-04 04:00:00,17,1,4,4,0,920,71,"23BIS, CHERRIER ALPHONSE",,,Nuit avec éclairage allumé,En agglomération,Hors intersection,Normale,Autre collision,,,,,,,,,,,5,2,1,1.0,6.0
201700039590,0017-12-12 07:40:00,17,12,12,7,40,920,71,"83, BOUR5G LA REINE (AVE",48.785,2.30435,Nuit avec éclairage allumé,En agglomération,Hors intersection,Normale,Autre collision,,,,,,,,,,,5,2,1,1.0,6.0
201700039591,0017-01-05 18:47:00,17,1,5,18,47,920,19,RN 186,,,Nuit avec éclairage allumé,En agglomération,Intersection en X,Normale,Deux véhicules - côté,,,,,,,,,,,5,2,2,1.0,3.0
201700039592,0017-01-06 16:45:00,17,1,6,16,45,920,71,"174, HOUDAN (RUE)",,,Plein jour,En agglomération,Hors intersection,Normale,Trois véhicules et plus - en chaîne,,,,,,,,,,,1,2,1,1.0,4.0
201700039593,0017-01-09 08:10:00,17,1,9,8,10,920,19,"46, BELLEVUE (AVENUE)",,,Plein jour,En agglomération,Hors intersection,Normale,Deux véhicules - arrière,,,,,,,,,,,1,2,1,1.0,2.0
201700039594,0017-02-10 18:00:00,17,2,10,18,0,920,71,BOUR5G LA REINE (AVENUE,,,Nuit avec éclairage allumé,En agglomération,Giratoire,Pluie légère,Autre collision,,,,,,,,,,,5,2,6,2.0,6.0
201700039595,0017-02-17 16:15:00,17,2,17,16,15,920,19,"143, SALENGRO ROGER (RUE",,,Plein jour,En agglomération,Hors intersection,Normale,Autre collision,,,,,,,,,,,1,2,1,1.0,6.0
201700039596,0017-02-19 16:05:00,17,2,19,16,5,920,32,"77, BOUCICAUT (RUE)",,,Plein jour,En agglomération,Intersection en T,Normale,Autre collision,,,,,,,,,,,1,2,3,1.0,6.0
201700039597,0017-03-20 14:15:00,17,3,20,14,15,920,71,"1, GUESDE JULES (RUE)",,,Plein jour,En agglomération,Hors intersection,Normale,Autre collision,,,,,,,,,,,1,2,1,1.0,6.0
201700039598,0017-03-07 21:00:00,17,3,7,21,0,920,19,AVENUE GALILEE,,,Nuit avec éclairage allumé,En agglomération,Intersection en T,Normale,Deux véhicules - côté,,,,,,,,,,,5,2,3,1.0,3.0
201700039599,0017-03-29 12:45:00,17,3,29,12,45,920,32,"22, DORMOY MAX (AVENUE)",,,Plein jour,En agglomération,Hors intersection,Normale,Trois véhicules et plus - collisions multiples,,,,,,,,,,,1,2,1,1.0,5.0
201700039600,0017-03-30 16:25:00,17,3,30,16,25,920,19,SULLY PRU'DHOMME (AVENUE,,,Plein jour,En agglomération,Hors intersection,Normale,Deux véhicules - arrière,,,,,,,,,,,1,2,1,1.0,2.0
201700039601,0017-04-03 09:20:00,17,4,3,9,20,920,32,MOUILLEBOEUFS (CARREFOUR,,,Plein jour,En agglomération,Giratoire,Normale,Deux véhicules - côté,,,,,,,,,,,1,2,6,1.0,3.0
201700039602,0017-04-20 10:30:00,17,4,20,10,30,920,71,FONTENAY (RUE DE),,,Plein jour,En agglomération,Hors intersection,Normale,Autre collision,,,,,,,,,,,1,2,1,1.0,6.0
201700039603,0017-04-23 18:00:00,17,4,23,18,0,920,71,DUCHESSE DU MAINE (AVENU,,,Plein jour,En agglomération,Hors intersection,Normale,Deux véhicules - côté,,,,,,,,,,,1,2,1,1.0,3.0
201700039604,0017-04-27 08:40:00,17,4,27,8,40,920,19,SULLY PRU'DHOMME (AVENUE,,,Plein jour,En agglomération,Hors intersection,Normale,Autre collision,,,,,,,,,,,1,2,1,1.0,6.0
201700039605,0017-04-28 01:35:00,17,4,28,1,35,920,32,"68, ESTIENNE D'ORVES (RU",,,Nuit sans éclairage public,En agglomération,Hors intersection,Normale,Sans collision,,,,,,,,,,,3,2,1,1.0,7.0
201700039606,0017-05-15 19:45:00,17,5,15,19,45,920,19,"293, DIVISION LECLERC (A",,,Plein jour,En agglomération,Intersection en X,Normale,Trois véhicules et plus - collisions multiples,,,,,,,,,,,1,2,2,1.0,5.0
201700039607,0017-05-19 15:00:00,17,5,19,15,0,920,19,11 NOVEMBRE 1918 (CARREF,,,Plein jour,En agglomération,Giratoire,Normale,Trois véhicules et plus - collisions multiples,,,,,,,,,,,1,2,6,1.0,5.0
201700039608,0017-06-13 16:40:00,17,6,13,16,40,920,19,"23, VALLEES (RUE DES)",48.76461,2.279,Plein jour,En agglomération,Hors intersection,Normale,Autre collision,,,,,,,,,,,1,2,1,1.0,6.0
201700039609,0017-06-24 10:50:00,17,6,24,10,50,920,19,FAYO VINCENT (RUE),,,Plein jour,En agglomération,Intersection en X,Normale,Deux véhicules - côté,,,,,,,,,,,1,2,2,1.0,3.0
201700039610,0017-06-24 18:45:00,17,6,24,18,45,920,19,"5, FRERES MONTGOLFIERS (",,,Plein jour,En agglomération,Hors intersection,Normale,Autre collision,,,,,,,,,,,1,2,1,1.0,6.0
201700039611,0017-06-26 18:25:00,17,6,26,18,25,920,32,"5, PERVENCHES (RUE DES)",,,Plein jour,En agglomération,Hors intersection,Normale,Autre collision,,,,,,,,,,,1,2,1,1.0,6.0
201700039612,0017-07-08 05:40:00,17,7,8,5,40,920,19,JUSTICE (CHEMIN),,,Crépuscule ou aube,En agglomération,Hors intersection,Normale,Autre collision,,,,,,,,,,,2,2,1,1.0,6.0
201700039613,0017-07-09 22:10:00,17,7,9,22,10,920,71,POINCARE RAYMOND (AVENUE,,,Nuit avec éclairage allumé,En agglomération,Hors intersection,Pluie forte,Deux véhicules - arrière,,,,,,,,,,,5,2,1,3.0,2.0
201700039614,0017-07-28 19:15:00,17,7,28,19,15,920,32,"80, FOCH MARECHAL (AVENU",,,Plein jour,En agglomération,Hors intersection,Normale,Autre collision,,,,,,,,,,,1,2,1,1.0,6.0
201700039615,0017-07-30 11:40:00,17,7,30,11,40,920,71,HONNEUR (ALLEE D'),,,Plein jour,En agglomération,Hors intersection,Normale,Trois véhicules et plus - collisions multiples,,,,,,,,,,,1,2,1,1.0,5.0