accident_id,datetime,annee,mois,jour,heure,minute,departement,commune_insee,adresse,latitude,longitude,luminosite,agglomeration,intersection,meteo,collision,nb_vehicules,nb_usagers,nb_indemnes,nb_tues,nb_blesses_hosp,nb_blesses_legers,age_cond_1,age_cond_2,veh_type_cond_1,veh_type_cond_2,lum_code,agg_code,int_code,atm_code,col_code
201700039616,0017-08-01 18:00:00,17,8,1,18,0,920,32,"41, FAUVETTES (RUE DES)",,,Plein jour,En agglomération,Intersection en X,Normale,Deux véhicules - frontale,,,,,,,,,,,1,2,2,1.0,1.0
201700039617,0017-09-01 04:35:00,17,9,1,4,35,920,19,LAFARGUE PAUL (RUE),48.76417,2.26183,Nuit avec éclairage allumé,En agglomération,Intersection en X,Normale,Deux véhicules - frontale,,,,,,,,,,,5,2,2,1.0,1.0
201700039618,0017-09-09 13:50:00,17,9,9,13,50,920,19,SALENGRO ROGER (RUE),48.7669,2.27232,Plein jour,En agglomération,Hors intersection,Normale,Trois véhicules et plus - en chaîne,,,,,,,,,,,1,2,1,1.0,4.0
201700039619,0017-09-23 08:55:00,17,9,23,8,55,920,19,"143, SALENGRO ROGER (RUE",48.76639,2.27245,Plein jour,En agglomération,Hors intersection,Normale,Autre collision,,,,,,,,,,,1,2,1,1.0,6.0
201700039620,0017-09-25 17:45:00,17,9,25,17,45,920,71,"3, ROOSEVELT PRESIDENT F",48.77743,2.30662,Plein jour,En agglomération,Hors intersection,Normale,Autre collision,,,,,,,,,,,1,2,1,1.0,6.0
201700039621,0017-09-26 09:50:00,17,9,26,9,50,920,19,"237, DIVISION LECLERC (A",48.76409,2.27027,Plein jour,En agglomération,Hors intersection,Temps couvert,Autre collision,,,,,,,,,,,1,2,1,8.0,6.0
201700039622,0017-10-03 11:40:00,17,10,3,11,40,920,32,JOLIOT CURIE (RUE),48.79139,2.27408,Plein jour,En agglomération,Hors intersection,Normale,Autre collision,,,,,,,,,,,1,2,1,1.0,6.0
201700039623,0017-10-14 10:35:00,17,10,14,10,35,920,19,DIVISION LECLERC (AVENUE,48.76478,2.26526,Plein jour,En agglomération,Intersection en X,Normale,Deux véhicules - côté,,,,,,,,,,,1,2,2,1.0,3.0
201700039624,0017-10-05 08:45:00,17,10,5,8,45,920,19,"81, CLEMENT JEAN BAPTIST",48.75915,2.27038,Plein jour,En agglomération,Hors intersection,Normale,Autre collision,,,,,,,,,,,1,2,1,1.0,6.0
201700039625,0017-09-26 12:50:00,17,9,26,12,50,920,19,"297, DIVISION LECLERC (A",48.76474,2.26516,Plein jour,En agglomération,Hors intersection,Normale,Autre collision,,,,,,,,,,,1,2,1,1.0,6.0
201700039626,0017-10-17 08:40:00,17,10,17,8,40,920,19,"55, SULLY PRU'DHOMME (AV",48.76778,2.28902,Plein jour,En agglomération,Hors intersection,Normale,Deux véhicules - côté,,,,,,,,,,,1,2,1,1.0,3.0
201700039627,0017-10-18 15:30:00,17,10,18,15,30,920,19,"351, DIVISION LECLERC (A",48.76903,2.24976,Plein jour,En agglomération,Intersection à plus de 4 branches,Normale,Deux véhicules - côté,,,,,,,,,,,1,2,5,1.0,3.0
201700039628,0017-10-18 20:47:00,17,10,18,20,47,920,32,"44, DORMOY MAX (AVENUE)",48.79237,2.29496,Nuit avec éclairage allumé,En agglomération,Intersection en X,Normale,Deux véhicules - côté,,,,,,,,,,,5,2,2,1.0,3.0
201700039629,0017-10-20 08:40:00,17,10,20,8,40,920,19,"192, DIVISION LECLERC (A",48.7635,2.27511,Plein jour,En agglomération,Hors intersection,Normale,Autre collision,,,,,,,,,,,1,2,1,1.0,6.0
201700039630,0017-12-14 18:00:00,17,12,14,18,0,920,19,"5, FRERES MONTGOLFIERS (",48.76819,2.25038,Nuit avec éclairage allumé,En agglomération,Hors intersection,Normale,Autre collision,,,,,,,,,,,5,2,1,1.0,6.0
201700039631,0017-12-21 19:15:00,17,12,21,19,15,920,71,"144 bis, GENERAL LECLERC",48.77489,2.31335,Nuit avec éclairage allumé,En agglomération,Hors intersection,Pluie légère,Autre collision,,,,,,,,,,,5,2,1,2.0,6.0
201700039632,0017-12-22 08:10:00,17,12,22,8,10,920,71,"12, POINCARRE RAYMOND (R",48.78146,2.29942,Crépuscule ou aube,En agglomération,Hors intersection,Pluie légère,Autre collision,,,,,,,,,,,2,2,1,2.0,6.0
201700039633,0017-12-28 21:20:00,17,12,28,21,20,920,19,LECLERC DIVISION (AVENUE,48.76344,2.27489,Nuit avec éclairage allumé,En agglomération,Intersection en T,Normale,Deux véhicules - côté,,,,,,,,,,,5,2,3,1.0,3.0
201700039634,0017-12-21 20:25:00,17,12,21,20,25,920,60,"00, LIBERATION (AVENUE D",48.77953,2.25162,Nuit avec éclairage allumé,En agglomération,Giratoire,Normale,Deux véhicules - côté,,,,,,,,,,,5,2,6,1.0,3.0
201700039635,0017-06-04 10:00:00,17,6,4,10,0,920,19,"136, GENERAL DE GAULLE (",48.79011,2.26294,Plein jour,En agglomération,Hors intersection,Normale,Autre collision,,,,,,,,,,,1,2,1,1.0,6.0
201700039636,0017-06-06 20:00:00,17,6,6,20,0,920,60,"42, ARTHUR RANC (RUE)",48.785,2.27482,Plein jour,En agglomération,Hors intersection,Normale,Autre collision,,,,,,,,,,,1,2,1,1.0,6.0
201700039637,0017-06-08 02:35:00,17,6,8,2,35,920,19,"2, PRESIDENT ROOSEVELT (",48.80356,2.25748,Nuit avec éclairage allumé,En agglomération,Giratoire,Normale,Autre collision,,,,,,,,,,,5,2,6,1.0,6.0
201700039638,0017-06-02 17:20:00,17,6,2,17,20,920,19,"22, TROSY (RUE DU)",,,Plein jour,En agglomération,Hors intersection,Normale,Autre collision,,,,,,,,,,,1,2,1,1.0,6.0
201700039639,0017-12-14 19:30:00,17,12,14,19,30,920,23,PORTE DE TRIVAUX (RUE DE,48.78681,2.2454,Nuit avec éclairage allumé,En agglomération,Hors intersection,Pluie légère,Autre collision,,,,,,,,,,,5,2,1,2.0,6.0
201700039640,0017-06-24 19:45:00,17,6,24,19,45,920,60,"0, TOUR DE L'ETANG (RUE",48.78409,2.27,Plein jour,En agglomération,Intersection en X,Normale,Autre collision,,,,,,,,,,,1,2,2,1.0,6.0
201700039641,0017-06-24 03:15:00,17,6,24,3,15,920,60,"1, PAUL LANGEVIN (AVENUE",48.78438,2.25345,Nuit avec éclairage allumé,En agglomération,Intersection en Y,Normale,Autre collision,,,,,,,,,,,5,2,4,1.0,6.0
201700039642,0017-06-28 09:40:00,17,6,28,9,40,920,19,"20, PRESIDENT ROOSEVELT",48.8042,2.25806,Plein jour,En agglomération,Intersection en T,Normale,Deux véhicules - côté,,,,,,,,,,,1,2,3,1.0,3.0
201700039643,0017-06-23 13:40:00,17,6,23,13,40,920,19,"557, GENERAL DE GAULLE (",48.77526,2.23618,Plein jour,En agglomération,Hors intersection,Normale,Sans collision,,,,,,,,,,,1,2,1,1.0,7.0
201700039644,0017-12-21 18:30:00,17,12,21,18,30,920,60,"0, EDOUARD HERRIOT (AVEN",48.78225,2.25338,Nuit avec éclairage allumé,En agglomération,Hors intersection,Pluie légère,Sans collision,,,,,,,,,,,5,2,1,2.0,7.0
201700039645,0017-07-02 18:20:00,17,7,2,18,20,920,19,"81, PORTE DE TRIVAUX (RU",48.79041,2.25566,Plein jour,En agglomération,Hors intersection,Normale,Deux véhicules - arrière,,,,,,,,,,,1,2,1,1.0,2.0
201700039646,0017-07-02 18:30:00,17,7,2,18,30,920,19,"19, GABRIEL PERI (RUE)",48.80284,2.26702,Plein jour,En agglomération,Hors intersection,Normale,Autre collision,,,,,,,,,,,1,2,1,1.0,6.0
201700039647,0017-07-05 22:40:00,17,7,5,22,40,920,19,"0, GENERAL DE GAULLE (AV",48.78347,2.24649,Nuit avec éclairage allumé,En agglomération,Intersection en X,Normale,Autre collision,,,,,,,,,,,5,2,2,1.0,6.0
201700039648,0017-07-16 16:10:00,17,7,16,16,10,920,19,"303, GENERAL DE GAULLE (",48.78451,2.24959,Plein jour,En agglomération,Hors intersection,Normale,Deux véhicules - côté,,,,,,,,,,,1,2,1,1.0,3.0
201700039649,0017-08-06 15:00:00,17,8,6,15,0,920,19,"0, CLAUDE TREBIGNAUD (AV",48.79742,2.25293,Plein jour,En agglomération,Intersection en X,Normale,Deux véhicules - arrière,,,,,,,,,,,1,2,2,1.0,2.0
201700039650,0017-08-17 10:00:00,17,8,17,10,0,920,60,"140, RESISTANCE (AVENUE",48.78315,2.27352,Plein jour,En agglomération,Hors intersection,Pluie légère,Autre collision,,,,,,,,,,,1,2,1,2.0,6.0
201700039651,0017-08-17 13:55:00,17,8,17,13,55,920,19,"17, HENRI BARBUSSE (AVEN",48.8068,2.25902,Plein jour,En agglomération,Hors intersection,Normale,Trois véhicules et plus - en chaîne,,,,,,,,,,,1,2,1,1.0,4.0
201700039652,0017-12-15 13:35:00,17,12,15,13,35,920,60,"21, PAUL RIVET (RUE) COT",48.78298,2.25874,Plein jour,En agglomération,Hors intersection,Normale,Autre collision,,,,,,,,,,,1,2,1,1.0,6.0
201700039653,0017-09-02 22:05:00,17,9,2,22,5,920,19,"0, PAVE BLANC (ROUTE DU)",48.78075,2.23899,Nuit avec éclairage allumé,En agglomération,Intersection en T,Normale,Deux véhicules - côté,,,,,,,,,,,5,2,3,1.0,3.0
201700039654,0017-08-31 05:05:00,17,8,31,5,5,920,19,"108, PORTE DE TRIVAUX (R",48.78083,2.25867,Nuit avec éclairage allumé,En agglomération,Hors intersection,Normale,Sans collision,,,,,,,,,,,5,2,1,1.0,7.0
201700039655,0017-09-04 17:30:00,17,9,4,17,30,920,19,"0, CLAUDE TREBIGNAUD (AV",48.79785,2.25299,Plein jour,En agglomération,Hors intersection,Normale,Deux véhicules - arrière,,,,,,,,,,,1,2,1,1.0,2.0
201700039656,0017-09-06 16:55:00,17,9,6,16,55,920,19,"0, COMMANDANT DUVAL (RUE",48.77854,2.23192,Plein jour,En agglomération,Intersection en Y,Normale,Deux véhicules - arrière,,,,,,,,,,,1,2,4,1.0,2.0
201700039657,0017-07-27 17:45:00,17,7,27,17,45,920,19,"6, REAUMUR (AVENUE)",48.77832,2.23982,Plein jour,En agglomération,Hors intersection,Normale,Deux véhicules - côté,,,,,,,,,,,1,2,1,1.0,3.0
201700039658,0017-09-07 21:30:00,17,9,7,21,30,920,60,"0, DESCARTES (AVENUE)",48.77721,2.24266,Nuit avec éclairage allumé,En agglomération,Giratoire,Normale,Deux véhicules - côté,,,,,,,,,,,5,2,6,1.0,3.0
201700039659,0017-10-13 20:20:00,17,10,13,20,20,920,19,"0, PORTE DE TRIVAUX (RUE",48.78678,2.2453,Nuit avec éclairage allumé,En agglomération,Intersection en X,Normale,Autre collision,,,,,,,,,,,5,2,2,1.0,6.0
201700039660,0017-09-28 15:30:00,17,9,28,15,30,920,60,"32, PLESSIS (AVENUE DU)",48.78301,2.27843,Plein jour,En agglomération,Autre intersection,Normale,Deux véhicules - côté,,,,,,,,,,,1,2,9,1.0,3.0
201700039661,0017-09-07 19:15:00,17,9,7,19,15,920,60,"11, PIERRE D'ARTAGNAN (R",48.78053,2.25901,Crépuscule ou aube,En agglomération,Hors intersection,Normale,Deux véhicules - arrière,,,,,,,,,,,2,2,1,1.0,2.0
201700039662,0017-09-18 12:10:00,17,9,18,12,10,920,19,"15, HENRI BARBUSSE (AVEN",48.80638,2.25892,Plein jour,En agglomération,Intersection en T,Normale,Autre collision,,,,,,,,,,,1,2,3,1.0,6.0
201700039663,0017-09-20 09:30:00,17,9,20,9,30,920,19,MOULIN DE LA TOUR (BOULE,48.7885,2.26415,Plein jour,En agglomération,Intersection en T,Normale,Sans collision,,,,,,,,,,,1,2,3,1.0,7.0
201700039664,0017-09-21 08:20:00,17,9,21,8,20,920,19,"46, FORT (RUE DU)",48.79576,2.27274,Plein jour,En agglomération,Hors intersection,Normale,Autre collision,,,,,,,,,,,1,2,1,1.0,6.0
201700039665,0017-09-22 07:40:00,17,9,22,7,40,920,60,RESISTANCE (AVENUE DE LA,48.78336,2.27247,Plein jour,En agglomération,Hors intersection,Pluie légère,Deux véhicules - côté,,,,,,,,,,,1,2,1,2.0,3.0
201700039666,0017-09-26 21:30:00,17,9,26,21,30,920,60,"16, GALILEE (AVENUE)",48.77736,2.2458,Nuit avec éclairage allumé,En agglomération,Hors intersection,Normale,Sans collision,,,,,,,,,,,5,2,1,1.0,7.0
201700039667,0017-09-28 19:40:00,17,9,28,19,40,920,19,CLAUDE TREBIGNAUD (AVENU,48.79935,2.2538,Crépuscule ou aube,En agglomération,Hors intersection,Normale,Deux véhicules - côté,,,,,,,,,,,2,2,1,1.0,3.0
201700039668,0017-09-30 13:10:00,17,9,30,13,10,920,19,"134, HENRI BARBUSSE (AVE",48.81444,2.25769,Plein jour,En agglomération,Hors intersection,Normale,Autre collision,,,,,,,,,,,1,2,1,1.0,6.0
201700039669,0017-11-27 16:40:00,17,11,27,16,40,920,19,"50, VICTOR HUGO (AVENUE)",48.7622,2.26126,Crépuscule ou aube,En agglomération,Hors intersection,Pluie légère,Autre collision,,,,,,,,,,,2,2,1,2.0,6.0
201700039670,0017-10-30 17:30:00,17,10,30,17,30,920,19,"0, ILE DE FRANCE (RUE DE",48.78499,2.24131,Plein jour,En agglomération,Hors intersection,Normale,Autre collision,,,,,,,,,,,1,2,1,1.0,6.0
201700039671,0017-10-30 12:50:00,17,10,30,12,50,920,19,"0, HEBERT (RUE)",48.81161,2.27518,Plein jour,En agglomération,Intersection en X,Normale,Deux véhicules - côté,,,,,,,,,,,1,2,2,1.0,3.0
201700039672,0017-10-20 22:45:00,17,10,20,22,45,920,60,"111, MALABRY (RUE DE) N°",48.77851,2.27198,Nuit avec éclairage allumé,En agglomération,Hors intersection,Normale,Autre collision,,,,,,,,,,,5,2,1,1.0,6.0
201700039673,0017-11-28 15:25:00,17,11,28,15,25,920,19,"50, MEUDON (RUE DE)",48.80265,2.25831,Plein jour,En agglomération,Hors intersection,Pluie légère,Deux véhicules - côté,,,,,,,,,,,1,2,1,2.0,3.0
201700039674,0017-11-30 13:30:00,17,11,30,13,30,920,19,"0, CLAUDE TREBIGNAUD (AV",48.79732,2.25302,Plein jour,En agglomération,Hors intersection,Normale,Deux véhicules - arrière,,,,,,,,,,,1,2,1,1.0,2.0
201700039675,0017-10-16 14:15:00,17,10,16,14,15,920,60,PAUL LANGEVIN (AVENUE) (,48.77647,2.2494,Plein jour,En agglomération,Hors intersection,Normale,Deux véhicules - côté,,,,,,,,,,,1,2,1,1.0,3.0
201700039676,0017-10-24 10:10:00,17,10,24,10,10,920,19,MARQUIS (PLACE) N°1 ET 2,48.8054,2.25927,Plein jour,En agglomération,Giratoire,Pluie légère,Deux véhicules - arrière,,,,,,,,,,,1,2,6,2.0,2.0
201700039677,0017-10-18 15:30:00,17,10,18,15,30,920,19,"111, PORTE DE TRIVAUX (R",48.79,2.25402,Plein jour,En agglomération,Intersection en T,Normale,Deux véhicules - arrière,,,,,,,,,,,1,2,3,1.0,2.0
201700039678,0017-01-02 15:15:00,17,1,2,15,15,920,23,"00, PETIT CLAMART (ROND",,,Plein jour,En agglomération,Hors intersection,Pluie légère,Sans collision,,,,,,,,,,,1,2,1,2.0,7.0
201700039679,0017-10-17 20:10:00,17,10,17,20,10,920,19,"125, GENERAL DE GAULLE (",48.79033,2.2636,Nuit avec éclairage allumé,En agglomération,Hors intersection,Normale,Autre collision,,,,,,,,,,,5,2,1,1.0,6.0
201700039680,0017-11-04 01:05:00,17,11,4,1,5,920,19,"17, HENRI BARBUSSE (AVEN",48.80677,2.25888,Nuit avec éclairage allumé,En agglomération,Hors intersection,Normale,Autre collision,,,,,,,,,,,5,2,1,1.0,6.0
201700039681,0017-11-18 21:27:00,17,11,18,21,27,920,19,", FETES (PLACE DES) PARK",48.80333,2.2573,Nuit avec éclairage allumé,En agglomération,Giratoire,Normale,Deux véhicules - arrière,,,,,,,,,,,5,2,6,1.0,2.0
201700039682,0017-10-20 20:00:00,17,10,20,20,0,920,60,CHARLES DE GAULLE (PLACE,48.77249,2.25136,Nuit avec éclairage allumé,En agglomération,Giratoire,Normale,Deux véhicules - frontale,,,,,,,,,,,5,2,6,1.0,1.0
201700039683,0017-11-05 18:40:00,17,11,5,18,40,920,60,", EDOUARD HERRIOT (AVENU",48.78227,2.25453,Nuit avec éclairage allumé,En agglomération,Intersection en T,Normale,Deux véhicules - côté,,,,,,,,,,,5,2,3,1.0,3.0
201700039684,0017-11-20 11:20:00,17,11,20,11,20,920,19,"05, PAUL VAILLANT COUTUR",48.80159,2.26632,Plein jour,En agglomération,Hors intersection,Normale,Trois véhicules et plus - collisions multiples,,,,,,,,,,,1,2,1,1.0,5.0
201700039685,0017-12-12 05:45:00,17,12,12,5,45,920,23,"0, CLAUDE TREBIGNAUD (AV",48.79852,2.2534,Nuit avec éclairage allumé,En agglomération,Hors intersection,Pluie légère,Sans collision,,,,,,,,,,,5,2,1,2.0,7.0
201700039686,0017-11-10 16:45:00,17,11,10,16,45,920,19,FETES (PLACE DES) PARKIN,48.80303,2.25682,Plein jour,En agglomération,Giratoire,Pluie légère,Deux véhicules - arrière,,,,,,,,,,,1,2,6,2.0,2.0
201700039687,0017-12-15 08:25:00,17,12,15,8,25,920,23,"0, LEON CAMBILLARD (RUE)",48.7924,2.25652,Plein jour,En agglomération,Intersection en T,Normale,Autre collision,,,,,,,,,,,1,2,3,1.0,6.0
201700039688,0017-12-18 07:45:00,17,12,18,7,45,920,60,"0, FERNAND FOURCADE (RUE",48.77711,2.26154,Nuit avec éclairage allumé,En agglomération,Intersection en X,Normale,Autre collision,,,,,,,,,,,5,2,2,1.0,6.0
201700039689,0017-12-20 19:45:00,17,12,20,19,45,920,60,"0, CHARLES DE GAULLE (AV",48.78112,2.26358,Nuit avec éclairage allumé,En agglomération,Intersection en T,Pluie légère,Trois véhicules et plus - en chaîne,,,,,,,,,,,5,2,3,2.0,4.0
201700039690,0017-01-03 21:50:00,17,1,3,21,50,920,23,GENERAL DE GAULLE (AVENU,,,Nuit avec éclairage allumé,En agglomération,Hors intersection,Brouillard / fumée,Sans collision,,,,,,,,,,,5,2,1,5.0,7.0
201700039691,0017-01-03 21:50:00,17,1,3,21,50,920,23,CLAUDE TREBIGNAUD (AVENU,,,Nuit avec éclairage allumé,Hors agglomération,Hors intersection,Normale,Deux véhicules - arrière,,,,,,,,,,,5,1,1,1.0,2.0
201700039692,0017-01-06 19:25:00,17,1,6,19,25,920,23,PORTE DE TRIVAUX (RUE DE,,,Nuit avec éclairage allumé,En agglomération,Intersection en T,Normale,Deux véhicules - côté,,,,,,,,,,,5,2,3,1.0,3.0
201700039693,0017-01-09 12:45:00,17,1,9,12,45,920,60,"0, ARMENIE (PLACE)",,,Plein jour,En agglomération,Giratoire,Pluie légère,Deux véhicules - arrière,,,,,,,,,,,1,2,6,2.0,2.0
201700039694,0017-01-10 08:55:00,17,1,10,8,55,920,23,"0, MOULIN DE LA TOUR (BO",,,Plein jour,En agglomération,Intersection en T,Normale,Deux véhicules - côté,,,,,,,,,,,1,2,3,1.0,3.0
201700039695,0017-01-13 14:20:00,17,1,13,14,20,920,23,"0, MOULIN DE LA TOUR (BO",,,Plein jour,En agglomération,Intersection en X,Normale,Deux véhicules - côté,,,,,,,,,,,1,2,2,1.0,3.0
201700039696,0017-01-15 12:50:00,17,1,15,12,50,920,60,"02, MERISIERS (RUE DES)",,,Plein jour,En agglomération,Hors intersection,Pluie légère,Autre collision,,,,,,,,,,,1,2,1,2.0,6.0
201700039697,0017-01-13 16:20:00,17,1,13,16,20,920,23,"0, PIERRE CORBY (AVENUE)",,,Plein jour,En agglomération,Intersection en X,Pluie légère,Autre collision,,,,,,,,,,,1,2,2,2.0,6.0
201700039698,0017-01-16 18:05:00,17,1,16,18,5,920,23,"135, GENERAL DE GAULLE (",,,Nuit avec éclairage allumé,En agglomération,Hors intersection,Normale,Autre collision,,,,,,,,,,,5,2,1,1.0,6.0
201700039699,0017-01-19 09:22:00,17,1,19,9,22,920,23,"108, FLEURY (RUE DE)",,,Plein jour,En agglomération,Hors intersection,Normale,Sans collision,,,,,,,,,,,1,2,1,1.0,7.0
201700039700,0017-01-19 09:30:00,17,1,19,9,30,920,60,"0, PAUL LANGEVIN (AVENUE",,,Plein jour,En agglomération,Intersection en X,Normale,Deux véhicules - côté,,,,,,,,,,,1,2,2,1.0,3.0
201700039701,0017-01-19 18:45:00,17,1,19,18,45,920,60,"25, LEON BLUM (AVENUE) (",,,Nuit avec éclairage allumé,En agglomération,Hors intersection,Normale,Autre collision,,,,,,,,,,,5,2,1,1.0,6.0
201700039702,0017-01-25 00:35:00,17,1,25,0,35,920,23,JEAN BAPTISTE CLEMENT (A,,,Nuit avec éclairage allumé,En agglomération,Giratoire,Pluie légère,Sans collision,,,,,,,,,,,5,2,6,2.0,7.0
201700039703,0017-01-25 09:00:00,17,1,25,9,0,920,23,"00, STENDHAL (AVENUE)",,,Plein jour,En agglomération,Intersection en T,Normale,Autre collision,,,,,,,,,,,1,2,3,1.0,6.0
201700039704,0017-01-26 14:35:00,17,1,26,14,35,920,23,"00, HENRI BARBUSSE (AVEN",,,Plein jour,En agglomération,Hors intersection,Normale,Deux véhicules - arrière,,,,,,,,,,,1,2,1,1.0,2.0
201700039705,0017-01-26 08:20:00,17,1,26,8,20,920,23,"70, GENERAL DE GAULLE (A",,,Crépuscule ou aube,En agglomération,Hors intersection,Normale,Sans collision,,,,,,,,,,,2,2,1,1.0,7.0
201700039706,0017-01-29 08:45:00,17,1,29,8,45,920,23,"183, PORTE DE TRIVAUX (R",,,Plein jour,En agglomération,Hors intersection,Brouillard / fumée,Autre collision,,,,,,,,,,,1,2,1,5.0,6.0
201700039707,0017-01-27 07:05:00,17,1,27,7,5,920,23,"00, GENERAL DE GAULLE (A",,,Nuit avec éclairage allumé,En agglomération,Intersection en X,Neige / grêle,Deux véhicules - frontale,,,,,,,,,,,5,2,2,4.0,1.0
201700039708,0017-01-30 07:25:00,17,1,30,7,25,920,23,"0, GENERAL DE GAULLE (AV",,,Nuit avec éclairage allumé,En agglomération,Intersection en T,Pluie légère,Deux véhicules - côté,,,,,,,,,,,5,2,3,2.0,3.0
201700039709,0017-01-30 19:05:00,17,1,30,19,5,920,23,"17, SAINT CHRISTOPHE (RU",,,Nuit avec éclairage allumé,En agglomération,Hors intersection,Pluie légère,Autre collision,,,,,,,,,,,5,2,1,2.0,6.0
201700039710,0017-01-30 14:10:00,17,1,30,14,10,920,23,"541, GENERAL DE GAULLE (",,,Plein jour,En agglomération,Hors intersection,Normale,Sans collision,,,,,,,,,,,1,2,1,1.0,7.0
201700039711,0017-02-02 11:00:00,17,2,2,11,0,920,23,"1, SCHNEIDER (AVENUE)",,,Plein jour,En agglomération,Intersection en T,Normale,Deux véhicules - côté,,,,,,,,,,,1,2,3,1.0,3.0
201700039712,0017-02-07 09:20:00,17,2,7,9,20,920,23,"175, GENERAL DE GAULLE (",,,Plein jour,En agglomération,Hors intersection,Pluie légère,Trois véhicules et plus - collisions multiples,,,,,,,,,,,1,2,1,2.0,5.0
201700039713,0017-02-04 20:30:00,17,2,4,20,30,920,23,"0, GENERAL EISENHOWER (A",,,Nuit sans éclairage public,En agglomération,Hors intersection,Normale,Sans collision,,,,,,,,,,,3,2,1,1.0,7.0
201700039714,0017-02-10 19:35:00,17,2,10,19,35,920,23,"111, JEAN JAURES (AVENUE",,,Nuit avec éclairage allumé,En agglomération,Hors intersection,Pluie légère,Deux véhicules - arrière,,,,,,,,,,,5,2,1,2.0,2.0
201700039715,0017-02-13 06:10:00,17,2,13,6,10,920,23,"1, GENERAL DE GAULLE (AV",,,Nuit avec éclairage allumé,En agglomération,Intersection en T,Normale,Deux véhicules - frontale,,,,,,,,,,,5,2,3,1.0,1.0
201700039716,0017-02-13 10:30:00,17,2,13,10,30,920,23,"104, JEAN BAPTISTE CLEME",,,Plein jour,En agglomération,Intersection en X,Normale,Deux véhicules - arrière,,,,,,,,,,,1,2,2,1.0,2.0
201700039717,0017-02-14 21:30:00,17,2,14,21,30,920,23,"3, FLEURY (RUE DE)",,,Nuit avec éclairage allumé,En agglomération,Hors intersection,Normale,Autre collision,,,,,,,,,,,5,2,1,1.0,6.0
201700039718,0017-02-14 06:50:00,17,2,14,6,50,920,23,GENERAL DE GAULLE (AVENU,,,Nuit avec éclairage allumé,En agglomération,Hors intersection,Pluie légère,Autre collision,,,,,,,,,,,5,2,1,2.0,6.0
201700039719,0017-02-16 00:35:00,17,2,16,0,35,920,23,GENERAL DE GAULLE (AVENU,,,Nuit avec éclairage allumé,En agglomération,Intersection en X,Normale,Deux véhicules - côté,,,,,,,,,,,5,2,2,1.0,3.0
201700039720,0017-02-17 07:15:00,17,2,17,7,15,920,23,"1, CLAUDE TREBIGNAUD (AV",,,Nuit avec éclairage allumé,En agglomération,Giratoire,Pluie légère,Autre collision,,,,,,,,,,,5,2,6,2.0,6.0
201700039721,0017-02-27 13:55:00,17,2,27,13,55,920,23,"47, DIVISION LECLERC (RU",,,Plein jour,En agglomération,Hors intersection,Normale,Autre collision,,,,,,,,,,,1,2,1,1.0,6.0
201700039722,0017-02-27 21:20:00,17,2,27,21,20,920,60,"0, PLACE CHARLES PASQUA",,,Nuit avec éclairage allumé,En agglomération,Intersection en X,Normale,Autre collision,,,,,,,,,,,5,2,2,1.0,6.0
201700039723,0017-03-02 10:15:00,17,3,2,10,15,920,60,"3, LIBERATION (AVENUE DE",,,Plein jour,En agglomération,Hors intersection,Normale,Autre collision,,,,,,,,,,,1,2,1,1.0,6.0
201700039724,0017-03-06 17:25:00,17,3,6,17,25,920,23,"16, PAUL VAILLANT COUTUR",,,Plein jour,En agglomération,Hors intersection,Normale,Trois véhicules et plus - collisions multiples,,,,,,,,,,,1,2,1,1.0,5.0
201700039725,0017-03-06 22:35:00,17,3,6,22,35,920,23,"1, GENERAL EISENHOWER (A",,,Nuit avec éclairage non allumé,En agglomération,Hors intersection,Pluie légère,Deux véhicules - côté,,,,,,,,,,,4,2,1,2.0,3.0
201700039726,0017-03-09 16:10:00,17,3,9,16,10,920,23,"147, PORTE DE TRIVAUX (R",,,Plein jour,En agglomération,Hors intersection,Normale,Trois véhicules et plus - en chaîne,,,,,,,,,,,1,2,1,1.0,4.0
201700039727,0017-03-11 02:20:00,17,3,11,2,20,920,60,"0, REPUBLIQUE (AVENUE DE",,,Nuit avec éclairage allumé,En agglomération,Intersection en X,Normale,Deux véhicules - côté,,,,,,,,,,,5,2,2,1.0,3.0
201700039728,0017-03-14 18:20:00,17,3,14,18,20,920,23,"0, HENRI BARBUSSE (AVENU",,,Plein jour,En agglomération,Intersection en X,Normale,Autre collision,,,,,,,,,,,1,2,2,1.0,6.0
201700039729,0017-03-23 20:50:00,17,3,23,20,50,920,23,"337, GENERAL DE GAULLE (",,,Nuit avec éclairage allumé,En agglomération,Hors intersection,Normale,Sans collision,,,,,,,,,,,5,2,1,1.0,7.0
201700039730,0017-03-24 13:10:00,17,3,24,13,10,920,60,"4, ARISTIDE BRIAND (AVEN",,,Plein jour,En agglomération,Hors intersection,Normale,Trois véhicules et plus - en chaîne,,,,,,,,,,,1,2,1,1.0,4.0
201700039731,0017-03-30 16:35:00,17,3,30,16,35,920,23,"1, PORTE DE TRIVAUX (RUE",,,Plein jour,En agglomération,Intersection en X,Normale,Deux véhicules - arrière,,,,,,,,,,,1,2,2,1.0,2.0
201700039732,0017-04-03 18:10:00,17,4,3,18,10,920,23,"0, Nationale 306",,,Plein jour,En agglomération,Intersection en Y,Normale,Deux véhicules - côté,,,,,,,,,,,1,2,4,1.0,3.0
201700039733,0017-04-06 18:50:00,17,4,6,18,50,920,60,"0, LEON BLUM (AVENUE) (R",,,Plein jour,Hors agglomération,Hors intersection,Normale,Autre collision,,,,,,,,,,,1,1,1,1.0,6.0
201700039734,0017-04-07 07:55:00,17,4,7,7,55,920,23,"2 bis, GALILEE (AVENUE)",,,Plein jour,En agglomération,Giratoire,Normale,Autre collision,,,,,,,,,,,1,2,6,1.0,6.0