accident_id,datetime,annee,mois,jour,heure,minute,departement,commune_insee,adresse,latitude,longitude,luminosite,agglomeration,intersection,meteo,collision,nb_vehicules,nb_usagers,nb_indemnes,nb_tues,nb_blesses_hosp,nb_blesses_legers,age_cond_1,age_cond_2,veh_type_cond_1,veh_type_cond_2,lum_code,agg_code,int_code,atm_code,col_code
201700039857,0017-01-26 19:30:00,17,1,26,19,30,920,25,"3, AGENT SARRE (AV DE L'",,,Nuit avec éclairage allumé,En agglomération,Hors intersection,Normale,Autre collision,,,,,,,,,,,5,2,1,1.0,6.0
201700039858,0017-01-31 20:45:00,17,1,31,20,45,920,25,"5, VALMY (BD DE)",,,Nuit avec éclairage allumé,En agglomération,Hors intersection,Normale,Deux véhicules - frontale,,,,,,,,,,,5,2,1,1.0,1.0
201700039859,0017-02-02 14:45:00,17,2,2,14,45,920,25,GABRIEL PERI (RUE),,,Plein jour,En agglomération,Hors intersection,Normale,Deux véhicules - arrière,,,,,,,,,,,1,2,1,1.0,2.0
201700039860,0017-02-04 09:43:00,17,2,4,9,43,920,25,"0, HENRI BARBUSSE (AV)",,,Plein jour,En agglomération,Hors intersection,Normale,Deux véhicules - côté,,,,,,,,,,,1,2,1,1.0,3.0
201700039861,0017-02-08 15:30:00,17,2,8,15,30,920,25,"46, EDGARD QUINET (BD)",,,Plein jour,En agglomération,Hors intersection,Normale,Autre collision,,,,,,,,,,,1,2,1,1.0,6.0
201700039862,0017-02-11 12:20:00,17,2,11,12,20,920,25,"1, GENERAL LECLERC (PLAC",,,Plein jour,En agglomération,Hors intersection,Normale,Autre collision,,,,,,,,,,,1,2,1,1.0,6.0
201700039863,0017-02-12 14:40:00,17,2,12,14,40,920,25,GABRIEL PERI (RUE),,,Plein jour,En agglomération,Intersection en X,Normale,Deux véhicules - côté,,,,,,,,,,,1,2,2,1.0,3.0
201700039864,0017-02-12 17:00:00,17,2,12,17,0,920,25,"136, CHAMPARONS & (PETIT",,,Plein jour,En agglomération,Hors intersection,Normale,Autre collision,,,,,,,,,,,1,2,1,1.0,6.0
201700039865,0017-02-13 06:50:00,17,2,13,6,50,920,25,"26, AUDRA (AV)",,,Nuit avec éclairage allumé,En agglomération,Hors intersection,Normale,Deux véhicules - côté,,,,,,,,,,,5,2,1,1.0,3.0
201700039866,0017-02-13 19:55:00,17,2,13,19,55,920,25,"0, PAUL BERT (RUE)",,,Nuit avec éclairage allumé,En agglomération,Hors intersection,Normale,Deux véhicules - côté,,,,,,,,,,,5,2,1,1.0,3.0
201700039867,0017-02-14 09:00:00,17,2,14,9,0,920,25,"92, VALMY (BD DE)",,,Plein jour,En agglomération,Intersection en T,Normale,Deux véhicules - côté,,,,,,,,,,,1,2,3,1.0,3.0
201700039868,0017-02-18 08:36:00,17,2,18,8,36,920,25,"FACE 54, VALMY<> 1 A 53",,,Plein jour,En agglomération,Hors intersection,Normale,Autre collision,,,,,,,,,,,1,2,1,1.0,6.0
201700039869,0017-02-18 18:07:00,17,2,18,18,7,920,25,"443, GABRIEL PERI (RUE)",,,Plein jour,En agglomération,Hors intersection,Normale,Autre collision,,,,,,,,,,,1,2,1,1.0,6.0
201700039870,0017-02-20 14:55:00,17,2,20,14,55,920,25,"0, CHARLES DE GAULLE (BD",,,Plein jour,En agglomération,Intersection en X,Normale,Deux véhicules - frontale,,,,,,,,,,,1,2,2,1.0,1.0
201700039871,0017-02-23 14:00:00,17,2,23,14,0,920,25,"40, HENRI BARBUSSE (AV)",,,Plein jour,En agglomération,Hors intersection,Normale,Autre collision,,,,,,,,,,,1,2,1,1.0,6.0
201700039872,0017-02-26 22:10:00,17,2,26,22,10,920,25,"80, CHARLES DE GAULLE (B",,,Nuit avec éclairage allumé,En agglomération,Hors intersection,Normale,Trois véhicules et plus - en chaîne,,,,,,,,,,,5,2,1,1.0,4.0
201700039873,0017-02-27 17:05:00,17,2,27,17,5,920,25,"190, CHARLES DE GAULLE (",,,Plein jour,En agglomération,Hors intersection,Normale,Sans collision,,,,,,,,,,,1,2,1,1.0,7.0
201700039874,0017-03-04 10:00:00,17,3,4,10,0,920,25,"35, PAUL BERT (RUE)",,,Plein jour,En agglomération,Hors intersection,Normale,Autre collision,,,,,,,,,,,1,2,1,1.0,6.0
201700039875,0017-03-12 15:30:00,17,3,12,15,30,920,25,"0, PAUL BERT (RUE)",,,Plein jour,En agglomération,Intersection en X,Normale,Deux véhicules - côté,,,,,,,,,,,1,2,2,1.0,3.0
201700039876,0017-03-02 09:00:00,17,3,2,9,0,920,25,EUROPE (AV DE L'),,,Plein jour,En agglomération,Hors intersection,Normale,Autre collision,,,,,,,,,,,1,2,1,1.0,6.0
201700039877,0017-03-14 08:45:00,17,3,14,8,45,920,25,"31, EDGARD QUINET (BD)",,,Plein jour,En agglomération,Hors intersection,Normale,Autre collision,,,,,,,,,,,1,2,1,1.0,6.0
201700039878,0017-03-17 12:30:00,17,3,17,12,30,920,25,"1, CHARLES DE GAULLE (BD",,,Plein jour,En agglomération,Hors intersection,Normale,Deux véhicules - côté,,,,,,,,,,,1,2,1,1.0,3.0
201700039879,0017-03-18 00:05:00,17,3,18,0,5,920,25,"1, GENERAL LECLERC (PLAC",,,Nuit avec éclairage allumé,En agglomération,Intersection en X,Normale,Deux véhicules - côté,,,,,,,,,,,5,2,2,1.0,3.0
201700039880,0017-03-18 17:45:00,17,3,18,17,45,920,25,"0, SARTROUVILLE (RUE DE",,,Plein jour,En agglomération,Intersection en T,Normale,Deux véhicules - arrière,,,,,,,,,,,1,2,3,1.0,2.0
201700039881,0017-03-20 07:20:00,17,3,20,7,20,920,25,"0, STALINGRAD (AV DE)",,,Plein jour,En agglomération,Intersection en X,Normale,Deux véhicules - côté,,,,,,,,,,,1,2,2,1.0,3.0
201700039882,0017-03-21 06:45:00,17,3,21,6,45,920,25,STALINGRAD (AV DE),,,Crépuscule ou aube,En agglomération,Intersection en X,Normale,Deux véhicules - côté,,,,,,,,,,,2,2,2,1.0,3.0
201700039883,0017-03-26 14:25:00,17,3,26,14,25,920,25,CHARLES DE GAULLE (BD),,,Plein jour,En agglomération,Intersection en T,Normale,Deux véhicules - côté,,,,,,,,,,,1,2,3,1.0,3.0
201700039884,0017-03-29 14:30:00,17,3,29,14,30,920,25,"0, CHARLES DE GAULLE (BD",,,Plein jour,En agglomération,Intersection en T,Normale,Autre collision,,,,,,,,,,,1,2,3,1.0,6.0
201700039885,0017-03-30 18:55:00,17,3,30,18,55,920,25,"0, VALMY (BD DE)",,,Plein jour,En agglomération,Intersection en T,Normale,Autre collision,,,,,,,,,,,1,2,3,1.0,6.0
201700039886,0017-04-02 18:27:00,17,4,2,18,27,920,25,"421, G.PERI<>194 A 416 &",,,Plein jour,En agglomération,Intersection en T,Normale,Deux véhicules - arrière,,,,,,,,,,,1,2,3,1.0,2.0
201700039887,0017-04-03 18:15:00,17,4,3,18,15,920,25,"125, STALINGRAD (AV DE)",,,Plein jour,En agglomération,Hors intersection,Normale,Autre collision,,,,,,,,,,,1,2,1,1.0,6.0
201700039888,0017-04-04 00:10:00,17,4,4,0,10,920,25,"2, GABRIEL PERI (RUE)",,,Nuit avec éclairage allumé,En agglomération,Hors intersection,Normale,Autre collision,,,,,,,,,,,5,2,1,1.0,6.0
201700039889,0017-04-06 16:20:00,17,4,6,16,20,920,25,"177, STALINGRAD (AV DE)",,,Plein jour,En agglomération,Hors intersection,Normale,Deux véhicules - côté,,,,,,,,,,,1,2,1,1.0,3.0
201700039890,0017-04-08 16:19:00,17,4,8,16,19,920,25,"125, STALINGRAD (AV DE)",,,Plein jour,En agglomération,Intersection en T,Normale,Deux véhicules - côté,,,,,,,,,,,1,2,3,1.0,3.0
201700039891,0017-04-20 09:19:00,17,4,20,9,19,920,25,"2, VERDUN (RUE DE)",,,Plein jour,En agglomération,Hors intersection,Normale,Autre collision,,,,,,,,,,,1,2,1,1.0,6.0
201700039892,0017-04-20 13:00:00,17,4,20,13,0,920,25,"1, PRESIDENT SALVADOR AL",,,Plein jour,En agglomération,Hors intersection,Normale,Autre collision,,,,,,,,,,,1,2,1,1.0,6.0
201700039893,0017-04-22 20:15:00,17,4,22,20,15,920,25,"10, AMBROISE PARE (RUE)",,,Plein jour,En agglomération,Intersection en X,Normale,Deux véhicules - côté,,,,,,,,,,,1,2,2,1.0,3.0
201700039894,0017-04-25 09:05:00,17,4,25,9,5,920,25,"116, HENRI BARBUSSE (AV)",,,Plein jour,En agglomération,Hors intersection,Normale,Autre collision,,,,,,,,,,,1,2,1,1.0,6.0
201700039895,0017-04-28 12:05:00,17,4,28,12,5,920,25,", VALMY (BD DE)",,,Plein jour,En agglomération,Intersection en X,Normale,Deux véhicules - arrière,,,,,,,,,,,1,2,2,1.0,2.0
201700039896,0017-04-28 16:20:00,17,4,28,16,20,920,25,"23, SAINT HILAIRE (RUE)",,,Plein jour,En agglomération,Intersection en T,Normale,Deux véhicules - côté,,,,,,,,,,,1,2,3,1.0,3.0
201700039897,0017-05-01 12:00:00,17,5,1,12,0,920,25,"10, HENRI BARBUSSE (AV)",,,Plein jour,En agglomération,Hors intersection,Normale,Autre collision,,,,,,,,,,,1,2,1,1.0,6.0
201700039898,0017-05-03 09:00:00,17,5,3,9,0,920,25,"25, PAUL BERT (RUE)",,,Plein jour,En agglomération,Hors intersection,Normale,Autre collision,,,,,,,,,,,1,2,1,1.0,6.0
201700039899,0017-05-05 16:35:00,17,5,5,16,35,920,25,"9, HUIT MAI 45 (RUE DU)",,,Plein jour,En agglomération,Hors intersection,Normale,Deux véhicules - côté,,,,,,,,,,,1,2,1,1.0,3.0
201700039900,0017-05-06 13:04:00,17,5,6,13,4,920,25,"03, TOUR D'AUVERGNE (AV",,,Plein jour,En agglomération,Hors intersection,Normale,Autre collision,,,,,,,,,,,1,2,1,1.0,6.0
201700039901,0017-05-12 18:00:00,17,5,12,18,0,920,25,"1, GENERAL LECLERC (PLAC",,,Plein jour,En agglomération,Intersection en X,Normale,Deux véhicules - côté,,,,,,,,,,,1,2,2,1.0,3.0
201700039902,0017-05-14 06:26:00,17,5,14,6,26,920,25,"38, CHARLES DE GAULLE (B",48.90992,2.23542,Plein jour,En agglomération,Hors intersection,Normale,Autre collision,,,,,,,,,,,1,2,1,1.0,6.0
201700039903,0017-05-15 08:40:00,17,5,15,8,40,920,25,"143, JULES FERRY > 79 &",,,Plein jour,En agglomération,Hors intersection,Normale,Autre collision,,,,,,,,,,,1,2,1,1.0,6.0
201700039904,0017-05-17 09:40:00,17,5,17,9,40,920,25,"181, STALINGRAD (AV DE)",,,Plein jour,En agglomération,Hors intersection,Normale,Autre collision,,,,,,,,,,,1,2,1,1.0,6.0
201700039905,0017-05-19 16:35:00,17,5,19,16,35,920,25,"230, GABRIEL PERI (RUE)",,,Plein jour,En agglomération,Intersection en T,Normale,Deux véhicules - côté,,,,,,,,,,,1,2,3,1.0,3.0
201700039906,0017-05-20 13:30:00,17,5,20,13,30,920,25,"109, HENRI BARBUSSE (AV)",,,Plein jour,En agglomération,Hors intersection,Normale,Autre collision,,,,,,,,,,,1,2,1,1.0,6.0
201700039907,0017-05-24 18:43:00,17,5,24,18,43,920,25,"6, EDGARD QUINET (BD)",,,Plein jour,En agglomération,Hors intersection,Normale,Deux véhicules - côté,,,,,,,,,,,1,2,1,1.0,3.0
201700039908,0017-05-25 10:55:00,17,5,25,10,55,920,25,"220, CHARLES DE GAULLE (",,,Plein jour,En agglomération,Hors intersection,Normale,Autre collision,,,,,,,,,,,1,2,1,1.0,6.0
201700039909,0017-05-26 18:30:00,17,5,26,18,30,920,25,"33, GABRIEL PERI (RUE)",,,Plein jour,En agglomération,Intersection en X,Normale,Autre collision,,,,,,,,,,,1,2,2,1.0,6.0
201700039910,0017-05-30 17:05:00,17,5,30,17,5,920,25,"113, CHARLES DE GAULLE (",,,Plein jour,En agglomération,Hors intersection,Normale,Autre collision,,,,,,,,,,,1,2,1,1.0,6.0
201700039911,0017-05-31 20:18:00,17,5,31,20,18,920,25,CHARLES DE GAULLE (BD),,,Plein jour,En agglomération,Intersection en X,Normale,Deux véhicules - frontale,,,,,,,,,,,1,2,2,1.0,1.0
201700039912,0017-06-01 16:05:00,17,6,1,16,5,920,25,"79, COLBERT <> 55 A 113",48.91266,2.23575,Plein jour,En agglomération,Hors intersection,Normale,Autre collision,,,,,,,,,,,1,2,1,1.0,6.0
201700039913,0017-06-07 15:55:00,17,6,7,15,55,920,25,"90, AGENT SARRE (AV DE L",48.9248,2.26695,Plein jour,En agglomération,Intersection en T,Normale,Deux véhicules - côté,,,,,,,,,,,1,2,3,1.0,3.0
201700039914,0017-06-07 22:50:00,17,6,7,22,50,920,25,"10, PAUL BERT (RUE)",48.0,2.24736,Nuit avec éclairage allumé,En agglomération,Hors intersection,Normale,Autre collision,,,,,,,,,,,5,2,1,1.0,6.0
201700039915,0017-06-11 16:51:00,17,6,11,16,51,920,25,"62, STALINGRAD (AV DE)",48.93004,2.26775,Plein jour,En agglomération,Intersection en T,Normale,Deux véhicules - arrière,,,,,,,,,,,1,2,3,1.0,2.0
201700039916,0017-06-12 19:00:00,17,6,12,19,0,920,25,"3, UNION (RUE DE L')",48.91317,2.2423,Plein jour,En agglomération,Hors intersection,Normale,Autre collision,,,,,,,,,,,1,2,1,1.0,6.0
201700039917,0017-06-15 11:55:00,17,6,15,11,55,920,25,"27, JULIEN GALLE (RUE)",48.92292,2.25946,Plein jour,En agglomération,Hors intersection,Normale,Autre collision,,,,,,,,,,,1,2,1,1.0,6.0
201700039918,0017-06-19 21:10:00,17,6,19,21,10,920,25,"50, GABRIEL PERI (RUE)",48.92222,2.24719,Crépuscule ou aube,En agglomération,Hors intersection,Normale,Deux véhicules - arrière,,,,,,,,,,,2,2,1,1.0,2.0
201700039919,0017-06-20 18:30:00,17,6,20,18,30,920,25,"127, STALINGRAD (AV DE)",48.93188,2.26636,Plein jour,En agglomération,Hors intersection,Normale,Deux véhicules - côté,,,,,,,,,,,1,2,1,1.0,3.0
201700039920,0017-06-20 19:50:00,17,6,20,19,50,920,25,"9, VALMY (BD DE)",48.92494,2.25263,Plein jour,En agglomération,Hors intersection,Normale,Deux véhicules - côté,,,,,,,,,,,1,2,1,1.0,3.0
201700039921,0017-06-23 17:44:00,17,6,23,17,44,920,25,"15, PRESIDENT SALVADOR A",48.92201,2.23933,Plein jour,En agglomération,Hors intersection,Normale,Deux véhicules - côté,,,,,,,,,,,1,2,1,1.0,3.0
201700039922,0017-06-24 22:22:00,17,6,24,22,22,920,25,"25, GABRIEL PERI (RUE)",48.92305,2.25064,Nuit avec éclairage allumé,En agglomération,Intersection en X,Normale,Deux véhicules - côté,,,,,,,,,,,5,2,2,1.0,3.0
201700039923,0017-06-26 13:20:00,17,6,26,13,20,920,25,"203, COLBERT > 133 & 126",48.91789,2.22853,Plein jour,En agglomération,Hors intersection,Normale,Deux véhicules - côté,,,,,,,,,,,1,2,1,1.0,3.0
201700039924,0017-06-28 23:10:00,17,6,28,23,10,920,25,"31, VALMY (BD DE)",48.92623,2.25289,Nuit avec éclairage allumé,En agglomération,Hors intersection,Normale,Deux véhicules - côté,,,,,,,,,,,5,2,1,1.0,3.0
201700039925,0017-06-23 09:15:00,17,6,23,9,15,920,25,"117, STALINGRAD (AV DE)",48.93369,2.26394,Plein jour,En agglomération,Hors intersection,Normale,Deux véhicules - côté,,,,,,,,,,,1,2,1,1.0,3.0
201700039926,0017-07-10 14:23:00,17,7,10,14,23,920,25,"10, EDGARD QUINET (BD)",48.92341,2.24938,Plein jour,En agglomération,Hors intersection,Pluie légère,Deux véhicules - arrière,,,,,,,,,,,1,2,1,2.0,2.0
201700039927,0017-07-10 22:15:00,17,7,10,22,15,920,25,"35, JULES MICHELET (RUE)",48.93214,2.26949,Nuit avec éclairage allumé,En agglomération,Hors intersection,Normale,Trois véhicules et plus - collisions multiples,,,,,,,,,,,5,2,1,1.0,5.0
201700039928,0017-07-15 20:10:00,17,7,15,20,10,920,25,"480, GABRIEL PERI (RUE)",48.91591,2.23288,Plein jour,En agglomération,Intersection en T,Normale,Autre collision,,,,,,,,,,,1,2,3,1.0,6.0
201700039929,0017-07-21 18:45:00,17,7,21,18,45,920,25,"233, PRESIDENT SALVADOR",48.92043,2.22886,Plein jour,En agglomération,Hors intersection,Normale,Autre collision,,,,,,,,,,,1,2,1,1.0,6.0
201700039930,0017-07-20 09:30:00,17,7,20,9,30,920,25,"114, HENRI BARBUSSE (AV)",48.91599,2.25256,Plein jour,En agglomération,Hors intersection,Normale,Deux véhicules - côté,,,,,,,,,,,1,2,1,1.0,3.0
201700039931,0017-07-20 07:50:00,17,7,20,7,50,920,25,"81, PAUL BERT (RUE)",48.93095,2.24455,Plein jour,En agglomération,Hors intersection,Normale,Deux véhicules - frontale,,,,,,,,,,,1,2,1,1.0,1.0
201700039932,0017-07-19 12:20:00,17,7,19,12,20,920,25,"30, HENRI BARBUSSE (AV)",48.92083,2.25262,Plein jour,En agglomération,Intersection en X,Normale,Deux véhicules - arrière,,,,,,,,,,,1,2,2,1.0,2.0
201700039933,0017-07-29 13:20:00,17,7,29,13,20,920,25,"75, BOURNARD (RUE DU)",48.92323,2.24646,Plein jour,En agglomération,Hors intersection,Normale,Deux véhicules - côté,,,,,,,,,,,1,2,1,1.0,3.0
201700039934,0017-08-10 23:00:00,17,8,10,23,0,920,25,"148, VALMY (BD DE)",48.93384,2.25548,Nuit avec éclairage allumé,En agglomération,Intersection en X,Normale,Deux véhicules - côté,,,,,,,,,,,5,2,2,1.0,3.0
201700039935,0017-08-15 17:20:00,17,8,15,17,20,920,25,"387, GABRIEL PERI (RUE)",48.91632,2.2341,Plein jour,En agglomération,Hors intersection,Normale,Autre collision,,,,,,,,,,,1,2,1,1.0,6.0
201700039936,0017-08-16 17:00:00,17,8,16,17,0,920,25,"127, VALMY (BD DE)",48.93124,2.25507,Plein jour,En agglomération,Hors intersection,Normale,Deux véhicules - côté,,,,,,,,,,,1,2,1,1.0,3.0
201700039937,0017-08-23 18:43:00,17,8,23,18,43,920,25,"112, CHARLES DE GAULLE (",48.91326,2.23108,Plein jour,En agglomération,Intersection en T,Normale,Deux véhicules - côté,,,,,,,,,,,1,2,3,1.0,3.0
201700039938,0017-08-22 08:23:00,17,8,22,8,23,920,25,"5Bis, VALMY<> 1 A 53 & 2",49.92429,2.25257,Plein jour,En agglomération,Hors intersection,Normale,Deux véhicules - côté,,,,,,,,,,,1,2,1,1.0,3.0
201700039939,0017-08-24 18:15:00,17,8,24,18,15,920,25,"250, GABRIEL PERI (RUE)",48.91801,2.23826,Plein jour,En agglomération,Hors intersection,Normale,Deux véhicules - côté,,,,,,,,,,,1,2,1,1.0,3.0
201700039940,0017-08-18 18:30:00,17,8,18,18,30,920,25,"19, PAUL BERT (RUE)",48.92717,2.24699,Plein jour,En agglomération,Intersection en X,Normale,Deux véhicules - côté,,,,,,,,,,,1,2,2,1.0,3.0
201700039941,0017-09-03 15:55:00,17,9,3,15,55,920,25,"132, ST DENIS> 132 & 195",48.92436,2.47256,Plein jour,En agglomération,Intersection en X,Normale,Deux véhicules - côté,,,,,,,,,,,1,2,2,1.0,3.0
201700039942,0017-09-03 17:10:00,17,9,3,17,10,920,25,"19, THEODULE RIBOT (RUE)",48.92,2.26,Plein jour,En agglomération,Hors intersection,Normale,Autre collision,,,,,,,,,,,1,2,1,1.0,6.0
201700039943,0017-09-06 12:40:00,17,9,6,12,40,920,25,"15, YVONNE LEBRETON (AV",48.92701,2.26497,Plein jour,En agglomération,Intersection en X,Normale,Autre collision,,,,,,,,,,,1,2,2,1.0,6.0
201700039944,0017-09-08 17:00:00,17,9,8,17,0,920,25,"117, HENRI BARBUSSE (AV)",48.91652,2.25281,Plein jour,En agglomération,Hors intersection,Normale,Autre collision,,,,,,,,,,,1,2,1,1.0,6.0
201700039945,0017-09-09 01:30:00,17,9,9,1,30,920,25,"64, CHARLES DE GAULLE (B",48.91032,2.23443,Nuit sans éclairage public,En agglomération,Intersection en X,Pluie forte,Deux véhicules - côté,,,,,,,,,,,3,2,2,3.0,3.0
201700039946,0017-09-09 11:13:00,17,9,9,11,13,920,25,"1, PAUL BERT (RUE)",48.93,2.24,Plein jour,En agglomération,Hors intersection,Normale,Deux véhicules - côté,,,,,,,,,,,1,2,1,1.0,3.0
201700039947,0017-09-18 09:35:00,17,9,18,9,35,920,25,"177, HENRI BARBUSSE (AV)",48.9148,2.25296,Plein jour,En agglomération,Hors intersection,Normale,Autre collision,,,,,,,,,,,1,2,1,1.0,6.0
201700039948,0017-09-18 12:40:00,17,9,18,12,40,920,25,", STALINGRAD (AV DE)",48.93,2.26,Plein jour,En agglomération,Hors intersection,Pluie légère,Autre collision,,,,,,,,,,,1,2,1,2.0,6.0
201700039949,0017-09-18 21:00:00,17,9,18,21,0,920,25,"1, BOURNARD (RUE DU)",48.92322,2.2526,Nuit avec éclairage allumé,En agglomération,Hors intersection,Normale,Autre collision,,,,,,,,,,,5,2,1,1.0,6.0
201700039950,0017-09-20 12:40:00,17,9,20,12,40,920,25,"31, HENRI BARBUSSE (AV)",48.92129,2.25272,Plein jour,En agglomération,Hors intersection,Normale,Autre collision,,,,,,,,,,,1,2,1,1.0,6.0
201700039951,0017-09-24 14:10:00,17,9,24,14,10,920,25,"140, CHARLES DE GAULLE (",48.91451,2.229,Plein jour,En agglomération,Intersection en X,Normale,Autre collision,,,,,,,,,,,1,2,2,1.0,6.0
201700039952,0017-09-26 07:03:00,17,9,26,7,3,920,25,"76, VALMY (BD DE)",48.92825,2.25401,Nuit avec éclairage allumé,En agglomération,Intersection en X,Normale,Autre collision,,,,,,,,,,,5,2,2,1.0,6.0
201700039953,0017-09-28 07:30:00,17,9,28,7,30,920,25,"1, PAUL BERT (RUE)",48.93,2.24,Nuit avec éclairage allumé,En agglomération,Hors intersection,Normale,Autre collision,,,,,,,,,,,5,2,1,1.0,6.0
201700039954,0017-09-28 09:30:00,17,9,28,9,30,920,25,"391, GABRIEL PERI (RUE)",48.91625,2.23396,Plein jour,En agglomération,Hors intersection,Pluie légère,Autre collision,,,,,,,,,,,1,2,1,2.0,6.0
201700039955,0017-10-02 16:50:00,17,10,2,16,50,920,25,"200, PRESIDENT SALVADOR",48.92228,2.23666,Plein jour,En agglomération,Intersection en X,Pluie légère,Autre collision,,,,,,,,,,,1,2,2,2.0,6.0
201700039956,0017-10-03 14:50:00,17,10,3,14,50,920,25,CHARLES DE GAULLE (BD),48.91,2.23,Plein jour,En agglomération,Intersection en X,Normale,Autre collision,,,,,,,,,,,1,2,2,1.0,6.0
201700039957,0017-10-03 19:00:00,17,10,3,19,0,920,25,"87, CHARLES DE GAULLE (B",48.91242,2.23131,Plein jour,En agglomération,Hors intersection,Normale,Autre collision,,,,,,,,,,,1,2,1,1.0,6.0
201700039958,0017-10-05 08:18:00,17,10,5,8,18,920,25,"64, CHARLES DE GAULLE (B",48.91067,2.23453,Plein jour,En agglomération,Intersection en X,Normale,Deux véhicules - côté,,,,,,,,,,,1,2,2,1.0,3.0
201700039959,0017-10-05 10:13:00,17,10,5,10,13,920,25,"66, BOURNARD (RUE DU)",48.92289,2.2564,Plein jour,En agglomération,Hors intersection,Normale,Deux véhicules - côté,,,,,,,,,,,1,2,1,1.0,3.0
201700039960,0017-10-10 09:40:00,17,10,10,9,40,920,25,"66, VALMY (BD DE)",,,Plein jour,En agglomération,Hors intersection,Normale,Deux véhicules - arrière,,,,,,,,,,,1,2,1,1.0,2.0
201700039961,0017-10-11 13:00:00,17,10,11,13,0,920,25,"412, GABRIEL PERI (RUE)",48.91584,2.23249,Plein jour,En agglomération,Intersection en X,Normale,Deux véhicules - côté,,,,,,,,,,,1,2,2,1.0,3.0
201700039962,0017-10-13 15:25:00,17,10,13,15,25,920,25,"11, EDGARD QUINET (BD)",48.92342,2.24892,Plein jour,En agglomération,Hors intersection,Normale,Autre collision,,,,,,,,,,,1,2,1,1.0,6.0
201700039963,0017-10-13 16:50:00,17,10,13,16,50,920,25,"22, VALMY (BD DE)",48.92,2.25,Plein jour,En agglomération,Hors intersection,Normale,Autre collision,,,,,,,,,,,1,2,1,1.0,6.0
201700039964,0017-10-14 06:15:00,17,10,14,6,15,920,25,", PRESIDENT SALVADOR ALL",48.9184,2.2238,Nuit sans éclairage public,En agglomération,Hors intersection,Normale,Autre collision,,,,,,,,,,,3,2,1,1.0,6.0
201700039965,0017-10-14 21:00:00,17,10,14,21,0,920,25,"2, BOURNARD (RUE DU)",48.92288,2.25287,Nuit avec éclairage allumé,En agglomération,Hors intersection,Normale,Autre collision,,,,,,,,,,,5,2,1,1.0,6.0
201700039966,0017-10-24 08:10:00,17,10,24,8,10,920,25,"151, STALINGRAD (AV DE)",48.93072,2.26741,Plein jour,En agglomération,Intersection en X,Normale,Autre collision,,,,,,,,,,,1,2,2,1.0,6.0
201700039967,0017-10-27 11:40:00,17,10,27,11,40,920,25,"74, BOURNARD (RUE DU)",48.92338,2.25735,Plein jour,En agglomération,Hors intersection,Normale,Autre collision,,,,,,,,,,,1,2,1,1.0,6.0
201700039968,0017-10-27 17:10:00,17,10,27,17,10,920,25,"184, GABRIEL PERI (RUE)",48.91886,2.24073,Plein jour,En agglomération,Intersection en X,Normale,Autre collision,,,,,,,,,,,1,2,2,1.0,6.0
201700039969,0017-11-02 20:00:00,17,11,2,20,0,920,25,"31, STALINGRAD (AV DE)",48.92159,2.27062,Nuit avec éclairage allumé,En agglomération,Hors intersection,Normale,Autre collision,,,,,,,,,,,5,2,1,1.0,6.0
201700039970,0017-11-03 09:12:00,17,11,3,9,12,920,25,GABRIEL PERI (RUE),48.91521,2.23087,Plein jour,En agglomération,Hors intersection,Normale,Autre collision,,,,,,,,,,,1,2,1,1.0,6.0
201700039971,0017-11-06 08:35:00,17,11,6,8,35,920,25,"81, PAUL BERT (RUE)",48.93089,2.24467,Crépuscule ou aube,En agglomération,Intersection en X,Normale,Autre collision,,,,,,,,,,,2,2,2,1.0,6.0
201700039972,0017-11-08 15:55:00,17,11,8,15,55,920,25,ESTIENNE D'ORVES (RUE),48.91038,2.23459,Plein jour,En agglomération,Intersection en X,Normale,Autre collision,,,,,,,,,,,1,2,2,1.0,6.0
201700039973,0017-11-11 23:00:00,17,11,11,23,0,920,25,"171, VALMY (BD DE)",48.93616,2.25715,Nuit avec éclairage allumé,En agglomération,Hors intersection,Pluie légère,Deux véhicules - arrière,,,,,,,,,,,5,2,1,2.0,2.0
201700039974,0017-11-24 07:40:00,17,11,24,7,40,920,25,"112, STALINGRAD (AV DE)",48.93,2.26,Nuit avec éclairage non allumé,En agglomération,Intersection en T,Pluie légère,Autre collision,,,,,,,,,,,4,2,3,2.0,6.0
201700039975,0017-11-25 22:30:00,17,11,25,22,30,920,25,JULES MICHELET (RUE),48.93237,2.27036,Nuit avec éclairage allumé,En agglomération,Hors intersection,Normale,Autre collision,,,,,,,,,,,5,2,1,1.0,6.0
201700039976,0017-11-28 21:40:00,17,11,28,21,40,920,25,"92, AGENT SARRE (AV DE L",48.92484,2.26709,Nuit avec éclairage allumé,En agglomération,Hors intersection,Normale,Autre collision,,,,,,,,,,,5,2,1,1.0,6.0
201700039977,0017-11-29 11:30:00,17,11,29,11,30,920,25,STALINGRAD (AV DE),48.934,2.263,Plein jour,En agglomération,Hors intersection,Normale,Autre collision,,,,,,,,,,,1,2,1,1.0,6.0
201700039978,0017-11-29 15:48:00,17,11,29,15,48,920,25,"88, VALMY (BD DE)",48.92,2.25292,Plein jour,En agglomération,Hors intersection,Normale,Deux véhicules - frontale,,,,,,,,,,,1,2,1,1.0,1.0
201700039979,0017-12-02 11:40:00,17,12,2,11,40,920,25,REINE HENRIETTE (RUE DE,48.92,2.25,Plein jour,En agglomération,Intersection en Y,Normale,Autre collision,,,,,,,,,,,1,2,4,1.0,6.0
201700039980,0017-12-05 19:30:00,17,12,5,19,30,920,25,"1, AUDRA (AV)",48.927,2.253,Nuit avec éclairage allumé,En agglomération,Intersection en X,Normale,Deux véhicules - côté,,,,,,,,,,,5,2,2,1.0,3.0