accident_id,datetime,annee,mois,jour,heure,minute,departement,commune_insee,adresse,latitude,longitude,luminosite,agglomeration,intersection,meteo,collision,nb_vehicules,nb_usagers,nb_indemnes,nb_tues,nb_blesses_hosp,nb_blesses_legers,age_cond_1,age_cond_2,veh_type_cond_1,veh_type_cond_2,lum_code,agg_code,int_code,atm_code,col_code
201700039981,0017-12-07 20:40:00,17,12,7,20,40,920,25,"24, GABRIEL PERI (RUE)",48.92098,2.84722,Nuit avec éclairage allumé,En agglomération,Hors intersection,Pluie légère,Autre collision,,,,,,,,,,,5,2,1,2.0,6.0
201700039982,0017-12-08 07:30:00,17,12,8,7,30,920,25,"81, PAUL BERT (RUE)",48.93092,2.24453,Nuit avec éclairage allumé,En agglomération,Intersection en X,Pluie légère,Autre collision,,,,,,,,,,,5,2,2,2.0,6.0
201700039983,0017-12-10 17:40:00,17,12,10,17,40,920,25,"31, VALMY<> 1 A 53 & 2 A",48.92612,2.25294,Plein jour,En agglomération,Hors intersection,Pluie légère,Deux véhicules - côté,,,,,,,,,,,1,2,1,2.0,3.0
201700039984,0017-12-14 07:55:00,17,12,14,7,55,920,25,"14, EDGARD QUINET (BD)",48.92353,2.24907,Crépuscule ou aube,En agglomération,Hors intersection,Normale,Autre collision,,,,,,,,,,,2,2,1,1.0,6.0
201700039985,0017-12-14 13:54:00,17,12,14,13,54,920,25,"200, GABRIEL PERI (RUE)",48.92321,2.25086,Plein jour,En agglomération,Hors intersection,Pluie légère,Autre collision,,,,,,,,,,,1,2,1,2.0,6.0
201700039986,0017-12-14 17:25:00,17,12,14,17,25,920,25,"99, HENRI BARBUSSE (AV)",48.91725,2.25277,Nuit avec éclairage allumé,En agglomération,Hors intersection,Pluie légère,Autre collision,,,,,,,,,,,5,2,1,2.0,6.0
201700039987,0017-12-15 16:20:00,17,12,15,16,20,920,25,COLBERT > 133 & 126 (RUE,48.91513,2.23324,Plein jour,En agglomération,Intersection en X,Pluie légère,Autre collision,,,,,,,,,,,1,2,2,2.0,6.0
201700039988,0017-12-15 16:55:00,17,12,15,16,55,920,25,"291, PDT S.ALLENDE<>90 A",48.91938,2.22672,Nuit avec éclairage allumé,En agglomération,Hors intersection,Pluie légère,Autre collision,,,,,,,,,,,5,2,1,2.0,6.0
201700039989,0017-12-16 10:10:00,17,12,16,10,10,920,25,"11, ORGEMONT (AV D')",48.92928,2.27151,Plein jour,En agglomération,Hors intersection,Normale,Autre collision,,,,,,,,,,,1,2,1,1.0,6.0
201700039990,0017-12-17 11:00:00,17,12,17,11,0,920,25,"49, VALMY (BD DE)",48.92749,2.25367,Plein jour,En agglomération,Intersection en X,Normale,Autre collision,,,,,,,,,,,1,2,2,1.0,6.0
201700039991,0017-12-21 12:25:00,17,12,21,12,25,920,25,"14, PAUL BERT (RUE)",48.92673,2.24726,Plein jour,En agglomération,Hors intersection,Pluie légère,Autre collision,,,,,,,,,,,1,2,1,2.0,6.0
201700039992,0017-12-24 08:15:00,17,12,24,8,15,920,25,"56, CHARLES DE GAULLE (B",48.91,2.231,Nuit avec éclairage allumé,En agglomération,Intersection en X,Normale,Deux véhicules - côté,,,,,,,,,,,5,2,2,1.0,3.0
201700039993,0017-12-28 20:30:00,17,12,28,20,30,920,25,"267, GABRIEL PERI (RUE)",48.91,2.2269,Nuit avec éclairage allumé,En agglomération,Intersection en T,Normale,Deux véhicules - frontale,,,,,,,,,,,5,2,3,1.0,1.0
201700039994,0017-06-01 16:45:00,17,6,1,16,45,920,26,"6, ALBERT SIMONIN",,,Plein jour,En agglomération,Hors intersection,Normale,Autre collision,,,,,,,,,,,1,2,1,1.0,6.0
201700039995,0017-06-04 23:50:00,17,6,4,23,50,920,26,"77, JOFFRE ( DE 52 A FIN",48.90132,2.27721,Nuit avec éclairage allumé,En agglomération,Hors intersection,Normale,Deux véhicules - arrière,,,,,,,,,,,5,2,1,1.0,2.0
201700039996,0017-05-14 13:30:00,17,5,14,13,30,920,26,BAUDIN,48.8964,2.25207,Plein jour,En agglomération,Hors intersection,Normale,Deux véhicules - arrière,,,,,,,,,,,1,2,1,1.0,2.0
201700039997,0017-05-18 02:25:00,17,5,18,2,25,920,26,VERDUN (DE 01 A 61),48.89682,2.26435,Nuit avec éclairage allumé,En agglomération,Autre intersection,Pluie légère,Autre collision,,,,,,,,,,,5,2,9,2.0,6.0
201700039998,0017-11-29 14:25:00,17,11,29,14,25,920,26,"43, EUROPE ( AVENUE DE L",48.90639,2.25931,Plein jour,En agglomération,Intersection en T,Temps couvert,Deux véhicules - côté,,,,,,,,,,,1,2,3,8.0,3.0
201700039999,0017-06-20 14:40:00,17,6,20,14,40,920,26,"52, GAULTIER",48.8989,2.24335,Plein jour,En agglomération,Hors intersection,Normale,Autre collision,,,,,,,,,,,1,2,1,1.0,6.0
201700040000,0017-06-21 08:55:00,17,6,21,8,55,920,26,"182, SAINT DENIS BD (120",48.90124,2.27166,Plein jour,En agglomération,Hors intersection,Normale,Autre collision,,,,,,,,,,,1,2,1,1.0,6.0
201700040001,0017-06-22 07:55:00,17,6,22,7,55,920,26,COLOMBES,48.89894,2.25663,Plein jour,En agglomération,Hors intersection,Normale,Autre collision,,,,,,,,,,,1,2,1,1.0,6.0
201700040002,0017-05-17 19:20:00,17,5,17,19,20,920,26,"09, 22 SEPTEMBRE ( RUE D",48.90516,2.27244,Plein jour,En agglomération,Hors intersection,Pluie légère,Autre collision,,,,,,,,,,,1,2,1,2.0,6.0
201700040003,0017-01-01 21:45:00,17,1,1,21,45,920,26,"., MARECHAL JOFFRE (QUAI",,,Nuit avec éclairage allumé,En agglomération,Hors intersection,Pluie légère,Deux véhicules - côté,,,,,,,,,,,5,2,1,2.0,3.0
201700040004,0017-06-26 16:25:00,17,6,26,16,25,920,26,"51, ALMA",48.89677,2.25423,Plein jour,En agglomération,Hors intersection,Normale,Autre collision,,,,,,,,,,,1,2,1,1.0,6.0
201700040005,0017-06-30 16:55:00,17,6,30,16,55,920,26,LIBERTE,48.90439,2.26831,Plein jour,En agglomération,Intersection en X,Pluie légère,Autre collision,,,,,,,,,,,1,2,2,2.0,6.0
201700040006,0017-07-03 08:30:00,17,7,3,8,30,920,26,"12, VERDUN (DE 01 A 61)",48.89772,2.26353,Plein jour,En agglomération,Hors intersection,Normale,Autre collision,,,,,,,,,,,1,2,1,1.0,6.0
201700040007,0017-07-05 10:00:00,17,7,5,10,0,920,26,CIRCULAIRE (BOULEVARD),48.89277,2.24529,Plein jour,En agglomération,Autre intersection,Normale,Deux véhicules - côté,,,,,,,,,,,1,2,9,1.0,3.0
201700040008,0017-07-05 14:02:00,17,7,5,14,2,920,26,"86, ARMAND SILVESTRE ( D",48.90189,2.26698,Plein jour,En agglomération,Hors intersection,Normale,Autre collision,,,,,,,,,,,1,2,1,1.0,6.0
201700040009,0017-07-06 09:15:00,17,7,6,9,15,920,26,BITCHE,48.89577,2.24785,Plein jour,En agglomération,Intersection en T,Pluie forte,Deux véhicules - arrière,,,,,,,,,,,1,2,3,3.0,2.0
201700040010,0017-07-11 11:17:00,17,7,11,11,17,920,26,", LOUIS BLANC ( RUE )",,,Plein jour,En agglomération,Hors intersection,Temps couvert,Autre collision,,,,,,,,,,,1,2,1,8.0,6.0
201700040011,0017-07-11 14:00:00,17,7,11,14,0,920,26,"133, VERDUN (DE 62 A FIN",48.90419,2.25705,Plein jour,En agglomération,Hors intersection,Normale,Deux véhicules - côté,,,,,,,,,,,1,2,1,1.0,3.0
201700040012,0017-07-13 10:35:00,17,7,13,10,35,920,26,MISSION MARCHAND (COTE P,48.8999,2.2397,Plein jour,En agglomération,Hors intersection,Normale,Deux véhicules - côté,,,,,,,,,,,1,2,1,1.0,3.0
201700040013,0017-07-17 16:58:00,17,7,17,16,58,920,26,VERDUN (DE 62 A FIN),48.90302,2.25812,Plein jour,En agglomération,Hors intersection,Normale,Deux véhicules - côté,,,,,,,,,,,1,2,1,1.0,3.0
201700040014,0017-07-21 06:55:00,17,7,21,6,55,920,26,"152, PAIX",48.90297,2.2664,Plein jour,En agglomération,Intersection en Y,Normale,Autre collision,,,,,,,,,,,1,2,4,1.0,6.0
201700040015,0017-07-21 20:00:00,17,7,21,20,0,920,26,"13, PRÉSIDENT PAUL DOUME",48.89432,2.26106,Plein jour,En agglomération,Hors intersection,Normale,Deux véhicules - arrière,,,,,,,,,,,1,2,1,1.0,2.0
201700040016,0017-07-22 09:00:00,17,7,22,9,0,920,26,PRÉSIDENT PAUL DOUMER (Q,48.8944,2.26117,Plein jour,En agglomération,Hors intersection,Pluie légère,Autre collision,,,,,,,,,,,1,2,1,2.0,6.0
201700040017,0017-08-07 21:20:00,17,8,7,21,20,920,26,VERDUN (DE 01 A 61),48.90043,2.26086,Nuit avec éclairage allumé,En agglomération,Hors intersection,Normale,Deux véhicules - côté,,,,,,,,,,,5,2,1,1.0,3.0
201700040018,0017-07-20 11:50:00,17,7,20,11,50,920,26,MISSION MARCHAND (COTE P,48.89781,2.24025,Plein jour,En agglomération,Hors intersection,Normale,Deux véhicules - côté,,,,,,,,,,,1,2,1,1.0,3.0
201700040019,0017-08-24 08:40:00,17,8,24,8,40,920,26,VICTOR HUGO (DE 47 A FIN,48.89678,2.2643,Plein jour,En agglomération,Intersection en X,Normale,Deux véhicules - côté,,,,,,,,,,,1,2,2,1.0,3.0
201700040020,0017-07-19 18:35:00,17,7,19,18,35,920,26,"132, VERDUN (DE 62 A FIN",48.9041,2.25723,Plein jour,En agglomération,Hors intersection,Normale,Deux véhicules - côté,,,,,,,,,,,1,2,1,1.0,3.0
201700040021,0017-08-31 18:00:00,17,8,31,18,0,920,26,"81, VERDUN (DE 62 A FIN)",48.90112,2.25982,Plein jour,En agglomération,Autre intersection,Normale,Deux véhicules - côté,,,,,,,,,,,1,2,9,1.0,3.0
201700040022,0017-09-06 06:50:00,17,9,6,6,50,920,26,BEZONS (DE 23 A FIN),48.89515,2.24996,Nuit avec éclairage allumé,En agglomération,Intersection en X,Normale,Deux véhicules - côté,,,,,,,,,,,5,2,2,1.0,3.0
201700040023,0017-09-13 11:45:00,17,9,13,11,45,920,26,"14, VERDUN (DE 01 A 61)",48.89819,2.26316,Plein jour,En agglomération,Hors intersection,Pluie légère,Deux véhicules - côté,,,,,,,,,,,1,2,1,2.0,3.0
201700040024,0017-09-09 19:45:00,17,9,9,19,45,920,26,"133, VERDUN (DE 62 A FIN",48.90419,2.25683,Plein jour,En agglomération,Hors intersection,Normale,Deux véhicules - arrière,,,,,,,,,,,1,2,1,1.0,2.0
201700040025,0017-09-11 09:30:00,17,9,11,9,30,920,26,"74, MARCEAU",48.90198,2.24354,Plein jour,En agglomération,Hors intersection,Normale,Autre collision,,,,,,,,,,,1,2,1,1.0,6.0
201700040026,0017-07-01 23:30:00,17,7,1,23,30,920,26,ARMAND SILVESTRE ( DE 01,48.9031,2.27021,Nuit avec éclairage allumé,En agglomération,Intersection en X,Normale,Deux véhicules - côté,,,,,,,,,,,5,2,2,1.0,3.0
201700040027,0017-09-18 22:18:00,17,9,18,22,18,920,26,JOFFRE ( DE 52 A FIN ET,48.90066,2.27515,Nuit avec éclairage allumé,En agglomération,Intersection en T,Normale,Deux véhicules - côté,,,,,,,,,,,5,2,3,1.0,3.0
201700040028,0017-09-19 09:45:00,17,9,19,9,45,920,26,MISSION MARCHAND (COTE P,48.89782,2.24027,Plein jour,En agglomération,Hors intersection,Pluie légère,Deux véhicules - côté,,,,,,,,,,,1,2,1,2.0,3.0
201700040029,0017-09-25 13:40:00,17,9,25,13,40,920,26,VERDUN (DE 62 A FIN),48.90049,2.26082,Plein jour,En agglomération,Hors intersection,Normale,Deux véhicules - côté,,,,,,,,,,,1,2,1,1.0,3.0
201700040030,0017-01-01 22:05:00,17,1,1,22,5,920,26,"., COLOMBES",,,Nuit avec éclairage allumé,Hors agglomération,Hors intersection,Autre,Deux véhicules - côté,,,,,,,,,,,5,1,1,9.0,3.0
201700040031,0017-10-04 15:15:00,17,10,4,15,15,920,26,"264, SAINT DENIS BD (120",48.90414,2.27824,Plein jour,En agglomération,Intersection en T,Normale,Deux véhicules - frontale,,,,,,,,,,,1,2,3,1.0,1.0
201700040032,0017-10-13 00:01:00,17,10,13,0,1,920,26,"44, GAMBETTA",48.89289,2.24665,Nuit avec éclairage allumé,En agglomération,Hors intersection,Normale,Deux véhicules - arrière,,,,,,,,,,,5,2,1,1.0,2.0
201700040033,0017-10-17 22:05:00,17,10,17,22,5,920,26,CIRCULAIRE (BOULEVARD),48.89238,2.24526,Nuit avec éclairage allumé,En agglomération,Intersection en X,Normale,Deux véhicules - côté,,,,,,,,,,,5,2,2,1.0,3.0
201700040034,0017-10-18 18:10:00,17,10,18,18,10,920,26,"112, SAINT-DENIS BD DE (",48.89889,2.26608,Plein jour,En agglomération,Hors intersection,Normale,Autre collision,,,,,,,,,,,1,2,1,1.0,6.0
201700040035,0017-10-20 21:30:00,17,10,20,21,30,920,26,KILFORD,48.90136,2.2545,Nuit avec éclairage allumé,En agglomération,Intersection en X,Normale,Deux véhicules - côté,,,,,,,,,,,5,2,2,1.0,3.0
201700040036,0017-07-29 23:57:00,17,7,29,23,57,920,26,PRÉSIDENT PAUL DOUMER (Q,48.89683,2.2645,Nuit avec éclairage allumé,En agglomération,Hors intersection,Normale,Deux véhicules - côté,,,,,,,,,,,5,2,1,1.0,3.0
201700040037,0017-10-25 23:25:00,17,10,25,23,25,920,26,"113, VERDUN (DE 62 A FIN",48.90298,2.25809,Nuit avec éclairage allumé,En agglomération,Intersection en T,Normale,Deux véhicules - arrière,,,,,,,,,,,5,2,3,1.0,2.0
201700040038,0017-10-26 07:45:00,17,10,26,7,45,920,26,VERDUN (DE 01 A 61),48.89688,2.26432,Crépuscule ou aube,En agglomération,Hors intersection,Brouillard / fumée,Deux véhicules - côté,,,,,,,,,,,2,2,1,5.0,3.0
201700040039,0017-10-28 16:22:00,17,10,28,16,22,920,26,"43, VERDUN (DE 01 A 61)",48.89965,2.2614,Plein jour,En agglomération,Hors intersection,Normale,Autre collision,,,,,,,,,,,1,2,1,1.0,6.0
201700040040,0017-10-31 20:58:00,17,10,31,20,58,920,26,"61, VERDUN 1916 ( AVENUE",48.90024,2.26081,Nuit avec éclairage allumé,En agglomération,Hors intersection,Normale,Trois véhicules et plus - en chaîne,,,,,,,,,,,5,2,1,1.0,4.0
201700040041,0017-11-03 12:35:00,17,11,3,12,35,920,26,"104, MISSION MARCHAND (C",48.89,2.24,Plein jour,En agglomération,Hors intersection,Normale,Trois véhicules et plus - collisions multiples,,,,,,,,,,,1,2,1,1.0,5.0
201700040042,0017-11-04 19:15:00,17,11,4,19,15,920,26,"61, VERDUN (DE 01 A 61)",48.90024,2.26081,Nuit avec éclairage allumé,En agglomération,Hors intersection,Normale,Autre collision,,,,,,,,,,,5,2,1,1.0,6.0
201700040043,0017-11-06 17:35:00,17,11,6,17,35,920,26,11 NOVEMBRE ( AVENUE ),48.9065,2.28322,Crépuscule ou aube,En agglomération,Giratoire,Temps couvert,Autre collision,,,,,,,,,,,2,2,6,8.0,6.0
201700040044,0017-11-10 10:00:00,17,11,10,10,0,920,26,"100, MARECHAL JOFFRE (QU",48.90234,2.2817,Plein jour,En agglomération,Autre intersection,Pluie légère,Deux véhicules - arrière,,,,,,,,,,,1,2,9,2.0,2.0
201700040045,0017-11-15 17:50:00,17,11,15,17,50,920,26,"124, SAINT-DENIS BD (120",48.8999,2.2666,Nuit avec éclairage allumé,En agglomération,Hors intersection,Normale,Autre collision,,,,,,,,,,,5,2,1,1.0,6.0
201700040046,0017-11-08 19:30:00,17,11,8,19,30,920,26,INDUSTRIE (RUE DE L'),48.89114,2.25535,Nuit avec éclairage allumé,En agglomération,Hors intersection,Normale,Autre collision,,,,,,,,,,,5,2,1,1.0,6.0
201700040047,0017-11-16 08:20:00,17,11,16,8,20,920,26,VERDUN 1916 ( AVENUE DE,48.89705,2.26429,Plein jour,En agglomération,Hors intersection,Normale,Autre collision,,,,,,,,,,,1,2,1,1.0,6.0
201700040048,0017-11-16 10:20:00,17,11,16,10,20,920,26,"20, LEONARD DE VINCI",48.89669,2.23723,Plein jour,En agglomération,Hors intersection,Normale,Deux véhicules - côté,,,,,,,,,,,1,2,1,1.0,3.0
201700040049,0017-10-28 19:45:00,17,10,28,19,45,920,26,"62, NORMANDIE",48.89876,2.24233,Nuit avec éclairage allumé,En agglomération,Hors intersection,Normale,Deux véhicules - côté,,,,,,,,,,,5,2,1,1.0,3.0
201700040050,0017-11-20 20:15:00,17,11,20,20,15,920,26,"20, PRESIDENT KRUGER",48.89882,2.25561,Nuit avec éclairage allumé,En agglomération,Hors intersection,Normale,Deux véhicules - arrière,,,,,,,,,,,5,2,1,1.0,2.0
201700040051,0017-11-21 07:30:00,17,11,21,7,30,920,26,"23, GEORGES CLEMENCEAU",48.9,2.27,Nuit avec éclairage allumé,En agglomération,Hors intersection,Normale,Deux véhicules - côté,,,,,,,,,,,5,2,1,1.0,3.0
201700040052,0017-10-14 17:40:00,17,10,14,17,40,920,26,VERDUN (DE 62 A FIN),48.8988,2.26251,Plein jour,En agglomération,Hors intersection,Normale,Deux véhicules - côté,,,,,,,,,,,1,2,1,1.0,3.0
201700040053,0017-12-04 17:00:00,17,12,4,17,0,920,26,"44, LAMBRECHTS",48.89904,2.2605,Crépuscule ou aube,En agglomération,Hors intersection,Normale,Autre collision,,,,,,,,,,,2,2,1,1.0,6.0
201700040054,0017-12-08 19:45:00,17,12,8,19,45,920,26,"31, CARLE HEBERT",48.89,2.26,Nuit avec éclairage allumé,En agglomération,Hors intersection,Normale,Autre collision,,,,,,,,,,,5,2,1,1.0,6.0
201700040055,0017-12-08 23:45:00,17,12,8,23,45,920,26,VERDUN (DE 01 A 61),48.9004,2.2608,Nuit avec éclairage allumé,En agglomération,Intersection en X,Pluie légère,Deux véhicules - côté,,,,,,,,,,,5,2,2,2.0,3.0
201700040056,0017-12-11 19:00:00,17,12,11,19,0,920,26,"76, SAINT-DENIS BD DE (0",48.89774,2.263,Nuit avec éclairage allumé,En agglomération,Hors intersection,Pluie légère,Autre collision,,,,,,,,,,,5,2,1,2.0,6.0
201700040057,0017-10-28 06:50:00,17,10,28,6,50,920,26,"57, MARCEAU",48.90054,2.2448,Crépuscule ou aube,En agglomération,Hors intersection,Normale,Deux véhicules - côté,,,,,,,,,,,2,2,1,1.0,3.0
201700040058,0017-12-14 15:30:00,17,12,14,15,30,920,26,", PAIX",48.90323,2.26704,Plein jour,En agglomération,Hors intersection,Pluie légère,Deux véhicules - côté,,,,,,,,,,,1,2,1,2.0,3.0
201700040059,0017-12-14 18:50:00,17,12,14,18,50,920,26,"107-108, MARECHAL JOFFRE",49.90278,2.28286,Nuit avec éclairage allumé,En agglomération,Hors intersection,Normale,Deux véhicules - côté,,,,,,,,,,,5,2,1,1.0,3.0
201700040060,0017-12-15 21:10:00,17,12,15,21,10,920,26,"92, MARCEAU",48.90162,2.24404,Nuit avec éclairage allumé,En agglomération,Hors intersection,Pluie légère,Deux véhicules - côté,,,,,,,,,,,5,2,1,2.0,3.0
201700040061,0017-12-27 07:01:00,17,12,27,7,1,920,26,"165, EUROPE ( ROND POINT",48.90515,2.25602,Nuit avec éclairage allumé,En agglomération,Hors intersection,Normale,Deux véhicules - côté,,,,,,,,,,,5,2,1,1.0,3.0
201700040062,0017-01-03 09:15:00,17,1,3,9,15,920,26,"., VERDUN (DE 01 A 61)",,,Plein jour,En agglomération,Hors intersection,Normale,Autre collision,,,,,,,,,,,1,2,1,1.0,6.0
201700040063,0017-01-02 17:40:00,17,1,2,17,40,920,26,"72, VERDUN (DE 62 A FIN)",,,Crépuscule ou aube,En agglomération,Hors intersection,Normale,Autre collision,,,,,,,,,,,2,2,1,1.0,6.0
201700040064,0017-01-11 08:25:00,17,1,11,8,25,920,26,"., MARCEAU",,,Crépuscule ou aube,En agglomération,Hors intersection,Normale,Autre collision,,,,,,,,,,,2,2,1,1.0,6.0
201700040065,0017-01-23 22:15:00,17,1,23,22,15,920,26,"108, COLOMBES",,,Nuit avec éclairage allumé,En agglomération,Hors intersection,Normale,Autre collision,,,,,,,,,,,5,2,1,1.0,6.0
201700040066,0017-01-24 08:08:00,17,1,24,8,8,920,26,"46, ARCHE (AVENUE)",,,Nuit avec éclairage allumé,En agglomération,Hors intersection,Normale,Autre collision,,,,,,,,,,,5,2,1,1.0,6.0
201700040067,0017-01-30 18:20:00,17,1,30,18,20,920,26,FICATIER,,,Nuit avec éclairage allumé,En agglomération,Intersection en T,Pluie légère,Deux véhicules - arrière,,,,,,,,,,,5,2,3,2.0,2.0
201700040068,0017-02-03 20:00:00,17,2,3,20,0,920,26,"2, GENERAL AUDRAN",,,Nuit avec éclairage allumé,En agglomération,Hors intersection,Pluie légère,Deux véhicules - arrière,,,,,,,,,,,5,2,1,2.0,2.0
201700040069,0017-02-08 18:15:00,17,2,8,18,15,920,26,"1, ARISTIDE BRIAND",,,Nuit avec éclairage allumé,En agglomération,Intersection en X,Normale,Autre collision,,,,,,,,,,,5,2,2,1.0,6.0
201700040070,0017-01-12 13:00:00,17,1,12,13,0,920,26,"62, MISSION MARCHAND (CO",,,Plein jour,En agglomération,Hors intersection,Normale,Sans collision,,,,,,,,,,,1,2,1,1.0,7.0
201700040071,0017-02-17 20:45:00,17,2,17,20,45,920,26,"11, ABREUVOIR",,,Nuit avec éclairage allumé,En agglomération,Hors intersection,Normale,Autre collision,,,,,,,,,,,5,2,1,1.0,6.0
201700040072,0017-02-01 23:50:00,17,2,1,23,50,920,26,"., VERDUN (DE 01 A 61)",,,Nuit avec éclairage allumé,En agglomération,Hors intersection,Normale,Deux véhicules - côté,,,,,,,,,,,5,2,1,1.0,3.0
201700040073,0017-02-27 11:30:00,17,2,27,11,30,920,26,"24, MARECHAL JOFFRE (QUA",,,Plein jour,En agglomération,Hors intersection,Normale,Deux véhicules - côté,,,,,,,,,,,1,2,1,1.0,3.0
201700040074,0017-03-01 14:00:00,17,3,1,14,0,920,26,"., REPUBLIQUE (DE 29 A F",,,Plein jour,En agglomération,Hors intersection,Pluie légère,Autre collision,,,,,,,,,,,1,2,1,2.0,6.0
201700040075,0017-03-06 17:20:00,17,3,6,17,20,920,26,"111, VERDUN (DE 62 A FIN",,,Plein jour,En agglomération,Hors intersection,Temps couvert,Deux véhicules - côté,,,,,,,,,,,1,2,1,8.0,3.0
201700040076,0017-03-09 08:45:00,17,3,9,8,45,920,26,"10, PAIX",,,Plein jour,En agglomération,Hors intersection,Normale,Autre collision,,,,,,,,,,,1,2,1,1.0,6.0
201700040077,0017-03-01 15:30:00,17,3,1,15,30,920,26,VERDUN (DE 01 A 61),,,Plein jour,En agglomération,Hors intersection,Normale,Autre collision,,,,,,,,,,,1,2,1,1.0,6.0
201700040078,0017-03-09 17:39:00,17,3,9,17,39,920,26,PRÉSIDENT PAUL DOUMER (Q,,,Crépuscule ou aube,En agglomération,Hors intersection,Normale,Deux véhicules - arrière,,,,,,,,,,,2,2,1,1.0,2.0
201700040079,0017-03-13 17:25:00,17,3,13,17,25,920,26,PAUL DOUMER,,,Plein jour,En agglomération,Hors intersection,Normale,Deux véhicules - côté,,,,,,,,,,,1,2,1,1.0,3.0
201700040080,0017-03-15 09:17:00,17,3,15,9,17,920,26,ARMAND SILVESTRE (DE 95,,,Plein jour,En agglomération,Hors intersection,Normale,Deux véhicules - frontale,,,,,,,,,,,1,2,1,1.0,1.0
201700040081,0017-03-18 13:16:00,17,3,18,13,16,920,26,"31, BAUDIN",,,Plein jour,En agglomération,Hors intersection,Normale,Sans collision,,,,,,,,,,,1,2,1,1.0,7.0
201700040082,0017-03-22 07:45:00,17,3,22,7,45,920,26,"96, JOFFRE",,,Plein jour,En agglomération,Hors intersection,Normale,Deux véhicules - arrière,,,,,,,,,,,1,2,1,1.0,2.0
201700040083,0017-04-10 11:39:00,17,4,10,11,39,920,26,"100, VERDUN (DE 62 A FIN",,,Plein jour,En agglomération,Intersection en T,Temps couvert,Deux véhicules - côté,,,,,,,,,,,1,2,3,8.0,3.0
201700040084,0017-03-27 17:20:00,17,3,27,17,20,920,26,"117, VERDUN (DE 62 A FIN",,,Plein jour,En agglomération,Hors intersection,Normale,Sans collision,,,,,,,,,,,1,2,1,1.0,7.0
201700040085,0017-04-18 17:00:00,17,4,18,17,0,920,26,"35, GEORGES CLEMENCEAU",,,Plein jour,En agglomération,Hors intersection,Normale,Trois véhicules et plus - collisions multiples,,,,,,,,,,,1,2,1,1.0,5.0
201700040086,0017-04-19 17:40:00,17,4,19,17,40,920,26,COLOMBES,,,Plein jour,En agglomération,Hors intersection,Normale,Deux véhicules - arrière,,,,,,,,,,,1,2,1,1.0,2.0
201700040087,0017-04-20 17:38:00,17,4,20,17,38,920,26,BELGIQUE ( PLACE DE ),,,Plein jour,En agglomération,Giratoire,Normale,Deux véhicules - frontale,,,,,,,,,,,1,2,6,1.0,1.0
201700040088,0017-04-20 23:00:00,17,4,20,23,0,920,26,"35, PUVIS DE CHAVANNES",,,Nuit avec éclairage allumé,En agglomération,Hors intersection,Normale,Deux véhicules - côté,,,,,,,,,,,5,2,1,1.0,3.0
201700040089,0017-04-20 20:22:00,17,4,20,20,22,920,26,"12/18, BAUDIN",,,Plein jour,En agglomération,Hors intersection,Normale,Deux véhicules - côté,,,,,,,,,,,1,2,1,1.0,3.0
201700040090,0017-04-29 18:50:00,17,4,29,18,50,920,26,MISSION MARCHAND (COTE I,,,Plein jour,En agglomération,Hors intersection,Normale,Autre collision,,,,,,,,,,,1,2,1,1.0,6.0
201700040091,0017-05-04 12:15:00,17,5,4,12,15,920,26,MARECHAL JOFFRE (QUAI DU,,,Plein jour,En agglomération,Hors intersection,Normale,Deux véhicules - arrière,,,,,,,,,,,1,2,1,1.0,2.0
201700040092,0017-05-17 19:20:00,17,5,17,19,20,920,26,"9, 22 SEPTEMBRE ( RUE DU",,,Plein jour,En agglomération,Hors intersection,Pluie légère,Autre collision,,,,,,,,,,,1,2,1,2.0,6.0
201700040093,0017-05-18 02:25:00,17,5,18,2,25,920,26,VERDUN 1916 ( AVENUE DE,,,Nuit avec éclairage allumé,En agglomération,Hors intersection,Pluie légère,Autre collision,,,,,,,,,,,5,2,1,2.0,6.0
201700040094,0017-05-14 16:50:00,17,5,14,16,50,920,26,JOFFRE ( DE 02 A 26 ET D,,,Plein jour,En agglomération,Hors intersection,Normale,Deux véhicules - arrière,,,,,,,,,,,1,2,1,1.0,2.0
201700040095,0017-05-19 17:30:00,17,5,19,17,30,920,26,"9, PAUL DOUMER",,,Plein jour,En agglomération,Hors intersection,Normale,Trois véhicules et plus - en chaîne,,,,,,,,,,,1,2,1,1.0,4.0
201700040096,0017-12-04 08:30:00,17,12,4,8,30,920,62,"1, CARPEAUX (PLACE)",48.8933,2.2378,Crépuscule ou aube,En agglomération,Hors intersection,Normale,Autre collision,,,,,,,,,,,2,2,1,1.0,6.0
201700040097,0017-11-07 20:45:00,17,11,7,20,45,920,26,BOULEVARD CIRCULAIRE,48.8886,2.2509,Nuit avec éclairage non allumé,En agglomération,Intersection en Y,Normale,Deux véhicules - côté,,,,,,,,,,,4,2,4,1.0,3.0
201700040098,0017-08-05 16:50:00,17,8,5,16,50,920,26,BOULEVARD CIRCULAIRE,48.89484,2.24371,Plein jour,En agglomération,Hors intersection,Normale,Sans collision,,,,,,,,,,,1,2,1,1.0,7.0
201700040099,0017-11-20 12:00:00,17,11,20,12,0,920,62,JEAN MOULIN (AVENUE),48.8893,2.2412,Plein jour,En agglomération,Hors intersection,Normale,Deux véhicules - arrière,,,,,,,,,,,1,2,1,1.0,2.0
201700040100,0017-06-02 14:45:00,17,6,2,14,45,920,62,BOULEVARD CIRCULAIRE,,,Plein jour,En agglomération,Hors intersection,Normale,Deux véhicules - frontale,,,,,,,,,,,1,2,1,1.0,1.0
201700040101,0017-11-03 15:00:00,17,11,3,15,0,920,26,Rue Félix EBOUE,48.894,2.2355,Plein jour,En agglomération,Hors intersection,Normale,Sans collision,,,,,,,,,,,1,2,1,1.0,7.0
201700040102,0017-12-24 13:40:00,17,12,24,13,40,920,26,BOULEVARD CIRCULAIRE,48.89282,2.24522,Plein jour,En agglomération,Intersection en X,Normale,Deux véhicules - côté,,,,,,,,,,,1,2,2,1.0,3.0