accident_id,datetime,annee,mois,jour,heure,minute,departement,commune_insee,adresse,latitude,longitude,luminosite,agglomeration,intersection,meteo,collision,nb_vehicules,nb_usagers,nb_indemnes,nb_tues,nb_blesses_hosp,nb_blesses_legers,age_cond_1,age_cond_2,veh_type_cond_1,veh_type_cond_2,lum_code,agg_code,int_code,atm_code,col_code
201700040103,0017-09-22 06:58:00,17,9,22,6,58,920,62,SCULPTEURS (VOIE DES),48.89,2.24,Nuit avec éclairage allumé,En agglomération,Hors intersection,Normale,Sans collision,,,,,,,,,,,5,2,1,1.0,7.0
201700040104,0017-12-20 08:45:00,17,12,20,8,45,920,26,"1, ALBERT GLEIZES (AVENU",48.8923,2.2439,Crépuscule ou aube,En agglomération,Hors intersection,Pluie légère,Autre collision,,,,,,,,,,,2,2,1,2.0,6.0
201700040105,0017-12-08 07:10:00,17,12,8,7,10,920,26,"30, DES BATISSEURS (VOIE",48.8901,2.2446,Nuit avec éclairage allumé,En agglomération,Hors intersection,Normale,Autre collision,,,,,,,,,,,5,2,1,1.0,6.0
201700040106,0017-09-28 09:40:00,17,9,28,9,40,920,26,BOULEVARD CIRCULAIRE,48.89102,2.24709,Plein jour,En agglomération,Hors intersection,Normale,Trois véhicules et plus - collisions multiples,,,,,,,,,,,1,2,1,1.0,5.0
201700040107,0017-10-05 13:40:00,17,10,5,13,40,920,26,BOULEVARD CIRCULAIRE,48.8928,2.24526,Plein jour,En agglomération,Intersection en X,Normale,Autre collision,,,,,,,,,,,1,2,2,1.0,6.0
201700040108,0017-09-12 17:00:00,17,9,12,17,0,920,62,PDT WILSON (Avenue),48.8903,2.23959,Plein jour,En agglomération,Intersection en Y,Normale,Autre collision,,,,,,,,,,,1,2,4,1.0,6.0
201700040109,0017-06-03 10:30:00,17,6,3,10,30,920,35,"21, Verdun 1916 ( avenue",48.90683,2.2389,Plein jour,En agglomération,Intersection en X,Normale,Autre collision,,,,,,,,,,,1,2,2,1.0,6.0
201700040110,0017-06-07 15:05:00,17,6,7,15,5,920,35,Joffre ( avenue ),48.90829,2.24267,Plein jour,En agglomération,Intersection en X,Normale,Autre collision,,,,,,,,,,,1,2,2,1.0,6.0
201700040111,0017-06-13 09:13:00,17,6,13,9,13,920,35,National ( boulevard ),48.90857,2.23716,Plein jour,En agglomération,Intersection en T,Normale,Deux véhicules - côté,,,,,,,,,,,1,2,3,1.0,3.0
201700040112,0017-06-11 15:15:00,17,6,11,15,15,920,35,"28, Joffre ( avenue )",48.9068,2.24351,Plein jour,En agglomération,Intersection à plus de 4 branches,Normale,Autre collision,,,,,,,,,,,1,2,5,1.0,6.0
201700040113,0017-06-19 08:30:00,17,6,19,8,30,920,35,"6, Souvenir Français ( r",48.90626,2.24784,Plein jour,En agglomération,Intersection en T,Temps éblouissant,Autre collision,,,,,,,,,,,1,2,3,7.0,6.0
201700040114,0017-07-06 07:55:00,17,7,6,7,55,920,35,"7, Belgique ( Place de )",48.90706,2.23998,Plein jour,En agglomération,Hors intersection,Pluie légère,Deux véhicules - côté,,,,,,,,,,,1,2,1,2.0,3.0
201700040115,0017-07-07 19:25:00,17,7,7,19,25,920,35,"47, Pasteur ( rue )",48.90451,2.23635,Plein jour,En agglomération,Intersection en X,Normale,Autre collision,,,,,,,,,,,1,2,2,1.0,6.0
201700040116,0017-07-11 08:35:00,17,7,11,8,35,920,35,"50, Joffre ( avenue )",48.90908,2.2423,Plein jour,En agglomération,Intersection en X,Normale,Sans collision,,,,,,,,,,,1,2,2,1.0,7.0
201700040117,0017-07-17 16:30:00,17,7,17,16,30,920,35,National ( boulevard ),48.9024,2.2398,Plein jour,En agglomération,Intersection en X,Normale,Deux véhicules - côté,,,,,,,,,,,1,2,2,1.0,3.0
201700040118,0017-07-28 13:58:00,17,7,28,13,58,920,35,"76, République ( bouleva",48.9069,2.2442,Plein jour,En agglomération,Intersection en T,Normale,Deux véhicules - côté,,,,,,,,,,,1,2,3,1.0,3.0
201700040119,0017-07-17 08:45:00,17,7,17,8,45,920,35,"76, République ( bouleva",48.90687,2.24436,Plein jour,En agglomération,Intersection à plus de 4 branches,Normale,Deux véhicules - côté,,,,,,,,,,,1,2,5,1.0,3.0
201700040120,0017-09-06 18:05:00,17,9,6,18,5,920,35,"6TER, Voltaire ( rue )",48.90814,2.24724,Plein jour,En agglomération,Hors intersection,Temps couvert,Autre collision,,,,,,,,,,,1,2,1,8.0,6.0
201700040121,0017-09-19 19:50:00,17,9,19,19,50,920,35,"02, Europe ( rond point",48.90564,2.25585,Nuit avec éclairage allumé,En agglomération,Giratoire,Normale,Deux véhicules - côté,,,,,,,,,,,5,2,6,1.0,3.0
201700040122,0017-09-26 17:20:00,17,9,26,17,20,920,35,"91, National ( boulevard",48.90793,0.22378,Plein jour,En agglomération,Hors intersection,Temps couvert,Autre collision,,,,,,,,,,,1,2,1,8.0,6.0
201700040123,0017-09-19 17:00:00,17,9,19,17,0,920,35,Europe ( rond point de l,48.90556,2.25576,Plein jour,En agglomération,Giratoire,Temps couvert,Deux véhicules - arrière,,,,,,,,,,,1,2,6,8.0,2.0
201700040124,0017-09-29 15:20:00,17,9,29,15,20,920,35,"9, National ( boulevard",48.90297,0.22393,Plein jour,En agglomération,Hors intersection,Normale,Deux véhicules - arrière,,,,,,,,,,,1,2,1,1.0,2.0
201700040125,0017-10-04 19:50:00,17,10,4,19,50,920,35,"8, Aigle ( rue de l' )",48.91044,2.25356,Nuit avec éclairage allumé,En agglomération,Hors intersection,Normale,Deux véhicules - arrière,,,,,,,,,,,5,2,1,1.0,2.0
201700040126,0017-10-05 17:30:00,17,10,5,17,30,920,35,"76, République ( bouleva",48.90684,2.24511,Plein jour,En agglomération,Hors intersection,Pluie légère,Deux véhicules - côté,,,,,,,,,,,1,2,1,2.0,3.0
201700040127,0017-10-06 07:45:00,17,10,6,7,45,920,35,"1, Pasteur ( rue )",48.90505,2.23895,Plein jour,En agglomération,Intersection en T,Normale,Autre collision,,,,,,,,,,,1,2,3,1.0,6.0
201700040128,0017-10-15 14:35:00,17,10,15,14,35,920,35,"54, République ( bouleva",48.90659,2.2474,Plein jour,En agglomération,Hors intersection,Normale,Deux véhicules - arrière,,,,,,,,,,,1,2,1,1.0,2.0
201700040129,0017-10-17 21:10:00,17,10,17,21,10,920,35,"87, National ( boulevard",48.90511,2.23907,Nuit avec éclairage allumé,En agglomération,Intersection en X,Normale,Autre collision,,,,,,,,,,,5,2,2,1.0,6.0
201700040130,0017-11-02 07:40:00,17,11,2,7,40,920,35,"41, Général de Gaulle  (",48.91109,2.2547,Crépuscule ou aube,En agglomération,Intersection à plus de 4 branches,Normale,Deux véhicules - côté,,,,,,,,,,,2,2,5,1.0,3.0
201700040131,0017-11-10 20:30:00,17,11,10,20,30,920,35,Moulin Bailly ( rue du ),48.9096,2.25884,Nuit avec éclairage allumé,En agglomération,Intersection en X,Normale,Deux véhicules - côté,,,,,,,,,,,5,2,2,1.0,3.0
201700040132,0017-11-22 08:00:00,17,11,22,8,0,920,35,"31, République ( bouleva",48.90634,0.22488,Plein jour,En agglomération,Giratoire,Normale,Deux véhicules - côté,,,,,,,,,,,1,2,6,1.0,3.0
201700040133,0017-11-22 08:10:00,17,11,22,8,10,920,35,Général de Gaulle  ( ave,48.90637,2.25562,Plein jour,En agglomération,Intersection en T,Normale,Deux véhicules - côté,,,,,,,,,,,1,2,3,1.0,3.0
201700040134,0017-11-25 09:20:00,17,11,25,9,20,920,35,"1, Général de Gaulle  (",48.91333,2.25323,Plein jour,En agglomération,Hors intersection,Temps couvert,Deux véhicules - côté,,,,,,,,,,,1,2,1,8.0,3.0
201700040135,0017-11-27 18:15:00,17,11,27,18,15,920,35,"70, National ( boulevard",48.90734,0.22388,Nuit avec éclairage allumé,En agglomération,Hors intersection,Pluie forte,Autre collision,,,,,,,,,,,5,2,1,3.0,6.0
201700040136,0017-11-30 08:35:00,17,11,30,8,35,920,35,"4, Léon Maurice Nordmann",48.90471,2.23987,Plein jour,En agglomération,Intersection en T,Normale,Autre collision,,,,,,,,,,,1,2,3,1.0,6.0
201700040137,0017-12-14 19:40:00,17,12,14,19,40,920,35,"25, Verdun 1916 ( avenue",48.90456,2.23255,Nuit avec éclairage allumé,En agglomération,Hors intersection,Normale,Autre collision,,,,,,,,,,,5,2,1,1.0,6.0
201700040138,0017-12-15 08:10:00,17,12,15,8,10,920,35,"25 ter, Plaisance ( rue",48.91019,0.22507,Plein jour,En agglomération,Intersection en X,Temps couvert,Autre collision,,,,,,,,,,,1,2,2,8.0,6.0
201700040139,0017-12-20 11:45:00,17,12,20,11,45,920,35,"33, République ( bouleva",48.9064,2.24782,Plein jour,En agglomération,Giratoire,Temps couvert,Autre collision,,,,,,,,,,,1,2,6,8.0,6.0
201700040140,0017-12-22 17:20:00,17,12,22,17,20,920,35,"10, Souvenir Français (",48.90608,0.2248,Nuit avec éclairage allumé,En agglomération,Giratoire,Pluie légère,Autre collision,,,,,,,,,,,5,2,6,2.0,6.0
201700040141,0017-01-11 19:05:00,17,1,11,19,5,920,35,Foch ( avenue ),,,Nuit avec éclairage allumé,En agglomération,Intersection en X,Normale,Autre collision,,,,,,,,,,,5,2,2,1.0,6.0
201700040142,0017-01-05 16:45:00,17,1,5,16,45,920,35,National ( boulevard ),,,Crépuscule ou aube,En agglomération,Intersection en X,Normale,Autre collision,,,,,,,,,,,2,2,2,1.0,6.0
201700040143,0017-02-01 09:53:00,17,2,1,9,53,920,35,"91, National ( boulevard",,,Plein jour,En agglomération,Hors intersection,Normale,Autre collision,,,,,,,,,,,1,2,1,1.0,6.0
201700040144,0017-02-07 13:40:00,17,2,7,13,40,920,35,Foch ( avenue ),,,Plein jour,En agglomération,Intersection en X,Normale,Deux véhicules - côté,,,,,,,,,,,1,2,2,1.0,3.0
201700040145,0017-02-08 20:05:00,17,2,8,20,5,920,35,Aigle ( rue de l' ),,,Nuit avec éclairage allumé,En agglomération,Intersection en X,Normale,Deux véhicules - côté,,,,,,,,,,,5,2,2,1.0,3.0
201700040146,0017-02-13 16:40:00,17,2,13,16,40,920,35,National ( boulevard ),,,Plein jour,En agglomération,Intersection en X,Normale,Deux véhicules - côté,,,,,,,,,,,1,2,2,1.0,3.0
201700040147,0017-02-22 12:10:00,17,2,22,12,10,920,35,"9, National ( boulevard",,,Plein jour,En agglomération,Hors intersection,Normale,Deux véhicules - côté,,,,,,,,,,,1,2,1,1.0,3.0
201700040148,0017-03-01 16:00:00,17,3,1,16,0,920,35,"18, Château ( rue du )",,,Plein jour,En agglomération,Intersection à plus de 4 branches,Pluie légère,Deux véhicules - arrière,,,,,,,,,,,1,2,5,2.0,2.0
201700040149,0017-04-24 08:44:00,17,4,24,8,44,920,35,Verdun 1916 ( avenue de,,,Plein jour,En agglomération,Intersection en X,Normale,Autre collision,,,,,,,,,,,1,2,2,1.0,6.0
201700040150,0017-04-27 15:45:00,17,4,27,15,45,920,35,"76, République ( bouleva",,,Plein jour,En agglomération,Intersection en T,Normale,Autre collision,,,,,,,,,,,1,2,3,1.0,6.0
201700040151,0017-05-12 14:30:00,17,5,12,14,30,920,35,National ( boulevard ),,,Plein jour,En agglomération,Intersection en T,Pluie légère,Deux véhicules - arrière,,,,,,,,,,,1,2,3,2.0,2.0
201700040152,0017-05-08 00:01:00,17,5,8,0,1,920,35,Liberté ( place de ),,,Nuit avec éclairage allumé,En agglomération,Intersection en X,Normale,Autre collision,,,,,,,,,,,5,2,2,1.0,6.0
201700040153,0017-05-23 08:20:00,17,5,23,8,20,920,35,"91, National ( boulevard",,,Plein jour,En agglomération,Hors intersection,Normale,Autre collision,,,,,,,,,,,1,2,1,1.0,6.0
201700040154,0017-01-02 15:50:00,17,1,2,15,50,920,36,"51, PRINCIPALE DU PORT (",,,Plein jour,En agglomération,Autre intersection,Normale,Autre collision,,,,,,,,,,,1,2,9,1.0,6.0
201700040155,0017-11-30 15:45:00,17,11,30,15,45,920,36,"0, PIERRE DE COUBERTIN (",48.0,2.2,Plein jour,En agglomération,Intersection en X,Pluie légère,Deux véhicules - côté,,,,,,,,,,,1,2,2,2.0,3.0
201700040156,0017-01-09 19:22:00,17,1,9,19,22,920,36,"76, GENERAL DE GAULLE (A",,,Nuit avec éclairage allumé,En agglomération,Intersection en T,Normale,Autre collision,,,,,,,,,,,5,2,3,1.0,6.0
201700040157,0017-12-01 09:30:00,17,12,1,9,30,920,36,"0, LAURENT CELY (AVENUE)",48.0,2.2,Plein jour,En agglomération,Intersection en X,Pluie légère,Deux véhicules - arrière,,,,,,,,,,,1,2,2,2.0,2.0
201700040158,0017-01-10 13:05:00,17,1,10,13,5,920,36,"0, GENEAL DE GAULLE (AVE",,,Plein jour,En agglomération,Hors intersection,Normale,Autre collision,,,,,,,,,,,1,2,1,1.0,6.0
201700040159,0017-12-04 11:00:00,17,12,4,11,0,920,36,"0, LAURENT CELY (AVENUE)",48.0,2.2,Plein jour,En agglomération,Intersection en X,Normale,Deux véhicules - arrière,,,,,,,,,,,1,2,2,1.0,2.0
201700040160,0017-01-11 18:40:00,17,1,11,18,40,920,36,"0, LAURENT CELY (AVENUE)",,,Nuit avec éclairage allumé,En agglomération,Intersection en Y,Pluie légère,Autre collision,,,,,,,,,,,5,2,4,2.0,6.0
201700040161,0017-12-05 17:00:00,17,12,5,17,0,920,36,"0, LUCIEN LANTERNIER (AV",48.0,2.2,Nuit avec éclairage allumé,En agglomération,Intersection en X,Normale,Autre collision,,,,,,,,,,,5,2,2,1.0,6.0
201700040162,0017-01-14 05:35:00,17,1,14,5,35,920,36,"0, GALLIENI (BOULEVARD)",,,Nuit avec éclairage allumé,En agglomération,Hors intersection,Normale,Autre collision,,,,,,,,,,,5,2,1,1.0,6.0
201700040163,0017-12-07 18:00:00,17,12,7,18,0,920,36,BASSIN N°6 (ROUTE DU),48.0,2.2,Nuit avec éclairage allumé,En agglomération,Intersection en X,Pluie légère,Sans collision,,,,,,,,,,,5,2,2,2.0,7.0
201700040164,0017-01-23 20:45:00,17,1,23,20,45,920,36,"12-14, THOMAS EDISON (RU",,,Nuit avec éclairage allumé,En agglomération,Hors intersection,Normale,Sans collision,,,,,,,,,,,5,2,1,1.0,7.0
201700040165,0017-12-08 11:30:00,17,12,8,11,30,920,36,"16-24, SEINE (ROUTE DE L",48.0,2.2,Plein jour,En agglomération,Hors intersection,Pluie légère,Autre collision,,,,,,,,,,,1,2,1,2.0,6.0
201700040166,0017-01-26 14:10:00,17,1,26,14,10,920,36,", LIBERATION (AVENUE DE",,,Plein jour,En agglomération,Hors intersection,Normale,Autre collision,,,,,,,,,,,1,2,1,1.0,6.0
201700040167,0017-12-09 22:35:00,17,12,9,22,35,920,36,"0, LUCIEN LANTERNIER (AV",48.0,2.2,Nuit avec éclairage allumé,En agglomération,Hors intersection,Normale,Autre collision,,,,,,,,,,,5,2,1,1.0,6.0
201700040168,0017-01-29 19:30:00,17,1,29,19,30,920,36,"0, LAURENT CELY (AVENUE)",,,Nuit avec éclairage allumé,En agglomération,Hors intersection,Normale,Autre collision,,,,,,,,,,,5,2,1,1.0,6.0
201700040169,0017-12-11 22:30:00,17,12,11,22,30,920,36,"0, MOULIN DE CAGE (QUAI",48.0,2.2,Nuit avec éclairage allumé,En agglomération,Intersection en T,Pluie légère,Trois véhicules et plus - collisions multiples,,,,,,,,,,,5,2,3,2.0,5.0
201700040170,0017-01-29 20:40:00,17,1,29,20,40,920,36,"52, HENRI BARBUSSE (RUE)",,,Nuit avec éclairage allumé,En agglomération,Intersection en X,Normale,Autre collision,,,,,,,,,,,5,2,2,1.0,6.0
201700040171,0017-12-12 17:25:00,17,12,12,17,25,920,36,"11, GENERAL DE GAULLE (A",48.0,2.2,Crépuscule ou aube,En agglomération,Hors intersection,Normale,Autre collision,,,,,,,,,,,2,2,1,1.0,6.0
201700040172,0017-01-30 18:30:00,17,1,30,18,30,920,36,"0, LOUISE MICHEL (IMPAIR",,,Nuit avec éclairage allumé,En agglomération,Intersection en X,Normale,Autre collision,,,,,,,,,,,5,2,2,1.0,6.0
201700040173,0017-12-15 06:00:00,17,12,15,6,0,920,36,"9, CAMELINAT (BOULEVARD)",48.0,2.2,Nuit avec éclairage allumé,En agglomération,Intersection en X,Normale,Autre collision,,,,,,,,,,,5,2,2,1.0,6.0
201700040174,0017-02-02 06:54:00,17,2,2,6,54,920,36,"0, LOUIS ROCHE (AVENUE)",,,Nuit avec éclairage allumé,En agglomération,Intersection en T,Normale,Deux véhicules - côté,,,,,,,,,,,5,2,3,1.0,3.0
201700040175,0017-12-15 06:00:00,17,12,15,6,0,920,36,"1, CAMELINAT (BOULEVARD)",48.0,2.2,Nuit avec éclairage allumé,En agglomération,Intersection en X,Normale,Autre collision,,,,,,,,,,,5,2,2,1.0,6.0
201700040176,0017-02-02 17:30:00,17,2,2,17,30,920,36,"0, MARCEL PAUL (AVENUE)",,,Plein jour,En agglomération,Intersection en X,Normale,Autre collision,,,,,,,,,,,1,2,2,1.0,6.0
201700040177,0017-12-22 11:10:00,17,12,22,11,10,920,36,"0, AGNETTES (RUE DES) (1",48.0,2.2,Plein jour,En agglomération,Hors intersection,Pluie légère,Autre collision,,,,,,,,,,,1,2,1,2.0,6.0
201700040178,0017-02-03 10:05:00,17,2,3,10,5,920,36,"29, CHANDON (AVENUE) (1/",,,Plein jour,En agglomération,Hors intersection,Normale,Autre collision,,,,,,,,,,,1,2,1,1.0,6.0
201700040179,0017-12-27 05:10:00,17,12,27,5,10,920,36,"0, MARCEL PAUL (AVENUE)",48.0,2.2,Nuit avec éclairage allumé,En agglomération,Hors intersection,Pluie légère,Sans collision,,,,,,,,,,,5,2,1,2.0,7.0
201700040180,0017-02-03 15:40:00,17,2,3,15,40,920,36,"171, GABRIEL PERI (AVENU",,,Plein jour,En agglomération,Intersection en T,Pluie légère,Autre collision,,,,,,,,,,,1,2,3,2.0,6.0
201700040181,0017-02-04 10:45:00,17,2,4,10,45,920,36,"0, BOULEVARD INTERCOMMUN",,,Plein jour,En agglomération,Intersection en X,Pluie forte,Deux véhicules - côté,,,,,,,,,,,1,2,2,3.0,3.0
201700040182,0017-02-07 07:00:00,17,2,7,7,0,920,36,"0, PETITS MARAIS (CHEMIN",,,Nuit avec éclairage allumé,En agglomération,Intersection en X,Normale,Deux véhicules - arrière,,,,,,,,,,,5,2,2,1.0,2.0
201700040183,0017-02-13 23:00:00,17,2,13,23,0,920,36,"0, LOUIS ROCHE (AVENUE)",,,Nuit avec éclairage allumé,En agglomération,Intersection en X,Normale,Autre collision,,,,,,,,,,,5,2,2,1.0,6.0
201700040184,0017-02-15 07:10:00,17,2,15,7,10,920,36,"0, Bretelle d'accès A 86",,,Nuit avec éclairage allumé,En agglomération,Intersection en T,Normale,Autre collision,,,,,,,,,,,5,2,3,1.0,6.0
201700040185,0017-02-19 19:00:00,17,2,19,19,0,920,36,"60, LOUIS CALMEL (RUE) (",,,Plein jour,En agglomération,Hors intersection,Normale,Autre collision,,,,,,,,,,,1,2,1,1.0,6.0
201700040186,0017-02-21 09:55:00,17,2,21,9,55,920,36,"0, DEQUEVAUVILLIERS (BOU",,,Plein jour,En agglomération,Hors intersection,Normale,Deux véhicules - arrière,,,,,,,,,,,1,2,1,1.0,2.0
201700040187,0017-02-21 10:30:00,17,2,21,10,30,920,36,"11, GRESILLONS (QUAI DES",,,Plein jour,En agglomération,Hors intersection,Normale,Deux véhicules - arrière,,,,,,,,,,,1,2,1,1.0,2.0
201700040188,0017-02-22 19:45:00,17,2,22,19,45,920,36,"64, BAS (RUE DES) (64 AU",,,Plein jour,En agglomération,Hors intersection,Normale,Sans collision,,,,,,,,,,,1,2,1,1.0,7.0
201700040189,0017-02-23 14:45:00,17,2,23,14,45,920,36,"76, GENERAL DE GAULLE (A",,,Plein jour,En agglomération,Intersection en T,Vent fort / tempête,Autre collision,,,,,,,,,,,1,2,3,6.0,6.0
201700040190,0017-02-28 11:00:00,17,2,28,11,0,920,36,"0, LUCIEN LANTERNIER (AV",,,Plein jour,En agglomération,Intersection en T,Normale,Autre collision,,,,,,,,,,,1,2,3,1.0,6.0
201700040191,0017-03-02 11:00:00,17,3,2,11,0,920,36,"0, LOUISE MICHEL (PAIRS)",,,Plein jour,En agglomération,Intersection en T,Normale,Deux véhicules - côté,,,,,,,,,,,1,2,3,1.0,3.0
201700040192,0017-03-03 06:45:00,17,3,3,6,45,920,36,"76, GENERAL DE GAULLE (A",,,Crépuscule ou aube,En agglomération,Intersection en T,Normale,Autre collision,,,,,,,,,,,2,2,3,1.0,6.0
201700040193,0017-03-03 13:15:00,17,3,3,13,15,920,36,"0, PRINCIPALE DU PORT (R",,,Plein jour,En agglomération,Intersection en T,Normale,Autre collision,,,,,,,,,,,1,2,3,1.0,6.0
201700040194,0017-03-04 20:35:00,17,3,4,20,35,920,36,"0, PIERRE DE COUBERTIN (",,,Nuit sans éclairage public,En agglomération,Hors intersection,Normale,Autre collision,,,,,,,,,,,3,2,1,1.0,6.0
201700040195,0017-03-07 11:30:00,17,3,7,11,30,920,36,"0, GABRIEL PERI (AVENUE)",,,Plein jour,En agglomération,Intersection en X,Normale,Deux véhicules - côté,,,,,,,,,,,1,2,2,1.0,3.0
201700040196,0017-03-09 17:00:00,17,3,9,17,0,920,36,"05, BASLY (RUE) (1)",,,Plein jour,En agglomération,Hors intersection,Normale,Autre collision,,,,,,,,,,,1,2,1,1.0,6.0
201700040197,0017-03-12 09:50:00,17,3,12,9,50,920,36,"104, VIEUX CHEMIN DE SAI",,,Plein jour,En agglomération,Hors intersection,Normale,Autre collision,,,,,,,,,,,1,2,1,1.0,6.0
201700040198,0017-03-15 19:15:00,17,3,15,19,15,920,36,"0, LOUIS ROCHE (AVENUE)",,,Nuit avec éclairage allumé,En agglomération,Intersection en T,Normale,Autre collision,,,,,,,,,,,5,2,3,1.0,6.0
201700040199,0017-03-20 18:10:00,17,3,20,18,10,920,36,"0, RAVERDIS (RUE DS)",,,Plein jour,En agglomération,Intersection en T,Normale,Deux véhicules - côté,,,,,,,,,,,1,2,3,1.0,3.0
201700040200,0017-03-20 20:45:00,17,3,20,20,45,920,36,"0, ARGENTEUIL (AVENUE D'",,,Nuit avec éclairage allumé,En agglomération,Intersection en X,Normale,Deux véhicules - côté,,,,,,,,,,,5,2,2,1.0,3.0
201700040201,0017-04-01 12:20:00,17,4,1,12,20,920,36,"10, GENERAL DE GAULLE (A",,,Plein jour,En agglomération,Hors intersection,Normale,Autre collision,,,,,,,,,,,1,2,1,1.0,6.0
201700040202,0017-04-14 14:30:00,17,4,14,14,30,920,36,"96, BAS (RUE DES) (78 &",,,Plein jour,En agglomération,Autre intersection,Normale,Deux véhicules - arrière,,,,,,,,,,,1,2,9,1.0,2.0
201700040203,0017-04-17 14:10:00,17,4,17,14,10,920,36,"0, GRESILLONS (AVENUE DE",,,Plein jour,En agglomération,Intersection en T,Normale,Deux véhicules - côté,,,,,,,,,,,1,2,3,1.0,3.0
201700040204,0017-04-24 17:40:00,17,4,24,17,40,920,36,"8, REPUBLIQUE (AVENUE DE",,,Plein jour,En agglomération,Intersection en T,Normale,Autre collision,,,,,,,,,,,1,2,3,1.0,6.0
201700040205,0017-06-10 20:30:00,17,6,10,20,30,920,36,"13, GRESILLONS (QUAI DES",48.91964,2.32202,Crépuscule ou aube,En agglomération,Hors intersection,Normale,Trois véhicules et plus - en chaîne,,,,,,,,,,,2,2,1,1.0,4.0
201700040206,0017-06-13 09:50:00,17,6,13,9,50,920,36,"99, GABRIEL PERI (AVENUE",48.92143,2.29489,Plein jour,En agglomération,Intersection en X,Normale,Deux véhicules - côté,,,,,,,,,,,1,2,2,1.0,3.0
201700040207,0017-06-13 12:50:00,17,6,13,12,50,920,36,"10, LOUIS CALMEL (RUE) (",48.92669,2.29366,Plein jour,En agglomération,Hors intersection,Normale,Autre collision,,,,,,,,,,,1,2,1,1.0,6.0
201700040208,0017-06-16 16:05:00,17,6,16,16,5,920,36,"49, PRINCIPALE DU PORT (",48.93694,2.27329,Plein jour,En agglomération,Hors intersection,Normale,Autre collision,,,,,,,,,,,1,2,1,1.0,6.0
201700040209,0017-06-16 19:40:00,17,6,16,19,40,920,36,"26, JEAN JACQUES ROUSSEA",48.93329,2.28556,Plein jour,En agglomération,Hors intersection,Normale,Autre collision,,,,,,,,,,,1,2,1,1.0,6.0
201700040210,0017-06-30 17:10:00,17,6,30,17,10,920,36,"82, GENERAL DE GAULLE (A",48.95558,2.31365,Plein jour,En agglomération,Intersection en T,Normale,Autre collision,,,,,,,,,,,1,2,3,1.0,6.0
201700040211,0017-07-04 17:45:00,17,7,4,17,45,920,36,"0, PRINCIPALE DU PORT (R",48.93795,2.27868,Plein jour,En agglomération,Giratoire,Normale,Autre collision,,,,,,,,,,,1,2,6,1.0,6.0
201700040212,0017-07-09 19:00:00,17,7,9,19,0,920,36,"2, GENERAL DE GAULLE (AV",48.991,2.32444,Plein jour,En agglomération,Hors intersection,Normale,Deux véhicules - arrière,,,,,,,,,,,1,2,1,1.0,2.0
201700040213,0017-07-07 19:40:00,17,7,7,19,40,920,36,"16, MARCEL PAUL (AVENUE)",48.93363,2.30414,Plein jour,En agglomération,Hors intersection,Normale,Trois véhicules et plus - en chaîne,,,,,,,,,,,1,2,1,1.0,4.0
201700040214,0017-07-14 23:30:00,17,7,14,23,30,920,36,"0, MARCEL PAUL (AVENUE)",48.94262,2.30297,Nuit avec éclairage allumé,En agglomération,Intersection en T,Normale,Deux véhicules - côté,,,,,,,,,,,5,2,3,1.0,3.0
201700040215,0017-07-25 16:05:00,17,7,25,16,5,920,36,GRESILLONS (AVENUE DES),48.92037,2.31437,Plein jour,En agglomération,Hors intersection,Normale,Autre collision,,,,,,,,,,,1,2,1,1.0,6.0
201700040216,0017-08-06 23:45:00,17,8,6,23,45,920,36,"0, PIERRE DE COUBERTIN P",48.93442,2.28104,Nuit avec éclairage allumé,En agglomération,Hors intersection,Normale,Autre collision,,,,,,,,,,,5,2,1,1.0,6.0
201700040217,0017-08-07 12:10:00,17,8,7,12,10,920,36,"112, GENERAL DE GAULLE (",48.9342,2.3201,Plein jour,En agglomération,Intersection en T,Normale,Autre collision,,,,,,,,,,,1,2,3,1.0,6.0
201700040218,0017-08-19 20:00:00,17,8,19,20,0,920,36,"0, MOULIN DE CAGE (QUAI",48.92112,2.32501,Plein jour,En agglomération,Intersection en X,Normale,Autre collision,,,,,,,,,,,1,2,2,1.0,6.0
201700040219,0017-08-21 15:30:00,17,8,21,15,30,920,36,"20, ROBERT POTTIER (RUE)",48.92709,2.29065,Plein jour,En agglomération,Hors intersection,Normale,Autre collision,,,,,,,,,,,1,2,1,1.0,6.0
201700040220,0017-09-03 19:10:00,17,9,3,19,10,920,36,"0, PIERRE DE COUBERTIN (",48.9361,2.28015,Plein jour,En agglomération,Hors intersection,Pluie légère,Deux véhicules - arrière,,,,,,,,,,,1,2,1,2.0,2.0
201700040221,0017-09-06 09:20:00,17,9,6,9,20,920,36,"0, CAMELINAT (BOULEVARD)",48.92666,2.29471,Plein jour,En agglomération,Intersection en X,Normale,Autre collision,,,,,,,,,,,1,2,2,1.0,6.0
201700040222,0017-09-07 20:00:00,17,9,7,20,0,920,36,"0, CHANDON (AVENUE) (2/6",48.95584,2.2,Plein jour,En agglomération,Intersection en X,Normale,Deux véhicules - frontale,,,,,,,,,,,1,2,2,1.0,1.0
201700040223,0017-09-11 19:00:00,17,9,11,19,0,920,36,"16, SEINE (ROUTE DE LA)",48.94389,2.28666,Plein jour,En agglomération,Hors intersection,Normale,Autre collision,,,,,,,,,,,1,2,1,1.0,6.0
201700040224,0017-09-13 14:50:00,17,9,13,14,50,920,36,PRINCIPALE DU PORT (ROUT,48.0,2.2,Plein jour,En agglomération,Intersection en T,Pluie forte,Deux véhicules - côté,,,,,,,,,,,1,2,3,3.0,3.0