accident_id,datetime,annee,mois,jour,heure,minute,departement,commune_insee,adresse,latitude,longitude,luminosite,agglomeration,intersection,meteo,collision,nb_vehicules,nb_usagers,nb_indemnes,nb_tues,nb_blesses_hosp,nb_blesses_legers,age_cond_1,age_cond_2,veh_type_cond_1,veh_type_cond_2,lum_code,agg_code,int_code,atm_code,col_code
201700040225,0017-09-14 14:00:00,17,9,14,14,0,920,36,"0, CHANDON (AVENUE) (1/6",48.0,2.2,Plein jour,En agglomération,Intersection en T,Normale,Autre collision,,,,,,,,,,,1,2,3,1.0,6.0
201700040226,0017-09-15 05:40:00,17,9,15,5,40,920,36,"10, GENERAL DE GAULLE (A",48.0,2.2,Nuit avec éclairage allumé,En agglomération,Hors intersection,Normale,Autre collision,,,,,,,,,,,5,2,1,1.0,6.0
201700040227,0017-09-22 20:30:00,17,9,22,20,30,920,36,"16, MARCEL PAUL (AVENUE)",48.0,2.2,Nuit avec éclairage allumé,En agglomération,Hors intersection,Normale,Autre collision,,,,,,,,,,,5,2,1,1.0,6.0
201700040228,0017-09-26 16:00:00,17,9,26,16,0,920,36,"0, PIERRE DE COUBERTIN P",48.0,2.2,Plein jour,En agglomération,Hors intersection,Normale,Autre collision,,,,,,,,,,,1,2,1,1.0,6.0
201700040229,0017-09-27 08:40:00,17,9,27,8,40,920,36,"0, GENERAL DE GAULLE (AV",48.0,2.2,Plein jour,En agglomération,Hors intersection,Normale,Autre collision,,,,,,,,,,,1,2,1,1.0,6.0
201700040230,0017-09-29 14:05:00,17,9,29,14,5,920,36,MOULIN DE CAGE (QUAI DU),48.0,2.2,Plein jour,En agglomération,Hors intersection,Normale,Trois véhicules et plus - en chaîne,,,,,,,,,,,1,2,1,1.0,4.0
201700040231,0017-10-02 10:40:00,17,10,2,10,40,920,36,"65, GRESILLONS (AVENUE D",48.0,2.2,Plein jour,En agglomération,Hors intersection,Normale,Autre collision,,,,,,,,,,,1,2,1,1.0,6.0
201700040232,0017-10-02 22:30:00,17,10,2,22,30,920,36,"92, GABRIEL PERI (AVENUE",48.0,2.2,Nuit avec éclairage allumé,En agglomération,Intersection en X,Normale,Deux véhicules - côté,,,,,,,,,,,5,2,2,1.0,3.0
201700040233,0017-10-06 16:50:00,17,10,6,16,50,920,36,"0, PRINCIPALE DU PORT (R",48.0,2.2,Plein jour,En agglomération,Hors intersection,Normale,Autre collision,,,,,,,,,,,1,2,1,1.0,6.0
201700040234,0017-10-09 15:35:00,17,10,9,15,35,920,36,GRESILLONS (QUAI DES),48.0,2.2,Plein jour,En agglomération,Intersection en X,Normale,Trois véhicules et plus - collisions multiples,,,,,,,,,,,1,2,2,1.0,5.0
201700040235,0017-10-10 05:50:00,17,10,10,5,50,920,36,"0, BASSIN N°6 (ROUTE DU)",48.0,2.2,Nuit avec éclairage allumé,En agglomération,Intersection en T,Pluie légère,Deux véhicules - côté,,,,,,,,,,,5,2,3,2.0,3.0
201700040236,0017-10-11 17:55:00,17,10,11,17,55,920,36,"28, LUCIEN LANTERNIER (A",48.0,2.2,Plein jour,En agglomération,Hors intersection,Normale,Autre collision,,,,,,,,,,,1,2,1,1.0,6.0
201700040237,0017-10-12 17:35:00,17,10,12,17,35,920,36,"0, PRINCIPALE DU PORT (R",48.0,2.2,Plein jour,En agglomération,Giratoire,Normale,Autre collision,,,,,,,,,,,1,2,6,1.0,6.0
201700040238,0017-10-12 18:15:00,17,10,12,18,15,920,36,"19, MOULIN DE CAGE (QUAI",48.0,2.2,Plein jour,En agglomération,Hors intersection,Normale,Autre collision,,,,,,,,,,,1,2,1,1.0,6.0
201700040239,0017-10-15 12:20:00,17,10,15,12,20,920,36,"0, PIERRE DE COUBERTIN P",48.0,2.2,Plein jour,En agglomération,Intersection en X,Normale,Deux véhicules - côté,,,,,,,,,,,1,2,2,1.0,3.0
201700040240,0017-10-15 19:00:00,17,10,15,19,0,920,36,"9, AGNETTES (RUE DES) (1",48.0,2.2,Crépuscule ou aube,En agglomération,Hors intersection,Normale,Autre collision,,,,,,,,,,,2,2,1,1.0,6.0
201700040241,0017-10-16 09:20:00,17,10,16,9,20,920,36,"0, DEQUEVAUVILLIERS (BOU",48.0,2.2,Plein jour,En agglomération,Intersection en T,Normale,Deux véhicules - côté,,,,,,,,,,,1,2,3,1.0,3.0
201700040242,0017-10-17 18:10:00,17,10,17,18,10,920,36,LUCIEN LANTERNIER (AVENU,48.0,2.2,Plein jour,En agglomération,Hors intersection,Normale,Autre collision,,,,,,,,,,,1,2,1,1.0,6.0
201700040243,0017-10-19 10:15:00,17,10,19,10,15,920,36,MARCEL PAUL (AVENUE) (1/,48.0,2.2,Plein jour,En agglomération,Intersection en T,Normale,Autre collision,,,,,,,,,,,1,2,3,1.0,6.0
201700040244,0017-10-20 21:20:00,17,10,20,21,20,920,36,"0, BAS (RUE DES) (78 & +",48.0,2.2,Nuit avec éclairage allumé,En agglomération,Hors intersection,Normale,Autre collision,,,,,,,,,,,5,2,1,1.0,6.0
201700040245,0017-10-25 12:45:00,17,10,25,12,45,920,36,"0, LOUVRESSES (AVENUE)",48.0,2.2,Plein jour,En agglomération,Hors intersection,Normale,Autre collision,,,,,,,,,,,1,2,1,1.0,6.0
201700040246,0017-10-31 12:20:00,17,10,31,12,20,920,36,"39, JULES LAROSE (RUE)",48.93194,2.30105,Plein jour,En agglomération,Hors intersection,Normale,Deux véhicules - arrière,,,,,,,,,,,1,2,1,1.0,2.0
201700040247,0017-11-06 10:50:00,17,11,6,10,50,920,36,BONGARDE (RUE DE LA) (1/,48.0,2.2,Plein jour,En agglomération,Intersection en X,Normale,Deux véhicules - arrière,,,,,,,,,,,1,2,2,1.0,2.0
201700040248,0017-11-09 17:30:00,17,11,9,17,30,920,36,"0, HENRI BARBUSSE",48.0,2.2,Nuit avec éclairage allumé,En agglomération,Intersection en T,Normale,Autre collision,,,,,,,,,,,5,2,3,1.0,6.0
201700040249,0017-11-16 09:40:00,17,11,16,9,40,920,36,"0, GALLIENI (BOULEVARD)",48.0,2.2,Plein jour,En agglomération,Intersection en X,Normale,Deux véhicules - côté,,,,,,,,,,,1,2,2,1.0,3.0
201700040250,0017-11-26 04:40:00,17,11,26,4,40,920,36,MOULIN DE CAGE (QUAI DU),48.92759,2.33282,Nuit avec éclairage allumé,En agglomération,Hors intersection,Normale,Autre collision,,,,,,,,,,,5,2,1,1.0,6.0
201700040251,0017-11-27 15:40:00,17,11,27,15,40,920,36,"19, REPUBLIQUE (AVENUE D",48.0,2.2,Plein jour,En agglomération,Hors intersection,Normale,Autre collision,,,,,,,,,,,1,2,1,1.0,6.0
201700040252,0017-11-28 17:20:00,17,11,28,17,20,920,36,"78, GENERAL DE GAULLE (A",48.0,2.2,Nuit avec éclairage allumé,En agglomération,Intersection en T,Pluie légère,Autre collision,,,,,,,,,,,5,2,3,2.0,6.0
201700040253,0017-11-29 06:45:00,17,11,29,6,45,920,36,"241, GRESILLONS (AVENUE",48.0,2.2,Nuit avec éclairage allumé,En agglomération,Hors intersection,Normale,Autre collision,,,,,,,,,,,5,2,1,1.0,6.0
201700040254,0017-11-29 14:10:00,17,11,29,14,10,920,36,LOUIS ROCHE (AVENUE) (1/,48.0,2.2,Plein jour,En agglomération,Intersection en T,Normale,Deux véhicules - côté,,,,,,,,,,,1,2,3,1.0,3.0
201700040255,0017-11-02 20:22:00,17,11,2,20,22,920,40,"00, HORACE VERNET",,,Nuit avec éclairage allumé,En agglomération,Intersection en T,Normale,Deux véhicules - côté,,,,,,,,,,,5,2,3,1.0,3.0
201700040256,0017-11-07 14:45:00,17,11,7,14,45,920,40,"66, RODIN (BOULEVARD)",,,Plein jour,En agglomération,Hors intersection,Normale,Autre collision,,,,,,,,,,,1,2,1,1.0,6.0
201700040257,0017-10-18 09:00:00,17,10,18,9,0,920,40,"06, QUATRE SEPTEMBRE (DU",,,Crépuscule ou aube,En agglomération,Hors intersection,Normale,Autre collision,,,,,,,,,,,2,2,1,1.0,6.0
201700040258,0017-10-23 05:00:00,17,10,23,5,0,920,40,VIADUC (DU),,,Nuit avec éclairage allumé,En agglomération,Hors intersection,Pluie légère,Deux véhicules - arrière,,,,,,,,,,,5,2,1,2.0,2.0
201700040259,0017-10-24 16:35:00,17,10,24,16,35,920,40,"00, RESISTANCE (PLACE DE",,,Plein jour,En agglomération,Hors intersection,Normale,Deux véhicules - côté,,,,,,,,,,,1,2,1,1.0,3.0
201700040260,0017-01-01 17:00:00,17,1,1,17,0,920,40,"13, JULES GUESDES",,,Crépuscule ou aube,En agglomération,Hors intersection,Pluie légère,Sans collision,,,,,,,,,,,2,2,1,2.0,7.0
201700040261,0017-11-08 07:45:00,17,11,8,7,45,920,40,RODIN (BOULEVARD),,,Crépuscule ou aube,En agglomération,Hors intersection,Normale,Trois véhicules et plus - collisions multiples,,,,,,,,,,,2,2,1,1.0,5.0
201700040262,0017-06-26 00:48:00,17,6,26,0,48,920,40,GENERAL LECLERC (DU) DU,48.82553,2.27664,Nuit avec éclairage allumé,En agglomération,Hors intersection,Normale,Deux véhicules - côté,,,,,,,,,,,5,2,1,1.0,3.0
201700040263,0017-08-02 09:00:00,17,8,2,9,0,920,40,"46 bis, GALLIENI (BOULEV",48.82498,2.26785,Plein jour,En agglomération,Hors intersection,Normale,Deux véhicules - côté,,,,,,,,,,,1,2,1,1.0,3.0
201700040264,0017-09-29 13:50:00,17,9,29,13,50,920,40,"36, REPUBLIQUE (AVENUE D",48.82429,2.27285,Plein jour,En agglomération,Hors intersection,Normale,Autre collision,,,,,,,,,,,1,2,1,1.0,6.0
201700040265,0017-11-02 19:21:00,17,11,2,19,21,920,40,"28, JEAN-PIERRE TIMBAUD",48.8207,2.2498,Nuit avec éclairage allumé,En agglomération,Hors intersection,Normale,Autre collision,,,,,,,,,,,5,2,1,1.0,6.0
201700040266,0017-11-30 20:10:00,17,11,30,20,10,920,40,"35, ROUGET DE L'ISLE",48.82815,2.26675,Nuit avec éclairage allumé,En agglomération,Hors intersection,Neige / grêle,Autre collision,,,,,,,,,,,5,2,1,4.0,6.0
201700040267,0017-12-05 14:50:00,17,12,5,14,50,920,40,"88, GALLIENI (BOULEVARD)",48.82556,2.26766,Plein jour,En agglomération,Intersection en X,Normale,Deux véhicules - côté,,,,,,,,,,,1,2,2,1.0,3.0
201700040268,0017-12-18 19:45:00,17,12,18,19,45,920,40,"47, BOURGAIN (AVENE)",48.82556,2.26454,Nuit avec éclairage allumé,En agglomération,Hors intersection,Normale,Deux véhicules - côté,,,,,,,,,,,5,2,1,1.0,3.0
201700040269,0017-12-14 20:50:00,17,12,14,20,50,920,40,"48 bis, GALLIENI (BOULEV",48.82996,2.26731,Nuit avec éclairage allumé,En agglomération,Hors intersection,Pluie forte,Deux véhicules - côté,,,,,,,,,,,5,2,1,3.0,3.0
201700040270,0017-12-18 12:30:00,17,12,18,12,30,920,40,"66, RODIN (BOULEVARD)",48.81879,2.25785,Plein jour,En agglomération,Hors intersection,Normale,Autre collision,,,,,,,,,,,1,2,1,1.0,6.0
201700040271,0017-12-19 07:45:00,17,12,19,7,45,920,40,"39, ROUGET DE L'ISLE",48.82865,2.26526,Nuit avec éclairage allumé,En agglomération,Hors intersection,Normale,Autre collision,,,,,,,,,,,5,2,1,1.0,6.0
201700040272,0017-12-12 19:50:00,17,12,12,19,50,920,40,HORACE VERNET,48.82614,2.27395,Nuit avec éclairage allumé,En agglomération,Hors intersection,Normale,Deux véhicules - côté,,,,,,,,,,,5,2,1,1.0,3.0
201700040273,0017-06-12 13:50:00,17,6,12,13,50,920,40,BARBES,48.81699,2.27363,Plein jour,En agglomération,Intersection en T,Normale,Deux véhicules - arrière,,,,,,,,,,,1,2,3,1.0,2.0
201700040274,0017-07-31 11:02:00,17,7,31,11,2,920,40,"37, ROUGET DE L'ISLE",48.82955,2.27044,Plein jour,En agglomération,Hors intersection,Normale,Sans collision,,,,,,,,,,,1,2,1,1.0,7.0
201700040275,0017-07-21 20:35:00,17,7,21,20,35,920,40,VERDUN (AVENUE DE) DU 11,48.81891,2.24313,Plein jour,En agglomération,Hors intersection,Normale,Deux véhicules - arrière,,,,,,,,,,,1,2,1,1.0,2.0
201700040276,0017-07-25 19:40:00,17,7,25,19,40,920,40,"24, ALFRED BOUCHER (MAIL",48.82189,2.24451,Plein jour,En agglomération,Hors intersection,Normale,Deux véhicules - côté,,,,,,,,,,,1,2,1,1.0,3.0
201700040277,0017-07-10 11:23:00,17,7,10,11,23,920,40,"1, AUGUSTE GERVAIS",48.82531,2.27584,Plein jour,En agglomération,Hors intersection,Normale,Deux véhicules - côté,,,,,,,,,,,1,2,1,1.0,3.0
201700040278,0017-06-29 19:15:00,17,6,29,19,15,920,40,"1, PONT D ISSY",48.83041,2.25972,Plein jour,En agglomération,Hors intersection,Pluie légère,Sans collision,,,,,,,,,,,1,2,1,2.0,7.0
201700040279,0017-07-21 17:24:00,17,7,21,17,24,920,40,"1, GALLIENI (BOULEVARD)",48.82494,2.27044,Plein jour,En agglomération,Hors intersection,Normale,Deux véhicules - côté,,,,,,,,,,,1,2,1,1.0,3.0
201700040280,0017-01-08 17:00:00,17,1,8,17,0,920,40,"259, STALINGRAD (QUAI DE",,,Plein jour,En agglomération,Hors intersection,Normale,Autre collision,,,,,,,,,,,1,2,1,1.0,6.0
201700040281,0017-07-20 18:25:00,17,7,20,18,25,920,40,"22, GAMBETTA (BOULEVARD)",48.82774,2.27509,Plein jour,En agglomération,Hors intersection,Normale,Autre collision,,,,,,,,,,,1,2,1,1.0,6.0
201700040282,0017-06-21 09:00:00,17,6,21,9,0,920,40,"8, MARCEAU",48.82622,2.2726,Plein jour,En agglomération,Intersection en X,Normale,Deux véhicules - côté,,,,,,,,,,,1,2,2,1.0,3.0
201700040283,0017-06-29 15:45:00,17,6,29,15,45,920,40,STALINGRAD (QUAI DE),48.85635,2.2629,Plein jour,En agglomération,Hors intersection,Pluie légère,Autre collision,,,,,,,,,,,1,2,1,2.0,6.0
201700040284,0017-06-24 21:35:00,17,6,24,21,35,920,40,"24, GAMBETTA (BOULEVARD)",48.82753,2.27679,Plein jour,En agglomération,Hors intersection,Normale,Autre collision,,,,,,,,,,,1,2,1,1.0,6.0
201700040285,0017-06-08 19:16:00,17,6,8,19,16,920,40,GENERAL DE GAULLE (AVE D,48.82468,2.27472,Plein jour,En agglomération,Hors intersection,Normale,Autre collision,,,,,,,,,,,1,2,1,1.0,6.0
201700040286,0017-08-18 08:25:00,17,8,18,8,25,920,40,GALLIENI (BOULEVARD),48.82979,2.26752,Plein jour,En agglomération,Intersection en T,Pluie légère,Sans collision,,,,,,,,,,,1,2,3,2.0,7.0
201700040287,0017-07-28 13:30:00,17,7,28,13,30,920,40,"1, ARISTIDE BRIAND",48.82773,2.27499,Plein jour,En agglomération,Hors intersection,Normale,Autre collision,,,,,,,,,,,1,2,1,1.0,6.0
201700040288,0017-07-26 12:25:00,17,7,26,12,25,920,40,"1, BAS MEUDON (AVENUE DU",48.82153,2.24246,Plein jour,En agglomération,Hors intersection,Normale,Autre collision,,,,,,,,,,,1,2,1,1.0,6.0
201700040289,0017-11-10 18:49:00,17,11,10,18,49,920,40,"72, GALLIENI (BOULEVARD)",,,Nuit avec éclairage allumé,En agglomération,Hors intersection,Normale,Autre collision,,,,,,,,,,,5,2,1,1.0,6.0
201700040290,0017-09-27 20:28:00,17,9,27,20,28,940,67,GALLIENI (AV),48.83002,2.26738,Nuit avec éclairage allumé,En agglomération,Hors intersection,Normale,Deux véhicules - côté,,,,,,,,,,,5,2,1,1.0,3.0
201700040291,0017-09-29 14:00:00,17,9,29,14,0,920,40,"36, REPUBLIQUE (AVENUE D",,,Plein jour,En agglomération,Hors intersection,Normale,Autre collision,,,,,,,,,,,1,2,1,1.0,6.0
201700040292,0017-11-16 14:35:00,17,11,16,14,35,920,40,PAIX (AVENUE DE LA),48.81958,2.26657,Plein jour,En agglomération,Intersection en X,Normale,Deux véhicules - côté,,,,,,,,,,,1,2,2,1.0,3.0
201700040293,0017-12-11 08:55:00,17,12,11,8,55,920,40,"51, PAIX (AVENUE DE LA)",48.819,2.27104,Plein jour,En agglomération,Hors intersection,Normale,Autre collision,,,,,,,,,,,1,2,1,1.0,6.0
201700040294,0017-10-02 17:15:00,17,10,2,17,15,920,40,ALEMBERT (D') RUE,,,Nuit avec éclairage allumé,En agglomération,Hors intersection,Pluie légère,Autre collision,,,,,,,,,,,5,2,1,2.0,6.0
201700040295,0017-12-13 08:30:00,17,12,13,8,30,920,40,"27, LASSERRE",,,Crépuscule ou aube,En agglomération,Hors intersection,Pluie forte,Autre collision,,,,,,,,,,,2,2,1,3.0,6.0
201700040296,0017-12-13 12:20:00,17,12,13,12,20,920,40,"147, PAIX (AVENUE DE LA)",,,Plein jour,En agglomération,Hors intersection,Normale,Deux véhicules - côté,,,,,,,,,,,1,2,1,1.0,3.0
201700040297,0017-12-18 19:45:00,17,12,18,19,45,920,40,"26, BOURGAIN (AVENE)",48.8213,2.2645,Nuit avec éclairage allumé,En agglomération,Hors intersection,Normale,Deux véhicules - côté,,,,,,,,,,,5,2,1,1.0,3.0
201700040298,0017-01-09 09:45:00,17,1,9,9,45,920,40,"39, ERNEST RENAN",,,Plein jour,En agglomération,Intersection en X,Autre,Deux véhicules - arrière,,,,,,,,,,,1,2,2,9.0,2.0
201700040299,0017-01-18 18:40:00,17,1,18,18,40,920,40,VICTOR HUGO,,,Nuit avec éclairage allumé,En agglomération,Giratoire,Normale,Autre collision,,,,,,,,,,,5,2,6,1.0,6.0
201700040300,0017-01-25 18:45:00,17,1,25,18,45,920,40,"14/18, GALLIENI (BOULEVA",,,Nuit avec éclairage allumé,En agglomération,Hors intersection,Normale,Deux véhicules - côté,,,,,,,,,,,5,2,1,1.0,3.0
201700040301,0017-01-28 00:17:00,17,1,28,0,17,920,40,"19, GAMBETTA (BOULEVARD)",,,Nuit avec éclairage allumé,En agglomération,Hors intersection,Normale,Deux véhicules - côté,,,,,,,,,,,5,2,1,1.0,3.0
201700040302,0017-02-04 15:10:00,17,2,4,15,10,920,40,"10, GAMBETTA (BOULEVARD)",,,Plein jour,En agglomération,Hors intersection,Normale,Autre collision,,,,,,,,,,,1,2,1,1.0,6.0
201700040303,0017-02-02 07:05:00,17,2,2,7,5,920,40,"XX, PAIX (AVENUE DE LA)",,,Crépuscule ou aube,En agglomération,Intersection en X,Normale,Deux véhicules - frontale,,,,,,,,,,,2,2,2,1.0,1.0
201700040304,0017-02-07 22:10:00,17,2,7,22,10,920,40,"3, VOLTAIRE (BOULEVARD)",,,Nuit avec éclairage allumé,En agglomération,Hors intersection,Normale,Autre collision,,,,,,,,,,,5,2,1,1.0,6.0
201700040305,0017-02-08 14:10:00,17,2,8,14,10,920,40,"138, VERDUN (AVENUE DE)",,,Plein jour,En agglomération,Hors intersection,Normale,Deux véhicules - côté,,,,,,,,,,,1,2,1,1.0,3.0
201700040306,0017-02-22 18:20:00,17,2,22,18,20,920,40,"4, GARIBALDI (BOULEVARD)",,,Nuit avec éclairage allumé,En agglomération,Hors intersection,Normale,Deux véhicules - côté,,,,,,,,,,,5,2,1,1.0,3.0
201700040307,0017-02-23 08:50:00,17,2,23,8,50,920,40,"88, GENERAL DE GAULLE (A",,,Plein jour,En agglomération,Hors intersection,Normale,Deux véhicules - côté,,,,,,,,,,,1,2,1,1.0,3.0
201700040308,0017-02-23 15:45:00,17,2,23,15,45,920,40,"24, ARISTIDE BRIAND",,,Plein jour,En agglomération,Hors intersection,Normale,Deux véhicules - côté,,,,,,,,,,,1,2,1,1.0,3.0
201700040309,0017-02-23 14:35:00,17,2,23,14,35,920,40,"139, VERDUN (AVENUE DE)",,,Plein jour,En agglomération,Hors intersection,Pluie légère,Autre collision,,,,,,,,,,,1,2,1,2.0,6.0
201700040310,0017-03-04 20:15:00,17,3,4,20,15,920,40,"13, ROUGET DE L'ISLE",,,Nuit avec éclairage allumé,En agglomération,Hors intersection,Temps couvert,Deux véhicules - côté,,,,,,,,,,,5,2,1,8.0,3.0
201700040311,0017-03-04 20:15:00,17,3,4,20,15,920,40,ROUGET DE L'ISLE,,,Nuit avec éclairage non allumé,En agglomération,Hors intersection,Temps couvert,Deux véhicules - côté,,,,,,,,,,,4,2,1,8.0,3.0
201700040312,0017-03-16 07:15:00,17,3,16,7,15,920,40,"12, STALINGRAD (QUAI DE)",,,Plein jour,En agglomération,Hors intersection,Normale,Deux véhicules - côté,,,,,,,,,,,1,2,1,1.0,3.0
201700040313,0017-03-25 17:55:00,17,3,25,17,55,920,40,"150, VERDUN (AVENUE DE)",,,Plein jour,En agglomération,Intersection en T,Normale,Deux véhicules - arrière,,,,,,,,,,,1,2,3,1.0,2.0
201700040314,0017-03-27 13:15:00,17,3,27,13,15,920,40,"1, DOCTEUR LOMBARD (DU)",,,Plein jour,En agglomération,Hors intersection,Normale,Autre collision,,,,,,,,,,,1,2,1,1.0,6.0
201700040315,0017-03-30 21:55:00,17,3,30,21,55,920,40,"37, RODIN (BOULEVARD)",,,Nuit avec éclairage allumé,En agglomération,Hors intersection,Normale,Deux véhicules - côté,,,,,,,,,,,5,2,1,1.0,3.0
201700040316,0017-03-31 15:54:00,17,3,31,15,54,920,40,"60, GENERAL DE GAULLE (A",,,Plein jour,En agglomération,Hors intersection,Normale,Deux véhicules - côté,,,,,,,,,,,1,2,1,1.0,3.0
201700040317,0017-04-04 11:33:00,17,4,4,11,33,920,40,"142, VERDUN (AVENUE DE)",,,Plein jour,En agglomération,Hors intersection,Normale,Deux véhicules - côté,,,,,,,,,,,1,2,1,1.0,3.0
201700040318,0017-04-10 23:45:00,17,4,10,23,45,920,40,"25, PAIX (AVENUE DE LA)",,,Nuit avec éclairage allumé,En agglomération,Hors intersection,Normale,Autre collision,,,,,,,,,,,5,2,1,1.0,6.0
201700040319,0017-04-08 18:40:00,17,4,8,18,40,920,40,"XX, VERDUN (AVENUE DE) D",,,Plein jour,En agglomération,Intersection en T,Normale,Deux véhicules - arrière,,,,,,,,,,,1,2,3,1.0,2.0
201700040320,0017-04-22 18:15:00,17,4,22,18,15,920,40,"162, VERDUN (AVENUE DE)",,,Plein jour,En agglomération,Hors intersection,Normale,Deux véhicules - arrière,,,,,,,,,,,1,2,1,1.0,2.0
201700040321,0017-05-03 08:45:00,17,5,3,8,45,920,40,"58, MEUDON (DE)",,,Plein jour,En agglomération,Hors intersection,Pluie légère,Deux véhicules - arrière,,,,,,,,,,,1,2,1,2.0,2.0
201700040322,0017-05-03 10:40:00,17,5,3,10,40,920,40,"xx, CAMILLE DESMOULINS",,,Plein jour,En agglomération,Giratoire,Pluie légère,Deux véhicules - côté,,,,,,,,,,,1,2,6,2.0,3.0
201700040323,0017-05-12 18:15:00,17,5,12,18,15,920,40,ARISTIDE BRIAND,,,Plein jour,En agglomération,Hors intersection,Normale,Deux véhicules - côté,,,,,,,,,,,1,2,1,1.0,3.0
201700040324,0017-05-12 18:15:00,17,5,12,18,15,920,40,PDT ROOSEVELT (QUAI DU),,,Plein jour,En agglomération,Hors intersection,Normale,Trois véhicules et plus - en chaîne,,,,,,,,,,,1,2,1,1.0,4.0
201700040325,0017-05-13 15:53:00,17,5,13,15,53,920,40,"184, VERDUN (AVENUE DE)",,,Plein jour,En agglomération,Hors intersection,Normale,Sans collision,,,,,,,,,,,1,2,1,1.0,7.0
201700040326,0017-05-23 20:45:00,17,5,23,20,45,920,40,"39, GALLIENI (BOULEVARD)",,,Plein jour,En agglomération,Hors intersection,Normale,Deux véhicules - côté,,,,,,,,,,,1,2,1,1.0,3.0
201700040327,0017-05-27 16:25:00,17,5,27,16,25,920,40,"XX, JEAN-PIERRE TIMBAUD",,,Plein jour,En agglomération,Intersection en X,Normale,Deux véhicules - côté,,,,,,,,,,,1,2,2,1.0,3.0
201700040328,0017-06-08 09:45:00,17,6,8,9,45,920,44,"31, ARISTIDE BRIAND(RUE)",48.89276,2.28547,Plein jour,En agglomération,Autre intersection,Normale,Autre collision,,,,,,,,,,,1,2,9,1.0,6.0
201700040329,0017-06-04 15:10:00,17,6,4,15,10,920,44,"150, PDTWILSOO(RUE)151A1",48.89276,2.28547,Plein jour,En agglomération,Hors intersection,Normale,Deux véhicules - côté,,,,,,,,,,,1,2,1,1.0,3.0
201700040330,0017-11-15 21:00:00,17,11,15,21,0,920,44,"148, ANA.FRANCE(RUE) 141",48.89276,2.28547,Nuit avec éclairage allumé,En agglomération,Intersection en T,Normale,Deux véhicules - côté,,,,,,,,,,,5,2,3,1.0,3.0
201700040331,0017-06-10 12:40:00,17,6,10,12,40,920,44,"77, MICHELET (QUAI) 58 A",48.89276,2.28547,Plein jour,En agglomération,Hors intersection,Normale,Trois véhicules et plus - en chaîne,,,,,,,,,,,1,2,1,1.0,4.0
201700040332,0017-06-16 16:20:00,17,6,16,16,20,920,44,"8-9, GENERAL LECLERC(PLA",48.89276,2.28547,Plein jour,En agglomération,Intersection en X,Normale,Autre collision,,,,,,,,,,,1,2,2,1.0,6.0
201700040333,0017-12-11 12:45:00,17,12,11,12,45,920,44,"113, TREBOIS(RUE)",48.89276,2.28547,Plein jour,En agglomération,Hors intersection,Pluie forte,Autre collision,,,,,,,,,,,1,2,1,3.0,6.0
201700040334,0017-06-19 23:30:00,17,6,19,23,30,920,44,"14, P.V.COUTURIER(RUE)1A",48.89276,2.28547,Nuit avec éclairage allumé,En agglomération,Hors intersection,Normale,Sans collision,,,,,,,,,,,5,2,1,1.0,7.0
201700040335,0017-07-05 19:38:00,17,7,5,19,38,920,44,"8, HUIT MAI 1945 (PLACE",,,Plein jour,En agglomération,Hors intersection,Normale,Autre collision,,,,,,,,,,,1,2,1,1.0,6.0
201700040336,0017-06-22 18:30:00,17,6,22,18,30,920,44,"66, ARISTIDE BRIAND(RUE)",48.89276,2.28547,Plein jour,En agglomération,Autre intersection,Normale,Autre collision,,,,,,,,,,,1,2,9,1.0,6.0
201700040337,0017-12-22 09:15:00,17,12,22,9,15,920,44,"13, VOLTAIRE(RUE)1A51 ET",48.89276,2.28547,Crépuscule ou aube,En agglomération,Intersection en X,Pluie légère,Autre collision,,,,,,,,,,,2,2,2,2.0,6.0
201700040338,0017-07-07 05:20:00,17,7,7,5,20,920,44,"10, ALSACE (RUE) N°1 A 1",,,Nuit avec éclairage allumé,En agglomération,Intersection en T,Normale,Deux véhicules - frontale,,,,,,,,,,,5,2,3,1.0,1.0
201700040339,0017-12-06 15:20:00,17,12,6,15,20,920,44,"11, J. GUESDES(RUE)103A1",48.89276,2.28547,Plein jour,En agglomération,Intersection en T,Normale,Autre collision,,,,,,,,,,,1,2,3,1.0,6.0
201700040340,0017-07-18 15:20:00,17,7,18,15,20,920,44,"9, ALSACE (RUE) N°1 A 17",,,Plein jour,En agglomération,Hors intersection,Normale,Sans collision,,,,,,,,,,,1,2,1,1.0,7.0
201700040341,0017-07-01 11:30:00,17,7,1,11,30,920,44,"166, VIC. HUGO(RUE)115A1",,,Plein jour,En agglomération,Hors intersection,Pluie forte,Autre collision,,,,,,,,,,,1,2,1,3.0,6.0
201700040342,0017-07-25 11:00:00,17,7,25,11,0,920,44,"18, LOUISE MICHEL(RUE) 1",,,Plein jour,En agglomération,Hors intersection,Normale,Deux véhicules - côté,,,,,,,,,,,1,2,1,1.0,3.0
201700040343,0017-12-13 10:10:00,17,12,13,10,10,920,44,"156, ANA.FRANCE(RUE) 141",48.89276,2.28547,Plein jour,En agglomération,Hors intersection,Pluie légère,Deux véhicules - côté,,,,,,,,,,,1,2,1,2.0,3.0
201700040344,0017-07-26 13:50:00,17,7,26,13,50,920,44,"83, BAUDIN (RUE) 27A83 E",,,Plein jour,En agglomération,Intersection en X,Normale,Autre collision,,,,,,,,,,,1,2,2,1.0,6.0
201700040345,0017-12-25 05:25:00,17,12,25,5,25,920,44,"66, ANA. FRANCE(RUE)1A75",48.89276,2.28547,Nuit sans éclairage public,En agglomération,Hors intersection,Normale,Autre collision,,,,,,,,,,,3,2,1,1.0,6.0
201700040346,0017-07-28 21:15:00,17,7,28,21,15,920,44,"35, CAMILLE PELLETAN(RUE",,,Plein jour,En agglomération,Intersection en X,Normale,Deux véhicules - côté,,,,,,,,,,,1,2,2,1.0,3.0
201700040347,0017-07-28 21:15:00,17,7,28,21,15,920,44,RASPAIL(RUE) 13A39 ET 10,,,Plein jour,En agglomération,Intersection en T,Normale,Deux véhicules - côté,,,,,,,,,,,1,2,3,1.0,3.0