accident_id,datetime,annee,mois,jour,heure,minute,departement,commune_insee,adresse,latitude,longitude,luminosite,agglomeration,intersection,meteo,collision,nb_vehicules,nb_usagers,nb_indemnes,nb_tues,nb_blesses_hosp,nb_blesses_legers,age_cond_1,age_cond_2,veh_type_cond_1,veh_type_cond_2,lum_code,agg_code,int_code,atm_code,col_code
201700040348,0017-08-24 10:50:00,17,8,24,10,50,920,44,"43, CARNOT(RUE) 73+ ET 6",48.89276,2.28547,Plein jour,En agglomération,Intersection en X,Normale,Deux véhicules - côté,,,,,,,,,,,1,2,2,1.0,3.0
201700040349,0017-09-12 09:20:00,17,9,12,9,20,920,44,"46, VILLIERS(RUE DE)  2A",48.89276,2.28547,Plein jour,En agglomération,Hors intersection,Pluie légère,Deux véhicules - côté,,,,,,,,,,,1,2,1,2.0,3.0
201700040350,0017-08-03 19:50:00,17,8,3,19,50,920,44,"24, VILLIERS(RUE DE)  2A",48.89276,2.28547,Plein jour,En agglomération,Intersection en T,Normale,Deux véhicules - côté,,,,,,,,,,,1,2,3,1.0,3.0
201700040351,0017-08-03 08:10:00,17,8,3,8,10,920,44,"105, P.V.COUTURIER(RUE)8",48.89276,2.28547,Plein jour,En agglomération,Autre intersection,Normale,Autre collision,,,,,,,,,,,1,2,9,1.0,6.0
201700040352,0017-08-31 19:20:00,17,8,31,19,20,920,44,"33, VOLTAIRE(RUE)1A51 ET",48.89276,2.28547,Plein jour,En agglomération,Hors intersection,Normale,Autre collision,,,,,,,,,,,1,2,1,1.0,6.0
201700040353,0017-10-02 17:20:00,17,10,2,17,20,920,44,"45, MICHELET (QUAI) 32 A",48.89276,2.28547,Plein jour,En agglomération,Autre intersection,Normale,Deux véhicules - côté,,,,,,,,,,,1,2,9,1.0,3.0
201700040354,0017-10-09 08:39:00,17,10,9,8,39,920,44,"134, ARISTIDE BRIAND(RUE",48.89276,2.28547,Plein jour,En agglomération,Intersection en X,Normale,Deux véhicules - côté,,,,,,,,,,,1,2,2,1.0,3.0
201700040355,0017-10-10 13:10:00,17,10,10,13,10,920,44,"78, J. GUESDE(RUE)59A69",48.89276,2.28547,Plein jour,En agglomération,Intersection en X,Normale,Autre collision,,,,,,,,,,,1,2,2,1.0,6.0
201700040356,0017-09-08 17:00:00,17,9,8,17,0,920,44,"51, MICHELET (QUAI) 32 A",48.89276,2.28547,Plein jour,En agglomération,Hors intersection,Pluie forte,Trois véhicules et plus - en chaîne,,,,,,,,,,,1,2,1,3.0,4.0
201700040357,0017-10-12 12:30:00,17,10,12,12,30,920,44,"58, P.V.COUTURIER(RUE)65",48.89276,2.28547,Plein jour,En agglomération,Intersection en X,Normale,Autre collision,,,,,,,,,,,1,2,2,1.0,6.0
201700040358,0017-10-18 18:05:00,17,10,18,18,5,920,44,"74, ARISTIDE BRIAND(RUE)",48.89276,2.28547,Crépuscule ou aube,En agglomération,Intersection en T,Normale,Autre collision,,,,,,,,,,,2,2,3,1.0,6.0
201700040359,0017-09-29 11:00:00,17,9,29,11,0,920,44,"65, MICHELET (QUAI) 58 A",48.89276,2.28547,Plein jour,En agglomération,Hors intersection,Normale,Deux véhicules - côté,,,,,,,,,,,1,2,1,1.0,3.0
201700040360,0017-10-02 17:50:00,17,10,2,17,50,920,44,"49, ARISTIDE BRIAND(RUE)",48.89276,2.28547,Plein jour,Hors agglomération,Hors intersection,Normale,Autre collision,,,,,,,,,,,1,1,1,1.0,6.0
201700040361,0017-10-19 19:40:00,17,10,19,19,40,920,44,"2, PDT WILSON(RUE) 2A24",48.89276,2.28547,Nuit avec éclairage allumé,En agglomération,Hors intersection,Normale,Autre collision,,,,,,,,,,,5,2,1,1.0,6.0
201700040362,0017-09-27 11:00:00,17,9,27,11,0,920,44,"62, ARISTIDE BRIAND(RUE)",48.89276,2.28547,Plein jour,En agglomération,Hors intersection,Normale,Sans collision,,,,,,,,,,,1,2,1,1.0,7.0
201700040363,0017-11-13 10:35:00,17,11,13,10,35,920,44,"13, VOLTAIRE(RUE)1A51 ET",48.89276,2.28547,Plein jour,En agglomération,Hors intersection,Temps éblouissant,Autre collision,,,,,,,,,,,1,2,1,7.0,6.0
201700040364,0017-11-16 08:20:00,17,11,16,8,20,920,44,", MICHELET(QUAI) 2 A 30",48.90047,2.28324,Plein jour,En agglomération,Intersection en X,Normale,Deux véhicules - côté,,,,,,,,,,,1,2,2,1.0,3.0
201700040365,0017-11-17 15:00:00,17,11,17,15,0,920,44,"8, GABRIEL PERI(RUE) 1A2",48.89276,2.28547,Plein jour,En agglomération,Hors intersection,Normale,Deux véhicules - côté,,,,,,,,,,,1,2,1,1.0,3.0
201700040366,0017-11-21 14:30:00,17,11,21,14,30,920,44,"4, ALSACE (RUE) N°1 A 17",48.89276,2.28547,Plein jour,En agglomération,Hors intersection,Normale,Deux véhicules - côté,,,,,,,,,,,1,2,1,1.0,3.0
201700040367,0017-10-14 16:50:00,17,10,14,16,50,920,44,"05, PIERRE BROSSOLETTE(R",48.89276,2.28547,Plein jour,En agglomération,Intersection en T,Normale,Deux véhicules - côté,,,,,,,,,,,1,2,3,1.0,3.0
201700040368,0017-11-24 13:30:00,17,11,24,13,30,920,44,"36, LOUISE MICHEL(RUE) 1",48.89276,2.28547,Plein jour,En agglomération,Hors intersection,Normale,Autre collision,,,,,,,,,,,1,2,1,1.0,6.0
201700040369,0017-10-03 14:00:00,17,10,3,14,0,920,44,"40, PDT WILSON(RUE)23A49",48.89276,2.28547,Plein jour,En agglomération,Hors intersection,Normale,Autre collision,,,,,,,,,,,1,2,1,1.0,6.0
201700040370,0017-10-23 19:40:00,17,10,23,19,40,920,44,"84, BAUDIN (RUE) 27A83 E",48.89276,2.28547,Crépuscule ou aube,En agglomération,Intersection en X,Pluie légère,Autre collision,,,,,,,,,,,2,2,2,2.0,6.0
201700040371,0017-10-31 22:05:00,17,10,31,22,5,920,44,"39, P.V.COUTURIER(RUE)1A",48.89276,2.28547,Nuit avec éclairage allumé,En agglomération,Intersection en X,Normale,Deux véhicules - côté,,,,,,,,,,,5,2,2,1.0,3.0
201700040372,0017-10-02 08:05:00,17,10,2,8,5,920,44,"58, P.V.COUTURIER(RUE)41",48.89276,2.28547,Plein jour,En agglomération,Hors intersection,Normale,Autre collision,,,,,,,,,,,1,2,1,1.0,6.0
201700040373,0017-11-29 16:20:00,17,11,29,16,20,920,44,"07, PASTEUR (RUE)",48.89276,2.28547,Plein jour,En agglomération,Intersection en Y,Temps couvert,Autre collision,,,,,,,,,,,1,2,4,8.0,6.0
201700040374,0017-11-05 12:48:00,17,11,5,12,48,920,44,"22, VIC. HUGO(RUE)001A06",48.89276,2.28547,Plein jour,En agglomération,Hors intersection,Normale,Deux véhicules - arrière,,,,,,,,,,,1,2,1,1.0,2.0
201700040375,0017-12-03 19:50:00,17,12,3,19,50,920,44,"125, PDT WILSON(RUE)107A",48.89276,2.28547,Nuit avec éclairage allumé,En agglomération,Hors intersection,Pluie légère,Deux véhicules - arrière,,,,,,,,,,,5,2,1,2.0,2.0
201700040376,0017-11-11 17:30:00,17,11,11,17,30,920,44,"27, ALSACE (RUE) N°19 +",48.89276,2.28547,Crépuscule ou aube,En agglomération,Hors intersection,Normale,Autre collision,,,,,,,,,,,2,2,1,1.0,6.0
201700040377,0017-11-07 12:10:00,17,11,7,12,10,920,44,"88, DANTON(RUE) 1A73 ET",48.89276,2.28547,Plein jour,En agglomération,Intersection en T,Normale,Deux véhicules - côté,,,,,,,,,,,1,2,3,1.0,3.0
201700040378,0017-12-20 08:30:00,17,12,20,8,30,920,44,"29, ANDRE MALRAUX(AVENUE",48.89276,2.28547,Nuit avec éclairage allumé,En agglomération,Intersection en T,Normale,Autre collision,,,,,,,,,,,5,2,3,1.0,6.0
201700040379,0017-12-29 12:18:00,17,12,29,12,18,920,44,"20, J. GUESDE(RUE) 1A23",48.89276,2.28547,Plein jour,En agglomération,Hors intersection,Temps couvert,Deux véhicules - côté,,,,,,,,,,,1,2,1,8.0,3.0
201700040380,0017-01-08 12:53:00,17,1,8,12,53,920,44,"38, PIERRE BROSSOLETTE(R",,,Plein jour,En agglomération,Hors intersection,Pluie légère,Autre collision,,,,,,,,,,,1,2,1,2.0,6.0
201700040381,0017-01-10 12:55:00,17,1,10,12,55,920,44,"16, LOUISE MICHEL(RUE) 1",,,Plein jour,En agglomération,Intersection en X,Normale,Autre collision,,,,,,,,,,,1,2,2,1.0,6.0
201700040382,0017-01-12 19:00:00,17,1,12,19,0,920,44,"88, VIC. HUGO(RUE)069A07",,,Nuit avec éclairage allumé,En agglomération,Intersection en X,Pluie légère,Deux véhicules - côté,,,,,,,,,,,5,2,2,2.0,3.0
201700040383,0017-01-15 15:05:00,17,1,15,15,5,920,44,"37, MICHELET (QUAI) 32 A",,,Plein jour,En agglomération,Hors intersection,Normale,Deux véhicules - côté,,,,,,,,,,,1,2,1,1.0,3.0
201700040384,0017-01-21 17:30:00,17,1,21,17,30,920,44,"72, DANTON(RUE) 1A73 ET",,,Plein jour,En agglomération,Intersection en X,Normale,Deux véhicules - côté,,,,,,,,,,,1,2,2,1.0,3.0
201700040385,0017-01-24 13:30:00,17,1,24,13,30,920,44,"148, DANTON(RUE)125+ ET",,,Plein jour,En agglomération,Autre intersection,Normale,Deux véhicules - côté,,,,,,,,,,,1,2,9,1.0,3.0
201700040386,0017-02-02 19:35:00,17,2,2,19,35,920,44,"160, ANA.FRANCE(RUE) 141",,,Nuit avec éclairage allumé,En agglomération,Intersection en Y,Normale,Deux véhicules - côté,,,,,,,,,,,5,2,4,1.0,3.0
201700040387,0017-02-07 13:35:00,17,2,7,13,35,920,44,"105, PDT WILSON(RUE)77A1",48.89862,2.29223,Plein jour,En agglomération,Intersection en X,Pluie légère,Autre collision,,,,,,,,,,,1,2,2,2.0,6.0
201700040388,0017-02-13 20:45:00,17,2,13,20,45,920,44,"77, PDT WILSON(RUE)51A75",,,Nuit avec éclairage allumé,En agglomération,Intersection en X,Normale,Autre collision,,,,,,,,,,,5,2,2,1.0,6.0
201700040389,0017-02-15 03:10:00,17,2,15,3,10,920,44,"9, ERNEST COGNACQ(RUE)",,,Nuit avec éclairage allumé,En agglomération,Hors intersection,Normale,Sans collision,,,,,,,,,,,5,2,1,1.0,7.0
201700040390,0017-02-16 01:00:00,17,2,16,1,0,920,44,"55, MICHELET (QUAI) 32 A",,,Nuit avec éclairage allumé,En agglomération,Intersection en X,Normale,Deux véhicules - côté,,,,,,,,,,,5,2,2,1.0,3.0
201700040391,0017-02-13 17:00:00,17,2,13,17,0,920,44,"31, ALSACE (RUE) N°19 +",,,Plein jour,En agglomération,Hors intersection,Normale,Autre collision,,,,,,,,,,,1,2,1,1.0,6.0
201700040392,0017-02-20 18:00:00,17,2,20,18,0,920,44,"32, MICHELET (QUAI) 32 A",,,Plein jour,En agglomération,Hors intersection,Normale,Autre collision,,,,,,,,,,,1,2,1,1.0,6.0
201700040393,0017-02-21 10:20:00,17,2,21,10,20,920,44,"144, VIC. HUGO(RUE)091A1",,,Plein jour,En agglomération,Hors intersection,Normale,Sans collision,,,,,,,,,,,1,2,1,1.0,7.0
201700040394,0017-03-14 10:00:00,17,3,14,10,0,920,44,"10, BINEAU (BOULEVARD)",,,Plein jour,En agglomération,Hors intersection,Normale,Autre collision,,,,,,,,,,,1,2,1,1.0,6.0
201700040395,0017-03-14 13:00:00,17,3,14,13,0,920,44,"93, VIC. HUGO(RUE)091A11",,,Plein jour,En agglomération,Intersection en T,Normale,Deux véhicules - côté,,,,,,,,,,,1,2,3,1.0,3.0
201700040396,0017-03-21 11:25:00,17,3,21,11,25,920,44,"125, MARIUS AUFAN(RUE) 6",,,Plein jour,En agglomération,Intersection en X,Normale,Deux véhicules - côté,,,,,,,,,,,1,2,2,1.0,3.0
201700040397,0017-03-26 21:44:00,17,3,26,21,44,920,44,"66, RIVAY(RUE)73A95 ET 6",,,Nuit avec éclairage allumé,En agglomération,Hors intersection,Normale,Deux véhicules - côté,,,,,,,,,,,5,2,1,1.0,3.0
201700040398,0017-04-06 09:00:00,17,4,6,9,0,920,44,"82, MICHELET (QUAI) 58 A",,,Plein jour,En agglomération,Hors intersection,Normale,Deux véhicules - côté,,,,,,,,,,,1,2,1,1.0,3.0
201700040399,0017-04-12 16:30:00,17,4,12,16,30,920,44,"129, ARISTIDE BRIAND(RUE",,,Plein jour,En agglomération,Intersection en X,Normale,Deux véhicules - arrière,,,,,,,,,,,1,2,2,1.0,2.0
201700040400,0017-04-15 16:13:00,17,4,15,16,13,920,44,"61, MICHELET (QUAI) 58 A",,,Plein jour,En agglomération,Hors intersection,Normale,Sans collision,,,,,,,,,,,1,2,1,1.0,7.0
201700040401,0017-04-19 18:30:00,17,4,19,18,30,920,44,"131, VIC. HUGO(RUE)115A1",,,Plein jour,En agglomération,Hors intersection,Normale,Sans collision,,,,,,,,,,,1,2,1,1.0,7.0
201700040402,0017-04-28 20:30:00,17,4,28,20,30,920,44,"92, PDT WILSON(RUE)77A10",,,Plein jour,En agglomération,Hors intersection,Normale,Trois véhicules et plus - en chaîne,,,,,,,,,,,1,2,1,1.0,4.0
201700040403,0017-04-29 20:50:00,17,4,29,20,50,920,44,"44, ALSACE (RUE) N°19 +",,,Plein jour,En agglomération,Intersection en X,Normale,Autre collision,,,,,,,,,,,1,2,2,1.0,6.0
201700040404,0017-04-30 19:15:00,17,4,30,19,15,920,44,"148, DANTON(RUE)125+ ET",,,Plein jour,En agglomération,Intersection en X,Pluie légère,Deux véhicules - côté,,,,,,,,,,,1,2,2,2.0,3.0
201700040405,0017-05-11 19:55:00,17,5,11,19,55,920,44,"75, ARISTIDE BRIAND(RUE)",,,Plein jour,En agglomération,Autre intersection,Pluie légère,Sans collision,,,,,,,,,,,1,2,9,2.0,7.0
201700040406,0017-05-15 18:00:00,17,5,15,18,0,920,44,"79, MICHELET (QUAI) 58 A",,,Plein jour,En agglomération,Hors intersection,Normale,Deux véhicules - côté,,,,,,,,,,,1,2,1,1.0,3.0
201700040407,0017-05-16 20:15:00,17,5,16,20,15,920,44,"19, P.V.COUTURIER(RUE)1A",,,Plein jour,En agglomération,Hors intersection,Normale,Autre collision,,,,,,,,,,,1,2,1,1.0,6.0
201700040408,0017-05-16 20:30:00,17,5,16,20,30,920,44,"101, P.V.COUTURIER(RUE)8",,,Plein jour,En agglomération,Intersection en X,Normale,Autre collision,,,,,,,,,,,1,2,2,1.0,6.0
201700040409,0017-05-18 11:20:00,17,5,18,11,20,920,44,"88, PDT WILSON(RUE)77A10",,,Plein jour,En agglomération,Hors intersection,Normale,Autre collision,,,,,,,,,,,1,2,1,1.0,6.0
201700040410,0017-05-21 15:10:00,17,5,21,15,10,920,44,"22, J. GUESDE(RUE) 1A23",,,Plein jour,En agglomération,Intersection en T,Normale,Sans collision,,,,,,,,,,,1,2,3,1.0,7.0
201700040411,0017-05-22 21:00:00,17,5,22,21,0,920,44,"81, PDT WILSON(RUE)77A10",,,Plein jour,En agglomération,Hors intersection,Normale,Deux véhicules - côté,,,,,,,,,,,1,2,1,1.0,3.0
201700040412,0017-05-24 14:30:00,17,5,24,14,30,920,44,"30, ARISTIDE BRIAND(RUE)",,,Plein jour,En agglomération,Intersection en X,Normale,Autre collision,,,,,,,,,,,1,2,2,1.0,6.0
201700040413,0017-05-29 13:30:00,17,5,29,13,30,920,44,"59, MICHELET (QUAI) 58 A",,,Plein jour,En agglomération,Hors intersection,Normale,Deux véhicules - côté,,,,,,,,,,,1,2,1,1.0,3.0
201700040414,0017-06-14 15:20:00,17,6,14,15,20,920,48,"., LE CORBEILLER (AVENUE",,,Plein jour,En agglomération,Intersection en X,Normale,Deux véhicules - côté,,,,,,,,,,,1,2,2,1.0,3.0
201700040415,0017-06-21 19:57:00,17,6,21,19,57,920,48,"1, PIERRE AUX MOINES (RU",48.78468,2.22861,Plein jour,En agglomération,Hors intersection,Normale,Deux véhicules - côté,,,,,,,,,,,1,2,1,1.0,3.0
201700040416,0017-06-26 18:30:00,17,6,26,18,30,920,48,"19-21, GARDES (ROUTE DES",48.8188,2.23811,Plein jour,En agglomération,Hors intersection,Normale,Autre collision,,,,,,,,,,,1,2,1,1.0,6.0
201700040417,0017-07-05 19:45:00,17,7,5,19,45,920,48,"86, REPUBLIQUE (RUE DE L",48.80393,2.23444,Plein jour,En agglomération,Hors intersection,Normale,Trois véhicules et plus - collisions multiples,,,,,,,,,,,1,2,1,1.0,5.0
201700040418,0017-07-12 18:50:00,17,7,12,18,50,920,48,"26 ter, GARDES (ROUTE DE",48.818,2.234,Plein jour,En agglomération,Hors intersection,Normale,Sans collision,,,,,,,,,,,1,2,1,1.0,7.0
201700040419,0017-07-17 12:56:00,17,7,17,12,56,920,48,"4, MEDERIC (AVENUE)",48.78932,2.23182,Plein jour,En agglomération,Hors intersection,Normale,Deux véhicules - côté,,,,,,,,,,,1,2,1,1.0,3.0
201700040420,0017-07-10 11:45:00,17,7,10,11,45,920,48,"., TRIVAUX (AVENUE DE) N",48.79168,2.23209,Plein jour,Hors agglomération,Hors intersection,Pluie légère,Autre collision,,,,,,,,,,,1,1,1,2.0,6.0
201700040421,0017-08-23 10:45:00,17,8,23,10,45,920,48,"., ROYALE (ROUTE)",48.81006,2.2277,Plein jour,En agglomération,Hors intersection,Normale,Sans collision,,,,,,,,,,,1,2,1,1.0,7.0
201700040422,0017-08-29 12:10:00,17,8,29,12,10,920,48,"., MARCEL ALLEGOT (RUE)",48.8221,2.22626,Plein jour,En agglomération,Intersection en T,Normale,Deux véhicules - côté,,,,,,,,,,,1,2,3,1.0,3.0
201700040423,0017-08-30 22:37:00,17,8,30,22,37,920,48,"9, TRIVAUX (AVENUE DE) N",48.79134,-2.23231,Nuit avec éclairage allumé,En agglomération,Hors intersection,Pluie légère,Sans collision,,,,,,,,,,,5,2,1,2.0,7.0
201700040424,0017-09-10 20:35:00,17,9,10,20,35,920,48,"23, REPUBLIQUE (RUE DE L",48.809,2.2361,Nuit avec éclairage allumé,En agglomération,Intersection en X,Normale,Sans collision,,,,,,,,,,,5,2,2,1.0,7.0
201700040425,0017-09-18 15:55:00,17,9,18,15,55,920,48,"26, BANES (RUE) N° 2 A 1",48.8076,2.2419,Plein jour,En agglomération,Intersection en T,Pluie forte,Autre collision,,,,,,,,,,,1,2,3,3.0,6.0
201700040426,0017-09-18 17:55:00,17,9,18,17,55,920,48,"41, GARDES (ROUTE DES) N",48.81887,2.23541,Plein jour,En agglomération,Hors intersection,Autre,Deux véhicules - arrière,,,,,,,,,,,1,2,1,9.0,2.0
201700040427,0017-10-13 13:55:00,17,10,13,13,55,920,48,"4, BEL AIR (RUE DU)",48.81,2.22,Plein jour,Hors agglomération,Hors intersection,Normale,Sans collision,,,,,,,,,,,1,1,1,1.0,7.0
201700040428,0017-10-23 09:00:00,17,10,23,9,0,920,48,"19-21, MARECHAL JUIN (AV",48.8067,2.2199,Crépuscule ou aube,En agglomération,Hors intersection,Pluie légère,Deux véhicules - côté,,,,,,,,,,,2,2,1,2.0,3.0
201700040429,0017-10-24 06:10:00,17,10,24,6,10,920,48,MORANE SAULNIER (AVENUE),48.7864,2.2225,Nuit avec éclairage allumé,En agglomération,Giratoire,Pluie légère,Autre collision,,,,,,,,,,,5,2,6,2.0,6.0
201700040430,0017-10-24 13:48:00,17,10,24,13,48,920,48,"., TRIVAUX (AVENUE DE) N",48.80339,2.234,Plein jour,Hors agglomération,Hors intersection,Temps couvert,Autre collision,,,,,,,,,,,1,1,1,8.0,6.0
201700040431,0017-11-27 00:05:00,17,11,27,0,5,920,48,"31, GENERAL DE GAULLE (A",48.78857,2.22697,Nuit avec éclairage allumé,En agglomération,Hors intersection,Normale,Autre collision,,,,,,,,,,,5,2,1,1.0,6.0
201700040432,0017-11-29 07:30:00,17,11,29,7,30,920,48,"., GENERAL DE GAULLE (AV",,,Nuit avec éclairage allumé,En agglomération,Intersection en T,Normale,Deux véhicules - côté,,,,,,,,,,,5,2,3,1.0,3.0
201700040433,0017-12-06 20:05:00,17,12,6,20,5,920,48,MAL DE LATTRE DE TASSIGN,48.78435,2.22507,Nuit avec éclairage allumé,En agglomération,Intersection en T,Normale,Deux véhicules - côté,,,,,,,,,,,5,2,3,1.0,3.0
201700040434,0017-12-17 13:08:00,17,12,17,13,8,920,48,"44, GARDES (ROUTE DES) N",48.818,2.234,Plein jour,En agglomération,Hors intersection,Normale,Sans collision,,,,,,,,,,,1,2,1,1.0,7.0
201700040435,0017-12-12 20:25:00,17,12,12,20,25,920,48,"91, GARDES (ROUTE DES) N",48.81518,2.22157,Nuit avec éclairage allumé,En agglomération,Hors intersection,Normale,Autre collision,,,,,,,,,,,5,2,1,1.0,6.0
201700040436,0017-12-21 08:13:00,17,12,21,8,13,920,48,"29, GENERAL DE GAULLE (A",48.78749,2.22733,Plein jour,En agglomération,Hors intersection,Pluie légère,Autre collision,,,,,,,,,,,1,2,1,2.0,6.0
201700040437,0017-01-05 09:15:00,17,1,5,9,15,920,48,"., CERF (RUE DU)",,,Plein jour,En agglomération,Intersection en T,Normale,Autre collision,,,,,,,,,,,1,2,3,1.0,6.0
201700040438,0017-01-02 16:30:00,17,1,2,16,30,920,48,"22, MAL DE LATTRE DE TAS",,,Plein jour,En agglomération,Hors intersection,Pluie légère,Deux véhicules - arrière,,,,,,,,,,,1,2,1,2.0,2.0
201700040439,0017-01-27 07:00:00,17,1,27,7,0,920,48,"40, MAL DE LATTRE DE TAS",,,Nuit avec éclairage allumé,En agglomération,Intersection en T,Normale,Autre collision,,,,,,,,,,,5,2,3,1.0,6.0
201700040440,0017-01-05 17:45:00,17,1,5,17,45,920,48,"60, GARDES (ROUTE DES) N",,,Nuit avec éclairage allumé,En agglomération,Intersection en T,Normale,Autre collision,,,,,,,,,,,5,2,3,1.0,6.0
201700040441,0017-01-09 19:00:00,17,1,9,19,0,920,48,"., VAUGIRARD (RUE DE)",,,Nuit avec éclairage allumé,En agglomération,Giratoire,Pluie légère,Autre collision,,,,,,,,,,,5,2,6,2.0,6.0
201700040442,0017-01-10 11:10:00,17,1,10,11,10,920,48,"., ROYALE PROLONGEE (ROU",,,Plein jour,Hors agglomération,Hors intersection,Pluie légère,Autre collision,,,,,,,,,,,1,1,1,2.0,6.0
201700040443,0017-01-10 09:05:00,17,1,10,9,5,920,48,", LE CORBEILLER (AVENUE)",,,Plein jour,En agglomération,Intersection en X,Pluie légère,Autre collision,,,,,,,,,,,1,2,2,2.0,6.0
201700040444,0017-01-11 08:15:00,17,1,11,8,15,920,48,"., PLACE DU SOUVENIR FRA",,,Plein jour,En agglomération,Intersection en X,Pluie légère,Autre collision,,,,,,,,,,,1,2,2,2.0,6.0
201700040445,0017-01-25 13:40:00,17,1,25,13,40,920,48,"., TRIVAUX (AVENUE DE) N",,,Plein jour,Hors agglomération,Hors intersection,Normale,Autre collision,,,,,,,,,,,1,1,1,1.0,6.0
201700040446,0017-01-26 18:55:00,17,1,26,18,55,920,48,"., REPUBLIQUE (RUE DE LA",,,Nuit avec éclairage allumé,En agglomération,Intersection en X,Normale,Autre collision,,,,,,,,,,,5,2,2,1.0,6.0
201700040447,0017-01-27 05:55:00,17,1,27,5,55,920,72,VILLE D'AVRAY GAMBETTA,,,Crépuscule ou aube,En agglomération,Intersection en X,Normale,Deux véhicules - côté,,,,,,,,,,,2,2,2,1.0,3.0
201700040448,0017-01-31 10:35:00,17,1,31,10,35,920,48,"04, LOUVOIS (AVENUE)",,,Plein jour,En agglomération,Intersection en X,Pluie légère,Autre collision,,,,,,,,,,,1,2,2,2.0,6.0
201700040449,0017-02-10 07:30:00,17,2,10,7,30,920,48,"95, GARDES (ROUTE DES) N",,,Nuit avec éclairage allumé,En agglomération,Hors intersection,Normale,Autre collision,,,,,,,,,,,5,2,1,1.0,6.0
201700040450,0017-02-14 14:10:00,17,2,14,14,10,920,48,"., GARDES (ROUTE DES) N°",,,Plein jour,En agglomération,Intersection en X,Normale,Deux véhicules - arrière,,,,,,,,,,,1,2,2,1.0,2.0
201700040451,0017-02-15 21:30:00,17,2,15,21,30,920,48,"., TRIVAUX (AVENUE DE) N",,,Nuit avec éclairage allumé,En agglomération,Hors intersection,Normale,Sans collision,,,,,,,,,,,5,2,1,1.0,7.0
201700040452,0017-02-21 08:45:00,17,2,21,8,45,920,48,"04, VERRERIE (RUE DE LA)",,,Plein jour,En agglomération,Hors intersection,Normale,Deux véhicules - frontale,,,,,,,,,,,1,2,1,1.0,1.0
201700040453,0017-03-05 22:55:00,17,3,5,22,55,920,48,"105, HENRI BARBUSSE (RUE",,,Nuit avec éclairage allumé,En agglomération,Hors intersection,Normale,Deux véhicules - côté,,,,,,,,,,,5,2,1,1.0,3.0
201700040454,0017-03-12 12:15:00,17,3,12,12,15,920,48,HENRI BARBUSSE (RUE),,,Plein jour,En agglomération,Intersection en T,Normale,Deux véhicules - côté,,,,,,,,,,,1,2,3,1.0,3.0
201700040455,0017-03-25 18:20:00,17,3,25,18,20,920,48,"21, ALEMBERT (RUE D')",,,Plein jour,En agglomération,Hors intersection,Normale,Deux véhicules - frontale,,,,,,,,,,,1,2,1,1.0,1.0
201700040456,0017-04-19 14:10:00,17,4,19,14,10,920,48,"., ROYALE (ROUTE)",,,Plein jour,Hors agglomération,Hors intersection,Normale,Sans collision,,,,,,,,,,,1,1,1,1.0,7.0
201700040457,0017-04-20 19:00:00,17,4,20,19,0,920,48,"49, VAUGIRARD (ROUTE DE)",,,Plein jour,En agglomération,Hors intersection,Normale,Deux véhicules - arrière,,,,,,,,,,,1,2,1,1.0,2.0
201700040458,0017-04-21 13:40:00,17,4,21,13,40,920,48,MORANE SAULNIER/JUIN,,,Plein jour,En agglomération,Intersection en T,Normale,Deux véhicules - côté,,,,,,,,,,,1,2,3,1.0,3.0
201700040459,0017-05-01 22:07:00,17,5,1,22,7,920,48,"., VAUGIRARD (ROUTE DE)",,,Nuit avec éclairage allumé,En agglomération,Giratoire,Normale,Autre collision,,,,,,,,,,,5,2,6,1.0,6.0
201700040460,0017-05-09 13:20:00,17,5,9,13,20,920,48,"1, TRIVAUX (AVENUE DE) N",,,Plein jour,Hors agglomération,Hors intersection,Normale,Autre collision,,,,,,,,,,,1,1,1,1.0,6.0
201700040461,0017-05-11 12:00:00,17,5,11,12,0,920,48,"19-21, GARDES (ROUTE DES",,,Plein jour,En agglomération,Hors intersection,Normale,Trois véhicules et plus - en chaîne,,,,,,,,,,,1,2,1,1.0,4.0
201700040462,0017-05-29 17:40:00,17,5,29,17,40,920,48,"79-81, REPUBLIQUE (RUE D",,,Plein jour,En agglomération,Hors intersection,Normale,Autre collision,,,,,,,,,,,1,2,1,1.0,6.0
201700040463,0017-03-25 18:50:00,17,3,25,18,50,920,48,"32, GENERAL GALLIENI (AV",,,Plein jour,En agglomération,Hors intersection,Normale,Autre collision,,,,,,,,,,,1,2,1,1.0,6.0
201700040464,0017-01-02 17:20:00,17,1,2,17,20,920,49,SALENGRO RUE ROGER N°1 A,,,Nuit avec éclairage allumé,En agglomération,Intersection en X,Normale,Autre collision,,,,,,,,,,,5,2,2,1.0,6.0
201700040465,0017-01-03 17:35:00,17,1,3,17,35,920,49,"156, DORMOY AVENUE MARX",,,Nuit avec éclairage allumé,En agglomération,Intersection en T,Normale,Trois véhicules et plus - collisions multiples,,,,,,,,,,,5,2,3,1.0,5.0
201700040466,0017-01-06 08:30:00,17,1,6,8,30,920,20,"31, VERDUN AVENUE DE N°1",,,Plein jour,En agglomération,Intersection en T,Normale,Trois véhicules et plus - collisions multiples,,,,,,,,,,,1,2,3,1.0,5.0
201700040467,0017-01-06 13:00:00,17,1,6,13,0,920,49,BRIAND AVENUE ARISTIDE A,,,Plein jour,En agglomération,Intersection en T,Normale,Deux véhicules - frontale,,,,,,,,,,,1,2,3,1.0,1.0
201700040468,0017-01-10 08:18:00,17,1,10,8,18,920,49,JAURES PLACE JEAN,,,Crépuscule ou aube,En agglomération,Giratoire,Normale,Deux véhicules - côté,,,,,,,,,,,2,2,6,1.0,3.0
201700040469,0017-01-11 01:55:00,17,1,11,1,55,920,49,"128, BRIAND AVENUE ARIST",,,Nuit avec éclairage allumé,En agglomération,Hors intersection,Normale,Trois véhicules et plus - collisions multiples,,,,,,,,,,,5,2,1,1.0,5.0