accident_id,datetime,annee,mois,jour,heure,minute,departement,commune_insee,adresse,latitude,longitude,luminosite,agglomeration,intersection,meteo,collision,nb_vehicules,nb_usagers,nb_indemnes,nb_tues,nb_blesses_hosp,nb_blesses_legers,age_cond_1,age_cond_2,veh_type_cond_1,veh_type_cond_2,lum_code,agg_code,int_code,atm_code,col_code
201700040470,0017-01-10 22:30:00,17,1,10,22,30,920,49,BROSSOLETTE AVENUE PIERR,48.81986,2.31095,Nuit avec éclairage allumé,En agglomération,Intersection en X,Pluie légère,Autre collision,,,,,,,,,,,5,2,2,2.0,6.0
201700040471,0017-01-13 19:00:00,17,1,13,19,0,920,20,"105, VERDUN AVENUE DE AU",,,Nuit avec éclairage allumé,En agglomération,Hors intersection,Normale,Deux véhicules - côté,,,,,,,,,,,5,2,1,1.0,3.0
201700040472,0017-01-16 07:40:00,17,1,16,7,40,920,20,"18, SEMARD RUE P. N°1 A",,,Crépuscule ou aube,En agglomération,Hors intersection,Normale,Deux véhicules - frontale,,,,,,,,,,,2,2,1,1.0,1.0
201700040473,0017-01-16 09:22:00,17,1,16,9,22,920,49,"182, DORMOY AVENUE MARX",,,Plein jour,En agglomération,Hors intersection,Normale,Deux véhicules - côté,,,,,,,,,,,1,2,1,1.0,3.0
201700040474,0017-01-17 10:20:00,17,1,17,10,20,920,20,FORT RUE DU,,,Plein jour,En agglomération,Intersection en T,Normale,Deux véhicules - côté,,,,,,,,,,,1,2,3,1.0,3.0
201700040475,0017-01-17 18:25:00,17,1,17,18,25,920,49,"87, BROSSOLETTE AVENUE P",,,Plein jour,En agglomération,Hors intersection,Temps couvert,Autre collision,,,,,,,,,,,1,2,1,8.0,6.0
201700040476,0017-01-18 09:30:00,17,1,18,9,30,920,20,"105, PARIS AVENUE DE N°8",,,Plein jour,Hors agglomération,Hors intersection,Normale,Deux véhicules - côté,,,,,,,,,,,1,1,1,1.0,3.0
201700040477,0017-01-19 08:10:00,17,1,19,8,10,920,49,"20, PERI RUE GABRIEL N°2",,,Crépuscule ou aube,En agglomération,Hors intersection,Normale,Autre collision,,,,,,,,,,,2,2,1,1.0,6.0
201700040478,0017-01-23 20:50:00,17,1,23,20,50,920,20,PARIS AVENUE DE N° IMPAI,,,Nuit avec éclairage allumé,En agglomération,Intersection en X,Normale,Deux véhicules - côté,,,,,,,,,,,5,2,2,1.0,3.0
201700040479,0017-01-24 09:40:00,17,1,24,9,40,920,20,"12, EXUPERY AVENUE SAINT",,,Plein jour,En agglomération,Hors intersection,Temps couvert,Deux véhicules - arrière,,,,,,,,,,,1,2,1,8.0,2.0
201700040480,0017-01-28 19:50:00,17,1,28,19,50,920,20,"36, BROSSOLETTE RUE PIER",,,Nuit avec éclairage allumé,En agglomération,Intersection en T,Normale,Deux véhicules - frontale,,,,,,,,,,,5,2,3,1.0,1.0
201700040481,0017-02-01 08:10:00,17,2,1,8,10,920,49,"70, DORMOY AVENUE MARX N",,,Plein jour,En agglomération,Hors intersection,Normale,Sans collision,,,,,,,,,,,1,2,1,1.0,7.0
201700040482,0017-02-07 08:15:00,17,2,7,8,15,920,49,"10, PERI RUE GABRIEL N°2",,,Plein jour,En agglomération,Hors intersection,Pluie légère,Autre collision,,,,,,,,,,,1,2,1,2.0,6.0
201700040483,0017-02-07 13:25:00,17,2,7,13,25,920,49,PERI RUE GABRIEL N°1 A 3,,,Plein jour,En agglomération,Intersection en X,Normale,Deux véhicules - côté,,,,,,,,,,,1,2,2,1.0,3.0
201700040484,0017-02-11 21:05:00,17,2,11,21,5,920,20,"25, PARIS AVENUE DE N° I",,,Nuit avec éclairage allumé,En agglomération,Intersection en T,Normale,Deux véhicules - côté,,,,,,,,,,,5,2,3,1.0,3.0
201700040485,0017-02-18 13:28:00,17,2,18,13,28,920,20,"233, PARIS AVENUE DE N°",,,Plein jour,En agglomération,Hors intersection,Normale,Deux véhicules - arrière,,,,,,,,,,,1,2,1,1.0,2.0
201700040486,0017-02-28 11:00:00,17,2,28,11,0,920,49,ETATS UNIS PLACE DES,,,Plein jour,En agglomération,Intersection en T,Pluie forte,Autre collision,,,,,,,,,,,1,2,3,3.0,6.0
201700040487,0017-02-28 19:05:00,17,2,28,19,5,920,49,"205, BROSSOLETTE AVENUE",,,Nuit avec éclairage allumé,En agglomération,Hors intersection,Normale,Autre collision,,,,,,,,,,,5,2,1,1.0,6.0
201700040488,0017-03-02 11:32:00,17,3,2,11,32,920,49,"14-24, ORY RUE FRANCOIS",,,Plein jour,En agglomération,Hors intersection,Normale,Autre collision,,,,,,,,,,,1,2,1,1.0,6.0
201700040489,0017-03-03 10:50:00,17,3,3,10,50,920,49,"202, DORMOY AVENUE MARX",,,Plein jour,En agglomération,Hors intersection,Normale,Deux véhicules - côté,,,,,,,,,,,1,2,1,1.0,3.0
201700040490,0017-03-04 13:20:00,17,3,4,13,20,920,49,REPUBLIQUE AVENUE DE LA,,,Plein jour,En agglomération,Intersection en T,Pluie légère,Sans collision,,,,,,,,,,,1,2,3,2.0,7.0
201700040491,0017-03-08 08:30:00,17,3,8,8,30,920,20,VERDUN AVENUE DE AUTRES,,,Plein jour,En agglomération,Intersection en T,Normale,Deux véhicules - frontale,,,,,,,,,,,1,2,3,1.0,1.0
201700040492,0017-03-08 20:50:00,17,3,8,20,50,920,49,"151, REPUBLIQUE AVENUE D",,,Nuit avec éclairage allumé,En agglomération,Hors intersection,Normale,Deux véhicules - côté,,,,,,,,,,,5,2,1,1.0,3.0
201700040493,0017-03-10 14:30:00,17,3,10,14,30,920,49,"75, BROSSOLETTE AVENUE P",,,Plein jour,En agglomération,Hors intersection,Normale,Deux véhicules - arrière,,,,,,,,,,,1,2,1,1.0,2.0
201700040494,0017-03-11 16:40:00,17,3,11,16,40,920,49,"43, BROSSOLETTE AVENUE P",,,Plein jour,En agglomération,Hors intersection,Normale,Deux véhicules - arrière,,,,,,,,,,,1,2,1,1.0,2.0
201700040495,0017-03-13 13:40:00,17,3,13,13,40,920,20,"25, PARIS AVENUE DE N° I",,,Plein jour,En agglomération,Intersection en X,Normale,Deux véhicules - côté,,,,,,,,,,,1,2,2,1.0,3.0
201700040496,0017-03-13 19:15:00,17,3,13,19,15,920,49,DEBOS RUE MARIE,,,Nuit avec éclairage allumé,En agglomération,Intersection en T,Normale,Autre collision,,,,,,,,,,,5,2,3,1.0,6.0
201700040497,0017-03-14 09:25:00,17,3,14,9,25,920,49,"39, VERDIER AVENUE N°25",,,Plein jour,En agglomération,Hors intersection,Normale,Deux véhicules - arrière,,,,,,,,,,,1,2,1,1.0,2.0
201700040498,0017-03-14 11:45:00,17,3,14,11,45,920,49,"130-132, BRIAND AVENUE A",,,Plein jour,En agglomération,Hors intersection,Normale,Autre collision,,,,,,,,,,,1,2,1,1.0,6.0
201700040499,0017-03-22 16:00:00,17,3,22,16,0,920,20,"06, SULLY-PRUDHOMME RUE",,,Plein jour,En agglomération,Hors intersection,Normale,Autre collision,,,,,,,,,,,1,2,1,1.0,6.0
201700040500,0017-03-23 15:27:00,17,3,23,15,27,920,49,BRIAND AVENUE ARISTIDE A,,,Plein jour,En agglomération,Intersection en T,Normale,Deux véhicules - côté,,,,,,,,,,,1,2,3,1.0,3.0
201700040501,0017-03-28 08:45:00,17,3,28,8,45,920,20,LIBERTE BOULEVARD DE LA,,,Plein jour,En agglomération,Intersection en X,Normale,Deux véhicules - arrière,,,,,,,,,,,1,2,2,1.0,2.0
201700040502,0017-04-03 08:10:00,17,4,3,8,10,920,20,"45, PARIS AVENUE DE N°2",,,Plein jour,En agglomération,Hors intersection,Normale,Autre collision,,,,,,,,,,,1,2,1,1.0,6.0
201700040503,0017-04-04 17:40:00,17,4,4,17,40,920,49,"1, AUGER RUE ARTHUR",,,Plein jour,En agglomération,Hors intersection,Normale,Autre collision,,,,,,,,,,,1,2,1,1.0,6.0
201700040504,0017-04-05 16:09:00,17,4,5,16,9,920,20,"179, PARIS AVENUE DE N°",,,Plein jour,En agglomération,Intersection en X,Normale,Autre collision,,,,,,,,,,,1,2,2,1.0,6.0
201700040505,0017-04-05 09:00:00,17,4,5,9,0,920,49,"95, BROSSOLETTE AVENUE P",,,Plein jour,En agglomération,Hors intersection,Normale,Deux véhicules - arrière,,,,,,,,,,,1,2,1,1.0,2.0
201700040506,0017-03-09 23:05:00,17,3,9,23,5,920,20,"121, VERDUN AVENUE DE AU",,,Nuit avec éclairage allumé,En agglomération,Hors intersection,Normale,Sans collision,,,,,,,,,,,5,2,1,1.0,7.0
201700040507,0017-04-10 10:19:00,17,4,10,10,19,920,20,"94, PARIS AVENUE DE N°84",,,Plein jour,En agglomération,Hors intersection,Normale,Autre collision,,,,,,,,,,,1,2,1,1.0,6.0
201700040508,0017-04-11 09:15:00,17,4,11,9,15,920,49,"128, BRIAND AVENUE ARIST",,,Plein jour,En agglomération,Hors intersection,Normale,Sans collision,,,,,,,,,,,1,2,1,1.0,7.0
201700040509,0017-04-13 20:20:00,17,4,13,20,20,920,20,"67, BROSSOLETTE RUE PIER",,,Crépuscule ou aube,En agglomération,Hors intersection,Normale,Autre collision,,,,,,,,,,,2,2,1,1.0,6.0
201700040510,0017-04-15 18:30:00,17,4,15,18,30,920,49,"135, BROSSOLETTE AVENUE",,,Plein jour,En agglomération,Hors intersection,Normale,Trois véhicules et plus - collisions multiples,,,,,,,,,,,1,2,1,1.0,5.0
201700040511,0017-04-20 11:15:00,17,4,20,11,15,920,49,"58, BRIAND AVENUE ARISTI",,,Plein jour,En agglomération,Hors intersection,Normale,Deux véhicules - arrière,,,,,,,,,,,1,2,1,1.0,2.0
201700040512,0017-04-25 09:20:00,17,4,25,9,20,920,49,JAURES AV. JEAN N°1 A 51,,,Plein jour,En agglomération,Hors intersection,Normale,Deux véhicules - frontale,,,,,,,,,,,1,2,1,1.0,1.0
201700040513,0017-04-26 09:45:00,17,4,26,9,45,920,49,BROSSOLETTE AVENUE PIERR,,,Plein jour,En agglomération,Intersection en T,Normale,Trois véhicules et plus - collisions multiples,,,,,,,,,,,1,2,3,1.0,5.0
201700040514,0017-04-28 20:30:00,17,4,28,20,30,920,20,PARIS AVENUE DE N° IMPAI,,,Crépuscule ou aube,En agglomération,Intersection en X,Normale,Autre collision,,,,,,,,,,,2,2,2,1.0,6.0
201700040515,0017-05-02 08:25:00,17,5,2,8,25,920,49,BRIAND AVENUE ARISTIDE A,,,Plein jour,En agglomération,Intersection en T,Normale,Deux véhicules - côté,,,,,,,,,,,1,2,3,1.0,3.0
201700040516,0017-05-03 06:25:00,17,5,3,6,25,920,20,REPUBLIQUE AV. AUTRES N°,,,Plein jour,En agglomération,Intersection en T,Normale,Deux véhicules - côté,,,,,,,,,,,1,2,3,1.0,3.0
201700040517,0017-05-04 06:00:00,17,5,4,6,0,920,20,"125, PARIS AVENUE DE N°8",,,Crépuscule ou aube,En agglomération,Hors intersection,Normale,Deux véhicules - arrière,,,,,,,,,,,2,2,1,1.0,2.0
201700040518,0017-05-04 18:45:00,17,5,4,18,45,920,49,MOLIERE RUE AUTRES N?°,,,Plein jour,En agglomération,Intersection en X,Normale,Autre collision,,,,,,,,,,,1,2,2,1.0,6.0
201700040519,0017-05-05 04:20:00,17,5,5,4,20,920,20,"103, PARIS AVENUE DE N°",48.80846,2.29617,Nuit avec éclairage allumé,En agglomération,Hors intersection,Normale,Autre collision,,,,,,,,,,,5,2,1,1.0,6.0
201700040520,0017-05-05 19:45:00,17,5,5,19,45,920,20,"01, VAUBAN ALLEE",,,Plein jour,En agglomération,Hors intersection,Normale,Autre collision,,,,,,,,,,,1,2,1,1.0,6.0
201700040521,0017-05-08 18:25:00,17,5,8,18,25,920,20,"9, FAURE BLD FELIX N°1 A",,,Plein jour,En agglomération,Intersection en T,Normale,Deux véhicules - côté,,,,,,,,,,,1,2,3,1.0,3.0
201700040522,0017-05-16 12:15:00,17,5,16,12,15,920,49,"1, REPUBLIQUE AVENUE DE",,,Plein jour,En agglomération,Intersection en X,Normale,Autre collision,,,,,,,,,,,1,2,2,1.0,6.0
201700040523,0017-05-18 13:40:00,17,5,18,13,40,920,20,"19, PERROTIN RUE",,,Plein jour,En agglomération,Hors intersection,Normale,Autre collision,,,,,,,,,,,1,2,1,1.0,6.0
201700040524,0017-05-19 18:45:00,17,5,19,18,45,920,20,"40, FONTENAY RUE DE AUTR",,,Plein jour,En agglomération,Hors intersection,Normale,Deux véhicules - côté,,,,,,,,,,,1,2,1,1.0,3.0
201700040525,0017-05-20 12:12:00,17,5,20,12,12,920,49,BRIAND AVENUE ARISTIDE A,,,Plein jour,En agglomération,Intersection en T,Normale,Autre collision,,,,,,,,,,,1,2,3,1.0,6.0
201700040526,0017-05-22 14:40:00,17,5,22,14,40,920,49,"201, BROSSOLETTE AVENUE",,,Plein jour,En agglomération,Hors intersection,Normale,Deux véhicules - côté,,,,,,,,,,,1,2,1,1.0,3.0
201700040527,0017-05-23 19:35:00,17,5,23,19,35,920,49,PERI RUE GABRIEL AUTRES,,,Plein jour,En agglomération,Intersection en T,Normale,Deux véhicules - côté,,,,,,,,,,,1,2,3,1.0,3.0
201700040528,0017-05-26 10:15:00,17,5,26,10,15,920,20,REPUBLIQUE AV. AUTRES N°,,,Plein jour,En agglomération,Intersection en X,Normale,Deux véhicules - arrière,,,,,,,,,,,1,2,2,1.0,2.0
201700040529,0017-06-08 11:00:00,17,6,8,11,0,920,49,BROSSOLETTE AVENUE PIERR,48.81111,2.30274,Plein jour,En agglomération,Intersection en X,Normale,Deux véhicules - côté,,,,,,,,,,,1,2,2,1.0,3.0
201700040530,0017-06-09 20:30:00,17,6,9,20,30,920,49,"123, JAURES AVENUE JEAN",48.81309,2.30601,Plein jour,En agglomération,Intersection en X,Normale,Autre collision,,,,,,,,,,,1,2,2,1.0,6.0
201700040531,0017-06-11 23:25:00,17,6,11,23,25,920,20,"49, PARIS AVENUE DE N° I",48.80621,2.29213,Nuit avec éclairage allumé,En agglomération,Intersection en X,Normale,Autre collision,,,,,,,,,,,5,2,2,1.0,6.0
201700040532,0017-06-18 14:00:00,17,6,18,14,0,920,20,"83, PARIS AVENUE DE N° I",48.80774,2.29494,Plein jour,En agglomération,Hors intersection,Normale,Autre collision,,,,,,,,,,,1,2,1,1.0,6.0
201700040533,0017-06-19 22:45:00,17,6,19,22,45,920,49,"73, REPUBLIQUE AVENUE DE",48.81453,2.31725,Nuit avec éclairage allumé,En agglomération,Hors intersection,Normale,Autre collision,,,,,,,,,,,5,2,1,1.0,6.0
201700040534,0017-06-20 13:30:00,17,6,20,13,30,920,49,"65, BROSSOLETTE AVENUE P",48.82054,2.31183,Plein jour,En agglomération,Hors intersection,Normale,Autre collision,,,,,,,,,,,1,2,1,1.0,6.0
201700040535,0017-06-22 18:45:00,17,6,22,18,45,920,20,PARIS AVENUE DE N° IMPAI,48.8084,2.296,Plein jour,En agglomération,Hors intersection,Normale,Sans collision,,,,,,,,,,,1,2,1,1.0,7.0
201700040536,0017-06-22 18:45:00,17,6,22,18,45,920,20,"103, PARIS AVENUE DE N°",48.8084,2.296,Plein jour,En agglomération,Hors intersection,Normale,Sans collision,,,,,,,,,,,1,2,1,1.0,7.0
201700040537,0017-06-28 09:55:00,17,6,28,9,55,920,49,"129, BRIAND AVENUE ARIST",48.81105,2.32676,Plein jour,En agglomération,Hors intersection,Normale,Deux véhicules - côté,,,,,,,,,,,1,2,1,1.0,3.0
201700040538,0017-06-29 19:00:00,17,6,29,19,0,920,20,LASSEGUE RUE N° PAIRS,48.80181,2.28376,Plein jour,En agglomération,Intersection en X,Normale,Deux véhicules - côté,,,,,,,,,,,1,2,2,1.0,3.0
201700040539,0017-07-05 12:30:00,17,7,5,12,30,920,49,"52, BROSSOLETTE AVENUE P",48.82018,2.31113,Plein jour,En agglomération,Intersection en X,Normale,Deux véhicules - côté,,,,,,,,,,,1,2,2,1.0,3.0
201700040540,0017-07-05 20:10:00,17,7,5,20,10,920,49,BROSSOLETTE AVENUE PIERR,48.81111,2.30274,Plein jour,En agglomération,Intersection en T,Normale,Deux véhicules - côté,,,,,,,,,,,1,2,3,1.0,3.0
201700040541,0017-07-06 23:20:00,17,7,6,23,20,920,49,REPUBLIQUE AVENUE DE LA,48.81835,2.31968,Nuit avec éclairage allumé,En agglomération,Hors intersection,Normale,Autre collision,,,,,,,,,,,5,2,1,1.0,6.0
201700040542,0017-07-08 19:00:00,17,7,8,19,0,920,20,"127, PARIS AVENUE DE N°",48.80925,2.29741,Plein jour,En agglomération,Hors intersection,Normale,Deux véhicules - frontale,,,,,,,,,,,1,2,1,1.0,1.0
201700040543,0017-07-13 06:05:00,17,7,13,6,5,920,49,"25, DORMOY AVENUE MARX N",48.8098,2.32234,Plein jour,En agglomération,Hors intersection,Normale,Autre collision,,,,,,,,,,,1,2,1,1.0,6.0
201700040544,0017-07-13 06:35:00,17,7,13,6,35,920,49,"97, BRIAND AVENUE ARISTI",48.8141,2.32617,Plein jour,En agglomération,Hors intersection,Normale,Deux véhicules - arrière,,,,,,,,,,,1,2,1,1.0,2.0
201700040545,0017-07-14 14:30:00,17,7,14,14,30,920,49,"43, REPUBLIQUE AVENUE DE",48.81841,2.31961,Plein jour,En agglomération,Intersection en X,Normale,Deux véhicules - arrière,,,,,,,,,,,1,2,2,1.0,2.0
201700040546,0017-07-14 15:45:00,17,7,14,15,45,920,49,PERI RUE GABRIEL AUTRES,48.8197,2.31294,Plein jour,En agglomération,Intersection en X,Normale,Deux véhicules - côté,,,,,,,,,,,1,2,2,1.0,3.0
201700040547,0017-07-19 14:00:00,17,7,19,14,0,920,49,"91, BROSSOLETTE AVENUE P",48.81806,2.30842,Plein jour,En agglomération,Intersection en X,Normale,Trois véhicules et plus - en chaîne,,,,,,,,,,,1,2,2,1.0,4.0
201700040548,0017-07-18 23:00:00,17,7,18,23,0,920,49,BOUZERAIT RUE GEORGES,48.81911,2.32372,Nuit avec éclairage allumé,En agglomération,Intersection en X,Normale,Autre collision,,,,,,,,,,,5,2,2,1.0,6.0
201700040549,0017-07-20 15:00:00,17,7,20,15,0,920,20,"49, PARIS AVENUE DE N° I",48.8062,2.29208,Plein jour,En agglomération,Hors intersection,Normale,Autre collision,,,,,,,,,,,1,2,1,1.0,6.0
201700040550,0017-07-18 11:20:00,17,7,18,11,20,920,20,"7bis, EXUPERY AVENUE SAI",48.8091,2.2984,Plein jour,En agglomération,Hors intersection,Normale,Deux véhicules - côté,,,,,,,,,,,1,2,1,1.0,3.0
201700040551,0017-07-23 20:00:00,17,7,23,20,0,920,20,"110, BROSSOLETTE RUE PIE",48.80844,2.2963,Plein jour,En agglomération,Hors intersection,Normale,Deux véhicules - côté,,,,,,,,,,,1,2,1,1.0,3.0
201700040552,0017-07-28 19:55:00,17,7,28,19,55,920,49,"4, GAMBETTA AVENUE LEON",48.81344,2.32506,Plein jour,En agglomération,Hors intersection,Normale,Autre collision,,,,,,,,,,,1,2,1,1.0,6.0
201700040553,0017-08-01 09:14:00,17,8,1,9,14,920,49,BROSSOLETTE AVENUE PIERR,48.82165,2.31343,Plein jour,En agglomération,Hors intersection,Normale,Autre collision,,,,,,,,,,,1,2,1,1.0,6.0
201700040554,0017-08-05 18:40:00,17,8,5,18,40,920,49,GINOUX AV. HENRI N°1 A 9,48.81448,2.32049,Plein jour,En agglomération,Intersection en X,Normale,Deux véhicules - côté,,,,,,,,,,,1,2,2,1.0,3.0
201700040555,0017-08-08 21:15:00,17,8,8,21,15,920,49,"159, BROSSOLETTE AVENUE",48.81516,2.30431,Crépuscule ou aube,En agglomération,Hors intersection,Normale,Autre collision,,,,,,,,,,,2,2,1,1.0,6.0
201700040556,0017-08-09 16:15:00,17,8,9,16,15,920,49,"89, BROSSOLETTE AVENUE P",48.81904,2.30977,Plein jour,En agglomération,Hors intersection,Pluie forte,Deux véhicules - arrière,,,,,,,,,,,1,2,1,3.0,2.0
201700040557,0017-08-17 13:15:00,17,8,17,13,15,920,20,VERDUN AVENUE DE AUTRES,48.7967,2.277,Plein jour,En agglomération,Hors intersection,Normale,Deux véhicules - arrière,,,,,,,,,,,1,2,1,1.0,2.0
201700040558,0017-08-28 12:00:00,17,8,28,12,0,920,49,"83, BROSSOLETTE AVENUE P",48.81947,0.23103,Plein jour,En agglomération,Hors intersection,Normale,Deux véhicules - arrière,,,,,,,,,,,1,2,1,1.0,2.0
201700040559,0017-08-28 17:20:00,17,8,28,17,20,920,49,"25, DORMOY AVENUE MARX N",48.80982,2.32224,Plein jour,En agglomération,Intersection en T,Normale,Deux véhicules - côté,,,,,,,,,,,1,2,3,1.0,3.0
201700040560,0017-08-29 13:30:00,17,8,29,13,30,920,49,"183, BROSSOLETTE AVENUE",48.81379,2.3032,Plein jour,En agglomération,Hors intersection,Normale,Deux véhicules - arrière,,,,,,,,,,,1,2,1,1.0,2.0
201700040561,0017-08-31 20:30:00,17,8,31,20,30,920,49,GINOUX AVENUE HENRI AUTR,48.81901,2.32317,Crépuscule ou aube,En agglomération,Intersection en T,Normale,Autre collision,,,,,,,,,,,2,2,3,1.0,6.0
201700040562,0017-09-06 07:50:00,17,9,6,7,50,920,20,"57, DIVISION LECLERC AVE",48.79617,2.27798,Plein jour,En agglomération,Hors intersection,Normale,Deux véhicules - côté,,,,,,,,,,,1,2,1,1.0,3.0
201700040563,0017-09-10 14:45:00,17,9,10,14,45,920,20,"67, BROSSOLETTE RUE PIER",48.80108,2.27858,Plein jour,En agglomération,Hors intersection,Normale,Autre collision,,,,,,,,,,,1,2,1,1.0,6.0
201700040564,0017-09-10 21:30:00,17,9,10,21,30,920,49,"44, GINOUX AV. HENRI N°1",48.81903,2.32296,Nuit avec éclairage allumé,En agglomération,Hors intersection,Normale,Autre collision,,,,,,,,,,,5,2,1,1.0,6.0
201700040565,0017-09-14 08:20:00,17,9,14,8,20,920,49,BRIAND AVENUE ARISTIDE A,48.81751,2.32555,Plein jour,En agglomération,Intersection en X,Normale,Deux véhicules - frontale,,,,,,,,,,,1,2,2,1.0,1.0
201700040566,0017-09-13 19:30:00,17,9,13,19,30,920,49,BRIAND AVENUE ARISTIDE A,48.81754,2.32556,Crépuscule ou aube,En agglomération,Intersection en X,Temps couvert,Deux véhicules - côté,,,,,,,,,,,2,2,2,8.0,3.0
201700040567,0017-09-15 08:45:00,17,9,15,8,45,920,49,"89, REPUBLIQUE AVENUE DE",48.81466,2.31732,Plein jour,En agglomération,Hors intersection,Normale,Autre collision,,,,,,,,,,,1,2,1,1.0,6.0
201700040568,0017-09-16 11:40:00,17,9,16,11,40,920,49,"84, MARNE AVENUE DE LA",48.81257,2.30383,Plein jour,En agglomération,Hors intersection,Pluie légère,Deux véhicules - arrière,,,,,,,,,,,1,2,1,2.0,2.0
201700040569,0017-09-18 08:10:00,17,9,18,8,10,920,20,"36, FAURE BLD FELIX N°1",48.80356,2.28452,Plein jour,En agglomération,Intersection en X,Pluie légère,Autre collision,,,,,,,,,,,1,2,2,2.0,6.0
201700040570,0017-09-20 19:00:00,17,9,20,19,0,920,49,BROSSOLETTE AVENUE PIERR,48.81192,2.30079,Plein jour,En agglomération,Intersection en T,Normale,Deux véhicules - côté,,,,,,,,,,,1,2,3,1.0,3.0
201700040571,0017-09-21 23:25:00,17,9,21,23,25,920,20,PARIS AVENUE DE N°2 A82,48.80407,2.28859,Nuit avec éclairage allumé,En agglomération,Intersection en X,Normale,Deux véhicules - frontale,,,,,,,,,,,5,2,2,1.0,1.0
201700040572,0017-09-21 07:35:00,17,9,21,7,35,920,20,"3, STALINGRAD BOULEVARD",,,Plein jour,En agglomération,Hors intersection,Normale,Deux véhicules - côté,,,,,,,,,,,1,2,1,1.0,3.0
201700040573,0017-09-28 22:20:00,17,9,28,22,20,920,49,"32, GINOUX AV. HENRI N°1",48.801,2.3238,Nuit avec éclairage allumé,En agglomération,Hors intersection,Normale,Sans collision,,,,,,,,,,,5,2,1,1.0,7.0
201700040574,0017-10-05 13:45:00,17,10,5,13,45,920,20,"60, DEFORGES RUE ETIENNE",48.80404,2.29787,Plein jour,En agglomération,Hors intersection,Normale,Autre collision,,,,,,,,,,,1,2,1,1.0,6.0
201700040575,0017-10-05 13:45:00,17,10,5,13,45,920,49,BRIAND AVENUE ARISTIDE A,48.81756,2.32551,Plein jour,En agglomération,Intersection en X,Normale,Autre collision,,,,,,,,,,,1,2,2,1.0,6.0
201700040576,0017-10-06 19:25:00,17,10,6,19,25,920,49,"191, BROSSOLETTE AVENUE",48.81359,2.30229,Nuit avec éclairage allumé,En agglomération,Hors intersection,Normale,Deux véhicules - côté,,,,,,,,,,,5,2,1,1.0,3.0
201700040577,0017-10-13 04:40:00,17,10,13,4,40,920,49,"94, GINOUX AV. HENRI N°1",48.81536,2.32049,Nuit avec éclairage allumé,En agglomération,Hors intersection,Normale,Sans collision,,,,,,,,,,,5,2,1,1.0,7.0
201700040578,0017-10-13 12:35:00,17,10,13,12,35,920,49,BARBES RUE,48.81722,2.32895,Plein jour,En agglomération,Intersection en T,Normale,Deux véhicules - côté,,,,,,,,,,,1,2,3,1.0,3.0
201700040579,0017-10-14 11:55:00,17,10,14,11,55,920,20,"107, VANVES BOULEVARD N°",48.8101,2.18229,Plein jour,En agglomération,Hors intersection,Normale,Deux véhicules - côté,,,,,,,,,,,1,2,1,1.0,3.0
201700040580,0017-10-18 13:40:00,17,10,18,13,40,920,49,"121, REPUBLIQUE AVENUE D",48.81271,2.31613,Plein jour,En agglomération,Hors intersection,Normale,Autre collision,,,,,,,,,,,1,2,1,1.0,6.0
201700040581,0017-10-18 14:35:00,17,10,18,14,35,920,20,VANVES BOULEVARD DE N° P,48.80401,2.28849,Plein jour,En agglomération,Intersection en X,Normale,Deux véhicules - côté,,,,,,,,,,,1,2,2,1.0,3.0
201700040582,0017-10-22 17:40:00,17,10,22,17,40,920,20,"38, PAIX AVENUE DE LA N°",48.80549,2.28334,Plein jour,En agglomération,Hors intersection,Normale,Autre collision,,,,,,,,,,,1,2,1,1.0,6.0
201700040583,0017-10-24 19:55:00,17,10,24,19,55,920,20,FONTENAY RUE DE N°2 A 34,48.79777,2.28671,Nuit avec éclairage allumé,En agglomération,Hors intersection,Normale,Deux véhicules - arrière,,,,,,,,,,,5,2,1,1.0,2.0
201700040584,0017-10-26 15:35:00,17,10,26,15,35,920,20,REPUBLIQUE AV. N°1 A 25,48.80693,2.29816,Plein jour,En agglomération,Intersection en X,Normale,Deux véhicules - côté,,,,,,,,,,,1,2,2,1.0,3.0
201700040585,0017-10-30 06:45:00,17,10,30,6,45,920,49,JAURES AVENUE JEAN N°52,48.81355,2.30683,Nuit avec éclairage allumé,En agglomération,Intersection en T,Normale,Deux véhicules - côté,,,,,,,,,,,5,2,3,1.0,3.0
201700040586,0017-11-07 10:15:00,17,11,7,10,15,920,49,REPUBLIQUE AVENUE DE LA,48.81896,2.31987,Plein jour,En agglomération,Hors intersection,Normale,Autre collision,,,,,,,,,,,1,2,1,1.0,6.0
201700040587,0017-11-07 21:15:00,17,11,7,21,15,920,20,"38, PERROTIN RUE",45.0,1.5,Nuit avec éclairage allumé,En agglomération,Hors intersection,Normale,Trois véhicules et plus - collisions multiples,,,,,,,,,,,5,2,1,1.0,5.0
201700040588,0017-11-09 19:25:00,17,11,9,19,25,920,49,"53, BRIAND AVENUE ARISTI",48.81782,2.32575,Crépuscule ou aube,En agglomération,Hors intersection,Normale,Deux véhicules - côté,,,,,,,,,,,2,2,1,1.0,3.0
201700040589,0017-11-09 20:00:00,17,11,9,20,0,920,49,"76, BRIAND AVENUE ARISTI",48.81622,2.32544,Crépuscule ou aube,En agglomération,Hors intersection,Normale,Deux véhicules - côté,,,,,,,,,,,2,2,1,1.0,3.0
201700040590,0017-11-10 13:10:00,17,11,10,13,10,920,49,"131, BRIAND (AVENUE ARIS",48.81156,2.32706,Plein jour,En agglomération,Hors intersection,Normale,Deux véhicules - côté,,,,,,,,,,,1,2,1,1.0,3.0
201700040591,0017-11-11 12:00:00,17,11,11,12,0,920,20,"49, PARIS AVENUE DE N° I",48.80752,2.2966,Plein jour,En agglomération,Hors intersection,Pluie légère,Deux véhicules - arrière,,,,,,,,,,,1,2,1,2.0,2.0
201700040592,0017-11-11 15:55:00,17,11,11,15,55,920,49,"16, VERDIER AVENUE N° 2",48.81513,2.31857,Plein jour,En agglomération,Giratoire,Pluie forte,Autre collision,,,,,,,,,,,1,2,6,3.0,6.0