accident_id,datetime,annee,mois,jour,heure,minute,departement,commune_insee,adresse,latitude,longitude,luminosite,agglomeration,intersection,meteo,collision,nb_vehicules,nb_usagers,nb_indemnes,nb_tues,nb_blesses_hosp,nb_blesses_legers,age_cond_1,age_cond_2,veh_type_cond_1,veh_type_cond_2,lum_code,agg_code,int_code,atm_code,col_code
201700040836,0017-04-08 06:55:00,17,4,8,6,55,920,51,"97, ROULE (AVENUE DU, N°",,,Nuit avec éclairage allumé,En agglomération,Hors intersection,Normale,Autre collision,,,,,,,,,,,5,2,1,1.0,6.0
201700040837,0017-04-08 02:15:00,17,4,8,2,15,920,51,"61, CHARLES DE GAULLE (A",,,Nuit avec éclairage allumé,En agglomération,Hors intersection,Normale,Deux véhicules - arrière,,,,,,,,,,,5,2,1,1.0,2.0
201700040838,0017-04-08 04:00:00,17,4,8,4,0,920,51,"21, RICHARD WALLACE (BOU",,,Nuit avec éclairage allumé,En agglomération,Hors intersection,Normale,Autre collision,,,,,,,,,,,5,2,1,1.0,6.0
201700040839,0017-04-10 10:30:00,17,4,10,10,30,920,51,"27, MADRID (PORTE DE)",,,Plein jour,En agglomération,Giratoire,Normale,Trois véhicules et plus - en chaîne,,,,,,,,,,,1,2,6,1.0,4.0
201700040840,0017-04-18 14:28:00,17,4,18,14,28,920,51,"93, CHARLES DE GAULLE (A",,,Plein jour,En agglomération,Hors intersection,Normale,Deux véhicules - côté,,,,,,,,,,,1,2,1,1.0,3.0
201700040841,0017-04-18 22:35:00,17,4,18,22,35,920,51,"95, CHARLES DE GAULLE (A",,,Nuit avec éclairage allumé,En agglomération,Hors intersection,Normale,Deux véhicules - arrière,,,,,,,,,,,5,2,1,1.0,2.0
201700040842,0017-04-20 09:50:00,17,4,20,9,50,920,51,"43, EDOUARD NORTIER (RUE",,,Plein jour,En agglomération,Intersection en X,Normale,Deux véhicules - côté,,,,,,,,,,,1,2,2,1.0,3.0
201700040843,0017-04-30 10:15:00,17,4,30,10,15,920,51,"33, COMMANDANT CHARCOT (",,,Plein jour,En agglomération,Autre intersection,Normale,Deux véhicules - côté,,,,,,,,,,,1,2,9,1.0,3.0
201700040844,0017-05-05 19:30:00,17,5,5,19,30,920,51,"26, MAILLOT (BOULEVARD)",,,Plein jour,En agglomération,Hors intersection,Normale,Deux véhicules - côté,,,,,,,,,,,1,2,1,1.0,3.0
201700040845,0017-05-19 23:10:00,17,5,19,23,10,920,51,"95, CHARLES DE GAULLE (A",,,Nuit avec éclairage allumé,En agglomération,Hors intersection,Temps couvert,Deux véhicules - côté,,,,,,,,,,,5,2,1,8.0,3.0
201700040846,0017-05-23 15:40:00,17,5,23,15,40,920,51,"33, ROULE (AVENUE DU, N°",,,Plein jour,En agglomération,Hors intersection,Normale,Autre collision,,,,,,,,,,,1,2,1,1.0,6.0
201700040847,0017-06-06 08:00:00,17,6,6,8,0,920,62,"0, DE DION BOUTON (QUAI)",48.8777,2.242,Plein jour,Hors agglomération,Hors intersection,Normale,Deux véhicules - côté,,,,,,,,,,,1,1,1,1.0,3.0
201700040848,0017-06-07 12:10:00,17,6,7,12,10,920,62,"116, REPUBLIQUE (RUE DE",48.88446,2.23813,Plein jour,En agglomération,Hors intersection,Normale,Autre collision,,,,,,,,,,,1,2,1,1.0,6.0
201700040849,0017-06-17 10:20:00,17,6,17,10,20,920,62,"25, WALLACE (BD RICHARD)",48.8798,2.2397,Plein jour,En agglomération,Hors intersection,Normale,Autre collision,,,,,,,,,,,1,2,1,1.0,6.0
201700040850,0017-06-27 10:45:00,17,6,27,10,45,920,62,"99, JAURES (RUE JEAN) DU",48.88234,2.23976,Plein jour,En agglomération,Hors intersection,Normale,Autre collision,,,,,,,,,,,1,2,1,1.0,6.0
201700040851,0017-06-27 18:00:00,17,6,27,18,0,920,62,"5, PRESSENCE (RUE FRANCI",48.87593,2.23652,Plein jour,Hors agglomération,Hors intersection,Normale,Autre collision,,,,,,,,,,,1,1,1,1.0,6.0
201700040852,0017-06-29 10:15:00,17,6,29,10,15,920,62,"57, DE DION BOUTON (QUAI",48.88487,2.25027,Plein jour,En agglomération,Intersection en T,Autre,Deux véhicules - arrière,,,,,,,,,,,1,2,3,9.0,2.0
201700040853,0017-01-02 08:40:00,17,1,2,8,40,920,62,REPUBLIQUE (RUE DE LA ),,,Crépuscule ou aube,En agglomération,Hors intersection,Pluie légère,Deux véhicules - arrière,,,,,,,,,,,2,2,1,2.0,2.0
201700040854,0017-07-11 15:45:00,17,7,11,15,45,920,62,"6, BELLINI (RUE)",48.88617,2.2505,Plein jour,En agglomération,Intersection en Y,Normale,Deux véhicules - arrière,,,,,,,,,,,1,2,4,1.0,2.0
201700040855,0017-07-18 10:10:00,17,7,18,10,10,920,62,"34, DE DION BOUTON (QUAI",48.88145,2.24598,Plein jour,En agglomération,Hors intersection,Normale,Deux véhicules - côté,,,,,,,,,,,1,2,1,1.0,3.0
201700040856,0017-07-30 08:30:00,17,7,30,8,30,920,62,"31-32, DE DION BOUTON (Q",48.88094,2.24528,Plein jour,En agglomération,Hors intersection,Normale,Sans collision,,,,,,,,,,,1,2,1,1.0,7.0
201700040857,0017-07-28 15:30:00,17,7,28,15,30,920,62,DE DION BOUTON (QUAI) DU,48.87738,2.24108,Plein jour,En agglomération,Intersection en X,Normale,Deux véhicules - côté,,,,,,,,,,,1,2,2,1.0,3.0
201700040858,0017-08-06 15:45:00,17,8,6,15,45,920,62,"28, DE DION BOUTON (QUAI",48.88,2.24417,Plein jour,Hors agglomération,Hors intersection,Normale,Deux véhicules - côté,,,,,,,,,,,1,1,1,1.0,3.0
201700040859,0017-08-08 17:50:00,17,8,8,17,50,920,62,"17, PDT WILSON (Avenue)",48.88453,2.22777,Plein jour,Hors agglomération,Hors intersection,Pluie légère,Trois véhicules et plus - en chaîne,,,,,,,,,,,1,1,1,2.0,4.0
201700040860,0017-08-22 14:00:00,17,8,22,14,0,920,62,"151, REPUBLIQUE (RUE DE",48.88,2.24417,Plein jour,En agglomération,Hors intersection,Normale,Deux véhicules - frontale,,,,,,,,,,,1,2,1,1.0,1.0
201700040861,0017-08-28 09:22:00,17,8,28,9,22,920,62,POMPIDOU (AV GEORGES) N°,48.87586,2.23209,Plein jour,En agglomération,Giratoire,Normale,Deux véhicules - côté,,,,,,,,,,,1,2,6,1.0,3.0
201700040862,0017-09-07 19:00:00,17,9,7,19,0,920,62,"42, DE DION BOUTON (QUAI",48.88294,2.24813,Plein jour,En agglomération,Hors intersection,Normale,Trois véhicules et plus - collisions multiples,,,,,,,,,,,1,2,1,1.0,5.0
201700040863,0017-08-29 23:00:00,17,8,29,23,0,920,62,"5, DE DION BOUTON (QUAI)",48.87505,2.23775,Nuit avec éclairage non allumé,Hors agglomération,Hors intersection,Normale,Sans collision,,,,,,,,,,,4,1,1,1.0,7.0
201700040864,0017-09-07 19:00:00,17,9,7,19,0,920,62,"47, DE DION BOUTON (QUAI",48.8832,2.24831,Plein jour,Hors agglomération,Hors intersection,Normale,Trois véhicules et plus - en chaîne,,,,,,,,,,,1,1,1,1.0,4.0
201700040865,0017-09-10 17:55:00,17,9,10,17,55,920,62,"65, BAS-ROGERS (RUE DES)",48.8811,2.22659,Plein jour,En agglomération,Hors intersection,Normale,Autre collision,,,,,,,,,,,1,2,1,1.0,6.0
201700040866,0017-09-16 11:20:00,17,9,16,11,20,920,62,"52, DE DION BOUTON (QUAI",48.88419,2.24933,Plein jour,Hors agglomération,Hors intersection,Normale,Deux véhicules - arrière,,,,,,,,,,,1,1,1,1.0,2.0
201700040867,0017-09-18 09:30:00,17,9,18,9,30,920,62,"1, BERTHELOT (RUE MARCEL",48.88875,2.23109,Plein jour,En agglomération,Hors intersection,Normale,Autre collision,,,,,,,,,,,1,2,1,1.0,6.0
201700040868,0017-09-25 17:48:00,17,9,25,17,48,920,73,GALLIENI (QUAI),48.86947,2.23074,Plein jour,En agglomération,Hors intersection,Normale,Deux véhicules - côté,,,,,,,,,,,1,2,1,1.0,3.0
201700040869,0017-09-26 14:40:00,17,9,26,14,40,920,62,"34, DE DION BOUTON (QUAI",48.8841,2.24833,Plein jour,Hors agglomération,Hors intersection,Normale,Trois véhicules et plus - en chaîne,,,,,,,,,,,1,1,1,1.0,4.0
201700040870,0017-09-27 14:05:00,17,9,27,14,5,920,62,"86, WALLACE (BD RICHARD)",48.88275,2.24063,Plein jour,En agglomération,Hors intersection,Normale,Autre collision,,,,,,,,,,,1,2,1,1.0,6.0
201700040871,0017-09-28 09:00:00,17,9,28,9,0,920,62,"36, BAS-ROGERS (RUE DES)",48.88004,2.23142,Plein jour,En agglomération,Intersection en T,Pluie légère,Autre collision,,,,,,,,,,,1,2,3,2.0,6.0
201700040872,0017-10-03 21:10:00,17,10,3,21,10,920,62,"60, GENERAL DE GAULLE (A",48.88778,2.23262,Nuit avec éclairage allumé,En agglomération,Hors intersection,Normale,Autre collision,,,,,,,,,,,5,2,1,1.0,6.0
201700040873,0017-10-20 12:50:00,17,10,20,12,50,920,62,"70, GENERAL DE GAULLE (A",48.88743,2.23264,Plein jour,En agglomération,Intersection en X,Normale,Deux véhicules - arrière,,,,,,,,,,,1,2,2,1.0,2.0
201700040874,0017-10-24 09:40:00,17,10,24,9,40,920,62,"131, REPUBLIQUE (RUE DE",48.88438,2.23802,Plein jour,En agglomération,Hors intersection,Pluie légère,Deux véhicules - côté,,,,,,,,,,,1,2,1,2.0,3.0
201700040875,0017-11-06 07:56:00,17,11,6,7,56,920,62,"22, MOULIN (RUE)",48.88765,2.23692,Crépuscule ou aube,En agglomération,Hors intersection,Normale,Sans collision,,,,,,,,,,,2,2,1,1.0,7.0
201700040876,0017-11-07 15:35:00,17,11,7,15,35,920,62,"1, PUTEAUX (PONT DE)",48.87639,2.24566,Plein jour,En agglomération,Hors intersection,Normale,Deux véhicules - côté,,,,,,,,,,,1,2,1,1.0,3.0
201700040877,0017-11-13 17:00:00,17,11,13,17,0,920,62,"15, BICENTENAIRE (RUE DU",48.88133,2.23454,Plein jour,En agglomération,Hors intersection,Temps couvert,Autre collision,,,,,,,,,,,1,2,1,8.0,6.0
201700040878,0017-11-16 21:10:00,17,11,16,21,10,920,62,"49, DE DION BOUTON (QUAI",48.88555,2.25715,Nuit avec éclairage allumé,En agglomération,Passage à niveau,Normale,Deux véhicules - frontale,,,,,,,,,,,5,2,8,1.0,1.0
201700040879,0017-11-29 19:00:00,17,11,29,19,0,920,62,"38, DE DION BOUTON (QUAI",48.88215,4.6957,Nuit avec éclairage allumé,En agglomération,Hors intersection,Pluie légère,Deux véhicules - côté,,,,,,,,,,,5,2,1,2.0,3.0
201700040880,0017-11-30 20:15:00,17,11,30,20,15,920,62,"13, LAFARGUES (RUE PAUL)",48.88587,4.5997,Nuit avec éclairage allumé,En agglomération,Hors intersection,Neige / grêle,Autre collision,,,,,,,,,,,5,2,1,4.0,6.0
201700040881,0017-12-05 11:10:00,17,12,5,11,10,920,62,"0, KUPKA (RUE FRANCK) TO",48.89093,2.23024,Plein jour,En agglomération,Intersection en X,Normale,Deux véhicules - arrière,,,,,,,,,,,1,2,2,1.0,2.0
201700040882,0017-12-07 17:15:00,17,12,7,17,15,920,62,"16, REPUBLIQUE (RUE DE L",48.88605,2.24314,Crépuscule ou aube,En agglomération,Passage à niveau,Pluie légère,Autre collision,,,,,,,,,,,2,2,8,2.0,6.0
201700040883,0017-12-06 19:36:00,17,12,6,19,36,920,62,"113, BERGERES RD-PT DES)",48.88514,2.22712,Crépuscule ou aube,En agglomération,Hors intersection,Normale,Trois véhicules et plus - en chaîne,,,,,,,,,,,2,2,1,1.0,4.0
201700040884,0017-12-13 20:00:00,17,12,13,20,0,920,62,"15, WALLACE (BD RICHARD)",48.87938,2.24059,Nuit avec éclairage allumé,En agglomération,Hors intersection,Pluie légère,Autre collision,,,,,,,,,,,5,2,1,2.0,6.0
201700040885,0017-12-26 19:45:00,17,12,26,19,45,920,62,"41, DE DION BOUTON (QUAI",48.88274,2.24804,Nuit avec éclairage allumé,En agglomération,Hors intersection,Temps couvert,Trois véhicules et plus - en chaîne,,,,,,,,,,,5,2,1,8.0,4.0
201700040886,0017-12-31 14:25:00,17,12,31,14,25,920,62,VOILIN (RUE LUCIEN),48.88294,2.23708,Plein jour,En agglomération,Intersection en T,Normale,Deux véhicules - côté,,,,,,,,,,,1,2,3,1.0,3.0
201700040887,0017-04-29 20:20:00,17,4,29,20,20,920,62,"0, WALLACE (BD RICHARD)",,,Plein jour,En agglomération,Intersection en X,Normale,Deux véhicules - côté,,,,,,,,,,,1,2,2,1.0,3.0
201700040888,0017-01-20 19:35:00,17,1,20,19,35,920,62,BERGERES (RD-PT DES) DU,,,Nuit avec éclairage allumé,En agglomération,Intersection en X,Normale,Deux véhicules - côté,,,,,,,,,,,5,2,2,1.0,3.0
201700040889,0017-01-20 18:40:00,17,1,20,18,40,920,62,"65, GENERAL DE GAULLE (A",,,Crépuscule ou aube,En agglomération,Hors intersection,Normale,Deux véhicules - côté,,,,,,,,,,,2,2,1,1.0,3.0
201700040890,0017-01-21 19:25:00,17,1,21,19,25,920,62,DE DION BOUTON (QUAI) DU,,,Nuit avec éclairage allumé,En agglomération,Hors intersection,Normale,Deux véhicules - arrière,,,,,,,,,,,5,2,1,1.0,2.0
201700040891,0017-01-30 17:35:00,17,1,30,17,35,920,2,WILSON/ROSIERS,,,Plein jour,En agglomération,Intersection en T,Pluie légère,Sans collision,,,,,,,,,,,1,2,3,2.0,7.0
201700040892,0017-02-02 18:45:00,17,2,2,18,45,920,62,"29, POMPIDOU (AV GEORGES",,,Nuit avec éclairage allumé,En agglomération,Hors intersection,Normale,Sans collision,,,,,,,,,,,5,2,1,1.0,7.0
201700040893,0017-02-03 11:50:00,17,2,3,11,50,920,62,PUTEAUX (PONT DE),,,Plein jour,En agglomération,Hors intersection,Normale,Deux véhicules - arrière,,,,,,,,,,,1,2,1,1.0,2.0
201700040894,0017-02-27 14:35:00,17,2,27,14,35,920,62,DE DION BOUTON (QUAI) DU,,,Plein jour,En agglomération,Intersection en T,Normale,Deux véhicules - arrière,,,,,,,,,,,1,2,3,1.0,2.0
201700040895,0017-02-28 09:30:00,17,2,28,9,30,920,62,"10, AMPERE (RUE)",,,Plein jour,En agglomération,Giratoire,Normale,Deux véhicules - côté,,,,,,,,,,,1,2,6,1.0,3.0
201700040896,0017-03-17 07:43:00,17,3,17,7,43,920,62,BERGERES RD-PT DES) DU 1,,,Crépuscule ou aube,En agglomération,Intersection en T,Normale,Deux véhicules - côté,,,,,,,,,,,2,2,3,1.0,3.0
201700040897,0017-03-17 12:40:00,17,3,17,12,40,920,62,PUTEAUX (PONT DE),,,Plein jour,En agglomération,Hors intersection,Normale,Deux véhicules - côté,,,,,,,,,,,1,2,1,1.0,3.0
201700040898,0017-03-17 20:30:00,17,3,17,20,30,920,62,DE DION BOUTON (QUAI) DU,,,Crépuscule ou aube,En agglomération,Hors intersection,Normale,Deux véhicules - arrière,,,,,,,,,,,2,2,1,1.0,2.0
201700040899,0017-03-22 08:55:00,17,3,22,8,55,920,62,"8, LAFARGUES (RUE PAUL)",,,Plein jour,En agglomération,Hors intersection,Normale,Deux véhicules - arrière,,,,,,,,,,,1,2,1,1.0,2.0
201700040900,0017-04-05 13:15:00,17,4,5,13,15,920,62,GAUDIN PIERRE (RUE) N°,,,Plein jour,En agglomération,Intersection en Y,Normale,Deux véhicules - côté,,,,,,,,,,,1,2,4,1.0,3.0
201700040901,0017-03-27 19:45:00,17,3,27,19,45,920,62,"0, WALLACE (BD RICHARD)",,,Crépuscule ou aube,En agglomération,Hors intersection,Normale,Deux véhicules - côté,,,,,,,,,,,2,2,1,1.0,3.0
201700040902,0017-04-20 18:15:00,17,4,20,18,15,920,62,"47, JAURES (RUE JEAN) DU",,,Crépuscule ou aube,En agglomération,Hors intersection,Normale,Autre collision,,,,,,,,,,,2,2,1,1.0,6.0
201700040903,0017-04-25 08:40:00,17,4,25,8,40,920,62,"0, LAFARGUES (RUE PAUL)",,,Plein jour,En agglomération,Hors intersection,Normale,Autre collision,,,,,,,,,,,1,2,1,1.0,6.0
201700040904,0017-05-09 15:50:00,17,5,9,15,50,920,62,"50, GENERAL DE GAULLE (A",,,Plein jour,En agglomération,Hors intersection,Normale,Sans collision,,,,,,,,,,,1,2,1,1.0,7.0
201700040905,0017-05-05 23:00:00,17,5,5,23,0,920,62,GENERAL DE GAULLE (AV) D,,,Nuit avec éclairage non allumé,En agglomération,Intersection en T,Normale,Autre collision,,,,,,,,,,,4,2,3,1.0,6.0
201700040906,0017-05-19 21:00:00,17,5,19,21,0,920,62,"9, DE DION BOUTON (QUAI)",,,Crépuscule ou aube,En agglomération,Intersection en T,Pluie légère,Deux véhicules - arrière,,,,,,,,,,,2,2,3,2.0,2.0
201700040907,0017-05-23 23:05:00,17,5,23,23,5,920,62,"55, DE DION BOUTON (QUAI",,,Nuit avec éclairage allumé,En agglomération,Hors intersection,Normale,Deux véhicules - arrière,,,,,,,,,,,5,2,1,1.0,2.0
201700040908,0017-05-25 01:10:00,17,5,25,1,10,920,62,"52, DE DION BOUTON (QUAI",,,Nuit avec éclairage allumé,Hors agglomération,Hors intersection,Normale,Deux véhicules - arrière,,,,,,,,,,,5,1,1,1.0,2.0
201700040909,0017-05-24 14:55:00,17,5,24,14,55,920,62,"3BIS, BELLINI (RUE)",,,Plein jour,En agglomération,Hors intersection,Normale,Deux véhicules - arrière,,,,,,,,,,,1,2,1,1.0,2.0
201700040910,0017-01-06 10:20:00,17,1,6,10,20,920,63,"****, VERSAILLES (AVENUE",,,Plein jour,Hors agglomération,Hors intersection,Normale,Deux véhicules - frontale,,,,,,,,,,,1,1,1,1.0,1.0
201700040911,0017-10-02 21:50:00,17,10,2,21,50,920,63,"53, GALLIENI (RUE)",48.86983,2.20355,Nuit avec éclairage allumé,En agglomération,Hors intersection,Pluie légère,Deux véhicules - arrière,,,,,,,,,,,5,2,1,2.0,2.0
201700040912,0017-01-11 13:25:00,17,1,11,13,25,920,63,"19, SUE (RUE EUGENE)",,,Plein jour,En agglomération,Hors intersection,Pluie légère,Deux véhicules - côté,,,,,,,,,,,1,2,1,2.0,3.0
201700040913,0017-10-03 14:45:00,17,10,3,14,45,920,63,"14, DOUMER (AVENUE PAUL)",48.88381,2.19117,Plein jour,En agglomération,Hors intersection,Normale,Deux véhicules - arrière,,,,,,,,,,,1,2,1,1.0,2.0
201700040914,0017-01-13 08:05:00,17,1,13,8,5,920,63,"****, MAISTRASSE (AVENUE",,,Nuit avec éclairage allumé,En agglomération,Intersection en T,Normale,Autre collision,,,,,,,,,,,5,2,3,1.0,6.0
201700040915,0017-10-07 18:15:00,17,10,7,18,15,920,63,"58, FOUILLEUSE (AVENUE D",48.86235,2.19507,Crépuscule ou aube,En agglomération,Hors intersection,Normale,Deux véhicules - arrière,,,,,,,,,,,2,2,1,1.0,2.0
201700040916,0017-01-13 10:15:00,17,1,13,10,15,920,63,"****, BOURGUIGNON (RUE J",,,Plein jour,En agglomération,Hors intersection,Normale,Autre collision,,,,,,,,,,,1,2,1,1.0,6.0
201700040917,0017-10-13 17:10:00,17,10,13,17,10,920,63,"41, VERSAILLES (AVENUE D",48.86325,2.16536,Plein jour,En agglomération,Hors intersection,Normale,Deux véhicules - arrière,,,,,,,,,,,1,2,1,1.0,2.0
201700040918,0017-01-16 20:00:00,17,1,16,20,0,920,63,"228, BONAPARTE (AVENUE N",,,Nuit avec éclairage allumé,En agglomération,Hors intersection,Normale,Trois véhicules et plus - collisions multiples,,,,,,,,,,,5,2,1,1.0,5.0
201700040919,0017-10-14 22:45:00,17,10,14,22,45,920,63,"****, COLMAR (AVENUE DE)",48.88706,2.17946,Nuit sans éclairage public,En agglomération,Intersection en X,Normale,Deux véhicules - côté,,,,,,,,,,,3,2,2,1.0,3.0
201700040920,0017-01-19 10:20:00,17,1,19,10,20,920,63,"****, DANTON (RUE)",,,Plein jour,En agglomération,Intersection en T,Normale,Deux véhicules - frontale,,,,,,,,,,,1,2,3,1.0,1.0
201700040921,0017-10-18 10:45:00,17,10,18,10,45,920,63,"105, ALBERT 1ER (AVENUE)",48.88584,2.17138,Plein jour,En agglomération,Hors intersection,Normale,Autre collision,,,,,,,,,,,1,2,1,1.0,6.0
201700040922,0017-01-23 16:10:00,17,1,23,16,10,920,63,"09, BAUDIN (RUE)",,,Plein jour,En agglomération,Hors intersection,Normale,Autre collision,,,,,,,,,,,1,2,1,1.0,6.0
201700040923,0017-10-19 20:15:00,17,10,19,20,15,920,63,"****, DIX-HUIT JUIN 1940",48.86697,2.19974,Nuit avec éclairage allumé,En agglomération,Intersection en T,Normale,Deux véhicules - frontale,,,,,,,,,,,5,2,3,1.0,1.0
201700040924,0017-01-26 18:15:00,17,1,26,18,15,920,63,"17, SOLFERINO (BOULEVARD",,,Crépuscule ou aube,En agglomération,Hors intersection,Normale,Deux véhicules - arrière,,,,,,,,,,,2,2,1,1.0,2.0
201700040925,0017-10-21 17:30:00,17,10,21,17,30,920,63,"82, DOUMER (AVENUE PAUL)",48.88198,2.1861,Plein jour,En agglomération,Hors intersection,Normale,Autre collision,,,,,,,,,,,1,2,1,1.0,6.0
201700040926,0017-01-31 06:45:00,17,1,31,6,45,920,63,"****, JUIN (AVENUE DU MA",,,Nuit avec éclairage allumé,En agglomération,Hors intersection,Pluie légère,Deux véhicules - côté,,,,,,,,,,,5,2,1,2.0,3.0
201700040927,0017-10-23 07:00:00,17,10,23,7,0,920,63,"122, MONTBRISON (RUE DU",48.86032,2.19511,Nuit avec éclairage allumé,En agglomération,Hors intersection,Pluie légère,Deux véhicules - côté,,,,,,,,,,,5,2,1,2.0,3.0
201700040928,0017-02-03 09:10:00,17,2,3,9,10,920,63,DANTON (RUE),,,Plein jour,En agglomération,Intersection en T,Normale,Deux véhicules - arrière,,,,,,,,,,,1,2,3,1.0,2.0
201700040929,0017-10-24 22:30:00,17,10,24,22,30,920,63,"****, FOUILLEUSE (AVENUE",48.86338,2.1909,Nuit avec éclairage allumé,En agglomération,Giratoire,Normale,Deux véhicules - côté,,,,,,,,,,,5,2,6,1.0,3.0
201700040930,0017-02-07 11:50:00,17,2,7,11,50,920,63,"140, DIX-HUIT JUIN 1940",,,Plein jour,En agglomération,Intersection en T,Pluie légère,Deux véhicules - arrière,,,,,,,,,,,1,2,3,2.0,2.0
201700040931,0017-10-27 07:20:00,17,10,27,7,20,920,63,"****, COLMAR (AVENUE DE)",48.88723,2.16922,Nuit avec éclairage allumé,En agglomération,Hors intersection,Normale,Deux véhicules - arrière,,,,,,,,,,,5,2,1,1.0,2.0
201700040932,0017-02-08 10:30:00,17,2,8,10,30,920,63,"15, LAGAUCHE (PLACE JACQ",,,Plein jour,En agglomération,Hors intersection,Normale,Autre collision,,,,,,,,,,,1,2,1,1.0,6.0
201700040933,0017-11-07 21:40:00,17,11,7,21,40,920,63,"54, DOUMER (AVENUE PAUL)",48.88252,2.18767,Nuit avec éclairage allumé,En agglomération,Hors intersection,Normale,Deux véhicules - arrière,,,,,,,,,,,5,2,1,1.0,2.0
201700040934,0017-02-14 21:45:00,17,2,14,21,45,920,63,"****, SAINTE-CLAIRE DEVI",,,Nuit avec éclairage allumé,En agglomération,Intersection en T,Normale,Deux véhicules - côté,,,,,,,,,,,5,2,3,1.0,3.0
201700040935,0017-11-11 09:35:00,17,11,11,9,35,920,63,"****, FOCH (BOULEVARD DU",48.87885,2.18148,Plein jour,En agglomération,Intersection en T,Pluie légère,Autre collision,,,,,,,,,,,1,2,3,2.0,6.0
201700040936,0017-02-24 08:50:00,17,2,24,8,50,920,63,"106, MONTBRISON (RUE DU",,,Plein jour,En agglomération,Hors intersection,Normale,Trois véhicules et plus - en chaîne,,,,,,,,,,,1,2,1,1.0,4.0
201700040937,0017-11-12 15:50:00,17,11,12,15,50,920,63,"229, BONAPARTE (AVENUE N",48.87111,2.16049,Plein jour,En agglomération,Hors intersection,Pluie légère,Autre collision,,,,,,,,,,,1,2,1,2.0,6.0
201700040938,0017-03-02 10:20:00,17,3,2,10,20,920,63,"102, DIX-HUIT JUIN 1940",,,Plein jour,En agglomération,Hors intersection,Normale,Deux véhicules - côté,,,,,,,,,,,1,2,1,1.0,3.0
201700040939,0017-11-17 19:30:00,17,11,17,19,30,920,63,"197, BONAPARTE (AVENUE N",48.87458,2.16743,Crépuscule ou aube,En agglomération,Intersection en T,Temps couvert,Autre collision,,,,,,,,,,,2,2,3,8.0,6.0
201700040940,0017-03-02 19:30:00,17,3,2,19,30,920,63,"354, BONAPARTE (AVENUE N",,,Crépuscule ou aube,En agglomération,Hors intersection,Normale,Deux véhicules - arrière,,,,,,,,,,,2,2,1,1.0,2.0
201700040941,0017-11-19 10:35:00,17,11,19,10,35,920,63,"77, GUIONIS (RUE DU DOCT",48.88632,2.18402,Plein jour,En agglomération,Hors intersection,Pluie légère,Autre collision,,,,,,,,,,,1,2,1,2.0,6.0
201700040942,0017-03-07 08:50:00,17,3,7,8,50,920,63,"46, HUGO (AVENUE VICTOR)",,,Plein jour,En agglomération,Intersection en T,Normale,Autre collision,,,,,,,,,,,1,2,3,1.0,6.0
201700040943,0017-11-25 17:30:00,17,11,25,17,30,920,63,"10, JONCHERE (CHEMIN DE",48.86686,2.1553,Crépuscule ou aube,En agglomération,Hors intersection,Normale,Autre collision,,,,,,,,,,,2,2,1,1.0,6.0
201700040944,0017-03-10 14:10:00,17,3,10,14,10,920,63,"****, RICHELIEU (BOULEVA",,,Plein jour,En agglomération,Intersection en Y,Normale,Autre collision,,,,,,,,,,,1,2,4,1.0,6.0
201700040945,0017-12-04 10:15:00,17,12,4,10,15,920,63,"****, Bretelle A86",48.89119,2.17638,Plein jour,Hors agglomération,Hors intersection,Pluie légère,Deux véhicules - arrière,,,,,,,,,,,1,1,1,2.0,2.0
201700040946,0017-03-14 18:00:00,17,3,14,18,0,920,63,"****, JUIN (AVENUE DU MA",,,Plein jour,En agglomération,Intersection en X,Normale,Deux véhicules - côté,,,,,,,,,,,1,2,2,1.0,3.0
201700040947,0017-12-08 08:20:00,17,12,8,8,20,920,63,"76, ALBERT 1ER (AVENUE)",48.88416,2.17428,Nuit avec éclairage non allumé,En agglomération,Hors intersection,Pluie légère,Autre collision,,,,,,,,,,,4,2,1,2.0,6.0
201700040948,0017-03-21 14:00:00,17,3,21,14,0,920,63,"114, BROSSOLETTE (RUE PI",48.88438,2.18735,Plein jour,En agglomération,Hors intersection,Normale,Autre collision,,,,,,,,,,,1,2,1,1.0,6.0
201700040949,0017-12-08 17:10:00,17,12,8,17,10,920,63,"24, FLAUBERT (RUE GUSTAV",48.8693,2.20336,Nuit avec éclairage non allumé,En agglomération,Intersection en T,Pluie légère,Autre collision,,,,,,,,,,,4,2,3,2.0,6.0
201700040950,0017-03-24 09:05:00,17,3,24,9,5,920,63,"****, BONS RAISINS (RUE",,,Plein jour,En agglomération,Intersection en Y,Normale,Autre collision,,,,,,,,,,,1,2,4,1.0,6.0
201700040951,0017-12-09 20:15:00,17,12,9,20,15,920,63,"49, HUGO (AVENUE VICTOR)",48.88465,2.1778,Nuit avec éclairage allumé,En agglomération,Hors intersection,Normale,Deux véhicules - frontale,,,,,,,,,,,5,2,1,1.0,1.0
201700040952,0017-03-24 13:50:00,17,3,24,13,50,920,63,"91, NATIONAL (BOULEVARD)",,,Plein jour,En agglomération,Hors intersection,Normale,Autre collision,,,,,,,,,,,1,2,1,1.0,6.0
201700040953,0017-12-18 23:20:00,17,12,18,23,20,920,63,"19, COLONIEU (RUE DU GEN",48.85612,2.19032,Nuit avec éclairage allumé,En agglomération,Hors intersection,Pluie légère,Autre collision,,,,,,,,,,,5,2,1,2.0,6.0
201700040954,0017-03-29 12:00:00,17,3,29,12,0,920,63,"****, BESCHES (PLACE LOU",,,Plein jour,En agglomération,Hors intersection,Normale,Autre collision,,,,,,,,,,,1,2,1,1.0,6.0
201700040955,0017-12-23 10:40:00,17,12,23,10,40,920,63,"121, DIX-HUIT JUIN 1940",48.8669,2.20008,Plein jour,En agglomération,Hors intersection,Normale,Autre collision,,,,,,,,,,,1,2,1,1.0,6.0