accident_id,datetime,annee,mois,jour,heure,minute,departement,commune_insee,adresse,latitude,longitude,luminosite,agglomeration,intersection,meteo,collision,nb_vehicules,nb_usagers,nb_indemnes,nb_tues,nb_blesses_hosp,nb_blesses_legers,age_cond_1,age_cond_2,veh_type_cond_1,veh_type_cond_2,lum_code,agg_code,int_code,atm_code,col_code
201700040956,0017-03-29 17:10:00,17,3,29,17,10,920,63,"88, DOUMER (AVENUE PAUL)",,,Plein jour,En agglomération,Hors intersection,Normale,Sans collision,,,,,,,,,,,1,2,1,1.0,7.0
201700040957,0017-12-28 12:00:00,17,12,28,12,0,920,63,"150, DIX-HUIT JUIN 1940",48.86672,2.20066,Plein jour,En agglomération,Intersection en T,Normale,Deux véhicules - arrière,,,,,,,,,,,1,2,3,1.0,2.0
201700040958,0017-04-03 09:10:00,17,4,3,9,10,920,63,"****, DANTON (RUE)",,,Plein jour,En agglomération,Giratoire,Normale,Deux véhicules - arrière,,,,,,,,,,,1,2,6,1.0,2.0
201700040959,0017-04-03 11:20:00,17,4,3,11,20,920,63,"10, SOLFERINO (BOULEVARD",,,Plein jour,En agglomération,Hors intersection,Normale,Autre collision,,,,,,,,,,,1,2,1,1.0,6.0
201700040960,0017-04-14 16:20:00,17,4,14,16,20,920,63,"178, DIX-HUIT JUIN 1940",,,Plein jour,En agglomération,Hors intersection,Normale,Autre collision,,,,,,,,,,,1,2,1,1.0,6.0
201700040961,0017-04-17 23:15:00,17,4,17,23,15,920,63,"39, HUGO (AVENUE VICTOR)",,,Nuit avec éclairage allumé,En agglomération,Intersection en X,Normale,Deux véhicules - côté,,,,,,,,,,,5,2,2,1.0,3.0
201700040962,0017-04-18 16:55:00,17,4,18,16,55,920,63,"99, EMPEREUR (ROUTE DE L",,,Plein jour,En agglomération,Hors intersection,Normale,Autre collision,,,,,,,,,,,1,2,1,1.0,6.0
201700040963,0017-04-22 20:15:00,17,4,22,20,15,920,63,"****, LAURIN (RUE)",,,Crépuscule ou aube,En agglomération,Intersection en X,Normale,Deux véhicules - côté,,,,,,,,,,,2,2,2,1.0,3.0
201700040964,0017-04-29 15:45:00,17,4,29,15,45,920,63,"232, BONAPARTE (AVENUE N",,,Plein jour,En agglomération,Hors intersection,Normale,Deux véhicules - arrière,,,,,,,,,,,1,2,1,1.0,2.0
201700040965,0017-05-02 17:20:00,17,5,2,17,20,920,63,MASSENA (RUE),48.87325,2.18434,Plein jour,En agglomération,Hors intersection,Normale,Autre collision,,,,,,,,,,,1,2,1,1.0,6.0
201700040966,0017-05-03 18:15:00,17,5,3,18,15,920,63,"69, DIX-HUIT JUIN 1940 (",48.86959,2.19962,Plein jour,En agglomération,Hors intersection,Normale,Autre collision,,,,,,,,,,,1,2,1,1.0,6.0
201700040967,0017-03-26 06:36:00,17,3,26,6,36,920,63,PAUL DOUMER (AVENUE),48.88181,2.18555,Crépuscule ou aube,En agglomération,Intersection en T,Normale,Autre collision,,,,,,,,,,,2,2,3,1.0,6.0
201700040968,0017-05-27 20:10:00,17,5,27,20,10,920,63,"35, HAUTE (RUE)",48.87642,2.18784,Plein jour,En agglomération,Hors intersection,Normale,Autre collision,,,,,,,,,,,1,2,1,1.0,6.0
201700040969,0017-05-29 09:30:00,17,5,29,9,30,920,63,"01 bis, IMPERATRICE JOSE",48.87439,2.17335,Plein jour,En agglomération,Hors intersection,Normale,Deux véhicules - côté,,,,,,,,,,,1,2,1,1.0,3.0
201700040970,0017-05-29 12:00:00,17,5,29,12,0,920,63,"****, COLMAR (AVENUE DE)",48.88874,2.18543,Plein jour,En agglomération,Intersection en X,Normale,Deux véhicules - côté,,,,,,,,,,,1,2,2,1.0,3.0
201700040971,0017-06-01 02:25:00,17,6,1,2,25,920,63,"34, RICHELIEU (BOULEVARD",48.87007,2.18478,Nuit avec éclairage allumé,En agglomération,Hors intersection,Normale,Autre collision,,,,,,,,,,,5,2,1,1.0,6.0
201700040972,0017-06-01 16:15:00,17,6,1,16,15,920,63,"44, BONS RAISINS (RUE DE",48.87276,2.19435,Plein jour,En agglomération,Hors intersection,Normale,Autre collision,,,,,,,,,,,1,2,1,1.0,6.0
201700040973,0017-06-03 13:50:00,17,6,3,13,50,920,63,"24, HOPITAL STELL (BOULE",48.87276,2.19435,Plein jour,En agglomération,Hors intersection,Normale,Deux véhicules - arrière,,,,,,,,,,,1,2,1,1.0,2.0
201700040974,0017-06-07 23:10:00,17,6,7,23,10,920,63,"****, CHATOU (PONT DE)",48.88801,2.16443,Nuit avec éclairage allumé,En agglomération,Hors intersection,Normale,Deux véhicules - côté,,,,,,,,,,,5,2,1,1.0,3.0
201700040975,0017-06-13 11:50:00,17,6,13,11,50,920,63,"12, MAUREPAS (RUE DE)",48.87831,2.18184,Plein jour,En agglomération,Hors intersection,Normale,Autre collision,,,,,,,,,,,1,2,1,1.0,6.0
201700040976,0017-06-13 20:50:00,17,6,13,20,50,920,63,"40, RICHELIEU (BOULEVARD",48.86917,2.18602,Plein jour,En agglomération,Intersection en Y,Normale,Autre collision,,,,,,,,,,,1,2,4,1.0,6.0
201700040977,0017-06-15 19:20:00,17,6,15,19,20,920,63,"344, BONAPARTE (AVENUE N",48.86975,2.15781,Plein jour,En agglomération,Hors intersection,Normale,Deux véhicules - côté,,,,,,,,,,,1,2,1,1.0,3.0
201700040978,0017-06-16 13:15:00,17,6,16,13,15,920,63,"192, DOUMER (AVENUE PAUL",48.87873,2.17701,Plein jour,En agglomération,Intersection en T,Normale,Autre collision,,,,,,,,,,,1,2,3,1.0,6.0
201700040979,0017-06-20 00:30:00,17,6,20,0,30,920,63,"81, DOUMER (AVENUE PAUL)",48.8804,2.18243,Nuit avec éclairage allumé,En agglomération,Hors intersection,Normale,Deux véhicules - arrière,,,,,,,,,,,5,2,1,1.0,2.0
201700040980,0017-07-05 00:30:00,17,7,5,0,30,920,63,"****, MASSENA (RUE)",48.87347,2.17921,Nuit avec éclairage allumé,En agglomération,Intersection en X,Normale,Deux véhicules - côté,,,,,,,,,,,5,2,2,1.0,3.0
201700040981,0017-07-13 13:40:00,17,7,13,13,40,920,63,"66, BONS RAISINS (RUE DE",48.87275,2.19434,Plein jour,En agglomération,Hors intersection,Normale,Autre collision,,,,,,,,,,,1,2,1,1.0,6.0
201700040982,0017-07-20 18:10:00,17,7,20,18,10,920,63,"105, DOUMER (AVENUE PAUL",48.87961,2.18023,Plein jour,En agglomération,Hors intersection,Normale,Autre collision,,,,,,,,,,,1,2,1,1.0,6.0
201700040983,0017-07-24 13:50:00,17,7,24,13,50,920,63,"****, GIQUEL (QUAI ADOLP",48.88825,2.16448,Plein jour,En agglomération,Intersection en T,Normale,Autre collision,,,,,,,,,,,1,2,3,1.0,6.0
201700040984,0017-07-25 07:55:00,17,7,25,7,55,920,63,"18, BELLE RIVE (BOULEVAR",48.88053,2.15929,Plein jour,En agglomération,Hors intersection,Normale,Autre collision,,,,,,,,,,,1,2,1,1.0,6.0
201700040985,0017-07-25 19:30:00,17,7,25,19,30,920,50,"****, FRACHON BENOIT AVE",48.892,2.18987,Plein jour,En agglomération,Hors intersection,Normale,Deux véhicules - côté,,,,,,,,,,,1,2,1,1.0,3.0
201700040986,0017-07-27 17:30:00,17,7,27,17,30,920,63,"42, RICHELIEU (BOULEVARD",48.87091,2.18396,Plein jour,En agglomération,Hors intersection,Normale,Trois véhicules et plus - en chaîne,,,,,,,,,,,1,2,1,1.0,4.0
201700040987,0017-07-29 16:45:00,17,7,29,16,45,920,63,"168, DOUMER (AVENUE PAUL",48.87942,2.17904,Plein jour,En agglomération,Hors intersection,Normale,Deux véhicules - arrière,,,,,,,,,,,1,2,1,1.0,2.0
201700040988,0017-08-11 21:30:00,17,8,11,21,30,920,63,"****, HOPITAL STELL (BOU",48.87973,2.18562,Plein jour,En agglomération,Intersection en T,Normale,Deux véhicules - côté,,,,,,,,,,,1,2,3,1.0,3.0
201700040989,0017-08-13 18:45:00,17,8,13,18,45,920,63,"32, DIX-HUIT JUIN 1940 (",48.86822,2.19134,Plein jour,En agglomération,Hors intersection,Normale,Deux véhicules - frontale,,,,,,,,,,,1,2,1,1.0,1.0
201700040990,0017-09-01 19:40:00,17,9,1,19,40,920,63,"07, FLOQUET (RUE CHARLES",48.87421,2.17817,Plein jour,En agglomération,Hors intersection,Pluie légère,Deux véhicules - arrière,,,,,,,,,,,1,2,1,2.0,2.0
201700040991,0017-09-11 10:40:00,17,9,11,10,40,920,63,"****, NATIONAL (BOULEVAR",48.88565,2.18944,Plein jour,En agglomération,Intersection en X,Normale,Deux véhicules - côté,,,,,,,,,,,1,2,2,1.0,3.0
201700040992,0017-09-14 22:15:00,17,9,14,22,15,920,63,"68, GUIONIS (RUE DU DOCT",48.88617,2.18401,Nuit avec éclairage allumé,En agglomération,Hors intersection,Normale,Autre collision,,,,,,,,,,,5,2,1,1.0,6.0
201700040993,0017-09-13 10:15:00,17,9,13,10,15,920,63,"248, EMPEREUR (ROUTE DE",48.86163,2.18464,Plein jour,En agglomération,Hors intersection,Normale,Deux véhicules - côté,,,,,,,,,,,1,2,1,1.0,3.0
201700040994,0017-09-19 17:45:00,17,9,19,17,45,920,63,"118, DOUMER (AVENUE PAUL",48.88122,2.18423,Plein jour,En agglomération,Intersection en X,Normale,Deux véhicules - arrière,,,,,,,,,,,1,2,2,1.0,2.0
201700040995,0017-09-21 18:20:00,17,9,21,18,20,920,63,"****, EMPEREUR (ROUTE DE",48.86896,2.17379,Plein jour,En agglomération,Intersection en T,Normale,Deux véhicules - côté,,,,,,,,,,,1,2,3,1.0,3.0
201700040996,0017-01-06 08:30:00,17,1,6,8,30,920,64,"33, CARNOT",,,Plein jour,En agglomération,Hors intersection,Normale,Autre collision,,,,,,,,,,,1,2,1,1.0,6.0
201700040997,0017-01-23 19:10:00,17,1,23,19,10,920,64,"26, CARNOT",,,Plein jour,En agglomération,Hors intersection,Normale,Deux véhicules - arrière,,,,,,,,,,,1,2,1,1.0,2.0
201700040998,0017-01-24 08:35:00,17,1,24,8,35,920,33,", CROISSANTS",,,Plein jour,En agglomération,Hors intersection,Normale,Autre collision,,,,,,,,,,,1,2,1,1.0,6.0
201700040999,0017-01-25 16:06:00,17,1,25,16,6,920,76,", JARDY HARAS",,,Plein jour,En agglomération,Hors intersection,Normale,Trois véhicules et plus - en chaîne,,,,,,,,,,,1,2,1,1.0,4.0
201700041000,0017-01-27 03:10:00,17,1,27,3,10,920,33,"5, TOULON",,,Nuit avec éclairage allumé,En agglomération,Hors intersection,Autre,Sans collision,,,,,,,,,,,5,2,1,9.0,7.0
201700041001,0017-01-28 13:20:00,17,1,28,13,20,920,33,"27, SURESNES",,,Plein jour,En agglomération,Hors intersection,Normale,Sans collision,,,,,,,,,,,1,2,1,1.0,7.0
201700041002,0017-01-28 14:30:00,17,1,28,14,30,920,64,"15, PASTEUR",,,Plein jour,En agglomération,Hors intersection,Normale,Trois véhicules et plus - collisions multiples,,,,,,,,,,,1,2,1,1.0,5.0
201700041003,0017-02-06 08:30:00,17,2,6,8,30,920,33,"29, PORTE JAUNE",,,Plein jour,En agglomération,Autre intersection,Normale,Deux véhicules - côté,,,,,,,,,,,1,2,9,1.0,3.0
201700041004,0017-02-07 20:40:00,17,2,7,20,40,920,64,"151, BUZENVAL",,,Nuit avec éclairage allumé,En agglomération,Hors intersection,Normale,Autre collision,,,,,,,,,,,5,2,1,1.0,6.0
201700041005,0017-02-09 20:25:00,17,2,9,20,25,920,64,"0, REPUBLIQUE",,,Nuit avec éclairage allumé,En agglomération,Intersection à plus de 4 branches,Normale,Autre collision,,,,,,,,,,,5,2,5,1.0,6.0
201700041006,0017-02-18 04:45:00,17,2,18,4,45,920,33,"5, SYLVAIN VIGNERAS",,,Nuit avec éclairage allumé,En agglomération,Hors intersection,Normale,Autre collision,,,,,,,,,,,5,2,1,1.0,6.0
201700041007,0017-02-18 11:30:00,17,2,18,11,30,920,64,"0, PALAIS",,,Plein jour,En agglomération,Hors intersection,Normale,Deux véhicules - arrière,,,,,,,,,,,1,2,1,1.0,2.0
201700041008,0017-02-18 13:30:00,17,2,18,13,30,920,33,"09, DIX NEUF JANVIER",,,Plein jour,En agglomération,Hors intersection,Normale,Sans collision,,,,,,,,,,,1,2,1,1.0,7.0
201700041009,0017-02-19 19:00:00,17,2,19,19,0,920,76,"108, REPUBLIQUE",,,Crépuscule ou aube,En agglomération,Hors intersection,Normale,Sans collision,,,,,,,,,,,2,2,1,1.0,7.0
201700041010,0017-02-24 20:00:00,17,2,24,20,0,920,64,"0, MARECHAL JUIN",,,Nuit avec éclairage allumé,En agglomération,Hors intersection,Normale,Trois véhicules et plus - collisions multiples,,,,,,,,,,,5,2,1,1.0,5.0
201700041011,0017-02-27 14:35:00,17,2,27,14,35,920,47,"74, RAYMOND POINCARE",,,Plein jour,En agglomération,Hors intersection,Normale,Trois véhicules et plus - en chaîne,,,,,,,,,,,1,2,1,1.0,4.0
201700041012,0017-03-02 08:15:00,17,3,2,8,15,920,64,"18BIS, DAILLY",,,Plein jour,En agglomération,Hors intersection,Normale,Autre collision,,,,,,,,,,,1,2,1,1.0,6.0
201700041013,0017-03-02 10:40:00,17,3,2,10,40,920,33,"110, PORTE JAUNE",,,Plein jour,En agglomération,Intersection en X,Normale,Deux véhicules - côté,,,,,,,,,,,1,2,2,1.0,3.0
201700041014,0017-03-03 09:45:00,17,3,3,9,45,920,76,", JARDY",,,Plein jour,En agglomération,Hors intersection,Normale,Deux véhicules - côté,,,,,,,,,,,1,2,1,1.0,3.0
201700041015,0017-03-07 17:00:00,17,3,7,17,0,920,33,"96, RAYMOND POINCARE",,,Plein jour,En agglomération,Hors intersection,Normale,Autre collision,,,,,,,,,,,1,2,1,1.0,6.0
201700041016,0017-03-09 18:10:00,17,3,9,18,10,920,64,", MARCEL DASSAULT",,,Plein jour,En agglomération,Hors intersection,Normale,Autre collision,,,,,,,,,,,1,2,1,1.0,6.0
201700041017,0017-03-10 08:20:00,17,3,10,8,20,920,64,"185, REPUBLIQUE",,,Plein jour,En agglomération,Hors intersection,Normale,Deux véhicules - arrière,,,,,,,,,,,1,2,1,1.0,2.0
201700041018,0017-03-13 07:50:00,17,3,13,7,50,920,64,"0, MARECHAL JUIN",,,Plein jour,En agglomération,Hors intersection,Normale,Deux véhicules - arrière,,,,,,,,,,,1,2,1,1.0,2.0
201700041019,0017-03-14 16:20:00,17,3,14,16,20,920,64,"1, CAMP CANADIEN",,,Plein jour,En agglomération,Hors intersection,Normale,Sans collision,,,,,,,,,,,1,2,1,1.0,7.0
201700041020,0017-03-15 18:05:00,17,3,15,18,5,920,64,"35, DAILLY",,,Plein jour,En agglomération,Hors intersection,Normale,Deux véhicules - côté,,,,,,,,,,,1,2,1,1.0,3.0
201700041021,0017-03-25 10:15:00,17,3,25,10,15,920,33,"115, BUZENVAL",,,Plein jour,En agglomération,Hors intersection,Normale,Deux véhicules - arrière,,,,,,,,,,,1,2,1,1.0,2.0
201700041022,0017-03-28 09:10:00,17,3,28,9,10,920,64,"0, MARECHAL JUIN",,,Plein jour,En agglomération,Hors intersection,Normale,Sans collision,,,,,,,,,,,1,2,1,1.0,7.0
201700041023,0017-04-02 14:35:00,17,4,2,14,35,920,64,"0, MARCEL DASSAULT",,,Plein jour,En agglomération,Intersection en T,Normale,Deux véhicules - côté,,,,,,,,,,,1,2,3,1.0,3.0
201700041024,0017-04-06 21:10:00,17,4,6,21,10,920,64,"0, GOUNOD",,,Nuit avec éclairage allumé,En agglomération,Intersection en T,Normale,Deux véhicules - côté,,,,,,,,,,,5,2,3,1.0,3.0
201700041025,0017-04-14 19:05:00,17,4,14,19,5,920,64,"0, MARIUS FRANAY",,,Plein jour,En agglomération,Intersection en X,Normale,Deux véhicules - côté,,,,,,,,,,,1,2,2,1.0,3.0
201700041026,0017-04-25 08:06:00,17,4,25,8,6,920,33,"130, PORTE JAUNE",,,Plein jour,En agglomération,Intersection en T,Pluie légère,Deux véhicules - côté,,,,,,,,,,,1,2,3,2.0,3.0
201700041027,0017-04-27 08:30:00,17,4,27,8,30,920,64,"69, MARCEL DASSAULT",,,Plein jour,Hors agglomération,Hors intersection,Normale,Autre collision,,,,,,,,,,,1,1,1,1.0,6.0
201700041028,0017-05-04 09:20:00,17,5,4,9,20,920,64,"29, D'ORLEANS",,,Plein jour,En agglomération,Hors intersection,Normale,Deux véhicules - côté,,,,,,,,,,,1,2,1,1.0,3.0
201700041029,0017-05-12 09:20:00,17,5,12,9,20,920,64,"30, ROYALE",,,Plein jour,En agglomération,Intersection en T,Normale,Deux véhicules - côté,,,,,,,,,,,1,2,3,1.0,3.0
201700041030,0017-05-24 19:00:00,17,5,24,19,0,920,76,"00, SAINT GILLES",,,Plein jour,En agglomération,Intersection en X,Normale,Deux véhicules - côté,,,,,,,,,,,1,2,2,1.0,3.0
201700041031,0017-05-28 17:32:00,17,5,28,17,32,920,64,"73, MARCEL DASSAULT",,,Plein jour,En agglomération,Hors intersection,Normale,Deux véhicules - côté,,,,,,,,,,,1,2,1,1.0,3.0
201700041032,0017-05-29 19:35:00,17,5,29,19,35,920,64,"00, GEORGES CLEMENCEAU",,,Plein jour,En agglomération,Hors intersection,Normale,Sans collision,,,,,,,,,,,1,2,1,1.0,7.0
201700041033,0017-06-02 16:50:00,17,6,2,16,50,920,64,"42, DAILLY",48.84425,2.21731,Plein jour,En agglomération,Hors intersection,Pluie légère,Deux véhicules - arrière,,,,,,,,,,,1,2,1,2.0,2.0
201700041034,0017-06-06 18:00:00,17,6,6,18,0,920,64,"42BIS, DAILLY",48.84446,2.21736,Plein jour,En agglomération,Hors intersection,Pluie légère,Deux véhicules - côté,,,,,,,,,,,1,2,1,2.0,3.0
201700041035,0017-06-10 19:10:00,17,6,10,19,10,920,64,PARC SAINT CLOUD,48.83804,2.21431,Plein jour,Hors agglomération,Hors intersection,Normale,Deux véhicules - arrière,,,,,,,,,,,1,1,1,1.0,2.0
201700041036,0017-06-13 16:40:00,17,6,13,16,40,920,64,"153, BUZENVAL",48.85326,2.20099,Plein jour,En agglomération,Hors intersection,Normale,Deux véhicules - arrière,,,,,,,,,,,1,2,1,1.0,2.0
201700041037,0017-06-12 20:20:00,17,6,12,20,20,920,64,"179, REPUBLIQUE",48.85542,2.21166,Plein jour,En agglomération,Hors intersection,Normale,Deux véhicules - côté,,,,,,,,,,,1,2,1,1.0,3.0
201700041038,0017-06-20 18:48:00,17,6,20,18,48,920,33,"48, DOCTEUR DEBAT",48.85102,2.19971,Plein jour,En agglomération,Intersection en T,Normale,Deux véhicules - côté,,,,,,,,,,,1,2,3,1.0,3.0
201700041039,0017-06-22 10:40:00,17,6,22,10,40,920,64,"1527, MARCEL DASSAULT",48.85509,2.22295,Plein jour,Hors agglomération,Hors intersection,Normale,Trois véhicules et plus - en chaîne,,,,,,,,,,,1,1,1,1.0,4.0
201700041040,0017-06-27 16:50:00,17,6,27,16,50,920,33,"106, GENERAL DE GAULLE",48.83991,2.19124,Plein jour,En agglomération,Intersection en T,Pluie légère,Sans collision,,,,,,,,,,,1,2,3,2.0,7.0
201700041041,0017-06-30 20:35:00,17,6,30,20,35,920,33,"98, GENERAL DE GAULLE",48.84016,2.19219,Crépuscule ou aube,En agglomération,Hors intersection,Normale,Deux véhicules - arrière,,,,,,,,,,,2,2,1,1.0,2.0
201700041042,0017-07-03 23:15:00,17,7,3,23,15,920,76,"01, PROF VICTOR PAUCHET",48.84721,2.18082,Nuit avec éclairage allumé,En agglomération,Hors intersection,Normale,Sans collision,,,,,,,,,,,5,2,1,1.0,7.0
201700041043,0017-07-08 03:30:00,17,7,8,3,30,920,33,"0, HENRI FONTAINE",48.84321,2.17438,Nuit avec éclairage allumé,En agglomération,Giratoire,Normale,Sans collision,,,,,,,,,,,5,2,6,1.0,7.0
201700041044,0017-07-10 16:00:00,17,7,10,16,0,920,64,"17, DAILLY",48.84374,2.22041,Plein jour,En agglomération,Hors intersection,Pluie légère,Deux véhicules - frontale,,,,,,,,,,,1,2,1,2.0,1.0
201700041045,0017-07-10 20:15:00,17,7,10,20,15,920,47,"0, JARDY",48.8315,2.15272,Plein jour,Hors agglomération,Hors intersection,Pluie légère,Trois véhicules et plus - en chaîne,,,,,,,,,,,1,1,1,2.0,4.0
201700041046,0017-07-13 19:50:00,17,7,13,19,50,920,64,"65, MARCEL DASSAULT",48.85492,2.22255,Plein jour,En agglomération,Hors intersection,Normale,Trois véhicules et plus - collisions multiples,,,,,,,,,,,1,2,1,1.0,5.0
201700041047,0017-07-15 20:10:00,17,7,15,20,10,920,64,"1, MAGENTA PLACE",48.84243,2.20699,Plein jour,En agglomération,Place,Normale,Trois véhicules et plus - en chaîne,,,,,,,,,,,1,2,7,1.0,4.0
201700041048,0017-07-17 09:15:00,17,7,17,9,15,920,64,"21, CALVAIRE",48.84719,2.21846,Plein jour,En agglomération,Hors intersection,Normale,Deux véhicules - arrière,,,,,,,,,,,1,2,1,1.0,2.0
201700041049,0017-07-17 17:35:00,17,7,17,17,35,920,33,MARECHAL LECLERC,48.84457,2.18687,Plein jour,En agglomération,Autre intersection,Normale,Autre collision,,,,,,,,,,,1,2,9,1.0,6.0
201700041050,0017-07-19 19:40:00,17,7,19,19,40,920,64,"23, GOUNOD",48.84271,2.21135,Plein jour,En agglomération,Hors intersection,Temps couvert,Deux véhicules - frontale,,,,,,,,,,,1,2,1,8.0,1.0
201700041051,0017-07-27 15:35:00,17,7,27,15,35,920,33,", LYAUTEY",48.84293,2.19554,Plein jour,En agglomération,Intersection en Y,Normale,Autre collision,,,,,,,,,,,1,2,4,1.0,6.0
201700041052,0017-07-31 17:55:00,17,7,31,17,55,920,33,"2, DIX NEUF JANVIER",48.84908,2.20103,Plein jour,En agglomération,Hors intersection,Normale,Deux véhicules - côté,,,,,,,,,,,1,2,1,1.0,3.0
201700041053,0017-08-14 13:15:00,17,8,14,13,15,920,76,"16, LA CELLE SAINT CLOUD",48.84474,2.17303,Plein jour,En agglomération,Intersection en X,Normale,Autre collision,,,,,,,,,,,1,2,2,1.0,6.0
201700041054,0017-08-14 22:15:00,17,8,14,22,15,920,47,"1, MARCHE",48.83745,2.1562,Nuit avec éclairage allumé,En agglomération,Giratoire,Normale,Autre collision,,,,,,,,,,,5,2,6,1.0,6.0
201700041055,0017-08-16 21:20:00,17,8,16,21,20,920,76,"1, VILLEPREUX",48.84077,2.14587,Nuit avec éclairage allumé,En agglomération,Autre intersection,Normale,Autre collision,,,,,,,,,,,5,2,9,1.0,6.0
201700041056,0017-08-25 07:54:00,17,8,25,7,54,920,33,"13 BIS, PORTE JAUNE",48.84645,2.19453,Plein jour,En agglomération,Hors intersection,Normale,Autre collision,,,,,,,,,,,1,2,1,1.0,6.0
201700041057,0017-09-08 01:20:00,17,9,8,1,20,920,64,"38, DAILLY",48.84578,2.2179,Nuit avec éclairage allumé,En agglomération,Hors intersection,Normale,Deux véhicules - côté,,,,,,,,,,,5,2,1,1.0,3.0
201700041058,0017-09-11 19:45:00,17,9,11,19,45,920,64,"22, DAILLY",48.84469,2.2032,Crépuscule ou aube,En agglomération,Hors intersection,Normale,Deux véhicules - côté,,,,,,,,,,,2,2,1,1.0,3.0
201700041059,0017-09-14 23:30:00,17,9,14,23,30,920,47,"183, JARDY",48.82495,2.15131,Nuit avec éclairage allumé,Hors agglomération,Hors intersection,Normale,Autre collision,,,,,,,,,,,5,1,1,1.0,6.0
201700041060,0017-09-19 09:20:00,17,9,19,9,20,920,64,"112, REPUBLIQUE",48.84926,2.21379,Plein jour,En agglomération,Hors intersection,Pluie légère,Sans collision,,,,,,,,,,,1,2,1,2.0,7.0
201700041061,0017-09-22 18:00:00,17,9,22,18,0,920,76,"63, REPUBLIQUE",48.83778,2.15742,Plein jour,En agglomération,Hors intersection,Normale,Deux véhicules - côté,,,,,,,,,,,1,2,1,1.0,3.0
201700041062,0017-09-23 11:45:00,17,9,23,11,45,920,76,FOCH,48.84684,2.15274,Plein jour,Hors agglomération,Intersection à plus de 4 branches,Normale,Deux véhicules - côté,,,,,,,,,,,1,1,5,1.0,3.0
201700041063,0017-09-24 09:50:00,17,9,24,9,50,920,64,PIGACHE,48.84671,2.20788,Plein jour,En agglomération,Intersection en X,Normale,Deux véhicules - côté,,,,,,,,,,,1,2,2,1.0,3.0
201700041064,0017-09-26 09:45:00,17,9,26,9,45,920,64,"35, DAILLY",48.84513,2.21758,Plein jour,En agglomération,Hors intersection,Normale,Sans collision,,,,,,,,,,,1,2,1,1.0,7.0
201700041065,0017-09-28 18:40:00,17,9,28,18,40,920,64,"68, MARCEL DASSAULT",48.85492,2.2271,Crépuscule ou aube,En agglomération,Hors intersection,Normale,Deux véhicules - côté,,,,,,,,,,,2,2,1,1.0,3.0
201700041066,0017-10-01 09:40:00,17,10,1,9,40,920,47,JARDY,,,Plein jour,En agglomération,Hors intersection,Pluie légère,Autre collision,,,,,,,,,,,1,2,1,2.0,6.0
201700041067,0017-10-10 19:10:00,17,10,10,19,10,920,33,"15, SURESNES",,,Nuit avec éclairage allumé,En agglomération,Hors intersection,Normale,Sans collision,,,,,,,,,,,5,2,1,1.0,7.0
201700041068,0017-10-12 17:32:00,17,10,12,17,32,920,33,", GUSTAVE LAMBERT",48.84058,2.19359,Plein jour,En agglomération,Intersection en T,Normale,Deux véhicules - côté,,,,,,,,,,,1,2,3,1.0,3.0
201700041069,0017-10-14 16:50:00,17,10,14,16,50,920,64,"10, CAMP CANADIEN",48.85286,2.20591,Plein jour,En agglomération,Hors intersection,Normale,Deux véhicules - côté,,,,,,,,,,,1,2,1,1.0,3.0
201700041070,0017-10-24 17:50:00,17,10,24,17,50,920,64,"47, CARNOT",48.85091,2.22348,Plein jour,En agglomération,Hors intersection,Normale,Deux véhicules - côté,,,,,,,,,,,1,2,1,1.0,3.0
201700041071,0017-10-29 20:00:00,17,10,29,20,0,920,33,"42, RAYMOND POINCARE",48.83826,2.18185,Nuit avec éclairage allumé,En agglomération,Hors intersection,Temps couvert,Deux véhicules - arrière,,,,,,,,,,,5,2,1,8.0,2.0
201700041072,0017-10-31 09:15:00,17,10,31,9,15,920,64,"8, MICHEL SALLES",48.85686,2.21051,Plein jour,En agglomération,Hors intersection,Normale,Deux véhicules - côté,,,,,,,,,,,1,2,1,1.0,3.0
201700041073,0017-11-09 15:50:00,17,11,9,15,50,920,33,"55, SYLVAIN VIGNERAS",48.8467,2.19269,Plein jour,En agglomération,Intersection en T,Normale,Autre collision,,,,,,,,,,,1,2,3,1.0,6.0
201700041074,0017-11-10 17:02:00,17,11,10,17,2,920,64,"18, CARNOT",,,Plein jour,En agglomération,Hors intersection,Normale,Autre collision,,,,,,,,,,,1,2,1,1.0,6.0
201700041075,0017-12-01 18:00:00,17,12,1,18,0,920,64,"66, MARCEL DASSAULT",48.85832,2.22944,Nuit avec éclairage allumé,En agglomération,Hors intersection,Normale,Deux véhicules - côté,,,,,,,,,,,5,2,1,1.0,3.0
201700041076,0017-12-03 21:55:00,17,12,3,21,55,920,64,"1200, MARCEL DASSAULT",48.85514,2.22279,Nuit avec éclairage allumé,En agglomération,Hors intersection,Pluie légère,Sans collision,,,,,,,,,,,5,2,1,2.0,7.0
201700041077,0017-12-05 09:00:00,17,12,5,9,0,920,64,"01, VAL D' OR",48.85967,2.22366,Plein jour,En agglomération,Hors intersection,Normale,Deux véhicules - arrière,,,,,,,,,,,1,2,1,1.0,2.0
201700041078,0017-12-08 09:10:00,17,12,8,9,10,920,64,MARCEL DASSAULT,48.85767,2.22362,Plein jour,En agglomération,Hors intersection,Pluie légère,Sans collision,,,,,,,,,,,1,2,1,2.0,7.0
201700041079,0017-12-11 09:30:00,17,12,11,9,30,920,76,"13, LA CELLE SAINT CLOUD",48.84688,2.15869,Plein jour,En agglomération,Hors intersection,Pluie légère,Sans collision,,,,,,,,,,,1,2,1,2.0,7.0
201700041080,0017-12-13 17:45:00,17,12,13,17,45,920,64,"14, DAILLY",48.5038,2.1314,Nuit avec éclairage allumé,En agglomération,Hors intersection,Pluie légère,Sans collision,,,,,,,,,,,5,2,1,2.0,7.0