accident_id,datetime,annee,mois,jour,heure,minute,departement,commune_insee,adresse,latitude,longitude,luminosite,agglomeration,intersection,meteo,collision,nb_vehicules,nb_usagers,nb_indemnes,nb_tues,nb_blesses_hosp,nb_blesses_legers,age_cond_1,age_cond_2,veh_type_cond_1,veh_type_cond_2,lum_code,agg_code,int_code,atm_code,col_code
201700041450,0017-01-10 18:20:00,17,1,10,18,20,930,5,LOUISE MICHEL (RUE),,,Nuit avec éclairage allumé,En agglomération,Hors intersection,Pluie légère,Autre collision,,,,,,,,,,,5,2,1,2.0,6.0
201700041451,0017-01-16 08:30:00,17,1,16,8,30,930,5,MICHEL ANGE (RUE),,,Plein jour,En agglomération,Hors intersection,Normale,Autre collision,,,,,,,,,,,1,2,1,1.0,6.0
201700041452,0017-01-18 14:00:00,17,1,18,14,0,930,5,SUZANNE LENGLEN (AVENUE),,,Plein jour,En agglomération,Hors intersection,Normale,Deux véhicules - arrière,,,,,,,,,,,1,2,1,1.0,2.0
201700041453,0017-01-24 07:50:00,17,1,24,7,50,930,5,"6, ROME (RUE DE)",,,Crépuscule ou aube,En agglomération,Intersection en X,Temps couvert,Autre collision,,,,,,,,,,,2,2,2,8.0,6.0
201700041454,0017-01-24 14:45:00,17,1,24,14,45,930,5,CLEMENT ADER (RUE),,,Plein jour,En agglomération,Hors intersection,Temps couvert,Deux véhicules - arrière,,,,,,,,,,,1,2,1,8.0,2.0
201700041455,0017-01-30 17:10:00,17,1,30,17,10,930,5,MARECHAL JUIN (AVENUE DU,,,Crépuscule ou aube,En agglomération,Hors intersection,Pluie légère,Autre collision,,,,,,,,,,,2,2,1,2.0,6.0
201700041456,0017-02-04 09:40:00,17,2,4,9,40,930,5,"neant, HENRI BARBUSSE (R",,,Plein jour,En agglomération,Intersection en X,Pluie forte,Deux véhicules - côté,,,,,,,,,,,1,2,2,3.0,3.0
201700041457,0017-02-07 12:07:00,17,2,7,12,7,930,5,QUATORZE JUILLET (AVENUE,,,Plein jour,En agglomération,Hors intersection,Pluie légère,Autre collision,,,,,,,,,,,1,2,1,2.0,6.0
201700041458,0017-02-08 18:35:00,17,2,8,18,35,930,5,CHARLES DE GAULLE [CD115,,,Nuit avec éclairage allumé,En agglomération,Intersection à plus de 4 branches,Normale,Deux véhicules - côté,,,,,,,,,,,5,2,5,1.0,3.0
201700041459,0017-02-12 16:00:00,17,2,12,16,0,930,5,"NEANT, ANDRE CITROEN (BO",,,Plein jour,En agglomération,Hors intersection,Autre,Deux véhicules - frontale,,,,,,,,,,,1,2,1,9.0,1.0
201700041460,0017-02-17 10:20:00,17,2,17,10,20,930,5,PAUL CEZANNE (RUE),,,Plein jour,En agglomération,Hors intersection,Temps couvert,Autre collision,,,,,,,,,,,1,2,1,8.0,6.0
201700041461,0017-02-28 16:55:00,17,2,28,16,55,930,5,", PREFET CHALEIL (CD44)",,,Plein jour,En agglomération,Hors intersection,Normale,Autre collision,,,,,,,,,,,1,2,1,1.0,6.0
201700041462,0017-02-28 20:00:00,17,2,28,20,0,930,5,STRASBOURG (BOULEVARD DE,,,Nuit avec éclairage allumé,En agglomération,Hors intersection,Pluie légère,Autre collision,,,,,,,,,,,5,2,1,2.0,6.0
201700041463,0017-03-01 13:50:00,17,3,1,13,50,930,5,PIMODAN (RUE DE),,,Plein jour,En agglomération,Intersection en X,Pluie forte,Deux véhicules - côté,,,,,,,,,,,1,2,2,3.0,3.0
201700041464,0017-03-02 08:20:00,17,3,2,8,20,930,5,JACQUES DUCLOS [CD44] (R,,,Plein jour,En agglomération,Intersection en T,Normale,Autre collision,,,,,,,,,,,1,2,3,1.0,6.0
201700041465,0017-03-03 08:45:00,17,3,3,8,45,930,5,MAURICE UTRILLO (RUE),,,Plein jour,En agglomération,Intersection en T,Normale,Autre collision,,,,,,,,,,,1,2,3,1.0,6.0
201700041466,0017-03-05 16:15:00,17,3,5,16,15,930,5,ANDRE CITROEN (BOULEVARD,,,Plein jour,En agglomération,Hors intersection,Pluie légère,Autre collision,,,,,,,,,,,1,2,1,2.0,6.0
201700041467,0017-03-05 21:45:00,17,3,5,21,45,930,5,LELIEVRE (AVENUE),,,Nuit avec éclairage allumé,En agglomération,Intersection en X,Normale,Deux véhicules - côté,,,,,,,,,,,5,2,2,1.0,3.0
201700041468,0017-03-07 11:15:00,17,3,7,11,15,930,5,AUGUSTE RENOIR (RUE),,,Plein jour,En agglomération,Hors intersection,Normale,Deux véhicules - frontale,,,,,,,,,,,1,2,1,1.0,1.0
201700041469,0017-03-08 17:55:00,17,3,8,17,55,930,5,JEAN MONET (CARREFOUR),,,Crépuscule ou aube,En agglomération,Hors intersection,Pluie légère,Deux véhicules - arrière,,,,,,,,,,,2,2,1,2.0,2.0
201700041470,0017-03-10 16:35:00,17,3,10,16,35,930,5,"23, CHARLES FLOQUET (BD)",48.93527,2.49906,Plein jour,En agglomération,Hors intersection,Normale,Autre collision,,,,,,,,,,,1,2,1,1.0,6.0
201700041471,0017-03-12 22:00:00,17,3,12,22,0,930,5,LOUIS ARMAND (CARREFOUR),,,Nuit avec éclairage allumé,En agglomération,Hors intersection,Normale,Deux véhicules - arrière,,,,,,,,,,,5,2,1,1.0,2.0
201700041472,0017-03-14 14:45:00,17,3,14,14,45,930,5,GEORGES BRAQUE (BOULEVAR,,,Plein jour,En agglomération,Hors intersection,Normale,Deux véhicules - arrière,,,,,,,,,,,1,2,1,1.0,2.0
201700041473,0017-03-14 16:30:00,17,3,14,16,30,930,5,SEVERINE (RUE),,,Plein jour,En agglomération,Hors intersection,Normale,Autre collision,,,,,,,,,,,1,2,1,1.0,6.0
201700041474,0017-03-17 15:15:00,17,3,17,15,15,930,5,"58, ARTHUR CHEVALIER (RU",,,Plein jour,En agglomération,Hors intersection,Normale,Autre collision,,,,,,,,,,,1,2,1,1.0,6.0
201700041475,0017-03-18 14:20:00,17,3,18,14,20,930,5,"neant, MITRY [CD115] (RO",,,Plein jour,En agglomération,Hors intersection,Pluie légère,Deux véhicules - arrière,,,,,,,,,,,1,2,1,2.0,2.0
201700041476,0017-03-28 21:11:00,17,3,28,21,11,930,5,WALDECK ROUSSEAU (RUE),,,Nuit avec éclairage allumé,En agglomération,Intersection en X,Normale,Deux véhicules - côté,,,,,,,,,,,5,2,2,1.0,3.0
201700041477,0017-03-31 22:00:00,17,3,31,22,0,930,5,"10, MITRY [CD115] (ROUTE",,,Nuit avec éclairage allumé,En agglomération,Intersection en X,Pluie légère,Deux véhicules - côté,,,,,,,,,,,5,2,2,2.0,3.0
201700041478,0017-04-01 07:40:00,17,4,1,7,40,930,5,"31, PREFET CHALEIL (CD44",48.93992,2.50593,Plein jour,En agglomération,Hors intersection,Normale,Deux véhicules - frontale,,,,,,,,,,,1,2,1,1.0,1.0
201700041479,0017-04-07 11:00:00,17,4,7,11,0,930,5,JACQUES DUCLOS [CD44] (R,,,Plein jour,En agglomération,Intersection en X,Normale,Deux véhicules - côté,,,,,,,,,,,1,2,2,1.0,3.0
201700041480,0017-04-09 01:35:00,17,4,9,1,35,930,5,"41, PAVILLONS SOUS BOIS",,,Nuit avec éclairage non allumé,En agglomération,Intersection en T,Normale,Deux véhicules - côté,,,,,,,,,,,4,2,3,1.0,3.0
201700041481,0017-04-09 18:30:00,17,4,9,18,30,930,5,"1, RAOUL DUFY (AVENUE)",,,Plein jour,En agglomération,Hors intersection,Normale,Trois véhicules et plus - en chaîne,,,,,,,,,,,1,2,1,1.0,4.0
201700041482,0017-04-11 11:30:00,17,4,11,11,30,930,5,"0, PAUL CEZANNE (RUE)",,,Plein jour,En agglomération,Hors intersection,Normale,Autre collision,,,,,,,,,,,1,2,1,1.0,6.0
201700041483,0017-04-11 19:10:00,17,4,11,19,10,930,5,"4, VELODROME (RUE DU)",,,Plein jour,En agglomération,Hors intersection,Normale,Autre collision,,,,,,,,,,,1,2,1,1.0,6.0
201700041484,0017-04-11 14:25:00,17,4,11,14,25,930,5,"0, JULES SIMON (RUE)",,,Plein jour,En agglomération,Intersection en X,Normale,Deux véhicules - côté,,,,,,,,,,,1,2,2,1.0,3.0
201700041485,0017-04-11 21:00:00,17,4,11,21,0,930,5,"0, NONNEVILLE (AVENUE DE",,,Nuit avec éclairage allumé,En agglomération,Autre intersection,Normale,Deux véhicules - frontale,,,,,,,,,,,5,2,9,1.0,1.0
201700041486,0017-04-12 19:30:00,17,4,12,19,30,930,5,"0, GEORGES BRAQUE (BOULE",,,Plein jour,En agglomération,Hors intersection,Normale,Trois véhicules et plus - en chaîne,,,,,,,,,,,1,2,1,1.0,4.0
201700041487,0017-04-12 19:00:00,17,4,12,19,0,930,5,"0, ANATOLE FRANCE (AVENU",,,Plein jour,En agglomération,Hors intersection,Normale,Autre collision,,,,,,,,,,,1,2,1,1.0,6.0
201700041488,0017-04-14 18:30:00,17,4,14,18,30,930,5,"132, STRASBOURG (BOULEVA",,,Plein jour,En agglomération,Intersection en X,Normale,Deux véhicules - côté,,,,,,,,,,,1,2,2,1.0,3.0
201700041489,0017-04-15 02:55:00,17,4,15,2,55,930,5,HENRI MATISSE (RUE),,,Nuit avec éclairage allumé,En agglomération,Intersection en X,Normale,Deux véhicules - côté,,,,,,,,,,,5,2,2,1.0,3.0
201700041490,0017-04-18 19:35:00,17,4,18,19,35,930,5,MAXIME GORKI (RUE),,,Plein jour,En agglomération,Hors intersection,Normale,Deux véhicules - arrière,,,,,,,,,,,1,2,1,1.0,2.0
201700041491,0017-04-20 18:00:00,17,4,20,18,0,930,5,JACQUES DUCLOS [CD44] (R,,,Plein jour,En agglomération,Hors intersection,Normale,Autre collision,,,,,,,,,,,1,2,1,1.0,6.0
201700041492,0017-04-20 17:30:00,17,4,20,17,30,930,5,"0, MITRY [CD115] (ROUTE",,,Plein jour,En agglomération,Hors intersection,Normale,Deux véhicules - arrière,,,,,,,,,,,1,2,1,1.0,2.0
201700041493,0017-04-20 21:30:00,17,4,20,21,30,930,5,SUZANNE LENGLEN (AVENUE),,,Nuit avec éclairage non allumé,En agglomération,Hors intersection,Normale,Deux véhicules - frontale,,,,,,,,,,,4,2,1,1.0,1.0
201700041494,0017-04-25 18:25:00,17,4,25,18,25,930,5,MAXIME GORKI (RUE),,,Plein jour,En agglomération,Intersection en T,Normale,Deux véhicules - côté,,,,,,,,,,,1,2,3,1.0,3.0
201700041495,0017-04-26 18:50:00,17,4,26,18,50,930,5,"NEANT, ANDRE CITROEN (BO",,,Plein jour,En agglomération,Giratoire,Pluie légère,Deux véhicules - arrière,,,,,,,,,,,1,2,6,2.0,2.0
201700041496,0017-04-29 06:10:00,17,4,29,6,10,930,5,JEAN MONET (CARREFOUR),,,Crépuscule ou aube,En agglomération,Giratoire,Normale,Deux véhicules - côté,,,,,,,,,,,2,2,6,1.0,3.0
201700041497,0017-05-05 14:45:00,17,5,5,14,45,930,5,"65, BONDY (ROUTE DE)",,,Plein jour,En agglomération,Intersection en X,Normale,Autre collision,,,,,,,,,,,1,2,2,1.0,6.0
201700041498,0017-05-14 21:25:00,17,5,14,21,25,930,5,EDGAR DEGAS (RUE),,,Plein jour,En agglomération,Intersection en X,Normale,Deux véhicules - côté,,,,,,,,,,,1,2,2,1.0,3.0
201700041499,0017-05-15 18:25:00,17,5,15,18,25,930,5,MARECHAL JUIN (AVENUE DU,,,Plein jour,En agglomération,Hors intersection,Normale,Deux véhicules - arrière,,,,,,,,,,,1,2,1,1.0,2.0
201700041500,0017-05-16 13:05:00,17,5,16,13,5,930,5,"03, LILAS (RUE DES)",48.95266,2.51353,Plein jour,En agglomération,Autre intersection,Temps éblouissant,Autre collision,,,,,,,,,,,1,2,9,7.0,6.0
201700041501,0017-05-27 20:00:00,17,5,27,20,0,930,5,HETRES (ALLEE DES),,,Plein jour,En agglomération,Hors intersection,Normale,Deux véhicules - côté,,,,,,,,,,,1,2,1,1.0,3.0
201700041502,0017-05-31 14:30:00,17,5,31,14,30,930,5,"18, GENERAL GALLIENI (BO",48.93131,2.49635,Plein jour,En agglomération,Hors intersection,Normale,Trois véhicules et plus - collisions multiples,,,,,,,,,,,1,2,1,1.0,5.0
201700041503,0017-05-31 00:05:00,17,5,31,0,5,930,5,JACQUES DUCLOS [CD44] (R,,,Nuit avec éclairage allumé,En agglomération,Intersection en T,Normale,Deux véhicules - côté,,,,,,,,,,,5,2,3,1.0,3.0
201700041504,0017-06-02 22:50:00,17,6,2,22,50,930,5,CHARLES GOUPPY (RUE),,,Nuit avec éclairage allumé,En agglomération,Hors intersection,Normale,Deux véhicules - côté,,,,,,,,,,,5,2,1,1.0,3.0
201700041505,0017-06-05 23:10:00,17,6,5,23,10,930,5,MITRY [CD115] (ROUTE DE),,,Nuit avec éclairage allumé,En agglomération,Intersection en X,Normale,Autre collision,,,,,,,,,,,5,2,2,1.0,6.0
201700041506,0017-06-07 13:30:00,17,6,7,13,30,930,5,MITRY [CD115] (RUE DE),,,Plein jour,En agglomération,Autre intersection,Normale,Deux véhicules - arrière,,,,,,,,,,,1,2,9,1.0,2.0
201700041507,0017-06-08 15:00:00,17,6,8,15,0,930,5,MARNE (RUE DE LA),,,Plein jour,En agglomération,Hors intersection,Normale,Deux véhicules - côté,,,,,,,,,,,1,2,1,1.0,3.0
201700041508,0017-06-08 19:45:00,17,6,8,19,45,930,5,JEAN CHARCOT [CD115] (RU,,,Plein jour,En agglomération,Autre intersection,Normale,Deux véhicules - côté,,,,,,,,,,,1,2,9,1.0,3.0
201700041509,0017-06-09 18:00:00,17,6,9,18,0,930,5,PAUL CEZANNE (RUE),48.95235,2.48967,Plein jour,En agglomération,Hors intersection,Normale,Deux véhicules - arrière,,,,,,,,,,,1,2,1,1.0,2.0
201700041510,0017-06-10 20:00:00,17,6,10,20,0,930,5,DOCTEUR FLEMING (RUE DU),,,Plein jour,En agglomération,Intersection en T,Normale,Deux véhicules - côté,,,,,,,,,,,1,2,3,1.0,3.0
201700041511,0017-06-12 09:10:00,17,6,12,9,10,930,5,ROISSY EN FRANCE [CR N9],,,Plein jour,En agglomération,Hors intersection,Normale,Deux véhicules - côté,,,,,,,,,,,1,2,1,1.0,3.0
201700041512,0017-06-12 17:20:00,17,6,12,17,20,930,5,ROISSY EN FRANCE [CR N9],48.95106,2.49141,Plein jour,En agglomération,Intersection en X,Normale,Autre collision,,,,,,,,,,,1,2,2,1.0,6.0
201700041513,0017-06-14 14:00:00,17,6,14,14,0,930,5,"9, JUPITER (PLACE)",,,Plein jour,En agglomération,Hors intersection,Normale,Autre collision,,,,,,,,,,,1,2,1,1.0,6.0
201700041514,0017-06-15 18:30:00,17,6,15,18,30,930,5,GEORGES BRAQUE (BOULEVAR,,,Plein jour,En agglomération,Hors intersection,Normale,Autre collision,,,,,,,,,,,1,2,1,1.0,6.0
201700041515,0017-06-27 17:30:00,17,6,27,17,30,930,5,"12, BRUXELLES (RUE DE)",,,Plein jour,En agglomération,Hors intersection,Pluie légère,Autre collision,,,,,,,,,,,1,2,1,2.0,6.0
201700041516,0017-06-29 12:30:00,17,6,29,12,30,930,5,"121, MITRY [CD115] (RUE",,,Plein jour,En agglomération,Hors intersection,Normale,Deux véhicules - côté,,,,,,,,,,,1,2,1,1.0,3.0
201700041517,0017-07-02 18:40:00,17,7,2,18,40,930,5,LOUISE MICHEL (RUE),48.93171,2.50309,Plein jour,En agglomération,Hors intersection,Normale,Autre collision,,,,,,,,,,,1,2,1,1.0,6.0
201700041518,0017-07-02 18:50:00,17,7,2,18,50,930,5,JEAN CHARCOT [CD115] (RU,,,Plein jour,En agglomération,Hors intersection,Normale,Trois véhicules et plus - collisions multiples,,,,,,,,,,,1,2,1,1.0,5.0
201700041519,0017-07-03 12:10:00,17,7,3,12,10,930,5,COTTAGE (AVENUE DU),,,Plein jour,En agglomération,Intersection en X,Temps couvert,Deux véhicules - côté,,,,,,,,,,,1,2,2,8.0,3.0
201700041520,0017-07-04 17:45:00,17,7,4,17,45,930,5,"27, NONNEVILLE (AVENUE D",,,Plein jour,En agglomération,Hors intersection,Normale,Autre collision,,,,,,,,,,,1,2,1,1.0,6.0
201700041521,0017-07-06 10:15:00,17,7,6,10,15,930,5,"75, JACQUES DUCLOS [CD44",,,Plein jour,En agglomération,Hors intersection,Pluie légère,Deux véhicules - arrière,,,,,,,,,,,1,2,1,2.0,2.0
201700041522,0017-07-07 13:15:00,17,7,7,13,15,930,5,GENERAL GALLIENI (BOULEV,48.93,2.49,Plein jour,En agglomération,Hors intersection,Normale,Deux véhicules - arrière,,,,,,,,,,,1,2,1,1.0,2.0
201700041523,0017-07-11 14:40:00,17,7,11,14,40,930,5,ROBERT BREMOND (RUE),,,Plein jour,Hors agglomération,Hors intersection,Normale,Deux véhicules - frontale,,,,,,,,,,,1,1,1,1.0,1.0
201700041524,0017-07-16 14:40:00,17,7,16,14,40,930,5,"11, LISBONNE (RUE DE)",,,Plein jour,En agglomération,Hors intersection,Normale,Autre collision,,,,,,,,,,,1,2,1,1.0,6.0
201700041525,0017-07-17 13:00:00,17,7,17,13,0,930,5,STRASBOURG (BOULEVARD DE,,,Plein jour,En agglomération,Intersection en X,Normale,Deux véhicules - côté,,,,,,,,,,,1,2,2,1.0,3.0
201700041526,0017-07-14 21:34:00,17,7,14,21,34,930,5,SAULES (RUE DES),48.94933,2.49759,Crépuscule ou aube,En agglomération,Intersection en T,Autre,Autre collision,,,,,,,,,,,2,2,3,9.0,6.0
201700041527,0017-07-20 20:30:00,17,7,20,20,30,930,5,DROITS DE LHOMME (CARREF,,,Crépuscule ou aube,En agglomération,Giratoire,Normale,Deux véhicules - côté,,,,,,,,,,,2,2,6,1.0,3.0
201700041528,0017-07-24 14:57:00,17,7,24,14,57,930,5,JACQUES DAGUERRE (AVENUE,48.9528,2.4668,Plein jour,En agglomération,Hors intersection,Temps couvert,Deux véhicules - côté,,,,,,,,,,,1,2,1,8.0,3.0
201700041529,0017-07-26 06:40:00,17,7,26,6,40,930,5,EUGENE VARLIN (RUE),48.9182,2.4795,Crépuscule ou aube,En agglomération,Giratoire,Normale,Deux véhicules - côté,,,,,,,,,,,2,2,6,1.0,3.0
201700041530,0017-07-28 00:16:00,17,7,28,0,16,930,5,JACQUES DUCLOS [CD44] (R,48.9497,2.49522,Nuit avec éclairage allumé,En agglomération,Hors intersection,Normale,Deux véhicules - côté,,,,,,,,,,,5,2,1,1.0,3.0
201700041531,0017-07-29 15:25:00,17,7,29,15,25,930,5,"26, ALEMBERT (RUE D')",48.91994,2.48438,Plein jour,En agglomération,Hors intersection,Normale,Deux véhicules - côté,,,,,,,,,,,1,2,1,1.0,3.0
201700041532,0017-07-31 18:20:00,17,7,31,18,20,930,5,"83, JEAN JAURES (AVENUE)",48.92311,2.50754,Plein jour,En agglomération,Intersection en X,Normale,Deux véhicules - côté,,,,,,,,,,,1,2,2,1.0,3.0
201700041533,0017-08-08 11:10:00,17,8,8,11,10,930,5,MITRY [CD115] (RUE DE),48.94885,2.51456,Plein jour,En agglomération,Hors intersection,Pluie légère,Autre collision,,,,,,,,,,,1,2,1,2.0,6.0
201700041534,0017-08-12 17:45:00,17,8,12,17,45,930,5,"48, COMMANDANT BRASSEUR",48.93664,2.50279,Plein jour,En agglomération,Intersection en T,Pluie légère,Deux véhicules - côté,,,,,,,,,,,1,2,3,2.0,3.0
201700041535,0017-08-26 00:50:00,17,8,26,0,50,930,5,DROITS DE LHOMME (CARREF,48.93264,2.47431,Nuit sans éclairage public,En agglomération,Intersection en T,Normale,Deux véhicules - frontale,,,,,,,,,,,3,2,3,1.0,1.0
201700041536,0017-08-26 20:30:00,17,8,26,20,30,930,5,ANDRE CITROEN (BOULEVARD,48.95891,2.48834,Crépuscule ou aube,En agglomération,Hors intersection,Normale,Deux véhicules - côté,,,,,,,,,,,2,2,1,1.0,3.0
201700041537,0017-08-28 07:00:00,17,8,28,7,0,930,5,DIVISION LECLERC (RUE DE,48.92856,2.48169,Crépuscule ou aube,En agglomération,Intersection en X,Normale,Deux véhicules - côté,,,,,,,,,,,2,2,2,1.0,3.0
201700041538,0017-08-30 15:00:00,17,8,30,15,0,930,5,EDGAR DEGAS (RUE),48.95559,2.5008,Plein jour,En agglomération,Hors intersection,Normale,Autre collision,,,,,,,,,,,1,2,1,1.0,6.0
201700041539,0017-09-01 17:30:00,17,9,1,17,30,930,5,MARC CHAGALL (BOULEVARD),48.95375,2.5064,Plein jour,En agglomération,Intersection en X,Normale,Deux véhicules - côté,,,,,,,,,,,1,2,2,1.0,3.0
201700041540,0017-09-02 15:00:00,17,9,2,15,0,930,5,"28, MARCEL SEMBAT (RUE)",48.93279,2.48412,Plein jour,En agglomération,Hors intersection,Normale,Deux véhicules - côté,,,,,,,,,,,1,2,1,1.0,3.0
201700041541,0017-09-04 19:50:00,17,9,4,19,50,930,5,ANATOLE FRANCE (AVENUE),48.93333,2.46413,Plein jour,En agglomération,Hors intersection,Normale,Autre collision,,,,,,,,,,,1,2,1,1.0,6.0
201700041542,0017-09-07 17:10:00,17,9,7,17,10,930,5,RAOUL DUFY (AVENUE),48.96335,2.50201,Plein jour,En agglomération,Hors intersection,Normale,Deux véhicules - arrière,,,,,,,,,,,1,2,1,1.0,2.0
201700041543,0017-09-07 19:50:00,17,9,7,19,50,930,5,SEVERINE (RUE),48.93009,2.49101,Crépuscule ou aube,En agglomération,Hors intersection,Normale,Deux véhicules - côté,,,,,,,,,,,2,2,1,1.0,3.0
201700041544,0017-09-09 16:17:00,17,9,9,16,17,930,5,STRASBOURG (BOULEVARD DE,48.92202,2.48199,Plein jour,En agglomération,Intersection en T,Temps couvert,Deux véhicules - côté,,,,,,,,,,,1,2,3,8.0,3.0
201700041545,0017-09-10 22:10:00,17,9,10,22,10,930,5,MARC CHAGALL (BOULEVARD),,,Nuit sans éclairage public,En agglomération,Hors intersection,Pluie légère,Deux véhicules - arrière,,,,,,,,,,,3,2,1,2.0,2.0
201700041546,0017-09-12 16:00:00,17,9,12,16,0,930,5,PABLO PICASSO (ALLEE),48.95555,2.4869,Plein jour,En agglomération,Hors intersection,Pluie légère,Sans collision,,,,,,,,,,,1,2,1,2.0,7.0
201700041547,0017-09-13 08:10:00,17,9,13,8,10,930,5,GASTON CHAUVIN (AVENUE),48.93528,2.4903,Plein jour,En agglomération,Hors intersection,Pluie légère,Autre collision,,,,,,,,,,,1,2,1,2.0,6.0
201700041548,0017-09-14 08:30:00,17,9,14,8,30,930,5,PREFET CHALEIL (CD44) (R,48.9427,2.50402,Plein jour,En agglomération,Passage à niveau,Normale,Autre collision,,,,,,,,,,,1,2,8,1.0,6.0
201700041549,0017-09-14 10:30:00,17,9,14,10,30,930,5,HENRI MATISSE (RUE),48.95952,2.50454,Plein jour,En agglomération,Hors intersection,Normale,Deux véhicules - côté,,,,,,,,,,,1,2,1,1.0,3.0
201700041550,0017-09-18 06:15:00,17,9,18,6,15,930,5,EDGAR DEGAS (RUE),48.95729,2.49815,Nuit avec éclairage allumé,En agglomération,Hors intersection,Normale,Autre collision,,,,,,,,,,,5,2,1,1.0,6.0
201700041551,0017-09-16 21:15:00,17,9,16,21,15,930,5,"1, JEANNE D'ARC (AVENUE)",48.93398,2.49699,Nuit avec éclairage allumé,En agglomération,Hors intersection,Normale,Autre collision,,,,,,,,,,,5,2,1,1.0,6.0
201700041552,0017-09-21 09:15:00,17,9,21,9,15,930,5,CHARLES FLOQUET (BOULEVA,48.93836,2.49857,Plein jour,En agglomération,Intersection en X,Normale,Deux véhicules - côté,,,,,,,,,,,1,2,2,1.0,3.0
201700041553,0017-09-21 10:27:00,17,9,21,10,27,930,5,"15, JEAN JAURES (AVENUE)",48.92417,2.50378,Plein jour,En agglomération,Intersection en X,Normale,Deux véhicules - côté,,,,,,,,,,,1,2,2,1.0,3.0
201700041554,0017-09-22 15:26:00,17,9,22,15,26,930,5,JACQUES DUCLOS [CD44] (R,48.94849,2.49418,Plein jour,En agglomération,Hors intersection,Normale,Deux véhicules - côté,,,,,,,,,,,1,2,1,1.0,3.0
201700041555,0017-09-01 23:40:00,17,9,1,23,40,930,5,GEORGES BRAQUE (BOULEVAR,48.96286,2.47552,Nuit avec éclairage allumé,En agglomération,Hors intersection,Pluie légère,Autre collision,,,,,,,,,,,5,2,1,2.0,6.0
201700041556,0017-09-23 22:07:00,17,9,23,22,7,930,5,JEAN CHARCOT [CD115] (RU,48.93282,2.4885,Nuit avec éclairage allumé,En agglomération,Hors intersection,Normale,Deux véhicules - côté,,,,,,,,,,,5,2,1,1.0,3.0
201700041557,0017-09-26 07:50:00,17,9,26,7,50,930,5,ANDRE CITROEN (BOULEVARD,48.96093,2.48432,Plein jour,Hors agglomération,Giratoire,Pluie légère,Deux véhicules - arrière,,,,,,,,,,,1,1,6,2.0,2.0
201700041558,0017-10-17 03:10:00,17,10,17,3,10,930,5,"00, PAUL CEZANNE (RUE)",48.95283,2.49386,Nuit avec éclairage allumé,En agglomération,Hors intersection,Normale,Deux véhicules - arrière,,,,,,,,,,,5,2,1,1.0,2.0
201700041559,0017-10-18 00:01:00,17,10,18,0,1,930,5,FERME (CARREFOUR DE LA),48.94417,2.49613,Nuit avec éclairage allumé,En agglomération,Autre intersection,Normale,Deux véhicules - côté,,,,,,,,,,,5,2,9,1.0,3.0
201700041560,0017-10-18 13:00:00,17,10,18,13,0,930,5,MITRY [CD115] (ROUTE DE),48.94308,2.50602,Plein jour,En agglomération,Hors intersection,Normale,Deux véhicules - arrière,,,,,,,,,,,1,2,1,1.0,2.0
201700041561,0017-10-19 12:00:00,17,10,19,12,0,930,5,PAUL CEZANNE (RUE),48.95603,2.51809,Plein jour,En agglomération,Hors intersection,Normale,Deux véhicules - arrière,,,,,,,,,,,1,2,1,1.0,2.0
201700041562,0017-10-22 21:00:00,17,10,22,21,0,930,5,RAOUL DUFY (AVENUE),48.96139,2.50028,Nuit avec éclairage allumé,En agglomération,Intersection en T,Pluie forte,Deux véhicules - arrière,,,,,,,,,,,5,2,3,3.0,2.0
201700041563,0017-10-24 23:54:00,17,10,24,23,54,930,5,GEORGES BRAQUE (BOULEVAR,48.95644,2.47681,Nuit avec éclairage allumé,En agglomération,Hors intersection,Normale,Autre collision,,,,,,,,,,,5,2,1,1.0,6.0
201700041564,0017-10-25 17:00:00,17,10,25,17,0,930,5,EUGENE DELACROIX (RUE),,,Plein jour,En agglomération,Hors intersection,Normale,Autre collision,,,,,,,,,,,1,2,1,1.0,6.0
201700041565,0017-10-29 10:50:00,17,10,29,10,50,930,5,SUZANNE LENGLEN (AVENUE),48.94308,2.50602,Plein jour,En agglomération,Hors intersection,Pluie légère,Autre collision,,,,,,,,,,,1,2,1,2.0,6.0
201700041566,0017-10-29 12:00:00,17,10,29,12,0,930,5,LEFEVRE (BOULEVARD),48.93568,2.48811,Plein jour,En agglomération,Intersection en X,Pluie légère,Deux véhicules - côté,,,,,,,,,,,1,2,2,2.0,3.0
201700041567,0017-12-06 18:45:00,17,12,6,18,45,930,5,JEAN CHARCOT [CD115] (RU,48.93267,2.48823,Nuit avec éclairage allumé,En agglomération,Hors intersection,Normale,Deux véhicules - arrière,,,,,,,,,,,5,2,1,1.0,2.0
201700041568,0017-12-07 11:20:00,17,12,7,11,20,930,5,GENERAL DE GAULLE (PLACE,48.93128,2.4939,Plein jour,En agglomération,Hors intersection,Normale,Autre collision,,,,,,,,,,,1,2,1,1.0,6.0
201700041569,0017-12-09 22:40:00,17,12,9,22,40,930,5,"12, HENRI MATISSE (RUE)",48.95657,2.50549,Nuit avec éclairage allumé,En agglomération,Hors intersection,Temps couvert,Autre collision,,,,,,,,,,,5,2,1,8.0,6.0
201700041570,0017-12-10 15:00:00,17,12,10,15,0,930,5,PAUL CEZANNE (RUE),48.9534,2.4978,Plein jour,En agglomération,Hors intersection,Vent fort / tempête,Autre collision,,,,,,,,,,,1,2,1,6.0,6.0
201700041571,0017-12-11 08:30:00,17,12,11,8,30,930,5,BONDY (ROUTE DE),48.9259,2.4908,Crépuscule ou aube,En agglomération,Intersection en X,Pluie légère,Deux véhicules - côté,,,,,,,,,,,2,2,2,2.0,3.0
201700041572,0017-12-11 14:30:00,17,12,11,14,30,930,5,EUGENE SCHUELLER (AVENUE,48.93009,2.50938,Plein jour,En agglomération,Hors intersection,Vent fort / tempête,Deux véhicules - frontale,,,,,,,,,,,1,2,1,6.0,1.0
201700041573,0017-12-12 19:50:00,17,12,12,19,50,930,5,"9, DOCTEUR LAENNEC (ALLE",48.9526,2.51599,Nuit avec éclairage allumé,En agglomération,Hors intersection,Normale,Autre collision,,,,,,,,,,,5,2,1,1.0,6.0