accident_id,datetime,annee,mois,jour,heure,minute,departement,commune_insee,adresse,latitude,longitude,luminosite,agglomeration,intersection,meteo,collision,nb_vehicules,nb_usagers,nb_indemnes,nb_tues,nb_blesses_hosp,nb_blesses_legers,age_cond_1,age_cond_2,veh_type_cond_1,veh_type_cond_2,lum_code,agg_code,int_code,atm_code,col_code
201700041574,0017-12-13 14:30:00,17,12,13,14,30,930,5,ANDRE CITROEN (BOULEVARD,48.96004,2.48775,Plein jour,En agglomération,Hors intersection,Pluie légère,Deux véhicules - côté,,,,,,,,,,,1,2,1,2.0,3.0
201700041575,0017-01-02 12:10:00,17,1,2,12,10,930,7,"""PAUL VAILLANT COUTURIER",,,Plein jour,En agglomération,Hors intersection,Pluie légère,Sans collision,,,,,,,,,,,1,2,1,2.0,7.0
201700041576,0017-01-05 09:10:00,17,1,5,9,10,930,7,"29, ""PAUL VAILLANT COUTU",,,Plein jour,En agglomération,Intersection en T,Temps couvert,Deux véhicules - côté,,,,,,,,,,,1,2,3,8.0,3.0
201700041577,0017-01-12 19:10:00,17,1,12,19,10,930,7,COSMONAUTES (AVENUE DES),,,Nuit avec éclairage allumé,En agglomération,Hors intersection,Pluie forte,Autre collision,,,,,,,,,,,5,2,1,3.0,6.0
201700041578,0017-01-17 16:13:00,17,1,17,16,13,930,7,"96, ""PAUL VAILLANT COUTU",,,Plein jour,En agglomération,Hors intersection,Normale,Deux véhicules - frontale,,,,,,,,,,,1,2,1,1.0,1.0
201700041579,0017-01-21 15:20:00,17,1,21,15,20,930,7,JULIEN GRIMAU (RUE),,,Plein jour,En agglomération,Hors intersection,Normale,Deux véhicules - arrière,,,,,,,,,,,1,2,1,1.0,2.0
201700041580,0017-02-10 17:02:00,17,2,10,17,2,930,7,ALBERT EINSTEIN (AVENUE),,,Plein jour,En agglomération,Hors intersection,Pluie légère,Deux véhicules - arrière,,,,,,,,,,,1,2,1,2.0,2.0
201700041581,0017-03-02 09:30:00,17,3,2,9,30,930,7,"""PAUL VAILLANT COUTURIER",,,Plein jour,En agglomération,Intersection en X,Normale,Deux véhicules - frontale,,,,,,,,,,,1,2,2,1.0,1.0
201700041582,0017-03-20 10:45:00,17,3,20,10,45,930,7,MAURICE BERTEAUX (RUE),,,Plein jour,En agglomération,Intersection en X,Normale,Deux véhicules - côté,,,,,,,,,,,1,2,2,1.0,3.0
201700041583,0017-04-01 11:40:00,17,4,1,11,40,930,7,19 MARS 1962 (PLACE DU),48.93348,2.47993,Plein jour,En agglomération,Place,Normale,Autre collision,,,,,,,,,,,1,2,7,1.0,6.0
201700041584,0017-04-08 19:20:00,17,4,8,19,20,930,7,"13, SURCOUF (AVENUE)",48.92715,2.47101,Plein jour,En agglomération,Hors intersection,Normale,Autre collision,,,,,,,,,,,1,2,1,1.0,6.0
201700041585,0017-04-09 15:50:00,17,4,9,15,50,930,7,"89, DIVISION LECLERC (AV",48.94605,2.46085,Plein jour,En agglomération,Hors intersection,Normale,Autre collision,,,,,,,,,,,1,2,1,1.0,6.0
201700041586,0017-04-29 22:10:00,17,4,29,22,10,930,7,JULIEN GRIMAU (RUE),48.9406,2.45835,Nuit avec éclairage allumé,En agglomération,Intersection en X,Normale,Deux véhicules - côté,,,,,,,,,,,5,2,2,1.0,3.0
201700041587,0017-05-04 22:40:00,17,5,4,22,40,930,7,"192, ARISTIDE BRIAND",,,Nuit avec éclairage allumé,En agglomération,Hors intersection,Pluie légère,Autre collision,,,,,,,,,,,5,2,1,2.0,6.0
201700041588,0017-05-04 22:40:00,17,5,4,22,40,930,7,"192, ARISTIDE BRIAND",48.94641,2.45541,Nuit avec éclairage allumé,En agglomération,Intersection en X,Pluie légère,Deux véhicules - côté,,,,,,,,,,,5,2,2,2.0,3.0
201700041589,0017-05-19 17:15:00,17,5,19,17,15,930,7,"00, J.P. TIMBAUD (RUE)",,,Plein jour,En agglomération,Hors intersection,Normale,Autre collision,,,,,,,,,,,1,2,1,1.0,6.0
201700041590,0017-05-24 15:00:00,17,5,24,15,0,930,7,"16, ""HENRI BARBUSSE (AVE",,,Plein jour,En agglomération,Hors intersection,Normale,Autre collision,,,,,,,,,,,1,2,1,1.0,6.0
201700041591,0017-05-27 18:30:00,17,5,27,18,30,930,7,"13, MONTGOLFIER (RUE)",48.95344,2.44476,Plein jour,En agglomération,Hors intersection,Normale,Autre collision,,,,,,,,,,,1,2,1,1.0,6.0
201700041592,0017-05-29 13:40:00,17,5,29,13,40,930,7,"132, ARISTIDE BRIAND (AV",,,Plein jour,En agglomération,Hors intersection,Normale,Deux véhicules - arrière,,,,,,,,,,,1,2,1,1.0,2.0
201700041593,0017-06-01 07:45:00,17,6,1,7,45,930,7,"1, CAMILLE LENEEZ (RUE)",,,Plein jour,En agglomération,Intersection à plus de 4 branches,Normale,Deux véhicules - frontale,,,,,,,,,,,1,2,5,1.0,1.0
201700041594,0017-06-10 19:20:00,17,6,10,19,20,930,7,CHARLES GOUNOD (RUE),48.93793,2.46972,Plein jour,En agglomération,Intersection en X,Normale,Deux véhicules - côté,,,,,,,,,,,1,2,2,1.0,3.0
201700041595,0017-06-10 21:30:00,17,6,10,21,30,930,7,HOCHE (AVENUE),,,Plein jour,En agglomération,Intersection en X,Normale,Deux véhicules - côté,,,,,,,,,,,1,2,2,1.0,3.0
201700041596,0017-06-13 13:30:00,17,6,13,13,30,930,7,"face au138, ""PAUL VAILLA",,,Plein jour,En agglomération,Autre intersection,Normale,Autre collision,,,,,,,,,,,1,2,9,1.0,6.0
201700041597,0017-06-15 19:18:00,17,6,15,19,18,930,7,ULRY (RUE),48.93827,2.45777,Plein jour,En agglomération,Intersection en T,Normale,Deux véhicules - côté,,,,,,,,,,,1,2,3,1.0,3.0
201700041598,0017-06-19 08:35:00,17,6,19,8,35,930,7,"188, 8 MAI 45 (AVENUE DU",,,Plein jour,En agglomération,Hors intersection,Normale,Autre collision,,,,,,,,,,,1,2,1,1.0,6.0
201700041599,0017-06-20 08:15:00,17,6,20,8,15,930,7,"112, 8 MAI 45 (AVENUE DU",,,Plein jour,En agglomération,Hors intersection,Normale,Deux véhicules - côté,,,,,,,,,,,1,2,1,1.0,3.0
201700041600,0017-06-22 20:40:00,17,6,22,20,40,930,7,"15, DANIEL CASANOVA (CIT",,,Plein jour,En agglomération,Hors intersection,Normale,Deux véhicules - frontale,,,,,,,,,,,1,2,1,1.0,1.0
201700041601,0017-06-27 17:00:00,17,6,27,17,0,930,7,"4, MARECHAL JOFFRE (AVEN",,,Plein jour,En agglomération,Hors intersection,Pluie légère,Deux véhicules - arrière,,,,,,,,,,,1,2,1,2.0,2.0
201700041602,0017-06-28 17:10:00,17,6,28,17,10,930,7,"117, HENRI BARBUSSE (AVE",48.942,2.46449,Plein jour,En agglomération,Intersection en X,Pluie légère,Deux véhicules - côté,,,,,,,,,,,1,2,2,2.0,3.0
201700041603,0017-06-29 20:20:00,17,6,29,20,20,930,7,"5, MASCOTTES (RUE DES)",,,Plein jour,En agglomération,Hors intersection,Normale,Autre collision,,,,,,,,,,,1,2,1,1.0,6.0
201700041604,0017-07-04 16:55:00,17,7,4,16,55,930,7,"""PAUL VAILLANT COUTURIER",,,Plein jour,En agglomération,Hors intersection,Normale,Autre collision,,,,,,,,,,,1,2,1,1.0,6.0
201700041605,0017-07-16 05:55:00,17,7,16,5,55,930,7,"219, DESCARTES (CIMETIER",48.95014,2.46575,Crépuscule ou aube,En agglomération,Hors intersection,Normale,Deux véhicules - arrière,,,,,,,,,,,2,2,1,1.0,2.0
201700041606,0017-07-31 12:50:00,17,7,31,12,50,930,7,"192, CHARLES FLOQUET (AV",,,Plein jour,En agglomération,Giratoire,Normale,Deux véhicules - côté,,,,,,,,,,,1,2,6,1.0,3.0
201700041607,0017-08-05 10:05:00,17,8,5,10,5,930,7,CHARLES GOUNOD (RUE),,,Plein jour,En agglomération,Hors intersection,Normale,Deux véhicules - côté,,,,,,,,,,,1,2,1,1.0,3.0
201700041608,0017-08-06 07:10:00,17,8,6,7,10,930,7,"""PAUL VAILLANT COUTURIER",48.92554,2.46864,Plein jour,En agglomération,Hors intersection,Normale,Deux véhicules - côté,,,,,,,,,,,1,2,1,1.0,3.0
201700041609,0017-08-08 23:35:00,17,8,8,23,35,930,7,PABLO NERUDA (ROND-POINT,,,Nuit avec éclairage allumé,En agglomération,Giratoire,Temps couvert,Deux véhicules - côté,,,,,,,,,,,5,2,6,8.0,3.0
201700041610,0017-08-14 00:05:00,17,8,14,0,5,930,7,"""DESCARTES (AVENUE """"DU",,,Nuit avec éclairage allumé,En agglomération,Hors intersection,Normale,Deux véhicules - côté,,,,,,,,,,,5,2,1,1.0,3.0
201700041611,0017-08-14 12:25:00,17,8,14,12,25,930,7,"""DESCARTES (AVENUE """"DU",,,Plein jour,En agglomération,Hors intersection,Normale,Autre collision,,,,,,,,,,,1,2,1,1.0,6.0
201700041612,0017-08-22 19:25:00,17,8,22,19,25,930,7,"1, 8 MAI 45 (AVENUE DU 1",48.94042,2.4312,Plein jour,En agglomération,Giratoire,Normale,Deux véhicules - côté,,,,,,,,,,,1,2,6,1.0,3.0
201700041613,0017-08-28 22:30:00,17,8,28,22,30,930,7,"4, ""PIERRE SEMARD (RUE """,48.9298,2.4797,Nuit avec éclairage allumé,En agglomération,Hors intersection,Normale,Trois véhicules et plus - collisions multiples,,,,,,,,,,,5,2,1,1.0,5.0
201700041614,0017-09-16 20:15:00,17,9,16,20,15,930,7,DE LA REPUBLIQUE (AVENUE,,,Nuit avec éclairage allumé,En agglomération,Intersection en X,Normale,Autre collision,,,,,,,,,,,5,2,2,1.0,6.0
201700041615,0017-09-16 19:50:00,17,9,16,19,50,930,7,JACQUES DECOUR (BOULEVAR,48.92548,2.47423,Plein jour,En agglomération,Hors intersection,Normale,Autre collision,,,,,,,,,,,1,2,1,1.0,6.0
201700041616,0017-09-18 07:20:00,17,9,18,7,20,930,7,", PASTEUR (AVENUE)",48.94018,2.47077,Plein jour,En agglomération,Intersection en T,Normale,Deux véhicules - côté,,,,,,,,,,,1,2,3,1.0,3.0
201700041617,0017-09-18 18:45:00,17,9,18,18,45,930,7,"""PAUL VAILLANT COUTURIER",48.92727,2.46865,Plein jour,En agglomération,Hors intersection,Normale,Deux véhicules - côté,,,,,,,,,,,1,2,1,1.0,3.0
201700041618,0017-09-29 08:40:00,17,9,29,8,40,930,7,"2, 8 MAI 45 (AVENUE DU 1",48.94307,2.429,Plein jour,En agglomération,Hors intersection,Normale,Deux véhicules - arrière,,,,,,,,,,,1,2,1,1.0,2.0
201700041619,0017-10-04 13:40:00,17,10,4,13,40,930,7,"10, EUGENE VARLIN (RUE)",48.92769,2.48084,Plein jour,En agglomération,Hors intersection,Normale,Deux véhicules - arrière,,,,,,,,,,,1,2,1,1.0,2.0
201700041620,0017-10-07 02:45:00,17,10,7,2,45,930,7,PIERRE BROSSOLETTE (AVEN,48.92995,2.46628,Nuit avec éclairage allumé,En agglomération,Giratoire,Pluie légère,Autre collision,,,,,,,,,,,5,2,6,2.0,6.0
201700041621,0017-10-13 18:30:00,17,10,13,18,30,930,7,ALTRINCHAM (RUE),48.94737,2.45043,Plein jour,En agglomération,Hors intersection,Normale,Deux véhicules - côté,,,,,,,,,,,1,2,1,1.0,3.0
201700041622,0017-10-19 21:50:00,17,10,19,21,50,930,7,"180, ""DESCARTES (AVENUE",48.95008,2.45731,Nuit avec éclairage allumé,En agglomération,Hors intersection,Normale,Deux véhicules - côté,,,,,,,,,,,5,2,1,1.0,3.0
201700041623,0017-10-20 09:25:00,17,10,20,9,25,930,7,"""VERDUN (AVENUE DE """"1-2",48.92873,2.47036,Plein jour,En agglomération,Intersection en X,Normale,Deux véhicules - côté,,,,,,,,,,,1,2,2,1.0,3.0
201700041624,0017-10-20 17:35:00,17,10,20,17,35,930,7,8 MAI 45 (AVENUE DU 1 AU,48.94815,2.43814,Plein jour,En agglomération,Hors intersection,Normale,Trois véhicules et plus - collisions multiples,,,,,,,,,,,1,2,1,1.0,5.0
201700041625,0017-10-31 18:20:00,17,10,31,18,20,930,7,"208, ARISTIDE BRIAND (AV",48.94643,2.45968,Nuit avec éclairage allumé,En agglomération,Hors intersection,Normale,Autre collision,,,,,,,,,,,5,2,1,1.0,6.0
201700041626,0017-11-01 02:40:00,17,11,1,2,40,930,7,MARECHAL FOCH (AVENUE DU,48.92,2.46,Nuit avec éclairage allumé,En agglomération,Hors intersection,Normale,Autre collision,,,,,,,,,,,5,2,1,1.0,6.0
201700041627,0017-11-02 18:20:00,17,11,2,18,20,930,7,"60, ""PAUL VAILLANT COUTU",48.92781,2.47419,Crépuscule ou aube,En agglomération,Hors intersection,Normale,Deux véhicules - côté,,,,,,,,,,,2,2,1,1.0,3.0
201700041628,0017-11-08 05:50:00,17,11,8,5,50,930,7,"84, 8 MAI 45 (AVENUE DU",48.94509,2.43506,Nuit avec éclairage allumé,En agglomération,Hors intersection,Temps couvert,Deux véhicules - côté,,,,,,,,,,,5,2,1,8.0,3.0
201700041629,0017-11-27 16:35:00,17,11,27,16,35,930,7,MASCOTTES (RUE DES),48.92202,2.47438,Nuit avec éclairage allumé,En agglomération,Intersection en X,Pluie forte,Autre collision,,,,,,,,,,,5,2,2,3.0,6.0
201700041630,0017-11-29 08:55:00,17,11,29,8,55,930,7,"138, PASTEUR (AVENUE)",48.94052,2.47079,Plein jour,En agglomération,Hors intersection,Normale,Autre collision,,,,,,,,,,,1,2,1,1.0,6.0
201700041631,0017-11-30 08:50:00,17,11,30,8,50,930,7,"120, ARISTIDE BRIAND (LY",48.94489,2.4494,Plein jour,En agglomération,Hors intersection,Normale,Autre collision,,,,,,,,,,,1,2,1,1.0,6.0
201700041632,0017-12-02 16:30:00,17,12,2,16,30,930,7,"1, PABLO NERUDA (ROND-PO",48.9497,2.46684,Crépuscule ou aube,En agglomération,Place,Normale,Deux véhicules - arrière,,,,,,,,,,,2,2,7,1.0,2.0
201700041633,0017-12-08 07:00:00,17,12,8,7,0,930,7,"212, ""8 MAI 45 (AVENUE """,,,Nuit avec éclairage allumé,En agglomération,Intersection en T,Normale,Autre collision,,,,,,,,,,,5,2,3,1.0,6.0
201700041634,0017-12-11 07:20:00,17,12,11,7,20,930,7,"10, ""DESCARTES (AVENUE """,48.95053,2.44029,Nuit avec éclairage allumé,En agglomération,Intersection en T,Pluie légère,Autre collision,,,,,,,,,,,5,2,3,2.0,6.0
201700041635,0017-12-16 17:45:00,17,12,16,17,45,930,7,"12, MARCEL ALIZARD (AVEN",48.94551,2.44571,Nuit avec éclairage allumé,En agglomération,Intersection en X,Normale,Autre collision,,,,,,,,,,,5,2,2,1.0,6.0
201700041636,0017-12-26 16:20:00,17,12,26,16,20,930,10,"57, VERGER (RUE DU)",,,Plein jour,En agglomération,Giratoire,Normale,Trois véhicules et plus - collisions multiples,,,,,,,,,,,1,2,6,1.0,5.0
201700041637,0017-01-02 12:55:00,17,1,2,12,55,930,8,"00, EGALITE (RUE DE L')",,,Plein jour,En agglomération,Intersection en T,Pluie légère,Deux véhicules - côté,,,,,,,,,,,1,2,3,2.0,3.0
201700041638,0017-01-03 19:45:00,17,1,3,19,45,930,8,"00, VAILLANT COUTURIER (",,,Nuit avec éclairage allumé,En agglomération,Hors intersection,Normale,Deux véhicules - frontale,,,,,,,,,,,5,2,1,1.0,1.0
201700041639,0017-01-10 09:40:00,17,1,10,9,40,930,8,"00, BONDY (PONT DE)",,,Plein jour,En agglomération,Hors intersection,Normale,Deux véhicules - arrière,,,,,,,,,,,1,2,1,1.0,2.0
201700041640,0017-01-15 15:03:00,17,1,15,15,3,930,8,"0, FOLIE (CARREFOUR DE L",,,Plein jour,En agglomération,Hors intersection,Pluie légère,Deux véhicules - frontale,,,,,,,,,,,1,2,1,2.0,1.0
201700041641,0017-01-15 18:40:00,17,1,15,18,40,930,8,"0, PARIS (RUE DE)",,,Nuit avec éclairage allumé,En agglomération,Hors intersection,Neige / grêle,Autre collision,,,,,,,,,,,5,2,1,4.0,6.0
201700041642,0017-01-18 08:35:00,17,1,18,8,35,930,8,"15, THIMBAUD (RUE JEAN P",,,Plein jour,En agglomération,Hors intersection,Normale,Autre collision,,,,,,,,,,,1,2,1,1.0,6.0
201700041643,0017-01-23 07:40:00,17,1,23,7,40,930,8,"0, ALLENDE (AVE DU P. SA",,,Crépuscule ou aube,En agglomération,Intersection en T,Autre,Autre collision,,,,,,,,,,,2,2,3,9.0,6.0
201700041644,0017-01-23 18:45:00,17,1,23,18,45,930,8,"0, ALLENDE (AVE DU P. SA",,,Nuit avec éclairage allumé,En agglomération,Intersection en T,Normale,Autre collision,,,,,,,,,,,5,2,3,1.0,6.0
201700041645,0017-01-25 15:15:00,17,1,25,15,15,930,8,"0, MOSCOU (RUE DE)",,,Plein jour,En agglomération,Intersection en X,Normale,Deux véhicules - côté,,,,,,,,,,,1,2,2,1.0,3.0
201700041646,0017-01-26 10:00:00,17,1,26,10,0,930,8,"44, GAUTIER (RUE HENRI)",,,Plein jour,En agglomération,Hors intersection,Normale,Autre collision,,,,,,,,,,,1,2,1,1.0,6.0
201700041647,0017-01-28 14:15:00,17,1,28,14,15,930,8,"00, VAILLANT COUTURIER (",,,Plein jour,En agglomération,Autre intersection,Normale,Autre collision,,,,,,,,,,,1,2,9,1.0,6.0
201700041648,0017-01-29 21:30:00,17,1,29,21,30,930,8,"0, ROSTAND (PROMENADE JE",,,Nuit avec éclairage allumé,En agglomération,Intersection en X,Pluie forte,Deux véhicules - côté,,,,,,,,,,,5,2,2,3.0,3.0
201700041649,0017-02-02 19:20:00,17,2,2,19,20,930,8,"2, BARBUSSE (AVENUE HENR",,,Nuit avec éclairage allumé,En agglomération,Hors intersection,Pluie légère,Deux véhicules - arrière,,,,,,,,,,,5,2,1,2.0,2.0
201700041650,0017-02-04 19:38:00,17,2,4,19,38,930,8,"218, BARBUSSE (AVENUE HE",,,Nuit avec éclairage allumé,En agglomération,Autre intersection,Temps couvert,Deux véhicules - côté,,,,,,,,,,,5,2,9,8.0,3.0
201700041651,0017-02-08 16:15:00,17,2,8,16,15,930,8,"70, BARBUSSE (AVENUE HEN",,,Plein jour,En agglomération,Hors intersection,Normale,Deux véhicules - côté,,,,,,,,,,,1,2,1,1.0,3.0
201700041652,0017-02-09 21:20:00,17,2,9,21,20,930,8,"0, BELWO (RUE PAUL)",,,Nuit avec éclairage non allumé,En agglomération,Hors intersection,Normale,Deux véhicules - frontale,,,,,,,,,,,4,2,1,1.0,1.0
201700041653,0017-02-22 13:50:00,17,2,22,13,50,930,8,"00, BARBUSSE (AVENUE HEN",,,Plein jour,En agglomération,Hors intersection,Normale,Deux véhicules - arrière,,,,,,,,,,,1,2,1,1.0,2.0
201700041654,0017-02-22 22:45:00,17,2,22,22,45,930,8,"00, VAILLANT COUTURIER (",,,Nuit avec éclairage allumé,En agglomération,Hors intersection,Normale,Trois véhicules et plus - en chaîne,,,,,,,,,,,5,2,1,1.0,4.0
201700041655,0017-03-02 11:45:00,17,3,2,11,45,930,8,"00, CALLAS (RUE MARIA)",,,Plein jour,En agglomération,Intersection en X,Normale,Deux véhicules - côté,,,,,,,,,,,1,2,2,1.0,3.0
201700041656,0017-03-07 20:05:00,17,3,7,20,5,930,8,"224, BARBUSSE (AVENUE HE",,,Nuit avec éclairage allumé,En agglomération,Hors intersection,Normale,Deux véhicules - côté,,,,,,,,,,,5,2,1,1.0,3.0
201700041657,0017-03-09 11:55:00,17,3,9,11,55,930,8,"00, VAILLANT (AVENUE EDO",,,Plein jour,En agglomération,Hors intersection,Normale,Autre collision,,,,,,,,,,,1,2,1,1.0,6.0
201700041658,0017-03-10 15:30:00,17,3,10,15,30,930,8,"176, JAURES (AVENUE JEAN",,,Plein jour,En agglomération,Hors intersection,Normale,Deux véhicules - arrière,,,,,,,,,,,1,2,1,1.0,2.0
201700041659,0017-03-12 00:17:00,17,3,12,0,17,930,8,"176, BARBUSSE (AVENUE HE",,,Nuit avec éclairage allumé,En agglomération,Hors intersection,Normale,Deux véhicules - côté,,,,,,,,,,,5,2,1,1.0,3.0
201700041660,0017-03-21 16:40:00,17,3,21,16,40,930,8,"2/4, BARBUSSE (AVENUE HE",,,Plein jour,En agglomération,Intersection en T,Normale,Autre collision,,,,,,,,,,,1,2,3,1.0,6.0
201700041661,0017-03-21 16:40:00,17,3,21,16,40,930,8,"2, BARBUSSE (AVENUE HENR",48.90362,2.41772,Plein jour,En agglomération,Intersection en T,Normale,Autre collision,,,,,,,,,,,1,2,3,1.0,6.0
201700041662,0017-03-22 16:40:00,17,3,22,16,40,930,8,"123, SEMARD (RUE PIERRE)",48.91228,2.4487,Plein jour,En agglomération,Intersection en T,Normale,Sans collision,,,,,,,,,,,1,2,3,1.0,7.0
201700041663,0017-04-04 07:40:00,17,4,4,7,40,930,8,"1, BALZAC (RUE)",48.91328,2.41699,Plein jour,En agglomération,Hors intersection,Normale,Autre collision,,,,,,,,,,,1,2,1,1.0,6.0
201700041664,0017-04-06 19:05:00,17,4,6,19,5,930,8,"17, ROSTAND (PROMENADE J",48.91003,2.44626,Plein jour,En agglomération,Intersection en X,Normale,Autre collision,,,,,,,,,,,1,2,2,1.0,6.0
201700041665,0017-04-11 18:49:00,17,4,11,18,49,930,8,"173, VAILLANT COUTURIER",48.90616,2.46353,Plein jour,En agglomération,Hors intersection,Normale,Autre collision,,,,,,,,,,,1,2,1,1.0,6.0
201700041666,0017-04-12 17:45:00,17,4,12,17,45,930,8,"00, JAURES (AVENUE JEAN)",48.90649,2.43868,Plein jour,En agglomération,Giratoire,Normale,Autre collision,,,,,,,,,,,1,2,6,1.0,6.0
201700041667,0017-04-16 13:00:00,17,4,16,13,0,930,8,VAILLANT (AVENUE EDOUARD,48.90852,2.44292,Plein jour,En agglomération,Hors intersection,Normale,Autre collision,,,,,,,,,,,1,2,1,1.0,6.0
201700041668,0017-04-19 20:45:00,17,4,19,20,45,930,8,"37, VELLARD (RUE ALCIDE)",48.90852,2.44292,Plein jour,En agglomération,Hors intersection,Normale,Autre collision,,,,,,,,,,,1,2,1,1.0,6.0
201700041669,0017-04-21 11:00:00,17,4,21,11,0,930,8,"00, GAUTIER (RUE HENRI)",48.90649,2.43868,Plein jour,En agglomération,Intersection en T,Normale,Deux véhicules - côté,,,,,,,,,,,1,2,3,1.0,3.0
201700041670,0017-04-23 09:00:00,17,4,23,9,0,930,8,"49, BARBUSSE (AVENUE HEN",48.90831,2.42718,Plein jour,En agglomération,Hors intersection,Normale,Deux véhicules - arrière,,,,,,,,,,,1,2,1,1.0,2.0
201700041671,0017-04-27 10:50:00,17,4,27,10,50,930,8,"230, BARBUSSE (AVENUE HE",48.91198,2.43528,Plein jour,En agglomération,Hors intersection,Normale,Autre collision,,,,,,,,,,,1,2,1,1.0,6.0
201700041672,0017-05-11 10:45:00,17,5,11,10,45,930,8,"65, ARAGON (AVENUE LOUIS",48.90186,2.42538,Plein jour,En agglomération,Hors intersection,Normale,Autre collision,,,,,,,,,,,1,2,1,1.0,6.0
201700041673,0017-05-11 12:20:00,17,5,11,12,20,930,8,"5, BERNARD (RUE)",48.90311,2.42536,Plein jour,En agglomération,Autre intersection,Normale,Deux véhicules - côté,,,,,,,,,,,1,2,9,1.0,3.0
201700041674,0017-05-17 09:00:00,17,5,17,9,0,930,8,"00, VAILLANT COUTURIER (",48.90616,2.46353,Plein jour,En agglomération,Hors intersection,Normale,Autre collision,,,,,,,,,,,1,2,1,1.0,6.0
201700041675,0017-05-20 01:30:00,17,5,20,1,30,930,8,DIVISION LECLERC (AVENUE,48.90742,2.42476,Nuit avec éclairage allumé,En agglomération,Intersection en T,Normale,Deux véhicules - frontale,,,,,,,,,,,5,2,3,1.0,1.0
201700041676,0017-05-23 17:15:00,17,5,23,17,15,930,8,"108, VAILLANT (AVENUE ED",48.90972,2.4446,Plein jour,En agglomération,Hors intersection,Normale,Autre collision,,,,,,,,,,,1,2,1,1.0,6.0
201700041677,0017-06-08 16:00:00,17,6,8,16,0,930,8,"00, VAILLANT (AVENUE EDO",48.90607,2.45851,Plein jour,En agglomération,Hors intersection,Normale,Deux véhicules - frontale,,,,,,,,,,,1,2,1,1.0,1.0
201700041678,0017-06-26 12:10:00,17,6,26,12,10,930,8,"2, CLAUSSE (RUE HENRI)",48.91343,2.46675,Plein jour,En agglomération,Hors intersection,Normale,Autre collision,,,,,,,,,,,1,2,1,1.0,6.0
201700041679,0017-06-26 17:50:00,17,6,26,17,50,930,8,PARIS (RUE DE),48.8957,2.42609,Plein jour,En agglomération,Hors intersection,Normale,Deux véhicules - frontale,,,,,,,,,,,1,2,1,1.0,1.0
201700041680,0017-06-29 17:30:00,17,6,29,17,30,930,8,"00, STALINGRAD (RUE DE)",48.91424,2.43108,Plein jour,En agglomération,Hors intersection,Pluie légère,Deux véhicules - arrière,,,,,,,,,,,1,2,1,2.0,2.0
201700041681,0017-07-20 16:20:00,17,7,20,16,20,930,8,"26, BARBUSSE (AVENUE HEN",48.9043,2.42074,Plein jour,En agglomération,Hors intersection,Normale,Trois véhicules et plus - en chaîne,,,,,,,,,,,1,2,1,1.0,4.0
201700041682,0017-07-21 16:30:00,17,7,21,16,30,930,8,"237, ARAGON (AVENUE LOUI",48.91457,2.4402,Plein jour,En agglomération,Hors intersection,Normale,Deux véhicules - arrière,,,,,,,,,,,1,2,1,1.0,2.0
201700041683,0017-08-04 00:40:00,17,8,4,0,40,930,8,"55, JAURES (AVENUE JEAN)",48.90949,2.4377,Nuit sans éclairage public,En agglomération,Hors intersection,Normale,Deux véhicules - côté,,,,,,,,,,,3,2,1,1.0,3.0
201700041684,0017-08-14 17:40:00,17,8,14,17,40,930,8,"39, GAUTIER (RUE HENRI)",48.90479,2.42669,Plein jour,En agglomération,Hors intersection,Temps éblouissant,Deux véhicules - côté,,,,,,,,,,,1,2,1,7.0,3.0
201700041685,0017-08-22 15:20:00,17,8,22,15,20,930,8,VAILLANT COUTURIER (AVEN,48.90613,2.46356,Plein jour,En agglomération,Giratoire,Normale,Autre collision,,,,,,,,,,,1,2,6,1.0,6.0
201700041686,0017-08-24 11:30:00,17,8,24,11,30,930,8,ROSTAND (PROMENADE JEAN),48.90869,2.45355,Plein jour,En agglomération,Giratoire,Temps couvert,Deux véhicules - arrière,,,,,,,,,,,1,2,6,8.0,2.0
201700041687,0017-08-27 14:08:00,17,8,27,14,8,930,8,"191, VAILLANT COUTURIER",48.90609,2.46358,Plein jour,En agglomération,Hors intersection,Normale,Deux véhicules - côté,,,,,,,,,,,1,2,1,1.0,3.0
201700041688,0017-09-01 17:15:00,17,9,1,17,15,930,8,DIVISION LECLERC (AVENUE,48.9078,2.45355,Plein jour,En agglomération,Hors intersection,Normale,Trois véhicules et plus - en chaîne,,,,,,,,,,,1,2,1,1.0,4.0
201700041689,0017-09-04 19:50:00,17,9,4,19,50,930,8,"188, JAURES (AVENUE JEAN",48.90949,2.43782,Crépuscule ou aube,En agglomération,Hors intersection,Normale,Autre collision,,,,,,,,,,,2,2,1,1.0,6.0
201700041690,0017-09-12 07:45:00,17,9,12,7,45,930,8,"173, VAILLANT COUTURIER",48.90614,2.4637,Plein jour,En agglomération,Hors intersection,Normale,Autre collision,,,,,,,,,,,1,2,1,1.0,6.0
201700041691,0017-09-14 14:15:00,17,9,14,14,15,930,8,REPUBLIQUE (RUE DE LA),48.90649,2.43831,Plein jour,En agglomération,Intersection en X,Pluie légère,Trois véhicules et plus - collisions multiples,,,,,,,,,,,1,2,2,2.0,5.0
201700041692,0017-09-15 18:10:00,17,9,15,18,10,930,8,ROSTAND (PROMENADE JEAN),48.90866,2.45341,Plein jour,En agglomération,Hors intersection,Normale,Autre collision,,,,,,,,,,,1,2,1,1.0,6.0
201700041693,0017-09-16 19:30:00,17,9,16,19,30,930,8,VAILLANT (AVENUE EDOUARD,48.90946,2.46749,Plein jour,En agglomération,Intersection en T,Normale,Deux véhicules - côté,,,,,,,,,,,1,2,3,1.0,3.0
201700041694,0017-09-30 17:35:00,17,9,30,17,35,930,8,"39, CAMIER (RUE RENE)",48.91052,2.45385,Plein jour,En agglomération,Hors intersection,Normale,Autre collision,,,,,,,,,,,1,2,1,1.0,6.0
201700041695,0017-10-16 08:15:00,17,10,16,8,15,930,8,"30, CONVENTION (AVENUE D",48.91624,2.41814,Plein jour,En agglomération,Hors intersection,Normale,Deux véhicules - côté,,,,,,,,,,,1,2,1,1.0,3.0