accident_id,datetime,annee,mois,jour,heure,minute,departement,commune_insee,adresse,latitude,longitude,luminosite,agglomeration,intersection,meteo,collision,nb_vehicules,nb_usagers,nb_indemnes,nb_tues,nb_blesses_hosp,nb_blesses_legers,age_cond_1,age_cond_2,veh_type_cond_1,veh_type_cond_2,lum_code,agg_code,int_code,atm_code,col_code
201700041817,0017-12-31 00:55:00,17,12,31,0,55,930,10,"10, GALLIENI (AV.) DE 2",48.90394,2.47078,Nuit avec éclairage allumé,En agglomération,Hors intersection,Pluie légère,Deux véhicules - côté,,,,,,,,,,,5,2,1,2.0,3.0
201700041818,0017-01-03 07:45:00,17,1,3,7,45,930,57,"15, BRIAND ( AV. ARISTID",,,Nuit avec éclairage allumé,En agglomération,Hors intersection,Brouillard / fumée,Autre collision,,,,,,,,,,,5,2,1,5.0,6.0
201700041819,0017-01-04 09:25:00,17,1,4,9,25,930,57,BRIAND ( AV.  ARISTIDE),,,Plein jour,En agglomération,Hors intersection,Normale,Deux véhicules - côté,,,,,,,,,,,1,2,1,1.0,3.0
201700041820,0017-01-05 13:30:00,17,1,5,13,30,930,10,POLISSARD (RUE AUGUSTE),,,Plein jour,En agglomération,Intersection à plus de 4 branches,Normale,Deux véhicules - côté,,,,,,,,,,,1,2,5,1.0,3.0
201700041821,0017-01-08 05:05:00,17,1,8,5,5,930,10,ROSNY (AV. DE),,,Nuit avec éclairage allumé,En agglomération,Intersection en X,Normale,Deux véhicules - arrière,,,,,,,,,,,5,2,2,1.0,2.0
201700041822,0017-01-10 17:10:00,17,1,10,17,10,930,10,"125, BLANQUI (R. LOUIS-A",,,Nuit avec éclairage allumé,En agglomération,Hors intersection,Pluie légère,Autre collision,,,,,,,,,,,5,2,1,2.0,6.0
201700041823,0017-01-14 07:00:00,17,1,14,7,0,930,57,"22, BRIAND ( AV. ARISTID",,,Nuit avec éclairage allumé,En agglomération,Hors intersection,Pluie légère,Deux véhicules - arrière,,,,,,,,,,,5,2,1,2.0,2.0
201700041824,0017-01-10 22:30:00,17,1,10,22,30,930,10,"190, GALLIENI (AV.) DE 1",,,Nuit avec éclairage allumé,En agglomération,Intersection en X,Normale,Deux véhicules - côté,,,,,,,,,,,5,2,2,1.0,3.0
201700041825,0017-01-18 12:10:00,17,1,18,12,10,930,10,"33, VAILLANT (RUE DU PRO",,,Plein jour,En agglomération,Hors intersection,Normale,Autre collision,,,,,,,,,,,1,2,1,1.0,6.0
201700041826,0017-01-19 14:35:00,17,1,19,14,35,930,10,"10, VARSOVIE (RUE DE)",,,Plein jour,En agglomération,Intersection en Y,Normale,Autre collision,,,,,,,,,,,1,2,4,1.0,6.0
201700041827,0017-01-23 06:30:00,17,1,23,6,30,930,10,"53, GALLIENI (AV.) DE 2",,,Nuit avec éclairage allumé,En agglomération,Hors intersection,Autre,Deux véhicules - arrière,,,,,,,,,,,5,2,1,9.0,2.0
201700041828,0017-01-25 12:25:00,17,1,25,12,25,930,10,BARBUSSE (AV. HENRI) DE,,,Plein jour,En agglomération,Hors intersection,Normale,Autre collision,,,,,,,,,,,1,2,1,1.0,6.0
201700041829,0017-01-29 00:15:00,17,1,29,0,15,930,57,WILSON (AV. DU PRESIDENT,,,Nuit avec éclairage allumé,En agglomération,Intersection en T,Normale,Deux véhicules - côté,,,,,,,,,,,5,2,3,1.0,3.0
201700041830,0017-01-30 08:50:00,17,1,30,8,50,930,10,"000000, BONDY (PONT)",,,Plein jour,En agglomération,Hors intersection,Pluie légère,Autre collision,,,,,,,,,,,1,2,1,2.0,6.0
201700041831,0017-02-06 17:15:00,17,2,6,17,15,930,10,GALLIENI (AV.) DE 177 A,,,Plein jour,Hors agglomération,Hors intersection,Temps couvert,Deux véhicules - arrière,,,,,,,,,,,1,1,1,8.0,2.0
201700041832,0017-02-12 22:20:00,17,2,12,22,20,930,10,GALLIENI (AV.) DE 1 A 10,,,Nuit avec éclairage allumé,En agglomération,Intersection en X,Normale,Autre collision,,,,,,,,,,,5,2,2,1.0,6.0
201700041833,0017-02-21 16:00:00,17,2,21,16,0,930,57,THOMAS (AV. ALBERT),,,Plein jour,En agglomération,Hors intersection,Normale,Autre collision,,,,,,,,,,,1,2,1,1.0,6.0
201700041834,0017-02-23 18:15:00,17,2,23,18,15,930,10,ERABLES (AL. DES),,,Plein jour,Hors agglomération,Hors intersection,Normale,Autre collision,,,,,,,,,,,1,1,1,1.0,6.0
201700041835,0017-02-28 11:45:00,17,2,28,11,45,930,10,JOUHAUX (AV. LEON),,,Plein jour,En agglomération,Giratoire,Pluie légère,Deux véhicules - arrière,,,,,,,,,,,1,2,6,2.0,2.0
201700041836,0017-02-28 16:20:00,17,2,28,16,20,930,10,GUESDES (RUE JULES),,,Plein jour,En agglomération,Intersection en T,Normale,Deux véhicules - côté,,,,,,,,,,,1,2,3,1.0,3.0
201700041837,0017-02-28 23:00:00,17,2,28,23,0,930,57,"134, JAURES (AV. JEAN) 1",,,Nuit avec éclairage allumé,En agglomération,Hors intersection,Normale,Sans collision,,,,,,,,,,,5,2,1,1.0,7.0
201700041838,0017-03-02 14:20:00,17,3,2,14,20,930,10,ROSNY AV. DE),,,Plein jour,En agglomération,Hors intersection,Normale,Deux véhicules - frontale,,,,,,,,,,,1,2,1,1.0,1.0
201700041839,0017-03-04 12:10:00,17,3,4,12,10,930,10,"0, BLANQUI (R. LOUIS-AUG",,,Plein jour,En agglomération,Hors intersection,Pluie légère,Autre collision,,,,,,,,,,,1,2,1,2.0,6.0
201700041840,0017-03-18 09:00:00,17,3,18,9,0,930,10,"40, VILLEMOMBLE (RTE DE)",,,Plein jour,En agglomération,Hors intersection,Temps couvert,Deux véhicules - arrière,,,,,,,,,,,1,2,1,8.0,2.0
201700041841,0017-03-18 14:40:00,17,3,18,14,40,930,10,GALLIENI (AV.) DE 1 A 10,,,Plein jour,En agglomération,Hors intersection,Temps couvert,Autre collision,,,,,,,,,,,1,2,1,8.0,6.0
201700041842,0017-01-05 00:55:00,17,1,5,0,55,930,47,BARGUE  (BOULEVARD),,,Nuit avec éclairage allumé,En agglomération,Intersection en X,Normale,Autre collision,,,,,,,,,,,5,2,2,1.0,6.0
201700041843,0017-01-06 22:35:00,17,1,6,22,35,930,14,JEAN MOULIN (AVENUE),,,Nuit avec éclairage allumé,En agglomération,Hors intersection,Normale,Deux véhicules - frontale,,,,,,,,,,,5,2,1,1.0,1.0
201700041844,0017-01-07 02:30:00,17,1,7,2,30,930,14,"03, VICTOR HUGO (ALLEE)",,,Nuit sans éclairage public,En agglomération,Hors intersection,Normale,Autre collision,,,,,,,,,,,3,2,1,1.0,6.0
201700041845,0017-01-12 13:10:00,17,1,12,13,10,930,47,"159, MUGUETS  (AVENUE DE",,,Plein jour,En agglomération,Intersection en T,Pluie légère,Deux véhicules - côté,,,,,,,,,,,1,2,3,2.0,3.0
201700041846,0017-01-13 16:00:00,17,1,13,16,0,930,14,GAGNY (ALLEE DE),,,Plein jour,En agglomération,Hors intersection,Pluie légère,Autre collision,,,,,,,,,,,1,2,1,2.0,6.0
201700041847,0017-01-14 14:20:00,17,1,14,14,20,930,14,FOSSE MAUSSOIN (ALLEE DE,,,Plein jour,En agglomération,Intersection en T,Normale,Autre collision,,,,,,,,,,,1,2,3,1.0,6.0
201700041848,0017-01-22 18:05:00,17,1,22,18,5,930,47,JEAN JAURES (AVENUE),,,Nuit avec éclairage allumé,En agglomération,Intersection en X,Normale,Deux véhicules - arrière,,,,,,,,,,,5,2,2,1.0,2.0
201700041849,0017-01-24 14:10:00,17,1,24,14,10,930,14,MONTFERMEIL (ALLEE DE),,,Plein jour,En agglomération,Hors intersection,Normale,Autre collision,,,,,,,,,,,1,2,1,1.0,6.0
201700041850,0017-01-25 00:50:00,17,1,25,0,50,930,47,"184, JEAN JAURES (AVENUE",,,Nuit avec éclairage allumé,En agglomération,Hors intersection,Normale,Deux véhicules - arrière,,,,,,,,,,,5,2,1,1.0,2.0
201700041851,0017-01-28 12:20:00,17,1,28,12,20,930,47,JEAN JAURES (AVENUE),,,Plein jour,En agglomération,Intersection en X,Normale,Deux véhicules - côté,,,,,,,,,,,1,2,2,1.0,3.0
201700041852,0017-02-05 17:10:00,17,2,5,17,10,930,47,"194, EUROPE (BOULEVARD D",,,Plein jour,En agglomération,Hors intersection,Normale,Autre collision,,,,,,,,,,,1,2,1,1.0,6.0
201700041853,0017-02-09 18:25:00,17,2,9,18,25,930,14,GAGARINE (BOULEVARD),,,Nuit avec éclairage allumé,En agglomération,Hors intersection,Normale,Deux véhicules - côté,,,,,,,,,,,5,2,1,1.0,3.0
201700041854,0017-02-15 16:50:00,17,2,15,16,50,930,47,"142, EUROPE (BOULEVARD D",,,Plein jour,En agglomération,Hors intersection,Normale,Deux véhicules - frontale,,,,,,,,,,,1,2,1,1.0,1.0
201700041855,0017-02-21 22:35:00,17,2,21,22,35,930,14,"05, FREDERIC LADRETTE (A",,,Nuit avec éclairage allumé,En agglomération,Hors intersection,Normale,Autre collision,,,,,,,,,,,5,2,1,1.0,6.0
201700041856,0017-03-03 06:15:00,17,3,3,6,15,930,14,EMILE ZOLA (BOULEVARD),,,Nuit avec éclairage allumé,En agglomération,Intersection en X,Normale,Deux véhicules - côté,,,,,,,,,,,5,2,2,1.0,3.0
201700041857,0017-03-11 14:20:00,17,3,11,14,20,930,14,SEVIGNE (AVENUE DE),,,Plein jour,En agglomération,Hors intersection,Normale,Trois véhicules et plus - en chaîne,,,,,,,,,,,1,2,1,1.0,4.0
201700041858,0017-03-12 18:05:00,17,3,12,18,5,930,14,"21, SEVIGNE (RESIDENCE )",,,Crépuscule ou aube,En agglomération,Hors intersection,Normale,Deux véhicules - frontale,,,,,,,,,,,2,2,1,1.0,1.0
201700041859,0017-03-13 14:45:00,17,3,13,14,45,930,47,GABRIEL PERI  (AVENUE),,,Plein jour,En agglomération,Intersection en X,Normale,Deux véhicules - frontale,,,,,,,,,,,1,2,2,1.0,1.0
201700041860,0017-03-16 08:45:00,17,3,16,8,45,930,47,NOTRE DAMES DES ANGES  (,,,Plein jour,En agglomération,Intersection en X,Normale,Deux véhicules - côté,,,,,,,,,,,1,2,2,1.0,3.0
201700041861,0017-03-17 15:35:00,17,3,17,15,35,930,14,ROMAIN ROLLAND (ALLEE),,,Plein jour,En agglomération,Intersection en X,Normale,Deux véhicules - côté,,,,,,,,,,,1,2,2,1.0,3.0
201700041862,0017-03-22 17:20:00,17,3,22,17,20,930,47,"46, MESANGES  (AVENUE DE",,,Plein jour,En agglomération,Autre intersection,Normale,Autre collision,,,,,,,,,,,1,2,9,1.0,6.0
201700041863,0017-03-23 09:15:00,17,3,23,9,15,930,47,GENERAL LECLERC  (RUE DU,48.0,2.0,Plein jour,En agglomération,Intersection en X,Normale,Deux véhicules - côté,,,,,,,,,,,1,2,2,1.0,3.0
201700041864,0017-03-30 07:50:00,17,3,30,7,50,930,47,"30, HARDY  (BOULEVARD)",,,Plein jour,En agglomération,Intersection en T,Normale,Deux véhicules - côté,,,,,,,,,,,1,2,3,1.0,3.0
201700041865,0017-04-07 21:50:00,17,4,7,21,50,930,14,"59, GAGNY (ALLEE DE)",,,Nuit avec éclairage allumé,En agglomération,Hors intersection,Normale,Trois véhicules et plus - collisions multiples,,,,,,,,,,,5,2,1,1.0,5.0
201700041866,0017-04-15 08:22:00,17,4,15,8,22,930,14,ANGEL TESTA (ALLEE),,,Plein jour,En agglomération,Intersection en X,Pluie légère,Deux véhicules - côté,,,,,,,,,,,1,2,2,2.0,3.0
201700041867,0017-04-19 12:20:00,17,4,19,12,20,930,14,"22, PIERRE SIMON (ALLEE)",,,Plein jour,En agglomération,Hors intersection,Normale,Sans collision,,,,,,,,,,,1,2,1,1.0,7.0
201700041868,0017-04-23 05:10:00,17,4,23,5,10,930,47,JEAN JAURES (AVENUE),,,Nuit avec éclairage allumé,En agglomération,Hors intersection,Normale,Deux véhicules - côté,,,,,,,,,,,5,2,1,1.0,3.0
201700041869,0017-04-24 17:05:00,17,4,24,17,5,930,47,BARGUE  (BOULEVARD),,,Plein jour,En agglomération,Hors intersection,Normale,Deux véhicules - arrière,,,,,,,,,,,1,2,1,1.0,2.0
201700041870,0017-05-05 18:52:00,17,5,5,18,52,930,47,ARAGO  (PLACE),,,Plein jour,En agglomération,Hors intersection,Normale,Deux véhicules - frontale,,,,,,,,,,,1,2,1,1.0,1.0
201700041871,0017-05-09 18:45:00,17,5,9,18,45,930,14,"5, TEMPLE (BOULEVARD DU)",,,Plein jour,En agglomération,Intersection en T,Normale,Deux véhicules - arrière,,,,,,,,,,,1,2,3,1.0,2.0
201700041872,0017-05-11 03:00:00,17,5,11,3,0,930,47,GABRIEL PERI  (AVENUE),,,Nuit avec éclairage allumé,En agglomération,Intersection en X,Normale,Deux véhicules - côté,,,,,,,,,,,5,2,2,1.0,3.0
201700041873,0017-05-11 05:00:00,17,5,11,5,0,930,47,NOTRE DAMES DES ANGES  (,,,Nuit avec éclairage allumé,En agglomération,Intersection en X,Normale,Deux véhicules - côté,,,,,,,,,,,5,2,2,1.0,3.0
201700041874,0017-05-17 15:44:00,17,5,17,15,44,930,14,GAGNY (ALLEE DE),,,Plein jour,En agglomération,Hors intersection,Temps éblouissant,Autre collision,,,,,,,,,,,1,2,1,7.0,6.0
201700041875,0017-05-28 18:15:00,17,5,28,18,15,930,47,HENRI BARBUSSE  (RUE),,,Plein jour,En agglomération,Intersection en X,Normale,Deux véhicules - côté,,,,,,,,,,,1,2,2,1.0,3.0
201700041876,0017-05-30 20:15:00,17,5,30,20,15,930,47,SCIENCES   (AVENUE DES),,,Plein jour,En agglomération,Intersection en T,Normale,Deux véhicules - côté,,,,,,,,,,,1,2,3,1.0,3.0
201700041877,0017-05-29 14:57:00,17,5,29,14,57,930,47,ARTS  (AVENUE DES),,,Plein jour,En agglomération,Intersection à plus de 4 branches,Normale,Deux véhicules - côté,,,,,,,,,,,1,2,5,1.0,3.0
201700041878,0017-06-02 01:50:00,17,6,2,1,50,930,47,JEAN JAURES (AVENUE),,,Nuit avec éclairage allumé,En agglomération,Intersection en T,Normale,Deux véhicules - côté,,,,,,,,,,,5,2,3,1.0,3.0
201700041879,0017-06-07 20:20:00,17,6,7,20,20,930,47,"4, HIRONDELLES (AVENUE D",,,Plein jour,En agglomération,Intersection en T,Temps éblouissant,Deux véhicules - frontale,,,,,,,,,,,1,2,3,7.0,1.0
201700041880,0017-06-09 17:40:00,17,6,9,17,40,930,47,LAVOIR (RUE DU),,,Plein jour,En agglomération,Intersection en X,Normale,Deux véhicules - côté,,,,,,,,,,,1,2,2,1.0,3.0
201700041881,0017-06-15 08:45:00,17,6,15,8,45,930,14,EMILE ZOLA (BOULEVARD),,,Plein jour,En agglomération,Hors intersection,Normale,Deux véhicules - côté,,,,,,,,,,,1,2,1,1.0,3.0
201700041882,0017-06-19 15:50:00,17,6,19,15,50,930,14,GAGNY (ALLEE DE),,,Plein jour,En agglomération,Hors intersection,Temps éblouissant,Deux véhicules - arrière,,,,,,,,,,,1,2,1,7.0,2.0
201700041883,0017-06-24 17:00:00,17,6,24,17,0,930,14,JULES VALLES (ALLEE),,,Plein jour,En agglomération,Intersection en Y,Normale,Autre collision,,,,,,,,,,,1,2,4,1.0,6.0
201700041884,0017-06-27 15:45:00,17,6,27,15,45,930,47,JEAN JAURES (AVENUE),,,Plein jour,En agglomération,Intersection en X,Pluie légère,Deux véhicules - côté,,,,,,,,,,,1,2,2,2.0,3.0
201700041885,0017-06-30 18:25:00,17,6,30,18,25,930,14,GAGARINE (BOULEVARD),,,Plein jour,En agglomération,Hors intersection,Temps couvert,Deux véhicules - côté,,,,,,,,,,,1,2,1,8.0,3.0
201700041886,0017-07-05 17:00:00,17,7,5,17,0,930,14,"02, RECY (ALLEE DE)",,,Plein jour,En agglomération,Hors intersection,Normale,Autre collision,,,,,,,,,,,1,2,1,1.0,6.0
201700041887,0017-07-05 22:15:00,17,7,5,22,15,930,47,"201, JEAN JAURES (AVENUE",,,Nuit avec éclairage allumé,En agglomération,Hors intersection,Normale,Deux véhicules - côté,,,,,,,,,,,5,2,1,1.0,3.0
201700041888,0017-07-07 12:28:00,17,7,7,12,28,930,14,"253, MONTFERMEIL (ALLEE",,,Plein jour,En agglomération,Hors intersection,Normale,Deux véhicules - côté,,,,,,,,,,,1,2,1,1.0,3.0
201700041889,0017-07-15 10:30:00,17,7,15,10,30,930,14,GAGARINE (BOULEVARD),,,Plein jour,En agglomération,Hors intersection,Normale,Trois véhicules et plus - en chaîne,,,,,,,,,,,1,2,1,1.0,4.0
201700041890,0017-07-21 16:20:00,17,7,21,16,20,930,47,GENERAL LECLERC  (RUE DU,,,Plein jour,En agglomération,Intersection en Y,Normale,Autre collision,,,,,,,,,,,1,2,4,1.0,6.0
201700041891,0017-07-25 22:45:00,17,7,25,22,45,930,14,GAGARINE (BOULEVARD),,,Nuit avec éclairage allumé,En agglomération,Hors intersection,Normale,Autre collision,,,,,,,,,,,5,2,1,1.0,6.0
201700041892,0017-08-03 20:37:00,17,8,3,20,37,930,14,MAURICE AUDIN (ALLEE),,,Crépuscule ou aube,En agglomération,Hors intersection,Normale,Autre collision,,,,,,,,,,,2,2,1,1.0,6.0
201700041893,0017-08-06 15:40:00,17,8,6,15,40,930,14,"13, EMILE ZOLA (BOULEVAR",,,Plein jour,En agglomération,Hors intersection,Normale,Autre collision,,,,,,,,,,,1,2,1,1.0,6.0
201700041894,0017-08-18 00:05:00,17,8,18,0,5,930,14,VEUVE LINDET GIRARD (ALL,,,Nuit avec éclairage allumé,En agglomération,Hors intersection,Pluie légère,Deux véhicules - frontale,,,,,,,,,,,5,2,1,2.0,1.0
201700041895,0017-08-22 11:30:00,17,8,22,11,30,930,47,JEAN JAURES (AVENUE),,,Plein jour,En agglomération,Hors intersection,Normale,Deux véhicules - côté,,,,,,,,,,,1,2,1,1.0,3.0
201700041896,0017-08-24 18:40:00,17,8,24,18,40,930,14,"12, ETIENNE LAURENT (ALL",,,Plein jour,En agglomération,Hors intersection,Normale,Autre collision,,,,,,,,,,,1,2,1,1.0,6.0
201700041897,0017-09-07 12:36:00,17,9,7,12,36,930,47,BARGUE  (BOULEVARD),,,Plein jour,En agglomération,Hors intersection,Normale,Autre collision,,,,,,,,,,,1,2,1,1.0,6.0
201700041898,0017-09-10 12:30:00,17,9,10,12,30,930,14,GAGNY (ALLEE DE),,,Plein jour,En agglomération,Hors intersection,Normale,Deux véhicules - côté,,,,,,,,,,,1,2,1,1.0,3.0
201700041899,0017-09-15 09:22:00,17,9,15,9,22,930,14,EMILE ZOLA (BOULEVARD),48.90875,2.55608,Plein jour,En agglomération,Intersection en X,Temps éblouissant,Deux véhicules - côté,,,,,,,,,,,1,2,2,7.0,3.0
201700041900,0017-09-15 17:50:00,17,9,15,17,50,930,47,DOCTEUR ROUX (RUE DU),,,Plein jour,En agglomération,Intersection en Y,Normale,Autre collision,,,,,,,,,,,1,2,4,1.0,6.0
201700041901,0017-09-16 17:30:00,17,9,16,17,30,930,14,MARCEL PAUL (ALLEE),,,Plein jour,En agglomération,Intersection en T,Normale,Deux véhicules - arrière,,,,,,,,,,,1,2,3,1.0,2.0
201700041902,0017-09-23 11:30:00,17,9,23,11,30,930,14,"35, VEUVE LINDET GIRARD",,,Plein jour,En agglomération,Hors intersection,Normale,Deux véhicules - arrière,,,,,,,,,,,1,2,1,1.0,2.0
201700041903,0017-09-23 19:00:00,17,9,23,19,0,930,14,"12, WILLIAM GUTSCHMIDT (",,,Plein jour,En agglomération,Intersection en Y,Normale,Deux véhicules - arrière,,,,,,,,,,,1,2,4,1.0,2.0
201700041904,0017-09-26 08:55:00,17,9,26,8,55,930,47,ROGER WORMS (RUE),,,Plein jour,En agglomération,Intersection en T,Pluie légère,Deux véhicules - côté,,,,,,,,,,,1,2,3,2.0,3.0
201700041905,0017-09-26 20:25:00,17,9,26,20,25,930,47,JEAN JAURES (AVENUE),,,Nuit avec éclairage allumé,En agglomération,Intersection en T,Normale,Deux véhicules - arrière,,,,,,,,,,,5,2,3,1.0,2.0
201700041906,0017-09-28 15:00:00,17,9,28,15,0,930,47,"74, JEAN JAURES (AVENUE)",48.89953,2.55199,Plein jour,En agglomération,Intersection en X,Pluie légère,Deux véhicules - côté,,,,,,,,,,,1,2,2,2.0,3.0
201700041907,0017-10-04 08:35:00,17,10,4,8,35,930,47,"197, JEAN JAURES (AVENUE",48.89851,2.55287,Plein jour,En agglomération,Intersection en Y,Normale,Deux véhicules - côté,,,,,,,,,,,1,2,4,1.0,3.0
201700041908,0017-10-04 21:15:00,17,10,4,21,15,930,14,EMILE ZOLA (BOULEVARD),48.90836,2.55617,Nuit avec éclairage allumé,En agglomération,Hors intersection,Normale,Deux véhicules - côté,,,,,,,,,,,5,2,1,1.0,3.0
201700041909,0017-10-06 09:35:00,17,10,6,9,35,930,14,MAURICE AUDIN (ALLEE),48.9113,2.55063,Plein jour,En agglomération,Intersection en T,Normale,Autre collision,,,,,,,,,,,1,2,3,1.0,6.0
201700041910,0017-10-11 19:05:00,17,10,11,19,5,930,14,JEAN MOULIN (AVENUE),48.90832,2.56132,Crépuscule ou aube,En agglomération,Intersection en T,Normale,Deux véhicules - côté,,,,,,,,,,,2,2,3,1.0,3.0
201700041911,0017-10-27 16:40:00,17,10,27,16,40,930,14,SEVIGNE (AVENUE DE),48.91441,2.54429,Plein jour,En agglomération,Hors intersection,Normale,Deux véhicules - arrière,,,,,,,,,,,1,2,1,1.0,2.0
201700041912,0017-11-03 22:00:00,17,11,3,22,0,930,14,GAGARINE (BOULEVARD),,,Nuit avec éclairage allumé,En agglomération,Intersection en X,Normale,Deux véhicules - côté,,,,,,,,,,,5,2,2,1.0,3.0
201700041913,0017-11-04 16:20:00,17,11,4,16,20,930,47,JEAN JAURES (AVENUE),48.89865,2.54889,Plein jour,En agglomération,Intersection en T,Pluie légère,Deux véhicules - côté,,,,,,,,,,,1,2,3,2.0,3.0
201700041914,0017-11-06 22:40:00,17,11,6,22,40,930,47,PAUL DE KOCH  (RUE),,,Nuit avec éclairage allumé,En agglomération,Hors intersection,Normale,Autre collision,,,,,,,,,,,5,2,1,1.0,6.0
201700041915,0017-11-07 09:10:00,17,11,7,9,10,930,47,"1, PAUL DE KOCH  (RUE)",48.89945,2.55949,Plein jour,En agglomération,Intersection en X,Normale,Deux véhicules - côté,,,,,,,,,,,1,2,2,1.0,3.0
201700041916,0017-11-08 15:50:00,17,11,8,15,50,930,47,COQUELICOTS (AVENUE DES),,,Plein jour,En agglomération,Intersection en X,Normale,Deux véhicules - arrière,,,,,,,,,,,1,2,2,1.0,2.0
201700041917,0017-11-11 20:30:00,17,11,11,20,30,930,47,JEAN JAURES (AVENUE),48.8983,2.55339,Nuit avec éclairage allumé,En agglomération,Intersection à plus de 4 branches,Pluie légère,Deux véhicules - côté,,,,,,,,,,,5,2,5,2.0,3.0
201700041918,0017-11-13 08:15:00,17,11,13,8,15,930,14,"37, BELLEVUE (ALLEE DE)",,,Plein jour,En agglomération,Hors intersection,Normale,Deux véhicules - frontale,,,,,,,,,,,1,2,1,1.0,1.0
201700041919,0017-11-13 09:50:00,17,11,13,9,50,930,14,EMILE COSSONNEAU (ALLEE),,,Plein jour,En agglomération,Hors intersection,Normale,Deux véhicules - côté,,,,,,,,,,,1,2,1,1.0,3.0
201700041920,0017-11-15 13:35:00,17,11,15,13,35,930,47,GENERAL LECLERC  (RUE DU,,,Plein jour,En agglomération,Intersection en T,Normale,Deux véhicules - côté,,,,,,,,,,,1,2,3,1.0,3.0
201700041921,0017-11-22 10:30:00,17,11,22,10,30,930,47,SCIENCES   (AVENUE DES),48.90497,2.58397,Plein jour,En agglomération,Intersection en T,Normale,Autre collision,,,,,,,,,,,1,2,3,1.0,6.0
201700041922,0017-11-24 19:00:00,17,11,24,19,0,930,47,"137, JEAN JAURES (AVENUE",,,Nuit avec éclairage allumé,En agglomération,Hors intersection,Normale,Autre collision,,,,,,,,,,,5,2,1,1.0,6.0
201700041923,0017-11-29 17:20:00,17,11,29,17,20,930,47,"71, JEAN JAURES (AVENUE)",,,Nuit avec éclairage allumé,En agglomération,Hors intersection,Normale,Autre collision,,,,,,,,,,,5,2,1,1.0,6.0
201700041924,0017-12-10 01:00:00,17,12,10,1,0,930,49,"98, VICTOR HUGO (RUE) EG",48.86259,2.50787,Nuit avec éclairage allumé,En agglomération,Intersection à plus de 4 branches,Pluie légère,Autre collision,,,,,,,,,,,5,2,5,2.0,6.0
201700041925,0017-12-13 08:25:00,17,12,13,8,25,930,14,EMILE ZOLA (BOULEVARD),48.90649,2.5541,Plein jour,En agglomération,Hors intersection,Pluie forte,Autre collision,,,,,,,,,,,1,2,1,3.0,6.0
201700041926,0017-12-29 08:00:00,17,12,29,8,0,930,47,"45, OEILLETS  (AVENUE DE",,,Crépuscule ou aube,En agglomération,Intersection en T,Normale,Autre collision,,,,,,,,,,,2,2,3,1.0,6.0
201700041927,0017-01-03 13:00:00,17,1,3,13,0,930,27,"86, CONVENTIOn (RUE DE L",,,Plein jour,En agglomération,Hors intersection,Normale,Deux véhicules - arrière,,,,,,,,,,,1,2,1,1.0,2.0
201700041928,0017-01-12 16:30:00,17,1,12,16,30,930,13,CAVILLON (RUE ANIZAN),,,Plein jour,En agglomération,Intersection en T,Pluie légère,Deux véhicules - côté,,,,,,,,,,,1,2,3,2.0,3.0
201700041929,0017-01-13 16:30:00,17,1,13,16,30,930,27,"42, BARBUSSE (AVENUE HEN",,,Plein jour,En agglomération,Hors intersection,Pluie légère,Autre collision,,,,,,,,,,,1,2,1,2.0,6.0
201700041930,0017-01-18 09:30:00,17,1,18,9,30,930,27,LECLERC (AVENUE DU GENER,,,Plein jour,En agglomération,Intersection à plus de 4 branches,Normale,Deux véhicules - côté,,,,,,,,,,,1,2,5,1.0,3.0
201700041931,0017-01-20 22:50:00,17,1,20,22,50,930,30,HUIT-MAI-1945 (AVENUE DU,,,Nuit avec éclairage allumé,En agglomération,Hors intersection,Normale,Autre collision,,,,,,,,,,,5,2,1,1.0,6.0
201700041932,0017-01-21 10:15:00,17,1,21,10,15,930,27,"34, PASTEUR (BOULEVARD)",,,Plein jour,En agglomération,Intersection en T,Autre,Deux véhicules - côté,,,,,,,,,,,1,2,3,9.0,3.0
201700041933,0017-01-29 21:40:00,17,1,29,21,40,930,13,LECLERC (AVENU DE LA DIV,,,Nuit avec éclairage allumé,En agglomération,Autre intersection,Pluie légère,Autre collision,,,,,,,,,,,5,2,9,2.0,6.0
201700041934,0017-02-06 23:00:00,17,2,6,23,0,930,27,", CREVECOEUR (RUE DE)",,,Nuit avec éclairage allumé,En agglomération,Intersection en X,Normale,Deux véhicules - côté,,,,,,,,,,,5,2,2,1.0,3.0
201700041935,0017-02-09 15:05:00,17,2,9,15,5,930,27,CREVECOEUR (RUE DE),,,Plein jour,En agglomération,Hors intersection,Normale,Trois véhicules et plus - en chaîne,,,,,,,,,,,1,2,1,1.0,4.0
201700041936,0017-02-10 19:00:00,17,2,10,19,0,930,13,JAURES (AVENUE JEAN) DE,,,Nuit avec éclairage allumé,En agglomération,Hors intersection,Pluie légère,Autre collision,,,,,,,,,,,5,2,1,2.0,6.0
201700041937,0017-02-12 02:40:00,17,2,12,2,40,930,27,PASTEUR (BOULEVARD) DE 4,,,Nuit avec éclairage allumé,En agglomération,Intersection en T,Normale,Deux véhicules - côté,,,,,,,,,,,5,2,3,1.0,3.0
201700041938,0017-02-12 22:10:00,17,2,12,22,10,930,27,"197, VAILLANT-COUTURIER",,,Nuit avec éclairage allumé,En agglomération,Hors intersection,Normale,Deux véhicules - côté,,,,,,,,,,,5,2,1,1.0,3.0
201700041939,0017-02-13 15:05:00,17,2,13,15,5,930,30,CROIZAT (AVENUE AMBROISE,,,Plein jour,En agglomération,Hors intersection,Normale,Trois véhicules et plus - collisions multiples,,,,,,,,,,,1,2,1,1.0,5.0
201700041940,0017-02-14 11:55:00,17,2,14,11,55,930,27,VAILLANT-COUTURIER (AVEN,,,Plein jour,En agglomération,Hors intersection,Pluie légère,Autre collision,,,,,,,,,,,1,2,1,2.0,6.0
201700041941,0017-02-14 16:44:00,17,2,14,16,44,930,27,"6, QUINET (RUE EDGAR)",,,Plein jour,En agglomération,Hors intersection,Normale,Autre collision,,,,,,,,,,,1,2,1,1.0,6.0