accident_id,datetime,annee,mois,jour,heure,minute,departement,commune_insee,adresse,latitude,longitude,luminosite,agglomeration,intersection,meteo,collision,nb_vehicules,nb_usagers,nb_indemnes,nb_tues,nb_blesses_hosp,nb_blesses_legers,age_cond_1,age_cond_2,veh_type_cond_1,veh_type_cond_2,lum_code,agg_code,int_code,atm_code,col_code
201700041942,0017-02-17 08:40:00,17,2,17,8,40,930,13,JAURES (AVENUE JEAN) DE,,,Plein jour,En agglomération,Hors intersection,Normale,Deux véhicules - côté,,,,,,,,,,,1,2,1,1.0,3.0
201700041943,0017-02-23 11:05:00,17,2,23,11,5,930,30,"4, CROIZAT (AVENUE AMBRO",,,Plein jour,En agglomération,Intersection en T,Normale,Autre collision,,,,,,,,,,,1,2,3,1.0,6.0
201700041944,0017-02-26 11:10:00,17,2,26,11,10,930,27,"28, TIMBAUD (RUE JEAN-PI",,,Plein jour,En agglomération,Intersection en X,Temps couvert,Autre collision,,,,,,,,,,,1,2,2,8.0,6.0
201700041945,0017-02-28 17:00:00,17,2,28,17,0,930,27,", CONVENTION (RUE DE LA)",,,Plein jour,En agglomération,Hors intersection,Normale,Autre collision,,,,,,,,,,,1,2,1,1.0,6.0
201700041946,0017-03-01 17:10:00,17,3,1,17,10,930,27,RASPAIL (RUE),,,Plein jour,En agglomération,Intersection en T,Pluie légère,Deux véhicules - côté,,,,,,,,,,,1,2,3,2.0,3.0
201700041947,0017-03-04 06:20:00,17,3,4,6,20,930,27,SALENGRO (AVENUE ROGER),,,Nuit avec éclairage allumé,En agglomération,Hors intersection,Pluie légère,Trois véhicules et plus - collisions multiples,,,,,,,,,,,5,2,1,2.0,5.0
201700041948,0017-03-08 19:20:00,17,3,8,19,20,930,27,MERMOZ (AVENUE JEAN),,,Nuit avec éclairage allumé,En agglomération,Hors intersection,Pluie légère,Deux véhicules - arrière,,,,,,,,,,,5,2,1,2.0,2.0
201700041949,0017-03-17 10:50:00,17,3,17,10,50,930,27,PALMERS (PONT),,,Plein jour,En agglomération,Hors intersection,Normale,Autre collision,,,,,,,,,,,1,2,1,1.0,6.0
201700041950,0017-03-18 12:00:00,17,3,18,12,0,930,27,"49, BARBUSSE (AVENUE HEN",,,Plein jour,En agglomération,Hors intersection,Pluie légère,Autre collision,,,,,,,,,,,1,2,1,2.0,6.0
201700041951,0017-03-21 09:30:00,17,3,21,9,30,930,27,"211, VAILLANT-COUTURIER",48.92789,2.41831,Plein jour,Hors agglomération,Hors intersection,Temps couvert,Autre collision,,,,,,,,,,,1,1,1,8.0,6.0
201700041952,0017-03-21 15:45:00,17,3,21,15,45,930,27,"80, SAINT-DENIS (RUE DE)",48.55482,2.23065,Plein jour,En agglomération,Hors intersection,Normale,Autre collision,,,,,,,,,,,1,2,1,1.0,6.0
201700041953,0017-03-27 11:18:00,17,3,27,11,18,930,27,"07, HUGO (AVENUE VICTOR)",48.55283,2.23093,Plein jour,En agglomération,Hors intersection,Normale,Autre collision,,,,,,,,,,,1,2,1,1.0,6.0
201700041954,0017-03-29 13:10:00,17,3,29,13,10,930,13,"5, VAILLANT (RUE EDOUARD",48.93817,2.43305,Plein jour,En agglomération,Hors intersection,Normale,Autre collision,,,,,,,,,,,1,2,1,1.0,6.0
201700041955,0017-03-30 11:35:00,17,3,30,11,35,930,27,"1, CACHIN (AVENUE MARCEL",48.55348,2.23476,Plein jour,En agglomération,Hors intersection,Normale,Trois véhicules et plus - en chaîne,,,,,,,,,,,1,2,1,1.0,4.0
201700041956,0017-03-31 19:20:00,17,3,31,19,20,930,27,"7, HUGO (AVENUE VICTOR)",,,Plein jour,En agglomération,Hors intersection,Normale,Autre collision,,,,,,,,,,,1,2,1,1.0,6.0
201700041957,0017-04-01 16:20:00,17,4,1,16,20,930,30,"23, CHARDAVOINE (IMPASSE",48.95291,2.41342,Plein jour,En agglomération,Hors intersection,Normale,Autre collision,,,,,,,,,,,1,2,1,1.0,6.0
201700041958,0017-04-05 20:40:00,17,4,5,20,40,930,30,"18, CROIZAT (AVENUE AMBR",48.95766,2.41593,Nuit avec éclairage allumé,En agglomération,Hors intersection,Normale,Deux véhicules - arrière,,,,,,,,,,,5,2,1,1.0,2.0
201700041959,0017-04-09 13:35:00,17,4,9,13,35,930,27,"1, JAURES (AVENUE JEAN)",48.92499,2.39942,Plein jour,En agglomération,Autre intersection,Normale,Trois véhicules et plus - en chaîne,,,,,,,,,,,1,2,9,1.0,4.0
201700041960,0017-04-14 19:00:00,17,4,14,19,0,930,27,"13, LUCIENNE (RUE)",48.93056,2.38082,Plein jour,En agglomération,Hors intersection,Normale,Autre collision,,,,,,,,,,,1,2,1,1.0,6.0
201700041961,0017-04-18 15:10:00,17,4,18,15,10,930,13,"1, LINDBERGH (CARREFOUR)",48.94265,2.42988,Plein jour,En agglomération,Hors intersection,Normale,Autre collision,,,,,,,,,,,1,2,1,1.0,6.0
201700041962,0017-04-21 20:00:00,17,4,21,20,0,930,27,"39, PASTEUR (BOULEVARD)",48.92179,2.38329,Crépuscule ou aube,En agglomération,Hors intersection,Normale,Deux véhicules - côté,,,,,,,,,,,2,2,1,1.0,3.0
201700041963,0017-04-23 15:05:00,17,4,23,15,5,930,13,"3, CAVILLON (RUE ANIZAN)",48.93434,2.41958,Plein jour,En agglomération,Hors intersection,Normale,Deux véhicules - arrière,,,,,,,,,,,1,2,1,1.0,2.0
201700041964,0017-05-01 20:15:00,17,5,1,20,15,930,30,"18, LARIVIERE (RUE LOUIS",48.95383,2.41638,Crépuscule ou aube,En agglomération,Intersection en X,Normale,Autre collision,,,,,,,,,,,2,2,2,1.0,6.0
201700041965,0017-05-07 02:15:00,17,5,7,2,15,930,13,"151, LECLERC (AVENU DE L",48.56263,2.2551,Nuit avec éclairage allumé,En agglomération,Intersection en X,Pluie légère,Deux véhicules - côté,,,,,,,,,,,5,2,2,2.0,3.0
201700041966,0017-05-10 20:00:00,17,5,10,20,0,930,27,"128, VAILLANT-COUTURIER",48.91899,2.40841,Plein jour,En agglomération,Hors intersection,Normale,Deux véhicules - arrière,,,,,,,,,,,1,2,1,1.0,2.0
201700041967,0017-05-15 18:00:00,17,5,15,18,0,930,27,"84, SAINT-DENIS (RUE DE)",48.55511,2.22571,Plein jour,En agglomération,Intersection en T,Normale,Deux véhicules - côté,,,,,,,,,,,1,2,3,1.0,3.0
201700041968,0017-05-22 21:20:00,17,5,22,21,20,930,27,"166, VAILLANT-COUTURIER",48.9275,2.41775,Nuit avec éclairage allumé,En agglomération,Intersection en T,Normale,Deux véhicules - côté,,,,,,,,,,,5,2,3,1.0,3.0
201700041969,0017-05-23 16:20:00,17,5,23,16,20,930,27,"27, LECLERC (AVENUE DU G",48.92752,2.37978,Plein jour,En agglomération,Hors intersection,Normale,Autre collision,,,,,,,,,,,1,2,1,1.0,6.0
201700041970,0017-05-24 23:30:00,17,5,24,23,30,930,30,"7, THOMAS (RUE ALBERT)",,,Nuit avec éclairage allumé,En agglomération,Hors intersection,Normale,Sans collision,,,,,,,,,,,5,2,1,1.0,7.0
201700041971,0017-05-25 17:30:00,17,5,25,17,30,930,27,"33, ROCHET (RUE WALDECK)",48.93535,2.40297,Plein jour,En agglomération,Hors intersection,Normale,Deux véhicules - arrière,,,,,,,,,,,1,2,1,1.0,2.0
201700041972,0017-05-30 10:15:00,17,5,30,10,15,930,27,"1, SALENGRO (AVENUE ROGE",48.93006,2.38515,Plein jour,En agglomération,Giratoire,Normale,Deux véhicules - côté,,,,,,,,,,,1,2,6,1.0,3.0
201700041973,0017-06-01 17:40:00,17,6,1,17,40,930,13,"32, LECLERC (AVENU DE LA",48.93331,2.42409,Plein jour,En agglomération,Intersection en X,Normale,Autre collision,,,,,,,,,,,1,2,2,1.0,6.0
201700041974,0017-06-04 01:45:00,17,6,4,1,45,930,27,"121, PASTEUR (BOULEVARD)",48.928,2.38552,Nuit avec éclairage allumé,En agglomération,Hors intersection,Normale,Autre collision,,,,,,,,,,,5,2,1,1.0,6.0
201700041975,0017-06-05 06:50:00,17,6,5,6,50,930,13,"12, RIGAUD (RUE)",48.93307,2.42175,Crépuscule ou aube,En agglomération,Hors intersection,Normale,Autre collision,,,,,,,,,,,2,2,1,1.0,6.0
201700041976,0017-06-07 13:50:00,17,6,7,13,50,930,27,"68, SAINT-DENIS (RUE DE)",48.93087,2.38252,Plein jour,En agglomération,Intersection en X,Normale,Deux véhicules - côté,,,,,,,,,,,1,2,2,1.0,3.0
201700041977,0017-06-07 19:10:00,17,6,7,19,10,930,27,"3, DANTON (RUE)",48.92241,2.40698,Plein jour,En agglomération,Intersection en X,Normale,Deux véhicules - côté,,,,,,,,,,,1,2,2,1.0,3.0
201700041978,0017-06-09 20:00:00,17,6,9,20,0,930,27,"290, LENINE (AVENUE)",48.91942,2.41362,Plein jour,En agglomération,Intersection en T,Normale,Autre collision,,,,,,,,,,,1,2,3,1.0,6.0
201700041979,0017-06-10 14:45:00,17,6,10,14,45,930,27,"1, VAILLANT-COUTURIER (A",,,Plein jour,En agglomération,Hors intersection,Normale,Autre collision,,,,,,,,,,,1,2,1,1.0,6.0
201700041980,0017-06-07 20:46:00,17,6,7,20,46,930,27,"90, JAURES (AVENUE JEAN)",48.92306,2.40566,Plein jour,En agglomération,Hors intersection,Normale,Deux véhicules - arrière,,,,,,,,,,,1,2,1,1.0,2.0
201700041981,0017-06-12 08:40:00,17,6,12,8,40,930,27,"100, ROCHET (RUE WALDECK",48.94233,2.41083,Plein jour,En agglomération,Hors intersection,Normale,Trois véhicules et plus - en chaîne,,,,,,,,,,,1,2,1,1.0,4.0
201700041982,0017-06-15 07:30:00,17,6,15,7,30,930,27,"107-109, JAURES (AVENUE",48.92234,2.40754,Plein jour,En agglomération,Intersection en T,Normale,Deux véhicules - côté,,,,,,,,,,,1,2,3,1.0,3.0
201700041983,0017-06-16 01:15:00,17,6,16,1,15,930,30,"132, HUIT-MAI-1945 (AVEN",48.94772,2.4375,Nuit avec éclairage allumé,En agglomération,Hors intersection,Normale,Deux véhicules - côté,,,,,,,,,,,5,2,1,1.0,3.0
201700041984,0017-06-18 17:24:00,17,6,18,17,24,930,27,"29, PERI (AVENUE GABRIEL",48.55381,2.23178,Plein jour,En agglomération,Intersection en X,Normale,Deux véhicules - côté,,,,,,,,,,,1,2,2,1.0,3.0
201700041985,0017-06-18 21:12:00,17,6,18,21,12,930,27,"23, CREVECOEUR (RUE DE)",48.94911,2.38259,Plein jour,En agglomération,Intersection en T,Normale,Autre collision,,,,,,,,,,,1,2,3,1.0,6.0
201700041986,0017-06-22 14:55:00,17,6,22,14,55,930,30,"1, DE GAULLE (AVENUE DU",48.94967,2.41532,Plein jour,En agglomération,Hors intersection,Normale,Autre collision,,,,,,,,,,,1,2,1,1.0,6.0
201700041987,0017-06-23 12:45:00,17,6,23,12,45,930,27,"55, PASTEUR (BOULEVARD)",48.92182,2.3833,Plein jour,En agglomération,Intersection en X,Normale,Deux véhicules - côté,,,,,,,,,,,1,2,2,1.0,3.0
201700041988,0017-06-24 13:22:00,17,6,24,13,22,930,27,"109/111, PASTEUR (BOULEV",48.92805,7.71,Plein jour,En agglomération,Intersection en X,Normale,Deux véhicules - côté,,,,,,,,,,,1,2,2,1.0,3.0
201700041989,0017-06-25 17:58:00,17,6,25,17,58,930,27,"93, ROCHET (RUE WALDECK)",48.94196,2.41049,Plein jour,En agglomération,Hors intersection,Normale,Autre collision,,,,,,,,,,,1,2,1,1.0,6.0
201700041990,0017-06-29 18:10:00,17,6,29,18,10,930,27,"168, VAILLANT-COUTURIER",,,Plein jour,En agglomération,Hors intersection,Temps couvert,Deux véhicules - arrière,,,,,,,,,,,1,2,1,8.0,2.0
201700041991,0017-07-18 09:04:00,17,7,18,9,4,930,27,"121, VAILLANT-COUTURIER",48.9244,2.41447,Plein jour,En agglomération,Hors intersection,Normale,Autre collision,,,,,,,,,,,1,2,1,1.0,6.0
201700041992,0017-07-20 05:38:00,17,7,20,5,38,930,27,JOLLOIS (RUE),48.9218,2.38329,Crépuscule ou aube,En agglomération,Intersection en X,Normale,Deux véhicules - côté,,,,,,,,,,,2,2,2,1.0,3.0
201700041993,0017-07-21 16:20:00,17,7,21,16,20,930,27,"71, PASTEUR (BOULEVARD)",48.9245,2.38437,Plein jour,En agglomération,Hors intersection,Normale,Autre collision,,,,,,,,,,,1,2,1,1.0,6.0
201700041994,0017-06-21 21:25:00,17,6,21,21,25,930,27,"12, QUINET (RUE EDGAR)",48.92831,2.39437,Crépuscule ou aube,En agglomération,Hors intersection,Normale,Sans collision,,,,,,,,,,,2,2,1,1.0,7.0
201700041995,0017-08-03 17:15:00,17,8,3,17,15,930,27,"63, CONVENTION (RUE DE L",48.92775,2.39164,Plein jour,En agglomération,Hors intersection,Normale,Autre collision,,,,,,,,,,,1,2,1,1.0,6.0
201700041996,0017-08-04 14:10:00,17,8,4,14,10,930,27,"53, SALENGRO (AVENUE ROG",48.93821,2.38796,Plein jour,En agglomération,Hors intersection,Normale,Deux véhicules - arrière,,,,,,,,,,,1,2,1,1.0,2.0
201700041997,0017-08-10 12:50:00,17,8,10,12,50,930,27,"55, CONVENTION (RUE DE L",48.92852,2.38923,Plein jour,En agglomération,Hors intersection,Pluie légère,Deux véhicules - côté,,,,,,,,,,,1,2,1,2.0,3.0
201700041998,0017-08-13 11:30:00,17,8,13,11,30,930,27,"63, VAILLANT-COUTURIER (",48.9212,2.41076,Plein jour,En agglomération,Hors intersection,Normale,Autre collision,,,,,,,,,,,1,2,1,1.0,6.0
201700041999,0017-08-14 19:15:00,17,8,14,19,15,930,27,"1, SAINT-DENIS (RUE DE)",48.93065,2.38253,Plein jour,En agglomération,Intersection en T,Normale,Deux véhicules - côté,,,,,,,,,,,1,2,3,1.0,3.0
201700042000,0017-08-19 18:54:00,17,8,19,18,54,930,30,DE GAULLE (AVENUE DU GEN,48.9455,2.4141,Plein jour,En agglomération,Giratoire,Normale,Deux véhicules - côté,,,,,,,,,,,1,2,6,1.0,3.0
201700042001,0017-08-23 12:30:00,17,8,23,12,30,930,27,"170, VAILLANT-COUTURIER",48.92699,2.41749,Plein jour,En agglomération,Hors intersection,Normale,Deux véhicules - côté,,,,,,,,,,,1,2,1,1.0,3.0
201700042002,0017-08-24 19:45:00,17,8,24,19,45,930,27,JAURES (AVENUE JEAN),48.92421,2.40225,Plein jour,En agglomération,Intersection en T,Normale,Deux véhicules - côté,,,,,,,,,,,1,2,3,1.0,3.0
201700042003,0017-08-29 19:50:00,17,8,29,19,50,930,27,SAINT-DENIS (RUE DE),48.93016,2.38449,Plein jour,En agglomération,Hors intersection,Normale,Autre collision,,,,,,,,,,,1,2,1,1.0,6.0
201700042004,0017-09-06 04:50:00,17,9,6,4,50,930,30,"02, DE GAULLE (AVENUE DU",48.94667,2.4142,Nuit avec éclairage allumé,En agglomération,Hors intersection,Normale,Autre collision,,,,,,,,,,,5,2,1,1.0,6.0
201700042005,0017-09-14 03:25:00,17,9,14,3,25,930,27,"56, PASTEUR (BOULEVARD)",48.92539,2.38462,Nuit avec éclairage allumé,En agglomération,Intersection en X,Pluie légère,Autre collision,,,,,,,,,,,5,2,2,2.0,6.0
201700042006,0017-09-14 11:50:00,17,9,14,11,50,930,27,"31, CACHIN (AVENUE MARCE",48.92926,2.39666,Plein jour,En agglomération,Intersection en X,Normale,Autre collision,,,,,,,,,,,1,2,2,1.0,6.0
201700042007,0017-09-14 10:40:00,17,9,14,10,40,930,30,"3, HUIT-MAI-1945 (AVENUE",48.95344,2.44253,Plein jour,En agglomération,Hors intersection,Normale,Deux véhicules - côté,,,,,,,,,,,1,2,1,1.0,3.0
201700042008,0017-09-16 03:30:00,17,9,16,3,30,930,27,"38, PASTEUR (BOULEVARD)",48.92239,2.38368,Nuit avec éclairage allumé,En agglomération,Hors intersection,Normale,Autre collision,,,,,,,,,,,5,2,1,1.0,6.0
201700042009,0017-09-18 16:30:00,17,9,18,16,30,930,27,"4, FERRY (RUE JULES)",48.92688,2.39282,Plein jour,En agglomération,Hors intersection,Normale,Autre collision,,,,,,,,,,,1,2,1,1.0,6.0
201700042010,0017-09-18 19:10:00,17,9,18,19,10,930,27,", RENOIR (RUE)",48.92767,2.3769,Crépuscule ou aube,En agglomération,Hors intersection,Normale,Autre collision,,,,,,,,,,,2,2,1,1.0,6.0
201700042011,0017-09-18 19:14:00,17,9,18,19,14,930,27,"07, RENOIR (RUE)",48.92752,2.3769,Crépuscule ou aube,En agglomération,Hors intersection,Temps couvert,Autre collision,,,,,,,,,,,2,2,1,8.0,6.0
201700042012,0017-09-29 12:51:00,17,9,29,12,51,930,30,"1, LARIVIERE (RUE LOUIS)",48.95,1.0,Plein jour,En agglomération,Hors intersection,Normale,Autre collision,,,,,,,,,,,1,2,1,1.0,6.0
201700042013,0017-09-30 11:55:00,17,9,30,11,55,930,27,"131, MERMOZ (AVENUE JEAN",48.93,2.41,Plein jour,En agglomération,Hors intersection,Normale,Sans collision,,,,,,,,,,,1,2,1,1.0,7.0
201700042014,0017-09-30 15:10:00,17,9,30,15,10,930,30,"2, LECLERC DE HAUTECLOQU",48.94548,2.41485,Plein jour,En agglomération,Giratoire,Normale,Autre collision,,,,,,,,,,,1,2,6,1.0,6.0
201700042015,0017-10-05 19:30:00,17,10,5,19,30,930,27,"39, PASTEUR (BOULEVARD)",48.9217,2.3833,Nuit avec éclairage allumé,En agglomération,Intersection en X,Normale,Deux véhicules - côté,,,,,,,,,,,5,2,2,1.0,3.0
201700042016,0017-10-06 06:45:00,17,10,6,6,45,930,27,"4, SALENGRO (AVENUE ROGE",48.93004,2.38526,Nuit avec éclairage allumé,En agglomération,Giratoire,Normale,Deux véhicules - côté,,,,,,,,,,,5,2,6,1.0,3.0
201700042017,0017-10-10 13:21:00,17,10,10,13,21,930,13,"49, CAVILLON (RUE ANIZAN",48.93384,2.41759,Plein jour,En agglomération,Hors intersection,Normale,Deux véhicules - frontale,,,,,,,,,,,1,2,1,1.0,1.0
201700042018,0017-10-11 16:40:00,17,10,11,16,40,930,27,"168, VAILLANT-COUTURIER",48.92764,2.41776,Plein jour,En agglomération,Hors intersection,Normale,Deux véhicules - côté,,,,,,,,,,,1,2,1,1.0,3.0
201700042019,0017-10-13 04:00:00,17,10,13,4,0,930,27,"77, JAURES (AVENUE JEAN)",48.92332,2.40537,Nuit avec éclairage allumé,En agglomération,Hors intersection,Normale,Autre collision,,,,,,,,,,,5,2,1,1.0,6.0
201700042020,0017-10-14 14:47:00,17,10,14,14,47,930,30,CROIZAT (AVENUE AMBROISE,48.95789,2.41595,Plein jour,En agglomération,Intersection en T,Normale,Deux véhicules - côté,,,,,,,,,,,1,2,3,1.0,3.0
201700042021,0017-10-18 10:30:00,17,10,18,10,30,930,27,"8, CLOS (RUE DES)",48.93013,2.37762,Plein jour,En agglomération,Hors intersection,Normale,Autre collision,,,,,,,,,,,1,2,1,1.0,6.0
201700042022,0017-10-19 10:50:00,17,10,19,10,50,930,27,"160 bis, VAILLANT-COUTUR",48.92553,2.41606,Plein jour,En agglomération,Hors intersection,Normale,Deux véhicules - côté,,,,,,,,,,,1,2,1,1.0,3.0
201700042023,0017-10-22 21:58:00,17,10,22,21,58,930,27,"52, LECLERC (AVENUE DU G",48.92796,2.38204,Nuit avec éclairage allumé,En agglomération,Hors intersection,Pluie légère,Deux véhicules - côté,,,,,,,,,,,5,2,1,2.0,3.0
201700042024,0017-10-23 22:40:00,17,10,23,22,40,930,27,"18, GENEVE (RUE DE)",48.92334,2.38046,Nuit avec éclairage allumé,En agglomération,Intersection en T,Pluie légère,Deux véhicules - arrière,,,,,,,,,,,5,2,3,2.0,2.0
201700042025,0017-11-03 08:50:00,17,11,3,8,50,930,27,"42, ZOLA (RUE EMILE)",48.92246,2.38796,Plein jour,En agglomération,Hors intersection,Normale,Deux véhicules - arrière,,,,,,,,,,,1,2,1,1.0,2.0
201700042026,0017-11-03 12:45:00,17,11,3,12,45,930,27,"70, VAILLANT-COUTURIER (",49.92187,2.41195,Plein jour,En agglomération,Hors intersection,Normale,Autre collision,,,,,,,,,,,1,2,1,1.0,6.0
201700042027,0017-11-05 07:10:00,17,11,5,7,10,930,13,"18, LECLERC (AVENU DE LA",48.93213,2.42309,Crépuscule ou aube,En agglomération,Hors intersection,Pluie légère,Trois véhicules et plus - en chaîne,,,,,,,,,,,2,2,1,2.0,4.0
201700042028,0017-11-05 15:45:00,17,11,5,15,45,930,27,HUIT-MAI-1945 (PLACE DU),,,Plein jour,En agglomération,Place,Normale,Autre collision,,,,,,,,,,,1,2,7,1.0,6.0
201700042029,0017-11-06 15:45:00,17,11,6,15,45,930,27,"22, VALMY (RUE DE)",48.92292,2.38155,Plein jour,En agglomération,Intersection en T,Normale,Deux véhicules - côté,,,,,,,,,,,1,2,3,1.0,3.0
201700042030,0017-11-07 12:30:00,17,11,7,12,30,930,27,"32, ROCHET (RUE WALDECK)",48.93386,2.40128,Plein jour,En agglomération,Hors intersection,Normale,Deux véhicules - arrière,,,,,,,,,,,1,2,1,1.0,2.0
201700042031,0017-11-07 21:18:00,17,11,7,21,18,930,27,"129, VAILLANT-COUTURIER",48.92468,2.41471,Nuit avec éclairage allumé,En agglomération,Place,Normale,Deux véhicules - côté,,,,,,,,,,,5,2,7,1.0,3.0
201700042032,0017-11-09 08:55:00,17,11,9,8,55,930,13,"20, CAVILLON (RUE ANIZAN",48.93497,2.42309,Crépuscule ou aube,En agglomération,Autre intersection,Temps couvert,Autre collision,,,,,,,,,,,2,2,9,8.0,6.0
201700042033,0017-11-12 00:01:00,17,11,12,0,1,930,27,"10, PASTEUR (BOULEVARD)",48.92018,2.38287,Nuit avec éclairage allumé,En agglomération,Hors intersection,Pluie légère,Autre collision,,,,,,,,,,,5,2,1,2.0,6.0
201700042034,0017-11-11 16:57:00,17,11,11,16,57,930,27,"91, PASTEUR (BOULEVARD)",48.92675,2.3848,Crépuscule ou aube,En agglomération,Hors intersection,Pluie légère,Autre collision,,,,,,,,,,,2,2,1,2.0,6.0
201700042035,0017-11-14 17:00:00,17,11,14,17,0,930,72,"13, MARCEL CACHIN (AVENU",48.9569,2.38295,Crépuscule ou aube,En agglomération,Autre intersection,Normale,Autre collision,,,,,,,,,,,2,2,9,1.0,6.0
201700042036,0017-11-15 17:15:00,17,11,15,17,15,930,66,"30, PRESSENCE FRANCIS (A",48.92409,2.37247,Crépuscule ou aube,En agglomération,Hors intersection,Normale,Deux véhicules - arrière,,,,,,,,,,,2,2,1,1.0,2.0
201700042037,0017-11-17 17:10:00,17,11,17,17,10,930,13,"60, JAURES (AVENUE JEAN)",48.93162,2.42771,Crépuscule ou aube,En agglomération,Hors intersection,Normale,Deux véhicules - arrière,,,,,,,,,,,2,2,1,1.0,2.0
201700042038,0017-11-20 13:37:00,17,11,20,13,37,930,27,"14, POLITZER (RUE GEORGE",48.93148,2.40013,Plein jour,En agglomération,Hors intersection,Normale,Autre collision,,,,,,,,,,,1,2,1,1.0,6.0
201700042039,0017-11-21 17:00:00,17,11,21,17,0,930,30,"230, HUIT-MAI-1945 (AVEN",48.95512,2.44418,Crépuscule ou aube,En agglomération,Intersection en T,Normale,Autre collision,,,,,,,,,,,2,2,3,1.0,6.0
201700042040,0017-11-24 12:50:00,17,11,24,12,50,930,13,LECLERC (AVENU DE LA DIV,48.93464,2.42555,Plein jour,En agglomération,Hors intersection,Temps couvert,Autre collision,,,,,,,,,,,1,2,1,8.0,6.0
201700042041,0017-11-25 16:20:00,17,11,25,16,20,930,27,"104, ROCHET (RUE WALDECK",48.94394,2.41269,Plein jour,En agglomération,Hors intersection,Normale,Autre collision,,,,,,,,,,,1,2,1,1.0,6.0
201700042042,0017-11-25 19:08:00,17,11,25,19,8,930,27,"162, VAILLANT-COUTURIER",,,Nuit avec éclairage allumé,En agglomération,Hors intersection,Normale,Deux véhicules - côté,,,,,,,,,,,5,2,1,1.0,3.0
201700042043,0017-11-25 23:50:00,17,11,25,23,50,930,13,"79, LECLERC (AVENU DE LA",48.93628,2.43072,Nuit avec éclairage allumé,En agglomération,Hors intersection,Normale,Trois véhicules et plus - en chaîne,,,,,,,,,,,5,2,1,1.0,4.0
201700042044,0017-12-01 11:25:00,17,12,1,11,25,930,13,"34, KENNEDY (AVENUE JOHN",48.93909,2.42418,Plein jour,En agglomération,Hors intersection,Normale,Autre collision,,,,,,,,,,,1,2,1,1.0,6.0
201700042045,0017-12-06 07:40:00,17,12,6,7,40,930,13,"98, LECLERC (AVENU DE LA",48.9377,2.42869,Nuit avec éclairage allumé,En agglomération,Intersection en X,Normale,Deux véhicules - côté,,,,,,,,,,,5,2,2,1.0,3.0
201700042046,0017-12-07 22:00:00,17,12,7,22,0,930,27,"197, VAILLANT-COUTURIER",48.92863,2.41872,Nuit avec éclairage allumé,En agglomération,Hors intersection,Pluie légère,Deux véhicules - arrière,,,,,,,,,,,5,2,1,2.0,2.0
201700042047,0017-12-08 17:29:00,17,12,8,17,29,930,30,"1, LARIVIERE (RUE LOUIS)",48.95165,2.41672,Crépuscule ou aube,En agglomération,Autre intersection,Pluie légère,Autre collision,,,,,,,,,,,2,2,9,2.0,6.0
201700042048,0017-12-12 06:50:00,17,12,12,6,50,930,27,"90, JAURES (AVENUE JEAN)",48.92308,2.40567,Nuit avec éclairage allumé,En agglomération,Hors intersection,Pluie forte,Autre collision,,,,,,,,,,,5,2,1,3.0,6.0
201700042049,0017-12-22 04:35:00,17,12,22,4,35,930,70,"1, ALBERT-DHALENNE (RUE)",48.91526,2.33123,Nuit avec éclairage allumé,En agglomération,Hors intersection,Normale,Deux véhicules - côté,,,,,,,,,,,5,2,1,1.0,3.0
201700042050,0017-12-22 21:25:00,17,12,22,21,25,930,27,"91, BARBUSSE (AVENUE HEN",48.93196,2.398,Nuit avec éclairage allumé,En agglomération,Hors intersection,Pluie légère,Trois véhicules et plus - en chaîne,,,,,,,,,,,5,2,1,2.0,4.0
201700042051,0017-12-23 20:20:00,17,12,23,20,20,930,13,"25, JAURES (AVENUE JEAN)",,,Nuit avec éclairage allumé,En agglomération,Hors intersection,Normale,Deux véhicules - côté,,,,,,,,,,,5,2,1,1.0,3.0
201700042052,0017-12-25 06:18:00,17,12,25,6,18,930,13,"98, LECLERC (AVENU DE LA",48.9377,2.42871,Nuit avec éclairage allumé,En agglomération,Intersection en X,Pluie légère,Deux véhicules - côté,,,,,,,,,,,5,2,2,2.0,3.0
201700042053,0017-01-04 18:55:00,17,1,4,18,55,930,29,ROGER SALENGRO N° 94 - F,,,Nuit avec éclairage allumé,En agglomération,Hors intersection,Pluie légère,Deux véhicules - côté,,,,,,,,,,,5,2,1,2.0,3.0
201700042054,0017-01-08 22:10:00,17,1,8,22,10,930,29,"237, JEAN JAURES (AVENUE",,,Nuit avec éclairage allumé,En agglomération,Hors intersection,Pluie légère,Autre collision,,,,,,,,,,,5,2,1,2.0,6.0
201700042055,0017-01-09 21:00:00,17,1,9,21,0,930,29,"71, HENRI BARBUSSE (AVE)",,,Nuit avec éclairage allumé,En agglomération,Hors intersection,Pluie légère,Autre collision,,,,,,,,,,,5,2,1,2.0,6.0
201700042056,0017-01-12 11:20:00,17,1,12,11,20,930,29,"165, JEAN JAURES (AVENUE",,,Plein jour,En agglomération,Hors intersection,Pluie légère,Deux véhicules - côté,,,,,,,,,,,1,2,1,2.0,3.0
201700042057,0017-01-18 10:15:00,17,1,18,10,15,930,29,"1, PAUL VAILLANT COUTURI",,,Plein jour,En agglomération,Autre intersection,Autre,Autre collision,,,,,,,,,,,1,2,9,9.0,6.0
201700042058,0017-01-18 11:00:00,17,1,18,11,0,930,29,"126, STALINGRAD (DE)",,,Plein jour,En agglomération,Hors intersection,Normale,Deux véhicules - côté,,,,,,,,,,,1,2,1,1.0,3.0
201700042059,0017-01-18 15:27:00,17,1,18,15,27,930,29,"82, HENRI BARBUSSE (AVE)",,,Plein jour,En agglomération,Hors intersection,Normale,Autre collision,,,,,,,,,,,1,2,1,1.0,6.0
201700042060,0017-01-19 12:00:00,17,1,19,12,0,930,29,"1, HENRI BARBUSSE (AVE)",,,Plein jour,En agglomération,Intersection en T,Normale,Deux véhicules - côté,,,,,,,,,,,1,2,3,1.0,3.0
201700042061,0017-01-27 02:45:00,17,1,27,2,45,930,29,"20, STATION (DE LA)",,,Nuit avec éclairage allumé,En agglomération,Hors intersection,Neige / grêle,Autre collision,,,,,,,,,,,5,2,1,4.0,6.0