accident_id,datetime,annee,mois,jour,heure,minute,departement,commune_insee,adresse,latitude,longitude,luminosite,agglomeration,intersection,meteo,collision,nb_vehicules,nb_usagers,nb_indemnes,nb_tues,nb_blesses_hosp,nb_blesses_legers,age_cond_1,age_cond_2,veh_type_cond_1,veh_type_cond_2,lum_code,agg_code,int_code,atm_code,col_code
201700042062,0017-01-27 23:20:00,17,1,27,23,20,930,29,"27, DIVISION LECLERC (AV",,,Nuit avec éclairage allumé,En agglomération,Hors intersection,Normale,Autre collision,,,,,,,,,,,5,2,1,1.0,6.0
201700042063,0017-01-28 00:45:00,17,1,28,0,45,930,29,"61, CAMILLE SAINT-SAENS",,,Nuit avec éclairage allumé,En agglomération,Intersection en X,Pluie légère,Deux véhicules - côté,,,,,,,,,,,5,2,2,2.0,3.0
201700042064,0017-02-08 11:40:00,17,2,8,11,40,930,29,"154, DIVISION LECLERC (A",,,Plein jour,En agglomération,Hors intersection,Temps couvert,Deux véhicules - côté,,,,,,,,,,,1,2,1,8.0,3.0
201700042065,0017-02-21 12:30:00,17,2,21,12,30,930,29,"73, MARCEAU (AVENUE) N°",,,Plein jour,Hors agglomération,Hors intersection,Normale,Deux véhicules - côté,,,,,,,,,,,1,1,1,1.0,3.0
201700042066,0017-03-01 19:10:00,17,3,1,19,10,930,29,"135, HENRI BARBUSSE (AVE",,,Nuit avec éclairage allumé,En agglomération,Intersection en X,Pluie légère,Autre collision,,,,,,,,,,,5,2,2,2.0,6.0
201700042067,0017-03-07 16:00:00,17,3,7,16,0,930,29,"1, CHARLES DE GAULLE (ES",,,Plein jour,En agglomération,Place,Normale,Autre collision,,,,,,,,,,,1,2,7,1.0,6.0
201700042068,0017-03-08 19:05:00,17,3,8,19,5,930,29,"60, ANATOLE FRANCE",,,Nuit avec éclairage allumé,En agglomération,Intersection en T,Pluie légère,Deux véhicules - côté,,,,,,,,,,,5,2,3,2.0,3.0
201700042069,0017-03-11 00:15:00,17,3,11,0,15,930,29,"91, MARCEAU (AVENUE) N°",,,Nuit avec éclairage allumé,En agglomération,Intersection en T,Normale,Deux véhicules - côté,,,,,,,,,,,5,2,3,1.0,3.0
201700042070,0017-03-13 19:40:00,17,3,13,19,40,930,29,"10, TEILER (AVENUE)",,,Nuit avec éclairage allumé,En agglomération,Hors intersection,Normale,Deux véhicules - frontale,,,,,,,,,,,5,2,1,1.0,1.0
201700042071,0017-03-15 23:15:00,17,3,15,23,15,930,29,"129, ANATOLE FRANCE",,,Nuit avec éclairage allumé,En agglomération,Hors intersection,Normale,Deux véhicules - côté,,,,,,,,,,,5,2,1,1.0,3.0
201700042072,0017-03-19 15:20:00,17,3,19,15,20,930,29,"3, PIERRE PERUT (AVENUE)",,,Plein jour,En agglomération,Hors intersection,Normale,Deux véhicules - arrière,,,,,,,,,,,1,2,1,1.0,2.0
201700042073,0017-03-22 18:10:00,17,3,22,18,10,930,29,"21, FAIDHERBE N°",48.92,-2.43,Plein jour,En agglomération,Hors intersection,Normale,Autre collision,,,,,,,,,,,1,2,1,1.0,6.0
201700042074,0017-03-23 12:15:00,17,3,23,12,15,930,29,"116, SADI CARNOT",48.92577,6.41,Plein jour,En agglomération,Hors intersection,Pluie légère,Sans collision,,,,,,,,,,,1,2,1,2.0,7.0
201700042075,0017-03-25 00:50:00,17,3,25,0,50,930,29,"80, SADI CARNOT",48.92358,2.44545,Nuit avec éclairage allumé,En agglomération,Intersection en X,Normale,Deux véhicules - arrière,,,,,,,,,,,5,2,2,1.0,2.0
201700042076,0017-03-30 09:30:00,17,3,30,9,30,930,29,"66, RENE THUILLIER",48.92817,2.44343,Plein jour,En agglomération,Intersection en X,Normale,Deux véhicules - côté,,,,,,,,,,,1,2,2,1.0,3.0
201700042077,0017-03-30 14:20:00,17,3,30,14,20,930,29,"11, DUCOUEDIC",48.91763,2.43206,Plein jour,En agglomération,Hors intersection,Normale,Deux véhicules - côté,,,,,,,,,,,1,2,1,1.0,3.0
201700042078,0017-04-07 16:37:00,17,4,7,16,37,930,27,"1, Charles de Gaulle ( r",,,Plein jour,En agglomération,Hors intersection,Normale,Deux véhicules - côté,,,,,,,,,,,1,2,1,1.0,3.0
201700042079,0017-04-07 11:27:00,17,4,7,11,27,930,29,"1, ADRIEN FROMENT",48.92321,2.43917,Plein jour,En agglomération,Intersection en T,Normale,Deux véhicules - côté,,,,,,,,,,,1,2,3,1.0,3.0
201700042080,0017-04-08 16:05:00,17,4,8,16,5,930,29,"89, SADI CARNOT",,,Plein jour,En agglomération,Intersection en T,Normale,Deux véhicules - frontale,,,,,,,,,,,1,2,3,1.0,1.0
201700042081,0017-04-25 17:05:00,17,4,25,17,5,930,29,"120, REPUBLIQUE (DE LA)",48.92449,2.44678,Plein jour,En agglomération,Intersection à plus de 4 branches,Normale,Autre collision,,,,,,,,,,,1,2,5,1.0,6.0
201700042082,0017-04-29 17:55:00,17,4,29,17,55,930,29,"25, LIBERTE (DE LA)",48.91637,2.45361,Plein jour,En agglomération,Hors intersection,Normale,Deux véhicules - frontale,,,,,,,,,,,1,2,1,1.0,1.0
201700042083,0017-05-02 08:25:00,17,5,2,8,25,930,29,"90, EUGENE VARLIN",48.92187,2.43308,Plein jour,En agglomération,Intersection en X,Normale,Deux véhicules - côté,,,,,,,,,,,1,2,2,1.0,3.0
201700042084,0017-05-11 19:00:00,17,5,11,19,0,930,29,"14, LAENNEC",48.91826,2.43283,Plein jour,En agglomération,Intersection en T,Pluie légère,Deux véhicules - côté,,,,,,,,,,,1,2,3,2.0,3.0
201700042085,0017-05-13 01:00:00,17,5,13,1,0,930,29,"1, GASSET (IMPASSE)",,,Nuit sans éclairage public,En agglomération,Hors intersection,Temps couvert,Deux véhicules - arrière,,,,,,,,,,,3,2,1,8.0,2.0
201700042086,0017-05-20 11:15:00,17,5,20,11,15,930,29,"69, SADI CARNOT",48.92506,2.44262,Plein jour,En agglomération,Intersection en T,Temps couvert,Deux véhicules - côté,,,,,,,,,,,1,2,3,8.0,3.0
201700042087,0017-05-23 19:05:00,17,5,23,19,5,930,29,ROGER PETIEU,48.92325,2.44863,Plein jour,En agglomération,Hors intersection,Normale,Autre collision,,,,,,,,,,,1,2,1,1.0,6.0
201700042088,0017-05-24 08:25:00,17,5,24,8,25,930,29,"145, HENRI BARBUSSE (AVE",48.92015,2.45178,Plein jour,En agglomération,Hors intersection,Normale,Trois véhicules et plus - en chaîne,,,,,,,,,,,1,2,1,1.0,4.0
201700042089,0017-06-11 10:20:00,17,6,11,10,20,930,29,"29 bis, PAUL LOSSING",48.92848,2.45523,Plein jour,En agglomération,Intersection en T,Normale,Autre collision,,,,,,,,,,,1,2,3,1.0,6.0
201700042090,0017-06-11 21:25:00,17,6,11,21,25,930,29,"1, BOIS DE GROSLAY (DES)",,,Plein jour,En agglomération,Hors intersection,Normale,Autre collision,,,,,,,,,,,1,2,1,1.0,6.0
201700042091,0017-06-14 19:20:00,17,6,14,19,20,930,27,"1, Charles de Gaulle ( r",,,Plein jour,En agglomération,Hors intersection,Normale,Autre collision,,,,,,,,,,,1,2,1,1.0,6.0
201700042092,0017-06-14 23:35:00,17,6,14,23,35,930,29,"5, ADRIEN FROMENT",48.92604,2.43829,Nuit avec éclairage allumé,En agglomération,Intersection en T,Normale,Deux véhicules - côté,,,,,,,,,,,5,2,3,1.0,3.0
201700042093,0017-06-18 05:20:00,17,6,18,5,20,930,29,"1, STATION PROLONGEE (DE",,,Crépuscule ou aube,En agglomération,Hors intersection,Normale,Sans collision,,,,,,,,,,,2,2,1,1.0,7.0
201700042094,0017-06-19 09:25:00,17,6,19,9,25,930,29,"32, RENE THUILLIER",48.92808,2.44279,Plein jour,En agglomération,Intersection en X,Normale,Deux véhicules - côté,,,,,,,,,,,1,2,2,1.0,3.0
201700042095,0017-06-20 09:40:00,17,6,20,9,40,930,29,EDOUARD VAILLANT N° 1-97,48.92926,2.4312,Plein jour,En agglomération,Intersection en X,Normale,Deux véhicules - côté,,,,,,,,,,,1,2,2,1.0,3.0
201700042096,0017-06-25 12:30:00,17,6,25,12,30,930,29,"16, COOPERATION (DE LA)",48.916,2.4718,Plein jour,En agglomération,Hors intersection,Normale,Deux véhicules - frontale,,,,,,,,,,,1,2,1,1.0,1.0
201700042097,0017-07-01 20:25:00,17,7,1,20,25,930,29,"210, ANATOLE FRANCE",48.9,2.45,Plein jour,En agglomération,Hors intersection,Normale,Autre collision,,,,,,,,,,,1,2,1,1.0,6.0
201700042098,0017-07-17 12:20:00,17,7,17,12,20,930,29,"147, CHARLES GIDE",48.91,2.44,Plein jour,En agglomération,Intersection en T,Normale,Deux véhicules - frontale,,,,,,,,,,,1,2,3,1.0,1.0
201700042099,0017-07-18 17:10:00,17,7,18,17,10,930,29,"155, HENRI BARBUSSE (AVE",48.92164,2.45525,Plein jour,En agglomération,Hors intersection,Normale,Deux véhicules - arrière,,,,,,,,,,,1,2,1,1.0,2.0
201700042100,0017-07-23 00:01:00,17,7,23,0,1,930,29,"99, SACCO ET VANZETTI",,,Nuit avec éclairage allumé,En agglomération,Hors intersection,Normale,Autre collision,,,,,,,,,,,5,2,1,1.0,6.0
201700042101,0017-07-29 23:10:00,17,7,29,23,10,930,29,SADI CARNOT,,,Nuit avec éclairage allumé,En agglomération,Intersection en X,Normale,Deux véhicules - frontale,,,,,,,,,,,5,2,2,1.0,1.0
201700042102,0017-08-12 10:45:00,17,8,12,10,45,930,29,"133, SADI CARNOT",48.92679,2.43885,Plein jour,En agglomération,Hors intersection,Temps couvert,Trois véhicules et plus - collisions multiples,,,,,,,,,,,1,2,1,8.0,5.0
201700042103,0017-08-19 10:30:00,17,8,19,10,30,930,29,"99, MARCEAU (AVENUE) N°",48.9304,2.4309,Plein jour,En agglomération,Intersection en T,Normale,Deux véhicules - côté,,,,,,,,,,,1,2,3,1.0,3.0
201700042104,0017-09-07 12:53:00,17,9,7,12,53,930,29,"21, EMANCIPATION (DE L')",48.92563,2.45624,Plein jour,En agglomération,Hors intersection,Normale,Deux véhicules - côté,,,,,,,,,,,1,2,1,1.0,3.0
201700042105,0017-09-07 19:30:00,17,9,7,19,30,930,29,"79, COOPERATION (DE LA)",48.91674,2.47117,Crépuscule ou aube,En agglomération,Hors intersection,Normale,Deux véhicules - arrière,,,,,,,,,,,2,2,1,1.0,2.0
201700042106,0017-09-19 09:00:00,17,9,19,9,0,930,29,"124, FAIDHERBE N°",48.91766,2.43114,Plein jour,En agglomération,Intersection en X,Pluie légère,Deux véhicules - côté,,,,,,,,,,,1,2,2,2.0,3.0
201700042107,0017-09-11 09:25:00,17,9,11,9,25,930,29,"80, SADI CARNOT",,,Plein jour,En agglomération,Hors intersection,Normale,Deux véhicules - arrière,,,,,,,,,,,1,2,1,1.0,2.0
201700042108,0017-09-19 16:30:00,17,9,19,16,30,930,29,"223, HENRI BARBUSSE (AVE",48.92268,2.45705,Plein jour,En agglomération,Hors intersection,Normale,Deux véhicules - frontale,,,,,,,,,,,1,2,1,1.0,1.0
201700042109,0017-09-28 09:49:00,17,9,28,9,49,930,29,HENRI BARBUSSE (AVE) N°2,,,Plein jour,En agglomération,Intersection en T,Pluie légère,Deux véhicules - côté,,,,,,,,,,,1,2,3,2.0,3.0
201700042110,0017-10-10 09:15:00,17,10,10,9,15,930,29,"94, REPUBLIQUE (DE LA) N",48.92409,2.43789,Plein jour,En agglomération,Intersection en T,Pluie légère,Deux véhicules - côté,,,,,,,,,,,1,2,3,2.0,3.0
201700042111,0017-10-13 21:50:00,17,10,13,21,50,930,29,"133, SADI CARNOT",48.92682,2.43892,Nuit avec éclairage allumé,En agglomération,Hors intersection,Normale,Deux véhicules - arrière,,,,,,,,,,,5,2,1,1.0,2.0
201700042112,0017-10-14 17:45:00,17,10,14,17,45,930,29,"103, HENRI BARBUSSE (AVE",48.91871,2.44844,Plein jour,En agglomération,Intersection en T,Normale,Deux véhicules - côté,,,,,,,,,,,1,2,3,1.0,3.0
201700042113,0017-10-16 13:30:00,17,10,16,13,30,930,29,"20, STALINGRAD (DE)",48.91502,2.42949,Plein jour,En agglomération,Hors intersection,Normale,Sans collision,,,,,,,,,,,1,2,1,1.0,7.0
201700042114,0017-10-24 07:00:00,17,10,24,7,0,930,29,"253, JEAN JAURES (AVENUE",48.91453,2.46136,Nuit avec éclairage allumé,En agglomération,Hors intersection,Pluie légère,Autre collision,,,,,,,,,,,5,2,1,2.0,6.0
201700042115,0017-10-28 23:50:00,17,10,28,23,50,930,29,"159, FAIDHERBE N°",48.91603,2.43056,Nuit avec éclairage allumé,En agglomération,Hors intersection,Normale,Deux véhicules - arrière,,,,,,,,,,,5,2,1,1.0,2.0
201700042116,0017-10-31 18:30:00,17,10,31,18,30,930,29,"159, HENRI BARBUSSE (AVE",48.92,2.452,Nuit avec éclairage allumé,En agglomération,Hors intersection,Normale,Deux véhicules - côté,,,,,,,,,,,5,2,1,1.0,3.0
201700042117,0017-11-04 12:15:00,17,11,4,12,15,930,29,"251, JEAN JAURES (AVENUE",48.91455,2.46116,Plein jour,En agglomération,Hors intersection,Pluie légère,Autre collision,,,,,,,,,,,1,2,1,2.0,6.0
201700042118,0017-11-05 10:40:00,17,11,5,10,40,930,29,"41, JEAN JAURES (AVENUE)",48.92143,2.4488,Plein jour,En agglomération,Autre intersection,Normale,Autre collision,,,,,,,,,,,1,2,9,1.0,6.0
201700042119,0017-11-15 03:30:00,17,11,15,3,30,930,29,"15, ROGER SALENGRO N° 02",48.92073,2.44037,Nuit avec éclairage allumé,En agglomération,Hors intersection,Temps couvert,Autre collision,,,,,,,,,,,5,2,1,8.0,6.0
201700042120,0017-11-15 09:40:00,17,11,15,9,40,930,29,"62, JOFFRE (AVENUE)",48.92884,2.4606,Plein jour,En agglomération,Hors intersection,Normale,Deux véhicules - frontale,,,,,,,,,,,1,2,1,1.0,1.0
201700042121,0017-11-15 14:35:00,17,11,15,14,35,930,29,"227, HENRI BARBUSSE (AVE",48.92284,2.45737,Plein jour,En agglomération,Hors intersection,Normale,Deux véhicules - frontale,,,,,,,,,,,1,2,1,1.0,1.0
201700042122,0017-11-23 20:17:00,17,11,23,20,17,930,29,SAINT-STENAY,48.91976,2.42026,Nuit avec éclairage allumé,En agglomération,Hors intersection,Autre,Deux véhicules - côté,,,,,,,,,,,5,2,1,9.0,3.0
201700042123,0017-11-27 20:35:00,17,11,27,20,35,930,29,NOYER BONDON (DU),48.91801,2.44372,Nuit avec éclairage allumé,En agglomération,Intersection en T,Pluie forte,Deux véhicules - côté,,,,,,,,,,,5,2,3,3.0,3.0
201700042124,0017-11-29 14:50:00,17,11,29,14,50,930,29,"110, ANATOLE FRANCE (COL",48.92827,2.4522,Plein jour,En agglomération,Autre intersection,Pluie légère,Autre collision,,,,,,,,,,,1,2,9,2.0,6.0
201700042125,0017-12-03 13:50:00,17,12,3,13,50,930,29,"63, CASTELNAU (AVENUE)",48.92787,2.45921,Plein jour,En agglomération,Intersection en X,Pluie légère,Deux véhicules - côté,,,,,,,,,,,1,2,2,2.0,3.0
201700042126,0017-12-05 20:00:00,17,12,5,20,0,930,29,"117, HENRI BARBUSSE (AVE",48.91949,4.50047,Nuit avec éclairage allumé,En agglomération,Intersection en T,Normale,Deux véhicules - côté,,,,,,,,,,,5,2,3,1.0,3.0
201700042127,0017-12-09 14:05:00,17,12,9,14,5,930,29,"163, DIDEROT (ROND-POINT",49.91683,2.42925,Plein jour,En agglomération,Hors intersection,Normale,Deux véhicules - côté,,,,,,,,,,,1,2,1,1.0,3.0
201700042128,0017-12-09 06:15:00,17,12,9,6,15,930,29,"130, JEAN JAURES (AVENUE",48.91805,2.45481,Nuit avec éclairage allumé,En agglomération,Intersection en T,Autre,Deux véhicules - côté,,,,,,,,,,,5,2,3,9.0,3.0
201700042129,0017-12-15 15:20:00,17,12,15,15,20,930,29,"214, HENRI BARBUSSE (AVE",48.92267,2.4572,Plein jour,En agglomération,Intersection en T,Pluie légère,Deux véhicules - côté,,,,,,,,,,,1,2,3,2.0,3.0
201700042130,0017-12-14 18:55:00,17,12,14,18,55,930,29,"1, EDOUARD VAILLANT N° 1",48.9816,2.43138,Nuit avec éclairage allumé,En agglomération,Intersection en X,Pluie légère,Deux véhicules - côté,,,,,,,,,,,5,2,2,2.0,3.0
201700042131,0017-12-21 18:30:00,17,12,21,18,30,930,29,"127, HENRI BARBUSSE (AVE",48.91942,2.45055,Nuit avec éclairage allumé,En agglomération,Autre intersection,Pluie légère,Deux véhicules - côté,,,,,,,,,,,5,2,9,2.0,3.0
201700042132,0017-01-02 18:50:00,17,1,2,18,50,930,31,"31, ENGHIEN (AV D')",,,Nuit avec éclairage allumé,En agglomération,Hors intersection,Normale,Deux véhicules - côté,,,,,,,,,,,5,2,1,1.0,3.0
201700042133,0017-01-06 08:30:00,17,1,6,8,30,930,31,"121, JOFFRE (AVENUE)",,,Plein jour,En agglomération,Hors intersection,Temps éblouissant,Autre collision,,,,,,,,,,,1,2,1,7.0,6.0
201700042134,0017-01-08 17:00:00,17,1,8,17,0,930,31,"52, FOCH (BOULEVARD)",,,Nuit avec éclairage allumé,En agglomération,Hors intersection,Temps couvert,Deux véhicules - côté,,,,,,,,,,,5,2,1,8.0,3.0
201700042135,0017-01-13 17:35:00,17,1,13,17,35,930,31,JEAN JAURES (AVENUE),,,Nuit avec éclairage allumé,En agglomération,Hors intersection,Pluie légère,Autre collision,,,,,,,,,,,5,2,1,2.0,6.0
201700042136,0017-01-15 08:20:00,17,1,15,8,20,930,31,REPUBLIQUE (AVENUE),,,Crépuscule ou aube,En agglomération,Hors intersection,Temps couvert,Deux véhicules - frontale,,,,,,,,,,,2,2,1,8.0,1.0
201700042137,0017-01-16 17:50:00,17,1,16,17,50,930,31,"14 bis, PARIS (RUE DE)",,,Nuit avec éclairage allumé,En agglomération,Hors intersection,Temps couvert,Autre collision,,,,,,,,,,,5,2,1,8.0,6.0
201700042138,0017-01-17 03:15:00,17,1,17,3,15,930,31,ENGHIEN (AV D'),,,Nuit avec éclairage allumé,En agglomération,Hors intersection,Autre,Autre collision,,,,,,,,,,,5,2,1,9.0,6.0
201700042139,0017-01-19 09:05:00,17,1,19,9,5,930,31,DIX HUIT JUIN 1940 (AVEN,,,Plein jour,En agglomération,Intersection en T,Normale,Trois véhicules et plus - collisions multiples,,,,,,,,,,,1,2,3,1.0,5.0
201700042140,0017-01-26 18:20:00,17,1,26,18,20,930,31,"18, DIX HUIT JUIN 1940 (",,,Nuit avec éclairage allumé,En agglomération,Hors intersection,Normale,Deux véhicules - côté,,,,,,,,,,,5,2,1,1.0,3.0
201700042141,0017-02-04 05:30:00,17,2,4,5,30,930,31,REPUBLIQUE (AVENUE),,,Nuit avec éclairage allumé,En agglomération,Intersection en X,Pluie légère,Autre collision,,,,,,,,,,,5,2,2,2.0,6.0
201700042142,0017-02-05 13:10:00,17,2,5,13,10,930,31,CARRIERES (DES),,,Plein jour,En agglomération,Intersection en T,Normale,Trois véhicules et plus - collisions multiples,,,,,,,,,,,1,2,3,1.0,5.0
201700042143,0017-02-05 18:30:00,17,2,5,18,30,930,79,JEAN JAURES (AV),,,Nuit avec éclairage allumé,En agglomération,Intersection en T,Normale,Deux véhicules - frontale,,,,,,,,,,,5,2,3,1.0,1.0
201700042144,0017-02-06 20:30:00,17,2,6,20,30,930,31,PARIS (RUE DE),,,Nuit avec éclairage allumé,En agglomération,Intersection en X,Normale,Autre collision,,,,,,,,,,,5,2,2,1.0,6.0
201700042145,0017-02-12 10:00:00,17,2,12,10,0,930,31,"45, FELIX MERLIN",,,Plein jour,En agglomération,Hors intersection,Normale,Autre collision,,,,,,,,,,,1,2,1,1.0,6.0
201700042146,0017-02-18 20:25:00,17,2,18,20,25,930,79,JEAN BAPTISTE CLEMENT,,,Nuit avec éclairage allumé,En agglomération,Intersection en T,Normale,Deux véhicules - côté,,,,,,,,,,,5,2,3,1.0,3.0
201700042147,0017-03-13 16:00:00,17,3,13,16,0,930,31,ROMAIN ROLLAND (RUE),,,Plein jour,En agglomération,Hors intersection,Normale,Autre collision,,,,,,,,,,,1,2,1,1.0,6.0
201700042148,0017-03-18 20:50:00,17,3,18,20,50,930,31,JOFFRE (AVENUE),,,Nuit avec éclairage allumé,En agglomération,Intersection en X,Normale,Deux véhicules - frontale,,,,,,,,,,,5,2,2,1.0,1.0
201700042149,0017-03-20 08:05:00,17,3,20,8,5,930,31,"67, FELIX MERLIN",,,Plein jour,En agglomération,Hors intersection,Normale,Autre collision,,,,,,,,,,,1,2,1,1.0,6.0
201700042150,0017-03-20 14:15:00,17,3,20,14,15,930,31,"0, FELIX MERLIN",,,Plein jour,En agglomération,Hors intersection,Normale,Autre collision,,,,,,,,,,,1,2,1,1.0,6.0
201700042151,0017-03-22 19:25:00,17,3,22,19,25,930,27,DUMAS (RUE),,,Crépuscule ou aube,En agglomération,Hors intersection,Pluie légère,Autre collision,,,,,,,,,,,2,2,1,2.0,6.0
201700042152,0017-03-26 22:40:00,17,3,26,22,40,930,31,"0, FELIX MERLIN",48.9557,2.30056,Nuit avec éclairage allumé,En agglomération,Hors intersection,Normale,Trois véhicules et plus - en chaîne,,,,,,,,,,,5,2,1,1.0,4.0
201700042153,0017-03-27 17:25:00,17,3,27,17,25,930,79,"0, DIVISION LECLERC (AV)",,,Plein jour,En agglomération,Hors intersection,Normale,Deux véhicules - arrière,,,,,,,,,,,1,2,1,1.0,2.0
201700042154,0017-03-29 13:25:00,17,3,29,13,25,930,31,"92, GALLIENI (AVENUE)",,,Plein jour,En agglomération,Hors intersection,Normale,Autre collision,,,,,,,,,,,1,2,1,1.0,6.0
201700042155,0017-04-05 19:30:00,17,4,5,19,30,930,31,"84, JEAN JAURES (AVENUE)",,,Plein jour,En agglomération,Hors intersection,Normale,Autre collision,,,,,,,,,,,1,2,1,1.0,6.0
201700042156,0017-04-07 08:30:00,17,4,7,8,30,930,31,CDT LOUIS BOUCHET (AV),,,Crépuscule ou aube,En agglomération,Hors intersection,Normale,Deux véhicules - arrière,,,,,,,,,,,2,2,1,1.0,2.0
201700042157,0017-04-12 18:10:00,17,4,12,18,10,930,79,"114, SAINT LEU (ROUTE)",,,Plein jour,En agglomération,Hors intersection,Normale,Deux véhicules - côté,,,,,,,,,,,1,2,1,1.0,3.0
201700042158,0017-04-13 14:20:00,17,4,13,14,20,930,79,"04, SAINT LEU (ROUTE)",,,Plein jour,En agglomération,Intersection en X,Normale,Trois véhicules et plus - collisions multiples,,,,,,,,,,,1,2,2,1.0,5.0
201700042159,0017-04-13 19:55:00,17,4,13,19,55,930,79,SAINT LEU (ROUTE),,,Crépuscule ou aube,En agglomération,Hors intersection,Normale,Deux véhicules - côté,,,,,,,,,,,2,2,1,1.0,3.0
201700042160,0017-04-15 14:00:00,17,4,15,14,0,930,31,"15, DE LATTRE DE TASSIGN",,,Plein jour,En agglomération,Intersection en T,Normale,Autre collision,,,,,,,,,,,1,2,3,1.0,6.0
201700042161,0017-04-22 18:15:00,17,4,22,18,15,930,31,"0, DIX HUIT JUIN 1940 (A",,,Plein jour,En agglomération,Hors intersection,Temps couvert,Deux véhicules - côté,,,,,,,,,,,1,2,1,8.0,3.0
201700042162,0017-05-02 09:33:00,17,5,2,9,33,930,79,"3 TER, SAINT LEU (ROUTE)",,,Plein jour,En agglomération,Hors intersection,Temps éblouissant,Autre collision,,,,,,,,,,,1,2,1,7.0,6.0
201700042163,0017-05-11 07:00:00,17,5,11,7,0,930,31,JOFFRE (AVENUE),,,Plein jour,En agglomération,Hors intersection,Normale,Deux véhicules - côté,,,,,,,,,,,1,2,1,1.0,3.0
201700042164,0017-05-12 08:40:00,17,5,12,8,40,930,31,HENRI DUNANT (RUE),,,Plein jour,En agglomération,Intersection en X,Normale,Autre collision,,,,,,,,,,,1,2,2,1.0,6.0
201700042165,0017-05-12 18:00:00,17,5,12,18,0,930,31,"0, MARSEILLE (RUE DE)",,,Plein jour,En agglomération,Hors intersection,Pluie forte,Autre collision,,,,,,,,,,,1,2,1,3.0,6.0
201700042166,0017-05-15 17:05:00,17,5,15,17,5,930,31,"30, PARIS (RUE DE)",,,Plein jour,En agglomération,Hors intersection,Normale,Autre collision,,,,,,,,,,,1,2,1,1.0,6.0
201700042167,0017-05-18 19:45:00,17,5,18,19,45,930,31,"68, JOFFRE (AVENUE)",,,Crépuscule ou aube,En agglomération,Hors intersection,Pluie forte,Deux véhicules - arrière,,,,,,,,,,,2,2,1,3.0,2.0
201700042168,0017-05-20 10:20:00,17,5,20,10,20,930,79,"4, PAUL LANGEVIN",,,Plein jour,En agglomération,Hors intersection,Normale,Autre collision,,,,,,,,,,,1,2,1,1.0,6.0
201700042169,0017-05-22 17:05:00,17,5,22,17,5,930,31,"123, SAINT LEU (ROUTE DE",,,Plein jour,En agglomération,Intersection en T,Normale,Deux véhicules - arrière,,,,,,,,,,,1,2,3,1.0,2.0
201700042170,0017-05-24 15:55:00,17,5,24,15,55,930,31,"127, ORGEMONT (RUE D')",48.95345,2.29298,Plein jour,En agglomération,Intersection en T,Normale,Deux véhicules - côté,,,,,,,,,,,1,2,3,1.0,3.0
201700042171,0017-05-26 12:30:00,17,5,26,12,30,930,79,SAINT LEU (ROUTE),,,Plein jour,En agglomération,Intersection en T,Normale,Deux véhicules - arrière,,,,,,,,,,,1,2,3,1.0,2.0
201700042172,0017-05-30 19:00:00,17,5,30,19,0,930,31,"0, LACEPEDE",,,Plein jour,En agglomération,Hors intersection,Normale,Deux véhicules - frontale,,,,,,,,,,,1,2,1,1.0,1.0
201700042173,0017-05-30 18:00:00,17,5,30,18,0,930,31,"40, rue QUETIGNY",,,Plein jour,En agglomération,Intersection en X,Normale,Deux véhicules - côté,,,,,,,,,,,1,2,2,1.0,3.0
201700042174,0017-06-01 09:30:00,17,6,1,9,30,930,79,"0, UNIVERSITE",,,Plein jour,En agglomération,Hors intersection,Normale,Autre collision,,,,,,,,,,,1,2,1,1.0,6.0
201700042175,0017-06-03 13:40:00,17,6,3,13,40,930,31,MARNE (AVENUE DE LA),,,Plein jour,En agglomération,Hors intersection,Normale,Autre collision,,,,,,,,,,,1,2,1,1.0,6.0
201700042176,0017-06-04 11:40:00,17,6,4,11,40,930,31,"203, REPUBLIQUE (AVENUE)",,,Plein jour,En agglomération,Hors intersection,Normale,Deux véhicules - côté,,,,,,,,,,,1,2,1,1.0,3.0
201700042177,0017-06-07 16:05:00,17,6,7,16,5,930,31,"72, FELIX MERLIN",,,Plein jour,En agglomération,Intersection en T,Normale,Deux véhicules - côté,,,,,,,,,,,1,2,3,1.0,3.0
201700042178,0017-06-08 01:05:00,17,6,8,1,5,930,31,"0, REPUBLIQUE (AVENUE)",48.948,2.33864,Nuit avec éclairage non allumé,En agglomération,Intersection en T,Normale,Deux véhicules - côté,,,,,,,,,,,4,2,3,1.0,3.0
201700042179,0017-06-11 02:10:00,17,6,11,2,10,930,31,"0, DE LATTRE DE TASSIGNY",,,Nuit avec éclairage allumé,En agglomération,Intersection en X,Normale,Deux véhicules - côté,,,,,,,,,,,5,2,2,1.0,3.0
201700042180,0017-06-15 08:10:00,17,6,15,8,10,930,31,JOFFRE (AVENUE),,,Plein jour,En agglomération,Intersection en X,Normale,Deux véhicules - côté,,,,,,,,,,,1,2,2,1.0,3.0
201700042181,0017-06-20 14:10:00,17,6,20,14,10,930,31,CHAPTAL,,,Plein jour,En agglomération,Intersection en X,Normale,Deux véhicules - côté,,,,,,,,,,,1,2,2,1.0,3.0
201700042182,0017-06-22 07:55:00,17,6,22,7,55,930,31,"209, REPUBLIQUE (AVENUE)",48.94911,2.33319,Plein jour,En agglomération,Hors intersection,Normale,Deux véhicules - côté,,,,,,,,,,,1,2,1,1.0,3.0
201700042183,0017-06-22 20:55:00,17,6,22,20,55,930,27,"17, PASTEUR (RUE)",,,Crépuscule ou aube,En agglomération,Hors intersection,Temps éblouissant,Autre collision,,,,,,,,,,,2,2,1,7.0,6.0
201700042184,0017-06-25 21:20:00,17,6,25,21,20,930,31,"0, REPUBLIQUE (AVENUE)",,,Crépuscule ou aube,En agglomération,Intersection en X,Normale,Deux véhicules - côté,,,,,,,,,,,2,2,2,1.0,3.0