accident_id,datetime,annee,mois,jour,heure,minute,departement,commune_insee,adresse,latitude,longitude,luminosite,agglomeration,intersection,meteo,collision,nb_vehicules,nb_usagers,nb_indemnes,nb_tues,nb_blesses_hosp,nb_blesses_legers,age_cond_1,age_cond_2,veh_type_cond_1,veh_type_cond_2,lum_code,agg_code,int_code,atm_code,col_code
201700042435,0017-10-17 01:35:00,17,10,17,1,35,930,46,"1, EUROPE BOULEVARD DE L",48.92702,2.55077,Nuit avec éclairage allumé,En agglomération,Hors intersection,Normale,Autre collision,,,,,,,,,,,5,2,1,1.0,6.0
201700042436,0017-10-27 17:50:00,17,10,27,17,50,930,46,"100, JEAN JAURES BOULEVA",48.92188,2.52508,Crépuscule ou aube,En agglomération,Hors intersection,Normale,Deux véhicules - arrière,,,,,,,,,,,2,2,1,1.0,2.0
201700042437,0017-11-02 16:00:00,17,11,2,16,0,930,74,"0, MEAUX RUE DE",,,Plein jour,En agglomération,Hors intersection,Normale,Deux véhicules - arrière,,,,,,,,,,,1,2,1,1.0,2.0
201700042438,0017-11-05 09:45:00,17,11,5,9,45,930,15,"0, STRATEGIQUE ROUTE",48.9199,2.5578,Plein jour,Hors agglomération,Hors intersection,Normale,Autre collision,,,,,,,,,,,1,1,1,1.0,6.0
201700042439,0017-11-08 10:10:00,17,11,8,10,10,930,74,"0, Route Nationale 3",,,Plein jour,Hors agglomération,Hors intersection,Normale,Trois véhicules et plus - collisions multiples,,,,,,,,,,,1,1,1,1.0,5.0
201700042440,0017-11-10 08:20:00,17,11,10,8,20,930,74,"209, MEAUX RUE DE",,,Plein jour,En agglomération,Hors intersection,Temps couvert,Sans collision,,,,,,,,,,,1,2,1,8.0,7.0
201700042441,0017-11-10 18:20:00,17,11,10,18,20,930,46,CONSUL GENERAL NORDLING,48.9161,2.5307,Nuit avec éclairage allumé,En agglomération,Intersection en T,Normale,Deux véhicules - côté,,,,,,,,,,,5,2,3,1.0,3.0
201700042442,0017-11-10 21:30:00,17,11,10,21,30,930,46,CONSUL GENERAL NORDLING,48.9179,2.5347,Nuit avec éclairage allumé,En agglomération,Autre intersection,Normale,Deux véhicules - côté,,,,,,,,,,,5,2,9,1.0,3.0
201700042443,0017-11-13 15:40:00,17,11,13,15,40,930,46,"0, CESAR COLLAVERI AVENU",,,Plein jour,En agglomération,Intersection en X,Normale,Deux véhicules - côté,,,,,,,,,,,1,2,2,1.0,3.0
201700042444,0017-11-17 09:30:00,17,11,17,9,30,930,74,MEAUX RUE DE,48.9377,2.5953,Plein jour,En agglomération,Intersection en T,Pluie légère,Deux véhicules - arrière,,,,,,,,,,,1,2,3,2.0,2.0
201700042445,0017-11-20 09:35:00,17,11,20,9,35,930,15,"70, JAURES RUE JEAN",,,Plein jour,En agglomération,Intersection en Y,Pluie légère,Deux véhicules - arrière,,,,,,,,,,,1,2,4,2.0,2.0
201700042446,0017-11-26 08:00:00,17,11,26,8,0,930,46,"0, PASTEUR ALLEE",48.92308,2.53096,Plein jour,En agglomération,Intersection en X,Normale,Deux véhicules - côté,,,,,,,,,,,1,2,2,1.0,3.0
201700042447,0017-11-28 07:50:00,17,11,28,7,50,930,74,Route Nationale 3,48.9342,2.5823,Plein jour,Hors agglomération,Hors intersection,Normale,Deux véhicules - arrière,,,,,,,,,,,1,1,1,1.0,2.0
201700042448,0017-11-28 09:15:00,17,11,28,9,15,930,46,WINSTON CHURCHILL AVENUE,48.0,2.0,Plein jour,En agglomération,Intersection à plus de 4 branches,Normale,Autre collision,,,,,,,,,,,1,2,5,1.0,6.0
201700042449,0017-11-28 18:40:00,17,11,28,18,40,930,46,"0, CONDORCET ALLEE",,,Nuit avec éclairage allumé,En agglomération,Intersection en X,Pluie légère,Deux véhicules - côté,,,,,,,,,,,5,2,2,2.0,3.0
201700042450,0017-12-10 00:30:00,17,12,10,0,30,930,46,"0, SULLY AVENUE",48.91434,2.52357,Nuit avec éclairage allumé,En agglomération,Intersection en X,Pluie légère,Deux véhicules - côté,,,,,,,,,,,5,2,2,2.0,3.0
201700042451,0017-12-11 09:30:00,17,12,11,9,30,930,46,"0, LUCIE AUBRAC ALLEE",48.9337,2.5435,Plein jour,En agglomération,Giratoire,Pluie légère,Deux véhicules - côté,,,,,,,,,,,1,2,6,2.0,3.0
201700042452,0017-12-11 21:20:00,17,12,11,21,20,930,46,"23, ARISTIDE BRIAND AVEN",48.91077,2.51345,Nuit avec éclairage allumé,En agglomération,Hors intersection,Temps couvert,Deux véhicules - côté,,,,,,,,,,,5,2,1,8.0,3.0
201700042453,0017-12-15 18:55:00,17,12,15,18,55,930,74,Route Nationale 3,48.93397,2.58326,Nuit sans éclairage public,Hors agglomération,Hors intersection,Autre,Trois véhicules et plus - collisions multiples,,,,,,,,,,,3,1,1,9.0,5.0
201700042454,0017-12-16 09:55:00,17,12,16,9,55,930,46,ROGER SALENGRO BOULEVARD,,,Plein jour,En agglomération,Intersection en X,Normale,Trois véhicules et plus - en chaîne,,,,,,,,,,,1,2,2,1.0,4.0
201700042455,0017-12-21 08:43:00,17,12,21,8,43,930,46,"61, MARX DORMOY BOULEVAR",48.90722,2.52479,Crépuscule ou aube,En agglomération,Hors intersection,Pluie légère,Deux véhicules - côté,,,,,,,,,,,2,2,1,2.0,3.0
201700042456,0017-01-06 20:05:00,17,1,6,20,5,930,46,JEAN JAURES BOULEVARD,,,Nuit avec éclairage allumé,En agglomération,Hors intersection,Normale,Deux véhicules - côté,,,,,,,,,,,5,2,1,1.0,3.0
201700042457,0017-01-12 07:20:00,17,1,12,7,20,930,74,RACINE RUE,,,Nuit avec éclairage allumé,En agglomération,Intersection en X,Pluie légère,Deux véhicules - frontale,,,,,,,,,,,5,2,2,2.0,1.0
201700042458,0017-01-16 00:01:00,17,1,16,0,1,930,46,"97, ARISTIDE BRIAND AVEN",,,Nuit avec éclairage allumé,En agglomération,Autre intersection,Pluie légère,Deux véhicules - arrière,,,,,,,,,,,5,2,9,2.0,2.0
201700042459,0017-01-17 19:15:00,17,1,17,19,15,930,46,"121, ARISTIDE BRIAND AVE",,,Nuit avec éclairage allumé,En agglomération,Hors intersection,Normale,Deux véhicules - arrière,,,,,,,,,,,5,2,1,1.0,2.0
201700042460,0017-01-20 16:30:00,17,1,20,16,30,930,46,MAURICE BERTHEAUX ALLEE,,,Plein jour,En agglomération,Intersection en X,Normale,Deux véhicules - côté,,,,,,,,,,,1,2,2,1.0,3.0
201700042461,0017-01-25 10:00:00,17,1,25,10,0,930,46,"12, MARECHAL LECLERC AVE",,,Plein jour,En agglomération,Hors intersection,Temps couvert,Autre collision,,,,,,,,,,,1,2,1,8.0,6.0
201700042462,0017-01-26 19:40:00,17,1,26,19,40,930,46,CAMILLE DESMOULINS AVENU,,,Nuit avec éclairage allumé,En agglomération,Intersection en X,Normale,Deux véhicules - côté,,,,,,,,,,,5,2,2,1.0,3.0
201700042463,0017-01-31 07:40:00,17,1,31,7,40,930,46,LUCIE AUBRAC ALLEE,,,Plein jour,En agglomération,Autre intersection,Pluie légère,Sans collision,,,,,,,,,,,1,2,9,2.0,7.0
201700042464,0017-02-07 18:40:00,17,2,7,18,40,930,46,"141, JEAN JAURES BOULEVA",,,Nuit avec éclairage allumé,En agglomération,Hors intersection,Normale,Deux véhicules - arrière,,,,,,,,,,,5,2,1,1.0,2.0
201700042465,0017-02-11 19:50:00,17,2,11,19,50,930,46,"5, CESAR COLLAVERI AVENU",,,Nuit avec éclairage allumé,En agglomération,Intersection en T,Normale,Deux véhicules - côté,,,,,,,,,,,5,2,3,1.0,3.0
201700042466,0017-02-12 02:35:00,17,2,12,2,35,930,46,MAURICE BERTHEAUX ALLEE,,,Nuit avec éclairage allumé,En agglomération,Intersection en Y,Normale,Autre collision,,,,,,,,,,,5,2,4,1.0,6.0
201700042467,0017-02-13 11:05:00,17,2,13,11,5,930,46,"17, ARISTIDE BRIAND AVEN",,,Plein jour,En agglomération,Hors intersection,Normale,Deux véhicules - côté,,,,,,,,,,,1,2,1,1.0,3.0
201700042468,0017-02-20 15:55:00,17,2,20,15,55,930,15,"NR, STRATEGIQUE ROUTE",,,Plein jour,Hors agglomération,Hors intersection,Normale,Sans collision,,,,,,,,,,,1,1,1,1.0,7.0
201700042469,0017-02-23 12:10:00,17,2,23,12,10,930,46,VAUBAN AVE,,,Plein jour,En agglomération,Intersection en X,Temps couvert,Sans collision,,,,,,,,,,,1,2,2,8.0,7.0
201700042470,0017-02-24 20:10:00,17,2,24,20,10,930,46,"62, CAMILLE DESMOULINS A",,,Nuit avec éclairage allumé,En agglomération,Hors intersection,Normale,Deux véhicules - arrière,,,,,,,,,,,5,2,1,1.0,2.0
201700042471,0017-03-02 13:45:00,17,3,2,13,45,930,46,"39, CONSUL GENERAL NORDL",,,Plein jour,En agglomération,Hors intersection,Normale,Trois véhicules et plus - en chaîne,,,,,,,,,,,1,2,1,1.0,4.0
201700042472,0017-03-05 02:00:00,17,3,5,2,0,930,46,STRATEGIQUE ROUTE,,,Nuit sans éclairage public,Hors agglomération,Hors intersection,Normale,Autre collision,,,,,,,,,,,3,1,1,1.0,6.0
201700042473,0017-03-14 10:15:00,17,3,14,10,15,930,74,"100, MEAUX RUE DE",,,Plein jour,En agglomération,Hors intersection,Normale,Deux véhicules - frontale,,,,,,,,,,,1,2,1,1.0,1.0
201700042474,0017-03-17 07:55:00,17,3,17,7,55,930,46,PAUL BERT AVENUE,,,Plein jour,En agglomération,Intersection en X,Normale,Trois véhicules et plus - collisions multiples,,,,,,,,,,,1,2,2,1.0,5.0
201700042475,0017-03-26 08:45:00,17,3,26,8,45,930,46,"113, JEAN JAURES BOULEVA",,,Plein jour,En agglomération,Hors intersection,Normale,Autre collision,,,,,,,,,,,1,2,1,1.0,6.0
201700042476,0017-01-05 19:30:00,17,1,5,19,30,930,48,MARCEAU (RUE),,,Nuit avec éclairage allumé,En agglomération,Intersection en X,Normale,Deux véhicules - côté,,,,,,,,,,,5,2,2,1.0,3.0
201700042477,0017-01-07 09:08:00,17,1,7,9,8,930,48,VICTOR BEAUSSE (RUE),,,Crépuscule ou aube,En agglomération,Intersection en X,Normale,Autre collision,,,,,,,,,,,2,2,2,1.0,6.0
201700042478,0017-01-07 22:40:00,17,1,7,22,40,930,48,PAUL DOUMER (RUE),,,Nuit avec éclairage allumé,En agglomération,Intersection en T,Pluie forte,Deux véhicules - côté,,,,,,,,,,,5,2,3,3.0,3.0
201700042479,0017-01-08 00:10:00,17,1,8,0,10,930,48,PARIS (RUE DE),,,Nuit avec éclairage allumé,En agglomération,Hors intersection,Pluie forte,Autre collision,,,,,,,,,,,5,2,1,3.0,6.0
201700042480,0017-01-14 19:55:00,17,1,14,19,55,930,48,"93, SAINT DENIS (RUE)",,,Nuit avec éclairage allumé,En agglomération,Hors intersection,Normale,Autre collision,,,,,,,,,,,5,2,1,1.0,6.0
201700042481,0017-01-17 10:10:00,17,1,17,10,10,930,48,DEMI LUNE (RUE DE LA),,,Plein jour,En agglomération,Intersection en X,Normale,Autre collision,,,,,,,,,,,1,2,2,1.0,6.0
201700042482,0017-01-21 21:50:00,17,1,21,21,50,930,48,PARIS (RUE DE),,,Nuit avec éclairage allumé,En agglomération,Intersection en X,Normale,Sans collision,,,,,,,,,,,5,2,2,1.0,7.0
201700042483,0017-01-28 21:00:00,17,1,28,21,0,930,48,ARISTIDE BRIAND (BOULEVA,,,Nuit avec éclairage allumé,En agglomération,Hors intersection,Normale,Deux véhicules - arrière,,,,,,,,,,,5,2,1,1.0,2.0
201700042484,0017-01-29 06:30:00,17,1,29,6,30,930,48,ROSNY (RUE DE),,,Nuit avec éclairage allumé,En agglomération,Hors intersection,Pluie légère,Autre collision,,,,,,,,,,,5,2,1,2.0,6.0
201700042485,0017-02-02 17:00:00,17,2,2,17,0,930,48,PARMENTIER (RUE),,,Crépuscule ou aube,En agglomération,Intersection en X,Normale,Autre collision,,,,,,,,,,,2,2,2,1.0,6.0
201700042486,0017-02-06 18:25:00,17,2,6,18,25,930,48,"208, THEOPHILE SUEUR (BO",,,Nuit avec éclairage allumé,En agglomération,Hors intersection,Normale,Autre collision,,,,,,,,,,,5,2,1,1.0,6.0
201700042487,0017-02-09 10:10:00,17,2,9,10,10,930,48,"72, JEANNE D'ARC (BOULEV",,,Plein jour,En agglomération,Intersection en X,Normale,Deux véhicules - côté,,,,,,,,,,,1,2,2,1.0,3.0
201700042488,0017-02-14 21:50:00,17,2,14,21,50,930,48,"247, BOISSIERE (BOULEVAR",,,Nuit avec éclairage allumé,En agglomération,Hors intersection,Normale,Deux véhicules - côté,,,,,,,,,,,5,2,1,1.0,3.0
201700042489,0017-02-19 17:15:00,17,2,19,17,15,930,48,ROSNY (RUE DE),,,Plein jour,En agglomération,Intersection en X,Normale,Deux véhicules - côté,,,,,,,,,,,1,2,2,1.0,3.0
201700042490,0017-02-21 09:11:00,17,2,21,9,11,930,48,"4, GASTON MONMOUSSEAU (R",,,Plein jour,En agglomération,Autre intersection,Pluie légère,Deux véhicules - côté,,,,,,,,,,,1,2,9,2.0,3.0
201700042491,0017-02-22 11:06:00,17,2,22,11,6,930,48,"1, ALEMBERT (RUE D')",,,Plein jour,En agglomération,Autre intersection,Normale,Autre collision,,,,,,,,,,,1,2,9,1.0,6.0
201700042492,0017-02-27 14:00:00,17,2,27,14,0,930,48,"32, PAUL VAILLANT COUTUR",,,Plein jour,En agglomération,Hors intersection,Pluie forte,Autre collision,,,,,,,,,,,1,2,1,3.0,6.0
201700042493,0017-02-28 02:20:00,17,2,28,2,20,930,48,"248, THEOPHILE SUEUR (BO",,,Nuit avec éclairage allumé,En agglomération,Hors intersection,Normale,Deux véhicules - arrière,,,,,,,,,,,5,2,1,1.0,2.0
201700042494,0017-03-03 19:20:00,17,3,3,19,20,930,48,"48, VILLIERS (RUE DE)",,,Nuit avec éclairage allumé,En agglomération,Hors intersection,Normale,Deux véhicules - arrière,,,,,,,,,,,5,2,1,1.0,2.0
201700042495,0017-03-12 17:50:00,17,3,12,17,50,930,48,"146, THEOPHILE SUEUR (BO",,,Plein jour,En agglomération,Hors intersection,Normale,Deux véhicules - côté,,,,,,,,,,,1,2,1,1.0,3.0
201700042496,0017-03-16 15:15:00,17,3,16,15,15,930,48,GABRIEL PERI (AVENUE),,,Plein jour,En agglomération,Intersection en X,Normale,Deux véhicules - côté,,,,,,,,,,,1,2,2,1.0,3.0
201700042497,0017-03-18 13:30:00,17,3,18,13,30,930,48,ARISTIDE BRIAND (BOULEVA,,,Plein jour,En agglomération,Passage à niveau,Temps couvert,Trois véhicules et plus - collisions multiples,,,,,,,,,,,1,2,8,8.0,5.0
201700042498,0017-03-18 14:30:00,17,3,18,14,30,930,48,DEUX COMMUNES (RUE DES),,,Plein jour,En agglomération,Hors intersection,Normale,Deux véhicules - arrière,,,,,,,,,,,1,2,1,1.0,2.0
201700042499,0017-03-27 08:45:00,17,3,27,8,45,930,48,"41, RESISTANCE (AVENUE D",,,Plein jour,En agglomération,Hors intersection,Normale,Deux véhicules - côté,,,,,,,,,,,1,2,1,1.0,3.0
201700042500,0017-03-30 13:30:00,17,3,30,13,30,930,48,"99, STALINGRAD (RUE DE)",,,Plein jour,En agglomération,Hors intersection,Temps éblouissant,Deux véhicules - arrière,,,,,,,,,,,1,2,1,7.0,2.0
201700042501,0017-03-30 22:45:00,17,3,30,22,45,930,48,"74, CONDORCET (RUE)",,,Nuit avec éclairage allumé,En agglomération,Hors intersection,Normale,Autre collision,,,,,,,,,,,5,2,1,1.0,6.0
201700042502,0017-04-07 08:15:00,17,4,7,8,15,930,48,"207, ARISTIDE BRIAND (BO",,,Plein jour,En agglomération,Intersection en X,Normale,Deux véhicules - côté,,,,,,,,,,,1,2,2,1.0,3.0
201700042503,0017-04-09 01:45:00,17,4,9,1,45,930,48,"217, BOISSIERE (BOULEVAR",,,Nuit avec éclairage allumé,En agglomération,Hors intersection,Normale,Autre collision,,,,,,,,,,,5,2,1,1.0,6.0
201700042504,0017-04-09 20:15:00,17,4,9,20,15,930,48,"18, RESISTANCE (AVENUE D",,,Plein jour,En agglomération,Hors intersection,Normale,Autre collision,,,,,,,,,,,1,2,1,1.0,6.0
201700042505,0017-04-11 20:10:00,17,4,11,20,10,930,48,"202, PARIS (RUE DE)",,,Plein jour,En agglomération,Hors intersection,Normale,Sans collision,,,,,,,,,,,1,2,1,1.0,7.0
201700042506,0017-04-18 10:30:00,17,4,18,10,30,930,48,REPUBLIQUE (RUE DE LA),,,Plein jour,En agglomération,Intersection en X,Normale,Deux véhicules - côté,,,,,,,,,,,1,2,2,1.0,3.0
201700042507,0017-04-19 09:25:00,17,4,19,9,25,930,48,PRESIDENT SALVADOR ALLEN,,,Plein jour,En agglomération,Autre intersection,Normale,Deux véhicules - côté,,,,,,,,,,,1,2,9,1.0,3.0
201700042508,0017-04-20 19:30:00,17,4,20,19,30,930,48,COTE DU NORD (RUE DE LA),,,Plein jour,En agglomération,Intersection en X,Normale,Deux véhicules - frontale,,,,,,,,,,,1,2,2,1.0,1.0
201700042509,0017-04-24 18:30:00,17,4,24,18,30,930,48,"17, GASTON MONMOUSSEAU (",,,Plein jour,En agglomération,Hors intersection,Normale,Autre collision,,,,,,,,,,,1,2,1,1.0,6.0
201700042510,0017-04-26 18:10:00,17,4,26,18,10,930,48,"199, BOISSIERE (BOULEVAR",,,Plein jour,En agglomération,Hors intersection,Pluie légère,Autre collision,,,,,,,,,,,1,2,1,2.0,6.0
201700042511,0017-04-26 22:30:00,17,4,26,22,30,930,48,"81, HENRI BARBUSSE (BOUL",,,Nuit avec éclairage allumé,En agglomération,Autre intersection,Normale,Deux véhicules - arrière,,,,,,,,,,,5,2,9,1.0,2.0
201700042512,0017-04-28 09:02:00,17,4,28,9,2,930,48,", SORINS (RUE DES)",,,Plein jour,En agglomération,Intersection en X,Normale,Trois véhicules et plus - en chaîne,,,,,,,,,,,1,2,2,1.0,4.0
201700042513,0017-04-29 20:00:00,17,4,29,20,0,930,48,WALWEIN (AVENUE),,,Plein jour,En agglomération,Hors intersection,Normale,Autre collision,,,,,,,,,,,1,2,1,1.0,6.0
201700042514,0017-05-01 10:05:00,17,5,1,10,5,930,48,"237, PARIS (RUE DE)",,,Plein jour,En agglomération,Hors intersection,Normale,Deux véhicules - côté,,,,,,,,,,,1,2,1,1.0,3.0
201700042515,0017-05-03 16:35:00,17,5,3,16,35,930,48,VALMY (RUE DE),,,Plein jour,En agglomération,Intersection en T,Pluie forte,Deux véhicules - côté,,,,,,,,,,,1,2,3,3.0,3.0
201700042516,0017-05-05 09:00:00,17,5,5,9,0,930,48,"9, PRESIDENT SALVADOR AL",,,Plein jour,En agglomération,Hors intersection,Normale,Deux véhicules - côté,,,,,,,,,,,1,2,1,1.0,3.0
201700042517,0017-05-09 17:30:00,17,5,9,17,30,930,48,PIERRE DE MONTREUIL (RUE,,,Plein jour,En agglomération,Hors intersection,Normale,Trois véhicules et plus - collisions multiples,,,,,,,,,,,1,2,1,1.0,5.0
201700042518,0017-05-11 09:10:00,17,5,11,9,10,930,48,ARISTIDE BRIAND (BOULEVA,,,Plein jour,En agglomération,Intersection en X,Normale,Deux véhicules - côté,,,,,,,,,,,1,2,2,1.0,3.0
201700042519,0017-05-11 12:15:00,17,5,11,12,15,930,48,PRESIDENT SALVADOR ALLEN,,,Plein jour,En agglomération,Intersection en X,Normale,Deux véhicules - côté,,,,,,,,,,,1,2,2,1.0,3.0
201700042520,0017-05-15 20:30:00,17,5,15,20,30,930,48,"40, LE NAIN DE TILLEMONT",,,Plein jour,En agglomération,Hors intersection,Normale,Autre collision,,,,,,,,,,,1,2,1,1.0,6.0
201700042521,0017-05-16 10:30:00,17,5,16,10,30,930,48,RESISTANCE (AVENUE DE LA,,,Plein jour,En agglomération,Intersection en T,Normale,Autre collision,,,,,,,,,,,1,2,3,1.0,6.0
201700042522,0017-05-16 15:50:00,17,5,16,15,50,930,48,"5, RASPAIL (RUE)",,,Plein jour,En agglomération,Hors intersection,Normale,Deux véhicules - côté,,,,,,,,,,,1,2,1,1.0,3.0
201700042523,0017-05-17 17:13:00,17,5,17,17,13,930,48,RESISTANCE (AVENUE DE LA,,,Plein jour,En agglomération,Passage à niveau,Normale,Autre collision,,,,,,,,,,,1,2,8,1.0,6.0
201700042524,0017-05-19 16:15:00,17,5,19,16,15,930,48,ETIENNE MARCEL (RUE),,,Plein jour,En agglomération,Intersection en X,Normale,Deux véhicules - côté,,,,,,,,,,,1,2,2,1.0,3.0
201700042525,0017-05-22 00:30:00,17,5,22,0,30,930,48,"33, ERNEST SAVART (AVENU",,,Nuit sans éclairage public,En agglomération,Hors intersection,Normale,Autre collision,,,,,,,,,,,3,2,1,1.0,6.0
201700042526,0017-05-22 18:20:00,17,5,22,18,20,930,48,"1, ROUGET DE L'ISLE (BOU",,,Plein jour,En agglomération,Hors intersection,Normale,Autre collision,,,,,,,,,,,1,2,1,1.0,6.0
201700042527,0017-05-29 16:40:00,17,5,29,16,40,930,48,"40-42, VILLIERS (RUE DE)",,,Plein jour,En agglomération,Hors intersection,Normale,Trois véhicules et plus - en chaîne,,,,,,,,,,,1,2,1,1.0,4.0
201700042528,0017-06-01 18:50:00,17,6,1,18,50,930,48,"78, GEORGES MELIES (RUE)",,,Plein jour,En agglomération,Hors intersection,Normale,Sans collision,,,,,,,,,,,1,2,1,1.0,7.0
201700042529,0017-06-02 13:20:00,17,6,2,13,20,930,48,"43, RASPAIL (RUE)",,,Plein jour,En agglomération,Hors intersection,Pluie légère,Autre collision,,,,,,,,,,,1,2,1,2.0,6.0
201700042530,0017-06-04 14:05:00,17,6,4,14,5,930,48,"61, FAIDHERBE (AVENUE)",,,Plein jour,En agglomération,Hors intersection,Normale,Autre collision,,,,,,,,,,,1,2,1,1.0,6.0
201700042531,0017-06-06 18:00:00,17,6,6,18,0,930,48,"36, STALINGRAD (RUE DE)",,,Plein jour,En agglomération,Hors intersection,Pluie légère,Deux véhicules - arrière,,,,,,,,,,,1,2,1,2.0,2.0
201700042532,0017-06-06 18:10:00,17,6,6,18,10,930,48,"32, JEAN MOULIN (AVENUE)",,,Plein jour,En agglomération,Hors intersection,Temps couvert,Trois véhicules et plus - en chaîne,,,,,,,,,,,1,2,1,8.0,4.0
201700042533,0017-06-09 16:27:00,17,6,9,16,27,930,48,VICTOR MERCIER (RUE),,,Plein jour,En agglomération,Hors intersection,Normale,Autre collision,,,,,,,,,,,1,2,1,1.0,6.0
201700042534,0017-06-09 20:00:00,17,6,9,20,0,930,48,"53, PRESIDENT WILSON (AV",,,Plein jour,En agglomération,Intersection en X,Normale,Deux véhicules - côté,,,,,,,,,,,1,2,2,1.0,3.0
201700042535,0017-06-12 19:05:00,17,6,12,19,5,930,48,"22, GRANDS PECHERS (RUE",,,Plein jour,En agglomération,Hors intersection,Normale,Autre collision,,,,,,,,,,,1,2,1,1.0,6.0
201700042536,0017-06-18 20:05:00,17,6,18,20,5,930,48,"9, COLI (RUE)",,,Plein jour,En agglomération,Hors intersection,Normale,Autre collision,,,,,,,,,,,1,2,1,1.0,6.0
201700042537,0017-06-21 01:30:00,17,6,21,1,30,930,48,"55, MOLIERE (RUE)",,,Nuit avec éclairage allumé,En agglomération,Intersection en Y,Normale,Autre collision,,,,,,,,,,,5,2,4,1.0,6.0
201700042538,0017-06-22 12:24:00,17,6,22,12,24,930,48,"236, THEOPHILE SUEUR (BO",,,Plein jour,En agglomération,Intersection en T,Normale,Deux véhicules - arrière,,,,,,,,,,,1,2,3,1.0,2.0
201700042539,0017-06-24 04:15:00,17,6,24,4,15,930,48,ETIENNE MARCEL (RUE),,,Nuit avec éclairage allumé,En agglomération,Autre intersection,Normale,Deux véhicules - côté,,,,,,,,,,,5,2,9,1.0,3.0
201700042540,0017-06-26 13:45:00,17,6,26,13,45,930,48,"75, STALINGRAD (RUE DE)",,,Plein jour,En agglomération,Hors intersection,Normale,Deux véhicules - frontale,,,,,,,,,,,1,2,1,1.0,1.0
201700042541,0017-06-26 16:20:00,17,6,26,16,20,930,48,EDOUARD BRANLY (RUE),,,Plein jour,En agglomération,Hors intersection,Normale,Autre collision,,,,,,,,,,,1,2,1,1.0,6.0
201700042542,0017-06-27 09:05:00,17,6,27,9,5,930,48,CUVIER (RUE),,,Plein jour,En agglomération,Hors intersection,Temps couvert,Autre collision,,,,,,,,,,,1,2,1,8.0,6.0
201700042543,0017-06-27 20:15:00,17,6,27,20,15,930,48,SOLIDARITE (RUE DE LA),,,Plein jour,En agglomération,Intersection en X,Temps couvert,Deux véhicules - frontale,,,,,,,,,,,1,2,2,8.0,1.0
201700042544,0017-07-02 18:40:00,17,7,2,18,40,930,48,"173, PARIS (RUE DE)",,,Plein jour,En agglomération,Intersection en X,Normale,Deux véhicules - côté,,,,,,,,,,,1,2,2,1.0,3.0
201700042545,0017-07-02 23:20:00,17,7,2,23,20,930,48,"130, VINCENNES (RUE DE)",,,Nuit avec éclairage allumé,En agglomération,Intersection en T,Normale,Deux véhicules - côté,,,,,,,,,,,5,2,3,1.0,3.0
201700042546,0017-07-15 21:20:00,17,7,15,21,20,930,48,"238, THEOPHILE SUEUR (BO",,,Plein jour,En agglomération,Hors intersection,Normale,Sans collision,,,,,,,,,,,1,2,1,1.0,7.0
201700042547,0017-07-17 20:20:00,17,7,17,20,20,930,48,"74, ROSNY (RUE DE)",,,Plein jour,En agglomération,Intersection en X,Normale,Deux véhicules - frontale,,,,,,,,,,,1,2,2,1.0,1.0
201700042548,0017-07-17 20:50:00,17,7,17,20,50,930,48,"294, ROSNY (RUE DE)",,,Plein jour,En agglomération,Hors intersection,Normale,Deux véhicules - arrière,,,,,,,,,,,1,2,1,1.0,2.0
201700042549,0017-07-18 14:20:00,17,7,18,14,20,930,48,"122, PRESIDENT WILSON (A",,,Plein jour,En agglomération,Intersection en X,Normale,Deux véhicules - côté,,,,,,,,,,,1,2,2,1.0,3.0
201700042550,0017-07-22 10:20:00,17,7,22,10,20,930,48,"46, ERNEST SAVART (AVENU",,,Plein jour,En agglomération,Hors intersection,Temps couvert,Autre collision,,,,,,,,,,,1,2,1,8.0,6.0
201700042551,0017-07-22 19:50:00,17,7,22,19,50,930,48,"12, REPUBLIQUE (RUE DE L",,,Plein jour,En agglomération,Hors intersection,Pluie légère,Deux véhicules - côté,,,,,,,,,,,1,2,1,2.0,3.0
201700042552,0017-07-28 21:15:00,17,7,28,21,15,930,48,"125, RESISTANCE (AVENUE",,,Crépuscule ou aube,En agglomération,Intersection en T,Normale,Deux véhicules - côté,,,,,,,,,,,2,2,3,1.0,3.0
201700042553,0017-08-01 19:00:00,17,8,1,19,0,930,48,"58, SERGENT BOBILLOT (RU",,,Plein jour,En agglomération,Intersection en X,Normale,Deux véhicules - côté,,,,,,,,,,,1,2,2,1.0,3.0
201700042554,0017-08-02 17:15:00,17,8,2,17,15,930,48,"56, FRANKLIN (RUE)",,,Plein jour,En agglomération,Autre intersection,Normale,Deux véhicules - frontale,,,,,,,,,,,1,2,9,1.0,1.0
201700042555,0017-08-22 16:20:00,17,8,22,16,20,930,48,"55, BOISSIERE (BOULEVARD",,,Plein jour,En agglomération,Hors intersection,Normale,Deux véhicules - côté,,,,,,,,,,,1,2,1,1.0,3.0
201700042556,0017-08-22 20:20:00,17,8,22,20,20,930,48,"43, PARIS (RUE DE)",,,Plein jour,En agglomération,Hors intersection,Normale,Autre collision,,,,,,,,,,,1,2,1,1.0,6.0
201700042557,0017-08-23 03:50:00,17,8,23,3,50,930,48,"56, STALINGRAD (RUE DE)",,,Nuit avec éclairage allumé,En agglomération,Intersection à plus de 4 branches,Normale,Deux véhicules - côté,,,,,,,,,,,5,2,5,1.0,3.0
201700042558,0017-08-24 19:21:00,17,8,24,19,21,930,48,PAUL VAILLANT COUTURIER,,,Plein jour,En agglomération,Hors intersection,Normale,Autre collision,,,,,,,,,,,1,2,1,1.0,6.0
201700042559,0017-08-26 21:35:00,17,8,26,21,35,930,48,"124, THEOPHILE SUEUR (BO",,,Nuit avec éclairage allumé,En agglomération,Hors intersection,Normale,Deux véhicules - frontale,,,,,,,,,,,5,2,1,1.0,1.0
201700042560,0017-08-27 14:20:00,17,8,27,14,20,930,48,"255, PARIS (RUE DE)",,,Plein jour,En agglomération,Intersection en X,Normale,Autre collision,,,,,,,,,,,1,2,2,1.0,6.0