accident_id,datetime,annee,mois,jour,heure,minute,departement,commune_insee,adresse,latitude,longitude,luminosite,agglomeration,intersection,meteo,collision,nb_vehicules,nb_usagers,nb_indemnes,nb_tues,nb_blesses_hosp,nb_blesses_legers,age_cond_1,age_cond_2,veh_type_cond_1,veh_type_cond_2,lum_code,agg_code,int_code,atm_code,col_code
201700042808,0017-10-11 11:15:00,17,10,11,11,15,930,53,"4 bis, BERGERIES (RUE DE",48.89146,2.45264,Plein jour,En agglomération,Hors intersection,Normale,Autre collision,,,,,,,,,,,1,2,1,1.0,6.0
201700042809,0017-10-13 09:55:00,17,10,13,9,55,930,53,"118, BREMENT (RUE DE) 85",48.0,2.45994,Plein jour,En agglomération,Intersection en T,Temps couvert,Deux véhicules - côté,,,,,,,,,,,1,2,3,8.0,3.0
201700042810,0017-10-14 16:45:00,17,10,14,16,45,930,53,GALLIENI (AVENUE),49.90289,2.46842,Plein jour,En agglomération,Intersection en T,Normale,Deux véhicules - côté,,,,,,,,,,,1,2,3,1.0,3.0
201700042811,0017-10-16 08:30:00,17,10,16,8,30,930,53,"135, PARIS (RUE DE)",48.90218,2.46159,Plein jour,En agglomération,Autre intersection,Normale,Deux véhicules - arrière,,,,,,,,,,,1,2,9,1.0,2.0
201700042812,0017-10-17 08:40:00,17,10,17,8,40,930,53,"180, BREMENT (RUE DE) 10",,,Plein jour,En agglomération,Hors intersection,Normale,Trois véhicules et plus - collisions multiples,,,,,,,,,,,1,2,1,1.0,5.0
201700042813,0017-10-18 09:00:00,17,10,18,9,0,930,53,"228, BREMENT (RUE DE) 10",48.88698,2.4711,Plein jour,En agglomération,Hors intersection,Normale,Autre collision,,,,,,,,,,,1,2,1,1.0,6.0
201700042814,0017-11-10 15:13:00,17,11,10,15,13,930,53,"68, BREMENT (RUE DE) 1 A",48.8885,2.4559,Plein jour,En agglomération,Giratoire,Normale,Deux véhicules - arrière,,,,,,,,,,,1,2,6,1.0,2.0
201700042815,0017-11-14 11:15:00,17,11,14,11,15,930,53,"110, PARC (RUE DU)",48.89433,2.44398,Plein jour,En agglomération,Hors intersection,Normale,Trois véhicules et plus - collisions multiples,,,,,,,,,,,1,2,1,1.0,5.0
201700042816,0017-11-14 15:44:00,17,11,14,15,44,930,53,"0, BOBIGNY (AVENUE DE)",,,Plein jour,En agglomération,Intersection en T,Normale,Deux véhicules - arrière,,,,,,,,,,,1,2,3,1.0,2.0
201700042817,0017-11-16 17:45:00,17,11,16,17,45,930,53,"02, JEAN JAURES (RUE)",48.89025,-2.45316,Plein jour,En agglomération,Hors intersection,Normale,Deux véhicules - arrière,,,,,,,,,,,1,2,1,1.0,2.0
201700042818,0017-11-21 17:50:00,17,11,21,17,50,930,10,"242, ROSNY (AV. DE)",48.90187,2.47081,Nuit avec éclairage allumé,En agglomération,Hors intersection,Normale,Trois véhicules et plus - collisions multiples,,,,,,,,,,,5,2,1,1.0,5.0
201700042819,0017-12-11 17:50:00,17,12,11,17,50,930,53,GABRIEL PERI (BLD),48.88001,2.46088,Nuit avec éclairage allumé,En agglomération,Intersection en T,Temps couvert,Autre collision,,,,,,,,,,,5,2,3,8.0,6.0
201700042820,0017-12-19 20:15:00,17,12,19,20,15,930,53,CARROUGES (CHEMIN DES),48.88902,2.47142,Nuit avec éclairage allumé,En agglomération,Hors intersection,Pluie légère,Autre collision,,,,,,,,,,,5,2,1,2.0,6.0
201700042821,0017-03-30 19:40:00,17,3,30,19,40,930,55,"24, AISNE (QUAI DE )",,,Plein jour,En agglomération,Hors intersection,Normale,Autre collision,,,,,,,,,,,1,2,1,1.0,6.0
201700042822,0017-04-01 06:40:00,17,4,1,6,40,930,55,"110 bis, GENERAL LECLERC",,,Crépuscule ou aube,En agglomération,Intersection en Y,Normale,Deux véhicules - côté,,,,,,,,,,,2,2,4,1.0,3.0
201700042823,0017-04-09 13:45:00,17,4,9,13,45,930,55,"132, GENERAL LECLERC(AVE",,,Plein jour,En agglomération,Hors intersection,Normale,Deux véhicules - arrière,,,,,,,,,,,1,2,1,1.0,2.0
201700042824,0017-04-24 16:30:00,17,4,24,16,30,930,55,"1, GENERAL LECLERC (AVEN",48.89823,2.40666,Plein jour,En agglomération,Intersection en Y,Normale,Deux véhicules - côté,,,,,,,,,,,1,2,4,1.0,3.0
201700042825,0017-04-24 21:15:00,17,4,24,21,15,930,55,"47, EDOUARD VAILLANT DU",,,Nuit avec éclairage allumé,En agglomération,Hors intersection,Normale,Deux véhicules - frontale,,,,,,,,,,,5,2,1,1.0,1.0
201700042826,0017-05-03 15:25:00,17,5,3,15,25,930,55,"17, GUTENBERG",,,Plein jour,En agglomération,Intersection en X,Pluie légère,Deux véhicules - côté,,,,,,,,,,,1,2,2,2.0,3.0
201700042827,0017-05-09 17:00:00,17,5,9,17,0,930,55,DIVISION LECLERC (AVE DE,,,Plein jour,En agglomération,Hors intersection,Normale,Autre collision,,,,,,,,,,,1,2,1,1.0,6.0
201700042828,0017-05-24 15:50:00,17,5,24,15,50,930,55,EDOUARD VAILLANT DU 40/6,,,Plein jour,En agglomération,Hors intersection,Temps éblouissant,Autre collision,,,,,,,,,,,1,2,1,7.0,6.0
201700042829,0017-05-25 14:20:00,17,5,25,14,20,930,55,"70, JEAN LOLIVE (AVENUE)",,,Plein jour,En agglomération,Hors intersection,Normale,Deux véhicules - arrière,,,,,,,,,,,1,2,1,1.0,2.0
201700042830,0017-06-18 14:40:00,17,6,18,14,40,930,55,"134, JEAN JAURES (AVENUE",,,Plein jour,En agglomération,Hors intersection,Normale,Autre collision,,,,,,,,,,,1,2,1,1.0,6.0
201700042831,0017-06-23 14:45:00,17,6,23,14,45,930,55,"132, JEAN LOLIVE (AVENUE",,,Plein jour,En agglomération,Intersection en Y,Temps éblouissant,Deux véhicules - arrière,,,,,,,,,,,1,2,4,7.0,2.0
201700042832,0017-07-13 07:53:00,17,7,13,7,53,930,55,"60, JEAN LOLIVE (AVENUE)",,,Plein jour,En agglomération,Hors intersection,Temps couvert,Autre collision,,,,,,,,,,,1,2,1,8.0,6.0
201700042833,0017-07-26 17:15:00,17,7,26,17,15,930,55,"100, GENERAL LECLERC(AVE",,,Plein jour,En agglomération,Hors intersection,Pluie légère,Deux véhicules - frontale,,,,,,,,,,,1,2,1,2.0,1.0
201700042834,0017-08-01 22:30:00,17,8,1,22,30,930,55,"94, JEAN LOLIVE (AVENUE)",48.89165,2.40578,Nuit avec éclairage allumé,En agglomération,Hors intersection,Normale,Deux véhicules - arrière,,,,,,,,,,,5,2,1,1.0,2.0
201700042835,0017-08-18 09:52:00,17,8,18,9,52,930,55,"59, JEAN LOLIVE (AVENUE)",,,Plein jour,En agglomération,Hors intersection,Pluie légère,Deux véhicules - arrière,,,,,,,,,,,1,2,1,2.0,2.0
201700042836,0017-08-22 17:40:00,17,8,22,17,40,930,55,"8, EDOUARD VAILLANT DU 1",,,Plein jour,En agglomération,Hors intersection,Normale,Autre collision,,,,,,,,,,,1,2,1,1.0,6.0
201700042837,0017-08-23 07:10:00,17,8,23,7,10,930,55,"164, JEAN JAURES (AVENUE",,,Plein jour,En agglomération,Intersection en X,Normale,Autre collision,,,,,,,,,,,1,2,2,1.0,6.0
201700042838,0017-08-24 18:00:00,17,8,24,18,0,930,55,"146/148, JEAN JAURES (AV",,,Plein jour,En agglomération,Hors intersection,Normale,Deux véhicules - frontale,,,,,,,,,,,1,2,1,1.0,1.0
201700042839,0017-08-29 19:45:00,17,8,29,19,45,930,55,"09, ANATOLE FRANCE (AVEN",48.89,2.42,Plein jour,En agglomération,Hors intersection,Normale,Sans collision,,,,,,,,,,,1,2,1,1.0,7.0
201700042840,0017-09-03 18:00:00,17,9,3,18,0,930,55,GENERAL LECLERC (AVENUE),,,Plein jour,En agglomération,Hors intersection,Normale,Autre collision,,,,,,,,,,,1,2,1,1.0,6.0
201700042841,0017-09-07 08:15:00,17,9,7,8,15,930,55,"62, JEAN LOLIVE (AVENUE)",48.89129,2.4026,Plein jour,En agglomération,Hors intersection,Normale,Deux véhicules - côté,,,,,,,,,,,1,2,1,1.0,3.0
201700042842,0017-09-14 08:45:00,17,9,14,8,45,930,55,EDOUARD VAILLANT DU 1 A,,,Plein jour,En agglomération,Autre intersection,Normale,Autre collision,,,,,,,,,,,1,2,9,1.0,6.0
201700042843,0017-09-15 10:30:00,17,9,15,10,30,930,55,", LAVOISIER",48.88948,2.4198,Plein jour,En agglomération,Intersection en T,Normale,Deux véhicules - côté,,,,,,,,,,,1,2,3,1.0,3.0
201700042844,0017-09-16 18:30:00,17,9,16,18,30,930,55,"71, JEAN LOLIVE (AVENUE)",48.89176,2.40509,Plein jour,En agglomération,Intersection en X,Temps couvert,Deux véhicules - arrière,,,,,,,,,,,1,2,2,8.0,2.0
201700042845,0017-09-21 19:45:00,17,9,21,19,45,930,55,"52, JEAN JAURES (AVENUE)",48.90182,2.39023,Crépuscule ou aube,En agglomération,Hors intersection,Normale,Sans collision,,,,,,,,,,,2,2,1,1.0,7.0
201700042846,0017-09-23 10:10:00,17,9,23,10,10,930,55,"120, JEAN LOLIVE (AVENUE",48.89276,2.41093,Plein jour,En agglomération,Hors intersection,Normale,Autre collision,,,,,,,,,,,1,2,1,1.0,6.0
201700042847,0017-09-25 13:50:00,17,9,25,13,50,930,55,"24, DELIZY (DU 23 A FIN",48.89603,2.40975,Plein jour,En agglomération,Intersection en T,Normale,Sans collision,,,,,,,,,,,1,2,3,1.0,7.0
201700042848,0017-09-25 21:00:00,17,9,25,21,0,930,55,"170, JEAN LOLIVE (AVENUE",48.89435,2.4196,Nuit avec éclairage allumé,En agglomération,Hors intersection,Normale,Autre collision,,,,,,,,,,,5,2,1,1.0,6.0
201700042849,0017-10-03 10:00:00,17,10,3,10,0,930,55,"172, JEAN LOLIVE (AVENUE",48.89432,2.42044,Plein jour,En agglomération,Hors intersection,Normale,Autre collision,,,,,,,,,,,1,2,1,1.0,6.0
201700042850,0017-10-03 21:45:00,17,10,3,21,45,930,55,"79, JULES AUFFRET (51/FI",48.88368,2.41146,Nuit avec éclairage allumé,En agglomération,Hors intersection,Normale,Sans collision,,,,,,,,,,,5,2,1,1.0,7.0
201700042851,0017-10-07 14:00:00,17,10,7,14,0,930,55,"134, JEAN LOLIVE (AVENUE",48.89293,2.41421,Plein jour,En agglomération,Hors intersection,Temps couvert,Deux véhicules - côté,,,,,,,,,,,1,2,1,8.0,3.0
201700042852,0017-10-10 21:08:00,17,10,10,21,8,930,55,EDOUARD VAILLANT DU 1 A,48.89706,2.40001,Nuit avec éclairage allumé,En agglomération,Hors intersection,Normale,Autre collision,,,,,,,,,,,5,2,1,1.0,6.0
201700042853,0017-10-12 21:55:00,17,10,12,21,55,930,55,"02, NOISY LE SEC (ROUTE",48.89545,2.42617,Nuit avec éclairage allumé,En agglomération,Intersection en X,Normale,Deux véhicules - côté,,,,,,,,,,,5,2,2,1.0,3.0
201700042854,0017-10-14 12:40:00,17,10,14,12,40,930,55,"14, JULES AUFFRET (1/49",48.89017,2.40997,Plein jour,En agglomération,Intersection en T,Normale,Deux véhicules - côté,,,,,,,,,,,1,2,3,1.0,3.0
201700042855,0017-10-14 17:40:00,17,10,14,17,40,930,55,VICTOR HUGO (1/63 . 2/60,48.8938,2.40884,Plein jour,En agglomération,Hors intersection,Normale,Autre collision,,,,,,,,,,,1,2,1,1.0,6.0
201700042856,0017-10-15 13:55:00,17,10,15,13,55,930,55,"13, CIMETIERE PARISIEN (",48.90874,2.39968,Plein jour,En agglomération,Hors intersection,Normale,Sans collision,,,,,,,,,,,1,2,1,1.0,7.0
201700042857,0017-10-16 16:45:00,17,10,16,16,45,930,55,"61, VICTOR HUGO (1/63 .",48.8938,2.40884,Plein jour,En agglomération,Intersection en X,Normale,Deux véhicules - côté,,,,,,,,,,,1,2,2,1.0,3.0
201700042858,0017-10-24 07:50:00,17,10,24,7,50,930,55,"158, DIDEROT",48.90237,2.40658,Nuit avec éclairage allumé,En agglomération,Hors intersection,Pluie légère,Deux véhicules - côté,,,,,,,,,,,5,2,1,2.0,3.0
201700042859,0017-10-27 13:20:00,17,10,27,13,20,930,55,"6, JULES AUFFRET (1/49 E",48.89018,2.40998,Plein jour,En agglomération,Hors intersection,Normale,Autre collision,,,,,,,,,,,1,2,1,1.0,6.0
201700042860,0017-10-27 18:25:00,17,10,27,18,25,930,55,AISNE (QUAI DE ),48.89531,2.40642,Crépuscule ou aube,En agglomération,Hors intersection,Normale,Autre collision,,,,,,,,,,,2,2,1,1.0,6.0
201700042861,0017-10-28 19:25:00,17,10,28,19,25,930,55,"215, JEAN LOLIVE (AVENUE",48.89217,2.40736,Nuit avec éclairage allumé,En agglomération,Hors intersection,Normale,Deux véhicules - côté,,,,,,,,,,,5,2,1,1.0,3.0
201700042862,0017-11-01 21:30:00,17,11,1,21,30,930,55,"223, JEAN LOLIVE (AVENUE",48.89498,2.422,Nuit avec éclairage allumé,En agglomération,Hors intersection,Normale,Deux véhicules - côté,,,,,,,,,,,5,2,1,1.0,3.0
201700042863,0017-11-06 09:48:00,17,11,6,9,48,930,55,"23, DELIZY (DU 23 A FIN",48.89544,2.4096,Plein jour,En agglomération,Hors intersection,Normale,Autre collision,,,,,,,,,,,1,2,1,1.0,6.0
201700042864,0017-11-07 20:00:00,17,11,7,20,0,930,55,"38, JEAN LOLIVE (AVENUE)",48.89893,2.40547,Crépuscule ou aube,En agglomération,Hors intersection,Normale,Deux véhicules - côté,,,,,,,,,,,2,2,1,1.0,3.0
201700042865,0017-11-13 09:55:00,17,11,13,9,55,930,55,"37, VICTOR HUGO (1/63 .",48.89412,2.40636,Plein jour,En agglomération,Hors intersection,Normale,Autre collision,,,,,,,,,,,1,2,1,1.0,6.0
201700042866,0017-11-14 21:40:00,17,11,14,21,40,930,55,"140, GENERAL LECLERC(AVE",48.9008,2.41161,Nuit avec éclairage allumé,En agglomération,Hors intersection,Normale,Deux véhicules - côté,,,,,,,,,,,5,2,1,1.0,3.0
201700042867,0017-11-15 01:30:00,17,11,15,1,30,930,55,"23, ANATOLE FRANCE (AVEN",48.89395,2.42476,Nuit avec éclairage allumé,En agglomération,Hors intersection,Normale,Deux véhicules - arrière,,,,,,,,,,,5,2,1,1.0,2.0
201700042868,0017-11-15 12:40:00,17,11,15,12,40,930,55,"16, DELIZY (DU 15 AU 21",48.89645,2.40912,Plein jour,En agglomération,Hors intersection,Normale,Deux véhicules - arrière,,,,,,,,,,,1,2,1,1.0,2.0
201700042869,0017-11-22 16:10:00,17,11,22,16,10,930,55,"153, JEAN LOLIVE (AVENUE",48.89342,2.41046,Plein jour,En agglomération,Hors intersection,Normale,Deux véhicules - côté,,,,,,,,,,,1,2,1,1.0,3.0
201700042870,0017-11-24 18:30:00,17,11,24,18,30,930,55,"43, AUGER",48.89403,2.39877,Crépuscule ou aube,En agglomération,Hors intersection,Normale,Autre collision,,,,,,,,,,,2,2,1,1.0,6.0
201700042871,0017-11-27 15:10:00,17,11,27,15,10,930,55,"55, JEAN LOLIVE (AVENUE)",48.8913,2.40236,Plein jour,En agglomération,Hors intersection,Pluie légère,Autre collision,,,,,,,,,,,1,2,1,2.0,6.0
201700042872,0017-11-29 09:23:00,17,11,29,9,23,930,55,"29, VICTOR HUGO (1/63 .",48.89461,2.40447,Plein jour,En agglomération,Intersection en X,Temps couvert,Autre collision,,,,,,,,,,,1,2,2,8.0,6.0
201700042873,0017-11-29 14:40:00,17,11,29,14,40,930,55,"face au 50, EDOUARD VAIL",48.8978,2.39891,Plein jour,En agglomération,Hors intersection,Pluie forte,Autre collision,,,,,,,,,,,1,2,1,3.0,6.0
201700042874,0017-12-06 10:15:00,17,12,6,10,15,930,55,JEAN JAURES (AVENUE) (17,48.90721,-2.39612,Plein jour,En agglomération,Hors intersection,Temps couvert,Autre collision,,,,,,,,,,,1,2,1,8.0,6.0
201700042875,0017-12-08 20:15:00,17,12,8,20,15,930,55,"104, JEAN LOLIVE (AVENUE",48.89487,2.40969,Nuit avec éclairage allumé,En agglomération,Intersection en X,Normale,Deux véhicules - côté,,,,,,,,,,,5,2,2,1.0,3.0
201700042876,0017-12-10 06:00:00,17,12,10,6,0,930,55,"196, GENERAL LECLERC(AVE",48.9028,2.41567,Nuit sans éclairage public,En agglomération,Hors intersection,Pluie forte,Autre collision,,,,,,,,,,,3,2,1,3.0,6.0
201700042877,0017-12-15 19:15:00,17,12,15,19,15,930,55,LATERAL AU CHEMIN DE FER,48.8961,2.4196,Nuit sans éclairage public,En agglomération,Hors intersection,Pluie légère,Autre collision,,,,,,,,,,,3,2,1,2.0,6.0
201700042878,0017-12-17 05:50:00,17,12,17,5,50,930,55,"136, GENERAL LECLERC(AVE",48.89974,2.40965,Nuit avec éclairage allumé,En agglomération,Hors intersection,Pluie légère,Autre collision,,,,,,,,,,,5,2,1,2.0,6.0
201700042879,0017-12-18 08:30:00,17,12,18,8,30,930,55,"82, CHARLES NODIER",48.89032,2.40157,Crépuscule ou aube,En agglomération,Hors intersection,Pluie légère,Autre collision,,,,,,,,,,,2,2,1,2.0,6.0
201700042880,0017-12-19 20:35:00,17,12,19,20,35,930,55,CHARLES NODIER,48.89051,2.40157,Nuit avec éclairage allumé,En agglomération,Hors intersection,Normale,Deux véhicules - côté,,,,,,,,,,,5,2,1,1.0,3.0
201700042881,0017-12-26 01:00:00,17,12,26,1,0,930,55,"182-186, JEAN LOLIVE (AV",48.89467,2.42137,Nuit avec éclairage allumé,En agglomération,Hors intersection,Normale,Autre collision,,,,,,,,,,,5,2,1,1.0,6.0
201700042882,0017-12-28 19:10:00,17,12,28,19,10,930,55,"1, DEBARCADERE (DU)",48.89768,2.39874,Nuit avec éclairage allumé,En agglomération,Hors intersection,Normale,Autre collision,,,,,,,,,,,5,2,1,1.0,6.0
201700042883,0017-12-30 19:55:00,17,12,30,19,55,930,8,"12, MOSCOU (RUE DE)",48.89077,2.40521,Nuit avec éclairage allumé,En agglomération,Hors intersection,Normale,Autre collision,,,,,,,,,,,5,2,1,1.0,6.0
201700042884,0017-03-07 16:40:00,17,3,7,16,40,930,55,"44, EDOUARD VAILLANT DU",,,Plein jour,En agglomération,Hors intersection,Normale,Autre collision,,,,,,,,,,,1,2,1,1.0,6.0
201700042885,0017-01-12 11:00:00,17,1,12,11,0,930,55,RESISTANCE (VOIE DE LA),,,Plein jour,En agglomération,Hors intersection,Pluie légère,Trois véhicules et plus - collisions multiples,,,,,,,,,,,1,2,1,2.0,5.0
201700042886,0017-01-14 14:50:00,17,1,14,14,50,930,55,"5, GENERAL LECLERC (AVEN",,,Plein jour,En agglomération,Hors intersection,Temps couvert,Deux véhicules - arrière,,,,,,,,,,,1,2,1,8.0,2.0
201700042887,0017-01-15 15:40:00,17,1,15,15,40,930,55,"158, JEAN LOLIVE (AVENUE",,,Crépuscule ou aube,En agglomération,Hors intersection,Pluie légère,Deux véhicules - arrière,,,,,,,,,,,2,2,1,2.0,2.0
201700042888,0017-03-04 00:20:00,17,3,4,0,20,930,55,"55, JEAN LOLIVE (AVENUE)",,,Nuit avec éclairage allumé,En agglomération,Hors intersection,Pluie légère,Autre collision,,,,,,,,,,,5,2,1,2.0,6.0
201700042889,0017-03-07 15:00:00,17,3,7,15,0,930,55,JEAN LOLIVE (AVENUE)(137,,,Plein jour,En agglomération,Intersection en T,Normale,Deux véhicules - côté,,,,,,,,,,,1,2,3,1.0,3.0
201700042890,0017-03-09 07:50:00,17,3,9,7,50,930,55,"158, DIDEROT",,,Crépuscule ou aube,En agglomération,Hors intersection,Normale,Deux véhicules - arrière,,,,,,,,,,,2,2,1,1.0,2.0
201700042891,0017-03-23 16:05:00,17,3,23,16,5,930,55,"139, JEAN LOLIVE (AVENUE",,,Plein jour,En agglomération,Hors intersection,Pluie légère,Trois véhicules et plus - collisions multiples,,,,,,,,,,,1,2,1,2.0,5.0
201700042892,0017-01-02 20:25:00,17,1,2,20,25,930,77,"104, ROSNY (AVENUE DE)",,,Nuit avec éclairage allumé,En agglomération,Hors intersection,Temps couvert,Deux véhicules - côté,,,,,,,,,,,5,2,1,8.0,3.0
201700042893,0017-01-02 20:00:00,17,1,2,20,0,930,62,CHARLES (AVENUE)  1 - 3,,,Nuit avec éclairage allumé,En agglomération,Intersection à plus de 4 branches,Normale,Deux véhicules - frontale,,,,,,,,,,,5,2,5,1.0,1.0
201700042894,0017-01-26 10:00:00,17,1,26,10,0,930,77,"113, ROSNY (AVENUE DE)",,,Plein jour,En agglomération,Hors intersection,Normale,Deux véhicules - côté,,,,,,,,,,,1,2,1,1.0,3.0
201700042895,0017-03-01 17:40:00,17,3,1,17,40,930,27,GALLIENI (AVENUE DU GENE,,,Plein jour,En agglomération,Autre intersection,Pluie forte,Deux véhicules - côté,,,,,,,,,,,1,2,9,3.0,3.0
201700042896,0017-02-18 19:30:00,17,2,18,19,30,930,62,"42, FONTAINE (ALLEE DE L",,,Nuit avec éclairage allumé,En agglomération,Intersection en X,Normale,Autre collision,,,,,,,,,,,5,2,2,1.0,6.0
201700042897,0017-03-14 08:30:00,17,3,14,8,30,930,27,CHATEAU D'EAU (ALLEE DU),,,Plein jour,En agglomération,Intersection en X,Normale,Deux véhicules - côté,,,,,,,,,,,1,2,2,1.0,3.0
201700042898,0017-03-01 02:12:00,17,3,1,2,12,930,77,FOSSE AUX BERGERS (RUE D,,,Nuit avec éclairage allumé,En agglomération,Intersection en X,Normale,Deux véhicules - côté,,,,,,,,,,,5,2,2,1.0,3.0
201700042899,0017-03-17 14:10:00,17,3,17,14,10,930,27,"8, ROSNY (AVENUE DE)",,,Plein jour,En agglomération,Hors intersection,Normale,Autre collision,,,,,,,,,,,1,2,1,1.0,6.0
201700042900,0017-03-23 17:20:00,17,3,23,17,20,930,62,"60, OUEST (BOULEVARD DE",,,Plein jour,En agglomération,Intersection en T,Pluie légère,Deux véhicules - côté,,,,,,,,,,,1,2,3,2.0,3.0
201700042901,0017-03-26 13:40:00,17,3,26,13,40,930,62,RESISTANCE (AVENUE DE LA,48.89468,2.51346,Plein jour,En agglomération,Hors intersection,Normale,Autre collision,,,,,,,,,,,1,2,1,1.0,6.0
201700042902,0017-03-27 18:45:00,17,3,27,18,45,930,62,"1, GARE (COUR DE LA)",,,Plein jour,En agglomération,Intersection en T,Normale,Autre collision,,,,,,,,,,,1,2,3,1.0,6.0
201700042903,0017-04-04 08:55:00,17,4,4,8,55,930,62,RESISTANCE (AVENUE DE LA,48.89459,2.51337,Plein jour,En agglomération,Intersection en T,Normale,Deux véhicules - côté,,,,,,,,,,,1,2,3,1.0,3.0
201700042904,0017-04-05 19:48:00,17,4,5,19,48,930,27,OUTREBON (AVENUE),,,Plein jour,En agglomération,Hors intersection,Normale,Autre collision,,,,,,,,,,,1,2,1,1.0,6.0
201700042905,0017-04-06 18:10:00,17,4,6,18,10,930,62,"1, THIERS (AVENUE)",,,Plein jour,En agglomération,Giratoire,Normale,Autre collision,,,,,,,,,,,1,2,6,1.0,6.0
201700042906,0017-04-15 04:05:00,17,4,15,4,5,930,62,"8, BELLEVUE (ALLEE DE)",,,Nuit avec éclairage allumé,En agglomération,Hors intersection,Normale,Autre collision,,,,,,,,,,,5,2,1,1.0,6.0
201700042907,0017-04-19 22:35:00,17,4,19,22,35,930,77,"01, LAENNEC (RUE) COTE P",48.87985,2.49656,Nuit avec éclairage allumé,En agglomération,Intersection en X,Normale,Deux véhicules - côté,,,,,,,,,,,5,2,2,1.0,3.0
201700042908,0017-04-27 19:30:00,17,4,27,19,30,930,27,"55, ROSNY (AVENUE DE)",,,Plein jour,En agglomération,Hors intersection,Normale,Trois véhicules et plus - collisions multiples,,,,,,,,,,,1,2,1,1.0,5.0
201700042909,0017-04-29 01:45:00,17,4,29,1,45,930,62,"35, JARDIN ANGLAIS ET DE",,,Nuit avec éclairage allumé,En agglomération,Hors intersection,Normale,Autre collision,,,,,,,,,,,5,2,1,1.0,6.0
201700042910,0017-05-02 09:15:00,17,5,2,9,15,930,27,"1, ARC (RUE JEANNE D')",,,Plein jour,En agglomération,Hors intersection,Temps éblouissant,Autre collision,,,,,,,,,,,1,2,1,7.0,6.0
201700042911,0017-05-03 11:15:00,17,5,3,11,15,930,27,"122, GRANDE RUE",,,Plein jour,En agglomération,Intersection en T,Pluie légère,Deux véhicules - côté,,,,,,,,,,,1,2,3,2.0,3.0
201700042912,0017-05-11 07:50:00,17,5,11,7,50,930,27,"0, GRANDE RUE",,,Plein jour,En agglomération,Giratoire,Normale,Deux véhicules - côté,,,,,,,,,,,1,2,6,1.0,3.0
201700042913,0017-05-11 14:00:00,17,5,11,14,0,930,27,"158, GRANDE RUE",,,Plein jour,En agglomération,Autre intersection,Normale,Autre collision,,,,,,,,,,,1,2,9,1.0,6.0
201700042914,0017-05-12 15:35:00,17,5,12,15,35,930,27,"9, MASSENA (AVENUE)",,,Plein jour,En agglomération,Intersection en T,Normale,Autre collision,,,,,,,,,,,1,2,3,1.0,6.0
201700042915,0017-05-17 16:45:00,17,5,17,16,45,930,62,"12, OUEST (BOULEVARD DE",48.89614,2.50908,Plein jour,En agglomération,Autre intersection,Normale,Autre collision,,,,,,,,,,,1,2,9,1.0,6.0
201700042916,0017-05-22 07:45:00,17,5,22,7,45,930,62,"71, RESISTANCE (AVENUE D",48.89468,2.51346,Plein jour,En agglomération,Autre intersection,Normale,Autre collision,,,,,,,,,,,1,2,9,1.0,6.0
201700042917,0017-05-26 17:35:00,17,5,26,17,35,930,27,"15-17, BENONI (RUE EUSTA",,,Plein jour,En agglomération,Hors intersection,Normale,Autre collision,,,,,,,,,,,1,2,1,1.0,6.0
201700042918,0017-05-27 05:11:00,17,5,27,5,11,930,27,"73, GRANDE RUE",,,Crépuscule ou aube,En agglomération,Hors intersection,Normale,Autre collision,,,,,,,,,,,2,2,1,1.0,6.0
201700042919,0017-05-27 21:10:00,17,5,27,21,10,930,27,NOISY (ROUTE DE) JUSQU'A,,,Plein jour,En agglomération,Hors intersection,Normale,Deux véhicules - côté,,,,,,,,,,,1,2,1,1.0,3.0
201700042920,0017-05-29 08:45:00,17,5,29,8,45,930,62,"1, THIERS (ROND POINT)",,,Plein jour,En agglomération,Hors intersection,Normale,Autre collision,,,,,,,,,,,1,2,1,1.0,6.0
201700042921,0017-06-02 08:15:00,17,6,2,8,15,930,62,"67, RESISTANCE (AVENUE D",48.89468,2.51346,Plein jour,En agglomération,Intersection en T,Normale,Deux véhicules - côté,,,,,,,,,,,1,2,3,1.0,3.0
201700042922,0017-06-04 19:41:00,17,6,4,19,41,930,27,"47, GALLIENI (AVENUE DU",,,Plein jour,En agglomération,Hors intersection,Normale,Deux véhicules - arrière,,,,,,,,,,,1,2,1,1.0,2.0
201700042923,0017-06-07 14:40:00,17,6,7,14,40,930,27,"1, GARE (PLACE DE LA)",,,Plein jour,En agglomération,Giratoire,Normale,Autre collision,,,,,,,,,,,1,2,6,1.0,6.0
201700042924,0017-06-11 09:35:00,17,6,11,9,35,930,62,"77, RESISTANCE (AVENUE D",,,Plein jour,En agglomération,Hors intersection,Normale,Deux véhicules - côté,,,,,,,,,,,1,2,1,1.0,3.0
201700042925,0017-06-12 19:01:00,17,6,12,19,1,930,77,"166, GRANDE RUE",,,Plein jour,En agglomération,Hors intersection,Normale,Deux véhicules - arrière,,,,,,,,,,,1,2,1,1.0,2.0
201700042926,0017-06-14 18:25:00,17,6,14,18,25,930,27,"143 bis, GRANDE RUE",,,Plein jour,En agglomération,Hors intersection,Normale,Deux véhicules - arrière,,,,,,,,,,,1,2,1,1.0,2.0
201700042927,0017-06-15 16:42:00,17,6,15,16,42,930,27,REPUBLIQUE (PLACE DE LA),,,Plein jour,En agglomération,Hors intersection,Normale,Autre collision,,,,,,,,,,,1,2,1,1.0,6.0
201700042928,0017-06-16 18:45:00,17,6,16,18,45,930,62,"36, NORD (BOULEVARD DU)",,,Plein jour,En agglomération,Hors intersection,Normale,Deux véhicules - frontale,,,,,,,,,,,1,2,1,1.0,1.0
201700042929,0017-06-18 17:06:00,17,6,18,17,6,930,27,"103, GRANDE RUE",,,Plein jour,En agglomération,Hors intersection,Normale,Deux véhicules - frontale,,,,,,,,,,,1,2,1,1.0,1.0