accident_id,datetime,annee,mois,jour,heure,minute,departement,commune_insee,adresse,latitude,longitude,luminosite,agglomeration,intersection,meteo,collision,nb_vehicules,nb_usagers,nb_indemnes,nb_tues,nb_blesses_hosp,nb_blesses_legers,age_cond_1,age_cond_2,veh_type_cond_1,veh_type_cond_2,lum_code,agg_code,int_code,atm_code,col_code
201700043175,0017-07-17 18:15:00,17,7,17,18,15,930,66,POULBOT FRANCISQUE,48.91,2.35,Plein jour,En agglomération,Hors intersection,Normale,Deux véhicules - arrière,,,,,,,,,,,1,2,1,1.0,2.0
201700043176,0017-07-21 11:45:00,17,7,21,11,45,930,66,"2, SAINT OUEN (QUAI DE )",48.92855,2.34093,Plein jour,En agglomération,Hors intersection,Normale,Deux véhicules - arrière,,,,,,,,,,,1,2,1,1.0,2.0
201700043177,0017-07-21 16:30:00,17,7,21,16,30,930,66,"112, WILSON (AVENUE DU P",49.90833,2.35857,Plein jour,En agglomération,Hors intersection,Normale,Deux véhicules - arrière,,,,,,,,,,,1,2,1,1.0,2.0
201700043178,0017-07-23 19:05:00,17,7,23,19,5,930,66,"33, FRANCE ANATOLE (BOUL",48.92747,2.3526,Plein jour,Hors agglomération,Intersection en T,Normale,Deux véhicules - côté,,,,,,,,,,,1,1,3,1.0,3.0
201700043179,0017-07-24 00:20:00,17,7,24,0,20,930,66,"""STALINGRAD (AVENUE), NR",,,Nuit avec éclairage allumé,En agglomération,Intersection en X,Pluie légère,Deux véhicules - côté,,,,,,,,,,,5,2,2,2.0,3.0
201700043180,0017-07-27 12:10:00,17,7,27,12,10,930,66,"94, WILSON (AVENUE DU PR",,,Plein jour,En agglomération,Intersection en X,Normale,Deux véhicules - côté,,,,,,,,,,,1,2,2,1.0,3.0
201700043181,0017-07-27 18:25:00,17,7,27,18,25,930,66,"55, COURNEUVE (ROUTE)",,,Plein jour,En agglomération,Intersection en T,Normale,Deux véhicules - arrière,,,,,,,,,,,1,2,3,1.0,2.0
201700043182,0017-07-28 13:30:00,17,7,28,13,30,930,66,FRANCE ANATOLE ENTREE A8,,,Plein jour,En agglomération,Hors intersection,Normale,Deux véhicules - côté,,,,,,,,,,,1,2,1,1.0,3.0
201700043183,0017-07-29 04:42:00,17,7,29,4,42,930,66,"39/41, LENINE (AVENUE) N",,,Nuit avec éclairage allumé,En agglomération,Hors intersection,Normale,Deux véhicules - côté,,,,,,,,,,,5,2,1,1.0,3.0
201700043184,0017-07-29 13:30:00,17,7,29,13,30,930,66,"19, FRUITIERS (CHEMIN)",,,Plein jour,En agglomération,Hors intersection,Normale,Autre collision,,,,,,,,,,,1,2,1,1.0,6.0
201700043185,0017-07-29 15:15:00,17,7,29,15,15,930,66,"27, ""GUESDE JULES (BOULE",,,Plein jour,En agglomération,Hors intersection,Normale,Deux véhicules - côté,,,,,,,,,,,1,2,1,1.0,3.0
201700043186,0017-07-29 20:00:00,17,7,29,20,0,930,66,"20, FRANCE ANATOLE (BOUL",48.919,2.3423,Plein jour,Hors agglomération,Hors intersection,Normale,Autre collision,,,,,,,,,,,1,1,1,1.0,6.0
201700043187,0017-07-31 11:10:00,17,7,31,11,10,930,66,"143, ""PERI GABRIEL, NR 1",48.94266,2.35685,Plein jour,En agglomération,Hors intersection,Normale,Autre collision,,,,,,,,,,,1,2,1,1.0,6.0
201700043188,0017-07-31 15:58:00,17,7,31,15,58,930,66,CACHIN MARCEL (AVENUE),,,Plein jour,En agglomération,Hors intersection,Normale,Deux véhicules - arrière,,,,,,,,,,,1,2,1,1.0,2.0
201700043189,0017-08-01 14:25:00,17,8,1,14,25,930,66,LENINE (AVENUE) NR 2 A 2,48.94284,2.3681,Plein jour,En agglomération,Intersection en X,Normale,Sans collision,,,,,,,,,,,1,2,2,1.0,7.0
201700043190,0017-08-10 10:50:00,17,8,10,10,50,930,66,WILSON (AVENUE DU PRESID,48.91522,2.35764,Plein jour,En agglomération,Intersection en T,Normale,Autre collision,,,,,,,,,,,1,2,3,1.0,6.0
201700043191,0017-08-11 03:00:00,17,8,11,3,0,930,66,"70, FRANCE ANATOLE (BOUL",,,Nuit avec éclairage allumé,En agglomération,Hors intersection,Pluie légère,Sans collision,,,,,,,,,,,5,2,1,2.0,7.0
201700043192,0017-08-11 11:20:00,17,8,11,11,20,930,39,"8, MECHIN",,,Plein jour,En agglomération,Hors intersection,Normale,Deux véhicules - arrière,,,,,,,,,,,1,2,1,1.0,2.0
201700043193,0017-08-12 16:20:00,17,8,12,16,20,930,66,PROCESSION,,,Plein jour,En agglomération,Hors intersection,Pluie légère,Autre collision,,,,,,,,,,,1,2,1,2.0,6.0
201700043194,0017-08-13 05:30:00,17,8,13,5,30,930,66,"20, AMPERE",,,Crépuscule ou aube,En agglomération,Hors intersection,Normale,Trois véhicules et plus - collisions multiples,,,,,,,,,,,2,2,1,1.0,5.0
201700043195,0017-08-14 13:45:00,17,8,14,13,45,930,66,GORKI MAXIME,,,Plein jour,En agglomération,Hors intersection,Normale,Autre collision,,,,,,,,,,,1,2,1,1.0,6.0
201700043196,0017-08-20 10:30:00,17,8,20,10,30,930,66,"""STALINGRAD (AVENUE), NR",48.94467,2.36031,Plein jour,En agglomération,Intersection en X,Normale,Autre collision,,,,,,,,,,,1,2,2,1.0,6.0
201700043197,0017-08-28 09:27:00,17,8,28,9,27,930,66,CASANOVA DANIELLE NR 2 A,48.929,2.36651,Plein jour,En agglomération,Intersection en X,Normale,Deux véhicules - côté,,,,,,,,,,,1,2,2,1.0,3.0
201700043198,0017-06-02 09:00:00,17,6,2,9,0,930,66,"44, CACHIN MARCEL (AVENU",48.93733,2.37173,Plein jour,En agglomération,Hors intersection,Normale,Autre collision,,,,,,,,,,,1,2,1,1.0,6.0
201700043199,0017-09-05 23:30:00,17,9,5,23,30,930,66,PONT DE SOISSONS,,,Nuit avec éclairage allumé,En agglomération,Hors intersection,Normale,Deux véhicules - côté,,,,,,,,,,,5,2,1,1.0,3.0
201700043200,0017-09-06 08:30:00,17,9,6,8,30,930,66,"8, STADE DE FRANCE (AVEN",48.92117,2.36178,Plein jour,En agglomération,Intersection en T,Normale,Autre collision,,,,,,,,,,,1,2,3,1.0,6.0
201700043201,0017-09-09 14:00:00,17,9,9,14,0,930,66,"102, ""PERI GABRIEL, NR 2",,,Plein jour,En agglomération,Hors intersection,Pluie légère,Autre collision,,,,,,,,,,,1,2,1,2.0,6.0
201700043202,0017-09-09 21:45:00,17,9,9,21,45,930,66,"3, GARENNE",,,Nuit avec éclairage allumé,En agglomération,Intersection en X,Normale,Deux véhicules - frontale,,,,,,,,,,,5,2,2,1.0,1.0
201700043203,0017-09-09 21:45:00,17,9,9,21,45,930,66,FRANCE ANATOLE (BOULEVAR,48.92718,2.35243,Nuit avec éclairage allumé,En agglomération,Hors intersection,Normale,Deux véhicules - côté,,,,,,,,,,,5,2,1,1.0,3.0
201700043204,0017-09-11 17:50:00,17,9,11,17,50,930,66,"1, CAQUET (PLACE)",48.93763,2.35988,Plein jour,En agglomération,Hors intersection,Normale,Autre collision,,,,,,,,,,,1,2,1,1.0,6.0
201700043205,0017-09-12 13:35:00,17,9,12,13,35,930,66,"14, LIBERATION RD14 (BOU",,,Plein jour,En agglomération,Hors intersection,Normale,Deux véhicules - arrière,,,,,,,,,,,1,2,1,1.0,2.0
201700043206,0017-09-15 18:00:00,17,9,15,18,0,930,66,FRUITIERS (CHEMIN),,,Plein jour,En agglomération,Hors intersection,Normale,Deux véhicules - frontale,,,,,,,,,,,1,2,1,1.0,1.0
201700043207,0017-09-17 19:00:00,17,9,17,19,0,930,66,FRANCE ANATOLE (BOULEVAR,48.91913,2.34289,Crépuscule ou aube,En agglomération,Hors intersection,Pluie légère,Deux véhicules - arrière,,,,,,,,,,,2,2,1,2.0,2.0
201700043208,0017-09-20 14:50:00,17,9,20,14,50,930,66,"94, FRANCE ANATOLE (BOUL",48.9248,2.3494,Plein jour,En agglomération,Hors intersection,Normale,Trois véhicules et plus - en chaîne,,,,,,,,,,,1,2,1,1.0,4.0
201700043209,0017-09-20 17:30:00,17,9,20,17,30,930,66,GENERAL DE GAULLE,48.82726,2.36148,Plein jour,En agglomération,Hors intersection,Normale,Trois véhicules et plus - collisions multiples,,,,,,,,,,,1,2,1,1.0,5.0
201700043210,0017-09-22 12:35:00,17,9,22,12,35,930,66,"31, COLONEL FABIEN (AVEN",48.94615,2.35101,Plein jour,En agglomération,Passage à niveau,Normale,Autre collision,,,,,,,,,,,1,2,8,1.0,6.0
201700043211,0017-09-24 18:30:00,17,9,24,18,30,930,66,"27, FRANCE ANATOLE (BOUL",48.92743,-2.35313,Plein jour,En agglomération,Hors intersection,Normale,Autre collision,,,,,,,,,,,1,2,1,1.0,6.0
201700043212,0017-09-23 19:45:00,17,9,23,19,45,930,66,"70, CROIZAT AMBROISE RD",48.93652,2.34561,Crépuscule ou aube,En agglomération,Hors intersection,Normale,Deux véhicules - côté,,,,,,,,,,,2,2,1,1.0,3.0
201700043213,0017-09-26 19:00:00,17,9,26,19,0,930,66,CACHIN MARCEL (AVENUE),48.94,2.37,Crépuscule ou aube,En agglomération,Intersection en X,Normale,Deux véhicules - côté,,,,,,,,,,,2,2,2,1.0,3.0
201700043214,0017-09-27 12:20:00,17,9,27,12,20,930,27,"38, L'encyclopédie ( rue",,,Plein jour,En agglomération,Hors intersection,Temps couvert,Autre collision,,,,,,,,,,,1,2,1,8.0,6.0
201700043215,0017-09-28 17:45:00,17,9,28,17,45,930,66,GORKI MAXIME,48.94302,2.38749,Plein jour,En agglomération,Hors intersection,Normale,Autre collision,,,,,,,,,,,1,2,1,1.0,6.0
201700043216,0017-09-29 15:35:00,17,9,29,15,35,930,66,SEMAT ROGER,48.94928,2.35578,Plein jour,En agglomération,Passage à niveau,Normale,Sans collision,,,,,,,,,,,1,2,8,1.0,7.0
201700043217,0017-09-30 14:00:00,17,9,30,14,0,930,66,"47, PHARMA. CINGALA 40 B",48.93657,2.34996,Plein jour,En agglomération,Hors intersection,Normale,Autre collision,,,,,,,,,,,1,2,1,1.0,6.0
201700043218,0017-10-02 17:00:00,17,10,2,17,0,930,66,GORKI MAXIME,48.94156,2.3874,Plein jour,En agglomération,Hors intersection,Temps couvert,Deux véhicules - arrière,,,,,,,,,,,1,2,1,8.0,2.0
201700043219,0017-10-06 00:30:00,17,10,6,0,30,930,66,DE PRESSENSE FRANCIS,48.92413,2.37253,Nuit avec éclairage allumé,En agglomération,Intersection en X,Normale,Deux véhicules - côté,,,,,,,,,,,5,2,2,1.0,3.0
201700043220,0017-10-09 16:30:00,17,10,9,16,30,930,66,"""PERI GABRIEL, NR 2  A 1",48.9368,2.35702,Plein jour,En agglomération,Intersection en T,Normale,Deux véhicules - côté,,,,,,,,,,,1,2,3,1.0,3.0
201700043221,0017-10-10 09:20:00,17,10,10,9,20,930,66,COURNEUVE (ROUTE),48.93326,2.37326,Plein jour,En agglomération,Hors intersection,Normale,Deux véhicules - côté,,,,,,,,,,,1,2,1,1.0,3.0
201700043222,0017-10-15 03:00:00,17,10,15,3,0,930,66,"56, CROISAT AMBROISE RD",48.93247,2.34867,Nuit sans éclairage public,En agglomération,Hors intersection,Normale,Deux véhicules - frontale,,,,,,,,,,,3,2,1,1.0,1.0
201700043223,0017-10-15 11:35:00,17,10,15,11,35,930,66,MICHELS CHARLES,48.93467,2.34341,Plein jour,En agglomération,Hors intersection,Normale,Autre collision,,,,,,,,,,,1,2,1,1.0,6.0
201700043224,0017-10-13 15:20:00,17,10,13,15,20,930,66,"2, MOULIN BASSET (CHEMIN",,,Plein jour,En agglomération,Hors intersection,Normale,Autre collision,,,,,,,,,,,1,2,1,1.0,6.0
201700043225,0017-10-17 17:00:00,17,10,17,17,0,930,66,"44, VAILLANT COUTURIER P",48.93121,2.36376,Plein jour,En agglomération,Intersection en T,Normale,Deux véhicules - côté,,,,,,,,,,,1,2,3,1.0,3.0
201700043226,0017-10-17 20:00:00,17,10,17,20,0,930,66,"5, GENERAL JOINVILLE",48.93531,2.3684,Nuit avec éclairage allumé,En agglomération,Hors intersection,Normale,Trois véhicules et plus - collisions multiples,,,,,,,,,,,5,2,1,1.0,5.0
201700043227,0017-10-18 14:50:00,17,10,18,14,50,930,66,"3, COMMUNE DE PARIS (BOU",48.9388,2.36162,Plein jour,En agglomération,Hors intersection,Normale,Autre collision,,,,,,,,,,,1,2,1,1.0,6.0
201700043228,0017-10-19 15:00:00,17,10,19,15,0,930,66,"9, LIBERATION RD14 (BOUL",48.93538,2.34274,Plein jour,En agglomération,Hors intersection,Normale,Deux véhicules - arrière,,,,,,,,,,,1,2,1,1.0,2.0
201700043229,0017-10-23 07:00:00,17,10,23,7,0,930,66,"10, FINOT DOCTEUR",48.91815,2.34126,Crépuscule ou aube,En agglomération,Hors intersection,Normale,Deux véhicules - arrière,,,,,,,,,,,2,2,1,1.0,2.0
201700043230,0017-10-23 19:00:00,17,10,23,19,0,930,66,DE PRESSENSE FRANCIS,48.9236,2.37023,Nuit avec éclairage allumé,En agglomération,Hors intersection,Pluie forte,Deux véhicules - arrière,,,,,,,,,,,5,2,1,3.0,2.0
201700043231,0017-10-24 19:45:00,17,10,24,19,45,930,66,GENERAL DE GAULLE,48.92551,-2.36478,Nuit avec éclairage allumé,En agglomération,Hors intersection,Normale,Sans collision,,,,,,,,,,,5,2,1,1.0,7.0
201700043232,0017-10-24 21:10:00,17,10,24,21,10,930,66,"76, ""SEMBAT MARCEL (BD),",,,Nuit avec éclairage allumé,En agglomération,Hors intersection,Temps couvert,Autre collision,,,,,,,,,,,5,2,1,8.0,6.0
201700043233,0017-10-25 12:00:00,17,10,25,12,0,930,66,LEGION D'HONNEUR,48.9341,2.35803,Plein jour,En agglomération,Hors intersection,Normale,Sans collision,,,,,,,,,,,1,2,1,1.0,7.0
201700043234,0017-10-27 20:05:00,17,10,27,20,5,930,66,VERDUN (AVENUE),,,Nuit avec éclairage allumé,En agglomération,Hors intersection,Normale,Deux véhicules - côté,,,,,,,,,,,5,2,1,1.0,3.0
201700043235,0017-10-29 13:50:00,17,10,29,13,50,930,66,"96, FRANCE ANATOLE (BOUL",48.92296,2.34786,Plein jour,En agglomération,Hors intersection,Temps couvert,Deux véhicules - côté,,,,,,,,,,,1,2,1,8.0,3.0
201700043236,0017-10-29 21:20:00,17,10,29,21,20,930,66,"10, LIBERATION RD14 (BOU",48.92388,2.34286,Nuit avec éclairage allumé,En agglomération,Intersection en X,Normale,Deux véhicules - côté,,,,,,,,,,,5,2,2,1.0,3.0
201700043237,0017-10-30 10:15:00,17,10,30,10,15,930,66,"212, WILSON (AVENUE DU P",48.91367,2.35821,Plein jour,En agglomération,Hors intersection,Normale,Autre collision,,,,,,,,,,,1,2,1,1.0,6.0
201700043238,0017-11-01 16:20:00,17,11,1,16,20,930,66,DELAUNAY HENRI,48.92,2.36,Plein jour,En agglomération,Hors intersection,Normale,Autre collision,,,,,,,,,,,1,2,1,1.0,6.0
201700043239,0017-11-04 13:10:00,17,11,4,13,10,930,66,"361, WILSON (AVENUE DU P",48.92406,2.35666,Plein jour,En agglomération,Hors intersection,Temps couvert,Deux véhicules - côté,,,,,,,,,,,1,2,1,8.0,3.0
201700043240,0017-11-04 18:32:00,17,11,4,18,32,930,66,"6, ""PERI GABRIEL, NR 2",48.93028,2.3565,Nuit avec éclairage allumé,En agglomération,Hors intersection,Pluie légère,Autre collision,,,,,,,,,,,5,2,1,2.0,6.0
201700043241,0017-11-06 07:40:00,17,11,6,7,40,930,66,"1, ""SEMBAT MARCEL (BD),",48.93004,2.35577,Nuit avec éclairage allumé,En agglomération,Hors intersection,Normale,Autre collision,,,,,,,,,,,5,2,1,1.0,6.0
201700043242,0017-11-07 04:00:00,17,11,7,4,0,930,66,PORT,,,Nuit avec éclairage allumé,En agglomération,Intersection en X,Normale,Autre collision,,,,,,,,,,,5,2,2,1.0,6.0
201700043243,0017-11-07 10:25:00,17,11,7,10,25,930,66,COURNEUVE (ROUTE),48.93,2.37,Plein jour,En agglomération,Hors intersection,Normale,Deux véhicules - arrière,,,,,,,,,,,1,2,1,1.0,2.0
201700043244,0017-11-08 11:20:00,17,11,8,11,20,930,66,GARCIA CHRISTINO,48.91,2.36,Plein jour,En agglomération,Hors intersection,Normale,Deux véhicules - côté,,,,,,,,,,,1,2,1,1.0,3.0
201700043245,0017-11-10 07:30:00,17,11,10,7,30,930,66,VENDEMIAIRE,48.94379,2.35491,Nuit sans éclairage public,En agglomération,Intersection en T,Normale,Autre collision,,,,,,,,,,,3,2,3,1.0,6.0
201700043246,0017-11-14 09:30:00,17,11,14,9,30,930,66,"15, ""MERMOZ JEAN, NR 15""",48.94064,2.354,Plein jour,En agglomération,Hors intersection,Normale,Autre collision,,,,,,,,,,,1,2,1,1.0,6.0
201700043247,0017-11-16 12:30:00,17,11,16,12,30,930,66,"11, LENINE (AVENUE) NR 2",48.93921,2.36901,Plein jour,En agglomération,Hors intersection,Normale,Deux véhicules - côté,,,,,,,,,,,1,2,1,1.0,3.0
201700043248,0017-11-17 01:30:00,17,11,17,1,30,930,66,PLEYEL,48.9202,2.3445,Nuit avec éclairage allumé,En agglomération,Hors intersection,Normale,Deux véhicules - arrière,,,,,,,,,,,5,2,1,1.0,2.0
201700043249,0017-11-18 13:00:00,17,11,18,13,0,930,66,COKERIE,48.92086,2.36467,Plein jour,En agglomération,Giratoire,Temps couvert,Sans collision,,,,,,,,,,,1,2,6,8.0,7.0
201700043250,0017-11-20 07:50:00,17,11,20,7,50,930,39,MARINE (QUAI DE LA ),48.95019,2.31006,Nuit avec éclairage allumé,En agglomération,Hors intersection,Pluie légère,Autre collision,,,,,,,,,,,5,2,1,2.0,6.0
201700043251,0017-11-21 09:25:00,17,11,21,9,25,930,66,LENINE (AVENUE) NR 28 A,,,Plein jour,En agglomération,Hors intersection,Normale,Deux véhicules - côté,,,,,,,,,,,1,2,1,1.0,3.0
201700043252,0017-11-23 15:50:00,17,11,23,15,50,930,66,"249, WILSON (AVENUE DU P",48.22545,5.58632,Crépuscule ou aube,En agglomération,Hors intersection,Pluie légère,Autre collision,,,,,,,,,,,2,2,1,2.0,6.0
201700043253,0017-11-25 12:40:00,17,11,25,12,40,930,66,"51, WILSON (AVENUE DU PR",48.90452,2.35349,Plein jour,En agglomération,Hors intersection,Pluie légère,Autre collision,,,,,,,,,,,1,2,1,2.0,6.0
201700043254,0017-11-28 21:45:00,17,11,28,21,45,930,66,"2, PLOUICH",48.94314,2.38213,Nuit avec éclairage allumé,En agglomération,Intersection en T,Pluie légère,Autre collision,,,,,,,,,,,5,2,3,2.0,6.0
201700043255,0017-11-30 13:30:00,17,11,30,13,30,930,66,"6, JEANNE D'ARC",48.92921,2.36601,Plein jour,En agglomération,Hors intersection,Normale,Autre collision,,,,,,,,,,,1,2,1,1.0,6.0
201700043256,0017-11-30 20:00:00,17,11,30,20,0,930,66,CASANOVA DANIELLE NR 2 A,48.92968,2.357,Nuit avec éclairage allumé,En agglomération,Hors intersection,Neige / grêle,Autre collision,,,,,,,,,,,5,2,1,4.0,6.0
201700043257,0017-12-01 10:45:00,17,12,1,10,45,930,66,"13, JAURES JEAN",48.93851,2.3608,Plein jour,En agglomération,Hors intersection,Pluie légère,Autre collision,,,,,,,,,,,1,2,1,2.0,6.0
201700043258,0017-12-03 21:20:00,17,12,3,21,20,930,66,WILSON (AVENUE DU PRESID,48.92597,2.3566,Nuit avec éclairage allumé,En agglomération,Intersection en X,Pluie légère,Deux véhicules - côté,,,,,,,,,,,5,2,2,2.0,3.0
201700043259,0017-12-05 08:00:00,17,12,5,8,0,930,66,"1, PORTE DE PARIS (PLACE",48.92962,2.35659,Plein jour,En agglomération,Hors intersection,Temps couvert,Deux véhicules - côté,,,,,,,,,,,1,2,1,8.0,3.0
201700043260,0017-12-05 12:10:00,17,12,5,12,10,930,66,CORNILLON (CHEMIN),48.91808,2.36489,Plein jour,En agglomération,Hors intersection,Normale,Autre collision,,,,,,,,,,,1,2,1,1.0,6.0
201700043261,0017-12-07 22:00:00,17,12,7,22,0,930,66,"127, ""BARBUSSE HENRI, NR",48.94616,2.37185,Nuit avec éclairage allumé,En agglomération,Hors intersection,Pluie légère,Deux véhicules - côté,,,,,,,,,,,5,2,1,2.0,3.0
201700043262,0017-12-11 00:15:00,17,12,11,0,15,930,66,"45, MONTMORENCY",48.94371,2.36685,Nuit avec éclairage allumé,En agglomération,Hors intersection,Pluie légère,Autre collision,,,,,,,,,,,5,2,1,2.0,6.0
201700043263,0017-12-10 22:25:00,17,12,10,22,25,930,66,"120, CROIZAT AMBROISE (R",48.92717,2.35389,Nuit avec éclairage allumé,En agglomération,Hors intersection,Normale,Autre collision,,,,,,,,,,,5,2,1,1.0,6.0
201700043264,0017-12-12 08:45:00,17,12,12,8,45,930,66,"37, FRANCE ANATOLE (BOUL",48.92663,2.35169,Plein jour,En agglomération,Hors intersection,Pluie légère,Deux véhicules - arrière,,,,,,,,,,,1,2,1,2.0,2.0
201700043265,0017-12-14 17:40:00,17,12,14,17,40,930,66,"249, WILSON (AVENUE DU P",48.91802,2.35713,Nuit avec éclairage allumé,En agglomération,Intersection en X,Pluie forte,Autre collision,,,,,,,,,,,5,2,2,3.0,6.0
201700043266,0017-12-14 17:50:00,17,12,14,17,50,930,66,POTERIE,48.94375,2.34735,Nuit avec éclairage allumé,En agglomération,Passage à niveau,Pluie légère,Autre collision,,,,,,,,,,,5,2,8,2.0,6.0
201700043267,0017-12-14 18:20:00,17,12,14,18,20,930,66,CROIZAT AMBROISE RD 29 B,48.93533,2.34648,Nuit sans éclairage public,En agglomération,Hors intersection,Pluie légère,Deux véhicules - arrière,,,,,,,,,,,3,2,1,2.0,2.0
201700043268,0017-12-15 21:45:00,17,12,15,21,45,930,66,"2, STADE DE FRANCE (AVEN",,,Nuit avec éclairage allumé,En agglomération,Hors intersection,Normale,Autre collision,,,,,,,,,,,5,2,1,1.0,6.0
201700043269,0017-12-18 01:10:00,17,12,18,1,10,930,66,FRANCE ANATOLE (BOULEVAR,48.92657,2.35187,Nuit avec éclairage allumé,En agglomération,Hors intersection,Pluie forte,Autre collision,,,,,,,,,,,5,2,1,3.0,6.0
201700043270,0017-12-18 07:55:00,17,12,18,7,55,930,66,COKERIE,48.9212,2.36186,Crépuscule ou aube,En agglomération,Intersection en T,Normale,Autre collision,,,,,,,,,,,2,2,3,1.0,6.0
201700043271,0017-12-20 17:40:00,17,12,20,17,40,930,66,COMMUNE DE PARIS (BOULEV,,,Nuit avec éclairage allumé,En agglomération,Intersection en T,Pluie légère,Autre collision,,,,,,,,,,,5,2,3,2.0,6.0
201700043272,0017-12-21 17:55:00,17,12,21,17,55,930,66,"2, COMMUNE DE PARIS (BOU",48.93878,2.36153,Nuit avec éclairage allumé,En agglomération,Passage à niveau,Pluie légère,Autre collision,,,,,,,,,,,5,2,8,2.0,6.0
201700043273,0017-12-22 19:30:00,17,12,22,19,30,930,66,JOLIOT CURIE IRENE ET FR,48.93368,2.3702,Nuit avec éclairage allumé,En agglomération,Hors intersection,Pluie légère,Autre collision,,,,,,,,,,,5,2,1,2.0,6.0
201700043274,0017-12-27 17:45:00,17,12,27,17,45,930,66,"41, FRANCE ANATOLE (BOUL",48.92593,2.35102,Nuit avec éclairage allumé,En agglomération,Hors intersection,Pluie légère,Deux véhicules - arrière,,,,,,,,,,,5,2,1,2.0,2.0
201700043275,0017-12-29 13:30:00,17,12,29,13,30,930,66,"27, FONTAINE",48.93821,2.35501,Plein jour,En agglomération,Hors intersection,Pluie légère,Autre collision,,,,,,,,,,,1,2,1,2.0,6.0
201700043276,0017-01-24 18:35:00,17,1,24,18,35,930,70,"61, MICHELET (AVE) : DU",,,Nuit avec éclairage allumé,En agglomération,Hors intersection,Normale,Deux véhicules - côté,,,,,,,,,,,5,2,1,1.0,3.0
201700043277,0017-03-21 14:10:00,17,3,21,14,10,930,70,LANDY(RUE):N° 1 AU 43,,,Plein jour,En agglomération,Intersection en T,Pluie légère,Deux véhicules - côté,,,,,,,,,,,1,2,3,2.0,3.0
201700043278,0017-03-23 19:35:00,17,3,23,19,35,930,70,LOUIS BLANC(RUE),,,Nuit avec éclairage allumé,En agglomération,Intersection en X,Pluie légère,Autre collision,,,,,,,,,,,5,2,2,2.0,6.0
201700043279,0017-01-29 04:30:00,17,1,29,4,30,930,70,"43, ALBERT-DHALENNE (RUE",,,Nuit avec éclairage allumé,En agglomération,Intersection en X,Normale,Deux véhicules - côté,,,,,,,,,,,5,2,2,1.0,3.0
201700043280,0017-03-25 20:00:00,17,3,25,20,0,930,70,ROSIERS(DES) :N° 1 AU 59,,,Nuit avec éclairage allumé,En agglomération,Intersection en T,Normale,Deux véhicules - frontale,,,,,,,,,,,5,2,3,1.0,1.0
201700043281,0017-02-02 20:15:00,17,2,2,20,15,930,70,MICHELET(AV):N°1 AU 103,,,Nuit avec éclairage allumé,En agglomération,Hors intersection,Normale,Deux véhicules - côté,,,,,,,,,,,5,2,1,1.0,3.0
201700043282,0017-04-19 20:15:00,17,4,19,20,15,930,70,GABRIEL-PERI (AV),,,Nuit avec éclairage allumé,En agglomération,Hors intersection,Normale,Autre collision,,,,,,,,,,,5,2,1,1.0,6.0
201700043283,0017-02-21 07:10:00,17,2,21,7,10,930,70,"62, ROSIERS (DES MARCHES",,,Plein jour,En agglomération,Hors intersection,Normale,Autre collision,,,,,,,,,,,1,2,1,1.0,6.0
201700043284,0017-04-25 13:10:00,17,4,25,13,10,930,70,"1, ALFRED-OTTINO (RUE)",,,Plein jour,En agglomération,Hors intersection,Normale,Autre collision,,,,,,,,,,,1,2,1,1.0,6.0
201700043285,0017-04-27 20:30:00,17,4,27,20,30,930,70,"140, LANDY(RUE):N° 1 AU",,,Crépuscule ou aube,En agglomération,Hors intersection,Normale,Trois véhicules et plus - en chaîne,,,,,,,,,,,2,2,1,1.0,4.0
201700043286,0017-04-28 20:20:00,17,4,28,20,20,930,70,"134, VICTOR-HUGO (BD)",,,Nuit avec éclairage allumé,En agglomération,Hors intersection,Pluie légère,Deux véhicules - frontale,,,,,,,,,,,5,2,1,2.0,1.0
201700043287,0017-02-26 02:40:00,17,2,26,2,40,930,70,"47, GABRIEL-PERI (AV)",,,Nuit avec éclairage allumé,En agglomération,Intersection en X,Normale,Deux véhicules - côté,,,,,,,,,,,5,2,2,1.0,3.0
201700043288,0017-05-04 10:30:00,17,5,4,10,30,930,70,"37, GABRIEL-PERI (AV)",,,Plein jour,En agglomération,Hors intersection,Normale,Autre collision,,,,,,,,,,,1,2,1,1.0,6.0
201700043289,0017-05-09 09:55:00,17,5,9,9,55,930,70,", JEAN-JAURES (BD)",,,Plein jour,En agglomération,Hors intersection,Normale,Deux véhicules - côté,,,,,,,,,,,1,2,1,1.0,3.0
201700043290,0017-05-09 12:35:00,17,5,9,12,35,930,70,"7, NOETHER EMMY (RUE)",,,Plein jour,En agglomération,Hors intersection,Normale,Autre collision,,,,,,,,,,,1,2,1,1.0,6.0
201700043291,0017-05-09 17:25:00,17,5,9,17,25,930,70,"76, SAINT-DENIS(RUE)",,,Plein jour,En agglomération,Hors intersection,Normale,Deux véhicules - côté,,,,,,,,,,,1,2,1,1.0,3.0
201700043292,0017-05-10 11:00:00,17,5,10,11,0,930,70,"55, GABRIEL-PERI (AV)",,,Plein jour,En agglomération,Hors intersection,Normale,Autre collision,,,,,,,,,,,1,2,1,1.0,6.0
201700043293,0017-05-27 20:20:00,17,5,27,20,20,930,70,"4, GABRIEL-PERI (AV)",,,Plein jour,En agglomération,Hors intersection,Normale,Autre collision,,,,,,,,,,,1,2,1,1.0,6.0
201700043294,0017-05-31 00:45:00,17,5,31,0,45,930,70,"114, GABRIEL-PERI (AV)",,,Nuit avec éclairage allumé,En agglomération,Intersection en T,Normale,Deux véhicules - côté,,,,,,,,,,,5,2,3,1.0,3.0
201700043295,0017-06-06 14:25:00,17,6,6,14,25,930,70,"24, DOCTEUR BAUER(RUE DU",,,Plein jour,En agglomération,Hors intersection,Pluie légère,Deux véhicules - côté,,,,,,,,,,,1,2,1,2.0,3.0
201700043296,0017-06-12 18:10:00,17,6,12,18,10,930,70,"17, MICHELET(AV):N°1AU 1",,,Plein jour,En agglomération,Hors intersection,Normale,Deux véhicules - côté,,,,,,,,,,,1,2,1,1.0,3.0