accident_id,datetime,annee,mois,jour,heure,minute,departement,commune_insee,adresse,latitude,longitude,luminosite,agglomeration,intersection,meteo,collision,nb_vehicules,nb_usagers,nb_indemnes,nb_tues,nb_blesses_hosp,nb_blesses_legers,age_cond_1,age_cond_2,veh_type_cond_1,veh_type_cond_2,lum_code,agg_code,int_code,atm_code,col_code
201700043421,0017-07-06 21:30:00,17,7,6,21,30,930,72,"4, ROBERT VIGNES",,,Plein jour,En agglomération,Hors intersection,Normale,Trois véhicules et plus - en chaîne,,,,,,,,,,,1,2,1,1.0,4.0
201700043422,0017-07-09 22:55:00,17,7,9,22,55,930,59,ELYSEE RECLUS (AVENUE) N,,,Nuit sans éclairage public,En agglomération,Hors intersection,Pluie légère,Deux véhicules - arrière,,,,,,,,,,,3,2,1,2.0,2.0
201700043423,0017-07-11 14:00:00,17,7,11,14,0,930,59,"5, GABRIEL PERI (AVENUE)",,,Plein jour,En agglomération,Hors intersection,Normale,Autre collision,,,,,,,,,,,1,2,1,1.0,6.0
201700043424,0017-07-13 16:45:00,17,7,13,16,45,930,59,"0, EMILE ZOLA (AVENUE)",,,Plein jour,En agglomération,Hors intersection,Normale,Autre collision,,,,,,,,,,,1,2,1,1.0,6.0
201700043425,0017-07-16 16:30:00,17,7,16,16,30,930,72,"0, CHARLES DE GAULLE (AV",,,Plein jour,En agglomération,Intersection en X,Normale,Deux véhicules - côté,,,,,,,,,,,1,2,2,1.0,3.0
201700043426,0017-07-23 19:30:00,17,7,23,19,30,930,72,"0, AMIENS (RUE D') N° IM",,,Plein jour,En agglomération,Intersection en X,Temps couvert,Deux véhicules - côté,,,,,,,,,,,1,2,2,8.0,3.0
201700043427,0017-07-24 18:20:00,17,7,24,18,20,930,72,"0, JEAN DURAND (RUE) COT",,,Plein jour,En agglomération,Hors intersection,Pluie légère,Deux véhicules - côté,,,,,,,,,,,1,2,1,2.0,3.0
201700043428,0017-08-03 15:10:00,17,8,3,15,10,930,72,"0, STALINGRAD (AVENUE DE",48.94926,2.38353,Plein jour,En agglomération,Intersection en X,Normale,Autre collision,,,,,,,,,,,1,2,2,1.0,6.0
201700043429,0017-08-09 20:10:00,17,8,9,20,10,930,72,"19, JULES GUESDE (AVENUE",,,Plein jour,En agglomération,Passage à niveau,Normale,Autre collision,,,,,,,,,,,1,2,8,1.0,6.0
201700043430,0017-08-24 18:25:00,17,8,24,18,25,930,59,CHARLES DE GAULLE (BOULE,,,Plein jour,En agglomération,Hors intersection,Normale,Deux véhicules - côté,,,,,,,,,,,1,2,1,1.0,3.0
201700043431,0017-08-24 21:05:00,17,8,24,21,5,930,72,"0, MAXIME GORKI (BOULEVA",,,Nuit avec éclairage allumé,En agglomération,Hors intersection,Normale,Autre collision,,,,,,,,,,,5,2,1,1.0,6.0
201700043432,0017-08-27 16:50:00,17,8,27,16,50,930,59,PIERRE DE GEYTER (RUE),,,Plein jour,En agglomération,Hors intersection,Normale,Deux véhicules - côté,,,,,,,,,,,1,2,1,1.0,3.0
201700043433,0017-09-04 17:30:00,17,9,4,17,30,930,72,"0, MAXIME GORKI (BOULEVA",48.9467,2.38639,Plein jour,En agglomération,Intersection en T,Normale,Deux véhicules - côté,,,,,,,,,,,1,2,3,1.0,3.0
201700043434,0017-09-06 12:35:00,17,9,6,12,35,930,72,MAXIME GORKI (BOULEVARD),48.9466,2.38647,Plein jour,En agglomération,Hors intersection,Normale,Deux véhicules - arrière,,,,,,,,,,,1,2,1,1.0,2.0
201700043435,0017-09-06 15:00:00,17,9,6,15,0,930,59,"11, ETIENNE DOLET (RUE)",48.96598,2.36568,Plein jour,En agglomération,Hors intersection,Normale,Autre collision,,,,,,,,,,,1,2,1,1.0,6.0
201700043436,0017-09-11 08:00:00,17,9,11,8,0,930,72,"169, MAXIME GORKI (BOULE",48.9475,2.3865,Plein jour,En agglomération,Autre intersection,Normale,Autre collision,,,,,,,,,,,1,2,9,1.0,6.0
201700043437,0017-09-13 20:20:00,17,9,13,20,20,930,72,"1, CLUZEAUX (RUE DES) N°",48.95498,2.37837,Nuit avec éclairage non allumé,En agglomération,Intersection en T,Pluie forte,Autre collision,,,,,,,,,,,4,2,3,3.0,6.0
201700043438,0017-09-20 11:30:00,17,9,20,11,30,930,72,"26, MARCEL CACHIN (AVENU",48.95815,2.38225,Plein jour,En agglomération,Autre intersection,Normale,Deux véhicules - côté,,,,,,,,,,,1,2,9,1.0,3.0
201700043439,0017-09-20 22:40:00,17,9,20,22,40,930,59,"54, PIERRE CURIE (RUE) C",48.95403,2.36034,Nuit avec éclairage allumé,En agglomération,Hors intersection,Autre,Autre collision,,,,,,,,,,,5,2,1,9.0,6.0
201700043440,0017-09-21 17:40:00,17,9,21,17,40,930,59,"37, JEAN MERMOZ (BOULEVA",48.96579,2.36326,Plein jour,En agglomération,Passage à niveau,Normale,Deux véhicules - côté,,,,,,,,,,,1,2,8,1.0,3.0
201700043441,0017-09-22 19:20:00,17,9,22,19,20,930,72,ARISTIDE BRIAND (AVENUE),48.96183,2.38019,Plein jour,En agglomération,Hors intersection,Normale,Autre collision,,,,,,,,,,,1,2,1,1.0,6.0
201700043442,0017-09-27 13:05:00,17,9,27,13,5,930,72,"8 BIS, MAXIME GORKI (BOU",48.95426,2.38372,Plein jour,En agglomération,Hors intersection,Normale,Deux véhicules - côté,,,,,,,,,,,1,2,1,1.0,3.0
201700043443,0017-10-12 09:20:00,17,10,12,9,20,930,72,SALVADOR ALLENDE (RUE),48.9459,2.38325,Plein jour,En agglomération,Hors intersection,Normale,Deux véhicules - arrière,,,,,,,,,,,1,2,1,1.0,2.0
201700043444,0017-10-16 11:30:00,17,10,16,11,30,930,59,"49, JEAN MERMOZ (BOULEVA",48.96634,2.36388,Plein jour,En agglomération,Hors intersection,Normale,Autre collision,,,,,,,,,,,1,2,1,1.0,6.0
201700043445,0017-11-05 06:50:00,17,11,5,6,50,930,66,"0, SAULNIER JULES",,,Plein jour,En agglomération,Intersection en T,Normale,Deux véhicules - côté,,,,,,,,,,,1,2,3,1.0,3.0
201700043446,0017-11-12 16:00:00,17,11,12,16,0,930,59,"0, JEAN MERMOZ (BOULEVAR",,,Plein jour,En agglomération,Intersection en X,Temps couvert,Autre collision,,,,,,,,,,,1,2,2,8.0,6.0
201700043447,0017-11-16 19:40:00,17,11,16,19,40,930,72,"24, MAXIME GORKI (BOULEV",,,Nuit avec éclairage allumé,En agglomération,Intersection en X,Normale,Deux véhicules - frontale,,,,,,,,,,,5,2,2,1.0,1.0
201700043448,0017-11-26 12:45:00,17,11,26,12,45,930,72,"12, MARCEL CACHIN (AVENU",48.95733,2.38297,Plein jour,En agglomération,Hors intersection,Temps couvert,Deux véhicules - côté,,,,,,,,,,,1,2,1,8.0,3.0
201700043449,0017-11-28 18:30:00,17,11,28,18,30,930,59,"4, GABRIEL PERI (AVENUE)",48.96,2.35,Nuit avec éclairage allumé,En agglomération,Hors intersection,Pluie légère,Autre collision,,,,,,,,,,,5,2,1,2.0,6.0
201700043450,0017-12-07 19:50:00,17,12,7,19,50,930,72,"0, STALINGRAD (AVENUE DE",48.9536,2.3913,Nuit avec éclairage allumé,En agglomération,Hors intersection,Pluie légère,Autre collision,,,,,,,,,,,5,2,1,2.0,6.0
201700043451,0017-12-08 13:30:00,17,12,8,13,30,930,72,"15, THEOPHILE GAUTIER (R",48.94768,2.38301,Plein jour,En agglomération,Hors intersection,Pluie légère,Autre collision,,,,,,,,,,,1,2,1,2.0,6.0
201700043452,0017-12-09 15:10:00,17,12,9,15,10,930,72,"28, ALPHONSE DE LAMARTIN",,,Plein jour,En agglomération,Hors intersection,Autre,Autre collision,,,,,,,,,,,1,2,1,9.0,6.0
201700043453,0017-12-12 10:30:00,17,12,12,10,30,930,59,"129, JEAN MERMOZ (N°59 A",48.97042,2.3657,Plein jour,En agglomération,Hors intersection,Temps couvert,Deux véhicules - côté,,,,,,,,,,,1,2,1,8.0,3.0
201700043454,0017-12-15 20:25:00,17,12,15,20,25,930,72,"0, FLEURS (RUE DES) JEAN",48.96371,2.37938,Nuit avec éclairage allumé,En agglomération,Autre intersection,Pluie légère,Deux véhicules - côté,,,,,,,,,,,5,2,9,2.0,3.0
201700043455,0017-12-15 22:00:00,17,12,15,22,0,930,72,"17, MARCEL CACHIN (AVENU",48.95728,2.38268,Nuit avec éclairage allumé,En agglomération,Hors intersection,Pluie légère,Deux véhicules - côté,,,,,,,,,,,5,2,1,2.0,3.0
201700043456,0017-12-18 07:50:00,17,12,18,7,50,930,72,"35, ARISTIDE BRIAND (AVE",,,Nuit avec éclairage allumé,En agglomération,Hors intersection,Normale,Autre collision,,,,,,,,,,,5,2,1,1.0,6.0
201700043457,0017-12-18 18:20:00,17,12,18,18,20,930,1,"15, ADRIEN AGNES (QUAI)",48.91989,2.36834,Nuit sans éclairage public,En agglomération,Hors intersection,Normale,Autre collision,,,,,,,,,,,3,2,1,1.0,6.0
201700043458,0017-12-23 10:45:00,17,12,23,10,45,930,72,"17, MARCEL CACHIN (AVENU",48.95994,2.39052,Plein jour,En agglomération,Hors intersection,Pluie légère,Deux véhicules - arrière,,,,,,,,,,,1,2,1,2.0,2.0
201700043459,0017-12-25 17:40:00,17,12,25,17,40,930,59,"42, JEAN MERMOZ (BOULEVA",48.96565,2.36356,Nuit avec éclairage allumé,En agglomération,Hors intersection,Temps couvert,Autre collision,,,,,,,,,,,5,2,1,8.0,6.0
201700043460,0017-12-31 18:00:00,17,12,31,18,0,930,72,"20, GASTON MONMOUSSEAU (",48.95541,2.38467,Nuit avec éclairage allumé,En agglomération,Intersection en X,Pluie légère,Autre collision,,,,,,,,,,,5,2,2,2.0,6.0
201700043461,0017-01-04 19:00:00,17,1,4,19,0,930,72,MAXIME GORKI (BOULEVARD),,,Nuit avec éclairage non allumé,En agglomération,Hors intersection,Pluie légère,Autre collision,,,,,,,,,,,4,2,1,2.0,6.0
201700043462,0017-01-07 12:10:00,17,1,7,12,10,930,72,MAXIME GORKI (BOULEVARD),,,Plein jour,En agglomération,Intersection en T,Normale,Autre collision,,,,,,,,,,,1,2,3,1.0,6.0
201700043463,0017-02-01 22:30:00,17,2,1,22,30,930,72,MARCEL CACHIN (AVENUE) D,,,Nuit avec éclairage allumé,En agglomération,Hors intersection,Normale,Deux véhicules - côté,,,,,,,,,,,5,2,1,1.0,3.0
201700043464,0017-02-18 11:45:00,17,2,18,11,45,930,72,"193, MAXIME GORKI (BOULE",,,Plein jour,En agglomération,Hors intersection,Normale,Deux véhicules - arrière,,,,,,,,,,,1,2,1,1.0,2.0
201700043465,0017-01-03 13:05:00,17,1,3,13,5,930,78,CLEMENCEAU (AVENUE GEORG,,,Plein jour,En agglomération,Hors intersection,Normale,Deux véhicules - arrière,,,,,,,,,,,1,2,1,1.0,2.0
201700043466,0017-03-20 14:05:00,17,3,20,14,5,930,78,VAUBAN (AVENUE),,,Plein jour,En agglomération,Giratoire,Normale,Deux véhicules - arrière,,,,,,,,,,,1,2,6,1.0,2.0
201700043467,0017-01-13 10:15:00,17,1,13,10,15,930,78,"14, AUBEPINES (AVENUE DE",,,Plein jour,En agglomération,Intersection en T,Neige / grêle,Deux véhicules - côté,,,,,,,,,,,1,2,3,4.0,3.0
201700043468,0017-03-20 19:30:00,17,3,20,19,30,930,73,RESISTANCE (RUE DE LA),,,Nuit avec éclairage allumé,En agglomération,Intersection en X,Normale,Deux véhicules - côté,,,,,,,,,,,5,2,2,1.0,3.0
201700043469,0017-01-13 14:50:00,17,1,13,14,50,930,78,AUTOROUTE A 104,,,Plein jour,Hors agglomération,Hors intersection,Temps couvert,Deux véhicules - arrière,,,,,,,,,,,1,1,1,8.0,2.0
201700043470,0017-03-22 08:00:00,17,3,22,8,0,930,73,"01, POSTE (IMPASSE DE LA",48.98363,2.55415,Plein jour,En agglomération,Hors intersection,Normale,Autre collision,,,,,,,,,,,1,2,1,1.0,6.0
201700043471,0017-01-19 09:20:00,17,1,19,9,20,930,78,BALLANGER (BD ROBERT),,,Plein jour,En agglomération,Giratoire,Normale,Deux véhicules - arrière,,,,,,,,,,,1,2,6,1.0,2.0
201700043472,0017-03-26 10:40:00,17,3,26,10,40,930,73,RESISTANCE (RUE DE LA),,,Plein jour,En agglomération,Hors intersection,Normale,Autre collision,,,,,,,,,,,1,2,1,1.0,6.0
201700043473,0017-01-20 08:45:00,17,1,20,8,45,930,78,SACCO ET VANZETTI (AVENU,,,Plein jour,En agglomération,Intersection en T,Normale,Deux véhicules - côté,,,,,,,,,,,1,2,3,1.0,3.0
201700043474,0017-01-21 10:20:00,17,1,21,10,20,930,78,BALLANGER (BD ROBERT),,,Plein jour,En agglomération,Intersection en X,Normale,Deux véhicules - côté,,,,,,,,,,,1,2,2,1.0,3.0
201700043475,0017-01-22 09:20:00,17,1,22,9,20,930,78,LEDOUX (RUE CLAUDE NICOL,,,Plein jour,En agglomération,Intersection en T,Normale,Deux véhicules - frontale,,,,,,,,,,,1,2,3,1.0,1.0
201700043476,0017-03-30 09:00:00,17,3,30,9,0,930,78,"20, CHARLEMAGNE (AVENUE)",,,Plein jour,En agglomération,Hors intersection,Normale,Autre collision,,,,,,,,,,,1,2,1,1.0,6.0
201700043477,0017-04-02 18:00:00,17,4,2,18,0,930,78,"81, LECLERC (AVENUE DU G",,,Plein jour,En agglomération,Hors intersection,Normale,Autre collision,,,,,,,,,,,1,2,1,1.0,6.0
201700043478,0017-01-22 13:00:00,17,1,22,13,0,930,78,MONTCELEUX (AVENUE),,,Plein jour,En agglomération,Autre intersection,Normale,Deux véhicules - côté,,,,,,,,,,,1,2,9,1.0,3.0
201700043479,0017-04-02 21:00:00,17,4,2,21,0,930,78,"02, CLEMENCEAU (AVENUE G",,,Nuit sans éclairage public,En agglomération,Intersection en X,Normale,Deux véhicules - frontale,,,,,,,,,,,3,2,2,1.0,1.0
201700043480,0017-01-25 20:40:00,17,1,25,20,40,930,78,CLEMENCEAU (AVENUE GEORG,,,Nuit avec éclairage allumé,En agglomération,Hors intersection,Normale,Deux véhicules - arrière,,,,,,,,,,,5,2,1,1.0,2.0
201700043481,0017-04-07 12:15:00,17,4,7,12,15,930,78,"02, DE GAULLE (AVENUE CH",,,Plein jour,En agglomération,Hors intersection,Normale,Deux véhicules - arrière,,,,,,,,,,,1,2,1,1.0,2.0
201700043482,0017-01-31 12:00:00,17,1,31,12,0,930,73,"5, BROSSOLETTE (RUE PIER",,,Plein jour,En agglomération,Hors intersection,Brouillard / fumée,Autre collision,,,,,,,,,,,1,2,1,5.0,6.0
201700043483,0017-04-07 12:30:00,17,4,7,12,30,930,78,CLEMENCEAU (AVENUE GEORG,48.95353,2.56274,Plein jour,En agglomération,Hors intersection,Normale,Deux véhicules - côté,,,,,,,,,,,1,2,1,1.0,3.0
201700043484,0017-02-09 08:05:00,17,2,9,8,5,930,73,ROISSY (ROUTE DE),,,Crépuscule ou aube,Hors agglomération,Hors intersection,Normale,Deux véhicules - arrière,,,,,,,,,,,2,1,1,1.0,2.0
201700043485,0017-04-11 09:50:00,17,4,11,9,50,930,78,CLEMENCEAU (AVENUE GEORG,,,Plein jour,En agglomération,Hors intersection,Normale,Deux véhicules - arrière,,,,,,,,,,,1,2,1,1.0,2.0
201700043486,0017-02-09 13:20:00,17,2,9,13,20,930,78,BALLANGER (BD ROBERT),,,Plein jour,En agglomération,Hors intersection,Normale,Deux véhicules - côté,,,,,,,,,,,1,2,1,1.0,3.0
201700043487,0017-04-30 14:45:00,17,4,30,14,45,930,73,PAIX (AVENUE DE LA),,,Plein jour,En agglomération,Hors intersection,Normale,Autre collision,,,,,,,,,,,1,2,1,1.0,6.0
201700043488,0017-05-03 11:05:00,17,5,3,11,5,930,73,"125, BOIS DE LA PIE (AVE",,,Plein jour,En agglomération,Autre intersection,Pluie légère,Autre collision,,,,,,,,,,,1,2,9,2.0,6.0
201700043489,0017-05-11 14:45:00,17,5,11,14,45,930,73,BERGER (RUE GILBERT),,,Plein jour,En agglomération,Intersection en X,Normale,Deux véhicules - côté,,,,,,,,,,,1,2,2,1.0,3.0
201700043490,0017-03-01 22:15:00,17,3,1,22,15,930,73,TOLSTOI (RUE LEON),,,Nuit avec éclairage non allumé,En agglomération,Giratoire,Pluie légère,Autre collision,,,,,,,,,,,4,2,6,2.0,6.0
201700043491,0017-05-13 18:42:00,17,5,13,18,42,930,78,"16, CHARLEMAGNE (AVENUE)",48.95565,2.55237,Plein jour,En agglomération,Hors intersection,Normale,Autre collision,,,,,,,,,,,1,2,1,1.0,6.0
201700043492,0017-03-02 18:15:00,17,3,2,18,15,930,78,AUDAT (RUE),,,Plein jour,En agglomération,Hors intersection,Normale,Autre collision,,,,,,,,,,,1,2,1,1.0,6.0
201700043493,0017-05-16 19:40:00,17,5,16,19,40,930,78,BALLANGER (BD ROBERT),48.95394,2.53418,Plein jour,En agglomération,Hors intersection,Normale,Deux véhicules - côté,,,,,,,,,,,1,2,1,1.0,3.0
201700043494,0017-03-06 17:55:00,17,3,6,17,55,930,73,SALENGRO (AVENUE ROGER),,,Plein jour,En agglomération,Intersection en X,Pluie légère,Deux véhicules - côté,,,,,,,,,,,1,2,2,2.0,3.0
201700043495,0017-05-21 19:00:00,17,5,21,19,0,930,78,BALLANGER (BD ROBERT),,,Plein jour,En agglomération,Giratoire,Normale,Deux véhicules - côté,,,,,,,,,,,1,2,6,1.0,3.0
201700043496,0017-03-10 13:40:00,17,3,10,13,40,930,78,BALLANGER (BD ROBERT),,,Plein jour,En agglomération,Intersection à plus de 4 branches,Normale,Deux véhicules - arrière,,,,,,,,,,,1,2,5,1.0,2.0
201700043497,0017-05-25 15:20:00,17,5,25,15,20,930,78,NATIONS (AVENUE DES),48.97899,2.52958,Plein jour,Hors agglomération,Hors intersection,Normale,Trois véhicules et plus - en chaîne,,,,,,,,,,,1,1,1,1.0,4.0
201700043498,0017-03-11 00:15:00,17,3,11,0,15,930,78,TREMBLAY (ROUTE DE),,,Nuit avec éclairage allumé,En agglomération,Intersection en X,Normale,Deux véhicules - frontale,,,,,,,,,,,5,2,2,1.0,1.0
201700043499,0017-05-29 17:30:00,17,5,29,17,30,930,78,BALLANGER (BD ROBERT),,,Plein jour,En agglomération,Intersection en X,Normale,Deux véhicules - côté,,,,,,,,,,,1,2,2,1.0,3.0
201700043500,0017-03-12 17:50:00,17,3,12,17,50,930,78,"1, CLEMENCEAU (AVENUE GE",,,Plein jour,En agglomération,Intersection en X,Normale,Deux véhicules - frontale,,,,,,,,,,,1,2,2,1.0,1.0
201700043501,0017-06-01 09:07:00,17,6,1,9,7,930,78,"02, PARC EXPO",48.9776,2.5265,Plein jour,En agglomération,Hors intersection,Normale,Deux véhicules - arrière,,,,,,,,,,,1,2,1,1.0,2.0
201700043502,0017-06-02 22:20:00,17,6,2,22,20,930,78,"01, REPUBLIQUE (AVENUE D",,,Nuit avec éclairage allumé,En agglomération,Autre intersection,Normale,Autre collision,,,,,,,,,,,5,2,9,1.0,6.0
201700043503,0017-06-03 12:35:00,17,6,3,12,35,930,78,MAURIAC (RUE FRANCOIS),48.95632,2.54762,Plein jour,En agglomération,Hors intersection,Normale,Autre collision,,,,,,,,,,,1,2,1,1.0,6.0
201700043504,0017-06-10 19:00:00,17,6,10,19,0,930,78,"4, MOUSSET (RUE GUY)",,,Plein jour,En agglomération,Hors intersection,Normale,Deux véhicules - arrière,,,,,,,,,,,1,2,1,1.0,2.0
201700043505,0017-06-13 12:00:00,17,6,13,12,0,930,73,FLANDRE (RUE DE),,,Plein jour,En agglomération,Intersection en X,Normale,Deux véhicules - côté,,,,,,,,,,,1,2,2,1.0,3.0
201700043506,0017-06-10 14:10:00,17,6,10,14,10,930,73,"108, HUITIEME (AVENUE)",48.96346,2.57375,Plein jour,En agglomération,Hors intersection,Normale,Autre collision,,,,,,,,,,,1,2,1,1.0,6.0
201700043507,0017-06-16 18:00:00,17,6,16,18,0,930,78,BALLANGER (BD ROBERT),,,Plein jour,En agglomération,Hors intersection,Normale,Deux véhicules - côté,,,,,,,,,,,1,2,1,1.0,3.0
201700043508,0017-06-16 20:20:00,17,6,16,20,20,930,78,"6, BOUCHER (ALLEE HELENE",48.9644,2.54079,Plein jour,En agglomération,Intersection en T,Normale,Deux véhicules - côté,,,,,,,,,,,1,2,3,1.0,3.0
201700043509,0017-06-16 20:00:00,17,6,16,20,0,930,73,VERDUN (RUE DE),,,Plein jour,En agglomération,Intersection en T,Normale,Deux véhicules - côté,,,,,,,,,,,1,2,3,1.0,3.0
201700043510,0017-06-17 18:42:00,17,6,17,18,42,930,78,CLEMENCEAU (AVENUE GEORG,48.9607,2.55776,Plein jour,En agglomération,Intersection en T,Normale,Deux véhicules - côté,,,,,,,,,,,1,2,3,1.0,3.0
201700043511,0017-06-19 17:45:00,17,6,19,17,45,930,73,"41, LILLE (RUE DE)",48.94253,2.58212,Plein jour,En agglomération,Hors intersection,Normale,Autre collision,,,,,,,,,,,1,2,1,1.0,6.0
201700043512,0017-06-19 17:10:00,17,6,19,17,10,930,78,COUTURIER (AVENUE PAUL V,,,Plein jour,En agglomération,Intersection en T,Normale,Trois véhicules et plus - en chaîne,,,,,,,,,,,1,2,3,1.0,4.0
201700043513,0017-06-20 09:05:00,17,6,20,9,5,930,78,VAUBAN (AVENUE),49.00501,2.55791,Plein jour,Hors agglomération,Hors intersection,Normale,Deux véhicules - arrière,,,,,,,,,,,1,1,1,1.0,2.0
201700043514,0017-06-20 18:15:00,17,6,20,18,15,930,73,"9-11, LENINE (BOULEVARD)",48.95019,2.5667,Plein jour,En agglomération,Hors intersection,Normale,Autre collision,,,,,,,,,,,1,2,1,1.0,6.0
201700043515,0017-06-21 18:55:00,17,6,21,18,55,930,73,FAISANDERIE (AVENUE DE L,,,Plein jour,En agglomération,Autre intersection,Normale,Deux véhicules - côté,,,,,,,,,,,1,2,9,1.0,3.0
201700043516,0017-06-22 23:30:00,17,6,22,23,30,930,78,DEGEYTER (PLACE),,,Nuit avec éclairage allumé,En agglomération,Intersection en X,Normale,Deux véhicules - côté,,,,,,,,,,,5,2,2,1.0,3.0
201700043517,0017-06-24 17:55:00,17,6,24,17,55,930,78,NATIONS (AVENUE DES),,,Plein jour,En agglomération,Hors intersection,Normale,Deux véhicules - côté,,,,,,,,,,,1,2,1,1.0,3.0
201700043518,0017-06-24 18:30:00,17,6,24,18,30,930,78,DAMBEL (AVENUE EMILE),,,Plein jour,En agglomération,Intersection en X,Normale,Deux véhicules - côté,,,,,,,,,,,1,2,2,1.0,3.0
201700043519,0017-06-26 18:10:00,17,6,26,18,10,930,73,"56, BARBUSSE (RUE HENRI)",,,Plein jour,En agglomération,Hors intersection,Normale,Autre collision,,,,,,,,,,,1,2,1,1.0,6.0
201700043520,0017-06-26 16:00:00,17,6,26,16,0,930,73,ARGONNE (RUE D'),,,Plein jour,En agglomération,Autre intersection,Pluie forte,Autre collision,,,,,,,,,,,1,2,9,3.0,6.0
201700043521,0017-06-28 13:00:00,17,6,28,13,0,930,73,SOMME (AVENUE DE LA),,,Plein jour,En agglomération,Intersection en X,Normale,Deux véhicules - côté,,,,,,,,,,,1,2,2,1.0,3.0
201700043522,0017-06-30 06:10:00,17,6,30,6,10,930,73,", ROISSY (ROUTE DE)",,,Crépuscule ou aube,Hors agglomération,Hors intersection,Temps couvert,Trois véhicules et plus - collisions multiples,,,,,,,,,,,2,1,1,8.0,5.0
201700043523,0017-07-05 15:45:00,17,7,5,15,45,930,78,CLEMENCEAU (AVENUE GEORG,,,Plein jour,En agglomération,Intersection en T,Normale,Deux véhicules - frontale,,,,,,,,,,,1,2,3,1.0,1.0
201700043524,0017-07-06 09:22:00,17,7,6,9,22,930,73,ROISSY (ROUTE DE),,,Plein jour,Hors agglomération,Hors intersection,Normale,Trois véhicules et plus - collisions multiples,,,,,,,,,,,1,1,1,1.0,5.0
201700043525,0017-07-09 10:30:00,17,7,9,10,30,930,73,ROISSY (ROUTE DE),,,Plein jour,Hors agglomération,Hors intersection,Normale,Trois véhicules et plus - en chaîne,,,,,,,,,,,1,1,1,1.0,4.0
201700043526,0017-07-11 21:15:00,17,7,11,21,15,930,78,"06, BERTHERAT (RUE DOCTE",,,Crépuscule ou aube,En agglomération,Hors intersection,Temps couvert,Deux véhicules - frontale,,,,,,,,,,,2,2,1,8.0,1.0
201700043527,0017-07-21 20:40:00,17,7,21,20,40,930,78,MONTCALM (AVENUE),,,Plein jour,En agglomération,Intersection en X,Normale,Deux véhicules - côté,,,,,,,,,,,1,2,2,1.0,3.0
201700043528,0017-07-25 21:20:00,17,7,25,21,20,930,78,BALLANGER (BD ROBERT),,,Crépuscule ou aube,En agglomération,Intersection en X,Normale,Deux véhicules - côté,,,,,,,,,,,2,2,2,1.0,3.0
201700043529,0017-07-26 11:55:00,17,7,26,11,55,930,78,ACACIAS (AVENUE),49.01206,2.34357,Plein jour,Hors agglomération,Hors intersection,Normale,Sans collision,,,,,,,,,,,1,1,1,1.0,7.0
201700043530,0017-07-26 18:50:00,17,7,26,18,50,930,78,BALLANGER (BD ROBERT),,,Plein jour,En agglomération,Intersection en X,Pluie légère,Deux véhicules - côté,,,,,,,,,,,1,2,2,2.0,3.0
201700043531,0017-07-31 15:30:00,17,7,31,15,30,930,73,RONSARD (RUE PIERRE),,,Plein jour,En agglomération,Intersection en T,Normale,Autre collision,,,,,,,,,,,1,2,3,1.0,6.0
201700043532,0017-08-04 08:35:00,17,8,4,8,35,930,73,CIRCUIT CAROLE,,,Plein jour,En agglomération,Hors intersection,Normale,Deux véhicules - arrière,,,,,,,,,,,1,2,1,1.0,2.0
201700043533,0017-08-07 13:15:00,17,8,7,13,15,930,78,FORET (AVENUE DE LA),,,Plein jour,En agglomération,Hors intersection,Normale,Autre collision,,,,,,,,,,,1,2,1,1.0,6.0
201700043534,0017-08-25 14:30:00,17,8,25,14,30,930,78,BALLANGER (BD ROBERT),,,Plein jour,En agglomération,Intersection en X,Pluie légère,Deux véhicules - frontale,,,,,,,,,,,1,2,2,2.0,1.0
201700043535,0017-08-26 19:15:00,17,8,26,19,15,930,78,CLEMENCEAU (AVENUE GEORG,,,Plein jour,En agglomération,Intersection en X,Normale,Deux véhicules - côté,,,,,,,,,,,1,2,2,1.0,3.0
201700043536,0017-08-27 15:20:00,17,8,27,15,20,930,73,"1, CIRCUIT CAROLE",,,Plein jour,Hors agglomération,Hors intersection,Autre,Sans collision,,,,,,,,,,,1,1,1,9.0,7.0
201700043537,0017-09-08 15:40:00,17,9,8,15,40,930,78,NATIONS (AVENUE DES),48.97423,2.51401,Plein jour,Hors agglomération,Autre intersection,Pluie légère,Autre collision,,,,,,,,,,,1,1,9,2.0,6.0
201700043538,0017-09-13 16:03:00,17,9,13,16,3,930,73,ROISSY (ROUTE DE),48.98353,2.54192,Plein jour,En agglomération,Hors intersection,Pluie forte,Deux véhicules - côté,,,,,,,,,,,1,2,1,3.0,3.0
201700043539,0017-09-16 19:45:00,17,9,16,19,45,930,78,AUTOROUTE A 104,48.96024,2.54286,Plein jour,En agglomération,Giratoire,Normale,Deux véhicules - arrière,,,,,,,,,,,1,2,6,1.0,2.0
201700043540,0017-09-21 16:50:00,17,9,21,16,50,930,78,BALLANGER (BD ROBERT),48.9575,2.5496,Plein jour,En agglomération,Giratoire,Normale,Deux véhicules - côté,,,,,,,,,,,1,2,6,1.0,3.0
201700043541,0017-09-22 20:35:00,17,9,22,20,35,930,73,PARC (AVENUE DU),48.953,2.57462,Nuit avec éclairage allumé,En agglomération,Hors intersection,Normale,Deux véhicules - frontale,,,,,,,,,,,5,2,1,1.0,1.0
201700043542,0017-09-28 14:25:00,17,9,28,14,25,930,73,COLONGO (RUE PIERRE),48.93969,2.58756,Plein jour,En agglomération,Intersection en T,Pluie légère,Deux véhicules - côté,,,,,,,,,,,1,2,3,2.0,3.0
201700043543,0017-09-29 20:15:00,17,9,29,20,15,930,78,TREMBLAY (ROUTE DE),48.96884,2.45269,Nuit sans éclairage public,En agglomération,Hors intersection,Pluie forte,Autre collision,,,,,,,,,,,3,2,1,3.0,6.0
201700043544,0017-10-03 16:50:00,17,10,3,16,50,930,78,DE GAULLE (AVENUE CHARLE,48.95593,2.55316,Plein jour,En agglomération,Passage à niveau,Normale,Autre collision,,,,,,,,,,,1,2,8,1.0,6.0
201700043545,0017-10-12 18:50:00,17,10,12,18,50,930,78,CLEMENCEAU (AVENUE GEORG,48.95561,2.56083,Plein jour,En agglomération,Hors intersection,Normale,Deux véhicules - arrière,,,,,,,,,,,1,2,1,1.0,2.0