accident_id,datetime,annee,mois,jour,heure,minute,departement,commune_insee,adresse,latitude,longitude,luminosite,agglomeration,intersection,meteo,collision,nb_vehicules,nb_usagers,nb_indemnes,nb_tues,nb_blesses_hosp,nb_blesses_legers,age_cond_1,age_cond_2,veh_type_cond_1,veh_type_cond_2,lum_code,agg_code,int_code,atm_code,col_code
201700043668,0017-07-05 13:50:00,17,7,5,13,50,940,44,"3, GABRIEL PERI (AV)",48.75408,2.48496,Plein jour,En agglomération,Hors intersection,Normale,Trois véhicules et plus - collisions multiples,,,,,,,,,,,1,2,1,1.0,5.0
201700043669,0017-07-05 16:59:00,17,7,5,16,59,940,71,"4, MAURICE BERTEAUX (R)",48.77081,2.51964,Plein jour,En agglomération,Autre intersection,Normale,Autre collision,,,,,,,,,,,1,2,9,1.0,6.0
201700043670,0017-07-06 12:15:00,17,7,6,12,15,940,44,MONNET/DUNANT,48.75684,2.48306,Plein jour,En agglomération,Giratoire,Normale,Sans collision,,,,,,,,,,,1,2,6,1.0,7.0
201700043671,0017-07-08 20:00:00,17,7,8,20,0,940,75,TASSIGNY/DAGORNO,48.72751,2.53102,Plein jour,Hors agglomération,Intersection en T,Normale,Deux véhicules - frontale,,,,,,,,,,,1,1,3,1.0,1.0
201700043672,0017-07-10 15:30:00,17,7,10,15,30,940,44,"11, GABRIEL PERI (AV)",48.75312,2.48562,Plein jour,En agglomération,Hors intersection,Temps couvert,Deux véhicules - côté,,,,,,,,,,,1,2,1,8.0,3.0
201700043673,0017-07-11 17:05:00,17,7,11,17,5,940,75,GRANGE/TASSIGNY,48.7338,2.51847,Plein jour,En agglomération,Intersection en T,Normale,Deux véhicules - arrière,,,,,,,,,,,1,2,3,1.0,2.0
201700043674,0017-06-08 08:10:00,17,6,8,8,10,940,4,"40, PARIS (R DE)",,,Plein jour,En agglomération,Hors intersection,Normale,Deux véhicules - côté,,,,,,,,,,,1,2,1,1.0,3.0
201700043675,0017-07-19 13:40:00,17,7,19,13,40,940,48,BRUYERES (AV DES),48.74727,2.55698,Plein jour,Hors agglomération,Hors intersection,Normale,Autre collision,,,,,,,,,,,1,1,1,1.0,6.0
201700043676,0017-07-20 16:55:00,17,7,20,16,55,940,71,BONNEUIL (RTE DE),48.77049,2.50683,Plein jour,En agglomération,Hors intersection,Normale,Deux véhicules - frontale,,,,,,,,,,,1,2,1,1.0,1.0
201700043677,0017-07-22 21:15:00,17,7,22,21,15,940,4,"00, FFI (ALL DES)",48.75517,2.50923,Crépuscule ou aube,Hors agglomération,Hors intersection,Pluie légère,Sans collision,,,,,,,,,,,2,1,1,2.0,7.0
201700043678,0017-07-28 22:20:00,17,7,28,22,20,940,44,"12, GABRIEL PERI (AV)",48.755,2.48427,Crépuscule ou aube,En agglomération,Hors intersection,Normale,Deux véhicules - côté,,,,,,,,,,,2,2,1,1.0,3.0
201700043679,0017-07-31 04:50:00,17,7,31,4,50,940,44,DESCARTES (AV),48.74075,2.48246,Nuit avec éclairage allumé,En agglomération,Hors intersection,Normale,Deux véhicules - frontale,,,,,,,,,,,5,2,1,1.0,1.0
201700043680,0017-08-03 23:07:00,17,8,3,23,7,940,44,"00, ALBERT GARRY (R)",48.75,2.47,Nuit avec éclairage allumé,En agglomération,Intersection en T,Normale,Sans collision,,,,,,,,,,,5,2,3,1.0,7.0
201700043681,0017-07-14 13:45:00,17,7,14,13,45,940,70,"2, PARIS (RTE DE)",48.75353,2.507,Plein jour,En agglomération,Hors intersection,Normale,Autre collision,,,,,,,,,,,1,2,1,1.0,6.0
201700043682,0017-08-05 10:00:00,17,8,5,10,0,940,75,MARECHAL DELATTRE DE TAS,48.72757,2.54228,Plein jour,Hors agglomération,Hors intersection,Normale,Deux véhicules - frontale,,,,,,,,,,,1,1,1,1.0,1.0
201700043683,0017-08-07 16:45:00,17,8,7,16,45,940,44,"10, HERBAGES DE SEZE (R",48.7481,2.48128,Plein jour,En agglomération,Hors intersection,Normale,Autre collision,,,,,,,,,,,1,2,1,1.0,6.0
201700043684,0017-04-20 08:05:00,17,4,20,8,5,940,75,GRANGE (RTE DE LA),,,Crépuscule ou aube,En agglomération,Intersection en T,Normale,Deux véhicules - côté,,,,,,,,,,,2,2,3,1.0,3.0
201700043685,0017-08-10 22:20:00,17,8,10,22,20,940,71,GENERAL LECLERC (R DU),48.77571,2.51109,Nuit avec éclairage allumé,En agglomération,Intersection en T,Normale,Deux véhicules - arrière,,,,,,,,,,,5,2,3,1.0,2.0
201700043686,0017-08-23 14:15:00,17,8,23,14,15,940,71,FORT (AV DU),48.76741,2.53322,Plein jour,En agglomération,Hors intersection,Normale,Sans collision,,,,,,,,,,,1,2,1,1.0,7.0
201700043687,0017-08-23 19:55:00,17,8,23,19,55,940,4,GENERAL LECLERC (AV),,,Plein jour,En agglomération,Hors intersection,Normale,Trois véhicules et plus - en chaîne,,,,,,,,,,,1,2,1,1.0,4.0
201700043688,0017-09-11 16:45:00,17,9,11,16,45,940,75,BOIS D AUTEUIL (R DU),48.71591,2.54497,Plein jour,En agglomération,Hors intersection,Normale,Autre collision,,,,,,,,,,,1,2,1,1.0,6.0
201700043689,0017-09-12 17:00:00,17,9,12,17,0,940,71,"8, LESIGNY (RTE DE)",48.7623,2.53943,Plein jour,En agglomération,Hors intersection,Normale,Deux véhicules - côté,,,,,,,,,,,1,2,1,1.0,3.0
201700043690,0017-09-17 20:00:00,17,9,17,20,0,940,4,", FFI (ALL DES)",,,Crépuscule ou aube,En agglomération,Intersection en T,Pluie légère,Deux véhicules - côté,,,,,,,,,,,2,2,3,2.0,3.0
201700043691,0017-09-19 10:45:00,17,9,19,10,45,940,4,"53, GENERAL LECLERC (AV",,,Plein jour,En agglomération,Hors intersection,Pluie légère,Deux véhicules - côté,,,,,,,,,,,1,2,1,2.0,3.0
201700043692,0017-09-21 08:30:00,17,9,21,8,30,940,48,BRUYERES (AV DES),48.73709,2.55441,Plein jour,En agglomération,Hors intersection,Normale,Sans collision,,,,,,,,,,,1,2,1,1.0,7.0
201700043693,0017-09-22 19:00:00,17,9,22,19,0,940,71,"41, WINSTON CHURCHILL (R",48.76521,2.52502,Plein jour,En agglomération,Hors intersection,Normale,Autre collision,,,,,,,,,,,1,2,1,1.0,6.0
201700043694,0017-09-23 10:55:00,17,9,23,10,55,940,70,LESIGNY (R DE),48.72574,2.57813,Plein jour,Hors agglomération,Giratoire,Normale,Deux véhicules - côté,,,,,,,,,,,1,1,6,1.0,3.0
201700043695,0017-09-20 07:45:00,17,9,20,7,45,940,75,"00, MARECHAL DE LATTRE D",48.732,2.5232,Plein jour,Hors agglomération,Hors intersection,Normale,Autre collision,,,,,,,,,,,1,1,1,1.0,6.0
201700043696,0017-09-19 23:35:00,17,9,19,23,35,940,56,VARENNE (R DE),48.69314,2.55784,Nuit sans éclairage public,Hors agglomération,Hors intersection,Normale,Deux véhicules - frontale,,,,,,,,,,,3,1,1,1.0,1.0
201700043697,0017-09-28 08:00:00,17,9,28,8,0,940,44,"1 bis, GABRIEL PERI (AV)",48.75443,2.48487,Crépuscule ou aube,En agglomération,Hors intersection,Normale,Deux véhicules - côté,,,,,,,,,,,2,2,1,1.0,3.0
201700043698,0017-09-28 16:00:00,17,9,28,16,0,940,4,"00, GENERAL LECLERC (AV)",,,Plein jour,En agglomération,Giratoire,Normale,Autre collision,,,,,,,,,,,1,2,6,1.0,6.0
201700043699,0017-09-29 08:25:00,17,9,29,8,25,940,44,EUGENE VARLIN (R),48.74248,2.49125,Plein jour,En agglomération,Hors intersection,Normale,Autre collision,,,,,,,,,,,1,2,1,1.0,6.0
201700043700,0017-09-30 00:07:00,17,9,30,0,7,940,48,"41, GROSBOIS (AV DE)",48.72948,2.54158,Nuit avec éclairage allumé,En agglomération,Hors intersection,Pluie forte,Autre collision,,,,,,,,,,,5,2,1,3.0,6.0
201700043701,0017-10-01 13:20:00,17,10,1,13,20,940,75,"00, GRANGE (RTE DE LA)",48.73312,2.51494,Plein jour,En agglomération,Intersection en T,Pluie légère,Deux véhicules - côté,,,,,,,,,,,1,2,3,2.0,3.0
201700043702,0017-10-02 08:50:00,17,10,2,8,50,940,44,"19, HERBAGES DE SEZE (R",48.74642,2.48115,Plein jour,En agglomération,Hors intersection,Normale,Deux véhicules - côté,,,,,,,,,,,1,2,1,1.0,3.0
201700043703,0017-10-14 20:15:00,17,10,14,20,15,940,44,ALBERT GARRY (R),48.75248,2.47262,Nuit avec éclairage allumé,En agglomération,Autre intersection,Normale,Deux véhicules - côté,,,,,,,,,,,5,2,9,1.0,3.0
201700043704,0017-10-15 05:45:00,17,10,15,5,45,940,71,BONNEUIL (RTE DE),48.77081,2.50567,Nuit avec éclairage allumé,En agglomération,Intersection en T,Normale,Sans collision,,,,,,,,,,,5,2,3,1.0,7.0
201700043705,0017-10-15 21:07:00,17,10,15,21,7,940,4,"2, GARE (BD DE LA)",,,Nuit sans éclairage public,En agglomération,Hors intersection,Normale,Autre collision,,,,,,,,,,,3,2,1,1.0,6.0
201700043706,0017-10-18 09:07:00,17,10,18,9,7,940,4,FFI (ALL DES),,,Plein jour,En agglomération,Autre intersection,Normale,Deux véhicules - arrière,,,,,,,,,,,1,2,9,1.0,2.0
201700043707,0017-10-19 09:00:00,17,10,19,9,0,940,75,"25, MAIRIE (AV DE LA)",48.72434,2.53594,Plein jour,En agglomération,Intersection en Y,Normale,Deux véhicules - côté,,,,,,,,,,,1,2,4,1.0,3.0
201700043708,0017-10-20 07:25:00,17,10,20,7,25,940,4,FFI (ALL DES),,,Crépuscule ou aube,En agglomération,Hors intersection,Pluie légère,Sans collision,,,,,,,,,,,2,2,1,2.0,7.0
201700043709,0017-10-22 11:30:00,17,10,22,11,30,940,71,"1, PONT DE CHENNEVIERES",48.7857,2.51789,Plein jour,En agglomération,Intersection en T,Normale,Deux véhicules - côté,,,,,,,,,,,1,2,3,1.0,3.0
201700043710,0017-10-22 13:50:00,17,10,22,13,50,940,71,"14, NOISEAU (R DE)",48.77212,2.52812,Plein jour,En agglomération,Autre intersection,Pluie légère,Deux véhicules - arrière,,,,,,,,,,,1,2,9,2.0,2.0
201700043711,0017-10-25 22:20:00,17,10,25,22,20,940,71,"00, PARIS (R DE)",48.77319,-2.5069,Nuit avec éclairage non allumé,En agglomération,Hors intersection,Normale,Deux véhicules - côté,,,,,,,,,,,4,2,1,1.0,3.0
201700043712,0017-10-29 12:10:00,17,10,29,12,10,940,75,"69, MANDRES (R DE)",48.71352,2.53796,Plein jour,En agglomération,Autre intersection,Pluie légère,Sans collision,,,,,,,,,,,1,2,9,2.0,7.0
201700043713,0017-10-29 12:50:00,17,10,29,12,50,940,47,"18, PAUL DOUMER (R)",48.69986,2.54397,Plein jour,En agglomération,Hors intersection,Pluie légère,Deux véhicules - frontale,,,,,,,,,,,1,2,1,2.0,1.0
201700043714,0017-10-28 19:05:00,17,10,28,19,5,940,4,"6, MOULIN NEUF (CHE DU)",,,Nuit avec éclairage allumé,En agglomération,Intersection en T,Normale,Autre collision,,,,,,,,,,,5,2,3,1.0,6.0
201700043715,0017-11-04 17:54:00,17,11,4,17,54,940,4,"6, VERDUN (AV DE)",,,Nuit avec éclairage allumé,En agglomération,Hors intersection,Pluie légère,Sans collision,,,,,,,,,,,5,2,1,2.0,7.0
201700043716,0017-11-06 19:30:00,17,11,6,19,30,940,4,TRAVERSIERE (R),,,Nuit avec éclairage allumé,En agglomération,Intersection en Y,Temps couvert,Deux véhicules - arrière,,,,,,,,,,,5,2,4,8.0,2.0
201700043717,0017-11-07 16:00:00,17,11,7,16,0,940,4,QUEUE EN BRIE (RTE DE LA,,,Plein jour,En agglomération,Intersection en X,Normale,Deux véhicules - côté,,,,,,,,,,,1,2,2,1.0,3.0
201700043718,0017-11-10 08:00:00,17,11,10,8,0,940,44,"32, GABRIEL PERI (AV)",,,Plein jour,En agglomération,Hors intersection,Pluie légère,Deux véhicules - côté,,,,,,,,,,,1,2,1,2.0,3.0
201700043719,0017-11-10 10:50:00,17,11,10,10,50,940,4,CHARLES DE GAULLE (R),,,Plein jour,En agglomération,Hors intersection,Normale,Deux véhicules - arrière,,,,,,,,,,,1,2,1,1.0,2.0
201700043720,0017-11-10 13:00:00,17,11,10,13,0,940,4,"00, JEAN MOULIN (R)",,,Plein jour,En agglomération,Intersection en T,Pluie légère,Deux véhicules - côté,,,,,,,,,,,1,2,3,2.0,3.0
201700043721,0017-11-10 14:20:00,17,11,10,14,20,940,70,"00, VIGNES (CHE DES)",48.72845,2.56888,Plein jour,En agglomération,Intersection en T,Pluie légère,Deux véhicules - côté,,,,,,,,,,,1,2,3,2.0,3.0
201700043722,0017-11-11 17:15:00,17,11,11,17,15,940,4,ALBERT SARRAULT (AV),,,Crépuscule ou aube,En agglomération,Intersection en T,Pluie légère,Deux véhicules - côté,,,,,,,,,,,2,2,3,2.0,3.0
201700043723,0017-11-16 07:45:00,17,11,16,7,45,940,4,MARAIS (CHE DES),,,Crépuscule ou aube,En agglomération,Hors intersection,Normale,Deux véhicules - côté,,,,,,,,,,,2,2,1,1.0,3.0
201700043724,0017-11-16 08:45:00,17,11,16,8,45,940,4,GENERAL LECLERC (AV DU),,,Plein jour,En agglomération,Intersection à plus de 4 branches,Normale,Deux véhicules - frontale,,,,,,,,,,,1,2,5,1.0,1.0
201700043725,0017-10-23 05:20:00,17,10,23,5,20,940,4,PARIS (RTE DE),,,Nuit sans éclairage public,Hors agglomération,Hors intersection,Temps couvert,Sans collision,,,,,,,,,,,3,1,1,8.0,7.0
201700043726,0017-11-16 19:50:00,17,11,16,19,50,940,4,"22, POMPADOUR (R DE LA)",,,Nuit avec éclairage allumé,En agglomération,Intersection en Y,Normale,Deux véhicules - arrière,,,,,,,,,,,5,2,4,1.0,2.0
201700043727,0017-11-17 07:40:00,17,11,17,7,40,940,4,"1ter, PARIS (R DE)",,,Crépuscule ou aube,Hors agglomération,Hors intersection,Pluie légère,Sans collision,,,,,,,,,,,2,1,1,2.0,7.0
201700043728,0017-11-17 18:22:00,17,11,17,18,22,940,71,QUEUE EN BRIE (RTE DE LA,48.75898,5.3014,Crépuscule ou aube,En agglomération,Intersection en X,Temps couvert,Deux véhicules - côté,,,,,,,,,,,2,2,2,8.0,3.0
201700043729,0017-11-19 12:00:00,17,11,19,12,0,940,4,"07 ter, GEORGES POMPIDOU",,,Plein jour,En agglomération,Intersection en T,Normale,Deux véhicules - côté,,,,,,,,,,,1,2,3,1.0,3.0
201700043730,0017-11-20 17:30:00,17,11,20,17,30,940,4,LATTRE DE TASSIGNY (AV D,,,Plein jour,En agglomération,Intersection en X,Normale,Deux véhicules - côté,,,,,,,,,,,1,2,2,1.0,3.0
201700043731,0017-11-22 15:08:00,17,11,22,15,8,940,4,"11, GARE (BD DE LA)",,,Plein jour,En agglomération,Hors intersection,Normale,Autre collision,,,,,,,,,,,1,2,1,1.0,6.0
201700043732,0017-11-12 17:10:00,17,11,12,17,10,940,4,"00, ERABLES (R DES)",,,Crépuscule ou aube,En agglomération,Hors intersection,Normale,Autre collision,,,,,,,,,,,2,2,1,1.0,6.0
201700043733,0017-11-25 18:35:00,17,11,25,18,35,940,44,"02, PRESIDENT WILSON (AV",48.75147,2.49166,Nuit avec éclairage allumé,En agglomération,Hors intersection,Normale,Autre collision,,,,,,,,,,,5,2,1,1.0,6.0
201700043734,0017-11-28 16:20:00,17,11,28,16,20,940,75,"00, MARECHAL DE LATTRE D",48.72747,2.53101,Plein jour,En agglomération,Autre intersection,Temps couvert,Deux véhicules - côté,,,,,,,,,,,1,2,9,8.0,3.0
201700043735,0017-11-30 18:00:00,17,11,30,18,0,940,4,EUGENE VARLIN (R),,,Nuit avec éclairage allumé,En agglomération,Hors intersection,Pluie légère,Autre collision,,,,,,,,,,,5,2,1,2.0,6.0
201700043736,0017-11-30 19:50:00,17,11,30,19,50,940,4,MARECHAL DE LATTRE DE TA,,,Nuit avec éclairage allumé,En agglomération,Hors intersection,Pluie légère,Autre collision,,,,,,,,,,,5,2,1,2.0,6.0
201700043737,0017-11-04 20:30:00,17,11,4,20,30,940,4,"00, Voie Georges Pompido",,,Nuit avec éclairage allumé,En agglomération,Hors intersection,Pluie légère,Trois véhicules et plus - collisions multiples,,,,,,,,,,,5,2,1,2.0,5.0
201700043738,0017-12-05 12:45:00,17,12,5,12,45,940,47,"09, VALLEES (R DES)",,,Plein jour,En agglomération,Hors intersection,Temps couvert,Deux véhicules - arrière,,,,,,,,,,,1,2,1,8.0,2.0
201700043739,0017-12-07 18:15:00,17,12,7,18,15,940,4,"2 bis, BREVANNES (R DE)",48.75073,2.50157,Nuit avec éclairage allumé,En agglomération,Hors intersection,Pluie légère,Autre collision,,,,,,,,,,,5,2,1,2.0,6.0
201700043740,0017-12-08 08:50:00,17,12,8,8,50,940,71,"52, QUEUE EN BRIE (RTE D",48.76274,2.53509,Plein jour,En agglomération,Hors intersection,Pluie légère,Autre collision,,,,,,,,,,,1,2,1,2.0,6.0
201700043741,0017-12-08 09:23:00,17,12,8,9,23,940,4,GENERAL LECLERC (AV DU),48.45159,2.30213,Plein jour,En agglomération,Hors intersection,Pluie légère,Deux véhicules - côté,,,,,,,,,,,1,2,1,2.0,3.0
201700043742,0017-12-12 07:30:00,17,12,12,7,30,940,71,PARIS (R DE),48.77322,2.5002,Crépuscule ou aube,En agglomération,Hors intersection,Temps couvert,Sans collision,,,,,,,,,,,2,2,1,8.0,7.0
201700043743,0017-12-12 08:10:00,17,12,12,8,10,940,71,BONNEUIL (RTE DE),48.77267,2.50094,Crépuscule ou aube,En agglomération,Hors intersection,Temps couvert,Sans collision,,,,,,,,,,,2,2,1,8.0,7.0
201700043744,0017-12-13 17:45:00,17,12,13,17,45,940,71,"7TER, GEORGES POMPIDOU (",48.77145,2.52473,Nuit avec éclairage allumé,En agglomération,Hors intersection,Pluie légère,Autre collision,,,,,,,,,,,5,2,1,2.0,6.0
201700043745,0017-12-14 17:20:00,17,12,14,17,20,940,71,"140, CHARLES DE GAULLE (",48.76364,2.53611,Nuit avec éclairage allumé,En agglomération,Hors intersection,Pluie légère,Autre collision,,,,,,,,,,,5,2,1,2.0,6.0
201700043746,0017-12-16 18:10:00,17,12,16,18,10,940,75,LATTRE DE TASSIGNY (AV D,48.73744,2.51764,Nuit sans éclairage public,En agglomération,Hors intersection,Normale,Sans collision,,,,,,,,,,,3,2,1,1.0,7.0
201700043747,0017-12-18 06:50:00,17,12,18,6,50,940,71,MAROLLES (RTE DE),48.73,2.66,Nuit sans éclairage public,Hors agglomération,Hors intersection,Pluie légère,Autre collision,,,,,,,,,,,3,1,1,2.0,6.0
201700043748,0017-12-20 17:15:00,17,12,20,17,15,940,75,"7, PAUL DOUMER (R)",48.70595,2.53075,Crépuscule ou aube,En agglomération,Hors intersection,Pluie légère,Autre collision,,,,,,,,,,,2,2,1,2.0,6.0
201700043749,0017-12-21 16:40:00,17,12,21,16,40,940,4,FFI (ALL DES),48.75948,2.51327,Plein jour,Hors agglomération,Hors intersection,Pluie légère,Sans collision,,,,,,,,,,,1,1,1,2.0,7.0
201700043750,0017-12-21 22:15:00,17,12,21,22,15,940,75,LATTRE DE TASSIGNY (AV D,48.73664,2.51836,Nuit sans éclairage public,Hors agglomération,Intersection en T,Pluie légère,Autre collision,,,,,,,,,,,3,1,3,2.0,6.0
201700043751,0017-12-22 12:15:00,17,12,22,12,15,940,71,"132, CHARLES DE GAULLE (",48.76419,2.53518,Plein jour,En agglomération,Intersection en T,Pluie légère,Deux véhicules - côté,,,,,,,,,,,1,2,3,2.0,3.0
201700043752,0017-12-24 19:40:00,17,12,24,19,40,940,44,TILLEULS (AV DES),48.75235,2.4922,Nuit avec éclairage allumé,En agglomération,Intersection en X,Normale,Deux véhicules - côté,,,,,,,,,,,5,2,2,1.0,3.0
201700043753,0017-12-30 14:30:00,17,12,30,14,30,940,71,"09, GRAND VAL (R DU)",48.77,2.51,Plein jour,En agglomération,Hors intersection,Pluie légère,Autre collision,,,,,,,,,,,1,2,1,2.0,6.0
201700043754,0017-01-31 14:20:00,17,1,31,14,20,940,48,RTE DE PARIS,48.7277,2.5476,Plein jour,Hors agglomération,Hors intersection,Normale,Deux véhicules - frontale,,,,,,,,,,,1,1,1,1.0,1.0
201700043755,0017-01-05 13:15:00,17,1,5,13,15,940,70,"7BIS, RTE DE PARIS",48.7175,2.5705,Plein jour,En agglomération,Hors intersection,Normale,Trois véhicules et plus - en chaîne,,,,,,,,,,,1,2,1,1.0,4.0
201700043756,0017-01-14 07:40:00,17,1,14,7,40,940,71,"2, LOUIS BOON (BD)",,,Crépuscule ou aube,En agglomération,Autre intersection,Autre,Sans collision,,,,,,,,,,,2,2,9,9.0,7.0
201700043757,0017-01-17 23:25:00,17,1,17,23,25,940,4,"41, LECLERC/FONTAINE",48.7494,2.5084,Nuit avec éclairage allumé,En agglomération,Intersection en X,Autre,Sans collision,,,,,,,,,,,5,2,2,9.0,7.0
201700043758,0017-01-19 03:10:00,17,1,19,3,10,940,75,MANDRES (R DE),,,Nuit avec éclairage allumé,En agglomération,Hors intersection,Autre,Autre collision,,,,,,,,,,,5,2,1,9.0,6.0
201700043759,0017-01-20 08:00:00,17,1,20,8,0,940,4,AV DE L LATTRE TASSIGNY,48.7441,2.51243,Plein jour,En agglomération,Hors intersection,Normale,Autre collision,,,,,,,,,,,1,2,1,1.0,6.0
201700043760,0017-01-20 13:50:00,17,1,20,13,50,940,4,"1, PARIS (R DE)",,,Plein jour,En agglomération,Hors intersection,Normale,Autre collision,,,,,,,,,,,1,2,1,1.0,6.0
201700043761,0017-01-21 13:20:00,17,1,21,13,20,940,44,"14, MARIUS DANTZ (AV)",,,Plein jour,En agglomération,Intersection en T,Normale,Autre collision,,,,,,,,,,,1,2,3,1.0,6.0
201700043762,0017-01-24 03:45:00,17,1,24,3,45,940,75,TASSIGNYGRANGE,48.7344,2.52044,Nuit sans éclairage public,Hors agglomération,Intersection en T,Brouillard / fumée,Deux véhicules - arrière,,,,,,,,,,,3,1,3,5.0,2.0
201700043763,0017-01-24 17:25:00,17,1,24,17,25,940,4,LECLERC/BREVANNES,48.7494,2.5084,Plein jour,En agglomération,Intersection en X,Temps couvert,Deux véhicules - côté,,,,,,,,,,,1,2,2,8.0,3.0
201700043764,0017-01-26 08:20:00,17,1,26,8,20,940,44,DESCARTES (AV),,,Plein jour,Hors agglomération,Hors intersection,Temps couvert,Trois véhicules et plus - collisions multiples,,,,,,,,,,,1,1,1,8.0,5.0
201700043765,0017-03-13 08:20:00,17,3,13,8,20,940,44,"81, ALBERT GARRY (R)",,,Plein jour,En agglomération,Hors intersection,Normale,Sans collision,,,,,,,,,,,1,2,1,1.0,7.0
201700043766,0017-03-15 09:50:00,17,3,15,9,50,940,44,VERDUN (AV DE),,,Plein jour,En agglomération,Place,Normale,Autre collision,,,,,,,,,,,1,2,7,1.0,6.0
201700043767,0017-02-01 13:50:00,17,2,1,13,50,940,4,LECLERC/DE GAULLE,48.7551,2.50528,Plein jour,En agglomération,Intersection en X,Normale,Deux véhicules - côté,,,,,,,,,,,1,2,2,1.0,3.0
201700043768,0017-02-03 19:15:00,17,2,3,19,15,940,71,"07, PARIS (R DE)",,,Nuit avec éclairage allumé,En agglomération,Hors intersection,Pluie légère,Autre collision,,,,,,,,,,,5,2,1,2.0,6.0
201700043769,0017-02-03 22:55:00,17,2,3,22,55,940,44,"20 b, DESCARTES (AV)",,,Nuit avec éclairage allumé,En agglomération,Hors intersection,Temps couvert,Deux véhicules - arrière,,,,,,,,,,,5,2,1,8.0,2.0
201700043770,0017-02-04 10:50:00,17,2,4,10,50,940,71,"12, CITE VERTE (R DE LA)",,,Plein jour,En agglomération,Hors intersection,Pluie légère,Autre collision,,,,,,,,,,,1,2,1,2.0,6.0
201700043771,0017-02-11 00:15:00,17,2,11,0,15,940,75,TASSIGNY/DAGORNO,48.7275,2.53101,Nuit avec éclairage allumé,En agglomération,Intersection en X,Normale,Autre collision,,,,,,,,,,,5,2,2,1.0,6.0
201700043772,0017-02-14 09:40:00,17,2,14,9,40,940,48,UZELLES (AV DES),,,Plein jour,En agglomération,Hors intersection,Pluie légère,Deux véhicules - arrière,,,,,,,,,,,1,2,1,2.0,2.0
201700043773,0017-02-17 22:08:00,17,2,17,22,8,940,75,TASSIGNY/DAGORNO,48.7275,2.53101,Nuit avec éclairage allumé,Hors agglomération,Intersection en T,Brouillard / fumée,Autre collision,,,,,,,,,,,5,1,3,5.0,6.0
201700043774,0017-02-18 09:00:00,17,2,18,9,0,940,47,"31, BRIE (R DE)",,,Crépuscule ou aube,En agglomération,Hors intersection,Brouillard / fumée,Deux véhicules - arrière,,,,,,,,,,,2,2,1,5.0,2.0
201700043775,0017-02-23 18:00:00,17,2,23,18,0,940,44,"8, AUVERGNE (R D)",,,Nuit avec éclairage allumé,Hors agglomération,Hors intersection,Normale,Autre collision,,,,,,,,,,,5,1,1,1.0,6.0
201700043776,0017-02-24 16:35:00,17,2,24,16,35,940,44,PASTEUR (R),,,Plein jour,En agglomération,Intersection en T,Normale,Deux véhicules - arrière,,,,,,,,,,,1,2,3,1.0,2.0
201700043777,0017-02-25 12:05:00,17,2,25,12,5,940,75,TASSIGNY/CAVAILLES,48.7313,2.52392,Plein jour,En agglomération,Intersection en T,Normale,Deux véhicules - côté,,,,,,,,,,,1,2,3,1.0,3.0
201700043778,0017-03-21 08:55:00,17,3,21,8,55,940,44,"24, GABRIEL PERI (AV)",,,Plein jour,En agglomération,Hors intersection,Normale,Deux véhicules - arrière,,,,,,,,,,,1,2,1,1.0,2.0
201700043779,0017-04-18 13:55:00,17,4,18,13,55,940,75,TASSIGNY/CAVAILLES,48.7313,2.52392,Plein jour,En agglomération,Intersection en T,Normale,Deux véhicules - arrière,,,,,,,,,,,1,2,3,1.0,2.0
201700043780,0017-03-01 11:30:00,17,3,1,11,30,940,75,"43, LIEUTENANT DAGORNO (",,,Plein jour,En agglomération,Hors intersection,Pluie légère,Autre collision,,,,,,,,,,,1,2,1,2.0,6.0
201700043781,0017-03-06 10:50:00,17,3,6,10,50,940,4,DE GAULLE-PARKINB CC,,,Plein jour,En agglomération,Hors intersection,Pluie forte,Deux véhicules - côté,,,,,,,,,,,1,2,1,3.0,3.0
201700043782,0017-03-12 17:45:00,17,3,12,17,45,940,44,"34, LAVOISIER (R)",,,Plein jour,En agglomération,Hors intersection,Normale,Deux véhicules - arrière,,,,,,,,,,,1,2,1,1.0,2.0
201700043783,0017-03-17 23:04:00,17,3,17,23,4,940,44,AV DU GENERAL LECLERC,48.7459,2.51084,Nuit avec éclairage non allumé,En agglomération,Hors intersection,Normale,Deux véhicules - arrière,,,,,,,,,,,4,2,1,1.0,2.0
201700043784,0017-03-19 11:04:00,17,3,19,11,4,940,44,"16, ROGER SALENGRO (R)",,,Plein jour,En agglomération,Hors intersection,Normale,Autre collision,,,,,,,,,,,1,2,1,1.0,6.0
201700043785,0017-03-21 07:56:00,17,3,21,7,56,940,75,TASSIGNY/DAGORNO,48.7275,2.53101,Plein jour,Hors agglomération,Intersection en T,Normale,Deux véhicules - frontale,,,,,,,,,,,1,1,3,1.0,1.0
201700043786,0017-01-21 11:30:00,17,1,21,11,30,940,4,AV DU GENERAL LECLERC,48.7564,2.50464,Plein jour,En agglomération,Hors intersection,Normale,Autre collision,,,,,,,,,,,1,2,1,1.0,6.0
201700043787,0017-03-22 12:10:00,17,3,22,12,10,940,47,"16, VERDUN (R DE)",,,Plein jour,En agglomération,Hors intersection,Normale,Autre collision,,,,,,,,,,,1,2,1,1.0,6.0
201700043788,0017-03-22 15:40:00,17,3,22,15,40,940,71,"9TER, MAURICE BERTEAUX (",,,Plein jour,En agglomération,Hors intersection,Normale,Deux véhicules - côté,,,,,,,,,,,1,2,1,1.0,3.0
201700043789,0017-03-23 06:30:00,17,3,23,6,30,940,75,"33, GRANGE (RTE DE LA)",,,Plein jour,En agglomération,Hors intersection,Normale,Deux véhicules - côté,,,,,,,,,,,1,2,1,1.0,3.0
201700043790,0017-03-27 06:40:00,17,3,27,6,40,940,44,"13, GABRIEL PERI (AV)",,,Crépuscule ou aube,En agglomération,Hors intersection,Normale,Deux véhicules - arrière,,,,,,,,,,,2,2,1,1.0,2.0