accident_id,datetime,annee,mois,jour,heure,minute,departement,commune_insee,adresse,latitude,longitude,luminosite,agglomeration,intersection,meteo,collision,nb_vehicules,nb_usagers,nb_indemnes,nb_tues,nb_blesses_hosp,nb_blesses_legers,age_cond_1,age_cond_2,veh_type_cond_1,veh_type_cond_2,lum_code,agg_code,int_code,atm_code,col_code
201700043917,0017-09-24 00:10:00,17,9,24,0,10,940,17,"12, ALBERT THOMAS - PONT",,,Nuit avec éclairage allumé,En agglomération,Intersection en X,Normale,Deux véhicules - côté,,,,,,,,,,,5,2,2,1.0,3.0
201700043918,0017-09-24 17:05:00,17,9,24,17,5,940,17,BEAUREGARD (AV DE),,,Plein jour,En agglomération,Hors intersection,Normale,Deux véhicules - côté,,,,,,,,,,,1,2,1,1.0,3.0
201700043919,0017-10-05 18:35:00,17,10,5,18,35,940,17,017PUBLIQUE (AV DE LA),,,Plein jour,En agglomération,Autre intersection,Neige / grêle,Deux véhicules - arrière,,,,,,,,,,,1,2,9,4.0,2.0
201700043920,0017-10-09 09:20:00,17,10,9,9,20,940,17,1GUY MOCQUET (R),,,Plein jour,En agglomération,Giratoire,,Autre collision,,,,,,,,,,,1,2,6,,6.0
201700043921,0017-10-06 13:51:00,17,10,6,13,51,940,17,3GALLIENI (QU),,,Plein jour,En agglomération,Intersection en X,Pluie forte,Deux véhicules - frontale,,,,,,,,,,,1,2,2,3.0,1.0
201700043922,0017-10-13 08:15:00,17,10,13,8,15,940,17,"326, DANIELLE CASANOVA (",,,Plein jour,En agglomération,Hors intersection,Normale,Deux véhicules - frontale,,,,,,,,,,,1,2,1,1.0,1.0
201700043923,0017-10-27 17:30:00,17,10,27,17,30,940,17,"351, SALVADOR ALLENDE (A",,,Plein jour,En agglomération,Intersection en X,Vent fort / tempête,Autre collision,,,,,,,,,,,1,2,2,6.0,6.0
201700043924,0017-10-28 11:50:00,17,10,28,11,50,940,17,3PLATANES (R DES),,,Plein jour,En agglomération,Intersection en X,Pluie légère,Deux véhicules - frontale,,,,,,,,,,,1,2,2,2.0,1.0
201700043925,0017-10-29 17:00:00,17,10,29,17,0,940,17,"158, BOILEAU (AV)",,,Plein jour,En agglomération,Intersection en T,Normale,Autre collision,,,,,,,,,,,1,2,3,1.0,6.0
201700043926,0017-11-07 20:00:00,17,11,7,20,0,940,17,"75, JEAN JAURES (R)",,,Nuit avec éclairage allumé,En agglomération,Intersection en T,Normale,Trois véhicules et plus - en chaîne,,,,,,,,,,,5,2,3,1.0,4.0
201700043927,0017-11-08 08:40:00,17,11,8,8,40,940,17,ROGER SALENGRO (AV),,,Plein jour,En agglomération,Intersection en X,Normale,Deux véhicules - côté,,,,,,,,,,,1,2,2,1.0,3.0
201700043928,0017-11-09 13:25:00,17,11,9,13,25,940,17,FRANCOIS MITTERRAND (Av),48.816,2.51287,Plein jour,En agglomération,Hors intersection,Normale,Autre collision,,,,,,,,,,,1,2,1,1.0,6.0
201700043929,0017-11-09 15:00:00,17,11,9,15,0,940,17,"70, REPUBLIQUE (AV DE LA",,,Plein jour,En agglomération,Hors intersection,Normale,Autre collision,,,,,,,,,,,1,2,1,1.0,6.0
201700043930,0017-11-10 19:20:00,17,11,10,19,20,940,17,"66, JEAN JAURES (R)",,,Nuit avec éclairage allumé,En agglomération,Hors intersection,Normale,Autre collision,,,,,,,,,,,5,2,1,1.0,6.0
201700043931,0017-11-12 14:10:00,17,11,12,14,10,940,17,"118, MARX DORMOY (AV)",,,Plein jour,En agglomération,Intersection en X,Pluie forte,Deux véhicules - arrière,,,,,,,,,,,1,2,2,3.0,2.0
201700043932,0017-11-14 07:10:00,17,11,14,7,10,940,17,"71, JEAN JAURES (R)",,,Crépuscule ou aube,En agglomération,Hors intersection,Normale,Autre collision,,,,,,,,,,,2,2,1,1.0,6.0
201700043933,0017-11-18 10:20:00,17,11,18,10,20,940,17,"1290, MAURICE THOREZ (AV",,,Plein jour,En agglomération,Hors intersection,Normale,Autre collision,,,,,,,,,,,1,2,1,1.0,6.0
201700043934,0017-11-18 18:00:00,17,11,18,18,0,940,17,FRANCOIS MITTERRAND(Av),48.81602,2.51254,Plein jour,En agglomération,Giratoire,Normale,Autre collision,,,,,,,,,,,1,2,6,1.0,6.0
201700043935,0017-11-22 06:45:00,17,11,22,6,45,940,17,"6, DIX NEUF MARS 1962 (R",,,Nuit avec éclairage allumé,En agglomération,Hors intersection,Normale,Autre collision,,,,,,,,,,,5,2,1,1.0,6.0
201700043936,0017-11-24 09:00:00,17,11,24,9,0,940,17,"91, ROGER SALENGRO (AV)",,,Plein jour,En agglomération,Hors intersection,Pluie légère,Autre collision,,,,,,,,,,,1,2,1,2.0,6.0
201700043937,0017-11-25 20:30:00,17,11,25,20,30,940,17,"16, SEVIGNE (R DE)",,,Nuit avec éclairage allumé,En agglomération,Hors intersection,Pluie légère,Deux véhicules - côté,,,,,,,,,,,5,2,1,2.0,3.0
201700043938,0017-11-26 03:45:00,17,11,26,3,45,940,17,"54, JEAN JAURES (R)",,,Nuit sans éclairage public,En agglomération,Hors intersection,Normale,Deux véhicules - côté,,,,,,,,,,,3,2,1,1.0,3.0
201700043939,0017-12-02 07:40:00,17,12,2,7,40,940,17,"104, REPUBLIQUE (AV DE L",,,Plein jour,En agglomération,Hors intersection,Autre,Autre collision,,,,,,,,,,,1,2,1,9.0,6.0
201700043940,0017-12-02 17:15:00,17,12,2,17,15,940,17,"14, PAUL VENZAC (AV)",,,Nuit avec éclairage allumé,En agglomération,Intersection en X,Normale,Deux véhicules - côté,,,,,,,,,,,5,2,2,1.0,3.0
201700043941,0017-12-03 17:25:00,17,12,3,17,25,940,17,"11, BENOIT FRACHON (R)",,,Nuit avec éclairage allumé,En agglomération,Intersection en T,Pluie légère,Deux véhicules - côté,,,,,,,,,,,5,2,3,2.0,3.0
201700043942,0017-11-07 09:05:00,17,11,7,9,5,940,17,"61, ALEXANDRE FOURNY (R)",,,Plein jour,En agglomération,Intersection en X,Normale,Deux véhicules - côté,,,,,,,,,,,1,2,2,1.0,3.0
201700043943,0017-12-11 17:45:00,17,12,11,17,45,940,17,"120, STALINGRAD (BD DE)",,,Nuit avec éclairage allumé,En agglomération,Intersection à plus de 4 branches,Pluie légère,Autre collision,,,,,,,,,,,5,2,5,2.0,6.0
201700043944,0017-12-10 01:20:00,17,12,10,1,20,940,17,"161, STALINGRAD (BD DE)",,,Nuit avec éclairage allumé,En agglomération,Hors intersection,Pluie légère,Sans collision,,,,,,,,,,,5,2,1,2.0,7.0
201700043945,0017-12-13 07:20:00,17,12,13,7,20,940,17,"150, ROGER SALENGRO (AV)",48.81,2.5,Crépuscule ou aube,En agglomération,Hors intersection,Pluie forte,Trois véhicules et plus - collisions multiples,,,,,,,,,,,2,2,1,3.0,5.0
201700043946,0017-12-15 22:45:00,17,12,15,22,45,940,17,"1, VETERANS (R DES)",,,Nuit avec éclairage allumé,En agglomération,Intersection en T,Normale,Deux véhicules - côté,,,,,,,,,,,5,2,3,1.0,3.0
201700043947,0017-12-20 10:00:00,17,12,20,10,0,940,17,"120, STALINGRAD (BD DE)",,,Plein jour,En agglomération,Intersection à plus de 4 branches,Temps couvert,Autre collision,,,,,,,,,,,1,2,5,8.0,6.0
201700043948,0017-12-22 16:10:00,17,12,22,16,10,940,17,"06, GERMINAL (R)",,,Plein jour,En agglomération,Hors intersection,Pluie légère,Autre collision,,,,,,,,,,,1,2,1,2.0,6.0
201700043949,0017-12-14 18:10:00,17,12,14,18,10,940,17,"28, JEAN JAURES (R)",,,Nuit avec éclairage allumé,En agglomération,Hors intersection,Pluie légère,Autre collision,,,,,,,,,,,5,2,1,2.0,6.0
201700043950,0017-12-30 15:00:00,17,12,30,15,0,940,17,"11, MARX DORMOY (AV)",,,Plein jour,En agglomération,Intersection en Y,Pluie légère,Deux véhicules - arrière,,,,,,,,,,,1,2,4,2.0,2.0
201700043951,0017-06-08 19:05:00,17,6,8,19,5,940,69,"56, MARECHAL DE LATTRE D",48.8226,2.41992,Plein jour,En agglomération,Hors intersection,Normale,Autre collision,,,,,,,,,,,1,2,1,1.0,6.0
201700043952,0017-06-11 03:05:00,17,6,11,3,5,940,69,R DUI PONT/CARRIERES,48.81782,2.41961,Nuit avec éclairage allumé,En agglomération,Intersection en X,Normale,Deux véhicules - côté,,,,,,,,,,,5,2,2,1.0,3.0
201700043953,0017-06-12 08:35:00,17,6,12,8,35,940,18,"13, GRAVELLE (AV DE)",48.82875,2.40438,Plein jour,En agglomération,Hors intersection,Normale,Deux véhicules - côté,,,,,,,,,,,1,2,1,1.0,3.0
201700043954,0017-06-12 19:03:00,17,6,12,19,3,940,18,ST M. VALAIS/KENNEDY,48.81492,2.46313,Plein jour,En agglomération,Intersection en X,Normale,Deux véhicules - côté,,,,,,,,,,,1,2,2,1.0,3.0
201700043955,0017-06-21 16:25:00,17,6,21,16,25,940,18,"17, ST MAURICE DU VALAIS",48.81557,2.46177,Plein jour,En agglomération,Hors intersection,Temps éblouissant,Deux véhicules - côté,,,,,,,,,,,1,2,1,7.0,3.0
201700043956,0017-06-26 18:00:00,17,6,26,18,0,940,18,"122, GRAVELLE (AV DE)",48.82408,2.42667,Plein jour,En agglomération,Hors intersection,Normale,Deux véhicules - côté,,,,,,,,,,,1,2,1,1.0,3.0
201700043957,0017-06-28 09:30:00,17,6,28,9,30,940,18,"41, GRAVELLE (AV DE)",48.82547,2.40919,Plein jour,En agglomération,Hors intersection,Normale,Deux véhicules - arrière,,,,,,,,,,,1,2,1,1.0,2.0
201700043958,0017-06-29 18:35:00,17,6,29,18,35,940,18,NOCARD/CONFLANS,48.82316,2.40873,Plein jour,En agglomération,Intersection en T,Normale,Trois véhicules et plus - en chaîne,,,,,,,,,,,1,2,3,1.0,4.0
201700043959,0017-06-26 19:30:00,17,6,26,19,30,940,18,"24, ARCHEVECHE (R DE L)",48.82337,2.40445,Plein jour,En agglomération,Hors intersection,Normale,Autre collision,,,,,,,,,,,1,2,1,1.0,6.0
201700043960,0017-06-30 10:06:00,17,6,30,10,6,940,18,GRAVELLE / OSNE,48.82412,2.4229,Plein jour,En agglomération,Intersection en X,Pluie légère,Deux véhicules - côté,,,,,,,,,,,1,2,2,2.0,3.0
201700043961,0017-07-03 04:45:00,17,7,3,4,45,940,18,PARIS/LIBERTE,48.82589,2.40691,Crépuscule ou aube,En agglomération,Intersection en X,Normale,Deux véhicules - côté,,,,,,,,,,,2,2,2,1.0,3.0
201700043962,0017-07-03 16:34:00,17,7,3,16,34,940,18,MARECHAL LECLERC (R DU),48.81794,2.42661,Plein jour,En agglomération,Hors intersection,Normale,Autre collision,,,,,,,,,,,1,2,1,1.0,6.0
201700043963,0017-07-13 19:00:00,17,7,13,19,0,940,18,REPUBLIQUE/ GUERIN,48.82243,2.41678,Plein jour,En agglomération,Intersection en T,Normale,Autre collision,,,,,,,,,,,1,2,3,1.0,6.0
201700043964,0017-07-26 14:30:00,17,7,26,14,30,940,18,"07, NOUVEAU BERCY (R DU)",48.82377,2.39714,Plein jour,En agglomération,Hors intersection,Temps couvert,Deux véhicules - côté,,,,,,,,,,,1,2,1,8.0,3.0
201700043965,0017-08-06 12:20:00,17,8,6,12,20,940,18,"66, PARIS (R DE)",,,Plein jour,En agglomération,Hors intersection,Normale,Autre collision,,,,,,,,,,,1,2,1,1.0,6.0
201700043966,0017-08-21 17:40:00,17,8,21,17,40,940,18,VAL D OSNE (R DU),,,Plein jour,En agglomération,Intersection en X,Normale,Deux véhicules - côté,,,,,,,,,,,1,2,2,1.0,3.0
201700043967,0017-08-22 23:00:00,17,8,22,23,0,940,18,"76, CARRIERES (QU DES)",,,Nuit avec éclairage allumé,En agglomération,Hors intersection,Normale,Deux véhicules - frontale,,,,,,,,,,,5,2,1,1.0,1.0
201700043968,0017-09-13 17:30:00,17,9,13,17,30,940,18,"53, GRAVELLE (AV DE)",,,Plein jour,En agglomération,Hors intersection,Pluie légère,Autre collision,,,,,,,,,,,1,2,1,2.0,6.0
201700043969,0017-09-13 19:10:00,17,9,13,19,10,940,18,GABRIEL PERI (R),,,Plein jour,En agglomération,Intersection en X,Pluie forte,Sans collision,,,,,,,,,,,1,2,2,3.0,7.0
201700043970,0017-09-28 19:45:00,17,9,28,19,45,940,18,"57 bis, MARECHAL LECLERC",,,Nuit avec éclairage allumé,En agglomération,Hors intersection,Normale,Autre collision,,,,,,,,,,,5,2,1,1.0,6.0
201700043971,0017-10-13 14:25:00,17,10,13,14,25,940,18,"197, PARIS (R DE)",48.82894,2.40206,Plein jour,En agglomération,Hors intersection,Normale,Deux véhicules - côté,,,,,,,,,,,1,2,1,1.0,3.0
201700043972,0017-10-17 12:00:00,17,10,17,12,0,940,69,"6, JOHN FITZGERALD KENNE",48.81491,2.46265,Plein jour,En agglomération,Hors intersection,Normale,Deux véhicules - côté,,,,,,,,,,,1,2,1,1.0,3.0
201700043973,0017-10-19 18:40:00,17,10,19,18,40,940,18,"195, PARIS (R DE)",48.82876,2.40209,Crépuscule ou aube,En agglomération,Hors intersection,Normale,Autre collision,,,,,,,,,,,2,2,1,1.0,6.0
201700043974,0017-10-27 17:50:00,17,10,27,17,50,940,18,"62, CARRIERES (QU DES)",48.81967,2.40533,Plein jour,En agglomération,Hors intersection,Normale,Deux véhicules - côté,,,,,,,,,,,1,2,1,1.0,3.0
201700043975,0017-10-29 05:30:00,17,10,29,5,30,940,18,"12, ARCADE (R DE L)",,,Nuit avec éclairage allumé,En agglomération,Hors intersection,Temps couvert,Autre collision,,,,,,,,,,,5,2,1,8.0,6.0
201700043976,0017-11-08 18:08:00,17,11,8,18,8,940,18,CONFLANS (R DE),,,Crépuscule ou aube,En agglomération,Intersection en X,Normale,Deux véhicules - frontale,,,,,,,,,,,2,2,2,1.0,1.0
201700043977,0017-11-16 13:45:00,17,11,16,13,45,940,18,"12, VICTOR HUGO (R)",,,Plein jour,En agglomération,Intersection en T,Temps couvert,Deux véhicules - côté,,,,,,,,,,,1,2,3,8.0,3.0
201700043978,0017-11-20 08:00:00,17,11,20,8,0,940,18,CARRIERES (QU DES),,,Plein jour,En agglomération,Intersection en T,Temps couvert,Deux véhicules - côté,,,,,,,,,,,1,2,3,8.0,3.0
201700043979,0017-11-24 18:40:00,17,11,24,18,40,940,18,"22, GRAVELLE (AV DE)",,,Nuit avec éclairage allumé,En agglomération,Hors intersection,Normale,Deux véhicules - côté,,,,,,,,,,,5,2,1,1.0,3.0
201700043980,0017-11-27 21:50:00,17,11,27,21,50,940,18,"0.575, GRAVELLE (AV DE)",,,Nuit avec éclairage allumé,En agglomération,Hors intersection,Pluie légère,Sans collision,,,,,,,,,,,5,2,1,2.0,7.0
201700043981,0017-11-28 03:00:00,17,11,28,3,0,940,18,"75, MARECHAL LECLERC (R",,,Nuit avec éclairage allumé,En agglomération,Hors intersection,Pluie forte,Deux véhicules - frontale,,,,,,,,,,,5,2,1,3.0,1.0
201700043982,0017-12-05 09:00:00,17,12,5,9,0,940,18,"84, CARRIERES (QU DES)",,,Plein jour,En agglomération,Hors intersection,Normale,Deux véhicules - côté,,,,,,,,,,,1,2,1,1.0,3.0
201700043983,0017-11-20 09:10:00,17,11,20,9,10,940,18,"79, PARIS (R DE)",,,Plein jour,En agglomération,Hors intersection,Temps couvert,Autre collision,,,,,,,,,,,1,2,1,8.0,6.0
201700043984,0017-12-17 13:50:00,17,12,17,13,50,940,69,MARECHAL DE LATTRE DE TA,,,Plein jour,En agglomération,Intersection en X,Temps couvert,Deux véhicules - côté,,,,,,,,,,,1,2,2,8.0,3.0
201700043985,0017-12-18 20:05:00,17,12,18,20,5,940,18,MAIRIE (R DE LA),48.81811,2.4153,Nuit avec éclairage allumé,En agglomération,Intersection en T,Normale,Deux véhicules - arrière,,,,,,,,,,,5,2,3,1.0,2.0
201700043986,0017-12-25 20:08:00,17,12,25,20,8,940,69,MARECHAL LECLERC (R DU),48.81651,2.45728,Nuit avec éclairage allumé,En agglomération,Hors intersection,Normale,Deux véhicules - côté,,,,,,,,,,,5,2,1,1.0,3.0
201700043987,0017-12-27 16:10:00,17,12,27,16,10,940,18,"83, HERAULT (R DE L)",48.82364,2.39828,Plein jour,En agglomération,Hors intersection,Pluie légère,Autre collision,,,,,,,,,,,1,2,1,2.0,6.0
201700043988,0017-01-05 09:25:00,17,1,5,9,25,940,18,BERCY (QU DE),,,Plein jour,En agglomération,Hors intersection,Normale,Deux véhicules - frontale,,,,,,,,,,,1,2,1,1.0,1.0
201700043989,0017-04-07 15:10:00,17,4,7,15,10,940,69,"109, GRAVELLE (AV DE)",,,Plein jour,En agglomération,Hors intersection,Normale,Deux véhicules - côté,,,,,,,,,,,1,2,1,1.0,3.0
201700043990,0017-01-12 13:25:00,17,1,12,13,25,940,69,REPUBLIQUE (QU DE LA),,,Plein jour,En agglomération,Intersection en X,Normale,Sans collision,,,,,,,,,,,1,2,2,1.0,7.0
201700043991,0017-02-13 19:05:00,17,2,13,19,5,940,18,"155, PARIS (R DE)",,,Nuit avec éclairage allumé,En agglomération,Hors intersection,Normale,Deux véhicules - côté,,,,,,,,,,,5,2,1,1.0,3.0
201700043992,0017-02-19 08:25:00,17,2,19,8,25,940,18,"1, ARCADE (R DE L)",,,Plein jour,En agglomération,Hors intersection,Normale,Autre collision,,,,,,,,,,,1,2,1,1.0,6.0
201700043993,0017-03-18 05:40:00,17,3,18,5,40,940,69,"49, MARECHAL LECLERC (R",,,Nuit avec éclairage allumé,En agglomération,Hors intersection,Normale,Sans collision,,,,,,,,,,,5,2,1,1.0,7.0
201700043994,0017-03-25 23:15:00,17,3,25,23,15,940,18,"137, PARIS (R DE)",,,Nuit avec éclairage allumé,En agglomération,Intersection en X,Normale,Sans collision,,,,,,,,,,,5,2,2,1.0,7.0
201700043995,0017-03-28 16:30:00,17,3,28,16,30,940,69,GRAVELLE (AV DE),,,Plein jour,En agglomération,Intersection en X,Normale,Deux véhicules - côté,,,,,,,,,,,1,2,2,1.0,3.0
201700043996,0017-04-25 18:20:00,17,4,25,18,20,940,18,X (R DU),,,Plein jour,En agglomération,Hors intersection,Normale,Autre collision,,,,,,,,,,,1,2,1,1.0,6.0
201700043997,0017-04-27 07:45:00,17,4,27,7,45,940,69,SAINT MAURICE DU VALAIS,,,Plein jour,En agglomération,Intersection en X,Normale,Deux véhicules - côté,,,,,,,,,,,1,2,2,1.0,3.0
201700043998,0017-04-28 22:15:00,17,4,28,22,15,940,18,", GRAVELLE (AV DE)",,,Nuit avec éclairage allumé,En agglomération,Intersection en T,Normale,Deux véhicules - arrière,,,,,,,,,,,5,2,3,1.0,2.0
201700043999,0017-05-07 02:10:00,17,5,7,2,10,940,69,CANADIENS (AV DES),,,Nuit avec éclairage allumé,En agglomération,Intersection à plus de 4 branches,Pluie légère,Deux véhicules - côté,,,,,,,,,,,5,2,5,2.0,3.0
201700044000,0017-05-12 17:30:00,17,5,12,17,30,940,18,"18, CARRIERES (QU DES)",,,Plein jour,En agglomération,Hors intersection,Pluie forte,Autre collision,,,,,,,,,,,1,2,1,3.0,6.0
201700044001,0017-05-23 13:40:00,17,5,23,13,40,940,69,"57, VAL D OSNE (R DU)",,,Plein jour,En agglomération,Hors intersection,Normale,Autre collision,,,,,,,,,,,1,2,1,1.0,6.0
201700044002,0017-06-01 16:20:00,17,6,1,16,20,940,69,NOCARD/VAL D OSNE,48.82148,2.4234,Plein jour,En agglomération,Intersection en T,Normale,Deux véhicules - côté,,,,,,,,,,,1,2,3,1.0,3.0
201700044003,0017-06-01 19:20:00,17,6,1,19,20,940,18,58 AV  DE GRAVELLE,48.82476,2.41478,Plein jour,En agglomération,Intersection en T,Temps éblouissant,Trois véhicules et plus - en chaîne,,,,,,,,,,,1,2,3,7.0,4.0
201700044004,0017-06-05 18:57:00,17,6,5,18,57,940,69,"137, GRAVELLE (AV DE)",48.82316,2.43062,Plein jour,En agglomération,Hors intersection,Normale,Sans collision,,,,,,,,,,,1,2,1,1.0,7.0
201700044005,0017-04-25 18:37:00,17,4,25,18,37,940,18,"144, PARIS (R DE)",,,Plein jour,En agglomération,Hors intersection,Normale,Deux véhicules - frontale,,,,,,,,,,,1,2,1,1.0,1.0
201700044006,0017-01-11 16:30:00,17,1,11,16,30,940,55,"0, WLADIMIR D ORMESSON (",,,Plein jour,En agglomération,Intersection en T,Pluie légère,Deux véhicules - côté,,,,,,,,,,,1,2,3,2.0,3.0
201700044007,0017-01-13 16:30:00,17,1,13,16,30,940,79,Rue du General Gallieni,,,Nuit sans éclairage public,En agglomération,Intersection en T,Pluie forte,Autre collision,,,,,,,,,,,3,2,3,3.0,6.0
201700044008,0017-01-13 18:35:00,17,1,13,18,35,940,55,"0, PINCE VENT (AV DE)",,,Nuit sans éclairage public,En agglomération,Hors intersection,Pluie légère,Autre collision,,,,,,,,,,,3,2,1,2.0,6.0
201700044009,0017-01-14 09:25:00,17,1,14,9,25,940,55,OLIVIER D ORMESSON (AV),,,Plein jour,En agglomération,Intersection en T,Autre,Deux véhicules - côté,,,,,,,,,,,1,2,3,9.0,3.0
201700044010,0017-01-18 20:00:00,17,1,18,20,0,940,79,MOUSQUETAIRES (AV DES),,,Nuit avec éclairage allumé,En agglomération,Intersection en X,Normale,Deux véhicules - côté,,,,,,,,,,,5,2,2,1.0,3.0
201700044011,0017-01-20 21:30:00,17,1,20,21,30,940,60,NOISEAU (RTE DE),,,Nuit avec éclairage allumé,En agglomération,Hors intersection,Normale,Deux véhicules - côté,,,,,,,,,,,5,2,1,1.0,3.0
201700044012,0017-01-21 04:00:00,17,1,21,4,0,940,79,"1 bis, SAULES (AV DES)",,,Nuit avec éclairage allumé,En agglomération,Hors intersection,Normale,Autre collision,,,,,,,,,,,5,2,1,1.0,6.0
201700044013,0017-01-21 16:30:00,17,1,21,16,30,940,60,"0, NOISEAU (RTE DE)",,,Plein jour,Hors agglomération,Hors intersection,Normale,Deux véhicules - frontale,,,,,,,,,,,1,1,1,1.0,1.0
201700044014,0017-01-22 15:10:00,17,1,22,15,10,940,55,"58bis, SUCY A CHENNEVIER",,,Plein jour,En agglomération,Hors intersection,Normale,Autre collision,,,,,,,,,,,1,2,1,1.0,6.0
201700044015,0017-02-01 11:35:00,17,2,1,11,35,940,79,MAURICE BERTEAUX (R),,,Plein jour,En agglomération,Intersection en X,Pluie légère,Autre collision,,,,,,,,,,,1,2,2,2.0,6.0
201700044016,0017-02-06 18:40:00,17,2,6,18,40,940,19,"0, RABELAIS (R)",,,Nuit avec éclairage allumé,En agglomération,Giratoire,Normale,Autre collision,,,,,,,,,,,5,2,6,1.0,6.0
201700044017,0017-02-09 15:10:00,17,2,9,15,10,940,60,"0, VILLIERS (RTE DE)",,,Plein jour,En agglomération,Giratoire,Normale,Deux véhicules - arrière,,,,,,,,,,,1,2,6,1.0,2.0
201700044018,0017-02-09 18:10:00,17,2,9,18,10,940,60,"13, COMBAULT (RTE DE)",,,Nuit avec éclairage allumé,En agglomération,Hors intersection,Normale,Autre collision,,,,,,,,,,,5,2,1,1.0,6.0
201700044019,0017-02-15 07:50:00,17,2,15,7,50,940,79,MARTHE DEBAIZE (R),,,Plein jour,En agglomération,Hors intersection,Normale,Autre collision,,,,,,,,,,,1,2,1,1.0,6.0
201700044020,0017-02-21 17:05:00,17,2,21,17,5,940,19,"0, PLESSIS (RTE DU)",,,Plein jour,En agglomération,Giratoire,Normale,Trois véhicules et plus - en chaîne,,,,,,,,,,,1,2,6,1.0,4.0
201700044021,0017-02-25 11:25:00,17,2,25,11,25,940,79,GENERAL DE GAULLE (R DU),,,Plein jour,En agglomération,Hors intersection,Normale,Deux véhicules - arrière,,,,,,,,,,,1,2,1,1.0,2.0
201700044022,0017-02-28 12:30:00,17,2,28,12,30,940,60,"55, GENERAL DE GAULLE (R",,,Plein jour,En agglomération,Hors intersection,Pluie légère,Deux véhicules - arrière,,,,,,,,,,,1,2,1,2.0,2.0
201700044023,0017-03-02 08:35:00,17,3,2,8,35,940,19,LIBERATION (RTE DE LA),,,Plein jour,En agglomération,Giratoire,Normale,Autre collision,,,,,,,,,,,1,2,6,1.0,6.0
201700044024,0017-03-02 15:00:00,17,3,2,15,0,940,79,CHENNEVIERES (R DE),,,Plein jour,En agglomération,Intersection en X,Normale,Autre collision,,,,,,,,,,,1,2,2,1.0,6.0
201700044025,0017-03-02 23:15:00,17,3,2,23,15,940,60,NOISEAU (RTE DE),,,Nuit avec éclairage allumé,En agglomération,Hors intersection,Normale,Autre collision,,,,,,,,,,,5,2,1,1.0,6.0
201700044026,0017-03-05 17:25:00,17,3,5,17,25,940,60,"0, BORDES (AV DES)",,,Plein jour,En agglomération,Intersection en X,Temps éblouissant,Autre collision,,,,,,,,,,,1,2,2,7.0,6.0
201700044027,0017-03-10 15:30:00,17,3,10,15,30,940,60,"0, JEAN JAURES (R)",,,Plein jour,En agglomération,Intersection en T,Normale,Deux véhicules - côté,,,,,,,,,,,1,2,3,1.0,3.0
201700044028,0017-03-11 07:30:00,17,3,11,7,30,940,79,"55, COMBAULT (RTE DE)",,,Plein jour,En agglomération,Intersection en X,Normale,Deux véhicules - côté,,,,,,,,,,,1,2,2,1.0,3.0
201700044029,0017-03-14 13:05:00,17,3,14,13,5,940,79,BD GEORGES MELIES,48.8357,2.53694,Plein jour,En agglomération,Hors intersection,Normale,Deux véhicules - frontale,,,,,,,,,,,1,2,1,1.0,1.0
201700044030,0017-03-17 07:15:00,17,3,17,7,15,940,79,JEAN MONNET (BD),48.8345,2.53832,Plein jour,En agglomération,Hors intersection,Normale,Autre collision,,,,,,,,,,,1,2,1,1.0,6.0
201700044031,0017-03-21 09:35:00,17,3,21,9,35,940,79,"139 bis, GENERAL DE GAUL",,,Plein jour,En agglomération,Hors intersection,Normale,Deux véhicules - arrière,,,,,,,,,,,1,2,1,1.0,2.0
201700044032,0017-03-21 15:30:00,17,3,21,15,30,940,60,VILLIERS (RTE DE),,,Plein jour,En agglomération,Hors intersection,Normale,Autre collision,,,,,,,,,,,1,2,1,1.0,6.0
201700044033,0017-03-22 12:40:00,17,3,22,12,40,940,60,LOUIS ARAGON (R),,,Plein jour,En agglomération,Intersection en X,Normale,Autre collision,,,,,,,,,,,1,2,2,1.0,6.0
201700044034,0017-03-23 12:45:00,17,3,23,12,45,940,60,NOISEAU (RTE DE),,,Plein jour,Hors agglomération,Intersection en T,Temps couvert,Deux véhicules - côté,,,,,,,,,,,1,1,3,8.0,3.0
201700044035,0017-03-25 12:30:00,17,3,25,12,30,940,59,HENRI BARBUSSE (AV),,,Plein jour,En agglomération,Intersection en X,Normale,Deux véhicules - côté,,,,,,,,,,,1,2,2,1.0,3.0
201700044036,0017-03-30 08:20:00,17,3,30,8,20,940,55,"58, OLIVIER D ORMESSON (",,,Crépuscule ou aube,En agglomération,Intersection en T,Temps éblouissant,Trois véhicules et plus - en chaîne,,,,,,,,,,,2,2,3,7.0,4.0
201700044037,0017-04-06 19:10:00,17,4,6,19,10,940,55,PINCE VENT (AV DE),,,Plein jour,En agglomération,Intersection en T,Normale,Deux véhicules - côté,,,,,,,,,,,1,2,3,1.0,3.0
201700044038,0017-04-11 13:15:00,17,4,11,13,15,940,55,"0, EMMANUEL D ORMESSON (",,,Plein jour,En agglomération,Giratoire,Normale,Autre collision,,,,,,,,,,,1,2,6,1.0,6.0
201700044039,0017-04-12 16:30:00,17,4,12,16,30,940,79,JEAN JAURES (R),,,Plein jour,En agglomération,Hors intersection,Normale,Deux véhicules - arrière,,,,,,,,,,,1,2,1,1.0,2.0
201700044040,0017-04-19 06:50:00,17,4,19,6,50,940,59,CINTRAT (AV),,,Plein jour,En agglomération,Intersection en X,Normale,Deux véhicules - côté,,,,,,,,,,,1,2,2,1.0,3.0
201700044041,0017-04-19 15:00:00,17,4,19,15,0,940,79,GASTON BERAUT (R),,,Plein jour,En agglomération,Giratoire,Normale,Deux véhicules - côté,,,,,,,,,,,1,2,6,1.0,3.0
201700044042,0017-04-19 07:45:00,17,4,19,7,45,940,59,EUROPE (AV DE L),,,Plein jour,En agglomération,Intersection en T,Normale,Sans collision,,,,,,,,,,,1,2,3,1.0,7.0