accident_id,datetime,annee,mois,jour,heure,minute,departement,commune_insee,adresse,latitude,longitude,luminosite,agglomeration,intersection,meteo,collision,nb_vehicules,nb_usagers,nb_indemnes,nb_tues,nb_blesses_hosp,nb_blesses_legers,age_cond_1,age_cond_2,veh_type_cond_1,veh_type_cond_2,lum_code,agg_code,int_code,atm_code,col_code
201700044043,0017-04-20 19:15:00,17,4,20,19,15,940,79,"21, GAUMONT (AV DE)",,,Plein jour,En agglomération,Giratoire,Normale,Autre collision,,,,,,,,,,,1,2,6,1.0,6.0
201700044044,0017-04-25 08:00:00,17,4,25,8,0,940,60,GENERAL DE GAULLE (R DU),,,Plein jour,En agglomération,Intersection en X,Pluie légère,Trois véhicules et plus - collisions multiples,,,,,,,,,,,1,2,2,2.0,5.0
201700044045,0017-04-27 17:35:00,17,4,27,17,35,940,19,"0, FUSILLES DE CHATEAUBR",,,Plein jour,En agglomération,Intersection en T,Normale,Deux véhicules - côté,,,,,,,,,,,1,2,3,1.0,3.0
201700044046,0017-04-28 20:25:00,17,4,28,20,25,940,55,PROVINS (RTE DE),,,Nuit avec éclairage allumé,En agglomération,Hors intersection,Normale,Deux véhicules - côté,,,,,,,,,,,5,2,1,1.0,3.0
201700044047,0017-05-02 08:50:00,17,5,2,8,50,940,79,LUCIE (AV),,,Plein jour,En agglomération,Intersection en X,Temps éblouissant,Deux véhicules - côté,,,,,,,,,,,1,2,2,7.0,3.0
201700044048,0017-05-02 07:30:00,17,5,2,7,30,940,59,"49, JEAN KIFFER (AV)",,,Plein jour,En agglomération,Giratoire,Normale,Autre collision,,,,,,,,,,,1,2,6,1.0,6.0
201700044049,0017-05-02 18:55:00,17,5,2,18,55,940,19,"12-14, MARECHAL LECLERC",,,Plein jour,En agglomération,Hors intersection,Normale,Trois véhicules et plus - en chaîne,,,,,,,,,,,1,2,1,1.0,4.0
201700044050,0017-05-05 07:15:00,17,5,5,7,15,940,55,"17-19, PROVINS (RTE DE)",,,Plein jour,En agglomération,Hors intersection,Normale,Deux véhicules - côté,,,,,,,,,,,1,2,1,1.0,3.0
201700044051,0017-05-10 19:45:00,17,5,10,19,45,940,53,"28, GRANDE RUE PIERRE ME",,,Plein jour,En agglomération,Hors intersection,Normale,Autre collision,,,,,,,,,,,1,2,1,1.0,6.0
201700044052,0017-05-13 11:15:00,17,5,13,11,15,940,55,"102, GENERAL DE GAULLE (",,,Plein jour,En agglomération,Hors intersection,Normale,Autre collision,,,,,,,,,,,1,2,1,1.0,6.0
201700044053,0017-05-13 22:55:00,17,5,13,22,55,940,79,"14, PIERRE SEMARD (PL)",,,Nuit avec éclairage allumé,En agglomération,Hors intersection,Normale,Autre collision,,,,,,,,,,,5,2,1,1.0,6.0
201700044054,0017-05-15 17:00:00,17,5,15,17,0,940,79,"111, ANDRE ROUY (R)",,,Plein jour,En agglomération,Intersection en T,Normale,Deux véhicules - côté,,,,,,,,,,,1,2,3,1.0,3.0
201700044055,0017-05-15 19:55:00,17,5,15,19,55,940,55,NON DENOMMEE (VOI),,,Plein jour,En agglomération,Giratoire,Normale,Deux véhicules - côté,,,,,,,,,,,1,2,6,1.0,3.0
201700044056,0017-05-16 11:25:00,17,5,16,11,25,940,55,"85, PROVINS (RTE DE)",,,Plein jour,En agglomération,Hors intersection,Normale,Autre collision,,,,,,,,,,,1,2,1,1.0,6.0
201700044057,0017-05-17 12:40:00,17,5,17,12,40,940,59,"121, LA MARECHALE (RES)",,,Plein jour,En agglomération,Hors intersection,Normale,Deux véhicules - côté,,,,,,,,,,,1,2,1,1.0,3.0
201700044058,0017-05-21 12:10:00,17,5,21,12,10,940,19,BOIS (AV DU),,,Plein jour,En agglomération,Intersection en T,Normale,Deux véhicules - côté,,,,,,,,,,,1,2,3,1.0,3.0
201700044059,0017-05-22 20:20:00,17,5,22,20,20,940,59,HUGUENOTS (AV DES),,,Plein jour,En agglomération,Intersection en X,Normale,Deux véhicules - frontale,,,,,,,,,,,1,2,2,1.0,1.0
201700044060,0017-05-23 01:05:00,17,5,23,1,5,940,79,COMBAULT (RTE DE),,,Nuit avec éclairage allumé,En agglomération,Intersection en X,Normale,Deux véhicules - côté,,,,,,,,,,,5,2,2,1.0,3.0
201700044061,0017-05-23 17:44:00,17,5,23,17,44,940,79,SCHUMAN/COEUILLY,,,Plein jour,En agglomération,Giratoire,Temps éblouissant,Deux véhicules - arrière,,,,,,,,,,,1,2,6,7.0,2.0
201700044062,0017-05-24 18:30:00,17,5,24,18,30,940,53,"2  bis, QUEUE-EN-BRIE (R",,,Plein jour,En agglomération,Hors intersection,Normale,Deux véhicules - côté,,,,,,,,,,,1,2,1,1.0,3.0
201700044063,0017-05-13 15:25:00,17,5,13,15,25,940,19,ARISTIDE BRIAND (R),,,Plein jour,En agglomération,Hors intersection,Normale,Autre collision,,,,,,,,,,,1,2,1,1.0,6.0
201700044064,0017-05-27 20:00:00,17,5,27,20,0,940,55,CENTRE (R DU),,,Plein jour,En agglomération,Hors intersection,Normale,Deux véhicules - frontale,,,,,,,,,,,1,2,1,1.0,1.0
201700044065,0017-05-28 11:25:00,17,5,28,11,25,940,53,MENDES-FRANCE/BRIE,,,Plein jour,En agglomération,Intersection en T,Normale,Deux véhicules - côté,,,,,,,,,,,1,2,3,1.0,3.0
201700044066,0017-05-29 18:00:00,17,5,29,18,0,940,79,VERGER (R DU),,,Plein jour,En agglomération,Intersection en T,Normale,Deux véhicules - côté,,,,,,,,,,,1,2,3,1.0,3.0
201700044067,0017-06-02 17:50:00,17,6,2,17,50,940,79,LECLERC/TASSIGNY,48.82123,2.54029,Plein jour,En agglomération,Intersection en T,Normale,Deux véhicules - côté,,,,,,,,,,,1,2,3,1.0,3.0
201700044068,0017-06-02 21:00:00,17,6,2,21,0,940,55,"80, PROVINS (RTE DE)",48.79215,2.55503,Crépuscule ou aube,En agglomération,Giratoire,Normale,Deux véhicules - côté,,,,,,,,,,,2,2,6,1.0,3.0
201700044069,0017-06-09 07:55:00,17,6,9,7,55,940,55,PROVINS (RTE DE),48.79215,2.555,Plein jour,Hors agglomération,Giratoire,Pluie légère,Sans collision,,,,,,,,,,,1,1,6,2.0,7.0
201700044070,0017-06-13 10:10:00,17,6,13,10,10,940,19,"15, LOUISE ADELAIDE (R)",48.82478,2.54878,Plein jour,En agglomération,Hors intersection,Normale,Autre collision,,,,,,,,,,,1,2,1,1.0,6.0
201700044071,0017-06-15 18:25:00,17,6,15,18,25,940,19,PROVINS (RTE DE),48.79217,2.55501,Plein jour,En agglomération,Giratoire,Normale,Deux véhicules - côté,,,,,,,,,,,1,2,6,1.0,3.0
201700044072,0017-06-16 15:10:00,17,6,16,15,10,940,19,D ORMESSON/BOUTEILLE,48.78088,2.51972,Plein jour,En agglomération,Intersection en X,Normale,Deux véhicules - côté,,,,,,,,,,,1,2,2,1.0,3.0
201700044073,0017-06-15 20:00:00,17,6,15,20,0,940,19,chemin des 4 chenes,,,Plein jour,En agglomération,Hors intersection,Normale,Sans collision,,,,,,,,,,,1,2,1,1.0,7.0
201700044074,0017-06-21 10:00:00,17,6,21,10,0,940,59,DAME BLANCHE / HUGUENOTS,48.81941,2.55953,Plein jour,En agglomération,Intersection en X,Normale,Deux véhicules - côté,,,,,,,,,,,1,2,2,1.0,3.0
201700044075,0017-06-22 18:00:00,17,6,22,18,0,940,19,MARECHAL LECLERC (AV DU),48.79646,2.53207,Plein jour,En agglomération,Hors intersection,Normale,Deux véhicules - côté,,,,,,,,,,,1,2,1,1.0,3.0
201700044076,0017-06-25 08:10:00,17,6,25,8,10,940,53,"79, AV P. MENDES FRANCE",48.76947,2.54299,Plein jour,En agglomération,Hors intersection,Normale,Deux véhicules - côté,,,,,,,,,,,1,2,1,1.0,3.0
201700044077,0017-06-25 10:00:00,17,6,25,10,0,940,38,MARECHALE/BERTRAND,48.80873,2.58273,Plein jour,En agglomération,Giratoire,Normale,Sans collision,,,,,,,,,,,1,2,6,1.0,7.0
201700044078,0017-06-27 13:30:00,17,6,27,13,30,940,59,"169, MAURICE BERTEAUX (A",48.80267,2.57433,Plein jour,En agglomération,Hors intersection,Normale,Deux véhicules - frontale,,,,,,,,,,,1,2,1,1.0,1.0
201700044079,0017-06-30 16:40:00,17,6,30,16,40,940,19,CASENAVE / SUCY,48.78762,2.52063,Plein jour,En agglomération,Intersection en T,Pluie forte,Sans collision,,,,,,,,,,,1,2,3,3.0,7.0
201700044080,0017-07-11 20:40:00,17,7,11,20,40,940,59,GONZALVE / GAMBETTA,48.80526,2.58497,Crépuscule ou aube,En agglomération,Place,Normale,Sans collision,,,,,,,,,,,2,2,7,1.0,7.0
201700044081,0017-07-13 07:05:00,17,7,13,7,5,940,19,"0, DUNOYER DE SEGONZAC (",48.78905,2.57697,Plein jour,En agglomération,Hors intersection,Normale,Autre collision,,,,,,,,,,,1,2,1,1.0,6.0
201700044082,0017-07-21 13:05:00,17,7,21,13,5,940,19,"21, JEAN JAURES (R)",48.81327,2.51202,Plein jour,En agglomération,Intersection en X,Temps éblouissant,Deux véhicules - côté,,,,,,,,,,,1,2,2,7.0,3.0
201700044083,0017-07-21 15:10:00,17,7,21,15,10,940,19,GENERAL DE GAULLE (R DU),48.79471,2.52993,Plein jour,En agglomération,Hors intersection,Normale,Deux véhicules - arrière,,,,,,,,,,,1,2,1,1.0,2.0
201700044084,0017-07-21 15:45:00,17,7,21,15,45,940,79,"74b, JEAN JAURES (R)",48.82723,2.53319,Plein jour,En agglomération,Hors intersection,Normale,Deux véhicules - côté,,,,,,,,,,,1,2,1,1.0,3.0
201700044085,0017-07-27 15:10:00,17,7,27,15,10,940,19,"5, ARISTIDE BRIAND (R)",48.79275,2.53233,Plein jour,En agglomération,Hors intersection,Normale,Deux véhicules - arrière,,,,,,,,,,,1,2,1,1.0,2.0
201700044086,0017-08-02 17:00:00,17,8,2,17,0,940,19,"0, AUGUSTE RODIN (AV)",,,Plein jour,En agglomération,Intersection en X,Normale,Deux véhicules - côté,,,,,,,,,,,1,2,2,1.0,3.0
201700044087,0017-08-05 21:00:00,17,8,5,21,0,940,19,MONTAGNE (CHE DE LA),,,Plein jour,En agglomération,Hors intersection,Normale,Autre collision,,,,,,,,,,,1,2,1,1.0,6.0
201700044088,0017-08-07 17:35:00,17,8,7,17,35,940,19,DAME BLANCHE (AV DE LA),,,Plein jour,En agglomération,Intersection en X,Normale,Deux véhicules - côté,,,,,,,,,,,1,2,2,1.0,3.0
201700044089,0017-07-16 19:25:00,17,7,16,19,25,940,19,LIBERATION (RTE DE LA),48.80136,2.54099,Plein jour,En agglomération,Hors intersection,Normale,Trois véhicules et plus - collisions multiples,,,,,,,,,,,1,2,1,1.0,5.0
201700044090,0017-08-09 11:45:00,17,8,9,11,45,940,19,"24, LIBERATION - CAR DE",,,Plein jour,En agglomération,Hors intersection,Normale,Deux véhicules - arrière,,,,,,,,,,,1,2,1,1.0,2.0
201700044091,0017-08-10 14:40:00,17,8,10,14,40,940,19,LEFEBVRE (AV),,,Plein jour,En agglomération,Intersection en X,Normale,Deux véhicules - côté,,,,,,,,,,,1,2,2,1.0,3.0
201700044092,0017-08-10 21:35:00,17,8,10,21,35,940,19,CHAMPIGNY (R DE),,,Nuit avec éclairage allumé,En agglomération,Hors intersection,Pluie légère,Deux véhicules - arrière,,,,,,,,,,,5,2,1,2.0,2.0
201700044093,0017-08-29 17:25:00,17,8,29,17,25,940,19,"1 ter, ARDOUIN (AV)",,,Plein jour,En agglomération,Hors intersection,Normale,Autre collision,,,,,,,,,,,1,2,1,1.0,6.0
201700044094,0017-09-01 18:40:00,17,9,1,18,40,940,19,"53, GENERAL DE GAULLE (R",,,Plein jour,En agglomération,Hors intersection,Pluie légère,Deux véhicules - côté,,,,,,,,,,,1,2,1,2.0,3.0
201700044095,0017-09-02 11:50:00,17,9,2,11,50,940,19,"21, JEAN MONNET (BD)",,,Plein jour,En agglomération,Hors intersection,Normale,Deux véhicules - côté,,,,,,,,,,,1,2,1,1.0,3.0
201700044096,0017-09-02 14:00:00,17,9,2,14,0,940,19,"165, MARECHALE (AV DE LA",,,Plein jour,En agglomération,Hors intersection,Normale,Autre collision,,,,,,,,,,,1,2,1,1.0,6.0
201700044097,0017-09-04 09:00:00,17,9,4,9,0,940,19,"39, LIBERATION (RTE DE L",,,Plein jour,En agglomération,Hors intersection,Temps couvert,Autre collision,,,,,,,,,,,1,2,1,8.0,6.0
201700044098,0017-09-05 17:55:00,17,9,5,17,55,940,19,"9, MARECHAL LECLERC (AV",,,Plein jour,En agglomération,Hors intersection,Normale,Deux véhicules - côté,,,,,,,,,,,1,2,1,1.0,3.0
201700044099,0017-09-07 17:20:00,17,9,7,17,20,940,19,"7 bis, FAVORITE (AV DE L",,,Plein jour,En agglomération,Intersection en X,Normale,Deux véhicules - côté,,,,,,,,,,,1,2,2,1.0,3.0
201700044100,0017-09-11 13:25:00,17,9,11,13,25,940,19,"5, AUGUSTE COMTE (R)",,,Plein jour,En agglomération,Hors intersection,Temps couvert,Autre collision,,,,,,,,,,,1,2,1,8.0,6.0
201700044101,0017-09-10 02:25:00,17,9,10,2,25,940,19,"12, PONT (R DU)",,,Nuit sans éclairage public,En agglomération,Hors intersection,Normale,Autre collision,,,,,,,,,,,3,2,1,1.0,6.0
201700044102,0017-09-12 17:20:00,17,9,12,17,20,940,19,"17BIS, PROVINS (RTE DE)",,,Plein jour,En agglomération,Hors intersection,Pluie légère,Deux véhicules - arrière,,,,,,,,,,,1,2,1,2.0,2.0
201700044103,0017-09-09 15:45:00,17,9,9,15,45,940,19,MONTRICHARD (AV),,,Plein jour,En agglomération,Intersection en X,Pluie légère,Deux véhicules - côté,,,,,,,,,,,1,2,2,2.0,3.0
201700044104,0017-09-15 02:15:00,17,9,15,2,15,940,19,"145, GENERAL DE GAULLE (",,,Nuit avec éclairage allumé,En agglomération,Intersection en X,Normale,Deux véhicules - côté,,,,,,,,,,,5,2,2,1.0,3.0
201700044105,0017-09-07 22:30:00,17,9,7,22,30,940,19,GENERAL DE GAULLE (AV DU,,,Nuit avec éclairage allumé,En agglomération,Hors intersection,Normale,Autre collision,,,,,,,,,,,5,2,1,1.0,6.0
201700044106,0017-09-16 15:10:00,17,9,16,15,10,940,19,GENERAL DE GAULLE (R DU),,,Plein jour,Hors agglomération,Hors intersection,Normale,Deux véhicules - arrière,,,,,,,,,,,1,1,1,1.0,2.0
201700044107,0017-09-16 20:15:00,17,9,16,20,15,940,19,"12, WLADIMIR D ORMESSON",,,Nuit avec éclairage allumé,En agglomération,Intersection en T,Normale,Deux véhicules - côté,,,,,,,,,,,5,2,3,1.0,3.0
201700044108,0017-09-23 19:00:00,17,9,23,19,0,940,19,"33, PINCE VENT (AV DE)",,,Plein jour,En agglomération,Hors intersection,Normale,Sans collision,,,,,,,,,,,1,2,1,1.0,7.0
201700044109,0017-09-24 09:34:00,17,9,24,9,34,940,19,"100, ARISTIDE BRIAND (R)",,,Plein jour,En agglomération,Hors intersection,Normale,Trois véhicules et plus - collisions multiples,,,,,,,,,,,1,2,1,1.0,5.0
201700044110,0017-09-24 15:00:00,17,9,24,15,0,940,19,"31, PROVINS (RTE DE)",,,Plein jour,En agglomération,Intersection en X,Normale,Deux véhicules - côté,,,,,,,,,,,1,2,2,1.0,3.0
201700044111,0017-09-26 07:50:00,17,9,26,7,50,940,19,"0, JEAN JAURES (R)",,,Crépuscule ou aube,En agglomération,Giratoire,Pluie légère,Sans collision,,,,,,,,,,,2,2,6,2.0,7.0
201700044112,0017-09-26 12:10:00,17,9,26,12,10,940,19,"18, NAIADES (ALL DES)",,,Plein jour,En agglomération,Hors intersection,Normale,Autre collision,,,,,,,,,,,1,2,1,1.0,6.0
201700044113,0017-09-29 14:07:00,17,9,29,14,7,940,19,"48, BRY (RTE DE)",,,Plein jour,En agglomération,Hors intersection,Temps éblouissant,Autre collision,,,,,,,,,,,1,2,1,7.0,6.0
201700044114,0017-10-04 13:40:00,17,10,4,13,40,940,19,"91, MARTYRS DE CHATEAUBR",,,Plein jour,En agglomération,Hors intersection,Normale,Autre collision,,,,,,,,,,,1,2,1,1.0,6.0
201700044115,0017-10-05 17:15:00,17,10,5,17,15,940,19,"119, GENERAL DE GAULLE (",,,Plein jour,En agglomération,Hors intersection,Pluie légère,Deux véhicules - côté,,,,,,,,,,,1,2,1,2.0,3.0
201700044116,0017-10-06 01:28:00,17,10,6,1,28,940,19,"102, MAURICE BERTEAUX (A",,,Nuit avec éclairage allumé,En agglomération,Hors intersection,Normale,Deux véhicules - côté,,,,,,,,,,,5,2,1,1.0,3.0
201700044117,0017-10-06 17:50:00,17,10,6,17,50,940,19,"0, GEORGES POMPIDOU (AV)",,,Plein jour,En agglomération,Passage à niveau,Normale,Deux véhicules - arrière,,,,,,,,,,,1,2,8,1.0,2.0
201700044118,0017-10-07 23:30:00,17,10,7,23,30,940,19,LECOMTE (AV),,,Nuit avec éclairage allumé,En agglomération,Intersection en X,Pluie légère,Deux véhicules - côté,,,,,,,,,,,5,2,2,2.0,3.0
201700044119,0017-10-09 22:40:00,17,10,9,22,40,940,19,"195, ARISTIDE BRIAND (R)",,,Nuit avec éclairage allumé,En agglomération,Hors intersection,Normale,Sans collision,,,,,,,,,,,5,2,1,1.0,7.0
201700044120,0017-10-10 05:00:00,17,10,10,5,0,940,19,"0, QUEUE-EN-BRIE (RTE DE",,,Nuit sans éclairage public,En agglomération,Hors intersection,Pluie légère,Deux véhicules - frontale,,,,,,,,,,,3,2,1,2.0,1.0
201700044121,0017-10-10 07:05:00,17,10,10,7,5,940,19,CHENNEVIERES (R DE),,,Crépuscule ou aube,En agglomération,Hors intersection,Normale,Autre collision,,,,,,,,,,,2,2,1,1.0,6.0
201700044122,0017-10-13 18:10:00,17,10,13,18,10,940,19,"142, GENERAL DE GAULLE (",,,Plein jour,En agglomération,Hors intersection,Normale,Autre collision,,,,,,,,,,,1,2,1,1.0,6.0
201700044123,0017-10-17 09:35:00,17,10,17,9,35,940,19,BATTUES (ALL DES),,,Plein jour,En agglomération,Hors intersection,Normale,Autre collision,,,,,,,,,,,1,2,1,1.0,6.0
201700044124,0017-10-17 21:20:00,17,10,17,21,20,940,19,"60, ARISTIDE BRIAND (R)",,,Nuit avec éclairage allumé,En agglomération,Intersection en T,Normale,Deux véhicules - côté,,,,,,,,,,,5,2,3,1.0,3.0
201700044125,0017-10-19 07:10:00,17,10,19,7,10,940,19,"0, GENERAL DE GAULLE (R",,,Nuit avec éclairage allumé,En agglomération,Hors intersection,Normale,Trois véhicules et plus - en chaîne,,,,,,,,,,,5,2,1,1.0,4.0
201700044126,0017-10-20 08:50:00,17,10,20,8,50,940,19,BOIS (AV DU),,,Plein jour,En agglomération,Intersection en X,Temps éblouissant,Deux véhicules - côté,,,,,,,,,,,1,2,2,7.0,3.0
201700044127,0017-10-26 19:15:00,17,10,26,19,15,940,19,"14/22, WLADIMIR D ORMESS",,,Nuit avec éclairage allumé,En agglomération,Hors intersection,Brouillard / fumée,Deux véhicules - côté,,,,,,,,,,,5,2,1,5.0,3.0
201700044128,0017-11-08 07:25:00,17,11,8,7,25,940,19,CENTRE (R DU),,,Crépuscule ou aube,En agglomération,Intersection en X,Temps couvert,Deux véhicules - arrière,,,,,,,,,,,2,2,2,8.0,2.0
201700044129,0017-11-02 18:05:00,17,11,2,18,5,940,19,"21, COEUILLY (AV DE)",,,Crépuscule ou aube,En agglomération,Intersection en T,Normale,Deux véhicules - côté,,,,,,,,,,,2,2,3,1.0,3.0
201700044130,0017-11-10 09:40:00,17,11,10,9,40,940,19,"12bis, PONT (R DU)",,,Plein jour,En agglomération,Hors intersection,Pluie légère,Deux véhicules - frontale,,,,,,,,,,,1,2,1,2.0,1.0
201700044131,0017-11-12 11:30:00,17,11,12,11,30,940,19,"14, PROFESSEUR ROUX (R D",,,Plein jour,En agglomération,Hors intersection,Pluie légère,Autre collision,,,,,,,,,,,1,2,1,2.0,6.0
201700044132,0017-11-08 12:30:00,17,11,8,12,30,940,59,"12, MAURICE PONROY (AV)",,,Plein jour,En agglomération,Hors intersection,Normale,Sans collision,,,,,,,,,,,1,2,1,1.0,7.0
201700044133,0017-11-14 11:50:00,17,11,14,11,50,940,19,"0, LIBERATION (RTE DE LA",,,Plein jour,Hors agglomération,Hors intersection,Normale,Autre collision,,,,,,,,,,,1,1,1,1.0,6.0
201700044134,0017-11-09 11:50:00,17,11,9,11,50,940,19,"3, ADRIEN MENTIENNE (R)",,,Plein jour,En agglomération,Hors intersection,Normale,Autre collision,,,,,,,,,,,1,2,1,1.0,6.0
201700044135,0017-11-14 20:30:00,17,11,14,20,30,940,19,"07, SUCY (R DE)",,,Nuit avec éclairage allumé,En agglomération,Hors intersection,Normale,Deux véhicules - côté,,,,,,,,,,,5,2,1,1.0,3.0
201700044136,0017-11-16 07:35:00,17,11,16,7,35,940,19,"0, RABELAIS (R)",,,Nuit avec éclairage allumé,En agglomération,Hors intersection,Normale,Autre collision,,,,,,,,,,,5,2,1,1.0,6.0
201700044137,0017-11-17 06:50:00,17,11,17,6,50,940,19,"0, OLIVIER D ORMESSON (A",,,Nuit avec éclairage allumé,En agglomération,Intersection en T,Pluie forte,Deux véhicules - côté,,,,,,,,,,,5,2,3,3.0,3.0
201700044138,0017-11-20 07:50:00,17,11,20,7,50,940,19,FRIEDBERG (BD DE),,,Plein jour,En agglomération,Hors intersection,Normale,Autre collision,,,,,,,,,,,1,2,1,1.0,6.0
201700044139,0017-11-20 19:21:00,17,11,20,19,21,940,19,"1, L'HIPPODROME (AV DE)",,,Nuit avec éclairage allumé,En agglomération,Giratoire,Normale,Deux véhicules - côté,,,,,,,,,,,5,2,6,1.0,3.0
201700044140,0017-11-22 07:45:00,17,11,22,7,45,940,19,"0, PINCE VENT (AV DE)",,,Crépuscule ou aube,En agglomération,Hors intersection,Normale,Trois véhicules et plus - en chaîne,,,,,,,,,,,2,2,1,1.0,4.0
201700044141,0017-11-24 07:40:00,17,11,24,7,40,940,19,"16, FRIEDBERG (BD DE)",,,Crépuscule ou aube,En agglomération,Intersection en X,Pluie légère,Autre collision,,,,,,,,,,,2,2,2,2.0,6.0
201700044142,0017-11-23 07:50:00,17,11,23,7,50,940,19,"7, MARECHAL LECLERC (AV",,,Plein jour,En agglomération,Hors intersection,Normale,Autre collision,,,,,,,,,,,1,2,1,1.0,6.0
201700044143,0017-11-27 15:45:00,17,11,27,15,45,940,59,ARDOUIN (AV),,,Plein jour,En agglomération,Intersection en X,Pluie légère,Autre collision,,,,,,,,,,,1,2,2,2.0,6.0
201700044144,0017-11-28 07:35:00,17,11,28,7,35,940,19,"30, GENERAL DE GAULLE (A",,,Crépuscule ou aube,En agglomération,Hors intersection,Normale,Autre collision,,,,,,,,,,,2,2,1,1.0,6.0
201700044145,0017-12-06 10:24:00,17,12,6,10,24,940,79,COMBAULT (RTE DE),48.82356,2.55965,Plein jour,En agglomération,Intersection en T,Temps couvert,Deux véhicules - côté,,,,,,,,,,,1,2,3,8.0,3.0
201700044146,0017-12-07 17:45:00,17,12,7,17,45,940,79,"45, CHAPELLES (R DES)",49.0,3.0,Nuit avec éclairage allumé,En agglomération,Intersection en X,Pluie forte,Autre collision,,,,,,,,,,,5,2,2,3.0,6.0
201700044147,0017-12-12 09:10:00,17,12,12,9,10,940,59,PROPHETE (AV DU),48.82171,2.56088,Plein jour,En agglomération,Intersection en T,Pluie légère,Deux véhicules - côté,,,,,,,,,,,1,2,3,2.0,3.0
201700044148,0017-12-13 17:55:00,17,12,13,17,55,940,55,"225, WLADIMIR D ORMESSON",48.78444,2.5374,Nuit avec éclairage allumé,En agglomération,Intersection en T,Pluie forte,Autre collision,,,,,,,,,,,5,2,3,3.0,6.0
201700044149,0017-12-21 08:05:00,17,12,21,8,5,940,79,"165, GENERAL DE GAULLE (",48.83047,2.5584,Nuit avec éclairage non allumé,En agglomération,Hors intersection,Pluie légère,Trois véhicules et plus - en chaîne,,,,,,,,,,,4,2,1,2.0,4.0
201700044150,0017-12-21 08:50:00,17,12,21,8,50,940,59,"245, MARECHALE (AV DE LA",48.80579,2.58958,Plein jour,En agglomération,Hors intersection,Pluie légère,Deux véhicules - côté,,,,,,,,,,,1,2,1,2.0,3.0
201700044151,0017-12-21 19:20:00,17,12,21,19,20,940,19,LIBERATION (RTE DE LA),48.80024,2.54368,Nuit avec éclairage allumé,En agglomération,Giratoire,Normale,Autre collision,,,,,,,,,,,5,2,6,1.0,6.0
201700044152,0017-12-15 08:30:00,17,12,15,8,30,940,59,"57, ARDOUIN (AV)",48.80366,2.58029,Crépuscule ou aube,En agglomération,Hors intersection,Temps éblouissant,Autre collision,,,,,,,,,,,2,2,1,7.0,6.0
201700044153,0017-12-24 17:30:00,17,12,24,17,30,940,79,"12, GUILLAUME TELL (AV)",48.8186,2.5364,Plein jour,En agglomération,Hors intersection,Normale,Autre collision,,,,,,,,,,,1,2,1,1.0,6.0
201700044154,0017-12-24 18:00:00,17,12,24,18,0,940,79,FRIEDBERG (BD DE),48.83278,2.54423,Nuit avec éclairage allumé,En agglomération,Intersection en X,Normale,Autre collision,,,,,,,,,,,5,2,2,1.0,6.0
201700044155,0017-12-27 18:15:00,17,12,27,18,15,940,19,"2, LAVOISIER (R)",48.79683,2.54807,Nuit avec éclairage allumé,En agglomération,Hors intersection,Pluie légère,Autre collision,,,,,,,,,,,5,2,1,2.0,6.0
201700044156,0017-12-29 15:45:00,17,12,29,15,45,940,60,"0, GEORGES POMPIDOU (AV)",48.79544,2.5651,Plein jour,En agglomération,Hors intersection,Pluie forte,Autre collision,,,,,,,,,,,1,2,1,3.0,6.0
201700044157,0017-06-09 12:00:00,17,6,9,12,0,940,22,"49, VICTOR HUGO (AV)",48.76808,2.41801,Plein jour,En agglomération,Hors intersection,Normale,Deux véhicules - côté,,,,,,,,,,,1,2,1,1.0,3.0
201700044158,0017-06-13 09:10:00,17,6,13,9,10,940,22,CHARCOT/PALISSY,48.77001,2.4181,Plein jour,En agglomération,Intersection en X,Normale,Deux véhicules - côté,,,,,,,,,,,1,2,2,1.0,3.0
201700044159,0017-06-14 18:15:00,17,6,14,18,15,940,22,FRANCHOT/ZOLA,48.76761,2.40621,Plein jour,En agglomération,Intersection en X,Normale,Autre collision,,,,,,,,,,,1,2,2,1.0,6.0
201700044160,0017-06-15 14:05:00,17,6,15,14,5,940,22,"18, ALLIES (BD DES)",48.7649,2.40534,Plein jour,En agglomération,Hors intersection,Normale,Autre collision,,,,,,,,,,,1,2,1,1.0,6.0
201700044161,0017-06-18 14:40:00,17,6,18,14,40,940,22,"17, VILLENEUVE ST GEORGE",48.76561,2.41543,Plein jour,En agglomération,Hors intersection,Normale,Sans collision,,,,,,,,,,,1,2,1,1.0,7.0
201700044162,0017-06-21 21:00:00,17,6,21,21,0,940,54,CACHIN/BREGUET,48.74704,2.41123,Plein jour,En agglomération,Intersection en X,Normale,Autre collision,,,,,,,,,,,1,2,2,1.0,6.0
201700044163,0017-06-21 23:35:00,17,6,21,23,35,940,22,STALINGRAD (BD DE),48.77342,2.39957,Nuit avec éclairage allumé,En agglomération,Hors intersection,Normale,Deux véhicules - côté,,,,,,,,,,,5,2,1,1.0,3.0
201700044164,0017-06-23 14:10:00,17,6,23,14,10,940,22,"18, ANATOLE FRANCE (AV)",48.76368,2.41049,Plein jour,En agglomération,Hors intersection,Normale,Autre collision,,,,,,,,,,,1,2,1,1.0,6.0
201700044165,0017-07-01 12:35:00,17,7,1,12,35,940,22,STALINGRAD (BD DE),48.77281,2.39999,Plein jour,En agglomération,Autre intersection,Pluie légère,Deux véhicules - côté,,,,,,,,,,,1,2,9,2.0,3.0
201700044166,0017-07-03 13:20:00,17,7,3,13,20,940,22,"58, ALFORTVILLE (AV D)",48.77145,2.41376,Plein jour,En agglomération,Hors intersection,Normale,Deux véhicules - côté,,,,,,,,,,,1,2,1,1.0,3.0
201700044167,0017-07-09 04:15:00,17,7,9,4,15,940,22,NEWBURN/VALES,48.75758,2.40989,Nuit avec éclairage allumé,En agglomération,Intersection en X,Normale,Sans collision,,,,,,,,,,,5,2,2,1.0,7.0
201700044168,0017-07-11 18:55:00,17,7,11,18,55,940,22,HUIT MAI 1945 (AV DU),48.7661,2.41065,Plein jour,En agglomération,Hors intersection,Normale,Autre collision,,,,,,,,,,,1,2,1,1.0,6.0