accident_id,datetime,annee,mois,jour,heure,minute,departement,commune_insee,adresse,latitude,longitude,luminosite,agglomeration,intersection,meteo,collision,nb_vehicules,nb_usagers,nb_indemnes,nb_tues,nb_blesses_hosp,nb_blesses_legers,age_cond_1,age_cond_2,veh_type_cond_1,veh_type_cond_2,lum_code,agg_code,int_code,atm_code,col_code
201700044292,0017-01-20 08:48:00,17,1,20,8,48,940,28,"22, PAULINE.(AVENUE)",,,Plein jour,En agglomération,Hors intersection,Normale,Autre collision,,,,,,,,,,,1,2,1,1.0,6.0
201700044293,0017-01-21 16:00:00,17,1,21,16,0,940,28,"0, MATISSE(RUE HENRI)",,,Plein jour,En agglomération,Hors intersection,Normale,Sans collision,,,,,,,,,,,1,2,1,1.0,7.0
201700044294,0017-01-25 20:00:00,17,1,25,20,0,940,28,"00, POMPADOUR(ROUTE DE L",,,Nuit avec éclairage allumé,En agglomération,Intersection en T,Normale,Autre collision,,,,,,,,,,,5,2,3,1.0,6.0
201700044295,0017-02-01 08:20:00,17,2,1,8,20,940,28,"01, MITTERAND (Rue Franç",,,Plein jour,En agglomération,Hors intersection,Normale,Autre collision,,,,,,,,,,,1,2,1,1.0,6.0
201700044296,0017-02-03 18:30:00,17,2,3,18,30,940,28,AV DU MARECHAL FOCH,48.7752,2.43884,Plein jour,Hors agglomération,Hors intersection,Normale,Autre collision,,,,,,,,,,,1,1,1,1.0,6.0
201700044297,0017-02-01 20:05:00,17,2,1,20,5,940,11,"00, ALLENDE(MAIL SALVADO",,,Nuit avec éclairage allumé,En agglomération,Hors intersection,Normale,Autre collision,,,,,,,,,,,5,2,1,1.0,6.0
201700044298,0017-02-06 13:15:00,17,2,6,13,15,940,28,"00, REPUBLIQUE(AVENUE DE",,,Plein jour,En agglomération,Intersection en T,Pluie légère,Trois véhicules et plus - collisions multiples,,,,,,,,,,,1,2,3,2.0,5.0
201700044299,0017-02-08 13:10:00,17,2,8,13,10,940,28,"NC, ARCOS.(RUE RENE)",,,Plein jour,En agglomération,Hors intersection,Normale,Deux véhicules - côté,,,,,,,,,,,1,2,1,1.0,3.0
201700044300,0017-02-10 16:30:00,17,2,10,16,30,940,28,"102, SAVAR.(RUE JULIETTE",,,Plein jour,En agglomération,Intersection en T,Normale,Deux véhicules - côté,,,,,,,,,,,1,2,3,1.0,3.0
201700044301,0017-02-12 03:00:00,17,2,12,3,0,940,11,"0, BOISSY.(AVENUE DE)",,,Nuit avec éclairage allumé,Hors agglomération,Hors intersection,Normale,Sans collision,,,,,,,,,,,5,1,1,1.0,7.0
201700044302,0017-02-26 23:10:00,17,2,26,23,10,940,28,"18, AV PIERRE BROSSOLETT",,,Nuit avec éclairage allumé,En agglomération,Hors intersection,Normale,Deux véhicules - côté,,,,,,,,,,,5,2,1,1.0,3.0
201700044303,0017-02-27 15:15:00,17,2,27,15,15,940,28,"0, ARCOS.(RUE RENE)",,,Plein jour,En agglomération,Hors intersection,Normale,Autre collision,,,,,,,,,,,1,2,1,1.0,6.0
201700044304,0017-03-05 22:10:00,17,3,5,22,10,940,28,"nc, HALPERN.(AVENUE BERN",,,Nuit avec éclairage non allumé,En agglomération,Hors intersection,Pluie forte,Autre collision,,,,,,,,,,,4,2,1,3.0,6.0
201700044305,0017-03-06 16:15:00,17,3,6,16,15,940,28,"35, VALENTON(RUE DE)",,,Plein jour,En agglomération,Hors intersection,Pluie légère,Deux véhicules - arrière,,,,,,,,,,,1,2,1,2.0,2.0
201700044306,0017-03-06 11:50:00,17,3,6,11,50,940,28,"nc, LAFERRIERE(AVENUE)",,,Plein jour,En agglomération,Hors intersection,Pluie légère,Deux véhicules - frontale,,,,,,,,,,,1,2,1,2.0,1.0
201700044307,0017-03-03 20:00:00,17,3,3,20,0,940,11,"00, BICENTENAIRE.(AVENUE",,,Nuit avec éclairage allumé,En agglomération,Hors intersection,Normale,Deux véhicules - côté,,,,,,,,,,,5,2,1,1.0,3.0
201700044308,0017-03-10 22:25:00,17,3,10,22,25,940,28,"nc, TASSIGNY(AVE DU MARE",,,Nuit avec éclairage allumé,En agglomération,Hors intersection,Normale,Deux véhicules - arrière,,,,,,,,,,,5,2,1,1.0,2.0
201700044309,0017-03-10 15:05:00,17,3,10,15,5,940,28,"00, GAULLE(AVENUE DU GEN",,,Plein jour,En agglomération,Hors intersection,Normale,Autre collision,,,,,,,,,,,1,2,1,1.0,6.0
201700044310,0017-03-13 09:30:00,17,3,13,9,30,940,28,"NC, HALPERN.(AVENUE BERN",,,Plein jour,En agglomération,Hors intersection,Normale,Deux véhicules - arrière,,,,,,,,,,,1,2,1,1.0,2.0
201700044311,0017-03-13 10:45:00,17,3,13,10,45,940,28,"NC, GAULLE(AVENUE DU GEN",,,Plein jour,En agglomération,Hors intersection,Normale,Autre collision,,,,,,,,,,,1,2,1,1.0,6.0
201700044312,0017-03-15 20:20:00,17,3,15,20,20,940,28,"1, GAULLE(AVENUE DU GENE",,,Nuit avec éclairage allumé,En agglomération,Hors intersection,Normale,Autre collision,,,,,,,,,,,5,2,1,1.0,6.0
201700044313,0017-03-21 11:25:00,17,3,21,11,25,940,28,"0, FRANCE LIBRE(AVENUE D",,,Plein jour,En agglomération,Hors intersection,Normale,Deux véhicules - frontale,,,,,,,,,,,1,2,1,1.0,1.0
201700044314,0017-03-22 12:00:00,17,3,22,12,0,940,28,"nc, TASSIGNY(AVE DU MARE",,,Plein jour,En agglomération,Hors intersection,Normale,Autre collision,,,,,,,,,,,1,2,1,1.0,6.0
201700044315,0017-03-22 20:23:00,17,3,22,20,23,940,11,"nc, ROSTAND.(RUE JEAN)",,,Nuit avec éclairage allumé,En agglomération,Hors intersection,Pluie légère,Deux véhicules - frontale,,,,,,,,,,,5,2,1,2.0,1.0
201700044316,0017-03-28 11:50:00,17,3,28,11,50,940,28,"0, COURTOIS(AVENUE)",,,Plein jour,En agglomération,Hors intersection,Normale,Autre collision,,,,,,,,,,,1,2,1,1.0,6.0
201700044317,0017-03-28 16:45:00,17,3,28,16,45,940,28,"0, POMPADOUR(ROUTE DE LA",,,Plein jour,En agglomération,Hors intersection,Normale,Autre collision,,,,,,,,,,,1,2,1,1.0,6.0
201700044318,0017-03-29 14:50:00,17,3,29,14,50,940,11,"0, BOISSY.(AVENUE DE)",,,Plein jour,En agglomération,Hors intersection,Normale,Trois véhicules et plus - en chaîne,,,,,,,,,,,1,2,1,1.0,4.0
201700044319,0017-03-30 18:15:00,17,3,30,18,15,940,28,"00, GONCOURT.(RUE EDMOND",,,Plein jour,En agglomération,Intersection en T,Normale,Autre collision,,,,,,,,,,,1,2,3,1.0,6.0
201700044320,0017-03-31 17:50:00,17,3,31,17,50,940,28,"00, SAINT SIMON (rue)",,,Plein jour,En agglomération,Hors intersection,Normale,Deux véhicules - arrière,,,,,,,,,,,1,2,1,1.0,2.0
201700044321,0017-03-31 16:40:00,17,3,31,16,40,940,28,"0, HALPERN.(AVENUE BERNA",,,Plein jour,En agglomération,Hors intersection,Normale,Deux véhicules - frontale,,,,,,,,,,,1,2,1,1.0,1.0
201700044322,0017-04-06 22:45:00,17,4,6,22,45,940,28,"0, HALPERN.(AVENUE BERNA",,,Nuit avec éclairage allumé,En agglomération,Hors intersection,Normale,Autre collision,,,,,,,,,,,5,2,1,1.0,6.0
201700044323,0017-04-05 13:00:00,17,4,5,13,0,940,28,"0, CHOISY(ROUTE DE)",,,Plein jour,En agglomération,Hors intersection,Normale,Deux véhicules - côté,,,,,,,,,,,1,2,1,1.0,3.0
201700044324,0017-04-07 18:35:00,17,4,7,18,35,940,11,"0, SEMARD(RUE PIERRE)",,,Plein jour,En agglomération,Hors intersection,Normale,Deux véhicules - côté,,,,,,,,,,,1,2,1,1.0,3.0
201700044325,0017-04-07 18:00:00,17,4,7,18,0,940,28,"0, PASTEUR VALERY RADOT(",,,Plein jour,En agglomération,Hors intersection,Normale,Autre collision,,,,,,,,,,,1,2,1,1.0,6.0
201700044326,0017-04-07 20:10:00,17,4,7,20,10,940,28,"0, POMPADOUR.(CHEMIN DE",,,Crépuscule ou aube,En agglomération,Hors intersection,Normale,Deux véhicules - côté,,,,,,,,,,,2,2,1,1.0,3.0
201700044327,0017-04-08 12:50:00,17,4,8,12,50,940,28,AV DE LA POMPADOUR,48.7726,2.43355,Plein jour,En agglomération,Hors intersection,Normale,Deux véhicules - arrière,,,,,,,,,,,1,2,1,1.0,2.0
201700044328,0017-04-09 21:40:00,17,4,9,21,40,940,28,"0, SARRASINS(RUE DES)",,,Nuit avec éclairage allumé,En agglomération,Hors intersection,Normale,Autre collision,,,,,,,,,,,5,2,1,1.0,6.0
201700044329,0017-04-12 17:50:00,17,4,12,17,50,940,28,"NC, HALPERN.(AVENUE BERN",,,Plein jour,En agglomération,Hors intersection,Normale,Autre collision,,,,,,,,,,,1,2,1,1.0,6.0
201700044330,0017-04-13 17:20:00,17,4,13,17,20,940,28,FOCH/MALFOURCHES,48.7802,2.4377,Plein jour,En agglomération,Intersection en X,Normale,Deux véhicules - côté,,,,,,,,,,,1,2,2,1.0,3.0
201700044331,0017-04-18 15:05:00,17,4,18,15,5,940,11,"0, SEMARD(RUE PIERRE)",,,Plein jour,En agglomération,Hors intersection,Normale,Deux véhicules - arrière,,,,,,,,,,,1,2,1,1.0,2.0
201700044332,0017-04-19 08:20:00,17,4,19,8,20,940,11,"NC, RHIN ET DANUBE(RUE D",,,Plein jour,En agglomération,Hors intersection,Normale,Autre collision,,,,,,,,,,,1,2,1,1.0,6.0
201700044333,0017-04-23 16:56:00,17,4,23,16,56,940,11,"NC, BOISSY.(AVENUE DE)",,,Plein jour,En agglomération,Hors intersection,Normale,Trois véhicules et plus - collisions multiples,,,,,,,,,,,1,2,1,1.0,5.0
201700044334,0017-04-24 12:50:00,17,4,24,12,50,940,28,"NC, BOEUFS(CHEMIN DES)",,,Plein jour,En agglomération,Hors intersection,Normale,Autre collision,,,,,,,,,,,1,2,1,1.0,6.0
201700044335,0017-04-24 10:30:00,17,4,24,10,30,940,28,"NC, GAULLE(AVENUE DU GEN",,,Plein jour,En agglomération,Intersection en X,Normale,Deux véhicules - côté,,,,,,,,,,,1,2,2,1.0,3.0
201700044336,0017-04-25 16:45:00,17,4,25,16,45,940,28,CAR POMPADOUR/POMPADOUR,48.7743,2.4397,Plein jour,En agglomération,Giratoire,Normale,Autre collision,,,,,,,,,,,1,2,6,1.0,6.0
201700044337,0017-04-28 06:45:00,17,4,28,6,45,940,11,"NC, ROSTAND.(RUE JEAN)",,,Crépuscule ou aube,En agglomération,Hors intersection,Normale,Deux véhicules - côté,,,,,,,,,,,2,2,1,1.0,3.0
201700044338,0017-04-28 11:40:00,17,4,28,11,40,940,28,"03, CASALIS.(AVE DU DR P",,,Plein jour,En agglomération,Hors intersection,Pluie légère,Autre collision,,,,,,,,,,,1,2,1,2.0,6.0
201700044339,0017-04-28 09:00:00,17,4,28,9,0,940,11,"NC, BOISSY.(AVENUE DE)",,,Plein jour,Hors agglomération,Hors intersection,Pluie forte,Deux véhicules - arrière,,,,,,,,,,,1,1,1,3.0,2.0
201700044340,0017-05-02 10:20:00,17,5,2,10,20,940,28,"0, CHOISY(ROUTE DE)",,,Plein jour,En agglomération,Hors intersection,Normale,Deux véhicules - arrière,,,,,,,,,,,1,2,1,1.0,2.0
201700044341,0017-05-02 17:15:00,17,5,2,17,15,940,28,"142, LECLERC.(RUE DU GEN",,,Plein jour,En agglomération,Hors intersection,Normale,Deux véhicules - arrière,,,,,,,,,,,1,2,1,1.0,2.0
201700044342,0017-04-30 14:55:00,17,4,30,14,55,940,28,"0, DUVAUCHEL(STADE)",,,Plein jour,En agglomération,Hors intersection,Normale,Deux véhicules - frontale,,,,,,,,,,,1,2,1,1.0,1.0
201700044343,0017-05-02 14:40:00,17,5,2,14,40,940,28,"0, ROSTAND (rue Jean)",,,Plein jour,En agglomération,Hors intersection,Normale,Deux véhicules - arrière,,,,,,,,,,,1,2,1,1.0,2.0
201700044344,0017-05-04 06:00:00,17,5,4,6,0,940,11,"0, OUEST(ROUTE DE L')",,,Crépuscule ou aube,En agglomération,Giratoire,Normale,Sans collision,,,,,,,,,,,2,2,6,1.0,7.0
201700044345,0017-05-04 12:20:00,17,5,4,12,20,940,28,"NC, ARCOS.(RUE RENE)",,,Plein jour,En agglomération,Intersection en T,Normale,Autre collision,,,,,,,,,,,1,2,3,1.0,6.0
201700044346,0017-05-09 09:40:00,17,5,9,9,40,940,28,"0, DUHAMEL(RUE GEORGES)",,,Plein jour,En agglomération,Hors intersection,Normale,Deux véhicules - côté,,,,,,,,,,,1,2,1,1.0,3.0
201700044347,0017-05-12 22:40:00,17,5,12,22,40,940,28,"nc, CHOISY(ROUTE DE)",,,Nuit avec éclairage allumé,En agglomération,Hors intersection,Normale,Deux véhicules - côté,,,,,,,,,,,5,2,1,1.0,3.0
201700044348,0017-05-18 19:20:00,17,5,18,19,20,940,28,"33, OUDRY.(BOULVARD JEAN",,,Plein jour,En agglomération,Hors intersection,Normale,Deux véhicules - arrière,,,,,,,,,,,1,2,1,1.0,2.0
201700044349,0017-05-10 14:05:00,17,5,10,14,5,940,11,"0, STAINS(ROUTE DE)",,,Plein jour,En agglomération,Hors intersection,Normale,Deux véhicules - arrière,,,,,,,,,,,1,2,1,1.0,2.0
201700044350,0017-05-25 19:25:00,17,5,25,19,25,940,28,"0, POMPADOUR(ROUTE DE LA",,,Plein jour,En agglomération,Hors intersection,Normale,Autre collision,,,,,,,,,,,1,2,1,1.0,6.0
201700044351,0017-05-25 16:00:00,17,5,25,16,0,940,11,"0, BOISSY.(AVENUE DE)",,,Plein jour,En agglomération,Hors intersection,Normale,Deux véhicules - côté,,,,,,,,,,,1,2,1,1.0,3.0
201700044352,0017-05-24 19:10:00,17,5,24,19,10,940,28,"nc, BILLOTTE.(AVE DU GAL",,,Plein jour,En agglomération,Intersection en T,Normale,Autre collision,,,,,,,,,,,1,2,3,1.0,6.0
201700044353,0017-05-26 23:00:00,17,5,26,23,0,940,11,"0, BOISSY.(AVENUE DE)",,,Plein jour,En agglomération,Hors intersection,Normale,Sans collision,,,,,,,,,,,1,2,1,1.0,7.0
201700044354,0017-05-29 18:40:00,17,5,29,18,40,940,28,"nc, COMPAGNONS DE LA LIB",,,Plein jour,En agglomération,Hors intersection,Normale,Autre collision,,,,,,,,,,,1,2,1,1.0,6.0
201700044355,0017-05-29 16:45:00,17,5,29,16,45,940,11,"nc, BOISSY.(AVENUE DE)",,,Plein jour,En agglomération,Hors intersection,Normale,Autre collision,,,,,,,,,,,1,2,1,1.0,6.0
201700044356,0017-05-30 15:45:00,17,5,30,15,45,940,28,"nc, TASSIGNY(AVE DU MARE",,,Plein jour,En agglomération,Hors intersection,Normale,Deux véhicules - arrière,,,,,,,,,,,1,2,1,1.0,2.0
201700044357,0017-06-01 14:40:00,17,6,1,14,40,940,28,POMPADOUR(CARREFOUR),48.7746,2.4389,Plein jour,En agglomération,Giratoire,Normale,Deux véhicules - arrière,,,,,,,,,,,1,2,6,1.0,2.0
201700044358,0017-06-08 20:45:00,17,6,8,20,45,940,28,"nc, MAGELLAN  (Av.)",48.76903,2.45695,Crépuscule ou aube,En agglomération,Hors intersection,Normale,Deux véhicules - arrière,,,,,,,,,,,2,2,1,1.0,2.0
201700044359,0017-06-09 19:23:00,17,6,9,19,23,940,28,"11, HABETTE(AVENUE ET PL",48.77409,2.46401,Plein jour,En agglomération,Hors intersection,Temps éblouissant,Autre collision,,,,,,,,,,,1,2,1,7.0,6.0
201700044360,0017-06-13 07:40:00,17,6,13,7,40,940,28,TASSIGNY(AVE DU MARECHAL,48.80181,2.44867,Plein jour,En agglomération,Hors intersection,Normale,Deux véhicules - arrière,,,,,,,,,,,1,2,1,1.0,2.0
201700044361,0017-06-13 08:55:00,17,6,13,8,55,940,28,"00, MECHES.(RUE DES)",48.79339,2.46076,Plein jour,En agglomération,Hors intersection,Normale,Deux véhicules - arrière,,,,,,,,,,,1,2,1,1.0,2.0
201700044362,0017-06-11 20:10:00,17,6,11,20,10,940,11,"23, ROSTAND/MOULIN",48.76682,2.48431,Plein jour,En agglomération,Intersection en X,Normale,Deux véhicules - arrière,,,,,,,,,,,1,2,2,1.0,2.0
201700044363,0017-06-15 08:30:00,17,6,15,8,30,940,11,BOUTON d'OR,48.80104,2.45324,Plein jour,En agglomération,Giratoire,Normale,Autre collision,,,,,,,,,,,1,2,6,1.0,6.0
201700044364,0017-06-15 10:40:00,17,6,15,10,40,940,28,HALPERN.(AVENUE BERNARD),48.79167,2.44794,Plein jour,Hors agglomération,Hors intersection,Normale,Deux véhicules - arrière,,,,,,,,,,,1,1,1,1.0,2.0
201700044365,0017-06-12 19:45:00,17,6,12,19,45,940,28,"11, OUDRY/OPHULS",48.77651,2.45705,Plein jour,En agglomération,Intersection en T,Normale,Deux véhicules - côté,,,,,,,,,,,1,2,3,1.0,3.0
201700044366,0017-06-15 17:55:00,17,6,15,17,55,940,28,MAURIAC / BRECHE,48.78544,2.45307,Plein jour,En agglomération,Intersection en T,Normale,Autre collision,,,,,,,,,,,1,2,3,1.0,6.0
201700044367,0017-06-16 11:50:00,17,6,16,11,50,940,28,"70, FOCH(AVENUE DU MAREC",48.77195,2.43994,Plein jour,En agglomération,Hors intersection,Normale,Trois véhicules et plus - en chaîne,,,,,,,,,,,1,2,1,1.0,4.0
201700044368,0017-06-15 20:55:00,17,6,15,20,55,940,28,POMPADOUR(ROUTE DE LA),48.76761,2.46771,Plein jour,En agglomération,Hors intersection,Normale,Deux véhicules - côté,,,,,,,,,,,1,2,1,1.0,3.0
201700044369,0017-06-16 14:20:00,17,6,16,14,20,940,11,"27, LECLERC.(AVENUE DU M",48.77348,2.49202,Plein jour,En agglomération,Hors intersection,Normale,Sans collision,,,,,,,,,,,1,2,1,1.0,7.0
201700044370,0017-06-16 16:10:00,17,6,16,16,10,940,28,"47, ECHAT(RUE DE L')",48.79957,2.44808,Plein jour,En agglomération,Hors intersection,Normale,Trois véhicules et plus - en chaîne,,,,,,,,,,,1,2,1,1.0,4.0
201700044371,0017-07-04 12:30:00,17,7,4,12,30,940,28,CHOISY(ROUTE DE),48.78311,2.44678,Plein jour,En agglomération,Hors intersection,Normale,Autre collision,,,,,,,,,,,1,2,1,1.0,6.0
201700044372,0017-06-20 15:25:00,17,6,20,15,25,940,11,SEMARD(RUE PIERRE),48.7632,2.47886,Plein jour,En agglomération,Giratoire,Normale,Deux véhicules - côté,,,,,,,,,,,1,2,6,1.0,3.0
201700044373,0017-06-22 20:20:00,17,6,22,20,20,940,11,"77, PARIS(AVENUE DE)",48.77848,2.47742,Crépuscule ou aube,En agglomération,Hors intersection,Normale,Deux véhicules - côté,,,,,,,,,,,2,2,1,1.0,3.0
201700044374,0017-06-23 17:45:00,17,6,23,17,45,940,28,"0, FOCH(AVENUE DU MARECH",48.77253,2.43978,Plein jour,En agglomération,Hors intersection,Normale,Deux véhicules - arrière,,,,,,,,,,,1,2,1,1.0,2.0
201700044375,0017-06-23 18:10:00,17,6,23,18,10,940,11,"3, CHOISY.(AVENUE DE)",48.77379,2.48126,Plein jour,En agglomération,Hors intersection,Normale,Deux véhicules - frontale,,,,,,,,,,,1,2,1,1.0,1.0
201700044376,0017-06-24 07:15:00,17,6,24,7,15,940,28,"NR, FOCH(AVENUE DU MAREC",48.77942,2.43805,Plein jour,En agglomération,Hors intersection,Normale,Deux véhicules - arrière,,,,,,,,,,,1,2,1,1.0,2.0
201700044377,0017-06-24 17:35:00,17,6,24,17,35,940,11,"0, PASTEUR.(AVENUE)",48.77459,2.47906,Plein jour,En agglomération,Intersection en T,Normale,Deux véhicules - frontale,,,,,,,,,,,1,2,3,1.0,1.0
201700044378,0017-06-26 06:55:00,17,6,26,6,55,940,28,"0, MECHES / MESLY",48.79272,2.45924,Plein jour,En agglomération,Intersection en T,Normale,Deux véhicules - côté,,,,,,,,,,,1,2,3,1.0,3.0
201700044379,0017-06-27 08:40:00,17,6,27,8,40,940,28,"22, VERDUN.(AVENUE DE)",48.79488,2.46255,Plein jour,En agglomération,Hors intersection,Normale,Deux véhicules - côté,,,,,,,,,,,1,2,1,1.0,3.0
201700044380,0017-06-27 15:20:00,17,6,27,15,20,940,11,HUIT MAI 1945.(RUE DU),48.77086,2.48117,Plein jour,En agglomération,Hors intersection,Normale,Autre collision,,,,,,,,,,,1,2,1,1.0,6.0
201700044381,0017-06-30 08:20:00,17,6,30,8,20,940,28,SULLY(RUE MAXILIEN DE BE,48.76857,2.47369,Plein jour,En agglomération,Hors intersection,Pluie légère,Deux véhicules - arrière,,,,,,,,,,,1,2,1,2.0,2.0
201700044382,0017-06-30 16:25:00,17,6,30,16,25,940,11,ROSTAND.(RUE JEAN),48.76668,2.48451,Plein jour,En agglomération,Intersection en X,Pluie légère,Deux véhicules - côté,,,,,,,,,,,1,2,2,2.0,3.0
201700044383,0017-07-04 15:21:00,17,7,4,15,21,940,28,"21, GAULLE(AVENUE DU GEN",48.7833,2.45235,Plein jour,En agglomération,Hors intersection,Normale,Deux véhicules - arrière,,,,,,,,,,,1,2,1,1.0,2.0
201700044384,0017-07-05 07:30:00,17,7,5,7,30,940,28,FOCH(AVENUE DU MAREC,48.77208,2.43989,Plein jour,En agglomération,Hors intersection,Normale,Sans collision,,,,,,,,,,,1,2,1,1.0,7.0
201700044385,0017-07-06 19:55:00,17,7,6,19,55,940,11,BEAUVAIS.(RUE CHARLES),48.8023,2.45647,Plein jour,En agglomération,Hors intersection,Normale,Autre collision,,,,,,,,,,,1,2,1,1.0,6.0
201700044386,0017-07-11 12:35:00,17,7,11,12,35,940,28,SAVAR/MARIN,48.774,2.4691,Plein jour,En agglomération,Intersection en T,Normale,Deux véhicules - côté,,,,,,,,,,,1,2,3,1.0,3.0
201700044387,0017-07-13 16:00:00,17,7,13,16,0,940,28,"0, FOCH(AVENUE DU MARECH",48.77392,2.43923,Plein jour,En agglomération,Giratoire,Normale,Autre collision,,,,,,,,,,,1,2,6,1.0,6.0
201700044388,0017-07-14 10:50:00,17,7,14,10,50,940,28,R PAUL FRANCOIS AVET,48.79398,2.46426,Plein jour,En agglomération,Hors intersection,Normale,Autre collision,,,,,,,,,,,1,2,1,1.0,6.0
201700044389,0017-07-18 13:36:00,17,7,18,13,36,940,11,GROSS/NERUDA,48.77387,2.48655,Plein jour,En agglomération,Intersection en X,Normale,Deux véhicules - côté,,,,,,,,,,,1,2,2,1.0,3.0
201700044390,0017-07-18 13:30:00,17,7,18,13,30,940,28,VERDUN/ STE MARIE,48.79738,2.46409,Plein jour,En agglomération,Intersection en T,Normale,Deux véhicules - côté,,,,,,,,,,,1,2,3,1.0,3.0
201700044391,0017-07-20 17:30:00,17,7,20,17,30,940,28,PASTEUR VALERY RADOT(IMP,48.78701,2.44154,Plein jour,En agglomération,Hors intersection,Normale,Deux véhicules - arrière,,,,,,,,,,,1,2,1,1.0,2.0
201700044392,0017-07-24 12:00:00,17,7,24,12,0,940,11,LYS.(AVENUE DES),48.7708,2.49239,Plein jour,En agglomération,Hors intersection,Normale,Deux véhicules - côté,,,,,,,,,,,1,2,1,1.0,3.0
201700044393,0017-08-01 01:04:00,17,8,1,1,4,940,28,"NR, GAULLE(AVENUE DU GEN",48.78231,2.45795,Nuit avec éclairage allumé,En agglomération,Hors intersection,Pluie légère,Autre collision,,,,,,,,,,,5,2,1,2.0,6.0
201700044394,0017-08-01 14:50:00,17,8,1,14,50,940,28,"21, GAULLE(AVENUE DU GEN",48.7875,2.44667,Plein jour,En agglomération,Giratoire,Normale,Deux véhicules - arrière,,,,,,,,,,,1,2,6,1.0,2.0
201700044395,0017-08-12 13:20:00,17,8,12,13,20,940,28,"0, POMPADOUR(CARREFOUR)",48.77478,2.43935,Plein jour,En agglomération,Giratoire,Normale,Deux véhicules - côté,,,,,,,,,,,1,2,6,1.0,3.0
201700044396,0017-08-13 16:00:00,17,8,13,16,0,940,28,"28, TASSIGNY(AVE DU MARE",48.79695,2.45716,Plein jour,En agglomération,Hors intersection,Normale,Deux véhicules - côté,,,,,,,,,,,1,2,1,1.0,3.0
201700044397,0017-08-18 06:20:00,17,8,18,6,20,940,28,FOCH(AVENUE DU MARECHAL),48.78139,2.4414,Crépuscule ou aube,En agglomération,Autre intersection,Pluie légère,Trois véhicules et plus - collisions multiples,,,,,,,,,,,2,2,9,2.0,5.0
201700044398,0017-08-18 12:40:00,17,8,18,12,40,940,28,Saussaie du ban (rue de,,,Plein jour,En agglomération,Hors intersection,Pluie légère,Deux véhicules - frontale,,,,,,,,,,,1,2,1,2.0,1.0
201700044399,0017-08-20 14:00:00,17,8,20,14,0,940,28,FOCH(AVENUE DU MARECHAL),48.77248,2.43993,Plein jour,En agglomération,Intersection en X,Normale,Deux véhicules - côté,,,,,,,,,,,1,2,2,1.0,3.0
201700044400,0017-08-25 14:00:00,17,8,25,14,0,940,28,ARCOS.(RUE RENE),48.77787,2.46559,Plein jour,En agglomération,Intersection en X,Temps couvert,Deux véhicules - côté,,,,,,,,,,,1,2,2,8.0,3.0
201700044401,0017-08-26 19:10:00,17,8,26,19,10,940,28,POMPADOUR(CARREFOUR),48.77478,2.43937,Plein jour,En agglomération,Giratoire,Normale,Deux véhicules - côté,,,,,,,,,,,1,2,6,1.0,3.0
201700044402,0017-08-28 08:25:00,17,8,28,8,25,940,28,POMPADOUR/CHOISY,48.77474,2.43963,Plein jour,En agglomération,Giratoire,Normale,Deux véhicules - côté,,,,,,,,,,,1,2,6,1.0,3.0
201700044403,0017-08-31 17:54:00,17,8,31,17,54,940,11,"NC, SEMARD(RUE PIERRE)",48.7625,2.47797,Plein jour,En agglomération,Hors intersection,Normale,Trois véhicules et plus - en chaîne,,,,,,,,,,,1,2,1,1.0,4.0
201700044404,0017-09-05 11:40:00,17,9,5,11,40,940,28,MESLY(AVENUE DU CHEMIN D,48.78378,2.45963,Plein jour,En agglomération,Intersection en T,Normale,Deux véhicules - frontale,,,,,,,,,,,1,2,3,1.0,1.0
201700044405,0017-09-05 21:20:00,17,9,5,21,20,940,11,GAULLE(CARREFOUR CHARLES,48.76859,2.48845,Nuit avec éclairage allumé,En agglomération,Intersection en X,Normale,Deux véhicules - côté,,,,,,,,,,,5,2,2,1.0,3.0
201700044406,0017-09-06 08:30:00,17,9,6,8,30,940,28,POMPADOUR(CARREFOUR),48.77403,2.43913,Plein jour,En agglomération,Giratoire,Normale,Deux véhicules - côté,,,,,,,,,,,1,2,6,1.0,3.0
201700044407,0017-09-15 13:45:00,17,9,15,13,45,940,28,"145, LECLERC.(RUE DU GEN",48.79106,2.46464,Plein jour,En agglomération,Hors intersection,Normale,Trois véhicules et plus - en chaîne,,,,,,,,,,,1,2,1,1.0,4.0
201700044408,0017-09-20 09:40:00,17,9,20,9,40,940,28,"4, CHOISY(ROUTE DE)",48.79106,2.4424,Plein jour,En agglomération,Hors intersection,Normale,Deux véhicules - côté,,,,,,,,,,,1,2,1,1.0,3.0
201700044409,0017-09-21 07:50:00,17,9,21,7,50,940,28,"BUS, CHOISY(ROUTE DE)",48.779,-2.443,Plein jour,En agglomération,Hors intersection,Normale,Deux véhicules - côté,,,,,,,,,,,1,2,1,1.0,3.0
201700044410,0017-09-21 14:05:00,17,9,21,14,5,940,28,POMPADOUR(ROUTE DE LA),48.77316,2.43498,Plein jour,En agglomération,Hors intersection,Normale,Autre collision,,,,,,,,,,,1,2,1,1.0,6.0
201700044411,0017-09-22 17:00:00,17,9,22,17,0,940,11,"36, MOULIN BATEAU.(RUE D",48.7831,2.50342,Plein jour,En agglomération,Hors intersection,Normale,Sans collision,,,,,,,,,,,1,2,1,1.0,7.0
201700044412,0017-09-23 15:42:00,17,9,23,15,42,940,28,GAULLE(AVENUE DU GENERAL,48.78566,2.44941,Plein jour,En agglomération,Intersection en T,Normale,Deux véhicules - côté,,,,,,,,,,,1,2,3,1.0,3.0
201700044413,0017-09-24 19:50:00,17,9,24,19,50,940,11,LECLERC.(AVENUE DU MAREC,48.77311,2.49443,Crépuscule ou aube,En agglomération,Hors intersection,Normale,Deux véhicules - arrière,,,,,,,,,,,2,2,1,1.0,2.0
201700044414,0017-09-28 12:00:00,17,9,28,12,0,940,11,JAURES(PLACE JEAN),48.77132,2.48719,Plein jour,En agglomération,Hors intersection,Normale,Autre collision,,,,,,,,,,,1,2,1,1.0,6.0
201700044415,0017-09-28 14:05:00,17,9,28,14,5,940,28,CHOISY(ROUTE DE),48.79065,2.45271,Plein jour,En agglomération,Hors intersection,Pluie légère,Autre collision,,,,,,,,,,,1,2,1,2.0,6.0
201700044416,0017-09-29 18:35:00,17,9,29,18,35,940,28,CASALIS.(AVE DU DR PAUL),48.77927,2.4522,Plein jour,En agglomération,Hors intersection,Normale,Deux véhicules - frontale,,,,,,,,,,,1,2,1,1.0,1.0