accident_id,datetime,annee,mois,jour,heure,minute,departement,commune_insee,adresse,latitude,longitude,luminosite,agglomeration,intersection,meteo,collision,nb_vehicules,nb_usagers,nb_indemnes,nb_tues,nb_blesses_hosp,nb_blesses_legers,age_cond_1,age_cond_2,veh_type_cond_1,veh_type_cond_2,lum_code,agg_code,int_code,atm_code,col_code
201700044417,0017-09-29 23:15:00,17,9,29,23,15,940,28,CHOISY(ROUTE DE),48.78644,2.44973,Nuit avec éclairage allumé,En agglomération,Hors intersection,Pluie légère,Deux véhicules - arrière,,,,,,,,,,,5,2,1,2.0,2.0
201700044418,0017-09-30 14:45:00,17,9,30,14,45,940,28,Duvauchelle (rue Dominiq,,,Plein jour,En agglomération,Hors intersection,Normale,Autre collision,,,,,,,,,,,1,2,1,1.0,6.0
201700044419,0017-10-02 14:20:00,17,10,2,14,20,940,28,"233, LECLERC.(RUE DU GEN",48.79268,2.46294,Plein jour,En agglomération,Intersection en Y,Normale,Deux véhicules - frontale,,,,,,,,,,,1,2,4,1.0,1.0
201700044420,0017-10-04 13:15:00,17,10,4,13,15,940,11,"3, SEMARD(RUE PIERRE)",48.75848,2.48159,Plein jour,En agglomération,Hors intersection,Normale,Deux véhicules - arrière,,,,,,,,,,,1,2,1,1.0,2.0
201700044421,0017-10-04 18:00:00,17,10,4,18,0,940,28,FOCH(AVENUE DU MARECHAL),48.78169,2.43667,Plein jour,Hors agglomération,Hors intersection,Normale,Autre collision,,,,,,,,,,,1,1,1,1.0,6.0
201700044422,0017-10-06 20:15:00,17,10,6,20,15,940,11,"2, RESISTANCE.(PLACE DE",48.76671,2.48451,Nuit avec éclairage allumé,En agglomération,Place,Normale,Deux véhicules - côté,,,,,,,,,,,5,2,7,1.0,3.0
201700044423,0017-10-06 20:30:00,17,10,6,20,30,940,28,RENOIR.(RUE AUGUSTE),48.78147,2.46419,Nuit avec éclairage allumé,En agglomération,Intersection en T,Normale,Autre collision,,,,,,,,,,,5,2,3,1.0,6.0
201700044424,0017-10-13 16:46:00,17,10,13,16,46,940,28,"1, PRAIRIE(RUE DE LA)",48.79636,2.46791,Plein jour,En agglomération,Autre intersection,Normale,Deux véhicules - côté,,,,,,,,,,,1,2,9,1.0,3.0
201700044425,0017-10-18 11:00:00,17,10,18,11,0,940,28,PARIS.(RUE DE),48.7949,2.45983,Plein jour,En agglomération,Intersection en X,Normale,Deux véhicules - arrière,,,,,,,,,,,1,2,2,1.0,2.0
201700044426,0017-10-18 18:00:00,17,10,18,18,0,940,28,"0, SAVAR.(RUE JULIETTE)",48.77845,2.46643,Plein jour,En agglomération,Intersection en T,Normale,Deux véhicules - côté,,,,,,,,,,,1,2,3,1.0,3.0
201700044427,0017-10-20 08:20:00,17,10,20,8,20,940,28,"1, BROSSOLETTE(AVENUE PI",48.7926,2.46134,Plein jour,En agglomération,Place,Normale,Autre collision,,,,,,,,,,,1,2,7,1.0,6.0
201700044428,0017-10-20 17:00:00,17,10,20,17,0,940,11,"125, PARIS(AVENUE DE)",48.79492,2.45977,Plein jour,En agglomération,Hors intersection,Normale,Autre collision,,,,,,,,,,,1,2,1,1.0,6.0
201700044429,0017-10-21 15:10:00,17,10,21,15,10,940,28,CHOISY(ROUTE DE),48.77817,2.44243,Plein jour,En agglomération,Hors intersection,Normale,Deux véhicules - arrière,,,,,,,,,,,1,2,1,1.0,2.0
201700044430,0017-10-23 17:04:00,17,10,23,17,4,940,28,CHOISY(ROUTE DE),48.77816,2.44236,Plein jour,En agglomération,Hors intersection,Pluie légère,Deux véhicules - arrière,,,,,,,,,,,1,2,1,2.0,2.0
201700044431,0017-10-23 20:15:00,17,10,23,20,15,940,28,TASSIGNY(AVE DU MARECHAL,48.79653,2.45749,Nuit avec éclairage allumé,En agglomération,Hors intersection,Pluie légère,Deux véhicules - arrière,,,,,,,,,,,5,2,1,2.0,2.0
201700044432,0017-10-24 15:15:00,17,10,24,15,15,940,28,HALPERN.(AVENUE BERNARD),48.79154,2.44766,Plein jour,En agglomération,Autre intersection,Temps couvert,Deux véhicules - arrière,,,,,,,,,,,1,2,9,8.0,2.0
201700044433,0017-10-29 16:00:00,17,10,29,16,0,940,28,HALPERN.(AVENUE BERNARD),48.7915,2.4478,Plein jour,En agglomération,Hors intersection,Temps couvert,Trois véhicules et plus - en chaîne,,,,,,,,,,,1,2,1,8.0,4.0
201700044434,0017-11-01 15:48:00,17,11,1,15,48,940,28,"0, POMPADOUR(ROUTE DE LA",,,Plein jour,En agglomération,Giratoire,Normale,Autre collision,,,,,,,,,,,1,2,6,1.0,6.0
201700044435,0017-11-05 11:40:00,17,11,5,11,40,940,28,"0, CHOISY(ROUTE DE)",,,Plein jour,En agglomération,Hors intersection,Normale,Deux véhicules - arrière,,,,,,,,,,,1,2,1,1.0,2.0
201700044436,0017-11-06 10:25:00,17,11,6,10,25,940,28,"51, GAULLE(AVENUE DU GEN",,,Plein jour,En agglomération,Hors intersection,Normale,Trois véhicules et plus - en chaîne,,,,,,,,,,,1,2,1,1.0,4.0
201700044437,0017-11-08 16:00:00,17,11,8,16,0,940,28,GAULLE(AVENUE DU GENERAL,,,Plein jour,En agglomération,Hors intersection,Normale,Autre collision,,,,,,,,,,,1,2,1,1.0,6.0
201700044438,0017-11-10 19:30:00,17,11,10,19,30,940,28,PINSONS(RUE DES),,,Nuit avec éclairage allumé,En agglomération,Intersection en X,Pluie légère,Autre collision,,,,,,,,,,,5,2,2,2.0,6.0
201700044439,0017-11-12 18:41:00,17,11,12,18,41,940,28,"0, MITTERAND (Rue Franço",48.76939,2.46543,Nuit avec éclairage allumé,En agglomération,Hors intersection,Temps couvert,Autre collision,,,,,,,,,,,5,2,1,8.0,6.0
201700044440,0017-11-17 09:45:00,17,11,17,9,45,940,28,"10, TASSIGNY(AVE DU MARE",,,Plein jour,En agglomération,Intersection en T,Pluie légère,Deux véhicules - côté,,,,,,,,,,,1,2,3,2.0,3.0
201700044441,0017-11-17 17:45:00,17,11,17,17,45,940,28,"1-9, GAULLE(AVENUE DU GE",,,Nuit avec éclairage allumé,En agglomération,Hors intersection,Normale,Autre collision,,,,,,,,,,,5,2,1,1.0,6.0
201700044442,0017-11-17 17:20:00,17,11,17,17,20,940,28,"0, GAULLE(AVENUE DU GENE",,,Nuit avec éclairage allumé,Hors agglomération,Hors intersection,Normale,Autre collision,,,,,,,,,,,5,1,1,1.0,6.0
201700044443,0017-11-19 10:35:00,17,11,19,10,35,940,28,"70, FOCH(AVENUE DU MAREC",48.77748,2.43861,Plein jour,En agglomération,Hors intersection,Normale,Deux véhicules - arrière,,,,,,,,,,,1,2,1,1.0,2.0
201700044444,0017-11-21 09:00:00,17,11,21,9,0,940,28,"0, ECHAT(RUE DE L')",,,Plein jour,En agglomération,Hors intersection,Temps couvert,Trois véhicules et plus - en chaîne,,,,,,,,,,,1,2,1,8.0,4.0
201700044445,0017-11-22 13:00:00,17,11,22,13,0,940,28,BROSSOLETTE(AVENUE PIERR,,,Plein jour,En agglomération,Hors intersection,Normale,Deux véhicules - côté,,,,,,,,,,,1,2,1,1.0,3.0
201700044446,0017-11-25 12:50:00,17,11,25,12,50,940,28,"225, LECLERC.(RUE DU GEN",,,Plein jour,En agglomération,Hors intersection,Pluie légère,Deux véhicules - côté,,,,,,,,,,,1,2,1,2.0,3.0
201700044447,0017-11-27 19:10:00,17,11,27,19,10,940,28,"0, PARIS.(RUE DE)",,,Crépuscule ou aube,En agglomération,Hors intersection,Pluie légère,Autre collision,,,,,,,,,,,2,2,1,2.0,6.0
201700044448,0017-11-28 18:25:00,17,11,28,18,25,940,28,LECLERC.(RUE DU GENERAL),,,Nuit avec éclairage allumé,En agglomération,Hors intersection,Pluie légère,Sans collision,,,,,,,,,,,5,2,1,2.0,7.0
201700044449,0017-11-29 09:20:00,17,11,29,9,20,940,28,"18, BROSSOLETTE(AVENUE P",48.79173,2.46171,Plein jour,En agglomération,Hors intersection,Normale,Autre collision,,,,,,,,,,,1,2,1,1.0,6.0
201700044450,0017-11-30 11:00:00,17,11,30,11,0,940,28,"23, MECHES(CHEMIN DES)",48.79227,2.45777,Plein jour,En agglomération,Hors intersection,Normale,Deux véhicules - arrière,,,,,,,,,,,1,2,1,1.0,2.0
201700044451,0017-12-01 17:48:00,17,12,1,17,48,940,11,"12, MOQUET.(RUE GUY)",48.76693,2.47818,Nuit avec éclairage allumé,En agglomération,Autre intersection,Normale,Autre collision,,,,,,,,,,,5,2,9,1.0,6.0
201700044452,0017-12-05 04:10:00,17,12,5,4,10,940,28,"9, FOCH(AVENUE DU MARECH",48.77259,2.43978,Nuit avec éclairage allumé,En agglomération,Hors intersection,Normale,Deux véhicules - arrière,,,,,,,,,,,5,2,1,1.0,2.0
201700044453,0017-12-05 16:30:00,17,12,5,16,30,940,28,"0, VERDUN.(AVENUE DE)",48.79,2.46,Plein jour,En agglomération,Hors intersection,Temps couvert,Deux véhicules - côté,,,,,,,,,,,1,2,1,8.0,3.0
201700044454,0017-12-05 18:00:00,17,12,5,18,0,940,28,"120, FOCH(AVENUE DU MARE",48.78469,2.43666,Nuit avec éclairage allumé,En agglomération,Giratoire,Normale,Autre collision,,,,,,,,,,,5,2,6,1.0,6.0
201700044455,0017-11-23 21:45:00,17,11,23,21,45,940,28,"28, 28 ARPENTS (rue des)",,,Nuit avec éclairage allumé,En agglomération,Hors intersection,Normale,Trois véhicules et plus - en chaîne,,,,,,,,,,,5,2,1,1.0,4.0
201700044456,0017-11-25 18:30:00,17,11,25,18,30,940,28,BOISSY.(AVENUE DE),,,Plein jour,En agglomération,Autre intersection,Normale,Deux véhicules - côté,,,,,,,,,,,1,2,9,1.0,3.0
201700044457,0017-12-08 13:10:00,17,12,8,13,10,940,11,"0, SEMARD(RUE PIERRE)",48.75804,2.48201,Plein jour,En agglomération,Hors intersection,Pluie légère,Deux véhicules - arrière,,,,,,,,,,,1,2,1,2.0,2.0
201700044458,0017-12-08 20:45:00,17,12,8,20,45,940,11,"01, MOULIN(RUE JEAN)",48.76919,2.48162,Nuit avec éclairage allumé,En agglomération,Hors intersection,Pluie légère,Autre collision,,,,,,,,,,,5,2,1,2.0,6.0
201700044459,0017-12-12 08:40:00,17,12,12,8,40,940,28,"0, CHOISY(ROUTE DE)",48.77485,2.43977,Plein jour,En agglomération,Hors intersection,Normale,Autre collision,,,,,,,,,,,1,2,1,1.0,6.0
201700044460,0017-12-14 17:45:00,17,12,14,17,45,940,28,CASALIS.(AVE DU DR PAUL),48.77994,2.46229,Nuit avec éclairage allumé,En agglomération,Intersection en T,Pluie légère,Autre collision,,,,,,,,,,,5,2,3,2.0,6.0
201700044461,0017-12-18 16:00:00,17,12,18,16,0,940,28,"41, AVET.(RUE PAUL FRANC",48.79473,2.46389,Plein jour,En agglomération,Hors intersection,Normale,Deux véhicules - côté,,,,,,,,,,,1,2,1,1.0,3.0
201700044462,0017-12-19 17:40:00,17,12,19,17,40,940,28,"21, TASSIGNY(AVE DU MARE",48.79632,2.45778,Nuit avec éclairage allumé,En agglomération,Hors intersection,Normale,Deux véhicules - côté,,,,,,,,,,,5,2,1,1.0,3.0
201700044463,0017-12-19 18:30:00,17,12,19,18,30,940,28,"94, GAULLE(AVENUE DU GEN",48.79765,2.4533,Nuit avec éclairage allumé,En agglomération,Hors intersection,Normale,Autre collision,,,,,,,,,,,5,2,1,1.0,6.0
201700044464,0017-12-23 18:00:00,17,12,23,18,0,940,28,"30, MATISSE(RUE HENRI)",48.783,2.46404,Nuit avec éclairage allumé,En agglomération,Autre intersection,Normale,Deux véhicules - frontale,,,,,,,,,,,5,2,9,1.0,1.0
201700044465,0017-12-26 07:55:00,17,12,26,7,55,940,28,"0, VERDUN.(AVENUE DE)",48.79956,2.46845,Nuit avec éclairage allumé,En agglomération,Intersection en T,Normale,Deux véhicules - arrière,,,,,,,,,,,5,2,3,1.0,2.0
201700044466,0017-12-26 16:10:00,17,12,26,16,10,940,28,"1, GAULLE(AVENUE DU GENE",48.78089,2.4569,Nuit avec éclairage allumé,En agglomération,Hors intersection,Pluie légère,Deux véhicules - côté,,,,,,,,,,,5,2,1,2.0,3.0
201700044467,0017-12-28 10:40:00,17,12,28,10,40,940,28,"CAF, GAULLE(AVENUE DU GE",48.79854,2.45029,Plein jour,En agglomération,Hors intersection,Normale,Deux véhicules - côté,,,,,,,,,,,1,2,1,1.0,3.0
201700044468,0017-12-28 11:15:00,17,12,28,11,15,940,28,"23, MECHES.(RUE DES)",48.79242,2.45804,Plein jour,En agglomération,Intersection en T,Normale,Deux véhicules - arrière,,,,,,,,,,,1,2,3,1.0,2.0
201700044469,0017-12-30 18:20:00,17,12,30,18,20,940,11,SEMARD(RUE PIERRE),48.76215,2.4794,Nuit avec éclairage allumé,En agglomération,Hors intersection,Temps couvert,Trois véhicules et plus - en chaîne,,,,,,,,,,,5,2,1,8.0,4.0
201700044470,0017-12-30 19:40:00,17,12,30,19,40,940,28,"0, POMPADOUR(ROUTE DE LA",48.76823,2.46553,Nuit avec éclairage allumé,En agglomération,Hors intersection,Pluie légère,Autre collision,,,,,,,,,,,5,2,1,2.0,6.0
201700044471,0017-06-14 19:37:00,17,6,14,19,37,940,28,TASSIGNY / CHAMPEVAL,48.79772,2.45611,Plein jour,En agglomération,Intersection en T,Normale,Trois véhicules et plus - collisions multiples,,,,,,,,,,,1,2,3,1.0,5.0
201700044472,0017-01-02 17:00:00,17,1,2,17,0,940,33,"05, JEAN MACE (R)",,,Crépuscule ou aube,En agglomération,Hors intersection,Brouillard / fumée,Autre collision,,,,,,,,,,,2,2,1,5.0,6.0
201700044473,0017-01-06 07:45:00,17,1,6,7,45,940,33,"36, RESISTANCE (R DE LA)",,,Crépuscule ou aube,En agglomération,Intersection en T,Normale,Autre collision,,,,,,,,,,,2,2,3,1.0,6.0
201700044474,0017-01-16 22:40:00,17,1,16,22,40,940,33,NEUILLY (AV DE),,,Nuit avec éclairage allumé,En agglomération,Intersection en X,Normale,Deux véhicules - frontale,,,,,,,,,,,5,2,2,1.0,1.0
201700044475,0017-01-27 19:25:00,17,1,27,19,25,940,33,GENERAL DE GAULLE (PL DU,,,Nuit avec éclairage allumé,En agglomération,Giratoire,Normale,Autre collision,,,,,,,,,,,5,2,6,1.0,6.0
201700044476,0017-01-29 05:55:00,17,1,29,5,55,940,33,MOREAU DAVID (PL),,,Nuit avec éclairage allumé,En agglomération,Intersection en X,Pluie légère,Deux véhicules - côté,,,,,,,,,,,5,2,2,2.0,3.0
201700044477,0017-02-19 18:00:00,17,2,19,18,0,940,33,DEUX COMMUNES (BD DES),,,Nuit avec éclairage allumé,En agglomération,Hors intersection,Normale,Deux véhicules - côté,,,,,,,,,,,5,2,1,1.0,3.0
201700044478,0017-03-01 17:25:00,17,3,1,17,25,940,33,"12, COMMANDANT JEAN DUHA",,,Plein jour,En agglomération,Hors intersection,Pluie forte,Deux véhicules - côté,,,,,,,,,,,1,2,1,3.0,3.0
201700044479,0017-03-08 18:25:00,17,3,8,18,25,940,33,MARECHAL JOFFRE (AV DU),,,Crépuscule ou aube,En agglomération,Hors intersection,Pluie légère,Autre collision,,,,,,,,,,,2,2,1,2.0,6.0
201700044480,0017-03-14 21:10:00,17,3,14,21,10,940,33,LOUISON BOBET (AV),,,Nuit avec éclairage allumé,En agglomération,Autre intersection,Normale,Trois véhicules et plus - en chaîne,,,,,,,,,,,5,2,9,1.0,4.0
201700044481,0017-03-15 09:15:00,17,3,15,9,15,940,33,"222, VICTOR HUGO (AV)",,,Plein jour,En agglomération,Hors intersection,Normale,Deux véhicules - côté,,,,,,,,,,,1,2,1,1.0,3.0
201700044482,0017-03-28 23:35:00,17,3,28,23,35,940,33,"4, JOINVILLE (R DE)",,,Nuit avec éclairage allumé,En agglomération,Hors intersection,Normale,Deux véhicules - arrière,,,,,,,,,,,5,2,1,1.0,2.0
201700044483,0017-04-01 14:25:00,17,4,1,14,25,940,33,"1, LOUISON BOBET (AV)",,,Plein jour,En agglomération,Giratoire,Normale,Deux véhicules - côté,,,,,,,,,,,1,2,6,1.0,3.0
201700044484,0017-04-09 16:35:00,17,4,9,16,35,940,33,"4, PRES LORETS (R DES)",,,Plein jour,En agglomération,Intersection en X,Normale,Deux véhicules - côté,,,,,,,,,,,1,2,2,1.0,3.0
201700044485,0017-04-20 18:50:00,17,4,20,18,50,940,33,"52, COMMANDANT JEAN DUHA",,,Plein jour,En agglomération,Hors intersection,Normale,Autre collision,,,,,,,,,,,1,2,1,1.0,6.0
201700044486,0017-04-26 08:50:00,17,4,26,8,50,940,33,"122, MARECHAL DE LATTRE",,,Plein jour,En agglomération,Intersection en T,Temps éblouissant,Trois véhicules et plus - collisions multiples,,,,,,,,,,,1,2,3,7.0,5.0
201700044487,0017-04-28 20:15:00,17,4,28,20,15,940,33,"67, REPUBLIQUE (AV DE LA",,,Plein jour,En agglomération,Hors intersection,Pluie légère,Deux véhicules - arrière,,,,,,,,,,,1,2,1,2.0,2.0
201700044488,0017-04-30 14:15:00,17,4,30,14,15,940,33,SOLIDARITE (R DE LA),,,Plein jour,En agglomération,Autre intersection,Normale,Deux véhicules - côté,,,,,,,,,,,1,2,9,1.0,3.0
201700044489,0017-05-04 07:55:00,17,5,4,7,55,940,33,PL MOREAU DAVID,,,Plein jour,En agglomération,Hors intersection,Temps couvert,Autre collision,,,,,,,,,,,1,2,1,8.0,6.0
201700044490,0017-05-06 15:20:00,17,5,6,15,20,940,33,"98, MOULINS (R DES)",,,Plein jour,En agglomération,Hors intersection,Pluie légère,Autre collision,,,,,,,,,,,1,2,1,2.0,6.0
201700044491,0017-05-08 17:30:00,17,5,8,17,30,940,33,"10, JEAN MACE (R)",,,Plein jour,En agglomération,Hors intersection,Normale,Autre collision,,,,,,,,,,,1,2,1,1.0,6.0
201700044492,0017-05-09 08:20:00,17,5,9,8,20,940,33,"201, CARNOT (R)",,,Plein jour,En agglomération,Hors intersection,Normale,Deux véhicules - côté,,,,,,,,,,,1,2,1,1.0,3.0
201700044493,0017-05-13 18:10:00,17,5,13,18,10,940,33,MARECHAL DE LATTRE DE TA,,,Plein jour,En agglomération,Hors intersection,Normale,Deux véhicules - arrière,,,,,,,,,,,1,2,1,1.0,2.0
201700044494,0017-05-16 06:00:00,17,5,16,6,0,940,33,"18, VICTOR HUGO (AV)",,,Crépuscule ou aube,En agglomération,Hors intersection,Normale,Deux véhicules - côté,,,,,,,,,,,2,2,1,1.0,3.0
201700044495,0017-05-30 09:40:00,17,5,30,9,40,940,33,DALAYRAC (R),,,Plein jour,En agglomération,Hors intersection,Temps couvert,Autre collision,,,,,,,,,,,1,2,1,8.0,6.0
201700044496,0017-06-01 09:45:00,17,6,1,9,45,940,33,ORMES / GUERIN LEROUX,48.84897,2.47626,Plein jour,En agglomération,Intersection en T,Normale,Deux véhicules - arrière,,,,,,,,,,,1,2,3,1.0,2.0
201700044497,0017-06-07 07:50:00,17,6,7,7,50,940,33,NEUILLY / G. LACASSAGNE,48.84702,2.48475,Plein jour,En agglomération,Intersection en X,Normale,Deux véhicules - arrière,,,,,,,,,,,1,2,2,1.0,2.0
201700044498,0017-06-23 09:00:00,17,6,23,9,0,940,33,"33, MARECHAL DE LATTRE D",48.85736,2.49151,Plein jour,En agglomération,Hors intersection,Normale,Deux véhicules - arrière,,,,,,,,,,,1,2,1,1.0,2.0
201700044499,0017-12-12 12:30:00,17,12,12,12,30,940,33,"7, HENRI WALLON (R)",48.85752,2.47732,Plein jour,En agglomération,Hors intersection,Normale,Autre collision,,,,,,,,,,,1,2,1,1.0,6.0
201700044500,0017-12-21 17:50:00,17,12,21,17,50,940,33,ROSNY (R DE),48.84997,2.47419,Crépuscule ou aube,En agglomération,Intersection en X,Pluie légère,Autre collision,,,,,,,,,,,2,2,2,2.0,6.0
201700044501,0017-06-23 17:10:00,17,6,23,17,10,940,33,227 REPUBLIQUE/HERICOURT,48.85257,2.46569,Plein jour,En agglomération,Intersection à plus de 4 branches,Normale,Autre collision,,,,,,,,,,,1,2,5,1.0,6.0
201700044502,0017-06-26 08:50:00,17,6,26,8,50,940,33,"201, LOUISON BOBET (AV)",48.85257,2.49047,Plein jour,En agglomération,Giratoire,Normale,Deux véhicules - côté,,,,,,,,,,,1,2,6,1.0,3.0
201700044503,0017-06-29 15:40:00,17,6,29,15,40,940,33,LOUISON BOBET (AV),48.8524,2.4907,Plein jour,En agglomération,Giratoire,Pluie forte,Deux véhicules - arrière,,,,,,,,,,,1,2,6,3.0,2.0
201700044504,0017-07-03 00:10:00,17,7,3,0,10,940,33,"116, DANTON /LAURENT",48.85574,2.4577,Nuit avec éclairage allumé,En agglomération,Intersection en Y,Normale,Deux véhicules - côté,,,,,,,,,,,5,2,4,1.0,3.0
201700044505,0017-07-07 09:45:00,17,7,7,9,45,940,33,"201, CARNOT (R)",48.85293,2.49091,Plein jour,En agglomération,Autre intersection,Normale,Deux véhicules - côté,,,,,,,,,,,1,2,9,1.0,3.0
201700044506,0017-07-25 18:15:00,17,7,25,18,15,940,33,REPUBLIQUE D'ORVES,48.85227,2.45656,Plein jour,En agglomération,Intersection en X,Normale,Autre collision,,,,,,,,,,,1,2,2,1.0,6.0
201700044507,0017-07-28 16:20:00,17,7,28,16,20,940,33,"0, GALLIENI (BD)",48.84831,2.4781,Plein jour,En agglomération,Hors intersection,Normale,Autre collision,,,,,,,,,,,1,2,1,1.0,6.0
201700044508,0017-08-01 15:20:00,17,8,1,15,20,940,33,"34, MARECHAL JOFFRE (AV",48.854,2.47349,Plein jour,En agglomération,Intersection en T,Normale,Deux véhicules - côté,,,,,,,,,,,1,2,3,1.0,3.0
201700044509,0017-09-09 20:20:00,17,9,9,20,20,940,33,"21, MARECHAL DE LATTRE D",48.85329,2.49341,Crépuscule ou aube,En agglomération,Hors intersection,Normale,Deux véhicules - arrière,,,,,,,,,,,2,2,1,1.0,2.0
201700044510,0017-09-11 19:10:00,17,9,11,19,10,940,33,"48, RABELAIS (AV)",48.85,2.48,Crépuscule ou aube,En agglomération,Hors intersection,Normale,Autre collision,,,,,,,,,,,2,2,1,1.0,6.0
201700044511,0017-09-14 18:35:00,17,9,14,18,35,940,33,"258, REPUBLIQUE (AV DE L",,,Plein jour,En agglomération,Hors intersection,Normale,Deux véhicules - arrière,,,,,,,,,,,1,2,1,1.0,2.0
201700044512,0017-09-20 14:00:00,17,9,20,14,0,940,33,"45, LACASSAGNE/RENARD",48.84565,2.48671,Plein jour,En agglomération,Intersection en T,Normale,Deux véhicules - frontale,,,,,,,,,,,1,2,3,1.0,1.0
201700044513,0017-09-22 19:15:00,17,9,22,19,15,940,33,"31, MARECHAL DE LATTRE D",48.85963,2.49065,Plein jour,En agglomération,Hors intersection,Normale,Sans collision,,,,,,,,,,,1,2,1,1.0,7.0
201700044514,0017-09-25 21:35:00,17,9,25,21,35,940,33,"148, MARECHAL DE LATTRE",48.857,2.491,Nuit avec éclairage allumé,En agglomération,Hors intersection,Normale,Sans collision,,,,,,,,,,,5,2,1,1.0,7.0
201700044515,0017-10-05 09:19:00,17,10,5,9,19,940,33,MARECHAL DE LATTRE DE TA,48.85949,2.49062,Plein jour,En agglomération,Intersection en T,Temps couvert,Deux véhicules - côté,,,,,,,,,,,1,2,3,8.0,3.0
201700044516,0017-10-05 14:45:00,17,10,5,14,45,940,33,"20-24, MAXIMILIEN ROBESP",48.85121,2.486,Plein jour,En agglomération,Hors intersection,Normale,Autre collision,,,,,,,,,,,1,2,1,1.0,6.0
201700044517,0017-10-06 17:10:00,17,10,6,17,10,940,33,"103, DALAYRAC (R)",48.84907,2.45931,Plein jour,En agglomération,Hors intersection,Normale,Trois véhicules et plus - collisions multiples,,,,,,,,,,,1,2,1,1.0,5.0
201700044518,0017-10-17 15:12:00,17,10,17,15,12,940,33,"33, MARECHAL DE LATTRE D",48.8573,2.4914,Plein jour,En agglomération,Hors intersection,Normale,Deux véhicules - côté,,,,,,,,,,,1,2,1,1.0,3.0
201700044519,0017-10-19 03:25:00,17,10,19,3,25,940,33,MARECHAL DE LATTRE DE TA,48.85397,2.49344,Nuit avec éclairage allumé,En agglomération,Autre intersection,Normale,Deux véhicules - côté,,,,,,,,,,,5,2,9,1.0,3.0
201700044520,0017-10-30 10:45:00,17,10,30,10,45,940,33,"201, CARNOT (R)",48.8533,2.49175,Plein jour,En agglomération,Hors intersection,Normale,Deux véhicules - côté,,,,,,,,,,,1,2,1,1.0,3.0
201700044521,0017-10-31 20:15:00,17,10,31,20,15,940,33,"103, GALLIENI (BD)",,,Nuit avec éclairage allumé,En agglomération,Hors intersection,Normale,Autre collision,,,,,,,,,,,5,2,1,1.0,6.0
201700044522,0017-11-07 22:40:00,17,11,7,22,40,940,33,"18, VICTOR HUGO (AV)",,,Nuit avec éclairage allumé,En agglomération,Autre intersection,Normale,Deux véhicules - côté,,,,,,,,,,,5,2,9,1.0,3.0
201700044523,0017-11-12 19:35:00,17,11,12,19,35,940,33,"166, MARECHAL DE LATTRE",,,Nuit avec éclairage non allumé,En agglomération,Hors intersection,Normale,Autre collision,,,,,,,,,,,4,2,1,1.0,6.0
201700044524,0017-11-15 22:30:00,17,11,15,22,30,940,33,MARECHAL JOFFRE (AV DU),,,Nuit avec éclairage allumé,En agglomération,Hors intersection,Normale,Trois véhicules et plus - en chaîne,,,,,,,,,,,5,2,1,1.0,4.0
201700044525,0017-11-17 09:20:00,17,11,17,9,20,940,33,"1, LOUISON BOBET (AV)",,,Plein jour,En agglomération,Hors intersection,Pluie légère,Trois véhicules et plus - en chaîne,,,,,,,,,,,1,2,1,2.0,4.0
201700044526,0017-11-29 09:25:00,17,11,29,9,25,940,33,VERDUN (BD DE),,,Plein jour,En agglomération,Intersection en X,Temps couvert,Deux véhicules - frontale,,,,,,,,,,,1,2,2,8.0,1.0
201700044527,0017-11-28 23:15:00,17,11,28,23,15,940,33,LOUISON BOBET (AV),48.85101,2.49313,Nuit avec éclairage allumé,En agglomération,Intersection en T,Normale,Deux véhicules - côté,,,,,,,,,,,5,2,3,1.0,3.0
201700044528,0017-11-30 12:40:00,17,11,30,12,40,940,33,"89, VICTOR HUGO (AV)",,,Plein jour,En agglomération,Hors intersection,Normale,Deux véhicules - côté,,,,,,,,,,,1,2,1,1.0,3.0
201700044529,0017-01-03 19:00:00,17,1,3,19,0,940,76,"39, PAUL VAILLANT COUTUR",,,Nuit avec éclairage allumé,En agglomération,Hors intersection,Normale,Sans collision,,,,,,,,,,,5,2,1,1.0,7.0
201700044530,0017-01-07 22:55:00,17,1,7,22,55,940,3,"66, DIVISION DU GENERAL",,,Nuit avec éclairage allumé,En agglomération,Hors intersection,Pluie légère,Autre collision,,,,,,,,,,,5,2,1,2.0,6.0
201700044531,0017-01-11 08:05:00,17,1,11,8,5,940,3,"127, ARISTIDE BRIAND (AV",,,Crépuscule ou aube,En agglomération,Hors intersection,Pluie légère,Deux véhicules - arrière,,,,,,,,,,,2,2,1,2.0,2.0
201700044532,0017-01-12 09:30:00,17,1,12,9,30,940,76,"134, MAXIME GORKI (BD)",,,Plein jour,En agglomération,Hors intersection,Pluie légère,Sans collision,,,,,,,,,,,1,2,1,2.0,7.0
201700044533,0017-01-12 22:50:00,17,1,12,22,50,940,76,"57, PAUL VAILLANT COUTUR",,,Nuit avec éclairage allumé,En agglomération,Intersection en X,Vent fort / tempête,Deux véhicules - côté,,,,,,,,,,,5,2,2,6.0,3.0
201700044534,0017-01-13 14:25:00,17,1,13,14,25,940,76,"1, MAXIME GORKI (BD)",,,Plein jour,En agglomération,Hors intersection,Pluie légère,Deux véhicules - frontale,,,,,,,,,,,1,2,1,2.0,1.0
201700044535,0017-01-13 18:00:00,17,1,13,18,0,940,43,"68, FONTAINEBLEAU (AV DE",,,Nuit avec éclairage allumé,En agglomération,Hors intersection,Pluie légère,Deux véhicules - côté,,,,,,,,,,,5,2,1,2.0,3.0
201700044536,0017-01-17 08:35:00,17,1,17,8,35,940,43,"1, SEVERINE (R)",,,Plein jour,En agglomération,Autre intersection,Autre,Sans collision,,,,,,,,,,,1,2,9,9.0,7.0