accident_id,datetime,annee,mois,jour,heure,minute,departement,commune_insee,adresse,latitude,longitude,luminosite,agglomeration,intersection,meteo,collision,nb_vehicules,nb_usagers,nb_indemnes,nb_tues,nb_blesses_hosp,nb_blesses_legers,age_cond_1,age_cond_2,veh_type_cond_1,veh_type_cond_2,lum_code,agg_code,int_code,atm_code,col_code
201700044537,0017-01-20 08:50:00,17,1,20,8,50,940,43,", FONTAINEBLEAU (AV DE)",,,Plein jour,En agglomération,Hors intersection,Normale,Sans collision,,,,,,,,,,,1,2,1,1.0,7.0
201700044538,0017-01-23 09:11:00,17,1,23,9,11,940,16,"71, CARNOT (AV)",,,Plein jour,En agglomération,Hors intersection,Normale,Autre collision,,,,,,,,,,,1,2,1,1.0,6.0
201700044539,0017-01-23 10:05:00,17,1,23,10,5,940,76,"1, MARCEL PAUL (R)",,,Plein jour,En agglomération,Giratoire,Normale,Sans collision,,,,,,,,,,,1,2,6,1.0,7.0
201700044540,0017-01-23 13:35:00,17,1,23,13,35,940,76,"1, PARIS (AV DE)",,,Plein jour,En agglomération,Hors intersection,Normale,Deux véhicules - côté,,,,,,,,,,,1,2,1,1.0,3.0
201700044541,0017-01-25 10:20:00,17,1,25,10,20,940,3,"6, CONVENTION (AV DE LA)",,,Plein jour,En agglomération,Intersection en X,Normale,Sans collision,,,,,,,,,,,1,2,2,1.0,7.0
201700044542,0017-01-25 21:50:00,17,1,25,21,50,940,76,"44, MAXIME GORKI (BD)",,,Nuit avec éclairage allumé,En agglomération,Hors intersection,Normale,Sans collision,,,,,,,,,,,5,2,1,1.0,7.0
201700044543,0017-01-26 18:25:00,17,1,26,18,25,940,3,PAUL DOUMER (AV),,,Nuit avec éclairage allumé,En agglomération,Hors intersection,Normale,Deux véhicules - frontale,,,,,,,,,,,5,2,1,1.0,1.0
201700044544,0017-01-28 17:35:00,17,1,28,17,35,940,37,"1, PRESIDENT ALLENDE (R",,,Plein jour,En agglomération,Intersection en X,Normale,Sans collision,,,,,,,,,,,1,2,2,1.0,7.0
201700044545,0017-02-06 03:00:00,17,2,6,3,0,940,43,"59-63, CHARLES GIDE (AV)",,,Nuit avec éclairage allumé,En agglomération,Hors intersection,Pluie légère,Deux véhicules - côté,,,,,,,,,,,5,2,1,2.0,3.0
201700044546,0017-02-06 07:45:00,17,2,6,7,45,940,3,"127, ARISTIDE BRIAND (AV",,,Crépuscule ou aube,En agglomération,Hors intersection,Temps couvert,Trois véhicules et plus - collisions multiples,,,,,,,,,,,2,2,1,8.0,5.0
201700044547,0017-02-07 07:50:00,17,2,7,7,50,940,43,"12, PROFESSEUR BERGONIE",,,Crépuscule ou aube,En agglomération,Hors intersection,Pluie légère,Sans collision,,,,,,,,,,,2,2,1,2.0,7.0
201700044548,0017-02-11 14:25:00,17,2,11,14,25,940,76,"49, MAXIME GORKI (BD)",,,Plein jour,En agglomération,Intersection en T,Temps couvert,Deux véhicules - arrière,,,,,,,,,,,1,2,3,8.0,2.0
201700044549,0017-02-12 21:40:00,17,2,12,21,40,940,76,"79, LOUIS ARAGON (AV)",,,Nuit avec éclairage allumé,En agglomération,Intersection en X,Normale,Deux véhicules - frontale,,,,,,,,,,,5,2,2,1.0,1.0
201700044550,0017-02-16 09:45:00,17,2,16,9,45,940,3,"1, ARISTIDE BRIAND (AV)",,,Plein jour,En agglomération,Hors intersection,Pluie légère,Deux véhicules - côté,,,,,,,,,,,1,2,1,2.0,3.0
201700044551,0017-02-16 14:30:00,17,2,16,14,30,940,76,"2, GRIFFUELHES (R)",,,Plein jour,En agglomération,Intersection en X,Temps couvert,Autre collision,,,,,,,,,,,1,2,2,8.0,6.0
201700044552,0017-02-16 18:10:00,17,2,16,18,10,940,3,"42, ARISTIDE BRIAND (AV)",,,Nuit avec éclairage allumé,En agglomération,Hors intersection,Pluie forte,Deux véhicules - côté,,,,,,,,,,,5,2,1,3.0,3.0
201700044553,0017-02-18 11:20:00,17,2,18,11,20,940,43,", FONTAINEBLEAU (AV DE)",,,Plein jour,En agglomération,Hors intersection,Normale,Deux véhicules - côté,,,,,,,,,,,1,2,1,1.0,3.0
201700044554,0017-02-19 12:05:00,17,2,19,12,5,940,3,"22, ARISTIDE BRIAND (AV)",,,Plein jour,En agglomération,Intersection en Y,Normale,Deux véhicules - côté,,,,,,,,,,,1,2,4,1.0,3.0
201700044555,0017-02-21 13:38:00,17,2,21,13,38,940,3,"17, PAUL VAILLANT COUTUR",,,Plein jour,En agglomération,Hors intersection,Normale,Sans collision,,,,,,,,,,,1,2,1,1.0,7.0
201700044556,0017-02-24 23:05:00,17,2,24,23,5,940,76,"81, JEAN BAPTISTE BAUDIN",,,Nuit avec éclairage allumé,En agglomération,Hors intersection,Normale,Deux véhicules - côté,,,,,,,,,,,5,2,1,1.0,3.0
201700044557,0017-02-28 08:15:00,17,2,28,8,15,940,16,"9, PROVIGNY (R DE)",,,Plein jour,En agglomération,Intersection en T,Normale,Deux véhicules - côté,,,,,,,,,,,1,2,3,1.0,3.0
201700044558,0017-02-28 18:10:00,17,2,28,18,10,940,76,"3, ACACIAS (RES DES)",,,Crépuscule ou aube,En agglomération,Hors intersection,Normale,Sans collision,,,,,,,,,,,2,2,1,1.0,7.0
201700044559,0017-03-01 14:45:00,17,3,1,14,45,940,76,"7, KARL MARX (AV)",,,Plein jour,En agglomération,Intersection en X,Pluie légère,Sans collision,,,,,,,,,,,1,2,2,2.0,7.0
201700044560,0017-03-02 16:30:00,17,3,2,16,30,940,16,"10-12, ANGE RUBAUD (R)",,,Plein jour,En agglomération,Intersection en T,Normale,Deux véhicules - côté,,,,,,,,,,,1,2,3,1.0,3.0
201700044561,0017-03-02 16:45:00,17,3,2,16,45,940,76,"10, JEAN BAPTISTE BAUDIN",,,Plein jour,En agglomération,Hors intersection,Normale,Sans collision,,,,,,,,,,,1,2,1,1.0,7.0
201700044562,0017-03-03 10:25:00,17,3,3,10,25,940,3,"47, GABRIEL PERI (AV)",,,Plein jour,En agglomération,Hors intersection,Normale,Trois véhicules et plus - collisions multiples,,,,,,,,,,,1,2,1,1.0,5.0
201700044563,0017-03-07 10:45:00,17,3,7,10,45,940,16,"1, PRESIDENT WILSON (AV",,,Plein jour,En agglomération,Hors intersection,Normale,Sans collision,,,,,,,,,,,1,2,1,1.0,7.0
201700044564,0017-03-07 17:40:00,17,3,7,17,40,940,76,"49bis, MAXIME GORKI (BD)",,,Plein jour,En agglomération,Hors intersection,Normale,Deux véhicules - côté,,,,,,,,,,,1,2,1,1.0,3.0
201700044565,0017-03-09 10:30:00,17,3,9,10,30,940,76,"49, MAXIME GORKI (BD)",,,Plein jour,En agglomération,Hors intersection,Normale,Sans collision,,,,,,,,,,,1,2,1,1.0,7.0
201700044566,0017-03-09 18:30:00,17,3,9,18,30,940,16,"30, GABRIEL PERI (R)",,,Crépuscule ou aube,En agglomération,Hors intersection,Temps couvert,Deux véhicules - côté,,,,,,,,,,,2,2,1,8.0,3.0
201700044567,0017-03-14 14:45:00,17,3,14,14,45,940,43,"106, GABRIEL PERI (R)",,,Plein jour,En agglomération,Intersection en X,Normale,Deux véhicules - côté,,,,,,,,,,,1,2,2,1.0,3.0
201700044568,0017-03-14 18:10:00,17,3,14,18,10,940,16,"19, LOUIS GEORGEON (AV)",,,Plein jour,En agglomération,Hors intersection,Normale,Deux véhicules - arrière,,,,,,,,,,,1,2,1,1.0,2.0
201700044569,0017-03-16 15:30:00,17,3,16,15,30,940,37,"141, PAUL VAILLANT COUTU",,,Plein jour,En agglomération,Hors intersection,Normale,Deux véhicules - frontale,,,,,,,,,,,1,2,1,1.0,1.0
201700044570,0017-03-18 06:20:00,17,3,18,6,20,940,16,"159, ARISTIDE BRIAND (AV",,,Crépuscule ou aube,En agglomération,Hors intersection,Normale,Deux véhicules - côté,,,,,,,,,,,2,2,1,1.0,3.0
201700044571,0017-03-19 06:30:00,17,3,19,6,30,940,43,"3, GABRIEL PERI (R)",,,Nuit avec éclairage allumé,En agglomération,Hors intersection,Normale,Deux véhicules - arrière,,,,,,,,,,,5,2,1,1.0,2.0
201700044572,0017-03-23 19:00:00,17,3,23,19,0,940,16,"3, ARISTIDE BRIAND (AV)",,,Nuit avec éclairage allumé,En agglomération,Hors intersection,Pluie forte,Sans collision,,,,,,,,,,,5,2,1,3.0,7.0
201700044573,0017-03-26 07:45:00,17,3,26,7,45,940,76,"99, PARIS (AV DE)",,,Plein jour,En agglomération,Hors intersection,Normale,Deux véhicules - frontale,,,,,,,,,,,1,2,1,1.0,1.0
201700044574,0017-03-27 15:20:00,17,3,27,15,20,940,43,"56, CONVENTION (R DE LA)",,,Plein jour,En agglomération,Hors intersection,Normale,Deux véhicules - côté,,,,,,,,,,,1,2,1,1.0,3.0
201700044575,0017-03-28 19:15:00,17,3,28,19,15,940,76,"42, PARIS (AV DE)",,,Plein jour,Hors agglomération,Hors intersection,Normale,Deux véhicules - arrière,,,,,,,,,,,1,1,1,1.0,2.0
201700044576,0017-03-29 10:50:00,17,3,29,10,50,940,76,"185, MAXIME GORKI (BD)",,,Plein jour,En agglomération,Autre intersection,Normale,Deux véhicules - côté,,,,,,,,,,,1,2,9,1.0,3.0
201700044577,0017-03-30 01:07:00,17,3,30,1,7,940,43,"26, FONTAINEBLEAU (AV DE",,,Nuit avec éclairage allumé,En agglomération,Hors intersection,Normale,Deux véhicules - côté,,,,,,,,,,,5,2,1,1.0,3.0
201700044578,0017-04-02 16:40:00,17,4,2,16,40,940,16,"2, STRASBOURG (R DE)",,,Plein jour,En agglomération,Hors intersection,Normale,Sans collision,,,,,,,,,,,1,2,1,1.0,7.0
201700044579,0017-04-03 18:50:00,17,4,3,18,50,940,16,"113, VANNE (BD DE LA)",,,Plein jour,En agglomération,Hors intersection,Normale,Autre collision,,,,,,,,,,,1,2,1,1.0,6.0
201700044580,0017-04-04 19:30:00,17,4,4,19,30,940,16,"3, LOUIS GEORGEON (AV)",,,Crépuscule ou aube,En agglomération,Hors intersection,Normale,Deux véhicules - frontale,,,,,,,,,,,2,2,1,1.0,1.0
201700044581,0017-04-15 14:00:00,17,4,15,14,0,940,43,"120, FONTAINEBLEAU (AV D",,,Plein jour,En agglomération,Hors intersection,Normale,Trois véhicules et plus - collisions multiples,,,,,,,,,,,1,2,1,1.0,5.0
201700044582,0017-04-05 17:45:00,17,4,5,17,45,940,16,"11, LOUIS GEORGEON (AV)",,,Plein jour,En agglomération,Intersection en X,Normale,Autre collision,,,,,,,,,,,1,2,2,1.0,6.0
201700044583,0017-04-07 07:35:00,17,4,7,7,35,940,37,"130, GABRIEL PERI (R)",,,Plein jour,En agglomération,Intersection en X,Normale,Deux véhicules - côté,,,,,,,,,,,1,2,2,1.0,3.0
201700044584,0017-04-09 01:30:00,17,4,9,1,30,940,76,"36, PAUL VAILLANT COUTUR",,,Nuit avec éclairage allumé,En agglomération,Intersection en X,Normale,Deux véhicules - côté,,,,,,,,,,,5,2,2,1.0,3.0
201700044585,0017-04-10 16:25:00,17,4,10,16,25,940,76,"77-79, LOUIS ARAGON (AV)",,,Plein jour,En agglomération,Hors intersection,Normale,Deux véhicules - frontale,,,,,,,,,,,1,2,1,1.0,1.0
201700044586,0017-04-11 13:35:00,17,4,11,13,35,940,3,"1, ARISTIDE BRIAND (AV)",,,Plein jour,En agglomération,Hors intersection,Normale,Trois véhicules et plus - en chaîne,,,,,,,,,,,1,2,1,1.0,4.0
201700044587,0017-04-12 19:00:00,17,4,12,19,0,940,76,"32, KARL MARX (AV)",,,Plein jour,En agglomération,Hors intersection,Normale,Deux véhicules - frontale,,,,,,,,,,,1,2,1,1.0,1.0
201700044588,0017-04-20 12:15:00,17,4,20,12,15,940,16,"36, MARCEL BONNET (R)",,,Plein jour,En agglomération,Hors intersection,Normale,Deux véhicules - frontale,,,,,,,,,,,1,2,1,1.0,1.0
201700044589,0017-04-24 07:10:00,17,4,24,7,10,940,76,"7, PARIS (AV DE)",,,Plein jour,En agglomération,Hors intersection,Normale,Deux véhicules - côté,,,,,,,,,,,1,2,1,1.0,3.0
201700044590,0017-04-25 09:55:00,17,4,25,9,55,940,43,"11, EDMONT MICHELET (R)",,,Plein jour,En agglomération,Hors intersection,Pluie légère,Deux véhicules - côté,,,,,,,,,,,1,2,1,2.0,3.0
201700044591,0017-04-27 15:06:00,17,4,27,15,6,940,76,"46, MAXIME GORKI (BD)",,,Plein jour,En agglomération,Intersection en X,Pluie légère,Deux véhicules - côté,,,,,,,,,,,1,2,2,2.0,3.0
201700044592,0017-04-30 02:00:00,17,4,30,2,0,940,76,"50, MAXIME GORKI (BD)",,,Nuit avec éclairage allumé,En agglomération,Intersection en X,Normale,Deux véhicules - côté,,,,,,,,,,,5,2,2,1.0,3.0
201700044593,0017-04-30 16:00:00,17,4,30,16,0,940,43,"19, PROFESSEUR BERGONIE",,,Plein jour,En agglomération,Hors intersection,Normale,Autre collision,,,,,,,,,,,1,2,1,1.0,6.0
201700044594,0017-05-02 16:00:00,17,5,2,16,0,940,16,"68, CARNOT (AV)",,,Plein jour,En agglomération,Hors intersection,Normale,Autre collision,,,,,,,,,,,1,2,1,1.0,6.0
201700044595,0017-05-03 15:00:00,17,5,3,15,0,940,76,"148, MAXIME GORKI (BD)",,,Plein jour,En agglomération,Intersection en X,Pluie légère,Deux véhicules - côté,,,,,,,,,,,1,2,2,2.0,3.0
201700044596,0017-05-03 15:00:00,17,5,3,15,0,940,76,"1, DALOU (VOI)",,,Plein jour,En agglomération,Hors intersection,Normale,Deux véhicules - arrière,,,,,,,,,,,1,2,1,1.0,2.0
201700044597,0017-05-06 13:50:00,17,5,6,13,50,940,37,"264, GABRIEL PERI (R)",,,Plein jour,En agglomération,Passage à niveau,Pluie légère,Autre collision,,,,,,,,,,,1,2,8,2.0,6.0
201700044598,0017-05-07 16:15:00,17,5,7,16,15,940,3,"116,R CAMILLE DESMOULINS",,,Plein jour,En agglomération,Hors intersection,Pluie légère,Trois véhicules et plus - en chaîne,,,,,,,,,,,1,2,1,2.0,4.0
201700044599,0017-05-08 17:44:00,17,5,8,17,44,940,16,"76, GABRIEL PERI (R)",,,Crépuscule ou aube,En agglomération,Hors intersection,Temps couvert,Deux véhicules - frontale,,,,,,,,,,,2,2,1,8.0,1.0
201700044600,0017-05-09 13:00:00,17,5,9,13,0,940,3,"54, VLADIMIR ILLITCH LEN",,,Plein jour,En agglomération,Hors intersection,Normale,Sans collision,,,,,,,,,,,1,2,1,1.0,7.0
201700044601,0017-05-09 16:30:00,17,5,9,16,30,940,43,"26, FONTAINEBLEAU (AV DE",,,Plein jour,En agglomération,Autre intersection,Normale,Sans collision,,,,,,,,,,,1,2,9,1.0,7.0
201700044602,0017-05-13 14:30:00,17,5,13,14,30,940,16,"160, ARISTIDE BRIAND (AV",,,Plein jour,En agglomération,Hors intersection,Normale,Deux véhicules - frontale,,,,,,,,,,,1,2,1,1.0,1.0
201700044603,0017-05-14 19:20:00,17,5,14,19,20,940,16,"1, CAMILLE DESMOULINS (R",,,Plein jour,En agglomération,Hors intersection,Normale,Deux véhicules - frontale,,,,,,,,,,,1,2,1,1.0,1.0
201700044604,0017-05-16 08:20:00,17,5,16,8,20,940,3,CAUCHY (R),,,Plein jour,En agglomération,Hors intersection,Normale,Autre collision,,,,,,,,,,,1,2,1,1.0,6.0
201700044605,0017-05-16 17:10:00,17,5,16,17,10,940,76,"26, PRESIDENT ALLENDE (A",,,Plein jour,En agglomération,Hors intersection,Normale,Trois véhicules et plus - en chaîne,,,,,,,,,,,1,2,1,1.0,4.0
201700044606,0017-05-19 18:25:00,17,5,19,18,25,940,76,"42, LOUIS ARAGON (AV)",,,Plein jour,Hors agglomération,Autre intersection,Normale,Deux véhicules - côté,,,,,,,,,,,1,1,9,1.0,3.0
201700044607,0017-05-20 15:40:00,17,5,20,15,40,940,76,"47, MAXIME GORKI (BD)",,,Plein jour,En agglomération,Hors intersection,Normale,Sans collision,,,,,,,,,,,1,2,1,1.0,7.0
201700044608,0017-05-21 01:10:00,17,5,21,1,10,940,16,"70, CAMILLE DESMOULINS (",,,Nuit avec éclairage allumé,En agglomération,Autre intersection,Normale,Autre collision,,,,,,,,,,,5,2,9,1.0,6.0
201700044609,0017-05-21 21:00:00,17,5,21,21,0,940,43,"163, GABRIEL PERI (R)",,,Crépuscule ou aube,En agglomération,Hors intersection,Normale,Deux véhicules - côté,,,,,,,,,,,2,2,1,1.0,3.0
201700044610,0017-05-22 18:55:00,17,5,22,18,55,940,43,"19, FONTAINEBLEAU (AV DE",,,Plein jour,En agglomération,Hors intersection,Normale,Sans collision,,,,,,,,,,,1,2,1,1.0,7.0
201700044611,0017-05-23 17:45:00,17,5,23,17,45,940,3,"7, CONVENTION (AV DE LA)",,,Plein jour,En agglomération,Hors intersection,Normale,Sans collision,,,,,,,,,,,1,2,1,1.0,7.0
201700044612,0017-05-24 17:27:00,17,5,24,17,27,940,3,"55, PERI/BARBIERI",,,Plein jour,En agglomération,Intersection en T,Normale,Deux véhicules - côté,,,,,,,,,,,1,2,3,1.0,3.0
201700044613,0017-05-29 23:50:00,17,5,29,23,50,940,43,"49, BENOIT MALON (R)",,,Nuit avec éclairage allumé,En agglomération,Intersection en X,Normale,Sans collision,,,,,,,,,,,5,2,2,1.0,7.0
201700044614,0017-05-31 15:00:00,17,5,31,15,0,940,76,"21, PAUL VAILLANT COUTUR",,,Plein jour,En agglomération,Hors intersection,Normale,Deux véhicules - côté,,,,,,,,,,,1,2,1,1.0,3.0
201700044615,0017-08-01 13:50:00,17,8,1,13,50,940,37,"45, JEAN JAURES (AV)",48.81328,2.35174,Plein jour,En agglomération,Hors intersection,Normale,Autre collision,,,,,,,,,,,1,2,1,1.0,6.0
201700044616,0017-08-02 13:50:00,17,8,2,13,50,940,43,"06, GENERAL DE GAULLE -",48.81582,2.36059,Plein jour,En agglomération,Hors intersection,Normale,Deux véhicules - côté,,,,,,,,,,,1,2,1,1.0,3.0
201700044617,0017-08-04 15:35:00,17,8,4,15,35,940,16,"27, ARISTIDE BRIAND (AV)",48.8,2.32359,Plein jour,En agglomération,Hors intersection,Normale,Deux véhicules - côté,,,,,,,,,,,1,2,1,1.0,3.0
201700044618,0017-08-07 07:10:00,17,8,7,7,10,940,37,"3/5, GALLIENI (AV)",48.81664,2.35494,Plein jour,En agglomération,Hors intersection,Normale,Deux véhicules - côté,,,,,,,,,,,1,2,1,1.0,3.0
201700044619,0017-08-07 17:50:00,17,8,7,17,50,940,76,"71, COQUETTES (R DES)",48.80518,2.35944,Plein jour,En agglomération,Intersection en T,Normale,Deux véhicules - côté,,,,,,,,,,,1,2,3,1.0,3.0
201700044620,0017-08-15 05:50:00,17,8,15,5,50,940,3,LAPLACE/SIDOBRE,48.80711,-2.33593,Nuit avec éclairage allumé,En agglomération,Intersection en X,Pluie légère,Deux véhicules - côté,,,,,,,,,,,5,2,2,2.0,3.0
201700044621,0017-08-15 06:40:00,17,8,15,6,40,940,37,"21, JEAN JAURES (AV)",48.81359,2.35063,Nuit avec éclairage allumé,En agglomération,Intersection en X,Normale,Deux véhicules - côté,,,,,,,,,,,5,2,2,1.0,3.0
201700044622,0017-08-20 12:20:00,17,8,20,12,20,940,76,"113, STALINGRAD (AV DE)",48.77993,2.36747,Plein jour,En agglomération,Hors intersection,Normale,Sans collision,,,,,,,,,,,1,2,1,1.0,7.0
201700044623,0017-08-22 15:40:00,17,8,22,15,40,940,76,"112, MAXIME GORKI (BD)",48.79245,2.36935,Plein jour,En agglomération,Hors intersection,Normale,Trois véhicules et plus - collisions multiples,,,,,,,,,,,1,2,1,1.0,5.0
201700044624,0017-08-26 16:50:00,17,8,26,16,50,940,76,"4, VILLAS (R DES)",48.78457,2.3663,Plein jour,En agglomération,Hors intersection,Normale,Autre collision,,,,,,,,,,,1,2,1,1.0,6.0
201700044625,0017-08-29 12:20:00,17,8,29,12,20,940,76,"67, STALINGRAD (AV DE)",48.78184,2.3682,Plein jour,En agglomération,Autre intersection,Normale,Autre collision,,,,,,,,,,,1,2,9,1.0,6.0
201700044626,0017-08-29 17:35:00,17,8,29,17,35,940,3,"1, PAUL VAILLANT COUTURI",48.80423,2.33842,Plein jour,En agglomération,Hors intersection,Normale,Sans collision,,,,,,,,,,,1,2,1,1.0,7.0
201700044627,0017-08-30 20:30:00,17,8,30,20,30,940,76,"54, REPUBLIQUE (AV DE LA",48.79298,2.33795,Nuit avec éclairage allumé,En agglomération,Hors intersection,Normale,Deux véhicules - arrière,,,,,,,,,,,5,2,1,1.0,2.0
201700044628,0017-09-03 19:00:00,17,9,3,19,0,940,76,"90, CHEVILLY (R DE)",48.81664,2.35494,Plein jour,En agglomération,Hors intersection,Normale,Autre collision,,,,,,,,,,,1,2,1,1.0,6.0
201700044629,0017-09-04 19:20:00,17,9,4,19,20,940,76,"1, MAXIME GORKI (BD)",48.79595,2.36854,Plein jour,En agglomération,Intersection en X,Normale,Deux véhicules - côté,,,,,,,,,,,1,2,2,1.0,3.0
201700044630,0017-09-05 21:00:00,17,9,5,21,0,940,76,"147, MAXIME GORKI (BD)",48.7894,2.3684,Nuit avec éclairage allumé,En agglomération,Hors intersection,Normale,Deux véhicules - arrière,,,,,,,,,,,5,2,1,1.0,2.0
201700044631,0017-09-08 15:45:00,17,9,8,15,45,940,3,"73, LAPLACE (AV)",48.80941,2.32724,Plein jour,En agglomération,Hors intersection,Normale,Deux véhicules - arrière,,,,,,,,,,,1,2,1,1.0,2.0
201700044632,0017-09-10 06:45:00,17,9,10,6,45,940,3,"48, FRANCOIS VINCENT RAS",48.80574,-2.33887,Nuit avec éclairage allumé,En agglomération,Hors intersection,Normale,Autre collision,,,,,,,,,,,5,2,1,1.0,6.0
201700044633,0017-09-12 15:30:00,17,9,12,15,30,940,76,"16, CHASTENET DE GERY (B",48.80159,2.35585,Plein jour,En agglomération,Hors intersection,Temps couvert,Sans collision,,,,,,,,,,,1,2,1,8.0,7.0
201700044634,0017-09-13 09:00:00,17,9,13,9,0,940,76,"12, AUGUSTE DELAUNE (R)",48.78156,2.36225,Plein jour,En agglomération,Hors intersection,Temps couvert,Sans collision,,,,,,,,,,,1,2,1,8.0,7.0
201700044635,0017-09-14 07:15:00,17,9,14,7,15,940,37,"2, GENERAL DE GAULLE (BD",,,Plein jour,En agglomération,Intersection en T,Pluie légère,Deux véhicules - côté,,,,,,,,,,,1,2,3,2.0,3.0
201700044636,0017-09-15 17:45:00,17,9,15,17,45,940,76,"59, VERDUN (R DE)",48.79151,2.35365,Plein jour,En agglomération,Intersection en T,Normale,Autre collision,,,,,,,,,,,1,2,3,1.0,6.0
201700044637,0017-09-19 10:15:00,17,9,19,10,15,940,3,"03, CONVENTION (AV DE LA",48.79962,2.33292,Plein jour,En agglomération,Hors intersection,Pluie légère,Deux véhicules - côté,,,,,,,,,,,1,2,1,2.0,3.0
201700044638,0017-09-19 11:30:00,17,9,19,11,30,940,3,"33, PRESIDENT SALVADOR A",48.81054,2.3303,Plein jour,En agglomération,Intersection en X,Normale,Deux véhicules - côté,,,,,,,,,,,1,2,2,1.0,3.0
201700044639,0017-09-20 23:00:00,17,9,20,23,0,940,76,"81, PARIS (AV DE)",48.80362,2.36283,Nuit avec éclairage allumé,En agglomération,Hors intersection,Normale,Sans collision,,,,,,,,,,,5,2,1,1.0,7.0
201700044640,0017-09-24 18:45:00,17,9,24,18,45,940,76,"55, MARCEL GROSMESNIL (R",48.79675,2.35494,Plein jour,En agglomération,Place,Normale,Deux véhicules - côté,,,,,,,,,,,1,2,7,1.0,3.0
201700044641,0017-09-25 07:40:00,17,9,25,7,40,940,3,"39, ARISTIDE BRIAND (AV)",48.80806,2.32635,Crépuscule ou aube,Hors agglomération,Hors intersection,Normale,Trois véhicules et plus - en chaîne,,,,,,,,,,,2,1,1,1.0,4.0
201700044642,0017-09-25 09:30:00,17,9,25,9,30,940,3,"39, ARISTIDE BRIAND (AV)",48.80813,-2.32638,Plein jour,En agglomération,Hors intersection,Temps couvert,Trois véhicules et plus - collisions multiples,,,,,,,,,,,1,2,1,8.0,5.0
201700044643,0017-09-25 12:48:00,17,9,25,12,48,940,76,"51, STALINGRAD (AV DE)",48.78473,2.36716,Plein jour,En agglomération,Hors intersection,Normale,Deux véhicules - côté,,,,,,,,,,,1,2,1,1.0,3.0
201700044644,0017-09-26 15:30:00,17,9,26,15,30,940,43,"84 bis, FONTAINEBLEAU (A",,,Plein jour,En agglomération,Hors intersection,Normale,Deux véhicules - arrière,,,,,,,,,,,1,2,1,1.0,2.0
201700044645,0017-09-26 18:10:00,17,9,26,18,10,940,16,"21, VANNE (BD DE LA)",48.79676,2.34121,Plein jour,En agglomération,Hors intersection,Normale,Deux véhicules - frontale,,,,,,,,,,,1,2,1,1.0,1.0
201700044646,0017-09-27 15:00:00,17,9,27,15,0,940,76,"99, REPUBLIQUE (AV DE LA",48.78803,2.35731,Plein jour,En agglomération,Hors intersection,Normale,Deux véhicules - côté,,,,,,,,,,,1,2,1,1.0,3.0
201700044647,0017-09-27 20:10:00,17,9,27,20,10,940,43,"40, CARNOT (R)",48.79863,2.32658,Nuit avec éclairage allumé,En agglomération,Hors intersection,Normale,Autre collision,,,,,,,,,,,5,2,1,1.0,6.0
201700044648,0017-09-29 09:50:00,17,9,29,9,50,940,76,"49, MAXIME GORKI (BD)",48.79568,2.35494,Plein jour,En agglomération,Hors intersection,Normale,Sans collision,,,,,,,,,,,1,2,1,1.0,7.0
201700044649,0017-09-29 08:50:00,17,9,29,8,50,940,3,"43, ARISTIDE BRIAND (AV)",48.86272,2.28759,Plein jour,En agglomération,Hors intersection,Normale,Sans collision,,,,,,,,,,,1,2,1,1.0,7.0
201700044650,0017-09-29 13:00:00,17,9,29,13,0,940,3,"43, REPUBLIQUE (AV DE LA",48.80456,2.33346,Plein jour,En agglomération,Intersection en X,Normale,Sans collision,,,,,,,,,,,1,2,2,1.0,7.0
201700044651,0017-09-29 16:00:00,17,9,29,16,0,940,16,"248 bis, GABRIEL PERI (R",48.78556,2.34177,Plein jour,En agglomération,Hors intersection,Normale,Deux véhicules - côté,,,,,,,,,,,1,2,1,1.0,3.0
201700044652,0017-10-02 08:12:00,17,10,2,8,12,940,3,"76, GABRIEL PERI (AV)",48.79947,2.3437,Crépuscule ou aube,En agglomération,Hors intersection,Normale,Deux véhicules - arrière,,,,,,,,,,,2,2,1,1.0,2.0
201700044653,0017-10-04 11:40:00,17,10,4,11,40,940,76,"27, PARC DES PETITS ORME",48.78042,2.3701,Plein jour,En agglomération,Hors intersection,Normale,Sans collision,,,,,,,,,,,1,2,1,1.0,7.0
201700044654,0017-10-04 13:41:00,17,10,4,13,41,940,76,"124, MAXIME GORKI (BD)",48.79096,2.36902,Plein jour,En agglomération,Intersection en X,Normale,Sans collision,,,,,,,,,,,1,2,2,1.0,7.0
201700044655,0017-10-04 15:00:00,17,10,4,15,0,940,3,"10, LAPLACE (AV)",48.79675,2.36902,Plein jour,En agglomération,Hors intersection,Normale,Sans collision,,,,,,,,,,,1,2,1,1.0,7.0
201700044656,0017-10-06 08:00:00,17,10,6,8,0,940,16,"102, GABRIEL PERI (R)",48.79275,2.34398,Crépuscule ou aube,En agglomération,Intersection en T,Normale,Deux véhicules - côté,,,,,,,,,,,2,2,3,1.0,3.0
201700044657,0017-10-11 16:00:00,17,10,11,16,0,940,16,"60, COUSIN DE MERICOURT",48.79772,2.33354,Plein jour,En agglomération,Hors intersection,Normale,Deux véhicules - côté,,,,,,,,,,,1,2,1,1.0,3.0
201700044658,0017-10-15 11:30:00,17,10,15,11,30,940,76,"113, STALINGRAD (AV DE)",48.78025,2.3645,Plein jour,En agglomération,Hors intersection,Normale,Autre collision,,,,,,,,,,,1,2,1,1.0,6.0
201700044659,0017-10-15 20:40:00,17,10,15,20,40,940,43,"81, FONTAINEBLEAU (AV DE",48.81111,2.36197,Nuit avec éclairage allumé,En agglomération,Hors intersection,Normale,Deux véhicules - côté,,,,,,,,,,,5,2,1,1.0,3.0
201700044660,0017-10-16 09:30:00,17,10,16,9,30,940,16,"17, CAMILLE DESMOULINS (",48.79334,2.33366,Plein jour,En agglomération,Autre intersection,Normale,Deux véhicules - arrière,,,,,,,,,,,1,2,9,1.0,2.0
201700044661,0017-10-16 16:00:00,17,10,16,16,0,940,76,"152, CHEVILLY (R DE)",48.7803,2.35454,Plein jour,En agglomération,Hors intersection,Normale,Deux véhicules - arrière,,,,,,,,,,,1,2,1,1.0,2.0