accident_id,datetime,annee,mois,jour,heure,minute,departement,commune_insee,adresse,latitude,longitude,luminosite,agglomeration,intersection,meteo,collision,nb_vehicules,nb_usagers,nb_indemnes,nb_tues,nb_blesses_hosp,nb_blesses_legers,age_cond_1,age_cond_2,veh_type_cond_1,veh_type_cond_2,lum_code,agg_code,int_code,atm_code,col_code
201700044662,0017-10-17 12:35:00,17,10,17,12,35,940,37,"8, BENSERADE (R)",,,Plein jour,En agglomération,Hors intersection,Normale,Autre collision,,,,,,,,,,,1,2,1,1.0,6.0
201700044663,0017-10-18 13:50:00,17,10,18,13,50,940,16,"191, ARISTIDE BRIAND (AV",48.7881,2.31892,Plein jour,En agglomération,Hors intersection,Normale,Deux véhicules - côté,,,,,,,,,,,1,2,1,1.0,3.0
201700044664,0017-10-18 14:30:00,17,10,18,14,30,940,16,"31, DIVISION LECLERC (AV",48.78342,2.32786,Plein jour,En agglomération,Hors intersection,Normale,Autre collision,,,,,,,,,,,1,2,1,1.0,6.0
201700044665,0017-10-18 16:30:00,17,10,18,16,30,940,37,"25, POSTE (R DE LA)",48.81412,2.34605,Plein jour,En agglomération,Hors intersection,Normale,Autre collision,,,,,,,,,,,1,2,1,1.0,6.0
201700044666,0017-10-19 04:05:00,17,10,19,4,5,940,76,"90, CHEVILLY (R DE)",48.78295,2.35457,Nuit avec éclairage allumé,En agglomération,Intersection en T,Normale,Deux véhicules - côté,,,,,,,,,,,5,2,3,1.0,3.0
201700044667,0017-10-19 12:25:00,17,10,19,12,25,940,43,"6, ROGER SALENGRO (R)",48.81454,2.36157,Plein jour,En agglomération,Hors intersection,Normale,Deux véhicules - côté,,,,,,,,,,,1,2,1,1.0,3.0
201700044668,0017-10-20 19:30:00,17,10,20,19,30,940,43,"119, FONTAINEBLEAU (AV D",48.80843,2.363,Crépuscule ou aube,En agglomération,Hors intersection,Normale,Autre collision,,,,,,,,,,,2,2,1,1.0,6.0
201700044669,0017-10-21 08:15:00,17,10,21,8,15,940,76,"47, LOUIS ARAGON (AV)",48.78864,2.37238,Plein jour,En agglomération,Hors intersection,Pluie légère,Autre collision,,,,,,,,,,,1,2,1,2.0,6.0
201700044670,0017-10-21 17:30:00,17,10,21,17,30,940,76,VERDUN (R DE),48.79208,2.35362,Plein jour,En agglomération,Hors intersection,Pluie légère,Autre collision,,,,,,,,,,,1,2,1,2.0,6.0
201700044671,0017-10-24 17:40:00,17,10,24,17,40,940,16,"2, SAUSSAIES (R DES)",48.78798,2.33376,Plein jour,En agglomération,Hors intersection,Normale,Trois véhicules et plus - collisions multiples,,,,,,,,,,,1,2,1,1.0,5.0
201700044672,0017-10-24 20:10:00,17,10,24,20,10,940,3,"69, ARISTIDE BRIAND (AV)",48.79729,2.3225,Nuit avec éclairage allumé,En agglomération,Hors intersection,Normale,Deux véhicules - côté,,,,,,,,,,,5,2,1,1.0,3.0
201700044673,0017-10-25 17:00:00,17,10,25,17,0,940,43,"24, FONTAINEBLEAU (AV DE",48.8145,3.602,Plein jour,En agglomération,Intersection en X,Normale,Deux véhicules - côté,,,,,,,,,,,1,2,2,1.0,3.0
201700044674,0017-10-25 18:40:00,17,10,25,18,40,940,3,"54, PAUL VAILLANT COUTUR",48.8,2.341,Crépuscule ou aube,En agglomération,Hors intersection,Normale,Deux véhicules - arrière,,,,,,,,,,,2,2,1,1.0,2.0
201700044675,0017-10-27 20:40:00,17,10,27,20,40,940,37,"130, VERDUN (R DE)",,,Nuit avec éclairage allumé,En agglomération,Autre intersection,Normale,Deux véhicules - côté,,,,,,,,,,,5,2,9,1.0,3.0
201700044676,0017-10-29 06:45:00,17,10,29,6,45,940,43,"5, CHARLES GIDE (AV)",48.80774,2.35637,Nuit avec éclairage allumé,Hors agglomération,Hors intersection,Normale,Deux véhicules - côté,,,,,,,,,,,5,1,1,1.0,3.0
201700044677,0017-11-02 13:16:00,17,11,2,13,16,940,37,"26, FONTAINEBLEAU (AV DE",,,Plein jour,En agglomération,Intersection en T,Normale,Deux véhicules - frontale,,,,,,,,,,,1,2,3,1.0,1.0
201700044678,0017-11-02 15:10:00,17,11,2,15,10,940,37,"127, REPUBLIQUE (AV DE L",,,Plein jour,En agglomération,Hors intersection,Normale,Sans collision,,,,,,,,,,,1,2,1,1.0,7.0
201700044679,0017-11-03 18:50:00,17,11,3,18,50,940,37,"86, STALINGRAD (AV DE)",,,Nuit avec éclairage allumé,En agglomération,Passage à niveau,Normale,Deux véhicules - côté,,,,,,,,,,,5,2,8,1.0,3.0
201700044680,0017-11-06 16:00:00,17,11,6,16,0,940,37,"124-130, VERDUN (R DE)",,,Plein jour,En agglomération,Hors intersection,Normale,Sans collision,,,,,,,,,,,1,2,1,1.0,7.0
201700044681,0017-11-09 18:15:00,17,11,9,18,15,940,37,"22, HENRI BARBUSSE (R)",,,Nuit avec éclairage non allumé,En agglomération,Hors intersection,Normale,Autre collision,,,,,,,,,,,4,2,1,1.0,6.0
201700044682,0017-11-10 17:00:00,17,11,10,17,0,940,37,"68, CARNOT (AV)",,,Nuit avec éclairage allumé,En agglomération,Hors intersection,Normale,Sans collision,,,,,,,,,,,5,2,1,1.0,7.0
201700044683,0017-11-10 18:20:00,17,11,10,18,20,940,37,"1, CARNOT (AV)",,,Nuit avec éclairage allumé,En agglomération,Autre intersection,Normale,Sans collision,,,,,,,,,,,5,2,9,1.0,7.0
201700044684,0017-11-14 15:26:00,17,11,14,15,26,940,37,"110, EDOUARD VAILLANT (R",,,Plein jour,En agglomération,Hors intersection,Normale,Sans collision,,,,,,,,,,,1,2,1,1.0,7.0
201700044685,0017-11-16 14:07:00,17,11,16,14,7,940,37,"2, DIVISION LECLERC (AV",,,Plein jour,En agglomération,Hors intersection,Normale,Sans collision,,,,,,,,,,,1,2,1,1.0,7.0
201700044686,0017-11-17 00:45:00,17,11,17,0,45,940,37,"17, EMILE RASPAIL (R)",,,Nuit avec éclairage allumé,En agglomération,Intersection en T,Normale,Deux véhicules - côté,,,,,,,,,,,5,2,3,1.0,3.0
201700044687,0017-11-19 19:20:00,17,11,19,19,20,940,37,"60, FONTAINEBLEAU (AV DE",,,Nuit avec éclairage allumé,En agglomération,Hors intersection,Normale,Sans collision,,,,,,,,,,,5,2,1,1.0,7.0
201700044688,0017-11-22 17:36:00,17,11,22,17,36,940,37,"70TER, TOLSTOI (R)",,,Crépuscule ou aube,En agglomération,Hors intersection,Normale,Deux véhicules - frontale,,,,,,,,,,,2,2,1,1.0,1.0
201700044689,0017-11-24 08:15:00,17,11,24,8,15,940,37,"17, MARCEL GROSMESNIL (R",,,Nuit avec éclairage allumé,En agglomération,Hors intersection,Pluie légère,Sans collision,,,,,,,,,,,5,2,1,2.0,7.0
201700044690,0017-11-24 14:55:00,17,11,24,14,55,940,37,"50, GABRIEL PERI (AV)",,,Plein jour,En agglomération,Intersection en T,Normale,Deux véhicules - côté,,,,,,,,,,,1,2,3,1.0,3.0
201700044691,0017-11-27 22:30:00,17,11,27,22,30,940,37,GABRIEL PERI (R),,,Nuit avec éclairage allumé,En agglomération,Intersection en X,Pluie légère,Deux véhicules - côté,,,,,,,,,,,5,2,2,2.0,3.0
201700044692,0017-11-28 17:50:00,17,11,28,17,50,940,37,"18, VATIER (AV)",,,Nuit avec éclairage allumé,En agglomération,Hors intersection,Pluie légère,Deux véhicules - côté,,,,,,,,,,,5,2,1,2.0,3.0
201700044693,0017-11-29 17:20:00,17,11,29,17,20,940,37,"30, DIVISION DU GENERAL",,,Crépuscule ou aube,En agglomération,Hors intersection,Pluie légère,Sans collision,,,,,,,,,,,2,2,1,2.0,7.0
201700044694,0017-11-30 06:30:00,17,11,30,6,30,940,37,"58, PAUL VAILLANT COUTUR",,,Nuit avec éclairage allumé,En agglomération,Hors intersection,Normale,Deux véhicules - côté,,,,,,,,,,,5,2,1,1.0,3.0
201700044695,0017-11-30 00:01:00,17,11,30,0,1,940,37,"65, ARISTIDE BRIAND (AV)",,,Nuit avec éclairage allumé,En agglomération,Intersection en T,Normale,Deux véhicules - côté,,,,,,,,,,,5,2,3,1.0,3.0
201700044696,0017-11-30 11:55:00,17,11,30,11,55,940,37,"112, PAUL VAILLANT COUTU",,,Plein jour,En agglomération,Hors intersection,Neige / grêle,Deux véhicules - arrière,,,,,,,,,,,1,2,1,4.0,2.0
201700044697,0017-12-04 12:10:00,17,12,4,12,10,940,76,"8, LOUIS ARAGON (AV)",48.79213,2.36117,Plein jour,En agglomération,Intersection en X,Normale,Deux véhicules - frontale,,,,,,,,,,,1,2,2,1.0,1.0
201700044698,0017-12-06 10:50:00,17,12,6,10,50,940,16,"56, JEAN JAURES (AV)",48.52461,2.34345,Plein jour,En agglomération,Hors intersection,Normale,Deux véhicules - arrière,,,,,,,,,,,1,2,1,1.0,2.0
201700044699,0017-12-07 16:30:00,17,12,7,16,30,940,3,"55, PAUL VAILLANT COUTUR",48.8008,2.34259,Nuit avec éclairage allumé,En agglomération,Hors intersection,Pluie légère,Sans collision,,,,,,,,,,,5,2,1,2.0,7.0
201700044700,0017-12-08 07:40:00,17,12,8,7,40,940,76,"49, PARIS (AV DE)",48.80877,2.36376,Nuit avec éclairage allumé,En agglomération,Hors intersection,Pluie légère,Sans collision,,,,,,,,,,,5,2,1,2.0,7.0
201700044701,0017-12-08 23:43:00,17,12,8,23,43,940,76,"13, PAUL VAILLANT COUTUR",48.7953,2.36715,Nuit avec éclairage allumé,En agglomération,Hors intersection,Neige / grêle,Autre collision,,,,,,,,,,,5,2,1,4.0,6.0
201700044702,0017-12-10 21:00:00,17,12,10,21,0,940,76,"41, PARIS (AV DE)",48.8041,2.36407,Nuit avec éclairage allumé,En agglomération,Intersection en X,Temps couvert,Deux véhicules - côté,,,,,,,,,,,5,2,2,8.0,3.0
201700044703,0017-12-11 18:30:00,17,12,11,18,30,940,76,"13, CHASTENET DE GERY (B",48.80153,2.35581,Nuit avec éclairage allumé,En agglomération,Hors intersection,Normale,Deux véhicules - arrière,,,,,,,,,,,5,2,1,1.0,2.0
201700044704,0017-12-19 16:30:00,17,12,19,16,30,940,43,"63, FONTAINEBLEAU (AV DE",48.81,2.3637,Crépuscule ou aube,En agglomération,Hors intersection,Normale,Deux véhicules - arrière,,,,,,,,,,,2,2,1,1.0,2.0
201700044705,0017-12-19 17:30:00,17,12,19,17,30,940,76,"2, RENE THIBERT (R)",48.80371,2.35918,Nuit avec éclairage allumé,En agglomération,Hors intersection,Normale,Deux véhicules - arrière,,,,,,,,,,,5,2,1,1.0,2.0
201700044706,0017-12-21 17:50:00,17,12,21,17,50,940,37,"87, PAUL VAILLANT COUTUR",48.81642,2.33878,Nuit avec éclairage allumé,En agglomération,Intersection en X,Pluie légère,Deux véhicules - côté,,,,,,,,,,,5,2,2,2.0,3.0
201700044707,0017-12-21 19:30:00,17,12,21,19,30,940,76,"163, MAXIME GORKI (BD)",48.78867,2.36841,Nuit avec éclairage allumé,En agglomération,Intersection en X,Pluie légère,Deux véhicules - côté,,,,,,,,,,,5,2,2,2.0,3.0
201700044708,0017-12-25 06:06:00,17,12,25,6,6,940,76,"59, PARIS (AV DE)",48.80446,2.36393,Nuit avec éclairage allumé,En agglomération,Autre intersection,Pluie légère,Autre collision,,,,,,,,,,,5,2,9,2.0,6.0
201700044709,0017-12-28 16:10:00,17,12,28,16,10,940,43,"34, CARNOT (R)",48.80893,2.36672,Plein jour,En agglomération,Hors intersection,Normale,Sans collision,,,,,,,,,,,1,2,1,1.0,7.0
201700044710,0017-12-31 19:15:00,17,12,31,19,15,940,43,"7, EDMONT MICHELET (R)",48.81031,2.3631,Nuit avec éclairage allumé,En agglomération,Hors intersection,Normale,Autre collision,,,,,,,,,,,5,2,1,1.0,6.0
201700044711,0017-05-07 15:55:00,17,5,7,15,55,940,43,"1, SEVERINE (R)",,,Plein jour,En agglomération,Hors intersection,Normale,Deux véhicules - arrière,,,,,,,,,,,1,2,1,1.0,2.0
201700044712,0017-06-11 19:00:00,17,6,11,19,0,940,65,TOULOUSE/MARCHES,48.76014,2.35322,Plein jour,En agglomération,Giratoire,Normale,Deux véhicules - côté,,,,,,,,,,,1,2,6,1.0,3.0
201700044713,0017-06-12 07:40:00,17,6,12,7,40,940,38,3 BICETRE/MAZURIE,48.77109,2.34993,Plein jour,En agglomération,Giratoire,Normale,Deux véhicules - côté,,,,,,,,,,,1,2,6,1.0,3.0
201700044714,0017-06-13 14:50:00,17,6,13,14,50,940,38,"23, généralLECLERC (AV",48.77209,2.34381,Plein jour,En agglomération,Hors intersection,Normale,Autre collision,,,,,,,,,,,1,2,1,1.0,6.0
201700044715,0017-06-13 16:45:00,17,6,13,16,45,940,73,VERSAILLES (AV DE),48.75925,2.39569,Plein jour,En agglomération,Hors intersection,Normale,Deux véhicules - arrière,,,,,,,,,,,1,2,1,1.0,2.0
201700044716,0017-06-14 17:00:00,17,6,14,17,0,940,65,RN 186,,,Plein jour,Hors agglomération,Hors intersection,Normale,Deux véhicules - côté,,,,,,,,,,,1,1,1,1.0,3.0
201700044717,0017-06-16 21:00:00,17,6,16,21,0,940,34,"5, STALINGRAD (AV DE)",48.75861,2.33016,Crépuscule ou aube,En agglomération,Hors intersection,Normale,Deux véhicules - arrière,,,,,,,,,,,2,2,1,1.0,2.0
201700044718,0017-06-20 08:25:00,17,6,20,8,25,940,73,"., RN 186",,,Plein jour,Hors agglomération,Hors intersection,Normale,Trois véhicules et plus - collisions multiples,,,,,,,,,,,1,1,1,1.0,5.0
201700044719,0017-06-20 14:55:00,17,6,20,14,55,940,73,"., FONTAINEBLEAU (AV DE)",48.7558,2.36873,Plein jour,En agglomération,Hors intersection,Normale,Deux véhicules - arrière,,,,,,,,,,,1,2,1,1.0,2.0
201700044720,0017-06-21 10:50:00,17,6,21,10,50,940,38,"01, ALBERT WATEL (R)",48.77773,2.33536,Plein jour,En agglomération,Hors intersection,Normale,Deux véhicules - côté,,,,,,,,,,,1,2,1,1.0,3.0
201700044721,0017-06-26 19:40:00,17,6,26,19,40,940,73,"121, GENERAL DE GAULLE (",48.76863,2.36897,Plein jour,En agglomération,Hors intersection,Normale,Autre collision,,,,,,,,,,,1,2,1,1.0,6.0
201700044722,0017-06-28 13:05:00,17,6,28,13,5,940,73,"47, PRESIDENT ROOSEVELT",48.7652,2.39411,Plein jour,En agglomération,Intersection en X,Normale,Autre collision,,,,,,,,,,,1,2,2,1.0,6.0
201700044723,0017-07-02 16:25:00,17,7,2,16,25,940,65,"., CHARLES LINDBERGH (AV",48.74938,2.35597,Plein jour,Hors agglomération,Hors intersection,Normale,Deux véhicules - arrière,,,,,,,,,,,1,1,1,1.0,2.0
201700044724,0017-07-02 15:45:00,17,7,2,15,45,940,65,"2, EGLISE (R DE L)",48.7476,2.34954,Plein jour,En agglomération,Hors intersection,Normale,Autre collision,,,,,,,,,,,1,2,1,1.0,6.0
201700044725,0017-07-05 18:15:00,17,7,5,18,15,940,21,"168, FRANKLIN ROOSEVELT",48.76887,2.36747,Plein jour,En agglomération,Giratoire,Normale,Sans collision,,,,,,,,,,,1,2,6,1.0,7.0
201700044726,0017-07-05 21:35:00,17,7,5,21,35,940,21,"34, BERRY (R DU)",48.77465,2.36161,Crépuscule ou aube,En agglomération,Hors intersection,Normale,Deux véhicules - côté,,,,,,,,,,,2,2,1,1.0,3.0
201700044727,0017-07-08 17:15:00,17,7,8,17,15,940,73,"., ROUTE NATIONALE 186",,,Plein jour,Hors agglomération,Hors intersection,Normale,Deux véhicules - arrière,,,,,,,,,,,1,1,1,1.0,2.0
201700044728,0017-07-10 14:45:00,17,7,10,14,45,940,73,"46, LEON MARCHAND (AV)",48.76648,2.38668,Plein jour,En agglomération,Hors intersection,Temps couvert,Deux véhicules - côté,,,,,,,,,,,1,2,1,8.0,3.0
201700044729,0017-07-13 12:55:00,17,7,13,12,55,940,65,Zone SOGARIS,48.75015,2.36497,Plein jour,Hors agglomération,Hors intersection,Normale,Deux véhicules - côté,,,,,,,,,,,1,1,1,1.0,3.0
201700044730,0017-07-14 13:10:00,17,7,14,13,10,940,73,"., BAS MARIN (R DU)",48.75345,2.38694,Plein jour,En agglomération,Place,Normale,Deux véhicules - côté,,,,,,,,,,,1,2,7,1.0,3.0
201700044731,0017-07-15 19:40:00,17,7,15,19,40,940,21,STALINGRAD/REPUBLIQUE,48.76378,2.36818,Plein jour,En agglomération,Intersection en X,Normale,Deux véhicules - arrière,,,,,,,,,,,1,2,2,1.0,2.0
201700044732,0017-07-18 19:50:00,17,7,18,19,50,940,73,6 R DE LA LIBERTE,48.76673,2.3895,Plein jour,En agglomération,Hors intersection,Normale,Autre collision,,,,,,,,,,,1,2,1,1.0,6.0
201700044733,0017-07-19 13:05:00,17,7,19,13,5,940,73,"., ESPAGNE (RPT D)",48.75473,2.37396,Plein jour,En agglomération,Giratoire,Normale,Sans collision,,,,,,,,,,,1,2,6,1.0,7.0
201700044734,0017-07-19 21:05:00,17,7,19,21,5,940,38,THOMAS/GIDE,48.76526,2.32984,Crépuscule ou aube,En agglomération,Intersection en X,Normale,Deux véhicules - côté,,,,,,,,,,,2,2,2,1.0,3.0
201700044735,0017-07-20 10:15:00,17,7,20,10,15,940,21,MERMOZ/GUYNEMER,48.76617,2.33562,Plein jour,En agglomération,Intersection en Y,Temps couvert,Autre collision,,,,,,,,,,,1,2,4,8.0,6.0
201700044736,0017-07-24 08:35:00,17,7,24,8,35,940,73,"85, PAUL VAILLANT COUTUR",48.7632,2.39366,Plein jour,En agglomération,Hors intersection,Normale,Autre collision,,,,,,,,,,,1,2,1,1.0,6.0
201700044737,0017-07-25 18:15:00,17,7,25,18,15,940,73,"., VERSAILLES (AV DE)",48.75925,2.39592,Plein jour,En agglomération,Hors intersection,Normale,Sans collision,,,,,,,,,,,1,2,1,1.0,7.0
201700044738,0017-07-26 18:05:00,17,7,26,18,5,940,73,RN 186,,,Plein jour,En agglomération,Hors intersection,Temps couvert,Sans collision,,,,,,,,,,,1,2,1,8.0,7.0
201700044739,0017-07-23 22:00:00,17,7,23,22,0,940,65,"., RN 186",,,Nuit avec éclairage allumé,Hors agglomération,Hors intersection,Pluie forte,Sans collision,,,,,,,,,,,5,1,1,3.0,7.0
201700044740,0017-07-28 15:20:00,17,7,28,15,20,940,73,"., ALOUETTES (R DES)",48.75221,2.37019,Plein jour,En agglomération,Hors intersection,Normale,Autre collision,,,,,,,,,,,1,2,1,1.0,6.0
201700044741,0017-07-31 12:00:00,17,7,31,12,0,940,38,"98, BICETRE (R DE)",48.77557,2.35316,Plein jour,En agglomération,Hors intersection,Normale,Autre collision,,,,,,,,,,,1,2,1,1.0,6.0
201700044742,0017-08-03 11:30:00,17,8,3,11,30,940,34,"33, HENRI BARBUSSE (R)",,,Plein jour,En agglomération,Hors intersection,Normale,Autre collision,,,,,,,,,,,1,2,1,1.0,6.0
201700044743,0017-08-03 21:35:00,17,8,3,21,35,940,65,"5, GUILLAUME COLLETET (R",,,Nuit avec éclairage allumé,En agglomération,Hors intersection,Normale,Sans collision,,,,,,,,,,,5,2,1,1.0,7.0
201700044744,0017-08-04 17:09:00,17,8,4,17,9,940,65,"., GARE (AV DE LA)",,,Plein jour,En agglomération,Hors intersection,Normale,Autre collision,,,,,,,,,,,1,2,1,1.0,6.0
201700044745,0017-08-11 14:30:00,17,8,11,14,30,940,38,"55, PAUL HOCHART (R)",,,Plein jour,En agglomération,Intersection en T,Normale,Autre collision,,,,,,,,,,,1,2,3,1.0,6.0
201700044746,0017-08-18 08:20:00,17,8,18,8,20,940,21,"344, STALINGRAD (AV DE)",,,Plein jour,En agglomération,Hors intersection,Pluie légère,Deux véhicules - côté,,,,,,,,,,,1,2,1,2.0,3.0
201700044747,0017-08-20 14:30:00,17,8,20,14,30,940,34,"., JACHERES (ALL DES)",,,Plein jour,En agglomération,Hors intersection,Normale,Autre collision,,,,,,,,,,,1,2,1,1.0,6.0
201700044748,0017-08-21 21:05:00,17,8,21,21,5,940,73,"21, GUSTAVE LEVEILLE (R)",,,Nuit avec éclairage allumé,En agglomération,Intersection en T,Pluie légère,Autre collision,,,,,,,,,,,5,2,3,2.0,6.0
201700044749,0017-08-22 13:20:00,17,8,22,13,20,940,73,"., boulevard du midi",,,Plein jour,En agglomération,Hors intersection,Normale,Autre collision,,,,,,,,,,,1,2,1,1.0,6.0
201700044750,0017-08-23 16:20:00,17,8,23,16,20,940,65,"., PONT DES HALLES (R DU",,,Plein jour,En agglomération,Intersection en T,Normale,Sans collision,,,,,,,,,,,1,2,3,1.0,7.0
201700044751,0017-08-23 21:15:00,17,8,23,21,15,940,34,"., DIVISION LECLERC (AV",,,Nuit avec éclairage allumé,En agglomération,Intersection en T,Normale,Autre collision,,,,,,,,,,,5,2,3,1.0,6.0
201700044752,0017-08-28 12:50:00,17,8,28,12,50,940,73,"35, VILLEJUIF (R DE)",,,Plein jour,En agglomération,Hors intersection,Normale,Autre collision,,,,,,,,,,,1,2,1,1.0,6.0
201700044753,0017-08-28 13:05:00,17,8,28,13,5,940,21,"152, JEAN MERMOZ (BD)",,,Plein jour,En agglomération,Hors intersection,Normale,Deux véhicules - côté,,,,,,,,,,,1,2,1,1.0,3.0
201700044754,0017-09-05 14:20:00,17,9,5,14,20,940,73,"., BAS MARIN (R DU)",,,Plein jour,En agglomération,Hors intersection,Temps couvert,Deux véhicules - côté,,,,,,,,,,,1,2,1,8.0,3.0
201700044755,0017-09-05 14:10:00,17,9,5,14,10,940,73,"39, STALINGRAD (BD DE)",,,Plein jour,En agglomération,Hors intersection,Normale,Autre collision,,,,,,,,,,,1,2,1,1.0,6.0
201700044756,0017-09-08 06:40:00,17,9,8,6,40,940,21,"., PONT DES HALLES (R DU",48.7632,2.3459,Crépuscule ou aube,En agglomération,Hors intersection,Temps couvert,Deux véhicules - arrière,,,,,,,,,,,2,2,1,8.0,2.0
201700044757,0017-09-11 18:00:00,17,9,11,18,0,940,73,"94, GENERAL DE GAULLE (A",,,Plein jour,En agglomération,Hors intersection,Normale,Trois véhicules et plus - en chaîne,,,,,,,,,,,1,2,1,1.0,4.0
201700044758,0017-09-11 18:40:00,17,9,11,18,40,940,38,"24, LALLIER (R DE)",,,Plein jour,En agglomération,Intersection en T,Normale,Autre collision,,,,,,,,,,,1,2,3,1.0,6.0
201700044759,0017-09-13 09:00:00,17,9,13,9,0,940,65,"., FONTAINEBLEAU (AV DE)",,,Plein jour,En agglomération,Hors intersection,Pluie légère,Sans collision,,,,,,,,,,,1,2,1,2.0,7.0
201700044760,0017-09-13 18:45:00,17,9,13,18,45,940,73,"., LUXEMBOURG (AV DU)",,,Crépuscule ou aube,Hors agglomération,Hors intersection,Pluie forte,Deux véhicules - côté,,,,,,,,,,,2,1,1,3.0,3.0
201700044761,0017-09-15 09:30:00,17,9,15,9,30,940,21,"., GEORGES GUYNEMER (AV)",,,Plein jour,En agglomération,Hors intersection,Normale,Sans collision,,,,,,,,,,,1,2,1,1.0,7.0
201700044762,0017-09-18 15:45:00,17,9,18,15,45,940,34,"38, PASTEUR (BD)",,,Plein jour,En agglomération,Hors intersection,Pluie légère,Autre collision,,,,,,,,,,,1,2,1,2.0,6.0
201700044763,0017-09-21 14:00:00,17,9,21,14,0,940,38,"129, PAUL VAILLANT COUTU",,,Plein jour,En agglomération,Hors intersection,Normale,Deux véhicules - côté,,,,,,,,,,,1,2,1,1.0,3.0
201700044764,0017-09-23 14:00:00,17,9,23,14,0,940,73,FONTAINEBLEAU (AV DE),,,Plein jour,En agglomération,Hors intersection,Normale,Deux véhicules - arrière,,,,,,,,,,,1,2,1,1.0,2.0
201700044765,0017-09-25 12:40:00,17,9,25,12,40,940,73,"2, GEORGES HALGOULT (R)",,,Plein jour,En agglomération,Intersection en X,Normale,Deux véhicules - côté,,,,,,,,,,,1,2,2,1.0,3.0
201700044766,0017-09-27 12:25:00,17,9,27,12,25,940,34,"21, REPUBLIQUE (AV DE LA",,,Plein jour,En agglomération,Hors intersection,Normale,Autre collision,,,,,,,,,,,1,2,1,1.0,6.0
201700044767,0017-09-29 13:25:00,17,9,29,13,25,940,65,RUE DU VIADUC,,,Plein jour,En agglomération,Intersection en T,Normale,Deux véhicules - côté,,,,,,,,,,,1,2,3,1.0,3.0
201700044768,0017-10-03 09:05:00,17,10,3,9,5,940,73,"03, MONACO (ALL DE)",,,Plein jour,En agglomération,Hors intersection,Normale,Deux véhicules - côté,,,,,,,,,,,1,2,1,1.0,3.0
201700044769,0017-10-03 15:05:00,17,10,3,15,5,940,21,AUBRAC (Rue de l') MIN R,,,Plein jour,Hors agglomération,Hors intersection,Normale,Autre collision,,,,,,,,,,,1,1,1,1.0,6.0
201700044770,0017-10-03 19:05:00,17,10,3,19,5,940,73,"., PERREUX (R DU)",,,Crépuscule ou aube,En agglomération,Intersection en X,Normale,Autre collision,,,,,,,,,,,2,2,2,1.0,6.0
201700044771,0017-10-05 09:20:00,17,10,5,9,20,940,73,"., ROUTE NATIONALE 186",,,Plein jour,En agglomération,Hors intersection,Normale,Deux véhicules - arrière,,,,,,,,,,,1,2,1,1.0,2.0
201700044772,0017-10-05 12:55:00,17,10,5,12,55,940,73,"., VERSAILLES (AV DE)",,,Plein jour,En agglomération,Intersection en X,Normale,Deux véhicules - côté,,,,,,,,,,,1,2,2,1.0,3.0
201700044773,0017-10-06 21:00:00,17,10,6,21,0,940,73,"., STALINGRAD (BD DE)",,,Nuit avec éclairage allumé,En agglomération,Hors intersection,Normale,Deux véhicules - arrière,,,,,,,,,,,5,2,1,1.0,2.0
201700044774,0017-10-01 14:25:00,17,10,1,14,25,940,65,"., AVERNAISES (CHE DES)",,,Plein jour,En agglomération,Giratoire,Pluie légère,Deux véhicules - arrière,,,,,,,,,,,1,2,6,2.0,2.0
201700044775,0017-10-10 02:20:00,17,10,10,2,20,940,73,RN 186,,,Nuit sans éclairage public,Hors agglomération,Hors intersection,Pluie légère,Deux véhicules - arrière,,,,,,,,,,,3,1,1,2.0,2.0
201700044776,0017-10-11 09:26:00,17,10,11,9,26,940,21,"19, JEAN MERMOZ (BD)",48.77333,2.3396,Plein jour,En agglomération,Hors intersection,Temps couvert,Deux véhicules - côté,,,,,,,,,,,1,2,1,8.0,3.0
201700044777,0017-10-11 13:10:00,17,10,11,13,10,940,65,"., RUE DU JOUR",,,Plein jour,En agglomération,Intersection en T,Normale,Deux véhicules - côté,,,,,,,,,,,1,2,3,1.0,3.0
201700044778,0017-10-11 19:20:00,17,10,11,19,20,940,34,"64, EMILE ZOLA (R)",,,Nuit avec éclairage allumé,En agglomération,Hors intersection,Normale,Deux véhicules - côté,,,,,,,,,,,5,2,1,1.0,3.0
201700044779,0017-10-12 15:00:00,17,10,12,15,0,940,65,"., TROIS MARCHES (Av des",,,Plein jour,En agglomération,Giratoire,Normale,Deux véhicules - côté,,,,,,,,,,,1,2,6,1.0,3.0
201700044780,0017-10-16 17:15:00,17,10,16,17,15,940,38,"15, ARISTIDE BRIAND (AV)",48.78112,2.33441,Plein jour,En agglomération,Hors intersection,Normale,Autre collision,,,,,,,,,,,1,2,1,1.0,6.0
201700044781,0017-10-17 10:20:00,17,10,17,10,20,940,65,"., CHARLES LINDBERGH (AV",,,Plein jour,En agglomération,Intersection en X,Normale,Deux véhicules - côté,,,,,,,,,,,1,2,2,1.0,3.0
201700044782,0017-10-18 15:05:00,17,10,18,15,5,940,2,"., 11 novembre 1918 (Rue",,,Plein jour,Hors agglomération,Hors intersection,Normale,Autre collision,,,,,,,,,,,1,1,1,1.0,6.0
201700044783,0017-10-21 20:40:00,17,10,21,20,40,940,73,ROUTE NATIONALE 186,,,Nuit sans éclairage public,Hors agglomération,Hors intersection,Normale,Trois véhicules et plus - en chaîne,,,,,,,,,,,3,1,1,1.0,4.0
201700044784,0017-10-22 11:45:00,17,10,22,11,45,940,73,"2, TILLEULS (AV DES)",,,Plein jour,En agglomération,Intersection en T,Normale,Trois véhicules et plus - collisions multiples,,,,,,,,,,,1,2,3,1.0,5.0