accident_id,datetime,annee,mois,jour,heure,minute,departement,commune_insee,adresse,latitude,longitude,luminosite,agglomeration,intersection,meteo,collision,nb_vehicules,nb_usagers,nb_indemnes,nb_tues,nb_blesses_hosp,nb_blesses_legers,age_cond_1,age_cond_2,veh_type_cond_1,veh_type_cond_2,lum_code,agg_code,int_code,atm_code,col_code
201700044910,0017-06-06 18:55:00,17,6,6,18,55,940,73,25 AOUT 1944 / VERSAILLE,48.76143,2.40322,Plein jour,En agglomération,Intersection en X,Normale,Deux véhicules - arrière,,,,,,,,,,,1,2,2,1.0,2.0
201700044911,0017-06-07 05:00:00,17,6,7,5,0,940,65,BRETAGNE / VIADUC,48.76325,2.35547,Crépuscule ou aube,En agglomération,Giratoire,Normale,Deux véhicules - côté,,,,,,,,,,,2,2,6,1.0,3.0
201700044912,0017-06-07 07:55:00,17,6,7,7,55,940,34,"54, PASTEUR (BD)",48.75658,2.31483,Plein jour,En agglomération,Hors intersection,Normale,Autre collision,,,,,,,,,,,1,2,1,1.0,6.0
201700044913,0017-06-07 21:35:00,17,6,7,21,35,940,34,34 DES FRERES LUMIERE,48.76258,2.32433,Plein jour,En agglomération,Hors intersection,Normale,Deux véhicules - frontale,,,,,,,,,,,1,2,1,1.0,1.0
201700044914,0017-12-21 19:00:00,17,12,21,19,0,940,41,"43, MARCEAU (R)",48.82061,2.37883,Crépuscule ou aube,En agglomération,Hors intersection,Normale,Trois véhicules et plus - collisions multiples,,,,,,,,,,,2,2,1,1.0,5.0
201700044915,0017-06-09 17:55:00,17,6,9,17,55,940,41,"70, GEORGES GOSNAT (AV)",48.81346,2.38853,Plein jour,En agglomération,Hors intersection,Normale,Autre collision,,,,,,,,,,,1,2,1,1.0,6.0
201700044916,0017-06-09 10:00:00,17,6,9,10,0,940,41,"4, GALILEE (R)",48.81659,2.40376,Plein jour,En agglomération,Hors intersection,Normale,Autre collision,,,,,,,,,,,1,2,1,1.0,6.0
201700044917,0017-06-12 14:40:00,17,6,12,14,40,940,41,"85, GEORGES GOSNAT (AV)",48.81216,2.38605,Plein jour,En agglomération,Hors intersection,Normale,Autre collision,,,,,,,,,,,1,2,1,1.0,6.0
201700044918,0017-06-14 11:50:00,17,6,14,11,50,940,41,"35, MARCEL BOYER (QU)",48.82104,2.39437,Plein jour,En agglomération,Hors intersection,Normale,Deux véhicules - côté,,,,,,,,,,,1,2,1,1.0,3.0
201700044919,0017-06-26 08:00:00,17,6,26,8,0,940,41,JAURES/GUNSBOURG,48.8116,2.40302,Plein jour,En agglomération,Intersection en X,Normale,Deux véhicules - côté,,,,,,,,,,,1,2,2,1.0,3.0
201700044920,0017-06-28 11:35:00,17,6,28,11,35,940,41,"34, PAUL ANDRIEUX (R)",48.81267,2.36875,Plein jour,En agglomération,Hors intersection,Normale,Autre collision,,,,,,,,,,,1,2,1,1.0,6.0
201700044921,0017-06-28 18:48:00,17,6,28,18,48,940,41,"14, LOUIS BERTRAND (R)",48.81711,2.37957,Plein jour,En agglomération,Intersection en X,Pluie légère,Autre collision,,,,,,,,,,,1,2,2,2.0,6.0
201700044922,0017-07-01 05:50:00,17,7,1,5,50,940,41,"74, MAURICE THOREZ (AV)",48.81469,2.37851,Crépuscule ou aube,En agglomération,Hors intersection,Normale,Sans collision,,,,,,,,,,,2,2,1,1.0,7.0
201700044923,0017-07-03 13:35:00,17,7,3,13,35,940,41,"10, ROBESPIERRE (R)",48.8092,2.38563,Plein jour,En agglomération,Hors intersection,Normale,Trois véhicules et plus - collisions multiples,,,,,,,,,,,1,2,1,1.0,5.0
201700044924,0017-07-03 18:05:00,17,7,3,18,5,940,41,"1, NELSON MANDELA",48.82106,2.39911,Plein jour,En agglomération,Hors intersection,Normale,Deux véhicules - arrière,,,,,,,,,,,1,2,1,1.0,2.0
201700044925,0017-07-06 22:30:00,17,7,6,22,30,940,41,MAURICE COUTANT/ LAMANT,48.80563,2.38439,Nuit avec éclairage allumé,En agglomération,Intersection en X,Normale,Deux véhicules - côté,,,,,,,,,,,5,2,2,1.0,3.0
201700044926,0017-07-09 16:30:00,17,7,9,16,30,940,41,"46, JEAN JACQUES ROUSSEA",48.81703,2.39486,Plein jour,En agglomération,Hors intersection,Normale,Autre collision,,,,,,,,,,,1,2,1,1.0,6.0
201700044927,0017-07-10 19:40:00,17,7,10,19,40,940,41,"13, HENRI POURCHASSE (QU",48.80836,2.40774,Plein jour,Hors agglomération,Hors intersection,Pluie légère,Autre collision,,,,,,,,,,,1,1,1,2.0,6.0
201700044928,0017-07-11 17:10:00,17,7,11,17,10,940,41,"70, GEORGES GOSNAT (AV)",48.81337,2.38865,Plein jour,En agglomération,Hors intersection,Normale,Deux véhicules - côté,,,,,,,,,,,1,2,1,1.0,3.0
201700044929,0017-07-14 17:55:00,17,7,14,17,55,940,41,COUTURIER / VANZUPPE,48.82044,2.39511,Plein jour,En agglomération,Intersection en X,Normale,Sans collision,,,,,,,,,,,1,2,2,1.0,7.0
201700044930,0017-07-17 18:40:00,17,7,17,18,40,940,41,"10, WESTERMEYER (R)",48.81852,2.39557,Plein jour,En agglomération,Hors intersection,Normale,Deux véhicules - côté,,,,,,,,,,,1,2,1,1.0,3.0
201700044931,0017-07-19 12:30:00,17,7,19,12,30,940,41,REPUBLIQUE/ROBESPIERRE,48.81143,2.38338,Plein jour,En agglomération,Intersection à plus de 4 branches,Pluie légère,Autre collision,,,,,,,,,,,1,2,5,2.0,6.0
201700044932,0017-07-21 16:45:00,17,7,21,16,45,940,41,"18, COLONEL FABIEN - PON",48.8146,2.40747,Plein jour,En agglomération,Hors intersection,Normale,Deux véhicules - arrière,,,,,,,,,,,1,2,1,1.0,2.0
201700044933,0017-01-01 20:00:00,17,1,1,20,0,940,41,"9, MARCEAU (R)",,,Nuit avec éclairage allumé,En agglomération,Hors intersection,Normale,Autre collision,,,,,,,,,,,5,2,1,1.0,6.0
201700044934,0017-08-02 09:40:00,17,8,2,9,40,940,41,"95, MAURICE THOREZ (AV)",48.82,2.37,Plein jour,En agglomération,Intersection en T,Normale,Deux véhicules - côté,,,,,,,,,,,1,2,3,1.0,3.0
201700044935,0017-08-10 17:40:00,17,8,10,17,40,940,41,"59, BARBES (R)",48.81602,2.36927,Plein jour,En agglomération,Hors intersection,Normale,Deux véhicules - côté,,,,,,,,,,,1,2,1,1.0,3.0
201700044936,0017-06-04 19:45:00,17,6,4,19,45,940,41,"5/7, MAURICE GUNSBOURG (",48.81442,2.40837,Plein jour,En agglomération,Hors intersection,Normale,Deux véhicules - côté,,,,,,,,,,,1,2,1,1.0,3.0
201700044937,0017-08-22 17:05:00,17,8,22,17,5,940,41,"14, MICHELET (R)",48.80828,2.37668,Plein jour,En agglomération,Intersection en T,Normale,Deux véhicules - arrière,,,,,,,,,,,1,2,3,1.0,2.0
201700044938,0017-08-28 20:00:00,17,8,28,20,0,940,41,"51, AUGUSTE DESHAIES (QU",,,Crépuscule ou aube,En agglomération,Hors intersection,Normale,Autre collision,,,,,,,,,,,2,2,1,1.0,6.0
201700044939,0017-08-29 15:10:00,17,8,29,15,10,940,41,"42, LENINE (R)",48.81655,2.39498,Plein jour,En agglomération,Hors intersection,Temps éblouissant,Autre collision,,,,,,,,,,,1,2,1,7.0,6.0
201700044940,0017-09-07 01:35:00,17,9,7,1,35,940,41,"2, GASTON MONMOUSSEAU (R",48.80757,2.38072,Nuit sans éclairage public,En agglomération,Intersection en T,Normale,Deux véhicules - frontale,,,,,,,,,,,3,2,3,1.0,1.0
201700044941,0017-09-18 23:20:00,17,9,18,23,20,940,41,"47, JEAN COMPAGNON (QU)",48.82031,2.40138,Nuit avec éclairage allumé,En agglomération,Intersection en X,Normale,Deux véhicules - frontale,,,,,,,,,,,5,2,2,1.0,1.0
201700044942,0017-09-28 11:55:00,17,9,28,11,55,940,41,"107, GEORGES GOSNAT (AV)",48.81118,2.38815,Plein jour,En agglomération,Intersection en X,Pluie légère,Deux véhicules - côté,,,,,,,,,,,1,2,2,2.0,3.0
201700044943,0017-10-05 16:45:00,17,10,5,16,45,940,41,"12, BAUDIN (R)",48.81705,2.37551,Plein jour,En agglomération,Hors intersection,Pluie forte,Autre collision,,,,,,,,,,,1,2,1,3.0,6.0
201700044944,0017-09-28 16:45:00,17,9,28,16,45,940,41,"12, BAUDIN (R)",48.81705,2.37551,Plein jour,En agglomération,Hors intersection,Pluie forte,Autre collision,,,,,,,,,,,1,2,1,3.0,6.0
201700044945,0017-09-30 21:35:00,17,9,30,21,35,940,41,"02, QU JEAN COMPAGNON",48.82117,2.4015,Nuit avec éclairage allumé,En agglomération,Hors intersection,Normale,Deux véhicules - côté,,,,,,,,,,,5,2,1,1.0,3.0
201700044946,0017-10-13 07:00:00,17,10,13,7,0,940,41,"01, JEAN COMPAGNON (QU)",48.82113,2.40024,Crépuscule ou aube,En agglomération,Hors intersection,Normale,Deux véhicules - côté,,,,,,,,,,,2,2,1,1.0,3.0
201700044947,0017-01-02 08:40:00,17,1,2,8,40,940,41,"10, SAINT JUST (R)",,,Crépuscule ou aube,En agglomération,Intersection en T,Normale,Autre collision,,,,,,,,,,,2,2,3,1.0,6.0
201700044948,0017-10-13 11:30:00,17,10,13,11,30,940,41,"21, AMEDEE HUON (R)",48.80506,2.38843,Plein jour,En agglomération,Hors intersection,Normale,Deux véhicules - côté,,,,,,,,,,,1,2,1,1.0,3.0
201700044949,0017-10-18 13:00:00,17,10,18,13,0,940,41,"37, PIERRE SEMARD (AV)",48.81728,2.38157,Plein jour,En agglomération,Intersection en X,Normale,Deux véhicules - frontale,,,,,,,,,,,1,2,2,1.0,1.0
201700044950,0017-10-19 16:10:00,17,10,19,16,10,940,41,"07, PIERRE ET MARIE CURI",48.81384,2.3727,Plein jour,En agglomération,Hors intersection,Normale,Deux véhicules - côté,,,,,,,,,,,1,2,1,1.0,3.0
201700044951,0017-10-21 17:20:00,17,10,21,17,20,940,41,"2, WESTERMEYER (R)",48.81709,2.3955,Crépuscule ou aube,En agglomération,Intersection en X,Temps couvert,Deux véhicules - arrière,,,,,,,,,,,2,2,2,8.0,2.0
201700044952,0017-10-22 17:20:00,17,10,22,17,20,940,41,"38, JEAN COMPAGNON (QU)",48.82126,2.39679,Crépuscule ou aube,En agglomération,Intersection en X,Temps couvert,Deux véhicules - côté,,,,,,,,,,,2,2,2,8.0,3.0
201700044953,0017-10-24 20:30:00,17,10,24,20,30,940,41,"3, WESTERMEYER (R)",48.81878,2.39685,Nuit avec éclairage allumé,En agglomération,Hors intersection,Normale,Autre collision,,,,,,,,,,,5,2,1,1.0,6.0
201700044954,0017-10-27 13:30:00,17,10,27,13,30,940,41,"162, STALINGRAD (BD DE)",48.80509,2.37657,Plein jour,En agglomération,Hors intersection,Normale,Autre collision,,,,,,,,,,,1,2,1,1.0,6.0
201700044955,0017-11-03 17:20:00,17,11,3,17,20,940,41,"76, DANIELLE CASANOVA (A",,,Plein jour,En agglomération,Hors intersection,Normale,Autre collision,,,,,,,,,,,1,2,1,1.0,6.0
201700044956,0017-11-04 19:00:00,17,11,4,19,0,940,41,"30, SAINT JUST (R)",,,Nuit avec éclairage allumé,En agglomération,Hors intersection,Pluie légère,Autre collision,,,,,,,,,,,5,2,1,2.0,6.0
201700044957,0017-11-07 18:45:00,17,11,7,18,45,940,41,"2, HENRI BARBUSSE (AV)",,,Nuit avec éclairage allumé,En agglomération,Hors intersection,Normale,Autre collision,,,,,,,,,,,5,2,1,1.0,6.0
201700044958,0017-11-11 21:00:00,17,11,11,21,0,940,41,"16, MICHELET (R)",,,Nuit avec éclairage allumé,En agglomération,Intersection en T,Pluie légère,Deux véhicules - côté,,,,,,,,,,,5,2,3,2.0,3.0
201700044959,0017-11-12 11:25:00,17,11,12,11,25,940,41,"81, VERDUN (AV DE)",,,Plein jour,En agglomération,Intersection en X,Pluie légère,Autre collision,,,,,,,,,,,1,2,2,2.0,6.0
201700044960,0017-11-13 08:45:00,17,11,13,8,45,940,41,"4, CHATEAUDUN (R DE)",,,Plein jour,En agglomération,Hors intersection,Normale,Autre collision,,,,,,,,,,,1,2,1,1.0,6.0
201700044961,0017-11-13 09:30:00,17,11,13,9,30,940,41,"23, PIERRE ET MARIE CURI",,,Plein jour,En agglomération,Hors intersection,Normale,Autre collision,,,,,,,,,,,1,2,1,1.0,6.0
201700044962,0017-11-11 15:50:00,17,11,11,15,50,940,41,GEORGES GOSNAT (AV),,,Plein jour,En agglomération,Hors intersection,Pluie légère,Deux véhicules - arrière,,,,,,,,,,,1,2,1,2.0,2.0
201700044963,0017-11-18 16:00:00,17,11,18,16,0,940,41,"34, VERDUN (AV DE)",,,Plein jour,En agglomération,Hors intersection,Normale,Autre collision,,,,,,,,,,,1,2,1,1.0,6.0
201700044964,0017-11-22 11:25:00,17,11,22,11,25,940,41,"12, GASTON CORNAVIN (R)",,,Plein jour,En agglomération,Hors intersection,Normale,Autre collision,,,,,,,,,,,1,2,1,1.0,6.0
201700044965,0017-11-22 23:30:00,17,11,22,23,30,940,41,"03, JULES VANZUPPE (R)",48.82047,2.39515,Nuit avec éclairage allumé,En agglomération,Hors intersection,Normale,Deux véhicules - arrière,,,,,,,,,,,5,2,1,1.0,2.0
201700044966,0017-11-24 13:50:00,17,11,24,13,50,940,41,"11/13, TRUILLOT (R)",,,Plein jour,En agglomération,Hors intersection,Normale,Deux véhicules - côté,,,,,,,,,,,1,2,1,1.0,3.0
201700044967,0017-11-24 17:55:00,17,11,24,17,55,940,41,"22, SAINT JUST (R)",,,Nuit avec éclairage allumé,En agglomération,Intersection en T,Normale,Deux véhicules - côté,,,,,,,,,,,5,2,3,1.0,3.0
201700044968,0017-11-27 08:35:00,17,11,27,8,35,940,41,"35, DENIS PAPIN (R)",,,Plein jour,En agglomération,Hors intersection,Normale,Deux véhicules - arrière,,,,,,,,,,,1,2,1,1.0,2.0
201700044969,0017-11-27 10:20:00,17,11,27,10,20,940,41,"19, SAINT JUST (R)",,,Plein jour,En agglomération,Intersection en T,Normale,Deux véhicules - côté,,,,,,,,,,,1,2,3,1.0,3.0
201700044970,0017-12-02 19:42:00,17,12,2,19,42,940,41,"39, DANIELLE CASANOVA (A",48.81739,2.38172,Nuit avec éclairage allumé,En agglomération,Hors intersection,Normale,Deux véhicules - côté,,,,,,,,,,,5,2,1,1.0,3.0
201700044971,0017-12-07 10:00:00,17,12,7,10,0,940,41,"42, SAINT JUST (R)",48.8098,2.3874,Plein jour,En agglomération,Hors intersection,Pluie légère,Autre collision,,,,,,,,,,,1,2,1,2.0,6.0
201700044972,0017-12-12 18:30:00,17,12,12,18,30,940,41,"110, JEAN LE GALLEU (R)",48.80959,2.38043,Nuit avec éclairage non allumé,En agglomération,Hors intersection,Normale,Deux véhicules - côté,,,,,,,,,,,4,2,1,1.0,3.0
201700044973,0017-12-20 20:10:00,17,12,20,20,10,940,41,"20, MARCEL BOYER (QU)",48.82266,2.39268,Nuit avec éclairage allumé,En agglomération,Hors intersection,Pluie légère,Autre collision,,,,,,,,,,,5,2,1,2.0,6.0
201700044974,0017-12-21 07:20:00,17,12,21,7,20,940,41,"18, ERNEST RENAN (R)",48.8059,2.40003,Nuit avec éclairage allumé,En agglomération,Hors intersection,Pluie légère,Deux véhicules - arrière,,,,,,,,,,,5,2,1,2.0,2.0
201700044975,0017-12-23 19:40:00,17,12,23,19,40,940,41,"66, MOLIERE (R)",48.81621,2.39273,Nuit avec éclairage allumé,En agglomération,Hors intersection,Normale,Deux véhicules - arrière,,,,,,,,,,,5,2,1,1.0,2.0
201700044976,0017-12-27 20:40:00,17,12,27,20,40,940,41,"28, MOLIERE (R)",48.81321,2.39609,Nuit sans éclairage public,En agglomération,Intersection en X,Pluie légère,Deux véhicules - côté,,,,,,,,,,,3,2,2,2.0,3.0
201700044977,0017-12-27 06:50:00,17,12,27,6,50,940,41,"25, JULES VANZUPPE (R)",48.8193,2.39261,Nuit avec éclairage allumé,En agglomération,Intersection en X,Normale,Deux véhicules - frontale,,,,,,,,,,,5,2,2,1.0,1.0
201700044978,0017-01-03 16:30:00,17,1,3,16,30,940,41,"94, VICTOR HUGO (R)",,,Plein jour,En agglomération,Hors intersection,Normale,Sans collision,,,,,,,,,,,1,2,1,1.0,7.0
201700044979,0017-01-27 11:35:00,17,1,27,11,35,940,41,"FACE AU 04, JEAN BONNEFO",,,Plein jour,En agglomération,Hors intersection,Normale,Sans collision,,,,,,,,,,,1,2,1,1.0,7.0
201700044980,0017-01-04 07:10:00,17,1,4,7,10,940,41,"21, WESTERMEYER (R)",,,Nuit avec éclairage allumé,En agglomération,Hors intersection,Normale,Deux véhicules - arrière,,,,,,,,,,,5,2,1,1.0,2.0
201700044981,0017-01-04 22:20:00,17,1,4,22,20,940,41,FRANCOIS MITTERAND (RUE),,,Nuit avec éclairage allumé,En agglomération,Hors intersection,Pluie légère,Autre collision,,,,,,,,,,,5,2,1,2.0,6.0
201700044982,0017-01-10 16:40:00,17,1,10,16,40,940,41,"67, MAURICE THOREZ (AV)",,,Crépuscule ou aube,En agglomération,Hors intersection,Pluie légère,Autre collision,,,,,,,,,,,2,2,1,2.0,6.0
201700044983,0017-01-11 18:25:00,17,1,11,18,25,940,41,", JEAN COMPAGNON (QU)",,,Nuit avec éclairage allumé,En agglomération,Autre intersection,Normale,Deux véhicules - côté,,,,,,,,,,,5,2,9,1.0,3.0
201700044984,0017-05-11 09:55:00,17,5,11,9,55,940,41,"3, REPUBLIQUE (AV DE LA)",,,Plein jour,En agglomération,Hors intersection,Normale,Autre collision,,,,,,,,,,,1,2,1,1.0,6.0
201700044985,0017-01-13 07:05:00,17,1,13,7,5,940,41,MARCEL BOYER (QU),,,Nuit avec éclairage allumé,En agglomération,Intersection en Y,Normale,Trois véhicules et plus - collisions multiples,,,,,,,,,,,5,2,4,1.0,5.0
201700044986,0017-01-16 07:54:00,17,1,16,7,54,940,41,THOREZ/,,,Nuit avec éclairage allumé,En agglomération,Intersection en X,Normale,Autre collision,,,,,,,,,,,5,2,2,1.0,6.0
201700044987,0017-01-16 18:05:00,17,1,16,18,5,940,41,"58, MAURICE THOREZ (AV)",,,Nuit avec éclairage allumé,En agglomération,Hors intersection,Normale,Autre collision,,,,,,,,,,,5,2,1,1.0,6.0
201700044988,0017-01-20 17:55:00,17,1,20,17,55,940,41,VERDUN (AV DE),,,Plein jour,En agglomération,Intersection en T,Normale,Deux véhicules - côté,,,,,,,,,,,1,2,3,1.0,3.0
201700044989,0017-01-20 19:15:00,17,1,20,19,15,940,41,JEAN LE GALLEU (R),,,Nuit avec éclairage allumé,En agglomération,Intersection en X,Normale,Deux véhicules - côté,,,,,,,,,,,5,2,2,1.0,3.0
201700044990,0017-01-28 15:25:00,17,1,28,15,25,940,41,"108, DANIELLE CASANOVA (",,,Plein jour,En agglomération,Intersection en X,Normale,Deux véhicules - côté,,,,,,,,,,,1,2,2,1.0,3.0
201700044991,0017-02-05 15:45:00,17,2,5,15,45,940,41,"72, GEORGES GOSNAT (AV)",,,Plein jour,En agglomération,Hors intersection,Normale,Deux véhicules - côté,,,,,,,,,,,1,2,1,1.0,3.0
201700044992,0017-02-08 07:00:00,17,2,8,7,0,940,41,"48, DENIS PAPIN (R)",,,Nuit avec éclairage allumé,En agglomération,Hors intersection,Normale,Autre collision,,,,,,,,,,,5,2,1,1.0,6.0
201700044993,0017-02-13 17:10:00,17,2,13,17,10,940,41,"83, DANIELLE CASANOVA (A",,,Plein jour,Hors agglomération,Hors intersection,Normale,Autre collision,,,,,,,,,,,1,1,1,1.0,6.0
201700044994,0017-02-15 11:20:00,17,2,15,11,20,940,41,"17, PIERRE SEMARD (AV)",,,Plein jour,En agglomération,Hors intersection,Normale,Sans collision,,,,,,,,,,,1,2,1,1.0,7.0
201700044995,0017-02-15 20:10:00,17,2,15,20,10,940,41,JEAN COMPAGNON (QU),,,Nuit avec éclairage non allumé,En agglomération,Hors intersection,Normale,Deux véhicules - frontale,,,,,,,,,,,4,2,1,1.0,1.0
201700044996,0017-04-12 00:56:00,17,4,12,0,56,940,41,"16, GASTON MONMOUSSEAU (",,,Nuit avec éclairage allumé,En agglomération,Hors intersection,Normale,Autre collision,,,,,,,,,,,5,2,1,1.0,6.0
201700044997,0017-02-20 14:45:00,17,2,20,14,45,940,41,"82, JEAN JAURES (AV)",,,Plein jour,En agglomération,Hors intersection,Normale,Deux véhicules - côté,,,,,,,,,,,1,2,1,1.0,3.0
201700044998,0017-02-21 16:30:00,17,2,21,16,30,940,41,"7, DENIS PAPIN (R)",,,Plein jour,En agglomération,Hors intersection,Normale,Deux véhicules - côté,,,,,,,,,,,1,2,1,1.0,3.0
201700044999,0017-03-05 13:20:00,17,3,5,13,20,940,41,PIERRE SEMARD (AV),,,Plein jour,En agglomération,Hors intersection,Pluie forte,Deux véhicules - arrière,,,,,,,,,,,1,2,1,3.0,2.0
201700045000,0017-03-09 04:45:00,17,3,9,4,45,940,41,LENINE (R),,,Nuit avec éclairage allumé,En agglomération,Intersection en T,Temps couvert,Deux véhicules - côté,,,,,,,,,,,5,2,3,8.0,3.0
201700045001,0017-05-13 18:45:00,17,5,13,18,45,940,41,"71, GEORGES GOSNAT (AV)",,,Plein jour,En agglomération,Hors intersection,Normale,Deux véhicules - frontale,,,,,,,,,,,1,2,1,1.0,1.0
201700045002,0017-03-10 14:55:00,17,3,10,14,55,940,41,"16, JEAN JACQUES ROUSSEA",,,Plein jour,En agglomération,Hors intersection,Normale,Autre collision,,,,,,,,,,,1,2,1,1.0,6.0
201700045003,0017-03-10 15:35:00,17,3,10,15,35,940,41,"17, JEAN JAURES (AV)",,,Plein jour,En agglomération,Hors intersection,Normale,Autre collision,,,,,,,,,,,1,2,1,1.0,6.0
201700045004,0017-03-10 17:15:00,17,3,10,17,15,940,41,"48, DENIS PAPIN (R)",,,Plein jour,En agglomération,Intersection en Y,Normale,Deux véhicules - frontale,,,,,,,,,,,1,2,4,1.0,1.0
201700045005,0017-03-12 17:43:00,17,3,12,17,43,940,41,", MAURICE COUTANT (R)",,,Plein jour,En agglomération,Hors intersection,Normale,Autre collision,,,,,,,,,,,1,2,1,1.0,6.0
201700045006,0017-03-14 08:05:00,17,3,14,8,5,940,41,"6, MARCEL CACHIN (R)",,,Plein jour,En agglomération,Hors intersection,Normale,Autre collision,,,,,,,,,,,1,2,1,1.0,6.0
201700045007,0017-03-15 12:20:00,17,3,15,12,20,940,41,"98, VICTOR HUGO (R)",,,Plein jour,En agglomération,Hors intersection,Normale,Deux véhicules - côté,,,,,,,,,,,1,2,1,1.0,3.0
201700045008,0017-03-16 06:35:00,17,3,16,6,35,940,41,"100, GEORGES GOSNAT (AV)",,,Plein jour,En agglomération,Hors intersection,Normale,Sans collision,,,,,,,,,,,1,2,1,1.0,7.0
201700045009,0017-03-17 16:20:00,17,3,17,16,20,940,41,"13, ROBESPIERRE (R)",,,Plein jour,En agglomération,Hors intersection,Normale,Autre collision,,,,,,,,,,,1,2,1,1.0,6.0
201700045010,0017-03-19 20:00:00,17,3,19,20,0,940,41,"15, JEAN-BAPTISTE RENOUL",,,Nuit avec éclairage allumé,En agglomération,Hors intersection,Normale,Deux véhicules - frontale,,,,,,,,,,,5,2,1,1.0,1.0
201700045011,0017-03-25 21:45:00,17,3,25,21,45,940,41,PIERRE SEMARD (AV),,,Nuit avec éclairage allumé,En agglomération,Hors intersection,Normale,Deux véhicules - côté,,,,,,,,,,,5,2,1,1.0,3.0
201700045012,0017-05-15 19:25:00,17,5,15,19,25,940,41,"34, VERDUN (AV DE)",,,Plein jour,En agglomération,Hors intersection,Normale,Autre collision,,,,,,,,,,,1,2,1,1.0,6.0
201700045013,0017-03-30 08:55:00,17,3,30,8,55,940,41,MARCEL CACHIN (PL),,,Plein jour,En agglomération,Intersection en Y,Normale,Deux véhicules - côté,,,,,,,,,,,1,2,4,1.0,3.0
201700045014,0017-03-30 21:25:00,17,3,30,21,25,940,41,GEORGES MARRANE (ESP),,,Nuit sans éclairage public,En agglomération,Hors intersection,Temps couvert,Autre collision,,,,,,,,,,,3,2,1,8.0,6.0
201700045015,0017-04-04 18:45:00,17,4,4,18,45,940,41,"58, JEAN JAURES (AV)",,,Plein jour,En agglomération,Intersection en T,Normale,Deux véhicules - côté,,,,,,,,,,,1,2,3,1.0,3.0
201700045016,0017-04-18 12:10:00,17,4,18,12,10,940,41,"7, HENRI BARBUSSE (AV)",,,Plein jour,Hors agglomération,Hors intersection,Pluie légère,Deux véhicules - côté,,,,,,,,,,,1,1,1,2.0,3.0
201700045017,0017-04-21 09:10:00,17,4,21,9,10,940,41,"136, MARCEL HARTMANN (R)",,,Plein jour,En agglomération,Intersection en T,Normale,Deux véhicules - côté,,,,,,,,,,,1,2,3,1.0,3.0
201700045018,0017-04-21 16:10:00,17,4,21,16,10,940,41,"23, GABRIEL PERI (R)",,,Plein jour,En agglomération,Hors intersection,Normale,Sans collision,,,,,,,,,,,1,2,1,1.0,7.0
201700045019,0017-04-25 13:00:00,17,4,25,13,0,940,41,"137, MARCEL HARTMANN (R)",,,Plein jour,En agglomération,Hors intersection,Normale,Deux véhicules - côté,,,,,,,,,,,1,2,1,1.0,3.0
201700045020,0017-04-26 08:40:00,17,4,26,8,40,940,41,"66, MAURICE THOREZ (AV)",,,Plein jour,En agglomération,Intersection en T,Normale,Autre collision,,,,,,,,,,,1,2,3,1.0,6.0
201700045021,0017-05-03 11:10:00,17,5,3,11,10,940,41,"99, GEORGES GOSNAT (AV)",,,Plein jour,En agglomération,Hors intersection,Pluie légère,Autre collision,,,,,,,,,,,1,2,1,2.0,6.0
201700045022,0017-05-15 12:50:00,17,5,15,12,50,940,41,"52, PIERRE ET MARIE CURI",,,Plein jour,En agglomération,Hors intersection,Normale,Deux véhicules - frontale,,,,,,,,,,,1,2,1,1.0,1.0
201700045023,0017-05-15 14:10:00,17,5,15,14,10,940,41,"27, CARNOT (R)",,,Plein jour,En agglomération,Hors intersection,Normale,Autre collision,,,,,,,,,,,1,2,1,1.0,6.0
201700045024,0017-05-21 19:00:00,17,5,21,19,0,940,41,"83, GEORGES GOSNAT (AV)",,,Plein jour,En agglomération,Passage à niveau,Normale,Autre collision,,,,,,,,,,,1,2,8,1.0,6.0
201700045025,0017-05-22 18:20:00,17,5,22,18,20,940,41,"13, ROBESPIERRE (R)",,,Plein jour,En agglomération,Hors intersection,Normale,Autre collision,,,,,,,,,,,1,2,1,1.0,6.0
201700045026,0017-05-23 17:15:00,17,5,23,17,15,940,41,", VERDUN (AV DE)",,,Plein jour,En agglomération,Hors intersection,Normale,Deux véhicules - arrière,,,,,,,,,,,1,2,1,1.0,2.0
201700045027,0017-05-27 12:30:00,17,5,27,12,30,940,41,"34, VERDUN (AV DE)",,,Plein jour,En agglomération,Hors intersection,Normale,Autre collision,,,,,,,,,,,1,2,1,1.0,6.0
201700045028,0017-05-04 17:10:00,17,5,4,17,10,940,41,"6-8, VICTOR HUGO (R)",,,Plein jour,En agglomération,Hors intersection,Pluie forte,Autre collision,,,,,,,,,,,1,2,1,3.0,6.0
201700045029,0017-04-14 12:00:00,17,4,14,12,0,940,41,"59, HENRI MARTIN (R)",,,Plein jour,En agglomération,Hors intersection,Normale,Deux véhicules - côté,,,,,,,,,,,1,2,1,1.0,3.0
201700045030,0017-02-08 18:00:00,17,2,8,18,0,940,41,HOCHE (R),,,Crépuscule ou aube,En agglomération,Hors intersection,Normale,Autre collision,,,,,,,,,,,2,2,1,1.0,6.0
201700045031,0017-02-12 13:25:00,17,2,12,13,25,940,41,"76, GEORGES GOSNAT (AV)",,,Plein jour,En agglomération,Intersection en X,Pluie légère,Deux véhicules - côté,,,,,,,,,,,1,2,2,2.0,3.0
201700045032,0017-02-25 13:45:00,17,2,25,13,45,940,41,"33-35, BRANDEBOURG - PL",,,Plein jour,En agglomération,Hors intersection,Normale,Autre collision,,,,,,,,,,,1,2,1,1.0,6.0
201700045033,0017-06-02 16:00:00,17,6,2,16,0,940,16,"41, LEON BLUM (AV)",48.7894,2.33687,Plein jour,En agglomération,Hors intersection,Temps couvert,Autre collision,,,,,,,,,,,1,2,1,8.0,6.0