accident_id,datetime,annee,mois,jour,heure,minute,departement,commune_insee,adresse,latitude,longitude,luminosite,agglomeration,intersection,meteo,collision,nb_vehicules,nb_usagers,nb_indemnes,nb_tues,nb_blesses_hosp,nb_blesses_legers,age_cond_1,age_cond_2,veh_type_cond_1,veh_type_cond_2,lum_code,agg_code,int_code,atm_code,col_code
201700045034,0017-06-03 08:25:00,17,6,3,8,25,940,16,"68, COUSIN DE MERICOURT",48.79795,2.33309,Plein jour,En agglomération,Hors intersection,Temps couvert,Sans collision,,,,,,,,,,,1,2,1,8.0,7.0
201700045035,0017-06-04 15:25:00,17,6,4,15,25,940,3,", ARISTIDE BRIAND (AV)",48.80801,2.32627,Plein jour,En agglomération,Hors intersection,Normale,Deux véhicules - arrière,,,,,,,,,,,1,2,1,1.0,2.0
201700045036,0017-06-07 23:15:00,17,6,7,23,15,940,76,"71, PARIS (AV DE)",48.80369,2.36451,Nuit avec éclairage allumé,En agglomération,Hors intersection,Normale,Deux véhicules - côté,,,,,,,,,,,5,2,1,1.0,3.0
201700045037,0017-06-08 16:15:00,17,6,8,16,15,940,16,"41, LEON BLUM (AV)",48.78945,2.33691,Plein jour,En agglomération,Hors intersection,Normale,Autre collision,,,,,,,,,,,1,2,1,1.0,6.0
201700045038,0017-06-08 21:20:00,17,6,8,21,20,940,76,"45, HENRI BARBUSSE (R)",48.80403,2.36782,Crépuscule ou aube,Hors agglomération,Hors intersection,Normale,Deux véhicules - arrière,,,,,,,,,,,2,1,1,1.0,2.0
201700045039,0017-06-11 18:40:00,17,6,11,18,40,940,43,"74, FONTAINEBLEAU (AV DE",48.81144,2.36179,Plein jour,En agglomération,Hors intersection,Normale,Autre collision,,,,,,,,,,,1,2,1,1.0,6.0
201700045040,0017-06-14 16:40:00,17,6,14,16,40,940,43,EUGENE THOMAS (AV),48.80959,2.35973,Plein jour,En agglomération,Hors intersection,Normale,Deux véhicules - côté,,,,,,,,,,,1,2,1,1.0,3.0
201700045041,0017-06-21 01:10:00,17,6,21,1,10,940,76,"163, MAXIME GORKI (BD)",48.78848,2.36832,Nuit avec éclairage allumé,En agglomération,Intersection en X,Normale,Deux véhicules - côté,,,,,,,,,,,5,2,2,1.0,3.0
201700045042,0017-06-21 19:10:00,17,6,21,19,10,940,3,"74, LAPLACE (AV)",48.80994,2.32742,Plein jour,En agglomération,Giratoire,Normale,Deux véhicules - côté,,,,,,,,,,,1,2,6,1.0,3.0
201700045043,0017-06-21 20:35:00,17,6,21,20,35,940,76,GORKI/CLEMENT,48.79598,2.36838,Plein jour,En agglomération,Intersection en X,Normale,Deux véhicules - côté,,,,,,,,,,,1,2,2,1.0,3.0
201700045044,0017-06-22 18:30:00,17,6,22,18,30,940,76,"135, REPUBLIQUE (AV DE L",48.78703,2.35277,Plein jour,En agglomération,Hors intersection,Normale,Autre collision,,,,,,,,,,,1,2,1,1.0,6.0
201700045045,0017-06-22 17:15:00,17,6,22,17,15,940,16,"191, ARISTIDE BRIAND (AV",48.78833,2.31889,Plein jour,En agglomération,Hors intersection,Normale,Deux véhicules - côté,,,,,,,,,,,1,2,1,1.0,3.0
201700045046,0017-06-23 15:15:00,17,6,23,15,15,940,16,BRIAND/BLOY,48.78801,2.31868,Plein jour,En agglomération,Intersection en X,Normale,Deux véhicules - côté,,,,,,,,,,,1,2,2,1.0,3.0
201700045047,0017-06-23 21:11:00,17,6,23,21,11,940,43,"15, GENERAL LECLERC (R D",48.81424,2.3597,Crépuscule ou aube,En agglomération,Hors intersection,Normale,Deux véhicules - frontale,,,,,,,,,,,2,2,1,1.0,1.0
201700045048,0017-06-25 01:15:00,17,6,25,1,15,940,16,"60, LEON BLUM (AV)",48.78855,2.33693,Nuit avec éclairage allumé,En agglomération,Hors intersection,Normale,Sans collision,,,,,,,,,,,5,2,1,1.0,7.0
201700045049,0017-06-25 09:55:00,17,6,25,9,55,940,16,LERCLERC/VATIER,48.78801,2.33031,Plein jour,En agglomération,Intersection en Y,Normale,Deux véhicules - côté,,,,,,,,,,,1,2,4,1.0,3.0
201700045050,0017-06-25 14:35:00,17,6,25,14,35,940,37,"9, GALLIENI (AV)",48.81589,2.3534,Plein jour,En agglomération,Hors intersection,Normale,Sans collision,,,,,,,,,,,1,2,1,1.0,7.0
201700045051,0017-06-25 18:05:00,17,6,25,18,5,940,43,FONTAINBLEAU/LERCLERC,48.81518,2.3605,Plein jour,En agglomération,Intersection en T,Normale,Deux véhicules - côté,,,,,,,,,,,1,2,3,1.0,3.0
201700045052,0017-06-29 19:00:00,17,6,29,19,0,940,76,VERDUN/VAILLANT,48.79332,2.35399,Plein jour,En agglomération,Intersection en X,Normale,Deux véhicules - côté,,,,,,,,,,,1,2,2,1.0,3.0
201700045053,0017-07-03 08:30:00,17,7,3,8,30,940,16,DESMOULINS/GEORGEON,48.79377,2.33386,Plein jour,En agglomération,Intersection en X,Normale,Deux véhicules - frontale,,,,,,,,,,,1,2,2,1.0,1.0
201700045054,0017-07-04 14:30:00,17,7,4,14,30,940,3,"67, VLADIMIR ILLITCH LEN",48.8125,2.3315,Plein jour,En agglomération,Hors intersection,Normale,Autre collision,,,,,,,,,,,1,2,1,1.0,6.0
201700045055,0017-07-04 17:20:00,17,7,4,17,20,940,37,"7, BOULINEAU (R)",48.80901,2.34223,Plein jour,En agglomération,Intersection en T,Normale,Deux véhicules - frontale,,,,,,,,,,,1,2,3,1.0,1.0
201700045056,0017-07-04 17:50:00,17,7,4,17,50,940,43,CONVENTION/JEAN JAURES,48.81214,2.35915,Plein jour,En agglomération,Intersection en T,Normale,Autre collision,,,,,,,,,,,1,2,3,1.0,6.0
201700045057,0017-07-04 22:30:00,17,7,4,22,30,940,37,"86, GABRIEL PERI (R)",48.81056,2.34975,Nuit avec éclairage allumé,En agglomération,Giratoire,Normale,Deux véhicules - frontale,,,,,,,,,,,5,2,6,1.0,1.0
201700045058,0017-07-05 17:30:00,17,7,5,17,30,940,43,GABRIEL PERI/AVENIR,48.80612,2.34594,Plein jour,En agglomération,Intersection en X,Normale,Deux véhicules - côté,,,,,,,,,,,1,2,2,1.0,3.0
201700045059,0017-07-08 19:40:00,17,7,8,19,40,940,76,COUTURIER/ FLAUBERT,48.79484,2.36467,Plein jour,En agglomération,Intersection en T,Normale,Deux véhicules - côté,,,,,,,,,,,1,2,3,1.0,3.0
201700045060,0017-07-13 18:25:00,17,7,13,18,25,940,76,"148, MAXIME GORKI (BD)",48.789,2.36823,Plein jour,En agglomération,Hors intersection,Normale,Autre collision,,,,,,,,,,,1,2,1,1.0,6.0
201700045061,0017-07-17 17:40:00,17,7,17,17,40,940,76,"69, HENRI BARBUSSE (R)",48.8046,2.36916,Plein jour,En agglomération,Hors intersection,Normale,Autre collision,,,,,,,,,,,1,2,1,1.0,6.0
201700045062,0017-07-19 10:30:00,17,7,19,10,30,940,76,"27, JEAN BAPTISTE BAUDIN",48.79711,2.35554,Plein jour,En agglomération,Hors intersection,Pluie légère,Autre collision,,,,,,,,,,,1,2,1,2.0,6.0
201700045063,0017-07-19 22:00:00,17,7,19,22,0,940,76,"18, MICHELET/VIOLETTE",48.80108,2.34995,Nuit avec éclairage allumé,En agglomération,Intersection en T,Normale,Deux véhicules - côté,,,,,,,,,,,5,2,3,1.0,3.0
201700045064,0017-07-20 08:50:00,17,7,20,8,50,940,3,COUTURIER/PERI,48.80012,2.34276,Plein jour,En agglomération,Hors intersection,Normale,Autre collision,,,,,,,,,,,1,2,1,1.0,6.0
201700045065,0017-07-20 08:25:00,17,7,20,8,25,940,3,"68, PAUL VAILLANT COUTUR",48.80164,2.34333,Plein jour,En agglomération,Hors intersection,Temps couvert,Sans collision,,,,,,,,,,,1,2,1,8.0,7.0
201700045066,0017-07-21 20:45:00,17,7,21,20,45,940,76,COUTURIER/GROSMESNIL,48.79478,2.35436,Plein jour,En agglomération,Intersection à plus de 4 branches,Normale,Deux véhicules - frontale,,,,,,,,,,,1,2,5,1.0,1.0
201700045067,0017-07-26 22:50:00,17,7,26,22,50,940,3,"25, ALBERT LEGRAND (R)",48.80619,2.33063,Nuit avec éclairage allumé,En agglomération,Hors intersection,Normale,Sans collision,,,,,,,,,,,5,2,1,1.0,7.0
201700045068,0017-07-27 20:05:00,17,7,27,20,5,940,43,"5, EDMONT MICHELET (R)",48.81025,2.36273,Plein jour,En agglomération,Hors intersection,Normale,Deux véhicules - côté,,,,,,,,,,,1,2,1,1.0,3.0
201700045069,0017-07-28 01:55:00,17,7,28,1,55,940,76,PARIS /THIBERT,48.8057,2.36358,Nuit avec éclairage allumé,En agglomération,Intersection en X,Normale,Deux véhicules - côté,,,,,,,,,,,5,2,2,1.0,3.0
201700045070,0017-07-28 14:35:00,17,7,28,14,35,940,76,LOUISE MICHEL/CLEMENT,48.79655,2.37029,Plein jour,En agglomération,Intersection en X,Normale,Autre collision,,,,,,,,,,,1,2,2,1.0,6.0
201700045071,0017-07-31 19:00:00,17,7,31,19,0,940,76,"60, STALINGRAD (AV DE)",48.78559,2.36686,Plein jour,En agglomération,Autre intersection,Normale,Deux véhicules - côté,,,,,,,,,,,1,2,9,1.0,3.0
201700045072,0017-06-06 15:20:00,17,6,6,15,20,940,76,"79, LOUIS ARAGON (AV)",48.7886,2.37467,Plein jour,En agglomération,Hors intersection,Normale,Deux véhicules - arrière,,,,,,,,,,,1,2,1,1.0,2.0
201700045073,0017-11-02 12:30:00,17,11,2,12,30,940,37,"2, JULES FERRY (R)",48.81314,2.35088,Plein jour,En agglomération,Intersection en T,Normale,Deux véhicules - arrière,,,,,,,,,,,1,2,3,1.0,2.0
201700045074,0017-06-06 04:50:00,17,6,6,4,50,940,76,GROSMENIL/ALLENDE,48.79498,2.35434,Nuit avec éclairage allumé,En agglomération,Intersection en X,Pluie légère,Autre collision,,,,,,,,,,,5,2,2,2.0,6.0
201700045075,0017-06-07 07:20:00,17,6,7,7,20,940,3,CONVENTION/PERI,48.81239,2.35281,Plein jour,En agglomération,Intersection en X,Normale,Deux véhicules - côté,,,,,,,,,,,1,2,2,1.0,3.0
201700045076,0017-06-08 06:30:00,17,6,8,6,30,940,46,"11, PROFESSEUR CADIOT (A",48.80575,2.43103,Crépuscule ou aube,En agglomération,Hors intersection,Normale,Deux véhicules - côté,,,,,,,,,,,2,2,1,1.0,3.0
201700045077,0017-06-08 11:50:00,17,6,8,11,50,940,46,"81, REPUBLIQUE (AV DE LA",48.80481,2.43861,Plein jour,En agglomération,Hors intersection,Normale,Deux véhicules - arrière,,,,,,,,,,,1,2,1,1.0,2.0
201700045078,0017-06-24 23:00:00,17,6,24,23,0,940,46,"02, FOCH (AV)",48.81541,2.43288,Nuit avec éclairage allumé,En agglomération,Hors intersection,Normale,Deux véhicules - arrière,,,,,,,,,,,5,2,1,1.0,2.0
201700045079,0017-06-24 23:35:00,17,6,24,23,35,940,46,GAMBETTA/PERI,48.81012,2.4374,Nuit avec éclairage allumé,En agglomération,Intersection en X,Normale,Deux véhicules - côté,,,,,,,,,,,5,2,2,1.0,3.0
201700045080,0017-06-29 20:00:00,17,6,29,20,0,940,46,REPUBLIQUE/CONDORCET,48.80904,2.45262,Plein jour,En agglomération,Intersection en X,Normale,Deux véhicules - côté,,,,,,,,,,,1,2,2,1.0,3.0
201700045081,0017-07-03 10:25:00,17,7,3,10,25,940,46,REPUBLIQUE /BLUM,48.80284,2.43404,Plein jour,En agglomération,Intersection en X,Normale,Trois véhicules et plus - collisions multiples,,,,,,,,,,,1,2,2,1.0,5.0
201700045082,0017-07-12 02:15:00,17,7,12,2,15,940,46,GAMBETTA/PERI,48.81009,2.4374,Nuit avec éclairage allumé,En agglomération,Intersection en X,Pluie légère,Deux véhicules - côté,,,,,,,,,,,5,2,2,2.0,3.0
201700045083,0017-07-23 22:40:00,17,7,23,22,40,940,46,"14, REPUBLIQUE (AV DE LA",48.80097,2.43132,Nuit avec éclairage allumé,En agglomération,Hors intersection,Pluie légère,Autre collision,,,,,,,,,,,5,2,1,2.0,6.0
201700045084,0017-08-02 10:20:00,17,8,2,10,20,940,46,CONVENTION (R DE LA),,,Plein jour,En agglomération,Intersection en X,Normale,Deux véhicules - côté,,,,,,,,,,,1,2,2,1.0,3.0
201700045085,0017-08-06 01:35:00,17,8,6,1,35,940,46,"47, FOCH (AV)",,,Nuit avec éclairage allumé,En agglomération,Hors intersection,Normale,Deux véhicules - arrière,,,,,,,,,,,5,2,1,1.0,2.0
201700045086,0017-08-15 11:50:00,17,8,15,11,50,940,46,"67, GEORGES CLEMENCEAU (",,,Plein jour,En agglomération,Hors intersection,Pluie légère,Deux véhicules - côté,,,,,,,,,,,1,2,1,2.0,3.0
201700045087,0017-08-17 05:55:00,17,8,17,5,55,940,46,"., REPUBLIQUE (AV DE LA)",,,Nuit avec éclairage allumé,En agglomération,Intersection en X,Normale,Deux véhicules - côté,,,,,,,,,,,5,2,2,1.0,3.0
201700045088,0017-08-24 06:00:00,17,8,24,6,0,940,46,LEON BLUM (AV),,,Nuit avec éclairage allumé,En agglomération,Intersection en X,Normale,Deux véhicules - côté,,,,,,,,,,,5,2,2,1.0,3.0
201700045089,0017-08-29 08:30:00,17,8,29,8,30,940,46,FERNET (R),,,Plein jour,En agglomération,Intersection en X,Normale,Deux véhicules - côté,,,,,,,,,,,1,2,2,1.0,3.0
201700045090,0017-09-05 19:45:00,17,9,5,19,45,940,46,"18, GENERAL DE GAULLE (A",,,Crépuscule ou aube,En agglomération,Hors intersection,Normale,Deux véhicules - côté,,,,,,,,,,,2,2,1,1.0,3.0
201700045091,0017-09-12 09:00:00,17,9,12,9,0,940,46,VERDUN (AV DE),,,Plein jour,En agglomération,Intersection en T,Vent fort / tempête,Deux véhicules - côté,,,,,,,,,,,1,2,3,6.0,3.0
201700045092,0017-09-19 11:05:00,17,9,19,11,5,940,46,GENERAL LECLERC (AV DU),,,Plein jour,En agglomération,Hors intersection,Pluie légère,Deux véhicules - arrière,,,,,,,,,,,1,2,1,2.0,2.0
201700045093,0017-09-21 17:50:00,17,9,21,17,50,940,46,"241, REPUBLIQUE (AV DE L",,,Plein jour,En agglomération,Hors intersection,Normale,Sans collision,,,,,,,,,,,1,2,1,1.0,7.0
201700045094,0017-01-07 18:20:00,17,1,7,18,20,940,46,"4, HUIT MAI 1945 (R DU)",,,Nuit avec éclairage allumé,En agglomération,Hors intersection,Pluie légère,Autre collision,,,,,,,,,,,5,2,1,2.0,6.0
201700045095,0017-09-22 17:50:00,17,9,22,17,50,940,46,"73, GENERAL LECLERC (AV",,,Plein jour,En agglomération,Hors intersection,Normale,Deux véhicules - arrière,,,,,,,,,,,1,2,1,1.0,2.0
201700045096,0017-09-29 12:50:00,17,9,29,12,50,940,46,"01, ROME (R DE)",,,Plein jour,En agglomération,Hors intersection,Normale,Autre collision,,,,,,,,,,,1,2,1,1.0,6.0
201700045097,0017-10-03 08:10:00,17,10,3,8,10,940,46,"12, HUIT MAI 1945 (R DU)",48.814,2.4319,Plein jour,En agglomération,Hors intersection,Normale,Autre collision,,,,,,,,,,,1,2,1,1.0,6.0
201700045098,0017-10-09 10:40:00,17,10,9,10,40,940,46,CONVENTION (R DE LA),48.81332,2.44983,Crépuscule ou aube,En agglomération,Intersection en X,Normale,Deux véhicules - côté,,,,,,,,,,,2,2,2,1.0,3.0
201700045099,0017-10-09 15:45:00,17,10,9,15,45,940,46,"11, CAPITAINE ROLAND DEP",48.80276,2.42845,Plein jour,En agglomération,Intersection en X,Normale,Deux véhicules - côté,,,,,,,,,,,1,2,2,1.0,3.0
201700045100,0017-10-12 07:15:00,17,10,12,7,15,940,46,LEON BLUM (AV),48.8007,2.435,Crépuscule ou aube,En agglomération,Intersection en T,Normale,Deux véhicules - frontale,,,,,,,,,,,2,2,3,1.0,1.0
201700045101,0017-10-12 14:15:00,17,10,12,14,15,940,46,"05, GENERAL LECLERC (AV",48.81536,2.42104,Plein jour,En agglomération,Intersection en T,Normale,Deux véhicules - côté,,,,,,,,,,,1,2,3,1.0,3.0
201700045102,0017-10-12 16:40:00,17,10,12,16,40,940,46,"01, VERDUN (AV DE)",48.81002,2.47211,Plein jour,En agglomération,Hors intersection,Normale,Autre collision,,,,,,,,,,,1,2,1,1.0,6.0
201700045103,0017-10-14 10:05:00,17,10,14,10,5,940,46,"52, GENERAL DE GAULLE (A",48.8133,2.4215,Plein jour,En agglomération,Hors intersection,Temps éblouissant,Autre collision,,,,,,,,,,,1,2,1,7.0,6.0
201700045104,0017-10-17 17:30:00,17,10,17,17,30,940,46,GALLIENI (BD),48.79728,2.43273,Plein jour,En agglomération,Hors intersection,Normale,Deux véhicules - côté,,,,,,,,,,,1,2,1,1.0,3.0
201700045105,0017-10-18 10:10:00,17,10,18,10,10,940,46,"56, GENERAL DE GAULLE (A",48.81336,2.42123,Plein jour,En agglomération,Hors intersection,Normale,Deux véhicules - côté,,,,,,,,,,,1,2,1,1.0,3.0
201700045106,0017-10-19 08:05:00,17,10,19,8,5,940,46,GEORGES MEDERIC (R),48.79441,2.44009,Crépuscule ou aube,En agglomération,Hors intersection,Normale,Deux véhicules - frontale,,,,,,,,,,,2,2,1,1.0,1.0
201700045107,0017-10-26 07:10:00,17,10,26,7,10,940,46,"139, JEAN JAURES (R)",48.7933,2.4346,Nuit avec éclairage allumé,En agglomération,Intersection en Y,Brouillard / fumée,Deux véhicules - côté,,,,,,,,,,,5,2,4,5.0,3.0
201700045108,0017-11-06 11:00:00,17,11,6,11,0,940,46,JEAN JAURES (R),,,Plein jour,En agglomération,Hors intersection,Normale,Deux véhicules - arrière,,,,,,,,,,,1,2,1,1.0,2.0
201700045109,0017-11-12 23:25:00,17,11,12,23,25,940,46,GENERAL DE GAULLE (AV DU,,,Crépuscule ou aube,En agglomération,Hors intersection,Normale,Deux véhicules - arrière,,,,,,,,,,,2,2,1,1.0,2.0
201700045110,0017-11-14 21:57:00,17,11,14,21,57,940,46,"22, PIERRE CURIE (R)",48.81056,2.42472,Nuit avec éclairage allumé,En agglomération,Hors intersection,Normale,Sans collision,,,,,,,,,,,5,2,1,1.0,7.0
201700045111,0017-09-08 18:05:00,17,9,8,18,5,940,46,"41, CARNOT (R)",,,Crépuscule ou aube,En agglomération,Hors intersection,Normale,Sans collision,,,,,,,,,,,2,2,1,1.0,7.0
201700045112,0017-01-04 07:25:00,17,1,4,7,25,940,46,VERDUN/MARNE,48.80924,2.4596,Nuit avec éclairage allumé,En agglomération,Intersection en T,Normale,Autre collision,,,,,,,,,,,5,2,3,1.0,6.0
201700045113,0017-11-21 16:10:00,17,11,21,16,10,940,46,PROFESSEUR CADIOT (AV DU,,,Plein jour,En agglomération,Hors intersection,Normale,Autre collision,,,,,,,,,,,1,2,1,1.0,6.0
201700045114,0017-11-24 10:00:00,17,11,24,10,0,940,46,"20, GAMBETTA (AV)",,,Plein jour,En agglomération,Hors intersection,Temps couvert,Deux véhicules - arrière,,,,,,,,,,,1,2,1,8.0,2.0
201700045115,0017-10-01 13:20:00,17,10,1,13,20,940,46,GENERAL LECLERC (AV DU),,,Plein jour,En agglomération,Hors intersection,Pluie légère,Sans collision,,,,,,,,,,,1,2,1,2.0,7.0
201700045116,0017-10-15 22:10:00,17,10,15,22,10,940,46,PROFESSEUR CADIOT (AV DU,,,Nuit avec éclairage allumé,En agglomération,Hors intersection,Normale,Autre collision,,,,,,,,,,,5,2,1,1.0,6.0
201700045117,0017-12-01 19:15:00,17,12,1,19,15,940,46,"43, GABRIEL PERI (R)",48.81201,2.43745,Nuit avec éclairage allumé,En agglomération,Intersection en T,Normale,Deux véhicules - côté,,,,,,,,,,,5,2,3,1.0,3.0
201700045118,0017-12-03 19:10:00,17,12,3,19,10,940,46,"243, REPUBLIQUE (AV DE L",48.80971,2.45492,Nuit avec éclairage allumé,En agglomération,Hors intersection,Pluie légère,Deux véhicules - arrière,,,,,,,,,,,5,2,1,2.0,2.0
201700045119,0017-12-05 11:35:00,17,12,5,11,35,940,46,"39, GENERAL LECLERC (AV",,,Plein jour,En agglomération,Hors intersection,Normale,Deux véhicules - arrière,,,,,,,,,,,1,2,1,1.0,2.0
201700045120,0017-12-06 09:15:00,17,12,6,9,15,940,46,"25, PROFESSEUR CADIOT (A",48.80447,2.43257,Plein jour,En agglomération,Intersection en X,Temps couvert,Deux véhicules - arrière,,,,,,,,,,,1,2,2,8.0,2.0
201700045121,0017-12-10 08:35:00,17,12,10,8,35,940,46,", GAMBETTA (AV)",48.80992,2.44593,Plein jour,En agglomération,Intersection en X,Pluie légère,Deux véhicules - côté,,,,,,,,,,,1,2,2,2.0,3.0
201700045122,0017-12-11 17:30:00,17,12,11,17,30,940,46,"102, REPUBLIQUE (AV DE L",48.806,2.44183,Crépuscule ou aube,En agglomération,Hors intersection,Pluie légère,Autre collision,,,,,,,,,,,2,2,1,2.0,6.0
201700045123,0017-12-21 18:00:00,17,12,21,18,0,940,46,"19, CARNOT (R)",48.80159,2.4368,Nuit avec éclairage allumé,En agglomération,Hors intersection,Pluie légère,Autre collision,,,,,,,,,,,5,2,1,2.0,6.0
201700045124,0017-12-27 18:30:00,17,12,27,18,30,940,46,"31, GENERAL LECLERC - CA",48.81459,2.42342,Nuit avec éclairage allumé,En agglomération,Hors intersection,Pluie légère,Autre collision,,,,,,,,,,,5,2,1,2.0,6.0
201700045125,0017-12-28 16:05:00,17,12,28,16,5,940,46,CARNOT (R),48.80341,2.43979,Plein jour,En agglomération,Hors intersection,Normale,Autre collision,,,,,,,,,,,1,2,1,1.0,6.0
201700045126,0017-02-17 15:30:00,17,2,17,15,30,940,46,"65, GENERAL LECLERC (AV",,,Plein jour,En agglomération,Hors intersection,Normale,Autre collision,,,,,,,,,,,1,2,1,1.0,6.0
201700045127,0017-01-18 21:35:00,17,1,18,21,35,940,46,"18, PROFESSEUR CADIOT (A",,,Nuit avec éclairage allumé,En agglomération,Hors intersection,Normale,Autre collision,,,,,,,,,,,5,2,1,1.0,6.0
201700045128,0017-01-10 06:45:00,17,1,10,6,45,940,46,"94, GENERAL LECLERC (AV",,,Nuit avec éclairage allumé,En agglomération,Hors intersection,Normale,Autre collision,,,,,,,,,,,5,2,1,1.0,6.0
201700045129,0017-04-05 20:10:00,17,4,5,20,10,940,46,JOFFRE (AV),,,Crépuscule ou aube,En agglomération,Passage à niveau,Normale,Autre collision,,,,,,,,,,,2,2,8,1.0,6.0
201700045130,0017-01-13 08:05:00,17,1,13,8,5,940,46,"5, PIERRE CURIE (R)",,,Plein jour,En agglomération,Intersection en T,Temps couvert,Autre collision,,,,,,,,,,,1,2,3,8.0,6.0
201700045131,0017-05-10 19:00:00,17,5,10,19,0,940,46,"., BUSTEAU (AV)",,,Plein jour,En agglomération,Hors intersection,Normale,Autre collision,,,,,,,,,,,1,2,1,1.0,6.0
201700045132,0017-01-19 08:10:00,17,1,19,8,10,940,46,"28, GEORGES CLEMENCEAU (",,,Plein jour,En agglomération,Hors intersection,Normale,Autre collision,,,,,,,,,,,1,2,1,1.0,6.0
201700045133,0017-01-26 15:00:00,17,1,26,15,0,940,46,"15, GENERAL LECLERC (AV",,,Plein jour,En agglomération,Hors intersection,Normale,Autre collision,,,,,,,,,,,1,2,1,1.0,6.0
201700045134,0017-01-31 18:50:00,17,1,31,18,50,940,46,"5, GAMBETTA/BELLE IMAGE",,,Nuit avec éclairage allumé,En agglomération,Intersection en T,Pluie légère,Autre collision,,,,,,,,,,,5,2,3,2.0,6.0
201700045135,0017-02-01 09:10:00,17,2,1,9,10,940,46,GENERAL DE GAULLE (AV DU,,,Plein jour,En agglomération,Hors intersection,Normale,Deux véhicules - côté,,,,,,,,,,,1,2,1,1.0,3.0
201700045136,0017-02-03 15:05:00,17,2,3,15,5,940,46,"24, QU FERNAND SAGUET",,,Plein jour,En agglomération,Hors intersection,Normale,Sans collision,,,,,,,,,,,1,2,1,1.0,7.0
201700045137,0017-04-04 20:40:00,17,4,4,20,40,940,46,REPUBLIQUE (AV DE LA),,,Crépuscule ou aube,En agglomération,Intersection en X,Normale,Deux véhicules - côté,,,,,,,,,,,2,2,2,1.0,3.0
201700045138,0017-02-14 17:20:00,17,2,14,17,20,940,46,EUGENE SUE (R),,,Plein jour,En agglomération,Intersection en T,Normale,Deux véhicules - côté,,,,,,,,,,,1,2,3,1.0,3.0
201700045139,0017-02-24 11:15:00,17,2,24,11,15,940,46,GAMBETTA (AV),,,Plein jour,En agglomération,Intersection en X,Pluie forte,Deux véhicules - côté,,,,,,,,,,,1,2,2,3.0,3.0
201700045140,0017-02-24 16:30:00,17,2,24,16,30,940,46,VICTOR BASCH (R),,,Plein jour,En agglomération,Intersection en X,Temps éblouissant,Autre collision,,,,,,,,,,,1,2,2,7.0,6.0
201700045141,0017-03-03 18:20:00,17,3,3,18,20,940,46,REPUBLIQUE/,,,Plein jour,En agglomération,Intersection en T,Normale,Deux véhicules - côté,,,,,,,,,,,1,2,3,1.0,3.0
201700045142,0017-03-11 10:20:00,17,3,11,10,20,940,46,"68, LECLERC/JOUET",,,Plein jour,En agglomération,Intersection en T,Normale,Deux véhicules - côté,,,,,,,,,,,1,2,3,1.0,3.0
201700045143,0017-03-14 17:50:00,17,3,14,17,50,940,46,MICHELET/REPUBLIQUE,,,Plein jour,En agglomération,Intersection en T,Normale,Deux véhicules - côté,,,,,,,,,,,1,2,3,1.0,3.0
201700045144,0017-03-17 15:50:00,17,3,17,15,50,940,46,REPUBLIQUE/HUGO,,,Plein jour,En agglomération,Intersection à plus de 4 branches,Normale,Deux véhicules - côté,,,,,,,,,,,1,2,5,1.0,3.0
201700045145,0017-03-17 17:50:00,17,3,17,17,50,940,46,REPUBLIQUE/CLEMENCEAU,,,Plein jour,En agglomération,Intersection à plus de 4 branches,Normale,Autre collision,,,,,,,,,,,1,2,5,1.0,6.0
201700045146,0017-03-21 18:35:00,17,3,21,18,35,940,46,SAGUET/BERT,,,Plein jour,En agglomération,Intersection en T,Normale,Autre collision,,,,,,,,,,,1,2,3,1.0,6.0
201700045147,0017-03-21 19:10:00,17,3,21,19,10,940,46,"., GAMBETTA (AV)",,,Nuit avec éclairage allumé,En agglomération,Hors intersection,Normale,Trois véhicules et plus - en chaîne,,,,,,,,,,,5,2,1,1.0,4.0
201700045148,0017-03-21 20:10:00,17,3,21,20,10,940,46,REPUBLIQUE/FLEUTIAUX,,,Nuit sans éclairage public,En agglomération,Intersection en T,Normale,Autre collision,,,,,,,,,,,3,2,3,1.0,6.0
201700045149,0017-03-23 12:55:00,17,3,23,12,55,940,46,GAMBETTA/CONDORCET,,,Plein jour,En agglomération,Intersection en X,Normale,Deux véhicules - côté,,,,,,,,,,,1,2,2,1.0,3.0
201700045150,0017-03-25 19:10:00,17,3,25,19,10,940,46,"162, R JEAN JAURES",,,Crépuscule ou aube,En agglomération,Hors intersection,Normale,Trois véhicules et plus - collisions multiples,,,,,,,,,,,2,2,1,1.0,5.0
201700045151,0017-03-31 19:40:00,17,3,31,19,40,940,46,JAURES/LISSAC,,,Plein jour,En agglomération,Intersection en X,Normale,Deux véhicules - frontale,,,,,,,,,,,1,2,2,1.0,1.0
201700045152,0017-04-04 20:50:00,17,4,4,20,50,940,46,PROFESSEUR CADIOT (AV DU,,,Nuit avec éclairage allumé,En agglomération,Intersection en T,Normale,Deux véhicules - côté,,,,,,,,,,,5,2,3,1.0,3.0
201700045153,0017-04-10 21:25:00,17,4,10,21,25,940,46,GENERAL LECLERC (AV DU),,,Nuit avec éclairage allumé,En agglomération,Intersection en X,Normale,Deux véhicules - côté,,,,,,,,,,,5,2,2,1.0,3.0
201700045154,0017-04-13 09:10:00,17,4,13,9,10,940,46,GENERAL LECLERC (AV DU),,,Plein jour,En agglomération,Intersection en X,Normale,Trois véhicules et plus - collisions multiples,,,,,,,,,,,1,2,2,1.0,5.0
201700045155,0017-04-20 20:00:00,17,4,20,20,0,940,46,GAMBETTA (AV),,,Crépuscule ou aube,En agglomération,Intersection en X,Normale,Deux véhicules - côté,,,,,,,,,,,2,2,2,1.0,3.0
201700045156,0017-04-21 15:55:00,17,4,21,15,55,940,46,"15, CECILE (R)",,,Plein jour,En agglomération,Hors intersection,Normale,Deux véhicules - côté,,,,,,,,,,,1,2,1,1.0,3.0