accident_id,datetime,annee,mois,jour,heure,minute,departement,commune_insee,adresse,latitude,longitude,luminosite,agglomeration,intersection,meteo,collision,nb_vehicules,nb_usagers,nb_indemnes,nb_tues,nb_blesses_hosp,nb_blesses_legers,age_cond_1,age_cond_2,veh_type_cond_1,veh_type_cond_2,lum_code,agg_code,int_code,atm_code,col_code
201700045283,0017-04-21 20:30:00,17,4,21,20,30,940,68,"5, MAURICE BERTEAUX (BD)",,,Crépuscule ou aube,En agglomération,Hors intersection,Normale,Sans collision,,,,,,,,,,,2,2,1,1.0,7.0
201700045284,0017-04-22 23:05:00,17,4,22,23,5,940,68,CRETEIL (BD DE),,,Nuit avec éclairage allumé,En agglomération,Hors intersection,Normale,Deux véhicules - frontale,,,,,,,,,,,5,2,1,1.0,1.0
201700045285,0017-04-26 14:15:00,17,4,26,14,15,940,68,"20, FOUR (R DU)",,,Plein jour,En agglomération,Hors intersection,Normale,Deux véhicules - arrière,,,,,,,,,,,1,2,1,1.0,2.0
201700045286,0017-04-27 15:05:00,17,4,27,15,5,940,68,BAC (AV DU),,,Plein jour,En agglomération,Intersection en T,Normale,Autre collision,,,,,,,,,,,1,2,3,1.0,6.0
201700045287,0017-05-02 15:10:00,17,5,2,15,10,940,68,MAURICE BERTEAUX (BD),,,Plein jour,En agglomération,Intersection en T,Normale,Deux véhicules - côté,,,,,,,,,,,1,2,3,1.0,3.0
201700045288,0017-05-03 15:05:00,17,5,3,15,5,940,68,"20, PONT DE CRETEIL (R D",,,Plein jour,En agglomération,Hors intersection,Pluie légère,Deux véhicules - arrière,,,,,,,,,,,1,2,1,2.0,2.0
201700045289,0017-05-08 17:20:00,17,5,8,17,20,940,68,FRANCIS GARNIER (AV),,,Plein jour,En agglomération,Intersection en X,Temps couvert,Deux véhicules - côté,,,,,,,,,,,1,2,2,8.0,3.0
201700045290,0017-05-10 15:10:00,17,5,10,15,10,940,68,RAYMOND POINCARE (AV),,,Plein jour,En agglomération,Intersection en X,Normale,Deux véhicules - côté,,,,,,,,,,,1,2,2,1.0,3.0
201700045291,0017-05-11 11:30:00,17,5,11,11,30,940,68,DENFERT ROCHEREAU (AV),,,Plein jour,En agglomération,Intersection en X,Normale,Deux véhicules - côté,,,,,,,,,,,1,2,2,1.0,3.0
201700045292,0017-05-14 13:45:00,17,5,14,13,45,940,68,FOCH (AV),,,Plein jour,En agglomération,Intersection en X,Temps couvert,Deux véhicules - côté,,,,,,,,,,,1,2,2,8.0,3.0
201700045293,0017-05-17 11:15:00,17,5,17,11,15,940,68,RABELAIS (BD),,,Plein jour,En agglomération,Hors intersection,Temps éblouissant,Deux véhicules - arrière,,,,,,,,,,,1,2,1,7.0,2.0
201700045294,0017-05-17 12:15:00,17,5,17,12,15,940,68,"65, VICTOR HUGO (AV)",,,Plein jour,En agglomération,Hors intersection,Temps éblouissant,Autre collision,,,,,,,,,,,1,2,1,7.0,6.0
201700045295,0017-05-19 20:20:00,17,5,19,20,20,940,68,BANQUE (AV DE LA),,,Plein jour,En agglomération,Intersection en X,Temps couvert,Deux véhicules - côté,,,,,,,,,,,1,2,2,8.0,3.0
201700045296,0017-05-22 16:56:00,17,5,22,16,56,940,68,"68, PONT DE CRETEIL (R D",,,Plein jour,En agglomération,Hors intersection,Normale,Deux véhicules - côté,,,,,,,,,,,1,2,1,1.0,3.0
201700045297,0017-05-24 18:35:00,17,5,24,18,35,940,68,"91, RABELAIS (BD)",,,Plein jour,En agglomération,Hors intersection,Normale,Autre collision,,,,,,,,,,,1,2,1,1.0,6.0
201700045298,0017-05-30 08:40:00,17,5,30,8,40,940,68,BONNEUIL (QU DE),,,Plein jour,En agglomération,Intersection en T,Normale,Deux véhicules - côté,,,,,,,,,,,1,2,3,1.0,3.0
201700045299,0017-05-30 14:15:00,17,5,30,14,15,940,68,"2, RAYMOND POINCARE (AV)",,,Plein jour,En agglomération,Hors intersection,Normale,Autre collision,,,,,,,,,,,1,2,1,1.0,6.0
201700045300,0017-05-31 08:55:00,17,5,31,8,55,940,68,FRANCOIS ADAM (AV),,,Plein jour,En agglomération,Intersection en X,Normale,Deux véhicules - côté,,,,,,,,,,,1,2,2,1.0,3.0
201700045301,0017-06-02 14:10:00,17,6,2,14,10,940,68,"13, CRETEIL (BD DE)",48.79878,2.47429,Plein jour,En agglomération,Hors intersection,Pluie légère,Sans collision,,,,,,,,,,,1,2,1,2.0,7.0
201700045302,0017-06-05 18:45:00,17,6,5,18,45,940,68,CALMETTE/FOCH,48.80219,2.49202,Plein jour,En agglomération,Autre intersection,Autre,Deux véhicules - côté,,,,,,,,,,,1,2,9,9.0,3.0
201700045303,0017-06-08 12:05:00,17,6,8,12,5,940,68,"5, DOCTEUR CALMETTE (AV",48.8023,2.49053,Plein jour,En agglomération,Hors intersection,Normale,Sans collision,,,,,,,,,,,1,2,1,1.0,7.0
201700045304,0017-06-09 09:00:00,17,6,9,9,0,940,68,"79, RABELAIS (BD)",48.80572,2.48202,Plein jour,En agglomération,Hors intersection,Normale,Deux véhicules - frontale,,,,,,,,,,,1,2,1,1.0,1.0
201700045305,0017-06-09 13:10:00,17,6,9,13,10,940,68,"71, PIE (QU DE LA)",48.78709,2.47735,Plein jour,En agglomération,Intersection en T,Normale,Sans collision,,,,,,,,,,,1,2,3,1.0,7.0
201700045306,0017-06-12 23:10:00,17,6,12,23,10,940,68,"5, AV du CHATEAU",48.79077,2.51174,Nuit avec éclairage allumé,En agglomération,Hors intersection,Normale,Sans collision,,,,,,,,,,,5,2,1,1.0,7.0
201700045307,0017-06-14 07:20:00,17,6,14,7,20,940,68,"89, GENERAL GIRAUD (BD D",48.79175,2.48203,Plein jour,En agglomération,Hors intersection,Normale,Sans collision,,,,,,,,,,,1,2,1,1.0,7.0
201700045308,0017-06-16 15:40:00,17,6,16,15,40,940,68,SEMARD/VERDUN,48.80259,2.5116,Plein jour,En agglomération,Intersection en X,Normale,Deux véhicules - côté,,,,,,,,,,,1,2,2,1.0,3.0
201700045309,0017-06-18 09:40:00,17,6,18,9,40,940,68,MAHIEU/BRETAGNE,48.80732,2.48208,Plein jour,En agglomération,Intersection en X,Normale,Deux véhicules - côté,,,,,,,,,,,1,2,2,1.0,3.0
201700045310,0017-06-18 20:15:00,17,6,18,20,15,940,68,PORT AU FOUARRE (QU DU),48.79909,2.47121,Plein jour,En agglomération,Intersection en X,Normale,Deux véhicules - côté,,,,,,,,,,,1,2,2,1.0,3.0
201700045311,0017-06-17 11:00:00,17,6,17,11,0,940,68,CONDE/NORMANDIE,48.80979,2.483,Plein jour,En agglomération,Intersection en T,Normale,Deux véhicules - arrière,,,,,,,,,,,1,2,3,1.0,2.0
201700045312,0017-06-26 19:05:00,17,6,26,19,5,940,68,CHAMPIGNY (BD DE),48.80875,2.50941,Plein jour,En agglomération,Intersection en T,Normale,Deux véhicules - côté,,,,,,,,,,,1,2,3,1.0,3.0
201700045313,0017-06-27 13:45:00,17,6,27,13,45,940,68,FOUARRE /CRETEIL,48.7991,2.4712,Plein jour,En agglomération,Intersection en X,Pluie légère,Deux véhicules - côté,,,,,,,,,,,1,2,2,2.0,3.0
201700045314,0017-06-28 08:20:00,17,6,28,8,20,940,68,"151, GARIBALDI (R)",48.78994,2.49257,Plein jour,En agglomération,Hors intersection,Normale,Deux véhicules - côté,,,,,,,,,,,1,2,1,1.0,3.0
201700045315,0017-06-29 10:45:00,17,6,29,10,45,940,68,FOCH/CURTI,48.8027,2.49097,Plein jour,En agglomération,Intersection en T,Normale,Deux véhicules - côté,,,,,,,,,,,1,2,3,1.0,3.0
201700045316,0017-06-30 15:15:00,17,6,30,15,15,940,68,MARNE (BD DE LA),48.78998,2.50976,Plein jour,En agglomération,Intersection en X,Pluie forte,Deux véhicules - côté,,,,,,,,,,,1,2,2,3.0,3.0
201700045317,0017-07-08 16:45:00,17,7,8,16,45,940,68,FOCH/DESMOULINS,48.79941,2.49901,Plein jour,En agglomération,Intersection en X,Normale,Deux véhicules - côté,,,,,,,,,,,1,2,2,1.0,3.0
201700045318,0017-07-10 17:20:00,17,7,10,17,20,940,68,VERDUN/SEMARD,48.80259,2.51159,Plein jour,En agglomération,Intersection en X,Normale,Deux véhicules - côté,,,,,,,,,,,1,2,2,1.0,3.0
201700045319,0017-07-12 08:15:00,17,7,12,8,15,940,68,GENERAL GIRAUD/ROUX,48.7886,2.48928,Plein jour,En agglomération,Intersection en X,Pluie légère,Deux véhicules - côté,,,,,,,,,,,1,2,2,2.0,3.0
201700045320,0017-07-13 14:10:00,17,7,13,14,10,940,68,GUYNEMER / ALBERT DE MUN,48.78825,2.4853,Plein jour,En agglomération,Intersection en X,Normale,Deux véhicules - côté,,,,,,,,,,,1,2,2,1.0,3.0
201700045321,0017-07-15 17:00:00,17,7,15,17,0,940,68,LIBERATION/BEAUBOURG,48.81296,2.47971,Plein jour,En agglomération,Intersection en X,Normale,Deux véhicules - frontale,,,,,,,,,,,1,2,2,1.0,1.0
201700045322,0017-07-16 16:05:00,17,7,16,16,5,940,68,"101, WINSTON CHURCHILL (",48.79959,2.52204,Plein jour,En agglomération,Hors intersection,Normale,Sans collision,,,,,,,,,,,1,2,1,1.0,7.0
201700045323,0017-07-20 08:50:00,17,7,20,8,50,940,68,GENERAL GIRAUD/VASSAL,48.79342,2.47866,Plein jour,En agglomération,Intersection en X,Normale,Deux véhicules - côté,,,,,,,,,,,1,2,2,1.0,3.0
201700045324,0017-07-28 19:40:00,17,7,28,19,40,940,68,"10, MESNIL (QU DU)",48.80768,2.51834,Plein jour,En agglomération,Hors intersection,Normale,Autre collision,,,,,,,,,,,1,2,1,1.0,6.0
201700045325,0017-07-28 20:00:00,17,7,28,20,0,940,68,PORT DE CRETEIL/ CH VERT,48.80072,2.47032,Plein jour,En agglomération,Intersection en Y,Normale,Deux véhicules - côté,,,,,,,,,,,1,2,4,1.0,3.0
201700045326,0017-08-01 10:10:00,17,8,1,10,10,940,68,LOUIS BLANC (AV),48.79341,2.49767,Plein jour,En agglomération,Intersection en X,Pluie légère,Deux véhicules - côté,,,,,,,,,,,1,2,2,2.0,3.0
201700045327,0017-08-02 23:30:00,17,8,2,23,30,940,68,"108, BOIS GUIMIER (AV DU",48.798,2.485,Nuit avec éclairage allumé,En agglomération,Hors intersection,Normale,Autre collision,,,,,,,,,,,5,2,1,1.0,6.0
201700045328,0017-08-06 18:10:00,17,8,6,18,10,940,68,"45, MARNE (BD DE LA)",48.79219,2.50199,Plein jour,En agglomération,Hors intersection,Normale,Deux véhicules - côté,,,,,,,,,,,1,2,1,1.0,3.0
201700045329,0017-08-07 15:00:00,17,8,7,15,0,940,68,"95, FOCH (AV)",48.79935,2.49923,Plein jour,En agglomération,Intersection en X,Normale,Deux véhicules - côté,,,,,,,,,,,1,2,2,1.0,3.0
201700045330,0017-08-13 10:05:00,17,8,13,10,5,940,68,CHENNEVIERES (AV DE),48.78941,2.51515,Plein jour,En agglomération,Intersection en X,Normale,Deux véhicules - côté,,,,,,,,,,,1,2,2,1.0,3.0
201700045331,0017-08-17 21:00:00,17,8,17,21,0,940,68,"88, BELLECHASSE (BD DE)",48.79373,2.49384,Crépuscule ou aube,En agglomération,Hors intersection,Pluie légère,Autre collision,,,,,,,,,,,2,2,1,2.0,6.0
201700045332,0017-08-18 19:30:00,17,8,18,19,30,940,68,CARNOT (AV),48.80311,2.48732,Plein jour,En agglomération,Intersection en X,Pluie légère,Deux véhicules - côté,,,,,,,,,,,1,2,2,2.0,3.0
201700045333,0017-08-20 22:30:00,17,8,20,22,30,940,68,"40, MESNIL (AV DU)",48.79676,2.51568,Nuit avec éclairage allumé,En agglomération,Intersection en X,Normale,Deux véhicules - côté,,,,,,,,,,,5,2,2,1.0,3.0
201700045334,0017-08-22 19:20:00,17,8,22,19,20,940,68,46 ANGLAIS (PROM DES),48.78675,2.51618,Plein jour,En agglomération,Hors intersection,Normale,Autre collision,,,,,,,,,,,1,2,1,1.0,6.0
201700045335,0017-08-23 08:00:00,17,8,23,8,0,940,68,"84BIS, PETIT PARC (QU DU",48.81128,2.48993,Plein jour,En agglomération,Hors intersection,Normale,Autre collision,,,,,,,,,,,1,2,1,1.0,6.0
201700045336,0017-08-26 07:05:00,17,8,26,7,5,940,68,"01, BAC (AV DU)",48.79784,2.503,Crépuscule ou aube,En agglomération,Place,Brouillard / fumée,Autre collision,,,,,,,,,,,2,2,7,5.0,6.0
201700045337,0017-08-31 00:50:00,17,8,31,0,50,940,68,CAMILLE DESMOULINS (R),48.79942,2.499,Nuit avec éclairage allumé,En agglomération,Intersection en X,Pluie légère,Deux véhicules - côté,,,,,,,,,,,5,2,2,2.0,3.0
201700045338,0017-08-30 10:55:00,17,8,30,10,55,940,68,"53,BD DE CRETEIL/BOCQUET",48.79819,2.4804,Plein jour,En agglomération,Giratoire,Normale,Deux véhicules - côté,,,,,,,,,,,1,2,6,1.0,3.0
201700045339,0017-09-01 12:10:00,17,9,1,12,10,940,68,"82, LOUIS BLANC (AV)",48.79199,2.49694,Plein jour,En agglomération,Hors intersection,Normale,Deux véhicules - côté,,,,,,,,,,,1,2,1,1.0,3.0
201700045340,0017-08-31 01:50:00,17,8,31,1,50,940,68,CHEMIN VERT (R DU),48.80081,2.47043,Nuit sans éclairage public,En agglomération,Intersection en T,Pluie légère,Autre collision,,,,,,,,,,,3,2,3,2.0,6.0
201700045341,0017-09-01 23:08:00,17,9,1,23,8,940,68,"26, LOUIS BLANC (AV)",48.79621,2.50027,Nuit avec éclairage allumé,En agglomération,Intersection en X,Pluie légère,Deux véhicules - côté,,,,,,,,,,,5,2,2,2.0,3.0
201700045342,0017-09-06 20:50:00,17,9,6,20,50,940,68,"4, MAURICE BERTEAUX (BD)",48.81129,2.46908,Nuit avec éclairage allumé,En agglomération,Intersection en Y,Normale,Deux véhicules - côté,,,,,,,,,,,5,2,4,1.0,3.0
201700045343,0017-09-08 10:05:00,17,9,8,10,5,940,68,BONNEUIL (QU DE),48.78455,2.48963,Plein jour,En agglomération,Intersection en T,Pluie légère,Deux véhicules - côté,,,,,,,,,,,1,2,3,2.0,3.0
201700045344,0017-09-09 20:10:00,17,9,9,20,10,940,68,"95, FOCH (AV)",48.79934,2.49925,Nuit avec éclairage allumé,En agglomération,Intersection en X,Normale,Deux véhicules - côté,,,,,,,,,,,5,2,2,1.0,3.0
201700045345,0017-09-10 11:50:00,17,9,10,11,50,940,68,"30, BAC (AV DU)",,,Plein jour,En agglomération,Autre intersection,Temps couvert,Trois véhicules et plus - en chaîne,,,,,,,,,,,1,2,9,8.0,4.0
201700045346,0017-09-13 07:15:00,17,9,13,7,15,940,68,"58, PONT DE CRETEIL (R D",48.80315,2.47147,Nuit sans éclairage public,En agglomération,Intersection en X,Pluie légère,Deux véhicules - côté,,,,,,,,,,,3,2,2,2.0,3.0
201700045347,0017-09-14 16:50:00,17,9,14,16,50,940,68,PETIT PARC (QU DU),48.8133,2.47996,Plein jour,En agglomération,Hors intersection,Pluie légère,Autre collision,,,,,,,,,,,1,2,1,2.0,6.0
201700045348,0017-09-15 09:20:00,17,9,15,9,20,940,68,"35, RABELAIS (BD)",48.8066,2.47857,Plein jour,En agglomération,Intersection en X,Normale,Deux véhicules - côté,,,,,,,,,,,1,2,2,1.0,3.0
201700045349,0017-09-16 13:45:00,17,9,16,13,45,940,68,"46, MARNE (BD DE LA)",48.79217,2.50196,Plein jour,En agglomération,Intersection en X,Pluie légère,Deux véhicules - côté,,,,,,,,,,,1,2,2,2.0,3.0
201700045350,0017-09-18 18:30:00,17,9,18,18,30,940,68,"25, VARENNE (R DE LA)",48.80833,2.47311,Plein jour,En agglomération,Hors intersection,Normale,Autre collision,,,,,,,,,,,1,2,1,1.0,6.0
201700045351,0017-09-19 07:50:00,17,9,19,7,50,940,68,BEAUBOURG (QU),48.81302,2.47962,Plein jour,En agglomération,Hors intersection,Temps couvert,Autre collision,,,,,,,,,,,1,2,1,8.0,6.0
201700045352,0017-09-22 20:50:00,17,9,22,20,50,940,68,"30, ALBERT DE MUN (R)",48.7897,2.48329,Nuit avec éclairage allumé,En agglomération,Hors intersection,Normale,Deux véhicules - frontale,,,,,,,,,,,5,2,1,1.0,1.0
201700045353,0017-09-25 08:15:00,17,9,25,8,15,940,68,"24, GENERAL GIRAUD (BD D",48.79737,2.47514,Plein jour,En agglomération,Hors intersection,Normale,Autre collision,,,,,,,,,,,1,2,1,1.0,6.0
201700045354,0017-09-26 21:35:00,17,9,26,21,35,940,68,"56, GENERAL GIRAUD (BD D",48.79523,2.47678,Nuit avec éclairage allumé,En agglomération,Hors intersection,Normale,Autre collision,,,,,,,,,,,5,2,1,1.0,6.0
201700045355,0017-09-26 22:00:00,17,9,26,22,0,940,68,"7, AUGUSTE MARIN (AV)",48.80969,2.4726,Nuit avec éclairage allumé,En agglomération,Intersection en X,Normale,Deux véhicules - côté,,,,,,,,,,,5,2,2,1.0,3.0
201700045356,0017-09-30 13:00:00,17,9,30,13,0,940,68,"02, PIERRE BROSSOLETTE (",48.80849,2.48617,Plein jour,En agglomération,Hors intersection,Normale,Autre collision,,,,,,,,,,,1,2,1,1.0,6.0
201700045357,0017-10-03 11:30:00,17,10,3,11,30,940,68,VARENNE (R DE LA),48.80757,2.47399,Plein jour,En agglomération,Intersection en X,Normale,Deux véhicules - arrière,,,,,,,,,,,1,2,2,1.0,2.0
201700045358,0017-10-08 00:30:00,17,10,8,0,30,940,68,"94, FOCH (AV)",48.80013,2.4972,Nuit avec éclairage allumé,En agglomération,Hors intersection,Autre,Trois véhicules et plus - collisions multiples,,,,,,,,,,,5,2,1,9.0,5.0
201700045359,0017-09-24 09:55:00,17,9,24,9,55,940,68,"10, CHANZY (AV)",48.79145,2.51431,Plein jour,En agglomération,Hors intersection,Normale,Autre collision,,,,,,,,,,,1,2,1,1.0,6.0
201700045360,0017-10-09 19:00:00,17,10,9,19,0,940,68,"4, ALMA (AV DE L)",,,Crépuscule ou aube,En agglomération,Hors intersection,Normale,Deux véhicules - arrière,,,,,,,,,,,2,2,1,1.0,2.0
201700045361,0017-10-10 17:00:00,17,10,10,17,0,940,68,"78, GARIBALDI (R)",48.79485,2.48499,Plein jour,En agglomération,Hors intersection,Normale,Deux véhicules - côté,,,,,,,,,,,1,2,1,1.0,3.0
201700045362,0017-10-12 15:30:00,17,10,12,15,30,940,68,"66, FOCH (AV)",48.80142,2.49407,Plein jour,En agglomération,Hors intersection,Normale,Autre collision,,,,,,,,,,,1,2,1,1.0,6.0
201700045363,0017-10-13 07:45:00,17,10,13,7,45,940,68,"85, BAC (AV DU)",48.79323,2.51533,Crépuscule ou aube,En agglomération,Hors intersection,Normale,Autre collision,,,,,,,,,,,2,2,1,1.0,6.0
201700045364,0017-10-14 16:20:00,17,10,14,16,20,940,68,"3, PAUL BERT (R)",,,Plein jour,En agglomération,Hors intersection,Temps éblouissant,Autre collision,,,,,,,,,,,1,2,1,7.0,6.0
201700045365,0017-10-14 04:00:00,17,10,14,4,0,940,68,LOUVIERE (PL DE LA),48.80496,2.48564,Nuit avec éclairage allumé,En agglomération,Autre intersection,Normale,Autre collision,,,,,,,,,,,5,2,9,1.0,6.0
201700045366,0017-10-17 17:40:00,17,10,17,17,40,940,68,"18bis, PONT DE CRETEIL -",48.80891,2.47115,Plein jour,En agglomération,Hors intersection,Normale,Autre collision,,,,,,,,,,,1,2,1,1.0,6.0
201700045367,0017-10-18 16:45:00,17,10,18,16,45,940,68,"05, DESGENETTES (AV)",48.80722,2.47222,Plein jour,En agglomération,Hors intersection,Normale,Autre collision,,,,,,,,,,,1,2,1,1.0,6.0
201700045368,0017-10-20 18:20:00,17,10,20,18,20,940,68,"53, PIERRE BROSSOLETTE (",48.80772,2.49593,Plein jour,En agglomération,Hors intersection,Normale,Autre collision,,,,,,,,,,,1,2,1,1.0,6.0
201700045369,0017-10-21 20:35:00,17,10,21,20,35,940,68,CONDE (AV DE),48.81041,2.48061,Nuit avec éclairage allumé,En agglomération,Intersection en T,Normale,Deux véhicules - côté,,,,,,,,,,,5,2,3,1.0,3.0
201700045370,0017-10-27 13:40:00,17,10,27,13,40,940,68,CRETEIL (BD DE),48.798,2.4913,Plein jour,En agglomération,Intersection en X,Normale,Deux véhicules - côté,,,,,,,,,,,1,2,2,1.0,3.0
201700045371,0017-10-27 19:00:00,17,10,27,19,0,940,68,CLOS (AV DU),48.78916,2.49981,Nuit avec éclairage allumé,En agglomération,Intersection en T,Normale,Deux véhicules - côté,,,,,,,,,,,5,2,3,1.0,3.0
201700045372,0017-10-28 15:30:00,17,10,28,15,30,940,68,PIERRE SEMARD (AV),48.79947,2.51241,Plein jour,En agglomération,Intersection à plus de 4 branches,Normale,Sans collision,,,,,,,,,,,1,2,5,1.0,7.0
201700045373,0017-11-03 19:50:00,17,11,3,19,50,940,68,"11, FRANCIS BERTHIER (AV",48.81119,2.48656,Nuit avec éclairage allumé,En agglomération,Hors intersection,Normale,Autre collision,,,,,,,,,,,5,2,1,1.0,6.0
201700045374,0017-11-04 05:05:00,17,11,4,5,5,940,68,"29, AILANTES (AV DES)",48.80873,2.49131,Nuit avec éclairage allumé,En agglomération,Hors intersection,Normale,Sans collision,,,,,,,,,,,5,2,1,1.0,7.0
201700045375,0017-11-05 22:20:00,17,11,5,22,20,940,68,"6, MAURICE BERTEAUX (BD)",48.81061,2.46997,Nuit avec éclairage allumé,En agglomération,Hors intersection,Temps couvert,Autre collision,,,,,,,,,,,5,2,1,8.0,6.0
201700045376,0017-11-07 08:35:00,17,11,7,8,35,940,68,"59, MARINVILLE (AV DE)",48.80772,2.47927,Plein jour,En agglomération,Hors intersection,Temps couvert,Autre collision,,,,,,,,,,,1,2,1,8.0,6.0
201700045377,0017-11-08 09:20:00,17,11,8,9,20,940,68,GEORGES CLEMENCEAU (R),48.80873,2.51938,Plein jour,En agglomération,Intersection en X,Normale,Deux véhicules - côté,,,,,,,,,,,1,2,2,1.0,3.0
201700045378,0017-11-09 10:15:00,17,11,9,10,15,940,68,"8, RASPAIL (AV)",48.78634,2.48441,Plein jour,En agglomération,Hors intersection,Temps couvert,Deux véhicules - côté,,,,,,,,,,,1,2,1,8.0,3.0
201700045379,0017-11-10 10:30:00,17,11,10,10,30,940,68,"62, PARC (QU DU)",48.81,2.5,Plein jour,En agglomération,Hors intersection,Pluie légère,Autre collision,,,,,,,,,,,1,2,1,2.0,6.0
201700045380,0017-11-11 19:10:00,17,11,11,19,10,940,68,LOUIS BLANC (AV),48.7962,2.5003,Nuit sans éclairage public,En agglomération,Intersection en X,Pluie légère,Deux véhicules - côté,,,,,,,,,,,3,2,2,2.0,3.0
201700045381,0017-11-21 16:30:00,17,11,21,16,30,940,68,EMILE ZOLA (AV),48.80254,2.48458,Crépuscule ou aube,En agglomération,Intersection en X,Normale,Deux véhicules - côté,,,,,,,,,,,2,2,2,1.0,3.0
201700045382,0017-11-22 09:45:00,17,11,22,9,45,940,68,"23, PORT DE CRETEIL (QU",48.8027,2.4697,Plein jour,En agglomération,Autre intersection,Normale,Deux véhicules - arrière,,,,,,,,,,,1,2,9,1.0,2.0
201700045383,0017-11-24 10:30:00,17,11,24,10,30,940,68,BAC (AV DU),48.79094,2.52083,Plein jour,En agglomération,Hors intersection,Pluie légère,Deux véhicules - arrière,,,,,,,,,,,1,2,1,2.0,2.0
201700045384,0017-11-28 15:45:00,17,11,28,15,45,940,68,"15, LA FONTAINE (AV)",48.80786,2.50765,Plein jour,En agglomération,Hors intersection,Pluie légère,Autre collision,,,,,,,,,,,1,2,1,2.0,6.0
201700045385,0017-11-29 08:00:00,17,11,29,8,0,940,68,"01, FOUR (R DU)",48.81106,2.46954,Crépuscule ou aube,En agglomération,Hors intersection,Normale,Autre collision,,,,,,,,,,,2,2,1,1.0,6.0
201700045386,0017-12-02 01:25:00,17,12,2,1,25,940,68,"8, CRETEIL (BD DE)",,,Nuit avec éclairage allumé,En agglomération,Hors intersection,Normale,Sans collision,,,,,,,,,,,5,2,1,1.0,7.0
201700045387,0017-12-05 19:00:00,17,12,5,19,0,940,68,RABELAIS (BD),48.80654,2.47876,Nuit avec éclairage allumé,En agglomération,Intersection en X,Normale,Deux véhicules - côté,,,,,,,,,,,5,2,2,1.0,3.0
201700045388,0017-12-13 14:30:00,17,12,13,14,30,940,68,FOUR (R DU),48.81124,2.473,Plein jour,En agglomération,Giratoire,Normale,Autre collision,,,,,,,,,,,1,2,6,1.0,6.0
201700045389,0017-12-14 13:10:00,17,12,14,13,10,940,68,EMILE ZOLA (AV),48.80255,2.48596,Plein jour,En agglomération,Intersection en X,Normale,Autre collision,,,,,,,,,,,1,2,2,1.0,6.0
201700045390,0017-12-14 17:00:00,17,12,14,17,0,940,68,"54, GAMBETTA (AV)",48.79795,2.49137,Nuit avec éclairage allumé,En agglomération,Intersection en X,Pluie légère,Deux véhicules - côté,,,,,,,,,,,5,2,2,2.0,3.0
201700045391,0017-12-15 20:35:00,17,12,15,20,35,940,68,"67, FOCH (AV)",48.80126,2.49455,Nuit avec éclairage allumé,En agglomération,Intersection en X,Normale,Deux véhicules - côté,,,,,,,,,,,5,2,2,1.0,3.0
201700045392,0017-12-29 13:55:00,17,12,29,13,55,940,68,"196, CRETEIL (BD DE)",48.79777,2.49926,Plein jour,En agglomération,Hors intersection,Pluie forte,Autre collision,,,,,,,,,,,1,2,1,3.0,6.0
201700045393,0017-01-13 12:15:00,17,1,13,12,15,940,68,"52, MISS CAVELL (AV)",,,Plein jour,En agglomération,Hors intersection,Normale,Autre collision,,,,,,,,,,,1,2,1,1.0,6.0
201700045394,0017-03-11 04:50:00,17,3,11,4,50,940,68,LOUIS BLANC (AV),,,Nuit avec éclairage allumé,En agglomération,Hors intersection,Normale,Deux véhicules - côté,,,,,,,,,,,5,2,1,1.0,3.0
201700045395,0017-03-17 13:20:00,17,3,17,13,20,940,68,CRETEIL (BD DE),,,Plein jour,En agglomération,Intersection en X,Normale,Autre collision,,,,,,,,,,,1,2,2,1.0,6.0
201700045396,0017-03-17 20:15:00,17,3,17,20,15,940,68,"80, CONDE/NORMANDIE",,,Nuit avec éclairage allumé,En agglomération,Intersection en T,Normale,Deux véhicules - arrière,,,,,,,,,,,5,2,3,1.0,2.0
201700045397,0017-05-02 11:30:00,17,5,2,11,30,940,68,"03 BIS, CRETEIL (BD DE)",,,Plein jour,En agglomération,Hors intersection,Normale,Deux véhicules - arrière,,,,,,,,,,,1,2,1,1.0,2.0
201700045398,0017-05-06 01:30:00,17,5,6,1,30,940,68,PORT DE CRETEIL (QU DU),,,Nuit avec éclairage allumé,En agglomération,Hors intersection,Normale,Autre collision,,,,,,,,,,,5,2,1,1.0,6.0
201700045399,0017-05-30 03:40:00,17,5,30,3,40,940,68,"71bis, BOIS GUIMIER (AV",,,Nuit avec éclairage allumé,En agglomération,Hors intersection,Normale,Autre collision,,,,,,,,,,,5,2,1,1.0,6.0
201700045400,0017-06-03 01:58:00,17,6,3,1,58,940,68,CRETEIL/ZOLA,48.79812,2.48404,Nuit avec éclairage allumé,En agglomération,Intersection en X,Normale,Deux véhicules - côté,,,,,,,,,,,5,2,2,1.0,3.0
201700045401,0017-12-30 17:10:00,17,12,30,17,10,940,78,"1, BALZAC (R DE)",48.72872,2.44796,Nuit avec éclairage allumé,En agglomération,Intersection en T,Normale,Autre collision,,,,,,,,,,,5,2,3,1.0,6.0
201700045402,0017-06-12 02:41:00,17,6,12,2,41,940,78,"350, PARIS (R DE)",48.75345,2.44459,Nuit avec éclairage allumé,En agglomération,Hors intersection,Normale,Sans collision,,,,,,,,,,,5,2,1,1.0,7.0
201700045403,0017-06-06 08:40:00,17,6,6,8,40,940,77,DU VAIR/ SAT MARTIN,48.73806,2.40783,Plein jour,En agglomération,Intersection en T,Normale,Autre collision,,,,,,,,,,,1,2,3,1.0,6.0
201700045404,0017-06-12 13:05:00,17,6,12,13,5,940,74,DURANTON/ JEAN JAURES,48.76673,2.44722,Plein jour,En agglomération,Intersection en X,Normale,Deux véhicules - arrière,,,,,,,,,,,1,2,2,1.0,2.0
201700045405,0017-06-12 22:30:00,17,6,12,22,30,940,77,PONT DE VILLENEUVE LE RO,48.72854,2.44186,Nuit avec éclairage allumé,En agglomération,Hors intersection,Normale,Autre collision,,,,,,,,,,,5,2,1,1.0,6.0