accident_id,datetime,annee,mois,jour,heure,minute,departement,commune_insee,adresse,latitude,longitude,luminosite,agglomeration,intersection,meteo,collision,nb_vehicules,nb_usagers,nb_indemnes,nb_tues,nb_blesses_hosp,nb_blesses_legers,age_cond_1,age_cond_2,veh_type_cond_1,veh_type_cond_2,lum_code,agg_code,int_code,atm_code,col_code
201700046141,0017-10-18 22:50:00,17,10,18,22,50,950,268,RUE BRANLY,48.9629,2.4102,Nuit avec éclairage allumé,En agglomération,Hors intersection,Normale,Autre collision,,,,,,,,,,,5,2,1,1.0,6.0
201700046142,0017-10-22 14:55:00,17,10,22,14,55,950,585,BD DU GENERAL DE GAULLE,48.9931,2.3724,Plein jour,En agglomération,Hors intersection,Pluie légère,Deux véhicules - frontale,,,,,,,,,,,1,2,1,2.0,1.0
201700046143,0017-10-24 17:00:00,17,10,24,17,0,950,585,RUE DES BAUVES,48.9939,2.3819,Plein jour,En agglomération,Intersection en T,Normale,Deux véhicules - frontale,,,,,,,,,,,1,2,3,1.0,1.0
201700046144,0017-10-24 21:45:00,17,10,24,21,45,950,585,RUE DE L'ESCOUVRIER,48.9903,2.3898,Nuit avec éclairage allumé,En agglomération,Hors intersection,Temps couvert,Autre collision,,,,,,,,,,,5,2,1,8.0,6.0
201700046145,0017-10-27 19:00:00,17,10,27,19,0,950,680,AV DU HUIT MAI 1945,49.0054,2.4005,Nuit avec éclairage allumé,En agglomération,Hors intersection,Normale,Deux véhicules - côté,,,,,,,,,,,5,2,1,1.0,3.0
201700046146,0017-10-27 19:20:00,17,10,27,19,20,950,268,AV FREDERIC J CURIE,48.9753,2.4099,Nuit avec éclairage allumé,En agglomération,Hors intersection,Normale,Autre collision,,,,,,,,,,,5,2,1,1.0,6.0
201700046147,0017-10-29 18:50:00,17,10,29,18,50,950,268,AV DU GENERAL DE GAULLE,48.9768,2.3914,Nuit avec éclairage allumé,En agglomération,Hors intersection,Normale,Autre collision,,,,,,,,,,,5,2,1,1.0,6.0
201700046148,0017-10-31 20:55:00,17,10,31,20,55,950,585,AVENUE PIERRE KOENIG,48.9805,2.3881,Nuit avec éclairage allumé,En agglomération,Hors intersection,Normale,Autre collision,,,,,,,,,,,5,2,1,1.0,6.0
201700046149,0017-11-04 04:40:00,17,11,4,4,40,950,268,AV FRANCOIS MITTERRAND,48.9722,2.3965,Nuit avec éclairage allumé,En agglomération,Hors intersection,Normale,Autre collision,,,,,,,,,,,5,2,1,1.0,6.0
201700046150,0017-11-05 13:40:00,17,11,5,13,40,950,585,RUE DE L'ESCOUVRIER,48.9886,2.3905,Plein jour,En agglomération,Hors intersection,Normale,Deux véhicules - côté,,,,,,,,,,,1,2,1,1.0,3.0
201700046151,0017-11-04 11:05:00,17,11,4,11,5,950,680,RUE GAMBETTA,49.0067,2.3934,Plein jour,En agglomération,Hors intersection,Pluie légère,Deux véhicules - arrière,,,,,,,,,,,1,2,1,2.0,2.0
201700046152,0017-11-10 10:20:00,17,11,10,10,20,950,585,AV DIVISION LECLERC,48.9795,2.3687,Plein jour,En agglomération,Hors intersection,Pluie légère,Deux véhicules - arrière,,,,,,,,,,,1,2,1,2.0,2.0
201700046153,0017-11-24 18:10:00,17,11,24,18,10,950,539,RUE DES DEUX PILIERS,48.9991,2.3661,Nuit avec éclairage allumé,En agglomération,Hors intersection,Normale,Autre collision,,,,,,,,,,,5,2,1,1.0,6.0
201700046154,0017-11-29 13:40:00,17,11,29,13,40,950,585,ROUTE DE GARGES,48.9881,2.3784,Plein jour,En agglomération,Hors intersection,Pluie légère,Trois véhicules et plus - en chaîne,,,,,,,,,,,1,2,1,2.0,4.0
201700046155,0017-11-30 20:00:00,17,11,30,20,0,950,585,AVENUE PIERRE KOENIG,48.9798,2.3928,Nuit avec éclairage allumé,En agglomération,Hors intersection,Neige / grêle,Autre collision,,,,,,,,,,,5,2,1,4.0,6.0
201700046156,0017-12-01 23:20:00,17,12,1,23,20,950,268,AV DU HUIT MAI 1945,48.9743,2.4058,Nuit avec éclairage allumé,En agglomération,Hors intersection,Temps couvert,Deux véhicules - arrière,,,,,,,,,,,5,2,1,8.0,2.0
201700046157,0017-11-08 14:00:00,17,11,8,14,0,950,585,ALLEE DU 19 MARS 1962,48.9874,2.3695,Plein jour,En agglomération,Hors intersection,Normale,Autre collision,,,,,,,,,,,1,2,1,1.0,6.0
201700046158,0017-12-04 07:50:00,17,12,4,7,50,950,268,AV DU GENERAL DE GAULLE,48.9766,2.39228,Crépuscule ou aube,En agglomération,Hors intersection,Temps couvert,Autre collision,,,,,,,,,,,2,2,1,8.0,6.0
201700046159,0017-12-07 17:35:00,17,12,7,17,35,950,585,RTE DE GROSLAY,48.9844,2.3648,Nuit avec éclairage allumé,En agglomération,Hors intersection,Pluie forte,Deux véhicules - frontale,,,,,,,,,,,5,2,1,3.0,1.0
201700046160,0017-12-11 13:35:00,17,12,11,13,35,950,585,BD JACQUES COPEAU,48.9754,2.3694,Plein jour,En agglomération,Hors intersection,Normale,Autre collision,,,,,,,,,,,1,2,1,1.0,6.0
201700046161,0017-12-10 19:30:00,17,12,10,19,30,950,585,AVENUE AUGUSTE PERRET,48.9751,2.3867,Nuit avec éclairage allumé,En agglomération,Intersection en T,Pluie légère,Autre collision,,,,,,,,,,,5,2,3,2.0,6.0
201700046162,0017-12-14 18:35:00,17,12,14,18,35,950,680,AV DES TISSONVILLIERS,49.0011,2.3895,Nuit avec éclairage allumé,En agglomération,Hors intersection,Normale,Autre collision,,,,,,,,,,,5,2,1,1.0,6.0
201700046163,0017-12-16 18:30:00,17,12,16,18,30,950,268,AV DE STALINGRAD,48.9638,2.4051,Nuit sans éclairage public,En agglomération,Hors intersection,Normale,Deux véhicules - frontale,,,,,,,,,,,3,2,1,1.0,1.0
201700046164,0017-12-23 15:20:00,17,12,23,15,20,950,268,AV DE STALINGRAD,48.9711,2.4146,Plein jour,En agglomération,Hors intersection,Pluie légère,Deux véhicules - côté,,,,,,,,,,,1,2,1,2.0,3.0
201700046165,0017-01-05 07:38:00,17,1,5,7,38,201,4,Bd DOMINIQUE PAOLI,41.93053,8.73738,Plein jour,En agglomération,Intersection en X,Normale,Autre collision,,,,,,,,,,,1,2,2,1.0,6.0
201700046166,0017-01-05 10:50:00,17,1,5,10,50,201,4,Cr NAPOLEON,41.93169,8.73997,Plein jour,En agglomération,Hors intersection,Normale,Deux véhicules - côté,,,,,,,,,,,1,2,1,1.0,3.0
201700046167,0017-01-09 15:20:00,17,1,9,15,20,201,4,Cr NAPOLEON  61,,,Plein jour,En agglomération,Hors intersection,Normale,Deux véhicules - côté,,,,,,,,,,,1,2,1,1.0,3.0
201700046168,0017-01-12 15:00:00,17,1,12,15,0,201,4,Cr NAPOLEON,41.93219,8.7406,Plein jour,En agglomération,Passage à niveau,Normale,Deux véhicules - côté,,,,,,,,,,,1,2,8,1.0,3.0
201700046169,0017-01-14 20:55:00,17,1,14,20,55,201,4,Bld pascal ROSSINI,41.91489,8.72989,Nuit avec éclairage allumé,En agglomération,Hors intersection,Pluie légère,Deux véhicules - côté,,,,,,,,,,,5,2,1,2.0,3.0
201700046170,0017-01-16 17:40:00,17,1,16,17,40,201,4,Bld SEBASTIANU COSTA,41.94161,8.74774,Nuit avec éclairage non allumé,En agglomération,Hors intersection,Temps couvert,Deux véhicules - côté,,,,,,,,,,,4,2,1,8.0,3.0
201700046171,0017-01-20 11:05:00,17,1,20,11,5,201,4,Av n FRANCHINI,41.93581,8.75355,Plein jour,En agglomération,Hors intersection,Normale,Autre collision,,,,,,,,,,,1,2,1,1.0,6.0
201700046172,0017-01-23 08:08:00,17,1,23,8,8,201,4,Rte de MEZZAVIA,41.94688,8.76192,Plein jour,En agglomération,Hors intersection,Normale,Deux véhicules - arrière,,,,,,,,,,,1,2,1,1.0,2.0
201700046173,0017-01-24 08:20:00,17,1,24,8,20,201,4,Cr PRINCE IMPERIAL,41.93369,8.7441,Plein jour,En agglomération,Hors intersection,Normale,Deux véhicules - arrière,,,,,,,,,,,1,2,1,1.0,2.0
201700046174,0017-01-26 08:25:00,17,1,26,8,25,201,4,ALATA ROUTE,41.93879,8.73812,Crépuscule ou aube,En agglomération,Hors intersection,Normale,Trois véhicules et plus - en chaîne,,,,,,,,,,,2,2,1,1.0,4.0
201700046175,0017-01-26 10:20:00,17,1,26,10,20,201,4,R DEL PELLEGRINO,41.92914,8.7363,Plein jour,En agglomération,Hors intersection,Normale,Deux véhicules - côté,,,,,,,,,,,1,2,1,1.0,3.0
201700046176,0017-01-29 20:50:00,17,1,29,20,50,201,4,NATIONALE 193,41.9276,8.79624,Nuit sans éclairage public,Hors agglomération,Hors intersection,Normale,Deux véhicules - arrière,,,,,,,,,,,3,1,1,1.0,2.0
201700046177,0017-01-31 11:40:00,17,1,31,11,40,201,4,Av N Franchini,41.93518,8.75356,Plein jour,En agglomération,Giratoire,Normale,Deux véhicules - frontale,,,,,,,,,,,1,2,6,1.0,1.0
201700046178,0017-02-01 07:30:00,17,2,1,7,30,201,4,ASPIRANT MICHELIN,41.92966,8.73423,Plein jour,En agglomération,Hors intersection,Normale,Autre collision,,,,,,,,,,,1,2,1,1.0,6.0
201700046179,0017-02-08 15:52:00,17,2,8,15,52,201,4,ALATA ROUTE,41.94236,8.73505,Plein jour,Hors agglomération,Hors intersection,Pluie légère,Deux véhicules - côté,,,,,,,,,,,1,1,1,2.0,3.0
201700046180,0017-02-09 17:00:00,17,2,9,17,0,201,4,"24, PAOLI DOMINIQUE  BD",41.92942,8.7374,Plein jour,En agglomération,Hors intersection,Normale,Deux véhicules - côté,,,,,,,,,,,1,2,1,1.0,3.0
201700046181,0017-02-10 17:16:00,17,2,10,17,16,201,4,NATIONALE 193,41.93048,8.80199,Plein jour,Hors agglomération,Hors intersection,Normale,Trois véhicules et plus - en chaîne,,,,,,,,,,,1,1,1,1.0,4.0
201700046182,0017-02-11 21:05:00,17,2,11,21,5,201,4,MEZZAVIA ROUTE DE,41.94759,8.76343,Nuit avec éclairage allumé,En agglomération,Hors intersection,Normale,Deux véhicules - frontale,,,,,,,,,,,5,2,1,1.0,1.0
201700046183,0017-02-14 18:15:00,17,2,14,18,15,201,4,FRANCHINI NOEL AV DOCTEU,41.94471,8.75841,Nuit avec éclairage allumé,En agglomération,Hors intersection,Normale,Autre collision,,,,,,,,,,,5,2,1,1.0,6.0
201700046184,0017-02-13 18:39:00,17,2,13,18,39,201,4,MEZZAVIA ROUTE DE,41.95207,8.77691,Nuit avec éclairage allumé,En agglomération,Hors intersection,Normale,Deux véhicules - côté,,,,,,,,,,,5,2,1,1.0,3.0
201700046185,0017-02-15 08:00:00,17,2,15,8,0,201,4,MASSERIA BD,41.92649,8.73714,Plein jour,En agglomération,Intersection en X,Normale,Trois véhicules et plus - collisions multiples,,,,,,,,,,,1,2,2,1.0,5.0
201700046186,0017-02-16 23:57:00,17,2,16,23,57,201,4,NAPOLEON COURS AVANT BEV,41.92886,8.73886,Nuit avec éclairage allumé,En agglomération,Hors intersection,Normale,Autre collision,,,,,,,,,,,5,2,1,1.0,6.0
201700046187,0017-02-24 10:20:00,17,2,24,10,20,201,4,NAPOLEON COURS AVANT BEV,41.91948,8.73688,Plein jour,En agglomération,Hors intersection,Normale,Autre collision,,,,,,,,,,,1,2,1,1.0,6.0
201700046188,0017-02-27 16:09:00,17,2,27,16,9,201,4,"11, FRANCHINI NOEL AV DO",41.936,8.75351,Plein jour,En agglomération,Hors intersection,Normale,Autre collision,,,,,,,,,,,1,2,1,1.0,6.0
201700046189,0017-02-28 00:40:00,17,2,28,0,40,201,4,RECCO ABBE BOULEVARD,41.9389,8.74198,Nuit avec éclairage allumé,En agglomération,Giratoire,Normale,Autre collision,,,,,,,,,,,5,2,6,1.0,6.0
201700046190,0017-02-09 10:53:00,17,2,9,10,53,201,4,AEROPORT CAMPO D'EL ORO,41.92109,8.78729,Plein jour,Hors agglomération,Intersection en X,Normale,Trois véhicules et plus - collisions multiples,,,,,,,,,,,1,1,2,1.0,5.0
201700046191,0017-03-03 11:16:00,17,3,3,11,16,201,4,"75, NAPOLEON COURS APRES",41.92736,8.73848,Plein jour,En agglomération,Hors intersection,Normale,Autre collision,,,,,,,,,,,1,2,1,1.0,6.0
201700046192,0017-03-06 16:00:00,17,3,6,16,0,201,4,EUGENIE IMPERATRICE  AVE,41.92011,8.73467,Plein jour,En agglomération,Intersection en T,Normale,Autre collision,,,,,,,,,,,1,2,3,1.0,6.0
201700046193,0017-03-06 22:25:00,17,3,6,22,25,201,4,PIETRI NICOLAS AVENUE,41.91663,8.72303,Nuit avec éclairage allumé,En agglomération,Autre intersection,Vent fort / tempête,Deux véhicules - frontale,,,,,,,,,,,5,2,9,6.0,1.0
201700046194,0017-03-07 19:50:00,17,3,7,19,50,201,4,NATIONALE 193,41.92963,8.76152,Nuit avec éclairage allumé,En agglomération,Giratoire,Normale,Deux véhicules - côté,,,,,,,,,,,5,2,6,1.0,3.0
201700046195,0017-02-24 18:35:00,17,2,24,18,35,201,4,"14, MADAME MERE BD",41.91486,8.72456,Nuit avec éclairage allumé,En agglomération,Hors intersection,Pluie légère,Autre collision,,,,,,,,,,,5,2,1,2.0,6.0
201700046196,0017-03-15 07:34:00,17,3,15,7,34,201,4,MEZZAVIA ROUTE DE,41.95243,8.78106,Plein jour,En agglomération,Hors intersection,Normale,Autre collision,,,,,,,,,,,1,2,1,1.0,6.0
201700046197,0017-03-16 09:43:00,17,3,16,9,43,201,4,"105, NAPOLEON COURS APRE",41.93094,8.73961,Plein jour,En agglomération,Hors intersection,Normale,Deux véhicules - côté,,,,,,,,,,,1,2,1,1.0,3.0
201700046198,0017-03-17 21:31:00,17,3,17,21,31,201,4,NAPOLEON COURS APRES BEV,41.91862,8.73692,Nuit avec éclairage allumé,En agglomération,Hors intersection,Normale,Deux véhicules - arrière,,,,,,,,,,,5,2,1,1.0,2.0
201700046199,0017-03-19 17:30:00,17,3,19,17,30,201,4,PRINCE IMPERIAL COURS,41.93422,8.74582,Plein jour,En agglomération,Hors intersection,Normale,Trois véhicules et plus - en chaîne,,,,,,,,,,,1,2,1,1.0,4.0
201700046200,0017-03-21 12:25:00,17,3,21,12,25,201,4,14  montée saint jean,41.93213,8.73758,Plein jour,En agglomération,Intersection en X,Normale,Deux véhicules - côté,,,,,,,,,,,1,2,2,1.0,3.0
201700046201,0017-03-22 12:45:00,17,3,22,12,45,201,4,MEZZAVIA ROUTE DE,41.95193,8.77792,Plein jour,En agglomération,Hors intersection,Normale,Autre collision,,,,,,,,,,,1,2,1,1.0,6.0
201700046202,0017-03-23 15:20:00,17,3,23,15,20,201,4,NAPOLEON COURS APRES BEV,41.92812,8.73852,Plein jour,En agglomération,Hors intersection,Normale,Deux véhicules - côté,,,,,,,,,,,1,2,1,1.0,3.0
201700046203,0017-03-25 16:30:00,17,3,25,16,30,201,4,NATIONALE 193,41.92752,8.77792,Plein jour,Hors agglomération,Hors intersection,Pluie légère,Autre collision,,,,,,,,,,,1,1,1,2.0,6.0
201700046204,0017-03-28 10:20:00,17,3,28,10,20,201,4,CHANOINE FRANCOIS MAESTR,41.92508,8.73497,Plein jour,En agglomération,Hors intersection,Normale,Deux véhicules - côté,,,,,,,,,,,1,2,1,1.0,3.0
201700046205,0017-03-29 13:00:00,17,3,29,13,0,201,4,MARECHAL JUIN AVENUE,41.93863,8.75083,Plein jour,En agglomération,Hors intersection,Normale,Deux véhicules - frontale,,,,,,,,,,,1,2,1,1.0,1.0
201700046206,0017-03-29 17:32:00,17,3,29,17,32,201,4,NAPOLEON III AVENUE IMPA,41.92453,8.73419,Plein jour,En agglomération,Hors intersection,Normale,Deux véhicules - arrière,,,,,,,,,,,1,2,1,1.0,2.0
201700046207,0017-03-30 08:00:00,17,3,30,8,0,201,4,BENIELLI NONCE RUE,41.93689,8.75727,Plein jour,En agglomération,Hors intersection,Normale,Autre collision,,,,,,,,,,,1,2,1,1.0,6.0
201700046208,0017-04-06 21:25:00,17,4,6,21,25,201,4,MEZZAVIA ROUTE DE,41.94796,8.7647,Nuit avec éclairage allumé,En agglomération,Hors intersection,Normale,Deux véhicules - côté,,,,,,,,,,,5,2,1,1.0,3.0
201700046209,0017-04-06 16:24:00,17,4,6,16,24,201,4,"2, GRANDVAL COURS PAIR",41.91829,8.73523,Plein jour,En agglomération,Hors intersection,Normale,Sans collision,,,,,,,,,,,1,2,1,1.0,7.0
201700046210,0017-04-08 10:16:00,17,4,8,10,16,201,4,MEZZAVIA ROUTE DE,41.95345,8.78388,Plein jour,En agglomération,Hors intersection,Normale,Deux véhicules - côté,,,,,,,,,,,1,2,1,1.0,3.0
201700046211,0017-04-12 12:30:00,17,4,12,12,30,201,4,PRINCE IMPERIAL COURS,41.93398,8.75265,Plein jour,En agglomération,Intersection en X,Normale,Autre collision,,,,,,,,,,,1,2,2,1.0,6.0
201700046212,0017-04-12 16:35:00,17,4,12,16,35,201,4,SEBASTIANU COSTA BD,41.94154,8.74749,Plein jour,En agglomération,Hors intersection,Normale,Deux véhicules - côté,,,,,,,,,,,1,2,1,1.0,3.0
201700046213,0017-04-13 18:19:00,17,4,13,18,19,201,4,MEZZAVIA ROUTE DE,41.94666,8.76141,Plein jour,En agglomération,Hors intersection,Normale,Deux véhicules - côté,,,,,,,,,,,1,2,1,1.0,3.0
201700046214,0017-04-14 21:50:00,17,4,14,21,50,201,4,NICOLI JEAN COURS,41.93362,8.74373,Nuit avec éclairage allumé,En agglomération,Hors intersection,Normale,Deux véhicules - côté,,,,,,,,,,,5,2,1,1.0,3.0
201700046215,0017-04-15 13:39:00,17,4,15,13,39,201,4,"24, PAOLI DOMINIQUE  BD",41.92966,8.73742,Plein jour,En agglomération,Hors intersection,Normale,Deux véhicules - côté,,,,,,,,,,,1,2,1,1.0,3.0
201700046216,0017-04-18 17:06:00,17,4,18,17,6,201,4,ROSSINI PASCAL BD,41.91672,8.73741,Plein jour,En agglomération,Hors intersection,Normale,Autre collision,,,,,,,,,,,1,2,1,1.0,6.0
201700046217,0017-04-19 08:50:00,17,4,19,8,50,201,4,SARTENE ANCIENNE ROUTE,41.9294,8.77235,Plein jour,En agglomération,Autre intersection,Normale,Deux véhicules - côté,,,,,,,,,,,1,2,9,1.0,3.0
201700046218,0017-04-24 16:36:00,17,4,24,16,36,201,4,NATIONALE 193,41.93587,8.80325,Plein jour,Hors agglomération,Hors intersection,Normale,Deux véhicules - arrière,,,,,,,,,,,1,1,1,1.0,2.0
201700046219,0017-04-24 18:16:00,17,4,24,18,16,201,4,RECCO ABBE BOULEVARD,41.93711,8.73704,Plein jour,En agglomération,Hors intersection,Normale,Deux véhicules - côté,,,,,,,,,,,1,2,1,1.0,3.0
201700046220,0017-04-26 12:02:00,17,4,26,12,2,201,4,STEPHANOPOLI NICEPHORE,41.90879,8.71816,Plein jour,En agglomération,Hors intersection,Normale,Deux véhicules - arrière,,,,,,,,,,,1,2,1,1.0,2.0
201700046221,0017-04-27 18:00:00,17,4,27,18,0,201,4,FAGNI IMM COURS LUCIEN B,41.91093,8.72189,Plein jour,En agglomération,Hors intersection,Pluie forte,Deux véhicules - arrière,,,,,,,,,,,1,2,1,3.0,2.0
201700046222,0017-04-27 18:15:00,17,4,27,18,15,201,4,MEZZAVIA ROUTE DE,41.94649,8.76732,Plein jour,En agglomération,Hors intersection,Pluie légère,Deux véhicules - côté,,,,,,,,,,,1,2,1,2.0,3.0
201700046223,0017-04-28 21:40:00,17,4,28,21,40,201,4,BONAPARTE CHARLES  BD,41.93139,8.74031,Nuit avec éclairage allumé,En agglomération,Intersection en X,Normale,Deux véhicules - frontale,,,,,,,,,,,5,2,2,1.0,1.0
201700046224,0017-04-29 19:22:00,17,4,29,19,22,201,4,GEANT CASINO,41.94981,8.77472,Plein jour,En agglomération,Hors intersection,Normale,Deux véhicules - côté,,,,,,,,,,,1,2,1,1.0,3.0
201700046225,0017-04-29 11:50:00,17,4,29,11,50,201,4,MEZZAVIA ROUTE DE,41.9508,8.77261,Plein jour,En agglomération,Hors intersection,Normale,Deux véhicules - côté,,,,,,,,,,,1,2,1,1.0,3.0
201700046226,0017-04-30 11:50:00,17,4,30,11,50,201,4,GEORGES POMPIDOU AVENUE,41.93346,8.75451,Plein jour,En agglomération,Intersection en T,Normale,Trois véhicules et plus - collisions multiples,,,,,,,,,,,1,2,3,1.0,5.0
201700046227,0017-04-30 16:20:00,17,4,30,16,20,201,4,LANTIVY BD,41.91697,8.73676,Plein jour,En agglomération,Hors intersection,Normale,Deux véhicules - côté,,,,,,,,,,,1,2,1,1.0,3.0
201700046228,0017-05-01 11:35:00,17,5,1,11,35,201,4,VERDUN AVENUE DE,41.91661,8.72291,Plein jour,En agglomération,Hors intersection,Pluie légère,Autre collision,,,,,,,,,,,1,2,1,2.0,6.0
201700046229,0017-05-01 23:14:00,17,5,1,23,14,201,4,NAPOLEON COURS APRES BEV,41.92902,8.73886,Nuit avec éclairage allumé,En agglomération,Hors intersection,Normale,Deux véhicules - côté,,,,,,,,,,,5,2,1,1.0,3.0
201700046230,0017-05-02 07:55:00,17,5,2,7,55,201,4,ROSSINI PASCAL BD,41.91687,8.7323,Plein jour,En agglomération,Hors intersection,Normale,Trois véhicules et plus - collisions multiples,,,,,,,,,,,1,2,1,1.0,5.0
201700046231,0017-05-03 16:10:00,17,5,3,16,10,201,4,CAMPI LOUIS BD,41.9427,8.75199,Plein jour,En agglomération,Hors intersection,Normale,Trois véhicules et plus - collisions multiples,,,,,,,,,,,1,2,1,1.0,5.0
201700046232,0017-05-06 23:10:00,17,5,6,23,10,201,4,ILES SANGUINAIRES ROUTE,41.90855,8.70215,Nuit avec éclairage allumé,En agglomération,Hors intersection,Normale,Deux véhicules - frontale,,,,,,,,,,,5,2,1,1.0,1.0
201700046233,0017-05-09 19:04:00,17,5,9,19,4,201,4,AMIRAUTE PORT BD CHARLES,41.92733,8.73969,Plein jour,En agglomération,Hors intersection,Normale,Deux véhicules - côté,,,,,,,,,,,1,2,1,1.0,3.0
201700046234,0017-05-10 16:15:00,17,5,10,16,15,201,4,CAMPI LOUIS BD,41.94287,8.75245,Plein jour,En agglomération,Hors intersection,Normale,Deux véhicules - côté,,,,,,,,,,,1,2,1,1.0,3.0
201700046235,0017-05-11 19:20:00,17,5,11,19,20,201,4,"3, SAMPIERO BD",41.92381,8.73912,Plein jour,En agglomération,Hors intersection,Normale,Autre collision,,,,,,,,,,,1,2,1,1.0,6.0
201700046236,0017-05-12 11:50:00,17,5,12,11,50,201,4,NICOLI JEAN COURS,41.93345,8.74346,Plein jour,En agglomération,Hors intersection,Normale,Deux véhicules - côté,,,,,,,,,,,1,2,1,1.0,3.0
201700046237,0017-05-12 13:42:00,17,5,12,13,42,201,4,CAMPI LOUIS BD,41.94287,8.75245,Plein jour,En agglomération,Hors intersection,Normale,Deux véhicules - côté,,,,,,,,,,,1,2,1,1.0,3.0
201700046238,0017-05-13 15:28:00,17,5,13,15,28,201,4,KENNEDY AV PRESIDENT,41.9306,8.73707,Plein jour,En agglomération,Intersection en X,Normale,Autre collision,,,,,,,,,,,1,2,2,1.0,6.0
201700046239,0017-05-17 17:02:00,17,5,17,17,2,201,4,MARECHAL JUIN AVENUE,41.93763,8.75099,Plein jour,En agglomération,Intersection en T,Normale,Deux véhicules - côté,,,,,,,,,,,1,2,3,1.0,3.0
201700046240,0017-05-18 14:00:00,17,5,18,14,0,201,4,CAMPI LOUIS BD,41.94279,8.75224,Plein jour,En agglomération,Hors intersection,Normale,Trois véhicules et plus - collisions multiples,,,,,,,,,,,1,2,1,1.0,5.0
201700046241,0017-05-22 21:26:00,17,5,22,21,26,201,4,MARECHAL JUIN AVENUE,41.94073,8.75035,Nuit avec éclairage allumé,En agglomération,Hors intersection,Normale,Deux véhicules - côté,,,,,,,,,,,5,2,1,1.0,3.0
201700046242,0017-05-23 07:02:00,17,5,23,7,2,201,4,MEZZAVIA ROUTE DE,41.95256,8.78243,Plein jour,En agglomération,Hors intersection,Temps éblouissant,Trois véhicules et plus - en chaîne,,,,,,,,,,,1,2,1,7.0,4.0
201700046243,0017-05-24 15:35:00,17,5,24,15,35,201,4,NATIONALE 193,41.9367,8.80344,Plein jour,Hors agglomération,Hors intersection,Normale,Deux véhicules - arrière,,,,,,,,,,,1,1,1,1.0,2.0
201700046244,0017-05-24 17:29:00,17,5,24,17,29,201,4,MARECHAL JUIN AVENUE,41.94028,8.75073,Plein jour,En agglomération,Hors intersection,Normale,Autre collision,,,,,,,,,,,1,2,1,1.0,6.0
201700046245,0017-05-25 13:45:00,17,5,25,13,45,201,4,ROSSINI PASCAL BD,41.91722,8.73529,Plein jour,En agglomération,Hors intersection,Normale,Autre collision,,,,,,,,,,,1,2,1,1.0,6.0
201700046246,0017-05-25 18:20:00,17,5,25,18,20,201,4,ILES SANGUINAIRES ROUTE,41.90593,8.67207,Plein jour,Hors agglomération,Hors intersection,Normale,Deux véhicules - frontale,,,,,,,,,,,1,1,1,1.0,1.0
201700046247,0017-05-28 00:12:00,17,5,28,0,12,201,4,SALARIO ROUTE DU,41.92264,8.72933,Nuit avec éclairage non allumé,Hors agglomération,Hors intersection,Normale,Deux véhicules - frontale,,,,,,,,,,,4,1,1,1.0,1.0
201700046248,0017-05-29 00:23:00,17,5,29,0,23,201,4,ROSSINI PASCAL BD,41.91706,8.73613,Nuit avec éclairage allumé,En agglomération,Hors intersection,Normale,Autre collision,,,,,,,,,,,5,2,1,1.0,6.0
201700046249,0017-05-29 16:31:00,17,5,29,16,31,201,4,"14, CHIAPPE JEAN  RUE",41.93471,8.74331,Plein jour,En agglomération,Hors intersection,Normale,Autre collision,,,,,,,,,,,1,2,1,1.0,6.0
201700046250,0017-05-31 09:11:00,17,5,31,9,11,201,4,MEZZAVIA ROUTE DE,41.95202,8.77458,Plein jour,En agglomération,Giratoire,Normale,Deux véhicules - côté,,,,,,,,,,,1,2,6,1.0,3.0
201700046251,0017-05-31 18:25:00,17,5,31,18,25,201,4,ILES RCE DES RUE DE L'AR,41.91116,8.71117,Plein jour,En agglomération,Hors intersection,Normale,Deux véhicules - côté,,,,,,,,,,,1,2,1,1.0,3.0
201700046252,0017-06-03 23:32:00,17,6,3,23,32,201,4,VAZZIO CITE EDF,41.92924,8.77157,Nuit avec éclairage allumé,En agglomération,Hors intersection,Normale,Deux véhicules - arrière,,,,,,,,,,,5,2,1,1.0,2.0
201700046253,0017-06-04 12:20:00,17,6,4,12,20,201,4,RD11,41.92989,8.71311,Plein jour,Hors agglomération,Hors intersection,Normale,Deux véhicules - côté,,,,,,,,,,,1,1,1,1.0,3.0
201700046254,0017-06-06 08:05:00,17,6,6,8,5,201,4,STEPHANOPOLI NICEPHORE,41.90907,8.71907,Plein jour,En agglomération,Hors intersection,Normale,Deux véhicules - frontale,,,,,,,,,,,1,2,1,1.0,1.0
201700046255,0017-06-07 21:20:00,17,6,7,21,20,201,4,SARTENE ANCIENNE ROUTE,41.9301,8.78759,Crépuscule ou aube,En agglomération,Giratoire,Normale,Sans collision,,,,,,,,,,,2,2,6,1.0,7.0
201700046256,0017-06-08 13:47:00,17,6,8,13,47,201,4,NAPOLEON COURS AVANT BEV,41.92956,8.7391,Plein jour,Hors agglomération,Autre intersection,Normale,Autre collision,,,,,,,,,,,1,1,9,1.0,6.0
201700046257,0017-06-12 18:50:00,17,6,12,18,50,201,4,MEZZAVIA ROUTE DE,41.94925,8.7676,Plein jour,En agglomération,Hors intersection,Normale,Deux véhicules - arrière,,,,,,,,,,,1,2,1,1.0,2.0
201700046258,0017-06-14 18:30:00,17,6,14,18,30,201,4,NATIONALE 193,41.93139,8.80283,Plein jour,Hors agglomération,Hors intersection,Normale,Deux véhicules - côté,,,,,,,,,,,1,1,1,1.0,3.0
201700046259,0017-06-16 12:10:00,17,6,16,12,10,201,4,PIETRINA RUE DE LA,41.92606,8.73708,Plein jour,En agglomération,Intersection en X,Normale,Deux véhicules - côté,,,,,,,,,,,1,2,2,1.0,3.0
201700046260,0017-06-17 14:30:00,17,6,17,14,30,201,4,BONAPARTE CHARLES  BD,41.9313,8.75687,Plein jour,En agglomération,Hors intersection,Normale,Deux véhicules - arrière,,,,,,,,,,,1,2,1,1.0,2.0