accident_id,datetime,annee,mois,jour,heure,minute,departement,commune_insee,adresse,latitude,longitude,luminosite,agglomeration,intersection,meteo,collision,nb_vehicules,nb_usagers,nb_indemnes,nb_tues,nb_blesses_hosp,nb_blesses_legers,age_cond_1,age_cond_2,veh_type_cond_1,veh_type_cond_2,lum_code,agg_code,int_code,atm_code,col_code
201700046508,0017-03-29 19:30:00,17,3,29,19,30,940,65,A86 EXT,48.7551,2.34854,Plein jour,Hors agglomération,Hors intersection,Normale,Autre collision,,,,,,,,,,,1,1,1,1.0,6.0
201700046509,0017-03-29 19:50:00,17,3,29,19,50,940,69,A4,48.8174,2.4293,Plein jour,Hors agglomération,Hors intersection,Normale,Deux véhicules - arrière,,,,,,,,,,,1,1,1,1.0,2.0
201700046510,0017-03-30 07:09:00,17,3,30,7,9,940,33,A86.INT,48.8588,2.48668,Crépuscule ou aube,Hors agglomération,Hors intersection,Normale,Autre collision,,,,,,,,,,,2,1,1,1.0,6.0
201700046511,0017-03-30 10:00:00,17,3,30,10,0,770,294,A104,48.97422,2.58001,Plein jour,Hors agglomération,Hors intersection,Normale,Deux véhicules - arrière,,,,,,,,,,,1,1,1,1.0,2.0
201700046512,0017-03-31 09:00:00,17,3,31,9,0,750,112,A4,48.82685,2.46751,Plein jour,Hors agglomération,Hors intersection,Normale,Deux véhicules - arrière,,,,,,,,,,,1,1,1,1.0,2.0
201700046513,0017-04-01 17:00:00,17,4,1,17,0,940,17,A4,48.8299,2.49647,Plein jour,Hors agglomération,Hors intersection,Normale,Deux véhicules - arrière,,,,,,,,,,,1,1,1,1.0,2.0
201700046514,0017-04-02 15:40:00,17,4,2,15,40,770,146,A4.Y,48.83195,2.65161,Plein jour,Hors agglomération,Hors intersection,Normale,Autre collision,,,,,,,,,,,1,1,1,1.0,6.0
201700046515,0017-04-03 09:00:00,17,4,3,9,0,940,73,A86 EXT,48.7608,2.38255,Plein jour,Hors agglomération,Hors intersection,Normale,Deux véhicules - arrière,,,,,,,,,,,1,1,1,1.0,2.0
201700046516,0017-04-04 00:35:00,17,4,4,0,35,940,28,RN406.W,48.782,2.44114,Nuit avec éclairage allumé,Hors agglomération,Hors intersection,Normale,Deux véhicules - arrière,,,,,,,,,,,5,1,1,1.0,2.0
201700046517,0017-04-04 17:30:00,17,4,4,17,30,750,112,A4,48.84703,2.44419,Plein jour,Hors agglomération,Hors intersection,Normale,Deux véhicules - arrière,,,,,,,,,,,1,1,1,1.0,2.0
201700046518,0017-04-04 17:30:00,17,4,4,17,30,940,22,A86 EXT,48.7756,2.41337,Plein jour,Hors agglomération,Hors intersection,Normale,Deux véhicules - côté,,,,,,,,,,,1,1,1,1.0,3.0
201700046519,0017-04-05 05:40:00,17,4,5,5,40,930,51,A4,48.83507,2.5775,Nuit sans éclairage public,Hors agglomération,Hors intersection,Normale,Deux véhicules - arrière,,,,,,,,,,,3,1,1,1.0,2.0
201700046520,0017-04-05 05:40:00,17,4,5,5,40,930,51,A4,48.83515,2.57614,Nuit sans éclairage public,Hors agglomération,Hors intersection,Normale,Autre collision,,,,,,,,,,,3,1,1,1.0,6.0
201700046521,0017-04-05 06:45:00,17,4,5,6,45,770,169,RN104,48.81782,2.61856,Crépuscule ou aube,Hors agglomération,Hors intersection,Normale,Deux véhicules - arrière,,,,,,,,,,,2,1,1,1.0,2.0
201700046522,0017-04-05 15:15:00,17,4,5,15,15,770,169,RN104,48.81482,2.62557,Plein jour,Hors agglomération,Hors intersection,Normale,Deux véhicules - côté,,,,,,,,,,,1,1,1,1.0,3.0
201700046523,0017-04-05 17:45:00,17,4,5,17,45,770,237,A4,48.83047,2.75528,Plein jour,Hors agglomération,Hors intersection,Normale,Trois véhicules et plus - en chaîne,,,,,,,,,,,1,1,1,1.0,4.0
201700046524,0017-04-06 08:50:00,17,4,6,8,50,940,17,A4,48.8271,2.52399,Plein jour,Hors agglomération,Hors intersection,Normale,Deux véhicules - arrière,,,,,,,,,,,1,1,1,1.0,2.0
201700046525,0017-04-06 19:20:00,17,4,6,19,20,770,294,A104,48.9717,2.57411,Plein jour,Hors agglomération,Hors intersection,Normale,Trois véhicules et plus - collisions multiples,,,,,,,,,,,1,1,1,1.0,5.0
201700046526,0017-04-06 09:10:00,17,4,6,9,10,940,17,A4,48.8279,2.50451,Plein jour,Hors agglomération,Hors intersection,Normale,Deux véhicules - arrière,,,,,,,,,,,1,1,1,1.0,2.0
201700046527,0017-04-07 12:00:00,17,4,7,12,0,770,121,A104,48.8373,2.66463,Plein jour,Hors agglomération,Hors intersection,Normale,Deux véhicules - côté,,,,,,,,,,,1,1,1,1.0,3.0
201700046528,0017-04-07 18:00:00,17,4,7,18,0,770,258,A4.W,48.8307,2.63344,Plein jour,Hors agglomération,Hors intersection,Normale,Trois véhicules et plus - en chaîne,,,,,,,,,,,1,1,1,1.0,4.0
201700046529,0017-04-08 16:45:00,17,4,8,16,45,940,22,A 86 EXT,48.7734,2.40318,Plein jour,Hors agglomération,Hors intersection,Normale,Trois véhicules et plus - en chaîne,,,,,,,,,,,1,1,1,1.0,4.0
201700046530,0017-04-08 21:00:00,17,4,8,21,0,940,17,A4,48.8265,2.51831,Crépuscule ou aube,Hors agglomération,Hors intersection,Normale,Trois véhicules et plus - collisions multiples,,,,,,,,,,,2,1,1,1.0,5.0
201700046531,0017-04-09 00:20:00,17,4,9,0,20,940,18,A4,48.8189,2.40856,Nuit avec éclairage allumé,Hors agglomération,Hors intersection,Normale,Deux véhicules - côté,,,,,,,,,,,5,1,1,1.0,3.0
201700046532,0017-04-09 06:30:00,17,4,9,6,30,940,46,A86 EXT,48.809,2.44899,Crépuscule ou aube,Hors agglomération,Hors intersection,Normale,Deux véhicules - côté,,,,,,,,,,,2,1,1,1.0,3.0
201700046533,0017-04-09 14:35:00,17,4,9,14,35,940,17,A4,48.8297,2.49791,Plein jour,Hors agglomération,Hors intersection,Normale,Deux véhicules - côté,,,,,,,,,,,1,1,1,1.0,3.0
201700046534,0017-04-09 17:00:00,17,4,9,17,0,940,73,A86 INT,48.7708,2.38691,Plein jour,Hors agglomération,Hors intersection,Normale,Deux véhicules - arrière,,,,,,,,,,,1,1,1,1.0,2.0
201700046535,0017-04-09 21:15:00,17,4,9,21,15,940,46,A86 INT,48.7932,2.44122,Nuit sans éclairage public,Hors agglomération,Hors intersection,Normale,Autre collision,,,,,,,,,,,3,1,1,1.0,6.0
201700046536,0017-04-09 22:50:00,17,4,9,22,50,940,18,A4,48.8173,2.4178,Nuit avec éclairage allumé,Hors agglomération,Hors intersection,Normale,Deux véhicules - arrière,,,,,,,,,,,5,1,1,1.0,2.0
201700046537,0017-04-10 09:15:00,17,4,10,9,15,770,294,A104,48.96321,2.6133,Plein jour,Hors agglomération,Hors intersection,Normale,Deux véhicules - côté,,,,,,,,,,,1,1,1,1.0,3.0
201700046538,0017-04-10 17:30:00,17,4,10,17,30,770,294,A104,48.97521,2.58539,Plein jour,Hors agglomération,Hors intersection,Normale,Deux véhicules - arrière,,,,,,,,,,,1,1,1,1.0,2.0
201700046539,0017-04-11 15:00:00,17,4,11,15,0,770,373,RN104,48.79683,2.62207,Plein jour,Hors agglomération,Hors intersection,Normale,Deux véhicules - arrière,,,,,,,,,,,1,1,1,1.0,2.0
201700046540,0017-04-11 16:07:00,17,4,11,16,7,940,42,A4,48.8286,2.47636,Plein jour,Hors agglomération,Hors intersection,Normale,Deux véhicules - côté,,,,,,,,,,,1,1,1,1.0,3.0
201700046541,0017-04-11 21:40:00,17,4,11,21,40,770,384,A5b,48.61111,2.63229,Nuit sans éclairage public,Hors agglomération,Hors intersection,Normale,Deux véhicules - arrière,,,,,,,,,,,3,1,1,1.0,2.0
201700046542,0017-04-12 07:10:00,17,4,12,7,10,940,17,A4,48.8303,2.49097,Plein jour,Hors agglomération,Hors intersection,Normale,Deux véhicules - arrière,,,,,,,,,,,1,1,1,1.0,2.0
201700046543,0017-04-12 09:00:00,17,4,12,9,0,940,28,A86 INT,48.7959,2.44273,Plein jour,Hors agglomération,Hors intersection,Normale,Deux véhicules - côté,,,,,,,,,,,1,1,1,1.0,3.0
201700046544,0017-04-13 12:50:00,17,4,13,12,50,940,17,A4,48.8272,2.50998,Plein jour,Hors agglomération,Hors intersection,Normale,Deux véhicules - arrière,,,,,,,,,,,1,1,1,1.0,2.0
201700046545,0017-04-14 12:00:00,17,4,14,12,0,770,59,A104,48.85059,2.66167,Plein jour,Hors agglomération,Hors intersection,Normale,Autre collision,,,,,,,,,,,1,1,1,1.0,6.0
201700046546,0017-04-14 16:30:00,17,4,14,16,30,940,81,A86 EXT,48.7744,2.41017,Plein jour,Hors agglomération,Hors intersection,Normale,Deux véhicules - arrière,,,,,,,,,,,1,1,1,1.0,2.0
201700046547,0017-04-14 19:00:00,17,4,14,19,0,940,18,A4,48.8229,2.39617,Plein jour,Hors agglomération,Hors intersection,Normale,Deux véhicules - côté,,,,,,,,,,,1,1,1,1.0,3.0
201700046548,0017-04-14 22:00:00,17,4,14,22,0,940,69,A4,48.8176,2.42084,Nuit avec éclairage allumé,Hors agglomération,Hors intersection,Normale,Deux véhicules - arrière,,,,,,,,,,,5,1,1,1.0,2.0
201700046549,0017-04-15 17:45:00,17,4,15,17,45,940,65,A86 INT,48.7547,2.34842,Plein jour,Hors agglomération,Hors intersection,Normale,Trois véhicules et plus - en chaîne,,,,,,,,,,,1,1,1,1.0,4.0
201700046550,0017-04-16 01:00:00,17,4,16,1,0,770,363,A104,48.91513,2.63415,Nuit sans éclairage public,Hors agglomération,Hors intersection,Normale,Autre collision,,,,,,,,,,,3,1,1,1.0,6.0
201700046551,0017-04-16 23:45:00,17,4,16,23,45,940,28,A86 EXT,48.7766,2.43792,Nuit avec éclairage allumé,Hors agglomération,Hors intersection,Normale,Deux véhicules - côté,,,,,,,,,,,5,1,1,1.0,3.0
201700046552,0017-04-18 00:20:00,17,4,18,0,20,940,18,A4,48.8207,2.40054,Nuit avec éclairage allumé,Hors agglomération,Hors intersection,Normale,Deux véhicules - arrière,,,,,,,,,,,5,1,1,1.0,2.0
201700046553,0017-04-18 07:50:00,17,4,18,7,50,940,22,A86 INT,48.7757,2.41314,Plein jour,Hors agglomération,Hors intersection,Normale,Deux véhicules - côté,,,,,,,,,,,1,1,1,1.0,3.0
201700046554,0017-04-20 08:40:00,17,4,20,8,40,770,294,A104,48.97468,2.58741,Plein jour,Hors agglomération,Hors intersection,Normale,Deux véhicules - côté,,,,,,,,,,,1,1,1,1.0,3.0
201700046555,0017-04-20 09:15:00,17,4,20,9,15,940,17,A4,48.8279,2.50424,Plein jour,Hors agglomération,Hors intersection,Normale,Deux véhicules - arrière,,,,,,,,,,,1,1,1,1.0,2.0
201700046556,0017-04-20 18:25:00,17,4,20,18,25,940,17,A4,48.8279,2.50451,Plein jour,Hors agglomération,Hors intersection,Normale,Trois véhicules et plus - en chaîne,,,,,,,,,,,1,1,1,1.0,4.0
201700046557,0017-04-21 05:30:00,17,4,21,5,30,940,28,A86 INT,48.7762,2.4353,Nuit avec éclairage allumé,Hors agglomération,Hors intersection,Normale,Sans collision,,,,,,,,,,,5,1,1,1.0,7.0
201700046558,0017-04-21 09:00:00,17,4,21,9,0,940,17,A4,48.8279,2.50451,Plein jour,Hors agglomération,Hors intersection,Normale,Deux véhicules - arrière,,,,,,,,,,,1,1,1,1.0,2.0
201700046559,0017-04-21 17:43:00,17,4,21,17,43,940,69,A4,48.8171,2.44323,Plein jour,Hors agglomération,Hors intersection,Normale,Deux véhicules - arrière,,,,,,,,,,,1,1,1,1.0,2.0
201700046560,0017-04-22 00:15:00,17,4,22,0,15,940,18,A4,48.8177,2.41525,Nuit avec éclairage non allumé,Hors agglomération,Hors intersection,Normale,Trois véhicules et plus - collisions multiples,,,,,,,,,,,4,1,1,1.0,5.0
201700046561,0017-04-22 01:45:00,17,4,22,1,45,940,28,A86 INT,48.7777,2.4399,Nuit avec éclairage allumé,Hors agglomération,Hors intersection,Normale,Autre collision,,,,,,,,,,,5,1,1,1.0,6.0
201700046562,0017-04-22 09:25:00,17,4,22,9,25,940,46,A86 INT,48.8137,2.44874,Plein jour,Hors agglomération,Hors intersection,Normale,Deux véhicules - côté,,,,,,,,,,,1,1,1,1.0,3.0
201700046563,0017-04-22 13:20:00,17,4,22,13,20,770,121,A104,48.83432,2.66561,Plein jour,Hors agglomération,Hors intersection,Normale,Autre collision,,,,,,,,,,,1,1,1,1.0,6.0
201700046564,0017-04-24 18:00:00,17,4,24,18,0,940,52,A86 INT,48.8339,2.49283,Plein jour,Hors agglomération,Hors intersection,Normale,Deux véhicules - arrière,,,,,,,,,,,1,1,1,1.0,2.0
201700046565,0017-04-25 07:30:00,17,4,25,7,30,770,258,A4.W,48.8312,2.6396,Plein jour,Hors agglomération,Hors intersection,Pluie légère,Autre collision,,,,,,,,,,,1,1,1,2.0,6.0
201700046566,0017-04-25 14:20:00,17,4,25,14,20,770,121,A4,48.83199,2.67085,Plein jour,Hors agglomération,Hors intersection,Normale,Autre collision,,,,,,,,,,,1,1,1,1.0,6.0
201700046567,0017-04-26 08:00:00,17,4,26,8,0,940,73,A86 INT,48.7723,2.39612,Plein jour,Hors agglomération,Hors intersection,Normale,Deux véhicules - arrière,,,,,,,,,,,1,1,1,1.0,2.0
201700046568,0017-04-26 09:05:00,17,4,26,9,5,940,42,A4,48.8282,2.47291,Plein jour,Hors agglomération,Hors intersection,Normale,Trois véhicules et plus - en chaîne,,,,,,,,,,,1,1,1,1.0,4.0
201700046569,0017-04-26 19:15:00,17,4,26,19,15,770,258,A4.Y,48.82989,2.63472,Plein jour,Hors agglomération,Intersection en Y,Temps couvert,Autre collision,,,,,,,,,,,1,1,4,8.0,6.0
201700046570,0017-04-26 19:20:00,17,4,26,19,20,940,18,A4,48.8189,2.40857,Plein jour,Hors agglomération,Hors intersection,Normale,Sans collision,,,,,,,,,,,1,1,1,1.0,7.0
201700046571,0017-04-26 19:05:00,17,4,26,19,5,770,337,A4,48.83013,2.61463,Plein jour,Hors agglomération,Hors intersection,Pluie légère,Deux véhicules - arrière,,,,,,,,,,,1,1,1,2.0,2.0
201700046572,0017-04-27 08:00:00,17,4,27,8,0,770,337,A4,48.84629,2.63009,Crépuscule ou aube,Hors agglomération,Hors intersection,Normale,Deux véhicules - côté,,,,,,,,,,,2,1,1,1.0,3.0
201700046573,0017-04-27 09:20:00,17,4,27,9,20,770,249,RN104,48.7499,2.61401,Plein jour,Hors agglomération,Hors intersection,Normale,Autre collision,,,,,,,,,,,1,1,1,1.0,6.0
201700046574,0017-04-27 09:45:00,17,4,27,9,45,940,17,A4,48.8301,2.49337,Plein jour,Hors agglomération,Hors intersection,Normale,Deux véhicules - arrière,,,,,,,,,,,1,1,1,1.0,2.0
201700046575,0017-04-27 16:15:00,17,4,27,16,15,770,258,A4.W,48.83008,2.62564,Plein jour,Hors agglomération,Hors intersection,Normale,Deux véhicules - arrière,,,,,,,,,,,1,1,1,1.0,2.0
201700046576,0017-04-28 08:15:00,17,4,28,8,15,940,73,A86 EXT,48.7717,2.39356,Crépuscule ou aube,Hors agglomération,Hors intersection,Pluie légère,Deux véhicules - côté,,,,,,,,,,,2,1,1,2.0,3.0
201700046577,0017-04-28 08:40:00,17,4,28,8,40,940,33,A86.INT,48.8586,2.4868,Plein jour,Hors agglomération,Hors intersection,Pluie légère,Trois véhicules et plus - en chaîne,,,,,,,,,,,1,1,1,2.0,4.0
201700046578,0017-04-29 06:00:00,17,4,29,6,0,940,28,A86 INT,48.7937,2.44141,Crépuscule ou aube,Hors agglomération,Hors intersection,Normale,Deux véhicules - arrière,,,,,,,,,,,2,1,1,1.0,2.0
201700046579,0017-04-29 13:15:00,17,4,29,13,15,940,28,A86 INT,48.7924,2.4409,Plein jour,Hors agglomération,Hors intersection,Normale,Deux véhicules - côté,,,,,,,,,,,1,1,1,1.0,3.0
201700046580,0017-05-01 06:50:00,17,5,1,6,50,770,294,A104,,,Plein jour,Hors agglomération,Hors intersection,Pluie légère,Autre collision,,,,,,,,,,,1,1,1,2.0,6.0
201700046581,0017-05-02 09:30:00,17,5,2,9,30,750,112,A86 EXT,48.81669,2.44487,Plein jour,Hors agglomération,Hors intersection,Normale,Trois véhicules et plus - collisions multiples,,,,,,,,,,,1,1,1,1.0,5.0
201700046582,0017-05-02 17:00:00,17,5,2,17,0,940,73,A86 INT,48.7536,2.37921,Plein jour,Hors agglomération,Hors intersection,Normale,Deux véhicules - côté,,,,,,,,,,,1,1,1,1.0,3.0
201700046583,0017-05-04 12:30:00,17,5,4,12,30,750,112,A4,48.82606,2.46511,Plein jour,Hors agglomération,Hors intersection,Normale,Autre collision,,,,,,,,,,,1,1,1,1.0,6.0
201700046584,0017-05-04 18:15:00,17,5,4,18,15,940,28,A86 EXT,48.8012,2.44739,Plein jour,Hors agglomération,Hors intersection,Pluie légère,Deux véhicules - côté,,,,,,,,,,,1,1,1,2.0,3.0
201700046585,0017-05-04 20:50:00,17,5,4,20,50,940,44,RN406.W,48.7588,2.47013,Crépuscule ou aube,Hors agglomération,Hors intersection,Pluie légère,Autre collision,,,,,,,,,,,2,1,1,2.0,6.0
201700046586,0017-05-07 12:20:00,17,5,7,12,20,770,337,RN104,48.847,2.62985,Plein jour,Hors agglomération,Hors intersection,Pluie légère,Deux véhicules - arrière,,,,,,,,,,,1,1,1,2.0,2.0
201700046587,0017-05-07 13:30:00,17,5,7,13,30,770,294,A104,,,Plein jour,Hors agglomération,Hors intersection,Pluie légère,Sans collision,,,,,,,,,,,1,1,1,2.0,7.0
201700046588,0017-05-08 06:40:00,17,5,8,6,40,770,373,RN104,48.77954,2.61518,Nuit sans éclairage public,Hors agglomération,Hors intersection,Normale,Sans collision,,,,,,,,,,,3,1,1,1.0,7.0
201700046589,0017-05-09 04:20:00,17,5,9,4,20,940,46,A86 INT,48.8054,2.44854,Nuit avec éclairage allumé,Hors agglomération,Hors intersection,Normale,Deux véhicules - côté,,,,,,,,,,,5,1,1,1.0,3.0
201700046590,0017-05-09 16:00:00,17,5,9,16,0,940,28,A86 EXT,48.7888,2.44048,Plein jour,Hors agglomération,Hors intersection,Normale,Deux véhicules - côté,,,,,,,,,,,1,1,1,1.0,3.0
201700046591,0017-05-10 08:15:00,17,5,10,8,15,940,65,A86 EXT,48.7538,2.35332,Plein jour,Hors agglomération,Hors intersection,Normale,Deux véhicules - arrière,,,,,,,,,,,1,1,1,1.0,2.0
201700046592,0017-05-10 14:00:00,17,5,10,14,0,940,17,A4,48.8279,2.50451,Plein jour,Hors agglomération,Hors intersection,Normale,Sans collision,,,,,,,,,,,1,1,1,1.0,7.0
201700046593,0017-05-11 00:17:00,17,5,11,0,17,940,42,A4,48.8283,2.47448,Nuit sans éclairage public,Hors agglomération,Hors intersection,Normale,Trois véhicules et plus - collisions multiples,,,,,,,,,,,3,1,1,1.0,5.0
201700046594,0017-05-11 12:00:00,17,5,11,12,0,940,52,A86 INT,48.8434,2.49259,Plein jour,Hors agglomération,Hors intersection,Normale,Trois véhicules et plus - collisions multiples,,,,,,,,,,,1,1,1,1.0,5.0
201700046595,0017-05-11 15:30:00,17,5,11,15,30,770,169,RN104,48.81565,2.62412,Plein jour,Hors agglomération,Hors intersection,Normale,Deux véhicules - arrière,,,,,,,,,,,1,1,1,1.0,2.0
201700046596,0017-05-12 10:30:00,17,5,12,10,30,940,52,A86 INT,48.8401,2.49304,Plein jour,Hors agglomération,Hors intersection,Normale,Deux véhicules - arrière,,,,,,,,,,,1,1,1,1.0,2.0
201700046597,0017-05-12 16:50:00,17,5,12,16,50,940,18,A4,48.8228,2.39595,Plein jour,Hors agglomération,Hors intersection,Normale,Trois véhicules et plus - en chaîne,,,,,,,,,,,1,1,1,1.0,4.0
201700046598,0017-05-13 15:00:00,17,5,13,15,0,770,373,RN104,48.79075,2.61823,Plein jour,Hors agglomération,Hors intersection,Normale,Trois véhicules et plus - en chaîne,,,,,,,,,,,1,1,1,1.0,4.0
201700046599,0017-05-14 14:00:00,17,5,14,14,0,770,294,A104,,,Plein jour,Hors agglomération,Hors intersection,Normale,Trois véhicules et plus - en chaîne,,,,,,,,,,,1,1,1,1.0,4.0
201700046600,0017-05-16 07:45:00,17,5,16,7,45,940,81,A86 INT,48.775,2.41152,Plein jour,Hors agglomération,Hors intersection,Normale,Trois véhicules et plus - collisions multiples,,,,,,,,,,,1,1,1,1.0,5.0
201700046601,0017-05-16 15:45:00,17,5,16,15,45,940,58,A86.EXT,48.8446,2.49298,Plein jour,Hors agglomération,Hors intersection,Normale,Deux véhicules - arrière,,,,,,,,,,,1,1,1,1.0,2.0
201700046602,0017-05-16 18:38:00,17,5,16,18,38,750,112,A4,,,Plein jour,Hors agglomération,Hors intersection,Normale,Deux véhicules - côté,,,,,,,,,,,1,1,1,1.0,3.0
201700046603,0017-05-16 19:30:00,17,5,16,19,30,940,17,A4,48.827,2.51136,Plein jour,Hors agglomération,Hors intersection,Normale,Trois véhicules et plus - collisions multiples,,,,,,,,,,,1,1,1,1.0,5.0
201700046604,0017-05-17 09:00:00,17,5,17,9,0,940,69,A4,48.8165,2.45015,Plein jour,Hors agglomération,Hors intersection,Normale,Sans collision,,,,,,,,,,,1,1,1,1.0,7.0
201700046605,0017-05-17 09:45:00,17,5,17,9,45,770,294,A104,48.97345,2.58986,Plein jour,Hors agglomération,Hors intersection,Normale,Trois véhicules et plus - en chaîne,,,,,,,,,,,1,1,1,1.0,4.0
201700046606,0017-05-18 08:30:00,17,5,18,8,30,940,81,A86 INT,48.7741,2.405,Plein jour,Hors agglomération,Hors intersection,Pluie légère,Deux véhicules - arrière,,,,,,,,,,,1,1,1,2.0,2.0
201700046607,0017-05-18 18:15:00,17,5,18,18,15,940,73,A86 INT,48.7706,2.38564,Plein jour,Hors agglomération,Hors intersection,Pluie légère,Deux véhicules - côté,,,,,,,,,,,1,1,1,2.0,3.0
201700046608,0017-05-19 00:15:00,17,5,19,0,15,940,73,A86 EXT,48.7666,2.37881,Nuit avec éclairage allumé,Hors agglomération,Hors intersection,Pluie légère,Autre collision,,,,,,,,,,,5,1,1,2.0,6.0
201700046609,0017-05-19 19:30:00,17,5,19,19,30,770,83,A4.W,48.8321,2.5959,Plein jour,Hors agglomération,Hors intersection,Normale,Deux véhicules - arrière,,,,,,,,,,,1,1,1,1.0,2.0
201700046610,0017-05-20 09:05:00,17,5,20,9,5,940,69,A4,48.8176,2.4349,Plein jour,Hors agglomération,Hors intersection,Normale,Autre collision,,,,,,,,,,,1,1,1,1.0,6.0
201700046611,0017-05-21 07:00:00,17,5,21,7,0,770,258,A4.W,48.83065,2.66333,Crépuscule ou aube,Hors agglomération,Hors intersection,Normale,Trois véhicules et plus - en chaîne,,,,,,,,,,,2,1,1,1.0,4.0
201700046612,0017-05-21 12:00:00,17,5,21,12,0,750,112,A4,48.82139,2.46195,Plein jour,Hors agglomération,Hors intersection,Normale,Autre collision,,,,,,,,,,,1,1,1,1.0,6.0
201700046613,0017-05-21 12:10:00,17,5,21,12,10,940,28,A86 EXT,48.7879,2.44032,Plein jour,Hors agglomération,Hors intersection,Normale,Deux véhicules - côté,,,,,,,,,,,1,1,1,1.0,3.0
201700046614,0017-05-21 20:10:00,17,5,21,20,10,940,17,A4,48.8305,2.4911,Plein jour,Hors agglomération,Hors intersection,Normale,Trois véhicules et plus - en chaîne,,,,,,,,,,,1,1,1,1.0,4.0
201700046615,0017-05-22 06:20:00,17,5,22,6,20,930,51,A4,48.9456,2.4766,Crépuscule ou aube,Hors agglomération,Hors intersection,Normale,Deux véhicules - arrière,,,,,,,,,,,2,1,1,1.0,2.0
201700046616,0017-05-23 08:00:00,17,5,23,8,0,770,83,A4.W,48.83114,2.60542,Plein jour,Hors agglomération,Hors intersection,Normale,Deux véhicules - arrière,,,,,,,,,,,1,1,1,1.0,2.0
201700046617,0017-05-23 08:00:00,17,5,23,8,0,940,73,A86 EXT,48.7704,2.38432,Plein jour,Hors agglomération,Hors intersection,Normale,Deux véhicules - arrière,,,,,,,,,,,1,1,1,1.0,2.0
201700046618,0017-05-23 18:20:00,17,5,23,18,20,940,65,A86 EXT,48.7536,2.35505,Plein jour,Hors agglomération,Hors intersection,Normale,Deux véhicules - côté,,,,,,,,,,,1,1,1,1.0,3.0
201700046619,0017-05-24 13:05:00,17,5,24,13,5,770,373,RN104,48.7906,2.61841,Plein jour,Hors agglomération,Hors intersection,Normale,Trois véhicules et plus - en chaîne,,,,,,,,,,,1,1,1,1.0,4.0
201700046620,0017-05-26 23:35:00,17,5,26,23,35,770,450,RN104,48.71521,2.59979,Nuit sans éclairage public,Hors agglomération,Hors intersection,Normale,Deux véhicules - arrière,,,,,,,,,,,3,1,1,1.0,2.0
201700046621,0017-05-28 04:05:00,17,5,28,4,5,940,18,A4,48.8201,2.40333,Nuit avec éclairage allumé,Hors agglomération,Hors intersection,Normale,Deux véhicules - côté,,,,,,,,,,,5,1,1,1.0,3.0
201700046622,0017-05-28 07:27:00,17,5,28,7,27,770,337,BRET. N104 VERS D499,48.82852,2.62014,Crépuscule ou aube,Hors agglomération,Hors intersection,Pluie légère,Sans collision,,,,,,,,,,,2,1,1,2.0,7.0
201700046623,0017-05-28 10:00:00,17,5,28,10,0,940,58,A86 INT,48.8391,2.49334,Plein jour,Hors agglomération,Hors intersection,Normale,Deux véhicules - arrière,,,,,,,,,,,1,1,1,1.0,2.0
201700046624,0017-05-28 13:50:00,17,5,28,13,50,750,112,A4,48.8194,2.45868,Plein jour,Hors agglomération,Hors intersection,Normale,Trois véhicules et plus - en chaîne,,,,,,,,,,,1,1,1,1.0,4.0
201700046625,0017-05-28 22:30:00,17,5,28,22,30,940,28,A86 INT,48.787,2.44006,Nuit avec éclairage non allumé,Hors agglomération,Hors intersection,Normale,Autre collision,,,,,,,,,,,4,1,1,1.0,6.0
201700046626,0017-05-29 07:50:00,17,5,29,7,50,940,18,A4,48.8177,2.41525,Plein jour,Hors agglomération,Hors intersection,Normale,Deux véhicules - arrière,,,,,,,,,,,1,1,1,1.0,2.0
201700046627,0017-05-29 11:20:00,17,5,29,11,20,940,17,A4,48.8301,2.48615,Plein jour,Hors agglomération,Hors intersection,Normale,Trois véhicules et plus - en chaîne,,,,,,,,,,,1,1,1,1.0,4.0
201700046628,0017-05-29 16:30:00,17,5,29,16,30,750,112,A4,48.82394,2.46407,Plein jour,Hors agglomération,Hors intersection,Normale,Deux véhicules - arrière,,,,,,,,,,,1,1,1,1.0,2.0
201700046629,0017-05-29 21:14:00,17,5,29,21,14,770,294,A104,48.9714,2.59417,Nuit sans éclairage public,Hors agglomération,Hors intersection,Normale,Deux véhicules - arrière,,,,,,,,,,,3,1,1,1.0,2.0
201700046630,0017-05-30 08:00:00,17,5,30,8,0,770,373,RN104,48.7821,2.6163,Plein jour,Hors agglomération,Hors intersection,Normale,Autre collision,,,,,,,,,,,1,1,1,1.0,6.0
201700046631,0017-05-30 09:20:00,17,5,30,9,20,770,372,A104,48.8778,2.6685,Plein jour,Hors agglomération,Hors intersection,Normale,Deux véhicules - côté,,,,,,,,,,,1,1,1,1.0,3.0
201700046632,0017-05-31 09:00:00,17,5,31,9,0,940,69,A4,48.8176,2.42084,Plein jour,Hors agglomération,Hors intersection,Normale,Trois véhicules et plus - collisions multiples,,,,,,,,,,,1,1,1,1.0,5.0
201700046633,0017-05-31 09:20:00,17,5,31,9,20,940,15,A4,48.8306,2.52981,Plein jour,Hors agglomération,Hors intersection,Normale,Deux véhicules - arrière,,,,,,,,,,,1,1,1,1.0,2.0
201700046634,0017-06-01 06:40:00,17,6,1,6,40,940,15,A4,48.83205,2.53235,Plein jour,Hors agglomération,Hors intersection,Normale,Trois véhicules et plus - collisions multiples,,,,,,,,,,,1,1,1,1.0,5.0
201700046635,0017-06-01 09:20:00,17,6,1,9,20,770,237,A4,48.83048,2.75707,Plein jour,Hors agglomération,Hors intersection,Normale,Trois véhicules et plus - collisions multiples,,,,,,,,,,,1,1,1,1.0,5.0