accident_id,datetime,annee,mois,jour,heure,minute,departement,commune_insee,adresse,latitude,longitude,luminosite,agglomeration,intersection,meteo,collision,nb_vehicules,nb_usagers,nb_indemnes,nb_tues,nb_blesses_hosp,nb_blesses_legers,age_cond_1,age_cond_2,veh_type_cond_1,veh_type_cond_2,lum_code,agg_code,int_code,atm_code,col_code
201700046636,0017-06-01 09:30:00,17,6,1,9,30,940,18,A4,48.81787,2.41523,Plein jour,Hors agglomération,Hors intersection,Normale,Autre collision,,,,,,,,,,,1,1,1,1.0,6.0
201700046637,0017-06-01 10:40:00,17,6,1,10,40,940,15,A4,48.82743,2.52501,Plein jour,Hors agglomération,Hors intersection,Normale,Deux véhicules - arrière,,,,,,,,,,,1,1,1,1.0,2.0
201700046638,0017-06-02 07:10:00,17,6,2,7,10,770,373,RN104,48.80647,2.62905,Crépuscule ou aube,Hors agglomération,Hors intersection,Normale,Deux véhicules - arrière,,,,,,,,,,,2,1,1,1.0,2.0
201700046639,0017-06-02 09:40:00,17,6,2,9,40,770,514,A104,,,Plein jour,Hors agglomération,Hors intersection,Normale,Deux véhicules - arrière,,,,,,,,,,,1,1,1,1.0,2.0
201700046640,0017-06-04 15:30:00,17,6,4,15,30,750,112,A4,,,Plein jour,Hors agglomération,Hors intersection,Normale,Deux véhicules - côté,,,,,,,,,,,1,1,1,1.0,3.0
201700046641,0017-06-05 10:15:00,17,6,5,10,15,770,294,A104,48.98338,2.60051,Plein jour,Hors agglomération,Hors intersection,Normale,Deux véhicules - arrière,,,,,,,,,,,1,1,1,1.0,2.0
201700046642,0017-06-05 16:30:00,17,6,5,16,30,940,73,A86 INT,48.7613,2.38239,Plein jour,Hors agglomération,Hors intersection,Normale,Deux véhicules - arrière,,,,,,,,,,,1,1,1,1.0,2.0
201700046643,0017-06-06 04:02:00,17,6,6,4,2,770,514,A104,48.94926,2.62869,Nuit sans éclairage public,Hors agglomération,Hors intersection,Pluie forte,Trois véhicules et plus - collisions multiples,,,,,,,,,,,3,1,1,3.0,5.0
201700046644,0017-06-06 07:25:00,17,6,6,7,25,770,249,RN104,48.73188,2.60931,Plein jour,Hors agglomération,Hors intersection,Pluie légère,Deux véhicules - arrière,,,,,,,,,,,1,1,1,2.0,2.0
201700046645,0017-06-06 07:30:00,17,6,6,7,30,940,81,A86 INT,,,Plein jour,Hors agglomération,Hors intersection,Normale,Deux véhicules - côté,,,,,,,,,,,1,1,1,1.0,3.0
201700046646,0017-06-06 15:20:00,17,6,6,15,20,940,17,A4,42.8287,2.4783,Plein jour,Hors agglomération,Hors intersection,Pluie légère,Deux véhicules - arrière,,,,,,,,,,,1,1,1,2.0,2.0
201700046647,0017-06-06 19:10:00,17,6,6,19,10,940,18,A4,48.8203,2.4017,Plein jour,Hors agglomération,Hors intersection,Pluie légère,Autre collision,,,,,,,,,,,1,1,1,2.0,6.0
201700046648,0017-06-07 08:45:00,17,6,7,8,45,770,514,A104,48.9444,2.6286,Plein jour,Hors agglomération,Hors intersection,Normale,Sans collision,,,,,,,,,,,1,1,1,1.0,7.0
201700046649,0017-06-07 18:45:00,17,6,7,18,45,940,69,A4,48.81746,2.43219,Plein jour,Hors agglomération,Hors intersection,Normale,Autre collision,,,,,,,,,,,1,1,1,1.0,6.0
201700046650,0017-06-07 20:45:00,17,6,7,20,45,940,69,A4,48.81733,2.43261,Plein jour,Hors agglomération,Hors intersection,Normale,Autre collision,,,,,,,,,,,1,1,1,1.0,6.0
201700046651,0017-06-07 22:20:00,17,6,7,22,20,770,18,A4,48.83571,2.80781,Nuit sans éclairage public,Hors agglomération,Hors intersection,Normale,Trois véhicules et plus - collisions multiples,,,,,,,,,,,3,1,1,1.0,5.0
201700046652,0017-06-08 08:00:00,17,6,8,8,0,940,15,A4,48.83033,2.52954,Plein jour,Hors agglomération,Hors intersection,Normale,Deux véhicules - arrière,,,,,,,,,,,1,1,1,1.0,2.0
201700046653,0017-06-08 08:10:00,17,6,8,8,10,930,51,A4,48.83618,2.55325,Plein jour,Hors agglomération,Hors intersection,Normale,Deux véhicules - arrière,,,,,,,,,,,1,1,1,1.0,2.0
201700046654,0017-06-08 10:00:00,17,6,8,10,0,940,22,A86 EXT,48.77531,2.41247,Plein jour,Hors agglomération,Hors intersection,Normale,Trois véhicules et plus - en chaîne,,,,,,,,,,,1,1,1,1.0,4.0
201700046655,0017-06-08 10:30:00,17,6,8,10,30,940,65,A86 INT,48.75414,2.35045,Plein jour,Hors agglomération,Hors intersection,Normale,Deux véhicules - arrière,,,,,,,,,,,1,1,1,1.0,2.0
201700046656,0017-06-08 19:30:00,17,6,8,19,30,940,73,A86 INT,48.75892,2.38379,Plein jour,Hors agglomération,Hors intersection,Normale,Deux véhicules - côté,,,,,,,,,,,1,1,1,1.0,3.0
201700046657,0017-06-09 07:05:00,17,6,9,7,5,940,69,A4,,,Crépuscule ou aube,Hors agglomération,Hors intersection,Pluie légère,Deux véhicules - arrière,,,,,,,,,,,2,1,1,2.0,2.0
201700046658,0017-06-09 08:25:00,17,6,9,8,25,770,251,RN104,48.64455,2.5417,Plein jour,Hors agglomération,Hors intersection,Normale,Trois véhicules et plus - en chaîne,,,,,,,,,,,1,1,1,1.0,4.0
201700046659,0017-06-09 16:10:00,17,6,9,16,10,940,46,A86 EXT,48.77662,2.43126,Plein jour,Hors agglomération,Hors intersection,Normale,Deux véhicules - côté,,,,,,,,,,,1,1,1,1.0,3.0
201700046660,0017-06-09 20:10:00,17,6,9,20,10,940,28,A86 EXT,48.80551,2.44877,Plein jour,Hors agglomération,Hors intersection,Normale,Deux véhicules - côté,,,,,,,,,,,1,1,1,1.0,3.0
201700046661,0017-06-10 18:30:00,17,6,10,18,30,770,438,A104,48.8544,2.66347,Plein jour,Hors agglomération,Hors intersection,Normale,Autre collision,,,,,,,,,,,1,1,1,1.0,6.0
201700046662,0017-06-10 21:50:00,17,6,10,21,50,770,363,A104,48.9257,2.62912,Crépuscule ou aube,Hors agglomération,Hors intersection,Normale,Deux véhicules - arrière,,,,,,,,,,,2,1,1,1.0,2.0
201700046663,0017-06-11 14:20:00,17,6,11,14,20,940,46,A86 EXT,48.8123,2.449,Plein jour,Hors agglomération,Hors intersection,Normale,Trois véhicules et plus - en chaîne,,,,,,,,,,,1,1,1,1.0,4.0
201700046664,0017-06-11 14:22:00,17,6,11,14,22,940,52,A86 INT,48.83159,2.49149,Plein jour,Hors agglomération,Hors intersection,Normale,Autre collision,,,,,,,,,,,1,1,1,1.0,6.0
201700046665,0017-06-11 16:55:00,17,6,11,16,55,940,28,A86 INT,48.79,2.44,Plein jour,Hors agglomération,Hors intersection,Normale,Deux véhicules - côté,,,,,,,,,,,1,1,1,1.0,3.0
201700046666,0017-06-12 08:27:00,17,6,12,8,27,770,514,A104,,,Plein jour,Hors agglomération,Hors intersection,Normale,Deux véhicules - côté,,,,,,,,,,,1,1,1,1.0,3.0
201700046667,0017-06-12 10:00:00,17,6,12,10,0,940,28,A86 INT,48.80998,2.44886,Plein jour,Hors agglomération,Hors intersection,Normale,Deux véhicules - côté,,,,,,,,,,,1,1,1,1.0,3.0
201700046668,0017-06-12 10:20:00,17,6,12,10,20,940,28,A86 EXT,48.78391,2.4395,Plein jour,Hors agglomération,Hors intersection,Normale,Deux véhicules - arrière,,,,,,,,,,,1,1,1,1.0,2.0
201700046669,0017-06-12 10:30:00,17,6,12,10,30,770,517,A104.EXT,,,Plein jour,Hors agglomération,Hors intersection,Normale,Deux véhicules - arrière,,,,,,,,,,,1,1,1,1.0,2.0
201700046670,0017-06-12 19:15:00,17,6,12,19,15,940,69,A4,48.81737,2.42341,Plein jour,Hors agglomération,Hors intersection,Normale,Trois véhicules et plus - collisions multiples,,,,,,,,,,,1,1,1,1.0,5.0
201700046671,0017-06-13 08:40:00,17,6,13,8,40,750,112,A4,48.821,2.461,Plein jour,Hors agglomération,Hors intersection,Normale,Deux véhicules - arrière,,,,,,,,,,,1,1,1,1.0,2.0
201700046672,0017-06-13 15:20:00,17,6,13,15,20,940,22,A86 EXT,48.77623,2.42398,Plein jour,Hors agglomération,Hors intersection,Normale,Deux véhicules - arrière,,,,,,,,,,,1,1,1,1.0,2.0
201700046673,0017-06-13 17:00:00,17,6,13,17,0,770,363,A104,48.93049,2.62788,Plein jour,Hors agglomération,Hors intersection,Normale,Autre collision,,,,,,,,,,,1,1,1,1.0,6.0
201700046674,0017-06-13 19:00:00,17,6,13,19,0,940,15,A4,48.83291,2.53358,Plein jour,Hors agglomération,Hors intersection,Normale,Deux véhicules - côté,,,,,,,,,,,1,1,1,1.0,3.0
201700046675,0017-06-14 09:00:00,17,6,14,9,0,940,46,A86 EXT,48.80352,2.44821,Plein jour,Hors agglomération,Hors intersection,Normale,Deux véhicules - arrière,,,,,,,,,,,1,1,1,1.0,2.0
201700046676,0017-06-14 16:40:00,17,6,14,16,40,940,17,A4,48.82636,2.51858,Plein jour,Hors agglomération,Hors intersection,Normale,Deux véhicules - arrière,,,,,,,,,,,1,1,1,1.0,2.0
201700046677,0017-06-15 08:10:00,17,6,15,8,10,940,18,A4,48.82165,2.39879,Plein jour,Hors agglomération,Hors intersection,Normale,Autre collision,,,,,,,,,,,1,1,1,1.0,6.0
201700046678,0017-06-15 10:00:00,17,6,15,10,0,940,28,A86 EXT,48.78129,2.44124,Plein jour,Hors agglomération,Hors intersection,Normale,Autre collision,,,,,,,,,,,1,1,1,1.0,6.0
201700046679,0017-06-15 13:45:00,17,6,15,13,45,940,65,A86 INT,,,Plein jour,Hors agglomération,Hors intersection,Normale,Deux véhicules - côté,,,,,,,,,,,1,1,1,1.0,3.0
201700046680,0017-06-15 16:00:00,17,6,15,16,0,930,51,A4,48.83646,2.55086,Plein jour,Hors agglomération,Hors intersection,Normale,Deux véhicules - côté,,,,,,,,,,,1,1,1,1.0,3.0
201700046681,0017-06-15 16:10:00,17,6,15,16,10,770,169,RN104.INT,48.81236,2.62663,Plein jour,Hors agglomération,Hors intersection,Normale,Trois véhicules et plus - en chaîne,,,,,,,,,,,1,1,1,1.0,4.0
201700046682,0017-06-15 21:35:00,17,6,15,21,35,770,517,A104.INT,48.91132,2.63608,Crépuscule ou aube,Hors agglomération,Hors intersection,Normale,Autre collision,,,,,,,,,,,2,1,1,1.0,6.0
201700046683,0017-06-16 02:40:00,17,6,16,2,40,770,294,A104,48.96819,2.6017,Nuit sans éclairage public,Hors agglomération,Hors intersection,Normale,Autre collision,,,,,,,,,,,3,1,1,1.0,6.0
201700046684,0017-06-16 04:50:00,17,6,16,4,50,770,517,A104.EXT,48.91314,2.63541,Crépuscule ou aube,Hors agglomération,Hors intersection,Normale,Deux véhicules - arrière,,,,,,,,,,,2,1,1,1.0,2.0
201700046685,0017-06-17 17:30:00,17,6,17,17,30,940,22,A86 EXT,48.77389,2.40387,Plein jour,Hors agglomération,Hors intersection,Normale,Deux véhicules - arrière,,,,,,,,,,,1,1,1,1.0,2.0
201700046686,0017-06-18 10:55:00,17,6,18,10,55,940,33,A86.INT,48.84466,2.49244,Plein jour,Hors agglomération,Hors intersection,Normale,Trois véhicules et plus - en chaîne,,,,,,,,,,,1,1,1,1.0,4.0
201700046687,0017-06-19 09:40:00,17,6,19,9,40,750,112,A4,48.81816,2.45581,Plein jour,Hors agglomération,Hors intersection,Normale,Deux véhicules - arrière,,,,,,,,,,,1,1,1,1.0,2.0
201700046688,0017-06-19 10:00:00,17,6,19,10,0,940,28,A86 INT,48.79147,2.44076,Plein jour,Hors agglomération,Hors intersection,Normale,Deux véhicules - côté,,,,,,,,,,,1,1,1,1.0,3.0
201700046689,0017-06-19 17:30:00,17,6,19,17,30,940,46,A86 EXT,48.81,2.449,Plein jour,Hors agglomération,Hors intersection,Normale,Deux véhicules - arrière,,,,,,,,,,,1,1,1,1.0,2.0
201700046690,0017-06-19 21:30:00,17,6,19,21,30,940,46,A86 INT,48.80575,2.44851,Crépuscule ou aube,Hors agglomération,Hors intersection,Normale,Autre collision,,,,,,,,,,,2,1,1,1.0,6.0
201700046691,0017-06-20 06:40:00,17,6,20,6,40,930,51,A4,48.83661,2.54263,Crépuscule ou aube,Hors agglomération,Hors intersection,Normale,Deux véhicules - côté,,,,,,,,,,,2,1,1,1.0,3.0
201700046692,0017-06-20 14:30:00,17,6,20,14,30,770,294,A104,48.97381,2.58901,Plein jour,Hors agglomération,Hors intersection,Normale,Trois véhicules et plus - collisions multiples,,,,,,,,,,,1,1,1,1.0,5.0
201700046693,0017-06-21 12:30:00,17,6,21,12,30,940,18,A4,48.82068,2.40134,Plein jour,Hors agglomération,Hors intersection,Normale,Trois véhicules et plus - en chaîne,,,,,,,,,,,1,1,1,1.0,4.0
201700046694,0017-06-23 14:40:00,17,6,23,14,40,940,17,A4,48.82996,2.48666,Plein jour,Hors agglomération,Hors intersection,Normale,Autre collision,,,,,,,,,,,1,1,1,1.0,6.0
201700046695,0017-06-23 16:30:00,17,6,23,16,30,940,42,A4,48.82691,2.46682,Plein jour,Hors agglomération,Hors intersection,Normale,Deux véhicules - arrière,,,,,,,,,,,1,1,1,1.0,2.0
201700046696,0017-06-23 17:00:00,17,6,23,17,0,940,18,A4,48.82492,2.39295,Plein jour,Hors agglomération,Hors intersection,Normale,Trois véhicules et plus - en chaîne,,,,,,,,,,,1,1,1,1.0,4.0
201700046697,0017-06-26 07:20:00,17,6,26,7,20,770,249,RN104,48.74355,2.61257,Plein jour,Hors agglomération,Hors intersection,Normale,Deux véhicules - côté,,,,,,,,,,,1,1,1,1.0,3.0
201700046698,0017-06-26 08:55:00,17,6,26,8,55,940,18,A4,48.8194,2.41367,Plein jour,Hors agglomération,Hors intersection,Normale,Trois véhicules et plus - en chaîne,,,,,,,,,,,1,1,1,1.0,4.0
201700046699,0017-06-28 07:45:00,17,6,28,7,45,770,373,RN104,,,Plein jour,Hors agglomération,Hors intersection,Normale,Autre collision,,,,,,,,,,,1,1,1,1.0,6.0
201700046700,0017-06-28 12:25:00,17,6,28,12,25,940,17,A4,48.82814,2.5056,Plein jour,Hors agglomération,Hors intersection,Normale,Deux véhicules - arrière,,,,,,,,,,,1,1,1,1.0,2.0
201700046701,0017-06-28 14:40:00,17,6,28,14,40,930,51,A4,48.83569,2.56278,Plein jour,Hors agglomération,Hors intersection,Pluie légère,Deux véhicules - arrière,,,,,,,,,,,1,1,1,2.0,2.0
201700046702,0017-06-28 18:40:00,17,6,28,18,40,770,58,A4,48.83083,2.74583,Plein jour,Hors agglomération,Hors intersection,Pluie forte,Trois véhicules et plus - en chaîne,,,,,,,,,,,1,1,1,3.0,4.0
201700046703,0017-06-29 07:45:00,17,6,29,7,45,940,28,A86 INT,48.793,2.4413,Plein jour,Hors agglomération,Hors intersection,Normale,Deux véhicules - arrière,,,,,,,,,,,1,1,1,1.0,2.0
201700046704,0017-06-30 13:45:00,17,6,30,13,45,770,258,A4.Y,,,Plein jour,Hors agglomération,Hors intersection,Pluie forte,Deux véhicules - arrière,,,,,,,,,,,1,1,1,3.0,2.0
201700046705,0017-07-01 07:30:00,17,7,1,7,30,770,514,A104,48.9325,2.62815,Plein jour,Hors agglomération,Hors intersection,Normale,Trois véhicules et plus - en chaîne,,,,,,,,,,,1,1,1,1.0,4.0
201700046706,0017-07-01 17:40:00,17,7,1,17,40,940,65,A86 INT,48.75481,2.347,Plein jour,Hors agglomération,Hors intersection,Normale,Deux véhicules - arrière,,,,,,,,,,,1,1,1,1.0,2.0
201700046707,0017-07-03 10:45:00,17,7,3,10,45,940,11,RN406.W,48.76304,2.49549,Plein jour,Hors agglomération,Hors intersection,Normale,Autre collision,,,,,,,,,,,1,1,1,1.0,6.0
201700046708,0017-07-03 11:10:00,17,7,3,11,10,940,15,A4,48.82706,2.52342,Plein jour,Hors agglomération,Hors intersection,Normale,Deux véhicules - arrière,,,,,,,,,,,1,1,1,1.0,2.0
201700046709,0017-07-03 17:45:00,17,7,3,17,45,770,146,A4.Y,48.8324,2.66328,Plein jour,Hors agglomération,Hors intersection,Normale,Deux véhicules - arrière,,,,,,,,,,,1,1,1,1.0,2.0
201700046710,0017-07-03 18:35:00,17,7,3,18,35,940,18,A4,,,Plein jour,Hors agglomération,Hors intersection,Normale,Trois véhicules et plus - en chaîne,,,,,,,,,,,1,1,1,1.0,4.0
201700046711,0017-07-04 09:30:00,17,7,4,9,30,770,294,A104,48.97316,2.59112,Plein jour,Hors agglomération,Hors intersection,Normale,Deux véhicules - arrière,,,,,,,,,,,1,1,1,1.0,2.0
201700046712,0017-07-04 10:30:00,17,7,4,10,30,770,517,A104.EXT,48.90496,2.6437,Plein jour,Hors agglomération,Hors intersection,Normale,Trois véhicules et plus - en chaîne,,,,,,,,,,,1,1,1,1.0,4.0
201700046713,0017-07-06 09:00:00,17,7,6,9,0,770,294,A104,48.97225,2.57536,Plein jour,Hors agglomération,Hors intersection,Normale,Deux véhicules - arrière,,,,,,,,,,,1,1,1,1.0,2.0
201700046714,0017-07-06 16:25:00,17,7,6,16,25,750,112,A4,48.82262,2.46298,Plein jour,Hors agglomération,Hors intersection,Normale,Deux véhicules - arrière,,,,,,,,,,,1,1,1,1.0,2.0
201700046715,0017-07-09 12:12:00,17,7,9,12,12,940,73,A86 INT,48.7597,2.3829,Plein jour,Hors agglomération,Hors intersection,Normale,Deux véhicules - arrière,,,,,,,,,,,1,1,1,1.0,2.0
201700046716,0017-07-09 13:05:00,17,7,9,13,5,940,18,A4,48.81777,2.41406,Plein jour,Hors agglomération,Hors intersection,Normale,Deux véhicules - frontale,,,,,,,,,,,1,1,1,1.0,1.0
201700046717,0017-07-10 09:40:00,17,7,10,9,40,940,17,A4,48.82679,2.5126,Plein jour,Hors agglomération,Hors intersection,Pluie forte,Autre collision,,,,,,,,,,,1,1,1,3.0,6.0
201700046718,0017-07-10 09:55:00,17,7,10,9,55,940,22,A86 INT,48.77643,2.42229,Plein jour,Hors agglomération,Hors intersection,Pluie légère,Deux véhicules - arrière,,,,,,,,,,,1,1,1,2.0,2.0
201700046719,0017-07-10 18:30:00,17,7,10,18,30,940,44,RN406.Y,48.7601,2.4871,Plein jour,Hors agglomération,Hors intersection,Pluie forte,Deux véhicules - arrière,,,,,,,,,,,1,1,1,3.0,2.0
201700046720,0017-07-12 19:45:00,17,7,12,19,45,940,33,A86.INT,48.85084,2.49004,Plein jour,Hors agglomération,Hors intersection,Normale,Deux véhicules - arrière,,,,,,,,,,,1,1,1,1.0,2.0
201700046721,0017-07-12 09:00:00,17,7,12,9,0,770,258,A4.Y,48.8304,2.63038,Plein jour,Hors agglomération,Hors intersection,Pluie forte,Autre collision,,,,,,,,,,,1,1,1,3.0,6.0
201700046722,0017-07-13 10:00:00,17,7,13,10,0,770,146,A4.Y,48.8323,2.6606,Plein jour,Hors agglomération,Hors intersection,Normale,Deux véhicules - côté,,,,,,,,,,,1,1,1,1.0,3.0
201700046723,0017-07-13 10:00:00,17,7,13,10,0,770,372,A104,48.8773,2.66824,Plein jour,Hors agglomération,Hors intersection,Normale,Deux véhicules - côté,,,,,,,,,,,1,1,1,1.0,3.0
201700046724,0017-07-13 17:00:00,17,7,13,17,0,940,17,A4,48.82888,2.47945,Plein jour,Hors agglomération,Hors intersection,Normale,Deux véhicules - arrière,,,,,,,,,,,1,1,1,1.0,2.0
201700046725,0017-07-14 23:40:00,17,7,14,23,40,940,46,A86 EXT,48.80132,2.44731,Nuit avec éclairage allumé,Hors agglomération,Hors intersection,Normale,Autre collision,,,,,,,,,,,5,1,1,1.0,6.0
201700046726,0017-07-16 14:00:00,17,7,16,14,0,770,53,RN104,48.6819,2.60314,Plein jour,Hors agglomération,Hors intersection,Normale,Autre collision,,,,,,,,,,,1,1,1,1.0,6.0
201700046727,0017-07-17 13:00:00,17,7,17,13,0,940,22,A86 INT,48.7734,2.40031,Plein jour,Hors agglomération,Hors intersection,Normale,Trois véhicules et plus - en chaîne,,,,,,,,,,,1,1,1,1.0,4.0
201700046728,0017-07-17 15:25:00,17,7,17,15,25,940,42,A4,48.8213,2.46192,Plein jour,Hors agglomération,Hors intersection,Normale,Deux véhicules - frontale,,,,,,,,,,,1,1,1,1.0,1.0
201700046729,0017-07-17 20:00:00,17,7,17,20,0,940,73,A86 EXT,48.7552,2.3829,Plein jour,Hors agglomération,Hors intersection,Normale,Deux véhicules - arrière,,,,,,,,,,,1,1,1,1.0,2.0
201700046730,0017-07-18 02:10:00,17,7,18,2,10,770,514,A104,48.9334,2.62792,Nuit sans éclairage public,Hors agglomération,Hors intersection,Normale,Autre collision,,,,,,,,,,,3,1,1,1.0,6.0
201700046731,0017-07-18 06:30:00,17,7,18,6,30,940,28,A86 INT,48.78955,2.44021,Plein jour,Hors agglomération,Hors intersection,Normale,Trois véhicules et plus - collisions multiples,,,,,,,,,,,1,1,1,1.0,5.0
201700046732,0017-07-20 19:15:00,17,7,20,19,15,940,69,A4,48.81734,2.43119,Plein jour,Hors agglomération,Hors intersection,Normale,Trois véhicules et plus - en chaîne,,,,,,,,,,,1,1,1,1.0,4.0
201700046733,0017-07-22 06:50:00,17,7,22,6,50,750,112,A4,48.8253,2.46404,Plein jour,Hors agglomération,Hors intersection,Normale,Deux véhicules - arrière,,,,,,,,,,,1,1,1,1.0,2.0
201700046734,0017-07-24 07:30:00,17,7,24,7,30,770,337,RN104,48.82953,2.62308,Plein jour,Hors agglomération,Hors intersection,Normale,Autre collision,,,,,,,,,,,1,1,1,1.0,6.0
201700046735,0017-07-24 15:00:00,17,7,24,15,0,770,363,A104,48.91137,2.63532,Plein jour,Hors agglomération,Hors intersection,Pluie légère,Trois véhicules et plus - collisions multiples,,,,,,,,,,,1,1,1,2.0,5.0
201700046736,0017-07-25 16:00:00,17,7,25,16,0,770,258,A4.Y,48.83018,2.62683,Plein jour,Hors agglomération,Intersection en Y,Normale,Autre collision,,,,,,,,,,,1,1,4,1.0,6.0
201700046737,0017-07-26 01:35:00,17,7,26,1,35,940,58,A86.EXT,48.83403,2.49329,Nuit avec éclairage allumé,Hors agglomération,Hors intersection,Normale,Autre collision,,,,,,,,,,,5,1,1,1.0,6.0
201700046738,0017-07-26 07:00:00,17,7,26,7,0,940,17,A4,48.8183,2.456,Plein jour,Hors agglomération,Hors intersection,Normale,Deux véhicules - côté,,,,,,,,,,,1,1,1,1.0,3.0
201700046739,0017-07-26 09:00:00,17,7,26,9,0,940,17,A4,48.8274,2.5072,Plein jour,Hors agglomération,Hors intersection,Normale,Deux véhicules - côté,,,,,,,,,,,1,1,1,1.0,3.0
201700046740,0017-07-26 18:00:00,17,7,26,18,0,940,65,A86 EXT,48.75364,2.36678,Plein jour,Hors agglomération,Hors intersection,Pluie légère,Autre collision,,,,,,,,,,,1,1,1,2.0,6.0
201700046741,0017-07-26 20:30:00,17,7,26,20,30,770,294,A104,48.96855,2.60101,Plein jour,Hors agglomération,Hors intersection,Pluie légère,Trois véhicules et plus - en chaîne,,,,,,,,,,,1,1,1,2.0,4.0
201700046742,0017-07-27 13:30:00,17,7,27,13,30,770,258,A4.Y,48.8308,2.6281,Plein jour,Hors agglomération,Intersection en Y,Pluie légère,Trois véhicules et plus - en chaîne,,,,,,,,,,,1,1,4,2.0,4.0
201700046743,0017-07-27 19:00:00,17,7,27,19,0,940,17,A4,48.8301,2.4879,Plein jour,Hors agglomération,Hors intersection,Normale,Autre collision,,,,,,,,,,,1,1,1,1.0,6.0
201700046744,0017-07-28 08:25:00,17,7,28,8,25,940,18,A4,48.82008,2.40359,Plein jour,Hors agglomération,Hors intersection,Normale,Deux véhicules - côté,,,,,,,,,,,1,1,1,1.0,3.0
201700046745,0017-07-29 01:30:00,17,7,29,1,30,770,121,A4,48.8312,2.68252,Nuit sans éclairage public,Hors agglomération,Hors intersection,Normale,Deux véhicules - arrière,,,,,,,,,,,3,1,1,1.0,2.0
201700046746,0017-07-29 21:40:00,17,7,29,21,40,940,17,A4,48.82755,2.50841,Nuit sans éclairage public,Hors agglomération,Hors intersection,Normale,Trois véhicules et plus - collisions multiples,,,,,,,,,,,3,1,1,1.0,5.0
201700046747,0017-07-31 14:25:00,17,7,31,14,25,940,18,A4,48.81715,2.41702,Plein jour,Hors agglomération,Hors intersection,Normale,Autre collision,,,,,,,,,,,1,1,1,1.0,6.0
201700046748,0017-07-31 16:10:00,17,7,31,16,10,770,251,RN104,48.6446,2.5417,Plein jour,Hors agglomération,Hors intersection,Normale,Trois véhicules et plus - collisions multiples,,,,,,,,,,,1,1,1,1.0,5.0
201700046749,0017-07-31 22:00:00,17,7,31,22,0,750,112,A4,48.8213,2.46146,Nuit avec éclairage allumé,Hors agglomération,Hors intersection,Pluie forte,Autre collision,,,,,,,,,,,5,1,1,3.0,6.0
201700046750,0017-08-01 08:30:00,17,8,1,8,30,940,52,A86.EXT,48.83755,2.49413,Plein jour,Hors agglomération,Hors intersection,Normale,Deux véhicules - arrière,,,,,,,,,,,1,1,1,1.0,2.0
201700046751,0017-08-02 07:50:00,17,8,2,7,50,940,73,A86 INT,48.75357,2.37921,Plein jour,Hors agglomération,Hors intersection,Normale,Sans collision,,,,,,,,,,,1,1,1,1.0,7.0
201700046752,0017-08-02 15:00:00,17,8,2,15,0,770,384,A5b,48.61228,2.63202,Plein jour,Hors agglomération,Hors intersection,Normale,Sans collision,,,,,,,,,,,1,1,1,1.0,7.0
201700046753,0017-08-03 14:10:00,17,8,3,14,10,770,122,RN104,48.6467,2.58515,Plein jour,Hors agglomération,Hors intersection,Normale,Deux véhicules - arrière,,,,,,,,,,,1,1,1,1.0,2.0
201700046754,0017-08-04 04:55:00,17,8,4,4,55,940,65,A86 EXT,,,Nuit avec éclairage non allumé,Hors agglomération,Hors intersection,Normale,Trois véhicules et plus - en chaîne,,,,,,,,,,,4,1,1,1.0,4.0
201700046755,0017-08-04 17:10:00,17,8,4,17,10,940,42,A4,48.82772,2.47195,Plein jour,Hors agglomération,Hors intersection,Normale,Deux véhicules - côté,,,,,,,,,,,1,1,1,1.0,3.0
201700046756,0017-08-05 05:15:00,17,8,5,5,15,940,69,A4,48.81785,2.4361,Nuit avec éclairage allumé,Hors agglomération,Hors intersection,Pluie légère,Deux véhicules - arrière,,,,,,,,,,,5,1,1,2.0,2.0
201700046757,0017-08-05 14:15:00,17,8,5,14,15,770,249,RN104,48.7511,2.6143,Plein jour,Hors agglomération,Hors intersection,Normale,Autre collision,,,,,,,,,,,1,1,1,1.0,6.0
201700046758,0017-08-08 17:30:00,17,8,8,17,30,770,258,A4.W,48.83263,2.65735,Plein jour,Hors agglomération,Hors intersection,Pluie forte,Deux véhicules - arrière,,,,,,,,,,,1,1,1,3.0,2.0
201700046759,0017-08-08 18:00:00,17,8,8,18,0,770,373,RN104,48.79253,2.61769,Plein jour,Hors agglomération,Hors intersection,Pluie légère,Autre collision,,,,,,,,,,,1,1,1,2.0,6.0
201700046760,0017-08-08 19:45:00,17,8,8,19,45,770,258,A4.Y,48.82997,2.6245,Plein jour,Hors agglomération,Hors intersection,Normale,Deux véhicules - côté,,,,,,,,,,,1,1,1,1.0,3.0
201700046761,0017-08-08 20:15:00,17,8,8,20,15,940,73,A86 INT,,,Plein jour,Hors agglomération,Hors intersection,Normale,Trois véhicules et plus - en chaîne,,,,,,,,,,,1,1,1,1.0,4.0
201700046762,0017-08-10 21:00:00,17,8,10,21,0,940,73,A86 INT,48.76777,2.37844,Nuit avec éclairage non allumé,Hors agglomération,Hors intersection,Pluie légère,Autre collision,,,,,,,,,,,4,1,1,2.0,6.0
201700046763,0017-08-10 21:00:00,17,8,10,21,0,940,73,A86 EXT,48.76777,2.37844,Nuit sans éclairage public,Hors agglomération,Hors intersection,Pluie légère,Autre collision,,,,,,,,,,,3,1,1,2.0,6.0
201700046764,0017-08-11 20:45:00,17,8,11,20,45,940,28,RN406.Y,48.77656,2.44171,Crépuscule ou aube,Hors agglomération,Hors intersection,Normale,Sans collision,,,,,,,,,,,2,1,1,1.0,7.0