accident_id,datetime,annee,mois,jour,heure,minute,departement,commune_insee,adresse,latitude,longitude,luminosite,agglomeration,intersection,meteo,collision,nb_vehicules,nb_usagers,nb_indemnes,nb_tues,nb_blesses_hosp,nb_blesses_legers,age_cond_1,age_cond_2,veh_type_cond_1,veh_type_cond_2,lum_code,agg_code,int_code,atm_code,col_code
201700046892,0017-10-20 08:00:00,17,10,20,8,0,940,18,A4,48.82071,2.40132,Plein jour,Hors agglomération,Hors intersection,Pluie légère,Deux véhicules - arrière,,,,,,,,,,,1,1,1,2.0,2.0
201700046893,0017-10-20 08:20:00,17,10,20,8,20,940,69,A4,48.81742,2.42955,Plein jour,Hors agglomération,Hors intersection,Normale,Trois véhicules et plus - en chaîne,,,,,,,,,,,1,1,1,1.0,4.0
201700046894,0017-10-20 15:00:00,17,10,20,15,0,770,58,A4,48.82928,2.74044,Plein jour,Hors agglomération,Hors intersection,Normale,Deux véhicules - côté,,,,,,,,,,,1,1,1,1.0,3.0
201700046895,0017-10-20 17:00:00,17,10,20,17,0,940,69,A4,48.81725,2.44182,Plein jour,Hors agglomération,Hors intersection,Normale,Deux véhicules - arrière,,,,,,,,,,,1,1,1,1.0,2.0
201700046896,0017-10-20 17:55:00,17,10,20,17,55,940,33,A86.INT,,,Crépuscule ou aube,Hors agglomération,Hors intersection,Normale,Trois véhicules et plus - collisions multiples,,,,,,,,,,,2,1,1,1.0,5.0
201700046897,0017-10-20 18:10:00,17,10,20,18,10,940,74,RN406.W,48.76816,2.4513,Plein jour,Hors agglomération,Hors intersection,Normale,Deux véhicules - arrière,,,,,,,,,,,1,1,1,1.0,2.0
201700046898,0017-10-21 07:20:00,17,10,21,7,20,940,65,A86 EXT,,,Nuit avec éclairage allumé,Hors agglomération,Hors intersection,Normale,Sans collision,,,,,,,,,,,5,1,1,1.0,7.0
201700046899,0017-10-21 15:00:00,17,10,21,15,0,750,112,A4,48.82012,2.4602,Plein jour,Hors agglomération,Hors intersection,Normale,Autre collision,,,,,,,,,,,1,1,1,1.0,6.0
201700046900,0017-10-22 21:10:00,17,10,22,21,10,940,17,A4,48.8275,2.52361,Nuit sans éclairage public,Hors agglomération,Hors intersection,Pluie légère,Trois véhicules et plus - en chaîne,,,,,,,,,,,3,1,1,2.0,4.0
201700046901,0017-10-23 00:45:00,17,10,23,0,45,770,249,RN104,48.7558,2.61535,Nuit sans éclairage public,Hors agglomération,Hors intersection,Pluie légère,Sans collision,,,,,,,,,,,3,1,1,2.0,7.0
201700046902,0017-10-23 05:45:00,17,10,23,5,45,770,58,A4,48.82946,2.74125,Nuit sans éclairage public,Hors agglomération,Hors intersection,Pluie légère,Autre collision,,,,,,,,,,,3,1,1,2.0,6.0
201700046903,0017-10-23 14:00:00,17,10,23,14,0,940,17,A4,48.83032,2.4888,Plein jour,Hors agglomération,Hors intersection,Normale,Deux véhicules - arrière,,,,,,,,,,,1,1,1,1.0,2.0
201700046904,0017-10-24 03:20:00,17,10,24,3,20,770,122,RN104,48.64718,2.56629,Nuit sans éclairage public,Hors agglomération,Hors intersection,Normale,Sans collision,,,,,,,,,,,3,1,1,1.0,7.0
201700046905,0017-10-24 10:10:00,17,10,24,10,10,940,17,A4,48.82921,2.48024,Plein jour,Hors agglomération,Hors intersection,Pluie légère,Deux véhicules - côté,,,,,,,,,,,1,1,1,2.0,3.0
201700046906,0017-10-24 12:35:00,17,10,24,12,35,940,44,RN406.W,48.75723,2.47619,Plein jour,Hors agglomération,Hors intersection,Pluie légère,Autre collision,,,,,,,,,,,1,1,1,2.0,6.0
201700046907,0017-10-25 08:30:00,17,10,25,8,30,940,28,A86 EXT,48.78298,2.44081,Plein jour,Hors agglomération,Hors intersection,Pluie légère,Deux véhicules - arrière,,,,,,,,,,,1,1,1,2.0,2.0
201700046908,0017-10-25 19:00:00,17,10,25,19,0,770,363,A104,48.91757,2.633,Crépuscule ou aube,Hors agglomération,Hors intersection,Normale,Trois véhicules et plus - en chaîne,,,,,,,,,,,2,1,1,1.0,4.0
201700046909,0017-10-26 16:15:00,17,10,26,16,15,770,294,A104,48.97195,2.59354,Plein jour,Hors agglomération,Hors intersection,Normale,Deux véhicules - arrière,,,,,,,,,,,1,1,1,1.0,2.0
201700046910,0017-10-26 19:00:00,17,10,26,19,0,940,73,A86 EXT,48.77329,2.40052,Crépuscule ou aube,Hors agglomération,Hors intersection,Temps couvert,Deux véhicules - côté,,,,,,,,,,,2,1,1,8.0,3.0
201700046911,0017-10-27 14:30:00,17,10,27,14,30,940,17,A4,48.82815,2.50425,Plein jour,Hors agglomération,Hors intersection,Normale,Autre collision,,,,,,,,,,,1,1,1,1.0,6.0
201700046912,0017-10-27 17:20:00,17,10,27,17,20,940,15,A4,48.83192,2.5316,Plein jour,Hors agglomération,Hors intersection,Normale,Deux véhicules - côté,,,,,,,,,,,1,1,1,1.0,3.0
201700046913,0017-10-27 20:15:00,17,10,27,20,15,940,69,A4,48.81746,2.42693,Nuit avec éclairage allumé,Hors agglomération,Hors intersection,Normale,Trois véhicules et plus - en chaîne,,,,,,,,,,,5,1,1,1.0,4.0
201700046914,0017-10-28 16:00:00,17,10,28,16,0,770,175,RN104,48.66639,2.61291,Plein jour,Hors agglomération,Hors intersection,Normale,Deux véhicules - arrière,,,,,,,,,,,1,1,1,1.0,2.0
201700046915,0017-10-29 19:40:00,17,10,29,19,40,940,17,A4,,,Nuit sans éclairage public,Hors agglomération,Hors intersection,Normale,Autre collision,,,,,,,,,,,3,1,1,1.0,6.0
201700046916,0017-10-31 07:25:00,17,10,31,7,25,940,18,A4,48.81978,2.40446,Crépuscule ou aube,Hors agglomération,Hors intersection,Normale,Deux véhicules - arrière,,,,,,,,,,,2,1,1,1.0,2.0
201700046917,0017-10-31 16:20:00,17,10,31,16,20,940,46,A86 EXT,48.80625,2.44889,Plein jour,Hors agglomération,Hors intersection,Normale,Autre collision,,,,,,,,,,,1,1,1,1.0,6.0
201700046918,0017-10-31 20:20:00,17,10,31,20,20,940,33,A86.EXT,48.854,2.48946,Nuit avec éclairage allumé,Hors agglomération,Hors intersection,Normale,Deux véhicules - arrière,,,,,,,,,,,5,1,1,1.0,2.0
201700046919,0017-11-03 19:30:00,17,11,3,19,30,940,28,A86 EXT,,,Nuit sans éclairage public,Hors agglomération,Hors intersection,Normale,Deux véhicules - arrière,,,,,,,,,,,3,1,1,1.0,2.0
201700046920,0017-11-04 05:00:00,17,11,4,5,0,940,28,A86 INT,48.77848,2.45392,Nuit sans éclairage public,Hors agglomération,Hors intersection,Normale,Deux véhicules - côté,,,,,,,,,,,3,1,1,1.0,3.0
201700046921,0017-11-05 14:15:00,17,11,5,14,15,770,373,RN104,48.78154,2.61618,Plein jour,Hors agglomération,Hors intersection,Normale,Trois véhicules et plus - en chaîne,,,,,,,,,,,1,1,1,1.0,4.0
201700046922,0017-11-05 16:20:00,17,11,5,16,20,940,17,A4,48.8291,2.4997,Plein jour,Hors agglomération,Hors intersection,Normale,Deux véhicules - frontale,,,,,,,,,,,1,1,1,1.0,1.0
201700046923,0017-11-05 16:15:00,17,11,5,16,15,940,17,A4,48.8282,2.5032,Plein jour,Hors agglomération,Hors intersection,Normale,Autre collision,,,,,,,,,,,1,1,1,1.0,6.0
201700046924,0017-11-05 23:30:00,17,11,5,23,30,770,294,A104,48.96981,2.5986,Nuit sans éclairage public,Hors agglomération,Hors intersection,Normale,Trois véhicules et plus - en chaîne,,,,,,,,,,,3,1,1,1.0,4.0
201700046925,0017-11-06 13:30:00,17,11,6,13,30,940,15,A4,48.8292,2.5216,Plein jour,Hors agglomération,Hors intersection,Normale,Deux véhicules - arrière,,,,,,,,,,,1,1,1,1.0,2.0
201700046926,0017-11-07 18:30:00,17,11,7,18,30,770,258,A4.W,48.8308,2.63464,Nuit sans éclairage public,Hors agglomération,Hors intersection,Normale,Deux véhicules - côté,,,,,,,,,,,3,1,1,1.0,3.0
201700046927,0017-11-07 19:45:00,17,11,7,19,45,770,438,A104,48.85447,2.66357,Nuit sans éclairage public,Hors agglomération,Hors intersection,Normale,Deux véhicules - côté,,,,,,,,,,,3,1,1,1.0,3.0
201700046928,0017-11-08 13:10:00,17,11,8,13,10,940,69,A86 EXT,48.81668,2.44654,Plein jour,Hors agglomération,Hors intersection,Normale,Deux véhicules - arrière,,,,,,,,,,,1,1,1,1.0,2.0
201700046929,0017-11-09 08:45:00,17,11,9,8,45,940,69,A4,48.81742,2.43996,Plein jour,Hors agglomération,Hors intersection,Normale,Trois véhicules et plus - en chaîne,,,,,,,,,,,1,1,1,1.0,4.0
201700046930,0017-11-09 17:50:00,17,11,9,17,50,940,73,A86 EXT,48.7685,2.3789,Crépuscule ou aube,Hors agglomération,Hors intersection,Normale,Trois véhicules et plus - en chaîne,,,,,,,,,,,2,1,1,1.0,4.0
201700046931,0017-11-10 18:30:00,17,11,10,18,30,930,51,A4,48.83661,2.5517,Nuit sans éclairage public,Hors agglomération,Hors intersection,Normale,Deux véhicules - arrière,,,,,,,,,,,3,1,1,1.0,2.0
201700046932,0017-11-10 18:39:00,17,11,10,18,39,940,28,A86 EXT,,,Nuit avec éclairage allumé,Hors agglomération,Hors intersection,Normale,Trois véhicules et plus - en chaîne,,,,,,,,,,,5,1,1,1.0,4.0
201700046933,0017-11-11 01:15:00,17,11,11,1,15,930,51,A4,48.83606,2.55367,Nuit sans éclairage public,Hors agglomération,Hors intersection,Normale,Trois véhicules et plus - collisions multiples,,,,,,,,,,,3,1,1,1.0,5.0
201700046934,0017-11-11 09:30:00,17,11,11,9,30,770,294,A104,48.9905,2.61681,Plein jour,Hors agglomération,Hors intersection,Pluie forte,Deux véhicules - frontale,,,,,,,,,,,1,1,1,3.0,1.0
201700046935,0017-11-11 13:05:00,17,11,11,13,5,940,42,A4,48.83024,2.48871,Plein jour,Hors agglomération,Hors intersection,Pluie légère,Deux véhicules - côté,,,,,,,,,,,1,1,1,2.0,3.0
201700046936,0017-11-11 15:30:00,17,11,11,15,30,940,46,A86 EXT,48.8112,2.4494,Plein jour,Hors agglomération,Hors intersection,Pluie légère,Deux véhicules - arrière,,,,,,,,,,,1,1,1,2.0,2.0
201700046937,0017-11-12 03:40:00,17,11,12,3,40,770,294,A104,48.96716,2.60465,Nuit sans éclairage public,Hors agglomération,Hors intersection,Pluie légère,Deux véhicules - arrière,,,,,,,,,,,3,1,1,2.0,2.0
201700046938,0017-11-12 10:20:00,17,11,12,10,20,770,337,RN104,48.83055,2.62407,Plein jour,Hors agglomération,Hors intersection,Pluie légère,Autre collision,,,,,,,,,,,1,1,1,2.0,6.0
201700046939,0017-11-12 14:40:00,17,11,12,14,40,770,258,A4.Y,48.83003,2.62412,Plein jour,Hors agglomération,Hors intersection,Pluie forte,Deux véhicules - côté,,,,,,,,,,,1,1,1,3.0,3.0
201700046940,0017-11-12 15:00:00,17,11,12,15,0,940,52,A86.EXT,48.83789,2.49513,Plein jour,Hors agglomération,Hors intersection,Normale,Sans collision,,,,,,,,,,,1,1,1,1.0,7.0
201700046941,0017-11-12 16:40:00,17,11,12,16,40,940,11,RN406.W,48.75956,2.4804,Plein jour,Hors agglomération,Hors intersection,Pluie légère,Sans collision,,,,,,,,,,,1,1,1,2.0,7.0
201700046942,0017-11-13 08:15:00,17,11,13,8,15,940,15,A4,48.8365,2.5428,Crépuscule ou aube,Hors agglomération,Hors intersection,Normale,Deux véhicules - arrière,,,,,,,,,,,2,1,1,1.0,2.0
201700046943,0017-11-13 11:00:00,17,11,13,11,0,770,294,A104,48.97281,2.59082,Plein jour,Hors agglomération,Hors intersection,Normale,Trois véhicules et plus - en chaîne,,,,,,,,,,,1,1,1,1.0,4.0
201700046944,0017-11-13 17:15:00,17,11,13,17,15,940,69,A4,,,Nuit avec éclairage allumé,Hors agglomération,Hors intersection,Normale,Trois véhicules et plus - en chaîne,,,,,,,,,,,5,1,1,1.0,4.0
201700046945,0017-11-14 06:40:00,17,11,14,6,40,770,83,A4.W,48.8325,2.59808,Nuit avec éclairage allumé,Hors agglomération,Hors intersection,Normale,Deux véhicules - arrière,,,,,,,,,,,5,1,1,1.0,2.0
201700046946,0017-11-14 07:40:00,17,11,14,7,40,940,17,A4,,,Plein jour,Hors agglomération,Hors intersection,Normale,Deux véhicules - arrière,,,,,,,,,,,1,1,1,1.0,2.0
201700046947,0017-11-14 10:15:00,17,11,14,10,15,940,73,A86 INT,48.7708,2.3877,Plein jour,Hors agglomération,Hors intersection,Normale,Deux véhicules - côté,,,,,,,,,,,1,1,1,1.0,3.0
201700046948,0017-11-14 16:30:00,17,11,14,16,30,940,22,A86 EXT,48.76252,2.40872,Plein jour,Hors agglomération,Hors intersection,Normale,Trois véhicules et plus - en chaîne,,,,,,,,,,,1,1,1,1.0,4.0
201700046949,0017-11-14 16:45:00,17,11,14,16,45,770,175,RN104,48.65329,2.63348,Plein jour,Hors agglomération,Hors intersection,Normale,Autre collision,,,,,,,,,,,1,1,1,1.0,6.0
201700046950,0017-11-15 21:30:00,17,11,15,21,30,770,18,A4,48.83429,2.80058,Nuit sans éclairage public,Hors agglomération,Hors intersection,Normale,Trois véhicules et plus - collisions multiples,,,,,,,,,,,3,1,1,1.0,5.0
201700046951,0017-11-16 00:30:00,17,11,16,0,30,940,73,A86 EXT,48.466,2.2244,Nuit avec éclairage allumé,Hors agglomération,Hors intersection,Normale,Autre collision,,,,,,,,,,,5,1,1,1.0,6.0
201700046952,0017-11-16 14:00:00,17,11,16,14,0,940,73,A86 INT,,,Plein jour,Hors agglomération,Hors intersection,Normale,Deux véhicules - frontale,,,,,,,,,,,1,1,1,1.0,1.0
201700046953,0017-11-16 14:55:00,17,11,16,14,55,770,169,RN104,48.82063,2.61555,Plein jour,Hors agglomération,Hors intersection,Normale,Deux véhicules - arrière,,,,,,,,,,,1,1,1,1.0,2.0
201700046954,0017-11-16 17:40:00,17,11,16,17,40,940,28,A86 EXT,48.7814,2.44118,Plein jour,Hors agglomération,Hors intersection,Normale,Deux véhicules - côté,,,,,,,,,,,1,1,1,1.0,3.0
201700046955,0017-11-16 23:40:00,17,11,16,23,40,940,46,A86 INT,48.79907,2.44559,Nuit avec éclairage allumé,Hors agglomération,Hors intersection,Normale,Sans collision,,,,,,,,,,,5,1,1,1.0,7.0
201700046956,0017-11-17 09:00:00,17,11,17,9,0,770,517,A104,48.91038,2.66692,Plein jour,Hors agglomération,Hors intersection,Normale,Trois véhicules et plus - en chaîne,,,,,,,,,,,1,1,1,1.0,4.0
201700046957,0017-11-18 15:00:00,17,11,18,15,0,770,373,RN104,48.80518,2.62854,Plein jour,Hors agglomération,Hors intersection,Normale,Deux véhicules - arrière,,,,,,,,,,,1,1,1,1.0,2.0
201700046958,0017-11-18 16:25:00,17,11,18,16,25,770,121,A104,48.83616,2.66504,Plein jour,Hors agglomération,Hors intersection,Normale,Deux véhicules - arrière,,,,,,,,,,,1,1,1,1.0,2.0
201700046959,0017-11-18 19:00:00,17,11,18,19,0,940,52,A86 INT,48.84641,2.49126,Crépuscule ou aube,Hors agglomération,Hors intersection,Normale,Deux véhicules - arrière,,,,,,,,,,,2,1,1,1.0,2.0
201700046960,0017-11-22 09:30:00,17,11,22,9,30,930,51,A4,48.8363,2.5536,Plein jour,Hors agglomération,Hors intersection,Normale,Deux véhicules - arrière,,,,,,,,,,,1,1,1,1.0,2.0
201700046961,0017-11-22 14:30:00,17,11,22,14,30,770,249,RN104,48.73411,2.61086,Plein jour,Hors agglomération,Hors intersection,Normale,Trois véhicules et plus - en chaîne,,,,,,,,,,,1,1,1,1.0,4.0
201700046962,0017-11-22 14:10:00,17,11,22,14,10,770,514,A104,48.94146,2.6283,Plein jour,Hors agglomération,Hors intersection,Normale,Trois véhicules et plus - en chaîne,,,,,,,,,,,1,1,1,1.0,4.0
201700046963,0017-11-22 16:30:00,17,11,22,16,30,940,65,A86 INT,48.75516,2.34476,Crépuscule ou aube,Hors agglomération,Hors intersection,Normale,Trois véhicules et plus - collisions multiples,,,,,,,,,,,2,1,1,1.0,5.0
201700046964,0017-11-22 17:15:00,17,11,22,17,15,770,121,A4,48.8309,2.6878,Crépuscule ou aube,Hors agglomération,Hors intersection,Normale,Trois véhicules et plus - en chaîne,,,,,,,,,,,2,1,1,1.0,4.0
201700046965,0017-11-23 05:30:00,17,11,23,5,30,770,251,RN104,48.63102,2.55233,Nuit sans éclairage public,Hors agglomération,Hors intersection,Normale,Autre collision,,,,,,,,,,,3,1,1,1.0,6.0
201700046966,0017-11-23 08:00:00,17,11,23,8,0,940,18,A4,48.82044,2.41626,Crépuscule ou aube,Hors agglomération,Hors intersection,Normale,Autre collision,,,,,,,,,,,2,1,1,1.0,6.0
201700046967,0017-11-23 18:15:00,17,11,23,18,15,940,58,A86.EXT,,,Nuit sans éclairage public,Hors agglomération,Hors intersection,Normale,Deux véhicules - arrière,,,,,,,,,,,3,1,1,1.0,2.0
201700046968,0017-11-24 08:55:00,17,11,24,8,55,770,121,A4,48.83181,2.68756,Plein jour,Hors agglomération,Hors intersection,Normale,Autre collision,,,,,,,,,,,1,1,1,1.0,6.0
201700046969,0017-11-24 18:00:00,17,11,24,18,0,940,73,A86 EXT,48.77053,2.38638,Nuit avec éclairage non allumé,Hors agglomération,Hors intersection,Normale,Autre collision,,,,,,,,,,,4,1,1,1.0,6.0
201700046970,0017-11-25 13:00:00,17,11,25,13,0,940,17,A4,,,Plein jour,Hors agglomération,Hors intersection,Pluie légère,Trois véhicules et plus - en chaîne,,,,,,,,,,,1,1,1,2.0,4.0
201700046971,0017-11-25 14:10:00,17,11,25,14,10,940,15,A4,48.827,2.5234,Plein jour,Hors agglomération,Hors intersection,Pluie légère,Sans collision,,,,,,,,,,,1,1,1,2.0,7.0
201700046972,0017-11-27 08:10:00,17,11,27,8,10,770,363,A104,48.92741,2.62839,Plein jour,Hors agglomération,Hors intersection,Normale,Trois véhicules et plus - collisions multiples,,,,,,,,,,,1,1,1,1.0,5.0
201700046973,0017-11-27 18:10:00,17,11,27,18,10,770,514,A104,48.94065,2.62841,Nuit sans éclairage public,Hors agglomération,Hors intersection,Pluie légère,Deux véhicules - côté,,,,,,,,,,,3,1,1,2.0,3.0
201700046974,0017-11-28 16:40:00,17,11,28,16,40,930,51,A4,48.83646,2.54249,Plein jour,Hors agglomération,Hors intersection,Pluie légère,Deux véhicules - arrière,,,,,,,,,,,1,1,1,2.0,2.0
201700046975,0017-11-28 16:40:00,17,11,28,16,40,930,51,A4,48.83649,2.54643,Crépuscule ou aube,Hors agglomération,Hors intersection,Pluie légère,Trois véhicules et plus - en chaîne,,,,,,,,,,,2,1,1,2.0,4.0
201700046976,0017-11-28 16:20:00,17,11,28,16,20,770,59,A104,48.84642,2.66205,Plein jour,Hors agglomération,Hors intersection,Pluie légère,Autre collision,,,,,,,,,,,1,1,1,2.0,6.0
201700046977,0017-11-28 23:45:00,17,11,28,23,45,770,181,A4,48.83038,2.6969,Nuit avec éclairage non allumé,Hors agglomération,Hors intersection,Normale,Trois véhicules et plus - en chaîne,,,,,,,,,,,4,1,1,1.0,4.0
201700046978,0017-11-29 07:00:00,17,11,29,7,0,940,17,A4,48.81289,2.5085,Crépuscule ou aube,Hors agglomération,Hors intersection,Normale,Autre collision,,,,,,,,,,,2,1,1,1.0,6.0
201700046979,0017-11-29 18:45:00,17,11,29,18,45,940,18,A4,48.82037,2.40182,Nuit sans éclairage public,Hors agglomération,Hors intersection,Normale,Trois véhicules et plus - collisions multiples,,,,,,,,,,,3,1,1,1.0,5.0
201700046980,0017-11-29 23:00:00,17,11,29,23,0,770,372,A104,48.8667,2.67032,Nuit avec éclairage allumé,Hors agglomération,Hors intersection,Normale,Autre collision,,,,,,,,,,,5,1,1,1.0,6.0
201700046981,0017-11-30 21:45:00,17,11,30,21,45,940,42,A4,48.83055,2.47222,Nuit avec éclairage allumé,Hors agglomération,Hors intersection,Neige / grêle,Autre collision,,,,,,,,,,,5,1,1,4.0,6.0
201700046982,0017-12-02 11:50:00,17,12,2,11,50,770,337,RN104,48.82972,2.6241,Plein jour,Hors agglomération,Hors intersection,Normale,Sans collision,,,,,,,,,,,1,1,1,1.0,7.0
201700046983,0017-12-02 12:30:00,17,12,2,12,30,940,18,A4,48.81757,2.41534,Plein jour,Hors agglomération,Hors intersection,Normale,Autre collision,,,,,,,,,,,1,1,1,1.0,6.0
201700046984,0017-12-02 13:15:00,17,12,2,13,15,940,52,A86 INT,48.84028,2.49036,Plein jour,Hors agglomération,Hors intersection,Normale,Autre collision,,,,,,,,,,,1,1,1,1.0,6.0
201700046985,0017-12-02 15:20:00,17,12,2,15,20,770,175,RN104,48.65329,2.6335,Plein jour,Hors agglomération,Hors intersection,Normale,Deux véhicules - côté,,,,,,,,,,,1,1,1,1.0,3.0
201700046986,0017-12-02 17:55:00,17,12,2,17,55,750,112,A4,48.8192,2.4584,Nuit sans éclairage public,Hors agglomération,Hors intersection,Normale,Deux véhicules - côté,,,,,,,,,,,3,1,1,1.0,3.0
201700046987,0017-12-04 18:30:00,17,12,4,18,30,940,65,A86 INT,48.75373,2.36771,Nuit sans éclairage public,Hors agglomération,Hors intersection,Normale,Autre collision,,,,,,,,,,,3,1,1,1.0,6.0
201700046988,0017-12-05 06:30:00,17,12,5,6,30,770,146,A4.Y,48.83241,2.66104,Nuit sans éclairage public,Hors agglomération,Hors intersection,Normale,Sans collision,,,,,,,,,,,3,1,1,1.0,7.0
201700046989,0017-12-06 13:23:00,17,12,6,13,23,940,17,A4,48.82915,2.48025,Plein jour,Hors agglomération,Hors intersection,Normale,Deux véhicules - arrière,,,,,,,,,,,1,1,1,1.0,2.0
201700046990,0017-12-06 18:00:00,17,12,6,18,0,940,73,A86 INT,48.76093,2.3824,Nuit avec éclairage allumé,Hors agglomération,Hors intersection,Normale,Trois véhicules et plus - en chaîne,,,,,,,,,,,5,1,1,1.0,4.0
201700046991,0017-12-07 11:20:00,17,12,7,11,20,770,294,A104,48.96883,2.60025,Plein jour,Hors agglomération,Hors intersection,Pluie légère,Deux véhicules - côté,,,,,,,,,,,1,1,1,2.0,3.0
201700046992,0017-12-07 15:03:00,17,12,7,15,3,940,22,A86 EXT,48.77402,2.40829,Plein jour,Hors agglomération,Hors intersection,Normale,Trois véhicules et plus - en chaîne,,,,,,,,,,,1,1,1,1.0,4.0
201700046993,0017-12-08 06:55:00,17,12,8,6,55,770,175,RN104,48.66957,2.61223,Nuit sans éclairage public,Hors agglomération,Hors intersection,Pluie forte,Trois véhicules et plus - en chaîne,,,,,,,,,,,3,1,1,3.0,4.0
201700046994,0017-12-08 07:30:00,17,12,8,7,30,940,52,A86 INT,,,Nuit avec éclairage non allumé,Hors agglomération,Hors intersection,Pluie légère,Sans collision,,,,,,,,,,,4,1,1,2.0,7.0
201700046995,0017-12-08 17:50:00,17,12,8,17,50,770,495,A5b,48.56552,2.6122,Nuit sans éclairage public,Hors agglomération,Hors intersection,Normale,Autre collision,,,,,,,,,,,3,1,1,1.0,6.0
201700046996,0017-12-10 12:00:00,17,12,10,12,0,940,18,A4,48.8177,2.4118,Plein jour,Hors agglomération,Hors intersection,Pluie légère,Trois véhicules et plus - collisions multiples,,,,,,,,,,,1,1,1,2.0,5.0
201700046997,0017-12-10 15:50:00,17,12,10,15,50,940,17,A4,,,Plein jour,Hors agglomération,Hors intersection,Normale,Autre collision,,,,,,,,,,,1,1,1,1.0,6.0
201700046998,0017-12-11 18:40:00,17,12,11,18,40,940,17,A4,48.83017,2.49404,Nuit sans éclairage public,Hors agglomération,Hors intersection,Vent fort / tempête,Autre collision,,,,,,,,,,,3,1,1,6.0,6.0
201700046999,0017-12-12 08:10:00,17,12,12,8,10,940,17,A4,48.8279,2.5047,Crépuscule ou aube,Hors agglomération,Hors intersection,Temps couvert,Autre collision,,,,,,,,,,,2,1,1,8.0,6.0
201700047000,0017-12-12 18:50:00,17,12,12,18,50,940,28,A86 EXT,48.77624,2.43554,Nuit avec éclairage allumé,Hors agglomération,Hors intersection,Normale,Deux véhicules - arrière,,,,,,,,,,,5,1,1,1.0,2.0
201700047001,0017-12-13 05:40:00,17,12,13,5,40,770,122,RN104,48.6464,2.6014,Nuit sans éclairage public,Hors agglomération,Hors intersection,Pluie légère,Deux véhicules - arrière,,,,,,,,,,,3,1,1,2.0,2.0
201700047002,0017-12-13 05:10:00,17,12,13,5,10,940,28,A86 EXT,48.78122,2.44265,Nuit sans éclairage public,Hors agglomération,Hors intersection,Normale,Autre collision,,,,,,,,,,,3,1,1,1.0,6.0
201700047003,0017-12-13 08:00:00,17,12,13,8,0,940,28,A86 EXT,48.77604,2.42808,Plein jour,Hors agglomération,Hors intersection,Pluie légère,Trois véhicules et plus - en chaîne,,,,,,,,,,,1,1,1,2.0,4.0
201700047004,0017-12-13 08:00:00,17,12,13,8,0,940,69,A4,48.81722,2.44583,Plein jour,Hors agglomération,Hors intersection,Pluie légère,Sans collision,,,,,,,,,,,1,1,1,2.0,7.0
201700047005,0017-12-13 10:50:00,17,12,13,10,50,940,17,A4,48.8299,2.48562,Plein jour,Hors agglomération,Hors intersection,Pluie légère,Sans collision,,,,,,,,,,,1,1,1,2.0,7.0
201700047006,0017-12-13 11:00:00,17,12,13,11,0,770,294,A104,48.9708,2.5956,Plein jour,Hors agglomération,Hors intersection,Pluie légère,Deux véhicules - arrière,,,,,,,,,,,1,1,1,2.0,2.0
201700047007,0017-12-14 00:35:00,17,12,14,0,35,940,73,A86 EXT,48.77027,2.38775,Nuit avec éclairage allumé,Hors agglomération,Hors intersection,Pluie forte,Deux véhicules - arrière,,,,,,,,,,,5,1,1,3.0,2.0
201700047008,0017-12-14 11:10:00,17,12,14,11,10,940,17,A4,48.82589,2.52284,Plein jour,Hors agglomération,Hors intersection,Normale,Trois véhicules et plus - collisions multiples,,,,,,,,,,,1,1,1,1.0,5.0
201700047009,0017-12-14 11:30:00,17,12,14,11,30,940,17,A4,48.82821,2.39228,Plein jour,Hors agglomération,Hors intersection,Normale,Deux véhicules - arrière,,,,,,,,,,,1,1,1,1.0,2.0
201700047010,0017-12-14 13:15:00,17,12,14,13,15,940,79,A4,48.8261,2.5395,Plein jour,Hors agglomération,Hors intersection,Pluie légère,Trois véhicules et plus - en chaîne,,,,,,,,,,,1,1,1,2.0,4.0
201700047011,0017-12-14 20:10:00,17,12,14,20,10,940,18,A4,42.8205,2.4167,Nuit sans éclairage public,Hors agglomération,Hors intersection,Pluie légère,Deux véhicules - arrière,,,,,,,,,,,3,1,1,2.0,2.0
201700047012,0017-12-15 19:15:00,17,12,15,19,15,940,17,A86.INT,48.83,2.4903,Nuit avec éclairage allumé,Hors agglomération,Hors intersection,Normale,Deux véhicules - arrière,,,,,,,,,,,5,1,1,1.0,2.0
201700047013,0017-12-16 22:00:00,17,12,16,22,0,940,69,A4,48.81788,2.44786,Nuit sans éclairage public,Hors agglomération,Hors intersection,Pluie légère,Autre collision,,,,,,,,,,,3,1,1,2.0,6.0
201700047014,0017-12-17 08:00:00,17,12,17,8,0,770,258,A4.W,48.83069,2.63175,Nuit sans éclairage public,Hors agglomération,Hors intersection,Pluie légère,Autre collision,,,,,,,,,,,3,1,1,2.0,6.0
201700047015,0017-12-17 14:00:00,17,12,17,14,0,770,175,RN104,48.67398,2.61102,Plein jour,Hors agglomération,Hors intersection,Normale,Autre collision,,,,,,,,,,,1,1,1,1.0,6.0
201700047016,0017-12-17 14:00:00,17,12,17,14,0,770,373,RN104,48.8039,2.6274,Plein jour,Hors agglomération,Hors intersection,Temps couvert,Sans collision,,,,,,,,,,,1,1,1,8.0,7.0