accident_id,datetime,annee,mois,jour,heure,minute,departement,commune_insee,adresse,latitude,longitude,luminosite,agglomeration,intersection,meteo,collision,nb_vehicules,nb_usagers,nb_indemnes,nb_tues,nb_blesses_hosp,nb_blesses_legers,age_cond_1,age_cond_2,veh_type_cond_1,veh_type_cond_2,lum_code,agg_code,int_code,atm_code,col_code
201700047017,0017-12-17 18:00:00,17,12,17,18,0,940,28,A86 INT,48.77732,2.43092,Plein jour,Hors agglomération,Hors intersection,Normale,Sans collision,,,,,,,,,,,1,1,1,1.0,7.0
201700047018,0017-12-17 23:30:00,17,12,17,23,30,940,18,A4,,,Nuit avec éclairage allumé,Hors agglomération,Hors intersection,Pluie forte,Autre collision,,,,,,,,,,,5,1,1,3.0,6.0
201700047019,0017-12-18 07:45:00,17,12,18,7,45,940,69,A4,48.81687,2.45166,Crépuscule ou aube,Hors agglomération,Hors intersection,Normale,Autre collision,,,,,,,,,,,2,1,1,1.0,6.0
201700047020,0017-12-18 07:30:00,17,12,18,7,30,940,33,A86.INT,48.8503,2.4902,Nuit sans éclairage public,Hors agglomération,Hors intersection,Pluie légère,Deux véhicules - arrière,,,,,,,,,,,3,1,1,2.0,2.0
201700047021,0017-12-18 14:35:00,17,12,18,14,35,770,514,A104,48.94976,2.62867,Plein jour,Hors agglomération,Hors intersection,Normale,Deux véhicules - côté,,,,,,,,,,,1,1,1,1.0,3.0
201700047022,0017-12-18 19:15:00,17,12,18,19,15,770,58,A4,48.8289,2.73027,Nuit sans éclairage public,Hors agglomération,Hors intersection,Normale,Deux véhicules - arrière,,,,,,,,,,,3,1,1,1.0,2.0
201700047023,0017-12-19 07:00:00,17,12,19,7,0,940,28,A86 EXT,48.80612,2.44897,Nuit sans éclairage public,Hors agglomération,Hors intersection,Normale,Deux véhicules - arrière,,,,,,,,,,,3,1,1,1.0,2.0
201700047024,0017-12-19 17:30:00,17,12,19,17,30,940,17,A4,48.8275,2.5186,Crépuscule ou aube,Hors agglomération,Hors intersection,Normale,Autre collision,,,,,,,,,,,2,1,1,1.0,6.0
201700047025,0017-12-21 17:00:00,17,12,21,17,0,940,65,A86 EXT,48.7547,2.3468,Nuit avec éclairage allumé,Hors agglomération,Hors intersection,Pluie légère,Deux véhicules - arrière,,,,,,,,,,,5,1,1,2.0,2.0
201700047026,0017-12-22 18:30:00,17,12,22,18,30,940,33,A86.EXT,48.85603,2.48923,Crépuscule ou aube,Hors agglomération,Hors intersection,Normale,Deux véhicules - arrière,,,,,,,,,,,2,1,1,1.0,2.0
201700047027,0017-12-24 09:00:00,17,12,24,9,0,930,51,A4,48.86352,2.57405,Plein jour,Hors agglomération,Hors intersection,Normale,Autre collision,,,,,,,,,,,1,1,1,1.0,6.0
201700047028,0017-12-24 12:45:00,17,12,24,12,45,770,373,RN104,48.80103,2.62527,Plein jour,Hors agglomération,Hors intersection,Normale,Deux véhicules - côté,,,,,,,,,,,1,1,1,1.0,3.0
201700047029,0017-12-24 14:39:00,17,12,24,14,39,940,46,A86 EXT,,,Plein jour,Hors agglomération,Hors intersection,Pluie légère,Deux véhicules - arrière,,,,,,,,,,,1,1,1,2.0,2.0
201700047030,0017-12-25 05:15:00,17,12,25,5,15,940,73,A86 EXT,48.7566,2.38406,Nuit sans éclairage public,Hors agglomération,Hors intersection,Pluie légère,Deux véhicules - arrière,,,,,,,,,,,3,1,1,2.0,2.0
201700047031,0017-12-26 12:25:00,17,12,26,12,25,770,258,A4.Y,48.83,2.62448,Plein jour,Hors agglomération,Hors intersection,Normale,Deux véhicules - côté,,,,,,,,,,,1,1,1,1.0,3.0
201700047032,0017-12-27 12:50:00,17,12,27,12,50,930,51,A4,,,Plein jour,Hors agglomération,Hors intersection,Normale,Deux véhicules - côté,,,,,,,,,,,1,1,1,1.0,3.0
201700047033,0017-12-28 13:48:00,17,12,28,13,48,770,122,RN104,48.64444,2.6,Plein jour,Hors agglomération,Hors intersection,Normale,Deux véhicules - frontale,,,,,,,,,,,1,1,1,1.0,1.0
201700047034,0017-12-28 17:30:00,17,12,28,17,30,750,112,A4,48.82424,2.46335,Crépuscule ou aube,Hors agglomération,Hors intersection,Normale,Deux véhicules - côté,,,,,,,,,,,2,1,1,1.0,3.0
201700047035,0017-12-30 07:00:00,17,12,30,7,0,770,249,RN104,48.76118,2.61586,Nuit sans éclairage public,Hors agglomération,Hors intersection,Pluie légère,Autre collision,,,,,,,,,,,3,1,1,2.0,6.0
201700047036,0017-12-30 07:00:00,17,12,30,7,0,770,294,A104,48.9736,2.57857,Nuit sans éclairage public,Hors agglomération,Hors intersection,Pluie légère,Autre collision,,,,,,,,,,,3,1,1,2.0,6.0
201700047037,0017-12-30 09:50:00,17,12,30,9,50,770,337,RN104,48.82776,2.61694,Plein jour,Hors agglomération,Hors intersection,Pluie légère,Autre collision,,,,,,,,,,,1,1,1,2.0,6.0
201700047038,0017-12-30 14:20:00,17,12,30,14,20,770,249,RN104,48.75833,2.61517,Plein jour,Hors agglomération,Hors intersection,Pluie légère,Deux véhicules - côté,,,,,,,,,,,1,1,1,2.0,3.0
201700047039,0017-12-31 06:00:00,17,12,31,6,0,930,51,A4,48.83611,2.54138,Nuit sans éclairage public,Hors agglomération,Hors intersection,Pluie légère,Autre collision,,,,,,,,,,,3,1,1,2.0,6.0
201700047040,0017-12-31 06:30:00,17,12,31,6,30,770,53,RN104,48.67679,2.60993,Nuit sans éclairage public,Hors agglomération,Hors intersection,Normale,Autre collision,,,,,,,,,,,3,1,1,1.0,6.0
201700047041,0017-01-01 06:40:00,17,1,1,6,40,930,10,AUTOROUTE A3,48.88893,2.47376,Nuit sans éclairage public,Hors agglomération,Hors intersection,Normale,Autre collision,,,,,,,,,,,3,1,1,1.0,6.0
201700047042,0017-01-02 14:00:00,17,1,2,14,0,950,607,AUTOROUTE A115,,,Plein jour,Hors agglomération,Hors intersection,Normale,Deux véhicules - arrière,,,,,,,,,,,1,1,1,1.0,2.0
201700047043,0017-01-02 14:10:00,17,1,2,14,10,920,36,AUTOROUTE A15,,,Plein jour,Hors agglomération,Hors intersection,Pluie légère,Autre collision,,,,,,,,,,,1,1,1,2.0,6.0
201700047044,0017-01-02 15:30:00,17,1,2,15,30,930,78,AUTOROUTE A104,48.96366,2.52133,Plein jour,Hors agglomération,Hors intersection,Normale,Autre collision,,,,,,,,,,,1,1,1,1.0,6.0
201700047045,0017-01-02 23:03:00,17,1,2,23,3,930,66,AUTOROUTE A1,48.92812,2.35799,Nuit sans éclairage public,Hors agglomération,Hors intersection,Brouillard / fumée,Autre collision,,,,,,,,,,,3,1,1,5.0,6.0
201700047046,0017-01-04 19:45:00,17,1,4,19,45,930,10,AUTOROUTE A3,48.88936,2.47384,Plein jour,Hors agglomération,Hors intersection,Normale,Trois véhicules et plus - en chaîne,,,,,,,,,,,1,1,1,1.0,4.0
201700047047,0017-01-05 04:25:00,17,1,5,4,25,930,78,AUTOROUTE A104,48.9587,2.52689,Nuit avec éclairage non allumé,Hors agglomération,Hors intersection,Normale,Autre collision,,,,,,,,,,,4,1,1,1.0,6.0
201700047048,0017-01-04 11:10:00,17,1,4,11,10,930,53,AUTOROUTE A86,48.88402,2.47156,Plein jour,Hors agglomération,Hors intersection,Temps couvert,Deux véhicules - côté,,,,,,,,,,,1,1,1,8.0,3.0
201700047049,0017-01-05 09:10:00,17,1,5,9,10,930,66,AUTOROUTE A1,48.93231,2.37315,Plein jour,Hors agglomération,Hors intersection,Normale,Trois véhicules et plus - en chaîne,,,,,,,,,,,1,1,1,1.0,4.0
201700047050,0017-01-05 18:20:00,17,1,5,18,20,950,306,AUTOROUTE A15,,,Plein jour,Hors agglomération,Hors intersection,Normale,Deux véhicules - côté,,,,,,,,,,,1,1,1,1.0,3.0
201700047051,0017-01-05 19:00:00,17,1,5,19,0,930,66,AUTOROUTE A1,48.9079,2.35818,Plein jour,Hors agglomération,Hors intersection,Normale,Autre collision,,,,,,,,,,,1,1,1,1.0,6.0
201700047052,0017-01-06 02:25:00,17,1,6,2,25,930,27,AUTOROUTE A86,48.92451,2.39,Nuit avec éclairage non allumé,Hors agglomération,Hors intersection,Normale,Sans collision,,,,,,,,,,,4,1,1,1.0,7.0
201700047053,0017-01-06 09:50:00,17,1,6,9,50,930,63,AUTOROUTE A3,48.87836,2.44648,Plein jour,Hors agglomération,Hors intersection,Normale,Trois véhicules et plus - en chaîne,,,,,,,,,,,1,1,1,1.0,4.0
201700047054,0017-01-06 13:35:00,17,1,6,13,35,600,631,AUTOROUTE A1,49.14195,2.57264,Plein jour,Hors agglomération,Hors intersection,Normale,Deux véhicules - arrière,,,,,,,,,,,1,1,1,1.0,2.0
201700047055,0017-01-06 22:50:00,17,1,6,22,50,950,28,RN 104,,,Nuit sans éclairage public,Hors agglomération,Hors intersection,Autre,Autre collision,,,,,,,,,,,3,1,1,9.0,6.0
201700047056,0017-01-07 00:30:00,17,1,7,0,30,950,572,ROUTE NATIONALE 184,,,Nuit sans éclairage public,Hors agglomération,Hors intersection,Normale,Trois véhicules et plus - collisions multiples,,,,,,,,,,,3,1,1,1.0,5.0
201700047057,0017-01-07 06:00:00,17,1,7,6,0,950,572,AUTOROUTE A15,,,Nuit sans éclairage public,Hors agglomération,Hors intersection,Normale,Deux véhicules - arrière,,,,,,,,,,,3,1,1,1.0,2.0
201700047058,0017-01-07 08:00:00,17,1,7,8,0,950,582,AUTOROUTE A15,,,Plein jour,Hors agglomération,Hors intersection,Normale,Autre collision,,,,,,,,,,,1,1,1,1.0,6.0
201700047059,0017-01-06 18:10:00,17,1,6,18,10,950,252,AUTOROUTE A15,,,Nuit sans éclairage public,Hors agglomération,Hors intersection,Normale,Trois véhicules et plus - en chaîne,,,,,,,,,,,3,1,1,1.0,4.0
201700047060,0017-01-08 04:00:00,17,1,8,4,0,930,10,AUTOROUTE A3,48.88893,2.47376,Nuit sans éclairage public,Hors agglomération,Hors intersection,Pluie légère,Deux véhicules - arrière,,,,,,,,,,,3,1,1,2.0,2.0
201700047061,0017-01-08 23:00:00,17,1,8,23,0,950,678,ROUTE NATIONALE 184,,,Nuit sans éclairage public,Hors agglomération,Hors intersection,Brouillard / fumée,Deux véhicules - arrière,,,,,,,,,,,3,1,1,5.0,2.0
201700047062,0017-01-07 20:00:00,17,1,7,20,0,930,10,AUTOROUTE A3,48.88936,2.47384,Nuit sans éclairage public,Hors agglomération,Hors intersection,Normale,Autre collision,,,,,,,,,,,3,1,1,1.0,6.0
201700047063,0017-01-09 08:05:00,17,1,9,8,5,930,27,AUTOROUTE A1,48.93447,2.39766,Crépuscule ou aube,Hors agglomération,Hors intersection,Normale,Deux véhicules - arrière,,,,,,,,,,,2,1,1,1.0,2.0
201700047064,0017-01-08 19:00:00,17,1,8,19,0,930,64,AUTOROUTE A3,48.88378,2.46676,Nuit sans éclairage public,Hors agglomération,Hors intersection,Normale,Trois véhicules et plus - en chaîne,,,,,,,,,,,3,1,1,1.0,4.0
201700047065,0017-01-08 19:30:00,17,1,8,19,30,930,8,AUTOROUTE A86,48.91232,2.43801,Nuit avec éclairage allumé,Hors agglomération,Intersection en Y,Temps couvert,Autre collision,,,,,,,,,,,5,1,4,8.0,6.0
201700047066,0017-01-09 13:00:00,17,1,9,13,0,930,48,AUTOROUTE A3,48.87235,2.43439,Plein jour,Hors agglomération,Hors intersection,Normale,Trois véhicules et plus - collisions multiples,,,,,,,,,,,1,1,1,1.0,5.0
201700047067,0017-01-08 18:05:00,17,1,8,18,5,920,36,AUTOROUTE A15,,,Crépuscule ou aube,Hors agglomération,Hors intersection,Temps couvert,Deux véhicules - côté,,,,,,,,,,,2,1,1,8.0,3.0
201700047068,0017-01-10 08:50:00,17,1,10,8,50,950,42,RN 104,,,Plein jour,Hors agglomération,Hors intersection,Pluie légère,Autre collision,,,,,,,,,,,1,1,1,2.0,6.0
201700047069,0017-01-10 11:30:00,17,1,10,11,30,950,18,AUTOROUTE A15,,,Plein jour,Hors agglomération,Hors intersection,Normale,Trois véhicules et plus - collisions multiples,,,,,,,,,,,1,1,1,1.0,5.0
201700047070,0017-01-11 16:10:00,17,1,11,16,10,950,365,RN 104,,,Plein jour,Hors agglomération,Hors intersection,Normale,Autre collision,,,,,,,,,,,1,1,1,1.0,6.0
201700047071,0017-01-11 16:50:00,17,1,11,16,50,950,277,AUTOROUTE A1,,,Crépuscule ou aube,Hors agglomération,Hors intersection,Pluie légère,Trois véhicules et plus - en chaîne,,,,,,,,,,,2,1,1,2.0,4.0
201700047072,0017-01-12 07:30:00,17,1,12,7,30,930,53,AUTOROUTE A86,48.88629,2.47358,Nuit sans éclairage public,Hors agglomération,Intersection en Y,Normale,Trois véhicules et plus - en chaîne,,,,,,,,,,,3,1,4,1.0,4.0
201700047073,0017-01-12 08:00:00,17,1,12,8,0,950,18,AUTOROUTE A15,,,Nuit sans éclairage public,Hors agglomération,Hors intersection,Normale,Deux véhicules - arrière,,,,,,,,,,,3,1,1,1.0,2.0
201700047074,0017-01-13 06:30:00,17,1,13,6,30,930,27,AUTOROUTE A1,48.93397,2.3834,Nuit sans éclairage public,Hors agglomération,Hors intersection,Pluie légère,Autre collision,,,,,,,,,,,3,1,1,2.0,6.0
201700047075,0017-01-13 23:55:00,17,1,13,23,55,950,424,AUTOROUTE A15,,,Nuit sans éclairage public,Hors agglomération,Hors intersection,Normale,Sans collision,,,,,,,,,,,3,1,1,1.0,7.0
201700047076,0017-01-14 00:45:00,17,1,14,0,45,950,154,AUTOROUTE A1,49.0459,2.5459,Nuit sans éclairage public,Hors agglomération,Hors intersection,Pluie légère,Deux véhicules - côté,,,,,,,,,,,3,1,1,2.0,3.0
201700047077,0017-01-09 12:37:00,17,1,9,12,37,920,36,ROUTE NATIONALE 315,,,Plein jour,Hors agglomération,Hors intersection,Normale,Trois véhicules et plus - en chaîne,,,,,,,,,,,1,1,1,1.0,4.0
201700047078,0017-01-14 08:20:00,17,1,14,8,20,930,53,AUTOROUTE A3,48.89614,2.4705,Nuit sans éclairage public,Hors agglomération,Hors intersection,Normale,Sans collision,,,,,,,,,,,3,1,1,1.0,7.0
201700047079,0017-01-14 15:45:00,17,1,14,15,45,950,488,AUTOROUTE A15,,,Plein jour,Hors agglomération,Hors intersection,Temps couvert,Deux véhicules - côté,,,,,,,,,,,1,1,1,8.0,3.0
201700047080,0017-01-14 14:30:00,17,1,14,14,30,930,7,AUTOROUTE A3,48.9172,2.47813,Plein jour,Hors agglomération,Hors intersection,Normale,Trois véhicules et plus - en chaîne,,,,,,,,,,,1,1,1,1.0,4.0
201700047081,0017-01-09 09:30:00,17,1,9,9,30,950,252,AUTOROUTE A15,,,Plein jour,Hors agglomération,Hors intersection,Normale,Deux véhicules - arrière,,,,,,,,,,,1,1,1,1.0,2.0
201700047082,0017-01-13 13:00:00,17,1,13,13,0,930,64,AUTOROUTE A86,48.87834,2.47687,Plein jour,Hors agglomération,Hors intersection,Normale,Deux véhicules - côté,,,,,,,,,,,1,1,1,1.0,3.0
201700047083,0017-01-14 09:45:00,17,1,14,9,45,950,641,AUTOROUTE A1,,,Plein jour,Hors agglomération,Hors intersection,Normale,Autre collision,,,,,,,,,,,1,1,1,1.0,6.0
201700047084,0017-01-14 09:45:00,17,1,14,9,45,950,641,AUTOROUTE A1,,,Plein jour,Hors agglomération,Hors intersection,Normale,Deux véhicules - côté,,,,,,,,,,,1,1,1,1.0,3.0
201700047085,0017-01-14 15:30:00,17,1,14,15,30,950,42,RN 104,,,Plein jour,Hors agglomération,Hors intersection,Normale,Autre collision,,,,,,,,,,,1,1,1,1.0,6.0
201700047086,0017-01-15 04:10:00,17,1,15,4,10,930,10,AUTOROUTE A3,48.88902,2.47396,Nuit avec éclairage non allumé,Hors agglomération,Hors intersection,Autre,Autre collision,,,,,,,,,,,4,1,1,9.0,6.0
201700047087,0017-01-16 08:50:00,17,1,16,8,50,950,219,AUTOROUTE A115,,,Plein jour,Hors agglomération,Hors intersection,Pluie légère,Deux véhicules - côté,,,,,,,,,,,1,1,1,2.0,3.0
201700047088,0017-01-15 16:00:00,17,1,15,16,0,920,36,AUTOROUTE A86,,,Plein jour,Hors agglomération,Hors intersection,Pluie légère,Sans collision,,,,,,,,,,,1,1,1,2.0,7.0
201700047089,0017-01-16 10:10:00,17,1,16,10,10,930,27,AUTOROUTE A86,48.92656,2.40308,Plein jour,Hors agglomération,Hors intersection,Normale,Trois véhicules et plus - en chaîne,,,,,,,,,,,1,1,1,1.0,4.0
201700047090,0017-01-16 22:00:00,17,1,16,22,0,930,27,AUTOROUTE A86,48.92775,2.40983,Nuit sans éclairage public,Hors agglomération,Hors intersection,Normale,Autre collision,,,,,,,,,,,3,1,1,1.0,6.0
201700047091,0017-01-16 09:35:00,17,1,16,9,35,950,582,AUTOROUTE A15,,,Plein jour,Hors agglomération,Hors intersection,Normale,Autre collision,,,,,,,,,,,1,1,1,1.0,6.0
201700047092,0017-01-17 09:05:00,17,1,17,9,5,930,13,AUTOROUTE A1,48.93873,2.41622,Plein jour,Hors agglomération,Hors intersection,Normale,Deux véhicules - arrière,,,,,,,,,,,1,1,1,1.0,2.0
201700047093,0017-01-17 08:40:00,17,1,17,8,40,930,6,AUTOROUTE A3,,,Plein jour,Hors agglomération,Hors intersection,Normale,Deux véhicules - arrière,,,,,,,,,,,1,1,1,1.0,2.0
201700047094,0017-01-17 16:25:00,17,1,17,16,25,950,212,AUTOROUTE A1,,,Plein jour,Hors agglomération,Hors intersection,Normale,Deux véhicules - arrière,,,,,,,,,,,1,1,1,1.0,2.0
201700047095,0017-01-17 19:10:00,17,1,17,19,10,930,29,AUTOROUTE A86,48.92129,2.42754,Nuit avec éclairage allumé,Hors agglomération,Hors intersection,Normale,Deux véhicules - côté,,,,,,,,,,,5,1,1,1.0,3.0
201700047096,0017-01-18 07:50:00,17,1,18,7,50,950,488,AUTOROUTE A15,,,Nuit sans éclairage public,Hors agglomération,Hors intersection,Normale,Deux véhicules - arrière,,,,,,,,,,,3,1,1,1.0,2.0
201700047097,0017-01-06 20:50:00,17,1,6,20,50,920,36,AUTOROUTE A86,,,Nuit sans éclairage public,Hors agglomération,Hors intersection,Normale,Deux véhicules - côté,,,,,,,,,,,3,1,1,1.0,3.0
201700047098,0017-01-18 23:45:00,17,1,18,23,45,930,10,AUTOROUTE A3,48.88633,2.47306,Nuit sans éclairage public,Hors agglomération,Hors intersection,Normale,Autre collision,,,,,,,,,,,3,1,1,1.0,6.0
201700047099,0017-01-18 11:10:00,17,1,18,11,10,930,27,AUTOROUTE A86,48.92796,2.41116,Plein jour,Hors agglomération,Hors intersection,Normale,Deux véhicules - arrière,,,,,,,,,,,1,1,1,1.0,2.0
201700047100,0017-01-19 09:00:00,17,1,19,9,0,950,527,AUTOROUTE A1,,,Plein jour,Hors agglomération,Hors intersection,Normale,Autre collision,,,,,,,,,,,1,1,1,1.0,6.0
201700047101,0017-01-18 19:30:00,17,1,18,19,30,930,48,AUTOROUTE A3,48.87301,2.43528,Nuit sans éclairage public,Hors agglomération,Hors intersection,Normale,Deux véhicules - arrière,,,,,,,,,,,3,1,1,1.0,2.0
201700047102,0017-01-20 22:45:00,17,1,20,22,45,930,78,AUTOROUTE A104,48.96165,2.54465,Nuit sans éclairage public,Hors agglomération,Hors intersection,Normale,Trois véhicules et plus - collisions multiples,,,,,,,,,,,3,1,1,1.0,5.0
201700047103,0017-01-21 05:30:00,17,1,21,5,30,950,424,AUTOROUTE A15,,,Nuit sans éclairage public,Hors agglomération,Hors intersection,Normale,Sans collision,,,,,,,,,,,3,1,1,1.0,7.0
201700047104,0017-01-21 21:50:00,17,1,21,21,50,930,8,AUTOROUTE A86,48.89938,2.46927,Nuit sans éclairage public,Hors agglomération,Hors intersection,Normale,Deux véhicules - arrière,,,,,,,,,,,3,1,1,1.0,2.0
201700047105,0017-01-21 23:05:00,17,1,21,23,5,930,53,AUTOROUTE A3,48.88336,2.45795,Nuit sans éclairage public,Hors agglomération,Hors intersection,Normale,Autre collision,,,,,,,,,,,3,1,1,1.0,6.0
201700047106,0017-01-22 19:10:00,17,1,22,19,10,930,78,AUTOROUTE A104,48.95793,2.53073,Nuit sans éclairage public,Hors agglomération,Hors intersection,Normale,Autre collision,,,,,,,,,,,3,1,1,1.0,6.0
201700047107,0017-01-22 18:45:00,17,1,22,18,45,930,8,AUTOROUTE A86,48.90582,2.46245,Nuit sans éclairage public,Hors agglomération,Hors intersection,Normale,Deux véhicules - arrière,,,,,,,,,,,3,1,1,1.0,2.0
201700047108,0017-01-22 09:50:00,17,1,22,9,50,600,494,AUTOROUTE A1,49.11432,2.55419,Plein jour,Hors agglomération,Hors intersection,Normale,Autre collision,,,,,,,,,,,1,1,1,1.0,6.0
201700047109,0017-01-23 13:50:00,17,1,23,13,50,950,252,AUTOROUTE A15,,,Plein jour,Hors agglomération,Hors intersection,Normale,Autre collision,,,,,,,,,,,1,1,1,1.0,6.0
201700047110,0017-01-23 17:45:00,17,1,23,17,45,950,252,AUTOROUTE A15,,,Crépuscule ou aube,Hors agglomération,Hors intersection,Normale,Autre collision,,,,,,,,,,,2,1,1,1.0,6.0
201700047111,0017-01-23 17:00:00,17,1,23,17,0,950,572,AUTOROUTE A15,,,Crépuscule ou aube,Hors agglomération,Hors intersection,Normale,Autre collision,,,,,,,,,,,2,1,1,1.0,6.0
201700047112,0017-01-24 00:10:00,17,1,24,0,10,930,5,AUTOROUTE A3,48.91983,2.47901,Nuit sans éclairage public,Hors agglomération,Hors intersection,Normale,Deux véhicules - arrière,,,,,,,,,,,3,1,1,1.0,2.0
201700047113,0017-01-23 20:30:00,17,1,23,20,30,920,36,AUTOROUTE A15,,,Nuit sans éclairage public,Hors agglomération,Hors intersection,Normale,Deux véhicules - arrière,,,,,,,,,,,3,1,1,1.0,2.0
201700047114,0017-01-21 08:30:00,17,1,21,8,30,950,641,AUTOROUTE A1,,,Nuit avec éclairage allumé,Hors agglomération,Hors intersection,Normale,Sans collision,,,,,,,,,,,5,1,1,1.0,7.0
201700047115,0017-01-15 09:30:00,17,1,15,9,30,950,582,AUTOROUTE A15,,,Plein jour,Hors agglomération,Hors intersection,Normale,Trois véhicules et plus - en chaîne,,,,,,,,,,,1,1,1,1.0,4.0
201700047116,0017-01-24 21:30:00,17,1,24,21,30,950,572,ROUTE NATIONALE 184,,,Nuit sans éclairage public,Hors agglomération,Hors intersection,Pluie légère,Deux véhicules - arrière,,,,,,,,,,,3,1,1,2.0,2.0
201700047117,0017-01-25 08:30:00,17,1,25,8,30,930,29,AUTOROUTE A86,48.91868,2.4285,Plein jour,Hors agglomération,Hors intersection,Temps couvert,Sans collision,,,,,,,,,,,1,1,1,8.0,7.0
201700047118,0017-01-18 13:50:00,17,1,18,13,50,930,10,AUTOROUTE A3,48.9002,2.46973,Plein jour,Hors agglomération,Hors intersection,Normale,Deux véhicules - arrière,,,,,,,,,,,1,1,1,1.0,2.0
201700047119,0017-01-24 19:30:00,17,1,24,19,30,930,5,AUTOROUTE A3,48.92596,2.48123,Plein jour,Hors agglomération,Hors intersection,Normale,Deux véhicules - arrière,,,,,,,,,,,1,1,1,1.0,2.0
201700047120,0017-01-24 20:30:00,17,1,24,20,30,930,64,AUTOROUTE A86,48.86507,2.4818,Nuit sans éclairage public,Hors agglomération,Hors intersection,Normale,Trois véhicules et plus - en chaîne,,,,,,,,,,,3,1,1,1.0,4.0
201700047121,0017-01-24 18:30:00,17,1,24,18,30,920,78,AUTOROUTE A86,,,Nuit sans éclairage public,Hors agglomération,Hors intersection,Normale,Deux véhicules - arrière,,,,,,,,,,,3,1,1,1.0,2.0
201700047122,0017-01-26 07:00:00,17,1,26,7,0,930,48,AUTOROUTE A1086,,,Crépuscule ou aube,Hors agglomération,Hors intersection,Normale,Deux véhicules - arrière,,,,,,,,,,,2,1,1,1.0,2.0
201700047123,0017-01-28 19:00:00,17,1,28,19,0,950,582,AUTOROUTE A115,,,Nuit sans éclairage public,Hors agglomération,Hors intersection,Normale,Deux véhicules - arrière,,,,,,,,,,,3,1,1,1.0,2.0
201700047124,0017-01-28 22:25:00,17,1,28,22,25,930,66,AUTOROUTE A1,48.9052,2.35842,Nuit avec éclairage allumé,Hors agglomération,Hors intersection,Normale,Deux véhicules - côté,,,,,,,,,,,5,1,1,1.0,3.0
201700047125,0017-01-29 10:15:00,17,1,29,10,15,930,5,AUTOROUTE A1,48.96056,2.46797,Plein jour,Hors agglomération,Hors intersection,Normale,Autre collision,,,,,,,,,,,1,1,1,1.0,6.0
201700047126,0017-01-29 16:52:00,17,1,29,16,52,950,394,ROUTE NATIONALE 184,,,Plein jour,Hors agglomération,Hors intersection,Normale,Autre collision,,,,,,,,,,,1,1,1,1.0,6.0
201700047127,0017-01-29 22:40:00,17,1,29,22,40,930,27,AUTOROUTE A86,48.92786,2.40959,Nuit sans éclairage public,Hors agglomération,Hors intersection,Pluie légère,Sans collision,,,,,,,,,,,3,1,1,2.0,7.0
201700047128,0017-01-30 08:50:00,17,1,30,8,50,930,27,AUTOROUTE A1,48.93472,2.39824,Plein jour,Hors agglomération,Hors intersection,Pluie légère,Deux véhicules - arrière,,,,,,,,,,,1,1,1,2.0,2.0
201700047129,0017-01-30 08:30:00,17,1,30,8,30,920,36,AUTOROUTE A15,,,Plein jour,Hors agglomération,Hors intersection,Normale,Sans collision,,,,,,,,,,,1,1,1,1.0,7.0
201700047130,0017-01-30 09:10:00,17,1,30,9,10,950,424,AUTOROUTE A15,,,Plein jour,Hors agglomération,Hors intersection,Pluie légère,Deux véhicules - arrière,,,,,,,,,,,1,1,1,2.0,2.0
201700047131,0017-01-30 10:50:00,17,1,30,10,50,930,5,AUTOROUTE A3,48.96017,2.47352,Plein jour,Hors agglomération,Hors intersection,Pluie légère,Deux véhicules - arrière,,,,,,,,,,,1,1,1,2.0,2.0
201700047132,0017-01-30 07:54:00,17,1,30,7,54,950,28,RN 104,,,Plein jour,Hors agglomération,Hors intersection,Pluie légère,Trois véhicules et plus - en chaîne,,,,,,,,,,,1,1,1,2.0,4.0
201700047133,0017-01-30 13:00:00,17,1,30,13,0,930,48,AUTOROUTE A3,48.87155,2.4326,Plein jour,Hors agglomération,Hors intersection,Pluie légère,Trois véhicules et plus - en chaîne,,,,,,,,,,,1,1,1,2.0,4.0
201700047134,0017-01-30 12:10:00,17,1,30,12,10,950,252,AUTOROUTE A15,,,Plein jour,Hors agglomération,Hors intersection,Normale,Autre collision,,,,,,,,,,,1,1,1,1.0,6.0
201700047135,0017-01-31 10:25:00,17,1,31,10,25,950,572,ROUTE NATIONALE 184,,,Plein jour,Hors agglomération,Hors intersection,Normale,Deux véhicules - côté,,,,,,,,,,,1,1,1,1.0,3.0
201700047136,0017-01-31 09:00:00,17,1,31,9,0,950,252,AUTOROUTE A15,,,Plein jour,Hors agglomération,Hors intersection,Pluie légère,Autre collision,,,,,,,,,,,1,1,1,2.0,6.0
201700047137,0017-01-31 11:40:00,17,1,31,11,40,920,78,AUTOROUTE A86,,,Plein jour,Hors agglomération,Hors intersection,Normale,Sans collision,,,,,,,,,,,1,1,1,1.0,7.0
201700047138,0017-01-31 13:40:00,17,1,31,13,40,920,78,AUTOROUTE A86,,,Plein jour,Hors agglomération,Hors intersection,Normale,Autre collision,,,,,,,,,,,1,1,1,1.0,6.0
201700047139,0017-01-31 14:10:00,17,1,31,14,10,930,27,AUTOROUTE A86,48.92851,2.41337,Plein jour,Hors agglomération,Hors intersection,Normale,Autre collision,,,,,,,,,,,1,1,1,1.0,6.0
201700047140,0017-01-31 16:20:00,17,1,31,16,20,930,63,AUTOROUTE A3,48.87944,2.44943,Plein jour,Hors agglomération,Hors intersection,Normale,Deux véhicules - côté,,,,,,,,,,,1,1,1,1.0,3.0
201700047141,0017-01-27 05:40:00,17,1,27,5,40,930,5,AUTOROUTE A1,48.95884,2.46493,Nuit sans éclairage public,Hors agglomération,Hors intersection,Normale,Deux véhicules - côté,,,,,,,,,,,3,1,1,1.0,3.0