accident_id,datetime,annee,mois,jour,heure,minute,departement,commune_insee,adresse,latitude,longitude,luminosite,agglomeration,intersection,meteo,collision,nb_vehicules,nb_usagers,nb_indemnes,nb_tues,nb_blesses_hosp,nb_blesses_legers,age_cond_1,age_cond_2,veh_type_cond_1,veh_type_cond_2,lum_code,agg_code,int_code,atm_code,col_code
201700047142,0017-01-31 14:50:00,17,1,31,14,50,930,10,AUTOROUTE A3,48.89841,2.46957,Plein jour,Hors agglomération,Hors intersection,Normale,Trois véhicules et plus - collisions multiples,,,,,,,,,,,1,1,1,1.0,5.0
201700047143,0017-02-01 20:40:00,17,2,1,20,40,950,277,AUTOROUTE A104,48.9735,2.4859,Nuit sans éclairage public,Hors agglomération,Hors intersection,Normale,Deux véhicules - arrière,,,,,,,,,,,3,1,1,1.0,2.0
201700047144,0017-02-01 20:40:00,17,2,1,20,40,950,277,AUTOROUTE A104,48.9735,2.4859,Nuit sans éclairage public,Hors agglomération,Hors intersection,Normale,Deux véhicules - côté,,,,,,,,,,,3,1,1,1.0,3.0
201700047145,0017-02-02 17:40:00,17,2,2,17,40,950,18,AUTOROUTE A15,,,Crépuscule ou aube,Hors agglomération,Hors intersection,Normale,Deux véhicules - arrière,,,,,,,,,,,2,1,1,1.0,2.0
201700047146,0017-02-02 17:45:00,17,2,2,17,45,950,18,AUTOROUTE A15,,,Plein jour,Hors agglomération,Hors intersection,Normale,Trois véhicules et plus - en chaîne,,,,,,,,,,,1,1,1,1.0,4.0
201700047147,0017-02-03 18:00:00,17,2,3,18,0,930,66,AUTOROUTE A1,48.919,2.35729,Crépuscule ou aube,Hors agglomération,Hors intersection,Normale,Deux véhicules - arrière,,,,,,,,,,,2,1,1,1.0,2.0
201700047148,0017-02-03 21:20:00,17,2,3,21,20,950,527,AUTOROUTE A3,,,Nuit sans éclairage public,Hors agglomération,Hors intersection,Pluie légère,Autre collision,,,,,,,,,,,3,1,1,2.0,6.0
201700047149,0017-02-03 23:30:00,17,2,3,23,30,930,10,AUTOROUTE A3,48.90712,2.47249,Nuit sans éclairage public,Hors agglomération,Hors intersection,Normale,Trois véhicules et plus - en chaîne,,,,,,,,,,,3,1,1,1.0,4.0
201700047150,0017-02-04 13:20:00,17,2,4,13,20,950,18,AUTOROUTE A15,,,Plein jour,Hors agglomération,Hors intersection,Pluie légère,Deux véhicules - arrière,,,,,,,,,,,1,1,1,2.0,2.0
201700047151,0017-02-05 12:10:00,17,2,5,12,10,920,36,AUTOROUTE A86,,,Plein jour,Hors agglomération,Hors intersection,Normale,Autre collision,,,,,,,,,,,1,1,1,1.0,6.0
201700047152,0017-02-06 10:00:00,17,2,6,10,0,930,1,AUTOROUTE A86,48.92117,2.37073,Plein jour,Hors agglomération,Hors intersection,Normale,Deux véhicules - arrière,,,,,,,,,,,1,1,1,1.0,2.0
201700047153,0017-02-07 04:30:00,17,2,7,4,30,930,48,AUTOROUTE A1086,48.87485,2.44352,Nuit sans éclairage public,Hors agglomération,Hors intersection,Pluie légère,Autre collision,,,,,,,,,,,3,1,1,2.0,6.0
201700047154,0017-02-06 23:20:00,17,2,6,23,20,950,277,AUTOROUTE A3,48.9699,2.4822,Nuit sans éclairage public,Hors agglomération,Hors intersection,Pluie forte,Autre collision,,,,,,,,,,,3,1,1,3.0,6.0
201700047155,0017-01-27 13:00:00,17,1,27,13,0,930,64,AUTOROUTE A3,48.88378,2.46676,Plein jour,Hors agglomération,Hors intersection,Normale,Sans collision,,,,,,,,,,,1,1,1,1.0,7.0
201700047156,0017-02-07 08:45:00,17,2,7,8,45,950,18,AUTOROUTE A15,,,Crépuscule ou aube,Hors agglomération,Hors intersection,Pluie légère,Deux véhicules - arrière,,,,,,,,,,,2,1,1,2.0,2.0
201700047157,0017-02-08 04:56:00,17,2,8,4,56,950,277,AUTOROUTE A104,48.9728,2.4872,Nuit sans éclairage public,Hors agglomération,Hors intersection,Normale,Deux véhicules - arrière,,,,,,,,,,,3,1,1,1.0,2.0
201700047158,0017-02-08 04:15:00,17,2,8,4,15,950,28,RN 104,,,Nuit sans éclairage public,Hors agglomération,Hors intersection,Normale,Autre collision,,,,,,,,,,,3,1,1,1.0,6.0
201700047159,0017-02-11 01:45:00,17,2,11,1,45,950,277,AUTOROUTE A104,48.9735,2.4859,Nuit sans éclairage public,Hors agglomération,Hors intersection,Normale,Autre collision,,,,,,,,,,,3,1,1,1.0,6.0
201700047160,0017-02-11 01:40:00,17,2,11,1,40,930,7,AUTOROUTE A1,48.94739,2.44367,Nuit sans éclairage public,Hors agglomération,Hors intersection,Normale,Autre collision,,,,,,,,,,,3,1,1,1.0,6.0
201700047161,0017-02-07 09:35:00,17,2,7,9,35,950,277,A104,48.9735,2.4859,Plein jour,Hors agglomération,Hors intersection,Normale,Autre collision,,,,,,,,,,,1,1,1,1.0,6.0
201700047162,0017-02-12 05:50:00,17,2,12,5,50,770,282,AUTOROUTE A1,49.02325,2.53522,Nuit sans éclairage public,Hors agglomération,Hors intersection,Normale,Deux véhicules - arrière,,,,,,,,,,,3,1,1,1.0,2.0
201700047163,0017-02-12 08:45:00,17,2,12,8,45,950,28,RN 104,,,Plein jour,Hors agglomération,Hors intersection,Normale,Autre collision,,,,,,,,,,,1,1,1,1.0,6.0
201700047164,0017-02-08 08:15:00,17,2,8,8,15,950,28,RN 104,,,Plein jour,Hors agglomération,Hors intersection,Normale,Deux véhicules - arrière,,,,,,,,,,,1,1,1,1.0,2.0
201700047165,0017-02-08 08:00:00,17,2,8,8,0,930,7,AUTOROUTE A1,48.95326,2.45418,Plein jour,Hors agglomération,Hors intersection,Normale,Deux véhicules - côté,,,,,,,,,,,1,1,1,1.0,3.0
201700047166,0017-02-12 21:25:00,17,2,12,21,25,950,277,AUTOROUTE A104,48.9728,2.4872,Nuit sans éclairage public,Hors agglomération,Hors intersection,Normale,Autre collision,,,,,,,,,,,3,1,1,1.0,6.0
201700047167,0017-02-12 20:56:00,17,2,12,20,56,950,488,AUTOROUTE A15,,,Nuit sans éclairage public,Hors agglomération,Hors intersection,Normale,Trois véhicules et plus - en chaîne,,,,,,,,,,,3,1,1,1.0,4.0
201700047168,0017-02-12 22:45:00,17,2,12,22,45,950,306,AUTOROUTE A15,,,Nuit sans éclairage public,Hors agglomération,Hors intersection,Normale,Trois véhicules et plus - en chaîne,,,,,,,,,,,3,1,1,1.0,4.0
201700047169,0017-02-13 01:00:00,17,2,13,1,0,920,36,AUTOROUTE A86,,,Nuit sans éclairage public,Hors agglomération,Hors intersection,Normale,Deux véhicules - arrière,,,,,,,,,,,3,1,1,1.0,2.0
201700047170,0017-02-12 16:00:00,17,2,12,16,0,950,277,RD 170,48.9757,2.4822,Plein jour,Hors agglomération,Hors intersection,Normale,Autre collision,,,,,,,,,,,1,1,1,1.0,6.0
201700047171,0017-02-13 21:38:00,17,2,13,21,38,930,66,AUTOROUTE A1,48.9043,2.35849,Nuit avec éclairage non allumé,Hors agglomération,Hors intersection,Normale,Deux véhicules - arrière,,,,,,,,,,,4,1,1,1.0,2.0
201700047172,0017-02-14 00:35:00,17,2,14,0,35,930,63,AUTOROUTE A3,48.87845,2.44715,Nuit sans éclairage public,Hors agglomération,Hors intersection,Pluie légère,Deux véhicules - arrière,,,,,,,,,,,3,1,1,2.0,2.0
201700047173,0017-02-13 05:45:00,17,2,13,5,45,950,555,RD 170,48.9718,2.2761,Nuit sans éclairage public,Hors agglomération,Hors intersection,Normale,Autre collision,,,,,,,,,,,3,1,1,1.0,6.0
201700047174,0017-02-15 08:00:00,17,2,15,8,0,950,28,RN 104,,,Plein jour,Hors agglomération,Hors intersection,Normale,Deux véhicules - arrière,,,,,,,,,,,1,1,1,1.0,2.0
201700047175,0017-02-15 16:00:00,17,2,15,16,0,930,66,AUTOROUTE A1,48.93163,2.37062,Plein jour,Hors agglomération,Hors intersection,Normale,Deux véhicules - côté,,,,,,,,,,,1,1,1,1.0,3.0
201700047176,0017-02-15 22:30:00,17,2,15,22,30,920,36,AUTOROUTE A15,,,Nuit sans éclairage public,Hors agglomération,Hors intersection,Normale,Deux véhicules - arrière,,,,,,,,,,,3,1,1,1.0,2.0
201700047177,0017-02-15 08:30:00,17,2,15,8,30,950,582,AUTOROUTE A15,,,Plein jour,Hors agglomération,Hors intersection,Normale,Deux véhicules - arrière,,,,,,,,,,,1,1,1,1.0,2.0
201700047178,0017-02-16 08:55:00,17,2,16,8,55,920,78,AUTOROUTE A86,,,Plein jour,Hors agglomération,Hors intersection,Normale,Trois véhicules et plus - en chaîne,,,,,,,,,,,1,1,1,1.0,4.0
201700047179,0017-02-16 14:50:00,17,2,16,14,50,930,64,AUTOROUTE A103,48.88716,2.4749,Plein jour,Hors agglomération,Hors intersection,Normale,Autre collision,,,,,,,,,,,1,1,1,1.0,6.0
201700047180,0017-02-16 05:10:00,17,2,16,5,10,930,5,AUTOROUTE A3,48.92331,2.48049,Nuit sans éclairage public,Hors agglomération,Hors intersection,Normale,Autre collision,,,,,,,,,,,3,1,1,1.0,6.0
201700047181,0017-02-16 20:55:00,17,2,16,20,55,950,604,AUTOROUTE A1,,,Nuit sans éclairage public,Hors agglomération,Hors intersection,Normale,Trois véhicules et plus - collisions multiples,,,,,,,,,,,3,1,1,1.0,5.0
201700047182,0017-02-16 22:40:00,17,2,16,22,40,930,53,AUTOROUTE A86,48.88593,2.47264,Nuit sans éclairage public,Hors agglomération,Hors intersection,Normale,Deux véhicules - arrière,,,,,,,,,,,3,1,1,1.0,2.0
201700047183,0017-02-18 00:20:00,17,2,18,0,20,930,5,AUTOROUTE A104,48.97294,2.48513,Nuit sans éclairage public,Hors agglomération,Hors intersection,Brouillard / fumée,Autre collision,,,,,,,,,,,3,1,1,5.0,6.0
201700047184,0017-02-18 07:30:00,17,2,18,7,30,950,218,RN 184,,,Crépuscule ou aube,Hors agglomération,Hors intersection,Brouillard / fumée,Autre collision,,,,,,,,,,,2,1,1,5.0,6.0
201700047185,0017-02-17 09:50:00,17,2,17,9,50,930,66,AUTOROUTE A1,48.90198,2.3587,Plein jour,Hors agglomération,Hors intersection,Normale,Trois véhicules et plus - en chaîne,,,,,,,,,,,1,1,1,1.0,4.0
201700047186,0017-02-18 10:30:00,17,2,18,10,30,930,5,AUTOROUTE A3,48.93394,2.4806,Plein jour,Hors agglomération,Hors intersection,Brouillard / fumée,Deux véhicules - frontale,,,,,,,,,,,1,1,1,5.0,1.0
201700047187,0017-02-18 10:45:00,17,2,18,10,45,930,7,AUTOROUTE A3,48.93321,2.48092,Plein jour,Hors agglomération,Hors intersection,Normale,Deux véhicules - arrière,,,,,,,,,,,1,1,1,1.0,2.0
201700047188,0017-02-18 23:10:00,17,2,18,23,10,930,66,AUTOROUTE A1,48.9208,2.35715,Nuit sans éclairage public,Hors agglomération,Hors intersection,Normale,Deux véhicules - arrière,,,,,,,,,,,3,1,1,1.0,2.0
201700047189,0017-02-19 02:33:00,17,2,19,2,33,950,527,AUTOROUTE A1,,,Nuit sans éclairage public,Hors agglomération,Hors intersection,Brouillard / fumée,Deux véhicules - arrière,,,,,,,,,,,3,1,1,5.0,2.0
201700047190,0017-02-18 19:45:00,17,2,18,19,45,930,5,AUTOROUTE A3,48.92331,2.48049,Nuit sans éclairage public,Hors agglomération,Hors intersection,Normale,Trois véhicules et plus - collisions multiples,,,,,,,,,,,3,1,1,1.0,5.0
201700047191,0017-02-19 09:45:00,17,2,19,9,45,950,527,AUTOROUTE A1,,,Crépuscule ou aube,Hors agglomération,Hors intersection,Brouillard / fumée,Autre collision,,,,,,,,,,,2,1,1,5.0,6.0
201700047192,0017-02-20 08:20:00,17,2,20,8,20,600,631,AUTOROUTE A1,49.15627,2.59067,Plein jour,Hors agglomération,Hors intersection,Normale,Trois véhicules et plus - en chaîne,,,,,,,,,,,1,1,1,1.0,4.0
201700047193,0017-02-20 17:35:00,17,2,20,17,35,950,424,AUTOROUTE A15,,,Plein jour,Hors agglomération,Hors intersection,Normale,Deux véhicules - côté,,,,,,,,,,,1,1,1,1.0,3.0
201700047194,0017-02-20 17:25:00,17,2,20,17,25,930,8,AUTOROUTE A86,48.91243,2.43717,Crépuscule ou aube,Hors agglomération,Hors intersection,Normale,Deux véhicules - arrière,,,,,,,,,,,2,1,1,1.0,2.0
201700047195,0017-02-21 18:15:00,17,2,21,18,15,950,151,RN 104,,,Plein jour,Hors agglomération,Hors intersection,Normale,Sans collision,,,,,,,,,,,1,1,1,1.0,7.0
201700047196,0017-02-21 17:20:00,17,2,21,17,20,950,18,AUTOROUTE A15,,,Plein jour,Hors agglomération,Hors intersection,Normale,Deux véhicules - arrière,,,,,,,,,,,1,1,1,1.0,2.0
201700047197,0017-02-21 18:45:00,17,2,21,18,45,950,60,AUTOROUTE A115,,,Crépuscule ou aube,Hors agglomération,Hors intersection,Normale,Deux véhicules - côté,,,,,,,,,,,2,1,1,1.0,3.0
201700047198,0017-02-22 07:00:00,17,2,22,7,0,930,6,AUTOROUTE A3,48.86564,2.41864,Plein jour,Hors agglomération,Hors intersection,Normale,Trois véhicules et plus - en chaîne,,,,,,,,,,,1,1,1,1.0,4.0
201700047199,0017-02-20 07:40:00,17,2,20,7,40,950,18,AUTOROUTE A15,,,Plein jour,Hors agglomération,Hors intersection,Normale,Deux véhicules - côté,,,,,,,,,,,1,1,1,1.0,3.0
201700047200,0017-02-20 08:00:00,17,2,20,8,0,950,252,AUTOROUTE A15,,,Plein jour,Hors agglomération,Hors intersection,Normale,Trois véhicules et plus - collisions multiples,,,,,,,,,,,1,1,1,1.0,5.0
201700047201,0017-02-24 17:00:00,17,2,24,17,0,920,36,AUTOROUTE A86,,,Plein jour,Hors agglomération,Hors intersection,Normale,Deux véhicules - arrière,,,,,,,,,,,1,1,1,1.0,2.0
201700047202,0017-02-24 17:55:00,17,2,24,17,55,930,64,AUTOROUTE A3,48.88378,2.46676,Plein jour,Hors agglomération,Hors intersection,Normale,Deux véhicules - côté,,,,,,,,,,,1,1,1,1.0,3.0
201700047203,0017-02-25 00:15:00,17,2,25,0,15,930,10,AUTOROUTE A3,48.90062,2.46969,Nuit sans éclairage public,Hors agglomération,Hors intersection,Normale,Deux véhicules - côté,,,,,,,,,,,3,1,1,1.0,3.0
201700047204,0017-02-25 03:28:00,17,2,25,3,28,930,5,AUTOROUTE A1,48.95777,2.46258,Nuit sans éclairage public,Hors agglomération,Hors intersection,Normale,Trois véhicules et plus - en chaîne,,,,,,,,,,,3,1,1,1.0,4.0
201700047205,0017-02-17 15:00:00,17,2,17,15,0,930,53,AUTOROUTE A103,48.90431,2.35874,Plein jour,Hors agglomération,Hors intersection,Normale,Sans collision,,,,,,,,,,,1,1,1,1.0,7.0
201700047206,0017-02-25 09:10:00,17,2,25,9,10,930,66,AUTOROUTE A1,48.91301,2.35776,Plein jour,Hors agglomération,Hors intersection,Normale,Deux véhicules - côté,,,,,,,,,,,1,1,1,1.0,3.0
201700047207,0017-02-23 12:40:00,17,2,23,12,40,930,10,AUTOROUTE A3,48.88894,2.47376,Plein jour,Hors agglomération,Hors intersection,Normale,Autre collision,,,,,,,,,,,1,1,1,1.0,6.0
201700047208,0017-02-27 22:35:00,17,2,27,22,35,930,64,AUTOROUTE A86,48.86453,2.48232,Nuit sans éclairage public,Hors agglomération,Hors intersection,Normale,Autre collision,,,,,,,,,,,3,1,1,1.0,6.0
201700047209,0017-02-27 07:30:00,17,2,27,7,30,930,5,AUTOROUTE A3,48.95007,2.47485,Plein jour,Hors agglomération,Hors intersection,Normale,Deux véhicules - arrière,,,,,,,,,,,1,1,1,1.0,2.0
201700047210,0017-02-28 09:00:00,17,2,28,9,0,950,252,AUTOROUTE A15,,,Plein jour,Hors agglomération,Hors intersection,Normale,Trois véhicules et plus - collisions multiples,,,,,,,,,,,1,1,1,1.0,5.0
201700047211,0017-02-28 11:50:00,17,2,28,11,50,920,78,AUTOROUTE A86,,,Plein jour,Hors agglomération,Hors intersection,Normale,Sans collision,,,,,,,,,,,1,1,1,1.0,7.0
201700047212,0017-02-28 22:40:00,17,2,28,22,40,920,78,AUTOROUTE A86,,,Nuit avec éclairage non allumé,Hors agglomération,Hors intersection,Pluie légère,Deux véhicules - arrière,,,,,,,,,,,4,1,1,2.0,2.0
201700047213,0017-03-01 07:35:00,17,3,1,7,35,920,36,AUTOROUTE A15,,,Plein jour,Hors agglomération,Hors intersection,Normale,Deux véhicules - côté,,,,,,,,,,,1,1,1,1.0,3.0
201700047214,0017-03-01 08:45:00,17,3,1,8,45,950,572,AUTOROUTE A15,49.0345,2.1005,Plein jour,Hors agglomération,Hors intersection,Normale,Deux véhicules - arrière,,,,,,,,,,,1,1,1,1.0,2.0
201700047215,0017-03-01 12:10:00,17,3,1,12,10,920,78,AUTOROUTE A86,,,Plein jour,Hors agglomération,Hors intersection,Pluie forte,Deux véhicules - côté,,,,,,,,,,,1,1,1,3.0,3.0
201700047216,0017-03-01 20:15:00,17,3,1,20,15,930,66,AUTOROUTE A1,48.9338,2.38397,Nuit sans éclairage public,Hors agglomération,Hors intersection,Pluie légère,Trois véhicules et plus - en chaîne,,,,,,,,,,,3,1,1,2.0,4.0
201700047217,0017-03-01 16:02:00,17,3,1,16,2,930,66,AUTOROUTE A86,48.92211,2.36268,Plein jour,Hors agglomération,Hors intersection,Pluie légère,Deux véhicules - arrière,,,,,,,,,,,1,1,1,2.0,2.0
201700047218,0017-03-03 15:40:00,17,3,3,15,40,930,7,AUTOROUTE A1,48.94359,2.43604,Plein jour,Hors agglomération,Hors intersection,Normale,Trois véhicules et plus - collisions multiples,,,,,,,,,,,1,1,1,1.0,5.0
201700047219,0017-03-04 19:45:00,17,3,4,19,45,930,27,AUTOROUTE A86,48.92338,2.38338,Nuit sans éclairage public,Hors agglomération,Hors intersection,Normale,Sans collision,,,,,,,,,,,3,1,1,1.0,7.0
201700047220,0017-03-04 20:20:00,17,3,4,20,20,930,27,AUTOROUTE A86,48.92519,2.39397,Nuit sans éclairage public,Hors agglomération,Hors intersection,Pluie légère,Trois véhicules et plus - en chaîne,,,,,,,,,,,3,1,1,2.0,4.0
201700047221,0017-03-05 06:10:00,17,3,5,6,10,930,1,AUTOROUTE A86,48.92133,2.37578,Nuit sans éclairage public,Hors agglomération,Hors intersection,Normale,Autre collision,,,,,,,,,,,3,1,1,1.0,6.0
201700047222,0017-03-05 13:45:00,17,3,5,13,45,950,277,AUTOROUTE A104,48.9735,2.4859,Plein jour,Hors agglomération,Hors intersection,Pluie légère,Autre collision,,,,,,,,,,,1,1,1,2.0,6.0
201700047223,0017-03-05 15:45:00,17,3,5,15,45,950,582,RD 170,48.9639,2.2681,Plein jour,Hors agglomération,Hors intersection,Pluie légère,Autre collision,,,,,,,,,,,1,1,1,2.0,6.0
201700047224,0017-03-05 17:20:00,17,3,5,17,20,950,277,AUTOROUTE A104,48.9735,2.4859,Plein jour,Hors agglomération,Hors intersection,Pluie légère,Autre collision,,,,,,,,,,,1,1,1,2.0,6.0
201700047225,0017-03-05 17:00:00,17,3,5,17,0,950,527,AUTOROUTE A3,48.9737,2.4883,Plein jour,Hors agglomération,Hors intersection,Pluie légère,Deux véhicules - arrière,,,,,,,,,,,1,1,1,2.0,2.0
201700047226,0017-03-05 18:29:00,17,3,5,18,29,930,78,AUTOROUTE A104,48.95882,2.53471,Plein jour,Hors agglomération,Hors intersection,Pluie légère,Deux véhicules - arrière,,,,,,,,,,,1,1,1,2.0,2.0
201700047227,0017-03-05 21:50:00,17,3,5,21,50,950,277,AUTOROUTE A104,48.9735,2.4859,Nuit sans éclairage public,Hors agglomération,Hors intersection,Normale,Deux véhicules - arrière,,,,,,,,,,,3,1,1,1.0,2.0
201700047228,0017-03-05 07:15:00,17,3,5,7,15,950,394,AUTOROUTE A115,49.0477,2.1838,Nuit sans éclairage public,Hors agglomération,Hors intersection,Normale,Sans collision,,,,,,,,,,,3,1,1,1.0,7.0
201700047229,0017-03-04 17:55:00,17,3,4,17,55,930,5,AUTOROUTE A3,48.93484,2.48048,Plein jour,Hors agglomération,Hors intersection,Pluie légère,Deux véhicules - arrière,,,,,,,,,,,1,1,1,2.0,2.0
201700047230,0017-03-05 11:10:00,17,3,5,11,10,950,277,AUTOROUTE A3,48.9803,2.4979,Plein jour,Hors agglomération,Hors intersection,Pluie forte,Autre collision,,,,,,,,,,,1,1,1,3.0,6.0
201700047231,0017-03-04 17:10:00,17,3,4,17,10,950,18,AUTOROUTE A15,48.9607,2.2697,Plein jour,Hors agglomération,Hors intersection,Pluie légère,Deux véhicules - côté,,,,,,,,,,,1,1,1,2.0,3.0
201700047232,0017-03-06 13:20:00,17,3,6,13,20,950,18,AUTOROUTE A15,48.9501,2.2803,Plein jour,Hors agglomération,Hors intersection,Normale,Autre collision,,,,,,,,,,,1,1,1,1.0,6.0
201700047233,0017-03-07 07:50:00,17,3,7,7,50,950,42,RN 104,49.0616,2.3142,Plein jour,Hors agglomération,Hors intersection,Normale,Autre collision,,,,,,,,,,,1,1,1,1.0,6.0
201700047234,0017-03-07 08:00:00,17,3,7,8,0,950,424,AUTOROUTE A15,48.9894,2.1998,Plein jour,Hors agglomération,Hors intersection,Temps couvert,Sans collision,,,,,,,,,,,1,1,1,8.0,7.0
201700047235,0017-03-04 07:50:00,17,3,4,7,50,930,78,AUTOROUTE A104,48.9631,2.52225,Crépuscule ou aube,Hors agglomération,Hors intersection,Pluie légère,Sans collision,,,,,,,,,,,2,1,1,2.0,7.0
201700047236,0017-03-07 18:45:00,17,3,7,18,45,930,66,AUTOROUTE A1,48.9338,2.38397,Plein jour,Hors agglomération,Hors intersection,Normale,Deux véhicules - côté,,,,,,,,,,,1,1,1,1.0,3.0
201700047237,0017-03-07 18:45:00,17,3,7,18,45,930,10,AUTOROUTE A3,48.9045,2.47171,Crépuscule ou aube,Hors agglomération,Hors intersection,Normale,Trois véhicules et plus - en chaîne,,,,,,,,,,,2,1,1,1.0,4.0
201700047238,0017-03-07 21:45:00,17,3,7,21,45,930,10,AUTOROUTE A3,48.90626,2.47213,Nuit sans éclairage public,Hors agglomération,Hors intersection,Normale,Deux véhicules - arrière,,,,,,,,,,,3,1,1,1.0,2.0
201700047239,0017-03-08 05:45:00,17,3,8,5,45,950,351,RN 104,49.0398,2.4831,Nuit sans éclairage public,Hors agglomération,Hors intersection,Pluie légère,Autre collision,,,,,,,,,,,3,1,1,2.0,6.0
201700047240,0017-03-08 21:40:00,17,3,8,21,40,950,277,AUTOROUTE A104,48.9738,2.4869,Nuit avec éclairage allumé,Hors agglomération,Hors intersection,Pluie légère,Deux véhicules - côté,,,,,,,,,,,5,1,1,2.0,3.0
201700047241,0017-01-31 19:00:00,17,1,31,19,0,930,66,AUTOROUTE A1,48.92797,2.3575,Nuit sans éclairage public,Hors agglomération,Hors intersection,Pluie légère,Trois véhicules et plus - en chaîne,,,,,,,,,,,3,1,1,2.0,4.0
201700047242,0017-03-10 02:40:00,17,3,10,2,40,930,10,AUTOROUTE A3,48.90796,2.47298,Nuit sans éclairage public,Hors agglomération,Hors intersection,Normale,Deux véhicules - arrière,,,,,,,,,,,3,1,1,1.0,2.0
201700047243,0017-03-10 04:10:00,17,3,10,4,10,950,28,RN 104,49.0601,2.3551,Nuit sans éclairage public,Hors agglomération,Hors intersection,Normale,Sans collision,,,,,,,,,,,3,1,1,1.0,7.0
201700047244,0017-03-08 20:50:00,17,3,8,20,50,920,36,AUTOROUTE A15,,,Nuit sans éclairage public,Hors agglomération,Hors intersection,Pluie légère,Autre collision,,,,,,,,,,,3,1,1,2.0,6.0
201700047245,0017-03-10 09:30:00,17,3,10,9,30,930,13,AUTOROUTE A1,48.94239,2.43178,Plein jour,Hors agglomération,Hors intersection,Normale,Deux véhicules - arrière,,,,,,,,,,,1,1,1,1.0,2.0
201700047246,0017-03-10 13:45:00,17,3,10,13,45,930,53,AUTOROUTE A86,48.88832,2.47434,Plein jour,Hors agglomération,Autre intersection,Normale,Deux véhicules - côté,,,,,,,,,,,1,1,9,1.0,3.0
201700047247,0017-03-10 18:15:00,17,3,10,18,15,950,582,AUTOROUTE A15,48.9755,2.2414,Plein jour,Hors agglomération,Hors intersection,Normale,Autre collision,,,,,,,,,,,1,1,1,1.0,6.0
201700047248,0017-03-10 23:37:00,17,3,10,23,37,950,582,AUTOROUTE A15,48.9691,2.2508,Nuit sans éclairage public,Hors agglomération,Hors intersection,Normale,Autre collision,,,,,,,,,,,3,1,1,1.0,6.0
201700047249,0017-03-11 01:55:00,17,3,11,1,55,920,78,AUTOROUTE A86,,,Nuit sans éclairage public,Hors agglomération,Hors intersection,Normale,Deux véhicules - arrière,,,,,,,,,,,3,1,1,1.0,2.0
201700047250,0017-03-10 17:00:00,17,3,10,17,0,930,78,AUTOROUTE A104,48.9724,2.49355,Plein jour,Hors agglomération,Hors intersection,Normale,Trois véhicules et plus - en chaîne,,,,,,,,,,,1,1,1,1.0,4.0
201700047251,0017-03-11 17:20:00,17,3,11,17,20,930,66,AUTOROUTE A1,48.92619,2.35674,Plein jour,Hors agglomération,Hors intersection,Normale,Deux véhicules - frontale,,,,,,,,,,,1,1,1,1.0,1.0
201700047252,0017-03-11 20:00:00,17,3,11,20,0,930,64,AUTOROUTE A86,48.86422,2.48222,Plein jour,Hors agglomération,Hors intersection,Normale,Deux véhicules - arrière,,,,,,,,,,,1,1,1,1.0,2.0
201700047253,0017-03-11 12:00:00,17,3,11,12,0,930,53,AUTOROUTE A103,48.90162,2.3587,Plein jour,Hors agglomération,Hors intersection,Normale,Autre collision,,,,,,,,,,,1,1,1,1.0,6.0
201700047254,0017-03-11 16:20:00,17,3,11,16,20,950,18,AUTOROUTE A15,48.9619,2.2674,Plein jour,Hors agglomération,Hors intersection,Normale,Trois véhicules et plus - en chaîne,,,,,,,,,,,1,1,1,1.0,4.0
201700047255,0017-03-13 09:45:00,17,3,13,9,45,930,64,AUTOROUTE A86,48.87925,2.47604,Plein jour,Hors agglomération,Hors intersection,Normale,Autre collision,,,,,,,,,,,1,1,1,1.0,6.0
201700047256,0017-03-14 08:35:00,17,3,14,8,35,930,66,AUTOROUTE A1,48.93364,2.37912,Plein jour,Hors agglomération,Hors intersection,Normale,Deux véhicules - arrière,,,,,,,,,,,1,1,1,1.0,2.0
201700047257,0017-03-13 19:50:00,17,3,13,19,50,930,53,AUTOROUTE A3,48.88893,2.47376,Plein jour,Hors agglomération,Hors intersection,Normale,Deux véhicules - frontale,,,,,,,,,,,1,1,1,1.0,1.0
201700047258,0017-02-01 09:15:00,17,2,1,9,15,930,6,AUTOROUTE A3,48.86622,2.4226,Plein jour,Hors agglomération,Hors intersection,Normale,Trois véhicules et plus - en chaîne,,,,,,,,,,,1,1,1,1.0,4.0
201700047259,0017-01-20 05:05:00,17,1,20,5,5,950,572,AUTOROUTE A15,,,Nuit sans éclairage public,Hors agglomération,Hors intersection,Normale,Deux véhicules - arrière,,,,,,,,,,,3,1,1,1.0,2.0
201700047260,0017-03-14 22:10:00,17,3,14,22,10,930,5,AUTOROUTE A3,48.92596,2.48123,Nuit sans éclairage public,Hors agglomération,Hors intersection,Normale,Trois véhicules et plus - en chaîne,,,,,,,,,,,3,1,1,1.0,4.0
201700047261,0017-03-15 02:40:00,17,3,15,2,40,950,641,AUTOROUTE A1,49.0651,2.5524,Nuit sans éclairage public,Hors agglomération,Hors intersection,Normale,Deux véhicules - côté,,,,,,,,,,,3,1,1,1.0,3.0
201700047262,0017-03-14 19:30:00,17,3,14,19,30,930,5,AUTOROUTE A3,48.94646,2.47621,Crépuscule ou aube,Hors agglomération,Hors intersection,Normale,Deux véhicules - arrière,,,,,,,,,,,2,1,1,1.0,2.0
201700047263,0017-03-15 15:15:00,17,3,15,15,15,950,176,A15 Bretelle A901504,48.9891,2.2039,Plein jour,Hors agglomération,Hors intersection,Normale,Autre collision,,,,,,,,,,,1,1,1,1.0,6.0
201700047264,0017-03-16 03:15:00,17,3,16,3,15,950,394,AUTOROUTE A115,49.0519,2.1829,Nuit sans éclairage public,Hors agglomération,Hors intersection,Normale,Autre collision,,,,,,,,,,,3,1,1,1.0,6.0