accident_id,datetime,annee,mois,jour,heure,minute,departement,commune_insee,adresse,latitude,longitude,luminosite,agglomeration,intersection,meteo,collision,nb_vehicules,nb_usagers,nb_indemnes,nb_tues,nb_blesses_hosp,nb_blesses_legers,age_cond_1,age_cond_2,veh_type_cond_1,veh_type_cond_2,lum_code,agg_code,int_code,atm_code,col_code
201700047387,0017-04-22 15:13:00,17,4,22,15,13,930,66,AUTOROUTE A86,48.92629,2.3372,Plein jour,Hors agglomération,Hors intersection,Normale,Autre collision,,,,,,,,,,,1,1,1,1.0,6.0
201700047388,0017-04-22 21:40:00,17,4,22,21,40,930,64,AUTOROUTE A86,48.86595,2.48148,Nuit sans éclairage public,Hors agglomération,Hors intersection,Normale,Trois véhicules et plus - en chaîne,,,,,,,,,,,3,1,1,1.0,4.0
201700047389,0017-04-24 09:45:00,17,4,24,9,45,930,66,AUTOROUTE A86,48.9226,2.35047,Plein jour,Hors agglomération,Hors intersection,Normale,Deux véhicules - arrière,,,,,,,,,,,1,1,1,1.0,2.0
201700047390,0017-03-25 16:15:00,17,3,25,16,15,920,36,AUTOROUTE A15,,,Plein jour,Hors agglomération,Hors intersection,Normale,Deux véhicules - arrière,,,,,,,,,,,1,1,1,1.0,2.0
201700047391,0017-04-25 03:40:00,17,4,25,3,40,950,394,ROUTE NATIONALE 184,49.0521,2.1558,Nuit avec éclairage non allumé,Hors agglomération,Hors intersection,Normale,Sans collision,,,,,,,,,,,4,1,1,1.0,7.0
201700047392,0017-04-25 07:40:00,17,4,25,7,40,930,66,AUTOROUTE A1,48.92843,2.35815,Crépuscule ou aube,Hors agglomération,Hors intersection,Pluie légère,Sans collision,,,,,,,,,,,2,1,1,2.0,7.0
201700047393,0017-04-24 17:50:00,17,4,24,17,50,930,66,AUTOROUTE A86,48.92651,2.33739,Plein jour,Hors agglomération,Hors intersection,Normale,Deux véhicules - arrière,,,,,,,,,,,1,1,1,1.0,2.0
201700047394,0017-04-25 19:05:00,17,4,25,19,5,930,5,AUTOROUTE A104,48.9732,2.48835,Plein jour,Hors agglomération,Hors intersection,Normale,Deux véhicules - côté,,,,,,,,,,,1,1,1,1.0,3.0
201700047395,0017-04-26 16:15:00,17,4,26,16,15,930,66,AUTOROUTE A1,48.92529,2.35681,Plein jour,Hors agglomération,Hors intersection,Normale,Deux véhicules - côté,,,,,,,,,,,1,1,1,1.0,3.0
201700047396,0017-04-27 02:45:00,17,4,27,2,45,600,631,AUTOROUTE A1,49.14493,2.57642,Nuit sans éclairage public,Hors agglomération,Hors intersection,Normale,Sans collision,,,,,,,,,,,3,1,1,1.0,7.0
201700047397,0017-04-26 10:30:00,17,4,26,10,30,950,500,AUTOROUTE A15,49.0361,2.0947,Plein jour,Hors agglomération,Hors intersection,Normale,Trois véhicules et plus - en chaîne,,,,,,,,,,,1,1,1,1.0,4.0
201700047398,0017-04-28 22:30:00,17,4,28,22,30,950,256,AUTOROUTE A115,49.0469,2.1842,Nuit sans éclairage public,Hors agglomération,Hors intersection,Pluie légère,Autre collision,,,,,,,,,,,3,1,1,2.0,6.0
201700047399,0017-04-29 06:30:00,17,4,29,6,30,930,5,AUTOROUTE A3,48.96804,2.47786,Crépuscule ou aube,Hors agglomération,Hors intersection,Normale,Sans collision,,,,,,,,,,,2,1,1,1.0,7.0
201700047400,0017-04-22 09:00:00,17,4,22,9,0,930,78,AUTOROUTE A104,48.96797,2.50964,Plein jour,Hors agglomération,Hors intersection,Normale,Sans collision,,,,,,,,,,,1,1,1,1.0,7.0
201700047401,0017-04-26 18:30:00,17,4,26,18,30,930,27,AUTOROUTE A86,48.92256,2.37948,Plein jour,Hors agglomération,Hors intersection,Normale,Autre collision,,,,,,,,,,,1,1,1,1.0,6.0
201700047402,0017-04-28 08:45:00,17,4,28,8,45,950,277,AUTOROUTE A104,48.9735,2.4859,Plein jour,Hors agglomération,Hors intersection,Pluie légère,Autre collision,,,,,,,,,,,1,1,1,2.0,6.0
201700047403,0017-04-28 08:45:00,17,4,28,8,45,930,78,AUTOROUTE A104,48.97023,2.50218,Plein jour,Hors agglomération,Hors intersection,Temps couvert,Trois véhicules et plus - en chaîne,,,,,,,,,,,1,1,1,8.0,4.0
201700047404,0017-04-29 23:30:00,17,4,29,23,30,920,36,AUTOROUTE A15,48.9443,2.28655,Nuit sans éclairage public,Hors agglomération,Hors intersection,Normale,Trois véhicules et plus - collisions multiples,,,,,,,,,,,3,1,1,1.0,5.0
201700047405,0017-04-27 08:50:00,17,4,27,8,50,950,252,AUTOROUTE A15,48.9786,2.2301,Plein jour,Hors agglomération,Hors intersection,Normale,Deux véhicules - côté,,,,,,,,,,,1,1,1,1.0,3.0
201700047406,0017-04-27 11:00:00,17,4,27,11,0,950,176,AUTOROUTE A15,48.9891,2.2016,Plein jour,Hors agglomération,Hors intersection,Normale,Deux véhicules - arrière,,,,,,,,,,,1,1,1,1.0,2.0
201700047407,0017-04-27 09:00:00,17,4,27,9,0,930,48,AUTOROUTE A3,48.87313,2.43594,Plein jour,Hors agglomération,Hors intersection,Normale,Deux véhicules - arrière,,,,,,,,,,,1,1,1,1.0,2.0
201700047408,0017-04-30 21:35:00,17,4,30,21,35,950,527,AUTOROUTE A1,48.9919,2.5125,Nuit avec éclairage non allumé,Hors agglomération,Hors intersection,Pluie forte,Autre collision,,,,,,,,,,,4,1,1,3.0,6.0
201700047409,0017-04-30 22:55:00,17,4,30,22,55,920,36,AUTOROUTE A15,48.94581,2.28401,Nuit sans éclairage public,Hors agglomération,Hors intersection,Pluie légère,Autre collision,,,,,,,,,,,3,1,1,2.0,6.0
201700047410,0017-05-01 00:15:00,17,5,1,0,15,930,27,AUTOROUTE A86,48.92786,2.40959,Nuit sans éclairage public,Hors agglomération,Hors intersection,Pluie légère,Sans collision,,,,,,,,,,,3,1,1,2.0,7.0
201700047411,0017-04-30 23:35:00,17,4,30,23,35,950,277,AUTOROUTE A104,48.9735,2.4859,Nuit sans éclairage public,Hors agglomération,Hors intersection,Pluie forte,Autre collision,,,,,,,,,,,3,1,1,3.0,6.0
201700047412,0017-05-01 10:30:00,17,5,1,10,30,920,78,AUTOROUTE A86,,,Plein jour,Hors agglomération,Hors intersection,Normale,Autre collision,,,,,,,,,,,1,1,1,1.0,6.0
201700047413,0017-04-30 16:00:00,17,4,30,16,0,930,5,AUTOROUTE A1,48.96134,2.4689,Plein jour,Hors agglomération,Hors intersection,Pluie légère,Deux véhicules - côté,,,,,,,,,,,1,1,1,2.0,3.0
201700047414,0017-05-01 02:00:00,17,5,1,2,0,950,582,RD 170,48.9635,2.2667,Nuit sans éclairage public,Hors agglomération,Hors intersection,Pluie légère,Autre collision,,,,,,,,,,,3,1,1,2.0,6.0
201700047415,0017-04-30 21:15:00,17,4,30,21,15,930,5,AUTOROUTE A1,48.96056,2.46797,Nuit avec éclairage non allumé,Hors agglomération,Hors intersection,Pluie légère,Deux véhicules - côté,,,,,,,,,,,4,1,1,2.0,3.0
201700047416,0017-05-02 08:15:00,17,5,2,8,15,930,8,AUTOROUTE A86,48.91105,2.44164,Plein jour,Hors agglomération,Hors intersection,Normale,Deux véhicules - côté,,,,,,,,,,,1,1,1,1.0,3.0
201700047417,0017-05-02 17:00:00,17,5,2,17,0,930,66,AUTOROUTE A1,48.9061,2.35862,Plein jour,Hors agglomération,Hors intersection,Normale,Autre collision,,,,,,,,,,,1,1,1,1.0,6.0
201700047418,0017-05-02 16:20:00,17,5,2,16,20,920,78,AUTOROUTE A86,,,Plein jour,Hors agglomération,Hors intersection,Normale,Deux véhicules - côté,,,,,,,,,,,1,1,1,1.0,3.0
201700047419,0017-05-02 08:51:00,17,5,2,8,51,930,78,AUTOROUTE A104,48.96945,2.50465,Plein jour,Hors agglomération,Hors intersection,Normale,Trois véhicules et plus - en chaîne,,,,,,,,,,,1,1,1,1.0,4.0
201700047420,0017-05-03 15:25:00,17,5,3,15,25,930,66,AUTOROUTE A1,48.92869,2.35904,Plein jour,Hors agglomération,Hors intersection,Pluie légère,Autre collision,,,,,,,,,,,1,1,1,2.0,6.0
201700047421,0017-05-03 20:15:00,17,5,3,20,15,930,10,AUTOROUTE A3,48.9114,2.47594,Plein jour,Hors agglomération,Hors intersection,Pluie forte,Trois véhicules et plus - collisions multiples,,,,,,,,,,,1,1,1,3.0,5.0
201700047422,0017-05-04 15:30:00,17,5,4,15,30,930,6,AUTOROUTE A3,48.8664,2.4132,Plein jour,Hors agglomération,Hors intersection,Temps couvert,Deux véhicules - arrière,,,,,,,,,,,1,1,1,8.0,2.0
201700047423,0017-05-04 22:30:00,17,5,4,22,30,930,66,AUTOROUTE A1,48.90341,2.35882,Nuit avec éclairage allumé,Hors agglomération,Hors intersection,Normale,Autre collision,,,,,,,,,,,5,1,1,1.0,6.0
201700047424,0017-05-05 05:15:00,17,5,5,5,15,950,256,ROUTE NATIONALE 184,49.0559,2.2037,Nuit sans éclairage public,Hors agglomération,Hors intersection,Normale,Deux véhicules - arrière,,,,,,,,,,,3,1,1,1.0,2.0
201700047425,0017-05-05 08:15:00,17,5,5,8,15,950,18,AUTOROUTE A15,48.9497,2.2801,Plein jour,Hors agglomération,Hors intersection,Normale,Trois véhicules et plus - en chaîne,,,,,,,,,,,1,1,1,1.0,4.0
201700047426,0017-05-05 16:25:00,17,5,5,16,25,930,78,AUTOROUTE A104,48.96065,2.5244,Plein jour,Hors agglomération,Hors intersection,Temps couvert,Deux véhicules - arrière,,,,,,,,,,,1,1,1,8.0,2.0
201700047427,0017-05-05 17:00:00,17,5,5,17,0,930,39,AUTOROUTE A86,48.92745,2.33354,Plein jour,Hors agglomération,Hors intersection,Normale,Deux véhicules - arrière,,,,,,,,,,,1,1,1,1.0,2.0
201700047428,0017-05-05 03:20:00,17,5,5,3,20,950,607,AUTOROUTE A115,49.0138,2.2191,Nuit sans éclairage public,Hors agglomération,Hors intersection,Normale,Autre collision,,,,,,,,,,,3,1,1,1.0,6.0
201700047429,0017-05-05 19:30:00,17,5,5,19,30,950,18,AUTOROUTE A15,48.9587,2.2742,Plein jour,Hors agglomération,Hors intersection,Normale,Deux véhicules - côté,,,,,,,,,,,1,1,1,1.0,3.0
201700047430,0017-05-03 08:35:00,17,5,3,8,35,930,29,AUTOROUTE A86,48.92672,2.42101,Plein jour,Hors agglomération,Hors intersection,Normale,Deux véhicules - côté,,,,,,,,,,,1,1,1,1.0,3.0
201700047431,0017-05-03 10:11:00,17,5,3,10,11,950,582,AUTOROUTE A15,48.9759,2.2384,Plein jour,Hors agglomération,Hors intersection,Pluie légère,Autre collision,,,,,,,,,,,1,1,1,2.0,6.0
201700047432,0017-05-06 23:30:00,17,5,6,23,30,930,78,AUTOROUTE A104,48.96088,2.5423,Nuit sans éclairage public,Hors agglomération,Hors intersection,Pluie légère,Trois véhicules et plus - en chaîne,,,,,,,,,,,3,1,1,2.0,4.0
201700047433,0017-05-07 09:40:00,17,5,7,9,40,930,27,AUTOROUTE A86,48.92338,2.38338,Plein jour,Hors agglomération,Hors intersection,Pluie légère,Autre collision,,,,,,,,,,,1,1,1,2.0,6.0
201700047434,0017-05-07 09:30:00,17,5,7,9,30,950,18,AUTOROUTE A15,48.9515,2.2797,Plein jour,Hors agglomération,Hors intersection,Pluie légère,Autre collision,,,,,,,,,,,1,1,1,2.0,6.0
201700047435,0017-05-07 11:45:00,17,5,7,11,45,920,78,AUTOROUTE A86,,,Plein jour,Hors agglomération,Hors intersection,Pluie légère,Autre collision,,,,,,,,,,,1,1,1,2.0,6.0
201700047436,0017-05-07 11:05:00,17,5,7,11,5,920,36,AUTOROUTE A15,,,Plein jour,Hors agglomération,Hors intersection,Pluie légère,Deux véhicules - arrière,,,,,,,,,,,1,1,1,2.0,2.0
201700047437,0017-05-07 10:30:00,17,5,7,10,30,950,277,AUTOROUTE A104,48.9735,2.4859,Plein jour,Hors agglomération,Hors intersection,Pluie légère,Deux véhicules - arrière,,,,,,,,,,,1,1,1,2.0,2.0
201700047438,0017-05-07 15:45:00,17,5,7,15,45,930,53,AUTOROUTE A103,48.90341,2.35882,Plein jour,Hors agglomération,Hors intersection,Pluie légère,Autre collision,,,,,,,,,,,1,1,1,2.0,6.0
201700047439,0017-05-07 15:15:00,17,5,7,15,15,950,277,AUTOROUTE A104,48.9735,2.4859,Plein jour,Hors agglomération,Hors intersection,Pluie légère,Autre collision,,,,,,,,,,,1,1,1,2.0,6.0
201700047440,0017-05-06 13:35:00,17,5,6,13,35,950,212,AUTOROUTE A1,49.0265,2.5369,Plein jour,Hors agglomération,Hors intersection,Pluie légère,Autre collision,,,,,,,,,,,1,1,1,2.0,6.0
201700047441,0017-05-08 17:10:00,17,5,8,17,10,930,66,AUTOROUTE A1,48.92528,2.35681,Plein jour,Hors agglomération,Hors intersection,Normale,Trois véhicules et plus - collisions multiples,,,,,,,,,,,1,1,1,1.0,5.0
201700047442,0017-05-07 20:45:00,17,5,7,20,45,950,277,AUTOROUTE A1,48.9729,2.4867,Crépuscule ou aube,Hors agglomération,Hors intersection,Normale,Deux véhicules - côté,,,,,,,,,,,2,1,1,1.0,3.0
201700047443,0017-05-09 13:40:00,17,5,9,13,40,930,7,AUTOROUTE A3,48.93125,2.48097,Plein jour,Hors agglomération,Hors intersection,Normale,Deux véhicules - côté,,,,,,,,,,,1,1,1,1.0,3.0
201700047444,0017-05-09 18:55:00,17,5,9,18,55,930,7,AUTOROUTE A1,48.94739,2.44367,Plein jour,Hors agglomération,Hors intersection,Normale,Trois véhicules et plus - collisions multiples,,,,,,,,,,,1,1,1,1.0,5.0
201700047445,0017-05-10 16:45:00,17,5,10,16,45,930,5,AUTOROUTE A1,48.95606,2.4594,Plein jour,Hors agglomération,Hors intersection,Normale,Deux véhicules - côté,,,,,,,,,,,1,1,1,1.0,3.0
201700047446,0017-05-10 17:30:00,17,5,10,17,30,930,66,AUTOROUTE A1,48.9166,2.35748,Plein jour,Hors agglomération,Hors intersection,Normale,Autre collision,,,,,,,,,,,1,1,1,1.0,6.0
201700047447,0017-05-11 01:50:00,17,5,11,1,50,950,500,AUTOROUTE A15,49.0424,2.0791,Nuit sans éclairage public,Hors agglomération,Hors intersection,Normale,Autre collision,,,,,,,,,,,3,1,1,1.0,6.0
201700047448,0017-05-11 08:55:00,17,5,11,8,55,950,582,AUTOROUTE A15,48.9657,2.2581,Plein jour,Hors agglomération,Hors intersection,Normale,Deux véhicules - côté,,,,,,,,,,,1,1,1,1.0,3.0
201700047449,0017-05-10 11:30:00,17,5,10,11,30,930,27,AUTOROUTE A86,48.92568,2.39638,Plein jour,Hors agglomération,Hors intersection,Normale,Trois véhicules et plus - en chaîne,,,,,,,,,,,1,1,1,1.0,4.0
201700047450,0017-05-11 09:20:00,17,5,11,9,20,930,29,AUTOROUTE A86,48.92634,2.42216,Plein jour,Hors agglomération,Hors intersection,Normale,Deux véhicules - côté,,,,,,,,,,,1,1,1,1.0,3.0
201700047451,0017-05-04 20:00:00,17,5,4,20,0,930,78,AUTOROUTE A104,48.96809,2.50835,Plein jour,Hors agglomération,Hors intersection,Pluie légère,Trois véhicules et plus - en chaîne,,,,,,,,,,,1,1,1,2.0,4.0
201700047452,0017-05-11 19:30:00,17,5,11,19,30,920,78,AUTOROUTE A86,48.93034,2.32541,Plein jour,Hors agglomération,Hors intersection,Normale,Deux véhicules - arrière,,,,,,,,,,,1,1,1,1.0,2.0
201700047453,0017-05-12 08:50:00,17,5,12,8,50,930,8,AUTOROUTE A86,48.9116,2.43959,Plein jour,Hors agglomération,Hors intersection,Normale,Trois véhicules et plus - en chaîne,,,,,,,,,,,1,1,1,1.0,4.0
201700047454,0017-05-09 09:30:00,17,5,9,9,30,950,682,RN104,49.0657,2.3729,Plein jour,Hors agglomération,Hors intersection,Normale,Trois véhicules et plus - collisions multiples,,,,,,,,,,,1,1,1,1.0,5.0
201700047455,0017-05-09 10:15:00,17,5,9,10,15,950,365,RN 104,49.0674,2.3992,Plein jour,Hors agglomération,Hors intersection,Normale,Deux véhicules - arrière,,,,,,,,,,,1,1,1,1.0,2.0
201700047456,0017-05-13 05:40:00,17,5,13,5,40,950,527,AUTOROUTE A3,48.9862,2.5081,Nuit sans éclairage public,Hors agglomération,Hors intersection,Normale,Autre collision,,,,,,,,,,,3,1,1,1.0,6.0
201700047457,0017-05-13 08:20:00,17,5,13,8,20,930,64,AUTOROUTE A86,48.87916,2.47634,Plein jour,Hors agglomération,Hors intersection,Normale,Deux véhicules - côté,,,,,,,,,,,1,1,1,1.0,3.0
201700047458,0017-05-14 13:30:00,17,5,14,13,30,930,78,AUTOROUTE A104,48.97261,2.49405,Plein jour,Hors agglomération,Hors intersection,Pluie légère,Autre collision,,,,,,,,,,,1,1,1,2.0,6.0
201700047459,0017-05-15 01:15:00,17,5,15,1,15,930,8,AUTOROUTE A86,48.90864,2.44951,Nuit avec éclairage allumé,Hors agglomération,Hors intersection,Normale,Deux véhicules - côté,,,,,,,,,,,5,1,1,1.0,3.0
201700047460,0017-05-15 07:50:00,17,5,15,7,50,950,252,AUTOROUTE A15,48.9785,2.2301,Plein jour,Hors agglomération,Hors intersection,Normale,Deux véhicules - arrière,,,,,,,,,,,1,1,1,1.0,2.0
201700047461,0017-05-15 14:00:00,17,5,15,14,0,950,252,AUTOROUTE A15,48.9788,2.2298,Plein jour,Hors agglomération,Hors intersection,Normale,Autre collision,,,,,,,,,,,1,1,1,1.0,6.0
201700047462,0017-05-15 18:00:00,17,5,15,18,0,950,572,ROUTE NATIONALE 184,49.0418,2.1285,Plein jour,Hors agglomération,Hors intersection,Normale,Trois véhicules et plus - en chaîne,,,,,,,,,,,1,1,1,1.0,4.0
201700047463,0017-05-15 17:40:00,17,5,15,17,40,920,36,AUTOROUTE A15,48.94301,2.28883,Plein jour,Hors agglomération,Hors intersection,Normale,Deux véhicules - côté,,,,,,,,,,,1,1,1,1.0,3.0
201700047464,0017-05-16 19:15:00,17,5,16,19,15,930,66,AUTOROUTE A1,48.929,2.36032,Plein jour,Hors agglomération,Hors intersection,Normale,Trois véhicules et plus - collisions multiples,,,,,,,,,,,1,1,1,1.0,5.0
201700047465,0017-05-17 11:15:00,17,5,17,11,15,920,36,AUTOROUTE A15,48.8628,2.32922,Plein jour,Hors agglomération,Hors intersection,Normale,Trois véhicules et plus - en chaîne,,,,,,,,,,,1,1,1,1.0,4.0
201700047466,0017-05-18 02:00:00,17,5,18,2,0,930,27,AUTOROUTE A86,48.92851,2.41357,Nuit avec éclairage non allumé,Hors agglomération,Hors intersection,Pluie légère,Autre collision,,,,,,,,,,,4,1,1,2.0,6.0
201700047467,0017-05-18 07:30:00,17,5,18,7,30,950,151,RN 104,49.0622,2.2772,Plein jour,Hors agglomération,Hors intersection,Pluie légère,Trois véhicules et plus - en chaîne,,,,,,,,,,,1,1,1,2.0,4.0
201700047468,0017-05-19 08:00:00,17,5,19,8,0,950,582,RD 170,48.9639,2.2673,Plein jour,Hors agglomération,Hors intersection,Normale,Deux véhicules - côté,,,,,,,,,,,1,1,1,1.0,3.0
201700047469,0017-05-19 08:20:00,17,5,19,8,20,930,8,AUTOROUTE A86,48.91573,2.43025,Plein jour,Hors agglomération,Hors intersection,Normale,Deux véhicules - arrière,,,,,,,,,,,1,1,1,1.0,2.0
201700047470,0017-05-18 19:45:00,17,5,18,19,45,950,582,AUTOROUTE A15,48.9662,2.2571,Plein jour,Hors agglomération,Hors intersection,Pluie forte,Autre collision,,,,,,,,,,,1,1,1,3.0,6.0
201700047471,0017-05-19 20:30:00,17,5,19,20,30,930,5,AUTOROUTE A3,48.95089,2.47454,Plein jour,Hors agglomération,Hors intersection,Autre,Trois véhicules et plus - en chaîne,,,,,,,,,,,1,1,1,9.0,4.0
201700047472,0017-05-20 14:50:00,17,5,20,14,50,950,277,AUTOROUTE A1,48.9734,2.4873,Plein jour,Hors agglomération,Hors intersection,Normale,Deux véhicules - arrière,,,,,,,,,,,1,1,1,1.0,2.0
201700047473,0017-05-20 16:20:00,17,5,20,16,20,930,5,AUTOROUTE A3,48.96292,2.47377,Plein jour,Hors agglomération,Hors intersection,Normale,Autre collision,,,,,,,,,,,1,1,1,1.0,6.0
201700047474,0017-05-21 01:20:00,17,5,21,1,20,930,13,AUTOROUTE A1,48.94113,2.42742,Nuit sans éclairage public,Hors agglomération,Hors intersection,Normale,Deux véhicules - arrière,,,,,,,,,,,3,1,1,1.0,2.0
201700047475,0017-05-19 17:15:00,17,5,19,17,15,920,36,AUTOROUTE A15,,,Plein jour,Hors agglomération,Hors intersection,Pluie légère,Trois véhicules et plus - collisions multiples,,,,,,,,,,,1,1,1,2.0,5.0
201700047476,0017-05-19 14:30:00,17,5,19,14,30,920,36,AUTOROUTE A86,,,Plein jour,Hors agglomération,Hors intersection,Normale,Deux véhicules - côté,,,,,,,,,,,1,1,1,1.0,3.0
201700047477,0017-05-18 14:20:00,17,5,18,14,20,930,64,AUTOROUTE A86,48.8667,2.48164,Plein jour,Hors agglomération,Hors intersection,Normale,Autre collision,,,,,,,,,,,1,1,1,1.0,6.0
201700047478,0017-05-18 17:00:00,17,5,18,17,0,950,18,AUTOROUTE A15,48.9513,2.2797,Plein jour,Hors agglomération,Hors intersection,Normale,Sans collision,,,,,,,,,,,1,1,1,1.0,7.0
201700047479,0017-05-20 11:15:00,17,5,20,11,15,930,10,AUTOROUTE A3,48.88569,2.47261,Plein jour,Hors agglomération,Hors intersection,Normale,Trois véhicules et plus - collisions multiples,,,,,,,,,,,1,1,1,1.0,5.0
201700047480,0017-05-21 13:45:00,17,5,21,13,45,930,48,AUTOROUTE A1086,48.87222,2.44877,Plein jour,Hors agglomération,Hors intersection,Normale,Sans collision,,,,,,,,,,,1,1,1,1.0,7.0
201700047481,0017-05-21 13:40:00,17,5,21,13,40,930,48,AUTOROUTE A3,48.87301,2.43528,Plein jour,Hors agglomération,Hors intersection,Normale,Autre collision,,,,,,,,,,,1,1,1,1.0,6.0
201700047482,0017-05-21 19:45:00,17,5,21,19,45,930,13,AUTOROUTE A1,48.93873,2.41622,Plein jour,Hors agglomération,Hors intersection,Normale,Trois véhicules et plus - en chaîne,,,,,,,,,,,1,1,1,1.0,4.0
201700047483,0017-05-22 17:45:00,17,5,22,17,45,930,53,AUTOROUTE A3,48.88267,2.45684,Plein jour,Hors agglomération,Hors intersection,Normale,Deux véhicules - côté,,,,,,,,,,,1,1,1,1.0,3.0
201700047484,0017-05-22 18:30:00,17,5,22,18,30,950,500,AUTOROUTE A15,49.0371,2.0917,Plein jour,Hors agglomération,Hors intersection,Normale,Deux véhicules - côté,,,,,,,,,,,1,1,1,1.0,3.0
201700047485,0017-05-19 12:40:00,17,5,19,12,40,950,678,ROUTE NATIONALE 184,49.0612,2.2121,Plein jour,Hors agglomération,Hors intersection,Normale,Autre collision,,,,,,,,,,,1,1,1,1.0,6.0
201700047486,0017-05-22 22:45:00,17,5,22,22,45,950,252,AUTOROUTE A15,48.9791,2.2292,Nuit sans éclairage public,Hors agglomération,Hors intersection,Normale,Autre collision,,,,,,,,,,,3,1,1,1.0,6.0
201700047487,0017-05-23 15:50:00,17,5,23,15,50,930,8,AUTOROUTE A86,48.90281,2.4673,Plein jour,Hors agglomération,Hors intersection,Normale,Deux véhicules - arrière,,,,,,,,,,,1,1,1,1.0,2.0
201700047488,0017-05-24 02:05:00,17,5,24,2,5,930,27,AUTOROUTE A86,48.92775,2.40983,Nuit sans éclairage public,Hors agglomération,Hors intersection,Normale,Deux véhicules - côté,,,,,,,,,,,3,1,1,1.0,3.0
201700047489,0017-05-24 22:50:00,17,5,24,22,50,950,488,AUTOROUTE A15,49.0276,2.1291,Nuit sans éclairage public,Hors agglomération,Hors intersection,Normale,Trois véhicules et plus - en chaîne,,,,,,,,,,,3,1,1,1.0,4.0
201700047490,0017-05-25 12:30:00,17,5,25,12,30,920,36,AUTOROUTE A15,,,Plein jour,Hors agglomération,Hors intersection,Normale,Trois véhicules et plus - en chaîne,,,,,,,,,,,1,1,1,1.0,4.0
201700047491,0017-05-24 16:15:00,17,5,24,16,15,950,256,ROUTE NATIONALE 184,49.0586,2.2099,Plein jour,Hors agglomération,Hors intersection,Normale,Trois véhicules et plus - en chaîne,,,,,,,,,,,1,1,1,1.0,4.0
201700047492,0017-05-25 14:45:00,17,5,25,14,45,950,488,AUTOROUTE A15,49.0247,2.1324,Plein jour,Hors agglomération,Hors intersection,Normale,Deux véhicules - arrière,,,,,,,,,,,1,1,1,1.0,2.0
201700047493,0017-05-19 17:30:00,17,5,19,17,30,930,48,AUTOROUTE A3,48.87313,2.43594,Plein jour,Hors agglomération,Hors intersection,Normale,Deux véhicules - côté,,,,,,,,,,,1,1,1,1.0,3.0
201700047494,0017-05-26 21:40:00,17,5,26,21,40,950,252,AUTOROUTE A15,48.9835,2.2185,Crépuscule ou aube,Hors agglomération,Hors intersection,Normale,Deux véhicules - arrière,,,,,,,,,,,2,1,1,1.0,2.0
201700047495,0017-05-26 11:50:00,17,5,26,11,50,930,13,AUTOROUTE A1,48.94023,2.42355,Plein jour,Hors agglomération,Hors intersection,Normale,Deux véhicules - côté,,,,,,,,,,,1,1,1,1.0,3.0
201700047496,0017-05-25 13:30:00,17,5,25,13,30,950,527,AUTOROUTE A1,48.9935,2.5147,Plein jour,Hors agglomération,Hors intersection,Normale,Trois véhicules et plus - collisions multiples,,,,,,,,,,,1,1,1,1.0,5.0
201700047497,0017-05-19 18:15:00,17,5,19,18,15,930,27,AUTOROUTE A86,48.92352,2.38323,Plein jour,Hors agglomération,Hors intersection,Normale,Deux véhicules - côté,,,,,,,,,,,1,1,1,1.0,3.0
201700047498,0017-05-27 15:50:00,17,5,27,15,50,930,66,AUTOROUTE A1,48.91937,2.35754,Plein jour,Hors agglomération,Hors intersection,Normale,Autre collision,,,,,,,,,,,1,1,1,1.0,6.0
201700047499,0017-05-27 16:30:00,17,5,27,16,30,930,5,AUTOROUTE A3,48.96017,2.47352,Plein jour,Hors agglomération,Hors intersection,Normale,Deux véhicules - arrière,,,,,,,,,,,1,1,1,1.0,2.0
201700047500,0017-05-28 17:30:00,17,5,28,17,30,950,18,AUTOROUTE A15,48.9588,2.2736,Plein jour,Hors agglomération,Hors intersection,Normale,Trois véhicules et plus - collisions multiples,,,,,,,,,,,1,1,1,1.0,5.0
201700047501,0017-05-28 21:25:00,17,5,28,21,25,950,365,RN 104,49.0673,2.3987,Crépuscule ou aube,Hors agglomération,Hors intersection,Normale,Autre collision,,,,,,,,,,,2,1,1,1.0,6.0
201700047502,0017-05-28 12:50:00,17,5,28,12,50,930,66,AUTOROUTE A1,48.9061,2.35833,Plein jour,Hors agglomération,Hors intersection,Normale,Sans collision,,,,,,,,,,,1,1,1,1.0,7.0
201700047503,0017-05-29 06:40:00,17,5,29,6,40,930,66,AUTOROUTE A1,48.9338,2.384,Plein jour,Hors agglomération,Hors intersection,Normale,Deux véhicules - arrière,,,,,,,,,,,1,1,1,1.0,2.0
201700047504,0017-05-29 17:00:00,17,5,29,17,0,930,27,AUTOROUTE A86,48.92697,2.40589,Plein jour,Hors agglomération,Hors intersection,Normale,Sans collision,,,,,,,,,,,1,1,1,1.0,7.0
201700047505,0017-05-31 00:20:00,17,5,31,0,20,950,42,RN 104,49.0571,2.2949,Nuit sans éclairage public,Hors agglomération,Hors intersection,Normale,Autre collision,,,,,,,,,,,3,1,1,1.0,6.0
201700047506,0017-03-01 21:00:00,17,3,1,21,0,950,277,AUTOROUTE A104,48.9735,2.4859,Nuit sans éclairage public,Hors agglomération,Hors intersection,Temps couvert,Deux véhicules - arrière,,,,,,,,,,,3,1,1,8.0,2.0
201700047507,0017-05-30 20:25:00,17,5,30,20,25,930,63,AUTOROUTE A3,48.87406,2.4375,Plein jour,Hors agglomération,Hors intersection,Normale,Trois véhicules et plus - collisions multiples,,,,,,,,,,,1,1,1,1.0,5.0
201700047508,0017-05-30 18:00:00,17,5,30,18,0,930,1,AUTOROUTE A86,48.92087,3.37175,Plein jour,Hors agglomération,Hors intersection,Normale,Trois véhicules et plus - en chaîne,,,,,,,,,,,1,1,1,1.0,4.0
201700047509,0017-05-25 19:40:00,17,5,25,19,40,600,631,AUTOROUTE A1,49.14898,2.58151,Plein jour,Hors agglomération,Hors intersection,Normale,Sans collision,,,,,,,,,,,1,1,1,1.0,7.0