accident_id,datetime,annee,mois,jour,heure,minute,departement,commune_insee,adresse,latitude,longitude,luminosite,agglomeration,intersection,meteo,collision,nb_vehicules,nb_usagers,nb_indemnes,nb_tues,nb_blesses_hosp,nb_blesses_legers,age_cond_1,age_cond_2,veh_type_cond_1,veh_type_cond_2,lum_code,agg_code,int_code,atm_code,col_code
201700047634,0017-07-04 17:05:00,17,7,4,17,5,930,73,AUTOROUTE A104,,,Plein jour,Hors agglomération,Hors intersection,Normale,Deux véhicules - arrière,,,,,,,,,,,1,1,1,1.0,2.0
201700047635,0017-07-02 08:23:00,17,7,2,8,23,950,277,AUTOROUTE A104,48.9728,2.4872,Plein jour,Hors agglomération,Hors intersection,Normale,Autre collision,,,,,,,,,,,1,1,1,1.0,6.0
201700047636,0017-06-30 18:50:00,17,6,30,18,50,950,277,RD 170,48.9778,2.4575,Plein jour,Hors agglomération,Hors intersection,Pluie légère,Autre collision,,,,,,,,,,,1,1,1,2.0,6.0
201700047637,0017-07-05 14:45:00,17,7,5,14,45,950,61,RN 104,49.0681,2.2541,Plein jour,Hors agglomération,Hors intersection,Normale,Autre collision,,,,,,,,,,,1,1,1,1.0,6.0
201700047638,0017-07-06 01:45:00,17,7,6,1,45,930,6,AUTOROUTE A3,,,Nuit sans éclairage public,Hors agglomération,Hors intersection,Normale,Autre collision,,,,,,,,,,,3,1,1,1.0,6.0
201700047639,0017-07-06 11:15:00,17,7,6,11,15,920,36,AUTOROUTE A15,,,Plein jour,Hors agglomération,Hors intersection,Pluie légère,Autre collision,,,,,,,,,,,1,1,1,2.0,6.0
201700047640,0017-07-05 17:30:00,17,7,5,17,30,950,488,AUTOROUTE A15,49.0248,2.1322,Plein jour,Hors agglomération,Hors intersection,Normale,Autre collision,,,,,,,,,,,1,1,1,1.0,6.0
201700047641,0017-07-05 20:45:00,17,7,5,20,45,950,582,AUTOROUTE A15,48.9634,2.2648,Plein jour,Hors agglomération,Hors intersection,Normale,Autre collision,,,,,,,,,,,1,1,1,1.0,6.0
201700047642,0017-07-06 14:30:00,17,7,6,14,30,930,64,AUTOROUTE A86,,,Plein jour,Hors agglomération,Hors intersection,Normale,Deux véhicules - arrière,,,,,,,,,,,1,1,1,1.0,2.0
201700047643,0017-07-02 09:40:00,17,7,2,9,40,950,582,RD 170,48.9625,2.2631,Plein jour,Hors agglomération,Hors intersection,Pluie légère,Autre collision,,,,,,,,,,,1,1,1,2.0,6.0
201700047644,0017-07-02 10:50:00,17,7,2,10,50,950,277,AUTOROUTE A104,48.9735,2.4859,Plein jour,Hors agglomération,Hors intersection,Pluie légère,Autre collision,,,,,,,,,,,1,1,1,2.0,6.0
201700047645,0017-07-06 20:20:00,17,7,6,20,20,950,580,AUTOROUTE A1,49.0834,2.5513,Plein jour,Hors agglomération,Hors intersection,Pluie légère,Deux véhicules - arrière,,,,,,,,,,,1,1,1,2.0,2.0
201700047646,0017-06-29 17:15:00,17,6,29,17,15,930,66,AUTOROUTE A1,48.92812,2.35799,Plein jour,Hors agglomération,Hors intersection,Normale,Trois véhicules et plus - en chaîne,,,,,,,,,,,1,1,1,1.0,4.0
201700047647,0017-07-07 17:40:00,17,7,7,17,40,950,527,AUTOROUTE A1,49.0176,2.5324,Plein jour,Hors agglomération,Hors intersection,Normale,Deux véhicules - arrière,,,,,,,,,,,1,1,1,1.0,2.0
201700047648,0017-07-08 16:40:00,17,7,8,16,40,930,5,AUTOROUTE A1,,,Plein jour,Hors agglomération,Hors intersection,Normale,Deux véhicules - arrière,,,,,,,,,,,1,1,1,1.0,2.0
201700047649,0017-07-08 19:00:00,17,7,8,19,0,930,66,AUTOROUTE A1,46.91644,2.35677,Plein jour,Hors agglomération,Hors intersection,Normale,Deux véhicules - arrière,,,,,,,,,,,1,1,1,1.0,2.0
201700047650,0017-07-10 02:30:00,17,7,10,2,30,950,641,AUTOROUTE A1,49.0793,2.5518,Nuit sans éclairage public,Hors agglomération,Hors intersection,Normale,Trois véhicules et plus - en chaîne,,,,,,,,,,,3,1,1,1.0,4.0
201700047651,0017-07-10 01:15:00,17,7,10,1,15,930,5,AUTOROUTE A1,48.9576,2.46279,Nuit sans éclairage public,Hors agglomération,Hors intersection,Pluie forte,Autre collision,,,,,,,,,,,3,1,1,3.0,6.0
201700047652,0017-07-10 05:15:00,17,7,10,5,15,930,66,AUTOROUTE A1,48.90525,2.35841,Nuit sans éclairage public,Hors agglomération,Hors intersection,Pluie légère,Trois véhicules et plus - collisions multiples,,,,,,,,,,,3,1,1,2.0,5.0
201700047653,0017-07-10 11:50:00,17,7,10,11,50,920,78,AUTOROUTE A86,48.92982,2.32727,Plein jour,Hors agglomération,Hors intersection,Pluie forte,Deux véhicules - arrière,,,,,,,,,,,1,1,1,3.0,2.0
201700047654,0017-07-11 07:40:00,17,7,11,7,40,950,306,AUTOROUTE A15,49.0094,2.1573,Plein jour,Hors agglomération,Hors intersection,Normale,Deux véhicules - arrière,,,,,,,,,,,1,1,1,1.0,2.0
201700047655,0017-07-08 10:25:00,17,7,8,10,25,930,66,AUTOROUTE A1,,,Plein jour,Hors agglomération,Hors intersection,Normale,Autre collision,,,,,,,,,,,1,1,1,1.0,6.0
201700047656,0017-07-11 09:40:00,17,7,11,9,40,950,582,RD 170,48.9626,2.2633,Plein jour,Hors agglomération,Hors intersection,Normale,Deux véhicules - arrière,,,,,,,,,,,1,1,1,1.0,2.0
201700047657,0017-07-05 19:45:00,17,7,5,19,45,930,66,AUTOROUTE A1,,,Plein jour,Hors agglomération,Hors intersection,Normale,Deux véhicules - arrière,,,,,,,,,,,1,1,1,1.0,2.0
201700047658,0017-07-12 22:30:00,17,7,12,22,30,930,63,AUTOROUTE A3,48.87891,2.44819,Nuit avec éclairage non allumé,Hors agglomération,Hors intersection,Normale,Deux véhicules - arrière,,,,,,,,,,,4,1,1,1.0,2.0
201700047659,0017-07-12 18:35:00,17,7,12,18,35,930,78,AUTOROUTE A104,48.96,2.55,Plein jour,Hors agglomération,Hors intersection,Normale,Trois véhicules et plus - collisions multiples,,,,,,,,,,,1,1,1,1.0,5.0
201700047660,0017-07-13 08:45:00,17,7,13,8,45,930,10,AUTOROUTE A3,,,Plein jour,Hors agglomération,Hors intersection,Normale,Trois véhicules et plus - en chaîne,,,,,,,,,,,1,1,1,1.0,4.0
201700047661,0017-07-13 15:15:00,17,7,13,15,15,930,64,AUTOROUTE A86,48.8566,2.35222,Plein jour,Hors agglomération,Hors intersection,Normale,Deux véhicules - côté,,,,,,,,,,,1,1,1,1.0,3.0
201700047662,0017-07-12 19:30:00,17,7,12,19,30,600,612,AUTOROUTE A1,49.17748,2.60363,Plein jour,Hors agglomération,Hors intersection,Normale,Deux véhicules - arrière,,,,,,,,,,,1,1,1,1.0,2.0
201700047663,0017-07-01 07:30:00,17,7,1,7,30,930,66,AUTOROUTE A1,,,Plein jour,Hors agglomération,Hors intersection,Normale,Autre collision,,,,,,,,,,,1,1,1,1.0,6.0
201700047664,0017-07-13 11:15:00,17,7,13,11,15,950,500,AUTOROUTE A15,49.0377,2.0891,Plein jour,Hors agglomération,Hors intersection,Normale,Deux véhicules - arrière,,,,,,,,,,,1,1,1,1.0,2.0
201700047665,0017-07-15 02:00:00,17,7,15,2,0,950,572,AUTOROUTE A15,49.0308,2.1214,Nuit sans éclairage public,Hors agglomération,Hors intersection,Normale,Autre collision,,,,,,,,,,,3,1,1,1.0,6.0
201700047666,0017-07-15 19:00:00,17,7,15,19,0,950,28,RN 104,49.0618,2.3421,Plein jour,Hors agglomération,Hors intersection,Normale,Trois véhicules et plus - en chaîne,,,,,,,,,,,1,1,1,1.0,4.0
201700047667,0017-07-15 21:15:00,17,7,15,21,15,920,36,AUTOROUTE A86,48.93604,2.28845,Crépuscule ou aube,Hors agglomération,Hors intersection,Normale,Autre collision,,,,,,,,,,,2,1,1,1.0,6.0
201700047668,0017-07-16 00:45:00,17,7,16,0,45,930,66,AUTOROUTE A1,48.91963,2.35754,Nuit sans éclairage public,Hors agglomération,Hors intersection,Normale,Deux véhicules - arrière,,,,,,,,,,,3,1,1,1.0,2.0
201700047669,0017-07-16 04:18:00,17,7,16,4,18,950,277,AUTOROUTE A1,48.9821,2.5006,Nuit sans éclairage public,Hors agglomération,Hors intersection,Normale,Autre collision,,,,,,,,,,,3,1,1,1.0,6.0
201700047670,0017-07-16 06:00:00,17,7,16,6,0,950,219,AUTOROUTE A115,48.9919,2.2453,Crépuscule ou aube,Hors agglomération,Hors intersection,Normale,Deux véhicules - côté,,,,,,,,,,,2,1,1,1.0,3.0
201700047671,0017-07-16 07:15:00,17,7,16,7,15,950,500,AUTOROUTE A15,49.0431,2.0779,Plein jour,Hors agglomération,Hors intersection,Normale,Sans collision,,,,,,,,,,,1,1,1,1.0,7.0
201700047672,0017-07-16 10:45:00,17,7,16,10,45,930,53,AUTOROUTE A3,48.8924,2.4729,Plein jour,Hors agglomération,Hors intersection,Normale,Deux véhicules - côté,,,,,,,,,,,1,1,1,1.0,3.0
201700047673,0017-07-12 12:19:00,17,7,12,12,19,930,53,AUTOROUTE A3,,,Plein jour,Hors agglomération,Hors intersection,Normale,Deux véhicules - arrière,,,,,,,,,,,1,1,1,1.0,2.0
201700047674,0017-07-16 21:30:00,17,7,16,21,30,930,78,AUTOROUTE A104,48.96134,2.54389,Crépuscule ou aube,Hors agglomération,Hors intersection,Normale,Sans collision,,,,,,,,,,,2,1,1,1.0,7.0
201700047675,0017-07-17 09:25:00,17,7,17,9,25,950,527,AUTOROUTE A1,48.9905,2.5111,Plein jour,Hors agglomération,Hors intersection,Normale,Deux véhicules - côté,,,,,,,,,,,1,1,1,1.0,3.0
201700047676,0017-07-18 11:20:00,17,7,18,11,20,950,176,AUTOROUTE A15,48.9891,2.2016,Plein jour,Hors agglomération,Hors intersection,Normale,Autre collision,,,,,,,,,,,1,1,1,1.0,6.0
201700047677,0017-07-12 16:45:00,17,7,12,16,45,930,53,AUTOROUTE A86,,,Plein jour,Hors agglomération,Hors intersection,Normale,Deux véhicules - arrière,,,,,,,,,,,1,1,1,1.0,2.0
201700047678,0017-07-18 19:00:00,17,7,18,19,0,930,8,AUTOROUTE A86,,,Plein jour,Hors agglomération,Hors intersection,Normale,Deux véhicules - arrière,,,,,,,,,,,1,1,1,1.0,2.0
201700047679,0017-07-17 21:00:00,17,7,17,21,0,600,631,AUTOROUTE A1,49.15676,2.59217,Plein jour,Hors agglomération,Hors intersection,Normale,Trois véhicules et plus - collisions multiples,,,,,,,,,,,1,1,1,1.0,5.0
201700047680,0017-07-19 22:27:00,17,7,19,22,27,950,675,AUTOROUTE A1,49.0584,2.5501,Nuit sans éclairage public,Hors agglomération,Hors intersection,Normale,Trois véhicules et plus - en chaîne,,,,,,,,,,,3,1,1,1.0,4.0
201700047681,0017-07-20 08:45:00,17,7,20,8,45,930,78,AUTOROUTE A104,,,Plein jour,Hors agglomération,Hors intersection,Normale,Deux véhicules - arrière,,,,,,,,,,,1,1,1,1.0,2.0
201700047682,0017-07-17 16:45:00,17,7,17,16,45,950,277,AUTOROUTE A1,48.9732,2.4871,Plein jour,Hors agglomération,Hors intersection,Normale,Deux véhicules - arrière,,,,,,,,,,,1,1,1,1.0,2.0
201700047683,0017-07-19 18:15:00,17,7,19,18,15,950,28,RN 104,49.0629,2.3356,Plein jour,Hors agglomération,Hors intersection,Normale,Deux véhicules - arrière,,,,,,,,,,,1,1,1,1.0,2.0
201700047684,0017-07-20 21:41:00,17,7,20,21,41,930,10,AUTOROUTE A3,,,Plein jour,Hors agglomération,Hors intersection,Normale,Deux véhicules - arrière,,,,,,,,,,,1,1,1,1.0,2.0
201700047685,0017-07-19 16:00:00,17,7,19,16,0,930,8,AUTOROUTE A86,48.9119,2.43481,Plein jour,Hors agglomération,Hors intersection,Normale,Trois véhicules et plus - en chaîne,,,,,,,,,,,1,1,1,1.0,4.0
201700047686,0017-07-20 22:24:00,17,7,20,22,24,930,78,AUTOROUTE A104,48.9645,2.5199,Nuit sans éclairage public,Hors agglomération,Hors intersection,Normale,Autre collision,,,,,,,,,,,3,1,1,1.0,6.0
201700047687,0017-07-21 20:40:00,17,7,21,20,40,950,277,RD 170,48.9781,2.4398,Plein jour,Hors agglomération,Hors intersection,Normale,Deux véhicules - arrière,,,,,,,,,,,1,1,1,1.0,2.0
201700047688,0017-07-21 11:00:00,17,7,21,11,0,950,582,AUTOROUTE A15,48.9721,2.2479,Plein jour,Hors agglomération,Hors intersection,Normale,Deux véhicules - arrière,,,,,,,,,,,1,1,1,1.0,2.0
201700047689,0017-07-21 12:30:00,17,7,21,12,30,930,10,AUTOROUTE A3,48.9153,2.4777,Plein jour,Hors agglomération,Hors intersection,Normale,Autre collision,,,,,,,,,,,1,1,1,1.0,6.0
201700047690,0017-07-22 08:30:00,17,7,22,8,30,950,394,AUTOROUTE A115,49.0497,2.1815,Plein jour,Hors agglomération,Hors intersection,Pluie légère,Autre collision,,,,,,,,,,,1,1,1,2.0,6.0
201700047691,0017-07-21 20:10:00,17,7,21,20,10,930,27,AUTOROUTE A1,,,Plein jour,Hors agglomération,Hors intersection,Normale,Deux véhicules - arrière,,,,,,,,,,,1,1,1,1.0,2.0
201700047692,0017-07-22 03:00:00,17,7,22,3,0,930,48,AUTOROUTE A3,48.87602,2.44136,Nuit sans éclairage public,Hors agglomération,Hors intersection,Normale,Deux véhicules - arrière,,,,,,,,,,,3,1,1,1.0,2.0
201700047693,0017-07-22 22:20:00,17,7,22,22,20,950,365,RN 104,49.0659,2.4063,Nuit sans éclairage public,Hors agglomération,Hors intersection,Pluie légère,Autre collision,,,,,,,,,,,3,1,1,2.0,6.0
201700047694,0017-07-23 03:50:00,17,7,23,3,50,950,582,AUTOROUTE A15,48.9742,2.2448,Nuit sans éclairage public,Hors agglomération,Hors intersection,Normale,Autre collision,,,,,,,,,,,3,1,1,1.0,6.0
201700047695,0017-07-20 12:00:00,17,7,20,12,0,930,64,AUTOROUTE A3,,,Plein jour,Hors agglomération,Hors intersection,Normale,Deux véhicules - arrière,,,,,,,,,,,1,1,1,1.0,2.0
201700047696,0017-07-24 01:50:00,17,7,24,1,50,930,66,AUTOROUTE A1,48.92256,2.35522,Nuit sans éclairage public,Hors agglomération,Hors intersection,Pluie légère,Deux véhicules - arrière,,,,,,,,,,,3,1,1,2.0,2.0
201700047697,0017-07-24 15:10:00,17,7,24,15,10,930,53,AUTOROUTE A3,,,Plein jour,Hors agglomération,Hors intersection,Normale,Deux véhicules - arrière,,,,,,,,,,,1,1,1,1.0,2.0
201700047698,0017-07-23 16:55:00,17,7,23,16,55,930,53,AUTOROUTE A86,,,Plein jour,Hors agglomération,Hors intersection,Normale,Deux véhicules - arrière,,,,,,,,,,,1,1,1,1.0,2.0
201700047699,0017-07-24 22:10:00,17,7,24,22,10,920,36,AUTOROUTE A86,48.93851,2.31104,Nuit sans éclairage public,Hors agglomération,Hors intersection,Pluie légère,Deux véhicules - arrière,,,,,,,,,,,3,1,1,2.0,2.0
201700047700,0017-07-24 22:40:00,17,7,24,22,40,930,5,AUTOROUTE A3,48.93232,2.51589,Nuit sans éclairage public,Hors agglomération,Hors intersection,Temps couvert,Autre collision,,,,,,,,,,,3,1,1,8.0,6.0
201700047701,0017-07-25 02:00:00,17,7,25,2,0,950,527,AUTOROUTE A3,48.9908,2.5121,Nuit sans éclairage public,Hors agglomération,Hors intersection,Temps couvert,Autre collision,,,,,,,,,,,3,1,1,8.0,6.0
201700047702,0017-07-25 03:20:00,17,7,25,3,20,930,66,AUTOROUTE A1,48.92985,2.36343,Nuit sans éclairage public,Hors agglomération,Hors intersection,Normale,Deux véhicules - arrière,,,,,,,,,,,3,1,1,1.0,2.0
201700047703,0017-07-25 22:55:00,17,7,25,22,55,950,500,AUTOROUTE A15,49.0361,2.0947,Nuit sans éclairage public,Hors agglomération,Hors intersection,Normale,Autre collision,,,,,,,,,,,3,1,1,1.0,6.0
201700047704,0017-07-26 06:40:00,17,7,26,6,40,930,66,AUTOROUTE A1,,,Nuit sans éclairage public,Hors agglomération,Hors intersection,Normale,Trois véhicules et plus - collisions multiples,,,,,,,,,,,3,1,1,1.0,5.0
201700047705,0017-07-17 19:00:00,17,7,17,19,0,920,36,AUTOROUTE A86,,,Plein jour,Hors agglomération,Hors intersection,Normale,Trois véhicules et plus - en chaîne,,,,,,,,,,,1,1,1,1.0,4.0
201700047706,0017-07-24 16:40:00,17,7,24,16,40,920,36,AUTOROUTE A15,,,Plein jour,Hors agglomération,Hors intersection,Pluie légère,Autre collision,,,,,,,,,,,1,1,1,2.0,6.0
201700047707,0017-03-28 20:50:00,17,3,28,20,50,950,488,AUTOROUTE A15,49.0245,2.1324,Nuit sans éclairage public,Hors agglomération,Hors intersection,Normale,Autre collision,,,,,,,,,,,3,1,1,1.0,6.0
201700047708,0017-07-27 09:05:00,17,7,27,9,5,930,6,AUTOROUTE A3,48.86701,2.42579,Plein jour,Hors agglomération,Hors intersection,Normale,Trois véhicules et plus - en chaîne,,,,,,,,,,,1,1,1,1.0,4.0
201700047709,0017-07-27 09:00:00,17,7,27,9,0,950,18,AUTOROUTE A15,48.9514,2.2797,Plein jour,Hors agglomération,Hors intersection,Pluie légère,Deux véhicules - côté,,,,,,,,,,,1,1,1,2.0,3.0
201700047710,0017-07-28 09:45:00,17,7,28,9,45,950,527,AUTOROUTE A1,48.9853,2.5163,Plein jour,Hors agglomération,Hors intersection,Normale,Deux véhicules - arrière,,,,,,,,,,,1,1,1,1.0,2.0
201700047711,0017-07-30 00:58:00,17,7,30,0,58,950,582,BD INTERCOMMUNAL PARISIS,48.9652,2.2709,Nuit avec éclairage allumé,Hors agglomération,Hors intersection,Normale,Autre collision,,,,,,,,,,,5,1,1,1.0,6.0
201700047712,0017-07-30 04:40:00,17,7,30,4,40,950,572,AUTOROUTE A15,49.0308,2.1221,Nuit sans éclairage public,Hors agglomération,Hors intersection,Normale,Autre collision,,,,,,,,,,,3,1,1,1.0,6.0
201700047713,0017-07-29 19:00:00,17,7,29,19,0,950,582,A901503,48.9639,2.2684,Plein jour,Hors agglomération,Hors intersection,Normale,Autre collision,,,,,,,,,,,1,1,1,1.0,6.0
201700047714,0017-07-30 18:30:00,17,7,30,18,30,950,607,AUTOROUTE A115,49.0138,2.2189,Plein jour,Hors agglomération,Hors intersection,Normale,Deux véhicules - arrière,,,,,,,,,,,1,1,1,1.0,2.0
201700047715,0017-07-30 14:30:00,17,7,30,14,30,930,6,AUTOROUTE A3,,,Plein jour,Hors agglomération,Hors intersection,Normale,Trois véhicules et plus - en chaîne,,,,,,,,,,,1,1,1,1.0,4.0
201700047716,0017-07-28 11:15:00,17,7,28,11,15,950,572,AUTOROUTE A15,49.0287,2.1275,Plein jour,Hors agglomération,Hors intersection,Normale,Autre collision,,,,,,,,,,,1,1,1,1.0,6.0
201700047717,0017-07-31 08:51:00,17,7,31,8,51,930,64,AUTOROUTE A86,,,Plein jour,Hors agglomération,Hors intersection,Normale,Trois véhicules et plus - collisions multiples,,,,,,,,,,,1,1,1,1.0,5.0
201700047718,0017-07-31 09:30:00,17,7,31,9,30,920,36,AUTOROUTE A86,,,Plein jour,Hors agglomération,Hors intersection,Normale,Deux véhicules - arrière,,,,,,,,,,,1,1,1,1.0,2.0
201700047719,0017-07-31 11:10:00,17,7,31,11,10,950,277,AUTOROUTE A1,48.9795,2.4967,Plein jour,Hors agglomération,Hors intersection,Normale,Autre collision,,,,,,,,,,,1,1,1,1.0,6.0
201700047720,0017-08-01 11:20:00,17,8,1,11,20,930,10,AUTOROUTE A3,,,Plein jour,Hors agglomération,Hors intersection,Normale,Trois véhicules et plus - en chaîne,,,,,,,,,,,1,1,1,1.0,4.0
201700047721,0017-08-01 10:30:00,17,8,1,10,30,950,572,ROUTE NATIONALE 184,49.0358,2.1186,Plein jour,Hors agglomération,Hors intersection,Normale,Deux véhicules - arrière,,,,,,,,,,,1,1,1,1.0,2.0
201700047722,0017-07-31 19:40:00,17,7,31,19,40,930,78,AUTOROUTE A104,48.9716,2.4968,Plein jour,Hors agglomération,Hors intersection,Normale,Deux véhicules - côté,,,,,,,,,,,1,1,1,1.0,3.0
201700047723,0017-07-31 17:35:00,17,7,31,17,35,930,8,AUTOROUTE A86,48.91092,2.44148,Plein jour,Hors agglomération,Hors intersection,Normale,Trois véhicules et plus - en chaîne,,,,,,,,,,,1,1,1,1.0,4.0
201700047724,0017-07-31 20:35:00,17,7,31,20,35,930,53,AUTOROUTE A3,48.88099,2.45286,Plein jour,Hors agglomération,Hors intersection,Temps couvert,Deux véhicules - côté,,,,,,,,,,,1,1,1,8.0,3.0
201700047725,0017-08-01 17:50:00,17,8,1,17,50,950,241,RN 104,49.0555,2.4233,Plein jour,Hors agglomération,Hors intersection,Normale,Sans collision,,,,,,,,,,,1,1,1,1.0,7.0
201700047726,0017-07-04 07:15:00,17,7,4,7,15,950,18,AUTOROUTE A15,48.9613,2.2685,Plein jour,Hors agglomération,Hors intersection,Normale,Deux véhicules - côté,,,,,,,,,,,1,1,1,1.0,3.0
201700047727,0017-08-03 09:15:00,17,8,3,9,15,950,394,AUTOROUTE A115,49.0521,2.1833,Plein jour,Hors agglomération,Hors intersection,Pluie légère,Autre collision,,,,,,,,,,,1,1,1,2.0,6.0
201700047728,0017-05-11 20:10:00,17,5,11,20,10,950,678,ROUTE NATIONALE 184,49.0592,2.2104,Plein jour,Hors agglomération,Hors intersection,Normale,Sans collision,,,,,,,,,,,1,1,1,1.0,7.0
201700047729,0017-08-04 10:30:00,17,8,4,10,30,930,64,AUTOROUTE A86,,,Plein jour,Hors agglomération,Hors intersection,Normale,Autre collision,,,,,,,,,,,1,1,1,1.0,6.0
201700047730,0017-08-05 07:30:00,17,8,5,7,30,950,527,AUTOROUTE A1,48.9863,2.5067,Plein jour,Hors agglomération,Hors intersection,Pluie légère,Autre collision,,,,,,,,,,,1,1,1,2.0,6.0
201700047731,0017-08-03 12:55:00,17,8,3,12,55,950,572,ROUTE NATIONALE 184,49.0329,2.1092,Plein jour,Hors agglomération,Hors intersection,Normale,Autre collision,,,,,,,,,,,1,1,1,1.0,6.0
201700047732,0017-08-06 18:45:00,17,8,6,18,45,600,241,AUTOROUTE A1,49.16197,2.59719,Plein jour,Hors agglomération,Hors intersection,Normale,Deux véhicules - côté,,,,,,,,,,,1,1,1,1.0,3.0
201700047733,0017-08-07 02:25:00,17,8,7,2,25,930,64,AUTOROUTE A86,48.86839,2.48235,Nuit sans éclairage public,Hors agglomération,Hors intersection,Normale,Deux véhicules - arrière,,,,,,,,,,,3,1,1,1.0,2.0
201700047734,0017-08-06 14:45:00,17,8,6,14,45,950,488,AUTOROUTE A15,49.0271,2.1296,Plein jour,Hors agglomération,Hors intersection,Normale,Sans collision,,,,,,,,,,,1,1,1,1.0,7.0
201700047735,0017-08-07 13:15:00,17,8,7,13,15,930,30,AUTOROUTE A1,48.93963,2.42073,Plein jour,Hors agglomération,Hors intersection,Normale,Deux véhicules - arrière,,,,,,,,,,,1,1,1,1.0,2.0
201700047736,0017-08-03 12:40:00,17,8,3,12,40,950,42,RN 104,49.0588,2.2841,Plein jour,Hors agglomération,Hors intersection,Normale,Deux véhicules - côté,,,,,,,,,,,1,1,1,1.0,3.0
201700047737,0017-08-08 00:10:00,17,8,8,0,10,950,18,AUTOROUTE A15,48.9619,2.2679,Nuit sans éclairage public,Hors agglomération,Hors intersection,Normale,Trois véhicules et plus - en chaîne,,,,,,,,,,,3,1,1,1.0,4.0
201700047738,0017-08-08 07:15:00,17,8,8,7,15,930,53,AUTOROUTE A3,48.8839,2.4585,Crépuscule ou aube,Hors agglomération,Hors intersection,Pluie légère,Autre collision,,,,,,,,,,,2,1,1,2.0,6.0
201700047739,0017-08-09 08:20:00,17,8,9,8,20,930,5,AUTOROUTE A3,48.91913,4.47886,Plein jour,Hors agglomération,Hors intersection,Normale,Trois véhicules et plus - en chaîne,,,,,,,,,,,1,1,1,1.0,4.0
201700047740,0017-08-09 10:20:00,17,8,9,10,20,950,18,AUTOROUTE A15,48.9509,2.2798,Plein jour,Hors agglomération,Hors intersection,Normale,Trois véhicules et plus - collisions multiples,,,,,,,,,,,1,1,1,1.0,5.0
201700047741,0017-08-08 19:20:00,17,8,8,19,20,950,277,RD 170,48.9781,2.4553,Plein jour,Hors agglomération,Hors intersection,Pluie légère,Autre collision,,,,,,,,,,,1,1,1,2.0,6.0
201700047742,0017-08-08 19:30:00,17,8,8,19,30,920,36,AUTOROUTE A15,,,Plein jour,Hors agglomération,Hors intersection,Normale,Deux véhicules - côté,,,,,,,,,,,1,1,1,1.0,3.0
201700047743,0017-08-08 20:00:00,17,8,8,20,0,930,78,AUTOROUTE A104,,,Plein jour,Hors agglomération,Hors intersection,Pluie légère,Autre collision,,,,,,,,,,,1,1,1,2.0,6.0
201700047744,0017-08-09 18:15:00,17,8,9,18,15,920,36,AUTOROUTE A15,,,Plein jour,Hors agglomération,Hors intersection,Temps couvert,Autre collision,,,,,,,,,,,1,1,1,8.0,6.0
201700047745,0017-08-09 19:28:00,17,8,9,19,28,950,365,RN 104,49.0658,2.4064,Plein jour,Hors agglomération,Hors intersection,Pluie légère,Autre collision,,,,,,,,,,,1,1,1,2.0,6.0
201700047746,0017-07-02 12:00:00,17,7,2,12,0,930,27,AUTOROUTE A86,,,Plein jour,Hors agglomération,Hors intersection,Pluie légère,Deux véhicules - arrière,,,,,,,,,,,1,1,1,2.0,2.0
201700047747,0017-08-10 14:30:00,17,8,10,14,30,950,60,AUTOROUTE A115,49.0432,2.1881,Plein jour,Hors agglomération,Hors intersection,Normale,Autre collision,,,,,,,,,,,1,1,1,1.0,6.0
201700047748,0017-06-30 13:00:00,17,6,30,13,0,950,582,AUTOROUTE A15,48.9719,2.2482,Plein jour,Hors agglomération,Hors intersection,Pluie légère,Deux véhicules - arrière,,,,,,,,,,,1,1,1,2.0,2.0
201700047749,0017-08-12 01:45:00,17,8,12,1,45,950,218,AUTOROUTE A15,49.0353,2.0976,Nuit sans éclairage public,Hors agglomération,Hors intersection,Normale,Trois véhicules et plus - en chaîne,,,,,,,,,,,3,1,1,1.0,4.0
201700047750,0017-07-31 06:15:00,17,7,31,6,15,950,60,AUTOROUTE A115,49.0428,2.1882,Crépuscule ou aube,Hors agglomération,Hors intersection,Normale,Deux véhicules - côté,,,,,,,,,,,2,1,1,1.0,3.0
201700047751,0017-07-31 10:00:00,17,7,31,10,0,950,572,AUTOROUTE A15,49.0309,2.1209,Plein jour,Hors agglomération,Hors intersection,Normale,Trois véhicules et plus - en chaîne,,,,,,,,,,,1,1,1,1.0,4.0
201700047752,0017-08-12 13:00:00,17,8,12,13,0,930,5,AUTOROUTE A3,,,Plein jour,Hors agglomération,Hors intersection,Autre,Trois véhicules et plus - en chaîne,,,,,,,,,,,1,1,1,9.0,4.0
201700047753,0017-08-12 17:40:00,17,8,12,17,40,930,66,AUTOROUTE A1,48.90764,2.35823,Plein jour,Hors agglomération,Hors intersection,Normale,Deux véhicules - côté,,,,,,,,,,,1,1,1,1.0,3.0
201700047754,0017-08-12 21:20:00,17,8,12,21,20,950,424,AUTOROUTE A15,48.9907,2.1936,Crépuscule ou aube,Hors agglomération,Hors intersection,Pluie légère,Deux véhicules - côté,,,,,,,,,,,2,1,1,2.0,3.0
201700047755,0017-08-12 12:00:00,17,8,12,12,0,930,5,AUTOROUTE A3,,,Plein jour,Hors agglomération,Hors intersection,Normale,Deux véhicules - arrière,,,,,,,,,,,1,1,1,1.0,2.0
201700047756,0017-08-12 09:25:00,17,8,12,9,25,950,394,AUTOROUTE A115,49.0509,2.1816,Plein jour,Hors agglomération,Hors intersection,Pluie légère,Autre collision,,,,,,,,,,,1,1,1,2.0,6.0
201700047757,0017-08-13 05:15:00,17,8,13,5,15,950,491,AUTOROUTE A115,49.0076,2.2421,Nuit sans éclairage public,Hors agglomération,Hors intersection,Normale,Autre collision,,,,,,,,,,,3,1,1,1.0,6.0
201700047758,0017-08-04 15:30:00,17,8,4,15,30,930,78,AUTOROUTE A104,,,Plein jour,Hors agglomération,Hors intersection,Normale,Deux véhicules - côté,,,,,,,,,,,1,1,1,1.0,3.0