accident_id,datetime,annee,mois,jour,heure,minute,departement,commune_insee,adresse,latitude,longitude,luminosite,agglomeration,intersection,meteo,collision,nb_vehicules,nb_usagers,nb_indemnes,nb_tues,nb_blesses_hosp,nb_blesses_legers,age_cond_1,age_cond_2,veh_type_cond_1,veh_type_cond_2,lum_code,agg_code,int_code,atm_code,col_code
201700047884,0017-09-20 07:30:00,17,9,20,7,30,600,138,AUTOROUTE A1,49.21383,2.62222,Crépuscule ou aube,Hors agglomération,Hors intersection,Normale,Deux véhicules - arrière,,,,,,,,,,,2,1,1,1.0,2.0
201700047885,0017-09-20 10:15:00,17,9,20,10,15,930,66,AUTOROUTE A1,48.90372,2.35855,Plein jour,Hors agglomération,Hors intersection,Normale,Deux véhicules - côté,,,,,,,,,,,1,1,1,1.0,3.0
201700047886,0017-09-20 16:15:00,17,9,20,16,15,920,36,AUTOROUTE A15,,,Plein jour,Hors agglomération,Hors intersection,Normale,Deux véhicules - côté,,,,,,,,,,,1,1,1,1.0,3.0
201700047887,0017-09-20 22:10:00,17,9,20,22,10,920,36,AUTOROUTE A86,48.99806,2.51971,Nuit sans éclairage public,Hors agglomération,Hors intersection,Normale,Trois véhicules et plus - collisions multiples,,,,,,,,,,,3,1,1,1.0,5.0
201700047888,0017-09-21 03:20:00,17,9,21,3,20,930,6,AUTOROUTE A3,48.8664,2.42416,Nuit sans éclairage public,Hors agglomération,Hors intersection,Normale,Deux véhicules - côté,,,,,,,,,,,3,1,1,1.0,3.0
201700047889,0017-09-20 19:15:00,17,9,20,19,15,930,78,AUTOROUTE A104,,,Plein jour,Hors agglomération,Hors intersection,Normale,Trois véhicules et plus - en chaîne,,,,,,,,,,,1,1,1,1.0,4.0
201700047890,0017-09-21 14:15:00,17,9,21,14,15,930,7,AUTOROUTE A1,,,Plein jour,Hors agglomération,Hors intersection,Normale,Trois véhicules et plus - en chaîne,,,,,,,,,,,1,1,1,1.0,4.0
201700047891,0017-09-21 22:30:00,17,9,21,22,30,930,29,AUTOROUTE A86,,,Nuit avec éclairage non allumé,Hors agglomération,Hors intersection,Normale,Autre collision,,,,,,,,,,,4,1,1,1.0,6.0
201700047892,0017-09-22 09:15:00,17,9,22,9,15,930,66,AUTOROUTE A1,,,Plein jour,Hors agglomération,Hors intersection,Normale,Trois véhicules et plus - en chaîne,,,,,,,,,,,1,1,1,1.0,4.0
201700047893,0017-09-22 17:10:00,17,9,22,17,10,930,8,AUTOROUTE A86,,,Plein jour,Hors agglomération,Hors intersection,Normale,Deux véhicules - côté,,,,,,,,,,,1,1,1,1.0,3.0
201700047894,0017-09-22 20:35:00,17,9,22,20,35,950,151,RN 104,49.0632,2.2706,Nuit sans éclairage public,Hors agglomération,Hors intersection,Normale,Deux véhicules - côté,,,,,,,,,,,3,1,1,1.0,3.0
201700047895,0017-09-22 20:15:00,17,9,22,20,15,930,10,AUTOROUTE A3,,,Nuit sans éclairage public,Hors agglomération,Hors intersection,Normale,Trois véhicules et plus - collisions multiples,,,,,,,,,,,3,1,1,1.0,5.0
201700047896,0017-09-23 08:00:00,17,9,23,8,0,930,8,AUTOROUTE A86,,,Crépuscule ou aube,Hors agglomération,Hors intersection,Normale,Autre collision,,,,,,,,,,,2,1,1,1.0,6.0
201700047897,0017-09-24 07:35:00,17,9,24,7,35,930,5,AUTOROUTE A1,,,Crépuscule ou aube,Hors agglomération,Hors intersection,Normale,Deux véhicules - côté,,,,,,,,,,,2,1,1,1.0,3.0
201700047898,0017-09-23 17:45:00,17,9,23,17,45,950,18,AUTOROUTE A15,48.9515,2.2796,Plein jour,Hors agglomération,Hors intersection,Normale,Trois véhicules et plus - en chaîne,,,,,,,,,,,1,1,1,1.0,4.0
201700047899,0017-09-23 14:10:00,17,9,23,14,10,920,36,AUTOROUTE A86,48.93762,2.31657,Plein jour,Hors agglomération,Hors intersection,Normale,Trois véhicules et plus - en chaîne,,,,,,,,,,,1,1,1,1.0,4.0
201700047900,0017-09-24 23:40:00,17,9,24,23,40,930,8,AUTOROUTE A86,48.9101,2.4442,Nuit avec éclairage allumé,Hors agglomération,Hors intersection,Normale,Autre collision,,,,,,,,,,,5,1,1,1.0,6.0
201700047901,0017-09-24 21:55:00,17,9,24,21,55,950,277,AUTOROUTE A3,48.9698,2.4813,Nuit sans éclairage public,Hors agglomération,Hors intersection,Normale,Trois véhicules et plus - en chaîne,,,,,,,,,,,3,1,1,1.0,4.0
201700047902,0017-09-25 09:00:00,17,9,25,9,0,920,36,AUTOROUTE A86,48.9387,2.3096,Plein jour,Hors agglomération,Hors intersection,Normale,Trois véhicules et plus - en chaîne,,,,,,,,,,,1,1,1,1.0,4.0
201700047903,0017-09-25 18:10:00,17,9,25,18,10,950,572,ROUTE NATIONALE 184,49.0499,2.1429,Plein jour,Hors agglomération,Hors intersection,Normale,Sans collision,,,,,,,,,,,1,1,1,1.0,7.0
201700047904,0017-09-26 06:55:00,17,9,26,6,55,920,36,AUTOROUTE A15,48.94837,2.28099,Nuit sans éclairage public,Hors agglomération,Hors intersection,Temps couvert,Autre collision,,,,,,,,,,,3,1,1,8.0,6.0
201700047905,0017-09-26 09:15:00,17,9,26,9,15,930,1,AUTOROUTE A86,48.9214,2.369,Plein jour,Hors agglomération,Hors intersection,Normale,Deux véhicules - arrière,,,,,,,,,,,1,1,1,1.0,2.0
201700047906,0017-06-26 20:30:00,17,6,26,20,30,930,27,AUTOROUTE A86,48.92562,2.39593,Plein jour,Hors agglomération,Hors intersection,Normale,Deux véhicules - arrière,,,,,,,,,,,1,1,1,1.0,2.0
201700047907,0017-09-27 10:15:00,17,9,27,10,15,930,66,AUTOROUTE A1,,,Plein jour,Hors agglomération,Hors intersection,Normale,Deux véhicules - arrière,,,,,,,,,,,1,1,1,1.0,2.0
201700047908,0017-09-28 08:10:00,17,9,28,8,10,950,582,AUTOROUTE A15,48.9707,2.2491,Crépuscule ou aube,Hors agglomération,Hors intersection,Pluie légère,Deux véhicules - arrière,,,,,,,,,,,2,1,1,2.0,2.0
201700047909,0017-09-28 09:44:00,17,9,28,9,44,930,27,AUTOROUTE A86,,,Plein jour,Hors agglomération,Hors intersection,Temps couvert,Trois véhicules et plus - en chaîne,,,,,,,,,,,1,1,1,8.0,4.0
201700047910,0017-09-27 16:00:00,17,9,27,16,0,930,5,AUTOROUTE A3,,,Plein jour,Hors agglomération,Hors intersection,Normale,Trois véhicules et plus - en chaîne,,,,,,,,,,,1,1,1,1.0,4.0
201700047911,0017-09-28 15:04:00,17,9,28,15,4,950,582,RD 170,48.9641,2.2678,Plein jour,Hors agglomération,Hors intersection,Normale,Autre collision,,,,,,,,,,,1,1,1,1.0,6.0
201700047912,0017-09-29 09:00:00,17,9,29,9,0,930,5,AUTOROUTE A3,,,Plein jour,Hors agglomération,Hors intersection,Normale,Sans collision,,,,,,,,,,,1,1,1,1.0,7.0
201700047913,0017-09-29 23:50:00,17,9,29,23,50,930,10,AUTOROUTE A3,48.544,2.2812,Nuit sans éclairage public,Hors agglomération,Hors intersection,Pluie légère,Deux véhicules - côté,,,,,,,,,,,3,1,1,2.0,3.0
201700047914,0017-09-30 03:30:00,17,9,30,3,30,950,212,AUTOROUTE A1,49.0241,2.5357,Nuit avec éclairage allumé,Hors agglomération,Hors intersection,Pluie légère,Deux véhicules - arrière,,,,,,,,,,,5,1,1,2.0,2.0
201700047915,0017-09-30 06:10:00,17,9,30,6,10,930,78,AUTOROUTE A104,,,Nuit sans éclairage public,Hors agglomération,Hors intersection,Pluie légère,Trois véhicules et plus - collisions multiples,,,,,,,,,,,3,1,1,2.0,5.0
201700047916,0017-09-30 08:55:00,17,9,30,8,55,930,5,AUTOROUTE A104,,,Plein jour,Hors agglomération,Hors intersection,Pluie légère,Autre collision,,,,,,,,,,,1,1,1,2.0,6.0
201700047917,0017-09-30 11:10:00,17,9,30,11,10,930,8,AUTOROUTE A86,,,Plein jour,Hors agglomération,Hors intersection,Normale,Deux véhicules - côté,,,,,,,,,,,1,1,1,1.0,3.0
201700047918,0017-09-30 14:00:00,17,9,30,14,0,930,78,AUTOROUTE A104,48.96735,2.51161,Plein jour,Hors agglomération,Hors intersection,Normale,Trois véhicules et plus - en chaîne,,,,,,,,,,,1,1,1,1.0,4.0
201700047919,0017-09-30 17:00:00,17,9,30,17,0,920,36,AUTOROUTE A86,48.93885,2.30639,Plein jour,Hors agglomération,Hors intersection,Normale,Deux véhicules - arrière,,,,,,,,,,,1,1,1,1.0,2.0
201700047920,0017-09-30 00:15:00,17,9,30,0,15,950,394,ROUTE NATIONALE 184,49.0522,2.1964,Nuit sans éclairage public,Hors agglomération,Hors intersection,Pluie légère,Autre collision,,,,,,,,,,,3,1,1,2.0,6.0
201700047921,0017-10-01 02:45:00,17,10,1,2,45,930,8,AUTOROUTE A86,,,Nuit avec éclairage allumé,Hors agglomération,Hors intersection,Normale,Sans collision,,,,,,,,,,,5,1,1,1.0,7.0
201700047922,0017-09-30 20:50:00,17,9,30,20,50,930,27,AUTOROUTE A86,48.92745,2.40676,Nuit sans éclairage public,Hors agglomération,Hors intersection,Normale,Deux véhicules - arrière,,,,,,,,,,,3,1,1,1.0,2.0
201700047923,0017-09-28 13:00:00,17,9,28,13,0,930,27,AUTOROUTE A1,,,Plein jour,Hors agglomération,Hors intersection,Normale,Deux véhicules - arrière,,,,,,,,,,,1,1,1,1.0,2.0
201700047924,0017-10-01 18:35:00,17,10,1,18,35,950,580,AUTOROUTE A1,49.0806,2.5513,Plein jour,Hors agglomération,Hors intersection,Normale,Autre collision,,,,,,,,,,,1,1,1,1.0,6.0
201700047925,0017-10-01 04:35:00,17,10,1,4,35,950,277,AUTOROUTE A3,48.9735,2.4868,Nuit sans éclairage public,Hors agglomération,Hors intersection,Pluie légère,Autre collision,,,,,,,,,,,3,1,1,2.0,6.0
201700047926,0017-10-01 23:55:00,17,10,1,23,55,920,36,AUTOROUTE A15,48.94825,2.28108,Nuit sans éclairage public,Hors agglomération,Hors intersection,Temps couvert,Deux véhicules - côté,,,,,,,,,,,3,1,1,8.0,3.0
201700047927,0017-10-02 13:20:00,17,10,2,13,20,950,607,AUTOROUTE A115,49.0241,2.2088,Plein jour,Hors agglomération,Hors intersection,Normale,Deux véhicules - arrière,,,,,,,,,,,1,1,1,1.0,2.0
201700047928,0017-10-02 16:30:00,17,10,2,16,30,930,63,AUTOROUTE A3,,,Plein jour,Hors agglomération,Hors intersection,Normale,Deux véhicules - arrière,,,,,,,,,,,1,1,1,1.0,2.0
201700047929,0017-10-02 04:15:00,17,10,2,4,15,930,5,AUTOROUTE A104,48.95821,2.53034,Nuit sans éclairage public,Hors agglomération,Hors intersection,Pluie légère,Autre collision,,,,,,,,,,,3,1,1,2.0,6.0
201700047930,0017-10-02 20:00:00,17,10,2,20,0,950,500,AUTOROUTE A15,49.0376,2.09019,Crépuscule ou aube,Hors agglomération,Hors intersection,Normale,Deux véhicules - arrière,,,,,,,,,,,2,1,1,1.0,2.0
201700047931,0017-10-03 09:00:00,17,10,3,9,0,930,8,AUTOROUTE A86,,,Plein jour,Hors agglomération,Hors intersection,Normale,Autre collision,,,,,,,,,,,1,1,1,1.0,6.0
201700047932,0017-10-03 09:30:00,17,10,3,9,30,950,18,AUTOROUTE A15,48.9602,2.2707,Plein jour,Hors agglomération,Hors intersection,Normale,Autre collision,,,,,,,,,,,1,1,1,1.0,6.0
201700047933,0017-10-03 08:00:00,17,10,3,8,0,950,555,RD 170,48.9711,2.2756,Crépuscule ou aube,Hors agglomération,Hors intersection,Normale,Deux véhicules - arrière,,,,,,,,,,,2,1,1,1.0,2.0
201700047934,0017-10-03 10:45:00,17,10,3,10,45,930,29,AUTOROUTE A86,,,Plein jour,Hors agglomération,Hors intersection,Normale,Autre collision,,,,,,,,,,,1,1,1,1.0,6.0
201700047935,0017-09-22 17:32:00,17,9,22,17,32,920,36,AUTOROUTE A86,,,Plein jour,Hors agglomération,Hors intersection,Normale,Autre collision,,,,,,,,,,,1,1,1,1.0,6.0
201700047936,0017-10-03 17:25:00,17,10,3,17,25,950,678,ROUTE NATIONALE 184,49.0705,2.2216,Plein jour,Hors agglomération,Hors intersection,Normale,Trois véhicules et plus - en chaîne,,,,,,,,,,,1,1,1,1.0,4.0
201700047937,0017-10-03 12:30:00,17,10,3,12,30,930,10,AUTOROUTE A3,,,Plein jour,Hors agglomération,Hors intersection,Normale,Deux véhicules - arrière,,,,,,,,,,,1,1,1,1.0,2.0
201700047938,0017-10-04 07:50:00,17,10,4,7,50,950,572,AUTOROUTE A15,49.0319,2.1132,Nuit sans éclairage public,Hors agglomération,Hors intersection,Normale,Deux véhicules - arrière,,,,,,,,,,,3,1,1,1.0,2.0
201700047939,0017-10-04 09:15:00,17,10,4,9,15,950,582,AUTOROUTE A115,48.9764,2.2399,Plein jour,Hors agglomération,Hors intersection,Normale,Deux véhicules - arrière,,,,,,,,,,,1,1,1,1.0,2.0
201700047940,0017-10-04 08:30:00,17,10,4,8,30,930,7,AUTOROUTE A1,,,Plein jour,Hors agglomération,Hors intersection,Normale,Deux véhicules - côté,,,,,,,,,,,1,1,1,1.0,3.0
201700047941,0017-10-04 13:45:00,17,10,4,13,45,930,13,AUTOROUTE A1,,,Plein jour,Hors agglomération,Hors intersection,Normale,Deux véhicules - arrière,,,,,,,,,,,1,1,1,1.0,2.0
201700047942,0017-10-03 20:10:00,17,10,3,20,10,930,78,AUTOROUTE A104,,,Nuit sans éclairage public,Hors agglomération,Hors intersection,Normale,Trois véhicules et plus - en chaîne,,,,,,,,,,,3,1,1,1.0,4.0
201700047943,0017-10-04 17:20:00,17,10,4,17,20,930,53,AUTOROUTE A103,,,Plein jour,Hors agglomération,Hors intersection,Normale,Deux véhicules - côté,,,,,,,,,,,1,1,1,1.0,3.0
201700047944,0017-10-05 09:05:00,17,10,5,9,5,930,78,AUTOROUTE A104,,,Plein jour,Hors agglomération,Hors intersection,Normale,Trois véhicules et plus - collisions multiples,,,,,,,,,,,1,1,1,1.0,5.0
201700047945,0017-10-05 17:20:00,17,10,5,17,20,950,500,AUTOROUTE A15,49.0402,2.0832,Plein jour,Hors agglomération,Hors intersection,Pluie légère,Deux véhicules - arrière,,,,,,,,,,,1,1,1,2.0,2.0
201700047946,0017-10-05 13:00:00,17,10,5,13,0,930,53,AUTOROUTE A3,,,Plein jour,Hors agglomération,Hors intersection,Normale,Trois véhicules et plus - en chaîne,,,,,,,,,,,1,1,1,1.0,4.0
201700047947,0017-10-06 09:15:00,17,10,6,9,15,950,424,AUTOROUTE A15,48.9908,2.1939,Plein jour,Hors agglomération,Hors intersection,Normale,Deux véhicules - arrière,,,,,,,,,,,1,1,1,1.0,2.0
201700047948,0017-10-06 21:20:00,17,10,6,21,20,950,582,RD 170,48.9646,2.2697,Nuit avec éclairage allumé,Hors agglomération,Hors intersection,Normale,Deux véhicules - arrière,,,,,,,,,,,5,1,1,1.0,2.0
201700047949,0017-10-07 14:35:00,17,10,7,14,35,950,18,AUTOROUTE A15,48.9597,2.2716,Plein jour,Hors agglomération,Hors intersection,Normale,Trois véhicules et plus - en chaîne,,,,,,,,,,,1,1,1,1.0,4.0
201700047950,0017-10-07 15:55:00,17,10,7,15,55,950,151,RN 104,49.0633,2.2709,Plein jour,Hors agglomération,Hors intersection,Normale,Autre collision,,,,,,,,,,,1,1,1,1.0,6.0
201700047951,0017-10-07 15:40:00,17,10,7,15,40,920,36,AUTOROUTE A15,,,Plein jour,Hors agglomération,Hors intersection,Normale,Autre collision,,,,,,,,,,,1,1,1,1.0,6.0
201700047952,0017-10-07 22:00:00,17,10,7,22,0,930,66,AUTOROUTE A1,48.9272,2.3524,Nuit avec éclairage allumé,Hors agglomération,Hors intersection,Pluie légère,Deux véhicules - côté,,,,,,,,,,,5,1,1,2.0,3.0
201700047953,0017-10-07 21:15:00,17,10,7,21,15,950,241,RN 104,49.0471,2.4369,Nuit sans éclairage public,Hors agglomération,Hors intersection,Pluie légère,Autre collision,,,,,,,,,,,3,1,1,2.0,6.0
201700047954,0017-10-07 21:30:00,17,10,7,21,30,930,63,AUTOROUTE A3,48.87749,2.44443,Nuit sans éclairage public,Hors agglomération,Hors intersection,Pluie légère,Trois véhicules et plus - en chaîne,,,,,,,,,,,3,1,1,2.0,4.0
201700047955,0017-10-08 10:35:00,17,10,8,10,35,950,572,AUTOROUTE A15,49.0318,2.1149,Plein jour,Hors agglomération,Hors intersection,Normale,Autre collision,,,,,,,,,,,1,1,1,1.0,6.0
201700047956,0017-10-08 03:15:00,17,10,8,3,15,930,5,AUTOROUTE A3,48.9277,2.48149,Nuit sans éclairage public,Hors agglomération,Hors intersection,Temps couvert,Trois véhicules et plus - collisions multiples,,,,,,,,,,,3,1,1,8.0,5.0
201700047957,0017-10-09 08:00:00,17,10,9,8,0,930,8,AUTOROUTE A86,,,Crépuscule ou aube,Hors agglomération,Hors intersection,Normale,Trois véhicules et plus - collisions multiples,,,,,,,,,,,2,1,1,1.0,5.0
201700047958,0017-10-09 07:00:00,17,10,9,7,0,950,18,AUTOROUTE A15,48.9515,2.2796,Nuit sans éclairage public,Hors agglomération,Hors intersection,Normale,Deux véhicules - côté,,,,,,,,,,,3,1,1,1.0,3.0
201700047959,0017-10-09 18:25:00,17,10,9,18,25,930,27,AUTOROUTE A1,,,Plein jour,Hors agglomération,Hors intersection,Normale,Deux véhicules - arrière,,,,,,,,,,,1,1,1,1.0,2.0
201700047960,0017-10-10 06:00:00,17,10,10,6,0,930,66,AUTOROUTE A1,,,Nuit sans éclairage public,Hors agglomération,Hors intersection,Autre,Sans collision,,,,,,,,,,,3,1,1,9.0,7.0
201700047961,0017-10-10 09:00:00,17,10,10,9,0,930,27,AUTOROUTE A86,,,Plein jour,Hors agglomération,Hors intersection,Normale,Deux véhicules - côté,,,,,,,,,,,1,1,1,1.0,3.0
201700047962,0017-10-10 14:30:00,17,10,10,14,30,930,6,AUTOROUTE A3,,,Plein jour,Hors agglomération,Hors intersection,Normale,Deux véhicules - côté,,,,,,,,,,,1,1,1,1.0,3.0
201700047963,0017-10-10 15:00:00,17,10,10,15,0,930,10,AUTOROUTE A3,,,Plein jour,Hors agglomération,Hors intersection,Normale,Deux véhicules - arrière,,,,,,,,,,,1,1,1,1.0,2.0
201700047964,0017-10-10 22:55:00,17,10,10,22,55,950,306,AUTOROUTE A15,49.0071,2.1623,Nuit sans éclairage public,Hors agglomération,Hors intersection,Normale,Deux véhicules - arrière,,,,,,,,,,,3,1,1,1.0,2.0
201700047965,0017-10-10 19:00:00,17,10,10,19,0,920,36,AUTOROUTE A86,,,Crépuscule ou aube,Hors agglomération,Hors intersection,Normale,Deux véhicules - côté,,,,,,,,,,,2,1,1,1.0,3.0
201700047966,0017-10-11 13:15:00,17,10,11,13,15,930,13,AUTOROUTE A1,48.94876,2.43364,Plein jour,Hors agglomération,Hors intersection,Normale,Trois véhicules et plus - collisions multiples,,,,,,,,,,,1,1,1,1.0,5.0
201700047967,0017-10-11 17:30:00,17,10,11,17,30,950,18,AUTOROUTE A15,48.9598,2.2718,Plein jour,Hors agglomération,Hors intersection,Normale,Deux véhicules - côté,,,,,,,,,,,1,1,1,1.0,3.0
201700047968,0017-10-11 18:00:00,17,10,11,18,0,930,5,AUTOROUTE A1,48.9635,2.47247,Plein jour,Hors agglomération,Hors intersection,Normale,Deux véhicules - côté,,,,,,,,,,,1,1,1,1.0,3.0
201700047969,0017-10-11 11:30:00,17,10,11,11,30,930,7,AUTOROUTE A1,,,Plein jour,Hors agglomération,Hors intersection,Normale,Deux véhicules - arrière,,,,,,,,,,,1,1,1,1.0,2.0
201700047970,0017-10-12 06:38:00,17,10,12,6,38,950,582,AUTOROUTE A15,48.9658,2.2587,Nuit sans éclairage public,Hors agglomération,Hors intersection,Normale,Trois véhicules et plus - en chaîne,,,,,,,,,,,3,1,1,1.0,4.0
201700047971,0017-10-12 09:05:00,17,10,12,9,5,930,66,AUTOROUTE A1,,,Plein jour,Hors agglomération,Hors intersection,Normale,Deux véhicules - côté,,,,,,,,,,,1,1,1,1.0,3.0
201700047972,0017-10-13 07:00:00,17,10,13,7,0,950,252,AUTOROUTE A15,48.9799,2.2268,Nuit sans éclairage public,Hors agglomération,Hors intersection,Normale,Trois véhicules et plus - en chaîne,,,,,,,,,,,3,1,1,1.0,4.0
201700047973,0017-10-13 14:00:00,17,10,13,14,0,930,5,AUTOROUTE A3,,,Plein jour,Hors agglomération,Hors intersection,Normale,Deux véhicules - arrière,,,,,,,,,,,1,1,1,1.0,2.0
201700047974,0017-10-13 17:00:00,17,10,13,17,0,930,27,AUTOROUTE A1,,,Plein jour,Hors agglomération,Hors intersection,Normale,Deux véhicules - côté,,,,,,,,,,,1,1,1,1.0,3.0
201700047975,0017-10-13 16:15:00,17,10,13,16,15,950,277,RD 170,48.9782,2.4389,Plein jour,Hors agglomération,Hors intersection,Normale,Deux véhicules - côté,,,,,,,,,,,1,1,1,1.0,3.0
201700047976,0017-10-13 16:45:00,17,10,13,16,45,950,572,ROUTE NATIONALE 184,49.0383,2.1244,Plein jour,Hors agglomération,Hors intersection,Normale,Deux véhicules - arrière,,,,,,,,,,,1,1,1,1.0,2.0
201700047977,0017-10-14 02:40:00,17,10,14,2,40,950,572,AUTOROUTE A15,49.0307,2.1227,Nuit sans éclairage public,Hors agglomération,Hors intersection,Normale,Trois véhicules et plus - collisions multiples,,,,,,,,,,,3,1,1,1.0,5.0
201700047978,0017-10-13 12:35:00,17,10,13,12,35,920,36,AUTOROUTE A15,48.9427,2.2889,Plein jour,Hors agglomération,Hors intersection,Normale,Trois véhicules et plus - en chaîne,,,,,,,,,,,1,1,1,1.0,4.0
201700047979,0017-10-13 11:15:00,17,10,13,11,15,930,53,AUTOROUTE A86,48.88419,2.46724,Plein jour,Hors agglomération,Hors intersection,Normale,Deux véhicules - côté,,,,,,,,,,,1,1,1,1.0,3.0
201700047980,0017-10-14 13:50:00,17,10,14,13,50,930,66,AUTOROUTE A1,,,Plein jour,Hors agglomération,Hors intersection,Normale,Deux véhicules - arrière,,,,,,,,,,,1,1,1,1.0,2.0
201700047981,0017-10-14 17:45:00,17,10,14,17,45,930,10,AUTOROUTE A3,,,Plein jour,Hors agglomération,Hors intersection,Normale,Trois véhicules et plus - en chaîne,,,,,,,,,,,1,1,1,1.0,4.0
201700047982,0017-10-15 04:00:00,17,10,15,4,0,950,682,RN 104,49.0676,2.3794,Nuit sans éclairage public,Hors agglomération,Hors intersection,Normale,Sans collision,,,,,,,,,,,3,1,1,1.0,7.0
201700047983,0017-10-15 09:30:00,17,10,15,9,30,930,27,AUTOROUTE A1,,,Plein jour,Hors agglomération,Hors intersection,Normale,Deux véhicules - côté,,,,,,,,,,,1,1,1,1.0,3.0
201700047984,0017-10-15 17:50:00,17,10,15,17,50,950,277,AUTOROUTE A104,48.9735,2.4859,Plein jour,Hors agglomération,Hors intersection,Normale,Deux véhicules - arrière,,,,,,,,,,,1,1,1,1.0,2.0
201700047985,0017-10-16 08:45:00,17,10,16,8,45,950,394,ROUTE NATIONALE 184,49.0512,2.1907,Plein jour,Hors agglomération,Hors intersection,Normale,Deux véhicules - côté,,,,,,,,,,,1,1,1,1.0,3.0
201700047986,0017-10-16 11:00:00,17,10,16,11,0,930,53,AUTOROUTE A3,,,Plein jour,Hors agglomération,Hors intersection,Normale,Deux véhicules - côté,,,,,,,,,,,1,1,1,1.0,3.0
201700047987,0017-10-16 14:20:00,17,10,16,14,20,950,572,ROUTE NATIONALE 184,49.0349,2.1148,Plein jour,Hors agglomération,Hors intersection,Normale,Autre collision,,,,,,,,,,,1,1,1,1.0,6.0
201700047988,0017-10-16 21:10:00,17,10,16,21,10,950,424,AUTOROUTE A15,48.9901,2.1962,Nuit sans éclairage public,Hors agglomération,Hors intersection,Normale,Deux véhicules - côté,,,,,,,,,,,3,1,1,1.0,3.0
201700047989,0017-10-16 23:50:00,17,10,16,23,50,930,66,AUTOROUTE A1,48.91194,2.35805,Nuit avec éclairage allumé,Hors agglomération,Hors intersection,Normale,Deux véhicules - arrière,,,,,,,,,,,5,1,1,1.0,2.0
201700047990,0017-10-16 20:30:00,17,10,16,20,30,950,582,AUTOROUTE A15,48.9658,2.2587,Nuit sans éclairage public,Hors agglomération,Hors intersection,Normale,Trois véhicules et plus - en chaîne,,,,,,,,,,,3,1,1,1.0,4.0
201700047991,0017-10-17 05:45:00,17,10,17,5,45,950,252,AUTOROUTE A15,48.9834,2.2186,Nuit sans éclairage public,Hors agglomération,Hors intersection,Normale,Deux véhicules - arrière,,,,,,,,,,,3,1,1,1.0,2.0
201700047992,0017-10-17 11:20:00,17,10,17,11,20,930,5,AUTOROUTE A3,,,Plein jour,Hors agglomération,Hors intersection,Normale,Deux véhicules - côté,,,,,,,,,,,1,1,1,1.0,3.0
201700047993,0017-10-17 09:10:00,17,10,17,9,10,930,64,AUTOROUTE A86,,,Plein jour,Hors agglomération,Hors intersection,Normale,Trois véhicules et plus - collisions multiples,,,,,,,,,,,1,1,1,1.0,5.0
201700047994,0017-10-17 08:00:00,17,10,17,8,0,930,66,AUTOROUTE A1,,,Crépuscule ou aube,Hors agglomération,Hors intersection,Normale,Deux véhicules - côté,,,,,,,,,,,2,1,1,1.0,3.0
201700047995,0017-10-19 01:55:00,17,10,19,1,55,930,5,AUTOROUTE A3,,,Nuit sans éclairage public,Hors agglomération,Hors intersection,Normale,Autre collision,,,,,,,,,,,3,1,1,1.0,6.0
201700047996,0017-10-19 19:00:00,17,10,19,19,0,930,8,AUTOROUTE A86,,,Crépuscule ou aube,Hors agglomération,Hors intersection,Normale,Trois véhicules et plus - collisions multiples,,,,,,,,,,,2,1,1,1.0,5.0
201700047997,0017-10-19 21:20:00,17,10,19,21,20,950,582,BD INTERCOMMUNAL  PARISI,48.9647,2.2701,Nuit avec éclairage allumé,Hors agglomération,Hors intersection,Normale,Sans collision,,,,,,,,,,,5,1,1,1.0,7.0
201700047998,0017-10-20 03:20:00,17,10,20,3,20,920,36,AUTOROUTE A15,48.93741,2.29656,Nuit sans éclairage public,Hors agglomération,Hors intersection,Pluie forte,Autre collision,,,,,,,,,,,3,1,1,3.0,6.0
201700047999,0017-10-20 08:40:00,17,10,20,8,40,930,13,AUTOROUTE A1,,,Plein jour,Hors agglomération,Hors intersection,Normale,Deux véhicules - côté,,,,,,,,,,,1,1,1,1.0,3.0
201700048000,0017-10-20 08:25:00,17,10,20,8,25,930,5,AUTOROUTE A3,,,Plein jour,Hors agglomération,Hors intersection,Normale,Trois véhicules et plus - en chaîne,,,,,,,,,,,1,1,1,1.0,4.0
201700048001,0017-10-20 17:50:00,17,10,20,17,50,930,5,AUTOROUTE A3,,,Plein jour,Hors agglomération,Hors intersection,Normale,Deux véhicules - arrière,,,,,,,,,,,1,1,1,1.0,2.0
201700048002,0017-10-20 16:30:00,17,10,20,16,30,930,63,AUTOROUTE A3,,,Plein jour,Hors agglomération,Hors intersection,Normale,Deux véhicules - côté,,,,,,,,,,,1,1,1,1.0,3.0
201700048003,0017-10-20 23:38:00,17,10,20,23,38,950,212,RN 104,49.0271,2.5365,Nuit avec éclairage allumé,Hors agglomération,Hors intersection,Normale,Autre collision,,,,,,,,,,,5,1,1,1.0,6.0
201700048004,0017-10-20 21:24:00,17,10,20,21,24,930,64,AUTOROUTE A86,49.02763,2.53605,Nuit avec éclairage non allumé,Hors agglomération,Hors intersection,Normale,Trois véhicules et plus - collisions multiples,,,,,,,,,,,4,1,1,1.0,5.0
201700048005,0017-10-21 09:15:00,17,10,21,9,15,950,582,AUTOROUTE A15,48.9633,2.2644,Plein jour,Hors agglomération,Hors intersection,Temps couvert,Deux véhicules - côté,,,,,,,,,,,1,1,1,8.0,3.0
201700048006,0017-10-18 08:25:00,17,10,18,8,25,930,63,AUTOROUTE A3,,,Plein jour,Hors agglomération,Hors intersection,Normale,Trois véhicules et plus - collisions multiples,,,,,,,,,,,1,1,1,1.0,5.0