accident_id,datetime,annee,mois,jour,heure,minute,departement,commune_insee,adresse,latitude,longitude,luminosite,agglomeration,intersection,meteo,collision,nb_vehicules,nb_usagers,nb_indemnes,nb_tues,nb_blesses_hosp,nb_blesses_legers,age_cond_1,age_cond_2,veh_type_cond_1,veh_type_cond_2,lum_code,agg_code,int_code,atm_code,col_code
201700048007,0017-10-22 01:00:00,17,10,22,1,0,950,582,AUTOROUTE A15,48.96343,2.2621,Nuit sans éclairage public,Hors agglomération,Hors intersection,Normale,Trois véhicules et plus - collisions multiples,,,,,,,,,,,3,1,1,1.0,5.0
201700048008,0017-10-21 20:15:00,17,10,21,20,15,930,27,AUTOROUTE A86,,,Nuit avec éclairage allumé,Hors agglomération,Hors intersection,Normale,Deux véhicules - arrière,,,,,,,,,,,5,1,1,1.0,2.0
201700048009,0017-10-21 15:00:00,17,10,21,15,0,950,252,AUTOROUTE A15,48.9869,2.2087,Plein jour,Hors agglomération,Hors intersection,Normale,Deux véhicules - côté,,,,,,,,,,,1,1,1,1.0,3.0
201700048010,0017-10-21 17:55:00,17,10,21,17,55,920,36,AUTOROUTE A15,,,Plein jour,Hors agglomération,Hors intersection,Normale,Deux véhicules - côté,,,,,,,,,,,1,1,1,1.0,3.0
201700048011,0017-10-21 20:10:00,17,10,21,20,10,930,5,AUTOROUTE A1,,,Nuit sans éclairage public,Hors agglomération,Hors intersection,Normale,Trois véhicules et plus - en chaîne,,,,,,,,,,,3,1,1,1.0,4.0
201700048012,0017-10-22 13:00:00,17,10,22,13,0,930,66,AUTOROUTE A1,,,Plein jour,Hors agglomération,Hors intersection,Normale,Deux véhicules - arrière,,,,,,,,,,,1,1,1,1.0,2.0
201700048013,0017-10-22 21:00:00,17,10,22,21,0,930,5,AUTOROUTE A3,48.9483,2.47555,Nuit avec éclairage non allumé,Hors agglomération,Hors intersection,Pluie légère,Trois véhicules et plus - collisions multiples,,,,,,,,,,,4,1,1,2.0,5.0
201700048014,0017-10-22 02:30:00,17,10,22,2,30,930,6,AUTOROUTE A3,48.86676,2.4256,Nuit sans éclairage public,Hors agglomération,Hors intersection,Normale,Deux véhicules - arrière,,,,,,,,,,,3,1,1,1.0,2.0
201700048015,0017-10-22 22:15:00,17,10,22,22,15,950,675,AUTOROUTE A1,49.0575,2.5501,Nuit sans éclairage public,Hors agglomération,Hors intersection,Pluie forte,Autre collision,,,,,,,,,,,3,1,1,3.0,6.0
201700048016,0017-10-23 08:30:00,17,10,23,8,30,950,678,RN 104,49.0731,2.2363,Plein jour,Hors agglomération,Hors intersection,Temps couvert,Trois véhicules et plus - en chaîne,,,,,,,,,,,1,1,1,8.0,4.0
201700048017,0017-10-23 08:05:00,17,10,23,8,5,950,18,AUTOROUTE A15,48.9515,2.2796,Crépuscule ou aube,Hors agglomération,Hors intersection,Normale,Trois véhicules et plus - collisions multiples,,,,,,,,,,,2,1,1,1.0,5.0
201700048018,0017-10-23 08:26:00,17,10,23,8,26,950,365,RN 104,49.0672,2.4001,Plein jour,Hors agglomération,Hors intersection,Pluie légère,Deux véhicules - arrière,,,,,,,,,,,1,1,1,2.0,2.0
201700048019,0017-10-20 09:35:00,17,10,20,9,35,930,64,AUTOROUTE A86,48.87242,2.4809,Plein jour,Hors agglomération,Hors intersection,Normale,Trois véhicules et plus - en chaîne,,,,,,,,,,,1,1,1,1.0,4.0
201700048020,0017-10-23 19:00:00,17,10,23,19,0,930,5,AUTOROUTE A3,48.99761,2.4725,Crépuscule ou aube,Hors agglomération,Hors intersection,Pluie forte,Trois véhicules et plus - en chaîne,,,,,,,,,,,2,1,1,3.0,4.0
201700048021,0017-10-23 22:30:00,17,10,23,22,30,950,277,AUTOROUTE A104,48.9735,2.4859,Nuit sans éclairage public,Hors agglomération,Hors intersection,Pluie légère,Autre collision,,,,,,,,,,,3,1,1,2.0,6.0
201700048022,0017-10-23 09:05:00,17,10,23,9,5,950,42,RN 104,49.0631,2.3291,Plein jour,Hors agglomération,Hors intersection,Normale,Deux véhicules - côté,,,,,,,,,,,1,1,1,1.0,3.0
201700048023,0017-10-24 10:35:00,17,10,24,10,35,930,27,AUTOROUTE A86,,,Plein jour,Hors agglomération,Hors intersection,Pluie légère,Sans collision,,,,,,,,,,,1,1,1,2.0,7.0
201700048024,0017-10-24 08:00:00,17,10,24,8,0,930,8,AUTOROUTE A86,,,Plein jour,Hors agglomération,Hors intersection,Pluie légère,Deux véhicules - arrière,,,,,,,,,,,1,1,1,2.0,2.0
201700048025,0017-10-24 11:20:00,17,10,24,11,20,950,218,AUTOROUTE A15,49.0355,2.0977,Plein jour,Hors agglomération,Hors intersection,Pluie légère,Autre collision,,,,,,,,,,,1,1,1,2.0,6.0
201700048026,0017-10-24 09:05:00,17,10,24,9,5,930,64,AUTOROUTE A103,,,Plein jour,Hors agglomération,Hors intersection,Pluie légère,Autre collision,,,,,,,,,,,1,1,1,2.0,6.0
201700048027,0017-10-24 08:00:00,17,10,24,8,0,950,277,AUTOROUTE A104,48.9728,2.4872,Crépuscule ou aube,Hors agglomération,Hors intersection,Pluie légère,Autre collision,,,,,,,,,,,2,1,1,2.0,6.0
201700048028,0017-10-24 09:40:00,17,10,24,9,40,950,582,AUTOROUTE A15,48.9639,2.2635,Plein jour,Hors agglomération,Hors intersection,Pluie légère,Trois véhicules et plus - collisions multiples,,,,,,,,,,,1,1,1,2.0,5.0
201700048029,0017-10-24 12:30:00,17,10,24,12,30,950,277,AUTOROUTE A104,48.9735,2.4859,Plein jour,Hors agglomération,Hors intersection,Pluie légère,Deux véhicules - côté,,,,,,,,,,,1,1,1,2.0,3.0
201700048030,0017-10-23 19:00:00,17,10,23,19,0,930,66,AUTOROUTE A86,48.92345,2.34371,Crépuscule ou aube,Hors agglomération,Hors intersection,Pluie légère,Deux véhicules - côté,,,,,,,,,,,2,1,1,2.0,3.0
201700048031,0017-10-24 13:05:00,17,10,24,13,5,950,18,AUTOROUTE A15,48.9504,2.2799,Plein jour,Hors agglomération,Hors intersection,Temps couvert,Trois véhicules et plus - collisions multiples,,,,,,,,,,,1,1,1,8.0,5.0
201700048032,0017-10-24 19:30:00,17,10,24,19,30,920,78,AUTOROUTE A86,48.93,2.32666,Crépuscule ou aube,Hors agglomération,Hors intersection,Normale,Trois véhicules et plus - en chaîne,,,,,,,,,,,2,1,1,1.0,4.0
201700048033,0017-10-24 18:50:00,17,10,24,18,50,930,10,AUTOROUTE A3,48.91126,2.47583,Crépuscule ou aube,Hors agglomération,Hors intersection,Normale,Deux véhicules - côté,,,,,,,,,,,2,1,1,1.0,3.0
201700048034,0017-10-24 03:50:00,17,10,24,3,50,950,580,AUTOROUTE A1,49.0834,2.5513,Nuit sans éclairage public,Hors agglomération,Hors intersection,Pluie légère,Deux véhicules - arrière,,,,,,,,,,,3,1,1,2.0,2.0
201700048035,0017-10-24 21:45:00,17,10,24,21,45,930,53,AUTOROUTE A3,,,Nuit sans éclairage public,Hors agglomération,Hors intersection,Normale,Deux véhicules - côté,,,,,,,,,,,3,1,1,1.0,3.0
201700048036,0017-10-25 01:30:00,17,10,25,1,30,930,48,AUTOROUTE A3,48.8689,2.4291,Nuit avec éclairage allumé,Hors agglomération,Hors intersection,Normale,Deux véhicules - arrière,,,,,,,,,,,5,1,1,1.0,2.0
201700048037,0017-10-25 16:45:00,17,10,25,16,45,930,8,AUTOROUTE A86,,,Plein jour,Hors agglomération,Hors intersection,Normale,Trois véhicules et plus - en chaîne,,,,,,,,,,,1,1,1,1.0,4.0
201700048038,0017-10-25 18:50:00,17,10,25,18,50,930,66,AUTOROUTE A1,,,Crépuscule ou aube,Hors agglomération,Hors intersection,Normale,Deux véhicules - arrière,,,,,,,,,,,2,1,1,1.0,2.0
201700048039,0017-10-25 22:35:00,17,10,25,22,35,950,488,AUTOROUTE A15,49.0144,2.1465,Nuit sans éclairage public,Hors agglomération,Hors intersection,Normale,Autre collision,,,,,,,,,,,3,1,1,1.0,6.0
201700048040,0017-10-26 00:15:00,17,10,26,0,15,930,5,AUTOROUTE A3,48.95858,2.46486,Nuit sans éclairage public,Hors agglomération,Hors intersection,Normale,Deux véhicules - arrière,,,,,,,,,,,3,1,1,1.0,2.0
201700048041,0017-10-26 07:40:00,17,10,26,7,40,950,28,RN 104,49.0625,2.3367,Nuit sans éclairage public,Hors agglomération,Hors intersection,Pluie légère,Deux véhicules - arrière,,,,,,,,,,,3,1,1,2.0,2.0
201700048042,0017-10-25 18:40:00,17,10,25,18,40,950,582,BD INTERCOMMUNAL PARISIS,48.9665,2.2732,Plein jour,Hors agglomération,Hors intersection,Normale,Deux véhicules - arrière,,,,,,,,,,,1,1,1,1.0,2.0
201700048043,0017-10-26 22:30:00,17,10,26,22,30,950,488,AUTOROUTE A15,49.0247,2.1321,Nuit sans éclairage public,Hors agglomération,Hors intersection,Normale,Deux véhicules - arrière,,,,,,,,,,,3,1,1,1.0,2.0
201700048044,0017-10-27 09:00:00,17,10,27,9,0,930,10,AUTOROUTE A3,,,Plein jour,Hors agglomération,Hors intersection,Temps couvert,Deux véhicules - arrière,,,,,,,,,,,1,1,1,8.0,2.0
201700048045,0017-10-27 14:20:00,17,10,27,14,20,950,256,ROUTE NATIONALE 184,49.0523,2.1966,Plein jour,Hors agglomération,Hors intersection,Normale,Autre collision,,,,,,,,,,,1,1,1,1.0,6.0
201700048046,0017-10-28 02:00:00,17,10,28,2,0,950,488,AUTOROUTE A15,49.0112,2.1529,Nuit sans éclairage public,Hors agglomération,Hors intersection,Normale,Sans collision,,,,,,,,,,,3,1,1,1.0,7.0
201700048047,0017-07-09 15:05:00,17,7,9,15,5,950,572,AUTOROUTE A15,49.0288,2.1272,Plein jour,Hors agglomération,Hors intersection,Normale,Trois véhicules et plus - en chaîne,,,,,,,,,,,1,1,1,1.0,4.0
201700048048,0017-10-28 07:05:00,17,10,28,7,5,950,219,AUTOROUTE A115,48.9895,2.2441,Nuit sans éclairage public,Hors agglomération,Hors intersection,Normale,Deux véhicules - arrière,,,,,,,,,,,3,1,1,1.0,2.0
201700048049,0017-10-28 06:10:00,17,10,28,6,10,950,678,RN 104,49.0707,2.2459,Nuit sans éclairage public,Hors agglomération,Hors intersection,Normale,Sans collision,,,,,,,,,,,3,1,1,1.0,7.0
201700048050,0017-10-29 00:30:00,17,10,29,0,30,950,219,AUTOROUTE A115,48.9931,2.2457,Nuit avec éclairage non allumé,Hors agglomération,Hors intersection,Normale,Autre collision,,,,,,,,,,,4,1,1,1.0,6.0
201700048051,0017-10-28 19:30:00,17,10,28,19,30,950,527,AUTOROUTE A3,48.9864,2.5082,Crépuscule ou aube,Hors agglomération,Hors intersection,Normale,Trois véhicules et plus - en chaîne,,,,,,,,,,,2,1,1,1.0,4.0
201700048052,0017-10-29 11:00:00,17,10,29,11,0,930,64,AUTOROUTE A103,,,Plein jour,Hors agglomération,Hors intersection,Pluie forte,Autre collision,,,,,,,,,,,1,1,1,3.0,6.0
201700048053,0017-10-30 08:40:00,17,10,30,8,40,950,500,AUTOROUTE A15,49.0378,2.0895,Plein jour,Hors agglomération,Hors intersection,Normale,Trois véhicules et plus - en chaîne,,,,,,,,,,,1,1,1,1.0,4.0
201700048054,0017-10-31 19:10:00,17,10,31,19,10,950,241,RN 104,49.0455,2.4485,Nuit avec éclairage non allumé,Hors agglomération,Hors intersection,Normale,Trois véhicules et plus - en chaîne,,,,,,,,,,,4,1,1,1.0,4.0
201700048055,0017-10-31 21:45:00,17,10,31,21,45,600,494,AUTOROUTE A1,49.13157,2.56019,Nuit sans éclairage public,Hors agglomération,Hors intersection,Normale,Deux véhicules - arrière,,,,,,,,,,,3,1,1,1.0,2.0
201700048056,0017-11-01 05:20:00,17,11,1,5,20,930,64,AUTOROUTE A86,48.87087,2.48217,Nuit sans éclairage public,Hors agglomération,Hors intersection,Normale,Autre collision,,,,,,,,,,,3,1,1,1.0,6.0
201700048057,0017-11-01 07:30:00,17,11,1,7,30,930,53,AUTOROUTE A3,48.88411,2.46003,Crépuscule ou aube,Hors agglomération,Hors intersection,Normale,Autre collision,,,,,,,,,,,2,1,1,1.0,6.0
201700048058,0017-11-02 06:00:00,17,11,2,6,0,930,8,AUTOROUTE A86,,,Nuit sans éclairage public,Hors agglomération,Hors intersection,Normale,Autre collision,,,,,,,,,,,3,1,1,1.0,6.0
201700048059,0017-11-02 06:45:00,17,11,2,6,45,930,10,AUTOROUTE A3,,,Nuit sans éclairage public,Hors agglomération,Hors intersection,Normale,Deux véhicules - côté,,,,,,,,,,,3,1,1,1.0,3.0
201700048060,0017-11-02 14:15:00,17,11,2,14,15,920,78,AUTOROUTE A86,,,Plein jour,Hors agglomération,Hors intersection,Normale,Sans collision,,,,,,,,,,,1,1,1,1.0,7.0
201700048061,0017-11-03 11:00:00,17,11,3,11,0,930,5,AUTOROUTE A3,,,Plein jour,Hors agglomération,Hors intersection,Normale,Autre collision,,,,,,,,,,,1,1,1,1.0,6.0
201700048062,0017-11-02 20:30:00,17,11,2,20,30,950,212,AUTOROUTE A1,49.0309,2.5392,Nuit avec éclairage allumé,Hors agglomération,Hors intersection,Normale,Trois véhicules et plus - en chaîne,,,,,,,,,,,5,1,1,1.0,4.0
201700048063,0017-11-03 18:20:00,17,11,3,18,20,950,351,RN 104,49.0323,2.4914,Nuit sans éclairage public,Hors agglomération,Hors intersection,Normale,Trois véhicules et plus - en chaîne,,,,,,,,,,,3,1,1,1.0,4.0
201700048064,0017-11-03 18:45:00,17,11,3,18,45,950,500,AUTOROUTE A15,49.0431,2.0779,Nuit sans éclairage public,Hors agglomération,Hors intersection,Normale,Trois véhicules et plus - en chaîne,,,,,,,,,,,3,1,1,1.0,4.0
201700048065,0017-11-04 18:00:00,17,11,4,18,0,950,582,AUTOROUTE A15,48.9751,2.2424,Plein jour,Hors agglomération,Hors intersection,Pluie légère,Deux véhicules - arrière,,,,,,,,,,,1,1,1,2.0,2.0
201700048066,0017-11-04 23:45:00,17,11,4,23,45,950,582,AUTOROUTE A15,48.9707,2.2493,Nuit sans éclairage public,Hors agglomération,Hors intersection,Pluie légère,Deux véhicules - arrière,,,,,,,,,,,3,1,1,2.0,2.0
201700048067,0017-11-05 04:10:00,17,11,5,4,10,950,641,AUTOROUTE A1,49.0757,2.5518,Nuit sans éclairage public,Hors agglomération,Hors intersection,Pluie légère,Deux véhicules - côté,,,,,,,,,,,3,1,1,2.0,3.0
201700048068,0017-11-05 04:45:00,17,11,5,4,45,930,27,AUTOROUTE A86,48.92972,2.41444,Nuit sans éclairage public,Hors agglomération,Hors intersection,Normale,Trois véhicules et plus - collisions multiples,,,,,,,,,,,3,1,1,1.0,5.0
201700048069,0017-11-05 07:00:00,17,11,5,7,0,930,66,AUTOROUTE A86,,,Crépuscule ou aube,Hors agglomération,Hors intersection,Temps couvert,Autre collision,,,,,,,,,,,2,1,1,8.0,6.0
201700048070,0017-11-05 08:30:00,17,11,5,8,30,930,27,AUTOROUTE A86,,,Crépuscule ou aube,Hors agglomération,Hors intersection,Normale,Sans collision,,,,,,,,,,,2,1,1,1.0,7.0
201700048071,0017-11-05 20:00:00,17,11,5,20,0,950,28,RN 104,49.0636,2.3319,Nuit sans éclairage public,Hors agglomération,Hors intersection,Normale,Deux véhicules - arrière,,,,,,,,,,,3,1,1,1.0,2.0
201700048072,0017-11-06 08:45:00,17,11,6,8,45,950,500,AUTOROUTE A15,49.0367,2.0926,Plein jour,Hors agglomération,Hors intersection,Normale,Deux véhicules - arrière,,,,,,,,,,,1,1,1,1.0,2.0
201700048073,0017-11-06 16:20:00,17,11,6,16,20,930,53,AUTOROUTE A103,,,Plein jour,Hors agglomération,Hors intersection,Normale,Deux véhicules - côté,,,,,,,,,,,1,1,1,1.0,3.0
201700048074,0017-11-06 18:25:00,17,11,6,18,25,930,10,AUTOROUTE A3,,,Crépuscule ou aube,Hors agglomération,Hors intersection,Normale,Deux véhicules - côté,,,,,,,,,,,2,1,1,1.0,3.0
201700048075,0017-11-07 09:05:00,17,11,7,9,5,950,424,AUTOROUTE A15,48.9948,2.1834,Plein jour,Hors agglomération,Hors intersection,Normale,Deux véhicules - arrière,,,,,,,,,,,1,1,1,1.0,2.0
201700048076,0017-11-07 10:15:00,17,11,7,10,15,930,5,AUTOROUTE A3,48.93406,2.48074,Plein jour,Hors agglomération,Hors intersection,Normale,Deux véhicules - arrière,,,,,,,,,,,1,1,1,1.0,2.0
201700048077,0017-11-07 16:35:00,17,11,7,16,35,930,66,AUTOROUTE A86,,,Plein jour,Hors agglomération,Hors intersection,Normale,Deux véhicules - arrière,,,,,,,,,,,1,1,1,1.0,2.0
201700048078,0017-11-09 05:35:00,17,11,9,5,35,930,1,AUTOROUTE A86,,,Nuit sans éclairage public,Hors agglomération,Hors intersection,Normale,Deux véhicules - côté,,,,,,,,,,,3,1,1,1.0,3.0
201700048079,0017-11-09 11:55:00,17,11,9,11,55,930,10,AUTOROUTE A3,,,Plein jour,Hors agglomération,Hors intersection,Normale,Trois véhicules et plus - en chaîne,,,,,,,,,,,1,1,1,1.0,4.0
201700048080,0017-11-10 15:00:00,17,11,10,15,0,930,66,AUTOROUTE A1,49.11642,2.4273,Plein jour,Hors agglomération,Hors intersection,Normale,Deux véhicules - côté,,,,,,,,,,,1,1,1,1.0,3.0
201700048081,0017-11-10 08:00:00,17,11,10,8,0,930,66,AUTOROUTE A1,,,Plein jour,Hors agglomération,Hors intersection,Normale,Deux véhicules - côté,,,,,,,,,,,1,1,1,1.0,3.0
201700048082,0017-11-10 09:30:00,17,11,10,9,30,950,18,AUTOROUTE A15,48.9584,2.2742,Plein jour,Hors agglomération,Hors intersection,Pluie légère,Deux véhicules - côté,,,,,,,,,,,1,1,1,2.0,3.0
201700048083,0017-11-10 08:00:00,17,11,10,8,0,930,53,AUTOROUTE A103,,,Crépuscule ou aube,Hors agglomération,Hors intersection,Normale,Autre collision,,,,,,,,,,,2,1,1,1.0,6.0
201700048084,0017-11-11 12:05:00,17,11,11,12,5,950,18,AUTOROUTE A15,48.9498,2.2801,Plein jour,Hors agglomération,Hors intersection,Pluie légère,Autre collision,,,,,,,,,,,1,1,1,2.0,6.0
201700048085,0017-11-11 14:25:00,17,11,11,14,25,950,256,AUTOROUTE A115,49.0511,2.1819,Plein jour,Hors agglomération,Hors intersection,Pluie forte,Autre collision,,,,,,,,,,,1,1,1,3.0,6.0
201700048086,0017-11-11 13:05:00,17,11,11,13,5,950,256,ROUTE NATIONALE 184,49.0571,2.2069,Plein jour,Hors agglomération,Hors intersection,Pluie légère,Deux véhicules - arrière,,,,,,,,,,,1,1,1,2.0,2.0
201700048087,0017-11-11 16:00:00,17,11,11,16,0,930,27,AUTOROUTE A86,48.92696,2.40671,Plein jour,Hors agglomération,Hors intersection,Pluie légère,Trois véhicules et plus - collisions multiples,,,,,,,,,,,1,1,1,2.0,5.0
201700048088,0017-11-11 17:10:00,17,11,11,17,10,930,53,AUTOROUTE A103,48.88805,2.47222,Crépuscule ou aube,Hors agglomération,Hors intersection,Pluie légère,Deux véhicules - arrière,,,,,,,,,,,2,1,1,2.0,2.0
201700048089,0017-11-11 14:05:00,17,11,11,14,5,930,63,AUTOROUTE A3,48.875,2.44,Plein jour,Hors agglomération,Hors intersection,Pluie légère,Deux véhicules - côté,,,,,,,,,,,1,1,1,2.0,3.0
201700048090,0017-11-12 00:45:00,17,11,12,0,45,920,36,AUTOROUTE A86,48.9385,2.3122,Nuit sans éclairage public,Hors agglomération,Hors intersection,Pluie légère,Deux véhicules - arrière,,,,,,,,,,,3,1,1,2.0,2.0
201700048091,0017-11-11 21:25:00,17,11,11,21,25,930,27,AUTOROUTE A86,48.92833,2.41177,Nuit sans éclairage public,Hors agglomération,Hors intersection,Pluie légère,Trois véhicules et plus - collisions multiples,,,,,,,,,,,3,1,1,2.0,5.0
201700048092,0017-11-12 15:50:00,17,11,12,15,50,950,256,ROUTE NATIONALE 184,49.0571,2.2069,Plein jour,Hors agglomération,Hors intersection,Pluie légère,Autre collision,,,,,,,,,,,1,1,1,2.0,6.0
201700048093,0017-11-12 15:30:00,17,11,12,15,30,950,277,AUTOROUTE A104,48.9735,2.4859,Plein jour,Hors agglomération,Hors intersection,Temps couvert,Deux véhicules - côté,,,,,,,,,,,1,1,1,8.0,3.0
201700048094,0017-11-12 14:40:00,17,11,12,14,40,600,612,AUTOROUTE A1,49.20534,2.61104,Plein jour,Hors agglomération,Hors intersection,Neige / grêle,Deux véhicules - arrière,,,,,,,,,,,1,1,1,4.0,2.0
201700048095,0017-11-12 10:00:00,17,11,12,10,0,950,607,AUTOROUTE A115,49.0241,2.2091,Plein jour,Hors agglomération,Hors intersection,Pluie forte,Autre collision,,,,,,,,,,,1,1,1,3.0,6.0
201700048096,0017-11-13 07:15:00,17,11,13,7,15,930,10,AUTOROUTE A3,48.91898,2.4785,Nuit sans éclairage public,Hors agglomération,Hors intersection,Normale,Trois véhicules et plus - en chaîne,,,,,,,,,,,3,1,1,1.0,4.0
201700048097,0017-11-12 11:05:00,17,11,12,11,5,930,27,AUTOROUTE A86,48.9254,2.3962,Plein jour,Hors agglomération,Hors intersection,Pluie forte,Deux véhicules - arrière,,,,,,,,,,,1,1,1,3.0,2.0
201700048098,0017-11-14 08:45:00,17,11,14,8,45,930,10,AUTOROUTE A3,,,Plein jour,Hors agglomération,Hors intersection,Normale,Deux véhicules - arrière,,,,,,,,,,,1,1,1,1.0,2.0
201700048099,0017-11-15 08:40:00,17,11,15,8,40,930,48,AUTOROUTE A3,,,Plein jour,Hors agglomération,Hors intersection,Normale,Deux véhicules - côté,,,,,,,,,,,1,1,1,1.0,3.0
201700048100,0017-11-16 11:01:00,17,11,16,11,1,600,612,AUTOROUTE A1,49.19364,2.60351,Plein jour,Hors agglomération,Hors intersection,Normale,Deux véhicules - arrière,,,,,,,,,,,1,1,1,1.0,2.0
201700048101,0017-11-16 17:20:00,17,11,16,17,20,920,36,AUTOROUTE A15,48.9489,2.2805,Plein jour,Hors agglomération,Hors intersection,Normale,Deux véhicules - côté,,,,,,,,,,,1,1,1,1.0,3.0
201700048102,0017-11-16 19:35:00,17,11,16,19,35,950,572,ROUTE NATIONALE 184,49.0355,2.1175,Nuit sans éclairage public,Hors agglomération,Hors intersection,Normale,Deux véhicules - arrière,,,,,,,,,,,3,1,1,1.0,2.0
201700048103,0017-11-17 09:20:00,17,11,17,9,20,920,78,AUTOROUTE A86,,,Plein jour,Hors agglomération,Hors intersection,Pluie légère,Trois véhicules et plus - en chaîne,,,,,,,,,,,1,1,1,2.0,4.0
201700048104,0017-11-17 10:10:00,17,11,17,10,10,930,8,AUTOROUTE A86,,,Plein jour,Hors agglomération,Hors intersection,Pluie légère,Deux véhicules - arrière,,,,,,,,,,,1,1,1,2.0,2.0
201700048105,0017-11-17 10:00:00,17,11,17,10,0,920,36,AUTOROUTE A86,,,Plein jour,Hors agglomération,Hors intersection,Temps couvert,Sans collision,,,,,,,,,,,1,1,1,8.0,7.0
201700048106,0017-11-17 17:30:00,17,11,17,17,30,930,64,AUTOROUTE A86,48.87611,2.47811,Nuit sans éclairage public,Hors agglomération,Hors intersection,Normale,Deux véhicules - arrière,,,,,,,,,,,3,1,1,1.0,2.0
201700048107,0017-11-17 20:30:00,17,11,17,20,30,950,252,AUTOROUTE A15,48.9785,2.2303,Nuit avec éclairage non allumé,Hors agglomération,Hors intersection,Normale,Trois véhicules et plus - en chaîne,,,,,,,,,,,4,1,1,1.0,4.0
201700048108,0017-11-18 17:40:00,17,11,18,17,40,930,53,AUTOROUTE A3,,,Nuit sans éclairage public,Hors agglomération,Hors intersection,Normale,Deux véhicules - côté,,,,,,,,,,,3,1,1,1.0,3.0
201700048109,0017-11-18 16:45:00,17,11,18,16,45,930,5,AUTOROUTE A3,,,Plein jour,Hors agglomération,Hors intersection,Normale,Deux véhicules - arrière,,,,,,,,,,,1,1,1,1.0,2.0
201700048110,0017-11-19 00:50:00,17,11,19,0,50,930,66,AUTOROUTE A1,48.91887,2.35759,Nuit avec éclairage allumé,Hors agglomération,Hors intersection,Normale,Trois véhicules et plus - en chaîne,,,,,,,,,,,5,1,1,1.0,4.0
201700048111,0017-11-19 08:50:00,17,11,19,8,50,950,277,AUTOROUTE A104,48.9735,2.4859,Plein jour,Hors agglomération,Hors intersection,Normale,Autre collision,,,,,,,,,,,1,1,1,1.0,6.0
201700048112,0017-11-19 09:45:00,17,11,19,9,45,950,18,AUTOROUTE A15,48.9512,2.2801,Plein jour,Hors agglomération,Hors intersection,Normale,Autre collision,,,,,,,,,,,1,1,1,1.0,6.0
201700048113,0017-11-19 16:30:00,17,11,19,16,30,930,66,AUTOROUTE A86,,,Plein jour,Hors agglomération,Hors intersection,Normale,Autre collision,,,,,,,,,,,1,1,1,1.0,6.0
201700048114,0017-11-19 20:10:00,17,11,19,20,10,950,582,AUTOROUTE A15,48.9707,2.2493,Nuit sans éclairage public,Hors agglomération,Hors intersection,Normale,Trois véhicules et plus - en chaîne,,,,,,,,,,,3,1,1,1.0,4.0
201700048115,0017-11-20 16:30:00,17,11,20,16,30,930,10,AUTOROUTE A3,,,Plein jour,Hors agglomération,Hors intersection,Normale,Deux véhicules - côté,,,,,,,,,,,1,1,1,1.0,3.0
201700048116,0017-11-20 17:00:00,17,11,20,17,0,930,10,AUTOROUTE A3,,,Plein jour,Hors agglomération,Hors intersection,Normale,Deux véhicules - côté,,,,,,,,,,,1,1,1,1.0,3.0
201700048117,0017-11-20 19:27:00,17,11,20,19,27,950,241,RN 104,49.0452,2.4761,Nuit sans éclairage public,Hors agglomération,Hors intersection,Normale,Trois véhicules et plus - collisions multiples,,,,,,,,,,,3,1,1,1.0,5.0
201700048118,0017-11-21 07:55:00,17,11,21,7,55,950,582,AUTOROUTE A15,48.9685,2.2513,Crépuscule ou aube,Hors agglomération,Hors intersection,Normale,Trois véhicules et plus - collisions multiples,,,,,,,,,,,2,1,1,1.0,5.0
201700048119,0017-11-21 08:35:00,17,11,21,8,35,930,64,AUTOROUTE A3,,,Plein jour,Hors agglomération,Hors intersection,Normale,Deux véhicules - arrière,,,,,,,,,,,1,1,1,1.0,2.0
201700048120,0017-11-21 08:00:00,17,11,21,8,0,930,48,AUTOROUTE A3,,,Crépuscule ou aube,Hors agglomération,Hors intersection,Normale,Deux véhicules - côté,,,,,,,,,,,2,1,1,1.0,3.0
201700048121,0017-11-20 18:15:00,17,11,20,18,15,950,527,AUTOROUTE A1,48.9862,2.5065,Nuit sans éclairage public,Hors agglomération,Hors intersection,Normale,Trois véhicules et plus - en chaîne,,,,,,,,,,,3,1,1,1.0,4.0
201700048122,0017-11-20 19:00:00,17,11,20,19,0,950,277,AUTOROUTE A1,48.9731,2.4871,Nuit sans éclairage public,Hors agglomération,Hors intersection,Normale,Deux véhicules - arrière,,,,,,,,,,,3,1,1,1.0,2.0
201700048123,0017-11-21 22:15:00,17,11,21,22,15,950,42,RN 104,49.0619,2.3189,Nuit sans éclairage public,Hors agglomération,Hors intersection,Normale,Autre collision,,,,,,,,,,,3,1,1,1.0,6.0
201700048124,0017-11-22 08:30:00,17,11,22,8,30,930,5,AUTOROUTE A3,,,Plein jour,Hors agglomération,Hors intersection,Normale,Deux véhicules - côté,,,,,,,,,,,1,1,1,1.0,3.0
201700048125,0017-11-22 08:30:00,17,11,22,8,30,950,252,AUTOROUTE A15,48.9763,2.2361,Plein jour,Hors agglomération,Hors intersection,Normale,Deux véhicules - côté,,,,,,,,,,,1,1,1,1.0,3.0
201700048126,0017-11-22 10:30:00,17,11,22,10,30,930,5,AUTOROUTE A3,,,Plein jour,Hors agglomération,Hors intersection,Normale,Deux véhicules - arrière,,,,,,,,,,,1,1,1,1.0,2.0
201700048127,0017-11-22 18:00:00,17,11,22,18,0,930,66,AUTOROUTE A1,48.92457,2.357,Nuit avec éclairage allumé,Hors agglomération,Hors intersection,Normale,Deux véhicules - arrière,,,,,,,,,,,5,1,1,1.0,2.0
201700048128,0017-11-23 09:45:00,17,11,23,9,45,930,6,AUTOROUTE A3,,,Plein jour,Hors agglomération,Hors intersection,Normale,Sans collision,,,,,,,,,,,1,1,1,1.0,7.0