accident_id,datetime,annee,mois,jour,heure,minute,departement,commune_insee,adresse,latitude,longitude,luminosite,agglomeration,intersection,meteo,collision,nb_vehicules,nb_usagers,nb_indemnes,nb_tues,nb_blesses_hosp,nb_blesses_legers,age_cond_1,age_cond_2,veh_type_cond_1,veh_type_cond_2,lum_code,agg_code,int_code,atm_code,col_code
201700048634,0017-07-09 16:10:00,17,7,9,16,10,920,25,A86,48.9291,2.2408,Plein jour,Hors agglomération,Hors intersection,Normale,Trois véhicules et plus - en chaîne,,,,,,,,,,,1,1,1,1.0,4.0
201700048635,0017-07-10 11:02:00,17,7,10,11,2,920,36,A86,48.93378,2.27419,Plein jour,Hors agglomération,Hors intersection,Pluie légère,Sans collision,,,,,,,,,,,1,1,1,2.0,7.0
201700048636,0017-07-10 16:50:00,17,7,10,16,50,920,48,N118,,,Plein jour,Hors agglomération,Hors intersection,Pluie légère,Deux véhicules - arrière,,,,,,,,,,,1,1,1,2.0,2.0
201700048637,0017-07-10 17:00:00,17,7,10,17,0,920,48,N118,,,Plein jour,Hors agglomération,Hors intersection,Pluie légère,Trois véhicules et plus - en chaîne,,,,,,,,,,,1,1,1,2.0,4.0
201700048638,0017-07-11 07:40:00,17,7,11,7,40,780,640,RN12 INT,48.7853,2.1553,Plein jour,Hors agglomération,Hors intersection,Temps couvert,Autre collision,,,,,,,,,,,1,1,1,8.0,6.0
201700048639,0017-07-11 08:10:00,17,7,11,8,10,780,640,N118,48.7843,2.2231,Plein jour,Hors agglomération,Hors intersection,Normale,Deux véhicules - côté,,,,,,,,,,,1,1,1,1.0,3.0
201700048640,0017-07-11 16:20:00,17,7,11,16,20,920,36,A86,,,Plein jour,Hors agglomération,Hors intersection,Normale,Deux véhicules - côté,,,,,,,,,,,1,1,1,1.0,3.0
201700048641,0017-07-12 00:28:00,17,7,12,0,28,780,291,A13,48.96941,1.73655,Nuit sans éclairage public,Hors agglomération,Hors intersection,Normale,Autre collision,,,,,,,,,,,3,1,1,1.0,6.0
201700048642,0017-07-11 12:15:00,17,7,11,12,15,920,64,A13,48.8475,2.2248,Plein jour,Hors agglomération,Hors intersection,Normale,Trois véhicules et plus - en chaîne,,,,,,,,,,,1,1,1,1.0,4.0
201700048643,0017-07-13 18:58:00,17,7,13,18,58,920,64,A13,48.84002,2.21864,Plein jour,Hors agglomération,Hors intersection,Normale,Deux véhicules - côté,,,,,,,,,,,1,1,1,1.0,3.0
201700048644,0017-07-14 06:10:00,17,7,14,6,10,920,36,A86,48.93805,2.29921,Nuit avec éclairage allumé,Hors agglomération,Hors intersection,Normale,Sans collision,,,,,,,,,,,5,1,1,1.0,7.0
201700048645,0017-07-14 12:36:00,17,7,14,12,36,780,217,A13,,,Plein jour,Hors agglomération,Hors intersection,Normale,Trois véhicules et plus - en chaîne,,,,,,,,,,,1,1,1,1.0,4.0
201700048646,0017-07-14 16:05:00,17,7,14,16,5,780,466,A13,48.93252,1.97488,Plein jour,Hors agglomération,Hors intersection,Normale,Autre collision,,,,,,,,,,,1,1,1,1.0,6.0
201700048647,0017-07-14 19:30:00,17,7,14,19,30,780,545,A12 Y,48.80702,2.05209,Plein jour,Hors agglomération,Hors intersection,Normale,Deux véhicules - arrière,,,,,,,,,,,1,1,1,1.0,2.0
201700048648,0017-07-14 23:12:00,17,7,14,23,12,780,133,A13,48.89949,2.0053,Nuit sans éclairage public,Hors agglomération,Hors intersection,Normale,Deux véhicules - arrière,,,,,,,,,,,3,1,1,1.0,2.0
201700048649,0017-07-15 05:29:00,17,7,15,5,29,780,133,A13,48.89344,2.00817,Crépuscule ou aube,Hors agglomération,Hors intersection,Normale,Sans collision,,,,,,,,,,,2,1,1,1.0,7.0
201700048650,0017-07-16 18:39:00,17,7,16,18,39,920,36,A86,48.9361,2.289,Plein jour,Hors agglomération,Hors intersection,Normale,Trois véhicules et plus - en chaîne,,,,,,,,,,,1,1,1,1.0,4.0
201700048651,0017-07-16 23:41:00,17,7,16,23,41,780,297,RN12,48.789,2.0693,Nuit sans éclairage public,Hors agglomération,Hors intersection,Normale,Autre collision,,,,,,,,,,,3,1,1,1.0,6.0
201700048652,0017-07-17 06:54:00,17,7,17,6,54,920,50,A86,48.91735,2.22204,Plein jour,Hors agglomération,Hors intersection,Normale,Deux véhicules - frontale,,,,,,,,,,,1,1,1,1.0,1.0
201700048653,0017-07-17 07:30:00,17,7,17,7,30,920,36,A86,,,Plein jour,Hors agglomération,Hors intersection,Normale,Deux véhicules - côté,,,,,,,,,,,1,1,1,1.0,3.0
201700048654,0017-07-17 12:58:00,17,7,17,12,58,780,646,RN12,,,Plein jour,Hors agglomération,Hors intersection,Normale,Deux véhicules - arrière,,,,,,,,,,,1,1,1,1.0,2.0
201700048655,0017-07-18 07:46:00,17,7,18,7,46,780,291,A13,48.9654,1.7558,Plein jour,Hors agglomération,Hors intersection,Normale,Deux véhicules - arrière,,,,,,,,,,,1,1,1,1.0,2.0
201700048656,0017-07-18 17:36:00,17,7,18,17,36,780,545,A12 W,,,Plein jour,Hors agglomération,Hors intersection,Normale,Deux véhicules - arrière,,,,,,,,,,,1,1,1,1.0,2.0
201700048657,0017-07-20 08:31:00,17,7,20,8,31,920,50,A86,48.8935,2.18871,Plein jour,Hors agglomération,Hors intersection,Normale,Deux véhicules - arrière,,,,,,,,,,,1,1,1,1.0,2.0
201700048658,0017-07-20 08:43:00,17,7,20,8,43,920,25,A86,,,Plein jour,Hors agglomération,Hors intersection,Normale,Deux véhicules - arrière,,,,,,,,,,,1,1,1,1.0,2.0
201700048659,0017-07-20 13:15:00,17,7,20,13,15,920,62,RN1014 W,48.88838,2.24847,Plein jour,Hors agglomération,Hors intersection,Normale,Sans collision,,,,,,,,,,,1,1,1,1.0,7.0
201700048660,0017-07-21 12:50:00,17,7,21,12,50,780,640,RN12 INT,45.0,2.15647,Plein jour,Hors agglomération,Hors intersection,Normale,Deux véhicules - arrière,,,,,,,,,,,1,1,1,1.0,2.0
201700048661,0017-07-21 14:50:00,17,7,21,14,50,920,63,A86,48.77747,2.0693,Plein jour,Hors agglomération,Hors intersection,Normale,Sans collision,,,,,,,,,,,1,1,1,1.0,7.0
201700048662,0017-07-24 20:50:00,17,7,24,20,50,920,72,N118,48.82084,2.22021,Crépuscule ou aube,Hors agglomération,Hors intersection,Pluie légère,Deux véhicules - arrière,,,,,,,,,,,2,1,1,2.0,2.0
201700048663,0017-07-24 21:30:00,17,7,24,21,30,920,64,A13,48.83945,2.21573,Plein jour,Hors agglomération,Hors intersection,Temps couvert,Deux véhicules - côté,,,,,,,,,,,1,1,1,8.0,3.0
201700048664,0017-07-24 23:25:00,17,7,24,23,25,920,36,A86,48.93613,2.28841,Nuit sans éclairage public,Hors agglomération,Hors intersection,Normale,Deux véhicules - côté,,,,,,,,,,,3,1,1,1.0,3.0
201700048665,0017-07-25 12:20:00,17,7,25,12,20,780,646,RN12,,,Plein jour,Hors agglomération,Hors intersection,Pluie légère,Sans collision,,,,,,,,,,,1,1,1,2.0,7.0
201700048666,0017-07-25 17:57:00,17,7,25,17,57,920,36,A86,48.93659,2.29048,Plein jour,Hors agglomération,Hors intersection,Normale,Trois véhicules et plus - en chaîne,,,,,,,,,,,1,1,1,1.0,4.0
201700048667,0017-07-26 07:45:00,17,7,26,7,45,780,133,A13,,,Plein jour,Hors agglomération,Hors intersection,Normale,Autre collision,,,,,,,,,,,1,1,1,1.0,6.0
201700048668,0017-07-26 18:13:00,17,7,26,18,13,920,50,A86,48.91033,2.21577,Plein jour,Hors agglomération,Hors intersection,Normale,Deux véhicules - côté,,,,,,,,,,,1,1,1,1.0,3.0
201700048669,0017-07-27 09:51:00,17,7,27,9,51,780,158,A13,48.83524,2.131,Plein jour,Hors agglomération,Hors intersection,Normale,Trois véhicules et plus - collisions multiples,,,,,,,,,,,1,1,1,1.0,5.0
201700048670,0017-07-28 18:22:00,17,7,28,18,22,780,640,A86 EXT,,,Plein jour,Hors agglomération,Hors intersection,Normale,Trois véhicules et plus - en chaîne,,,,,,,,,,,1,1,1,1.0,4.0
201700048671,0017-08-01 14:33:00,17,8,1,14,33,780,158,A13,48.83895,2.12117,Plein jour,Hors agglomération,Hors intersection,Normale,Autre collision,,,,,,,,,,,1,1,1,1.0,6.0
201700048672,0017-08-01 16:12:00,17,8,1,16,12,780,640,N118,48.77515,2.2227,Plein jour,Hors agglomération,Hors intersection,Normale,Deux véhicules - côté,,,,,,,,,,,1,1,1,1.0,3.0
201700048673,0017-08-01 17:27:00,17,8,1,17,27,920,50,A86,48.90427,2.20764,Plein jour,Hors agglomération,Hors intersection,Normale,Trois véhicules et plus - en chaîne,,,,,,,,,,,1,1,1,1.0,4.0
201700048674,0017-08-02 08:05:00,17,8,2,8,5,920,48,N118,48.78875,2.22162,Plein jour,Hors agglomération,Hors intersection,Normale,Deux véhicules - côté,,,,,,,,,,,1,1,1,1.0,3.0
201700048675,0017-08-02 08:15:00,17,8,2,8,15,920,48,N118,48.79755,2.21688,Plein jour,Hors agglomération,Hors intersection,Normale,Trois véhicules et plus - collisions multiples,,,,,,,,,,,1,1,1,1.0,5.0
201700048676,0017-08-03 11:56:00,17,8,3,11,56,780,466,A13,48.93189,1.97648,Plein jour,Hors agglomération,Hors intersection,Normale,Autre collision,,,,,,,,,,,1,1,1,1.0,6.0
201700048677,0017-08-05 16:26:00,17,8,5,16,26,920,36,A86,,,Plein jour,Hors agglomération,Hors intersection,Normale,Deux véhicules - arrière,,,,,,,,,,,1,1,1,1.0,2.0
201700048678,0017-08-05 19:05:00,17,8,5,19,5,780,402,A13,,,Plein jour,Hors agglomération,Hors intersection,Normale,Deux véhicules - arrière,,,,,,,,,,,1,1,1,1.0,2.0
201700048679,0017-08-08 13:40:00,17,8,8,13,40,920,26,RN1014 Y,,,Plein jour,Hors agglomération,Hors intersection,Pluie légère,Autre collision,,,,,,,,,,,1,1,1,2.0,6.0
201700048680,0017-08-08 15:00:00,17,8,8,15,0,920,64,A13,48.8478,2.225,Plein jour,Hors agglomération,Hors intersection,Pluie légère,Autre collision,,,,,,,,,,,1,1,1,2.0,6.0
201700048681,0017-08-09 18:00:00,17,8,9,18,0,920,72,N118,48.8275,2.2247,Plein jour,Hors agglomération,Hors intersection,Pluie légère,Autre collision,,,,,,,,,,,1,1,1,2.0,6.0
201700048682,0017-08-10 12:32:00,17,8,10,12,32,780,640,A86 INT,48.4794,2.1951,Plein jour,Hors agglomération,Hors intersection,Pluie légère,Trois véhicules et plus - collisions multiples,,,,,,,,,,,1,1,1,2.0,5.0
201700048683,0017-08-10 13:15:00,17,8,10,13,15,780,126,A13,,,Plein jour,Hors agglomération,Hors intersection,Normale,Sans collision,,,,,,,,,,,1,1,1,1.0,7.0
201700048684,0017-08-12 19:27:00,17,8,12,19,27,920,50,A86,48.91972,2.22423,Plein jour,Hors agglomération,Hors intersection,Pluie forte,Autre collision,,,,,,,,,,,1,1,1,3.0,6.0
201700048685,0017-08-13 03:10:00,17,8,13,3,10,780,646,RN12,48.84978,2.22729,Nuit sans éclairage public,Hors agglomération,Hors intersection,Normale,Autre collision,,,,,,,,,,,3,1,1,1.0,6.0
201700048686,0017-08-14 11:17:00,17,8,14,11,17,780,291,A13,48.9654,1.761,Plein jour,Hors agglomération,Hors intersection,Normale,Autre collision,,,,,,,,,,,1,1,1,1.0,6.0
201700048687,0017-08-18 14:04:00,17,8,18,14,4,780,423,RN12,48.79634,2.04084,Plein jour,Hors agglomération,Hors intersection,Pluie légère,Autre collision,,,,,,,,,,,1,1,1,2.0,6.0
201700048688,0017-08-18 17:50:00,17,8,18,17,50,780,466,A13,48.9313,1.97818,Plein jour,Hors agglomération,Hors intersection,Normale,Deux véhicules - arrière,,,,,,,,,,,1,1,1,1.0,2.0
201700048689,0017-08-23 01:00:00,17,8,23,1,0,920,72,N118,48.82558,2.22129,Nuit sans éclairage public,Hors agglomération,Hors intersection,Normale,Autre collision,,,,,,,,,,,3,1,1,1.0,6.0
201700048690,0017-08-24 08:21:00,17,8,24,8,21,920,36,A86,48.93574,2.2873,Plein jour,Hors agglomération,Hors intersection,Normale,Autre collision,,,,,,,,,,,1,1,1,1.0,6.0
201700048691,0017-08-25 17:30:00,17,8,25,17,30,920,50,A86,48.9037,2.20664,Plein jour,Hors agglomération,Hors intersection,Normale,Deux véhicules - côté,,,,,,,,,,,1,1,1,1.0,3.0
201700048692,0017-08-25 20:35:00,17,8,25,20,35,920,50,A14,48.8929,2.2151,Crépuscule ou aube,Hors agglomération,Hors intersection,Normale,Autre collision,,,,,,,,,,,2,1,1,1.0,6.0
201700048693,0017-08-26 15:10:00,17,8,26,15,10,920,64,A13,48.83975,2.20604,Plein jour,Hors agglomération,Hors intersection,Normale,Deux véhicules - arrière,,,,,,,,,,,1,1,1,1.0,2.0
201700048694,0017-08-27 13:50:00,17,8,27,13,50,920,48,N118,,,Plein jour,Hors agglomération,Hors intersection,Normale,Deux véhicules - arrière,,,,,,,,,,,1,1,1,1.0,2.0
201700048695,0017-08-27 18:06:00,17,8,27,18,6,780,455,A13,48.5141,2.243,Plein jour,Hors agglomération,Hors intersection,Normale,Sans collision,,,,,,,,,,,1,1,1,1.0,7.0
201700048696,0017-08-30 13:10:00,17,8,30,13,10,920,64,A13,48.8394,2.2051,Plein jour,Hors agglomération,Hors intersection,Normale,Deux véhicules - côté,,,,,,,,,,,1,1,1,1.0,3.0
201700048697,0017-08-30 19:45:00,17,8,30,19,45,780,238,A13,48.9684,1.862,Plein jour,Hors agglomération,Hors intersection,Normale,Autre collision,,,,,,,,,,,1,1,1,1.0,6.0
201700048698,0017-08-31 08:20:00,17,8,31,8,20,780,640,A86 EXT,,,Plein jour,Hors agglomération,Hors intersection,Normale,Deux véhicules - arrière,,,,,,,,,,,1,1,1,1.0,2.0
201700048699,0017-08-31 18:09:00,17,8,31,18,9,780,362,A13,48.978,1.7109,Plein jour,Hors agglomération,Hors intersection,Normale,Autre collision,,,,,,,,,,,1,1,1,1.0,6.0
201700048700,0017-09-01 17:55:00,17,9,1,17,55,920,48,N118,48.81543,2.2402,Plein jour,Hors agglomération,Hors intersection,Pluie légère,Deux véhicules - côté,,,,,,,,,,,1,1,1,2.0,3.0
201700048701,0017-09-01 18:23:00,17,9,1,18,23,780,217,A13,,,Plein jour,Hors agglomération,Hors intersection,Pluie forte,Deux véhicules - frontale,,,,,,,,,,,1,1,1,3.0,1.0
201700048702,0017-09-01 20:35:00,17,9,1,20,35,780,640,RN12 INT,,,Nuit avec éclairage allumé,Hors agglomération,Hors intersection,Pluie forte,Autre collision,,,,,,,,,,,5,1,1,3.0,6.0
201700048703,0017-09-01 23:50:00,17,9,1,23,50,920,25,A86,48.92179,2.26107,Nuit sans éclairage public,Hors agglomération,Hors intersection,Normale,Trois véhicules et plus - collisions multiples,,,,,,,,,,,3,1,1,1.0,5.0
201700048704,0017-09-02 01:50:00,17,9,2,1,50,780,238,A13,48.9694,1.86541,Nuit sans éclairage public,Hors agglomération,Hors intersection,Pluie légère,Autre collision,,,,,,,,,,,3,1,1,2.0,6.0
201700048705,0017-09-02 15:30:00,17,9,2,15,30,920,76,A13,,,Plein jour,Hors agglomération,Hors intersection,Normale,Deux véhicules - frontale,,,,,,,,,,,1,1,1,1.0,1.0
201700048706,0017-09-02 16:25:00,17,9,2,16,25,920,36,A86,48.9368,2.2913,Plein jour,Hors agglomération,Hors intersection,Normale,Deux véhicules - frontale,,,,,,,,,,,1,1,1,1.0,1.0
201700048707,0017-09-03 14:36:00,17,9,3,14,36,920,64,A13,,,Plein jour,Hors agglomération,Hors intersection,Normale,Deux véhicules - arrière,,,,,,,,,,,1,1,1,1.0,2.0
201700048708,0017-09-03 15:10:00,17,9,3,15,10,920,26,RN1014 Y,,,Plein jour,Hors agglomération,Hors intersection,Normale,Autre collision,,,,,,,,,,,1,1,1,1.0,6.0
201700048709,0017-09-03 22:50:00,17,9,3,22,50,780,90,A13,48.9706,1.8939,Nuit sans éclairage public,Hors agglomération,Hors intersection,Normale,Deux véhicules - arrière,,,,,,,,,,,3,1,1,1.0,2.0
201700048710,0017-09-04 09:50:00,17,9,4,9,50,780,466,A13,48.9287,1.9878,Plein jour,Hors agglomération,Hors intersection,Normale,Trois véhicules et plus - collisions multiples,,,,,,,,,,,1,1,1,1.0,5.0
201700048711,0017-09-04 09:55:00,17,9,4,9,55,920,50,A14,48.90101,2.21287,Plein jour,Hors agglomération,Hors intersection,Normale,Autre collision,,,,,,,,,,,1,1,1,1.0,6.0
201700048712,0017-09-04 23:15:00,17,9,4,23,15,780,117,RN12,48.7875,2.1455,Nuit sans éclairage public,Hors agglomération,Hors intersection,Normale,Deux véhicules - arrière,,,,,,,,,,,3,1,1,1.0,2.0
201700048713,0017-09-05 08:26:00,17,9,5,8,26,920,36,A86,,,Plein jour,Hors agglomération,Hors intersection,Normale,Autre collision,,,,,,,,,,,1,1,1,1.0,6.0
201700048714,0017-09-05 16:10:00,17,9,5,16,10,920,47,A13,48.83882,1.19301,Plein jour,Hors agglomération,Hors intersection,Normale,Autre collision,,,,,,,,,,,1,1,1,1.0,6.0
201700048715,0017-09-06 09:02:00,17,9,6,9,2,780,640,A86 EXT,,,Plein jour,Hors agglomération,Hors intersection,Normale,Deux véhicules - côté,,,,,,,,,,,1,1,1,1.0,3.0
201700048716,0017-09-07 02:50:00,17,9,7,2,50,780,402,A13,48.96448,1.79862,Nuit sans éclairage public,Hors agglomération,Hors intersection,Normale,Autre collision,,,,,,,,,,,3,1,1,1.0,6.0
201700048717,0017-09-07 09:12:00,17,9,7,9,12,920,50,A86,48.91571,2.22051,Plein jour,Hors agglomération,Hors intersection,Temps couvert,Autre collision,,,,,,,,,,,1,1,1,8.0,6.0
201700048718,0017-09-07 14:45:00,17,9,7,14,45,920,36,A86,48.93785,2.29517,Plein jour,Hors agglomération,Hors intersection,Normale,Autre collision,,,,,,,,,,,1,1,1,1.0,6.0
201700048719,0017-09-08 07:15:00,17,9,8,7,15,920,50,A86,48.90443,2.20738,Crépuscule ou aube,Hors agglomération,Hors intersection,Normale,Trois véhicules et plus - en chaîne,,,,,,,,,,,2,1,1,1.0,4.0
201700048720,0017-09-09 15:07:00,17,9,9,15,7,920,63,A86,,,Plein jour,Hors agglomération,Hors intersection,Pluie forte,Autre collision,,,,,,,,,,,1,1,1,3.0,6.0
201700048721,0017-09-10 17:10:00,17,9,10,17,10,780,90,A13,,,Plein jour,Hors agglomération,Hors intersection,Normale,Deux véhicules - arrière,,,,,,,,,,,1,1,1,1.0,2.0
201700048722,0017-09-10 20:42:00,17,9,10,20,42,780,90,A13,,,Nuit sans éclairage public,Hors agglomération,Hors intersection,Pluie légère,Trois véhicules et plus - en chaîne,,,,,,,,,,,3,1,1,2.0,4.0
201700048723,0017-09-11 07:28:00,17,9,11,7,28,780,90,A13,,,Plein jour,Hors agglomération,Hors intersection,Normale,Trois véhicules et plus - en chaîne,,,,,,,,,,,1,1,1,1.0,4.0
201700048724,0017-09-11 08:35:00,17,9,11,8,35,780,90,A13,,,Plein jour,Hors agglomération,Hors intersection,Normale,Deux véhicules - arrière,,,,,,,,,,,1,1,1,1.0,2.0
201700048725,0017-09-11 17:20:00,17,9,11,17,20,920,64,A13,48.83969,2.20091,Plein jour,Hors agglomération,Hors intersection,Normale,Deux véhicules - côté,,,,,,,,,,,1,1,1,1.0,3.0
201700048726,0017-09-12 18:45:00,17,9,12,18,45,780,7,A13W,48.89583,2.00691,Plein jour,Hors agglomération,Hors intersection,Pluie légère,Trois véhicules et plus - en chaîne,,,,,,,,,,,1,1,1,2.0,4.0
201700048727,0017-09-13 07:35:00,17,9,13,7,35,780,640,A86 EXT,48.78066,2.17447,Crépuscule ou aube,Hors agglomération,Hors intersection,Pluie légère,Deux véhicules - arrière,,,,,,,,,,,2,1,1,2.0,2.0
201700048728,0017-09-13 07:54:00,17,9,13,7,54,780,217,A13,48.96297,1.83363,Plein jour,Hors agglomération,Hors intersection,Pluie légère,Sans collision,,,,,,,,,,,1,1,1,2.0,7.0
201700048729,0017-09-13 09:25:00,17,9,13,9,25,920,50,A86,48.8941,2.19075,Plein jour,Hors agglomération,Hors intersection,Pluie légère,Deux véhicules - arrière,,,,,,,,,,,1,1,1,2.0,2.0
201700048730,0017-09-13 09:45:00,17,9,13,9,45,780,640,A86 EXT,48.77663,2.22616,Plein jour,Hors agglomération,Hors intersection,Pluie légère,Autre collision,,,,,,,,,,,1,1,1,2.0,6.0
201700048731,0017-09-13 21:25:00,17,9,13,21,25,920,36,A86,,,Nuit sans éclairage public,Hors agglomération,Hors intersection,Pluie légère,Sans collision,,,,,,,,,,,3,1,1,2.0,7.0
201700048732,0017-09-14 08:38:00,17,9,14,8,38,780,640,A86 EXT,48.77881,2.20368,Plein jour,Hors agglomération,Hors intersection,Normale,Deux véhicules - côté,,,,,,,,,,,1,1,1,1.0,3.0
201700048733,0017-09-14 10:22:00,17,9,14,10,22,920,62,RN1013,48.89257,2.23522,Plein jour,Hors agglomération,Hors intersection,Normale,Trois véhicules et plus - en chaîne,,,,,,,,,,,1,1,1,1.0,4.0
201700048734,0017-09-14 22:27:00,17,9,14,22,27,780,423,A12 W,,,Nuit sans éclairage public,Hors agglomération,Hors intersection,Normale,Autre collision,,,,,,,,,,,3,1,1,1.0,6.0
201700048735,0017-09-15 08:25:00,17,9,15,8,25,780,524,A13,48.5022,2.73,Plein jour,Hors agglomération,Hors intersection,Normale,Sans collision,,,,,,,,,,,1,1,1,1.0,7.0
201700048736,0017-09-15 12:56:00,17,9,15,12,56,920,4,RN315 Y,,,Plein jour,Hors agglomération,Hors intersection,Normale,Deux véhicules - arrière,,,,,,,,,,,1,1,1,1.0,2.0
201700048737,0017-09-16 15:34:00,17,9,16,15,34,780,640,A86 EXT,,,Plein jour,Hors agglomération,Hors intersection,Normale,Deux véhicules - côté,,,,,,,,,,,1,1,1,1.0,3.0
201700048738,0017-09-15 20:43:00,17,9,15,20,43,780,206,A13,,,Nuit sans éclairage public,Hors agglomération,Hors intersection,Normale,Deux véhicules - arrière,,,,,,,,,,,3,1,1,1.0,2.0
201700048739,0017-09-17 01:30:00,17,9,17,1,30,780,238,A13,48.96923,1.86267,Nuit sans éclairage public,Hors agglomération,Hors intersection,Normale,Sans collision,,,,,,,,,,,3,1,1,1.0,7.0
201700048740,0017-09-18 08:40:00,17,9,18,8,40,920,23,RN385,,,Plein jour,Hors agglomération,Hors intersection,Normale,Deux véhicules - arrière,,,,,,,,,,,1,1,1,1.0,2.0
201700048741,0017-09-18 16:22:00,17,9,18,16,22,920,48,N118,48.7976,2.217,Plein jour,Hors agglomération,Hors intersection,Pluie légère,Deux véhicules - côté,,,,,,,,,,,1,1,1,2.0,3.0
201700048742,0017-09-18 19:01:00,17,9,18,19,1,780,571,A13,48.89759,2.00605,Plein jour,Hors agglomération,Hors intersection,Pluie légère,Trois véhicules et plus - en chaîne,,,,,,,,,,,1,1,1,2.0,4.0
201700048743,0017-09-19 00:30:00,17,9,19,0,30,780,423,N12W,48.78196,2.0305,Nuit sans éclairage public,Hors agglomération,Hors intersection,Pluie légère,Autre collision,,,,,,,,,,,3,1,1,2.0,6.0
201700048744,0017-09-19 07:15:00,17,9,19,7,15,920,62,RN1013,,,Nuit avec éclairage allumé,Hors agglomération,Hors intersection,Pluie légère,Sans collision,,,,,,,,,,,5,1,1,2.0,7.0
201700048745,0017-09-19 08:01:00,17,9,19,8,1,780,291,A13,48.96532,1.75766,Plein jour,Hors agglomération,Hors intersection,Pluie forte,Deux véhicules - arrière,,,,,,,,,,,1,1,1,3.0,2.0
201700048746,0017-09-19 09:06:00,17,9,19,9,6,920,50,A86,,,Plein jour,Hors agglomération,Hors intersection,Normale,Sans collision,,,,,,,,,,,1,1,1,1.0,7.0
201700048747,0017-09-19 09:28:00,17,9,19,9,28,780,423,N12W,,,Plein jour,Hors agglomération,Hors intersection,Pluie légère,Sans collision,,,,,,,,,,,1,1,1,2.0,7.0
201700048748,0017-09-19 12:47:00,17,9,19,12,47,780,431,A13,48.9398,1.9547,Plein jour,Hors agglomération,Hors intersection,Pluie légère,Trois véhicules et plus - collisions multiples,,,,,,,,,,,1,1,1,2.0,5.0
201700048749,0017-09-20 03:20:00,17,9,20,3,20,920,64,A13,48.50044,2.05412,Nuit sans éclairage public,Hors agglomération,Hors intersection,Normale,Deux véhicules - arrière,,,,,,,,,,,3,1,1,1.0,2.0
201700048750,0017-09-21 08:07:00,17,9,21,8,7,920,72,N118,48.82158,2.22065,Plein jour,Hors agglomération,Hors intersection,Normale,Deux véhicules - arrière,,,,,,,,,,,1,1,1,1.0,2.0
201700048751,0017-09-21 08:25:00,17,9,21,8,25,780,90,A13,48.97055,1.89333,Plein jour,Hors agglomération,Hors intersection,Normale,Deux véhicules - côté,,,,,,,,,,,1,1,1,1.0,3.0
201700048752,0017-09-21 20:02:00,17,9,21,20,2,920,72,N118,,,Nuit sans éclairage public,Hors agglomération,Hors intersection,Normale,Trois véhicules et plus - en chaîne,,,,,,,,,,,3,1,1,1.0,4.0
201700048753,0017-09-22 02:10:00,17,9,22,2,10,920,50,A86,48.9103,2.2156,Nuit avec éclairage allumé,Hors agglomération,Hors intersection,Normale,Trois véhicules et plus - collisions multiples,,,,,,,,,,,5,1,1,1.0,5.0
201700048754,0017-09-22 09:35:00,17,9,22,9,35,920,47,A13,48.83967,2.19783,Plein jour,Hors agglomération,Hors intersection,Normale,Trois véhicules et plus - en chaîne,,,,,,,,,,,1,1,1,1.0,4.0
201700048755,0017-09-22 19:40:00,17,9,22,19,40,780,455,A13,,,Nuit sans éclairage public,Hors agglomération,Hors intersection,Normale,Trois véhicules et plus - en chaîne,,,,,,,,,,,3,1,1,1.0,4.0
201700048756,0017-09-23 07:15:00,17,9,23,7,15,780,545,A12 Y,,,Crépuscule ou aube,Hors agglomération,Hors intersection,Normale,Deux véhicules - arrière,,,,,,,,,,,2,1,1,1.0,2.0
201700048757,0017-09-24 20:06:00,17,9,24,20,6,780,524,A13,48.84111,2.10565,Nuit avec éclairage allumé,Hors agglomération,Hors intersection,Normale,Deux véhicules - côté,,,,,,,,,,,5,1,1,1.0,3.0
201700048758,0017-09-25 06:14:00,17,9,25,6,14,920,50,A14,48.90064,2.20677,Nuit sans éclairage public,Hors agglomération,Hors intersection,Normale,Autre collision,,,,,,,,,,,3,1,1,1.0,6.0
201700048759,0017-09-25 07:55:00,17,9,25,7,55,780,73,A12 Y,,,Plein jour,Hors agglomération,Hors intersection,Normale,Deux véhicules - côté,,,,,,,,,,,1,1,1,1.0,3.0
201700048760,0017-09-25 08:04:00,17,9,25,8,4,920,50,A14,48.90039,2.20756,Crépuscule ou aube,Hors agglomération,Hors intersection,Normale,Trois véhicules et plus - collisions multiples,,,,,,,,,,,2,1,1,1.0,5.0
201700048761,0017-09-25 11:44:00,17,9,25,11,44,920,4,RN315 Y,48.91806,2.30749,Plein jour,Hors agglomération,Hors intersection,Normale,Deux véhicules - arrière,,,,,,,,,,,1,1,1,1.0,2.0
201700048762,0017-09-25 13:20:00,17,9,25,13,20,920,50,A86,,,Plein jour,En agglomération,Hors intersection,Normale,Deux véhicules - côté,,,,,,,,,,,1,2,1,1.0,3.0
201700048763,0017-09-26 06:53:00,17,9,26,6,53,780,208,RN12 EXT,48.65235,1.95684,Crépuscule ou aube,Hors agglomération,Hors intersection,Normale,Autre collision,,,,,,,,,,,2,1,1,1.0,6.0
201700048764,0017-09-26 18:57:00,17,9,26,18,57,780,524,A13,48.8407,2.1097,Crépuscule ou aube,Hors agglomération,Hors intersection,Normale,Deux véhicules - côté,,,,,,,,,,,2,1,1,1.0,3.0