accident_id,datetime,annee,mois,jour,heure,minute,departement,commune_insee,adresse,latitude,longitude,luminosite,agglomeration,intersection,meteo,collision,nb_vehicules,nb_usagers,nb_indemnes,nb_tues,nb_blesses_hosp,nb_blesses_legers,age_cond_1,age_cond_2,veh_type_cond_1,veh_type_cond_2,lum_code,agg_code,int_code,atm_code,col_code
201700049140,0017-04-06 18:00:00,17,4,6,18,0,910,161,CARREFOUR RN20 / CD120,48.71517,2.29825,Plein jour,En agglomération,Hors intersection,Normale,Autre collision,,,,,,,,,,,1,2,1,1.0,6.0
201700049141,0017-04-07 09:45:00,17,4,7,9,45,910,645,RN 385 Extèrieure,48.75963,2.26028,Plein jour,Hors agglomération,Hors intersection,Normale,Deux véhicules - arrière,,,,,,,,,,,1,1,1,1.0,2.0
201700049142,0017-04-07 09:00:00,17,4,7,9,0,920,2,AUTOROUTE A86,,,Plein jour,Hors agglomération,Hors intersection,Normale,Trois véhicules et plus - collisions multiples,,,,,,,,,,,1,1,1,1.0,5.0
201700049143,0017-04-07 18:01:00,17,4,7,18,1,910,161,AUTOROUTE A6,48.71567,2.30947,Plein jour,Hors agglomération,Hors intersection,Normale,Deux véhicules - côté,,,,,,,,,,,1,1,1,1.0,3.0
201700049144,0017-04-09 06:13:00,17,4,9,6,13,910,161,AUTOROUTE A6,48.70345,2.30677,Nuit avec éclairage allumé,Hors agglomération,Hors intersection,Normale,Autre collision,,,,,,,,,,,5,1,1,1.0,6.0
201700049145,0017-04-10 12:30:00,17,4,10,12,30,910,617,RN 104,48.63867,2.53514,Plein jour,Hors agglomération,Hors intersection,Normale,Trois véhicules et plus - en chaîne,,,,,,,,,,,1,1,1,1.0,4.0
201700049146,0017-04-10 18:00:00,17,4,10,18,0,910,687,AUTOROUTE A6,48.66205,2.36906,Plein jour,Hors agglomération,Hors intersection,Normale,Deux véhicules - côté,,,,,,,,,,,1,1,1,1.0,3.0
201700049147,0017-04-10 18:30:00,17,4,10,18,30,940,34,AUTOROUTE A86,48.757,2.33019,Plein jour,Hors agglomération,Hors intersection,Normale,Deux véhicules - arrière,,,,,,,,,,,1,1,1,1.0,2.0
201700049148,0017-04-11 07:30:00,17,4,11,7,30,910,174,RN 104,48.62021,2.46026,Crépuscule ou aube,Hors agglomération,Hors intersection,Normale,Deux véhicules - côté,,,,,,,,,,,2,1,1,1.0,3.0
201700049149,0017-04-11 08:55:00,17,4,11,8,55,910,689,AUTOROUTE A6B,48.73372,2.31615,Plein jour,Hors agglomération,Hors intersection,Normale,Deux véhicules - côté,,,,,,,,,,,1,1,1,1.0,3.0
201700049150,0017-04-13 12:50:00,17,4,13,12,50,910,345,AUTOROUTE A6,48.6932,2.32062,Plein jour,Hors agglomération,Hors intersection,Normale,Deux véhicules - côté,,,,,,,,,,,1,1,1,1.0,3.0
201700049151,0017-04-14 10:07:00,17,4,14,10,7,910,377,AUTOROUTE A10,48.72608,2.30204,Plein jour,Hors agglomération,Hors intersection,Normale,Deux véhicules - arrière,,,,,,,,,,,1,1,1,1.0,2.0
201700049152,0017-04-14 16:55:00,17,4,14,16,55,910,64,RN 118,48.7561,2.22361,Plein jour,Hors agglomération,Hors intersection,Normale,Deux véhicules - côté,,,,,,,,,,,1,1,1,1.0,3.0
201700049153,0017-04-14 17:20:00,17,4,14,17,20,910,363,RN 104,48.63653,2.20722,Plein jour,Hors agglomération,Hors intersection,Normale,Deux véhicules - côté,,,,,,,,,,,1,1,1,1.0,3.0
201700049154,0017-04-14 17:40:00,17,4,14,17,40,940,21,AUTOROUTE A6A,48.7661,2.34351,Plein jour,Hors agglomération,Hors intersection,Normale,Deux véhicules - arrière,,,,,,,,,,,1,1,1,1.0,2.0
201700049155,0017-04-14 19:00:00,17,4,14,19,0,940,38,AUTOROUTE A6A,48.7822,2.34658,Plein jour,Hors agglomération,Hors intersection,Normale,Trois véhicules et plus - collisions multiples,,,,,,,,,,,1,1,1,1.0,5.0
201700049156,0017-04-14 19:10:00,17,4,14,19,10,910,216,AUTOROUTE A6,48.68281,2.32928,Plein jour,Hors agglomération,Hors intersection,Normale,Trois véhicules et plus - collisions multiples,,,,,,,,,,,1,1,1,1.0,5.0
201700049157,0017-04-14 21:08:00,17,4,14,21,8,940,65,AUTOROUTE A106,48.7469,2.35924,Nuit sans éclairage public,Hors agglomération,Hors intersection,Normale,Autre collision,,,,,,,,,,,3,1,1,1.0,6.0
201700049158,0017-04-15 18:20:00,17,4,15,18,20,910,86,RN 104,48.62386,2.37764,Plein jour,Hors agglomération,Hors intersection,Normale,Autre collision,,,,,,,,,,,1,1,1,1.0,6.0
201700049159,0017-04-17 13:45:00,17,4,17,13,45,910,179,AUTOROUTE A6,48.55781,2.48946,Plein jour,Hors agglomération,Hors intersection,Normale,Trois véhicules et plus - en chaîne,,,,,,,,,,,1,1,1,1.0,4.0
201700049160,0017-04-18 08:50:00,17,4,18,8,50,770,384,AUTOROUTE A5,,,Plein jour,Hors agglomération,Hors intersection,Normale,Autre collision,,,,,,,,,,,1,1,1,1.0,6.0
201700049161,0017-04-18 15:53:00,17,4,18,15,53,910,64,RN 118,48.74424,2.19075,Plein jour,Hors agglomération,Hors intersection,Normale,Trois véhicules et plus - en chaîne,,,,,,,,,,,1,1,1,1.0,4.0
201700049162,0017-04-16 23:45:00,17,4,16,23,45,910,521,AUTOROUTE A6,48.64024,2.3941,Nuit sans éclairage public,Hors agglomération,Hors intersection,Normale,Deux véhicules - arrière,,,,,,,,,,,3,1,1,1.0,2.0
201700049163,0017-04-19 10:30:00,17,4,19,10,30,940,38,AUTOROUTE A6A,48.7757,2.34617,Plein jour,Hors agglomération,Hors intersection,Normale,Deux véhicules - côté,,,,,,,,,,,1,1,1,1.0,3.0
201700049164,0017-04-19 12:10:00,17,4,19,12,10,910,689,AUTOROUTE A6,48.72123,2.31175,Plein jour,Hors agglomération,Hors intersection,Normale,Trois véhicules et plus - en chaîne,,,,,,,,,,,1,1,1,1.0,4.0
201700049165,0017-04-19 18:30:00,17,4,19,18,30,910,64,RN 118,48.7488,2.20047,Plein jour,Hors agglomération,Hors intersection,Normale,Trois véhicules et plus - en chaîne,,,,,,,,,,,1,1,1,1.0,4.0
201700049166,0017-04-19 19:22:00,17,4,19,19,22,910,136,AUTOROUTE A10,48.71643,2.26444,Plein jour,Hors agglomération,Hors intersection,Normale,Trois véhicules et plus - en chaîne,,,,,,,,,,,1,1,1,1.0,4.0
201700049167,0017-04-21 17:15:00,17,4,21,17,15,910,64,RN 118,48.74347,2.18955,Plein jour,Hors agglomération,Hors intersection,Normale,Trois véhicules et plus - en chaîne,,,,,,,,,,,1,1,1,1.0,4.0
201700049168,0017-04-21 16:45:00,17,4,21,16,45,910,589,AUTOROUTE A6,48.67969,2.33286,Plein jour,Hors agglomération,Hors intersection,Normale,Deux véhicules - arrière,,,,,,,,,,,1,1,1,1.0,2.0
201700049169,0017-04-21 17:45:00,17,4,21,17,45,920,2,AUTOROUTE A10,,,Plein jour,Hors agglomération,Hors intersection,Normale,Deux véhicules - arrière,,,,,,,,,,,1,1,1,1.0,2.0
201700049170,0017-04-22 14:20:00,17,4,22,14,20,910,553,RN 104,48.63127,2.49008,Plein jour,Hors agglomération,Hors intersection,Normale,Trois véhicules et plus - collisions multiples,,,,,,,,,,,1,1,1,1.0,5.0
201700049171,0017-04-22 15:20:00,17,4,22,15,20,910,64,RN 118,48.75665,2.22382,Plein jour,Hors agglomération,Hors intersection,Normale,Deux véhicules - arrière,,,,,,,,,,,1,1,1,1.0,2.0
201700049172,0017-04-23 10:56:00,17,4,23,10,56,940,34,AUTOROUTE A86,48.7562,2.33673,Plein jour,Hors agglomération,Hors intersection,Normale,Deux véhicules - côté,,,,,,,,,,,1,1,1,1.0,3.0
201700049173,0017-04-23 18:00:00,17,4,23,18,0,910,553,RN 104,48.6316,2.49388,Plein jour,Hors agglomération,Hors intersection,Normale,Deux véhicules - arrière,,,,,,,,,,,1,1,1,1.0,2.0
201700049174,0017-04-24 09:40:00,17,4,24,9,40,910,471,RN 118,48.69711,2.1922,Plein jour,Hors agglomération,Hors intersection,Normale,Trois véhicules et plus - en chaîne,,,,,,,,,,,1,1,1,1.0,4.0
201700049175,0017-04-24 09:50:00,17,4,24,9,50,940,21,AUTOROUTE A6A,48.7668,2.34397,Plein jour,Hors agglomération,Hors intersection,Normale,Deux véhicules - arrière,,,,,,,,,,,1,1,1,1.0,2.0
201700049176,0017-04-24 09:30:00,17,4,24,9,30,770,251,AUTOROUTE A5A,48.62504,2.54037,Plein jour,Hors agglomération,Hors intersection,Normale,Deux véhicules - arrière,,,,,,,,,,,1,1,1,1.0,2.0
201700049177,0017-04-24 12:00:00,17,4,24,12,0,910,161,AUTOROUTE A6,48.70181,2.30848,Plein jour,Hors agglomération,Hors intersection,Normale,Deux véhicules - côté,,,,,,,,,,,1,1,1,1.0,3.0
201700049178,0017-04-24 14:08:00,17,4,24,14,8,940,37,AUTOROUTE A6B,48.809,2.3483,Plein jour,Hors agglomération,Hors intersection,Normale,Deux véhicules - arrière,,,,,,,,,,,1,1,1,1.0,2.0
201700049179,0017-04-24 22:10:00,17,4,24,22,10,910,340,AUTOROUTE A6,48.6014,2.43872,Nuit sans éclairage public,Hors agglomération,Hors intersection,Normale,Trois véhicules et plus - en chaîne,,,,,,,,,,,3,1,1,1.0,4.0
201700049180,0017-04-25 14:15:00,17,4,25,14,15,910,161,AUTOROUTE A6,48.69779,2.31445,Plein jour,Hors agglomération,Hors intersection,Normale,Trois véhicules et plus - collisions multiples,,,,,,,,,,,1,1,1,1.0,5.0
201700049181,0017-04-25 15:04:00,17,4,25,15,4,910,377,RD 444,48.72674,2.24431,Plein jour,Hors agglomération,Hors intersection,Normale,Deux véhicules - frontale,,,,,,,,,,,1,1,1,1.0,1.0
201700049182,0017-04-26 08:05:00,17,4,26,8,5,940,34,AUTOROUTE A86,48.7606,2.31928,Plein jour,Hors agglomération,Hors intersection,Normale,Sans collision,,,,,,,,,,,1,1,1,1.0,7.0
201700049183,0017-04-26 15:30:00,17,4,26,15,30,910,174,RN 104,48.61318,2.45068,Plein jour,Hors agglomération,Hors intersection,Pluie légère,Trois véhicules et plus - en chaîne,,,,,,,,,,,1,1,1,2.0,4.0
201700049184,0017-04-26 18:40:00,17,4,26,18,40,940,76,AUTOROUTE A6B,48.7862,2.3463,Plein jour,Hors agglomération,Hors intersection,Pluie légère,Deux véhicules - côté,,,,,,,,,,,1,1,1,2.0,3.0
201700049185,0017-04-26 22:17:00,17,4,26,22,17,910,86,RN 104,48.62517,2.39521,Nuit sans éclairage public,Hors agglomération,Hors intersection,Pluie légère,Sans collision,,,,,,,,,,,3,1,1,2.0,7.0
201700049186,0017-04-27 08:40:00,17,4,27,8,40,910,521,AUTOROUTE A6,48.63398,2.40245,Plein jour,Hors agglomération,Hors intersection,Normale,Deux véhicules - arrière,,,,,,,,,,,1,1,1,1.0,2.0
201700049187,0017-04-28 08:36:00,17,4,28,8,36,910,689,AUTOROUTE A6,48.73329,2.31651,Plein jour,Hors agglomération,Hors intersection,Pluie légère,Sans collision,,,,,,,,,,,1,1,1,2.0,7.0
201700049188,0017-04-28 12:00:00,17,4,28,12,0,910,689,AUTOROUTE A6B,48.74022,2.31876,Plein jour,Hors agglomération,Hors intersection,Normale,Deux véhicules - côté,,,,,,,,,,,1,1,1,1.0,3.0
201700049189,0017-04-28 21:45:00,17,4,28,21,45,920,19,RN 385 Extèrieure,,,Nuit sans éclairage public,Hors agglomération,Hors intersection,Normale,Sans collision,,,,,,,,,,,3,1,1,1.0,7.0
201700049190,0017-04-30 07:50:00,17,4,30,7,50,770,251,AUTOROUTE A5A,48.6267,2.53869,Nuit sans éclairage public,Hors agglomération,Hors intersection,Normale,Autre collision,,,,,,,,,,,3,1,1,1.0,6.0
201700049191,0017-05-01 18:25:00,17,5,1,18,25,910,521,RN 104,48.63112,2.40015,Plein jour,Hors agglomération,Hors intersection,Normale,Sans collision,,,,,,,,,,,1,1,1,1.0,7.0
201700049192,0017-05-02 14:30:00,17,5,2,14,30,910,64,RN 118,48.76401,2.22908,Plein jour,Hors agglomération,Hors intersection,Normale,Autre collision,,,,,,,,,,,1,1,1,1.0,6.0
201700049193,0017-05-02 16:55:00,17,5,2,16,55,910,161,AUTOROUTE A6,48.72111,2.31109,Plein jour,Hors agglomération,Hors intersection,Normale,Trois véhicules et plus - en chaîne,,,,,,,,,,,1,1,1,1.0,4.0
201700049194,0017-05-03 17:20:00,17,5,3,17,20,910,377,AUTOROUTE A10,48.7254,2.30084,Plein jour,Hors agglomération,Hors intersection,Pluie légère,Deux véhicules - arrière,,,,,,,,,,,1,1,1,2.0,2.0
201700049195,0017-05-03 18:25:00,17,5,3,18,25,940,37,AUTOROUTE A6B,48.807,2.34672,Plein jour,Hors agglomération,Hors intersection,Pluie légère,Deux véhicules - côté,,,,,,,,,,,1,1,1,2.0,3.0
201700049196,0017-05-03 18:20:00,17,5,3,18,20,920,19,RN 385 Extèrieure,,,Plein jour,Hors agglomération,Hors intersection,Pluie légère,Autre collision,,,,,,,,,,,1,1,1,2.0,6.0
201700049197,0017-05-03 20:50:00,17,5,3,20,50,910,86,RN 104,48.62338,2.38387,Nuit sans éclairage public,Hors agglomération,Hors intersection,Pluie légère,Sans collision,,,,,,,,,,,3,1,1,2.0,7.0
201700049198,0017-05-05 00:39:00,17,5,5,0,39,770,296,AUTOROUTE A5A,,,Nuit sans éclairage public,Hors agglomération,Hors intersection,Normale,Deux véhicules - arrière,,,,,,,,,,,3,1,1,1.0,2.0
201700049199,0017-05-05 16:00:00,17,5,5,16,0,940,34,AUTOROUTE A6B,48.7561,2.33437,Plein jour,Hors agglomération,Hors intersection,Normale,Trois véhicules et plus - en chaîne,,,,,,,,,,,1,1,1,1.0,4.0
201700049200,0017-05-09 09:11:00,17,5,9,9,11,910,549,RN 104,48.62504,2.32371,Plein jour,Hors agglomération,Hors intersection,Normale,Trois véhicules et plus - en chaîne,,,,,,,,,,,1,1,1,1.0,4.0
201700049201,0017-05-09 17:15:00,17,5,9,17,15,910,689,AUTOROUTE A6,48.72817,2.31408,Plein jour,Hors agglomération,Hors intersection,Normale,Deux véhicules - côté,,,,,,,,,,,1,1,1,1.0,3.0
201700049202,0017-05-09 18:00:00,17,5,9,18,0,910,689,AUTOROUTE A6A,48.74357,2.32315,Plein jour,Hors agglomération,Hors intersection,Normale,Deux véhicules - côté,,,,,,,,,,,1,1,1,1.0,3.0
201700049203,0017-05-09 18:45:00,17,5,9,18,45,910,692,RN 118,48.67202,2.19413,Plein jour,Hors agglomération,Hors intersection,Normale,Trois véhicules et plus - en chaîne,,,,,,,,,,,1,1,1,1.0,4.0
201700049204,0017-05-10 07:45:00,17,5,10,7,45,940,38,AUTOROUTE A6A,48.7898,2.34421,Plein jour,Hors agglomération,Hors intersection,Normale,Deux véhicules - côté,,,,,,,,,,,1,1,1,1.0,3.0
201700049205,0017-05-09 21:30:00,17,5,9,21,30,910,661,RD 188 CHEVREUSE,48.69768,2.23689,Nuit sans éclairage public,Hors agglomération,Hors intersection,Normale,Sans collision,,,,,,,,,,,3,1,1,1.0,7.0
201700049206,0017-05-09 23:07:00,17,5,9,23,7,910,182,RN 104,48.62493,2.41722,Nuit sans éclairage public,Hors agglomération,Hors intersection,Normale,Autre collision,,,,,,,,,,,3,1,1,1.0,6.0
201700049207,0017-05-10 15:55:00,17,5,10,15,55,910,174,RN 104,48.61121,2.44687,Plein jour,Hors agglomération,Hors intersection,Normale,Deux véhicules - arrière,,,,,,,,,,,1,1,1,1.0,2.0
201700049208,0017-05-10 18:10:00,17,5,10,18,10,910,689,AUTOROUTE A6,48.73023,2.31492,Plein jour,Hors agglomération,Hors intersection,Normale,Deux véhicules - côté,,,,,,,,,,,1,1,1,1.0,3.0
201700049209,0017-05-10 20:30:00,17,5,10,20,30,940,76,AUTOROUTE A6B,48.7915,2.34405,Plein jour,Hors agglomération,Hors intersection,Normale,Trois véhicules et plus - collisions multiples,,,,,,,,,,,1,1,1,1.0,5.0
201700049210,0017-05-12 12:30:00,17,5,12,12,30,910,174,RN 104,48.62152,2.46273,Plein jour,Hors agglomération,Hors intersection,Normale,Deux véhicules - côté,,,,,,,,,,,1,1,1,1.0,3.0
201700049211,0017-05-12 20:40:00,17,5,12,20,40,910,161,AUTOROUTE A6,48.71326,2.30829,Crépuscule ou aube,Hors agglomération,Hors intersection,Pluie légère,Deux véhicules - côté,,,,,,,,,,,2,1,1,2.0,3.0
201700049212,0017-05-14 00:46:00,17,5,14,0,46,910,340,AUTOROUTE A6,48.59722,2.44143,Nuit sans éclairage public,Hors agglomération,Hors intersection,Normale,Trois véhicules et plus - en chaîne,,,,,,,,,,,3,1,1,1.0,4.0
201700049213,0017-05-14 05:00:00,17,5,14,5,0,910,570,RN 104,48.6257,2.3563,Nuit sans éclairage public,Hors agglomération,Hors intersection,Normale,Sans collision,,,,,,,,,,,3,1,1,1.0,7.0
201700049214,0017-05-14 07:30:00,17,5,14,7,30,910,86,RN 104,48.62386,2.37764,Plein jour,Hors agglomération,Hors intersection,Normale,Sans collision,,,,,,,,,,,1,1,1,1.0,7.0
201700049215,0017-05-14 12:45:00,17,5,14,12,45,940,21,AUTOROUTE A6B,48.76858,2.34534,Plein jour,Hors agglomération,Hors intersection,Pluie légère,Deux véhicules - côté,,,,,,,,,,,1,1,1,2.0,3.0
201700049216,0017-05-15 14:45:00,17,5,15,14,45,940,34,AUTOROUTE A6B,48.7593,2.33721,Plein jour,Hors agglomération,Hors intersection,Normale,Autre collision,,,,,,,,,,,1,1,1,1.0,6.0
201700049217,0017-05-15 18:00:00,17,5,15,18,0,910,477,AUTOROUTE A126,48.7208,2.25334,Plein jour,Hors agglomération,Hors intersection,Normale,Trois véhicules et plus - collisions multiples,,,,,,,,,,,1,1,1,1.0,5.0
201700049218,0017-05-16 08:50:00,17,5,16,8,50,910,477,AUTOROUTE A10,48.71688,2.25482,Plein jour,Hors agglomération,Hors intersection,Normale,Autre collision,,,,,,,,,,,1,1,1,1.0,6.0
201700049219,0017-05-16 09:42:00,17,5,16,9,42,920,2,AUTOROUTE A10,,,Plein jour,Hors agglomération,Hors intersection,Normale,Deux véhicules - côté,,,,,,,,,,,1,1,1,1.0,3.0
201700049220,0017-05-16 09:05:00,17,5,16,9,5,910,468,AUTOROUTE A6,48.57462,2.46623,Plein jour,Hors agglomération,Hors intersection,Normale,Trois véhicules et plus - en chaîne,,,,,,,,,,,1,1,1,1.0,4.0
201700049221,0017-05-15 21:00:00,17,5,15,21,0,910,161,AUTOROUTE A6,48.70373,2.30663,Crépuscule ou aube,Hors agglomération,Hors intersection,Normale,Trois véhicules et plus - collisions multiples,,,,,,,,,,,2,1,1,1.0,5.0
201700049222,0017-05-16 20:00:00,17,5,16,20,0,940,38,AUTOROUTE A6A,48.7748,2.34607,Plein jour,Hors agglomération,Hors intersection,Normale,Trois véhicules et plus - en chaîne,,,,,,,,,,,1,1,1,1.0,4.0
201700049223,0017-05-17 09:08:00,17,5,17,9,8,910,363,RN 104,48.64605,2.19223,Plein jour,Hors agglomération,Hors intersection,Normale,Deux véhicules - arrière,,,,,,,,,,,1,1,1,1.0,2.0
201700049224,0017-05-17 14:30:00,17,5,17,14,30,910,471,RN 118,48.70473,2.19255,Plein jour,Hors agglomération,Hors intersection,Normale,Autre collision,,,,,,,,,,,1,1,1,1.0,6.0
201700049225,0017-05-17 14:30:00,17,5,17,14,30,910,553,RN 104,48.62799,2.47939,Plein jour,Hors agglomération,Hors intersection,Normale,Deux véhicules - côté,,,,,,,,,,,1,1,1,1.0,3.0
201700049226,0017-05-17 16:15:00,17,5,17,16,15,910,432,AUTOROUTE A6,48.69268,2.32103,Plein jour,Hors agglomération,Hors intersection,Normale,Deux véhicules - côté,,,,,,,,,,,1,1,1,1.0,3.0
201700049227,0017-05-18 06:50:00,17,5,18,6,50,910,661,AUTOROUTE A10,48.70247,2.24829,Crépuscule ou aube,Hors agglomération,Hors intersection,Normale,Deux véhicules - côté,,,,,,,,,,,2,1,1,1.0,3.0
201700049228,0017-05-18 15:35:00,17,5,18,15,35,910,136,AUTOROUTE A10,48.71351,2.27754,Plein jour,Hors agglomération,Hors intersection,Normale,Deux véhicules - arrière,,,,,,,,,,,1,1,1,1.0,2.0
201700049229,0017-05-18 16:25:00,17,5,18,16,25,910,363,RN 104,48.63659,2.20731,Plein jour,Hors agglomération,Hors intersection,Temps couvert,Autre collision,,,,,,,,,,,1,1,1,8.0,6.0
201700049230,0017-05-19 06:25:00,17,5,19,6,25,910,471,RN 118,48.70935,2.18838,Nuit sans éclairage public,Hors agglomération,Hors intersection,Normale,Deux véhicules - arrière,,,,,,,,,,,3,1,1,1.0,2.0
201700049231,0017-05-19 09:35:00,17,5,19,9,35,910,216,AUTOROUTE A6,48.68447,2.32799,Plein jour,Hors agglomération,Hors intersection,Normale,Deux véhicules - côté,,,,,,,,,,,1,1,1,1.0,3.0
201700049232,0017-05-19 20:25:00,17,5,19,20,25,910,689,AUTOROUTE A6,48.74866,2.32775,Plein jour,Hors agglomération,Hors intersection,Normale,Trois véhicules et plus - en chaîne,,,,,,,,,,,1,1,1,1.0,4.0
201700049233,0017-05-20 13:45:00,17,5,20,13,45,940,38,AUTOROUTE A6A,48.7775,2.34637,Plein jour,Hors agglomération,Hors intersection,Normale,Trois véhicules et plus - en chaîne,,,,,,,,,,,1,1,1,1.0,4.0
201700049234,0017-05-21 06:27:00,17,5,21,6,27,910,689,AUTOROUTE A6,48.72514,2.31291,Crépuscule ou aube,Hors agglomération,Hors intersection,Normale,Autre collision,,,,,,,,,,,2,1,1,1.0,6.0
201700049235,0017-05-22 08:45:00,17,5,22,8,45,910,617,RN 104,48.63141,2.5099,Plein jour,Hors agglomération,Hors intersection,Normale,Deux véhicules - arrière,,,,,,,,,,,1,1,1,1.0,2.0
201700049236,0017-05-22 12:10:00,17,5,22,12,10,910,161,AUTOROUTE A6,48.69741,2.31489,Plein jour,Hors agglomération,Hors intersection,Normale,Trois véhicules et plus - en chaîne,,,,,,,,,,,1,1,1,1.0,4.0
201700049237,0017-05-23 08:45:00,17,5,23,8,45,910,377,AUTOROUTE A10,48.72331,2.29809,Plein jour,Hors agglomération,Hors intersection,Normale,Deux véhicules - côté,,,,,,,,,,,1,1,1,1.0,3.0
201700049238,0017-05-23 08:40:00,17,5,23,8,40,940,65,AUTOROUTE A86,48.7544,2.34912,Plein jour,Hors agglomération,Hors intersection,Normale,Deux véhicules - côté,,,,,,,,,,,1,1,1,1.0,3.0
201700049239,0017-05-24 00:45:00,17,5,24,0,45,940,16,AUTOROUTE A6A,48.7976,2.34369,Nuit avec éclairage allumé,Hors agglomération,Hors intersection,Normale,Deux véhicules - arrière,,,,,,,,,,,5,1,1,1.0,2.0
201700049240,0017-05-24 19:02:00,17,5,24,19,2,910,434,AUTOROUTE A6,48.67042,2.34791,Plein jour,Hors agglomération,Hors intersection,Normale,Trois véhicules et plus - en chaîne,,,,,,,,,,,1,1,1,1.0,4.0
201700049241,0017-05-24 18:30:00,17,5,24,18,30,910,64,RN 118,48.7428,2.18731,Plein jour,Hors agglomération,Hors intersection,Normale,Sans collision,,,,,,,,,,,1,1,1,1.0,7.0
201700049242,0017-05-25 11:20:00,17,5,25,11,20,910,661,AUTOROUTE A10,48.69634,2.23669,Plein jour,Hors agglomération,Hors intersection,Normale,Sans collision,,,,,,,,,,,1,1,1,1.0,7.0
201700049243,0017-05-26 06:51:00,17,5,26,6,51,910,377,AUTOROUTE A10,48.71798,2.26125,Plein jour,Hors agglomération,Hors intersection,Normale,Sans collision,,,,,,,,,,,1,1,1,1.0,7.0
201700049244,0017-05-26 18:00:00,17,5,26,18,0,910,617,RN 104,48.6318,2.50256,Plein jour,Hors agglomération,Hors intersection,Normale,Trois véhicules et plus - en chaîne,,,,,,,,,,,1,1,1,1.0,4.0
201700049245,0017-05-26 21:00:00,17,5,26,21,0,910,182,RN 104,48.6087,2.43758,Crépuscule ou aube,Hors agglomération,Hors intersection,Normale,Autre collision,,,,,,,,,,,2,1,1,1.0,6.0
201700049246,0017-05-28 06:55:00,17,5,28,6,55,910,363,RN 104,48.64409,2.19587,Crépuscule ou aube,Hors agglomération,Hors intersection,Pluie légère,Autre collision,,,,,,,,,,,2,1,1,2.0,6.0
201700049247,0017-05-28 12:10:00,17,5,28,12,10,920,2,AUTOROUTE A10,,,Plein jour,Hors agglomération,Hors intersection,Temps couvert,Trois véhicules et plus - en chaîne,,,,,,,,,,,1,1,1,8.0,4.0
201700049248,0017-05-30 06:40:00,17,5,30,6,40,910,471,RN 118,48.69652,2.19237,Plein jour,Hors agglomération,Hors intersection,Normale,Deux véhicules - côté,,,,,,,,,,,1,1,1,1.0,3.0
201700049249,0017-05-30 15:30:00,17,5,30,15,30,910,161,AUTOROUTE A6,48.69889,2.31294,Plein jour,Hors agglomération,Hors intersection,Normale,Deux véhicules - arrière,,,,,,,,,,,1,1,1,1.0,2.0
201700049250,0017-05-30 23:50:00,17,5,30,23,50,910,64,RN 118,48.7681,2.22978,Nuit avec éclairage allumé,Hors agglomération,Hors intersection,Normale,Deux véhicules - côté,,,,,,,,,,,5,1,1,1.0,3.0
201700049251,0017-05-31 16:15:00,17,5,31,16,15,910,161,AUTOROUTE A126,48.71221,2.28766,Plein jour,Hors agglomération,Hors intersection,Normale,Trois véhicules et plus - en chaîne,,,,,,,,,,,1,1,1,1.0,4.0
201700049252,0017-06-01 08:26:00,17,6,1,8,26,910,617,RN 104,48.63141,2.51413,Plein jour,Hors agglomération,Hors intersection,Normale,Trois véhicules et plus - en chaîne,,,,,,,,,,,1,1,1,1.0,4.0
201700049253,0017-06-01 15:55:00,17,6,1,15,55,910,689,AUTOROUTE A6,48.73272,2.31572,Plein jour,Hors agglomération,Hors intersection,Normale,Sans collision,,,,,,,,,,,1,1,1,1.0,7.0
201700049254,0017-06-02 18:05:00,17,6,2,18,5,910,182,RN 104,48.61854,2.42702,Plein jour,Hors agglomération,Hors intersection,Pluie légère,Deux véhicules - arrière,,,,,,,,,,,1,1,1,2.0,2.0
201700049255,0017-06-02 23:00:00,17,6,2,23,0,910,228,RN 449,48.63397,2.4064,Nuit sans éclairage public,Hors agglomération,Hors intersection,Normale,Sans collision,,,,,,,,,,,3,1,1,1.0,7.0
201700049256,0017-06-02 21:55:00,17,6,2,21,55,910,377,AUTOROUTE A10,48.71427,2.27356,Nuit sans éclairage public,Hors agglomération,Hors intersection,Temps couvert,Autre collision,,,,,,,,,,,3,1,1,8.0,6.0
201700049257,0017-06-02 23:15:00,17,6,2,23,15,910,182,RN 104,48.62906,2.41144,Nuit sans éclairage public,Hors agglomération,Hors intersection,Temps couvert,Autre collision,,,,,,,,,,,3,1,1,8.0,6.0
201700049258,0017-06-03 21:30:00,17,6,3,21,30,910,521,RN 441,48.64134,2.39379,Crépuscule ou aube,Hors agglomération,Hors intersection,Normale,Autre collision,,,,,,,,,,,2,1,1,1.0,6.0
201700049259,0017-06-05 10:15:00,17,6,5,10,15,910,86,RN 104,48.6237,2.38896,Plein jour,Hors agglomération,Hors intersection,Normale,Autre collision,,,,,,,,,,,1,1,1,1.0,6.0
201700049260,0017-06-06 02:55:00,17,6,6,2,55,910,687,AUTOROUTE A6,48.66158,2.36985,Nuit sans éclairage public,Hors agglomération,Hors intersection,Pluie forte,Autre collision,,,,,,,,,,,3,1,1,3.0,6.0
201700049261,0017-06-06 09:30:00,17,6,6,9,30,910,617,RN 104,48.63656,2.53534,Plein jour,Hors agglomération,Hors intersection,Normale,Autre collision,,,,,,,,,,,1,1,1,1.0,6.0
201700049262,0017-06-06 08:30:00,17,6,6,8,30,920,19,RN 385,,,Plein jour,Hors agglomération,Hors intersection,Normale,Trois véhicules et plus - collisions multiples,,,,,,,,,,,1,1,1,1.0,5.0