accident_id,datetime,annee,mois,jour,heure,minute,departement,commune_insee,adresse,latitude,longitude,luminosite,agglomeration,intersection,meteo,collision,nb_vehicules,nb_usagers,nb_indemnes,nb_tues,nb_blesses_hosp,nb_blesses_legers,age_cond_1,age_cond_2,veh_type_cond_1,veh_type_cond_2,lum_code,agg_code,int_code,atm_code,col_code
201700049388,0017-08-10 08:20:00,17,8,10,8,20,910,377,AUTOROUTE A10,48.43872,2.17351,Plein jour,Hors agglomération,Hors intersection,Normale,Deux véhicules - côté,,,,,,,,,,,1,1,1,1.0,3.0
201700049389,0017-08-10 12:10:00,17,8,10,12,10,910,136,AUTOROUTE A10,48.42505,2.16241,Plein jour,Hors agglomération,Hors intersection,Pluie forte,Autre collision,,,,,,,,,,,1,1,1,3.0,6.0
201700049390,0017-08-10 12:15:00,17,8,10,12,15,910,64,RN 118,48.46078,2.13474,Plein jour,Hors agglomération,Hors intersection,Pluie légère,Sans collision,,,,,,,,,,,1,1,1,2.0,7.0
201700049391,0017-08-10 12:35:00,17,8,10,12,35,910,161,AUTOROUTE A6,48.41456,2.19257,Plein jour,Hors agglomération,Hors intersection,Temps couvert,Trois véhicules et plus - en chaîne,,,,,,,,,,,1,1,1,8.0,4.0
201700049392,0017-08-10 14:35:00,17,8,10,14,35,920,19,RN 385 Extrieure,,,Plein jour,Hors agglomération,Hors intersection,Pluie légère,Sans collision,,,,,,,,,,,1,1,1,2.0,7.0
201700049393,0017-08-10 16:29:00,17,8,10,16,29,940,21,AUTOROUTE A6B,,,Plein jour,Hors agglomération,Hors intersection,Pluie légère,Deux véhicules - côté,,,,,,,,,,,1,1,1,2.0,3.0
201700049394,0017-08-10 21:34:00,17,8,10,21,34,910,174,RN 104,48.6101,2.44021,Nuit sans éclairage public,Hors agglomération,Hors intersection,Normale,Trois véhicules et plus - collisions multiples,,,,,,,,,,,3,1,1,1.0,5.0
201700049395,0017-08-11 17:34:00,17,8,11,17,34,910,340,AUTOROUTE A6,48.60593,2.43562,Plein jour,Hors agglomération,Hors intersection,Normale,Trois véhicules et plus - collisions multiples,,,,,,,,,,,1,1,1,1.0,5.0
201700049396,0017-08-11 19:51:00,17,8,11,19,51,910,477,AUTOROUTE A10,48.7111,2.25216,Plein jour,Hors agglomération,Hors intersection,Normale,Deux véhicules - côté,,,,,,,,,,,1,1,1,1.0,3.0
201700049397,0017-08-11 22:55:00,17,8,11,22,55,910,345,AUTOROUTE A6,48.69326,2.32048,Nuit sans éclairage public,Hors agglomération,Hors intersection,Normale,Autre collision,,,,,,,,,,,3,1,1,1.0,6.0
201700049398,0017-08-12 17:35:00,17,8,12,17,35,910,521,RN 104,48.62843,2.39992,Plein jour,Hors agglomération,Hors intersection,Pluie légère,Autre collision,,,,,,,,,,,1,1,1,2.0,6.0
201700049399,0017-08-12 17:55:00,17,8,12,17,55,910,659,AUTOROUTE A6,48.57689,2.46432,Plein jour,Hors agglomération,Hors intersection,Pluie légère,Deux véhicules - côté,,,,,,,,,,,1,1,1,2.0,3.0
201700049400,0017-08-12 19:45:00,17,8,12,19,45,910,339,RN 104,48.62198,2.27535,Plein jour,Hors agglomération,Hors intersection,Normale,Autre collision,,,,,,,,,,,1,1,1,1.0,6.0
201700049401,0017-08-13 01:08:00,17,8,13,1,8,920,19,RN 385,48.75,2.26,Nuit sans éclairage public,Hors agglomération,Hors intersection,Normale,Autre collision,,,,,,,,,,,3,1,1,1.0,6.0
201700049402,0017-08-13 13:40:00,17,8,13,13,40,910,549,RN 104,48.62647,2.34779,Plein jour,Hors agglomération,Hors intersection,Normale,Autre collision,,,,,,,,,,,1,1,1,1.0,6.0
201700049403,0017-08-15 20:30:00,17,8,15,20,30,910,377,AUTOROUTE A10,48.72863,2.3053,Crépuscule ou aube,Hors agglomération,Hors intersection,Pluie légère,Deux véhicules - arrière,,,,,,,,,,,2,1,1,2.0,2.0
201700049404,0017-08-16 16:15:00,17,8,16,16,15,910,471,RN 118,48.70877,2.18894,Plein jour,Hors agglomération,Hors intersection,Normale,Deux véhicules - arrière,,,,,,,,,,,1,1,1,1.0,2.0
201700049405,0017-08-16 18:06:00,17,8,16,18,6,910,432,AUTOROUTE A6,48.68201,2.33005,Plein jour,Hors agglomération,Hors intersection,Normale,Trois véhicules et plus - collisions multiples,,,,,,,,,,,1,1,1,1.0,5.0
201700049406,0017-08-17 19:10:00,17,8,17,19,10,910,377,AUTOROUTE A10,48.71349,2.28658,Plein jour,Hors agglomération,Hors intersection,Pluie forte,Autre collision,,,,,,,,,,,1,1,1,3.0,6.0
201700049407,0017-08-18 13:45:00,17,8,18,13,45,910,345,AUTOROUTE A6,48.69153,2.32155,Plein jour,Hors agglomération,Hors intersection,Pluie forte,Deux véhicules - arrière,,,,,,,,,,,1,1,1,3.0,2.0
201700049408,0017-08-18 20:45:00,17,8,18,20,45,940,34,AUTOROUTE A86,,,Nuit sans éclairage public,Hors agglomération,Hors intersection,Temps couvert,Autre collision,,,,,,,,,,,3,1,1,8.0,6.0
201700049409,0017-08-18 22:25:00,17,8,18,22,25,910,521,RN 104,48.63272,2.40601,Nuit sans éclairage public,Hors agglomération,Hors intersection,Normale,Autre collision,,,,,,,,,,,3,1,1,1.0,6.0
201700049410,0017-08-19 00:35:00,17,8,19,0,35,770,251,AUTOROUTE A5A,48.6242,2.54152,Nuit sans éclairage public,Hors agglomération,Hors intersection,Pluie légère,Autre collision,,,,,,,,,,,3,1,1,2.0,6.0
201700049411,0017-08-20 04:00:00,17,8,20,4,0,910,434,AUTOROUTE A6,48.66678,2.36021,Nuit sans éclairage public,Hors agglomération,Hors intersection,Normale,Sans collision,,,,,,,,,,,3,1,1,1.0,7.0
201700049412,0017-08-20 07:00:00,17,8,20,7,0,910,174,RN 104,48.62273,2.4658,Plein jour,Hors agglomération,Hors intersection,Normale,Autre collision,,,,,,,,,,,1,1,1,1.0,6.0
201700049413,0017-08-22 08:40:00,17,8,22,8,40,910,471,RN 118,48.7007,2.192,Plein jour,Hors agglomération,Hors intersection,Normale,Deux véhicules - arrière,,,,,,,,,,,1,1,1,1.0,2.0
201700049414,0017-08-22 10:20:00,17,8,22,10,20,910,174,RN 104,48.6225,2.4645,Plein jour,Hors agglomération,Hors intersection,Normale,Deux véhicules - arrière,,,,,,,,,,,1,1,1,1.0,2.0
201700049415,0017-08-22 14:58:00,17,8,22,14,58,910,179,AUTOROUTE A6,48.54336,2.49713,Plein jour,Hors agglomération,Hors intersection,Normale,Autre collision,,,,,,,,,,,1,1,1,1.0,6.0
201700049416,0017-08-23 11:15:00,17,8,23,11,15,910,589,AUTOROUTE A6,48.669,2.3408,Plein jour,Hors agglomération,Hors intersection,Normale,Deux véhicules - côté,,,,,,,,,,,1,1,1,1.0,3.0
201700049417,0017-08-23 23:10:00,17,8,23,23,10,910,161,AUTOROUTE A6,48.70304,2.30723,Nuit sans éclairage public,Hors agglomération,Hors intersection,Normale,Autre collision,,,,,,,,,,,3,1,1,1.0,6.0
201700049418,0017-08-25 08:45:00,17,8,25,8,45,940,34,AUTOROUTE A6A,,,Plein jour,Hors agglomération,Hors intersection,Pluie forte,Deux véhicules - arrière,,,,,,,,,,,1,1,1,3.0,2.0
201700049419,0017-08-27 10:00:00,17,8,27,10,0,910,363,RN 104,48.6359,2.20999,Plein jour,Hors agglomération,Hors intersection,Normale,Autre collision,,,,,,,,,,,1,1,1,1.0,6.0
201700049420,0017-08-27 12:20:00,17,8,27,12,20,910,179,AUTOROUTE A6,48.55821,2.48871,Plein jour,Hors agglomération,Hors intersection,Normale,Trois véhicules et plus - en chaîne,,,,,,,,,,,1,1,1,1.0,4.0
201700049421,0017-08-26 23:55:00,17,8,26,23,55,910,286,AUTOROUTE A6,48.64767,2.38661,Nuit sans éclairage public,Hors agglomération,Hors intersection,Normale,Deux véhicules - arrière,,,,,,,,,,,3,1,1,1.0,2.0
201700049422,0017-08-28 17:20:00,17,8,28,17,20,910,64,RN 118,48.74239,2.18716,Plein jour,Hors agglomération,Hors intersection,Normale,Deux véhicules - côté,,,,,,,,,,,1,1,1,1.0,3.0
201700049423,0017-08-28 16:39:00,17,8,28,16,39,770,251,AUTOROUTE A5A,48.6145,2.56376,Plein jour,Hors agglomération,Hors intersection,Normale,Trois véhicules et plus - collisions multiples,,,,,,,,,,,1,1,1,1.0,5.0
201700049424,0017-08-30 20:05:00,17,8,30,20,5,910,161,AUTOROUTE A6,48.71085,2.30753,Crépuscule ou aube,Hors agglomération,Hors intersection,Pluie légère,Trois véhicules et plus - en chaîne,,,,,,,,,,,2,1,1,2.0,4.0
201700049425,0017-08-31 08:55:00,17,8,31,8,55,910,534,RN 118,48.73805,2.17848,Plein jour,Hors agglomération,Hors intersection,Normale,Deux véhicules - arrière,,,,,,,,,,,1,1,1,1.0,2.0
201700049426,0017-09-01 13:15:00,17,9,1,13,15,910,589,AUTOROUTE A6,48.67473,2.34183,Plein jour,Hors agglomération,Hors intersection,Normale,Trois véhicules et plus - en chaîne,,,,,,,,,,,1,1,1,1.0,4.0
201700049427,0017-09-01 17:45:00,17,9,1,17,45,910,347,RN 104,48.62212,2.28332,Plein jour,Hors agglomération,Hors intersection,Normale,Deux véhicules - côté,,,,,,,,,,,1,1,1,1.0,3.0
201700049428,0017-09-02 14:35:00,17,9,2,14,35,910,689,AUTOROUTE A6B,48.75011,2.32888,Plein jour,Hors agglomération,Hors intersection,Pluie légère,Trois véhicules et plus - collisions multiples,,,,,,,,,,,1,1,1,2.0,5.0
201700049429,0017-09-02 16:45:00,17,9,2,16,45,910,345,AUTOROUTE A6,48.68769,2.32519,Plein jour,Hors agglomération,Hors intersection,Pluie légère,Autre collision,,,,,,,,,,,1,1,1,2.0,6.0
201700049430,0017-09-02 21:54:00,17,9,2,21,54,940,3,AUTOROUTE A6A,,,Nuit avec éclairage allumé,Hors agglomération,Hors intersection,Normale,Sans collision,,,,,,,,,,,5,1,1,1.0,7.0
201700049431,0017-09-03 16:16:00,17,9,3,16,16,910,692,RN 118,48.68683,2.19001,Plein jour,Hors agglomération,Hors intersection,Normale,Autre collision,,,,,,,,,,,1,1,1,1.0,6.0
201700049432,0017-09-05 08:31:00,17,9,5,8,31,910,339,RN 104,48.62366,2.26652,Plein jour,Hors agglomération,Hors intersection,Normale,Deux véhicules - arrière,,,,,,,,,,,1,1,1,1.0,2.0
201700049433,0017-09-05 16:45:00,17,9,5,16,45,910,182,RN 104,48.6177,2.42742,Plein jour,Hors agglomération,Hors intersection,Normale,Trois véhicules et plus - collisions multiples,,,,,,,,,,,1,1,1,1.0,5.0
201700049434,0017-09-05 18:46:00,17,9,5,18,46,910,182,RN 104,48.61533,2.42945,Plein jour,Hors agglomération,Hors intersection,Normale,Trois véhicules et plus - collisions multiples,,,,,,,,,,,1,1,1,1.0,5.0
201700049435,0017-09-06 08:55:00,17,9,6,8,55,910,589,AUTOROUTE A6,48.6819,2.33017,Plein jour,Hors agglomération,Hors intersection,Normale,Trois véhicules et plus - en chaîne,,,,,,,,,,,1,1,1,1.0,4.0
201700049436,0017-09-07 19:30:00,17,9,7,19,30,910,228,AUTOROUTE A6,48.61471,2.42997,Plein jour,Hors agglomération,Hors intersection,Normale,Deux véhicules - arrière,,,,,,,,,,,1,1,1,1.0,2.0
201700049437,0017-09-08 17:00:00,17,9,8,17,0,910,521,RN 104,48.62597,2.39711,Plein jour,Hors agglomération,Hors intersection,Pluie légère,Trois véhicules et plus - en chaîne,,,,,,,,,,,1,1,1,2.0,4.0
201700049438,0017-09-08 18:50:00,17,9,8,18,50,940,34,AUTOROUTE A6A,48.75869,2.33689,Plein jour,Hors agglomération,Hors intersection,Pluie légère,Deux véhicules - arrière,,,,,,,,,,,1,1,1,2.0,2.0
201700049439,0017-09-09 15:20:00,17,9,9,15,20,910,689,AUTOROUTE A6,48.73062,2.31492,Plein jour,Hors agglomération,Hors intersection,Pluie forte,Trois véhicules et plus - en chaîne,,,,,,,,,,,1,1,1,3.0,4.0
201700049440,0017-09-09 14:26:00,17,9,9,14,26,910,477,RD 444,48.72679,2.24446,Plein jour,Hors agglomération,Hors intersection,Pluie légère,Trois véhicules et plus - en chaîne,,,,,,,,,,,1,1,1,2.0,4.0
201700049441,0017-09-06 20:40:00,17,9,6,20,40,940,37,AUTOROUTE A6B,,,Nuit sans éclairage public,Hors agglomération,Hors intersection,Normale,Trois véhicules et plus - en chaîne,,,,,,,,,,,3,1,1,1.0,4.0
201700049442,0017-09-10 19:25:00,17,9,10,19,25,910,340,RN 104,48.60916,2.43986,Crépuscule ou aube,Hors agglomération,Hors intersection,Normale,Autre collision,,,,,,,,,,,2,1,1,1.0,6.0
201700049443,0017-09-11 09:00:00,17,9,11,9,0,910,339,RN 104,48.62202,2.28031,Plein jour,Hors agglomération,Hors intersection,Pluie légère,Trois véhicules et plus - en chaîne,,,,,,,,,,,1,1,1,2.0,4.0
201700049444,0017-09-11 09:45:00,17,9,11,9,45,910,549,RN 104,48.62505,2.33355,Plein jour,Hors agglomération,Hors intersection,Normale,Trois véhicules et plus - en chaîne,,,,,,,,,,,1,1,1,1.0,4.0
201700049445,0017-09-11 17:50:00,17,9,11,17,50,910,617,RN6 PROVINCE / RN 104 EX,48.63973,2.53515,Plein jour,Hors agglomération,Hors intersection,Normale,Autre collision,,,,,,,,,,,1,1,1,1.0,6.0
201700049446,0017-09-13 14:20:00,17,9,13,14,20,910,471,RN 118,48.69106,2.19221,Plein jour,Hors agglomération,Hors intersection,Pluie légère,Deux véhicules - arrière,,,,,,,,,,,1,1,1,2.0,2.0
201700049447,0017-09-13 17:10:00,17,9,13,17,10,920,19,RN 385 Extrieure,48.75971,2.2676,Plein jour,Hors agglomération,Hors intersection,Pluie forte,Sans collision,,,,,,,,,,,1,1,1,3.0,7.0
201700049448,0017-09-13 19:05:00,17,9,13,19,5,910,161,AUTOROUTE A6,48.6964,2.3167,Crépuscule ou aube,Hors agglomération,Hors intersection,Pluie forte,Deux véhicules - arrière,,,,,,,,,,,2,1,1,3.0,2.0
201700049449,0017-09-13 18:30:00,17,9,13,18,30,910,377,RD 188,48.72144,2.27437,Plein jour,Hors agglomération,Hors intersection,Pluie forte,Deux véhicules - arrière,,,,,,,,,,,1,1,1,3.0,2.0
201700049450,0017-09-13 19:30:00,17,9,13,19,30,940,38,AUTOROUTE A6A,,,Crépuscule ou aube,Hors agglomération,Hors intersection,Pluie forte,Deux véhicules - arrière,,,,,,,,,,,2,1,1,3.0,2.0
201700049451,0017-09-13 20:30:00,17,9,13,20,30,940,34,AUTOROUTE A6A,48.75018,2.32898,Nuit sans éclairage public,Hors agglomération,Hors intersection,Pluie forte,Autre collision,,,,,,,,,,,3,1,1,3.0,6.0
201700049452,0017-09-13 23:40:00,17,9,13,23,40,910,689,AUTOROUTE A10,48.74475,2.32327,Nuit sans éclairage public,Hors agglomération,Hors intersection,Pluie forte,Trois véhicules et plus - collisions multiples,,,,,,,,,,,3,1,1,3.0,5.0
201700049453,0017-09-14 09:45:00,17,9,14,9,45,910,589,AUTOROUTE A6,48.68504,2.32778,Plein jour,Hors agglomération,Hors intersection,Pluie légère,Deux véhicules - côté,,,,,,,,,,,1,1,1,2.0,3.0
201700049454,0017-09-14 08:20:00,17,9,14,8,20,910,377,RD 188,48.72985,2.29894,Plein jour,Hors agglomération,Hors intersection,Normale,Autre collision,,,,,,,,,,,1,1,1,1.0,6.0
201700049455,0017-09-14 11:00:00,17,9,14,11,0,910,434,AUTOROUTE A6,48.66731,2.35886,Plein jour,Hors agglomération,Hors intersection,Normale,Deux véhicules - côté,,,,,,,,,,,1,1,1,1.0,3.0
201700049456,0017-09-14 13:35:00,17,9,14,13,35,910,553,RN 104,48.62552,2.47262,Plein jour,Hors agglomération,Hors intersection,Normale,Trois véhicules et plus - collisions multiples,,,,,,,,,,,1,1,1,1.0,5.0
201700049457,0017-09-14 14:15:00,17,9,14,14,15,940,3,AUTOROUTE A6B,48.8036,2.3395,Plein jour,Hors agglomération,Hors intersection,Pluie légère,Trois véhicules et plus - en chaîne,,,,,,,,,,,1,1,1,2.0,4.0
201700049458,0017-09-14 16:40:00,17,9,14,16,40,940,34,AUTOROUTE A86,48.7641,2.3201,Plein jour,Hors agglomération,Hors intersection,Temps couvert,Deux véhicules - arrière,,,,,,,,,,,1,1,1,8.0,2.0
201700049459,0017-09-14 20:00:00,17,9,14,20,0,910,549,RN 104,48.62586,2.3382,Nuit sans éclairage public,Hors agglomération,Hors intersection,Pluie légère,Deux véhicules - côté,,,,,,,,,,,3,1,1,2.0,3.0
201700049460,0017-09-15 09:15:00,17,9,15,9,15,910,471,RN 118,48.68572,2.18972,Plein jour,Hors agglomération,Hors intersection,Normale,Deux véhicules - côté,,,,,,,,,,,1,1,1,1.0,3.0
201700049461,0017-09-17 18:00:00,17,9,17,18,0,910,689,AUTOROUTE A6B,48.74879,2.32743,Plein jour,Hors agglomération,Hors intersection,Pluie légère,Sans collision,,,,,,,,,,,1,1,1,2.0,7.0
201700049462,0017-09-18 02:10:00,17,9,18,2,10,910,521,RN 104,48.63037,2.40022,Nuit sans éclairage public,Hors agglomération,Hors intersection,Brouillard / fumée,Autre collision,,,,,,,,,,,3,1,1,5.0,6.0
201700049463,0017-09-17 05:00:00,17,9,17,5,0,910,689,AUTOROUTE A6B,48.7423,2.32207,Crépuscule ou aube,Hors agglomération,Hors intersection,Normale,Autre collision,,,,,,,,,,,2,1,1,1.0,6.0
201700049464,0017-09-19 01:56:00,17,9,19,1,56,910,235,RN 104,48.6239,2.2989,Nuit sans éclairage public,Hors agglomération,Hors intersection,Normale,Sans collision,,,,,,,,,,,3,1,1,1.0,7.0
201700049465,0017-09-19 08:00:00,17,9,19,8,0,940,38,AUTOROUTE A6B,,,Plein jour,Hors agglomération,Hors intersection,Pluie légère,Deux véhicules - côté,,,,,,,,,,,1,1,1,2.0,3.0
201700049466,0017-09-19 07:40:00,17,9,19,7,40,910,235,RN 104,48.62626,2.35113,Plein jour,Hors agglomération,Hors intersection,Pluie légère,Deux véhicules - arrière,,,,,,,,,,,1,1,1,2.0,2.0
201700049467,0017-09-19 10:00:00,17,9,19,10,0,910,471,RN 118,48.71248,2.18151,Plein jour,Hors agglomération,Hors intersection,Pluie légère,Deux véhicules - arrière,,,,,,,,,,,1,1,1,2.0,2.0
201700049468,0017-09-18 07:25:00,17,9,18,7,25,910,377,AUTOROUTE A10,48.72828,2.30517,Crépuscule ou aube,Hors agglomération,Hors intersection,Normale,Trois véhicules et plus - en chaîne,,,,,,,,,,,2,1,1,1.0,4.0
201700049469,0017-09-20 07:50:00,17,9,20,7,50,910,286,AUTOROUTE A6,48.65343,2.38077,Plein jour,Hors agglomération,Hors intersection,Normale,Deux véhicules - côté,,,,,,,,,,,1,1,1,1.0,3.0
201700049470,0017-09-21 09:30:00,17,9,21,9,30,920,2,AUTOROUTE A86,,,Plein jour,Hors agglomération,Hors intersection,Normale,Deux véhicules - arrière,,,,,,,,,,,1,1,1,1.0,2.0
201700049471,0017-09-21 10:15:00,17,9,21,10,15,910,377,RD 444,48.73145,2.23831,Plein jour,Hors agglomération,Hors intersection,Normale,Trois véhicules et plus - collisions multiples,,,,,,,,,,,1,1,1,1.0,5.0
201700049472,0017-09-22 15:45:00,17,9,22,15,45,910,589,AUTOROUTE A6,48.68394,2.32821,Plein jour,Hors agglomération,Hors intersection,Normale,Trois véhicules et plus - en chaîne,,,,,,,,,,,1,1,1,1.0,4.0
201700049473,0017-09-22 14:45:00,17,9,22,14,45,940,34,AUTOROUTE A86,,,Plein jour,Hors agglomération,Hors intersection,Normale,Trois véhicules et plus - collisions multiples,,,,,,,,,,,1,1,1,1.0,5.0
201700049474,0017-09-22 22:00:00,17,9,22,22,0,910,553,RN 104,48.62897,2.4821,Nuit sans éclairage public,Hors agglomération,Hors intersection,Normale,Deux véhicules - côté,,,,,,,,,,,3,1,1,1.0,3.0
201700049475,0017-09-23 23:52:00,17,9,23,23,52,940,34,AUTOROUTE A6B,48.75386,2.33173,Nuit sans éclairage public,Hors agglomération,Hors intersection,Normale,Deux véhicules - arrière,,,,,,,,,,,3,1,1,1.0,2.0
201700049476,0017-09-24 01:45:00,17,9,24,1,45,910,235,RN 104,48.62493,2.3628,Nuit sans éclairage public,Hors agglomération,Hors intersection,Normale,Deux véhicules - arrière,,,,,,,,,,,3,1,1,1.0,2.0
201700049477,0017-09-24 09:42:00,17,9,24,9,42,910,689,AUTOROUTE A6B,48.73158,2.31529,Plein jour,Hors agglomération,Hors intersection,Normale,Deux véhicules - arrière,,,,,,,,,,,1,1,1,1.0,2.0
201700049478,0017-09-24 13:08:00,17,9,24,13,8,910,477,AUTOROUTE A10,48.71329,2.25278,Plein jour,Hors agglomération,Hors intersection,Normale,Deux véhicules - arrière,,,,,,,,,,,1,1,1,1.0,2.0
201700049479,0017-09-24 13:20:00,17,9,24,13,20,910,286,AUTOROUTE A6,48.64516,2.38924,Plein jour,Hors agglomération,Hors intersection,Normale,Trois véhicules et plus - collisions multiples,,,,,,,,,,,1,1,1,1.0,5.0
201700049480,0017-09-24 16:00:00,17,9,24,16,0,910,689,AUTOROUTE A6,48.72728,2.31354,Plein jour,Hors agglomération,Hors intersection,Normale,Deux véhicules - arrière,,,,,,,,,,,1,1,1,1.0,2.0
201700049481,0017-09-24 21:00:00,17,9,24,21,0,910,534,RN 118,48.72397,2.16709,Nuit sans éclairage public,Hors agglomération,Hors intersection,Normale,Deux véhicules - côté,,,,,,,,,,,3,1,1,1.0,3.0
201700049482,0017-09-24 20:35:00,17,9,24,20,35,910,174,RN 104,48.61814,2.45719,Nuit sans éclairage public,Hors agglomération,Hors intersection,Normale,Deux véhicules - côté,,,,,,,,,,,3,1,1,1.0,3.0
201700049483,0017-09-25 20:00:00,17,9,25,20,0,940,38,AUTOROUTE A6B,,,Nuit avec éclairage allumé,Hors agglomération,Hors intersection,Normale,Deux véhicules - côté,,,,,,,,,,,5,1,1,1.0,3.0
201700049484,0017-09-26 09:03:00,17,9,26,9,3,940,34,AUTOROUTE A6A,,,Plein jour,Hors agglomération,Hors intersection,Pluie légère,Deux véhicules - arrière,,,,,,,,,,,1,1,1,2.0,2.0
201700049485,0017-09-26 07:50:00,17,9,26,7,50,910,363,RN 104,48.64636,2.1915,Crépuscule ou aube,Hors agglomération,Hors intersection,Pluie légère,Deux véhicules - côté,,,,,,,,,,,2,1,1,2.0,3.0
201700049486,0017-09-26 09:50:00,17,9,26,9,50,910,286,AUTOROUTE A6,48.6514,2.38274,Plein jour,Hors agglomération,Hors intersection,Normale,Trois véhicules et plus - collisions multiples,,,,,,,,,,,1,1,1,1.0,5.0
201700049487,0017-09-26 18:10:00,17,9,26,18,10,770,251,A5A PARIS / RN104 INT,48.6313,2.53619,Plein jour,Hors agglomération,Hors intersection,Normale,Sans collision,,,,,,,,,,,1,1,1,1.0,7.0
201700049488,0017-09-27 18:20:00,17,9,27,18,20,910,521,AUTOROUTE A6,48.63216,2.40604,Plein jour,Hors agglomération,Hors intersection,Normale,Deux véhicules - arrière,,,,,,,,,,,1,1,1,1.0,2.0
201700049489,0017-09-27 18:12:00,17,9,27,18,12,910,471,RD 188 CHEVREUSE,48.69232,2.17614,Plein jour,Hors agglomération,Hors intersection,Normale,Trois véhicules et plus - collisions multiples,,,,,,,,,,,1,1,1,1.0,5.0
201700049490,0017-09-28 07:30:00,17,9,28,7,30,910,340,RN 104,48.61,2.44306,Nuit sans éclairage public,Hors agglomération,Hors intersection,Normale,Trois véhicules et plus - en chaîne,,,,,,,,,,,3,1,1,1.0,4.0
201700049491,0017-09-28 08:50:00,17,9,28,8,50,910,377,AUTOROUTE A10,48.72559,2.28317,Plein jour,Hors agglomération,Hors intersection,Pluie légère,Deux véhicules - côté,,,,,,,,,,,1,1,1,2.0,3.0
201700049492,0017-09-28 17:50:00,17,9,28,17,50,940,65,AUTOROUTE A86,,,Plein jour,Hors agglomération,Hors intersection,Normale,Trois véhicules et plus - collisions multiples,,,,,,,,,,,1,1,1,1.0,5.0
201700049493,0017-09-29 09:35:00,17,9,29,9,35,910,471,RN 118,48.68585,2.18974,Plein jour,Hors agglomération,Hors intersection,Normale,Deux véhicules - arrière,,,,,,,,,,,1,1,1,1.0,2.0
201700049494,0017-09-29 23:23:00,17,9,29,23,23,910,161,AUTOROUTE A6,48.69998,2.31128,Nuit avec éclairage allumé,Hors agglomération,Hors intersection,Pluie légère,Deux véhicules - arrière,,,,,,,,,,,5,1,1,2.0,2.0
201700049495,0017-09-29 22:51:00,17,9,29,22,51,910,363,RN 104,48.66046,2.18608,Nuit sans éclairage public,Hors agglomération,Hors intersection,Pluie légère,Sans collision,,,,,,,,,,,3,1,1,2.0,7.0
201700049496,0017-10-01 01:50:00,17,10,1,1,50,910,136,AUTOROUTE A126,48.711,2.295,Nuit sans éclairage public,Hors agglomération,Hors intersection,Normale,Deux véhicules - côté,,,,,,,,,,,3,1,1,1.0,3.0
201700049497,0017-10-02 17:50:00,17,10,2,17,50,910,136,AUTOROUTE A10,48.71591,2.26687,Plein jour,Hors agglomération,Hors intersection,Normale,Deux véhicules - côté,,,,,,,,,,,1,1,1,1.0,3.0
201700049498,0017-10-03 06:45:00,17,10,3,6,45,910,286,AUTOROUTE A6,48.65571,2.37831,Crépuscule ou aube,Hors agglomération,Hors intersection,Normale,Deux véhicules - côté,,,,,,,,,,,2,1,1,1.0,3.0
201700049499,0017-10-03 14:07:00,17,10,3,14,7,910,161,AUTOROUTE A126,48.71007,2.30589,Plein jour,Hors agglomération,Hors intersection,Normale,Trois véhicules et plus - collisions multiples,,,,,,,,,,,1,1,1,1.0,5.0
201700049500,0017-10-04 08:50:00,17,10,4,8,50,910,589,AUTOROUTE A6,48.68183,2.33017,Plein jour,Hors agglomération,Hors intersection,Normale,Trois véhicules et plus - collisions multiples,,,,,,,,,,,1,1,1,1.0,5.0
201700049501,0017-10-04 08:15:00,17,10,4,8,15,910,477,AUTOROUTE A10,48.71329,2.25278,Plein jour,Hors agglomération,Hors intersection,Normale,Deux véhicules - côté,,,,,,,,,,,1,1,1,1.0,3.0
201700049502,0017-10-04 08:55:00,17,10,4,8,55,910,687,AUTOROUTE A6,48.6625,2.3685,Plein jour,Hors agglomération,Hors intersection,Normale,Trois véhicules et plus - collisions multiples,,,,,,,,,,,1,1,1,1.0,5.0
201700049503,0017-10-04 11:00:00,17,10,4,11,0,910,589,AUTOROUTE A6,48.67884,2.33495,Plein jour,Hors agglomération,Hors intersection,Normale,Trois véhicules et plus - collisions multiples,,,,,,,,,,,1,1,1,1.0,5.0
201700049504,0017-10-04 16:50:00,17,10,4,16,50,910,570,RN 104,48.6252,2.31606,Plein jour,Hors agglomération,Hors intersection,Normale,Trois véhicules et plus - collisions multiples,,,,,,,,,,,1,1,1,1.0,5.0
201700049505,0017-10-05 08:40:00,17,10,5,8,40,910,312,RD 444,48.74589,2.22046,Plein jour,Hors agglomération,Hors intersection,Normale,Deux véhicules - arrière,,,,,,,,,,,1,1,1,1.0,2.0
201700049506,0017-10-05 23:15:00,17,10,5,23,15,920,2,AUTOROUTE A10,,,Nuit sans éclairage public,Hors agglomération,Hors intersection,Normale,Deux véhicules - arrière,,,,,,,,,,,3,1,1,1.0,2.0
201700049507,0017-10-06 07:40:00,17,10,6,7,40,910,377,AUTOROUTE A10,48.72678,2.30284,Plein jour,Hors agglomération,Hors intersection,Normale,Deux véhicules - côté,,,,,,,,,,,1,1,1,1.0,3.0
201700049508,0017-10-06 07:50:00,17,10,6,7,50,910,286,AUTOROUTE A6,48.64718,2.38728,Plein jour,Hors agglomération,Hors intersection,Normale,Deux véhicules - arrière,,,,,,,,,,,1,1,1,1.0,2.0