accident_id,datetime,annee,mois,jour,heure,minute,departement,commune_insee,adresse,latitude,longitude,luminosite,agglomeration,intersection,meteo,collision,nb_vehicules,nb_usagers,nb_indemnes,nb_tues,nb_blesses_hosp,nb_blesses_legers,age_cond_1,age_cond_2,veh_type_cond_1,veh_type_cond_2,lum_code,agg_code,int_code,atm_code,col_code
201700049750,0017-02-28 20:50:00,17,2,28,20,50,202,33,"1, VEZZANI - RUE C",42.69065,9.44754,Nuit avec éclairage allumé,En agglomération,Hors intersection,Vent fort / tempête,Deux véhicules - côté,,,,,,,,,,,5,2,1,6.0,3.0
201700049751,0017-03-01 16:17:00,17,3,1,16,17,202,33,"3bis, VEZZANI - RUE CESA",,,Plein jour,En agglomération,Hors intersection,Normale,Trois véhicules et plus - en chaîne,,,,,,,,,,,1,2,1,1.0,4.0
201700049752,0017-03-04 18:10:00,17,3,4,18,10,202,33,"sans, DANESI - BLD BENOI",,,Nuit avec éclairage allumé,En agglomération,Hors intersection,Normale,Deux véhicules - frontale,,,,,,,,,,,5,2,1,1.0,1.0
201700049753,0017-03-15 15:20:00,17,3,15,15,20,202,37,Rd point d'Ortale,42.59487,9.4386,Plein jour,Hors agglomération,Giratoire,Normale,Deux véhicules - côté,,,,,,,,,,,1,1,6,1.0,3.0
201700049754,0017-03-15 20:20:00,17,3,15,20,20,202,33,"3, SEBASTIANI  - AVENUE",42.70231,9.45002,Nuit avec éclairage allumé,En agglomération,Intersection en T,Normale,Deux véhicules - côté,,,,,,,,,,,5,2,3,1.0,3.0
201700049755,0017-03-16 16:52:00,17,3,16,16,52,202,33,"0, 11 - RT",42.3929,9.263,Plein jour,En agglomération,Hors intersection,Normale,Deux véhicules - arrière,,,,,,,,,,,1,2,1,1.0,2.0
201700049756,0017-03-20 20:24:00,17,3,20,20,24,202,33,VEZZANI - RUE CESAR,42.68798,9.44664,Nuit avec éclairage allumé,En agglomération,Hors intersection,Normale,Deux véhicules - frontale,,,,,,,,,,,5,2,1,1.0,1.0
201700049757,0017-03-23 13:26:00,17,3,23,13,26,202,120,parking geant casino,42.65663,9.44034,Plein jour,Hors agglomération,Hors intersection,Normale,Autre collision,,,,,,,,,,,1,1,1,1.0,6.0
201700049758,0017-03-26 07:08:00,17,3,26,7,8,202,33,9 PAOLI DU NR 21 AU 45,42.69677,9.44842,Plein jour,En agglomération,Hors intersection,Normale,Deux véhicules - arrière,,,,,,,,,,,1,2,1,1.0,2.0
201700049759,0017-03-31 11:35:00,17,3,31,11,35,202,33,"sans, TOUTES RUES",42.38453,9.2624,Plein jour,Hors agglomération,Hors intersection,Normale,Deux véhicules - côté,,,,,,,,,,,1,1,1,1.0,3.0
201700049760,0017-04-01 22:00:00,17,4,1,22,0,202,33,TOUTES RUES,42.63962,9.43981,Nuit sans éclairage public,Hors agglomération,Hors intersection,Pluie légère,Autre collision,,,,,,,,,,,3,1,1,2.0,6.0
201700049761,0017-04-03 10:10:00,17,4,3,10,10,202,33,SARI - AV EMILE,42.70624,9.4528,Plein jour,Hors agglomération,Hors intersection,Normale,Autre collision,,,,,,,,,,,1,1,1,1.0,6.0
201700049762,0017-04-03 19:25:00,17,4,3,19,25,202,33,MAGDELENA - RUE SANTA,42.68086,9.44267,Plein jour,En agglomération,Hors intersection,Normale,Deux véhicules - frontale,,,,,,,,,,,1,2,1,1.0,1.0
201700049763,0017-04-05 14:15:00,17,4,5,14,15,202,33,TOUTES RUES,42.62172,9.43693,Plein jour,En agglomération,Hors intersection,Normale,Trois véhicules et plus - en chaîne,,,,,,,,,,,1,2,1,1.0,4.0
201700049764,0017-04-06 08:55:00,17,4,6,8,55,202,33,11 - RT tunnel,42.69196,9.45153,Plein jour,En agglomération,Hors intersection,Normale,Trois véhicules et plus - en chaîne,,,,,,,,,,,1,2,1,1.0,4.0
201700049765,0017-04-06 16:35:00,17,4,6,16,35,202,33,Route de St Florent,42.68696,9.42807,Plein jour,Hors agglomération,Hors intersection,Normale,Deux véhicules - côté,,,,,,,,,,,1,1,1,1.0,3.0
201700049766,0017-04-08 02:29:00,17,4,8,2,29,202,33,SAMPIERO CORSO - AV,,,Nuit avec éclairage allumé,Hors agglomération,Giratoire,Normale,Autre collision,,,,,,,,,,,5,1,6,1.0,6.0
201700049767,0017-04-10 10:10:00,17,4,10,10,10,202,33,Avenue J. Zuccarelli,42.703,9.44666,Plein jour,En agglomération,Giratoire,Normale,Deux véhicules - côté,,,,,,,,,,,1,2,6,1.0,3.0
201700049768,0017-04-10 11:45:00,17,4,10,11,45,202,33,"39, PAOLI DU NR 21 AU 45",,,Plein jour,En agglomération,Hors intersection,Normale,Autre collision,,,,,,,,,,,1,2,1,1.0,6.0
201700049769,0017-04-11 09:10:00,17,4,11,9,10,202,33,SEBASTIANI  - AVENUE,42.70228,9.45009,Plein jour,En agglomération,Hors intersection,Normale,Autre collision,,,,,,,,,,,1,2,1,1.0,6.0
201700049770,0017-04-12 18:40:00,17,4,12,18,40,202,33,CHANOINE LESCHI - RUE,42.70319,9.45328,Plein jour,En agglomération,Hors intersection,Normale,Deux véhicules - arrière,,,,,,,,,,,1,2,1,1.0,2.0
201700049771,0017-04-14 22:45:00,17,4,14,22,45,202,33,"57, GRAZIANI - BLD",42.70432,9.45143,Nuit avec éclairage allumé,En agglomération,Intersection en T,Normale,Deux véhicules - côté,,,,,,,,,,,5,2,3,1.0,3.0
201700049772,0017-04-18 15:38:00,17,4,18,15,38,202,33,"0, TUNNEL",42.69226,9.45188,Plein jour,En agglomération,Hors intersection,Normale,Deux véhicules - côté,,,,,,,,,,,1,2,1,1.0,3.0
201700049773,0017-04-19 09:10:00,17,4,19,9,10,202,33,AV DE LA LIBERATION,,,Plein jour,En agglomération,Giratoire,Normale,Deux véhicules - côté,,,,,,,,,,,1,2,6,1.0,3.0
201700049774,0017-04-19 21:43:00,17,4,19,21,43,202,37,tunnel casatorra,42.6203,9.43697,Nuit avec éclairage allumé,Hors agglomération,Hors intersection,,Deux véhicules - frontale,,,,,,,,,,,5,1,1,,1.0
201700049775,0017-04-25 17:55:00,17,4,25,17,55,202,37,TOUTES RUES,42.5942,9.4387,Plein jour,En agglomération,Giratoire,Normale,Deux véhicules - côté,,,,,,,,,,,1,2,6,1.0,3.0
201700049776,0017-04-27 20:15:00,17,4,27,20,15,202,33,"00, SAMPIERO CORSO - AV",42.6713,9.44361,Nuit avec éclairage allumé,Hors agglomération,Giratoire,Pluie légère,Deux véhicules - côté,,,,,,,,,,,5,1,6,2.0,3.0
201700049777,0017-04-29 15:25:00,17,4,29,15,25,202,37,TOUTES RUES,42.62986,9.43763,Plein jour,Hors agglomération,Hors intersection,Normale,Deux véhicules - arrière,,,,,,,,,,,1,1,1,1.0,2.0
201700049778,0017-04-30 10:53:00,17,4,30,10,53,202,33,"3bis, VEZZANI - RUE CESA",,,Plein jour,En agglomération,Hors intersection,Normale,Deux véhicules - arrière,,,,,,,,,,,1,2,1,1.0,2.0
201700049779,0017-05-04 18:14:00,17,5,4,18,14,202,37,T11,42.63172,9.43788,Plein jour,En agglomération,Hors intersection,Pluie forte,Trois véhicules et plus - en chaîne,,,,,,,,,,,1,2,1,3.0,4.0
201700049780,0017-05-07 19:00:00,17,5,7,19,0,202,33,"03, SEBASTIANI  - AVENUE",,,Plein jour,En agglomération,Intersection en X,Temps éblouissant,Autre collision,,,,,,,,,,,1,2,2,7.0,6.0
201700049781,0017-05-09 07:25:00,17,5,9,7,25,202,33,IMPERIALE - ROUTE,,,Plein jour,Hors agglomération,Hors intersection,Normale,Autre collision,,,,,,,,,,,1,1,1,1.0,6.0
201700049782,0017-05-09 23:18:00,17,5,9,23,18,202,33,11 - RT,,,Nuit avec éclairage allumé,En agglomération,Hors intersection,Normale,Deux véhicules - arrière,,,,,,,,,,,5,2,1,1.0,2.0
201700049783,0017-05-11 20:38:00,17,5,11,20,38,202,33,ROUTE ROYALE,42.67738,9.43388,Crépuscule ou aube,En agglomération,Hors intersection,Normale,Deux véhicules - côté,,,,,,,,,,,2,2,1,1.0,3.0
201700049784,0017-05-19 18:00:00,17,5,19,18,0,202,37,"308, RTE IMPERIALE",42.63268,9.43514,Plein jour,Hors agglomération,Hors intersection,Normale,Deux véhicules - frontale,,,,,,,,,,,1,1,1,1.0,1.0
201700049785,0017-05-22 12:10:00,17,5,22,12,10,202,33,TOUTES RUES,,,Plein jour,En agglomération,Hors intersection,Normale,Autre collision,,,,,,,,,,,1,2,1,1.0,6.0
201700049786,0017-05-23 16:00:00,17,5,23,16,0,202,33,SAMPIERO CORSO - AV,42.66842,9.44307,Plein jour,Hors agglomération,Hors intersection,Normale,Deux véhicules - arrière,,,,,,,,,,,1,1,1,1.0,2.0
201700049787,0017-05-23 18:55:00,17,5,23,18,55,202,33,"0, 11 - RT",,,Plein jour,En agglomération,Hors intersection,Normale,Trois véhicules et plus - en chaîne,,,,,,,,,,,1,2,1,1.0,4.0
201700049788,0017-05-26 19:00:00,17,5,26,19,0,202,33,"3, SEBASTIANI  - AVENUE",,,Plein jour,En agglomération,Intersection en X,Temps éblouissant,Autre collision,,,,,,,,,,,1,2,2,7.0,6.0
201700049789,0017-05-28 05:11:00,17,5,28,5,11,202,33,Rue Juge Falcone,42.70528,9.44115,Crépuscule ou aube,En agglomération,Intersection en T,Normale,Deux véhicules - côté,,,,,,,,,,,2,2,3,1.0,3.0
201700049790,0017-05-25 00:20:00,17,5,25,0,20,202,33,SAMPIERO CORSO - AV,42.66863,9.44325,Nuit avec éclairage allumé,Hors agglomération,Autre intersection,Normale,Deux véhicules - frontale,,,,,,,,,,,5,1,9,1.0,1.0
201700049791,0017-05-30 14:23:00,17,5,30,14,23,202,33,TOUTES RUES,42.6273,9.43735,Plein jour,Hors agglomération,Hors intersection,Normale,Deux véhicules - arrière,,,,,,,,,,,1,1,1,1.0,2.0
201700049792,0017-06-01 22:29:00,17,6,1,22,29,202,33,LAGUNE (Route de la) D10,42.65005,9.45251,Nuit avec éclairage allumé,Hors agglomération,Hors intersection,Normale,Autre collision,,,,,,,,,,,5,1,1,1.0,6.0
201700049793,0017-06-02 16:50:00,17,6,2,16,50,202,33,CITE AURORE,42.67863,9.44099,Plein jour,En agglomération,Autre intersection,Normale,Trois véhicules et plus - collisions multiples,,,,,,,,,,,1,2,9,1.0,5.0
201700049794,0017-06-06 17:30:00,17,6,6,17,30,202,33,332613SAMPIERO CORSO - A,,,Plein jour,En agglomération,Autre intersection,,Deux véhicules - arrière,,,,,,,,,,,1,2,9,,2.0
201700049795,0017-06-07 15:00:00,17,6,7,15,0,202,33,FAVALE - COURS,42.69353,9.45048,Plein jour,En agglomération,Hors intersection,Normale,Deux véhicules - arrière,,,,,,,,,,,1,2,1,1.0,2.0
201700049796,0017-06-07 15:50:00,17,6,7,15,50,202,33,TUNNEL,,,Plein jour,En agglomération,Hors intersection,Normale,Trois véhicules et plus - collisions multiples,,,,,,,,,,,1,2,1,1.0,5.0
201700049797,0017-06-09 13:45:00,17,6,9,13,45,202,33,"6, FRANCOIS VITTORI",,,Plein jour,En agglomération,Hors intersection,Normale,Autre collision,,,,,,,,,,,1,2,1,1.0,6.0
201700049798,0017-06-09 20:25:00,17,6,9,20,25,202,33,"0, SAMPIERO CORSO - AV",42.67758,9.44481,Crépuscule ou aube,En agglomération,Hors intersection,Normale,Deux véhicules - côté,,,,,,,,,,,2,2,1,1.0,3.0
201700049799,0017-06-17 18:40:00,17,6,17,18,40,202,33,"0, SEBASTIANI  - AVENUE",42.70233,9.44997,Crépuscule ou aube,En agglomération,Hors intersection,Normale,Autre collision,,,,,,,,,,,2,2,1,1.0,6.0
201700049800,0017-06-19 17:52:00,17,6,19,17,52,202,33,ROUTE ROYALE,42.68346,9.42057,Plein jour,En agglomération,Hors intersection,Normale,Deux véhicules - frontale,,,,,,,,,,,1,2,1,1.0,1.0
201700049801,0017-06-20 09:45:00,17,6,20,9,45,202,33,TOUTES RUES,,,Plein jour,En agglomération,Hors intersection,Normale,Trois véhicules et plus - collisions multiples,,,,,,,,,,,1,2,1,1.0,5.0
201700049802,0017-06-21 21:36:00,17,6,21,21,36,202,33,"204, AV DE LA LIBERATION",42.68389,9.44477,Crépuscule ou aube,En agglomération,Hors intersection,Normale,Deux véhicules - côté,,,,,,,,,,,2,2,1,1.0,3.0
201700049803,0017-06-23 19:20:00,17,6,23,19,20,202,33,TOGA,,,Plein jour,En agglomération,Giratoire,Normale,Autre collision,,,,,,,,,,,1,2,6,1.0,6.0
201700049804,0017-06-30 11:35:00,17,6,30,11,35,202,33,AV DE LA LIBERATION,42.6784,9.44312,Plein jour,En agglomération,Giratoire,Temps couvert,Deux véhicules - frontale,,,,,,,,,,,1,2,6,8.0,1.0
201700049805,0017-07-01 18:00:00,17,7,1,18,0,202,33,LAGUNE (Route de la) D10,42.654,9.4491,Plein jour,Hors agglomération,Hors intersection,Normale,Deux véhicules - frontale,,,,,,,,,,,1,1,1,1.0,1.0
201700049806,0017-07-04 19:06:00,17,7,4,19,6,202,33,SEBASTIANI  - AVENUE,42.70232,9.45007,Crépuscule ou aube,En agglomération,Hors intersection,Temps éblouissant,Autre collision,,,,,,,,,,,2,2,1,7.0,6.0
201700049807,0017-07-05 12:45:00,17,7,5,12,45,202,33,TOUTES RUES,42.62201,9.43681,Plein jour,Hors agglomération,Hors intersection,Normale,Autre collision,,,,,,,,,,,1,1,1,1.0,6.0
201700049808,0017-07-07 18:00:00,17,7,7,18,0,202,33,MIOT - RUE,42.69922,9.45099,Plein jour,En agglomération,Hors intersection,Normale,Autre collision,,,,,,,,,,,1,2,1,1.0,6.0
201700049809,0017-07-10 11:05:00,17,7,10,11,5,202,33,SEBASTIANI  - AVENUE,,,Plein jour,En agglomération,Hors intersection,Temps éblouissant,Autre collision,,,,,,,,,,,1,2,1,7.0,6.0
201700049810,0017-07-10 14:24:00,17,7,10,14,24,202,33,"16bis, DE MONTERA - BD H",,,Plein jour,En agglomération,Hors intersection,Normale,Autre collision,,,,,,,,,,,1,2,1,1.0,6.0
201700049811,0017-07-10 23:03:00,17,7,10,23,3,202,33,"66, AV DE LA LIBERATION",42.6848,9.44503,Nuit avec éclairage allumé,En agglomération,Hors intersection,Normale,Deux véhicules - côté,,,,,,,,,,,5,2,1,1.0,3.0
201700049812,0017-07-12 19:45:00,17,7,12,19,45,202,33,"22, TOUTES RUES",,,Plein jour,En agglomération,Hors intersection,Normale,Autre collision,,,,,,,,,,,1,2,1,1.0,6.0
201700049813,0017-07-12 19:15:00,17,7,12,19,15,202,33,11 - RT,,,Plein jour,Hors agglomération,Hors intersection,Normale,Trois véhicules et plus - en chaîne,,,,,,,,,,,1,1,1,1.0,4.0
201700049814,0017-07-13 21:00:00,17,7,13,21,0,202,120,11 - RT,42.65529,9.44132,Crépuscule ou aube,Hors agglomération,Hors intersection,Normale,Deux véhicules - arrière,,,,,,,,,,,2,1,1,1.0,2.0
201700049815,0017-07-14 03:00:00,17,7,14,3,0,202,33,ROUTE ROYALE,42.6761,9.4384,Nuit avec éclairage allumé,En agglomération,Intersection en X,Normale,Deux véhicules - côté,,,,,,,,,,,5,2,2,1.0,3.0
201700049816,0017-07-14 16:55:00,17,7,14,16,55,202,33,"sans, ROUTE ROYALE",42.40432,9.25505,Plein jour,En agglomération,Giratoire,Normale,Autre collision,,,,,,,,,,,1,2,6,1.0,6.0
201700049817,0017-07-14 21:30:00,17,7,14,21,30,202,33,"18, PAOLI DU NR 1 A 20 -",,,Nuit avec éclairage allumé,En agglomération,Hors intersection,Normale,Deux véhicules - côté,,,,,,,,,,,5,2,1,1.0,3.0
201700049818,0017-07-17 08:55:00,17,7,17,8,55,202,33,AV DE LA LIBERATIO,42.67719,9.44419,Plein jour,En agglomération,Hors intersection,Normale,Deux véhicules - arrière,,,,,,,,,,,1,2,1,1.0,2.0
201700049819,0017-07-18 19:35:00,17,7,18,19,35,202,33,ROUTE ROYALE,,,Plein jour,En agglomération,Hors intersection,Normale,Autre collision,,,,,,,,,,,1,2,1,1.0,6.0
201700049820,0017-07-26 02:20:00,17,7,26,2,20,202,33,Av. Jean Zuccarelli,42.70299,9.44667,Nuit avec éclairage allumé,En agglomération,Giratoire,Normale,Deux véhicules - frontale,,,,,,,,,,,5,2,6,1.0,1.0
201700049821,0017-07-28 14:20:00,17,7,28,14,20,202,33,OUTES RUES,,,Plein jour,Hors agglomération,Hors intersection,Pluie légère,,,,,,,,,,,,1,1,1,2.0,
201700049822,0017-07-29 09:05:00,17,7,29,9,5,202,33,"0, SAINT ROCH - RUE NEUV",42.69781,9.45151,Plein jour,En agglomération,Intersection en X,Normale,Autre collision,,,,,,,,,,,1,2,2,1.0,6.0
201700049823,0017-07-29 15:48:00,17,7,29,15,48,202,33,11 - RT,,,Plein jour,En agglomération,Hors intersection,Normale,Trois véhicules et plus - en chaîne,,,,,,,,,,,1,2,1,1.0,4.0
201700049824,0017-08-07 17:30:00,17,8,7,17,30,202,33,"0, FRANCOIS VITTORI",,,Plein jour,En agglomération,Hors intersection,Normale,Deux véhicules - frontale,,,,,,,,,,,1,2,1,1.0,1.0
201700049825,0017-08-08 10:00:00,17,8,8,10,0,202,33,FANGO - AVENUE DU,,,Plein jour,En agglomération,Hors intersection,Normale,Deux véhicules - arrière,,,,,,,,,,,1,2,1,1.0,2.0
201700049826,0017-08-09 14:40:00,17,8,9,14,40,202,33,"0, ROUTE ROYALE",42.68276,9.42201,Plein jour,En agglomération,Intersection en T,Normale,Deux véhicules - côté,,,,,,,,,,,1,2,3,1.0,3.0
201700049827,0017-08-12 15:25:00,17,8,12,15,25,202,120,11 - RT,42.65123,9.44123,Plein jour,En agglomération,Hors intersection,Normale,Deux véhicules - arrière,,,,,,,,,,,1,2,1,1.0,2.0
201700049828,0017-08-17 17:25:00,17,8,17,17,25,202,33,ST FLORENT-ANCIENNE RT D,,,Plein jour,Hors agglomération,Hors intersection,Normale,Deux véhicules - côté,,,,,,,,,,,1,1,1,1.0,3.0
201700049829,0017-08-18 13:30:00,17,8,18,13,30,202,33,Rond point de TOGA,42.70823,9.45362,Plein jour,En agglomération,Giratoire,Normale,Deux véhicules - arrière,,,,,,,,,,,1,2,6,1.0,2.0
201700049830,0017-08-18 22:40:00,17,8,18,22,40,202,33,11 - RT,42.66401,9.44259,Nuit avec éclairage allumé,En agglomération,Hors intersection,Normale,Deux véhicules - arrière,,,,,,,,,,,5,2,1,1.0,2.0
201700049831,0017-08-18 17:57:00,17,8,18,17,57,202,33,Montesoro Provence Logis,42.67365,9.43438,Plein jour,En agglomération,Intersection en T,Normale,Deux véhicules - côté,,,,,,,,,,,1,2,3,1.0,3.0
201700049832,0017-08-19 11:15:00,17,8,19,11,15,202,33,ST JOSEPH - RUE,,,Plein jour,En agglomération,Hors intersection,Normale,Autre collision,,,,,,,,,,,1,2,1,1.0,6.0
201700049833,0017-08-20 01:50:00,17,8,20,1,50,202,33,"0, ROUTE ROYALE",42.67738,9.43397,Nuit avec éclairage allumé,En agglomération,Hors intersection,Normale,Deux véhicules - arrière,,,,,,,,,,,5,2,1,1.0,2.0
201700049834,0017-08-21 22:30:00,17,8,21,22,30,202,33,11 - RT,,,Nuit avec éclairage allumé,En agglomération,Intersection en Y,Normale,Sans collision,,,,,,,,,,,5,2,4,1.0,7.0
201700049835,0017-08-25 13:15:00,17,8,25,13,15,202,33,11 - RT,42.391,9.2628,Plein jour,Hors agglomération,Hors intersection,Normale,Deux véhicules - arrière,,,,,,,,,,,1,1,1,1.0,2.0
201700049836,0017-08-25 14:00:00,17,8,25,14,0,202,33,"0, SAMPIERO CORSO - AV",,,Plein jour,En agglomération,Hors intersection,Normale,Deux véhicules - côté,,,,,,,,,,,1,2,1,1.0,3.0
201700049837,0017-08-27 18:15:00,17,8,27,18,15,202,33,"0, MACCHIONE - CHEMIN DU",,,Crépuscule ou aube,En agglomération,Hors intersection,Normale,Deux véhicules - côté,,,,,,,,,,,2,2,1,1.0,3.0
201700049838,0017-08-28 03:55:00,17,8,28,3,55,202,33,444 Rte sup de Cardo,42.68989,9.42961,Nuit avec éclairage allumé,En agglomération,Hors intersection,Normale,Autre collision,,,,,,,,,,,5,2,1,1.0,6.0
201700049839,0017-08-29 12:52:00,17,8,29,12,52,202,33,LUPINO,42.67991,9.44226,Plein jour,En agglomération,Hors intersection,Normale,Autre collision,,,,,,,,,,,1,2,1,1.0,6.0
201700049840,0017-08-31 08:50:00,17,8,31,8,50,202,33,IMPERIALE - ROUTE,,,Plein jour,En agglomération,Giratoire,Temps couvert,Deux véhicules - côté,,,,,,,,,,,1,2,6,8.0,3.0
201700049841,0017-09-14 18:22:00,17,9,14,18,22,202,33,"sans, GIACCOBBI - AV PAU",,,Plein jour,En agglomération,Hors intersection,Normale,Autre collision,,,,,,,,,,,1,2,1,1.0,6.0
201700049842,0017-09-18 08:15:00,17,9,18,8,15,202,33,TOUTES RUES,42.59733,9.43874,Plein jour,Hors agglomération,Hors intersection,Normale,Deux véhicules - côté,,,,,,,,,,,1,1,1,1.0,3.0
201700049843,0017-09-18 16:42:00,17,9,18,16,42,202,33,TOUTES RUES,42.62,9.43,Plein jour,En agglomération,Hors intersection,Pluie légère,Deux véhicules - côté,,,,,,,,,,,1,2,1,2.0,3.0
201700049844,0017-09-18 18:30:00,17,9,18,18,30,202,120,"2598, SAMPIERO CORSO - A",42.65896,9.44187,Crépuscule ou aube,En agglomération,Hors intersection,Pluie légère,Trois véhicules et plus - en chaîne,,,,,,,,,,,2,2,1,2.0,4.0
201700049845,0017-09-20 09:50:00,17,9,20,9,50,202,33,ST FLORENT-ANCIENNE RT D,,,Plein jour,Hors agglomération,Intersection en T,Normale,Deux véhicules - côté,,,,,,,,,,,1,1,3,1.0,3.0
201700049846,0017-09-30 22:27:00,17,9,30,22,27,202,33,VEZZANI - RUE CESAR,42.68876,9.44727,Nuit avec éclairage allumé,En agglomération,Hors intersection,Normale,Deux véhicules - frontale,,,,,,,,,,,5,2,1,1.0,1.0
201700049847,0017-10-02 17:05:00,17,10,2,17,5,202,33,40 Bd Paoli,42.70117,9.45036,Plein jour,En agglomération,Hors intersection,Normale,Autre collision,,,,,,,,,,,1,2,1,1.0,6.0
201700049848,0017-10-03 14:45:00,17,10,3,14,45,202,33,"6, FORT LACROIX - CHEMIN",,,Plein jour,En agglomération,Hors intersection,Normale,Autre collision,,,,,,,,,,,1,2,1,1.0,6.0
201700049849,0017-10-04 08:00:00,17,10,4,8,0,202,33,FANGO - AVENUE DU,,,Plein jour,En agglomération,Hors intersection,Normale,Autre collision,,,,,,,,,,,1,2,1,1.0,6.0
201700049850,0017-10-04 06:50:00,17,10,4,6,50,202,33,rue St Exupéry,42.6786,9.44101,Nuit sans éclairage public,En agglomération,Intersection en X,Autre,Deux véhicules - côté,,,,,,,,,,,3,2,2,9.0,3.0
201700049851,0017-10-06 15:45:00,17,10,6,15,45,202,33,Sortie Sud Tunnel F Mer,42.69145,9.45078,Plein jour,Hors agglomération,Hors intersection,Normale,Trois véhicules et plus - collisions multiples,,,,,,,,,,,1,1,1,1.0,5.0
201700049852,0017-10-09 10:36:00,17,10,9,10,36,202,33,"0, TOUTES RUES",42.59489,9.43852,Plein jour,En agglomération,Giratoire,Normale,Deux véhicules - arrière,,,,,,,,,,,1,2,6,1.0,2.0
201700049853,0017-10-09 11:20:00,17,10,9,11,20,202,33,"0, IMPERIALE - ROUTE",,,Plein jour,En agglomération,Hors intersection,Normale,Autre collision,,,,,,,,,,,1,2,1,1.0,6.0
201700049854,0017-10-09 17:30:00,17,10,9,17,30,202,33,"0, ROUTE ROYALE",42.6777,9.43326,Plein jour,En agglomération,Hors intersection,Normale,Trois véhicules et plus - en chaîne,,,,,,,,,,,1,2,1,1.0,4.0
201700049855,0017-10-09 19:00:00,17,10,9,19,0,202,37,TOUTES RUES,42.62859,9.43191,Crépuscule ou aube,En agglomération,Hors intersection,Normale,Deux véhicules - arrière,,,,,,,,,,,2,2,1,1.0,2.0
201700049856,0017-10-10 10:50:00,17,10,10,10,50,202,33,Rue C. Colombani,42.70302,9.4507,Plein jour,En agglomération,Hors intersection,Normale,Autre collision,,,,,,,,,,,1,2,1,1.0,6.0
201700049857,0017-10-13 16:26:00,17,10,13,16,26,202,33,GIRAUD - BD GEN,42.69795,9.44692,Plein jour,En agglomération,Hors intersection,Normale,Deux véhicules - côté,,,,,,,,,,,1,2,1,1.0,3.0
201700049858,0017-10-14 11:48:00,17,10,14,11,48,202,33,"0, GIACCOBBI - AV PAUL",,,Plein jour,En agglomération,Giratoire,Normale,Deux véhicules - côté,,,,,,,,,,,1,2,6,1.0,3.0
201700049859,0017-10-23 09:50:00,17,10,23,9,50,202,33,ANNONCIADE - CHEMIN DE L,,,Plein jour,En agglomération,Intersection en T,Normale,Deux véhicules - côté,,,,,,,,,,,1,2,3,1.0,3.0
201700049860,0017-10-24 17:55:00,17,10,24,17,55,202,33,TOUTES RUES,42.61721,9.43736,Plein jour,Hors agglomération,Hors intersection,Normale,Deux véhicules - arrière,,,,,,,,,,,1,1,1,1.0,2.0
201700049861,0017-10-25 14:50:00,17,10,25,14,50,202,37,Rd point Ceppe,42.6284,9.43796,Plein jour,En agglomération,Giratoire,Normale,Deux véhicules - frontale,,,,,,,,,,,1,2,6,1.0,1.0
201700049862,0017-10-25 18:20:00,17,10,25,18,20,202,33,"1, ST FLORENT-ANCIENNE R",,,Nuit avec éclairage allumé,En agglomération,Intersection en T,Normale,Deux véhicules - côté,,,,,,,,,,,5,2,3,1.0,3.0
201700049863,0017-10-27 19:17:00,17,10,27,19,17,202,33,"1, AV DE LA LIBERATION",,,Nuit sans éclairage public,En agglomération,Giratoire,Normale,Autre collision,,,,,,,,,,,3,2,6,1.0,6.0
201700049864,0017-10-28 14:12:00,17,10,28,14,12,202,33,Parking Leclerc Montesor,42.66548,9.44176,Plein jour,En agglomération,Hors intersection,Normale,Deux véhicules - côté,,,,,,,,,,,1,2,1,1.0,3.0
201700049865,0017-10-31 14:22:00,17,10,31,14,22,202,37,RT11,42.62402,9.43691,Plein jour,En agglomération,Hors intersection,Normale,Autre collision,,,,,,,,,,,1,2,1,1.0,6.0
201700049866,0017-11-01 18:40:00,17,11,1,18,40,202,33,"0, 11 - RT",,,Crépuscule ou aube,En agglomération,Hors intersection,Normale,Deux véhicules - côté,,,,,,,,,,,2,2,1,1.0,3.0
201700049867,0017-11-02 11:35:00,17,11,2,11,35,202,33,ROUTE ROYALE,42.67625,9.43613,Plein jour,En agglomération,Hors intersection,,Autre collision,,,,,,,,,,,1,2,1,,6.0
201700049868,0017-11-06 14:15:00,17,11,6,14,15,202,353,CAP - ROUTE DU CAP,42.71748,9.45519,Plein jour,En agglomération,Hors intersection,Normale,Deux véhicules - arrière,,,,,,,,,,,1,2,1,1.0,2.0
201700049869,0017-11-06 18:50:00,17,11,6,18,50,202,33,MACCHIONE - CHEMIN DU,,,Nuit avec éclairage allumé,En agglomération,Hors intersection,Temps couvert,Trois véhicules et plus - en chaîne,,,,,,,,,,,5,2,1,8.0,4.0
201700049870,0017-11-09 17:10:00,17,11,9,17,10,202,37,TOUTES RUES,42.60639,9.43799,Nuit sans éclairage public,En agglomération,Hors intersection,Pluie légère,Trois véhicules et plus - en chaîne,,,,,,,,,,,3,2,1,2.0,4.0
201700049871,0017-11-12 17:00:00,17,11,12,17,0,202,33,Av. Sampiero Corso,42.67128,9.4428,Crépuscule ou aube,En agglomération,Giratoire,Vent fort / tempête,Deux véhicules - frontale,,,,,,,,,,,2,2,6,6.0,1.0
201700049872,0017-11-15 12:15:00,17,11,15,12,15,202,33,Av. Sampiero Corso T11,42.67523,9.44413,Plein jour,En agglomération,Hors intersection,Temps couvert,Deux véhicules - côté,,,,,,,,,,,1,2,1,8.0,3.0
201700049873,0017-11-15 18:50:00,17,11,15,18,50,202,37,RT11,42.62633,9.43721,Nuit avec éclairage allumé,En agglomération,Hors intersection,Pluie légère,Trois véhicules et plus - en chaîne,,,,,,,,,,,5,2,1,2.0,4.0