accident_id,datetime,annee,mois,jour,heure,minute,departement,commune_insee,adresse,latitude,longitude,luminosite,agglomeration,intersection,meteo,collision,nb_vehicules,nb_usagers,nb_indemnes,nb_tues,nb_blesses_hosp,nb_blesses_legers,age_cond_1,age_cond_2,veh_type_cond_1,veh_type_cond_2,lum_code,agg_code,int_code,atm_code,col_code
201700050121,0017-05-31 11:40:00,17,5,31,11,40,690,34,"6, PIERRE TERRASSE",45.79912,4.84761,Plein jour,En agglomération,Hors intersection,Normale,Deux véhicules - côté,,,,,,,,,,,1,2,1,1.0,3.0
201700050122,0017-06-01 10:05:00,17,6,1,10,5,690,34,"34, FRANCOIS PEISSEL",45.79452,4.8403,Plein jour,En agglomération,Hors intersection,Normale,Autre collision,,,,,,,,,,,1,2,1,1.0,6.0
201700050123,0017-06-01 20:50:00,17,6,1,20,50,690,142,PIERRE SEMARD,45.71943,4.81828,Plein jour,En agglomération,Hors intersection,Pluie légère,Deux véhicules - arrière,,,,,,,,,,,1,2,1,2.0,2.0
201700050124,0017-06-01 07:53:00,17,6,1,7,53,690,382,JULES COURMONT,,,Plein jour,En agglomération,Autre intersection,Normale,Deux véhicules - arrière,,,,,,,,,,,1,2,9,1.0,2.0
201700050125,0017-06-02 08:00:00,17,6,2,8,0,690,202,"63, PROVINCES (DES)",45.74617,4.799,Plein jour,En agglomération,Hors intersection,Normale,Autre collision,,,,,,,,,,,1,2,1,1.0,6.0
201700050126,0017-06-02 12:30:00,17,6,2,12,30,690,382,"8, BELLECOUR",,,Plein jour,En agglomération,Intersection en T,Normale,Deux véhicules - côté,,,,,,,,,,,1,2,3,1.0,3.0
201700050127,0017-06-02 16:15:00,17,6,2,16,15,690,81,"34-36, JEAN MARIE VIANNE",45.79364,4.77194,Plein jour,En agglomération,Hors intersection,Normale,Autre collision,,,,,,,,,,,1,2,1,1.0,6.0
201700050128,0017-06-03 22:00:00,17,6,3,22,0,690,381,LOUIS PRADEL,,,Nuit avec éclairage allumé,En agglomération,Hors intersection,Pluie légère,Deux véhicules - côté,,,,,,,,,,,5,2,1,2.0,3.0
201700050129,0017-06-04 19:30:00,17,6,4,19,30,690,385,"41, FULCHIRON",45.7517,4.8215,Plein jour,En agglomération,Intersection en X,Normale,Deux véhicules - côté,,,,,,,,,,,1,2,2,1.0,3.0
201700050130,0017-06-05 18:40:00,17,6,5,18,40,690,382,PERRACHE,45.73977,4.82277,Plein jour,En agglomération,Intersection en T,Normale,Deux véhicules - arrière,,,,,,,,,,,1,2,3,1.0,2.0
201700050131,0017-06-03 16:15:00,17,6,3,16,15,690,34,"43, PIERRE BRUNIER",45.7871,4.83,Plein jour,En agglomération,Hors intersection,Normale,Sans collision,,,,,,,,,,,1,2,1,1.0,7.0
201700050132,0017-06-08 12:00:00,17,6,8,12,0,690,149,"28, REPUBLIQUE (DE LA)",45.71693,4.81019,Plein jour,En agglomération,Hors intersection,Normale,Autre collision,,,,,,,,,,,1,2,1,1.0,6.0
201700050133,0017-06-09 13:00:00,17,6,9,13,0,690,389,BEN GOURION   (AV),45.7908,4.7905,Plein jour,En agglomération,Intersection en T,Normale,Trois véhicules et plus - en chaîne,,,,,,,,,,,1,2,3,1.0,4.0
201700050134,0017-06-11 12:40:00,17,6,11,12,40,690,389,COMMERCE (DU),45.78298,4.8112,Plein jour,En agglomération,Giratoire,Temps éblouissant,Deux véhicules - frontale,,,,,,,,,,,1,2,6,7.0,1.0
201700050135,0017-06-11 16:10:00,17,6,11,16,10,690,381,"11, JEAN MOULIN",45.76722,4.83814,Plein jour,En agglomération,Intersection en T,Normale,Deux véhicules - côté,,,,,,,,,,,1,2,3,1.0,3.0
201700050136,0017-06-13 17:05:00,17,6,13,17,5,690,384,"7, HERBOUVILLE (D')",,,Plein jour,En agglomération,Hors intersection,Normale,Deux véhicules - côté,,,,,,,,,,,1,2,1,1.0,3.0
201700050137,0017-06-13 17:30:00,17,6,13,17,30,690,389,"3, ANTOINE DE ST EXUPERY",45.773,4.808,Plein jour,En agglomération,Hors intersection,Normale,Deux véhicules - arrière,,,,,,,,,,,1,2,1,1.0,2.0
201700050138,0017-06-14 15:30:00,17,6,14,15,30,690,384,PHILIPPE DE LASSALLE,45.7772,4.82067,Plein jour,En agglomération,Hors intersection,Normale,Autre collision,,,,,,,,,,,1,2,1,1.0,6.0
201700050139,0017-06-15 13:25:00,17,6,15,13,25,690,152,"147, EUROPE (DE L')",45.69647,4.8257,Plein jour,En agglomération,Hors intersection,Normale,Deux véhicules - côté,,,,,,,,,,,1,2,1,1.0,3.0
201700050140,0017-06-16 17:55:00,17,6,16,17,55,690,382,"3, GROLEE",,,Plein jour,En agglomération,Hors intersection,Normale,Autre collision,,,,,,,,,,,1,2,1,1.0,6.0
201700050141,0017-06-19 06:58:00,17,6,19,6,58,690,202,FONDS (DES),45.74256,4.78615,Crépuscule ou aube,En agglomération,Intersection en T,Normale,Deux véhicules - côté,,,,,,,,,,,2,2,3,1.0,3.0
201700050142,0017-06-19 23:30:00,17,6,19,23,30,690,34,"128, COSTE",45.79148,4.83748,Nuit avec éclairage allumé,En agglomération,Intersection en X,Normale,Deux véhicules - côté,,,,,,,,,,,5,2,2,1.0,3.0
201700050143,0017-06-20 07:03:00,17,6,20,7,3,690,385,"11 TER, ST PAUL",45.76586,4.82726,Plein jour,En agglomération,Hors intersection,Normale,Autre collision,,,,,,,,,,,1,2,1,1.0,6.0
201700050144,0017-06-20 16:45:00,17,6,20,16,45,690,382,DOCTEUR GAILLETON (DU),45.75702,4.83595,Plein jour,En agglomération,Intersection en T,Normale,Deux véhicules - côté,,,,,,,,,,,1,2,3,1.0,3.0
201700050145,0017-06-20 10:00:00,17,6,20,10,0,690,202,"94, MARECHAL FOCH (DU)",45.7439,4.79822,Plein jour,En agglomération,Intersection en X,Normale,Deux véhicules - côté,,,,,,,,,,,1,2,2,1.0,3.0
201700050146,0017-06-22 15:40:00,17,6,22,15,40,690,389,SIDOINE APPOLINAIRE,45.76,4.8,Plein jour,En agglomération,Hors intersection,Normale,Deux véhicules - arrière,,,,,,,,,,,1,2,1,1.0,2.0
201700050147,0017-06-21 19:30:00,17,6,21,19,30,690,381,ABBE ROZIER   (DE L'),45.76984,4.83389,Plein jour,En agglomération,Hors intersection,Normale,Autre collision,,,,,,,,,,,1,2,1,1.0,6.0
201700050148,0017-06-25 20:20:00,17,6,25,20,20,690,384,CLAUDE JOSEPH BONNET,45.77447,4.82379,Plein jour,En agglomération,Intersection en X,Normale,Deux véhicules - côté,,,,,,,,,,,1,2,2,1.0,3.0
201700050149,0017-06-26 18:50:00,17,6,26,18,50,690,152,EUROPE (DE L'),45.69863,4.83996,Plein jour,Hors agglomération,Hors intersection,Normale,Deux véhicules - côté,,,,,,,,,,,1,1,1,1.0,3.0
201700050150,0017-06-27 21:11:00,17,6,27,21,11,690,382,"1, BELLECOUR",45.75887,4.83091,Crépuscule ou aube,En agglomération,Hors intersection,Normale,Deux véhicules - côté,,,,,,,,,,,2,2,1,1.0,3.0
201700050151,0017-06-25 18:20:00,17,6,25,18,20,690,382,"71, PRESIDENT EDOUARD HE",45.76375,4.83474,Plein jour,En agglomération,Hors intersection,Normale,Deux véhicules - arrière,,,,,,,,,,,1,2,1,1.0,2.0
201700050152,0017-06-28 11:15:00,17,6,28,11,15,690,389,PAUL SEDAILLIAN,49.79283,4.82102,Plein jour,En agglomération,Intersection en T,Normale,Deux véhicules - côté,,,,,,,,,,,1,2,3,1.0,3.0
201700050153,0017-06-28 17:45:00,17,6,28,17,45,690,389,AUTOROUTE A6,45.78698,4.78576,Plein jour,Hors agglomération,Hors intersection,Normale,Deux véhicules - arrière,,,,,,,,,,,1,1,1,1.0,2.0
201700050154,0017-06-29 22:00:00,17,6,29,22,0,690,152,"20, PAUL VAILLANT COUTUR",45.70686,4.8194,Crépuscule ou aube,En agglomération,Hors intersection,Temps couvert,Trois véhicules et plus - collisions multiples,,,,,,,,,,,2,2,1,8.0,5.0
201700050155,0017-06-28 20:30:00,17,6,28,20,30,690,149,"78, EMILE ZOLA",45.71984,4.79886,Plein jour,En agglomération,Hors intersection,Temps couvert,Deux véhicules - arrière,,,,,,,,,,,1,2,1,8.0,2.0
201700050156,0017-06-30 06:50:00,17,6,30,6,50,690,149,GRANDE RUE,45.72,4.81,Crépuscule ou aube,En agglomération,Intersection en X,Normale,Deux véhicules - côté,,,,,,,,,,,2,2,2,1.0,3.0
201700050157,0017-06-30 11:45:00,17,6,30,11,45,690,389,JOANNES CARRET,45.79224,4.8186,Plein jour,En agglomération,Intersection en T,Pluie légère,Deux véhicules - côté,,,,,,,,,,,1,2,3,2.0,3.0
201700050158,0017-07-01 12:35:00,17,7,1,12,35,690,381,"6, REPUBLIQUE (DE LA)",,,Plein jour,En agglomération,Hors intersection,Normale,Autre collision,,,,,,,,,,,1,2,1,1.0,6.0
201700050159,0017-07-03 09:40:00,17,7,3,9,40,690,286,"748, ROUTE DE STRASBOURG",45.80561,4.88268,Plein jour,En agglomération,Hors intersection,Normale,Deux véhicules - arrière,,,,,,,,,,,1,2,1,1.0,2.0
201700050160,0017-07-03 08:40:00,17,7,3,8,40,690,202,"5, VALIOUD",45.74769,4.81158,Plein jour,En agglomération,Hors intersection,Normale,Deux véhicules - frontale,,,,,,,,,,,1,2,1,1.0,1.0
201700050161,0017-07-03 12:25:00,17,7,3,12,25,690,389,COMMERCE (DU),45.78238,4.81073,Plein jour,En agglomération,Intersection en T,Normale,Deux véhicules - arrière,,,,,,,,,,,1,2,3,1.0,2.0
201700050162,0017-07-03 20:45:00,17,7,3,20,45,690,152,"29, ROGER SALENGRO",45.70659,4.82144,Plein jour,En agglomération,Hors intersection,Normale,Deux véhicules - côté,,,,,,,,,,,1,2,1,1.0,3.0
201700050163,0017-07-03 19:00:00,17,7,3,19,0,690,384,TUNNEL DE LA CROIX ROUSS,45.77371,4.82552,Plein jour,En agglomération,Hors intersection,Normale,Trois véhicules et plus - en chaîne,,,,,,,,,,,1,2,1,1.0,4.0
201700050164,0017-07-05 08:00:00,17,7,5,8,0,690,286,"1088, VICTOR HUGO",45.82,4.88,Plein jour,En agglomération,Hors intersection,Normale,Autre collision,,,,,,,,,,,1,2,1,1.0,6.0
201700050165,0017-07-05 09:54:00,17,7,5,9,54,690,152,GRAND REVOYET (DU),45.69963,4.80812,Plein jour,En agglomération,Hors intersection,Normale,Deux véhicules - frontale,,,,,,,,,,,1,2,1,1.0,1.0
201700050166,0017-07-05 18:05:00,17,7,5,18,5,690,385,"27, FULCHIRON",45.75573,4.82431,Plein jour,En agglomération,Hors intersection,Normale,Deux véhicules - côté,,,,,,,,,,,1,2,1,1.0,3.0
201700050167,0017-07-06 14:55:00,17,7,6,14,55,690,286,"6, EUROPE (DE L')",45.81236,4.8904,Plein jour,En agglomération,Hors intersection,Temps éblouissant,Autre collision,,,,,,,,,,,1,2,1,7.0,6.0
201700050168,0017-07-06 16:20:00,17,7,6,16,20,690,382,"16, JULES COURMONT",45.75836,4.83709,Plein jour,En agglomération,Hors intersection,Normale,Deux véhicules - arrière,,,,,,,,,,,1,2,1,1.0,2.0
201700050169,0017-07-05 21:00:00,17,7,5,21,0,690,286,EUROPE (DE L'),45.81391,4.89438,Plein jour,En agglomération,Autre intersection,Normale,Sans collision,,,,,,,,,,,1,2,9,1.0,7.0
201700050170,0017-07-06 09:50:00,17,7,6,9,50,690,34,EGLISE (DE L'),45.79321,4.83074,Plein jour,En agglomération,Hors intersection,Normale,Deux véhicules - arrière,,,,,,,,,,,1,2,1,1.0,2.0
201700050171,0017-07-07 07:40:00,17,7,7,7,40,690,385,"32, FAVORITE (DE LA )",45.75719,4.81044,Plein jour,En agglomération,Intersection en T,Normale,Sans collision,,,,,,,,,,,1,2,3,1.0,7.0
201700050172,0017-07-07 11:15:00,17,7,7,11,15,690,385,"14, POINT DU JOUR (DU)",45.75618,4.80616,Plein jour,En agglomération,Hors intersection,Normale,Autre collision,,,,,,,,,,,1,2,1,1.0,6.0
201700050173,0017-07-06 20:00:00,17,7,6,20,0,690,385,"25, BARTHELEMY BUYER",45.7587,4.81057,Plein jour,En agglomération,Hors intersection,Normale,Autre collision,,,,,,,,,,,1,2,1,1.0,6.0
201700050174,0017-07-07 18:05:00,17,7,7,18,5,690,81,VALVERT,45.76566,4.77083,Plein jour,En agglomération,Hors intersection,Normale,Deux véhicules - arrière,,,,,,,,,,,1,2,1,1.0,2.0
201700050175,0017-07-09 23:45:00,17,7,9,23,45,690,384,BIRMINGHAM (DE),48.0,7.0,Nuit avec éclairage allumé,En agglomération,Hors intersection,Normale,Autre collision,,,,,,,,,,,5,2,1,1.0,6.0
201700050176,0017-07-09 23:00:00,17,7,9,23,0,690,385,"79, PIERRE SCIZE",45.76726,4.81827,Nuit avec éclairage allumé,En agglomération,Hors intersection,Normale,Deux véhicules - arrière,,,,,,,,,,,5,2,1,1.0,2.0
201700050177,0017-07-10 14:00:00,17,7,10,14,0,690,385,"87, POINT DU JOUR (DU)",45.75626,4.79781,Plein jour,En agglomération,Hors intersection,Normale,Autre collision,,,,,,,,,,,1,2,1,1.0,6.0
201700050178,0017-07-12 23:10:00,17,7,12,23,10,690,382,PERRACHE,45.73236,4.81654,Nuit avec éclairage allumé,En agglomération,Autre intersection,Normale,Autre collision,,,,,,,,,,,5,2,9,1.0,6.0
201700050179,0017-07-13 16:40:00,17,7,13,16,40,690,389,"8, MARIETTON",45.77504,4.80716,Plein jour,En agglomération,Hors intersection,Normale,Deux véhicules - côté,,,,,,,,,,,1,2,1,1.0,3.0
201700050180,0017-07-13 19:10:00,17,7,13,19,10,690,34,"115, GEORGES CLEMENCEAU",45.81,4.84,Plein jour,En agglomération,Hors intersection,Normale,Deux véhicules - frontale,,,,,,,,,,,1,2,1,1.0,1.0
201700050181,0017-07-13 18:00:00,17,7,13,18,0,690,382,"12, REPUBLIQUE (DE LA)",45.76493,4.83584,Plein jour,En agglomération,Hors intersection,Normale,Deux véhicules - côté,,,,,,,,,,,1,2,1,1.0,3.0
201700050182,0017-07-15 00:10:00,17,7,15,0,10,690,381,"157, CROIX ROUSSE (DE LA",45.77431,4.83089,Nuit avec éclairage allumé,En agglomération,Intersection en X,Normale,Deux véhicules - côté,,,,,,,,,,,5,2,2,1.0,3.0
201700050183,0017-07-15 16:10:00,17,7,15,16,10,690,385,"15, FULCHIRON",45.75775,4.82586,Plein jour,En agglomération,Hors intersection,Normale,Autre collision,,,,,,,,,,,1,2,1,1.0,6.0
201700050184,0017-07-17 17:50:00,17,7,17,17,50,690,384,"20, PHILIPPE DE LASSALLE",45.77596,4.82105,Plein jour,En agglomération,Intersection en T,Normale,Deux véhicules - côté,,,,,,,,,,,1,2,3,1.0,3.0
201700050185,0017-07-17 19:30:00,17,7,17,19,30,690,34,"47, GEORGES CLEMENCEAU",45.79585,4.83102,Plein jour,En agglomération,Hors intersection,Normale,Deux véhicules - côté,,,,,,,,,,,1,2,1,1.0,3.0
201700050186,0017-07-18 07:20:00,17,7,18,7,20,690,384,"52, JOSEPH GILLET",45.77971,4.81175,Plein jour,En agglomération,Intersection en T,Normale,Sans collision,,,,,,,,,,,1,2,3,1.0,7.0
201700050187,0017-07-19 08:10:00,17,7,19,8,10,690,382,CONDE (DE),45.45077,4.49353,Plein jour,En agglomération,Autre intersection,Temps éblouissant,Autre collision,,,,,,,,,,,1,2,9,7.0,6.0
201700050188,0017-07-18 19:05:00,17,7,18,19,5,690,389,"19, ARLOING",45.77261,4.81069,Plein jour,En agglomération,Hors intersection,Normale,Deux véhicules - côté,,,,,,,,,,,1,2,1,1.0,3.0
201700050189,0017-07-20 07:45:00,17,7,20,7,45,690,389,ST CYR (DE),45.78497,4.80788,Plein jour,En agglomération,Hors intersection,Normale,Sans collision,,,,,,,,,,,1,2,1,1.0,7.0
201700050190,0017-07-20 12:15:00,17,7,20,12,15,690,149,NARCISSE BERTHOLEY,45.71607,4.80661,Plein jour,En agglomération,Intersection en X,Normale,Autre collision,,,,,,,,,,,1,2,2,1.0,6.0
201700050191,0017-07-20 09:46:00,17,7,20,9,46,690,286,"180, PIERRE FALLION",45.81661,4.87262,Plein jour,En agglomération,Hors intersection,Normale,Deux véhicules - côté,,,,,,,,,,,1,2,1,1.0,3.0
201700050192,0017-07-17 12:17:00,17,7,17,12,17,690,381,JEAN MOULIN,45.76719,4.83823,Plein jour,En agglomération,Hors intersection,Normale,Deux véhicules - arrière,,,,,,,,,,,1,2,1,1.0,2.0
201700050193,0017-07-23 04:20:00,17,7,23,4,20,690,382,GALLIENI,45.74915,4.83684,Nuit avec éclairage allumé,En agglomération,Hors intersection,Normale,Trois véhicules et plus - collisions multiples,,,,,,,,,,,5,2,1,1.0,5.0
201700050194,0017-07-24 09:15:00,17,7,24,9,15,690,286,MARYSE BASTIE,45.82381,4.91661,Plein jour,En agglomération,Hors intersection,Pluie légère,Deux véhicules - arrière,,,,,,,,,,,1,2,1,2.0,2.0
201700050195,0017-07-24 13:00:00,17,7,24,13,0,690,385,"21, AQUEDUCS (DES)",45.75813,4.79521,Plein jour,En agglomération,Hors intersection,Normale,Autre collision,,,,,,,,,,,1,2,1,1.0,6.0
201700050196,0017-07-24 18:00:00,17,7,24,18,0,690,385,"39, CHAMPVERT (DE)",45.76242,4.79557,Plein jour,En agglomération,Hors intersection,Normale,Autre collision,,,,,,,,,,,1,2,1,1.0,6.0
201700050197,0017-07-26 15:18:00,17,7,26,15,18,690,286,"3130, ROUTE DE STRASBOUR",45.82,4.9,Plein jour,En agglomération,Hors intersection,Normale,Deux véhicules - frontale,,,,,,,,,,,1,2,1,1.0,1.0
201700050198,0017-07-28 20:30:00,17,7,28,20,30,690,389,"8, JOANNES MASSET",45.77232,4.79986,Plein jour,En agglomération,Hors intersection,Normale,Autre collision,,,,,,,,,,,1,2,1,1.0,6.0
201700050199,0017-08-01 14:40:00,17,8,1,14,40,690,34,PASTEUR,45.79088,4.84257,Plein jour,En agglomération,Intersection en X,Normale,Deux véhicules - côté,,,,,,,,,,,1,2,2,1.0,3.0
201700050200,0017-08-02 13:30:00,17,8,2,13,30,690,142,GENERAL DE GAULLE,45.726,4.81232,Plein jour,En agglomération,Hors intersection,Normale,Trois véhicules et plus - en chaîne,,,,,,,,,,,1,2,1,1.0,4.0
201700050201,0017-08-03 09:30:00,17,8,3,9,30,690,142,"17, CHASSAGNES (DES)",45.70659,4.80504,Plein jour,En agglomération,Passage à niveau,Normale,Deux véhicules - côté,,,,,,,,,,,1,2,8,1.0,3.0
201700050202,0017-08-03 14:55:00,17,8,3,14,55,690,202,PAUL DAILLY,45.72508,4.78048,Plein jour,Hors agglomération,Hors intersection,Normale,Deux véhicules - arrière,,,,,,,,,,,1,1,1,1.0,2.0
201700050203,0017-08-03 21:00:00,17,8,3,21,0,690,382,CHARLEMAGNE,45.74266,4.82065,Crépuscule ou aube,En agglomération,Hors intersection,Normale,Autre collision,,,,,,,,,,,2,2,1,1.0,6.0
201700050204,0017-08-03 10:10:00,17,8,3,10,10,690,152,"14, EUROPE (DE L')",45.707,4.82,Plein jour,En agglomération,Intersection en X,Normale,Deux véhicules - côté,,,,,,,,,,,1,2,2,1.0,3.0
201700050205,0017-08-04 10:55:00,17,8,4,10,55,690,385,"62, COMMANDANT CHARCOT (",45.75279,4.80393,Plein jour,En agglomération,Hors intersection,Normale,Deux véhicules - côté,,,,,,,,,,,1,2,1,1.0,3.0
201700050206,0017-08-04 12:00:00,17,8,4,12,0,690,389,ROSA PARKS,45.7866,4.7939,Plein jour,En agglomération,Hors intersection,Normale,Deux véhicules - côté,,,,,,,,,,,1,2,1,1.0,3.0
201700050207,0017-08-04 12:20:00,17,8,4,12,20,690,384,"12, MAIL (DU)",45.77717,4.8332,Plein jour,En agglomération,Intersection en X,Normale,Autre collision,,,,,,,,,,,1,2,2,1.0,6.0
201700050208,0017-08-04 17:20:00,17,8,4,17,20,690,389,"536, BEN GOURION   (AV)",45.78969,4.78964,Plein jour,En agglomération,Hors intersection,Normale,Trois véhicules et plus - en chaîne,,,,,,,,,,,1,2,1,1.0,4.0
201700050209,0017-08-04 18:40:00,17,8,4,18,40,690,389,JOANNES CARRET,45.7922,4.8187,Plein jour,En agglomération,Intersection en T,Normale,Deux véhicules - côté,,,,,,,,,,,1,2,3,1.0,3.0
201700050210,0017-08-06 05:20:00,17,8,6,5,20,690,382,"41, DOCTEUR GAILLETON (D",45.75043,4.83215,Nuit avec éclairage allumé,En agglomération,Hors intersection,Normale,Autre collision,,,,,,,,,,,5,2,1,1.0,6.0
201700050211,0017-08-06 17:25:00,17,8,6,17,25,690,382,"42, DOCTEUR GAILLETON (D",45.75047,4.83216,Plein jour,En agglomération,Hors intersection,Normale,Trois véhicules et plus - collisions multiples,,,,,,,,,,,1,2,1,1.0,5.0
201700050212,0017-08-06 15:40:00,17,8,6,15,40,690,385,CHEMIN NEUF (DU),45.761,4.82499,Plein jour,En agglomération,Hors intersection,Normale,Deux véhicules - arrière,,,,,,,,,,,1,2,1,1.0,2.0
201700050213,0017-08-10 22:30:00,17,8,10,22,30,690,389,"23, DOCKS (DES)",45.78564,4.81065,Nuit avec éclairage allumé,En agglomération,Intersection en X,Normale,Deux véhicules - frontale,,,,,,,,,,,5,2,2,1.0,1.0
201700050214,0017-08-11 02:30:00,17,8,11,2,30,690,382,JULES COURMONT,45.7635,4.8382,Nuit avec éclairage allumé,En agglomération,Intersection en X,Pluie légère,Deux véhicules - côté,,,,,,,,,,,5,2,2,2.0,3.0
201700050215,0017-08-10 15:17:00,17,8,10,15,17,690,286,"19, EUROPE (DE L')",45.81524,4.89656,Plein jour,En agglomération,Hors intersection,Normale,Deux véhicules - côté,,,,,,,,,,,1,2,1,1.0,3.0
201700050216,0017-08-11 07:00:00,17,8,11,7,0,690,382,"13 Bis, JEAN MOULIN",45.76542,4.83838,Plein jour,En agglomération,Hors intersection,Pluie légère,Deux véhicules - arrière,,,,,,,,,,,1,2,1,2.0,2.0
201700050217,0017-08-11 17:05:00,17,8,11,17,5,690,381,DE LATTRE DE TASSIGNY,45.77246,4.83999,Plein jour,En agglomération,Hors intersection,Normale,Trois véhicules et plus - en chaîne,,,,,,,,,,,1,2,1,1.0,4.0
201700050218,0017-08-14 16:20:00,17,8,14,16,20,690,384,BIRMINGHAM (DE),45.77467,4.8109,Plein jour,En agglomération,Hors intersection,Normale,Deux véhicules - arrière,,,,,,,,,,,1,2,1,1.0,2.0
201700050219,0017-08-14 20:20:00,17,8,14,20,20,690,382,SALA,45.75506,4.83131,Nuit avec éclairage allumé,En agglomération,Intersection en X,Normale,Deux véhicules - côté,,,,,,,,,,,5,2,2,1.0,3.0
201700050220,0017-08-16 09:00:00,17,8,16,9,0,690,149,"15, CLAUDE MICHEL",45.7181,4.80325,Plein jour,En agglomération,Intersection en X,Normale,Autre collision,,,,,,,,,,,1,2,2,1.0,6.0
201700050221,0017-08-17 18:25:00,17,8,17,18,25,690,384,"60, CANUTS (DES)",45.77964,4.82748,Plein jour,En agglomération,Passage à niveau,Normale,Autre collision,,,,,,,,,,,1,2,8,1.0,6.0
201700050222,0017-08-21 08:40:00,17,8,21,8,40,690,381,BAT D'ARGENT (DU),45.76613,4.83606,Plein jour,En agglomération,Intersection en X,Temps éblouissant,Autre collision,,,,,,,,,,,1,2,2,7.0,6.0
201700050223,0017-08-21 07:45:00,17,8,21,7,45,690,34,JEAN MOULIN,45.79885,4.8462,Plein jour,En agglomération,Hors intersection,Normale,Trois véhicules et plus - en chaîne,,,,,,,,,,,1,2,1,1.0,4.0
201700050224,0017-08-23 06:55:00,17,8,23,6,55,690,142,PIERRE SEMARD,45.72544,4.81684,Plein jour,En agglomération,Intersection en T,Normale,Deux véhicules - côté,,,,,,,,,,,1,2,3,1.0,3.0
201700050225,0017-08-23 14:40:00,17,8,23,14,40,690,389,"35, SIDOINE APPOLINAIRE",45.77,4.79,Plein jour,En agglomération,Hors intersection,Normale,Deux véhicules - côté,,,,,,,,,,,1,2,1,1.0,3.0
201700050226,0017-08-23 14:05:00,17,8,23,14,5,690,34,"35, GENERAL LECLERC",45.80134,4.85519,Plein jour,En agglomération,Hors intersection,Normale,Trois véhicules et plus - en chaîne,,,,,,,,,,,1,2,1,1.0,4.0
201700050227,0017-08-24 22:59:00,17,8,24,22,59,690,382,"79, CHARLEMAGNE",45.7429,4.82125,Nuit avec éclairage allumé,En agglomération,Hors intersection,Normale,Sans collision,,,,,,,,,,,5,2,1,1.0,7.0
201700050228,0017-08-26 06:50:00,17,8,26,6,50,690,382,"3, MARECHAL JOFFRE (DU)",45.75365,4.82517,Plein jour,En agglomération,Hors intersection,Normale,Deux véhicules - arrière,,,,,,,,,,,1,2,1,1.0,2.0
201700050229,0017-08-27 10:45:00,17,8,27,10,45,690,202,PAUL DAILLY,45.72804,4.77904,Plein jour,En agglomération,Intersection en X,Normale,Deux véhicules - arrière,,,,,,,,,,,1,2,2,1.0,2.0
201700050230,0017-08-29 15:00:00,17,8,29,15,0,690,34,RAYMOND POINCARE,45.78,4.86,Plein jour,En agglomération,Hors intersection,Normale,Deux véhicules - frontale,,,,,,,,,,,1,2,1,1.0,1.0
201700050231,0017-08-29 06:15:00,17,8,29,6,15,690,389,RAOUL CARRIE,45.80315,4.83942,Crépuscule ou aube,En agglomération,Hors intersection,Normale,Sans collision,,,,,,,,,,,2,2,1,1.0,7.0
201700050232,0017-08-30 13:05:00,17,8,30,13,5,690,389,"68, OBSERVANCE (DE L')",45.76857,4.80957,Plein jour,En agglomération,Hors intersection,Normale,Deux véhicules - côté,,,,,,,,,,,1,2,1,1.0,3.0
201700050233,0017-08-30 18:10:00,17,8,30,18,10,690,382,"28, NEUVE",45.7653,4.83639,Plein jour,En agglomération,Hors intersection,Normale,Autre collision,,,,,,,,,,,1,2,1,1.0,6.0
201700050234,0017-08-30 17:40:00,17,8,30,17,40,690,149,PERRON (DU),45.71278,4.80734,Plein jour,En agglomération,Intersection en X,Normale,Autre collision,,,,,,,,,,,1,2,2,1.0,6.0
201700050235,0017-08-31 16:00:00,17,8,31,16,0,690,384,"69, CUIRE (DE)",45.78057,4.82916,Plein jour,En agglomération,Hors intersection,Pluie légère,Deux véhicules - côté,,,,,,,,,,,1,2,1,2.0,3.0
201700050236,0017-08-31 21:20:00,17,8,31,21,20,690,389,25EME REGIMENT DE TIRAIL,45.47288,4.48539,Nuit avec éclairage allumé,En agglomération,Hors intersection,Pluie légère,Autre collision,,,,,,,,,,,5,2,1,2.0,6.0
201700050237,0017-09-01 11:45:00,17,9,1,11,45,690,389,"105, 25EME REGIMENT DE T",45.78327,4.80051,Plein jour,En agglomération,Hors intersection,Normale,Deux véhicules - frontale,,,,,,,,,,,1,2,1,1.0,1.0
201700050238,0017-08-30 15:35:00,17,8,30,15,35,690,385,PIERRE SCIZE,45.76997,4.81618,Plein jour,En agglomération,Hors intersection,Normale,Deux véhicules - frontale,,,,,,,,,,,1,2,1,1.0,1.0
201700050239,0017-09-02 17:20:00,17,9,2,17,20,690,382,"132, CHARLEMAGNE",45.7397,4.81824,Plein jour,En agglomération,Intersection en X,Pluie légère,Deux véhicules - côté,,,,,,,,,,,1,2,2,2.0,3.0
201700050240,0017-08-29 17:00:00,17,8,29,17,0,690,382,"26, ST ANTOINE",45.76256,4.83207,Plein jour,En agglomération,Hors intersection,Normale,Deux véhicules - arrière,,,,,,,,,,,1,2,1,1.0,2.0
201700050241,0017-08-30 20:00:00,17,8,30,20,0,690,382,JULIEN GRAS,45.75075,4.83718,Nuit avec éclairage allumé,En agglomération,Autre intersection,Normale,Deux véhicules - côté,,,,,,,,,,,5,2,9,1.0,3.0
201700050242,0017-09-03 12:10:00,17,9,3,12,10,690,81,EDOUARD PAYEN,45.77657,4.77396,Plein jour,En agglomération,Hors intersection,Normale,Autre collision,,,,,,,,,,,1,2,1,1.0,6.0
201700050243,0017-09-05 11:40:00,17,9,5,11,40,690,149,JOHN ET ROBERT KENNEDY,45.71888,4.79052,Plein jour,En agglomération,Intersection en T,Normale,Autre collision,,,,,,,,,,,1,2,3,1.0,6.0