accident_id,datetime,annee,mois,jour,heure,minute,departement,commune_insee,adresse,latitude,longitude,luminosite,agglomeration,intersection,meteo,collision,nb_vehicules,nb_usagers,nb_indemnes,nb_tues,nb_blesses_hosp,nb_blesses_legers,age_cond_1,age_cond_2,veh_type_cond_1,veh_type_cond_2,lum_code,agg_code,int_code,atm_code,col_code
201700050244,0017-09-06 04:48:00,17,9,6,4,48,690,286,ECHANGEUR DE RILLIEUX LA,45.82107,4.91816,Nuit avec éclairage allumé,Hors agglomération,Hors intersection,Normale,Trois véhicules et plus - en chaîne,,,,,,,,,,,5,1,1,1.0,4.0
201700050245,0017-09-06 23:30:00,17,9,6,23,30,690,389,GARE D'EAU (DE LA),45.78047,4.80906,Nuit avec éclairage allumé,En agglomération,Intersection en X,Normale,Deux véhicules - côté,,,,,,,,,,,5,2,2,1.0,3.0
201700050246,0017-09-06 10:50:00,17,9,6,10,50,690,34,CREPIEUX (DE),45.80098,4.85517,Plein jour,En agglomération,Hors intersection,Normale,Deux véhicules - côté,,,,,,,,,,,1,2,1,1.0,3.0
201700050247,0017-09-07 08:55:00,17,9,7,8,55,690,385,"23, BONDY (DE)",45.7653,4.82916,Plein jour,En agglomération,Hors intersection,Normale,Deux véhicules - côté,,,,,,,,,,,1,2,1,1.0,3.0
201700050248,0017-09-07 17:30:00,17,9,7,17,30,690,34,"39, FORTS (DES)",45.7936,4.83364,Plein jour,En agglomération,Hors intersection,Normale,Deux véhicules - côté,,,,,,,,,,,1,2,1,1.0,3.0
201700050249,0017-09-08 18:20:00,17,9,8,18,20,690,34,"86, GENERAL LECLERC",45.80419,4.86366,Plein jour,En agglomération,Hors intersection,Normale,Deux véhicules - côté,,,,,,,,,,,1,2,1,1.0,3.0
201700050250,0017-09-08 10:25:00,17,9,8,10,25,690,389,"19, MARIETTON",45.77511,4.80614,Plein jour,En agglomération,Hors intersection,Normale,Autre collision,,,,,,,,,,,1,2,1,1.0,6.0
201700050251,0017-09-09 13:10:00,17,9,9,13,10,690,34,VIADUC JOSEPH PICOT,45.79271,4.87191,Plein jour,En agglomération,Hors intersection,Pluie légère,Deux véhicules - côté,,,,,,,,,,,1,2,1,2.0,3.0
201700050252,0017-09-11 15:15:00,17,9,11,15,15,690,381,"15, JEAN MOULIN",45.76522,4.83838,Plein jour,En agglomération,Hors intersection,Normale,Deux véhicules - arrière,,,,,,,,,,,1,2,1,1.0,2.0
201700050253,0017-09-13 07:55:00,17,9,13,7,55,690,142,JEAN JACQUES ROUSSEAU,45.73668,4.81197,Plein jour,En agglomération,Hors intersection,Normale,Deux véhicules - côté,,,,,,,,,,,1,2,1,1.0,3.0
201700050254,0017-09-13 16:25:00,17,9,13,16,25,690,34,MARECHAL FOCH (DU),45.79827,4.85158,Plein jour,En agglomération,Hors intersection,Normale,Autre collision,,,,,,,,,,,1,2,1,1.0,6.0
201700050255,0017-09-14 08:25:00,17,9,14,8,25,690,385,"3, TRION (DE)",45.75784,4.81307,Plein jour,En agglomération,Hors intersection,Normale,Autre collision,,,,,,,,,,,1,2,1,1.0,6.0
201700050256,0017-09-14 08:30:00,17,9,14,8,30,690,286,ROUTE DE STRASBOURG,45.80704,4.88171,Plein jour,En agglomération,Hors intersection,Normale,Autre collision,,,,,,,,,,,1,2,1,1.0,6.0
201700050257,0017-09-14 09:35:00,17,9,14,9,35,690,389,"44, PROFESSEUR GUERIN (D",45.76563,4.80362,Plein jour,En agglomération,Autre intersection,Pluie légère,Deux véhicules - côté,,,,,,,,,,,1,2,9,2.0,3.0
201700050258,0017-09-14 11:00:00,17,9,14,11,0,690,382,"41, DOCTEUR GAILLETON (D",45.75055,4.8319,Plein jour,En agglomération,Intersection en X,Pluie légère,Deux véhicules - côté,,,,,,,,,,,1,2,2,2.0,3.0
201700050259,0017-09-14 17:00:00,17,9,14,17,0,690,381,JEAN MOULIN,45.76813,4.83793,Plein jour,En agglomération,Autre intersection,Normale,Autre collision,,,,,,,,,,,1,2,9,1.0,6.0
201700050260,0017-09-14 17:45:00,17,9,14,17,45,690,382,SMITH,45.74502,4.8244,Plein jour,En agglomération,Hors intersection,Normale,Autre collision,,,,,,,,,,,1,2,1,1.0,6.0
201700050261,0017-09-15 03:20:00,17,9,15,3,20,690,382,"23, DOCTEUR GAILLETON (D",45.75732,4.839,Nuit avec éclairage allumé,En agglomération,Hors intersection,Normale,Autre collision,,,,,,,,,,,5,2,1,1.0,6.0
201700050262,0017-09-12 14:00:00,17,9,12,14,0,690,384,"100, HENON",45.77962,4.82009,Plein jour,En agglomération,Hors intersection,Normale,Autre collision,,,,,,,,,,,1,2,1,1.0,6.0
201700050263,0017-07-20 12:20:00,17,7,20,12,20,690,34,"29, PIERRE DREVET",45.80021,4.87591,Plein jour,En agglomération,Intersection en X,Normale,Deux véhicules - côté,,,,,,,,,,,1,2,2,1.0,3.0
201700050264,0017-09-16 15:00:00,17,9,16,15,0,690,382,"06, CORDELIERS (DES)",45.76639,4.83863,Plein jour,En agglomération,Hors intersection,Normale,Deux véhicules - côté,,,,,,,,,,,1,2,1,1.0,3.0
201700050265,0017-09-18 08:00:00,17,9,18,8,0,690,202,RAZES (DES),45.73706,4.78404,Plein jour,En agglomération,Hors intersection,Temps couvert,Trois véhicules et plus - collisions multiples,,,,,,,,,,,1,2,1,8.0,5.0
201700050266,0017-09-18 22:40:00,17,9,18,22,40,690,202,CROIX DE PIVORT (DE LA),45.7288,4.80608,Nuit avec éclairage allumé,En agglomération,Hors intersection,Normale,Autre collision,,,,,,,,,,,5,2,1,1.0,6.0
201700050267,0017-09-05 19:00:00,17,9,5,19,0,690,202,"47, PROVINCES (DES)",,,Plein jour,En agglomération,Hors intersection,Normale,Deux véhicules - frontale,,,,,,,,,,,1,2,1,1.0,1.0
201700050268,0017-09-15 18:00:00,17,9,15,18,0,690,34,"15, JEAN PETIT",45.80206,4.86227,Plein jour,En agglomération,Hors intersection,Normale,Deux véhicules - côté,,,,,,,,,,,1,2,1,1.0,3.0
201700050269,0017-09-21 14:20:00,17,9,21,14,20,690,385,"106, PIERRE VALDO",45.74987,4.78352,Plein jour,En agglomération,Intersection en X,Normale,Deux véhicules - côté,,,,,,,,,,,1,2,2,1.0,3.0
201700050270,0017-09-21 15:50:00,17,9,21,15,50,690,385,"6 bis, DEBROUSSE",45.7509,4.81462,Plein jour,En agglomération,Intersection en T,Normale,Deux véhicules - côté,,,,,,,,,,,1,2,3,1.0,3.0
201700050271,0017-09-21 22:35:00,17,9,21,22,35,690,381,JEAN MOULIN,45.76712,4.83811,Nuit avec éclairage allumé,En agglomération,Hors intersection,Normale,Autre collision,,,,,,,,,,,5,2,1,1.0,6.0
201700050272,0017-09-18 20:30:00,17,9,18,20,30,690,34,BOUCLE (DE LA),45.77936,4.84118,Nuit avec éclairage allumé,En agglomération,Intersection en X,Normale,Deux véhicules - côté,,,,,,,,,,,5,2,2,1.0,3.0
201700050273,0017-09-22 06:04:00,17,9,22,6,4,690,384,"32, JOSEPH GILLET",45.77566,4.81039,Nuit avec éclairage allumé,En agglomération,Intersection en T,Normale,Deux véhicules - côté,,,,,,,,,,,5,2,3,1.0,3.0
201700050274,0017-09-21 16:00:00,17,9,21,16,0,690,81,VALVERT,45.57,6.6,Plein jour,En agglomération,Hors intersection,Normale,Trois véhicules et plus - en chaîne,,,,,,,,,,,1,2,1,1.0,4.0
201700050275,0017-09-21 16:35:00,17,9,21,16,35,690,389,COMMERCE (DU),45.78,4.81,Plein jour,En agglomération,Intersection en T,Normale,Deux véhicules - côté,,,,,,,,,,,1,2,3,1.0,3.0
201700050276,0017-09-22 15:21:00,17,9,22,15,21,690,385,"4, EPIES (DES)",45.75771,4.82459,Plein jour,En agglomération,Hors intersection,Normale,Sans collision,,,,,,,,,,,1,2,1,1.0,7.0
201700050277,0017-09-23 12:20:00,17,9,23,12,20,690,385,"153, BARTHELEMY BUYER",45.76,4.79,Plein jour,En agglomération,Hors intersection,Normale,Deux véhicules - arrière,,,,,,,,,,,1,2,1,1.0,2.0
201700050278,0017-09-23 17:00:00,17,9,23,17,0,690,389,LAURE DIEBOLD,45.77776,4.80152,Plein jour,En agglomération,Intersection en X,Normale,Deux véhicules - côté,,,,,,,,,,,1,2,2,1.0,3.0
201700050279,0017-09-26 00:02:00,17,9,26,0,2,690,34,NOBERTO GOMES MOREIRA,45.78985,4.86842,Nuit avec éclairage allumé,Hors agglomération,Hors intersection,Pluie légère,Sans collision,,,,,,,,,,,5,1,1,2.0,7.0
201700050280,0017-09-26 08:50:00,17,9,26,8,50,690,385,"58 bis, AQUEDUCS (DES)",45.7602,4.78786,Plein jour,En agglomération,Hors intersection,Normale,Deux véhicules - côté,,,,,,,,,,,1,2,1,1.0,3.0
201700050281,0017-09-26 09:25:00,17,9,26,9,25,690,152,"122, GRAND REVOYET (DU)",45.70444,4.80473,Plein jour,En agglomération,Hors intersection,Normale,Deux véhicules - arrière,,,,,,,,,,,1,2,1,1.0,2.0
201700050282,0017-09-26 12:15:00,17,9,26,12,15,690,286,"129, ROUTE DE GENEVE",45.80842,4.9071,Plein jour,En agglomération,Hors intersection,Normale,Deux véhicules - côté,,,,,,,,,,,1,2,1,1.0,3.0
201700050283,0017-09-23 18:05:00,17,9,23,18,5,690,382,"6bis, BAYARD",45.74443,4.81989,Plein jour,En agglomération,Hors intersection,Normale,Autre collision,,,,,,,,,,,1,2,1,1.0,6.0
201700050284,0017-09-27 17:04:00,17,9,27,17,4,690,34,"11, GENERAL LECLERC",45.80367,4.86132,Plein jour,En agglomération,Hors intersection,Normale,Deux véhicules - arrière,,,,,,,,,,,1,2,1,1.0,2.0
201700050285,0017-09-28 09:00:00,17,9,28,9,0,690,149,FLEURY,45.71,4.8,Plein jour,En agglomération,Intersection en X,Normale,Deux véhicules - côté,,,,,,,,,,,1,2,2,1.0,3.0
201700050286,0017-09-28 15:00:00,17,9,28,15,0,690,286,"54, AMPERE",45.817,4.9007,Plein jour,En agglomération,Hors intersection,Normale,Trois véhicules et plus - en chaîne,,,,,,,,,,,1,2,1,1.0,4.0
201700050287,0017-09-29 10:30:00,17,9,29,10,30,690,384,"110, HENON",45.77962,4.81821,Plein jour,En agglomération,Giratoire,Normale,Deux véhicules - côté,,,,,,,,,,,1,2,6,1.0,3.0
201700050288,0017-09-29 16:45:00,17,9,29,16,45,690,382,"22, DOCTEUR GAILLETON (D",45.75385,4.83431,Plein jour,En agglomération,Hors intersection,Normale,Deux véhicules - côté,,,,,,,,,,,1,2,1,1.0,3.0
201700050289,0017-10-01 05:00:00,17,10,1,5,0,690,202,"133, COMMANDANT CHARCOT",45.74436,4.78377,Nuit avec éclairage allumé,En agglomération,Autre intersection,Normale,Autre collision,,,,,,,,,,,5,2,9,1.0,6.0
201700050290,0017-09-30 13:40:00,17,9,30,13,40,690,34,"103, PASTEUR",45.79466,4.84687,Plein jour,En agglomération,Hors intersection,Pluie forte,Deux véhicules - arrière,,,,,,,,,,,1,2,1,3.0,2.0
201700050291,0017-09-28 19:15:00,17,9,28,19,15,690,384,"12, MAIL (DU)",45.77717,4.8332,Nuit avec éclairage allumé,En agglomération,Intersection en X,Normale,Deux véhicules - côté,,,,,,,,,,,5,2,2,1.0,3.0
201700050292,0017-09-29 08:55:00,17,9,29,8,55,690,385,"145, BARTHELEMY BUYER",45.76362,4.79884,Plein jour,En agglomération,Hors intersection,Normale,Autre collision,,,,,,,,,,,1,2,1,1.0,6.0
201700050293,0017-10-04 08:00:00,17,10,4,8,0,690,34,JEAN PETIT,45.8022,4.86215,Plein jour,En agglomération,Intersection en T,Normale,Deux véhicules - côté,,,,,,,,,,,1,2,3,1.0,3.0
201700050294,0017-10-05 08:55:00,17,10,5,8,55,690,385,"19, BARTHELEMY BUYER",45.75871,4.81108,Plein jour,En agglomération,Hors intersection,Normale,Deux véhicules - côté,,,,,,,,,,,1,2,1,1.0,3.0
201700050295,0017-09-30 10:30:00,17,9,30,10,30,690,382,"17, AUGUSTE COMTE",,,Plein jour,En agglomération,Hors intersection,Normale,Autre collision,,,,,,,,,,,1,2,1,1.0,6.0
201700050296,0017-10-03 12:45:00,17,10,3,12,45,690,34,"2, FRANCOIS PEISSEL",45.79181,4.83779,Plein jour,En agglomération,Hors intersection,Normale,Sans collision,,,,,,,,,,,1,2,1,1.0,7.0
201700050297,0017-10-05 17:30:00,17,10,5,17,30,690,34,MARGNOLLES (DE),46.78934,4.84761,Plein jour,En agglomération,Intersection en X,Normale,Deux véhicules - côté,,,,,,,,,,,1,2,2,1.0,3.0
201700050298,0017-10-05 17:50:00,17,10,5,17,50,690,149,FRANCISQUE JOMARD,45.72032,4.78234,Plein jour,En agglomération,Hors intersection,Normale,Deux véhicules - frontale,,,,,,,,,,,1,2,1,1.0,1.0
201700050299,0017-10-05 22:10:00,17,10,5,22,10,690,381,"2, JEAN MOULIN",45.76775,4.83795,Nuit avec éclairage allumé,En agglomération,Intersection en X,Normale,Deux véhicules - côté,,,,,,,,,,,5,2,2,1.0,3.0
201700050300,0017-10-08 06:00:00,17,10,8,6,0,690,382,"25, JEAN MOULIN",45.76352,4.83834,Nuit avec éclairage allumé,En agglomération,Intersection en T,Pluie légère,Trois véhicules et plus - collisions multiples,,,,,,,,,,,5,2,3,2.0,5.0
201700050301,0017-10-07 12:12:00,17,10,7,12,12,690,34,"2, FRANCOIS PEISSEL",45.79177,4.83775,Plein jour,En agglomération,Intersection en T,Normale,Autre collision,,,,,,,,,,,1,2,3,1.0,6.0
201700050302,0017-10-10 01:35:00,17,10,10,1,35,690,389,JAYR,45.774,4.808,Nuit avec éclairage allumé,En agglomération,Intersection en X,Normale,Deux véhicules - côté,,,,,,,,,,,5,2,2,1.0,3.0
201700050303,0017-10-08 16:25:00,17,10,8,16,25,690,286,EUROPE (DE L'),45.8189,4.90567,Plein jour,En agglomération,Intersection en T,Normale,Deux véhicules - côté,,,,,,,,,,,1,2,3,1.0,3.0
201700050304,0017-10-08 17:50:00,17,10,8,17,50,690,286,"19, DE LATTRE DE TASSIGN",45.81274,4.90494,Plein jour,En agglomération,Autre intersection,Normale,Autre collision,,,,,,,,,,,1,2,9,1.0,6.0
201700050305,0017-10-11 14:30:00,17,10,11,14,30,690,385,"92, DOCTEUR EDMOND LOCAR",45.7599,4.79668,Plein jour,En agglomération,Intersection en X,Normale,Autre collision,,,,,,,,,,,1,2,2,1.0,6.0
201700050306,0017-10-12 00:15:00,17,10,12,0,15,690,142,STEPHANE DECHANT,45.57654,4.74927,Nuit avec éclairage allumé,En agglomération,Hors intersection,Normale,Deux véhicules - côté,,,,,,,,,,,5,2,1,1.0,3.0
201700050307,0017-10-12 07:50:00,17,10,12,7,50,690,34,"36, GENERAL DE GAULLE",45.80466,4.85322,Plein jour,En agglomération,Hors intersection,Normale,Deux véhicules - arrière,,,,,,,,,,,1,2,1,1.0,2.0
201700050308,0017-10-12 07:47:00,17,10,12,7,47,690,389,JAYR,48.7804,4.80904,Plein jour,En agglomération,Intersection en X,Normale,Deux véhicules - côté,,,,,,,,,,,1,2,2,1.0,3.0
201700050309,0017-10-07 20:30:00,17,10,7,20,30,690,81,"66, FRANKLIN ROOSEVELT",45.76648,4.76923,Nuit avec éclairage allumé,En agglomération,Intersection en X,Normale,Deux véhicules - frontale,,,,,,,,,,,5,2,2,1.0,1.0
201700050310,0017-10-13 07:10:00,17,10,13,7,10,690,389,"50, SIDOINE APPOLINAIRE",45.77105,4.79649,Crépuscule ou aube,En agglomération,Hors intersection,Normale,Deux véhicules - côté,,,,,,,,,,,2,2,1,1.0,3.0
201700050311,0017-10-13 08:30:00,17,10,13,8,30,690,385,"6, ROMAIN ROLLAND",45.76413,4.82903,Plein jour,En agglomération,Hors intersection,Normale,Deux véhicules - arrière,,,,,,,,,,,1,2,1,1.0,2.0
201700050312,0017-10-13 18:20:00,17,10,13,18,20,690,382,"38, DOCTEUR GAILLETON (D",45.75061,4.83325,Plein jour,En agglomération,Hors intersection,Normale,Autre collision,,,,,,,,,,,1,2,1,1.0,6.0
201700050313,0017-10-14 04:15:00,17,10,14,4,15,690,34,BELLEVUE (TUNNEL) - (QU,45.78777,4.86025,Nuit avec éclairage allumé,En agglomération,Hors intersection,Normale,Deux véhicules - arrière,,,,,,,,,,,5,2,1,1.0,2.0
201700050314,0017-10-14 12:00:00,17,10,14,12,0,690,389,"50, ST CYR (DE)",45.783,4.80769,Plein jour,En agglomération,Hors intersection,Normale,Autre collision,,,,,,,,,,,1,2,1,1.0,6.0
201700050315,0017-10-16 06:30:00,17,10,16,6,30,690,149,JEAN JAURES,45.71179,4.81995,Nuit avec éclairage allumé,En agglomération,Intersection en T,Normale,Deux véhicules - frontale,,,,,,,,,,,5,2,3,1.0,1.0
201700050316,0017-10-16 08:30:00,17,10,16,8,30,690,149,FRANCISQUE JOMARD,45.7169,4.79513,Plein jour,En agglomération,Intersection en X,Normale,Deux véhicules - côté,,,,,,,,,,,1,2,2,1.0,3.0
201700050317,0017-10-18 10:00:00,17,10,18,10,0,690,202,"2, MARECHAL FOCH (DU)",45.74943,4.7958,Plein jour,En agglomération,Hors intersection,Normale,Deux véhicules - arrière,,,,,,,,,,,1,2,1,1.0,2.0
201700050318,0017-10-13 13:08:00,17,10,13,13,8,690,384,"69, EUGENE PONS",45.78004,4.83985,Plein jour,En agglomération,Hors intersection,Normale,Sans collision,,,,,,,,,,,1,2,1,1.0,7.0
201700050319,0017-10-18 17:50:00,17,10,18,17,50,690,34,"6, MARC SANGNIER",45.79808,4.84872,Plein jour,En agglomération,Hors intersection,Normale,Autre collision,,,,,,,,,,,1,2,1,1.0,6.0
201700050320,0017-10-18 22:48:00,17,10,18,22,48,690,382,"3, VERDUN GENSOUL",45.75086,4.82453,Nuit avec éclairage allumé,En agglomération,Hors intersection,Normale,Trois véhicules et plus - en chaîne,,,,,,,,,,,5,2,1,1.0,4.0
201700050321,0017-10-19 07:15:00,17,10,19,7,15,690,385,"24, COMMANDANT CHARCOT (",45.75542,4.80871,Nuit avec éclairage allumé,En agglomération,Intersection en X,Normale,Deux véhicules - frontale,,,,,,,,,,,5,2,2,1.0,1.0
201700050322,0017-10-19 17:30:00,17,10,19,17,30,690,81,FRANKLIN ROOSEVELT,45.76631,4.76933,Plein jour,En agglomération,Intersection en Y,Normale,Deux véhicules - côté,,,,,,,,,,,1,2,4,1.0,3.0
201700050323,0017-10-19 12:50:00,17,10,19,12,50,690,149,"95, GRANDE RUE",45.7153,4.8084,Plein jour,En agglomération,Hors intersection,Normale,Deux véhicules - côté,,,,,,,,,,,1,2,1,1.0,3.0
201700050324,0017-10-21 05:20:00,17,10,21,5,20,690,384,"26, HERBOUVILLE (D')",45.77726,4.83998,Nuit avec éclairage allumé,En agglomération,Hors intersection,Normale,Autre collision,,,,,,,,,,,5,2,1,1.0,6.0
201700050325,0017-10-21 09:45:00,17,10,21,9,45,690,389,"59, SERGENT MICHEL BERTH",45.76588,4.80542,Plein jour,En agglomération,Intersection en T,Normale,Autre collision,,,,,,,,,,,1,2,3,1.0,6.0
201700050326,0017-10-20 20:20:00,17,10,20,20,20,690,384,ARTAUD,45.78118,4.8354,Nuit avec éclairage allumé,En agglomération,Intersection en T,Normale,Deux véhicules - côté,,,,,,,,,,,5,2,3,1.0,3.0
201700050327,0017-10-22 13:55:00,17,10,22,13,55,690,385,"22, LAINERIE",45.764,4.828,Plein jour,En agglomération,Hors intersection,Temps couvert,Autre collision,,,,,,,,,,,1,2,1,8.0,6.0
201700050328,0017-10-22 16:00:00,17,10,22,16,0,690,381,"08, FANTASQUES (DES)",45.77346,4.83655,Plein jour,En agglomération,Hors intersection,Normale,Autre collision,,,,,,,,,,,1,2,1,1.0,6.0
201700050329,0017-10-22 14:00:00,17,10,22,14,0,690,389,"207, 25EME REGIMENT DE T",45.79092,4.80193,Plein jour,En agglomération,Hors intersection,Pluie légère,Autre collision,,,,,,,,,,,1,2,1,2.0,6.0
201700050330,0017-10-20 14:25:00,17,10,20,14,25,690,382,"13bis, JEAN MOULIN",45.76443,4.83822,Plein jour,En agglomération,Hors intersection,Normale,Trois véhicules et plus - en chaîne,,,,,,,,,,,1,2,1,1.0,4.0
201700050331,0017-10-22 19:13:00,17,10,22,19,13,690,389,"6 BIS, JOANNES CARRET",45.7856,4.8093,Nuit avec éclairage allumé,En agglomération,Intersection en T,Normale,Sans collision,,,,,,,,,,,5,2,3,1.0,7.0
201700050332,0017-10-23 18:55:00,17,10,23,18,55,690,381,"11, JEAN MOULIN",45.76616,4.83808,Nuit avec éclairage allumé,En agglomération,Intersection en T,Normale,Deux véhicules - côté,,,,,,,,,,,5,2,3,1.0,3.0
201700050333,0017-10-23 13:00:00,17,10,23,13,0,690,385,"28, FULCHIRON",45.75672,4.82238,Plein jour,En agglomération,Hors intersection,Normale,Deux véhicules - côté,,,,,,,,,,,1,2,1,1.0,3.0
201700050334,0017-10-20 18:30:00,17,10,20,18,30,690,389,"4, PAUL SEDAILLIAN",45.79744,4.82937,Plein jour,En agglomération,Hors intersection,Normale,Trois véhicules et plus - en chaîne,,,,,,,,,,,1,2,1,1.0,4.0
201700050335,0017-10-25 18:45:00,17,10,25,18,45,690,381,"115, CROIX ROUSSE (DE LA",45.77405,4.82659,Nuit avec éclairage allumé,En agglomération,Hors intersection,Normale,Deux véhicules - côté,,,,,,,,,,,5,2,1,1.0,3.0
201700050336,0017-10-26 07:10:00,17,10,26,7,10,690,81,"124, MARIETTON",45.77347,4.79249,Nuit avec éclairage allumé,En agglomération,Intersection en T,Normale,Deux véhicules - côté,,,,,,,,,,,5,2,3,1.0,3.0
201700050337,0017-10-26 18:00:00,17,10,26,18,0,690,385,"86, COMMANDANT CHARCOT (",45.75069,4.79982,Plein jour,En agglomération,Hors intersection,Normale,Autre collision,,,,,,,,,,,1,2,1,1.0,6.0
201700050338,0017-10-26 20:00:00,17,10,26,20,0,690,382,"178, CHARLEMAGNE",45.73524,4.81732,Nuit avec éclairage allumé,En agglomération,Hors intersection,Normale,Deux véhicules - arrière,,,,,,,,,,,5,2,1,1.0,2.0
201700050339,0017-10-25 07:55:00,17,10,25,7,55,690,34,STRASBOURG (DE),45.79462,4.87316,Plein jour,En agglomération,Hors intersection,Temps couvert,Trois véhicules et plus - en chaîne,,,,,,,,,,,1,2,1,8.0,4.0
201700050340,0017-10-27 17:43:00,17,10,27,17,43,690,34,SOEUR VIALLY (DE LA),45.78665,4.84509,Plein jour,En agglomération,Hors intersection,Pluie légère,Sans collision,,,,,,,,,,,1,2,1,2.0,7.0
201700050341,0017-10-25 19:54:00,17,10,25,19,54,690,381,ANDRE LASSAGNE,45.77257,4.83834,Nuit avec éclairage allumé,En agglomération,Hors intersection,Normale,Trois véhicules et plus - en chaîne,,,,,,,,,,,5,2,1,1.0,4.0
201700050342,0017-10-28 19:05:00,17,10,28,19,5,690,152,"29, ROGER SALENGRO",45.706,4.8215,Nuit avec éclairage allumé,En agglomération,Hors intersection,Normale,Autre collision,,,,,,,,,,,5,2,1,1.0,6.0
201700050343,0017-10-22 09:56:00,17,10,22,9,56,690,389,"3bis, VAISE (GRANDE RUE",45.775,4.805,Plein jour,En agglomération,Place,Normale,Autre collision,,,,,,,,,,,1,2,7,1.0,6.0
201700050344,0017-10-31 18:45:00,17,10,31,18,45,690,382,DOCTEUR GAILLETON (DU),45.74877,4.83064,Nuit avec éclairage allumé,En agglomération,Hors intersection,Normale,Deux véhicules - arrière,,,,,,,,,,,5,2,1,1.0,2.0
201700050345,0017-10-30 11:20:00,17,10,30,11,20,690,202,"78, MONTRAY (DE)",45.73145,4.79406,Plein jour,En agglomération,Autre intersection,Normale,Deux véhicules - côté,,,,,,,,,,,1,2,9,1.0,3.0
201700050346,0017-11-02 08:55:00,17,11,2,8,55,690,389,"53, ST CYR (DE)",45.7832,4.80765,Plein jour,En agglomération,Intersection en T,Normale,Autre collision,,,,,,,,,,,1,2,3,1.0,6.0
201700050347,0017-11-01 03:55:00,17,11,1,3,55,690,286,"46, EUROPE (DE L')",45.81509,4.89636,Nuit avec éclairage allumé,En agglomération,Intersection en T,Normale,Deux véhicules - côté,,,,,,,,,,,5,2,3,1.0,3.0
201700050348,0017-10-31 19:20:00,17,10,31,19,20,690,382,"1, JULES COURMONT",45.76347,4.83852,Nuit avec éclairage allumé,En agglomération,Intersection en X,Normale,Deux véhicules - côté,,,,,,,,,,,5,2,2,1.0,3.0
201700050349,0017-11-03 15:51:00,17,11,3,15,51,690,382,JULES COURMONT,45.76025,4.83648,Plein jour,En agglomération,Hors intersection,Normale,Deux véhicules - arrière,,,,,,,,,,,1,2,1,1.0,2.0
201700050350,0017-11-04 23:05:00,17,11,4,23,5,690,382,RAMBAUD,45.7477,4.81869,Nuit avec éclairage allumé,En agglomération,Intersection en T,Pluie forte,Autre collision,,,,,,,,,,,5,2,3,3.0,6.0
201700050351,0017-11-05 19:10:00,17,11,5,19,10,690,382,"29, ENGHIEN (D')",45.75088,4.85563,Nuit avec éclairage allumé,En agglomération,Hors intersection,Pluie légère,Autre collision,,,,,,,,,,,5,2,1,2.0,6.0
201700050352,0017-10-05 16:30:00,17,10,5,16,30,690,382,JULES COURMONT,45.76022,4.83763,Plein jour,En agglomération,Hors intersection,Normale,Deux véhicules - côté,,,,,,,,,,,1,2,1,1.0,3.0
201700050353,0017-11-06 12:15:00,17,11,6,12,15,690,382,"3, COLONEL CHAMBONNET",45.75,4.83,Plein jour,En agglomération,Hors intersection,Normale,Autre collision,,,,,,,,,,,1,2,1,1.0,6.0
201700050354,0017-09-27 20:20:00,17,9,27,20,20,690,34,RAYMOND POINCARE,45.78809,4.86047,Nuit avec éclairage allumé,En agglomération,Hors intersection,Normale,Deux véhicules - côté,,,,,,,,,,,5,2,1,1.0,3.0
201700050355,0017-11-08 07:15:00,17,11,8,7,15,690,389,SIDOINE APPOLINAIRE,45.765,4.80118,Plein jour,En agglomération,Intersection en T,Normale,Autre collision,,,,,,,,,,,1,2,3,1.0,6.0
201700050356,0017-11-07 20:15:00,17,11,7,20,15,690,149,EUROPE (DE L'),45.71203,4.80726,Nuit avec éclairage allumé,En agglomération,Hors intersection,Pluie légère,Sans collision,,,,,,,,,,,5,2,1,2.0,7.0
201700050357,0017-11-08 13:20:00,17,11,8,13,20,690,286,"113, ROUTE DE GENEVE",45.80862,4.90458,Plein jour,En agglomération,Intersection en X,Normale,Deux véhicules - côté,,,,,,,,,,,1,2,2,1.0,3.0
201700050358,0017-11-08 13:45:00,17,11,8,13,45,690,202,"54, VALIOUD",45.74339,4.80742,Plein jour,En agglomération,Hors intersection,Normale,Autre collision,,,,,,,,,,,1,2,1,1.0,6.0
201700050359,0017-11-09 10:30:00,17,11,9,10,30,690,34,"10, PIERRE TERRASSE",45.79902,4.848,Plein jour,En agglomération,Hors intersection,Normale,Autre collision,,,,,,,,,,,1,2,1,1.0,6.0
201700050360,0017-11-09 18:15:00,17,11,9,18,15,690,389,SERGENT MICHEL BERTHET (,45.77225,4.8054,Nuit avec éclairage allumé,En agglomération,Intersection en X,Normale,Deux véhicules - côté,,,,,,,,,,,5,2,2,1.0,3.0
201700050361,0017-10-29 22:00:00,17,10,29,22,0,690,149,"117, GRANDE RUE",45.71463,4.80728,Nuit avec éclairage allumé,En agglomération,Hors intersection,Pluie légère,Sans collision,,,,,,,,,,,5,2,1,2.0,7.0
201700050362,0017-11-11 13:35:00,17,11,11,13,35,690,34,"114, GEORGES CLEMENCEAU",45.81196,4.8465,Plein jour,En agglomération,Intersection en T,Temps couvert,Deux véhicules - côté,,,,,,,,,,,1,2,3,8.0,3.0
201700050363,0017-11-11 18:00:00,17,11,11,18,0,690,385,"45-49, CHOULANS (DE)",45.75253,4.81919,Nuit avec éclairage allumé,En agglomération,Hors intersection,Pluie légère,Sans collision,,,,,,,,,,,5,2,1,2.0,7.0