accident_id,datetime,annee,mois,jour,heure,minute,departement,commune_insee,adresse,latitude,longitude,luminosite,agglomeration,intersection,meteo,collision,nb_vehicules,nb_usagers,nb_indemnes,nb_tues,nb_blesses_hosp,nb_blesses_legers,age_cond_1,age_cond_2,veh_type_cond_1,veh_type_cond_2,lum_code,agg_code,int_code,atm_code,col_code
201700050364,0017-11-11 16:00:00,17,11,11,16,0,690,382,BAYARD,45.74325,4.82276,Plein jour,En agglomération,Intersection en X,Pluie légère,Deux véhicules - côté,,,,,,,,,,,1,2,2,2.0,3.0
201700050365,0017-10-24 21:45:00,17,10,24,21,45,690,286,GENERAL DE GAULLE,45.81703,4.89137,Nuit avec éclairage allumé,En agglomération,Giratoire,Normale,Deux véhicules - arrière,,,,,,,,,,,5,2,6,1.0,2.0
201700050366,0017-11-14 18:30:00,17,11,14,18,30,690,384,HERBOUVILLE (D'),45.77504,4.83885,Nuit avec éclairage allumé,En agglomération,Hors intersection,Normale,Autre collision,,,,,,,,,,,5,2,1,1.0,6.0
201700050367,0017-11-14 22:55:00,17,11,14,22,55,690,81,"12, SAUVEGARDE (DE LA)",45.77573,4.7861,Nuit avec éclairage allumé,En agglomération,Hors intersection,Normale,Trois véhicules et plus - collisions multiples,,,,,,,,,,,5,2,1,1.0,5.0
201700050368,0017-11-16 17:51:00,17,11,16,17,51,690,381,"24, CARMELITES (DES)",45.77089,4.82854,Nuit avec éclairage allumé,En agglomération,Hors intersection,Normale,Trois véhicules et plus - collisions multiples,,,,,,,,,,,5,2,1,1.0,5.0
201700050369,0017-11-16 05:00:00,17,11,16,5,0,690,389,"12, COMMERCE (DU)",45.78334,4.81134,Nuit avec éclairage allumé,En agglomération,Hors intersection,Normale,Deux véhicules - frontale,,,,,,,,,,,5,2,1,1.0,1.0
201700050370,0017-11-16 10:15:00,17,11,16,10,15,690,152,"126, EUROPE (DE L')",45.69,4.82,Plein jour,En agglomération,Hors intersection,Temps couvert,Autre collision,,,,,,,,,,,1,2,1,8.0,6.0
201700050371,0017-11-15 14:20:00,17,11,15,14,20,690,382,"08, GRENETTE",45.7633,4.83333,Plein jour,En agglomération,Hors intersection,Normale,Autre collision,,,,,,,,,,,1,2,1,1.0,6.0
201700050372,0017-11-18 10:45:00,17,11,18,10,45,690,81,CHAMPAGNE (DE),45.78229,4.78,Plein jour,En agglomération,Hors intersection,Normale,Autre collision,,,,,,,,,,,1,2,1,1.0,6.0
201700050373,0017-11-13 14:15:00,17,11,13,14,15,690,382,"37, PLAT (DU)",45.75579,4.8275,Plein jour,En agglomération,Intersection en T,Pluie légère,Deux véhicules - côté,,,,,,,,,,,1,2,3,2.0,3.0
201700050374,0017-11-18 22:32:00,17,11,18,22,32,690,389,"6, JOANNES CARRET",45.78592,4.80827,Nuit avec éclairage allumé,En agglomération,Intersection en T,Normale,Deux véhicules - côté,,,,,,,,,,,5,2,3,1.0,3.0
201700050375,0017-11-18 18:50:00,17,11,18,18,50,690,286,MARYSE BASTIE,45.827,4.917,Nuit sans éclairage public,Hors agglomération,Hors intersection,Normale,Deux véhicules - côté,,,,,,,,,,,3,1,1,1.0,3.0
201700050376,0017-11-19 19:05:00,17,11,19,19,5,690,149,"8, EMILE ZOLA",45.7191,4.80505,Nuit avec éclairage allumé,En agglomération,Intersection en T,Normale,Sans collision,,,,,,,,,,,5,2,3,1.0,7.0
201700050377,0017-11-21 07:40:00,17,11,21,7,40,690,202,FONDS (DES),45.74131,4.78775,Plein jour,En agglomération,Hors intersection,Brouillard / fumée,Trois véhicules et plus - collisions multiples,,,,,,,,,,,1,2,1,5.0,5.0
201700050378,0017-11-21 15:00:00,17,11,21,15,0,690,34,"58, JULES FERRY",45.7857,4.83332,Plein jour,En agglomération,Hors intersection,Normale,Autre collision,,,,,,,,,,,1,2,1,1.0,6.0
201700050379,0017-11-22 07:00:00,17,11,22,7,0,690,389,"26, SERGENT MICHEL BERTH",45.77151,4.80534,Nuit sans éclairage public,En agglomération,Hors intersection,Normale,Autre collision,,,,,,,,,,,3,2,1,1.0,6.0
201700050380,0017-11-22 09:30:00,17,11,22,9,30,690,385,"4 Bis, CARDINAL GERLIER",45.75859,4.81451,Plein jour,En agglomération,Hors intersection,Autre,Autre collision,,,,,,,,,,,1,2,1,9.0,6.0
201700050381,0017-11-19 20:20:00,17,11,19,20,20,690,381,"26, CARMELITES (DES)",45.77081,4.82862,Nuit avec éclairage allumé,En agglomération,Hors intersection,Normale,Deux véhicules - côté,,,,,,,,,,,5,2,1,1.0,3.0
201700050382,0017-11-19 08:25:00,17,11,19,8,25,690,34,BELLEVUE,45.58886,4.66601,Plein jour,En agglomération,Hors intersection,Normale,Autre collision,,,,,,,,,,,1,2,1,1.0,6.0
201700050383,0017-11-24 17:55:00,17,11,24,17,55,690,34,"58, COSTE",45.78543,4.83389,Nuit avec éclairage allumé,En agglomération,Hors intersection,Pluie légère,Autre collision,,,,,,,,,,,5,2,1,2.0,6.0
201700050384,0017-11-26 05:30:00,17,11,26,5,30,690,384,"15, BELFORT (DE)",45.77704,4.83473,Nuit avec éclairage allumé,En agglomération,Intersection en X,Normale,Deux véhicules - côté,,,,,,,,,,,5,2,2,1.0,3.0
201700050385,0017-11-26 14:07:00,17,11,26,14,7,690,382,"1, BARRE (DE LA)",45.7579,4.83444,Plein jour,En agglomération,Hors intersection,Normale,Deux véhicules - arrière,,,,,,,,,,,1,2,1,1.0,2.0
201700050386,0017-11-27 15:00:00,17,11,27,15,0,690,34,"37, STRASBOURG (DE)",45.79184,4.87164,Plein jour,En agglomération,Hors intersection,Normale,Autre collision,,,,,,,,,,,1,2,1,1.0,6.0
201700050387,0017-11-27 18:45:00,17,11,27,18,45,690,34,"43, ARISTIDE BRIAND",45.78512,4.85085,Nuit avec éclairage allumé,En agglomération,Hors intersection,Normale,Deux véhicules - côté,,,,,,,,,,,5,2,1,1.0,3.0
201700050388,0017-11-28 16:10:00,17,11,28,16,10,690,34,"20, GEORGES CLEMENCEAU",45.79217,4.82425,Crépuscule ou aube,En agglomération,Intersection en T,Pluie légère,Deux véhicules - côté,,,,,,,,,,,2,2,3,2.0,3.0
201700050389,0017-11-28 17:25:00,17,11,28,17,25,690,389,"220, BARTHELEMY BUYER",45.76413,4.78905,Nuit avec éclairage allumé,En agglomération,Hors intersection,Pluie légère,Autre collision,,,,,,,,,,,5,2,1,2.0,6.0
201700050390,0017-11-28 20:00:00,17,11,28,20,0,690,34,"1, LOUIS DUFOUR",45.79839,4.85134,Nuit avec éclairage allumé,En agglomération,Hors intersection,Pluie légère,Autre collision,,,,,,,,,,,5,2,1,2.0,6.0
201700050391,0017-11-29 16:00:00,17,11,29,16,0,690,34,"28, MARGNOLLES (DE)",45.78484,4.8368,Plein jour,En agglomération,Hors intersection,Normale,Sans collision,,,,,,,,,,,1,2,1,1.0,7.0
201700050392,0017-11-30 18:45:00,17,11,30,18,45,690,286,"440, PIERRE MENDES FRANC",45.81891,4.8859,Nuit avec éclairage allumé,En agglomération,Hors intersection,Temps couvert,Autre collision,,,,,,,,,,,5,2,1,8.0,6.0
201700050393,0017-12-01 09:55:00,17,12,1,9,55,690,286,"2008, ROUTE DE STRASBOUR",45.81451,4.88983,Plein jour,En agglomération,Hors intersection,Normale,Deux véhicules - frontale,,,,,,,,,,,1,2,1,1.0,1.0
201700050394,0017-12-01 15:35:00,17,12,1,15,35,690,202,VALIOUD,45.7366,4.80499,Plein jour,En agglomération,Hors intersection,Temps couvert,Trois véhicules et plus - collisions multiples,,,,,,,,,,,1,2,1,8.0,5.0
201700050395,0017-12-02 10:38:00,17,12,2,10,38,690,81,PRIEURE (DU),45.77417,4.77545,Plein jour,En agglomération,Hors intersection,Normale,Autre collision,,,,,,,,,,,1,2,1,1.0,6.0
201700050396,0017-12-04 09:55:00,17,12,4,9,55,690,385,"1, PEPINIERES (DES)",45.76692,4.80455,Plein jour,En agglomération,Hors intersection,Temps couvert,Autre collision,,,,,,,,,,,1,2,1,8.0,6.0
201700050397,0017-12-05 06:45:00,17,12,5,6,45,690,385,"22, CHOULANS (DE)",45.75284,4.82048,Nuit avec éclairage allumé,En agglomération,Hors intersection,Normale,Deux véhicules - frontale,,,,,,,,,,,5,2,1,1.0,1.0
201700050398,0017-12-08 10:10:00,17,12,8,10,10,690,34,"34, PASTEUR",45.78823,4.8398,Plein jour,En agglomération,Hors intersection,Pluie légère,Autre collision,,,,,,,,,,,1,2,1,2.0,6.0
201700050399,0017-12-08 17:50:00,17,12,8,17,50,690,382,GALLIENI,45.74867,4.83099,Nuit avec éclairage allumé,En agglomération,Hors intersection,Temps couvert,Deux véhicules - arrière,,,,,,,,,,,5,2,1,8.0,2.0
201700050400,0017-12-07 19:45:00,17,12,7,19,45,690,34,"25, LOUIS DUFOUR",45.80188,4.85124,Nuit avec éclairage allumé,En agglomération,Hors intersection,Normale,Autre collision,,,,,,,,,,,5,2,1,1.0,6.0
201700050401,0017-12-11 12:00:00,17,12,11,12,0,690,382,"1, JULES COURMONT",45.76297,4.83795,Plein jour,En agglomération,Hors intersection,Pluie légère,Trois véhicules et plus - en chaîne,,,,,,,,,,,1,2,1,2.0,4.0
201700050402,0017-12-12 09:50:00,17,12,12,9,50,690,389,"82, MARIETTON",45.77619,4.79865,Plein jour,En agglomération,Hors intersection,Pluie légère,Trois véhicules et plus - collisions multiples,,,,,,,,,,,1,2,1,2.0,5.0
201700050403,0017-12-12 18:40:00,17,12,12,18,40,690,202,"10, LIMBURG (DE)",45.73402,4.77964,Nuit avec éclairage allumé,En agglomération,Place,Normale,Autre collision,,,,,,,,,,,5,2,7,1.0,6.0
201700050404,0017-12-12 17:40:00,17,12,12,17,40,690,382,PERRACHE,45.73557,4.81979,Nuit avec éclairage non allumé,Hors agglomération,Intersection en Y,Normale,Deux véhicules - arrière,,,,,,,,,,,4,1,4,1.0,2.0
201700050405,0017-12-13 18:30:00,17,12,13,18,30,690,202,GENERAL DE GAULLE (DU),45.74164,4.79968,Nuit avec éclairage allumé,En agglomération,Intersection en X,Pluie forte,Autre collision,,,,,,,,,,,5,2,2,3.0,6.0
201700050406,0017-12-13 21:00:00,17,12,13,21,0,690,385,"4, ETROITS (DES)",45.75162,4.82159,Nuit avec éclairage allumé,En agglomération,Intersection en X,Temps couvert,Deux véhicules - côté,,,,,,,,,,,5,2,2,8.0,3.0
201700050407,0017-12-11 19:40:00,17,12,11,19,40,690,381,REPUBLIQUE (DE LA),45.7667,4.834,Nuit avec éclairage allumé,En agglomération,Autre intersection,Normale,Autre collision,,,,,,,,,,,5,2,9,1.0,6.0
201700050408,0017-12-16 18:00:00,17,12,16,18,0,690,286,JULES MICHELET,45.81444,4.89138,Nuit avec éclairage allumé,En agglomération,Autre intersection,Neige / grêle,Deux véhicules - côté,,,,,,,,,,,5,2,9,4.0,3.0
201700050409,0017-12-15 21:00:00,17,12,15,21,0,690,389,"6, JOANNES CARRET",45.78578,4.80929,Nuit avec éclairage allumé,En agglomération,Intersection en T,Normale,Deux véhicules - côté,,,,,,,,,,,5,2,3,1.0,3.0
201700050410,0017-12-16 20:15:00,17,12,16,20,15,690,381,"4, BURDEAU",45.77075,4.83308,Nuit avec éclairage allumé,En agglomération,Hors intersection,Normale,Autre collision,,,,,,,,,,,5,2,1,1.0,6.0
201700050411,0017-12-17 18:10:00,17,12,17,18,10,690,384,DUMONT D'URVILLE,45.77843,4.83613,Nuit sans éclairage public,En agglomération,Intersection en X,Temps couvert,Deux véhicules - côté,,,,,,,,,,,3,2,2,8.0,3.0
201700050412,0017-12-18 23:00:00,17,12,18,23,0,690,286,"10, EUROPE (DE L')",45.81267,4.89155,Nuit avec éclairage allumé,En agglomération,Hors intersection,Normale,Autre collision,,,,,,,,,,,5,2,1,1.0,6.0
201700050413,0017-12-20 19:30:00,17,12,20,19,30,690,81,FRANKLIN ROOSEVELT,45.76635,4.76934,Nuit avec éclairage allumé,En agglomération,Intersection en X,Pluie légère,Deux véhicules - côté,,,,,,,,,,,5,2,2,2.0,3.0
201700050414,0017-12-20 20:50:00,17,12,20,20,50,690,382,PERRACHE,45.74694,4.82878,Nuit avec éclairage allumé,En agglomération,Hors intersection,Pluie légère,Deux véhicules - arrière,,,,,,,,,,,5,2,1,2.0,2.0
201700050415,0017-12-21 17:20:00,17,12,21,17,20,690,202,"95, AQUEDUC DE BEAUNANT",45.72379,4.78338,Nuit avec éclairage allumé,En agglomération,Hors intersection,Pluie légère,Autre collision,,,,,,,,,,,5,2,1,2.0,6.0
201700050416,0017-12-22 06:15:00,17,12,22,6,15,690,34,"13, PIERRE TERRASSE",45.7982,4.85076,Nuit avec éclairage allumé,En agglomération,Hors intersection,Pluie légère,Sans collision,,,,,,,,,,,5,2,1,2.0,7.0
201700050417,0017-12-21 20:20:00,17,12,21,20,20,690,389,24 MARS 1852,45.77991,4.80482,Nuit avec éclairage allumé,En agglomération,Hors intersection,Pluie légère,Sans collision,,,,,,,,,,,5,2,1,2.0,7.0
201700050418,0017-12-22 15:05:00,17,12,22,15,5,690,202,AQUEDUC DE BEAUNANT (DE,45.72447,4.78199,Plein jour,En agglomération,Intersection en T,Normale,Deux véhicules - côté,,,,,,,,,,,1,2,3,1.0,3.0
201700050419,0017-12-23 00:10:00,17,12,23,0,10,690,382,JEAN MOULIN,45.76502,4.83812,Nuit avec éclairage allumé,En agglomération,Hors intersection,Normale,Deux véhicules - côté,,,,,,,,,,,5,2,1,1.0,3.0
201700050420,0017-12-22 11:06:00,17,12,22,11,6,690,149,"45 - 47, JEAN JAURES",45.71473,4.81931,Plein jour,En agglomération,Hors intersection,Normale,Deux véhicules - côté,,,,,,,,,,,1,2,1,1.0,3.0
201700050421,0017-12-23 18:45:00,17,12,23,18,45,690,385,"13, TRION (DE)",45.7561,4.81772,Nuit avec éclairage allumé,En agglomération,Hors intersection,Normale,Deux véhicules - arrière,,,,,,,,,,,5,2,1,1.0,2.0
201700050422,0017-12-10 16:50:00,17,12,10,16,50,690,382,"6, JULES COURMONT",45.76184,4.83788,Crépuscule ou aube,En agglomération,Hors intersection,Pluie légère,Deux véhicules - côté,,,,,,,,,,,2,2,1,2.0,3.0
201700050423,0017-12-25 19:15:00,17,12,25,19,15,690,389,"100, BARTHELEMY BUYER",47.7623,4.80264,Nuit avec éclairage allumé,En agglomération,Hors intersection,Normale,Deux véhicules - côté,,,,,,,,,,,5,2,1,1.0,3.0
201700050424,0017-12-27 00:40:00,17,12,27,0,40,690,149,"2, AUGUSTE BLANQUI",45.71213,4.80872,Nuit avec éclairage allumé,En agglomération,Intersection en X,Normale,Autre collision,,,,,,,,,,,5,2,2,1.0,6.0
201700050425,0017-12-24 16:50:00,17,12,24,16,50,690,34,"47, FORTS (DES)",45.7927,4.83488,Crépuscule ou aube,En agglomération,Hors intersection,Normale,Sans collision,,,,,,,,,,,2,2,1,1.0,7.0
201700050426,0017-12-28 16:33:00,17,12,28,16,33,690,152,BARRAGE,45.69544,4.83213,Plein jour,Hors agglomération,Hors intersection,Pluie légère,Deux véhicules - frontale,,,,,,,,,,,1,1,1,2.0,1.0
201700050427,0017-12-29 04:42:00,17,12,29,4,42,690,389,"240, PLATEAU (DU)",45.75,4.85,Nuit avec éclairage allumé,En agglomération,Intersection en T,Neige / grêle,Autre collision,,,,,,,,,,,5,2,3,4.0,6.0
201700050428,0017-12-30 20:31:00,17,12,30,20,31,690,382,JULES COURMONT,45.75,4.83,Nuit avec éclairage allumé,En agglomération,Intersection en Y,Pluie légère,Deux véhicules - arrière,,,,,,,,,,,5,2,4,2.0,2.0
201700050429,0017-12-31 13:40:00,17,12,31,13,40,690,152,BARRAGE,45.69479,4.83663,Plein jour,En agglomération,Hors intersection,Normale,Sans collision,,,,,,,,,,,1,2,1,1.0,7.0
201700050430,0017-01-11 12:35:00,17,1,11,12,35,620,771,AUTOROUTE A21,,,Plein jour,Hors agglomération,Hors intersection,Normale,Deux véhicules - arrière,,,,,,,,,,,1,1,1,1.0,2.0
201700050431,0017-12-31 15:15:00,17,12,31,15,15,590,350,ROUTE NATIONALE 356,50.63306,3.08235,Plein jour,Hors agglomération,Hors intersection,Pluie forte,Sans collision,,,,,,,,,,,1,1,1,3.0,7.0
201700050432,0017-01-11 13:00:00,17,1,11,13,0,620,907,AUTOROUTE A1,,,Plein jour,Hors agglomération,Hors intersection,Normale,Trois véhicules et plus - en chaîne,,,,,,,,,,,1,1,1,1.0,4.0
201700050433,0017-01-11 13:30:00,17,1,11,13,30,590,429,AUTOROUTE A2,50.28707,3.35424,Plein jour,Hors agglomération,Hors intersection,Temps couvert,Trois véhicules et plus - en chaîne,,,,,,,,,,,1,1,1,8.0,4.0
201700050434,0017-01-11 15:45:00,17,1,11,15,45,620,628,AUTOROUTE A21,,,Plein jour,Hors agglomération,Hors intersection,Normale,Trois véhicules et plus - en chaîne,,,,,,,,,,,1,1,1,1.0,4.0
201700050435,0017-01-17 19:30:00,17,1,17,19,30,590,431,AUTOROUTE A25,50.68483,2.838,Nuit sans éclairage public,Hors agglomération,Hors intersection,Normale,Deux véhicules - côté,,,,,,,,,,,3,1,1,1.0,3.0
201700050436,0017-01-18 10:00:00,17,1,18,10,0,590,143,AUTOROUTE A25,50.65232,2.91723,Plein jour,Hors agglomération,Hors intersection,Vent fort / tempête,Sans collision,,,,,,,,,,,1,1,1,6.0,7.0
201700050437,0017-01-21 01:30:00,17,1,21,1,30,590,447,AUTOROUTE A2,50.36634,3.59578,Nuit sans éclairage public,Hors agglomération,Hors intersection,Normale,Trois véhicules et plus - en chaîne,,,,,,,,,,,3,1,1,1.0,4.0
201700050438,0017-01-21 07:50:00,17,1,21,7,50,620,193,AUTOROUTE A16,,,Nuit sans éclairage public,Hors agglomération,Hors intersection,Normale,Autre collision,,,,,,,,,,,3,1,1,1.0,6.0
201700050439,0017-01-22 17:45:00,17,1,22,17,45,590,560,AUTOROUTE A1,50.54723,3.05721,Crépuscule ou aube,Hors agglomération,Autre intersection,Normale,Autre collision,,,,,,,,,,,2,1,9,1.0,6.0
201700050440,0017-01-25 13:30:00,17,1,25,13,30,590,360,AUTOROUTE A25,50.6216,3.02038,Plein jour,Hors agglomération,Hors intersection,Normale,Trois véhicules et plus - en chaîne,,,,,,,,,,,1,1,1,1.0,4.0
201700050441,0017-01-24 16:30:00,17,1,24,16,30,590,429,AUTOROUTE A2,50.29079,3.35915,Plein jour,Hors agglomération,Hors intersection,Normale,Deux véhicules - arrière,,,,,,,,,,,1,1,1,1.0,2.0
201700050442,0017-01-26 19:15:00,17,1,26,19,15,590,220,AUTOROUTE A1,50.58139,3.08885,Nuit sans éclairage public,Hors agglomération,Hors intersection,Normale,Deux véhicules - arrière,,,,,,,,,,,3,1,1,1.0,2.0
201700050443,0017-01-30 14:00:00,17,1,30,14,0,590,665,AUTOROUTE A25,50.91819,2.47856,Plein jour,Hors agglomération,Hors intersection,Normale,Deux véhicules - frontale,,,,,,,,,,,1,1,1,1.0,1.0
201700050444,0017-01-31 18:50:00,17,1,31,18,50,590,580,AUTOROUTE A25,50.82864,2.58268,Crépuscule ou aube,Hors agglomération,Hors intersection,Normale,Autre collision,,,,,,,,,,,2,1,1,1.0,6.0
201700050445,0017-01-27 19:00:00,17,1,27,19,0,590,449,AUTOROUTE A23,50.47196,3.22598,Plein jour,Hors agglomération,Hors intersection,Normale,Deux véhicules - arrière,,,,,,,,,,,1,1,1,1.0,2.0
201700050446,0017-03-13 12:15:00,17,3,13,12,15,590,507,AUTOROUTE A1,50.60531,3.09877,Plein jour,Hors agglomération,Hors intersection,Normale,Deux véhicules - arrière,,,,,,,,,,,1,1,1,1.0,2.0
201700050447,0017-11-17 13:55:00,17,11,17,13,55,590,260,AUTOROUTE A16,51.04633,2.53187,Plein jour,Hors agglomération,Hors intersection,Normale,Autre collision,,,,,,,,,,,1,1,1,1.0,6.0
201700050448,0017-03-01 01:40:00,17,3,1,1,40,590,383,AUTOROUTE A2,50.33585,3.54998,Nuit sans éclairage public,Hors agglomération,Hors intersection,Pluie légère,Autre collision,,,,,,,,,,,3,1,1,2.0,6.0
201700050449,0017-03-15 16:10:00,17,3,15,16,10,590,143,AUTOROUTE A25,50.65801,2.90041,Plein jour,Hors agglomération,Hors intersection,Normale,Deux véhicules - arrière,,,,,,,,,,,1,1,1,1.0,2.0
201700050450,0017-12-15 15:00:00,17,12,15,15,0,590,479,AUTOROUTE A2,50.389,3.61262,Plein jour,Hors agglomération,Hors intersection,Normale,Sans collision,,,,,,,,,,,1,1,1,1.0,7.0
201700050451,0017-03-10 19:50:00,17,3,10,19,50,590,378,AUTOROUTE A22,50.68529,3.11163,Nuit sans éclairage public,Hors agglomération,Hors intersection,Normale,Deux véhicules - côté,,,,,,,,,,,3,1,1,1.0,3.0
201700050452,0017-03-19 04:00:00,17,3,19,4,0,590,179,AUTOROUTE A 21,50.3051,3.37166,Nuit sans éclairage public,Hors agglomération,Hors intersection,Autre,Deux véhicules - côté,,,,,,,,,,,3,1,1,9.0,3.0
201700050453,0017-03-31 12:10:00,17,3,31,12,10,590,523,AUTOROUTE A23,50.5875,3.15118,Plein jour,Hors agglomération,Hors intersection,Normale,Sans collision,,,,,,,,,,,1,1,1,1.0,7.0
201700050454,0017-03-22 09:34:00,17,3,22,9,34,590,155,AUTOROUTE A16,51.01709,2.40251,Plein jour,Hors agglomération,Hors intersection,Normale,Deux véhicules - arrière,,,,,,,,,,,1,1,1,1.0,2.0
201700050455,0017-03-23 09:15:00,17,3,23,9,15,590,43,AUTOROUTE A25,50.7244,2.73349,Plein jour,Hors agglomération,Hors intersection,Normale,Deux véhicules - arrière,,,,,,,,,,,1,1,1,1.0,2.0
201700050456,0017-03-27 23:45:00,17,3,27,23,45,590,414,AUTOROUTE A 21,50.37935,3.18107,Nuit sans éclairage public,Hors agglomération,Hors intersection,Normale,Sans collision,,,,,,,,,,,3,1,1,1.0,7.0
201700050457,0017-03-30 07:55:00,17,3,30,7,55,590,237,AUTOROUTE A25,50.77618,2.63061,Plein jour,Hors agglomération,Hors intersection,Normale,Deux véhicules - arrière,,,,,,,,,,,1,1,1,1.0,2.0
201700050458,0017-04-06 07:20:00,17,4,6,7,20,620,274,AUTOROUTE A1,,,Plein jour,Hors agglomération,Hors intersection,Normale,Deux véhicules - arrière,,,,,,,,,,,1,1,1,1.0,2.0
201700050459,0017-04-06 23:30:00,17,4,6,23,30,620,907,AUTOROUTE A1,,,Nuit sans éclairage public,Hors agglomération,Hors intersection,Normale,Sans collision,,,,,,,,,,,3,1,1,1.0,7.0
201700050460,0017-02-07 19:00:00,17,2,7,19,0,590,183,AUTOROUTE A16,51.01285,2.37447,Crépuscule ou aube,Hors agglomération,Hors intersection,Normale,Deux véhicules - arrière,,,,,,,,,,,2,1,1,1.0,2.0
201700050461,0017-02-11 03:40:00,17,2,11,3,40,590,609,AUTOROUTE A1,50.57466,3.08196,Nuit avec éclairage non allumé,Hors agglomération,Hors intersection,Normale,Deux véhicules - arrière,,,,,,,,,,,4,1,1,1.0,2.0
201700050462,0017-02-12 10:40:00,17,2,12,10,40,590,570,ROUTE NATIONALE 225,50.94868,2.43034,Plein jour,Hors agglomération,Hors intersection,Normale,Deux véhicules - arrière,,,,,,,,,,,1,1,1,1.0,2.0
201700050463,0017-04-11 20:55:00,17,4,11,20,55,590,155,AUTOROUTE A16,51.01391,2.38435,Nuit sans éclairage public,Hors agglomération,Hors intersection,Normale,Sans collision,,,,,,,,,,,3,1,1,1.0,7.0
201700050464,0017-02-15 12:50:00,17,2,15,12,50,620,748,AUTOROUTE A16,,,Plein jour,Hors agglomération,Hors intersection,Normale,Sans collision,,,,,,,,,,,1,1,1,1.0,7.0
201700050465,0017-02-16 05:30:00,17,2,16,5,30,590,43,AUTOROUTE A25,50.72498,2.72975,Nuit sans éclairage public,Hors agglomération,Hors intersection,Brouillard / fumée,Trois véhicules et plus - collisions multiples,,,,,,,,,,,3,1,1,5.0,5.0
201700050466,0017-02-16 16:45:00,17,2,16,16,45,590,179,AUTOROUTE A2,50.30725,3.38276,Crépuscule ou aube,Hors agglomération,Hors intersection,Normale,Deux véhicules - arrière,,,,,,,,,,,2,1,1,1.0,2.0
201700050467,0017-02-23 18:00:00,17,2,23,18,0,590,585,AUTOROUTE A1,50.56169,3.06892,Crépuscule ou aube,Hors agglomération,Hors intersection,Vent fort / tempête,Autre collision,,,,,,,,,,,2,1,1,6.0,6.0
201700050468,0017-02-28 01:20:00,17,2,28,1,20,590,215,AUTOROUTE A2,50.35591,3.5831,Nuit sans éclairage public,Hors agglomération,Hors intersection,Normale,Deux véhicules - arrière,,,,,,,,,,,3,1,1,1.0,2.0
201700050469,0017-02-25 19:00:00,17,2,25,19,0,590,511,AUTOROUTE A23,50.44405,3.35139,Crépuscule ou aube,Hors agglomération,Hors intersection,Normale,Sans collision,,,,,,,,,,,2,1,1,1.0,7.0
201700050470,0017-04-10 14:45:00,17,4,10,14,45,590,401,AUTOROUTE A25,50.72431,2.68,Plein jour,Hors agglomération,Hors intersection,Normale,Autre collision,,,,,,,,,,,1,1,1,1.0,6.0
201700050471,0017-03-19 15:30:00,17,3,19,15,30,590,196,AUTOROUTE A25,50.64254,2.93308,Plein jour,Hors agglomération,Hors intersection,Normale,Sans collision,,,,,,,,,,,1,1,1,1.0,7.0
201700050472,0017-04-04 18:30:00,17,4,4,18,30,590,220,AUTOROUTE A1,50.5814,3.0886,Plein jour,Hors agglomération,Hors intersection,Normale,Autre collision,,,,,,,,,,,1,1,1,1.0,6.0
201700050473,0017-03-22 17:25:00,17,3,22,17,25,590,586,AUTOROUTE A23,50.54655,3.19021,Plein jour,Hors agglomération,Hors intersection,Normale,Deux véhicules - côté,,,,,,,,,,,1,1,1,1.0,3.0
201700050474,0017-03-22 10:00:00,17,3,22,10,0,590,646,ROUTE DEPARTEMENTALE 656,50.66877,3.11387,Plein jour,Hors agglomération,Hors intersection,Normale,Autre collision,,,,,,,,,,,1,1,1,1.0,6.0
201700050475,0017-03-24 15:40:00,17,3,24,15,40,590,350,AUTOROUTE A25,50.61921,3.02936,Plein jour,Hors agglomération,Hors intersection,Normale,Autre collision,,,,,,,,,,,1,1,1,1.0,6.0
201700050476,0017-03-31 17:45:00,17,3,31,17,45,590,378,ROUTE DEPARTEMENTALE 656,,,Plein jour,Hors agglomération,Hors intersection,Normale,Trois véhicules et plus - en chaîne,,,,,,,,,,,1,1,1,1.0,4.0
201700050477,0017-03-27 20:40:00,17,3,27,20,40,590,350,AUTOROUTE A25,50.61958,3.0203,Nuit avec éclairage allumé,Hors agglomération,Hors intersection,Normale,Autre collision,,,,,,,,,,,5,1,1,1.0,6.0
201700050478,0017-04-15 17:30:00,17,4,15,17,30,590,160,AUTOROUTE A2,50.41255,3.62597,Plein jour,Hors agglomération,Hors intersection,Autre,Deux véhicules - arrière,,,,,,,,,,,1,1,1,9.0,2.0
201700050479,0017-04-19 12:20:00,17,4,19,12,20,590,646,AUTOROUTE A22,,,Plein jour,Hors agglomération,Hors intersection,Normale,Trois véhicules et plus - en chaîne,,,,,,,,,,,1,1,1,1.0,4.0
201700050480,0017-05-04 20:00:00,17,5,4,20,0,590,646,AUTOROUTE A22,50.65643,3.1275,Crépuscule ou aube,Hors agglomération,Hors intersection,Pluie légère,Sans collision,,,,,,,,,,,2,1,1,2.0,7.0
201700050481,0017-05-06 16:55:00,17,5,6,16,55,620,624,AUTOROUTE A21,,,Plein jour,Hors agglomération,Hors intersection,Normale,Sans collision,,,,,,,,,,,1,1,1,1.0,7.0
201700050482,0017-05-28 23:50:00,17,5,28,23,50,590,435,AUTOROUTE A23,50.49249,3.21212,Nuit sans éclairage public,Hors agglomération,Hors intersection,Normale,Autre collision,,,,,,,,,,,3,1,1,1.0,6.0