accident_id,datetime,annee,mois,jour,heure,minute,departement,commune_insee,adresse,latitude,longitude,luminosite,agglomeration,intersection,meteo,collision,nb_vehicules,nb_usagers,nb_indemnes,nb_tues,nb_blesses_hosp,nb_blesses_legers,age_cond_1,age_cond_2,veh_type_cond_1,veh_type_cond_2,lum_code,agg_code,int_code,atm_code,col_code
201700050483,0017-05-20 17:10:00,17,5,20,17,10,590,507,AUTOROUTE A1,50.61349,3.08712,Plein jour,Hors agglomération,Hors intersection,Normale,Trois véhicules et plus - collisions multiples,,,,,,,,,,,1,1,1,1.0,5.0
201700050484,0017-06-01 04:27:00,17,6,1,4,27,590,532,AUTOROUTE A16,50.95693,2.14817,Nuit sans éclairage public,Hors agglomération,Hors intersection,Normale,Deux véhicules - arrière,,,,,,,,,,,3,1,1,1.0,2.0
201700050485,0017-04-21 22:00:00,17,4,21,22,0,620,274,AUTOROUTE A21,,,Nuit sans éclairage public,Hors agglomération,Hors intersection,Normale,Deux véhicules - arrière,,,,,,,,,,,3,1,1,1.0,2.0
201700050486,0017-04-24 04:25:00,17,4,24,4,25,590,410,ROUTE NATIONALE 356,50.64385,3.09445,Nuit avec éclairage allumé,Hors agglomération,Hors intersection,Normale,Deux véhicules - arrière,,,,,,,,,,,5,1,1,1.0,2.0
201700050487,0017-04-27 11:45:00,17,4,27,11,45,590,646,ROUTE DEPARTEMENTALE 656,50.68843,3.13812,Plein jour,Hors agglomération,Hors intersection,Normale,Sans collision,,,,,,,,,,,1,1,1,1.0,7.0
201700050488,0017-06-12 08:00:00,17,6,12,8,0,590,560,AUTOROUTE A1,50.54553,3.05649,Plein jour,Hors agglomération,Autre intersection,Normale,Autre collision,,,,,,,,,,,1,1,9,1.0,6.0
201700050489,0017-04-28 19:29:00,17,4,28,19,29,590,603,AUTOROUTE A2,50.34121,3.48037,Plein jour,Hors agglomération,Hors intersection,Normale,Sans collision,,,,,,,,,,,1,1,1,1.0,7.0
201700050490,0017-06-13 03:00:00,17,6,13,3,0,590,350,ROUTE NATIONALE 356,50.63304,3.08336,Nuit sans éclairage public,Hors agglomération,Autre intersection,Normale,Deux véhicules - arrière,,,,,,,,,,,3,1,9,1.0,2.0
201700050491,0017-04-29 17:05:00,17,4,29,17,5,590,94,AUTOROUTE A16,50.96342,2.2155,Plein jour,Hors agglomération,Hors intersection,Normale,Deux véhicules - arrière,,,,,,,,,,,1,1,1,1.0,2.0
201700050492,0017-04-30 05:15:00,17,4,30,5,15,590,599,ROUTE DEPARTEMENTALE 656,50.69611,3.14845,Nuit avec éclairage allumé,Hors agglomération,Hors intersection,Normale,Deux véhicules - côté,,,,,,,,,,,5,1,1,1.0,3.0
201700050493,0017-04-30 05:00:00,17,4,30,5,0,590,410,ROUTE NATIONALE 356,50.64291,3.09376,Nuit avec éclairage allumé,Hors agglomération,Hors intersection,Normale,Autre collision,,,,,,,,,,,5,1,1,1.0,6.0
201700050494,0017-06-08 21:20:00,17,6,8,21,20,590,564,AUTOROUTE A2,50.34096,3.47925,Plein jour,Hors agglomération,Autre intersection,Normale,Autre collision,,,,,,,,,,,1,1,9,1.0,6.0
201700050495,0017-06-15 14:20:00,17,6,15,14,20,590,646,ROUTE DEPARTEMENTALE 656,50.6894,3.14094,Plein jour,Hors agglomération,Hors intersection,Normale,Deux véhicules - arrière,,,,,,,,,,,1,1,1,1.0,2.0
201700050496,0017-06-15 08:55:00,17,6,15,8,55,590,360,AUTOROUTE A25,50.61704,3.03925,Plein jour,Hors agglomération,Hors intersection,Normale,Deux véhicules - arrière,,,,,,,,,,,1,1,1,1.0,2.0
201700050497,0017-06-20 18:15:00,17,6,20,18,15,590,646,ROUTE DEPARTEMENTALE 656,50.67983,3.12514,Plein jour,Hors agglomération,Hors intersection,Normale,Deux véhicules - arrière,,,,,,,,,,,1,1,1,1.0,2.0
201700050498,0017-06-22 09:45:00,17,6,22,9,45,590,523,AUTOROUTE A27,50.599,3.16,Plein jour,Hors agglomération,Hors intersection,Normale,Autre collision,,,,,,,,,,,1,1,1,1.0,6.0
201700050499,0017-06-28 03:00:00,17,6,28,3,0,590,359,AUTOROUTE A16,50.98485,2.22982,Nuit sans éclairage public,Hors agglomération,Hors intersection,Normale,Sans collision,,,,,,,,,,,3,1,1,1.0,7.0
201700050500,0017-06-09 17:15:00,17,6,9,17,15,620,587,AUTOROUTE A21,,,Plein jour,Hors agglomération,Hors intersection,Normale,Deux véhicules - arrière,,,,,,,,,,,1,1,1,1.0,2.0
201700050501,0017-07-01 10:30:00,17,7,1,10,30,590,350,AUTOROUTE A25,50.61533,3.06861,Plein jour,Hors agglomération,Hors intersection,Pluie légère,Sans collision,,,,,,,,,,,1,1,1,2.0,7.0
201700050502,0017-07-02 13:50:00,17,7,2,13,50,590,195,AUTOROUTE A25,50.62495,2.96409,Plein jour,Hors agglomération,Hors intersection,Normale,Sans collision,,,,,,,,,,,1,1,1,1.0,7.0
201700050503,0017-07-06 17:45:00,17,7,6,17,45,590,288,AUTOROUTE A2,50.31506,3.40763,Plein jour,Hors agglomération,Autre intersection,Normale,Trois véhicules et plus - en chaîne,,,,,,,,,,,1,1,9,1.0,4.0
201700050504,0017-05-01 05:50:00,17,5,1,5,50,590,205,AUTOROUTE A 21,50.32602,3.33938,Crépuscule ou aube,Hors agglomération,Hors intersection,Normale,Autre collision,,,,,,,,,,,2,1,1,1.0,6.0
201700050505,0017-05-25 04:15:00,17,5,25,4,15,620,274,AUTOROUTE A1,,,Nuit sans éclairage public,Hors agglomération,Hors intersection,Normale,Autre collision,,,,,,,,,,,3,1,1,1.0,6.0
201700050506,0017-05-21 03:00:00,17,5,21,3,0,590,646,ROUTE DEPARTEMENTALE 656,50.67977,3.12463,Nuit avec éclairage allumé,Hors agglomération,Hors intersection,Normale,Sans collision,,,,,,,,,,,5,1,1,1.0,7.0
201700050507,0017-07-17 16:50:00,17,7,17,16,50,590,343,AUTOROUTE A1,50.5854,3.09255,Plein jour,Hors agglomération,Hors intersection,Normale,Autre collision,,,,,,,,,,,1,1,1,1.0,6.0
201700050508,0017-07-22 11:30:00,17,7,22,11,30,590,43,AUTOROUTE A25,50.73212,2.70059,Plein jour,Hors agglomération,Autre intersection,Temps couvert,Sans collision,,,,,,,,,,,1,1,9,8.0,7.0
201700050509,0017-06-20 04:45:00,17,6,20,4,45,620,393,AUTOROUTE A16,,,Nuit sans éclairage public,Hors agglomération,Hors intersection,Normale,Deux véhicules - arrière,,,,,,,,,,,3,1,1,1.0,2.0
201700050510,0017-07-04 14:43:00,17,7,4,14,43,590,447,AUTOROUTE A2,50.38414,3.61124,Plein jour,Hors agglomération,Hors intersection,Normale,Trois véhicules et plus - collisions multiples,,,,,,,,,,,1,1,1,1.0,5.0
201700050511,0017-07-13 12:00:00,17,7,13,12,0,620,510,AUTOROUTE A21,,,Plein jour,Hors agglomération,Hors intersection,Normale,Deux véhicules - arrière,,,,,,,,,,,1,1,1,1.0,2.0
201700050512,0017-07-27 10:50:00,17,7,27,10,50,620,510,AUTOROUTE A21,,,Plein jour,Hors agglomération,Hors intersection,Normale,Trois véhicules et plus - collisions multiples,,,,,,,,,,,1,1,1,1.0,5.0
201700050513,0017-07-09 17:00:00,17,7,9,17,0,620,548,AUTOROUTE A16,,,Plein jour,Hors agglomération,Hors intersection,Normale,Trois véhicules et plus - collisions multiples,,,,,,,,,,,1,1,1,1.0,5.0
201700050514,0017-08-03 23:40:00,17,8,3,23,40,620,393,AUTOROUTE A16,,,Nuit sans éclairage public,Hors agglomération,Hors intersection,Normale,Autre collision,,,,,,,,,,,3,1,1,1.0,6.0
201700050515,0017-08-03 17:50:00,17,8,3,17,50,590,28,AUTOROUTE A21,50.41397,3.03216,Plein jour,Hors agglomération,Hors intersection,Normale,Trois véhicules et plus - en chaîne,,,,,,,,,,,1,1,1,1.0,4.0
201700050516,0017-08-06 01:00:00,17,8,6,1,0,590,403,AUTOROUTE A23,50.42551,3.3968,Nuit sans éclairage public,Hors agglomération,Hors intersection,Normale,Deux véhicules - arrière,,,,,,,,,,,3,1,1,1.0,2.0
201700050517,0017-08-08 11:30:00,17,8,8,11,30,590,179,AUTOROUTE A 21,50.30305,3.37211,Plein jour,Hors agglomération,Autre intersection,Pluie légère,Autre collision,,,,,,,,,,,1,1,9,2.0,6.0
201700050518,0017-08-10 20:10:00,17,8,10,20,10,590,9,ROUTE NATIONALE 227,50.64783,3.14611,Crépuscule ou aube,Hors agglomération,Hors intersection,Pluie légère,Autre collision,,,,,,,,,,,2,1,1,2.0,6.0
201700050519,0017-08-10 20:02:00,17,8,10,20,2,590,343,ROUTE NATIONALE 227,50.60068,3.13148,Plein jour,Hors agglomération,Hors intersection,Pluie légère,Autre collision,,,,,,,,,,,1,1,1,2.0,6.0
201700050520,0017-08-03 16:05:00,17,8,3,16,5,620,249,AUTOROUTE A21,50.42522,3.00847,Plein jour,Hors agglomération,Hors intersection,Normale,Deux véhicules - arrière,,,,,,,,,,,1,1,1,1.0,2.0
201700050521,0017-08-11 15:40:00,17,8,11,15,40,590,378,AUTOROUTE A22,50.68533,3.11094,Plein jour,Hors agglomération,Hors intersection,Normale,Sans collision,,,,,,,,,,,1,1,1,1.0,7.0
201700050522,0017-08-12 04:20:00,17,8,12,4,20,620,274,AUTOROUTE A21,,,Nuit avec éclairage allumé,Hors agglomération,Hors intersection,Pluie légère,Autre collision,,,,,,,,,,,5,1,1,2.0,6.0
201700050523,0017-08-13 16:15:00,17,8,13,16,15,590,327,AUTOROUTE A 21,50.37873,3.17847,Plein jour,Hors agglomération,Hors intersection,Autre,Autre collision,,,,,,,,,,,1,1,1,9.0,6.0
201700050524,0017-08-16 17:15:00,17,8,16,17,15,590,386,ROUTE DEPARTEMENTALE 652,50.6788,3.05137,Plein jour,Hors agglomération,Autre intersection,Normale,Sans collision,,,,,,,,,,,1,1,9,1.0,7.0
201700050525,0017-08-20 17:00:00,17,8,20,17,0,590,143,AUTOROUTE A25,50.67533,2.8617,Plein jour,Hors agglomération,Hors intersection,Normale,Trois véhicules et plus - collisions multiples,,,,,,,,,,,1,1,1,1.0,5.0
201700050526,0017-08-28 09:20:00,17,8,28,9,20,590,507,AUTOROUTE A1,50.60562,3.0984,Plein jour,Hors agglomération,Hors intersection,Normale,Trois véhicules et plus - en chaîne,,,,,,,,,,,1,1,1,1.0,4.0
201700050527,0017-07-02 13:50:00,17,7,2,13,50,590,195,AUTOROUTE A25,50.625,2.961,Plein jour,Hors agglomération,Hors intersection,Normale,Sans collision,,,,,,,,,,,1,1,1,1.0,7.0
201700050528,0017-07-05 00:30:00,17,7,5,0,30,590,350,AUTOROUTE A25,50.616,3.066,Nuit avec éclairage allumé,Hors agglomération,Hors intersection,Normale,Autre collision,,,,,,,,,,,5,1,1,1.0,6.0
201700050529,0017-07-09 04:30:00,17,7,9,4,30,590,350,AUTOROUTE A25,50.617,3.054,Nuit avec éclairage allumé,Hors agglomération,Hors intersection,Normale,Trois véhicules et plus - collisions multiples,,,,,,,,,,,5,1,1,1.0,5.0
201700050530,0017-08-29 17:45:00,17,8,29,17,45,590,260,AUTOROUTE A16,51.05559,2.55505,Plein jour,Hors agglomération,Hors intersection,Normale,Deux véhicules - arrière,,,,,,,,,,,1,1,1,1.0,2.0
201700050531,0017-08-31 23:44:00,17,8,31,23,44,590,350,AUTOROUTE A25,50.61617,3.07401,Nuit avec éclairage allumé,Hors agglomération,Hors intersection,Normale,Autre collision,,,,,,,,,,,5,1,1,1.0,6.0
201700050532,0017-08-31 07:45:00,17,8,31,7,45,620,215,AUTOROUTE A1,,,Plein jour,Hors agglomération,Hors intersection,Normale,Sans collision,,,,,,,,,,,1,1,1,1.0,7.0
201700050533,0017-07-17 10:20:00,17,7,17,10,20,590,179,AUTOROUTE A2,50.301,3.371,Plein jour,Hors agglomération,Hors intersection,Normale,Deux véhicules - arrière,,,,,,,,,,,1,1,1,1.0,2.0
201700050534,0017-08-13 12:00:00,17,8,13,12,0,590,258,AUTOROUTE A23,50.51867,3.20507,Plein jour,Hors agglomération,Hors intersection,Normale,Sans collision,,,,,,,,,,,1,1,1,1.0,7.0
201700050535,0017-09-03 10:30:00,17,9,3,10,30,590,350,ROUTE NATIONALE 356,50.63768,3.08948,Plein jour,Hors agglomération,Hors intersection,Normale,Sans collision,,,,,,,,,,,1,1,1,1.0,7.0
201700050536,0017-09-02 08:55:00,17,9,2,8,55,590,350,AUTOROUTE A25,50.616,3.079,Plein jour,Hors agglomération,Hors intersection,Pluie légère,Autre collision,,,,,,,,,,,1,1,1,2.0,6.0
201700050537,0017-09-04 19:40:00,17,9,4,19,40,590,566,AUTOROUTE A25,50.62115,2.97116,Plein jour,Hors agglomération,Hors intersection,Temps couvert,Autre collision,,,,,,,,,,,1,1,1,8.0,6.0
201700050538,0017-07-18 09:00:00,17,7,18,9,0,590,646,AUTOROUTE A22,50.616,3.079,Plein jour,Hors agglomération,Hors intersection,Normale,Deux véhicules - arrière,,,,,,,,,,,1,1,1,1.0,2.0
201700050539,0017-07-23 09:45:00,17,7,23,9,45,590,94,AUTOROUTE A16,50.9588,2.1788,Plein jour,Hors agglomération,Hors intersection,Normale,Sans collision,,,,,,,,,,,1,1,1,1.0,7.0
201700050540,0017-07-27 14:30:00,17,7,27,14,30,590,196,AUTOROUTE A25,50.6364,2.9429,Plein jour,Hors agglomération,Hors intersection,Normale,Deux véhicules - arrière,,,,,,,,,,,1,1,1,1.0,2.0
201700050541,0017-07-28 08:15:00,17,7,28,8,15,620,528,AUTOROUTE A21,,,Plein jour,Hors agglomération,Hors intersection,Normale,Trois véhicules et plus - collisions multiples,,,,,,,,,,,1,1,1,1.0,5.0
201700050542,0017-07-28 18:05:00,17,7,28,18,5,620,274,AUTOROUTE A21,,,Plein jour,Hors agglomération,Hors intersection,Normale,Deux véhicules - arrière,,,,,,,,,,,1,1,1,1.0,2.0
201700050543,0017-07-30 12:40:00,17,7,30,12,40,620,548,AUTOROUTE A16,,,Plein jour,Hors agglomération,Hors intersection,Normale,Deux véhicules - côté,,,,,,,,,,,1,1,1,1.0,3.0
201700050544,0017-09-05 16:00:00,17,9,5,16,0,620,274,AUTOROUTE A1,,,Plein jour,Hors agglomération,Hors intersection,Normale,Autre collision,,,,,,,,,,,1,1,1,1.0,6.0
201700050545,0017-09-09 11:55:00,17,9,9,11,55,590,603,AUTOROUTE A2,50.34175,3.48049,Plein jour,Hors agglomération,Hors intersection,Normale,Autre collision,,,,,,,,,,,1,1,1,1.0,6.0
201700050546,0017-09-15 20:40:00,17,9,15,20,40,590,574,AUTOROUTE A 21,50.34811,3.2685,Nuit sans éclairage public,Hors agglomération,Hors intersection,Temps couvert,Deux véhicules - arrière,,,,,,,,,,,3,1,1,8.0,2.0
201700050547,0017-09-23 15:15:00,17,9,23,15,15,590,286,AUTOROUTE A25,50.6192,2.9757,Plein jour,Hors agglomération,Hors intersection,Normale,Deux véhicules - arrière,,,,,,,,,,,1,1,1,1.0,2.0
201700050548,0017-09-23 15:15:00,17,9,23,15,15,590,581,AUTOROUTE A25,50.6872,2.83113,Plein jour,Hors agglomération,Hors intersection,Normale,Autre collision,,,,,,,,,,,1,1,1,1.0,6.0
201700050549,0017-09-28 20:15:00,17,9,28,20,15,590,350,AUTOROUTE A25,50.6166,3.06117,Crépuscule ou aube,Hors agglomération,Hors intersection,Normale,Deux véhicules - arrière,,,,,,,,,,,2,1,1,1.0,2.0
201700050550,0017-10-04 19:15:00,17,10,4,19,15,620,637,AUTOROUTE A1,,,Crépuscule ou aube,Hors agglomération,Hors intersection,Normale,Deux véhicules - arrière,,,,,,,,,,,2,1,1,1.0,2.0
201700050551,0017-10-05 09:00:00,17,10,5,9,0,590,350,ROUTE NATIONALE 356,50.63394,3.08479,Plein jour,Hors agglomération,Hors intersection,Normale,Trois véhicules et plus - en chaîne,,,,,,,,,,,1,1,1,1.0,4.0
201700050552,0017-10-07 23:55:00,17,10,7,23,55,590,350,AUTOROUTE A25,50.62226,3.0248,Nuit avec éclairage allumé,Hors agglomération,Hors intersection,Pluie légère,Autre collision,,,,,,,,,,,5,1,1,2.0,6.0
201700050553,0017-10-15 21:50:00,17,10,15,21,50,590,350,AUTOROUTE A25,50.616,3.065,Nuit avec éclairage non allumé,Hors agglomération,Hors intersection,Normale,Deux véhicules - arrière,,,,,,,,,,,4,1,1,1.0,2.0
201700050554,0017-10-19 18:25:00,17,10,19,18,25,590,646,ROUTE DEPARTEMENTALE 656,50.6614,3.1225,Plein jour,Hors agglomération,Hors intersection,Normale,Autre collision,,,,,,,,,,,1,1,1,1.0,6.0
201700050555,0017-10-20 08:45:00,17,10,20,8,45,590,560,AUTOROUTE A1,50.54106,3.0534,Plein jour,Hors agglomération,Hors intersection,Temps couvert,Sans collision,,,,,,,,,,,1,1,1,8.0,7.0
201700050556,0017-10-22 21:45:00,17,10,22,21,45,590,343,AUTOROUTE A22,50.59886,3.10687,Nuit sans éclairage public,Hors agglomération,Hors intersection,Normale,Deux véhicules - côté,,,,,,,,,,,3,1,1,1.0,3.0
201700050557,0017-10-25 08:45:00,17,10,25,8,45,590,478,AUTOROUTE A25,50.94847,2.43217,Plein jour,Hors agglomération,Hors intersection,Normale,Trois véhicules et plus - en chaîne,,,,,,,,,,,1,1,1,1.0,4.0
201700050558,0017-10-26 11:40:00,17,10,26,11,40,590,557,AUTOROUTE A2,50.34788,3.57447,Plein jour,Hors agglomération,Hors intersection,Temps couvert,Autre collision,,,,,,,,,,,1,1,1,8.0,6.0
201700050559,0017-10-27 06:50:00,17,10,27,6,50,590,507,AUTOROUTE A1,50.61206,3.0891,Crépuscule ou aube,Hors agglomération,Hors intersection,Normale,Deux véhicules - arrière,,,,,,,,,,,2,1,1,1.0,2.0
201700050560,0017-10-28 09:45:00,17,10,28,9,45,590,557,AUTOROUTE A2,50.34731,3.57412,Plein jour,Hors agglomération,Hors intersection,Normale,Deux véhicules - arrière,,,,,,,,,,,1,1,1,1.0,2.0
201700050561,0017-10-29 16:25:00,17,10,29,16,25,590,288,AUTOROUTE A2,50.31497,3.4071,Plein jour,Hors agglomération,Hors intersection,Normale,Autre collision,,,,,,,,,,,1,1,1,1.0,6.0
201700050562,0017-11-05 07:25:00,17,11,5,7,25,590,462,AUTOROUTE A1,50.51042,3.02865,Crépuscule ou aube,Hors agglomération,Hors intersection,Temps couvert,Sans collision,,,,,,,,,,,2,1,1,8.0,7.0
201700050563,0017-11-08 20:40:00,17,11,8,20,40,590,636,ROUTE DEPARTEMENTALE 652,50.68058,3.05673,Nuit sans éclairage public,Hors agglomération,Hors intersection,Normale,Trois véhicules et plus - en chaîne,,,,,,,,,,,3,1,1,1.0,4.0
201700050564,0017-11-09 18:40:00,17,11,9,18,40,590,288,AUTOROUTE A2,50.31868,3.41916,Nuit sans éclairage public,Hors agglomération,Hors intersection,Autre,Trois véhicules et plus - en chaîne,,,,,,,,,,,3,1,1,9.0,4.0
201700050565,0017-11-09 19:20:00,17,11,9,19,20,590,560,AUTOROUTE A1,50.54696,3.05749,Nuit sans éclairage public,Hors agglomération,Hors intersection,Normale,Deux véhicules - arrière,,,,,,,,,,,3,1,1,1.0,2.0
201700050566,0017-11-13 15:00:00,17,11,13,15,0,590,609,AUTOROUTE A1,50.57207,3.0797,Plein jour,Hors agglomération,Hors intersection,Normale,Trois véhicules et plus - en chaîne,,,,,,,,,,,1,1,1,1.0,4.0
201700050567,0017-11-15 00:45:00,17,11,15,0,45,590,606,AUTOROUTE A2,50.33993,3.49433,Nuit sans éclairage public,Hors agglomération,Hors intersection,Autre,Deux véhicules - arrière,,,,,,,,,,,3,1,1,9.0,2.0
201700050568,0017-11-29 21:50:00,17,11,29,21,50,590,183,ROUTE NATIONALE 225,51.00142,2.32809,Nuit sans éclairage public,Hors agglomération,Hors intersection,Pluie forte,Sans collision,,,,,,,,,,,3,1,1,3.0,7.0
201700050569,0017-12-06 15:50:00,17,12,6,15,50,590,462,AUTOROUTE A1,50.51545,3.03419,Plein jour,Hors agglomération,Autre intersection,Normale,Sans collision,,,,,,,,,,,1,1,9,1.0,7.0
201700050570,0017-12-10 23:10:00,17,12,10,23,10,590,343,AUTOROUTE A22,50.59996,3.12909,Nuit avec éclairage allumé,Hors agglomération,Hors intersection,Normale,Autre collision,,,,,,,,,,,5,1,1,1.0,6.0
201700050571,0017-12-21 13:30:00,17,12,21,13,30,590,343,AUTOROUTE A22,50.60079,3.13144,Plein jour,Hors agglomération,Hors intersection,Temps couvert,Sans collision,,,,,,,,,,,1,1,1,8.0,7.0
201700050572,0017-12-18 18:20:00,17,12,18,18,20,620,249,AUTOROUTE A21,,,Nuit sans éclairage public,Hors agglomération,Hors intersection,Temps couvert,Autre collision,,,,,,,,,,,3,1,1,8.0,6.0
201700050573,0017-12-17 07:45:00,17,12,17,7,45,590,350,ROUTE NATIONALE 356,50.62061,3.0817,Crépuscule ou aube,Hors agglomération,Hors intersection,Normale,Deux véhicules - arrière,,,,,,,,,,,2,1,1,1.0,2.0
201700050574,0017-12-18 11:15:00,17,12,18,11,15,590,609,AUTOROUTE A1,50.57354,3.08078,Plein jour,Hors agglomération,Hors intersection,Normale,Trois véhicules et plus - en chaîne,,,,,,,,,,,1,1,1,1.0,4.0
201700050575,0017-12-23 08:00:00,17,12,23,8,0,590,449,AUTOROUTE A23,50.46969,3.23042,Nuit sans éclairage public,Hors agglomération,Hors intersection,Normale,Deux véhicules - arrière,,,,,,,,,,,3,1,1,1.0,2.0
201700050576,0017-12-24 16:35:00,17,12,24,16,35,590,271,AUTOROUTE A16,51.00414,2.3071,Crépuscule ou aube,Hors agglomération,Hors intersection,Normale,Sans collision,,,,,,,,,,,2,1,1,1.0,7.0
201700050577,0017-12-26 02:30:00,17,12,26,2,30,590,155,AUTOROUTE A16,51.01403,2.38386,Nuit sans éclairage public,Hors agglomération,Hors intersection,Normale,Sans collision,,,,,,,,,,,3,1,1,1.0,7.0
201700050578,0017-12-28 23:15:00,17,12,28,23,15,590,179,AUTOROUTE A2,50.30739,3.38363,Nuit sans éclairage public,Hors agglomération,Hors intersection,Normale,Trois véhicules et plus - en chaîne,,,,,,,,,,,3,1,1,1.0,4.0
201700050579,0017-01-01 02:55:00,17,1,1,2,55,690,386,GARIBALDI,45.76932,4.85037,Nuit avec éclairage allumé,En agglomération,Intersection en X,Normale,Deux véhicules - côté,,,,,,,,,,,5,2,2,1.0,3.0
201700050580,0017-01-01 10:35:00,17,1,1,10,35,690,388,"55, JEAN MERMOZ",45.73433,4.87585,Plein jour,En agglomération,Hors intersection,Normale,Deux véhicules - arrière,,,,,,,,,,,1,2,1,1.0,2.0
201700050581,0017-01-01 21:55:00,17,1,1,21,55,690,387,"7, CLAUDE BERNARD",45.7539,4.83854,Nuit avec éclairage allumé,En agglomération,Hors intersection,Normale,Deux véhicules - côté,,,,,,,,,,,5,2,1,1.0,3.0
201700050582,0017-01-04 18:15:00,17,1,4,18,15,690,388,VILLON (DE),45.74847,4.86797,Nuit avec éclairage allumé,En agglomération,Hors intersection,Normale,Autre collision,,,,,,,,,,,5,2,1,1.0,6.0
201700050583,0017-01-05 08:40:00,17,1,5,8,40,690,387,", JEAN JAURES",45.73605,4.83643,Plein jour,En agglomération,Intersection en X,Pluie légère,Deux véhicules - côté,,,,,,,,,,,1,2,2,2.0,3.0
201700050584,0017-01-05 16:50:00,17,1,5,16,50,690,259,"22, JACQUES DUCLOS",45.69731,4.89038,Plein jour,Hors agglomération,Hors intersection,Pluie légère,Deux véhicules - côté,,,,,,,,,,,1,1,1,2.0,3.0
201700050585,0017-01-05 17:30:00,17,1,5,17,30,690,383,"133, GAMBETTA",45.75013,4.85799,Crépuscule ou aube,En agglomération,Hors intersection,Pluie légère,Autre collision,,,,,,,,,,,2,2,1,2.0,6.0
201700050586,0017-01-05 17:40:00,17,1,5,17,40,690,259,"162, FRANCIS DE PRESSENS",45.72016,4.86789,Nuit avec éclairage allumé,En agglomération,Hors intersection,Autre,Deux véhicules - côté,,,,,,,,,,,5,2,1,9.0,3.0
201700050587,0017-01-06 08:30:00,17,1,6,8,30,690,388,"62, PAUL CAZENEUVE",45.73277,4.86164,Plein jour,En agglomération,Hors intersection,Normale,Deux véhicules - côté,,,,,,,,,,,1,2,1,1.0,3.0
201700050588,0017-01-06 09:55:00,17,1,6,9,55,690,387,CLAUDE BERNARD,45.75193,4.83696,Plein jour,En agglomération,Intersection en X,Normale,Deux véhicules - côté,,,,,,,,,,,1,2,2,1.0,3.0
201700050589,0017-01-06 15:30:00,17,1,6,15,30,690,388,"8, HENRI BARBUSSE",45.73106,4.85875,Plein jour,En agglomération,Hors intersection,Normale,Autre collision,,,,,,,,,,,1,2,1,1.0,6.0
201700050590,0017-01-06 17:05:00,17,1,6,17,5,690,383,"101, GAMBETTA",45.75077,4.85617,Crépuscule ou aube,En agglomération,Hors intersection,Normale,Deux véhicules - côté,,,,,,,,,,,2,2,1,1.0,3.0
201700050591,0017-01-06 21:00:00,17,1,6,21,0,690,387,"30, GAMBETTA",45.75477,4.84452,Nuit avec éclairage allumé,En agglomération,Hors intersection,Normale,Deux véhicules - frontale,,,,,,,,,,,5,2,1,1.0,1.0
201700050592,0017-01-07 10:10:00,17,1,7,10,10,690,259,FRANCIS DE PRESSENSE,45.71458,4.87256,Plein jour,En agglomération,Hors intersection,Normale,Autre collision,,,,,,,,,,,1,2,1,1.0,6.0
201700050593,0017-01-07 12:15:00,17,1,7,12,15,690,387,GARIBALDI,,,Plein jour,En agglomération,Hors intersection,Normale,Deux véhicules - arrière,,,,,,,,,,,1,2,1,1.0,2.0
201700050594,0017-01-08 16:34:00,17,1,8,16,34,690,386,SERBIE (DE),45.77231,4.84094,Plein jour,En agglomération,Intersection en X,Normale,Trois véhicules et plus - collisions multiples,,,,,,,,,,,1,2,2,1.0,5.0
201700050595,0017-01-11 08:10:00,17,1,11,8,10,690,388,PROFESSEUR JOSEPH NICOLA,45.73015,4.87847,Plein jour,En agglomération,Intersection en X,Normale,Sans collision,,,,,,,,,,,1,2,2,1.0,7.0
201700050596,0017-01-11 10:45:00,17,1,11,10,45,690,383,"52, SERVIENT",45.76022,4.84666,Plein jour,En agglomération,Hors intersection,Normale,Autre collision,,,,,,,,,,,1,2,1,1.0,6.0
201700050597,0017-01-05 19:50:00,17,1,5,19,50,690,387,"87, JABOULAY",45.74531,4.84618,Nuit avec éclairage allumé,En agglomération,Hors intersection,Normale,Autre collision,,,,,,,,,,,5,2,1,1.0,6.0
201700050598,0017-01-12 08:40:00,17,1,12,8,40,690,388,"4, PROFESSEUR MORAT (DU)",45.73561,4.88153,Plein jour,En agglomération,Hors intersection,Normale,Autre collision,,,,,,,,,,,1,2,1,1.0,6.0
201700050599,0017-01-11 16:35:00,17,1,11,16,35,690,388,ETERNITE (DE L'),,,Plein jour,En agglomération,Hors intersection,Normale,Deux véhicules - frontale,,,,,,,,,,,1,2,1,1.0,1.0
201700050600,0017-01-12 14:40:00,17,1,12,14,40,690,383,"99, PART DIEU      (DE L",45.75981,4.85083,Plein jour,En agglomération,Intersection en X,Normale,Autre collision,,,,,,,,,,,1,2,2,1.0,6.0
201700050601,0017-01-12 18:00:00,17,1,12,18,0,690,383,"194, FELIX FAURE",45.75503,4.87062,Nuit avec éclairage allumé,En agglomération,Intersection en X,Pluie légère,Deux véhicules - côté,,,,,,,,,,,5,2,2,2.0,3.0
201700050602,0017-01-12 19:20:00,17,1,12,19,20,690,259,", AMBROISE CROIZAT",45.7031,4.8876,Nuit avec éclairage non allumé,En agglomération,Intersection en X,Normale,Deux véhicules - côté,,,,,,,,,,,4,2,2,1.0,3.0
201700050603,0017-01-12 21:00:00,17,1,12,21,0,690,386,"109, VENDOME",45.76736,4.84555,Nuit avec éclairage allumé,En agglomération,Intersection en X,Normale,Deux véhicules - côté,,,,,,,,,,,5,2,2,1.0,3.0