accident_id,datetime,annee,mois,jour,heure,minute,departement,commune_insee,adresse,latitude,longitude,luminosite,agglomeration,intersection,meteo,collision,nb_vehicules,nb_usagers,nb_indemnes,nb_tues,nb_blesses_hosp,nb_blesses_legers,age_cond_1,age_cond_2,veh_type_cond_1,veh_type_cond_2,lum_code,agg_code,int_code,atm_code,col_code
201700050604,0017-01-13 12:50:00,17,1,13,12,50,690,383,"21, MARIUS VIVIER MERLE",45.76181,4.85775,Plein jour,En agglomération,Hors intersection,Normale,Autre collision,,,,,,,,,,,1,2,1,1.0,6.0
201700050605,0017-01-14 21:50:00,17,1,14,21,50,690,388,", JEAN MERMOZ",45.72999,4.89136,Nuit avec éclairage allumé,En agglomération,Intersection en T,Normale,Autre collision,,,,,,,,,,,5,2,3,1.0,6.0
201700050606,0017-01-16 05:50:00,17,1,16,5,50,690,388,ETATS UNIS (DES),45.72876,4.86796,Nuit avec éclairage allumé,En agglomération,Hors intersection,Normale,Deux véhicules - côté,,,,,,,,,,,5,2,1,1.0,3.0
201700050607,0017-01-16 08:58:00,17,1,16,8,58,690,383,"83, PENSIONNAT (DU)",45.75501,4.85808,Plein jour,En agglomération,Hors intersection,Neige / grêle,Autre collision,,,,,,,,,,,1,2,1,4.0,6.0
201700050608,0017-01-12 10:20:00,17,1,12,10,20,690,387,"174, GERLAND (DE)",45.72949,4.83792,Plein jour,En agglomération,Hors intersection,Normale,Autre collision,,,,,,,,,,,1,2,1,1.0,6.0
201700050609,0017-01-16 15:45:00,17,1,16,15,45,690,386,EMERAUDES (DES),45.76821,4.85892,Plein jour,En agglomération,Intersection en X,Normale,Autre collision,,,,,,,,,,,1,2,2,1.0,6.0
201700050610,0017-01-15 19:20:00,17,1,15,19,20,690,387,"10, RAULIN",45.7491,4.83608,Nuit sans éclairage public,En agglomération,Intersection en X,Normale,Deux véhicules - côté,,,,,,,,,,,3,2,2,1.0,3.0
201700050611,0017-01-18 08:55:00,17,1,18,8,55,690,383,TRARIEUX,,,Plein jour,En agglomération,Hors intersection,Autre,Deux véhicules - frontale,,,,,,,,,,,1,2,1,9.0,1.0
201700050612,0017-01-18 13:50:00,17,1,18,13,50,690,387,"51, GUILLOTIERE (DE LA)",45.75332,4.84467,Plein jour,En agglomération,Hors intersection,Normale,Autre collision,,,,,,,,,,,1,2,1,1.0,6.0
201700050613,0017-01-19 09:45:00,17,1,19,9,45,690,388,"98, JEAN MERMOZ",45.73224,4.88246,Plein jour,Hors agglomération,Intersection en X,Normale,Autre collision,,,,,,,,,,,1,1,2,1.0,6.0
201700050614,0017-01-20 10:00:00,17,1,20,10,0,690,383,"180, LACASSAGNE",45.74477,4.89105,Plein jour,En agglomération,Hors intersection,Normale,Autre collision,,,,,,,,,,,1,2,1,1.0,6.0
201700050615,0017-01-20 15:25:00,17,1,20,15,25,690,387,"115, YVES FARGES",45.73609,4.82792,Plein jour,En agglomération,Hors intersection,Normale,Deux véhicules - arrière,,,,,,,,,,,1,2,1,1.0,2.0
201700050616,0017-01-20 23:30:00,17,1,20,23,30,690,199,", CARNOT",,,Nuit avec éclairage allumé,En agglomération,Hors intersection,Normale,Deux véhicules - frontale,,,,,,,,,,,5,2,1,1.0,1.0
201700050617,0017-01-21 14:10:00,17,1,21,14,10,690,387,MARSEILLE (DE),45.74918,4.8384,Plein jour,En agglomération,Intersection en X,Normale,Deux véhicules - frontale,,,,,,,,,,,1,2,2,1.0,1.0
201700050618,0017-01-21 15:20:00,17,1,21,15,20,690,388,"149, MARIUS BERLIET",45.73721,4.86855,Plein jour,En agglomération,Hors intersection,Normale,Deux véhicules - côté,,,,,,,,,,,1,2,1,1.0,3.0
201700050619,0017-01-24 08:40:00,17,1,24,8,40,690,386,"17, NOTRE DAME",45.76507,4.86797,Plein jour,En agglomération,Intersection en T,Normale,Deux véhicules - côté,,,,,,,,,,,1,2,3,1.0,3.0
201700050620,0017-01-24 18:15:00,17,1,24,18,15,690,383,"300, LAFAYETTE",45.76374,4.86833,Nuit avec éclairage allumé,En agglomération,Hors intersection,Normale,Autre collision,,,,,,,,,,,5,2,1,1.0,6.0
201700050621,0017-01-25 17:45:00,17,1,25,17,45,690,259,"0, FRERES LAFRANCHI (DES",45.71307,4.87683,Crépuscule ou aube,En agglomération,Intersection en T,Normale,Autre collision,,,,,,,,,,,2,2,3,1.0,6.0
201700050622,0017-01-26 18:00:00,17,1,26,18,0,690,386,SEZE (DE),,,Nuit avec éclairage allumé,En agglomération,Hors intersection,Normale,Autre collision,,,,,,,,,,,5,2,1,1.0,6.0
201700050623,0017-01-27 01:19:00,17,1,27,1,19,690,387,", LECLERC",45.73974,4.8265,Nuit avec éclairage allumé,En agglomération,Intersection en Y,Normale,Autre collision,,,,,,,,,,,5,2,4,1.0,6.0
201700050624,0017-01-27 06:20:00,17,1,27,6,20,690,387,"47, CROIX BARRET (DE LA)",45.73674,4.84542,Nuit avec éclairage allumé,En agglomération,Hors intersection,Autre,Autre collision,,,,,,,,,,,5,2,1,9.0,6.0
201700050625,0017-01-29 06:00:00,17,1,29,6,0,690,387,BERTHELOT,45.74513,4.84192,Nuit avec éclairage allumé,En agglomération,Intersection en T,Normale,Autre collision,,,,,,,,,,,5,2,3,1.0,6.0
201700050626,0017-01-30 20:50:00,17,1,30,20,50,690,199,YVES FARGE,,,Nuit avec éclairage allumé,En agglomération,Hors intersection,Pluie légère,Autre collision,,,,,,,,,,,5,2,1,2.0,6.0
201700050627,0017-02-01 05:50:00,17,2,1,5,50,690,387,GUILLOTIERE (DE LA),,,Nuit avec éclairage allumé,En agglomération,Hors intersection,Normale,Deux véhicules - arrière,,,,,,,,,,,5,2,1,1.0,2.0
201700050628,0017-02-01 15:45:00,17,2,1,15,45,690,386,TRONCHET,,,Plein jour,En agglomération,Intersection en X,Normale,Deux véhicules - côté,,,,,,,,,,,1,2,2,1.0,3.0
201700050629,0017-02-01 16:00:00,17,2,1,16,0,690,388,"8, JEAN MERMOZ",,,Plein jour,En agglomération,Hors intersection,Normale,Autre collision,,,,,,,,,,,1,2,1,1.0,6.0
201700050630,0017-02-01 17:45:00,17,2,1,17,45,690,387,GUILLOTIERE (DE LA),,,Plein jour,En agglomération,Intersection en X,Normale,Deux véhicules - côté,,,,,,,,,,,1,2,2,1.0,3.0
201700050631,0017-02-02 11:50:00,17,2,2,11,50,690,259,11 NOVEMBRE 1918 (DU),,,Plein jour,En agglomération,Intersection en X,Normale,Deux véhicules - côté,,,,,,,,,,,1,2,2,1.0,3.0
201700050632,0017-01-24 17:00:00,17,1,24,17,0,690,259,"136, IRENE JOLIOT CURIE",45.71688,4.87638,Plein jour,En agglomération,Hors intersection,Normale,Autre collision,,,,,,,,,,,1,2,1,1.0,6.0
201700050633,0017-02-02 16:15:00,17,2,2,16,15,690,387,"20, YVES FARGES",45.74,4.83,Plein jour,En agglomération,Intersection en T,Normale,Deux véhicules - arrière,,,,,,,,,,,1,2,3,1.0,2.0
201700050634,0017-02-02 20:50:00,17,2,2,20,50,690,388,ST MAURICE,,,Nuit avec éclairage allumé,En agglomération,Intersection en X,Temps couvert,Deux véhicules - côté,,,,,,,,,,,5,2,2,8.0,3.0
201700050635,0017-02-03 00:15:00,17,2,3,0,15,690,383,MARIUS VIVIER MERLE,45.76125,4.8577,Nuit avec éclairage allumé,En agglomération,Intersection en T,Pluie forte,Deux véhicules - côté,,,,,,,,,,,5,2,3,3.0,3.0
201700050636,0017-02-03 18:45:00,17,2,3,18,45,690,387,BERTHELOT,,,Nuit avec éclairage allumé,En agglomération,Intersection en T,Normale,Deux véhicules - côté,,,,,,,,,,,5,2,3,1.0,3.0
201700050637,0017-02-03 20:39:00,17,2,3,20,39,690,199,"43, CARNOT",,,Nuit avec éclairage allumé,En agglomération,Intersection en T,Pluie légère,Trois véhicules et plus - collisions multiples,,,,,,,,,,,5,2,3,2.0,5.0
201700050638,0017-02-05 04:20:00,17,2,5,4,20,690,383,RANCY (DES),,,Nuit avec éclairage allumé,En agglomération,Intersection en X,Pluie légère,Autre collision,,,,,,,,,,,5,2,2,2.0,6.0
201700050639,0017-02-04 19:20:00,17,2,4,19,20,690,388,"87, ETATS UNIS (DES)",45.73146,4.86631,Plein jour,Hors agglomération,Intersection en X,Normale,Deux véhicules - côté,,,,,,,,,,,1,1,2,1.0,3.0
201700050640,0017-02-05 19:30:00,17,2,5,19,30,690,387,"35, BERTHELOT",45.74659,3.0,Nuit avec éclairage allumé,En agglomération,Hors intersection,Normale,Deux véhicules - frontale,,,,,,,,,,,5,2,1,1.0,1.0
201700050641,0017-02-06 16:17:00,17,2,6,16,17,690,383,GARIBALDI,,,Plein jour,En agglomération,Hors intersection,Normale,Deux véhicules - côté,,,,,,,,,,,1,2,1,1.0,3.0
201700050642,0017-02-06 20:30:00,17,2,6,20,30,690,388,"07, AUGUSTE PINTON",,,Nuit avec éclairage allumé,En agglomération,Hors intersection,Temps couvert,Deux véhicules - frontale,,,,,,,,,,,5,2,1,8.0,1.0
201700050643,0017-02-07 08:30:00,17,2,7,8,30,690,387,"49, BERTHELOT",,,Plein jour,En agglomération,Hors intersection,Pluie légère,Autre collision,,,,,,,,,,,1,2,1,2.0,6.0
201700050644,0017-02-07 17:40:00,17,2,7,17,40,690,387,UNIVERSITE (DE L'),,,Crépuscule ou aube,En agglomération,Intersection en T,Normale,Autre collision,,,,,,,,,,,2,2,3,1.0,6.0
201700050645,0017-02-08 18:15:00,17,2,8,18,15,690,388,"317 b, BERTHELOT",,,Nuit avec éclairage allumé,En agglomération,Hors intersection,Temps couvert,Autre collision,,,,,,,,,,,5,2,1,8.0,6.0
201700050646,0017-02-08 19:00:00,17,2,8,19,0,690,388,MARIUS BERLIET,,,Nuit avec éclairage allumé,En agglomération,Intersection en X,Normale,Autre collision,,,,,,,,,,,5,2,2,1.0,6.0
201700050647,0017-02-09 20:30:00,17,2,9,20,30,690,383,"214, FELIX FAURE",,,Nuit avec éclairage allumé,En agglomération,Intersection en X,Pluie légère,Autre collision,,,,,,,,,,,5,2,2,2.0,6.0
201700050648,0017-02-10 07:50:00,17,2,10,7,50,690,383,"52, VILLETTE (DE LA)",,,Plein jour,Hors agglomération,Hors intersection,Normale,Deux véhicules - côté,,,,,,,,,,,1,1,1,1.0,3.0
201700050649,0017-02-09 19:30:00,17,2,9,19,30,690,387,"58, YVES FARGES",,,Nuit avec éclairage allumé,En agglomération,Hors intersection,Pluie légère,Deux véhicules - arrière,,,,,,,,,,,5,2,1,2.0,2.0
201700050650,0017-02-11 09:15:00,17,2,11,9,15,690,383,PAUL  BERT,,,Plein jour,En agglomération,Intersection en T,Normale,Deux véhicules - côté,,,,,,,,,,,1,2,3,1.0,3.0
201700050651,0017-02-12 01:25:00,17,2,12,1,25,690,259,"45, REPUBLIQUE (DE LA)",,,Nuit avec éclairage allumé,En agglomération,Hors intersection,Pluie légère,Deux véhicules - côté,,,,,,,,,,,5,2,1,2.0,3.0
201700050652,0017-02-14 11:55:00,17,2,14,11,55,690,387,"327, GARIBALDI",,,Plein jour,En agglomération,Hors intersection,Normale,Deux véhicules - arrière,,,,,,,,,,,1,2,1,1.0,2.0
201700050653,0017-02-14 20:40:00,17,2,14,20,40,690,387,"94, JEAN JAURES",45.74525,4.84193,Nuit avec éclairage allumé,En agglomération,Intersection en X,Normale,Deux véhicules - côté,,,,,,,,,,,5,2,2,1.0,3.0
201700050654,0017-02-06 06:45:00,17,2,6,6,45,690,387,JEAN JAURES,,,Nuit avec éclairage allumé,En agglomération,Intersection en X,Normale,Deux véhicules - côté,,,,,,,,,,,5,2,2,1.0,3.0
201700050655,0017-02-17 07:30:00,17,2,17,7,30,690,276,"72, VIENNE (DE)",,,Crépuscule ou aube,En agglomération,Hors intersection,Normale,Trois véhicules et plus - en chaîne,,,,,,,,,,,2,2,1,1.0,4.0
201700050656,0017-02-17 20:30:00,17,2,17,20,30,690,388,ETATS UNIS (DES),,,Nuit avec éclairage allumé,En agglomération,Intersection en X,Normale,Deux véhicules - côté,,,,,,,,,,,5,2,2,1.0,3.0
201700050657,0017-01-26 00:59:00,17,1,26,0,59,690,387,YVES FARGES,45.74443,4.83522,Nuit sans éclairage public,En agglomération,Hors intersection,Normale,Autre collision,,,,,,,,,,,3,2,1,1.0,6.0
201700050658,0017-02-19 08:30:00,17,2,19,8,30,690,259,"87, AMBROISE CROIZAT",,,Plein jour,En agglomération,Intersection en X,Normale,Deux véhicules - côté,,,,,,,,,,,1,2,2,1.0,3.0
201700050659,0017-02-19 17:10:00,17,2,19,17,10,690,259,JORGE SEMPRUN,,,Plein jour,En agglomération,Hors intersection,Normale,Autre collision,,,,,,,,,,,1,2,1,1.0,6.0
201700050660,0017-02-20 18:05:00,17,2,20,18,5,690,388,", EPARGNE (DE L')",45.74167,4.85993,Crépuscule ou aube,En agglomération,Intersection en X,Normale,Autre collision,,,,,,,,,,,2,2,2,1.0,6.0
201700050661,0017-02-21 05:00:00,17,2,21,5,0,690,259,", EUGENE PELOUX",,,Nuit avec éclairage allumé,En agglomération,Hors intersection,Normale,Sans collision,,,,,,,,,,,5,2,1,1.0,7.0
201700050662,0017-02-21 16:40:00,17,2,21,16,40,690,388,"81, MARIUS BERLIET",,,Plein jour,En agglomération,Hors intersection,Normale,Deux véhicules - côté,,,,,,,,,,,1,2,1,1.0,3.0
201700050663,0017-02-22 08:30:00,17,2,22,8,30,690,387,"65, YVES FARGES",,,Plein jour,En agglomération,Hors intersection,Normale,Deux véhicules - côté,,,,,,,,,,,1,2,1,1.0,3.0
201700050664,0017-02-22 10:10:00,17,2,22,10,10,690,387,"59, MARC BLOCH",,,Plein jour,En agglomération,Hors intersection,Normale,Deux véhicules - frontale,,,,,,,,,,,1,2,1,1.0,1.0
201700050665,0017-02-22 17:35:00,17,2,22,17,35,690,259,"0, URBAIN EST",,,Plein jour,En agglomération,Intersection en X,Normale,Deux véhicules - frontale,,,,,,,,,,,1,2,2,1.0,1.0
201700050666,0017-02-22 17:50:00,17,2,22,17,50,690,388,"09, GENTON",,,Plein jour,En agglomération,Hors intersection,Normale,Autre collision,,,,,,,,,,,1,2,1,1.0,6.0
201700050667,0017-02-25 20:30:00,17,2,25,20,30,690,388,", PROFESSEUR TAVERNIER (",,,Nuit avec éclairage allumé,En agglomération,Intersection en T,Normale,Autre collision,,,,,,,,,,,5,2,3,1.0,6.0
201700050668,0017-02-28 08:50:00,17,2,28,8,50,690,383,"77, GAMBETTA",,,Plein jour,En agglomération,Hors intersection,Normale,Autre collision,,,,,,,,,,,1,2,1,1.0,6.0
201700050669,0017-03-02 19:45:00,17,3,2,19,45,690,387,ST LAZARE,45.748,4.847,Nuit avec éclairage allumé,En agglomération,Intersection en X,Normale,Deux véhicules - côté,,,,,,,,,,,5,2,2,1.0,3.0
201700050670,0017-03-02 11:54:00,17,3,2,11,54,690,386,THIERS,,,Plein jour,En agglomération,Hors intersection,Normale,Deux véhicules - côté,,,,,,,,,,,1,2,1,1.0,3.0
201700050671,0017-03-03 08:40:00,17,3,3,8,40,690,388,"84, AMBROISE PARE",45.738,4.884,Plein jour,En agglomération,Intersection en X,Normale,Deux véhicules - frontale,,,,,,,,,,,1,2,2,1.0,1.0
201700050672,0017-03-06 08:20:00,17,3,6,8,20,690,386,TRONCHET,,,Plein jour,En agglomération,Intersection en X,Pluie forte,Deux véhicules - côté,,,,,,,,,,,1,2,2,3.0,3.0
201700050673,0017-03-06 08:40:00,17,3,6,8,40,690,388,"84, LAENNEC",45.73813,4.88441,Plein jour,En agglomération,Hors intersection,Pluie légère,Autre collision,,,,,,,,,,,1,2,1,2.0,6.0
201700050674,0017-03-07 10:55:00,17,3,7,10,55,690,387,"6, GIRONDINS (DES)",45.73953,4.82706,Plein jour,En agglomération,Hors intersection,Normale,Deux véhicules - frontale,,,,,,,,,,,1,2,1,1.0,1.0
201700050675,0017-03-07 13:00:00,17,3,7,13,0,690,276,MARRONNIERS (DES),,,Plein jour,En agglomération,Hors intersection,Normale,Deux véhicules - frontale,,,,,,,,,,,1,2,1,1.0,1.0
201700050676,0017-03-08 13:48:00,17,3,8,13,48,690,259,"11, GEORGES LYVET",,,Plein jour,En agglomération,Hors intersection,Normale,Deux véhicules - côté,,,,,,,,,,,1,2,1,1.0,3.0
201700050677,0017-03-08 20:59:00,17,3,8,20,59,690,387,BERTHELOT,45.74532,4.84195,Nuit avec éclairage allumé,En agglomération,Intersection en X,Normale,Deux véhicules - côté,,,,,,,,,,,5,2,2,1.0,3.0
201700050678,0017-03-10 10:35:00,17,3,10,10,35,690,388,MOSELLE (DE LA),,,Plein jour,En agglomération,Hors intersection,Normale,Deux véhicules - côté,,,,,,,,,,,1,2,1,1.0,3.0
201700050679,0017-03-10 09:14:00,17,3,10,9,14,690,387,"22, GERLAND (DE)",,,Plein jour,En agglomération,Hors intersection,Normale,Deux véhicules - arrière,,,,,,,,,,,1,2,1,1.0,2.0
201700050680,0017-03-11 17:40:00,17,3,11,17,40,690,276,"47, VIENNE (DE)",,,Plein jour,En agglomération,Hors intersection,Normale,Deux véhicules - arrière,,,,,,,,,,,1,2,1,1.0,2.0
201700050681,0017-03-13 05:30:00,17,3,13,5,30,690,383,"72, MAURICE FLANDIN",,,Nuit avec éclairage allumé,En agglomération,Hors intersection,Normale,Autre collision,,,,,,,,,,,5,2,1,1.0,6.0
201700050682,0017-03-10 15:05:00,17,3,10,15,5,690,386,"88, VITTON",45.76997,4.85849,Plein jour,En agglomération,Hors intersection,Normale,Deux véhicules - côté,,,,,,,,,,,1,2,1,1.0,3.0
201700050683,0017-03-13 19:25:00,17,3,13,19,25,690,259,AMBROISE CROIZAT,45.70089,4.88754,Nuit avec éclairage allumé,En agglomération,Hors intersection,Normale,Autre collision,,,,,,,,,,,5,2,1,1.0,6.0
201700050684,0017-03-14 15:15:00,17,3,14,15,15,690,259,"4, GAMBETTA",,,Plein jour,En agglomération,Autre intersection,Normale,Autre collision,,,,,,,,,,,1,2,9,1.0,6.0
201700050685,0017-03-12 18:50:00,17,3,12,18,50,690,387,DOMER,,,Nuit avec éclairage allumé,En agglomération,Intersection en X,Normale,Deux véhicules - côté,,,,,,,,,,,5,2,2,1.0,3.0
201700050686,0017-03-15 15:35:00,17,3,15,15,35,690,387,"24, COMMANDANT AYASSE",45.73622,4.82645,Plein jour,Hors agglomération,Hors intersection,Temps éblouissant,Autre collision,,,,,,,,,,,1,1,1,7.0,6.0
201700050687,0017-03-15 17:00:00,17,3,15,17,0,690,387,CHALLEMEL LACOUR,,,Plein jour,En agglomération,Intersection en X,Normale,Deux véhicules - frontale,,,,,,,,,,,1,2,2,1.0,1.0
201700050688,0017-03-15 18:30:00,17,3,15,18,30,690,388,PINEL,,,Nuit avec éclairage allumé,En agglomération,Hors intersection,Normale,Deux véhicules - arrière,,,,,,,,,,,5,2,1,1.0,2.0
201700050689,0017-02-21 20:00:00,17,2,21,20,0,690,387,GUILLOTIERE (DE LA),,,Nuit avec éclairage allumé,En agglomération,Hors intersection,Normale,Deux véhicules - arrière,,,,,,,,,,,5,2,1,1.0,2.0
201700050690,0017-03-16 23:45:00,17,3,16,23,45,690,387,"77, PASTEUR",,,Nuit avec éclairage allumé,En agglomération,Intersection en X,Normale,Deux véhicules - côté,,,,,,,,,,,5,2,2,1.0,3.0
201700050691,0017-03-16 20:00:00,17,3,16,20,0,690,199,"8, ALBERT THOMAS",,,Nuit avec éclairage allumé,En agglomération,Intersection en X,Normale,Autre collision,,,,,,,,,,,5,2,2,1.0,6.0
201700050692,0017-03-17 11:25:00,17,3,17,11,25,690,387,"99, GUILLOTIERE (DE LA)",,,Plein jour,En agglomération,Intersection en T,Temps éblouissant,Autre collision,,,,,,,,,,,1,2,3,7.0,6.0
201700050693,0017-03-17 22:30:00,17,3,17,22,30,690,199,"26, CARNOT",,,Nuit avec éclairage allumé,En agglomération,Hors intersection,Normale,Autre collision,,,,,,,,,,,5,2,1,1.0,6.0
201700050694,0017-03-18 02:45:00,17,3,18,2,45,690,276,BROTTEAUX (DES),,,Nuit avec éclairage allumé,En agglomération,Hors intersection,Normale,Autre collision,,,,,,,,,,,5,2,1,1.0,6.0
201700050695,0017-03-18 15:40:00,17,3,18,15,40,690,387,"126, GAMBETTA",,,Plein jour,En agglomération,Hors intersection,Temps couvert,Autre collision,,,,,,,,,,,1,2,1,8.0,6.0
201700050696,0017-03-20 08:00:00,17,3,20,8,0,690,386,"4, GENERAL SARRAIL (DU)",,,Plein jour,En agglomération,Hors intersection,Normale,Autre collision,,,,,,,,,,,1,2,1,1.0,6.0
201700050697,0017-12-23 16:00:00,17,12,23,16,0,690,383,"212, PAUL BERT",45.75,4.86,Plein jour,En agglomération,Hors intersection,Normale,Autre collision,,,,,,,,,,,1,2,1,1.0,6.0
201700050698,0017-03-04 17:00:00,17,3,4,17,0,690,383,"83, PAUL BERT",,,Plein jour,En agglomération,Hors intersection,Normale,Deux véhicules - côté,,,,,,,,,,,1,2,1,1.0,3.0
201700050699,0017-03-20 10:50:00,17,3,20,10,50,690,388,"50, ETATS UNIS (DES)",45.736,4.862,Plein jour,En agglomération,Hors intersection,Normale,Autre collision,,,,,,,,,,,1,2,1,1.0,6.0
201700050700,0017-03-20 19:20:00,17,3,20,19,20,690,388,VIENNE (DE),,,Nuit avec éclairage allumé,En agglomération,Hors intersection,Normale,Autre collision,,,,,,,,,,,5,2,1,1.0,6.0
201700050701,0017-03-21 09:10:00,17,3,21,9,10,690,387,"12, CLAUDE BERNARD",,,Plein jour,En agglomération,Hors intersection,Normale,Deux véhicules - côté,,,,,,,,,,,1,2,1,1.0,3.0
201700050702,0017-03-20 19:50:00,17,3,20,19,50,690,387,CHAMBAUD DE LA BRUYERE,45.72256,4.84234,Nuit avec éclairage allumé,Hors agglomération,Hors intersection,Normale,Autre collision,,,,,,,,,,,5,1,1,1.0,6.0
201700050703,0017-03-21 11:50:00,17,3,21,11,50,690,383,"29, PIERRE BONNAUD",,,Plein jour,En agglomération,Intersection en T,Normale,Autre collision,,,,,,,,,,,1,2,3,1.0,6.0
201700050704,0017-03-22 14:40:00,17,3,22,14,40,690,383,VICTOR AUGAGNEUR,,,Plein jour,En agglomération,Intersection en T,Normale,Deux véhicules - côté,,,,,,,,,,,1,2,3,1.0,3.0
201700050705,0017-03-23 12:00:00,17,3,23,12,0,690,387,"19, DEBOURG",,,Plein jour,En agglomération,Hors intersection,Normale,Autre collision,,,,,,,,,,,1,2,1,1.0,6.0
201700050706,0017-03-23 19:00:00,17,3,23,19,0,690,383,"49, ALBERT THOMAS",,,Nuit avec éclairage allumé,En agglomération,Hors intersection,Pluie légère,Autre collision,,,,,,,,,,,5,2,1,2.0,6.0
201700050707,0017-03-24 04:47:00,17,3,24,4,47,690,199,"40, YVES FARGE",,,Nuit avec éclairage allumé,En agglomération,Hors intersection,Pluie légère,Autre collision,,,,,,,,,,,5,2,1,2.0,6.0
201700050708,0017-03-23 19:45:00,17,3,23,19,45,690,387,", JANGOT",45.75218,4.84162,Nuit avec éclairage allumé,En agglomération,Intersection en X,Pluie forte,Deux véhicules - côté,,,,,,,,,,,5,2,2,3.0,3.0
201700050709,0017-03-24 16:05:00,17,3,24,16,5,690,383,VERLET HANUS,,,Plein jour,En agglomération,Intersection en X,Normale,Deux véhicules - côté,,,,,,,,,,,1,2,2,1.0,3.0
201700050710,0017-03-25 00:01:00,17,3,25,0,1,690,383,"128, GAMBETTA",,,Nuit avec éclairage allumé,En agglomération,Hors intersection,Normale,Deux véhicules - côté,,,,,,,,,,,5,2,1,1.0,3.0
201700050711,0017-03-25 23:00:00,17,3,25,23,0,690,383,JEAN LARRIVE,45.75715,4.8412,Nuit avec éclairage allumé,En agglomération,Intersection en X,Pluie légère,Deux véhicules - frontale,,,,,,,,,,,5,2,2,2.0,1.0
201700050712,0017-03-26 18:30:00,17,3,26,18,30,690,383,PAUL BERT,,,Plein jour,En agglomération,Hors intersection,Normale,Deux véhicules - côté,,,,,,,,,,,1,2,1,1.0,3.0
201700050713,0017-03-27 09:00:00,17,3,27,9,0,690,388,"258, VIENNE (DE)",45.727,4.853,Plein jour,En agglomération,Hors intersection,Normale,Autre collision,,,,,,,,,,,1,2,1,1.0,6.0
201700050714,0017-03-28 10:40:00,17,3,28,10,40,690,388,"170, ETATS UNIS (DES)",,,Plein jour,En agglomération,Hors intersection,Normale,Autre collision,,,,,,,,,,,1,2,1,1.0,6.0
201700050715,0017-03-26 18:45:00,17,3,26,18,45,690,383,VILLETTE (DE LA),,,Plein jour,En agglomération,Hors intersection,Normale,Deux véhicules - frontale,,,,,,,,,,,1,2,1,1.0,1.0
201700050716,0017-03-30 08:30:00,17,3,30,8,30,690,199,"40, PARMENTIER",,,Plein jour,En agglomération,Hors intersection,Temps éblouissant,Autre collision,,,,,,,,,,,1,2,1,7.0,6.0
201700050717,0017-03-30 09:20:00,17,3,30,9,20,690,387,"75, TONY GARNIER",,,Plein jour,En agglomération,Intersection en T,Normale,Autre collision,,,,,,,,,,,1,2,3,1.0,6.0
201700050718,0017-03-14 09:10:00,17,3,14,9,10,690,387,CROIX BARRET (DE LA),,,Plein jour,En agglomération,Intersection en T,Normale,Deux véhicules - côté,,,,,,,,,,,1,2,3,1.0,3.0
201700050719,0017-03-30 14:35:00,17,3,30,14,35,690,386,CUVIER,,,Plein jour,En agglomération,Intersection en X,Normale,Autre collision,,,,,,,,,,,1,2,2,1.0,6.0
201700050720,0017-03-30 17:00:00,17,3,30,17,0,690,387,PRE GAUDRY,,,Plein jour,En agglomération,Intersection en X,Normale,Autre collision,,,,,,,,,,,1,2,2,1.0,6.0
201700050721,0017-03-30 18:45:00,17,3,30,18,45,690,259,"12, OSCHATZ (D')",,,Plein jour,En agglomération,Hors intersection,Normale,Deux véhicules - côté,,,,,,,,,,,1,2,1,1.0,3.0
201700050722,0017-03-31 14:50:00,17,3,31,14,50,690,276,LYON (DE),,,Plein jour,Hors agglomération,Hors intersection,Normale,Trois véhicules et plus - collisions multiples,,,,,,,,,,,1,1,1,1.0,5.0
201700050723,0017-03-31 17:30:00,17,3,31,17,30,690,387,UNIVERSITE (DE L'),,,Plein jour,En agglomération,Intersection en X,Normale,Deux véhicules - frontale,,,,,,,,,,,1,2,2,1.0,1.0
201700050724,0017-03-31 18:20:00,17,3,31,18,20,690,259,"36-38, GENERAL PETIT (DU",,,Plein jour,En agglomération,Hors intersection,Normale,Autre collision,,,,,,,,,,,1,2,1,1.0,6.0
201700050725,0017-04-01 11:45:00,17,4,1,11,45,690,386,LAFAYETTE,45.76372,4.86375,Plein jour,En agglomération,Intersection en X,Normale,Deux véhicules - côté,,,,,,,,,,,1,2,2,1.0,3.0
201700050726,0017-04-03 08:15:00,17,4,3,8,15,690,388,PROFESSEUR RANVIER (DU),45.73604,4.88648,Plein jour,En agglomération,Hors intersection,Normale,Autre collision,,,,,,,,,,,1,2,1,1.0,6.0
201700050727,0017-03-28 10:15:00,17,3,28,10,15,690,386,"42, BUGEAUD",45.76632,4.84771,Plein jour,En agglomération,Intersection en X,Normale,Autre collision,,,,,,,,,,,1,2,2,1.0,6.0
201700050728,0017-04-03 17:35:00,17,4,3,17,35,690,276,"21, VIENNE (DE)",45.6664,4.85868,Plein jour,En agglomération,Hors intersection,Normale,Deux véhicules - arrière,,,,,,,,,,,1,2,1,1.0,2.0
201700050729,0017-04-04 00:35:00,17,4,4,0,35,690,388,"11, EPARGNE (DE L')",45.74429,4.85191,Nuit avec éclairage allumé,En agglomération,Hors intersection,Normale,Autre collision,,,,,,,,,,,5,2,1,1.0,6.0
201700050730,0017-04-04 10:40:00,17,4,4,10,40,690,386,"80, CHARLES DE GAULLE",45.785,4.85135,Plein jour,En agglomération,Hors intersection,Normale,Deux véhicules - arrière,,,,,,,,,,,1,2,1,1.0,2.0