accident_id,datetime,annee,mois,jour,heure,minute,departement,commune_insee,adresse,latitude,longitude,luminosite,agglomeration,intersection,meteo,collision,nb_vehicules,nb_usagers,nb_indemnes,nb_tues,nb_blesses_hosp,nb_blesses_legers,age_cond_1,age_cond_2,veh_type_cond_1,veh_type_cond_2,lum_code,agg_code,int_code,atm_code,col_code
201700050731,0017-04-03 17:55:00,17,4,3,17,55,690,276,"23, VIENNE (DE)",45.66683,4.85885,Plein jour,En agglomération,Hors intersection,Normale,Trois véhicules et plus - collisions multiples,,,,,,,,,,,1,2,1,1.0,5.0
201700050732,0017-04-04 13:00:00,17,4,4,13,0,690,386,"25, BUGEAUD",45.76596,4.84398,Plein jour,En agglomération,Hors intersection,Normale,Deux véhicules - côté,,,,,,,,,,,1,2,1,1.0,3.0
201700050733,0017-04-05 10:10:00,17,4,5,10,10,690,387,"44, GAMBETTA",45.83525,4.84591,Plein jour,En agglomération,Hors intersection,Normale,Autre collision,,,,,,,,,,,1,2,1,1.0,6.0
201700050734,0017-04-05 12:40:00,17,4,5,12,40,690,386,"100, DUGUESCLIN  (R)",45.76871,4.84736,Plein jour,En agglomération,Hors intersection,Normale,Autre collision,,,,,,,,,,,1,2,1,1.0,6.0
201700050735,0017-04-05 16:30:00,17,4,5,16,30,690,388,PAUL CAZENEUVE,45.733,4.862,Plein jour,En agglomération,Intersection en X,Normale,Deux véhicules - frontale,,,,,,,,,,,1,2,2,1.0,1.0
201700050736,0017-04-05 16:30:00,17,4,5,16,30,690,387,DEBOURG,45.73135,4.83365,Plein jour,En agglomération,Intersection en X,Normale,Deux véhicules - côté,,,,,,,,,,,1,2,2,1.0,3.0
201700050737,0017-04-05 20:55:00,17,4,5,20,55,690,383,ANTOINE CHARIAL,45.75811,4.86758,Nuit avec éclairage allumé,En agglomération,Intersection en T,Normale,Deux véhicules - côté,,,,,,,,,,,5,2,3,1.0,3.0
201700050738,0017-04-07 12:25:00,17,4,7,12,25,690,388,"211, VIENNE (DE)",45.73112,4.85358,Plein jour,En agglomération,Hors intersection,Normale,Deux véhicules - frontale,,,,,,,,,,,1,2,1,1.0,1.0
201700050739,0017-04-07 13:30:00,17,4,7,13,30,690,383,"3, FELIX FAURE",45.75393,4.86163,Plein jour,En agglomération,Intersection en X,Normale,Deux véhicules - côté,,,,,,,,,,,1,2,2,1.0,3.0
201700050740,0017-04-08 22:25:00,17,4,8,22,25,690,383,PIERRE CORNEILLE,45.75817,4.84494,Nuit avec éclairage allumé,En agglomération,Intersection en X,Normale,Deux véhicules - côté,,,,,,,,,,,5,2,2,1.0,3.0
201700050741,0017-04-09 00:10:00,17,4,9,0,10,690,388,CROIX BARRET (DE LA),45.73711,4.85035,Nuit avec éclairage allumé,En agglomération,Intersection en X,Normale,Deux véhicules - côté,,,,,,,,,,,5,2,2,1.0,3.0
201700050742,0017-04-09 12:30:00,17,4,9,12,30,690,199,"5, EDOUARD VAILLANT",45.71179,4.85929,Plein jour,En agglomération,Hors intersection,Normale,Autre collision,,,,,,,,,,,1,2,1,1.0,6.0
201700050743,0017-04-10 13:15:00,17,4,10,13,15,690,383,GEORGES POMPIDOU,,,Plein jour,En agglomération,Hors intersection,Normale,Autre collision,,,,,,,,,,,1,2,1,1.0,6.0
201700050744,0017-04-11 15:45:00,17,4,11,15,45,690,259,"33, DOCTEUR GEORGES LEVY",45.71947,4.86231,Plein jour,En agglomération,Autre intersection,Normale,Deux véhicules - côté,,,,,,,,,,,1,2,9,1.0,3.0
201700050745,0017-04-11 17:11:00,17,4,11,17,11,690,383,"93, ANTOINE CHARIAL",45.75773,4.87032,Plein jour,En agglomération,Hors intersection,Normale,Autre collision,,,,,,,,,,,1,2,1,1.0,6.0
201700050746,0017-04-12 08:15:00,17,4,12,8,15,690,386,GARIBALDI,45.76854,4.85054,Plein jour,En agglomération,Intersection en X,Normale,Autre collision,,,,,,,,,,,1,2,2,1.0,6.0
201700050747,0017-04-12 14:45:00,17,4,12,14,45,690,388,"139, PROFESSEUR BEAUVISA",45.72892,4.86618,Plein jour,En agglomération,Hors intersection,Normale,Autre collision,,,,,,,,,,,1,2,1,1.0,6.0
201700050748,0017-04-12 15:15:00,17,4,12,15,15,690,387,"217B, JEAN JAURES",45.73511,4.83589,Plein jour,En agglomération,Hors intersection,Normale,Autre collision,,,,,,,,,,,1,2,1,1.0,6.0
201700050749,0017-04-12 17:41:00,17,4,12,17,41,690,386,"7, JULIETTE RECAMIER",45.76417,4.85335,Plein jour,En agglomération,Intersection en T,Normale,Deux véhicules - côté,,,,,,,,,,,1,2,3,1.0,3.0
201700050750,0017-04-13 08:00:00,17,4,13,8,0,690,388,ETATS UNIS (DES),45.72938,4.86743,Plein jour,En agglomération,Intersection en X,Normale,Deux véhicules - côté,,,,,,,,,,,1,2,2,1.0,3.0
201700050751,0017-04-13 17:20:00,17,4,13,17,20,690,387,"22, LECLERC",45.74397,4.82997,Plein jour,En agglomération,Hors intersection,Normale,Deux véhicules - côté,,,,,,,,,,,1,2,1,1.0,3.0
201700050752,0017-04-14 08:20:00,17,4,14,8,20,690,383,CHAPONNAY,45.75828,4.84701,Plein jour,En agglomération,Intersection en X,Normale,Autre collision,,,,,,,,,,,1,2,2,1.0,6.0
201700050753,0017-04-14 08:50:00,17,4,14,8,50,690,383,"163, LACASSAGNE",45.74787,4.88117,Plein jour,En agglomération,Hors intersection,Normale,Autre collision,,,,,,,,,,,1,2,1,1.0,6.0
201700050754,0017-04-14 21:00:00,17,4,14,21,0,690,388,MONTAGNY (DE),45.73713,4.85033,Nuit avec éclairage allumé,En agglomération,Intersection en X,Normale,Deux véhicules - arrière,,,,,,,,,,,5,2,2,1.0,2.0
201700050755,0017-04-15 07:45:00,17,4,15,7,45,690,259,"62, IRENE JOLIOT CURIE",45.71473,4.87898,Plein jour,En agglomération,Hors intersection,Normale,Trois véhicules et plus - en chaîne,,,,,,,,,,,1,2,1,1.0,4.0
201700050756,0017-04-16 17:30:00,17,4,16,17,30,690,387,"336, GARIBALDI",45.74842,4.8527,Plein jour,En agglomération,Hors intersection,Normale,Deux véhicules - arrière,,,,,,,,,,,1,2,1,1.0,2.0
201700050757,0017-04-17 19:20:00,17,4,17,19,20,690,383,"10, GANDOLIERE",45.76071,4.86545,Plein jour,En agglomération,Hors intersection,Normale,Autre collision,,,,,,,,,,,1,2,1,1.0,6.0
201700050758,0017-04-17 20:00:00,17,4,17,20,0,690,388,"112, ALBERT THOMAS",45.74636,4.86892,Plein jour,En agglomération,Hors intersection,Normale,Deux véhicules - côté,,,,,,,,,,,1,2,1,1.0,3.0
201700050759,0017-04-19 07:20:00,17,4,19,7,20,690,383,"77, VILLEROY",45.75485,4.84996,Plein jour,En agglomération,Intersection en X,Normale,Deux véhicules - côté,,,,,,,,,,,1,2,2,1.0,3.0
201700050760,0017-04-19 08:45:00,17,4,19,8,45,690,383,CHAPONNAY,45.75837,4.84865,Plein jour,En agglomération,Intersection en X,Normale,Deux véhicules - frontale,,,,,,,,,,,1,2,2,1.0,1.0
201700050761,0017-04-19 15:09:00,17,4,19,15,9,690,387,"174, JEAN JAURES",45.7381,4.83766,Plein jour,En agglomération,Hors intersection,Normale,Deux véhicules - côté,,,,,,,,,,,1,2,1,1.0,3.0
201700050762,0017-04-20 12:25:00,17,4,20,12,25,690,259,"5, MARTYRS DE LA RESISTA",45.69336,4.87425,Plein jour,En agglomération,Intersection en T,Normale,Deux véhicules - côté,,,,,,,,,,,1,2,3,1.0,3.0
201700050763,0017-04-20 11:45:00,17,4,20,11,45,690,388,ROCKEFELLER,,,Plein jour,En agglomération,Hors intersection,Normale,Autre collision,,,,,,,,,,,1,2,1,1.0,6.0
201700050764,0017-04-20 19:15:00,17,4,20,19,15,690,259,"1, AMBROISE CROIZAT",45.70651,4.88752,Plein jour,En agglomération,Hors intersection,Normale,Autre collision,,,,,,,,,,,1,2,1,1.0,6.0
201700050765,0017-04-21 21:40:00,17,4,21,21,40,690,383,"64, ANTOINE CHARIAL",45.75802,4.868,Nuit avec éclairage allumé,En agglomération,Hors intersection,Normale,Deux véhicules - arrière,,,,,,,,,,,5,2,1,1.0,2.0
201700050766,0017-04-21 23:15:00,17,4,21,23,15,690,383,PINEL,45.75204,4.89602,Nuit avec éclairage allumé,Hors agglomération,Intersection en X,Normale,Deux véhicules - côté,,,,,,,,,,,5,1,2,1.0,3.0
201700050767,0017-04-21 12:40:00,17,4,21,12,40,690,387,"60, JEAN JAURES",45.74887,4.84404,Plein jour,En agglomération,Intersection en X,Normale,Deux véhicules - côté,,,,,,,,,,,1,2,2,1.0,3.0
201700050768,0017-04-22 16:55:00,17,4,22,16,55,690,388,"147, VIENNE (DE)",45.73569,4.85316,Plein jour,En agglomération,Hors intersection,Normale,Autre collision,,,,,,,,,,,1,2,1,1.0,6.0
201700050769,0017-04-24 08:35:00,17,4,24,8,35,690,387,"118, GAMBETTA",45.75122,4.85482,Plein jour,En agglomération,Hors intersection,Normale,Deux véhicules - côté,,,,,,,,,,,1,2,1,1.0,3.0
201700050770,0017-04-24 09:20:00,17,4,24,9,20,690,388,ST GERVAIS,45.74178,4.86215,Plein jour,Hors agglomération,Intersection en X,Normale,Deux véhicules - frontale,,,,,,,,,,,1,1,2,1.0,1.0
201700050771,0017-04-24 15:00:00,17,4,24,15,0,690,259,"219, PIERRE SEMARD",45.70858,4.87624,Plein jour,En agglomération,Hors intersection,Normale,Deux véhicules - côté,,,,,,,,,,,1,2,1,1.0,3.0
201700050772,0017-04-24 16:15:00,17,4,24,16,15,690,386,"01 bis, BELGES (DES)",45.77627,4.84513,Plein jour,En agglomération,Hors intersection,Normale,Autre collision,,,,,,,,,,,1,2,1,1.0,6.0
201700050773,0017-04-25 04:20:00,17,4,25,4,20,690,386,JULES FAVRE,45.76819,4.85893,Nuit avec éclairage allumé,En agglomération,Intersection en X,Normale,Deux véhicules - côté,,,,,,,,,,,5,2,2,1.0,3.0
201700050774,0017-04-25 11:30:00,17,4,25,11,30,690,383,"107, ALBERT THOMAS",45.74537,4.87172,Plein jour,En agglomération,Hors intersection,Pluie légère,Autre collision,,,,,,,,,,,1,2,1,2.0,6.0
201700050775,0017-04-25 23:45:00,17,4,25,23,45,690,388,"95, ETATS UNIS (DES)",45.7305,4.86679,Nuit avec éclairage allumé,En agglomération,Hors intersection,Normale,Autre collision,,,,,,,,,,,5,2,1,1.0,6.0
201700050776,0017-04-27 17:00:00,17,4,27,17,0,690,387,"66, PASTEUR",45.75171,4.83898,Plein jour,Hors agglomération,Hors intersection,Normale,Deux véhicules - côté,,,,,,,,,,,1,1,1,1.0,3.0
201700050777,0017-04-28 10:40:00,17,4,28,10,40,690,383,DESAIX,,,Plein jour,En agglomération,Hors intersection,Normale,Autre collision,,,,,,,,,,,1,2,1,1.0,6.0
201700050778,0017-04-28 19:30:00,17,4,28,19,30,690,259,AMBROISE CROIZAT,45.70312,4.88757,Plein jour,En agglomération,Intersection en X,Normale,Deux véhicules - côté,,,,,,,,,,,1,2,2,1.0,3.0
201700050779,0017-04-27 19:00:00,17,4,27,19,0,690,387,"210, MARCEL MERIEUX",45.73167,4.82992,Plein jour,En agglomération,Hors intersection,Pluie légère,Deux véhicules - côté,,,,,,,,,,,1,2,1,2.0,3.0
201700050780,0017-04-29 14:50:00,17,4,29,14,50,690,386,"170, STALINGRAD (DE)",45.77033,4.8585,Plein jour,En agglomération,Hors intersection,Normale,Autre collision,,,,,,,,,,,1,2,1,1.0,6.0
201700050781,0017-04-29 19:40:00,17,4,29,19,40,690,386,"33, FRANKLIN ROOSEVELT",45.76907,4.84785,Plein jour,En agglomération,Hors intersection,Normale,Deux véhicules - arrière,,,,,,,,,,,1,2,1,1.0,2.0
201700050782,0017-04-30 19:45:00,17,4,30,19,45,690,199,CHARLES PLASSE,45.7095,4.8516,Plein jour,En agglomération,Intersection en X,Normale,Deux véhicules - côté,,,,,,,,,,,1,2,2,1.0,3.0
201700050783,0017-05-02 14:35:00,17,5,2,14,35,690,259,GERMAINE TILLION,45.7052,4.87469,Plein jour,En agglomération,Hors intersection,Pluie légère,Autre collision,,,,,,,,,,,1,2,1,2.0,6.0
201700050784,0017-05-02 13:00:00,17,5,2,13,0,690,383,LACASSAGNE,45.75148,4.87215,Plein jour,En agglomération,Intersection en T,Pluie légère,Deux véhicules - côté,,,,,,,,,,,1,2,3,2.0,3.0
201700050785,0017-02-03 07:55:00,17,2,3,7,55,690,387,"29, UNIVERSITE (DE L')",,,Plein jour,En agglomération,Hors intersection,Normale,Deux véhicules - arrière,,,,,,,,,,,1,2,1,1.0,2.0
201700050786,0017-05-02 18:00:00,17,5,2,18,0,690,387,MARC BLOCH,45.74537,4.8488,Plein jour,En agglomération,Hors intersection,Pluie légère,Deux véhicules - arrière,,,,,,,,,,,1,2,1,2.0,2.0
201700050787,0017-05-03 05:40:00,17,5,3,5,40,690,259,EUGENE HENAFF,45.68956,4.90499,Crépuscule ou aube,En agglomération,Hors intersection,Pluie légère,Deux véhicules - arrière,,,,,,,,,,,2,2,1,2.0,2.0
201700050788,0017-05-04 19:30:00,17,5,4,19,30,690,387,MONTESQUIEU,45.7531,4.84208,Plein jour,En agglomération,Intersection en X,Normale,Deux véhicules - côté,,,,,,,,,,,1,2,2,1.0,3.0
201700050789,0017-05-05 14:20:00,17,5,5,14,20,690,383,"136, FELIX FAURE",45.75322,4.85512,Plein jour,En agglomération,Intersection en X,Normale,Deux véhicules - côté,,,,,,,,,,,1,2,2,1.0,3.0
201700050790,0017-05-06 00:50:00,17,5,6,0,50,690,386,GARIBALDI,45.77319,4.84975,Nuit avec éclairage allumé,En agglomération,Intersection en X,Normale,Deux véhicules - côté,,,,,,,,,,,5,2,2,1.0,3.0
201700050791,0017-05-06 05:55:00,17,5,6,5,55,690,387,"118, CHALLEMEL LACOUR",45.72994,4.83572,Nuit avec éclairage allumé,En agglomération,Hors intersection,Normale,Deux véhicules - frontale,,,,,,,,,,,5,2,1,1.0,1.0
201700050792,0017-05-06 12:40:00,17,5,6,12,40,690,259,PIERRE SEMARD,45.70785,4.87638,Plein jour,En agglomération,Hors intersection,Pluie légère,Trois véhicules et plus - collisions multiples,,,,,,,,,,,1,2,1,2.0,5.0
201700050793,0017-05-06 13:10:00,17,5,6,13,10,690,259,"26, IRENE JOLIOT CURIE",45.71069,4.88314,Plein jour,En agglomération,Hors intersection,Pluie légère,Trois véhicules et plus - en chaîne,,,,,,,,,,,1,2,1,2.0,4.0
201700050794,0017-05-05 18:00:00,17,5,5,18,0,690,388,DENIS,45.73061,4.86176,Plein jour,En agglomération,Hors intersection,Normale,Deux véhicules - frontale,,,,,,,,,,,1,2,1,1.0,1.0
201700050795,0017-05-05 21:10:00,17,5,5,21,10,690,388,"43, JEAN MERMOZ",45.73494,4.87402,Nuit avec éclairage allumé,En agglomération,Hors intersection,Normale,Deux véhicules - côté,,,,,,,,,,,5,2,1,1.0,3.0
201700050796,0017-05-08 13:25:00,17,5,8,13,25,690,386,"14, JULES FERRY",45.76752,4.85875,Plein jour,En agglomération,Hors intersection,Normale,Deux véhicules - frontale,,,,,,,,,,,1,2,1,1.0,1.0
201700050797,0017-05-08 14:20:00,17,5,8,14,20,690,388,"290, VIENNE (DE)",45.73174,4.85341,Plein jour,En agglomération,Hors intersection,Normale,Deux véhicules - côté,,,,,,,,,,,1,2,1,1.0,3.0
201700050798,0017-05-04 08:30:00,17,5,4,8,30,690,383,RECONNAISSANCE (DE LA),45.75375,4.88567,Plein jour,Hors agglomération,Hors intersection,Normale,Autre collision,,,,,,,,,,,1,1,1,1.0,6.0
201700050799,0017-05-09 16:40:00,17,5,9,16,40,690,388,", ETATS UNIS (DES)",45.73111,4.86624,Plein jour,En agglomération,Intersection en X,Temps éblouissant,Deux véhicules - côté,,,,,,,,,,,1,2,2,7.0,3.0
201700050800,0017-05-10 08:20:00,17,5,10,8,20,690,383,"74, LIBERTE (DE LA)",45.75825,4.84229,Plein jour,En agglomération,Hors intersection,Normale,Autre collision,,,,,,,,,,,1,2,1,1.0,6.0
201700050801,0017-05-10 17:10:00,17,5,10,17,10,690,259,"38, GAMBETTA",45.69877,4.88307,Plein jour,En agglomération,Hors intersection,Normale,Autre collision,,,,,,,,,,,1,2,1,1.0,6.0
201700050802,0017-05-11 11:15:00,17,5,11,11,15,690,388,", PROFESSEUR PAUL SISLEY",45.74472,4.86798,Plein jour,En agglomération,Intersection en X,Pluie légère,Autre collision,,,,,,,,,,,1,2,2,2.0,6.0
201700050803,0017-05-12 14:45:00,17,5,12,14,45,690,386,"147, CREQUI (DE)",45.77236,4.84519,Plein jour,En agglomération,Intersection en X,Pluie légère,Deux véhicules - côté,,,,,,,,,,,1,2,2,2.0,3.0
201700050804,0017-05-12 17:50:00,17,5,12,17,50,690,383,"166, FELIX FAURE",45.75329,4.85494,Plein jour,En agglomération,Hors intersection,Normale,Trois véhicules et plus - collisions multiples,,,,,,,,,,,1,2,1,1.0,5.0
201700050805,0017-05-12 23:15:00,17,5,12,23,15,690,259,IRENE JOLIOT CURIE,45.71055,4.88322,Nuit avec éclairage allumé,En agglomération,Autre intersection,Pluie légère,Autre collision,,,,,,,,,,,5,2,9,2.0,6.0
201700050806,0017-05-13 11:40:00,17,5,13,11,40,690,386,"8, JULES FAVRE",45.76521,4.85899,Plein jour,En agglomération,Hors intersection,Pluie légère,Autre collision,,,,,,,,,,,1,2,1,2.0,6.0
201700050807,0017-05-13 12:50:00,17,5,13,12,50,690,199,"43, CARNOT",45.70821,4.85718,Plein jour,En agglomération,Intersection en T,Pluie légère,Deux véhicules - côté,,,,,,,,,,,1,2,3,2.0,3.0
201700050808,0017-05-14 05:45:00,17,5,14,5,45,690,386,LAFAYETTE,45.76521,4.85899,Crépuscule ou aube,En agglomération,Intersection à plus de 4 branches,Normale,Deux véhicules - côté,,,,,,,,,,,2,2,5,1.0,3.0
201700050809,0017-05-14 19:00:00,17,5,14,19,0,690,387,SEBASTIEN GRYPHE,45.76521,4.85899,Plein jour,En agglomération,Hors intersection,Normale,Autre collision,,,,,,,,,,,1,2,1,1.0,6.0
201700050810,0017-05-13 01:00:00,17,5,13,1,0,690,387,"08, RAULIN",45.74899,4.83591,Nuit sans éclairage public,En agglomération,Intersection en X,Normale,Deux véhicules - côté,,,,,,,,,,,3,2,2,1.0,3.0
201700050811,0017-05-15 20:15:00,17,5,15,20,15,690,387,RAOUL SERVANT,45.74564,4.83654,Plein jour,En agglomération,Intersection en X,Normale,Deux véhicules - côté,,,,,,,,,,,1,2,2,1.0,3.0
201700050812,0017-05-16 14:00:00,17,5,16,14,0,690,383,VICTOR AUGAGNEUR,45.76521,4.85899,Plein jour,Hors agglomération,Intersection en X,Normale,Deux véhicules - côté,,,,,,,,,,,1,1,2,1.0,3.0
201700050813,0017-05-16 15:45:00,17,5,16,15,45,690,388,PAUL SANTY,45.73621,4.86964,Plein jour,En agglomération,Intersection en X,Normale,Deux véhicules - côté,,,,,,,,,,,1,2,2,1.0,3.0
201700050814,0017-05-16 18:35:00,17,5,16,18,35,690,259,FRANCIS DE PRESSENSE,45.71432,4.87273,Plein jour,En agglomération,Hors intersection,Normale,Deux véhicules - côté,,,,,,,,,,,1,2,1,1.0,3.0
201700050815,0017-05-17 00:01:00,17,5,17,0,1,690,387,DEBOURG,45.73164,4.82435,Nuit avec éclairage allumé,En agglomération,Intersection en X,Normale,Deux véhicules - arrière,,,,,,,,,,,5,2,2,1.0,2.0
201700050816,0017-05-17 08:30:00,17,5,17,8,30,690,383,"47, FELIX FAURE",45.75322,4.85498,Plein jour,En agglomération,Intersection en X,Normale,Deux véhicules - côté,,,,,,,,,,,1,2,2,1.0,3.0
201700050817,0017-05-19 02:00:00,17,5,19,2,0,690,386,"11, JULES FERRY",45.7666,4.858,Nuit avec éclairage allumé,En agglomération,Intersection en X,Pluie forte,Deux véhicules - côté,,,,,,,,,,,5,2,2,3.0,3.0
201700050818,0017-05-17 19:20:00,17,5,17,19,20,690,388,"14, FRERES LUMIERE (DES)",45.74639,4.86223,Plein jour,En agglomération,Hors intersection,Normale,Autre collision,,,,,,,,,,,1,2,1,1.0,6.0
201700050819,0017-05-19 10:25:00,17,5,19,10,25,690,387,"167, BERTHELOT",45.74099,4.8552,Plein jour,En agglomération,Hors intersection,Temps couvert,Autre collision,,,,,,,,,,,1,2,1,8.0,6.0
201700050820,0017-05-20 10:45:00,17,5,20,10,45,690,388,"12, ANDRE LATARJET",45.72964,4.88607,Plein jour,Hors agglomération,Hors intersection,Normale,Autre collision,,,,,,,,,,,1,1,1,1.0,6.0
201700050821,0017-05-20 12:25:00,17,5,20,12,25,690,387,"05, JEAN JAURES",45.74225,4.84005,Plein jour,Hors agglomération,Hors intersection,Normale,Autre collision,,,,,,,,,,,1,1,1,1.0,6.0
201700050822,0017-05-21 20:04:00,17,5,21,20,4,690,259,GEORGES LYVET,45.69505,4.87562,Plein jour,En agglomération,Intersection en T,Normale,Deux véhicules - côté,,,,,,,,,,,1,2,3,1.0,3.0
201700050823,0017-05-22 11:15:00,17,5,22,11,15,690,383,"74, VILLETTE (DE LA)",45.758,4.86181,Plein jour,En agglomération,Hors intersection,Normale,Deux véhicules - frontale,,,,,,,,,,,1,2,1,1.0,1.0
201700050824,0017-05-22 14:15:00,17,5,22,14,15,690,259,JEAN CAGNE,45.69,4.87,Plein jour,En agglomération,Hors intersection,Normale,Autre collision,,,,,,,,,,,1,2,1,1.0,6.0
201700050825,0017-05-23 09:00:00,17,5,23,9,0,690,383,"59, MARIUS VIVIER MERLE",45.75,4.85,Plein jour,En agglomération,Hors intersection,Normale,Deux véhicules - côté,,,,,,,,,,,1,2,1,1.0,3.0
201700050826,0017-05-23 11:50:00,17,5,23,11,50,690,386,"6, CRILLON",45.77053,4.84754,Plein jour,En agglomération,Hors intersection,Normale,Autre collision,,,,,,,,,,,1,2,1,1.0,6.0
201700050827,0017-05-23 17:40:00,17,5,23,17,40,690,388,"77, LAENNEC",45.73,4.88,Plein jour,En agglomération,Intersection en X,Normale,Deux véhicules - côté,,,,,,,,,,,1,2,2,1.0,3.0
201700050828,0017-05-23 16:05:00,17,5,23,16,5,690,383,"81, RICHARD VITTON",45.75322,4.89432,Plein jour,En agglomération,Hors intersection,Normale,Deux véhicules - arrière,,,,,,,,,,,1,2,1,1.0,2.0
201700050829,0017-05-24 11:35:00,17,5,24,11,35,690,386,"5/7, MARECHAL DE SAXE",45.76562,4.84442,Plein jour,En agglomération,Hors intersection,Normale,Autre collision,,,,,,,,,,,1,2,1,1.0,6.0
201700050830,0017-05-24 18:20:00,17,5,24,18,20,690,199,CHARLES MARTIN,45.71,4.84,Plein jour,En agglomération,Intersection en T,Normale,Deux véhicules - côté,,,,,,,,,,,1,2,3,1.0,3.0
201700050831,0017-05-25 18:00:00,17,5,25,18,0,690,259,11 NOVEMBRE 1918 (DU),45.68868,4.86315,Plein jour,En agglomération,Intersection en X,Normale,Deux véhicules - côté,,,,,,,,,,,1,2,2,1.0,3.0
201700050832,0017-05-26 09:50:00,17,5,26,9,50,690,387,CREPET,45.73901,4.83548,Plein jour,En agglomération,Intersection en X,Normale,Deux véhicules - frontale,,,,,,,,,,,1,2,2,1.0,1.0
201700050833,0017-05-26 16:30:00,17,5,26,16,30,690,387,"82, DEBOURG",45.73138,4.83625,Plein jour,En agglomération,Hors intersection,Normale,Deux véhicules - côté,,,,,,,,,,,1,2,1,1.0,3.0
201700050834,0017-05-27 18:30:00,17,5,27,18,30,690,199,JULES GUESDE,45.7,4.85,Plein jour,En agglomération,Intersection en T,Normale,Deux véhicules - côté,,,,,,,,,,,1,2,3,1.0,3.0
201700050835,0017-05-27 22:30:00,17,5,27,22,30,690,276,"2, TOUR (DE)",45.68236,4.86276,Nuit avec éclairage allumé,En agglomération,Hors intersection,Normale,Autre collision,,,,,,,,,,,5,2,1,1.0,6.0
201700050836,0017-05-29 08:30:00,17,5,29,8,30,690,383,PAUL BERT,45.75,4.86,Plein jour,En agglomération,Hors intersection,Normale,Deux véhicules - arrière,,,,,,,,,,,1,2,1,1.0,2.0
201700050837,0017-05-29 08:10:00,17,5,29,8,10,690,388,"252, VIENNE (DE)",45.72785,4.85367,Plein jour,En agglomération,Hors intersection,Normale,Deux véhicules - côté,,,,,,,,,,,1,2,1,1.0,3.0
201700050838,0017-05-29 09:15:00,17,5,29,9,15,690,386,"161, THIERS",,,Plein jour,En agglomération,Hors intersection,Normale,Deux véhicules - côté,,,,,,,,,,,1,2,1,1.0,3.0
201700050839,0017-05-30 00:38:00,17,5,30,0,38,690,259,"2 bis, OSCHATZ (D')",45.7,4.8,Nuit avec éclairage allumé,En agglomération,Hors intersection,Normale,Deux véhicules - arrière,,,,,,,,,,,5,2,1,1.0,2.0
201700050840,0017-05-30 17:55:00,17,5,30,17,55,690,386,"186, THIERS",45.77073,4.86158,Plein jour,En agglomération,Hors intersection,Normale,Autre collision,,,,,,,,,,,1,2,1,1.0,6.0
201700050841,0017-05-30 23:08:00,17,5,30,23,8,690,199,"55, FRERES PERRET",45.68,4.85,Nuit avec éclairage allumé,Hors agglomération,Hors intersection,Normale,Deux véhicules - côté,,,,,,,,,,,5,1,1,1.0,3.0
201700050842,0017-05-31 13:25:00,17,5,31,13,25,690,388,"342, BERTHELOT",45.73739,4.86633,Plein jour,En agglomération,Hors intersection,Normale,Autre collision,,,,,,,,,,,1,2,1,1.0,6.0
201700050843,0017-05-31 17:40:00,17,5,31,17,40,690,383,"136, FELIX FAURE",45.75411,4.86415,Plein jour,En agglomération,Hors intersection,Normale,Deux véhicules - côté,,,,,,,,,,,1,2,1,1.0,3.0
201700050844,0017-05-31 21:00:00,17,5,31,21,0,690,259,VIENNE (DE),45.72688,4.85381,Plein jour,En agglomération,Hors intersection,Normale,Deux véhicules - frontale,,,,,,,,,,,1,2,1,1.0,1.0
201700050845,0017-06-01 08:15:00,17,6,1,8,15,690,388,PAUL CAZENEUVE,45.73499,4.86393,Plein jour,En agglomération,Autre intersection,Normale,Deux véhicules - côté,,,,,,,,,,,1,2,9,1.0,3.0
201700050846,0017-06-01 15:20:00,17,6,1,15,20,690,383,FELIX FAURE,45.75,4.85,Plein jour,En agglomération,Hors intersection,Normale,Deux véhicules - frontale,,,,,,,,,,,1,2,1,1.0,1.0
201700050847,0017-06-01 21:20:00,17,6,1,21,20,690,259,REPUBLIQUE (DE LA),45.7,4.86,Crépuscule ou aube,En agglomération,Intersection en X,Pluie légère,Deux véhicules - côté,,,,,,,,,,,2,2,2,2.0,3.0
201700050848,0017-06-02 00:30:00,17,6,2,0,30,690,388,PINEL,45.73,4.88,Nuit avec éclairage allumé,Hors agglomération,Hors intersection,Normale,Autre collision,,,,,,,,,,,5,1,1,1.0,6.0
201700050849,0017-06-02 22:01:00,17,6,2,22,1,690,259,IRENE JOLIOT CURIE,45.71064,4.88303,Nuit avec éclairage allumé,En agglomération,Hors intersection,Pluie légère,Autre collision,,,,,,,,,,,5,2,1,2.0,6.0
201700050850,0017-06-03 11:25:00,17,6,3,11,25,690,388,"52, FRERES LUMIERE (DES)",45.7456,4.8642,Plein jour,En agglomération,Hors intersection,Normale,Autre collision,,,,,,,,,,,1,2,1,1.0,6.0
201700050851,0017-06-03 13:00:00,17,6,3,13,0,690,199,"32, JEAN JAURES",45.76521,4.85899,Plein jour,En agglomération,Hors intersection,Normale,Trois véhicules et plus - collisions multiples,,,,,,,,,,,1,2,1,1.0,5.0
201700050852,0017-06-03 16:45:00,17,6,3,16,45,690,383,"21, AUBIGNY (D')",45.76193,4.86746,Plein jour,En agglomération,Hors intersection,Pluie légère,Autre collision,,,,,,,,,,,1,2,1,2.0,6.0
201700050853,0017-06-02 17:40:00,17,6,2,17,40,690,388,"5/7, BENOIT BERNARD",45.73792,4.85127,Plein jour,En agglomération,Hors intersection,Normale,Autre collision,,,,,,,,,,,1,2,1,1.0,6.0