accident_id,datetime,annee,mois,jour,heure,minute,departement,commune_insee,adresse,latitude,longitude,luminosite,agglomeration,intersection,meteo,collision,nb_vehicules,nb_usagers,nb_indemnes,nb_tues,nb_blesses_hosp,nb_blesses_legers,age_cond_1,age_cond_2,veh_type_cond_1,veh_type_cond_2,lum_code,agg_code,int_code,atm_code,col_code
201700050854,0017-06-03 20:19:00,17,6,3,20,19,690,259,"200, FRANCIS DE PRESSENS",45.72,4.83,Crépuscule ou aube,Hors agglomération,Hors intersection,Pluie forte,Trois véhicules et plus - en chaîne,,,,,,,,,,,2,1,1,3.0,4.0
201700050855,0017-06-04 20:30:00,17,6,4,20,30,690,383,"325, PAUL BERT",45.75612,4.87269,Crépuscule ou aube,En agglomération,Intersection en X,Normale,Deux véhicules - frontale,,,,,,,,,,,2,2,2,1.0,1.0
201700050856,0017-06-02 16:30:00,17,6,2,16,30,690,387,"148, JEAN JAURES",45.74233,4.83975,Plein jour,En agglomération,Hors intersection,Normale,Autre collision,,,,,,,,,,,1,2,1,1.0,6.0
201700050857,0017-06-05 11:20:00,17,6,5,11,20,690,386,"15, JULES FERRY",45.76,4.85,Plein jour,En agglomération,Hors intersection,Normale,Deux véhicules - côté,,,,,,,,,,,1,2,1,1.0,3.0
201700050858,0017-06-05 12:30:00,17,6,5,12,30,690,388,"14, PAUL CAZENEUVE",45.73,4.86,Plein jour,En agglomération,Hors intersection,Normale,Autre collision,,,,,,,,,,,1,2,1,1.0,6.0
201700050859,0017-06-06 08:50:00,17,6,6,8,50,690,259,", LYONNAIS (DU)",44.92597,4.85899,Plein jour,En agglomération,Hors intersection,Pluie légère,Deux véhicules - arrière,,,,,,,,,,,1,2,1,2.0,2.0
201700050860,0017-05-28 00:15:00,17,5,28,0,15,690,386,"50, CHARLES DE GAULLE",45.77799,4.84441,Nuit avec éclairage allumé,En agglomération,Hors intersection,Normale,Deux véhicules - côté,,,,,,,,,,,5,2,1,1.0,3.0
201700050861,0017-06-07 13:00:00,17,6,7,13,0,690,383,"161, PAUL BERT",45.75,4.86,Plein jour,En agglomération,Hors intersection,Normale,Deux véhicules - frontale,,,,,,,,,,,1,2,1,1.0,1.0
201700050862,0017-06-07 14:30:00,17,6,7,14,30,690,259,"191, FRANCIS DE PRESSENS",45.71037,4.87541,Plein jour,En agglomération,Hors intersection,Normale,Deux véhicules - arrière,,,,,,,,,,,1,2,1,1.0,2.0
201700050863,0017-06-07 16:15:00,17,6,7,16,15,690,388,JEAN SARRAZIN,45.73,4.865,Plein jour,En agglomération,Hors intersection,Normale,Autre collision,,,,,,,,,,,1,2,1,1.0,6.0
201700050864,0017-06-07 16:25:00,17,6,7,16,25,690,383,"245, GARIBALDI",45.7543,4.85325,Plein jour,En agglomération,Hors intersection,Normale,Deux véhicules - côté,,,,,,,,,,,1,2,1,1.0,3.0
201700050865,0017-06-08 00:40:00,17,6,8,0,40,690,383,"5, FIOL",45.74957,4.87412,Nuit avec éclairage allumé,En agglomération,Hors intersection,Normale,Autre collision,,,,,,,,,,,5,2,1,1.0,6.0
201700050866,0017-06-08 13:30:00,17,6,8,13,30,690,259,MARCEL CACHIN,45.69261,4.87731,Plein jour,En agglomération,Autre intersection,Normale,Deux véhicules - frontale,,,,,,,,,,,1,2,9,1.0,1.0
201700050867,0017-06-08 19:00:00,17,6,8,19,0,690,276,"21, VIENNE (DE)",45.66657,4.85855,Plein jour,En agglomération,Hors intersection,Normale,Autre collision,,,,,,,,,,,1,2,1,1.0,6.0
201700050868,0017-06-08 19:20:00,17,6,8,19,20,690,383,", FELIX FAURE",45.75085,4.86074,Plein jour,En agglomération,Intersection en X,Normale,Deux véhicules - côté,,,,,,,,,,,1,2,2,1.0,3.0
201700050869,0017-05-23 18:30:00,17,5,23,18,30,690,386,GODEFROY,45.77099,4.84148,Plein jour,En agglomération,Intersection en X,Normale,Deux véhicules - côté,,,,,,,,,,,1,2,2,1.0,3.0
201700050870,0017-06-09 09:45:00,17,6,9,9,45,690,387,"18, ATHENES (D')",45.74816,4.84575,Plein jour,En agglomération,Intersection en X,Normale,Deux véhicules - côté,,,,,,,,,,,1,2,2,1.0,3.0
201700050871,0017-06-09 20:00:00,17,6,9,20,0,690,388,ETATS UNIS (DES),45.7294,4.86763,Plein jour,En agglomération,Hors intersection,Normale,Deux véhicules - côté,,,,,,,,,,,1,2,1,1.0,3.0
201700050872,0017-06-10 00:45:00,17,6,10,0,45,690,383,MARECHAL DE SAXE,45.74816,4.84575,Nuit avec éclairage allumé,En agglomération,Hors intersection,Normale,Deux véhicules - côté,,,,,,,,,,,5,2,1,1.0,3.0
201700050873,0017-06-08 18:50:00,17,6,8,18,50,690,383,"24, STE ANNE DE BARABAN",45.75885,4.86999,Plein jour,En agglomération,Hors intersection,Normale,Autre collision,,,,,,,,,,,1,2,1,1.0,6.0
201700050874,0017-06-10 20:45:00,17,6,10,20,45,690,386,FRANKLIN ROOSEVELT,45.76889,4.84388,Plein jour,En agglomération,Intersection en X,Normale,Autre collision,,,,,,,,,,,1,2,2,1.0,6.0
201700050875,0017-06-11 02:15:00,17,6,11,2,15,690,387,"327, GARIBALDI",45.74784,4.85205,Nuit avec éclairage allumé,En agglomération,Hors intersection,Normale,Deux véhicules - arrière,,,,,,,,,,,5,2,1,1.0,2.0
201700050876,0017-06-11 18:30:00,17,6,11,18,30,690,383,SERVIENT,45.76036,4.84815,Plein jour,En agglomération,Intersection en X,Normale,Deux véhicules - côté,,,,,,,,,,,1,2,2,1.0,3.0
201700050877,0017-06-12 17:00:00,17,6,12,17,0,690,386,SULLY,45.77085,4.84419,Plein jour,En agglomération,Hors intersection,Normale,Autre collision,,,,,,,,,,,1,2,1,1.0,6.0
201700050878,0017-06-14 03:15:00,17,6,14,3,15,690,383,GARIBALDI,45.75535,4.85271,Nuit sans éclairage public,En agglomération,Intersection en X,Pluie légère,Deux véhicules - côté,,,,,,,,,,,3,2,2,2.0,3.0
201700050879,0017-06-14 16:45:00,17,6,14,16,45,690,383,"9, DAUPHINE (DU)",45.7501,4.86337,Plein jour,En agglomération,Hors intersection,Pluie légère,Deux véhicules - arrière,,,,,,,,,,,1,2,1,2.0,2.0
201700050880,0017-06-14 18:45:00,17,6,14,18,45,690,259,"290, VIENNE (DE)",45.7269,4.85393,Plein jour,En agglomération,Hors intersection,Normale,Deux véhicules - arrière,,,,,,,,,,,1,2,1,1.0,2.0
201700050881,0017-06-15 15:00:00,17,6,15,15,0,690,386,"01, SERBIE (DE)",45.77257,4.84119,Plein jour,En agglomération,Hors intersection,Normale,Deux véhicules - arrière,,,,,,,,,,,1,2,1,1.0,2.0
201700050882,0017-06-15 17:00:00,17,6,15,17,0,690,383,FELIX FAURE,45.75329,4.85491,Plein jour,En agglomération,Hors intersection,Normale,Deux véhicules - côté,,,,,,,,,,,1,2,1,1.0,3.0
201700050883,0017-06-15 18:45:00,17,6,15,18,45,690,386,"10, DUQUESNE",45.77,4.84,Plein jour,En agglomération,Hors intersection,Pluie légère,Deux véhicules - côté,,,,,,,,,,,1,2,1,2.0,3.0
201700050884,0017-06-15 19:25:00,17,6,15,19,25,690,386,"3, GENERAL SARRAIL (DU)",45.76712,4.8413,Plein jour,En agglomération,Hors intersection,Pluie légère,Deux véhicules - arrière,,,,,,,,,,,1,2,1,2.0,2.0
201700050885,0017-06-17 00:05:00,17,6,17,0,5,690,276,EUROPE (DE L'),45.68043,5.782,Nuit avec éclairage allumé,En agglomération,Intersection en T,Normale,Deux véhicules - côté,,,,,,,,,,,5,2,3,1.0,3.0
201700050886,0017-06-13 15:10:00,17,6,13,15,10,690,388,"2, ST GERVAIS",45.74441,4.86336,Plein jour,En agglomération,Hors intersection,Normale,Autre collision,,,,,,,,,,,1,2,1,1.0,6.0
201700050887,0017-06-20 06:00:00,17,6,20,6,0,690,387,JEAN JAURES,,,Plein jour,En agglomération,Intersection en T,Normale,Deux véhicules - côté,,,,,,,,,,,1,2,3,1.0,3.0
201700050888,0017-06-20 22:45:00,17,6,20,22,45,690,383,"178, GARIBALDI",45.76163,4.85179,Nuit avec éclairage allumé,En agglomération,Intersection en T,Normale,Deux véhicules - arrière,,,,,,,,,,,5,2,3,1.0,2.0
201700050889,0017-06-21 06:40:00,17,6,21,6,40,690,388,PAUL SANTY,45.7315,4.8739,Crépuscule ou aube,En agglomération,Intersection en X,Normale,Deux véhicules - côté,,,,,,,,,,,2,2,2,1.0,3.0
201700050890,0017-06-21 11:30:00,17,6,21,11,30,690,387,"186, GERLAND (DE)",45.7283,4.83775,Plein jour,En agglomération,Intersection en T,Temps éblouissant,Deux véhicules - côté,,,,,,,,,,,1,2,3,7.0,3.0
201700050891,0017-06-21 22:45:00,17,6,21,22,45,690,383,VENDOME,45.76275,4.84614,Nuit avec éclairage allumé,En agglomération,Intersection en X,Normale,Trois véhicules et plus - collisions multiples,,,,,,,,,,,5,2,2,1.0,5.0
201700050892,0017-06-15 12:45:00,17,6,15,12,45,690,387,LODZ (DE),,,Plein jour,En agglomération,Autre intersection,Normale,Autre collision,,,,,,,,,,,1,2,9,1.0,6.0
201700050893,0017-06-22 14:20:00,17,6,22,14,20,690,199,PARMENTIER,45.70553,4.85993,Plein jour,En agglomération,Intersection en X,Normale,Deux véhicules - côté,,,,,,,,,,,1,2,2,1.0,3.0
201700050894,0017-06-22 17:42:00,17,6,22,17,42,690,388,"241, VIENNE (DE)",45.7272,4.8538,Plein jour,En agglomération,Intersection en T,Normale,Autre collision,,,,,,,,,,,1,2,3,1.0,6.0
201700050895,0017-06-23 07:50:00,17,6,23,7,50,690,386,"1, GRANDE BRETAGNE (DE)",45.7781,4.0,Plein jour,En agglomération,Hors intersection,Normale,Autre collision,,,,,,,,,,,1,2,1,1.0,6.0
201700050896,0017-06-17 18:00:00,17,6,17,18,0,690,383,"133, GARIBALDI",45.76346,4.85166,Plein jour,En agglomération,Hors intersection,Normale,Deux véhicules - côté,,,,,,,,,,,1,2,1,1.0,3.0
201700050897,0017-06-24 12:05:00,17,6,24,12,5,690,259,"14, AMBROISE CROIZAT",45.70507,4.88745,Plein jour,En agglomération,Hors intersection,Normale,Autre collision,,,,,,,,,,,1,2,1,1.0,6.0
201700050898,0017-06-24 14:05:00,17,6,24,14,5,690,383,"7, ST VICTORIEN",45.76141,4.8692,Plein jour,En agglomération,Hors intersection,Normale,Deux véhicules - arrière,,,,,,,,,,,1,2,1,1.0,2.0
201700050899,0017-06-27 23:30:00,17,6,27,23,30,690,387,"261bis, JEAN JAURES",45.73123,4.83364,Nuit avec éclairage allumé,En agglomération,Intersection en X,Pluie forte,Deux véhicules - côté,,,,,,,,,,,5,2,2,3.0,3.0
201700050900,0017-06-29 00:07:00,17,6,29,0,7,690,386,"47, DUQUESNE",45.77304,4.84674,Nuit avec éclairage allumé,En agglomération,Intersection en X,Normale,Autre collision,,,,,,,,,,,5,2,2,1.0,6.0
201700050901,0017-06-29 12:00:00,17,6,29,12,0,690,199,YVES FARGE,45.0,4.0,Plein jour,En agglomération,Hors intersection,Normale,Deux véhicules - arrière,,,,,,,,,,,1,2,1,1.0,2.0
201700050902,0017-06-30 01:48:00,17,6,30,1,48,690,383,"54, VILLETTE (DE LA)",45.75955,4.86148,Nuit avec éclairage allumé,En agglomération,Intersection en X,Normale,Deux véhicules - côté,,,,,,,,,,,5,2,2,1.0,3.0
201700050903,0017-06-30 02:24:00,17,6,30,2,24,690,259,"52, GABRIEL PERI",45.70529,4.86923,Nuit avec éclairage allumé,En agglomération,Hors intersection,Normale,Autre collision,,,,,,,,,,,5,2,1,1.0,6.0
201700050904,0017-06-30 16:45:00,17,6,30,16,45,690,387,"259, JEAN JAURES",45.73158,4.83378,Plein jour,En agglomération,Hors intersection,Normale,Autre collision,,,,,,,,,,,1,2,1,1.0,6.0
201700050905,0017-07-01 15:36:00,17,7,1,15,36,690,388,"136, GENERAL FRERE (DU)",45.72868,4.88068,Plein jour,En agglomération,Passage à niveau,Normale,Autre collision,,,,,,,,,,,1,2,8,1.0,6.0
201700050906,0017-07-01 00:45:00,17,7,1,0,45,690,387,SALOMON REINACH,45.75019,4.84332,Nuit avec éclairage allumé,En agglomération,Intersection en X,Normale,Deux véhicules - côté,,,,,,,,,,,5,2,2,1.0,3.0
201700050907,0017-07-02 15:15:00,17,7,2,15,15,690,199,"43, CARNOT",45.70802,4.85984,Plein jour,En agglomération,Intersection en X,Normale,Deux véhicules - côté,,,,,,,,,,,1,2,2,1.0,3.0
201700050908,0017-07-03 18:20:00,17,7,3,18,20,690,386,BOSSUET,45.76795,4.85172,Plein jour,En agglomération,Intersection en T,Normale,Autre collision,,,,,,,,,,,1,2,3,1.0,6.0
201700050909,0017-07-04 08:10:00,17,7,4,8,10,690,388,MARIUS BERLIET,,,Plein jour,En agglomération,Intersection en T,Normale,Deux véhicules - côté,,,,,,,,,,,1,2,3,1.0,3.0
201700050910,0017-07-04 09:20:00,17,7,4,9,20,690,386,"88, VITTON",45.77006,4.85846,Plein jour,En agglomération,Intersection en X,Normale,Deux véhicules - côté,,,,,,,,,,,1,2,2,1.0,3.0
201700050911,0017-07-04 14:20:00,17,7,4,14,20,690,388,"58, JEAN SARRAZIN",45.73084,4.86559,Plein jour,En agglomération,Hors intersection,Normale,Deux véhicules - côté,,,,,,,,,,,1,2,1,1.0,3.0
201700050912,0017-07-04 18:15:00,17,7,4,18,15,690,388,"138, FRERES LUMIERE (DES",45.74389,4.87119,Plein jour,En agglomération,Hors intersection,Normale,Deux véhicules - arrière,,,,,,,,,,,1,2,1,1.0,2.0
201700050913,0017-07-05 10:50:00,17,7,5,10,50,690,383,"18, LAFAYETTE",45.76354,4.86366,Plein jour,En agglomération,Hors intersection,Normale,Autre collision,,,,,,,,,,,1,2,1,1.0,6.0
201700050914,0017-07-05 15:45:00,17,7,5,15,45,690,383,LAFAYETTE,45.76333,4.86289,Plein jour,En agglomération,Intersection en X,Normale,Deux véhicules - côté,,,,,,,,,,,1,2,2,1.0,3.0
201700050915,0017-07-06 06:55:00,17,7,6,6,55,690,199,"30, FOS SUR MER (DE)",45.71262,4.84127,Plein jour,En agglomération,Hors intersection,Normale,Deux véhicules - côté,,,,,,,,,,,1,2,1,1.0,3.0
201700050916,0017-07-06 09:45:00,17,7,6,9,45,690,387,"36, CAMILLE ROY",45.74522,4.84774,Plein jour,En agglomération,Hors intersection,Normale,Autre collision,,,,,,,,,,,1,2,1,1.0,6.0
201700050917,0017-07-06 09:30:00,17,7,6,9,30,690,388,PIERRE VERGER,45.73156,4.87396,Plein jour,En agglomération,Intersection en X,Normale,Deux véhicules - côté,,,,,,,,,,,1,2,2,1.0,3.0
201700050918,0017-07-07 11:00:00,17,7,7,11,0,690,387,"70, GAMBETTA",45.75429,4.84557,Plein jour,En agglomération,Hors intersection,Normale,Autre collision,,,,,,,,,,,1,2,1,1.0,6.0
201700050919,0017-07-07 20:27:00,17,7,7,20,27,690,388,BERTHELOT,45.74021,4.85838,Crépuscule ou aube,En agglomération,Intersection en T,Normale,Deux véhicules - côté,,,,,,,,,,,2,2,3,1.0,3.0
201700050920,0017-07-07 22:45:00,17,7,7,22,45,690,387,"119, BERTHELOT",45.74357,4.84755,Nuit sans éclairage public,En agglomération,Intersection en T,Normale,Deux véhicules - côté,,,,,,,,,,,3,2,3,1.0,3.0
201700050921,0017-07-10 12:50:00,17,7,10,12,50,690,199,"47, CARNOT",45.70803,4.86004,Plein jour,En agglomération,Passage à niveau,Normale,Deux véhicules - arrière,,,,,,,,,,,1,2,8,1.0,2.0
201700050922,0017-07-10 16:10:00,17,7,10,16,10,690,383,"90, PAUL BERT",45.74816,4.83926,Plein jour,En agglomération,Hors intersection,Pluie forte,Deux véhicules - arrière,,,,,,,,,,,1,2,1,3.0,2.0
201700050923,0017-07-10 12:00:00,17,7,10,12,0,690,387,"188, BERTHELOT",45.74133,4.85392,Plein jour,En agglomération,Hors intersection,Normale,Deux véhicules - côté,,,,,,,,,,,1,2,1,1.0,3.0
201700050924,0017-07-07 21:30:00,17,7,7,21,30,690,199,HENRI BARBUSSE,45.7,4.85,Plein jour,En agglomération,Intersection en T,Normale,Autre collision,,,,,,,,,,,1,2,3,1.0,6.0
201700050925,0017-07-13 08:15:00,17,7,13,8,15,690,259,", LYONNAIS (DU)",45.70229,4.8966,Plein jour,En agglomération,Hors intersection,Normale,Deux véhicules - arrière,,,,,,,,,,,1,2,1,1.0,2.0
201700050926,0017-07-13 07:30:00,17,7,13,7,30,690,386,"face au 84, BELGES (DES)",45.77136,4.85565,Plein jour,En agglomération,Intersection en X,Normale,Deux véhicules - côté,,,,,,,,,,,1,2,2,1.0,3.0
201700050927,0017-07-13 12:45:00,17,7,13,12,45,690,383,FELIX FAURE,45.75366,4.85923,Plein jour,En agglomération,Intersection en X,Normale,Deux véhicules - côté,,,,,,,,,,,1,2,2,1.0,3.0
201700050928,0017-07-13 20:56:00,17,7,13,20,56,690,276,312,45.65637,4.84054,Plein jour,Hors agglomération,Hors intersection,Normale,Deux véhicules - côté,,,,,,,,,,,1,1,1,1.0,3.0
201700050929,0017-07-11 17:05:00,17,7,11,17,5,690,259,"12, MARCEL PAUL",45.69984,4.88172,Plein jour,En agglomération,Hors intersection,Normale,Autre collision,,,,,,,,,,,1,2,1,1.0,6.0
201700050930,0017-07-14 21:00:00,17,7,14,21,0,690,387,"91, GERLAND (DE)",45.73676,4.83969,Crépuscule ou aube,En agglomération,Intersection en X,Normale,Deux véhicules - côté,,,,,,,,,,,2,2,2,1.0,3.0
201700050931,0017-07-15 01:15:00,17,7,15,1,15,690,386,SEZE (DE),45.76853,4.85075,Nuit avec éclairage allumé,En agglomération,Intersection en X,Normale,Deux véhicules - côté,,,,,,,,,,,5,2,2,1.0,3.0
201700050932,0017-07-17 18:20:00,17,7,17,18,20,690,383,"18, LACASSAGNE",45.75,4.86,Plein jour,En agglomération,Hors intersection,Normale,Deux véhicules - côté,,,,,,,,,,,1,2,1,1.0,3.0
201700050933,0017-06-09 00:20:00,17,6,9,0,20,690,387,JEAN BOUIN,45.72604,4.83566,Nuit avec éclairage allumé,En agglomération,Hors intersection,Normale,Deux véhicules - côté,,,,,,,,,,,5,2,1,1.0,3.0
201700050934,0017-07-18 09:45:00,17,7,18,9,45,690,383,"37A, ARMENIE (D')",45.4517,4.511,Plein jour,En agglomération,Hors intersection,Normale,Deux véhicules - frontale,,,,,,,,,,,1,2,1,1.0,1.0
201700050935,0017-07-18 16:15:00,17,7,18,16,15,690,388,"156, GENERAL FRERE (DU)",45.72772,4.88329,Plein jour,En agglomération,Hors intersection,Normale,Deux véhicules - côté,,,,,,,,,,,1,2,1,1.0,3.0
201700050936,0017-07-18 18:42:00,17,7,18,18,42,690,386,"02, MARECHAL LYAUTEY (DU",45.76933,4.84205,Plein jour,En agglomération,Hors intersection,Normale,Autre collision,,,,,,,,,,,1,2,1,1.0,6.0
201700050937,0017-07-19 08:55:00,17,7,19,8,55,690,387,"6, CHATEAU DE GERLAND (D",45.72626,4.83897,Plein jour,En agglomération,Hors intersection,Normale,Deux véhicules - côté,,,,,,,,,,,1,2,1,1.0,3.0
201700050938,0017-07-19 09:00:00,17,7,19,9,0,690,386,"88, CHARMETTES (DES)",45.76636,4.867,Plein jour,En agglomération,Intersection en X,Normale,Deux véhicules - côté,,,,,,,,,,,1,2,2,1.0,3.0
201700050939,0017-07-04 11:10:00,17,7,4,11,10,690,388,"11b, STEPHANE COIGNET",45.72,4.87,Plein jour,En agglomération,Hors intersection,Normale,Autre collision,,,,,,,,,,,1,2,1,1.0,6.0
201700050940,0017-07-19 09:40:00,17,7,19,9,40,690,383,ST ISIDORE,45.75129,4.88322,Plein jour,En agglomération,Intersection en X,Normale,Deux véhicules - côté,,,,,,,,,,,1,2,2,1.0,3.0
201700050941,0017-07-19 13:35:00,17,7,19,13,35,690,388,"27, PROFESSEUR MORAT (DU",45.734,4.879,Plein jour,En agglomération,Hors intersection,Normale,Deux véhicules - côté,,,,,,,,,,,1,2,1,1.0,3.0
201700050942,0017-07-19 13:40:00,17,7,19,13,40,690,276,"15, CHAMP PERRIER",45.68325,4.86454,Plein jour,En agglomération,Autre intersection,Normale,Deux véhicules - arrière,,,,,,,,,,,1,2,9,1.0,2.0
201700050943,0017-07-20 09:00:00,17,7,20,9,0,690,259,ST EXUPERY,45.69,4.89,Plein jour,En agglomération,Hors intersection,Normale,Autre collision,,,,,,,,,,,1,2,1,1.0,6.0
201700050944,0017-07-20 18:20:00,17,7,20,18,20,690,387,"84, JEAN JAURES",45.74,4.84,Plein jour,En agglomération,Hors intersection,Normale,Deux véhicules - côté,,,,,,,,,,,1,2,1,1.0,3.0
201700050945,0017-07-20 22:30:00,17,7,20,22,30,690,386,BELGES (DES),45.77534,4.84677,Crépuscule ou aube,En agglomération,Hors intersection,Temps couvert,Deux véhicules - côté,,,,,,,,,,,2,2,1,8.0,3.0
201700050946,0017-07-21 08:30:00,17,7,21,8,30,690,387,"31, CLAUDE BERNARD",45.74794,4.83379,Plein jour,En agglomération,Hors intersection,Normale,Deux véhicules - côté,,,,,,,,,,,1,2,1,1.0,3.0
201700050947,0017-07-21 08:20:00,17,7,21,8,20,690,383,"161, FELIX FAURE",45.75463,4.86665,Plein jour,En agglomération,Hors intersection,Normale,Deux véhicules - côté,,,,,,,,,,,1,2,1,1.0,3.0
201700050948,0017-07-21 15:40:00,17,7,21,15,40,690,386,"10, MOLIERE",45.76711,4.84224,Plein jour,En agglomération,Hors intersection,Normale,Autre collision,,,,,,,,,,,1,2,1,1.0,6.0
201700050949,0017-07-24 17:10:00,17,7,24,17,10,690,259,PARILLY (DE),,,Plein jour,En agglomération,Hors intersection,Normale,Trois véhicules et plus - en chaîne,,,,,,,,,,,1,2,1,1.0,4.0
201700050950,0017-07-25 15:40:00,17,7,25,15,40,690,388,FRERES LUMIERE (DES),45.744,4.868,Plein jour,En agglomération,Hors intersection,Normale,Autre collision,,,,,,,,,,,1,2,1,1.0,6.0
201700050951,0017-07-23 16:05:00,17,7,23,16,5,690,386,"70, CHARLES DE GAULLE",45.7082,4.83566,Plein jour,En agglomération,Hors intersection,Normale,Autre collision,,,,,,,,,,,1,2,1,1.0,6.0
201700050952,0017-07-27 19:10:00,17,7,27,19,10,690,387,"11, LECLERC",45.74,4.83,Plein jour,En agglomération,Autre intersection,Normale,Deux véhicules - côté,,,,,,,,,,,1,2,9,1.0,3.0
201700050953,0017-07-27 19:50:00,17,7,27,19,50,690,383,VILLETTE (DE LA),45.75804,4.86159,Plein jour,En agglomération,Autre intersection,Normale,Deux véhicules - côté,,,,,,,,,,,1,2,9,1.0,3.0
201700050954,0017-07-28 13:20:00,17,7,28,13,20,690,387,"13, LECLERC",45.7447,4.83093,Plein jour,En agglomération,Hors intersection,Normale,Deux véhicules - côté,,,,,,,,,,,1,2,1,1.0,3.0
201700050955,0017-07-28 14:50:00,17,7,28,14,50,690,383,"131, ALBERT THOMAS",45.74442,4.87475,Plein jour,En agglomération,Hors intersection,Normale,Deux véhicules - arrière,,,,,,,,,,,1,2,1,1.0,2.0
201700050956,0017-07-28 20:55:00,17,7,28,20,55,690,387,"48, BERTHELOT",45.74593,4.83964,Crépuscule ou aube,En agglomération,Intersection en T,Normale,Deux véhicules - côté,,,,,,,,,,,2,2,3,1.0,3.0
201700050957,0017-07-29 12:40:00,17,7,29,12,40,690,387,MONTESQUIEU,45.75,4.84,Plein jour,En agglomération,Intersection en T,Normale,Deux véhicules - côté,,,,,,,,,,,1,2,3,1.0,3.0
201700050958,0017-07-30 19:30:00,17,7,30,19,30,690,199,"43, CARNOT",45.72938,4.859,Plein jour,En agglomération,Intersection en T,Normale,Deux véhicules - côté,,,,,,,,,,,1,2,3,1.0,3.0
201700050959,0017-08-01 14:30:00,17,8,1,14,30,690,386,"134, DUGUESCLIN  (R)",45.76634,4.84777,Plein jour,En agglomération,Intersection en X,Normale,Deux véhicules - côté,,,,,,,,,,,1,2,2,1.0,3.0
201700050960,0017-08-01 17:25:00,17,8,1,17,25,690,388,"163, PROFESSEUR BEAUVISA",45.7278,4.86293,Plein jour,En agglomération,Hors intersection,Normale,Deux véhicules - côté,,,,,,,,,,,1,2,1,1.0,3.0
201700050961,0017-08-01 12:20:00,17,8,1,12,20,690,387,"11, JEAN JAURES",45.75304,4.84652,Plein jour,En agglomération,Hors intersection,Temps éblouissant,Deux véhicules - côté,,,,,,,,,,,1,2,1,7.0,3.0
201700050962,0017-08-02 13:30:00,17,8,2,13,30,690,276,312,45.67472,4.84888,Plein jour,En agglomération,Hors intersection,Normale,Deux véhicules - côté,,,,,,,,,,,1,2,1,1.0,3.0
201700050963,0017-08-03 10:20:00,17,8,3,10,20,690,386,VAUBAN,45.76621,4.85818,Plein jour,En agglomération,Intersection en X,Normale,Deux véhicules - côté,,,,,,,,,,,1,2,2,1.0,3.0
201700050964,0017-08-03 13:33:00,17,8,3,13,33,690,259,"20, AMBROISE CROIZAT",45.70314,4.88745,Plein jour,En agglomération,Intersection en X,Normale,Deux véhicules - côté,,,,,,,,,,,1,2,2,1.0,3.0
201700050965,0017-08-03 15:50:00,17,8,3,15,50,690,387,"04, COMMANDANT AYASSE",45.73687,4.82472,Plein jour,En agglomération,Hors intersection,Normale,Deux véhicules - côté,,,,,,,,,,,1,2,1,1.0,3.0
201700050966,0017-08-03 16:20:00,17,8,3,16,20,690,388,"72, JEAN XXIII",45.73701,4.87004,Plein jour,En agglomération,Hors intersection,Pluie forte,Trois véhicules et plus - en chaîne,,,,,,,,,,,1,2,1,3.0,4.0
201700050967,0017-08-03 18:35:00,17,8,3,18,35,690,388,"141, BATAILLE",45.73616,4.8801,Plein jour,En agglomération,Intersection en Y,Normale,Deux véhicules - frontale,,,,,,,,,,,1,2,4,1.0,1.0
201700050968,0017-08-03 10:50:00,17,8,3,10,50,690,388,", ETERNITE (DE L')",45.74062,4.85835,Plein jour,En agglomération,Autre intersection,Normale,Autre collision,,,,,,,,,,,1,2,9,1.0,6.0
201700050969,0017-07-29 03:30:00,17,7,29,3,30,690,386,"4, MARECHAL FOCH (DU)",45.7739,4.84281,Nuit avec éclairage allumé,En agglomération,Hors intersection,Normale,Autre collision,,,,,,,,,,,5,2,1,1.0,6.0
201700050970,0017-08-05 15:15:00,17,8,5,15,15,690,199,"23, PARMENTIER",45.70563,4.8589,Plein jour,En agglomération,Intersection en X,Normale,Deux véhicules - côté,,,,,,,,,,,1,2,2,1.0,3.0
201700050971,0017-08-06 12:45:00,17,8,6,12,45,690,276,VENISSIEUX (DE),45.68909,4.94013,Plein jour,En agglomération,Hors intersection,Normale,Deux véhicules - côté,,,,,,,,,,,1,2,1,1.0,3.0
201700050972,0017-08-07 18:50:00,17,8,7,18,50,690,387,MARC BLOCH,45.74706,4.84562,Plein jour,En agglomération,Hors intersection,Normale,Autre collision,,,,,,,,,,,1,2,1,1.0,6.0
201700050973,0017-08-08 01:10:00,17,8,8,1,10,690,199,"27, MATHIEU DUSSURGEY",45.71214,4.85771,Nuit avec éclairage allumé,Hors agglomération,Hors intersection,Normale,Deux véhicules - frontale,,,,,,,,,,,5,1,1,1.0,1.0
201700050974,0017-08-08 16:40:00,17,8,8,16,40,690,387,TONY GARNIER,45.74,4.84,Plein jour,En agglomération,Intersection en T,Temps couvert,Trois véhicules et plus - collisions multiples,,,,,,,,,,,1,2,3,8.0,5.0
201700050975,0017-08-10 18:15:00,17,8,10,18,15,690,387,"04, TOURVILLE (DE)",45.74933,4.85194,Plein jour,En agglomération,Hors intersection,Normale,Deux véhicules - côté,,,,,,,,,,,1,2,1,1.0,3.0
201700050976,0017-08-11 14:30:00,17,8,11,14,30,690,383,"177, DUGUESCLIN",,,Plein jour,En agglomération,Hors intersection,Normale,Autre collision,,,,,,,,,,,1,2,1,1.0,6.0
201700050977,0017-08-12 09:30:00,17,8,12,9,30,690,387,"16, JABOULAY",45.74874,4.83689,Plein jour,En agglomération,Intersection en X,Normale,Deux véhicules - côté,,,,,,,,,,,1,2,2,1.0,3.0