accident_id,datetime,annee,mois,jour,heure,minute,departement,commune_insee,adresse,latitude,longitude,luminosite,agglomeration,intersection,meteo,collision,nb_vehicules,nb_usagers,nb_indemnes,nb_tues,nb_blesses_hosp,nb_blesses_legers,age_cond_1,age_cond_2,veh_type_cond_1,veh_type_cond_2,lum_code,agg_code,int_code,atm_code,col_code
201700051222,0017-12-07 14:00:00,17,12,7,14,0,690,383,"5, ALBERT THOMAS",45.74902,4.86158,Plein jour,En agglomération,Hors intersection,Normale,Autre collision,,,,,,,,,,,1,2,1,1.0,6.0
201700051223,0017-12-07 17:05:00,17,12,7,17,5,690,259,"39, LENINE",45.693,4.863,Nuit avec éclairage allumé,En agglomération,Intersection en T,Normale,Deux véhicules - frontale,,,,,,,,,,,5,2,3,1.0,1.0
201700051224,0017-12-07 17:20:00,17,12,7,17,20,690,388,"1, JEAN MERMOZ",45.73625,4.86973,Nuit avec éclairage allumé,En agglomération,Hors intersection,Normale,Autre collision,,,,,,,,,,,5,2,1,1.0,6.0
201700051225,0017-12-08 11:45:00,17,12,8,11,45,690,199,YVES FARGE,45.69758,4.85805,Plein jour,En agglomération,Intersection en T,Normale,Deux véhicules - côté,,,,,,,,,,,1,2,3,1.0,3.0
201700051226,0017-12-08 18:25:00,17,12,8,18,25,690,387,"76, CHALLEMEL LACOUR",45.7298,4.84107,Nuit avec éclairage allumé,En agglomération,Autre intersection,Pluie légère,Deux véhicules - côté,,,,,,,,,,,5,2,9,2.0,3.0
201700051227,0017-12-08 16:15:00,17,12,8,16,15,690,387,LIEUTENANT COLONEL GIRAR,45.73637,4.8262,Plein jour,En agglomération,Intersection en X,Pluie légère,Autre collision,,,,,,,,,,,1,2,2,2.0,6.0
201700051228,0017-12-08 18:30:00,17,12,8,18,30,690,199,"78, PARMENTIER",45.70578,4.86507,Nuit avec éclairage allumé,En agglomération,Hors intersection,Pluie légère,Deux véhicules - frontale,,,,,,,,,,,5,2,1,2.0,1.0
201700051229,0017-12-09 18:05:00,17,12,9,18,5,690,388,GENERAL FRERE (DU),45.72796,4.88276,Nuit avec éclairage allumé,En agglomération,Intersection en X,Temps couvert,Autre collision,,,,,,,,,,,5,2,2,8.0,6.0
201700051230,0017-12-09 21:30:00,17,12,9,21,30,690,387,GAMBETTA,45.75152,4.8536,Nuit avec éclairage allumé,En agglomération,Hors intersection,Normale,Deux véhicules - côté,,,,,,,,,,,5,2,1,1.0,3.0
201700051231,0017-12-09 12:47:00,17,12,9,12,47,690,387,"102, MARSEILLE (DE)",45.74569,4.83601,Plein jour,En agglomération,Intersection en X,Normale,Deux véhicules - côté,,,,,,,,,,,1,2,2,1.0,3.0
201700051232,0017-12-10 16:50:00,17,12,10,16,50,690,388,FRERES LUMIERE (DES),45.74388,4.87122,Nuit avec éclairage allumé,En agglomération,Hors intersection,Pluie légère,Autre collision,,,,,,,,,,,5,2,1,2.0,6.0
201700051233,0017-12-11 18:00:00,17,12,11,18,0,690,388,"107, ALBERT THOMAS",45.74547,4.87136,Nuit avec éclairage allumé,En agglomération,Hors intersection,Temps couvert,Autre collision,,,,,,,,,,,5,2,1,8.0,6.0
201700051234,0017-12-12 10:15:00,17,12,12,10,15,690,276,BARTON (DE),45.66639,4.8534,Plein jour,En agglomération,Hors intersection,Pluie légère,Autre collision,,,,,,,,,,,1,2,1,2.0,6.0
201700051235,0017-12-12 18:30:00,17,12,12,18,30,690,387,"35, UNIVERSITE (DE L')",45.74979,4.84103,Nuit avec éclairage allumé,En agglomération,Hors intersection,Normale,Autre collision,,,,,,,,,,,5,2,1,1.0,6.0
201700051236,0017-12-12 19:15:00,17,12,12,19,15,690,386,THIERS,45.76628,4.8617,Nuit avec éclairage allumé,En agglomération,Intersection en X,Normale,Deux véhicules - côté,,,,,,,,,,,5,2,2,1.0,3.0
201700051237,0017-12-10 17:40:00,17,12,10,17,40,690,388,"84, LAENNEC",45.73814,4.88441,Nuit avec éclairage allumé,En agglomération,Intersection en Y,Pluie légère,Autre collision,,,,,,,,,,,5,2,4,2.0,6.0
201700051238,0017-12-10 18:15:00,17,12,10,18,15,690,388,JEAN MERMOZ,45.7305,4.8875,Nuit avec éclairage allumé,En agglomération,Hors intersection,Temps couvert,Deux véhicules - côté,,,,,,,,,,,5,2,1,8.0,3.0
201700051239,0017-12-01 16:55:00,17,12,1,16,55,690,259,VIVIANI,45.7243,4.8718,Crépuscule ou aube,En agglomération,Hors intersection,Normale,Autre collision,,,,,,,,,,,2,2,1,1.0,6.0
201700051240,0017-12-08 11:35:00,17,12,8,11,35,690,387,"120, CHALLEMEL LACOUR",45.7293,4.8465,Plein jour,En agglomération,Hors intersection,Normale,Deux véhicules - arrière,,,,,,,,,,,1,2,1,1.0,2.0
201700051241,0017-12-14 13:55:00,17,12,14,13,55,690,259,PINEL,45.72068,4.88752,Plein jour,En agglomération,Hors intersection,Pluie légère,Deux véhicules - arrière,,,,,,,,,,,1,2,1,2.0,2.0
201700051242,0017-12-16 08:45:00,17,12,16,8,45,690,386,"131, DUGUESCLIN  (R)",45.7663,4.8478,Plein jour,En agglomération,Intersection en X,Normale,Deux véhicules - côté,,,,,,,,,,,1,2,2,1.0,3.0
201700051243,0017-12-16 11:55:00,17,12,16,11,55,690,388,"139, PAUL SANTY",45.72609,4.88047,Plein jour,En agglomération,Hors intersection,Normale,Deux véhicules - arrière,,,,,,,,,,,1,2,1,1.0,2.0
201700051244,0017-12-16 16:45:00,17,12,16,16,45,690,387,"69, MARSEILLE (DE)",45.74842,4.8379,Plein jour,En agglomération,Intersection en X,Pluie légère,Sans collision,,,,,,,,,,,1,2,2,2.0,7.0
201700051245,0017-12-16 21:45:00,17,12,16,21,45,690,386,CUVIER,45.76754,4.8527,Nuit avec éclairage allumé,En agglomération,Intersection en X,Pluie légère,Deux véhicules - côté,,,,,,,,,,,5,2,2,2.0,3.0
201700051246,0017-12-17 07:55:00,17,12,17,7,55,690,259,"44, AMBROISE CROIZAT",45.7005,4.88541,Crépuscule ou aube,En agglomération,Intersection en X,Pluie légère,Deux véhicules - côté,,,,,,,,,,,2,2,2,2.0,3.0
201700051247,0017-12-17 16:30:00,17,12,17,16,30,690,276,VIENNE (DE),45.66227,4.85745,Crépuscule ou aube,En agglomération,Intersection en T,Pluie légère,Deux véhicules - côté,,,,,,,,,,,2,2,3,2.0,3.0
201700051248,0017-12-17 15:45:00,17,12,17,15,45,690,388,EPARGNE (DE L'),45.74374,4.85246,Plein jour,En agglomération,Hors intersection,Pluie légère,Autre collision,,,,,,,,,,,1,2,1,2.0,6.0
201700051249,0017-12-14 20:05:00,17,12,14,20,5,690,276,LYON (DE),45.67637,4.86028,Nuit avec éclairage allumé,En agglomération,Hors intersection,Pluie légère,Autre collision,,,,,,,,,,,5,2,1,2.0,6.0
201700051250,0017-12-18 17:30:00,17,12,18,17,30,690,383,"83, ETIENNE RICHERAND",45.7568,4.8654,Nuit avec éclairage allumé,En agglomération,Hors intersection,Pluie légère,Autre collision,,,,,,,,,,,5,2,1,2.0,6.0
201700051251,0017-12-19 00:30:00,17,12,19,0,30,690,388,"170, PAUL SANTY",45.7265,4.87956,Nuit avec éclairage allumé,En agglomération,Intersection en T,Normale,Trois véhicules et plus - collisions multiples,,,,,,,,,,,5,2,3,1.0,5.0
201700051252,0017-12-19 15:25:00,17,12,19,15,25,690,386,"25, VITTON",45.769,4.8529,Plein jour,En agglomération,Hors intersection,Normale,Autre collision,,,,,,,,,,,1,2,1,1.0,6.0
201700051253,0017-12-19 17:30:00,17,12,19,17,30,690,387,YVES FARGES,45.73274,4.82455,Nuit avec éclairage allumé,En agglomération,Hors intersection,Normale,Deux véhicules - côté,,,,,,,,,,,5,2,1,1.0,3.0
201700051254,0017-12-19 19:00:00,17,12,19,19,0,690,386,"75, VAUBAN",45.765,4.849,Nuit avec éclairage allumé,En agglomération,Hors intersection,Temps couvert,Autre collision,,,,,,,,,,,5,2,1,8.0,6.0
201700051255,0017-12-20 07:50:00,17,12,20,7,50,690,259,COMBATS DU 24 AOUT 1944,45.70643,4.88853,Crépuscule ou aube,En agglomération,Autre intersection,Normale,Autre collision,,,,,,,,,,,2,2,9,1.0,6.0
201700051256,0017-12-20 18:25:00,17,12,20,18,25,690,387,"15, VICTORIEN SARDOU",45.7498,4.855,Nuit avec éclairage allumé,En agglomération,Intersection en T,Pluie légère,Deux véhicules - côté,,,,,,,,,,,5,2,3,2.0,3.0
201700051257,0017-12-20 21:15:00,17,12,20,21,15,690,387,CAPITAINE ROBERT CLUZAN,45.75253,4.84289,Nuit avec éclairage allumé,En agglomération,Intersection en X,Pluie légère,Deux véhicules - côté,,,,,,,,,,,5,2,2,2.0,3.0
201700051258,0017-12-21 19:30:00,17,12,21,19,30,690,383,SERVIENT,45.75956,4.84107,Nuit avec éclairage allumé,En agglomération,Intersection en X,Pluie légère,Deux véhicules - arrière,,,,,,,,,,,5,2,2,2.0,2.0
201700051259,0017-12-22 08:15:00,17,12,22,8,15,690,276,DEPARTEMENTAL 12,45.67255,4.84831,Plein jour,Hors agglomération,Autre intersection,Normale,Deux véhicules - arrière,,,,,,,,,,,1,1,9,1.0,2.0
201700051260,0017-12-23 17:25:00,17,12,23,17,25,690,259,"23, MARTYRS DE LA RESIST",45.69338,4.87442,Nuit avec éclairage allumé,En agglomération,Hors intersection,Normale,Autre collision,,,,,,,,,,,5,2,1,1.0,6.0
201700051261,0017-12-26 16:50:00,17,12,26,16,50,690,388,"182, FRERES LUMIERE (DES",45.74342,4.87425,Plein jour,En agglomération,Intersection en T,Normale,Autre collision,,,,,,,,,,,1,2,3,1.0,6.0
201700051262,0017-12-26 13:50:00,17,12,26,13,50,690,259,"364, VIENNE (DE)",45.7184,4.8543,Plein jour,En agglomération,Intersection en X,Normale,Deux véhicules - côté,,,,,,,,,,,1,2,2,1.0,3.0
201700051263,0017-12-27 07:40:00,17,12,27,7,40,690,388,EPARGNE (DE L'),45.74168,4.86045,Nuit avec éclairage allumé,En agglomération,Hors intersection,Normale,Autre collision,,,,,,,,,,,5,2,1,1.0,6.0
201700051264,0017-12-28 11:30:00,17,12,28,11,30,690,383,PART DIEU      (DE LA),45.75924,4.84264,Plein jour,En agglomération,Hors intersection,Normale,Sans collision,,,,,,,,,,,1,2,1,1.0,7.0
201700051265,0017-12-28 19:20:00,17,12,28,19,20,690,259,"135, AMBROISE CROIZAT",45.70073,4.88761,Nuit avec éclairage allumé,En agglomération,Autre intersection,Pluie légère,Autre collision,,,,,,,,,,,5,2,9,2.0,6.0
201700051266,0017-12-29 07:15:00,17,12,29,7,15,690,383,"168, PAUL BERT",45.75701,4.85261,Nuit avec éclairage allumé,En agglomération,Intersection en X,Normale,Deux véhicules - côté,,,,,,,,,,,5,2,2,1.0,3.0
201700051267,0017-12-30 11:00:00,17,12,30,11,0,690,259,"164, FRANCIS DE PRESSENS",45.7172,4.8703,Plein jour,En agglomération,Intersection en T,Pluie forte,Trois véhicules et plus - collisions multiples,,,,,,,,,,,1,2,3,3.0,5.0
201700051268,0017-12-30 14:40:00,17,12,30,14,40,690,388,"132, FRERES LUMIERE (DES",45.74,4.87,Plein jour,En agglomération,Intersection en X,Pluie légère,Autre collision,,,,,,,,,,,1,2,2,2.0,6.0
201700051269,0017-12-30 15:22:00,17,12,30,15,22,690,383,"69, BARABAN",45.76,4.86,Plein jour,En agglomération,Hors intersection,Pluie légère,Autre collision,,,,,,,,,,,1,2,1,2.0,6.0
201700051270,0017-12-31 05:50:00,17,12,31,5,50,690,387,"23, CHAMBAUD DE LA BRUYE",45.72351,4.8421,Nuit avec éclairage allumé,En agglomération,Hors intersection,Normale,Autre collision,,,,,,,,,,,5,2,1,1.0,6.0
201700051271,0017-12-30 20:50:00,17,12,30,20,50,690,383,GENAS (DE),45.75493,4.87733,Nuit avec éclairage allumé,En agglomération,Hors intersection,Pluie légère,Deux véhicules - arrière,,,,,,,,,,,5,2,1,2.0,2.0
201700051272,0017-01-01 21:20:00,17,1,1,21,20,330,397,AUTOROUTE A 10,44.91233,-0.48375,Nuit sans éclairage public,Hors agglomération,Hors intersection,Normale,Sans collision,,,,,,,,,,,3,1,1,1.0,7.0
201700051273,0017-01-05 18:00:00,17,1,5,18,0,330,63,ROCADE A 630,,,Nuit avec éclairage allumé,Hors agglomération,Hors intersection,Normale,Trois véhicules et plus - en chaîne,,,,,,,,,,,5,1,1,1.0,4.0
201700051274,0017-01-05 18:35:00,17,1,5,18,35,330,75,ROCADE A 630,,,Nuit sans éclairage public,Hors agglomération,Hors intersection,Normale,Deux véhicules - côté,,,,,,,,,,,3,1,1,1.0,3.0
201700051275,0017-01-06 07:50:00,17,1,6,7,50,330,167,ROUTE NATIONALE 230,,,Crépuscule ou aube,Hors agglomération,Hors intersection,Normale,Autre collision,,,,,,,,,,,2,1,1,1.0,6.0
201700051276,0017-01-07 14:30:00,17,1,7,14,30,330,63,ROCADE A 630,,,Plein jour,Hors agglomération,Hors intersection,Normale,Trois véhicules et plus - collisions multiples,,,,,,,,,,,1,1,1,1.0,5.0
201700051277,0017-01-07 19:55:00,17,1,7,19,55,330,13,ROUTE NATIONALE 230,,,Nuit avec éclairage allumé,Hors agglomération,Hors intersection,Normale,Deux véhicules - côté,,,,,,,,,,,5,1,1,1.0,3.0
201700051278,0017-01-10 08:30:00,17,1,10,8,30,330,162,ROCADE A 630,,,Plein jour,Hors agglomération,Hors intersection,Pluie légère,Deux véhicules - côté,,,,,,,,,,,1,1,1,2.0,3.0
201700051279,0017-01-12 16:45:00,17,1,12,16,45,330,13,ROUTE NATIONALE 230,,,Crépuscule ou aube,Hors agglomération,Hors intersection,Pluie légère,Trois véhicules et plus - en chaîne,,,,,,,,,,,2,1,1,2.0,4.0
201700051280,0017-01-13 19:00:00,17,1,13,19,0,330,550,AUTOROUTE A 62,,,Nuit avec éclairage allumé,Hors agglomération,Hors intersection,Normale,Trois véhicules et plus - en chaîne,,,,,,,,,,,5,1,1,1.0,4.0
201700051281,0017-01-16 16:10:00,17,1,16,16,10,330,550,ROCADE A 630,,,Plein jour,Hors agglomération,Hors intersection,Normale,Deux véhicules - arrière,,,,,,,,,,,1,1,1,1.0,2.0
201700051282,0017-01-19 07:40:00,17,1,19,7,40,330,550,ROCADE A 630,44.77757,-0.56323,Crépuscule ou aube,Hors agglomération,Hors intersection,Normale,Trois véhicules et plus - collisions multiples,,,,,,,,,,,2,1,1,1.0,5.0
201700051283,0017-01-19 17:00:00,17,1,19,17,0,330,39,ROCADE A 630,,,Plein jour,Hors agglomération,Hors intersection,Normale,Deux véhicules - côté,,,,,,,,,,,1,1,1,1.0,3.0
201700051284,0017-01-20 08:40:00,17,1,20,8,40,330,281,ROCADE A 630,,,Plein jour,Hors agglomération,Hors intersection,Normale,Deux véhicules - côté,,,,,,,,,,,1,1,1,1.0,3.0
201700051285,0017-01-21 15:45:00,17,1,21,15,45,330,550,ROCADE A 630,,,Plein jour,Hors agglomération,Hors intersection,Normale,Trois véhicules et plus - en chaîne,,,,,,,,,,,1,1,1,1.0,4.0
201700051286,0017-01-23 15:20:00,17,1,23,15,20,330,75,ROCADE A 630,,,Plein jour,Hors agglomération,Hors intersection,Normale,Trois véhicules et plus - en chaîne,,,,,,,,,,,1,1,1,1.0,4.0
201700051287,0017-01-27 17:46:00,17,1,27,17,46,330,281,ROCADE A 630,,,Nuit sans éclairage public,Hors agglomération,Hors intersection,Normale,Autre collision,,,,,,,,,,,3,1,1,1.0,6.0
201700051288,0017-01-30 10:45:00,17,1,30,10,45,330,249,AUTOROUTE A 10,44.88526,-0.50891,Plein jour,Hors agglomération,Hors intersection,Pluie légère,Deux véhicules - côté,,,,,,,,,,,1,1,1,2.0,3.0
201700051289,0017-01-31 11:10:00,17,1,31,11,10,330,448,AUTOROUTE A 62,,,Plein jour,Hors agglomération,Hors intersection,Pluie légère,Deux véhicules - arrière,,,,,,,,,,,1,1,1,2.0,2.0
201700051290,0017-02-02 09:40:00,17,2,2,9,40,330,448,AUTOROUTE A 62,,,Plein jour,Hors agglomération,Hors intersection,Pluie légère,Trois véhicules et plus - en chaîne,,,,,,,,,,,1,1,1,2.0,4.0
201700051291,0017-02-06 17:15:00,17,2,6,17,15,330,550,ROCADE A 630,,,Plein jour,Hors agglomération,Hors intersection,Pluie légère,Deux véhicules - arrière,,,,,,,,,,,1,1,1,2.0,2.0
201700051292,0017-02-06 18:35:00,17,2,6,18,35,330,39,ROCADE A 630,,,Nuit avec éclairage allumé,Hors agglomération,Hors intersection,Pluie légère,Deux véhicules - arrière,,,,,,,,,,,5,1,1,2.0,2.0
201700051293,0017-02-07 09:15:00,17,2,7,9,15,330,119,ROUTE NATIONALE 230,,,Plein jour,Hors agglomération,Hors intersection,Pluie légère,Deux véhicules - côté,,,,,,,,,,,1,1,1,2.0,3.0
201700051294,0017-02-07 20:33:00,17,2,7,20,33,330,249,ROUTE NATIONALE 230,,,Nuit avec éclairage allumé,Hors agglomération,Hors intersection,Pluie légère,Autre collision,,,,,,,,,,,5,1,1,2.0,6.0
201700051295,0017-02-09 10:15:00,17,2,9,10,15,330,281,ROCADE A 630,,,Plein jour,Hors agglomération,Hors intersection,Normale,Autre collision,,,,,,,,,,,1,1,1,1.0,6.0
201700051296,0017-02-14 07:40:00,17,2,14,7,40,330,249,ROUTE NATIONALE 230,44.87818,-0.50917,Crépuscule ou aube,Hors agglomération,Hors intersection,Normale,Trois véhicules et plus - en chaîne,,,,,,,,,,,2,1,1,1.0,4.0
201700051297,0017-02-14 18:50:00,17,2,14,18,50,330,13,ROUTE NATIONALE 230,,,Plein jour,Hors agglomération,Hors intersection,Normale,Trois véhicules et plus - en chaîne,,,,,,,,,,,1,1,1,1.0,4.0
201700051298,0017-02-15 09:10:00,17,2,15,9,10,330,162,ROCADE A 630,,,Plein jour,Hors agglomération,Hors intersection,Normale,Deux véhicules - arrière,,,,,,,,,,,1,1,1,1.0,2.0
201700051299,0017-02-16 17:18:00,17,2,16,17,18,330,281,ROCADE A 630,,,Plein jour,Hors agglomération,Hors intersection,Normale,Deux véhicules - arrière,,,,,,,,,,,1,1,1,1.0,2.0
201700051300,0017-02-17 16:20:00,17,2,17,16,20,330,281,ROCADE A 630,,,Plein jour,Hors agglomération,Hors intersection,Normale,Deux véhicules - côté,,,,,,,,,,,1,1,1,1.0,3.0
201700051301,0017-02-20 12:25:00,17,2,20,12,25,330,550,ROCADE A 630,,,Plein jour,Hors agglomération,Hors intersection,Normale,Trois véhicules et plus - en chaîne,,,,,,,,,,,1,1,1,1.0,4.0
201700051302,0017-02-20 17:45:00,17,2,20,17,45,330,39,ROUTE NATIONALE 230,,,Plein jour,Hors agglomération,Hors intersection,Normale,Deux véhicules - arrière,,,,,,,,,,,1,1,1,1.0,2.0
201700051303,0017-02-22 14:35:00,17,2,22,14,35,330,550,ROCADE A 630,,,Plein jour,Hors agglomération,Hors intersection,Normale,Autre collision,,,,,,,,,,,1,1,1,1.0,6.0
201700051304,0017-02-24 20:25:00,17,2,24,20,25,330,487,AUTOROUTE A 10,,,Nuit avec éclairage allumé,Hors agglomération,Hors intersection,Normale,Deux véhicules - côté,,,,,,,,,,,5,1,1,1.0,3.0
201700051305,0017-03-03 15:10:00,17,3,3,15,10,330,249,ROUTE NATIONALE 230,44.87605,-0.50805,Plein jour,Hors agglomération,Hors intersection,Normale,Trois véhicules et plus - en chaîne,,,,,,,,,,,1,1,1,1.0,4.0
201700051306,0017-03-07 16:55:00,17,3,7,16,55,330,249,ROCADE A 630,44.88049,-0.53979,Plein jour,Hors agglomération,Hors intersection,Pluie forte,Deux véhicules - arrière,,,,,,,,,,,1,1,1,3.0,2.0
201700051307,0017-03-10 06:55:00,17,3,10,6,55,330,249,ROCADE A 630,44.88003,-0.52554,Crépuscule ou aube,Hors agglomération,Hors intersection,Normale,Deux véhicules - côté,,,,,,,,,,,2,1,1,1.0,3.0
201700051308,0017-03-10 19:40:00,17,3,10,19,40,330,39,ROCADE N230,44.80569,-0.52978,Nuit avec éclairage allumé,Hors agglomération,Hors intersection,Normale,Deux véhicules - arrière,,,,,,,,,,,5,1,1,1.0,2.0
201700051309,0017-03-11 13:10:00,17,3,11,13,10,330,96,AUTOROUTE A 10,44.89892,-0.49478,Plein jour,Hors agglomération,Hors intersection,Normale,Deux véhicules - arrière,,,,,,,,,,,1,1,1,1.0,2.0
201700051310,0017-03-14 13:00:00,17,3,14,13,0,330,192,ROCADE A 630,44.78635,-0.59622,Plein jour,Hors agglomération,Hors intersection,Normale,Trois véhicules et plus - en chaîne,,,,,,,,,,,1,1,1,1.0,4.0
201700051311,0017-03-15 08:10:00,17,3,15,8,10,330,249,ROUTE NATIONALE 230,44.87967,-0.50995,Plein jour,Hors agglomération,Hors intersection,Normale,Deux véhicules - côté,,,,,,,,,,,1,1,1,1.0,3.0
201700051312,0017-03-15 09:30:00,17,3,15,9,30,330,80,AUTOROUTE A 62,44.73712,-0.5339,Plein jour,Hors agglomération,Hors intersection,Normale,Trois véhicules et plus - collisions multiples,,,,,,,,,,,1,1,1,1.0,5.0
201700051313,0017-03-15 16:55:00,17,3,15,16,55,330,75,ROCADE A 630,44.885,-0.62183,Plein jour,Hors agglomération,Hors intersection,Normale,Deux véhicules - arrière,,,,,,,,,,,1,1,1,1.0,2.0
201700051314,0017-03-15 18:40:00,17,3,15,18,40,330,550,ROCADE A 630,44.77766,-0.55902,Plein jour,Hors agglomération,Hors intersection,Normale,Deux véhicules - côté,,,,,,,,,,,1,1,1,1.0,3.0
201700051315,0017-03-17 19:00:00,17,3,17,19,0,330,487,AUTOROUTE A 10,44.94036,-0.46639,Plein jour,Hors agglomération,Hors intersection,Normale,Deux véhicules - côté,,,,,,,,,,,1,1,1,1.0,3.0
201700051316,0017-03-19 07:30:00,17,3,19,7,30,330,281,ROCADE A 630,44.8543,-0.66467,Plein jour,Hors agglomération,Hors intersection,Normale,Deux véhicules - arrière,,,,,,,,,,,1,1,1,1.0,2.0
201700051317,0017-03-20 08:13:00,17,3,20,8,13,330,75,ROCADE A 630,44.89018,-0.61403,Plein jour,Hors agglomération,Hors intersection,Pluie légère,Deux véhicules - côté,,,,,,,,,,,1,1,1,2.0,3.0
201700051318,0017-03-23 10:55:00,17,3,23,10,55,330,249,ROCADE A 630,44.88307,-0.52108,Plein jour,Hors agglomération,Hors intersection,Pluie légère,Deux véhicules - arrière,,,,,,,,,,,1,1,1,2.0,2.0
201700051319,0017-03-30 07:50:00,17,3,30,7,50,330,249,AUTOROUTE A 10,44.88816,-0.50503,Plein jour,Hors agglomération,Hors intersection,Normale,Deux véhicules - côté,,,,,,,,,,,1,1,1,1.0,3.0
201700051320,0017-03-31 15:50:00,17,3,31,15,50,330,550,ROCADE A 630,44.7824,-0.58555,Plein jour,Hors agglomération,Hors intersection,Normale,Deux véhicules - arrière,,,,,,,,,,,1,1,1,1.0,2.0
201700051321,0017-04-04 13:10:00,17,4,4,13,10,330,96,AUTOROUTE A 10,44.88854,-0.50468,Plein jour,Hors agglomération,Hors intersection,Normale,Trois véhicules et plus - collisions multiples,,,,,,,,,,,1,1,1,1.0,5.0
201700051322,0017-04-05 18:57:00,17,4,5,18,57,330,39,ROCADE A 631,44.80793,-0.53212,Plein jour,Hors agglomération,Hors intersection,Normale,Deux véhicules - arrière,,,,,,,,,,,1,1,1,1.0,2.0
201700051323,0017-04-06 17:50:00,17,4,6,17,50,330,167,ROUTE NATIONALE 230,44.8256,-0.50946,Plein jour,Hors agglomération,Hors intersection,Normale,Trois véhicules et plus - en chaîne,,,,,,,,,,,1,1,1,1.0,4.0
201700051324,0017-04-07 18:40:00,17,4,7,18,40,330,3,AUTOROUTE A 10,44.92577,-0.4721,Plein jour,Hors agglomération,Hors intersection,Normale,Trois véhicules et plus - collisions multiples,,,,,,,,,,,1,1,1,1.0,5.0
201700051325,0017-04-07 19:50:00,17,4,7,19,50,330,162,ROCADE A 630,44.87033,-0.64399,Plein jour,Hors agglomération,Hors intersection,Normale,Autre collision,,,,,,,,,,,1,1,1,1.0,6.0
201700051326,0017-04-11 07:30:00,17,4,11,7,30,330,80,AUTOROUTE A 62,44.72974,-0.52934,Plein jour,Hors agglomération,Hors intersection,Normale,Trois véhicules et plus - collisions multiples,,,,,,,,,,,1,1,1,1.0,5.0
201700051327,0017-04-11 16:50:00,17,4,11,16,50,330,122,AUTOROUTE A 63,44.75221,-0.69194,Plein jour,Hors agglomération,Hors intersection,Normale,Trois véhicules et plus - en chaîne,,,,,,,,,,,1,1,1,1.0,4.0
201700051328,0017-04-12 17:13:00,17,4,12,17,13,330,96,AUTOROUTE A 10,44.88854,-0.50468,Plein jour,Hors agglomération,Hors intersection,Normale,Deux véhicules - côté,,,,,,,,,,,1,1,1,1.0,3.0
201700051329,0017-04-13 03:05:00,17,4,13,3,5,330,143,AUTOROUTE A 10,44.95564,-0.45254,Nuit avec éclairage allumé,Hors agglomération,Hors intersection,Normale,Autre collision,,,,,,,,,,,5,1,1,1.0,6.0
201700051330,0017-04-13 07:35:00,17,4,13,7,35,330,75,ROCADE A 630,44.89018,-0.61403,Plein jour,Hors agglomération,Hors intersection,Normale,Trois véhicules et plus - en chaîne,,,,,,,,,,,1,1,1,1.0,4.0
201700051331,0017-04-13 12:45:00,17,4,13,12,45,330,122,AUTOROUTE A 63,44.7426,-0.70757,Plein jour,Hors agglomération,Hors intersection,Normale,Deux véhicules - arrière,,,,,,,,,,,1,1,1,1.0,2.0
201700051332,0017-04-14 15:08:00,17,4,14,15,8,330,162,ROCADE A 630,44.87394,-0.63775,Plein jour,Hors agglomération,Hors intersection,Normale,Deux véhicules - arrière,,,,,,,,,,,1,1,1,1.0,2.0
201700051333,0017-04-07 15:45:00,17,4,7,15,45,330,249,ROCADE A 630,44.8789,-0.53159,Plein jour,Hors agglomération,Hors intersection,Normale,Deux véhicules - arrière,,,,,,,,,,,1,1,1,1.0,2.0
201700051334,0017-04-15 12:00:00,17,4,15,12,0,330,192,AUTOROUTE A 63,44.78315,-0.63207,Plein jour,Hors agglomération,Hors intersection,Normale,Deux véhicules - arrière,,,,,,,,,,,1,1,1,1.0,2.0
201700051335,0017-04-16 08:00:00,17,4,16,8,0,330,550,ROCADE A 630,44.78249,-0.58583,Plein jour,Hors agglomération,Hors intersection,Normale,Autre collision,,,,,,,,,,,1,1,1,1.0,6.0
201700051336,0017-04-18 18:45:00,17,4,18,18,45,330,63,ROCADE A 630,44.88601,-0.56544,Plein jour,Hors agglomération,Hors intersection,Normale,Deux véhicules - côté,,,,,,,,,,,1,1,1,1.0,3.0
201700051337,0017-04-20 16:00:00,17,4,20,16,0,330,550,AUTOROUTE A 62,44.77276,-0.55596,Plein jour,Hors agglomération,Hors intersection,Normale,Deux véhicules - arrière,,,,,,,,,,,1,1,1,1.0,2.0
201700051338,0017-04-22 11:05:00,17,4,22,11,5,330,122,AUTOROUTE A 63,44.73163,-0.72416,Plein jour,Hors agglomération,Hors intersection,Normale,Trois véhicules et plus - en chaîne,,,,,,,,,,,1,1,1,1.0,4.0
201700051339,0017-04-22 19:47:00,17,4,22,19,47,330,65,ROUTE NATIONALE 230,44.809,-0.52472,Plein jour,Hors agglomération,Hors intersection,Normale,Deux véhicules - côté,,,,,,,,,,,1,1,1,1.0,3.0
201700051340,0017-04-23 16:33:00,17,4,23,16,33,330,96,AUTOROUTE A 10,44.8936,-0.49942,Plein jour,Hors agglomération,Hors intersection,Normale,Deux véhicules - arrière,,,,,,,,,,,1,1,1,1.0,2.0
201700051341,0017-04-26 09:20:00,17,4,26,9,20,330,448,AUTOROUTE A 62,44.70771,-0.51085,Plein jour,Hors agglomération,Hors intersection,Normale,Trois véhicules et plus - collisions multiples,,,,,,,,,,,1,1,1,1.0,5.0