accident_id,datetime,annee,mois,jour,heure,minute,departement,commune_insee,adresse,latitude,longitude,luminosite,agglomeration,intersection,meteo,collision,nb_vehicules,nb_usagers,nb_indemnes,nb_tues,nb_blesses_hosp,nb_blesses_legers,age_cond_1,age_cond_2,veh_type_cond_1,veh_type_cond_2,lum_code,agg_code,int_code,atm_code,col_code
201700051578,0017-06-22 14:20:00,17,6,22,14,20,670,218,Autoroute A.35,,,Plein jour,Hors agglomération,Hors intersection,Normale,Deux véhicules - arrière,,,,,,,,,,,1,1,1,1.0,2.0
201700051579,0017-06-27 05:25:00,17,6,27,5,25,670,152,Route Nationale 83,48.53029,7.69327,Crépuscule ou aube,Hors agglomération,Hors intersection,Pluie légère,Autre collision,,,,,,,,,,,2,1,1,2.0,6.0
201700051580,0017-07-13 19:05:00,17,7,13,19,5,670,482,Autoroute A.35,48.57621,7.72756,Plein jour,Hors agglomération,Hors intersection,Normale,Deux véhicules - arrière,,,,,,,,,,,1,1,1,1.0,2.0
201700051581,0017-07-15 01:35:00,17,7,15,1,35,670,309,Autoroute A4,,,Nuit sans éclairage public,Hors agglomération,Hors intersection,Normale,Autre collision,,,,,,,,,,,3,1,1,1.0,6.0
201700051582,0017-07-11 07:55:00,17,7,11,7,55,670,482,Route Nationale 2350,48.59209,7.7398,Plein jour,Hors agglomération,Hors intersection,Normale,Deux véhicules - côté,,,,,,,,,,,1,1,1,1.0,3.0
201700051583,0017-07-31 13:25:00,17,7,31,13,25,670,482,Autoroute A.351,48.58691,7.71531,Plein jour,Hors agglomération,Hors intersection,Temps couvert,Autre collision,,,,,,,,,,,1,1,1,8.0,6.0
201700051584,0017-07-31 19:00:00,17,7,31,19,0,670,482,Autoroute A.351,48.58691,7.7147,Plein jour,Hors agglomération,Hors intersection,Normale,Deux véhicules - arrière,,,,,,,,,,,1,1,1,1.0,2.0
201700051585,0017-08-01 22:00:00,17,8,1,22,0,670,482,Autoroute A.35,48.57093,7.73091,Nuit sans éclairage public,Hors agglomération,Hors intersection,Pluie légère,Deux véhicules - côté,,,,,,,,,,,3,1,1,2.0,3.0
201700051586,0017-07-24 06:05:00,17,7,24,6,5,670,482,Autoroute A.35,48.59689,7.74008,Crépuscule ou aube,Hors agglomération,Hors intersection,Pluie légère,Deux véhicules - arrière,,,,,,,,,,,2,1,1,2.0,2.0
201700051587,0017-08-08 23:20:00,17,8,8,23,20,670,482,Autoroute A.35,48.56908,7.73144,Nuit sans éclairage public,Hors agglomération,Hors intersection,Temps couvert,Deux véhicules - arrière,,,,,,,,,,,3,1,1,8.0,2.0
201700051588,0017-08-09 13:20:00,17,8,9,13,20,670,482,N.4 CONTOURNEMENT-SUD,48.57272,7.7298,Plein jour,Hors agglomération,Hors intersection,Normale,Sans collision,,,,,,,,,,,1,1,1,1.0,7.0
201700051589,0017-09-04 16:10:00,17,9,4,16,10,670,482,Autoroute A.35,48.59988,7.73662,Plein jour,Hors agglomération,Hors intersection,Normale,Deux véhicules - arrière,,,,,,,,,,,1,1,1,1.0,2.0
201700051590,0017-09-07 19:00:00,17,9,7,19,0,670,365,Autoroute A.35,48.53615,7.71132,Plein jour,Hors agglomération,Hors intersection,Normale,Deux véhicules - côté,,,,,,,,,,,1,1,1,1.0,3.0
201700051591,0017-09-16 04:50:00,17,9,16,4,50,670,152,Autoroute A.35,48.52466,7.65779,Nuit sans éclairage public,Hors agglomération,Hors intersection,Temps couvert,Deux véhicules - arrière,,,,,,,,,,,3,1,1,8.0,2.0
201700051592,0017-09-21 00:40:00,17,9,21,0,40,670,482,N.4 Contournement Sud,,,Nuit sans éclairage public,Hors agglomération,Hors intersection,Normale,Deux véhicules - frontale,,,,,,,,,,,3,1,1,1.0,1.0
201700051593,0017-09-21 08:05:00,17,9,21,8,5,670,482,Autoroute A.351,48.58,7.71,Plein jour,Hors agglomération,Hors intersection,Normale,Deux véhicules - côté,,,,,,,,,,,1,1,1,1.0,3.0
201700051594,0017-09-26 18:25:00,17,9,26,18,25,670,482,Autoroute A.35,48.59,7.73,Plein jour,Hors agglomération,Hors intersection,Normale,Trois véhicules et plus - collisions multiples,,,,,,,,,,,1,1,1,1.0,5.0
201700051595,0017-09-26 18:35:00,17,9,26,18,35,670,137,Route Dpartementale 108,48.50489,7.69489,Plein jour,Hors agglomération,Hors intersection,Normale,Deux véhicules - côté,,,,,,,,,,,1,1,1,1.0,3.0
201700051596,0017-09-29 19:00:00,17,9,29,19,0,670,447,Autoroute A.4,48.60298,7.73224,Crépuscule ou aube,Hors agglomération,Hors intersection,Normale,Trois véhicules et plus - collisions multiples,,,,,,,,,,,2,1,1,1.0,5.0
201700051597,0017-10-03 16:15:00,17,10,3,16,15,670,365,Autoroute A.35,48.53636,7.71264,Plein jour,Hors agglomération,Hors intersection,Normale,Deux véhicules - arrière,,,,,,,,,,,1,1,1,1.0,2.0
201700051598,0017-10-07 14:35:00,17,10,7,14,35,670,482,Bretelle accs autoroute,48.5924,7.73611,Plein jour,Hors agglomération,Hors intersection,Normale,Sans collision,,,,,,,,,,,1,1,1,1.0,7.0
201700051599,0017-09-15 08:05:00,17,9,15,8,5,670,309,Autoroute A.4,48.64296,7.7315,Plein jour,Hors agglomération,Hors intersection,Normale,Deux véhicules - côté,,,,,,,,,,,1,1,1,1.0,3.0
201700051600,0017-10-09 07:15:00,17,10,9,7,15,670,482,Autoroute A.351,48.58621,7.71981,Crépuscule ou aube,Hors agglomération,Hors intersection,Normale,Trois véhicules et plus - en chaîne,,,,,,,,,,,2,1,1,1.0,4.0
201700051601,0017-10-16 13:40:00,17,10,16,13,40,670,482,Autoroute A.35,48.58838,7.72758,Plein jour,Hors agglomération,Hors intersection,Normale,Deux véhicules - arrière,,,,,,,,,,,1,1,1,1.0,2.0
201700051602,0017-10-16 15:00:00,17,10,16,15,0,670,365,Autoroute A.35,48.53436,7.70045,Plein jour,Hors agglomération,Hors intersection,Normale,Deux véhicules - côté,,,,,,,,,,,1,1,1,1.0,3.0
201700051603,0017-10-16 18:10:00,17,10,16,18,10,670,482,Autoroute A.35,48.57679,7.72702,Plein jour,Hors agglomération,Hors intersection,Normale,Trois véhicules et plus - en chaîne,,,,,,,,,,,1,1,1,1.0,4.0
201700051604,0017-10-17 14:00:00,17,10,17,14,0,670,482,Autoroute A.35,48.58056,7.7241,Plein jour,Hors agglomération,Hors intersection,Normale,Deux véhicules - arrière,,,,,,,,,,,1,1,1,1.0,2.0
201700051605,0017-10-27 13:55:00,17,10,27,13,55,670,482,Autoroute A.35,48.55506,7.73269,Plein jour,Hors agglomération,Hors intersection,Normale,Deux véhicules - arrière,,,,,,,,,,,1,1,1,1.0,2.0
201700051606,0017-10-30 17:25:00,17,10,30,17,25,670,482,Autoroute A.35,48.58395,7.72425,Nuit sans éclairage public,Hors agglomération,Hors intersection,Normale,Sans collision,,,,,,,,,,,3,1,1,1.0,7.0
201700051607,0017-11-10 20:30:00,17,11,10,20,30,670,471,Autoroute A.4,48.64279,7.73155,Nuit sans éclairage public,Hors agglomération,Hors intersection,Pluie légère,Trois véhicules et plus - en chaîne,,,,,,,,,,,3,1,1,2.0,4.0
201700051608,0017-11-08 11:55:00,17,11,8,11,55,670,482,Bretelle accs autoroute,48.54728,7.72751,Plein jour,Hors agglomération,Hors intersection,Pluie légère,Autre collision,,,,,,,,,,,1,1,1,2.0,6.0
201700051609,0017-11-18 19:05:00,17,11,18,19,5,670,152,Route Nationale 83,48.52633,7.69492,Nuit sans éclairage public,Hors agglomération,Hors intersection,Temps couvert,Trois véhicules et plus - en chaîne,,,,,,,,,,,3,1,1,8.0,4.0
201700051610,0017-11-22 17:33:00,17,11,22,17,33,670,218,Autoroute A.35,48.54836,7.72982,Nuit sans éclairage public,Hors agglomération,Hors intersection,Normale,Deux véhicules - côté,,,,,,,,,,,3,1,1,1.0,3.0
201700051611,0017-11-25 12:30:00,17,11,25,12,30,670,365,Autoroute A.35,48.56826,7.73174,Plein jour,Hors agglomération,Hors intersection,Normale,Sans collision,,,,,,,,,,,1,1,1,1.0,7.0
201700051612,0017-12-04 07:00:00,17,12,4,7,0,670,152,Route Nationale 83,48.52393,7.69599,Nuit sans éclairage public,Hors agglomération,Hors intersection,Pluie légère,Trois véhicules et plus - en chaîne,,,,,,,,,,,3,1,1,2.0,4.0
201700051613,0017-12-15 13:20:00,17,12,15,13,20,670,204,Autoroute A.4,48.61955,7.72635,Plein jour,Hors agglomération,Hors intersection,Temps couvert,Trois véhicules et plus - en chaîne,,,,,,,,,,,1,1,1,8.0,4.0
201700051614,0017-12-28 11:15:00,17,12,28,11,15,670,131,RN 353,48.49244,7.76313,Plein jour,Hors agglomération,Hors intersection,Normale,Deux véhicules - arrière,,,,,,,,,,,1,1,1,1.0,2.0
201700051615,0017-01-06 18:20:00,17,1,6,18,20,540,578,Autoroute A33,48.66727,6.12327,Nuit sans éclairage public,Hors agglomération,Intersection en Y,Normale,Trois véhicules et plus - en chaîne,,,,,,,,,,,3,1,4,1.0,4.0
201700051616,0017-01-30 13:40:00,17,1,30,13,40,540,123,Autoroute A 33,48.64659,6.14018,Plein jour,Hors agglomération,Hors intersection,Pluie légère,Trois véhicules et plus - collisions multiples,,,,,,,,,,,1,1,1,2.0,5.0
201700051617,0017-01-25 07:50:00,17,1,25,7,50,540,115,Autoroute A 31,48.69406,6.09376,Nuit sans éclairage public,Hors agglomération,Hors intersection,Normale,Trois véhicules et plus - en chaîne,,,,,,,,,,,3,1,1,1.0,4.0
201700051618,0017-02-24 16:40:00,17,2,24,16,40,540,462,Autoroute A 33,,,Plein jour,Hors agglomération,Hors intersection,Neige / grêle,Trois véhicules et plus - collisions multiples,,,,,,,,,,,1,1,1,4.0,5.0
201700051619,0017-03-06 18:00:00,17,3,6,18,0,540,328,Autoroute A 330,48.61237,6.17712,Nuit sans éclairage public,Hors agglomération,Hors intersection,Normale,Trois véhicules et plus - en chaîne,,,,,,,,,,,3,1,1,1.0,4.0
201700051620,0017-03-27 09:00:00,17,3,27,9,0,540,265,Autoroute A 33,48.63201,6.17688,Plein jour,Hors agglomération,Hors intersection,Normale,Trois véhicules et plus - en chaîne,,,,,,,,,,,1,1,1,1.0,4.0
201700051621,0017-04-08 18:00:00,17,4,8,18,0,540,462,Autoroute A 33,48.60053,6.33853,Plein jour,Hors agglomération,Hors intersection,Normale,Deux véhicules - arrière,,,,,,,,,,,1,1,1,1.0,2.0
201700051622,0017-04-07 12:30:00,17,4,7,12,30,540,304,Autoroute A 31,48.69455,6.10725,Plein jour,Hors agglomération,Hors intersection,Normale,Trois véhicules et plus - collisions multiples,,,,,,,,,,,1,1,1,1.0,5.0
201700051623,0017-05-28 12:15:00,17,5,28,12,15,540,90,Autoroute A 31,48.7468,6.1548,Plein jour,Hors agglomération,Hors intersection,Normale,Trois véhicules et plus - en chaîne,,,,,,,,,,,1,1,1,1.0,4.0
201700051624,0017-06-09 16:48:00,17,6,9,16,48,540,571,Autoroute A 33,48.61843,6.24813,Plein jour,Hors agglomération,Hors intersection,Pluie forte,Deux véhicules - arrière,,,,,,,,,,,1,1,1,3.0,2.0
201700051625,0017-06-16 18:00:00,17,6,16,18,0,540,357,Autoroute A 31,48.714,6.15608,Plein jour,Hors agglomération,Hors intersection,Normale,Deux véhicules - côté,,,,,,,,,,,1,1,1,1.0,3.0
201700051626,0017-07-08 10:00:00,17,7,8,10,0,540,304,Autoroute A 33,48.67733,6.12012,Plein jour,Hors agglomération,Hors intersection,Normale,Sans collision,,,,,,,,,,,1,1,1,1.0,7.0
201700051627,0017-07-01 23:45:00,17,7,1,23,45,540,357,Autoroute A 31,48.71758,6.16429,Nuit sans éclairage public,Hors agglomération,Hors intersection,Pluie forte,Deux véhicules - arrière,,,,,,,,,,,3,1,1,3.0,2.0
201700051628,0017-07-05 19:50:00,17,7,5,19,50,540,357,Autoroute A 31,48.69988,6.12201,Plein jour,Hors agglomération,Hors intersection,Normale,Deux véhicules - côté,,,,,,,,,,,1,1,1,1.0,3.0
201700051629,0017-03-24 15:20:00,17,3,24,15,20,540,115,Autoroute A 31,48.724,6.181,Plein jour,Hors agglomération,Hors intersection,Normale,Trois véhicules et plus - collisions multiples,,,,,,,,,,,1,1,1,1.0,5.0
201700051630,0017-07-28 17:50:00,17,7,28,17,50,540,357,Autoroute A 31,48.711,6.146,Plein jour,Hors agglomération,Hors intersection,Normale,Trois véhicules et plus - en chaîne,,,,,,,,,,,1,1,1,1.0,4.0
201700051631,0017-07-28 04:50:00,17,7,28,4,50,540,578,Autoroute A 33,48.6648,6.12389,Nuit sans éclairage public,Hors agglomération,Hors intersection,Normale,Deux véhicules - arrière,,,,,,,,,,,3,1,1,1.0,2.0
201700051632,0017-07-27 18:00:00,17,7,27,18,0,540,357,Autoroute A 31,48.71399,6.13362,Plein jour,Hors agglomération,Hors intersection,Normale,Trois véhicules et plus - en chaîne,,,,,,,,,,,1,1,1,1.0,4.0
201700051633,0017-08-25 23:20:00,17,8,25,23,20,540,320,Autoroute A 31,48.864,6.0926,Nuit avec éclairage allumé,Hors agglomération,Hors intersection,Normale,Deux véhicules - arrière,,,,,,,,,,,5,1,1,1.0,2.0
201700051634,0017-09-14 08:45:00,17,9,14,8,45,540,328,Autoroute A 330,48.6109,6.1763,Plein jour,Hors agglomération,Hors intersection,Pluie forte,Trois véhicules et plus - en chaîne,,,,,,,,,,,1,1,1,3.0,4.0
201700051635,0017-09-26 08:34:00,17,9,26,8,34,540,578,Autoroute A 33,48.666,6.1237,Plein jour,Hors agglomération,Hors intersection,Normale,Trois véhicules et plus - en chaîne,,,,,,,,,,,1,1,1,1.0,4.0
201700051636,0017-09-28 09:00:00,17,9,28,9,0,540,320,Autoroute A 31,48.85105,6.0891,Plein jour,Hors agglomération,Hors intersection,Normale,Deux véhicules - arrière,,,,,,,,,,,1,1,1,1.0,2.0
201700051637,0017-10-02 07:46:00,17,10,2,7,46,540,232,Autoroute A 31,48.6889,5.9895,Plein jour,Hors agglomération,Hors intersection,Normale,Trois véhicules et plus - en chaîne,,,,,,,,,,,1,1,1,1.0,4.0
201700051638,0017-10-05 08:38:00,17,10,5,8,38,540,547,Autoroute  A 33,,,Plein jour,Hors agglomération,Hors intersection,Normale,Trois véhicules et plus - en chaîne,,,,,,,,,,,1,1,1,1.0,4.0
201700051639,0017-10-09 08:00:00,17,10,9,8,0,540,528,Autoroute A 31,48.65344,5.88404,Crépuscule ou aube,Hors agglomération,Hors intersection,Normale,Trois véhicules et plus - collisions multiples,,,,,,,,,,,2,1,1,1.0,5.0
201700051640,0017-10-17 16:10:00,17,10,17,16,10,540,328,Autoroute A 330,48.62477,6.18347,Plein jour,Hors agglomération,Hors intersection,Normale,Trois véhicules et plus - en chaîne,,,,,,,,,,,1,1,1,1.0,4.0
201700051641,0017-10-07 20:30:00,17,10,7,20,30,540,328,Autoroute A 33,48.62378,6.18682,Nuit sans éclairage public,Hors agglomération,Hors intersection,Pluie légère,Trois véhicules et plus - collisions multiples,,,,,,,,,,,3,1,1,2.0,5.0
201700051642,0017-11-09 08:40:00,17,11,9,8,40,540,357,Autoroute A 31,48.70639,6.13911,Plein jour,Hors agglomération,Hors intersection,Normale,Deux véhicules - arrière,,,,,,,,,,,1,1,1,1.0,2.0
201700051643,0017-11-22 14:20:00,17,11,22,14,20,540,351,Autoroute A 31,48.79718,6.11435,Plein jour,Hors agglomération,Hors intersection,Normale,Deux véhicules - arrière,,,,,,,,,,,1,1,1,1.0,2.0
201700051644,0017-12-06 08:29:00,17,12,6,8,29,540,123,Autoroute A 31,48.7893,6.1414,Plein jour,Hors agglomération,Hors intersection,Normale,Trois véhicules et plus - collisions multiples,,,,,,,,,,,1,1,1,1.0,5.0
201700051645,0017-12-09 19:50:00,17,12,9,19,50,540,357,Autoroute A 31,48.69915,6.12148,Nuit sans éclairage public,Hors agglomération,Hors intersection,Pluie forte,Trois véhicules et plus - en chaîne,,,,,,,,,,,3,1,1,3.0,4.0
201700051646,0017-12-19 17:55:00,17,12,19,17,55,540,197,Autoroute A 33,48.61816,6.20621,Nuit sans éclairage public,Hors agglomération,Hors intersection,Pluie légère,Deux véhicules - arrière,,,,,,,,,,,3,1,1,2.0,2.0
201700051647,0017-01-03 15:45:00,17,1,3,15,45,570,463,Autoroute A31,49.12458,6.1599,Plein jour,Hors agglomération,Hors intersection,Normale,Trois véhicules et plus - en chaîne,,,,,,,,,,,1,1,1,1.0,4.0
201700051648,0017-01-15 08:30:00,17,1,15,8,30,570,206,Autoroute A30,49.3078,6.12027,Crépuscule ou aube,Hors agglomération,Hors intersection,Normale,Sans collision,,,,,,,,,,,2,1,1,1.0,7.0
201700051649,0017-02-02 21:50:00,17,2,2,21,50,570,463,Autoroute A31,,,Nuit sans éclairage public,Hors agglomération,Hors intersection,Normale,Deux véhicules - arrière,,,,,,,,,,,3,1,1,1.0,2.0
201700051650,0017-02-23 05:30:00,17,2,23,5,30,570,306,Autoroute A30,49.32802,6.04138,Nuit sans éclairage public,Hors agglomération,Hors intersection,Normale,Deux véhicules - arrière,,,,,,,,,,,3,1,1,1.0,2.0
201700051651,0017-03-31 12:45:00,17,3,31,12,45,570,343,Autoroute A31,49.32469,6.18455,Plein jour,Hors agglomération,Hors intersection,Normale,Trois véhicules et plus - collisions multiples,,,,,,,,,,,1,1,1,1.0,5.0
201700051652,0017-04-19 16:35:00,17,4,19,16,35,570,303,Autoroute A31,,,Plein jour,Hors agglomération,Hors intersection,Normale,Trois véhicules et plus - en chaîne,,,,,,,,,,,1,1,1,1.0,4.0
201700051653,0017-04-28 18:35:00,17,4,28,18,35,570,194,Autoroute A31,49.42105,6.11038,Plein jour,Hors agglomération,Hors intersection,Temps couvert,Deux véhicules - arrière,,,,,,,,,,,1,1,1,8.0,2.0
201700051654,0017-04-29 19:55:00,17,4,29,19,55,570,206,Autoroute A30,49.30849,6.11883,Plein jour,Hors agglomération,Hors intersection,Normale,Deux véhicules - côté,,,,,,,,,,,1,1,1,1.0,3.0
201700051655,0017-05-04 22:20:00,17,5,4,22,20,570,764,Autoroute A31,49.4673,6.1225,Nuit sans éclairage public,Hors agglomération,Hors intersection,Normale,Deux véhicules - arrière,,,,,,,,,,,3,1,1,1.0,2.0
201700051656,0017-06-25 02:07:00,17,6,25,2,7,570,343,Autoroute A31,49.33332,6.18333,Nuit sans éclairage public,Hors agglomération,Hors intersection,Normale,Deux véhicules - arrière,,,,,,,,,,,3,1,1,1.0,2.0
201700051657,0017-06-23 20:25:00,17,6,23,20,25,570,303,Autoroute A31,49.20056,6.17099,Plein jour,Hors agglomération,Hors intersection,Normale,Autre collision,,,,,,,,,,,1,1,1,1.0,6.0
201700051658,0017-07-10 07:45:00,17,7,10,7,45,570,672,Autoroute A31,49.36505,6.1068,Plein jour,Hors agglomération,Hors intersection,Temps couvert,Deux véhicules - arrière,,,,,,,,,,,1,1,1,8.0,2.0
201700051659,0017-07-19 19:45:00,17,7,19,19,45,570,582,Autoroute A31,,,Plein jour,Hors agglomération,Hors intersection,Normale,Trois véhicules et plus - collisions multiples,,,,,,,,,,,1,1,1,1.0,5.0
201700051660,0017-08-01 22:05:00,17,8,1,22,5,570,356,Autoroute A31,49.4376,6.1172,Nuit sans éclairage public,Hors agglomération,Hors intersection,Normale,Deux véhicules - côté,,,,,,,,,,,3,1,1,1.0,3.0
201700051661,0017-08-03 21:45:00,17,8,3,21,45,570,672,Autoroute A31,,,Nuit sans éclairage public,Hors agglomération,Hors intersection,Normale,Deux véhicules - arrière,,,,,,,,,,,3,1,1,1.0,2.0
201700051662,0017-08-05 05:15:00,17,8,5,5,15,570,433,Autoroute A31,,,Nuit sans éclairage public,Hors agglomération,Hors intersection,Normale,Autre collision,,,,,,,,,,,3,1,1,1.0,6.0
201700051663,0017-08-06 04:01:00,17,8,6,4,1,570,445,Autoroute A31,,,Nuit sans éclairage public,Hors agglomération,Hors intersection,Normale,Trois véhicules et plus - en chaîne,,,,,,,,,,,3,1,1,1.0,4.0
201700051664,0017-08-11 17:10:00,17,8,11,17,10,570,474,Autoroute A31,49.2652,6.17653,Plein jour,Hors agglomération,Hors intersection,Pluie légère,Deux véhicules - arrière,,,,,,,,,,,1,1,1,2.0,2.0
201700051665,0017-08-15 19:05:00,17,8,15,19,5,570,67,Autoroute A31,49.3108,6.18264,Plein jour,Hors agglomération,Hors intersection,Normale,Trois véhicules et plus - en chaîne,,,,,,,,,,,1,1,1,1.0,4.0
201700051666,0017-09-11 08:15:00,17,9,11,8,15,570,206,Autoroute A 30,,,Plein jour,Hors agglomération,Hors intersection,Pluie légère,Deux véhicules - arrière,,,,,,,,,,,1,1,1,2.0,2.0
201700051667,0017-09-24 01:32:00,17,9,24,1,32,570,474,Autoroute A31,,,Nuit sans éclairage public,Hors agglomération,Hors intersection,Normale,Deux véhicules - arrière,,,,,,,,,,,3,1,1,1.0,2.0
201700051668,0017-09-20 06:25:00,17,9,20,6,25,570,663,Autoroute A31,49.23362,6.17947,Nuit sans éclairage public,Hors agglomération,Hors intersection,Normale,Deux véhicules - côté,,,,,,,,,,,3,1,1,1.0,3.0
201700051669,0017-09-24 09:20:00,17,9,24,9,20,570,672,Autoroute A31,49.40567,6.11081,Plein jour,Hors agglomération,Hors intersection,Normale,Autre collision,,,,,,,,,,,1,1,1,1.0,6.0
201700051670,0017-10-03 19:35:00,17,10,3,19,35,570,463,RN 431,,,Nuit avec éclairage allumé,Hors agglomération,Hors intersection,Normale,Sans collision,,,,,,,,,,,5,1,1,1.0,7.0
201700051671,0017-10-10 06:25:00,17,10,10,6,25,570,663,Autoroute A31,49.23997,6.18084,Nuit sans éclairage public,Hors agglomération,Hors intersection,Pluie légère,Autre collision,,,,,,,,,,,3,1,1,2.0,6.0
201700051672,0017-10-11 08:00:00,17,10,11,8,0,570,463,RN 431,,,Plein jour,Hors agglomération,Autre intersection,Normale,Trois véhicules et plus - en chaîne,,,,,,,,,,,1,1,9,1.0,4.0
201700051673,0017-10-13 19:35:00,17,10,13,19,35,570,463,RN 431,49.09887,6.23449,Crépuscule ou aube,Hors agglomération,Hors intersection,Normale,Trois véhicules et plus - en chaîne,,,,,,,,,,,2,1,1,1.0,4.0
201700051674,0017-10-17 04:48:00,17,10,17,4,48,570,672,Autoroute A31,49.37141,6.10643,Nuit sans éclairage public,Hors agglomération,Autre intersection,Normale,Deux véhicules - arrière,,,,,,,,,,,3,1,9,1.0,2.0
201700051675,0017-10-20 04:25:00,17,10,20,4,25,570,463,Autoroute A31,49.1125,6.16789,Nuit avec éclairage allumé,En agglomération,Hors intersection,Normale,Autre collision,,,,,,,,,,,5,2,1,1.0,6.0
201700051676,0017-10-26 22:15:00,17,10,26,22,15,570,582,Autoroute A31,49.28496,6.17317,Nuit sans éclairage public,Hors agglomération,Hors intersection,Normale,Trois véhicules et plus - collisions multiples,,,,,,,,,,,3,1,1,1.0,5.0
201700051677,0017-10-31 19:25:00,17,10,31,19,25,570,666,Autoroute A31,49.34985,6.13012,Crépuscule ou aube,Hors agglomération,Hors intersection,Normale,Trois véhicules et plus - en chaîne,,,,,,,,,,,2,1,1,1.0,4.0
201700051678,0017-10-31 16:15:00,17,10,31,16,15,570,303,Autoroute A31,49.2208,6.1754,Plein jour,Hors agglomération,Hors intersection,Normale,Trois véhicules et plus - collisions multiples,,,,,,,,,,,1,1,1,1.0,5.0
201700051679,0017-12-02 17:15:00,17,12,2,17,15,570,463,Autoroute A31,49.12702,6.16147,Crépuscule ou aube,Hors agglomération,Hors intersection,Normale,Trois véhicules et plus - collisions multiples,,,,,,,,,,,2,1,1,1.0,5.0
201700051680,0017-01-06 16:00:00,17,1,6,16,0,420,218,RN88,45.41884,4.4086,Plein jour,Hors agglomération,Hors intersection,Normale,Deux véhicules - côté,,,,,,,,,,,1,1,1,1.0,3.0
201700051681,0017-01-07 21:35:00,17,1,7,21,35,420,123,A47,45.51778,4.58954,Nuit sans éclairage public,Hors agglomération,Hors intersection,Normale,Deux véhicules - arrière,,,,,,,,,,,3,1,1,1.0,2.0
201700051682,0017-06-15 08:45:00,17,6,15,8,45,420,218,A72,45.46748,4.37715,Plein jour,Hors agglomération,Hors intersection,Normale,Deux véhicules - arrière,,,,,,,,,,,1,1,1,1.0,2.0
201700051683,0017-02-03 21:25:00,17,2,3,21,25,420,218,A72,45.45529,4.41199,Nuit avec éclairage allumé,Hors agglomération,Intersection en Y,Normale,Deux véhicules - côté,,,,,,,,,,,5,1,4,1.0,3.0
201700051684,0017-02-07 21:45:00,17,2,7,21,45,420,103,A47,45.50228,4.56446,Nuit avec éclairage allumé,Hors agglomération,Autre intersection,Normale,Deux véhicules - arrière,,,,,,,,,,,5,1,9,1.0,2.0
201700051685,0017-02-11 09:15:00,17,2,11,9,15,420,103,A47,45.50144,4.56337,Plein jour,Hors agglomération,Hors intersection,Normale,Sans collision,,,,,,,,,,,1,1,1,1.0,7.0
201700051686,0017-03-01 01:40:00,17,3,1,1,40,420,218,RN88,45.40784,4.38896,Nuit sans éclairage public,Hors agglomération,Hors intersection,Normale,Sans collision,,,,,,,,,,,3,1,1,1.0,7.0
201700051687,0017-04-05 18:25:00,17,4,5,18,25,690,252,A47,45.54559,4.6691,Plein jour,Hors agglomération,Hors intersection,Normale,Deux véhicules - arrière,,,,,,,,,,,1,1,1,1.0,2.0
201700051688,0017-04-13 17:40:00,17,4,13,17,40,420,218,A72,45.46472,4.38611,Plein jour,Hors agglomération,Hors intersection,Normale,Trois véhicules et plus - en chaîne,,,,,,,,,,,1,1,1,1.0,4.0
201700051689,0017-04-07 19:15:00,17,4,7,19,15,420,97,A72,45.48729,4.32498,Plein jour,Hors agglomération,Hors intersection,Normale,Trois véhicules et plus - collisions multiples,,,,,,,,,,,1,1,1,1.0,5.0
201700051690,0017-05-02 17:45:00,17,5,2,17,45,420,207,A47,45.48902,4.50913,Plein jour,Hors agglomération,Hors intersection,Pluie légère,Trois véhicules et plus - en chaîne,,,,,,,,,,,1,1,1,2.0,4.0
201700051691,0017-05-01 19:00:00,17,5,1,19,0,420,225,A47,45.52029,4.59288,Plein jour,Hors agglomération,Hors intersection,Normale,Deux véhicules - arrière,,,,,,,,,,,1,1,1,1.0,2.0
201700051692,0017-05-07 05:45:00,17,5,7,5,45,420,123,A47,45.51202,4.56949,Nuit sans éclairage public,Hors agglomération,Hors intersection,Normale,Deux véhicules - frontale,,,,,,,,,,,3,1,1,1.0,1.0
201700051693,0017-05-02 19:15:00,17,5,2,19,15,420,237,RN88,45.44832,4.47073,Plein jour,Hors agglomération,Hors intersection,Temps couvert,Deux véhicules - arrière,,,,,,,,,,,1,1,1,8.0,2.0
201700051694,0017-05-12 15:20:00,17,5,12,15,20,420,5,A72,45.52805,4.28444,Plein jour,Hors agglomération,Hors intersection,Pluie forte,Deux véhicules - arrière,,,,,,,,,,,1,1,1,3.0,2.0
201700051695,0017-05-24 15:05:00,17,5,24,15,5,420,44,RN88,45.3945,4.3317,Plein jour,Hors agglomération,Hors intersection,Normale,Deux véhicules - arrière,,,,,,,,,,,1,1,1,1.0,2.0