accident_id,datetime,annee,mois,jour,heure,minute,departement,commune_insee,adresse,latitude,longitude,luminosite,agglomeration,intersection,meteo,collision,nb_vehicules,nb_usagers,nb_indemnes,nb_tues,nb_blesses_hosp,nb_blesses_legers,age_cond_1,age_cond_2,veh_type_cond_1,veh_type_cond_2,lum_code,agg_code,int_code,atm_code,col_code
201700051696,0017-05-31 16:40:00,17,5,31,16,40,420,97,A72,45.48157,4.34156,Plein jour,Hors agglomération,Hors intersection,Normale,Deux véhicules - côté,,,,,,,,,,,1,1,1,1.0,3.0
201700051697,0017-07-05 03:00:00,17,7,5,3,0,420,207,A47,45.46693,4.49816,Nuit sans éclairage public,Hors agglomération,Hors intersection,Normale,Autre collision,,,,,,,,,,,3,1,1,1.0,6.0
201700051698,0017-07-19 16:50:00,17,7,19,16,50,420,110,Autoroute 47,45.49485,4.53199,Plein jour,Hors agglomération,Hors intersection,Normale,Deux véhicules - arrière,,,,,,,,,,,1,1,1,1.0,2.0
201700051699,0017-08-05 16:10:00,17,8,5,16,10,420,95,RN88,45.37083,4.27138,Plein jour,Hors agglomération,Hors intersection,Autre,Autre collision,,,,,,,,,,,1,1,1,9.0,6.0
201700051700,0017-08-12 01:35:00,17,8,12,1,35,420,218,A72,45.43627,4.43368,Nuit avec éclairage non allumé,Hors agglomération,Hors intersection,Normale,Sans collision,,,,,,,,,,,4,1,1,1.0,7.0
201700051701,0017-08-23 14:40:00,17,8,23,14,40,420,110,A47,45.49607,4.55647,Plein jour,Hors agglomération,Hors intersection,Normale,Trois véhicules et plus - en chaîne,,,,,,,,,,,1,1,1,1.0,4.0
201700051702,0017-08-29 01:00:00,17,8,29,1,0,420,218,Autoroute 72,45.43852,4.43343,Nuit sans éclairage public,Hors agglomération,Hors intersection,Normale,Autre collision,,,,,,,,,,,3,1,1,1.0,6.0
201700051703,0017-09-12 18:00:00,17,9,12,18,0,420,5,A72,45.53041,4.28522,Plein jour,Hors agglomération,Hors intersection,Normale,Trois véhicules et plus - en chaîne,,,,,,,,,,,1,1,1,1.0,4.0
201700051704,0017-09-11 18:05:00,17,9,11,18,5,420,218,RN88,45.41996,4.40995,Plein jour,Hors agglomération,Hors intersection,Normale,Deux véhicules - arrière,,,,,,,,,,,1,1,1,1.0,2.0
201700051705,0017-10-02 08:01:00,17,10,2,8,1,420,95,RN88,45.37742,4.27193,Crépuscule ou aube,Hors agglomération,Hors intersection,Normale,Deux véhicules - côté,,,,,,,,,,,2,1,1,1.0,3.0
201700051706,0017-10-21 19:04:00,17,10,21,19,4,420,218,RN88,45.44244,4.46332,Nuit sans éclairage public,Hors agglomération,Hors intersection,Pluie légère,Trois véhicules et plus - collisions multiples,,,,,,,,,,,3,1,1,2.0,5.0
201700051707,0017-11-03 18:30:00,17,11,3,18,30,420,44,RN88,45.39566,4.34306,Nuit sans éclairage public,Hors agglomération,Hors intersection,Normale,Trois véhicules et plus - en chaîne,,,,,,,,,,,3,1,1,1.0,4.0
201700051708,0017-11-08 17:40:00,17,11,8,17,40,420,5,A72,45.52873,4.28608,Nuit sans éclairage public,Hors agglomération,Hors intersection,Normale,Trois véhicules et plus - en chaîne,,,,,,,,,,,3,1,1,1.0,4.0
201700051709,0017-11-28 09:00:00,17,11,28,9,0,420,44,RN88,45.39051,4.28363,Plein jour,Hors agglomération,Hors intersection,Normale,Trois véhicules et plus - en chaîne,,,,,,,,,,,1,1,1,1.0,4.0
201700051710,0017-11-25 00:30:00,17,11,25,0,30,420,307,A47,45.54859,4.67476,Nuit sans éclairage public,Hors agglomération,Hors intersection,Normale,Deux véhicules - arrière,,,,,,,,,,,3,1,1,1.0,2.0
201700051711,0017-12-20 17:20:00,17,12,20,17,20,420,330,A72,45.47187,4.36385,Nuit avec éclairage allumé,Hors agglomération,Hors intersection,Pluie légère,Deux véhicules - arrière,,,,,,,,,,,5,1,1,2.0,2.0
201700051712,0017-12-09 01:50:00,17,12,9,1,50,420,110,A47,45.49434,4.5458,Nuit sans éclairage public,Hors agglomération,Hors intersection,Neige / grêle,Deux véhicules - arrière,,,,,,,,,,,3,1,1,4.0,2.0
201700051713,0017-12-28 18:00:00,17,12,28,18,0,420,97,A72,45.51006,4.3017,Nuit sans éclairage public,Hors agglomération,Hors intersection,Normale,Trois véhicules et plus - en chaîne,,,,,,,,,,,3,1,1,1.0,4.0
201700051714,0017-01-02 10:00:00,17,1,2,10,0,690,34,BPNL,45.79266,4.8734,Plein jour,Hors agglomération,Intersection en Y,Temps couvert,Trois véhicules et plus - collisions multiples,,,,,,,,,,,1,1,4,8.0,5.0
201700051715,0017-04-13 12:55:00,17,4,13,12,55,690,281,A46 Sud PR50+400,45.64288,4.90243,Plein jour,Hors agglomération,Hors intersection,,Autre collision,,,,,,,,,,,1,1,1,,6.0
201700051716,0017-12-29 11:55:00,17,12,29,11,55,10,249,A47,45.58849,4.793,Plein jour,Hors agglomération,Hors intersection,Normale,Deux véhicules - côté,,,,,,,,,,,1,1,1,1.0,3.0
201700051717,0017-01-01 03:40:00,17,1,1,3,40,690,294,A7   13.970 A 15.270,,,Nuit avec éclairage non allumé,Hors agglomération,Hors intersection,Normale,Deux véhicules - arrière,,,,,,,,,,,4,1,1,1.0,2.0
201700051718,0017-01-04 09:30:00,17,1,4,9,30,690,275,RN346   29.300 A 34.350,45.75878,4.98531,Plein jour,Hors agglomération,Hors intersection,Normale,Trois véhicules et plus - collisions multiples,,,,,,,,,,,1,1,1,1.0,5.0
201700051719,0017-12-31 12:37:00,17,12,31,12,37,690,290,RN346   38.960 A 40.883,45.70481,4.96521,Plein jour,Hors agglomération,Hors intersection,Normale,Sans collision,,,,,,,,,,,1,1,1,1.0,7.0
201700051720,0017-11-24 20:35:00,17,11,24,20,35,10,275,A46N 25.180 A 25.680,45.80813,4.9194,Nuit avec éclairage allumé,Hors agglomération,Hors intersection,Normale,Deux véhicules - arrière,,,,,,,,,,,5,1,1,1.0,2.0
201700051721,0017-01-12 07:30:00,17,1,12,7,30,690,276,BUS (RD301)   0.000 A 2.,45.68523,4.85826,Plein jour,Hors agglomération,Hors intersection,Normale,Deux véhicules - côté,,,,,,,,,,,1,1,1,1.0,3.0
201700051722,0017-01-10 11:20:00,17,1,10,11,20,690,29,RD383   7.640 A 11.044,45.72734,4.89547,Plein jour,Hors agglomération,Hors intersection,Temps couvert,Autre collision,,,,,,,,,,,1,1,1,8.0,6.0
201700051723,0017-01-17 21:50:00,17,1,17,21,50,690,259,BUS (RD301)  2.800 A 4.4,45.68308,4.88436,Nuit sans éclairage public,Hors agglomération,Hors intersection,Autre,Deux véhicules - arrière,,,,,,,,,,,3,1,1,9.0,2.0
201700051724,0017-01-20 19:05:00,17,1,20,19,5,690,281,A46S   49.160 A 53.980,45.6449,4.91163,Crépuscule ou aube,Hors agglomération,Hors intersection,Normale,Deux véhicules - frontale,,,,,,,,,,,2,1,1,1.0,1.0
201700051725,0017-01-21 16:00:00,17,1,21,16,0,380,544,D1407,45.54227,4.84951,Plein jour,En agglomération,Place,Normale,Trois véhicules et plus - en chaîne,,,,,,,,,,,1,2,7,1.0,4.0
201700051726,0017-01-21 23:30:00,17,1,21,23,30,690,382,A7   0.000 A 2.278,,,Nuit avec éclairage allumé,Hors agglomération,Hors intersection,Normale,Deux véhicules - arrière,,,,,,,,,,,5,1,1,1.0,2.0
201700051727,0017-01-11 17:00:00,17,1,11,17,0,690,29,A43   0.550 A 3.353,,,Crépuscule ou aube,Hors agglomération,Hors intersection,Normale,Trois véhicules et plus - collisions multiples,,,,,,,,,,,2,1,1,1.0,5.0
201700051728,0017-01-22 19:15:00,17,1,22,19,15,690,275,RN346   29.300 A 34.350,45.76386,4.9851,Nuit sans éclairage public,Hors agglomération,Hors intersection,Normale,Deux véhicules - arrière,,,,,,,,,,,3,1,1,1.0,2.0
201700051729,0017-01-27 18:40:00,17,1,27,18,40,690,72,A6   445.323 A 447.390,45.80857,4.76881,Nuit sans éclairage public,Hors agglomération,Hors intersection,Normale,Deux véhicules - arrière,,,,,,,,,,,3,1,1,1.0,2.0
201700051730,0017-01-29 04:00:00,17,1,29,4,0,690,276,BUS (RD301)   0.000 A 2.,45.68528,4.85824,Nuit avec éclairage allumé,Hors agglomération,Hors intersection,Normale,Autre collision,,,,,,,,,,,5,1,1,1.0,6.0
201700051731,0017-01-30 17:40:00,17,1,30,17,40,690,276,A7   8.630 A 10.992,45.66921,4.84579,Nuit sans éclairage public,Hors agglomération,Hors intersection,Pluie légère,Sans collision,,,,,,,,,,,3,1,1,2.0,7.0
201700051732,0017-01-26 10:15:00,17,1,26,10,15,690,276,BUS (RD301)   0.000 A 2.,45.68586,4.85994,Plein jour,Hors agglomération,Hors intersection,Normale,Autre collision,,,,,,,,,,,1,1,1,1.0,6.0
201700051733,0017-01-17 09:40:00,17,1,17,9,40,690,199,RD383   14.250 A 18.000,45.69943,4.84567,Plein jour,Hors agglomération,Hors intersection,Normale,Autre collision,,,,,,,,,,,1,1,1,1.0,6.0
201700051734,0017-12-31 11:15:00,17,12,31,11,15,690,286,A46N   N/S  25.680 A 25.,45.80595,4.92429,Plein jour,Hors agglomération,Hors intersection,Pluie légère,Deux véhicules - côté,,,,,,,,,,,1,1,1,2.0,3.0
201700051735,0017-01-29 07:20:00,17,1,29,7,20,690,290,A43   3.865 A 9.894,45.72253,4.9306,Plein jour,Hors agglomération,Hors intersection,Normale,Deux véhicules - arrière,,,,,,,,,,,1,1,1,1.0,2.0
201700051736,0017-02-02 17:30:00,17,2,2,17,30,690,276,BUS (RD301)   0.000 A 2.,,,Crépuscule ou aube,Hors agglomération,Hors intersection,Normale,Deux véhicules - côté,,,,,,,,,,,2,1,1,1.0,3.0
201700051737,0017-03-01 12:25:00,17,3,1,12,25,690,199,A7   7.000 A 8.630,,,Plein jour,Hors agglomération,Hors intersection,Normale,Deux véhicules - côté,,,,,,,,,,,1,1,1,1.0,3.0
201700051738,0017-02-07 08:25:00,17,2,7,8,25,690,5,RD302   5.000 A 6.350,,,Plein jour,Hors agglomération,Hors intersection,Temps couvert,Deux véhicules - côté,,,,,,,,,,,1,1,1,8.0,3.0
201700051739,0017-11-23 18:30:00,17,11,23,18,30,690,276,A7   8.630 A 10.992,45.67387,4.8477,Nuit avec éclairage non allumé,Hors agglomération,Hors intersection,Normale,Deux véhicules - côté,,,,,,,,,,,4,1,1,1.0,3.0
201700051740,0017-02-14 17:05:00,17,2,14,17,5,690,9,A6   428.880 A 431.800,,,Plein jour,Hors agglomération,Hors intersection,Normale,Deux véhicules - arrière,,,,,,,,,,,1,1,1,1.0,2.0
201700051741,0017-02-17 10:05:00,17,2,17,10,5,690,271,RN346   38.000 A 38.960,,,Plein jour,Hors agglomération,Hors intersection,Normale,Autre collision,,,,,,,,,,,1,1,1,1.0,6.0
201700051742,0017-02-21 20:45:00,17,2,21,20,45,380,87,A7 - échangeur chanas,45.58738,4.79889,Nuit sans éclairage public,Hors agglomération,Hors intersection,Normale,Deux véhicules - arrière,,,,,,,,,,,3,1,1,1.0,2.0
201700051743,0017-02-22 00:01:00,17,2,22,0,1,690,142,A7   2.278 A 3.690,,,Nuit sans éclairage public,Hors agglomération,Hors intersection,Normale,Deux véhicules - côté,,,,,,,,,,,3,1,1,1.0,3.0
201700051744,0017-02-23 21:45:00,17,2,23,21,45,690,266,RD383   3.750 A 7.640,,,Nuit avec éclairage allumé,Hors agglomération,Hors intersection,Temps couvert,Autre collision,,,,,,,,,,,5,1,1,8.0,6.0
201700051745,0017-02-13 19:40:00,17,2,13,19,40,690,81,A6   449.510 A 451.640,45.77657,4.78224,Nuit sans éclairage public,Hors agglomération,Hors intersection,Normale,Deux véhicules - arrière,,,,,,,,,,,3,1,1,1.0,2.0
201700051746,0017-02-26 05:44:00,17,2,26,5,44,690,385,A6   453.400 A 455.000,,,Nuit avec éclairage allumé,En agglomération,Hors intersection,Normale,Sans collision,,,,,,,,,,,5,2,1,1.0,7.0
201700051747,0017-02-26 18:40:00,17,2,26,18,40,690,297,A7   15.770 A 20.110,,,Crépuscule ou aube,Hors agglomération,Hors intersection,Normale,Trois véhicules et plus - en chaîne,,,,,,,,,,,2,1,1,1.0,4.0
201700051748,0017-02-21 19:30:00,17,2,21,19,30,690,272,A46S   57.400 A 61.010,,,Nuit sans éclairage public,Hors agglomération,Hors intersection,Normale,Trois véhicules et plus - en chaîne,,,,,,,,,,,3,1,1,1.0,4.0
201700051749,0017-02-28 20:00:00,17,2,28,20,0,690,266,RD383   3.750 A 7.640,,,Nuit avec éclairage allumé,Hors agglomération,Hors intersection,Normale,Trois véhicules et plus - collisions multiples,,,,,,,,,,,5,1,1,1.0,5.0
201700051750,0017-03-05 17:10:00,17,3,5,17,10,690,29,RD383   7.640 A 11.044,45.74442,4.90631,Plein jour,Hors agglomération,Hors intersection,Temps couvert,Trois véhicules et plus - en chaîne,,,,,,,,,,,1,1,1,8.0,4.0
201700051751,0017-03-05 07:55:00,17,3,5,7,55,690,297,A7   15.770 A 20.110,,,Plein jour,Hors agglomération,Hors intersection,Normale,Sans collision,,,,,,,,,,,1,1,1,1.0,7.0
201700051752,0017-02-26 05:30:00,17,2,26,5,30,690,288,A43   13.029 A 15.971,45.66691,5.05518,Nuit sans éclairage public,Hors agglomération,Hors intersection,Normale,Deux véhicules - arrière,,,,,,,,,,,3,1,1,1.0,2.0
201700051753,0017-03-08 10:00:00,17,3,8,10,0,380,336,A7,45.47345,4.88333,Plein jour,Hors agglomération,Hors intersection,Normale,Autre collision,,,,,,,,,,,1,1,1,1.0,6.0
201700051754,0017-03-05 08:05:00,17,3,5,8,5,690,297,A7   15.770 A 20.110,,,Plein jour,Hors agglomération,Hors intersection,Normale,Trois véhicules et plus - collisions multiples,,,,,,,,,,,1,1,1,1.0,5.0
201700051755,0017-03-11 06:15:00,17,3,11,6,15,690,297,A7   15.770 A 20.110,,,Nuit sans éclairage public,Hors agglomération,Hors intersection,Normale,Deux véhicules - arrière,,,,,,,,,,,3,1,1,1.0,2.0
201700051756,0017-03-12 06:10:00,17,3,12,6,10,690,382,A7   0.000 A 2.278,,,Crépuscule ou aube,Hors agglomération,Hors intersection,Normale,Autre collision,,,,,,,,,,,2,1,1,1.0,6.0
201700051757,0017-03-04 15:20:00,17,3,4,15,20,690,282,RD302   0.400 A 4.620,45.75043,4.9857,Plein jour,Hors agglomération,Hors intersection,Pluie forte,Autre collision,,,,,,,,,,,1,1,1,3.0,6.0
201700051758,0017-03-12 11:50:00,17,3,12,11,50,690,204,A450   1.740 A 5.100,,,Plein jour,Hors agglomération,Hors intersection,Normale,Deux véhicules - côté,,,,,,,,,,,1,1,1,1.0,3.0
201700051759,0017-03-10 13:00:00,17,3,10,13,0,690,27,A450   5.100 A 7.285,45.67034,4.77916,Plein jour,Hors agglomération,Hors intersection,Normale,Sans collision,,,,,,,,,,,1,1,1,1.0,7.0
201700051760,0017-03-09 19:25:00,17,3,9,19,25,690,266,RD383 2.321 A 3.750,,,Nuit avec éclairage allumé,Hors agglomération,Hors intersection,Normale,Trois véhicules et plus - en chaîne,,,,,,,,,,,5,1,1,1.0,4.0
201700051761,0017-03-18 05:30:00,17,3,18,5,30,690,266,RD383   3.750 A 7.640,,,Nuit sans éclairage public,Hors agglomération,Hors intersection,Normale,Autre collision,,,,,,,,,,,3,1,1,1.0,6.0
201700051762,0017-03-20 07:50:00,17,3,20,7,50,10,275,A42   4.353 A 5.760   GE,,,Plein jour,Hors agglomération,Hors intersection,Normale,Deux véhicules - côté,,,,,,,,,,,1,1,1,1.0,3.0
201700051763,0017-02-21 18:15:00,17,2,21,18,15,690,72,A6   445.323 A 447.390,,,Nuit sans éclairage public,Hors agglomération,Hors intersection,Normale,Deux véhicules - arrière,,,,,,,,,,,3,1,1,1.0,2.0
201700051764,0017-03-21 07:30:00,17,3,21,7,30,690,385,A6   449.450 A 449.510,,,Plein jour,Hors agglomération,Hors intersection,Normale,Trois véhicules et plus - en chaîne,,,,,,,,,,,1,1,1,1.0,4.0
201700051765,0017-03-22 11:00:00,17,3,22,11,0,690,266,RD383   3.750 A 7.640,,,Plein jour,Hors agglomération,Hors intersection,Normale,Deux véhicules - arrière,,,,,,,,,,,1,1,1,1.0,2.0
201700051766,0017-03-11 14:00:00,17,3,11,14,0,690,72,A6   445.323 A 447.390,,,Plein jour,Hors agglomération,Hors intersection,Normale,Deux véhicules - arrière,,,,,,,,,,,1,1,1,1.0,2.0
201700051767,0017-03-18 05:20:00,17,3,18,5,20,690,117,A6   439.400 A 442.500,,,Crépuscule ou aube,Hors agglomération,Hors intersection,Normale,Deux véhicules - arrière,,,,,,,,,,,2,1,1,1.0,2.0
201700051768,0017-03-25 07:30:00,17,3,25,7,30,690,142,A7   2.278 A 3.690,,,Plein jour,Hors agglomération,Hors intersection,Normale,Sans collision,,,,,,,,,,,1,1,1,1.0,7.0
201700051769,0017-03-27 09:50:00,17,3,27,9,50,690,256,A42     0.560 A 4.020,,,Plein jour,Hors agglomération,Hors intersection,Normale,Trois véhicules et plus - en chaîne,,,,,,,,,,,1,1,1,1.0,4.0
201700051770,0017-03-31 12:55:00,17,3,31,12,55,690,199,RD383   14.250 A 18.000,,,Plein jour,Hors agglomération,Hors intersection,Normale,Trois véhicules et plus - en chaîne,,,,,,,,,,,1,1,1,1.0,4.0
201700051771,0017-03-29 04:00:00,17,3,29,4,0,690,297,A7   15.770 A 20.110,45.61314,4.80851,Nuit sans éclairage public,Hors agglomération,Hors intersection,Normale,Trois véhicules et plus - collisions multiples,,,,,,,,,,,3,1,1,1.0,5.0
201700051772,0017-03-27 13:55:00,17,3,27,13,55,690,29,RD383   7.640 A 11.044,,,Plein jour,Hors agglomération,Hors intersection,Normale,Trois véhicules et plus - collisions multiples,,,,,,,,,,,1,1,1,1.0,5.0
201700051773,0017-03-29 16:40:00,17,3,29,16,40,690,256,A42     0.560 A 4.020,,,Plein jour,Hors agglomération,Hors intersection,Normale,Deux véhicules - arrière,,,,,,,,,,,1,1,1,1.0,2.0
201700051774,0017-04-06 08:25:00,17,4,6,8,25,690,81,A6   449.510 A 451.640,45.78361,4.78305,Plein jour,Hors agglomération,Hors intersection,Normale,Trois véhicules et plus - collisions multiples,,,,,,,,,,,1,1,1,1.0,5.0
201700051775,0017-04-07 02:10:00,17,4,7,2,10,690,288,A43   13.029 A 15.971,45.66721,5.05499,Nuit sans éclairage public,Hors agglomération,Hors intersection,Normale,Deux véhicules - arrière,,,,,,,,,,,3,1,1,1.0,2.0
201700051776,0017-03-28 18:50:00,17,3,28,18,50,690,286,A46N   19.955 A 25.180,45.82436,4.91839,Plein jour,Hors agglomération,Hors intersection,Normale,Deux véhicules - côté,,,,,,,,,,,1,1,1,1.0,3.0
201700051777,0017-04-06 18:30:00,17,4,6,18,30,690,199,RD383   14.250 A 18.000,45.71765,4.8625,Plein jour,Hors agglomération,Hors intersection,Normale,Autre collision,,,,,,,,,,,1,1,1,1.0,6.0
201700051778,0017-04-12 04:25:00,17,4,12,4,25,380,544,N407,45.54135,4.85401,Nuit sans éclairage public,En agglomération,Hors intersection,Normale,Trois véhicules et plus - en chaîne,,,,,,,,,,,3,2,1,1.0,4.0
201700051779,0017-04-14 20:20:00,17,4,14,20,20,690,281,A46S   49.160 A 53.980,45.64428,4.90939,Plein jour,Hors agglomération,Hors intersection,Normale,Deux véhicules - arrière,,,,,,,,,,,1,1,1,1.0,2.0
201700051780,0017-04-16 14:50:00,17,4,16,14,50,690,275,RN346   29.300 A 34.350,45.77281,4.98448,Plein jour,Hors agglomération,Hors intersection,Normale,Sans collision,,,,,,,,,,,1,1,1,1.0,7.0
201700051781,0017-05-28 05:10:00,17,5,28,5,10,690,29,RD383   7.640 A 11.044,45.77576,4.90971,Nuit sans éclairage public,Hors agglomération,Hors intersection,Normale,Deux véhicules - arrière,,,,,,,,,,,3,1,1,1.0,2.0
201700051782,0017-04-16 10:45:00,17,4,16,10,45,690,266,RD383   3.750 A 7.640,45.7787,4.89553,Plein jour,Hors agglomération,Hors intersection,Temps couvert,Deux véhicules - frontale,,,,,,,,,,,1,1,1,8.0,1.0
201700051783,0017-04-16 06:00:00,17,4,16,6,0,690,266,RD383   3.750 A 7.640,45.76043,4.90946,Nuit sans éclairage public,Hors agglomération,Hors intersection,Normale,Sans collision,,,,,,,,,,,3,1,1,1.0,7.0
201700051784,0017-04-22 02:25:00,17,4,22,2,25,690,286,A46N   19.955 A 25.180,45.84896,4.91139,Nuit sans éclairage public,Hors agglomération,Hors intersection,Normale,Autre collision,,,,,,,,,,,3,1,1,1.0,6.0
201700051785,0017-04-22 03:15:00,17,4,22,3,15,690,276,A7   8.630 A 10.992,45.66,4.84524,Nuit sans éclairage public,Hors agglomération,Hors intersection,Normale,Sans collision,,,,,,,,,,,3,1,1,1.0,7.0
201700051786,0017-04-23 06:00:00,17,4,23,6,0,690,81,A6   449.510 A 451.640,,,Plein jour,Hors agglomération,Hors intersection,Normale,Deux véhicules - côté,,,,,,,,,,,1,1,1,1.0,3.0
201700051787,0017-04-03 09:00:00,17,4,3,9,0,690,297,A47   0.000  A 1.657,45.58849,4.79266,Plein jour,Hors agglomération,Hors intersection,Normale,Deux véhicules - arrière,,,,,,,,,,,1,1,1,1.0,2.0
201700051788,0017-05-01 00:15:00,17,5,1,0,15,690,259,RD383   11.750 A 14.250,45.71834,4.8709,Nuit avec éclairage allumé,Hors agglomération,Hors intersection,Pluie légère,Trois véhicules et plus - en chaîne,,,,,,,,,,,5,1,1,2.0,4.0
201700051789,0017-04-21 07:25:00,17,4,21,7,25,690,388,RD383   0.000 A 1.165,45.78951,4.86656,Plein jour,Hors agglomération,Hors intersection,Normale,Deux véhicules - arrière,,,,,,,,,,,1,1,1,1.0,2.0
201700051790,0017-05-10 15:40:00,17,5,10,15,40,690,115,A6   427.300 A 428.640,45.97302,4.73265,Plein jour,Hors agglomération,Hors intersection,Normale,Trois véhicules et plus - en chaîne,,,,,,,,,,,1,1,1,1.0,4.0
201700051791,0017-05-08 11:00:00,17,5,8,11,0,690,199,RD383   14.250 A 18.000,45.70195,4.84536,Plein jour,Hors agglomération,Intersection en Y,Normale,Autre collision,,,,,,,,,,,1,1,4,1.0,6.0
201700051792,0017-05-15 13:13:00,17,5,15,13,13,690,259,RD383   11.750 A 14.250,45.71726,4.85932,Plein jour,Hors agglomération,Hors intersection,Normale,Autre collision,,,,,,,,,,,1,1,1,1.0,6.0
201700051793,0017-05-13 05:20:00,17,5,13,5,20,690,297,A7   15.770 A 20.110,45.60312,4.79743,Nuit sans éclairage public,Hors agglomération,Hors intersection,Normale,Deux véhicules - côté,,,,,,,,,,,3,1,1,1.0,3.0
201700051794,0017-05-16 16:14:00,17,5,16,16,14,690,29,RD383   7.640 A 11.044,45.74127,4.905,Plein jour,Hors agglomération,Hors intersection,Normale,Deux véhicules - arrière,,,,,,,,,,,1,1,1,1.0,2.0
201700051795,0017-05-13 05:30:00,17,5,13,5,30,690,297,A7   15.770 A 20.110,45.60442,4.79885,Nuit sans éclairage public,Hors agglomération,Hors intersection,Normale,Deux véhicules - arrière,,,,,,,,,,,3,1,1,1.0,2.0
201700051796,0017-05-19 19:45:00,17,5,19,19,45,690,29,A43   0.550 A 3.353,45.72746,4.90978,Plein jour,Hors agglomération,Hors intersection,Pluie légère,Trois véhicules et plus - en chaîne,,,,,,,,,,,1,1,1,2.0,4.0
201700051797,0017-05-20 07:10:00,17,5,20,7,10,690,287,A43   9.894 A 13.029,45.68517,5.00235,Crépuscule ou aube,Hors agglomération,Hors intersection,Normale,Deux véhicules - arrière,,,,,,,,,,,2,1,1,1.0,2.0
201700051798,0017-06-20 18:40:00,17,6,20,18,40,10,249,A47,45.58,4.78,Plein jour,Hors agglomération,Hors intersection,Normale,Deux véhicules - côté,,,,,,,,,,,1,1,1,1.0,3.0
201700051799,0017-05-21 15:35:00,17,5,21,15,35,690,266,A42   0.000 A 0.560,45.78355,4.89328,Plein jour,Hors agglomération,Hors intersection,Normale,Deux véhicules - côté,,,,,,,,,,,1,1,1,1.0,3.0
201700051800,0017-05-25 06:00:00,17,5,25,6,0,690,29,A43   0.550 A 3.353,45.72784,4.90755,Crépuscule ou aube,Hors agglomération,Hors intersection,Normale,Deux véhicules - arrière,,,,,,,,,,,2,1,1,1.0,2.0
201700051801,0017-05-15 09:15:00,17,5,15,9,15,380,184,A43   15.971 A 18.875,45.65563,5.08971,Plein jour,Hors agglomération,Hors intersection,Normale,Trois véhicules et plus - en chaîne,,,,,,,,,,,1,1,1,1.0,4.0
201700051802,0017-04-09 19:30:00,17,4,9,19,30,690,389,A6   451.790 A 453.400,45.76385,4.80214,Plein jour,Hors agglomération,Hors intersection,Normale,Deux véhicules - côté,,,,,,,,,,,1,1,1,1.0,3.0
201700051803,0017-05-27 13:40:00,17,5,27,13,40,690,29,RD383   7.640 A 11.044,45.73032,4.89859,Plein jour,Hors agglomération,Hors intersection,Normale,Trois véhicules et plus - collisions multiples,,,,,,,,,,,1,1,1,1.0,5.0
201700051804,0017-05-18 08:40:00,17,5,18,8,40,690,290,A46S   40.883 A 43.680,45.68451,4.96208,Plein jour,Hors agglomération,Hors intersection,Normale,Deux véhicules - arrière,,,,,,,,,,,1,1,1,1.0,2.0
201700051805,0017-05-26 10:50:00,17,5,26,10,50,380,87,A7   20.110 A 22.950,45.58697,4.7992,Plein jour,Hors agglomération,Hors intersection,Normale,Trois véhicules et plus - en chaîne,,,,,,,,,,,1,1,1,1.0,4.0
201700051806,0017-05-29 08:55:00,17,5,29,8,55,690,297,A7   15.770 A 20.110,45.58934,4.79816,Plein jour,Hors agglomération,Hors intersection,Normale,Trois véhicules et plus - en chaîne,,,,,,,,,,,1,1,1,1.0,4.0
201700051807,0017-05-29 11:30:00,17,5,29,11,30,380,487,A7   22.950 A 25.770,45.55829,4.82335,Plein jour,Hors agglomération,Hors intersection,Normale,Trois véhicules et plus - en chaîne,,,,,,,,,,,1,1,1,1.0,4.0
201700051808,0017-06-02 08:25:00,17,6,2,8,25,690,282,RN346   34.350 A 34.850,,,Plein jour,Hors agglomération,Hors intersection,Normale,Trois véhicules et plus - en chaîne,,,,,,,,,,,1,1,1,1.0,4.0
201700051809,0017-05-28 16:45:00,17,5,28,16,45,690,256,A42     0.560 A 4.020,45.79208,4.91372,Plein jour,Hors agglomération,Hors intersection,Normale,Deux véhicules - côté,,,,,,,,,,,1,1,1,1.0,3.0
201700051810,0017-06-09 07:35:00,17,6,9,7,35,690,288,A43   13.029 A 15.971,45.6761,5.0329,Plein jour,Hors agglomération,Hors intersection,Normale,Deux véhicules - côté,,,,,,,,,,,1,1,1,1.0,3.0
201700051811,0017-06-13 09:40:00,17,6,13,9,40,690,256,A42     0.560 A 4.020,45.78386,4.89214,Plein jour,Hors agglomération,Hors intersection,Normale,Trois véhicules et plus - en chaîne,,,,,,,,,,,1,1,1,1.0,4.0
201700051812,0017-06-17 15:45:00,17,6,17,15,45,690,256,A42     0.560 A 4.020,45.8,4.9,Plein jour,Hors agglomération,Hors intersection,Normale,Deux véhicules - arrière,,,,,,,,,,,1,1,1,1.0,2.0
201700051813,0017-06-13 11:15:00,17,6,13,11,15,690,199,A7   7.000 A 8.630,45.6891,4.84587,Plein jour,Hors agglomération,Hors intersection,Normale,Deux véhicules - côté,,,,,,,,,,,1,1,1,1.0,3.0
201700051814,0017-06-18 05:15:00,17,6,18,5,15,690,271,RN346   34.850 A 36.215,,,Crépuscule ou aube,Hors agglomération,Hors intersection,Normale,Autre collision,,,,,,,,,,,2,1,1,1.0,6.0