accident_id,datetime,annee,mois,jour,heure,minute,departement,commune_insee,adresse,latitude,longitude,luminosite,agglomeration,intersection,meteo,collision,nb_vehicules,nb_usagers,nb_indemnes,nb_tues,nb_blesses_hosp,nb_blesses_legers,age_cond_1,age_cond_2,veh_type_cond_1,veh_type_cond_2,lum_code,agg_code,int_code,atm_code,col_code
201700051815,0017-06-19 07:50:00,17,6,19,7,50,690,382,A6   455.000 A 455.875,45.75224,4.82083,Plein jour,En agglomération,Hors intersection,Normale,Autre collision,,,,,,,,,,,1,2,1,1.0,6.0
201700051816,0017-06-20 23:10:00,17,6,20,23,10,10,248,A46N   14.305 A 17.210,,,Nuit sans éclairage public,Hors agglomération,Hors intersection,Normale,Autre collision,,,,,,,,,,,3,1,1,1.0,6.0
201700051817,0017-06-20 11:35:00,17,6,20,11,35,690,81,A6   449.510 A 451.640,45.77227,4.78838,Plein jour,Hors agglomération,Hors intersection,Normale,Autre collision,,,,,,,,,,,1,1,1,1.0,6.0
201700051818,0017-06-07 16:10:00,17,6,7,16,10,690,266,RD383 2.321 A 3.750,45.78333,4.89168,Plein jour,Hors agglomération,Hors intersection,Normale,Deux véhicules - arrière,,,,,,,,,,,1,1,1,1.0,2.0
201700051819,0017-06-16 05:15:00,17,6,16,5,15,690,294,A7   13.970 A 15.270,45.63315,4.81963,Crépuscule ou aube,Hors agglomération,Hors intersection,Normale,Deux véhicules - arrière,,,,,,,,,,,2,1,1,1.0,2.0
201700051820,0017-07-07 02:25:00,17,7,7,2,25,690,199,A7   7.000 A 8.630,45.69068,4.84571,Nuit sans éclairage public,Hors agglomération,Hors intersection,Normale,Deux véhicules - arrière,,,,,,,,,,,3,1,1,1.0,2.0
201700051821,0017-06-22 18:33:00,17,6,22,18,33,690,152,A7   4.270 A 7.000,45.70891,4.82907,Plein jour,Hors agglomération,Hors intersection,Normale,Sans collision,,,,,,,,,,,1,1,1,1.0,7.0
201700051822,0017-06-26 19:30:00,17,6,26,19,30,690,152,A450   0.000 A 1.090,45.69335,4.82594,Plein jour,Hors agglomération,Hors intersection,Normale,Autre collision,,,,,,,,,,,1,1,1,1.0,6.0
201700051823,0017-06-20 19:30:00,17,6,20,19,30,690,297,A47   0.000  A 1.657,45.58792,4.78707,Plein jour,Hors agglomération,Hors intersection,Normale,Deux véhicules - arrière,,,,,,,,,,,1,1,1,1.0,2.0
201700051824,0017-06-20 08:10:00,17,6,20,8,10,690,40,A6   447.520 A 448.490,45.80709,4.77122,Plein jour,Hors agglomération,Hors intersection,Normale,Deux véhicules - arrière,,,,,,,,,,,1,1,1,1.0,2.0
201700051825,0017-07-07 07:50:00,17,7,7,7,50,690,199,RD383   14.250 A 18.000,45.71008,4.84367,Plein jour,Hors agglomération,Hors intersection,Normale,Deux véhicules - côté,,,,,,,,,,,1,1,1,1.0,3.0
201700051826,0017-07-09 05:45:00,17,7,9,5,45,690,290,A46S   40.883 A 43.680,45.68378,4.96197,Crépuscule ou aube,Hors agglomération,Hors intersection,Normale,Sans collision,,,,,,,,,,,2,1,1,1.0,7.0
201700051827,0017-07-07 08:30:00,17,7,7,8,30,690,281,A46S   49.160 A 53.980,45.64309,4.9036,Plein jour,Hors agglomération,Hors intersection,Normale,Deux véhicules - arrière,,,,,,,,,,,1,1,1,1.0,2.0
201700051828,0017-07-13 06:45:00,17,7,13,6,45,690,27,A450   5.100 A 7.285,,,Crépuscule ou aube,Hors agglomération,Hors intersection,Normale,Trois véhicules et plus - collisions multiples,,,,,,,,,,,2,1,1,1.0,5.0
201700051829,0017-07-10 15:00:00,17,7,10,15,0,690,290,A43   3.865 A 9.894,45.70751,4.95595,Plein jour,Hors agglomération,Hors intersection,Normale,Trois véhicules et plus - en chaîne,,,,,,,,,,,1,1,1,1.0,4.0
201700051830,0017-07-10 17:00:00,17,7,10,17,0,690,295,A46S   53.980 A 57.400,,,Plein jour,Hors agglomération,Hors intersection,Temps couvert,Trois véhicules et plus - en chaîne,,,,,,,,,,,1,1,1,8.0,4.0
201700051831,0017-07-17 16:00:00,17,7,17,16,0,10,275,A42   4.353 A 5.760   GE,,,Plein jour,Hors agglomération,Hors intersection,Normale,Deux véhicules - arrière,,,,,,,,,,,1,1,1,1.0,2.0
201700051832,0017-07-13 16:00:00,17,7,13,16,0,690,152,A7   4.270 A 7.000,45.6975,4.83694,Plein jour,Hors agglomération,Hors intersection,Normale,Deux véhicules - côté,,,,,,,,,,,1,1,1,1.0,3.0
201700051833,0017-07-17 20:05:00,17,7,17,20,5,690,152,A450   0.000 A 1.090,,,Plein jour,Hors agglomération,Hors intersection,Normale,Deux véhicules - côté,,,,,,,,,,,1,1,1,1.0,3.0
201700051834,0017-07-17 08:35:00,17,7,17,8,35,690,389,A6   451.790 A 453.400,,,Plein jour,Hors agglomération,Hors intersection,Normale,Autre collision,,,,,,,,,,,1,1,1,1.0,6.0
201700051835,0017-07-19 15:30:00,17,7,19,15,30,690,115,A6   427.300 A 428.640,,,Plein jour,Hors agglomération,Autre intersection,Normale,Autre collision,,,,,,,,,,,1,1,9,1.0,6.0
201700051836,0017-07-10 15:20:00,17,7,10,15,20,690,256,RD383   1.893 A 2.321,45.78594,4.88983,Plein jour,Hors agglomération,Hors intersection,Normale,Deux véhicules - arrière,,,,,,,,,,,1,1,1,1.0,2.0
201700051837,0017-07-18 18:00:00,17,7,18,18,0,690,290,A46S   40.883 A 43.680,,,Plein jour,Hors agglomération,Hors intersection,Normale,Deux véhicules - côté,,,,,,,,,,,1,1,1,1.0,3.0
201700051838,0017-07-25 01:20:00,17,7,25,1,20,690,297,A7   15.770 A 20.110,45.59107,4.79758,Nuit sans éclairage public,Hors agglomération,Hors intersection,Normale,Deux véhicules - arrière,,,,,,,,,,,3,1,1,1.0,2.0
201700051839,0017-07-27 14:05:00,17,7,27,14,5,690,55,A6   435.100 A 437.840,45.88652,4.73637,Plein jour,Hors agglomération,Hors intersection,Normale,Autre collision,,,,,,,,,,,1,1,1,1.0,6.0
201700051840,0017-06-22 12:00:00,17,6,22,12,0,690,152,A450   0.000 A 1.090,45.69376,4.82649,Plein jour,Hors agglomération,Hors intersection,Normale,Deux véhicules - côté,,,,,,,,,,,1,1,1,1.0,3.0
201700051841,0017-07-27 03:50:00,17,7,27,3,50,690,152,A7   4.270 A 7.000,45.69963,4.8356,Nuit avec éclairage non allumé,Hors agglomération,Intersection en Y,Normale,Deux véhicules - côté,,,,,,,,,,,4,1,4,1.0,3.0
201700051842,0017-05-17 18:12:00,17,5,17,18,12,690,266,RD383   3.750 A 7.640,,,Plein jour,Hors agglomération,Hors intersection,Normale,Deux véhicules - côté,,,,,,,,,,,1,1,1,1.0,3.0
201700051843,0017-07-28 20:25:00,17,7,28,20,25,690,256,RD383   1.893 A 2.321,,,Plein jour,Hors agglomération,Hors intersection,Normale,Deux véhicules - côté,,,,,,,,,,,1,1,1,1.0,3.0
201700051844,0017-07-31 07:20:00,17,7,31,7,20,690,266,RD383 2.321 A 3.750,45.78952,4.88471,Plein jour,Hors agglomération,Hors intersection,Normale,Deux véhicules - côté,,,,,,,,,,,1,1,1,1.0,3.0
201700051845,0017-05-07 01:05:00,17,5,7,1,5,690,204,A450   1.740 A 5.100,45.68,4.8,Nuit sans éclairage public,Hors agglomération,Hors intersection,Pluie légère,Deux véhicules - arrière,,,,,,,,,,,3,1,1,2.0,2.0
201700051846,0017-07-28 12:00:00,17,7,28,12,0,690,290,A43   3.865 A 9.894,45.69388,4.98361,Plein jour,Hors agglomération,Hors intersection,Normale,Trois véhicules et plus - en chaîne,,,,,,,,,,,1,1,1,1.0,4.0
201700051847,0017-07-22 17:55:00,17,7,22,17,55,690,199,A7   7.000 A 8.630,45.69197,4.84501,Plein jour,Hors agglomération,Hors intersection,Normale,Deux véhicules - côté,,,,,,,,,,,1,1,1,1.0,3.0
201700051848,0017-08-03 07:00:00,17,8,3,7,0,690,276,BUS (RD301)   0.000 A 2.,45.68399,4.85532,Plein jour,Hors agglomération,Hors intersection,Normale,Autre collision,,,,,,,,,,,1,1,1,1.0,6.0
201700051849,0017-07-15 15:30:00,17,7,15,15,30,690,199,RD383   14.250 A 18.000,45.71571,4.84311,Plein jour,Hors agglomération,Hors intersection,Normale,Trois véhicules et plus - en chaîne,,,,,,,,,,,1,1,1,1.0,4.0
201700051850,0017-08-09 00:01:00,17,8,9,0,1,690,296,A7   10.992 A 13.970,45.0,6.254,Nuit sans éclairage public,Hors agglomération,Hors intersection,Normale,Autre collision,,,,,,,,,,,3,1,1,1.0,6.0
201700051851,0017-08-18 16:15:00,17,8,18,16,15,690,278,A46N   12.680 A 13.378,45.9081,4.8588,Plein jour,Hors agglomération,Hors intersection,Pluie légère,Sans collision,,,,,,,,,,,1,1,1,2.0,7.0
201700051852,0017-08-21 17:00:00,17,8,21,17,0,690,290,A46S   40.883 A 43.680,45.69992,4.96686,Plein jour,Hors agglomération,Hors intersection,Normale,Deux véhicules - arrière,,,,,,,,,,,1,1,1,1.0,2.0
201700051853,0017-08-26 12:50:00,17,8,26,12,50,690,290,A43   3.865 A 9.894,45.69875,4.9755,Plein jour,Hors agglomération,Hors intersection,Normale,Trois véhicules et plus - collisions multiples,,,,,,,,,,,1,1,1,1.0,5.0
201700051854,0017-08-29 06:50:00,17,8,29,6,50,690,34,BPNL   37.781 A 41.124,45.79393,4.82495,Nuit avec éclairage allumé,Hors agglomération,Hors intersection,Normale,Deux véhicules - arrière,,,,,,,,,,,5,1,1,1.0,2.0
201700051855,0017-08-16 07:50:00,17,8,16,7,50,690,256,A42     0.560 A 4.020,45.8006,4.92782,Plein jour,Hors agglomération,Hors intersection,Normale,Deux véhicules - côté,,,,,,,,,,,1,1,1,1.0,3.0
201700051856,0017-09-01 08:20:00,17,9,1,8,20,690,297,A7   15.770 A 20.110,,,Plein jour,Hors agglomération,Hors intersection,Normale,Deux véhicules - arrière,,,,,,,,,,,1,1,1,1.0,2.0
201700051857,0017-08-23 12:15:00,17,8,23,12,15,690,287,A43   9.894 A 13.029,45.67,0.02,Plein jour,Hors agglomération,Hors intersection,Normale,Deux véhicules - arrière,,,,,,,,,,,1,1,1,1.0,2.0
201700051858,0017-09-06 17:35:00,17,9,6,17,35,690,266,RD383 2.321 A 3.750,45.78001,4.89441,Plein jour,Hors agglomération,Hors intersection,Normale,Deux véhicules - arrière,,,,,,,,,,,1,1,1,1.0,2.0
201700051859,0017-04-14 13:00:00,17,4,14,13,0,690,266,RD383 2.321 A 3.750,45.7891,4.88546,Plein jour,Hors agglomération,Hors intersection,Normale,Trois véhicules et plus - en chaîne,,,,,,,,,,,1,1,1,1.0,4.0
201700051860,0017-09-12 18:05:00,17,9,12,18,5,690,276,A7   8.630 A 10.992,45.65887,4.841,Plein jour,Hors agglomération,Hors intersection,Normale,Trois véhicules et plus - collisions multiples,,,,,,,,,,,1,1,1,1.0,5.0
201700051861,0017-09-04 16:45:00,17,9,4,16,45,690,29,RD383   7.640 A 11.044,,,Plein jour,Hors agglomération,Hors intersection,Normale,Trois véhicules et plus - en chaîne,,,,,,,,,,,1,1,1,1.0,4.0
201700051862,0017-08-23 16:00:00,17,8,23,16,0,690,297,A47   0.000  A 1.657,45.5882,4.78962,Plein jour,Hors agglomération,Hors intersection,Normale,Deux véhicules - côté,,,,,,,,,,,1,1,1,1.0,3.0
201700051863,0017-09-08 17:00:00,17,9,8,17,0,690,272,A46S   57.400 A 61.010,45.59342,4.84527,Plein jour,Hors agglomération,Hors intersection,Normale,Deux véhicules - arrière,,,,,,,,,,,1,1,1,1.0,2.0
201700051864,0017-09-17 13:55:00,17,9,17,13,55,690,271,RN346   38.000 A 38.960,,,Plein jour,Hors agglomération,Autre intersection,Pluie forte,Trois véhicules et plus - collisions multiples,,,,,,,,,,,1,1,9,3.0,5.0
201700051865,0017-09-14 01:30:00,17,9,14,1,30,690,266,RD383 2.321 A 3.750,45.78227,4.89174,Nuit sans éclairage public,Hors agglomération,Hors intersection,Normale,Autre collision,,,,,,,,,,,3,1,1,1.0,6.0
201700051866,0017-09-19 23:05:00,17,9,19,23,5,690,382,A6   455.000 A 455.875,,,Nuit avec éclairage allumé,Hors agglomération,Hors intersection,Normale,Deux véhicules - côté,,,,,,,,,,,5,1,1,1.0,3.0
201700051867,0017-09-23 01:25:00,17,9,23,1,25,690,276,A7   8.630 A 10.992,45.67542,4.84811,Nuit sans éclairage public,Hors agglomération,Hors intersection,Normale,Sans collision,,,,,,,,,,,3,1,1,1.0,7.0
201700051868,0017-09-19 08:00:00,17,9,19,8,0,690,204,A450   1.740 A 5.100,45.67709,4.78946,Crépuscule ou aube,Hors agglomération,Hors intersection,Normale,Deux véhicules - arrière,,,,,,,,,,,2,1,1,1.0,2.0
201700051869,0017-09-21 11:25:00,17,9,21,11,25,690,152,A7   4.270 A 7.000,45.70962,4.82879,Plein jour,Hors agglomération,Hors intersection,Normale,Deux véhicules - côté,,,,,,,,,,,1,1,1,1.0,3.0
201700051870,0017-09-20 07:50:00,17,9,20,7,50,690,199,RD383   14.250 A 18.000,45.716,4.84541,Plein jour,Hors agglomération,Hors intersection,Normale,Trois véhicules et plus - en chaîne,,,,,,,,,,,1,1,1,1.0,4.0
201700051871,0017-09-27 20:30:00,17,9,27,20,30,690,204,A450   1.740 A 5.100,45.67606,4.78717,Nuit sans éclairage public,Hors agglomération,Hors intersection,Normale,Deux véhicules - arrière,,,,,,,,,,,3,1,1,1.0,2.0
201700051872,0017-09-18 15:05:00,17,9,18,15,5,690,122,A6   433.690 A 435.100,45.91117,4.72759,Plein jour,Hors agglomération,Hors intersection,Normale,Autre collision,,,,,,,,,,,1,1,1,1.0,6.0
201700051873,0017-10-03 08:15:00,17,10,3,8,15,690,271,RD302   0.000 A 0.400,45.74944,4.98888,Plein jour,Hors agglomération,Hors intersection,Pluie légère,Trois véhicules et plus - en chaîne,,,,,,,,,,,1,1,1,2.0,4.0
201700051874,0017-08-27 06:30:00,17,8,27,6,30,690,259,BUS (RD301)  2.800 A 4.4,45.68149,4.8865,Crépuscule ou aube,Hors agglomération,Hors intersection,Normale,Autre collision,,,,,,,,,,,2,1,1,1.0,6.0
201700051875,0017-10-11 07:10:00,17,10,11,7,10,690,286,A46N   19.955 A 25.180,45.8145,4.91657,Crépuscule ou aube,Hors agglomération,Hors intersection,Normale,Trois véhicules et plus - en chaîne,,,,,,,,,,,2,1,1,1.0,4.0
201700051876,0017-10-06 13:00:00,17,10,6,13,0,690,266,RD383   3.750 A 7.640,,,Plein jour,Hors agglomération,Hors intersection,Normale,Trois véhicules et plus - collisions multiples,,,,,,,,,,,1,1,1,1.0,5.0
201700051877,0017-10-13 10:15:00,17,10,13,10,15,690,297,A47   0.000  A 1.657,45.58935,4.7886,Plein jour,Hors agglomération,Hors intersection,Normale,Deux véhicules - côté,,,,,,,,,,,1,1,1,1.0,3.0
201700051878,0017-10-10 17:20:00,17,10,10,17,20,690,259,RD383   11.750 A 14.250,45.71701,4.85459,Plein jour,Hors agglomération,Hors intersection,Normale,Deux véhicules - arrière,,,,,,,,,,,1,1,1,1.0,2.0
201700051879,0017-10-07 16:40:00,17,10,7,16,40,690,266,RD383 2.321 A 3.750,45.78728,4.88766,Plein jour,Hors agglomération,Hors intersection,Normale,Deux véhicules - arrière,,,,,,,,,,,1,1,1,1.0,2.0
201700051880,0017-10-09 07:35:00,17,10,9,7,35,690,199,A7   7.000 A 8.630,45.69073,4.845,Plein jour,Hors agglomération,Hors intersection,Normale,Deux véhicules - arrière,,,,,,,,,,,1,1,1,1.0,2.0
201700051881,0017-10-24 10:45:00,17,10,24,10,45,10,248,A46N   14.305 A 17.210,45.88082,4.89867,Plein jour,Hors agglomération,Hors intersection,Normale,Deux véhicules - arrière,,,,,,,,,,,1,1,1,1.0,2.0
201700051882,0017-10-24 16:31:00,17,10,24,16,31,690,290,RN346   38.960 A 40.883,45.70573,4.96682,Plein jour,Hors agglomération,Hors intersection,Normale,Trois véhicules et plus - collisions multiples,,,,,,,,,,,1,1,1,1.0,5.0
201700051883,0017-10-13 19:20:00,17,10,13,19,20,690,290,RN346   38.960 A 40.883,45.70368,4.96642,Nuit sans éclairage public,Hors agglomération,Autre intersection,Normale,Trois véhicules et plus - en chaîne,,,,,,,,,,,3,1,9,1.0,4.0
201700051884,0017-10-26 21:30:00,17,10,26,21,30,690,290,A46S   40.883 A 43.680,,,Nuit avec éclairage allumé,Hors agglomération,Hors intersection,Normale,Trois véhicules et plus - en chaîne,,,,,,,,,,,5,1,1,1.0,4.0
201700051885,0017-11-01 17:10:00,17,11,1,17,10,690,266,RD383   3.750 A 7.640,45.7536,4.90786,Crépuscule ou aube,Hors agglomération,Hors intersection,Normale,Deux véhicules - côté,,,,,,,,,,,2,1,1,1.0,3.0
201700051886,0017-10-30 07:45:00,17,10,30,7,45,690,199,RD383   14.250 A 18.000,45.71611,4.84694,Plein jour,Hors agglomération,Hors intersection,Normale,Deux véhicules - côté,,,,,,,,,,,1,1,1,1.0,3.0
201700051887,0017-10-27 19:55:00,17,10,27,19,55,690,290,A43   3.865 A 9.894,45.69888,4.97472,Nuit sans éclairage public,Hors agglomération,Hors intersection,Normale,Trois véhicules et plus - collisions multiples,,,,,,,,,,,3,1,1,1.0,5.0
201700051888,0017-11-04 14:00:00,17,11,4,14,0,690,382,A7   0.000 A 2.278,45.74135,4.82374,Plein jour,Hors agglomération,Hors intersection,Normale,Trois véhicules et plus - collisions multiples,,,,,,,,,,,1,1,1,1.0,5.0
201700051889,0017-10-31 21:35:00,17,10,31,21,35,690,296,A7   10.992 A 13.970,45.63263,4.81939,Nuit sans éclairage public,Hors agglomération,Hors intersection,Normale,Deux véhicules - arrière,,,,,,,,,,,3,1,1,1.0,2.0
201700051890,0017-11-06 07:40:00,17,11,6,7,40,10,275,A42   4.353 A 5.760   GE,45.81089,4.93782,Crépuscule ou aube,Hors agglomération,Hors intersection,Normale,Deux véhicules - côté,,,,,,,,,,,2,1,1,1.0,3.0
201700051891,0017-11-11 18:30:00,17,11,11,18,30,690,266,RD383   3.750 A 7.640,45.76825,4.90398,Nuit sans éclairage public,Hors agglomération,Hors intersection,Pluie légère,Trois véhicules et plus - en chaîne,,,,,,,,,,,3,1,1,2.0,4.0
201700051892,0017-10-26 17:30:00,17,10,26,17,30,690,259,RD383   11.750 A 14.250,45.71767,4.8631,Plein jour,Hors agglomération,Hors intersection,Normale,Trois véhicules et plus - en chaîne,,,,,,,,,,,1,1,1,1.0,4.0
201700051893,0017-11-17 21:50:00,17,11,17,21,50,690,152,A7   4.270 A 7.000,45.7105,4.82666,Nuit sans éclairage public,Hors agglomération,Hors intersection,Normale,Trois véhicules et plus - collisions multiples,,,,,,,,,,,3,1,1,1.0,5.0
201700051894,0017-11-14 18:10:00,17,11,14,18,10,690,259,RD383   11.750 A 14.250,45.71903,4.8711,Nuit avec éclairage allumé,Hors agglomération,Hors intersection,Normale,Trois véhicules et plus - en chaîne,,,,,,,,,,,5,1,1,1.0,4.0
201700051895,0017-07-13 18:35:00,17,7,13,18,35,380,487,A7,45.56561,4.81756,Plein jour,Hors agglomération,Hors intersection,Normale,Trois véhicules et plus - en chaîne,,,,,,,,,,,1,1,1,1.0,4.0
201700051896,0017-08-18 01:10:00,17,8,18,1,10,690,297,A7   15.770 A 20.110,45.59737,4.79597,Nuit sans éclairage public,Hors agglomération,Hors intersection,Normale,Trois véhicules et plus - collisions multiples,,,,,,,,,,,3,1,1,1.0,5.0
201700051897,0017-11-22 19:25:00,17,11,22,19,25,690,275,RN346   29.300 A 34.350,45.77683,4.97736,Nuit avec éclairage non allumé,Hors agglomération,Hors intersection,Normale,Deux véhicules - côté,,,,,,,,,,,4,1,1,1.0,3.0
201700051898,0017-11-21 08:13:00,17,11,21,8,13,690,286,A46N   19.955 A 25.180,45.84365,4.91389,Crépuscule ou aube,Hors agglomération,Hors intersection,Autre,Trois véhicules et plus - collisions multiples,,,,,,,,,,,2,1,1,9.0,5.0
201700051899,0017-11-05 03:35:00,17,11,5,3,35,690,152,A7   4.270 A 7.000,45.70646,4.83161,Nuit sans éclairage public,Hors agglomération,Hors intersection,Pluie forte,Trois véhicules et plus - en chaîne,,,,,,,,,,,3,1,1,3.0,4.0
201700051900,0017-11-29 20:00:00,17,11,29,20,0,690,29,RD383   7.640 A 11.044,45.73331,4.91192,Nuit sans éclairage public,Hors agglomération,Hors intersection,Normale,Deux véhicules - frontale,,,,,,,,,,,3,1,1,1.0,1.0
201700051901,0017-10-19 08:15:00,17,10,19,8,15,690,273,BUS (RD301)   4.470 A 7.,46.66864,4.91649,Plein jour,Hors agglomération,Hors intersection,Normale,Deux véhicules - côté,,,,,,,,,,,1,1,1,1.0,3.0
201700051902,0017-12-03 06:05:00,17,12,3,6,5,690,294,A7   13.970 A 15.270,45.63451,4.82055,Nuit sans éclairage public,Hors agglomération,Hors intersection,Normale,Autre collision,,,,,,,,,,,3,1,1,1.0,6.0
201700051903,0017-11-29 19:40:00,17,11,29,19,40,690,275,RN346   29.300 A 34.350,45.77721,4.97385,Nuit sans éclairage public,Hors agglomération,Hors intersection,Normale,Trois véhicules et plus - collisions multiples,,,,,,,,,,,3,1,1,1.0,5.0
201700051904,0017-11-14 02:20:00,17,11,14,2,20,690,256,A42     0.560 A 4.020,45.80427,4.92616,Nuit sans éclairage public,Hors agglomération,Hors intersection,Pluie légère,Autre collision,,,,,,,,,,,3,1,1,2.0,6.0
201700051905,0017-12-06 19:15:00,17,12,6,19,15,690,7,A7   31.960 A 32.870,45.50643,4.84156,Nuit sans éclairage public,Hors agglomération,Hors intersection,Normale,Autre collision,,,,,,,,,,,3,1,1,1.0,6.0
201700051906,0017-12-05 19:30:00,17,12,5,19,30,690,29,A43   0.550 A 3.353,,,Nuit avec éclairage allumé,Hors agglomération,Hors intersection,Normale,Deux véhicules - arrière,,,,,,,,,,,5,1,1,1.0,2.0
201700051907,0017-12-10 22:50:00,17,12,10,22,50,690,290,A43   3.865 A 9.894,45.7031,4.96626,Nuit avec éclairage non allumé,Hors agglomération,Hors intersection,Normale,Deux véhicules - arrière,,,,,,,,,,,4,1,1,1.0,2.0
201700051908,0017-12-03 19:30:00,17,12,3,19,30,690,5,A46N   0.000 A 2.930,45.93069,4.73807,Nuit sans éclairage public,Hors agglomération,Hors intersection,Normale,Deux véhicules - arrière,,,,,,,,,,,3,1,1,1.0,2.0
201700051909,0017-12-11 23:35:00,17,12,11,23,35,690,271,RN346   34.850 A 36.215,45.75126,4.98626,Nuit avec éclairage allumé,Hors agglomération,Intersection en Y,Pluie légère,Autre collision,,,,,,,,,,,5,1,4,2.0,6.0
201700051910,0017-12-13 07:00:00,17,12,13,7,0,690,29,RD383   7.640 A 11.044,45.7271,4.88723,Crépuscule ou aube,Hors agglomération,Hors intersection,Normale,Sans collision,,,,,,,,,,,2,1,1,1.0,7.0
201700051911,0017-12-12 08:30:00,17,12,12,8,30,690,266,RD383   3.750 A 7.640,45.7776,4.89645,Crépuscule ou aube,Hors agglomération,Hors intersection,Pluie légère,Deux véhicules - côté,,,,,,,,,,,2,1,1,2.0,3.0
201700051912,0017-12-11 17:25:00,17,12,11,17,25,690,296,A7   10.992 A 13.970,45.64493,4.83026,Nuit sans éclairage public,Hors agglomération,Hors intersection,Pluie légère,Deux véhicules - arrière,,,,,,,,,,,3,1,1,2.0,2.0
201700051913,0017-12-16 03:45:00,17,12,16,3,45,690,199,A7   7.000 A 8.630,45.6868,4.8464,Nuit avec éclairage allumé,Hors agglomération,Hors intersection,Temps couvert,Autre collision,,,,,,,,,,,5,1,1,8.0,6.0
201700051914,0017-12-22 04:00:00,17,12,22,4,0,690,152,A7   4.270 A 7.000,,,Nuit avec éclairage allumé,Hors agglomération,Hors intersection,Pluie légère,Deux véhicules - côté,,,,,,,,,,,5,1,1,2.0,3.0
201700051915,0017-11-26 03:40:00,17,11,26,3,40,690,259,RD383   11.750 A 14.250,45.71889,4.87159,Nuit sans éclairage public,Hors agglomération,Hors intersection,Normale,Deux véhicules - côté,,,,,,,,,,,3,1,1,1.0,3.0
201700051916,0017-12-26 12:50:00,17,12,26,12,50,690,81,BPNL   34.000 A 34.614,45.77111,4.78787,Plein jour,Hors agglomération,Hors intersection,Normale,Sans collision,,,,,,,,,,,1,1,1,1.0,7.0
201700051917,0017-12-28 18:40:00,17,12,28,18,40,690,152,A450   0.000 A 1.090,45.69681,4.83454,Nuit sans éclairage public,Hors agglomération,Hors intersection,Pluie légère,Deux véhicules - arrière,,,,,,,,,,,3,1,1,2.0,2.0
201700051918,0017-12-25 23:10:00,17,12,25,23,10,690,259,RD383   11.750 A 14.250,45.71884,4.86275,Nuit avec éclairage allumé,Hors agglomération,Hors intersection,Normale,Deux véhicules - arrière,,,,,,,,,,,5,1,1,1.0,2.0
201700051919,0017-12-31 09:00:00,17,12,31,9,0,690,199,RD383   14.250 A 18.000,45.69522,4.84465,Plein jour,Hors agglomération,Hors intersection,Normale,Sans collision,,,,,,,,,,,1,1,1,1.0,7.0
201700051920,0017-01-01 02:55:00,17,1,1,2,55,830,144,A57,,,Nuit sans éclairage public,Hors agglomération,Hors intersection,Normale,Deux véhicules - côté,,,,,,,,,,,3,1,1,1.0,3.0
201700051921,0017-01-04 15:00:00,17,1,4,15,0,830,144,A57,,,Plein jour,Hors agglomération,Hors intersection,Normale,Deux véhicules - arrière,,,,,,,,,,,1,1,1,1.0,2.0
201700051922,0017-01-06 10:50:00,17,1,6,10,50,830,137,RN1050,43.12091,5.95178,Plein jour,Hors agglomération,Hors intersection,Normale,Deux véhicules - arrière,,,,,,,,,,,1,1,1,1.0,2.0
201700051923,0017-01-11 08:57:00,17,1,11,8,57,830,137,A50,,,Plein jour,Hors agglomération,Hors intersection,Normale,Trois véhicules et plus - en chaîne,,,,,,,,,,,1,1,1,1.0,4.0
201700051924,0017-01-13 16:05:00,17,1,13,16,5,830,137,A57,,,Plein jour,Hors agglomération,Hors intersection,Normale,Sans collision,,,,,,,,,,,1,1,1,1.0,7.0
201700051925,0017-01-13 17:32:00,17,1,13,17,32,830,69,RN98,,,Plein jour,Hors agglomération,Hors intersection,Normale,Deux véhicules - arrière,,,,,,,,,,,1,1,1,1.0,2.0
201700051926,0017-01-17 07:40:00,17,1,17,7,40,830,137,A57,,,Crépuscule ou aube,Hors agglomération,Hors intersection,Normale,Trois véhicules et plus - en chaîne,,,,,,,,,,,2,1,1,1.0,4.0
201700051927,0017-01-26 19:50:00,17,1,26,19,50,830,137,A50,,,Nuit sans éclairage public,Hors agglomération,Hors intersection,Pluie forte,Deux véhicules - côté,,,,,,,,,,,3,1,1,3.0,3.0
201700051928,0017-01-27 21:55:00,17,1,27,21,55,830,112,A50,,,Nuit sans éclairage public,Hors agglomération,Hors intersection,Temps couvert,Autre collision,,,,,,,,,,,3,1,1,8.0,6.0
201700051929,0017-01-28 07:50:00,17,1,28,7,50,830,35,A50,,,Plein jour,Hors agglomération,Hors intersection,Normale,Trois véhicules et plus - collisions multiples,,,,,,,,,,,1,1,1,1.0,5.0
201700051930,0017-01-31 15:40:00,17,1,31,15,40,830,144,A57,,,Plein jour,Hors agglomération,Hors intersection,Normale,Deux véhicules - arrière,,,,,,,,,,,1,1,1,1.0,2.0
201700051931,0017-02-01 14:40:00,17,2,1,14,40,830,90,A50,,,Plein jour,Hors agglomération,Hors intersection,Normale,Sans collision,,,,,,,,,,,1,1,1,1.0,7.0