accident_id,datetime,annee,mois,jour,heure,minute,departement,commune_insee,adresse,latitude,longitude,luminosite,agglomeration,intersection,meteo,collision,nb_vehicules,nb_usagers,nb_indemnes,nb_tues,nb_blesses_hosp,nb_blesses_legers,age_cond_1,age_cond_2,veh_type_cond_1,veh_type_cond_2,lum_code,agg_code,int_code,atm_code,col_code
201700052667,0017-12-06 09:30:00,17,12,6,9,30,130,26,A55-Sens *Marseille vers,,,Plein jour,Hors agglomération,Hors intersection,Normale,Deux véhicules - arrière,,,,,,,,,,,1,1,1,1.0,2.0
201700052668,0017-12-11 04:45:00,17,12,11,4,45,130,55,A50-Sens Marseille vers,43.29281,5.47599,Nuit avec éclairage non allumé,Hors agglomération,Hors intersection,Pluie forte,Deux véhicules - arrière,,,,,,,,,,,4,1,1,3.0,2.0
201700052669,0017-12-10 19:20:00,17,12,10,19,20,130,55,A55-Sens Marseille vers,,,Nuit sans éclairage public,Hors agglomération,Hors intersection,Pluie légère,Trois véhicules et plus - en chaîne,,,,,,,,,,,3,1,1,2.0,4.0
201700052670,0017-12-13 11:04:00,17,12,13,11,4,130,55,A507 sens Marseille - Au,,,Plein jour,Hors agglomération,Hors intersection,Normale,Sans collision,,,,,,,,,,,1,1,1,1.0,7.0
201700052671,0017-12-05 18:05:00,17,12,5,18,5,130,15,A51-Sens Aix en Provence,,,Nuit sans éclairage public,Hors agglomération,Hors intersection,Normale,Deux véhicules - côté,,,,,,,,,,,3,1,1,1.0,3.0
201700052672,0017-12-05 19:10:00,17,12,5,19,10,130,55,A7-Sens Lyon vers Marsei,,,Nuit sans éclairage public,Hors agglomération,Hors intersection,Normale,Deux véhicules - arrière,,,,,,,,,,,3,1,1,1.0,2.0
201700052673,0017-12-14 05:40:00,17,12,14,5,40,130,85,A50-Sens Toulon vers Aub,,,Nuit sans éclairage public,Hors agglomération,Hors intersection,Normale,Sans collision,,,,,,,,,,,3,1,1,1.0,7.0
201700052674,0017-12-12 10:00:00,17,12,12,10,0,130,117,A7-Sens Lyon vers Marsei,,,Plein jour,Hors agglomération,Hors intersection,Normale,Deux véhicules - arrière,,,,,,,,,,,1,1,1,1.0,2.0
201700052675,0017-12-15 19:03:00,17,12,15,19,3,130,55,A7-Sens Marseille vers L,,,Nuit sans éclairage public,Hors agglomération,Hors intersection,Normale,Trois véhicules et plus - collisions multiples,,,,,,,,,,,3,1,1,1.0,5.0
201700052676,0017-12-15 12:30:00,17,12,15,12,30,130,55,A7-Sens Marseille vers L,,,Plein jour,Hors agglomération,Hors intersection,Normale,Trois véhicules et plus - collisions multiples,,,,,,,,,,,1,1,1,1.0,5.0
201700052677,0017-12-15 19:05:00,17,12,15,19,5,130,71,A51-Sens Aix en Provence,43.41331,5.36445,Nuit sans éclairage public,Hors agglomération,Hors intersection,Normale,Trois véhicules et plus - en chaîne,,,,,,,,,,,3,1,1,1.0,4.0
201700052678,0017-12-16 18:00:00,17,12,16,18,0,130,55,A50-Sens Aubagne vers Ma,,,Nuit sans éclairage public,Hors agglomération,Hors intersection,Normale,Deux véhicules - arrière,,,,,,,,,,,3,1,1,1.0,2.0
201700052679,0017-12-16 20:45:00,17,12,16,20,45,130,106,A51-Sens Aix en Provence,,,Nuit sans éclairage public,Hors agglomération,Hors intersection,Normale,Autre collision,,,,,,,,,,,3,1,1,1.0,6.0
201700052680,0017-12-18 07:15:00,17,12,18,7,15,130,33,A55-Sens Martigues vers,,,Nuit sans éclairage public,Hors agglomération,Hors intersection,Normale,Deux véhicules - arrière,,,,,,,,,,,3,1,1,1.0,2.0
201700052681,0017-12-18 16:05:00,17,12,18,16,5,130,55,A50-Sens Aubagne vers Ma,,,Plein jour,Hors agglomération,Hors intersection,Normale,Trois véhicules et plus - collisions multiples,,,,,,,,,,,1,1,1,1.0,5.0
201700052682,0017-12-20 11:15:00,17,12,20,11,15,130,55,A55-Sens Marseille vers,,,Plein jour,Hors agglomération,Hors intersection,Temps couvert,Trois véhicules et plus - collisions multiples,,,,,,,,,,,1,1,1,8.0,5.0
201700052683,0017-12-21 10:10:00,17,12,21,10,10,130,70,A50-Sens Aubagne vers Ma,,,Plein jour,Hors agglomération,Hors intersection,Normale,Trois véhicules et plus - en chaîne,,,,,,,,,,,1,1,1,1.0,4.0
201700052684,0017-12-11 19:15:00,17,12,11,19,15,130,55,A55-Sens Marseille vers,,,Nuit sans éclairage public,Hors agglomération,Hors intersection,Normale,Deux véhicules - côté,,,,,,,,,,,3,1,1,1.0,3.0
201700052685,0017-12-21 14:40:00,17,12,21,14,40,130,55,A50-Sens Marseille vers,,,Plein jour,Hors agglomération,Hors intersection,Normale,Trois véhicules et plus - en chaîne,,,,,,,,,,,1,1,1,1.0,4.0
201700052686,0017-12-21 17:20:00,17,12,21,17,20,130,88,A55-Sens Marseille vers,,,Nuit sans éclairage public,Hors agglomération,Hors intersection,Normale,Deux véhicules - arrière,,,,,,,,,,,3,1,1,1.0,2.0
201700052687,0017-12-21 18:55:00,17,12,21,18,55,130,55,A50-Sens Aubagne vers Ma,,,Plein jour,Hors agglomération,Hors intersection,Normale,Trois véhicules et plus - en chaîne,,,,,,,,,,,1,1,1,1.0,4.0
201700052688,0017-12-19 18:15:00,17,12,19,18,15,130,55,A50-Sens Marseille vers,,,Nuit sans éclairage public,Hors agglomération,Hors intersection,Normale,Trois véhicules et plus - en chaîne,,,,,,,,,,,3,1,1,1.0,4.0
201700052689,0017-12-19 14:00:00,17,12,19,14,0,130,71,A7-Sens Lyon vers Marsei,,,Plein jour,Hors agglomération,Hors intersection,Normale,Trois véhicules et plus - en chaîne,,,,,,,,,,,1,1,1,1.0,4.0
201700052690,0017-12-22 11:30:00,17,12,22,11,30,130,70,A50-Sens Aubagne vers Ma,,,Plein jour,Hors agglomération,Hors intersection,Normale,Trois véhicules et plus - en chaîne,,,,,,,,,,,1,1,1,1.0,4.0
201700052691,0017-12-22 18:50:00,17,12,22,18,50,130,71,A51-Sens Aix en Provence,,,Nuit sans éclairage public,Hors agglomération,Hors intersection,Normale,Trois véhicules et plus - en chaîne,,,,,,,,,,,3,1,1,1.0,4.0
201700052692,0017-12-22 18:15:00,17,12,22,18,15,130,71,A7-Sens Marseille vers L,,,Nuit sans éclairage public,Hors agglomération,Hors intersection,Normale,Trois véhicules et plus - en chaîne,,,,,,,,,,,3,1,1,1.0,4.0
201700052693,0017-12-22 13:15:00,17,12,22,13,15,130,5,A50-Sens Aubagne vers Ma,,,Plein jour,Hors agglomération,Hors intersection,Normale,Trois véhicules et plus - en chaîne,,,,,,,,,,,1,1,1,1.0,4.0
201700052694,0017-12-24 07:45:00,17,12,24,7,45,130,55,A7-Sens Marseille vers L,,,Crépuscule ou aube,Hors agglomération,Hors intersection,Normale,Autre collision,,,,,,,,,,,2,1,1,1.0,6.0
201700052695,0017-12-24 05:50:00,17,12,24,5,50,130,26,A55-Sens Marseille vers,,,Nuit sans éclairage public,Hors agglomération,Hors intersection,Normale,Trois véhicules et plus - collisions multiples,,,,,,,,,,,3,1,1,1.0,5.0
201700052696,0017-12-23 15:25:00,17,12,23,15,25,130,15,A51-Sens Aix en Provence,,,Plein jour,Hors agglomération,Hors intersection,Normale,Deux véhicules - côté,,,,,,,,,,,1,1,1,1.0,3.0
201700052697,0017-12-24 14:00:00,17,12,24,14,0,130,70,A50-Sens Marseille vers,,,Plein jour,Hors agglomération,Hors intersection,Normale,Deux véhicules - arrière,,,,,,,,,,,1,1,1,1.0,2.0
201700052698,0017-12-27 17:45:00,17,12,27,17,45,130,55,A7-Sens Lyon vers Marsei,,,Nuit sans éclairage public,Hors agglomération,Hors intersection,Normale,Trois véhicules et plus - en chaîne,,,,,,,,,,,3,1,1,1.0,4.0
201700052699,0017-12-26 12:20:00,17,12,26,12,20,130,106,A51-Sens Aix en Provence,,,Plein jour,Hors agglomération,Hors intersection,Temps couvert,Trois véhicules et plus - en chaîne,,,,,,,,,,,1,1,1,8.0,4.0
201700052700,0017-12-30 01:00:00,17,12,30,1,0,130,15,A515CM-sortie Gardanne/B,,,Nuit sans éclairage public,Hors agglomération,Hors intersection,Temps couvert,Sans collision,,,,,,,,,,,3,1,1,8.0,7.0
201700052701,0017-12-12 18:30:00,17,12,12,18,30,130,117,A7-Sens Marseille vers L,,,Nuit sans éclairage public,Hors agglomération,Hors intersection,Normale,Trois véhicules et plus - en chaîne,,,,,,,,,,,3,1,1,1.0,4.0
201700052702,0017-12-21 16:00:00,17,12,21,16,0,130,5,A50-Sens Aubagne vers To,,,Plein jour,Hors agglomération,Hors intersection,Normale,Trois véhicules et plus - en chaîne,,,,,,,,,,,1,1,1,1.0,4.0
201700052703,0017-12-30 12:50:00,17,12,30,12,50,130,55,A7-Sens Marseille vers L,,,Plein jour,En agglomération,Hors intersection,Normale,Autre collision,,,,,,,,,,,1,2,1,1.0,6.0
201700052704,0017-12-30 19:55:00,17,12,30,19,55,130,55,A7-Sens Lyon vers Marsei,,,Nuit sans éclairage public,Hors agglomération,Hors intersection,Normale,Autre collision,,,,,,,,,,,3,1,1,1.0,6.0
201700052705,0017-01-06 08:50:00,17,1,6,8,50,750,101,"23, RUE BERGER",48.8614,2.34595,Plein jour,En agglomération,Hors intersection,Autre,Sans collision,,,,,,,,,,,1,2,1,9.0,7.0
201700052706,0017-01-07 10:30:00,17,1,7,10,30,750,101,"1, QUAI DES TUILERIES",48.8622,2.32602,Plein jour,En agglomération,Hors intersection,Normale,Autre collision,,,,,,,,,,,1,2,1,1.0,6.0
201700052707,0017-01-08 03:20:00,17,1,8,3,20,750,101,"7, RUE DES PETITS CHAMPS",48.8663,2.33864,Nuit avec éclairage allumé,En agglomération,Intersection en X,Normale,Deux véhicules - côté,,,,,,,,,,,5,2,2,1.0,3.0
201700052708,0017-01-09 15:10:00,17,1,9,15,10,750,101,"15 BIS, RUE DU LOUVRE",48.8639,2.34233,Plein jour,En agglomération,Intersection en X,Normale,Autre collision,,,,,,,,,,,1,2,2,1.0,6.0
201700052709,0017-01-12 17:15:00,17,1,12,17,15,750,101,"1, PLACE DU PALAIS ROYAL",48.8627,2.33736,Crépuscule ou aube,En agglomération,Place,Pluie légère,Sans collision,,,,,,,,,,,2,2,7,2.0,7.0
201700052710,0017-01-12 19:15:00,17,1,12,19,15,750,101,RUE DANIELLE CASANOVA,48.8684,2.33028,Nuit avec éclairage allumé,En agglomération,Place,Pluie forte,Autre collision,,,,,,,,,,,5,2,7,3.0,6.0
201700052711,0017-01-23 10:00:00,17,1,23,10,0,750,101,"11, RUE SAINTE ANNE",48.8662,2.33547,Plein jour,En agglomération,Intersection en X,Normale,Autre collision,,,,,,,,,,,1,2,2,1.0,6.0
201700052712,0017-01-27 16:05:00,17,1,27,16,5,750,101,RUE ETIENNE MARCEL,48.8654,2.34253,Plein jour,En agglomération,Intersection en X,Normale,Autre collision,,,,,,,,,,,1,2,2,1.0,6.0
201700052713,0017-01-29 15:10:00,17,1,29,15,10,750,101,"41, RUE ETIENNE MARCEL",48.8648,2.34508,Plein jour,En agglomération,Intersection à plus de 4 branches,Normale,Deux véhicules - côté,,,,,,,,,,,1,2,5,1.0,3.0
201700052714,0017-01-30 00:05:00,17,1,30,0,5,750,101,"7, BOULEVARD DE SEBASTOP",48.8585,2.3482,Nuit avec éclairage allumé,En agglomération,Intersection à plus de 4 branches,Pluie légère,Autre collision,,,,,,,,,,,5,2,5,2.0,6.0
201700052715,0017-01-30 11:10:00,17,1,30,11,10,750,101,"44, RUE DU LOUVRE",48.8639,2.34233,Plein jour,En agglomération,Intersection en X,Normale,Autre collision,,,,,,,,,,,1,2,2,1.0,6.0
201700052716,0017-01-31 14:00:00,17,1,31,14,0,750,101,"/, RUE DE CASTIGLIONE",48.8659,2.32789,Plein jour,En agglomération,Intersection en X,Normale,Deux véhicules - côté,,,,,,,,,,,1,2,2,1.0,3.0
201700052717,0017-02-02 16:50:00,17,2,2,16,50,750,101,"162, RUE DE RIVOLI",48.8615,2.33907,Plein jour,En agglomération,Intersection en T,Normale,Deux véhicules - côté,,,,,,,,,,,1,2,3,1.0,3.0
201700052718,0017-02-03 18:00:00,17,2,3,18,0,750,101,"4, BOULEVARD DU PALAIS",48.8552,2.34577,Nuit avec éclairage allumé,En agglomération,Hors intersection,Pluie légère,Autre collision,,,,,,,,,,,5,2,1,2.0,6.0
201700052719,0017-02-03 22:40:00,17,2,3,22,40,750,101,"41, RUE DE RIVOLI",48.8585,2.3482,Nuit avec éclairage allumé,En agglomération,Intersection en X,Normale,Autre collision,,,,,,,,,,,5,2,2,1.0,6.0
201700052720,0017-02-04 14:50:00,17,2,4,14,50,750,101,RUE DE RIVOLI,48.8627,2.33525,Plein jour,En agglomération,Place,Normale,Autre collision,,,,,,,,,,,1,2,7,1.0,6.0
201700052721,0017-02-06 13:35:00,17,2,6,13,35,750,101,"15-17, RUE ETIENNE MARCE",48.8639,2.34908,Plein jour,En agglomération,Intersection à plus de 4 branches,Normale,Autre collision,,,,,,,,,,,1,2,5,1.0,6.0
201700052722,0017-02-14 23:45:00,17,2,14,23,45,750,101,"168, RUE DE RIVOLI",48.8622,2.33693,Nuit avec éclairage allumé,En agglomération,Place,Normale,Autre collision,,,,,,,,,,,5,2,7,1.0,6.0
201700052723,0017-02-15 14:30:00,17,2,15,14,30,750,101,"/, QUAI DU LOUVRE",48.859,2.33985,Plein jour,En agglomération,Intersection en T,Normale,Deux véhicules - côté,,,,,,,,,,,1,2,3,1.0,3.0
201700052724,0017-02-15 19:00:00,17,2,15,19,0,750,101,"174, RUE DE RIVOLI",48.8627,2.33525,Nuit avec éclairage allumé,En agglomération,Intersection en X,Normale,Sans collision,,,,,,,,,,,5,2,2,1.0,7.0
201700052725,0017-02-16 12:40:00,17,2,16,12,40,750,101,"221, RUE SAINT HONORE",48.8658,2.33015,Plein jour,En agglomération,Intersection en T,Temps couvert,Deux véhicules - arrière,,,,,,,,,,,1,2,3,8.0,2.0
201700052726,0017-02-20 07:30:00,17,2,20,7,30,750,101,"25, PLACE VENDOME",48.8679,2.32983,Plein jour,En agglomération,Place,Pluie légère,Deux véhicules - côté,,,,,,,,,,,1,2,7,2.0,3.0
201700052727,0017-02-21 11:20:00,17,2,21,11,20,750,101,"206, RUE DE RIVOLI",48.8644,2.33008,Plein jour,En agglomération,Intersection en T,Normale,Deux véhicules - côté,,,,,,,,,,,1,2,3,1.0,3.0
201700052728,0017-02-24 16:55:00,17,2,24,16,55,750,101,"29, BOULEVARD DE SEBASTO",48.8606,2.34934,Plein jour,En agglomération,Intersection en X,Normale,Autre collision,,,,,,,,,,,1,2,2,1.0,6.0
201700052729,0017-02-25 15:30:00,17,2,25,15,30,750,101,RUE LA VRILLIERE,48.8661,2.33982,Plein jour,En agglomération,Intersection en X,Normale,Autre collision,,,,,,,,,,,1,2,2,1.0,6.0
201700052730,0017-02-26 12:35:00,17,2,26,12,35,750,101,"65, RUE DE RIVOLI",48.8595,2.34513,Plein jour,En agglomération,Intersection en T,Normale,Trois véhicules et plus - en chaîne,,,,,,,,,,,1,2,3,1.0,4.0
201700052731,0017-02-26 18:30:00,17,2,26,18,30,750,101,", QUAI DU LOUVRE",48.8585,2.34241,Nuit avec éclairage allumé,En agglomération,Intersection à plus de 4 branches,Normale,Deux véhicules - côté,,,,,,,,,,,5,2,5,1.0,3.0
201700052732,0017-03-02 15:00:00,17,3,2,15,0,750,101,"55, RUE DE RIVOLI",48.8591,2.34641,Plein jour,En agglomération,Intersection en X,Normale,Trois véhicules et plus - en chaîne,,,,,,,,,,,1,2,2,1.0,4.0
201700052733,0017-03-03 15:18:00,17,3,3,15,18,750,101,"20, RUE CAMBON",48.8677,2.32639,Plein jour,En agglomération,Hors intersection,Normale,Deux véhicules - arrière,,,,,,,,,,,1,2,1,1.0,2.0
201700052734,0017-03-03 19:40:00,17,3,3,19,40,750,101,QUAI DE LA MEGISSERIE,48.8573,2.34679,Nuit avec éclairage allumé,En agglomération,Place,Normale,Autre collision,,,,,,,,,,,5,2,7,1.0,6.0
201700052735,0017-03-05 16:00:00,17,3,5,16,0,750,101,RUE JEAN JACQUES ROUSSEA,48.8629,2.34136,Plein jour,En agglomération,Hors intersection,Temps éblouissant,Autre collision,,,,,,,,,,,1,2,1,7.0,6.0
201700052736,0017-03-08 11:15:00,17,3,8,11,15,750,101,RUE SAINTE ANNE,48.867,2.33586,Plein jour,En agglomération,Intersection en X,Normale,Autre collision,,,,,,,,,,,1,2,2,1.0,6.0
201700052737,0017-03-09 14:50:00,17,3,9,14,50,750,101,"__8, RUE DE RICHELIEU",48.8641,2.33604,Plein jour,En agglomération,Hors intersection,Normale,Deux véhicules - arrière,,,,,,,,,,,1,2,1,1.0,2.0
201700052738,0017-03-10 23:10:00,17,3,10,23,10,750,101,RUE SAINT HONORE,48.8674,2.32619,Nuit avec éclairage allumé,En agglomération,Intersection en X,Normale,Autre collision,,,,,,,,,,,5,2,2,1.0,6.0
201700052739,0017-03-11 22:00:00,17,3,11,22,0,750,101,"1, BOULEVARD DE SEBASTOP",48.8577,2.34776,Nuit avec éclairage allumé,En agglomération,Intersection à plus de 4 branches,Normale,Autre collision,,,,,,,,,,,5,2,5,1.0,6.0
201700052740,0017-03-13 08:35:00,17,3,13,8,35,750,101,"02, RUE CROIX DES PETITS",48.8622,2.33916,Plein jour,En agglomération,Intersection en T,Normale,Autre collision,,,,,,,,,,,1,2,3,1.0,6.0
201700052741,0017-03-14 17:15:00,17,3,14,17,15,750,101,QUAI FRANCOIS MITTERRAND,48.8592,2.33789,Plein jour,En agglomération,Intersection en T,Normale,Deux véhicules - arrière,,,,,,,,,,,1,2,3,1.0,2.0
201700052742,0017-03-16 15:50:00,17,3,16,15,50,750,101,"22, QUAI DE LA MEGISSERI",48.8585,2.34241,Plein jour,En agglomération,Intersection en X,Normale,Deux véhicules - côté,,,,,,,,,,,1,2,2,1.0,3.0
201700052743,0017-03-16 18:30:00,17,3,16,18,30,750,102,"41, RUE DU SENTIER",48.8709,2.34672,Nuit avec éclairage allumé,En agglomération,Intersection en T,Normale,Autre collision,,,,,,,,,,,5,2,3,1.0,6.0
201700052744,0017-03-20 20:15:00,17,3,20,20,15,750,101,QUAI FRANCOIS MITTERRAND,48.8601,2.33333,Nuit avec éclairage allumé,En agglomération,Place,Normale,Autre collision,,,,,,,,,,,5,2,7,1.0,6.0
201700052745,0017-03-22 16:00:00,17,3,22,16,0,750,101,"177, RUE SAINT HONORE",48.8642,2.33346,Plein jour,En agglomération,Hors intersection,Normale,Deux véhicules - côté,,,,,,,,,,,1,2,1,1.0,3.0
201700052746,0017-03-24 16:40:00,17,3,24,16,40,750,104,QUAI DE GESVRES,48.8572,2.34729,Plein jour,En agglomération,Place,Normale,Deux véhicules - côté,,,,,,,,,,,1,2,7,1.0,3.0
201700052747,0017-03-26 06:30:00,17,3,26,6,30,750,102,"/, RUE SAINT AUGUSTIN",48.8689,2.33667,Plein jour,En agglomération,Intersection en X,Normale,Deux véhicules - côté,,,,,,,,,,,1,2,2,1.0,3.0
201700052748,0017-03-28 10:26:00,17,3,28,10,26,750,101,"8, AVENUE DE L OPERA",48.8648,2.33484,Plein jour,En agglomération,Intersection en X,Normale,Deux véhicules - côté,,,,,,,,,,,1,2,2,1.0,3.0
201700052749,0017-04-07 15:00:00,17,4,7,15,0,750,101,"30, QUAI DU LOUVRE",48.859,2.33985,Plein jour,En agglomération,Intersection en T,Normale,Deux véhicules - côté,,,,,,,,,,,1,2,3,1.0,3.0
201700052750,0017-04-12 14:20:00,17,4,12,14,20,750,101,"17, RUE DU LOUVRE",48.8639,2.34233,Plein jour,En agglomération,Intersection en X,Normale,Autre collision,,,,,,,,,,,1,2,2,1.0,6.0
201700052751,0017-04-12 17:00:00,17,4,12,17,0,750,101,"1, PLACE ANDRE MALRAUX",48.8636,2.33466,Plein jour,En agglomération,Place,Normale,Autre collision,,,,,,,,,,,1,2,7,1.0,6.0
201700052752,0017-04-18 15:25:00,17,4,18,15,25,750,101,RUE DE MARENGO,48.8615,2.33907,Plein jour,En agglomération,Intersection en T,Normale,Deux véhicules - côté,,,,,,,,,,,1,2,3,1.0,3.0
201700052753,0017-04-21 11:30:00,17,4,21,11,30,750,101,"12, RUE CROIX DES PETITS",48.863,2.3395,Plein jour,En agglomération,Intersection à plus de 4 branches,Normale,Autre collision,,,,,,,,,,,1,2,5,1.0,6.0
201700052754,0017-04-26 18:05:00,17,4,26,18,5,750,101,QUAI DES TUILERIES,48.8609,2.32997,Plein jour,En agglomération,Intersection en T,Pluie légère,Sans collision,,,,,,,,,,,1,2,3,2.0,7.0
201700052755,0017-05-06 12:50:00,17,5,6,12,50,750,103,"33, BOULEVARD BEAUMARCHA",48.8557,2.36848,Plein jour,En agglomération,Intersection en X,Pluie légère,Deux véhicules - arrière,,,,,,,,,,,1,2,2,2.0,2.0
201700052756,0017-05-11 17:45:00,17,5,11,17,45,750,101,"57, RUE DE RIVOLI",48.8593,2.34595,Plein jour,En agglomération,Hors intersection,Temps couvert,Autre collision,,,,,,,,,,,1,2,1,8.0,6.0
201700052757,0017-05-11 19:40:00,17,5,11,19,40,750,101,"44, RUE DU LOUVRE",48.8641,2.34246,Plein jour,En agglomération,Hors intersection,Pluie légère,Autre collision,,,,,,,,,,,1,2,1,2.0,6.0
201700052758,0017-05-12 19:50:00,17,5,12,19,50,750,101,QUAI DE LA MEGISSERIE,48.8573,2.34679,Plein jour,En agglomération,Place,Normale,Deux véhicules - arrière,,,,,,,,,,,1,2,7,1.0,2.0
201700052759,0017-05-13 13:05:00,17,5,13,13,5,750,101,RUE DES PROUVAIRES,48.8618,2.3443,Plein jour,En agglomération,Intersection en X,Normale,Autre collision,,,,,,,,,,,1,2,2,1.0,6.0
201700052760,0017-05-17 09:50:00,17,5,17,9,50,750,101,"2 TER, QUAI DE LA MEGISS",48.8577,2.34544,Plein jour,En agglomération,Intersection en X,Normale,Deux véhicules - côté,,,,,,,,,,,1,2,2,1.0,3.0
201700052761,0017-05-17 17:35:00,17,5,17,17,35,750,101,"1, AVENUE GENERAL LEMONN",48.8609,2.32997,Plein jour,En agglomération,Intersection en T,Normale,Autre collision,,,,,,,,,,,1,2,3,1.0,6.0
201700052762,0017-05-17 20:35:00,17,5,17,20,35,750,101,"14, QUAI FRANCOIS MITTER",48.8601,2.33333,Crépuscule ou aube,En agglomération,Place,Pluie forte,Autre collision,,,,,,,,,,,2,2,7,3.0,6.0
201700052763,0017-05-18 21:45:00,17,5,18,21,45,750,101,PLACE VENDOME,48.8674,2.32961,Nuit avec éclairage allumé,En agglomération,Hors intersection,Pluie légère,Deux véhicules - côté,,,,,,,,,,,5,2,1,2.0,3.0
201700052764,0017-05-20 11:00:00,17,5,20,11,0,750,101,"1, PLACE DES PYRAMIDES",48.8638,2.33207,Plein jour,En agglomération,Place,Normale,Deux véhicules - côté,,,,,,,,,,,1,2,7,1.0,3.0
201700052765,0017-05-22 10:55:00,17,5,22,10,55,750,101,", QUAI FRANCOIS MITTERRA",48.8592,2.33789,Plein jour,En agglomération,Intersection en T,Normale,Deux véhicules - arrière,,,,,,,,,,,1,2,3,1.0,2.0
201700052766,0017-05-23 19:20:00,17,5,23,19,20,750,101,RUE LA FEUILLADE,48.8658,2.34084,Plein jour,En agglomération,Place,Normale,Autre collision,,,,,,,,,,,1,2,7,1.0,6.0
201700052767,0017-05-24 21:10:00,17,5,24,21,10,750,101,", RUE DE RIVOLI",48.8632,2.33379,Plein jour,En agglomération,Intersection en T,Normale,Autre collision,,,,,,,,,,,1,2,3,1.0,6.0
201700052768,0017-05-27 16:15:00,17,5,27,16,15,750,101,"102, RUE DE RIVOLI",48.8588,2.34748,Plein jour,En agglomération,Intersection à plus de 4 branches,Temps éblouissant,Deux véhicules - côté,,,,,,,,,,,1,2,5,7.0,3.0
201700052769,0017-05-27 17:15:00,17,5,27,17,15,750,101,"192, RUE DE RIVOLI",48.8638,2.33207,Plein jour,En agglomération,Intersection en X,Normale,Deux véhicules - côté,,,,,,,,,,,1,2,2,1.0,3.0
201700052770,0017-05-29 12:35:00,17,5,29,12,35,750,101,"16, QUAI DU LOUVRE",48.8587,2.34163,Plein jour,En agglomération,Place,Temps couvert,Deux véhicules - côté,,,,,,,,,,,1,2,7,8.0,3.0
201700052771,0017-05-30 11:15:00,17,5,30,11,15,750,101,", RUE DE RIVOLI",48.8644,2.33008,Plein jour,En agglomération,Intersection en T,Normale,Autre collision,,,,,,,,,,,1,2,3,1.0,6.0
201700052772,0017-05-31 09:25:00,17,5,31,9,25,750,101,QUAI DES TUILERIES,48.8609,2.32997,Plein jour,En agglomération,Intersection en T,Normale,Deux véhicules - côté,,,,,,,,,,,1,2,3,1.0,3.0
201700052773,0017-06-04 12:30:00,17,6,4,12,30,750,102,"25, RUE DE TURBIGO",48.8641,2.35009,Plein jour,En agglomération,Intersection en X,Normale,Deux véhicules - côté,,,,,,,,,,,1,2,2,1.0,3.0
201700052774,0017-06-06 00:40:00,17,6,6,0,40,750,101,"25, PLACE VENDOME",48.8679,2.32983,Nuit avec éclairage allumé,En agglomération,Place,Pluie forte,Autre collision,,,,,,,,,,,5,2,7,3.0,6.0
201700052775,0017-06-06 20:15:00,17,6,6,20,15,750,104,"11, BOULEVARD HENRI IV",48.8512,2.36265,Plein jour,En agglomération,Intersection en X,Temps couvert,Autre collision,,,,,,,,,,,1,2,2,8.0,6.0
201700052776,0017-06-07 09:15:00,17,6,7,9,15,750,101,VOIE GEORGES POMPIDOU,48.8596,2.33571,Plein jour,En agglomération,Hors intersection,Normale,Deux véhicules - frontale,,,,,,,,,,,1,2,1,1.0,1.0
201700052777,0017-06-14 09:35:00,17,6,14,9,35,750,101,"170, RUE DE RIVOLI",48.8625,2.33607,Plein jour,En agglomération,Intersection en T,Normale,Deux véhicules - côté,,,,,,,,,,,1,2,3,1.0,3.0
201700052778,0017-06-16 19:15:00,17,6,16,19,15,750,101,QUAI DES TUILERIES,48.8631,2.3234,Plein jour,En agglomération,Hors intersection,Normale,Deux véhicules - arrière,,,,,,,,,,,1,2,1,1.0,2.0
201700052779,0017-06-17 16:27:00,17,6,17,16,27,750,101,RUE DE RIVOLI,48.8627,2.33525,Plein jour,En agglomération,Place,Normale,Deux véhicules - côté,,,,,,,,,,,1,2,7,1.0,3.0
201700052780,0017-06-26 14:00:00,17,6,26,14,0,750,101,"25, RUE DU LOUVRE",48.8653,2.34307,Plein jour,En agglomération,Intersection en X,Normale,Deux véhicules - arrière,,,,,,,,,,,1,2,2,1.0,2.0
201700052781,0017-06-25 21:00:00,17,6,25,21,0,750,101,", QUAI FRANCOIS MITTERRA",48.8592,2.33789,Plein jour,En agglomération,Intersection en T,Normale,Sans collision,,,,,,,,,,,1,2,3,1.0,7.0
201700052782,0017-06-28 15:20:00,17,6,28,15,20,750,101,"39, RUE DU LOUVRE",48.863,2.34189,Plein jour,En agglomération,Intersection en X,Normale,Trois véhicules et plus - en chaîne,,,,,,,,,,,1,2,2,1.0,4.0
201700052783,0017-06-28 18:40:00,17,6,28,18,40,750,101,RUE THERESE,48.8656,2.33662,Plein jour,En agglomération,Intersection en X,Pluie légère,Deux véhicules - côté,,,,,,,,,,,1,2,2,2.0,3.0
201700052784,0017-06-29 14:40:00,17,6,29,14,40,750,101,"29, AVENUE DE L OPERA",48.8671,2.33386,Plein jour,En agglomération,Hors intersection,Normale,Autre collision,,,,,,,,,,,1,2,1,1.0,6.0
201700052785,0017-07-01 20:50:00,17,7,1,20,50,750,101,"/, RUE DE RIVOLI",48.864,2.33134,Plein jour,En agglomération,Intersection en T,Normale,Deux véhicules - côté,,,,,,,,,,,1,2,3,1.0,3.0
201700052786,0017-07-02 15:40:00,17,7,2,15,40,750,101,"2, RUE SAINT DENIS",48.8579,2.34719,Plein jour,En agglomération,Intersection en X,Normale,Deux véhicules - côté,,,,,,,,,,,1,2,2,1.0,3.0