accident_id,datetime,annee,mois,jour,heure,minute,departement,commune_insee,adresse,latitude,longitude,luminosite,agglomeration,intersection,meteo,collision,nb_vehicules,nb_usagers,nb_indemnes,nb_tues,nb_blesses_hosp,nb_blesses_legers,age_cond_1,age_cond_2,veh_type_cond_1,veh_type_cond_2,lum_code,agg_code,int_code,atm_code,col_code
201700052787,0017-07-02 19:45:00,17,7,2,19,45,750,101,"245, RUE SAINT HONORE",48.867,2.32757,Plein jour,En agglomération,Hors intersection,Normale,Deux véhicules - côté,,,,,,,,,,,1,2,1,1.0,3.0
201700052788,0017-07-03 11:45:00,17,7,3,11,45,750,101,"105, RUE DE RIVOLI",48.8632,2.33379,Plein jour,En agglomération,Intersection en T,Normale,Deux véhicules - arrière,,,,,,,,,,,1,2,3,1.0,2.0
201700052789,0017-07-04 08:10:00,17,7,4,8,10,750,101,"/, RUE DE CASTIGLIONE",48.8659,2.32789,Plein jour,En agglomération,Intersection en X,Normale,Deux véhicules - côté,,,,,,,,,,,1,2,2,1.0,3.0
201700052790,0017-07-04 12:15:00,17,7,4,12,15,750,101,QUAI DES TUILERIES,48.8629,2.32383,Plein jour,En agglomération,Hors intersection,Normale,Deux véhicules - arrière,,,,,,,,,,,1,2,1,1.0,2.0
201700052791,0017-07-05 10:45:00,17,7,5,10,45,750,101,"208, RUE DE RIVOLI",48.8644,2.33008,Plein jour,En agglomération,Intersection en T,Normale,Sans collision,,,,,,,,,,,1,2,3,1.0,7.0
201700052792,0017-07-05 13:15:00,17,7,5,13,15,750,101,"6, RUE DE L AMIRAL DE CO",48.8604,2.34057,Plein jour,En agglomération,Place,Normale,Deux véhicules - côté,,,,,,,,,,,1,2,7,1.0,3.0
201700052793,0017-07-05 14:10:00,17,7,5,14,10,750,101,"/, AVENUE DE L OPERA",48.864,2.3352,Plein jour,En agglomération,Place,Normale,Deux véhicules - côté,,,,,,,,,,,1,2,7,1.0,3.0
201700052794,0017-07-06 10:25:00,17,7,6,10,25,750,101,"12, RUE LA VRILLIERE",48.8661,2.33982,Plein jour,En agglomération,Intersection en X,Normale,Deux véhicules - frontale,,,,,,,,,,,1,2,2,1.0,1.0
201700052795,0017-07-07 12:00:00,17,7,7,12,0,750,101,"251, RUE SAINT HONORE",48.8672,2.32703,Plein jour,En agglomération,Hors intersection,Normale,Autre collision,,,,,,,,,,,1,2,1,1.0,6.0
201700052796,0017-07-07 13:35:00,17,7,7,13,35,750,101,RUE ETIENNE MARCEL,48.8653,2.34307,Plein jour,En agglomération,Intersection en X,Normale,Autre collision,,,,,,,,,,,1,2,2,1.0,6.0
201700052797,0017-07-07 15:30:00,17,7,7,15,30,750,101,"1, RUE DU LOUVRE",48.8612,2.34092,Plein jour,En agglomération,Intersection en T,Normale,Deux véhicules - côté,,,,,,,,,,,1,2,3,1.0,3.0
201700052798,0017-07-11 13:52:00,17,7,11,13,52,750,101,"2, VOIE GEORGES POMPIDOU",48.8584,2.34199,Plein jour,En agglomération,Hors intersection,Normale,Autre collision,,,,,,,,,,,1,2,1,1.0,6.0
201700052799,0017-07-12 09:05:00,17,7,12,9,5,750,101,"/, RUE SAINT HONORE",48.8638,2.33424,Plein jour,En agglomération,Intersection en X,Pluie légère,Deux véhicules - côté,,,,,,,,,,,1,2,2,2.0,3.0
201700052800,0017-07-15 19:25:00,17,7,15,19,25,750,101,"213, RUE SAINT HONORE",48.8655,2.33081,Plein jour,En agglomération,Intersection en X,Normale,Autre collision,,,,,,,,,,,1,2,2,1.0,6.0
201700052801,0017-07-17 16:50:00,17,7,17,16,50,750,101,"218, RUE DE RIVOLI",48.8647,2.32896,Plein jour,En agglomération,Hors intersection,Normale,Deux véhicules - côté,,,,,,,,,,,1,2,1,1.0,3.0
201700052802,0017-07-21 14:05:00,17,7,21,14,5,750,101,"65, BOULEVARD DE SEBASTO",48.8634,2.35094,Plein jour,En agglomération,Intersection en X,Normale,Sans collision,,,,,,,,,,,1,2,2,1.0,7.0
201700052803,0017-07-24 13:10:00,17,7,24,13,10,750,109,"19, RUE RICHER",48.874,2.34606,Plein jour,En agglomération,Hors intersection,Pluie légère,Deux véhicules - côté,,,,,,,,,,,1,2,1,2.0,3.0
201700052804,0017-07-27 11:50:00,17,7,27,11,50,750,102,"31, RUE DE TURBIGO",48.8644,2.3515,Plein jour,En agglomération,Intersection en X,Normale,Autre collision,,,,,,,,,,,1,2,2,1.0,6.0
201700052805,0017-07-27 22:40:00,17,7,27,22,40,750,104,BOULEVARD DE SEBASTOPOL,48.8577,2.34776,Nuit avec éclairage allumé,En agglomération,Intersection en X,Normale,Autre collision,,,,,,,,,,,5,2,2,1.0,6.0
201700052806,0017-07-31 17:30:00,17,7,31,17,30,750,101,PLACE DU CHATELET,48.8573,2.34679,Plein jour,En agglomération,Place,Normale,Autre collision,,,,,,,,,,,1,2,7,1.0,6.0
201700052807,0017-08-02 11:39:00,17,8,2,11,39,750,101,"232, RUE DE RIVOLI",48.8653,2.32728,Plein jour,En agglomération,Intersection en T,Normale,Trois véhicules et plus - en chaîne,,,,,,,,,,,1,2,3,1.0,4.0
201700052808,0017-08-03 09:00:00,17,8,3,9,0,750,101,AVENUE DE L OPERA,48.8648,2.33484,Plein jour,En agglomération,Intersection en X,Pluie légère,Autre collision,,,,,,,,,,,1,2,2,2.0,6.0
201700052809,0017-08-09 23:30:00,17,8,9,23,30,750,101,PLACE VENDOME,48.867,2.32901,Nuit avec éclairage allumé,En agglomération,Place,Pluie légère,Deux véhicules - arrière,,,,,,,,,,,5,2,7,2.0,2.0
201700052810,0017-08-16 08:00:00,17,8,16,8,0,750,101,BOULEVARD DE SEBASTOPOL,48.8585,2.3482,Plein jour,En agglomération,Intersection à plus de 4 branches,Normale,Deux véhicules - côté,,,,,,,,,,,1,2,5,1.0,3.0
201700052811,0017-08-16 17:00:00,17,8,16,17,0,750,101,RUE DE RIVOLI,48.8638,2.33207,Plein jour,En agglomération,Place,Normale,Deux véhicules - côté,,,,,,,,,,,1,2,7,1.0,3.0
201700052812,0017-08-20 07:15:00,17,8,20,7,15,750,101,QUAI DU LOUVRE,48.8585,2.34241,Plein jour,En agglomération,Intersection à plus de 4 branches,Normale,Deux véhicules - arrière,,,,,,,,,,,1,2,5,1.0,2.0
201700052813,0017-08-21 07:30:00,17,8,21,7,30,750,101,", BOULEVARD DE SEBASTOPO",48.8577,2.34776,Plein jour,En agglomération,Intersection à plus de 4 branches,Normale,Deux véhicules - côté,,,,,,,,,,,1,2,5,1.0,3.0
201700052814,0017-08-22 14:45:00,17,8,22,14,45,750,101,"99, RUE DE RIVOLI",48.8627,2.33525,Plein jour,En agglomération,Place,Normale,Deux véhicules - arrière,,,,,,,,,,,1,2,7,1.0,2.0
201700052815,0017-08-24 15:50:00,17,8,24,15,50,750,101,RUE D ALGER,48.8646,2.32928,Plein jour,En agglomération,Intersection en T,Normale,Autre collision,,,,,,,,,,,1,2,3,1.0,6.0
201700052816,0017-08-29 11:40:00,17,8,29,11,40,750,101,"2, QUAI DE LA MEGISSERIE",48.8577,2.34544,Plein jour,En agglomération,Place,Normale,Deux véhicules - arrière,,,,,,,,,,,1,2,7,1.0,2.0
201700052817,0017-08-30 20:40:00,17,8,30,20,40,750,103,RUE DE BRETAGNE,48.862,2.36454,Nuit avec éclairage allumé,En agglomération,Intersection à plus de 4 branches,Normale,Deux véhicules - côté,,,,,,,,,,,5,2,5,1.0,3.0
201700052818,0017-09-04 08:30:00,17,9,4,8,30,750,101,"2, RUE DE MARENGO",48.8615,2.33907,Plein jour,En agglomération,Intersection en T,Normale,Deux véhicules - côté,,,,,,,,,,,1,2,3,1.0,3.0
201700052819,0017-09-04 19:55:00,17,9,4,19,55,750,101,"18, RUE DES PYRAMIDES",48.8658,2.33359,Nuit avec éclairage allumé,En agglomération,Intersection en X,Normale,Deux véhicules - côté,,,,,,,,,,,5,2,2,1.0,3.0
201700052820,0017-09-05 16:18:00,17,9,5,16,18,750,101,"19, RUE DANIELLE CASANOV",48.8678,2.33228,Plein jour,En agglomération,Intersection en X,Normale,Deux véhicules - arrière,,,,,,,,,,,1,2,2,1.0,2.0
201700052821,0017-09-07 16:00:00,17,9,7,16,0,750,101,"18, RUE DU PONT NEUF",48.8605,2.34442,Plein jour,En agglomération,Hors intersection,Normale,Deux véhicules - côté,,,,,,,,,,,1,2,1,1.0,3.0
201700052822,0017-09-08 03:30:00,17,9,8,3,30,750,101,"256, RUE DE RIVOLI",48.8665,2.32355,Nuit avec éclairage allumé,En agglomération,Place,Normale,Autre collision,,,,,,,,,,,5,2,7,1.0,6.0
201700052823,0017-09-08 08:05:00,17,9,8,8,5,750,101,"53, RUE DE RIVOLI",48.8591,2.34641,Plein jour,En agglomération,Intersection en X,Normale,Autre collision,,,,,,,,,,,1,2,2,1.0,6.0
201700052824,0017-09-10 13:10:00,17,9,10,13,10,750,101,"104, RUE DE RIVOLI",48.8588,2.34748,Plein jour,En agglomération,Intersection à plus de 4 branches,Normale,Deux véhicules - arrière,,,,,,,,,,,1,2,5,1.0,2.0
201700052825,0017-09-12 18:20:00,17,9,12,18,20,750,104,QUAI DE L HORLOGE,48.8562,2.34643,Plein jour,En agglomération,Intersection en X,Normale,Deux véhicules - côté,,,,,,,,,,,1,2,2,1.0,3.0
201700052826,0017-09-15 01:00:00,17,9,15,1,0,750,103,BOULEVARD DE SEBASTOPOL,48.8653,2.35199,Nuit avec éclairage allumé,En agglomération,Intersection en X,Normale,Deux véhicules - côté,,,,,,,,,,,5,2,2,1.0,3.0
201700052827,0017-09-15 08:45:00,17,9,15,8,45,750,101,"156, RUE DE RIVOLI",48.8609,2.34079,Plein jour,En agglomération,Intersection en X,Normale,Autre collision,,,,,,,,,,,1,2,2,1.0,6.0
201700052828,0017-09-18 09:45:00,17,9,18,9,45,750,101,QUAI FRANCOIS MITTERRAND,48.859,2.33985,Plein jour,En agglomération,Intersection en T,Normale,Deux véhicules - arrière,,,,,,,,,,,1,2,3,1.0,2.0
201700052829,0017-09-19 09:30:00,17,9,19,9,30,750,101,PONT ROYAL,48.8608,2.3303,Plein jour,En agglomération,Intersection en T,Pluie légère,Deux véhicules - côté,,,,,,,,,,,1,2,3,2.0,3.0
201700052830,0017-09-19 18:25:00,17,9,19,18,25,750,104,QUAI DE LA CORSE,48.8562,2.34643,Plein jour,En agglomération,Intersection en X,Normale,Deux véhicules - côté,,,,,,,,,,,1,2,2,1.0,3.0
201700052831,0017-09-21 20:45:00,17,9,21,20,45,750,101,"2, QUAI DU LOUVRE",48.8585,2.34241,Nuit avec éclairage allumé,En agglomération,Intersection en T,Normale,Deux véhicules - côté,,,,,,,,,,,5,2,3,1.0,3.0
201700052832,0017-09-22 23:15:00,17,9,22,23,15,750,101,"116, RUE DE RIVOLI",48.8593,2.34565,Nuit avec éclairage allumé,En agglomération,Intersection en T,Normale,Autre collision,,,,,,,,,,,5,2,3,1.0,6.0
201700052833,0017-09-25 21:50:00,17,9,25,21,50,750,101,QUAI DE L HORLOGE,48.8562,2.34643,Nuit avec éclairage allumé,En agglomération,Intersection en X,Normale,Deux véhicules - côté,,,,,,,,,,,5,2,2,1.0,3.0
201700052834,0017-09-28 11:45:00,17,9,28,11,45,750,101,"380, RUE SAINT HONORE",48.8674,2.32619,Plein jour,En agglomération,Intersection en X,Normale,Deux véhicules - arrière,,,,,,,,,,,1,2,2,1.0,2.0
201700052835,0017-10-02 13:20:00,17,10,2,13,20,750,101,RUE DE L ECHELLE,48.864,2.33441,Plein jour,En agglomération,Intersection en Y,Normale,Autre collision,,,,,,,,,,,1,2,4,1.0,6.0
201700052836,0017-10-02 17:00:00,17,10,2,17,0,750,101,"237, RUE SAINT HONORE",48.8666,2.32856,Plein jour,En agglomération,Place,Temps couvert,Autre collision,,,,,,,,,,,1,2,7,8.0,6.0
201700052837,0017-10-03 01:25:00,17,10,3,1,25,750,101,PLACE VENDOME,48.8666,2.32856,Nuit avec éclairage allumé,En agglomération,Place,Pluie forte,Autre collision,,,,,,,,,,,5,2,7,3.0,6.0
201700052838,0017-10-03 13:40:00,17,10,3,13,40,750,101,"10, QUAI FRANCOIS MITTER",48.8601,2.33333,Plein jour,En agglomération,Place,Normale,Autre collision,,,,,,,,,,,1,2,7,1.0,6.0
201700052839,0017-10-13 10:20:00,17,10,13,10,20,750,101,PLACE VENDOME,48.867,2.32901,Plein jour,En agglomération,Giratoire,Normale,Deux véhicules - côté,,,,,,,,,,,1,2,6,1.0,3.0
201700052840,0017-11-02 06:50:00,17,11,2,6,50,750,101,RUE DU LOUVRE,48.8639,2.34233,Nuit avec éclairage allumé,En agglomération,Intersection en X,Normale,Autre collision,,,,,,,,,,,5,2,2,1.0,6.0
201700052841,0017-11-04 20:20:00,17,11,4,20,20,750,102,"22, RUE ETIENNE MARCEL",48.8642,2.34759,Nuit avec éclairage allumé,En agglomération,Intersection en X,Normale,Autre collision,,,,,,,,,,,5,2,2,1.0,6.0
201700052842,0017-11-09 15:45:00,17,11,9,15,45,750,101,RUE RAMBUTEAU,48.8629,2.34584,Plein jour,En agglomération,Intersection à plus de 4 branches,Temps couvert,Autre collision,,,,,,,,,,,1,2,5,8.0,6.0
201700052843,0017-11-10 23:00:00,17,11,10,23,0,750,104,QUAI DE GESVRES,48.8567,2.34891,Nuit avec éclairage allumé,En agglomération,Intersection en X,Normale,Deux véhicules - côté,,,,,,,,,,,5,2,2,1.0,3.0
201700052844,0017-11-11 03:55:00,17,11,11,3,55,750,101,RUE DE RIVOLI,48.8588,2.34748,Nuit avec éclairage allumé,En agglomération,Intersection en X,Pluie légère,Autre collision,,,,,,,,,,,5,2,2,2.0,6.0
201700052845,0017-11-11 13:20:00,17,11,11,13,20,750,101,"2, QUAI DE LA MEGISSERIE",48.8572,2.34729,Plein jour,En agglomération,Place,Pluie légère,Deux véhicules - arrière,,,,,,,,,,,1,2,7,2.0,2.0
201700052846,0017-11-17 13:30:00,17,11,17,13,30,750,101,QUAI DE LA MEGISSERIE,48.8572,2.34729,Plein jour,En agglomération,Intersection en X,Pluie légère,Autre collision,,,,,,,,,,,1,2,2,2.0,6.0
201700052847,0017-11-20 14:20:00,17,11,20,14,20,750,101,"23, PLACE VENDOME",48.8679,2.32983,Plein jour,En agglomération,Place,Normale,Autre collision,,,,,,,,,,,1,2,7,1.0,6.0
201700052848,0017-11-24 19:00:00,17,11,24,19,0,750,101,PLACE DU CHATELET,48.8573,2.34679,Nuit avec éclairage allumé,En agglomération,Place,Normale,Autre collision,,,,,,,,,,,5,2,7,1.0,6.0
201700052849,0017-11-24 22:35:00,17,11,24,22,35,750,101,"02, QUAI FRANCOIS MITTER",48.8585,2.34241,Nuit avec éclairage allumé,En agglomération,Intersection en X,Pluie légère,Deux véhicules - côté,,,,,,,,,,,5,2,2,2.0,3.0
201700052850,0017-11-26 03:42:00,17,11,26,3,42,750,104,"20, RUE BEAUBOURG",48.8612,2.35345,Nuit avec éclairage allumé,En agglomération,Intersection en T,Normale,Autre collision,,,,,,,,,,,5,2,3,1.0,6.0
201700052851,0017-11-27 10:05:00,17,11,27,10,5,750,101,"248, RUE DE RIVOLI",48.866,2.32501,Plein jour,En agglomération,Intersection en T,Normale,Autre collision,,,,,,,,,,,1,2,3,1.0,6.0
201700052852,0017-11-27 17:30:00,17,11,27,17,30,750,101,RUE DE RIVOLI,48.8591,2.34641,Plein jour,En agglomération,Intersection en X,Pluie légère,Autre collision,,,,,,,,,,,1,2,2,2.0,6.0
201700052853,0017-11-28 19:00:00,17,11,28,19,0,750,101,QUAI DES TUILERIES,48.8623,2.32567,Nuit avec éclairage allumé,En agglomération,Intersection en X,Normale,Autre collision,,,,,,,,,,,5,2,2,1.0,6.0
201700052854,0017-11-30 12:50:00,17,11,30,12,50,750,101,"44, RUE DU LOUVRE",48.8639,2.34233,Plein jour,En agglomération,Intersection en X,Normale,Autre collision,,,,,,,,,,,1,2,2,1.0,6.0
201700052855,0017-12-01 07:05:00,17,12,1,7,5,750,101,"02, RUE SAINT DENIS",48.8579,2.34719,Nuit avec éclairage allumé,En agglomération,Intersection en X,Pluie légère,Autre collision,,,,,,,,,,,5,2,2,2.0,6.0
201700052856,0017-12-01 20:00:00,17,12,1,20,0,750,101,BOULEVARD DU PALAIS,48.8562,2.34643,Nuit avec éclairage allumé,En agglomération,Intersection en T,Normale,Deux véhicules - côté,,,,,,,,,,,5,2,3,1.0,3.0
201700052857,0017-12-03 02:00:00,17,12,3,2,0,750,103,"43, RUE BEAUBOURG",48.8624,2.35409,Nuit avec éclairage allumé,En agglomération,Hors intersection,Autre,Trois véhicules et plus - en chaîne,,,,,,,,,,,5,2,1,9.0,4.0
201700052858,0017-12-05 21:30:00,17,12,5,21,30,750,101,"91, RUE DE RIVOLI",48.8615,2.33907,Nuit avec éclairage allumé,En agglomération,Intersection en T,Normale,Deux véhicules - côté,,,,,,,,,,,5,2,3,1.0,3.0
201700052859,0017-12-06 19:45:00,17,12,6,19,45,750,101,QUAI DES TUILERIES,48.8623,2.32567,Nuit avec éclairage allumé,En agglomération,Intersection en T,Normale,Deux véhicules - arrière,,,,,,,,,,,5,2,3,1.0,2.0
201700052860,0017-12-07 19:00:00,17,12,7,19,0,750,101,"09, BOULEVARD DE SEBASTO",48.8585,2.3482,Nuit avec éclairage allumé,En agglomération,Intersection en X,Pluie légère,Sans collision,,,,,,,,,,,5,2,2,2.0,7.0
201700052861,0017-12-08 21:30:00,17,12,8,21,30,750,101,"31, RUE ETIENNE MARCEL",48.8643,2.34707,Nuit avec éclairage allumé,En agglomération,Hors intersection,Pluie légère,Sans collision,,,,,,,,,,,5,2,1,2.0,7.0
201700052862,0017-12-09 01:30:00,17,12,9,1,30,750,104,"05, RUE SAINT ANTOINE",48.8534,2.3676,Nuit avec éclairage allumé,En agglomération,Intersection en T,Neige / grêle,Deux véhicules - côté,,,,,,,,,,,5,2,3,4.0,3.0
201700052863,0017-12-10 17:40:00,17,12,10,17,40,750,101,"65, BOULEVARD DE SEBASTO",48.8634,2.35094,Nuit avec éclairage allumé,En agglomération,Intersection en X,Pluie légère,Autre collision,,,,,,,,,,,5,2,2,2.0,6.0
201700052864,0017-12-11 08:20:00,17,12,11,8,20,750,101,"/, QUAI DES TUILERIES",48.8609,2.32997,Crépuscule ou aube,En agglomération,Intersection en T,Pluie légère,Trois véhicules et plus - en chaîne,,,,,,,,,,,2,2,3,2.0,4.0
201700052865,0017-12-12 16:15:00,17,12,12,16,15,750,101,"234, RUE DE RIVOLI",48.8653,2.32728,Crépuscule ou aube,En agglomération,Intersection en T,Normale,Autre collision,,,,,,,,,,,2,2,3,1.0,6.0
201700052866,0017-12-13 19:20:00,17,12,13,19,20,750,101,RUE MOLIERE,48.8656,2.33662,Plein jour,En agglomération,Intersection en X,Pluie forte,Deux véhicules - côté,,,,,,,,,,,1,2,2,3.0,3.0
201700052867,0017-12-15 15:03:00,17,12,15,15,3,750,101,"53, RUE DE RIVOLI",48.8591,2.34641,Plein jour,En agglomération,Intersection en X,Pluie forte,Autre collision,,,,,,,,,,,1,2,2,3.0,6.0
201700052868,0017-12-16 13:14:00,17,12,16,13,14,750,103,"12, RUE DES HAUDRIETTES",48.8619,2.35689,Plein jour,En agglomération,Intersection en X,Normale,Deux véhicules - côté,,,,,,,,,,,1,2,2,1.0,3.0
201700052869,0017-12-21 07:35:00,17,12,21,7,35,750,101,BOULEVARD DE SEBASTOPOL,48.8585,2.3482,Nuit avec éclairage allumé,En agglomération,Intersection en X,Pluie légère,Deux véhicules - côté,,,,,,,,,,,5,2,2,2.0,3.0
201700052870,0017-12-23 11:00:00,17,12,23,11,0,750,101,"6, RUE DE L AMIRAL DE CO",48.8609,2.34079,Plein jour,En agglomération,Intersection en X,Temps couvert,Deux véhicules - côté,,,,,,,,,,,1,2,2,8.0,3.0
201700052871,0017-12-26 18:50:00,17,12,26,18,50,750,101,"51, BOULEVARD DE SEBASTO",48.862,2.35013,Crépuscule ou aube,En agglomération,Intersection en X,Normale,Autre collision,,,,,,,,,,,2,2,2,1.0,6.0
201700052872,0017-01-04 12:05:00,17,1,4,12,5,750,102,"127, RUE MONTMARTRE",48.8692,2.34311,Plein jour,En agglomération,Hors intersection,Normale,Autre collision,,,,,,,,,,,1,2,1,1.0,6.0
201700052873,0017-01-12 20:10:00,17,1,12,20,10,750,104,"12, BOULEVARD HENRI IV",48.8512,2.36265,Nuit avec éclairage non allumé,En agglomération,Place,Pluie légère,Deux véhicules - côté,,,,,,,,,,,4,2,7,2.0,3.0
201700052874,0017-01-14 10:15:00,17,1,14,10,15,750,104,"07, PLACE DE LA BASTILLE",48.8537,2.36896,Plein jour,En agglomération,Place,Normale,Deux véhicules - côté,,,,,,,,,,,1,2,7,1.0,3.0
201700052875,0017-01-25 13:00:00,17,1,25,13,0,750,102,"36, AVENUE DE L OPERA",48.869,2.33298,Plein jour,En agglomération,Hors intersection,Normale,Deux véhicules - côté,,,,,,,,,,,1,2,1,1.0,3.0
201700052876,0017-01-26 08:45:00,17,1,26,8,45,750,101,QUAI FRANCOIS MITTERRAND,48.8592,2.33789,Plein jour,En agglomération,Intersection en T,Normale,Autre collision,,,,,,,,,,,1,2,3,1.0,6.0
201700052877,0017-01-30 08:40:00,17,1,30,8,40,750,102,"36, RUE ETIENNE MARCEL",48.8648,2.34508,Plein jour,En agglomération,Intersection à plus de 4 branches,Pluie légère,Autre collision,,,,,,,,,,,1,2,5,2.0,6.0
201700052878,0017-01-30 11:20:00,17,1,30,11,20,750,102,"/, BOULEVARD POISSONNIER",48.8707,2.34788,Plein jour,En agglomération,Intersection en X,Pluie légère,Deux véhicules - côté,,,,,,,,,,,1,2,2,2.0,3.0
201700052879,0017-01-31 12:55:00,17,1,31,12,55,750,102,"131, BOULEVARD DE SEBAST",48.8682,2.3536,Plein jour,En agglomération,Intersection en T,Pluie légère,Autre collision,,,,,,,,,,,1,2,3,2.0,6.0
201700052880,0017-02-06 14:06:00,17,2,6,14,6,750,102,"78, RUE MONTMARTRE",48.8663,2.34442,Plein jour,En agglomération,Intersection en X,Normale,Autre collision,,,,,,,,,,,1,2,2,1.0,6.0
201700052881,0017-02-06 19:30:00,17,2,6,19,30,750,102,PLACE DE L OPERA,48.8703,2.33244,Nuit avec éclairage allumé,En agglomération,Place,Normale,Deux véhicules - côté,,,,,,,,,,,5,2,7,1.0,3.0
201700052882,0017-02-16 10:35:00,17,2,16,10,35,750,102,"111, BOULEVARD DE SEBAST",48.867,2.35294,Plein jour,En agglomération,Intersection en X,Pluie légère,Sans collision,,,,,,,,,,,1,2,2,2.0,7.0
201700052883,0017-03-02 11:10:00,17,3,2,11,10,750,109,RUE DE BRUXELLES,48.8837,2.33225,Plein jour,En agglomération,Place,Normale,Autre collision,,,,,,,,,,,1,2,7,1.0,6.0
201700052884,0017-03-06 13:50:00,17,3,6,13,50,750,102,RUE DU LOUVRE,48.8668,2.34383,Plein jour,En agglomération,Intersection à plus de 4 branches,Pluie légère,Deux véhicules - arrière,,,,,,,,,,,1,2,5,2.0,2.0
201700052885,0017-03-14 11:00:00,17,3,14,11,0,750,102,"19, BOULEVARD MONTMARTRE",48.8719,2.3407,Plein jour,En agglomération,Hors intersection,Normale,Trois véhicules et plus - collisions multiples,,,,,,,,,,,1,2,1,1.0,5.0
201700052886,0017-03-16 22:10:00,17,3,16,22,10,750,102,RUE DE CLERY,48.8684,2.34765,Nuit avec éclairage allumé,En agglomération,Intersection en X,Normale,Deux véhicules - côté,,,,,,,,,,,5,2,2,1.0,3.0
201700052887,0017-03-16 13:00:00,17,3,16,13,0,750,102,"4, PLACE DE L OPERA",48.8703,2.33244,Plein jour,En agglomération,Place,Normale,Deux véhicules - côté,,,,,,,,,,,1,2,7,1.0,3.0
201700052888,0017-03-30 10:00:00,17,3,30,10,0,750,102,"09, BOULEVARD POISSONNIE",48.871,2.34599,Plein jour,En agglomération,Intersection en T,Normale,Deux véhicules - côté,,,,,,,,,,,1,2,3,1.0,3.0
201700052889,0017-03-30 19:25:00,17,3,30,19,25,750,102,"17, RUE DU QUATRE SEPTEM",48.8695,2.33676,Plein jour,En agglomération,Intersection en X,Normale,Deux véhicules - côté,,,,,,,,,,,1,2,2,1.0,3.0
201700052890,0017-04-07 02:29:00,17,4,7,2,29,750,102,"31, BOULEVARD DES CAPUCI",48.8702,2.32993,Nuit avec éclairage allumé,En agglomération,Intersection en X,Normale,Autre collision,,,,,,,,,,,5,2,2,1.0,6.0
201700052891,0017-04-12 17:20:00,17,4,12,17,20,750,101,"52, RUE DU LOUVRE",48.8653,2.34307,Plein jour,En agglomération,Intersection en X,Normale,Autre collision,,,,,,,,,,,1,2,2,1.0,6.0
201700052892,0017-04-14 10:15:00,17,4,14,10,15,750,110,"32, BOULEVARD DE BONNE N",48.8703,2.34953,Plein jour,En agglomération,Intersection en T,Normale,Deux véhicules - arrière,,,,,,,,,,,1,2,3,1.0,2.0
201700052893,0017-04-14 12:50:00,17,4,14,12,50,750,102,"19, BOULEVARD SAINT DENI",48.8696,2.35299,Plein jour,En agglomération,Hors intersection,Normale,Autre collision,,,,,,,,,,,1,2,1,1.0,6.0
201700052894,0017-04-26 11:50:00,17,4,26,11,50,750,102,"02, RUE LOUIS LE GRAND",48.8681,2.33186,Plein jour,En agglomération,Hors intersection,Normale,Autre collision,,,,,,,,,,,1,2,1,1.0,6.0
201700052895,0017-04-27 07:50:00,17,4,27,7,50,750,101,"104, RUE DE RIVOLI",48.8589,2.347,Plein jour,En agglomération,Hors intersection,Normale,Deux véhicules - arrière,,,,,,,,,,,1,2,1,1.0,2.0
201700052896,0017-04-27 18:15:00,17,4,27,18,15,750,102,"81, RUE DE TURBIGO",48.8644,2.3515,Plein jour,En agglomération,Intersection en X,Normale,Sans collision,,,,,,,,,,,1,2,2,1.0,7.0
201700052897,0017-05-10 21:10:00,17,5,10,21,10,750,102,BOULEVARD POISSONNIERE,48.8715,2.34309,Nuit avec éclairage allumé,En agglomération,Intersection en X,Normale,Deux véhicules - côté,,,,,,,,,,,5,2,2,1.0,3.0
201700052898,0017-05-13 19:35:00,17,5,13,19,35,750,102,"53, RUE REAUMUR",48.8663,2.35202,Plein jour,En agglomération,Intersection en X,Normale,Deux véhicules - côté,,,,,,,,,,,1,2,2,1.0,3.0
201700052899,0017-05-21 21:40:00,17,5,21,21,40,750,102,"19, RUE DU CAIRE",48.867,2.35294,Crépuscule ou aube,En agglomération,Intersection en T,Normale,Deux véhicules - côté,,,,,,,,,,,2,2,3,1.0,3.0
201700052900,0017-05-27 09:45:00,17,5,27,9,45,750,102,RUE MONSIGNY,48.8689,2.33547,Plein jour,En agglomération,Intersection en X,Normale,Deux véhicules - côté,,,,,,,,,,,1,2,2,1.0,3.0
201700052901,0017-06-07 13:00:00,17,6,7,13,0,750,104,RUE QUINCAMPOIX,48.8618,2.35086,Plein jour,En agglomération,Intersection en X,Normale,Autre collision,,,,,,,,,,,1,2,2,1.0,6.0
201700052902,0017-06-08 13:45:00,17,6,8,13,45,750,102,"37, RUE DU LOUVRE",48.8668,2.34383,Plein jour,En agglomération,Intersection en X,Normale,Autre collision,,,,,,,,,,,1,2,2,1.0,6.0
201700052903,0017-06-08 21:10:00,17,6,8,21,10,750,102,"77, BOULEVARD DE SEBASTO",48.8644,2.3515,Plein jour,En agglomération,Intersection en X,Normale,Deux véhicules - côté,,,,,,,,,,,1,2,2,1.0,3.0
201700052904,0017-06-16 21:00:00,17,6,16,21,0,750,102,"24, RUE ETIENNE MARCEL",48.8642,2.34759,Crépuscule ou aube,En agglomération,Intersection en X,Normale,Autre collision,,,,,,,,,,,2,2,2,1.0,6.0
201700052905,0017-06-24 09:35:00,17,6,24,9,35,750,103,"78, RUE NOTRE DAME DE NA",48.8679,2.35497,Plein jour,En agglomération,Intersection en X,Normale,Deux véhicules - côté,,,,,,,,,,,1,2,2,1.0,3.0
201700052906,0017-06-26 17:30:00,17,6,26,17,30,750,102,"09, RUE THOREL",48.8699,2.34902,Plein jour,En agglomération,Intersection en X,Normale,Deux véhicules - côté,,,,,,,,,,,1,2,2,1.0,3.0