accident_id,datetime,annee,mois,jour,heure,minute,departement,commune_insee,adresse,latitude,longitude,luminosite,agglomeration,intersection,meteo,collision,nb_vehicules,nb_usagers,nb_indemnes,nb_tues,nb_blesses_hosp,nb_blesses_legers,age_cond_1,age_cond_2,veh_type_cond_1,veh_type_cond_2,lum_code,agg_code,int_code,atm_code,col_code
201700052907,0017-06-29 22:30:00,17,6,29,22,30,750,102,"54, RUE ETIENNE MARCEL",48.8656,2.3418,Nuit avec éclairage allumé,En agglomération,Hors intersection,Normale,Autre collision,,,,,,,,,,,5,2,1,1.0,6.0
201700052908,0017-07-12 12:55:00,17,7,12,12,55,750,103,"75, METRO REAUMUR SEBAST",48.8641,2.35136,Plein jour,En agglomération,Intersection en Y,Normale,Trois véhicules et plus - en chaîne,,,,,,,,,,,1,2,4,1.0,4.0
201700052909,0017-07-24 15:10:00,17,7,24,15,10,750,102,"44, RUE ETIENNE MARCEL",48.8653,2.34307,Plein jour,En agglomération,Intersection en X,Pluie légère,Deux véhicules - frontale,,,,,,,,,,,1,2,2,2.0,1.0
201700052910,0017-07-24 17:30:00,17,7,24,17,30,750,102,"17, RUE DU QUATRE SEPTEM",48.8695,2.33676,Plein jour,En agglomération,Intersection en X,Normale,Deux véhicules - côté,,,,,,,,,,,1,2,2,1.0,3.0
201700052911,0017-07-26 09:10:00,17,7,26,9,10,750,101,"9, RUE DU LOUVRE",48.8624,2.34157,Plein jour,En agglomération,Intersection en Y,Normale,Deux véhicules - côté,,,,,,,,,,,1,2,4,1.0,3.0
201700052912,0017-07-31 18:00:00,17,7,31,18,0,750,102,PLACE DE L OPERA,48.8703,2.33244,Plein jour,En agglomération,Place,Normale,Deux véhicules - côté,,,,,,,,,,,1,2,7,1.0,3.0
201700052913,0017-08-05 12:30:00,17,8,5,12,30,750,102,"16, BOULEVARD MONTMARTRE",48.8717,2.34163,Plein jour,En agglomération,Intersection en T,Normale,Deux véhicules - côté,,,,,,,,,,,1,2,3,1.0,3.0
201700052914,0017-08-05 15:40:00,17,8,5,15,40,750,102,"79, RUE DE RICHELIEU",48.8692,2.33864,Plein jour,En agglomération,Intersection en X,Normale,Deux véhicules - côté,,,,,,,,,,,1,2,2,1.0,3.0
201700052915,0017-08-07 06:50:00,17,8,7,6,50,750,102,"1, BOULEVARD DES CAPUCIN",48.8711,2.33475,Plein jour,En agglomération,Intersection à plus de 4 branches,Normale,Autre collision,,,,,,,,,,,1,2,5,1.0,6.0
201700052916,0017-08-08 17:00:00,17,8,8,17,0,750,102,RUE DE RICHELIEU,48.8692,2.33864,Plein jour,En agglomération,Intersection en X,Normale,Deux véhicules - côté,,,,,,,,,,,1,2,2,1.0,3.0
201700052917,0017-08-10 07:40:00,17,8,10,7,40,750,102,"101, BOULEVARD DE SEBAST",48.8662,2.35251,Plein jour,En agglomération,Intersection en X,Normale,Autre collision,,,,,,,,,,,1,2,2,1.0,6.0
201700052918,0017-08-11 13:35:00,17,8,11,13,35,750,110,"15, BOULEVARD SAINT DENI",48.8695,2.35353,Plein jour,En agglomération,Intersection en T,Normale,Deux véhicules - côté,,,,,,,,,,,1,2,3,1.0,3.0
201700052919,0017-08-16 17:00:00,17,8,16,17,0,750,101,"65, BOULEVARD DE SEBASTO",48.8634,2.35094,Plein jour,En agglomération,Intersection en X,Normale,Autre collision,,,,,,,,,,,1,2,2,1.0,6.0
201700052920,0017-08-31 10:35:00,17,8,31,10,35,750,101,"64, RUE ETIENNE MARCEL",48.8656,2.34182,Plein jour,En agglomération,Hors intersection,Normale,Deux véhicules - côté,,,,,,,,,,,1,2,1,1.0,3.0
201700052921,0017-09-01 22:10:00,17,9,1,22,10,750,102,", RUE DE GRAMONT",48.8704,2.33685,Nuit avec éclairage allumé,En agglomération,Intersection en T,Pluie forte,Deux véhicules - côté,,,,,,,,,,,5,2,3,3.0,3.0
201700052922,0017-09-11 10:20:00,17,9,11,10,20,750,102,"17, RUE DE LA PAIX",48.8696,2.3315,Plein jour,En agglomération,Intersection en X,Normale,Deux véhicules - côté,,,,,,,,,,,1,2,2,1.0,3.0
201700052923,0017-09-14 12:25:00,17,9,14,12,25,750,102,RUE DE LA PAIX,48.8684,2.33028,Plein jour,En agglomération,Intersection en X,Normale,Autre collision,,,,,,,,,,,1,2,2,1.0,6.0
201700052924,0017-09-14 18:35:00,17,9,14,18,35,750,102,"17, RUE DE TURBIGO",48.8639,2.34908,Plein jour,En agglomération,Intersection à plus de 4 branches,Normale,Deux véhicules - côté,,,,,,,,,,,1,2,5,1.0,3.0
201700052925,0017-09-21 01:50:00,17,9,21,1,50,750,102,"43, BOULEVARD DES CAPUCI",48.8699,2.32796,Nuit avec éclairage allumé,En agglomération,Intersection à plus de 4 branches,Normale,Autre collision,,,,,,,,,,,5,2,5,1.0,6.0
201700052926,0017-09-23 17:45:00,17,9,23,17,45,750,104,QUAI HENRI IV,48.8475,2.36451,Plein jour,En agglomération,Hors intersection,Normale,Deux véhicules - arrière,,,,,,,,,,,1,2,1,1.0,2.0
201700052927,0017-09-30 14:00:00,17,9,30,14,0,750,102,"31, BOULEVARD DES ITALIE",48.8711,2.33475,Plein jour,En agglomération,Intersection en X,Normale,Deux véhicules - côté,,,,,,,,,,,1,2,2,1.0,3.0
201700052928,0017-10-04 13:25:00,17,10,4,13,25,750,102,"12, RUE DE PORT MAHON",48.8698,2.33397,Plein jour,En agglomération,Hors intersection,Normale,Autre collision,,,,,,,,,,,1,2,1,1.0,6.0
201700052929,0017-10-04 16:12:00,17,10,4,16,12,750,102,"121, RUE MONTMARTRE",48.869,2.34324,Plein jour,En agglomération,Hors intersection,Normale,Autre collision,,,,,,,,,,,1,2,1,1.0,6.0
201700052930,0017-10-08 10:30:00,17,10,8,10,30,750,102,AVENUE DE L OPERA,48.8703,2.33244,Plein jour,En agglomération,Place,Pluie légère,Deux véhicules - côté,,,,,,,,,,,1,2,7,2.0,3.0
201700052931,0017-10-09 19:20:00,17,10,9,19,20,750,109,"16, BOULEVARD DES ITALIE",48.8716,2.33773,Nuit avec éclairage allumé,En agglomération,Intersection en T,Pluie légère,Deux véhicules - côté,,,,,,,,,,,5,2,3,2.0,3.0
201700052932,0017-10-13 11:30:00,17,10,13,11,30,750,101,"12, RUE CROIX DES PETITS",48.8627,2.33939,Plein jour,En agglomération,Intersection en T,Normale,Autre collision,,,,,,,,,,,1,2,3,1.0,6.0
201700052933,0017-10-13 11:40:00,17,10,13,11,40,750,102,"8, RUE ETIENNE MARCEL",48.8636,2.34998,Plein jour,En agglomération,Intersection en X,Normale,Autre collision,,,,,,,,,,,1,2,2,1.0,6.0
201700052934,0017-10-13 21:50:00,17,10,13,21,50,750,109,BOULEVARD MONTMARTRE,48.8718,2.34113,Nuit avec éclairage allumé,En agglomération,Hors intersection,Normale,Deux véhicules - arrière,,,,,,,,,,,5,2,1,1.0,2.0
201700052935,0017-10-18 14:20:00,17,10,18,14,20,750,102,"59, RUE REAUMUR",48.8665,2.35109,Plein jour,En agglomération,Intersection en X,Normale,Autre collision,,,,,,,,,,,1,2,2,1.0,6.0
201700052936,0017-10-20 15:35:00,17,10,20,15,35,750,102,"23, RUE DE PALESTRO",48.8658,2.35169,Plein jour,En agglomération,Intersection en T,Normale,Autre collision,,,,,,,,,,,1,2,3,1.0,6.0
201700052937,0017-10-26 03:05:00,17,10,26,3,5,750,103,BOULEVARD SAINT MARTIN,48.868,2.36223,Nuit avec éclairage allumé,En agglomération,Place,Normale,Deux véhicules - côté,,,,,,,,,,,5,2,7,1.0,3.0
201700052938,0017-10-31 18:00:00,17,10,31,18,0,750,102,"1, BOULEVARD DE BONNE NO",48.8697,2.35262,Crépuscule ou aube,En agglomération,Intersection en X,Normale,Deux véhicules - côté,,,,,,,,,,,2,2,2,1.0,3.0
201700052939,0017-11-03 07:00:00,17,11,3,7,0,750,102,RUE REAUMUR,48.8678,2.34537,Nuit avec éclairage allumé,En agglomération,Intersection à plus de 4 branches,Normale,Autre collision,,,,,,,,,,,5,2,5,1.0,6.0
201700052940,0017-11-09 09:45:00,17,11,9,9,45,750,102,AVENUE DE L OPERA,48.8687,2.3331,Plein jour,En agglomération,Intersection à plus de 4 branches,Normale,Autre collision,,,,,,,,,,,1,2,5,1.0,6.0
201700052941,0017-11-17 09:35:00,17,11,17,9,35,750,102,"39, BOULEVARD DES ITALIE",48.8717,2.33819,Plein jour,En agglomération,Intersection en T,Normale,Deux véhicules - côté,,,,,,,,,,,1,2,3,1.0,3.0
201700052942,0017-11-22 12:10:00,17,11,22,12,10,750,102,"08, RUE DE PALESTRO",48.8652,2.3514,Plein jour,En agglomération,Intersection en X,Normale,Autre collision,,,,,,,,,,,1,2,2,1.0,6.0
201700052943,0017-11-23 17:00:00,17,11,23,17,0,750,102,"1, BOULEVARD DE BONNE NO",48.8697,2.35262,Nuit avec éclairage allumé,En agglomération,Intersection en T,Pluie légère,Autre collision,,,,,,,,,,,5,2,3,2.0,6.0
201700052944,0017-11-23 17:05:00,17,11,23,17,5,750,103,"125, BOULEVARD DE SEBAST",48.8676,2.35329,Nuit avec éclairage allumé,En agglomération,Intersection en T,Pluie légère,Autre collision,,,,,,,,,,,5,2,3,2.0,6.0
201700052945,0017-11-23 20:40:00,17,11,23,20,40,750,104,"41, RUE DES FRANCS BOURG",48.858,2.35997,Nuit avec éclairage allumé,En agglomération,Hors intersection,Normale,Deux véhicules - côté,,,,,,,,,,,5,2,1,1.0,3.0
201700052946,0017-11-25 20:50:00,17,11,25,20,50,750,102,BOULEVARD DES ITALIENS,48.872,2.33998,Nuit avec éclairage allumé,En agglomération,Intersection en Y,Normale,Autre collision,,,,,,,,,,,5,2,4,1.0,6.0
201700052947,0017-11-29 17:00:00,17,11,29,17,0,750,102,"34, AVENUE DE L OPERA",48.8687,2.3331,Nuit avec éclairage allumé,En agglomération,Intersection à plus de 4 branches,Pluie légère,Deux véhicules - côté,,,,,,,,,,,5,2,5,2.0,3.0
201700052948,0017-11-30 21:05:00,17,11,30,21,5,750,109,RUE PAPILLON,48.8766,2.34657,Nuit avec éclairage allumé,En agglomération,Intersection en Y,Pluie légère,Autre collision,,,,,,,,,,,5,2,4,2.0,6.0
201700052949,0017-12-05 17:00:00,17,12,5,17,0,750,102,"8, RUE DU QUATRE SEPTEMB",48.8692,2.33864,Nuit avec éclairage allumé,En agglomération,Intersection en X,Normale,Autre collision,,,,,,,,,,,5,2,2,1.0,6.0
201700052950,0017-12-04 18:45:00,17,12,4,18,45,750,102,AVENUE DE L OPERA,48.8687,2.3331,Nuit avec éclairage allumé,En agglomération,Intersection en X,Normale,Deux véhicules - côté,,,,,,,,,,,5,2,2,1.0,3.0
201700052951,0017-12-14 01:07:00,17,12,14,1,7,750,102,"146, RUE MONTMARTRE",48.8692,2.34311,Nuit avec éclairage allumé,En agglomération,Hors intersection,Pluie forte,Autre collision,,,,,,,,,,,5,2,1,3.0,6.0
201700052952,0017-12-15 17:25:00,17,12,15,17,25,750,102,"80, RUE D ABOUKIR",48.8679,2.34734,Nuit avec éclairage allumé,En agglomération,Intersection en X,Pluie légère,Autre collision,,,,,,,,,,,5,2,2,2.0,6.0
201700052953,0017-12-18 12:20:00,17,12,18,12,20,750,102,"64, RUE TIQUETONNE",48.8648,2.34538,Plein jour,En agglomération,Intersection en Y,Normale,Autre collision,,,,,,,,,,,1,2,4,1.0,6.0
201700052954,0017-12-18 16:37:00,17,12,18,16,37,750,102,"57, RUE REAUMUR",48.8663,2.35202,Crépuscule ou aube,En agglomération,Intersection en X,Normale,Deux véhicules - côté,,,,,,,,,,,2,2,2,1.0,3.0
201700052955,0017-12-19 09:45:00,17,12,19,9,45,750,102,"8, BOULEVARD MONTMARTRE",48.8717,2.34163,Plein jour,En agglomération,Intersection en T,Normale,Deux véhicules - côté,,,,,,,,,,,1,2,3,1.0,3.0
201700052956,0017-12-19 19:40:00,17,12,19,19,40,750,101,"14, QUAI DU LOUVRE",48.8587,2.34163,Nuit avec éclairage allumé,En agglomération,Intersection en T,Normale,Sans collision,,,,,,,,,,,5,2,3,1.0,7.0
201700052957,0017-12-27 15:45:00,17,12,27,15,45,750,102,"59, RUE DE RICHELIEU",48.8666,2.33734,Plein jour,En agglomération,Intersection en X,Pluie légère,Deux véhicules - côté,,,,,,,,,,,1,2,2,2.0,3.0
201700052958,0017-01-02 18:15:00,17,1,2,18,15,750,103,"15, PLACE DE LA REPUBLIQ",48.8673,2.36338,Nuit avec éclairage allumé,En agglomération,Place,Normale,Deux véhicules - côté,,,,,,,,,,,5,2,7,1.0,3.0
201700052959,0017-01-04 15:40:00,17,1,4,15,40,750,103,"07, BOULEVARD SAINT DENI",48.8692,2.35478,Plein jour,En agglomération,Hors intersection,Pluie légère,Autre collision,,,,,,,,,,,1,2,1,2.0,6.0
201700052960,0017-01-11 20:50:00,17,1,11,20,50,750,103,"17, PLACE DE LA REPUBLIQ",48.868,2.36223,Nuit avec éclairage allumé,En agglomération,Place,Normale,Autre collision,,,,,,,,,,,5,2,7,1.0,6.0
201700052961,0017-01-12 18:25:00,17,1,12,18,25,750,101,"202, RUE SAINT HONORE",48.8627,2.33736,Nuit avec éclairage allumé,En agglomération,Place,Pluie légère,Autre collision,,,,,,,,,,,5,2,7,2.0,6.0
201700052962,0017-01-14 18:45:00,17,1,14,18,45,750,102,"105, BOULEVARD DE SEBAST",48.8662,2.35251,Nuit avec éclairage allumé,En agglomération,Intersection en X,Normale,Autre collision,,,,,,,,,,,5,2,2,1.0,6.0
201700052963,0017-01-17 23:15:00,17,1,17,23,15,750,101,"244, RUE DE RIVOLI",48.866,2.32501,Nuit avec éclairage allumé,En agglomération,Intersection en T,Normale,Autre collision,,,,,,,,,,,5,2,3,1.0,6.0
201700052964,0017-01-19 09:30:00,17,1,19,9,30,750,101,QUAI DES TUILERIES,48.8624,2.32529,Plein jour,En agglomération,Hors intersection,Normale,Deux véhicules - côté,,,,,,,,,,,1,2,1,1.0,3.0
201700052965,0017-01-24 19:00:00,17,1,24,19,0,750,103,"9, RUE DE POITOU",48.8615,2.36356,Nuit avec éclairage allumé,En agglomération,Intersection en X,Normale,Sans collision,,,,,,,,,,,5,2,2,1.0,7.0
201700052966,0017-01-30 20:00:00,17,1,30,20,0,750,103,"63, RUE DES ARCHIVES",48.8622,2.3593,Nuit avec éclairage allumé,En agglomération,Hors intersection,Pluie légère,Deux véhicules - arrière,,,,,,,,,,,5,2,1,2.0,2.0
201700052967,0017-02-10 00:45:00,17,2,10,0,45,750,104,RUE DE RIVOLI,48.856,2.35796,Nuit avec éclairage allumé,En agglomération,Intersection en X,Normale,Deux véhicules - arrière,,,,,,,,,,,5,2,2,1.0,2.0
201700052968,0017-02-17 12:45:00,17,2,17,12,45,750,103,RUE DU GRENIER SAINT LAZ,48.8627,2.35426,Plein jour,En agglomération,Intersection en X,Normale,Autre collision,,,,,,,,,,,1,2,2,1.0,6.0
201700052969,0017-02-23 22:05:00,17,2,23,22,5,750,103,PLACE DE LA REPUBLIQUE,48.8673,2.36338,Nuit avec éclairage allumé,En agglomération,Place,Normale,Autre collision,,,,,,,,,,,5,2,7,1.0,6.0
201700052970,0017-02-25 19:30:00,17,2,25,19,30,750,103,"19, BOULEVARD SAINT MART",48.8683,2.35987,Nuit avec éclairage allumé,En agglomération,Hors intersection,Normale,Autre collision,,,,,,,,,,,5,2,1,1.0,6.0
201700052971,0017-02-26 05:20:00,17,2,26,5,20,750,103,BOULEVARD SAINT MARTIN,48.8685,2.35883,Nuit avec éclairage allumé,En agglomération,Intersection en T,Normale,Autre collision,,,,,,,,,,,5,2,3,1.0,6.0
201700052972,0017-02-27 09:15:00,17,2,27,9,15,750,103,"33, BOULEVARD DU TEMPLE",48.8653,2.36539,Plein jour,En agglomération,Intersection en Y,Normale,Autre collision,,,,,,,,,,,1,2,4,1.0,6.0
201700052973,0017-02-28 10:45:00,17,2,28,10,45,750,103,"327, RUE SAINT MARTIN",48.8677,2.35483,Plein jour,En agglomération,Intersection en T,Pluie forte,Deux véhicules - côté,,,,,,,,,,,1,2,3,3.0,3.0
201700052974,0017-03-02 22:40:00,17,3,2,22,40,750,103,"58, RUE REAUMUR",48.8655,2.35571,Nuit avec éclairage allumé,En agglomération,Intersection à plus de 4 branches,Normale,Deux véhicules - côté,,,,,,,,,,,5,2,5,1.0,3.0
201700052975,0017-03-15 19:20:00,17,3,15,19,20,750,103,"145, RUE DU TEMPLE",48.8638,2.35871,Nuit avec éclairage allumé,En agglomération,Hors intersection,Normale,Deux véhicules - côté,,,,,,,,,,,5,2,1,1.0,3.0
201700052976,0017-03-16 10:19:00,17,3,16,10,19,750,103,"106, BOULEVARD DE SEBAST",48.8682,2.3536,Plein jour,En agglomération,Intersection en T,Normale,Deux véhicules - côté,,,,,,,,,,,1,2,3,1.0,3.0
201700052977,0017-03-20 07:45:00,17,3,20,7,45,750,103,"57, RUE DE TURBIGO",48.8657,2.35688,Plein jour,En agglomération,Intersection à plus de 4 branches,Normale,Autre collision,,,,,,,,,,,1,2,5,1.0,6.0
201700052978,0017-03-21 15:00:00,17,3,21,15,0,750,103,"7, RUE DU GRENIER SAINT",48.8628,2.35362,Plein jour,En agglomération,Hors intersection,Normale,Deux véhicules - côté,,,,,,,,,,,1,2,1,1.0,3.0
201700052979,0017-03-23 10:05:00,17,3,23,10,5,750,103,"36, RUE DU GRENIER SAINT",48.8632,2.35248,Plein jour,En agglomération,Intersection en X,Normale,Autre collision,,,,,,,,,,,1,2,2,1.0,6.0
201700052980,0017-03-24 10:15:00,17,3,24,10,15,750,103,"100, RUE DU TEMPLE",48.8624,2.3574,Plein jour,En agglomération,Intersection en T,Temps couvert,Sans collision,,,,,,,,,,,1,2,3,8.0,7.0
201700052981,0017-03-27 13:45:00,17,3,27,13,45,750,103,"182, RUE DU TEMPLE",48.8673,2.36338,Plein jour,En agglomération,Place,Normale,Autre collision,,,,,,,,,,,1,2,7,1.0,6.0
201700052982,0017-03-30 13:50:00,17,3,30,13,50,750,103,"15, RUE DU PARC ROYAL",48.8587,2.36279,Plein jour,En agglomération,Intersection en T,Normale,Autre collision,,,,,,,,,,,1,2,3,1.0,6.0
201700052983,0017-04-13 05:05:00,17,4,13,5,5,750,104,QUAI DE L HOTEL DE VILLE,48.8544,2.35494,Nuit avec éclairage allumé,En agglomération,Intersection en X,Normale,Sans collision,,,,,,,,,,,5,2,2,1.0,7.0
201700052984,0017-04-17 11:35:00,17,4,17,11,35,750,103,"78, RUE VIEILLE DU TEMPL",48.8599,2.36073,Plein jour,En agglomération,Intersection en X,Pluie légère,Autre collision,,,,,,,,,,,1,2,2,2.0,6.0
201700052985,0017-04-19 07:15:00,17,4,19,7,15,750,103,"64, RUE REAUMUR",48.866,2.35376,Plein jour,En agglomération,Intersection en X,Normale,Deux véhicules - côté,,,,,,,,,,,1,2,2,1.0,3.0
201700052986,0017-04-21 21:30:00,17,4,21,21,30,750,103,"3, RUE MICHEL LE COMTE",48.8619,2.35689,Nuit avec éclairage allumé,En agglomération,Intersection en X,Normale,Autre collision,,,,,,,,,,,5,2,2,1.0,6.0
201700052987,0017-04-28 21:00:00,17,4,28,21,0,750,103,"41, RUE REAUMUR",48.866,2.35376,Nuit avec éclairage allumé,En agglomération,Intersection en X,Normale,Autre collision,,,,,,,,,,,5,2,2,1.0,6.0
201700052988,0017-04-29 17:20:00,17,4,29,17,20,750,103,"172, RUE DU TEMPLE",48.8667,2.36171,Plein jour,En agglomération,Hors intersection,Normale,Trois véhicules et plus - collisions multiples,,,,,,,,,,,1,2,1,1.0,5.0
201700052989,0017-05-03 14:45:00,17,5,3,14,45,750,103,"201, RUE DU TEMPLE",48.8669,2.3622,Plein jour,En agglomération,Intersection en T,Pluie légère,Autre collision,,,,,,,,,,,1,2,3,2.0,6.0
201700052990,0017-05-07 14:00:00,17,5,7,14,0,750,103,"195, RUE DU TEMPLE",48.8661,2.36108,Plein jour,En agglomération,Intersection en T,Normale,Autre collision,,,,,,,,,,,1,2,3,1.0,6.0
201700052991,0017-05-16 13:20:00,17,5,16,13,20,750,103,"3, RUE DES HAUDRIETTES",48.8612,2.35819,Plein jour,En agglomération,Intersection en X,Normale,Deux véhicules - côté,,,,,,,,,,,1,2,2,1.0,3.0
201700052992,0017-05-16 14:35:00,17,5,16,14,35,750,103,"46, RUE DE BRETAGNE",48.8634,2.36151,Plein jour,En agglomération,Intersection en T,Normale,Deux véhicules - côté,,,,,,,,,,,1,2,3,1.0,3.0
201700052993,0017-05-17 17:15:00,17,5,17,17,15,750,103,"31, RUE DE TURENNE",48.8564,2.36428,Plein jour,En agglomération,Intersection en X,Normale,Deux véhicules - frontale,,,,,,,,,,,1,2,2,1.0,1.0
201700052994,0017-06-08 23:39:00,17,6,8,23,39,750,103,"31, RUE REAUMUR",48.8655,2.35571,Nuit avec éclairage allumé,En agglomération,Intersection en X,Normale,Deux véhicules - arrière,,,,,,,,,,,5,2,2,1.0,2.0
201700052995,0017-06-23 17:15:00,17,6,23,17,15,750,103,"7, RUE AU MAIRE",48.8645,2.35703,Plein jour,En agglomération,Hors intersection,Normale,Autre collision,,,,,,,,,,,1,2,1,1.0,6.0
201700052996,0017-06-25 22:40:00,17,6,25,22,40,750,102,RUE NOTRE DAME DES VICTO,48.8698,2.34242,Nuit avec éclairage non allumé,En agglomération,Hors intersection,Normale,Deux véhicules - arrière,,,,,,,,,,,4,2,1,1.0,2.0
201700052997,0017-06-26 07:55:00,17,6,26,7,55,750,103,"21, PLACE DE LA REPUBLIQ",48.868,2.36223,Plein jour,En agglomération,Place,Normale,Deux véhicules - côté,,,,,,,,,,,1,2,7,1.0,3.0
201700052998,0017-07-10 12:40:00,17,7,10,12,40,750,103,"90, BOULEVARD DE SEBASTO",48.8662,2.35251,Plein jour,En agglomération,Intersection en X,Normale,Deux véhicules - arrière,,,,,,,,,,,1,2,2,1.0,2.0
201700052999,0017-07-12 09:05:00,17,7,12,9,5,750,103,"33, RUE BEAUBOURG",48.8627,2.35426,Plein jour,En agglomération,Intersection en X,Pluie forte,Deux véhicules - arrière,,,,,,,,,,,1,2,2,3.0,2.0
201700053000,0017-07-13 14:00:00,17,7,13,14,0,750,103,"72, BOULEVARD DE SEBASTO",48.8648,2.35171,Plein jour,En agglomération,Hors intersection,Normale,Trois véhicules et plus - en chaîne,,,,,,,,,,,1,2,1,1.0,4.0
201700053001,0017-07-15 23:55:00,17,7,15,23,55,750,103,"239, RUE SAINT MARTIN",48.8654,2.35321,Nuit sans éclairage public,En agglomération,Intersection en X,Normale,Autre collision,,,,,,,,,,,3,2,2,1.0,6.0
201700053002,0017-07-18 14:50:00,17,7,18,14,50,750,103,"62, RUE REAUMUR",48.866,2.35376,Plein jour,En agglomération,Intersection en X,Normale,Autre collision,,,,,,,,,,,1,2,2,1.0,6.0
201700053003,0017-07-19 19:50:00,17,7,19,19,50,750,104,"/, QUAI DE L HOTEL DE VI",48.8537,2.35685,Plein jour,En agglomération,Hors intersection,Normale,Trois véhicules et plus - collisions multiples,,,,,,,,,,,1,2,1,1.0,5.0
201700053004,0017-07-20 18:05:00,17,7,20,18,5,750,102,"5, RUE DE LA PAIX",48.8688,2.33068,Plein jour,En agglomération,Hors intersection,Normale,Deux véhicules - côté,,,,,,,,,,,1,2,1,1.0,3.0
201700053005,0017-07-21 13:45:00,17,7,21,13,45,750,103,"1, BOULEVARD DU TEMPLE",48.8631,2.36672,Plein jour,En agglomération,Intersection en T,Normale,Deux véhicules - côté,,,,,,,,,,,1,2,3,1.0,3.0
201700053006,0017-07-27 09:20:00,17,7,27,9,20,750,111,"26, BOULEVARD DES FILLES",48.8625,2.36688,Plein jour,En agglomération,Intersection en X,Pluie légère,Sans collision,,,,,,,,,,,1,2,2,2.0,7.0
201700053007,0017-08-05 05:20:00,17,8,5,5,20,750,103,"79, BOULEVARD BEAUMARCHA",48.8586,2.3678,Nuit sans éclairage public,En agglomération,Intersection en X,Pluie légère,Autre collision,,,,,,,,,,,3,2,2,2.0,6.0
201700053008,0017-08-08 09:10:00,17,8,8,9,10,750,103,"1, BOULEVARD SAINT DENIS",48.869,2.35558,Plein jour,En agglomération,Intersection à plus de 4 branches,Pluie légère,Deux véhicules - côté,,,,,,,,,,,1,2,5,2.0,3.0
201700053009,0017-08-10 22:00:00,17,8,10,22,0,750,103,"57, RUE DE TURBIGO",48.8655,2.35571,Nuit avec éclairage allumé,En agglomération,Intersection à plus de 4 branches,Pluie légère,Deux véhicules - côté,,,,,,,,,,,5,2,5,2.0,3.0
201700053010,0017-08-24 08:50:00,17,8,24,8,50,750,103,"37, BOULEVARD DU TEMPLE",48.8659,2.36505,Plein jour,En agglomération,Hors intersection,Normale,Deux véhicules - côté,,,,,,,,,,,1,2,1,1.0,3.0
201700053011,0017-08-30 18:30:00,17,8,30,18,30,750,103,"17, BOULEVARD DES FILLES",48.8631,2.36672,Plein jour,En agglomération,Intersection en T,Pluie forte,Autre collision,,,,,,,,,,,1,2,3,3.0,6.0
201700053012,0017-09-02 15:48:00,17,9,2,15,48,750,103,"7, BOULEVARD SAINT DENIS",48.8692,2.35478,Plein jour,En agglomération,Hors intersection,Normale,Autre collision,,,,,,,,,,,1,2,1,1.0,6.0
201700053013,0017-09-05 09:10:00,17,9,5,9,10,750,102,"13, RUE DE HANOVRE",48.8701,2.33375,Plein jour,En agglomération,Intersection en X,Normale,Autre collision,,,,,,,,,,,1,2,2,1.0,6.0
201700053014,0017-09-07 23:00:00,17,9,7,23,0,750,103,"64, RUE REAUMUR",48.866,2.35376,Nuit avec éclairage allumé,En agglomération,Intersection en X,Normale,Deux véhicules - arrière,,,,,,,,,,,5,2,2,1.0,2.0
201700053015,0017-09-12 12:25:00,17,9,12,12,25,750,103,"63, RUE DE TURBIGO",48.8661,2.35772,Plein jour,En agglomération,Intersection en X,Normale,Autre collision,,,,,,,,,,,1,2,2,1.0,6.0
201700053016,0017-09-18 23:20:00,17,9,18,23,20,750,104,"08, RUE SAINT ANTOINE",48.8534,2.3676,Nuit avec éclairage allumé,En agglomération,Intersection en T,Normale,Autre collision,,,,,,,,,,,5,2,3,1.0,6.0
201700053017,0017-09-26 16:35:00,17,9,26,16,35,750,103,"25, RUE DES VERTUS",48.865,2.35823,Plein jour,En agglomération,Intersection en T,Normale,Autre collision,,,,,,,,,,,1,2,3,1.0,6.0
201700053018,0017-09-29 05:30:00,17,9,29,5,30,750,109,"78, RUE TAITBOUT",48.8768,2.33543,Nuit avec éclairage allumé,En agglomération,Intersection en X,Normale,Deux véhicules - côté,,,,,,,,,,,5,2,2,1.0,3.0
201700053019,0017-10-07 01:00:00,17,10,7,1,0,750,102,AVENUE DE L OPERA,48.8703,2.33244,Nuit avec éclairage allumé,En agglomération,Place,Normale,Deux véhicules - arrière,,,,,,,,,,,5,2,7,1.0,2.0
201700053020,0017-10-10 18:40:00,17,10,10,18,40,750,103,"31, BOULEVARD DU TEMPLE",48.8653,2.36539,Plein jour,En agglomération,Intersection en T,Normale,Deux véhicules - arrière,,,,,,,,,,,1,2,3,1.0,2.0
201700053021,0017-10-22 00:47:00,17,10,22,0,47,750,102,"19, BOULEVARD SAINT DENI",48.8697,2.35262,Nuit avec éclairage allumé,En agglomération,Intersection en T,Normale,Autre collision,,,,,,,,,,,5,2,3,1.0,6.0
201700053022,0017-10-25 23:40:00,17,10,25,23,40,750,104,RUE DU PONT LOUIS PHILIP,48.8546,2.35514,Nuit avec éclairage allumé,En agglomération,Intersection en X,Normale,Autre collision,,,,,,,,,,,5,2,2,1.0,6.0
201700053023,0017-10-27 09:05:00,17,10,27,9,5,750,103,"57, RUE DE TURBIGO",48.8655,2.35571,Plein jour,En agglomération,Intersection à plus de 4 branches,Normale,Deux véhicules - arrière,,,,,,,,,,,1,2,5,1.0,2.0
201700053024,0017-10-27 05:50:00,17,10,27,5,50,750,103,RUE BEAUBOURG,48.8655,2.35571,Nuit avec éclairage allumé,En agglomération,Intersection à plus de 4 branches,Normale,Deux véhicules - côté,,,,,,,,,,,5,2,5,1.0,3.0