accident_id,datetime,annee,mois,jour,heure,minute,departement,commune_insee,adresse,latitude,longitude,luminosite,agglomeration,intersection,meteo,collision,nb_vehicules,nb_usagers,nb_indemnes,nb_tues,nb_blesses_hosp,nb_blesses_legers,age_cond_1,age_cond_2,veh_type_cond_1,veh_type_cond_2,lum_code,agg_code,int_code,atm_code,col_code
201700053025,0017-11-03 16:30:00,17,11,3,16,30,750,103,"37, BOULEVARD DU TEMPLE",48.8659,2.36505,Plein jour,En agglomération,Hors intersection,Normale,Autre collision,,,,,,,,,,,1,2,1,1.0,6.0
201700053026,0017-11-06 09:20:00,17,11,6,9,20,750,103,"47, RUE DE BRETAGNE",48.8633,2.36165,Plein jour,En agglomération,Intersection en T,Temps éblouissant,Autre collision,,,,,,,,,,,1,2,3,7.0,6.0
201700053027,0017-11-07 23:35:00,17,11,7,23,35,750,104,QUAI DE L HOTEL DE VILLE,48.8552,2.3528,Nuit avec éclairage allumé,En agglomération,Intersection en T,Normale,Deux véhicules - côté,,,,,,,,,,,5,2,3,1.0,3.0
201700053028,0017-11-19 13:30:00,17,11,19,13,30,750,103,"55, RUE DES ARCHIVES",48.8612,2.35819,Plein jour,En agglomération,Intersection en X,Normale,Autre collision,,,,,,,,,,,1,2,2,1.0,6.0
201700053029,0017-11-29 18:40:00,17,11,29,18,40,750,102,BOULEVARD DE SEBASTOPOL,48.8634,2.35094,Nuit avec éclairage allumé,En agglomération,Intersection en X,Normale,Sans collision,,,,,,,,,,,5,2,2,1.0,7.0
201700053030,0017-11-30 16:10:00,17,11,30,16,10,750,103,"39, BOULEVARD BEAUMARCHA",48.8564,2.36832,Plein jour,En agglomération,Hors intersection,Temps couvert,Sans collision,,,,,,,,,,,1,2,1,8.0,7.0
201700053031,0017-12-04 09:05:00,17,12,4,9,5,750,103,"7, RUE DU GRENIER SAINT",48.8628,2.35331,Plein jour,En agglomération,Intersection en T,Temps couvert,Autre collision,,,,,,,,,,,1,2,3,8.0,6.0
201700053032,0017-12-05 00:35:00,17,12,5,0,35,750,104,"44, QUAI DES CELESTINS",48.8533,2.35779,Nuit avec éclairage allumé,En agglomération,Intersection en X,Normale,Autre collision,,,,,,,,,,,5,2,2,1.0,6.0
201700053033,0017-12-05 14:30:00,17,12,5,14,30,750,103,"/, BOULEVARD DE SEBASTOP",48.8662,2.35251,Plein jour,En agglomération,Intersection en X,Normale,Deux véhicules - côté,,,,,,,,,,,1,2,2,1.0,3.0
201700053034,0017-12-11 12:45:00,17,12,11,12,45,750,104,"20, RUE DE TURENNE",48.8564,2.36428,Plein jour,En agglomération,Intersection en X,Normale,Autre collision,,,,,,,,,,,1,2,2,1.0,6.0
201700053035,0017-12-11 18:40:00,17,12,11,18,40,750,103,"25, RUE DES FILLES DU CA",48.8631,2.36672,Nuit avec éclairage allumé,En agglomération,Intersection en T,Normale,Autre collision,,,,,,,,,,,5,2,3,1.0,6.0
201700053036,0017-12-12 15:15:00,17,12,12,15,15,750,103,"37, BOULEVARD SAINT MART",48.8687,2.35769,Plein jour,En agglomération,Hors intersection,Normale,Deux véhicules - côté,,,,,,,,,,,1,2,1,1.0,3.0
201700053037,0017-12-17 19:20:00,17,12,17,19,20,750,104,"32, RUE DES ARCHIVES",48.8585,2.35524,Nuit avec éclairage allumé,En agglomération,Intersection en X,Normale,Autre collision,,,,,,,,,,,5,2,2,1.0,6.0
201700053038,0017-12-30 11:20:00,17,12,30,11,20,750,103,"75, RUE BEAUBOURG",48.8638,2.35482,Plein jour,En agglomération,Intersection en X,Pluie légère,Deux véhicules - côté,,,,,,,,,,,1,2,2,2.0,3.0
201700053039,0017-01-02 12:40:00,17,1,2,12,40,750,101,"2, QUAI DE LA MEGISSERIE",48.8573,2.34679,Plein jour,En agglomération,Place,Pluie légère,Deux véhicules - arrière,,,,,,,,,,,1,2,7,2.0,2.0
201700053040,0017-01-07 22:50:00,17,1,7,22,50,750,104,"1, PONT MORLAND",48.8474,2.36565,Nuit avec éclairage allumé,En agglomération,Intersection en X,Pluie légère,Deux véhicules - arrière,,,,,,,,,,,5,2,2,2.0,2.0
201700053041,0017-01-11 06:20:00,17,1,11,6,20,750,104,RUE VIEILLE DU TEMPLE,48.8566,2.3568,Nuit avec éclairage allumé,En agglomération,Intersection en X,Pluie légère,Autre collision,,,,,,,,,,,5,2,2,2.0,6.0
201700053042,0017-01-17 12:50:00,17,1,17,12,50,750,103,"55, BOULEVARD SAINT MART",48.869,2.35558,Plein jour,En agglomération,Intersection à plus de 4 branches,Normale,Deux véhicules - côté,,,,,,,,,,,1,2,5,1.0,3.0
201700053043,0017-01-25 19:30:00,17,1,25,19,30,750,104,"08, QUAI DE GESVRES",48.8567,2.34891,Nuit avec éclairage allumé,En agglomération,Intersection en X,Normale,Deux véhicules - côté,,,,,,,,,,,5,2,2,1.0,3.0
201700053044,0017-01-30 16:50:00,17,1,30,16,50,750,104,"7, BOULEVARD DU PALAIS",48.855,2.34549,Plein jour,En agglomération,Hors intersection,Normale,Deux véhicules - côté,,,,,,,,,,,1,2,1,1.0,3.0
201700053045,0017-01-31 10:50:00,17,1,31,10,50,750,104,"601, RUE SAINT ANTOINE",48.8551,2.36163,Plein jour,En agglomération,Intersection en X,Pluie légère,Autre collision,,,,,,,,,,,1,2,2,2.0,6.0
201700053046,0017-02-02 07:55:00,17,2,2,7,55,750,104,"40, QUAI DES CELESTINS",48.8529,2.35896,Plein jour,En agglomération,Intersection en X,Normale,Autre collision,,,,,,,,,,,1,2,2,1.0,6.0
201700053047,0017-02-04 02:40:00,17,2,4,2,40,750,104,PONT DE SULLY,48.8508,2.3614,Nuit avec éclairage allumé,En agglomération,Intersection en X,Normale,Deux véhicules - côté,,,,,,,,,,,5,2,2,1.0,3.0
201700053048,0017-02-07 11:15:00,17,2,7,11,15,750,104,"01, RUE DE LA COUTELLERI",48.8575,2.35141,Plein jour,En agglomération,Intersection à plus de 4 branches,Normale,Autre collision,,,,,,,,,,,1,2,5,1.0,6.0
201700053049,0017-02-08 19:25:00,17,2,8,19,25,750,102,"61, RUE REAUMUR",48.8665,2.35109,Crépuscule ou aube,En agglomération,Intersection à plus de 4 branches,Normale,Deux véhicules - côté,,,,,,,,,,,2,2,5,1.0,3.0
201700053050,0017-02-09 23:45:00,17,2,9,23,45,750,104,"76, RUE SAINT ANTOINE",48.8546,2.36271,Nuit avec éclairage allumé,En agglomération,Intersection en X,Normale,Deux véhicules - arrière,,,,,,,,,,,5,2,2,1.0,2.0
201700053051,0017-02-15 20:50:00,17,2,15,20,50,750,104,"42, QUAI HENRI IV",48.85,2.36142,Nuit avec éclairage allumé,En agglomération,Hors intersection,Normale,Deux véhicules - côté,,,,,,,,,,,5,2,1,1.0,3.0
201700053052,0017-02-22 09:35:00,17,2,22,9,35,750,104,"41, BOULEVARD HENRI IV",48.8525,2.36672,Plein jour,En agglomération,Intersection en X,Normale,Deux véhicules - côté,,,,,,,,,,,1,2,2,1.0,3.0
201700053053,0017-02-28 00:30:00,17,2,28,0,30,750,104,PONT MORLAND,48.8474,2.36565,Nuit avec éclairage non allumé,En agglomération,Intersection à plus de 4 branches,Normale,Autre collision,,,,,,,,,,,4,2,5,1.0,6.0
201700053054,0017-03-08 08:00:00,17,3,8,8,0,750,104,"92, QUAI DE L HOTEL DE V",48.8551,2.35322,Plein jour,En agglomération,Hors intersection,Pluie légère,Deux véhicules - arrière,,,,,,,,,,,1,2,1,2.0,2.0
201700053055,0017-03-09 11:15:00,17,3,9,11,15,750,104,"14, RUE DE RIVOLI",48.8556,2.35968,Plein jour,En agglomération,Hors intersection,Normale,Deux véhicules - arrière,,,,,,,,,,,1,2,1,1.0,2.0
201700053056,0017-03-13 09:35:00,17,3,13,9,35,750,104,"24, BOULEVARD DE SEBASTO",48.8607,2.34941,Plein jour,En agglomération,Hors intersection,Normale,Deux véhicules - côté,,,,,,,,,,,1,2,1,1.0,3.0
201700053057,0017-03-16 14:25:00,17,3,16,14,25,750,104,"26, RUE SAINT PAUL",48.8538,2.36194,Plein jour,En agglomération,Hors intersection,Normale,Autre collision,,,,,,,,,,,1,2,1,1.0,6.0
201700053058,0017-03-20 16:05:00,17,3,20,16,5,750,104,"76, RUE DE RIVOLI",48.8575,2.35141,Plein jour,En agglomération,Intersection à plus de 4 branches,Normale,Autre collision,,,,,,,,,,,1,2,5,1.0,6.0
201700053059,0017-03-27 14:00:00,17,3,27,14,0,750,104,"02, QUAI HENRI IV",48.8474,2.36474,Plein jour,En agglomération,Hors intersection,Normale,Deux véhicules - arrière,,,,,,,,,,,1,2,1,1.0,2.0
201700053060,0017-03-31 15:45:00,17,3,31,15,45,750,103,"58, BOULEVARD DE SEBASTO",48.8634,2.35094,Plein jour,En agglomération,Intersection en X,Normale,Deux véhicules - côté,,,,,,,,,,,1,2,2,1.0,3.0
201700053061,0017-04-01 19:05:00,17,4,1,19,5,750,104,QUAI DE L HOTEL DE VILLE,48.8552,2.3528,Plein jour,En agglomération,Intersection à plus de 4 branches,Normale,Autre collision,,,,,,,,,,,1,2,5,1.0,6.0
201700053062,0017-04-02 06:14:00,17,4,2,6,14,750,104,"27, RUE DE RIVOLI",48.8568,2.35459,Nuit avec éclairage allumé,En agglomération,Hors intersection,Normale,Deux véhicules - frontale,,,,,,,,,,,5,2,1,1.0,1.0
201700053063,0017-04-02 20:50:00,17,4,2,20,50,750,104,"5, RUE DU RENARD",48.8579,2.35166,Nuit avec éclairage allumé,En agglomération,Hors intersection,Normale,Autre collision,,,,,,,,,,,5,2,1,1.0,6.0
201700053064,0017-04-05 22:00:00,17,4,5,22,0,750,104,QUAI DE LA CORSE,48.8551,2.35021,Nuit avec éclairage allumé,En agglomération,Intersection en X,Normale,Autre collision,,,,,,,,,,,5,2,2,1.0,6.0
201700053065,0017-04-08 00:40:00,17,4,8,0,40,750,104,"50, RUE DE RIVOLI",48.8569,2.3538,Nuit avec éclairage allumé,En agglomération,Intersection en X,Normale,Deux véhicules - côté,,,,,,,,,,,5,2,2,1.0,3.0
201700053066,0017-04-19 12:05:00,17,4,19,12,5,750,104,"47, QUAI HENRI IV",48.8529,2.36834,Plein jour,En agglomération,Intersection en X,Normale,Deux véhicules - côté,,,,,,,,,,,1,2,2,1.0,3.0
201700053067,0017-04-19 18:20:00,17,4,19,18,20,750,104,"17, BOULEVARD BOURDON",48.8489,2.36635,Plein jour,En agglomération,Hors intersection,Normale,Deux véhicules - côté,,,,,,,,,,,1,2,1,1.0,3.0
201700053068,0017-04-26 16:45:00,17,4,26,16,45,750,104,QUAI HENRI IV,48.8489,2.36252,Plein jour,En agglomération,Intersection en T,Pluie forte,Trois véhicules et plus - collisions multiples,,,,,,,,,,,1,2,3,3.0,5.0
201700053069,0017-04-26 20:20:00,17,4,26,20,20,750,104,RUE DES ROSIERS,48.8579,2.35785,Crépuscule ou aube,En agglomération,Intersection en X,Normale,Autre collision,,,,,,,,,,,2,2,2,1.0,6.0
201700053070,0017-04-27 07:15:00,17,4,27,7,15,750,104,"11, RUE DU RENARD",48.8581,2.35178,Plein jour,En agglomération,Hors intersection,Normale,Deux véhicules - côté,,,,,,,,,,,1,2,1,1.0,3.0
201700053071,0017-04-29 03:15:00,17,4,29,3,15,750,104,RUE DE RIVOLI,48.8575,2.35141,Nuit avec éclairage allumé,En agglomération,Intersection en T,Normale,Deux véhicules - arrière,,,,,,,,,,,5,2,3,1.0,2.0
201700053072,0017-05-03 08:55:00,17,5,3,8,55,750,104,"24, RUE SAINT ANTOINE",48.8536,2.36594,Plein jour,En agglomération,Hors intersection,Pluie légère,Deux véhicules - côté,,,,,,,,,,,1,2,1,2.0,3.0
201700053073,0017-05-05 17:55:00,17,5,5,17,55,750,104,"38, BOULEVARD HENRI IV",48.8522,2.36595,Plein jour,En agglomération,Intersection en Y,Normale,Deux véhicules - côté,,,,,,,,,,,1,2,4,1.0,3.0
201700053074,0017-05-10 13:10:00,17,5,10,13,10,750,104,"12, RUE SAINT ANTOINE",48.8535,2.3665,Plein jour,En agglomération,Intersection en T,Normale,Deux véhicules - côté,,,,,,,,,,,1,2,3,1.0,3.0
201700053075,0017-05-10 15:05:00,17,5,10,15,5,750,104,"76, RUE DE RIVOLI",48.8577,2.35089,Plein jour,En agglomération,Hors intersection,Normale,Autre collision,,,,,,,,,,,1,2,1,1.0,6.0
201700053076,0017-05-12 22:35:00,17,5,12,22,35,750,104,"40, QUAI DES CELESTINS",48.8529,2.35896,Nuit avec éclairage allumé,En agglomération,Intersection en X,Normale,Autre collision,,,,,,,,,,,5,2,2,1.0,6.0
201700053077,0017-05-15 19:10:00,17,5,15,19,10,750,104,"4, BOULEVARD DE SEBASTOP",48.8585,2.3482,Plein jour,En agglomération,Intersection à plus de 4 branches,Normale,Autre collision,,,,,,,,,,,1,2,5,1.0,6.0
201700053078,0017-05-16 08:35:00,17,5,16,8,35,750,104,"42, RUE DE RIVOLI",48.8565,2.35549,Plein jour,En agglomération,Place,Normale,Deux véhicules - côté,,,,,,,,,,,1,2,7,1.0,3.0
201700053079,0017-05-20 22:40:00,17,5,20,22,40,750,104,RUE BEAUBOURG,48.8612,2.35345,Nuit avec éclairage allumé,En agglomération,Intersection en X,Normale,Deux véhicules - arrière,,,,,,,,,,,5,2,2,1.0,2.0
201700053080,0017-05-22 09:45:00,17,5,22,9,45,750,104,"01, BOULEVARD DU PALAIS",48.8562,2.34643,Plein jour,En agglomération,Intersection en X,Normale,Deux véhicules - côté,,,,,,,,,,,1,2,2,1.0,3.0
201700053081,0017-05-25 13:10:00,17,5,25,13,10,750,104,"15, BOULEVARD BEAUMARCHA",48.8548,2.36871,Plein jour,En agglomération,Intersection en T,Normale,Deux véhicules - côté,,,,,,,,,,,1,2,3,1.0,3.0
201700053082,0017-05-26 21:50:00,17,5,26,21,50,750,104,"2, QUAI DE GESVRES",48.8567,2.34891,Nuit avec éclairage non allumé,En agglomération,Intersection en X,Normale,Deux véhicules - côté,,,,,,,,,,,4,2,2,1.0,3.0
201700053083,0017-05-29 17:35:00,17,5,29,17,35,750,104,"16, QUAI DES CELESTINS",48.8521,2.36094,Plein jour,En agglomération,Hors intersection,Normale,Deux véhicules - côté,,,,,,,,,,,1,2,1,1.0,3.0
201700053084,0017-06-07 12:20:00,17,6,7,12,20,750,104,"43, BOULEVARD HENRI IV",48.8525,2.36672,Plein jour,En agglomération,Intersection en X,Normale,Deux véhicules - côté,,,,,,,,,,,1,2,2,1.0,3.0
201700053085,0017-06-07 20:40:00,17,6,7,20,40,750,104,"36, RUE DU ROI DE SICILE",48.8563,2.35812,Plein jour,En agglomération,Intersection en X,Normale,Deux véhicules - côté,,,,,,,,,,,1,2,2,1.0,3.0
201700053086,0017-06-08 14:45:00,17,6,8,14,45,750,104,"1, QUAI DE LA CORSE",48.8562,2.34643,Plein jour,En agglomération,Intersection en X,Normale,Deux véhicules - arrière,,,,,,,,,,,1,2,2,1.0,2.0
201700053087,0017-06-08 19:50:00,17,6,8,19,50,750,104,"12, QUAI DE GESVRES",48.8567,2.34891,Plein jour,En agglomération,Intersection en X,Normale,Deux véhicules - arrière,,,,,,,,,,,1,2,2,1.0,2.0
201700053088,0017-06-09 19:15:00,17,6,9,19,15,750,104,"8, QUAI DE GESVRES",48.8567,2.34891,Plein jour,En agglomération,Intersection en X,Normale,Deux véhicules - arrière,,,,,,,,,,,1,2,2,1.0,2.0
201700053089,0017-06-11 13:25:00,17,6,11,13,25,750,104,"13, RUE SAINT ANTOINE",48.8534,2.36716,Plein jour,En agglomération,Intersection en X,Normale,Deux véhicules - côté,,,,,,,,,,,1,2,2,1.0,3.0
201700053090,0017-06-15 19:40:00,17,6,15,19,40,750,104,"/, PONT NOTRE DAME",48.8557,2.3483,Plein jour,En agglomération,Intersection en X,Normale,Deux véhicules - côté,,,,,,,,,,,1,2,2,1.0,3.0
201700053091,0017-06-16 11:15:00,17,6,16,11,15,750,104,"2, RUE DES TOURNELLES",48.8539,2.36737,Plein jour,En agglomération,Intersection en T,Normale,Autre collision,,,,,,,,,,,1,2,3,1.0,6.0
201700053092,0017-06-16 22:45:00,17,6,16,22,45,750,104,BOULEVARD HENRI IV,48.8515,2.3637,Nuit avec éclairage allumé,En agglomération,Intersection en Y,Normale,Autre collision,,,,,,,,,,,5,2,4,1.0,6.0
201700053093,0017-06-22 16:05:00,17,6,22,16,5,750,104,"31, RUE VIEILLE DU TEMPL",48.8575,2.35751,Plein jour,En agglomération,Hors intersection,Normale,Autre collision,,,,,,,,,,,1,2,1,1.0,6.0
201700053094,0017-06-26 07:05:00,17,6,26,7,5,750,104,RUE SAINT MARTIN,48.8573,2.34922,Plein jour,En agglomération,Intersection en X,Normale,Autre collision,,,,,,,,,,,1,2,2,1.0,6.0
201700053095,0017-06-27 16:19:00,17,6,27,16,19,750,104,"26, RUE SAINT ANTOINE",48.8537,2.36577,Plein jour,En agglomération,Hors intersection,Pluie légère,Autre collision,,,,,,,,,,,1,2,1,2.0,6.0
201700053096,0017-06-30 12:05:00,17,6,30,12,5,750,104,"3, PLACE DE LA BASTILLE",48.8533,2.36846,Plein jour,En agglomération,Place,Normale,Autre collision,,,,,,,,,,,1,2,7,1.0,6.0
201700053097,0017-07-01 13:10:00,17,7,1,13,10,750,104,"15, BOULEVARD BEAUMARCHA",48.855,2.36868,Plein jour,En agglomération,Hors intersection,Normale,Autre collision,,,,,,,,,,,1,2,1,1.0,6.0
201700053098,0017-07-03 18:10:00,17,7,3,18,10,750,104,"2, RUE DE LOBAU",48.8552,2.3528,Plein jour,En agglomération,Intersection en T,Normale,Deux véhicules - arrière,,,,,,,,,,,1,2,3,1.0,2.0
201700053099,0017-07-07 10:10:00,17,7,7,10,10,750,102,"67, BOULEVARD DE SEBASTO",48.8634,2.35094,Plein jour,En agglomération,Intersection en X,Normale,Deux véhicules - côté,,,,,,,,,,,1,2,2,1.0,3.0
201700053100,0017-07-08 08:45:00,17,7,8,8,45,750,104,"13, BOULEVARD BOURDON",48.8486,2.36622,Plein jour,En agglomération,Hors intersection,Normale,Autre collision,,,,,,,,,,,1,2,1,1.0,6.0
201700053101,0017-07-11 10:40:00,17,7,11,10,40,750,104,"55, QUAI DE L HOTEL DE V",48.8544,2.35494,Plein jour,En agglomération,Intersection à plus de 4 branches,Normale,Deux véhicules - côté,,,,,,,,,,,1,2,5,1.0,3.0
201700053102,0017-07-13 22:30:00,17,7,13,22,30,750,104,"1, RUE DE LA COUTELLERIE",48.8575,2.35101,Nuit avec éclairage allumé,En agglomération,Hors intersection,Pluie légère,Deux véhicules - arrière,,,,,,,,,,,5,2,1,2.0,2.0
201700053103,0017-07-17 15:02:00,17,7,17,15,2,750,104,"18, QUAI DE L HOTEL DE V",48.8536,2.35702,Plein jour,En agglomération,Hors intersection,Normale,Autre collision,,,,,,,,,,,1,2,1,1.0,6.0
201700053104,0017-07-28 16:00:00,17,7,28,16,0,750,104,"1, RUE DE LA CITE",48.8557,2.3483,Plein jour,En agglomération,Intersection en X,Normale,Autre collision,,,,,,,,,,,1,2,2,1.0,6.0
201700053105,0017-07-28 15:50:00,17,7,28,15,50,750,103,RUE PAYENNE,48.8572,2.36175,Plein jour,En agglomération,Intersection en X,Normale,Deux véhicules - côté,,,,,,,,,,,1,2,2,1.0,3.0
201700053106,0017-07-29 13:45:00,17,7,29,13,45,750,104,"8, RUE BEAUTREILLIS",48.8526,2.36329,Plein jour,En agglomération,Intersection en X,Normale,Deux véhicules - côté,,,,,,,,,,,1,2,2,1.0,3.0
201700053107,0017-08-02 02:55:00,17,8,2,2,55,750,103,"169, RUE DU TEMPLE",48.8649,2.35989,Nuit avec éclairage allumé,En agglomération,Hors intersection,Normale,Deux véhicules - frontale,,,,,,,,,,,5,2,1,1.0,1.0
201700053108,0017-08-06 18:50:00,17,8,6,18,50,750,104,"01, RUE DE LA COUTELLERI",48.8572,2.34977,Plein jour,En agglomération,Intersection à plus de 4 branches,Temps éblouissant,Deux véhicules - côté,,,,,,,,,,,1,2,5,7.0,3.0
201700053109,0017-08-11 13:18:00,17,8,11,13,18,750,104,"12, BOULEVARD HENRI IV",48.8512,2.36265,Plein jour,En agglomération,Place,Normale,Deux véhicules - côté,,,,,,,,,,,1,2,7,1.0,3.0
201700053110,0017-08-16 14:50:00,17,8,16,14,50,750,104,"59, RUE SAINT ANTOINE",48.8542,2.364,Plein jour,En agglomération,Hors intersection,Normale,Autre collision,,,,,,,,,,,1,2,1,1.0,6.0
201700053111,0017-08-17 21:35:00,17,8,17,21,35,750,104,"70, RUE DE RIVOLI",48.8575,2.35141,Nuit avec éclairage allumé,En agglomération,Intersection à plus de 4 branches,Pluie légère,Autre collision,,,,,,,,,,,5,2,5,2.0,6.0
201700053112,0017-08-20 16:00:00,17,8,20,16,0,750,104,"1, PLACE DE L HOTEL DE V",48.8561,2.35065,Plein jour,En agglomération,Place,Normale,Autre collision,,,,,,,,,,,1,2,7,1.0,6.0
201700053113,0017-08-23 17:40:00,17,8,23,17,40,750,104,"18, QUAI DES CELESTINS",48.8522,2.36083,Plein jour,En agglomération,Hors intersection,Normale,Deux véhicules - côté,,,,,,,,,,,1,2,1,1.0,3.0
201700053114,0017-08-26 17:15:00,17,8,26,17,15,750,104,PONT DE SULLY,48.8506,2.36061,Plein jour,En agglomération,Hors intersection,Normale,Autre collision,,,,,,,,,,,1,2,1,1.0,6.0
201700053115,0017-08-30 13:15:00,17,8,30,13,15,750,104,"41, BOULEVARD BOURDON",48.8529,2.36834,Plein jour,En agglomération,Intersection en X,Normale,Deux véhicules - côté,,,,,,,,,,,1,2,2,1.0,3.0
201700053116,0017-09-04 13:30:00,17,9,4,13,30,750,104,"25, RUE SAINTE CROIX DE",48.8585,2.35524,Plein jour,En agglomération,Intersection en X,Normale,Autre collision,,,,,,,,,,,1,2,2,1.0,6.0
201700053117,0017-09-07 20:15:00,17,9,7,20,15,750,104,"1, AVENUE VICTORIA",48.8568,2.35104,Nuit avec éclairage allumé,En agglomération,Intersection en T,Normale,Autre collision,,,,,,,,,,,5,2,3,1.0,6.0
201700053118,0017-09-13 22:30:00,17,9,13,22,30,750,104,"1, RUE SAINT ANTOINE",48.8533,2.36846,Nuit avec éclairage allumé,En agglomération,Place,Pluie forte,Autre collision,,,,,,,,,,,5,2,7,3.0,6.0
201700053119,0017-09-09 22:00:00,17,9,9,22,0,750,104,"48, QUAI DE L HOTEL DE V",48.8541,2.35573,Nuit sans éclairage public,En agglomération,Intersection en T,Normale,Deux véhicules - arrière,,,,,,,,,,,3,2,3,1.0,2.0
201700053120,0017-09-15 08:15:00,17,9,15,8,15,750,104,RUE DE RIVOLI,48.8563,2.35657,Plein jour,En agglomération,Intersection en X,Normale,Autre collision,,,,,,,,,,,1,2,2,1.0,6.0
201700053121,0017-09-16 11:30:00,17,9,16,11,30,750,104,RUE RAMBUTEAU,48.8618,2.35086,Plein jour,En agglomération,Intersection en X,Normale,Autre collision,,,,,,,,,,,1,2,2,1.0,6.0
201700053122,0017-09-17 19:25:00,17,9,17,19,25,750,104,QUAI DE L HOTEL DE VILLE,48.8552,2.3528,Plein jour,En agglomération,Intersection en T,Temps couvert,Deux véhicules - côté,,,,,,,,,,,1,2,3,8.0,3.0
201700053123,0017-09-21 16:00:00,17,9,21,16,0,750,104,"01, AVENUE VICTORIA",48.8568,2.35104,Plein jour,En agglomération,Place,Normale,Autre collision,,,,,,,,,,,1,2,7,1.0,6.0
201700053124,0017-09-23 05:15:00,17,9,23,5,15,750,104,BOULEVARD BOURDON,48.8502,2.36698,Nuit avec éclairage allumé,En agglomération,Hors intersection,Normale,Autre collision,,,,,,,,,,,5,2,1,1.0,6.0
201700053125,0017-09-27 00:45:00,17,9,27,0,45,750,104,"12, RUE DE RIVOLI",48.8555,2.36009,Nuit avec éclairage allumé,En agglomération,Intersection en T,Normale,Deux véhicules - côté,,,,,,,,,,,5,2,3,1.0,3.0
201700053126,0017-09-27 16:00:00,17,9,27,16,0,750,104,"41, BOULEVARD BOURDON",48.8524,2.368,Plein jour,En agglomération,Hors intersection,Normale,Autre collision,,,,,,,,,,,1,2,1,1.0,6.0
201700053127,0017-09-28 19:50:00,17,9,28,19,50,750,104,QUAI DE L HOTEL DE VILLE,48.8552,2.3528,Nuit avec éclairage allumé,En agglomération,Intersection en T,Normale,Autre collision,,,,,,,,,,,5,2,3,1.0,6.0
201700053128,0017-09-29 01:10:00,17,9,29,1,10,750,104,RUE MORNAY,48.8495,2.3656,Nuit avec éclairage allumé,En agglomération,Intersection en X,Normale,Deux véhicules - côté,,,,,,,,,,,5,2,2,1.0,3.0
201700053129,0017-10-03 01:05:00,17,10,3,1,5,750,104,"1, PLACE DE LA BASTILLE",48.8537,2.36896,Nuit avec éclairage allumé,En agglomération,Place,Pluie forte,Autre collision,,,,,,,,,,,5,2,7,3.0,6.0
201700053130,0017-10-04 15:30:00,17,10,4,15,30,750,104,"21, RUE SAINT ANTOINE",48.8537,2.36582,Plein jour,En agglomération,Hors intersection,Normale,Deux véhicules - côté,,,,,,,,,,,1,2,1,1.0,3.0
201700053131,0017-10-09 09:20:00,17,10,9,9,20,750,101,"8, RUE DE RICHELIEU",48.8639,2.33592,Plein jour,En agglomération,Place,Normale,Deux véhicules - côté,,,,,,,,,,,1,2,7,1.0,3.0
201700053132,0017-10-12 18:55:00,17,10,12,18,55,750,104,", RUE BEAUBOURG",48.8603,2.35292,Nuit avec éclairage allumé,En agglomération,Intersection en T,Normale,Autre collision,,,,,,,,,,,5,2,3,1.0,6.0
201700053133,0017-10-12 23:00:00,17,10,12,23,0,750,103,"40, RUE DE TURBIGO",48.865,2.35403,Nuit avec éclairage allumé,En agglomération,Hors intersection,Normale,Autre collision,,,,,,,,,,,5,2,1,1.0,6.0
201700053134,0017-10-14 20:30:00,17,10,14,20,30,750,104,"11, AVENUE VICTORIA",48.8572,2.34977,Nuit avec éclairage allumé,En agglomération,Intersection en Y,Normale,Deux véhicules - côté,,,,,,,,,,,5,2,4,1.0,3.0
201700053135,0017-10-17 22:20:00,17,10,17,22,20,750,104,"2, RUE DE RIVOLI",48.8551,2.36163,Nuit avec éclairage allumé,En agglomération,Intersection en T,Normale,Autre collision,,,,,,,,,,,5,2,3,1.0,6.0
201700053136,0017-10-18 19:00:00,17,10,18,19,0,750,104,"1, PLACE DE LA BASTILLE",48.8529,2.36834,Plein jour,En agglomération,Place,Normale,Deux véhicules - côté,,,,,,,,,,,1,2,7,1.0,3.0
201700053137,0017-10-19 08:38:00,17,10,19,8,38,750,104,"15, BOULEVARD DU PALAIS",48.8544,2.34487,Plein jour,En agglomération,Intersection en X,Normale,Autre collision,,,,,,,,,,,1,2,2,1.0,6.0
201700053138,0017-10-21 19:25:00,17,10,21,19,25,750,104,"62, RUE DE L HOTEL DE VI",48.8546,2.35514,Crépuscule ou aube,En agglomération,Intersection en X,Normale,Deux véhicules - côté,,,,,,,,,,,2,2,2,1.0,3.0
201700053139,0017-10-21 18:50:00,17,10,21,18,50,750,104,"3, PLACE DE LA BASTILLE",48.8533,2.36846,Crépuscule ou aube,En agglomération,Place,Normale,Deux véhicules - côté,,,,,,,,,,,2,2,7,1.0,3.0
201700053140,0017-10-26 14:15:00,17,10,26,14,15,750,104,"25, RUE SAINTE CROIX DE",48.8584,2.35539,Plein jour,En agglomération,Hors intersection,Normale,Autre collision,,,,,,,,,,,1,2,1,1.0,6.0
201700053141,0017-10-29 16:10:00,17,10,29,16,10,750,104,PONT NOTRE DAME,48.8561,2.34853,Plein jour,En agglomération,Hors intersection,Normale,Deux véhicules - arrière,,,,,,,,,,,1,2,1,1.0,2.0
201700053142,0017-10-30 14:50:00,17,10,30,14,50,750,104,"01, QUAI DE LA CORSE",48.8562,2.34643,Plein jour,En agglomération,Intersection en X,Normale,Deux véhicules - côté,,,,,,,,,,,1,2,2,1.0,3.0
201700053143,0017-11-04 16:05:00,17,11,4,16,5,750,104,"06, BOULEVARD HENRI IV",48.8504,2.36289,Plein jour,En agglomération,Intersection en T,Pluie légère,Deux véhicules - arrière,,,,,,,,,,,1,2,3,2.0,2.0