accident_id,datetime,annee,mois,jour,heure,minute,departement,commune_insee,adresse,latitude,longitude,luminosite,agglomeration,intersection,meteo,collision,nb_vehicules,nb_usagers,nb_indemnes,nb_tues,nb_blesses_hosp,nb_blesses_legers,age_cond_1,age_cond_2,veh_type_cond_1,veh_type_cond_2,lum_code,agg_code,int_code,atm_code,col_code
201700053499,0017-05-18 10:00:00,17,5,18,10,0,750,107,AVENUE DU MARECHAL GALLI,48.8605,2.31312,Plein jour,En agglomération,Hors intersection,Pluie légère,Deux véhicules - arrière,,,,,,,,,,,1,2,1,2.0,2.0
201700053500,0017-05-18 15:30:00,17,5,18,15,30,750,107,"71, QUAI D ORSAY",48.8623,2.30571,Plein jour,En agglomération,Hors intersection,Temps couvert,Autre collision,,,,,,,,,,,1,2,1,8.0,6.0
201700053501,0017-05-19 13:18:00,17,5,19,13,18,750,107,"46, BOULEVARD DES INVALI",48.8494,2.3151,Plein jour,En agglomération,Intersection en X,Normale,Deux véhicules - côté,,,,,,,,,,,1,2,2,1.0,3.0
201700053502,0017-05-18 18:48:00,17,5,18,18,48,750,107,"130, RUE DU BAC",48.8517,2.32352,Plein jour,En agglomération,Intersection en X,Normale,Autre collision,,,,,,,,,,,1,2,2,1.0,6.0
201700053503,0017-05-23 17:10:00,17,5,23,17,10,750,107,"204, RUE DE GRENELLE",48.8569,2.3039,Plein jour,En agglomération,Hors intersection,Normale,Autre collision,,,,,,,,,,,1,2,1,1.0,6.0
201700053504,0017-05-23 20:30:00,17,5,23,20,30,750,107,"49, RUE DE SEVRES",48.8507,2.32525,Plein jour,En agglomération,Intersection en T,Normale,Deux véhicules - côté,,,,,,,,,,,1,2,3,1.0,3.0
201700053505,0017-05-25 06:20:00,17,5,25,6,20,750,107,"46, BOULEVARD DES INVALI",48.8468,2.31657,Plein jour,En agglomération,Place,Normale,Deux véhicules - arrière,,,,,,,,,,,1,2,7,1.0,2.0
201700053506,0017-05-25 20:35:00,17,5,25,20,35,750,107,QUAI BRANLY,48.859,2.29328,Crépuscule ou aube,En agglomération,Intersection à plus de 4 branches,Normale,Sans collision,,,,,,,,,,,2,2,5,1.0,7.0
201700053507,0017-05-26 18:15:00,17,5,26,18,15,750,107,"24, RUE VALADON",48.8565,2.30587,Plein jour,En agglomération,Intersection en T,Normale,Autre collision,,,,,,,,,,,1,2,3,1.0,6.0
201700053508,0017-05-29 14:00:00,17,5,29,14,0,750,107,"25, AVENUE DE SUFFREN",48.8556,2.29403,Plein jour,En agglomération,Intersection en T,Normale,Autre collision,,,,,,,,,,,1,2,3,1.0,6.0
201700053509,0017-05-29 14:50:00,17,5,29,14,50,750,107,"47 BIS, AVENUE BOSQUET",48.8571,2.30429,Plein jour,En agglomération,Intersection en X,Normale,Deux véhicules - arrière,,,,,,,,,,,1,2,2,1.0,2.0
201700053510,0017-05-31 17:36:00,17,5,31,17,36,750,107,BOULEVARD DE LA TOUR MAU,48.8624,2.31036,Plein jour,En agglomération,Intersection en X,Normale,Deux véhicules - côté,,,,,,,,,,,1,2,2,1.0,3.0
201700053511,0017-06-02 04:50:00,17,6,2,4,50,750,107,"25, BOULEVARD DE LA TOUR",48.8599,2.31015,Crépuscule ou aube,En agglomération,Intersection en X,Normale,Autre collision,,,,,,,,,,,2,2,2,1.0,6.0
201700053512,0017-06-02 14:50:00,17,6,2,14,50,750,107,"344, RUE DE GRENELLE",48.858,2.31519,Plein jour,En agglomération,Intersection en X,Brouillard / fumée,Sans collision,,,,,,,,,,,1,2,2,5.0,7.0
201700053513,0017-06-03 19:50:00,17,6,3,19,50,750,107,"20, AVENUE RAPP",48.8593,2.30066,Plein jour,En agglomération,Hors intersection,Pluie légère,Autre collision,,,,,,,,,,,1,2,1,2.0,6.0
201700053514,0017-06-06 19:40:00,17,6,6,19,40,750,107,QUAI BRANLY,48.8616,2.29766,Plein jour,En agglomération,Hors intersection,Pluie légère,Trois véhicules et plus - en chaîne,,,,,,,,,,,1,2,1,2.0,4.0
201700053515,0017-06-07 17:05:00,17,6,7,17,5,750,107,"98, RUE DE SEVRES",48.8461,2.31423,Plein jour,En agglomération,Intersection en Y,Normale,Deux véhicules - côté,,,,,,,,,,,1,2,4,1.0,3.0
201700053516,0017-06-09 02:55:00,17,6,9,2,55,750,107,BOULEVARD SAINT GERMAIN,48.8585,2.32311,Nuit avec éclairage allumé,En agglomération,Intersection en X,Pluie forte,Deux véhicules - arrière,,,,,,,,,,,5,2,2,3.0,2.0
201700053517,0017-06-09 08:30:00,17,6,9,8,30,750,107,"61, AVENUE DE SEGUR",48.849,2.30721,Plein jour,En agglomération,Hors intersection,Pluie légère,Sans collision,,,,,,,,,,,1,2,1,2.0,7.0
201700053518,0017-06-09 16:55:00,17,6,9,16,55,750,107,"1, AVENUE DE VILLARS",48.853,2.31314,Plein jour,En agglomération,Hors intersection,Normale,Sans collision,,,,,,,,,,,1,2,1,1.0,7.0
201700053519,0017-06-11 16:50:00,17,6,11,16,50,750,107,"72, RUE DE VARENNE",48.855,2.31993,Plein jour,En agglomération,Intersection en X,Normale,Autre collision,,,,,,,,,,,1,2,2,1.0,6.0
201700053520,0017-06-12 15:23:00,17,6,12,15,23,750,107,"10, BOULEVARD DES INVALI",48.8518,2.31451,Plein jour,En agglomération,Intersection en T,Normale,Autre collision,,,,,,,,,,,1,2,3,1.0,6.0
201700053521,0017-06-13 13:40:00,17,6,13,13,40,750,107,"60, AVENUE DE LA BOURDON",48.8558,2.30301,Plein jour,En agglomération,Intersection en Y,Normale,Autre collision,,,,,,,,,,,1,2,4,1.0,6.0
201700053522,0017-06-13 15:00:00,17,6,13,15,0,750,107,"15, QUAI BRANLY",48.8621,2.29959,Plein jour,En agglomération,Hors intersection,Normale,Autre collision,,,,,,,,,,,1,2,1,1.0,6.0
201700053523,0017-06-13 18:00:00,17,6,13,18,0,750,115,"68, AVENUE DE SUFFREN",48.8527,2.29853,Plein jour,En agglomération,Intersection en Y,Normale,Trois véhicules et plus - en chaîne,,,,,,,,,,,1,2,4,1.0,4.0
201700053524,0017-06-14 15:00:00,17,6,14,15,0,750,107,"12, RUE PAUL ET JEAN LER",48.8621,2.31238,Plein jour,En agglomération,Hors intersection,Normale,Autre collision,,,,,,,,,,,1,2,1,1.0,6.0
201700053525,0017-06-14 14:30:00,17,6,14,14,30,750,107,"59, QUAI BRANLY",48.8606,2.29553,Plein jour,En agglomération,Intersection en T,Normale,Trois véhicules et plus - en chaîne,,,,,,,,,,,1,2,3,1.0,4.0
201700053526,0017-06-14 18:30:00,17,6,14,18,30,750,107,"246, BOULEVARD SAINT GER",48.857,2.3246,Plein jour,En agglomération,Intersection en T,Normale,Deux véhicules - côté,,,,,,,,,,,1,2,3,1.0,3.0
201700053527,0017-06-14 19:05:00,17,6,14,19,5,750,107,"65, QUAI BRANLY",48.8606,2.29553,Plein jour,En agglomération,Intersection en T,Normale,Autre collision,,,,,,,,,,,1,2,3,1.0,6.0
201700053528,0017-06-16 09:05:00,17,6,16,9,5,750,107,QUAI BRANLY,48.859,2.29328,Plein jour,En agglomération,Intersection en T,Normale,Deux véhicules - arrière,,,,,,,,,,,1,2,3,1.0,2.0
201700053529,0017-06-16 17:55:00,17,6,16,17,55,750,107,"10, AVENUE BOSQUET",48.8608,2.30251,Plein jour,En agglomération,Hors intersection,Normale,Deux véhicules - côté,,,,,,,,,,,1,2,1,1.0,3.0
201700053530,0017-06-15 18:40:00,17,6,15,18,40,750,107,", AVENUE DE LA BOURDONNA",48.8558,2.30301,Plein jour,En agglomération,Intersection en T,Normale,Deux véhicules - côté,,,,,,,,,,,1,2,3,1.0,3.0
201700053531,0017-06-21 11:20:00,17,6,21,11,20,750,107,"59, QUAI BRANLY",48.8606,2.29553,Plein jour,En agglomération,Intersection en X,Normale,Autre collision,,,,,,,,,,,1,2,2,1.0,6.0
201700053532,0017-06-17 13:50:00,17,6,17,13,50,750,107,PLACE JACQUES RUEFF,48.8559,2.29733,Plein jour,En agglomération,Place,Normale,Autre collision,,,,,,,,,,,1,2,7,1.0,6.0
201700053533,0017-06-23 08:00:00,17,6,23,8,0,750,107,BOULEVARD DES INVALIDES,48.8562,2.31501,Plein jour,En agglomération,Intersection en T,Normale,Deux véhicules - côté,,,,,,,,,,,1,2,3,1.0,3.0
201700053534,0017-06-23 20:20:00,17,6,23,20,20,750,107,RUE DU BAC,48.8594,2.32914,Plein jour,En agglomération,Hors intersection,Normale,Deux véhicules - arrière,,,,,,,,,,,1,2,1,1.0,2.0
201700053535,0017-06-23 23:05:00,17,6,23,23,5,750,107,RUE DE SEVRES,48.8516,2.32717,Nuit avec éclairage allumé,En agglomération,Place,Normale,Deux véhicules - arrière,,,,,,,,,,,5,2,7,1.0,2.0
201700053536,0017-06-24 00:40:00,17,6,24,0,40,750,107,QUAI D ORSAY,48.8629,2.31615,Nuit sans éclairage public,En agglomération,Hors intersection,Normale,Autre collision,,,,,,,,,,,3,2,1,1.0,6.0
201700053537,0017-06-27 09:17:00,17,6,27,9,17,750,107,RUE DE GRENELLE,48.8581,2.31456,Plein jour,En agglomération,Intersection en T,Normale,Deux véhicules - côté,,,,,,,,,,,1,2,3,1.0,3.0
201700053538,0017-06-29 14:55:00,17,6,29,14,55,750,107,"67, AVENUE DE BRETEUIL",48.8479,2.31207,Plein jour,En agglomération,Hors intersection,Normale,Autre collision,,,,,,,,,,,1,2,1,1.0,6.0
201700053539,0017-07-03 10:00:00,17,7,3,10,0,750,107,"14, RUE DU CHAMP DE MARS",48.8563,2.30532,Plein jour,En agglomération,Intersection en T,Normale,Autre collision,,,,,,,,,,,1,2,3,1.0,6.0
201700053540,0017-07-04 09:30:00,17,7,4,9,30,750,107,"17, BOULEVARD DES INVALI",48.8562,2.31501,Plein jour,En agglomération,Intersection en Y,Normale,Sans collision,,,,,,,,,,,1,2,4,1.0,7.0
201700053541,0017-07-04 20:32:00,17,7,4,20,32,750,107,"12, AVENUE DE LA BOURDON",48.8593,2.29758,Crépuscule ou aube,En agglomération,Intersection en X,Normale,Autre collision,,,,,,,,,,,2,2,2,1.0,6.0
201700053542,0017-07-07 14:50:00,17,7,7,14,50,750,107,"188, RUE DE GRENELLE",48.8577,2.30593,Plein jour,En agglomération,Intersection en X,Normale,Autre collision,,,,,,,,,,,1,2,2,1.0,6.0
201700053543,0017-07-12 00:50:00,17,7,12,0,50,750,107,"/, AVENUE DU MARECHAL GA",48.8629,2.31342,Nuit avec éclairage allumé,En agglomération,Intersection à plus de 4 branches,Pluie légère,Autre collision,,,,,,,,,,,5,2,5,2.0,6.0
201700053544,0017-07-12 17:20:00,17,7,12,17,20,750,107,"38 BIS, RUE DE SEVRES",48.8499,2.32337,Plein jour,En agglomération,Hors intersection,Normale,Autre collision,,,,,,,,,,,1,2,1,1.0,6.0
201700053545,0017-07-15 02:40:00,17,7,15,2,40,750,107,"07, PONT DU CARROUSEL",48.8585,2.33243,Nuit avec éclairage allumé,En agglomération,Intersection en X,Normale,Autre collision,,,,,,,,,,,5,2,2,1.0,6.0
201700053546,0017-07-15 19:30:00,17,7,15,19,30,750,107,"68, AVENUE DE LA BOURDON",48.8554,2.3037,Plein jour,En agglomération,Intersection en T,Normale,Autre collision,,,,,,,,,,,1,2,3,1.0,6.0
201700053547,0017-07-15 19:15:00,17,7,15,19,15,750,107,"60, AVENUE DE LA BOURDON",48.8558,2.30301,Plein jour,En agglomération,Intersection en T,Normale,Autre collision,,,,,,,,,,,1,2,3,1.0,6.0
201700053548,0017-07-21 13:50:00,17,7,21,13,50,750,107,"1, AVENUE DE LA MOTTE PI",48.8572,2.3099,Plein jour,En agglomération,Intersection en X,Normale,Deux véhicules - arrière,,,,,,,,,,,1,2,2,1.0,2.0
201700053549,0017-07-28 23:35:00,17,7,28,23,35,750,107,QUAI BRANLY,48.859,2.29328,Nuit avec éclairage allumé,En agglomération,Intersection en X,Normale,Autre collision,,,,,,,,,,,5,2,2,1.0,6.0
201700053550,0017-07-29 19:50:00,17,7,29,19,50,750,107,BOULEVARD SAINT GERMAIN,48.8545,2.33044,Plein jour,En agglomération,Intersection à plus de 4 branches,Normale,Deux véhicules - côté,,,,,,,,,,,1,2,5,1.0,3.0
201700053551,0017-08-06 21:05:00,17,8,6,21,5,750,107,QUAI VOLTAIRE,48.8585,2.33243,Nuit avec éclairage allumé,En agglomération,Intersection en X,Normale,Deux véhicules - côté,,,,,,,,,,,5,2,2,1.0,3.0
201700053552,0017-08-16 10:20:00,17,8,16,10,20,750,107,"89, QUAI D ORSAY",48.8622,2.30266,Plein jour,En agglomération,Hors intersection,Normale,Deux véhicules - arrière,,,,,,,,,,,1,2,1,1.0,2.0
201700053553,0017-08-22 15:52:00,17,8,22,15,52,750,107,"11, QUAI BRANLY",48.8621,2.29999,Plein jour,En agglomération,Hors intersection,Normale,Autre collision,,,,,,,,,,,1,2,1,1.0,6.0
201700053554,0017-08-25 19:00:00,17,8,25,19,0,750,107,"35, AVENUE DE LA MOTTE P",48.8549,2.3065,Plein jour,En agglomération,Hors intersection,Normale,Sans collision,,,,,,,,,,,1,2,1,1.0,7.0
201700053555,0017-08-26 03:37:00,17,8,26,3,37,750,107,"37, QUAI D ORSAY",48.8629,2.31519,Nuit avec éclairage allumé,En agglomération,Intersection en T,Normale,Trois véhicules et plus - en chaîne,,,,,,,,,,,5,2,3,1.0,4.0
201700053556,0017-08-26 18:30:00,17,8,26,18,30,750,107,"41, QUAI D ORSAY",48.8625,2.31038,Plein jour,En agglomération,Intersection en X,Normale,Sans collision,,,,,,,,,,,1,2,2,1.0,7.0
201700053557,0017-08-29 22:40:00,17,8,29,22,40,750,107,"73, AVENUE DE SEGUR",48.8479,2.3061,Nuit avec éclairage allumé,En agglomération,Intersection en X,Normale,Autre collision,,,,,,,,,,,5,2,2,1.0,6.0
201700053558,0017-08-30 09:40:00,17,8,30,9,40,750,107,QUAI BRANLY,48.859,2.29328,Plein jour,En agglomération,Intersection en X,Normale,Trois véhicules et plus - collisions multiples,,,,,,,,,,,1,2,2,1.0,5.0
201700053559,0017-08-31 10:56:00,17,8,31,10,56,750,107,"2, RUE DE SOLFERINO",48.8611,2.32417,Plein jour,En agglomération,Intersection en T,Normale,Autre collision,,,,,,,,,,,1,2,3,1.0,6.0
201700053560,0017-09-13 22:05:00,17,9,13,22,5,750,107,AVENUE DUQUESNE,48.8542,2.30628,Nuit avec éclairage allumé,En agglomération,Intersection en Y,Pluie forte,Deux véhicules - côté,,,,,,,,,,,5,2,4,3.0,3.0
201700053561,0017-09-15 19:40:00,17,9,15,19,40,750,107,PLACE JOFFRE,48.8538,2.30477,Crépuscule ou aube,En agglomération,Intersection en T,Normale,Deux véhicules - côté,,,,,,,,,,,2,2,3,1.0,3.0
201700053562,0017-09-15 21:25:00,17,9,15,21,25,750,106,"78, RUE DE SEVRES",48.8474,2.31817,Nuit avec éclairage allumé,En agglomération,Intersection en T,Normale,Autre collision,,,,,,,,,,,5,2,3,1.0,6.0
201700053563,0017-09-17 00:30:00,17,9,17,0,30,750,107,"88, BOULEVARD DE LA TOUR",48.855,2.30967,Nuit sans éclairage public,En agglomération,Intersection en T,Normale,Autre collision,,,,,,,,,,,3,2,3,1.0,6.0
201700053564,0017-09-18 14:20:00,17,9,18,14,20,750,107,"5, AVENUE DUQUESNE",48.8535,2.30727,Plein jour,En agglomération,Hors intersection,Normale,Deux véhicules - côté,,,,,,,,,,,1,2,1,1.0,3.0
201700053565,0017-09-20 12:25:00,17,9,20,12,25,750,107,"149, RUE DE L UNIVERSITE",48.8611,2.30548,Plein jour,En agglomération,Intersection en X,Normale,Deux véhicules - côté,,,,,,,,,,,1,2,2,1.0,3.0
201700053566,0017-09-20 17:42:00,17,9,20,17,42,750,107,BOULEVARD SAINT GERMAIN,48.8612,2.32058,Plein jour,En agglomération,Intersection en X,Normale,Trois véhicules et plus - en chaîne,,,,,,,,,,,1,2,2,1.0,4.0
201700053567,0017-09-20 18:00:00,17,9,20,18,0,750,107,"1, AVENUE DE SUFFREN",48.8575,2.29103,Plein jour,En agglomération,Intersection en X,Normale,Deux véhicules - côté,,,,,,,,,,,1,2,2,1.0,3.0
201700053568,0017-09-21 12:45:00,17,9,21,12,45,750,107,"4, AVENUE DE LOWENDAL",48.8533,2.30946,Plein jour,En agglomération,Intersection en T,Normale,Sans collision,,,,,,,,,,,1,2,3,1.0,7.0
201700053569,0017-09-21 13:20:00,17,9,21,13,20,750,107,PONT DE LA CONCORDE,48.8632,2.31946,Plein jour,En agglomération,Hors intersection,Normale,Deux véhicules - côté,,,,,,,,,,,1,2,1,1.0,3.0
201700053570,0017-09-23 23:25:00,17,9,23,23,25,750,107,QUAI ANATOLE FRANCE,48.8627,2.31902,Nuit avec éclairage allumé,En agglomération,Intersection en X,Normale,Deux véhicules - côté,,,,,,,,,,,5,2,2,1.0,3.0
201700053571,0017-09-25 12:10:00,17,9,25,12,10,750,107,"35, AVENUE DE SUFFREN",48.8546,2.29553,Plein jour,En agglomération,Intersection en T,Normale,Autre collision,,,,,,,,,,,1,2,3,1.0,6.0
201700053572,0017-09-26 19:00:00,17,9,26,19,0,750,107,"8 BIS, RUE DE SOLFERINO",48.86,2.32331,Plein jour,En agglomération,Hors intersection,Normale,Deux véhicules - arrière,,,,,,,,,,,1,2,1,1.0,2.0
201700053573,0017-09-27 15:25:00,17,9,27,15,25,750,107,AVENUE DE TOURVILLE,48.8539,2.31139,Plein jour,En agglomération,Place,Normale,Deux véhicules - arrière,,,,,,,,,,,1,2,7,1.0,2.0
201700053574,0017-10-02 08:25:00,17,10,2,8,25,750,107,"250, BOULEVARD SAINT GER",48.8575,2.32403,Plein jour,En agglomération,Hors intersection,Temps couvert,Autre collision,,,,,,,,,,,1,2,1,8.0,6.0
201700053575,0017-10-05 14:30:00,17,10,5,14,30,750,107,PLACE DE FONTENOY,48.8504,2.30679,Plein jour,En agglomération,Place,Normale,Trois véhicules et plus - collisions multiples,,,,,,,,,,,1,2,7,1.0,5.0
201700053576,0017-10-08 17:50:00,17,10,8,17,50,750,107,QUAI D ORSAY,48.8629,2.31342,Plein jour,En agglomération,Intersection en X,Normale,Deux véhicules - arrière,,,,,,,,,,,1,2,2,1.0,2.0
201700053577,0017-10-10 08:40:00,17,10,10,8,40,750,107,"33, RUE DU BAC",48.8572,2.3276,Plein jour,En agglomération,Hors intersection,Normale,Trois véhicules et plus - collisions multiples,,,,,,,,,,,1,2,1,1.0,5.0
201700053578,0017-10-11 11:00:00,17,10,11,11,0,750,107,"58, BOULEVARD DE LA TOUR",48.8581,2.31,Plein jour,En agglomération,Intersection en X,Normale,Deux véhicules - côté,,,,,,,,,,,1,2,2,1.0,3.0
201700053579,0017-10-11 20:00:00,17,10,11,20,0,750,106,", QUAI DES GRANDS AUGUST",48.8561,2.34044,Nuit avec éclairage allumé,En agglomération,Intersection en X,Normale,Deux véhicules - côté,,,,,,,,,,,5,2,2,1.0,3.0
201700053580,0017-10-15 15:21:00,17,10,15,15,21,750,107,AVENUE JOSEPH BOUVARD,48.855,2.29611,Plein jour,En agglomération,Intersection en X,Normale,Autre collision,,,,,,,,,,,1,2,2,1.0,6.0
201700053581,0017-10-18 15:50:00,17,10,18,15,50,750,107,QUAI D ORSAY,48.8629,2.31342,Plein jour,En agglomération,Intersection en X,Normale,Deux véhicules - arrière,,,,,,,,,,,1,2,2,1.0,2.0
201700053582,0017-10-21 14:20:00,17,10,21,14,20,750,107,"3, PLACE DU PRESIDENT MI",48.8503,2.31388,Plein jour,En agglomération,Hors intersection,Normale,Autre collision,,,,,,,,,,,1,2,1,1.0,6.0
201700053583,0017-10-23 19:30:00,17,10,23,19,30,750,115,"111, BOULEVARD DE GRENEL",48.849,2.29777,Nuit avec éclairage allumé,En agglomération,Intersection à plus de 4 branches,Pluie légère,Autre collision,,,,,,,,,,,5,2,5,2.0,6.0
201700053584,0017-10-25 16:50:00,17,10,25,16,50,750,107,"11, RUE DE LUYNES",48.8548,2.32598,Plein jour,En agglomération,Intersection en Y,Normale,Deux véhicules - côté,,,,,,,,,,,1,2,4,1.0,3.0
201700053585,0017-10-29 19:20:00,17,10,29,19,20,750,107,"23, QUAI ANATOLE FRANCE",48.8618,2.32186,Nuit avec éclairage allumé,En agglomération,Hors intersection,Normale,Deux véhicules - arrière,,,,,,,,,,,5,2,1,1.0,2.0
201700053586,0017-11-04 07:10:00,17,11,4,7,10,750,107,"80, RUE DE SEVRES",48.8473,2.31794,Crépuscule ou aube,En agglomération,Hors intersection,Normale,Autre collision,,,,,,,,,,,2,2,1,1.0,6.0
201700053587,0017-11-04 22:28:00,17,11,4,22,28,750,107,QUAI D ORSAY,48.8628,2.31163,Nuit avec éclairage allumé,En agglomération,Intersection en T,Normale,Deux véhicules - côté,,,,,,,,,,,5,2,3,1.0,3.0
201700053588,0017-11-06 09:40:00,17,11,6,9,40,750,107,QUAI D ORSAY,48.8628,2.31163,Plein jour,En agglomération,Intersection en T,Normale,Deux véhicules - côté,,,,,,,,,,,1,2,3,1.0,3.0
201700053589,0017-11-06 14:30:00,17,11,6,14,30,750,107,"42, RUE DU BAC",48.8567,2.3271,Plein jour,En agglomération,Intersection en Y,Normale,Deux véhicules - côté,,,,,,,,,,,1,2,4,1.0,3.0
201700053590,0017-11-07 00:20:00,17,11,7,0,20,750,107,"28, AVENUE DE LA BOURDON",48.8587,2.29854,Nuit avec éclairage allumé,En agglomération,Intersection en X,Normale,Deux véhicules - arrière,,,,,,,,,,,5,2,2,1.0,2.0
201700053591,0017-11-08 09:15:00,17,11,8,9,15,750,107,"10, AVENUE DE LA MOTTE P",48.8568,2.30924,Plein jour,En agglomération,Hors intersection,Temps couvert,Deux véhicules - côté,,,,,,,,,,,1,2,1,8.0,3.0
201700053592,0017-11-08 21:30:00,17,11,8,21,30,750,107,QUAI VOLTAIRE,48.8593,2.33019,Nuit avec éclairage allumé,En agglomération,Intersection en T,Normale,Deux véhicules - côté,,,,,,,,,,,5,2,3,1.0,3.0
201700053593,0017-11-09 16:05:00,17,11,9,16,5,750,113,"197, RUE DE TOLBIAC",48.8258,2.3496,Plein jour,En agglomération,Hors intersection,Temps couvert,Autre collision,,,,,,,,,,,1,2,1,8.0,6.0
201700053594,0017-11-10 00:19:00,17,11,10,0,19,750,107,AVENUE DUQUESNE,48.8527,2.30855,Nuit avec éclairage allumé,En agglomération,Intersection en X,Pluie légère,Trois véhicules et plus - collisions multiples,,,,,,,,,,,5,2,2,2.0,5.0
201700053595,0017-11-13 07:55:00,17,11,13,7,55,750,107,"11 BIS, BOULEVARD RASPAI",48.8543,2.32611,Crépuscule ou aube,En agglomération,Intersection en X,Temps couvert,Deux véhicules - côté,,,,,,,,,,,2,2,2,8.0,3.0
201700053596,0017-11-14 10:35:00,17,11,14,10,35,750,107,"27, AVENUE DE LA MOTTE P",48.8553,2.30698,Plein jour,En agglomération,Hors intersection,Normale,Deux véhicules - côté,,,,,,,,,,,1,2,1,1.0,3.0
201700053597,0017-11-14 19:00:00,17,11,14,19,0,750,107,"FACE AU 14, AVENUE DE VI",48.8518,2.31383,Nuit avec éclairage allumé,En agglomération,Intersection en X,Normale,Autre collision,,,,,,,,,,,5,2,2,1.0,6.0
201700053598,0017-11-20 16:50:00,17,11,20,16,50,750,107,PLACE DENYS COCHIN,48.8535,2.30977,Plein jour,En agglomération,Place,Normale,Autre collision,,,,,,,,,,,1,2,7,1.0,6.0
201700053599,0017-11-21 08:45:00,17,11,21,8,45,750,107,QUAI BRANLY,48.8624,2.31162,Plein jour,En agglomération,Intersection en T,Temps couvert,Deux véhicules - côté,,,,,,,,,,,1,2,3,8.0,3.0
201700053600,0017-11-21 15:45:00,17,11,21,15,45,750,107,BOULEVARD DE LA TOUR MAU,48.8581,2.31,Plein jour,En agglomération,Intersection en X,Temps couvert,Deux véhicules - arrière,,,,,,,,,,,1,2,2,8.0,2.0
201700053601,0017-11-21 19:15:00,17,11,21,19,15,750,107,AVENUE DE SUFFREN,48.8536,2.29711,Nuit avec éclairage allumé,En agglomération,Hors intersection,Normale,Autre collision,,,,,,,,,,,5,2,1,1.0,6.0
201700053602,0017-11-23 15:30:00,17,11,23,15,30,750,107,RUE DE VERNEUIL,48.8579,2.32928,Plein jour,En agglomération,Intersection en X,Pluie forte,Deux véhicules - côté,,,,,,,,,,,1,2,2,3.0,3.0
201700053603,0017-11-23 18:08:00,17,11,23,18,8,750,107,QUAI D ORSAY,48.8625,2.30934,Nuit avec éclairage allumé,En agglomération,Hors intersection,Normale,Sans collision,,,,,,,,,,,5,2,1,1.0,7.0
201700053604,0017-11-26 19:00:00,17,11,26,19,0,750,107,QUAI BRANLY,48.859,2.29328,Nuit avec éclairage allumé,En agglomération,Intersection en T,Normale,Deux véhicules - arrière,,,,,,,,,,,5,2,3,1.0,2.0
201700053605,0017-12-03 07:00:00,17,12,3,7,0,750,107,"80, RUE DE SEVRES",48.8474,2.31817,Nuit avec éclairage allumé,En agglomération,Intersection en T,Temps couvert,Sans collision,,,,,,,,,,,5,2,3,8.0,7.0
201700053606,0017-12-03 19:30:00,17,12,3,19,30,750,107,"21, RUE DE BABYLONE",48.8517,2.32236,Nuit avec éclairage allumé,En agglomération,Hors intersection,Pluie légère,Autre collision,,,,,,,,,,,5,2,1,2.0,6.0
201700053607,0017-12-05 16:17:00,17,12,5,16,17,750,107,"12, AVENUE BOSQUET",48.8603,2.30273,Plein jour,En agglomération,Hors intersection,Normale,Autre collision,,,,,,,,,,,1,2,1,1.0,6.0
201700053608,0017-12-05 17:40:00,17,12,5,17,40,750,107,"35, BOULEVARD DES INVALI",48.8518,2.31451,Nuit avec éclairage allumé,En agglomération,Intersection en X,Temps couvert,Autre collision,,,,,,,,,,,5,2,2,8.0,6.0
201700053609,0017-12-06 21:40:00,17,12,6,21,40,750,107,RUE D ESTREES,48.8518,2.31383,Nuit avec éclairage allumé,En agglomération,Intersection en X,Normale,Deux véhicules - côté,,,,,,,,,,,5,2,2,1.0,3.0
201700053610,0017-12-07 02:45:00,17,12,7,2,45,750,107,"/, PLACE DE LA RESISTANC",48.8624,2.30201,Nuit avec éclairage non allumé,En agglomération,Place,Normale,Deux véhicules - côté,,,,,,,,,,,4,2,7,1.0,3.0
201700053611,0017-12-07 15:36:00,17,12,7,15,36,750,107,"11, AVENUE DE TOURVILLE",48.854,2.30953,Plein jour,En agglomération,Intersection en X,Pluie légère,Deux véhicules - arrière,,,,,,,,,,,1,2,2,2.0,2.0
201700053612,0017-12-07 19:45:00,17,12,7,19,45,750,116,PONT D IENA,48.8604,2.29115,Nuit avec éclairage allumé,En agglomération,Place,Pluie légère,Sans collision,,,,,,,,,,,5,2,7,2.0,7.0
201700053613,0017-12-08 11:33:00,17,12,8,11,33,750,107,QUAI D ORSAY,48.8627,2.31902,Plein jour,En agglomération,Intersection à plus de 4 branches,Normale,Deux véhicules - arrière,,,,,,,,,,,1,2,5,1.0,2.0
201700053614,0017-12-09 18:20:00,17,12,9,18,20,750,107,"13, BOULEVARD DES INVALI",48.8566,2.31506,Nuit avec éclairage allumé,En agglomération,Hors intersection,Normale,Autre collision,,,,,,,,,,,5,2,1,1.0,6.0
201700053615,0017-12-10 18:00:00,17,12,10,18,0,750,107,RUE DE GRENELLE,48.8584,2.31365,Nuit avec éclairage allumé,En agglomération,Place,Pluie légère,Autre collision,,,,,,,,,,,5,2,7,2.0,6.0
201700053616,0017-12-12 13:12:00,17,12,12,13,12,750,107,"15, RUE SAINT DOMINIQUE",48.8585,2.32187,Plein jour,En agglomération,Hors intersection,Normale,Deux véhicules - côté,,,,,,,,,,,1,2,1,1.0,3.0
201700053617,0017-12-12 17:50:00,17,12,12,17,50,750,107,"258, BOULEVARD SAINT GER",48.8585,2.32311,Nuit avec éclairage non allumé,En agglomération,Intersection en X,Normale,Autre collision,,,,,,,,,,,4,2,2,1.0,6.0