accident_id,datetime,annee,mois,jour,heure,minute,departement,commune_insee,adresse,latitude,longitude,luminosite,agglomeration,intersection,meteo,collision,nb_vehicules,nb_usagers,nb_indemnes,nb_tues,nb_blesses_hosp,nb_blesses_legers,age_cond_1,age_cond_2,veh_type_cond_1,veh_type_cond_2,lum_code,agg_code,int_code,atm_code,col_code
201700053739,0017-04-21 12:20:00,17,4,21,12,20,750,108,BOULEVARD DE COURCELLES,48.8791,2.30309,Plein jour,En agglomération,Place,Normale,Deux véhicules - côté,,,,,,,,,,,1,2,7,1.0,3.0
201700053740,0017-04-22 18:00:00,17,4,22,18,0,750,108,"104, AVENUE DE WAGRAM",48.8751,2.29601,Plein jour,En agglomération,Place,Normale,Deux véhicules - côté,,,,,,,,,,,1,2,7,1.0,3.0
201700053741,0017-04-24 11:00:00,17,4,24,11,0,750,108,AVENUE DES CHAMPS ELYSEE,48.8678,2.31384,Plein jour,En agglomération,Intersection à plus de 4 branches,Normale,Deux véhicules - côté,,,,,,,,,,,1,2,5,1.0,3.0
201700053742,0017-04-25 08:50:00,17,4,25,8,50,750,108,"29, AVENUE DE FRIEDLAND",48.8744,2.30119,Plein jour,En agglomération,Intersection en T,Pluie légère,Trois véhicules et plus - collisions multiples,,,,,,,,,,,1,2,3,2.0,5.0
201700053743,0017-05-03 12:15:00,17,5,3,12,15,750,108,PLACE DE LA CONCORDE,48.8666,2.3219,Plein jour,En agglomération,Place,Pluie légère,Deux véhicules - côté,,,,,,,,,,,1,2,7,2.0,3.0
201700053744,0017-05-03 11:50:00,17,5,3,11,50,750,108,"14, RUE BOISSY D ANGLAS",48.8688,2.32184,Plein jour,En agglomération,Intersection en X,Pluie légère,Autre collision,,,,,,,,,,,1,2,2,2.0,6.0
201700053745,0017-05-03 16:30:00,17,5,3,16,30,750,108,"52, RUE DE LISBONNE",48.8775,2.30937,Plein jour,En agglomération,Hors intersection,Pluie légère,Autre collision,,,,,,,,,,,1,2,1,2.0,6.0
201700053746,0017-05-03 18:00:00,17,5,3,18,0,750,108,"46, AVENUE GEORGE V",48.871,2.3009,Plein jour,En agglomération,Intersection en X,Pluie légère,Deux véhicules - côté,,,,,,,,,,,1,2,2,2.0,3.0
201700053747,0017-05-04 02:10:00,17,5,4,2,10,750,108,"21, PLACE DE LA MADELEIN",48.8711,2.32441,Nuit sans éclairage public,En agglomération,Place,Normale,Autre collision,,,,,,,,,,,3,2,7,1.0,6.0
201700053748,0017-05-04 09:55:00,17,5,4,9,55,750,108,"10, AVENUE MATIGNON",48.8704,2.31291,Plein jour,En agglomération,Intersection en T,Normale,Deux véhicules - côté,,,,,,,,,,,1,2,3,1.0,3.0
201700053749,0017-05-04 15:35:00,17,5,4,15,35,750,108,COURS LA REINE,48.8647,2.31363,Plein jour,En agglomération,Intersection à plus de 4 branches,Pluie légère,Deux véhicules - arrière,,,,,,,,,,,1,2,5,2.0,2.0
201700053750,0017-05-06 18:50:00,17,5,6,18,50,750,108,"33, AVENUE DE FRIEDLAND",48.8742,2.29955,Plein jour,En agglomération,Intersection en Y,Temps couvert,Deux véhicules - côté,,,,,,,,,,,1,2,4,8.0,3.0
201700053751,0017-05-06 20:15:00,17,5,6,20,15,750,108,"2, AVENUE HOCHE",48.878,2.30522,Crépuscule ou aube,En agglomération,Place,Normale,Sans collision,,,,,,,,,,,2,2,7,1.0,7.0
201700053752,0017-05-10 09:00:00,17,5,10,9,0,750,108,COURS LA REINE,48.8648,2.31485,Plein jour,En agglomération,Hors intersection,Normale,Deux véhicules - arrière,,,,,,,,,,,1,2,1,1.0,2.0
201700053753,0017-05-10 18:15:00,17,5,10,18,15,750,108,"01, AVENUE DELCASSE",48.8726,2.31476,Plein jour,En agglomération,Intersection en X,Normale,Autre collision,,,,,,,,,,,1,2,2,1.0,6.0
201700053754,0017-05-11 12:10:00,17,5,11,12,10,750,108,"31, AVENUE MONTAIGNE",48.8664,2.30511,Plein jour,En agglomération,Intersection en T,Normale,Deux véhicules - côté,,,,,,,,,,,1,2,3,1.0,3.0
201700053755,0017-05-12 13:45:00,17,5,12,13,45,750,108,"01, AVENUE GEORGE V",48.8652,2.30141,Plein jour,En agglomération,Hors intersection,Normale,Deux véhicules - côté,,,,,,,,,,,1,2,1,1.0,3.0
201700053756,0017-05-12 14:15:00,17,5,12,14,15,750,108,"152, AVENUE DES CHAMPS E",48.8731,2.29709,Plein jour,En agglomération,Intersection à plus de 4 branches,Normale,Trois véhicules et plus - en chaîne,,,,,,,,,,,1,2,5,1.0,4.0
201700053757,0017-05-12 16:00:00,17,5,12,16,0,750,108,AVENUE WINSTON CHURCHILL,48.867,2.31392,Plein jour,En agglomération,Intersection en T,Normale,Deux véhicules - arrière,,,,,,,,,,,1,2,3,1.0,2.0
201700053758,0017-05-12 18:00:00,17,5,12,18,0,750,108,"24, AVENUE DE WAGRAM",48.8764,2.29693,Plein jour,En agglomération,Hors intersection,Normale,Deux véhicules - côté,,,,,,,,,,,1,2,1,1.0,3.0
201700053759,0017-05-15 22:20:00,17,5,15,22,20,750,108,"80, BOULEVARD HAUSSMANN",48.8739,2.32612,Nuit avec éclairage allumé,En agglomération,Intersection en Y,Normale,Autre collision,,,,,,,,,,,5,2,4,1.0,6.0
201700053760,0017-05-16 16:30:00,17,5,16,16,30,750,108,"51, RUE DE ROME",48.8788,2.32221,Plein jour,En agglomération,Intersection en X,Normale,Autre collision,,,,,,,,,,,1,2,2,1.0,6.0
201700053761,0017-05-19 10:00:00,17,5,19,10,0,750,108,"134, BOULEVARD HAUSSMANN",48.8752,2.31436,Plein jour,En agglomération,Intersection en T,Normale,Deux véhicules - côté,,,,,,,,,,,1,2,3,1.0,3.0
201700053762,0017-05-19 10:40:00,17,5,19,10,40,750,108,"17 BIS, RUE D AMSTERDAM",48.8775,2.3269,Plein jour,En agglomération,Hors intersection,Normale,Deux véhicules - côté,,,,,,,,,,,1,2,1,1.0,3.0
201700053763,0017-05-21 14:45:00,17,5,21,14,45,750,108,PLACE DE LA CONCORDE,48.8666,2.3219,Plein jour,En agglomération,Place,Normale,Deux véhicules - côté,,,,,,,,,,,1,2,7,1.0,3.0
201700053764,0017-05-21 18:00:00,17,5,21,18,0,750,116,"75, RUE DE PASSY",48.858,2.27685,Plein jour,En agglomération,Intersection en T,Normale,Autre collision,,,,,,,,,,,1,2,3,1.0,6.0
201700053765,0017-05-22 13:00:00,17,5,22,13,0,750,108,PLACE DE LA CONCORDE,48.8644,2.32029,Plein jour,En agglomération,Place,Normale,Autre collision,,,,,,,,,,,1,2,7,1.0,6.0
201700053766,0017-05-25 13:30:00,17,5,25,13,30,750,108,"2, AVENUE DES CHAMPS ELY",48.8678,2.31384,Plein jour,En agglomération,Place,Temps éblouissant,Deux véhicules - côté,,,,,,,,,,,1,2,7,7.0,3.0
201700053767,0017-05-27 22:30:00,17,5,27,22,30,750,116,QUAI SAINT EXUPERY,48.836,2.2634,Nuit avec éclairage allumé,En agglomération,Hors intersection,Normale,Deux véhicules - arrière,,,,,,,,,,,5,2,1,1.0,2.0
201700053768,0017-05-29 11:12:00,17,5,29,11,12,750,108,"2, AVENUE DES CHAMPS ELY",48.8659,2.31989,Plein jour,En agglomération,Place,Normale,Autre collision,,,,,,,,,,,1,2,7,1.0,6.0
201700053769,0017-05-29 18:15:00,17,5,29,18,15,750,108,BOULEVARD HAUSSMANN,48.8752,2.31281,Plein jour,En agglomération,Intersection en T,Normale,Deux véhicules - côté,,,,,,,,,,,1,2,3,1.0,3.0
201700053770,0017-05-30 22:45:00,17,5,30,22,45,750,108,RUE TRONCHET,48.8738,2.32704,Nuit avec éclairage allumé,En agglomération,Intersection à plus de 4 branches,Normale,Deux véhicules - côté,,,,,,,,,,,5,2,5,1.0,3.0
201700053771,0017-05-30 13:55:00,17,5,30,13,55,750,108,"117, RUE SAINT LAZARE",48.8755,2.32565,Plein jour,En agglomération,Hors intersection,Normale,Deux véhicules - côté,,,,,,,,,,,1,2,1,1.0,3.0
201700053772,0017-05-30 17:50:00,17,5,30,17,50,750,108,RUE PASQUIER,48.8734,2.32365,Plein jour,En agglomération,Intersection en X,Normale,Autre collision,,,,,,,,,,,1,2,2,1.0,6.0
201700053773,0017-06-02 11:00:00,17,6,2,11,0,750,108,RUE LA BOETIE,48.8705,2.30531,Plein jour,En agglomération,Intersection en X,Normale,Deux véhicules - arrière,,,,,,,,,,,1,2,2,1.0,2.0
201700053774,0017-06-02 20:50:00,17,6,2,20,50,750,108,AVENUE DE FRIEDLAND,48.8747,2.30362,Plein jour,En agglomération,Place,Pluie légère,Deux véhicules - arrière,,,,,,,,,,,1,2,7,2.0,2.0
201700053775,0017-06-05 16:15:00,17,6,5,16,15,750,108,COURS LA REINE,48.8649,2.31798,Plein jour,En agglomération,Intersection en Y,Normale,Deux véhicules - côté,,,,,,,,,,,1,2,4,1.0,3.0
201700053776,0017-06-06 13:30:00,17,6,6,13,30,750,108,COURS LA REINE,48.8649,2.31027,Plein jour,En agglomération,Intersection à plus de 4 branches,Normale,Deux véhicules - arrière,,,,,,,,,,,1,2,5,1.0,2.0
201700053777,0017-06-06 14:00:00,17,6,6,14,0,750,108,"50, RUE DE PONTHIEU",48.8716,2.30678,Plein jour,En agglomération,Hors intersection,Pluie forte,Autre collision,,,,,,,,,,,1,2,1,3.0,6.0
201700053778,0017-06-06 16:06:00,17,6,6,16,6,750,108,"15, RUE D AMSTERDAM",48.8768,2.32688,Plein jour,En agglomération,Hors intersection,Pluie légère,Autre collision,,,,,,,,,,,1,2,1,2.0,6.0
201700053779,0017-06-09 13:40:00,17,6,9,13,40,750,108,RUE LA BOETIE,48.8731,2.31151,Plein jour,En agglomération,Intersection en T,Normale,Autre collision,,,,,,,,,,,1,2,3,1.0,6.0
201700053780,0017-06-09 13:30:00,17,6,9,13,30,750,108,AVENUE DES CHAMPS ELYSEE,48.8714,2.30253,Plein jour,En agglomération,Intersection en X,Normale,Deux véhicules - arrière,,,,,,,,,,,1,2,2,1.0,2.0
201700053781,0017-06-09 17:00:00,17,6,9,17,0,750,108,PLACE DE LA CONCORDE,48.8651,2.32135,Plein jour,En agglomération,Hors intersection,Normale,Autre collision,,,,,,,,,,,1,2,1,1.0,6.0
201700053782,0017-06-10 00:30:00,17,6,10,0,30,750,108,"27, AVENUE MONTAIGNE",48.8664,2.30511,Nuit avec éclairage allumé,En agglomération,Intersection en T,Normale,Deux véhicules - côté,,,,,,,,,,,5,2,3,1.0,3.0
201700053783,0017-06-11 17:47:00,17,6,11,17,47,750,108,"25, AVENUE DES CHAMPS EL",48.8697,2.30792,Plein jour,En agglomération,Hors intersection,Normale,Deux véhicules - côté,,,,,,,,,,,1,2,1,1.0,3.0
201700053784,0017-06-11 19:25:00,17,6,11,19,25,750,108,"23, AVENUE HOCHE",48.8768,2.30224,Crépuscule ou aube,En agglomération,Hors intersection,Pluie forte,Deux véhicules - frontale,,,,,,,,,,,2,2,1,3.0,1.0
201700053785,0017-06-12 08:30:00,17,6,12,8,30,750,108,"88, BOULEVARD MALESHERBE",48.8801,2.31342,Plein jour,En agglomération,Intersection en T,Normale,Deux véhicules - côté,,,,,,,,,,,1,2,3,1.0,3.0
201700053786,0017-06-12 11:40:00,17,6,12,11,40,750,108,AVENUE DE WAGRAM,48.8743,2.29541,Plein jour,En agglomération,Place,Normale,Deux véhicules - arrière,,,,,,,,,,,1,2,7,1.0,2.0
201700053787,0017-06-12 16:10:00,17,6,12,16,10,750,108,RUE ROYALE,48.8684,2.32324,Plein jour,En agglomération,Intersection en X,Normale,Deux véhicules - côté,,,,,,,,,,,1,2,2,1.0,3.0
201700053788,0017-06-14 09:40:00,17,6,14,9,40,750,108,"31, BOULEVARD DES BATIGN",48.8826,2.32335,Plein jour,En agglomération,Intersection en X,Normale,Deux véhicules - côté,,,,,,,,,,,1,2,2,1.0,3.0
201700053789,0017-06-15 08:30:00,17,6,15,8,30,750,108,PONT DE LA CONCORDE,48.8642,2.32014,Plein jour,En agglomération,Place,Normale,Deux véhicules - côté,,,,,,,,,,,1,2,7,1.0,3.0
201700053790,0017-06-19 20:00:00,17,6,19,20,0,750,108,"33, RUE DARU",48.8789,2.30355,Plein jour,En agglomération,Intersection en T,Normale,Deux véhicules - côté,,,,,,,,,,,1,2,3,1.0,3.0
201700053791,0017-06-20 16:45:00,17,6,20,16,45,750,108,"235, RUE DU FAUBOURG SAI",48.8776,2.29888,Plein jour,En agglomération,Hors intersection,Normale,Deux véhicules - côté,,,,,,,,,,,1,2,1,1.0,3.0
201700053792,0017-06-21 08:50:00,17,6,21,8,50,750,108,"41, BOULEVARD DES BATIGN",48.8822,2.32171,Plein jour,En agglomération,Intersection en X,Normale,Deux véhicules - arrière,,,,,,,,,,,1,2,2,1.0,2.0
201700053793,0017-06-21 14:45:00,17,6,21,14,45,750,108,"62, RUE PIERRE CHARRON",48.8696,2.30355,Plein jour,En agglomération,Hors intersection,Normale,Autre collision,,,,,,,,,,,1,2,1,1.0,6.0
201700053794,0017-06-22 08:00:00,17,6,22,8,0,750,108,"02, AVENUE MONTAIGNE",48.8654,2.30322,Plein jour,En agglomération,Hors intersection,Normale,Autre collision,,,,,,,,,,,1,2,1,1.0,6.0
201700053795,0017-06-22 14:00:00,17,6,22,14,0,750,108,"23, RUE TRONCHET",48.8724,2.32617,Plein jour,En agglomération,Hors intersection,Normale,Autre collision,,,,,,,,,,,1,2,1,1.0,6.0
201700053796,0017-06-23 01:20:00,17,6,23,1,20,750,108,"11, AVENUE GEORGE V",48.8661,2.30132,Nuit avec éclairage allumé,En agglomération,Intersection en T,Normale,Deux véhicules - côté,,,,,,,,,,,5,2,3,1.0,3.0
201700053797,0017-06-23 04:20:00,17,6,23,4,20,750,108,"28, AVENUE FRANKLIN D RO",48.8723,2.31002,Nuit avec éclairage allumé,En agglomération,Hors intersection,Normale,Autre collision,,,,,,,,,,,5,2,1,1.0,6.0
201700053798,0017-06-26 09:00:00,17,6,26,9,0,750,108,"40, VOIE GEORGES POMPIDO",48.8646,2.31081,Plein jour,En agglomération,Hors intersection,Normale,Deux véhicules - arrière,,,,,,,,,,,1,2,1,1.0,2.0
201700053799,0017-06-27 17:10:00,17,6,27,17,10,750,108,"41 BIS, BOULEVARD DES BA",48.8822,2.32171,Plein jour,En agglomération,Intersection en T,Normale,Autre collision,,,,,,,,,,,1,2,3,1.0,6.0
201700053800,0017-06-28 18:50:00,17,6,28,18,50,750,108,"46, AVENUE GEORGE V",48.871,2.3009,Plein jour,En agglomération,Intersection en X,Pluie légère,Deux véhicules - arrière,,,,,,,,,,,1,2,2,2.0,2.0
201700053801,0017-06-28 19:00:00,17,6,28,19,0,750,108,"31, RUE D AMSTERDAM",48.8772,2.3269,Plein jour,En agglomération,Intersection en T,Temps couvert,Sans collision,,,,,,,,,,,1,2,3,8.0,7.0
201700053802,0017-06-29 12:45:00,17,6,29,12,45,750,108,"124, RUE LA BOETIE",48.8711,2.30651,Plein jour,En agglomération,Intersection en T,Normale,Autre collision,,,,,,,,,,,1,2,3,1.0,6.0
201700053803,0017-06-29 12:55:00,17,6,29,12,55,750,108,RUE DE LISBONNE,48.8774,2.30815,Plein jour,En agglomération,Intersection en X,Normale,Deux véhicules - côté,,,,,,,,,,,1,2,2,1.0,3.0
201700053804,0017-06-30 09:00:00,17,6,30,9,0,750,108,"12, RUE DE SURENE",48.8707,2.32135,Plein jour,En agglomération,Intersection en X,Pluie légère,Autre collision,,,,,,,,,,,1,2,2,2.0,6.0
201700053805,0017-06-30 12:15:00,17,6,30,12,15,750,108,"44, AVENUE DES CHAMPS EL",48.8699,2.30733,Plein jour,En agglomération,Hors intersection,Temps couvert,Deux véhicules - arrière,,,,,,,,,,,1,2,1,8.0,2.0
201700053806,0017-07-01 06:40:00,17,7,1,6,40,750,108,PLACE DE LA CONCORDE,48.8645,2.32005,Plein jour,En agglomération,Hors intersection,Normale,Deux véhicules - arrière,,,,,,,,,,,1,2,1,1.0,2.0
201700053807,0017-07-01 10:50:00,17,7,1,10,50,750,108,AVENUE DE WAGRAM,48.8765,2.29702,Plein jour,En agglomération,Hors intersection,Pluie forte,Autre collision,,,,,,,,,,,1,2,1,3.0,6.0
201700053808,0017-07-01 13:04:00,17,7,1,13,4,750,108,"95, BOULEVARD HAUSSMANN",48.8749,2.31846,Plein jour,En agglomération,Intersection en X,Pluie légère,Deux véhicules - arrière,,,,,,,,,,,1,2,2,2.0,2.0
201700053809,0017-07-03 15:00:00,17,7,3,15,0,750,108,BOULEVARD MALESHERBES,48.8794,2.31429,Plein jour,En agglomération,Intersection en X,Normale,Deux véhicules - côté,,,,,,,,,,,1,2,2,1.0,3.0
201700053810,0017-07-03 20:45:00,17,7,3,20,45,750,116,"54, AVENUE FOCH",48.8727,2.28452,Crépuscule ou aube,En agglomération,Intersection à plus de 4 branches,Normale,Autre collision,,,,,,,,,,,2,2,5,1.0,6.0
201700053811,0017-07-05 08:00:00,17,7,5,8,0,750,108,"02, PLACE SAINT AUGUSTIN",48.8747,2.32004,Plein jour,En agglomération,Place,Normale,Autre collision,,,,,,,,,,,1,2,7,1.0,6.0
201700053812,0017-07-05 12:50:00,17,7,5,12,50,750,108,"51, RUE DE ROME",48.8788,2.32221,Plein jour,En agglomération,Intersection en X,Normale,Deux véhicules - côté,,,,,,,,,,,1,2,2,1.0,3.0
201700053813,0017-07-06 03:00:00,17,7,6,3,0,750,108,RUE LA BOETIE,48.8739,2.31586,Nuit sans éclairage public,En agglomération,Intersection en X,Normale,Autre collision,,,,,,,,,,,3,2,2,1.0,6.0
201700053814,0017-07-06 10:10:00,17,7,6,10,10,750,108,"71, AVENUE DES CHAMPS EL",48.8711,2.3035,Plein jour,En agglomération,Intersection en T,Pluie légère,Sans collision,,,,,,,,,,,1,2,3,2.0,7.0
201700053815,0017-07-06 09:25:00,17,7,6,9,25,750,117,"91, AVENUE DE WAGRAM",48.8816,2.30069,Plein jour,En agglomération,Intersection à plus de 4 branches,Pluie forte,Autre collision,,,,,,,,,,,1,2,5,3.0,6.0
201700053816,0017-07-06 15:30:00,17,7,6,15,30,750,108,PLACE SAINT AUGUSTIN,48.8747,2.32004,Plein jour,En agglomération,Place,Normale,Deux véhicules - côté,,,,,,,,,,,1,2,7,1.0,3.0
201700053817,0017-07-09 00:25:00,17,7,9,0,25,750,108,"22, RUE DE PENTHIEVRE",48.8732,2.3179,Nuit sans éclairage public,En agglomération,Intersection en X,Normale,Deux véhicules - côté,,,,,,,,,,,3,2,2,1.0,3.0
201700053818,0017-07-10 09:30:00,17,7,10,9,30,750,108,"23, AVENUE GEORGE V",48.8676,2.30123,Plein jour,En agglomération,Intersection en Y,Pluie légère,Deux véhicules - côté,,,,,,,,,,,1,2,4,2.0,3.0
201700053819,0017-07-11 23:50:00,17,7,11,23,50,750,116,"/, AVENUE ALBERT DE MUN",48.8629,2.29191,Nuit avec éclairage allumé,En agglomération,Intersection en X,Normale,Deux véhicules - côté,,,,,,,,,,,5,2,2,1.0,3.0
201700053820,0017-07-12 10:20:00,17,7,12,10,20,750,108,AVENUE DES CHAMPS ELYSEE,48.8705,2.30531,Plein jour,En agglomération,Intersection en X,Pluie légère,Trois véhicules et plus - en chaîne,,,,,,,,,,,1,2,2,2.0,4.0
201700053821,0017-07-13 09:30:00,17,7,13,9,30,750,108,"49, AVENUE DE FRIEDLAND",48.874,2.29728,Plein jour,En agglomération,Place,Normale,Autre collision,,,,,,,,,,,1,2,7,1.0,6.0
201700053822,0017-07-16 13:00:00,17,7,16,13,0,750,108,"10, RUE PASQUIER",48.8718,2.32318,Plein jour,En agglomération,Hors intersection,Normale,Deux véhicules - côté,,,,,,,,,,,1,2,1,1.0,3.0
201700053823,0017-07-16 23:00:00,17,7,16,23,0,750,108,AVENUE DES CHAMPS ELYSEE,48.8673,2.31528,Nuit avec éclairage allumé,En agglomération,Hors intersection,Normale,Deux véhicules - arrière,,,,,,,,,,,5,2,1,1.0,2.0
201700053824,0017-07-18 08:50:00,17,7,18,8,50,750,116,AVENUE RAYMOND POINCARE,48.8727,2.28452,Plein jour,En agglomération,Intersection à plus de 4 branches,Normale,Deux véhicules - côté,,,,,,,,,,,1,2,5,1.0,3.0
201700053825,0017-07-21 08:27:00,17,7,21,8,27,750,108,"14, AVENUE GEORGE V",48.8661,2.30132,Plein jour,En agglomération,Intersection en Y,Normale,Deux véhicules - arrière,,,,,,,,,,,1,2,4,1.0,2.0
201700053826,0017-07-21 10:58:00,17,7,21,10,58,750,108,PLACE DU CANADA,48.8646,2.3103,Plein jour,En agglomération,Place,Normale,Deux véhicules - côté,,,,,,,,,,,1,2,7,1.0,3.0
201700053827,0017-07-21 16:10:00,17,7,21,16,10,750,108,"47, BOULEVARD MALESHERBE",48.8747,2.32004,Plein jour,En agglomération,Intersection à plus de 4 branches,Normale,Autre collision,,,,,,,,,,,1,2,5,1.0,6.0
201700053828,0017-07-21 19:20:00,17,7,21,19,20,750,108,"106, RUE LA BOETIE",48.8719,2.30833,Plein jour,En agglomération,Hors intersection,Normale,Deux véhicules - arrière,,,,,,,,,,,1,2,1,1.0,2.0
201700053829,0017-07-22 18:15:00,17,7,22,18,15,750,108,PLACE DE LA MADELEINE,48.8704,2.32515,Plein jour,En agglomération,Hors intersection,Normale,Autre collision,,,,,,,,,,,1,2,1,1.0,6.0
201700053830,0017-07-23 09:45:00,17,7,23,9,45,750,116,"307, ROUTE DE SURESNES",48.8698,2.26883,Plein jour,En agglomération,Hors intersection,Normale,Autre collision,,,,,,,,,,,1,2,1,1.0,6.0
201700053831,0017-07-24 10:00:00,17,7,24,10,0,750,108,AVENUE DES CHAMPS ELYSEE,48.8659,2.31989,Plein jour,En agglomération,Place,Normale,Deux véhicules - côté,,,,,,,,,,,1,2,7,1.0,3.0
201700053832,0017-07-29 06:56:00,17,7,29,6,56,750,108,BOULEVARD HAUSSMANN,48.8753,2.3148,Nuit avec éclairage allumé,En agglomération,Place,Normale,Autre collision,,,,,,,,,,,5,2,7,1.0,6.0
201700053833,0017-07-30 01:55:00,17,7,30,1,55,750,108,ROND POINT CHAMPS ELYSEE,48.869,2.31008,Nuit avec éclairage allumé,En agglomération,Place,Normale,Deux véhicules - côté,,,,,,,,,,,5,2,7,1.0,3.0
201700053834,0017-07-30 18:35:00,17,7,30,18,35,750,108,AVENUE DES CHAMPS ELYSEE,48.8705,2.30531,Plein jour,En agglomération,Intersection en X,Normale,Autre collision,,,,,,,,,,,1,2,2,1.0,6.0
201700053835,0017-08-01 19:00:00,17,8,1,19,0,750,108,"4, PLACE DE LA CONCORDE",48.8666,2.3219,Plein jour,En agglomération,Place,Normale,Deux véhicules - côté,,,,,,,,,,,1,2,7,1.0,3.0
201700053836,0017-08-05 02:20:00,17,8,5,2,20,750,108,"67, BOULEVARD DE COURCEL",48.879,2.3024,Nuit avec éclairage allumé,En agglomération,Intersection en T,Pluie forte,Autre collision,,,,,,,,,,,5,2,3,3.0,6.0
201700053837,0017-08-06 13:45:00,17,8,6,13,45,750,108,"1, AVENUE GABRIEL",48.8675,2.319,Plein jour,En agglomération,Hors intersection,Normale,Autre collision,,,,,,,,,,,1,2,1,1.0,6.0
201700053838,0017-08-12 00:20:00,17,8,12,0,20,750,108,PLACE DE LA CONCORDE,48.8659,2.31989,Nuit avec éclairage allumé,En agglomération,Place,Normale,Deux véhicules - côté,,,,,,,,,,,5,2,7,1.0,3.0
201700053839,0017-08-14 16:40:00,17,8,14,16,40,750,108,"40, AVENUE GEORGE V",48.8701,2.30102,Plein jour,En agglomération,Place,Normale,Deux véhicules - côté,,,,,,,,,,,1,2,7,1.0,3.0
201700053840,0017-08-15 18:15:00,17,8,15,18,15,750,108,"43, BOULEVARD DES BATIGN",48.8822,2.32171,Plein jour,En agglomération,Intersection en T,Normale,Autre collision,,,,,,,,,,,1,2,3,1.0,6.0
201700053841,0017-08-20 19:30:00,17,8,20,19,30,750,108,"161, BOULEVARD HAUSSMANN",48.875,2.30914,Crépuscule ou aube,En agglomération,Intersection en X,Normale,Autre collision,,,,,,,,,,,2,2,2,1.0,6.0
201700053842,0017-08-21 08:40:00,17,8,21,8,40,750,108,"132, BOULEVARD HAUSSMANN",48.8752,2.31629,Plein jour,En agglomération,Intersection en Y,Normale,Deux véhicules - arrière,,,,,,,,,,,1,2,4,1.0,2.0
201700053843,0017-08-22 18:30:00,17,8,22,18,30,750,108,AVENUE MONTAIGNE,48.869,2.31008,Plein jour,En agglomération,Place,Normale,Autre collision,,,,,,,,,,,1,2,7,1.0,6.0
201700053844,0017-08-23 20:20:00,17,8,23,20,20,750,108,VOIE GEORGES POMPIDOU,48.8647,2.30738,Crépuscule ou aube,En agglomération,Hors intersection,Normale,Autre collision,,,,,,,,,,,2,2,1,1.0,6.0
201700053845,0017-08-24 17:22:00,17,8,24,17,22,750,108,PLACE DE LA CONCORDE,48.8665,2.32355,Plein jour,En agglomération,Place,Normale,Deux véhicules - côté,,,,,,,,,,,1,2,7,1.0,3.0
201700053846,0017-08-24 19:05:00,17,8,24,19,5,750,108,ROND POINT CHAMPS ELYSEE,48.8694,2.31094,Plein jour,En agglomération,Place,Normale,Deux véhicules - arrière,,,,,,,,,,,1,2,7,1.0,2.0
201700053847,0017-08-26 17:45:00,17,8,26,17,45,750,108,PLACE DE L ALMA,48.8647,2.30179,Plein jour,En agglomération,Place,Normale,Deux véhicules - arrière,,,,,,,,,,,1,2,7,1.0,2.0
201700053848,0017-08-28 18:45:00,17,8,28,18,45,750,108,"17, AVENUE GEORGE V",48.8667,2.3013,Plein jour,En agglomération,Intersection en Y,Normale,Sans collision,,,,,,,,,,,1,2,4,1.0,7.0
201700053849,0017-08-29 13:10:00,17,8,29,13,10,750,108,ROND POINT CHAMPS ELYSEE,48.869,2.31008,Plein jour,En agglomération,Giratoire,Normale,Deux véhicules - côté,,,,,,,,,,,1,2,6,1.0,3.0
201700053850,0017-08-29 16:40:00,17,8,29,16,40,750,108,PLACE DE LA CONCORDE,48.8656,2.32069,Plein jour,En agglomération,Place,Normale,Deux véhicules - côté,,,,,,,,,,,1,2,7,1.0,3.0
201700053851,0017-08-29 19:00:00,17,8,29,19,0,750,108,PLACE DE LA CONCORDE,48.8666,2.3219,Plein jour,En agglomération,Place,Normale,Autre collision,,,,,,,,,,,1,2,7,1.0,6.0
201700053852,0017-08-30 10:49:00,17,8,30,10,49,750,108,RUE MARBEUF,48.8672,2.3019,Plein jour,En agglomération,Intersection en X,Normale,Deux véhicules - côté,,,,,,,,,,,1,2,2,1.0,3.0
201700053853,0017-09-01 17:25:00,17,9,1,17,25,750,108,AVENUE DE FRIEDLAND,48.8741,2.29882,Plein jour,En agglomération,Intersection en X,Pluie légère,Sans collision,,,,,,,,,,,1,2,2,2.0,7.0
201700053854,0017-09-04 13:05:00,17,9,4,13,5,750,108,"132, RUE LA BOETIE",48.8705,2.30531,Plein jour,En agglomération,Intersection en X,Normale,Deux véhicules - côté,,,,,,,,,,,1,2,2,1.0,3.0
201700053855,0017-09-04 19:10:00,17,9,4,19,10,750,108,PLACE DE LA CONCORDE,48.8659,2.31989,Plein jour,En agglomération,Place,Normale,Deux véhicules - arrière,,,,,,,,,,,1,2,7,1.0,2.0
201700053856,0017-09-05 19:25:00,17,9,5,19,25,750,108,"11, AVENUE GEORGE V",48.8661,2.30132,Plein jour,En agglomération,Intersection en Y,Normale,Deux véhicules - côté,,,,,,,,,,,1,2,4,1.0,3.0
201700053857,0017-09-06 11:39:00,17,9,6,11,39,750,108,"12, AVENUE MONTAIGNE",48.8658,2.30398,Plein jour,En agglomération,Intersection en T,Normale,Autre collision,,,,,,,,,,,1,2,3,1.0,6.0
201700053858,0017-09-07 20:55:00,17,9,7,20,55,750,108,AVENUE GEORGE V,48.8713,2.30088,Nuit avec éclairage allumé,En agglomération,Hors intersection,Normale,Autre collision,,,,,,,,,,,5,2,1,1.0,6.0
201700053859,0017-09-08 04:00:00,17,9,8,4,0,750,108,"29, RUE LA BOETIE",48.8739,2.31586,Nuit avec éclairage allumé,En agglomération,Intersection en X,Normale,Autre collision,,,,,,,,,,,5,2,2,1.0,6.0