accident_id,datetime,annee,mois,jour,heure,minute,departement,commune_insee,adresse,latitude,longitude,luminosite,agglomeration,intersection,meteo,collision,nb_vehicules,nb_usagers,nb_indemnes,nb_tues,nb_blesses_hosp,nb_blesses_legers,age_cond_1,age_cond_2,veh_type_cond_1,veh_type_cond_2,lum_code,agg_code,int_code,atm_code,col_code
201700053860,0017-09-09 15:00:00,17,9,9,15,0,750,108,"95, BOULEVARD HAUSSMANN",48.8749,2.31846,Plein jour,En agglomération,Intersection en X,Temps couvert,Deux véhicules - arrière,,,,,,,,,,,1,2,2,8.0,2.0
201700053861,0017-09-10 20:30:00,17,9,10,20,30,750,108,RUE DE PONTHIEU,48.8714,2.30728,Nuit avec éclairage allumé,En agglomération,Intersection en X,Normale,Deux véhicules - côté,,,,,,,,,,,5,2,2,1.0,3.0
201700053862,0017-09-11 06:50:00,17,9,11,6,50,750,108,AVENUE DES CHAMPS ELYSEE,48.8714,2.30253,Crépuscule ou aube,En agglomération,Intersection en X,Normale,Deux véhicules - côté,,,,,,,,,,,2,2,2,1.0,3.0
201700053863,0017-09-13 19:00:00,17,9,13,19,0,750,108,"43, AVENUE HOCHE",48.8756,2.29944,Plein jour,En agglomération,Hors intersection,Pluie forte,Sans collision,,,,,,,,,,,1,2,1,3.0,7.0
201700053864,0017-09-15 12:15:00,17,9,15,12,15,750,116,PLACE CHARLES DE GAULLE,48.8733,2.29547,Plein jour,En agglomération,Place,Normale,Deux véhicules - côté,,,,,,,,,,,1,2,7,1.0,3.0
201700053865,0017-09-15 16:35:00,17,9,15,16,35,750,108,RUE DE TURIN,48.8809,2.32472,Plein jour,En agglomération,Place,Normale,Deux véhicules - arrière,,,,,,,,,,,1,2,7,1.0,2.0
201700053866,0017-09-16 03:04:00,17,9,16,3,4,750,117,AVENUE DE LA GRANDE ARME,48.8763,2.28721,Nuit avec éclairage allumé,En agglomération,Intersection en X,Normale,Deux véhicules - arrière,,,,,,,,,,,5,2,2,1.0,2.0
201700053867,0017-09-17 03:20:00,17,9,17,3,20,750,108,"51, AVENUE GEORGE V",48.871,2.3009,Nuit avec éclairage allumé,En agglomération,Intersection en T,Normale,Deux véhicules - côté,,,,,,,,,,,5,2,3,1.0,3.0
201700053868,0017-09-18 16:36:00,17,9,18,16,36,750,108,ROND POINT CHAMPS ELYSEE,48.869,2.31008,Plein jour,En agglomération,Place,Normale,Deux véhicules - côté,,,,,,,,,,,1,2,7,1.0,3.0
201700053869,0017-09-19 09:40:00,17,9,19,9,40,750,108,"4, PLACE DE LA CONCORDE",48.8666,2.3219,Plein jour,En agglomération,Place,Pluie légère,Deux véhicules - côté,,,,,,,,,,,1,2,7,2.0,3.0
201700053870,0017-09-19 15:22:00,17,9,19,15,22,750,108,"46, AVENUE GEORGE V",48.871,2.3009,Plein jour,En agglomération,Intersection en X,Normale,Deux véhicules - arrière,,,,,,,,,,,1,2,2,1.0,2.0
201700053871,0017-09-21 07:10:00,17,9,21,7,10,750,108,"1, RUE DE PENTHIEVRE",48.8732,2.3179,Crépuscule ou aube,En agglomération,Intersection en X,Normale,Autre collision,,,,,,,,,,,2,2,2,1.0,6.0
201700053872,0017-09-21 10:35:00,17,9,21,10,35,750,108,PLACE DE LA CONCORDE,48.8666,2.3219,Plein jour,En agglomération,Place,Normale,Deux véhicules - côté,,,,,,,,,,,1,2,7,1.0,3.0
201700053873,0017-09-22 09:35:00,17,9,22,9,35,750,108,"78, RUE DE ROME",48.8809,2.32109,Plein jour,En agglomération,Intersection en T,Temps couvert,Autre collision,,,,,,,,,,,1,2,3,8.0,6.0
201700053874,0017-09-23 22:15:00,17,9,23,22,15,750,108,PLACE DU CANADA,48.8649,2.31027,Nuit avec éclairage allumé,En agglomération,Place,Normale,Deux véhicules - côté,,,,,,,,,,,5,2,7,1.0,3.0
201700053875,0017-09-25 17:00:00,17,9,25,17,0,750,108,"5, RUE DE TILSITT",48.8746,2.29693,Plein jour,En agglomération,Place,Normale,Autre collision,,,,,,,,,,,1,2,7,1.0,6.0
201700053876,0017-09-26 12:20:00,17,9,26,12,20,750,108,RUE DE PENTHIEVRE,48.8729,2.31595,Plein jour,En agglomération,Intersection en X,Temps couvert,Autre collision,,,,,,,,,,,1,2,2,8.0,6.0
201700053877,0017-09-27 10:00:00,17,9,27,10,0,750,108,"33, AVENUE DES CHAMPS EL",48.8701,2.30662,Plein jour,En agglomération,Intersection en X,Normale,Autre collision,,,,,,,,,,,1,2,2,1.0,6.0
201700053878,0017-09-27 19:40:00,17,9,27,19,40,750,108,PLACE DE LA CONCORDE,48.8659,2.31989,Nuit avec éclairage allumé,En agglomération,Place,Normale,Deux véhicules - côté,,,,,,,,,,,5,2,7,1.0,3.0
201700053879,0017-09-27 16:15:00,17,9,27,16,15,750,108,PLACE DE LA CONCORDE,48.8659,2.31989,Plein jour,En agglomération,Place,Normale,Autre collision,,,,,,,,,,,1,2,7,1.0,6.0
201700053880,0017-09-28 16:30:00,17,9,28,16,30,750,108,"51, RUE DE COURCELLES",48.8768,2.30728,Plein jour,En agglomération,Hors intersection,Normale,Deux véhicules - côté,,,,,,,,,,,1,2,1,1.0,3.0
201700053881,0017-09-29 11:05:00,17,9,29,11,5,750,108,"23, AVENUE FRANKLIN D RO",48.8668,2.31021,Plein jour,En agglomération,Intersection en X,Normale,Autre collision,,,,,,,,,,,1,2,2,1.0,6.0
201700053882,0017-09-30 10:30:00,17,9,30,10,30,750,108,"26, RUE DU ROCHER",48.8768,2.32167,Plein jour,En agglomération,Intersection en X,Normale,Autre collision,,,,,,,,,,,1,2,2,1.0,6.0
201700053883,0017-10-02 13:50:00,17,10,2,13,50,750,108,"4, PLACE DE LA CONCORDE",48.8666,2.3219,Plein jour,En agglomération,Place,Normale,Deux véhicules - côté,,,,,,,,,,,1,2,7,1.0,3.0
201700053884,0017-10-03 14:30:00,17,10,3,14,30,750,108,"04, PLACE DE LA CONCORDE",48.8666,2.3219,Plein jour,En agglomération,Place,Normale,Deux véhicules - côté,,,,,,,,,,,1,2,7,1.0,3.0
201700053885,0017-10-05 08:25:00,17,10,5,8,25,750,108,PLACE DE LA CONCORDE,48.8666,2.3219,Plein jour,En agglomération,Place,Normale,Deux véhicules - côté,,,,,,,,,,,1,2,7,1.0,3.0
201700053886,0017-10-06 09:30:00,17,10,6,9,30,750,108,COURS LA REINE,48.865,2.31369,Plein jour,En agglomération,Intersection à plus de 4 branches,Normale,Trois véhicules et plus - collisions multiples,,,,,,,,,,,1,2,5,1.0,5.0
201700053887,0017-10-06 10:45:00,17,10,6,10,45,750,108,"15, RUE DE LA PEPINIERE",48.8751,2.3229,Plein jour,En agglomération,Intersection en X,Normale,Deux véhicules - côté,,,,,,,,,,,1,2,2,1.0,3.0
201700053888,0017-10-07 16:10:00,17,10,7,16,10,750,108,"30, AVENUE GEORGE V",48.8684,2.30112,Plein jour,En agglomération,Intersection en X,Pluie légère,Autre collision,,,,,,,,,,,1,2,2,2.0,6.0
201700053889,0017-10-07 18:30:00,17,10,7,18,30,750,108,"3, AVENUE WINSTON CHURCH",48.8665,2.31386,Plein jour,En agglomération,Hors intersection,Normale,Deux véhicules - côté,,,,,,,,,,,1,2,1,1.0,3.0
201700053890,0017-10-09 13:00:00,17,10,9,13,0,750,108,ROND POINT CHAMPS ELYSEE,48.869,2.31008,Plein jour,En agglomération,Place,Normale,Deux véhicules - côté,,,,,,,,,,,1,2,7,1.0,3.0
201700053891,0017-10-11 09:45:00,17,10,11,9,45,750,108,"7, PLACE DE L ALMA",48.8647,2.30179,Plein jour,En agglomération,Place,Temps couvert,Autre collision,,,,,,,,,,,1,2,7,8.0,6.0
201700053892,0017-10-12 13:45:00,17,10,12,13,45,750,108,"155, BOULEVARD HAUSSMANN",48.8751,2.31011,Plein jour,En agglomération,Hors intersection,Normale,Autre collision,,,,,,,,,,,1,2,1,1.0,6.0
201700053893,0017-10-14 22:00:00,17,10,14,22,0,750,108,"93, AVENUE DES CHAMPS EL",48.8715,2.30202,Nuit avec éclairage allumé,En agglomération,Hors intersection,Normale,Autre collision,,,,,,,,,,,5,2,1,1.0,6.0
201700053894,0017-10-15 13:10:00,17,10,15,13,10,750,108,AVENUE WINSTON CHURCHILL,48.865,2.31369,Plein jour,En agglomération,Intersection en X,Normale,Deux véhicules - côté,,,,,,,,,,,1,2,2,1.0,3.0
201700053895,0017-10-15 17:50:00,17,10,15,17,50,750,108,"10 BIS, PLACE SAINT AUGU",48.8756,2.31881,Plein jour,En agglomération,Place,Normale,Autre collision,,,,,,,,,,,1,2,7,1.0,6.0
201700053896,0017-10-17 12:30:00,17,10,17,12,30,750,108,"3, RUE BAYARD",48.8652,2.30785,Plein jour,En agglomération,Hors intersection,Normale,Autre collision,,,,,,,,,,,1,2,1,1.0,6.0
201700053897,0017-10-17 16:30:00,17,10,17,16,30,750,108,"7, RUE DE LISBONNE",48.8778,2.31618,Plein jour,En agglomération,Intersection en X,Normale,Deux véhicules - côté,,,,,,,,,,,1,2,2,1.0,3.0
201700053898,0017-10-17 20:45:00,17,10,17,20,45,750,108,"1, AVENUE DE FRIEDLAND",48.8748,2.3047,Nuit avec éclairage allumé,En agglomération,Intersection à plus de 4 branches,Normale,Autre collision,,,,,,,,,,,5,2,5,1.0,6.0
201700053899,0017-10-18 18:20:00,17,10,18,18,20,750,108,"7, AVENUE FRANKLIN D ROO",48.8657,2.31024,Crépuscule ou aube,En agglomération,Hors intersection,Normale,Autre collision,,,,,,,,,,,2,2,1,1.0,6.0
201700053900,0017-10-18 20:00:00,17,10,18,20,0,750,108,PORT DE LA CONFERENCE,48.8642,2.30769,Nuit avec éclairage allumé,En agglomération,Hors intersection,Normale,Autre collision,,,,,,,,,,,5,2,1,1.0,6.0
201700053901,0017-10-18 21:50:00,17,10,18,21,50,750,108,"32, RUE TRONCHET",48.8731,2.32672,Nuit avec éclairage allumé,En agglomération,Intersection en X,Normale,Deux véhicules - côté,,,,,,,,,,,5,2,2,1.0,3.0
201700053902,0017-10-19 00:15:00,17,10,19,0,15,750,108,"12, AVENUE PERCIER",48.8752,2.31436,Nuit avec éclairage allumé,En agglomération,Intersection en T,Normale,Autre collision,,,,,,,,,,,5,2,3,1.0,6.0
201700053903,0017-10-19 23:50:00,17,10,19,23,50,750,108,"44-46, AVENUE MARCEAU",48.8685,2.29887,Nuit avec éclairage allumé,En agglomération,Intersection en X,Normale,Deux véhicules - côté,,,,,,,,,,,5,2,2,1.0,3.0
201700053904,0017-10-20 10:45:00,17,10,20,10,45,750,108,"/, AVENUE DES CHAMPS ELY",48.8664,2.31811,Plein jour,En agglomération,Hors intersection,Temps éblouissant,Deux véhicules - arrière,,,,,,,,,,,1,2,1,7.0,2.0
201700053905,0017-10-21 17:48:00,17,10,21,17,48,750,108,"135, AVENUE DES CHAMPS E",48.8731,2.29709,Plein jour,En agglomération,Place,Normale,Autre collision,,,,,,,,,,,1,2,7,1.0,6.0
201700053906,0017-10-22 19:11:00,17,10,22,19,11,750,108,PLACE CHARLES DE GAULLE,48.8741,2.29573,Nuit avec éclairage allumé,En agglomération,Place,Normale,Deux véhicules - arrière,,,,,,,,,,,5,2,7,1.0,2.0
201700053907,0017-10-22 22:40:00,17,10,22,22,40,750,108,AVENUE DES CHAMPS ELYSEE,48.8731,2.29709,Nuit avec éclairage allumé,En agglomération,Place,Pluie forte,Deux véhicules - côté,,,,,,,,,,,5,2,7,3.0,3.0
201700053908,0017-10-23 16:20:00,17,10,23,16,20,750,108,"54, RUE FRANCOIS 1ER",48.8692,2.30277,Plein jour,En agglomération,Intersection en X,Pluie légère,Autre collision,,,,,,,,,,,1,2,2,2.0,6.0
201700053909,0017-10-24 09:10:00,17,10,24,9,10,750,116,"3, AVENUE DE LA GRANDE A",48.8744,2.29293,Plein jour,En agglomération,Intersection en X,Pluie légère,Sans collision,,,,,,,,,,,1,2,2,2.0,7.0
201700053910,0017-10-24 10:20:00,17,10,24,10,20,750,108,"11, AVENUE GEORGE V",48.8661,2.30132,Plein jour,En agglomération,Intersection en T,Pluie légère,Sans collision,,,,,,,,,,,1,2,3,2.0,7.0
201700053911,0017-10-24 13:30:00,17,10,24,13,30,750,108,"31, AVENUE GEORGE V",48.8684,2.30112,Plein jour,En agglomération,Intersection en X,Pluie légère,Deux véhicules - côté,,,,,,,,,,,1,2,2,2.0,3.0
201700053912,0017-10-25 08:50:00,17,10,25,8,50,750,108,AVENUE DES CHAMPS ELYSEE,48.8731,2.29709,Crépuscule ou aube,En agglomération,Place,Normale,Autre collision,,,,,,,,,,,2,2,7,1.0,6.0
201700053913,0017-10-26 03:32:00,17,10,26,3,32,750,104,"34, BOULEVARD HENRI IV",48.8521,2.3656,Nuit avec éclairage allumé,En agglomération,Intersection en X,Normale,Autre collision,,,,,,,,,,,5,2,2,1.0,6.0
201700053914,0017-10-26 09:40:00,17,10,26,9,40,750,108,"28, AVENUE DES CHAMPS EL",48.8693,2.30914,Plein jour,En agglomération,Place,Normale,Trois véhicules et plus - en chaîne,,,,,,,,,,,1,2,7,1.0,4.0
201700053915,0017-10-27 00:01:00,17,10,27,0,1,750,108,"27, AVENUE DES CHAMPS EL",48.8693,2.30914,Nuit avec éclairage allumé,En agglomération,Intersection en X,Normale,Autre collision,,,,,,,,,,,5,2,2,1.0,6.0
201700053916,0017-10-27 18:00:00,17,10,27,18,0,750,108,"15, RUE ROYALE",48.8684,2.32324,Crépuscule ou aube,En agglomération,Intersection en X,Normale,Autre collision,,,,,,,,,,,2,2,2,1.0,6.0
201700053917,0017-10-28 19:15:00,17,10,28,19,15,750,108,"02, AVENUE GEORGE V",48.8647,2.30146,Nuit avec éclairage allumé,En agglomération,Place,Normale,Sans collision,,,,,,,,,,,5,2,7,1.0,7.0
201700053918,0017-10-29 11:45:00,17,10,29,11,45,750,108,"91, AVENUE DES CHAMPS EL",48.8714,2.30253,Plein jour,En agglomération,Intersection en T,Pluie forte,Deux véhicules - côté,,,,,,,,,,,1,2,3,3.0,3.0
201700053919,0017-10-29 16:00:00,17,10,29,16,0,750,108,"21, RUE D AMSTERDAM",48.8779,2.3269,Plein jour,En agglomération,Intersection à plus de 4 branches,Temps couvert,Trois véhicules et plus - en chaîne,,,,,,,,,,,1,2,5,8.0,4.0
201700053920,0017-10-29 21:19:00,17,10,29,21,19,750,108,"69, RUE LA BOETIE",48.8728,2.31068,Nuit avec éclairage allumé,En agglomération,Intersection en X,Normale,Deux véhicules - côté,,,,,,,,,,,5,2,2,1.0,3.0
201700053921,0017-11-04 01:50:00,17,11,4,1,50,750,108,"69, AVENUE FRANKLIN D RO",48.8726,2.31002,Nuit avec éclairage allumé,En agglomération,Intersection en X,Normale,Sans collision,,,,,,,,,,,5,2,2,1.0,7.0
201700053922,0017-11-04 18:20:00,17,11,4,18,20,750,108,"74, RUE DE ROME",48.8809,2.32109,Nuit avec éclairage allumé,En agglomération,Intersection en T,Temps couvert,Deux véhicules - côté,,,,,,,,,,,5,2,3,8.0,3.0
201700053923,0017-11-06 09:25:00,17,11,6,9,25,750,108,PLACE SAINT AUGUSTIN,48.8747,2.32004,Plein jour,En agglomération,Place,Normale,Deux véhicules - arrière,,,,,,,,,,,1,2,7,1.0,2.0
201700053924,0017-11-07 22:15:00,17,11,7,22,15,750,108,"12, AVENUE PERCIER",48.8752,2.31436,Nuit avec éclairage allumé,En agglomération,Intersection en T,Normale,Sans collision,,,,,,,,,,,5,2,3,1.0,7.0
201700053925,0017-11-08 09:20:00,17,11,8,9,20,750,108,"36, RUE DE COURCELLES",48.8754,2.3088,Plein jour,En agglomération,Intersection en T,Normale,Autre collision,,,,,,,,,,,1,2,3,1.0,6.0
201700053926,0017-11-09 01:35:00,17,11,9,1,35,750,117,PLACE CHARLES DE GAULLE,48.874,2.29417,Nuit avec éclairage allumé,En agglomération,Place,Normale,Sans collision,,,,,,,,,,,5,2,7,1.0,7.0
201700053927,0017-11-12 03:20:00,17,11,12,3,20,750,108,"54, RUE FRANCOIS 1ER",48.8696,2.3022,Nuit avec éclairage allumé,En agglomération,Intersection en T,Normale,Autre collision,,,,,,,,,,,5,2,3,1.0,6.0
201700053928,0017-11-16 22:50:00,17,11,16,22,50,750,117,RUE LEGENDRE,48.8823,2.31172,Nuit avec éclairage allumé,En agglomération,Place,Normale,Deux véhicules - côté,,,,,,,,,,,5,2,7,1.0,3.0
201700053929,0017-11-19 07:20:00,17,11,19,7,20,750,108,"28, RUE DE LA PEPINIERE",48.8749,2.32037,Crépuscule ou aube,En agglomération,Hors intersection,Normale,Autre collision,,,,,,,,,,,2,2,1,1.0,6.0
201700053930,0017-11-20 20:00:00,17,11,20,20,0,750,108,"215, RUE DU FAUBOURG SAI",48.8765,2.30165,Nuit avec éclairage allumé,En agglomération,Intersection en X,Normale,Deux véhicules - côté,,,,,,,,,,,5,2,2,1.0,3.0
201700053931,0017-11-21 13:36:00,17,11,21,13,36,750,108,PLACE GEORGES GUILLAUMIN,48.8747,2.30362,Plein jour,En agglomération,Intersection en Y,Normale,Autre collision,,,,,,,,,,,1,2,4,1.0,6.0
201700053932,0017-11-21 17:15:00,17,11,21,17,15,750,108,"25, AVENUE DES CHAMPS EL",48.8693,2.30914,Crépuscule ou aube,En agglomération,Intersection en X,Normale,Deux véhicules - arrière,,,,,,,,,,,2,2,2,1.0,2.0
201700053933,0017-11-25 17:15:00,17,11,25,17,15,750,108,AVENUE DES CHAMPS ELYSEE,48.8678,2.31384,Crépuscule ou aube,En agglomération,Place,Temps couvert,Deux véhicules - côté,,,,,,,,,,,2,2,7,8.0,3.0
201700053934,0017-11-25 17:45:00,17,11,25,17,45,750,108,RUE DU COLISEE,48.8714,2.31004,Plein jour,En agglomération,Intersection en X,Temps couvert,Autre collision,,,,,,,,,,,1,2,2,8.0,6.0
201700053935,0017-11-28 09:50:00,17,11,28,9,50,750,108,"8, RUE DE VIENNE",48.8768,2.32167,Plein jour,En agglomération,Intersection à plus de 4 branches,Pluie légère,Autre collision,,,,,,,,,,,1,2,5,2.0,6.0
201700053936,0017-11-27 19:45:00,17,11,27,19,45,750,108,"33, BOULEVARD DES BATIGN",48.8825,2.32279,Nuit avec éclairage allumé,En agglomération,Hors intersection,Pluie légère,Deux véhicules - arrière,,,,,,,,,,,5,2,1,2.0,2.0
201700053937,0017-11-28 18:55:00,17,11,28,18,55,750,117,"16, AVENUE GOURGAUD",48.8872,2.29782,Nuit avec éclairage allumé,En agglomération,Place,Normale,Autre collision,,,,,,,,,,,5,2,7,1.0,6.0
201700053938,0017-11-29 16:40:00,17,11,29,16,40,750,108,"113, RUE DU FAUBOURG SAI",48.8728,2.31068,Crépuscule ou aube,En agglomération,Intersection en X,Normale,Autre collision,,,,,,,,,,,2,2,2,1.0,6.0
201700053939,0017-11-30 14:50:00,17,11,30,14,50,750,108,BOULEVARD DE COURCELLES,48.8796,2.30499,Plein jour,En agglomération,Intersection en X,Pluie légère,Trois véhicules et plus - en chaîne,,,,,,,,,,,1,2,2,2.0,4.0
201700053940,0017-12-01 00:01:00,17,12,1,0,1,750,108,AVENUE DES CHAMPS ELYSEE,48.8718,2.30102,Nuit avec éclairage allumé,En agglomération,Intersection en X,Pluie légère,Trois véhicules et plus - en chaîne,,,,,,,,,,,5,2,2,2.0,4.0
201700053941,0017-12-01 00:10:00,17,12,1,0,10,750,108,"113, BOULEVARD HAUSSMANN",48.8752,2.31629,Nuit avec éclairage allumé,En agglomération,Intersection à plus de 4 branches,Pluie légère,Autre collision,,,,,,,,,,,5,2,5,2.0,6.0
201700053942,0017-11-01 00:10:00,17,11,1,0,10,750,108,"113, BOULEVARD HAUSSMANN",48.8752,2.31629,Nuit avec éclairage allumé,En agglomération,Intersection à plus de 4 branches,Pluie légère,Autre collision,,,,,,,,,,,5,2,5,2.0,6.0
201700053943,0017-12-03 08:30:00,17,12,3,8,30,750,108,"26, RUE D ARTOIS",48.8737,2.30647,Crépuscule ou aube,En agglomération,Intersection en X,Pluie légère,Deux véhicules - côté,,,,,,,,,,,2,2,2,2.0,3.0
201700053944,0017-12-03 06:00:00,17,12,3,6,0,750,108,COURS ALBERT 1ER,48.8649,2.31027,Nuit avec éclairage allumé,En agglomération,Intersection à plus de 4 branches,Temps couvert,Autre collision,,,,,,,,,,,5,2,5,8.0,6.0
201700053945,0017-12-04 14:00:00,17,12,4,14,0,750,108,"33, AVENUE GEORGE V",48.8691,2.30108,Plein jour,En agglomération,Hors intersection,Temps couvert,Deux véhicules - côté,,,,,,,,,,,1,2,1,8.0,3.0
201700053946,0017-12-04 23:30:00,17,12,4,23,30,750,116,BOULEVARD EXELMANS,48.8453,2.25845,Nuit avec éclairage allumé,En agglomération,Intersection à plus de 4 branches,Normale,Deux véhicules - côté,,,,,,,,,,,5,2,5,1.0,3.0
201700053947,0017-12-06 14:15:00,17,12,6,14,15,750,108,RUE LORD BYRON,48.8732,2.30016,Plein jour,En agglomération,Intersection en X,Normale,Autre collision,,,,,,,,,,,1,2,2,1.0,6.0
201700053948,0017-12-07 20:40:00,17,12,7,20,40,750,108,AVENUE DE MARIGNY,48.8678,2.31384,Nuit avec éclairage allumé,En agglomération,Intersection en X,Pluie légère,Sans collision,,,,,,,,,,,5,2,2,2.0,7.0
201700053949,0017-12-08 17:55:00,17,12,8,17,55,750,108,"22, RUE TRONCHET",48.8721,2.32594,Nuit avec éclairage allumé,En agglomération,Intersection en T,Pluie légère,Autre collision,,,,,,,,,,,5,2,3,2.0,6.0
201700053950,0017-12-09 08:45:00,17,12,9,8,45,750,108,"89, BOULEVARD HAUSSMANN",48.8747,2.32004,Plein jour,En agglomération,Intersection à plus de 4 branches,Normale,Deux véhicules - arrière,,,,,,,,,,,1,2,5,1.0,2.0
201700053951,0017-12-09 12:15:00,17,12,9,12,15,750,108,"34, RUE DE PONTHIEU",48.8711,2.30828,Plein jour,En agglomération,Hors intersection,Normale,Autre collision,,,,,,,,,,,1,2,1,1.0,6.0
201700053952,0017-12-09 10:27:00,17,12,9,10,27,750,108,"01, PLACE DU PEROU",48.8753,2.3148,Plein jour,En agglomération,Place,Normale,Deux véhicules - côté,,,,,,,,,,,1,2,7,1.0,3.0
201700053953,0017-12-10 10:45:00,17,12,10,10,45,750,108,AVENUE DES CHAMPS ELYSEE,48.8683,2.31235,Plein jour,En agglomération,Intersection en T,Normale,Sans collision,,,,,,,,,,,1,2,3,1.0,7.0
201700053954,0017-12-10 14:30:00,17,12,10,14,30,750,108,"52, RUE DU FAUBOURG SAIN",48.8694,2.3198,Plein jour,En agglomération,Hors intersection,Temps couvert,Autre collision,,,,,,,,,,,1,2,1,8.0,6.0
201700053955,0017-12-11 04:50:00,17,12,11,4,50,750,108,"/, AVENUE DES CHAMPS ELY",48.8705,2.30531,Nuit avec éclairage allumé,En agglomération,Intersection en X,Pluie forte,Deux véhicules - côté,,,,,,,,,,,5,2,2,3.0,3.0
201700053956,0017-12-12 16:20:00,17,12,12,16,20,750,108,"18, RUE JEAN GOUJON",48.866,2.30689,Plein jour,En agglomération,Hors intersection,Normale,Autre collision,,,,,,,,,,,1,2,1,1.0,6.0
201700053957,0017-12-12 17:55:00,17,12,12,17,55,750,117,"1, AVENUE MAC MAHON",48.8753,2.29473,Nuit avec éclairage allumé,En agglomération,Place,Normale,Autre collision,,,,,,,,,,,5,2,7,1.0,6.0
201700053958,0017-12-13 18:30:00,17,12,13,18,30,750,108,"53, BOULEVARD DE COURCEL",48.8791,2.30309,Nuit avec éclairage allumé,En agglomération,Intersection en X,Pluie légère,Autre collision,,,,,,,,,,,5,2,2,2.0,6.0
201700053959,0017-12-17 01:15:00,17,12,17,1,15,750,108,AVENUE HOCHE,48.8741,2.29573,Nuit avec éclairage allumé,En agglomération,Place,Normale,Autre collision,,,,,,,,,,,5,2,7,1.0,6.0
201700053960,0017-12-18 08:40:00,17,12,18,8,40,750,117,"30, AVENUE DE VILLIERS",48.8822,2.31236,Plein jour,En agglomération,Hors intersection,Temps couvert,Trois véhicules et plus - en chaîne,,,,,,,,,,,1,2,1,8.0,4.0
201700053961,0017-12-19 18:20:00,17,12,19,18,20,750,108,PLACE DE LA CONCORDE,48.865,2.3213,Nuit avec éclairage allumé,En agglomération,Hors intersection,Normale,Deux véhicules - arrière,,,,,,,,,,,5,2,1,1.0,2.0
201700053962,0017-12-20 22:55:00,17,12,20,22,55,750,108,"35, AVENUE DE FRIEDLAND",48.8742,2.29955,Nuit avec éclairage allumé,En agglomération,Intersection en Y,Pluie légère,Autre collision,,,,,,,,,,,5,2,4,2.0,6.0
201700053963,0017-12-21 05:00:00,17,12,21,5,0,750,108,"8, RUE DE TEHERAN",48.8764,2.31272,Nuit avec éclairage allumé,En agglomération,Place,Normale,Autre collision,,,,,,,,,,,5,2,7,1.0,6.0
201700053964,0017-12-21 10:30:00,17,12,21,10,30,750,108,"79, AVENUE DES CHAMPS EL",48.8714,2.30253,Plein jour,En agglomération,Intersection en T,Pluie légère,Autre collision,,,,,,,,,,,1,2,3,2.0,6.0
201700053965,0017-12-21 19:00:00,17,12,21,19,0,750,108,AVENUE DES CHAMPS ELYSEE,48.8671,2.31607,Nuit avec éclairage allumé,En agglomération,Intersection en T,Pluie légère,Deux véhicules - côté,,,,,,,,,,,5,2,3,2.0,3.0
201700053966,0017-12-22 00:20:00,17,12,22,0,20,750,108,"50, AVENUE DES CHAMPS EL",48.8701,2.30662,Nuit avec éclairage allumé,En agglomération,Intersection en X,Temps couvert,Deux véhicules - côté,,,,,,,,,,,5,2,2,8.0,3.0
201700053967,0017-12-21 13:30:00,17,12,21,13,30,750,108,"42, AVENUE GEORGE V",48.8701,2.30102,Plein jour,En agglomération,Place,Normale,Sans collision,,,,,,,,,,,1,2,7,1.0,7.0
201700053968,0017-12-26 11:30:00,17,12,26,11,30,750,108,"15, RUE DE ROME",48.8753,2.32421,Plein jour,En agglomération,Intersection en Y,Normale,Deux véhicules - côté,,,,,,,,,,,1,2,4,1.0,3.0
201700053969,0017-12-29 01:30:00,17,12,29,1,30,750,108,AVENUE DES CHAMPS ELYSEE,48.8678,2.31384,Nuit avec éclairage allumé,En agglomération,Intersection en X,Normale,Deux véhicules - arrière,,,,,,,,,,,5,2,2,1.0,2.0
201700053970,0017-12-30 04:50:00,17,12,30,4,50,750,108,", RUE DE PONTHIEU",48.8702,2.31103,Nuit avec éclairage allumé,En agglomération,Intersection en X,Pluie légère,Deux véhicules - côté,,,,,,,,,,,5,2,2,2.0,3.0
201700053971,0017-01-01 20:00:00,17,1,1,20,0,750,101,"03, AVENUE DE L OPERA",48.864,2.3352,Nuit avec éclairage allumé,En agglomération,Place,Normale,Deux véhicules - côté,,,,,,,,,,,5,2,7,1.0,3.0
201700053972,0017-01-03 16:20:00,17,1,3,16,20,750,109,RUE TAITBOUT,48.8762,2.33536,Plein jour,En agglomération,Intersection en X,Normale,Deux véhicules - côté,,,,,,,,,,,1,2,2,1.0,3.0
201700053973,0017-01-04 08:55:00,17,1,4,8,55,750,109,"32, RUE DU FAUBOURG POIS",48.8731,2.34787,Plein jour,En agglomération,Intersection en T,Normale,Autre collision,,,,,,,,,,,1,2,3,1.0,6.0
201700053974,0017-01-07 14:45:00,17,1,7,14,45,750,109,"29, BOULEVARD DE ROCHECH",48.8831,2.34565,Plein jour,En agglomération,Hors intersection,Pluie légère,Autre collision,,,,,,,,,,,1,2,1,2.0,6.0
201700053975,0017-01-10 00:55:00,17,1,10,0,55,750,109,"19, RUE DE LONDRES",48.8774,2.32829,Nuit avec éclairage allumé,En agglomération,Hors intersection,Pluie légère,Autre collision,,,,,,,,,,,5,2,1,2.0,6.0
201700053976,0017-01-10 06:26:00,17,1,10,6,26,750,109,"43, BOULEVARD HAUSSMANN",48.8734,2.32969,Nuit avec éclairage allumé,En agglomération,Intersection en T,Normale,Autre collision,,,,,,,,,,,5,2,3,1.0,6.0
201700053977,0017-01-16 18:46:00,17,1,16,18,46,750,102,"12, RUE DU QUATRE SEPTEM",48.8694,2.3374,Nuit avec éclairage allumé,En agglomération,Hors intersection,Normale,Trois véhicules et plus - en chaîne,,,,,,,,,,,5,2,1,1.0,4.0
201700053978,0017-01-17 09:20:00,17,1,17,9,20,750,109,"44, RUE D AMSTERDAM",48.8784,2.32692,Plein jour,En agglomération,Hors intersection,Normale,Autre collision,,,,,,,,,,,1,2,1,1.0,6.0