accident_id,datetime,annee,mois,jour,heure,minute,departement,commune_insee,adresse,latitude,longitude,luminosite,agglomeration,intersection,meteo,collision,nb_vehicules,nb_usagers,nb_indemnes,nb_tues,nb_blesses_hosp,nb_blesses_legers,age_cond_1,age_cond_2,veh_type_cond_1,veh_type_cond_2,lum_code,agg_code,int_code,atm_code,col_code
201700053979,0017-01-18 09:55:00,17,1,18,9,55,750,109,"14, BOULEVARD DES CAPUCI",48.8702,2.32993,Plein jour,En agglomération,Intersection en X,Normale,Autre collision,,,,,,,,,,,1,2,2,1.0,6.0
201700053980,0017-01-19 08:00:00,17,1,19,8,0,750,109,"1, PLACE DE CLICHY",48.8833,2.32715,Crépuscule ou aube,En agglomération,Place,Normale,Deux véhicules - côté,,,,,,,,,,,2,2,7,1.0,3.0
201700053981,0017-01-21 17:35:00,17,1,21,17,35,750,102,"41, AVENUE DE L OPERA",48.8687,2.3331,Nuit avec éclairage allumé,En agglomération,Intersection à plus de 4 branches,Autre,Deux véhicules - côté,,,,,,,,,,,5,2,5,9.0,3.0
201700053982,0017-01-23 19:05:00,17,1,23,19,5,750,109,"4, RUE MANSART",48.8822,2.33283,Nuit avec éclairage non allumé,En agglomération,Hors intersection,Normale,Deux véhicules - côté,,,,,,,,,,,4,2,1,1.0,3.0
201700053983,0017-01-26 16:15:00,17,1,26,16,15,750,109,"44, RUE LAFFITTE",48.8744,2.33815,Plein jour,En agglomération,Intersection en X,Normale,Autre collision,,,,,,,,,,,1,2,2,1.0,6.0
201700053984,0017-01-27 21:10:00,17,1,27,21,10,750,109,"10, PLACE DE L OPERA",48.8712,2.33237,Nuit avec éclairage allumé,En agglomération,Place,Normale,Deux véhicules - côté,,,,,,,,,,,5,2,7,1.0,3.0
201700053985,0017-01-29 19:00:00,17,1,29,19,0,750,102,"94, RUE REAUMUR",48.8669,2.34943,Nuit avec éclairage allumé,En agglomération,Place,Normale,Deux véhicules - côté,,,,,,,,,,,5,2,7,1.0,3.0
201700053986,0017-01-31 01:00:00,17,1,31,1,0,750,101,"154, RUE DE RIVOLI",48.8609,2.34079,Nuit avec éclairage allumé,En agglomération,Intersection en X,Normale,Deux véhicules - côté,,,,,,,,,,,5,2,2,1.0,3.0
201700053987,0017-02-02 12:35:00,17,2,2,12,35,750,109,"153, RUE DU FAUBOURG POI",48.8805,2.34979,Plein jour,En agglomération,Intersection en T,Pluie légère,Autre collision,,,,,,,,,,,1,2,3,2.0,6.0
201700053988,0017-02-02 19:20:00,17,2,2,19,20,750,109,"3 BIS, PLACE DE L OPERA",48.8707,2.33257,Nuit avec éclairage allumé,En agglomération,Place,Normale,Autre collision,,,,,,,,,,,5,2,7,1.0,6.0
201700053989,0017-02-04 16:25:00,17,2,4,16,25,750,109,"41, BOULEVARD DE ROCHECH",48.8828,2.34444,Plein jour,En agglomération,Place,Pluie légère,Deux véhicules - côté,,,,,,,,,,,1,2,7,2.0,3.0
201700053990,0017-02-10 00:55:00,17,2,10,0,55,750,109,"6, RUE PIERRE FONTAINE",48.8807,2.33481,Nuit avec éclairage allumé,En agglomération,Hors intersection,Normale,Autre collision,,,,,,,,,,,5,2,1,1.0,6.0
201700053991,0017-02-10 22:25:00,17,2,10,22,25,750,109,"45, RUE RODIER",48.8802,2.34373,Nuit avec éclairage allumé,En agglomération,Intersection en X,Normale,Deux véhicules - côté,,,,,,,,,,,5,2,2,1.0,3.0
201700053992,0017-02-11 12:50:00,17,2,11,12,50,750,109,"16, BOULEVARD POISSONNIE",48.8711,2.34568,Plein jour,En agglomération,Intersection en T,Normale,Deux véhicules - côté,,,,,,,,,,,1,2,3,1.0,3.0
201700053993,0017-02-14 17:10:00,17,2,14,17,10,750,109,"36, RUE DU FAUBOURG MONT",48.8741,2.34226,Plein jour,En agglomération,Intersection à plus de 4 branches,Normale,Deux véhicules - arrière,,,,,,,,,,,1,2,5,1.0,2.0
201700053994,0017-02-15 01:30:00,17,2,15,1,30,750,110,"44, BOULEVARD DE BONNE N",48.8707,2.34788,Nuit avec éclairage allumé,En agglomération,Intersection en X,Normale,Deux véhicules - côté,,,,,,,,,,,5,2,2,1.0,3.0
201700053995,0017-02-16 08:25:00,17,2,16,8,25,750,101,"160, RUE DE RIVOLI",48.8613,2.33977,Plein jour,En agglomération,Intersection en T,Normale,Deux véhicules - côté,,,,,,,,,,,1,2,3,1.0,3.0
201700053996,0017-02-15 23:10:00,17,2,15,23,10,750,109,"17, RUE BERGERE",48.8722,2.34606,Nuit avec éclairage allumé,En agglomération,Intersection en T,Normale,Sans collision,,,,,,,,,,,5,2,3,1.0,7.0
201700053997,0017-02-23 13:00:00,17,2,23,13,0,750,109,"43, RUE CONDORCET",48.8802,2.34373,Plein jour,En agglomération,Intersection en X,Normale,Autre collision,,,,,,,,,,,1,2,2,1.0,6.0
201700053998,0017-02-23 20:20:00,17,2,23,20,20,750,109,"16, BOULEVARD HAUSSMANN",48.8725,2.3366,Nuit avec éclairage allumé,En agglomération,Hors intersection,Normale,Autre collision,,,,,,,,,,,5,2,1,1.0,6.0
201700053999,0017-02-25 21:20:00,17,2,25,21,20,750,109,"5, RUE DU FAUBOURG POISS",48.8712,2.34789,Nuit avec éclairage allumé,En agglomération,Hors intersection,Normale,Trois véhicules et plus - en chaîne,,,,,,,,,,,5,2,1,1.0,4.0
201700054000,0017-02-26 02:50:00,17,2,26,2,50,750,109,"1, RUE PIERRE FONTAINE",48.8807,2.33481,Nuit avec éclairage allumé,En agglomération,Hors intersection,Normale,Autre collision,,,,,,,,,,,5,2,1,1.0,6.0
201700054001,0017-02-27 12:30:00,17,2,27,12,30,750,102,"28, BOULEVARD POISSONNIE",48.8714,2.34384,Plein jour,En agglomération,Hors intersection,Pluie légère,Autre collision,,,,,,,,,,,1,2,1,2.0,6.0
201700054002,0017-02-28 18:59:00,17,2,28,18,59,750,109,"34, RUE LE PELETIER",48.8747,2.33928,Nuit avec éclairage allumé,En agglomération,Intersection en X,Normale,Autre collision,,,,,,,,,,,5,2,2,1.0,6.0
201700054003,0017-03-01 15:50:00,17,3,1,15,50,750,109,"49, BOULEVARD HAUSSMANN",48.8736,2.32832,Plein jour,En agglomération,Intersection en X,Pluie légère,Deux véhicules - arrière,,,,,,,,,,,1,2,2,2.0,2.0
201700054004,0017-03-07 16:15:00,17,3,7,16,15,750,109,"83, RUE DE ROCHECHOUART",48.8824,2.34669,Plein jour,En agglomération,Intersection en T,Normale,Autre collision,,,,,,,,,,,1,2,3,1.0,6.0
201700054005,0017-03-08 23:25:00,17,3,8,23,25,750,109,", RUE DE MOGADOR",48.875,2.33141,Nuit avec éclairage allumé,En agglomération,Intersection en X,Pluie légère,Deux véhicules - côté,,,,,,,,,,,5,2,2,2.0,3.0
201700054006,0017-03-09 20:00:00,17,3,9,20,0,750,102,"25, RUE DU LOUVRE",48.8653,2.34307,Nuit avec éclairage allumé,En agglomération,Intersection en X,Normale,Deux véhicules - côté,,,,,,,,,,,5,2,2,1.0,3.0
201700054007,0017-03-11 11:05:00,17,3,11,11,5,750,102,"09, PLACE DES VICTOIRES",48.8659,2.34146,Plein jour,En agglomération,Place,Normale,Autre collision,,,,,,,,,,,1,2,7,1.0,6.0
201700054008,0017-03-13 12:00:00,17,3,13,12,0,750,109,"23, RUE LE PELETIER",48.873,2.33862,Plein jour,En agglomération,Hors intersection,Normale,Deux véhicules - côté,,,,,,,,,,,1,2,1,1.0,3.0
201700054009,0017-03-13 18:20:00,17,3,13,18,20,750,109,"36, RUE LAFFITTE",48.8738,2.33794,Plein jour,En agglomération,Hors intersection,Normale,Deux véhicules - côté,,,,,,,,,,,1,2,1,1.0,3.0
201700054010,0017-03-14 16:10:00,17,3,14,16,10,750,109,"29, RUE DE CHATEAUDUN",48.8761,2.33709,Plein jour,En agglomération,Intersection en X,Normale,Deux véhicules - côté,,,,,,,,,,,1,2,2,1.0,3.0
201700054011,0017-03-16 16:20:00,17,3,16,16,20,750,109,"21, BOULEVARD DE ROCHECH",48.8833,2.34689,Plein jour,En agglomération,Intersection à plus de 4 branches,Normale,Autre collision,,,,,,,,,,,1,2,5,1.0,6.0
201700054012,0017-03-20 07:44:00,17,3,20,7,44,750,109,"19, RUE DU FAUBOURG MONT",48.873,2.34303,Plein jour,En agglomération,Intersection à plus de 4 branches,Normale,Autre collision,,,,,,,,,,,1,2,5,1.0,6.0
201700054013,0017-03-22 07:05:00,17,3,22,7,5,750,109,"58, RUE D AMSTERDAM",48.8796,2.327,Plein jour,En agglomération,Intersection à plus de 4 branches,Normale,Autre collision,,,,,,,,,,,1,2,5,1.0,6.0
201700054014,0017-03-22 14:30:00,17,3,22,14,30,750,109,"10, BOULEVARD POISSONNIE",48.8709,2.34688,Plein jour,En agglomération,Hors intersection,Normale,Autre collision,,,,,,,,,,,1,2,1,1.0,6.0
201700054015,0017-03-24 10:40:00,17,3,24,10,40,750,109,"2, PLACE DE L OPERA",48.8706,2.33206,Plein jour,En agglomération,Place,Autre,Autre collision,,,,,,,,,,,1,2,7,9.0,6.0
201700054016,0017-03-25 09:20:00,17,3,25,9,20,750,109,RUE SAINT GEORGES,48.8771,2.33717,Plein jour,En agglomération,Hors intersection,Normale,Sans collision,,,,,,,,,,,1,2,1,1.0,7.0
201700054017,0017-03-27 13:57:00,17,3,27,13,57,750,109,"22, RUE DE TREVISE",48.8759,2.34552,Plein jour,En agglomération,Intersection en X,Normale,Autre collision,,,,,,,,,,,1,2,2,1.0,6.0
201700054018,0017-03-28 18:00:00,17,3,28,18,0,750,109,"42, RUE DE CAUMARTIN",48.8742,2.32838,Plein jour,En agglomération,Intersection en X,Normale,Autre collision,,,,,,,,,,,1,2,2,1.0,6.0
201700054019,0017-04-05 10:05:00,17,4,5,10,5,750,109,"28, RUE DE LONDRES",48.8775,2.32809,Plein jour,En agglomération,Hors intersection,Normale,Autre collision,,,,,,,,,,,1,2,1,1.0,6.0
201700054020,0017-04-05 11:35:00,17,4,5,11,35,750,109,PLACE KOSSUTH,48.876,2.3401,Plein jour,En agglomération,Place,Normale,Deux véhicules - côté,,,,,,,,,,,1,2,7,1.0,3.0
201700054021,0017-04-07 01:05:00,17,4,7,1,5,750,109,"51, RUE DE ROCHECHOUART",48.8793,2.3456,Nuit avec éclairage allumé,En agglomération,Hors intersection,Normale,Deux véhicules - côté,,,,,,,,,,,5,2,1,1.0,3.0
201700054022,0017-04-07 17:15:00,17,4,7,17,15,750,109,"06, RUE CHORON",48.8773,2.34226,Plein jour,En agglomération,Intersection en X,Normale,Autre collision,,,,,,,,,,,1,2,2,1.0,6.0
201700054023,0017-04-11 09:30:00,17,4,11,9,30,750,109,"54, BOULEVARD HAUSSMANN",48.8736,2.32832,Plein jour,En agglomération,Intersection en X,Normale,Autre collision,,,,,,,,,,,1,2,2,1.0,6.0
201700054024,0017-04-13 10:35:00,17,4,13,10,35,750,109,"04, RUE PAPILLON",48.8758,2.34821,Plein jour,En agglomération,Intersection en Y,Normale,Autre collision,,,,,,,,,,,1,2,4,1.0,6.0
201700054025,0017-04-13 19:00:00,17,4,13,19,0,750,109,"43, RUE LA FAYETTE",48.8748,2.33976,Plein jour,En agglomération,Intersection en T,Normale,Autre collision,,,,,,,,,,,1,2,3,1.0,6.0
201700054026,0017-04-16 18:25:00,17,4,16,18,25,750,102,"74, RUE DE RICHELIEU",48.8692,2.33864,Plein jour,En agglomération,Intersection en X,Normale,Deux véhicules - côté,,,,,,,,,,,1,2,2,1.0,3.0
201700054027,0017-04-17 18:30:00,17,4,17,18,30,750,109,"10, BOULEVARD HAUSSMANN",48.8722,2.33829,Plein jour,En agglomération,Intersection en X,Normale,Deux véhicules - côté,,,,,,,,,,,1,2,2,1.0,3.0
201700054028,0017-04-18 19:20:00,17,4,18,19,20,750,109,"11, RUE DES MATHURINS",48.873,2.32898,Plein jour,En agglomération,Hors intersection,Normale,Deux véhicules - côté,,,,,,,,,,,1,2,1,1.0,3.0
201700054029,0017-04-20 17:00:00,17,4,20,17,0,750,109,"17, RUE VICTOR MASSE",48.8807,2.33869,Plein jour,En agglomération,Hors intersection,Normale,Autre collision,,,,,,,,,,,1,2,1,1.0,6.0
201700054030,0017-04-21 01:25:00,17,4,21,1,25,750,109,"52, BOULEVARD HAUSSMANN",48.8733,2.33032,Nuit avec éclairage allumé,En agglomération,Hors intersection,Normale,Autre collision,,,,,,,,,,,5,2,1,1.0,6.0
201700054031,0017-04-24 09:10:00,17,4,24,9,10,750,103,"55, BOULEVARD SAINT MART",48.869,2.35558,Plein jour,En agglomération,Intersection à plus de 4 branches,Normale,Deux véhicules - côté,,,,,,,,,,,1,2,5,1.0,3.0
201700054032,0017-04-24 09:50:00,17,4,24,9,50,750,109,"18, BOULEVARD MONTMARTRE",48.8719,2.3407,Plein jour,En agglomération,Hors intersection,Normale,Autre collision,,,,,,,,,,,1,2,1,1.0,6.0
201700054033,0017-04-24 13:37:00,17,4,24,13,37,750,109,"4, BOULEVARD POISSONNIER",48.8708,2.34745,Plein jour,En agglomération,Hors intersection,Normale,Autre collision,,,,,,,,,,,1,2,1,1.0,6.0
201700054034,0017-04-25 13:05:00,17,4,25,13,5,750,109,PLACE D ESTIENNE D ORVES,48.8762,2.33109,Plein jour,En agglomération,Place,Normale,Autre collision,,,,,,,,,,,1,2,7,1.0,6.0
201700054035,0017-04-27 14:45:00,17,4,27,14,45,750,109,"01, RUE DE VINTIMILLE",48.8818,2.32821,Plein jour,En agglomération,Intersection en T,Pluie légère,Autre collision,,,,,,,,,,,1,2,3,2.0,6.0
201700054036,0017-04-29 13:50:00,17,4,29,13,50,750,109,"2, RUE LAMARTINE",48.8765,2.34432,Plein jour,En agglomération,Intersection en X,Normale,Autre collision,,,,,,,,,,,1,2,2,1.0,6.0
201700054037,0017-05-05 03:06:00,17,5,5,3,6,750,109,"30, BOULEVARD POISSONNIE",48.8714,2.34387,Nuit avec éclairage allumé,En agglomération,Hors intersection,Normale,Autre collision,,,,,,,,,,,5,2,1,1.0,6.0
201700054038,0017-05-05 10:24:00,17,5,5,10,24,750,109,"13, RUE DE BELLEFOND",48.8777,2.34781,Plein jour,En agglomération,Hors intersection,Normale,Autre collision,,,,,,,,,,,1,2,1,1.0,6.0
201700054039,0017-05-08 19:30:00,17,5,8,19,30,750,109,"19, RUE AUBER",48.8733,2.32785,Plein jour,En agglomération,Hors intersection,Pluie légère,Autre collision,,,,,,,,,,,1,2,1,2.0,6.0
201700054040,0017-05-09 23:50:00,17,5,9,23,50,750,109,"08, BOULEVARD DES CAPUCI",48.8708,2.33299,Nuit avec éclairage allumé,En agglomération,Hors intersection,Normale,Trois véhicules et plus - en chaîne,,,,,,,,,,,5,2,1,1.0,4.0
201700054041,0017-05-10 16:15:00,17,5,10,16,15,750,109,"01, RUE ROUGEMONT",48.8711,2.34568,Plein jour,En agglomération,Intersection en T,Normale,Autre collision,,,,,,,,,,,1,2,3,1.0,6.0
201700054042,0017-05-12 13:55:00,17,5,12,13,55,750,109,"104, RUE SAINT LAZARE",48.8756,2.32718,Plein jour,En agglomération,Intersection en T,Pluie légère,Autre collision,,,,,,,,,,,1,2,3,2.0,6.0
201700054043,0017-05-13 13:00:00,17,5,13,13,0,750,109,"84, RUE DE ROCHECHOUART",48.8824,2.34669,Plein jour,En agglomération,Intersection en T,Normale,Autre collision,,,,,,,,,,,1,2,3,1.0,6.0
201700054044,0017-05-22 18:40:00,17,5,22,18,40,750,109,"49, RUE DE CAUMARTIN",48.873,2.32827,Plein jour,En agglomération,Intersection en X,Normale,Autre collision,,,,,,,,,,,1,2,2,1.0,6.0
201700054045,0017-05-23 14:00:00,17,5,23,14,0,750,109,"2, RUE FLECHIER",48.8759,2.33904,Plein jour,En agglomération,Intersection en T,Normale,Autre collision,,,,,,,,,,,1,2,3,1.0,6.0
201700054046,0017-05-24 03:00:00,17,5,24,3,0,750,109,RUE DE ROCHECHOUART,48.8773,2.34463,Nuit avec éclairage allumé,En agglomération,Intersection en T,Normale,Deux véhicules - côté,,,,,,,,,,,5,2,3,1.0,3.0
201700054047,0017-05-29 19:45:00,17,5,29,19,45,750,109,"33, RUE RICHER",48.874,2.34428,Plein jour,En agglomération,Intersection en T,Normale,Deux véhicules - côté,,,,,,,,,,,1,2,3,1.0,3.0
201700054048,0017-06-06 11:40:00,17,6,6,11,40,750,102,"158, RUE MONTMARTRE",48.8699,2.34279,Plein jour,En agglomération,Intersection en X,Normale,Autre collision,,,,,,,,,,,1,2,2,1.0,6.0
201700054049,0017-06-09 16:35:00,17,6,9,16,35,750,109,"26, RUE D AUMALE",48.8786,2.33453,Plein jour,En agglomération,Intersection en T,Normale,Autre collision,,,,,,,,,,,1,2,3,1.0,6.0
201700054050,0017-06-10 17:20:00,17,6,10,17,20,750,109,"11, RUE AUBER",48.873,2.32827,Plein jour,En agglomération,Place,Normale,Deux véhicules - côté,,,,,,,,,,,1,2,7,1.0,3.0
201700054051,0017-06-11 10:00:00,17,6,11,10,0,750,109,"1, RUE LA BRUYERE",48.8788,2.33697,Plein jour,En agglomération,Intersection en Y,Normale,Deux véhicules - arrière,,,,,,,,,,,1,2,4,1.0,2.0
201700054052,0017-06-12 07:30:00,17,6,12,7,30,750,109,"20, RUE DU FAUBOURG MONT",48.873,2.34303,Plein jour,En agglomération,Intersection à plus de 4 branches,Normale,Deux véhicules - côté,,,,,,,,,,,1,2,5,1.0,3.0
201700054053,0017-06-16 10:50:00,17,6,16,10,50,750,109,"54, RUE LAMARTINE",48.8766,2.33992,Plein jour,En agglomération,Hors intersection,Normale,Autre collision,,,,,,,,,,,1,2,1,1.0,6.0
201700054054,0017-06-18 17:55:00,17,6,18,17,55,750,109,BOULEVARD DES ITALIENS,48.8717,2.33819,Plein jour,En agglomération,Intersection en X,Normale,Autre collision,,,,,,,,,,,1,2,2,1.0,6.0
201700054055,0017-06-19 18:55:00,17,6,19,18,55,750,109,"28, BOULEVARD DES CAPUCI",48.87,2.3284,Plein jour,En agglomération,Hors intersection,Normale,Deux véhicules - côté,,,,,,,,,,,1,2,1,1.0,3.0
201700054056,0017-06-22 11:30:00,17,6,22,11,30,750,109,"54, RUE DE PROVENCE",48.8743,2.33469,Plein jour,En agglomération,Hors intersection,Normale,Autre collision,,,,,,,,,,,1,2,1,1.0,6.0
201700054057,0017-06-23 15:25:00,17,6,23,15,25,750,109,"51, RUE DE LA VICTOIRE",48.8752,2.33518,Plein jour,En agglomération,Intersection en X,Normale,Deux véhicules - côté,,,,,,,,,,,1,2,2,1.0,3.0
201700054058,0017-06-23 16:20:00,17,6,23,16,20,750,109,"1, RUE DES MATHURINS",48.8728,2.33112,Plein jour,En agglomération,Intersection en X,Normale,Autre collision,,,,,,,,,,,1,2,2,1.0,6.0
201700054059,0017-06-23 17:50:00,17,6,23,17,50,750,109,"12, RUE HIPPOLYTE LEBAS",48.8773,2.33935,Plein jour,En agglomération,Intersection en T,Normale,Autre collision,,,,,,,,,,,1,2,3,1.0,6.0
201700054060,0017-06-24 09:40:00,17,6,24,9,40,750,102,"1, BOULEVARD POISSONNIER",48.8707,2.34788,Plein jour,En agglomération,Intersection en X,Normale,Autre collision,,,,,,,,,,,1,2,2,1.0,6.0
201700054061,0017-06-25 02:30:00,17,6,25,2,30,750,109,"26, RUE LAFFITTE",48.8734,2.33779,Nuit avec éclairage allumé,En agglomération,Intersection en T,Normale,Autre collision,,,,,,,,,,,5,2,3,1.0,6.0
201700054062,0017-06-27 13:15:00,17,6,27,13,15,750,109,"57, RUE NOTRE DAME DE LO",48.8802,2.33532,Plein jour,En agglomération,Intersection en X,Pluie légère,Autre collision,,,,,,,,,,,1,2,2,2.0,6.0
201700054063,0017-07-01 15:20:00,17,7,1,15,20,750,109,"48, BOULEVARD DES CAPUCI",48.8699,2.32796,Plein jour,En agglomération,Place,Normale,Deux véhicules - côté,,,,,,,,,,,1,2,7,1.0,3.0
201700054064,0017-07-02 15:50:00,17,7,2,15,50,750,109,"46, RUE D AMSTERDAM",48.8787,2.32693,Plein jour,En agglomération,Intersection en T,Normale,Trois véhicules et plus - en chaîne,,,,,,,,,,,1,2,3,1.0,4.0
201700054065,0017-07-02 19:10:00,17,7,2,19,10,750,109,PLACE DIAGHILEV,48.8728,2.33112,Plein jour,En agglomération,Place,Normale,Deux véhicules - côté,,,,,,,,,,,1,2,7,1.0,3.0
201700054066,0017-06-28 12:45:00,17,6,28,12,45,750,109,"48, RUE LAMARTINE",48.8766,2.34039,Plein jour,En agglomération,Intersection en T,Temps couvert,Sans collision,,,,,,,,,,,1,2,3,8.0,7.0
201700054067,0017-07-04 01:30:00,17,7,4,1,30,750,109,"52, BOULEVARD HAUSSMANN",48.8733,2.33032,Nuit avec éclairage allumé,En agglomération,Hors intersection,Normale,Autre collision,,,,,,,,,,,5,2,1,1.0,6.0
201700054068,0017-07-07 08:00:00,17,7,7,8,0,750,109,"16, BOULEVARD POISSONNIE",48.8711,2.34568,Plein jour,En agglomération,Intersection en T,Normale,Deux véhicules - arrière,,,,,,,,,,,1,2,3,1.0,2.0
201700054069,0017-07-13 10:55:00,17,7,13,10,55,750,109,"1, RUE DE CLICHY",48.8768,2.33079,Plein jour,En agglomération,Place,Normale,Autre collision,,,,,,,,,,,1,2,7,1.0,6.0
201700054070,0017-07-16 12:15:00,17,7,16,12,15,750,109,"17, RUE SCRIBE",48.8728,2.33112,Plein jour,En agglomération,Place,Normale,Autre collision,,,,,,,,,,,1,2,7,1.0,6.0
201700054071,0017-07-12 09:20:00,17,7,12,9,20,750,101,"172, RUE DE RIVOLI",48.8627,2.33525,Plein jour,En agglomération,Intersection en T,Normale,Autre collision,,,,,,,,,,,1,2,3,1.0,6.0
201700054072,0017-07-21 10:40:00,17,7,21,10,40,750,109,"12, BOULEVARD POISSONNIE",48.8709,2.34672,Plein jour,En agglomération,Intersection en T,Normale,Deux véhicules - côté,,,,,,,,,,,1,2,3,1.0,3.0
201700054073,0017-07-22 10:45:00,17,7,22,10,45,750,109,"30, RUE TRONCHET",48.8731,2.32672,Plein jour,En agglomération,Intersection à plus de 4 branches,Normale,Autre collision,,,,,,,,,,,1,2,5,1.0,6.0
201700054074,0017-07-22 17:40:00,17,7,22,17,40,750,109,"1, RUE BUFFAULT",48.8748,2.34136,Plein jour,En agglomération,Intersection en Y,Normale,Deux véhicules - côté,,,,,,,,,,,1,2,4,1.0,3.0
201700054075,0017-08-05 23:55:00,17,8,5,23,55,750,109,"57, BOULEVARD DE ROCHECH",48.882,2.34036,Nuit avec éclairage allumé,En agglomération,Intersection en T,Normale,Deux véhicules - arrière,,,,,,,,,,,5,2,3,1.0,2.0
201700054076,0017-08-06 05:00:00,17,8,6,5,0,750,102,"09, RUE DAUNOU",48.8694,2.33187,Nuit avec éclairage allumé,En agglomération,Hors intersection,Normale,Autre collision,,,,,,,,,,,5,2,1,1.0,6.0
201700054077,0017-08-06 16:08:00,17,8,6,16,8,750,109,"33, RUE TRONCHET",48.8731,2.32672,Plein jour,En agglomération,Intersection à plus de 4 branches,Normale,Autre collision,,,,,,,,,,,1,2,5,1.0,6.0
201700054078,0017-08-07 10:25:00,17,8,7,10,25,750,101,"360, RUE SAINT HONORE",48.8668,2.32805,Plein jour,En agglomération,Hors intersection,Normale,Autre collision,,,,,,,,,,,1,2,1,1.0,6.0
201700054079,0017-08-17 08:55:00,17,8,17,8,55,750,109,"2, BOULEVARD DE LA MADEL",48.8699,2.32796,Plein jour,En agglomération,Intersection à plus de 4 branches,Temps couvert,Deux véhicules - côté,,,,,,,,,,,1,2,5,8.0,3.0
201700054080,0017-08-18 20:05:00,17,8,18,20,5,750,101,"196, RUE DE RIVOLI",48.864,2.33134,Plein jour,En agglomération,Intersection en T,Normale,Trois véhicules et plus - collisions multiples,,,,,,,,,,,1,2,3,1.0,5.0
201700054081,0017-08-22 14:25:00,17,8,22,14,25,750,109,"8, BOULEVARD DE LA MADEL",48.8697,2.32647,Plein jour,En agglomération,Intersection en Y,Normale,Autre collision,,,,,,,,,,,1,2,4,1.0,6.0
201700054082,0017-08-29 08:10:00,17,8,29,8,10,750,109,"4, PLACE DE CLICHY",48.8833,2.32749,Plein jour,En agglomération,Place,Normale,Autre collision,,,,,,,,,,,1,2,7,1.0,6.0
201700054083,0017-08-31 05:40:00,17,8,31,5,40,750,101,", RUE DE CASTIGLIONE",48.8659,2.32789,Plein jour,En agglomération,Intersection en X,Normale,Deux véhicules - côté,,,,,,,,,,,1,2,2,1.0,3.0
201700054084,0017-09-03 03:10:00,17,9,3,3,10,750,103,"113, BOULEVARD BEAUMARCH",48.861,2.36722,Nuit avec éclairage allumé,En agglomération,Intersection en Y,Normale,Deux véhicules - côté,,,,,,,,,,,5,2,4,1.0,3.0
201700054085,0017-09-08 11:00:00,17,9,8,11,0,750,109,"66, BOULEVARD HAUSSMANN",48.8738,2.32704,Plein jour,En agglomération,Intersection en X,Temps couvert,Deux véhicules - côté,,,,,,,,,,,1,2,2,8.0,3.0
201700054086,0017-09-09 16:35:00,17,9,9,16,35,750,109,"22, RUE DE MOGADOR",48.875,2.33141,Plein jour,En agglomération,Intersection en X,Pluie légère,Autre collision,,,,,,,,,,,1,2,2,2.0,6.0
201700054087,0017-09-11 10:40:00,17,9,11,10,40,750,109,BOULEVARD HAUSSMANN,48.8729,2.33326,Plein jour,En agglomération,Intersection à plus de 4 branches,Normale,Deux véhicules - côté,,,,,,,,,,,1,2,5,1.0,3.0
201700054088,0017-09-11 17:16:00,17,9,11,17,16,750,109,"01, RUE DE LA GRANGE BAT",48.873,2.34303,Plein jour,En agglomération,Intersection à plus de 4 branches,Normale,Autre collision,,,,,,,,,,,1,2,5,1.0,6.0
201700054089,0017-09-14 09:00:00,17,9,14,9,0,750,102,"25, BOULEVARD POISSONNIE",48.8713,2.34422,Plein jour,En agglomération,Hors intersection,Normale,Deux véhicules - arrière,,,,,,,,,,,1,2,1,1.0,2.0
201700054090,0017-09-15 15:50:00,17,9,15,15,50,750,109,BOULEVARD HAUSSMANN,48.8734,2.32969,Plein jour,En agglomération,Intersection en T,Normale,Autre collision,,,,,,,,,,,1,2,3,1.0,6.0
201700054091,0017-09-17 14:10:00,17,9,17,14,10,750,109,", PLACE DU HAVRE",48.8756,2.32683,Plein jour,En agglomération,Place,Normale,Deux véhicules - arrière,,,,,,,,,,,1,2,7,1.0,2.0
201700054092,0017-09-17 20:25:00,17,9,17,20,25,750,109,"41, BOULEVARD DE ROCHECH",48.8828,2.34434,Nuit avec éclairage allumé,En agglomération,Hors intersection,Temps couvert,Autre collision,,,,,,,,,,,5,2,1,8.0,6.0
201700054093,0017-09-18 08:20:00,17,9,18,8,20,750,109,"13, BOULEVARD HAUSSMANN",48.8727,2.3352,Plein jour,En agglomération,Place,Normale,Deux véhicules - arrière,,,,,,,,,,,1,2,7,1.0,2.0
201700054094,0017-09-20 14:05:00,17,9,20,14,5,750,102,BOULEVARD DES CAPUCINES,48.8711,2.33475,Plein jour,En agglomération,Intersection en X,Normale,Deux véhicules - côté,,,,,,,,,,,1,2,2,1.0,3.0
201700054095,0017-09-22 02:20:00,17,9,22,2,20,750,109,"35, RUE RODIER",48.8792,2.3432,Nuit avec éclairage allumé,En agglomération,Intersection en Y,Normale,Autre collision,,,,,,,,,,,5,2,4,1.0,6.0
201700054096,0017-09-25 15:35:00,17,9,25,15,35,750,109,"26, RUE SAINT GEORGES",48.8761,2.33709,Plein jour,En agglomération,Intersection en X,Normale,Autre collision,,,,,,,,,,,1,2,2,1.0,6.0
201700054097,0017-09-29 04:10:00,17,9,29,4,10,750,109,"70, RUE LA FAYETTE",48.876,2.34421,Nuit avec éclairage allumé,En agglomération,Hors intersection,Normale,Deux véhicules - côté,,,,,,,,,,,5,2,1,1.0,3.0
201700054098,0017-09-30 17:18:00,17,9,30,17,18,750,109,RUE DE MOGADOR,48.8762,2.33109,Plein jour,En agglomération,Intersection en X,Normale,Deux véhicules - côté,,,,,,,,,,,1,2,2,1.0,3.0