accident_id,datetime,annee,mois,jour,heure,minute,departement,commune_insee,adresse,latitude,longitude,luminosite,agglomeration,intersection,meteo,collision,nb_vehicules,nb_usagers,nb_indemnes,nb_tues,nb_blesses_hosp,nb_blesses_legers,age_cond_1,age_cond_2,veh_type_cond_1,veh_type_cond_2,lum_code,agg_code,int_code,atm_code,col_code
201700054099,0017-10-02 16:38:00,17,10,2,16,38,750,109,"8, PLACE DE L OPERA",48.8712,2.33237,Plein jour,En agglomération,Place,Normale,Trois véhicules et plus - en chaîne,,,,,,,,,,,1,2,7,1.0,4.0
201700054100,0017-10-02 16:40:00,17,10,2,16,40,750,109,"23, BOULEVARD HAUSSMANN",48.8729,2.33326,Plein jour,En agglomération,Intersection à plus de 4 branches,Normale,Trois véhicules et plus - collisions multiples,,,,,,,,,,,1,2,5,1.0,5.0
201700054101,0017-10-06 09:50:00,17,10,6,9,50,750,103,"13, BOULEVARD SAINT MART",48.8682,2.36076,Plein jour,En agglomération,Hors intersection,Normale,Deux véhicules - côté,,,,,,,,,,,1,2,1,1.0,3.0
201700054102,0017-10-08 15:00:00,17,10,8,15,0,750,109,BOULEVARD HAUSSMANN,48.8732,2.3311,Plein jour,En agglomération,Place,Normale,Sans collision,,,,,,,,,,,1,2,7,1.0,7.0
201700054103,0017-10-15 19:30:00,17,10,15,19,30,750,109,"64, BOULEVARD HAUSSMANN",48.8736,2.32832,Nuit avec éclairage allumé,En agglomération,Intersection en X,Normale,Autre collision,,,,,,,,,,,5,2,2,1.0,6.0
201700054104,0017-10-16 16:50:00,17,10,16,16,50,750,109,"41, RUE DE BELLEFOND",48.8783,2.345,Plein jour,En agglomération,Intersection à plus de 4 branches,Normale,Autre collision,,,,,,,,,,,1,2,5,1.0,6.0
201700054105,0017-10-20 10:45:00,17,10,20,10,45,750,109,"63, RUE DES MARTYRS",48.8813,2.33994,Plein jour,En agglomération,Hors intersection,Normale,Autre collision,,,,,,,,,,,1,2,1,1.0,6.0
201700054106,0017-10-20 12:30:00,17,10,20,12,30,750,109,"16, RUE PIERRE FONTAINE",48.8813,2.33437,Plein jour,En agglomération,Hors intersection,Normale,Autre collision,,,,,,,,,,,1,2,1,1.0,6.0
201700054107,0017-10-20 22:45:00,17,10,20,22,45,750,109,BOULEVARD HAUSSMANN,48.8734,2.32934,Nuit avec éclairage allumé,En agglomération,Hors intersection,Normale,Autre collision,,,,,,,,,,,5,2,1,1.0,6.0
201700054108,0017-10-23 14:25:00,17,10,23,14,25,750,109,"84, RUE DU FAUBOURG POIS",48.8772,2.34895,Plein jour,En agglomération,Intersection en X,Pluie légère,Autre collision,,,,,,,,,,,1,2,2,2.0,6.0
201700054109,0017-10-25 12:55:00,17,10,25,12,55,750,109,"28, RUE D AMSTERDAM",48.8772,2.3269,Plein jour,En agglomération,Intersection en T,Normale,Autre collision,,,,,,,,,,,1,2,3,1.0,6.0
201700054110,0017-10-26 20:10:00,17,10,26,20,10,750,109,"48, BOULEVARD HAUSSMANN",48.8732,2.3311,Nuit avec éclairage allumé,En agglomération,Place,Normale,Autre collision,,,,,,,,,,,5,2,7,1.0,6.0
201700054111,0017-10-31 09:50:00,17,10,31,9,50,750,109,"78, RUE DE CLICHY",48.8827,2.32776,Plein jour,En agglomération,Intersection en T,Normale,Deux véhicules - côté,,,,,,,,,,,1,2,3,1.0,3.0
201700054112,0017-11-05 06:47:00,17,11,5,6,47,750,109,"39, BOULEVARD DE ROCHECH",48.8828,2.34444,Nuit avec éclairage allumé,En agglomération,Intersection en T,Normale,Autre collision,,,,,,,,,,,5,2,3,1.0,6.0
201700054113,0017-11-06 20:50:00,17,11,6,20,50,750,109,"75 TER, BOULEVARD DE CLI",48.8841,2.3308,Nuit avec éclairage allumé,En agglomération,Place,Normale,Deux véhicules - côté,,,,,,,,,,,5,2,7,1.0,3.0
201700054114,0017-11-10 00:40:00,17,11,10,0,40,750,109,"52, BOULEVARD HAUSSMANN",48.8733,2.33032,Nuit avec éclairage allumé,En agglomération,Hors intersection,Pluie légère,Autre collision,,,,,,,,,,,5,2,1,2.0,6.0
201700054115,0017-11-10 08:45:00,17,11,10,8,45,750,109,RUE D AMSTERDAM,48.8779,2.3269,Nuit avec éclairage allumé,En agglomération,Intersection en T,Normale,Autre collision,,,,,,,,,,,5,2,3,1.0,6.0
201700054116,0017-11-11 19:25:00,17,11,11,19,25,750,109,"1, PLACE DIAGHILEV",48.8731,2.33165,Nuit avec éclairage non allumé,En agglomération,Place,Normale,Deux véhicules - côté,,,,,,,,,,,4,2,7,1.0,3.0
201700054117,0017-11-14 15:20:00,17,11,14,15,20,750,109,"45, RUE LA FAYETTE",48.8751,2.34096,Plein jour,En agglomération,Intersection à plus de 4 branches,Normale,Trois véhicules et plus - en chaîne,,,,,,,,,,,1,2,5,1.0,4.0
201700054118,0017-11-18 20:20:00,17,11,18,20,20,750,109,"4, RUE HALEVY",48.8712,2.33237,Nuit avec éclairage allumé,En agglomération,Place,Normale,Deux véhicules - arrière,,,,,,,,,,,5,2,7,1.0,2.0
201700054119,0017-11-21 02:25:00,17,11,21,2,25,750,109,"42, RUE DE CAUMARTIN",48.8736,2.32832,Nuit avec éclairage allumé,En agglomération,Intersection en X,Normale,Autre collision,,,,,,,,,,,5,2,2,1.0,6.0
201700054120,0017-11-21 16:55:00,17,11,21,16,55,750,109,"20, RUE MILTON",48.8782,2.34102,Crépuscule ou aube,En agglomération,Intersection en T,Temps couvert,Autre collision,,,,,,,,,,,2,2,3,8.0,6.0
201700054121,0017-11-22 14:35:00,17,11,22,14,35,750,109,"04, PLACE DE CLICHY",48.8837,2.3281,Plein jour,En agglomération,Place,Normale,Autre collision,,,,,,,,,,,1,2,7,1.0,6.0
201700054122,0017-11-22 16:30:00,17,11,22,16,30,750,109,"59, RUE DE CHATEAUDUN",48.8764,2.33248,Plein jour,En agglomération,Place,Normale,Autre collision,,,,,,,,,,,1,2,7,1.0,6.0
201700054123,0017-11-22 12:00:00,17,11,22,12,0,750,109,"13, PLACE PIGALLE",48.8821,2.3369,Plein jour,En agglomération,Place,Normale,Autre collision,,,,,,,,,,,1,2,7,1.0,6.0
201700054124,0017-11-23 21:30:00,17,11,23,21,30,750,109,"80, RUE DE PROVENCE",48.8743,2.33132,Nuit avec éclairage allumé,En agglomération,Intersection en X,Pluie légère,Deux véhicules - côté,,,,,,,,,,,5,2,2,2.0,3.0
201700054125,0017-11-25 09:00:00,17,11,25,9,0,750,109,RUE CONDORCET,48.8796,2.34582,Plein jour,En agglomération,Intersection en X,Pluie légère,Deux véhicules - côté,,,,,,,,,,,1,2,2,2.0,3.0
201700054126,0017-11-28 18:10:00,17,11,28,18,10,750,109,"6, PLACE DE L OPERA",48.8707,2.33257,Nuit avec éclairage allumé,En agglomération,Place,Temps couvert,Deux véhicules - côté,,,,,,,,,,,5,2,7,8.0,3.0
201700054127,0017-12-01 15:01:00,17,12,1,15,1,750,109,"28, RUE PIERRE FONTAINE",48.8822,2.33367,Plein jour,En agglomération,Intersection à plus de 4 branches,Temps couvert,Autre collision,,,,,,,,,,,1,2,5,8.0,6.0
201700054128,0017-12-03 19:35:00,17,12,3,19,35,750,109,"87, RUE TAITBOUT",48.8774,2.33555,Nuit avec éclairage allumé,En agglomération,Hors intersection,Pluie légère,Autre collision,,,,,,,,,,,5,2,1,2.0,6.0
201700054129,0017-12-04 14:25:00,17,12,4,14,25,750,109,"58, BOULEVARD HAUSSMANN",48.8734,2.32969,Plein jour,En agglomération,Intersection en T,Normale,Sans collision,,,,,,,,,,,1,2,3,1.0,7.0
201700054130,0017-12-04 19:37:00,17,12,4,19,37,750,109,"28, BOULEVARD HAUSSMANN",48.8727,2.3352,Nuit avec éclairage allumé,En agglomération,Intersection en T,Normale,Autre collision,,,,,,,,,,,5,2,3,1.0,6.0
201700054131,0017-12-05 18:40:00,17,12,5,18,40,750,109,"10, BOULEVARD DE LA MADE",48.8701,2.32904,Nuit avec éclairage allumé,En agglomération,Intersection en T,Normale,Autre collision,,,,,,,,,,,5,2,3,1.0,6.0
201700054132,0017-12-07 09:00:00,17,12,7,9,0,750,109,"28, BOULEVARD HAUSSMANN",48.8727,2.3352,Crépuscule ou aube,En agglomération,Intersection en T,Pluie légère,Deux véhicules - arrière,,,,,,,,,,,2,2,3,2.0,2.0
201700054133,0017-12-08 20:34:00,17,12,8,20,34,750,109,PLACE DE L OPERA,48.8711,2.33186,Nuit avec éclairage allumé,En agglomération,Place,Pluie légère,Trois véhicules et plus - en chaîne,,,,,,,,,,,5,2,7,2.0,4.0
201700054134,0017-12-10 17:00:00,17,12,10,17,0,750,109,"83, RUE LA FAYETTE",48.8769,2.34767,Nuit avec éclairage allumé,En agglomération,Hors intersection,Pluie forte,Autre collision,,,,,,,,,,,5,2,1,3.0,6.0
201700054135,0017-12-26 13:00:00,17,12,26,13,0,750,109,"85, RUE DE DUNKERQUE",48.8823,2.34568,Plein jour,En agglomération,Intersection en X,Normale,Deux véhicules - côté,,,,,,,,,,,1,2,2,1.0,3.0
201700054136,0017-12-27 20:06:00,17,12,27,20,6,750,109,"04, RUE DU HAVRE",48.8742,2.32692,Nuit avec éclairage allumé,En agglomération,Intersection en X,Pluie légère,Deux véhicules - côté,,,,,,,,,,,5,2,2,2.0,3.0
201700054137,0017-12-31 02:30:00,17,12,31,2,30,750,109,"28, RUE SAINT LAZARE",48.8767,2.33706,Nuit avec éclairage allumé,En agglomération,Intersection en X,Temps couvert,Deux véhicules - côté,,,,,,,,,,,5,2,2,8.0,3.0
201700054138,0017-01-04 10:00:00,17,1,4,10,0,750,110,"20, RUE JACQUES LOUVEL T",48.8712,2.37008,Plein jour,En agglomération,Intersection en X,Temps couvert,Autre collision,,,,,,,,,,,1,2,2,8.0,6.0
201700054139,0017-01-05 18:30:00,17,1,5,18,30,750,110,RUE DU FAUBOURG SAINT MA,48.8778,2.36159,Nuit avec éclairage allumé,En agglomération,Intersection en T,Normale,Deux véhicules - côté,,,,,,,,,,,5,2,3,1.0,3.0
201700054140,0017-01-07 13:25:00,17,1,7,13,25,750,110,"25 BIS, RUE DU CHATEAU L",48.8821,2.36325,Plein jour,En agglomération,Intersection à plus de 4 branches,Pluie légère,Autre collision,,,,,,,,,,,1,2,5,2.0,6.0
201700054141,0017-01-09 08:30:00,17,1,9,8,30,750,110,"152, AVENUE PARMENTIER",48.87,2.37099,Plein jour,En agglomération,Intersection en X,Pluie légère,Autre collision,,,,,,,,,,,1,2,2,2.0,6.0
201700054142,0017-01-09 10:00:00,17,1,9,10,0,750,110,"179, QUAI DE VALMY",48.88,2.36707,Plein jour,En agglomération,Intersection en T,Pluie légère,Autre collision,,,,,,,,,,,1,2,3,2.0,6.0
201700054143,0017-01-10 14:00:00,17,1,10,14,0,750,110,"51, RUE DE CHABROL",48.877,2.35216,Plein jour,En agglomération,Intersection en T,Normale,Autre collision,,,,,,,,,,,1,2,3,1.0,6.0
201700054144,0017-01-11 12:30:00,17,1,11,12,30,750,110,"54, BOULEVARD DE MAGENTA",48.8733,2.35877,Plein jour,En agglomération,Intersection à plus de 4 branches,Pluie légère,Deux véhicules - côté,,,,,,,,,,,1,2,5,2.0,3.0
201700054145,0017-01-13 18:25:00,17,1,13,18,25,750,110,"172, RUE DU FAUBOURG SAI",48.8775,2.36136,Nuit avec éclairage allumé,En agglomération,Intersection en Y,Pluie légère,Deux véhicules - côté,,,,,,,,,,,5,2,4,2.0,3.0
201700054146,0017-01-14 21:23:00,17,1,14,21,23,750,110,"20, BOULEVARD SAINT MART",48.869,2.35558,Nuit avec éclairage allumé,En agglomération,Intersection à plus de 4 branches,Normale,Deux véhicules - côté,,,,,,,,,,,5,2,5,1.0,3.0
201700054147,0017-01-18 16:35:00,17,1,18,16,35,750,110,RUE DU CHATEAU LANDON,48.8821,2.36325,Plein jour,En agglomération,Intersection en X,Normale,Autre collision,,,,,,,,,,,1,2,2,1.0,6.0
201700054148,0017-01-22 07:20:00,17,1,22,7,20,750,110,RUE DE VALENCIENNES,48.8782,2.35528,Nuit avec éclairage allumé,En agglomération,Hors intersection,Normale,Autre collision,,,,,,,,,,,5,2,1,1.0,6.0
201700054149,0017-01-22 13:50:00,17,1,22,13,50,750,110,"63, RUE DU FAUBOURG SAIN",48.8717,2.3572,Plein jour,En agglomération,Intersection en X,Normale,Deux véhicules - côté,,,,,,,,,,,1,2,2,1.0,3.0
201700054150,0017-01-28 20:30:00,17,1,28,20,30,750,110,"163, QUAI DE VALMY",48.8787,2.36624,Nuit avec éclairage allumé,En agglomération,Intersection en T,Normale,Deux véhicules - côté,,,,,,,,,,,5,2,3,1.0,3.0
201700054151,0017-01-30 20:30:00,17,1,30,20,30,750,110,"08, RUE DE DUNKERQUE",48.8796,2.35685,Nuit avec éclairage allumé,En agglomération,Hors intersection,Pluie légère,Deux véhicules - côté,,,,,,,,,,,5,2,1,2.0,3.0
201700054152,0017-02-02 08:40:00,17,2,2,8,40,750,110,"99, BOULEVARD DE MAGENTA",48.8782,2.35432,Plein jour,En agglomération,Hors intersection,Normale,Autre collision,,,,,,,,,,,1,2,1,1.0,6.0
201700054153,0017-02-03 20:10:00,17,2,3,20,10,750,110,"84, RUE DE L AQUEDUC",48.8841,2.36749,Nuit avec éclairage allumé,En agglomération,Intersection à plus de 4 branches,Pluie légère,Deux véhicules - côté,,,,,,,,,,,5,2,5,2.0,3.0
201700054154,0017-02-06 09:20:00,17,2,6,9,20,750,110,"120, BOULEVARD DE MAGENT",48.8793,2.35334,Plein jour,En agglomération,Intersection en X,Temps couvert,Deux véhicules - côté,,,,,,,,,,,1,2,2,8.0,3.0
201700054155,0017-02-06 18:00:00,17,2,6,18,0,750,110,"167, QUAI DE VALMY",48.8792,2.36673,Crépuscule ou aube,En agglomération,Intersection en T,Normale,Deux véhicules - côté,,,,,,,,,,,2,2,3,1.0,3.0
201700054156,0017-02-07 09:00:00,17,2,7,9,0,750,110,"103, BOULEVARD DE LA VIL",48.8796,2.37005,Plein jour,En agglomération,Hors intersection,Pluie légère,Autre collision,,,,,,,,,,,1,2,1,2.0,6.0
201700054157,0017-02-11 00:45:00,17,2,11,0,45,750,110,"35, BOULEVARD DE LA CHAP",48.8843,2.35985,Nuit avec éclairage allumé,En agglomération,Hors intersection,Normale,Autre collision,,,,,,,,,,,5,2,1,1.0,6.0
201700054158,0017-02-13 19:00:00,17,2,13,19,0,750,110,RUE LA FAYETTE,48.8823,2.3682,Nuit avec éclairage allumé,En agglomération,Hors intersection,Normale,Deux véhicules - côté,,,,,,,,,,,5,2,1,1.0,3.0
201700054159,0017-02-15 15:15:00,17,2,15,15,15,750,110,"61, BOULEVARD DE STRASBO",48.8734,2.35648,Plein jour,En agglomération,Intersection en X,Normale,Autre collision,,,,,,,,,,,1,2,2,1.0,6.0
201700054160,0017-02-18 04:50:00,17,2,18,4,50,750,110,"149, RUE LA FAYETTE",48.8793,2.35705,Nuit avec éclairage allumé,En agglomération,Intersection en X,Normale,Autre collision,,,,,,,,,,,5,2,2,1.0,6.0
201700054161,0017-02-25 09:45:00,17,2,25,9,45,750,110,"127, BOULEVARD DE MAGENT",48.8805,2.35226,Plein jour,En agglomération,Place,Normale,Deux véhicules - côté,,,,,,,,,,,1,2,7,1.0,3.0
201700054162,0017-02-26 06:05:00,17,2,26,6,5,750,110,"129, BOULEVARD DE LA VIL",48.8815,2.37005,Nuit avec éclairage allumé,En agglomération,Intersection en X,Normale,Autre collision,,,,,,,,,,,5,2,2,1.0,6.0
201700054163,0017-02-27 08:40:00,17,2,27,8,40,750,110,"189, QUAI DE VALMY",48.8808,2.3677,Plein jour,En agglomération,Hors intersection,Normale,Deux véhicules - arrière,,,,,,,,,,,1,2,1,1.0,2.0
201700054164,0017-02-28 12:20:00,17,2,28,12,20,750,110,"197-199, RUE LA FAYETTE",48.8807,2.36241,Plein jour,En agglomération,Intersection en X,Normale,Sans collision,,,,,,,,,,,1,2,2,1.0,7.0
201700054165,0017-03-01 13:40:00,17,3,1,13,40,750,110,"94, BOULEVARD DE MAGENTA",48.8772,2.35521,Plein jour,En agglomération,Intersection en X,Pluie légère,Autre collision,,,,,,,,,,,1,2,2,2.0,6.0
201700054166,0017-03-02 16:07:00,17,3,2,16,7,750,110,"240, RUE DU FAUBOURG SAI",48.8816,2.36578,Plein jour,En agglomération,Intersection en X,Normale,Autre collision,,,,,,,,,,,1,2,2,1.0,6.0
201700054167,0017-03-03 15:50:00,17,3,3,15,50,750,110,"54, RUE DU FAUBOURG POIS",48.8748,2.34801,Plein jour,En agglomération,Hors intersection,Normale,Deux véhicules - arrière,,,,,,,,,,,1,2,1,1.0,2.0
201700054168,0017-03-03 20:25:00,17,3,3,20,25,750,110,"83, RUE DE MAUBEUGE",48.8798,2.34996,Nuit avec éclairage allumé,En agglomération,Hors intersection,Normale,Autre collision,,,,,,,,,,,5,2,1,1.0,6.0
201700054169,0017-03-03 15:40:00,17,3,3,15,40,750,110,"234, RUE LA FAYETTE",48.8825,2.36918,Plein jour,En agglomération,Intersection en T,Normale,Deux véhicules - côté,,,,,,,,,,,1,2,3,1.0,3.0
201700054170,0017-03-05 17:00:00,17,3,5,17,0,750,110,"87, BOULEVARD DE MAGENTA",48.8775,2.35494,Plein jour,En agglomération,Hors intersection,Pluie forte,Trois véhicules et plus - en chaîne,,,,,,,,,,,1,2,1,3.0,4.0
201700054171,0017-03-07 18:20:00,17,3,7,18,20,750,110,"83, BOULEVARD DE LA VILL",48.8774,2.37065,Crépuscule ou aube,En agglomération,Hors intersection,Pluie légère,Deux véhicules - arrière,,,,,,,,,,,2,2,1,2.0,2.0
201700054172,0017-03-08 14:35:00,17,3,8,14,35,750,110,"107, RUE LA FAYETTE",48.8778,2.35121,Plein jour,En agglomération,Place,Temps couvert,Deux véhicules - côté,,,,,,,,,,,1,2,7,8.0,3.0
201700054173,0017-03-12 00:55:00,17,3,12,0,55,750,103,"19, BOULEVARD SAINT MART",48.8683,2.35987,Nuit avec éclairage allumé,En agglomération,Hors intersection,Normale,Autre collision,,,,,,,,,,,5,2,1,1.0,6.0
201700054174,0017-03-13 09:00:00,17,3,13,9,0,750,110,QUAI DE VALMY,48.8695,2.36635,Plein jour,En agglomération,Hors intersection,Normale,Deux véhicules - arrière,,,,,,,,,,,1,2,1,1.0,2.0
201700054175,0017-03-13 13:20:00,17,3,13,13,20,750,110,"39, BOULEVARD DE LA CHAP",48.884,2.35553,Plein jour,En agglomération,Intersection en X,Normale,Autre collision,,,,,,,,,,,1,2,2,1.0,6.0
201700054176,0017-03-14 13:20:00,17,3,14,13,20,750,110,"13, RUE DE DUNKERQUE",48.8797,2.35649,Plein jour,En agglomération,Hors intersection,Normale,Autre collision,,,,,,,,,,,1,2,1,1.0,6.0
201700054177,0017-03-16 17:55:00,17,3,16,17,55,750,110,RUE LA FAYETTE,48.879,2.35573,Plein jour,En agglomération,Intersection en X,Normale,Autre collision,,,,,,,,,,,1,2,2,1.0,6.0
201700054178,0017-03-27 09:30:00,17,3,27,9,30,750,110,"25, BOULEVARD DE STRASBO",48.871,2.35519,Plein jour,En agglomération,Intersection en X,Normale,Deux véhicules - côté,,,,,,,,,,,1,2,2,1.0,3.0
201700054179,0017-03-27 08:13:00,17,3,27,8,13,750,110,"69, RUE DU FAUBOURG SAIN",48.872,2.35737,Plein jour,En agglomération,Hors intersection,Normale,Deux véhicules - arrière,,,,,,,,,,,1,2,1,1.0,2.0
201700054180,0017-03-27 19:30:00,17,3,27,19,30,750,110,"165, QUAI DE VALMY",48.8787,2.36624,Plein jour,En agglomération,Intersection en T,Normale,Deux véhicules - côté,,,,,,,,,,,1,2,3,1.0,3.0
201700054181,0017-03-29 00:50:00,17,3,29,0,50,750,110,"171, RUE LA FAYETTE",48.8799,2.35915,Nuit avec éclairage allumé,En agglomération,Hors intersection,Normale,Deux véhicules - frontale,,,,,,,,,,,5,2,1,1.0,1.0
201700054182,0017-03-29 21:10:00,17,3,29,21,10,750,110,"83, BOULEVARD DE LA VILL",48.8777,2.37054,Nuit avec éclairage allumé,En agglomération,Place,Normale,Autre collision,,,,,,,,,,,5,2,7,1.0,6.0
201700054183,0017-04-04 10:25:00,17,4,4,10,25,750,110,"45, BOULEVARD DE LA CHAP",48.8837,2.35124,Plein jour,En agglomération,Intersection en X,Normale,Autre collision,,,,,,,,,,,1,2,2,1.0,6.0
201700054184,0017-04-08 18:00:00,17,4,8,18,0,750,110,"29, RUE DES RECOLLETS",48.875,2.35988,Plein jour,En agglomération,Hors intersection,Normale,Autre collision,,,,,,,,,,,1,2,1,1.0,6.0
201700054185,0017-04-08 20:50:00,17,4,8,20,50,750,110,"1, BOULEVARD DE MAGENTA",48.8686,2.363,Crépuscule ou aube,En agglomération,Place,Normale,Deux véhicules - côté,,,,,,,,,,,2,2,7,1.0,3.0
201700054186,0017-04-13 02:00:00,17,4,13,2,0,750,110,"70, BOULEVARD DE MAGENTA",48.8749,2.35731,Nuit avec éclairage allumé,En agglomération,Intersection en X,Normale,Autre collision,,,,,,,,,,,5,2,2,1.0,6.0
201700054187,0017-04-13 07:40:00,17,4,13,7,40,750,110,"153, BOULEVARD DE MAGENT",48.8833,2.34975,Plein jour,En agglomération,Intersection en Y,Normale,Deux véhicules - côté,,,,,,,,,,,1,2,4,1.0,3.0
201700054188,0017-04-13 17:40:00,17,4,13,17,40,750,110,"32, RUE CAIL",48.8827,2.36076,Plein jour,En agglomération,Hors intersection,Normale,Autre collision,,,,,,,,,,,1,2,1,1.0,6.0
201700054189,0017-04-20 18:25:00,17,4,20,18,25,750,110,"55, BOULEVARD DE MAGENTA",48.8737,2.35826,Plein jour,En agglomération,Intersection en X,Normale,Deux véhicules - côté,,,,,,,,,,,1,2,2,1.0,3.0
201700054190,0017-04-20 23:40:00,17,4,20,23,40,750,110,"24, BOULEVARD DE LA VILL",48.8732,2.37541,Nuit avec éclairage allumé,En agglomération,Hors intersection,Normale,Autre collision,,,,,,,,,,,5,2,1,1.0,6.0
201700054191,0017-04-21 19:20:00,17,4,21,19,20,750,110,"109, RUE LA FAYETTE",48.878,2.35211,Plein jour,En agglomération,Place,Normale,Deux véhicules - côté,,,,,,,,,,,1,2,7,1.0,3.0
201700054192,0017-04-22 19:00:00,17,4,22,19,0,750,110,"15, BOULEVARD DE LA VILL",48.873,2.37573,Plein jour,En agglomération,Hors intersection,Normale,Autre collision,,,,,,,,,,,1,2,1,1.0,6.0
201700054193,0017-04-23 19:40:00,17,4,23,19,40,750,110,"44, RUE BICHAT",48.8737,2.3649,Plein jour,En agglomération,Intersection en X,Normale,Autre collision,,,,,,,,,,,1,2,2,1.0,6.0
201700054194,0017-04-25 17:10:00,17,4,25,17,10,750,110,"18, BOULEVARD DE STRASBO",48.8709,2.35513,Plein jour,En agglomération,Hors intersection,Normale,Deux véhicules - arrière,,,,,,,,,,,1,2,1,1.0,2.0
201700054195,0017-04-26 15:15:00,17,4,26,15,15,750,110,"19, RUE DE BELZUNCE",48.8796,2.34947,Plein jour,En agglomération,Intersection à plus de 4 branches,Normale,Autre collision,,,,,,,,,,,1,2,5,1.0,6.0
201700054196,0017-04-27 15:00:00,17,4,27,15,0,750,110,"22, RUE DES PETITES ECUR",48.8736,2.35195,Plein jour,En agglomération,Hors intersection,Normale,Deux véhicules - côté,,,,,,,,,,,1,2,1,1.0,3.0
201700054197,0017-04-28 07:45:00,17,4,28,7,45,750,110,"163, QUAI DE VALMY",48.8787,2.36624,Plein jour,En agglomération,Intersection en T,Pluie légère,Autre collision,,,,,,,,,,,1,2,3,2.0,6.0
201700054198,0017-04-30 19:00:00,17,4,30,19,0,750,110,"91, BOULEVARD DE LA VILL",48.8787,2.37009,Crépuscule ou aube,En agglomération,Hors intersection,Pluie forte,Deux véhicules - côté,,,,,,,,,,,2,2,1,3.0,3.0
201700054199,0017-04-30 21:30:00,17,4,30,21,30,750,110,"59, RUE BICHAT",48.8732,2.36567,Nuit avec éclairage allumé,En agglomération,Hors intersection,Pluie légère,Autre collision,,,,,,,,,,,5,2,1,2.0,6.0
201700054200,0017-05-03 07:30:00,17,5,3,7,30,750,110,"4, BOULEVARD DE STRASBOU",48.8699,2.35454,Plein jour,En agglomération,Hors intersection,Normale,Autre collision,,,,,,,,,,,1,2,1,1.0,6.0
201700054201,0017-05-03 15:15:00,17,5,3,15,15,750,110,"90, RUE LA FAYETTE",48.8772,2.34895,Plein jour,En agglomération,Intersection en X,Pluie légère,Deux véhicules - côté,,,,,,,,,,,1,2,2,2.0,3.0
201700054202,0017-05-07 02:50:00,17,5,7,2,50,750,110,"53, BOULEVARD DE MAGENTA",48.8737,2.35826,Nuit avec éclairage allumé,En agglomération,Intersection en X,Pluie forte,Autre collision,,,,,,,,,,,5,2,2,3.0,6.0
201700054203,0017-05-07 04:30:00,17,5,7,4,30,750,110,"140, BOULEVARD DE MAGENT",48.8811,2.35167,Nuit avec éclairage allumé,En agglomération,Hors intersection,Pluie légère,Autre collision,,,,,,,,,,,5,2,1,2.0,6.0
201700054204,0017-05-08 11:35:00,17,5,8,11,35,750,110,"125, RUE DU FAUBOURG SAI",48.8753,2.35921,Plein jour,En agglomération,Intersection à plus de 4 branches,Normale,Deux véhicules - côté,,,,,,,,,,,1,2,5,1.0,3.0
201700054205,0017-05-12 03:20:00,17,5,12,3,20,750,110,"01, BOULEVARD DE STRASBO",48.8693,2.35421,Nuit avec éclairage allumé,En agglomération,Intersection en X,Normale,Autre collision,,,,,,,,,,,5,2,2,1.0,6.0
201700054206,0017-05-12 10:25:00,17,5,12,10,25,750,110,"163, QUAI DE VALMY",48.8787,2.36624,Plein jour,En agglomération,Intersection en T,Normale,Deux véhicules - côté,,,,,,,,,,,1,2,3,1.0,3.0
201700054207,0017-05-19 08:00:00,17,5,19,8,0,750,110,"135, BOULEVARD DE MAGENT",48.8815,2.35134,Plein jour,En agglomération,Intersection en Y,Temps couvert,Deux véhicules - côté,,,,,,,,,,,1,2,4,8.0,3.0
201700054208,0017-05-20 14:20:00,17,5,20,14,20,750,110,"51, BOULEVARD DE LA CHAP",48.8837,2.35036,Plein jour,En agglomération,Hors intersection,Normale,Autre collision,,,,,,,,,,,1,2,1,1.0,6.0
201700054209,0017-05-21 20:10:00,17,5,21,20,10,750,110,"13, RUE DU CHATEAU LANDO",48.8804,2.36209,Plein jour,En agglomération,Hors intersection,Normale,Autre collision,,,,,,,,,,,1,2,1,1.0,6.0
201700054210,0017-05-21 23:20:00,17,5,21,23,20,750,110,"34, BOULEVARD DE BONNE N",48.8704,2.34923,Nuit avec éclairage allumé,En agglomération,Hors intersection,Normale,Autre collision,,,,,,,,,,,5,2,1,1.0,6.0
201700054211,0017-05-22 23:45:00,17,5,22,23,45,750,110,"31, BOULEVARD DE MAGENTA",48.8815,2.35134,Nuit avec éclairage allumé,En agglomération,Intersection en T,Normale,Autre collision,,,,,,,,,,,5,2,3,1.0,6.0
201700054212,0017-05-25 03:40:00,17,5,25,3,40,750,110,QUAI DE VALMY,48.8714,2.36488,Nuit avec éclairage allumé,En agglomération,Hors intersection,Normale,Autre collision,,,,,,,,,,,5,2,1,1.0,6.0
201700054213,0017-05-26 15:50:00,17,5,26,15,50,750,110,"274, RUE DU FAUBOURG SAI",48.884,2.3687,Plein jour,En agglomération,Place,Temps éblouissant,Deux véhicules - côté,,,,,,,,,,,1,2,7,7.0,3.0
201700054214,0017-05-27 19:00:00,17,5,27,19,0,750,110,BOULEVARD DE MAGENTA,48.8815,2.35134,Plein jour,En agglomération,Intersection en Y,Normale,Deux véhicules - côté,,,,,,,,,,,1,2,4,1.0,3.0
201700054215,0017-05-31 22:45:00,17,5,31,22,45,750,110,"24, RUE DU BUISSON SAINT",48.8727,2.3742,Nuit avec éclairage allumé,En agglomération,Hors intersection,Normale,Autre collision,,,,,,,,,,,5,2,1,1.0,6.0
201700054216,0017-06-02 08:10:00,17,6,2,8,10,750,110,"/, PLACE DE LA BATAILLE",48.884,2.3687,Plein jour,En agglomération,Place,Normale,Deux véhicules - côté,,,,,,,,,,,1,2,7,1.0,3.0