accident_id,datetime,annee,mois,jour,heure,minute,departement,commune_insee,adresse,latitude,longitude,luminosite,agglomeration,intersection,meteo,collision,nb_vehicules,nb_usagers,nb_indemnes,nb_tues,nb_blesses_hosp,nb_blesses_legers,age_cond_1,age_cond_2,veh_type_cond_1,veh_type_cond_2,lum_code,agg_code,int_code,atm_code,col_code
201700054217,0017-06-02 18:00:00,17,6,2,18,0,750,110,"27, RUE DE SAINT QUENTIN",48.879,2.35573,Plein jour,En agglomération,Intersection en X,Pluie légère,Deux véhicules - côté,,,,,,,,,,,1,2,2,2.0,3.0
201700054218,0017-06-02 18:40:00,17,6,2,18,40,750,110,"42, RUE DE LANCRY",48.8716,2.36221,Plein jour,En agglomération,Hors intersection,Pluie légère,Deux véhicules - côté,,,,,,,,,,,1,2,1,2.0,3.0
201700054219,0017-06-05 13:30:00,17,6,5,13,30,750,110,"168, RUE DU FAUBOURG SAI",48.8773,2.36125,Plein jour,En agglomération,Hors intersection,Normale,Autre collision,,,,,,,,,,,1,2,1,1.0,6.0
201700054220,0017-06-07 20:35:00,17,6,7,20,35,750,110,"246, RUE DU FAUBOURG SAI",48.8823,2.3666,Plein jour,En agglomération,Hors intersection,Normale,Autre collision,,,,,,,,,,,1,2,1,1.0,6.0
201700054221,0017-06-10 09:50:00,17,6,10,9,50,750,110,"13, RUE GUY PATIN",48.8837,2.35124,Plein jour,En agglomération,Intersection en X,Normale,Autre collision,,,,,,,,,,,1,2,2,1.0,6.0
201700054222,0017-06-10 11:10:00,17,6,10,11,10,750,110,"27, BOULEVARD DE MAGENTA",48.8712,2.36065,Plein jour,En agglomération,Hors intersection,Normale,Trois véhicules et plus - en chaîne,,,,,,,,,,,1,2,1,1.0,4.0
201700054223,0017-06-12 23:15:00,17,6,12,23,15,750,110,RUE LA FAYETTE,48.8827,2.37017,Nuit avec éclairage allumé,En agglomération,Intersection à plus de 4 branches,Normale,Deux véhicules - côté,,,,,,,,,,,5,2,5,1.0,3.0
201700054224,0017-06-21 15:15:00,17,6,21,15,15,750,110,"177, RUE DU FAUBOURG SAI",48.8806,2.35772,Plein jour,En agglomération,Hors intersection,Normale,Autre collision,,,,,,,,,,,1,2,1,1.0,6.0
201700054225,0017-06-23 10:50:00,17,6,23,10,50,750,110,"156, AVENUE PARMENTIER",48.8704,2.3707,Plein jour,En agglomération,Hors intersection,Normale,Deux véhicules - côté,,,,,,,,,,,1,2,1,1.0,3.0
201700054226,0017-06-25 01:45:00,17,6,25,1,45,750,110,"1, RUE DU FAUBOURG SAINT",48.869,2.35558,Nuit avec éclairage allumé,En agglomération,Intersection à plus de 4 branches,Normale,Deux véhicules - côté,,,,,,,,,,,5,2,5,1.0,3.0
201700054227,0017-06-26 22:00:00,17,6,26,22,0,750,110,"61, QUAI DE VALMY",48.8711,2.36514,Plein jour,En agglomération,Hors intersection,Normale,Autre collision,,,,,,,,,,,1,2,1,1.0,6.0
201700054228,0017-06-27 08:10:00,17,6,27,8,10,750,110,"21, BOULEVARD DE LA CHAP",48.8843,2.3615,Plein jour,En agglomération,Intersection à plus de 4 branches,Temps couvert,Deux véhicules - côté,,,,,,,,,,,1,2,5,8.0,3.0
201700054229,0017-06-29 15:50:00,17,6,29,15,50,750,110,"12, RUE DE SAINT QUENTIN",48.8782,2.35552,Plein jour,En agglomération,Intersection en X,Temps couvert,Autre collision,,,,,,,,,,,1,2,2,8.0,6.0
201700054230,0017-07-01 16:50:00,17,7,1,16,50,750,110,BOULEVARD DE STRASBOURG,48.8693,2.35421,Plein jour,En agglomération,Intersection en X,Normale,Autre collision,,,,,,,,,,,1,2,2,1.0,6.0
201700054231,0017-07-02 13:40:00,17,7,2,13,40,750,110,"1, BOULEVARD DE MAGENTA",48.8686,2.363,Plein jour,En agglomération,Place,Normale,Deux véhicules - côté,,,,,,,,,,,1,2,7,1.0,3.0
201700054232,0017-07-02 22:00:00,17,7,2,22,0,750,110,"190, RUE DU FAUBOURG SAI",48.8788,2.36238,Crépuscule ou aube,En agglomération,Intersection en Y,Normale,Deux véhicules - côté,,,,,,,,,,,2,2,4,1.0,3.0
201700054233,0017-07-03 16:10:00,17,7,3,16,10,750,110,"16, RUE DU FAUBOURG SAIN",48.8698,2.35601,Plein jour,En agglomération,Hors intersection,Normale,Deux véhicules - côté,,,,,,,,,,,1,2,1,1.0,3.0
201700054234,0017-07-03 16:10:00,17,7,3,16,10,750,110,"250, RUE DU FAUBOURG SAI",48.8825,2.36686,Plein jour,En agglomération,Hors intersection,Normale,Autre collision,,,,,,,,,,,1,2,1,1.0,6.0
201700054235,0017-07-03 19:35:00,17,7,3,19,35,750,110,"187, RUE DU FAUBOURG SAI",48.8793,2.36293,Plein jour,En agglomération,Intersection en T,Normale,Deux véhicules - côté,,,,,,,,,,,1,2,3,1.0,3.0
201700054236,0017-07-04 07:50:00,17,7,4,7,50,750,110,"47, BOULEVARD DE LA CHAP",48.8837,2.35078,Plein jour,En agglomération,Hors intersection,Normale,Deux véhicules - côté,,,,,,,,,,,1,2,1,1.0,3.0
201700054237,0017-07-07 18:20:00,17,7,7,18,20,750,110,"137, BOULEVARD DE LA VIL",48.8823,2.37002,Plein jour,En agglomération,Intersection en Y,Normale,Deux véhicules - côté,,,,,,,,,,,1,2,4,1.0,3.0
201700054238,0017-07-11 12:40:00,17,7,11,12,40,750,110,"54, BOULEVARD DE MAGENTA",48.8733,2.35877,Plein jour,En agglomération,Intersection à plus de 4 branches,Normale,Deux véhicules - côté,,,,,,,,,,,1,2,5,1.0,3.0
201700054239,0017-07-11 15:20:00,17,7,11,15,20,750,110,"42, BOULEVARD DE STRASBO",48.8728,2.35619,Plein jour,En agglomération,Hors intersection,Normale,Autre collision,,,,,,,,,,,1,2,1,1.0,6.0
201700054240,0017-07-17 12:18:00,17,7,17,12,18,750,110,"18, AVENUE CLAUDE VELLEF",48.8732,2.37009,Plein jour,En agglomération,Hors intersection,Normale,Autre collision,,,,,,,,,,,1,2,1,1.0,6.0
201700054241,0017-07-24 00:30:00,17,7,24,0,30,750,110,"160, BOULEVARD DE MAGENT",48.8828,2.35016,Nuit avec éclairage allumé,En agglomération,Hors intersection,Pluie forte,Deux véhicules - arrière,,,,,,,,,,,5,2,1,3.0,2.0
201700054242,0017-07-24 12:00:00,17,7,24,12,0,750,110,"30, RUE DU FAUBOURG SAIN",48.8701,2.35616,Plein jour,En agglomération,Hors intersection,Temps couvert,Autre collision,,,,,,,,,,,1,2,1,8.0,6.0
201700054243,0017-07-25 19:30:00,17,7,25,19,30,750,110,QUAI DE JEMMAPES,48.871,2.36592,Crépuscule ou aube,En agglomération,Intersection en X,Normale,Deux véhicules - côté,,,,,,,,,,,2,2,2,1.0,3.0
201700054244,0017-07-26 21:10:00,17,7,26,21,10,750,110,"77, BOULEVARD DE MAGENTA",48.8762,2.35611,Crépuscule ou aube,En agglomération,Intersection en T,Pluie légère,Deux véhicules - côté,,,,,,,,,,,2,2,3,2.0,3.0
201700054245,0017-07-28 13:20:00,17,7,28,13,20,750,110,"172, RUE DU FAUBOURG SAI",48.8775,2.36136,Plein jour,En agglomération,Intersection en T,Normale,Deux véhicules - côté,,,,,,,,,,,1,2,3,1.0,3.0
201700054246,0017-07-31 15:00:00,17,7,31,15,0,750,119,"118, BOULEVARD DE LA VIL",48.8775,2.37097,Plein jour,En agglomération,Hors intersection,Normale,Deux véhicules - côté,,,,,,,,,,,1,2,1,1.0,3.0
201700054247,0017-08-04 18:40:00,17,8,4,18,40,750,110,"245, RUE DU FAUBOURG SAI",48.8825,2.36694,Plein jour,En agglomération,Intersection en T,Normale,Autre collision,,,,,,,,,,,1,2,3,1.0,6.0
201700054248,0017-08-09 23:30:00,17,8,9,23,30,750,110,"153, RUE LA FAYETTE",48.8792,2.35676,Nuit avec éclairage allumé,En agglomération,Hors intersection,Pluie légère,Autre collision,,,,,,,,,,,5,2,1,2.0,6.0
201700054249,0017-08-16 07:00:00,17,8,16,7,0,750,110,"77, BOULEVARD DE MAGENTA",48.8762,2.35611,Plein jour,En agglomération,Intersection en Y,Normale,Deux véhicules - côté,,,,,,,,,,,1,2,4,1.0,3.0
201700054250,0017-08-19 20:00:00,17,8,19,20,0,750,110,BOULEVARD DE STRASBOURG,48.8693,2.35421,Plein jour,En agglomération,Intersection en X,Normale,Deux véhicules - côté,,,,,,,,,,,1,2,2,1.0,3.0
201700054251,0017-08-22 12:17:00,17,8,22,12,17,750,110,"117, QUAI DE VALMY",48.8753,2.36333,Plein jour,En agglomération,Intersection en T,Normale,Deux véhicules - côté,,,,,,,,,,,1,2,3,1.0,3.0
201700054252,0017-08-24 22:10:00,17,8,24,22,10,750,110,"200, RUE LA FAYETTE",48.8812,2.36441,Nuit avec éclairage allumé,En agglomération,Hors intersection,Normale,Deux véhicules - arrière,,,,,,,,,,,5,2,1,1.0,2.0
201700054253,0017-08-26 02:15:00,17,8,26,2,15,750,110,"159, RUE LA FAYETTE",48.8795,2.3579,Nuit avec éclairage allumé,En agglomération,Hors intersection,Normale,Autre collision,,,,,,,,,,,5,2,1,1.0,6.0
201700054254,0017-08-26 15:15:00,17,8,26,15,15,750,110,"53, BOULEVARD DE STRASBO",48.8726,2.35611,Plein jour,En agglomération,Hors intersection,Normale,Deux véhicules - côté,,,,,,,,,,,1,2,1,1.0,3.0
201700054255,0017-08-27 10:25:00,17,8,27,10,25,750,110,"223, RUE DU FAUBOURG SAI",48.8811,2.36516,Plein jour,En agglomération,Intersection en X,Normale,Deux véhicules - côté,,,,,,,,,,,1,2,2,1.0,3.0
201700054256,0017-09-01 00:45:00,17,9,1,0,45,750,110,"99, BOULEVARD DE MAGENTA",48.8784,2.35421,Nuit avec éclairage allumé,En agglomération,Intersection en Y,Normale,Autre collision,,,,,,,,,,,5,2,4,1.0,6.0
201700054257,0017-09-02 15:50:00,17,9,2,15,50,750,110,"66, QUAI DE JEMMAPES",48.871,2.36592,Plein jour,En agglomération,Intersection en X,Normale,Deux véhicules - côté,,,,,,,,,,,1,2,2,1.0,3.0
201700054258,0017-09-06 01:40:00,17,9,6,1,40,750,110,"230, BOULEVARD DE LA CHA",48.8843,2.35932,Nuit avec éclairage allumé,En agglomération,Intersection à plus de 4 branches,Normale,Deux véhicules - arrière,,,,,,,,,,,5,2,5,1.0,2.0
201700054259,0017-09-08 23:50:00,17,9,8,23,50,750,103,"23, BOULEVARD SAINT MART",48.8684,2.35947,Nuit avec éclairage allumé,En agglomération,Hors intersection,Pluie forte,Autre collision,,,,,,,,,,,5,2,1,3.0,6.0
201700054260,0017-09-09 14:36:00,17,9,9,14,36,750,110,"78, BOULEVARD DE STRASBO",48.8749,2.35731,Plein jour,En agglomération,Intersection à plus de 4 branches,Temps couvert,Deux véhicules - côté,,,,,,,,,,,1,2,5,8.0,3.0
201700054261,0017-09-09 23:30:00,17,9,9,23,30,750,110,BOULEVARD DE LA CHAPELLE,48.8843,2.35932,Nuit avec éclairage allumé,En agglomération,Intersection à plus de 4 branches,Normale,Deux véhicules - côté,,,,,,,,,,,5,2,5,1.0,3.0
201700054262,0017-09-10 12:40:00,17,9,10,12,40,750,110,BOULEVARD DE MAGENTA,48.8694,2.36217,Plein jour,En agglomération,Hors intersection,Normale,Sans collision,,,,,,,,,,,1,2,1,1.0,7.0
201700054263,0017-09-10 15:24:00,17,9,10,15,24,750,110,"18, RUE YVES TOUDIC",48.87,2.3637,Plein jour,En agglomération,Intersection à plus de 4 branches,Normale,Deux véhicules - côté,,,,,,,,,,,1,2,5,1.0,3.0
201700054264,0017-09-11 00:30:00,17,9,11,0,30,750,110,"166, RUE DU FAUBOURG SAI",48.8783,2.36185,Nuit avec éclairage allumé,En agglomération,Hors intersection,Pluie légère,Deux véhicules - côté,,,,,,,,,,,5,2,1,2.0,3.0
201700054265,0017-09-11 07:35:00,17,9,11,7,35,750,110,"145, RUE DU FAUBOURG SAI",48.8767,2.3609,Plein jour,En agglomération,Hors intersection,Normale,Deux véhicules - côté,,,,,,,,,,,1,2,1,1.0,3.0
201700054266,0017-09-12 09:00:00,17,9,12,9,0,750,110,"111, RUE LA FAYETTE",48.878,2.35211,Plein jour,En agglomération,Place,Normale,Autre collision,,,,,,,,,,,1,2,7,1.0,6.0
201700054267,0017-09-12 22:20:00,17,9,12,22,20,750,110,"191, QUAI DE VALMY",48.8809,2.3678,Nuit avec éclairage allumé,En agglomération,Hors intersection,Normale,Autre collision,,,,,,,,,,,5,2,1,1.0,6.0
201700054268,0017-09-16 02:45:00,17,9,16,2,45,750,110,"118, BOULEVARD DE MAGENT",48.8791,2.35349,Nuit avec éclairage allumé,En agglomération,Hors intersection,Normale,Deux véhicules - arrière,,,,,,,,,,,5,2,1,1.0,2.0
201700054269,0017-09-18 12:20:00,17,9,18,12,20,750,110,BOULEVARD DE STRASBOURG,48.8761,2.35824,Plein jour,En agglomération,Intersection en X,Normale,Autre collision,,,,,,,,,,,1,2,2,1.0,6.0
201700054270,0017-09-21 15:32:00,17,9,21,15,32,750,110,"26, RUE DE DUNKERQUE",48.8808,2.35114,Plein jour,En agglomération,Intersection en X,Normale,Deux véhicules - côté,,,,,,,,,,,1,2,2,1.0,3.0
201700054271,0017-09-26 21:14:00,17,9,26,21,14,750,110,"43, QUAI DE VALMY",48.8697,2.36618,Nuit avec éclairage allumé,En agglomération,Intersection en T,Normale,Autre collision,,,,,,,,,,,5,2,3,1.0,6.0
201700054272,0017-09-27 12:30:00,17,9,27,12,30,750,110,"249, RUE LA FAYETTE",48.8827,2.37017,Plein jour,En agglomération,Intersection en X,Normale,Deux véhicules - côté,,,,,,,,,,,1,2,2,1.0,3.0
201700054273,0017-10-04 13:20:00,17,10,4,13,20,750,110,"8, BOULEVARD DE MAGENTA",48.8693,2.36229,Plein jour,En agglomération,Hors intersection,Normale,Sans collision,,,,,,,,,,,1,2,1,1.0,7.0
201700054274,0017-10-04 21:00:00,17,10,4,21,0,750,110,BOULEVARD DE LA CHAPELLE,48.8843,2.36461,Nuit avec éclairage allumé,En agglomération,Place,Normale,Trois véhicules et plus - collisions multiples,,,,,,,,,,,5,2,7,1.0,5.0
201700054275,0017-10-05 20:20:00,17,10,5,20,20,750,110,"66, AVENUE CLAUDE VELLEF",48.8772,2.37027,Nuit avec éclairage allumé,En agglomération,Intersection en T,Normale,Autre collision,,,,,,,,,,,5,2,3,1.0,6.0
201700054276,0017-10-10 06:25:00,17,10,10,6,25,750,110,"202, RUE LA FAYETTE",48.8813,2.36476,Nuit avec éclairage allumé,En agglomération,Intersection en X,Temps couvert,Autre collision,,,,,,,,,,,5,2,2,8.0,6.0
201700054277,0017-10-11 20:00:00,17,10,11,20,0,750,110,"69, RUE DU FAUBOURG SAIN",48.872,2.35737,Nuit avec éclairage allumé,En agglomération,Hors intersection,Normale,Autre collision,,,,,,,,,,,5,2,1,1.0,6.0
201700054278,0017-10-12 10:40:00,17,10,12,10,40,750,110,"9, RUE DE PARADIS",48.8746,2.35414,Plein jour,En agglomération,Hors intersection,Normale,Autre collision,,,,,,,,,,,1,2,1,1.0,6.0
201700054279,0017-10-14 12:30:00,17,10,14,12,30,750,110,"131, RUE DU FAUBOURG DU",48.8717,2.37586,Plein jour,En agglomération,Intersection en T,Normale,Autre collision,,,,,,,,,,,1,2,3,1.0,6.0
201700054280,0017-10-15 16:00:00,17,10,15,16,0,750,110,RUE LA FAYETTE,48.879,2.35573,Plein jour,En agglomération,Intersection en X,Temps éblouissant,Deux véhicules - côté,,,,,,,,,,,1,2,2,7.0,3.0
201700054281,0017-10-16 18:35:00,17,10,16,18,35,750,110,"182, QUAI DE JEMMAPES",48.8795,2.36775,Plein jour,En agglomération,Hors intersection,Normale,Autre collision,,,,,,,,,,,1,2,1,1.0,6.0
201700054282,0017-10-22 04:20:00,17,10,22,4,20,750,110,"247, RUE LA FAYETTE",48.8825,2.36918,Nuit avec éclairage allumé,En agglomération,Intersection en T,Normale,Autre collision,,,,,,,,,,,5,2,3,1.0,6.0
201700054283,0017-10-23 00:30:00,17,10,23,0,30,750,110,"34, BOULEVARD DE MAGENTA",48.8718,2.36002,Nuit avec éclairage allumé,En agglomération,Intersection en T,Pluie légère,Autre collision,,,,,,,,,,,5,2,3,2.0,6.0
201700054284,0017-10-24 09:10:00,17,10,24,9,10,750,110,PLACE DE LA REPUBLIQUE,48.8684,2.36283,Plein jour,En agglomération,Place,Pluie légère,Deux véhicules - côté,,,,,,,,,,,1,2,7,2.0,3.0
201700054285,0017-10-27 08:00:00,17,10,27,8,0,750,110,"24, RUE DU FAUBOURG SAIN",48.8699,2.35606,Plein jour,En agglomération,Hors intersection,Normale,Autre collision,,,,,,,,,,,1,2,1,1.0,6.0
201700054286,0017-10-28 14:05:00,17,10,28,14,5,750,110,"205, QUAI DE VALMY",48.8825,2.36918,Plein jour,En agglomération,Intersection en Y,Normale,Autre collision,,,,,,,,,,,1,2,4,1.0,6.0
201700054287,0017-10-28 17:00:00,17,10,28,17,0,750,110,"211, RUE LA FAYETTE",48.8812,2.36419,Plein jour,En agglomération,Hors intersection,Normale,Deux véhicules - frontale,,,,,,,,,,,1,2,1,1.0,1.0
201700054288,0017-10-30 15:05:00,17,10,30,15,5,750,110,"10, AVENUE DE VERDUN",48.8762,2.36137,Plein jour,En agglomération,Hors intersection,Normale,Autre collision,,,,,,,,,,,1,2,1,1.0,6.0
201700054289,0017-10-31 16:25:00,17,10,31,16,25,750,110,"249, RUE LA FAYETTE",48.8824,2.3687,Plein jour,En agglomération,Hors intersection,Normale,Deux véhicules - arrière,,,,,,,,,,,1,2,1,1.0,2.0
201700054290,0017-11-04 14:40:00,17,11,4,14,40,750,110,"35, RUE DES VINAIGRIERS",48.8732,2.36201,Plein jour,En agglomération,Hors intersection,Pluie légère,Deux véhicules - côté,,,,,,,,,,,1,2,1,2.0,3.0
201700054291,0017-11-05 17:50:00,17,11,5,17,50,750,110,"30, RUE DE BELZUNCE",48.8796,2.34947,Nuit avec éclairage allumé,En agglomération,Intersection à plus de 4 branches,Normale,Autre collision,,,,,,,,,,,5,2,5,1.0,6.0
201700054292,0017-11-05 22:00:00,17,11,5,22,0,750,110,"188, RUE DU FAUBOURG SAI",48.8788,2.36238,Nuit avec éclairage allumé,En agglomération,Intersection en Y,Normale,Deux véhicules - côté,,,,,,,,,,,5,2,4,1.0,3.0
201700054293,0017-11-08 18:55:00,17,11,8,18,55,750,103,"31, BOULEVARD SAINT MART",48.8685,2.35858,Nuit avec éclairage allumé,En agglomération,Hors intersection,Normale,Deux véhicules - côté,,,,,,,,,,,5,2,1,1.0,3.0
201700054294,0017-11-08 21:10:00,17,11,8,21,10,750,110,"49, RUE LUCIEN SAMPAIX",48.8745,2.3628,Nuit avec éclairage allumé,En agglomération,Intersection en Y,Pluie légère,Deux véhicules - côté,,,,,,,,,,,5,2,4,2.0,3.0
201700054295,0017-11-09 10:50:00,17,11,9,10,50,750,110,BOULEVARD DE MAGENTA,48.871,2.36082,Plein jour,En agglomération,Intersection en T,Temps couvert,Deux véhicules - frontale,,,,,,,,,,,1,2,3,8.0,1.0
201700054296,0017-11-09 15:56:00,17,11,9,15,56,750,110,BOULEVARD DE MAGENTA,48.871,2.36082,Plein jour,En agglomération,Intersection en T,Normale,Autre collision,,,,,,,,,,,1,2,3,1.0,6.0
201700054297,0017-11-09 21:05:00,17,11,9,21,5,750,110,BOULEVARD SAINT MARTI,48.868,2.36223,Nuit avec éclairage allumé,En agglomération,Place,Normale,Deux véhicules - frontale,,,,,,,,,,,5,2,7,1.0,1.0
201700054298,0017-11-10 19:35:00,17,11,10,19,35,750,110,AVENUE PARMENTIER,48.87,2.37099,Nuit avec éclairage allumé,En agglomération,Intersection en T,Normale,Autre collision,,,,,,,,,,,5,2,3,1.0,6.0
201700054299,0017-11-11 22:15:00,17,11,11,22,15,750,110,"120, BOULEVARD DE MAGENT",48.8793,2.35334,Nuit avec éclairage allumé,En agglomération,Intersection en Y,Pluie légère,Deux véhicules - côté,,,,,,,,,,,5,2,4,2.0,3.0
201700054300,0017-11-12 06:45:00,17,11,12,6,45,750,110,"54, BOULEVARD DE MAGENTA",48.8733,2.35877,Nuit avec éclairage allumé,En agglomération,Intersection en X,Pluie légère,Autre collision,,,,,,,,,,,5,2,2,2.0,6.0
201700054301,0017-11-13 00:55:00,17,11,13,0,55,750,109,"18, RUE DU FAUBOURG POIS",48.872,2.34791,Nuit avec éclairage allumé,En agglomération,Intersection en X,Normale,Deux véhicules - côté,,,,,,,,,,,5,2,2,1.0,3.0
201700054302,0017-11-14 14:50:00,17,11,14,14,50,750,110,"108, RUE LA FAYETTE",48.8778,2.35121,Plein jour,En agglomération,Place,Normale,Trois véhicules et plus - collisions multiples,,,,,,,,,,,1,2,7,1.0,5.0
201700054303,0017-11-16 09:55:00,17,11,16,9,55,750,110,"202, RUE LA FAYETTE",48.8813,2.36476,Plein jour,En agglomération,Intersection en X,Normale,Autre collision,,,,,,,,,,,1,2,2,1.0,6.0
201700054304,0017-11-17 15:00:00,17,11,17,15,0,750,110,"213, RUE DU FAUBOURG SAI",48.8807,2.36465,Plein jour,En agglomération,Hors intersection,Temps couvert,Deux véhicules - arrière,,,,,,,,,,,1,2,1,8.0,2.0
201700054305,0017-11-18 11:40:00,17,11,18,11,40,750,118,"01, RUE CHAPPE",48.884,2.34141,Plein jour,En agglomération,Intersection en X,Normale,Deux véhicules - arrière,,,,,,,,,,,1,2,2,1.0,2.0
201700054306,0017-11-18 15:20:00,17,11,18,15,20,750,110,"42, RUE DE L AQUEDUC",48.8824,2.36402,Plein jour,En agglomération,Hors intersection,Temps couvert,Deux véhicules - côté,,,,,,,,,,,1,2,1,8.0,3.0
201700054307,0017-11-18 21:00:00,17,11,18,21,0,750,110,"07, PLACE FRANZ LISZT",48.8781,2.35125,Nuit avec éclairage allumé,En agglomération,Place,Temps couvert,Autre collision,,,,,,,,,,,5,2,7,8.0,6.0
201700054308,0017-11-24 11:50:00,17,11,24,11,50,750,118,BOULEVARD DE LA CHAPELLE,48.8845,2.35932,Plein jour,En agglomération,Intersection en X,Temps couvert,Deux véhicules - arrière,,,,,,,,,,,1,2,2,8.0,2.0
201700054309,0017-11-27 18:35:00,17,11,27,18,35,750,110,"96, BOULEVARD DE MAGENTA",48.8776,2.35489,Nuit avec éclairage allumé,En agglomération,Hors intersection,Pluie légère,Autre collision,,,,,,,,,,,5,2,1,2.0,6.0
201700054310,0017-11-28 08:15:00,17,11,28,8,15,750,110,"166, RUE LA FAYETTE",48.8798,2.35874,Crépuscule ou aube,En agglomération,Intersection en X,Temps couvert,Deux véhicules - arrière,,,,,,,,,,,2,2,2,8.0,2.0
201700054311,0017-11-28 15:20:00,17,11,28,15,20,750,110,"97, QUAI DE VALMY",48.8741,2.36285,Plein jour,En agglomération,Hors intersection,Normale,Autre collision,,,,,,,,,,,1,2,1,1.0,6.0
201700054312,0017-11-29 23:40:00,17,11,29,23,40,750,110,QUAI DE VALMY,48.88,2.36707,Nuit avec éclairage allumé,En agglomération,Intersection en X,Pluie légère,Deux véhicules - côté,,,,,,,,,,,5,2,2,2.0,3.0
201700054313,0017-11-30 08:05:00,17,11,30,8,5,750,110,"65, RUE DU FAUBOURG SAIN",48.8717,2.3572,Plein jour,En agglomération,Intersection en T,Normale,Deux véhicules - arrière,,,,,,,,,,,1,2,3,1.0,2.0
201700054314,0017-12-07 07:25:00,17,12,7,7,25,750,110,"185, RUE DU FAUBOURG SAI",48.8788,2.36238,Nuit avec éclairage allumé,En agglomération,Intersection en Y,Normale,Autre collision,,,,,,,,,,,5,2,4,1.0,6.0
201700054315,0017-12-09 22:30:00,17,12,9,22,30,750,119,"192, BOULEVARD DE LA VIL",48.882,2.37038,Nuit avec éclairage allumé,En agglomération,Hors intersection,Normale,Autre collision,,,,,,,,,,,5,2,1,1.0,6.0
201700054316,0017-12-10 21:15:00,17,12,10,21,15,750,110,PLACE DE LA REPUBLIQUE,48.868,2.36223,Nuit avec éclairage allumé,En agglomération,Place,Pluie légère,Autre collision,,,,,,,,,,,5,2,7,2.0,6.0
201700054317,0017-12-11 17:24:00,17,12,11,17,24,750,110,"14, BOULEVARD SAINT MART",48.8687,2.35715,Nuit avec éclairage allumé,En agglomération,Hors intersection,Temps couvert,Autre collision,,,,,,,,,,,5,2,1,8.0,6.0
201700054318,0017-12-12 00:05:00,17,12,12,0,5,750,110,"72, BOULEVARD DE STRASBO",48.8755,2.35772,Nuit sans éclairage public,En agglomération,Intersection en X,Pluie légère,Deux véhicules - côté,,,,,,,,,,,3,2,2,2.0,3.0
201700054319,0017-12-15 15:10:00,17,12,15,15,10,750,110,PLACE DU ONZE NOVEMBRE 1,48.8764,2.35883,Plein jour,En agglomération,Hors intersection,Pluie légère,Autre collision,,,,,,,,,,,1,2,1,2.0,6.0
201700054320,0017-12-19 10:30:00,17,12,19,10,30,750,110,"127, BOULEVARD DE LA VIL",48.8815,2.37005,Plein jour,En agglomération,Intersection en Y,Temps couvert,Deux véhicules - côté,,,,,,,,,,,1,2,4,8.0,3.0
201700054321,0017-12-26 14:00:00,17,12,26,14,0,750,110,"18, BOULEVARD DE BONNE N",48.8702,2.35046,Plein jour,En agglomération,Intersection en T,Normale,Deux véhicules - côté,,,,,,,,,,,1,2,3,1.0,3.0
201700054322,0017-12-28 07:40:00,17,12,28,7,40,750,110,"150, RUE DU FAUBOURG SAI",48.8759,2.35954,Crépuscule ou aube,En agglomération,Intersection en T,Normale,Autre collision,,,,,,,,,,,2,2,3,1.0,6.0
201700054323,0017-01-01 04:25:00,17,1,1,4,25,750,111,BOULEVARD DE BELLEVILLE,48.8707,2.37815,Nuit avec éclairage allumé,En agglomération,Intersection en X,Temps couvert,Autre collision,,,,,,,,,,,5,2,2,8.0,6.0
201700054324,0017-01-02 07:25:00,17,1,2,7,25,750,111,AVENUE PARMENTIER,48.8681,2.37243,Nuit avec éclairage allumé,En agglomération,Intersection en X,Autre,Deux véhicules - arrière,,,,,,,,,,,5,2,2,9.0,2.0
201700054325,0017-01-03 11:35:00,17,1,3,11,35,750,111,"57, RUE DU FAUBOURG SAIN",48.852,2.37342,Plein jour,En agglomération,Intersection en T,Normale,Deux véhicules - côté,,,,,,,,,,,1,2,3,1.0,3.0
201700054326,0017-01-04 16:45:00,17,1,4,16,45,750,111,"12, RUE DU GRAND PRIEURE",48.8654,2.36875,Nuit sans éclairage public,En agglomération,Intersection en X,Pluie légère,Autre collision,,,,,,,,,,,3,2,2,2.0,6.0
201700054327,0017-01-04 19:30:00,17,1,4,19,30,750,111,"165, BOULEVARD VOLTAIRE",48.8547,2.38535,Nuit avec éclairage allumé,En agglomération,Intersection en X,Pluie légère,Deux véhicules - côté,,,,,,,,,,,5,2,2,2.0,3.0
201700054328,0017-01-10 06:50:00,17,1,10,6,50,750,111,"36, BOULEVARD DU TEMPLE",48.8653,2.36542,Nuit avec éclairage allumé,En agglomération,Hors intersection,Normale,Deux véhicules - arrière,,,,,,,,,,,5,2,1,1.0,2.0
201700054329,0017-01-10 20:20:00,17,1,10,20,20,750,111,"8, AVENUE DE LA REPUBLIQ",48.8668,2.36653,Nuit avec éclairage allumé,En agglomération,Hors intersection,Normale,Deux véhicules - côté,,,,,,,,,,,5,2,1,1.0,3.0
201700054330,0017-01-11 16:15:00,17,1,11,16,15,750,111,RUE ALEXANDRE DUMAS,48.8528,2.38907,Plein jour,En agglomération,Hors intersection,Vent fort / tempête,Autre collision,,,,,,,,,,,1,2,1,6.0,6.0
201700054331,0017-01-11 22:45:00,17,1,11,22,45,750,111,"212, BOULEVARD VOLTAIRE",48.8533,2.38772,Nuit avec éclairage allumé,En agglomération,Intersection en T,Normale,Deux véhicules - arrière,,,,,,,,,,,5,2,3,1.0,2.0
201700054332,0017-01-14 13:30:00,17,1,14,13,30,750,111,"89, AVENUE PARMENTIER",48.8659,2.37403,Plein jour,En agglomération,Hors intersection,Normale,Deux véhicules - côté,,,,,,,,,,,1,2,1,1.0,3.0