accident_id,datetime,annee,mois,jour,heure,minute,departement,commune_insee,adresse,latitude,longitude,luminosite,agglomeration,intersection,meteo,collision,nb_vehicules,nb_usagers,nb_indemnes,nb_tues,nb_blesses_hosp,nb_blesses_legers,age_cond_1,age_cond_2,veh_type_cond_1,veh_type_cond_2,lum_code,agg_code,int_code,atm_code,col_code
201700054333,0017-01-15 03:05:00,17,1,15,3,5,750,111,"86, BOULEVARD BEAUMARCHA",48.8595,2.36759,Nuit avec éclairage allumé,En agglomération,Intersection en T,Normale,Autre collision,,,,,,,,,,,5,2,3,1.0,6.0
201700054334,0017-01-15 16:25:00,17,1,15,16,25,750,111,"1, RUE DU COMMANDANT LAM",48.8556,2.37458,Crépuscule ou aube,En agglomération,Intersection en X,Pluie légère,Autre collision,,,,,,,,,,,2,2,2,2.0,6.0
201700054335,0017-01-16 07:20:00,17,1,16,7,20,750,111,"1, BOULEVARD RICHARD LEN",48.8537,2.36896,Plein jour,En agglomération,Place,Normale,Autre collision,,,,,,,,,,,1,2,7,1.0,6.0
201700054336,0017-01-17 11:00:00,17,1,17,11,0,750,111,"1, RUE SERVAN",48.8587,2.38431,Plein jour,En agglomération,Intersection en T,Temps éblouissant,Autre collision,,,,,,,,,,,1,2,3,7.0,6.0
201700054337,0017-01-17 19:30:00,17,1,17,19,30,750,111,"101, BOULEVARD RICHARD L",48.864,2.37068,Nuit avec éclairage allumé,En agglomération,Intersection à plus de 4 branches,Normale,Autre collision,,,,,,,,,,,5,2,5,1.0,6.0
201700054338,0017-01-18 11:00:00,17,1,18,11,0,750,111,"23, RUE SEDAINE",48.8564,2.37346,Plein jour,En agglomération,Intersection en X,Normale,Autre collision,,,,,,,,,,,1,2,2,1.0,6.0
201700054339,0017-01-18 14:40:00,17,1,18,14,40,750,111,"18, RUE JEAN MACE",48.8534,2.38266,Plein jour,En agglomération,Intersection en Y,Normale,Autre collision,,,,,,,,,,,1,2,4,1.0,6.0
201700054340,0017-01-18 20:10:00,17,1,18,20,10,750,111,"101, AVENUE PHILIPPE AUG",48.8562,2.39101,Nuit avec éclairage allumé,En agglomération,Hors intersection,Normale,Deux véhicules - arrière,,,,,,,,,,,5,2,1,1.0,2.0
201700054341,0017-01-21 21:50:00,17,1,21,21,50,750,111,"115, BOULEVARD DE CHARON",48.8565,2.39423,Nuit avec éclairage allumé,En agglomération,Intersection en X,Normale,Deux véhicules - côté,,,,,,,,,,,5,2,2,1.0,3.0
201700054342,0017-01-22 21:05:00,17,1,22,21,5,750,111,"7, PLACE DE LA NATION",48.8494,2.39531,Nuit avec éclairage allumé,En agglomération,Place,Normale,Deux véhicules - côté,,,,,,,,,,,5,2,7,1.0,3.0
201700054343,0017-01-24 08:30:00,17,1,24,8,30,750,111,"102, BOULEVARD VOLTAIRE",48.8598,2.37685,Plein jour,En agglomération,Intersection en X,Brouillard / fumée,Autre collision,,,,,,,,,,,1,2,2,5.0,6.0
201700054344,0017-01-24 13:45:00,17,1,24,13,45,750,111,"31, AVENUE DE LA REPUBLI",48.8657,2.37246,Plein jour,En agglomération,Intersection en X,Temps couvert,Sans collision,,,,,,,,,,,1,2,2,8.0,7.0
201700054345,0017-01-27 19:20:00,17,1,27,19,20,750,111,"5, PLACE DE LA NATION",48.8494,2.39531,Nuit avec éclairage allumé,En agglomération,Place,Normale,Deux véhicules - côté,,,,,,,,,,,5,2,7,1.0,3.0
201700054346,0017-01-30 15:30:00,17,1,30,15,30,750,111,"43, BOULEVARD VOLTAIRE",48.8639,2.36983,Plein jour,En agglomération,Hors intersection,Normale,Deux véhicules - côté,,,,,,,,,,,1,2,1,1.0,3.0
201700054347,0017-02-01 07:30:00,17,2,1,7,30,750,111,"1, RUE FRANCOIS DE NEUFC",48.8558,2.38158,Plein jour,En agglomération,Intersection en T,Normale,Deux véhicules - côté,,,,,,,,,,,1,2,3,1.0,3.0
201700054348,0017-02-01 18:30:00,17,2,1,18,30,750,111,RUE SAINT SABIN,48.8557,2.37163,Nuit avec éclairage allumé,En agglomération,Intersection en X,Normale,Deux véhicules - côté,,,,,,,,,,,5,2,2,1.0,3.0
201700054349,0017-02-02 16:55:00,17,2,2,16,55,750,111,"10, BOULEVARD JULES FERR",48.8673,2.36872,Plein jour,En agglomération,Hors intersection,Pluie légère,Deux véhicules - côté,,,,,,,,,,,1,2,1,2.0,3.0
201700054350,0017-02-05 18:20:00,17,2,5,18,20,750,111,RUE OBERKAMPF,48.8666,2.38125,Nuit avec éclairage allumé,En agglomération,Intersection en T,Normale,Deux véhicules - côté,,,,,,,,,,,5,2,3,1.0,3.0
201700054351,0017-02-07 02:05:00,17,2,7,2,5,750,111,"99, AVENUE PARMENTIER",48.8667,2.37348,Nuit avec éclairage allumé,En agglomération,Intersection en X,Pluie légère,Autre collision,,,,,,,,,,,5,2,2,2.0,6.0
201700054352,0017-02-08 20:15:00,17,2,8,20,15,750,111,"10, PLACE LEON BLUM",48.8586,2.37991,Nuit avec éclairage allumé,En agglomération,Place,Normale,Deux véhicules - arrière,,,,,,,,,,,5,2,7,1.0,2.0
201700054353,0017-02-10 09:35:00,17,2,10,9,35,750,111,"173, AVENUE LEDRU ROLLIN",48.8567,2.37922,Plein jour,En agglomération,Intersection en X,Normale,Deux véhicules - côté,,,,,,,,,,,1,2,2,1.0,3.0
201700054354,0017-02-15 10:50:00,17,2,15,10,50,750,111,"23, RUE GAMBEY",48.8659,2.37143,Plein jour,En agglomération,Intersection en X,Normale,Autre collision,,,,,,,,,,,1,2,2,1.0,6.0
201700054355,0017-02-15 19:50:00,17,2,15,19,50,750,111,"12, PLACE DE LA BASTILLE",48.8535,2.36952,Nuit avec éclairage allumé,En agglomération,Place,Normale,Deux véhicules - arrière,,,,,,,,,,,5,2,7,1.0,2.0
201700054356,0017-02-16 21:20:00,17,2,16,21,20,750,111,RUE SAINT MAUR,48.8602,2.38201,Nuit avec éclairage allumé,En agglomération,Intersection en X,Normale,Deux véhicules - côté,,,,,,,,,,,5,2,2,1.0,3.0
201700054357,0017-02-17 04:10:00,17,2,17,4,10,750,111,", AVENUE PHILIPPE AUGUST",48.8494,2.39531,Nuit avec éclairage allumé,En agglomération,Place,Temps couvert,Deux véhicules - côté,,,,,,,,,,,5,2,7,8.0,3.0
201700054358,0017-02-18 18:40:00,17,2,18,18,40,750,111,"11, PLACE DE LA NATION",48.8494,2.39642,Nuit avec éclairage allumé,En agglomération,Hors intersection,Normale,Deux véhicules - frontale,,,,,,,,,,,5,2,1,1.0,1.0
201700054359,0017-02-20 08:35:00,17,2,20,8,35,750,111,AVENUE PHILIPPE AUGUSTE,48.8507,2.39447,Plein jour,En agglomération,Intersection en X,Normale,Deux véhicules - côté,,,,,,,,,,,1,2,2,1.0,3.0
201700054360,0017-02-25 09:25:00,17,2,25,9,25,750,111,"116, AVENUE LEDRU ROLLIN",48.8533,2.37722,Plein jour,En agglomération,Intersection en X,Normale,Deux véhicules - côté,,,,,,,,,,,1,2,2,1.0,3.0
201700054361,0017-02-26 20:00:00,17,2,26,20,0,750,111,"40, RUE DE L ORILLON",48.8706,2.37756,Nuit avec éclairage allumé,En agglomération,Intersection en X,Normale,Deux véhicules - côté,,,,,,,,,,,5,2,2,1.0,3.0
201700054362,0017-03-01 20:50:00,17,3,1,20,50,750,111,"90, AVENUE DE LA REPUBLI",48.8641,2.381,Nuit avec éclairage allumé,En agglomération,Intersection en T,Pluie légère,Autre collision,,,,,,,,,,,5,2,3,2.0,6.0
201700054363,0017-03-02 08:20:00,17,3,2,8,20,750,111,"115, RUE DE CHARONNE",48.8547,2.38535,Plein jour,En agglomération,Intersection en X,Normale,Deux véhicules - côté,,,,,,,,,,,1,2,2,1.0,3.0
201700054364,0017-03-02 11:00:00,17,3,2,11,0,750,111,"223, BOULEVARD VOLTAIRE",48.8515,2.39064,Plein jour,En agglomération,Hors intersection,Normale,Autre collision,,,,,,,,,,,1,2,1,1.0,6.0
201700054365,0017-03-03 09:30:00,17,3,3,9,30,750,111,"136, AVENUE PARMENTIER",48.869,2.37173,Plein jour,En agglomération,Intersection en T,Normale,Deux véhicules - côté,,,,,,,,,,,1,2,3,1.0,3.0
201700054366,0017-03-03 11:45:00,17,3,3,11,45,750,111,"58, RUE DE LA FOLIE REGN",48.8601,2.38642,Plein jour,En agglomération,Hors intersection,Normale,Deux véhicules - côté,,,,,,,,,,,1,2,1,1.0,3.0
201700054367,0017-03-03 12:00:00,17,3,3,12,0,750,111,"38 BIS, AVENUE DE LA REP",48.8657,2.37246,Plein jour,En agglomération,Intersection en T,Normale,Deux véhicules - côté,,,,,,,,,,,1,2,3,1.0,3.0
201700054368,0017-03-03 15:15:00,17,3,3,15,15,750,111,"111, AVENUE PARMENTIER",48.8681,2.37243,Plein jour,En agglomération,Intersection en X,Normale,Autre collision,,,,,,,,,,,1,2,2,1.0,6.0
201700054369,0017-03-03 15:20:00,17,3,3,15,20,750,111,"232, BOULEVARD VOLTAIRE",48.8521,2.38958,Plein jour,En agglomération,Intersection en T,Normale,Deux véhicules - arrière,,,,,,,,,,,1,2,3,1.0,2.0
201700054370,0017-03-03 18:30:00,17,3,3,18,30,750,111,"38, BOULEVARD VOLTAIRE",48.8638,2.3701,Nuit avec éclairage allumé,En agglomération,Intersection en X,Normale,Autre collision,,,,,,,,,,,5,2,2,1.0,6.0
201700054371,0017-03-03 22:30:00,17,3,3,22,30,750,111,"87, BOULEVARD RICHARD LE",48.8624,2.37187,Nuit avec éclairage allumé,En agglomération,Intersection en X,Normale,Deux véhicules - côté,,,,,,,,,,,5,2,2,1.0,3.0
201700054372,0017-03-07 08:30:00,17,3,7,8,30,750,111,"172, BOULEVARD VOLTAIRE",48.8554,2.38423,Plein jour,En agglomération,Intersection en X,Normale,Autre collision,,,,,,,,,,,1,2,2,1.0,6.0
201700054373,0017-03-08 20:00:00,17,3,8,20,0,750,111,"23, AVENUE DE LA REPUBLI",48.866,2.37075,Nuit avec éclairage allumé,En agglomération,Intersection en X,Pluie légère,Autre collision,,,,,,,,,,,5,2,2,2.0,6.0
201700054374,0017-03-08 23:00:00,17,3,8,23,0,750,111,"8, AVENUE PARMENTIER",48.8592,2.37943,Nuit avec éclairage allumé,En agglomération,Intersection en T,Pluie légère,Deux véhicules - côté,,,,,,,,,,,5,2,3,2.0,3.0
201700054375,0017-03-10 17:30:00,17,3,10,17,30,750,111,"38, RUE RICHARD LENOIR",48.8561,2.38139,Plein jour,En agglomération,Hors intersection,Normale,Deux véhicules - côté,,,,,,,,,,,1,2,1,1.0,3.0
201700054376,0017-03-10 23:00:00,17,3,10,23,0,750,111,"5, BOULEVARD DE BELLEVIL",48.8676,2.38224,Nuit avec éclairage allumé,En agglomération,Hors intersection,Normale,Trois véhicules et plus - en chaîne,,,,,,,,,,,5,2,1,1.0,4.0
201700054377,0017-03-10 23:50:00,17,3,10,23,50,750,111,"17, AVENUE PARMENTIER",48.8604,2.37848,Nuit sans éclairage public,En agglomération,Hors intersection,Normale,Deux véhicules - côté,,,,,,,,,,,3,2,1,1.0,3.0
201700054378,0017-03-13 20:40:00,17,3,13,20,40,750,111,"140, AVENUE LEDRU ROLLIN",48.8548,2.37811,Nuit avec éclairage allumé,En agglomération,Hors intersection,Normale,Deux véhicules - côté,,,,,,,,,,,5,2,1,1.0,3.0
201700054379,0017-03-14 15:40:00,17,3,14,15,40,750,111,"168, BOULEVARD VOLTAIRE",48.8554,2.38423,Plein jour,En agglomération,Intersection en T,Normale,Sans collision,,,,,,,,,,,1,2,3,1.0,7.0
201700054380,0017-03-16 10:40:00,17,3,16,10,40,750,111,"49, RUE DU FAUBOURG SAIN",48.8522,2.37258,Plein jour,En agglomération,Intersection en T,Normale,Deux véhicules - côté,,,,,,,,,,,1,2,3,1.0,3.0
201700054381,0017-03-16 13:40:00,17,3,16,13,40,750,111,"8, RUE SPINOZA",48.864,2.38594,Plein jour,En agglomération,Intersection en X,Normale,Deux véhicules - côté,,,,,,,,,,,1,2,2,1.0,3.0
201700054382,0017-03-18 06:10:00,17,3,18,6,10,750,111,"90, AVENUE DE LA REPUBLI",48.8642,2.38023,Nuit avec éclairage allumé,En agglomération,Intersection en T,Normale,Deux véhicules - frontale,,,,,,,,,,,5,2,3,1.0,1.0
201700054383,0017-03-21 18:35:00,17,3,21,18,35,750,111,"26, RUE SAINT MAUR",48.8606,2.38162,Crépuscule ou aube,En agglomération,Hors intersection,Normale,Deux véhicules - côté,,,,,,,,,,,2,2,1,1.0,3.0
201700054384,0017-03-24 15:15:00,17,3,24,15,15,750,111,"8, BOULEVARD RICHARD LEN",48.8545,2.37003,Plein jour,En agglomération,Hors intersection,Normale,Autre collision,,,,,,,,,,,1,2,1,1.0,6.0
201700054385,0017-03-25 17:15:00,17,3,25,17,15,750,111,"113, RUE DE LA ROQUETTE",48.8579,2.38104,Plein jour,En agglomération,Place,Normale,Autre collision,,,,,,,,,,,1,2,7,1.0,6.0
201700054386,0017-03-27 18:15:00,17,3,27,18,15,750,111,"277, RUE DU FAUBOURG SAI",48.8494,2.38947,Plein jour,En agglomération,Intersection en T,Normale,Autre collision,,,,,,,,,,,1,2,3,1.0,6.0
201700054387,0017-04-01 16:45:00,17,4,1,16,45,750,111,"130, RUE DE LA ROQUETTE",48.8575,2.37968,Plein jour,En agglomération,Intersection à plus de 4 branches,Normale,Deux véhicules - côté,,,,,,,,,,,1,2,5,1.0,3.0
201700054388,0017-04-03 17:20:00,17,4,3,17,20,750,111,"12, BOULEVARD BEAUMARCHA",48.855,2.36867,Plein jour,En agglomération,Hors intersection,Normale,Autre collision,,,,,,,,,,,1,2,1,1.0,6.0
201700054389,0017-04-03 19:15:00,17,4,3,19,15,750,111,"65, AVENUE PHILIPPE AUGU",48.8536,2.39266,Plein jour,En agglomération,Intersection en X,Normale,Deux véhicules - côté,,,,,,,,,,,1,2,2,1.0,3.0
201700054390,0017-04-04 12:55:00,17,4,4,12,55,750,111,"212, BOULEVARD VOLTAIRE",48.8533,2.38772,Plein jour,En agglomération,Intersection en T,Normale,Deux véhicules - côté,,,,,,,,,,,1,2,3,1.0,3.0
201700054391,0017-04-05 19:40:00,17,4,5,19,40,750,111,"215, BOULEVARD VOLTAIRE",48.852,2.3898,Plein jour,En agglomération,Intersection en T,Normale,Deux véhicules - côté,,,,,,,,,,,1,2,3,1.0,3.0
201700054392,0017-04-04 22:20:00,17,4,4,22,20,750,111,BOULEVARD VOLTAIRE,48.8607,2.37525,Nuit avec éclairage allumé,En agglomération,Intersection en T,Normale,Autre collision,,,,,,,,,,,5,2,3,1.0,6.0
201700054393,0017-04-06 11:30:00,17,4,6,11,30,750,111,"17, AVENUE PHILIPPE AUGU",48.8507,2.39447,Plein jour,En agglomération,Intersection en X,Normale,Deux véhicules - côté,,,,,,,,,,,1,2,2,1.0,3.0
201700054394,0017-04-06 16:45:00,17,4,6,16,45,750,111,"265, RUE DU FAUBOURG SAI",48.8504,2.38009,Plein jour,En agglomération,Intersection en T,Normale,Deux véhicules - côté,,,,,,,,,,,1,2,3,1.0,3.0
201700054395,0017-04-07 01:22:00,17,4,7,1,22,750,111,"/, BOULEVARD BEAUMARCHAI",48.8537,2.36896,Nuit avec éclairage allumé,En agglomération,Place,Normale,Deux véhicules - côté,,,,,,,,,,,5,2,7,1.0,3.0
201700054396,0017-04-07 16:44:00,17,4,7,16,44,750,111,"130, RUE OBERKAMPF",48.8664,2.38022,Plein jour,En agglomération,Intersection en X,Normale,Deux véhicules - côté,,,,,,,,,,,1,2,2,1.0,3.0
201700054397,0017-04-07 19:30:00,17,4,7,19,30,750,111,"9, AVENUE PHILIPPE AUGUS",48.8501,2.39486,Plein jour,En agglomération,Hors intersection,Pluie forte,Autre collision,,,,,,,,,,,1,2,1,3.0,6.0
201700054398,0017-04-07 19:10:00,17,4,7,19,10,750,111,"47, RUE DE CHARONNE",48.8533,2.37701,Plein jour,En agglomération,Intersection en T,Normale,Autre collision,,,,,,,,,,,1,2,3,1.0,6.0
201700054399,0017-04-10 10:30:00,17,4,10,10,30,750,111,"34, BOULEVARD RICHARD LE",48.8571,2.3712,Plein jour,En agglomération,Intersection en T,Normale,Autre collision,,,,,,,,,,,1,2,3,1.0,6.0
201700054400,0017-04-10 14:55:00,17,4,10,14,55,750,111,"19, BOULEVARD DE BELLEVI",48.8683,2.38135,Plein jour,En agglomération,Intersection en T,Normale,Deux véhicules - côté,,,,,,,,,,,1,2,3,1.0,3.0
201700054401,0017-04-11 10:30:00,17,4,11,10,30,750,111,BOULEVARD DE CHARONNE,48.8513,2.39822,Plein jour,En agglomération,Intersection à plus de 4 branches,Pluie forte,Deux véhicules - côté,,,,,,,,,,,1,2,5,3.0,3.0
201700054402,0017-04-11 11:50:00,17,4,11,11,50,750,111,PLACE DE LA NATION,48.8484,2.3967,Plein jour,En agglomération,Place,Normale,Deux véhicules - côté,,,,,,,,,,,1,2,7,1.0,3.0
201700054403,0017-04-12 11:00:00,17,4,12,11,0,750,111,"3, RUE DE LA FONTAINE AU",48.8687,2.36809,Plein jour,En agglomération,Intersection en Y,Normale,Autre collision,,,,,,,,,,,1,2,4,1.0,6.0
201700054404,0017-04-14 14:35:00,17,4,14,14,35,750,111,"115, RUE DE LA ROQUETTE",48.858,2.38147,Plein jour,En agglomération,Intersection en X,Normale,Deux véhicules - côté,,,,,,,,,,,1,2,2,1.0,3.0
201700054405,0017-04-16 14:45:00,17,4,16,14,45,750,111,"47, BOULEVARD VOLTAIRE",48.8638,2.3701,Plein jour,En agglomération,Intersection en X,Normale,Autre collision,,,,,,,,,,,1,2,2,1.0,6.0
201700054406,0017-04-16 20:10:00,17,4,16,20,10,750,111,"133, RUE DE LA ROQUETTE",48.8587,2.38431,Plein jour,En agglomération,Intersection en T,Normale,Deux véhicules - côté,,,,,,,,,,,1,2,3,1.0,3.0
201700054407,0017-04-22 16:00:00,17,4,22,16,0,750,111,"140, RUE SAINT MAUR",48.8684,2.37488,Plein jour,En agglomération,Intersection en X,Normale,Autre collision,,,,,,,,,,,1,2,2,1.0,6.0
201700054408,0017-04-25 20:30:00,17,4,25,20,30,750,111,"172, RUE DE LA ROQUETTE",48.8592,2.38621,Crépuscule ou aube,En agglomération,Intersection en T,Normale,Deux véhicules - arrière,,,,,,,,,,,2,2,3,1.0,2.0
201700054409,0017-04-26 14:40:00,17,4,26,14,40,750,111,"56BIS, RUE OBERKAMPF",48.8648,2.37329,Plein jour,En agglomération,Hors intersection,Pluie légère,Deux véhicules - côté,,,,,,,,,,,1,2,1,2.0,3.0
201700054410,0017-04-26 18:45:00,17,4,26,18,45,750,111,"36, RUE AMELOT",48.8595,2.36816,Plein jour,En agglomération,Intersection en X,Pluie légère,Deux véhicules - côté,,,,,,,,,,,1,2,2,2.0,3.0
201700054411,0017-04-27 14:25:00,17,4,27,14,25,750,111,"76, RUE LEON FROT",48.8574,2.38484,Plein jour,En agglomération,Hors intersection,Normale,Deux véhicules - arrière,,,,,,,,,,,1,2,1,1.0,2.0
201700054412,0017-04-27 19:00:00,17,4,27,19,0,750,111,RUE DE LA ROQUETTE,48.8572,2.37897,Plein jour,En agglomération,Hors intersection,Normale,Deux véhicules - arrière,,,,,,,,,,,1,2,1,1.0,2.0
201700054413,0017-04-27 23:25:00,17,4,27,23,25,750,111,BOULEVARD RICHARD LENOIR,48.8662,2.36963,Nuit avec éclairage allumé,En agglomération,Intersection en X,Normale,Deux véhicules - côté,,,,,,,,,,,5,2,2,1.0,3.0
201700054414,0017-04-28 09:20:00,17,4,28,9,20,750,111,"254, BOULEVARD VOLTAIRE",48.8509,2.39166,Plein jour,En agglomération,Hors intersection,Pluie légère,Deux véhicules - côté,,,,,,,,,,,1,2,1,2.0,3.0
201700054415,0017-04-28 10:25:00,17,4,28,10,25,750,111,"32, RUE JEAN PIERRE TIMB",48.8654,2.36875,Plein jour,En agglomération,Intersection en X,Pluie légère,Deux véhicules - côté,,,,,,,,,,,1,2,2,2.0,3.0
201700054416,0017-05-01 19:35:00,17,5,1,19,35,750,111,"203, RUE DU FAUBOURG SAI",48.8505,2.38254,Plein jour,En agglomération,Hors intersection,Normale,Autre collision,,,,,,,,,,,1,2,1,1.0,6.0
201700054417,0017-05-02 12:10:00,17,5,2,12,10,750,111,"44, RUE FAIDHERBE",48.8536,2.38251,Plein jour,En agglomération,Hors intersection,Normale,Autre collision,,,,,,,,,,,1,2,1,1.0,6.0
201700054418,0017-05-03 12:00:00,17,5,3,12,0,750,111,"5, RUE DARBOY",48.8689,2.3726,Plein jour,En agglomération,Intersection en X,Pluie légère,Autre collision,,,,,,,,,,,1,2,2,2.0,6.0
201700054419,0017-05-04 13:10:00,17,5,4,13,10,750,111,"7, PLACE LEON BLUM",48.8581,2.37934,Plein jour,En agglomération,Hors intersection,Normale,Autre collision,,,,,,,,,,,1,2,1,1.0,6.0
201700054420,0017-05-09 21:00:00,17,5,9,21,0,750,111,"119, AVENUE LEDRU ROLLIN",48.8537,2.3775,Crépuscule ou aube,En agglomération,Hors intersection,Normale,Deux véhicules - côté,,,,,,,,,,,2,2,1,1.0,3.0
201700054421,0017-05-10 16:00:00,17,5,10,16,0,750,111,"100, RUE DE LA ROQUETTE",48.8566,2.37729,Plein jour,En agglomération,Hors intersection,Normale,Sans collision,,,,,,,,,,,1,2,1,1.0,7.0
201700054422,0017-05-11 12:40:00,17,5,11,12,40,750,111,"57, BOULEVARD RICHARD LE",48.8597,2.37178,Plein jour,En agglomération,Intersection en T,Normale,Trois véhicules et plus - collisions multiples,,,,,,,,,,,1,2,3,1.0,5.0
201700054423,0017-05-11 18:00:00,17,5,11,18,0,750,111,"92, RUE DE CHARONNE",48.8539,2.38197,Plein jour,En agglomération,Intersection en T,Normale,Deux véhicules - côté,,,,,,,,,,,1,2,3,1.0,3.0
201700054424,0017-05-12 18:10:00,17,5,12,18,10,750,111,"95, AVENUE DE LA REPUBLI",48.8637,2.38276,Plein jour,En agglomération,Hors intersection,Pluie forte,Sans collision,,,,,,,,,,,1,2,1,3.0,7.0
201700054425,0017-05-13 01:10:00,17,5,13,1,10,750,111,"82, BOULEVARD VOLTAIRE",48.861,2.37475,Nuit avec éclairage allumé,En agglomération,Intersection en T,Normale,Autre collision,,,,,,,,,,,5,2,3,1.0,6.0
201700054426,0017-05-13 20:15:00,17,5,13,20,15,750,111,RUE DES TROIS COURONNES,48.8676,2.37618,Plein jour,En agglomération,Hors intersection,Normale,Autre collision,,,,,,,,,,,1,2,1,1.0,6.0
201700054427,0017-05-15 12:00:00,17,5,15,12,0,750,111,"111, RUE DU FAUBOURG SAI",48.8513,2.37612,Plein jour,En agglomération,Intersection en X,Normale,Autre collision,,,,,,,,,,,1,2,2,1.0,6.0
201700054428,0017-05-16 11:30:00,17,5,16,11,30,750,111,"3, PASSAGE PIVER",48.8701,2.3748,Plein jour,En agglomération,Hors intersection,Normale,Deux véhicules - arrière,,,,,,,,,,,1,2,1,1.0,2.0
201700054429,0017-05-17 15:50:00,17,5,17,15,50,750,111,"25, RUE DU MOULIN JOLY",48.8697,2.37836,Plein jour,En agglomération,Intersection en X,Normale,Deux véhicules - arrière,,,,,,,,,,,1,2,2,1.0,2.0
201700054430,0017-05-17 23:15:00,17,5,17,23,15,750,111,"140, AVENUE LEDRU ROLLIN",48.8546,2.378,Nuit avec éclairage allumé,En agglomération,Intersection en X,Pluie légère,Autre collision,,,,,,,,,,,5,2,2,2.0,6.0
201700054431,0017-05-18 01:20:00,17,5,18,1,20,750,111,"202, BOULEVARD VOLTAIRE",48.8538,2.3868,Nuit avec éclairage allumé,En agglomération,Hors intersection,Pluie forte,Autre collision,,,,,,,,,,,5,2,1,3.0,6.0
201700054432,0017-05-21 17:20:00,17,5,21,17,20,750,111,"115, BOULEVARD DE CHARON",48.8565,2.39423,Plein jour,En agglomération,Intersection en X,Normale,Autre collision,,,,,,,,,,,1,2,2,1.0,6.0
201700054433,0017-05-22 12:30:00,17,5,22,12,30,750,111,"36, RUE FAIDHERBE",48.8529,2.38298,Plein jour,En agglomération,Hors intersection,Normale,Deux véhicules - côté,,,,,,,,,,,1,2,1,1.0,3.0
201700054434,0017-05-22 15:30:00,17,5,22,15,30,750,111,"132, BOULEVARD VOLTAIRE",48.8574,2.38081,Plein jour,En agglomération,Intersection en Y,Normale,Deux véhicules - côté,,,,,,,,,,,1,2,4,1.0,3.0
201700054435,0017-05-22 19:30:00,17,5,22,19,30,750,111,"57, AVENUE DE LA REPUBLI",48.8646,2.37798,Plein jour,En agglomération,Intersection en X,Normale,Deux véhicules - côté,,,,,,,,,,,1,2,2,1.0,3.0
201700054436,0017-05-22 13:50:00,17,5,22,13,50,750,111,"8, PLACE DE LA REPUBLIQU",48.867,2.36551,Plein jour,En agglomération,Place,Normale,Autre collision,,,,,,,,,,,1,2,7,1.0,6.0
201700054437,0017-05-24 10:20:00,17,5,24,10,20,750,111,RUE FROMENT,48.8572,2.37278,Plein jour,En agglomération,Intersection en X,Normale,Deux véhicules - côté,,,,,,,,,,,1,2,2,1.0,3.0
201700054438,0017-05-24 12:45:00,17,5,24,12,45,750,111,"63, RUE SAINT MAUR",48.8627,2.3796,Plein jour,En agglomération,Intersection en T,Normale,Autre collision,,,,,,,,,,,1,2,3,1.0,6.0
201700054439,0017-05-24 20:30:00,17,5,24,20,30,750,111,"79, RUE DE CHARONNE",48.8539,2.38197,Plein jour,En agglomération,Intersection en T,Normale,Autre collision,,,,,,,,,,,1,2,3,1.0,6.0
201700054440,0017-05-25 20:45:00,17,5,25,20,45,750,111,BOULEVARD VOLTAIRE,48.8587,2.37857,Plein jour,En agglomération,Intersection en X,Normale,Deux véhicules - côté,,,,,,,,,,,1,2,2,1.0,3.0
201700054441,0017-05-26 18:40:00,17,5,26,18,40,750,111,"138, BOULEVARD RICHARD L",48.8662,2.36963,Plein jour,En agglomération,Intersection en X,Normale,Deux véhicules - côté,,,,,,,,,,,1,2,2,1.0,3.0
201700054442,0017-06-01 02:00:00,17,6,1,2,0,750,111,BOULEVARD VOLTAIRE,48.8547,2.38535,Nuit avec éclairage allumé,En agglomération,Intersection en X,Normale,Deux véhicules - côté,,,,,,,,,,,5,2,2,1.0,3.0
201700054443,0017-06-01 21:30:00,17,6,1,21,30,750,119,PLACE AUGUSTE BARON,48.9002,2.38841,Crépuscule ou aube,En agglomération,Intersection en Y,Normale,Autre collision,,,,,,,,,,,2,2,4,1.0,6.0
201700054444,0017-06-03 09:45:00,17,6,3,9,45,750,111,"97, RUE DU FAUBOURG SAIN",48.8514,2.37559,Plein jour,En agglomération,Hors intersection,Normale,Deux véhicules - côté,,,,,,,,,,,1,2,1,1.0,3.0
201700054445,0017-06-03 20:15:00,17,6,3,20,15,750,111,"168, RUE DE LA ROQUETTE",48.8589,2.38528,Crépuscule ou aube,En agglomération,Intersection en X,Pluie légère,Autre collision,,,,,,,,,,,2,2,2,2.0,6.0
201700054446,0017-06-06 09:30:00,17,6,6,9,30,750,111,"22, AVENUE DE LA REPUBLI",48.8663,2.36884,Plein jour,En agglomération,Intersection en X,Normale,Deux véhicules - côté,,,,,,,,,,,1,2,2,1.0,3.0
201700054447,0017-06-12 18:45:00,17,6,12,18,45,750,111,"1, RUE SERVAN",48.859,2.38412,Plein jour,En agglomération,Hors intersection,Normale,Autre collision,,,,,,,,,,,1,2,1,1.0,6.0
201700054448,0017-06-13 10:00:00,17,6,13,10,0,750,111,"199, BOULEVARD VOLTAIRE",48.8529,2.38851,Plein jour,En agglomération,Intersection en Y,Normale,Deux véhicules - côté,,,,,,,,,,,1,2,4,1.0,3.0
201700054449,0017-06-13 11:20:00,17,6,13,11,20,750,111,"16, BOULEVARD RICHARD LE",48.8552,2.37033,Plein jour,En agglomération,Intersection en X,Normale,Autre collision,,,,,,,,,,,1,2,2,1.0,6.0
201700054450,0017-06-13 10:10:00,17,6,13,10,10,750,111,"53, RUE SERVAN",48.8627,2.38191,Plein jour,En agglomération,Hors intersection,Normale,Autre collision,,,,,,,,,,,1,2,1,1.0,6.0
201700054451,0017-06-15 23:50:00,17,6,15,23,50,750,111,"260, BOULEVARD VOLTAIRE",48.8503,2.39259,Nuit avec éclairage allumé,En agglomération,Intersection à plus de 4 branches,Normale,Autre collision,,,,,,,,,,,5,2,5,1.0,6.0