accident_id,datetime,annee,mois,jour,heure,minute,departement,commune_insee,adresse,latitude,longitude,luminosite,agglomeration,intersection,meteo,collision,nb_vehicules,nb_usagers,nb_indemnes,nb_tues,nb_blesses_hosp,nb_blesses_legers,age_cond_1,age_cond_2,veh_type_cond_1,veh_type_cond_2,lum_code,agg_code,int_code,atm_code,col_code
201700054687,0017-03-28 19:10:00,17,3,28,19,10,750,112,BOULEVARD DIDEROT,48.8471,2.38501,Plein jour,En agglomération,Intersection en Y,Normale,Deux véhicules - côté,,,,,,,,,,,1,2,4,1.0,3.0
201700054688,0017-03-30 12:34:00,17,3,30,12,34,750,112,", AVENUE DE SAINT MANDE",48.8443,2.41032,Plein jour,En agglomération,Intersection en X,Normale,Deux véhicules - côté,,,,,,,,,,,1,2,2,1.0,3.0
201700054689,0017-03-31 00:50:00,17,3,31,0,50,750,112,PLACE EDOUARD RENARD,48.8355,2.40668,Nuit avec éclairage allumé,En agglomération,Place,Temps éblouissant,Sans collision,,,,,,,,,,,5,2,7,7.0,7.0
201700054690,0017-04-01 00:05:00,17,4,1,0,5,750,112,BOULEVARD SOULT,48.8443,2.41032,Nuit avec éclairage allumé,En agglomération,Intersection à plus de 4 branches,Normale,Deux véhicules - côté,,,,,,,,,,,5,2,5,1.0,3.0
201700054691,0017-04-01 02:30:00,17,4,1,2,30,750,112,BOULEVARD DIDEROT,48.8474,2.38675,Nuit avec éclairage allumé,En agglomération,Intersection en X,Normale,Deux véhicules - côté,,,,,,,,,,,5,2,2,1.0,3.0
201700054692,0017-04-02 20:05:00,17,4,2,20,5,750,112,"176, RUE DU FAUBOURG SAI",48.8503,2.3824,Crépuscule ou aube,En agglomération,Hors intersection,Normale,Deux véhicules - côté,,,,,,,,,,,2,2,1,1.0,3.0
201700054693,0017-04-04 16:20:00,17,4,4,16,20,750,112,"44, RUE DU FAUBOURG SAIN",48.8522,2.37247,Plein jour,En agglomération,Hors intersection,Normale,Deux véhicules - côté,,,,,,,,,,,1,2,1,1.0,3.0
201700054694,0017-04-04 18:30:00,17,4,4,18,30,750,112,AVENUE DU TREMBLAY,48.8394,2.45073,Plein jour,En agglomération,Hors intersection,Normale,Deux véhicules - arrière,,,,,,,,,,,1,2,1,1.0,2.0
201700054695,0017-04-05 10:35:00,17,4,5,10,35,750,112,ROUTE DE CEINTURE DU LAC,48.8298,2.41858,Plein jour,En agglomération,Hors intersection,Normale,Autre collision,,,,,,,,,,,1,2,1,1.0,6.0
201700054696,0017-04-04 21:45:00,17,4,4,21,45,750,112,RUE JOSEPH KESSEL,48.8337,2.38244,Nuit avec éclairage allumé,En agglomération,Intersection en T,Normale,Deux véhicules - arrière,,,,,,,,,,,5,2,3,1.0,2.0
201700054697,0017-04-07 08:30:00,17,4,7,8,30,750,112,"43, RUE DE LA BRECHE AUX",48.8385,2.39583,Plein jour,En agglomération,Hors intersection,Normale,Deux véhicules - côté,,,,,,,,,,,1,2,1,1.0,3.0
201700054698,0017-04-07 17:20:00,17,4,7,17,20,750,112,"209, AVENUE DAUMESNIL",48.8384,2.39868,Plein jour,En agglomération,Intersection en T,Normale,Sans collision,,,,,,,,,,,1,2,3,1.0,7.0
201700054699,0017-04-07 23:50:00,17,4,7,23,50,750,112,"240, RUE DE CHARENTON",48.8385,2.38972,Nuit avec éclairage allumé,En agglomération,Hors intersection,Temps éblouissant,Autre collision,,,,,,,,,,,5,2,1,7.0,6.0
201700054700,0017-04-08 14:30:00,17,4,8,14,30,750,112,"78, COURS DE VINCENNES",48.8472,2.40618,Plein jour,En agglomération,Intersection en X,Normale,Deux véhicules - arrière,,,,,,,,,,,1,2,2,1.0,2.0
201700054701,0017-04-08 23:59:00,17,4,8,23,59,750,112,"327, RUE DE CHARENTON",48.8325,2.39652,Nuit avec éclairage allumé,En agglomération,Intersection en T,Pluie forte,Deux véhicules - côté,,,,,,,,,,,5,2,3,3.0,3.0
201700054702,0017-04-10 16:30:00,17,4,10,16,30,750,112,"3BIS, RUE ABEL",48.8462,2.37455,Plein jour,En agglomération,Hors intersection,Normale,Autre collision,,,,,,,,,,,1,2,1,1.0,6.0
201700054703,0017-04-12 19:10:00,17,4,12,19,10,750,112,"66, RUE DE REUILLY",48.8444,2.38971,Plein jour,En agglomération,Intersection en T,Normale,Autre collision,,,,,,,,,,,1,2,3,1.0,6.0
201700054704,0017-04-12 20:10:00,17,4,12,20,10,750,112,AVENUE DU TREMBLAY,48.8375,2.45197,Plein jour,En agglomération,Intersection en X,Normale,Deux véhicules - côté,,,,,,,,,,,1,2,2,1.0,3.0
201700054705,0017-04-13 10:45:00,17,4,13,10,45,750,112,"7, PLACE FELIX EBOUE",48.8397,2.39619,Plein jour,En agglomération,Place,Normale,Deux véhicules - côté,,,,,,,,,,,1,2,7,1.0,3.0
201700054706,0017-04-13 22:06:00,17,4,13,22,6,750,112,"20, RUE DE LYON",48.848,2.37141,Nuit avec éclairage allumé,En agglomération,Intersection en X,Normale,Autre collision,,,,,,,,,,,5,2,2,1.0,6.0
201700054707,0017-04-14 21:50:00,17,4,14,21,50,750,112,AVENUE DAUMESNIL,48.8473,2.37529,Nuit avec éclairage allumé,En agglomération,Intersection à plus de 4 branches,Normale,Deux véhicules - côté,,,,,,,,,,,5,2,5,1.0,3.0
201700054708,0017-04-15 16:05:00,17,4,15,16,5,750,112,"6, AVENUE COURTELINE",48.8441,2.41174,Plein jour,En agglomération,Intersection en X,Normale,Autre collision,,,,,,,,,,,1,2,2,1.0,6.0
201700054709,0017-04-17 22:00:00,17,4,17,22,0,750,112,AVENUE DE NOGENT,48.8369,2.46814,Nuit avec éclairage allumé,En agglomération,Intersection en T,Normale,Deux véhicules - frontale,,,,,,,,,,,5,2,3,1.0,1.0
201700054710,0017-04-19 09:00:00,17,4,19,9,0,750,112,PLACE LACHAMBEAUDIE,48.8357,2.38605,Plein jour,En agglomération,Place,Normale,Trois véhicules et plus - en chaîne,,,,,,,,,,,1,2,7,1.0,4.0
201700054711,0017-03-31 11:45:00,17,3,31,11,45,750,112,BOULEVARD DE LA GUYANE,48.8368,2.41306,Plein jour,En agglomération,Hors intersection,Normale,Autre collision,,,,,,,,,,,1,2,1,1.0,6.0
201700054712,0017-04-20 11:55:00,17,4,20,11,55,750,112,"49, RUE FRANCOIS TRUFFAU",48.8339,2.38677,Plein jour,En agglomération,Hors intersection,Normale,Autre collision,,,,,,,,,,,1,2,1,1.0,6.0
201700054713,0017-04-21 10:35:00,17,4,21,10,35,750,112,"258, RUE DE CHARENTON",48.8376,2.39092,Plein jour,En agglomération,Hors intersection,Normale,Deux véhicules - côté,,,,,,,,,,,1,2,1,1.0,3.0
201700054714,0017-04-22 01:55:00,17,4,22,1,55,750,112,RUE ANTOINE JULIEN HENAR,48.8411,2.38899,Nuit avec éclairage allumé,En agglomération,Intersection en X,Normale,Sans collision,,,,,,,,,,,5,2,2,1.0,7.0
201700054715,0017-04-22 03:00:00,17,4,22,3,0,750,112,AVENUE DU POLYGONE,48.8356,2.43128,Nuit avec éclairage allumé,En agglomération,Intersection en T,Normale,Autre collision,,,,,,,,,,,5,2,3,1.0,6.0
201700054716,0017-04-22 12:30:00,17,4,22,12,30,750,112,"2, PLACE MAZAS",48.8458,2.3676,Plein jour,En agglomération,Place,Normale,Deux véhicules - côté,,,,,,,,,,,1,2,7,1.0,3.0
201700054717,0017-04-24 08:50:00,17,4,24,8,50,750,112,PLACE DE LA BASTILLE,48.8526,2.36962,Plein jour,En agglomération,Place,Normale,Deux véhicules - côté,,,,,,,,,,,1,2,7,1.0,3.0
201700054718,0017-04-24 22:55:00,17,4,24,22,55,750,112,AVENUE CHARLES DE FOUCAU,48.8331,2.40496,Nuit avec éclairage allumé,En agglomération,Hors intersection,Normale,Autre collision,,,,,,,,,,,5,2,1,1.0,6.0
201700054719,0017-04-25 09:45:00,17,4,25,9,45,750,112,"1, AVENUE DE CORBERA",48.8453,2.38099,Plein jour,En agglomération,Intersection en T,Normale,Autre collision,,,,,,,,,,,1,2,3,1.0,6.0
201700054720,0017-04-25 15:55:00,17,4,25,15,55,750,112,"5, PLACE D ALIGRE",48.8493,2.37799,Plein jour,En agglomération,Hors intersection,Normale,Autre collision,,,,,,,,,,,1,2,1,1.0,6.0
201700054721,0017-04-25 19:40:00,17,4,25,19,40,750,112,RUE DE WATTIGNIES,48.8362,2.39465,Plein jour,En agglomération,Intersection en X,Normale,Deux véhicules - côté,,,,,,,,,,,1,2,2,1.0,3.0
201700054722,0017-04-26 19:00:00,17,4,26,19,0,750,112,RUE PROUDHON,48.8364,2.3876,Plein jour,En agglomération,Hors intersection,Temps couvert,Autre collision,,,,,,,,,,,1,2,1,8.0,6.0
201700054723,0017-04-28 22:40:00,17,4,28,22,40,750,112,PLACE LOUIS ARMAND,48.8457,2.37241,Nuit avec éclairage allumé,En agglomération,Intersection à plus de 4 branches,Normale,Autre collision,,,,,,,,,,,5,2,5,1.0,6.0
201700054724,0017-05-02 10:55:00,17,5,2,10,55,750,112,"50, BOULEVARD DE LA BAST",48.8515,2.36915,Plein jour,En agglomération,Intersection en T,Normale,Trois véhicules et plus - collisions multiples,,,,,,,,,,,1,2,3,1.0,5.0
201700054725,0017-05-02 11:10:00,17,5,2,11,10,750,112,"206, RUE DE CHARENTON",48.8418,2.38672,Plein jour,En agglomération,Intersection en T,Normale,Autre collision,,,,,,,,,,,1,2,3,1.0,6.0
201700054726,0017-05-03 03:00:00,17,5,3,3,0,750,112,"32, RUE DE LYON",48.849,2.37097,Nuit avec éclairage allumé,En agglomération,Intersection en Y,Pluie légère,Autre collision,,,,,,,,,,,5,2,4,2.0,6.0
201700054727,0017-05-04 02:27:00,17,5,4,2,27,750,112,"43, RUE DE LYON",48.849,2.37097,Nuit avec éclairage allumé,En agglomération,Intersection en Y,Normale,Autre collision,,,,,,,,,,,5,2,4,1.0,6.0
201700054728,0017-05-04 17:40:00,17,5,4,17,40,750,111,"188, RUE DU FAUBOURG SAI",48.8505,2.3833,Plein jour,En agglomération,Hors intersection,Pluie légère,Deux véhicules - arrière,,,,,,,,,,,1,2,1,2.0,2.0
201700054729,0017-05-05 08:20:00,17,5,5,8,20,750,112,QUAI DE LA RAPEE,48.8464,2.36685,Plein jour,En agglomération,Intersection en Y,Normale,Deux véhicules - côté,,,,,,,,,,,1,2,4,1.0,3.0
201700054730,0017-05-05 14:30:00,17,5,5,14,30,750,112,AVENUE DAUMESNIL,48.84,2.43217,Plein jour,En agglomération,Intersection en Y,Normale,Deux véhicules - arrière,,,,,,,,,,,1,2,4,1.0,2.0
201700054731,0017-05-09 17:10:00,17,5,9,17,10,750,112,"327, RUE DE CHARENTON",48.8325,2.39652,Plein jour,En agglomération,Intersection en T,Normale,Trois véhicules et plus - collisions multiples,,,,,,,,,,,1,2,3,1.0,5.0
201700054732,0017-05-09 22:45:00,17,5,9,22,45,750,112,"88, BOULEVARD PONIATOWSK",48.8334,2.40217,Nuit avec éclairage allumé,En agglomération,Place,Normale,Sans collision,,,,,,,,,,,5,2,7,1.0,7.0
201700054733,0017-05-12 01:33:00,17,5,12,1,33,750,112,COURS DE VINCENNES,48.8478,2.39906,Nuit avec éclairage allumé,En agglomération,Place,Normale,Deux véhicules - côté,,,,,,,,,,,5,2,7,1.0,3.0
201700054734,0017-05-13 17:40:00,17,5,13,17,40,750,112,"23, RUE FABRE D EGLANTIN",48.8473,2.39572,Plein jour,En agglomération,Place,Normale,Autre collision,,,,,,,,,,,1,2,7,1.0,6.0
201700054735,0017-05-14 00:25:00,17,5,14,0,25,750,112,AVENUE COURTELINE,48.844,2.41348,Nuit avec éclairage allumé,En agglomération,Intersection en Y,Normale,Autre collision,,,,,,,,,,,5,2,4,1.0,6.0
201700054736,0017-05-15 15:10:00,17,5,15,15,10,750,112,ECHANGEUR BERCY,48.8275,2.39074,Plein jour,En agglomération,Hors intersection,Normale,Deux véhicules - côté,,,,,,,,,,,1,2,1,1.0,3.0
201700054737,0017-05-15 16:00:00,17,5,15,16,0,750,112,QUAI DE LA RAPEE,48.8432,2.37068,Plein jour,En agglomération,Hors intersection,Normale,Autre collision,,,,,,,,,,,1,2,1,1.0,6.0
201700054738,0017-05-15 22:10:00,17,5,15,22,10,750,112,"241, RUE DU FAUBOURG SAI",48.8501,2.3843,Nuit avec éclairage allumé,En agglomération,Intersection à plus de 4 branches,Normale,Autre collision,,,,,,,,,,,5,2,5,1.0,6.0
201700054739,0017-05-16 13:00:00,17,5,16,13,0,750,112,QUAI DE BERCY,48.8279,2.3887,Plein jour,En agglomération,Intersection en Y,Normale,Deux véhicules - côté,,,,,,,,,,,1,2,4,1.0,3.0
201700054740,0017-05-16 20:30:00,17,5,16,20,30,750,112,"279, AVENUE DAUMESNIL",48.8356,2.40633,Crépuscule ou aube,En agglomération,Hors intersection,Temps éblouissant,Autre collision,,,,,,,,,,,2,2,1,7.0,6.0
201700054741,0017-05-16 22:45:00,17,5,16,22,45,750,112,RUE DE LYON,48.8514,2.36986,Nuit avec éclairage allumé,En agglomération,Intersection en T,Normale,Autre collision,,,,,,,,,,,5,2,3,1.0,6.0
201700054742,0017-05-18 15:20:00,17,5,18,15,20,750,112,"125, BOULEVARD DIDEROT",48.8479,2.39196,Plein jour,En agglomération,Hors intersection,Normale,Autre collision,,,,,,,,,,,1,2,1,1.0,6.0
201700054743,0017-05-19 14:15:00,17,5,19,14,15,750,112,"102, QUAI DE LA RAPEE",48.8464,2.36685,Plein jour,En agglomération,Intersection en Y,Normale,Deux véhicules - côté,,,,,,,,,,,1,2,4,1.0,3.0
201700054744,0017-05-19 13:22:00,17,5,19,13,22,750,112,"130, RUE DE LYON",48.8517,2.36975,Plein jour,En agglomération,Hors intersection,Normale,Deux véhicules - côté,,,,,,,,,,,1,2,1,1.0,3.0
201700054745,0017-05-23 12:50:00,17,5,23,12,50,750,112,"22, BOULEVARD DIDEROT",48.8458,2.37405,Plein jour,En agglomération,Intersection en X,Normale,Autre collision,,,,,,,,,,,1,2,2,1.0,6.0
201700054746,0017-05-23 13:35:00,17,5,23,13,35,750,112,"20, BOULEVARD SOULT",48.8382,2.40835,Plein jour,En agglomération,Intersection en T,Normale,Autre collision,,,,,,,,,,,1,2,3,1.0,6.0
201700054747,0017-05-24 18:45:00,17,5,24,18,45,750,112,"02, PLACE DE LA BASTILLE",48.8532,2.37022,Plein jour,En agglomération,Place,Normale,Deux véhicules - côté,,,,,,,,,,,1,2,7,1.0,3.0
201700054748,0017-05-25 03:55:00,17,5,25,3,55,750,112,"73, AVENUE LEDRU ROLLIN",48.8496,2.37428,Nuit avec éclairage allumé,En agglomération,Intersection en X,Normale,Deux véhicules - arrière,,,,,,,,,,,5,2,2,1.0,2.0
201700054749,0017-05-25 18:15:00,17,5,25,18,15,750,112,AVENUE DE LA PORTE DE CH,48.8308,2.3993,Plein jour,En agglomération,Intersection en Y,Normale,Deux véhicules - côté,,,,,,,,,,,1,2,4,1.0,3.0
201700054750,0017-05-25 19:55:00,17,5,25,19,55,750,112,ROUTE ROYALE DE BEAUTE,48.834,2.44485,Plein jour,En agglomération,Place,Normale,Deux véhicules - côté,,,,,,,,,,,1,2,7,1.0,3.0
201700054751,0017-05-26 14:05:00,17,5,26,14,5,750,112,AVENUE DE GRAVELLE,48.8186,2.44289,Plein jour,En agglomération,Intersection en Y,Normale,Deux véhicules - côté,,,,,,,,,,,1,2,4,1.0,3.0
201700054752,0017-05-27 10:20:00,17,5,27,10,20,750,112,"1, RUE DE BERCY",48.8357,2.38605,Plein jour,En agglomération,Intersection en T,Normale,Deux véhicules - côté,,,,,,,,,,,1,2,3,1.0,3.0
201700054753,0017-05-28 14:55:00,17,5,28,14,55,750,112,"83, BOULEVARD DIDEROT",48.8474,2.38707,Plein jour,En agglomération,Intersection en Y,Normale,Autre collision,,,,,,,,,,,1,2,4,1.0,6.0
201700054754,0017-05-29 13:40:00,17,5,29,13,40,750,112,"80, RUE DU FAUBOURG SAIN",48.8516,2.3748,Plein jour,En agglomération,Intersection en X,Normale,Deux véhicules - côté,,,,,,,,,,,1,2,2,1.0,3.0
201700054755,0017-05-29 15:30:00,17,5,29,15,30,750,112,"245, AVENUE DAUMESNIL",48.8375,2.4013,Plein jour,En agglomération,Hors intersection,Normale,Autre collision,,,,,,,,,,,1,2,1,1.0,6.0
201700054756,0017-05-30 01:40:00,17,5,30,1,40,750,112,BOULEVARD CARNOT,48.8417,2.41315,Nuit avec éclairage allumé,En agglomération,Hors intersection,Normale,Autre collision,,,,,,,,,,,5,2,1,1.0,6.0
201700054757,0017-05-30 06:55:00,17,5,30,6,55,750,112,"208, RUE DE BERCY",48.8451,2.37152,Plein jour,En agglomération,Hors intersection,Temps couvert,Autre collision,,,,,,,,,,,1,2,1,8.0,6.0
201700054758,0017-05-31 16:15:00,17,5,31,16,15,750,112,"07, BOULEVARD DE REUILLY",48.8391,2.3904,Plein jour,En agglomération,Hors intersection,Normale,Deux véhicules - côté,,,,,,,,,,,1,2,1,1.0,3.0
201700054759,0017-06-01 00:35:00,17,6,1,0,35,750,112,"257, AVENUE DAUMESNIL",48.8365,2.40405,Nuit avec éclairage allumé,En agglomération,Intersection en T,Normale,Deux véhicules - frontale,,,,,,,,,,,5,2,3,1.0,1.0
201700054760,0017-06-01 10:00:00,17,6,1,10,0,750,112,PONT D AUSTERLITZ,48.845,2.36617,Plein jour,En agglomération,Hors intersection,Normale,Deux véhicules - côté,,,,,,,,,,,1,2,1,1.0,3.0
201700054761,0017-06-01 12:30:00,17,6,1,12,30,750,112,"106, RUE DU FAUBOURG SAI",48.851,2.37714,Plein jour,En agglomération,Intersection en T,Normale,Deux véhicules - côté,,,,,,,,,,,1,2,3,1.0,3.0
201700054762,0017-06-02 08:30:00,17,6,2,8,30,750,112,"9, PLACE FELIX EBOUE",48.8396,2.39689,Plein jour,En agglomération,Place,Normale,Deux véhicules - côté,,,,,,,,,,,1,2,7,1.0,3.0
201700054763,0017-06-03 18:10:00,17,6,3,18,10,750,112,BOULEVARD PONIATOWSKI,48.8294,2.39032,Plein jour,En agglomération,Intersection à plus de 4 branches,Pluie légère,Deux véhicules - côté,,,,,,,,,,,1,2,5,2.0,3.0
201700054764,0017-06-03 18:25:00,17,6,3,18,25,750,112,"84, AVENUE DU DOCTEUR AR",48.8465,2.40607,Plein jour,En agglomération,Hors intersection,Pluie légère,Autre collision,,,,,,,,,,,1,2,1,2.0,6.0
201700054765,0017-06-04 06:10:00,17,6,4,6,10,750,112,AVENUE LEDRU ROLLIN,48.8458,2.3676,Plein jour,En agglomération,Intersection à plus de 4 branches,Normale,Deux véhicules - côté,,,,,,,,,,,1,2,5,1.0,3.0
201700054766,0017-06-04 20:05:00,17,6,4,20,5,750,112,AVENUE DAUMESNIL,48.84,2.43217,Crépuscule ou aube,En agglomération,Intersection en Y,Normale,Deux véhicules - côté,,,,,,,,,,,2,2,4,1.0,3.0
201700054767,0017-06-06 09:50:00,17,6,6,9,50,750,112,"126, QUAI DE BERCY",48.8321,2.38453,Plein jour,En agglomération,Hors intersection,Normale,Deux véhicules - arrière,,,,,,,,,,,1,2,1,1.0,2.0
201700054768,0017-06-06 13:10:00,17,6,6,13,10,750,112,"36, RUE CHALIGNY",48.8489,2.38409,Plein jour,En agglomération,Hors intersection,Normale,Deux véhicules - arrière,,,,,,,,,,,1,2,1,1.0,2.0
201700054769,0017-06-07 21:30:00,17,6,7,21,30,750,112,"213, RUE DE BERCY",48.8459,2.37081,Crépuscule ou aube,En agglomération,Intersection en X,Normale,Autre collision,,,,,,,,,,,2,2,2,1.0,6.0
201700054770,0017-06-09 09:15:00,17,6,9,9,15,750,112,"66, AVENUE DE GRAVELLE",48.8216,2.43316,Plein jour,En agglomération,Hors intersection,Normale,Deux véhicules - arrière,,,,,,,,,,,1,2,1,1.0,2.0
201700054771,0017-06-10 10:40:00,17,6,10,10,40,750,112,"44BIS, RUE CROZATIER",48.8501,2.37903,Plein jour,En agglomération,Intersection en X,Normale,Trois véhicules et plus - en chaîne,,,,,,,,,,,1,2,2,1.0,4.0
201700054772,0017-06-11 20:45:00,17,6,11,20,45,750,112,"2, AVENUE DU GENERAL LAP",48.8348,2.40796,Plein jour,En agglomération,Place,Normale,Autre collision,,,,,,,,,,,1,2,7,1.0,6.0
201700054773,0017-06-12 06:20:00,17,6,12,6,20,750,112,AVENUE DES MINIMES,48.8419,2.42428,Plein jour,En agglomération,Intersection en Y,Normale,Autre collision,,,,,,,,,,,1,2,4,1.0,6.0
201700054774,0017-06-12 10:45:00,17,6,12,10,45,750,112,BOULEVARD PONIATOWSKI,48.8294,2.39032,Plein jour,En agglomération,Intersection en Y,Normale,Deux véhicules - côté,,,,,,,,,,,1,2,4,1.0,3.0
201700054775,0017-06-12 15:10:00,17,6,12,15,10,750,112,"36, COURS DE VINCENNES",48.8475,2.40205,Plein jour,En agglomération,Hors intersection,Normale,Trois véhicules et plus - en chaîne,,,,,,,,,,,1,2,1,1.0,4.0
201700054776,0017-06-14 08:30:00,17,6,14,8,30,750,112,"39, BOULEVARD DE REUILLY",48.8393,2.39332,Plein jour,En agglomération,Hors intersection,Normale,Autre collision,,,,,,,,,,,1,2,1,1.0,6.0
201700054777,0017-06-14 23:00:00,17,6,14,23,0,750,112,"15, RUE BARON LE ROY",48.8351,2.38749,Nuit avec éclairage allumé,En agglomération,Hors intersection,Normale,Deux véhicules - arrière,,,,,,,,,,,5,2,1,1.0,2.0
201700054778,0017-06-15 20:25:00,17,6,15,20,25,750,112,"14, AVENUE DAUMESNIL",48.8487,2.37253,Plein jour,En agglomération,Intersection en X,Normale,Deux véhicules - côté,,,,,,,,,,,1,2,2,1.0,3.0
201700054779,0017-06-15 20:50:00,17,6,15,20,50,750,112,BOULEVARD PERIPHERIQUE I,48.8348,2.4108,Nuit avec éclairage allumé,En agglomération,Hors intersection,Normale,Deux véhicules - côté,,,,,,,,,,,5,2,1,1.0,3.0
201700054780,0017-06-15 21:50:00,17,6,15,21,50,750,112,ESPLANADE SAINT LOUIS,48.8402,2.43645,Nuit avec éclairage allumé,En agglomération,Place,Normale,Autre collision,,,,,,,,,,,5,2,7,1.0,6.0
201700054781,0017-06-16 18:40:00,17,6,16,18,40,750,112,BOULEVARD DIDEROT,48.8474,2.38675,Plein jour,En agglomération,Intersection en X,Normale,Autre collision,,,,,,,,,,,1,2,2,1.0,6.0
201700054782,0017-06-19 18:30:00,17,6,19,18,30,750,112,"39, RUE PROUDHON",48.8374,2.39117,Plein jour,En agglomération,Intersection en X,Normale,Deux véhicules - côté,,,,,,,,,,,1,2,2,1.0,3.0
201700054783,0017-06-20 11:35:00,17,6,20,11,35,750,112,QUAI DE BERCY,48.8305,2.38654,Plein jour,En agglomération,Intersection en T,Normale,Sans collision,,,,,,,,,,,1,2,3,1.0,7.0
201700054784,0017-06-20 15:00:00,17,6,20,15,0,750,112,RUE DU GENERAL DE LANGLE,48.8281,2.39224,Plein jour,En agglomération,Intersection en Y,Normale,Deux véhicules - côté,,,,,,,,,,,1,2,4,1.0,3.0
201700054785,0017-06-20 22:30:00,17,6,20,22,30,750,112,AVENUE DAUMESNIL,48.839,2.42848,Nuit avec éclairage allumé,En agglomération,Hors intersection,Normale,Deux véhicules - arrière,,,,,,,,,,,5,2,1,1.0,2.0
201700054786,0017-06-21 10:00:00,17,6,21,10,0,750,112,"00, RUE DE WATTIGNIES",48.8346,2.4008,Plein jour,En agglomération,Intersection à plus de 4 branches,Normale,Deux véhicules - côté,,,,,,,,,,,1,2,5,1.0,3.0
201700054787,0017-06-22 08:40:00,17,6,22,8,40,750,112,"21, RUE DE PICPUS",48.8463,2.39443,Plein jour,En agglomération,Intersection en X,Normale,Autre collision,,,,,,,,,,,1,2,2,1.0,6.0
201700054788,0017-06-22 09:20:00,17,6,22,9,20,750,112,"112, AVENUE DAUMESNIL",48.8427,2.38477,Plein jour,En agglomération,Hors intersection,Normale,Sans collision,,,,,,,,,,,1,2,1,1.0,7.0
201700054789,0017-06-22 22:50:00,17,6,22,22,50,750,112,"150, AVENUE DAUMESNIL",48.8405,2.39171,Nuit avec éclairage allumé,En agglomération,Hors intersection,Normale,Deux véhicules - arrière,,,,,,,,,,,5,2,1,1.0,2.0
201700054790,0017-06-23 17:15:00,17,6,23,17,15,750,112,ROUTE DE CEINTURE DU LAC,48.8312,2.40874,Plein jour,En agglomération,Intersection en X,Normale,Deux véhicules - côté,,,,,,,,,,,1,2,2,1.0,3.0
201700054791,0017-06-23 21:43:00,17,6,23,21,43,750,112,"14, AVENUE DAUMESNIL",48.8487,2.37253,Crépuscule ou aube,En agglomération,Intersection en X,Normale,Sans collision,,,,,,,,,,,2,2,2,1.0,7.0
201700054792,0017-06-24 15:10:00,17,6,24,15,10,750,112,QUAI DE BERCY,48.8337,2.38244,Plein jour,En agglomération,Intersection en X,Normale,Deux véhicules - côté,,,,,,,,,,,1,2,2,1.0,3.0
201700054793,0017-06-27 22:50:00,17,6,27,22,50,750,112,"39, RUE PROUDHON",48.8374,2.39117,Nuit avec éclairage allumé,En agglomération,Intersection en X,Normale,Deux véhicules - côté,,,,,,,,,,,5,2,2,1.0,3.0
201700054794,0017-06-28 11:35:00,17,6,28,11,35,750,112,"132, BOULEVARD DIDEROT",48.8476,2.38907,Plein jour,En agglomération,Intersection en X,Normale,Deux véhicules - côté,,,,,,,,,,,1,2,2,1.0,3.0
201700054795,0017-06-29 01:25:00,17,6,29,1,25,750,112,BOULEVARD PONIATOWSKI,48.8292,2.38966,Nuit avec éclairage allumé,En agglomération,Intersection en T,Normale,Autre collision,,,,,,,,,,,5,2,3,1.0,6.0
201700054796,0017-06-30 15:35:00,17,6,30,15,35,750,112,ROUTE DE LA PYRAMIDE,48.824,2.4577,Plein jour,En agglomération,Giratoire,Pluie légère,Deux véhicules - côté,,,,,,,,,,,1,2,6,2.0,3.0
201700054797,0017-07-01 03:50:00,17,7,1,3,50,750,112,ROUTE DE LA PYRAMIDE,48.8292,2.45168,Nuit avec éclairage allumé,En agglomération,Hors intersection,Normale,Deux véhicules - côté,,,,,,,,,,,5,2,1,1.0,3.0
201700054798,0017-07-02 23:35:00,17,7,2,23,35,750,112,"43, RUE DE LYON",48.849,2.37097,Nuit avec éclairage allumé,En agglomération,Intersection à plus de 4 branches,Normale,Autre collision,,,,,,,,,,,5,2,5,1.0,6.0
201700054799,0017-07-05 07:10:00,17,7,5,7,10,750,112,"4, BOULEVARD DE LA BASTI",48.8468,2.36699,Plein jour,En agglomération,Hors intersection,Normale,Deux véhicules - arrière,,,,,,,,,,,1,2,1,1.0,2.0
201700054800,0017-07-06 10:00:00,17,7,6,10,0,750,112,"1, BOULEVARD DE REUILLY",48.839,2.38921,Plein jour,En agglomération,Intersection en X,Pluie légère,Deux véhicules - côté,,,,,,,,,,,1,2,2,2.0,3.0
201700054801,0017-07-06 16:15:00,17,7,6,16,15,750,112,ROUTE DE CEINTURE DU LAC,48.8318,2.41631,Plein jour,En agglomération,Hors intersection,Normale,Autre collision,,,,,,,,,,,1,2,1,1.0,6.0
201700054802,0017-07-06 17:55:00,17,7,6,17,55,750,112,PLACE DE L ILE DE LA REU,48.8473,2.3982,Plein jour,En agglomération,Place,Normale,Autre collision,,,,,,,,,,,1,2,7,1.0,6.0
201700054803,0017-07-07 08:55:00,17,7,7,8,55,750,112,ROUTE DE CEINTURE DU LAC,48.8279,2.41894,Plein jour,En agglomération,Place,Normale,Deux véhicules - côté,,,,,,,,,,,1,2,7,1.0,3.0
201700054804,0017-07-07 23:45:00,17,7,7,23,45,750,112,AVENUE DE NOGENT,48.839,2.46027,Nuit avec éclairage allumé,En agglomération,Intersection en X,Normale,Deux véhicules - côté,,,,,,,,,,,5,2,2,1.0,3.0
201700054805,0017-07-08 11:35:00,17,7,8,11,35,750,112,"73, RUE DE LYON",48.8514,2.36986,Plein jour,En agglomération,Intersection en Y,Normale,Deux véhicules - côté,,,,,,,,,,,1,2,4,1.0,3.0
201700054806,0017-07-08 17:50:00,17,7,8,17,50,750,112,AVENUE DAUMESNIL,48.8336,2.41424,Plein jour,En agglomération,Hors intersection,Normale,Deux véhicules - côté,,,,,,,,,,,1,2,1,1.0,3.0