accident_id,datetime,annee,mois,jour,heure,minute,departement,commune_insee,adresse,latitude,longitude,luminosite,agglomeration,intersection,meteo,collision,nb_vehicules,nb_usagers,nb_indemnes,nb_tues,nb_blesses_hosp,nb_blesses_legers,age_cond_1,age_cond_2,veh_type_cond_1,veh_type_cond_2,lum_code,agg_code,int_code,atm_code,col_code
201700055282,0017-10-06 06:40:00,17,10,6,6,40,750,113,PORTE D ITALIE,48.816,2.36069,Nuit avec éclairage allumé,En agglomération,Intersection en Y,Normale,Deux véhicules - côté,,,,,,,,,,,5,2,4,1.0,3.0
201700055283,0017-10-06 15:45:00,17,10,6,15,45,750,113,"76, AVENUE D ITALIE",48.8262,2.35729,Plein jour,En agglomération,Intersection en X,Normale,Deux véhicules - côté,,,,,,,,,,,1,2,2,1.0,3.0
201700055284,0017-10-07 14:00:00,17,10,7,14,0,750,113,"131, BOULEVARD VINCENT A",48.8332,2.36332,Plein jour,En agglomération,Hors intersection,Normale,Deux véhicules - côté,,,,,,,,,,,1,2,1,1.0,3.0
201700055285,0017-10-08 12:29:00,17,10,8,12,29,750,113,QUAI D AUSTERLITZ,48.842,2.36781,Plein jour,En agglomération,Intersection en X,Normale,Deux véhicules - côté,,,,,,,,,,,1,2,2,1.0,3.0
201700055286,0017-10-09 10:45:00,17,10,9,10,45,750,113,"5, RUE DE LA POTERNE DES",48.8202,2.35278,Plein jour,En agglomération,Intersection en X,Normale,Deux véhicules - côté,,,,,,,,,,,1,2,2,1.0,3.0
201700055287,0017-10-09 16:50:00,17,10,9,16,50,750,113,BOULEVARD KELLERMANN,48.8202,2.348,Plein jour,En agglomération,Intersection en T,Normale,Autre collision,,,,,,,,,,,1,2,3,1.0,6.0
201700055288,0017-10-09 20:55:00,17,10,9,20,55,750,113,AVENUE DE LA PORTE D ITA,48.816,2.36069,Nuit avec éclairage allumé,En agglomération,Intersection en Y,Normale,Deux véhicules - côté,,,,,,,,,,,5,2,4,1.0,3.0
201700055289,0017-10-09 21:00:00,17,10,9,21,0,750,113,AVENUE DE LA PORTE DE CH,48.8172,2.36694,Nuit avec éclairage allumé,En agglomération,Intersection en X,Normale,Autre collision,,,,,,,,,,,5,2,2,1.0,6.0
201700055290,0017-10-10 17:12:00,17,10,10,17,12,750,113,"17, RUE DE TOLBIAC",48.8292,2.37422,Plein jour,En agglomération,Intersection en T,Normale,Deux véhicules - côté,,,,,,,,,,,1,2,3,1.0,3.0
201700055291,0017-10-11 03:40:00,17,10,11,3,40,750,105,"127, BOULEVARD DE PORT R",48.8397,2.33671,Nuit avec éclairage allumé,En agglomération,Intersection en X,Normale,Autre collision,,,,,,,,,,,5,2,2,1.0,6.0
201700055292,0017-10-11 14:15:00,17,10,11,14,15,750,113,"1, BOULEVARD DE L HOPITA",48.8424,2.36363,Plein jour,En agglomération,Intersection en T,Normale,Autre collision,,,,,,,,,,,1,2,3,1.0,6.0
201700055293,0017-10-11 17:15:00,17,10,11,17,15,750,105,"01, RUE DU PETIT PONT",48.8528,2.34661,Plein jour,En agglomération,Intersection en T,Normale,Autre collision,,,,,,,,,,,1,2,3,1.0,6.0
201700055294,0017-10-12 17:30:00,17,10,12,17,30,750,113,"168, AVENUE D ITALIE",48.8212,2.35885,Plein jour,En agglomération,Hors intersection,Normale,Autre collision,,,,,,,,,,,1,2,1,1.0,6.0
201700055295,0017-10-13 18:10:00,17,10,13,18,10,750,113,"144, BOULEVARD DE L HOPI",48.8328,2.3565,Plein jour,En agglomération,Hors intersection,Normale,Deux véhicules - arrière,,,,,,,,,,,1,2,1,1.0,2.0
201700055296,0017-10-15 06:45:00,17,10,15,6,45,750,113,"41, QUAI D AUSTERLITZ",48.8402,2.37023,Nuit avec éclairage allumé,En agglomération,Hors intersection,Normale,Deux véhicules - arrière,,,,,,,,,,,5,2,1,1.0,2.0
201700055297,0017-10-15 14:20:00,17,10,15,14,20,750,113,"149, RUE DU CHATEAU DES",48.8296,2.36388,Plein jour,En agglomération,Hors intersection,Normale,Autre collision,,,,,,,,,,,1,2,1,1.0,6.0
201700055298,0017-10-16 09:00:00,17,10,16,9,0,750,113,"178, AVENUE DE CHOISY",48.8298,2.35707,Plein jour,En agglomération,Intersection en T,Normale,Deux véhicules - côté,,,,,,,,,,,1,2,3,1.0,3.0
201700055299,0017-10-17 18:05:00,17,10,17,18,5,750,113,"3, RUE MARIE ANDREE LAGR",48.8284,2.38035,Plein jour,En agglomération,Intersection en X,Normale,Deux véhicules - côté,,,,,,,,,,,1,2,2,1.0,3.0
201700055300,0017-10-18 12:00:00,17,10,18,12,0,750,113,", BOULEVARD AUGUSTE BLAN",48.8304,2.35271,Plein jour,En agglomération,Intersection à plus de 4 branches,Normale,Deux véhicules - côté,,,,,,,,,,,1,2,5,1.0,3.0
201700055301,0017-10-19 20:05:00,17,10,19,20,5,750,113,BOULEVARD VINCENT AURIOL,48.8364,2.3713,Nuit avec éclairage allumé,En agglomération,Intersection à plus de 4 branches,Normale,Autre collision,,,,,,,,,,,5,2,5,1.0,6.0
201700055302,0017-10-20 06:42:00,17,10,20,6,42,750,113,"124, RUE DE TOLBIAC",48.8262,2.35988,Nuit avec éclairage allumé,En agglomération,Intersection à plus de 4 branches,Normale,Autre collision,,,,,,,,,,,5,2,5,1.0,6.0
201700055303,0017-10-20 18:10:00,17,10,20,18,10,750,113,"25, QUAI D IVRY",48.8265,2.38642,Plein jour,En agglomération,Intersection en Y,Temps éblouissant,Deux véhicules - côté,,,,,,,,,,,1,2,4,7.0,3.0
201700055304,0017-10-21 17:15:00,17,10,21,17,15,750,113,AVENUE DE LA PORTE D ITA,48.8181,2.35975,Plein jour,En agglomération,Intersection en X,Pluie légère,Trois véhicules et plus - en chaîne,,,,,,,,,,,1,2,2,2.0,4.0
201700055305,0017-10-22 12:55:00,17,10,22,12,55,750,113,"36, AVENUE D ITALIE",48.8287,2.35652,Plein jour,En agglomération,Hors intersection,Normale,Autre collision,,,,,,,,,,,1,2,1,1.0,6.0
201700055306,0017-10-22 23:40:00,17,10,22,23,40,750,113,AVENUE DE CHOISY,48.8262,2.35988,Nuit avec éclairage allumé,En agglomération,Intersection à plus de 4 branches,Pluie forte,Deux véhicules - côté,,,,,,,,,,,5,2,5,3.0,3.0
201700055307,0017-10-23 19:15:00,17,10,23,19,15,750,113,AVENUE CLAUDE REGAUD,48.8215,2.3724,Nuit avec éclairage allumé,En agglomération,Intersection en X,Pluie légère,Autre collision,,,,,,,,,,,5,2,2,2.0,6.0
201700055308,0017-10-23 22:55:00,17,10,23,22,55,750,113,"154, AVENUE D ITALIE",48.8222,2.35854,Nuit avec éclairage allumé,En agglomération,Intersection en X,Pluie légère,Sans collision,,,,,,,,,,,5,2,2,2.0,7.0
201700055309,0017-10-24 18:20:00,17,10,24,18,20,750,113,"170, AVENUE D ITALIE",48.821,2.35891,Crépuscule ou aube,En agglomération,Hors intersection,Temps couvert,Trois véhicules et plus - en chaîne,,,,,,,,,,,2,2,1,8.0,4.0
201700055310,0017-10-26 15:40:00,17,10,26,15,40,750,113,RUE DE LA POTERNE DES PE,48.8176,2.35328,Plein jour,En agglomération,Intersection en X,Normale,Deux véhicules - côté,,,,,,,,,,,1,2,2,1.0,3.0
201700055311,0017-10-26 20:23:00,17,10,26,20,23,750,106,"61, BOULEVARD DU MONTPAR",48.8441,2.3231,Nuit avec éclairage allumé,En agglomération,Place,Normale,Autre collision,,,,,,,,,,,5,2,7,1.0,6.0
201700055312,0017-10-27 05:37:00,17,10,27,5,37,750,113,BOULEVARD DU GENERAL JEA,48.8258,2.38199,Nuit avec éclairage allumé,En agglomération,Intersection en X,Normale,Deux véhicules - côté,,,,,,,,,,,5,2,2,1.0,3.0
201700055313,0017-10-29 17:15:00,17,10,29,17,15,750,113,"51, BOULEVARD AUGUSTE BL",48.8296,2.35032,Nuit avec éclairage allumé,En agglomération,Hors intersection,Pluie légère,Deux véhicules - côté,,,,,,,,,,,5,2,1,2.0,3.0
201700055314,0017-10-31 09:30:00,17,10,31,9,30,750,113,"75, RUE DE TOLBIAC",48.8273,2.36852,Plein jour,En agglomération,Intersection en X,Normale,Deux véhicules - côté,,,,,,,,,,,1,2,2,1.0,3.0
201700055315,0017-10-31 13:05:00,17,10,31,13,5,750,113,"136, BOULEVARD AUGUSTE B",48.8319,2.34112,Plein jour,En agglomération,Intersection en X,Normale,Deux véhicules - arrière,,,,,,,,,,,1,2,2,1.0,2.0
201700055316,0017-10-31 17:17:00,17,10,31,17,17,750,113,"11, PLACE D ITALIE",48.8312,2.35625,Crépuscule ou aube,En agglomération,Place,Normale,Deux véhicules - côté,,,,,,,,,,,2,2,7,1.0,3.0
201700055317,0017-11-01 22:30:00,17,11,1,22,30,750,113,PONT CHARLES DE GAULLE,48.842,2.36781,Nuit avec éclairage allumé,En agglomération,Intersection en X,Normale,Deux véhicules - côté,,,,,,,,,,,5,2,2,1.0,3.0
201700055318,0017-11-02 14:35:00,17,11,2,14,35,750,113,"17, AVENUE DE LA PORTE D",48.8175,2.35999,Plein jour,En agglomération,Intersection en Y,Normale,Autre collision,,,,,,,,,,,1,2,4,1.0,6.0
201700055319,0017-11-05 11:10:00,17,11,5,11,10,750,113,RUE JACQUES DESTREE,48.8176,2.35328,Plein jour,En agglomération,Intersection en X,Normale,Autre collision,,,,,,,,,,,1,2,2,1.0,6.0
201700055320,0017-11-07 00:45:00,17,11,7,0,45,750,113,"190, AVENUE D ITALIE",48.8198,2.35929,Nuit avec éclairage allumé,En agglomération,Intersection en X,Normale,Deux véhicules - côté,,,,,,,,,,,5,2,2,1.0,3.0
201700055321,0017-11-07 09:45:00,17,11,7,9,45,750,113,RUE DE TOLBIAC,48.8263,2.36146,Plein jour,En agglomération,Intersection en T,Normale,Autre collision,,,,,,,,,,,1,2,3,1.0,6.0
201700055322,0017-11-08 13:10:00,17,11,8,13,10,750,113,RUE DE LA POTERNE DES PE,48.8176,2.35328,Plein jour,En agglomération,Intersection en X,Normale,Sans collision,,,,,,,,,,,1,2,2,1.0,7.0
201700055323,0017-11-12 14:15:00,17,11,12,14,15,750,113,"141, BOULEVARD VINCENT A",48.8327,2.36217,Plein jour,En agglomération,Intersection en X,Pluie légère,Autre collision,,,,,,,,,,,1,2,2,2.0,6.0
201700055324,0017-11-12 16:05:00,17,11,12,16,5,750,113,"98, RUE DE TOLBIAC",48.8266,2.36354,Plein jour,En agglomération,Intersection à plus de 4 branches,Temps couvert,Deux véhicules - côté,,,,,,,,,,,1,2,5,8.0,3.0
201700055325,0017-11-16 21:05:00,17,11,16,21,5,750,113,"32, AVENUE D IVRY",48.8229,2.3666,Nuit avec éclairage allumé,En agglomération,Intersection en T,Normale,Autre collision,,,,,,,,,,,5,2,3,1.0,6.0
201700055326,0017-11-16 23:15:00,17,11,16,23,15,750,113,", BOULEVARD VINCENT AURI",48.8362,2.37145,Nuit avec éclairage allumé,En agglomération,Intersection à plus de 4 branches,Normale,Deux véhicules - côté,,,,,,,,,,,5,2,5,1.0,3.0
201700055327,0017-11-18 13:05:00,17,11,18,13,5,750,113,"7, AVENUE DE LA PORTE D",48.8202,2.37195,Plein jour,En agglomération,Hors intersection,Normale,Trois véhicules et plus - en chaîne,,,,,,,,,,,1,2,1,1.0,4.0
201700055328,0017-11-19 04:45:00,17,11,19,4,45,750,113,QUAI D IVRY,48.8272,2.38588,Nuit avec éclairage allumé,En agglomération,Hors intersection,Pluie légère,Deux véhicules - côté,,,,,,,,,,,5,2,1,2.0,3.0
201700055329,0017-11-21 09:40:00,17,11,21,9,40,750,113,"114, BOULEVARD DE L HOPI",48.8352,2.35826,Plein jour,En agglomération,Hors intersection,Normale,Deux véhicules - côté,,,,,,,,,,,1,2,1,1.0,3.0
201700055330,0017-11-23 16:40:00,17,11,23,16,40,750,113,BOULEVARD VINCENT AURIOL,48.832,2.36,Plein jour,En agglomération,Intersection en T,Pluie légère,Sans collision,,,,,,,,,,,1,2,3,2.0,7.0
201700055331,0017-11-25 01:12:00,17,11,25,1,12,750,106,"44, BOULEVARD SAINT MICH",48.8488,2.34172,Nuit avec éclairage allumé,En agglomération,Intersection en T,Normale,Autre collision,,,,,,,,,,,5,2,3,1.0,6.0
201700055332,0017-11-25 12:00:00,17,11,25,12,0,750,113,"81, AVENUE DE CHOISY",48.8237,2.36185,Plein jour,En agglomération,Intersection en Y,Pluie légère,Autre collision,,,,,,,,,,,1,2,4,2.0,6.0
201700055333,0017-11-26 13:25:00,17,11,26,13,25,750,113,"98, RUE DE TOLBIAC",48.8266,2.36354,Plein jour,En agglomération,Intersection en X,Normale,Deux véhicules - arrière,,,,,,,,,,,1,2,2,1.0,2.0
201700055334,0017-11-27 21:05:00,17,11,27,21,5,750,105,RUE JUSSIEU,48.8474,2.35315,Nuit avec éclairage allumé,En agglomération,Intersection en T,Pluie légère,Deux véhicules - côté,,,,,,,,,,,5,2,3,2.0,3.0
201700055335,0017-11-28 12:24:00,17,11,28,12,24,750,113,BOULEVARD VINCENT AURIOL,48.8362,2.37145,Plein jour,En agglomération,Intersection en X,Normale,Deux véhicules - côté,,,,,,,,,,,1,2,2,1.0,3.0
201700055336,0017-11-29 07:55:00,17,11,29,7,55,750,113,QUAI D AUSTERLITZ,48.8387,2.37234,Plein jour,En agglomération,Intersection en T,Normale,Deux véhicules - arrière,,,,,,,,,,,1,2,3,1.0,2.0
201700055337,0017-11-29 10:20:00,17,11,29,10,20,750,113,"6, RUE GEORGE EASTMAN",48.8292,2.3595,Plein jour,En agglomération,Hors intersection,Normale,Autre collision,,,,,,,,,,,1,2,1,1.0,6.0
201700055338,0017-11-30 07:45:00,17,11,30,7,45,750,113,"3/5, RUE DE LA POTERNE D",48.8186,2.35327,Plein jour,En agglomération,Intersection en Y,Normale,Deux véhicules - côté,,,,,,,,,,,1,2,4,1.0,3.0
201700055339,0017-12-01 20:55:00,17,12,1,20,55,750,113,"55, AVENUE D ITALIE",48.8262,2.35729,Nuit avec éclairage allumé,En agglomération,Intersection en X,Normale,Autre collision,,,,,,,,,,,5,2,2,1.0,6.0
201700055340,0017-12-04 09:10:00,17,12,4,9,10,750,113,"119, BOULEVARD DE L HOPI",48.8359,2.35874,Plein jour,En agglomération,Intersection en Y,Temps couvert,Deux véhicules - côté,,,,,,,,,,,1,2,4,8.0,3.0
201700055341,0017-12-06 10:45:00,17,12,6,10,45,750,113,"25, RUE EMILE DURKHEIM",48.8319,2.37692,Plein jour,En agglomération,Hors intersection,Normale,Deux véhicules - côté,,,,,,,,,,,1,2,1,1.0,3.0
201700055342,0017-12-06 15:05:00,17,12,6,15,5,750,113,AVENUE DE LA PORTE D ITA,48.8181,2.35975,Plein jour,En agglomération,Intersection en X,Normale,Deux véhicules - côté,,,,,,,,,,,1,2,2,1.0,3.0
201700055343,0017-12-08 08:00:00,17,12,8,8,0,750,113,AVENUE PIERRE MENDES FRA,48.8396,2.36922,Crépuscule ou aube,En agglomération,Hors intersection,Pluie légère,Deux véhicules - côté,,,,,,,,,,,2,2,1,2.0,3.0
201700055344,0017-12-08 23:00:00,17,12,8,23,0,750,113,"71, RUE DE TOLBIAC",48.8273,2.36852,Nuit avec éclairage allumé,En agglomération,Intersection en X,Pluie légère,Sans collision,,,,,,,,,,,5,2,2,2.0,7.0
201700055345,0017-12-10 17:50:00,17,12,10,17,50,750,105,"94, BOULEVARD DE PORT RO",48.8394,2.33755,Nuit avec éclairage allumé,En agglomération,Intersection en X,Pluie légère,Autre collision,,,,,,,,,,,5,2,2,2.0,6.0
201700055346,0017-12-11 09:30:00,17,12,11,9,30,750,113,"16, BOULEVARD ARAGO",48.836,2.34954,Plein jour,En agglomération,Intersection en T,Normale,Deux véhicules - côté,,,,,,,,,,,1,2,3,1.0,3.0
201700055347,0017-12-13 18:50:00,17,12,13,18,50,750,105,"10, AVENUE DES GOBELINS",48.838,2.35097,Nuit avec éclairage allumé,En agglomération,Intersection en T,Pluie forte,Autre collision,,,,,,,,,,,5,2,3,3.0,6.0
201700055348,0017-12-13 20:10:00,17,12,13,20,10,750,113,"111, AVENUE D ITALIE",48.8222,2.35854,Nuit avec éclairage allumé,En agglomération,Intersection en X,Pluie légère,Autre collision,,,,,,,,,,,5,2,2,2.0,6.0
201700055349,0017-12-14 21:50:00,17,12,14,21,50,750,113,"94, BOULEVARD DE L HOPIT",48.8366,2.35927,Nuit avec éclairage allumé,En agglomération,Intersection à plus de 4 branches,Pluie légère,Autre collision,,,,,,,,,,,5,2,5,2.0,6.0
201700055350,0017-12-15 07:30:00,17,12,15,7,30,750,113,"109, BOULEVARD DE L HOPI",48.8366,2.35927,Crépuscule ou aube,En agglomération,Intersection à plus de 4 branches,Normale,Deux véhicules - côté,,,,,,,,,,,2,2,5,1.0,3.0
201700055351,0017-12-15 18:30:00,17,12,15,18,30,750,113,"137, RUE NATIONALE",48.8312,2.36383,Nuit avec éclairage allumé,En agglomération,Intersection en X,Pluie légère,Autre collision,,,,,,,,,,,5,2,2,2.0,6.0
201700055352,0017-12-19 13:05:00,17,12,19,13,5,750,113,"129, BOULEVARD MASSENA",48.8192,2.36198,Plein jour,En agglomération,Intersection en X,Normale,Autre collision,,,,,,,,,,,1,2,2,1.0,6.0
201700055353,0017-12-19 14:00:00,17,12,19,14,0,750,113,"100, BOULEVARD MASSENA",48.8205,2.366,Plein jour,En agglomération,Intersection en Y,Normale,Autre collision,,,,,,,,,,,1,2,4,1.0,6.0
201700055354,0017-12-21 09:25:00,17,12,21,9,25,750,113,RUE DE TOLBIAC,48.826,2.35364,Plein jour,En agglomération,Intersection en X,Temps couvert,Autre collision,,,,,,,,,,,1,2,2,8.0,6.0
201700055355,0017-12-21 17:20:00,17,12,21,17,20,750,113,"9, RUE NEUVE TOLBIAC",48.8311,2.37758,Nuit avec éclairage allumé,En agglomération,Intersection en X,Pluie légère,Deux véhicules - côté,,,,,,,,,,,5,2,2,2.0,3.0
201700055356,0017-12-23 16:00:00,17,12,23,16,0,750,113,"10, BOULEVARD MASSENA",48.8242,2.37675,Plein jour,En agglomération,Intersection en X,Normale,Autre collision,,,,,,,,,,,1,2,2,1.0,6.0
201700055357,0017-12-24 07:20:00,17,12,24,7,20,750,113,AVENUE DE LA PORTE D ITA,48.8189,2.35952,Nuit avec éclairage allumé,En agglomération,Intersection en X,Normale,Autre collision,,,,,,,,,,,5,2,2,1.0,6.0
201700055358,0017-12-25 02:00:00,17,12,25,2,0,750,113,"147, AVENUE D ITALIE",48.8204,2.35908,Nuit avec éclairage allumé,En agglomération,Intersection en T,Normale,Deux véhicules - arrière,,,,,,,,,,,5,2,3,1.0,2.0
201700055359,0017-12-25 13:38:00,17,12,25,13,38,750,113,"1, RUE NEUVE TOLBIAC",48.8306,2.37679,Plein jour,En agglomération,Intersection en X,Normale,Deux véhicules - côté,,,,,,,,,,,1,2,2,1.0,3.0
201700055360,0017-12-25 20:40:00,17,12,25,20,40,750,113,RUE DE LA POTERNE DES PE,48.818,2.35326,Nuit avec éclairage allumé,En agglomération,Hors intersection,Temps couvert,Deux véhicules - arrière,,,,,,,,,,,5,2,1,8.0,2.0
201700055361,0017-12-26 15:26:00,17,12,26,15,26,750,113,QUAI D AUSTERLITZ,48.842,2.36781,Plein jour,En agglomération,Intersection en X,Normale,Deux véhicules - côté,,,,,,,,,,,1,2,2,1.0,3.0
201700055362,0017-12-27 16:10:00,17,12,27,16,10,750,113,"90, RUE DE TOLBIAC",48.8268,2.36469,Plein jour,En agglomération,Hors intersection,Pluie légère,Autre collision,,,,,,,,,,,1,2,1,2.0,6.0
201700055363,0017-12-27 18:00:00,17,12,27,18,0,750,114,BOULEVARD PERIPHERIQUE,48.8161,2.3439,Nuit avec éclairage allumé,En agglomération,Place,Pluie légère,Deux véhicules - côté,,,,,,,,,,,5,2,7,2.0,3.0
201700055364,0017-12-27 21:55:00,17,12,27,21,55,750,113,BOULEVARD DE L HOPITAL,48.8433,2.36427,Nuit avec éclairage allumé,En agglomération,Place,Autre,Deux véhicules - côté,,,,,,,,,,,5,2,7,9.0,3.0
201700055365,0017-12-29 19:35:00,17,12,29,19,35,750,113,"73, BOULEVARD ARAGO",48.8348,2.34159,Nuit avec éclairage allumé,En agglomération,Intersection en X,Normale,Deux véhicules - côté,,,,,,,,,,,5,2,2,1.0,3.0
201700055366,0017-01-04 08:00:00,17,1,4,8,0,750,114,"41, RUE PAUL FORT",48.8241,2.32769,Crépuscule ou aube,En agglomération,Intersection en X,Normale,Autre collision,,,,,,,,,,,2,2,2,1.0,6.0
201700055367,0017-01-04 16:45:00,17,1,4,16,45,750,107,"53, QUAI D ORSAY",48.8624,2.30873,Nuit avec éclairage allumé,En agglomération,Hors intersection,Pluie légère,Deux véhicules - arrière,,,,,,,,,,,5,2,1,2.0,2.0
201700055368,0017-01-08 20:10:00,17,1,8,20,10,750,114,AVENUE RENE COTY,48.8274,2.33512,Nuit avec éclairage allumé,En agglomération,Intersection à plus de 4 branches,Normale,Deux véhicules - côté,,,,,,,,,,,5,2,5,1.0,3.0
201700055369,0017-01-10 19:30:00,17,1,10,19,30,750,113,AVENUE PIERRE DE COUBERT,48.8169,2.34413,Nuit avec éclairage allumé,En agglomération,Intersection en Y,Pluie légère,Deux véhicules - côté,,,,,,,,,,,5,2,4,2.0,3.0
201700055370,0017-01-11 14:50:00,17,1,11,14,50,750,114,RUE PIERRE LAROUSSE,48.8285,2.31497,Plein jour,En agglomération,Hors intersection,Temps couvert,Autre collision,,,,,,,,,,,1,2,1,8.0,6.0
201700055371,0017-01-11 17:22:00,17,1,11,17,22,750,114,BOULEVARD BRUNE,48.826,2.31255,Nuit avec éclairage allumé,En agglomération,Intersection en X,Normale,Deux véhicules - côté,,,,,,,,,,,5,2,2,1.0,3.0
201700055372,0017-01-12 11:40:00,17,1,12,11,40,750,114,AVENUE JEAN MOULIN,48.8255,2.32158,Plein jour,En agglomération,Intersection en T,Pluie légère,Deux véhicules - côté,,,,,,,,,,,1,2,3,2.0,3.0
201700055373,0017-01-13 12:20:00,17,1,13,12,20,750,114,BOULEVARD SAINT JACQUES,48.833,2.33597,Plein jour,En agglomération,Intersection en X,Normale,Autre collision,,,,,,,,,,,1,2,2,1.0,6.0
201700055374,0017-01-15 20:50:00,17,1,15,20,50,750,114,"28, BOULEVARD JOURDAN",48.8213,2.33431,Nuit avec éclairage allumé,En agglomération,Intersection à plus de 4 branches,Pluie légère,Deux véhicules - arrière,,,,,,,,,,,5,2,5,2.0,2.0
201700055375,0017-01-15 21:10:00,17,1,15,21,10,750,114,"85, RUE D ALESIA",48.8278,2.32753,Nuit avec éclairage allumé,En agglomération,Hors intersection,Pluie légère,Autre collision,,,,,,,,,,,5,2,1,2.0,6.0
201700055376,0017-01-17 16:30:00,17,1,17,16,30,750,114,"237, BOULEVARD RASPAIL",48.8394,2.33053,Plein jour,En agglomération,Intersection à plus de 4 branches,Normale,Autre collision,,,,,,,,,,,1,2,5,1.0,6.0
201700055377,0017-01-18 14:28:00,17,1,18,14,28,750,114,"36, RUE DU DEPART",48.842,2.32272,Plein jour,En agglomération,Intersection en T,Normale,Sans collision,,,,,,,,,,,1,2,3,1.0,7.0
201700055378,0017-01-23 10:10:00,17,1,23,10,10,750,114,"14, BOULEVARD JOURDAN",48.8196,2.34252,Plein jour,En agglomération,Hors intersection,Normale,Deux véhicules - côté,,,,,,,,,,,1,2,1,1.0,3.0
201700055379,0017-01-23 15:15:00,17,1,23,15,15,750,114,"31, RUE DAGUERRE",48.8343,2.32862,Plein jour,En agglomération,Hors intersection,Normale,Autre collision,,,,,,,,,,,1,2,1,1.0,6.0
201700055380,0017-01-26 15:40:00,17,1,26,15,40,750,114,"19, RUE FROIDEVAUX",48.8354,2.3292,Plein jour,En agglomération,Intersection en T,Normale,Sans collision,,,,,,,,,,,1,2,3,1.0,7.0
201700055381,0017-01-26 18:28:00,17,1,26,18,28,750,114,"230, BOULEVARD RASPAIL",48.8399,2.33034,Nuit avec éclairage allumé,En agglomération,Hors intersection,Normale,Deux véhicules - arrière,,,,,,,,,,,5,2,1,1.0,2.0
201700055382,0017-01-28 18:15:00,17,1,28,18,15,750,114,RUE DIDOT,48.8297,2.31798,Nuit avec éclairage allumé,En agglomération,Intersection en X,Normale,Deux véhicules - côté,,,,,,,,,,,5,2,2,1.0,3.0
201700055383,0017-01-30 11:00:00,17,1,30,11,0,750,114,"120, AVENUE DU GENERAL L",48.825,2.32593,Plein jour,En agglomération,Hors intersection,Normale,Deux véhicules - arrière,,,,,,,,,,,1,2,1,1.0,2.0
201700055384,0017-01-30 21:30:00,17,1,30,21,30,750,114,BOULEVARD PERIPHERIQUE I,48.8167,2.34033,Nuit sans éclairage public,En agglomération,Hors intersection,Pluie légère,Sans collision,,,,,,,,,,,3,2,1,2.0,7.0
201700055385,0017-01-31 10:15:00,17,1,31,10,15,750,114,"/, PLACE DENFERT ROCHERE",48.8341,2.33328,Plein jour,En agglomération,Place,Pluie légère,Deux véhicules - côté,,,,,,,,,,,1,2,7,2.0,3.0
201700055386,0017-02-01 16:20:00,17,2,1,16,20,750,114,"17, AVENUE PAUL APPELL",48.8218,2.32644,Plein jour,En agglomération,Hors intersection,Temps couvert,Autre collision,,,,,,,,,,,1,2,1,8.0,6.0
201700055387,0017-02-01 19:50:00,17,2,1,19,50,750,114,"130BIS, AVENUE DU GENERA",48.824,2.3257,Nuit avec éclairage allumé,En agglomération,Intersection en T,Normale,Autre collision,,,,,,,,,,,5,2,3,1.0,6.0
201700055388,0017-02-02 19:50:00,17,2,2,19,50,750,115,"18, PONT DES CINQ MARTYR",48.8386,2.31697,Nuit avec éclairage allumé,En agglomération,Hors intersection,Normale,Deux véhicules - arrière,,,,,,,,,,,5,2,1,1.0,2.0
201700055389,0017-02-03 10:00:00,17,2,3,10,0,750,114,"32, RUE REMY DUMONCEL",48.8297,2.33103,Plein jour,En agglomération,Intersection en X,Normale,Deux véhicules - côté,,,,,,,,,,,1,2,2,1.0,3.0
201700055390,0017-02-03 13:15:00,17,2,3,13,15,750,114,"122, BOULEVARD BRUNE",48.8239,2.32245,Plein jour,En agglomération,Intersection en T,Pluie légère,Deux véhicules - côté,,,,,,,,,,,1,2,3,2.0,3.0
201700055391,0017-02-04 05:40:00,17,2,4,5,40,750,114,AVENUE DU MAINE,48.8362,2.3235,Nuit avec éclairage allumé,En agglomération,Intersection en Y,Pluie légère,Autre collision,,,,,,,,,,,5,2,4,2.0,6.0
201700055392,0017-02-04 20:00:00,17,2,4,20,0,750,114,RUE DE L AMIRAL MOUCHEZ,48.8213,2.34254,Nuit avec éclairage allumé,En agglomération,Intersection à plus de 4 branches,Temps couvert,Deux véhicules - côté,,,,,,,,,,,5,2,5,8.0,3.0
201700055393,0017-02-04 23:44:00,17,2,4,23,44,750,114,AVENUE DE LA PORTE DE CH,48.8223,2.31415,Nuit avec éclairage allumé,En agglomération,Intersection en X,Pluie légère,Deux véhicules - côté,,,,,,,,,,,5,2,2,2.0,3.0
201700055394,0017-02-05 02:20:00,17,2,5,2,20,750,114,"117, BOULEVARD DE PORT R",48.8389,2.33968,Nuit sans éclairage public,En agglomération,Intersection en X,Normale,Deux véhicules - côté,,,,,,,,,,,3,2,2,1.0,3.0
201700055395,0017-02-06 12:55:00,17,2,6,12,55,750,114,PLACE DENFERT ROCHEREAU,48.8337,2.33189,Plein jour,En agglomération,Place,Temps couvert,Autre collision,,,,,,,,,,,1,2,7,8.0,6.0
201700055396,0017-02-06 14:25:00,17,2,6,14,25,750,114,"11TER, RUE D ALESIA",48.8271,2.33722,Plein jour,En agglomération,Hors intersection,Normale,Deux véhicules - frontale,,,,,,,,,,,1,2,1,1.0,1.0
201700055397,0017-02-06 19:10:00,17,2,6,19,10,750,115,RUE VIOLET,48.8453,2.29099,Nuit avec éclairage allumé,En agglomération,Intersection en X,Normale,Autre collision,,,,,,,,,,,5,2,2,1.0,6.0
201700055398,0017-02-07 07:50:00,17,2,7,7,50,750,115,"33, RUE DE VOUILLE",48.8343,2.30646,Plein jour,En agglomération,Intersection en T,Pluie légère,Autre collision,,,,,,,,,,,1,2,3,2.0,6.0