accident_id,datetime,annee,mois,jour,heure,minute,departement,commune_insee,adresse,latitude,longitude,luminosite,agglomeration,intersection,meteo,collision,nb_vehicules,nb_usagers,nb_indemnes,nb_tues,nb_blesses_hosp,nb_blesses_legers,age_cond_1,age_cond_2,veh_type_cond_1,veh_type_cond_2,lum_code,agg_code,int_code,atm_code,col_code
201700055873,0017-10-08 20:50:00,17,10,8,20,50,750,115,"66, RUE FELIX FAURE",48.8403,2.28584,Nuit avec éclairage allumé,En agglomération,Intersection en X,Normale,Deux véhicules - côté,,,,,,,,,,,5,2,2,1.0,3.0
201700055874,0017-10-09 11:05:00,17,10,9,11,5,750,115,"50, RUE DE L AMIRAL ROUS",48.8434,2.29992,Plein jour,En agglomération,Intersection en X,Normale,Autre collision,,,,,,,,,,,1,2,2,1.0,6.0
201700055875,0017-10-10 09:00:00,17,10,10,9,0,750,115,BOULEVARD DU MONTPARNASS,48.8454,2.31948,Plein jour,En agglomération,Hors intersection,Normale,Deux véhicules - côté,,,,,,,,,,,1,2,1,1.0,3.0
201700055876,0017-10-10 19:15:00,17,10,10,19,15,750,115,"45, BOULEVARD LEFEBVRE",48.8314,2.29119,Crépuscule ou aube,En agglomération,Hors intersection,Normale,Autre collision,,,,,,,,,,,2,2,1,1.0,6.0
201700055877,0017-10-10 22:50:00,17,10,10,22,50,750,115,PLACE DE LA PORTE DE VER,48.8327,2.28762,Nuit avec éclairage allumé,En agglomération,Hors intersection,Normale,Deux véhicules - côté,,,,,,,,,,,5,2,1,1.0,3.0
201700055878,0017-10-11 12:30:00,17,10,11,12,30,750,115,"101, RUE DE LA CONVENTIO",48.8414,2.28721,Plein jour,En agglomération,Hors intersection,Normale,Deux véhicules - côté,,,,,,,,,,,1,2,1,1.0,3.0
201700055879,0017-10-15 03:05:00,17,10,15,3,5,750,115,"09, BOULEVARD DE VAUGIRA",48.8417,2.3193,Nuit avec éclairage allumé,En agglomération,Hors intersection,Normale,Autre collision,,,,,,,,,,,5,2,1,1.0,6.0
201700055880,0017-10-17 18:20:00,17,10,17,18,20,750,115,", RUE DUTOT",48.8368,2.30694,Crépuscule ou aube,En agglomération,Hors intersection,Vent fort / tempête,Autre collision,,,,,,,,,,,2,2,1,6.0,6.0
201700055881,0017-10-18 20:40:00,17,10,18,20,40,750,115,RUE DE VOUILLE,48.8336,2.30919,Nuit avec éclairage allumé,En agglomération,Intersection en X,Normale,Deux véhicules - côté,,,,,,,,,,,5,2,2,1.0,3.0
201700055882,0017-10-19 12:30:00,17,10,19,12,30,750,115,"80, RUE DE LOURMEL",48.8453,2.28763,Plein jour,En agglomération,Hors intersection,Normale,Autre collision,,,,,,,,,,,1,2,1,1.0,6.0
201700055883,0017-10-19 14:30:00,17,10,19,14,30,750,115,"1, BOULEVARD VICTOR",48.8361,2.2782,Plein jour,En agglomération,Intersection en X,Normale,Deux véhicules - côté,,,,,,,,,,,1,2,2,1.0,3.0
201700055884,0017-10-19 15:40:00,17,10,19,15,40,750,115,"/, BOULEVARD PASTEUR",48.8404,2.31491,Plein jour,En agglomération,Intersection à plus de 4 branches,Normale,Deux véhicules - arrière,,,,,,,,,,,1,2,5,1.0,2.0
201700055885,0017-10-19 21:30:00,17,10,19,21,30,750,115,"/, RUE LOUIS VICAT",48.8269,2.29324,Nuit avec éclairage allumé,En agglomération,Hors intersection,Normale,Deux véhicules - côté,,,,,,,,,,,5,2,1,1.0,3.0
201700055886,0017-10-22 22:50:00,17,10,22,22,50,750,115,"44, RUE DE LA CONVENTION",48.8411,2.28788,Nuit avec éclairage allumé,En agglomération,Intersection en X,Pluie forte,Deux véhicules - côté,,,,,,,,,,,5,2,2,3.0,3.0
201700055887,0017-10-23 20:30:00,17,10,23,20,30,750,115,"88, RUE DE LA FEDERATION",48.8527,2.29853,Nuit avec éclairage allumé,En agglomération,Intersection en Y,Pluie légère,Autre collision,,,,,,,,,,,5,2,4,2.0,6.0
201700055888,0017-10-27 18:55:00,17,10,27,18,55,750,115,"69, QUAI DE GRENELLE",48.8494,2.28233,Nuit avec éclairage allumé,En agglomération,Hors intersection,Normale,Deux véhicules - côté,,,,,,,,,,,5,2,1,1.0,3.0
201700055889,0017-10-27 23:30:00,17,10,27,23,30,750,115,PLACE DES CINQ MARTYRS D,48.8384,2.31714,Nuit avec éclairage allumé,En agglomération,Hors intersection,Normale,Deux véhicules - arrière,,,,,,,,,,,5,2,1,1.0,2.0
201700055890,0017-10-28 14:50:00,17,10,28,14,50,750,115,"33, AVENUE EMILE ZOLA",48.8463,2.28206,Plein jour,En agglomération,Hors intersection,Normale,Deux véhicules - côté,,,,,,,,,,,1,2,1,1.0,3.0
201700055891,0017-10-30 12:45:00,17,10,30,12,45,750,115,BOULEVARD VICTOR,48.8361,2.2782,Plein jour,En agglomération,Intersection en X,Normale,Deux véhicules - côté,,,,,,,,,,,1,2,2,1.0,3.0
201700055892,0017-10-30 18:10:00,17,10,30,18,10,750,115,"3, RUE MADEMOISELLE",48.8435,2.29338,Nuit sans éclairage public,En agglomération,Intersection en Y,Normale,Autre collision,,,,,,,,,,,3,2,4,1.0,6.0
201700055893,0017-10-30 21:10:00,17,10,30,21,10,750,115,"59, BOULEVARD LEFEBVRE",48.8309,2.29228,Nuit avec éclairage allumé,En agglomération,Intersection à plus de 4 branches,Normale,Deux véhicules - côté,,,,,,,,,,,5,2,5,1.0,3.0
201700055894,0017-11-01 15:00:00,17,11,1,15,0,750,115,"2, PORTE D ISSY",48.8343,2.28402,Plein jour,En agglomération,Intersection en X,Normale,Deux véhicules - côté,,,,,,,,,,,1,2,2,1.0,3.0
201700055895,0017-11-02 08:45:00,17,11,2,8,45,750,115,BOULEVARD PASTEUR,48.8404,2.31491,Plein jour,En agglomération,Place,Normale,Deux véhicules - côté,,,,,,,,,,,1,2,7,1.0,3.0
201700055896,0017-11-03 21:55:00,17,11,3,21,55,750,115,"128, RUE DE LA CONVENTIO",48.8403,2.28965,Nuit avec éclairage allumé,En agglomération,Hors intersection,Normale,Autre collision,,,,,,,,,,,5,2,1,1.0,6.0
201700055897,0017-11-05 13:20:00,17,11,5,13,20,750,115,"34, RUE DE VOUILLE",48.8344,2.30612,Plein jour,En agglomération,Hors intersection,Normale,Deux véhicules - côté,,,,,,,,,,,1,2,1,1.0,3.0
201700055898,0017-11-05 19:00:00,17,11,5,19,0,750,115,"13, QUAI DE GRENELLE",48.8538,2.28777,Nuit avec éclairage allumé,En agglomération,Hors intersection,Normale,Autre collision,,,,,,,,,,,5,2,1,1.0,6.0
201700055899,0017-11-06 13:50:00,17,11,6,13,50,750,115,"220, RUE DE LA CROIX NIV",48.8362,2.28959,Plein jour,En agglomération,Hors intersection,Normale,Autre collision,,,,,,,,,,,1,2,1,1.0,6.0
201700055900,0017-11-06 20:50:00,17,11,6,20,50,750,115,"49, RUE FREMICOURT",48.8478,2.30114,Nuit avec éclairage allumé,En agglomération,Place,Normale,Autre collision,,,,,,,,,,,5,2,7,1.0,6.0
201700055901,0017-11-07 08:20:00,17,11,7,8,20,750,114,BOULEVARD PERIPHERIQUE I,48.8215,2.31884,Plein jour,En agglomération,Hors intersection,Normale,Deux véhicules - côté,,,,,,,,,,,1,2,1,1.0,3.0
201700055902,0017-11-08 00:55:00,17,11,8,0,55,750,115,QUAI DE GRENELLE,48.8494,2.28155,Nuit avec éclairage allumé,En agglomération,Place,Normale,Deux véhicules - côté,,,,,,,,,,,5,2,7,1.0,3.0
201700055903,0017-11-09 00:55:00,17,11,9,0,55,750,115,BOULEVARD LEFEBVRE,48.8286,2.30138,Nuit avec éclairage allumé,En agglomération,Intersection en X,Normale,Autre collision,,,,,,,,,,,5,2,2,1.0,6.0
201700055904,0017-11-10 22:05:00,17,11,10,22,5,750,115,BOULEVARD DE GRENEL,48.8492,2.29801,Nuit avec éclairage allumé,En agglomération,Intersection en T,Normale,Deux véhicules - arrière,,,,,,,,,,,5,2,3,1.0,2.0
201700055905,0017-11-11 19:20:00,17,11,11,19,20,750,115,"177, RUE DE LA CROIX NIV",48.8392,2.28979,Nuit avec éclairage allumé,En agglomération,Hors intersection,Pluie légère,Autre collision,,,,,,,,,,,5,2,1,2.0,6.0
201700055906,0017-11-11 20:00:00,17,11,11,20,0,750,115,"19, RUE CAUCHY",48.8424,2.27761,Nuit avec éclairage allumé,En agglomération,Intersection en X,Pluie légère,Autre collision,,,,,,,,,,,5,2,2,2.0,6.0
201700055907,0017-11-12 14:15:00,17,11,12,14,15,750,115,"16, RUE EDMOND ROGER",48.8451,2.28949,Plein jour,En agglomération,Intersection en X,Pluie légère,Deux véhicules - côté,,,,,,,,,,,1,2,2,2.0,3.0
201700055908,0017-11-13 21:15:00,17,11,13,21,15,750,115,"40, BOULEVARD DU MONTPAR",48.8451,2.32016,Nuit avec éclairage allumé,En agglomération,Intersection en T,Normale,Autre collision,,,,,,,,,,,5,2,3,1.0,6.0
201700055909,0017-11-14 10:00:00,17,11,14,10,0,750,115,"124, BOULEVARD DE GRENEL",48.849,2.29777,Plein jour,En agglomération,Intersection en X,Normale,Deux véhicules - côté,,,,,,,,,,,1,2,2,1.0,3.0
201700055910,0017-11-14 20:53:00,17,11,14,20,53,750,115,"196, RUE DE LA CONVENTIO",48.8372,2.29641,Nuit avec éclairage allumé,En agglomération,Intersection en X,Normale,Autre collision,,,,,,,,,,,5,2,2,1.0,6.0
201700055911,0017-11-15 07:45:00,17,11,15,7,45,750,115,RUE DE VOUILLE,48.835,2.30415,Crépuscule ou aube,En agglomération,Hors intersection,Normale,Deux véhicules - côté,,,,,,,,,,,2,2,1,1.0,3.0
201700055912,0017-11-15 13:30:00,17,11,15,13,30,750,115,"33, RUE DE VOUILLE",48.8343,2.30646,Plein jour,En agglomération,Intersection en T,Normale,Autre collision,,,,,,,,,,,1,2,3,1.0,6.0
201700055913,0017-11-17 21:10:00,17,11,17,21,10,750,115,"191, RUE DE JAVEL",48.8399,2.29269,Nuit avec éclairage allumé,En agglomération,Intersection en T,Normale,Deux véhicules - arrière,,,,,,,,,,,5,2,3,1.0,2.0
201700055914,0017-11-18 12:10:00,17,11,18,12,10,750,115,RUE VICTOR DURUY,48.8367,2.29953,Plein jour,En agglomération,Intersection en X,Normale,Deux véhicules - côté,,,,,,,,,,,1,2,2,1.0,3.0
201700055915,0017-11-23 16:40:00,17,11,23,16,40,750,115,"248, RUE LECOURBE",48.8393,2.29196,Crépuscule ou aube,En agglomération,Intersection en X,Pluie légère,Autre collision,,,,,,,,,,,2,2,2,2.0,6.0
201700055916,0017-11-24 12:45:00,17,11,24,12,45,750,115,"38, RUE MATHURIN REGNIER",48.8392,2.30825,Plein jour,En agglomération,Intersection en X,Temps couvert,Deux véhicules - côté,,,,,,,,,,,1,2,2,8.0,3.0
201700055917,0017-11-25 13:20:00,17,11,25,13,20,750,106,"25, BOULEVARD DU MONTPAR",48.8451,2.32016,Plein jour,En agglomération,Intersection en X,Pluie légère,Deux véhicules - côté,,,,,,,,,,,1,2,2,2.0,3.0
201700055918,0017-11-27 17:45:00,17,11,27,17,45,750,115,"4, PLACE RAOUL DAUTRY",48.8418,2.31987,Nuit avec éclairage allumé,En agglomération,Place,Pluie légère,Deux véhicules - côté,,,,,,,,,,,5,2,7,2.0,3.0
201700055919,0017-11-27 19:55:00,17,11,27,19,55,750,115,"206, RUE DE LA CROIX NIV",48.8374,2.28941,Nuit avec éclairage allumé,En agglomération,Intersection en X,Pluie légère,Deux véhicules - côté,,,,,,,,,,,5,2,2,2.0,3.0
201700055920,0017-11-27 13:45:00,17,11,27,13,45,750,115,"88, RUE DE LA FEDERATION",48.8527,2.29853,Plein jour,En agglomération,Intersection en Y,Pluie légère,Autre collision,,,,,,,,,,,1,2,4,2.0,6.0
201700055921,0017-11-28 15:10:00,17,11,28,15,10,750,115,"1, RUE CAMBRONNE",48.8477,2.30159,Plein jour,En agglomération,Place,Pluie légère,Autre collision,,,,,,,,,,,1,2,7,2.0,6.0
201700055922,0017-11-28 20:15:00,17,11,28,20,15,750,115,PONT DE BIR HAKEIM,48.8552,2.28803,Nuit avec éclairage allumé,En agglomération,Hors intersection,Normale,Autre collision,,,,,,,,,,,5,2,1,1.0,6.0
201700055923,0017-12-01 23:00:00,17,12,1,23,0,750,115,"65, RUE DE LA CROIX NIVE",48.8446,2.29688,Nuit avec éclairage allumé,En agglomération,Intersection en T,Normale,Deux véhicules - côté,,,,,,,,,,,5,2,3,1.0,3.0
201700055924,0017-12-02 07:15:00,17,12,2,7,15,750,115,"30, RUE SAINT CHARLES",48.85,2.28843,Crépuscule ou aube,En agglomération,Intersection en T,Temps couvert,Autre collision,,,,,,,,,,,2,2,3,8.0,6.0
201700055925,0017-12-03 00:50:00,17,12,3,0,50,750,115,"1, QUAI DE GRENELLE",48.8546,2.28867,Nuit avec éclairage allumé,En agglomération,Intersection en X,Normale,Deux véhicules - côté,,,,,,,,,,,5,2,2,1.0,3.0
201700055926,0017-12-03 15:00:00,17,12,3,15,0,750,115,"318, RUE DE VAUGIRARD",48.8372,2.29641,Plein jour,En agglomération,Intersection en T,Pluie légère,Autre collision,,,,,,,,,,,1,2,3,2.0,6.0
201700055927,0017-12-03 21:30:00,17,12,3,21,30,750,115,"15, RUE DE LA CROIX NIVE",48.8471,2.30033,Nuit avec éclairage allumé,En agglomération,Hors intersection,Pluie légère,Deux véhicules - côté,,,,,,,,,,,5,2,1,2.0,3.0
201700055928,0017-12-04 19:42:00,17,12,4,19,42,750,115,RUE DU THEATRE,48.8481,2.29018,Nuit avec éclairage allumé,En agglomération,Intersection en X,Normale,Deux véhicules - côté,,,,,,,,,,,5,2,2,1.0,3.0
201700055929,0017-12-05 16:10:00,17,12,5,16,10,750,115,RUE DE VOUILLE,48.8345,2.30577,Plein jour,En agglomération,Intersection en T,Normale,Deux véhicules - côté,,,,,,,,,,,1,2,3,1.0,3.0
201700055930,0017-12-05 22:15:00,17,12,5,22,15,750,115,"73, RUE BRANCION",48.8321,2.30294,Nuit avec éclairage allumé,En agglomération,Intersection en X,Normale,Deux véhicules - côté,,,,,,,,,,,5,2,2,1.0,3.0
201700055931,0017-12-06 20:55:00,17,12,6,20,55,750,115,QUAI D ISSY LES MOULINEA,48.8359,2.26684,Nuit avec éclairage non allumé,En agglomération,Intersection en T,Temps couvert,Deux véhicules - côté,,,,,,,,,,,4,2,3,8.0,3.0
201700055932,0017-12-08 11:30:00,17,12,8,11,30,750,115,QUAI ANDRE CITROEN,48.8461,2.27692,Plein jour,En agglomération,Place,Pluie légère,Deux véhicules - arrière,,,,,,,,,,,1,2,7,2.0,2.0
201700055933,0017-12-09 00:25:00,17,12,9,0,25,750,115,"51, BOULEVARD LEFEBVRE",48.8312,2.29161,Nuit avec éclairage allumé,En agglomération,Hors intersection,Pluie légère,Autre collision,,,,,,,,,,,5,2,1,2.0,6.0
201700055934,0017-12-08 22:35:00,17,12,8,22,35,750,115,PLACE RAOUL DAUTRY,48.841,2.32144,Nuit avec éclairage allumé,En agglomération,Place,Pluie légère,Autre collision,,,,,,,,,,,5,2,7,2.0,6.0
201700055935,0017-12-08 13:45:00,17,12,8,13,45,750,115,PLACE CAMBRONNE,48.8477,2.30159,Plein jour,En agglomération,Place,Pluie légère,Autre collision,,,,,,,,,,,1,2,7,2.0,6.0
201700055936,0017-12-11 09:35:00,17,12,11,9,35,750,115,"19, AVENUE DU MAINE",48.8438,2.32035,Plein jour,En agglomération,Hors intersection,Temps couvert,Deux véhicules - arrière,,,,,,,,,,,1,2,1,8.0,2.0
201700055937,0017-12-11 11:00:00,17,12,11,11,0,750,115,"1, AVENUE DE LA PORTE DE",48.8309,2.29228,Plein jour,En agglomération,Intersection en X,Vent fort / tempête,Deux véhicules - côté,,,,,,,,,,,1,2,2,6.0,3.0
201700055938,0017-12-11 13:50:00,17,12,11,13,50,750,115,"/, RUE DU THEATRE",48.8502,2.28489,Plein jour,En agglomération,Intersection en X,Pluie légère,Deux véhicules - côté,,,,,,,,,,,1,2,2,2.0,3.0
201700055939,0017-12-11 19:00:00,17,12,11,19,0,750,107,PLACE DE LA RESISTANCE,48.8624,2.30201,Nuit avec éclairage allumé,En agglomération,Place,Normale,Deux véhicules - côté,,,,,,,,,,,5,2,7,1.0,3.0
201700055940,0017-12-11 20:00:00,17,12,11,20,0,750,115,"147, RUE DE VAUGIRARD",48.8441,2.31634,Nuit avec éclairage allumé,En agglomération,Hors intersection,Temps couvert,Deux véhicules - côté,,,,,,,,,,,5,2,1,8.0,3.0
201700055941,0017-12-14 19:29:00,17,12,14,19,29,750,115,"252, RUE DE LA CROIX NIV",48.8344,2.2899,Nuit avec éclairage allumé,En agglomération,Intersection en Y,Pluie légère,Autre collision,,,,,,,,,,,5,2,4,2.0,6.0
201700055942,0017-12-15 17:15:00,17,12,15,17,15,750,115,PONT DE BIR HAKEIM,48.8548,2.28848,Crépuscule ou aube,En agglomération,Intersection en X,Pluie légère,Autre collision,,,,,,,,,,,2,2,2,2.0,6.0
201700055943,0017-12-16 13:20:00,17,12,16,13,20,750,115,"36, AVENUE DE SUFFREN",48.8549,2.29503,Plein jour,En agglomération,Hors intersection,Normale,Autre collision,,,,,,,,,,,1,2,1,1.0,6.0
201700055944,0017-12-16 15:55:00,17,12,16,15,55,750,115,"109, RUE CAMBRONNE",48.8414,2.30352,Plein jour,En agglomération,Hors intersection,Normale,Deux véhicules - arrière,,,,,,,,,,,1,2,1,1.0,2.0
201700055945,0017-12-16 20:10:00,17,12,16,20,10,750,115,"35, BOULEVARD PASTEUR",48.843,2.31278,Nuit avec éclairage allumé,En agglomération,Intersection en X,Normale,Autre collision,,,,,,,,,,,5,2,2,1.0,6.0
201700055946,0017-12-20 22:30:00,17,12,20,22,30,750,115,"17, BOULEVARD DE VAUGIRA",48.8416,2.31897,Nuit sans éclairage public,En agglomération,Hors intersection,Pluie légère,Autre collision,,,,,,,,,,,3,2,1,2.0,6.0
201700055947,0017-12-21 11:30:00,17,12,21,11,30,750,115,RUE DE VAUGIRARD,48.8372,2.29641,Plein jour,En agglomération,Intersection en X,Pluie légère,Autre collision,,,,,,,,,,,1,2,2,2.0,6.0
201700055948,0017-12-21 11:09:00,17,12,21,11,9,750,115,"88, RUE DE LA FEDERATION",48.8527,2.29853,Plein jour,En agglomération,Intersection en Y,Pluie légère,Autre collision,,,,,,,,,,,1,2,4,2.0,6.0
201700055949,0017-12-21 20:55:00,17,12,21,20,55,750,115,"56, AVENUE DE SUFFREN",48.8534,2.29736,Nuit avec éclairage allumé,En agglomération,Intersection en Y,Pluie légère,Autre collision,,,,,,,,,,,5,2,4,2.0,6.0
201700055950,0017-12-22 13:55:00,17,12,22,13,55,750,115,RUE DE JAVEL,48.8461,2.28132,Plein jour,En agglomération,Intersection en T,Temps couvert,Autre collision,,,,,,,,,,,1,2,3,8.0,6.0
201700055951,0017-12-23 18:00:00,17,12,23,18,0,750,115,"59, RUE DES MORILLONS",48.8324,2.30197,Nuit avec éclairage allumé,En agglomération,Hors intersection,Normale,Autre collision,,,,,,,,,,,5,2,1,1.0,6.0
201700055952,0017-12-24 21:00:00,17,12,24,21,0,750,115,"85, RUE DE LA CONVENTION",48.8422,2.28554,Nuit avec éclairage allumé,En agglomération,Intersection en X,Normale,Autre collision,,,,,,,,,,,5,2,2,1.0,6.0
201700055953,0017-12-27 10:45:00,17,12,27,10,45,750,115,"1 Q, BOULEVARD VICTOR",48.8361,2.2782,Plein jour,En agglomération,Place,Pluie légère,Deux véhicules - côté,,,,,,,,,,,1,2,7,2.0,3.0
201700055954,0017-12-28 15:15:00,17,12,28,15,15,750,115,"17, BOULEVARD DE GRENELL",48.8535,2.28993,Plein jour,En agglomération,Hors intersection,Normale,Autre collision,,,,,,,,,,,1,2,1,1.0,6.0
201700055955,0017-01-01 21:20:00,17,1,1,21,20,750,116,ALLEE DE LONGCHAMP,48.8725,2.26444,Nuit avec éclairage allumé,En agglomération,Intersection en X,Normale,Deux véhicules - côté,,,,,,,,,,,5,2,2,1.0,3.0
201700055956,0017-01-02 22:25:00,17,1,2,22,25,750,116,"136, BOULEVARD EXELMANS",48.8472,2.25926,Nuit avec éclairage allumé,En agglomération,Hors intersection,Normale,Autre collision,,,,,,,,,,,5,2,1,1.0,6.0
201700055957,0017-01-05 10:00:00,17,1,5,10,0,750,116,AVENUE DE NEW YORK,48.8621,2.29336,Plein jour,En agglomération,Hors intersection,Normale,Deux véhicules - côté,,,,,,,,,,,1,2,1,1.0,3.0
201700055958,0017-01-05 23:30:00,17,1,5,23,30,750,116,AVENUE DE LA PORTE DE SA,48.8384,2.25405,Nuit avec éclairage allumé,En agglomération,Intersection en X,Normale,Deux véhicules - côté,,,,,,,,,,,5,2,2,1.0,3.0
201700055959,0017-01-05 12:30:00,17,1,5,12,30,750,116,"188, AVENUE VICTOR HUGO",48.8652,2.27467,Plein jour,En agglomération,Hors intersection,Normale,Autre collision,,,,,,,,,,,1,2,1,1.0,6.0
201700055960,0017-01-07 12:45:00,17,1,7,12,45,750,116,"37, AVENUE VICTOR HUGO",48.8717,2.29,Plein jour,En agglomération,Hors intersection,Pluie légère,Autre collision,,,,,,,,,,,1,2,1,2.0,6.0
201700055961,0017-01-08 04:15:00,17,1,8,4,15,750,116,"01, AVENUE DE LA GRANDE",48.8744,2.29293,Nuit avec éclairage allumé,En agglomération,Place,Pluie légère,Autre collision,,,,,,,,,,,5,2,7,2.0,6.0
201700055962,0017-01-09 08:55:00,17,1,9,8,55,750,116,"129, RUE DE LA POMPE",48.8666,2.28011,Plein jour,En agglomération,Intersection en X,Pluie légère,Trois véhicules et plus - collisions multiples,,,,,,,,,,,1,2,2,2.0,5.0
201700055963,0017-01-09 19:00:00,17,1,9,19,0,750,116,"26, AVENUE MARCEAU",48.8669,2.29937,Nuit avec éclairage allumé,En agglomération,Hors intersection,Pluie légère,Trois véhicules et plus - collisions multiples,,,,,,,,,,,5,2,1,2.0,5.0
201700055964,0017-01-10 08:40:00,17,1,10,8,40,750,116,BOULEVARD EXELMANS,48.8437,2.25943,Plein jour,En agglomération,Intersection à plus de 4 branches,Temps couvert,Deux véhicules - côté,,,,,,,,,,,1,2,5,8.0,3.0
201700055965,0017-01-10 15:20:00,17,1,10,15,20,750,116,AVENUE DU MARECHAL FAYOL,48.8708,2.27358,Plein jour,En agglomération,Intersection en Y,Pluie légère,Sans collision,,,,,,,,,,,1,2,4,2.0,7.0
201700055966,0017-01-11 11:15:00,17,1,11,11,15,750,116,PLACE DU MARECHAL DE LAT,48.8713,2.27426,Plein jour,En agglomération,Place,Pluie légère,Autre collision,,,,,,,,,,,1,2,7,2.0,6.0
201700055967,0017-01-02 19:24:00,17,1,2,19,24,750,116,"87, AVENUE RAYMOND POINC",48.8691,2.28546,Nuit avec éclairage allumé,En agglomération,Hors intersection,Normale,Autre collision,,,,,,,,,,,5,2,1,1.0,6.0
201700055968,0017-01-13 13:20:00,17,1,13,13,20,750,116,PLACE CHARLES DE GAULLE,48.8737,2.29411,Plein jour,En agglomération,Place,Normale,Deux véhicules - côté,,,,,,,,,,,1,2,7,1.0,3.0
201700055969,0017-01-14 17:38:00,17,1,14,17,38,750,116,"14, RUE DE REMUSAT",48.848,2.27125,Nuit avec éclairage allumé,En agglomération,Hors intersection,Pluie légère,Autre collision,,,,,,,,,,,5,2,1,2.0,6.0
201700055970,0017-01-15 06:05:00,17,1,15,6,5,750,108,"30, AVENUE GEORGE V",48.8684,2.30112,Nuit avec éclairage allumé,En agglomération,Intersection en X,Normale,Autre collision,,,,,,,,,,,5,2,2,1.0,6.0
201700055971,0017-01-02 15:30:00,17,1,2,15,30,750,116,"2, AVENUE DE VERSAILLES",48.8511,2.27807,Plein jour,En agglomération,Hors intersection,Normale,Deux véhicules - arrière,,,,,,,,,,,1,2,1,1.0,2.0
201700055972,0017-01-17 08:40:00,17,1,17,8,40,750,116,AVENUE DU MAHATMA GANDHI,48.8769,2.26739,Plein jour,En agglomération,Hors intersection,Normale,Deux véhicules - arrière,,,,,,,,,,,1,2,1,1.0,2.0
201700055973,0017-01-17 19:40:00,17,1,17,19,40,750,116,ROUTE DE SURESNES,48.8641,2.23629,Nuit sans éclairage public,En agglomération,Intersection à plus de 4 branches,Normale,Deux véhicules - côté,,,,,,,,,,,3,2,5,1.0,3.0
201700055974,0017-01-18 12:00:00,17,1,18,12,0,750,116,AVENUE DODE DE LA BRUNER,48.8362,2.25891,Plein jour,En agglomération,Intersection en X,Normale,Deux véhicules - côté,,,,,,,,,,,1,2,2,1.0,3.0
201700055975,0017-01-18 22:50:00,17,1,18,22,50,750,116,"62, AVENUE THEOPHILE GAU",48.8482,2.2699,Nuit avec éclairage allumé,En agglomération,Intersection en X,Normale,Deux véhicules - côté,,,,,,,,,,,5,2,2,1.0,3.0
201700055976,0017-01-20 12:00:00,17,1,20,12,0,750,116,"46, AVENUE D IENA",48.8672,2.29539,Plein jour,En agglomération,Intersection en X,Normale,Deux véhicules - côté,,,,,,,,,,,1,2,2,1.0,3.0
201700055977,0017-01-21 12:14:00,17,1,21,12,14,750,116,"47, AVENUE THEOPHILE GAU",48.8487,2.27036,Plein jour,En agglomération,Hors intersection,Normale,Autre collision,,,,,,,,,,,1,2,1,1.0,6.0
201700055978,0017-01-23 12:30:00,17,1,23,12,30,750,116,PORTE DAUPHINE,48.8714,2.27413,Plein jour,En agglomération,Place,Normale,Deux véhicules - côté,,,,,,,,,,,1,2,7,1.0,3.0
201700055979,0017-01-24 12:40:00,17,1,24,12,40,750,116,AVENUE MOZART,48.8573,2.27299,Plein jour,En agglomération,Intersection en X,Normale,Autre collision,,,,,,,,,,,1,2,2,1.0,6.0
201700055980,0017-01-24 17:45:00,17,1,24,17,45,750,116,"129, AVENUE DE MALAKOFF",48.8744,2.28411,Crépuscule ou aube,En agglomération,Hors intersection,Normale,Deux véhicules - côté,,,,,,,,,,,2,2,1,1.0,3.0
201700055981,0017-01-25 13:15:00,17,1,25,13,15,750,116,CHAUSSEE LA MUETTE,48.8583,2.27263,Plein jour,En agglomération,Intersection à plus de 4 branches,Normale,Deux véhicules - arrière,,,,,,,,,,,1,2,5,1.0,2.0
201700055982,0017-01-27 09:00:00,17,1,27,9,0,750,116,ALLEE DE LA REINE MARGUE,48.8696,2.25216,Crépuscule ou aube,En agglomération,Hors intersection,Normale,Autre collision,,,,,,,,,,,2,2,1,1.0,6.0
201700055983,0017-01-27 19:55:00,17,1,27,19,55,750,116,AVENUE DE LA PORTE D AUT,48.8479,2.25566,Nuit avec éclairage allumé,En agglomération,Hors intersection,Normale,Trois véhicules et plus - en chaîne,,,,,,,,,,,5,2,1,1.0,4.0
201700055984,0017-01-28 15:35:00,17,1,28,15,35,750,116,"1, BOULEVARD DE BEAUSEJO",48.858,2.27252,Plein jour,En agglomération,Intersection en T,Normale,Autre collision,,,,,,,,,,,1,2,3,1.0,6.0
201700055985,0017-01-31 13:45:00,17,1,31,13,45,750,116,AVENUE DE VERSAILLES,48.8445,2.27079,Plein jour,En agglomération,Hors intersection,Pluie légère,Autre collision,,,,,,,,,,,1,2,1,2.0,6.0
201700055986,0017-02-02 09:45:00,17,2,2,9,45,750,116,"26, AVENUE DE NEW YORK",48.8632,2.296,Plein jour,En agglomération,Hors intersection,Normale,Autre collision,,,,,,,,,,,1,2,1,1.0,6.0
201700055987,0017-02-06 08:40:00,17,2,6,8,40,750,116,ALLEE DE LONGCHAMP,48.864,2.24071,Plein jour,En agglomération,Intersection en X,Normale,Deux véhicules - arrière,,,,,,,,,,,1,2,2,1.0,2.0
201700055988,0017-02-06 11:35:00,17,2,6,11,35,750,116,ALLEE DE LONGCHAMP,48.8678,2.25104,Plein jour,En agglomération,Intersection en X,Normale,Autre collision,,,,,,,,,,,1,2,2,1.0,6.0
201700055989,0017-02-06 19:40:00,17,2,6,19,40,750,116,"71, BOULEVARD EXELMANS",48.843,2.26003,Nuit avec éclairage allumé,En agglomération,Intersection en X,Normale,Autre collision,,,,,,,,,,,5,2,2,1.0,6.0