accident_id,datetime,annee,mois,jour,heure,minute,departement,commune_insee,adresse,latitude,longitude,luminosite,agglomeration,intersection,meteo,collision,nb_vehicules,nb_usagers,nb_indemnes,nb_tues,nb_blesses_hosp,nb_blesses_legers,age_cond_1,age_cond_2,veh_type_cond_1,veh_type_cond_2,lum_code,agg_code,int_code,atm_code,col_code
201700055990,0017-02-07 16:00:00,17,2,7,16,0,750,116,PLACE CHARLES DE GAULLE,48.8735,2.29423,Plein jour,En agglomération,Place,Normale,Deux véhicules - côté,,,,,,,,,,,1,2,7,1.0,3.0
201700055991,0017-02-07 20:15:00,17,2,7,20,15,750,116,"64, AVENUE DE NEW YORK",48.8588,2.28906,Plein jour,En agglomération,Intersection à plus de 4 branches,Normale,Deux véhicules - côté,,,,,,,,,,,1,2,5,1.0,3.0
201700055992,0017-02-08 18:05:00,17,2,8,18,5,750,116,AVENUE PAUL DOUMER,48.8612,2.28425,Nuit avec éclairage allumé,En agglomération,Intersection en T,Normale,Deux véhicules - côté,,,,,,,,,,,5,2,3,1.0,3.0
201700055993,0017-02-08 20:00:00,17,2,8,20,0,750,116,AVENUE MARCEAU,48.8651,2.3001,Nuit avec éclairage allumé,En agglomération,Intersection à plus de 4 branches,Normale,Deux véhicules - côté,,,,,,,,,,,5,2,5,1.0,3.0
201700055994,0017-02-09 19:55:00,17,2,9,19,55,750,116,ALLEE DE LA REINE MARGUE,48.8678,2.25104,Nuit avec éclairage allumé,En agglomération,Intersection à plus de 4 branches,Normale,Deux véhicules - côté,,,,,,,,,,,5,2,5,1.0,3.0
201700055995,0017-02-10 00:32:00,17,2,10,0,32,750,116,"8, PLACE D IENA",48.8649,2.29358,Nuit avec éclairage allumé,En agglomération,Place,Normale,Deux véhicules - côté,,,,,,,,,,,5,2,7,1.0,3.0
201700055996,0017-02-10 16:10:00,17,2,10,16,10,750,116,ALLEE DE LA REINE MARGUE,48.8585,2.24489,Plein jour,En agglomération,Intersection en X,Pluie légère,Deux véhicules - côté,,,,,,,,,,,1,2,2,2.0,3.0
201700055997,0017-02-10 11:30:00,17,2,10,11,30,750,116,"11, RUE DE LA POMPE",48.8595,2.27519,Plein jour,En agglomération,Intersection à plus de 4 branches,Normale,Deux véhicules - côté,,,,,,,,,,,1,2,5,1.0,3.0
201700055998,0017-02-11 18:00:00,17,2,11,18,0,750,116,AVENUE DE VERSAILLES,48.8409,2.26529,Crépuscule ou aube,En agglomération,Intersection à plus de 4 branches,Normale,Deux véhicules - côté,,,,,,,,,,,2,2,5,1.0,3.0
201700055999,0017-02-13 16:50:00,17,2,13,16,50,750,116,BOULEVARD PERIPHERIQUE E,48.8656,2.26783,Plein jour,En agglomération,Intersection en Y,Normale,Deux véhicules - arrière,,,,,,,,,,,1,2,4,1.0,2.0
201700056000,0017-02-13 19:15:00,17,2,13,19,15,750,116,ALLEE DE LA REINE MARGUE,48.8549,2.24241,Nuit avec éclairage allumé,En agglomération,Intersection en X,Normale,Autre collision,,,,,,,,,,,5,2,2,1.0,6.0
201700056001,0017-02-15 16:10:00,17,2,15,16,10,750,116,AVENUE DU PRESIDENT KENN,48.8529,2.28104,Plein jour,En agglomération,Intersection en Y,Normale,Autre collision,,,,,,,,,,,1,2,4,1.0,6.0
201700056002,0017-02-16 13:40:00,17,2,16,13,40,750,116,AVENUE DE LA GRANDE ARME,48.8742,2.29369,Plein jour,En agglomération,Hors intersection,Normale,Deux véhicules - arrière,,,,,,,,,,,1,2,1,1.0,2.0
201700056003,0017-02-16 19:15:00,17,2,16,19,15,750,116,"654, AVENUE DE VERSAILLE",48.8407,2.26499,Nuit avec éclairage allumé,En agglomération,Intersection en X,Brouillard / fumée,Autre collision,,,,,,,,,,,5,2,2,5.0,6.0
201700056004,0017-02-17 19:40:00,17,2,17,19,40,750,116,"67, BOULEVARD LANNES",48.8645,2.26976,Crépuscule ou aube,En agglomération,Intersection en T,Normale,Autre collision,,,,,,,,,,,2,2,3,1.0,6.0
201700056005,0017-02-18 12:40:00,17,2,18,12,40,750,116,RUE BENJAMIN FRANKLIN,48.8612,2.28651,Plein jour,En agglomération,Intersection en Y,Normale,Deux véhicules - côté,,,,,,,,,,,1,2,4,1.0,3.0
201700056006,0017-02-20 17:25:00,17,2,20,17,25,750,116,"52, AVENUE DE NEW YORK",48.8622,2.29313,Plein jour,En agglomération,Intersection en T,Normale,Deux véhicules - côté,,,,,,,,,,,1,2,3,1.0,3.0
201700056007,0017-02-21 12:10:00,17,2,21,12,10,750,116,AVENUE FOCH,48.8726,2.28396,Plein jour,En agglomération,Hors intersection,Normale,Autre collision,,,,,,,,,,,1,2,1,1.0,6.0
201700056008,0017-02-21 13:25:00,17,2,21,13,25,750,116,"87, RUE JEAN DE LA FONTA",48.8485,2.26519,Plein jour,En agglomération,Hors intersection,Normale,Autre collision,,,,,,,,,,,1,2,1,1.0,6.0
201700056009,0017-02-21 19:45:00,17,2,21,19,45,750,116,ROUTE DE LA PTE DES SABL,48.878,2.27032,Nuit avec éclairage allumé,En agglomération,Hors intersection,Normale,Autre collision,,,,,,,,,,,5,2,1,1.0,6.0
201700056010,0017-02-23 00:40:00,17,2,23,0,40,750,116,AVENUE ALBERT DE MUN,48.8629,2.29191,Nuit avec éclairage allumé,En agglomération,Intersection en X,Normale,Autre collision,,,,,,,,,,,5,2,2,1.0,6.0
201700056011,0017-02-22 23:25:00,17,2,22,23,25,750,116,ROUTE DE SURESNES,48.871,2.27151,Nuit avec éclairage allumé,En agglomération,Intersection à plus de 4 branches,Normale,Deux véhicules - côté,,,,,,,,,,,5,2,5,1.0,3.0
201700056012,0017-02-23 08:25:00,17,2,23,8,25,750,116,"117, AVENUE VICTOR HUGO",48.8684,2.28228,Plein jour,En agglomération,Hors intersection,Normale,Deux véhicules - arrière,,,,,,,,,,,1,2,1,1.0,2.0
201700056013,0017-02-23 15:15:00,17,2,23,15,15,750,116,AVENUE DE L HIPPODROME,48.8591,2.24336,Plein jour,En agglomération,Hors intersection,Pluie légère,Autre collision,,,,,,,,,,,1,2,1,2.0,6.0
201700056014,0017-02-24 11:30:00,17,2,24,11,30,750,116,"52, AVENUE FOCH",48.8727,2.28452,Plein jour,En agglomération,Intersection à plus de 4 branches,Normale,Autre collision,,,,,,,,,,,1,2,5,1.0,6.0
201700056015,0017-02-24 21:00:00,17,2,24,21,0,750,116,"143, RUE DE LA POMPE",48.8679,2.28107,Nuit avec éclairage allumé,En agglomération,Place,Normale,Autre collision,,,,,,,,,,,5,2,7,1.0,6.0
201700056016,0017-02-25 17:30:00,17,2,25,17,30,750,116,"61, AVENUE KLEBER",48.8665,2.28975,Plein jour,En agglomération,Hors intersection,Normale,Autre collision,,,,,,,,,,,1,2,1,1.0,6.0
201700056017,0017-02-26 09:25:00,17,2,26,9,25,750,116,PLACE CHARLES DE GAULLE,48.8737,2.29411,Plein jour,En agglomération,Place,Normale,Autre collision,,,,,,,,,,,1,2,7,1.0,6.0
201700056018,0017-02-27 12:30:00,17,2,27,12,30,750,116,"6, AVENUE BUGEAUD",48.8699,2.28406,Plein jour,En agglomération,Hors intersection,Pluie légère,Autre collision,,,,,,,,,,,1,2,1,2.0,6.0
201700056019,0017-02-27 15:50:00,17,2,27,15,50,750,116,"14, AVENUE BUGEAUD",48.871,2.27921,Plein jour,En agglomération,Place,Normale,Autre collision,,,,,,,,,,,1,2,7,1.0,6.0
201700056020,0017-02-28 12:50:00,17,2,28,12,50,750,116,ALLEE DE LONGCHAMP,48.8692,2.25521,Plein jour,En agglomération,Hors intersection,Pluie forte,Deux véhicules - arrière,,,,,,,,,,,1,2,1,3.0,2.0
201700056021,0017-03-01 17:00:00,17,3,1,17,0,750,116,AVENUE GEORGES LAFONT,48.8352,2.25864,Plein jour,En agglomération,Intersection en Y,Pluie légère,Trois véhicules et plus - en chaîne,,,,,,,,,,,1,2,4,2.0,4.0
201700056022,0017-03-01 18:25:00,17,3,1,18,25,750,116,"52, AVENUE VICTOR HUGO",48.8708,2.28804,Crépuscule ou aube,En agglomération,Intersection en T,Pluie forte,Autre collision,,,,,,,,,,,2,2,3,3.0,6.0
201700056023,0017-03-02 06:30:00,17,3,2,6,30,750,116,"56, BOULEVARD EXELMANS",48.8424,2.26146,Plein jour,En agglomération,Intersection en X,Normale,Autre collision,,,,,,,,,,,1,2,2,1.0,6.0
201700056024,0017-03-03 14:30:00,17,3,3,14,30,750,116,BOULEVARD PERIPHERIQUE I,48.8614,2.26432,Plein jour,En agglomération,Hors intersection,Normale,Trois véhicules et plus - en chaîne,,,,,,,,,,,1,2,1,1.0,4.0
201700056025,0017-03-03 11:50:00,17,3,3,11,50,750,116,"16, AVENUE PAUL DOUMER",48.861,2.28338,Plein jour,En agglomération,Intersection en X,Normale,Deux véhicules - arrière,,,,,,,,,,,1,2,2,1.0,2.0
201700056026,0017-03-04 19:20:00,17,3,4,19,20,750,116,"11, AVENUE DE LA GRANDE",48.8748,2.29171,Nuit avec éclairage allumé,En agglomération,Intersection en T,Temps couvert,Deux véhicules - côté,,,,,,,,,,,5,2,3,8.0,3.0
201700056027,0017-03-04 21:15:00,17,3,4,21,15,750,116,"112, AVENUE RAYMOND POIN",48.8722,2.28466,Nuit avec éclairage allumé,En agglomération,Intersection en X,Normale,Deux véhicules - côté,,,,,,,,,,,5,2,2,1.0,3.0
201700056028,0017-03-05 16:30:00,17,3,5,16,30,750,116,ROUTE DES TRIBUNES,48.8591,2.22921,Plein jour,En agglomération,Hors intersection,Temps couvert,Autre collision,,,,,,,,,,,1,2,1,8.0,6.0
201700056029,0017-03-05 20:05:00,17,3,5,20,5,750,116,AVENUE DU MAHATMA GANDHI,48.8768,2.26672,Nuit sans éclairage public,En agglomération,Hors intersection,Normale,Autre collision,,,,,,,,,,,3,2,1,1.0,6.0
201700056030,0017-03-05 23:45:00,17,3,5,23,45,750,116,ALLEE DES FORTIFICATIONS,48.8627,2.26547,Nuit avec éclairage allumé,En agglomération,Intersection en X,Normale,Deux véhicules - côté,,,,,,,,,,,5,2,2,1.0,3.0
201700056031,0017-03-07 17:00:00,17,3,7,17,0,750,116,ROUTE DE LA MUETTE A NEU,48.8738,2.26411,Plein jour,En agglomération,Intersection en X,Normale,Deux véhicules - arrière,,,,,,,,,,,1,2,2,1.0,2.0
201700056032,0017-03-08 09:35:00,17,3,8,9,35,750,116,RUE JOSEPH ET MARIE HACK,48.8786,2.27978,Plein jour,En agglomération,Intersection à plus de 4 branches,Normale,Autre collision,,,,,,,,,,,1,2,5,1.0,6.0
201700056033,0017-03-08 23:25:00,17,3,8,23,25,750,116,AVENUE DE LA PORTE D AUT,48.848,2.24677,Nuit avec éclairage allumé,En agglomération,Hors intersection,Pluie légère,Deux véhicules - arrière,,,,,,,,,,,5,2,1,2.0,2.0
201700056034,0017-03-09 10:30:00,17,3,9,10,30,750,116,AVENUE EDOUARD VAILLANT,48.8379,2.25419,Plein jour,En agglomération,Hors intersection,Normale,Autre collision,,,,,,,,,,,1,2,1,1.0,6.0
201700056035,0017-03-10 17:30:00,17,3,10,17,30,750,116,PLACE DE VARSOVIE,48.8604,2.29115,Plein jour,En agglomération,Place,Normale,Deux véhicules - côté,,,,,,,,,,,1,2,7,1.0,3.0
201700056036,0017-03-11 08:05:00,17,3,11,8,5,750,116,RUE RAYNOUARD,48.8537,2.2774,Plein jour,En agglomération,Intersection en X,Normale,Deux véhicules - côté,,,,,,,,,,,1,2,2,1.0,3.0
201700056037,0017-03-11 06:45:00,17,3,11,6,45,750,116,"143, RUE DE LA POMPE",48.8681,2.28125,Crépuscule ou aube,En agglomération,Hors intersection,Normale,Autre collision,,,,,,,,,,,2,2,1,1.0,6.0
201700056038,0017-03-11 11:41:00,17,3,11,11,41,750,116,AVENUE FOCH,48.8727,2.28452,Plein jour,En agglomération,Intersection en X,Normale,Autre collision,,,,,,,,,,,1,2,2,1.0,6.0
201700056039,0017-03-09 12:10:00,17,3,9,12,10,750,116,AVENUE KLEBER,48.8732,2.29458,Plein jour,En agglomération,Place,Normale,Deux véhicules - côté,,,,,,,,,,,1,2,7,1.0,3.0
201700056040,0017-03-14 09:15:00,17,3,14,9,15,750,116,"92, AVENUE D IENA",48.8719,2.29528,Plein jour,En agglomération,Intersection en Y,Normale,Deux véhicules - côté,,,,,,,,,,,1,2,4,1.0,3.0
201700056041,0017-03-14 10:40:00,17,3,14,10,40,750,116,AVENUE DE NEUILLY,48.8786,2.27978,Plein jour,En agglomération,Intersection à plus de 4 branches,Normale,Deux véhicules - côté,,,,,,,,,,,1,2,5,1.0,3.0
201700056042,0017-03-14 18:40:00,17,3,14,18,40,750,116,"50, AVENUE DE NEW YORK",48.8624,2.29358,Nuit avec éclairage allumé,En agglomération,Hors intersection,Normale,Deux véhicules - côté,,,,,,,,,,,5,2,1,1.0,3.0
201700056043,0017-03-15 11:20:00,17,3,15,11,20,750,116,AVENUE DE NEW YORK,48.8614,2.29234,Plein jour,En agglomération,Hors intersection,Normale,Trois véhicules et plus - en chaîne,,,,,,,,,,,1,2,1,1.0,4.0
201700056044,0017-03-15 19:45:00,17,3,15,19,45,750,116,RUE LE MAROIS,48.8388,2.26128,Nuit avec éclairage allumé,En agglomération,Intersection en T,Normale,Autre collision,,,,,,,,,,,5,2,3,1.0,6.0
201700056045,0017-03-15 09:20:00,17,3,15,9,20,750,116,ALLEE DE LA REINE MARGUE,48.8604,2.24607,Plein jour,En agglomération,Intersection en X,Normale,Deux véhicules - arrière,,,,,,,,,,,1,2,2,1.0,2.0
201700056046,0017-03-16 15:45:00,17,3,16,15,45,750,116,"29, BOULEVARD MURAT",48.8451,2.2574,Plein jour,En agglomération,Hors intersection,Normale,Autre collision,,,,,,,,,,,1,2,1,1.0,6.0
201700056047,0017-03-16 16:40:00,17,3,16,16,40,750,116,AVENUE DE L HIPPODROME,48.858,2.25283,Plein jour,En agglomération,Intersection en Y,Normale,Deux véhicules - arrière,,,,,,,,,,,1,2,4,1.0,2.0
201700056048,0017-03-16 20:00:00,17,3,16,20,0,750,116,BOULEVARD SUCHET,48.8574,2.26463,Nuit avec éclairage allumé,En agglomération,Intersection en X,Normale,Deux véhicules - côté,,,,,,,,,,,5,2,2,1.0,3.0
201700056049,0017-03-17 12:50:00,17,3,17,12,50,750,116,AVENUE DU PRESIDENT KENN,48.8566,2.28615,Plein jour,En agglomération,Intersection en T,Normale,Deux véhicules - arrière,,,,,,,,,,,1,2,3,1.0,2.0
201700056050,0017-03-15 13:00:00,17,3,15,13,0,750,116,AVENUE BUGEAUD,48.8714,2.27756,Plein jour,En agglomération,Intersection à plus de 4 branches,Normale,Deux véhicules - côté,,,,,,,,,,,1,2,5,1.0,3.0
201700056051,0017-03-17 22:30:00,17,3,17,22,30,750,116,PLACE DE LA PORTE D AUTE,48.8479,2.25871,Nuit avec éclairage allumé,En agglomération,Hors intersection,Normale,Sans collision,,,,,,,,,,,5,2,1,1.0,7.0
201700056052,0017-03-18 12:00:00,17,3,18,12,0,750,116,"30, RUE DE LA FAISANDERI",48.8698,2.27661,Plein jour,En agglomération,Intersection en T,Pluie légère,Autre collision,,,,,,,,,,,1,2,3,2.0,6.0
201700056053,0017-03-19 05:10:00,17,3,19,5,10,750,116,AVENUE DE VERSAILLES,48.8409,2.26529,Nuit avec éclairage allumé,En agglomération,Intersection à plus de 4 branches,Normale,Deux véhicules - arrière,,,,,,,,,,,5,2,5,1.0,2.0
201700056054,0017-03-19 14:00:00,17,3,19,14,0,750,116,", AVENUE DE VERSAILLES",48.8426,2.2687,Plein jour,En agglomération,Intersection en T,Normale,Autre collision,,,,,,,,,,,1,2,3,1.0,6.0
201700056055,0017-03-21 11:40:00,17,3,21,11,40,750,116,ALLEE DE LA REINE MARGUE,48.853,2.24158,Plein jour,En agglomération,Hors intersection,Pluie légère,Autre collision,,,,,,,,,,,1,2,1,2.0,6.0
201700056056,0017-03-21 12:20:00,17,3,21,12,20,750,116,RUE WILHEM,48.8468,2.26985,Plein jour,En agglomération,Intersection en T,Normale,Autre collision,,,,,,,,,,,1,2,3,1.0,6.0
201700056057,0017-03-21 12:30:00,17,3,21,12,30,750,116,AVENUE VICTOR HUGO,48.873,2.2931,Plein jour,En agglomération,Place,Normale,Deux véhicules - côté,,,,,,,,,,,1,2,7,1.0,3.0
201700056058,0017-03-23 12:15:00,17,3,23,12,15,750,116,"46, AVENUE D IENA",48.8672,2.29539,Plein jour,En agglomération,Intersection en X,Pluie légère,Deux véhicules - côté,,,,,,,,,,,1,2,2,2.0,3.0
201700056059,0017-03-23 18:20:00,17,3,23,18,20,750,116,"6, PLACE DE LA PORTE DE",48.838,2.25759,Plein jour,En agglomération,Place,Pluie légère,Deux véhicules - côté,,,,,,,,,,,1,2,7,2.0,3.0
201700056060,0017-03-23 19:10:00,17,3,23,19,10,750,116,"66, RUE D AUTEUIL",48.8479,2.26158,Nuit avec éclairage allumé,En agglomération,Hors intersection,Pluie légère,Autre collision,,,,,,,,,,,5,2,1,2.0,6.0
201700056061,0017-03-23 22:00:00,17,3,23,22,0,750,116,RUE ALFRED BRUNEAU,48.856,2.2776,Nuit avec éclairage allumé,En agglomération,Intersection en T,Pluie légère,Deux véhicules - côté,,,,,,,,,,,5,2,3,2.0,3.0
201700056062,0017-03-23 23:50:00,17,3,23,23,50,750,116,AVENUE DU PRESIDENT KENN,48.8558,2.28526,Nuit avec éclairage allumé,En agglomération,Intersection en T,Pluie forte,Deux véhicules - arrière,,,,,,,,,,,5,2,3,3.0,2.0
201700056063,0017-03-24 18:40:00,17,3,24,18,40,750,116,ALLEE DE LONGCHAMP,48.8709,2.25971,Nuit avec éclairage allumé,En agglomération,Hors intersection,Normale,Autre collision,,,,,,,,,,,5,2,1,1.0,6.0
201700056064,0017-03-24 20:17:00,17,3,24,20,17,750,116,VOIE GEORGES POMPIDOU,48.8533,2.28237,Nuit avec éclairage allumé,En agglomération,Hors intersection,Normale,Sans collision,,,,,,,,,,,5,2,1,1.0,7.0
201700056065,0017-03-25 08:30:00,17,3,25,8,30,750,116,"7, AVENUE DE LA GRANDE A",48.8746,2.29241,Plein jour,En agglomération,Hors intersection,Normale,Trois véhicules et plus - en chaîne,,,,,,,,,,,1,2,1,1.0,4.0
201700056066,0017-03-25 15:50:00,17,3,25,15,50,750,116,"70, AVENUE PAUL DOUMER",48.8597,2.27911,Plein jour,En agglomération,Intersection à plus de 4 branches,Normale,Deux véhicules - côté,,,,,,,,,,,1,2,5,1.0,3.0
201700056067,0017-03-28 14:30:00,17,3,28,14,30,750,116,"63, RUE DE BOULAINVILLIE",48.8576,2.27471,Plein jour,En agglomération,Intersection en X,Normale,Deux véhicules - côté,,,,,,,,,,,1,2,2,1.0,3.0
201700056068,0017-03-28 18:20:00,17,3,28,18,20,750,116,BOULEVARD SUCHET,48.8574,2.26463,Plein jour,En agglomération,Intersection en X,Normale,Autre collision,,,,,,,,,,,1,2,2,1.0,6.0
201700056069,0017-03-25 15:45:00,17,3,25,15,45,750,116,BOULEVARD PERIPHERIQUE E,48.8763,2.27809,Plein jour,En agglomération,Hors intersection,Normale,Deux véhicules - côté,,,,,,,,,,,1,2,1,1.0,3.0
201700056070,0017-03-30 11:00:00,17,3,30,11,0,750,116,BOULEVARD EXELMANS,48.843,2.26003,Plein jour,En agglomération,Intersection en X,Normale,Deux véhicules - côté,,,,,,,,,,,1,2,2,1.0,3.0
201700056071,0017-03-30 13:15:00,17,3,30,13,15,750,116,BOULEVARD PERIPHERIQUE I,48.8774,2.28138,Plein jour,En agglomération,Place,Normale,Trois véhicules et plus - collisions multiples,,,,,,,,,,,1,2,7,1.0,5.0
201700056072,0017-03-30 19:30:00,17,3,30,19,30,750,116,"108, AVENUE MOZART",48.8507,2.26717,Plein jour,En agglomération,Intersection à plus de 4 branches,Normale,Deux véhicules - arrière,,,,,,,,,,,1,2,5,1.0,2.0
201700056073,0017-03-30 13:05:00,17,3,30,13,5,750,116,AVENUE DE NEW YORK,48.8596,2.29006,Plein jour,En agglomération,Hors intersection,Normale,Deux véhicules - arrière,,,,,,,,,,,1,2,1,1.0,2.0
201700056074,0017-04-01 11:50:00,17,4,1,11,50,750,116,"21, AVENUE KLEBER",48.8704,2.29256,Plein jour,En agglomération,Hors intersection,Normale,Autre collision,,,,,,,,,,,1,2,1,1.0,6.0
201700056075,0017-03-26 14:00:00,17,3,26,14,0,750,116,AVENUE DU MAHATMA GANDHI,48.875,2.25788,Plein jour,En agglomération,Intersection en Y,Normale,Deux véhicules - arrière,,,,,,,,,,,1,2,4,1.0,2.0
201700056076,0017-04-04 14:20:00,17,4,4,14,20,750,116,"7, RUE DE BOULAINVILLIER",48.8517,2.27769,Plein jour,En agglomération,Intersection en T,Normale,Autre collision,,,,,,,,,,,1,2,3,1.0,6.0
201700056077,0017-04-04 17:00:00,17,4,4,17,0,750,116,"15, AVENUE BUGEAUD",48.8702,2.28281,Plein jour,En agglomération,Intersection en X,Normale,Autre collision,,,,,,,,,,,1,2,2,1.0,6.0
201700056078,0017-04-06 13:00:00,17,4,6,13,0,750,116,AVENUE GEORGES MANDEL,48.8632,2.28385,Plein jour,En agglomération,Hors intersection,Normale,Deux véhicules - côté,,,,,,,,,,,1,2,1,1.0,3.0
201700056079,0017-04-06 15:10:00,17,4,6,15,10,750,116,"31, BOULEVARD MURAT",48.845,2.25735,Plein jour,En agglomération,Hors intersection,Normale,Deux véhicules - côté,,,,,,,,,,,1,2,1,1.0,3.0
201700056080,0017-04-07 00:40:00,17,4,7,0,40,750,116,"15, RUE ERLANGER",48.8469,2.26154,Nuit avec éclairage allumé,En agglomération,Hors intersection,Normale,Autre collision,,,,,,,,,,,5,2,1,1.0,6.0
201700056081,0017-04-07 13:15:00,17,4,7,13,15,750,116,"96, AVENUE KLEBER",48.8657,2.28918,Plein jour,En agglomération,Hors intersection,Normale,Deux véhicules - côté,,,,,,,,,,,1,2,1,1.0,3.0
201700056082,0017-04-07 20:35:00,17,4,7,20,35,750,116,"24, BOULEVARD EXELMANS",48.8409,2.26529,Nuit avec éclairage allumé,En agglomération,Intersection à plus de 4 branches,Normale,Deux véhicules - côté,,,,,,,,,,,5,2,5,1.0,3.0
201700056083,0017-04-08 01:00:00,17,4,8,1,0,750,116,"46, AVENUE MOZART",48.8555,2.2702,Nuit avec éclairage allumé,En agglomération,Intersection en X,Normale,Deux véhicules - côté,,,,,,,,,,,5,2,2,1.0,3.0
201700056084,0017-04-08 05:00:00,17,4,8,5,0,750,108,"152, AVENUE DES CHAMPS E",48.8731,2.29709,Nuit avec éclairage allumé,En agglomération,Place,Normale,Trois véhicules et plus - en chaîne,,,,,,,,,,,5,2,7,1.0,4.0
201700056085,0017-04-08 08:25:00,17,4,8,8,25,750,116,PLACE CHARLES DE GAULLE,48.874,2.29417,Plein jour,En agglomération,Place,Normale,Deux véhicules - côté,,,,,,,,,,,1,2,7,1.0,3.0
201700056086,0017-04-06 20:00:00,17,4,6,20,0,750,116,BOULEVARD D AUTEUIL,48.8455,2.25351,Crépuscule ou aube,En agglomération,Hors intersection,Normale,Autre collision,,,,,,,,,,,2,2,1,1.0,6.0
201700056087,0017-04-09 14:25:00,17,4,9,14,25,750,116,AVENUE THEOPHILE GAUTIER,48.8485,2.27015,Plein jour,En agglomération,Intersection en X,Normale,Deux véhicules - côté,,,,,,,,,,,1,2,2,1.0,3.0
201700056088,0017-04-10 11:45:00,17,4,10,11,45,750,116,PLACE DE LA PORTE D AUTE,48.8486,2.25915,Plein jour,En agglomération,Place,Normale,Deux véhicules - côté,,,,,,,,,,,1,2,7,1.0,3.0
201700056089,0017-04-10 12:45:00,17,4,10,12,45,750,116,PLACE D IENA,48.8647,2.29453,Plein jour,En agglomération,Place,Normale,Deux véhicules - côté,,,,,,,,,,,1,2,7,1.0,3.0
201700056090,0017-04-11 16:00:00,17,4,11,16,0,750,116,AVENUE FOCH,48.8727,2.28452,Plein jour,En agglomération,Intersection à plus de 4 branches,Normale,Deux véhicules - côté,,,,,,,,,,,1,2,5,1.0,3.0
201700056091,0017-04-11 18:25:00,17,4,11,18,25,750,116,CARREFOUR DE LONGCHAMP,48.8638,2.24025,Plein jour,En agglomération,Place,Normale,Deux véhicules - arrière,,,,,,,,,,,1,2,7,1.0,2.0
201700056092,0017-04-13 14:40:00,17,4,13,14,40,750,116,AVENUE DU PRESIDENT KENN,48.8523,2.28014,Plein jour,En agglomération,Hors intersection,Normale,Sans collision,,,,,,,,,,,1,2,1,1.0,7.0
201700056093,0017-04-15 19:20:00,17,4,15,19,20,750,116,"2, PLACE DE MEXICO",48.8655,2.28355,Plein jour,En agglomération,Place,Pluie légère,Autre collision,,,,,,,,,,,1,2,7,2.0,6.0
201700056094,0017-04-17 11:20:00,17,4,17,11,20,750,116,AVENUE FOCH,48.8718,2.27641,Plein jour,En agglomération,Intersection en X,Pluie légère,Deux véhicules - côté,,,,,,,,,,,1,2,2,2.0,3.0
201700056095,0017-04-18 12:00:00,17,4,18,12,0,750,116,PORTE DAUPHINE,48.8721,2.27549,Plein jour,En agglomération,Giratoire,Pluie légère,Deux véhicules - côté,,,,,,,,,,,1,2,6,2.0,3.0
201700056096,0017-04-18 20:45:00,17,4,18,20,45,750,116,ALLEE DE LONGCHAMP,48.8655,2.24489,Nuit avec éclairage allumé,En agglomération,Intersection en X,Normale,Deux véhicules - côté,,,,,,,,,,,5,2,2,1.0,3.0
201700056097,0017-04-19 12:25:00,17,4,19,12,25,750,116,"133, AVENUE DE VERSAILLE",48.8426,2.26863,Plein jour,En agglomération,Hors intersection,Normale,Deux véhicules - côté,,,,,,,,,,,1,2,1,1.0,3.0
201700056098,0017-04-19 17:30:00,17,4,19,17,30,750,116,PLACE CHARLES DE GAULLE,48.8737,2.29411,Plein jour,En agglomération,Place,Normale,Deux véhicules - côté,,,,,,,,,,,1,2,7,1.0,3.0
201700056099,0017-04-20 19:20:00,17,4,20,19,20,750,116,"98, AVENUE D IENA",48.8723,2.29527,Plein jour,En agglomération,Intersection en X,Normale,Deux véhicules - côté,,,,,,,,,,,1,2,2,1.0,3.0
201700056100,0017-04-22 22:00:00,17,4,22,22,0,750,116,"13, RUE DES SABLONS",48.866,2.28367,Nuit avec éclairage allumé,En agglomération,Hors intersection,Normale,Deux véhicules - côté,,,,,,,,,,,5,2,1,1.0,3.0
201700056101,0017-04-23 01:40:00,17,4,23,1,40,750,116,PLACE DE LA PORTE DE SAI,48.837,2.25596,Plein jour,En agglomération,Intersection en X,Normale,Deux véhicules - côté,,,,,,,,,,,1,2,2,1.0,3.0
201700056102,0017-04-24 03:50:00,17,4,24,3,50,750,116,"126, AVENUE DE VERSAILLE",48.8421,2.26777,Nuit avec éclairage non allumé,En agglomération,Hors intersection,Normale,Autre collision,,,,,,,,,,,4,2,1,1.0,6.0
201700056103,0017-04-24 10:55:00,17,4,24,10,55,750,116,BOULEVARD PERIPHERIQUE I,48.8598,2.26323,Plein jour,En agglomération,Hors intersection,Normale,Deux véhicules - côté,,,,,,,,,,,1,2,1,1.0,3.0
201700056104,0017-04-25 12:30:00,17,4,25,12,30,750,116,ALLEE DE LONGCHAMP,48.8707,2.25918,Plein jour,En agglomération,Intersection en X,Normale,Autre collision,,,,,,,,,,,1,2,2,1.0,6.0
201700056105,0017-04-25 13:10:00,17,4,25,13,10,750,116,BOULEVARD DE L AMIRAL BR,48.8759,2.28122,Plein jour,En agglomération,Intersection en T,Normale,Deux véhicules - côté,,,,,,,,,,,1,2,3,1.0,3.0
201700056106,0017-04-25 18:52:00,17,4,25,18,52,750,116,AVENUE HENRI MARTIN,48.8642,2.27493,Plein jour,En agglomération,Intersection en X,Normale,Deux véhicules - côté,,,,,,,,,,,1,2,2,1.0,3.0
201700056107,0017-04-27 16:00:00,17,4,27,16,0,750,116,"30, QUAI SAINT EXUPERY",48.8351,2.2625,Plein jour,En agglomération,Hors intersection,Normale,Deux véhicules - arrière,,,,,,,,,,,1,2,1,1.0,2.0
201700056108,0017-04-29 20:10:00,17,4,29,20,10,750,116,RUE DE LONGCHAMP,48.8652,2.28536,Crépuscule ou aube,En agglomération,Intersection en T,Normale,Autre collision,,,,,,,,,,,2,2,3,1.0,6.0