accident_id,datetime,annee,mois,jour,heure,minute,departement,commune_insee,adresse,latitude,longitude,luminosite,agglomeration,intersection,meteo,collision,nb_vehicules,nb_usagers,nb_indemnes,nb_tues,nb_blesses_hosp,nb_blesses_legers,age_cond_1,age_cond_2,veh_type_cond_1,veh_type_cond_2,lum_code,agg_code,int_code,atm_code,col_code
201700056109,0017-04-30 19:13:00,17,4,30,19,13,750,116,AVENUE FOCH,48.8712,2.27614,Crépuscule ou aube,En agglomération,Intersection en X,Pluie forte,Deux véhicules - côté,,,,,,,,,,,2,2,2,3.0,3.0
201700056110,0017-05-02 20:10:00,17,5,2,20,10,750,116,PLACE DE LA PORTE D AUTE,48.8486,2.25915,Crépuscule ou aube,En agglomération,Place,Normale,Deux véhicules - côté,,,,,,,,,,,2,2,7,1.0,3.0
201700056111,0017-05-03 01:32:00,17,5,3,1,32,750,116,"03, RUE GUY DE MAUPASSAN",48.8628,2.27353,Nuit avec éclairage allumé,En agglomération,Hors intersection,Pluie légère,Autre collision,,,,,,,,,,,5,2,1,2.0,6.0
201700056112,0017-05-04 18:05:00,17,5,4,18,5,750,116,"1, AVENUE PAUL DOUMER",48.8619,2.28613,Plein jour,En agglomération,Place,Normale,Deux véhicules - côté,,,,,,,,,,,1,2,7,1.0,3.0
201700056113,0017-05-05 09:25:00,17,5,5,9,25,750,116,AVENUE DE LA PORTE DE SA,48.8384,2.25405,Plein jour,En agglomération,Intersection en X,Normale,Deux véhicules - côté,,,,,,,,,,,1,2,2,1.0,3.0
201700056114,0017-05-05 11:50:00,17,5,5,11,50,750,116,AVENUE DE NEW YORK,48.8607,2.29152,Plein jour,En agglomération,Hors intersection,Normale,Autre collision,,,,,,,,,,,1,2,1,1.0,6.0
201700056115,0017-05-05 18:00:00,17,5,5,18,0,750,116,AVENUE DU PRESIDENT KENN,48.8529,2.28104,Plein jour,En agglomération,Intersection en T,Normale,Deux véhicules - côté,,,,,,,,,,,1,2,3,1.0,3.0
201700056116,0017-05-06 05:20:00,17,5,6,5,20,750,116,AVENUE ALBERT DE MUN,48.8629,2.29191,Nuit avec éclairage allumé,En agglomération,Intersection en X,Normale,Deux véhicules - arrière,,,,,,,,,,,5,2,2,1.0,2.0
201700056117,0017-05-07 12:00:00,17,5,7,12,0,750,116,"49, AVENUE DE LA GRANDE",48.8758,2.28866,Plein jour,En agglomération,Hors intersection,Normale,Deux véhicules - côté,,,,,,,,,,,1,2,1,1.0,3.0
201700056118,0017-05-07 11:20:00,17,5,7,11,20,750,116,"37, RUE MOLITOR",48.8452,2.26189,Plein jour,En agglomération,Intersection en X,Normale,Deux véhicules - côté,,,,,,,,,,,1,2,2,1.0,3.0
201700056119,0017-05-09 14:20:00,17,5,9,14,20,750,116,"2, AVENUE DE LA PORTE DE",48.8387,2.25389,Plein jour,En agglomération,Intersection en Y,Normale,Deux véhicules - côté,,,,,,,,,,,1,2,4,1.0,3.0
201700056120,0017-05-10 04:10:00,17,5,10,4,10,750,116,"8, AVENUE DE NEW YORK",48.864,2.29928,Nuit avec éclairage allumé,En agglomération,Hors intersection,Normale,Sans collision,,,,,,,,,,,5,2,1,1.0,7.0
201700056121,0017-05-11 11:00:00,17,5,11,11,0,750,116,"134, BOULEVARD EXELMANS",48.8472,2.2592,Plein jour,En agglomération,Hors intersection,Normale,Autre collision,,,,,,,,,,,1,2,1,1.0,6.0
201700056122,0017-05-12 23:10:00,17,5,12,23,10,750,116,"11, AVENUE D EYLAU",48.864,2.28547,Nuit avec éclairage allumé,En agglomération,Hors intersection,Normale,Deux véhicules - côté,,,,,,,,,,,5,2,1,1.0,3.0
201700056123,0017-05-14 19:10:00,17,5,14,19,10,750,116,PLACE DES GENERAUX DE TR,48.8724,2.27715,Plein jour,En agglomération,Place,Normale,Deux véhicules - côté,,,,,,,,,,,1,2,7,1.0,3.0
201700056124,0017-05-15 09:00:00,17,5,15,9,0,750,116,"67, AVENUE VICTOR HUGO",48.8707,2.28765,Plein jour,En agglomération,Intersection en T,Normale,Deux véhicules - côté,,,,,,,,,,,1,2,3,1.0,3.0
201700056125,0017-05-15 13:30:00,17,5,15,13,30,750,116,ALLEE DU BORD DE L EAU,48.853,2.22626,Plein jour,En agglomération,Intersection en Y,Normale,Deux véhicules - arrière,,,,,,,,,,,1,2,4,1.0,2.0
201700056126,0017-05-17 09:05:00,17,5,17,9,5,750,116,"115, AVENUE HENRI MARTIN",48.8631,2.26982,Plein jour,En agglomération,Intersection en T,Normale,Autre collision,,,,,,,,,,,1,2,3,1.0,6.0
201700056127,0017-05-17 12:30:00,17,5,17,12,30,750,116,"6, RUE RAYNOUARD",48.8579,2.28405,Plein jour,En agglomération,Hors intersection,Normale,Autre collision,,,,,,,,,,,1,2,1,1.0,6.0
201700056128,0017-05-19 13:45:00,17,5,19,13,45,750,116,"14, AVENUE DU PRESIDENT",48.865,2.29589,Plein jour,En agglomération,Intersection en T,Pluie légère,Deux véhicules - côté,,,,,,,,,,,1,2,3,2.0,3.0
201700056129,0017-05-20 00:20:00,17,5,20,0,20,750,116,"10, RUE DE LA POMPE",48.8595,2.27519,Nuit avec éclairage allumé,En agglomération,Intersection à plus de 4 branches,Temps couvert,Sans collision,,,,,,,,,,,5,2,5,8.0,7.0
201700056130,0017-05-21 07:20:00,17,5,21,7,20,750,116,"109, BOULEVARD MURAT",48.8388,2.25681,Plein jour,En agglomération,Hors intersection,Normale,Deux véhicules - arrière,,,,,,,,,,,1,2,1,1.0,2.0
201700056131,0017-05-21 09:50:00,17,5,21,9,50,750,116,ALLEE DE LONGCHAMP,48.8665,2.24768,Plein jour,En agglomération,Hors intersection,Normale,Autre collision,,,,,,,,,,,1,2,1,1.0,6.0
201700056132,0017-05-21 13:15:00,17,5,21,13,15,750,116,"1, RUE LARGILLIERE",48.8575,2.27286,Plein jour,En agglomération,Hors intersection,Normale,Autre collision,,,,,,,,,,,1,2,1,1.0,6.0
201700056133,0017-05-22 09:15:00,17,5,22,9,15,750,116,AVENUE DE LA PORTE D AUT,48.8481,2.25304,Plein jour,En agglomération,Intersection en Y,Normale,Deux véhicules - côté,,,,,,,,,,,1,2,4,1.0,3.0
201700056134,0017-05-22 19:45:00,17,5,22,19,45,750,116,RUE COPERNIC,48.8691,2.2898,Plein jour,En agglomération,Intersection en X,Temps éblouissant,Autre collision,,,,,,,,,,,1,2,2,7.0,6.0
201700056135,0017-05-20 13:30:00,17,5,20,13,30,750,116,AVENUE D IENA,48.8705,2.29555,Plein jour,En agglomération,Intersection en X,Normale,Deux véhicules - côté,,,,,,,,,,,1,2,2,1.0,3.0
201700056136,0017-05-24 17:20:00,17,5,24,17,20,750,116,"63, AVENUE DE VERSAILLES",48.8474,2.27371,Plein jour,En agglomération,Intersection en T,Normale,Deux véhicules - côté,,,,,,,,,,,1,2,3,1.0,3.0
201700056137,0017-05-26 10:10:00,17,5,26,10,10,750,116,PLACE DE LA PORTE DE SAI,48.8375,2.25684,Plein jour,En agglomération,Place,Normale,Deux véhicules - côté,,,,,,,,,,,1,2,7,1.0,3.0
201700056138,0017-05-27 11:20:00,17,5,27,11,20,750,116,AVENUE DE NEW YORK,48.8588,2.28906,Plein jour,En agglomération,Intersection en Y,Normale,Deux véhicules - arrière,,,,,,,,,,,1,2,4,1.0,2.0
201700056139,0017-05-27 16:35:00,17,5,27,16,35,750,116,ROUTE DE SURESNES,48.8641,2.23629,Plein jour,En agglomération,Intersection en X,Normale,Deux véhicules - côté,,,,,,,,,,,1,2,2,1.0,3.0
201700056140,0017-05-28 22:04:00,17,5,28,22,4,750,116,"80, AVENUE VICTOR HUGO",48.8694,2.28538,Nuit avec éclairage allumé,En agglomération,Place,Normale,Autre collision,,,,,,,,,,,5,2,7,1.0,6.0
201700056141,0017-05-27 13:35:00,17,5,27,13,35,750,116,PLACE DE LA PORTE DE SAI,48.8384,2.25701,Plein jour,En agglomération,Place,Normale,Deux véhicules - côté,,,,,,,,,,,1,2,7,1.0,3.0
201700056142,0017-05-29 11:00:00,17,5,29,11,0,750,116,ROUTE DE LA PTE DAUPHINE,48.8749,2.27109,Plein jour,En agglomération,Intersection à plus de 4 branches,Normale,Deux véhicules - côté,,,,,,,,,,,1,2,5,1.0,3.0
201700056143,0017-05-30 11:00:00,17,5,30,11,0,750,116,AVENUE DE LA PORTE DE SA,48.8384,2.25405,Plein jour,En agglomération,Intersection en X,Normale,Deux véhicules - côté,,,,,,,,,,,1,2,2,1.0,3.0
201700056144,0017-06-01 09:45:00,17,6,1,9,45,750,116,AVENUE DE SAINT CLOUD,48.8558,2.25187,Plein jour,En agglomération,Hors intersection,Normale,Deux véhicules - côté,,,,,,,,,,,1,2,1,1.0,3.0
201700056145,0017-06-01 16:45:00,17,6,1,16,45,750,116,"02, RUE BEETHOVEN",48.8579,2.28795,Plein jour,En agglomération,Intersection en T,Normale,Autre collision,,,,,,,,,,,1,2,3,1.0,6.0
201700056146,0017-06-02 00:15:00,17,6,2,0,15,750,116,ALLEE DE LA REINE MARGUE,48.8557,2.24299,Nuit avec éclairage allumé,En agglomération,Hors intersection,Normale,Autre collision,,,,,,,,,,,5,2,1,1.0,6.0
201700056147,0017-06-04 18:30:00,17,6,4,18,30,750,116,"156, AVENUE DE VERSAILLE",48.8405,2.26464,Plein jour,En agglomération,Hors intersection,Normale,Deux véhicules - côté,,,,,,,,,,,1,2,1,1.0,3.0
201700056148,0017-06-05 15:55:00,17,6,5,15,55,750,116,"41, BOULEVARD LANNES",48.8664,2.27141,Plein jour,En agglomération,Hors intersection,Normale,Autre collision,,,,,,,,,,,1,2,1,1.0,6.0
201700056149,0017-06-05 16:40:00,17,6,5,16,40,750,116,AVENUE EDOUARD VAILLANT,48.8367,2.25353,Plein jour,En agglomération,Intersection à plus de 4 branches,Normale,Autre collision,,,,,,,,,,,1,2,5,1.0,6.0
201700056150,0017-06-06 10:50:00,17,6,6,10,50,750,116,AVENUE RAYMOND POINCARE,48.8715,2.28484,Plein jour,En agglomération,Intersection en T,Normale,Deux véhicules - arrière,,,,,,,,,,,1,2,3,1.0,2.0
201700056151,0017-06-07 08:50:00,17,6,7,8,50,750,116,ALLEE DE LONGCHAMP,48.8693,2.25545,Plein jour,En agglomération,Hors intersection,Normale,Trois véhicules et plus - en chaîne,,,,,,,,,,,1,2,1,1.0,4.0
201700056152,0017-06-07 09:00:00,17,6,7,9,0,750,116,PLACE DE LA PORTE DE SAI,48.838,2.25759,Plein jour,En agglomération,Place,Normale,Deux véhicules - arrière,,,,,,,,,,,1,2,7,1.0,2.0
201700056153,0017-06-09 10:15:00,17,6,9,10,15,750,116,RUE DU RANELAGH,48.8542,2.27552,Plein jour,En agglomération,Intersection à plus de 4 branches,Pluie légère,Deux véhicules - côté,,,,,,,,,,,1,2,5,2.0,3.0
201700056154,0017-06-09 13:00:00,17,6,9,13,0,750,116,"1, RUE DUBAN",48.8562,2.27785,Plein jour,En agglomération,Intersection en X,Normale,Autre collision,,,,,,,,,,,1,2,2,1.0,6.0
201700056155,0017-06-10 09:10:00,17,6,10,9,10,750,116,AVENUE MARCEAU,48.8704,2.29784,Plein jour,En agglomération,Hors intersection,Normale,Autre collision,,,,,,,,,,,1,2,1,1.0,6.0
201700056156,0017-06-10 14:25:00,17,6,10,14,25,750,116,"49, AVENUE FOCH",48.8719,2.28256,Plein jour,En agglomération,Intersection en Y,Normale,Autre collision,,,,,,,,,,,1,2,4,1.0,6.0
201700056157,0017-06-10 14:00:00,17,6,10,14,0,750,116,AVENUE FOCH,48.8727,2.28452,Plein jour,En agglomération,Intersection en X,Normale,Deux véhicules - côté,,,,,,,,,,,1,2,2,1.0,3.0
201700056158,0017-06-12 11:30:00,17,6,12,11,30,750,116,PLACE DU MARECHAL DE LAT,48.8718,2.2741,Plein jour,En agglomération,Place,Normale,Deux véhicules - arrière,,,,,,,,,,,1,2,7,1.0,2.0
201700056159,0017-06-12 15:45:00,17,6,12,15,45,750,116,"97, BOULEVARD MURAT",48.8399,2.2563,Plein jour,En agglomération,Place,Normale,Autre collision,,,,,,,,,,,1,2,7,1.0,6.0
201700056160,0017-06-13 09:50:00,17,6,13,9,50,750,116,"79, RUE DE PASSY",48.858,2.27685,Plein jour,En agglomération,Intersection en T,Normale,Autre collision,,,,,,,,,,,1,2,3,1.0,6.0
201700056161,0017-06-13 14:45:00,17,6,13,14,45,750,116,"12, AVENUE DU COLONEL BO",48.8555,2.27823,Plein jour,En agglomération,Hors intersection,Normale,Autre collision,,,,,,,,,,,1,2,1,1.0,6.0
201700056162,0017-06-13 17:30:00,17,6,13,17,30,750,116,"97, RUE DU RANELAGH",48.8555,2.2702,Plein jour,En agglomération,Intersection en X,Normale,Autre collision,,,,,,,,,,,1,2,2,1.0,6.0
201700056163,0017-06-13 18:30:00,17,6,13,18,30,750,116,"01/03, RUE LE MAROIS",48.8396,2.26284,Plein jour,En agglomération,Place,Normale,Autre collision,,,,,,,,,,,1,2,7,1.0,6.0
201700056164,0017-06-14 08:50:00,17,6,14,8,50,750,116,CARREFOUR DU BOUT DES LA,48.8684,2.26572,Plein jour,En agglomération,Intersection en X,Normale,Deux véhicules - arrière,,,,,,,,,,,1,2,2,1.0,2.0
201700056165,0017-06-14 09:30:00,17,6,14,9,30,750,116,ALLEE DU BORD DE L EAU,48.853,2.22626,Plein jour,En agglomération,Intersection en X,Normale,Autre collision,,,,,,,,,,,1,2,2,1.0,6.0
201700056166,0017-06-14 09:30:00,17,6,14,9,30,750,116,"37, BOULEVARD DE L AMIRA",48.8754,2.28004,Plein jour,En agglomération,Hors intersection,Normale,Deux véhicules - côté,,,,,,,,,,,1,2,1,1.0,3.0
201700056167,0017-06-14 16:45:00,17,6,14,16,45,750,116,AVENUE PAUL DOUMER,48.8612,2.28425,Plein jour,En agglomération,Intersection en T,Normale,Deux véhicules - côté,,,,,,,,,,,1,2,3,1.0,3.0
201700056168,0017-06-14 18:45:00,17,6,14,18,45,750,116,RUE DUFRENOY,48.8666,2.27228,Plein jour,En agglomération,Intersection en T,Normale,Autre collision,,,,,,,,,,,1,2,3,1.0,6.0
201700056169,0017-06-15 08:40:00,17,6,15,8,40,750,116,AVENUE DU PRESIDENT KENN,48.8529,2.28104,Plein jour,En agglomération,Intersection en T,Normale,Deux véhicules - côté,,,,,,,,,,,1,2,3,1.0,3.0
201700056170,0017-06-16 10:20:00,17,6,16,10,20,750,116,"08, RUE YVON VILLARCEAU",48.8688,2.2873,Plein jour,En agglomération,Hors intersection,Normale,Deux véhicules - arrière,,,,,,,,,,,1,2,1,1.0,2.0
201700056171,0017-06-16 20:00:00,17,6,16,20,0,750,117,RUE GUILLAUME TELL,48.8844,2.29438,Plein jour,En agglomération,Intersection en X,Normale,Deux véhicules - côté,,,,,,,,,,,1,2,2,1.0,3.0
201700056172,0017-06-17 01:50:00,17,6,17,1,50,750,116,PLACE CLEMENT ADER,48.8513,2.27844,Nuit avec éclairage allumé,En agglomération,Place,Normale,Deux véhicules - côté,,,,,,,,,,,5,2,7,1.0,3.0
201700056173,0017-06-18 19:00:00,17,6,18,19,0,750,116,PLACE DE LA PORTE D AUTE,48.8487,2.25772,Plein jour,En agglomération,Place,Normale,Deux véhicules - côté,,,,,,,,,,,1,2,7,1.0,3.0
201700056174,0017-06-18 19:30:00,17,6,18,19,30,750,116,AVENUE D IENA,48.8723,2.29527,Plein jour,En agglomération,Intersection en X,Normale,Deux véhicules - côté,,,,,,,,,,,1,2,2,1.0,3.0
201700056175,0017-06-15 19:40:00,17,6,15,19,40,750,116,BOULEVARD PERIPHERIQUE E,48.8353,2.25975,Plein jour,En agglomération,Hors intersection,Normale,Deux véhicules - arrière,,,,,,,,,,,1,2,1,1.0,2.0
201700056176,0017-06-19 10:00:00,17,6,19,10,0,750,116,"89, AVENUE DE LA GRANDE",48.8774,2.28374,Plein jour,En agglomération,Place,Normale,Autre collision,,,,,,,,,,,1,2,7,1.0,6.0
201700056177,0017-06-19 14:10:00,17,6,19,14,10,750,116,ROUTE DE SEVRES A NEUILL,48.8623,2.23822,Plein jour,En agglomération,Intersection en X,Normale,Deux véhicules - côté,,,,,,,,,,,1,2,2,1.0,3.0
201700056178,0017-06-19 19:30:00,17,6,19,19,30,750,116,"18, RUE JEAN DE LA FONTA",48.8521,2.27449,Plein jour,En agglomération,Hors intersection,Normale,Deux véhicules - côté,,,,,,,,,,,1,2,1,1.0,3.0
201700056179,0017-06-23 10:20:00,17,6,23,10,20,750,116,AVENUE DE VERSAILLES,48.8507,2.27788,Plein jour,En agglomération,Intersection en T,Normale,Deux véhicules - côté,,,,,,,,,,,1,2,3,1.0,3.0
201700056180,0017-06-23 15:30:00,17,6,23,15,30,750,116,BOULEVARD PERIPHERIQUE E,48.8757,2.27709,Plein jour,En agglomération,Hors intersection,Normale,Deux véhicules - arrière,,,,,,,,,,,1,2,1,1.0,2.0
201700056181,0017-06-22 17:00:00,17,6,22,17,0,750,116,"68, AVENUE D IENA",48.8705,2.29555,Plein jour,En agglomération,Intersection en X,Normale,Deux véhicules - côté,,,,,,,,,,,1,2,2,1.0,3.0
201700056182,0017-06-23 20:40:00,17,6,23,20,40,750,116,"04, AVENUE RAYMOND POINC",48.864,2.28675,Plein jour,En agglomération,Hors intersection,Normale,Deux véhicules - côté,,,,,,,,,,,1,2,1,1.0,3.0
201700056183,0017-06-24 09:50:00,17,6,24,9,50,750,116,AVENUE DE VERSAILLES,48.8461,2.27243,Plein jour,En agglomération,Intersection en T,Normale,Deux véhicules - arrière,,,,,,,,,,,1,2,3,1.0,2.0
201700056184,0017-06-25 11:40:00,17,6,25,11,40,750,116,"21, RUE CLAUDE TERRASSE",48.839,2.26261,Plein jour,En agglomération,Hors intersection,Normale,Autre collision,,,,,,,,,,,1,2,1,1.0,6.0
201700056185,0017-06-25 23:00:00,17,6,25,23,0,750,116,RUE DE LA POMPE,48.8595,2.27519,Nuit avec éclairage allumé,En agglomération,Intersection en X,Normale,Autre collision,,,,,,,,,,,5,2,2,1.0,6.0
201700056186,0017-06-26 08:55:00,17,6,26,8,55,750,116,AVENUE DES NATIONS UNIES,48.8618,2.29159,Plein jour,En agglomération,Hors intersection,Normale,Autre collision,,,,,,,,,,,1,2,1,1.0,6.0
201700056187,0017-06-27 11:50:00,17,6,27,11,50,750,116,"98, RUE CHARDON LAGACHE",48.8399,2.26289,Plein jour,En agglomération,Hors intersection,Normale,Autre collision,,,,,,,,,,,1,2,1,1.0,6.0
201700056188,0017-06-28 16:00:00,17,6,28,16,0,750,116,QUAI SAINT EXUPERY,48.8365,2.2639,Plein jour,En agglomération,Intersection en T,Pluie légère,Deux véhicules - arrière,,,,,,,,,,,1,2,3,2.0,2.0
201700056189,0017-06-28 19:00:00,17,6,28,19,0,750,116,PLACE DE LA PORTE D AUTE,48.8483,2.26035,Plein jour,En agglomération,Place,Pluie légère,Deux véhicules - arrière,,,,,,,,,,,1,2,7,2.0,2.0
201700056190,0017-06-30 11:50:00,17,6,30,11,50,750,116,BOULEVARD DE L AMIRAL BR,48.8737,2.27735,Plein jour,En agglomération,Intersection en Y,Pluie légère,Deux véhicules - côté,,,,,,,,,,,1,2,4,2.0,3.0
201700056191,0017-06-30 15:10:00,17,6,30,15,10,750,116,AVENUE DU PRESIDENT KENN,48.8529,2.28104,Plein jour,En agglomération,Intersection en T,Pluie légère,Deux véhicules - côté,,,,,,,,,,,1,2,3,2.0,3.0
201700056192,0017-07-01 04:25:00,17,7,1,4,25,750,116,AVENUE INGRES,48.857,2.26641,Nuit avec éclairage allumé,En agglomération,Intersection en Y,Normale,Autre collision,,,,,,,,,,,5,2,4,1.0,6.0
201700056193,0017-07-03 18:00:00,17,7,3,18,0,750,116,"35, AVENUE VICTOR HUGO",48.8717,2.29016,Plein jour,En agglomération,Hors intersection,Normale,Autre collision,,,,,,,,,,,1,2,1,1.0,6.0
201700056194,0017-07-03 19:35:00,17,7,3,19,35,750,116,RUE CHARDON LAGACHE,48.8468,2.26834,Plein jour,En agglomération,Place,Normale,Autre collision,,,,,,,,,,,1,2,7,1.0,6.0
201700056195,0017-07-03 20:15:00,17,7,3,20,15,750,116,ROUTE DE SURESNES,48.8704,2.26987,Plein jour,En agglomération,Hors intersection,Normale,Deux véhicules - côté,,,,,,,,,,,1,2,1,1.0,3.0
201700056196,0017-07-03 23:40:00,17,7,3,23,40,750,117,"10, AVENUE DE LA GRANDE",48.8746,2.29237,Nuit avec éclairage allumé,En agglomération,Hors intersection,Normale,Deux véhicules - côté,,,,,,,,,,,5,2,1,1.0,3.0
201700056197,0017-07-04 07:50:00,17,7,4,7,50,750,116,"48, AVENUE DU PRESIDENT",48.8634,2.28854,Plein jour,En agglomération,Hors intersection,Normale,Sans collision,,,,,,,,,,,1,2,1,1.0,7.0
201700056198,0017-07-04 18:55:00,17,7,4,18,55,750,116,ALLEE DE LA REINE MARGUE,48.85,2.24193,Plein jour,En agglomération,Hors intersection,Normale,Deux véhicules - côté,,,,,,,,,,,1,2,1,1.0,3.0
201700056199,0017-07-05 18:10:00,17,7,5,18,10,750,116,"8, AVENUE DU PRESIDENT W",48.8651,2.29935,Plein jour,En agglomération,Hors intersection,Normale,Autre collision,,,,,,,,,,,1,2,1,1.0,6.0
201700056200,0017-07-06 00:20:00,17,7,6,0,20,750,116,PLACE CHARLES DE GAULLE,48.8732,2.29513,Nuit avec éclairage allumé,En agglomération,Place,Normale,Autre collision,,,,,,,,,,,5,2,7,1.0,6.0
201700056201,0017-07-06 14:46:00,17,7,6,14,46,750,116,"125, AVENUE DE VERSAILLE",48.8432,2.26945,Plein jour,En agglomération,Hors intersection,Normale,Autre collision,,,,,,,,,,,1,2,1,1.0,6.0
201700056202,0017-07-06 18:15:00,17,7,6,18,15,750,116,"/, PORTE DE SAINT CLOUD",48.8376,2.25755,Plein jour,En agglomération,Place,Normale,Deux véhicules - côté,,,,,,,,,,,1,2,7,1.0,3.0
201700056203,0017-07-06 17:20:00,17,7,6,17,20,750,116,QUAI SAINT EXUPERY,48.8355,2.26292,Plein jour,En agglomération,Hors intersection,Normale,Autre collision,,,,,,,,,,,1,2,1,1.0,6.0
201700056204,0017-07-09 14:50:00,17,7,9,14,50,750,116,AVENUE FOCH,48.8731,2.28783,Plein jour,En agglomération,Hors intersection,Normale,Trois véhicules et plus - en chaîne,,,,,,,,,,,1,2,1,1.0,4.0
201700056205,0017-07-09 18:30:00,17,7,9,18,30,750,116,AVENUE DE VERSAILLES,48.838,2.25759,Plein jour,En agglomération,Place,Pluie légère,Deux véhicules - côté,,,,,,,,,,,1,2,7,2.0,3.0
201700056206,0017-07-10 11:15:00,17,7,10,11,15,750,116,AVENUE PAUL DOUMER,48.861,2.28338,Plein jour,En agglomération,Intersection en X,Normale,Deux véhicules - côté,,,,,,,,,,,1,2,2,1.0,3.0
201700056207,0017-07-10 20:30:00,17,7,10,20,30,750,116,PLACE DU MARECHAL DE LAT,48.8711,2.27505,Plein jour,En agglomération,Place,Normale,Deux véhicules - arrière,,,,,,,,,,,1,2,7,1.0,2.0
201700056208,0017-07-12 01:45:00,17,7,12,1,45,750,116,PLACE DU TROCADERO,48.8633,2.28666,Nuit avec éclairage allumé,En agglomération,Place,Pluie forte,Deux véhicules - côté,,,,,,,,,,,5,2,7,3.0,3.0
201700056209,0017-07-12 08:40:00,17,7,12,8,40,750,116,PLACE CHARLES DE GAULLE,48.8732,2.29513,Plein jour,En agglomération,Place,Pluie légère,Autre collision,,,,,,,,,,,1,2,7,2.0,6.0
201700056210,0017-07-12 16:15:00,17,7,12,16,15,750,116,RUE POUSSIN,48.8487,2.26391,Plein jour,En agglomération,Intersection en T,Pluie légère,Deux véhicules - côté,,,,,,,,,,,1,2,3,2.0,3.0
201700056211,0017-07-13 21:50:00,17,7,13,21,50,750,116,"2, AVENUE FOCH",48.8736,2.29276,Nuit avec éclairage allumé,En agglomération,Place,Pluie légère,Autre collision,,,,,,,,,,,5,2,7,2.0,6.0
201700056212,0017-07-15 16:10:00,17,7,15,16,10,750,116,PLACE DE LA PORTE MAILLO,48.8773,2.28149,Plein jour,En agglomération,Hors intersection,Normale,Trois véhicules et plus - en chaîne,,,,,,,,,,,1,2,1,1.0,4.0
201700056213,0017-07-17 19:00:00,17,7,17,19,0,750,116,AVENUE DU MAHATMA GANDHI,48.8768,2.26634,Plein jour,En agglomération,Hors intersection,Normale,Autre collision,,,,,,,,,,,1,2,1,1.0,6.0
201700056214,0017-07-18 09:45:00,17,7,18,9,45,750,116,AVENUE DE L HIPPODROME,48.8595,2.24273,Plein jour,En agglomération,Hors intersection,Normale,Deux véhicules - côté,,,,,,,,,,,1,2,1,1.0,3.0
201700056215,0017-07-19 12:20:00,17,7,19,12,20,750,116,AVENUE DU PRESIDENT KENN,48.8529,2.28104,Plein jour,En agglomération,Intersection en T,Pluie légère,Deux véhicules - côté,,,,,,,,,,,1,2,3,2.0,3.0
201700056216,0017-07-20 07:55:00,17,7,20,7,55,750,116,AVENUE DE LA PORTE D AUT,48.848,2.24599,Plein jour,En agglomération,Intersection en Y,Normale,Autre collision,,,,,,,,,,,1,2,4,1.0,6.0
201700056217,0017-07-21 09:30:00,17,7,21,9,30,750,116,"53, BOULEVARD MURAT",48.8434,2.25655,Plein jour,En agglomération,Hors intersection,Normale,Autre collision,,,,,,,,,,,1,2,1,1.0,6.0
201700056218,0017-07-21 14:30:00,17,7,21,14,30,750,116,ALLEE DE LA REINE MARGUE,48.8546,2.2422,Plein jour,En agglomération,Hors intersection,Normale,Autre collision,,,,,,,,,,,1,2,1,1.0,6.0
201700056219,0017-07-21 18:09:00,17,7,21,18,9,750,116,"37, AVENUE KLEBER",48.869,2.29155,Plein jour,En agglomération,Intersection à plus de 4 branches,Normale,Autre collision,,,,,,,,,,,1,2,5,1.0,6.0
201700056220,0017-07-23 00:40:00,17,7,23,0,40,750,116,AVENUE DE LA PORTE D AUT,48.8479,2.25623,Nuit avec éclairage allumé,En agglomération,Intersection en X,Normale,Deux véhicules - côté,,,,,,,,,,,5,2,2,1.0,3.0
201700056221,0017-07-24 01:00:00,17,7,24,1,0,750,116,RUE JEAN DE LA FONTAINE,48.8511,2.27228,Nuit avec éclairage allumé,En agglomération,Intersection en X,Pluie légère,Deux véhicules - côté,,,,,,,,,,,5,2,2,2.0,3.0
201700056222,0017-07-24 09:20:00,17,7,24,9,20,750,116,QUAI SAINT EXUPERY,48.8346,2.26202,Plein jour,En agglomération,Intersection en T,Temps couvert,Deux véhicules - côté,,,,,,,,,,,1,2,3,8.0,3.0
201700056223,0017-07-26 23:15:00,17,7,26,23,15,750,116,PLACE DU TROCADERO ET DU,48.8634,2.2875,Nuit avec éclairage allumé,En agglomération,Place,Normale,Deux véhicules - côté,,,,,,,,,,,5,2,7,1.0,3.0
201700056224,0017-08-01 02:40:00,17,8,1,2,40,750,116,ALLEE DE LONGCHAMP,48.8658,2.24577,Nuit avec éclairage allumé,En agglomération,Hors intersection,Normale,Autre collision,,,,,,,,,,,5,2,1,1.0,6.0
201700056225,0017-08-01 17:50:00,17,8,1,17,50,750,116,AVENUE DU PRESIDENT KENN,48.8529,2.28104,Plein jour,En agglomération,Intersection à plus de 4 branches,Normale,Deux véhicules - arrière,,,,,,,,,,,1,2,5,1.0,2.0
201700056226,0017-08-02 01:30:00,17,8,2,1,30,750,116,"67, RUE LAURISTON",48.8691,2.2898,Nuit avec éclairage allumé,En agglomération,Intersection en X,Normale,Deux véhicules - côté,,,,,,,,,,,5,2,2,1.0,3.0
201700056227,0017-08-02 04:30:00,17,8,2,4,30,750,116,ROUTE DE SURESNES,48.8635,2.2387,Nuit avec éclairage allumé,En agglomération,Hors intersection,Normale,Autre collision,,,,,,,,,,,5,2,1,1.0,6.0
201700056228,0017-08-03 08:30:00,17,8,3,8,30,750,116,"32, AVENUE MOZART",48.8573,2.27299,Plein jour,En agglomération,Intersection en X,Pluie légère,Deux véhicules - frontale,,,,,,,,,,,1,2,2,2.0,1.0
201700056229,0017-08-04 07:50:00,17,8,4,7,50,750,116,"02, AVENUE DE VERSAILLES",48.8513,2.27844,Plein jour,En agglomération,Place,Normale,Autre collision,,,,,,,,,,,1,2,7,1.0,6.0
201700056230,0017-08-03 13:20:00,17,8,3,13,20,750,116,"27, BOULEVARD MURAT",48.8453,2.25751,Plein jour,En agglomération,Intersection en X,Normale,Deux véhicules - côté,,,,,,,,,,,1,2,2,1.0,3.0