accident_id,datetime,annee,mois,jour,heure,minute,departement,commune_insee,adresse,latitude,longitude,luminosite,agglomeration,intersection,meteo,collision,nb_vehicules,nb_usagers,nb_indemnes,nb_tues,nb_blesses_hosp,nb_blesses_legers,age_cond_1,age_cond_2,veh_type_cond_1,veh_type_cond_2,lum_code,agg_code,int_code,atm_code,col_code
201700056351,0017-11-06 17:00:00,17,11,6,17,0,750,116,"2, RUE BOIS LE VENT",48.8577,2.27755,Plein jour,En agglomération,Intersection en T,Normale,Autre collision,,,,,,,,,,,1,2,3,1.0,6.0
201700056352,0017-11-06 23:30:00,17,11,6,23,30,750,116,"31, AVENUE BUGEAUD",48.8705,2.28123,Nuit avec éclairage allumé,En agglomération,Intersection en Y,Normale,Deux véhicules - côté,,,,,,,,,,,5,2,4,1.0,3.0
201700056353,0017-11-08 17:00:00,17,11,8,17,0,750,116,"93, RUE DE PASSY",48.8581,2.27558,Nuit avec éclairage allumé,En agglomération,Hors intersection,Normale,Deux véhicules - arrière,,,,,,,,,,,5,2,1,1.0,2.0
201700056354,0017-11-09 15:35:00,17,11,9,15,35,750,116,AVENUE PAUL DOUMER,48.8612,2.28425,Plein jour,En agglomération,Place,Normale,Sans collision,,,,,,,,,,,1,2,7,1.0,7.0
201700056355,0017-11-10 07:00:00,17,11,10,7,0,750,116,AVENUE HENRI MARTIN,48.864,2.27734,Crépuscule ou aube,En agglomération,Intersection en X,Temps couvert,Deux véhicules - côté,,,,,,,,,,,2,2,2,8.0,3.0
201700056356,0017-11-10 20:20:00,17,11,10,20,20,750,116,AVENUE DE VERSAILLES,48.8409,2.26529,Nuit avec éclairage allumé,En agglomération,Intersection en X,Normale,Deux véhicules - côté,,,,,,,,,,,5,2,2,1.0,3.0
201700056357,0017-11-11 04:50:00,17,11,11,4,50,750,116,AVENUE DE LA PORTE D AUT,48.8481,2.25304,Nuit avec éclairage allumé,En agglomération,Intersection en Y,Pluie légère,Sans collision,,,,,,,,,,,5,2,4,2.0,7.0
201700056358,0017-11-13 09:30:00,17,11,13,9,30,750,116,AVENUE FOCH,48.8727,2.28452,Plein jour,En agglomération,Intersection en X,Normale,Deux véhicules - côté,,,,,,,,,,,1,2,2,1.0,3.0
201700056359,0017-11-13 18:10:00,17,11,13,18,10,750,116,"45, RUE DE BOULAINVILLIE",48.8555,2.27508,Crépuscule ou aube,En agglomération,Intersection en Y,Normale,Deux véhicules - arrière,,,,,,,,,,,2,2,4,1.0,2.0
201700056360,0017-11-13 19:00:00,17,11,13,19,0,750,116,"65, AVENUE RAYMOND POINC",48.8677,2.28581,Nuit avec éclairage allumé,En agglomération,Hors intersection,Normale,Deux véhicules - côté,,,,,,,,,,,5,2,1,1.0,3.0
201700056361,0017-11-14 08:40:00,17,11,14,8,40,750,116,ROUTE DES LACS A PASSY,48.8581,2.26219,Plein jour,En agglomération,Hors intersection,Normale,Deux véhicules - côté,,,,,,,,,,,1,2,1,1.0,3.0
201700056362,0017-11-14 08:15:00,17,11,14,8,15,750,116,"176, QUAI LOUIS BLERIOT",48.8393,2.26686,Plein jour,En agglomération,Intersection en T,Normale,Autre collision,,,,,,,,,,,1,2,3,1.0,6.0
201700056363,0017-11-14 19:40:00,17,11,14,19,40,750,116,CARREFOUR DES CASCADES,48.8585,2.25726,Nuit avec éclairage allumé,En agglomération,Hors intersection,Normale,Autre collision,,,,,,,,,,,5,2,1,1.0,6.0
201700056364,0017-11-16 09:48:00,17,11,16,9,48,750,116,AVENUE DU PRESIDENT WILS,48.8631,2.28804,Plein jour,En agglomération,Place,Normale,Deux véhicules - côté,,,,,,,,,,,1,2,7,1.0,3.0
201700056365,0017-11-16 08:50:00,17,11,16,8,50,750,116,ALLEE DE LONGCHAMP,48.8689,2.25437,Plein jour,En agglomération,Intersection en Y,Normale,Deux véhicules - côté,,,,,,,,,,,1,2,4,1.0,3.0
201700056366,0017-11-17 09:12:00,17,11,17,9,12,750,116,ROUTE DE SURESNES,48.8684,2.26572,Plein jour,En agglomération,Place,Pluie légère,Deux véhicules - côté,,,,,,,,,,,1,2,7,2.0,3.0
201700056367,0017-11-18 05:15:00,17,11,18,5,15,750,116,"15, AVENUE DE LA GRANDE",48.875,2.29131,Nuit avec éclairage allumé,En agglomération,Hors intersection,Normale,Autre collision,,,,,,,,,,,5,2,1,1.0,6.0
201700056368,0017-11-19 19:20:00,17,11,19,19,20,750,116,BOULEVARD PERIPHERIQUE E,48.8584,2.26058,Nuit avec éclairage allumé,En agglomération,Hors intersection,Normale,Trois véhicules et plus - en chaîne,,,,,,,,,,,5,2,1,1.0,4.0
201700056369,0017-11-20 17:30:00,17,11,20,17,30,750,116,ROUTE DE SURESNES,48.8702,2.26945,Nuit avec éclairage allumé,En agglomération,Hors intersection,Normale,Deux véhicules - côté,,,,,,,,,,,5,2,1,1.0,3.0
201700056370,0017-11-17 17:50:00,17,11,17,17,50,750,116,PLACE DU DOCTEUR PAUL MI,48.8383,2.25576,Crépuscule ou aube,En agglomération,Intersection en X,Normale,Autre collision,,,,,,,,,,,2,2,2,1.0,6.0
201700056371,0017-11-18 15:45:00,17,11,18,15,45,750,116,"78, BOULEVARD EXELMANS",48.8432,2.26015,Plein jour,En agglomération,Intersection en X,Normale,Deux véhicules - côté,,,,,,,,,,,1,2,2,1.0,3.0
201700056372,0017-11-21 19:00:00,17,11,21,19,0,750,116,ROUTE DE SURESNES,48.8711,2.27243,Nuit avec éclairage allumé,En agglomération,Intersection en Y,Normale,Deux véhicules - côté,,,,,,,,,,,5,2,4,1.0,3.0
201700056373,0017-11-22 12:30:00,17,11,22,12,30,750,116,ROUTE DE LA PTE DAUPHINE,48.8749,2.27109,Plein jour,En agglomération,Intersection en X,Normale,Deux véhicules - arrière,,,,,,,,,,,1,2,2,1.0,2.0
201700056374,0017-11-23 22:20:00,17,11,23,22,20,750,116,PLACE DE VARSOVIE,48.8609,2.29148,Nuit avec éclairage allumé,En agglomération,Place,Pluie forte,Deux véhicules - côté,,,,,,,,,,,5,2,7,3.0,3.0
201700056375,0017-11-24 02:50:00,17,11,24,2,50,750,116,"13, AVENUE PERRICHONT",48.8499,2.2722,Nuit avec éclairage allumé,En agglomération,Intersection en X,Pluie légère,Autre collision,,,,,,,,,,,5,2,2,2.0,6.0
201700056376,0017-11-24 07:05:00,17,11,24,7,5,750,116,AVENUE FOCH,48.8718,2.27641,Crépuscule ou aube,En agglomération,Intersection en X,Pluie forte,Autre collision,,,,,,,,,,,2,2,2,3.0,6.0
201700056377,0017-11-25 13:55:00,17,11,25,13,55,750,116,AVENUE DE NEW YORK,48.8613,2.29233,Plein jour,En agglomération,Hors intersection,Normale,Trois véhicules et plus - en chaîne,,,,,,,,,,,1,2,1,1.0,4.0
201700056378,0017-11-25 12:20:00,17,11,25,12,20,750,116,"25, RUE BOISSIERE",48.8664,2.29112,Plein jour,En agglomération,Intersection en T,Normale,Deux véhicules - côté,,,,,,,,,,,1,2,3,1.0,3.0
201700056379,0017-11-26 20:15:00,17,11,26,20,15,750,116,", AVENUE DE VERSAILLES",48.8409,2.26529,Nuit avec éclairage allumé,En agglomération,Intersection en X,Normale,Deux véhicules - côté,,,,,,,,,,,5,2,2,1.0,3.0
201700056380,0017-11-28 08:45:00,17,11,28,8,45,750,116,"12, RUE RAYNOUARD",48.8576,2.28364,Plein jour,En agglomération,Hors intersection,Pluie légère,Autre collision,,,,,,,,,,,1,2,1,2.0,6.0
201700056381,0017-11-28 08:40:00,17,11,28,8,40,750,116,"50, RUE DE LA TOUR",48.8598,2.28176,Plein jour,En agglomération,Hors intersection,Normale,Deux véhicules - côté,,,,,,,,,,,1,2,1,1.0,3.0
201700056382,0017-11-28 18:30:00,17,11,28,18,30,750,116,"31, RUE DE LA POMPE",48.8608,2.2752,Nuit avec éclairage allumé,En agglomération,Intersection en T,Normale,Autre collision,,,,,,,,,,,5,2,3,1.0,6.0
201700056383,0017-11-28 18:55:00,17,11,28,18,55,750,116,"34, AVENUE DU PRESIDENT",48.8553,2.28465,Nuit avec éclairage allumé,En agglomération,Hors intersection,Temps couvert,Autre collision,,,,,,,,,,,5,2,1,8.0,6.0
201700056384,0017-11-30 09:40:00,17,11,30,9,40,750,116,"51, AVENUE MARCEAU",48.8697,2.29825,Plein jour,En agglomération,Intersection en X,Normale,Autre collision,,,,,,,,,,,1,2,2,1.0,6.0
201700056385,0017-11-30 20:50:00,17,11,30,20,50,750,116,RUE DES BELLES FEUILLES,48.8679,2.28107,Nuit avec éclairage allumé,En agglomération,Intersection en X,Neige / grêle,Autre collision,,,,,,,,,,,5,2,2,4.0,6.0
201700056386,0017-12-03 17:15:00,17,12,3,17,15,750,116,"4, AVENUE DE NEW YORK",48.8642,2.30012,Crépuscule ou aube,En agglomération,Intersection en T,Pluie légère,Sans collision,,,,,,,,,,,2,2,3,2.0,7.0
201700056387,0017-12-04 09:00:00,17,12,4,9,0,750,116,"51, AVENUE MARCEAU",48.8697,2.29825,Plein jour,En agglomération,Intersection à plus de 4 branches,Normale,Deux véhicules - arrière,,,,,,,,,,,1,2,5,1.0,2.0
201700056388,0017-12-04 16:15:00,17,12,4,16,15,750,116,PLACE D ANDORRE,48.8564,2.2747,Plein jour,En agglomération,Place,Normale,Deux véhicules - côté,,,,,,,,,,,1,2,7,1.0,3.0
201700056389,0017-12-04 17:45:00,17,12,4,17,45,750,116,"/, VOIE GEORGES POMPIDOU",48.8641,2.29948,Nuit avec éclairage allumé,En agglomération,Intersection en T,Normale,Autre collision,,,,,,,,,,,5,2,3,1.0,6.0
201700056390,0017-12-05 11:45:00,17,12,5,11,45,750,116,"11, AVENUE DE LA GRANDE",48.8748,2.29171,Plein jour,En agglomération,Intersection en T,Normale,Deux véhicules - arrière,,,,,,,,,,,1,2,3,1.0,2.0
201700056391,0017-12-05 12:20:00,17,12,5,12,20,750,116,"52, RUE SAINT DIDIER",48.8671,2.2836,Plein jour,En agglomération,Intersection en T,Normale,Deux véhicules - côté,,,,,,,,,,,1,2,3,1.0,3.0
201700056392,0017-12-05 12:00:00,17,12,5,12,0,750,116,"181, AVENUE VICTOR HUGO",48.8659,2.27649,Plein jour,En agglomération,Hors intersection,Normale,Autre collision,,,,,,,,,,,1,2,1,1.0,6.0
201700056393,0017-12-07 00:30:00,17,12,7,0,30,750,116,PLACE DU TROCADERO ET DU,48.863,2.28643,Nuit avec éclairage allumé,En agglomération,Place,Normale,Deux véhicules - côté,,,,,,,,,,,5,2,7,1.0,3.0
201700056394,0017-12-07 10:30:00,17,12,7,10,30,750,116,"47, BOULEVARD DE BEAUSEJ",48.857,2.26787,Plein jour,En agglomération,Hors intersection,Normale,Autre collision,,,,,,,,,,,1,2,1,1.0,6.0
201700056395,0017-12-07 11:50:00,17,12,7,11,50,750,116,ALLEE DE LONGCHAMP,48.8725,2.26444,Plein jour,En agglomération,Intersection en X,Normale,Deux véhicules - côté,,,,,,,,,,,1,2,2,1.0,3.0
201700056396,0017-12-07 11:10:00,17,12,7,11,10,750,116,"61, BOULEVARD LANNES",48.8645,2.26976,Plein jour,En agglomération,Intersection en T,Temps couvert,Sans collision,,,,,,,,,,,1,2,3,8.0,7.0
201700056397,0017-12-07 16:10:00,17,12,7,16,10,750,116,"63, AVENUE DE LA GRANDE",48.8763,2.28721,Plein jour,En agglomération,Intersection en T,Temps éblouissant,Deux véhicules - arrière,,,,,,,,,,,1,2,3,7.0,2.0
201700056398,0017-12-07 17:30:00,17,12,7,17,30,750,116,"/, AVENUE KLEBER",48.8678,2.2907,Nuit avec éclairage allumé,En agglomération,Intersection en T,Pluie légère,Trois véhicules et plus - collisions multiples,,,,,,,,,,,5,2,3,2.0,5.0
201700056399,0017-12-07 13:50:00,17,12,7,13,50,750,116,"115, RUE DE LONGCHAMP",48.867,2.27897,Plein jour,En agglomération,Intersection en X,Normale,Autre collision,,,,,,,,,,,1,2,2,1.0,6.0
201700056400,0017-12-08 09:00:00,17,12,8,9,0,750,116,"27, AVENUE DU PARC DES P",48.84,2.25459,Plein jour,En agglomération,Intersection en T,Pluie légère,Autre collision,,,,,,,,,,,1,2,3,2.0,6.0
201700056401,0017-12-08 17:25:00,17,12,8,17,25,750,116,AVENUE DE NEUILLY,48.8786,2.27978,Nuit avec éclairage allumé,En agglomération,Place,Pluie légère,Autre collision,,,,,,,,,,,5,2,7,2.0,6.0
201700056402,0017-12-08 22:05:00,17,12,8,22,5,750,116,"17, AVENUE KLEBER",48.8713,2.29318,Nuit avec éclairage allumé,En agglomération,Intersection en T,Normale,Sans collision,,,,,,,,,,,5,2,3,1.0,7.0
201700056403,0017-12-10 18:30:00,17,12,10,18,30,750,116,PORTE DE MADRID,48.874,2.25528,Crépuscule ou aube,En agglomération,Place,Pluie légère,Deux véhicules - côté,,,,,,,,,,,2,2,7,2.0,3.0
201700056404,0017-12-11 07:30:00,17,12,11,7,30,750,116,ROUTE DE SURESNES,48.8701,2.26924,Nuit avec éclairage allumé,En agglomération,Hors intersection,Pluie légère,Autre collision,,,,,,,,,,,5,2,1,2.0,6.0
201700056405,0017-12-12 17:45:00,17,12,12,17,45,750,116,AVENUE KLEBER,48.8732,2.29458,Nuit avec éclairage allumé,En agglomération,Place,Normale,Autre collision,,,,,,,,,,,5,2,7,1.0,6.0
201700056406,0017-12-13 06:20:00,17,12,13,6,20,750,116,"15, RUE DE PRESBOURG",48.8732,2.29292,Crépuscule ou aube,En agglomération,Hors intersection,Pluie légère,Autre collision,,,,,,,,,,,2,2,1,2.0,6.0
201700056407,0017-12-13 10:20:00,17,12,13,10,20,750,116,RUE HENRY DE LA VAULX,48.8358,2.25705,Plein jour,En agglomération,Intersection en X,Normale,Deux véhicules - arrière,,,,,,,,,,,1,2,2,1.0,2.0
201700056408,0017-12-13 18:20:00,17,12,13,18,20,750,116,"37, AVENUE RAYMOND POINC",48.8662,2.28623,Crépuscule ou aube,En agglomération,Intersection en X,Pluie légère,Deux véhicules - arrière,,,,,,,,,,,2,2,2,2.0,2.0
201700056409,0017-12-13 17:50:00,17,12,13,17,50,750,116,"79, AVENUE RAYMOND POINC",48.8684,2.28565,Nuit avec éclairage allumé,En agglomération,Hors intersection,Pluie forte,Autre collision,,,,,,,,,,,5,2,1,3.0,6.0
201700056410,0017-12-15 03:50:00,17,12,15,3,50,750,116,"6, AVENUE DU PRESIDENT K",48.8579,2.28795,Nuit avec éclairage allumé,En agglomération,Intersection en T,Pluie légère,Sans collision,,,,,,,,,,,5,2,3,2.0,7.0
201700056411,0017-12-15 06:30:00,17,12,15,6,30,750,116,PLACE DE L EGLISE D AUTE,48.8473,2.26882,Nuit avec éclairage allumé,En agglomération,Intersection en X,Normale,Deux véhicules - côté,,,,,,,,,,,5,2,2,1.0,3.0
201700056412,0017-12-15 12:00:00,17,12,15,12,0,750,108,AVENUE MARCEAU,48.8697,2.29825,Plein jour,En agglomération,Place,Normale,Deux véhicules - côté,,,,,,,,,,,1,2,7,1.0,3.0
201700056413,0017-12-15 11:45:00,17,12,15,11,45,750,116,VOIE GEORGES POMPIDOU,48.8574,2.28774,Plein jour,En agglomération,Hors intersection,Pluie légère,Autre collision,,,,,,,,,,,1,2,1,2.0,6.0
201700056414,0017-12-16 18:15:00,17,12,16,18,15,750,116,"53, RUE DE PASSY",48.8577,2.27947,Nuit sans éclairage public,En agglomération,Hors intersection,Normale,Autre collision,,,,,,,,,,,3,2,1,1.0,6.0
201700056415,0017-12-17 04:40:00,17,12,17,4,40,750,116,"16, AVENUE KLEBER",48.8713,2.29318,Nuit avec éclairage allumé,En agglomération,Intersection en T,Temps couvert,Autre collision,,,,,,,,,,,5,2,3,8.0,6.0
201700056416,0017-12-17 13:20:00,17,12,17,13,20,750,116,"2, AVENUE DE VERSAILLES",48.8513,2.27844,Plein jour,En agglomération,Place,Normale,Autre collision,,,,,,,,,,,1,2,7,1.0,6.0
201700056417,0017-12-17 17:30:00,17,12,17,17,30,750,116,ROUTE DE SEVRES A NEUILL,48.8578,2.23723,Nuit avec éclairage allumé,En agglomération,Hors intersection,Pluie légère,Autre collision,,,,,,,,,,,5,2,1,2.0,6.0
201700056418,0017-12-18 08:15:00,17,12,18,8,15,750,116,ROUTE DE LA MUETTE A NEU,48.8749,2.26349,Crépuscule ou aube,En agglomération,Intersection en X,Normale,Deux véhicules - arrière,,,,,,,,,,,2,2,2,1.0,2.0
201700056419,0017-12-18 20:45:00,17,12,18,20,45,750,116,"65, AVENUE KLEBER",48.8661,2.28949,Crépuscule ou aube,En agglomération,Intersection en T,Normale,Autre collision,,,,,,,,,,,2,2,3,1.0,6.0
201700056420,0017-12-18 23:30:00,17,12,18,23,30,750,116,AVENUE DU PRESIDENT KENN,48.8529,2.28104,Nuit avec éclairage allumé,En agglomération,Intersection en T,Normale,Deux véhicules - côté,,,,,,,,,,,5,2,3,1.0,3.0
201700056421,0017-12-19 14:50:00,17,12,19,14,50,750,116,PLACE DE LA PORTE MAILLO,48.8774,2.28138,Plein jour,En agglomération,Place,Normale,Autre collision,,,,,,,,,,,1,2,7,1.0,6.0
201700056422,0017-12-19 18:19:00,17,12,19,18,19,750,116,BOULEVARD SUCHET,48.8492,2.25949,Nuit avec éclairage allumé,En agglomération,Intersection en T,Normale,Autre collision,,,,,,,,,,,5,2,3,1.0,6.0
201700056423,0017-12-19 19:10:00,17,12,19,19,10,750,116,AVENUE FOCH,48.8727,2.28452,Nuit avec éclairage allumé,En agglomération,Intersection en X,Normale,Deux véhicules - côté,,,,,,,,,,,5,2,2,1.0,3.0
201700056424,0017-12-20 17:15:00,17,12,20,17,15,750,116,"119, AVENUE VICTOR HUGO",48.8683,2.2821,Nuit avec éclairage allumé,En agglomération,Hors intersection,Normale,Autre collision,,,,,,,,,,,5,2,1,1.0,6.0
201700056425,0017-12-20 13:50:00,17,12,20,13,50,750,116,AVENUE VICTOR HUGO,48.8707,2.28765,Plein jour,En agglomération,Intersection en T,Normale,Deux véhicules - côté,,,,,,,,,,,1,2,3,1.0,3.0
201700056426,0017-12-21 22:00:00,17,12,21,22,0,750,116,ALLEE DE LA REINE MARGUE,48.8678,2.25104,Nuit avec éclairage allumé,En agglomération,Intersection en X,Normale,Deux véhicules - arrière,,,,,,,,,,,5,2,2,1.0,2.0
201700056427,0017-12-22 01:30:00,17,12,22,1,30,750,116,AVENUE RAYMOND POINCARE,48.8708,2.28498,Nuit avec éclairage allumé,En agglomération,Intersection en T,Normale,Deux véhicules - côté,,,,,,,,,,,5,2,3,1.0,3.0
201700056428,0017-12-21 12:40:00,17,12,21,12,40,750,116,"83, BOULEVARD SUCHET",48.8505,2.26022,Plein jour,En agglomération,Hors intersection,Normale,Deux véhicules - arrière,,,,,,,,,,,1,2,1,1.0,2.0
201700056429,0017-12-22 12:15:00,17,12,22,12,15,750,116,"152, AVENUE DE MALAKOFF",48.8761,2.2837,Plein jour,En agglomération,Intersection en T,Normale,Deux véhicules - arrière,,,,,,,,,,,1,2,3,1.0,2.0
201700056430,0017-12-23 14:00:00,17,12,23,14,0,750,116,"37, BOULEVARD MURAT",48.8445,2.25709,Plein jour,En agglomération,Intersection en T,Normale,Deux véhicules - arrière,,,,,,,,,,,1,2,3,1.0,2.0
201700056431,0017-12-24 00:30:00,17,12,24,0,30,750,116,RUE LAURISTON,48.8691,2.2898,Nuit avec éclairage allumé,En agglomération,Intersection en X,Normale,Deux véhicules - côté,,,,,,,,,,,5,2,2,1.0,3.0
201700056432,0017-12-25 09:30:00,17,12,25,9,30,750,116,PLACE CLAUDE FRANCOIS,48.8407,2.26499,Plein jour,En agglomération,Intersection en X,Normale,Deux véhicules - côté,,,,,,,,,,,1,2,2,1.0,3.0
201700056433,0017-12-25 19:00:00,17,12,25,19,0,750,116,AVENUE INGRES,48.8574,2.26463,Crépuscule ou aube,En agglomération,Intersection en X,Normale,Autre collision,,,,,,,,,,,2,2,2,1.0,6.0
201700056434,0017-12-25 23:39:00,17,12,25,23,39,750,116,AVENUE FOCH,48.8719,2.27783,Nuit avec éclairage allumé,En agglomération,Hors intersection,Normale,Deux véhicules - côté,,,,,,,,,,,5,2,1,1.0,3.0
201700056435,0017-12-26 11:30:00,17,12,26,11,30,750,116,RUE WILHEM,48.8473,2.26882,Plein jour,En agglomération,Intersection en X,Normale,Autre collision,,,,,,,,,,,1,2,2,1.0,6.0
201700056436,0017-12-27 19:00:00,17,12,27,19,0,750,116,"13, AVENUE DE LA GRANDE",48.8748,2.29171,Crépuscule ou aube,En agglomération,Intersection en T,Pluie légère,Autre collision,,,,,,,,,,,2,2,3,2.0,6.0
201700056437,0017-12-27 21:45:00,17,12,27,21,45,750,116,"1, PLACE DE LA PORTE MAI",48.8774,2.28138,Nuit avec éclairage allumé,En agglomération,Intersection en Y,Pluie légère,Deux véhicules - côté,,,,,,,,,,,5,2,4,2.0,3.0
201700056438,0017-12-28 09:15:00,17,12,28,9,15,750,116,"2, BOULEVARD EXELMANS",48.84,2.26746,Plein jour,En agglomération,Intersection en T,Normale,Autre collision,,,,,,,,,,,1,2,3,1.0,6.0
201700056439,0017-12-28 23:15:00,17,12,28,23,15,750,116,RUE LAURISTON,48.8691,2.2898,Nuit avec éclairage allumé,En agglomération,Intersection en X,Normale,Deux véhicules - côté,,,,,,,,,,,5,2,2,1.0,3.0
201700056440,0017-01-03 20:00:00,17,1,3,20,0,750,117,"76, AVENUE DE CLICHY",48.888,2.3246,Nuit avec éclairage allumé,En agglomération,Intersection en T,Normale,Autre collision,,,,,,,,,,,5,2,3,1.0,6.0
201700056441,0017-01-05 12:57:00,17,1,5,12,57,750,117,"10, RUE DES MOINES",48.8878,2.31835,Plein jour,En agglomération,Intersection en X,Normale,Autre collision,,,,,,,,,,,1,2,2,1.0,6.0
201700056442,0017-01-05 19:00:00,17,1,5,19,0,750,117,"174, BOULEVARD PEREIRE",48.8822,2.29168,Nuit avec éclairage allumé,En agglomération,Intersection à plus de 4 branches,Pluie légère,Autre collision,,,,,,,,,,,5,2,5,2.0,6.0
201700056443,0017-01-07 19:20:00,17,1,7,19,20,750,117,"16, PLACE CHARLES FILLIO",48.888,2.3167,Nuit avec éclairage allumé,En agglomération,Place,Normale,Autre collision,,,,,,,,,,,5,2,7,1.0,6.0
201700056444,0017-01-08 21:15:00,17,1,8,21,15,750,117,RUE DULONG,48.8841,2.31745,Nuit avec éclairage allumé,En agglomération,Hors intersection,Normale,Sans collision,,,,,,,,,,,5,2,1,1.0,7.0
201700056445,0017-01-09 09:00:00,17,1,9,9,0,750,108,"86, BOULEVARD DE COURCEL",48.8796,2.30499,Plein jour,En agglomération,Intersection en X,Pluie légère,Deux véhicules - arrière,,,,,,,,,,,1,2,2,2.0,2.0
201700056446,0017-01-09 12:45:00,17,1,9,12,45,750,117,"23, RUE DE PRONY",48.8814,2.30634,Plein jour,En agglomération,Intersection en T,Temps couvert,Deux véhicules - côté,,,,,,,,,,,1,2,3,8.0,3.0
201700056447,0017-01-09 14:20:00,17,1,9,14,20,750,117,RUE CINO DEL DUCA,48.884,2.28231,Plein jour,En agglomération,Hors intersection,Normale,Autre collision,,,,,,,,,,,1,2,1,1.0,6.0
201700056448,0017-01-09 17:10:00,17,1,9,17,10,750,117,"31, RUE GUILLAUME TELL",48.8848,2.29521,Crépuscule ou aube,En agglomération,Hors intersection,Normale,Autre collision,,,,,,,,,,,2,2,1,1.0,6.0
201700056449,0017-01-11 11:50:00,17,1,11,11,50,750,117,"9, AVENUE DE WAGRAM",48.8751,2.29601,Plein jour,En agglomération,Place,Pluie légère,Deux véhicules - côté,,,,,,,,,,,1,2,7,2.0,3.0
201700056450,0017-01-11 17:30:00,17,1,11,17,30,750,117,"31, PLACE SAINT FERDINAN",48.8778,2.288,Crépuscule ou aube,En agglomération,Place,Pluie légère,Autre collision,,,,,,,,,,,2,2,7,2.0,6.0
201700056451,0017-01-12 10:15:00,17,1,12,10,15,750,117,BOULEVARD PERIPHERIQUE,48.9006,2.32297,Plein jour,En agglomération,Hors intersection,Pluie légère,Deux véhicules - arrière,,,,,,,,,,,1,2,1,2.0,2.0
201700056452,0017-01-13 07:45:00,17,1,13,7,45,750,117,PORTE DE CLICHY,48.8963,2.31022,Crépuscule ou aube,En agglomération,Intersection en Y,Normale,Sans collision,,,,,,,,,,,2,2,4,1.0,7.0
201700056453,0017-01-13 13:55:00,17,1,13,13,55,750,117,"74, AVENUE DE CLICHY",48.888,2.3246,Plein jour,En agglomération,Intersection en T,Normale,Autre collision,,,,,,,,,,,1,2,3,1.0,6.0
201700056454,0017-01-13 15:30:00,17,1,13,15,30,750,117,"45, BOULEVARD BESSIERES",48.8975,2.32433,Plein jour,En agglomération,Intersection à plus de 4 branches,Pluie légère,Deux véhicules - côté,,,,,,,,,,,1,2,5,2.0,3.0
201700056455,0017-01-13 18:45:00,17,1,13,18,45,750,117,"122, AVENUE DE VILLIERS",48.8851,2.29566,Nuit avec éclairage allumé,En agglomération,Intersection en X,Temps couvert,Autre collision,,,,,,,,,,,5,2,2,8.0,6.0
201700056456,0017-01-15 15:25:00,17,1,15,15,25,750,117,BOULEVARD PEREIRE,48.884,2.29498,Plein jour,En agglomération,Intersection à plus de 4 branches,Pluie légère,Deux véhicules - côté,,,,,,,,,,,1,2,5,2.0,3.0
201700056457,0017-01-16 20:45:00,17,1,16,20,45,750,117,"143, AVENUE DE CLICHY",48.8912,2.31908,Nuit avec éclairage allumé,En agglomération,Intersection en Y,Normale,Autre collision,,,,,,,,,,,5,2,4,1.0,6.0
201700056458,0017-01-17 13:00:00,17,1,17,13,0,750,117,"87, AVENUE DES TERNES",48.88,2.28833,Plein jour,En agglomération,Intersection à plus de 4 branches,Normale,Deux véhicules - côté,,,,,,,,,,,1,2,5,1.0,3.0
201700056459,0017-01-17 23:40:00,17,1,17,23,40,750,117,RUE NAVIER,48.8956,2.32662,Nuit avec éclairage allumé,En agglomération,Intersection en X,Normale,Deux véhicules - côté,,,,,,,,,,,5,2,2,1.0,3.0
201700056460,0017-01-18 08:35:00,17,1,18,8,35,750,117,"120, RUE DE COURCELLES",48.8806,2.30163,Plein jour,En agglomération,Hors intersection,Normale,Deux véhicules - arrière,,,,,,,,,,,1,2,1,1.0,2.0
201700056461,0017-01-20 19:25:00,17,1,20,19,25,750,117,"40, AVENUE DE VILLIERS",48.8829,2.30904,Nuit avec éclairage allumé,En agglomération,Intersection en X,Normale,Autre collision,,,,,,,,,,,5,2,2,1.0,6.0
201700056462,0017-01-20 20:36:00,17,1,20,20,36,750,117,RUE DE ROME,48.8867,2.31539,Nuit sans éclairage public,En agglomération,Hors intersection,Normale,Autre collision,,,,,,,,,,,3,2,1,1.0,6.0
201700056463,0017-01-21 03:30:00,17,1,21,3,30,750,117,"67, RUE TRUFFAUT",48.8872,2.31938,Nuit avec éclairage allumé,En agglomération,Intersection en X,Normale,Autre collision,,,,,,,,,,,5,2,2,1.0,6.0
201700056464,0017-01-21 04:30:00,17,1,21,4,30,750,117,RUE JOUFFROY D ABBANS,48.8857,2.30867,Nuit avec éclairage allumé,En agglomération,Hors intersection,Normale,Autre collision,,,,,,,,,,,5,2,1,1.0,6.0
201700056465,0017-01-21 07:45:00,17,1,21,7,45,750,117,"106, AVENUE DE VILLIERS",48.8848,2.29838,Plein jour,En agglomération,Intersection en Y,Normale,Autre collision,,,,,,,,,,,1,2,4,1.0,6.0
201700056466,0017-01-21 17:52:00,17,1,21,17,52,750,117,"22, PLACE CHARLES FILLIO",48.8884,2.31603,Nuit avec éclairage allumé,En agglomération,Hors intersection,Normale,Trois véhicules et plus - en chaîne,,,,,,,,,,,5,2,1,1.0,4.0
201700056467,0017-01-21 18:10:00,17,1,21,18,10,750,117,BOULEVARD BERTHIER,48.8863,2.29464,Crépuscule ou aube,En agglomération,Intersection en T,Normale,Deux véhicules - côté,,,,,,,,,,,2,2,3,1.0,3.0
201700056468,0017-01-21 23:30:00,17,1,21,23,30,750,117,"14, PLACE GENERAL CATROU",48.8826,2.31037,Nuit avec éclairage allumé,En agglomération,Place,Normale,Autre collision,,,,,,,,,,,5,2,7,1.0,6.0