accident_id,datetime,annee,mois,jour,heure,minute,departement,commune_insee,adresse,latitude,longitude,luminosite,agglomeration,intersection,meteo,collision,nb_vehicules,nb_usagers,nb_indemnes,nb_tues,nb_blesses_hosp,nb_blesses_legers,age_cond_1,age_cond_2,veh_type_cond_1,veh_type_cond_2,lum_code,agg_code,int_code,atm_code,col_code
201700056825,0017-12-21 13:46:00,17,12,21,13,46,750,117,"106BIS, AVENUE DE VILLIE",48.8848,2.29838,Plein jour,En agglomération,Intersection en Y,Pluie légère,Autre collision,,,,,,,,,,,1,2,4,2.0,6.0
201700056826,0017-12-21 20:35:00,17,12,21,20,35,750,117,PLACE GENERAL CATROUX,48.8826,2.31037,Nuit avec éclairage allumé,En agglomération,Place,Pluie légère,Deux véhicules - côté,,,,,,,,,,,5,2,7,2.0,3.0
201700056827,0017-12-22 12:50:00,17,12,22,12,50,750,117,"23BIS, AVENUE NIEL",48.8807,2.29524,Plein jour,En agglomération,Hors intersection,Pluie légère,Deux véhicules - côté,,,,,,,,,,,1,2,1,2.0,3.0
201700056828,0017-12-27 18:15:00,17,12,27,18,15,750,117,"6, AVENUE DE LA GRANDE A",48.8744,2.29293,Nuit avec éclairage allumé,En agglomération,Place,Pluie légère,Autre collision,,,,,,,,,,,5,2,7,2.0,6.0
201700056829,0017-12-28 18:30:00,17,12,28,18,30,750,117,"77, RUE JOUFFROY D ABBAN",48.8838,2.30476,Nuit avec éclairage allumé,En agglomération,Intersection en X,Normale,Deux véhicules - côté,,,,,,,,,,,5,2,2,1.0,3.0
201700056830,0017-01-01 17:30:00,17,1,1,17,30,750,118,RUE ORDENER,48.8902,2.35989,Nuit avec éclairage allumé,En agglomération,Place,Normale,Deux véhicules - arrière,,,,,,,,,,,5,2,7,1.0,2.0
201700056831,0017-01-02 10:45:00,17,1,2,10,45,750,118,"26, BOULEVARD BARBES",48.8859,2.34948,Plein jour,En agglomération,Hors intersection,Pluie légère,Autre collision,,,,,,,,,,,1,2,1,2.0,6.0
201700056832,0017-01-03 08:15:00,17,1,3,8,15,750,118,"40, RUE DU RUISSEAU",48.8934,2.34029,Plein jour,En agglomération,Intersection en T,Normale,Autre collision,,,,,,,,,,,1,2,3,1.0,6.0
201700056833,0017-01-03 15:20:00,17,1,3,15,20,750,118,"158, RUE DES POISSONNIER",48.8982,2.35248,Plein jour,En agglomération,Intersection à plus de 4 branches,Normale,Autre collision,,,,,,,,,,,1,2,5,1.0,6.0
201700056834,0017-01-04 14:00:00,17,1,4,14,0,750,118,"43, BOULEVARD BARBES",48.8884,2.34956,Plein jour,En agglomération,Intersection en X,Pluie légère,Deux véhicules - côté,,,,,,,,,,,1,2,2,2.0,3.0
201700056835,0017-01-04 21:30:00,17,1,4,21,30,750,118,"39, BOULEVARD NEY",48.8982,2.35248,Nuit avec éclairage allumé,En agglomération,Intersection à plus de 4 branches,Normale,Autre collision,,,,,,,,,,,5,2,5,1.0,6.0
201700056836,0017-01-05 17:40:00,17,1,5,17,40,750,118,"56, AVENUE DE SAINT OUEN",48.8913,2.32682,Crépuscule ou aube,En agglomération,Intersection en T,Temps couvert,Deux véhicules - côté,,,,,,,,,,,2,2,3,8.0,3.0
201700056837,0017-01-05 18:45:00,17,1,5,18,45,750,118,"38, RUE CHAMPIONNET",48.8955,2.34885,Crépuscule ou aube,En agglomération,Hors intersection,Normale,Autre collision,,,,,,,,,,,2,2,1,1.0,6.0
201700056838,0017-01-05 23:45:00,17,1,5,23,45,750,118,"98, BOULEVARD DE ROCHECH",48.8826,2.3419,Nuit avec éclairage allumé,En agglomération,Intersection en X,Normale,Deux véhicules - côté,,,,,,,,,,,5,2,2,1.0,3.0
201700056839,0017-01-06 21:00:00,17,1,6,21,0,750,118,"55, BOULEVARD ORNANO",48.896,2.34594,Nuit avec éclairage allumé,En agglomération,Place,Normale,Deux véhicules - arrière,,,,,,,,,,,5,2,7,1.0,2.0
201700056840,0017-01-09 16:25:00,17,1,9,16,25,750,118,"19, BOULEVARD NEY",48.8986,2.3635,Plein jour,En agglomération,Hors intersection,Pluie légère,Autre collision,,,,,,,,,,,1,2,1,2.0,6.0
201700056841,0017-01-10 08:45:00,17,1,10,8,45,750,118,"6, AVENUE DE LA PORTE DE",48.8994,2.35868,Plein jour,En agglomération,Hors intersection,Temps couvert,Autre collision,,,,,,,,,,,1,2,1,8.0,6.0
201700056842,0017-01-12 20:00:00,17,1,12,20,0,750,118,"30, AVENUE DE LA PORTE D",48.9001,2.3441,Nuit avec éclairage allumé,En agglomération,Hors intersection,Pluie légère,Autre collision,,,,,,,,,,,5,2,1,2.0,6.0
201700056843,0017-01-13 09:00:00,17,1,13,9,0,750,118,"154 BIS, RUE ORDENER",48.8936,2.33637,Plein jour,En agglomération,Intersection à plus de 4 branches,Normale,Autre collision,,,,,,,,,,,1,2,5,1.0,6.0
201700056844,0017-01-13 08:15:00,17,1,13,8,15,750,118,"52, AVENUE DE LA PORTE D",48.8907,2.32663,Nuit avec éclairage allumé,En agglomération,Intersection en X,Normale,Deux véhicules - côté,,,,,,,,,,,5,2,2,1.0,3.0
201700056845,0017-01-13 11:10:00,17,1,13,11,10,750,118,"54, RUE PAJOL",48.8919,2.36333,Plein jour,En agglomération,Intersection en X,Pluie légère,Autre collision,,,,,,,,,,,1,2,2,2.0,6.0
201700056846,0017-01-14 17:25:00,17,1,14,17,25,750,118,BOULEVARD NEY,48.8987,2.36945,Plein jour,En agglomération,Hors intersection,Pluie légère,Autre collision,,,,,,,,,,,1,2,1,2.0,6.0
201700056847,0017-01-15 13:30:00,17,1,15,13,30,750,118,RUE ORDENER,48.8909,2.3532,Plein jour,En agglomération,Intersection en T,Normale,Autre collision,,,,,,,,,,,1,2,3,1.0,6.0
201700056848,0017-01-16 14:15:00,17,1,16,14,15,750,118,"3, BOULEVARD NEY",48.8987,2.36933,Plein jour,En agglomération,Hors intersection,Temps couvert,Autre collision,,,,,,,,,,,1,2,1,8.0,6.0
201700056849,0017-01-19 22:00:00,17,1,19,22,0,750,118,RUE DE LA CHAPELLE,48.8971,2.35918,Nuit avec éclairage allumé,En agglomération,Intersection en X,Normale,Deux véhicules - arrière,,,,,,,,,,,5,2,2,1.0,2.0
201700056850,0017-01-20 13:25:00,17,1,20,13,25,750,118,"158, RUE DAMREMONT",48.8968,2.33848,Plein jour,En agglomération,Intersection à plus de 4 branches,Normale,Autre collision,,,,,,,,,,,1,2,5,1.0,6.0
201700056851,0017-01-21 22:00:00,17,1,21,22,0,750,118,"38, RUE DES POISSONNIERS",48.8883,2.3515,Nuit avec éclairage allumé,En agglomération,Intersection en X,Normale,Autre collision,,,,,,,,,,,5,2,2,1.0,6.0
201700056852,0017-01-23 13:33:00,17,1,23,13,33,750,118,BOULEVARD NEY,48.8984,2.35906,Plein jour,En agglomération,Intersection en X,Normale,Autre collision,,,,,,,,,,,1,2,2,1.0,6.0
201700056853,0017-01-23 18:10:00,17,1,23,18,10,750,118,"25, RUE ORDENER",48.8907,2.35436,Nuit avec éclairage allumé,En agglomération,Hors intersection,Normale,Autre collision,,,,,,,,,,,5,2,1,1.0,6.0
201700056854,0017-01-25 20:30:00,17,1,25,20,30,750,118,BOULEVARD PERIPHERIQUE I,48.9009,2.36398,Nuit avec éclairage allumé,En agglomération,Intersection en Y,Normale,Deux véhicules - côté,,,,,,,,,,,5,2,4,1.0,3.0
201700056855,0017-01-26 14:30:00,17,1,26,14,30,750,118,"145, RUE BELLIARD",48.8961,2.33349,Plein jour,En agglomération,Hors intersection,Normale,Deux véhicules - arrière,,,,,,,,,,,1,2,1,1.0,2.0
201700056856,0017-01-28 22:30:00,17,1,28,22,30,750,118,"138, RUE LAMARCK",48.891,2.33147,Nuit avec éclairage allumé,En agglomération,Intersection en X,Normale,Autre collision,,,,,,,,,,,5,2,2,1.0,6.0
201700056857,0017-01-29 15:15:00,17,1,29,15,15,750,118,PLACE DE LA CHAPELLE,48.8849,2.35827,Plein jour,En agglomération,Place,Normale,Deux véhicules - arrière,,,,,,,,,,,1,2,7,1.0,2.0
201700056858,0017-01-29 18:00:00,17,1,29,18,0,750,118,"65, RUE DE LA CHAPELLE",48.8959,2.35927,Nuit avec éclairage allumé,En agglomération,Hors intersection,Normale,Sans collision,,,,,,,,,,,5,2,1,1.0,7.0
201700056859,0017-01-30 10:25:00,17,1,30,10,25,750,118,"36, RUE MARX DORMOY",48.8868,2.35963,Plein jour,En agglomération,Intersection en T,Pluie légère,Autre collision,,,,,,,,,,,1,2,3,2.0,6.0
201700056860,0017-01-31 03:05:00,17,1,31,3,5,750,118,"81, RUE DE LA CHAPELLE",48.8971,2.35918,Nuit avec éclairage allumé,En agglomération,Intersection en X,Pluie légère,Deux véhicules - arrière,,,,,,,,,,,5,2,2,2.0,2.0
201700056861,0017-02-01 10:30:00,17,2,1,10,30,750,118,"/, RUE BOUCRY",48.8935,2.36292,Plein jour,En agglomération,Intersection en T,Temps couvert,Autre collision,,,,,,,,,,,1,2,3,8.0,6.0
201700056862,0017-02-01 12:10:00,17,2,1,12,10,750,118,"/, RUE BELLIARD",48.8975,2.34456,Plein jour,En agglomération,Intersection à plus de 4 branches,Normale,Deux véhicules - arrière,,,,,,,,,,,1,2,5,1.0,2.0
201700056863,0017-02-02 11:25:00,17,2,2,11,25,750,118,"95, RUE DE LA CHAPELLE",48.8984,2.35906,Plein jour,En agglomération,Intersection à plus de 4 branches,Temps éblouissant,Autre collision,,,,,,,,,,,1,2,5,7.0,6.0
201700056864,0017-02-02 17:55:00,17,2,2,17,55,750,118,"/, RUE CHAMPIONNET",48.8942,2.33255,Crépuscule ou aube,En agglomération,Intersection à plus de 4 branches,Normale,Autre collision,,,,,,,,,,,2,2,5,1.0,6.0
201700056865,0017-02-03 09:07:00,17,2,3,9,7,750,118,"66, BOULEVARD ORNANO",48.896,2.34594,Plein jour,En agglomération,Place,Normale,Autre collision,,,,,,,,,,,1,2,7,1.0,6.0
201700056866,0017-02-03 20:15:00,17,2,3,20,15,750,118,RUE ORDENER,48.8938,2.33507,Nuit avec éclairage allumé,En agglomération,Intersection en T,Pluie légère,Deux véhicules - frontale,,,,,,,,,,,5,2,3,2.0,1.0
201700056867,0017-02-04 09:40:00,17,2,4,9,40,750,118,"54, BOULEVARD BARBES",48.8879,2.34955,Plein jour,En agglomération,Hors intersection,Pluie légère,Autre collision,,,,,,,,,,,1,2,1,2.0,6.0
201700056868,0017-02-04 16:30:00,17,2,4,16,30,750,118,"35, RUE HERMEL",48.8935,2.34559,Plein jour,En agglomération,Intersection en T,Pluie légère,Autre collision,,,,,,,,,,,1,2,3,2.0,6.0
201700056869,0017-02-04 18:10:00,17,2,4,18,10,750,118,"6, AVENUE DE LA PORTE DE",48.8982,2.33702,Nuit avec éclairage allumé,En agglomération,Hors intersection,Normale,Autre collision,,,,,,,,,,,5,2,1,1.0,6.0
201700056870,0017-02-06 13:45:00,17,2,6,13,45,750,118,"/, PORTE DE LA CHAPELLE",48.8984,2.35906,Plein jour,En agglomération,Intersection à plus de 4 branches,Normale,Deux véhicules - côté,,,,,,,,,,,1,2,5,1.0,3.0
201700056871,0017-02-06 15:05:00,17,2,6,15,5,750,118,"76, BOULEVARD ORNANO",48.8968,2.34528,Plein jour,En agglomération,Hors intersection,Temps couvert,Autre collision,,,,,,,,,,,1,2,1,8.0,6.0
201700056872,0017-02-07 06:33:00,17,2,7,6,33,750,118,"130, BOULEVARD DE CLICHY",48.8844,2.32893,Plein jour,En agglomération,Hors intersection,Normale,Autre collision,,,,,,,,,,,1,2,1,1.0,6.0
201700056873,0017-02-07 09:15:00,17,2,7,9,15,750,118,"203, RUE ORDENER",48.894,2.33394,Plein jour,En agglomération,Hors intersection,Pluie légère,Sans collision,,,,,,,,,,,1,2,1,2.0,7.0
201700056874,0017-02-07 14:00:00,17,2,7,14,0,750,118,"126, BOULEVARD DE LA CHA",48.8839,2.34946,Plein jour,En agglomération,Intersection en X,Temps couvert,Autre collision,,,,,,,,,,,1,2,2,8.0,6.0
201700056875,0017-02-08 08:30:00,17,2,8,8,30,750,118,"78, RUE ORDENER",48.8924,2.34497,Plein jour,En agglomération,Place,Normale,Autre collision,,,,,,,,,,,1,2,7,1.0,6.0
201700056876,0017-02-08 07:45:00,17,2,8,7,45,750,118,"44, RUE DE CLIGNANCOURT",48.8869,2.34763,Crépuscule ou aube,En agglomération,Intersection en Y,Temps couvert,Autre collision,,,,,,,,,,,2,2,4,8.0,6.0
201700056877,0017-02-12 16:20:00,17,2,12,16,20,750,118,"24, BOULEVARD BARBES",48.8853,2.34948,Plein jour,En agglomération,Intersection en Y,Normale,Autre collision,,,,,,,,,,,1,2,4,1.0,6.0
201700056878,0017-02-13 09:45:00,17,2,13,9,45,750,118,RUE RIQUET,48.8899,2.36307,Plein jour,En agglomération,Intersection en X,Normale,Autre collision,,,,,,,,,,,1,2,2,1.0,6.0
201700056879,0017-02-13 18:50:00,17,2,13,18,50,750,118,BOULEVARD NEY,48.8986,2.36557,Crépuscule ou aube,En agglomération,Intersection en T,Normale,Deux véhicules - côté,,,,,,,,,,,2,2,3,1.0,3.0
201700056880,0017-02-18 14:40:00,17,2,18,14,40,750,118,"13, BOULEVARD BARBES",48.8873,2.34955,Plein jour,En agglomération,Intersection à plus de 4 branches,Normale,Deux véhicules - côté,,,,,,,,,,,1,2,5,1.0,3.0
201700056881,0017-02-18 14:45:00,17,2,18,14,45,750,118,"116, RUE ORDENER",48.8932,2.33973,Plein jour,En agglomération,Hors intersection,Normale,Autre collision,,,,,,,,,,,1,2,1,1.0,6.0
201700056882,0017-02-19 14:05:00,17,2,19,14,5,750,118,"86, RUE DU MONT CENIS",48.8943,2.34536,Plein jour,En agglomération,Intersection en X,Normale,Deux véhicules - côté,,,,,,,,,,,1,2,2,1.0,3.0
201700056883,0017-02-23 18:20:00,17,2,23,18,20,750,118,"82, RUE RIQUET",48.89,2.3625,Crépuscule ou aube,En agglomération,Intersection en T,Normale,Autre collision,,,,,,,,,,,2,2,3,1.0,6.0
201700056884,0017-02-25 02:15:00,17,2,25,2,15,750,118,"136, BOULEVARD NEY",48.8978,2.33922,Nuit avec éclairage allumé,En agglomération,Intersection en T,Normale,Deux véhicules - côté,,,,,,,,,,,5,2,3,1.0,3.0
201700056885,0017-02-26 17:30:00,17,2,26,17,30,750,118,"38, BOULEVARD DE CLICHY",48.8829,2.33616,Crépuscule ou aube,En agglomération,Intersection en T,Normale,Autre collision,,,,,,,,,,,2,2,3,1.0,6.0
201700056886,0017-02-27 14:30:00,17,2,27,14,30,750,118,"22, RUE MARX DORMOY",48.8861,2.35947,Plein jour,En agglomération,Intersection en T,Normale,Trois véhicules et plus - collisions multiples,,,,,,,,,,,1,2,3,1.0,5.0
201700056887,0017-02-28 17:50:00,17,2,28,17,50,750,117,"32, AVENUE DE LA PORTE D",48.9004,2.32989,Plein jour,En agglomération,Intersection à plus de 4 branches,Temps couvert,Deux véhicules - côté,,,,,,,,,,,1,2,5,8.0,3.0
201700056888,0017-03-01 10:15:00,17,3,1,10,15,750,118,"78, BOULEVARD ORNANO",48.897,2.34516,Plein jour,En agglomération,Hors intersection,Pluie légère,Deux véhicules - côté,,,,,,,,,,,1,2,1,2.0,3.0
201700056889,0017-03-03 23:25:00,17,3,3,23,25,750,118,"57, RUE RAMEY",48.8903,2.34563,Nuit sans éclairage public,En agglomération,Hors intersection,Normale,Autre collision,,,,,,,,,,,3,2,1,1.0,6.0
201700056890,0017-03-04 15:00:00,17,3,4,15,0,750,118,"12, AVENUE DE LA PORTE D",48.899,2.33634,Plein jour,En agglomération,Intersection en T,Pluie légère,Autre collision,,,,,,,,,,,1,2,3,2.0,6.0
201700056891,0017-03-04 19:30:00,17,3,4,19,30,750,118,"6, BOULEVARD DE LA CHAPE",48.8845,2.36478,Nuit avec éclairage allumé,En agglomération,Intersection en X,Temps couvert,Autre collision,,,,,,,,,,,5,2,2,8.0,6.0
201700056892,0017-03-05 20:30:00,17,3,5,20,30,750,118,"58, BOULEVARD DE LA CHAP",48.8842,2.35489,Nuit avec éclairage allumé,En agglomération,Hors intersection,Pluie légère,Autre collision,,,,,,,,,,,5,2,1,2.0,6.0
201700056893,0017-03-06 13:00:00,17,3,6,13,0,750,118,"9, RUE ORDENER",48.8903,2.35828,Plein jour,En agglomération,Intersection en T,Pluie forte,Autre collision,,,,,,,,,,,1,2,3,3.0,6.0
201700056894,0017-03-07 08:30:00,17,3,7,8,30,750,118,"59, BOULEVARD ORNANO",48.8963,2.34568,Plein jour,En agglomération,Hors intersection,Normale,Deux véhicules - arrière,,,,,,,,,,,1,2,1,1.0,2.0
201700056895,0017-03-09 11:00:00,17,3,9,11,0,750,117,"40, AVENUE DE SAINT OUEN",48.8899,2.32637,Plein jour,En agglomération,Hors intersection,Normale,Deux véhicules - côté,,,,,,,,,,,1,2,1,1.0,3.0
201700056896,0017-03-09 15:25:00,17,3,9,15,25,750,118,"41, RUE ORDENER",48.8909,2.3532,Plein jour,En agglomération,Intersection en T,Normale,Deux véhicules - côté,,,,,,,,,,,1,2,3,1.0,3.0
201700056897,0017-03-10 00:25:00,17,3,10,0,25,750,118,"37, BOULEVARD ORNANO",48.8946,2.3471,Nuit avec éclairage allumé,En agglomération,Intersection en Y,Normale,Deux véhicules - côté,,,,,,,,,,,5,2,4,1.0,3.0
201700056898,0017-03-11 15:15:00,17,3,11,15,15,750,118,RUE MARCADET,48.8915,2.33648,Plein jour,En agglomération,Intersection en T,Normale,Autre collision,,,,,,,,,,,1,2,3,1.0,6.0
201700056899,0017-03-13 20:10:00,17,3,13,20,10,750,118,"68, AVENUE DE LA PORTE D",48.8987,2.35905,Nuit avec éclairage allumé,En agglomération,Intersection à plus de 4 branches,Normale,Autre collision,,,,,,,,,,,5,2,5,1.0,6.0
201700056900,0017-03-15 04:10:00,17,3,15,4,10,750,118,"10, RUE CAVALLOTTI",48.8863,2.32816,Nuit avec éclairage allumé,En agglomération,Intersection en T,Normale,Autre collision,,,,,,,,,,,5,2,3,1.0,6.0
201700056901,0017-03-15 18:40:00,17,3,15,18,40,750,118,"74, RUE DOUDEAUVILLE",48.8883,2.3515,Crépuscule ou aube,En agglomération,Intersection à plus de 4 branches,Normale,Autre collision,,,,,,,,,,,2,2,5,1.0,6.0
201700056902,0017-03-16 10:30:00,17,3,16,10,30,750,118,BOULEVARD ORNANO,48.8921,2.3492,Plein jour,En agglomération,Intersection en Y,Normale,Deux véhicules - côté,,,,,,,,,,,1,2,4,1.0,3.0
201700056903,0017-03-16 18:10:00,17,3,16,18,10,750,118,"64, BOULEVARD BARBES",48.8884,2.34956,Crépuscule ou aube,En agglomération,Intersection en X,Normale,Autre collision,,,,,,,,,,,2,2,2,1.0,6.0
201700056904,0017-03-16 20:45:00,17,3,16,20,45,750,118,"124, RUE ORDENER",48.8932,2.33919,Nuit avec éclairage allumé,En agglomération,Hors intersection,Normale,Deux véhicules - côté,,,,,,,,,,,5,2,1,1.0,3.0
201700056905,0017-03-17 15:10:00,17,3,17,15,10,750,118,", AVENUE DE LA PORTE DE",48.9004,2.32989,Plein jour,En agglomération,Intersection en Y,Normale,Deux véhicules - côté,,,,,,,,,,,1,2,4,1.0,3.0
201700056906,0017-03-17 19:30:00,17,3,17,19,30,750,118,"40, AVENUE DE CLICHY",48.8858,2.32635,Crépuscule ou aube,En agglomération,Intersection en X,Normale,Deux véhicules - côté,,,,,,,,,,,2,2,2,1.0,3.0
201700056907,0017-03-20 07:50:00,17,3,20,7,50,750,118,"1, RUE DE LA CHAPELLE",48.8902,2.35989,Plein jour,En agglomération,Place,Normale,Autre collision,,,,,,,,,,,1,2,7,1.0,6.0
201700056908,0017-03-21 12:50:00,17,3,21,12,50,750,118,"23, AVENUE DE LA PORTE D",48.9011,2.3702,Plein jour,En agglomération,Hors intersection,Normale,Autre collision,,,,,,,,,,,1,2,1,1.0,6.0
201700056909,0017-03-21 17:20:00,17,3,21,17,20,750,118,"12, RUE DE LA CHAPELLE",48.891,2.35984,Plein jour,En agglomération,Intersection en T,Normale,Trois véhicules et plus - en chaîne,,,,,,,,,,,1,2,3,1.0,4.0
201700056910,0017-03-21 21:00:00,17,3,21,21,0,750,118,"120, RUE CHAMPIONNET",48.8955,2.33856,Nuit avec éclairage allumé,En agglomération,Intersection en X,Normale,Deux véhicules - côté,,,,,,,,,,,5,2,2,1.0,3.0
201700056911,0017-03-27 09:32:00,17,3,27,9,32,750,118,RUE ORDENER,48.8902,2.35989,Plein jour,En agglomération,Place,Normale,Autre collision,,,,,,,,,,,1,2,7,1.0,6.0
201700056912,0017-03-27 15:10:00,17,3,27,15,10,750,118,"5, RUE SEVESTE",48.8836,2.34485,Plein jour,En agglomération,Hors intersection,Normale,Autre collision,,,,,,,,,,,1,2,1,1.0,6.0
201700056913,0017-03-28 18:30:00,17,3,28,18,30,750,118,"45, BOULEVARD BARBES",48.8884,2.34956,Plein jour,En agglomération,Intersection en X,Normale,Deux véhicules - côté,,,,,,,,,,,1,2,2,1.0,3.0
201700056914,0017-03-28 18:40:00,17,3,28,18,40,750,118,"68, BOULEVARD BARBES",48.8888,2.34958,Plein jour,En agglomération,Hors intersection,Normale,Autre collision,,,,,,,,,,,1,2,1,1.0,6.0
201700056915,0017-03-29 14:45:00,17,3,29,14,45,750,118,PORTE DE LA CHAPELLE,48.8987,2.35905,Plein jour,En agglomération,Intersection en X,Normale,Autre collision,,,,,,,,,,,1,2,2,1.0,6.0
201700056916,0017-03-30 15:30:00,17,3,30,15,30,750,118,"104, RUE DU POTEAU",48.8973,2.33798,Plein jour,En agglomération,Intersection en Y,Normale,Autre collision,,,,,,,,,,,1,2,4,1.0,6.0
201700056917,0017-03-30 17:05:00,17,3,30,17,5,750,118,"3, RUE DOUDEAUVILLE",48.889,2.35918,Plein jour,En agglomération,Hors intersection,Normale,Autre collision,,,,,,,,,,,1,2,1,1.0,6.0
201700056918,0017-03-31 08:25:00,17,3,31,8,25,750,118,"80, BOULEVARD ORNANO",48.8971,2.34506,Plein jour,En agglomération,Hors intersection,Normale,Deux véhicules - côté,,,,,,,,,,,1,2,1,1.0,3.0
201700056919,0017-03-31 08:19:00,17,3,31,8,19,750,118,"118, BOULEVARD NEY",48.898,2.3424,Plein jour,En agglomération,Intersection en X,Normale,Autre collision,,,,,,,,,,,1,2,2,1.0,6.0
201700056920,0017-03-31 18:30:00,17,3,31,18,30,750,118,"74, RUE DUHESME",48.8939,2.34347,Plein jour,En agglomération,Hors intersection,Normale,Autre collision,,,,,,,,,,,1,2,1,1.0,6.0
201700056921,0017-03-31 23:45:00,17,3,31,23,45,750,118,"/, AVENUE DE SAINT OUEN",48.8955,2.32827,Nuit avec éclairage allumé,En agglomération,Intersection en X,Pluie légère,Deux véhicules - côté,,,,,,,,,,,5,2,2,2.0,3.0
201700056922,0017-04-02 15:00:00,17,4,2,15,0,750,118,"53, BOULEVARD BARBES",48.8891,2.34958,Plein jour,En agglomération,Hors intersection,Normale,Autre collision,,,,,,,,,,,1,2,1,1.0,6.0
201700056923,0017-04-04 13:15:00,17,4,4,13,15,750,118,"47, AVENUE DE LA PORTE D",48.8993,2.34409,Plein jour,En agglomération,Intersection en X,Normale,Autre collision,,,,,,,,,,,1,2,2,1.0,6.0
201700056924,0017-04-06 19:00:00,17,4,6,19,0,750,118,RUE DE LA CHAPELLE,48.8951,2.35934,Plein jour,En agglomération,Place,Normale,Deux véhicules - côté,,,,,,,,,,,1,2,7,1.0,3.0
201700056925,0017-04-08 21:20:00,17,4,8,21,20,750,118,"54, AVENUE DE CLICHY",48.8869,2.32584,Nuit avec éclairage allumé,En agglomération,Hors intersection,Normale,Autre collision,,,,,,,,,,,5,2,1,1.0,6.0
201700056926,0017-04-09 15:55:00,17,4,9,15,55,750,118,BOULEVARD DE CLICHY,48.8832,2.33503,Plein jour,En agglomération,Hors intersection,Normale,Autre collision,,,,,,,,,,,1,2,1,1.0,6.0
201700056927,0017-04-09 23:40:00,17,4,9,23,40,750,118,"12, AVENUE DE LA PORTE D",48.8992,2.33624,Nuit avec éclairage allumé,En agglomération,Intersection en X,Normale,Autre collision,,,,,,,,,,,5,2,2,1.0,6.0
201700056928,0017-04-10 17:10:00,17,4,10,17,10,750,118,"6, RUE CHARLES LAUTH",48.8992,2.36799,Plein jour,En agglomération,Hors intersection,Normale,Autre collision,,,,,,,,,,,1,2,1,1.0,6.0
201700056929,0017-04-13 11:30:00,17,4,13,11,30,750,118,"4, BOULEVARD DE ROCHECHO",48.8839,2.34946,Plein jour,En agglomération,Intersection en X,Normale,Deux véhicules - côté,,,,,,,,,,,1,2,2,1.0,3.0
201700056930,0017-04-13 12:05:00,17,4,13,12,5,750,118,"21, RUE MARX DORMOY",48.8861,2.35947,Plein jour,En agglomération,Intersection en T,Normale,Autre collision,,,,,,,,,,,1,2,3,1.0,6.0
201700056931,0017-04-16 06:20:00,17,4,16,6,20,750,118,"11/13, RUE DE LA CHAPELL",48.891,2.35984,Crépuscule ou aube,En agglomération,Intersection en T,Normale,Autre collision,,,,,,,,,,,2,2,3,1.0,6.0
201700056932,0017-04-16 14:20:00,17,4,16,14,20,750,118,"43, BOULEVARD DE LA CHAP",48.8843,2.35607,Plein jour,En agglomération,Intersection en Y,Normale,Autre collision,,,,,,,,,,,1,2,4,1.0,6.0
201700056933,0017-04-20 09:15:00,17,4,20,9,15,750,118,"41, RUE ORDENER",48.8909,2.3532,Plein jour,En agglomération,Intersection en T,Normale,Deux véhicules - arrière,,,,,,,,,,,1,2,3,1.0,2.0
201700056934,0017-04-20 17:40:00,17,4,20,17,40,750,118,"17, RUE JEAN COCTEAU",48.8995,2.34871,Plein jour,En agglomération,Hors intersection,Normale,Autre collision,,,,,,,,,,,1,2,1,1.0,6.0
201700056935,0017-04-24 11:25:00,17,4,24,11,25,750,118,"153, RUE ORDENER",48.8934,2.33826,Plein jour,En agglomération,Intersection en X,Normale,Sans collision,,,,,,,,,,,1,2,2,1.0,7.0
201700056936,0017-04-24 17:30:00,17,4,24,17,30,750,118,"45, RUE DU POTEAU",48.8948,2.34073,Plein jour,En agglomération,Intersection en X,Normale,Sans collision,,,,,,,,,,,1,2,2,1.0,7.0
201700056937,0017-04-05 00:05:00,17,4,5,0,5,750,118,"78, BOULEVARD NEY",48.8985,2.35291,Nuit avec éclairage allumé,En agglomération,Hors intersection,Normale,Deux véhicules - côté,,,,,,,,,,,5,2,1,1.0,3.0
201700056938,0017-04-24 12:50:00,17,4,24,12,50,750,119,BOULEVARD D INDOCHINE,48.8902,2.39656,Plein jour,En agglomération,Place,Normale,Deux véhicules - côté,,,,,,,,,,,1,2,7,1.0,3.0
201700056939,0017-04-26 11:35:00,17,4,26,11,35,750,118,"78, RUE DE LA CHAPELLE",48.896,2.35926,Plein jour,En agglomération,Hors intersection,Normale,Autre collision,,,,,,,,,,,1,2,1,1.0,6.0
201700056940,0017-04-26 15:30:00,17,4,26,15,30,750,118,"69, RUE MARX DORMOY",48.8897,2.35989,Plein jour,En agglomération,Hors intersection,Normale,Autre collision,,,,,,,,,,,1,2,1,1.0,6.0
201700056941,0017-04-30 16:08:00,17,4,30,16,8,750,118,BOULEVARD BARBES,48.8866,2.34954,Plein jour,En agglomération,Intersection en X,Normale,Autre collision,,,,,,,,,,,1,2,2,1.0,6.0
201700056942,0017-05-02 12:00:00,17,5,2,12,0,750,118,"49, RUE DES CLOYS",48.8931,2.33776,Plein jour,En agglomération,Intersection en X,Normale,Deux véhicules - côté,,,,,,,,,,,1,2,2,1.0,3.0
201700056943,0017-05-02 11:45:00,17,5,2,11,45,750,118,BOULEVARD NEY,48.8986,2.36224,Plein jour,En agglomération,Hors intersection,Normale,Autre collision,,,,,,,,,,,1,2,1,1.0,6.0
201700056944,0017-05-03 08:35:00,17,5,3,8,35,750,118,"10, RUE CAULAINCOURT",48.8853,2.33058,Plein jour,En agglomération,Hors intersection,Pluie légère,Autre collision,,,,,,,,,,,1,2,1,2.0,6.0