accident_id,datetime,annee,mois,jour,heure,minute,departement,commune_insee,adresse,latitude,longitude,luminosite,agglomeration,intersection,meteo,collision,nb_vehicules,nb_usagers,nb_indemnes,nb_tues,nb_blesses_hosp,nb_blesses_legers,age_cond_1,age_cond_2,veh_type_cond_1,veh_type_cond_2,lum_code,agg_code,int_code,atm_code,col_code
201700056945,0017-05-04 18:40:00,17,5,4,18,40,750,118,"38, BOULEVARD BARBES",48.8866,2.34954,Plein jour,En agglomération,Intersection en X,Pluie forte,Deux véhicules - arrière,,,,,,,,,,,1,2,2,3.0,2.0
201700056946,0017-05-04 13:40:00,17,5,4,13,40,750,118,"38, RUE DAMREMONT",48.8893,2.33353,Plein jour,En agglomération,Intersection en Y,Normale,Deux véhicules - côté,,,,,,,,,,,1,2,4,1.0,3.0
201700056947,0017-05-08 13:35:00,17,5,8,13,35,750,118,"4, RUE GEORGETTE AGUTTE",48.8947,2.33262,Plein jour,En agglomération,Hors intersection,Normale,Deux véhicules - côté,,,,,,,,,,,1,2,1,1.0,3.0
201700056948,0017-05-08 22:00:00,17,5,8,22,0,750,118,"124, BOULEVARD DE ROCHEC",48.8822,2.33964,Nuit avec éclairage allumé,En agglomération,Intersection en X,Normale,Deux véhicules - côté,,,,,,,,,,,5,2,2,1.0,3.0
201700056949,0017-05-09 08:20:00,17,5,9,8,20,750,118,RUE EUGENE CARRIERE,48.8919,2.33349,Plein jour,En agglomération,Intersection à plus de 4 branches,Normale,Autre collision,,,,,,,,,,,1,2,5,1.0,6.0
201700056950,0017-05-09 22:26:00,17,5,9,22,26,750,118,"153, BOULEVARD NEY",48.8975,2.32936,Nuit avec éclairage allumé,En agglomération,Intersection en Y,Normale,Autre collision,,,,,,,,,,,5,2,4,1.0,6.0
201700056951,0017-05-11 17:20:00,17,5,11,17,20,750,118,"98, RUE DU POTEAU",48.8969,2.33829,Plein jour,En agglomération,Intersection en T,Normale,Autre collision,,,,,,,,,,,1,2,3,1.0,6.0
201700056952,0017-05-13 05:10:00,17,5,13,5,10,750,118,"73, BOULEVARD BARBES",48.8911,2.3496,Crépuscule ou aube,En agglomération,Hors intersection,Normale,Autre collision,,,,,,,,,,,2,2,1,1.0,6.0
201700056953,0017-05-13 18:45:00,17,5,13,18,45,750,118,RUE DU DEPARTEMENT,48.8861,2.36366,Plein jour,En agglomération,Hors intersection,Normale,Autre collision,,,,,,,,,,,1,2,1,1.0,6.0
201700056954,0017-05-14 00:03:00,17,5,14,0,3,750,118,"75, RUE DE L EVANGILE",48.8956,2.37078,Nuit avec éclairage allumé,En agglomération,Hors intersection,Normale,Deux véhicules - arrière,,,,,,,,,,,5,2,1,1.0,2.0
201700056955,0017-05-14 11:00:00,17,5,14,11,0,750,118,"6, AVENUE DE LA PORTE DE",48.8994,2.35938,Plein jour,En agglomération,Intersection en Y,Temps couvert,Trois véhicules et plus - en chaîne,,,,,,,,,,,1,2,4,8.0,4.0
201700056956,0017-05-15 12:10:00,17,5,15,12,10,750,118,BOULEVARD PERIPHERIQUE E,48.9008,2.33118,Plein jour,En agglomération,Hors intersection,Normale,Autre collision,,,,,,,,,,,1,2,1,1.0,6.0
201700056957,0017-05-15 19:05:00,17,5,15,19,5,750,118,"45, RUE DE CLIGNANCOURT",48.8863,2.34753,Plein jour,En agglomération,Intersection à plus de 4 branches,Normale,Autre collision,,,,,,,,,,,1,2,5,1.0,6.0
201700056958,0017-05-16 12:30:00,17,5,16,12,30,750,118,"9, BOULEVARD BARBES",48.885,2.34948,Plein jour,En agglomération,Hors intersection,Normale,Deux véhicules - arrière,,,,,,,,,,,1,2,1,1.0,2.0
201700056959,0017-05-16 18:35:00,17,5,16,18,35,750,118,"18, RUE LEIBNIZ",48.8967,2.33622,Plein jour,En agglomération,Intersection en Y,Normale,Autre collision,,,,,,,,,,,1,2,4,1.0,6.0
201700056960,0017-05-18 23:30:00,17,5,18,23,30,750,118,"46, BOULEVARD BARBES",48.8873,2.34955,Nuit avec éclairage allumé,En agglomération,Place,Pluie légère,Deux véhicules - arrière,,,,,,,,,,,5,2,7,2.0,2.0
201700056961,0017-05-20 06:08:00,17,5,20,6,8,750,118,"16, RUE CAULAINCOURT",48.8869,2.33285,Crépuscule ou aube,En agglomération,Hors intersection,Normale,Deux véhicules - frontale,,,,,,,,,,,2,2,1,1.0,1.0
201700056962,0017-05-20 20:45:00,17,5,20,20,45,750,118,RUE JEAN HENRI FABRE,48.9013,2.3441,Plein jour,En agglomération,Intersection en X,Temps éblouissant,Deux véhicules - côté,,,,,,,,,,,1,2,2,7.0,3.0
201700056963,0017-05-21 06:00:00,17,5,21,6,0,750,118,RUE PAJOL,48.8913,2.36325,Plein jour,En agglomération,Intersection en X,Normale,Deux véhicules - côté,,,,,,,,,,,1,2,2,1.0,3.0
201700056964,0017-05-24 15:40:00,17,5,24,15,40,750,118,RUE PHILIPPE DE GIRARD,48.8861,2.36113,Plein jour,En agglomération,Intersection en X,Normale,Autre collision,,,,,,,,,,,1,2,2,1.0,6.0
201700056965,0017-05-24 17:55:00,17,5,24,17,55,750,118,"94, BOULEVARD BARBES",48.8911,2.34961,Plein jour,En agglomération,Hors intersection,Normale,Autre collision,,,,,,,,,,,1,2,1,1.0,6.0
201700056966,0017-05-25 06:30:00,17,5,25,6,30,750,118,"84, BOULEVARD BARBES",48.8903,2.34959,Plein jour,En agglomération,Hors intersection,Normale,Deux véhicules - arrière,,,,,,,,,,,1,2,1,1.0,2.0
201700056967,0017-05-26 00:50:00,17,5,26,0,50,750,118,"52, AVENUE DE CLICHY",48.8866,2.32598,Nuit avec éclairage allumé,En agglomération,Intersection en T,Normale,Autre collision,,,,,,,,,,,5,2,3,1.0,6.0
201700056968,0017-05-27 01:05:00,17,5,27,1,5,750,118,"21, BOULEVARD NEY",48.8986,2.36318,Nuit avec éclairage allumé,En agglomération,Hors intersection,Normale,Deux véhicules - côté,,,,,,,,,,,5,2,1,1.0,3.0
201700056969,0017-05-27 13:30:00,17,5,27,13,30,750,118,"70, BOULEVARD BARBES",48.889,2.34958,Plein jour,En agglomération,Hors intersection,Normale,Trois véhicules et plus - en chaîne,,,,,,,,,,,1,2,1,1.0,4.0
201700056970,0017-05-27 16:40:00,17,5,27,16,40,750,118,RUE D ORSEL,48.8837,2.34353,Plein jour,En agglomération,Intersection en X,Normale,Autre collision,,,,,,,,,,,1,2,2,1.0,6.0
201700056971,0017-05-28 21:00:00,17,5,28,21,0,750,118,"69, BOULEVARD ORNANO",48.8969,2.34524,Crépuscule ou aube,En agglomération,Hors intersection,Normale,Autre collision,,,,,,,,,,,2,2,1,1.0,6.0
201700056972,0017-05-29 11:45:00,17,5,29,11,45,750,118,AVENUE DE LA PORTE D AUB,48.9004,2.3702,Plein jour,En agglomération,Intersection en Y,Normale,Deux véhicules - côté,,,,,,,,,,,1,2,4,1.0,3.0
201700056973,0017-05-30 07:20:00,17,5,30,7,20,750,118,", RUE ETEX",48.8901,2.32922,Plein jour,En agglomération,Intersection en X,Temps couvert,Deux véhicules - côté,,,,,,,,,,,1,2,2,8.0,3.0
201700056974,0017-05-30 12:10:00,17,5,30,12,10,750,118,"101, RUE CAULAINCOURT",48.8896,2.33843,Plein jour,En agglomération,Place,Normale,Autre collision,,,,,,,,,,,1,2,7,1.0,6.0
201700056975,0017-05-30 14:20:00,17,5,30,14,20,750,118,"4, AVENUE DE CLICHY",48.8839,2.32722,Plein jour,En agglomération,Intersection en Y,Normale,Deux véhicules - frontale,,,,,,,,,,,1,2,4,1.0,1.0
201700056976,0017-05-31 00:50:00,17,5,31,0,50,750,118,BOULEVARD BARBES,48.8839,2.34946,Nuit avec éclairage allumé,En agglomération,Intersection en X,Normale,Autre collision,,,,,,,,,,,5,2,2,1.0,6.0
201700056977,0017-06-01 17:20:00,17,6,1,17,20,750,118,"21, RUE FRANCOEUR",48.8906,2.34101,Plein jour,En agglomération,Hors intersection,Normale,Autre collision,,,,,,,,,,,1,2,1,1.0,6.0
201700056978,0017-06-03 14:45:00,17,6,3,14,45,750,118,"215, RUE D AUBERVILLIERS",48.8983,2.37028,Plein jour,En agglomération,Hors intersection,Normale,Deux véhicules - côté,,,,,,,,,,,1,2,1,1.0,3.0
201700056979,0017-06-04 22:30:00,17,6,4,22,30,750,119,PLACE SKANDERBEG,48.9009,2.37027,Nuit sans éclairage public,En agglomération,Place,Normale,Autre collision,,,,,,,,,,,3,2,7,1.0,6.0
201700056980,0017-06-06 11:50:00,17,6,6,11,50,750,118,RUE GANNERON,48.8901,2.32922,Plein jour,En agglomération,Intersection en X,Normale,Deux véhicules - côté,,,,,,,,,,,1,2,2,1.0,3.0
201700056981,0017-06-07 05:50:00,17,6,7,5,50,750,118,"50, AVENUE DE CLICHY",48.8865,2.32604,Crépuscule ou aube,En agglomération,Hors intersection,Normale,Deux véhicules - côté,,,,,,,,,,,2,2,1,1.0,3.0
201700056982,0017-06-07 22:40:00,17,6,7,22,40,750,118,RUE MARCADET,48.8904,2.34845,Nuit avec éclairage allumé,En agglomération,Intersection à plus de 4 branches,Normale,Deux véhicules - côté,,,,,,,,,,,5,2,5,1.0,3.0
201700056983,0017-06-08 08:40:00,17,6,8,8,40,750,118,"10, RUE CAULAINCOURT",48.8853,2.33058,Plein jour,En agglomération,Hors intersection,Normale,Deux véhicules - côté,,,,,,,,,,,1,2,1,1.0,3.0
201700056984,0017-06-09 22:45:00,17,6,9,22,45,750,118,"15, BOULEVARD ORNANO",48.8925,2.34886,Nuit avec éclairage allumé,En agglomération,Intersection en T,Normale,Deux véhicules - côté,,,,,,,,,,,5,2,3,1.0,3.0
201700056985,0017-06-10 20:10:00,17,6,10,20,10,750,118,"68, BOULEVARD DE LA CHAP",48.8842,2.35448,Plein jour,En agglomération,Hors intersection,Normale,Autre collision,,,,,,,,,,,1,2,1,1.0,6.0
201700056986,0017-06-11 09:48:00,17,6,11,9,48,750,118,"43, RUE DU DEPARTEMENT",48.8862,2.36313,Plein jour,En agglomération,Intersection en Y,Normale,Deux véhicules - côté,,,,,,,,,,,1,2,4,1.0,3.0
201700056987,0017-06-12 14:20:00,17,6,12,14,20,750,118,"74, BOULEVARD DE CLICHY",48.8836,2.33358,Plein jour,En agglomération,Hors intersection,Normale,Autre collision,,,,,,,,,,,1,2,1,1.0,6.0
201700056988,0017-06-12 17:00:00,17,6,12,17,0,750,118,"88, BOULEVARD BARBES",48.8905,2.34958,Plein jour,En agglomération,Intersection en X,Normale,Deux véhicules - côté,,,,,,,,,,,1,2,2,1.0,3.0
201700056989,0017-06-13 13:50:00,17,6,13,13,50,750,118,"91, RUE DU POTEAU",48.8969,2.33829,Plein jour,En agglomération,Intersection en T,Normale,Autre collision,,,,,,,,,,,1,2,3,1.0,6.0
201700056990,0017-06-14 12:00:00,17,6,14,12,0,750,118,"137, RUE BELLIARD",48.8963,2.335,Plein jour,En agglomération,Hors intersection,Normale,Deux véhicules - côté,,,,,,,,,,,1,2,1,1.0,3.0
201700056991,0017-06-14 13:00:00,17,6,14,13,0,750,118,AVENUE DE LA PORTE DE SA,48.9004,2.32989,Plein jour,En agglomération,Intersection à plus de 4 branches,Normale,Deux véhicules - arrière,,,,,,,,,,,1,2,5,1.0,2.0
201700056992,0017-06-14 14:40:00,17,6,14,14,40,750,118,"27, RUE ORDENER",48.8906,2.35453,Plein jour,En agglomération,Intersection en T,Normale,Autre collision,,,,,,,,,,,1,2,3,1.0,6.0
201700056993,0017-06-14 17:18:00,17,6,14,17,18,750,118,"32, BOULEVARD ORNANO",48.8936,2.34791,Plein jour,En agglomération,Intersection en T,Normale,Autre collision,,,,,,,,,,,1,2,3,1.0,6.0
201700056994,0017-06-15 17:50:00,17,6,15,17,50,750,118,"29, BOULEVARD NEY",48.8984,2.35906,Plein jour,En agglomération,Intersection à plus de 4 branches,Normale,Autre collision,,,,,,,,,,,1,2,5,1.0,6.0
201700056995,0017-06-17 17:15:00,17,6,17,17,15,750,119,"244, BOULEVARD DE LA VIL",48.8845,2.36478,Plein jour,En agglomération,Intersection en X,Normale,Deux véhicules - côté,,,,,,,,,,,1,2,2,1.0,3.0
201700056996,0017-06-18 13:15:00,17,6,18,13,15,750,118,RUE DES SAULES,48.8897,2.34014,Plein jour,En agglomération,Intersection à plus de 4 branches,Normale,Autre collision,,,,,,,,,,,1,2,5,1.0,6.0
201700056997,0017-06-21 15:20:00,17,6,21,15,20,750,118,BOULEVARD DE LA CHAPELLE,48.8839,2.35075,Plein jour,En agglomération,Intersection en T,Normale,Sans collision,,,,,,,,,,,1,2,3,1.0,7.0
201700056998,0017-06-21 17:15:00,17,6,21,17,15,750,118,"41, RUE ORDENER",48.8909,2.3532,Plein jour,En agglomération,Intersection en T,Normale,Autre collision,,,,,,,,,,,1,2,3,1.0,6.0
201700056999,0017-06-21 15:50:00,17,6,21,15,50,750,118,", RUE MARX DORMOY",48.8845,2.35932,Plein jour,En agglomération,Place,Normale,Deux véhicules - frontale,,,,,,,,,,,1,2,7,1.0,1.0
201700057000,0017-06-21 21:45:00,17,6,21,21,45,750,118,"38, RUE DE CLIGNANCOURT",48.8869,2.34763,Crépuscule ou aube,En agglomération,Intersection en X,Normale,Autre collision,,,,,,,,,,,2,2,2,1.0,6.0
201700057001,0017-06-22 11:30:00,17,6,22,11,30,750,119,"202, AVENUE JEAN JAURES",48.8885,2.3919,Plein jour,En agglomération,Intersection en X,Normale,Deux véhicules - côté,,,,,,,,,,,1,2,2,1.0,3.0
201700057002,0017-06-23 01:30:00,17,6,23,1,30,750,118,"44, RUE DES ABBESSES",48.8854,2.33627,Nuit avec éclairage allumé,En agglomération,Hors intersection,Normale,Autre collision,,,,,,,,,,,5,2,1,1.0,6.0
201700057003,0017-06-24 01:35:00,17,6,24,1,35,750,118,"177, RUE ORDENER",48.8936,2.33637,Nuit avec éclairage allumé,En agglomération,Intersection à plus de 4 branches,Normale,Deux véhicules - côté,,,,,,,,,,,5,2,5,1.0,3.0
201700057004,0017-06-25 04:10:00,17,6,25,4,10,750,118,"22, AVENUE DE CLICHY",48.8849,2.32675,Nuit avec éclairage allumé,En agglomération,Intersection en T,Normale,Deux véhicules - arrière,,,,,,,,,,,5,2,3,1.0,2.0
201700057005,0017-06-30 20:30:00,17,6,30,20,30,750,118,"150, RUE DAMREMONT",48.8961,2.3381,Plein jour,En agglomération,Intersection en X,Normale,Autre collision,,,,,,,,,,,1,2,2,1.0,6.0
201700057006,0017-07-03 17:30:00,17,7,3,17,30,750,118,"/, BOULEVARD DE LA CHAPE",48.8848,2.35932,Plein jour,En agglomération,Place,Normale,Sans collision,,,,,,,,,,,1,2,7,1.0,7.0
201700057007,0017-07-03 18:50:00,17,7,3,18,50,750,118,"49, RUE ORDENER",48.891,2.35233,Plein jour,En agglomération,Hors intersection,Normale,Deux véhicules - arrière,,,,,,,,,,,1,2,1,1.0,2.0
201700057008,0017-07-03 19:40:00,17,7,3,19,40,750,118,"1, PORTE DE CLIGNANCOURT",48.898,2.34414,Plein jour,En agglomération,Intersection à plus de 4 branches,Normale,Autre collision,,,,,,,,,,,1,2,5,1.0,6.0
201700057009,0017-07-04 17:00:00,17,7,4,17,0,750,118,"12, AVENUE DE CLICHY",48.8845,2.32694,Plein jour,En agglomération,Intersection en T,Normale,Autre collision,,,,,,,,,,,1,2,3,1.0,6.0
201700057010,0017-07-05 08:25:00,17,7,5,8,25,750,118,"/, BOULEVARD DE LA CHAPE",48.8845,2.35932,Plein jour,En agglomération,Place,Normale,Deux véhicules - côté,,,,,,,,,,,1,2,7,1.0,3.0
201700057011,0017-07-05 17:30:00,17,7,5,17,30,750,118,"21, RUE JOSEPH DE MAISTR",48.8891,2.33167,Plein jour,En agglomération,Hors intersection,Normale,Deux véhicules - côté,,,,,,,,,,,1,2,1,1.0,3.0
201700057012,0017-07-05 22:45:00,17,7,5,22,45,750,118,"134, BOULEVARD DE CLICHY",48.884,2.32843,Nuit avec éclairage allumé,En agglomération,Hors intersection,Normale,Deux véhicules - arrière,,,,,,,,,,,5,2,1,1.0,2.0
201700057013,0017-07-07 11:30:00,17,7,7,11,30,750,118,"131, RUE DES POISSONNIER",48.8951,2.35291,Plein jour,En agglomération,Intersection à plus de 4 branches,Normale,Autre collision,,,,,,,,,,,1,2,5,1.0,6.0
201700057014,0017-07-07 19:00:00,17,7,7,19,0,750,118,"64, RUE DE L EVANGILE",48.8955,2.37064,Plein jour,En agglomération,Hors intersection,Normale,Autre collision,,,,,,,,,,,1,2,1,1.0,6.0
201700057015,0017-07-07 20:58:00,17,7,7,20,58,750,118,"6, BOULEVARD DE LA CHAPE",48.8845,2.3642,Plein jour,En agglomération,Intersection en T,Normale,Deux véhicules - côté,,,,,,,,,,,1,2,3,1.0,3.0
201700057016,0017-07-08 09:00:00,17,7,8,9,0,750,118,"16, AVENUE RACHEL",48.8853,2.33097,Plein jour,En agglomération,Hors intersection,Normale,Autre collision,,,,,,,,,,,1,2,1,1.0,6.0
201700057017,0017-07-08 10:50:00,17,7,8,10,50,750,118,"27, RUE MONTCALM",48.8931,2.33776,Plein jour,En agglomération,Intersection en X,Normale,Autre collision,,,,,,,,,,,1,2,2,1.0,6.0
201700057018,0017-07-09 13:15:00,17,7,9,13,15,750,118,RUE DU MONT CENIS,48.8943,2.34536,Plein jour,En agglomération,Intersection en X,Normale,Deux véhicules - côté,,,,,,,,,,,1,2,2,1.0,3.0
201700057019,0017-07-12 21:27:00,17,7,12,21,27,750,118,"/, BOULEVARD PERIPHERIQU",48.9007,2.36453,Nuit avec éclairage allumé,En agglomération,Intersection en Y,Normale,Autre collision,,,,,,,,,,,5,2,4,1.0,6.0
201700057020,0017-07-13 14:00:00,17,7,13,14,0,750,118,"70, RUE ORDENER",48.8922,2.34608,Plein jour,En agglomération,Intersection en T,Normale,Deux véhicules - côté,,,,,,,,,,,1,2,3,1.0,3.0
201700057021,0017-07-14 11:45:00,17,7,14,11,45,750,118,"75, RUE DES POISSONNIERS",48.8916,2.35177,Plein jour,En agglomération,Hors intersection,Normale,Autre collision,,,,,,,,,,,1,2,1,1.0,6.0
201700057022,0017-07-14 19:40:00,17,7,14,19,40,750,118,"96, RUE DU RUISSEAU",48.8963,2.34168,Plein jour,En agglomération,Intersection en X,Normale,Autre collision,,,,,,,,,,,1,2,2,1.0,6.0
201700057023,0017-07-15 14:50:00,17,7,15,14,50,750,118,"26, RUE DE LA CHAPELLE",48.892,2.35982,Plein jour,En agglomération,Intersection en T,Normale,Autre collision,,,,,,,,,,,1,2,3,1.0,6.0
201700057024,0017-07-19 10:00:00,17,7,19,10,0,750,118,"113, RUE ORDENER",48.8924,2.34497,Plein jour,En agglomération,Intersection en X,Pluie légère,Autre collision,,,,,,,,,,,1,2,2,2.0,6.0
201700057025,0017-07-19 22:30:00,17,7,19,22,30,750,118,"31, RUE RAMEY",48.8889,2.34647,Nuit avec éclairage allumé,En agglomération,Intersection à plus de 4 branches,Normale,Autre collision,,,,,,,,,,,5,2,5,1.0,6.0
201700057026,0017-07-20 18:50:00,17,7,20,18,50,750,118,"4, RUE DE LA CHAPELLE",48.8905,2.35988,Plein jour,En agglomération,Hors intersection,Normale,Autre collision,,,,,,,,,,,1,2,1,1.0,6.0
201700057027,0017-07-21 19:10:00,17,7,21,19,10,750,118,"116, AVENUE DE LA PORTE",48.895,2.32806,Plein jour,En agglomération,Intersection en X,Normale,Autre collision,,,,,,,,,,,1,2,2,1.0,6.0
201700057028,0017-07-22 08:42:00,17,7,22,8,42,750,118,"112, BOULEVARD DE LA CHA",48.8839,2.35075,Plein jour,En agglomération,Intersection en T,Pluie légère,Autre collision,,,,,,,,,,,1,2,3,2.0,6.0
201700057029,0017-07-23 13:20:00,17,7,23,13,20,750,118,BOULEVARD PERIPHERIQUE I,48.9009,2.34576,Plein jour,En agglomération,Hors intersection,Normale,Deux véhicules - arrière,,,,,,,,,,,1,2,1,1.0,2.0
201700057030,0017-07-24 20:00:00,17,7,24,20,0,750,118,"22, AVENUE DE CLICHY",48.8851,2.32669,Plein jour,En agglomération,Intersection en T,Normale,Autre collision,,,,,,,,,,,1,2,3,1.0,6.0
201700057031,0017-07-26 02:25:00,17,7,26,2,25,750,118,"75, BOULEVARD BARBES",48.8912,2.34961,Nuit avec éclairage allumé,En agglomération,Hors intersection,Normale,Autre collision,,,,,,,,,,,5,2,1,1.0,6.0
201700057032,0017-07-26 10:45:00,17,7,26,10,45,750,118,"132, RUE DES POISSONNIER",48.8959,2.3529,Plein jour,En agglomération,Hors intersection,Normale,Deux véhicules - côté,,,,,,,,,,,1,2,1,1.0,3.0
201700057033,0017-08-01 11:00:00,17,8,1,11,0,750,118,"80 BIS, BOULEVARD ORNANO",48.8971,2.34506,Plein jour,En agglomération,Hors intersection,Normale,Autre collision,,,,,,,,,,,1,2,1,1.0,6.0
201700057034,0017-08-01 17:00:00,17,8,1,17,0,750,118,"68, RUE JEAN HENRI FABRE",48.9012,2.33754,Plein jour,En agglomération,Hors intersection,Normale,Deux véhicules - frontale,,,,,,,,,,,1,2,1,1.0,1.0
201700057035,0017-08-03 10:50:00,17,8,3,10,50,750,118,"88, BOULEVARD BARBES",48.8905,2.34958,Plein jour,En agglomération,Intersection en X,Normale,Autre collision,,,,,,,,,,,1,2,2,1.0,6.0
201700057036,0017-08-03 12:40:00,17,8,3,12,40,750,118,RUE ORDENER,48.8915,2.34962,Plein jour,En agglomération,Intersection à plus de 4 branches,Normale,Autre collision,,,,,,,,,,,1,2,5,1.0,6.0
201700057037,0017-08-07 07:11:00,17,8,7,7,11,750,118,RUE LAMARCK,48.8907,2.33333,Plein jour,En agglomération,Intersection en X,Normale,Deux véhicules - côté,,,,,,,,,,,1,2,2,1.0,3.0
201700057038,0017-08-07 12:00:00,17,8,7,12,0,750,118,"55, RUE MARX DORMOY",48.8891,2.35988,Plein jour,En agglomération,Intersection en T,Normale,Autre collision,,,,,,,,,,,1,2,3,1.0,6.0
201700057039,0017-08-08 08:45:00,17,8,8,8,45,750,118,"30, AVENUE DE LA PORTE D",48.9005,2.34411,Plein jour,En agglomération,Intersection en Y,Pluie légère,Deux véhicules - côté,,,,,,,,,,,1,2,4,2.0,3.0
201700057040,0017-08-08 10:40:00,17,8,8,10,40,750,118,"52, RUE MARX DORMOY",48.888,2.35984,Plein jour,En agglomération,Hors intersection,Normale,Trois véhicules et plus - en chaîne,,,,,,,,,,,1,2,1,1.0,4.0
201700057041,0017-08-08 14:55:00,17,8,8,14,55,750,118,"33, RUE BOUCRY",48.8949,2.36014,Plein jour,En agglomération,Hors intersection,Pluie légère,Autre collision,,,,,,,,,,,1,2,1,2.0,6.0
201700057042,0017-08-12 06:55:00,17,8,12,6,55,750,118,RUE D AUBERVILLIERS,48.8957,2.37135,Plein jour,En agglomération,Intersection en T,Pluie légère,Autre collision,,,,,,,,,,,1,2,3,2.0,6.0
201700057043,0017-08-12 19:55:00,17,8,12,19,55,750,118,"60, RUE HERMEL",48.8942,2.34593,Crépuscule ou aube,En agglomération,Intersection en X,Pluie légère,Deux véhicules - arrière,,,,,,,,,,,2,2,2,2.0,2.0
201700057044,0017-08-13 15:10:00,17,8,13,15,10,750,118,"21, RUE DE JESSAINT",48.885,2.35584,Plein jour,En agglomération,Intersection en T,Normale,Autre collision,,,,,,,,,,,1,2,3,1.0,6.0
201700057045,0017-08-14 16:40:00,17,8,14,16,40,750,118,"60, RUE DU DEPARTEMENT",48.8868,2.35963,Plein jour,En agglomération,Intersection en T,Normale,Autre collision,,,,,,,,,,,1,2,3,1.0,6.0
201700057046,0017-08-14 17:00:00,17,8,14,17,0,750,118,"75, BOULEVARD ORNANO",48.8972,2.34494,Plein jour,En agglomération,Hors intersection,Normale,Trois véhicules et plus - en chaîne,,,,,,,,,,,1,2,1,1.0,4.0
201700057047,0017-08-14 21:40:00,17,8,14,21,40,750,118,"17, AVENUE DE LA PORTE D",48.9001,2.35859,Nuit avec éclairage allumé,En agglomération,Hors intersection,Normale,Autre collision,,,,,,,,,,,5,2,1,1.0,6.0
201700057048,0017-08-17 18:30:00,17,8,17,18,30,750,118,"28, RUE DE L EVANGILE",48.8934,2.36387,Plein jour,En agglomération,Hors intersection,Temps couvert,Autre collision,,,,,,,,,,,1,2,1,8.0,6.0
201700057049,0017-08-19 17:40:00,17,8,19,17,40,750,118,"31, RUE DES ABBESSES",48.885,2.3375,Plein jour,En agglomération,Intersection à plus de 4 branches,Normale,Autre collision,,,,,,,,,,,1,2,5,1.0,6.0
201700057050,0017-08-21 14:50:00,17,8,21,14,50,750,118,AVENUE DE LA PORTE DE CL,48.9005,2.34411,Plein jour,En agglomération,Intersection en Y,Normale,Deux véhicules - arrière,,,,,,,,,,,1,2,4,1.0,2.0
201700057051,0017-08-22 18:15:00,17,8,22,18,15,750,118,"113, RUE CAULAINCOURT",48.8897,2.34014,Plein jour,En agglomération,Intersection à plus de 4 branches,Normale,Autre collision,,,,,,,,,,,1,2,5,1.0,6.0
201700057052,0017-08-23 01:27:00,17,8,23,1,27,750,118,"54, BOULEVARD ORNANO",48.8953,2.34654,Nuit avec éclairage allumé,En agglomération,Intersection en Y,Normale,Autre collision,,,,,,,,,,,5,2,4,1.0,6.0
201700057053,0017-08-23 12:15:00,17,8,23,12,15,750,118,"148, RUE DES POISSONNIER",48.8974,2.35263,Plein jour,En agglomération,Hors intersection,Normale,Autre collision,,,,,,,,,,,1,2,1,1.0,6.0
201700057054,0017-08-23 21:20:00,17,8,23,21,20,750,118,"34, RUE DE LA CHAPELLE",48.8927,2.3597,Nuit avec éclairage non allumé,En agglomération,Intersection en T,Normale,Autre collision,,,,,,,,,,,4,2,3,1.0,6.0
201700057055,0017-08-26 20:15:00,17,8,26,20,15,750,118,BOULEVARD ORNANO,48.8972,2.34494,Crépuscule ou aube,En agglomération,Hors intersection,Normale,Deux véhicules - côté,,,,,,,,,,,2,2,1,1.0,3.0
201700057056,0017-08-27 22:00:00,17,8,27,22,0,750,118,"16, BOULEVARD NEY",48.8986,2.36873,Nuit avec éclairage allumé,En agglomération,Hors intersection,Normale,Autre collision,,,,,,,,,,,5,2,1,1.0,6.0
201700057057,0017-08-28 00:15:00,17,8,28,0,15,750,118,PLACE DE LA CHAPELLE,48.8849,2.35827,Nuit avec éclairage allumé,En agglomération,Place,Normale,Autre collision,,,,,,,,,,,5,2,7,1.0,6.0
201700057058,0017-08-29 15:40:00,17,8,29,15,40,750,118,"215, RUE D AUBERVILLIERS",48.8983,2.37028,Plein jour,En agglomération,Hors intersection,Normale,Autre collision,,,,,,,,,,,1,2,1,1.0,6.0
201700057059,0017-08-30 18:05:00,17,8,30,18,5,750,118,RUE LAMARCK,48.8907,2.33333,Plein jour,En agglomération,Intersection en X,Pluie légère,Deux véhicules - côté,,,,,,,,,,,1,2,2,2.0,3.0
201700057060,0017-08-31 23:20:00,17,8,31,23,20,750,118,"98, RUE ORDENER",48.8928,2.34192,Nuit avec éclairage allumé,En agglomération,Intersection en T,Normale,Autre collision,,,,,,,,,,,5,2,3,1.0,6.0
201700057061,0017-09-01 13:55:00,17,9,1,13,55,750,118,"14, RUE DES POISSONNIERS",48.8862,2.35034,Plein jour,En agglomération,Intersection en T,Normale,Deux véhicules - côté,,,,,,,,,,,1,2,3,1.0,3.0
201700057062,0017-09-03 20:30:00,17,9,3,20,30,750,118,"5, RUE ORDENER",48.8903,2.359,Nuit avec éclairage allumé,En agglomération,Hors intersection,Normale,Deux véhicules - frontale,,,,,,,,,,,5,2,1,1.0,1.0
201700057063,0017-09-06 08:30:00,17,9,6,8,30,750,118,"09, RUE CAULAINCOURT",48.8857,2.33121,Plein jour,En agglomération,Intersection en Y,Normale,Autre collision,,,,,,,,,,,1,2,4,1.0,6.0
201700057064,0017-09-08 18:45:00,17,9,8,18,45,750,118,"62, RUE DAMREMONT",48.8905,2.33427,Plein jour,En agglomération,Intersection en X,Normale,Autre collision,,,,,,,,,,,1,2,2,1.0,6.0
201700057065,0017-09-13 11:45:00,17,9,13,11,45,750,118,RUE DU MONT CENIS,48.8892,2.34249,Plein jour,En agglomération,Intersection en X,Pluie légère,Autre collision,,,,,,,,,,,1,2,2,2.0,6.0