accident_id,datetime,annee,mois,jour,heure,minute,departement,commune_insee,adresse,latitude,longitude,luminosite,agglomeration,intersection,meteo,collision,nb_vehicules,nb_usagers,nb_indemnes,nb_tues,nb_blesses_hosp,nb_blesses_legers,age_cond_1,age_cond_2,veh_type_cond_1,veh_type_cond_2,lum_code,agg_code,int_code,atm_code,col_code
201700057066,0017-09-13 17:00:00,17,9,13,17,0,750,118,"65, RUE MARX DORMOY",48.8891,2.35988,Plein jour,En agglomération,Intersection en T,Pluie légère,Sans collision,,,,,,,,,,,1,2,3,2.0,7.0
201700057067,0017-09-13 21:00:00,17,9,13,21,0,750,118,"73, BOULEVARD BARBES",48.8898,2.34959,Nuit avec éclairage allumé,En agglomération,Hors intersection,Pluie forte,Autre collision,,,,,,,,,,,5,2,1,3.0,6.0
201700057068,0017-09-14 08:30:00,17,9,14,8,30,750,118,"17, RUE CARPEAUX",48.891,2.33147,Plein jour,En agglomération,Place,Normale,Deux véhicules - arrière,,,,,,,,,,,1,2,7,1.0,2.0
201700057069,0017-09-14 13:00:00,17,9,14,13,0,750,118,"213, RUE D AUBERVILLIERS",48.8987,2.37027,Plein jour,En agglomération,Intersection en X,Normale,Autre collision,,,,,,,,,,,1,2,2,1.0,6.0
201700057070,0017-09-16 17:28:00,17,9,16,17,28,750,118,"75, RUE DES POISSONNIERS",48.8915,2.3517,Plein jour,En agglomération,Intersection en T,Temps couvert,Deux véhicules - arrière,,,,,,,,,,,1,2,3,8.0,2.0
201700057071,0017-09-18 00:45:00,17,9,18,0,45,750,118,"33BIS, RUE DOUDEAUVILLE",48.8886,2.35457,Nuit avec éclairage allumé,En agglomération,Intersection en T,Normale,Deux véhicules - côté,,,,,,,,,,,5,2,3,1.0,3.0
201700057072,0017-09-18 16:15:00,17,9,18,16,15,750,118,"67, RUE DE LA CHAPELLE",48.8961,2.35926,Plein jour,En agglomération,Hors intersection,Pluie légère,Autre collision,,,,,,,,,,,1,2,1,2.0,6.0
201700057073,0017-09-19 13:25:00,17,9,19,13,25,750,118,"81, RUE CHAMPIONNET",48.8958,2.34339,Plein jour,En agglomération,Intersection à plus de 4 branches,Normale,Deux véhicules - côté,,,,,,,,,,,1,2,5,1.0,3.0
201700057074,0017-09-20 00:25:00,17,9,20,0,25,750,118,"84, BOULEVARD BARBES",48.8905,2.34958,Nuit avec éclairage allumé,En agglomération,Intersection en X,Normale,Deux véhicules - côté,,,,,,,,,,,5,2,2,1.0,3.0
201700057075,0017-09-25 11:40:00,17,9,25,11,40,750,118,AVENUE DE LA PORTE DE CL,48.898,2.34414,Plein jour,En agglomération,Intersection à plus de 4 branches,Normale,Deux véhicules - côté,,,,,,,,,,,1,2,5,1.0,3.0
201700057076,0017-09-26 07:04:00,17,9,26,7,4,750,118,BOULEVARD DE LA CHAPELLE,48.8845,2.35932,Plein jour,En agglomération,Intersection en X,Temps couvert,Deux véhicules - côté,,,,,,,,,,,1,2,2,8.0,3.0
201700057077,0017-09-26 14:00:00,17,9,26,14,0,750,118,BOULEVARD NEY,48.898,2.34414,Plein jour,En agglomération,Intersection en X,Normale,Autre collision,,,,,,,,,,,1,2,2,1.0,6.0
201700057078,0017-09-27 17:30:00,17,9,27,17,30,750,118,"26, RUE RAYMOND QUENEAU",48.8954,2.36061,Plein jour,En agglomération,Hors intersection,Normale,Autre collision,,,,,,,,,,,1,2,1,1.0,6.0
201700057079,0017-09-27 18:00:00,17,9,27,18,0,750,118,"11, RUE DES ABBESSES",48.8841,2.33863,Plein jour,En agglomération,Place,Normale,Autre collision,,,,,,,,,,,1,2,7,1.0,6.0
201700057080,0017-09-29 20:30:00,17,9,29,20,30,750,118,"77, RUE DE LA CHAPELLE",48.8971,2.35918,Nuit avec éclairage allumé,En agglomération,Intersection en X,Pluie légère,Deux véhicules - côté,,,,,,,,,,,5,2,2,2.0,3.0
201700057081,0017-10-03 14:35:00,17,10,3,14,35,750,118,BOULEVARD NEY,48.8986,2.36293,Plein jour,En agglomération,Hors intersection,Normale,Deux véhicules - côté,,,,,,,,,,,1,2,1,1.0,3.0
201700057082,0017-10-06 08:00:00,17,10,6,8,0,750,118,"10, RUE CAULAINCOURT",48.8853,2.33059,Plein jour,En agglomération,Hors intersection,Normale,Deux véhicules - côté,,,,,,,,,,,1,2,1,1.0,3.0
201700057083,0017-10-07 13:50:00,17,10,7,13,50,750,118,"96, RUE DU POTEAU",48.8973,2.33798,Plein jour,En agglomération,Intersection en Y,Normale,Autre collision,,,,,,,,,,,1,2,4,1.0,6.0
201700057084,0017-10-07 18:55:00,17,10,7,18,55,750,118,", RUE DE L EVANGILE",48.8951,2.36886,Nuit avec éclairage allumé,En agglomération,Hors intersection,Pluie légère,Sans collision,,,,,,,,,,,5,2,1,2.0,7.0
201700057085,0017-10-07 19:10:00,17,10,7,19,10,750,118,"50, RUE BERTHE",48.886,2.33824,Crépuscule ou aube,En agglomération,Hors intersection,Temps couvert,Autre collision,,,,,,,,,,,2,2,1,8.0,6.0
201700057086,0017-10-08 14:42:00,17,10,8,14,42,750,118,PLACE ALBERT KAHN,48.896,2.34594,Plein jour,En agglomération,Place,Temps couvert,Autre collision,,,,,,,,,,,1,2,7,8.0,6.0
201700057087,0017-10-08 21:30:00,17,10,8,21,30,750,118,"2, RUE HOUDON",48.8824,2.33791,Nuit avec éclairage allumé,En agglomération,Intersection en X,Normale,Autre collision,,,,,,,,,,,5,2,2,1.0,6.0
201700057088,0017-10-10 10:00:00,17,10,10,10,0,750,118,"150, RUE DES POISSONNIER",48.8975,2.35259,Plein jour,En agglomération,Hors intersection,Temps couvert,Deux véhicules - côté,,,,,,,,,,,1,2,1,8.0,3.0
201700057089,0017-10-13 10:20:00,17,10,13,10,20,750,118,"17, BOULEVARD ORNANO",48.8925,2.34886,Plein jour,En agglomération,Intersection en Y,Normale,Deux véhicules - arrière,,,,,,,,,,,1,2,4,1.0,2.0
201700057090,0017-10-13 14:20:00,17,10,13,14,20,750,118,RUE DE L EVANGILE,48.8957,2.37135,Plein jour,En agglomération,Intersection en T,Normale,Autre collision,,,,,,,,,,,1,2,3,1.0,6.0
201700057091,0017-10-13 18:08:00,17,10,13,18,8,750,118,"2, AVENUE DE CLICHY",48.8837,2.32734,Plein jour,En agglomération,Place,Normale,Autre collision,,,,,,,,,,,1,2,7,1.0,6.0
201700057092,0017-10-13 11:45:00,17,10,13,11,45,750,118,"32, BOULEVARD ORNANO",48.8936,2.34791,Plein jour,En agglomération,Intersection en Y,Normale,Deux véhicules - arrière,,,,,,,,,,,1,2,4,1.0,2.0
201700057093,0017-10-14 21:30:00,17,10,14,21,30,750,118,RUE DE CLIGNANCOURT,48.889,2.34812,Nuit avec éclairage allumé,En agglomération,Intersection en X,Normale,Deux véhicules - côté,,,,,,,,,,,5,2,2,1.0,3.0
201700057094,0017-10-16 13:15:00,17,10,16,13,15,750,118,"27, RUE SIMART",48.8911,2.34755,Plein jour,En agglomération,Hors intersection,Normale,Autre collision,,,,,,,,,,,1,2,1,1.0,6.0
201700057095,0017-10-18 09:15:00,17,10,18,9,15,750,118,"34, BOULEVARD ORNANO",48.8946,2.3471,Plein jour,En agglomération,Intersection en X,Normale,Autre collision,,,,,,,,,,,1,2,2,1.0,6.0
201700057096,0017-10-18 11:00:00,17,10,18,11,0,750,118,RUE DE LA CHAPELLE,48.8984,2.35906,Plein jour,En agglomération,Intersection à plus de 4 branches,Normale,Deux véhicules - côté,,,,,,,,,,,1,2,5,1.0,3.0
201700057097,0017-10-18 11:20:00,17,10,18,11,20,750,118,"131, RUE DES POISSONNIER",48.8951,2.35291,Plein jour,En agglomération,Intersection en Y,Normale,Autre collision,,,,,,,,,,,1,2,4,1.0,6.0
201700057098,0017-10-18 14:50:00,17,10,18,14,50,750,118,"23, RUE BACHELET",48.8891,2.34458,Plein jour,En agglomération,Hors intersection,Temps couvert,Autre collision,,,,,,,,,,,1,2,1,8.0,6.0
201700057099,0017-10-18 14:05:00,17,10,18,14,5,750,118,"64, RUE DAMREMONT",48.8908,2.33445,Plein jour,En agglomération,Hors intersection,Normale,Autre collision,,,,,,,,,,,1,2,1,1.0,6.0
201700057100,0017-10-19 12:03:00,17,10,19,12,3,750,118,"115 BIS, RUE ORDENER",48.8925,2.34429,Plein jour,En agglomération,Intersection en Y,Normale,Deux véhicules - côté,,,,,,,,,,,1,2,4,1.0,3.0
201700057101,0017-10-19 15:00:00,17,10,19,15,0,750,118,"16/18, PLACE DE LA CHAPE",48.8849,2.36,Plein jour,En agglomération,Hors intersection,Normale,Autre collision,,,,,,,,,,,1,2,1,1.0,6.0
201700057102,0017-10-23 16:25:00,17,10,23,16,25,750,118,"8, PLACE ALBERT KAHN",48.8956,2.34626,Plein jour,En agglomération,Place,Pluie forte,Autre collision,,,,,,,,,,,1,2,7,3.0,6.0
201700057103,0017-10-24 10:20:00,17,10,24,10,20,750,117,"54, AVENUE DE CLICHY",48.8869,2.32584,Plein jour,En agglomération,Hors intersection,Pluie forte,Autre collision,,,,,,,,,,,1,2,1,3.0,6.0
201700057104,0017-10-26 14:05:00,17,10,26,14,5,750,118,RUE HERMEL,48.8911,2.34428,Plein jour,En agglomération,Intersection en X,Temps couvert,Deux véhicules - côté,,,,,,,,,,,1,2,2,8.0,3.0
201700057105,0017-10-27 13:09:00,17,10,27,13,9,750,118,"103, RUE D AUBERVILLIERS",48.8913,2.36882,Plein jour,En agglomération,Hors intersection,Normale,Deux véhicules - côté,,,,,,,,,,,1,2,1,1.0,3.0
201700057106,0017-10-27 13:45:00,17,10,27,13,45,750,118,"47, RUE STEPHENSON",48.8884,2.35609,Plein jour,En agglomération,Hors intersection,Normale,Autre collision,,,,,,,,,,,1,2,1,1.0,6.0
201700057107,0017-10-30 13:45:00,17,10,30,13,45,750,118,AVENUE DE LA PORTE DE CL,48.9005,2.34411,Plein jour,En agglomération,Intersection en Y,Normale,Autre collision,,,,,,,,,,,1,2,4,1.0,6.0
201700057108,0017-10-31 09:20:00,17,10,31,9,20,750,118,"29, BOULEVARD ORNANO",48.8941,2.34754,Plein jour,En agglomération,Hors intersection,Normale,Deux véhicules - côté,,,,,,,,,,,1,2,1,1.0,3.0
201700057109,0017-11-01 04:05:00,17,11,1,4,5,750,118,"104, BOULEVARD DE CLICHY",48.8842,2.33131,Nuit avec éclairage allumé,En agglomération,Hors intersection,Normale,Autre collision,,,,,,,,,,,5,2,1,1.0,6.0
201700057110,0017-11-02 18:45:00,17,11,2,18,45,750,118,BOULEVARD NEY,48.8982,2.35248,Nuit avec éclairage allumé,En agglomération,Intersection en X,Normale,Deux véhicules - côté,,,,,,,,,,,5,2,2,1.0,3.0
201700057111,0017-11-03 12:45:00,17,11,3,12,45,750,118,BOULEVARD NEY,48.8985,2.35243,Plein jour,En agglomération,Intersection en X,Normale,Autre collision,,,,,,,,,,,1,2,2,1.0,6.0
201700057112,0017-11-06 08:15:00,17,11,6,8,15,750,118,"0, RUE D AUBERVILLIERS",48.8966,2.37034,Plein jour,En agglomération,Hors intersection,Normale,Deux véhicules - côté,,,,,,,,,,,1,2,1,1.0,3.0
201700057113,0017-11-07 07:45:00,17,11,7,7,45,750,118,"27, RUE DE CLIGNANCOURT",48.8855,2.34735,Plein jour,En agglomération,Hors intersection,Normale,Autre collision,,,,,,,,,,,1,2,1,1.0,6.0
201700057114,0017-11-07 14:40:00,17,11,7,14,40,750,118,"122, AVENUE DE SAINT OUE",48.8952,2.32817,Plein jour,En agglomération,Intersection en T,Normale,Autre collision,,,,,,,,,,,1,2,3,1.0,6.0
201700057115,0017-11-08 16:30:00,17,11,8,16,30,750,118,"1, RUE CHRISTIANI",48.8855,2.34946,Plein jour,En agglomération,Intersection en Y,Normale,Deux véhicules - côté,,,,,,,,,,,1,2,4,1.0,3.0
201700057116,0017-11-09 18:00:00,17,11,9,18,0,750,118,RUE MARX DORMOY,48.8848,2.35932,Nuit avec éclairage allumé,En agglomération,Intersection en X,Normale,Autre collision,,,,,,,,,,,5,2,2,1.0,6.0
201700057117,0017-11-12 01:17:00,17,11,12,1,17,750,118,"/, RUE DES CLOYS",48.8927,2.34008,Nuit avec éclairage allumé,En agglomération,Intersection en X,Pluie légère,Deux véhicules - côté,,,,,,,,,,,5,2,2,2.0,3.0
201700057118,0017-11-11 23:30:00,17,11,11,23,30,750,118,"30, AVENUE DE LA PORTE D",48.9003,2.34411,Nuit avec éclairage allumé,En agglomération,Hors intersection,Pluie légère,Autre collision,,,,,,,,,,,5,2,1,2.0,6.0
201700057119,0017-11-11 23:35:00,17,11,11,23,35,750,118,"30, AVENUE DE LA PORTE D",48.9002,2.34411,Nuit avec éclairage allumé,En agglomération,Hors intersection,Pluie légère,Autre collision,,,,,,,,,,,5,2,1,2.0,6.0
201700057120,0017-11-12 12:30:00,17,11,12,12,30,750,118,"37, BOULEVARD BARBES",48.8878,2.34955,Plein jour,En agglomération,Hors intersection,Pluie légère,Autre collision,,,,,,,,,,,1,2,1,2.0,6.0
201700057121,0017-11-13 14:05:00,17,11,13,14,5,750,118,"47, RUE D AUBERVILLIERS",48.8876,2.36713,Plein jour,En agglomération,Hors intersection,Normale,Autre collision,,,,,,,,,,,1,2,1,1.0,6.0
201700057122,0017-11-14 11:50:00,17,11,14,11,50,750,118,RUE HERMEL,48.893,2.34527,Plein jour,En agglomération,Hors intersection,Normale,Autre collision,,,,,,,,,,,1,2,1,1.0,6.0
201700057123,0017-11-14 13:45:00,17,11,14,13,45,750,118,"/, RUE CAULAINCOURT",48.8866,2.33262,Plein jour,En agglomération,Intersection à plus de 4 branches,Normale,Deux véhicules - arrière,,,,,,,,,,,1,2,5,1.0,2.0
201700057124,0017-11-14 18:05:00,17,11,14,18,5,750,118,"19, RUE CARPEAUX",48.891,2.33147,Nuit avec éclairage allumé,En agglomération,Intersection en X,Normale,Autre collision,,,,,,,,,,,5,2,2,1.0,6.0
201700057125,0017-11-14 19:10:00,17,11,14,19,10,750,118,"10, RUE CAULAINCOURT",48.8857,2.33121,Nuit avec éclairage allumé,En agglomération,Intersection en Y,Normale,Autre collision,,,,,,,,,,,5,2,4,1.0,6.0
201700057126,0017-11-15 12:45:00,17,11,15,12,45,750,118,"80, BOULEVARD NEY",48.8987,2.35905,Plein jour,En agglomération,Intersection en X,Normale,Autre collision,,,,,,,,,,,1,2,2,1.0,6.0
201700057127,0017-11-15 20:30:00,17,11,15,20,30,750,118,BOULEVARD PERIPHERIQUE E,48.9009,2.33525,Nuit sans éclairage public,En agglomération,Hors intersection,Normale,Deux véhicules - arrière,,,,,,,,,,,3,2,1,1.0,2.0
201700057128,0017-11-18 13:15:00,17,11,18,13,15,750,118,"46, BOULEVARD BARBES",48.8873,2.34955,Plein jour,En agglomération,Intersection en T,Temps couvert,Deux véhicules - côté,,,,,,,,,,,1,2,3,8.0,3.0
201700057129,0017-11-20 02:20:00,17,11,20,2,20,750,118,RUE DE LA CHAPELLE,48.8953,2.35964,Nuit avec éclairage allumé,En agglomération,Place,Normale,Autre collision,,,,,,,,,,,5,2,7,1.0,6.0
201700057130,0017-11-21 08:40:00,17,11,21,8,40,750,118,BOULEVARD BARBES,48.8873,2.34955,Plein jour,En agglomération,Intersection à plus de 4 branches,Temps couvert,Deux véhicules - côté,,,,,,,,,,,1,2,5,8.0,3.0
201700057131,0017-11-21 08:20:00,17,11,21,8,20,750,118,"1, RUE CAULAINCOURT",48.8898,2.34293,Plein jour,En agglomération,Intersection à plus de 4 branches,Normale,Sans collision,,,,,,,,,,,1,2,5,1.0,7.0
201700057132,0017-11-22 06:15:00,17,11,22,6,15,750,118,RUE D ORSEL,48.8837,2.34353,Nuit avec éclairage allumé,En agglomération,Intersection en X,Normale,Autre collision,,,,,,,,,,,5,2,2,1.0,6.0
201700057133,0017-11-22 11:25:00,17,11,22,11,25,750,118,"29, BOULEVARD NEY",48.8984,2.35906,Plein jour,En agglomération,Intersection en X,Normale,Autre collision,,,,,,,,,,,1,2,2,1.0,6.0
201700057134,0017-11-22 15:30:00,17,11,22,15,30,750,118,"3, RUE DE LA CHAPELLE",48.8908,2.35987,Plein jour,En agglomération,Intersection en Y,Normale,Autre collision,,,,,,,,,,,1,2,4,1.0,6.0
201700057135,0017-11-09 10:25:00,17,11,9,10,25,750,118,AVENUE DE LA PORTE D,48.8993,2.34409,Plein jour,En agglomération,Intersection en X,Normale,Autre collision,,,,,,,,,,,1,2,2,1.0,6.0
201700057136,0017-11-23 12:40:00,17,11,23,12,40,750,118,"7, AVENUE DE LA PORTE DE",48.8984,2.33683,Plein jour,En agglomération,Intersection en T,Normale,Autre collision,,,,,,,,,,,1,2,3,1.0,6.0
201700057137,0017-11-23 13:45:00,17,11,23,13,45,750,118,"5, RUE ERNESTINE",48.8889,2.35455,Plein jour,En agglomération,Intersection en T,Normale,Autre collision,,,,,,,,,,,1,2,3,1.0,6.0
201700057138,0017-11-24 18:20:00,17,11,24,18,20,750,118,"36, RUE CUSTINE",48.8889,2.34647,Crépuscule ou aube,En agglomération,Intersection en Y,Normale,Deux véhicules - côté,,,,,,,,,,,2,2,4,1.0,3.0
201700057139,0017-11-25 20:30:00,17,11,25,20,30,750,118,"33, BOULEVARD BARBES",48.8873,2.34955,Nuit avec éclairage allumé,En agglomération,Intersection en T,Normale,Deux véhicules - côté,,,,,,,,,,,5,2,3,1.0,3.0
201700057140,0017-11-26 11:00:00,17,11,26,11,0,750,118,AVENUE DE LA PORTE DE LA,48.8987,2.35905,Plein jour,En agglomération,Intersection en X,Normale,Deux véhicules - côté,,,,,,,,,,,1,2,2,1.0,3.0
201700057141,0017-11-26 20:50:00,17,11,26,20,50,750,118,"9, BOULEVARD BARBES",48.885,2.34948,Nuit avec éclairage allumé,En agglomération,Hors intersection,Normale,Sans collision,,,,,,,,,,,5,2,1,1.0,7.0
201700057142,0017-11-30 13:35:00,17,11,30,13,35,750,118,"98, RUE DU POTEAU",48.8973,2.33798,Plein jour,En agglomération,Intersection en Y,Normale,Autre collision,,,,,,,,,,,1,2,4,1.0,6.0
201700057143,0017-11-30 19:45:00,17,11,30,19,45,750,118,"15, RUE LEPIC",48.8847,2.33358,Nuit avec éclairage allumé,En agglomération,Intersection en T,Temps couvert,Autre collision,,,,,,,,,,,5,2,3,8.0,6.0
201700057144,0017-12-01 07:50:00,17,12,1,7,50,750,118,"66, RUE MARX DORMOY",48.8891,2.35988,Crépuscule ou aube,En agglomération,Intersection en T,Pluie légère,Autre collision,,,,,,,,,,,2,2,3,2.0,6.0
201700057145,0017-12-01 12:45:00,17,12,1,12,45,750,118,"80, BOULEVARD ORNANO",48.8971,2.34506,Plein jour,En agglomération,Hors intersection,Normale,Autre collision,,,,,,,,,,,1,2,1,1.0,6.0
201700057146,0017-12-02 14:45:00,17,12,2,14,45,750,118,"106, RUE LAMARCK",48.8903,2.33574,Plein jour,En agglomération,Intersection en T,Temps couvert,Deux véhicules - frontale,,,,,,,,,,,1,2,3,8.0,1.0
201700057147,0017-12-04 12:20:00,17,12,4,12,20,750,118,"/, RUE HERMEL",48.8917,2.3446,Plein jour,En agglomération,Intersection en X,Normale,Deux véhicules - côté,,,,,,,,,,,1,2,2,1.0,3.0
201700057148,0017-12-04 12:30:00,17,12,4,12,30,750,118,"13, BOULEVARD BARBES",48.8852,2.34948,Plein jour,En agglomération,Hors intersection,Pluie légère,Autre collision,,,,,,,,,,,1,2,1,2.0,6.0
201700057149,0017-12-06 13:15:00,17,12,6,13,15,750,118,"52, AVENUE DE CLICHY",48.8866,2.32598,Plein jour,En agglomération,Intersection en T,Normale,Autre collision,,,,,,,,,,,1,2,3,1.0,6.0
201700057150,0017-12-08 14:25:00,17,12,8,14,25,750,118,AVENUE DE LA PORTE DE LA,48.8987,2.35905,Plein jour,En agglomération,Intersection en X,Pluie légère,Deux véhicules - côté,,,,,,,,,,,1,2,2,2.0,3.0
201700057151,0017-12-09 16:45:00,17,12,9,16,45,750,118,"44, RUE LETORT",48.8964,2.34357,Crépuscule ou aube,En agglomération,Intersection en T,Normale,Autre collision,,,,,,,,,,,2,2,3,1.0,6.0
201700057152,0017-12-10 17:15:00,17,12,10,17,15,750,118,"20, RUE CUSTINE",48.8885,2.34757,Nuit avec éclairage allumé,En agglomération,Hors intersection,Pluie forte,Deux véhicules - côté,,,,,,,,,,,5,2,1,3.0,3.0
201700057153,0017-12-11 10:35:00,17,12,11,10,35,750,117,"90, AVENUE DE SAINT OUEN",48.893,2.32739,Plein jour,En agglomération,Intersection en T,Pluie légère,Autre collision,,,,,,,,,,,1,2,3,2.0,6.0
201700057154,0017-12-11 18:50:00,17,12,11,18,50,750,118,"104, RUE CAULAINCOURT",48.8897,2.3397,Crépuscule ou aube,En agglomération,Hors intersection,Temps couvert,Autre collision,,,,,,,,,,,2,2,1,8.0,6.0
201700057155,0017-12-13 07:15:00,17,12,13,7,15,750,118,"207, RUE ORDENER",48.8942,2.33255,Nuit avec éclairage allumé,En agglomération,Intersection à plus de 4 branches,Pluie légère,Autre collision,,,,,,,,,,,5,2,5,2.0,6.0
201700057156,0017-12-13 08:00:00,17,12,13,8,0,750,118,RUE LOUIS PASTEUR VALERY,48.9004,2.32989,Nuit avec éclairage allumé,En agglomération,Intersection en X,Pluie légère,Deux véhicules - côté,,,,,,,,,,,5,2,2,2.0,3.0
201700057157,0017-12-13 09:30:00,17,12,13,9,30,750,118,"94, BOULEVARD DE ROCHECH",48.8826,2.3419,Crépuscule ou aube,En agglomération,Intersection en T,Pluie forte,Sans collision,,,,,,,,,,,2,2,3,3.0,7.0
201700057158,0017-12-13 09:10:00,17,12,13,9,10,750,118,"148, RUE DAMREMONT",48.8961,2.3381,Plein jour,En agglomération,Intersection en T,Pluie légère,Autre collision,,,,,,,,,,,1,2,3,2.0,6.0
201700057159,0017-12-14 12:25:00,17,12,14,12,25,750,118,"32, BOULEVARD BARBES",48.8862,2.34951,Plein jour,En agglomération,Hors intersection,Temps couvert,Autre collision,,,,,,,,,,,1,2,1,8.0,6.0
201700057160,0017-12-14 16:50:00,17,12,14,16,50,750,118,"134, RUE MARCADET",48.8912,2.3396,Crépuscule ou aube,En agglomération,Intersection à plus de 4 branches,Pluie forte,Autre collision,,,,,,,,,,,2,2,5,3.0,6.0
201700057161,0017-12-15 09:25:00,17,12,15,9,25,750,118,", BOULEVARD DE CLICHY",48.8846,2.3295,Plein jour,En agglomération,Intersection à plus de 4 branches,Temps couvert,Sans collision,,,,,,,,,,,1,2,5,8.0,7.0
201700057162,0017-12-15 14:25:00,17,12,15,14,25,750,118,RUE DU SIMPLON,48.8936,2.351,Plein jour,En agglomération,Intersection en X,Pluie légère,Autre collision,,,,,,,,,,,1,2,2,2.0,6.0
201700057163,0017-12-15 20:45:00,17,12,15,20,45,750,118,"154, RUE ORDENER",48.8936,2.33637,Nuit avec éclairage allumé,En agglomération,Intersection en X,Pluie légère,Autre collision,,,,,,,,,,,5,2,2,2.0,6.0
201700057164,0017-12-17 08:46:00,17,12,17,8,46,750,118,"27, RUE VAUVENARGUES",48.8937,2.33303,Crépuscule ou aube,En agglomération,Hors intersection,Normale,Deux véhicules - côté,,,,,,,,,,,2,2,1,1.0,3.0
201700057165,0017-12-17 21:00:00,17,12,17,21,0,750,118,AVENUE DE LA PORTE DE MO,48.8992,2.33624,Nuit avec éclairage allumé,En agglomération,Intersection en X,Pluie légère,Autre collision,,,,,,,,,,,5,2,2,2.0,6.0
201700057166,0017-12-18 15:45:00,17,12,18,15,45,750,118,"61, RUE DE LA CHAPELLE",48.8955,2.35929,Plein jour,En agglomération,Place,Normale,Deux véhicules - côté,,,,,,,,,,,1,2,7,1.0,3.0
201700057167,0017-12-20 11:50:00,17,12,20,11,50,750,118,"9, BOULEVARD BARBES",48.8842,2.34946,Plein jour,En agglomération,Intersection en T,Normale,Deux véhicules - arrière,,,,,,,,,,,1,2,3,1.0,2.0
201700057168,0017-12-21 14:26:00,17,12,21,14,26,750,118,"32, RUE DE L EVANGILE",48.8937,2.36454,Plein jour,En agglomération,Hors intersection,Temps couvert,Deux véhicules - frontale,,,,,,,,,,,1,2,1,8.0,1.0
201700057169,0017-12-21 17:20:00,17,12,21,17,20,750,118,"48, AVENUE DE CLICHY",48.8863,2.32612,Crépuscule ou aube,En agglomération,Intersection en T,Pluie légère,Deux véhicules - côté,,,,,,,,,,,2,2,3,2.0,3.0
201700057170,0017-12-21 21:50:00,17,12,21,21,50,750,118,"50, AVENUE DE CLICHY",48.8866,2.32598,Nuit avec éclairage allumé,En agglomération,Intersection en T,Normale,Deux véhicules - côté,,,,,,,,,,,5,2,3,1.0,3.0
201700057171,0017-12-23 23:00:00,17,12,23,23,0,750,118,"98, RUE DES MARTYRS",48.8844,2.33973,Nuit avec éclairage allumé,En agglomération,Hors intersection,Normale,Autre collision,,,,,,,,,,,5,2,1,1.0,6.0
201700057172,0017-12-24 19:30:00,17,12,24,19,30,750,119,PLACE SKANDERBEG,48.9009,2.37027,Nuit avec éclairage allumé,En agglomération,Place,Pluie légère,Deux véhicules - côté,,,,,,,,,,,5,2,7,2.0,3.0
201700057173,0017-12-30 20:00:00,17,12,30,20,0,750,118,"25, RUE DE CLIGNANCOURT",48.885,2.34726,Nuit avec éclairage allumé,En agglomération,Intersection en Y,Normale,Autre collision,,,,,,,,,,,5,2,4,1.0,6.0
201700057174,0017-12-31 19:10:00,17,12,31,19,10,750,118,RUE HERMEL,48.8917,2.3446,Nuit avec éclairage allumé,En agglomération,Intersection en X,Normale,Deux véhicules - côté,,,,,,,,,,,5,2,2,1.0,3.0
201700057175,0017-01-04 09:20:00,17,1,4,9,20,750,119,"136, AVENUE DE FLANDRE",48.8932,2.3803,Plein jour,En agglomération,Hors intersection,Normale,Autre collision,,,,,,,,,,,1,2,1,1.0,6.0
201700057176,0017-01-05 08:02:00,17,1,5,8,2,750,110,PLACE DU COLONEL FABIEN,48.8784,2.37025,Plein jour,En agglomération,Place,Normale,Deux véhicules - côté,,,,,,,,,,,1,2,7,1.0,3.0
201700057177,0017-01-06 19:00:00,17,1,6,19,0,750,119,"92, BOULEVARD DE LA VILL",48.8765,2.37212,Crépuscule ou aube,En agglomération,Intersection en T,Normale,Autre collision,,,,,,,,,,,2,2,3,1.0,6.0
201700057178,0017-01-08 16:10:00,17,1,8,16,10,750,119,"99, AVENUE JEAN JAURES",48.8854,2.38031,Plein jour,En agglomération,Hors intersection,Normale,Autre collision,,,,,,,,,,,1,2,1,1.0,6.0
201700057179,0017-01-12 10:00:00,17,1,12,10,0,750,119,"10, RUE EMILE REYNAUD",48.9014,2.38842,Plein jour,En agglomération,Hors intersection,Pluie légère,Autre collision,,,,,,,,,,,1,2,1,2.0,6.0
201700057180,0017-01-12 12:30:00,17,1,12,12,30,750,119,"58, RUE D AUBERVILLIERS",48.8873,2.36704,Plein jour,En agglomération,Intersection en T,Pluie légère,Deux véhicules - arrière,,,,,,,,,,,1,2,3,2.0,2.0
201700057181,0017-01-12 15:05:00,17,1,12,15,5,750,119,"17, AVENUE CORENTIN CARI",48.8958,2.38357,Plein jour,En agglomération,Intersection à plus de 4 branches,Pluie légère,Deux véhicules - côté,,,,,,,,,,,1,2,5,2.0,3.0
201700057182,0017-01-12 17:30:00,17,1,12,17,30,750,119,"13, QUAI DE LA GARONNE",48.89,2.38741,Nuit avec éclairage allumé,En agglomération,Intersection en T,Normale,Autre collision,,,,,,,,,,,5,2,3,1.0,6.0
201700057183,0017-01-13 03:05:00,17,1,13,3,5,750,119,"0, PLACE AUGUSTE BARON",48.8998,2.38781,Nuit avec éclairage allumé,En agglomération,Place,Normale,Autre collision,,,,,,,,,,,5,2,7,1.0,6.0
201700057184,0017-01-21 20:30:00,17,1,21,20,30,750,119,"0, AVENUE DE FLANDRE",48.8905,2.37686,Nuit avec éclairage allumé,En agglomération,Intersection à plus de 4 branches,Normale,Deux véhicules - côté,,,,,,,,,,,5,2,5,1.0,3.0