accident_id,datetime,annee,mois,jour,heure,minute,departement,commune_insee,adresse,latitude,longitude,luminosite,agglomeration,intersection,meteo,collision,nb_vehicules,nb_usagers,nb_indemnes,nb_tues,nb_blesses_hosp,nb_blesses_legers,age_cond_1,age_cond_2,veh_type_cond_1,veh_type_cond_2,lum_code,agg_code,int_code,atm_code,col_code
201700057185,0017-01-23 10:00:00,17,1,23,10,0,750,119,"15, RUE DE LA MARSEILLAI",48.8887,2.39791,Plein jour,En agglomération,Hors intersection,Normale,Autre collision,,,,,,,,,,,1,2,1,1.0,6.0
201700057186,0017-01-24 15:40:00,17,1,24,15,40,750,119,"46, AVENUE DE FLANDRE",48.8872,2.37277,Plein jour,En agglomération,Hors intersection,Normale,Autre collision,,,,,,,,,,,1,2,1,1.0,6.0
201700057187,0017-01-25 04:45:00,17,1,25,4,45,750,119,RUE DE BELLEVILLE,48.8765,2.40442,Nuit avec éclairage allumé,En agglomération,Hors intersection,Normale,Deux véhicules - frontale,,,,,,,,,,,5,2,1,1.0,1.0
201700057188,0017-01-28 00:10:00,17,1,28,0,10,750,110,"., PLACE DU COLONEL FABI",48.8777,2.37054,Nuit avec éclairage allumé,En agglomération,Place,Normale,Autre collision,,,,,,,,,,,5,2,7,1.0,6.0
201700057189,0017-01-30 09:30:00,17,1,30,9,30,750,119,"247, RUE DE CRIMEE",48.8944,2.3727,Plein jour,En agglomération,Hors intersection,Pluie légère,Autre collision,,,,,,,,,,,1,2,1,2.0,6.0
201700057190,0017-02-01 17:40:00,17,2,1,17,40,750,118,"55, RUE DE LA CHAPELLE",48.8946,2.35939,Nuit avec éclairage allumé,En agglomération,Hors intersection,Normale,Autre collision,,,,,,,,,,,5,2,1,1.0,6.0
201700057191,0017-02-01 20:00:00,17,2,1,20,0,750,119,"307, RUE DE BELLEVILLE",48.8762,2.40322,Nuit avec éclairage allumé,En agglomération,Hors intersection,Normale,Deux véhicules - arrière,,,,,,,,,,,5,2,1,1.0,2.0
201700057192,0017-02-02 00:30:00,17,2,2,0,30,750,119,"/, AVENUE DE LA PORTE DE",48.8998,2.38781,Nuit avec éclairage allumé,En agglomération,Place,Normale,Deux véhicules - côté,,,,,,,,,,,5,2,7,1.0,3.0
201700057193,0017-02-02 15:00:00,17,2,2,15,0,750,119,"00, RUE DE L OURCQ",48.8923,2.3791,Plein jour,En agglomération,Intersection en X,Pluie légère,Autre collision,,,,,,,,,,,1,2,2,2.0,6.0
201700057194,0017-02-02 19:50:00,17,2,2,19,50,750,119,"216, AVENUE JEAN JAURES",48.8889,2.39341,Nuit avec éclairage allumé,En agglomération,Hors intersection,Normale,Autre collision,,,,,,,,,,,5,2,1,1.0,6.0
201700057195,0017-02-03 16:35:00,17,2,3,16,35,750,119,"148, AVENUE JEAN JAURES",48.8872,2.38714,Plein jour,En agglomération,Intersection en T,Pluie légère,Autre collision,,,,,,,,,,,1,2,3,2.0,6.0
201700057196,0017-02-04 18:30:00,17,2,4,18,30,750,119,PLACE DU COLONEL FABIEN,48.8783,2.37062,Crépuscule ou aube,En agglomération,Place,Pluie légère,Autre collision,,,,,,,,,,,2,2,7,2.0,6.0
201700057197,0017-02-04 17:10:00,17,2,4,17,10,750,119,"218, RUE D AUBERVILLIERS",48.8978,2.3703,Crépuscule ou aube,En agglomération,Hors intersection,Pluie légère,Autre collision,,,,,,,,,,,2,2,1,2.0,6.0
201700057198,0017-02-05 21:30:00,17,2,5,21,30,750,112,BOULEVARD PERIPHERIQUE E,48.8372,2.41272,Nuit avec éclairage allumé,En agglomération,Hors intersection,Temps couvert,Deux véhicules - arrière,,,,,,,,,,,5,2,1,8.0,2.0
201700057199,0017-02-06 08:30:00,17,2,6,8,30,750,110,"136, QUAI DE JEMMAPES",48.8763,2.36495,Plein jour,En agglomération,Hors intersection,Normale,Deux véhicules - côté,,,,,,,,,,,1,2,1,1.0,3.0
201700057200,0017-02-08 14:08:00,17,2,8,14,8,750,119,"80, AVENUE JEAN JAURES",48.8848,2.37806,Plein jour,En agglomération,Hors intersection,Normale,Autre collision,,,,,,,,,,,1,2,1,1.0,6.0
201700057201,0017-02-09 13:25:00,17,2,9,13,25,750,119,BOULEVARD MACDONALD,48.8988,2.37724,Plein jour,En agglomération,Intersection en T,Normale,Autre collision,,,,,,,,,,,1,2,3,1.0,6.0
201700057202,0017-02-11 00:40:00,17,2,11,0,40,750,119,"220, AVENUE JEAN JAURES",48.8889,2.39373,Nuit avec éclairage allumé,En agglomération,Hors intersection,Normale,Deux véhicules - arrière,,,,,,,,,,,5,2,1,1.0,2.0
201700057203,0017-02-11 18:05:00,17,2,11,18,5,750,119,"159, RUE DE CRIMEE",48.8886,2.37919,Crépuscule ou aube,En agglomération,Intersection en T,Temps couvert,Deux véhicules - côté,,,,,,,,,,,2,2,3,8.0,3.0
201700057204,0017-02-13 19:30:00,17,2,13,19,30,750,119,"6, AVENUE SIMON BOLIVAR",48.8739,2.38529,Nuit avec éclairage allumé,En agglomération,Intersection à plus de 4 branches,Normale,Autre collision,,,,,,,,,,,5,2,5,1.0,6.0
201700057205,0017-02-14 09:00:00,17,2,14,9,0,750,119,"79, RUE DE BELLEVILLE",48.8736,2.38392,Plein jour,En agglomération,Hors intersection,Pluie légère,Sans collision,,,,,,,,,,,1,2,1,2.0,7.0
201700057206,0017-02-15 12:20:00,17,2,15,12,20,750,119,"43, AVENUE SIMON BOLIVAR",48.8761,2.38076,Plein jour,En agglomération,Hors intersection,Normale,Deux véhicules - arrière,,,,,,,,,,,1,2,1,1.0,2.0
201700057207,0017-02-15 20:05:00,17,2,15,20,5,750,119,"63, RUE DU GENERAL BRUNE",48.8833,2.39492,Nuit avec éclairage allumé,En agglomération,Intersection en X,Normale,Autre collision,,,,,,,,,,,5,2,2,1.0,6.0
201700057208,0017-02-16 14:15:00,17,2,16,14,15,750,119,"37, RUE DE NANTES",48.8925,2.381,Plein jour,En agglomération,Hors intersection,Normale,Autre collision,,,,,,,,,,,1,2,1,1.0,6.0
201700057209,0017-02-16 18:55:00,17,2,16,18,55,750,119,"156, AVENUE DE FLANDRE",48.8943,2.3817,Nuit avec éclairage allumé,En agglomération,Intersection en X,Pluie légère,Autre collision,,,,,,,,,,,5,2,2,2.0,6.0
201700057210,0017-02-16 19:45:00,17,2,16,19,45,750,119,"2, AVENUE DE LAUMIERE",48.8825,2.3817,Nuit avec éclairage allumé,En agglomération,Place,Normale,Autre collision,,,,,,,,,,,5,2,7,1.0,6.0
201700057211,0017-02-17 14:40:00,17,2,17,14,40,750,119,RUE GASTON TESSIER,48.8953,2.37189,Plein jour,En agglomération,Intersection en X,Normale,Deux véhicules - côté,,,,,,,,,,,1,2,2,1.0,3.0
201700057212,0017-02-21 20:20:00,17,2,21,20,20,750,119,PLACE DE LA PORTE DE PAN,48.8893,2.39663,Nuit avec éclairage allumé,En agglomération,Hors intersection,Normale,Autre collision,,,,,,,,,,,5,2,1,1.0,6.0
201700057213,0017-02-22 01:10:00,17,2,22,1,10,750,119,AVENUE JEAN JAURES,48.8828,2.37033,Nuit avec éclairage allumé,En agglomération,Place,Normale,Deux véhicules - côté,,,,,,,,,,,5,2,7,1.0,3.0
201700057214,0017-02-23 08:35:00,17,2,23,8,35,750,119,RUE DE CRIMEE,48.8953,2.37189,Plein jour,En agglomération,Intersection en X,Normale,Sans collision,,,,,,,,,,,1,2,2,1.0,7.0
201700057215,0017-02-23 13:02:00,17,2,23,13,2,750,119,"176, AVENUE JEAN JAURES",48.8878,2.38925,Plein jour,En agglomération,Intersection en X,Normale,Autre collision,,,,,,,,,,,1,2,2,1.0,6.0
201700057216,0017-02-23 15:40:00,17,2,23,15,40,750,119,RUE DE BELLEVILLE,48.873,2.38061,Plein jour,En agglomération,Hors intersection,Pluie légère,Autre collision,,,,,,,,,,,1,2,1,2.0,6.0
201700057217,0017-02-24 16:45:00,17,2,24,16,45,750,119,"2, AVENUE DE FLANDRE",48.8843,2.36914,Plein jour,En agglomération,Intersection en T,Temps couvert,Autre collision,,,,,,,,,,,1,2,3,8.0,6.0
201700057218,0017-02-28 08:20:00,17,2,28,8,20,750,119,"205, BOULEVARD SERURIER",48.8952,2.39414,Plein jour,En agglomération,Hors intersection,Temps couvert,Deux véhicules - côté,,,,,,,,,,,1,2,1,8.0,3.0
201700057219,0017-02-28 16:05:00,17,2,28,16,5,750,119,BOULEVARD DE LA COMMANDE,48.9021,2.38491,Plein jour,En agglomération,Intersection en Y,Normale,Autre collision,,,,,,,,,,,1,2,4,1.0,6.0
201700057220,0017-03-01 20:10:00,17,3,1,20,10,750,119,"54, RUE RIQUET",48.8895,2.36974,Nuit avec éclairage allumé,En agglomération,Hors intersection,Pluie légère,Deux véhicules - côté,,,,,,,,,,,5,2,1,2.0,3.0
201700057221,0017-03-04 16:15:00,17,3,4,16,15,750,119,"46, RUE BOTZARIS",48.8791,2.38319,Plein jour,En agglomération,Hors intersection,Pluie forte,Autre collision,,,,,,,,,,,1,2,1,3.0,6.0
201700057222,0017-03-07 10:05:00,17,3,7,10,5,750,119,"06, RUE ALPHONSE AULARD",48.8802,2.3986,Plein jour,En agglomération,Intersection en T,Normale,Deux véhicules - côté,,,,,,,,,,,1,2,3,1.0,3.0
201700057223,0017-03-07 10:15:00,17,3,7,10,15,750,119,"119, RUE MANIN",48.8836,2.38924,Plein jour,En agglomération,Hors intersection,Normale,Deux véhicules - côté,,,,,,,,,,,1,2,1,1.0,3.0
201700057224,0017-03-08 06:00:00,17,3,8,6,0,750,119,PLACE AUGUSTE BARON,48.9003,2.38694,Nuit avec éclairage allumé,En agglomération,Place,Pluie forte,Autre collision,,,,,,,,,,,5,2,7,3.0,6.0
201700057225,0017-03-08 05:55:00,17,3,8,5,55,750,119,AVENUE DE LA PORTE DE LA,48.9012,2.38942,Crépuscule ou aube,En agglomération,Intersection en X,Pluie légère,Deux véhicules - côté,,,,,,,,,,,2,2,2,2.0,3.0
201700057226,0017-03-09 22:50:00,17,3,9,22,50,750,120,"153, AVENUE GAMBETTA",48.8701,2.40297,Nuit avec éclairage allumé,En agglomération,Hors intersection,Normale,Autre collision,,,,,,,,,,,5,2,1,1.0,6.0
201700057227,0017-03-11 18:50:00,17,3,11,18,50,750,119,PLACE AUGUSTE BARON,48.901,2.38813,Nuit avec éclairage allumé,En agglomération,Place,Normale,Deux véhicules - arrière,,,,,,,,,,,5,2,7,1.0,2.0
201700057228,0017-03-12 12:10:00,17,3,12,12,10,750,119,RUE DE CRIMEE,48.8842,2.38419,Plein jour,En agglomération,Intersection en X,Normale,Autre collision,,,,,,,,,,,1,2,2,1.0,6.0
201700057229,0017-03-12 16:50:00,17,3,12,16,50,750,119,AVENUE DE FLANDRE,48.8869,2.37239,Plein jour,En agglomération,Hors intersection,Normale,Deux véhicules - côté,,,,,,,,,,,1,2,1,1.0,3.0
201700057230,0017-03-12 18:25:00,17,3,12,18,25,750,119,"18, RUE DE CRIMEE",48.878,2.39129,Plein jour,En agglomération,Hors intersection,Normale,Autre collision,,,,,,,,,,,1,2,1,1.0,6.0
201700057231,0017-03-13 16:15:00,17,3,13,16,15,750,119,"49, RUE DU GENERAL BRUNE",48.8825,2.39379,Plein jour,En agglomération,Hors intersection,Normale,Deux véhicules - côté,,,,,,,,,,,1,2,1,1.0,3.0
201700057232,0017-03-13 21:30:00,17,3,13,21,30,750,119,"2, RUE ARCHEREAU",48.8893,2.37125,Nuit avec éclairage allumé,En agglomération,Intersection à plus de 4 branches,Normale,Deux véhicules - arrière,,,,,,,,,,,5,2,5,1.0,2.0
201700057233,0017-03-14 09:33:00,17,3,14,9,33,750,119,BOULEVARD PERIPHERIQUE E,48.8805,2.40588,Plein jour,En agglomération,Hors intersection,Normale,Autre collision,,,,,,,,,,,1,2,1,1.0,6.0
201700057234,0017-03-14 13:30:00,17,3,14,13,30,750,119,AVENUE DE LA PORTE CHAUM,48.8862,2.39647,Plein jour,En agglomération,Intersection en X,Normale,Deux véhicules - côté,,,,,,,,,,,1,2,2,1.0,3.0
201700057235,0017-03-14 16:45:00,17,3,14,16,45,750,119,"11, RUE DE MEAUX",48.8788,2.37106,Plein jour,En agglomération,Hors intersection,Normale,Autre collision,,,,,,,,,,,1,2,1,1.0,6.0
201700057236,0017-03-14 18:35:00,17,3,14,18,35,750,119,PLACE GENERAL COCHET,48.8864,2.39395,Plein jour,En agglomération,Place,Normale,Deux véhicules - côté,,,,,,,,,,,1,2,7,1.0,3.0
201700057237,0017-03-14 18:50:00,17,3,14,18,50,750,119,BOULEVARD PERIPHERIQUE,48.8966,2.3941,Crépuscule ou aube,En agglomération,Hors intersection,Normale,Deux véhicules - côté,,,,,,,,,,,2,2,1,1.0,3.0
201700057238,0017-03-17 14:10:00,17,3,17,14,10,750,119,AVENUE DE FLANDRE,48.8911,2.37761,Plein jour,En agglomération,Intersection en T,Normale,Autre collision,,,,,,,,,,,1,2,3,1.0,6.0
201700057239,0017-03-18 13:00:00,17,3,18,13,0,750,118,"198, RUE D AUBERVILLIERS",48.8957,2.37135,Plein jour,En agglomération,Intersection en T,Normale,Autre collision,,,,,,,,,,,1,2,3,1.0,6.0
201700057240,0017-03-20 12:10:00,17,3,20,12,10,750,119,"174, BOULEVARD DE LA VIL",48.8811,2.37039,Plein jour,En agglomération,Hors intersection,Temps couvert,Autre collision,,,,,,,,,,,1,2,1,8.0,6.0
201700057241,0017-03-21 09:48:00,17,3,21,9,48,750,119,PLACE DE LA PORTE DE PAN,48.8893,2.39554,Plein jour,En agglomération,Hors intersection,Normale,Deux véhicules - côté,,,,,,,,,,,1,2,1,1.0,3.0
201700057242,0017-03-22 17:45:00,17,3,22,17,45,750,119,"198, AVENUE JEAN JAURES",48.8885,2.3919,Crépuscule ou aube,En agglomération,Intersection en X,Normale,Deux véhicules - frontale,,,,,,,,,,,2,2,2,1.0,1.0
201700057243,0017-03-24 08:20:00,17,3,24,8,20,750,119,"43, RUE DU PRE SAINT GER",48.8786,2.39721,Plein jour,En agglomération,Hors intersection,Pluie légère,Autre collision,,,,,,,,,,,1,2,1,2.0,6.0
201700057244,0017-03-25 15:45:00,17,3,25,15,45,750,119,AVENUE CORENTIN CARIOU,48.8948,2.3823,Plein jour,En agglomération,Intersection en X,Normale,Trois véhicules et plus - en chaîne,,,,,,,,,,,1,2,2,1.0,4.0
201700057245,0017-03-29 16:45:00,17,3,29,16,45,750,119,RUE D AUBERVILLIERS,48.8957,2.37135,Plein jour,En agglomération,Intersection en T,Normale,Deux véhicules - côté,,,,,,,,,,,1,2,3,1.0,3.0
201700057246,0017-03-30 21:35:00,17,3,30,21,35,750,119,"8-10, RUE MANIN",48.883,2.38608,Nuit avec éclairage allumé,En agglomération,Hors intersection,Normale,Trois véhicules et plus - en chaîne,,,,,,,,,,,5,2,1,1.0,4.0
201700057247,0017-03-31 20:50:00,17,3,31,20,50,750,119,"10, RUE BOTZARIS",48.8756,2.38184,Nuit avec éclairage allumé,En agglomération,Intersection à plus de 4 branches,Normale,Autre collision,,,,,,,,,,,5,2,5,1.0,6.0
201700057248,0017-04-02 19:30:00,17,4,2,19,30,750,119,RUE DE PERIGUEUX,48.8843,2.3957,Plein jour,En agglomération,Intersection en X,Normale,Autre collision,,,,,,,,,,,1,2,2,1.0,6.0
201700057249,0017-04-03 11:00:00,17,4,3,11,0,750,119,"97, RUE DE CRIMEE",48.8842,2.38419,Plein jour,En agglomération,Intersection en Y,Normale,Deux véhicules - côté,,,,,,,,,,,1,2,4,1.0,3.0
201700057250,0017-04-04 19:25:00,17,4,4,19,25,750,119,RUE DE CRIMEE,48.878,2.39129,Plein jour,En agglomération,Hors intersection,Normale,Deux véhicules - côté,,,,,,,,,,,1,2,1,1.0,3.0
201700057251,0017-04-05 09:50:00,17,4,5,9,50,750,119,PORTE DE PANTIN,48.8899,2.39559,Plein jour,En agglomération,Place,Normale,Autre collision,,,,,,,,,,,1,2,7,1.0,6.0
201700057252,0017-04-05 13:30:00,17,4,5,13,30,750,119,"137, RUE MANIN",48.8846,2.39196,Plein jour,En agglomération,Intersection en Y,Normale,Autre collision,,,,,,,,,,,1,2,4,1.0,6.0
201700057253,0017-04-06 16:58:00,17,4,6,16,58,750,119,RUE DE L ORME,48.8786,2.40008,Plein jour,En agglomération,Intersection en X,Normale,Autre collision,,,,,,,,,,,1,2,2,1.0,6.0
201700057254,0017-04-08 02:35:00,17,4,8,2,35,750,119,"6, PLACE DE LA BATAILLE",48.8832,2.3692,Nuit avec éclairage allumé,En agglomération,Hors intersection,Normale,Autre collision,,,,,,,,,,,5,2,1,1.0,6.0
201700057255,0017-04-08 13:25:00,17,4,8,13,25,750,119,"160, AVENUE DE FLANDRE",48.8948,2.3823,Plein jour,En agglomération,Intersection en X,Normale,Autre collision,,,,,,,,,,,1,2,2,1.0,6.0
201700057256,0017-04-08 19:25:00,17,4,8,19,25,750,119,"13, RUE DAVID D ANGERS",48.8827,2.3899,Plein jour,En agglomération,Intersection en Y,Normale,Autre collision,,,,,,,,,,,1,2,4,1.0,6.0
201700057257,0017-04-10 17:34:00,17,4,10,17,34,750,119,BOULEVARD D INDOCHINE,48.8862,2.39647,Plein jour,En agglomération,Intersection à plus de 4 branches,Normale,Deux véhicules - côté,,,,,,,,,,,1,2,5,1.0,3.0
201700057258,0017-04-11 00:20:00,17,4,11,0,20,750,118,BOULEVARD NEY,48.8987,2.37027,Nuit avec éclairage allumé,En agglomération,Intersection en X,Normale,Autre collision,,,,,,,,,,,5,2,2,1.0,6.0
201700057259,0017-04-11 08:10:00,17,4,11,8,10,750,119,"212, AVENUE JEAN JAURES",48.8888,2.39312,Plein jour,En agglomération,Intersection en T,Normale,Deux véhicules - côté,,,,,,,,,,,1,2,3,1.0,3.0
201700057260,0017-04-14 18:00:00,17,4,14,18,0,750,119,BOULEVARD D INDOCHINE,48.8836,2.39704,Plein jour,En agglomération,Intersection en X,Normale,Deux véhicules - côté,,,,,,,,,,,1,2,2,1.0,3.0
201700057261,0017-04-17 19:10:00,17,4,17,19,10,750,119,"18, AVENUE CORENTIN CARI",48.8955,2.38314,Plein jour,En agglomération,Hors intersection,Normale,Deux véhicules - côté,,,,,,,,,,,1,2,1,1.0,3.0
201700057262,0017-04-20 08:19:00,17,4,20,8,19,750,119,RUE DAVID D ANGERS,48.8827,2.39014,Plein jour,En agglomération,Hors intersection,Normale,Autre collision,,,,,,,,,,,1,2,1,1.0,6.0
201700057263,0017-04-21 10:10:00,17,4,21,10,10,750,119,"82, AVENUE SIMON BOLIVAR",48.8767,2.37458,Plein jour,En agglomération,Hors intersection,Normale,Autre collision,,,,,,,,,,,1,2,1,1.0,6.0
201700057264,0017-04-21 19:04:00,17,4,21,19,4,750,119,PLACE DE LA PORTE DE PAN,48.8902,2.39656,Crépuscule ou aube,En agglomération,Intersection en Y,Normale,Deux véhicules - côté,,,,,,,,,,,2,2,4,1.0,3.0
201700057265,0017-04-21 21:15:00,17,4,21,21,15,750,119,"277, RUE DE BELLEVILLE",48.8757,2.4008,Crépuscule ou aube,En agglomération,Hors intersection,Normale,Deux véhicules - côté,,,,,,,,,,,2,2,1,1.0,3.0
201700057266,0017-04-22 11:40:00,17,4,22,11,40,750,119,"5, RUE DE BELLEVILLE",48.8723,2.37783,Plein jour,En agglomération,Hors intersection,Normale,Autre collision,,,,,,,,,,,1,2,1,1.0,6.0
201700057267,0017-04-22 23:20:00,17,4,22,23,20,750,119,"136, AVENUE DE FLANDRE",48.893,2.38006,Nuit avec éclairage allumé,En agglomération,Intersection en T,Normale,Autre collision,,,,,,,,,,,5,2,3,1.0,6.0
201700057268,0017-04-23 11:00:00,17,4,23,11,0,750,119,"155, AVENUE JEAN JAURES",48.887,2.38631,Plein jour,En agglomération,Intersection en T,Temps couvert,Autre collision,,,,,,,,,,,1,2,3,8.0,6.0
201700057269,0017-04-23 17:25:00,17,4,23,17,25,750,119,"172, ZAC BASSIN DE LA VI",48.8808,2.37039,Plein jour,En agglomération,Intersection en T,Normale,Autre collision,,,,,,,,,,,1,2,3,1.0,6.0
201700057270,0017-04-23 19:30:00,17,4,23,19,30,750,119,", PLACE SKANDERBEG",48.9009,2.37027,Crépuscule ou aube,En agglomération,Place,Normale,Deux véhicules - côté,,,,,,,,,,,2,2,7,1.0,3.0
201700057271,0017-04-24 08:59:00,17,4,24,8,59,750,119,RUE AUGUSTIN THIERRY,48.8764,2.39308,Plein jour,En agglomération,Intersection en T,Normale,Autre collision,,,,,,,,,,,1,2,3,1.0,6.0
201700057272,0017-04-24 10:30:00,17,4,24,10,30,750,119,"27, RUE EDOUARD PAILLERO",48.881,2.37796,Plein jour,En agglomération,Hors intersection,Normale,Autre collision,,,,,,,,,,,1,2,1,1.0,6.0
201700057273,0017-04-24 14:30:00,17,4,24,14,30,750,119,"9, AVENUE DE LA PORTE DE",48.8779,2.40821,Plein jour,En agglomération,Place,Normale,Deux véhicules - côté,,,,,,,,,,,1,2,7,1.0,3.0
201700057274,0017-04-24 21:30:00,17,4,24,21,30,750,119,BOULEVARD SERURIER,48.8888,2.39572,Nuit avec éclairage allumé,En agglomération,Hors intersection,Normale,Autre collision,,,,,,,,,,,5,2,1,1.0,6.0
201700057275,0017-04-25 08:10:00,17,4,25,8,10,750,119,RUE DE BELLEVILLE,48.8751,2.38935,Plein jour,En agglomération,Intersection en X,Pluie légère,Deux véhicules - arrière,,,,,,,,,,,1,2,2,2.0,2.0
201700057276,0017-04-26 18:25:00,17,4,26,18,25,750,119,"36, RUE DE BELLEVILLE",48.8728,2.37981,Plein jour,En agglomération,Intersection en X,Temps couvert,Autre collision,,,,,,,,,,,1,2,2,8.0,6.0
201700057277,0017-04-27 19:45:00,17,4,27,19,45,750,119,"83, RUE PETIT",48.8862,2.39069,Crépuscule ou aube,En agglomération,Hors intersection,Normale,Autre collision,,,,,,,,,,,2,2,1,1.0,6.0
201700057278,0017-04-28 11:30:00,17,4,28,11,30,750,119,RUE MANIN,48.8846,2.39196,Plein jour,En agglomération,Intersection en Y,Pluie légère,Deux véhicules - côté,,,,,,,,,,,1,2,4,2.0,3.0
201700057279,0017-04-28 11:45:00,17,4,28,11,45,750,119,"67, AVENUE SIMON BOLIVAR",48.8764,2.37685,Plein jour,En agglomération,Intersection en T,Temps couvert,Autre collision,,,,,,,,,,,1,2,3,8.0,6.0
201700057280,0017-04-30 14:00:00,17,4,30,14,0,750,119,"134, AVENUE JEAN JAURES",48.8867,2.38507,Plein jour,En agglomération,Hors intersection,Normale,Deux véhicules - côté,,,,,,,,,,,1,2,1,1.0,3.0
201700057281,0017-05-02 20:10:00,17,5,2,20,10,750,119,"221-223, AVENUE JEAN JAU",48.8892,2.39387,Plein jour,En agglomération,Hors intersection,Normale,Deux véhicules - côté,,,,,,,,,,,1,2,1,1.0,3.0
201700057282,0017-05-05 06:20:00,17,5,5,6,20,750,119,BOULEVARD MACDONALD,48.8987,2.37027,Plein jour,En agglomération,Intersection en X,Normale,Deux véhicules - côté,,,,,,,,,,,1,2,2,1.0,3.0
201700057283,0017-05-06 11:00:00,17,5,6,11,0,750,119,"148, AVENUE JEAN JAURES",48.8872,2.38714,Plein jour,En agglomération,Intersection en T,Pluie légère,Autre collision,,,,,,,,,,,1,2,3,2.0,6.0
201700057284,0017-05-06 16:40:00,17,5,6,16,40,750,119,"1, RUE DE KABYLIE",48.8843,2.36761,Plein jour,En agglomération,Intersection en X,Pluie légère,Autre collision,,,,,,,,,,,1,2,2,2.0,6.0
201700057285,0017-05-07 12:25:00,17,5,7,12,25,750,119,AVENUE MATHURIN MOREAU,48.8783,2.37304,Plein jour,En agglomération,Intersection en X,Pluie légère,Trois véhicules et plus - collisions multiples,,,,,,,,,,,1,2,2,2.0,5.0
201700057286,0017-05-09 00:01:00,17,5,9,0,1,750,110,QUAI DE JEMMAPES,48.8732,2.36421,Nuit avec éclairage allumé,En agglomération,Intersection en X,Normale,Deux véhicules - côté,,,,,,,,,,,5,2,2,1.0,3.0
201700057287,0017-05-09 15:10:00,17,5,9,15,10,750,119,"119, AVENUE DE FLANDRE",48.8912,2.37771,Plein jour,En agglomération,Hors intersection,Normale,Autre collision,,,,,,,,,,,1,2,1,1.0,6.0
201700057288,0017-05-10 16:55:00,17,5,10,16,55,750,119,"3, RUE GASTON TESSIER",48.8956,2.37269,Plein jour,En agglomération,Hors intersection,Normale,Deux véhicules - côté,,,,,,,,,,,1,2,1,1.0,3.0
201700057289,0017-05-11 08:45:00,17,5,11,8,45,750,119,AVENUE JEAN JAURES,48.8896,2.39712,Plein jour,En agglomération,Place,Normale,Deux véhicules - côté,,,,,,,,,,,1,2,7,1.0,3.0
201700057290,0017-05-13 22:20:00,17,5,13,22,20,750,119,RUE MANIN,48.8846,2.39196,Nuit avec éclairage allumé,En agglomération,Intersection en Y,Normale,Autre collision,,,,,,,,,,,5,2,4,1.0,6.0
201700057291,0017-05-14 11:30:00,17,5,14,11,30,750,119,BOULEVARD DE LA VILLETTE,48.8841,2.36886,Plein jour,En agglomération,Place,Normale,Autre collision,,,,,,,,,,,1,2,7,1.0,6.0
201700057292,0017-05-15 14:55:00,17,5,15,14,55,750,119,"208, RUE DE CRIMEE",48.8922,2.37505,Plein jour,En agglomération,Intersection en X,Normale,Autre collision,,,,,,,,,,,1,2,2,1.0,6.0
201700057293,0017-05-17 11:35:00,17,5,17,11,35,750,119,"30, RUE DE JOINVILLE",48.8905,2.37872,Plein jour,En agglomération,Hors intersection,Normale,Autre collision,,,,,,,,,,,1,2,1,1.0,6.0
201700057294,0017-05-18 11:40:00,17,5,18,11,40,750,119,"21, RUE CURIAL",48.8933,2.37311,Plein jour,En agglomération,Intersection en T,Normale,Deux véhicules - côté,,,,,,,,,,,1,2,3,1.0,3.0
201700057295,0017-05-18 17:20:00,17,5,18,17,20,750,119,"20, BOULEVARD D ALGERIE",48.8828,2.39885,Plein jour,En agglomération,Hors intersection,Normale,Deux véhicules - côté,,,,,,,,,,,1,2,1,1.0,3.0
201700057296,0017-05-18 18:05:00,17,5,18,18,5,750,119,"107, AVENUE DE FLANDRE",48.8906,2.37641,Plein jour,En agglomération,Intersection en T,Normale,Autre collision,,,,,,,,,,,1,2,3,1.0,6.0
201700057297,0017-05-19 18:10:00,17,5,19,18,10,750,119,"166, RUE D AUBERVILLIERS",48.8942,2.37012,Plein jour,En agglomération,Intersection en T,Normale,Autre collision,,,,,,,,,,,1,2,3,1.0,6.0
201700057298,0017-05-20 16:05:00,17,5,20,16,5,750,119,AVENUE DE LA PORTE D AUB,48.8998,2.37022,Plein jour,En agglomération,Intersection en X,Normale,Deux véhicules - côté,,,,,,,,,,,1,2,2,1.0,3.0
201700057299,0017-05-20 18:55:00,17,5,20,18,55,750,119,"221, RUE DE BELLEVILLE",48.8752,2.39533,Plein jour,En agglomération,Intersection en X,Normale,Deux véhicules - côté,,,,,,,,,,,1,2,2,1.0,3.0
201700057300,0017-05-21 22:15:00,17,5,21,22,15,750,119,"20, RUE DE FLANDRE",48.8853,2.37038,Nuit avec éclairage allumé,En agglomération,Hors intersection,Normale,Trois véhicules et plus - en chaîne,,,,,,,,,,,5,2,1,1.0,4.0
201700057301,0017-05-22 18:20:00,17,5,22,18,20,750,119,RUE D AUBERVILLIERS,48.8913,2.36879,Plein jour,En agglomération,Hors intersection,Normale,Deux véhicules - côté,,,,,,,,,,,1,2,1,1.0,3.0
201700057302,0017-05-24 09:40:00,17,5,24,9,40,750,119,"89, RUE DE L OURCQ",48.8933,2.37715,Plein jour,En agglomération,Hors intersection,Normale,Deux véhicules - arrière,,,,,,,,,,,1,2,1,1.0,2.0
201700057303,0017-05-25 11:30:00,17,5,25,11,30,750,119,"10, BOULEVARD DE LA VILL",48.8729,2.3762,Plein jour,En agglomération,Place,Normale,Autre collision,,,,,,,,,,,1,2,7,1.0,6.0
201700057304,0017-05-25 23:30:00,17,5,25,23,30,750,119,"321, RUE DE BELLEVILLE",48.8765,2.40416,Nuit avec éclairage allumé,En agglomération,Hors intersection,Normale,Autre collision,,,,,,,,,,,5,2,1,1.0,6.0