accident_id,datetime,annee,mois,jour,heure,minute,departement,commune_insee,adresse,latitude,longitude,luminosite,agglomeration,intersection,meteo,collision,nb_vehicules,nb_usagers,nb_indemnes,nb_tues,nb_blesses_hosp,nb_blesses_legers,age_cond_1,age_cond_2,veh_type_cond_1,veh_type_cond_2,lum_code,agg_code,int_code,atm_code,col_code
201700057305,0017-05-26 10:15:00,17,5,26,10,15,750,119,"214, RUE DE CRIMEE",48.8925,2.37465,Plein jour,En agglomération,Hors intersection,Normale,Deux véhicules - arrière,,,,,,,,,,,1,2,1,1.0,2.0
201700057306,0017-05-26 10:45:00,17,5,26,10,45,750,119,"209, BOULEVARD MACDONALD",48.8987,2.37275,Plein jour,En agglomération,Hors intersection,Normale,Deux véhicules - côté,,,,,,,,,,,1,2,1,1.0,3.0
201700057307,0017-05-26 16:45:00,17,5,26,16,45,750,119,"34, AVENUE DE FLANDRE",48.8865,2.37187,Plein jour,En agglomération,Hors intersection,Normale,Trois véhicules et plus - en chaîne,,,,,,,,,,,1,2,1,1.0,4.0
201700057308,0017-05-26 23:30:00,17,5,26,23,30,750,119,"129, AVENUE SIMON BOLIVA",48.8808,2.37393,Nuit avec éclairage allumé,En agglomération,Hors intersection,Normale,Autre collision,,,,,,,,,,,5,2,1,1.0,6.0
201700057309,0017-05-30 18:55:00,17,5,30,18,55,750,119,"44, QUAI DE LA LOIRE",48.8854,2.37496,Plein jour,En agglomération,Hors intersection,Normale,Autre collision,,,,,,,,,,,1,2,1,1.0,6.0
201700057310,0017-05-30 20:00:00,17,5,30,20,0,750,119,"9, BOULEVARD MACDONALD",48.8967,2.3928,Plein jour,En agglomération,Hors intersection,Normale,Deux véhicules - arrière,,,,,,,,,,,1,2,1,1.0,2.0
201700057311,0017-05-31 15:35:00,17,5,31,15,35,750,119,PLACE AUGUSTE BARON,48.9008,2.3889,Plein jour,En agglomération,Place,Normale,Autre collision,,,,,,,,,,,1,2,7,1.0,6.0
201700057312,0017-06-01 10:20:00,17,6,1,10,20,750,119,"3, QUAI DE L OISE",48.8894,2.38091,Plein jour,En agglomération,Intersection en T,Normale,Autre collision,,,,,,,,,,,1,2,3,1.0,6.0
201700057313,0017-06-02 00:15:00,17,6,2,0,15,750,119,RUE DE CRIMEE,48.8795,2.38953,Nuit avec éclairage allumé,En agglomération,Intersection en X,Normale,Autre collision,,,,,,,,,,,5,2,2,1.0,6.0
201700057314,0017-06-02 15:40:00,17,6,2,15,40,750,119,PLACE AUGUSTE BARON,48.9008,2.38696,Plein jour,En agglomération,Place,Normale,Autre collision,,,,,,,,,,,1,2,7,1.0,6.0
201700057315,0017-06-03 18:20:00,17,6,3,18,20,750,119,"44, AVENUE JEAN JAURES",48.8838,2.37394,Plein jour,En agglomération,Hors intersection,Pluie légère,Deux véhicules - côté,,,,,,,,,,,1,2,1,2.0,3.0
201700057316,0017-06-03 20:35:00,17,6,3,20,35,750,119,"36, AVENUE JEAN JAURES",48.8836,2.37331,Plein jour,En agglomération,Intersection en T,Pluie légère,Deux véhicules - arrière,,,,,,,,,,,1,2,3,2.0,2.0
201700057317,0017-06-05 16:45:00,17,6,5,16,45,750,119,"28, RUE DAVID D ANGERS",48.8822,2.39222,Plein jour,En agglomération,Hors intersection,Normale,Autre collision,,,,,,,,,,,1,2,1,1.0,6.0
201700057318,0017-06-05 23:45:00,17,6,5,23,45,750,119,"2, AVENUE DE FLANDRE",48.8841,2.36886,Nuit avec éclairage allumé,En agglomération,Intersection à plus de 4 branches,Temps couvert,Autre collision,,,,,,,,,,,5,2,5,8.0,6.0
201700057319,0017-06-06 08:00:00,17,6,6,8,0,750,119,"6, AVENUE SECRETAN",48.8822,2.37101,Plein jour,En agglomération,Hors intersection,Normale,Deux véhicules - côté,,,,,,,,,,,1,2,1,1.0,3.0
201700057320,0017-06-07 07:45:00,17,6,7,7,45,750,119,"150, AVENUE JEAN JAURES",48.8872,2.38714,Plein jour,En agglomération,Intersection en T,Normale,Deux véhicules - côté,,,,,,,,,,,1,2,3,1.0,3.0
201700057321,0017-06-08 02:20:00,17,6,8,2,20,750,119,"109, RUE MANIN",48.8832,2.38791,Nuit avec éclairage allumé,En agglomération,Intersection à plus de 4 branches,Normale,Deux véhicules - côté,,,,,,,,,,,5,2,5,1.0,3.0
201700057322,0017-06-08 15:00:00,17,6,8,15,0,750,119,"154, AVENUE DE FLANDRE",48.8943,2.3817,Plein jour,En agglomération,Intersection en X,Normale,Deux véhicules - côté,,,,,,,,,,,1,2,2,1.0,3.0
201700057323,0017-06-11 00:35:00,17,6,11,0,35,750,119,"75, RUE MANIN",48.8827,2.38316,Nuit avec éclairage allumé,En agglomération,Hors intersection,Normale,Deux véhicules - côté,,,,,,,,,,,5,2,1,1.0,3.0
201700057324,0017-06-11 23:10:00,17,6,11,23,10,750,119,"196, AVENUE JEAN JAURES",48.8884,2.39157,Nuit avec éclairage allumé,En agglomération,Hors intersection,Normale,Deux véhicules - côté,,,,,,,,,,,5,2,1,1.0,3.0
201700057325,0017-06-13 20:50:00,17,6,13,20,50,750,119,"42, RUE CURIAL",48.892,2.37257,Plein jour,En agglomération,Intersection en T,Normale,Autre collision,,,,,,,,,,,1,2,3,1.0,6.0
201700057326,0017-06-14 17:10:00,17,6,14,17,10,750,119,"10, RUE MANIN",48.8831,2.3864,Plein jour,En agglomération,Hors intersection,Normale,Autre collision,,,,,,,,,,,1,2,1,1.0,6.0
201700057327,0017-06-15 19:50:00,17,6,15,19,50,750,119,"1, RUE DU CHEMIN DE FER",48.8998,2.38781,Plein jour,En agglomération,Place,Normale,Autre collision,,,,,,,,,,,1,2,7,1.0,6.0
201700057328,0017-06-20 19:48:00,17,6,20,19,48,750,119,PLACE AUGUSTE BARON,48.9008,2.38696,Plein jour,En agglomération,Place,Normale,Deux véhicules - côté,,,,,,,,,,,1,2,7,1.0,3.0
201700057329,0017-06-21 06:13:00,17,6,21,6,13,750,119,"91, RUE DE BELLEVILLE",48.8737,2.3847,Plein jour,En agglomération,Hors intersection,Normale,Deux véhicules - frontale,,,,,,,,,,,1,2,1,1.0,1.0
201700057330,0017-06-21 19:55:00,17,6,21,19,55,750,119,BOULEVARD SERURIER,48.8847,2.39446,Plein jour,En agglomération,Hors intersection,Autre,Sans collision,,,,,,,,,,,1,2,1,9.0,7.0
201700057331,0017-06-22 02:20:00,17,6,22,2,20,750,119,AVENUE JEAN JAURES,48.8849,2.37825,Nuit avec éclairage allumé,En agglomération,Hors intersection,Normale,Sans collision,,,,,,,,,,,5,2,1,1.0,7.0
201700057332,0017-06-22 07:40:00,17,6,22,7,40,750,118,"96, RUE DU POTEAU",48.8969,2.33829,Plein jour,En agglomération,Intersection en T,Normale,Autre collision,,,,,,,,,,,1,2,3,1.0,6.0
201700057333,0017-06-23 19:04:00,17,6,23,19,4,750,119,"128, BOULEVARD MACDONALD",48.8988,2.37724,Crépuscule ou aube,En agglomération,Intersection en T,Normale,Autre collision,,,,,,,,,,,2,2,3,1.0,6.0
201700057334,0017-06-25 14:30:00,17,6,25,14,30,750,119,AVENUE JEAN JAURES,48.8845,2.37692,Plein jour,En agglomération,Intersection en T,Normale,Deux véhicules - côté,,,,,,,,,,,1,2,3,1.0,3.0
201700057335,0017-06-25 20:30:00,17,6,25,20,30,750,119,RUE DE L OURCQ,48.8937,2.37331,Plein jour,En agglomération,Intersection à plus de 4 branches,Normale,Deux véhicules - côté,,,,,,,,,,,1,2,5,1.0,3.0
201700057336,0017-06-26 17:15:00,17,6,26,17,15,750,119,"218, RUE D AUBERVILLIERS",48.8978,2.3703,Plein jour,En agglomération,Hors intersection,Normale,Deux véhicules - arrière,,,,,,,,,,,1,2,1,1.0,2.0
201700057337,0017-06-28 21:55:00,17,6,28,21,55,750,119,RUE DE CRIMEE,48.8859,2.3822,Crépuscule ou aube,En agglomération,Intersection en X,Normale,Deux véhicules - côté,,,,,,,,,,,2,2,2,1.0,3.0
201700057338,0017-06-28 23:05:00,17,6,28,23,5,750,119,"30, RUE MANIN",48.8834,2.38895,Nuit avec éclairage allumé,En agglomération,Hors intersection,Normale,Deux véhicules - arrière,,,,,,,,,,,5,2,1,1.0,2.0
201700057339,0017-06-30 02:25:00,17,6,30,2,25,750,119,PLACE DE LA BATAILLE DE,48.8841,2.36886,Nuit avec éclairage allumé,En agglomération,Place,Normale,Autre collision,,,,,,,,,,,5,2,7,1.0,6.0
201700057340,0017-06-30 08:50:00,17,6,30,8,50,750,119,RUE SIGMUND FREUD,48.886,2.39808,Plein jour,En agglomération,Intersection en X,Normale,Deux véhicules - côté,,,,,,,,,,,1,2,2,1.0,3.0
201700057341,0017-07-02 19:00:00,17,7,2,19,0,750,119,"72 BIS, AVENUE DE FLANDR",48.889,2.37497,Crépuscule ou aube,En agglomération,Hors intersection,Normale,Deux véhicules - côté,,,,,,,,,,,2,2,1,1.0,3.0
201700057342,0017-07-04 02:10:00,17,7,4,2,10,750,119,"16, AVENUE CORENTIN CARI",48.8954,2.38305,Nuit avec éclairage allumé,En agglomération,Hors intersection,Normale,Autre collision,,,,,,,,,,,5,2,1,1.0,6.0
201700057343,0017-07-05 07:30:00,17,7,5,7,30,750,119,"275, RUE DE BELLEVILLE",48.8757,2.4006,Plein jour,En agglomération,Hors intersection,Normale,Deux véhicules - côté,,,,,,,,,,,1,2,1,1.0,3.0
201700057344,0017-07-05 17:00:00,17,7,5,17,0,750,119,"/, RUE DE CRIMEE",48.8937,2.37331,Plein jour,En agglomération,Intersection à plus de 4 branches,Normale,Autre collision,,,,,,,,,,,1,2,5,1.0,6.0
201700057345,0017-07-07 17:00:00,17,7,7,17,0,750,119,"1, PLACE DE LA PORTE DE",48.8902,2.39656,Plein jour,En agglomération,Place,Normale,Deux véhicules - côté,,,,,,,,,,,1,2,7,1.0,3.0
201700057346,0017-07-08 05:40:00,17,7,8,5,40,750,119,"86, AVENUE SIMON BOLIVAR",48.8769,2.37428,Crépuscule ou aube,En agglomération,Intersection en Y,Normale,Autre collision,,,,,,,,,,,2,2,4,1.0,6.0
201700057347,0017-07-09 02:50:00,17,7,9,2,50,750,119,"/, AVENUE MATHURIN MOREA",48.8784,2.37423,Nuit avec éclairage allumé,En agglomération,Intersection en X,Normale,Deux véhicules - côté,,,,,,,,,,,5,2,2,1.0,3.0
201700057348,0017-07-09 22:40:00,17,7,9,22,40,750,119,AVENUE DE LA PORTE DE LA,48.8988,2.38684,Nuit avec éclairage allumé,En agglomération,Intersection en T,Pluie forte,Autre collision,,,,,,,,,,,5,2,3,3.0,6.0
201700057349,0017-07-10 10:52:00,17,7,10,10,52,750,119,"151, RUE DE CRIMEE",48.8876,2.38032,Plein jour,En agglomération,Intersection en T,Pluie légère,Deux véhicules - côté,,,,,,,,,,,1,2,3,2.0,3.0
201700057350,0017-07-17 17:00:00,17,7,17,17,0,750,119,"5, RUE RIQUET",48.8882,2.37645,Plein jour,En agglomération,Hors intersection,Normale,Autre collision,,,,,,,,,,,1,2,1,1.0,6.0
201700057351,0017-07-17 19:30:00,17,7,17,19,30,750,119,"150, BOULEVARD DE LA VIL",48.8798,2.37041,Plein jour,En agglomération,Hors intersection,Normale,Deux véhicules - côté,,,,,,,,,,,1,2,1,1.0,3.0
201700057352,0017-07-21 14:10:00,17,7,21,14,10,750,119,"212, AVENUE JEAN JAURES",48.8888,2.39312,Plein jour,En agglomération,Intersection en T,Normale,Deux véhicules - côté,,,,,,,,,,,1,2,3,1.0,3.0
201700057353,0017-07-21 15:30:00,17,7,21,15,30,750,119,"51, RUE MANIN",48.8807,2.37992,Plein jour,En agglomération,Hors intersection,Normale,Deux véhicules - frontale,,,,,,,,,,,1,2,1,1.0,1.0
201700057354,0017-07-21 16:40:00,17,7,21,16,40,750,119,"14, RUE DE TANGER",48.8857,2.36837,Plein jour,En agglomération,Intersection en T,Normale,Autre collision,,,,,,,,,,,1,2,3,1.0,6.0
201700057355,0017-07-22 00:20:00,17,7,22,0,20,750,119,RUE DES BOIS,48.8784,2.39901,Nuit avec éclairage allumé,En agglomération,Hors intersection,Normale,Autre collision,,,,,,,,,,,5,2,1,1.0,6.0
201700057356,0017-07-22 19:40:00,17,7,22,19,40,750,119,AVENUE DE FLANDRE,48.8906,2.37641,Plein jour,En agglomération,Intersection à plus de 4 branches,Pluie légère,Deux véhicules - côté,,,,,,,,,,,1,2,5,2.0,3.0
201700057357,0017-07-25 15:00:00,17,7,25,15,0,750,119,"9, RUE ANDRE DANJON",48.8854,2.38461,Plein jour,En agglomération,Hors intersection,Normale,Deux véhicules - côté,,,,,,,,,,,1,2,1,1.0,3.0
201700057358,0017-07-27 18:18:00,17,7,27,18,18,750,119,"16, AVENUE SIMON BOLIVAR",48.8741,2.384,Plein jour,En agglomération,Hors intersection,Normale,Deux véhicules - côté,,,,,,,,,,,1,2,1,1.0,3.0
201700057359,0017-07-28 16:30:00,17,7,28,16,30,750,119,"1, PLACE AUGUSTE BARON",48.9003,2.38694,Plein jour,En agglomération,Intersection en Y,Normale,Deux véhicules - côté,,,,,,,,,,,1,2,4,1.0,3.0
201700057360,0017-07-28 20:44:00,17,7,28,20,44,750,119,"181, BOULEVARD MACDONALD",48.8988,2.37555,Crépuscule ou aube,En agglomération,Hors intersection,Normale,Autre collision,,,,,,,,,,,2,2,1,1.0,6.0
201700057361,0017-07-30 13:30:00,17,7,30,13,30,750,119,"75, RUE ARMAND CARREL",48.8829,2.37273,Plein jour,En agglomération,Hors intersection,Normale,Deux véhicules - côté,,,,,,,,,,,1,2,1,1.0,3.0
201700057362,0017-08-01 19:00:00,17,8,1,19,0,750,119,"52, RUE DE MOUZAIA",48.8804,2.39673,Plein jour,En agglomération,Intersection en X,Normale,Autre collision,,,,,,,,,,,1,2,2,1.0,6.0
201700057363,0017-08-01 19:55:00,17,8,1,19,55,750,119,"41, AVENUE CORENTIN CARI",48.8982,2.38619,Plein jour,En agglomération,Intersection en T,Normale,Autre collision,,,,,,,,,,,1,2,3,1.0,6.0
201700057364,0017-08-02 16:40:00,17,8,2,16,40,750,119,"81, RUE DE BELLEVILLE",48.8736,2.38407,Plein jour,En agglomération,Hors intersection,Normale,Autre collision,,,,,,,,,,,1,2,1,1.0,6.0
201700057365,0017-08-03 17:50:00,17,8,3,17,50,750,119,"82, BOULEVARD DE LA VILL",48.876,2.37266,Plein jour,En agglomération,Hors intersection,Normale,Autre collision,,,,,,,,,,,1,2,1,1.0,6.0
201700057366,0017-08-03 19:04:00,17,8,3,19,4,750,119,"122, BOULEVARD MACDONALD",48.8989,2.381,Plein jour,En agglomération,Hors intersection,Normale,Autre collision,,,,,,,,,,,1,2,1,1.0,6.0
201700057367,0017-08-07 17:15:00,17,8,7,17,15,750,119,"102, BOULEVARD DE LA VIL",48.8769,2.37166,Plein jour,En agglomération,Hors intersection,Normale,Autre collision,,,,,,,,,,,1,2,1,1.0,6.0
201700057368,0017-08-08 18:45:00,17,8,8,18,45,750,119,"70-72, RUE D AUBERVILLIE",48.8884,2.36744,Plein jour,En agglomération,Hors intersection,Normale,Autre collision,,,,,,,,,,,1,2,1,1.0,6.0
201700057369,0017-08-10 06:20:00,17,8,10,6,20,750,119,"47, RUE DE BELLEVILLE",48.873,2.38078,Crépuscule ou aube,En agglomération,Hors intersection,Temps couvert,Deux véhicules - côté,,,,,,,,,,,2,2,1,8.0,3.0
201700057370,0017-08-11 14:50:00,17,8,11,14,50,750,119,"3, RUE LAUZIN",48.8753,2.37862,Plein jour,En agglomération,Intersection en T,Normale,Autre collision,,,,,,,,,,,1,2,3,1.0,6.0
201700057371,0017-08-13 18:05:00,17,8,13,18,5,750,119,"115, BOULEVARD MACDONALD",48.8988,2.38354,Plein jour,En agglomération,Hors intersection,Normale,Autre collision,,,,,,,,,,,1,2,1,1.0,6.0
201700057372,0017-08-13 13:00:00,17,8,13,13,0,750,119,"114, RUE PETIT",48.8864,2.39281,Plein jour,En agglomération,Intersection en T,Normale,Deux véhicules - arrière,,,,,,,,,,,1,2,3,1.0,2.0
201700057373,0017-08-20 17:20:00,17,8,20,17,20,750,119,QUAI DE LA SEINE,48.8871,2.37548,Plein jour,En agglomération,Intersection en T,Normale,Autre collision,,,,,,,,,,,1,2,3,1.0,6.0
201700057374,0017-08-22 20:05:00,17,8,22,20,5,750,119,"103, RUE DE MEAUX",48.884,2.37783,Plein jour,En agglomération,Intersection en T,Normale,Autre collision,,,,,,,,,,,1,2,3,1.0,6.0
201700057375,0017-08-23 14:34:00,17,8,23,14,34,750,119,"70, AVENUE DE FLANDRE",48.8889,2.37479,Plein jour,En agglomération,Hors intersection,Normale,Sans collision,,,,,,,,,,,1,2,1,1.0,7.0
201700057376,0017-08-24 18:00:00,17,8,24,18,0,750,119,"204, RUE DE CRIMEE",48.8922,2.37505,Plein jour,En agglomération,Intersection en X,Normale,Autre collision,,,,,,,,,,,1,2,2,1.0,6.0
201700057377,0017-08-26 18:00:00,17,8,26,18,0,750,119,"105, RUE CURIAL",48.8958,2.3793,Plein jour,En agglomération,Giratoire,Normale,Autre collision,,,,,,,,,,,1,2,6,1.0,6.0
201700057378,0017-08-28 17:55:00,17,8,28,17,55,750,119,"58, AVENUE DE FLANDRE",48.888,2.37377,Plein jour,En agglomération,Hors intersection,Normale,Autre collision,,,,,,,,,,,1,2,1,1.0,6.0
201700057379,0017-08-28 19:15:00,17,8,28,19,15,750,119,AVENUE JEAN JAURES,48.8833,2.37221,Plein jour,En agglomération,Hors intersection,Normale,Autre collision,,,,,,,,,,,1,2,1,1.0,6.0
201700057380,0017-08-28 19:17:00,17,8,28,19,17,750,119,AVENUE DE LAUMIERE,48.8832,2.38106,Plein jour,En agglomération,Intersection en T,Normale,Deux véhicules - côté,,,,,,,,,,,1,2,3,1.0,3.0
201700057381,0017-08-29 09:55:00,17,8,29,9,55,750,119,"4, PLACE DU COLONEL FABI",48.8777,2.37054,Plein jour,En agglomération,Place,Normale,Deux véhicules - côté,,,,,,,,,,,1,2,7,1.0,3.0
201700057382,0017-08-29 19:45:00,17,8,29,19,45,750,119,"50, RUE RIQUET",48.8894,2.37045,Plein jour,En agglomération,Hors intersection,Normale,Autre collision,,,,,,,,,,,1,2,1,1.0,6.0
201700057383,0017-08-31 12:00:00,17,8,31,12,0,750,119,"22, AVENUE DE LA PORTE D",48.8816,2.40209,Plein jour,En agglomération,Hors intersection,Normale,Sans collision,,,,,,,,,,,1,2,1,1.0,7.0
201700057384,0017-08-31 17:00:00,17,8,31,17,0,750,119,"159, RUE DE CRIMEE",48.8886,2.37919,Plein jour,En agglomération,Intersection en T,Normale,Autre collision,,,,,,,,,,,1,2,3,1.0,6.0
201700057385,0017-09-01 04:50:00,17,9,1,4,50,750,110,"244, BOULEVARD DE LA VIL",48.8843,2.36461,Nuit avec éclairage allumé,En agglomération,Intersection en X,Normale,Autre collision,,,,,,,,,,,5,2,2,1.0,6.0
201700057386,0017-09-04 18:10:00,17,9,4,18,10,750,119,RUE DE CRIMEE,48.8891,2.37853,Plein jour,En agglomération,Place,Temps couvert,Deux véhicules - arrière,,,,,,,,,,,1,2,7,8.0,2.0
201700057387,0017-09-05 14:00:00,17,9,5,14,0,750,119,"03, RUE HENRI RIBIERE",48.8761,2.39469,Plein jour,En agglomération,Intersection en T,Normale,Autre collision,,,,,,,,,,,1,2,3,1.0,6.0
201700057388,0017-09-06 16:00:00,17,9,6,16,0,750,119,"194, AVENUE JEAN JAURES",48.8883,2.39139,Plein jour,En agglomération,Hors intersection,Normale,Deux véhicules - côté,,,,,,,,,,,1,2,1,1.0,3.0
201700057389,0017-09-07 03:58:00,17,9,7,3,58,750,110,"24, BOULEVARD SAINT DENI",48.8697,2.35262,Nuit avec éclairage allumé,En agglomération,Intersection à plus de 4 branches,Normale,Deux véhicules - arrière,,,,,,,,,,,5,2,5,1.0,2.0
201700057390,0017-09-08 10:00:00,17,9,8,10,0,750,119,"62, RUE DE L OURCQ",48.8923,2.3791,Plein jour,En agglomération,Intersection en X,Normale,Autre collision,,,,,,,,,,,1,2,2,1.0,6.0
201700057391,0017-09-09 02:25:00,17,9,9,2,25,750,119,"9, BOULEVARD MACDONALD",48.8962,2.39342,Nuit avec éclairage allumé,En agglomération,Hors intersection,Pluie légère,Deux véhicules - côté,,,,,,,,,,,5,2,1,2.0,3.0
201700057392,0017-09-10 21:00:00,17,9,10,21,0,750,119,"25, AVENUE SIMON BOLIVAR",48.875,2.38261,Nuit avec éclairage allumé,En agglomération,Intersection en T,Normale,Autre collision,,,,,,,,,,,5,2,3,1.0,6.0
201700057393,0017-09-12 21:10:00,17,9,12,21,10,750,119,"119, AVENUE DE FLANDRE",48.8911,2.37761,Nuit avec éclairage allumé,En agglomération,Intersection en T,Normale,Autre collision,,,,,,,,,,,5,2,3,1.0,6.0
201700057394,0017-09-13 20:45:00,17,9,13,20,45,750,119,"1, AVENUE DE LA PORTE DE",48.8898,2.39716,Nuit avec éclairage allumé,En agglomération,Place,Pluie forte,Autre collision,,,,,,,,,,,5,2,7,3.0,6.0
201700057395,0017-09-14 14:15:00,17,9,14,14,15,750,119,"64, RUE CURIAL",48.8933,2.37311,Plein jour,En agglomération,Intersection en X,Pluie légère,Deux véhicules - côté,,,,,,,,,,,1,2,2,2.0,3.0
201700057396,0017-09-15 17:30:00,17,9,15,17,30,750,119,", BOULEVARD PERIPHERIQUE",48.886,2.39745,Crépuscule ou aube,En agglomération,Hors intersection,Normale,Deux véhicules - arrière,,,,,,,,,,,2,2,1,1.0,2.0
201700057397,0017-09-15 20:00:00,17,9,15,20,0,750,119,"91, RUE DE BELLEVILLE",48.8739,2.38529,Nuit avec éclairage allumé,En agglomération,Intersection à plus de 4 branches,Normale,Autre collision,,,,,,,,,,,5,2,5,1.0,6.0
201700057398,0017-09-18 11:35:00,17,9,18,11,35,750,119,"06, BOULEVARD D INDOCHIN",48.8836,2.39704,Plein jour,En agglomération,Intersection en X,Normale,Deux véhicules - arrière,,,,,,,,,,,1,2,2,1.0,2.0
201700057399,0017-09-22 11:15:00,17,9,22,11,15,750,119,"27, AVENUE SIMON BOLIVAR",48.8752,2.38229,Plein jour,En agglomération,Intersection en T,Normale,Autre collision,,,,,,,,,,,1,2,3,1.0,6.0
201700057400,0017-09-22 16:17:00,17,9,22,16,17,750,119,"181, BOULEVARD MACDONALD",48.8988,2.37724,Plein jour,En agglomération,Intersection en T,Normale,Autre collision,,,,,,,,,,,1,2,3,1.0,6.0
201700057401,0017-09-23 12:15:00,17,9,23,12,15,750,119,"1, RUE MIGUEL HIDALGO",48.881,2.3892,Plein jour,En agglomération,Intersection en T,Normale,Deux véhicules - côté,,,,,,,,,,,1,2,3,1.0,3.0
201700057402,0017-09-25 12:55:00,17,9,25,12,55,750,119,"86, RUE PETIT",48.886,2.38901,Plein jour,En agglomération,Intersection en T,Normale,Autre collision,,,,,,,,,,,1,2,3,1.0,6.0
201700057403,0017-09-26 17:40:00,17,9,26,17,40,750,119,PORTE DE LA VILLETTE,48.8957,2.39436,Plein jour,En agglomération,Hors intersection,Normale,Deux véhicules - arrière,,,,,,,,,,,1,2,1,1.0,2.0
201700057404,0017-09-27 12:58:00,17,9,27,12,58,750,119,"174, RUE DE CRIMEE",48.8901,2.37741,Plein jour,En agglomération,Hors intersection,Normale,Autre collision,,,,,,,,,,,1,2,1,1.0,6.0
201700057405,0017-09-27 17:13:00,17,9,27,17,13,750,119,"2, RUE DE KABYLIE",48.8843,2.36761,Plein jour,En agglomération,Intersection en X,Normale,Autre collision,,,,,,,,,,,1,2,2,1.0,6.0
201700057406,0017-09-28 08:30:00,17,9,28,8,30,750,119,ROUTE DES PETITS PONTS,48.8918,2.39831,Plein jour,En agglomération,Hors intersection,Pluie légère,Trois véhicules et plus - collisions multiples,,,,,,,,,,,1,2,1,2.0,5.0
201700057407,0017-09-28 14:20:00,17,9,28,14,20,750,119,"16, BOULEVARD MACDONALD",48.8966,2.39307,Nuit avec éclairage allumé,En agglomération,Hors intersection,Normale,Autre collision,,,,,,,,,,,5,2,1,1.0,6.0
201700057408,0017-09-29 18:00:00,17,9,29,18,0,750,119,"10, RUE EDGAR VARESE",48.8893,2.38931,Plein jour,En agglomération,Hors intersection,Normale,Autre collision,,,,,,,,,,,1,2,1,1.0,6.0
201700057409,0017-10-01 06:30:00,17,10,1,6,30,750,119,"42, AVENUE JEAN JAURES",48.8836,2.37331,Nuit avec éclairage allumé,En agglomération,Intersection en T,Normale,Autre collision,,,,,,,,,,,5,2,3,1.0,6.0
201700057410,0017-10-03 16:15:00,17,10,3,16,15,750,119,"1, AVENUE DE LA PORTE DE",48.8985,2.38651,Plein jour,En agglomération,Hors intersection,Normale,Autre collision,,,,,,,,,,,1,2,1,1.0,6.0
201700057411,0017-10-06 20:30:00,17,10,6,20,30,750,119,"72, AVENUE SECRETAN",48.8797,2.37674,Nuit avec éclairage allumé,En agglomération,Intersection en T,Normale,Autre collision,,,,,,,,,,,5,2,3,1.0,6.0
201700057412,0017-10-07 20:55:00,17,10,7,20,55,750,119,"150, RUE D AUBERVILLIERS",48.8932,2.36969,Nuit avec éclairage allumé,En agglomération,Hors intersection,Pluie légère,Deux véhicules - arrière,,,,,,,,,,,5,2,1,2.0,2.0
201700057413,0017-10-08 14:30:00,17,10,8,14,30,750,119,"48, BOULEVARD SERURIER",48.8786,2.40206,Plein jour,En agglomération,Hors intersection,Normale,Deux véhicules - côté,,,,,,,,,,,1,2,1,1.0,3.0
201700057414,0017-10-10 15:05:00,17,10,10,15,5,750,119,"31, RUE CURIAL",48.8935,2.3732,Plein jour,En agglomération,Hors intersection,Normale,Autre collision,,,,,,,,,,,1,2,1,1.0,6.0
201700057415,0017-10-11 22:50:00,17,10,11,22,50,750,119,BOULEVARD MACDONALD,48.8987,2.37027,Nuit avec éclairage allumé,En agglomération,Intersection en X,Normale,Autre collision,,,,,,,,,,,5,2,2,1.0,6.0
201700057416,0017-10-14 01:30:00,17,10,14,1,30,750,118,PLACE DE CLICHY,48.8837,2.32774,Nuit avec éclairage allumé,En agglomération,Hors intersection,Normale,Deux véhicules - côté,,,,,,,,,,,5,2,1,1.0,3.0
201700057417,0017-10-15 11:00:00,17,10,15,11,0,750,119,", PLACE AUGUSTE BARON",48.9003,2.38694,Plein jour,En agglomération,Place,Normale,Deux véhicules - arrière,,,,,,,,,,,1,2,7,1.0,2.0
201700057418,0017-10-17 16:05:00,17,10,17,16,5,750,119,"9, RUE DE L OURCQ",48.8871,2.3847,Plein jour,En agglomération,Hors intersection,Normale,Autre collision,,,,,,,,,,,1,2,1,1.0,6.0
201700057419,0017-10-17 18:40:00,17,10,17,18,40,750,119,RUE DE L OURCQ,48.8923,2.3791,Plein jour,En agglomération,Intersection en X,Vent fort / tempête,Autre collision,,,,,,,,,,,1,2,2,6.0,6.0
201700057420,0017-10-17 20:30:00,17,10,17,20,30,750,119,"46, RUE DE CRIMEE",48.8795,2.38953,Nuit avec éclairage allumé,En agglomération,Intersection en X,Normale,Deux véhicules - côté,,,,,,,,,,,5,2,2,1.0,3.0
201700057421,0017-10-17 12:45:00,17,10,17,12,45,750,119,"265, RUE DE BELLEVILLE",48.8755,2.39913,Plein jour,En agglomération,Intersection en T,Normale,Sans collision,,,,,,,,,,,1,2,3,1.0,7.0
201700057422,0017-10-19 23:40:00,17,10,19,23,40,750,119,"/, RUE DE L OURCQ",48.8893,2.38367,Nuit avec éclairage allumé,En agglomération,Intersection à plus de 4 branches,Normale,Autre collision,,,,,,,,,,,5,2,5,1.0,6.0
201700057423,0017-10-20 20:20:00,17,10,20,20,20,750,119,"30, AVENUE DE FLANDRE",48.8861,2.37142,Nuit avec éclairage allumé,En agglomération,Hors intersection,Normale,Deux véhicules - côté,,,,,,,,,,,5,2,1,1.0,3.0
201700057424,0017-10-22 20:03:00,17,10,22,20,3,750,119,"3, RUE DU RHIN",48.8853,2.38092,Nuit avec éclairage allumé,En agglomération,Intersection en T,Pluie légère,Autre collision,,,,,,,,,,,5,2,3,2.0,6.0
201700057425,0017-10-23 11:20:00,17,10,23,11,20,750,120,"6, RUE DE BELLEVILLE",48.8722,2.3776,Plein jour,En agglomération,Hors intersection,Temps couvert,Autre collision,,,,,,,,,,,1,2,1,8.0,6.0