accident_id,datetime,annee,mois,jour,heure,minute,departement,commune_insee,adresse,latitude,longitude,luminosite,agglomeration,intersection,meteo,collision,nb_vehicules,nb_usagers,nb_indemnes,nb_tues,nb_blesses_hosp,nb_blesses_legers,age_cond_1,age_cond_2,veh_type_cond_1,veh_type_cond_2,lum_code,agg_code,int_code,atm_code,col_code
201700057544,0017-03-21 10:40:00,17,3,21,10,40,750,120,RUE DE BELLEVILLE,48.8752,2.39533,Plein jour,En agglomération,Intersection en X,Pluie légère,Deux véhicules - côté,,,,,,,,,,,1,2,2,2.0,3.0
201700057545,0017-03-21 18:00:00,17,3,21,18,0,750,120,RUE DELAITRE,48.8669,2.38765,Plein jour,En agglomération,Intersection en T,Normale,Autre collision,,,,,,,,,,,1,2,3,1.0,6.0
201700057546,0017-03-21 20:20:00,17,3,21,20,20,750,120,BOULEVARD PERIPHERIQUE E,48.8684,2.41344,Nuit avec éclairage allumé,En agglomération,Hors intersection,Normale,Trois véhicules et plus - en chaîne,,,,,,,,,,,5,2,1,1.0,4.0
201700057547,0017-03-22 20:10:00,17,3,22,20,10,750,120,"90, RUE DES ORTEAUX",48.8559,2.40726,Nuit avec éclairage allumé,En agglomération,Intersection en Y,Normale,Autre collision,,,,,,,,,,,5,2,4,1.0,6.0
201700057548,0017-03-24 09:30:00,17,3,24,9,30,750,120,AVENUE DU PROFESSEUR AND,48.8554,2.41525,Plein jour,En agglomération,Hors intersection,Pluie légère,Deux véhicules - côté,,,,,,,,,,,1,2,1,2.0,3.0
201700057549,0017-03-24 19:45:00,17,3,24,19,45,750,120,RUE DES PYRENEES,48.8716,2.39225,Nuit avec éclairage allumé,En agglomération,Intersection en X,Temps couvert,Deux véhicules - côté,,,,,,,,,,,5,2,2,8.0,3.0
201700057550,0017-03-25 00:30:00,17,3,25,0,30,750,119,AVENUE DE LA PORTE DES L,48.8781,2.40963,Nuit avec éclairage allumé,En agglomération,Place,Normale,Deux véhicules - arrière,,,,,,,,,,,5,2,7,1.0,2.0
201700057551,0017-03-25 23:30:00,17,3,25,23,30,750,120,"2, BOULEVARD DE BELLEVIL",48.8674,2.38285,Nuit avec éclairage allumé,En agglomération,Intersection en T,Normale,Autre collision,,,,,,,,,,,5,2,3,1.0,6.0
201700057552,0017-03-26 17:55:00,17,3,26,17,55,750,120,"69, BOULEVARD DAVOUT",48.8535,2.4106,Plein jour,En agglomération,Intersection en X,Normale,Deux véhicules - côté,,,,,,,,,,,1,2,2,1.0,3.0
201700057553,0017-03-26 18:45:00,17,3,26,18,45,750,120,RUE DES DOCTEURS DEJERIN,48.8559,2.41196,Plein jour,En agglomération,Hors intersection,Normale,Autre collision,,,,,,,,,,,1,2,1,1.0,6.0
201700057554,0017-03-27 18:50:00,17,3,27,18,50,750,120,"29, PORTE DE MONTREUIL",48.8544,2.41543,Plein jour,En agglomération,Intersection en X,Normale,Autre collision,,,,,,,,,,,1,2,2,1.0,6.0
201700057555,0017-03-28 11:15:00,17,3,28,11,15,750,120,"156, BOULEVARD DE CHARON",48.8568,2.39431,Plein jour,En agglomération,Hors intersection,Normale,Autre collision,,,,,,,,,,,1,2,1,1.0,6.0
201700057556,0017-03-30 08:55:00,17,3,30,8,55,750,120,RUE LOUIS LUMIERE,48.8635,2.41069,Plein jour,En agglomération,Intersection en X,Normale,Deux véhicules - côté,,,,,,,,,,,1,2,2,1.0,3.0
201700057557,0017-04-01 18:00:00,17,4,1,18,0,750,120,"42, RUE LOUIS LUMIERE",48.86,2.4113,Plein jour,En agglomération,Hors intersection,Normale,Autre collision,,,,,,,,,,,1,2,1,1.0,6.0
201700057558,0017-04-02 03:00:00,17,4,2,3,0,750,120,"2, PLACE AUGUSTE METIVIE",48.8629,2.38742,Nuit avec éclairage allumé,En agglomération,Place,Normale,Autre collision,,,,,,,,,,,5,2,7,1.0,6.0
201700057559,0017-04-02 19:45:00,17,4,2,19,45,750,120,"72, BOULEVARD DAVOUT",48.8535,2.4106,Plein jour,En agglomération,Intersection en X,Normale,Deux véhicules - côté,,,,,,,,,,,1,2,2,1.0,3.0
201700057560,0017-04-05 14:50:00,17,4,5,14,50,750,120,"31, AVENUE GAMBETTA",48.8641,2.39226,Plein jour,En agglomération,Intersection en T,Normale,Deux véhicules - côté,,,,,,,,,,,1,2,3,1.0,3.0
201700057561,0017-04-07 12:20:00,17,4,7,12,20,750,120,RUE D ANNAM,48.868,2.39561,Plein jour,En agglomération,Intersection en T,Normale,Autre collision,,,,,,,,,,,1,2,3,1.0,6.0
201700057562,0017-04-07 16:30:00,17,4,7,16,30,750,120,"8, BOULEVARD DAVOUT",48.8488,2.41134,Plein jour,En agglomération,Intersection en Y,Normale,Autre collision,,,,,,,,,,,1,2,4,1.0,6.0
201700057563,0017-04-08 09:20:00,17,4,8,9,20,750,120,RUE D AVRON,48.8527,2.40609,Plein jour,En agglomération,Intersection en X,Normale,Deux véhicules - côté,,,,,,,,,,,1,2,2,1.0,3.0
201700057564,0017-04-15 16:25:00,17,4,15,16,25,750,120,"17, BOULEVARD DAVOUT",48.8485,2.41131,Plein jour,En agglomération,Hors intersection,Normale,Autre collision,,,,,,,,,,,1,2,1,1.0,6.0
201700057565,0017-04-16 21:30:00,17,4,16,21,30,750,120,AVENUE IBSEN,48.8654,2.41157,Nuit avec éclairage allumé,En agglomération,Intersection en X,Normale,Deux véhicules - côté,,,,,,,,,,,5,2,2,1.0,3.0
201700057566,0017-04-19 17:45:00,17,4,19,17,45,750,120,"73, RUE DES PYRENEES",48.8535,2.40582,Plein jour,En agglomération,Intersection en T,Normale,Deux véhicules - côté,,,,,,,,,,,1,2,3,1.0,3.0
201700057567,0017-04-19 18:45:00,17,4,19,18,45,750,120,"66, RUE DES PYRENEES",48.8533,2.4059,Plein jour,En agglomération,Hors intersection,Normale,Trois véhicules et plus - collisions multiples,,,,,,,,,,,1,2,1,1.0,5.0
201700057568,0017-04-20 12:00:00,17,4,20,12,0,750,120,", AVENUE DE LA PORTE DE",48.8466,2.41598,Plein jour,En agglomération,Intersection en X,Normale,Deux véhicules - côté,,,,,,,,,,,1,2,2,1.0,3.0
201700057569,0017-04-21 10:05:00,17,4,21,10,5,750,120,"2, AVENUE DE LA PORTE DE",48.8646,2.40944,Plein jour,En agglomération,Place,Normale,Autre collision,,,,,,,,,,,1,2,7,1.0,6.0
201700057570,0017-04-22 14:45:00,17,4,22,14,45,750,120,"144, BOULEVARD DE MENILM",48.8666,2.38354,Plein jour,En agglomération,Hors intersection,Normale,Autre collision,,,,,,,,,,,1,2,1,1.0,6.0
201700057571,0017-04-23 18:10:00,17,4,23,18,10,750,120,ECHANGEUR LILAS,48.8773,2.40869,Plein jour,En agglomération,Place,Normale,Autre collision,,,,,,,,,,,1,2,7,1.0,6.0
201700057572,0017-04-24 12:15:00,17,4,24,12,15,750,120,"147, RUE DE BAGNOLET",48.8627,2.40665,Plein jour,En agglomération,Intersection en T,Normale,Deux véhicules - arrière,,,,,,,,,,,1,2,3,1.0,2.0
201700057573,0017-04-24 18:45:00,17,4,24,18,45,750,120,RUE LOUIS LUMIERE,48.8626,2.4109,Plein jour,En agglomération,Intersection en X,Normale,Autre collision,,,,,,,,,,,1,2,2,1.0,6.0
201700057574,0017-04-26 08:55:00,17,4,26,8,55,750,120,BOULEVARD DAVOUT,48.8634,2.40881,Plein jour,En agglomération,Intersection en T,Normale,Deux véhicules - côté,,,,,,,,,,,1,2,3,1.0,3.0
201700057575,0017-04-28 13:00:00,17,4,28,13,0,750,120,"105, BOULEVARD DAVOUT",48.856,2.41017,Plein jour,En agglomération,Hors intersection,Normale,Deux véhicules - côté,,,,,,,,,,,1,2,1,1.0,3.0
201700057576,0017-05-02 17:25:00,17,5,2,17,25,750,120,"130, AVENUE GAMBETTA",48.8729,2.40484,Plein jour,En agglomération,Intersection en T,Normale,Deux véhicules - côté,,,,,,,,,,,1,2,3,1.0,3.0
201700057577,0017-05-05 17:40:00,17,5,5,17,40,750,120,"200, RUE DES PYRENEES",48.864,2.39915,Plein jour,En agglomération,Intersection en X,Normale,Autre collision,,,,,,,,,,,1,2,2,1.0,6.0
201700057578,0017-05-06 20:00:00,17,5,6,20,0,750,120,RUE BELGRAND,48.8645,2.40722,Plein jour,En agglomération,Intersection en X,Normale,Deux véhicules - frontale,,,,,,,,,,,1,2,2,1.0,1.0
201700057579,0017-05-06 21:00:00,17,5,6,21,0,750,120,"29, RUE BELGRAND",48.8646,2.40633,Nuit avec éclairage allumé,En agglomération,Hors intersection,Temps couvert,Sans collision,,,,,,,,,,,5,2,1,8.0,7.0
201700057580,0017-05-06 23:10:00,17,5,6,23,10,750,120,"78, RUE DES AMANDIERS",48.8665,2.38962,Nuit avec éclairage allumé,En agglomération,Hors intersection,Pluie légère,Sans collision,,,,,,,,,,,5,2,1,2.0,7.0
201700057581,0017-05-07 23:24:00,17,5,7,23,24,750,120,"16, BOULEVARD DE BELLEVI",48.8678,2.38272,Nuit avec éclairage allumé,En agglomération,Intersection en T,Normale,Autre collision,,,,,,,,,,,5,2,3,1.0,6.0
201700057582,0017-05-13 17:50:00,17,5,13,17,50,750,120,"6, RUE DE BELLEVILLE",48.8722,2.3776,Plein jour,En agglomération,Hors intersection,Normale,Deux véhicules - côté,,,,,,,,,,,1,2,1,1.0,3.0
201700057583,0017-05-15 19:40:00,17,5,15,19,40,750,120,AVENUE GAMBETTA,48.875,2.40568,Plein jour,En agglomération,Intersection en X,Normale,Deux véhicules - côté,,,,,,,,,,,1,2,2,1.0,3.0
201700057584,0017-05-16 09:25:00,17,5,16,9,25,750,120,"85, AVENUE GAMBETTA",48.8654,2.39892,Plein jour,En agglomération,Intersection en Y,Normale,Deux véhicules - arrière,,,,,,,,,,,1,2,4,1.0,2.0
201700057585,0017-05-16 15:10:00,17,5,16,15,10,750,120,"19, RUE BELGRAND",48.8646,2.40587,Plein jour,En agglomération,Intersection en X,Normale,Autre collision,,,,,,,,,,,1,2,2,1.0,6.0
201700057586,0017-05-18 19:10:00,17,5,18,19,10,750,120,"148, RUE DE BELLEVILLE",48.8754,2.39053,Crépuscule ou aube,En agglomération,Hors intersection,Pluie forte,Autre collision,,,,,,,,,,,2,2,1,3.0,6.0
201700057587,0017-05-19 15:30:00,17,5,19,15,30,750,120,"17, BOULEVARD DAVOUT",48.8485,2.41131,Plein jour,En agglomération,Hors intersection,Normale,Sans collision,,,,,,,,,,,1,2,1,1.0,7.0
201700057588,0017-05-21 04:30:00,17,5,21,4,30,750,120,"42, RUE DES COURONNES",48.8699,2.38306,Nuit avec éclairage allumé,En agglomération,Intersection en T,Normale,Deux véhicules - frontale,,,,,,,,,,,5,2,3,1.0,1.0
201700057589,0017-05-22 20:50:00,17,5,22,20,50,750,120,", RUE DE TERRE NEUVE",48.8548,2.3991,Crépuscule ou aube,En agglomération,Intersection en X,Normale,Deux véhicules - côté,,,,,,,,,,,2,2,2,1.0,3.0
201700057590,0017-05-23 12:10:00,17,5,23,12,10,750,120,"5, AVENUE GAMBETTA",48.8633,2.38921,Plein jour,En agglomération,Hors intersection,Normale,Autre collision,,,,,,,,,,,1,2,1,1.0,6.0
201700057591,0017-05-23 14:30:00,17,5,23,14,30,750,120,"84, BOULEVARD DE BELLEVI",48.8699,2.37953,Plein jour,En agglomération,Hors intersection,Temps éblouissant,Autre collision,,,,,,,,,,,1,2,1,7.0,6.0
201700057592,0017-05-23 15:00:00,17,5,23,15,0,750,120,"53, RUE OLIVIER METRA",48.8742,2.39308,Plein jour,En agglomération,Hors intersection,Normale,Autre collision,,,,,,,,,,,1,2,1,1.0,6.0
201700057593,0017-05-24 01:10:00,17,5,24,1,10,750,120,RUE ORFILA,48.8654,2.39487,Nuit avec éclairage allumé,En agglomération,Intersection en X,Normale,Deux véhicules - côté,,,,,,,,,,,5,2,2,1.0,3.0
201700057594,0017-05-24 15:05:00,17,5,24,15,5,750,120,BOULEVARD PERIPHERIQUE E,48.8624,2.41402,Plein jour,En agglomération,Hors intersection,Normale,Autre collision,,,,,,,,,,,1,2,1,1.0,6.0
201700057595,0017-05-25 03:19:00,17,5,25,3,19,750,120,"6, AVENUE GAMBETTA",48.8632,2.38856,Nuit avec éclairage allumé,En agglomération,Hors intersection,Normale,Autre collision,,,,,,,,,,,5,2,1,1.0,6.0
201700057596,0017-05-25 13:35:00,17,5,25,13,35,750,120,AVENUE DE LA PORTE DE VI,48.8469,2.41228,Plein jour,En agglomération,Hors intersection,Normale,Deux véhicules - côté,,,,,,,,,,,1,2,1,1.0,3.0
201700057597,0017-05-26 20:10:00,17,5,26,20,10,750,120,"15, RUE DES DOCTEURS DEJ",48.8561,2.4119,Plein jour,En agglomération,Hors intersection,Normale,Autre collision,,,,,,,,,,,1,2,1,1.0,6.0
201700057598,0017-05-27 20:30:00,17,5,27,20,30,750,120,"5, RUE DE NOISY LE SEC",48.8717,2.41162,Plein jour,En agglomération,Hors intersection,Normale,Autre collision,,,,,,,,,,,1,2,1,1.0,6.0
201700057599,0017-06-01 23:00:00,17,6,1,23,0,750,120,RUE BELGRAND,48.8646,2.40587,Nuit avec éclairage allumé,En agglomération,Intersection en X,Normale,Autre collision,,,,,,,,,,,5,2,2,1.0,6.0
201700057600,0017-06-04 19:50:00,17,6,4,19,50,750,120,"44, RUE SORBIER",48.8654,2.39351,Plein jour,En agglomération,Hors intersection,Normale,Autre collision,,,,,,,,,,,1,2,1,1.0,6.0
201700057601,0017-06-07 11:40:00,17,6,7,11,40,750,120,RUE DE LA CHINE,48.8648,2.40136,Plein jour,En agglomération,Intersection en X,Normale,Autre collision,,,,,,,,,,,1,2,2,1.0,6.0
201700057602,0017-06-09 08:50:00,17,6,9,8,50,750,120,"39-41, RUE SAINT FARGEAU",48.8716,2.40321,Plein jour,En agglomération,Hors intersection,Temps couvert,Autre collision,,,,,,,,,,,1,2,1,8.0,6.0
201700057603,0017-06-09 16:20:00,17,6,9,16,20,750,120,RUE LOUIS LUMIERE,48.8613,2.41108,Plein jour,En agglomération,Hors intersection,Normale,Trois véhicules et plus - en chaîne,,,,,,,,,,,1,2,1,1.0,4.0
201700057604,0017-06-10 20:20:00,17,6,10,20,20,750,120,"242 BIS, RUE DES PYRENEE",48.868,2.39603,Plein jour,En agglomération,Intersection en Y,Normale,Autre collision,,,,,,,,,,,1,2,4,1.0,6.0
201700057605,0017-06-10 21:30:00,17,6,10,21,30,750,120,"112, RUE D AVRON",48.8529,2.40712,Plein jour,En agglomération,Hors intersection,Normale,Autre collision,,,,,,,,,,,1,2,1,1.0,6.0
201700057606,0017-06-09 03:15:00,17,6,9,3,15,750,120,"31, BOULEVARD DE MENILMO",48.8604,2.38873,Nuit avec éclairage allumé,En agglomération,Hors intersection,Pluie forte,Sans collision,,,,,,,,,,,5,2,1,3.0,7.0
201700057607,0017-06-15 12:40:00,17,6,15,12,40,750,120,AVENUE IBSEN,48.8665,2.4126,Plein jour,En agglomération,Intersection en Y,Normale,Deux véhicules - côté,,,,,,,,,,,1,2,4,1.0,3.0
201700057608,0017-06-15 13:00:00,17,6,15,13,0,750,119,PORTE DES LILAS,48.8772,2.40668,Plein jour,En agglomération,Intersection à plus de 4 branches,Normale,Deux véhicules - côté,,,,,,,,,,,1,2,5,1.0,3.0
201700057609,0017-06-16 15:10:00,17,6,16,15,10,750,119,"12, RUE DE BELLEVILLE",48.8725,2.37853,Plein jour,En agglomération,Intersection en T,Normale,Deux véhicules - frontale,,,,,,,,,,,1,2,3,1.0,1.0
201700057610,0017-06-17 00:45:00,17,6,17,0,45,750,120,"25, RUE DU TRANSVAAL",48.8717,2.38815,Nuit avec éclairage allumé,En agglomération,Hors intersection,Normale,Autre collision,,,,,,,,,,,5,2,1,1.0,6.0
201700057611,0017-06-18 00:30:00,17,6,18,0,30,750,120,"117, RUE PELLEPORT",48.8716,2.39856,Nuit avec éclairage allumé,En agglomération,Hors intersection,Normale,Autre collision,,,,,,,,,,,5,2,1,1.0,6.0
201700057612,0017-06-18 21:30:00,17,6,18,21,30,750,120,"34, RUE SAINT FARGEAU",48.8716,2.40337,Crépuscule ou aube,En agglomération,Hors intersection,Normale,Deux véhicules - arrière,,,,,,,,,,,2,2,1,1.0,2.0
201700057613,0017-06-18 21:20:00,17,6,18,21,20,750,120,"33, BOULEVARD DAVOUT",48.8497,2.41125,Plein jour,En agglomération,Hors intersection,Normale,Sans collision,,,,,,,,,,,1,2,1,1.0,7.0
201700057614,0017-06-19 08:28:00,17,6,19,8,28,750,120,RUE DES MARAICHERS,48.849,2.40772,Plein jour,En agglomération,Intersection en X,Normale,Deux véhicules - côté,,,,,,,,,,,1,2,2,1.0,3.0
201700057615,0017-06-19 20:15:00,17,6,19,20,15,750,120,"112, RUE DE LAGNY",48.8491,2.41308,Plein jour,En agglomération,Intersection en X,Normale,Autre collision,,,,,,,,,,,1,2,2,1.0,6.0
201700057616,0017-06-21 07:45:00,17,6,21,7,45,750,120,"16, AVENUE GAMBETTA",48.8634,2.38934,Plein jour,En agglomération,Hors intersection,Normale,Deux véhicules - côté,,,,,,,,,,,1,2,1,1.0,3.0
201700057617,0017-06-21 22:30:00,17,6,21,22,30,750,120,RUE JULIEN LACROIX,48.8681,2.38646,Nuit avec éclairage allumé,En agglomération,Hors intersection,Normale,Autre collision,,,,,,,,,,,5,2,1,1.0,6.0
201700057618,0017-06-22 03:30:00,17,6,22,3,30,750,120,RUE DES PYRENEES,48.8739,2.38529,Nuit avec éclairage allumé,En agglomération,Intersection en X,Normale,Deux véhicules - arrière,,,,,,,,,,,5,2,2,1.0,2.0
201700057619,0017-06-23 12:26:00,17,6,23,12,26,750,120,"15, RUE MENDELSSOHN",48.8551,2.41154,Plein jour,En agglomération,Intersection en T,Normale,Deux véhicules - côté,,,,,,,,,,,1,2,3,1.0,3.0
201700057620,0017-06-24 17:25:00,17,6,24,17,25,750,120,"93, AVENUE GAMBETTA",48.8665,2.39989,Plein jour,En agglomération,Intersection en X,Normale,Autre collision,,,,,,,,,,,1,2,2,1.0,6.0
201700057621,0017-06-25 07:50:00,17,6,25,7,50,750,120,"48TER, RUE SAINT FARGEAU",48.8719,2.40504,Plein jour,En agglomération,Hors intersection,Normale,Deux véhicules - côté,,,,,,,,,,,1,2,1,1.0,3.0
201700057622,0017-06-25 10:30:00,17,6,25,10,30,750,120,"3, COURS DE VINCENNES",48.8484,2.3996,Plein jour,En agglomération,Hors intersection,Normale,Autre collision,,,,,,,,,,,1,2,1,1.0,6.0
201700057623,0017-06-25 19:10:00,17,6,25,19,10,750,120,PLACE DE LA PORTE DE MON,48.8539,2.41295,Plein jour,En agglomération,Place,Normale,Autre collision,,,,,,,,,,,1,2,7,1.0,6.0
201700057624,0017-06-25 22:56:00,17,6,25,22,56,750,120,"41, RUE DES GATINES",48.8663,2.39972,Nuit avec éclairage allumé,En agglomération,Intersection en T,Normale,Deux véhicules - côté,,,,,,,,,,,5,2,3,1.0,3.0
201700057625,0017-06-25 22:30:00,17,6,25,22,30,750,120,"324, RUE DES PYRENEES",48.8729,2.39056,Nuit avec éclairage allumé,En agglomération,Hors intersection,Normale,Deux véhicules - côté,,,,,,,,,,,5,2,1,1.0,3.0
201700057626,0017-06-27 20:35:00,17,6,27,20,35,750,120,"288, RUE DES PYRENEES",48.8707,2.39351,Plein jour,En agglomération,Hors intersection,Normale,Deux véhicules - côté,,,,,,,,,,,1,2,1,1.0,3.0
201700057627,0017-06-28 11:24:00,17,6,28,11,24,750,120,"75, AVENUE GAMBETTA",48.8649,2.39722,Plein jour,En agglomération,Intersection en X,Normale,Deux véhicules - côté,,,,,,,,,,,1,2,2,1.0,3.0
201700057628,0017-06-28 16:50:00,17,6,28,16,50,750,120,"28, BOULEVARD DE CHARONN",48.8501,2.399,Plein jour,En agglomération,Hors intersection,Pluie légère,Deux véhicules - côté,,,,,,,,,,,1,2,1,2.0,3.0
201700057629,0017-06-28 20:40:00,17,6,28,20,40,750,120,"140, AVENUE GAMBETTA",48.8694,2.40235,Crépuscule ou aube,En agglomération,Hors intersection,Temps couvert,Autre collision,,,,,,,,,,,2,2,1,8.0,6.0
201700057630,0017-07-01 08:50:00,17,7,1,8,50,750,120,"604, BOULEVARD DE MENILM",48.8651,2.38502,Plein jour,En agglomération,Intersection en X,Pluie forte,Autre collision,,,,,,,,,,,1,2,2,3.0,6.0
201700057631,0017-07-01 23:15:00,17,7,1,23,15,750,120,"/, BOULEVARD DE MENILMON",48.8642,2.38613,Nuit avec éclairage allumé,En agglomération,Intersection en X,Normale,Autre collision,,,,,,,,,,,5,2,2,1.0,6.0
201700057632,0017-07-03 18:07:00,17,7,3,18,7,750,120,RUE HELENE JAKUBOWICZ,48.8698,2.39775,Plein jour,En agglomération,Intersection en T,Normale,Autre collision,,,,,,,,,,,1,2,3,1.0,6.0
201700057633,0017-07-06 22:10:00,17,7,6,22,10,750,120,"112, RUE DE MENILMONTANT",48.8697,2.39364,Nuit avec éclairage allumé,En agglomération,Hors intersection,Normale,Deux véhicules - côté,,,,,,,,,,,5,2,1,1.0,3.0
201700057634,0017-07-07 02:45:00,17,7,7,2,45,750,120,"74, RUE BELGRAND",48.8645,2.40722,Nuit avec éclairage allumé,En agglomération,Intersection en X,Pluie légère,Deux véhicules - arrière,,,,,,,,,,,5,2,2,2.0,2.0
201700057635,0017-07-08 08:00:00,17,7,8,8,0,750,120,PLACE DE LA PORTE DE BAG,48.8649,2.4087,Plein jour,En agglomération,Place,Normale,Deux véhicules - côté,,,,,,,,,,,1,2,7,1.0,3.0
201700057636,0017-07-08 15:45:00,17,7,8,15,45,750,120,RUE ORFILA,48.8683,2.40139,Plein jour,En agglomération,Intersection à plus de 4 branches,Normale,Autre collision,,,,,,,,,,,1,2,5,1.0,6.0
201700057637,0017-07-12 12:30:00,17,7,12,12,30,750,120,"117, RUE DES PYRENEES",48.8568,2.40458,Plein jour,En agglomération,Hors intersection,Normale,Autre collision,,,,,,,,,,,1,2,1,1.0,6.0
201700057638,0017-07-12 17:30:00,17,7,12,17,30,750,120,"/, BOULEVARD PERIPHERIQU",48.8719,2.41278,Plein jour,En agglomération,Hors intersection,Normale,Trois véhicules et plus - en chaîne,,,,,,,,,,,1,2,1,1.0,4.0
201700057639,0017-07-13 16:00:00,17,7,13,16,0,750,120,BOULEVARD PERIPHERIQUE I,48.8621,2.41364,Plein jour,En agglomération,Hors intersection,Normale,Deux véhicules - arrière,,,,,,,,,,,1,2,1,1.0,2.0
201700057640,0017-07-13 17:40:00,17,7,13,17,40,750,120,"02, PASSAGE GAMBETTA",48.8718,2.40225,Plein jour,En agglomération,Hors intersection,Temps couvert,Autre collision,,,,,,,,,,,1,2,1,8.0,6.0
201700057641,0017-07-14 04:57:00,17,7,14,4,57,750,120,"/, AVENUE DU DOCTEUR GLE",48.877,2.41125,Nuit avec éclairage allumé,En agglomération,Hors intersection,Normale,Autre collision,,,,,,,,,,,5,2,1,1.0,6.0
201700057642,0017-07-18 21:20:00,17,7,18,21,20,750,120,"/, PLACE DU MAQUIS DU VE",48.8773,2.40869,Crépuscule ou aube,En agglomération,Intersection en Y,Normale,Autre collision,,,,,,,,,,,2,2,4,1.0,6.0
201700057643,0017-07-20 16:30:00,17,7,20,16,30,750,120,"42 BIS, RUE BELGRAND",48.8647,2.40416,Plein jour,En agglomération,Intersection en X,Normale,Deux véhicules - côté,,,,,,,,,,,1,2,2,1.0,3.0
201700057644,0017-07-21 11:07:00,17,7,21,11,7,750,120,"101, BOULEVARD MORTIER",48.8712,2.4087,Plein jour,En agglomération,Hors intersection,Normale,Autre collision,,,,,,,,,,,1,2,1,1.0,6.0
201700057645,0017-07-21 21:05:00,17,7,21,21,5,750,120,"44, RUE BELGRAND",48.8646,2.40457,Plein jour,En agglomération,Intersection en X,Normale,Autre collision,,,,,,,,,,,1,2,2,1.0,6.0
201700057646,0017-07-21 23:45:00,17,7,21,23,45,750,120,"94, RUE D AVRON",48.8527,2.40609,Nuit avec éclairage allumé,En agglomération,Intersection en X,Normale,Deux véhicules - côté,,,,,,,,,,,5,2,2,1.0,3.0
201700057647,0017-07-22 08:05:00,17,7,22,8,5,750,120,PLACE DE LA PORTE DE BAG,48.8645,2.40858,Plein jour,En agglomération,Place,Normale,Deux véhicules - côté,,,,,,,,,,,1,2,7,1.0,3.0
201700057648,0017-07-25 13:40:00,17,7,25,13,40,750,120,"83, RUE DES GRANDS CHAMP",48.8516,2.40665,Plein jour,En agglomération,Hors intersection,Temps couvert,Autre collision,,,,,,,,,,,1,2,1,8.0,6.0
201700057649,0017-07-27 17:40:00,17,7,27,17,40,750,120,"383, RUE DES PYRENEES",48.8738,2.38806,Plein jour,En agglomération,Intersection en X,Normale,Autre collision,,,,,,,,,,,1,2,2,1.0,6.0
201700057650,0017-07-31 15:05:00,17,7,31,15,5,750,120,"223, RUE DES PYRENEES",48.8632,2.39974,Plein jour,En agglomération,Hors intersection,Normale,Deux véhicules - arrière,,,,,,,,,,,1,2,1,1.0,2.0
201700057651,0017-08-02 18:10:00,17,8,2,18,10,750,120,"42, RUE ETIENNE DOLET",48.8683,2.38628,Plein jour,En agglomération,Intersection en T,Normale,Autre collision,,,,,,,,,,,1,2,3,1.0,6.0
201700057652,0017-08-03 14:50:00,17,8,3,14,50,750,120,"86/88, RUE DES COURONNES",48.8704,2.38676,Plein jour,En agglomération,Intersection en T,Normale,Autre collision,,,,,,,,,,,1,2,3,1.0,6.0
201700057653,0017-08-03 19:00:00,17,8,3,19,0,750,120,RUE DES PYRENEES,48.8592,2.4021,Plein jour,En agglomération,Intersection en X,Normale,Deux véhicules - côté,,,,,,,,,,,1,2,2,1.0,3.0
201700057654,0017-08-04 12:40:00,17,8,4,12,40,750,120,"1, PORTE DE VINCENNES",48.847,2.41503,Plein jour,En agglomération,Intersection en Y,Normale,Deux véhicules - côté,,,,,,,,,,,1,2,4,1.0,3.0
201700057655,0017-08-11 16:54:00,17,8,11,16,54,750,120,"168, BOULEVARD MORTIER",48.8767,2.40695,Plein jour,En agglomération,Hors intersection,Normale,Autre collision,,,,,,,,,,,1,2,1,1.0,6.0
201700057656,0017-08-11 19:30:00,17,8,11,19,30,750,120,RUE BELGRAND,48.8647,2.40416,Plein jour,En agglomération,Intersection en X,Normale,Deux véhicules - côté,,,,,,,,,,,1,2,2,1.0,3.0
201700057657,0017-08-11 04:55:00,17,8,11,4,55,750,120,"56, BOULEVARD DAVOUT",48.852,2.41087,Nuit avec éclairage allumé,En agglomération,Hors intersection,Normale,Autre collision,,,,,,,,,,,5,2,1,1.0,6.0
201700057658,0017-08-12 20:50:00,17,8,12,20,50,750,120,AVENUE BENOIT FRACHON,48.8531,2.41564,Nuit avec éclairage allumé,En agglomération,Hors intersection,Pluie légère,Autre collision,,,,,,,,,,,5,2,1,2.0,6.0
201700057659,0017-08-14 18:10:00,17,8,14,18,10,750,120,RUE EVARISTE GALOIS,48.8741,2.41314,Plein jour,En agglomération,Intersection en X,Normale,Autre collision,,,,,,,,,,,1,2,2,1.0,6.0
201700057660,0017-08-17 12:45:00,17,8,17,12,45,750,120,RUE DE BAGNOLET,48.8576,2.39932,Plein jour,En agglomération,Intersection en X,Pluie légère,Deux véhicules - côté,,,,,,,,,,,1,2,2,2.0,3.0
201700057661,0017-08-20 11:45:00,17,8,20,11,45,750,120,"108, AVENUE GAMBETTA",48.8714,2.4041,Plein jour,En agglomération,Hors intersection,Normale,Autre collision,,,,,,,,,,,1,2,1,1.0,6.0
201700057662,0017-08-22 13:55:00,17,8,22,13,55,750,120,"112, BOULEVARD DE BELLEV",48.8708,2.37842,Plein jour,En agglomération,Intersection en X,Normale,Trois véhicules et plus - en chaîne,,,,,,,,,,,1,2,2,1.0,4.0
201700057663,0017-08-23 09:30:00,17,8,23,9,30,750,120,"27, RUE DES PYRENEES",48.8494,2.40649,Plein jour,En agglomération,Intersection en T,Normale,Deux véhicules - côté,,,,,,,,,,,1,2,3,1.0,3.0
201700057664,0017-08-24 17:20:00,17,8,24,17,20,750,120,"131, RUE DES PYRENEES",48.8579,2.40364,Plein jour,En agglomération,Hors intersection,Normale,Deux véhicules - côté,,,,,,,,,,,1,2,1,1.0,3.0