accident_id,datetime,annee,mois,jour,heure,minute,departement,commune_insee,adresse,latitude,longitude,luminosite,agglomeration,intersection,meteo,collision,nb_vehicules,nb_usagers,nb_indemnes,nb_tues,nb_blesses_hosp,nb_blesses_legers,age_cond_1,age_cond_2,veh_type_cond_1,veh_type_cond_2,lum_code,agg_code,int_code,atm_code,col_code
201700057782,0017-01-25 08:38:00,17,1,25,8,38,750,107,"87, AVENUE DE SUFFREN",48.8505,2.30203,Plein jour,En agglomération,Intersection en T,Temps couvert,Deux véhicules - côté,,,,,,,,,,,1,2,3,8.0,3.0
201700057783,0017-01-26 23:26:00,17,1,26,23,26,750,115,RUE DE LA CONVENTION,48.8393,2.29196,Nuit avec éclairage allumé,En agglomération,Intersection à plus de 4 branches,Normale,Autre collision,,,,,,,,,,,5,2,5,1.0,6.0
201700057784,0017-01-29 06:00:00,17,1,29,6,0,750,116,BOULEVARD PERIPHERIQUE E,48.862,2.2643,Nuit avec éclairage allumé,En agglomération,Hors intersection,Normale,Autre collision,,,,,,,,,,,5,2,1,1.0,6.0
201700057785,0017-01-30 15:10:00,17,1,30,15,10,750,114,"52-54, RUE D ALESIA",48.8278,2.32783,Plein jour,En agglomération,Hors intersection,Normale,Autre collision,,,,,,,,,,,1,2,1,1.0,6.0
201700057786,0017-01-31 19:10:00,17,1,31,19,10,750,115,"2, RUE FALGUIERE",48.8444,2.31769,Nuit avec éclairage allumé,En agglomération,Intersection à plus de 4 branches,Normale,Autre collision,,,,,,,,,,,5,2,5,1.0,6.0
201700057787,0017-02-03 14:40:00,17,2,3,14,40,750,107,PONT ALEXANDRE III,48.8629,2.31342,Plein jour,En agglomération,Intersection en X,Pluie légère,Deux véhicules - arrière,,,,,,,,,,,1,2,2,2.0,2.0
201700057788,0017-02-04 17:50:00,17,2,4,17,50,750,112,"20, AVENUE LEDRU ROLLIN",48.8469,2.3694,Crépuscule ou aube,En agglomération,Intersection en X,Pluie légère,Trois véhicules et plus - collisions multiples,,,,,,,,,,,2,2,2,2.0,5.0
201700057789,0017-02-05 06:40:00,17,2,5,6,40,750,118,"96, RUE DES POISSONNIERS",48.8927,2.35232,Nuit avec éclairage allumé,En agglomération,Intersection en T,Pluie légère,Autre collision,,,,,,,,,,,5,2,3,2.0,6.0
201700057790,0017-02-10 19:10:00,17,2,10,19,10,750,111,"10, PLACE LEON BLUM",48.8586,2.37991,Nuit avec éclairage allumé,En agglomération,Place,Normale,Autre collision,,,,,,,,,,,5,2,7,1.0,6.0
201700057791,0017-02-16 10:00:00,17,2,16,10,0,750,115,"17, RUE BOURSEUL",48.838,2.30142,Plein jour,En agglomération,Intersection en X,Temps couvert,Sans collision,,,,,,,,,,,1,2,2,8.0,7.0
201700057792,0017-02-17 09:00:00,17,2,17,9,0,750,120,BOULEVARD PERIPHERIQUE I,48.8685,2.4132,Plein jour,En agglomération,Intersection en Y,Normale,Autre collision,,,,,,,,,,,1,2,4,1.0,6.0
201700057793,0017-02-18 14:40:00,17,2,18,14,40,750,112,BOULEVARD PERIPHERIQUE I,48.8445,2.41391,Plein jour,En agglomération,Intersection en Y,Normale,Deux véhicules - côté,,,,,,,,,,,1,2,4,1.0,3.0
201700057794,0017-02-18 18:56:00,17,2,18,18,56,750,105,"23, RUE BERTHOLLET",48.8385,2.34565,Plein jour,En agglomération,Hors intersection,Normale,Autre collision,,,,,,,,,,,1,2,1,1.0,6.0
201700057795,0017-02-22 06:50:00,17,2,22,6,50,750,112,BOULEVARD PERIPHERIQUE E,48.8292,2.40049,Plein jour,En agglomération,Hors intersection,Normale,Autre collision,,,,,,,,,,,1,2,1,1.0,6.0
201700057796,0017-02-23 17:20:00,17,2,23,17,20,750,117,"99, AVENUE DE CLICHY",48.8891,2.32273,Plein jour,En agglomération,Intersection en X,Normale,Autre collision,,,,,,,,,,,1,2,2,1.0,6.0
201700057797,0017-02-24 12:39:00,17,2,24,12,39,750,118,"43, BOULEVARD BARBES",48.8884,2.34956,Plein jour,En agglomération,Intersection en X,Normale,Deux véhicules - côté,,,,,,,,,,,1,2,2,1.0,3.0
201700057798,0017-03-03 15:10:00,17,3,3,15,10,750,118,"49 BIS, RUE CUSTINE",48.8895,2.34387,Plein jour,En agglomération,Intersection en T,Normale,Autre collision,,,,,,,,,,,1,2,3,1.0,6.0
201700057799,0017-03-04 06:50:00,17,3,4,6,50,750,108,AVENUE DES CHAMPS ELYSEE,48.8661,2.31902,Crépuscule ou aube,En agglomération,Intersection en T,Pluie légère,Deux véhicules - arrière,,,,,,,,,,,2,2,3,2.0,2.0
201700057800,0017-03-06 18:45:00,17,3,6,18,45,750,119,"138, RUE DE BELLEVILLE",48.8753,2.38961,Crépuscule ou aube,En agglomération,Intersection en T,Normale,Autre collision,,,,,,,,,,,2,2,3,1.0,6.0
201700057801,0017-03-07 14:45:00,17,3,7,14,45,750,107,"144, RUE DE GRENELLE",48.858,2.31519,Plein jour,En agglomération,Intersection en X,Temps couvert,Sans collision,,,,,,,,,,,1,2,2,8.0,7.0
201700057802,0017-03-10 07:25:00,17,3,10,7,25,750,114,BOULEVARD PERIPHERIQUE I,48.8251,2.3034,Plein jour,En agglomération,Hors intersection,Normale,Trois véhicules et plus - en chaîne,,,,,,,,,,,1,2,1,1.0,4.0
201700057803,0017-03-10 17:20:00,17,3,10,17,20,750,109,"63, RUE BLANCHE",48.8819,2.33171,Plein jour,En agglomération,Hors intersection,Normale,Autre collision,,,,,,,,,,,1,2,1,1.0,6.0
201700057804,0017-03-12 02:35:00,17,3,12,2,35,750,108,RUE LA BOETIE,48.8739,2.31586,Nuit avec éclairage allumé,En agglomération,Intersection en X,Normale,Deux véhicules - côté,,,,,,,,,,,5,2,2,1.0,3.0
201700057805,0017-03-12 06:50:00,17,3,12,6,50,750,106,"72, RUE DES SAINTS PERES",48.8527,2.32935,Crépuscule ou aube,En agglomération,Intersection en X,Normale,Autre collision,,,,,,,,,,,2,2,2,1.0,6.0
201700057806,0017-03-12 15:45:00,17,3,12,15,45,750,118,"31, RUE RAMEY",48.8889,2.34647,Plein jour,En agglomération,Intersection à plus de 4 branches,Normale,Autre collision,,,,,,,,,,,1,2,5,1.0,6.0
201700057807,0017-03-14 21:05:00,17,3,14,21,5,750,104,"04, AVENUE VICTORIA",48.8569,2.35061,Nuit avec éclairage allumé,En agglomération,Hors intersection,Normale,Autre collision,,,,,,,,,,,5,2,1,1.0,6.0
201700057808,0017-03-16 16:45:00,17,3,16,16,45,750,112,"103, RUE DE REUILLY",48.8428,2.39195,Plein jour,En agglomération,Hors intersection,Normale,Autre collision,,,,,,,,,,,1,2,1,1.0,6.0
201700057809,0017-03-17 02:25:00,17,3,17,2,25,750,108,RUE DE MIROMESNIL,48.8784,2.31553,Nuit avec éclairage allumé,En agglomération,Intersection en X,Normale,Deux véhicules - côté,,,,,,,,,,,5,2,2,1.0,3.0
201700057810,0017-03-21 16:15:00,17,3,21,16,15,750,116,"87, RUE DE PASSY",48.8581,2.27605,Plein jour,En agglomération,Hors intersection,Normale,Autre collision,,,,,,,,,,,1,2,1,1.0,6.0
201700057811,0017-03-23 12:20:00,17,3,23,12,20,750,118,"21, RUE DU POTEAU",48.8937,2.34216,Plein jour,En agglomération,Hors intersection,Normale,Autre collision,,,,,,,,,,,1,2,1,1.0,6.0
201700057812,0017-03-24 01:40:00,17,3,24,1,40,750,110,RUE LOUIS BLANC,48.8836,2.3605,Nuit avec éclairage allumé,En agglomération,Intersection en X,Normale,Deux véhicules - côté,,,,,,,,,,,5,2,2,1.0,3.0
201700057813,0017-03-24 05:30:00,17,3,24,5,30,750,110,RUE DE L ECHIQUIER,48.8716,2.34988,Crépuscule ou aube,En agglomération,Intersection en T,Pluie légère,Deux véhicules - arrière,,,,,,,,,,,2,2,3,2.0,2.0
201700057814,0017-03-28 02:00:00,17,3,28,2,0,750,116,"61, RUE JEAN DE LA FONTA",48.8496,2.26804,Nuit avec éclairage allumé,En agglomération,Hors intersection,Normale,Autre collision,,,,,,,,,,,5,2,1,1.0,6.0
201700057815,0017-03-28 08:35:00,17,3,28,8,35,750,118,"13, AVENUE DE LA PORTE D",48.8999,2.35863,Plein jour,En agglomération,Hors intersection,Normale,Deux véhicules - côté,,,,,,,,,,,1,2,1,1.0,3.0
201700057816,0017-03-29 08:15:00,17,3,29,8,15,750,106,"84, BOULEVARD RASPAIL",48.8473,2.32791,Plein jour,En agglomération,Intersection en X,Normale,Autre collision,,,,,,,,,,,1,2,2,1.0,6.0
201700057817,0017-03-29 17:30:00,17,3,29,17,30,750,112,BOULEVARD PERIPHERIQUE E,48.8273,2.39147,Plein jour,En agglomération,Hors intersection,Normale,Autre collision,,,,,,,,,,,1,2,1,1.0,6.0
201700057818,0017-03-29 19:25:00,17,3,29,19,25,750,101,"20, RUE DE HARLAY",48.8558,2.3425,Crépuscule ou aube,En agglomération,Intersection en T,Normale,Deux véhicules - côté,,,,,,,,,,,2,2,3,1.0,3.0
201700057819,0017-03-30 17:20:00,17,3,30,17,20,750,107,"69, QUAI D ORSAY",48.8623,2.30597,Plein jour,En agglomération,Hors intersection,Normale,Autre collision,,,,,,,,,,,1,2,1,1.0,6.0
201700057820,0017-04-19 17:37:00,17,4,19,17,37,750,114,ECHANGEUR ORLEANS,48.8206,2.32415,Plein jour,En agglomération,Intersection en X,Normale,Autre collision,,,,,,,,,,,1,2,2,1.0,6.0
201700057821,0017-03-31 13:00:00,17,3,31,13,0,750,106,"151, BOULEVARD DU MONTPA",48.8405,2.33412,Plein jour,En agglomération,Hors intersection,Normale,Autre collision,,,,,,,,,,,1,2,1,1.0,6.0
201700057822,0017-04-19 14:45:00,17,4,19,14,45,750,106,"157, BOULEVARD SAINT GER",48.8542,2.33111,Plein jour,En agglomération,Hors intersection,Normale,Deux véhicules - côté,,,,,,,,,,,1,2,1,1.0,3.0
201700057823,0017-04-02 21:00:00,17,4,2,21,0,750,119,BOULEVARD D ALGERIE,48.8813,2.40019,Nuit avec éclairage allumé,En agglomération,Hors intersection,Normale,Autre collision,,,,,,,,,,,5,2,1,1.0,6.0
201700057824,0017-04-03 00:50:00,17,4,3,0,50,750,110,"96, BOULEVARD DE MAGENTA",48.8776,2.35489,Nuit avec éclairage allumé,En agglomération,Hors intersection,Normale,Deux véhicules - côté,,,,,,,,,,,5,2,1,1.0,3.0
201700057825,0017-04-04 04:40:00,17,4,4,4,40,750,112,AVENUE DES MINIMES,48.8404,2.43863,Nuit avec éclairage allumé,En agglomération,Place,Normale,Autre collision,,,,,,,,,,,5,2,7,1.0,6.0
201700057826,0017-04-06 01:50:00,17,4,6,1,50,750,114,"186, AVENUE DU MAINE",48.8319,2.32519,Nuit avec éclairage allumé,En agglomération,Intersection en T,Normale,Autre collision,,,,,,,,,,,5,2,3,1.0,6.0
201700057827,0017-04-07 10:47:00,17,4,7,10,47,750,114,"67, AVENUE DU GENERAL LE",48.8288,2.32769,Plein jour,En agglomération,Intersection en T,Normale,Deux véhicules - côté,,,,,,,,,,,1,2,3,1.0,3.0
201700057828,0017-04-08 11:39:00,17,4,8,11,39,750,106,"09, QUAI MALAQUAIS",48.8577,2.33536,Plein jour,En agglomération,Intersection à plus de 4 branches,Normale,Sans collision,,,,,,,,,,,1,2,5,1.0,7.0
201700057829,0017-04-08 19:05:00,17,4,8,19,5,750,117,"155, RUE CARDINET",48.8908,2.31767,Plein jour,En agglomération,Hors intersection,Normale,Autre collision,,,,,,,,,,,1,2,1,1.0,6.0
201700057830,0017-04-08 22:30:00,17,4,8,22,30,750,118,"58, BOULEVARD DE LA CHAP",48.8843,2.35573,Nuit avec éclairage allumé,En agglomération,Intersection en Y,Normale,Autre collision,,,,,,,,,,,5,2,4,1.0,6.0
201700057831,0017-04-09 02:30:00,17,4,9,2,30,750,114,BOULEVARD EDGAR QUINET,48.8413,2.32486,Nuit avec éclairage allumé,En agglomération,Place,Normale,Deux véhicules - côté,,,,,,,,,,,5,2,7,1.0,3.0
201700057832,0017-04-09 05:05:00,17,4,9,5,5,750,119,RUE ALEXANDER FLEMING,48.8809,2.40567,Nuit avec éclairage allumé,En agglomération,Hors intersection,Normale,Autre collision,,,,,,,,,,,5,2,1,1.0,6.0
201700057833,0017-04-09 16:08:00,17,4,9,16,8,750,114,"24, BOULEVARD JOURDAN",48.8203,2.33873,Plein jour,En agglomération,Hors intersection,Normale,Autre collision,,,,,,,,,,,1,2,1,1.0,6.0
201700057834,0017-04-12 11:33:00,17,4,12,11,33,750,118,AVENUE DE LA PORTE DE CL,48.8993,2.34409,Plein jour,En agglomération,Intersection en X,Normale,Autre collision,,,,,,,,,,,1,2,2,1.0,6.0
201700057835,0017-04-12 14:50:00,17,4,12,14,50,750,119,"14, AVENUE DE FLANDRE",48.885,2.37003,Plein jour,En agglomération,Hors intersection,Normale,Autre collision,,,,,,,,,,,1,2,1,1.0,6.0
201700057836,0017-04-13 07:48:00,17,4,13,7,48,750,112,AVENUE DAUMESNIL,48.8367,2.40346,Plein jour,En agglomération,Intersection en X,Normale,Deux véhicules - côté,,,,,,,,,,,1,2,2,1.0,3.0
201700057837,0017-04-14 09:50:00,17,4,14,9,50,750,113,BOULEVARD PERIPHERIQUE I,48.8172,2.36583,Plein jour,En agglomération,Hors intersection,Normale,Deux véhicules - arrière,,,,,,,,,,,1,2,1,1.0,2.0
201700057838,0017-04-15 04:00:00,17,4,15,4,0,750,111,"40, RUE FAIDHERBE",48.8534,2.38266,Nuit avec éclairage non allumé,En agglomération,Intersection en Y,Normale,Autre collision,,,,,,,,,,,4,2,4,1.0,6.0
201700057839,0017-04-16 21:50:00,17,4,16,21,50,750,118,RUE DU CARDINAL GUIBERT,48.8869,2.3425,Nuit avec éclairage allumé,En agglomération,Hors intersection,Normale,Autre collision,,,,,,,,,,,5,2,1,1.0,6.0
201700057840,0017-04-17 00:01:00,17,4,17,0,1,750,118,"14, RUE FOREST",48.8858,2.32884,Nuit avec éclairage allumé,En agglomération,Intersection en T,Normale,Deux véhicules - arrière,,,,,,,,,,,5,2,3,1.0,2.0
201700057841,0017-04-19 09:40:00,17,4,19,9,40,750,118,"20, BOULEVARD BARBES",48.885,2.34948,Plein jour,En agglomération,Hors intersection,Normale,Deux véhicules - côté,,,,,,,,,,,1,2,1,1.0,3.0
201700057842,0017-04-20 23:00:00,17,4,20,23,0,750,111,"55, RUE RICHARD LENOIR",48.8574,2.38081,Nuit avec éclairage allumé,En agglomération,Intersection en Y,Normale,Autre collision,,,,,,,,,,,5,2,4,1.0,6.0
201700057843,0017-04-21 04:00:00,17,4,21,4,0,750,104,"80, QUAI DE L HOTEL DE V",48.8548,2.35399,Nuit avec éclairage allumé,En agglomération,Hors intersection,Normale,Deux véhicules - côté,,,,,,,,,,,5,2,1,1.0,3.0
201700057844,0017-04-21 19:10:00,17,4,21,19,10,750,114,BOULEVARD PERIPHERIQUE I,48.8184,2.33305,Plein jour,En agglomération,Hors intersection,Normale,Deux véhicules - côté,,,,,,,,,,,1,2,1,1.0,3.0
201700057845,0017-04-22 18:45:00,17,4,22,18,45,750,103,"184, RUE SAINT MARTIN",48.8628,2.35226,Plein jour,En agglomération,Intersection en T,Normale,Autre collision,,,,,,,,,,,1,2,3,1.0,6.0
201700057846,0017-04-23 15:10:00,17,4,23,15,10,750,111,"46, BOULEVARD RICHARD LE",48.8587,2.37195,Plein jour,En agglomération,Hors intersection,Normale,Autre collision,,,,,,,,,,,1,2,1,1.0,6.0
201700057847,0017-04-25 03:10:00,17,4,25,3,10,750,105,"20, RUE POLIVEAU",48.8403,2.3595,Nuit avec éclairage allumé,En agglomération,Hors intersection,Normale,Autre collision,,,,,,,,,,,5,2,1,1.0,6.0
201700057848,0017-04-27 01:54:00,17,4,27,1,54,750,101,RUE DE CASTIGLIONE,48.8666,2.32856,Nuit avec éclairage allumé,En agglomération,Intersection en X,Normale,Deux véhicules - côté,,,,,,,,,,,5,2,2,1.0,3.0
201700057849,0017-04-27 20:04:00,17,4,27,20,4,750,112,BOULEVARD SOULT,48.8443,2.41032,Crépuscule ou aube,En agglomération,Intersection en X,Normale,Deux véhicules - côté,,,,,,,,,,,2,2,2,1.0,3.0
201700057850,0017-04-27 22:55:00,17,4,27,22,55,750,116,AVENUE FOCH,48.8717,2.2758,Nuit avec éclairage allumé,En agglomération,Place,Normale,Autre collision,,,,,,,,,,,5,2,7,1.0,6.0
201700057851,0017-05-04 19:30:00,17,5,4,19,30,750,119,"193, BOULEVARD SERURIER",48.8926,2.3948,Nuit avec éclairage allumé,En agglomération,Hors intersection,Normale,Autre collision,,,,,,,,,,,5,2,1,1.0,6.0
201700057852,0017-05-05 17:20:00,17,5,5,17,20,750,114,"55, BOULEVARD SAINT JACQ",48.8329,2.33646,Plein jour,En agglomération,Hors intersection,Normale,Deux véhicules - côté,,,,,,,,,,,1,2,1,1.0,3.0
201700057853,0017-05-09 11:00:00,17,5,9,11,0,750,119,"11, RUE HENRI RIBIERE",48.8769,2.39552,Plein jour,En agglomération,Hors intersection,Normale,Autre collision,,,,,,,,,,,1,2,1,1.0,6.0
201700057854,0017-05-09 09:48:00,17,5,9,9,48,750,101,"46, RUE CROIX DES PETITS",48.8647,2.34044,Plein jour,En agglomération,Intersection en T,Normale,Autre collision,,,,,,,,,,,1,2,3,1.0,6.0
201700057855,0017-05-09 17:50:00,17,5,9,17,50,750,113,RUE BOBILLOT,48.8229,2.34738,Plein jour,En agglomération,Hors intersection,Normale,Autre collision,,,,,,,,,,,1,2,1,1.0,6.0
201700057856,0017-05-10 12:25:00,17,5,10,12,25,750,108,SOUTERRAIN COURS LA REIN,48.8648,2.31154,Plein jour,En agglomération,Hors intersection,Normale,Autre collision,,,,,,,,,,,1,2,1,1.0,6.0
201700057857,0017-05-14 07:05:00,17,5,14,7,5,750,119,BOULEVARD PERIPHERIQUE I,48.9002,2.38122,Plein jour,En agglomération,Intersection en Y,Normale,Autre collision,,,,,,,,,,,1,2,4,1.0,6.0
201700057858,0017-05-15 09:52:00,17,5,15,9,52,750,117,"11, PLACE DE CLICHY",48.8836,2.32715,Plein jour,En agglomération,Hors intersection,Normale,Sans collision,,,,,,,,,,,1,2,1,1.0,7.0
201700057859,0017-05-16 08:30:00,17,5,16,8,30,750,113,BOULEVARD PERIPHERIQUE I,48.8177,2.36721,Plein jour,En agglomération,Hors intersection,Normale,Deux véhicules - côté,,,,,,,,,,,1,2,1,1.0,3.0
201700057860,0017-05-16 14:00:00,17,5,16,14,0,750,113,"123, BOULEVARD DE L HOPI",48.8355,2.35852,Plein jour,En agglomération,Intersection en Y,Normale,Deux véhicules - côté,,,,,,,,,,,1,2,4,1.0,3.0
201700057861,0017-05-16 21:55:00,17,5,16,21,55,750,120,"47, BOULEVARD DE MENILMO",48.8611,2.38837,Nuit avec éclairage allumé,En agglomération,Hors intersection,Normale,Sans collision,,,,,,,,,,,5,2,1,1.0,7.0
201700057862,0017-05-17 06:46:00,17,5,17,6,46,750,120,"127 BIS, RUE D AVRON",48.8532,2.40872,Crépuscule ou aube,En agglomération,Hors intersection,Normale,Trois véhicules et plus - en chaîne,,,,,,,,,,,2,2,1,1.0,4.0
201700057863,0017-05-17 13:00:00,17,5,17,13,0,750,115,RUE LECOURBE,48.8386,2.28937,Plein jour,En agglomération,Intersection en X,Normale,Autre collision,,,,,,,,,,,1,2,2,1.0,6.0
201700057864,0017-05-17 18:45:00,17,5,17,18,45,750,110,"228, RUE DU FAUBOURG SAI",48.8808,2.36475,Plein jour,En agglomération,Hors intersection,Normale,Autre collision,,,,,,,,,,,1,2,1,1.0,6.0
201700057865,0017-05-17 20:18:00,17,5,17,20,18,750,115,AVENUE EMILE ZOLA,48.8465,2.28538,Crépuscule ou aube,En agglomération,Intersection à plus de 4 branches,Pluie forte,Deux véhicules - arrière,,,,,,,,,,,2,2,5,3.0,2.0
201700057866,0017-05-18 23:35:00,17,5,18,23,35,750,111,"278, RUE DU FAUBOURG SAI",48.8487,2.394,Nuit avec éclairage allumé,En agglomération,Hors intersection,Pluie légère,Autre collision,,,,,,,,,,,5,2,1,2.0,6.0
201700057867,0017-05-19 13:20:00,17,5,19,13,20,750,105,"05, RUE CLAUDE BERNARD",48.8388,2.34978,Plein jour,En agglomération,Intersection en X,Pluie légère,Deux véhicules - côté,,,,,,,,,,,1,2,2,2.0,3.0
201700057868,0017-05-19 22:45:00,17,5,19,22,45,750,101,QUAI DES TUILERIES,48.8623,2.32567,Nuit avec éclairage allumé,En agglomération,Intersection en T,Normale,Autre collision,,,,,,,,,,,5,2,3,1.0,6.0
201700057869,0017-05-20 16:19:00,17,5,20,16,19,750,106,RUE SAINT SULPICE,48.8515,2.33704,Plein jour,En agglomération,Intersection en X,Temps éblouissant,Deux véhicules - côté,,,,,,,,,,,1,2,2,7.0,3.0
201700057870,0017-05-21 00:35:00,17,5,21,0,35,750,119,"105, RUE DE MEAUX",48.884,2.37783,Nuit avec éclairage allumé,En agglomération,Intersection en T,Normale,Deux véhicules - côté,,,,,,,,,,,5,2,3,1.0,3.0
201700057871,0017-05-23 19:08:00,17,5,23,19,8,750,109,"74, RUE LA FAYETTE",48.8762,2.34512,Plein jour,En agglomération,Hors intersection,Normale,Deux véhicules - arrière,,,,,,,,,,,1,2,1,1.0,2.0
201700057872,0017-05-24 14:25:00,17,5,24,14,25,750,118,"135 BIS, RUE ORDENER",48.8931,2.34019,Plein jour,En agglomération,Intersection en X,Normale,Autre collision,,,,,,,,,,,1,2,2,1.0,6.0
201700057873,0017-05-26 17:00:00,17,5,26,17,0,750,107,PONT DE L ALMA,48.8624,2.30201,Plein jour,En agglomération,Intersection en X,Normale,Sans collision,,,,,,,,,,,1,2,2,1.0,7.0
201700057874,0017-05-27 03:40:00,17,5,27,3,40,750,109,PLACE SAINT GEORGES,48.8784,2.33754,Nuit avec éclairage allumé,En agglomération,Place,Normale,Autre collision,,,,,,,,,,,5,2,7,1.0,6.0
201700057875,0017-05-29 19:35:00,17,5,29,19,35,750,112,"/, RUE DE PRAGUE",48.8484,2.37598,Plein jour,En agglomération,Intersection à plus de 4 branches,Normale,Deux véhicules - côté,,,,,,,,,,,1,2,5,1.0,3.0
201700057876,0017-05-29 19:17:00,17,5,29,19,17,750,120,"118, RUE DE LAGNY",48.8492,2.41367,Plein jour,En agglomération,Hors intersection,Normale,Autre collision,,,,,,,,,,,1,2,1,1.0,6.0
201700057877,0017-05-30 10:32:00,17,5,30,10,32,750,103,RUE DU VERTBOIS,48.8677,2.35483,Plein jour,En agglomération,Intersection en T,Normale,Autre collision,,,,,,,,,,,1,2,3,1.0,6.0
201700057878,0017-05-30 13:10:00,17,5,30,13,10,750,118,"124, RUE DES POISSONNIER",48.8953,2.35291,Plein jour,En agglomération,Hors intersection,Normale,Sans collision,,,,,,,,,,,1,2,1,1.0,7.0
201700057879,0017-05-31 09:05:00,17,5,31,9,5,750,109,BOULEVARD DES ITALIENS,48.8714,2.33674,Plein jour,En agglomération,Intersection en T,Normale,Deux véhicules - côté,,,,,,,,,,,1,2,3,1.0,3.0
201700057880,0017-05-31 14:15:00,17,5,31,14,15,750,114,PORTE D ORLEANS,48.8192,2.32929,Plein jour,En agglomération,Hors intersection,Normale,Autre collision,,,,,,,,,,,1,2,1,1.0,6.0
201700057881,0017-06-01 02:20:00,17,6,1,2,20,750,118,"32, RUE DE L EVANGILE",48.8936,2.36443,Nuit avec éclairage allumé,En agglomération,Intersection en X,Normale,Deux véhicules - côté,,,,,,,,,,,5,2,2,1.0,3.0
201700057882,0017-06-01 11:40:00,17,6,1,11,40,750,116,"9, AVENUE DE LA PORTE D",48.848,2.24963,Plein jour,En agglomération,Hors intersection,Normale,Autre collision,,,,,,,,,,,1,2,1,1.0,6.0
201700057883,0017-06-01 21:15:00,17,6,1,21,15,750,119,"14, QUAI DE LA CHARENTE",48.8981,2.38295,Nuit avec éclairage allumé,En agglomération,Hors intersection,Normale,Autre collision,,,,,,,,,,,5,2,1,1.0,6.0
201700057884,0017-06-02 10:32:00,17,6,2,10,32,750,114,PLACE DU VINGT CINQ AOUT,48.822,2.32532,Plein jour,En agglomération,Place,Normale,Autre collision,,,,,,,,,,,1,2,7,1.0,6.0
201700057885,0017-06-02 21:30:00,17,6,2,21,30,750,117,BOULEVARD PERIPHERIQUE E,48.8826,2.28311,Crépuscule ou aube,En agglomération,Hors intersection,Normale,Autre collision,,,,,,,,,,,2,2,1,1.0,6.0
201700057886,0017-06-04 17:42:00,17,6,4,17,42,750,120,"23, RUE DURIS",48.8652,2.38781,Plein jour,En agglomération,Hors intersection,Normale,Autre collision,,,,,,,,,,,1,2,1,1.0,6.0
201700057887,0017-06-06 22:45:00,17,6,6,22,45,750,104,RUE DE LA CERISAIE,48.8518,2.36697,Nuit avec éclairage allumé,En agglomération,Intersection en X,Normale,Deux véhicules - côté,,,,,,,,,,,5,2,2,1.0,3.0
201700057888,0017-06-07 09:20:00,17,6,7,9,20,750,118,RUE HERMEL,48.8924,2.34497,Plein jour,En agglomération,Place,Normale,Autre collision,,,,,,,,,,,1,2,7,1.0,6.0
201700057889,0017-06-09 16:35:00,17,6,9,16,35,750,113,RUE DE PATAY,48.8242,2.37675,Plein jour,En agglomération,Intersection en X,Normale,Autre collision,,,,,,,,,,,1,2,2,1.0,6.0
201700057890,0017-06-09 23:29:00,17,6,9,23,29,750,102,"16, BOULEVARD MONTMARTRE",48.8718,2.34109,Nuit avec éclairage allumé,En agglomération,Hors intersection,Normale,Deux véhicules - côté,,,,,,,,,,,5,2,1,1.0,3.0
201700057891,0017-06-11 03:20:00,17,6,11,3,20,750,116,"13, AVENUE DU PRESIDENT",48.8648,2.29561,Nuit avec éclairage allumé,En agglomération,Intersection en T,Normale,Deux véhicules - côté,,,,,,,,,,,5,2,3,1.0,3.0
201700057892,0017-06-12 15:50:00,17,6,12,15,50,750,115,"6, PLACE JACQUES MARETTE",48.8328,2.30043,Plein jour,En agglomération,Place,Normale,Deux véhicules - côté,,,,,,,,,,,1,2,7,1.0,3.0
201700057893,0017-06-14 00:35:00,17,6,14,0,35,750,102,"21 BIS, RUE NOTRE DAME D",48.8697,2.34238,Nuit avec éclairage allumé,En agglomération,Intersection en Y,Normale,Autre collision,,,,,,,,,,,5,2,4,1.0,6.0
201700057894,0017-06-16 10:10:00,17,6,16,10,10,750,101,AVENUE DE L OPERA,48.8665,2.33413,Plein jour,En agglomération,Intersection à plus de 4 branches,Normale,Deux véhicules - côté,,,,,,,,,,,1,2,5,1.0,3.0
201700057895,0017-06-16 18:25:00,17,6,16,18,25,750,112,AVENUE DE NOGENT,48.844,2.44514,Plein jour,En agglomération,Hors intersection,Normale,Deux véhicules - côté,,,,,,,,,,,1,2,1,1.0,3.0
201700057896,0017-06-17 09:08:00,17,6,17,9,8,750,113,"83, RUE DE L AMIRAL MOUC",48.8204,2.34379,Plein jour,En agglomération,Hors intersection,Normale,Deux véhicules - côté,,,,,,,,,,,1,2,1,1.0,3.0
201700057897,0017-06-17 20:15:00,17,6,17,20,15,750,117,"13, AVENUE DE LA PORTE D",48.891,2.30267,Plein jour,En agglomération,Hors intersection,Normale,Autre collision,,,,,,,,,,,1,2,1,1.0,6.0
201700057898,0017-06-18 02:25:00,17,6,18,2,25,750,115,"1, BOULEVARD VICTOR",48.8361,2.2782,Nuit avec éclairage allumé,En agglomération,Intersection en X,Normale,Autre collision,,,,,,,,,,,5,2,2,1.0,6.0
201700057899,0017-06-18 23:06:00,17,6,18,23,6,750,109,"10, BOULEVARD HAUSSMANN",48.8722,2.33829,Nuit avec éclairage allumé,En agglomération,Intersection en X,Normale,Deux véhicules - côté,,,,,,,,,,,5,2,2,1.0,3.0
201700057900,0017-06-19 14:07:00,17,6,19,14,7,750,106,BOULEVARD RASPAIL,48.8456,2.32862,Plein jour,En agglomération,Intersection en X,Normale,Autre collision,,,,,,,,,,,1,2,2,1.0,6.0
201700057901,0017-06-19 20:35:00,17,6,19,20,35,750,114,"31, RUE MAURICE RIPOCHE",48.8328,2.32444,Crépuscule ou aube,En agglomération,Hors intersection,Normale,Autre collision,,,,,,,,,,,2,2,1,1.0,6.0