accident_id,datetime,annee,mois,jour,heure,minute,departement,commune_insee,adresse,latitude,longitude,luminosite,agglomeration,intersection,meteo,collision,nb_vehicules,nb_usagers,nb_indemnes,nb_tues,nb_blesses_hosp,nb_blesses_legers,age_cond_1,age_cond_2,veh_type_cond_1,veh_type_cond_2,lum_code,agg_code,int_code,atm_code,col_code
201700057902,0017-06-20 14:45:00,17,6,20,14,45,750,108,RUE LA BOETIE,48.8719,2.30833,Plein jour,En agglomération,Hors intersection,Normale,Deux véhicules - arrière,,,,,,,,,,,1,2,1,1.0,2.0
201700057903,0017-06-22 16:00:00,17,6,22,16,0,750,104,PLACE BAUDOYER,48.8565,2.35549,Plein jour,En agglomération,Place,Normale,Trois véhicules et plus - en chaîne,,,,,,,,,,,1,2,7,1.0,4.0
201700057904,0017-06-23 06:59:00,17,6,23,6,59,750,108,"43, BOULEVARD MALESHERBE",48.8738,2.32064,Plein jour,En agglomération,Intersection en X,Normale,Autre collision,,,,,,,,,,,1,2,2,1.0,6.0
201700057905,0017-06-23 12:12:00,17,6,23,12,12,750,108,COURS LA REINE,48.8649,2.31637,Plein jour,En agglomération,Intersection en Y,Normale,Autre collision,,,,,,,,,,,1,2,4,1.0,6.0
201700057906,0017-06-24 12:30:00,17,6,24,12,30,750,113,"116, AVENUE D ITALIE",48.8241,2.35795,Plein jour,En agglomération,Hors intersection,Normale,Deux véhicules - arrière,,,,,,,,,,,1,2,1,1.0,2.0
201700057907,0017-06-27 08:20:00,17,6,27,8,20,750,112,"104, RUE DU FAUBOURG SAI",48.8511,2.37673,Plein jour,En agglomération,Intersection en T,Normale,Deux véhicules - côté,,,,,,,,,,,1,2,3,1.0,3.0
201700057908,0017-06-25 07:40:00,17,6,25,7,40,750,119,"1, AVENUE DE LA PORTE DE",48.8982,2.38619,Plein jour,En agglomération,Intersection en T,Normale,Deux véhicules - arrière,,,,,,,,,,,1,2,3,1.0,2.0
201700057909,0017-06-26 09:00:00,17,6,26,9,0,750,110,"203, QUAI DE VALMY",48.8825,2.36918,Plein jour,En agglomération,Intersection en T,Normale,Autre collision,,,,,,,,,,,1,2,3,1.0,6.0
201700057910,0017-06-27 00:33:00,17,6,27,0,33,750,104,"40, QUAI HENRI IV",48.8497,2.3615,Nuit avec éclairage allumé,En agglomération,Intersection en T,Normale,Autre collision,,,,,,,,,,,5,2,3,1.0,6.0
201700057911,0017-06-27 16:31:00,17,6,27,16,31,750,102,BOULEVARD DE SEBASTOPOL,48.8693,2.35421,Plein jour,En agglomération,Intersection en X,Pluie légère,Deux véhicules - côté,,,,,,,,,,,1,2,2,2.0,3.0
201700057912,0017-06-27 21:30:00,17,6,27,21,30,750,118,RUE CHARLES HERMITE,48.8986,2.36396,Crépuscule ou aube,En agglomération,Intersection en T,Normale,Autre collision,,,,,,,,,,,2,2,3,1.0,6.0
201700057913,0017-06-28 19:10:00,17,6,28,19,10,750,117,"15, RUE VERNIQUET",48.888,2.30132,Plein jour,En agglomération,Hors intersection,Normale,Autre collision,,,,,,,,,,,1,2,1,1.0,6.0
201700057914,0017-06-28 23:05:00,17,6,28,23,5,750,120,"52 BIS, RUE DE LA BIDASS",48.8675,2.39123,Nuit avec éclairage allumé,En agglomération,Hors intersection,Normale,Deux véhicules - arrière,,,,,,,,,,,5,2,1,1.0,2.0
201700057915,0017-07-01 14:10:00,17,7,1,14,10,750,108,"/, PLACE DE L ALMA",48.8642,2.30214,Plein jour,En agglomération,Place,Normale,Deux véhicules - côté,,,,,,,,,,,1,2,7,1.0,3.0
201700057916,0017-07-01 21:42:00,17,7,1,21,42,750,116,"/, ALLEE DE LONGCHAMP",48.8749,2.27109,Nuit avec éclairage allumé,En agglomération,Intersection en X,Normale,Deux véhicules - côté,,,,,,,,,,,5,2,2,1.0,3.0
201700057917,0017-07-02 16:00:00,17,7,2,16,0,750,116,ROUTE DES MOULINS,48.865,2.23445,Plein jour,En agglomération,Intersection à plus de 4 branches,Normale,Deux véhicules - côté,,,,,,,,,,,1,2,5,1.0,3.0
201700057918,0017-07-03 06:50:00,17,7,3,6,50,750,112,PORTE DOREE,48.8363,2.41242,Plein jour,En agglomération,Hors intersection,Normale,Sans collision,,,,,,,,,,,1,2,1,1.0,7.0
201700057919,0017-07-03 12:24:00,17,7,3,12,24,750,102,RUE D ABOUKIR,48.8676,2.34635,Plein jour,En agglomération,Intersection en X,Normale,Autre collision,,,,,,,,,,,1,2,2,1.0,6.0
201700057920,0017-07-03 18:59:00,17,7,3,18,59,750,101,RUE DU LOUVRE,48.8653,2.34307,Plein jour,En agglomération,Intersection en X,Normale,Autre collision,,,,,,,,,,,1,2,2,1.0,6.0
201700057921,0017-07-03 21:58:00,17,7,3,21,58,750,115,QUAI DE GRENELLE,48.8529,2.28655,Crépuscule ou aube,En agglomération,Intersection en T,Normale,Deux véhicules - côté,,,,,,,,,,,2,2,3,1.0,3.0
201700057922,0017-07-04 18:40:00,17,7,4,18,40,750,114,BOULEVARD PERIPHERIQUE E,48.8193,2.32882,Plein jour,En agglomération,Intersection en Y,Normale,Autre collision,,,,,,,,,,,1,2,4,1.0,6.0
201700057923,0017-07-04 21:02:00,17,7,4,21,2,750,116,ALLEE DE LONGCHAMP,48.8697,2.25646,Crépuscule ou aube,En agglomération,Hors intersection,Normale,Trois véhicules et plus - en chaîne,,,,,,,,,,,2,2,1,1.0,4.0
201700057924,0017-07-05 18:45:00,17,7,5,18,45,750,114,PORTE DE GENTILLY,48.8166,2.33898,Plein jour,En agglomération,Hors intersection,Normale,Deux véhicules - côté,,,,,,,,,,,1,2,1,1.0,3.0
201700057925,0017-07-05 19:45:00,17,7,5,19,45,750,110,"618, RUE LA FAYETTE",48.882,2.36736,Plein jour,En agglomération,Hors intersection,Normale,Autre collision,,,,,,,,,,,1,2,1,1.0,6.0
201700057926,0017-07-06 01:05:00,17,7,6,1,5,750,112,"/, AVENUE DU POLYGONE",48.8363,2.43143,Nuit avec éclairage allumé,En agglomération,Hors intersection,Vent fort / tempête,Sans collision,,,,,,,,,,,5,2,1,6.0,7.0
201700057927,0017-07-06 19:00:00,17,7,6,19,0,750,105,"/, BOULEVARD SAINT GERMA",48.8514,2.34314,Plein jour,En agglomération,Intersection en X,Normale,Deux véhicules - côté,,,,,,,,,,,1,2,2,1.0,3.0
201700057928,0017-07-07 11:40:00,17,7,7,11,40,750,120,PORTE DES LILAS,48.8735,2.41158,Plein jour,En agglomération,Hors intersection,Normale,Trois véhicules et plus - en chaîne,,,,,,,,,,,1,2,1,1.0,4.0
201700057929,0017-07-08 00:41:00,17,7,8,0,41,750,101,"02, QUAI DE LA MEGISSERI",48.8574,2.34649,Nuit avec éclairage allumé,En agglomération,Hors intersection,Normale,Autre collision,,,,,,,,,,,5,2,1,1.0,6.0
201700057930,0017-07-09 02:45:00,17,7,9,2,45,750,110,"146, BOULEVARD DE MAGENT",48.8815,2.35134,Nuit avec éclairage allumé,En agglomération,Intersection en Y,Normale,Autre collision,,,,,,,,,,,5,2,4,1.0,6.0
201700057931,0017-07-10 13:45:00,17,7,10,13,45,750,117,AVENUE DE VILLIERS,48.8846,2.30017,Plein jour,En agglomération,Hors intersection,Pluie légère,Deux véhicules - côté,,,,,,,,,,,1,2,1,2.0,3.0
201700057932,0017-07-13 02:35:00,17,7,13,2,35,750,115,"/, PORT DE JAVEL",48.8462,2.27663,Nuit avec éclairage allumé,En agglomération,Intersection en T,Normale,Sans collision,,,,,,,,,,,5,2,3,1.0,7.0
201700057933,0017-07-13 16:40:00,17,7,13,16,40,750,113,"/, PLACE D ITALIE",48.831,2.35613,Plein jour,En agglomération,Place,Normale,Deux véhicules - côté,,,,,,,,,,,1,2,7,1.0,3.0
201700057934,0017-07-15 18:07:00,17,7,15,18,7,750,117,BOULEVARD PERIPHERIQUE E,48.8901,2.29797,Plein jour,En agglomération,Hors intersection,Normale,Autre collision,,,,,,,,,,,1,2,1,1.0,6.0
201700057935,0017-07-15 17:40:00,17,7,15,17,40,750,116,"3, RUE SPONTINI",48.8705,2.27862,Plein jour,En agglomération,Hors intersection,Normale,Autre collision,,,,,,,,,,,1,2,1,1.0,6.0
201700057936,0017-07-16 04:30:00,17,7,16,4,30,750,116,"68, AVENUE DE NEW YORK",48.8579,2.28795,Nuit avec éclairage allumé,En agglomération,Intersection en T,Normale,Autre collision,,,,,,,,,,,5,2,3,1.0,6.0
201700057937,0017-07-17 06:40:00,17,7,17,6,40,750,114,BOULEVARD PERIPHERIQUE I,48.8199,2.32662,Plein jour,En agglomération,Hors intersection,Normale,Autre collision,,,,,,,,,,,1,2,1,1.0,6.0
201700057938,0017-07-18 23:20:00,17,7,18,23,20,750,116,PORT DE PASSY,48.8595,2.26269,Plein jour,En agglomération,Hors intersection,Normale,Autre collision,,,,,,,,,,,1,2,1,1.0,6.0
201700057939,0017-07-20 13:40:00,17,7,20,13,40,750,106,PONT NEUF,48.8563,2.34062,Plein jour,En agglomération,Hors intersection,Normale,Autre collision,,,,,,,,,,,1,2,1,1.0,6.0
201700057940,0017-07-22 22:25:00,17,7,22,22,25,750,119,BOULEVARD PERIPHERIQUE I,48.9002,2.38251,Nuit avec éclairage allumé,En agglomération,Hors intersection,Normale,Autre collision,,,,,,,,,,,5,2,1,1.0,6.0
201700057941,0017-07-28 11:35:00,17,7,28,11,35,750,117,AVENUE DE LA PORTE DE CL,48.8911,2.31938,Plein jour,En agglomération,Hors intersection,Normale,Autre collision,,,,,,,,,,,1,2,1,1.0,6.0
201700057942,0017-07-28 18:35:00,17,7,28,18,35,750,112,"58, BOULEVARD DE LA GUYA",48.8383,2.41361,Plein jour,En agglomération,Hors intersection,Normale,Deux véhicules - côté,,,,,,,,,,,1,2,1,1.0,3.0
201700057943,0017-07-28 22:30:00,17,7,28,22,30,750,114,"114, AVENUE DU MAINE",48.8362,2.3235,Nuit avec éclairage allumé,En agglomération,Intersection en Y,Normale,Deux véhicules - côté,,,,,,,,,,,5,2,4,1.0,3.0
201700057944,0017-07-29 13:16:00,17,7,29,13,16,750,119,"/, AVENUE DE FLANDRE",48.8943,2.3817,Plein jour,En agglomération,Intersection en X,Normale,Deux véhicules - côté,,,,,,,,,,,1,2,2,1.0,3.0
201700057945,0017-07-29 17:45:00,17,7,29,17,45,750,115,PONT DE GRENELLE,48.8494,2.28155,Plein jour,En agglomération,Intersection en X,Normale,Deux véhicules - côté,,,,,,,,,,,1,2,2,1.0,3.0
201700057946,0017-07-30 01:05:00,17,7,30,1,5,750,116,AVENUE KLEBER,48.869,2.29155,Nuit avec éclairage allumé,En agglomération,Intersection à plus de 4 branches,Normale,Autre collision,,,,,,,,,,,5,2,5,1.0,6.0
201700057947,0017-07-31 08:45:00,17,7,31,8,45,750,108,"/, BOULEVARD DES BATIGNO",48.8822,2.32171,Plein jour,En agglomération,Intersection en T,Normale,Autre collision,,,,,,,,,,,1,2,3,1.0,6.0
201700057948,0017-08-02 12:25:00,17,8,2,12,25,750,112,BOULEVARD PERIPHERIQUE I,48.8381,2.4128,Plein jour,En agglomération,Hors intersection,Normale,Deux véhicules - arrière,,,,,,,,,,,1,2,1,1.0,2.0
201700057949,0017-08-02 13:30:00,17,8,2,13,30,750,113,BOULEVARD DU GENERAL JEA,48.8255,2.38096,Plein jour,En agglomération,Hors intersection,Normale,Autre collision,,,,,,,,,,,1,2,1,1.0,6.0
201700057950,0017-08-02 15:05:00,17,8,2,15,5,750,107,QUAI BRANLY,48.8582,2.29226,Plein jour,En agglomération,Intersection en T,Normale,Trois véhicules et plus - en chaîne,,,,,,,,,,,1,2,3,1.0,4.0
201700057951,0017-08-03 12:14:00,17,8,3,12,14,750,104,QUAI DE L HOTEL DE VILLE,48.8535,2.35747,Plein jour,En agglomération,Hors intersection,Normale,Autre collision,,,,,,,,,,,1,2,1,1.0,6.0
201700057952,0017-08-03 22:35:00,17,8,3,22,35,750,117,BOULEVARD PERIPHERIQUE I,48.894,2.30478,Nuit avec éclairage allumé,En agglomération,Hors intersection,Normale,Deux véhicules - côté,,,,,,,,,,,5,2,1,1.0,3.0
201700057953,0017-08-04 15:43:00,17,8,4,15,43,750,111,"170, BOULEVARD VOLTAIRE",48.8554,2.38423,Plein jour,En agglomération,Intersection en X,Normale,Deux véhicules - côté,,,,,,,,,,,1,2,2,1.0,3.0
201700057954,0017-08-10 09:34:00,17,8,10,9,34,750,120,BOULEVARD DE BELLEVILLE,48.8678,2.38272,Plein jour,En agglomération,Intersection en T,Normale,Autre collision,,,,,,,,,,,1,2,3,1.0,6.0
201700057955,0017-08-12 16:10:00,17,8,12,16,10,750,119,RUE DE L OURCQ,48.8925,2.38818,Plein jour,En agglomération,Hors intersection,Pluie légère,Deux véhicules - frontale,,,,,,,,,,,1,2,1,2.0,1.0
201700057956,0017-08-13 09:45:00,17,8,13,9,45,750,118,BOULEVARD PERIPHERIQUE I,48.9009,2.34304,Plein jour,En agglomération,Hors intersection,Normale,Autre collision,,,,,,,,,,,1,2,1,1.0,6.0
201700057957,0017-08-14 02:15:00,17,8,14,2,15,750,105,QUAI SAINT BERNARD,48.849,2.35769,Nuit avec éclairage allumé,En agglomération,Hors intersection,Normale,Sans collision,,,,,,,,,,,5,2,1,1.0,7.0
201700057958,0017-08-16 19:57:00,17,8,16,19,57,750,111,"118, RUE JEAN PIERRE TIM",48.8689,2.38042,Plein jour,En agglomération,Intersection en X,Normale,Autre collision,,,,,,,,,,,1,2,2,1.0,6.0
201700057959,0017-08-17 01:50:00,17,8,17,1,50,750,114,"172, AVENUE DU MAINE",48.8327,2.32487,Nuit avec éclairage allumé,En agglomération,Intersection en Y,Normale,Deux véhicules - côté,,,,,,,,,,,5,2,4,1.0,3.0
201700057960,0017-08-17 15:46:00,17,8,17,15,46,750,119,AVENUE DE FLANDRE,48.8906,2.37641,Plein jour,En agglomération,Intersection en Y,Normale,Deux véhicules - frontale,,,,,,,,,,,1,2,4,1.0,1.0
201700057961,0017-08-18 22:58:00,17,8,18,22,58,750,116,BOULEVARD LANNES,48.8669,2.27178,Nuit avec éclairage allumé,En agglomération,Intersection à plus de 4 branches,Normale,Deux véhicules - côté,,,,,,,,,,,5,2,5,1.0,3.0
201700057962,0017-08-21 16:15:00,17,8,21,16,15,750,114,"60, RUE DE L OUEST",48.8357,2.31847,Plein jour,En agglomération,Hors intersection,Normale,Autre collision,,,,,,,,,,,1,2,1,1.0,6.0
201700057963,0017-08-21 22:44:00,17,8,21,22,44,750,115,"/, QUAI ANDRE CITROEN",48.8458,2.27664,Nuit avec éclairage allumé,En agglomération,Place,Normale,Autre collision,,,,,,,,,,,5,2,7,1.0,6.0
201700057964,0017-08-22 23:34:00,17,8,22,23,34,750,115,QUAI ANDRE CITROEN,48.8494,2.28155,Nuit avec éclairage allumé,En agglomération,Intersection en X,Normale,Deux véhicules - côté,,,,,,,,,,,5,2,2,1.0,3.0
201700057965,0017-08-25 15:30:00,17,8,25,15,30,750,115,"112, AVENUE DE SUFFREN",48.8489,2.30454,Plein jour,En agglomération,Intersection en T,Normale,Deux véhicules - côté,,,,,,,,,,,1,2,3,1.0,3.0
201700057966,0017-08-26 05:20:00,17,8,26,5,20,750,109,"01, PLACE DE CLICHY",48.8833,2.32749,Nuit avec éclairage allumé,En agglomération,Place,Normale,Deux véhicules - côté,,,,,,,,,,,5,2,7,1.0,3.0
201700057967,0017-08-29 12:15:00,17,8,29,12,15,750,113,RUE DE TOLBIAC,48.8285,2.3729,Plein jour,En agglomération,Intersection en X,Normale,Deux véhicules - côté,,,,,,,,,,,1,2,2,1.0,3.0
201700057968,0017-08-29 22:15:00,17,8,29,22,15,750,117,"/, PLACE DE LA PORTE MAI",48.8779,2.28371,Nuit avec éclairage allumé,En agglomération,Hors intersection,Normale,Autre collision,,,,,,,,,,,5,2,1,1.0,6.0
201700057969,0017-08-31 14:33:00,17,8,31,14,33,750,108,"1, RUE ARSENE HOUSSAYE",48.8738,2.29825,Plein jour,En agglomération,Hors intersection,Normale,Autre collision,,,,,,,,,,,1,2,1,1.0,6.0
201700057970,0017-09-01 01:36:00,17,9,1,1,36,750,114,"203, RUE RAYMOND LOSSERA",48.8287,2.30748,Nuit avec éclairage allumé,En agglomération,Intersection à plus de 4 branches,Normale,Deux véhicules - côté,,,,,,,,,,,5,2,5,1.0,3.0
201700057971,0017-09-03 16:30:00,17,9,3,16,30,750,120,PORTE DE MONTREUIL,48.8594,2.41404,Plein jour,En agglomération,Hors intersection,Normale,Deux véhicules - côté,,,,,,,,,,,1,2,1,1.0,3.0
201700057972,0017-09-04 17:24:00,17,9,4,17,24,750,116,AVENUE DU PRESIDENT KENN,48.855,2.28422,Plein jour,En agglomération,Hors intersection,Normale,Autre collision,,,,,,,,,,,1,2,1,1.0,6.0
201700057973,0017-09-07 07:40:00,17,9,7,7,40,750,113,"152, BOULEVARD VINCENT A",48.8324,2.35988,Crépuscule ou aube,En agglomération,Hors intersection,Normale,Autre collision,,,,,,,,,,,2,2,1,1.0,6.0
201700057974,0017-09-07 12:29:00,17,9,7,12,29,750,104,"23, BOULEVARD HENRI IV",48.8517,2.36442,Plein jour,En agglomération,Hors intersection,Normale,Autre collision,,,,,,,,,,,1,2,1,1.0,6.0
201700057975,0017-09-08 14:36:00,17,9,8,14,36,750,111,"159, RUE DE CHARONNE",48.8555,2.38964,Plein jour,En agglomération,Intersection en T,Temps couvert,Deux véhicules - côté,,,,,,,,,,,1,2,3,8.0,3.0
201700057976,0017-09-10 20:52:00,17,9,10,20,52,750,106,"9 BIS, BOULEVARD DU MONT",48.846,2.31811,Nuit avec éclairage allumé,En agglomération,Hors intersection,Normale,Autre collision,,,,,,,,,,,5,2,1,1.0,6.0
201700057977,0017-09-11 15:00:00,17,9,11,15,0,750,120,"3, RUE EVARISTE GALOIS",48.8732,2.4134,Plein jour,En agglomération,Intersection en Y,Normale,Autre collision,,,,,,,,,,,1,2,4,1.0,6.0
201700057978,0017-09-12 13:20:00,17,9,12,13,20,750,111,"32, RUE DE MALTE",48.8656,2.3678,Plein jour,En agglomération,Hors intersection,Normale,Autre collision,,,,,,,,,,,1,2,1,1.0,6.0
201700057979,0017-09-12 17:55:00,17,9,12,17,55,750,116,PLACE DE LA PORTE DE SAI,48.8384,2.25701,Plein jour,En agglomération,Place,Normale,Deux véhicules - arrière,,,,,,,,,,,1,2,7,1.0,2.0
201700057980,0017-09-13 07:05:00,17,9,13,7,5,750,105,"20, RUE SOUFFLOT",48.8471,2.34195,Crépuscule ou aube,En agglomération,Intersection en X,Temps couvert,Sans collision,,,,,,,,,,,2,2,2,8.0,7.0
201700057981,0017-09-14 09:40:00,17,9,14,9,40,750,116,"194, AVENUE VICTOR HUGO",48.8649,2.27417,Plein jour,En agglomération,Hors intersection,Normale,Autre collision,,,,,,,,,,,1,2,1,1.0,6.0
201700057982,0017-09-15 14:15:00,17,9,15,14,15,750,105,"46, BOULEVARD SAINT GERM",48.8496,2.35032,Plein jour,En agglomération,Intersection en X,Normale,Deux véhicules - arrière,,,,,,,,,,,1,2,2,1.0,2.0
201700057983,0017-09-15 18:00:00,17,9,15,18,0,750,117,"186, RUE CARDINET",48.891,2.3179,Plein jour,En agglomération,Hors intersection,Normale,Autre collision,,,,,,,,,,,1,2,1,1.0,6.0
201700057984,0017-09-17 00:40:00,17,9,17,0,40,750,112,QUAI DE BERCY,48.8288,2.38744,Nuit avec éclairage allumé,En agglomération,Hors intersection,Normale,Sans collision,,,,,,,,,,,5,2,1,1.0,7.0
201700057985,0017-09-19 21:27:00,17,9,19,21,27,750,112,BOULEVARD PERIPHERIQUE I,48.8443,2.41389,Nuit avec éclairage allumé,En agglomération,Hors intersection,Normale,Autre collision,,,,,,,,,,,5,2,1,1.0,6.0
201700057986,0017-09-27 13:00:00,17,9,27,13,0,750,116,"9, RUE DES BELLES FEUILL",48.8661,2.28269,Plein jour,En agglomération,Hors intersection,Temps couvert,Autre collision,,,,,,,,,,,1,2,1,8.0,6.0
201700057987,0017-09-22 09:58:00,17,9,22,9,58,750,109,BOULEVARD DES ITALIENS,48.8717,2.33819,Plein jour,En agglomération,Intersection en X,Normale,Deux véhicules - côté,,,,,,,,,,,1,2,2,1.0,3.0
201700057988,0017-09-22 11:46:00,17,9,22,11,46,750,105,"18, RUE LINNE",48.8451,2.35466,Plein jour,En agglomération,Intersection en T,Temps couvert,Autre collision,,,,,,,,,,,1,2,3,8.0,6.0
201700057989,0017-09-22 17:50:00,17,9,22,17,50,750,112,"72, BOULEVARD DE PICPUS",48.8454,2.40195,Plein jour,En agglomération,Hors intersection,Temps couvert,Autre collision,,,,,,,,,,,1,2,1,8.0,6.0
201700057990,0017-09-24 12:40:00,17,9,24,12,40,750,108,"27, RUE JEAN GOUJON",48.8655,2.30525,Plein jour,En agglomération,Hors intersection,Normale,Autre collision,,,,,,,,,,,1,2,1,1.0,6.0
201700057991,0017-09-25 07:15:00,17,9,25,7,15,750,107,AVENUE DU MARECHAL GALLI,48.86,2.31305,Nuit avec éclairage allumé,En agglomération,Intersection en X,Normale,Deux véhicules - côté,,,,,,,,,,,5,2,2,1.0,3.0
201700057992,0017-09-26 10:40:00,17,9,26,10,40,750,109,"58, RUE DE CLICHY",48.8813,2.32842,Plein jour,En agglomération,Intersection en T,Temps couvert,Autre collision,,,,,,,,,,,1,2,3,8.0,6.0
201700057993,0017-09-26 14:40:00,17,9,26,14,40,750,107,"13, BOULEVARD DES INVALI",48.8566,2.31506,Plein jour,En agglomération,Hors intersection,Normale,Autre collision,,,,,,,,,,,1,2,1,1.0,6.0
201700057994,0017-09-26 18:55:00,17,9,26,18,55,750,112,PONT DE TOLBIAC,48.8335,2.38209,Plein jour,En agglomération,Intersection en X,Normale,Trois véhicules et plus - en chaîne,,,,,,,,,,,1,2,2,1.0,4.0
201700057995,0017-09-27 09:30:00,17,9,27,9,30,750,117,PORTE DE SAINT OUEN,48.9004,2.32647,Plein jour,En agglomération,Hors intersection,Normale,Autre collision,,,,,,,,,,,1,2,1,1.0,6.0
201700057996,0017-09-28 12:30:00,17,9,28,12,30,750,112,"61, BOULEVARD DE PICPUS",48.8462,2.40043,Plein jour,En agglomération,Hors intersection,Temps couvert,Autre collision,,,,,,,,,,,1,2,1,8.0,6.0
201700057997,0017-09-28 16:35:00,17,9,28,16,35,750,114,"172, BOULEVARD DU MONTPA",48.8398,2.33624,Plein jour,En agglomération,Hors intersection,Normale,Autre collision,,,,,,,,,,,1,2,1,1.0,6.0
201700057998,0017-10-26 18:19:00,17,10,26,18,19,750,117,"21, BOULEVARD PEREIRE",48.8878,2.31115,Crépuscule ou aube,En agglomération,Intersection en T,Temps couvert,Autre collision,,,,,,,,,,,2,2,3,8.0,6.0
201700057999,0017-09-30 11:02:00,17,9,30,11,2,750,114,BOULEVARD PERIPHERIQUE I,48.8225,2.31501,Plein jour,En agglomération,Hors intersection,Normale,Deux véhicules - arrière,,,,,,,,,,,1,2,1,1.0,2.0
201700058000,0017-09-30 17:50:00,17,9,30,17,50,750,117,BOULEVARD PERIPHERIQUE E,48.9007,2.32707,Plein jour,En agglomération,Hors intersection,Normale,Deux véhicules - arrière,,,,,,,,,,,1,2,1,1.0,2.0
201700058001,0017-10-02 23:08:00,17,10,2,23,8,750,105,"63, BOULEVARD SAINT MICH",48.8474,2.34082,Nuit avec éclairage allumé,En agglomération,Intersection en X,Pluie forte,Autre collision,,,,,,,,,,,5,2,2,3.0,6.0
201700058002,0017-10-03 09:10:00,17,10,3,9,10,750,114,BOULEVARD PERIPHERIQUE I,48.8166,2.34304,Plein jour,En agglomération,Hors intersection,Normale,Deux véhicules - côté,,,,,,,,,,,1,2,1,1.0,3.0
201700058003,0017-10-04 08:56:00,17,10,4,8,56,750,114,PORTE D ORLEANS,48.8164,2.33733,Plein jour,En agglomération,Hors intersection,Normale,Deux véhicules - arrière,,,,,,,,,,,1,2,1,1.0,2.0
201700058004,0017-10-04 11:36:00,17,10,4,11,36,750,112,ROUTE DU PESAGE,48.8206,2.44532,Plein jour,En agglomération,Intersection en X,Normale,Deux véhicules - côté,,,,,,,,,,,1,2,2,1.0,3.0
201700058005,0017-10-06 01:14:00,17,10,6,1,14,750,105,"59, RUE GEOFFROY SAINT H",48.8437,2.3549,Nuit avec éclairage allumé,En agglomération,Intersection en X,Normale,Autre collision,,,,,,,,,,,5,2,2,1.0,6.0
201700058006,0017-10-09 08:20:00,17,10,9,8,20,750,113,"63, BOULEVARD KELLERMANN",48.8209,2.35076,Plein jour,En agglomération,Intersection en X,Normale,Trois véhicules et plus - en chaîne,,,,,,,,,,,1,2,2,1.0,4.0
201700058007,0017-10-09 18:20:00,17,10,9,18,20,750,117,PORTE MAILLOT,48.8792,2.2812,Crépuscule ou aube,En agglomération,Hors intersection,Normale,Trois véhicules et plus - collisions multiples,,,,,,,,,,,2,2,1,1.0,5.0
201700058008,0017-10-10 09:55:00,17,10,10,9,55,750,118,RUE RAYMOND QUENEAU,48.8953,2.35964,Plein jour,En agglomération,Place,Normale,Deux véhicules - côté,,,,,,,,,,,1,2,7,1.0,3.0
201700058009,0017-10-10 13:54:00,17,10,10,13,54,750,103,"180, RUE DU TEMPLE",48.8673,2.36338,Plein jour,En agglomération,Place,Normale,Deux véhicules - côté,,,,,,,,,,,1,2,7,1.0,3.0
201700058010,0017-10-10 14:49:00,17,10,10,14,49,750,110,"26, RUE LOUIS BLANC",48.8811,2.36516,Plein jour,En agglomération,Intersection en X,Normale,Trois véhicules et plus - en chaîne,,,,,,,,,,,1,2,2,1.0,4.0
201700058011,0017-10-12 18:50:00,17,10,12,18,50,750,116,"24, AVENUE D IENA",48.8654,2.29436,Crépuscule ou aube,En agglomération,Hors intersection,Normale,Deux véhicules - côté,,,,,,,,,,,2,2,1,1.0,3.0
201700058012,0017-10-13 00:22:00,17,10,13,0,22,750,115,"330, RUE LECOURBE",48.8374,2.28506,Nuit avec éclairage allumé,En agglomération,Intersection en T,Normale,Autre collision,,,,,,,,,,,5,2,3,1.0,6.0
201700058013,0017-10-13 15:00:00,17,10,13,15,0,750,113,"122, AVENUE D ITALIE",48.8239,2.35802,Plein jour,En agglomération,Hors intersection,Normale,Autre collision,,,,,,,,,,,1,2,1,1.0,6.0
201700058014,0017-10-15 03:25:00,17,10,15,3,25,750,112,BOULEVARD PERIPHERIQUE E,48.8338,2.40888,Nuit avec éclairage allumé,En agglomération,Hors intersection,Normale,Autre collision,,,,,,,,,,,5,2,1,1.0,6.0
201700058015,0017-10-17 18:00:00,17,10,17,18,0,750,117,BOULEVARD PERIPHERIQUE I,48.8828,2.28375,Plein jour,En agglomération,Hors intersection,Normale,Autre collision,,,,,,,,,,,1,2,1,1.0,6.0
201700058016,0017-10-18 22:00:00,17,10,18,22,0,750,113,"56, BOULEVARD AUGUSTE BL",48.8297,2.34949,Nuit avec éclairage allumé,En agglomération,Intersection en X,Normale,Deux véhicules - arrière,,,,,,,,,,,5,2,2,1.0,2.0
201700058017,0017-10-19 08:20:00,17,10,19,8,20,750,117,BOULEVARD PERIPHERIQUE E,48.9007,2.32571,Plein jour,En agglomération,Hors intersection,Normale,Deux véhicules - côté,,,,,,,,,,,1,2,1,1.0,3.0
201700058018,0017-10-22 00:11:00,17,10,22,0,11,750,120,"7, AVENUE DE LA PORTE DE",48.8538,2.41204,Nuit avec éclairage allumé,En agglomération,Intersection en X,Normale,Autre collision,,,,,,,,,,,5,2,2,1.0,6.0
201700058019,0017-10-22 16:40:00,17,10,22,16,40,750,105,"16, RUE PASCAL",48.8382,2.34951,Plein jour,En agglomération,Hors intersection,Normale,Autre collision,,,,,,,,,,,1,2,1,1.0,6.0
201700058020,0017-10-24 10:40:00,17,10,24,10,40,750,114,BOULEVARD PERIPHERIQUE I,48.8213,2.32014,Plein jour,En agglomération,Hors intersection,Pluie légère,Trois véhicules et plus - en chaîne,,,,,,,,,,,1,2,1,2.0,4.0
201700058021,0017-10-25 11:54:00,17,10,25,11,54,750,120,BOULEVARD PERIPHERIQUE I,48.8505,2.4152,Plein jour,En agglomération,Hors intersection,Temps couvert,Deux véhicules - arrière,,,,,,,,,,,1,2,1,8.0,2.0