accident_id,datetime,annee,mois,jour,heure,minute,departement,commune_insee,adresse,latitude,longitude,luminosite,agglomeration,intersection,meteo,collision,nb_vehicules,nb_usagers,nb_indemnes,nb_tues,nb_blesses_hosp,nb_blesses_legers,age_cond_1,age_cond_2,veh_type_cond_1,veh_type_cond_2,lum_code,agg_code,int_code,atm_code,col_code
201700058022,0017-10-27 11:18:00,17,10,27,11,18,750,115,BOULEVARD PERIPHERIQUE I,48.8345,2.27571,Plein jour,En agglomération,Hors intersection,Normale,Trois véhicules et plus - en chaîne,,,,,,,,,,,1,2,1,1.0,4.0
201700058023,0017-10-27 20:00:00,17,10,27,20,0,750,113,BOULEVARD PERIPHERIQUE E,48.8169,2.3483,Crépuscule ou aube,En agglomération,Hors intersection,Normale,Trois véhicules et plus - en chaîne,,,,,,,,,,,2,2,1,1.0,4.0
201700058024,0017-10-28 23:10:00,17,10,28,23,10,750,118,RUE JEAN HENRI FABRE,48.9013,2.3441,Nuit avec éclairage allumé,En agglomération,Intersection à plus de 4 branches,Normale,Deux véhicules - côté,,,,,,,,,,,5,2,5,1.0,3.0
201700058025,0017-10-30 06:47:00,17,10,30,6,47,750,116,"4, RUE DE PRESBOURG",48.8723,2.29527,Nuit avec éclairage allumé,En agglomération,Place,Normale,Deux véhicules - côté,,,,,,,,,,,5,2,7,1.0,3.0
201700058026,0017-10-31 20:10:00,17,10,31,20,10,750,108,"40, RUE DE LIEGE",48.8791,2.32363,Nuit avec éclairage allumé,En agglomération,Place,Normale,Deux véhicules - arrière,,,,,,,,,,,5,2,7,1.0,2.0
201700058027,0017-11-01 12:37:00,17,11,1,12,37,750,116,"1, AVENUE DE LA GRANDE A",48.8744,2.29293,Plein jour,En agglomération,Place,Normale,Autre collision,,,,,,,,,,,1,2,7,1.0,6.0
201700058028,0017-11-02 16:06:00,17,11,2,16,6,750,108,PONT DE L ALMA,48.8638,2.3018,Crépuscule ou aube,En agglomération,Hors intersection,Normale,Trois véhicules et plus - en chaîne,,,,,,,,,,,2,2,1,1.0,4.0
201700058029,0017-11-03 08:30:00,17,11,3,8,30,750,117,"73, AVENUE DE VILLIERS",48.8838,2.30476,Plein jour,En agglomération,Place,Temps couvert,Autre collision,,,,,,,,,,,1,2,7,8.0,6.0
201700058030,0017-11-04 00:13:00,17,11,4,0,13,750,112,AVENUE LEDRU ROLLIN,48.8496,2.37428,Nuit avec éclairage allumé,En agglomération,Intersection en X,Normale,Deux véhicules - côté,,,,,,,,,,,5,2,2,1.0,3.0
201700058031,0017-11-06 10:55:00,17,11,6,10,55,750,113,"5, BOULEVARD DE L HOPITA",48.8424,2.36363,Plein jour,En agglomération,Intersection en T,Normale,Autre collision,,,,,,,,,,,1,2,3,1.0,6.0
201700058032,0017-11-06 18:49:00,17,11,6,18,49,750,113,BOULEVARD PERIPHERIQUE I,48.8177,2.36721,Nuit avec éclairage allumé,En agglomération,Hors intersection,Normale,Deux véhicules - côté,,,,,,,,,,,5,2,1,1.0,3.0
201700058033,0017-11-07 06:39:00,17,11,7,6,39,750,114,RUE DE LA LEGION ETRANGE,48.8206,2.32415,Nuit avec éclairage allumé,En agglomération,Intersection en Y,Temps couvert,Deux véhicules - côté,,,,,,,,,,,5,2,4,8.0,3.0
201700058034,0017-11-07 16:30:00,17,11,7,16,30,750,115,"18, BOULEVARD DE GRENELL",48.8532,2.28982,Plein jour,En agglomération,Hors intersection,Normale,Autre collision,,,,,,,,,,,1,2,1,1.0,6.0
201700058035,0017-11-08 19:05:00,17,11,8,19,5,750,114,"235, BOULEVARD RASPAIL",48.8394,2.33053,Nuit avec éclairage allumé,En agglomération,Intersection en Y,Normale,Autre collision,,,,,,,,,,,5,2,4,1.0,6.0
201700058036,0017-11-08 19:15:00,17,11,8,19,15,750,115,RUE ROBERT DE FLERS,48.8502,2.28489,Nuit avec éclairage allumé,En agglomération,Intersection en X,Normale,Deux véhicules - côté,,,,,,,,,,,5,2,2,1.0,3.0
201700058037,0017-11-09 16:40:00,17,11,9,16,40,750,117,BOULEVARD MALESHERB,48.8852,2.30719,Plein jour,En agglomération,Intersection en X,Normale,Deux véhicules - côté,,,,,,,,,,,1,2,2,1.0,3.0
201700058038,0017-11-10 05:06:00,17,11,10,5,6,750,114,AVENUE DU GENERAL L,48.824,2.3257,Nuit avec éclairage allumé,En agglomération,Intersection en T,Pluie légère,Autre collision,,,,,,,,,,,5,2,3,2.0,6.0
201700058039,0017-11-10 09:57:00,17,11,10,9,57,750,114,RUE FROIDEVAUX,48.835,2.32982,Plein jour,En agglomération,Intersection en X,Normale,Autre collision,,,,,,,,,,,1,2,2,1.0,6.0
201700058040,0017-11-10 13:08:00,17,11,10,13,8,750,114,BOULEVARD RASPAIL,48.8415,2.32978,Plein jour,En agglomération,Intersection en T,Normale,Autre collision,,,,,,,,,,,1,2,3,1.0,6.0
201700058041,0017-11-10 18:38:00,17,11,10,18,38,750,116,BOULEVARD PERIPHERIQUE I,48.8699,2.27181,Nuit avec éclairage allumé,En agglomération,Hors intersection,Normale,Deux véhicules - arrière,,,,,,,,,,,5,2,1,1.0,2.0
201700058042,0017-11-11 02:20:00,17,11,11,2,20,750,119,BOULEVARD PERIPHERIQUE I,48.8844,2.39849,Nuit avec éclairage allumé,En agglomération,Hors intersection,Pluie légère,Autre collision,,,,,,,,,,,5,2,1,2.0,6.0
201700058043,0017-11-16 18:55:00,17,11,16,18,55,750,112,"6, COURS DE VINCENNES",48.8477,2.39971,Nuit avec éclairage allumé,En agglomération,Hors intersection,Normale,Autre collision,,,,,,,,,,,5,2,1,1.0,6.0
201700058044,0017-11-14 13:14:00,17,11,14,13,14,750,107,RUE DE BELLECHASSE,48.8585,2.32311,Plein jour,En agglomération,Intersection en X,Normale,Deux véhicules - côté,,,,,,,,,,,1,2,2,1.0,3.0
201700058045,0017-11-15 12:08:00,17,11,15,12,8,750,105,"5, RUE DU CARDINAL LEMOI",48.8495,2.35439,Plein jour,En agglomération,Intersection en X,Normale,Autre collision,,,,,,,,,,,1,2,2,1.0,6.0
201700058046,0017-11-15 12:50:00,17,11,15,12,50,750,103,"16, RUE DES FRANCS BOURG",48.8572,2.36175,Plein jour,En agglomération,Intersection en X,Normale,Deux véhicules - côté,,,,,,,,,,,1,2,2,1.0,3.0
201700058047,0017-11-17 15:02:00,17,11,17,15,2,750,107,BOULEVARD DES INVALIDES,48.8562,2.31501,Plein jour,En agglomération,Intersection en Y,Normale,Deux véhicules - arrière,,,,,,,,,,,1,2,4,1.0,2.0
201700058048,0017-11-17 18:55:00,17,11,17,18,55,750,112,AVENUE DE NOGENT   VINCE,48.8444,2.43988,Nuit avec éclairage allumé,En agglomération,Hors intersection,Normale,Deux véhicules - côté,,,,,,,,,,,5,2,1,1.0,3.0
201700058049,0017-11-18 16:50:00,17,11,18,16,50,750,116,"10, RUE RAFFAELLI",48.8435,2.25548,Crépuscule ou aube,En agglomération,Hors intersection,Normale,Autre collision,,,,,,,,,,,2,2,1,1.0,6.0
201700058050,0017-11-18 23:08:00,17,11,18,23,8,750,109,RUE CHAUCHAT,48.8741,2.33974,Nuit avec éclairage allumé,En agglomération,Intersection en X,Normale,Deux véhicules - côté,,,,,,,,,,,5,2,2,1.0,3.0
201700058051,0017-11-20 07:23:00,17,11,20,7,23,750,116,ALLEE DU BORD DE L EAU,48.8711,2.24062,Crépuscule ou aube,En agglomération,Hors intersection,Normale,Sans collision,,,,,,,,,,,2,2,1,1.0,7.0
201700058052,0017-11-21 15:09:00,17,11,21,15,9,750,114,"7, RUE DESPREZ",48.8348,2.31541,Plein jour,En agglomération,Hors intersection,Normale,Autre collision,,,,,,,,,,,1,2,1,1.0,6.0
201700058053,0017-11-23 22:40:00,17,11,23,22,40,750,108,"12, AVENUE MARCEAU",48.8661,2.29963,Nuit avec éclairage allumé,En agglomération,Intersection en X,Pluie légère,Deux véhicules - arrière,,,,,,,,,,,5,2,2,2.0,2.0
201700058054,0017-11-24 12:11:00,17,11,24,12,11,750,115,"165, RUE DE SEVRES",48.8453,2.31177,Plein jour,En agglomération,Intersection en X,Temps couvert,Deux véhicules - côté,,,,,,,,,,,1,2,2,8.0,3.0
201700058055,0017-11-24 13:50:00,17,11,24,13,50,750,112,"02, PLACE EDOUARD RENARD",48.8355,2.40668,Plein jour,En agglomération,Place,Normale,Deux véhicules - côté,,,,,,,,,,,1,2,7,1.0,3.0
201700058056,0017-11-25 19:20:00,17,11,25,19,20,750,117,"76, RUE DE TOCQUEVILLE",48.8854,2.31031,Nuit avec éclairage allumé,En agglomération,Intersection en T,Normale,Autre collision,,,,,,,,,,,5,2,3,1.0,6.0
201700058057,0017-11-26 03:15:00,17,11,26,3,15,750,103,"55, BOULEVARD BEAUMARCHA",48.8573,2.36812,Nuit avec éclairage allumé,En agglomération,Hors intersection,Normale,Autre collision,,,,,,,,,,,5,2,1,1.0,6.0
201700058058,0017-11-27 20:12:00,17,11,27,20,12,750,116,ROUTE DE SURESNES,48.8647,2.23499,Nuit avec éclairage allumé,En agglomération,Hors intersection,Pluie légère,Trois véhicules et plus - en chaîne,,,,,,,,,,,5,2,1,2.0,4.0
201700058059,0017-11-28 16:22:00,17,11,28,16,22,750,115,QUAI BRANLY,48.8561,2.28979,Crépuscule ou aube,En agglomération,Hors intersection,Temps couvert,Deux véhicules - côté,,,,,,,,,,,2,2,1,8.0,3.0
201700058060,0017-11-29 08:35:00,17,11,29,8,35,750,117,PLACE CHARLES DE GAULLE,48.8743,2.29449,Plein jour,En agglomération,Giratoire,Normale,Deux véhicules - côté,,,,,,,,,,,1,2,6,1.0,3.0
201700058061,0017-12-01 02:34:00,17,12,1,2,34,750,110,"86, BOULEVARD DE MAGENTA",48.8767,2.35571,Nuit avec éclairage allumé,En agglomération,Hors intersection,Temps couvert,Sans collision,,,,,,,,,,,5,2,1,8.0,7.0
201700058062,0017-12-05 13:10:00,17,12,5,13,10,750,119,PORTE DE PANTIN,48.8912,2.39551,Plein jour,En agglomération,Hors intersection,Normale,Trois véhicules et plus - en chaîne,,,,,,,,,,,1,2,1,1.0,4.0
201700058063,0017-12-05 20:30:00,17,12,5,20,30,750,118,"15 BIS, BOULEVARD ORNANO",48.8925,2.34886,Nuit avec éclairage allumé,En agglomération,Intersection en Y,Normale,Autre collision,,,,,,,,,,,5,2,4,1.0,6.0
201700058064,0017-12-06 18:52:00,17,12,6,18,52,750,114,"1, RUE DE LA LEGION ETRA",48.8206,2.32415,Nuit avec éclairage allumé,En agglomération,Intersection en X,Normale,Autre collision,,,,,,,,,,,5,2,2,1.0,6.0
201700058065,0017-12-09 14:08:00,17,12,9,14,8,750,110,"57, BOULEVARD DE LA VILL",48.8761,2.37214,Plein jour,En agglomération,Intersection en Y,Normale,Autre collision,,,,,,,,,,,1,2,4,1.0,6.0
201700058066,0017-12-09 18:13:00,17,12,9,18,13,750,103,"92, BOULEVARD DE SEBASTO",48.8662,2.35251,Nuit avec éclairage allumé,En agglomération,Intersection en X,Normale,Autre collision,,,,,,,,,,,5,2,2,1.0,6.0
201700058067,0017-12-09 21:10:00,17,12,9,21,10,750,117,"/, PLACE CHARLES DE GAUL",48.874,2.29417,Nuit avec éclairage allumé,En agglomération,Place,Normale,Sans collision,,,,,,,,,,,5,2,7,1.0,7.0
201700058068,0017-12-11 06:13:00,17,12,11,6,13,750,116,"56, RUE CORTAMBERT",48.8601,2.27809,Nuit avec éclairage allumé,En agglomération,Intersection en X,Pluie forte,Autre collision,,,,,,,,,,,5,2,2,3.0,6.0
201700058069,0017-12-11 21:56:00,17,12,11,21,56,750,116,"61, RUE SAINT DIDIER",48.8676,2.28197,Nuit avec éclairage allumé,En agglomération,Hors intersection,Pluie légère,Autre collision,,,,,,,,,,,5,2,1,2.0,6.0
201700058070,0017-12-12 08:40:00,17,12,12,8,40,750,105,"60, BOULEVARD SAINT GERM",48.8502,2.34819,Plein jour,En agglomération,Intersection en T,Normale,Autre collision,,,,,,,,,,,1,2,3,1.0,6.0
201700058071,0017-12-13 14:41:00,17,12,13,14,41,750,108,COURS ALBERT 1ER,48.8642,2.30214,Plein jour,En agglomération,Place,Temps couvert,Deux véhicules - côté,,,,,,,,,,,1,2,7,8.0,3.0
201700058072,0017-12-14 15:03:00,17,12,14,15,3,750,116,AVENUE DU PRESIDENT KENN,48.8579,2.28795,Plein jour,En agglomération,Intersection en Y,Pluie légère,Deux véhicules - côté,,,,,,,,,,,1,2,4,2.0,3.0
201700058073,0017-12-14 18:05:00,17,12,14,18,5,750,118,"11, RUE ORDENER",48.8903,2.35828,Nuit avec éclairage allumé,En agglomération,Intersection en T,Temps couvert,Deux véhicules - côté,,,,,,,,,,,5,2,3,8.0,3.0
201700058074,0017-12-18 23:14:00,17,12,18,23,14,750,109,"15, RUE AUBER",48.8728,2.32867,Nuit avec éclairage allumé,En agglomération,Hors intersection,Normale,Autre collision,,,,,,,,,,,5,2,1,1.0,6.0
201700058075,0017-12-23 00:01:00,17,12,23,0,1,750,117,RUE LEGENDRE,48.8872,2.31938,Nuit avec éclairage allumé,En agglomération,Intersection en X,Normale,Deux véhicules - côté,,,,,,,,,,,5,2,2,1.0,3.0
201700058076,0017-12-24 03:03:00,17,12,24,3,3,750,108,COURS LA REINE,48.8649,2.31713,Nuit avec éclairage allumé,En agglomération,Hors intersection,Normale,Autre collision,,,,,,,,,,,5,2,1,1.0,6.0
201700058077,0017-12-27 00:18:00,17,12,27,0,18,750,108,PLACE DE LA CONCORDE,48.8657,2.32178,Nuit avec éclairage allumé,En agglomération,Hors intersection,Pluie légère,Autre collision,,,,,,,,,,,5,2,1,2.0,6.0
201700058078,0017-12-29 18:55:00,17,12,29,18,55,750,113,BOULEVARD DE L HOPITAL,48.8378,2.36014,Nuit avec éclairage allumé,En agglomération,Hors intersection,Normale,Autre collision,,,,,,,,,,,5,2,1,1.0,6.0
201700058079,0017-01-01 16:30:00,17,1,1,16,30,750,120,ECHANGEUR BAGNOLET,48.8661,2.41273,Plein jour,En agglomération,Hors intersection,Normale,Deux véhicules - côté,,,,,,,,,,,1,2,1,1.0,3.0
201700058080,0017-01-02 06:35:00,17,1,2,6,35,750,119,PORTE DE PANTIN,48.8812,2.4034,Nuit avec éclairage allumé,En agglomération,Hors intersection,Temps couvert,Trois véhicules et plus - en chaîne,,,,,,,,,,,5,2,1,8.0,4.0
201700058081,0017-01-02 19:50:00,17,1,2,19,50,750,113,PORTE D ITALIE,48.8165,2.36476,Nuit avec éclairage allumé,En agglomération,Hors intersection,Normale,Deux véhicules - arrière,,,,,,,,,,,5,2,1,1.0,2.0
201700058082,0017-01-04 08:00:00,17,1,4,8,0,750,116,PORTE DE SAINT CLOUD,48.8364,2.25621,Crépuscule ou aube,En agglomération,Hors intersection,Normale,Deux véhicules - arrière,,,,,,,,,,,2,2,1,1.0,2.0
201700058083,0017-01-04 22:20:00,17,1,4,22,20,750,114,BOULEVARD PERIPHERIQUE E,48.8189,2.33048,Nuit avec éclairage allumé,En agglomération,Intersection en Y,Normale,Autre collision,,,,,,,,,,,5,2,4,1.0,6.0
201700058084,0017-01-05 15:00:00,17,1,5,15,0,750,113,QUAI D IVRY,48.826,2.38773,Plein jour,En agglomération,Hors intersection,Normale,Deux véhicules - côté,,,,,,,,,,,1,2,1,1.0,3.0
201700058085,0017-01-05 19:30:00,17,1,5,19,30,750,118,PORTE DE CLIGNANCOURT,48.901,2.34209,Plein jour,En agglomération,Hors intersection,Normale,Deux véhicules - côté,,,,,,,,,,,1,2,1,1.0,3.0
201700058086,0017-01-06 19:30:00,17,1,6,19,30,750,119,PORTE D AUBERVILLIERS,48.9007,2.37341,Plein jour,En agglomération,Hors intersection,Normale,Trois véhicules et plus - en chaîne,,,,,,,,,,,1,2,1,1.0,4.0
201700058087,0017-01-10 22:00:00,17,1,10,22,0,750,116,PORTE DE PASSY,48.858,2.26023,Nuit avec éclairage allumé,En agglomération,Intersection en Y,Normale,Trois véhicules et plus - en chaîne,,,,,,,,,,,5,2,4,1.0,4.0
201700058088,0017-01-11 18:20:00,17,1,11,18,20,750,114,ECHANGEUR VANVES,48.824,2.3076,Nuit avec éclairage allumé,En agglomération,Intersection en Y,Normale,Deux véhicules - côté,,,,,,,,,,,5,2,4,1.0,3.0
201700058089,0017-01-12 10:00:00,17,1,12,10,0,750,119,PORTE DES LILAS,48.8831,2.40047,Plein jour,En agglomération,Hors intersection,Normale,Trois véhicules et plus - en chaîne,,,,,,,,,,,1,2,1,1.0,4.0
201700058090,0017-01-15 05:45:00,17,1,15,5,45,750,113,QUAI D IVRY,48.826,2.38773,Nuit avec éclairage allumé,En agglomération,Hors intersection,Normale,Deux véhicules - arrière,,,,,,,,,,,5,2,1,1.0,2.0
201700058091,0017-01-15 20:40:00,17,1,15,20,40,750,117,ECHANGEUR MAILLOT,48.8818,2.28236,Nuit avec éclairage allumé,En agglomération,Hors intersection,Pluie légère,Autre collision,,,,,,,,,,,5,2,1,2.0,6.0
201700058092,0017-01-16 23:45:00,17,1,16,23,45,750,118,PORTE DE CLIGNANCOURT,48.9011,2.34756,Nuit avec éclairage allumé,En agglomération,Intersection en Y,Normale,Sans collision,,,,,,,,,,,5,2,4,1.0,7.0
201700058093,0017-01-17 19:00:00,17,1,17,19,0,750,117,PORTE DE SAINT OUEN,48.9005,2.32531,Plein jour,En agglomération,Hors intersection,Normale,Trois véhicules et plus - en chaîne,,,,,,,,,,,1,2,1,1.0,4.0
201700058094,0017-01-18 08:35:00,17,1,18,8,35,750,119,PORTE DE LA VILLETTE,48.9003,2.38388,Plein jour,En agglomération,Hors intersection,Normale,Sans collision,,,,,,,,,,,1,2,1,1.0,7.0
201700058095,0017-01-19 14:15:00,17,1,19,14,15,750,116,PORTE DE SAINT CLOUD,48.8349,2.26247,Plein jour,En agglomération,Hors intersection,Normale,Autre collision,,,,,,,,,,,1,2,1,1.0,6.0
201700058096,0017-01-19 15:10:00,17,1,19,15,10,750,117,PORTE MAILLOT,48.882,2.28308,Plein jour,En agglomération,Hors intersection,Normale,Deux véhicules - côté,,,,,,,,,,,1,2,1,1.0,3.0
201700058097,0017-01-20 08:11:00,17,1,20,8,11,750,119,PORTE DE LA VILLETTE,48.8984,2.39384,Crépuscule ou aube,En agglomération,Hors intersection,Normale,Autre collision,,,,,,,,,,,2,2,1,1.0,6.0
201700058098,0017-01-21 21:30:00,17,1,21,21,30,750,119,PORTE DE PANTIN,48.8927,2.3955,Nuit avec éclairage allumé,En agglomération,Intersection en Y,Normale,Trois véhicules et plus - collisions multiples,,,,,,,,,,,5,2,4,1.0,5.0
201700058099,0017-01-23 07:50:00,17,1,23,7,50,750,112,PORTE DE CHARENTON,48.8298,2.40126,Plein jour,En agglomération,Hors intersection,Normale,Deux véhicules - arrière,,,,,,,,,,,1,2,1,1.0,2.0
201700058100,0017-01-23 08:58:00,17,1,23,8,58,750,112,ECHANGEUR BERCY,48.8282,2.38832,Plein jour,En agglomération,Hors intersection,Normale,Sans collision,,,,,,,,,,,1,2,1,1.0,7.0
201700058101,0017-01-25 18:10:00,17,1,25,18,10,750,118,PORTE DE SAINT OUEN,48.9009,2.34304,Nuit avec éclairage allumé,En agglomération,Hors intersection,Normale,Deux véhicules - arrière,,,,,,,,,,,5,2,1,1.0,2.0
201700058102,0017-01-26 00:35:00,17,1,26,0,35,750,113,PORTE D IVRY,48.8204,2.37607,Nuit avec éclairage allumé,En agglomération,Intersection en Y,Normale,Deux véhicules - côté,,,,,,,,,,,5,2,4,1.0,3.0
201700058103,0017-01-28 00:05:00,17,1,28,0,5,750,118,PORTE DE LA CHAPELLE,48.901,2.35394,Nuit avec éclairage allumé,En agglomération,Hors intersection,Normale,Deux véhicules - arrière,,,,,,,,,,,5,2,1,1.0,2.0
201700058104,0017-01-28 09:30:00,17,1,28,9,30,750,114,PORTE DE CHATILLON,48.8226,2.31375,Plein jour,En agglomération,Hors intersection,Normale,Autre collision,,,,,,,,,,,1,2,1,1.0,6.0
201700058105,0017-01-29 14:38:00,17,1,29,14,38,750,118,PORTE DE LA CHAPELLE,48.901,2.35122,Plein jour,En agglomération,Hors intersection,Normale,Deux véhicules - arrière,,,,,,,,,,,1,2,1,1.0,2.0
201700058106,0017-01-30 06:30:00,17,1,30,6,30,750,120,PORTE DE BAGNOLET,48.8594,2.41404,Nuit avec éclairage allumé,En agglomération,Hors intersection,Pluie légère,Trois véhicules et plus - en chaîne,,,,,,,,,,,5,2,1,2.0,4.0
201700058107,0017-01-30 09:00:00,17,1,30,9,0,750,119,PORTE DE LA VILLETTE,48.9004,2.38291,Plein jour,En agglomération,Hors intersection,Normale,Sans collision,,,,,,,,,,,1,2,1,1.0,7.0
201700058108,0017-01-31 19:55:00,17,1,31,19,55,750,114,AVENUE PIERRE MASSE,48.8169,2.33493,Nuit avec éclairage allumé,En agglomération,Intersection en Y,Normale,Autre collision,,,,,,,,,,,5,2,4,1.0,6.0
201700058109,0017-02-02 13:00:00,17,2,2,13,0,750,114,PORTE DE CHATILLON,48.822,2.31637,Plein jour,En agglomération,Intersection en Y,Normale,Deux véhicules - arrière,,,,,,,,,,,1,2,4,1.0,2.0
201700058110,0017-02-02 20:45:00,17,2,2,20,45,750,119,PORTE DE LA VILLETTE,48.8991,2.39278,Nuit avec éclairage allumé,En agglomération,Hors intersection,Normale,Sans collision,,,,,,,,,,,5,2,1,1.0,7.0
201700058111,0017-02-02 23:40:00,17,2,2,23,40,750,113,PORTE D ITALIE,48.8168,2.35562,Nuit avec éclairage allumé,En agglomération,Hors intersection,Normale,Deux véhicules - côté,,,,,,,,,,,5,2,1,1.0,3.0
201700058112,0017-02-03 02:00:00,17,2,3,2,0,750,117,PORTE DE CLICHY,48.8959,2.30909,Nuit avec éclairage allumé,En agglomération,Hors intersection,Normale,Autre collision,,,,,,,,,,,5,2,1,1.0,6.0
201700058113,0017-02-06 11:45:00,17,2,6,11,45,750,119,PORTE D AUBERVILLIERS,48.9002,2.37248,Plein jour,En agglomération,Hors intersection,Normale,Deux véhicules - arrière,,,,,,,,,,,1,2,1,1.0,2.0
201700058114,0017-02-06 18:40:00,17,2,6,18,40,750,112,ECHANGEUR BERCY,48.827,2.39006,Nuit avec éclairage allumé,En agglomération,Intersection en Y,Normale,Deux véhicules - arrière,,,,,,,,,,,5,2,4,1.0,2.0
201700058115,0017-02-07 09:30:00,17,2,7,9,30,750,117,PORTE D ASNIERES,48.8922,2.30177,Plein jour,En agglomération,Hors intersection,Pluie légère,Trois véhicules et plus - en chaîne,,,,,,,,,,,1,2,1,2.0,4.0
201700058116,0017-02-07 11:10:00,17,2,7,11,10,750,120,PORTE DE VINCENNES,48.847,2.41469,Plein jour,En agglomération,Hors intersection,Pluie forte,Deux véhicules - arrière,,,,,,,,,,,1,2,1,3.0,2.0
201700058117,0017-02-08 13:15:00,17,2,8,13,15,750,114,PORTE D ORLEANS,48.8168,2.33566,Plein jour,En agglomération,Intersection en Y,Normale,Autre collision,,,,,,,,,,,1,2,4,1.0,6.0
201700058118,0017-02-11 18:20:00,17,2,11,18,20,750,118,PORTE D AUBERVILLIERS,48.9007,2.36757,Crépuscule ou aube,En agglomération,Hors intersection,Normale,Deux véhicules - côté,,,,,,,,,,,2,2,1,1.0,3.0
201700058119,0017-02-12 06:40:00,17,2,12,6,40,750,113,PORTE DE GENTILLY,48.8164,2.34717,Nuit sans éclairage public,En agglomération,Intersection en Y,Normale,Autre collision,,,,,,,,,,,3,2,4,1.0,6.0
201700058120,0017-02-12 13:45:00,17,2,12,13,45,750,114,PORTE DE GENTILLY,48.8164,2.34307,Plein jour,En agglomération,Hors intersection,Normale,Autre collision,,,,,,,,,,,1,2,1,1.0,6.0
201700058121,0017-02-12 23:36:00,17,2,12,23,36,750,116,BOULEVARD PERIPHERIQUE I,48.8759,2.27782,Nuit avec éclairage allumé,En agglomération,Hors intersection,Normale,Autre collision,,,,,,,,,,,5,2,1,1.0,6.0
201700058122,0017-02-14 17:40:00,17,2,14,17,40,750,116,PORTE D AUTEUIL,48.8485,2.25328,Crépuscule ou aube,En agglomération,Hors intersection,Normale,Deux véhicules - côté,,,,,,,,,,,2,2,1,1.0,3.0
201700058123,0017-02-15 07:55:00,17,2,15,7,55,750,112,PORTE DE CHARENTON,48.8307,2.40254,Plein jour,En agglomération,Intersection en Y,Normale,Trois véhicules et plus - en chaîne,,,,,,,,,,,1,2,4,1.0,4.0
201700058124,0017-02-15 22:10:00,17,2,15,22,10,750,119,ECHANGEUR VILLETTE,48.9002,2.38122,Nuit avec éclairage non allumé,En agglomération,Intersection en Y,Normale,Autre collision,,,,,,,,,,,4,2,4,1.0,6.0
201700058125,0017-02-16 00:01:00,17,2,16,0,1,750,117,PORTE D ASNIERES,48.8924,2.30099,Nuit avec éclairage allumé,En agglomération,Intersection en Y,Normale,Deux véhicules - arrière,,,,,,,,,,,5,2,4,1.0,2.0
201700058126,0017-02-16 17:15:00,17,2,16,17,15,750,114,PORTE DE GENTILLY,48.8168,2.33566,Plein jour,En agglomération,Intersection en Y,Normale,Trois véhicules et plus - en chaîne,,,,,,,,,,,1,2,4,1.0,4.0
201700058127,0017-02-16 19:40:00,17,2,16,19,40,750,116,PORTE DE PASSY,48.8603,2.26329,Nuit avec éclairage allumé,En agglomération,Hors intersection,Temps couvert,Deux véhicules - arrière,,,,,,,,,,,5,2,1,8.0,2.0
201700058128,0017-02-17 08:00:00,17,2,17,8,0,750,117,PORTE DE CHAMPERRET,48.886,2.28858,Plein jour,En agglomération,Hors intersection,Normale,Trois véhicules et plus - en chaîne,,,,,,,,,,,1,2,1,1.0,4.0
201700058129,0017-02-17 14:15:00,17,2,17,14,15,750,112,ECHANGEUR BERCY,48.8265,2.3918,Plein jour,En agglomération,Hors intersection,Normale,Deux véhicules - arrière,,,,,,,,,,,1,2,1,1.0,2.0
201700058130,0017-02-17 16:50:00,17,2,17,16,50,750,119,PORTE DES LILAS,48.8809,2.40449,Plein jour,En agglomération,Intersection en Y,Normale,Deux véhicules - arrière,,,,,,,,,,,1,2,4,1.0,2.0
201700058131,0017-02-19 06:40:00,17,2,19,6,40,750,119,PORTE DE PANTIN,48.8859,2.39752,Plein jour,En agglomération,Intersection en Y,Brouillard / fumée,Autre collision,,,,,,,,,,,1,2,4,5.0,6.0
201700058132,0017-02-19 21:55:00,17,2,19,21,55,750,120,PORTE DE BAGNOLET,48.8585,2.41411,Nuit avec éclairage allumé,En agglomération,Hors intersection,Normale,Autre collision,,,,,,,,,,,5,2,1,1.0,6.0
201700058133,0017-02-21 14:30:00,17,2,21,14,30,750,113,QUAI D IVRY,48.8252,2.38532,Plein jour,En agglomération,Hors intersection,Normale,Autre collision,,,,,,,,,,,1,2,1,1.0,6.0
201700058134,0017-02-21 17:45:00,17,2,21,17,45,750,118,ECHANGEUR CHAPELLE,48.9007,2.36453,Crépuscule ou aube,En agglomération,Intersection en Y,Normale,Autre collision,,,,,,,,,,,2,2,4,1.0,6.0
201700058135,0017-02-23 11:35:00,17,2,23,11,35,750,112,ECHANGEUR BERCY,48.8279,2.3946,Plein jour,En agglomération,Intersection en Y,Vent fort / tempête,Autre collision,,,,,,,,,,,1,2,4,6.0,6.0
201700058136,0017-02-23 13:30:00,17,2,23,13,30,750,120,PORTE DE BAGNOLET,48.8702,2.41321,Plein jour,En agglomération,Hors intersection,Normale,Trois véhicules et plus - en chaîne,,,,,,,,,,,1,2,1,1.0,4.0
201700058137,0017-02-23 19:00:00,17,2,23,19,0,750,116,PORTE DAUPHINE,48.8699,2.27174,Crépuscule ou aube,En agglomération,Intersection en Y,Normale,Deux véhicules - arrière,,,,,,,,,,,2,2,4,1.0,2.0
201700058138,0017-02-24 23:30:00,17,2,24,23,30,750,112,PORTE DOREE,48.8357,2.4121,Nuit avec éclairage allumé,En agglomération,Intersection en Y,Normale,Autre collision,,,,,,,,,,,5,2,4,1.0,6.0