accident_id,datetime,annee,mois,jour,heure,minute,departement,commune_insee,adresse,latitude,longitude,luminosite,agglomeration,intersection,meteo,collision,nb_vehicules,nb_usagers,nb_indemnes,nb_tues,nb_blesses_hosp,nb_blesses_legers,age_cond_1,age_cond_2,veh_type_cond_1,veh_type_cond_2,lum_code,agg_code,int_code,atm_code,col_code
201700058261,0017-05-07 11:10:00,17,5,7,11,10,750,117,ECHANGEUR MAILLOT,48.8821,2.28277,Plein jour,En agglomération,Intersection en Y,Pluie légère,Autre collision,,,,,,,,,,,1,2,4,2.0,6.0
201700058262,0017-05-09 08:05:00,17,5,9,8,5,750,118,PORTE DE CLIGNANCOURT,48.901,2.35122,Plein jour,En agglomération,Hors intersection,Normale,Autre collision,,,,,,,,,,,1,2,1,1.0,6.0
201700058263,0017-05-10 09:50:00,17,5,10,9,50,750,113,PORTE D IVRY,48.8207,2.37685,Plein jour,En agglomération,Hors intersection,Normale,Deux véhicules - côté,,,,,,,,,,,1,2,1,1.0,3.0
201700058264,0017-05-10 12:00:00,17,5,10,12,0,750,116,SOUTERRAIN DAUPHINE,48.8737,2.27541,Plein jour,En agglomération,Hors intersection,Normale,Deux véhicules - arrière,,,,,,,,,,,1,2,1,1.0,2.0
201700058265,0017-05-10 14:45:00,17,5,10,14,45,750,114,PORTE D ORLEANS,48.8209,2.32192,Plein jour,En agglomération,Intersection en Y,Normale,Sans collision,,,,,,,,,,,1,2,4,1.0,7.0
201700058266,0017-05-11 18:00:00,17,5,11,18,0,750,116,PORTE DAUPHINE,48.8697,2.27119,Plein jour,En agglomération,Hors intersection,Normale,Deux véhicules - côté,,,,,,,,,,,1,2,1,1.0,3.0
201700058267,0017-05-12 09:10:00,17,5,12,9,10,750,113,QUAI D IVRY,48.8262,2.38765,Plein jour,En agglomération,Hors intersection,Normale,Deux véhicules - côté,,,,,,,,,,,1,2,1,1.0,3.0
201700058268,0017-05-12 10:00:00,17,5,12,10,0,750,117,PORTE DE CLICHY,48.8964,2.30946,Plein jour,En agglomération,Hors intersection,Normale,Autre collision,,,,,,,,,,,1,2,1,1.0,6.0
201700058269,0017-05-12 19:00:00,17,5,12,19,0,750,118,ECHANGEUR AUBERVILLIERS,48.9009,2.36689,Plein jour,En agglomération,Intersection en X,Pluie légère,Deux véhicules - côté,,,,,,,,,,,1,2,2,2.0,3.0
201700058270,0017-05-14 18:45:00,17,5,14,18,45,750,119,PORTE D AUBERVILLIERS,48.9005,2.37476,Plein jour,En agglomération,Hors intersection,Normale,Deux véhicules - arrière,,,,,,,,,,,1,2,1,1.0,2.0
201700058271,0017-05-16 18:20:00,17,5,16,18,20,750,112,ECHANGEUR BERCY,48.8285,2.39802,Plein jour,En agglomération,Hors intersection,Normale,Deux véhicules - côté,,,,,,,,,,,1,2,1,1.0,3.0
201700058272,0017-05-16 19:10:00,17,5,16,19,10,750,118,PORTE DE SAINT OUEN,48.9008,2.33388,Plein jour,En agglomération,Hors intersection,Normale,Trois véhicules et plus - en chaîne,,,,,,,,,,,1,2,1,1.0,4.0
201700058273,0017-05-17 08:20:00,17,5,17,8,20,750,118,PORTE DE CLIGNANCOURT,48.9011,2.3448,Plein jour,En agglomération,Hors intersection,Normale,Deux véhicules - arrière,,,,,,,,,,,1,2,1,1.0,2.0
201700058274,0017-05-17 13:00:00,17,5,17,13,0,750,115,PORTE DE SEVRES,48.831,2.28386,Plein jour,En agglomération,Hors intersection,Normale,Deux véhicules - côté,,,,,,,,,,,1,2,1,1.0,3.0
201700058275,0017-05-20 16:50:00,17,5,20,16,50,750,112,ECHANGEUR BERCY,48.827,2.39006,Plein jour,En agglomération,Intersection en Y,Normale,Deux véhicules - arrière,,,,,,,,,,,1,2,4,1.0,2.0
201700058276,0017-05-20 20:00:00,17,5,20,20,0,750,113,PORTE D ITALIE,48.8178,2.35339,Plein jour,En agglomération,Hors intersection,Normale,Deux véhicules - arrière,,,,,,,,,,,1,2,1,1.0,2.0
201700058277,0017-05-21 17:15:00,17,5,21,17,15,750,112,PORT DE BERCY,48.8285,2.39773,Plein jour,En agglomération,Hors intersection,Normale,Trois véhicules et plus - en chaîne,,,,,,,,,,,1,2,1,1.0,4.0
201700058278,0017-05-22 08:45:00,17,5,22,8,45,750,112,ECHANGEUR BERCY,48.8285,2.39773,Plein jour,En agglomération,Hors intersection,Normale,Deux véhicules - arrière,,,,,,,,,,,1,2,1,1.0,2.0
201700058279,0017-05-22 18:00:00,17,5,22,18,0,750,113,PORTE DE GENTILLY,48.8164,2.34443,Plein jour,En agglomération,Hors intersection,Normale,Deux véhicules - côté,,,,,,,,,,,1,2,1,1.0,3.0
201700058280,0017-05-23 09:50:00,17,5,23,9,50,750,117,PORTE DE CHAMPERRET,48.8858,2.28783,Plein jour,En agglomération,Hors intersection,Normale,Sans collision,,,,,,,,,,,1,2,1,1.0,7.0
201700058281,0017-05-23 09:35:00,17,5,23,9,35,750,117,PORTE DE CHAMPERRET,48.8872,2.29056,Plein jour,En agglomération,Hors intersection,Normale,Deux véhicules - arrière,,,,,,,,,,,1,2,1,1.0,2.0
201700058282,0017-05-23 22:50:00,17,5,23,22,50,750,118,PORTE D AUBERVILLIERS,48.9007,2.36662,Nuit avec éclairage allumé,En agglomération,Intersection en Y,Normale,Sans collision,,,,,,,,,,,5,2,4,1.0,7.0
201700058283,0017-05-24 07:20:00,17,5,24,7,20,750,115,ECHANGEUR ISSY,48.8348,2.267,Plein jour,En agglomération,Intersection en Y,Normale,Autre collision,,,,,,,,,,,1,2,4,1.0,6.0
201700058284,0017-05-24 08:55:00,17,5,24,8,55,750,113,PORTE D IVRY,48.8185,2.36952,Plein jour,En agglomération,Hors intersection,Normale,Deux véhicules - côté,,,,,,,,,,,1,2,1,1.0,3.0
201700058285,0017-05-24 11:00:00,17,5,24,11,0,750,120,PORTE DE BAGNOLET,48.8702,2.41321,Plein jour,En agglomération,Hors intersection,Normale,Sans collision,,,,,,,,,,,1,2,1,1.0,7.0
201700058286,0017-05-24 16:30:00,17,5,24,16,30,750,120,PORTE DES LILAS,48.8751,2.41028,Plein jour,En agglomération,Hors intersection,Normale,Autre collision,,,,,,,,,,,1,2,1,1.0,6.0
201700058287,0017-05-24 18:30:00,17,5,24,18,30,750,117,PORTE DE SAINT OUEN,48.9004,2.32259,Plein jour,En agglomération,Hors intersection,Normale,Trois véhicules et plus - en chaîne,,,,,,,,,,,1,2,1,1.0,4.0
201700058288,0017-05-25 14:30:00,17,5,25,14,30,750,120,PORTE DE VINCENNES,48.847,2.41446,Plein jour,En agglomération,Hors intersection,Normale,Deux véhicules - côté,,,,,,,,,,,1,2,1,1.0,3.0
201700058289,0017-05-26 13:30:00,17,5,26,13,30,750,117,PORTE MAILLOT,48.8817,2.28254,Plein jour,En agglomération,Hors intersection,Normale,Deux véhicules - arrière,,,,,,,,,,,1,2,1,1.0,2.0
201700058290,0017-05-26 17:55:00,17,5,26,17,55,750,114,PORTE DE CHATILLON,48.8222,2.31628,Plein jour,En agglomération,Hors intersection,Normale,Deux véhicules - arrière,,,,,,,,,,,1,2,1,1.0,2.0
201700058291,0017-05-28 15:55:00,17,5,28,15,55,750,117,PORTE DE SAINT OUEN,48.8998,2.32004,Plein jour,En agglomération,Hors intersection,Normale,Trois véhicules et plus - en chaîne,,,,,,,,,,,1,2,1,1.0,4.0
201700058292,0017-05-10 11:00:00,17,5,10,11,0,750,118,BOULEVARD PERIPHERIQUE E,48.9006,2.33214,Plein jour,En agglomération,Hors intersection,Normale,Deux véhicules - côté,,,,,,,,,,,1,2,1,1.0,3.0
201700058293,0017-05-29 19:30:00,17,5,29,19,30,750,116,PORTE DE PASSY,48.856,2.25659,Plein jour,En agglomération,Hors intersection,Normale,Trois véhicules et plus - en chaîne,,,,,,,,,,,1,2,1,1.0,4.0
201700058294,0017-05-30 14:35:00,17,5,30,14,35,750,115,PORTE DE SEVRES,48.8349,2.27333,Plein jour,En agglomération,Intersection en Y,Normale,Autre collision,,,,,,,,,,,1,2,4,1.0,6.0
201700058295,0017-05-30 20:30:00,17,5,30,20,30,750,114,PORTE D ORLEANS,48.821,2.32143,Plein jour,En agglomération,Hors intersection,Normale,Trois véhicules et plus - en chaîne,,,,,,,,,,,1,2,1,1.0,4.0
201700058296,0017-06-02 17:55:00,17,6,2,17,55,750,112,PORTE DE SAINT MANDE,48.8407,2.41346,Plein jour,En agglomération,Hors intersection,Normale,Deux véhicules - côté,,,,,,,,,,,1,2,1,1.0,3.0
201700058297,0017-06-03 05:10:00,17,6,3,5,10,750,120,PORTE DES LILAS,48.8755,2.41019,Crépuscule ou aube,En agglomération,Intersection en Y,Normale,Autre collision,,,,,,,,,,,2,2,4,1.0,6.0
201700058298,0017-06-03 17:10:00,17,6,3,17,10,750,114,PORTE D ORLEANS,48.8196,2.32792,Plein jour,En agglomération,Hors intersection,Normale,Deux véhicules - côté,,,,,,,,,,,1,2,1,1.0,3.0
201700058299,0017-06-05 13:50:00,17,6,5,13,50,750,112,PORTE DE CHARENTON,48.8292,2.40049,Plein jour,En agglomération,Hors intersection,Temps éblouissant,Sans collision,,,,,,,,,,,1,2,1,7.0,7.0
201700058300,0017-06-05 16:50:00,17,6,5,16,50,750,117,PORTE DE CHAMPERRET,48.8854,2.28759,Plein jour,En agglomération,Hors intersection,Normale,Trois véhicules et plus - en chaîne,,,,,,,,,,,1,2,1,1.0,4.0
201700058301,0017-06-05 19:30:00,17,6,5,19,30,750,112,PORTE DE VINCENNES,48.8452,2.41432,Plein jour,En agglomération,Hors intersection,Normale,Deux véhicules - côté,,,,,,,,,,,1,2,1,1.0,3.0
201700058302,0017-06-06 02:44:00,17,6,6,2,44,750,118,ECHANGEUR CHAPELLE,48.9003,2.35915,Nuit avec éclairage allumé,En agglomération,Hors intersection,Pluie légère,Autre collision,,,,,,,,,,,5,2,1,2.0,6.0
201700058303,0017-06-06 09:50:00,17,6,6,9,50,750,116,PORTE DAUPHINE,48.8692,2.27099,Plein jour,En agglomération,Hors intersection,Normale,Autre collision,,,,,,,,,,,1,2,1,1.0,6.0
201700058304,0017-06-06 15:40:00,17,6,6,15,40,750,119,PORTE DE LA VILLETTE,48.9002,2.38122,Plein jour,En agglomération,Intersection en Y,Pluie légère,Autre collision,,,,,,,,,,,1,2,4,2.0,6.0
201700058305,0017-06-07 08:55:00,17,6,7,8,55,750,114,PORTE DE GENTILLY,48.8184,2.33305,Plein jour,En agglomération,Hors intersection,Normale,Autre collision,,,,,,,,,,,1,2,1,1.0,6.0
201700058306,0017-06-07 09:10:00,17,6,7,9,10,750,116,PORTE DE PASSY,48.8669,2.26901,Plein jour,En agglomération,Hors intersection,Normale,Deux véhicules - côté,,,,,,,,,,,1,2,1,1.0,3.0
201700058307,0017-06-07 18:30:00,17,6,7,18,30,750,113,PORTE D IVRY,48.8183,2.36953,Plein jour,En agglomération,Hors intersection,Normale,Deux véhicules - côté,,,,,,,,,,,1,2,1,1.0,3.0
201700058308,0017-06-07 16:50:00,17,6,7,16,50,750,118,PORTE DE SAINT OUEN,48.9008,2.33118,Plein jour,En agglomération,Hors intersection,Normale,Deux véhicules - arrière,,,,,,,,,,,1,2,1,1.0,2.0
201700058309,0017-06-08 11:00:00,17,6,8,11,0,750,117,PORTE DE CHAMPERRET,48.8847,2.28607,Plein jour,En agglomération,Intersection en Y,Normale,Trois véhicules et plus - collisions multiples,,,,,,,,,,,1,2,4,1.0,5.0
201700058310,0017-06-09 14:30:00,17,6,9,14,30,750,119,PORTE DE PANTIN,48.8966,2.3941,Plein jour,En agglomération,Hors intersection,Normale,Sans collision,,,,,,,,,,,1,2,1,1.0,7.0
201700058311,0017-06-09 17:40:00,17,6,9,17,40,750,117,PORTE DE CLICHY,48.8991,2.31756,Plein jour,En agglomération,Hors intersection,Normale,Trois véhicules et plus - en chaîne,,,,,,,,,,,1,2,1,1.0,4.0
201700058312,0017-06-09 14:45:00,17,6,9,14,45,750,117,PORTE DE CHAMPERRET,48.8841,2.28562,Plein jour,En agglomération,Hors intersection,Normale,Deux véhicules - arrière,,,,,,,,,,,1,2,1,1.0,2.0
201700058313,0017-06-10 13:45:00,17,6,10,13,45,750,118,PORTE DE LA CHAPELLE,48.9008,2.35715,Plein jour,En agglomération,Hors intersection,Normale,Deux véhicules - arrière,,,,,,,,,,,1,2,1,1.0,2.0
201700058314,0017-06-12 06:45:00,17,6,12,6,45,750,113,PORTE D IVRY,48.8204,2.37607,Plein jour,En agglomération,Intersection en Y,Normale,Deux véhicules - arrière,,,,,,,,,,,1,2,4,1.0,2.0
201700058315,0017-06-12 10:15:00,17,6,12,10,15,750,113,QUAI D IVRY,48.8264,2.38893,Plein jour,En agglomération,Hors intersection,Normale,Deux véhicules - arrière,,,,,,,,,,,1,2,1,1.0,2.0
201700058316,0017-06-12 17:15:00,17,6,12,17,15,750,119,PORTE DU PRE SAINT GERVA,48.8817,2.40198,Plein jour,En agglomération,Hors intersection,Normale,Deux véhicules - côté,,,,,,,,,,,1,2,1,1.0,3.0
201700058317,0017-06-13 07:50:00,17,6,13,7,50,750,117,PORTE DE CLICHY,48.8952,2.30681,Plein jour,En agglomération,Hors intersection,Normale,Deux véhicules - arrière,,,,,,,,,,,1,2,1,1.0,2.0
201700058318,0017-06-13 10:20:00,17,6,13,10,20,750,116,PORTE DAUPHINE,48.8738,2.27546,Plein jour,En agglomération,Intersection en Y,Normale,Trois véhicules et plus - collisions multiples,,,,,,,,,,,1,2,4,1.0,5.0
201700058319,0017-06-13 15:20:00,17,6,13,15,20,750,119,PORTE DE LA VILLETTE,48.9005,2.38427,Plein jour,En agglomération,Hors intersection,Normale,Trois véhicules et plus - en chaîne,,,,,,,,,,,1,2,1,1.0,4.0
201700058320,0017-06-14 13:30:00,17,6,14,13,30,750,118,PORTE DE SAINT OUEN,48.9008,2.33118,Plein jour,En agglomération,Hors intersection,Normale,Deux véhicules - arrière,,,,,,,,,,,1,2,1,1.0,2.0
201700058321,0017-06-14 17:10:00,17,6,14,17,10,750,116,ECHANGEUR MUETTE,48.8666,2.26852,Plein jour,En agglomération,Hors intersection,Normale,Deux véhicules - côté,,,,,,,,,,,1,2,1,1.0,3.0
201700058322,0017-06-15 05:05:00,17,6,15,5,5,750,119,BOULEVARD PERIPHERIQUE I,48.9005,2.38795,Nuit avec éclairage allumé,En agglomération,Hors intersection,Normale,Deux véhicules - arrière,,,,,,,,,,,5,2,1,1.0,2.0
201700058323,0017-06-17 19:00:00,17,6,17,19,0,750,116,PORTE DE SAINT CLOUD,48.8443,2.25486,Nuit avec éclairage allumé,En agglomération,Hors intersection,Normale,Deux véhicules - arrière,,,,,,,,,,,5,2,1,1.0,2.0
201700058324,0017-06-18 12:10:00,17,6,18,12,10,750,118,PORTE DE LA CHAPELLE,48.9009,2.35529,Plein jour,En agglomération,Hors intersection,Normale,Deux véhicules - arrière,,,,,,,,,,,1,2,1,1.0,2.0
201700058325,0017-06-18 20:05:00,17,6,18,20,5,750,118,PORTE D AUBERVILLIERS,48.9008,2.36799,Plein jour,En agglomération,Hors intersection,Normale,Deux véhicules - arrière,,,,,,,,,,,1,2,1,1.0,2.0
201700058326,0017-06-19 07:10:00,17,6,19,7,10,750,119,PORTE DES LILAS,48.8845,2.39874,Plein jour,En agglomération,Hors intersection,Normale,Deux véhicules - côté,,,,,,,,,,,1,2,1,1.0,3.0
201700058327,0017-06-20 08:00:00,17,6,20,8,0,750,117,PORTE DE CLICHY,48.8974,2.31269,Plein jour,En agglomération,Hors intersection,Normale,Deux véhicules - arrière,,,,,,,,,,,1,2,1,1.0,2.0
201700058328,0017-06-20 09:50:00,17,6,20,9,50,750,120,PORTE DES LILAS,48.8751,2.41049,Plein jour,En agglomération,Hors intersection,Normale,Deux véhicules - arrière,,,,,,,,,,,1,2,1,1.0,2.0
201700058329,0017-06-20 17:10:00,17,6,20,17,10,750,116,PORTE DE PASSY,48.8574,2.25922,Plein jour,En agglomération,Hors intersection,Normale,Autre collision,,,,,,,,,,,1,2,1,1.0,6.0
201700058330,0017-06-20 17:00:00,17,6,20,17,0,750,116,QUAI D ISSY LES MOULINEA,48.835,2.2638,Plein jour,En agglomération,Hors intersection,Normale,Autre collision,,,,,,,,,,,1,2,1,1.0,6.0
201700058331,0017-06-21 11:50:00,17,6,21,11,50,750,118,PORTE D AUBERVILLIERS,48.9009,2.36524,Plein jour,En agglomération,Hors intersection,Normale,Trois véhicules et plus - en chaîne,,,,,,,,,,,1,2,1,1.0,4.0
201700058332,0017-06-21 09:30:00,17,6,21,9,30,750,119,PORTE DE PANTIN,48.8966,2.3941,Plein jour,En agglomération,Hors intersection,Normale,Deux véhicules - arrière,,,,,,,,,,,1,2,1,1.0,2.0
201700058333,0017-06-22 15:30:00,17,6,22,15,30,750,113,PORTE D ITALIE,48.8177,2.3507,Plein jour,En agglomération,Hors intersection,Normale,Trois véhicules et plus - collisions multiples,,,,,,,,,,,1,2,1,1.0,5.0
201700058334,0017-06-22 16:10:00,17,6,22,16,10,750,117,PORTE DE SAINT OUEN,48.8991,2.31756,Plein jour,En agglomération,Hors intersection,Normale,Deux véhicules - arrière,,,,,,,,,,,1,2,1,1.0,2.0
201700058335,0017-06-23 09:00:00,17,6,23,9,0,750,114,PORTE D ORLEANS,48.82,2.32534,Plein jour,En agglomération,Hors intersection,Normale,Trois véhicules et plus - collisions multiples,,,,,,,,,,,1,2,1,1.0,5.0
201700058336,0017-06-23 10:00:00,17,6,23,10,0,750,118,PORTE DE CLIGNANCOURT,48.9011,2.34617,Plein jour,En agglomération,Hors intersection,Normale,Deux véhicules - côté,,,,,,,,,,,1,2,1,1.0,3.0
201700058337,0017-06-23 19:10:00,17,6,23,19,10,750,119,PORTE DE PANTIN,48.8922,2.39564,Plein jour,En agglomération,Hors intersection,Normale,Deux véhicules - côté,,,,,,,,,,,1,2,1,1.0,3.0
201700058338,0017-06-24 06:40:00,17,6,24,6,40,750,120,PORTE DE VINCENNES,48.8489,2.41485,Plein jour,En agglomération,Intersection en Y,Normale,Deux véhicules - côté,,,,,,,,,,,1,2,4,1.0,3.0
201700058339,0017-06-24 18:45:00,17,6,24,18,45,750,117,PORTE DE CHAMPERRET,48.8852,2.28683,Plein jour,En agglomération,Hors intersection,Normale,Trois véhicules et plus - en chaîne,,,,,,,,,,,1,2,1,1.0,4.0
201700058340,0017-06-26 09:40:00,17,6,26,9,40,750,116,PORTE DAUPHINE,48.8737,2.27541,Plein jour,En agglomération,Hors intersection,Normale,Trois véhicules et plus - en chaîne,,,,,,,,,,,1,2,1,1.0,4.0
201700058341,0017-06-26 21:55:00,17,6,26,21,55,750,119,BOULEVARD PERIPHERIQUE I,48.8817,2.40198,Plein jour,En agglomération,Hors intersection,Normale,Deux véhicules - arrière,,,,,,,,,,,1,2,1,1.0,2.0
201700058342,0017-06-27 01:25:00,17,6,27,1,25,750,112,PORTE DOREE,48.8363,2.41242,Nuit avec éclairage allumé,En agglomération,Hors intersection,Normale,Trois véhicules et plus - collisions multiples,,,,,,,,,,,5,2,1,1.0,5.0
201700058343,0017-06-27 01:30:00,17,6,27,1,30,750,119,BOULEVARD PERIPHERIQUE,48.88,2.40698,Nuit avec éclairage allumé,En agglomération,Hors intersection,Normale,Deux véhicules - côté,,,,,,,,,,,5,2,1,1.0,3.0
201700058344,0017-06-27 07:40:00,17,6,27,7,40,750,116,PORTE DE SAINT CLOUD,48.8351,2.26244,Plein jour,En agglomération,Hors intersection,Pluie légère,Deux véhicules - arrière,,,,,,,,,,,1,2,1,2.0,2.0
201700058345,0017-06-28 13:30:00,17,6,28,13,30,750,113,QUAI D IVRY,48.8256,2.38652,Plein jour,En agglomération,Hors intersection,Normale,Deux véhicules - côté,,,,,,,,,,,1,2,1,1.0,3.0
201700058346,0017-06-28 15:45:00,17,6,28,15,45,750,113,PORTE D IVRY,48.8201,2.37435,Plein jour,En agglomération,Hors intersection,Normale,Deux véhicules - côté,,,,,,,,,,,1,2,1,1.0,3.0
201700058347,0017-06-28 18:30:00,17,6,28,18,30,750,116,ECHANGEUR MUETTE,48.8638,2.26628,Plein jour,En agglomération,Hors intersection,Normale,Deux véhicules - arrière,,,,,,,,,,,1,2,1,1.0,2.0
201700058348,0017-06-30 11:25:00,17,6,30,11,25,750,119,PORTE DE LA VILLETTE,48.9006,2.38699,Plein jour,En agglomération,Hors intersection,Pluie légère,Deux véhicules - côté,,,,,,,,,,,1,2,1,2.0,3.0
201700058349,0017-06-30 17:40:00,17,6,30,17,40,750,114,PORTE DE GENTILLY,48.8165,2.34171,Plein jour,En agglomération,Hors intersection,Temps couvert,Deux véhicules - arrière,,,,,,,,,,,1,2,1,8.0,2.0
201700058350,0017-07-01 16:10:00,17,7,1,16,10,750,120,PORTE DES LILAS,48.8727,2.41221,Nuit avec éclairage allumé,En agglomération,Hors intersection,Normale,Deux véhicules - côté,,,,,,,,,,,5,2,1,1.0,3.0
201700058351,0017-07-02 07:30:00,17,7,2,7,30,750,115,PORTE DE LA PLAINE,48.8285,2.28953,Plein jour,En agglomération,Hors intersection,Pluie légère,Deux véhicules - arrière,,,,,,,,,,,1,2,1,2.0,2.0
201700058352,0017-07-04 07:45:00,17,7,4,7,45,750,113,PORTE D ITALIE,48.8177,2.36721,Plein jour,En agglomération,Hors intersection,Normale,Deux véhicules - côté,,,,,,,,,,,1,2,1,1.0,3.0
201700058353,0017-07-05 15:30:00,17,7,5,15,30,750,112,PORTE DE SAINT MANDE,48.8372,2.41249,Plein jour,En agglomération,Hors intersection,Normale,Deux véhicules - côté,,,,,,,,,,,1,2,1,1.0,3.0
201700058354,0017-07-05 14:40:00,17,7,5,14,40,750,117,PORTE DE SAINT OUEN,48.9006,2.32297,Plein jour,En agglomération,Hors intersection,Normale,Deux véhicules - arrière,,,,,,,,,,,1,2,1,1.0,2.0
201700058355,0017-07-06 09:40:00,17,7,6,9,40,750,113,PORTE D IVRY,48.8189,2.37064,Plein jour,En agglomération,Intersection en Y,Pluie légère,Autre collision,,,,,,,,,,,1,2,4,2.0,6.0
201700058356,0017-07-06 14:30:00,17,7,6,14,30,750,120,PORTE DES LILAS,48.8702,2.41321,Plein jour,En agglomération,Hors intersection,Normale,Trois véhicules et plus - en chaîne,,,,,,,,,,,1,2,1,1.0,4.0
201700058357,0017-07-06 18:00:00,17,7,6,18,0,750,118,PORTE DE SAINT OUEN,48.9006,2.33214,Plein jour,En agglomération,Hors intersection,Normale,Trois véhicules et plus - en chaîne,,,,,,,,,,,1,2,1,1.0,4.0
201700058358,0017-07-08 09:00:00,17,7,8,9,0,750,119,PORTE DU PRE SAINT GERVA,48.8824,2.40095,Plein jour,En agglomération,Intersection en Y,Normale,Deux véhicules - côté,,,,,,,,,,,1,2,4,1.0,3.0
201700058359,0017-07-09 00:10:00,17,7,9,0,10,750,112,ECHANGEUR BERCY,48.8288,2.39902,Nuit avec éclairage allumé,En agglomération,Hors intersection,Normale,Deux véhicules - côté,,,,,,,,,,,5,2,1,1.0,3.0
201700058360,0017-07-09 07:55:00,17,7,9,7,55,750,118,PORTE DE CLIGNANCOURT,48.901,2.34345,Plein jour,En agglomération,Hors intersection,Normale,Deux véhicules - côté,,,,,,,,,,,1,2,1,1.0,3.0
201700058361,0017-07-09 09:40:00,17,7,9,9,40,750,113,ECHANGEUR ITALIE,48.8161,2.36356,Plein jour,En agglomération,Hors intersection,Normale,Trois véhicules et plus - en chaîne,,,,,,,,,,,1,2,1,1.0,4.0
201700058362,0017-07-10 09:15:00,17,7,10,9,15,750,118,PORTE DE LA CHAPELLE,48.9008,2.36074,Plein jour,En agglomération,Hors intersection,Pluie légère,Deux véhicules - côté,,,,,,,,,,,1,2,1,2.0,3.0
201700058363,0017-07-10 10:40:00,17,7,10,10,40,750,120,PORTE DE BAGNOLET,48.8684,2.4132,Plein jour,En agglomération,Hors intersection,Pluie légère,Trois véhicules et plus - en chaîne,,,,,,,,,,,1,2,1,2.0,4.0
201700058364,0017-07-11 11:00:00,17,7,11,11,0,750,117,PORTE DE CHAMPERRET,48.8872,2.29056,Plein jour,En agglomération,Hors intersection,Normale,Deux véhicules - côté,,,,,,,,,,,1,2,1,1.0,3.0
201700058365,0017-07-12 08:40:00,17,7,12,8,40,750,115,PORTE DE LA PLAINE,48.8277,2.29184,Plein jour,En agglomération,Hors intersection,Temps couvert,Autre collision,,,,,,,,,,,1,2,1,8.0,6.0
201700058366,0017-07-12 17:10:00,17,7,12,17,10,750,119,PORTE D AUBERVILLIERS,48.9003,2.37882,Plein jour,En agglomération,Hors intersection,Normale,Trois véhicules et plus - en chaîne,,,,,,,,,,,1,2,1,1.0,4.0
201700058367,0017-07-12 21:50:00,17,7,12,21,50,750,118,PORTE D AUBERVILLIERS,48.9007,2.36662,Crépuscule ou aube,En agglomération,Intersection en Y,Normale,Trois véhicules et plus - en chaîne,,,,,,,,,,,2,2,4,1.0,4.0
201700058368,0017-07-13 01:35:00,17,7,13,1,35,750,119,PORTE DE LA VILLETTE,48.9002,2.39101,Nuit avec éclairage allumé,En agglomération,Hors intersection,Normale,Autre collision,,,,,,,,,,,5,2,1,1.0,6.0
201700058369,0017-07-16 14:55:00,17,7,16,14,55,750,113,PORTE D ITALIE,48.8178,2.35339,Plein jour,En agglomération,Hors intersection,Normale,Autre collision,,,,,,,,,,,1,2,1,1.0,6.0
201700058370,0017-07-17 00:10:00,17,7,17,0,10,750,116,PLACE DE LA PORTE MAILLO,48.8765,2.27847,Nuit avec éclairage allumé,En agglomération,Intersection en Y,Normale,Autre collision,,,,,,,,,,,5,2,4,1.0,6.0
201700058371,0017-07-17 11:40:00,17,7,17,11,40,750,119,PORTE DE LA VILLETTE,48.8991,2.39278,Plein jour,En agglomération,Hors intersection,Normale,Deux véhicules - côté,,,,,,,,,,,1,2,1,1.0,3.0
201700058372,0017-07-18 11:25:00,17,7,18,11,25,750,119,PORTE DE PANTIN,48.8939,2.39489,Plein jour,En agglomération,Hors intersection,Normale,Autre collision,,,,,,,,,,,1,2,1,1.0,6.0
201700058373,0017-07-18 08:45:00,17,7,18,8,45,750,116,ECHANGEUR MUETTE,48.8614,2.26432,Plein jour,En agglomération,Hors intersection,Normale,Trois véhicules et plus - en chaîne,,,,,,,,,,,1,2,1,1.0,4.0
201700058374,0017-07-19 06:20:00,17,7,19,6,20,750,119,PORTE DE PANTIN,48.8949,2.39492,Plein jour,En agglomération,Hors intersection,Normale,Autre collision,,,,,,,,,,,1,2,1,1.0,6.0
201700058375,0017-07-19 15:05:00,17,7,19,15,5,750,116,ECHANGEUR AUTEUIL,48.8467,2.25485,Plein jour,En agglomération,Intersection en Y,Normale,Autre collision,,,,,,,,,,,1,2,4,1.0,6.0
201700058376,0017-07-20 11:00:00,17,7,20,11,0,750,120,PORTE DE PANTIN,48.8621,2.41364,Plein jour,En agglomération,Hors intersection,Normale,Deux véhicules - arrière,,,,,,,,,,,1,2,1,1.0,2.0
201700058377,0017-07-20 11:00:00,17,7,20,11,0,750,114,PORTE DE SAINT OUEN,48.8233,2.31115,Plein jour,En agglomération,Hors intersection,Normale,Deux véhicules - côté,,,,,,,,,,,1,2,1,1.0,3.0
201700058378,0017-07-20 15:10:00,17,7,20,15,10,750,116,ECHANGEUR AUTEUIL,48.8449,2.25479,Plein jour,En agglomération,Hors intersection,Normale,Deux véhicules - arrière,,,,,,,,,,,1,2,1,1.0,2.0
201700058379,0017-07-20 17:40:00,17,7,20,17,40,750,113,PORTE D ITALIE,48.8162,2.35818,Plein jour,En agglomération,Hors intersection,Normale,Trois véhicules et plus - en chaîne,,,,,,,,,,,1,2,1,1.0,4.0
201700058380,0017-07-21 12:00:00,17,7,21,12,0,750,118,PORTE DE CLIGNANCOURT,48.9008,2.34167,Plein jour,En agglomération,Hors intersection,Normale,Trois véhicules et plus - en chaîne,,,,,,,,,,,1,2,1,1.0,4.0
201700058381,0017-07-21 10:55:00,17,7,21,10,55,750,114,PORTE DE CHATILLON,48.8225,2.31471,Plein jour,En agglomération,Intersection en Y,Normale,Autre collision,,,,,,,,,,,1,2,4,1.0,6.0