accident_id,datetime,annee,mois,jour,heure,minute,departement,commune_insee,adresse,latitude,longitude,luminosite,agglomeration,intersection,meteo,collision,nb_vehicules,nb_usagers,nb_indemnes,nb_tues,nb_blesses_hosp,nb_blesses_legers,age_cond_1,age_cond_2,veh_type_cond_1,veh_type_cond_2,lum_code,agg_code,int_code,atm_code,col_code
201700058621,0017-01-23 19:15:00,17,1,23,19,15,972,230,105 du morne Poirier.,,,Nuit sans éclairage public,Hors agglomération,Hors intersection,Normale,Autre collision,,,,,,,,,,,3,1,1,1.0,6.0
201700058622,0017-07-15 10:30:00,17,7,15,10,30,972,230,RN 1,,,Plein jour,Hors agglomération,Hors intersection,Normale,Trois véhicules et plus - en chaîne,,,,,,,,,,,1,1,1,1.0,4.0
201700058623,0017-07-27 05:15:00,17,7,27,5,15,972,230,route de Morne Poirier -,,,Crépuscule ou aube,Hors agglomération,Hors intersection,Normale,Deux véhicules - frontale,,,,,,,,,,,2,1,1,1.0,1.0
201700058624,0017-08-04 20:55:00,17,8,4,20,55,972,230,casimir branglidor,,,Nuit avec éclairage allumé,En agglomération,Hors intersection,Normale,Autre collision,,,,,,,,,,,5,2,1,1.0,6.0
201700058625,0017-08-15 13:15:00,17,8,15,13,15,972,230,RN1,,,Plein jour,En agglomération,Intersection en T,Normale,Deux véhicules - côté,,,,,,,,,,,1,2,3,1.0,3.0
201700058626,0017-08-22 17:00:00,17,8,22,17,0,972,230,RN 1,,,Plein jour,Hors agglomération,Hors intersection,Normale,Autre collision,,,,,,,,,,,1,1,1,1.0,6.0
201700058627,0017-08-24 12:12:00,17,8,24,12,12,972,230,Route de Desforts,,,Plein jour,Hors agglomération,Hors intersection,Normale,Autre collision,,,,,,,,,,,1,1,1,1.0,6.0
201700058628,0017-10-15 12:00:00,17,10,15,12,0,972,230,RN1- PK27,,,Plein jour,Hors agglomération,Hors intersection,Normale,Trois véhicules et plus - en chaîne,,,,,,,,,,,1,1,1,1.0,4.0
201700058629,0017-01-04 00:30:00,17,1,4,0,30,972,228,route de l'union rd24,,,Nuit sans éclairage public,Hors agglomération,Hors intersection,Pluie légère,Autre collision,,,,,,,,,,,3,1,1,2.0,6.0
201700058630,0017-01-05 06:55:00,17,1,5,6,55,972,228,Quartier St Jacques,,,Plein jour,Hors agglomération,Hors intersection,Normale,Autre collision,,,,,,,,,,,1,1,1,1.0,6.0
201700058631,0017-01-26 18:15:00,17,1,26,18,15,972,228,RD25A Derrière Morne,,,Plein jour,Hors agglomération,Hors intersection,Normale,Deux véhicules - côté,,,,,,,,,,,1,1,1,1.0,3.0
201700058632,0017-02-12 21:10:00,17,2,12,21,10,972,228,Boulevard Antonin Jérome,,,Nuit avec éclairage allumé,En agglomération,Hors intersection,Pluie légère,Deux véhicules - arrière,,,,,,,,,,,5,2,1,2.0,2.0
201700058633,0017-02-16 10:10:00,17,2,16,10,10,972,228,quartier pérou,,,Plein jour,Hors agglomération,Intersection en Y,Normale,Sans collision,,,,,,,,,,,1,1,4,1.0,7.0
201700058634,0017-02-27 17:39:00,17,2,27,17,39,972,228,RUE DE LA LIBERTE - QUAR,,,Plein jour,Hors agglomération,Intersection en T,Normale,Deux véhicules - côté,,,,,,,,,,,1,1,3,1.0,3.0
201700058635,0017-04-01 00:05:00,17,4,1,0,5,972,228,rond point Venkatapen -,,,Nuit sans éclairage public,En agglomération,Giratoire,Normale,Deux véhicules - frontale,,,,,,,,,,,3,2,6,1.0,1.0
201700058636,0017-05-23 04:50:00,17,5,23,4,50,972,228,rue de la passion,,,Crépuscule ou aube,En agglomération,Intersection en X,Normale,Autre collision,,,,,,,,,,,2,2,2,1.0,6.0
201700058637,0017-06-27 18:15:00,17,6,27,18,15,972,228,FOURNIOLS,,,Plein jour,Hors agglomération,Hors intersection,Normale,Deux véhicules - frontale,,,,,,,,,,,1,1,1,1.0,1.0
201700058638,0017-06-28 11:00:00,17,6,28,11,0,972,228,ROUTE NATIONALE 1,,,Plein jour,Hors agglomération,Hors intersection,Normale,Autre collision,,,,,,,,,,,1,1,1,1.0,6.0
201700058639,0017-07-01 05:40:00,17,7,1,5,40,972,228,RD 15 - PEROU,,,Plein jour,Hors agglomération,Hors intersection,Normale,Deux véhicules - frontale,,,,,,,,,,,1,1,1,1.0,1.0
201700058640,0017-07-06 19:35:00,17,7,6,19,35,972,228,Bvd Raymond Huygues Desp,,,Nuit avec éclairage allumé,En agglomération,Hors intersection,Normale,Deux véhicules - frontale,,,,,,,,,,,5,2,1,1.0,1.0
201700058641,0017-08-03 06:00:00,17,8,3,6,0,972,228,RN1 PK 28 DERRIERE MORNE,,,Crépuscule ou aube,Hors agglomération,Hors intersection,Pluie forte,Deux véhicules - frontale,,,,,,,,,,,2,1,1,3.0,1.0
201700058642,0017-08-18 23:45:00,17,8,18,23,45,972,228,RN 1,,,Nuit sans éclairage public,Hors agglomération,Hors intersection,Normale,Autre collision,,,,,,,,,,,3,1,1,1.0,6.0
201700058643,0017-08-27 23:15:00,17,8,27,23,15,972,228,RD 25 -Derrière Morne,,,Nuit sans éclairage public,Hors agglomération,Hors intersection,Normale,Deux véhicules - frontale,,,,,,,,,,,3,1,1,1.0,1.0
201700058644,0017-10-20 11:45:00,17,10,20,11,45,972,228,RD 25 - MORNE DES ESSES,,,Plein jour,En agglomération,Hors intersection,Normale,Deux véhicules - frontale,,,,,,,,,,,1,2,1,1.0,1.0
201700058645,0017-11-25 20:45:00,17,11,25,20,45,972,228,"face au 4135, RD 24, qua",,,Nuit avec éclairage non allumé,Hors agglomération,Hors intersection,Normale,Autre collision,,,,,,,,,,,4,1,1,1.0,6.0
201700058646,0017-11-30 16:05:00,17,11,30,16,5,972,228,RD 24,,,Plein jour,Hors agglomération,Hors intersection,Pluie légère,Deux véhicules - côté,,,,,,,,,,,1,1,1,2.0,3.0
201700058647,0017-02-28 23:45:00,17,2,28,23,45,971,104,route de Saint-Robert,,,Nuit sans éclairage public,Hors agglomération,Hors intersection,Pluie forte,Deux véhicules - frontale,,,,,,,,,,,3,1,1,3.0,1.0
201700058648,0017-04-22 22:45:00,17,4,22,22,45,971,104,Allée des pères blancs,,,Nuit avec éclairage allumé,En agglomération,Hors intersection,Normale,Deux véhicules - frontale,,,,,,,,,,,5,2,1,1.0,1.0
201700058649,0017-06-10 22:30:00,17,6,10,22,30,971,124,rue Benoit Esdras,,,Nuit sans éclairage public,En agglomération,Hors intersection,Normale,Sans collision,,,,,,,,,,,3,2,1,1.0,7.0
201700058650,0017-08-12 06:45:00,17,8,12,6,45,971,104,Rn 2 -  avenue du père L,,,Plein jour,En agglomération,Hors intersection,Normale,Deux véhicules - frontale,,,,,,,,,,,1,2,1,1.0,1.0
201700058651,0017-12-07 12:40:00,17,12,7,12,40,971,124,rue benoit esdras,,,Plein jour,Hors agglomération,Hors intersection,Pluie légère,Autre collision,,,,,,,,,,,1,1,1,2.0,6.0
201700058652,0017-01-14 17:20:00,17,1,14,17,20,971,134,route de gery,,,Crépuscule ou aube,En agglomération,Hors intersection,Normale,Deux véhicules - frontale,,,,,,,,,,,2,2,1,1.0,1.0
201700058653,0017-01-20 00:01:00,17,1,20,0,1,971,134,Route nationale 2,,,Nuit avec éclairage allumé,Hors agglomération,Hors intersection,Normale,Deux véhicules - frontale,,,,,,,,,,,5,1,1,1.0,1.0
201700058654,0017-02-11 03:20:00,17,2,11,3,20,971,134,371 section géry bel air,,,Nuit sans éclairage public,Hors agglomération,Hors intersection,Normale,Sans collision,,,,,,,,,,,3,1,1,1.0,7.0
201700058655,0017-04-30 12:30:00,17,4,30,12,30,971,134,Morne à Jules,,,Plein jour,Hors agglomération,Hors intersection,Normale,Autre collision,,,,,,,,,,,1,1,1,1.0,6.0
201700058656,0017-05-18 12:40:00,17,5,18,12,40,971,134,Marigot,,,Plein jour,Hors agglomération,Hors intersection,Normale,Autre collision,,,,,,,,,,,1,1,1,1.0,6.0
201700058657,0017-07-12 17:30:00,17,7,12,17,30,971,134,résidence KACHIMAN,,,Plein jour,En agglomération,Hors intersection,Normale,Deux véhicules - côté,,,,,,,,,,,1,2,1,1.0,3.0
201700058658,0017-09-25 15:30:00,17,9,25,15,30,971,134,chemin des ecores,,,Plein jour,En agglomération,Hors intersection,Normale,Deux véhicules - frontale,,,,,,,,,,,1,2,1,1.0,1.0
201700058659,0017-11-12 19:21:00,17,11,12,19,21,971,106,route nationale 2,,,Nuit sans éclairage public,En agglomération,Hors intersection,Normale,Autre collision,,,,,,,,,,,3,2,1,1.0,6.0
201700058660,0017-01-13 07:15:00,17,1,13,7,15,971,106,Rd 23,,,Plein jour,Hors agglomération,Autre intersection,Pluie légère,Deux véhicules - frontale,,,,,,,,,,,1,1,9,2.0,1.0
201700058661,0017-02-12 11:35:00,17,2,12,11,35,971,106,cd 23 route de la traver,,,Plein jour,Hors agglomération,Hors intersection,Normale,Sans collision,,,,,,,,,,,1,1,1,1.0,7.0
201700058662,0017-03-24 14:00:00,17,3,24,14,0,971,106,CD23 - Route de la trave,,,Plein jour,Hors agglomération,Hors intersection,Normale,Deux véhicules - frontale,,,,,,,,,,,1,1,1,1.0,1.0
201700058663,0017-05-28 13:35:00,17,5,28,13,35,971,106,d23,,,Plein jour,Hors agglomération,Hors intersection,Pluie légère,Deux véhicules - côté,,,,,,,,,,,1,1,1,2.0,3.0
201700058664,0017-06-25 01:50:00,17,6,25,1,50,971,106,LIEU-DIT MALENDURE,,,Nuit sans éclairage public,Hors agglomération,Hors intersection,Normale,Deux véhicules - frontale,,,,,,,,,,,3,1,1,1.0,1.0
201700058665,0017-06-28 17:00:00,17,6,28,17,0,971,106,Rn 2 rivière Colat,,,Plein jour,Hors agglomération,Hors intersection,Pluie légère,Deux véhicules - frontale,,,,,,,,,,,1,1,1,2.0,1.0
201700058666,0017-08-01 16:00:00,17,8,1,16,0,971,106,Rue Abel racon,,,Plein jour,En agglomération,Intersection en T,Normale,Deux véhicules - côté,,,,,,,,,,,1,2,3,1.0,3.0
201700058667,0017-08-23 19:25:00,17,8,23,19,25,971,134,RN2 - Tarare,,,Nuit sans éclairage public,En agglomération,Hors intersection,Normale,Deux véhicules - côté,,,,,,,,,,,3,2,1,1.0,3.0
201700058668,0017-01-19 00:30:00,17,1,19,0,30,971,111,"rn2 ""rivet""",,,Nuit sans éclairage public,Hors agglomération,Hors intersection,Normale,Deux véhicules - frontale,,,,,,,,,,,3,1,1,1.0,1.0
201700058669,0017-01-29 05:30:00,17,1,29,5,30,971,121,D23,,,Nuit sans éclairage public,Hors agglomération,Autre intersection,Normale,Deux véhicules - frontale,,,,,,,,,,,3,1,9,1.0,1.0
201700058670,0017-08-12 15:30:00,17,8,12,15,30,971,121,Rue Anse Guyonneau,,,Plein jour,En agglomération,Hors intersection,Normale,Sans collision,,,,,,,,,,,1,2,1,1.0,7.0
201700058671,0017-08-18 10:10:00,17,8,18,10,10,971,121,chemin de BELLE HOTESSE,,,Plein jour,En agglomération,Intersection en Y,Normale,Autre collision,,,,,,,,,,,1,2,4,1.0,6.0
201700058672,0017-10-28 02:30:00,17,10,28,2,30,971,111,RN2 - riflet,,,Nuit avec éclairage non allumé,Hors agglomération,Intersection en Y,Normale,Autre collision,,,,,,,,,,,4,1,4,1.0,6.0
201700058673,0017-11-11 10:10:00,17,11,11,10,10,971,121,baillargent,,,Plein jour,En agglomération,Hors intersection,Normale,Deux véhicules - frontale,,,,,,,,,,,1,2,1,1.0,1.0
201700058674,0017-12-10 20:10:00,17,12,10,20,10,971,121,D23,,,Nuit sans éclairage public,Hors agglomération,Hors intersection,Normale,Trois véhicules et plus - collisions multiples,,,,,,,,,,,3,1,1,1.0,5.0
201700058675,0017-12-29 11:15:00,17,12,29,11,15,971,121,RN2 - BAILLARGENT - sect,16.25716,61.79073,Plein jour,Hors agglomération,Hors intersection,Normale,Autre collision,,,,,,,,,,,1,1,1,1.0,6.0
201700058676,0017-02-08 19:35:00,17,2,8,19,35,971,111,Allée de Guyonneau,,,Nuit sans éclairage public,Hors agglomération,Hors intersection,Normale,Autre collision,,,,,,,,,,,3,1,1,1.0,6.0
201700058677,0017-02-12 18:30:00,17,2,12,18,30,971,111,RN2 - Section Riflet,,,Nuit avec éclairage allumé,En agglomération,Hors intersection,Normale,Autre collision,,,,,,,,,,,5,2,1,1.0,6.0
201700058678,0017-03-02 21:40:00,17,3,2,21,40,971,121,Trou caverne,,,Nuit avec éclairage allumé,En agglomération,Hors intersection,Normale,Autre collision,,,,,,,,,,,5,2,1,1.0,6.0
201700058679,0017-05-30 16:00:00,17,5,30,16,0,971,111,Boulevard la Coque - sec,,,Plein jour,En agglomération,Hors intersection,Normale,Sans collision,,,,,,,,,,,1,2,1,1.0,7.0
201700058680,0017-07-01 19:15:00,17,7,1,19,15,971,111,RN.2 - Riflet,,,Crépuscule ou aube,Hors agglomération,Hors intersection,Normale,Trois véhicules et plus - collisions multiples,,,,,,,,,,,2,1,1,1.0,5.0
201700058681,0017-07-20 14:20:00,17,7,20,14,20,971,111,RN.2 - RIFLET,,,Plein jour,Hors agglomération,Hors intersection,Normale,Deux véhicules - frontale,,,,,,,,,,,1,1,1,1.0,1.0
201700058682,0017-09-09 00:43:00,17,9,9,0,43,971,121,Route des Rochers - Plag,,,Nuit avec éclairage allumé,Hors agglomération,Hors intersection,Normale,Autre collision,,,,,,,,,,,5,1,1,1.0,6.0
201700058683,0017-10-05 07:45:00,17,10,5,7,45,971,111,RN.2 Riflet,,,Plein jour,Hors agglomération,Hors intersection,Normale,Deux véhicules - arrière,,,,,,,,,,,1,1,1,1.0,2.0
201700058684,0017-11-27 19:45:00,17,11,27,19,45,971,111,235 Allée du Coeur,,,Nuit avec éclairage allumé,Hors agglomération,Hors intersection,Normale,Autre collision,,,,,,,,,,,5,1,1,1.0,6.0
201700058685,0017-11-29 19:10:00,17,11,29,19,10,971,111,section bas vent,,,Nuit avec éclairage allumé,Hors agglomération,Hors intersection,Normale,Deux véhicules - frontale,,,,,,,,,,,5,1,1,1.0,1.0
201700058686,0017-12-25 10:10:00,17,12,25,10,10,971,111,RN 02- Bas Vent,16.34259,61.77201,Plein jour,Hors agglomération,Hors intersection,Normale,Trois véhicules et plus - collisions multiples,,,,,,,,,,,1,1,1,1.0,5.0
201700058687,0017-01-17 08:00:00,17,1,17,8,0,971,107,RN1 - Allée du manoir,,,Plein jour,Hors agglomération,Hors intersection,Normale,Deux véhicules - côté,,,,,,,,,,,1,1,1,1.0,3.0
201700058688,0017-01-18 18:35:00,17,1,18,18,35,971,114,route nationale 1,,,Nuit sans éclairage public,Hors agglomération,Hors intersection,Normale,Sans collision,,,,,,,,,,,3,1,1,1.0,7.0
201700058689,0017-02-10 21:15:00,17,2,10,21,15,971,107,RN1 Bel air,,,Nuit sans éclairage public,Hors agglomération,Hors intersection,Normale,Trois véhicules et plus - collisions multiples,,,,,,,,,,,3,1,1,1.0,5.0
201700058690,0017-02-11 06:30:00,17,2,11,6,30,971,107,RN1 section Changy,,,Plein jour,Hors agglomération,Hors intersection,Pluie légère,Deux véhicules - côté,,,,,,,,,,,1,1,1,2.0,3.0
201700058691,0017-02-17 17:15:00,17,2,17,17,15,971,114,Rn1,,,Plein jour,Hors agglomération,Hors intersection,Normale,Autre collision,,,,,,,,,,,1,1,1,1.0,6.0
201700058692,0017-03-08 17:15:00,17,3,8,17,15,971,114,Route Nationale 01 - Car,,,Plein jour,Hors agglomération,Intersection en T,Normale,Deux véhicules - arrière,,,,,,,,,,,1,1,3,1.0,2.0
201700058693,0017-03-15 11:30:00,17,3,15,11,30,971,107,section CAMBREFORT route,,,Plein jour,Hors agglomération,Hors intersection,Normale,Trois véhicules et plus - collisions multiples,,,,,,,,,,,1,1,1,1.0,5.0
201700058694,0017-04-28 07:45:00,17,4,28,7,45,971,114,RN 1 - BARTHELÉMY,,,Plein jour,Hors agglomération,Intersection en X,Pluie forte,Deux véhicules - côté,,,,,,,,,,,1,1,2,3.0,3.0
201700058695,0017-05-12 05:45:00,17,5,12,5,45,971,107,cambrefort,,,Crépuscule ou aube,Hors agglomération,Hors intersection,Normale,Deux véhicules - frontale,,,,,,,,,,,2,1,1,1.0,1.0
201700058696,0017-05-15 12:00:00,17,5,15,12,0,971,114,rue des école//rue de la,,,Plein jour,En agglomération,Intersection en T,Normale,Autre collision,,,,,,,,,,,1,2,3,1.0,6.0
201700058697,0017-06-02 19:30:00,17,6,2,19,30,971,107,Sainte Marie,,,Nuit sans éclairage public,En agglomération,Hors intersection,Normale,Autre collision,,,,,,,,,,,3,2,1,1.0,6.0
201700058698,0017-07-09 16:00:00,17,7,9,16,0,971,107,rue de roseau,,,Plein jour,Hors agglomération,Hors intersection,Normale,Autre collision,,,,,,,,,,,1,1,1,1.0,6.0
201700058699,0017-07-24 10:00:00,17,7,24,10,0,971,107,RN1 section Ste Marie,,,Plein jour,En agglomération,Hors intersection,Pluie légère,Autre collision,,,,,,,,,,,1,2,1,2.0,6.0
201700058700,0017-07-29 21:15:00,17,7,29,21,15,971,114,Chemin de moreau Bois se,,,Nuit sans éclairage public,Hors agglomération,Hors intersection,Normale,Autre collision,,,,,,,,,,,3,1,1,1.0,6.0
201700058701,0017-08-02 11:45:00,17,8,2,11,45,971,114,CD33 - SECTION MORNE ROU,,,Plein jour,En agglomération,Hors intersection,Temps couvert,Deux véhicules - frontale,,,,,,,,,,,1,2,1,8.0,1.0
201700058702,0017-08-05 19:45:00,17,8,5,19,45,971,114,RN1- carrefour Barthélém,,,Nuit avec éclairage non allumé,Hors agglomération,Intersection en X,Normale,Deux véhicules - côté,,,,,,,,,,,4,1,2,1.0,3.0
201700058703,0017-09-11 08:25:00,17,9,11,8,25,971,107,Morne Salé,,,Plein jour,Hors agglomération,Hors intersection,Normale,Deux véhicules - côté,,,,,,,,,,,1,1,1,1.0,3.0
201700058704,0017-10-01 07:30:00,17,10,1,7,30,971,107,RN1 - Cambrefort,,,Plein jour,Hors agglomération,Hors intersection,Normale,Trois véhicules et plus - collisions multiples,,,,,,,,,,,1,1,1,1.0,5.0
201700058705,0017-10-25 18:50:00,17,10,25,18,50,971,107,RN 1 section Saint Sauve,,,Nuit sans éclairage public,En agglomération,Hors intersection,Normale,Autre collision,,,,,,,,,,,3,2,1,1.0,6.0
201700058706,0017-11-20 15:00:00,17,11,20,15,0,971,107,ROUTE NATIONALE 1 SAINT,,,Plein jour,Hors agglomération,Hors intersection,Normale,Deux véhicules - frontale,,,,,,,,,,,1,1,1,1.0,1.0
201700058707,0017-11-27 09:00:00,17,11,27,9,0,971,107,RN1 - section Changy à h,,,Plein jour,Hors agglomération,Hors intersection,Normale,Deux véhicules - arrière,,,,,,,,,,,1,1,1,1.0,2.0
201700058708,0017-11-21 18:20:00,17,11,21,18,20,971,114,Intersection RN1//CD33 s,,,Nuit avec éclairage non allumé,Hors agglomération,Intersection à plus de 4 branches,Normale,Deux véhicules - côté,,,,,,,,,,,4,1,5,1.0,3.0
201700058709,0017-12-22 15:05:00,17,12,22,15,5,971,107,route nationale 1,16.08322,61.56225,Plein jour,Hors agglomération,Hors intersection,Normale,Deux véhicules - frontale,,,,,,,,,,,1,1,1,1.0,1.0
201700058710,0017-01-04 14:40:00,17,1,4,14,40,971,131,Route de l'anse rodrigue,,,Plein jour,Hors agglomération,Hors intersection,Normale,Autre collision,,,,,,,,,,,1,1,1,1.0,6.0
201700058711,0017-08-18 15:55:00,17,8,18,15,55,971,131,route du bois joli,,,Plein jour,Hors agglomération,Hors intersection,Pluie légère,Autre collision,,,,,,,,,,,1,1,1,2.0,6.0
201700058712,0017-01-26 17:15:00,17,1,26,17,15,971,115,LA ROSIÈRE,,,Plein jour,En agglomération,Place,Pluie légère,Deux véhicules - côté,,,,,,,,,,,1,2,7,2.0,3.0
201700058713,0017-01-27 07:30:00,17,1,27,7,30,971,115,chemin de Barbotteau,,,Plein jour,Hors agglomération,Hors intersection,Normale,Deux véhicules - frontale,,,,,,,,,,,1,1,1,1.0,1.0
201700058714,0017-03-21 07:55:00,17,3,21,7,55,971,115,ZI LA JAULA - RN2,,,Plein jour,En agglomération,Intersection en X,Normale,Deux véhicules - frontale,,,,,,,,,,,1,2,2,1.0,1.0
201700058715,0017-04-30 06:00:00,17,4,30,6,0,971,115,"RN2, LA MOISSE",,,Crépuscule ou aube,Hors agglomération,Hors intersection,Normale,Deux véhicules - arrière,,,,,,,,,,,2,1,1,1.0,2.0
201700058716,0017-06-09 18:35:00,17,6,9,18,35,971,115,Nationale 02,,,Crépuscule ou aube,En agglomération,Hors intersection,Normale,Deux véhicules - côté,,,,,,,,,,,2,2,1,1.0,3.0
201700058717,0017-06-13 18:30:00,17,6,13,18,30,971,115,D1- Bréfort,,,Crépuscule ou aube,En agglomération,Intersection en T,Normale,Deux véhicules - côté,,,,,,,,,,,2,2,3,1.0,3.0
201700058718,0017-08-05 05:25:00,17,8,5,5,25,971,115,RN2 ZI LA JAULA,,,Crépuscule ou aube,Hors agglomération,Hors intersection,Normale,Autre collision,,,,,,,,,,,2,1,1,1.0,6.0
201700058719,0017-11-11 15:00:00,17,11,11,15,0,971,115,RN2 Lamoisse,,,Plein jour,Hors agglomération,Autre intersection,Normale,Deux véhicules - côté,,,,,,,,,,,1,1,9,1.0,3.0
201700058720,0017-11-13 07:45:00,17,11,13,7,45,971,115,RN2 à hauteur de la rési,,,Plein jour,Hors agglomération,Hors intersection,Normale,Deux véhicules - côté,,,,,,,,,,,1,1,1,1.0,3.0
201700058721,0017-11-16 13:00:00,17,11,16,13,0,971,115,Rn2 Section VINCENT,,,Plein jour,Hors agglomération,Hors intersection,Normale,Deux véhicules - frontale,,,,,,,,,,,1,1,1,1.0,1.0
201700058722,0017-12-07 06:50:00,17,12,7,6,50,971,115,ROUTA,,,Crépuscule ou aube,Hors agglomération,Intersection en X,Normale,Deux véhicules - côté,,,,,,,,,,,2,1,2,1.0,3.0
201700058723,0017-01-21 04:15:00,17,1,21,4,15,971,118,RN 1 - ARNOUVILLE,,,Nuit sans éclairage public,Hors agglomération,Hors intersection,Normale,Trois véhicules et plus - collisions multiples,,,,,,,,,,,3,1,1,1.0,5.0
201700058724,0017-01-27 20:00:00,17,1,27,20,0,971,118,Route de la Traversée,,,Nuit sans éclairage public,Hors agglomération,Hors intersection,Normale,Autre collision,,,,,,,,,,,3,1,1,1.0,6.0
201700058725,0017-01-31 13:45:00,17,1,31,13,45,971,118,rue schoelcher,,,Plein jour,En agglomération,Intersection en T,Normale,Deux véhicules - côté,,,,,,,,,,,1,2,3,1.0,3.0
201700058726,0017-02-04 17:45:00,17,2,4,17,45,971,118,Carrefour Montebello,,,Crépuscule ou aube,Hors agglomération,Intersection en T,Normale,Deux véhicules - côté,,,,,,,,,,,2,1,3,1.0,3.0
201700058727,0017-02-07 10:50:00,17,2,7,10,50,971,118,rue gerty archimède,,,Plein jour,En agglomération,Hors intersection,Normale,Autre collision,,,,,,,,,,,1,2,1,1.0,6.0
201700058728,0017-02-20 15:30:00,17,2,20,15,30,971,118,212 morne bourg,,,Plein jour,En agglomération,Hors intersection,Normale,Autre collision,,,,,,,,,,,1,2,1,1.0,6.0
201700058729,0017-02-28 09:30:00,17,2,28,9,30,971,118,RN1,,,Plein jour,Hors agglomération,Hors intersection,Pluie légère,Autre collision,,,,,,,,,,,1,1,1,2.0,6.0
201700058730,0017-03-06 18:25:00,17,3,6,18,25,971,118,Route de Prise d'eau,,,Nuit avec éclairage allumé,En agglomération,Hors intersection,Normale,Deux véhicules - arrière,,,,,,,,,,,5,2,1,1.0,2.0
201700058731,0017-03-12 10:30:00,17,3,12,10,30,971,118,hauteurs lézarde,,,Plein jour,Hors agglomération,Hors intersection,Normale,Deux véhicules - côté,,,,,,,,,,,1,1,1,1.0,3.0
201700058732,0017-03-12 16:25:00,17,3,12,16,25,971,118,route de versailles,,,Plein jour,Hors agglomération,Hors intersection,Normale,Deux véhicules - arrière,,,,,,,,,,,1,1,1,1.0,2.0
201700058733,0017-03-16 07:00:00,17,3,16,7,0,971,118,chemin de prise d'eau,,,Plein jour,Hors agglomération,Autre intersection,Normale,Deux véhicules - arrière,,,,,,,,,,,1,1,9,1.0,2.0
201700058734,0017-03-23 08:30:00,17,3,23,8,30,971,118,RN1,,,Plein jour,Hors agglomération,Hors intersection,Pluie légère,Deux véhicules - arrière,,,,,,,,,,,1,1,1,2.0,2.0
201700058735,0017-03-25 14:30:00,17,3,25,14,30,971,118,"RN1, entre échangeur de",,,Plein jour,Hors agglomération,Hors intersection,Normale,Autre collision,,,,,,,,,,,1,1,1,1.0,6.0
201700058736,0017-03-31 14:00:00,17,3,31,14,0,971,118,RN 1,,,Plein jour,Hors agglomération,Hors intersection,Normale,Deux véhicules - arrière,,,,,,,,,,,1,1,1,1.0,2.0
201700058737,0017-04-19 07:30:00,17,4,19,7,30,971,118,CD 23,,,Plein jour,Hors agglomération,Hors intersection,Temps couvert,Deux véhicules - frontale,,,,,,,,,,,1,1,1,8.0,1.0
201700058738,0017-05-06 00:01:00,17,5,6,0,1,971,118,48 chemin de blonde,,,Nuit sans éclairage public,En agglomération,Hors intersection,Normale,Deux véhicules - côté,,,,,,,,,,,3,2,1,1.0,3.0
201700058739,0017-07-08 13:00:00,17,7,8,13,0,971,118,rue victor hugues,,,Plein jour,En agglomération,Intersection en T,Normale,Deux véhicules - arrière,,,,,,,,,,,1,2,3,1.0,2.0
201700058740,0017-07-09 19:30:00,17,7,9,19,30,971,118,Roujols,,,Nuit sans éclairage public,Hors agglomération,Hors intersection,Normale,Autre collision,,,,,,,,,,,3,1,1,1.0,6.0
201700058741,0017-07-29 05:30:00,17,7,29,5,30,971,118,RN1,,,Crépuscule ou aube,Hors agglomération,Hors intersection,Temps couvert,Deux véhicules - frontale,,,,,,,,,,,2,1,1,8.0,1.0
201700058742,0017-08-05 19:30:00,17,8,5,19,30,971,118,route de la traversée,,,Nuit sans éclairage public,Hors agglomération,Intersection en X,Normale,Deux véhicules - côté,,,,,,,,,,,3,1,2,1.0,3.0
201700058743,0017-09-01 18:00:00,17,9,1,18,0,971,118,RD 23 route de la traver,,,Plein jour,Hors agglomération,Hors intersection,Normale,Autre collision,,,,,,,,,,,1,1,1,1.0,6.0
201700058744,0017-10-28 17:00:00,17,10,28,17,0,971,118,route de versailles,,,Plein jour,Hors agglomération,Hors intersection,Pluie légère,Autre collision,,,,,,,,,,,1,1,1,2.0,6.0
201700058745,0017-11-10 07:15:00,17,11,10,7,15,971,118,Rue du Lycée,,,Plein jour,En agglomération,Hors intersection,Pluie forte,Autre collision,,,,,,,,,,,1,2,1,3.0,6.0
201700058746,0017-11-11 13:30:00,17,11,11,13,30,971,118,Rn1 Arnouville,,,Plein jour,Hors agglomération,Hors intersection,Normale,Deux véhicules - arrière,,,,,,,,,,,1,1,1,1.0,2.0
201700058747,0017-11-12 12:20:00,17,11,12,12,20,971,118,chemin des mangles,,,Plein jour,Hors agglomération,Hors intersection,Normale,Deux véhicules - frontale,,,,,,,,,,,1,1,1,1.0,1.0
201700058748,0017-11-19 18:55:00,17,11,19,18,55,971,118,chemin de versaille - RD,,,Nuit sans éclairage public,Hors agglomération,Hors intersection,Normale,Trois véhicules et plus - collisions multiples,,,,,,,,,,,3,1,1,1.0,5.0