accident_id,datetime,annee,mois,jour,heure,minute,departement,commune_insee,adresse,latitude,longitude,luminosite,agglomeration,intersection,meteo,collision,nb_vehicules,nb_usagers,nb_indemnes,nb_tues,nb_blesses_hosp,nb_blesses_legers,age_cond_1,age_cond_2,veh_type_cond_1,veh_type_cond_2,lum_code,agg_code,int_code,atm_code,col_code
201700058749,0017-11-26 13:00:00,17,11,26,13,0,971,118,RN1 - SECTION ARNOUVILLE,,,Plein jour,Hors agglomération,Hors intersection,Normale,Deux véhicules - arrière,,,,,,,,,,,1,1,1,1.0,2.0
201700058750,0017-12-20 10:55:00,17,12,20,10,55,971,118,roche blanche,16.19823,61.62857,Plein jour,En agglomération,Intersection en T,Pluie forte,Trois véhicules et plus - collisions multiples,,,,,,,,,,,1,2,3,3.0,5.0
201700058751,0017-12-24 03:45:00,17,12,24,3,45,971,118,RN1,16.20038,61.60622,Nuit avec éclairage allumé,Hors agglomération,Hors intersection,Normale,Deux véhicules - arrière,,,,,,,,,,,5,1,1,1.0,2.0
201700058752,0017-02-03 07:20:00,17,2,3,7,20,971,129,RN2,,,Plein jour,Hors agglomération,Hors intersection,Normale,Sans collision,,,,,,,,,,,1,1,1,1.0,7.0
201700058753,0017-02-10 13:45:00,17,2,10,13,45,971,129,RN2 - bébel,,,Plein jour,En agglomération,Autre intersection,Normale,Deux véhicules - arrière,,,,,,,,,,,1,2,9,1.0,2.0
201700058754,0017-02-28 05:00:00,17,2,28,5,0,971,129,RN2 section Viard,,,Nuit avec éclairage allumé,En agglomération,Hors intersection,Normale,Sans collision,,,,,,,,,,,5,2,1,1.0,7.0
201700058755,0017-03-23 18:45:00,17,3,23,18,45,971,129,RN 2- Kanasao,,,Nuit sans éclairage public,Hors agglomération,Hors intersection,Normale,Trois véhicules et plus - collisions multiples,,,,,,,,,,,3,1,1,1.0,5.0
201700058756,0017-03-31 21:30:00,17,3,31,21,30,971,129,Bellevue,,,Nuit avec éclairage allumé,En agglomération,Hors intersection,Normale,Deux véhicules - frontale,,,,,,,,,,,5,2,1,1.0,1.0
201700058757,0017-05-08 18:15:00,17,5,8,18,15,971,129,NOGENT,,,Plein jour,Hors agglomération,Intersection en T,Normale,Deux véhicules - arrière,,,,,,,,,,,1,1,3,1.0,2.0
201700058758,0017-05-19 19:25:00,17,5,19,19,25,971,129,plessis-nogent,,,Nuit avec éclairage allumé,Hors agglomération,Intersection en T,Normale,Deux véhicules - frontale,,,,,,,,,,,5,1,3,1.0,1.0
201700058759,0017-05-20 18:05:00,17,5,20,18,5,971,129,rue de montplaisir,,,Plein jour,En agglomération,Hors intersection,Normale,Deux véhicules - frontale,,,,,,,,,,,1,2,1,1.0,1.0
201700058760,0017-06-10 22:20:00,17,6,10,22,20,971,129,section desbonnes - rout,,,Nuit sans éclairage public,Hors agglomération,Hors intersection,Normale,Autre collision,,,,,,,,,,,3,1,1,1.0,6.0
201700058761,0017-07-08 17:30:00,17,7,8,17,30,971,129,Section Massy,,,Plein jour,Hors agglomération,Intersection en Y,Normale,Deux véhicules - frontale,,,,,,,,,,,1,1,4,1.0,1.0
201700058762,0017-07-20 21:30:00,17,7,20,21,30,971,129,section Léotard - RN2,,,Nuit sans éclairage public,Hors agglomération,Hors intersection,Normale,Sans collision,,,,,,,,,,,3,1,1,1.0,7.0
201700058763,0017-07-28 20:30:00,17,7,28,20,30,971,129,Desbonne,,,Nuit sans éclairage public,En agglomération,Hors intersection,Normale,Deux véhicules - côté,,,,,,,,,,,3,2,1,1.0,3.0
201700058764,0017-07-30 08:00:00,17,7,30,8,0,971,129,RN2,,,Plein jour,Hors agglomération,Hors intersection,Normale,Sans collision,,,,,,,,,,,1,1,1,1.0,7.0
201700058765,0017-08-02 11:00:00,17,8,2,11,0,971,129,Pont de la boucan,,,Plein jour,Hors agglomération,Hors intersection,Normale,Autre collision,,,,,,,,,,,1,1,1,1.0,6.0
201700058766,0017-08-05 05:00:00,17,8,5,5,0,971,129,moustique,,,Plein jour,Hors agglomération,Intersection en X,Normale,Deux véhicules - côté,,,,,,,,,,,1,1,2,1.0,3.0
201700058767,0017-08-03 20:00:00,17,8,3,20,0,971,129,desbonnes,,,Crépuscule ou aube,En agglomération,Hors intersection,Normale,Deux véhicules - frontale,,,,,,,,,,,2,2,1,1.0,1.0
201700058768,0017-10-12 17:00:00,17,10,12,17,0,971,129,RN 2 - comté de Lohéac,,,Plein jour,Hors agglomération,Hors intersection,Normale,Deux véhicules - frontale,,,,,,,,,,,1,1,1,1.0,1.0
201700058769,0017-10-13 13:00:00,17,10,13,13,0,971,129,DESBONNES,,,Plein jour,Hors agglomération,Hors intersection,Normale,Deux véhicules - côté,,,,,,,,,,,1,1,1,1.0,3.0
201700058770,0017-10-31 19:00:00,17,10,31,19,0,971,129,LA BOUCAN,,,Nuit sans éclairage public,En agglomération,Hors intersection,Normale,Autre collision,,,,,,,,,,,3,2,1,1.0,6.0
201700058771,0017-12-19 12:30:00,17,12,19,12,30,971,129,RN2 - Les galbas,,,Plein jour,Hors agglomération,Hors intersection,Normale,Deux véhicules - côté,,,,,,,,,,,1,1,1,1.0,3.0
201700058772,0017-01-15 05:20:00,17,1,15,5,20,971,112,section Gay,,,Nuit sans éclairage public,Hors agglomération,Intersection en T,Normale,Deux véhicules - côté,,,,,,,,,,,3,1,3,1.0,3.0
201700058773,0017-01-16 12:15:00,17,1,16,12,15,971,126,section Moustique,,,Plein jour,Hors agglomération,Hors intersection,Pluie forte,Autre collision,,,,,,,,,,,1,1,1,3.0,6.0
201700058774,0017-02-10 07:20:00,17,2,10,7,20,971,112,folle anse,,,Plein jour,Hors agglomération,Hors intersection,Pluie légère,Autre collision,,,,,,,,,,,1,1,1,2.0,6.0
201700058775,0017-03-25 22:00:00,17,3,25,22,0,971,112,section La treille,,,Nuit avec éclairage allumé,Hors agglomération,Hors intersection,Normale,Sans collision,,,,,,,,,,,5,1,1,1.0,7.0
201700058776,0017-04-14 14:00:00,17,4,14,14,0,971,112,section Passonne,,,Plein jour,Hors agglomération,Hors intersection,Normale,Autre collision,,,,,,,,,,,1,1,1,1.0,6.0
201700058777,0017-06-07 07:50:00,17,6,7,7,50,971,126,Section Ribourgeon,,,Plein jour,Hors agglomération,Hors intersection,Normale,Sans collision,,,,,,,,,,,1,1,1,1.0,7.0
201700058778,0017-07-16 12:00:00,17,7,16,12,0,971,126,fleurimont,,,Plein jour,Hors agglomération,Hors intersection,Normale,Sans collision,,,,,,,,,,,1,1,1,1.0,7.0
201700058779,0017-07-15 21:10:00,17,7,15,21,10,971,126,lieu-dit Bellevue,,,Nuit sans éclairage public,Hors agglomération,Hors intersection,Normale,Sans collision,,,,,,,,,,,3,1,1,1.0,7.0
201700058780,0017-07-22 11:00:00,17,7,22,11,0,971,126,RN9,,,Plein jour,En agglomération,Intersection en T,Normale,Deux véhicules - côté,,,,,,,,,,,1,2,3,1.0,3.0
201700058781,0017-12-24 03:05:00,17,12,24,3,5,971,108,section Heloin,,,Nuit avec éclairage allumé,Hors agglomération,Hors intersection,Normale,Autre collision,,,,,,,,,,,5,1,1,1.0,6.0
201700058782,0017-04-22 12:15:00,17,4,22,12,15,971,110,Section désert - CD 207,,,Plein jour,Hors agglomération,Hors intersection,Normale,Deux véhicules - côté,,,,,,,,,,,1,1,1,1.0,3.0
201700058783,0017-07-19 13:35:00,17,7,19,13,35,971,110,Baie Mahault,,,Plein jour,Hors agglomération,Hors intersection,Normale,Deux véhicules - frontale,,,,,,,,,,,1,1,1,1.0,1.0
201700058784,0017-11-09 19:45:00,17,11,9,19,45,971,110,Beauséjour,,,Nuit sans éclairage public,En agglomération,Hors intersection,Normale,Sans collision,,,,,,,,,,,3,2,1,1.0,7.0
201700058785,0017-11-17 15:45:00,17,11,17,15,45,971,110,Souffleur,,,Plein jour,Hors agglomération,Hors intersection,Normale,Sans collision,,,,,,,,,,,1,1,1,1.0,7.0
201700058786,0017-12-11 18:00:00,17,12,11,18,0,971,110,Baie-Mahault,,,Nuit sans éclairage public,Hors agglomération,Hors intersection,Normale,Deux véhicules - frontale,,,,,,,,,,,3,1,1,1.0,1.0
201700058787,0017-12-23 15:30:00,17,12,23,15,30,971,110,LE DESERT,,,Plein jour,Hors agglomération,Hors intersection,Normale,Sans collision,,,,,,,,,,,1,1,1,1.0,7.0
201700058788,0017-01-24 06:30:00,17,1,24,6,30,971,117,Rn 123 Route de sainte m,,,Crépuscule ou aube,Hors agglomération,Hors intersection,Normale,Sans collision,,,,,,,,,,,2,1,1,1.0,7.0
201700058789,0017-01-22 10:00:00,17,1,22,10,0,971,117,Route départementale 120,,,Plein jour,Hors agglomération,Hors intersection,Normale,Deux véhicules - arrière,,,,,,,,,,,1,1,1,1.0,2.0
201700058790,0017-03-28 19:05:00,17,3,28,19,5,971,117,RN5 section Lahoussaie,,,Nuit avec éclairage allumé,Hors agglomération,Hors intersection,Normale,Autre collision,,,,,,,,,,,5,1,1,1.0,6.0
201700058791,0017-07-24 23:45:00,17,7,24,23,45,971,117,3 route de cocoyer,,,Nuit avec éclairage allumé,Hors agglomération,Hors intersection,Normale,Autre collision,,,,,,,,,,,5,1,1,1.0,6.0
201700058792,0017-08-04 05:00:00,17,8,4,5,0,971,117,Lieu dit LA HOUSSAIE,,,Nuit sans éclairage public,Hors agglomération,Hors intersection,Pluie forte,Trois véhicules et plus - collisions multiples,,,,,,,,,,,3,1,1,3.0,5.0
201700058793,0017-09-25 13:20:00,17,9,25,13,20,971,117,Carrefour D115 / rue Ale,,,Plein jour,Hors agglomération,Intersection en T,Normale,Deux véhicules - arrière,,,,,,,,,,,1,1,3,1.0,2.0
201700058794,0017-10-01 19:20:00,17,10,1,19,20,971,117,RD 114,,,Nuit sans éclairage public,Hors agglomération,Hors intersection,Pluie forte,Autre collision,,,,,,,,,,,3,1,1,3.0,6.0
201700058795,0017-10-13 14:50:00,17,10,13,14,50,971,117,"RN5, DUTEAU",,,Plein jour,Hors agglomération,Hors intersection,Normale,Sans collision,,,,,,,,,,,1,1,1,1.0,7.0
201700058796,0017-11-11 12:45:00,17,11,11,12,45,971,117,route de la fontaines se,,,Plein jour,Hors agglomération,Hors intersection,Normale,Sans collision,,,,,,,,,,,1,1,1,1.0,7.0
201700058797,0017-01-04 08:30:00,17,1,4,8,30,971,122,RN 6 Barbotteau,,,Plein jour,En agglomération,Intersection en T,Normale,Deux véhicules - côté,,,,,,,,,,,1,2,3,1.0,3.0
201700058798,0017-02-04 11:25:00,17,2,4,11,25,971,119,les mangles,,,Plein jour,En agglomération,Hors intersection,Normale,Deux véhicules - côté,,,,,,,,,,,1,2,1,1.0,3.0
201700058799,0017-04-21 20:29:00,17,4,21,20,29,971,119,Route de Pavillon,,,Nuit sans éclairage public,Hors agglomération,Hors intersection,Normale,Deux véhicules - frontale,,,,,,,,,,,3,1,1,1.0,1.0
201700058800,0017-07-19 15:37:00,17,7,19,15,37,971,102,RN8  Beaufond,,,Plein jour,Hors agglomération,Hors intersection,Normale,Deux véhicules - frontale,,,,,,,,,,,1,1,1,1.0,1.0
201700058801,0017-08-24 21:00:00,17,8,24,21,0,971,119,Rue Félix ÉBOUÉ,,,Nuit avec éclairage allumé,En agglomération,Hors intersection,Normale,Deux véhicules - arrière,,,,,,,,,,,5,2,1,1.0,2.0
201700058802,0017-08-26 20:50:00,17,8,26,20,50,971,122,Pelletan centre,,,Nuit avec éclairage allumé,En agglomération,Hors intersection,Normale,Autre collision,,,,,,,,,,,5,2,1,1.0,6.0
201700058803,0017-09-24 18:20:00,17,9,24,18,20,971,102,Rue toussaint l'ouvertur,,,Nuit avec éclairage non allumé,Hors agglomération,Hors intersection,Normale,Deux véhicules - frontale,,,,,,,,,,,4,1,1,1.0,1.0
201700058804,0017-10-30 18:50:00,17,10,30,18,50,971,119,chemin des gros caps,,,Nuit avec éclairage allumé,En agglomération,Hors intersection,Normale,Autre collision,,,,,,,,,,,5,2,1,1.0,6.0
201700058805,0017-11-09 16:00:00,17,11,9,16,0,971,122,rue remy Nainsouta,,,Plein jour,En agglomération,Hors intersection,Normale,Deux véhicules - côté,,,,,,,,,,,1,2,1,1.0,3.0
201700058806,0017-11-12 17:30:00,17,11,12,17,30,971,102,guéry,,,Crépuscule ou aube,Hors agglomération,Hors intersection,Normale,Deux véhicules - arrière,,,,,,,,,,,2,1,1,1.0,2.0
201700058807,0017-11-14 18:45:00,17,11,14,18,45,971,122,section Lalanne,,,Nuit sans éclairage public,En agglomération,Intersection en X,Normale,Autre collision,,,,,,,,,,,3,2,2,1.0,6.0
201700058808,0017-12-19 11:35:00,17,12,19,11,35,971,119,chemin de maisoncelle-Ca,,,Plein jour,Hors agglomération,Intersection en X,Normale,Deux véhicules - côté,,,,,,,,,,,1,1,2,1.0,3.0
201700058809,0017-12-24 17:00:00,17,12,24,17,0,971,119,Section Balin,,,Plein jour,Hors agglomération,Hors intersection,Normale,Deux véhicules - frontale,,,,,,,,,,,1,1,1,1.0,1.0
201700058810,0017-01-13 19:45:00,17,1,13,19,45,971,125,ROUTE DE ST JACQUES - BR,,,Nuit sans éclairage public,Hors agglomération,Hors intersection,Normale,Deux véhicules - frontale,,,,,,,,,,,3,1,1,1.0,1.0
201700058811,0017-02-13 11:20:00,17,2,13,11,20,971,125,section blonval,,,Plein jour,Hors agglomération,Intersection en T,Normale,Deux véhicules - côté,,,,,,,,,,,1,1,3,1.0,3.0
201700058812,0017-03-16 18:50:00,17,3,16,18,50,971,125,avenue mahatma gandhi,,,Nuit avec éclairage allumé,En agglomération,Hors intersection,Normale,Deux véhicules - frontale,,,,,,,,,,,5,2,1,1.0,1.0
201700058813,0017-03-30 18:15:00,17,3,30,18,15,971,125,RN5 - DESBONNES,,,Plein jour,Hors agglomération,Intersection en X,Normale,Deux véhicules - côté,,,,,,,,,,,1,1,2,1.0,3.0
201700058814,0017-04-28 21:00:00,17,4,28,21,0,971,125,"RN 4, morne gorot",,,Nuit sans éclairage public,Hors agglomération,Intersection en X,Normale,Deux véhicules - frontale,,,,,,,,,,,3,1,2,1.0,1.0
201700058815,0017-04-27 20:00:00,17,4,27,20,0,971,125,Avenue Martin luther Kin,,,Nuit avec éclairage allumé,En agglomération,Giratoire,Normale,Autre collision,,,,,,,,,,,5,2,6,1.0,6.0
201700058816,0017-06-05 20:45:00,17,6,5,20,45,971,125,D116 - Section St Jacque,,,Nuit avec éclairage allumé,Hors agglomération,Hors intersection,Normale,Deux véhicules - côté,,,,,,,,,,,5,1,1,1.0,3.0
201700058817,0017-07-09 21:00:00,17,7,9,21,0,971,125,route de la pointe des c,,,Nuit sans éclairage public,Hors agglomération,Hors intersection,Normale,Autre collision,,,,,,,,,,,3,1,1,1.0,6.0
201700058818,0017-08-20 02:00:00,17,8,20,2,0,971,125,Dubédou,,,Nuit sans éclairage public,Hors agglomération,Hors intersection,Pluie légère,Autre collision,,,,,,,,,,,3,1,1,2.0,6.0
201700058819,0017-11-11 11:50:00,17,11,11,11,50,971,125,Avenue Martin Luther Kin,,,Plein jour,En agglomération,Hors intersection,Normale,Deux véhicules - côté,,,,,,,,,,,1,2,1,1.0,3.0
201700058820,0017-11-19 19:45:00,17,11,19,19,45,971,125,CD 102 ROUTE DE BRAGELOG,,,Nuit sans éclairage public,Hors agglomération,Intersection en X,Normale,Deux véhicules - côté,,,,,,,,,,,3,1,2,1.0,3.0
201700058821,0017-01-13 22:40:00,17,1,13,22,40,971,128,Route nationale 4,,,Nuit avec éclairage allumé,En agglomération,Hors intersection,Normale,Autre collision,,,,,,,,,,,5,2,1,1.0,6.0
201700058822,0017-01-21 13:45:00,17,1,21,13,45,971,128,Section montmain,,,Plein jour,En agglomération,Hors intersection,Normale,Deux véhicules - frontale,,,,,,,,,,,1,2,1,1.0,1.0
201700058823,0017-02-17 16:20:00,17,2,17,16,20,971,128,RN4,,,Plein jour,Hors agglomération,Intersection en T,Normale,Deux véhicules - arrière,,,,,,,,,,,1,1,3,1.0,2.0
201700058824,0017-10-08 05:45:00,17,10,8,5,45,971,128,415 Fonds Thézan,,,Plein jour,Hors agglomération,Hors intersection,Normale,Autre collision,,,,,,,,,,,1,1,1,1.0,6.0
201700058825,0017-10-26 14:30:00,17,10,26,14,30,971,128,section grand fond,,,Plein jour,Hors agglomération,Hors intersection,Pluie forte,Autre collision,,,,,,,,,,,1,1,1,3.0,6.0
201700058826,0017-11-30 20:19:00,17,11,30,20,19,971,128,"Boulevard de la Criée, D",,,Nuit sans éclairage public,Hors agglomération,Hors intersection,Normale,Autre collision,,,,,,,,,,,3,1,1,1.0,6.0
201700058827,0017-12-01 12:00:00,17,12,1,12,0,971,128,Boulevard Ibéné,,,Plein jour,En agglomération,Hors intersection,Normale,Autre collision,,,,,,,,,,,1,2,1,1.0,6.0
201700058828,0017-12-27 16:00:00,17,12,27,16,0,971,128,"Fonds thézan, RN 4",,,Plein jour,En agglomération,Hors intersection,Normale,Deux véhicules - frontale,,,,,,,,,,,1,2,1,1.0,1.0
201700058829,0017-01-20 16:30:00,17,1,20,16,30,971,116,Carrefour D 106 / D 107,,,Plein jour,En agglomération,Hors intersection,Normale,Autre collision,,,,,,,,,,,1,2,1,1.0,6.0
201700058830,0017-02-19 14:40:00,17,2,19,14,40,971,116,RN 5 - Section Gensolin,,,Plein jour,Hors agglomération,Hors intersection,Normale,Deux véhicules - côté,,,,,,,,,,,1,1,1,1.0,3.0
201700058831,0017-02-21 15:30:00,17,2,21,15,30,971,116,Marieule,,,Plein jour,En agglomération,Intersection en T,Normale,Deux véhicules - côté,,,,,,,,,,,1,2,3,1.0,3.0
201700058832,0017-03-25 04:30:00,17,3,25,4,30,971,116,Section Lapalin,,,Crépuscule ou aube,Hors agglomération,Hors intersection,Normale,Autre collision,,,,,,,,,,,2,1,1,1.0,6.0
201700058833,0017-06-10 06:15:00,17,6,10,6,15,971,116,RN5 - centre bourg,,,Plein jour,En agglomération,Intersection en X,Normale,Deux véhicules - côté,,,,,,,,,,,1,2,2,1.0,3.0
201700058834,0017-06-12 02:10:00,17,6,12,2,10,971,116,Marieulle - RN5,,,Nuit avec éclairage allumé,En agglomération,Hors intersection,Normale,Deux véhicules - frontale,,,,,,,,,,,5,2,1,1.0,1.0
201700058835,0017-06-13 10:00:00,17,6,13,10,0,971,116,gensolin,,,Plein jour,Hors agglomération,Hors intersection,Normale,Deux véhicules - côté,,,,,,,,,,,1,1,1,1.0,3.0
201700058836,0017-07-28 23:30:00,17,7,28,23,30,971,116,RN5 - BLANCHETTE,,,Nuit sans éclairage public,Hors agglomération,Hors intersection,Normale,Deux véhicules - arrière,,,,,,,,,,,3,1,1,1.0,2.0
201700058837,0017-08-14 11:00:00,17,8,14,11,0,971,116,Marieulle,,,Plein jour,Hors agglomération,Intersection en Y,Normale,Deux véhicules - côté,,,,,,,,,,,1,1,4,1.0,3.0
201700058838,0017-08-14 18:45:00,17,8,14,18,45,971,116,RN 5- O BO RAVIN LA,,,Crépuscule ou aube,Hors agglomération,Hors intersection,Normale,Trois véhicules et plus - collisions multiples,,,,,,,,,,,2,1,1,1.0,5.0
201700058839,0017-08-23 11:00:00,17,8,23,11,0,971,116,RN 5,,,Plein jour,Hors agglomération,Hors intersection,Normale,Deux véhicules - frontale,,,,,,,,,,,1,1,1,1.0,1.0
201700058840,0017-08-23 14:00:00,17,8,23,14,0,971,116,Nationale 5,,,Plein jour,Hors agglomération,Hors intersection,Normale,Trois véhicules et plus - collisions multiples,,,,,,,,,,,1,1,1,1.0,5.0
201700058841,0017-08-23 15:45:00,17,8,23,15,45,971,116,"D 106, CARREFOUR BEGUETT",,,Plein jour,En agglomération,Intersection en Y,Normale,Deux véhicules - côté,,,,,,,,,,,1,2,4,1.0,3.0
201700058842,0017-09-08 13:30:00,17,9,8,13,30,971,116,"RN 5, section BRION",,,Plein jour,En agglomération,Intersection en T,Normale,Trois véhicules et plus - collisions multiples,,,,,,,,,,,1,2,3,1.0,5.0
201700058843,0017-09-08 18:50:00,17,9,8,18,50,971,116,dubelloy,,,Nuit avec éclairage allumé,Hors agglomération,Hors intersection,Normale,Deux véhicules - frontale,,,,,,,,,,,5,1,1,1.0,1.0
201700058844,0017-11-11 13:25:00,17,11,11,13,25,971,116,RN 5- BOSREDON,,,Plein jour,Hors agglomération,Hors intersection,Normale,Deux véhicules - côté,,,,,,,,,,,1,1,1,1.0,3.0
201700058845,0017-12-23 06:40:00,17,12,23,6,40,971,116,"RN5, blanchette",,,Plein jour,Hors agglomération,Hors intersection,Normale,Autre collision,,,,,,,,,,,1,1,1,1.0,6.0
201700058846,0017-01-13 07:00:00,17,1,13,7,0,973,313,"PK15,850, RN2",,,Plein jour,Hors agglomération,Hors intersection,Normale,Sans collision,,,,,,,,,,,1,1,1,1.0,7.0
201700058847,0017-02-08 23:10:00,17,2,8,23,10,973,305,Le BOURG,,,Nuit avec éclairage allumé,En agglomération,Hors intersection,Normale,Sans collision,,,,,,,,,,,5,2,1,1.0,7.0
201700058848,0017-02-16 00:45:00,17,2,16,0,45,973,305,PK14 RN1,,,Nuit sans éclairage public,Hors agglomération,Hors intersection,Normale,Sans collision,,,,,,,,,,,3,1,1,1.0,7.0
201700058849,0017-03-26 15:45:00,17,3,26,15,45,973,313,PK27 CD5,,,Plein jour,Hors agglomération,Hors intersection,Normale,Autre collision,,,,,,,,,,,1,1,1,1.0,6.0
201700058850,0017-04-19 11:50:00,17,4,19,11,50,973,305,RN 1 PK 15,,,Plein jour,Hors agglomération,Hors intersection,Normale,Deux véhicules - côté,,,,,,,,,,,1,1,1,1.0,3.0
201700058851,0017-05-17 19:15:00,17,5,17,19,15,973,305,PK17 RN1,,,Nuit sans éclairage public,Hors agglomération,Hors intersection,Temps couvert,Deux véhicules - côté,,,,,,,,,,,3,1,1,8.0,3.0
201700058852,0017-07-01 04:50:00,17,7,1,4,50,973,305,PK14 RN1,,,Nuit avec éclairage allumé,Hors agglomération,Hors intersection,Pluie forte,Deux véhicules - côté,,,,,,,,,,,5,1,1,3.0,3.0
201700058853,0017-07-15 17:30:00,17,7,15,17,30,973,305,Bois d'opale lotissement,,,Plein jour,Hors agglomération,Hors intersection,Normale,Deux véhicules - frontale,,,,,,,,,,,1,1,1,1.0,1.0
201700058854,0017-07-17 07:15:00,17,7,17,7,15,973,305,PK 12 RN 1,,,Plein jour,Hors agglomération,Hors intersection,Normale,Deux véhicules - côté,,,,,,,,,,,1,1,1,1.0,3.0
201700058855,0017-07-22 06:30:00,17,7,22,6,30,973,305,PK 15.500 RN 1,,,Crépuscule ou aube,Hors agglomération,Hors intersection,Pluie légère,Trois véhicules et plus - en chaîne,,,,,,,,,,,2,1,1,2.0,4.0
201700058856,0017-07-29 21:40:00,17,7,29,21,40,973,305,Carrefour RN1 et CD5,,,Nuit avec éclairage allumé,Hors agglomération,Hors intersection,Normale,Deux véhicules - côté,,,,,,,,,,,5,1,1,1.0,3.0
201700058857,0017-08-04 18:30:00,17,8,4,18,30,973,305,PK13 RN1,,,Crépuscule ou aube,Hors agglomération,Hors intersection,Normale,Deux véhicules - frontale,,,,,,,,,,,2,1,1,1.0,1.0
201700058858,0017-08-12 21:50:00,17,8,12,21,50,973,305,intersection rue des mus,,,Nuit avec éclairage allumé,En agglomération,Hors intersection,Normale,Deux véhicules - frontale,,,,,,,,,,,5,2,1,1.0,1.0
201700058859,0017-08-12 21:15:00,17,8,12,21,15,973,313,"pk 27.5, CD5",,,Nuit sans éclairage public,Hors agglomération,Hors intersection,Normale,Autre collision,,,,,,,,,,,3,1,1,1.0,6.0
201700058860,0017-09-23 23:40:00,17,9,23,23,40,973,305,rue filao,,,Nuit avec éclairage allumé,En agglomération,Hors intersection,Normale,Autre collision,,,,,,,,,,,5,2,1,1.0,6.0
201700058861,0017-09-23 17:45:00,17,9,23,17,45,973,305,RN1 PK14.500,,,Plein jour,Hors agglomération,Hors intersection,Normale,Deux véhicules - côté,,,,,,,,,,,1,1,1,1.0,3.0
201700058862,0017-10-01 19:00:00,17,10,1,19,0,973,305,VIllage Kamuyenhe PK 24,,,Nuit avec éclairage allumé,Hors agglomération,Hors intersection,Normale,Deux véhicules - côté,,,,,,,,,,,5,1,1,1.0,3.0
201700058863,0017-10-07 08:00:00,17,10,7,8,0,973,305,PK 13 RN 1,,,Plein jour,Hors agglomération,Hors intersection,Normale,Deux véhicules - frontale,,,,,,,,,,,1,1,1,1.0,1.0
201700058864,0017-10-17 17:30:00,17,10,17,17,30,973,305,avenue Pripri,,,Plein jour,En agglomération,Giratoire,Normale,Sans collision,,,,,,,,,,,1,2,6,1.0,7.0
201700058865,0017-10-29 01:15:00,17,10,29,1,15,973,305,PK 11+300 RN1,,,Nuit sans éclairage public,Hors agglomération,Hors intersection,Normale,Deux véhicules - côté,,,,,,,,,,,3,1,1,1.0,3.0
201700058866,0017-11-05 19:00:00,17,11,5,19,0,973,305,PK 36 RN 1,,,Nuit sans éclairage public,Hors agglomération,Hors intersection,Normale,Deux véhicules - frontale,,,,,,,,,,,3,1,1,1.0,1.0
201700058867,0017-11-16 06:00:00,17,11,16,6,0,973,305,Pk 16 RN 1,,,Crépuscule ou aube,Hors agglomération,Hors intersection,Normale,Trois véhicules et plus - en chaîne,,,,,,,,,,,2,1,1,1.0,4.0
201700058868,0017-11-18 07:45:00,17,11,18,7,45,973,305,RUE LEOPOLD HEDER,,,Plein jour,En agglomération,Hors intersection,Normale,Deux véhicules - côté,,,,,,,,,,,1,2,1,1.0,3.0
201700058869,0017-11-18 16:45:00,17,11,18,16,45,973,313,pk 27 cd 5,,,Plein jour,Hors agglomération,Hors intersection,Normale,Deux véhicules - frontale,,,,,,,,,,,1,1,1,1.0,1.0
201700058870,0017-11-25 23:50:00,17,11,25,23,50,973,305,PK35 - RN1,,,Nuit sans éclairage public,Hors agglomération,Hors intersection,Normale,Deux véhicules - frontale,,,,,,,,,,,3,1,1,1.0,1.0
201700058871,0017-11-29 05:55:00,17,11,29,5,55,973,305,pk 10+500,,,Plein jour,Hors agglomération,Hors intersection,Normale,Deux véhicules - côté,,,,,,,,,,,1,1,1,1.0,3.0
201700058872,0017-01-30 20:51:00,17,1,30,20,51,973,304,avenue Hector Berlioz,,,Nuit avec éclairage allumé,En agglomération,Intersection en X,Normale,Deux véhicules - côté,,,,,,,,,,,5,2,2,1.0,3.0
201700058873,0017-03-19 03:20:00,17,3,19,3,20,973,304,Rond point de l'anse,,,Nuit avec éclairage allumé,En agglomération,Giratoire,Normale,Deux véhicules - frontale,,,,,,,,,,,5,2,6,1.0,1.0
201700058874,0017-03-24 10:40:00,17,3,24,10,40,973,304,AVENUE DU GENERAL DE GAU,,,Plein jour,En agglomération,Hors intersection,Normale,Autre collision,,,,,,,,,,,1,2,1,1.0,6.0
201700058875,0017-03-24 17:40:00,17,3,24,17,40,973,304,AVENUE KENNEDY,,,Plein jour,En agglomération,Intersection en X,Normale,Deux véhicules - côté,,,,,,,,,,,1,2,2,1.0,3.0
201700058876,0017-04-14 19:40:00,17,4,14,19,40,973,304,avenue des Roches et ave,,,Nuit sans éclairage public,En agglomération,Hors intersection,Normale,Deux véhicules - côté,,,,,,,,,,,3,2,1,1.0,3.0
201700058877,0017-04-14 13:15:00,17,4,14,13,15,973,304,Carrefour rue des acacia,,,Plein jour,En agglomération,Hors intersection,Normale,Deux véhicules - côté,,,,,,,,,,,1,2,1,1.0,3.0