accident_id,datetime,annee,mois,jour,heure,minute,departement,commune_insee,adresse,latitude,longitude,luminosite,agglomeration,intersection,meteo,collision,nb_vehicules,nb_usagers,nb_indemnes,nb_tues,nb_blesses_hosp,nb_blesses_legers,age_cond_1,age_cond_2,veh_type_cond_1,veh_type_cond_2,lum_code,agg_code,int_code,atm_code,col_code
201700059001,0017-02-05 17:30:00,17,2,5,17,30,974,422,RN3 - La Pl. des cafres,21.17783,55.57997,Plein jour,Hors agglomération,Hors intersection,Pluie légère,Sans collision,,,,,,,,,,,1,1,1,2.0,7.0
201700059002,0017-02-25 05:30:00,17,2,25,5,30,974,422,Route Nationale 3,21.22194,55.55864,Plein jour,Hors agglomération,Hors intersection,Normale,Sans collision,,,,,,,,,,,1,1,1,1.0,7.0
201700059003,0017-03-16 05:15:00,17,3,16,5,15,974,422,Route Nationale 3,21.2114,55.56673,Nuit sans éclairage public,Hors agglomération,Hors intersection,Pluie forte,Sans collision,,,,,,,,,,,3,1,1,3.0,7.0
201700059004,0017-04-16 13:00:00,17,4,16,13,0,974,422,Rte Forestière du Volcan,21.20699,55.61692,Plein jour,Hors agglomération,Hors intersection,Normale,Deux véhicules - frontale,,,,,,,,,,,1,1,1,1.0,1.0
201700059005,0017-08-10 17:30:00,17,8,10,17,30,974,422,chemin des Acacias,21.22886,55.52612,Plein jour,Hors agglomération,Hors intersection,Pluie légère,Sans collision,,,,,,,,,,,1,1,1,2.0,7.0
201700059006,0017-10-05 12:00:00,17,10,5,12,0,974,422,19 rue des rubis,21.21815,55.54885,Plein jour,En agglomération,Intersection en T,Normale,Deux véhicules - côté,,,,,,,,,,,1,2,3,1.0,3.0
201700059007,0017-10-07 22:15:00,17,10,7,22,15,974,422,Chemin du volcan,21.20645,55.59559,Nuit sans éclairage public,Hors agglomération,Intersection en X,Normale,Deux véhicules - côté,,,,,,,,,,,3,1,2,1.0,3.0
201700059008,0017-10-14 15:20:00,17,10,14,15,20,974,422,Impasse des Pommiers,21.2177,55.55041,Plein jour,En agglomération,Giratoire,Normale,Autre collision,,,,,,,,,,,1,2,6,1.0,6.0
201700059009,0017-03-18 11:15:00,17,3,18,11,15,974,417,Le Grand Brulé,,,Plein jour,Hors agglomération,Hors intersection,Pluie légère,Deux véhicules - frontale,,,,,,,,,,,1,1,1,2.0,1.0
201700059010,0017-03-19 11:30:00,17,3,19,11,30,974,417,Lieu-dit Takamaka,21.32154,55.80001,Plein jour,Hors agglomération,Hors intersection,Normale,Trois véhicules et plus - collisions multiples,,,,,,,,,,,1,1,1,1.0,5.0
201700059011,0017-09-13 09:05:00,17,9,13,9,5,974,417,Rue de La Trinité,21.35511,55.77843,Plein jour,Hors agglomération,Hors intersection,Normale,Autre collision,,,,,,,,,,,1,1,1,1.0,6.0
201700059012,0017-10-29 11:45:00,17,10,29,11,45,974,417,42 RN2 Takamaka,21.33652,55.80149,Plein jour,Hors agglomération,Hors intersection,Normale,Deux véhicules - côté,,,,,,,,,,,1,1,1,1.0,3.0
201700059013,0017-01-09 12:00:00,17,1,9,12,0,976,607,route nationale 2 - Iron,,,Plein jour,Hors agglomération,Hors intersection,Normale,Trois véhicules et plus - collisions multiples,,,,,,,,,,,1,1,1,1.0,5.0
201700059014,0017-01-31 19:00:00,17,1,31,19,0,976,607,RN2 Tsararano,,,Nuit sans éclairage public,En agglomération,Hors intersection,Normale,Autre collision,,,,,,,,,,,3,2,1,1.0,6.0
201700059015,0017-02-16 06:20:00,17,2,16,6,20,976,610,RN1 - Arret de bus de MA,,,Plein jour,En agglomération,Hors intersection,Normale,Autre collision,,,,,,,,,,,1,2,1,1.0,6.0
201700059016,0017-02-24 19:00:00,17,2,24,19,0,976,607,RN 3 - A HAUTEUR DE LA C,,,Nuit sans éclairage public,Hors agglomération,Autre intersection,Normale,Deux véhicules - côté,,,,,,,,,,,3,1,9,1.0,3.0
201700059017,0017-04-02 19:00:00,17,4,2,19,0,976,607,Entre ONGOUJOU et COCONI,,,Nuit sans éclairage public,Hors agglomération,Hors intersection,Pluie légère,Deux véhicules - frontale,,,,,,,,,,,3,1,1,2.0,1.0
201700059018,0017-04-17 16:15:00,17,4,17,16,15,976,610,RN1 LONGONI,,,Plein jour,En agglomération,Hors intersection,Normale,Autre collision,,,,,,,,,,,1,2,1,1.0,6.0
201700059019,0017-06-19 17:15:00,17,6,19,17,15,976,610,Quartier Kirissoni,,,Plein jour,En agglomération,Autre intersection,Normale,Autre collision,,,,,,,,,,,1,2,9,1.0,6.0
201700059020,0017-07-02 18:50:00,17,7,2,18,50,976,607,RN3 quartier du stade,,,Nuit sans éclairage public,En agglomération,Hors intersection,Normale,Deux véhicules - frontale,,,,,,,,,,,3,2,1,1.0,1.0
201700059021,0017-07-29 20:15:00,17,7,29,20,15,976,610,rn1,12.73681,45.21551,Nuit sans éclairage public,En agglomération,Hors intersection,Pluie forte,Sans collision,,,,,,,,,,,3,2,1,3.0,7.0
201700059022,0017-08-02 10:20:00,17,8,2,10,20,976,610,RN 1 entre Longoni et Bo,,,Plein jour,Hors agglomération,Autre intersection,Normale,Autre collision,,,,,,,,,,,1,1,9,1.0,6.0
201700059023,0017-10-30 01:00:00,17,10,30,1,0,976,610,RN1 LONGONI,,,Nuit sans éclairage public,Hors agglomération,Hors intersection,Normale,Autre collision,,,,,,,,,,,3,1,1,1.0,6.0
201700059024,0017-11-22 06:30:00,17,11,22,6,30,976,610,route nationale 1 quarti,,,Plein jour,Hors agglomération,Hors intersection,Normale,Sans collision,,,,,,,,,,,1,1,1,1.0,7.0
201700059025,0017-11-29 17:45:00,17,11,29,17,45,976,607,RN 3 DEMBENI,,,Plein jour,En agglomération,Hors intersection,Normale,Autre collision,,,,,,,,,,,1,2,1,1.0,6.0
201700059026,0017-12-08 02:15:00,17,12,8,2,15,976,610,RN1 koungou,,,Nuit sans éclairage public,Hors agglomération,Hors intersection,Normale,Sans collision,,,,,,,,,,,3,1,1,1.0,7.0
201700059027,0017-02-15 06:55:00,17,2,15,6,55,976,608,boulevard des crabes,12.78586,45.26123,Plein jour,Hors agglomération,Hors intersection,Normale,Deux véhicules - arrière,,,,,,,,,,,1,1,1,1.0,2.0
201700059028,0017-02-24 18:30:00,17,2,24,18,30,976,608,boulevard des crabes,,,Nuit avec éclairage allumé,En agglomération,Autre intersection,Normale,Deux véhicules - arrière,,,,,,,,,,,5,2,9,1.0,2.0
201700059029,0017-06-23 07:15:00,17,6,23,7,15,976,608,boulevard des crabes,,,Plein jour,Hors agglomération,Hors intersection,Normale,Sans collision,,,,,,,,,,,1,1,1,1.0,7.0
201700059030,0017-12-08 07:10:00,17,12,8,7,10,976,615,05 boulevard des amoureu,,,Plein jour,En agglomération,Intersection en T,Normale,Deux véhicules - côté,,,,,,,,,,,1,2,3,1.0,3.0
201700059031,0017-01-01 16:00:00,17,1,1,16,0,976,616,,,,Plein jour,Hors agglomération,Hors intersection,Normale,Deux véhicules - arrière,,,,,,,,,,,1,1,1,1.0,2.0
201700059032,0017-01-07 13:45:00,17,1,7,13,45,976,614,KAHANI,,,Plein jour,En agglomération,Hors intersection,Normale,Sans collision,,,,,,,,,,,1,2,1,1.0,7.0
201700059033,0017-01-11 06:00:00,17,1,11,6,0,976,605,ccd2,,,Crépuscule ou aube,Hors agglomération,Hors intersection,Pluie légère,Autre collision,,,,,,,,,,,2,1,1,2.0,6.0
201700059034,0017-01-30 09:15:00,17,1,30,9,15,976,614,Route nationale 2 - Hapa,,,Plein jour,En agglomération,Hors intersection,Normale,Autre collision,,,,,,,,,,,1,2,1,1.0,6.0
201700059035,0017-02-05 13:15:00,17,2,5,13,15,976,605,Carrefour CD 16 / Rue Bi,12.78001,45.11871,Plein jour,En agglomération,Hors intersection,Normale,Autre collision,,,,,,,,,,,1,2,1,1.0,6.0
201700059036,0017-02-07 19:45:00,17,2,7,19,45,976,617,COMBANI,,,Nuit sans éclairage public,En agglomération,Hors intersection,Normale,Deux véhicules - frontale,,,,,,,,,,,3,2,1,1.0,1.0
201700059037,0017-02-09 12:15:00,17,2,9,12,15,976,617,ROUTE DÉPARTEMENTALE 2,,,Plein jour,Hors agglomération,Hors intersection,Pluie légère,Autre collision,,,,,,,,,,,1,1,1,2.0,6.0
201700059038,0017-02-14 20:45:00,17,2,14,20,45,976,605,quartier coconi entete,,,Nuit sans éclairage public,En agglomération,Hors intersection,Normale,Deux véhicules - frontale,,,,,,,,,,,3,2,1,1.0,1.0
201700059039,0017-03-03 10:05:00,17,3,3,10,5,976,614,CCD1 ROUTE DE COMBANI -,,,Plein jour,Hors agglomération,Hors intersection,Pluie légère,Sans collision,,,,,,,,,,,1,1,1,2.0,7.0
201700059040,0017-03-16 19:45:00,17,3,16,19,45,976,617,CCD1,,,Nuit sans éclairage public,Hors agglomération,Hors intersection,Normale,Autre collision,,,,,,,,,,,3,1,1,1.0,6.0
201700059041,0017-04-01 09:00:00,17,4,1,9,0,976,616,rue du dispensaire de Sa,,,Plein jour,En agglomération,Hors intersection,Normale,Sans collision,,,,,,,,,,,1,2,1,1.0,7.0
201700059042,0017-04-01 13:00:00,17,4,1,13,0,976,614,route combani CCD1 Kahan,,,Plein jour,Hors agglomération,Hors intersection,Pluie légère,Sans collision,,,,,,,,,,,1,1,1,2.0,7.0
201700059043,0017-04-03 07:00:00,17,4,3,7,0,976,605,Route Nationale 2,,,Plein jour,Hors agglomération,Hors intersection,Normale,Sans collision,,,,,,,,,,,1,1,1,1.0,7.0
201700059044,0017-04-08 23:15:00,17,4,8,23,15,976,617,Carrefour rue du commerc,,,Nuit avec éclairage allumé,En agglomération,Hors intersection,Normale,Sans collision,,,,,,,,,,,5,2,1,1.0,7.0
201700059045,0017-04-22 07:50:00,17,4,22,7,50,976,605,Les 5 frères Route natio,,,Plein jour,Hors agglomération,Hors intersection,Normale,Sans collision,,,,,,,,,,,1,1,1,1.0,7.0
201700059046,0017-05-02 06:50:00,17,5,2,6,50,976,617,CCD1 - Combani - Rue du,,,Plein jour,En agglomération,Hors intersection,Normale,Autre collision,,,,,,,,,,,1,2,1,1.0,6.0
201700059047,0017-05-07 18:00:00,17,5,7,18,0,976,616,Route départementale 5 -,,,Nuit avec éclairage allumé,En agglomération,Hors intersection,Normale,Deux véhicules - frontale,,,,,,,,,,,5,2,1,1.0,1.0
201700059048,0017-05-07 16:55:00,17,5,7,16,55,976,614,Route du collège de Chic,,,Plein jour,Hors agglomération,Hors intersection,Normale,Autre collision,,,,,,,,,,,1,1,1,1.0,6.0
201700059049,0017-05-14 12:30:00,17,5,14,12,30,976,614,CCD 16,,,Plein jour,Hors agglomération,Hors intersection,Temps éblouissant,Autre collision,,,,,,,,,,,1,1,1,7.0,6.0
201700059050,0017-06-10 19:00:00,17,6,10,19,0,976,617,Rue Badjoni Combani,,,Nuit sans éclairage public,Hors agglomération,Autre intersection,Normale,Autre collision,,,,,,,,,,,3,1,9,1.0,6.0
201700059051,0017-06-16 08:55:00,17,6,16,8,55,976,614,route de ouangani,,,Plein jour,Hors agglomération,Hors intersection,Normale,Autre collision,,,,,,,,,,,1,1,1,1.0,6.0
201700059052,0017-06-19 11:50:00,17,6,19,11,50,976,617,Route collège de TSINGON,,,Plein jour,En agglomération,Hors intersection,Normale,Sans collision,,,,,,,,,,,1,2,1,1.0,7.0
201700059053,0017-06-29 10:35:00,17,6,29,10,35,976,605,CCD16,,,Plein jour,En agglomération,Hors intersection,Normale,Autre collision,,,,,,,,,,,1,2,1,1.0,6.0
201700059054,0017-08-01 15:00:00,17,8,1,15,0,976,614,Carrefour de COCONI,12.83401,45.13881,Plein jour,Hors agglomération,Hors intersection,Normale,Deux véhicules - côté,,,,,,,,,,,1,1,1,1.0,3.0
201700059055,0017-09-30 17:35:00,17,9,30,17,35,976,616,Route Nationale 2,,,Crépuscule ou aube,Hors agglomération,Hors intersection,Normale,Deux véhicules - côté,,,,,,,,,,,2,1,1,1.0,3.0
201700059056,0017-10-04 05:40:00,17,10,4,5,40,976,617,CCD1 - sortie de Comaban,,,Crépuscule ou aube,Hors agglomération,Hors intersection,Normale,Deux véhicules - frontale,,,,,,,,,,,2,1,1,1.0,1.0
201700059057,0017-11-12 10:15:00,17,11,12,10,15,976,605,Route nationale 2,,,Plein jour,Hors agglomération,Autre intersection,Normale,Autre collision,,,,,,,,,,,1,1,9,1.0,6.0
201700059058,0017-12-31 12:10:00,17,12,31,12,10,971,103,Rue Georges Sheikboudou,,,Plein jour,En agglomération,Intersection en X,Normale,Deux véhicules - côté,,,,,,,,,,,1,2,2,1.0,3.0
201700059059,0017-01-12 15:20:00,17,1,12,15,20,971,103,RN 1,,,Plein jour,Hors agglomération,Hors intersection,Normale,Deux véhicules - arrière,,,,,,,,,,,1,1,1,1.0,2.0
201700059060,0017-01-25 06:30:00,17,1,25,6,30,971,103,route nationale,,,Crépuscule ou aube,Hors agglomération,Giratoire,Normale,Autre collision,,,,,,,,,,,2,1,6,1.0,6.0
201700059061,0017-02-13 10:10:00,17,2,13,10,10,971,103,rue Jean Gothland,,,Plein jour,En agglomération,Hors intersection,Normale,Deux véhicules - frontale,,,,,,,,,,,1,2,1,1.0,1.0
201700059062,0017-02-22 20:00:00,17,2,22,20,0,971,103,la friche,,,Nuit avec éclairage allumé,En agglomération,Autre intersection,Normale,Deux véhicules - côté,,,,,,,,,,,5,2,9,1.0,3.0
201700059063,0017-03-08 19:20:00,17,3,8,19,20,971,103,Boulevard du Lamentin,,,Nuit avec éclairage allumé,En agglomération,Hors intersection,Normale,Autre collision,,,,,,,,,,,5,2,1,1.0,6.0
201700059064,0017-02-06 07:50:00,17,2,6,7,50,971,103,route de Calvaire - Calv,,,Plein jour,En agglomération,Intersection en T,Normale,Deux véhicules - côté,,,,,,,,,,,1,2,3,1.0,3.0
201700059065,0017-04-28 18:30:00,17,4,28,18,30,971,103,jabrun,,,Crépuscule ou aube,En agglomération,Intersection en T,Normale,Trois véhicules et plus - collisions multiples,,,,,,,,,,,2,2,3,1.0,5.0
201700059066,0017-07-11 14:45:00,17,7,11,14,45,971,103,n10,,,Plein jour,En agglomération,Intersection en T,Normale,Deux véhicules - côté,,,,,,,,,,,1,2,3,1.0,3.0
201700059067,0017-07-29 19:40:00,17,7,29,19,40,971,103,RN 2,,,Nuit avec éclairage allumé,Hors agglomération,Hors intersection,Normale,Deux véhicules - côté,,,,,,,,,,,5,1,1,1.0,3.0
201700059068,0017-07-31 07:02:00,17,7,31,7,2,971,103,RN2,,,Plein jour,Hors agglomération,Hors intersection,Normale,Deux véhicules - côté,,,,,,,,,,,1,1,1,1.0,3.0
201700059069,0017-08-07 13:50:00,17,8,7,13,50,971,103,BEAUSOLEIL - RN2,,,Plein jour,Hors agglomération,Hors intersection,Normale,Deux véhicules - côté,,,,,,,,,,,1,1,1,1.0,3.0
201700059070,0017-09-02 20:45:00,17,9,2,20,45,971,103,Rue Fortuné ELISE - Sect,,,Nuit avec éclairage allumé,Hors agglomération,Hors intersection,Normale,Trois véhicules et plus - collisions multiples,,,,,,,,,,,5,1,1,1.0,5.0
201700059071,0017-09-13 13:10:00,17,9,13,13,10,971,103,Rue de l'industrie -  Ru,,,Plein jour,En agglomération,Intersection en T,Normale,Deux véhicules - côté,,,,,,,,,,,1,2,3,1.0,3.0
201700059072,0017-08-10 08:30:00,17,8,10,8,30,971,103,Rue Henry Becquerel,,,Plein jour,Hors agglomération,Hors intersection,Normale,Deux véhicules - côté,,,,,,,,,,,1,1,1,1.0,3.0
201700059073,0017-10-30 18:20:00,17,10,30,18,20,971,103,rue de l'industrie - ZI,,,Crépuscule ou aube,En agglomération,Intersection en T,Normale,Autre collision,,,,,,,,,,,2,2,3,1.0,6.0
201700059074,0017-11-17 20:00:00,17,11,17,20,0,971,103,rue becquerel,,,Nuit avec éclairage allumé,En agglomération,Hors intersection,Normale,Autre collision,,,,,,,,,,,5,2,1,1.0,6.0
201700059075,0017-11-21 16:00:00,17,11,21,16,0,971,103,Boulevard Nelson MANDELA,,,Plein jour,En agglomération,Hors intersection,Normale,Deux véhicules - côté,,,,,,,,,,,1,2,1,1.0,3.0
201700059076,0017-11-22 16:20:00,17,11,22,16,20,971,103,RN1,,,Plein jour,Hors agglomération,Hors intersection,Normale,Deux véhicules - arrière,,,,,,,,,,,1,1,1,1.0,2.0
201700059077,0017-11-22 12:15:00,17,11,22,12,15,971,103,boulevard destrellan,,,Plein jour,En agglomération,Intersection en X,Normale,Deux véhicules - côté,,,,,,,,,,,1,2,2,1.0,3.0
201700059078,0017-12-03 06:10:00,17,12,3,6,10,971,103,RN1 sens de circulation,,,Plein jour,Hors agglomération,Hors intersection,Normale,Autre collision,,,,,,,,,,,1,1,1,1.0,6.0
201700059079,0017-12-06 21:10:00,17,12,6,21,10,971,103,Route de DALCIA,,,Nuit avec éclairage allumé,En agglomération,Hors intersection,Normale,Deux véhicules - frontale,,,,,,,,,,,5,2,1,1.0,1.0
201700059080,0017-11-25 22:20:00,17,11,25,22,20,973,360,carrefour avenue du Géné,,,Nuit avec éclairage allumé,En agglomération,Hors intersection,Normale,Deux véhicules - frontale,,,,,,,,,,,5,2,1,1.0,1.0
201700059081,0017-03-15 12:00:00,17,3,15,12,0,976,602,Avenue Mgouedajou à Dzou,,,Plein jour,En agglomération,Autre intersection,Normale,Autre collision,,,,,,,,,,,1,2,9,1.0,6.0
201700059082,0017-03-16 15:00:00,17,3,16,15,0,976,613,RN1,,,Plein jour,Hors agglomération,Hors intersection,Normale,Deux véhicules - arrière,,,,,,,,,,,1,1,1,1.0,2.0
201700059083,0017-04-13 18:30:00,17,4,13,18,30,976,612,QUARTIER MADIANA  EN FAC,12.70001,45.06401,Nuit sans éclairage public,En agglomération,Hors intersection,Normale,Autre collision,,,,,,,,,,,3,2,1,1.0,6.0
201700059084,0017-05-08 13:00:00,17,5,8,13,0,976,602,RN1 à Gagani -Bouyouni,,,Plein jour,Hors agglomération,Hors intersection,Normale,Deux véhicules - frontale,,,,,,,,,,,1,1,1,1.0,1.0
201700059085,0017-06-25 09:00:00,17,6,25,9,0,976,602,Avenue François MITERRAN,,,Plein jour,En agglomération,Hors intersection,Normale,Autre collision,,,,,,,,,,,1,2,1,1.0,6.0
201700059086,0017-09-07 17:40:00,17,9,7,17,40,976,601,intersection de la rue d,,,Nuit avec éclairage allumé,En agglomération,Hors intersection,Normale,Autre collision,,,,,,,,,,,5,2,1,1.0,6.0
201700059087,0017-09-12 08:00:00,17,9,12,8,0,976,602,intersection CD1-CD2,,,Plein jour,En agglomération,Intersection en T,Normale,Deux véhicules - frontale,,,,,,,,,,,1,2,3,1.0,1.0
201700059088,0017-09-21 05:30:00,17,9,21,5,30,976,602,QUARTIER MGUEDAJOU À DZO,,,Crépuscule ou aube,En agglomération,Hors intersection,Normale,Deux véhicules - côté,,,,,,,,,,,2,2,1,1.0,3.0
201700059089,0017-11-28 11:45:00,17,11,28,11,45,976,613,rue Fangalatorou,,,Plein jour,En agglomération,Hors intersection,Normale,Autre collision,,,,,,,,,,,1,2,1,1.0,6.0
201700059090,0017-12-17 11:15:00,17,12,17,11,15,976,601,"LIEU DIT ""BON SOLEIL "" À",12.73251,45.05711,Plein jour,Hors agglomération,Hors intersection,Normale,Deux véhicules - frontale,,,,,,,,,,,1,1,1,1.0,1.0
201700059091,0017-12-22 07:15:00,17,12,22,7,15,976,612,PK 31970 RD 1,12.69502,45.08105,Plein jour,En agglomération,Hors intersection,Normale,Deux véhicules - frontale,,,,,,,,,,,1,2,1,1.0,1.0
201700059092,0017-01-03 16:15:00,17,1,3,16,15,976,603,RN 3 NYAMBADAO,,,Plein jour,Hors agglomération,Hors intersection,Normale,Deux véhicules - arrière,,,,,,,,,,,1,1,1,1.0,2.0
201700059093,0017-01-18 16:00:00,17,1,18,16,0,976,604,CCD6 PLAGE LA BAIE DES T,,,Plein jour,Hors agglomération,Hors intersection,Pluie forte,Sans collision,,,,,,,,,,,1,1,1,3.0,7.0
201700059094,0017-01-29 00:01:00,17,1,29,0,1,976,606,VILLAGE DE MIRERENI CCD5,,,Nuit sans éclairage public,En agglomération,Hors intersection,Normale,Autre collision,,,,,,,,,,,3,2,1,1.0,6.0
201700059095,0017-03-01 19:35:00,17,3,1,19,35,976,606,CCD 4 Tsimkoura,,,Nuit sans éclairage public,Hors agglomération,Hors intersection,Normale,Deux véhicules - arrière,,,,,,,,,,,3,1,1,1.0,2.0
201700059096,0017-03-03 14:50:00,17,3,3,14,50,976,603,RN3 HAMOURO,,,Plein jour,Hors agglomération,Hors intersection,Normale,Autre collision,,,,,,,,,,,1,1,1,1.0,6.0
201700059097,0017-03-13 08:00:00,17,3,13,8,0,976,603,CCD4,,,Plein jour,Hors agglomération,Hors intersection,Normale,Sans collision,,,,,,,,,,,1,1,1,1.0,7.0
201700059098,0017-03-14 15:30:00,17,3,14,15,30,976,604,CCD 4,,,Plein jour,Hors agglomération,Hors intersection,Normale,Sans collision,,,,,,,,,,,1,1,1,1.0,7.0
201700059099,0017-03-19 10:35:00,17,3,19,10,35,976,603,Ngyambadao,,,Plein jour,En agglomération,Hors intersection,Normale,Sans collision,,,,,,,,,,,1,2,1,1.0,7.0
201700059100,0017-03-23 22:26:00,17,3,23,22,26,976,603,RN3 - BAMBO EST,,,Nuit sans éclairage public,Hors agglomération,Hors intersection,Normale,Trois véhicules et plus - collisions multiples,,,,,,,,,,,3,1,1,1.0,5.0
201700059101,0017-03-25 03:45:00,17,3,25,3,45,976,606,RN3 PK 20+200,,,Nuit sans éclairage public,En agglomération,Hors intersection,Normale,Autre collision,,,,,,,,,,,3,2,1,1.0,6.0
201700059102,0017-04-06 17:30:00,17,4,6,17,30,976,603,RN3 PK29 face entrée hôt,,,Plein jour,Hors agglomération,Hors intersection,Normale,Sans collision,,,,,,,,,,,1,1,1,1.0,7.0
201700059103,0017-04-09 14:15:00,17,4,9,14,15,976,603,CCD 4 MTSAMOUDOU PK 35,,,Plein jour,Hors agglomération,Hors intersection,Normale,Sans collision,,,,,,,,,,,1,1,1,1.0,7.0
201700059104,0017-04-23 17:45:00,17,4,23,17,45,976,609,CDD11 - Montée de CHOUNG,,,Crépuscule ou aube,Hors agglomération,Hors intersection,Normale,Deux véhicules - frontale,,,,,,,,,,,2,1,1,1.0,1.0
201700059105,0017-05-02 09:15:00,17,5,2,9,15,976,606,Tsimkoura,,,Nuit avec éclairage allumé,En agglomération,Hors intersection,Normale,Autre collision,,,,,,,,,,,5,2,1,1.0,6.0
201700059106,0017-05-11 16:15:00,17,5,11,16,15,976,604,hagnoundrou,,,Plein jour,En agglomération,Hors intersection,Normale,Sans collision,,,,,,,,,,,1,2,1,1.0,7.0
201700059107,0017-05-14 11:30:00,17,5,14,11,30,976,609,CCD4,,,Plein jour,Hors agglomération,Hors intersection,Normale,Autre collision,,,,,,,,,,,1,1,1,1.0,6.0
201700059108,0017-05-14 19:00:00,17,5,14,19,0,976,606,CCD4,,,Nuit sans éclairage public,Hors agglomération,Hors intersection,Normale,Deux véhicules - arrière,,,,,,,,,,,3,1,1,1.0,2.0
201700059109,0017-05-18 20:00:00,17,5,18,20,0,976,603,BAMBO EST,,,Nuit sans éclairage public,Hors agglomération,Hors intersection,Normale,Autre collision,,,,,,,,,,,3,1,1,1.0,6.0
201700059110,0017-05-24 14:38:00,17,5,24,14,38,976,606,CCD 05 à MIRERENI,,,Plein jour,En agglomération,Hors intersection,Normale,Deux véhicules - côté,,,,,,,,,,,1,2,1,1.0,3.0
201700059111,0017-06-24 02:45:00,17,6,24,2,45,976,606,Tsimkoura,,,Nuit avec éclairage allumé,En agglomération,Hors intersection,Normale,Sans collision,,,,,,,,,,,5,2,1,1.0,7.0
201700059112,0017-06-30 21:30:00,17,6,30,21,30,976,606,Route nationale 3,,,Nuit avec éclairage allumé,En agglomération,Hors intersection,Normale,Deux véhicules - frontale,,,,,,,,,,,5,2,1,1.0,1.0
201700059113,0017-07-01 19:45:00,17,7,1,19,45,976,606,route nationale 3,,,Nuit sans éclairage public,Hors agglomération,Hors intersection,Normale,Autre collision,,,,,,,,,,,3,1,1,1.0,6.0
201700059114,0017-09-25 14:45:00,17,9,25,14,45,976,603,RN 3 - Musical Plage,,,Plein jour,Hors agglomération,Hors intersection,Pluie forte,Deux véhicules - frontale,,,,,,,,,,,1,1,1,3.0,1.0
201700059115,0017-10-01 09:30:00,17,10,1,9,30,976,606,CCD 4 route de Karoni à,,,Plein jour,Hors agglomération,Hors intersection,Normale,Trois véhicules et plus - collisions multiples,,,,,,,,,,,1,1,1,1.0,5.0
201700059116,0017-10-10 09:40:00,17,10,10,9,40,976,603,RN 3 - Entre villages de,,,Plein jour,Hors agglomération,Hors intersection,Normale,Autre collision,,,,,,,,,,,1,1,1,1.0,6.0
201700059117,0017-11-25 09:50:00,17,11,25,9,50,976,606,CCD5 MRAMADOUDOU,12.92839,45.15271,Plein jour,En agglomération,Hors intersection,Pluie légère,Deux véhicules - côté,,,,,,,,,,,1,2,1,2.0,3.0
201700059118,0017-12-29 12:20:00,17,12,29,12,20,976,603,N3 Nyambadao,,,Plein jour,En agglomération,Hors intersection,Normale,Autre collision,,,,,,,,,,,1,2,1,1.0,6.0
201700059119,0017-12-29 16:45:00,17,12,29,16,45,976,606,CCD 5 - Malamani,,,Plein jour,En agglomération,Hors intersection,Normale,Autre collision,,,,,,,,,,,1,2,1,1.0,6.0
201700059120,0017-02-09 07:35:00,17,2,9,7,35,973,309,Le Grand boulevard  coll,,,Plein jour,En agglomération,Hors intersection,Pluie forte,Deux véhicules - arrière,,,,,,,,,,,1,2,1,3.0,2.0
201700059121,0017-02-12 06:15:00,17,2,12,6,15,973,309,route de suzini,,,Plein jour,En agglomération,Hors intersection,Normale,Deux véhicules - frontale,,,,,,,,,,,1,2,1,1.0,1.0
201700059122,0017-02-21 08:15:00,17,2,21,8,15,973,309,"Nationale 3, route de dé",,,Plein jour,Hors agglomération,Hors intersection,Normale,Deux véhicules - côté,,,,,,,,,,,1,1,1,1.0,3.0
201700059123,0017-03-10 23:20:00,17,3,10,23,20,973,309,Route de RÉMIRE B260,,,Nuit avec éclairage non allumé,En agglomération,Autre intersection,Normale,Deux véhicules - côté,,,,,,,,,,,4,2,9,1.0,3.0
201700059124,0017-03-12 20:05:00,17,3,12,20,5,973,309,"Nationale 3, route de dé",,,Nuit sans éclairage public,En agglomération,Hors intersection,Normale,Autre collision,,,,,,,,,,,3,2,1,1.0,6.0
201700059125,0017-03-10 17:45:00,17,3,10,17,45,973,309,Carrefour ROUTE DE REMIR,,,Plein jour,En agglomération,Hors intersection,Normale,Deux véhicules - côté,,,,,,,,,,,1,2,1,1.0,3.0
201700059126,0017-03-15 07:35:00,17,3,15,7,35,973,309,intersection avenue Edma,,,Plein jour,En agglomération,Intersection en T,Normale,Deux véhicules - côté,,,,,,,,,,,1,2,3,1.0,3.0
201700059127,0017-03-14 08:15:00,17,3,14,8,15,973,309,route de degrad des cann,,,Plein jour,En agglomération,Hors intersection,Normale,Deux véhicules - côté,,,,,,,,,,,1,2,1,1.0,3.0
201700059128,0017-03-26 04:30:00,17,3,26,4,30,973,309,794 route de REMIRE,,,Nuit avec éclairage allumé,En agglomération,Hors intersection,Normale,Autre collision,,,,,,,,,,,5,2,1,1.0,6.0