accident_id,datetime,annee,mois,jour,heure,minute,departement,commune_insee,adresse,latitude,longitude,luminosite,agglomeration,intersection,meteo,collision,nb_vehicules,nb_usagers,nb_indemnes,nb_tues,nb_blesses_hosp,nb_blesses_legers,age_cond_1,age_cond_2,veh_type_cond_1,veh_type_cond_2,lum_code,agg_code,int_code,atm_code,col_code
201700059129,0017-04-08 09:40:00,17,4,8,9,40,973,309,Route du mahury,,,Plein jour,En agglomération,Hors intersection,Pluie légère,Sans collision,,,,,,,,,,,1,2,1,2.0,7.0
201700059130,0017-04-12 16:50:00,17,4,12,16,50,973,309,route de Remire,,,Plein jour,En agglomération,Hors intersection,Normale,Trois véhicules et plus - collisions multiples,,,,,,,,,,,1,2,1,1.0,5.0
201700059131,0017-04-13 16:00:00,17,4,13,16,0,973,309,1333 route de Rémire,,,Plein jour,En agglomération,Hors intersection,Normale,Deux véhicules - côté,,,,,,,,,,,1,2,1,1.0,3.0
201700059132,0017-04-15 19:05:00,17,4,15,19,5,973,309,Cd 1 45 route du mahury,,,Nuit avec éclairage allumé,Hors agglomération,Hors intersection,Normale,Deux véhicules - côté,,,,,,,,,,,5,1,1,1.0,3.0
201700059133,0017-04-22 17:15:00,17,4,22,17,15,973,309,avenue Sainte Rita,,,Plein jour,En agglomération,Hors intersection,Normale,Autre collision,,,,,,,,,,,1,2,1,1.0,6.0
201700059134,0017-05-10 08:40:00,17,5,10,8,40,973,309,route de Rémire,,,Plein jour,En agglomération,Hors intersection,Normale,Trois véhicules et plus - collisions multiples,,,,,,,,,,,1,2,1,1.0,5.0
201700059135,0017-05-10 08:25:00,17,5,10,8,25,973,309,route de montjoly,,,Plein jour,En agglomération,Hors intersection,Normale,Deux véhicules - côté,,,,,,,,,,,1,2,1,1.0,3.0
201700059136,0017-06-07 17:25:00,17,6,7,17,25,973,309,route de Montjoly,,,Plein jour,En agglomération,Hors intersection,Normale,Trois véhicules et plus - collisions multiples,,,,,,,,,,,1,2,1,1.0,5.0
201700059137,0017-06-20 08:10:00,17,6,20,8,10,973,309,Route Nationale 3,,,Plein jour,Hors agglomération,Hors intersection,Normale,Deux véhicules - côté,,,,,,,,,,,1,1,1,1.0,3.0
201700059138,0017-06-23 21:30:00,17,6,23,21,30,973,309,Route Nationale 3,,,Nuit sans éclairage public,Hors agglomération,Hors intersection,Normale,Deux véhicules - frontale,,,,,,,,,,,3,1,1,1.0,1.0
201700059139,0017-07-01 16:30:00,17,7,1,16,30,973,309,"route des Plages, inters",,,Plein jour,En agglomération,Hors intersection,Normale,Deux véhicules - arrière,,,,,,,,,,,1,2,1,1.0,2.0
201700059140,0017-07-06 16:40:00,17,7,6,16,40,973,309,"Nationale 3, route de Dé",,,Plein jour,Hors agglomération,Hors intersection,Pluie légère,Deux véhicules - arrière,,,,,,,,,,,1,1,1,2.0,2.0
201700059141,0017-08-15 17:50:00,17,8,15,17,50,973,309,1361 route des plages,,,Plein jour,Hors agglomération,Hors intersection,Normale,Deux véhicules - côté,,,,,,,,,,,1,1,1,1.0,3.0
201700059142,0017-08-28 18:30:00,17,8,28,18,30,973,309,Carrefour Cabassou - N3,,,Crépuscule ou aube,Hors agglomération,Hors intersection,Normale,Deux véhicules - frontale,,,,,,,,,,,2,1,1,1.0,1.0
201700059143,0017-08-30 08:10:00,17,8,30,8,10,973,309,Avenue gaston de monnerv,,,Plein jour,Hors agglomération,Hors intersection,Normale,Deux véhicules - côté,,,,,,,,,,,1,1,1,1.0,3.0
201700059144,0017-08-29 13:20:00,17,8,29,13,20,973,309,route de degrad des cann,,,Plein jour,En agglomération,Hors intersection,Normale,Deux véhicules - côté,,,,,,,,,,,1,2,1,1.0,3.0
201700059145,0017-10-17 23:00:00,17,10,17,23,0,973,309,route nationale 3,,,Nuit avec éclairage allumé,Hors agglomération,Hors intersection,Normale,Deux véhicules - côté,,,,,,,,,,,5,1,1,1.0,3.0
201700059146,0017-10-21 08:00:00,17,10,21,8,0,973,309,route de Remire RD2,,,Plein jour,En agglomération,Hors intersection,Normale,Deux véhicules - côté,,,,,,,,,,,1,2,1,1.0,3.0
201700059147,0017-11-01 04:20:00,17,11,1,4,20,973,309,Station total Suzini rou,,,Nuit avec éclairage allumé,En agglomération,Autre intersection,Normale,Deux véhicules - frontale,,,,,,,,,,,5,2,9,1.0,1.0
201700059148,0017-11-24 08:00:00,17,11,24,8,0,973,309,route de Montjoly,,,Plein jour,En agglomération,Hors intersection,Normale,Deux véhicules - côté,,,,,,,,,,,1,2,1,1.0,3.0
201700059149,0017-11-29 06:45:00,17,11,29,6,45,973,309,RN3 route dégrad des can,,,Plein jour,Hors agglomération,Hors intersection,Temps couvert,Autre collision,,,,,,,,,,,1,1,1,8.0,6.0
201700059150,0017-01-12 14:00:00,17,1,12,14,0,974,415,Route du Maido,21.05703,55.36093,Plein jour,Hors agglomération,Hors intersection,Brouillard / fumée,Deux véhicules - frontale,,,,,,,,,,,1,1,1,5.0,1.0
201700059151,0017-02-12 09:30:00,17,2,12,9,30,974,415,171 Chemin de la Piscine,21.00443,55.33455,Plein jour,En agglomération,Hors intersection,Normale,Autre collision,,,,,,,,,,,1,2,1,1.0,6.0
201700059152,0017-02-24 23:50:00,17,2,24,23,50,974,415,48 ch Hoareau B de Nèfle,20.99806,55.33451,Nuit sans éclairage public,Hors agglomération,Hors intersection,Normale,Sans collision,,,,,,,,,,,3,1,1,1.0,7.0
201700059153,0017-11-06 07:45:00,17,11,6,7,45,974,415,RD4 - Rte Bois de Nèfles,20.98102,55.31491,Plein jour,Hors agglomération,Intersection en T,Normale,Deux véhicules - côté,,,,,,,,,,,1,1,3,1.0,3.0
201700059154,0017-01-07 13:30:00,17,1,7,13,30,973,307,rond point de copaya,,,Plein jour,Hors agglomération,Giratoire,Normale,Sans collision,,,,,,,,,,,1,1,6,1.0,7.0
201700059155,0017-01-09 09:10:00,17,1,9,9,10,973,307,carrefour RN2 et rue de,,,Plein jour,En agglomération,Intersection en T,Normale,Deux véhicules - côté,,,,,,,,,,,1,2,3,1.0,3.0
201700059156,0017-01-12 15:30:00,17,1,12,15,30,973,307,rond point du family pla,,,Plein jour,Hors agglomération,Giratoire,Normale,Deux véhicules - côté,,,,,,,,,,,1,1,6,1.0,3.0
201700059157,0017-01-12 17:25:00,17,1,12,17,25,973,307,intersection rue réséda,,,Plein jour,En agglomération,Intersection en X,Normale,Deux véhicules - côté,,,,,,,,,,,1,2,2,1.0,3.0
201700059158,0017-02-04 14:00:00,17,2,4,14,0,973,307,"rue sirop de batterie ,",,,Plein jour,En agglomération,Hors intersection,Normale,Autre collision,,,,,,,,,,,1,2,1,1.0,6.0
201700059159,0017-02-05 02:00:00,17,2,5,2,0,973,307,rond point de BALATA,,,Nuit avec éclairage non allumé,Hors agglomération,Giratoire,Pluie légère,Deux véhicules - côté,,,,,,,,,,,4,1,6,2.0,3.0
201700059160,0017-02-05 22:45:00,17,2,5,22,45,973,307,28 rue Valse,,,Nuit avec éclairage allumé,En agglomération,Hors intersection,Pluie légère,Sans collision,,,,,,,,,,,5,2,1,2.0,7.0
201700059161,0017-02-07 17:50:00,17,2,7,17,50,973,307,Route nationale 2 PK10+2,,,Plein jour,Hors agglomération,Hors intersection,Normale,Deux véhicules - côté,,,,,,,,,,,1,1,1,1.0,3.0
201700059162,0017-02-08 19:30:00,17,2,8,19,30,973,307,14 route de rochambeau,,,Nuit sans éclairage public,Hors agglomération,Hors intersection,Normale,Sans collision,,,,,,,,,,,3,1,1,1.0,7.0
201700059163,0017-02-18 08:15:00,17,2,18,8,15,973,307,"Route nationale 1 , prox",,,Plein jour,Hors agglomération,Hors intersection,Pluie légère,Deux véhicules - frontale,,,,,,,,,,,1,1,1,2.0,1.0
201700059164,0017-02-24 19:00:00,17,2,24,19,0,973,307,route de la distillerie,,,Nuit sans éclairage public,En agglomération,Hors intersection,Normale,Deux véhicules - frontale,,,,,,,,,,,3,2,1,1.0,1.0
201700059165,0017-02-28 16:00:00,17,2,28,16,0,973,307,RN1 PK8,,,Plein jour,Hors agglomération,Hors intersection,Normale,Autre collision,,,,,,,,,,,1,1,1,1.0,6.0
201700059166,0017-03-12 00:20:00,17,3,12,0,20,973,307,rond-point des boites au,,,Nuit avec éclairage allumé,En agglomération,Giratoire,Normale,Deux véhicules - côté,,,,,,,,,,,5,2,6,1.0,3.0
201700059167,0017-04-09 20:20:00,17,4,9,20,20,973,307,route nationale,,,Nuit avec éclairage allumé,En agglomération,Hors intersection,Pluie légère,Deux véhicules - côté,,,,,,,,,,,5,2,1,2.0,3.0
201700059168,0017-04-16 03:30:00,17,4,16,3,30,973,307,RN2 PK1,,,Nuit sans éclairage public,En agglomération,Hors intersection,Normale,Deux véhicules - frontale,,,,,,,,,,,3,2,1,1.0,1.0
201700059169,0017-04-26 10:15:00,17,4,26,10,15,973,307,RN2 PK8,,,Plein jour,Hors agglomération,Hors intersection,Normale,Deux véhicules - côté,,,,,,,,,,,1,1,1,1.0,3.0
201700059170,0017-04-27 19:10:00,17,4,27,19,10,973,307,RN1 en face d' Air Franc,,,Nuit sans éclairage public,Hors agglomération,Hors intersection,Pluie légère,Autre collision,,,,,,,,,,,3,1,1,2.0,6.0
201700059171,0017-05-06 00:20:00,17,5,6,0,20,973,307,6539 route de Stoupan,,,Nuit sans éclairage public,Hors agglomération,Hors intersection,Brouillard / fumée,Sans collision,,,,,,,,,,,3,1,1,5.0,7.0
201700059172,0017-05-10 17:45:00,17,5,10,17,45,973,307,RN2 Balata,,,Plein jour,En agglomération,Hors intersection,Normale,Autre collision,,,,,,,,,,,1,2,1,1.0,6.0
201700059173,0017-05-26 07:10:00,17,5,26,7,10,973,307,rond point califourchon,,,Plein jour,Hors agglomération,Giratoire,Normale,Deux véhicules - côté,,,,,,,,,,,1,1,6,1.0,3.0
201700059174,0017-06-11 04:15:00,17,6,11,4,15,973,307,zi terca,,,Nuit avec éclairage allumé,En agglomération,Hors intersection,Normale,Autre collision,,,,,,,,,,,5,2,1,1.0,6.0
201700059175,0017-06-15 12:30:00,17,6,15,12,30,973,307,RN1 za terca,,,Plein jour,En agglomération,Hors intersection,Normale,Autre collision,,,,,,,,,,,1,2,1,1.0,6.0
201700059176,0017-07-09 12:00:00,17,7,9,12,0,973,307,face au 1625 rue champs,,,Plein jour,Hors agglomération,Hors intersection,Normale,Deux véhicules - arrière,,,,,,,,,,,1,1,1,1.0,2.0
201700059177,0017-07-20 18:00:00,17,7,20,18,0,973,307,RN 2 PK 8+600,,,Plein jour,Hors agglomération,Hors intersection,Normale,Autre collision,,,,,,,,,,,1,1,1,1.0,6.0
201700059178,0017-07-21 20:00:00,17,7,21,20,0,973,307,"route de stoupan, départ",,,Nuit sans éclairage public,Hors agglomération,Hors intersection,Normale,Autre collision,,,,,,,,,,,3,1,1,1.0,6.0
201700059179,0017-07-24 19:45:00,17,7,24,19,45,973,307,ROUTE DE LA DISTILLERIE,,,Nuit sans éclairage public,Hors agglomération,Hors intersection,Normale,Deux véhicules - frontale,,,,,,,,,,,3,1,1,1.0,1.0
201700059180,0017-08-01 11:00:00,17,8,1,11,0,973,307,RN 1,,,Plein jour,Hors agglomération,Hors intersection,Normale,Deux véhicules - arrière,,,,,,,,,,,1,1,1,1.0,2.0
201700059181,0017-08-20 12:50:00,17,8,20,12,50,973,307,RN2,,,Plein jour,Hors agglomération,Hors intersection,Normale,Deux véhicules - frontale,,,,,,,,,,,1,1,1,1.0,1.0
201700059182,0017-08-20 22:50:00,17,8,20,22,50,973,307,RN 2 - à 100 mètres du v,,,Nuit sans éclairage public,Hors agglomération,Hors intersection,Normale,Deux véhicules - frontale,,,,,,,,,,,3,1,1,1.0,1.0
201700059183,0017-08-24 11:15:00,17,8,24,11,15,973,307,rue Polus Assand - Balat,,,Plein jour,En agglomération,Hors intersection,Normale,Autre collision,,,,,,,,,,,1,2,1,1.0,6.0
201700059184,0017-08-30 00:05:00,17,8,30,0,5,973,307,Route de l'est RN2,,,Nuit avec éclairage allumé,Hors agglomération,Hors intersection,Normale,Deux véhicules - côté,,,,,,,,,,,5,1,1,1.0,3.0
201700059185,0017-09-04 10:30:00,17,9,4,10,30,973,307,Comou - cogneau lamirand,,,Plein jour,En agglomération,Hors intersection,Normale,Deux véhicules - frontale,,,,,,,,,,,1,2,1,1.0,1.0
201700059186,0017-09-07 18:30:00,17,9,7,18,30,973,307,RN2 - PK7 - village Sain,,,Crépuscule ou aube,Hors agglomération,Hors intersection,Normale,Autre collision,,,,,,,,,,,2,1,1,1.0,6.0
201700059187,0017-09-10 11:35:00,17,9,10,11,35,973,307,intersection RN 4 RD 24,,,Plein jour,Hors agglomération,Hors intersection,Normale,Deux véhicules - côté,,,,,,,,,,,1,1,1,1.0,3.0
201700059188,0017-09-11 19:45:00,17,9,11,19,45,973,307,rue Martin Luther King -,,,Nuit sans éclairage public,En agglomération,Hors intersection,Normale,Autre collision,,,,,,,,,,,3,2,1,1.0,6.0
201700059189,0017-09-14 10:45:00,17,9,14,10,45,973,307,Rn1,,,Plein jour,Hors agglomération,Hors intersection,Normale,Autre collision,,,,,,,,,,,1,1,1,1.0,6.0
201700059190,0017-10-05 09:30:00,17,10,5,9,30,973,307,route nationale 2 - fami,,,Plein jour,Hors agglomération,Hors intersection,Normale,Deux véhicules - arrière,,,,,,,,,,,1,1,1,1.0,2.0
201700059191,0017-10-05 18:50:00,17,10,5,18,50,973,307,Rond-Point de Balata,,,Nuit avec éclairage allumé,Hors agglomération,Giratoire,Normale,Deux véhicules - côté,,,,,,,,,,,5,1,6,1.0,3.0
201700059192,0017-10-09 17:20:00,17,10,9,17,20,973,307,N1 - carrefour la chaumi,,,Plein jour,Hors agglomération,Hors intersection,Normale,Deux véhicules - arrière,,,,,,,,,,,1,1,1,1.0,2.0
201700059193,0017-10-21 20:15:00,17,10,21,20,15,973,307,Rn 4,,,Nuit avec éclairage allumé,Hors agglomération,Hors intersection,Normale,Deux véhicules - côté,,,,,,,,,,,5,1,1,1.0,3.0
201700059194,0017-10-06 14:45:00,17,10,6,14,45,973,307,09 route des Loussais,,,Plein jour,En agglomération,Hors intersection,Normale,Deux véhicules - côté,,,,,,,,,,,1,2,1,1.0,3.0
201700059195,0017-11-04 05:50:00,17,11,4,5,50,973,307,rue du champ de cannes,,,Crépuscule ou aube,En agglomération,Intersection en X,Normale,Deux véhicules - côté,,,,,,,,,,,2,2,2,1.0,3.0
201700059196,0017-11-09 17:30:00,17,11,9,17,30,973,307,Carrefour de la national,,,Plein jour,Hors agglomération,Hors intersection,Normale,Autre collision,,,,,,,,,,,1,1,1,1.0,6.0
201700059197,0017-11-17 19:00:00,17,11,17,19,0,973,307,PK 1.9 ROUTE NATIONALE 2,,,Crépuscule ou aube,Hors agglomération,Hors intersection,Normale,Autre collision,,,,,,,,,,,2,1,1,1.0,6.0
201700059198,0017-11-18 19:00:00,17,11,18,19,0,973,307,route de la distillerie,,,Nuit sans éclairage public,Hors agglomération,Hors intersection,Normale,Autre collision,,,,,,,,,,,3,1,1,1.0,6.0
201700059199,0017-11-30 08:30:00,17,11,30,8,30,973,307,Rue Nemeyer,,,Plein jour,En agglomération,Hors intersection,Normale,Autre collision,,,,,,,,,,,1,2,1,1.0,6.0
201700059200,0017-12-09 17:40:00,17,12,9,17,40,973,307,INTERSCETION - CHEMIN MA,,,Plein jour,En agglomération,Hors intersection,Temps couvert,Deux véhicules - côté,,,,,,,,,,,1,2,1,8.0,3.0
201700059201,0017-12-10 14:00:00,17,12,10,14,0,973,307,RN2,,,Plein jour,Hors agglomération,Hors intersection,Normale,Deux véhicules - côté,,,,,,,,,,,1,1,1,1.0,3.0
201700059202,0017-12-21 00:10:00,17,12,21,0,10,973,307,intersection du chemin m,,,Nuit avec éclairage non allumé,En agglomération,Hors intersection,Normale,Autre collision,,,,,,,,,,,4,2,1,1.0,6.0
201700059203,0017-12-23 22:30:00,17,12,23,22,30,973,307,route de stoupan,,,Nuit sans éclairage public,Hors agglomération,Hors intersection,Pluie légère,Autre collision,,,,,,,,,,,3,1,1,2.0,6.0
201700059204,0017-12-29 09:50:00,17,12,29,9,50,973,307,CD6 PK6,,,Plein jour,Hors agglomération,Hors intersection,Pluie légère,Deux véhicules - frontale,,,,,,,,,,,1,1,1,2.0,1.0
201700059205,0017-12-30 07:10:00,17,12,30,7,10,973,307,RN 1 pont du larivot,,,Plein jour,Hors agglomération,Hors intersection,Normale,Deux véhicules - arrière,,,,,,,,,,,1,1,1,1.0,2.0
201700059206,0017-02-17 20:45:00,17,2,17,20,45,974,415,Rue des saphirs,21.02495,55.26431,Nuit avec éclairage allumé,En agglomération,Hors intersection,Normale,Autre collision,,,,,,,,,,,5,2,1,1.0,6.0
201700059207,0017-04-15 03:20:00,17,4,15,3,20,974,415,RN1 ROUTE DES TAMARINS,21.01587,55.26467,Nuit sans éclairage public,Hors agglomération,Hors intersection,Pluie légère,Deux véhicules - côté,,,,,,,,,,,3,1,1,2.0,3.0
201700059208,0017-04-14 18:38:00,17,4,14,18,38,974,415,rue poivre vert,21.04216,55.25374,Crépuscule ou aube,En agglomération,Intersection en X,Pluie légère,Autre collision,,,,,,,,,,,2,2,2,2.0,6.0
201700059209,0017-04-23 11:00:00,17,4,23,11,0,974,415,Rue Lucie de Sigoyer,21.01807,55.26527,Plein jour,En agglomération,Intersection en T,Normale,Autre collision,,,,,,,,,,,1,2,3,1.0,6.0
201700059210,0017-06-08 19:15:00,17,6,8,19,15,974,415,21 Rue Joseph Hubert,21.04691,55.26748,Nuit avec éclairage allumé,En agglomération,Hors intersection,Normale,Deux véhicules - côté,,,,,,,,,,,5,2,1,1.0,3.0
201700059211,0017-08-02 06:05:00,17,8,2,6,5,974,415,Route de L'Eperon,21.04214,55.25371,Crépuscule ou aube,En agglomération,Intersection en T,Normale,Deux véhicules - côté,,,,,,,,,,,2,2,3,1.0,3.0
201700059212,0017-09-12 06:35:00,17,9,12,6,35,974,415,Inter chem trou de sable,21.03416,55.27675,Crépuscule ou aube,Hors agglomération,Intersection en X,Normale,Deux véhicules - frontale,,,,,,,,,,,2,1,2,1.0,1.0
201700059213,0017-09-23 12:50:00,17,9,23,12,50,974,415,29 chemin sensitive,21.04998,55.30328,Plein jour,Hors agglomération,Hors intersection,Normale,Deux véhicules - frontale,,,,,,,,,,,1,1,1,1.0,1.0
201700059214,0017-10-29 14:00:00,17,10,29,14,0,974,415,RN1,21.03975,55.21868,Plein jour,Hors agglomération,Hors intersection,Normale,Deux véhicules - arrière,,,,,,,,,,,1,1,1,1.0,2.0
201700059215,0017-11-06 08:45:00,17,11,6,8,45,974,415,RN1 - Plateau cailloux,21.04246,55.21941,Plein jour,Hors agglomération,Hors intersection,Normale,Trois véhicules et plus - collisions multiples,,,,,,,,,,,1,1,1,1.0,5.0
201700059216,0017-11-18 13:00:00,17,11,18,13,0,974,415,Allée des tournesols - B,21.02621,55.30613,Plein jour,En agglomération,Hors intersection,Normale,Autre collision,,,,,,,,,,,1,2,1,1.0,6.0
201700059217,0017-08-31 06:30:00,17,8,31,6,30,974,418,Chemin de Tabur,20.89945,55.54287,Plein jour,Hors agglomération,Hors intersection,Normale,Deux véhicules - frontale,,,,,,,,,,,1,1,1,1.0,1.0
201700059218,0017-05-17 07:47:00,17,5,17,7,47,974,415,Rte du Vieux Flamboyant,21.03409,55.27724,Plein jour,Hors agglomération,Autre intersection,Normale,Sans collision,,,,,,,,,,,1,1,9,1.0,7.0
201700059219,0017-01-13 15:45:00,17,1,13,15,45,974,413,Pointe des châteaux,21.14993,55.27557,Plein jour,Hors agglomération,Hors intersection,Normale,Deux véhicules - côté,,,,,,,,,,,1,1,1,1.0,3.0
201700059220,0017-02-11 19:50:00,17,2,11,19,50,974,413,Chemin Pierre Deguigne,21.2216,55.30718,Nuit avec éclairage allumé,En agglomération,Intersection en T,Normale,Deux véhicules - frontale,,,,,,,,,,,5,2,3,1.0,1.0
201700059221,0017-02-12 17:50:00,17,2,12,17,50,974,413,Chemin Carlonette,21.20982,55.33512,Plein jour,Hors agglomération,Hors intersection,Normale,Autre collision,,,,,,,,,,,1,1,1,1.0,6.0
201700059222,0017-02-25 10:30:00,17,2,25,10,30,974,413,56 rue du Gal de gaulle,21.15831,55.28565,Plein jour,En agglomération,Hors intersection,Normale,Deux véhicules - arrière,,,,,,,,,,,1,2,1,1.0,2.0
201700059223,0017-03-19 14:20:00,17,3,19,14,20,974,413,RN1 A,,,Plein jour,Hors agglomération,Hors intersection,Normale,Sans collision,,,,,,,,,,,1,1,1,1.0,7.0
201700059224,0017-04-05 10:15:00,17,4,5,10,15,974,413,28 Rue de la croix,21.17326,55.28941,Plein jour,En agglomération,Hors intersection,Normale,Autre collision,,,,,,,,,,,1,2,1,1.0,6.0
201700059225,0017-04-13 11:20:00,17,4,13,11,20,974,413,4 Chemin Francis Arzac,21.20272,55.33387,Plein jour,En agglomération,Hors intersection,Normale,Deux véhicules - frontale,,,,,,,,,,,1,2,1,1.0,1.0
201700059226,0017-04-23 18:40:00,17,4,23,18,40,974,413,98CD11,,,Nuit avec éclairage non allumé,En agglomération,Autre intersection,Normale,Autre collision,,,,,,,,,,,4,2,9,1.0,6.0
201700059227,0017-05-04 13:00:00,17,5,4,13,0,974,413,45 rue Adrien Lagourgue,21.21821,55.31168,Plein jour,En agglomération,Hors intersection,Normale,Deux véhicules - frontale,,,,,,,,,,,1,2,1,1.0,1.0
201700059228,0017-05-17 15:50:00,17,5,17,15,50,974,413,67 che Pierre Deguigné,21.22105,55.30544,Plein jour,En agglomération,Hors intersection,Normale,Sans collision,,,,,,,,,,,1,2,1,1.0,7.0
201700059229,0017-06-06 15:30:00,17,6,6,15,30,974,413,Route Départementale 11,21.19354,55.29054,Plein jour,Hors agglomération,Intersection en T,Normale,Deux véhicules - arrière,,,,,,,,,,,1,1,3,1.0,2.0
201700059230,0017-07-06 13:45:00,17,7,6,13,45,974,413,Rue Adrien Lagourgue,21.21871,55.31203,Plein jour,En agglomération,Intersection en T,Normale,Deux véhicules - côté,,,,,,,,,,,1,2,3,1.0,3.0
201700059231,0017-07-11 16:45:00,17,7,11,16,45,974,413,Carrefour RN1A / CD22,21.16611,55.33334,Plein jour,Hors agglomération,Intersection en X,Normale,Sans collision,,,,,,,,,,,1,1,2,1.0,7.0
201700059232,0017-07-18 18:16:00,17,7,18,18,16,974,413,Rue du Musée,21.18927,55.28964,Crépuscule ou aube,En agglomération,Hors intersection,Normale,Sans collision,,,,,,,,,,,2,2,1,1.0,7.0
201700059233,0017-11-15 23:00:00,17,11,15,23,0,974,413,RN1A,21.19466,55.2852,Nuit sans éclairage public,Hors agglomération,Hors intersection,Normale,Deux véhicules - arrière,,,,,,,,,,,3,1,1,1.0,2.0
201700059234,0017-12-20 08:25:00,17,12,20,8,25,974,413,194 Rue Alexandre Bègue,21.1501,55.31988,Plein jour,Hors agglomération,Hors intersection,Normale,Deux véhicules - côté,,,,,,,,,,,1,1,1,1.0,3.0
201700059235,0017-01-13 20:20:00,17,1,13,20,20,971,132,D5 - route de l' Ermitag,,,Nuit sans éclairage public,Hors agglomération,Hors intersection,Normale,Autre collision,,,,,,,,,,,3,1,1,1.0,6.0
201700059236,0017-06-28 20:00:00,17,6,28,20,0,971,109,"RN1 St charles, rue du G",,,Nuit avec éclairage allumé,Hors agglomération,Hors intersection,Normale,Deux véhicules - arrière,,,,,,,,,,,5,1,1,1.0,2.0
201700059237,0017-09-28 22:20:00,17,9,28,22,20,971,132,Route nationale n°01 - l,,,Nuit sans éclairage public,Hors agglomération,Hors intersection,Normale,Deux véhicules - frontale,,,,,,,,,,,3,1,1,1.0,1.0
201700059238,0017-03-14 11:35:00,17,3,14,11,35,974,414,95 rue Evariste de Parny,21.24696,55.43287,Plein jour,En agglomération,Hors intersection,Normale,Autre collision,,,,,,,,,,,1,2,1,1.0,6.0
201700059239,0017-04-18 10:25:00,17,4,18,10,25,974,414,Rond Point de Bel Air,21.29161,55.40907,Plein jour,En agglomération,Giratoire,Normale,Deux véhicules - côté,,,,,,,,,,,1,2,6,1.0,3.0
201700059240,0017-05-30 19:05:00,17,5,30,19,5,974,414,Echangeur du Gol,21.28474,55.3947,Nuit sans éclairage public,Hors agglomération,Hors intersection,Normale,Autre collision,,,,,,,,,,,3,1,1,1.0,6.0
201700059241,0017-06-22 16:35:00,17,6,22,16,35,974,414,Route Nationale 5,21.27147,55.43733,Plein jour,En agglomération,Giratoire,Normale,Trois véhicules et plus - collisions multiples,,,,,,,,,,,1,2,6,1.0,5.0
201700059242,0017-08-18 18:45:00,17,8,18,18,45,974,414,rue bory saint vincent,21.33321,55.47368,Nuit sans éclairage public,En agglomération,Intersection en T,Normale,Deux véhicules - frontale,,,,,,,,,,,3,2,3,1.0,1.0
201700059243,0017-08-30 08:30:00,17,8,30,8,30,974,414,Route Nationale 5,21.28461,55.42282,Plein jour,Hors agglomération,Hors intersection,Normale,Autre collision,,,,,,,,,,,1,1,1,1.0,6.0
201700059244,0017-09-06 21:10:00,17,9,6,21,10,974,414,Av du Général de Gaulle,21.28171,55.40711,Nuit sans éclairage public,En agglomération,Intersection en Y,Normale,Deux véhicules - côté,,,,,,,,,,,3,2,4,1.0,3.0
201700059245,0017-09-18 19:20:00,17,9,18,19,20,974,414,Route Nationale 5,21.28463,55.42282,Nuit avec éclairage allumé,En agglomération,Hors intersection,Normale,Trois véhicules et plus - collisions multiples,,,,,,,,,,,5,2,1,1.0,5.0
201700059246,0017-09-22 21:45:00,17,9,22,21,45,974,414,55 rue Evariste de Parny,21.24879,55.43315,Nuit sans éclairage public,Hors agglomération,Hors intersection,Normale,Sans collision,,,,,,,,,,,3,1,1,1.0,7.0
201700059247,0017-10-31 23:30:00,17,10,31,23,30,974,414,Rue des Bois d'oiseaux,21.28398,55.41735,Nuit sans éclairage public,En agglomération,Hors intersection,Normale,Sans collision,,,,,,,,,,,3,2,1,1.0,7.0
201700059248,0017-11-06 18:10:00,17,11,6,18,10,974,414,Chemin Cannes Tamarins,21.28874,55.41831,Crépuscule ou aube,En agglomération,Hors intersection,Temps éblouissant,Autre collision,,,,,,,,,,,2,2,1,7.0,6.0
201700059249,0017-11-25 19:30:00,17,11,25,19,30,974,414,69 rue Canne Purisie,21.2827,55.4302,Nuit sans éclairage public,En agglomération,Hors intersection,Normale,Autre collision,,,,,,,,,,,3,2,1,1.0,6.0
201700059250,0017-12-22 19:55:00,17,12,22,19,55,974,414,Avenue Pasteur,21.27327,55.40368,Nuit sans éclairage public,En agglomération,Intersection en T,Normale,Deux véhicules - côté,,,,,,,,,,,3,2,3,1.0,3.0
201700059251,0017-12-24 15:00:00,17,12,24,15,0,974,414,D3 Rue Hubert Delisle,21.25556,55.43358,Plein jour,En agglomération,Intersection en X,Normale,Deux véhicules - côté,,,,,,,,,,,1,2,2,1.0,3.0
201700059252,0017-12-28 16:45:00,17,12,28,16,45,974,414,Rue bois de prunes,21.2851,55.41841,Plein jour,En agglomération,Intersection en X,Normale,Deux véhicules - côté,,,,,,,,,,,1,2,2,1.0,3.0