accident_id,datetime,annee,mois,jour,heure,minute,departement,commune_insee,adresse,latitude,longitude,luminosite,agglomeration,intersection,meteo,collision,nb_vehicules,nb_usagers,nb_indemnes,nb_tues,nb_blesses_hosp,nb_blesses_legers,age_cond_1,age_cond_2,veh_type_cond_1,veh_type_cond_2,lum_code,agg_code,int_code,atm_code,col_code
201700059253,0017-01-21 10:35:00,17,1,21,10,35,974,410,Rond Point des Plaines,21.04785,55.71747,Plein jour,En agglomération,Giratoire,Normale,Deux véhicules - côté,,,,,,,,,,,1,2,6,1.0,3.0
201700059254,0017-02-05 12:00:00,17,2,5,12,0,974,410,RN3 - La Confiance,21.07347,55.70128,Plein jour,En agglomération,Hors intersection,Temps couvert,Deux véhicules - frontale,,,,,,,,,,,1,2,1,8.0,1.0
201700059255,0017-02-07 16:20:00,17,2,7,16,20,974,410,RN 3 LA CONFIANCE,,,Plein jour,Hors agglomération,Hors intersection,Pluie légère,Deux véhicules - frontale,,,,,,,,,,,1,1,1,2.0,1.0
201700059256,0017-02-27 11:05:00,17,2,27,11,5,974,410,Chemin Bethléem,21.03757,55.67919,Plein jour,Hors agglomération,Hors intersection,Normale,Sans collision,,,,,,,,,,,1,1,1,1.0,7.0
201700059257,0017-03-28 23:05:00,17,3,28,23,5,974,410,RN2,21.09687,55.74856,Nuit sans éclairage public,En agglomération,Hors intersection,Normale,Deux véhicules - frontale,,,,,,,,,,,3,2,1,1.0,1.0
201700059258,0017-03-29 19:30:00,17,3,29,19,30,974,410,Rue Jean Jaurès,21.04015,55.7198,Nuit avec éclairage allumé,En agglomération,Intersection en Y,Pluie légère,Deux véhicules - arrière,,,,,,,,,,,5,2,4,2.0,2.0
201700059259,0017-04-01 10:05:00,17,4,1,10,5,974,410,Rond point des Plaines,21.04747,55.71746,Plein jour,En agglomération,Giratoire,Normale,Deux véhicules - côté,,,,,,,,,,,1,2,6,1.0,3.0
201700059260,0017-05-02 14:50:00,17,5,2,14,50,974,410,Chemin Bras Canot,21.07966,55.69957,Plein jour,Hors agglomération,Hors intersection,Pluie forte,Autre collision,,,,,,,,,,,1,1,1,3.0,6.0
201700059261,0017-05-02 15:15:00,17,5,2,15,15,974,410,Route du cratère,21.04789,55.69369,Plein jour,Hors agglomération,Intersection en Y,Pluie forte,Deux véhicules - côté,,,,,,,,,,,1,1,4,3.0,3.0
201700059262,0017-06-18 16:15:00,17,6,18,16,15,974,410,Rte du Cratère / Mandrin,21.0515,55.68428,Plein jour,En agglomération,Intersection en T,Normale,Deux véhicules - côté,,,,,,,,,,,1,2,3,1.0,3.0
201700059263,0017-07-30 02:00:00,17,7,30,2,0,974,410,Route Nationale 2,21.00618,55.69686,Nuit sans éclairage public,Hors agglomération,Hors intersection,Normale,Autre collision,,,,,,,,,,,3,1,1,1.0,6.0
201700059264,0017-08-19 22:05:00,17,8,19,22,5,974,410,Route Nationale 2,21.09831,55.74883,Nuit sans éclairage public,En agglomération,Hors intersection,Normale,Deux véhicules - frontale,,,,,,,,,,,3,2,1,1.0,1.0
201700059265,0017-09-08 18:50:00,17,9,8,18,50,974,410,Route Nationale 2,21.01751,55.69685,Nuit sans éclairage public,Hors agglomération,Hors intersection,Pluie légère,Trois véhicules et plus - collisions multiples,,,,,,,,,,,3,1,1,2.0,5.0
201700059266,0017-09-17 06:00:00,17,9,17,6,0,974,410,Route Nationale 3,21.05477,55.71349,Plein jour,En agglomération,Hors intersection,Normale,Autre collision,,,,,,,,,,,1,2,1,1.0,6.0
201700059267,0017-10-12 16:45:00,17,10,12,16,45,974,410,136 chemin bras Madelein,21.0538,55.70003,Plein jour,En agglomération,Hors intersection,Normale,Autre collision,,,,,,,,,,,1,2,1,1.0,6.0
201700059268,0017-12-02 08:00:00,17,12,2,8,0,974,410,RN2 - PK42+600,21.03975,55.70956,Plein jour,En agglomération,Hors intersection,Normale,Deux véhicules - frontale,,,,,,,,,,,1,2,1,1.0,1.0
201700059269,0017-01-18 08:30:00,17,1,18,8,30,972,229,ROUTE DE TERREVILLE,,,Plein jour,En agglomération,Hors intersection,Normale,Autre collision,,,,,,,,,,,1,2,1,1.0,6.0
201700059270,0017-01-27 04:00:00,17,1,27,4,0,972,229,Avenue Louis Moreau Gott,,,Nuit sans éclairage public,Hors agglomération,Hors intersection,Normale,Autre collision,,,,,,,,,,,3,1,1,1.0,6.0
201700059271,0017-02-11 11:20:00,17,2,11,11,20,972,229,RN2-Anse collat,,,Plein jour,En agglomération,Hors intersection,Normale,Deux véhicules - arrière,,,,,,,,,,,1,2,1,1.0,2.0
201700059272,0017-02-21 08:25:00,17,2,21,8,25,972,229,route de l'enclos,,,Plein jour,En agglomération,Giratoire,Normale,Deux véhicules - arrière,,,,,,,,,,,1,2,6,1.0,2.0
201700059273,0017-03-05 21:00:00,17,3,5,21,0,972,229,route nationale 2 fond l,,,Nuit avec éclairage allumé,En agglomération,Hors intersection,Normale,Deux véhicules - frontale,,,,,,,,,,,5,2,1,1.0,1.0
201700059274,0017-04-15 21:55:00,17,4,15,21,55,972,205,RN 2 - plate forme,,,Nuit sans éclairage public,Hors agglomération,Hors intersection,Normale,Trois véhicules et plus - collisions multiples,,,,,,,,,,,3,1,1,1.0,5.0
201700059275,0017-04-30 22:30:00,17,4,30,22,30,972,205,RN2 PK 12+050,,,Nuit avec éclairage allumé,En agglomération,Hors intersection,Normale,Deux véhicules - frontale,,,,,,,,,,,5,2,1,1.0,1.0
201700059276,0017-05-08 12:55:00,17,5,8,12,55,972,234,RN2 - PK 14,,,Plein jour,Hors agglomération,Hors intersection,Pluie forte,Deux véhicules - frontale,,,,,,,,,,,1,1,1,3.0,1.0
201700059277,0017-06-05 22:40:00,17,6,5,22,40,972,229,avenue laroche quartier,,,Nuit sans éclairage public,En agglomération,Hors intersection,Normale,Autre collision,,,,,,,,,,,3,2,1,1.0,6.0
201700059278,0017-06-17 03:00:00,17,6,17,3,0,972,229,RN2,,,Nuit sans éclairage public,Hors agglomération,Hors intersection,Normale,Trois véhicules et plus - collisions multiples,,,,,,,,,,,3,1,1,1.0,5.0
201700059279,0017-08-07 15:30:00,17,8,7,15,30,972,229,RN2 - SENS SCHOELCHER -,,,Plein jour,Hors agglomération,Hors intersection,Normale,Autre collision,,,,,,,,,,,1,1,1,1.0,6.0
201700059280,0017-08-14 17:15:00,17,8,14,17,15,972,229,Rue Aubin EDMOND - Quart,,,Plein jour,En agglomération,Hors intersection,Normale,Autre collision,,,,,,,,,,,1,2,1,1.0,6.0
201700059281,0017-09-03 20:45:00,17,9,3,20,45,972,229,RN 2,,,Nuit sans éclairage public,Hors agglomération,Hors intersection,Normale,Sans collision,,,,,,,,,,,3,1,1,1.0,7.0
201700059282,0017-11-07 12:15:00,17,11,7,12,15,972,229,rue des citronniers,,,Plein jour,En agglomération,Intersection en X,Normale,Deux véhicules - côté,,,,,,,,,,,1,2,2,1.0,3.0
201700059283,0017-11-15 20:10:00,17,11,15,20,10,972,229,route de l'enclos,,,Nuit avec éclairage allumé,En agglomération,Hors intersection,Normale,Autre collision,,,,,,,,,,,5,2,1,1.0,6.0
201700059284,0017-11-25 08:00:00,17,11,25,8,0,972,205,RN2 - Lotissement Caraïb,,,Plein jour,Hors agglomération,Hors intersection,Normale,Deux véhicules - frontale,,,,,,,,,,,1,1,1,1.0,1.0
201700059285,0017-02-07 18:30:00,17,2,7,18,30,972,219,BOURG NORD,,,Crépuscule ou aube,En agglomération,Hors intersection,Normale,Deux véhicules - arrière,,,,,,,,,,,2,2,1,1.0,2.0
201700059286,0017-02-08 16:05:00,17,2,8,16,5,972,218,rue jean jaurès,,,Plein jour,En agglomération,Hors intersection,Normale,Autre collision,,,,,,,,,,,1,2,1,1.0,6.0
201700059287,0017-05-15 09:45:00,17,5,15,9,45,972,219,Quartier les Abymes,,,Plein jour,En agglomération,Hors intersection,Normale,Autre collision,,,,,,,,,,,1,2,1,1.0,6.0
201700059288,0017-10-10 20:15:00,17,10,10,20,15,972,218,rue marcel bouquety,,,Nuit sans éclairage public,En agglomération,Hors intersection,Normale,Sans collision,,,,,,,,,,,3,2,1,1.0,7.0
201700059289,0017-10-15 13:15:00,17,10,15,13,15,972,225,RN 02 - Secteur Guinguet,,,Plein jour,En agglomération,Hors intersection,Normale,Deux véhicules - côté,,,,,,,,,,,1,2,1,1.0,3.0
201700059290,0017-10-20 00:40:00,17,10,20,0,40,972,204,RD 20,,,Nuit sans éclairage public,En agglomération,Hors intersection,Normale,Autre collision,,,,,,,,,,,3,2,1,1.0,6.0
201700059291,0017-01-01 05:15:00,17,1,1,5,15,972,227,,,,Nuit sans éclairage public,Hors agglomération,Hors intersection,Normale,Deux véhicules - frontale,,,,,,,,,,,3,1,1,1.0,1.0
201700059292,0017-02-05 01:45:00,17,2,5,1,45,972,220,D 18 A,,,Nuit sans éclairage public,Hors agglomération,Hors intersection,Normale,Autre collision,,,,,,,,,,,3,1,1,1.0,6.0
201700059293,0017-02-26 16:00:00,17,2,26,16,0,972,217,pointe borgnèse,,,Plein jour,Hors agglomération,Hors intersection,Normale,Deux véhicules - frontale,,,,,,,,,,,1,1,1,1.0,1.0
201700059294,0017-03-01 18:40:00,17,3,1,18,40,972,226,bareto,,,Nuit avec éclairage allumé,Hors agglomération,Hors intersection,Normale,Autre collision,,,,,,,,,,,5,1,1,1.0,6.0
201700059295,0017-03-20 12:05:00,17,3,20,12,5,972,227,D7 . route de gros raisi,,,Plein jour,En agglomération,Intersection en X,Pluie légère,Deux véhicules - frontale,,,,,,,,,,,1,2,2,2.0,1.0
201700059296,0017-04-02 00:55:00,17,4,2,0,55,972,227,RN5,,,Nuit avec éclairage allumé,Hors agglomération,Giratoire,Normale,Autre collision,,,,,,,,,,,5,1,6,1.0,6.0
201700059297,0017-04-09 14:40:00,17,4,9,14,40,972,227,RN5,,,Plein jour,En agglomération,Hors intersection,Normale,Deux véhicules - frontale,,,,,,,,,,,1,2,1,1.0,1.0
201700059298,0017-04-16 20:00:00,17,4,16,20,0,972,220,RN5 ANSE FIGUIER,,,Nuit sans éclairage public,Hors agglomération,Hors intersection,Normale,Deux véhicules - frontale,,,,,,,,,,,3,1,1,1.0,1.0
201700059299,0017-04-28 11:30:00,17,4,28,11,30,972,217,route nationale 5 pk  24,,,Plein jour,Hors agglomération,Hors intersection,Normale,Trois véhicules et plus - collisions multiples,,,,,,,,,,,1,1,1,1.0,5.0
201700059300,0017-04-29 17:20:00,17,4,29,17,20,972,220,quartier préfontaine,,,Plein jour,En agglomération,Hors intersection,Normale,Deux véhicules - côté,,,,,,,,,,,1,2,1,1.0,3.0
201700059301,0017-05-14 22:00:00,17,5,14,22,0,972,220,Quartier concorde,,,Nuit avec éclairage allumé,En agglomération,Hors intersection,Normale,Deux véhicules - frontale,,,,,,,,,,,5,2,1,1.0,1.0
201700059302,0017-05-19 11:25:00,17,5,19,11,25,972,220,canari cassé,,,Plein jour,Hors agglomération,Autre intersection,Normale,Autre collision,,,,,,,,,,,1,1,9,1.0,6.0
201700059303,0017-06-12 10:55:00,17,6,12,10,55,972,217,quartier la vierge,,,Plein jour,Hors agglomération,Intersection en X,Normale,Autre collision,,,,,,,,,,,1,1,2,1.0,6.0
201700059304,0017-06-17 14:30:00,17,6,17,14,30,972,227,RN5,,,Plein jour,Hors agglomération,Autre intersection,Normale,Deux véhicules - frontale,,,,,,,,,,,1,1,9,1.0,1.0
201700059305,0017-07-10 12:00:00,17,7,10,12,0,972,227,RN 5  après rond point c,,,Plein jour,Hors agglomération,Hors intersection,Normale,Deux véhicules - côté,,,,,,,,,,,1,1,1,1.0,3.0
201700059306,0017-07-16 23:15:00,17,7,16,23,15,972,226,rond-point val d'or,,,Nuit avec éclairage allumé,Hors agglomération,Giratoire,Normale,Sans collision,,,,,,,,,,,5,1,6,1.0,7.0
201700059307,0017-07-16 16:15:00,17,7,16,16,15,972,226,Quartier Beauregard,,,Plein jour,Hors agglomération,Hors intersection,Normale,Trois véhicules et plus - collisions multiples,,,,,,,,,,,1,1,1,1.0,5.0
201700059308,0017-08-06 13:35:00,17,8,6,13,35,972,217,RN5 - pointe Borgnèse,,,Plein jour,Hors agglomération,Hors intersection,Normale,Trois véhicules et plus - collisions multiples,,,,,,,,,,,1,1,1,1.0,5.0
201700059309,0017-09-10 18:45:00,17,9,10,18,45,972,220,RN5,,,Nuit sans éclairage public,Hors agglomération,Autre intersection,Normale,Trois véhicules et plus - collisions multiples,,,,,,,,,,,3,1,9,1.0,5.0
201700059310,0017-10-18 06:45:00,17,10,18,6,45,972,227,N5,,,Plein jour,Hors agglomération,Hors intersection,Normale,Trois véhicules et plus - collisions multiples,,,,,,,,,,,1,1,1,1.0,5.0
201700059311,0017-10-26 09:35:00,17,10,26,9,35,972,226,D9 Val D'Or,,,Plein jour,Hors agglomération,Hors intersection,Normale,Autre collision,,,,,,,,,,,1,1,1,1.0,6.0
201700059312,0017-11-17 13:10:00,17,11,17,13,10,972,220,La renée,,,Plein jour,Hors agglomération,Hors intersection,Normale,Deux véhicules - frontale,,,,,,,,,,,1,1,1,1.0,1.0
201700059313,0017-11-19 18:40:00,17,11,19,18,40,972,227,RUE DU COMMANDANT TOURTE,,,Nuit sans éclairage public,Hors agglomération,Hors intersection,Normale,Sans collision,,,,,,,,,,,3,1,1,1.0,7.0
201700059314,0017-11-21 06:30:00,17,11,21,6,30,972,217,pointe petite poterie,,,Plein jour,Hors agglomération,Hors intersection,Normale,Deux véhicules - arrière,,,,,,,,,,,1,1,1,1.0,2.0
201700059315,0017-12-21 19:59:00,17,12,21,19,59,972,217,boulevard allègre,,,Nuit sans éclairage public,En agglomération,Hors intersection,Normale,Sans collision,,,,,,,,,,,3,2,1,1.0,7.0
201700059316,0017-01-20 12:30:00,17,1,20,12,30,972,232,cd5,,,Plein jour,En agglomération,Hors intersection,Normale,Autre collision,,,,,,,,,,,1,2,1,1.0,6.0
201700059317,0017-01-23 16:15:00,17,1,23,16,15,972,210,route de l'hôpital,,,Plein jour,En agglomération,Hors intersection,Normale,Sans collision,,,,,,,,,,,1,2,1,1.0,7.0
201700059318,0017-01-31 08:30:00,17,1,31,8,30,972,210,TRIANON,,,Plein jour,En agglomération,Hors intersection,Normale,Deux véhicules - arrière,,,,,,,,,,,1,2,1,1.0,2.0
201700059319,0017-02-02 15:47:00,17,2,2,15,47,972,210,Morne COURBARIL,,,Plein jour,En agglomération,Hors intersection,Normale,Sans collision,,,,,,,,,,,1,2,1,1.0,7.0
201700059320,0017-02-04 12:00:00,17,2,4,12,0,972,210,SAINT LAURENT,,,Plein jour,Hors agglomération,Hors intersection,Normale,Sans collision,,,,,,,,,,,1,1,1,1.0,7.0
201700059321,0017-02-22 20:08:00,17,2,22,20,8,972,232,rue du Général DE GAULLE,,,Nuit avec éclairage allumé,En agglomération,Hors intersection,Normale,Deux véhicules - frontale,,,,,,,,,,,5,2,1,1.0,1.0
201700059322,0017-03-11 16:00:00,17,3,11,16,0,972,210,Morne ACAJOU-D18,,,Plein jour,Hors agglomération,Hors intersection,Normale,Autre collision,,,,,,,,,,,1,1,1,1.0,6.0
201700059323,0017-03-30 15:35:00,17,3,30,15,35,972,210,Quartier Usine,,,Plein jour,En agglomération,Hors intersection,Normale,Sans collision,,,,,,,,,,,1,2,1,1.0,7.0
201700059324,0017-05-14 19:30:00,17,5,14,19,30,972,210,RN5,,,Nuit sans éclairage public,Hors agglomération,Hors intersection,Normale,Deux véhicules - frontale,,,,,,,,,,,3,1,1,1.0,1.0
201700059325,0017-05-24 16:45:00,17,5,24,16,45,972,210,Quartier BONNY,,,Plein jour,Hors agglomération,Hors intersection,Normale,Sans collision,,,,,,,,,,,1,1,1,1.0,7.0
201700059326,0017-05-25 08:30:00,17,5,25,8,30,972,232,rue des trois chandelles,,,Plein jour,En agglomération,Hors intersection,Normale,Deux véhicules - côté,,,,,,,,,,,1,2,1,1.0,3.0
201700059327,0017-08-09 16:00:00,17,8,9,16,0,972,232,N6,,,Plein jour,Hors agglomération,Hors intersection,Normale,Deux véhicules - frontale,,,,,,,,,,,1,1,1,1.0,1.0
201700059328,0017-08-21 22:45:00,17,8,21,22,45,972,210,Route Nationale 6,,,Nuit sans éclairage public,Hors agglomération,Hors intersection,Pluie légère,Autre collision,,,,,,,,,,,3,1,1,2.0,6.0
201700059329,0017-09-02 20:15:00,17,9,2,20,15,972,210,rue Florent HOLO,,,Nuit avec éclairage allumé,En agglomération,Hors intersection,Normale,Autre collision,,,,,,,,,,,5,2,1,1.0,6.0
201700059330,0017-10-14 12:15:00,17,10,14,12,15,972,232,RN 6 - PK 19+500,,,Plein jour,Hors agglomération,Hors intersection,Normale,Deux véhicules - frontale,,,,,,,,,,,1,1,1,1.0,1.0
201700059331,0017-10-21 18:20:00,17,10,21,18,20,972,232,RN6 - ENTREE HABITATION,,,Nuit sans éclairage public,Hors agglomération,Hors intersection,Normale,Deux véhicules - frontale,,,,,,,,,,,3,1,1,1.0,1.0
201700059332,0017-11-10 19:00:00,17,11,10,19,0,972,232,lieu dit cadette,,,Nuit sans éclairage public,Hors agglomération,Hors intersection,Pluie légère,Deux véhicules - frontale,,,,,,,,,,,3,1,1,2.0,1.0
201700059333,0017-12-30 10:50:00,17,12,30,10,50,972,210,Morne Acajou,,,Plein jour,Hors agglomération,Hors intersection,Normale,Autre collision,,,,,,,,,,,1,1,1,1.0,6.0
201700059334,0017-01-03 06:10:00,17,1,3,6,10,972,221,petit Bourg,,,Crépuscule ou aube,Hors agglomération,Hors intersection,Normale,Autre collision,,,,,,,,,,,2,1,1,1.0,6.0
201700059335,0017-01-07 11:40:00,17,1,7,11,40,972,231,RD 7,,,Plein jour,En agglomération,Intersection en T,Normale,Deux véhicules - frontale,,,,,,,,,,,1,2,3,1.0,1.0
201700059336,0017-01-12 07:00:00,17,1,12,7,0,972,221,Avenue des écoles,,,Plein jour,En agglomération,Hors intersection,Normale,Autre collision,,,,,,,,,,,1,2,1,1.0,6.0
201700059337,0017-01-15 02:00:00,17,1,15,2,0,972,231,rd7 maison de la canne,,,Nuit sans éclairage public,Hors agglomération,Hors intersection,Pluie légère,Deux véhicules - frontale,,,,,,,,,,,3,1,1,2.0,1.0
201700059338,0017-01-15 20:00:00,17,1,15,20,0,972,221,RN5 - Médecin - PK 11+50,,,Nuit sans éclairage public,Hors agglomération,Hors intersection,Normale,Deux véhicules - arrière,,,,,,,,,,,3,1,1,1.0,2.0
201700059339,0017-01-28 18:45:00,17,1,28,18,45,972,202,Route départementale 7,,,Nuit sans éclairage public,Hors agglomération,Intersection en X,Normale,Deux véhicules - frontale,,,,,,,,,,,3,1,2,1.0,1.0
201700059340,0017-02-22 18:00:00,17,2,22,18,0,972,231,Embarcadère du bourg - P,,,Crépuscule ou aube,En agglomération,Hors intersection,Normale,Autre collision,,,,,,,,,,,2,2,1,1.0,6.0
201700059341,0017-03-01 23:00:00,17,3,1,23,0,972,221,RD7,,,Nuit sans éclairage public,Hors agglomération,Hors intersection,Normale,Deux véhicules - frontale,,,,,,,,,,,3,1,1,1.0,1.0
201700059342,0017-03-03 07:45:00,17,3,3,7,45,972,231,D7 - anse à l'âne,,,Crépuscule ou aube,En agglomération,Intersection en T,Normale,Deux véhicules - côté,,,,,,,,,,,2,2,3,1.0,3.0
201700059343,0017-03-15 22:00:00,17,3,15,22,0,972,206,RD 7,,,Nuit sans éclairage public,Hors agglomération,Hors intersection,Normale,Sans collision,,,,,,,,,,,3,1,1,1.0,7.0
201700059344,0017-03-17 12:15:00,17,3,17,12,15,972,221,,,,Plein jour,Hors agglomération,Hors intersection,Normale,Deux véhicules - arrière,,,,,,,,,,,1,1,1,1.0,2.0
201700059345,0017-04-02 13:30:00,17,4,2,13,30,972,206,Quartier Tamarin,,,Plein jour,En agglomération,Hors intersection,Normale,Autre collision,,,,,,,,,,,1,2,1,1.0,6.0
201700059346,0017-04-21 14:40:00,17,4,21,14,40,972,221,Citée thoraille,,,Plein jour,En agglomération,Hors intersection,Normale,Autre collision,,,,,,,,,,,1,2,1,1.0,6.0
201700059347,0017-05-21 14:35:00,17,5,21,14,35,972,206,Route de Dizac,,,Plein jour,Hors agglomération,Hors intersection,Normale,Autre collision,,,,,,,,,,,1,1,1,1.0,6.0
201700059348,0017-05-22 15:05:00,17,5,22,15,5,972,221,Quartier Desmarinière,,,Plein jour,En agglomération,Intersection en T,Normale,Deux véhicules - côté,,,,,,,,,,,1,2,3,1.0,3.0
201700059349,0017-06-11 11:15:00,17,6,11,11,15,972,231,RD7 - ANSE A L ANE,,,Plein jour,En agglomération,Hors intersection,Normale,Deux véhicules - frontale,,,,,,,,,,,1,2,1,1.0,1.0
201700059350,0017-06-15 21:00:00,17,6,15,21,0,972,221,"rue de la liberté, petit",,,Nuit avec éclairage allumé,En agglomération,Hors intersection,Normale,Deux véhicules - frontale,,,,,,,,,,,5,2,1,1.0,1.0
201700059351,0017-08-21 07:20:00,17,8,21,7,20,972,231,RD 7 - PR 3+250,,,Plein jour,Hors agglomération,Hors intersection,Normale,Trois véhicules et plus - collisions multiples,,,,,,,,,,,1,1,1,1.0,5.0
201700059352,0017-09-30 08:30:00,17,9,30,8,30,972,221,rue Victor Schoelcher,,,Plein jour,En agglomération,Hors intersection,Pluie forte,Autre collision,,,,,,,,,,,1,2,1,3.0,6.0
201700059353,0017-10-23 18:10:00,17,10,23,18,10,972,202,D7 - Quartier Malo,,,Nuit sans éclairage public,Hors agglomération,Hors intersection,Normale,Autre collision,,,,,,,,,,,3,1,1,1.0,6.0
201700059354,0017-11-07 17:00:00,17,11,7,17,0,972,206,D 7 morne blanc,,,Plein jour,Hors agglomération,Intersection en T,Normale,Deux véhicules - arrière,,,,,,,,,,,1,1,3,1.0,2.0
201700059355,0017-11-19 18:36:00,17,11,19,18,36,972,206,RD7,,,Crépuscule ou aube,En agglomération,Giratoire,Normale,Sans collision,,,,,,,,,,,2,2,6,1.0,7.0
201700059356,0017-11-24 07:50:00,17,11,24,7,50,972,231,rd7,,,Plein jour,Hors agglomération,Intersection en T,Normale,Trois véhicules et plus - collisions multiples,,,,,,,,,,,1,1,3,1.0,5.0
201700059357,0017-12-30 13:00:00,17,12,30,13,0,972,223,RD6 - Chemin Bois Michel,,,Plein jour,Hors agglomération,Intersection en T,Normale,Deux véhicules - frontale,,,,,,,,,,,1,1,3,1.0,1.0
201700059358,0017-02-03 14:55:00,17,2,3,14,55,972,207,avenue Frantz Fanon,,,Plein jour,En agglomération,Intersection en T,Normale,Autre collision,,,,,,,,,,,1,2,3,1.0,6.0
201700059359,0017-02-17 03:30:00,17,2,17,3,30,972,207,"Rond point Cocotte, RN5",,,Nuit avec éclairage allumé,Hors agglomération,Giratoire,Normale,Sans collision,,,,,,,,,,,5,1,6,1.0,7.0
201700059360,0017-07-09 04:20:00,17,7,9,4,20,972,207,RN 5 - Sens LE MARIN - F,,,Nuit sans éclairage public,Hors agglomération,Hors intersection,Normale,Autre collision,,,,,,,,,,,3,1,1,1.0,6.0
201700059361,0017-07-16 16:00:00,17,7,16,16,0,972,207,Fond Savane,,,Plein jour,Hors agglomération,Hors intersection,Normale,Autre collision,,,,,,,,,,,1,1,1,1.0,6.0
201700059362,0017-09-04 09:05:00,17,9,4,9,5,972,207,Route du Bac,,,Plein jour,En agglomération,Hors intersection,Normale,Deux véhicules - frontale,,,,,,,,,,,1,2,1,1.0,1.0
201700059363,0017-10-20 17:45:00,17,10,20,17,45,972,223,route de rivière salée,,,Nuit avec éclairage allumé,Hors agglomération,Hors intersection,Normale,Autre collision,,,,,,,,,,,5,1,1,1.0,6.0
201700059364,0017-11-25 03:20:00,17,11,25,3,20,972,207,RN8 - quartier lourdes,,,Nuit avec éclairage allumé,En agglomération,Giratoire,Normale,Deux véhicules - frontale,,,,,,,,,,,5,2,6,1.0,1.0
201700059365,0017-12-22 21:15:00,17,12,22,21,15,972,223,chemin de morne babet,,,Nuit avec éclairage allumé,En agglomération,Hors intersection,Pluie forte,Autre collision,,,,,,,,,,,5,2,1,3.0,6.0
201700059366,0017-02-15 22:50:00,17,2,15,22,50,972,201,RN3,,,Nuit avec éclairage allumé,En agglomération,Hors intersection,Normale,Sans collision,,,,,,,,,,,5,2,1,1.0,7.0
201700059367,0017-03-24 18:30:00,17,3,24,18,30,972,216,Route Nationale 1,,,Crépuscule ou aube,Hors agglomération,Hors intersection,Normale,Deux véhicules - frontale,,,,,,,,,,,2,1,1,1.0,1.0
201700059368,0017-07-15 13:40:00,17,7,15,13,40,972,214,rue Joseph Clerc,,,Plein jour,En agglomération,Intersection en T,Temps éblouissant,Sans collision,,,,,,,,,,,1,2,3,7.0,7.0
201700059369,0017-10-29 21:25:00,17,10,29,21,25,972,216,RN 1 (Face à la station,,,Nuit sans éclairage public,Hors agglomération,Hors intersection,Normale,Deux véhicules - arrière,,,,,,,,,,,3,1,1,1.0,2.0
201700059370,0017-11-01 19:00:00,17,11,1,19,0,972,214,RN1,,,Nuit sans éclairage public,Hors agglomération,Intersection en T,Normale,Trois véhicules et plus - collisions multiples,,,,,,,,,,,3,1,3,1.0,5.0
201700059371,0017-11-17 08:30:00,17,11,17,8,30,972,214,place de la République,,,Plein jour,En agglomération,Hors intersection,Normale,Autre collision,,,,,,,,,,,1,2,1,1.0,6.0
201700059372,0017-01-11 10:00:00,17,1,11,10,0,972,222,montée de Lestrade,,,Plein jour,Hors agglomération,Hors intersection,Normale,Deux véhicules - arrière,,,,,,,,,,,1,1,1,1.0,2.0
201700059373,0017-01-17 07:25:00,17,1,17,7,25,972,222,Pontaléry,,,Plein jour,Hors agglomération,Hors intersection,Normale,Autre collision,,,,,,,,,,,1,1,1,1.0,6.0
201700059374,0017-01-26 19:15:00,17,1,26,19,15,972,222,Quartier cannelle - RN 1,,,Nuit sans éclairage public,Hors agglomération,Intersection en X,Normale,Deux véhicules - côté,,,,,,,,,,,3,1,2,1.0,3.0
201700059375,0017-02-17 17:30:00,17,2,17,17,30,972,222,RN1,,,Crépuscule ou aube,En agglomération,Hors intersection,Normale,Trois véhicules et plus - collisions multiples,,,,,,,,,,,2,2,1,1.0,5.0
201700059376,0017-02-18 23:15:00,17,2,18,23,15,972,222,D1,,,Nuit avec éclairage allumé,En agglomération,Hors intersection,Normale,Sans collision,,,,,,,,,,,5,2,1,1.0,7.0
201700059377,0017-02-28 04:25:00,17,2,28,4,25,972,222,route nationale 1,,,Nuit avec éclairage allumé,En agglomération,Hors intersection,Normale,Sans collision,,,,,,,,,,,5,2,1,1.0,7.0
201700059378,0017-03-05 17:45:00,17,3,5,17,45,972,222,RD3 - BOUTEAUD,,,Plein jour,Hors agglomération,Hors intersection,Normale,Deux véhicules - frontale,,,,,,,,,,,1,1,1,1.0,1.0
201700059379,0017-03-09 07:15:00,17,3,9,7,15,972,222,RN 1 / Augrain Nord,,,Plein jour,Hors agglomération,Hors intersection,Pluie légère,Deux véhicules - arrière,,,,,,,,,,,1,1,1,2.0,2.0
201700059380,0017-05-17 16:00:00,17,5,17,16,0,972,212,Route du Sinai,,,Plein jour,Hors agglomération,Hors intersection,Normale,Sans collision,,,,,,,,,,,1,1,1,1.0,7.0