accident_id,datetime,annee,mois,jour,heure,minute,departement,commune_insee,adresse,latitude,longitude,luminosite,agglomeration,intersection,meteo,collision,nb_vehicules,nb_usagers,nb_indemnes,nb_tues,nb_blesses_hosp,nb_blesses_legers,age_cond_1,age_cond_2,veh_type_cond_1,veh_type_cond_2,lum_code,agg_code,int_code,atm_code,col_code
201700059381,0017-06-18 02:30:00,17,6,18,2,30,972,222,Route Nationale 1,,,Nuit sans éclairage public,Hors agglomération,Hors intersection,Normale,Deux véhicules - frontale,,,,,,,,,,,3,1,1,1.0,1.0
201700059382,0017-12-02 17:10:00,17,12,2,17,10,972,212,"DN4, le bourg",,,Plein jour,En agglomération,Hors intersection,Normale,Deux véhicules - côté,,,,,,,,,,,1,2,1,1.0,3.0
201700059383,0017-12-17 02:00:00,17,12,17,2,0,972,212,Quartier Denel,,,Nuit sans éclairage public,Hors agglomération,Hors intersection,Normale,Autre collision,,,,,,,,,,,3,1,1,1.0,6.0
201700059384,0017-02-12 19:30:00,17,2,12,19,30,974,404,Rue Octave Bénard,21.25804,55.33058,Nuit sans éclairage public,En agglomération,Giratoire,Normale,Autre collision,,,,,,,,,,,3,2,6,1.0,6.0
201700059385,0017-03-17 21:10:00,17,3,17,21,10,974,401,Route des Merles,21.20753,55.35495,Nuit avec éclairage allumé,Hors agglomération,Hors intersection,Normale,Deux véhicules - frontale,,,,,,,,,,,5,1,1,1.0,1.0
201700059386,0017-07-09 19:00:00,17,7,9,19,0,974,404,Chemin Ravine Sèche,21.25144,55.35462,Nuit sans éclairage public,En agglomération,Intersection en Y,Normale,Deux véhicules - frontale,,,,,,,,,,,3,2,4,1.0,1.0
201700059387,0017-09-07 07:30:00,17,9,7,7,30,974,404,RN1 PR 69.5,,,Plein jour,Hors agglomération,Hors intersection,Normale,Deux véhicules - arrière,,,,,,,,,,,1,1,1,1.0,2.0
201700059388,0017-10-07 14:40:00,17,10,7,14,40,974,404,RN 1,21.28153,55.36697,Plein jour,Hors agglomération,Hors intersection,Normale,Trois véhicules et plus - collisions multiples,,,,,,,,,,,1,1,1,1.0,5.0
201700059389,0017-10-05 18:30:00,17,10,5,18,30,974,404,PR 69 - 2X2 VOIES,21.26879,55.3402,Nuit sans éclairage public,Hors agglomération,Hors intersection,Normale,Deux véhicules - arrière,,,,,,,,,,,3,1,1,1.0,2.0
201700059390,0017-10-25 15:20:00,17,10,25,15,20,974,401,71 Av Général de Gaulle,21.24423,55.33386,Plein jour,En agglomération,Hors intersection,Normale,Sans collision,,,,,,,,,,,1,2,1,1.0,7.0
201700059391,0017-11-17 06:30:00,17,11,17,6,30,974,404,route des canots,21.24695,55.36676,Plein jour,En agglomération,Hors intersection,Normale,Sans collision,,,,,,,,,,,1,2,1,1.0,7.0
201700059392,0017-01-06 17:45:00,17,1,6,17,45,974,405,183 rue Paul Demange,21.33847,55.56568,Plein jour,Hors agglomération,Hors intersection,Normale,Sans collision,,,,,,,,,,,1,1,1,1.0,7.0
201700059393,0017-01-08 20:05:00,17,1,8,20,5,974,405,RN 2 Rue Augustin Mezino,21.36517,55.54891,Nuit sans éclairage public,Hors agglomération,Hors intersection,Normale,Autre collision,,,,,,,,,,,3,1,1,1.0,6.0
201700059394,0017-02-10 05:15:00,17,2,10,5,15,974,412,Route Nationale 1002,,,Nuit sans éclairage public,En agglomération,Hors intersection,Normale,Autre collision,,,,,,,,,,,3,2,1,1.0,6.0
201700059395,0017-02-10 08:35:00,17,2,10,8,35,974,412,rue charles baudelaire,21.38035,55.65391,Plein jour,En agglomération,Hors intersection,Normale,Deux véhicules - frontale,,,,,,,,,,,1,2,1,1.0,1.0
201700059396,0017-02-26 20:30:00,17,2,26,20,30,974,412,ROUTE DE LA GRANDE CORNI,21.37357,55.59591,Nuit avec éclairage allumé,Hors agglomération,Hors intersection,Normale,Autre collision,,,,,,,,,,,5,1,1,1.0,6.0
201700059397,0017-02-26 16:20:00,17,2,26,16,20,974,412,Rue Marcel Pagnol,21.37811,55.66055,Plein jour,Hors agglomération,Hors intersection,Normale,Deux véhicules - arrière,,,,,,,,,,,1,1,1,1.0,2.0
201700059398,0017-02-28 20:30:00,17,2,28,20,30,974,412,Rue Raphaël Babet,21.38035,55.60846,Nuit avec éclairage allumé,En agglomération,Hors intersection,Normale,Deux véhicules - côté,,,,,,,,,,,5,2,1,1.0,3.0
201700059399,0017-03-03 20:45:00,17,3,3,20,45,974,412,rue Victor Hugo,21.38079,55.64302,Nuit sans éclairage public,En agglomération,Intersection en T,Normale,Autre collision,,,,,,,,,,,3,2,3,1.0,6.0
201700059400,0017-04-01 03:45:00,17,4,1,3,45,974,405,Rue Augustin Mezino,21.36732,55.55951,Nuit sans éclairage public,Hors agglomération,Giratoire,Normale,Autre collision,,,,,,,,,,,3,1,6,1.0,6.0
201700059401,0017-04-30 11:30:00,17,4,30,11,30,974,405,rue maxime payet - RN 2,,,Plein jour,Hors agglomération,Hors intersection,Pluie légère,Autre collision,,,,,,,,,,,1,1,1,2.0,6.0
201700059402,0017-05-12 12:25:00,17,5,12,12,25,974,405,Rue Maxime Payet,21.36745,55.57159,Plein jour,En agglomération,Hors intersection,Normale,Deux véhicules - côté,,,,,,,,,,,1,2,1,1.0,3.0
201700059403,0017-06-01 08:00:00,17,6,1,8,0,974,412,Boulevard Lenepveu,21.38567,55.61244,Plein jour,En agglomération,Intersection en T,Normale,Autre collision,,,,,,,,,,,1,2,3,1.0,6.0
201700059404,0017-07-06 14:10:00,17,7,6,14,10,974,405,Route Nationale 2,21.36736,55.57151,Plein jour,Hors agglomération,Intersection en T,Normale,Deux véhicules - côté,,,,,,,,,,,1,1,3,1.0,3.0
201700059405,0017-07-23 15:50:00,17,7,23,15,50,974,412,Rue Raphael Babet,21.37955,55.60635,Plein jour,En agglomération,Hors intersection,Normale,Deux véhicules - arrière,,,,,,,,,,,1,2,1,1.0,2.0
201700059406,0017-08-06 01:50:00,17,8,6,1,50,974,405,Rue Maxime Payet,21.36811,55.58154,Nuit sans éclairage public,Hors agglomération,Hors intersection,Normale,Deux véhicules - frontale,,,,,,,,,,,3,1,1,1.0,1.0
201700059407,0017-09-14 06:50:00,17,9,14,6,50,974,405,Chemin Laguerre,21.35966,55.56007,Plein jour,Hors agglomération,Hors intersection,Normale,Deux véhicules - côté,,,,,,,,,,,1,1,1,1.0,3.0
201700059408,0017-09-23 19:50:00,17,9,23,19,50,974,405,33 Rue Paul Demange,21.34152,55.56039,Nuit avec éclairage allumé,En agglomération,Hors intersection,Normale,Deux véhicules - frontale,,,,,,,,,,,5,2,1,1.0,1.0
201700059409,0017-10-13 15:50:00,17,10,13,15,50,974,412,Rue Leconte de Lisle,21.37225,55.62073,Plein jour,En agglomération,Hors intersection,Normale,Autre collision,,,,,,,,,,,1,2,1,1.0,6.0
201700059410,0017-10-24 19:20:00,17,10,24,19,20,974,405,RN2,21.36807,55.5612,Nuit sans éclairage public,Hors agglomération,Hors intersection,Normale,Deux véhicules - frontale,,,,,,,,,,,3,1,1,1.0,1.0
201700059411,0017-10-27 07:00:00,17,10,27,7,0,974,405,Rue Augustin Mezzino,21.36528,55.54734,Plein jour,Hors agglomération,Hors intersection,Normale,Autre collision,,,,,,,,,,,1,1,1,1.0,6.0
201700059412,0017-11-22 12:00:00,17,11,22,12,0,974,405,Rue Paul Demange,21.33816,55.55997,Plein jour,Hors agglomération,Hors intersection,Pluie légère,Autre collision,,,,,,,,,,,1,1,1,2.0,6.0
201700059413,0017-11-30 07:15:00,17,11,30,7,15,974,412,Rue Maxime Payet,,,Plein jour,En agglomération,Hors intersection,Normale,Sans collision,,,,,,,,,,,1,2,1,1.0,7.0
201700059414,0017-12-25 00:15:00,17,12,25,0,15,974,412,Rue Claude Marion,21.33988,55.6676,Nuit avec éclairage non allumé,Hors agglomération,Hors intersection,Normale,Autre collision,,,,,,,,,,,4,1,1,1.0,6.0
201700059415,0017-01-07 19:30:00,17,1,7,19,30,974,422,Chemin Neuf -Pont d'Yves,21.23886,55.50936,Nuit sans éclairage public,Hors agglomération,Hors intersection,Normale,Sans collision,,,,,,,,,,,3,1,1,1.0,7.0
201700059416,0017-01-09 23:10:00,17,1,9,23,10,974,422,50 Rue Georges Pompidou,,,Nuit sans éclairage public,En agglomération,Hors intersection,Normale,Deux véhicules - frontale,,,,,,,,,,,3,2,1,1.0,1.0
201700059417,0017-02-20 17:45:00,17,2,20,17,45,974,422,rue du général de Gaulle,21.05188,55.22712,Plein jour,En agglomération,Hors intersection,Normale,Deux véhicules - côté,,,,,,,,,,,1,2,1,1.0,3.0
201700059418,0017-02-22 17:55:00,17,2,22,17,55,974,422,rue ignace hoarau,21.28781,55.50791,Plein jour,En agglomération,Hors intersection,Normale,Deux véhicules - côté,,,,,,,,,,,1,2,1,1.0,3.0
201700059419,0017-03-11 00:05:00,17,3,11,0,5,974,422,120 Chemin Neuf,21.24385,55.51218,Nuit avec éclairage non allumé,En agglomération,Hors intersection,Normale,Autre collision,,,,,,,,,,,4,2,1,1.0,6.0
201700059420,0017-03-26 15:55:00,17,3,26,15,55,974,422,90 Chemin Saint Augustin,21.26519,55.49661,Plein jour,En agglomération,Hors intersection,Temps couvert,Deux véhicules - côté,,,,,,,,,,,1,2,1,8.0,3.0
201700059421,0017-04-01 09:40:00,17,4,1,9,40,974,422,24 rue Roland Garros,21.2768,55.51904,Plein jour,En agglomération,Hors intersection,Normale,Sans collision,,,,,,,,,,,1,2,1,1.0,7.0
201700059422,0017-04-22 14:15:00,17,4,22,14,15,974,422,194 bis chemin du Grand,,,Plein jour,Hors agglomération,Hors intersection,Normale,Sans collision,,,,,,,,,,,1,1,1,1.0,7.0
201700059423,0017-05-15 17:05:00,17,5,15,17,5,974,422,83 Chemin Jamerosas,21.24057,55.50188,Plein jour,En agglomération,Hors intersection,Normale,Deux véhicules - frontale,,,,,,,,,,,1,2,1,1.0,1.0
201700059424,0017-06-14 18:15:00,17,6,14,18,15,974,422,Rue du Général Bigeard,21.27451,55.51503,Nuit avec éclairage allumé,En agglomération,Intersection en T,Normale,Deux véhicules - côté,,,,,,,,,,,5,2,3,1.0,3.0
201700059425,0017-06-20 17:00:00,17,6,20,17,0,974,422,Chemin Armanette,21.25381,55.52251,Plein jour,En agglomération,Hors intersection,Normale,Sans collision,,,,,,,,,,,1,2,1,1.0,7.0
201700059426,0017-07-16 20:00:00,17,7,16,20,0,974,422,Chemin Isautier,21.25977,55.52262,Nuit avec éclairage allumé,En agglomération,Giratoire,Normale,Deux véhicules - côté,,,,,,,,,,,5,2,6,1.0,3.0
201700059427,0017-07-24 16:50:00,17,7,24,16,50,974,422,111 bis Chemin Isautier,21.26246,55.5197,Plein jour,En agglomération,Hors intersection,Normale,Deux véhicules - frontale,,,,,,,,,,,1,2,1,1.0,1.0
201700059428,0017-08-05 19:15:00,17,8,5,19,15,974,422,129 Ch du Petit Tampon,21.27865,55.53953,Nuit avec éclairage allumé,En agglomération,Hors intersection,Normale,Deux véhicules - frontale,,,,,,,,,,,5,2,1,1.0,1.0
201700059429,0017-08-06 19:30:00,17,8,6,19,30,974,422,249 Chemin des Jamerosas,21.24049,55.50113,Nuit sans éclairage public,En agglomération,Hors intersection,Normale,Autre collision,,,,,,,,,,,3,2,1,1.0,6.0
201700059430,0017-08-11 20:40:00,17,8,11,20,40,974,422,522 Rue Hubert Delisle,21.27766,55.51431,Nuit avec éclairage allumé,En agglomération,Hors intersection,Normale,Autre collision,,,,,,,,,,,5,2,1,1.0,6.0
201700059431,0017-08-31 10:25:00,17,8,31,10,25,974,422,Ch Stéphane/Rte Flamboya,21.26992,55.49418,Plein jour,En agglomération,Intersection en X,Normale,Deux véhicules - côté,,,,,,,,,,,1,2,2,1.0,3.0
201700059432,0017-10-13 12:00:00,17,10,13,12,0,974,422,Derrière Unversité,21.26999,55.50511,Plein jour,En agglomération,Hors intersection,Normale,Sans collision,,,,,,,,,,,1,2,1,1.0,7.0
201700059433,0017-10-22 22:50:00,17,10,22,22,50,974,422,Route Nationale 3,21.28531,55.51678,Nuit avec éclairage allumé,En agglomération,Hors intersection,Normale,Deux véhicules - arrière,,,,,,,,,,,5,2,1,1.0,2.0
201700059434,0017-10-27 19:15:00,17,10,27,19,15,974,422,188 rue Emile Zola,21.36528,55.49738,Nuit sans éclairage public,En agglomération,Hors intersection,Normale,Autre collision,,,,,,,,,,,3,2,1,1.0,6.0
201700059435,0017-12-12 23:00:00,17,12,12,23,0,974,422,Chemin Isautier,21.26752,55.51253,Nuit sans éclairage public,En agglomération,Hors intersection,Normale,Deux véhicules - frontale,,,,,,,,,,,3,2,1,1.0,1.0
201700059436,0017-12-19 18:45:00,17,12,19,18,45,974,422,Rue du docteur Charrière,21.26075,55.50873,Plein jour,En agglomération,Hors intersection,Normale,Autre collision,,,,,,,,,,,1,2,1,1.0,6.0
201700059437,0017-12-21 09:55:00,17,12,21,9,55,974,422,Ch Notre dame Salette,21.238,55.51899,Plein jour,En agglomération,Intersection en X,Normale,Deux véhicules - côté,,,,,,,,,,,1,2,2,1.0,3.0
201700059438,0017-12-31 05:20:00,17,12,31,5,20,971,105,BOLOGNE (ROUTE DE),,,Nuit avec éclairage allumé,En agglomération,Hors intersection,Normale,Sans collision,,,,,,,,,,,5,2,1,1.0,7.0
201700059439,0017-02-05 14:55:00,17,2,5,14,55,971,105,", BD GERTY ARCHIMEDE",,,Plein jour,Hors agglomération,Hors intersection,Normale,Deux véhicules - côté,,,,,,,,,,,1,1,1,1.0,3.0
201700059440,0017-02-06 12:25:00,17,2,6,12,25,971,105,"1, FELIX EBOUE (BOULVARD",,,Plein jour,En agglomération,Hors intersection,Normale,Deux véhicules - côté,,,,,,,,,,,1,2,1,1.0,3.0
201700059441,0017-03-24 00:02:00,17,3,24,0,2,971,105,BD GERTY ARCHIMEDE,,,Nuit avec éclairage allumé,En agglomération,Hors intersection,Normale,Deux véhicules - côté,,,,,,,,,,,5,2,1,1.0,3.0
201700059442,0017-04-11 22:25:00,17,4,11,22,25,971,105,FELIX EBOUE (BOULVARD G.,15.99168,61.72868,Nuit avec éclairage allumé,En agglomération,Hors intersection,Normale,Autre collision,,,,,,,,,,,5,2,1,1.0,6.0
201700059443,0017-06-23 23:40:00,17,6,23,23,40,971,105,CHARLES DE GAULLE (BD DU,,,Nuit sans éclairage public,En agglomération,Intersection en T,Normale,Deux véhicules - arrière,,,,,,,,,,,3,2,3,1.0,2.0
201700059444,0017-09-30 12:25:00,17,9,30,12,25,971,105,GOUVERNEUR DU LYON (AVE),16.00101,61.73871,Plein jour,En agglomération,Intersection en T,Normale,Deux véhicules - côté,,,,,,,,,,,1,2,3,1.0,3.0
201700059445,0017-10-13 12:35:00,17,10,13,12,35,971,105,"46, LARDENOY (RUE DE )",15.99248,61.72383,Plein jour,En agglomération,Intersection en T,Normale,Deux véhicules - côté,,,,,,,,,,,1,2,3,1.0,3.0
201700059446,0017-12-02 18:15:00,17,12,2,18,15,971,105,"691, GOUVERNEUR DU LYON",16.00474,61.73981,Nuit avec éclairage allumé,Hors agglomération,Hors intersection,Normale,Deux véhicules - frontale,,,,,,,,,,,5,1,1,1.0,1.0
201700059447,0017-01-31 13:10:00,17,1,31,13,10,971,107,"15, PAUL LACAVE ( AVENUE",,,Plein jour,En agglomération,Hors intersection,Normale,Autre collision,,,,,,,,,,,1,2,1,1.0,6.0
201700059448,0017-02-16 22:25:00,17,2,16,22,25,971,107,DUMANOIR ( ALLEE ),16.03257,61.56931,Nuit avec éclairage allumé,En agglomération,Hors intersection,Normale,Deux véhicules - frontale,,,,,,,,,,,5,2,1,1.0,1.0
201700059449,0017-03-04 15:00:00,17,3,4,15,0,971,107,"29, SIMEON PIOCHE (RUE )",,,Plein jour,En agglomération,Hors intersection,Normale,Deux véhicules - côté,,,,,,,,,,,1,2,1,1.0,3.0
201700059450,0017-04-05 19:55:00,17,4,5,19,55,971,107,FRONT DE MER ( BOULEVARD,,,Nuit avec éclairage allumé,En agglomération,Place,Normale,Deux véhicules - côté,,,,,,,,,,,5,2,7,1.0,3.0
201700059451,0017-05-06 15:00:00,17,5,6,15,0,971,107,FRONT DE MER ( BOULEVARD,16.04534,61.56137,Plein jour,En agglomération,Intersection en T,Normale,Deux véhicules - côté,,,,,,,,,,,1,2,3,1.0,3.0
201700059452,0017-05-13 01:40:00,17,5,13,1,40,971,107,"74, PAUL LACAVE ( AVENUE",16.02399,61.33411,Nuit avec éclairage allumé,En agglomération,Hors intersection,Normale,Autre collision,,,,,,,,,,,5,2,1,1.0,6.0
201700059453,0017-05-19 06:00:00,17,5,19,6,0,971,107,DUMANOIR ( ALLEE ),16.03109,61.57105,Plein jour,En agglomération,Hors intersection,Normale,Sans collision,,,,,,,,,,,1,2,1,1.0,7.0
201700059454,0017-06-03 13:50:00,17,6,3,13,50,971,107,JEAN LAURENT ( RUE ),16.0387,61.57204,Plein jour,Hors agglomération,Hors intersection,Normale,Sans collision,,,,,,,,,,,1,1,1,1.0,7.0
201700059455,0017-06-08 15:10:00,17,6,8,15,10,971,107,PHILIS LEON SEYMOUR ( RU,16.04608,61.56162,Plein jour,Hors agglomération,Intersection en T,Normale,Sans collision,,,,,,,,,,,1,1,3,1.0,7.0
201700059456,0017-07-05 08:20:00,17,7,5,8,20,971,107,"42, PAUL LACAVE ( AVENUE",16.02311,61.33523,Plein jour,En agglomération,Hors intersection,Normale,Deux véhicules - arrière,,,,,,,,,,,1,2,1,1.0,2.0
201700059457,0017-07-25 09:15:00,17,7,25,9,15,971,107,USINE (RUE DE L'),16.04526,61.56759,Plein jour,Hors agglomération,Intersection en X,Normale,Deux véhicules - côté,,,,,,,,,,,1,1,2,1.0,3.0
201700059458,0017-08-21 18:20:00,17,8,21,18,20,971,107,DUMANOIR ( ALLEE ),16.0,61.0,Crépuscule ou aube,En agglomération,Intersection en T,Normale,Deux véhicules - côté,,,,,,,,,,,2,2,3,1.0,3.0
201700059459,0017-09-18 16:15:00,17,9,18,16,15,971,107,DELGRES ( BOULEVARD ),16.24412,61.33516,Plein jour,En agglomération,Hors intersection,Vent fort / tempête,Sans collision,,,,,,,,,,,1,2,1,6.0,7.0
201700059460,0017-10-11 15:45:00,17,10,11,15,45,971,107,MONTPLAISIR ( RUE ),16.24677,61.33487,Plein jour,En agglomération,Intersection en X,Normale,Deux véhicules - côté,,,,,,,,,,,1,2,2,1.0,3.0
201700059461,0017-11-18 18:40:00,17,11,18,18,40,971,107,FLAMBOYANTS ( ALLEE DES,16.05221,61.56653,Nuit avec éclairage allumé,En agglomération,Intersection en T,Normale,Deux véhicules - côté,,,,,,,,,,,5,2,3,1.0,3.0
201700059462,0017-11-30 16:45:00,17,11,30,16,45,971,107,GERMAIN ST RUF (AVENUE ),16.03817,61.59813,Plein jour,En agglomération,Intersection en T,Normale,Autre collision,,,,,,,,,,,1,2,3,1.0,6.0
201700059463,0017-12-14 18:25:00,17,12,14,18,25,971,107,MARQUISAT ( ROUTE DE ),16.04151,61.57131,Nuit avec éclairage allumé,En agglomération,Place,Normale,Deux véhicules - arrière,,,,,,,,,,,5,2,7,1.0,2.0
201700059464,0017-12-24 01:45:00,17,12,24,1,45,971,107,GALBAS (CHEMIN DES ),16.04769,61.56852,Nuit avec éclairage allumé,En agglomération,Hors intersection,Normale,Deux véhicules - arrière,,,,,,,,,,,5,2,1,1.0,2.0
201700059465,0017-01-01 13:45:00,17,1,1,13,45,971,113,"4, RN4 - SECTION RIVIERA",,,Plein jour,En agglomération,Intersection en T,Normale,Trois véhicules et plus - collisions multiples,,,,,,,,,,,1,2,3,1.0,5.0
201700059466,0017-01-01 17:50:00,17,1,1,17,50,971,101,"1, RN1 ROCADE DE CHAUVEL",,,Plein jour,Hors agglomération,Hors intersection,Normale,Sans collision,,,,,,,,,,,1,1,1,1.0,7.0
201700059467,0017-01-02 18:30:00,17,1,2,18,30,971,101,"129, RN5-BOISRIPEAUX",,,Nuit avec éclairage allumé,En agglomération,Intersection en T,Pluie forte,Autre collision,,,,,,,,,,,5,2,3,3.0,6.0
201700059468,0017-01-06 19:45:00,17,1,6,19,45,971,101,CARAQUE,,,Nuit sans éclairage public,Hors agglomération,Hors intersection,Normale,Deux véhicules - frontale,,,,,,,,,,,3,1,1,1.0,1.0
201700059469,0017-01-06 18:30:00,17,1,6,18,30,971,101,"5, PROVIDENCE",,,Nuit avec éclairage allumé,Hors agglomération,Hors intersection,Normale,Sans collision,,,,,,,,,,,5,1,1,1.0,7.0
201700059470,0017-01-12 05:45:00,17,1,12,5,45,971,101,"5, RN05",,,Nuit avec éclairage allumé,En agglomération,Autre intersection,Pluie légère,Sans collision,,,,,,,,,,,5,2,9,2.0,7.0
201700059471,0017-01-13 06:58:00,17,1,13,6,58,971,120,ZONE INDUSTRIELLE DE BER,,,Plein jour,En agglomération,Intersection en Y,Normale,Deux véhicules - côté,,,,,,,,,,,1,2,4,1.0,3.0
201700059472,0017-01-14 12:30:00,17,1,14,12,30,971,101,"5, PETIT PEROU",,,Plein jour,En agglomération,Autre intersection,Normale,Deux véhicules - côté,,,,,,,,,,,1,2,9,1.0,3.0
201700059473,0017-01-04 11:25:00,17,1,4,11,25,971,101,"00, RN5-BOISRIPEAUX",,,Plein jour,En agglomération,Intersection en T,Normale,Deux véhicules - côté,,,,,,,,,,,1,2,3,1.0,3.0
201700059474,0017-01-14 20:00:00,17,1,14,20,0,971,101,"5, PROVIDENCE",,,Nuit sans éclairage public,En agglomération,Hors intersection,Pluie légère,Sans collision,,,,,,,,,,,3,2,1,2.0,7.0
201700059475,0017-01-18 15:00:00,17,1,18,15,0,971,101,"1, RN1 ROCADE DE CHAUVEL",,,Plein jour,Hors agglomération,Hors intersection,Normale,Deux véhicules - arrière,,,,,,,,,,,1,1,1,1.0,2.0
201700059476,0017-01-21 19:00:00,17,1,21,19,0,971,101,"129, BOULEVARD DES HEROS",,,Nuit avec éclairage allumé,En agglomération,Hors intersection,Normale,Deux véhicules - arrière,,,,,,,,,,,5,2,1,1.0,2.0
201700059477,0017-01-26 22:00:00,17,1,26,22,0,971,101,"103, CENTRE HOSPITALIER",,,Nuit avec éclairage allumé,En agglomération,Autre intersection,Normale,Deux véhicules - côté,,,,,,,,,,,5,2,9,1.0,3.0
201700059478,0017-02-05 13:15:00,17,2,5,13,15,971,101,"103, CHAUVEL",,,Plein jour,Hors agglomération,Intersection en T,Normale,Deux véhicules - côté,,,,,,,,,,,1,1,3,1.0,3.0
201700059479,0017-02-06 17:20:00,17,2,6,17,20,971,101,"76, VIEUX BOURG",,,Plein jour,En agglomération,Hors intersection,Normale,Sans collision,,,,,,,,,,,1,2,1,1.0,7.0
201700059480,0017-02-11 19:10:00,17,2,11,19,10,971,101,"129, BOULEVARD DES HEROS",,,Nuit avec éclairage allumé,En agglomération,Hors intersection,Normale,Sans collision,,,,,,,,,,,5,2,1,1.0,7.0
201700059481,0017-02-14 07:15:00,17,2,14,7,15,971,113,GRAND BAIE ( RN4),,,Plein jour,Hors agglomération,Hors intersection,Normale,Trois véhicules et plus - en chaîne,,,,,,,,,,,1,1,1,1.0,4.0
201700059482,0017-02-15 06:50:00,17,2,15,6,50,971,101,"00, DOTHEMARE",16.27368,61.50716,Plein jour,En agglomération,Intersection en T,Normale,Autre collision,,,,,,,,,,,1,2,3,1.0,6.0
201700059483,0017-02-18 21:30:00,17,2,18,21,30,971,113,RN4 - SECTION RIVIERA,,,Nuit avec éclairage allumé,En agglomération,Hors intersection,Normale,Deux véhicules - côté,,,,,,,,,,,5,2,1,1.0,3.0
201700059484,0017-02-18 20:37:00,17,2,18,20,37,971,101,"129, DUGAZON",,,Nuit avec éclairage allumé,Hors agglomération,Hors intersection,Normale,Sans collision,,,,,,,,,,,5,1,1,1.0,7.0
201700059485,0017-02-23 05:40:00,17,2,23,5,40,971,101,"129, PETIT PEROU",,,Nuit avec éclairage allumé,Hors agglomération,Hors intersection,Normale,Sans collision,,,,,,,,,,,5,1,1,1.0,7.0
201700059486,0017-11-13 17:40:00,17,11,13,17,40,971,101,BOULEVARD DES HEROS,16.25001,61.50001,Crépuscule ou aube,En agglomération,Hors intersection,Normale,Autre collision,,,,,,,,,,,2,2,1,1.0,6.0
201700059487,0017-03-11 23:10:00,17,3,11,23,10,971,101,"126, MIQUEL",,,Nuit avec éclairage allumé,En agglomération,Hors intersection,Normale,Deux véhicules - arrière,,,,,,,,,,,5,2,1,1.0,2.0
201700059488,0017-03-06 16:40:00,17,3,6,16,40,971,113,"00, SECTION GRANDE RAVIN",,,Plein jour,Hors agglomération,Intersection en Y,Normale,Deux véhicules - côté,,,,,,,,,,,1,1,4,1.0,3.0
201700059489,0017-03-22 17:15:00,17,3,22,17,15,971,113,"119, MONTAUBAN (SECTEUR)",,,Plein jour,Hors agglomération,Hors intersection,Normale,Deux véhicules - côté,,,,,,,,,,,1,1,1,1.0,3.0
201700059490,0017-03-23 21:30:00,17,3,23,21,30,971,120,"126, GERTY ARCHIMEDE (RE",,,Nuit avec éclairage allumé,En agglomération,Hors intersection,Normale,Sans collision,,,,,,,,,,,5,2,1,1.0,7.0
201700059491,0017-03-18 10:08:00,17,3,18,10,8,971,101,"5, VIEUX BOURG",,,Plein jour,En agglomération,Hors intersection,Normale,Sans collision,,,,,,,,,,,1,2,1,1.0,7.0
201700059492,0017-03-25 18:55:00,17,3,25,18,55,971,101,"106, PERRIN",,,Nuit avec éclairage allumé,Hors agglomération,Hors intersection,Normale,Sans collision,,,,,,,,,,,5,1,1,1.0,7.0
201700059493,0017-03-30 17:10:00,17,3,30,17,10,971,101,"106, PERRIN (SECTEUR)",16.50996,61.26236,Plein jour,En agglomération,Intersection en T,Normale,Deux véhicules - côté,,,,,,,,,,,1,2,3,1.0,3.0
201700059494,0017-04-02 22:25:00,17,4,2,22,25,971,113,"4, SECTION GRANDE RAVINE",16.21001,61.46543,Nuit sans éclairage public,Hors agglomération,Hors intersection,Normale,Deux véhicules - frontale,,,,,,,,,,,3,1,1,1.0,1.0
201700059495,0017-04-04 10:42:00,17,4,4,10,42,971,113,"119, POINTE DE LA VERDUR",16.21211,61.49591,Plein jour,En agglomération,Intersection en X,Normale,Deux véhicules - arrière,,,,,,,,,,,1,2,2,1.0,2.0
201700059496,0017-04-07 14:17:00,17,4,7,14,17,971,101,"4, CREPS ANTILLES GUYANE",16.25724,61.52021,Plein jour,Hors agglomération,Hors intersection,Normale,Deux véhicules - frontale,,,,,,,,,,,1,1,1,1.0,1.0
201700059497,0017-04-12 07:20:00,17,4,12,7,20,971,101,"126, MIQUEL",16.24684,61.53394,Plein jour,En agglomération,Giratoire,Normale,Sans collision,,,,,,,,,,,1,2,6,1.0,7.0
201700059498,0017-04-16 23:50:00,17,4,16,23,50,971,101,ROUTE DE BOISVINS,16.26312,61.49143,Nuit sans éclairage public,En agglomération,Hors intersection,Normale,Deux véhicules - côté,,,,,,,,,,,3,2,1,1.0,3.0
201700059499,0017-04-19 17:15:00,17,4,19,17,15,971,113,"00, ALIE ANDRE CHRISTOPH",16.20645,61.48781,Plein jour,En agglomération,Hors intersection,Normale,Sans collision,,,,,,,,,,,1,2,1,1.0,7.0
201700059500,0017-04-24 16:00:00,17,4,24,16,0,971,101,"00, GRAND CAMP(SECTION)",16.24917,61.53468,Plein jour,En agglomération,Hors intersection,Normale,Sans collision,,,,,,,,,,,1,2,1,1.0,7.0
201700059501,0017-04-27 15:00:00,17,4,27,15,0,971,101,"00, CARAQUE",16.25034,61.48854,Plein jour,Hors agglomération,Intersection en Y,Normale,Deux véhicules - côté,,,,,,,,,,,1,1,4,1.0,3.0