accident_id,datetime,annee,mois,jour,heure,minute,departement,commune_insee,adresse,latitude,longitude,luminosite,agglomeration,intersection,meteo,collision,nb_vehicules,nb_usagers,nb_indemnes,nb_tues,nb_blesses_hosp,nb_blesses_legers,age_cond_1,age_cond_2,veh_type_cond_1,veh_type_cond_2,lum_code,agg_code,int_code,atm_code,col_code
201700059620,0017-06-21 15:06:00,17,6,21,15,6,972,209,RN9,,,Plein jour,Hors agglomération,Hors intersection,Normale,Sans collision,,,,,,,,,,,1,1,1,1.0,7.0
201700059621,0017-05-03 16:03:00,17,5,3,16,3,972,209,RELIGIEUSES (ROUTE DES),,,Plein jour,Hors agglomération,Hors intersection,Normale,Autre collision,,,,,,,,,,,1,1,1,1.0,6.0
201700059622,0017-05-04 18:50:00,17,5,4,18,50,972,209,"01, FRANCOIS RUSTAL (RUE",,,Crépuscule ou aube,Hors agglomération,Hors intersection,Normale,Autre collision,,,,,,,,,,,2,1,1,1.0,6.0
201700059623,0017-06-29 09:00:00,17,6,29,9,0,972,209,RD 41 (ROCADE),,,Plein jour,Hors agglomération,Hors intersection,Normale,Autre collision,,,,,,,,,,,1,1,1,1.0,6.0
201700059624,0017-05-07 01:10:00,17,5,7,1,10,972,209,VICTOR LAMON (AVENUE),14.60469,61.05596,Nuit avec éclairage allumé,Hors agglomération,Hors intersection,Normale,Autre collision,,,,,,,,,,,5,1,1,1.0,6.0
201700059625,0017-05-14 19:43:00,17,5,14,19,43,972,209,"13, EMILE ZOLA (RUE)",,,Nuit avec éclairage allumé,En agglomération,Hors intersection,Normale,Autre collision,,,,,,,,,,,5,2,1,1.0,6.0
201700059626,0017-05-15 12:03:00,17,5,15,12,3,972,209,"67, TI DOUDOU (RUE)",14.60901,61.05802,Plein jour,En agglomération,Intersection en X,Normale,Deux véhicules - côté,,,,,,,,,,,1,2,2,1.0,3.0
201700059627,0017-05-17 10:17:00,17,5,17,10,17,972,209,BALATA (ROUTE DE),,,Plein jour,Hors agglomération,Hors intersection,Normale,Autre collision,,,,,,,,,,,1,1,1,1.0,6.0
201700059628,0017-05-18 13:20:00,17,5,18,13,20,972,209,PROFESSEUR RAYMOND GARCI,14.62191,61.07801,Plein jour,Hors agglomération,Hors intersection,Normale,Deux véhicules - frontale,,,,,,,,,,,1,1,1,1.0,1.0
201700059629,0017-05-19 07:45:00,17,5,19,7,45,972,209,JAMBETTE (ROUTE DE),14.6327,61.04076,Plein jour,Hors agglomération,Autre intersection,Normale,Deux véhicules - côté,,,,,,,,,,,1,1,9,1.0,3.0
201700059630,0017-05-20 04:28:00,17,5,20,4,28,972,209,RAVINE VILAINE (CHEMIN D,,,Nuit avec éclairage allumé,Hors agglomération,Hors intersection,Normale,Deux véhicules - frontale,,,,,,,,,,,5,1,1,1.0,1.0
201700059631,0017-05-20 03:00:00,17,5,20,3,0,972,209,RD 41 (ROCADE),,,Nuit avec éclairage non allumé,Hors agglomération,Hors intersection,Normale,Sans collision,,,,,,,,,,,4,1,1,1.0,7.0
201700059632,0017-06-02 12:28:00,17,6,2,12,28,972,209,PROFESSEUR RAYMOND GARCI,,,Plein jour,Hors agglomération,Hors intersection,Normale,Autre collision,,,,,,,,,,,1,1,1,1.0,6.0
201700059633,0017-06-03 07:55:00,17,6,3,7,55,972,209,"86, ALLEGRE (BOULEVARD)",,,Plein jour,En agglomération,Hors intersection,Normale,Autre collision,,,,,,,,,,,1,2,1,1.0,6.0
201700059634,0017-06-03 08:30:00,17,6,3,8,30,972,209,SOLEIL LEVANT (BOULEVARD,,,Plein jour,Hors agglomération,Hors intersection,Normale,Autre collision,,,,,,,,,,,1,1,1,1.0,6.0
201700059635,0017-06-17 16:04:00,17,6,17,16,4,972,209,RELIGIEUSES (ROUTE DES),,,Plein jour,En agglomération,Hors intersection,Normale,Sans collision,,,,,,,,,,,1,2,1,1.0,7.0
201700059636,0017-06-18 07:10:00,17,6,18,7,10,972,209,BISHOP (Avenue Maurice),,,Plein jour,En agglomération,Intersection en T,Normale,Deux véhicules - côté,,,,,,,,,,,1,2,3,1.0,3.0
201700059637,0017-06-29 15:26:00,17,6,29,15,26,972,209,RELIGIEUSES (ROUTE DES),,,Plein jour,En agglomération,Hors intersection,Normale,Autre collision,,,,,,,,,,,1,2,1,1.0,6.0
201700059638,0017-07-07 01:15:00,17,7,7,1,15,972,209,BALATA (ROUTE DE),,,Nuit avec éclairage allumé,Hors agglomération,Hors intersection,Normale,Autre collision,,,,,,,,,,,5,1,1,1.0,6.0
201700059639,0017-07-08 01:55:00,17,7,8,1,55,972,209,RN9,,,Nuit avec éclairage allumé,Hors agglomération,Hors intersection,Temps couvert,Sans collision,,,,,,,,,,,5,1,1,8.0,7.0
201700059640,0017-07-08 13:12:00,17,7,8,13,12,972,209,CHATEAUBOEUF (ROUTE DE),,,Plein jour,Hors agglomération,Hors intersection,Normale,Sans collision,,,,,,,,,,,1,1,1,1.0,7.0
201700059641,0017-07-08 18:53:00,17,7,8,18,53,972,209,"14, RICHARD GRANVORKA (R",,,Crépuscule ou aube,Hors agglomération,Hors intersection,Normale,Deux véhicules - arrière,,,,,,,,,,,2,1,1,1.0,2.0
201700059642,0017-07-29 13:00:00,17,7,29,13,0,972,209,BISHOP (Avenue Maurice),,,Plein jour,En agglomération,Hors intersection,Normale,Autre collision,,,,,,,,,,,1,2,1,1.0,6.0
201700059643,0017-07-20 17:40:00,17,7,20,17,40,972,209,SALVATOR ALLENDE (AVENUE,,,Plein jour,En agglomération,Hors intersection,Normale,Autre collision,,,,,,,,,,,1,2,1,1.0,6.0
201700059644,0017-07-30 06:55:00,17,7,30,6,55,972,209,RN9,,,Plein jour,Hors agglomération,Autre intersection,Normale,Autre collision,,,,,,,,,,,1,1,9,1.0,6.0
201700059645,0017-07-30 16:35:00,17,7,30,16,35,972,209,BISHOP (Avenue Maurice),,,Plein jour,En agglomération,Intersection en T,Temps couvert,Deux véhicules - côté,,,,,,,,,,,1,2,3,8.0,3.0
201700059646,0017-07-31 21:50:00,17,7,31,21,50,972,209,REDOUTE (ROUTE DE LA),,,Nuit avec éclairage allumé,Hors agglomération,Hors intersection,Temps couvert,Autre collision,,,,,,,,,,,5,1,1,8.0,6.0
201700059647,0017-08-04 07:05:00,17,8,4,7,5,972,209,GENERAL DE GAULLE (BLD D,,,Plein jour,En agglomération,Hors intersection,Normale,Autre collision,,,,,,,,,,,1,2,1,1.0,6.0
201700059648,0017-08-07 13:22:00,17,8,7,13,22,972,209,AUTOROUTE (A1),,,Plein jour,Hors agglomération,Hors intersection,Normale,Deux véhicules - arrière,,,,,,,,,,,1,1,1,1.0,2.0
201700059649,0017-08-09 13:30:00,17,8,9,13,30,972,209,"8, EUGENE EUCHARIS (RUE)",,,Plein jour,Hors agglomération,Hors intersection,Normale,Autre collision,,,,,,,,,,,1,1,1,1.0,6.0
201700059650,0017-08-12 11:26:00,17,8,12,11,26,972,209,"62, ERNEST DEPROGE (RUE)",,,Plein jour,En agglomération,Hors intersection,Normale,Autre collision,,,,,,,,,,,1,2,1,1.0,6.0
201700059651,0017-08-14 01:06:00,17,8,14,1,6,972,209,RN9,,,Nuit avec éclairage allumé,Hors agglomération,Hors intersection,Normale,Autre collision,,,,,,,,,,,5,1,1,1.0,6.0
201700059652,0017-08-27 01:30:00,17,8,27,1,30,972,209,RAVINE VILAINE (CHEMIN D,,,Nuit avec éclairage allumé,Hors agglomération,Hors intersection,Normale,Sans collision,,,,,,,,,,,5,1,1,1.0,7.0
201700059653,0017-08-30 17:02:00,17,8,30,17,2,972,209,Rue Capitaine MANUEL,,,Plein jour,En agglomération,Hors intersection,Normale,Autre collision,,,,,,,,,,,1,2,1,1.0,6.0
201700059654,0017-09-30 05:51:00,17,9,30,5,51,972,209,"94, BALATA (ROUTE DE)",14.62687,61.07271,Crépuscule ou aube,Hors agglomération,Hors intersection,Normale,Deux véhicules - frontale,,,,,,,,,,,2,1,1,1.0,1.0
201700059655,0017-10-07 05:32:00,17,10,7,5,32,972,209,GENERAL DE GAULLE (BLD D,14.60752,61.07234,Crépuscule ou aube,En agglomération,Hors intersection,Temps couvert,Sans collision,,,,,,,,,,,2,2,1,8.0,7.0
201700059656,0017-09-13 06:35:00,17,9,13,6,35,972,209,GENERAL DE GAULLE (BLD D,14.60775,61.07142,Plein jour,En agglomération,Hors intersection,Normale,Autre collision,,,,,,,,,,,1,2,1,1.0,6.0
201700059657,0017-09-13 18:39:00,17,9,13,18,39,972,209,BISHOP (Avenue Maurice),14.60712,61.05752,Crépuscule ou aube,En agglomération,Hors intersection,Normale,Autre collision,,,,,,,,,,,2,2,1,1.0,6.0
201700059658,0017-09-16 01:30:00,17,9,16,1,30,972,209,PROFESSEUR RAYMOND GARCI,14.62276,61.07833,Nuit avec éclairage allumé,Hors agglomération,Hors intersection,Temps couvert,Sans collision,,,,,,,,,,,5,1,1,8.0,7.0
201700059659,0017-09-16 11:45:00,17,9,16,11,45,972,209,"14, TRANQUILITE (RUE DE",14.60783,61.05835,Plein jour,En agglomération,Hors intersection,Normale,Autre collision,,,,,,,,,,,1,2,1,1.0,6.0
201700059660,0017-09-22 17:55:00,17,9,22,17,55,972,209,GENERAL DE GAULLE (BLD D,14.60675,61.06674,Plein jour,En agglomération,Intersection en X,Normale,Deux véhicules - côté,,,,,,,,,,,1,2,2,1.0,3.0
201700059661,0017-09-24 09:05:00,17,9,24,9,5,972,209,YVES GOUSSARD (RUE),14.60896,61.06719,Plein jour,En agglomération,Hors intersection,Normale,Sans collision,,,,,,,,,,,1,2,1,1.0,7.0
201700059662,0017-09-28 12:29:00,17,9,28,12,29,972,209,ENTRAIDE (ROUTE DE L'),,,Plein jour,Hors agglomération,Hors intersection,Normale,Autre collision,,,,,,,,,,,1,1,1,1.0,6.0
201700059663,0017-10-05 14:40:00,17,10,5,14,40,972,209,RD 41 (ROCADE),14.61668,61.05897,Plein jour,Hors agglomération,Hors intersection,Normale,Autre collision,,,,,,,,,,,1,1,1,1.0,6.0
201700059664,0017-10-05 16:50:00,17,10,5,16,50,972,209,RD 41 (ROCADE),14.61474,61.05305,Plein jour,Hors agglomération,Hors intersection,Normale,Autre collision,,,,,,,,,,,1,1,1,1.0,6.0
201700059665,0017-10-16 12:30:00,17,10,16,12,30,972,209,"11, PAPIN DUPONT (RUE)",14.60701,61.06828,Plein jour,En agglomération,Hors intersection,Temps couvert,Autre collision,,,,,,,,,,,1,2,1,8.0,6.0
201700059666,0017-10-17 00:39:00,17,10,17,0,39,972,209,CHATEAUBOEUF (ROUTE DE),14.62165,61.04302,Nuit avec éclairage allumé,En agglomération,Hors intersection,Temps couvert,Deux véhicules - frontale,,,,,,,,,,,5,2,1,8.0,1.0
201700059667,0017-10-18 12:00:00,17,10,18,12,0,972,209,"108, ERNEST DEPROGE (RUE",14.60353,61.07308,Plein jour,En agglomération,Intersection en X,Normale,Autre collision,,,,,,,,,,,1,2,2,1.0,6.0
201700059668,0017-10-23 10:10:00,17,10,23,10,10,972,209,"64, FRANCOIS ARAGO (RUE)",14.60548,61.07255,Plein jour,En agglomération,Intersection en X,Normale,Deux véhicules - côté,,,,,,,,,,,1,2,2,1.0,3.0
201700059669,0017-10-27 09:40:00,17,10,27,9,40,972,209,"120, FRANCOIS ARAGO (RUE",14.60733,61.07238,Plein jour,En agglomération,Hors intersection,Normale,Autre collision,,,,,,,,,,,1,2,1,1.0,6.0
201700059670,0017-11-02 10:40:00,17,11,2,10,40,972,209,GENERAL DE GAULLE (BLD D,,,Plein jour,En agglomération,Hors intersection,Normale,Autre collision,,,,,,,,,,,1,2,1,1.0,6.0
201700059671,0017-11-04 06:45:00,17,11,4,6,45,972,209,"115, FRANCOIS ARAGO (RUE",,,Plein jour,En agglomération,Hors intersection,Normale,Autre collision,,,,,,,,,,,1,2,1,1.0,6.0
201700059672,0017-11-04 18:35:00,17,11,4,18,35,972,209,BRETELLE SORTIE ROCADE,14.60499,61.08844,Crépuscule ou aube,Hors agglomération,Hors intersection,Pluie forte,Autre collision,,,,,,,,,,,2,1,1,3.0,6.0
201700059673,0017-11-09 19:55:00,17,11,9,19,55,972,209,SOLEIL LEVANT (BOULEVARD,,,Nuit avec éclairage allumé,Hors agglomération,Hors intersection,Normale,Autre collision,,,,,,,,,,,5,1,1,1.0,6.0
201700059674,0017-11-11 02:47:00,17,11,11,2,47,972,209,ALFASSA (BOULEVARD),,,Nuit avec éclairage allumé,En agglomération,Hors intersection,Normale,Sans collision,,,,,,,,,,,5,2,1,1.0,7.0
201700059675,0017-11-12 18:03:00,17,11,12,18,3,972,209,GENERAL DE GAULLE (BLD D,,,Crépuscule ou aube,En agglomération,Hors intersection,Normale,Autre collision,,,,,,,,,,,2,2,1,1.0,6.0
201700059676,0017-11-25 04:55:00,17,11,25,4,55,972,209,DIDIER (ROUTE DE),14.64091,61.08369,Crépuscule ou aube,Hors agglomération,Hors intersection,Normale,Deux véhicules - côté,,,,,,,,,,,2,1,1,1.0,3.0
201700059677,0017-12-30 12:05:00,17,12,30,12,5,972,213,MORNE PITAULT (ROUTE DE),,,Plein jour,Hors agglomération,Hors intersection,Normale,Trois véhicules et plus - collisions multiples,,,,,,,,,,,1,1,1,1.0,5.0
201700059678,0017-01-05 17:35:00,17,1,5,17,35,972,213,ROUTE DEPARTEMENTALE 15,14.61439,61.00474,Plein jour,En agglomération,Hors intersection,Normale,Trois véhicules et plus - collisions multiples,,,,,,,,,,,1,2,1,1.0,5.0
201700059679,0017-01-07 04:00:00,17,1,7,4,0,972,213,ROUTE NATIONALE 5,,,Nuit avec éclairage allumé,Hors agglomération,Hors intersection,Vent fort / tempête,Autre collision,,,,,,,,,,,5,1,1,6.0,6.0
201700059680,0017-01-07 10:30:00,17,1,7,10,30,972,213,ROUTE DEPARTEMENTALE 15,,,Plein jour,Hors agglomération,Intersection en T,Normale,Deux véhicules - côté,,,,,,,,,,,1,1,3,1.0,3.0
201700059681,0017-01-08 04:05:00,17,1,8,4,5,972,213,ROUTE DEPARTEMENTALE 14,14.61738,61.03136,Nuit avec éclairage allumé,Hors agglomération,Giratoire,Normale,Deux véhicules - côté,,,,,,,,,,,5,1,6,1.0,3.0
201700059682,0017-01-08 12:20:00,17,1,8,12,20,972,213,"23, PAYS MELES",14.62617,61.00805,Plein jour,Hors agglomération,Hors intersection,Normale,Autre collision,,,,,,,,,,,1,1,1,1.0,6.0
201700059683,0017-01-08 23:05:00,17,1,8,23,5,972,213,AUTOROUTE A1,,,Nuit avec éclairage allumé,Hors agglomération,Hors intersection,Normale,Deux véhicules - arrière,,,,,,,,,,,5,1,1,1.0,2.0
201700059684,0017-01-12 12:30:00,17,1,12,12,30,972,213,AUTOROUTE A1,14.61855,61.02491,Plein jour,Hors agglomération,Hors intersection,Normale,Deux véhicules - arrière,,,,,,,,,,,1,1,1,1.0,2.0
201700059685,0017-01-25 06:35:00,17,1,25,6,35,972,213,"360, BALLEUR (CHEMIN RUR",14.65212,61.01289,Crépuscule ou aube,Hors agglomération,Hors intersection,Normale,Deux véhicules - arrière,,,,,,,,,,,2,1,1,1.0,2.0
201700059686,0017-01-26 22:55:00,17,1,26,22,55,972,213,ROUTE NATIONALE 1,,,Nuit sans éclairage public,Hors agglomération,Hors intersection,Normale,Deux véhicules - côté,,,,,,,,,,,3,1,1,1.0,3.0
201700059687,0017-01-27 12:05:00,17,1,27,12,5,972,213,ROUTE DEPARTEMENTALE 15,,,Plein jour,En agglomération,Hors intersection,Normale,Deux véhicules - frontale,,,,,,,,,,,1,2,1,1.0,1.0
201700059688,0017-02-02 18:25:00,17,2,2,18,25,972,213,AUTOROUTE A1,,,Crépuscule ou aube,Hors agglomération,Hors intersection,Normale,Deux véhicules - arrière,,,,,,,,,,,2,1,1,1.0,2.0
201700059689,0017-02-08 12:40:00,17,2,8,12,40,972,213,ROUTE NATIONALE 1,14.61883,61.00181,Plein jour,Hors agglomération,Hors intersection,Normale,Deux véhicules - côté,,,,,,,,,,,1,1,1,1.0,3.0
201700059690,0017-02-09 14:55:00,17,2,9,14,55,972,213,"48, MARTIN LUTHER KING (",,,Plein jour,En agglomération,Intersection en X,Normale,Deux véhicules - côté,,,,,,,,,,,1,2,2,1.0,3.0
201700059691,0017-02-09 19:15:00,17,2,9,19,15,972,213,ROUTE NATIONALE 5,,,Nuit avec éclairage allumé,Hors agglomération,Hors intersection,Normale,Trois véhicules et plus - collisions multiples,,,,,,,,,,,5,1,1,1.0,5.0
201700059692,0017-02-11 09:45:00,17,2,11,9,45,972,213,BELEME (VOIE COMMUNAL Nø,14.63038,61.00541,Plein jour,En agglomération,Hors intersection,Normale,Deux véhicules - côté,,,,,,,,,,,1,2,1,1.0,3.0
201700059693,0017-02-15 13:30:00,17,2,15,13,30,972,213,DU ROCHER (CHEMIN),14.64969,61.00036,Plein jour,Hors agglomération,Hors intersection,Normale,Trois véhicules et plus - collisions multiples,,,,,,,,,,,1,1,1,1.0,5.0
201700059694,0017-02-18 13:10:00,17,2,18,13,10,972,213,AUTOROUTE A1,14.60959,61.00617,Plein jour,Hors agglomération,Hors intersection,Normale,Autre collision,,,,,,,,,,,1,1,1,1.0,6.0
201700059695,0017-02-19 08:00:00,17,2,19,8,0,972,213,ROUTE DEPARTEMENTALE 3,,,Plein jour,En agglomération,Giratoire,Normale,Deux véhicules - côté,,,,,,,,,,,1,2,6,1.0,3.0
201700059696,0017-02-20 05:45:00,17,2,20,5,45,972,213,ROUTE NATIONALE 1,,,Crépuscule ou aube,Hors agglomération,Hors intersection,Normale,Deux véhicules - arrière,,,,,,,,,,,2,1,1,1.0,2.0
201700059697,0017-02-20 12:47:00,17,2,20,12,47,972,213,ROUTE NATIONALE 1,,,Plein jour,En agglomération,Giratoire,Normale,Deux véhicules - arrière,,,,,,,,,,,1,2,6,1.0,2.0
201700059698,0017-02-21 10:45:00,17,2,21,10,45,972,213,ROUTE DEPARTEMENTALE 13,,,Plein jour,En agglomération,Giratoire,Normale,Deux véhicules - côté,,,,,,,,,,,1,2,6,1.0,3.0
201700059699,0017-02-21 14:35:00,17,2,21,14,35,972,213,"17, GEORGES GRATIANT",,,Plein jour,En agglomération,Intersection en T,Normale,Deux véhicules - côté,,,,,,,,,,,1,2,3,1.0,3.0
201700059700,0017-02-26 00:05:00,17,2,26,0,5,972,213,Z I LES MANGLES,14.6182,61.02373,Nuit avec éclairage allumé,Hors agglomération,Hors intersection,Normale,Deux véhicules - arrière,,,,,,,,,,,5,1,1,1.0,2.0
201700059701,0017-02-26 05:47:00,17,2,26,5,47,972,213,"1, BELFORT (CHEMIN RURAL",14.65291,61.00872,Crépuscule ou aube,En agglomération,Hors intersection,Normale,Deux véhicules - côté,,,,,,,,,,,2,2,1,1.0,3.0
201700059702,0017-02-26 10:00:00,17,2,26,10,0,972,213,Z I CALIFORNIE,,,Plein jour,En agglomération,Hors intersection,Normale,Deux véhicules - côté,,,,,,,,,,,1,2,1,1.0,3.0
201700059703,0017-02-27 13:15:00,17,2,27,13,15,972,213,MAHAULT,,,Plein jour,Hors agglomération,Giratoire,Normale,Deux véhicules - côté,,,,,,,,,,,1,1,6,1.0,3.0
201700059704,0017-02-12 19:00:00,17,2,12,19,0,972,213,ROUTE NATIONALE 1,,,Nuit avec éclairage allumé,Hors agglomération,Giratoire,Normale,Deux véhicules - côté,,,,,,,,,,,5,1,6,1.0,3.0
201700059705,0017-03-01 02:40:00,17,3,1,2,40,972,213,MANGOT VULCIN (ROND POIN,,,Nuit avec éclairage allumé,Hors agglomération,Giratoire,Normale,Deux véhicules - arrière,,,,,,,,,,,5,1,6,1.0,2.0
201700059706,0017-03-04 10:30:00,17,3,4,10,30,972,213,VIEUX PONT (CHEMIN DU,,,Plein jour,En agglomération,Hors intersection,Normale,Deux véhicules - côté,,,,,,,,,,,1,2,1,1.0,3.0
201700059707,0017-03-16 06:00:00,17,3,16,6,0,972,213,MANGOT VULCIN (ROND POIN,,,Crépuscule ou aube,Hors agglomération,Hors intersection,Normale,Deux véhicules - côté,,,,,,,,,,,2,1,1,1.0,3.0
201700059708,0017-03-18 08:40:00,17,3,18,8,40,972,213,ROUTE DEPARTEMENTALE 14,,,Plein jour,Hors agglomération,Hors intersection,Normale,Deux véhicules - frontale,,,,,,,,,,,1,1,1,1.0,1.0
201700059709,0017-03-24 05:38:00,17,3,24,5,38,972,213,ROUTE DEPARTEMENTALE 3 B,,,Crépuscule ou aube,En agglomération,Giratoire,Normale,Deux véhicules - arrière,,,,,,,,,,,2,2,6,1.0,2.0
201700059710,0017-03-25 12:00:00,17,3,25,12,0,972,213,MAHAULT,14.61875,61.00522,Plein jour,En agglomération,Giratoire,Normale,Trois véhicules et plus - collisions multiples,,,,,,,,,,,1,2,6,1.0,5.0
201700059711,0017-04-02 04:00:00,17,4,2,4,0,972,213,ROUTE DEPARTEMENTALE 3,,,Nuit avec éclairage allumé,En agglomération,Hors intersection,Normale,Autre collision,,,,,,,,,,,5,2,1,1.0,6.0
201700059712,0017-04-05 19:55:00,17,4,5,19,55,972,213,ROUTE DEPARTEMENTALE 3,,,Nuit avec éclairage allumé,Hors agglomération,Hors intersection,Normale,Autre collision,,,,,,,,,,,5,1,1,1.0,6.0
201700059713,0017-04-16 03:30:00,17,4,16,3,30,972,213,ROUTE DEPARTEMENTALE 3,,,Nuit avec éclairage allumé,Hors agglomération,Hors intersection,Normale,Deux véhicules - frontale,,,,,,,,,,,5,1,1,1.0,1.0
201700059714,0017-04-20 18:00:00,17,4,20,18,0,972,213,"738, Z I CALIFORNIE",,,Crépuscule ou aube,En agglomération,Hors intersection,Normale,Deux véhicules - arrière,,,,,,,,,,,2,2,1,1.0,2.0
201700059715,0017-04-20 04:05:00,17,4,20,4,5,972,213,Z I CALIFORNIE,,,Nuit avec éclairage allumé,Hors agglomération,Giratoire,Normale,Deux véhicules - côté,,,,,,,,,,,5,1,6,1.0,3.0
201700059716,0017-04-22 13:40:00,17,4,22,13,40,972,213,ROUTE DEPARTEMENTALE 13,,,Plein jour,Hors agglomération,Hors intersection,Normale,Deux véhicules - arrière,,,,,,,,,,,1,1,1,1.0,2.0
201700059717,0017-04-23 00:10:00,17,4,23,0,10,972,213,AUTOROUTE A1,,,Nuit avec éclairage allumé,Hors agglomération,Hors intersection,Pluie légère,Autre collision,,,,,,,,,,,5,1,1,2.0,6.0
201700059718,0017-04-24 03:05:00,17,4,24,3,5,972,213,AUTOROUTE A1,,,Nuit avec éclairage allumé,Hors agglomération,Hors intersection,Normale,Autre collision,,,,,,,,,,,5,1,1,1.0,6.0
201700059719,0017-04-24 07:25:00,17,4,24,7,25,972,213,"28, PIERRE ZOBDA QUITMAN",,,Plein jour,En agglomération,Hors intersection,Normale,Deux véhicules - arrière,,,,,,,,,,,1,2,1,1.0,2.0
201700059720,0017-04-27 21:30:00,17,4,27,21,30,972,213,ROUTE NATIONALE 5,,,Nuit avec éclairage allumé,Hors agglomération,Hors intersection,Normale,Autre collision,,,,,,,,,,,5,1,1,1.0,6.0
201700059721,0017-04-27 08:00:00,17,4,27,8,0,972,213,AUTOROUTE A1,14.61801,61.02999,Plein jour,Hors agglomération,Hors intersection,Normale,Autre collision,,,,,,,,,,,1,1,1,1.0,6.0
201700059722,0017-05-01 14:05:00,17,5,1,14,5,972,213,AUTOROUTE A1,,,Plein jour,Hors agglomération,Hors intersection,Normale,Deux véhicules - côté,,,,,,,,,,,1,1,1,1.0,3.0
201700059723,0017-05-01 16:10:00,17,5,1,16,10,972,213,LA MAUGEE (CHEMIN),,,Plein jour,Hors agglomération,Hors intersection,Normale,Sans collision,,,,,,,,,,,1,1,1,1.0,7.0
201700059724,0017-05-02 14:15:00,17,5,2,14,15,972,213,GEORGES GRATIANT,,,Plein jour,En agglomération,Hors intersection,Normale,Deux véhicules - côté,,,,,,,,,,,1,2,1,1.0,3.0
201700059725,0017-05-04 11:25:00,17,5,4,11,25,972,213,ROUTE NATIONALE 1,,,Plein jour,Hors agglomération,Hors intersection,Normale,Deux véhicules - arrière,,,,,,,,,,,1,1,1,1.0,2.0
201700059726,0017-05-05 08:25:00,17,5,5,8,25,972,213,ROUTE NATIONALE 1,,,Plein jour,Hors agglomération,Hors intersection,Normale,Deux véhicules - arrière,,,,,,,,,,,1,1,1,1.0,2.0
201700059727,0017-05-12 11:45:00,17,5,12,11,45,972,213,MANGOT VULCIN (ROND POIN,,,Plein jour,Hors agglomération,Hors intersection,Normale,Deux véhicules - arrière,,,,,,,,,,,1,1,1,1.0,2.0
201700059728,0017-05-14 08:05:00,17,5,14,8,5,972,213,ROUTE DEPARTEMENTALE 3,,,Plein jour,En agglomération,Hors intersection,Normale,Deux véhicules - côté,,,,,,,,,,,1,2,1,1.0,3.0
201700059729,0017-05-18 11:02:00,17,5,18,11,2,972,213,ROUTE DEPARTEMENTALE 15,,,Plein jour,En agglomération,Hors intersection,Normale,Deux véhicules - arrière,,,,,,,,,,,1,2,1,1.0,2.0
201700059730,0017-05-19 19:45:00,17,5,19,19,45,972,213,RESSOURCE (RUE DE LA),,,Nuit sans éclairage public,Hors agglomération,Hors intersection,Normale,Deux véhicules - frontale,,,,,,,,,,,3,1,1,1.0,1.0
201700059731,0017-05-23 18:05:00,17,5,23,18,5,972,213,"D14a, VIEUX CHEMIN CALIF",,,Crépuscule ou aube,Hors agglomération,Hors intersection,Normale,Deux véhicules - côté,,,,,,,,,,,2,1,1,1.0,3.0
201700059732,0017-05-21 20:50:00,17,5,21,20,50,972,213,AUTOROUTE A1,14.60845,61.00561,Plein jour,Hors agglomération,Hors intersection,Normale,Deux véhicules - arrière,,,,,,,,,,,1,1,1,1.0,2.0
201700059733,0017-05-27 02:05:00,17,5,27,2,5,972,213,ROUTE DEPARTEMENTALE 3,,,Nuit avec éclairage allumé,Hors agglomération,Hors intersection,Normale,Autre collision,,,,,,,,,,,5,1,1,1.0,6.0
201700059734,0017-05-27 11:40:00,17,5,27,11,40,972,213,ROUTE DEPARTEMENTALE 3,,,Plein jour,Hors agglomération,Hors intersection,Normale,Deux véhicules - arrière,,,,,,,,,,,1,1,1,1.0,2.0
201700059735,0017-05-29 12:25:00,17,5,29,12,25,972,213,Z I LA LEZARDE,,,Plein jour,Hors agglomération,Hors intersection,Normale,Trois véhicules et plus - en chaîne,,,,,,,,,,,1,1,1,1.0,4.0
201700059736,0017-05-29 18:10:00,17,5,29,18,10,972,213,MANGOT VULCIN (ROND POIN,,,Plein jour,Hors agglomération,Hors intersection,Normale,Trois véhicules et plus - collisions multiples,,,,,,,,,,,1,1,1,1.0,5.0
201700059737,0017-05-30 09:25:00,17,5,30,9,25,972,213,LONG BOIS (CHEMIN),,,Plein jour,Hors agglomération,Intersection en X,Normale,Deux véhicules - arrière,,,,,,,,,,,1,1,2,1.0,2.0
201700059738,0017-05-31 16:40:00,17,5,31,16,40,972,213,ROUTE DEPARTEMENTALE 3,,,Plein jour,Hors agglomération,Hors intersection,Normale,Deux véhicules - arrière,,,,,,,,,,,1,1,1,1.0,2.0
201700059739,0017-06-04 16:40:00,17,6,4,16,40,972,213,MORNE PITAULT (ROUTE DE),,,Plein jour,Hors agglomération,Hors intersection,Normale,Deux véhicules - côté,,,,,,,,,,,1,1,1,1.0,3.0
201700059740,0017-06-05 07:00:00,17,6,5,7,0,972,213,ROUTE NATIONALE 5,,,Plein jour,Hors agglomération,Hors intersection,Normale,Trois véhicules et plus - en chaîne,,,,,,,,,,,1,1,1,1.0,4.0
201700059741,0017-06-06 19:15:00,17,6,6,19,15,972,213,AEROPORT (ROND POINT DE,,,Nuit avec éclairage allumé,Hors agglomération,Hors intersection,Normale,Autre collision,,,,,,,,,,,5,1,1,1.0,6.0
201700059742,0017-06-07 10:05:00,17,6,7,10,5,972,213,ROUTE DEPARTEMENTALE 3,,,Plein jour,Hors agglomération,Hors intersection,Normale,Deux véhicules - côté,,,,,,,,,,,1,1,1,1.0,3.0
201700059743,0017-06-11 17:10:00,17,6,11,17,10,972,213,ROUTE DEPARTEMENTALE 15,,,Crépuscule ou aube,En agglomération,Hors intersection,Normale,Deux véhicules - côté,,,,,,,,,,,2,2,1,1.0,3.0
201700059744,0017-06-13 15:30:00,17,6,13,15,30,976,613,ROUTE NATIONALE 1,,,Plein jour,En agglomération,Hors intersection,Normale,Autre collision,,,,,,,,,,,1,2,1,1.0,6.0
201700059745,0017-06-15 07:40:00,17,6,15,7,40,972,213,MANGOT VULCIN (ROND POIN,,,Plein jour,Hors agglomération,Hors intersection,Normale,Deux véhicules - côté,,,,,,,,,,,1,1,1,1.0,3.0