accident_id,datetime,annee,mois,jour,heure,minute,departement,commune_insee,adresse,latitude,longitude,luminosite,agglomeration,intersection,meteo,collision,nb_vehicules,nb_usagers,nb_indemnes,nb_tues,nb_blesses_hosp,nb_blesses_legers,age_cond_1,age_cond_2,veh_type_cond_1,veh_type_cond_2,lum_code,agg_code,int_code,atm_code,col_code
201700059746,0017-06-15 13:10:00,17,6,15,13,10,972,213,ROUTE DEPARTEMENTALE 15,,,Plein jour,En agglomération,Hors intersection,Normale,Deux véhicules - frontale,,,,,,,,,,,1,2,1,1.0,1.0
201700059747,0017-06-15 08:10:00,17,6,15,8,10,972,213,ROUTE NATIONALE 1,,,Plein jour,Hors agglomération,Giratoire,Normale,Trois véhicules et plus - collisions multiples,,,,,,,,,,,1,1,6,1.0,5.0
201700059748,0017-06-16 09:00:00,17,6,16,9,0,972,213,VIEUX PONT (CHEMIN DU,,,Plein jour,En agglomération,Hors intersection,Normale,Deux véhicules - côté,,,,,,,,,,,1,2,1,1.0,3.0
201700059749,0017-06-28 08:20:00,17,6,28,8,20,972,213,ALBERT CAMUS (RUE),,,Plein jour,En agglomération,Hors intersection,Normale,Autre collision,,,,,,,,,,,1,2,1,1.0,6.0
201700059750,0017-06-17 05:10:00,17,6,17,5,10,972,213,Z I CALIFORNIE,,,Crépuscule ou aube,Hors agglomération,Hors intersection,Normale,Deux véhicules - frontale,,,,,,,,,,,2,1,1,1.0,1.0
201700059751,0017-06-21 22:05:00,17,6,21,22,5,972,213,AUTOROUTE A1,,,Nuit avec éclairage allumé,Hors agglomération,Hors intersection,Normale,Deux véhicules - arrière,,,,,,,,,,,5,1,1,1.0,2.0
201700059752,0017-06-24 03:28:00,17,6,24,3,28,972,213,ROUTE DEPARTEMENTALE 14,,,Nuit avec éclairage allumé,En agglomération,Hors intersection,Pluie légère,Autre collision,,,,,,,,,,,5,2,1,2.0,6.0
201700059753,0017-06-21 13:40:00,17,6,21,13,40,972,213,ROUTE DEPARTEMENTALE 3,,,Plein jour,En agglomération,Hors intersection,Normale,Deux véhicules - frontale,,,,,,,,,,,1,2,1,1.0,1.0
201700059754,0017-06-18 12:30:00,17,6,18,12,30,972,213,ROUTE DEPARTEMENTALE 15,,,Plein jour,En agglomération,Hors intersection,Normale,Deux véhicules - côté,,,,,,,,,,,1,2,1,1.0,3.0
201700059755,0017-06-28 11:30:00,17,6,28,11,30,972,213,AUTOROUTE A1,,,Plein jour,Hors agglomération,Hors intersection,Pluie légère,Deux véhicules - arrière,,,,,,,,,,,1,1,1,2.0,2.0
201700059756,0017-06-23 16:44:00,17,6,23,16,44,972,213,ROUTE DEPARTEMENTALE 14,,,Plein jour,Hors agglomération,Intersection en T,Normale,Deux véhicules - côté,,,,,,,,,,,1,1,3,1.0,3.0
201700059757,0017-06-26 00:23:00,17,6,26,0,23,972,213,ROUTE NATIONALE 1,,,Nuit avec éclairage allumé,Hors agglomération,Hors intersection,Normale,Deux véhicules - arrière,,,,,,,,,,,5,1,1,1.0,2.0
201700059758,0017-06-29 20:00:00,17,6,29,20,0,972,213,Z I LA LEZARDE,,,Nuit avec éclairage allumé,Hors agglomération,Hors intersection,Normale,Trois véhicules et plus - collisions multiples,,,,,,,,,,,5,1,1,1.0,5.0
201700059759,0017-07-03 16:30:00,17,7,3,16,30,972,213,Z I LES MANGLES,,,Plein jour,Hors agglomération,Hors intersection,Normale,Deux véhicules - arrière,,,,,,,,,,,1,1,1,1.0,2.0
201700059760,0017-07-04 23:33:00,17,7,4,23,33,972,213,AUTOROUTE A1,,,Nuit avec éclairage allumé,Hors agglomération,Hors intersection,Pluie légère,Deux véhicules - arrière,,,,,,,,,,,5,1,1,2.0,2.0
201700059761,0017-07-04 15:48:00,17,7,4,15,48,972,213,BELEME (VOIE COMMUNAL Nø,,,Plein jour,En agglomération,Hors intersection,Normale,Deux véhicules - côté,,,,,,,,,,,1,2,1,1.0,3.0
201700059762,0017-07-06 10:50:00,17,7,6,10,50,972,213,ROUTE DEPARTEMENTALE 14,,,Plein jour,En agglomération,Hors intersection,Normale,Deux véhicules - côté,,,,,,,,,,,1,2,1,1.0,3.0
201700059763,0017-07-11 16:20:00,17,7,11,16,20,972,213,ROUTE NATIONALE 5,,,Plein jour,Hors agglomération,Hors intersection,Normale,Trois véhicules et plus - collisions multiples,,,,,,,,,,,1,1,1,1.0,5.0
201700059764,0017-07-12 02:19:00,17,7,12,2,19,972,213,Z I CALIFORNIE,,,Nuit avec éclairage allumé,Hors agglomération,Hors intersection,Pluie légère,Deux véhicules - côté,,,,,,,,,,,5,1,1,2.0,3.0
201700059765,0017-07-16 21:15:00,17,7,16,21,15,972,213,ROUTE NATIONALE 5,,,Nuit avec éclairage allumé,En agglomération,Hors intersection,Normale,Trois véhicules et plus - en chaîne,,,,,,,,,,,5,2,1,1.0,4.0
201700059766,0017-07-16 19:20:00,17,7,16,19,20,972,213,ROUTE NATIONALE 6,,,Nuit avec éclairage allumé,Hors agglomération,Hors intersection,Normale,Deux véhicules - côté,,,,,,,,,,,5,1,1,1.0,3.0
201700059767,0017-07-16 14:50:00,17,7,16,14,50,972,213,ROUTE DEPARTEMENTALE 15,,,Plein jour,Hors agglomération,Intersection en T,Normale,Deux véhicules - côté,,,,,,,,,,,1,1,3,1.0,3.0
201700059768,0017-07-22 14:50:00,17,7,22,14,50,972,213,ROUTE NATIONALE 5,,,Plein jour,Hors agglomération,Hors intersection,Normale,Autre collision,,,,,,,,,,,1,1,1,1.0,6.0
201700059769,0017-07-22 20:45:00,17,7,22,20,45,972,213,ROUTE NATIONALE 5,,,Nuit avec éclairage allumé,Hors agglomération,Hors intersection,Normale,Autre collision,,,,,,,,,,,5,1,1,1.0,6.0
201700059770,0017-07-24 10:51:00,17,7,24,10,51,972,213,ROUTE NATIONALE 1,,,Plein jour,En agglomération,Hors intersection,Normale,Deux véhicules - arrière,,,,,,,,,,,1,2,1,1.0,2.0
201700059771,0017-07-24 10:50:00,17,7,24,10,50,972,213,AUTOROUTE A1,,,Plein jour,Hors agglomération,Hors intersection,Normale,Trois véhicules et plus - collisions multiples,,,,,,,,,,,1,1,1,1.0,5.0
201700059772,0017-07-24 17:00:00,17,7,24,17,0,972,213,AUTOROUTE A1,14.61324,61.01051,Crépuscule ou aube,Hors agglomération,Hors intersection,Normale,Autre collision,,,,,,,,,,,2,1,1,1.0,6.0
201700059773,0017-07-24 17:29:00,17,7,24,17,29,972,213,SALVADOR ALLENDE (RUE),,,Crépuscule ou aube,En agglomération,Intersection en T,Normale,Deux véhicules - côté,,,,,,,,,,,2,2,3,1.0,3.0
201700059774,0017-07-26 21:00:00,17,7,26,21,0,972,213,AUTOROUTE A1,,,Nuit avec éclairage allumé,Hors agglomération,Hors intersection,Normale,Trois véhicules et plus - collisions multiples,,,,,,,,,,,5,1,1,1.0,5.0
201700059775,0017-07-28 23:45:00,17,7,28,23,45,972,213,AUTOROUTE A1,,,Nuit avec éclairage allumé,Hors agglomération,Hors intersection,Normale,Deux véhicules - arrière,,,,,,,,,,,5,1,1,1.0,2.0
201700059776,0017-07-29 00:20:00,17,7,29,0,20,972,213,ACAJOU PROLONGEE,,,Nuit avec éclairage allumé,Hors agglomération,Hors intersection,Normale,Deux véhicules - côté,,,,,,,,,,,5,1,1,1.0,3.0
201700059777,0017-08-02 15:10:00,17,8,2,15,10,972,213,MANGOT VULCIN (ROND POIN,,,Plein jour,Hors agglomération,Giratoire,Normale,Deux véhicules - arrière,,,,,,,,,,,1,1,6,1.0,2.0
201700059778,0017-08-03 09:36:00,17,8,3,9,36,972,213,MAHAULT,,,Plein jour,Hors agglomération,Giratoire,Normale,Deux véhicules - côté,,,,,,,,,,,1,1,6,1.0,3.0
201700059779,0017-08-12 11:25:00,17,8,12,11,25,972,213,ROUTE NATIONALE 1,,,Plein jour,Hors agglomération,Hors intersection,Normale,Trois véhicules et plus - collisions multiples,,,,,,,,,,,1,1,1,1.0,5.0
201700059780,0017-08-23 20:30:00,17,8,23,20,30,972,213,ROUTE DEPARTEMENTALE 15,14.63781,61.00971,Nuit avec éclairage non allumé,Hors agglomération,Hors intersection,Normale,Deux véhicules - côté,,,,,,,,,,,4,1,1,1.0,3.0
201700059781,0017-08-27 22:15:00,17,8,27,22,15,972,213,AUTOROUTE A1,,,Nuit avec éclairage allumé,En agglomération,Hors intersection,Normale,Deux véhicules - arrière,,,,,,,,,,,5,2,1,1.0,2.0
201700059782,0017-09-02 12:20:00,17,9,2,12,20,972,213,AUTOROUTE A1,14.61805,61.01906,Plein jour,Hors agglomération,Hors intersection,Normale,Deux véhicules - arrière,,,,,,,,,,,1,1,1,1.0,2.0
201700059783,0017-09-04 16:00:00,17,9,4,16,0,972,213,"1279, BOIS CARRE (RUE DU",,,Plein jour,Hors agglomération,Hors intersection,Normale,Deux véhicules - côté,,,,,,,,,,,1,1,1,1.0,3.0
201700059784,0017-09-07 01:15:00,17,9,7,1,15,972,213,AUTOROUTE A1,14.615,61.01324,Nuit avec éclairage allumé,Hors agglomération,Hors intersection,Normale,Deux véhicules - frontale,,,,,,,,,,,5,1,1,1.0,1.0
201700059785,0017-09-12 21:10:00,17,9,12,21,10,972,213,AUTOROUTE A1,,,Nuit avec éclairage allumé,Hors agglomération,Hors intersection,Temps couvert,Trois véhicules et plus - en chaîne,,,,,,,,,,,5,1,1,8.0,4.0
201700059786,0017-09-13 08:15:00,17,9,13,8,15,972,213,ROUTE DEPARTEMENTALE 15,14.61086,61.00139,Plein jour,En agglomération,Giratoire,Normale,Trois véhicules et plus - en chaîne,,,,,,,,,,,1,2,6,1.0,4.0
201700059787,0017-09-15 16:50:00,17,9,15,16,50,972,213,AUTOROUTE A1,14.61815,61.02956,Plein jour,Hors agglomération,Hors intersection,Normale,Trois véhicules et plus - en chaîne,,,,,,,,,,,1,1,1,1.0,4.0
201700059788,0017-09-16 20:20:00,17,9,16,20,20,972,213,PELLETIER (ROUTE DE),,,Nuit avec éclairage allumé,Hors agglomération,Hors intersection,Normale,Trois véhicules et plus - en chaîne,,,,,,,,,,,5,1,1,1.0,4.0
201700059789,0017-09-27 21:00:00,17,9,27,21,0,972,213,"32, GEORGES GRATIANT",,,Nuit avec éclairage allumé,En agglomération,Hors intersection,Normale,Sans collision,,,,,,,,,,,5,2,1,1.0,7.0
201700059790,0017-09-29 06:45:00,17,9,29,6,45,972,213,"1, BOIS CARRE (RUE DU)",,,Plein jour,Hors agglomération,Hors intersection,Normale,Deux véhicules - côté,,,,,,,,,,,1,1,1,1.0,3.0
201700059791,0017-10-03 07:25:00,17,10,3,7,25,972,213,ROUTE NATIONALE 6,,,Plein jour,Hors agglomération,Hors intersection,Normale,Trois véhicules et plus - collisions multiples,,,,,,,,,,,1,1,1,1.0,5.0
201700059792,0017-10-05 14:45:00,17,10,5,14,45,972,213,AUTOROUTE A1,14.60001,61.00008,Plein jour,Hors agglomération,Hors intersection,Normale,Autre collision,,,,,,,,,,,1,1,1,1.0,6.0
201700059793,0017-10-07 07:55:00,17,10,7,7,55,972,213,ROUTE DEPARTEMENTALE 13,14.63023,61.00965,Plein jour,Hors agglomération,Hors intersection,Normale,Trois véhicules et plus - en chaîne,,,,,,,,,,,1,1,1,1.0,4.0
201700059794,0017-10-09 13:25:00,17,10,9,13,25,972,213,AUTOROUTE A1,14.61842,61.02031,Plein jour,Hors agglomération,Hors intersection,Normale,Deux véhicules - côté,,,,,,,,,,,1,1,1,1.0,3.0
201700059795,0017-10-19 09:05:00,17,10,19,9,5,972,213,AUTOROUTE A1,14.60469,61.00283,Plein jour,Hors agglomération,Hors intersection,Normale,Trois véhicules et plus - en chaîne,,,,,,,,,,,1,1,1,1.0,4.0
201700059796,0017-10-19 16:05:00,17,10,19,16,5,972,213,AUTOROUTE A1,14.60081,61.00033,Plein jour,Hors agglomération,Hors intersection,Normale,Trois véhicules et plus - en chaîne,,,,,,,,,,,1,1,1,1.0,4.0
201700059797,0017-11-06 08:02:00,17,11,6,8,2,972,213,AUTOROUTE A1,,,Crépuscule ou aube,Hors agglomération,Hors intersection,Normale,Deux véhicules - arrière,,,,,,,,,,,2,1,1,1.0,2.0
201700059798,0017-11-08 16:15:00,17,11,8,16,15,972,213,ROUTE DEPARTEMENTALE 3,,,Plein jour,En agglomération,Hors intersection,Normale,Deux véhicules - frontale,,,,,,,,,,,1,2,1,1.0,1.0
201700059799,0017-11-08 09:20:00,17,11,8,9,20,972,213,AUTOROUTE A1,14.60673,61.00417,Plein jour,Hors agglomération,Hors intersection,Normale,Deux véhicules - arrière,,,,,,,,,,,1,1,1,1.0,2.0
201700059800,0017-11-14 18:54:00,17,11,14,18,54,972,213,ROUTE NATIONALE 1,,,Nuit sans éclairage public,Hors agglomération,Giratoire,Normale,Deux véhicules - arrière,,,,,,,,,,,3,1,6,1.0,2.0
201700059801,0017-12-10 21:10:00,17,12,10,21,10,972,213,ROUTE NATIONALE 1,,,Nuit avec éclairage allumé,Hors agglomération,Hors intersection,Normale,Deux véhicules - arrière,,,,,,,,,,,5,1,1,1.0,2.0
201700059802,0017-12-09 14:45:00,17,12,9,14,45,972,213,AUTOROUTE A1,14.61866,61.02166,Plein jour,Hors agglomération,Hors intersection,Normale,Trois véhicules et plus - en chaîne,,,,,,,,,,,1,1,1,1.0,4.0
201700059803,0017-12-16 19:15:00,17,12,16,19,15,972,213,Z I LES MANGLES,14.61708,61.01758,Nuit sans éclairage public,Hors agglomération,Hors intersection,Normale,Deux véhicules - frontale,,,,,,,,,,,3,1,1,1.0,1.0
201700059804,0017-11-16 01:25:00,17,11,16,1,25,972,213,AUTOROUTE A1,14.61847,61.02061,Nuit sans éclairage public,Hors agglomération,Hors intersection,Normale,Sans collision,,,,,,,,,,,3,1,1,1.0,7.0
201700059805,0017-11-16 14:10:00,17,11,16,14,10,972,213,ROUTE NATIONALE 1,14.61874,61.00399,Plein jour,Hors agglomération,Hors intersection,Normale,Trois véhicules et plus - en chaîne,,,,,,,,,,,1,1,1,1.0,4.0
201700059806,0017-11-17 13:15:00,17,11,17,13,15,972,213,AUTOROUTE A1,14.6182,61.03001,Plein jour,Hors agglomération,Hors intersection,Normale,Deux véhicules - arrière,,,,,,,,,,,1,1,1,1.0,2.0
201700059807,0017-11-20 12:00:00,17,11,20,12,0,972,213,ROUTE DEPARTEMENTALE 15,14.62554,61.00747,Plein jour,Hors agglomération,Hors intersection,Normale,Deux véhicules - côté,,,,,,,,,,,1,1,1,1.0,3.0
201700059808,0017-11-22 07:10:00,17,11,22,7,10,972,213,ROUTE DEPARTEMENTALE 3,,,Plein jour,En agglomération,Hors intersection,Normale,Autre collision,,,,,,,,,,,1,2,1,1.0,6.0
201700059809,0017-11-24 10:10:00,17,11,24,10,10,972,213,ROUTE DEPARTEMENTALE 3,,,Plein jour,Hors agglomération,Hors intersection,Normale,Deux véhicules - arrière,,,,,,,,,,,1,1,1,1.0,2.0
201700059810,0017-11-28 06:55:00,17,11,28,6,55,972,213,VICTOR LAMON,,,Plein jour,En agglomération,Hors intersection,Normale,Trois véhicules et plus - en chaîne,,,,,,,,,,,1,2,1,1.0,4.0
201700059811,0017-01-01 14:09:00,17,1,1,14,9,973,302,ORCHIDEES (LOTISSEMENT),,,Plein jour,En agglomération,Hors intersection,Normale,Autre collision,,,,,,,,,,,1,2,1,1.0,6.0
201700059812,0017-01-01 17:55:00,17,1,1,17,55,973,302,MADELEINE (ROUTE DE LA),,,Plein jour,En agglomération,Hors intersection,Normale,Sans collision,,,,,,,,,,,1,2,1,1.0,7.0
201700059813,0017-01-03 10:55:00,17,1,3,10,55,973,302,MIRZA (ROND-POINT),,,Plein jour,En agglomération,Hors intersection,Normale,Deux véhicules - côté,,,,,,,,,,,1,2,1,1.0,3.0
201700059814,0017-01-03 13:00:00,17,1,3,13,0,973,302,ZEPHIR (CITE),,,Plein jour,En agglomération,Hors intersection,Pluie forte,Deux véhicules - côté,,,,,,,,,,,1,2,1,3.0,3.0
201700059815,0017-01-04 10:45:00,17,1,4,10,45,973,302,"10, GALMOT (AVENUE)",,,Plein jour,En agglomération,Hors intersection,Normale,Autre collision,,,,,,,,,,,1,2,1,1.0,6.0
201700059816,0017-01-04 10:00:00,17,1,4,10,0,973,302,", PREVOT (ERNEST)",,,Plein jour,En agglomération,Intersection en X,Normale,Deux véhicules - côté,,,,,,,,,,,1,2,2,1.0,3.0
201700059817,0017-01-05 20:54:00,17,1,5,20,54,973,302,MADELEINE (ROUTE DE LA),,,Plein jour,En agglomération,Hors intersection,Normale,Deux véhicules - frontale,,,,,,,,,,,1,2,1,1.0,1.0
201700059818,0017-01-08 19:05:00,17,1,8,19,5,973,302,"9321, MADELEINE (ROUTE D",4.92513,52.32369,Nuit avec éclairage allumé,Hors agglomération,Hors intersection,Normale,Autre collision,,,,,,,,,,,5,1,1,1.0,6.0
201700059819,0017-01-08 20:25:00,17,1,8,20,25,973,302,"80, VOLTAIRE(AVENUE)",,,Nuit avec éclairage allumé,En agglomération,Hors intersection,Normale,Sans collision,,,,,,,,,,,5,2,1,1.0,7.0
201700059820,0017-01-09 07:45:00,17,1,9,7,45,973,302,"35, CESAIRE (CITE)",,,Plein jour,Hors agglomération,Intersection en T,Normale,Deux véhicules - côté,,,,,,,,,,,1,1,3,1.0,3.0
201700059821,0017-01-10 05:50:00,17,1,10,5,50,973,302,"1369, RABAN (ROUTE DE)",,,Crépuscule ou aube,En agglomération,Hors intersection,Normale,Autre collision,,,,,,,,,,,2,2,1,1.0,6.0
201700059822,0017-01-10 09:45:00,17,1,10,9,45,973,302,MARINGOUINS (ROND-POINT),4.90781,52.32215,Plein jour,Hors agglomération,Hors intersection,Normale,Deux véhicules - côté,,,,,,,,,,,1,1,1,1.0,3.0
201700059823,0017-01-10 11:40:00,17,1,10,11,40,973,302,"2911, MONTABO (ROUTE DE)",4.93597,52.29583,Plein jour,Hors agglomération,Hors intersection,Normale,Trois véhicules et plus - en chaîne,,,,,,,,,,,1,1,1,1.0,4.0
201700059824,0017-01-12 07:35:00,17,1,12,7,35,973,302,"225, RABAN (ROUTE DE)",,,Plein jour,Hors agglomération,Hors intersection,Normale,Deux véhicules - côté,,,,,,,,,,,1,1,1,1.0,3.0
201700059825,0017-01-14 07:10:00,17,1,14,7,10,973,302,CRIQUE FOUILLEE (ROND PO,,,Plein jour,En agglomération,Giratoire,Pluie légère,Deux véhicules - côté,,,,,,,,,,,1,2,6,2.0,3.0
201700059826,0017-01-14 08:54:00,17,1,14,8,54,973,302,"33, MOLE",,,Plein jour,En agglomération,Hors intersection,Normale,Sans collision,,,,,,,,,,,1,2,1,1.0,7.0
201700059827,0017-01-16 07:55:00,17,1,16,7,55,973,302,SAINT ANTOINE (CHEMIN),,,Plein jour,En agglomération,Hors intersection,Pluie forte,Deux véhicules - frontale,,,,,,,,,,,1,2,1,3.0,1.0
201700059828,0017-01-15 21:40:00,17,1,15,21,40,973,302,TIGRE (ROUTE DU),,,Nuit avec éclairage non allumé,Hors agglomération,Hors intersection,Pluie légère,Sans collision,,,,,,,,,,,4,1,1,2.0,7.0
201700059829,0017-01-20 16:10:00,17,1,20,16,10,973,302,KET TAI (CARREFOUR),,,Plein jour,En agglomération,Hors intersection,Normale,Deux véhicules - frontale,,,,,,,,,,,1,2,1,1.0,1.0
201700059830,0017-01-22 18:06:00,17,1,22,18,6,973,302,"23, DIGUE RONJON",,,Plein jour,Hors agglomération,Hors intersection,Normale,Deux véhicules - arrière,,,,,,,,,,,1,1,1,1.0,2.0
201700059831,0017-01-24 09:30:00,17,1,24,9,30,973,302,"09, BRASSE (LIEUTENANT)",,,Plein jour,En agglomération,Hors intersection,Normale,Autre collision,,,,,,,,,,,1,2,1,1.0,6.0
201700059832,0017-01-24 10:03:00,17,1,24,10,3,973,302,"3417, BADUEL (ROUTE DE)",,,Plein jour,En agglomération,Hors intersection,Normale,Deux véhicules - côté,,,,,,,,,,,1,2,1,1.0,3.0
201700059833,0017-01-24 11:55:00,17,1,24,11,55,973,302,"18, VOLTAIRE(AVENUE)",,,Plein jour,Hors agglomération,Hors intersection,Normale,Trois véhicules et plus - collisions multiples,,,,,,,,,,,1,1,1,1.0,5.0
201700059834,0017-01-23 19:20:00,17,1,23,19,20,973,302,"2109, MADELEINE (ROUTE D",,,Nuit avec éclairage allumé,En agglomération,Hors intersection,Normale,Deux véhicules - côté,,,,,,,,,,,5,2,1,1.0,3.0
201700059835,0017-01-25 07:14:00,17,1,25,7,14,973,302,ZEPHIR (ROCADE),,,Plein jour,En agglomération,Intersection en T,Normale,Deux véhicules - frontale,,,,,,,,,,,1,2,3,1.0,1.0
201700059836,0017-01-28 18:25:00,17,1,28,18,25,973,302,"2068, MADELEINE (ROUTE D",,,Crépuscule ou aube,En agglomération,Hors intersection,Normale,Deux véhicules - frontale,,,,,,,,,,,2,2,1,1.0,1.0
201700059837,0017-01-30 16:22:00,17,1,30,16,22,973,302,COLLERY (ZONE INDUSTRIEL,,,Plein jour,Hors agglomération,Intersection en X,Normale,Deux véhicules - frontale,,,,,,,,,,,1,1,2,1.0,1.0
201700059838,0017-01-30 16:40:00,17,1,30,16,40,973,302,"72, ZEPHIR (CITE)",,,Plein jour,En agglomération,Hors intersection,Normale,Autre collision,,,,,,,,,,,1,2,1,1.0,6.0
201700059839,0017-01-31 09:15:00,17,1,31,9,15,973,302,ZEPHIR (ROCADE),,,Plein jour,En agglomération,Hors intersection,Normale,Deux véhicules - arrière,,,,,,,,,,,1,2,1,1.0,2.0
201700059840,0017-02-01 08:45:00,17,2,1,8,45,973,302,MADELEINE (ROUTE DE LA),,,Plein jour,En agglomération,Hors intersection,Normale,Deux véhicules - côté,,,,,,,,,,,1,2,1,1.0,3.0
201700059841,0017-02-01 15:05:00,17,2,1,15,5,973,302,MONTABO (ROUTE DE) 1,,,Plein jour,En agglomération,Hors intersection,Normale,Deux véhicules - arrière,,,,,,,,,,,1,2,1,1.0,2.0
201700059842,0017-02-01 15:00:00,17,2,1,15,0,973,302,"2184, MADELEINE (ROUTE D",4.91399,52.32081,Plein jour,En agglomération,Hors intersection,Normale,Autre collision,,,,,,,,,,,1,2,1,1.0,6.0
201700059843,0017-02-02 07:55:00,17,2,2,7,55,973,302,KET TAI (CARREFOUR),4.93732,52.32571,Plein jour,En agglomération,Giratoire,Normale,Deux véhicules - côté,,,,,,,,,,,1,2,6,1.0,3.0
201700059844,0017-02-02 11:45:00,17,2,2,11,45,973,302,"2109, MADELEINE (ROUTE D",4.9147,52.32093,Plein jour,En agglomération,Hors intersection,Normale,Deux véhicules - côté,,,,,,,,,,,1,2,1,1.0,3.0
201700059845,0017-02-02 12:45:00,17,2,2,12,45,973,302,CONSTANT CHLORE(RUE),4.94416,52.30939,Plein jour,En agglomération,Intersection en T,Normale,Deux véhicules - côté,,,,,,,,,,,1,2,3,1.0,3.0
201700059846,0017-02-04 19:38:00,17,2,4,19,38,973,302,FLAMBOYANTS (RUE DES),4.92001,52.31001,Nuit avec éclairage allumé,En agglomération,Hors intersection,Normale,Deux véhicules - côté,,,,,,,,,,,5,2,1,1.0,3.0
201700059847,0017-02-06 18:30:00,17,2,6,18,30,973,302,"922, ZEPHIR (ROCADE)",,,Crépuscule ou aube,En agglomération,Intersection en T,Normale,Deux véhicules - côté,,,,,,,,,,,2,2,3,1.0,3.0
201700059848,0017-02-07 13:35:00,17,2,7,13,35,973,302,MANGO (ROUTE),4.93443,52.32183,Plein jour,En agglomération,Hors intersection,Normale,Autre collision,,,,,,,,,,,1,2,1,1.0,6.0
201700059849,0017-02-08 12:00:00,17,2,8,12,0,973,302,"645, MADELEINE (ROUTE DE",4.90926,52.32168,Plein jour,En agglomération,Hors intersection,Normale,Deux véhicules - côté,,,,,,,,,,,1,2,1,1.0,3.0
201700059850,0017-02-09 11:35:00,17,2,9,11,35,973,302,"1, CHARLERY (GUSTAVE)",4.94038,52.31547,Plein jour,En agglomération,Intersection en T,Normale,Deux véhicules - côté,,,,,,,,,,,1,2,3,1.0,3.0
201700059851,0017-02-10 07:15:00,17,2,10,7,15,973,302,ZEPHIR (ROCADE),,,Plein jour,Hors agglomération,Intersection en T,Normale,Deux véhicules - arrière,,,,,,,,,,,1,1,3,1.0,2.0
201700059852,0017-02-10 14:05:00,17,2,10,14,5,973,302,CATAYEE (JUSTIN),4.94105,52.33097,Plein jour,En agglomération,Hors intersection,Normale,Deux véhicules - côté,,,,,,,,,,,1,2,1,1.0,3.0
201700059853,0017-02-11 01:15:00,17,2,11,1,15,973,302,MONTABO (ROUTE DE) 1,4.94351,52.30701,Nuit avec éclairage allumé,Hors agglomération,Hors intersection,Normale,Deux véhicules - frontale,,,,,,,,,,,5,1,1,1.0,1.0
201700059854,0017-02-12 14:55:00,17,2,12,14,55,973,302,"34, PASCALINE (CITE)",4.92349,52.31548,Plein jour,En agglomération,Hors intersection,Normale,Deux véhicules - côté,,,,,,,,,,,1,2,1,1.0,3.0
201700059855,0017-02-13 16:30:00,17,2,13,16,30,973,302,"2400, MADELEINE (ROUTE D",4.91156,52.32141,Plein jour,En agglomération,Hors intersection,Normale,Deux véhicules - côté,,,,,,,,,,,1,2,1,1.0,3.0
201700059856,0017-02-14 11:10:00,17,2,14,11,10,973,302,CATAYEE (JUSTIN),,,Plein jour,En agglomération,Giratoire,Normale,Deux véhicules - arrière,,,,,,,,,,,1,2,6,1.0,2.0
201700059857,0017-02-14 20:15:00,17,2,14,20,15,973,302,"208, CABASSOU (ROUTE DE)",,,Nuit sans éclairage public,En agglomération,Hors intersection,Normale,Deux véhicules - frontale,,,,,,,,,,,3,2,1,1.0,1.0
201700059858,0017-02-15 08:15:00,17,2,15,8,15,973,302,"943, MONTABO (ROUTE DE)",4.9436,52.30913,Plein jour,En agglomération,Hors intersection,Normale,Deux véhicules - arrière,,,,,,,,,,,1,2,1,1.0,2.0
201700059859,0017-02-15 09:00:00,17,2,15,9,0,973,302,ROUTE NATIONALE 1,,,Plein jour,Hors agglomération,Hors intersection,Normale,Trois véhicules et plus - collisions multiples,,,,,,,,,,,1,1,1,1.0,5.0
201700059860,0017-02-15 19:00:00,17,2,15,19,0,973,302,"24, BARTHELEMY (RENE)",4.93278,52.33029,Nuit avec éclairage allumé,En agglomération,Hors intersection,Temps couvert,Deux véhicules - arrière,,,,,,,,,,,5,2,1,8.0,2.0
201700059861,0017-02-17 06:10:00,17,2,17,6,10,973,302,"1711, MADELEINE (ROUTE D",4.93627,52.32726,Crépuscule ou aube,En agglomération,Hors intersection,Pluie légère,Autre collision,,,,,,,,,,,2,2,1,2.0,6.0
201700059862,0017-02-17 19:48:00,17,2,17,19,48,973,302,PASTEUR (CITE),4.93736,52.31465,Nuit avec éclairage allumé,En agglomération,Hors intersection,Normale,Deux véhicules - côté,,,,,,,,,,,5,2,1,1.0,3.0
201700059863,0017-02-15 12:10:00,17,2,15,12,10,973,302,MADELEINE (ROUTE DE LA),4.93622,52.32731,Plein jour,En agglomération,Intersection en T,Normale,Deux véhicules - côté,,,,,,,,,,,1,2,3,1.0,3.0
201700059864,0017-02-18 23:45:00,17,2,18,23,45,973,302,ROUTE NATIONALE 3,4.90276,52.31424,Nuit avec éclairage allumé,Hors agglomération,Hors intersection,Normale,Deux véhicules - arrière,,,,,,,,,,,5,1,1,1.0,2.0
201700059865,0017-02-19 02:20:00,17,2,19,2,20,973,302,MADELEINE (ROUTE DE LA),4.91055,52.32148,Nuit avec éclairage allumé,En agglomération,Hors intersection,Normale,Sans collision,,,,,,,,,,,5,2,1,1.0,7.0
201700059866,0017-02-20 16:30:00,17,2,20,16,30,973,302,"1, MONTABO (ROUTE DE) 1",4.94375,52.30918,Plein jour,Hors agglomération,Intersection en X,Normale,Deux véhicules - frontale,,,,,,,,,,,1,1,2,1.0,1.0
201700059867,0017-02-21 12:00:00,17,2,21,12,0,973,302,"744, BADUEL (ROUTE DE)",4.92913,52.30173,Plein jour,En agglomération,Intersection en T,Normale,Deux véhicules - côté,,,,,,,,,,,1,2,3,1.0,3.0
201700059868,0017-02-21 19:47:00,17,2,21,19,47,973,302,"589, BADUEL (ROUTE DE)",4.93046,52.31262,Nuit avec éclairage non allumé,Hors agglomération,Hors intersection,Normale,Autre collision,,,,,,,,,,,4,1,1,1.0,6.0