accident_id,datetime,annee,mois,jour,heure,minute,departement,commune_insee,adresse,latitude,longitude,luminosite,agglomeration,intersection,meteo,collision,nb_vehicules,nb_usagers,nb_indemnes,nb_tues,nb_blesses_hosp,nb_blesses_legers,age_cond_1,age_cond_2,veh_type_cond_1,veh_type_cond_2,lum_code,agg_code,int_code,atm_code,col_code
201700060227,0017-05-02 19:00:00,17,5,2,19,0,974,407,Route Nationale 1,20.95496,55.31269,Nuit sans éclairage public,Hors agglomération,Hors intersection,Pluie légère,Trois véhicules et plus - en chaîne,,,,,,,,,,,3,1,1,2.0,4.0
201700060228,0017-05-05 05:45:00,17,5,5,5,45,974,407,Route Nationale 1,20.95468,55.31305,Crépuscule ou aube,Hors agglomération,Hors intersection,Normale,Autre collision,,,,,,,,,,,2,1,1,1.0,6.0
201700060229,0017-05-07 20:30:00,17,5,7,20,30,974,407,Rue Jesse Owens,20.93489,55.31249,Nuit sans éclairage public,Hors agglomération,Hors intersection,Normale,Sans collision,,,,,,,,,,,3,1,1,1.0,7.0
201700060230,0017-05-06 21:00:00,17,5,6,21,0,974,407,Avenue Rico Carpaye,20.94487,55.29827,Nuit avec éclairage allumé,Hors agglomération,Hors intersection,Normale,Deux véhicules - côté,,,,,,,,,,,5,1,1,1.0,3.0
201700060231,0017-05-20 18:00:00,17,5,20,18,0,974,407,Av Compagnie des Indes,20.94414,55.31228,Plein jour,En agglomération,Hors intersection,Normale,Sans collision,,,,,,,,,,,1,2,1,1.0,7.0
201700060232,0017-05-25 00:40:00,17,5,25,0,40,974,407,Avenue Rico Carpaye,20.94366,55.29746,Nuit avec éclairage non allumé,En agglomération,Hors intersection,Normale,Deux véhicules - côté,,,,,,,,,,,4,2,1,1.0,3.0
201700060233,0017-06-02 18:20:00,17,6,2,18,20,974,407,41 Rue Louise Michel,20.96277,55.32027,Plein jour,Hors agglomération,Hors intersection,Normale,Deux véhicules - frontale,,,,,,,,,,,1,1,1,1.0,1.0
201700060234,0017-06-04 18:00:00,17,6,4,18,0,974,407,RN1 Niveau Sacré coeur,20.95414,55.31386,Crépuscule ou aube,Hors agglomération,Hors intersection,Normale,Deux véhicules - arrière,,,,,,,,,,,2,1,1,1.0,2.0
201700060235,0017-06-07 19:55:00,17,6,7,19,55,974,407,Rdp Rose des Vents,20.94002,55.30788,Nuit avec éclairage allumé,En agglomération,Hors intersection,Normale,Autre collision,,,,,,,,,,,5,2,1,1.0,6.0
201700060236,0017-06-11 19:10:00,17,6,11,19,10,974,407,Rue François de Mahy,20.93765,55.29119,Nuit avec éclairage allumé,En agglomération,Hors intersection,Normale,Deux véhicules - côté,,,,,,,,,,,5,2,1,1.0,3.0
201700060237,0017-06-14 14:45:00,17,6,14,14,45,974,407,Route Nationale 1,20.95921,55.30801,Plein jour,Hors agglomération,Hors intersection,Normale,Deux véhicules - arrière,,,,,,,,,,,1,1,1,1.0,2.0
201700060238,0017-06-13 17:30:00,17,6,13,17,30,974,407,Route Nationale 1,20.93482,55.29873,Plein jour,Hors agglomération,Hors intersection,Normale,Deux véhicules - arrière,,,,,,,,,,,1,1,1,1.0,2.0
201700060239,0017-06-21 13:10:00,17,6,21,13,10,974,407,Bd des Mascareignes,20.9358,55.3092,Plein jour,En agglomération,Hors intersection,Normale,Deux véhicules - côté,,,,,,,,,,,1,2,1,1.0,3.0
201700060240,0017-06-23 12:50:00,17,6,23,12,50,974,407,31 Avenue Lénine,20.94181,55.30261,Plein jour,En agglomération,Hors intersection,Normale,Autre collision,,,,,,,,,,,1,2,1,1.0,6.0
201700060241,0017-06-26 14:35:00,17,6,26,14,35,974,407,Rue de Cherbourg,20.93861,55.29686,Plein jour,En agglomération,Hors intersection,Normale,Autre collision,,,,,,,,,,,1,2,1,1.0,6.0
201700060242,0017-06-29 18:00:00,17,6,29,18,0,974,407,Rue Jean Jaurès,20.93925,55.30571,Crépuscule ou aube,En agglomération,Intersection en T,Normale,Deux véhicules - côté,,,,,,,,,,,2,2,3,1.0,3.0
201700060243,0017-07-01 17:20:00,17,7,1,17,20,974,407,Rue Jacques Duclos,20.95838,55.31444,Plein jour,En agglomération,Hors intersection,Normale,Autre collision,,,,,,,,,,,1,2,1,1.0,6.0
201700060244,0017-06-30 08:15:00,17,6,30,8,15,974,407,Rpt du Sacré coeur,20.95622,55.31091,Plein jour,Hors agglomération,Hors intersection,Normale,Sans collision,,,,,,,,,,,1,1,1,1.0,7.0
201700060245,0017-06-30 18:35:00,17,6,30,18,35,974,407,Route du Sacré coeur,20.95329,55.30741,Crépuscule ou aube,Hors agglomération,Hors intersection,Normale,Deux véhicules - côté,,,,,,,,,,,2,1,1,1.0,3.0
201700060246,0017-07-18 09:50:00,17,7,18,9,50,974,407,Avenue Mgr Romero,20.94566,55.298,Plein jour,En agglomération,Hors intersection,Normale,Deux véhicules - arrière,,,,,,,,,,,1,2,1,1.0,2.0
201700060247,0017-07-19 22:10:00,17,7,19,22,10,974,407,DE GAULLE(RUE),,,Nuit avec éclairage allumé,Hors agglomération,Hors intersection,Normale,Deux véhicules - côté,,,,,,,,,,,5,1,1,1.0,3.0
201700060248,0017-07-23 19:15:00,17,7,23,19,15,974,407,Av Raymond Vergès,20.93958,55.30324,Nuit avec éclairage allumé,En agglomération,Giratoire,Normale,Deux véhicules - côté,,,,,,,,,,,5,2,6,1.0,3.0
201700060249,0017-08-05 16:30:00,17,8,5,16,30,974,407,Av Raymond Vergès,20.93919,55.30088,Plein jour,En agglomération,Hors intersection,Normale,Deux véhicules - arrière,,,,,,,,,,,1,2,1,1.0,2.0
201700060250,0017-08-08 12:30:00,17,8,8,12,30,974,407,Av du 14 juillet 1789,20.93298,55.29336,Plein jour,En agglomération,Hors intersection,Normale,Deux véhicules - arrière,,,,,,,,,,,1,2,1,1.0,2.0
201700060251,0017-08-09 16:30:00,17,8,9,16,30,974,407,Route Nationale 1,20.94463,55.32549,Plein jour,Hors agglomération,Hors intersection,Normale,Trois véhicules et plus - en chaîne,,,,,,,,,,,1,1,1,1.0,4.0
201700060252,0017-08-10 07:50:00,17,8,10,7,50,974,407,Rue Simon Pernic,20.94904,55.30503,Plein jour,En agglomération,Hors intersection,Normale,Deux véhicules - arrière,,,,,,,,,,,1,2,1,1.0,2.0
201700060253,0017-08-10 17:40:00,17,8,10,17,40,974,407,Boulevard Verdun,20.94005,55.29071,Plein jour,En agglomération,Intersection en X,Normale,Autre collision,,,,,,,,,,,1,2,2,1.0,6.0
201700060254,0017-08-13 16:55:00,17,8,13,16,55,974,407,Rue Jesse Owens,20.93449,55.31941,Plein jour,Hors agglomération,Hors intersection,Normale,Autre collision,,,,,,,,,,,1,1,1,1.0,6.0
201700060255,0017-08-21 16:40:00,17,8,21,16,40,974,407,Route du Sacré coeur,20.95077,55.30324,Plein jour,Hors agglomération,Hors intersection,Normale,Deux véhicules - arrière,,,,,,,,,,,1,1,1,1.0,2.0
201700060256,0017-08-22 12:30:00,17,8,22,12,30,974,407,Avenue Rico Carpaye,20.94933,55.30099,Plein jour,En agglomération,Hors intersection,Normale,Autre collision,,,,,,,,,,,1,2,1,1.0,6.0
201700060257,0017-08-23 07:50:00,17,8,23,7,50,974,407,Av Compagnie des Indes,20.94536,55.32566,Plein jour,Hors agglomération,Hors intersection,Normale,Trois véhicules et plus - en chaîne,,,,,,,,,,,1,1,1,1.0,4.0
201700060258,0017-08-24 15:10:00,17,8,24,15,10,974,407,Av Georges Politzer,20.94856,55.29382,Plein jour,En agglomération,Hors intersection,Normale,Deux véhicules - arrière,,,,,,,,,,,1,2,1,1.0,2.0
201700060259,0017-09-10 21:15:00,17,9,10,21,15,974,407,Boulevard Marine,20.95124,55.29192,Nuit sans éclairage public,En agglomération,Hors intersection,Normale,Sans collision,,,,,,,,,,,3,2,1,1.0,7.0
201700060260,0017-07-01 00:55:00,17,7,1,0,55,974,407,Voie liaison portuaire,20.92911,55.29902,Nuit sans éclairage public,En agglomération,Hors intersection,Normale,Sans collision,,,,,,,,,,,3,2,1,1.0,7.0
201700060261,0017-08-31 08:25:00,17,8,31,8,25,974,407,Av Commune de Paris,20.94061,55.29134,Plein jour,En agglomération,Hors intersection,Normale,Autre collision,,,,,,,,,,,1,2,1,1.0,6.0
201700060262,0017-09-15 20:10:00,17,9,15,20,10,974,407,Route Coeur Saignant,20.95181,55.30491,Nuit sans éclairage public,Hors agglomération,Hors intersection,Normale,Deux véhicules - arrière,,,,,,,,,,,3,1,1,1.0,2.0
201700060263,0017-10-09 15:50:00,17,10,9,15,50,974,407,Av de la Commune de Pari,20.94247,55.29183,Plein jour,En agglomération,Giratoire,Normale,Deux véhicules - frontale,,,,,,,,,,,1,2,6,1.0,1.0
201700060264,0017-10-12 00:50:00,17,10,12,0,50,974,407,Rue Mahé de Labourdonnai,20.93849,55.29125,Nuit avec éclairage allumé,En agglomération,Intersection en X,Normale,Deux véhicules - côté,,,,,,,,,,,5,2,2,1.0,3.0
201700060265,0017-10-25 10:10:00,17,10,25,10,10,974,407,RN1,20.9455,55.32483,Plein jour,Hors agglomération,Hors intersection,Normale,Autre collision,,,,,,,,,,,1,1,1,1.0,6.0
201700060266,0017-10-26 19:40:00,17,10,26,19,40,974,407,Av de la Commune de Pari,20.93872,55.29091,Nuit avec éclairage allumé,En agglomération,Hors intersection,Normale,Deux véhicules - côté,,,,,,,,,,,5,2,1,1.0,3.0
201700060267,0017-08-14 02:25:00,17,8,14,2,25,974,407,Rue Jesse Owens,20.9345,55.31955,Nuit sans éclairage public,En agglomération,Hors intersection,Normale,Autre collision,,,,,,,,,,,3,2,1,1.0,6.0
201700060268,0017-08-19 01:05:00,17,8,19,1,5,974,407,Rue de Cherbourg,20.93865,55.29672,Nuit avec éclairage allumé,En agglomération,Hors intersection,Normale,Deux véhicules - arrière,,,,,,,,,,,5,2,1,1.0,2.0
201700060269,0017-11-15 20:35:00,17,11,15,20,35,974,407,ROUTE DU SACRE COEUR,20.95618,55.31221,Nuit avec éclairage allumé,En agglomération,Hors intersection,Normale,Autre collision,,,,,,,,,,,5,2,1,1.0,6.0
201700060270,0017-11-22 12:30:00,17,11,22,12,30,974,407,COMPAGNIE DES INDES (BD,20.94628,55.30444,Plein jour,Hors agglomération,Hors intersection,Pluie légère,Deux véhicules - côté,,,,,,,,,,,1,1,1,2.0,3.0
201700060271,0017-11-28 16:45:00,17,11,28,16,45,974,407,Rue André Suarez,20.93169,55.29874,Plein jour,En agglomération,Hors intersection,Normale,Autre collision,,,,,,,,,,,1,2,1,1.0,6.0
201700060272,0017-12-02 01:20:00,17,12,2,1,20,974,407,Rue de Londres,20.94226,55.29476,Nuit sans éclairage public,En agglomération,Intersection en T,Normale,Deux véhicules - côté,,,,,,,,,,,3,2,3,1.0,3.0
201700060273,0017-12-16 17:35:00,17,12,16,17,35,974,407,TAMATAVE (BOULEVARD),20.92959,55.30051,Plein jour,En agglomération,Hors intersection,Normale,Autre collision,,,,,,,,,,,1,2,1,1.0,6.0
201700060274,0017-12-19 19:45:00,17,12,19,19,45,974,407,Rue Léon Lepervenche,20.93529,55.29186,Nuit avec éclairage allumé,En agglomération,Place,Normale,Autre collision,,,,,,,,,,,5,2,7,1.0,6.0
201700060275,0017-12-22 08:15:00,17,12,22,8,15,974,407,ROUTE DU SACRE COEUR,20.95803,55.31731,Plein jour,Hors agglomération,Intersection en X,Normale,Deux véhicules - côté,,,,,,,,,,,1,1,2,1.0,3.0
201700060276,0017-12-23 20:25:00,17,12,23,20,25,974,407,SACRE COEUR (RD POINT) -,20.95546,55.31071,Nuit avec éclairage allumé,Hors agglomération,Hors intersection,Normale,Deux véhicules - arrière,,,,,,,,,,,5,1,1,1.0,2.0
201700060277,0017-12-25 06:10:00,17,12,25,6,10,974,407,Rue François de Mahy,20.9375,55.29099,Plein jour,En agglomération,Hors intersection,Normale,Autre collision,,,,,,,,,,,1,2,1,1.0,6.0
201700060278,0017-12-27 14:50:00,17,12,27,14,50,974,407,ROND POINT TAMATAVE,20.92907,55.31429,Plein jour,Hors agglomération,Hors intersection,Pluie légère,Deux véhicules - côté,,,,,,,,,,,1,1,1,2.0,3.0
201700060279,0017-12-17 00:50:00,17,12,17,0,50,974,407,Avenue du 19 mars 1946,20.94918,55.29929,Nuit avec éclairage allumé,Hors agglomération,Hors intersection,Normale,Autre collision,,,,,,,,,,,5,1,1,1.0,6.0
201700060280,0017-11-12 17:45:00,17,11,12,17,45,974,407,COMMUNE DE PARIS (AVENUE,20.93916,55.29088,Plein jour,En agglomération,Hors intersection,Normale,Trois véhicules et plus - en chaîne,,,,,,,,,,,1,2,1,1.0,4.0
201700060281,0017-12-31 15:20:00,17,12,31,15,20,974,407,SANS SOUCIS(RUE),20.94868,55.29057,Plein jour,En agglomération,Hors intersection,Normale,Autre collision,,,,,,,,,,,1,2,1,1.0,6.0
201700060282,0017-02-18 12:25:00,17,2,18,12,25,974,409,Chemin Patelin,20.97174,55.677,Plein jour,Hors agglomération,Autre intersection,Normale,Deux véhicules - frontale,,,,,,,,,,,1,1,9,1.0,1.0
201700060283,0017-12-20 11:50:00,17,12,20,11,50,974,409,160 Chemin des limites,20.96835,55.69837,Plein jour,En agglomération,Hors intersection,Normale,Deux véhicules - frontale,,,,,,,,,,,1,2,1,1.0,1.0
201700060284,0017-04-08 23:30:00,17,4,8,23,30,974,409,740 Av des Mascareignes,20.93628,55.64658,Nuit avec éclairage allumé,En agglomération,Hors intersection,Normale,Autre collision,,,,,,,,,,,5,2,1,1.0,6.0
201700060285,0017-04-30 08:45:00,17,4,30,8,45,974,409,Chemin Lefaguyes,20.96301,55.65883,Plein jour,En agglomération,Giratoire,Normale,Autre collision,,,,,,,,,,,1,2,6,1.0,6.0
201700060286,0017-11-29 14:30:00,17,11,29,14,30,974,409,"1213, PATELIN (chemin)",20.97184,55.67466,Plein jour,En agglomération,Hors intersection,Normale,Deux véhicules - côté,,,,,,,,,,,1,2,1,1.0,3.0
201700060287,0017-05-04 20:00:00,17,5,4,20,0,974,409,Route de Salazie,,,Nuit sans éclairage public,Hors agglomération,Hors intersection,Pluie légère,Deux véhicules - frontale,,,,,,,,,,,3,1,1,2.0,1.0
201700060288,0017-06-09 15:50:00,17,6,9,15,50,974,409,Chemin Miguel,20.94929,55.64193,Plein jour,En agglomération,Hors intersection,Normale,Autre collision,,,,,,,,,,,1,2,1,1.0,6.0
201700060289,0017-07-08 07:50:00,17,7,8,7,50,974,409,Rue de Cambuston,20.93253,55.64798,Plein jour,En agglomération,Autre intersection,Normale,Deux véhicules - côté,,,,,,,,,,,1,2,9,1.0,3.0
201700060290,0017-08-16 09:00:00,17,8,16,9,0,974,409,273 Av de la République,20.96171,55.65256,Plein jour,En agglomération,Hors intersection,Pluie légère,Trois véhicules et plus - en chaîne,,,,,,,,,,,1,2,1,2.0,4.0
201700060291,0017-08-26 10:20:00,17,8,26,10,20,974,409,121 Chemin Pente Sassy,20.96476,55.65915,Plein jour,En agglomération,Hors intersection,Normale,Deux véhicules - côté,,,,,,,,,,,1,2,1,1.0,3.0
201700060292,0017-09-11 20:10:00,17,9,11,20,10,974,409,1499 Av de Bourbon,20.97378,55.64646,Nuit avec éclairage allumé,En agglomération,Hors intersection,Normale,Autre collision,,,,,,,,,,,5,2,1,1.0,6.0
201700060293,0017-07-28 14:05:00,17,7,28,14,5,974,409,Chemin Sarabe,20.97055,55.62252,Plein jour,En agglomération,Hors intersection,Normale,Sans collision,,,,,,,,,,,1,2,1,1.0,7.0
201700060294,0017-09-25 15:45:00,17,9,25,15,45,974,409,540 Av. de la communauté,20.96541,55.65615,Plein jour,En agglomération,Hors intersection,Normale,Autre collision,,,,,,,,,,,1,2,1,1.0,6.0
201700060295,0017-11-03 07:30:00,17,11,3,7,30,974,409,315 Chemin pente Sassy,20.96622,55.65943,Plein jour,En agglomération,Autre intersection,Normale,Deux véhicules - côté,,,,,,,,,,,1,2,9,1.0,3.0
201700060296,0017-08-10 12:10:00,17,8,10,12,10,974,409,112 Chemin Pente Sassy,20.96465,55.65908,Plein jour,En agglomération,Hors intersection,Normale,Deux véhicules - côté,,,,,,,,,,,1,2,1,1.0,3.0
201700060297,0017-12-07 07:10:00,17,12,7,7,10,974,409,"787, Rue Rocade Sud",20.9732,55.65131,Plein jour,En agglomération,Hors intersection,Normale,Autre collision,,,,,,,,,,,1,2,1,1.0,6.0
201700060298,0017-11-11 13:15:00,17,11,11,13,15,974,409,"1465, Chemin Grand Canal",20.96548,55.68853,Plein jour,Hors agglomération,Hors intersection,Normale,Autre collision,,,,,,,,,,,1,1,1,1.0,6.0
201700060299,0017-11-26 09:05:00,17,11,26,9,5,974,409,Route de Salazie,20.97799,55.38264,Plein jour,Hors agglomération,Hors intersection,Normale,Deux véhicules - frontale,,,,,,,,,,,1,1,1,1.0,1.0
201700060300,0017-12-14 18:05:00,17,12,14,18,5,974,409,Rue de la gare,20.96288,55.65863,Plein jour,En agglomération,Giratoire,Normale,Sans collision,,,,,,,,,,,1,2,6,1.0,7.0
201700060301,0017-12-14 17:15:00,17,12,14,17,15,974,409,295 Chemin Patelin,20.97071,55.66664,Plein jour,Hors agglomération,Hors intersection,Normale,Autre collision,,,,,,,,,,,1,1,1,1.0,6.0
201700060302,0017-12-21 05:45:00,17,12,21,5,45,974,409,Route de Champ Borne,,,Plein jour,Hors agglomération,Hors intersection,Normale,Deux véhicules - arrière,,,,,,,,,,,1,1,1,1.0,2.0
201700060303,0017-01-25 12:00:00,17,1,25,12,0,974,411,Boulevard Jean Jaurès,20.89189,55.46744,Plein jour,En agglomération,Hors intersection,Normale,Deux véhicules - arrière,,,,,,,,,,,1,2,1,1.0,2.0
201700060304,0017-02-04 12:50:00,17,2,4,12,50,974,411,4 rue Léon Dierx,20.88928,55.45747,Plein jour,En agglomération,Intersection en X,Normale,Deux véhicules - côté,,,,,,,,,,,1,2,2,1.0,3.0
201700060305,0017-02-10 15:00:00,17,2,10,15,0,974,411,"21, FLUORINES (ALLEE DES",20.90601,55.44001,Plein jour,En agglomération,Intersection en Y,Normale,Deux véhicules - frontale,,,,,,,,,,,1,2,4,1.0,1.0
201700060306,0017-02-13 23:40:00,17,2,13,23,40,974,411,22 rue Labourdonnais,20.87645,55.44823,Nuit avec éclairage allumé,En agglomération,Intersection en T,Normale,Deux véhicules - frontale,,,,,,,,,,,5,2,3,1.0,1.0
201700060307,0017-02-19 21:10:00,17,2,19,21,10,974,411,Boulevard Lancastel,20.88227,55.46379,Nuit avec éclairage allumé,En agglomération,Hors intersection,Pluie légère,Trois véhicules et plus - collisions multiples,,,,,,,,,,,5,2,1,2.0,5.0
201700060308,0017-03-12 00:30:00,17,3,12,0,30,974,411,"186, Chemin neuf",21.1955,55.43349,Nuit sans éclairage public,En agglomération,Hors intersection,Normale,Sans collision,,,,,,,,,,,3,2,1,1.0,7.0
201700060309,0017-03-26 05:45:00,17,3,26,5,45,974,411,"69, rue Léopold Rambaud",20.88433,55.46728,Nuit avec éclairage allumé,En agglomération,Hors intersection,Autre,Autre collision,,,,,,,,,,,5,2,1,9.0,6.0
201700060310,0017-03-25 19:50:00,17,3,25,19,50,974,411,22 Av Leconte de Lisle,20.892,55.48198,Nuit avec éclairage allumé,En agglomération,Intersection en X,Normale,Deux véhicules - côté,,,,,,,,,,,5,2,2,1.0,3.0
201700060311,0017-03-25 15:35:00,17,3,25,15,35,974,411,Route du Littoral,20.89543,55.37719,Plein jour,Hors agglomération,Hors intersection,Normale,Deux véhicules - arrière,,,,,,,,,,,1,1,1,1.0,2.0
201700060312,0017-04-07 14:30:00,17,4,7,14,30,974,411,"23, Rte de Montgaillard",20.90838,55.46738,Plein jour,Hors agglomération,Hors intersection,Normale,Autre collision,,,,,,,,,,,1,1,1,1.0,6.0
201700060313,0017-04-07 15:40:00,17,4,7,15,40,974,411,23 Rue Félix Guyon,20.88169,55.44795,Plein jour,En agglomération,Hors intersection,Normale,Autre collision,,,,,,,,,,,1,2,1,1.0,6.0
201700060314,0017-04-09 03:35:00,17,4,9,3,35,974,411,1 Bd Jean Jaurès,20.8948,55.47214,Nuit avec éclairage non allumé,En agglomération,Hors intersection,Normale,Autre collision,,,,,,,,,,,4,2,1,1.0,6.0
201700060315,0017-04-11 17:20:00,17,4,11,17,20,974,411,33 Rue Malartic,20.88877,55.45295,Plein jour,En agglomération,Hors intersection,Normale,Autre collision,,,,,,,,,,,1,2,1,1.0,6.0
201700060316,0017-04-10 12:10:00,17,4,10,12,10,974,411,60 Av Leconte Delisle,20.89339,55.48506,Plein jour,En agglomération,Hors intersection,Normale,Autre collision,,,,,,,,,,,1,2,1,1.0,6.0
201700060317,0017-05-06 18:45:00,17,5,6,18,45,974,411,Boulevard Jean Jaurès,20.88905,55.45007,Crépuscule ou aube,En agglomération,Hors intersection,Normale,Autre collision,,,,,,,,,,,2,2,1,1.0,6.0
201700060318,0017-05-14 17:13:00,17,5,14,17,13,974,411,Rue de la Gare,20.89473,55.49213,Plein jour,Hors agglomération,Hors intersection,Normale,Autre collision,,,,,,,,,,,1,1,1,1.0,6.0
201700060319,0017-05-18 17:30:00,17,5,18,17,30,974,411,Av de Lattre de Tassigny,20.88981,55.47753,Plein jour,En agglomération,Passage à niveau,Normale,Autre collision,,,,,,,,,,,1,2,8,1.0,6.0
201700060320,0017-05-20 09:35:00,17,5,20,9,35,974,411,103 Av Leconte Delisle,20.89622,55.49185,Plein jour,En agglomération,Hors intersection,Normale,Autre collision,,,,,,,,,,,1,2,1,1.0,6.0
201700060321,0017-06-12 20:00:00,17,6,12,20,0,974,411,Route du Littoral,20.88166,55.3957,Nuit avec éclairage allumé,Hors agglomération,Hors intersection,Normale,Autre collision,,,,,,,,,,,5,1,1,1.0,6.0
201700060322,0017-06-20 17:15:00,17,6,20,17,15,974,411,80 Av Leconte De Lisle,20.89567,55.49009,Plein jour,En agglomération,Hors intersection,Normale,Deux véhicules - côté,,,,,,,,,,,1,2,1,1.0,3.0
201700060323,0017-06-29 18:50:00,17,6,29,18,50,974,411,3 Chemin Commins,20.89277,55.41161,Nuit sans éclairage public,En agglomération,Hors intersection,Normale,Autre collision,,,,,,,,,,,3,2,1,1.0,6.0
201700060324,0017-06-30 14:50:00,17,6,30,14,50,974,411,3 Bd Jean Jaurès,20.89698,55.47492,Plein jour,En agglomération,Hors intersection,Normale,Sans collision,,,,,,,,,,,1,2,1,1.0,7.0
201700060325,0017-07-13 20:00:00,17,7,13,20,0,974,411,4 rue François de Mahy,20.89687,55.48496,Nuit avec éclairage allumé,En agglomération,Hors intersection,Normale,Deux véhicules - côté,,,,,,,,,,,5,2,1,1.0,3.0
201700060326,0017-07-15 14:35:00,17,7,15,14,35,974,411,19 Rue de Paris,20.8804,55.44915,Plein jour,En agglomération,Hors intersection,Normale,Autre collision,,,,,,,,,,,1,2,1,1.0,6.0
201700060327,0017-07-27 13:15:00,17,7,27,13,15,974,411,37 Rue Félix Guyon,20.88088,55.45062,Plein jour,En agglomération,Hors intersection,Normale,Autre collision,,,,,,,,,,,1,2,1,1.0,6.0
201700060328,0017-08-16 13:15:00,17,8,16,13,15,974,411,RIVIERE DES PLUIES (ROUT,,,Plein jour,En agglomération,Hors intersection,Normale,Autre collision,,,,,,,,,,,1,2,1,1.0,6.0
201700060329,0017-06-24 23:30:00,17,6,24,23,30,974,411,Avenue de la Victoire,20.87383,55.44682,Nuit avec éclairage allumé,En agglomération,Hors intersection,Normale,Autre collision,,,,,,,,,,,5,2,1,1.0,6.0
201700060330,0017-08-24 07:15:00,17,8,24,7,15,974,411,1 Rue des Poivriers,20.89489,55.46821,Plein jour,En agglomération,Hors intersection,Normale,Autre collision,,,,,,,,,,,1,2,1,1.0,6.0
201700060331,0017-09-01 18:49:00,17,9,1,18,49,974,411,2 Av Georges Brassens,20.90128,55.4876,Nuit avec éclairage allumé,En agglomération,Hors intersection,Normale,Sans collision,,,,,,,,,,,5,2,1,1.0,7.0
201700060332,0017-09-13 15:45:00,17,9,13,15,45,974,411,44 rue Jean Cocteau,20.89014,55.46575,Plein jour,En agglomération,Hors intersection,Normale,Autre collision,,,,,,,,,,,1,2,1,1.0,6.0
201700060333,0017-09-19 18:45:00,17,9,19,18,45,974,411,"10, LANCASTEL (BOULEVARD",20.87894,55.45844,Nuit avec éclairage allumé,En agglomération,Intersection en T,Normale,Autre collision,,,,,,,,,,,5,2,3,1.0,6.0
201700060334,0017-09-23 11:00:00,17,9,23,11,0,974,411,10 Bd Jean Jaurès,20.88904,55.45001,Plein jour,En agglomération,Intersection en X,Normale,Deux véhicules - côté,,,,,,,,,,,1,2,2,1.0,3.0
201700060335,0017-09-29 15:40:00,17,9,29,15,40,974,411,15 Bd Jean Jaurès,20.90096,55.49253,Plein jour,En agglomération,Hors intersection,Normale,Autre collision,,,,,,,,,,,1,2,1,1.0,6.0
201700060336,0017-07-12 06:30:00,17,7,12,6,30,974,411,49 rue de la Guadeloupe,20.90389,55.49506,Plein jour,En agglomération,Hors intersection,Normale,Autre collision,,,,,,,,,,,1,2,1,1.0,6.0
201700060337,0017-10-04 08:15:00,17,10,4,8,15,974,411,Route du Littoral,20.88088,55.39901,Plein jour,Hors agglomération,Hors intersection,Normale,Deux véhicules - arrière,,,,,,,,,,,1,1,1,1.0,2.0
201700060338,0017-10-06 07:45:00,17,10,6,7,45,974,411,"1, Route Digue",20.89237,55.47118,Plein jour,En agglomération,Hors intersection,Normale,Deux véhicules - côté,,,,,,,,,,,1,2,1,1.0,3.0
201700060339,0017-10-14 21:25:00,17,10,14,21,25,974,411,20 Rue de la gare,20.89611,55.49207,Nuit avec éclairage allumé,En agglomération,Intersection en T,Normale,Deux véhicules - côté,,,,,,,,,,,5,2,3,1.0,3.0
201700060340,0017-10-19 21:45:00,17,10,19,21,45,974,411,5 Rue Lory les hauts,20.8958,55.48225,Nuit sans éclairage public,En agglomération,Hors intersection,Normale,Deux véhicules - frontale,,,,,,,,,,,3,2,1,1.0,1.0
201700060341,0017-10-25 17:25:00,17,10,25,17,25,974,411,20 rue Félix Guyon,20.8805,55.45196,Plein jour,En agglomération,Intersection en X,Normale,Deux véhicules - arrière,,,,,,,,,,,1,2,2,1.0,2.0
201700060342,0017-10-30 20:45:00,17,10,30,20,45,974,411,Avenue Georges Brassens,20.90548,55.48412,Nuit avec éclairage allumé,En agglomération,Giratoire,Pluie forte,Deux véhicules - côté,,,,,,,,,,,5,2,6,3.0,3.0
201700060343,0017-10-23 11:45:00,17,10,23,11,45,974,412,Rue Ruisseau des Noirs,20.89075,55.45657,Plein jour,Hors agglomération,Hors intersection,Normale,Autre collision,,,,,,,,,,,1,1,1,1.0,6.0
201700060344,0017-11-06 09:07:00,17,11,6,9,7,974,411,"16, BRASSENS (AVENUE GEO",20.90409,55.48241,Plein jour,En agglomération,Hors intersection,Normale,Sans collision,,,,,,,,,,,1,2,1,1.0,7.0
201700060345,0017-11-07 19:30:00,17,11,7,19,30,974,411,"12, VINH-SAN (BLD 1 DU P",20.88751,55.44178,Nuit avec éclairage allumé,Hors agglomération,Hors intersection,Normale,Trois véhicules et plus - en chaîne,,,,,,,,,,,5,1,1,1.0,4.0