accident_id,datetime,annee,mois,jour,heure,minute,departement,commune_insee,adresse,latitude,longitude,luminosite,agglomeration,intersection,meteo,collision,nb_vehicules,nb_usagers,nb_indemnes,nb_tues,nb_blesses_hosp,nb_blesses_legers,age_cond_1,age_cond_2,veh_type_cond_1,veh_type_cond_2,lum_code,agg_code,int_code,atm_code,col_code
201700060346,0017-11-09 19:20:00,17,11,9,19,20,974,411,"10, JAURES (BOULEVARD JE",20.88946,55.45104,Nuit avec éclairage allumé,En agglomération,Hors intersection,Normale,Autre collision,,,,,,,,,,,5,2,1,1.0,6.0
201700060347,0017-11-25 13:50:00,17,11,25,13,50,974,411,2 Av. LATTRE DE TASSIGNY,20.88501,55.46801,Plein jour,En agglomération,Intersection en T,Normale,Deux véhicules - côté,,,,,,,,,,,1,2,3,1.0,3.0
201700060348,0017-10-26 22:30:00,17,10,26,22,30,974,411,6 bis Rue de la Source,20.8896,55.44843,Nuit avec éclairage allumé,Hors agglomération,Hors intersection,Normale,Deux véhicules - arrière,,,,,,,,,,,5,1,1,1.0,2.0
201700060349,0017-09-23 01:15:00,17,9,23,1,15,974,411,20 Chemin Saint Bernard,20.90169,55.40593,Nuit avec éclairage allumé,En agglomération,Autre intersection,Normale,Autre collision,,,,,,,,,,,5,2,9,1.0,6.0
201700060350,0017-12-08 14:00:00,17,12,8,14,0,974,411,5 Route de la Montagne,20.88702,55.43516,Plein jour,Hors agglomération,Hors intersection,Temps couvert,Trois véhicules et plus - collisions multiples,,,,,,,,,,,1,1,1,8.0,5.0
201700060351,0017-12-16 12:55:00,17,12,16,12,55,974,411,4 Route de la montagne,20.87879,55.44363,Plein jour,Hors agglomération,Hors intersection,Pluie légère,Deux véhicules - côté,,,,,,,,,,,1,1,1,2.0,3.0
201700060352,0017-12-19 08:10:00,17,12,19,8,10,974,411,36 Rue Ruisseau des noir,20.88857,55.45337,Plein jour,En agglomération,Hors intersection,Normale,Autre collision,,,,,,,,,,,1,2,1,1.0,6.0
201700060353,0017-12-20 18:27:00,17,12,20,18,27,974,411,Route de Domenjod,20.90899,55.50451,Plein jour,En agglomération,Hors intersection,Normale,Deux véhicules - frontale,,,,,,,,,,,1,2,1,1.0,1.0
201700060354,0017-12-21 20:35:00,17,12,21,20,35,974,411,"9, Av Lattre de Tassigny",20.88677,55.47056,Nuit sans éclairage public,En agglomération,Hors intersection,Normale,Deux véhicules - arrière,,,,,,,,,,,3,2,1,1.0,2.0
201700060355,0017-01-01 03:45:00,17,1,1,3,45,974,416,"30, DE LA ZONE(ALLEE)",,,Nuit avec éclairage allumé,Hors agglomération,Hors intersection,Normale,Autre collision,,,,,,,,,,,5,1,1,1.0,6.0
201700060356,0017-01-05 12:10:00,17,1,5,12,10,974,416,BASSIN PLAT(CHEMIN),21.32432,55.4894,Plein jour,Hors agglomération,Intersection en T,Normale,Deux véhicules - côté,,,,,,,,,,,1,1,3,1.0,3.0
201700060357,0017-01-06 20:10:00,17,1,6,20,10,974,416,"1, HIPPOLYTE  PIOT (RUE)",21.3017,55.45805,Nuit avec éclairage allumé,Hors agglomération,Hors intersection,Normale,Deux véhicules - arrière,,,,,,,,,,,5,1,1,1.0,2.0
201700060358,0017-11-24 16:30:00,17,11,24,16,30,974,416,65 Rue du Père Lafosse,21.33015,55.48305,Plein jour,En agglomération,Hors intersection,Normale,Deux véhicules - côté,,,,,,,,,,,1,2,1,1.0,3.0
201700060359,0017-01-10 17:00:00,17,1,10,17,0,974,416,"62, LE VIGOUREUX (RUE VI",21.00001,55.50001,Plein jour,Hors agglomération,Hors intersection,Normale,Autre collision,,,,,,,,,,,1,1,1,1.0,6.0
201700060360,0017-12-22 17:50:00,17,12,22,17,50,974,416,Route Nationale 3,21.30375,55.49963,Plein jour,Hors agglomération,Hors intersection,Normale,Sans collision,,,,,,,,,,,1,1,1,1.0,7.0
201700060361,0017-01-05 18:00:00,17,1,5,18,0,974,416,"20, ENTRE DEUX (CHEMIN)",21.28621,55.45551,Plein jour,Hors agglomération,Hors intersection,Normale,Deux véhicules - arrière,,,,,,,,,,,1,1,1,1.0,2.0
201700060362,0017-12-02 02:50:00,17,12,2,2,50,974,416,6 rue Pasteur,21.33517,55.47096,Nuit avec éclairage allumé,En agglomération,Hors intersection,Normale,Autre collision,,,,,,,,,,,5,2,1,1.0,6.0
201700060363,0017-01-10 12:10:00,17,1,10,12,10,974,416,145 Chemin Badamier,21.31359,55.45673,Plein jour,Hors agglomération,Autre intersection,Normale,Deux véhicules - frontale,,,,,,,,,,,1,1,9,1.0,1.0
201700060364,0017-01-16 09:50:00,17,1,16,9,50,974,416,52 Bd Hubert Delisle,21.3436,55.47025,Plein jour,En agglomération,Hors intersection,Temps couvert,Deux véhicules - côté,,,,,,,,,,,1,2,1,8.0,3.0
201700060365,0017-11-02 11:45:00,17,11,2,11,45,974,416,"134, MITTERAND (AVENUE D",21.34482,55.48499,Plein jour,En agglomération,Hors intersection,Normale,Autre collision,,,,,,,,,,,1,2,1,1.0,6.0
201700060366,0017-01-16 20:05:00,17,1,16,20,5,974,416,37T rue du Frère Denis,21.3464,55.48454,Nuit avec éclairage allumé,Hors agglomération,Hors intersection,Normale,Autre collision,,,,,,,,,,,5,1,1,1.0,6.0
201700060367,0017-01-17 07:55:00,17,1,17,7,55,974,416,"12, POUDRIERE (RUE DE LA",21.28434,55.40733,Plein jour,En agglomération,Giratoire,Normale,Deux véhicules - côté,,,,,,,,,,,1,2,6,1.0,3.0
201700060368,0017-12-02 19:50:00,17,12,2,19,50,974,416,Route Nationale 3,21.29067,55.51377,Nuit sans éclairage public,Hors agglomération,Autre intersection,Normale,Trois véhicules et plus - collisions multiples,,,,,,,,,,,3,1,9,1.0,5.0
201700060369,0017-12-27 10:00:00,17,12,27,10,0,974,416,110 Ch de l'aérodrome,21.31377,55.43129,Plein jour,Hors agglomération,Hors intersection,Normale,Autre collision,,,,,,,,,,,1,1,1,1.0,6.0
201700060370,0017-01-23 10:10:00,17,1,23,10,10,974,416,44 rue M et A Leblond,21.3381,55.47609,Plein jour,En agglomération,Intersection en T,Normale,Autre collision,,,,,,,,,,,1,2,3,1.0,6.0
201700060371,0017-12-25 13:35:00,17,12,25,13,35,974,416,CD 26,21.26076,55.48202,Plein jour,Hors agglomération,Hors intersection,Normale,Autre collision,,,,,,,,,,,1,1,1,1.0,6.0
201700060372,0017-01-27 12:20:00,17,1,27,12,20,974,416,1 Chemin Roland Garros,21.33092,55.52558,Plein jour,En agglomération,Hors intersection,Normale,Deux véhicules - côté,,,,,,,,,,,1,2,1,1.0,3.0
201700060373,0017-11-23 02:17:00,17,11,23,2,17,974,416,LORION(RUE LUC),21.33642,55.47033,Nuit avec éclairage allumé,En agglomération,Intersection en X,Normale,Deux véhicules - côté,,,,,,,,,,,5,2,2,1.0,3.0
201700060374,0017-01-26 06:50:00,17,1,26,6,50,974,416,"6, FLAMBOYANTS (CHEMIN)",21.28754,55.51116,Plein jour,En agglomération,Autre intersection,Normale,Autre collision,,,,,,,,,,,1,2,9,1.0,6.0
201700060375,0017-02-10 06:50:00,17,2,10,6,50,974,416,"22, ANCIENNE RN 1",21.32101,55.44401,Plein jour,Hors agglomération,Hors intersection,Normale,Deux véhicules - côté,,,,,,,,,,,1,1,1,1.0,3.0
201700060376,0017-02-09 18:40:00,17,2,9,18,40,974,416,99 Rue du Lycée,,,Crépuscule ou aube,Hors agglomération,Hors intersection,Normale,Deux véhicules - côté,,,,,,,,,,,2,1,1,1.0,3.0
201700060377,0017-02-12 16:40:00,17,2,12,16,40,974,416,Route Nationale 2,21.34989,55.50414,Plein jour,Hors agglomération,Hors intersection,Normale,Deux véhicules - côté,,,,,,,,,,,1,1,1,1.0,3.0
201700060378,0017-02-14 20:05:00,17,2,14,20,5,974,416,731 Rue Mahatma Gandhy,21.33826,55.46111,Nuit avec éclairage allumé,En agglomération,Intersection en T,Normale,Autre collision,,,,,,,,,,,5,2,3,1.0,6.0
201700060379,0017-02-17 07:25:00,17,2,17,7,25,974,416,202 Rue M et A Leblond,21.33506,55.46492,Plein jour,En agglomération,Intersection en X,Normale,Deux véhicules - côté,,,,,,,,,,,1,2,2,1.0,3.0
201700060380,0017-02-12 10:20:00,17,2,12,10,20,974,416,RN1 Bretelle d'accès,21.30486,55.42825,Plein jour,Hors agglomération,Hors intersection,Normale,Deux véhicules - arrière,,,,,,,,,,,1,1,1,1.0,2.0
201700060381,0017-02-19 07:00:00,17,2,19,7,0,974,416,Route Nationale 3,21.31587,55.49186,Crépuscule ou aube,Hors agglomération,Hors intersection,Normale,Sans collision,,,,,,,,,,,2,1,1,1.0,7.0
201700060382,0017-02-20 15:45:00,17,2,20,15,45,974,416,RN03,21.31645,55.49106,Plein jour,Hors agglomération,Hors intersection,Normale,Autre collision,,,,,,,,,,,1,1,1,1.0,6.0
201700060383,0017-02-21 18:55:00,17,2,21,18,55,974,416,RN02,,,Crépuscule ou aube,Hors agglomération,Hors intersection,Pluie légère,Trois véhicules et plus - collisions multiples,,,,,,,,,,,2,1,1,2.0,5.0
201700060384,0017-03-01 17:45:00,17,3,1,17,45,974,416,"10, D28 LIGNE DES BAMBOU",21.30514,55.49562,Plein jour,En agglomération,Hors intersection,Normale,Sans collision,,,,,,,,,,,1,2,1,1.0,7.0
201700060385,0017-03-05 06:50:00,17,3,5,6,50,974,416,"65, HUBERT DE LISLE(BOUL",21.34356,55.46942,Plein jour,En agglomération,Hors intersection,Normale,Deux véhicules - arrière,,,,,,,,,,,1,2,1,1.0,2.0
201700060386,0017-03-10 17:45:00,17,3,10,17,45,974,416,"48, BASSIN PLAT(CHEMIN)",21.33379,55.74856,Plein jour,Hors agglomération,Hors intersection,Normale,Trois véhicules et plus - collisions multiples,,,,,,,,,,,1,1,1,1.0,5.0
201700060387,0017-03-11 20:35:00,17,3,11,20,35,974,416,"219, GENERAL DE GAULLE(A",21.29079,55.46654,Nuit sans éclairage public,Hors agglomération,Intersection en T,Normale,Deux véhicules - frontale,,,,,,,,,,,3,1,3,1.0,1.0
201700060388,0017-03-13 07:30:00,17,3,13,7,30,974,416,RN2 (1),21.33001,55.48001,Plein jour,Hors agglomération,Hors intersection,Pluie légère,Sans collision,,,,,,,,,,,1,1,1,2.0,7.0
201700060389,0017-03-07 21:00:00,17,3,7,21,0,974,416,126 Bis Av du Pdt Mitter,21.3464,55.48631,Nuit avec éclairage allumé,En agglomération,Hors intersection,Normale,Sans collision,,,,,,,,,,,5,2,1,1.0,7.0
201700060390,0017-03-17 12:20:00,17,3,17,12,20,974,416,RN3 (ANCIENNE ROUTE),,,Plein jour,Hors agglomération,Hors intersection,Normale,Deux véhicules - arrière,,,,,,,,,,,1,1,1,1.0,2.0
201700060391,0017-03-19 05:55:00,17,3,19,5,55,974,416,Route Nationale 3,21.30271,55.50113,Crépuscule ou aube,Hors agglomération,Hors intersection,Normale,Sans collision,,,,,,,,,,,2,1,1,1.0,7.0
201700060392,0017-03-22 21:05:00,17,3,22,21,5,974,416,"162, GENERAL DE GAULLE(A",21.35802,55.52106,Nuit avec éclairage allumé,En agglomération,Autre intersection,Pluie légère,Deux véhicules - frontale,,,,,,,,,,,5,2,9,2.0,1.0
201700060393,0017-03-19 11:40:00,17,3,19,11,40,974,416,RN2 (1),21.32662,55.80032,Plein jour,Hors agglomération,Hors intersection,Normale,Deux véhicules - arrière,,,,,,,,,,,1,1,1,1.0,2.0
201700060394,0017-03-27 01:00:00,17,3,27,1,0,974,416,92 Chemin Stéphane,21.28113,55.48191,Nuit avec éclairage allumé,En agglomération,Hors intersection,Normale,Autre collision,,,,,,,,,,,5,2,1,1.0,6.0
201700060395,0017-03-31 09:35:00,17,3,31,9,35,974,416,80 Bd Hubert Delisle,21.33001,55.45001,Plein jour,Hors agglomération,Hors intersection,Normale,Autre collision,,,,,,,,,,,1,1,1,1.0,6.0
201700060396,0017-04-01 05:55:00,17,4,1,5,55,974,416,Route Nationale 1,,,Nuit sans éclairage public,Hors agglomération,Hors intersection,Normale,Deux véhicules - arrière,,,,,,,,,,,3,1,1,1.0,2.0
201700060397,0017-04-07 15:55:00,17,4,7,15,55,974,416,40 Rue du Presbytère,21.33593,55.47648,Plein jour,En agglomération,Hors intersection,Normale,Deux véhicules - frontale,,,,,,,,,,,1,2,1,1.0,1.0
201700060398,0017-04-07 18:25:00,17,4,7,18,25,974,416,62 Chemin Toby les hauts,21.29556,55.4554,Crépuscule ou aube,En agglomération,Hors intersection,Normale,Autre collision,,,,,,,,,,,2,2,1,1.0,6.0
201700060399,0017-03-05 20:20:00,17,3,5,20,20,974,416,"42, HUBERT DE LISLE(BOUL",21.31916,55.54944,Nuit avec éclairage allumé,En agglomération,Hors intersection,Normale,Sans collision,,,,,,,,,,,5,2,1,1.0,7.0
201700060400,0017-01-08 21:15:00,17,1,8,21,15,974,416,RN2 (2),,,Nuit sans éclairage public,Hors agglomération,Hors intersection,Normale,Sans collision,,,,,,,,,,,3,1,1,1.0,7.0
201700060401,0017-01-22 02:20:00,17,1,22,2,20,974,416,RN2 (2),21.32623,55.80032,Nuit sans éclairage public,Hors agglomération,Hors intersection,Normale,Autre collision,,,,,,,,,,,3,1,1,1.0,6.0
201700060402,0017-03-31 10:20:00,17,3,31,10,20,974,416,"236, AUGUSTIN ARCHAMBAUD",21.32767,55.44628,Plein jour,Hors agglomération,Intersection en T,Normale,Deux véhicules - côté,,,,,,,,,,,1,1,3,1.0,3.0
201700060403,0017-04-04 16:30:00,17,4,4,16,30,974,416,159 rue Fernand Colardea,21.339,55.46358,Plein jour,En agglomération,Hors intersection,Normale,Autre collision,,,,,,,,,,,1,2,1,1.0,6.0
201700060404,0017-04-12 22:20:00,17,4,12,22,20,974,416,Route Nationale 3,21.28972,55.51417,Nuit sans éclairage public,Hors agglomération,Hors intersection,Normale,Autre collision,,,,,,,,,,,3,1,1,1.0,6.0
201700060405,0017-04-17 06:00:00,17,4,17,6,0,974,416,Route Nationale 1,21.29987,55.42295,Nuit sans éclairage public,Hors agglomération,Hors intersection,Normale,Deux véhicules - frontale,,,,,,,,,,,3,1,1,1.0,1.0
201700060406,0017-04-21 02:45:00,17,4,21,2,45,974,416,"1, DESFORGES BOUCHER(QUA",21.02384,55.26562,Nuit avec éclairage allumé,En agglomération,Hors intersection,Normale,Autre collision,,,,,,,,,,,5,2,1,1.0,6.0
201700060407,0017-05-02 14:50:00,17,5,2,14,50,974,416,Route Nationale 1,21.3328,55.48157,Plein jour,En agglomération,Hors intersection,Pluie légère,Deux véhicules - arrière,,,,,,,,,,,1,2,1,2.0,2.0
201700060408,0017-05-04 09:15:00,17,5,4,9,15,974,416,Ancienne RN 1,21.32139,55.44453,Plein jour,En agglomération,Hors intersection,Normale,Deux véhicules - côté,,,,,,,,,,,1,2,1,1.0,3.0
201700060409,0017-04-24 16:55:00,17,4,24,16,55,974,416,22 RD29,21.34313,55.51352,Plein jour,Hors agglomération,Autre intersection,Normale,Sans collision,,,,,,,,,,,1,1,9,1.0,7.0
201700060410,0017-05-08 00:01:00,17,5,8,0,1,974,416,Chemin Maurice Thorez,21.27428,55.47181,Nuit sans éclairage public,Hors agglomération,Hors intersection,Normale,Deux véhicules - côté,,,,,,,,,,,3,1,1,1.0,3.0
201700060411,0017-05-09 06:25:00,17,5,9,6,25,974,416,Route Nationale 2,21.33249,55.48058,Crépuscule ou aube,En agglomération,Hors intersection,Normale,Autre collision,,,,,,,,,,,2,2,1,1.0,6.0
201700060412,0017-02-26 15:45:00,17,2,26,15,45,974,416,"CD 26, CD 26",21.28489,55.45553,Plein jour,Hors agglomération,Hors intersection,Normale,Deux véhicules - arrière,,,,,,,,,,,1,1,1,1.0,2.0
201700060413,0017-02-10 08:45:00,17,2,10,8,45,974,416,Route de l'Entre Deux,21.30369,55.43025,Plein jour,En agglomération,Giratoire,Normale,Deux véhicules - arrière,,,,,,,,,,,1,2,6,1.0,2.0
201700060414,0017-05-21 18:40:00,17,5,21,18,40,974,416,Bd Hubert Delisle,21.34356,55.46893,Crépuscule ou aube,En agglomération,Giratoire,Normale,Deux véhicules - frontale,,,,,,,,,,,2,2,6,1.0,1.0
201700060415,0017-05-21 18:35:00,17,5,21,18,35,974,416,1 Route de l'Entre Deux,21.30423,55.42915,Nuit avec éclairage allumé,Hors agglomération,Hors intersection,Autre,Deux véhicules - arrière,,,,,,,,,,,5,1,1,9.0,2.0
201700060416,0017-05-25 19:30:00,17,5,25,19,30,974,416,RD 29,21.34925,55.50993,Crépuscule ou aube,Hors agglomération,Hors intersection,Normale,Deux véhicules - côté,,,,,,,,,,,2,1,1,1.0,3.0
201700060417,0017-05-30 16:00:00,17,5,30,16,0,974,416,Route Nationale 3,21.30528,55.49902,Plein jour,Hors agglomération,Hors intersection,Normale,Deux véhicules - arrière,,,,,,,,,,,1,1,1,1.0,2.0
201700060418,0017-05-30 18:00:00,17,5,30,18,0,974,416,Rue de la Poudrière,21.33523,55.45548,Plein jour,Hors agglomération,Hors intersection,Normale,Deux véhicules - côté,,,,,,,,,,,1,1,1,1.0,3.0
201700060419,0017-03-03 08:34:00,17,3,3,8,34,974,416,Chemin Sapan,21.3208,55.47706,Plein jour,Hors agglomération,Hors intersection,Normale,Sans collision,,,,,,,,,,,1,1,1,1.0,7.0
201700060420,0017-03-08 17:25:00,17,3,8,17,25,974,416,"256, GENERAL DE GAULLE(A",21.36188,55.53122,Plein jour,En agglomération,Hors intersection,Normale,Deux véhicules - côté,,,,,,,,,,,1,2,1,1.0,3.0
201700060421,0017-06-06 18:40:00,17,6,6,18,40,974,416,88 Rue Auguste Babet,21.33501,55.48081,Nuit avec éclairage allumé,En agglomération,Intersection en T,Pluie légère,Autre collision,,,,,,,,,,,5,2,3,2.0,6.0
201700060422,0017-06-02 20:05:00,17,6,2,20,5,974,416,6 Bd Hubert Delisle,21.34353,55.47005,Nuit avec éclairage allumé,En agglomération,Hors intersection,Normale,Deux véhicules - côté,,,,,,,,,,,5,2,1,1.0,3.0
201700060423,0017-06-14 08:00:00,17,6,14,8,0,974,416,351 Rte de l'Entre deux,21.29562,55.44465,Plein jour,Hors agglomération,Hors intersection,Temps éblouissant,Deux véhicules - côté,,,,,,,,,,,1,1,1,7.0,3.0
201700060424,0017-06-16 16:45:00,17,6,16,16,45,974,416,54 Rte la Ligne Paradis,21.31371,55.47574,Plein jour,En agglomération,Hors intersection,Normale,Autre collision,,,,,,,,,,,1,2,1,1.0,6.0
201700060425,0017-06-12 09:20:00,17,6,12,9,20,974,416,50 RD 26,21.2972,55.43999,Plein jour,Hors agglomération,Hors intersection,Normale,Sans collision,,,,,,,,,,,1,1,1,1.0,7.0
201700060426,0017-06-17 01:20:00,17,6,17,1,20,974,416,Rue Amiral Lacaze,21.34255,55.48014,Nuit avec éclairage allumé,En agglomération,Hors intersection,Normale,Autre collision,,,,,,,,,,,5,2,1,1.0,6.0
201700060427,0017-06-18 20:10:00,17,6,18,20,10,974,416,21 Rue Youri Gagarine,21.32786,55.47776,Nuit sans éclairage public,Hors agglomération,Hors intersection,Normale,Autre collision,,,,,,,,,,,3,1,1,1.0,6.0
201700060428,0017-06-20 07:40:00,17,6,20,7,40,974,416,18 Allée de la cheminée,21.32773,55.47815,Plein jour,En agglomération,Intersection en Y,Pluie légère,Autre collision,,,,,,,,,,,1,2,4,2.0,6.0
201700060429,0017-04-30 00:25:00,17,4,30,0,25,974,416,"1, RN2 (2)",21.32623,55.80032,Nuit sans éclairage public,Hors agglomération,Hors intersection,Normale,Autre collision,,,,,,,,,,,3,1,1,1.0,6.0
201700060430,0017-06-24 05:00:00,17,6,24,5,0,974,416,360 Av du Gal de Gaulle,21.35844,55.52198,Nuit avec éclairage allumé,Hors agglomération,Hors intersection,Normale,Autre collision,,,,,,,,,,,5,1,1,1.0,6.0
201700060431,0017-06-24 16:55:00,17,6,24,16,55,974,416,Route Nationale 1,21.31558,55.44127,Plein jour,Hors agglomération,Hors intersection,Normale,Deux véhicules - côté,,,,,,,,,,,1,1,1,1.0,3.0
201700060432,0017-06-25 14:20:00,17,6,25,14,20,974,416,17 Bd Hubert Delisle,21.34377,55.47385,Plein jour,En agglomération,Hors intersection,Normale,Sans collision,,,,,,,,,,,1,2,1,1.0,7.0
201700060433,0017-06-25 18:35:00,17,6,25,18,35,974,416,Rue du Père Favron,21.33698,55.4643,Nuit avec éclairage allumé,En agglomération,Intersection en T,Normale,Deux véhicules - côté,,,,,,,,,,,5,2,3,1.0,3.0
201700060434,0017-06-29 11:15:00,17,6,29,11,15,974,416,Route Nationale 1,21.32207,55.44628,Plein jour,Hors agglomération,Hors intersection,Normale,Autre collision,,,,,,,,,,,1,1,1,1.0,6.0
201700060435,0017-04-24 16:10:00,17,4,24,16,10,974,416,"1, RN2 (2)",,,Plein jour,Hors agglomération,Hors intersection,Normale,Trois véhicules et plus - en chaîne,,,,,,,,,,,1,1,1,1.0,4.0
201700060436,0017-07-01 08:20:00,17,7,1,8,20,974,416,Déviation de Grand Bois,21.35432,55.52201,Plein jour,Hors agglomération,Hors intersection,Normale,Autre collision,,,,,,,,,,,1,1,1,1.0,6.0
201700060437,0017-07-06 12:00:00,17,7,6,12,0,974,416,Rue Marius et Ary Leblon,21.33641,55.47041,Plein jour,En agglomération,Hors intersection,Normale,Deux véhicules - frontale,,,,,,,,,,,1,2,1,1.0,1.0
201700060438,0017-07-09 18:55:00,17,7,9,18,55,974,416,188 Rue du Gal de Gaulle,21.29239,55.47006,Nuit avec éclairage allumé,En agglomération,Intersection en Y,Pluie légère,Sans collision,,,,,,,,,,,5,2,4,2.0,7.0
201700060439,0017-05-28 18:20:00,17,5,28,18,20,974,416,Route Nationale 1,21.09936,55.24834,Nuit sans éclairage public,Hors agglomération,Hors intersection,Normale,Sans collision,,,,,,,,,,,3,1,1,1.0,7.0
201700060440,0017-05-10 12:45:00,17,5,10,12,45,974,416,Rue Augustin Archambaud,21.32858,55.48131,Plein jour,En agglomération,Intersection en T,Normale,Deux véhicules - arrière,,,,,,,,,,,1,2,3,1.0,2.0
201700060441,0017-07-12 13:30:00,17,7,12,13,30,974,416,50 Rte Ligne Paradis,21.31399,55.47605,Plein jour,En agglomération,Hors intersection,Normale,Deux véhicules - frontale,,,,,,,,,,,1,2,1,1.0,1.0
201700060442,0017-07-13 19:20:00,17,7,13,19,20,974,416,ZAC Canabady,21.33321,55.47036,Nuit sans éclairage public,En agglomération,Giratoire,Normale,Deux véhicules - côté,,,,,,,,,,,3,2,6,1.0,3.0
201700060443,0017-07-14 08:20:00,17,7,14,8,20,974,416,Rue Luc Lorion,21.33102,55.47218,Plein jour,En agglomération,Hors intersection,Normale,Deux véhicules - côté,,,,,,,,,,,1,2,1,1.0,3.0
201700060444,0017-06-29 08:20:00,17,6,29,8,20,974,416,561 Chemin Boissy,21.33094,55.51987,Plein jour,Hors agglomération,Hors intersection,Normale,Deux véhicules - frontale,,,,,,,,,,,1,1,1,1.0,1.0
201700060445,0017-07-18 10:20:00,17,7,18,10,20,974,416,Route Nationale 3,21.32264,55.48007,Plein jour,Hors agglomération,Hors intersection,Normale,Deux véhicules - côté,,,,,,,,,,,1,1,1,1.0,3.0
201700060446,0017-07-25 17:30:00,17,7,25,17,30,974,416,Route Nationale 3,21.29418,55.51091,Crépuscule ou aube,En agglomération,Hors intersection,Normale,Trois véhicules et plus - en chaîne,,,,,,,,,,,2,2,1,1.0,4.0
201700060447,0017-07-26 20:20:00,17,7,26,20,20,974,416,"10, CAROU (CHEMIN)",21.32338,55.48158,Nuit sans éclairage public,Hors agglomération,Hors intersection,Normale,Autre collision,,,,,,,,,,,3,1,1,1.0,6.0
201700060448,0017-06-29 11:00:00,17,6,29,11,0,974,416,Rue de la poudrière,21.33829,55.45825,Plein jour,En agglomération,Hors intersection,Normale,Deux véhicules - arrière,,,,,,,,,,,1,2,1,1.0,2.0
201700060449,0017-07-29 03:30:00,17,7,29,3,30,974,416,ARCHAMBAUD (RUE),21.32411,55.48673,Nuit avec éclairage allumé,Hors agglomération,Hors intersection,Normale,Deux véhicules - frontale,,,,,,,,,,,5,1,1,1.0,1.0
201700060450,0017-07-31 11:00:00,17,7,31,11,0,974,416,RN1 (ROUTE NATIONALE),21.32207,55.44628,Plein jour,Hors agglomération,Hors intersection,Normale,Sans collision,,,,,,,,,,,1,1,1,1.0,7.0
201700060451,0017-08-02 10:14:00,17,8,2,10,14,974,416,81 Rue Luc Lorion,21.33432,55.47109,Plein jour,En agglomération,Intersection en X,Normale,Autre collision,,,,,,,,,,,1,2,2,1.0,6.0
201700060452,0017-05-29 22:00:00,17,5,29,22,0,974,416,87G Chemin Roland Garros,21.33335,55.52289,Nuit avec éclairage allumé,En agglomération,Hors intersection,Normale,Sans collision,,,,,,,,,,,5,2,1,1.0,7.0
201700060453,0017-07-01 20:00:00,17,7,1,20,0,974,416,33 Chemin Stephen Rebeca,21.31407,55.47155,Nuit avec éclairage allumé,En agglomération,Hors intersection,Normale,Autre collision,,,,,,,,,,,5,2,1,1.0,6.0
201700060454,0017-08-04 09:00:00,17,8,4,9,0,974,416,42 Bd Hubert Delisle,21.34353,55.47389,Plein jour,En agglomération,Intersection en T,Normale,Autre collision,,,,,,,,,,,1,2,3,1.0,6.0
201700060455,0017-08-04 12:10:00,17,8,4,12,10,974,416,131 Rte Ligne Paradis,21.30568,55.46357,Plein jour,En agglomération,Hors intersection,Normale,Deux véhicules - arrière,,,,,,,,,,,1,2,1,1.0,2.0
201700060456,0017-08-04 19:00:00,17,8,4,19,0,974,416,50 Rue Archambaud,21.29159,55.50889,Nuit avec éclairage allumé,En agglomération,Hors intersection,Normale,Sans collision,,,,,,,,,,,5,2,1,1.0,7.0
201700060457,0017-08-05 19:40:00,17,8,5,19,40,974,416,RN3 (1),21.31645,55.49106,Nuit sans éclairage public,Hors agglomération,Hors intersection,Normale,Deux véhicules - arrière,,,,,,,,,,,3,1,1,1.0,2.0
201700060458,0017-08-07 06:00:00,17,8,7,6,0,974,416,75 Ancienne RN1,21.31659,55.4429,Crépuscule ou aube,Hors agglomération,Hors intersection,Normale,Deux véhicules - côté,,,,,,,,,,,2,1,1,1.0,3.0
201700060459,0017-07-05 11:31:00,17,7,5,11,31,974,416,4 Chemin Château d'eau,21.32586,55.47464,Plein jour,En agglomération,Hors intersection,Normale,Sans collision,,,,,,,,,,,1,2,1,1.0,7.0
201700060460,0017-08-03 12:15:00,17,8,3,12,15,974,416,52 Rue Suffren,21.34011,55.47174,Plein jour,En agglomération,Intersection en T,Normale,Autre collision,,,,,,,,,,,1,2,3,1.0,6.0
201700060461,0017-08-10 08:20:00,17,8,10,8,20,974,416,117 Rue Luc Lorion,21.33753,55.47001,Plein jour,En agglomération,Hors intersection,Pluie légère,Autre collision,,,,,,,,,,,1,2,1,2.0,6.0
201700060462,0017-08-14 01:18:00,17,8,14,1,18,974,416,Niv. sortie rav blanche,21.33048,55.46905,Nuit sans éclairage public,Hors agglomération,Hors intersection,Normale,Autre collision,,,,,,,,,,,3,1,1,1.0,6.0
201700060463,0017-08-14 14:00:00,17,8,14,14,0,974,416,LEBLOND 1 (RUE MARIUS ET,21.33001,55.47001,Plein jour,En agglomération,Autre intersection,Normale,Deux véhicules - côté,,,,,,,,,,,1,2,9,1.0,3.0
201700060464,0017-08-18 12:50:00,17,8,18,12,50,974,416,RN1 (ROUTE NATIONALE),,,Plein jour,Hors agglomération,Hors intersection,Normale,Deux véhicules - côté,,,,,,,,,,,1,1,1,1.0,3.0