accident_id,datetime,annee,mois,jour,heure,minute,departement,commune_insee,adresse,latitude,longitude,luminosite,agglomeration,intersection,meteo,collision,nb_vehicules,nb_usagers,nb_indemnes,nb_tues,nb_blesses_hosp,nb_blesses_legers,age_cond_1,age_cond_2,veh_type_cond_1,veh_type_cond_2,lum_code,agg_code,int_code,atm_code,col_code
201700060465,0017-08-20 12:20:00,17,8,20,12,20,974,416,RN2 - Pont riv d'Abord,21.33329,55.48277,Plein jour,En agglomération,Hors intersection,Normale,Deux véhicules - frontale,,,,,,,,,,,1,2,1,1.0,1.0
201700060466,0017-08-20 16:40:00,17,8,20,16,40,974,416,1 Chemin Bassin plat,21.3253,55.48748,Plein jour,Hors agglomération,Intersection en T,Normale,Deux véhicules - côté,,,,,,,,,,,1,1,3,1.0,3.0
201700060467,0017-08-20 18:46:00,17,8,20,18,46,974,416,Route Nationale 2,21.32623,55.80032,Nuit sans éclairage public,Hors agglomération,Hors intersection,Normale,Trois véhicules et plus - collisions multiples,,,,,,,,,,,3,1,1,1.0,5.0
201700060468,0017-06-23 03:30:00,17,6,23,3,30,974,416,Route Nationale 3,21.28527,55.51697,Nuit sans éclairage public,Hors agglomération,Autre intersection,Normale,Autre collision,,,,,,,,,,,3,1,9,1.0,6.0
201700060469,0017-08-31 00:30:00,17,8,31,0,30,974,416,Route Nationale 3,21.32802,55.47183,Nuit avec éclairage allumé,Hors agglomération,Hors intersection,Normale,Sans collision,,,,,,,,,,,5,1,1,1.0,7.0
201700060470,0017-09-01 19:36:00,17,9,1,19,36,974,416,RN 01,21.23661,55.53581,Nuit sans éclairage public,Hors agglomération,Hors intersection,Pluie forte,Autre collision,,,,,,,,,,,3,1,1,3.0,6.0
201700060471,0017-05-01 06:55:00,17,5,1,6,55,974,416,Route Nationale 1,21.30358,55.42729,Crépuscule ou aube,Hors agglomération,Hors intersection,Normale,Autre collision,,,,,,,,,,,2,1,1,1.0,6.0
201700060472,0017-09-04 18:55:00,17,9,4,18,55,974,416,Ancienne Rte Nationale,21.32001,55.44607,Nuit sans éclairage public,Hors agglomération,Hors intersection,Normale,Deux véhicules - arrière,,,,,,,,,,,3,1,1,1.0,2.0
201700060473,0017-09-05 17:45:00,17,9,5,17,45,974,416,RN3 (2),21.30011,55.50478,Plein jour,Hors agglomération,Hors intersection,Normale,Trois véhicules et plus - en chaîne,,,,,,,,,,,1,1,1,1.0,4.0
201700060474,0017-09-06 06:00:00,17,9,6,6,0,974,416,Rue du four à chaux,21.34172,55.47277,Crépuscule ou aube,En agglomération,Hors intersection,Normale,Deux véhicules - arrière,,,,,,,,,,,2,2,1,1.0,2.0
201700060475,0017-07-15 19:45:00,17,7,15,19,45,974,416,Route Nationale 2,21.32832,55.47064,Crépuscule ou aube,En agglomération,Hors intersection,Normale,Deux véhicules - arrière,,,,,,,,,,,2,2,1,1.0,2.0
201700060476,0017-07-03 16:15:00,17,7,3,16,15,974,416,45 Chemin Petit Frère,21.27688,55.49071,Plein jour,Hors agglomération,Hors intersection,Normale,Sans collision,,,,,,,,,,,1,1,1,1.0,7.0
201700060477,0017-09-06 20:00:00,17,9,6,20,0,974,416,"15, chemin Trois Mares",21.29878,55.44427,Nuit avec éclairage allumé,Hors agglomération,Intersection en T,Normale,Deux véhicules - côté,,,,,,,,,,,5,1,3,1.0,3.0
201700060478,0017-08-10 08:00:00,17,8,10,8,0,974,416,22 Chemin Maurice Thorez,21.27513,55.47093,Plein jour,En agglomération,Hors intersection,Normale,Sans collision,,,,,,,,,,,1,2,1,1.0,7.0
201700060479,0017-08-21 18:50:00,17,8,21,18,50,974,416,10 Allée Jacquot,21.32402,55.46735,Nuit sans éclairage public,Hors agglomération,Autre intersection,Normale,Sans collision,,,,,,,,,,,3,1,9,1.0,7.0
201700060480,0017-09-07 12:33:00,17,9,7,12,33,974,416,"3, Avenue de Soweto",21.34266,55.49078,Plein jour,Hors agglomération,Hors intersection,Normale,Autre collision,,,,,,,,,,,1,1,1,1.0,6.0
201700060481,0017-07-02 06:10:00,17,7,2,6,10,974,416,Rue Marius et Ary Leblon,21.33755,55.47414,Crépuscule ou aube,En agglomération,Hors intersection,Normale,Deux véhicules - arrière,,,,,,,,,,,2,2,1,1.0,2.0
201700060482,0017-07-24 16:20:00,17,7,24,16,20,974,416,10 Rue de la Poudrière,21.33487,55.44654,Plein jour,En agglomération,Hors intersection,Normale,Autre collision,,,,,,,,,,,1,2,1,1.0,6.0
201700060483,0017-09-11 13:35:00,17,9,11,13,35,974,416,Chemin Ligne des bambous,21.29797,55.48941,Plein jour,Hors agglomération,Hors intersection,Autre,Deux véhicules - frontale,,,,,,,,,,,1,1,1,9.0,1.0
201700060484,0017-08-31 13:35:00,17,8,31,13,35,974,416,37 Chemin Trois Mares,21.29691,55.44727,Plein jour,Hors agglomération,Hors intersection,Normale,Autre collision,,,,,,,,,,,1,1,1,1.0,6.0
201700060485,0017-09-12 20:00:00,17,9,12,20,0,974,416,187 Chemin Stéphane,21.2776,55.48604,Nuit avec éclairage allumé,Hors agglomération,Hors intersection,Normale,Deux véhicules - côté,,,,,,,,,,,5,1,1,1.0,3.0
201700060486,0017-07-22 08:53:00,17,7,22,8,53,974,416,Route Nationale 3,21.30884,55.49833,Plein jour,Hors agglomération,Hors intersection,Normale,Deux véhicules - arrière,,,,,,,,,,,1,1,1,1.0,2.0
201700060487,0017-07-27 14:30:00,17,7,27,14,30,974,416,"159, AUGUSTIN ARCHAMBAUD",,,Plein jour,En agglomération,Hors intersection,Normale,Deux véhicules - arrière,,,,,,,,,,,1,2,1,1.0,2.0
201700060488,0017-09-14 08:15:00,17,9,14,8,15,974,416,1 Chemin bassin plat,21.32521,55.48787,Plein jour,En agglomération,Hors intersection,Normale,Deux véhicules - côté,,,,,,,,,,,1,2,1,1.0,3.0
201700060489,0017-09-15 13:40:00,17,9,15,13,40,974,416,43 Av du Pdt Mitterand,21.34301,55.48159,Plein jour,En agglomération,Hors intersection,Normale,Deux véhicules - arrière,,,,,,,,,,,1,2,1,1.0,2.0
201700060490,0017-09-16 02:02:00,17,9,16,2,2,974,416,Route Nationale 3,21.32282,55.48164,Nuit sans éclairage public,Hors agglomération,Hors intersection,Normale,Sans collision,,,,,,,,,,,3,1,1,1.0,7.0
201700060491,0017-07-04 17:30:00,17,7,4,17,30,974,416,Route Départementale 26,21.29692,55.43997,Plein jour,En agglomération,Hors intersection,Normale,Sans collision,,,,,,,,,,,1,2,1,1.0,7.0
201700060492,0017-08-22 06:45:00,17,8,22,6,45,974,416,253 Allée des bois noirs,21.28387,55.46214,Plein jour,Hors agglomération,Hors intersection,Normale,Deux véhicules - frontale,,,,,,,,,,,1,1,1,1.0,1.0
201700060493,0017-09-21 17:10:00,17,9,21,17,10,974,416,447 Chemin Boissy,21.33737,55.51165,Plein jour,Hors agglomération,Hors intersection,Normale,Autre collision,,,,,,,,,,,1,1,1,1.0,6.0
201700060494,0017-09-22 20:20:00,17,9,22,20,20,974,416,Route Nationale 1,21.29908,55.42141,Nuit avec éclairage non allumé,Hors agglomération,Hors intersection,Normale,Trois véhicules et plus - collisions multiples,,,,,,,,,,,4,1,1,1.0,5.0
201700060495,0017-09-24 05:15:00,17,9,24,5,15,974,416,"63, RN1",21.32207,55.44628,Crépuscule ou aube,Hors agglomération,Hors intersection,Normale,Autre collision,,,,,,,,,,,2,1,1,1.0,6.0
201700060496,0017-09-26 19:25:00,17,9,26,19,25,974,416,6 Bd Hubert Delisle,21.34361,55.47665,Nuit avec éclairage allumé,En agglomération,Hors intersection,Normale,Autre collision,,,,,,,,,,,5,2,1,1.0,6.0
201700060497,0017-09-27 08:05:00,17,9,27,8,5,974,416,RN3 (3),21.31645,55.49106,Plein jour,Hors agglomération,Hors intersection,Normale,Deux véhicules - côté,,,,,,,,,,,1,1,1,1.0,3.0
201700060498,0017-09-28 06:30:00,17,9,28,6,30,974,416,51 Rue Youri Gagarine,21.32575,55.47938,Plein jour,En agglomération,Hors intersection,Normale,Deux véhicules - arrière,,,,,,,,,,,1,2,1,1.0,2.0
201700060499,0017-10-01 00:14:00,17,10,1,0,14,974,416,RN2 (1),,,Nuit sans éclairage public,Hors agglomération,Hors intersection,Pluie légère,Autre collision,,,,,,,,,,,3,1,1,2.0,6.0
201700060500,0017-10-03 08:20:00,17,10,3,8,20,974,416,HUBERT DE LISLE(BOULEVAR,21.34356,55.48693,Plein jour,En agglomération,Hors intersection,Normale,Autre collision,,,,,,,,,,,1,2,1,1.0,6.0
201700060501,0017-10-03 17:42:00,17,10,3,17,42,974,416,Rte de la Ligne Paradis,21.32171,55.48372,Plein jour,En agglomération,Hors intersection,Normale,Trois véhicules et plus - collisions multiples,,,,,,,,,,,1,2,1,1.0,5.0
201700060502,0017-10-04 06:40:00,17,10,4,6,40,974,416,258 Rue M et A Leblond,21.33515,55.4653,Plein jour,En agglomération,Hors intersection,Normale,Deux véhicules - côté,,,,,,,,,,,1,2,1,1.0,3.0
201700060503,0017-10-02 16:45:00,17,10,2,16,45,974,416,97 Avenue Pdt Mitterand,21.34721,55.49218,Plein jour,En agglomération,Hors intersection,Normale,Trois véhicules et plus - en chaîne,,,,,,,,,,,1,2,1,1.0,4.0
201700060504,0017-10-07 12:20:00,17,10,7,12,20,974,416,132 Rte Ligne Paradis,21.30886,55.46824,Plein jour,En agglomération,Hors intersection,Normale,Deux véhicules - arrière,,,,,,,,,,,1,2,1,1.0,2.0
201700060505,0017-10-11 13:15:00,17,10,11,13,15,974,416,1 Ch Roland Garros,21.35258,55.50968,Plein jour,En agglomération,Hors intersection,Normale,Deux véhicules - côté,,,,,,,,,,,1,2,1,1.0,3.0
201700060506,0017-10-14 04:20:00,17,10,14,4,20,974,416,37 Chemin Diagonale,21.3068,55.47121,Nuit avec éclairage allumé,En agglomération,Hors intersection,Normale,Sans collision,,,,,,,,,,,5,2,1,1.0,7.0
201700060507,0017-10-15 00:01:00,17,10,15,0,1,974,416,Bd Hubert de Lisle,21.34357,55.47839,Nuit sans éclairage public,En agglomération,Intersection en Y,Normale,Deux véhicules - côté,,,,,,,,,,,3,2,4,1.0,3.0
201700060508,0017-10-17 17:20:00,17,10,17,17,20,974,416,Route Nationale 1,21.31634,55.44252,Plein jour,Hors agglomération,Hors intersection,Normale,Trois véhicules et plus - en chaîne,,,,,,,,,,,1,1,1,1.0,4.0
201700060509,0017-10-19 14:50:00,17,10,19,14,50,974,416,501 Av Charles Isautier,21.31998,55.45101,Plein jour,Hors agglomération,Hors intersection,Normale,Sans collision,,,,,,,,,,,1,1,1,1.0,7.0
201700060510,0017-10-29 17:00:00,17,10,29,17,0,974,416,5 Rue des Casernes,21.33244,55.48036,Plein jour,Hors agglomération,Hors intersection,Temps éblouissant,Trois véhicules et plus - en chaîne,,,,,,,,,,,1,1,1,7.0,4.0
201700060511,0017-10-31 07:35:00,17,10,31,7,35,974,416,65 Rue du Père Lafosse,21.32812,55.48531,Plein jour,En agglomération,Hors intersection,Normale,Deux véhicules - frontale,,,,,,,,,,,1,2,1,1.0,1.0
201700060512,0017-11-03 14:30:00,17,11,3,14,30,974,416,"10, Rue du Four à Chaux",21.34201,55.47359,Plein jour,En agglomération,Intersection en X,Normale,Deux véhicules - côté,,,,,,,,,,,1,2,2,1.0,3.0
201700060513,0017-11-05 19:10:00,17,11,5,19,10,974,416,176 Allée des bois noirs,21.28883,55.45607,Nuit avec éclairage allumé,Hors agglomération,Hors intersection,Normale,Deux véhicules - arrière,,,,,,,,,,,5,1,1,1.0,2.0
201700060514,0017-11-06 17:50:00,17,11,6,17,50,974,416,"132, PRESIDENT MITTERAND",21.30001,55.40001,Plein jour,En agglomération,Hors intersection,Normale,Autre collision,,,,,,,,,,,1,2,1,1.0,6.0
201700060515,0017-11-07 02:20:00,17,11,7,2,20,974,416,Avenue Laurent Verges,21.29805,55.45818,Nuit avec éclairage allumé,En agglomération,Hors intersection,Normale,Sans collision,,,,,,,,,,,5,2,1,1.0,7.0
201700060516,0017-11-03 07:40:00,17,11,3,7,40,974,416,AUBEPINES (CHEMINS DES),,,Plein jour,Hors agglomération,Giratoire,Normale,Deux véhicules - arrière,,,,,,,,,,,1,1,6,1.0,2.0
201700060517,0017-11-07 17:30:00,17,11,7,17,30,974,416,1 rue Adrien Recherchant,21.28181,55.47461,Plein jour,Hors agglomération,Hors intersection,Normale,Autre collision,,,,,,,,,,,1,1,1,1.0,6.0
201700060518,0017-11-03 12:25:00,17,11,3,12,25,974,416,"15, RN1 (ROUTE NATIONALE",,,Plein jour,Hors agglomération,Hors intersection,Normale,Autre collision,,,,,,,,,,,1,1,1,1.0,6.0
201700060519,0017-11-11 13:15:00,17,11,11,13,15,974,416,25 Allée Ognard,21.31957,55.47825,Plein jour,En agglomération,Hors intersection,Normale,Autre collision,,,,,,,,,,,1,2,1,1.0,6.0
201700060520,0017-11-14 16:15:00,17,11,14,16,15,974,416,BANK(BOULEVARD),21.33102,55.47566,Plein jour,En agglomération,Giratoire,Normale,Sans collision,,,,,,,,,,,1,2,6,1.0,7.0
201700060521,0017-11-23 11:20:00,17,11,23,11,20,974,416,CD 26,21.29825,55.43833,Plein jour,Hors agglomération,Hors intersection,Normale,Deux véhicules - frontale,,,,,,,,,,,1,1,1,1.0,1.0
201700060522,0017-11-23 15:30:00,17,11,23,15,30,974,416,"2, RODIER (RUE)",21.33632,55.47789,Plein jour,En agglomération,Intersection en X,Normale,Deux véhicules - côté,,,,,,,,,,,1,2,2,1.0,3.0
201700060523,0017-11-25 10:15:00,17,11,25,10,15,974,416,"127, rue Archambaud",21.32741,55.4827,Plein jour,En agglomération,Hors intersection,Normale,Deux véhicules - côté,,,,,,,,,,,1,2,1,1.0,3.0
201700060524,0017-11-30 21:45:00,17,11,30,21,45,974,416,Rue Luc Lorion,21.33628,55.47042,Nuit avec éclairage allumé,En agglomération,Intersection en X,Normale,Deux véhicules - côté,,,,,,,,,,,5,2,2,1.0,3.0
201700060525,0017-12-02 15:10:00,17,12,2,15,10,974,416,"117, LEBLOND 1 (RUE MARI",20.89072,55.44919,Plein jour,En agglomération,Intersection en X,Normale,Deux véhicules - côté,,,,,,,,,,,1,2,2,1.0,3.0
201700060526,0017-12-04 06:20:00,17,12,4,6,20,974,416,RN3 (1),21.31101,55.49601,Plein jour,Hors agglomération,Hors intersection,Normale,Autre collision,,,,,,,,,,,1,1,1,1.0,6.0
201700060527,0017-12-04 15:40:00,17,12,4,15,40,974,416,38E Chemin Roland Garros,21.33758,55.53618,Plein jour,Hors agglomération,Hors intersection,Normale,Autre collision,,,,,,,,,,,1,1,1,1.0,6.0
201700060528,0017-12-05 17:10:00,17,12,5,17,10,974,416,Route Nationale 1,,,Plein jour,Hors agglomération,Hors intersection,Normale,Deux véhicules - arrière,,,,,,,,,,,1,1,1,1.0,2.0
201700060529,0017-12-07 14:30:00,17,12,7,14,30,974,416,"121, Av Général de Gaull",21.35628,55.51768,Plein jour,En agglomération,Hors intersection,Normale,Deux véhicules - arrière,,,,,,,,,,,1,2,1,1.0,2.0
201700060530,0017-07-28 21:45:00,17,7,28,21,45,974,416,KM3 (CHEMIN),21.31308,55.49488,Nuit sans éclairage public,Hors agglomération,Hors intersection,Normale,Sans collision,,,,,,,,,,,3,1,1,1.0,7.0
201700060531,0017-09-04 10:30:00,17,9,4,10,30,974,416,"54, LIGNE DES BAMBOUS(RO",,,Plein jour,En agglomération,Giratoire,Normale,Autre collision,,,,,,,,,,,1,2,6,1.0,6.0
201700060532,0017-12-01 17:30:00,17,12,1,17,30,974,416,RN3 (2),21.29265,55.49441,Plein jour,Hors agglomération,Hors intersection,Normale,Sans collision,,,,,,,,,,,1,1,1,1.0,7.0
201700060533,0017-12-12 07:30:00,17,12,12,7,30,974,416,2 Rue M et A Leblond,21.33336,55.45925,Plein jour,En agglomération,Hors intersection,Normale,Deux véhicules - côté,,,,,,,,,,,1,2,1,1.0,3.0
201700060534,0017-12-17 04:10:00,17,12,17,4,10,974,416,Rue Augustin Archambaud,21.33603,55.47921,Nuit avec éclairage allumé,En agglomération,Hors intersection,Normale,Autre collision,,,,,,,,,,,5,2,1,1.0,6.0
201700060535,0017-12-18 09:30:00,17,12,18,9,30,974,416,Route Nationale 1,21.30161,55.42509,Plein jour,Hors agglomération,Hors intersection,Normale,Trois véhicules et plus - en chaîne,,,,,,,,,,,1,1,1,1.0,4.0
201700060536,0017-12-17 11:30:00,17,12,17,11,30,974,416,"128, chemin boeuf",21.28874,55.46645,Plein jour,En agglomération,Hors intersection,Normale,Sans collision,,,,,,,,,,,1,2,1,1.0,7.0
201700060537,0017-12-18 17:20:00,17,12,18,17,20,974,416,"67, LEBLOND 1 (RUE MARIU",21.33001,55.47001,Plein jour,En agglomération,Autre intersection,Normale,Autre collision,,,,,,,,,,,1,2,9,1.0,6.0
201700060538,0017-12-16 07:00:00,17,12,16,7,0,974,416,Route Nationale 3,21.30694,55.49904,Crépuscule ou aube,Hors agglomération,Hors intersection,Pluie légère,Trois véhicules et plus - collisions multiples,,,,,,,,,,,2,1,1,2.0,5.0
201700060539,0017-12-19 22:10:00,17,12,19,22,10,974,416,"55, EQUERRE (LIGNE D')",21.29252,55.45809,Nuit sans éclairage public,En agglomération,Hors intersection,Normale,Autre collision,,,,,,,,,,,3,2,1,1.0,6.0
201700060540,0017-12-31 14:05:00,17,12,31,14,5,974,416,"71, LORION (RUE LUC)",21.33595,55.47026,Plein jour,En agglomération,Intersection en X,Normale,Deux véhicules - côté,,,,,,,,,,,1,2,2,1.0,3.0
201700060541,0017-12-02 02:52:00,17,12,2,2,52,976,611,m'tsapere-Nationale 2 (r,12.79468,45.21644,Nuit avec éclairage allumé,En agglomération,Hors intersection,Normale,Sans collision,,,,,,,,,,,5,2,1,1.0,7.0
201700060542,0017-12-12 15:54:00,17,12,12,15,54,976,611,kaweni-Nossi b (impasse,12.75607,45.23298,Plein jour,En agglomération,Hors intersection,Normale,Autre collision,,,,,,,,,,,1,2,1,1.0,6.0
201700060543,0017-12-02 06:30:00,17,12,2,6,30,976,611,"1, convalescence/vetiver",12.78082,45.22487,Crépuscule ou aube,En agglomération,Hors intersection,Normale,Autre collision,,,,,,,,,,,2,2,1,1.0,6.0
201700060544,0017-12-15 10:30:00,17,12,15,10,30,976,611,tsoundzou-Stara (rue),12.80708,45.20709,Plein jour,En agglomération,Hors intersection,Normale,Autre collision,,,,,,,,,,,1,2,1,1.0,6.0
201700060545,0017-12-15 15:20:00,17,12,15,15,20,976,611,vahibe-Departementale 3,12.78651,45.17486,Plein jour,En agglomération,Hors intersection,Normale,Autre collision,,,,,,,,,,,1,2,1,1.0,6.0
201700060546,0017-12-12 06:00:00,17,12,12,6,0,976,611,passamanty-Vahib ( rout,12.79364,45.19463,Nuit sans éclairage public,Hors agglomération,Hors intersection,Pluie forte,Sans collision,,,,,,,,,,,3,1,1,3.0,7.0
201700060547,0017-12-16 13:45:00,17,12,16,13,45,976,611,m'tsapere-M'tsapr- M't,12.79118,45.22033,Plein jour,En agglomération,Hors intersection,Normale,Autre collision,,,,,,,,,,,1,2,1,1.0,6.0
201700060548,0017-12-04 06:40:00,17,12,4,6,40,976,611,tsoundzou-Cadjifouteni (,12.80761,45.20519,Crépuscule ou aube,En agglomération,Intersection en T,Normale,Deux véhicules - côté,,,,,,,,,,,2,2,3,1.0,3.0
201700060549,0017-12-31 11:55:00,17,12,31,11,55,976,611,mamoudzou centre-Adrian,12.78138,45.23441,Plein jour,En agglomération,Hors intersection,Normale,Deux véhicules - arrière,,,,,,,,,,,1,2,1,1.0,2.0
201700060550,0017-12-05 07:30:00,17,12,5,7,30,976,611,"1, m'tsapere-Nationale 2",12.7912,45.22027,Crépuscule ou aube,En agglomération,Hors intersection,Pluie forte,Deux véhicules - frontale,,,,,,,,,,,2,2,1,3.0,1.0
201700060551,0017-01-02 07:45:00,17,1,2,7,45,976,611,tsoundzou-Kadjifouni ( r,,,Plein jour,En agglomération,Hors intersection,Normale,Deux véhicules - côté,,,,,,,,,,,1,2,1,1.0,3.0
201700060552,0017-12-31 13:00:00,17,12,31,13,0,976,611,kaweni-Europe (avenue),12.76981,45.22391,Plein jour,En agglomération,Hors intersection,Normale,Deux véhicules - arrière,,,,,,,,,,,1,2,1,1.0,2.0
201700060553,0017-01-05 19:30:00,17,1,5,19,30,976,611,passamanty-Vahib ( rout,,,Nuit sans éclairage public,Hors agglomération,Hors intersection,Normale,Sans collision,,,,,,,,,,,3,1,1,1.0,7.0
201700060554,0017-12-31 14:00:00,17,12,31,14,0,976,611,kaweni-Europe (avenue),12.76961,45.22395,Plein jour,En agglomération,Hors intersection,Normale,Deux véhicules - arrière,,,,,,,,,,,1,2,1,1.0,2.0
201700060555,0017-01-10 06:30:00,17,1,10,6,30,976,611,tsoundzou-Cadjifouteni (,,,Crépuscule ou aube,En agglomération,Hors intersection,Normale,Trois véhicules et plus - en chaîne,,,,,,,,,,,2,2,1,1.0,4.0
201700060556,0017-12-08 16:47:00,17,12,8,16,47,976,611,"1, passamanty-Vahib ( r",12.79504,45.19587,Crépuscule ou aube,Hors agglomération,Hors intersection,Normale,Deux véhicules - arrière,,,,,,,,,,,2,1,1,1.0,2.0
201700060557,0017-01-12 15:44:00,17,1,12,15,44,976,611,kaweni-Poste ( rue de la,,,Plein jour,En agglomération,Hors intersection,Normale,Autre collision,,,,,,,,,,,1,2,1,1.0,6.0
201700060558,0017-12-08 01:40:00,17,12,8,1,40,976,611,"1, kaweni-Kaweni sud  (Z",12.77654,45.22584,Nuit sans éclairage public,En agglomération,Hors intersection,Normale,Autre collision,,,,,,,,,,,3,2,1,1.0,6.0
201700060559,0017-01-14 08:20:00,17,1,14,8,20,976,611,mamoudzou centre-RP Pass,,,Plein jour,En agglomération,Hors intersection,Normale,Autre collision,,,,,,,,,,,1,2,1,1.0,6.0
201700060560,0017-01-15 15:10:00,17,1,15,15,10,976,611,kaweni-Kaweni nord ( Z I,,,Plein jour,En agglomération,Hors intersection,Normale,Deux véhicules - côté,,,,,,,,,,,1,2,1,1.0,3.0
201700060561,0017-01-14 10:30:00,17,1,14,10,30,976,611,kaweni-Europe (avenue),,,Plein jour,En agglomération,Hors intersection,Normale,Autre collision,,,,,,,,,,,1,2,1,1.0,6.0
201700060562,0017-01-22 18:40:00,17,1,22,18,40,976,611,cavani-Cavani (route de),,,Plein jour,En agglomération,Hors intersection,Normale,Autre collision,,,,,,,,,,,1,2,1,1.0,6.0
201700060563,0017-01-21 15:48:00,17,1,21,15,48,976,611,passamanty-Sada ( rue de,,,Plein jour,En agglomération,Hors intersection,Normale,Autre collision,,,,,,,,,,,1,2,1,1.0,6.0
201700060564,0017-01-01 22:25:00,17,1,1,22,25,976,611,doujani-Carrire ( rue d,,,Nuit sans éclairage public,En agglomération,Giratoire,Normale,Deux véhicules - côté,,,,,,,,,,,3,2,6,1.0,3.0
201700060565,0017-01-19 06:10:00,17,1,19,6,10,976,611,m'tsapere-M'tsapr- M't,,,Crépuscule ou aube,En agglomération,Hors intersection,Pluie légère,Deux véhicules - arrière,,,,,,,,,,,2,2,1,2.0,2.0
201700060566,0017-02-01 16:30:00,17,2,1,16,30,976,611,m'tsapere-Nationale 2 (r,12.78911,45.22435,Plein jour,En agglomération,Hors intersection,Normale,Deux véhicules - côté,,,,,,,,,,,1,2,1,1.0,3.0
201700060567,0017-02-16 15:40:00,17,2,16,15,40,976,611,mgombani-Mahabou (rue de,12.78288,45.23264,Plein jour,En agglomération,Hors intersection,Normale,Autre collision,,,,,,,,,,,1,2,1,1.0,6.0
201700060568,0017-12-28 22:53:00,17,12,28,22,53,976,611,kaweni-Foyer des jeunes,12.77416,45.22175,Nuit avec éclairage allumé,En agglomération,Hors intersection,Normale,Deux véhicules - frontale,,,,,,,,,,,5,2,1,1.0,1.0
201700060569,0017-02-10 07:35:00,17,2,10,7,35,976,611,passamanty-Vahib ( rout,12.801,45.20793,Plein jour,En agglomération,Intersection en T,Pluie légère,Autre collision,,,,,,,,,,,1,2,3,2.0,6.0
201700060570,0017-02-02 05:26:00,17,2,2,5,26,976,611,kaweni-Kaweni sud  (Z I),12.77584,45.22451,Crépuscule ou aube,En agglomération,Giratoire,Normale,Sans collision,,,,,,,,,,,2,2,6,1.0,7.0
201700060571,0017-02-09 10:38:00,17,2,9,10,38,976,611,passamanty-Vahib ( rout,12.80201,45.20796,Plein jour,En agglomération,Intersection en Y,Normale,Deux véhicules - arrière,,,,,,,,,,,1,2,4,1.0,2.0
201700060572,0017-02-06 09:35:00,17,2,6,9,35,976,611,mamoudzou centre-Adrian,,,Plein jour,En agglomération,Hors intersection,Pluie légère,Sans collision,,,,,,,,,,,1,2,1,2.0,7.0
201700060573,0017-02-15 18:15:00,17,2,15,18,15,976,611,mamoudzou centre-Adrian,,,Crépuscule ou aube,En agglomération,Hors intersection,Normale,Deux véhicules - côté,,,,,,,,,,,2,2,1,1.0,3.0
201700060574,0017-02-08 12:50:00,17,2,8,12,50,976,611,doujani-Mosque doujani,12.78939,45.21401,Plein jour,En agglomération,Hors intersection,Normale,Autre collision,,,,,,,,,,,1,2,1,1.0,6.0
201700060575,0017-02-03 17:15:00,17,2,3,17,15,976,611,m'tsapere-Nationale 2 (r,12.79018,45.22347,Crépuscule ou aube,En agglomération,Hors intersection,Normale,Autre collision,,,,,,,,,,,2,2,1,1.0,6.0
201700060576,0017-02-28 22:30:00,17,2,28,22,30,976,611,mamoudzou centre-Abdalla,12.78138,45.23001,Nuit avec éclairage allumé,En agglomération,Hors intersection,Normale,Deux véhicules - côté,,,,,,,,,,,5,2,1,1.0,3.0
201700060577,0017-02-28 17:09:00,17,2,28,17,9,976,611,mamoudzou centre-Pasky (,12.78073,45.22917,Crépuscule ou aube,En agglomération,Hors intersection,Normale,Autre collision,,,,,,,,,,,2,2,1,1.0,6.0
201700060578,0017-02-28 08:28:00,17,2,28,8,28,976,611,tsoundzou-Kwal ( route,12.81614,45.19913,Plein jour,En agglomération,Hors intersection,Normale,Autre collision,,,,,,,,,,,1,2,1,1.0,6.0
201700060579,0017-03-23 20:10:00,17,3,23,20,10,976,611,m'tsapere-Stade (Bouleva,12.7954,45.21586,Nuit sans éclairage public,En agglomération,Hors intersection,Normale,Deux véhicules - côté,,,,,,,,,,,3,2,1,1.0,3.0
201700060580,0017-03-21 12:50:00,17,3,21,12,50,976,611,mamoudzou centre-Interna,12.78099,45.22636,Plein jour,En agglomération,Hors intersection,Normale,Deux véhicules - côté,,,,,,,,,,,1,2,1,1.0,3.0
201700060581,0017-03-22 07:35:00,17,3,22,7,35,976,611,m'tsapere-Nationale 2 (r,12.79029,45.22486,Plein jour,En agglomération,Hors intersection,Normale,Sans collision,,,,,,,,,,,1,2,1,1.0,7.0
201700060582,0017-03-10 07:35:00,17,3,10,7,35,976,611,m'tsapere-Nationale 2 (r,12.79221,45.22101,Plein jour,En agglomération,Hors intersection,Normale,Deux véhicules - côté,,,,,,,,,,,1,2,1,1.0,3.0
201700060583,0017-05-26 09:26:00,17,5,26,9,26,976,611,kaweni-Kaweni nord ( Z I,12.7668,45.22476,Plein jour,En agglomération,Hors intersection,Normale,Autre collision,,,,,,,,,,,1,2,1,1.0,6.0